{
    "objectId": "ZTF18acrheel",
    "candidates": [
        {
            "candid": 694507476015015012,
            "jd": 2458449.0074769,
            "ra": 208.9154113,
            "dec": 58.043188,
            "fid": 2,
            "nid": 694,
            "magpsf": 18.04800033569336,
            "sigmapsf": 0.08946000039577484,
            "magnr": 20.211000442504883,
            "sigmagnr": 0.16300000250339508,
            "magzpsci": 26.04800033569336,
            "isdiffpos": "t",
            "ssdistnr": -999.0,
            "ssnamenr": "null",
            "drb": null
        },
        {
            "candid": 694554826015015011,
            "jd": 2458449.0548264,
            "ra": 208.9154366,
            "dec": 58.0432002,
            "fid": 2,
            "nid": 694,
            "magpsf": 17.957000732421875,
            "sigmapsf": 0.06708399951457977,
            "magnr": 20.211000442504883,
            "sigmagnr": 0.16300000250339508,
            "magzpsci": 26.066999435424805,
            "isdiffpos": "t",
            "ssdistnr": -999.0,
            "ssnamenr": "null",
            "drb": null
        },
        {
            "candid": 696488954815015020,
            "jd": 2458450.9889583,
            "ra": 208.9153399,
            "dec": 58.043202,
            "fid": 1,
            "nid": 696,
            "magpsf": 17.421600341796875,
            "sigmapsf": 0.05226200073957443,
            "magnr": 19.291000366210938,
            "sigmagnr": 0.08399999886751175,
            "magzpsci": 25.99959945678711,
            "isdiffpos": "t",
            "ssdistnr": -999.0,
            "ssnamenr": "null",
            "drb": null
        },
        {
            "candid": 711512614815015013,
            "jd": 2458466.0126157,
            "ra": 208.915444,
            "dec": 58.0432462,
            "fid": 2,
            "nid": 711,
            "magpsf": 20.12579917907715,
            "sigmapsf": 0.20641200244426727,
            "magnr": 18.851999282836914,
            "sigmagnr": 0.0820000022649765,
            "magzpsci": 26.006799697875977,
            "isdiffpos": "t",
            "ssdistnr": -999.0,
            "ssnamenr": "null",
            "drb": null
        },
        {
            "candid": 714537066015015015,
            "jd": 2458469.0370602,
            "ra": 208.9153563,
            "dec": 58.0432206,
            "fid": 2,
            "nid": 714,
            "magpsf": 20.257600784301758,
            "sigmapsf": 0.17703700065612793,
            "magnr": 20.211000442504883,
            "sigmagnr": 0.16300000250339508,
            "magzpsci": 26.09760093688965,
            "isdiffpos": "t",
            "ssdistnr": -999.0,
            "ssnamenr": "null",
            "drb": null
        },
        {
            "candid": 714547236015015056,
            "jd": 2458469.0472338,
            "ra": 208.9154038,
            "dec": 58.0431974,
            "fid": 1,
            "nid": 714,
            "magpsf": 20.099199295043945,
            "sigmapsf": 0.21714399755001068,
            "magnr": 20.381000518798828,
            "sigmagnr": 0.10100000351667404,
            "magzpsci": 26.19219970703125,
            "isdiffpos": "t",
            "ssdistnr": -999.0,
            "ssnamenr": "null",
            "drb": null
        },
        {
            "candid": 718533404815015020,
            "jd": 2458473.0334028,
            "ra": 208.9152398,
            "dec": 58.043162,
            "fid": 1,
            "nid": 718,
            "magpsf": 20.248600006103516,
            "sigmapsf": 0.20950199663639069,
            "magnr": 19.291000366210938,
            "sigmagnr": 0.08399999886751175,
            "magzpsci": 26.119600296020508,
            "isdiffpos": "t",
            "ssdistnr": -999.0,
            "ssnamenr": "null",
            "drb": null
        },
        {
            "jd": 2458429.04833,
            "fid": 1,
            "diffmaglim": 19.354000091552734
        },
        {
            "jd": 2458432.04259,
            "fid": 2,
            "diffmaglim": 19.167999267578125
        },
        {
            "jd": 2458442.00881,
            "fid": 1,
            "diffmaglim": 19.926000595092773
        },
        {
            "jd": 2458447.99374,
            "fid": 2,
            "diffmaglim": 19.118999481201172
        }
    ],
    "forcedphot": []
}