{
    "objectId": "ZTF19aatmkll",
    "candidates": [
        {
            "candid": 852323710515015004,
            "jd": 2458606.8237153,
            "ra": 277.6208594,
            "dec": 74.1210602,
            "fid": 2,
            "nid": 852,
            "magpsf": 19.026100158691406,
            "sigmapsf": 0.12975099682807922,
            "magnr": 17.18899917602539,
            "sigmagnr": 0.07400000095367432,
            "magzpsci": 26.107099533081055,
            "isdiffpos": "t",
            "ssdistnr": -999.0,
            "ssnamenr": "null",
            "drb": null
        },
        {
            "candid": 852469940515015010,
            "jd": 2458606.9699421,
            "ra": 277.6209917,
            "dec": 74.1210581,
            "fid": 1,
            "nid": 852,
            "magpsf": 18.79010009765625,
            "sigmapsf": 0.07961300015449524,
            "magnr": 18.749000549316406,
            "sigmagnr": 0.11699999868869781,
            "magzpsci": 26.21310043334961,
            "isdiffpos": "t",
            "ssdistnr": -999.0,
            "ssnamenr": "null",
            "drb": null
        },
        {
            "candid": 863347100515015004,
            "jd": 2458617.8471065,
            "ra": 277.6209384,
            "dec": 74.1210701,
            "fid": 2,
            "nid": 863,
            "magpsf": 17.31920051574707,
            "sigmapsf": 0.04442499950528145,
            "magnr": 17.18899917602539,
            "sigmagnr": 0.07400000095367432,
            "magzpsci": 26.136199951171875,
            "isdiffpos": "t",
            "ssdistnr": -999.0,
            "ssnamenr": "null",
            "drb": null
        },
        {
            "candid": 863392830515015002,
            "jd": 2458617.8928356,
            "ra": 277.6209759,
            "dec": 74.1210222,
            "fid": 1,
            "nid": 863,
            "magpsf": 17.246000289916992,
            "sigmapsf": 0.03826899826526642,
            "magnr": 18.749000549316406,
            "sigmagnr": 0.11699999868869781,
            "magzpsci": 26.18400001525879,
            "isdiffpos": "t",
            "ssdistnr": -999.0,
            "ssnamenr": "null",
            "drb": null
        },
        {
            "candid": 874449020515015007,
            "jd": 2458628.9490278,
            "ra": 277.6210055,
            "dec": 74.1210328,
            "fid": 1,
            "nid": 874,
            "magpsf": 18.488500595092773,
            "sigmapsf": 0.08476100116968155,
            "magnr": 18.749000549316406,
            "sigmagnr": 0.11699999868869781,
            "magzpsci": 26.173500061035156,
            "isdiffpos": "t",
            "ssdistnr": -999.0,
            "ssnamenr": "null",
            "drb": null
        },
        {
            "candid": 880344560515015005,
            "jd": 2458634.8445602,
            "ra": 277.6210332,
            "dec": 74.1210757,
            "fid": 2,
            "nid": 880,
            "magpsf": 18.84869956970215,
            "sigmapsf": 0.08271899819374084,
            "magnr": 17.18899917602539,
            "sigmagnr": 0.07400000095367432,
            "magzpsci": 26.108699798583984,
            "isdiffpos": "t",
            "ssdistnr": -999.0,
            "ssnamenr": "null",
            "drb": null
        },
        {
            "candid": 880457950515015005,
            "jd": 2458634.9579514,
            "ra": 277.6210417,
            "dec": 74.1210421,
            "fid": 1,
            "nid": 880,
            "magpsf": 18.799299240112305,
            "sigmapsf": 0.07265099883079529,
            "magnr": 18.749000549316406,
            "sigmagnr": 0.11699999868869781,
            "magzpsci": 26.181299209594727,
            "isdiffpos": "t",
            "ssdistnr": -999.0,
            "ssnamenr": "null",
            "drb": null
        },
        {
            "candid": 883323310515015006,
            "jd": 2458637.8233102,
            "ra": 277.6210212,
            "dec": 74.1210393,
            "fid": 2,
            "nid": 883,
            "magpsf": 18.91230010986328,
            "sigmapsf": 0.08923500031232834,
            "magnr": 17.18899917602539,
            "sigmagnr": 0.07400000095367432,
            "magzpsci": 26.124300003051758,
            "isdiffpos": "t",
            "ssdistnr": -999.0,
            "ssnamenr": "null",
            "drb": null
        },
        {
            "candid": 883449280515015003,
            "jd": 2458637.9492824,
            "ra": 277.621003,
            "dec": 74.1210474,
            "fid": 1,
            "nid": 883,
            "magpsf": 18.867300033569336,
            "sigmapsf": 0.08534800261259079,
            "magnr": 18.749000549316406,
            "sigmagnr": 0.11699999868869781,
            "magzpsci": 26.18630027770996,
            "isdiffpos": "t",
            "ssdistnr": -999.0,
            "ssnamenr": "null",
            "drb": null
        },
        {
            "candid": 886263800515015001,
            "jd": 2458640.7638079,
            "ra": 277.6209178,
            "dec": 74.1210427,
            "fid": 2,
            "nid": 886,
            "magpsf": 19.060199737548828,
            "sigmapsf": 0.09506300091743469,
            "magnr": 17.18899917602539,
            "sigmagnr": 0.07400000095367432,
            "magzpsci": 26.11720085144043,
            "isdiffpos": "t",
            "ssdistnr": -999.0,
            "ssnamenr": "null",
            "drb": null
        },
        {
            "candid": 886349060515015005,
            "jd": 2458640.8490625,
            "ra": 277.6210462,
            "dec": 74.1210581,
            "fid": 1,
            "nid": 886,
            "magpsf": 19.062999725341797,
            "sigmapsf": 0.09090500324964523,
            "magnr": 18.749000549316406,
            "sigmagnr": 0.11699999868869781,
            "magzpsci": 26.20800018310547,
            "isdiffpos": "t",
            "ssdistnr": -999.0,
            "ssnamenr": "null",
            "drb": null
        },
        {
            "candid": 889266090515015003,
            "jd": 2458643.7660995,
            "ra": 277.6209625,
            "dec": 74.1210848,
            "fid": 2,
            "nid": 889,
            "magpsf": 19.192699432373047,
            "sigmapsf": 0.09485399723052979,
            "magnr": 17.18899917602539,
            "sigmagnr": 0.07400000095367432,
            "magzpsci": 26.167699813842773,
            "isdiffpos": "t",
            "ssdistnr": -999.0,
            "ssnamenr": "null",
            "drb": null
        },
        {
            "candid": 889342550515015003,
            "jd": 2458643.8425579,
            "ra": 277.6209104,
            "dec": 74.1210053,
            "fid": 1,
            "nid": 889,
            "magpsf": 19.086000442504883,
            "sigmapsf": 0.07955600321292877,
            "magnr": 18.749000549316406,
            "sigmagnr": 0.11699999868869781,
            "magzpsci": 26.25,
            "isdiffpos": "t",
            "ssdistnr": -999.0,
            "ssnamenr": "null",
            "drb": null
        },
        {
            "candid": 892298480515015004,
            "jd": 2458646.7984838,
            "ra": 277.6210745,
            "dec": 74.1210466,
            "fid": 2,
            "nid": 892,
            "magpsf": 19.374000549316406,
            "sigmapsf": 0.13956500589847565,
            "magnr": 17.18899917602539,
            "sigmagnr": 0.07400000095367432,
            "magzpsci": 26.007999420166016,
            "isdiffpos": "t",
            "ssdistnr": -999.0,
            "ssnamenr": "null",
            "drb": null
        },
        {
            "candid": 892412010515015007,
            "jd": 2458646.9120139,
            "ra": 277.62099,
            "dec": 74.1210317,
            "fid": 1,
            "nid": 892,
            "magpsf": 19.188199996948242,
            "sigmapsf": 0.09662900120019913,
            "magnr": 18.749000549316406,
            "sigmagnr": 0.11699999868869781,
            "magzpsci": 26.118200302124023,
            "isdiffpos": "t",
            "ssdistnr": -999.0,
            "ssnamenr": "null",
            "drb": null
        },
        {
            "candid": 895389840515015009,
            "jd": 2458649.8898495,
            "ra": 277.621017,
            "dec": 74.1210843,
            "fid": 1,
            "nid": 895,
            "magpsf": 19.193700790405273,
            "sigmapsf": 0.14847899973392487,
            "magnr": 18.749000549316406,
            "sigmagnr": 0.11699999868869781,
            "magzpsci": 26.209699630737305,
            "isdiffpos": "t",
            "ssdistnr": -999.0,
            "ssnamenr": "null",
            "drb": null
        },
        {
            "candid": 898219800515015003,
            "jd": 2458652.7198032,
            "ra": 277.621065,
            "dec": 74.1210485,
            "fid": 1,
            "nid": 898,
            "magpsf": 19.256500244140625,
            "sigmapsf": 0.17983600497245789,
            "magnr": 18.749000549316406,
            "sigmagnr": 0.11699999868869781,
            "magzpsci": 26.15850067138672,
            "isdiffpos": "t",
            "ssdistnr": -999.0,
            "ssnamenr": "-999.0",
            "drb": null
        },
        {
            "candid": 898340780515015003,
            "jd": 2458652.840787,
            "ra": 277.6209851,
            "dec": 74.1210538,
            "fid": 2,
            "nid": 898,
            "magpsf": 19.451099395751953,
            "sigmapsf": 0.13847699761390686,
            "magnr": 17.18899917602539,
            "sigmagnr": 0.07400000095367432,
            "magzpsci": 26.151100158691406,
            "isdiffpos": "t",
            "ssdistnr": -999.0,
            "ssnamenr": "null",
            "drb": null
        },
        {
            "candid": 900306590515015007,
            "jd": 2458654.8065972,
            "ra": 277.6210472,
            "dec": 74.1210222,
            "fid": 1,
            "nid": 900,
            "magpsf": 19.4783992767334,
            "sigmapsf": 0.18522900342941284,
            "magnr": 18.749000549316406,
            "sigmagnr": 0.11699999868869781,
            "magzpsci": 26.181400299072266,
            "isdiffpos": "t",
            "ssdistnr": -999.0,
            "ssnamenr": "null",
            "drb": null
        },
        {
            "candid": 911221670515015011,
            "jd": 2458665.7216782,
            "ra": 277.6210355,
            "dec": 74.1210261,
            "fid": 1,
            "nid": 911,
            "magpsf": 19.667800903320312,
            "sigmapsf": 0.12210000306367874,
            "magnr": 18.749000549316406,
            "sigmagnr": 0.11699999868869781,
            "magzpsci": 26.236799240112305,
            "isdiffpos": "t",
            "ssdistnr": -999.0,
            "ssnamenr": "-999.0",
            "drb": null
        },
        {
            "candid": 920322380515015005,
            "jd": 2458674.8223843,
            "ra": 277.6209156,
            "dec": 74.1210465,
            "fid": 1,
            "nid": 920,
            "magpsf": 20.0841007232666,
            "sigmapsf": 0.17424799501895905,
            "magnr": 18.749000549316406,
            "sigmagnr": 0.11699999868869781,
            "magzpsci": 26.234100341796875,
            "isdiffpos": "t",
            "ssdistnr": -999.0,
            "ssnamenr": "null",
            "drb": null
        },
        {
            "jd": 2458577.91341,
            "fid": 2,
            "diffmaglim": 17.36400032043457
        },
        {
            "jd": 2458581.82498,
            "fid": 1,
            "diffmaglim": 20.312999725341797
        },
        {
            "jd": 2458581.9106,
            "fid": 2,
            "diffmaglim": 19.76099967956543
        },
        {
            "jd": 2458585.84089,
            "fid": 2,
            "diffmaglim": 16.214000701904297
        },
        {
            "jd": 2458588.80666,
            "fid": 1,
            "diffmaglim": 18.854999542236328
        },
        {
            "jd": 2458588.8864,
            "fid": 2,
            "diffmaglim": 19.812000274658203
        },
        {
            "jd": 2458591.9508,
            "fid": 2,
            "diffmaglim": 19.527000427246094
        },
        {
            "jd": 2458594.77884,
            "fid": 1,
            "diffmaglim": 19.066999435424805
        },
        {
            "jd": 2458597.94478,
            "fid": 2,
            "diffmaglim": 20.219999313354492
        },
        {
            "jd": 2458649.80361,
            "fid": 2,
            "diffmaglim": 19.736000061035156
        }
    ],
    "forcedphot": []
}