{
    "objectId": "ZTF19abobxik",
    "candidates": [
        {
            "candid": 949429671115015008,
            "jd": 2458703.9296759,
            "ra": 10.9296447,
            "dec": 37.0608299,
            "fid": 2,
            "nid": 949,
            "magpsf": 19.542999267578125,
            "sigmapsf": 0.1031700000166893,
            "magnr": 20.687999725341797,
            "sigmagnr": 0.08799999952316284,
            "magzpsci": 26.083999633789062,
            "isdiffpos": "t",
            "ssdistnr": -999.0,
            "ssnamenr": "null",
            "drb": null
        },
        {
            "candid": 949472911115015024,
            "jd": 2458703.9729167,
            "ra": 10.9296634,
            "dec": 37.0608227,
            "fid": 1,
            "nid": 949,
            "magpsf": 19.413999557495117,
            "sigmapsf": 0.09185700118541718,
            "magnr": 21.242000579833984,
            "sigmagnr": 0.0689999982714653,
            "magzpsci": 26.229999542236328,
            "isdiffpos": "t",
            "ssdistnr": -999.0,
            "ssnamenr": "null",
            "drb": null
        },
        {
            "candid": 952408131115015002,
            "jd": 2458706.9081366,
            "ra": 10.9296826,
            "dec": 37.060841,
            "fid": 2,
            "nid": 952,
            "magpsf": 19.104299545288086,
            "sigmapsf": 0.07864300161600113,
            "magnr": 20.687999725341797,
            "sigmagnr": 0.08799999952316284,
            "magzpsci": 26.124300003051758,
            "isdiffpos": "t",
            "ssdistnr": -999.0,
            "ssnamenr": "null",
            "drb": null
        },
        {
            "candid": 952451791115015019,
            "jd": 2458706.951794,
            "ra": 10.9296612,
            "dec": 37.0608389,
            "fid": 1,
            "nid": 952,
            "magpsf": 19.00979995727539,
            "sigmapsf": 0.0783270001411438,
            "magnr": 21.242000579833984,
            "sigmagnr": 0.0689999982714653,
            "magzpsci": 26.247800827026367,
            "isdiffpos": "t",
            "ssdistnr": -999.0,
            "ssnamenr": "null",
            "drb": null
        },
        {
            "candid": 955483781115015007,
            "jd": 2458709.9837847,
            "ra": 10.929678,
            "dec": 37.0608358,
            "fid": 1,
            "nid": 955,
            "magpsf": 19.246200561523438,
            "sigmapsf": 0.11562199890613556,
            "magnr": 21.242000579833984,
            "sigmagnr": 0.0689999982714653,
            "magzpsci": 26.287200927734375,
            "isdiffpos": "t",
            "ssdistnr": -999.0,
            "ssnamenr": "null",
            "drb": null
        },
        {
            "candid": 961423871115015011,
            "jd": 2458715.9238773,
            "ra": 10.9296994,
            "dec": 37.0609108,
            "fid": 2,
            "nid": 961,
            "magpsf": 20.16390037536621,
            "sigmapsf": 0.2327200025320053,
            "magnr": 20.687999725341797,
            "sigmagnr": 0.08799999952316284,
            "magzpsci": 26.123899459838867,
            "isdiffpos": "t",
            "ssdistnr": -999.0,
            "ssnamenr": "-999.0",
            "drb": null
        },
        {
            "candid": 964408171115015006,
            "jd": 2458718.9081713,
            "ra": 10.9298106,
            "dec": 37.0606914,
            "fid": 1,
            "nid": 964,
            "magpsf": 20.436100006103516,
            "sigmapsf": 0.29429900646209717,
            "magnr": 21.242000579833984,
            "sigmagnr": 0.0689999982714653,
            "magzpsci": 26.30109977722168,
            "isdiffpos": "t",
            "ssdistnr": -999.0,
            "ssnamenr": "-999.0",
            "drb": null
        },
        {
            "candid": 964473581115015009,
            "jd": 2458718.973588,
            "ra": 10.9296578,
            "dec": 37.0608536,
            "fid": 2,
            "nid": 964,
            "magpsf": 20.286399841308594,
            "sigmapsf": 0.20431199669837952,
            "magnr": 20.687999725341797,
            "sigmagnr": 0.08799999952316284,
            "magzpsci": 26.106399536132812,
            "isdiffpos": "t",
            "ssdistnr": -999.0,
            "ssnamenr": "null",
            "drb": 0.9998980164527893
        },
        {
            "jd": 2458674.95509,
            "fid": 1,
            "diffmaglim": 20.79599952697754
        },
        {
            "jd": 2458674.97684,
            "fid": 2,
            "diffmaglim": 20.625
        },
        {
            "jd": 2458677.97514,
            "fid": 1,
            "diffmaglim": 20.77400016784668
        },
        {
            "jd": 2458677.98843,
            "fid": 2,
            "diffmaglim": 20.23900032043457
        },
        {
            "jd": 2458680.92535,
            "fid": 2,
            "diffmaglim": 19.860000610351562
        },
        {
            "jd": 2458680.97928,
            "fid": 1,
            "diffmaglim": 19.687000274658203
        },
        {
            "jd": 2458683.94403,
            "fid": 2,
            "diffmaglim": 20.051000595092773
        },
        {
            "jd": 2458683.97278,
            "fid": 1,
            "diffmaglim": 19.788000106811523
        },
        {
            "jd": 2458686.90541,
            "fid": 2,
            "diffmaglim": 19.902999877929688
        },
        {
            "jd": 2458686.98341,
            "fid": 1,
            "diffmaglim": 19.916000366210938
        },
        {
            "jd": 2458690.93531,
            "fid": 2,
            "diffmaglim": 20.4689998626709
        },
        {
            "jd": 2458690.95025,
            "fid": 1,
            "diffmaglim": 20.50200080871582
        },
        {
            "jd": 2458693.93626,
            "fid": 1,
            "diffmaglim": 20.947999954223633
        },
        {
            "jd": 2458693.96882,
            "fid": 2,
            "diffmaglim": 20.77199935913086
        },
        {
            "jd": 2458696.92767,
            "fid": 1,
            "diffmaglim": 20.85700035095215
        },
        {
            "jd": 2458696.97091,
            "fid": 2,
            "diffmaglim": 20.804000854492188
        },
        {
            "jd": 2458699.88275,
            "fid": 2,
            "diffmaglim": 20.62700080871582
        },
        {
            "jd": 2458699.94988,
            "fid": 1,
            "diffmaglim": 20.930999755859375
        }
    ],
    "forcedphot": []
}