{
    "objectId": "ZTF19abamqxo",
    "candidates": [
        {
            "candid": 903436312115015015,
            "jd": 2458657.9363194,
            "ra": 1.5776236,
            "dec": 25.4626407,
            "fid": 2,
            "nid": 903,
            "magpsf": 19.28380012512207,
            "sigmapsf": 0.11700200289487839,
            "magnr": 20.97800064086914,
            "sigmagnr": 0.0989999994635582,
            "magzpsci": 26.150800704956055,
            "isdiffpos": "t",
            "ssdistnr": -999.0,
            "ssnamenr": "null",
            "drb": null
        },
        {
            "candid": 906457212115015005,
            "jd": 2458660.9572106,
            "ra": 1.5776822,
            "dec": 25.4626934,
            "fid": 1,
            "nid": 906,
            "magpsf": 18.19219970703125,
            "sigmapsf": 0.06344900280237198,
            "magnr": 21.297000885009766,
            "sigmagnr": 0.07999999821186066,
            "magzpsci": 26.164199829101562,
            "isdiffpos": "t",
            "ssdistnr": -999.0,
            "ssnamenr": "null",
            "drb": null
        },
        {
            "candid": 909461362115015019,
            "jd": 2458663.9613657,
            "ra": 1.5776902,
            "dec": 25.4626753,
            "fid": 1,
            "nid": 909,
            "magpsf": 17.938199996948242,
            "sigmapsf": 0.06641799956560135,
            "magnr": 21.297000885009766,
            "sigmagnr": 0.07999999821186066,
            "magzpsci": 25.94420051574707,
            "isdiffpos": "t",
            "ssdistnr": -999.0,
            "ssnamenr": "null",
            "drb": null
        },
        {
            "candid": 912436992115015012,
            "jd": 2458666.9369907,
            "ra": 1.5776864,
            "dec": 25.4626787,
            "fid": 2,
            "nid": 912,
            "magpsf": 18.042800903320312,
            "sigmapsf": 0.04496600106358528,
            "magnr": 20.97800064086914,
            "sigmagnr": 0.0989999994635582,
            "magzpsci": 26.170799255371094,
            "isdiffpos": "t",
            "ssdistnr": -999.0,
            "ssnamenr": "null",
            "drb": null
        },
        {
            "candid": 915420632115015008,
            "jd": 2458669.9206366,
            "ra": 1.5776945,
            "dec": 25.4626768,
            "fid": 2,
            "nid": 915,
            "magpsf": 18.20669937133789,
            "sigmapsf": 0.06667300313711166,
            "magnr": 20.97800064086914,
            "sigmagnr": 0.0989999994635582,
            "magzpsci": 26.172700881958008,
            "isdiffpos": "t",
            "ssdistnr": -999.0,
            "ssnamenr": "null",
            "drb": null
        },
        {
            "candid": 915463362115015014,
            "jd": 2458669.9633681,
            "ra": 1.5777018,
            "dec": 25.4626748,
            "fid": 1,
            "nid": 915,
            "magpsf": 18.281299591064453,
            "sigmapsf": 0.07587499916553497,
            "magnr": 21.297000885009766,
            "sigmagnr": 0.07999999821186066,
            "magzpsci": 26.180299758911133,
            "isdiffpos": "t",
            "ssdistnr": -999.0,
            "ssnamenr": "null",
            "drb": null
        },
        {
            "candid": 918429162115015040,
            "jd": 2458672.9291667,
            "ra": 1.5776465,
            "dec": 25.4626518,
            "fid": 1,
            "nid": 918,
            "magpsf": 18.47719955444336,
            "sigmapsf": 0.08409100025892258,
            "magnr": 21.297000885009766,
            "sigmagnr": 0.07999999821186066,
            "magzpsci": 26.1481990814209,
            "isdiffpos": "t",
            "ssdistnr": -999.0,
            "ssnamenr": "null",
            "drb": null
        },
        {
            "candid": 918465302115015012,
            "jd": 2458672.9653009,
            "ra": 1.5776907,
            "dec": 25.4626807,
            "fid": 2,
            "nid": 918,
            "magpsf": 18.525999069213867,
            "sigmapsf": 0.05595000088214874,
            "magnr": 20.97800064086914,
            "sigmagnr": 0.0989999994635582,
            "magzpsci": 26.179000854492188,
            "isdiffpos": "t",
            "ssdistnr": -999.0,
            "ssnamenr": "null",
            "drb": null
        },
        {
            "candid": 919485772115015005,
            "jd": 2458673.9857755,
            "ra": 1.5776708,
            "dec": 25.4627149,
            "fid": 1,
            "nid": 919,
            "magpsf": 18.536399841308594,
            "sigmapsf": 0.08910199999809265,
            "magnr": 21.297000885009766,
            "sigmagnr": 0.07999999821186066,
            "magzpsci": 26.21739959716797,
            "isdiffpos": "t",
            "ssdistnr": -999.0,
            "ssnamenr": "null",
            "drb": null
        },
        {
            "candid": 921450182115015020,
            "jd": 2458675.9501852,
            "ra": 1.577682,
            "dec": 25.4626807,
            "fid": 1,
            "nid": 921,
            "magpsf": 18.68239974975586,
            "sigmapsf": 0.07927700132131577,
            "magnr": 21.297000885009766,
            "sigmagnr": 0.07999999821186066,
            "magzpsci": 26.175399780273438,
            "isdiffpos": "t",
            "ssdistnr": -999.0,
            "ssnamenr": "null",
            "drb": null
        },
        {
            "candid": 924450722115015021,
            "jd": 2458678.9507292,
            "ra": 1.5776867,
            "dec": 25.4626921,
            "fid": 1,
            "nid": 924,
            "magpsf": 18.94610023498535,
            "sigmapsf": 0.09309300035238266,
            "magnr": 21.297000885009766,
            "sigmagnr": 0.07999999821186066,
            "magzpsci": 26.199100494384766,
            "isdiffpos": "t",
            "ssdistnr": -999.0,
            "ssnamenr": "null",
            "drb": null
        },
        {
            "candid": 924475382115015016,
            "jd": 2458678.9753819,
            "ra": 1.5776901,
            "dec": 25.4626938,
            "fid": 2,
            "nid": 924,
            "magpsf": 19.033000946044922,
            "sigmapsf": 0.0795309990644455,
            "magnr": 20.97800064086914,
            "sigmagnr": 0.0989999994635582,
            "magzpsci": 26.194000244140625,
            "isdiffpos": "t",
            "ssdistnr": -999.0,
            "ssnamenr": "null",
            "drb": null
        },
        {
            "candid": 927441722115015007,
            "jd": 2458681.9417245,
            "ra": 1.5776646,
            "dec": 25.462652,
            "fid": 2,
            "nid": 927,
            "magpsf": 19.236000061035156,
            "sigmapsf": 0.11583899706602097,
            "magnr": 20.97800064086914,
            "sigmagnr": 0.0989999994635582,
            "magzpsci": 26.198999404907227,
            "isdiffpos": "t",
            "ssdistnr": -999.0,
            "ssnamenr": "null",
            "drb": null
        },
        {
            "candid": 927465982115015008,
            "jd": 2458681.9659838,
            "ra": 1.577635,
            "dec": 25.4626905,
            "fid": 1,
            "nid": 927,
            "magpsf": 19.122499465942383,
            "sigmapsf": 0.17667199671268463,
            "magnr": 21.297000885009766,
            "sigmagnr": 0.07999999821186066,
            "magzpsci": 26.2185001373291,
            "isdiffpos": "t",
            "ssdistnr": -999.0,
            "ssnamenr": "null",
            "drb": null
        },
        {
            "candid": 930421582115015007,
            "jd": 2458684.9215856,
            "ra": 1.577737,
            "dec": 25.4625771,
            "fid": 1,
            "nid": 930,
            "magpsf": 19.301700592041016,
            "sigmapsf": 0.2054699957370758,
            "magnr": 21.297000885009766,
            "sigmagnr": 0.07999999821186066,
            "magzpsci": 26.193700790405273,
            "isdiffpos": "t",
            "ssdistnr": -999.0,
            "ssnamenr": "null",
            "drb": null
        },
        {
            "candid": 934442632115015008,
            "jd": 2458688.9426389,
            "ra": 1.5776788,
            "dec": 25.4626594,
            "fid": 1,
            "nid": 934,
            "magpsf": 19.744300842285156,
            "sigmapsf": 0.14566799998283386,
            "magnr": 21.297000885009766,
            "sigmagnr": 0.07999999821186066,
            "magzpsci": 26.172300338745117,
            "isdiffpos": "t",
            "ssdistnr": -999.0,
            "ssnamenr": "-999.0",
            "drb": null
        },
        {
            "candid": 936485252115015007,
            "jd": 2458690.9852546,
            "ra": 1.5777269,
            "dec": 25.4626155,
            "fid": 1,
            "nid": 936,
            "magpsf": 19.882600784301758,
            "sigmapsf": 0.15681399405002594,
            "magnr": 21.297000885009766,
            "sigmagnr": 0.07999999821186066,
            "magzpsci": 26.111600875854492,
            "isdiffpos": "t",
            "ssdistnr": -999.0,
            "ssnamenr": "null",
            "drb": null
        },
        {
            "candid": 937404152115015012,
            "jd": 2458691.9041551,
            "ra": 1.5776289,
            "dec": 25.4627018,
            "fid": 2,
            "nid": 937,
            "magpsf": 20.09429931640625,
            "sigmapsf": 0.17050600051879883,
            "magnr": 20.97800064086914,
            "sigmagnr": 0.0989999994635582,
            "magzpsci": 26.12929916381836,
            "isdiffpos": "t",
            "ssdistnr": -999.0,
            "ssnamenr": "null",
            "drb": null
        },
        {
            "candid": 937455352115015016,
            "jd": 2458691.9553588,
            "ra": 1.577709,
            "dec": 25.4627464,
            "fid": 1,
            "nid": 937,
            "magpsf": 19.951200485229492,
            "sigmapsf": 0.15125200152397156,
            "magnr": 21.297000885009766,
            "sigmagnr": 0.07999999821186066,
            "magzpsci": 26.154199600219727,
            "isdiffpos": "t",
            "ssdistnr": -999.0,
            "ssnamenr": "null",
            "drb": null
        },
        {
            "candid": 940402962115015013,
            "jd": 2458694.902963,
            "ra": 1.5777071,
            "dec": 25.4626991,
            "fid": 2,
            "nid": 940,
            "magpsf": 20.149700164794922,
            "sigmapsf": 0.15062299370765686,
            "magnr": 20.97800064086914,
            "sigmagnr": 0.0989999994635582,
            "magzpsci": 26.180700302124023,
            "isdiffpos": "t",
            "ssdistnr": -999.0,
            "ssnamenr": "null",
            "drb": null
        },
        {
            "candid": 940418932115015017,
            "jd": 2458694.9189352,
            "ra": 1.5776937,
            "dec": 25.4626979,
            "fid": 1,
            "nid": 940,
            "magpsf": 20.16939926147461,
            "sigmapsf": 0.16475099325180054,
            "magnr": 21.297000885009766,
            "sigmagnr": 0.07999999821186066,
            "magzpsci": 26.252399444580078,
            "isdiffpos": "t",
            "ssdistnr": -999.0,
            "ssnamenr": "null",
            "drb": null
        },
        {
            "jd": 2458636.92348,
            "fid": 2,
            "diffmaglim": 20.159000396728516
        },
        {
            "jd": 2458641.94668,
            "fid": 1,
            "diffmaglim": 20.513999938964844
        },
        {
            "jd": 2458644.94856,
            "fid": 1,
            "diffmaglim": 20.3439998626709
        },
        {
            "jd": 2458647.97251,
            "fid": 1,
            "diffmaglim": 20.06399917602539
        },
        {
            "jd": 2458650.93744,
            "fid": 2,
            "diffmaglim": 19.836999893188477
        },
        {
            "jd": 2458653.88127,
            "fid": 1,
            "diffmaglim": 18.888999938964844
        },
        {
            "jd": 2458653.94478,
            "fid": 2,
            "diffmaglim": 19.774999618530273
        },
        {
            "jd": 2458691.99197,
            "fid": 1,
            "diffmaglim": 20.325000762939453
        }
    ],
    "forcedphot": []
}