{
    "objectId": "ZTF18abqbuaj",
    "candidates": [
        {
            "candid": 603396686015015004,
            "jd": 2458357.8966898,
            "ra": 20.2536554,
            "dec": -13.8629911,
            "fid": 2,
            "nid": 603,
            "magpsf": 18.803300857543945,
            "sigmapsf": 0.12765100598335266,
            "magnr": 19.413999557495117,
            "sigmagnr": 0.08699999749660492,
            "magzpsci": 0.0,
            "isdiffpos": "t",
            "ssdistnr": -999.0,
            "ssnamenr": "null",
            "drb": null
        },
        {
            "candid": 603461976015015003,
            "jd": 2458357.9619792,
            "ra": 20.2536111,
            "dec": -13.8629499,
            "fid": 2,
            "nid": 603,
            "magpsf": 18.57200050354004,
            "sigmapsf": 0.09774699807167053,
            "magnr": 19.413999557495117,
            "sigmagnr": 0.08699999749660492,
            "magzpsci": 0.0,
            "isdiffpos": "t",
            "ssdistnr": -999.0,
            "ssnamenr": "null",
            "drb": null
        },
        {
            "candid": 606482636015015007,
            "jd": 2458360.9826389,
            "ra": 20.2536323,
            "dec": -13.8629394,
            "fid": 2,
            "nid": 606,
            "magpsf": 18.220600128173828,
            "sigmapsf": 0.065310999751091,
            "magnr": 19.413999557495117,
            "sigmagnr": 0.08699999749660492,
            "magzpsci": 0.0,
            "isdiffpos": "t",
            "ssdistnr": -999.0,
            "ssnamenr": "null",
            "drb": null
        },
        {
            "candid": 609398146015015003,
            "jd": 2458363.8981481,
            "ra": 20.2536298,
            "dec": -13.8628797,
            "fid": 1,
            "nid": 609,
            "magpsf": 18.297199249267578,
            "sigmapsf": 0.0742259994149208,
            "magnr": 19.948999404907227,
            "sigmagnr": 0.09700000286102295,
            "magzpsci": 0.0,
            "isdiffpos": "t",
            "ssdistnr": -999.0,
            "ssnamenr": "null",
            "drb": null
        },
        {
            "candid": 609438776015015008,
            "jd": 2458363.9387731,
            "ra": 20.2536242,
            "dec": -13.8629281,
            "fid": 2,
            "nid": 609,
            "magpsf": 18.36389923095703,
            "sigmapsf": 0.06678500026464462,
            "magnr": 19.413999557495117,
            "sigmagnr": 0.08699999749660492,
            "magzpsci": 0.0,
            "isdiffpos": "t",
            "ssdistnr": -999.0,
            "ssnamenr": "null",
            "drb": null
        },
        {
            "candid": 612376096015015013,
            "jd": 2458366.8760995,
            "ra": 20.2536529,
            "dec": -13.86293,
            "fid": 2,
            "nid": 612,
            "magpsf": 18.701900482177734,
            "sigmapsf": 0.06956999748945236,
            "magnr": 19.413999557495117,
            "sigmagnr": 0.08699999749660492,
            "magzpsci": 0.0,
            "isdiffpos": "t",
            "ssdistnr": -999.0,
            "ssnamenr": "null",
            "drb": null
        },
        {
            "candid": 612432936015015015,
            "jd": 2458366.9329398,
            "ra": 20.2536234,
            "dec": -13.8629002,
            "fid": 1,
            "nid": 612,
            "magpsf": 18.694400787353516,
            "sigmapsf": 0.07960399985313416,
            "magnr": 19.948999404907227,
            "sigmagnr": 0.09700000286102295,
            "magzpsci": 0.0,
            "isdiffpos": "t",
            "ssdistnr": -999.0,
            "ssnamenr": "null",
            "drb": null
        },
        {
            "candid": 615397626015015013,
            "jd": 2458369.8976273,
            "ra": 20.2536167,
            "dec": -13.8629194,
            "fid": 2,
            "nid": 615,
            "magpsf": 19.192899703979492,
            "sigmapsf": 0.11936099827289581,
            "magnr": 19.413999557495117,
            "sigmagnr": 0.08699999749660492,
            "magzpsci": 0.0,
            "isdiffpos": "t",
            "ssdistnr": -999.0,
            "ssnamenr": "null",
            "drb": null
        },
        {
            "candid": 615457496015015010,
            "jd": 2458369.9575,
            "ra": 20.2536189,
            "dec": -13.8629099,
            "fid": 1,
            "nid": 615,
            "magpsf": 19.270000457763672,
            "sigmapsf": 0.1023859977722168,
            "magnr": 19.948999404907227,
            "sigmagnr": 0.09700000286102295,
            "magzpsci": 0.0,
            "isdiffpos": "t",
            "ssdistnr": -999.0,
            "ssnamenr": "null",
            "drb": null
        },
        {
            "candid": 618358696015015001,
            "jd": 2458372.8586921,
            "ra": 20.2535887,
            "dec": -13.8629334,
            "fid": 2,
            "nid": 618,
            "magpsf": 19.95170021057129,
            "sigmapsf": 0.17367500066757202,
            "magnr": 19.413999557495117,
            "sigmagnr": 0.08699999749660492,
            "magzpsci": 0.0,
            "isdiffpos": "t",
            "ssdistnr": -999.0,
            "ssnamenr": "null",
            "drb": null
        }
    ],
    "forcedphot": []
}