{
    "objectId": "ZTF19aadnxbh",
    "candidates": [
        {
            "candid": 748475534715015012,
            "jd": 2458502.9755324,
            "ra": 180.6525038,
            "dec": 41.0616364,
            "fid": 1,
            "nid": 748,
            "magpsf": 17.3169002532959,
            "sigmapsf": 0.04755700007081032,
            "magnr": 20.676000595092773,
            "sigmagnr": 0.12200000137090683,
            "magzpsci": 26.20989990234375,
            "isdiffpos": "t",
            "ssdistnr": -999.0,
            "ssnamenr": "null",
            "drb": null
        },
        {
            "candid": 751448484715015001,
            "jd": 2458505.9484838,
            "ra": 180.6525072,
            "dec": 41.0616171,
            "fid": 1,
            "nid": 751,
            "magpsf": 16.887399673461914,
            "sigmapsf": 0.04323200136423111,
            "magnr": 20.676000595092773,
            "sigmagnr": 0.12200000137090683,
            "magzpsci": 26.33340072631836,
            "isdiffpos": "t",
            "ssdistnr": -999.0,
            "ssnamenr": "null",
            "drb": null
        },
        {
            "candid": 754472884715015021,
            "jd": 2458508.9728819,
            "ra": 180.6525136,
            "dec": 41.0616358,
            "fid": 2,
            "nid": 754,
            "magpsf": 17.0,
            "sigmapsf": 0.04482400044798851,
            "magnr": 20.160999298095703,
            "sigmagnr": 0.11900000274181366,
            "magzpsci": 26.2810001373291,
            "isdiffpos": "t",
            "ssdistnr": -999.0,
            "ssnamenr": "null",
            "drb": null
        },
        {
            "candid": 754537874715015020,
            "jd": 2458509.0378704,
            "ra": 180.6525161,
            "dec": 41.0616264,
            "fid": 1,
            "nid": 754,
            "magpsf": 16.903400421142578,
            "sigmapsf": 0.04942600056529045,
            "magnr": 20.676000595092773,
            "sigmagnr": 0.12200000137090683,
            "magzpsci": 26.3164005279541,
            "isdiffpos": "t",
            "ssdistnr": -999.0,
            "ssnamenr": "null",
            "drb": null
        },
        {
            "candid": 757450524715015007,
            "jd": 2458511.9505208,
            "ra": 180.6524831,
            "dec": 41.061648,
            "fid": 1,
            "nid": 757,
            "magpsf": 17.057600021362305,
            "sigmapsf": 0.04463399946689606,
            "magnr": 20.676000595092773,
            "sigmagnr": 0.12200000137090683,
            "magzpsci": 26.287599563598633,
            "isdiffpos": "t",
            "ssdistnr": -999.0,
            "ssnamenr": "null",
            "drb": null
        },
        {
            "candid": 760425574715015022,
            "jd": 2458514.9255787,
            "ra": 180.6525128,
            "dec": 41.0616592,
            "fid": 2,
            "nid": 760,
            "magpsf": 17.425500869750977,
            "sigmapsf": 0.0455080009996891,
            "magnr": 20.160999298095703,
            "sigmagnr": 0.11900000274181366,
            "magzpsci": 25.673500061035156,
            "isdiffpos": "t",
            "ssdistnr": -999.0,
            "ssnamenr": "null",
            "drb": null
        },
        {
            "candid": 760472364715015019,
            "jd": 2458514.9723611,
            "ra": 180.6525231,
            "dec": 41.0616293,
            "fid": 1,
            "nid": 760,
            "magpsf": 17.48189926147461,
            "sigmapsf": 0.16615700721740723,
            "magnr": 20.676000595092773,
            "sigmagnr": 0.12200000137090683,
            "magzpsci": 24.04290008544922,
            "isdiffpos": "t",
            "ssdistnr": -999.0,
            "ssnamenr": "null",
            "drb": null
        },
        {
            "candid": 768484104715015016,
            "jd": 2458522.9841088,
            "ra": 180.6525165,
            "dec": 41.0616143,
            "fid": 1,
            "nid": 768,
            "magpsf": 18.83679962158203,
            "sigmapsf": 0.08763899654150009,
            "magnr": 20.676000595092773,
            "sigmagnr": 0.12200000137090683,
            "magzpsci": 26.295799255371094,
            "isdiffpos": "t",
            "ssdistnr": -999.0,
            "ssnamenr": "null",
            "drb": null
        },
        {
            "candid": 768534834715015036,
            "jd": 2458523.034838,
            "ra": 180.652521,
            "dec": 41.0616508,
            "fid": 2,
            "nid": 768,
            "magpsf": 18.7189998626709,
            "sigmapsf": 0.06859199702739716,
            "magnr": 20.160999298095703,
            "sigmagnr": 0.11900000274181366,
            "magzpsci": 26.242000579833984,
            "isdiffpos": "t",
            "ssdistnr": -999.0,
            "ssnamenr": "null",
            "drb": null
        },
        {
            "candid": 772446034715015024,
            "jd": 2458526.9460301,
            "ra": 180.652497,
            "dec": 41.0616616,
            "fid": 1,
            "nid": 772,
            "magpsf": 19.111000061035156,
            "sigmapsf": 0.11329299956560135,
            "magnr": 20.676000595092773,
            "sigmagnr": 0.12200000137090683,
            "magzpsci": 26.107999801635742,
            "isdiffpos": "t",
            "ssdistnr": -999.0,
            "ssnamenr": "null",
            "drb": null
        },
        {
            "candid": 772493054715015029,
            "jd": 2458526.9930556,
            "ra": 180.6525149,
            "dec": 41.0616952,
            "fid": 2,
            "nid": 772,
            "magpsf": 19.20319938659668,
            "sigmapsf": 0.1751839965581894,
            "magnr": 20.160999298095703,
            "sigmagnr": 0.11900000274181366,
            "magzpsci": 25.912200927734375,
            "isdiffpos": "t",
            "ssdistnr": -999.0,
            "ssnamenr": "null",
            "drb": null
        },
        {
            "jd": 2458474.99331,
            "fid": 2,
            "diffmaglim": 19.795000076293945
        },
        {
            "jd": 2458481.01613,
            "fid": 1,
            "diffmaglim": 19.94099998474121
        },
        {
            "jd": 2458481.05663,
            "fid": 2,
            "diffmaglim": 19.885000228881836
        },
        {
            "jd": 2458486.98642,
            "fid": 2,
            "diffmaglim": 20.826000213623047
        },
        {
            "jd": 2458487.03616,
            "fid": 1,
            "diffmaglim": 20.676000595092773
        },
        {
            "jd": 2458491.97096,
            "fid": 1,
            "diffmaglim": 20.513999938964844
        },
        {
            "jd": 2458492.03878,
            "fid": 2,
            "diffmaglim": 20.368999481201172
        },
        {
            "jd": 2458494.94987,
            "fid": 2,
            "diffmaglim": 20.885000228881836
        },
        {
            "jd": 2458494.99448,
            "fid": 1,
            "diffmaglim": 21.145000457763672
        }
    ],
    "forcedphot": []
}