{
    "objectId": "ZTF19aapfmki",
    "candidates": [
        {
            "candid": 826355900015015007,
            "jd": 2458580.8559028,
            "ra": 211.4315033,
            "dec": 9.51575,
            "fid": 2,
            "nid": 826,
            "magpsf": 20.753299713134766,
            "sigmapsf": 0.28042200207710266,
            "magnr": 21.191999435424805,
            "sigmagnr": 0.15700000524520874,
            "magzpsci": 26.07229995727539,
            "isdiffpos": "t",
            "ssdistnr": -999.0,
            "ssnamenr": "-999.0",
            "drb": null
        },
        {
            "candid": 826395081315015003,
            "jd": 2458580.895081,
            "ra": 211.4315963,
            "dec": 9.5158813,
            "fid": 2,
            "nid": 826,
            "magpsf": 20.54319953918457,
            "sigmapsf": 0.30252501368522644,
            "magnr": 22.030000686645508,
            "sigmagnr": 0.19499999284744263,
            "magzpsci": 26.05419921875,
            "isdiffpos": "t",
            "ssdistnr": -999.0,
            "ssnamenr": "-999.0",
            "drb": null
        },
        {
            "candid": 829358340015015002,
            "jd": 2458583.8583449,
            "ra": 211.4314916,
            "dec": 9.5157184,
            "fid": 1,
            "nid": 829,
            "magpsf": 17.80069923400879,
            "sigmapsf": 0.05361500009894371,
            "magnr": 21.378999710083008,
            "sigmagnr": 0.11800000071525574,
            "magzpsci": 26.00670051574707,
            "isdiffpos": "t",
            "ssdistnr": -999.0,
            "ssnamenr": "null",
            "drb": null
        },
        {
            "candid": 832272880015015003,
            "jd": 2458586.7728819,
            "ra": 211.4315091,
            "dec": 9.5157453,
            "fid": 1,
            "nid": 832,
            "magpsf": 17.386999130249023,
            "sigmapsf": 0.05360199883580208,
            "magnr": 21.378999710083008,
            "sigmagnr": 0.11800000071525574,
            "magzpsci": 26.077999114990234,
            "isdiffpos": "t",
            "ssdistnr": -999.0,
            "ssnamenr": "null",
            "drb": null
        },
        {
            "candid": 832334391315015005,
            "jd": 2458586.8343981,
            "ra": 211.4315427,
            "dec": 9.5157489,
            "fid": 2,
            "nid": 832,
            "magpsf": 17.631900787353516,
            "sigmapsf": 0.04630500078201294,
            "magnr": 22.030000686645508,
            "sigmagnr": 0.19499999284744263,
            "magzpsci": 26.077899932861328,
            "isdiffpos": "t",
            "ssdistnr": -999.0,
            "ssnamenr": "null",
            "drb": null
        },
        {
            "candid": 835295170015015029,
            "jd": 2458589.7951736,
            "ra": 211.431526,
            "dec": 9.5157555,
            "fid": 2,
            "nid": 835,
            "magpsf": 17.690799713134766,
            "sigmapsf": 0.1388770043849945,
            "magnr": 21.191999435424805,
            "sigmagnr": 0.15700000524520874,
            "magzpsci": 25.553800582885742,
            "isdiffpos": "t",
            "ssdistnr": -999.0,
            "ssnamenr": "null",
            "drb": null
        },
        {
            "candid": 835395151315015010,
            "jd": 2458589.8951505,
            "ra": 211.4317768,
            "dec": 9.5157137,
            "fid": 1,
            "nid": 835,
            "magpsf": 17.451900482177734,
            "sigmapsf": 0.1369519978761673,
            "magnr": 22.3799991607666,
            "sigmagnr": 0.1589999943971634,
            "magzpsci": 24.872900009155273,
            "isdiffpos": "t",
            "ssdistnr": -999.0,
            "ssnamenr": "-999.0",
            "drb": null
        },
        {
            "candid": 835395600015015025,
            "jd": 2458589.8956019,
            "ra": 211.4315177,
            "dec": 9.5157295,
            "fid": 1,
            "nid": 835,
            "magpsf": 17.64900016784668,
            "sigmapsf": 0.13638800382614136,
            "magnr": 21.378999710083008,
            "sigmagnr": 0.11800000071525574,
            "magzpsci": 25.191999435424805,
            "isdiffpos": "t",
            "ssdistnr": -999.0,
            "ssnamenr": "null",
            "drb": null
        },
        {
            "candid": 838420861315015005,
            "jd": 2458592.9208681,
            "ra": 211.4316082,
            "dec": 9.5156765,
            "fid": 1,
            "nid": 838,
            "magpsf": 17.909500122070312,
            "sigmapsf": 0.11989600211381912,
            "magnr": 22.3799991607666,
            "sigmagnr": 0.1589999943971634,
            "magzpsci": 26.166500091552734,
            "isdiffpos": "t",
            "ssdistnr": -999.0,
            "ssnamenr": "-999.0",
            "drb": null
        },
        {
            "candid": 839315750015015026,
            "jd": 2458593.8157523,
            "ra": 211.4315283,
            "dec": 9.5157521,
            "fid": 2,
            "nid": 839,
            "magpsf": 17.975900650024414,
            "sigmapsf": 0.07554899901151657,
            "magnr": 21.191999435424805,
            "sigmagnr": 0.15700000524520874,
            "magzpsci": 26.07990074157715,
            "isdiffpos": "t",
            "ssdistnr": -999.0,
            "ssnamenr": "null",
            "drb": null
        },
        {
            "candid": 842250081315015003,
            "jd": 2458596.750081,
            "ra": 211.4315571,
            "dec": 9.515753,
            "fid": 1,
            "nid": 842,
            "magpsf": 18.260700225830078,
            "sigmapsf": 0.06505600363016129,
            "magnr": 22.3799991607666,
            "sigmagnr": 0.1589999943971634,
            "magzpsci": 26.1737003326416,
            "isdiffpos": "t",
            "ssdistnr": -999.0,
            "ssnamenr": "null",
            "drb": null
        },
        {
            "candid": 842274450015015002,
            "jd": 2458596.774456,
            "ra": 211.4315238,
            "dec": 9.5157283,
            "fid": 2,
            "nid": 842,
            "magpsf": 18.421199798583984,
            "sigmapsf": 0.07735300064086914,
            "magnr": 21.191999435424805,
            "sigmagnr": 0.15700000524520874,
            "magzpsci": 26.04520034790039,
            "isdiffpos": "t",
            "ssdistnr": -999.0,
            "ssnamenr": "null",
            "drb": null
        },
        {
            "candid": 846236350015015004,
            "jd": 2458600.7363542,
            "ra": 211.4314955,
            "dec": 9.5157422,
            "fid": 1,
            "nid": 846,
            "magpsf": 18.649099349975586,
            "sigmapsf": 0.07869300246238708,
            "magnr": 21.378999710083008,
            "sigmagnr": 0.11800000071525574,
            "magzpsci": 26.11009979248047,
            "isdiffpos": "t",
            "ssdistnr": -999.0,
            "ssnamenr": "null",
            "drb": null
        },
        {
            "candid": 852303870015015002,
            "jd": 2458606.8038773,
            "ra": 211.4315132,
            "dec": 9.5157569,
            "fid": 2,
            "nid": 852,
            "magpsf": 19.827199935913086,
            "sigmapsf": 0.14235299825668335,
            "magnr": 21.191999435424805,
            "sigmagnr": 0.15700000524520874,
            "magzpsci": 26.016199111938477,
            "isdiffpos": "t",
            "ssdistnr": -999.0,
            "ssnamenr": "null",
            "drb": null
        },
        {
            "candid": 852398590015015003,
            "jd": 2458606.8985995,
            "ra": 211.4315565,
            "dec": 9.5157479,
            "fid": 1,
            "nid": 852,
            "magpsf": 19.49169921875,
            "sigmapsf": 0.10792899876832962,
            "magnr": 21.378999710083008,
            "sigmagnr": 0.11800000071525574,
            "magzpsci": 26.060699462890625,
            "isdiffpos": "t",
            "ssdistnr": -999.0,
            "ssnamenr": "null",
            "drb": null
        },
        {
            "candid": 852417901315015001,
            "jd": 2458606.9179051,
            "ra": 211.4316031,
            "dec": 9.5157515,
            "fid": 1,
            "nid": 852,
            "magpsf": 19.49020004272461,
            "sigmapsf": 0.132424995303154,
            "magnr": 22.3799991607666,
            "sigmagnr": 0.1589999943971634,
            "magzpsci": 26.05620002746582,
            "isdiffpos": "t",
            "ssdistnr": -999.0,
            "ssnamenr": "null",
            "drb": null
        },
        {
            "candid": 858247460015015008,
            "jd": 2458612.7474653,
            "ra": 211.431539,
            "dec": 9.5157284,
            "fid": 2,
            "nid": 858,
            "magpsf": 20.395700454711914,
            "sigmapsf": 0.20202599465847015,
            "magnr": 21.191999435424805,
            "sigmagnr": 0.15700000524520874,
            "magzpsci": 25.99570083618164,
            "isdiffpos": "t",
            "ssdistnr": -999.0,
            "ssnamenr": "null",
            "drb": null
        },
        {
            "candid": 858273880015015001,
            "jd": 2458612.7738889,
            "ra": 211.4314861,
            "dec": 9.5157435,
            "fid": 1,
            "nid": 858,
            "magpsf": 19.970800399780273,
            "sigmapsf": 0.121288001537323,
            "magnr": 21.378999710083008,
            "sigmagnr": 0.11800000071525574,
            "magzpsci": 26.082799911499023,
            "isdiffpos": "t",
            "ssdistnr": -999.0,
            "ssnamenr": "null",
            "drb": null
        },
        {
            "jd": 2458556.94123,
            "fid": 1,
            "diffmaglim": 20.20599937438965
        },
        {
            "jd": 2458560.78938,
            "fid": 1,
            "diffmaglim": 19.1299991607666
        },
        {
            "jd": 2458560.87819,
            "fid": 2,
            "diffmaglim": 19.94099998474121
        },
        {
            "jd": 2458567.79419,
            "fid": 1,
            "diffmaglim": 19.663000106811523
        },
        {
            "jd": 2458567.87669,
            "fid": 2,
            "diffmaglim": 19.735000610351562
        },
        {
            "jd": 2458568.77043,
            "fid": 1,
            "diffmaglim": 20.280000686645508
        },
        {
            "jd": 2458568.81623,
            "fid": 2,
            "diffmaglim": 19.132999420166016
        },
        {
            "jd": 2458572.83598,
            "fid": 1,
            "diffmaglim": 20.219999313354492
        },
        {
            "jd": 2458572.85987,
            "fid": 2,
            "diffmaglim": 19.656999588012695
        },
        {
            "jd": 2458572.86238,
            "fid": 2,
            "diffmaglim": 19.614999771118164
        },
        {
            "jd": 2458572.87752,
            "fid": 1,
            "diffmaglim": 19.77199935913086
        },
        {
            "jd": 2458575.85336,
            "fid": 1,
            "diffmaglim": 18.85300064086914
        },
        {
            "jd": 2458575.89384,
            "fid": 2,
            "diffmaglim": 19.80900001525879
        },
        {
            "jd": 2458575.91616,
            "fid": 2,
            "diffmaglim": 20.253000259399414
        },
        {
            "jd": 2458580.89965,
            "fid": 1,
            "diffmaglim": 20.38800048828125
        },
        {
            "jd": 2458580.90057,
            "fid": 1,
            "diffmaglim": 20.218000411987305
        },
        {
            "jd": 2458583.81696,
            "fid": 2,
            "diffmaglim": 20.014999389648438
        }
    ],
    "forcedphot": []
}