{
    "objectId": "ZTF19aakssbm",
    "candidates": [
        {
            "candid": 785362661215015000,
            "jd": 2458539.862662,
            "ra": 242.7648706,
            "dec": 74.3614911,
            "fid": 2,
            "nid": 785,
            "magpsf": 19.237899780273438,
            "sigmapsf": 0.15503500401973724,
            "magnr": 21.885000228881836,
            "sigmagnr": 0.1509999930858612,
            "magzpsci": 25.866899490356445,
            "isdiffpos": "t",
            "ssdistnr": -999.0,
            "ssnamenr": "null",
            "drb": null
        },
        {
            "candid": 785409581215015000,
            "jd": 2458539.9095833,
            "ra": 242.764827,
            "dec": 74.3614942,
            "fid": 1,
            "nid": 785,
            "magpsf": 18.6835994720459,
            "sigmapsf": 0.28006699681282043,
            "magnr": 22.395999908447266,
            "sigmagnr": 0.27399998903274536,
            "magzpsci": 24.829599380493164,
            "isdiffpos": "t",
            "ssdistnr": -999.0,
            "ssnamenr": "-999.0",
            "drb": null
        },
        {
            "candid": 803328961215025000,
            "jd": 2458557.8289699,
            "ra": 242.7655217,
            "dec": 74.3614912,
            "fid": 1,
            "nid": 803,
            "magpsf": 18.86210060119629,
            "sigmapsf": 0.16102300584316254,
            "magnr": 22.395999908447266,
            "sigmagnr": 0.27399998903274536,
            "magzpsci": 26.17009925842285,
            "isdiffpos": "t",
            "ssdistnr": -999.0,
            "ssnamenr": "-999.0",
            "drb": null
        },
        {
            "candid": 803369831215025000,
            "jd": 2458557.869838,
            "ra": 242.7654188,
            "dec": 74.3616818,
            "fid": 2,
            "nid": 803,
            "magpsf": 19.69409942626953,
            "sigmapsf": 0.23124399781227112,
            "magnr": 21.885000228881836,
            "sigmagnr": 0.1509999930858612,
            "magzpsci": 26.133100509643555,
            "isdiffpos": "t",
            "ssdistnr": -999.0,
            "ssnamenr": "-999.0",
            "drb": null
        },
        {
            "candid": 814384791215015001,
            "jd": 2458568.8847917,
            "ra": 242.7649336,
            "dec": 74.3615388,
            "fid": 1,
            "nid": 814,
            "magpsf": 19.843700408935547,
            "sigmapsf": 0.2170500010251999,
            "magnr": 22.395999908447266,
            "sigmagnr": 0.27399998903274536,
            "magzpsci": 26.037700653076172,
            "isdiffpos": "t",
            "ssdistnr": -999.0,
            "ssnamenr": "null",
            "drb": null
        },
        {
            "jd": 2458509.98876,
            "fid": 2,
            "diffmaglim": 19.055999755859375
        },
        {
            "jd": 2458510.02772,
            "fid": 1,
            "diffmaglim": 19.40999984741211
        },
        {
            "jd": 2458513.03361,
            "fid": 2,
            "diffmaglim": 19.2549991607666
        },
        {
            "jd": 2458513.05111,
            "fid": 1,
            "diffmaglim": 20.30900001525879
        },
        {
            "jd": 2458524.93376,
            "fid": 1,
            "diffmaglim": 20.179000854492188
        },
        {
            "jd": 2458543.86888,
            "fid": 2,
            "diffmaglim": 18.607999801635742
        },
        {
            "jd": 2458560.89295,
            "fid": 2,
            "diffmaglim": 19.7189998626709
        },
        {
            "jd": 2458568.81963,
            "fid": 2,
            "diffmaglim": 18.052000045776367
        }
    ],
    "forcedphot": []
}