{
    "objectId": "ZTF19abyjzvd",
    "candidates": [
        {
            "candid": 980138104215015023,
            "jd": 2458734.6381019,
            "ra": 252.0537146,
            "dec": 48.0806334,
            "fid": 2,
            "nid": 980,
            "magpsf": 20.50029945373535,
            "sigmapsf": 0.34478500485420227,
            "magnr": 19.58300018310547,
            "sigmagnr": 0.10499999672174454,
            "magzpsci": 26.25830078125,
            "isdiffpos": "t",
            "ssdistnr": -999.0,
            "ssnamenr": "-999.0",
            "drb": null
        },
        {
            "candid": 980220684215015027,
            "jd": 2458734.7206829,
            "ra": 252.0537477,
            "dec": 48.0803263,
            "fid": 1,
            "nid": 980,
            "magpsf": 20.215700149536133,
            "sigmapsf": 0.37982600927352905,
            "magnr": 20.204999923706055,
            "sigmagnr": 0.09600000083446503,
            "magzpsci": 26.180700302124023,
            "isdiffpos": "t",
            "ssdistnr": -999.0,
            "ssnamenr": "-999.0",
            "drb": null
        },
        {
            "candid": 983137974215015021,
            "jd": 2458737.6379745,
            "ra": 252.0538851,
            "dec": 48.0806129,
            "fid": 1,
            "nid": 983,
            "magpsf": 19.37660026550293,
            "sigmapsf": 0.15539899468421936,
            "magnr": 20.204999923706055,
            "sigmagnr": 0.09600000083446503,
            "magzpsci": 26.211599349975586,
            "isdiffpos": "t",
            "ssdistnr": -999.0,
            "ssnamenr": "null",
            "drb": 0.9999979734420776
        },
        {
            "candid": 983182224215015005,
            "jd": 2458737.6822222,
            "ra": 252.0538353,
            "dec": 48.0804836,
            "fid": 2,
            "nid": 983,
            "magpsf": 19.462499618530273,
            "sigmapsf": 0.2077769935131073,
            "magnr": 19.58300018310547,
            "sigmagnr": 0.10499999672174454,
            "magzpsci": 26.220500946044922,
            "isdiffpos": "t",
            "ssdistnr": -999.0,
            "ssnamenr": "null",
            "drb": 0.9999619722366333
        },
        {
            "candid": 986260814215015006,
            "jd": 2458740.7608102,
            "ra": 252.0538617,
            "dec": 48.0805426,
            "fid": 2,
            "nid": 986,
            "magpsf": 19.26580047607422,
            "sigmapsf": 0.2124200016260147,
            "magnr": 19.58300018310547,
            "sigmagnr": 0.10499999672174454,
            "magzpsci": 26.117799758911133,
            "isdiffpos": "t",
            "ssdistnr": -999.0,
            "ssnamenr": "null",
            "drb": 0.998835027217865
        },
        {
            "candid": 990139864215015027,
            "jd": 2458744.6398611,
            "ra": 252.05377,
            "dec": 48.0805456,
            "fid": 1,
            "nid": 990,
            "magpsf": 19.33489990234375,
            "sigmapsf": 0.14282600581645966,
            "magnr": 20.204999923706055,
            "sigmagnr": 0.09600000083446503,
            "magzpsci": 26.1919002532959,
            "isdiffpos": "t",
            "ssdistnr": -999.0,
            "ssnamenr": "null",
            "drb": 0.9999970197677612
        },
        {
            "candid": 993139094215015016,
            "jd": 2458747.6390972,
            "ra": 252.0537973,
            "dec": 48.0805859,
            "fid": 1,
            "nid": 993,
            "magpsf": 19.75510025024414,
            "sigmapsf": 0.14754800498485565,
            "magnr": 20.204999923706055,
            "sigmagnr": 0.09600000083446503,
            "magzpsci": 26.150100708007812,
            "isdiffpos": "t",
            "ssdistnr": -999.0,
            "ssnamenr": "null",
            "drb": 0.9999960064888
        },
        {
            "jd": 2458709.66484,
            "fid": 1,
            "diffmaglim": 19.246999740600586
        },
        {
            "jd": 2458709.76638,
            "fid": 2,
            "diffmaglim": 19.805999755859375
        },
        {
            "jd": 2458712.65552,
            "fid": 1,
            "diffmaglim": 20.416000366210938
        },
        {
            "jd": 2458712.74538,
            "fid": 2,
            "diffmaglim": 20.091999053955078
        },
        {
            "jd": 2458715.66361,
            "fid": 1,
            "diffmaglim": 20.702999114990234
        },
        {
            "jd": 2458718.68282,
            "fid": 1,
            "diffmaglim": 20.718000411987305
        },
        {
            "jd": 2458721.66147,
            "fid": 1,
            "diffmaglim": 18.211000442504883
        },
        {
            "jd": 2458724.65243,
            "fid": 2,
            "diffmaglim": 20.618000030517578
        },
        {
            "jd": 2458724.67567,
            "fid": 1,
            "diffmaglim": 20.670000076293945
        },
        {
            "jd": 2458727.64152,
            "fid": 2,
            "diffmaglim": 20.405000686645508
        },
        {
            "jd": 2458727.65854,
            "fid": 1,
            "diffmaglim": 20.648000717163086
        },
        {
            "jd": 2458731.66552,
            "fid": 2,
            "diffmaglim": 16.679000854492188
        }
    ],
    "forcedphot": []
}