{
    "objectId": "ZTF19acrwyyb",
    "candidates": [
        {
            "candid": 1038547395015015005,
            "jd": 2458793.0473958,
            "ra": 196.0739883,
            "dec": 57.2908487,
            "fid": 1,
            "nid": 1038,
            "magpsf": 19.691699981689453,
            "sigmapsf": 0.2810389995574951,
            "magnr": 19.76300048828125,
            "sigmagnr": 0.0989999994635582,
            "magzpsci": 26.090700149536133,
            "isdiffpos": "t",
            "ssdistnr": -999.0,
            "ssnamenr": "-999.0",
            "drb": null
        },
        {
            "candid": 1045491115015015003,
            "jd": 2458799.9911111,
            "ra": 196.0739684,
            "dec": 57.2909754,
            "fid": 2,
            "nid": 1045,
            "magpsf": 18.144800186157227,
            "sigmapsf": 0.09124500304460526,
            "magnr": 19.451000213623047,
            "sigmagnr": 0.09300000220537186,
            "magzpsci": 26.061800003051758,
            "isdiffpos": "t",
            "ssdistnr": -999.0,
            "ssnamenr": "null",
            "drb": 0.9999989867210388
        },
        {
            "candid": 1046537036215015003,
            "jd": 2458801.037037,
            "ra": 196.0739921,
            "dec": 57.2909773,
            "fid": 2,
            "nid": 1046,
            "magpsf": 18.127599716186523,
            "sigmapsf": 0.07177899777889252,
            "magnr": 19.42099952697754,
            "sigmagnr": 0.08399999886751175,
            "magzpsci": 25.962600708007812,
            "isdiffpos": "t",
            "ssdistnr": -999.0,
            "ssnamenr": "null",
            "drb": 0.9923070073127747
        },
        {
            "candid": 1046553776215015001,
            "jd": 2458801.0537731,
            "ra": 196.0739191,
            "dec": 57.2909557,
            "fid": 1,
            "nid": 1046,
            "magpsf": 17.87980079650879,
            "sigmapsf": 0.07445400208234787,
            "magnr": 19.78499984741211,
            "sigmagnr": 0.09099999815225601,
            "magzpsci": 26.025800704956055,
            "isdiffpos": "t",
            "ssdistnr": -999.0,
            "ssnamenr": "null",
            "drb": 1.0
        },
        {
            "candid": 1048549805015015003,
            "jd": 2458803.0498032,
            "ra": 196.0738839,
            "dec": 57.2909461,
            "fid": 1,
            "nid": 1048,
            "magpsf": 18.06209945678711,
            "sigmapsf": 0.08193399757146835,
            "magnr": 19.76300048828125,
            "sigmagnr": 0.0989999994635582,
            "magzpsci": 26.151100158691406,
            "isdiffpos": "t",
            "ssdistnr": -999.0,
            "ssnamenr": "null",
            "drb": 1.0
        },
        {
            "candid": 1050510066215015002,
            "jd": 2458805.0100694,
            "ra": 196.0739366,
            "dec": 57.290894,
            "fid": 1,
            "nid": 1050,
            "magpsf": 18.2992000579834,
            "sigmapsf": 0.11133699864149094,
            "magnr": 19.78499984741211,
            "sigmagnr": 0.09099999815225601,
            "magzpsci": 26.007200241088867,
            "isdiffpos": "t",
            "ssdistnr": -999.0,
            "ssnamenr": "null",
            "drb": 0.9998999834060669
        },
        {
            "candid": 1050554296215015003,
            "jd": 2458805.054294,
            "ra": 196.0739949,
            "dec": 57.2909651,
            "fid": 2,
            "nid": 1050,
            "magpsf": 18.45400047302246,
            "sigmapsf": 0.10563500225543976,
            "magnr": 19.42099952697754,
            "sigmagnr": 0.08399999886751175,
            "magzpsci": 25.97599983215332,
            "isdiffpos": "t",
            "ssdistnr": -999.0,
            "ssnamenr": "null",
            "drb": 1.0
        },
        {
            "candid": 1051532705015015006,
            "jd": 2458806.0327083,
            "ra": 196.0739426,
            "dec": 57.2909532,
            "fid": 1,
            "nid": 1051,
            "magpsf": 18.429399490356445,
            "sigmapsf": 0.11636199802160263,
            "magnr": 19.76300048828125,
            "sigmagnr": 0.0989999994635582,
            "magzpsci": 26.14739990234375,
            "isdiffpos": "t",
            "ssdistnr": -999.0,
            "ssnamenr": "null",
            "drb": 1.0
        },
        {
            "candid": 1058556685015015013,
            "jd": 2458813.0566898,
            "ra": 196.0739372,
            "dec": 57.2909175,
            "fid": 2,
            "nid": 1058,
            "magpsf": 19.5762996673584,
            "sigmapsf": 0.21154500544071198,
            "magnr": 19.451000213623047,
            "sigmagnr": 0.09300000220537186,
            "magzpsci": 26.115299224853516,
            "isdiffpos": "t",
            "ssdistnr": -999.0,
            "ssnamenr": "null",
            "drb": 0.9999989867210388
        },
        {
            "jd": 2458787.02824,
            "fid": 1,
            "diffmaglim": 18.753999710083008
        },
        {
            "jd": 2458790.01324,
            "fid": 1,
            "diffmaglim": 20.017000198364258
        },
        {
            "jd": 2458793.01437,
            "fid": 2,
            "diffmaglim": 19.649999618530273
        }
    ],
    "forcedphot": []
}