{
    "objectId": "ZTF19abuvqgw",
    "candidates": [
        {
            "candid": 972274011015015016,
            "jd": 2458726.7740162,
            "ra": 297.526517,
            "dec": 66.0824819,
            "fid": 2,
            "nid": 972,
            "magpsf": 20.15369987487793,
            "sigmapsf": 0.19382500648498535,
            "magnr": 21.822999954223633,
            "sigmagnr": 0.13600000739097595,
            "magzpsci": 26.07270050048828,
            "isdiffpos": "t",
            "ssdistnr": -999.0,
            "ssnamenr": "null",
            "drb": 0.9861559867858887
        },
        {
            "candid": 972298501015015007,
            "jd": 2458726.7985069,
            "ra": 297.5266003,
            "dec": 66.0823871,
            "fid": 1,
            "nid": 972,
            "magpsf": 19.93549919128418,
            "sigmapsf": 0.14930200576782227,
            "magnr": 23.26300048828125,
            "sigmagnr": 0.3319999873638153,
            "magzpsci": 26.16349983215332,
            "isdiffpos": "t",
            "ssdistnr": -999.0,
            "ssnamenr": "null",
            "drb": 0.9999989867210388
        },
        {
            "candid": 973319911015015013,
            "jd": 2458727.819919,
            "ra": 297.5265348,
            "dec": 66.0823931,
            "fid": 1,
            "nid": 973,
            "magpsf": 19.47480010986328,
            "sigmapsf": 0.11503399908542633,
            "magnr": 23.26300048828125,
            "sigmagnr": 0.3319999873638153,
            "magzpsci": 26.119800567626953,
            "isdiffpos": "t",
            "ssdistnr": -999.0,
            "ssnamenr": "null",
            "drb": 0.9999889731407166
        },
        {
            "candid": 976273211015015002,
            "jd": 2458730.7732176,
            "ra": 297.52646,
            "dec": 66.0823833,
            "fid": 2,
            "nid": 976,
            "magpsf": 19.240400314331055,
            "sigmapsf": 0.11289700120687485,
            "magnr": 21.822999954223633,
            "sigmagnr": 0.13600000739097595,
            "magzpsci": 25.990400314331055,
            "isdiffpos": "t",
            "ssdistnr": -999.0,
            "ssnamenr": "null",
            "drb": 0.9999750256538391
        },
        {
            "candid": 976297211015015006,
            "jd": 2458730.7972106,
            "ra": 297.5265042,
            "dec": 66.082359,
            "fid": 1,
            "nid": 976,
            "magpsf": 19.147899627685547,
            "sigmapsf": 0.10513199865818024,
            "magnr": 23.26300048828125,
            "sigmagnr": 0.3319999873638153,
            "magzpsci": 26.054899215698242,
            "isdiffpos": "t",
            "ssdistnr": -999.0,
            "ssnamenr": "null",
            "drb": 0.9999989867210388
        },
        {
            "candid": 978271771015015009,
            "jd": 2458732.7717708,
            "ra": 297.5265094,
            "dec": 66.0823725,
            "fid": 2,
            "nid": 978,
            "magpsf": 19.400400161743164,
            "sigmapsf": 0.1001959964632988,
            "magnr": 21.822999954223633,
            "sigmagnr": 0.13600000739097595,
            "magzpsci": 26.037399291992188,
            "isdiffpos": "t",
            "ssdistnr": -999.0,
            "ssnamenr": "null",
            "drb": 0.9999979734420776
        },
        {
            "candid": 978295481015015010,
            "jd": 2458732.7954861,
            "ra": 297.5266139,
            "dec": 66.0823708,
            "fid": 1,
            "nid": 978,
            "magpsf": 19.371000289916992,
            "sigmapsf": 0.09876500070095062,
            "magnr": 23.26300048828125,
            "sigmagnr": 0.3319999873638153,
            "magzpsci": 26.124000549316406,
            "isdiffpos": "t",
            "ssdistnr": -999.0,
            "ssnamenr": "null",
            "drb": 0.9999989867210388
        },
        {
            "candid": 979271361015015003,
            "jd": 2458733.7713657,
            "ra": 297.5264594,
            "dec": 66.0823917,
            "fid": 2,
            "nid": 979,
            "magpsf": 19.45789909362793,
            "sigmapsf": 0.12897199392318726,
            "magnr": 21.822999954223633,
            "sigmagnr": 0.13600000739097595,
            "magzpsci": 26.064899444580078,
            "isdiffpos": "t",
            "ssdistnr": -999.0,
            "ssnamenr": "null",
            "drb": 0.9999619722366333
        },
        {
            "candid": 979294811015015005,
            "jd": 2458733.7948148,
            "ra": 297.5265006,
            "dec": 66.0823589,
            "fid": 1,
            "nid": 979,
            "magpsf": 19.44059944152832,
            "sigmapsf": 0.1306920051574707,
            "magnr": 23.26300048828125,
            "sigmagnr": 0.3319999873638153,
            "magzpsci": 26.154600143432617,
            "isdiffpos": "t",
            "ssdistnr": -999.0,
            "ssnamenr": "null",
            "drb": 1.0
        },
        {
            "candid": 980272631015015004,
            "jd": 2458734.7726389,
            "ra": 297.5265572,
            "dec": 66.0823908,
            "fid": 2,
            "nid": 980,
            "magpsf": 19.628299713134766,
            "sigmapsf": 0.1645279973745346,
            "magnr": 21.822999954223633,
            "sigmagnr": 0.13600000739097595,
            "magzpsci": 26.07229995727539,
            "isdiffpos": "t",
            "ssdistnr": -999.0,
            "ssnamenr": "null",
            "drb": 0.9997140169143677
        },
        {
            "candid": 980296051015015003,
            "jd": 2458734.7960532,
            "ra": 297.526634,
            "dec": 66.0823531,
            "fid": 1,
            "nid": 980,
            "magpsf": 19.63789939880371,
            "sigmapsf": 0.14322400093078613,
            "magnr": 23.26300048828125,
            "sigmagnr": 0.3319999873638153,
            "magzpsci": 26.159900665283203,
            "isdiffpos": "t",
            "ssdistnr": -999.0,
            "ssnamenr": "null",
            "drb": 0.9999949932098389
        },
        {
            "candid": 981271221015015005,
            "jd": 2458735.7712269,
            "ra": 297.526565,
            "dec": 66.0823503,
            "fid": 2,
            "nid": 981,
            "magpsf": 19.521099090576172,
            "sigmapsf": 0.14021599292755127,
            "magnr": 21.822999954223633,
            "sigmagnr": 0.13600000739097595,
            "magzpsci": 26.0580997467041,
            "isdiffpos": "t",
            "ssdistnr": -999.0,
            "ssnamenr": "null",
            "drb": 0.9999150037765503
        },
        {
            "candid": 982280921015015002,
            "jd": 2458736.7809259,
            "ra": 297.5265989,
            "dec": 66.0823996,
            "fid": 2,
            "nid": 982,
            "magpsf": 19.77199935913086,
            "sigmapsf": 0.19535300135612488,
            "magnr": 21.822999954223633,
            "sigmagnr": 0.13600000739097595,
            "magzpsci": 26.06100082397461,
            "isdiffpos": "t",
            "ssdistnr": -999.0,
            "ssnamenr": "null",
            "drb": 0.9903910160064697
        },
        {
            "jd": 2458696.79435,
            "fid": 2,
            "diffmaglim": 20.590999603271484
        },
        {
            "jd": 2458696.82248,
            "fid": 1,
            "diffmaglim": 20.67300033569336
        },
        {
            "jd": 2458697.81539,
            "fid": 2,
            "diffmaglim": 20.555999755859375
        },
        {
            "jd": 2458698.79675,
            "fid": 2,
            "diffmaglim": 19.73699951171875
        },
        {
            "jd": 2458698.8244,
            "fid": 1,
            "diffmaglim": 19.049999237060547
        },
        {
            "jd": 2458699.79684,
            "fid": 2,
            "diffmaglim": 19.934999465942383
        },
        {
            "jd": 2458699.82442,
            "fid": 1,
            "diffmaglim": 20.4689998626709
        },
        {
            "jd": 2458700.79339,
            "fid": 2,
            "diffmaglim": 20.589000701904297
        },
        {
            "jd": 2458700.82098,
            "fid": 1,
            "diffmaglim": 20.363000869750977
        },
        {
            "jd": 2458701.797,
            "fid": 2,
            "diffmaglim": 20.35700035095215
        },
        {
            "jd": 2458701.82442,
            "fid": 1,
            "diffmaglim": 20.52199935913086
        },
        {
            "jd": 2458702.79633,
            "fid": 2,
            "diffmaglim": 20.48200035095215
        },
        {
            "jd": 2458702.82355,
            "fid": 1,
            "diffmaglim": 20.562999725341797
        },
        {
            "jd": 2458703.79804,
            "fid": 2,
            "diffmaglim": 20.424999237060547
        },
        {
            "jd": 2458703.82392,
            "fid": 1,
            "diffmaglim": 20.600000381469727
        },
        {
            "jd": 2458704.79273,
            "fid": 2,
            "diffmaglim": 20.158000946044922
        },
        {
            "jd": 2458704.81943,
            "fid": 1,
            "diffmaglim": 20.121000289916992
        },
        {
            "jd": 2458705.71008,
            "fid": 2,
            "diffmaglim": 20.131000518798828
        },
        {
            "jd": 2458705.73959,
            "fid": 1,
            "diffmaglim": 19.527000427246094
        },
        {
            "jd": 2458706.71277,
            "fid": 2,
            "diffmaglim": 20.143999099731445
        },
        {
            "jd": 2458706.74262,
            "fid": 1,
            "diffmaglim": 20.027000427246094
        },
        {
            "jd": 2458707.70966,
            "fid": 2,
            "diffmaglim": 20.082000732421875
        },
        {
            "jd": 2458707.73949,
            "fid": 1,
            "diffmaglim": 19.47599983215332
        },
        {
            "jd": 2458708.71115,
            "fid": 2,
            "diffmaglim": 19.974000930786133
        },
        {
            "jd": 2458708.74086,
            "fid": 1,
            "diffmaglim": 19.479999542236328
        },
        {
            "jd": 2458709.7108,
            "fid": 2,
            "diffmaglim": 19.892000198364258
        },
        {
            "jd": 2458709.74054,
            "fid": 1,
            "diffmaglim": 19.599000930786133
        },
        {
            "jd": 2458710.68951,
            "fid": 2,
            "diffmaglim": 19.878000259399414
        },
        {
            "jd": 2458710.715,
            "fid": 1,
            "diffmaglim": 19.625999450683594
        },
        {
            "jd": 2458711.68932,
            "fid": 2,
            "diffmaglim": 19.954999923706055
        },
        {
            "jd": 2458711.71437,
            "fid": 1,
            "diffmaglim": 19.820999145507812
        },
        {
            "jd": 2458713.72317,
            "fid": 1,
            "diffmaglim": 19.086999893188477
        },
        {
            "jd": 2458714.68947,
            "fid": 2,
            "diffmaglim": 20.38800048828125
        },
        {
            "jd": 2458714.71495,
            "fid": 1,
            "diffmaglim": 20.04400062561035
        },
        {
            "jd": 2458715.77366,
            "fid": 2,
            "diffmaglim": 20.211999893188477
        },
        {
            "jd": 2458715.8002,
            "fid": 1,
            "diffmaglim": 20.08099937438965
        },
        {
            "jd": 2458716.79477,
            "fid": 2,
            "diffmaglim": 20.224000930786133
        },
        {
            "jd": 2458716.81947,
            "fid": 1,
            "diffmaglim": 20.232999801635742
        },
        {
            "jd": 2458717.77358,
            "fid": 2,
            "diffmaglim": 20.343000411987305
        },
        {
            "jd": 2458717.80005,
            "fid": 1,
            "diffmaglim": 20.333999633789062
        },
        {
            "jd": 2458718.79529,
            "fid": 2,
            "diffmaglim": 20.292999267578125
        },
        {
            "jd": 2458718.81979,
            "fid": 1,
            "diffmaglim": 20.165000915527344
        },
        {
            "jd": 2458719.77424,
            "fid": 2,
            "diffmaglim": 20.03700065612793
        },
        {
            "jd": 2458719.80054,
            "fid": 1,
            "diffmaglim": 20.29599952697754
        },
        {
            "jd": 2458720.79444,
            "fid": 2,
            "diffmaglim": 20.375999450683594
        },
        {
            "jd": 2458720.81883,
            "fid": 1,
            "diffmaglim": 20.493999481201172
        },
        {
            "jd": 2458721.77417,
            "fid": 2,
            "diffmaglim": 18.71299934387207
        },
        {
            "jd": 2458721.79971,
            "fid": 1,
            "diffmaglim": 20.033000946044922
        },
        {
            "jd": 2458722.77406,
            "fid": 2,
            "diffmaglim": 20.450000762939453
        },
        {
            "jd": 2458722.79889,
            "fid": 1,
            "diffmaglim": 20.666000366210938
        },
        {
            "jd": 2458723.79743,
            "fid": 2,
            "diffmaglim": 20.483999252319336
        },
        {
            "jd": 2458723.82088,
            "fid": 1,
            "diffmaglim": 20.780000686645508
        },
        {
            "jd": 2458724.79748,
            "fid": 2,
            "diffmaglim": 20.41699981689453
        },
        {
            "jd": 2458724.8209,
            "fid": 1,
            "diffmaglim": 20.475000381469727
        },
        {
            "jd": 2458725.77256,
            "fid": 2,
            "diffmaglim": 20.486000061035156
        },
        {
            "jd": 2458725.79722,
            "fid": 1,
            "diffmaglim": 20.73699951171875
        }
    ],
    "forcedphot": []
}