{
    "objectId": "ZTF19abhcefa",
    "candidates": [
        {
            "candid": 930206216115015009,
            "jd": 2458684.7062153,
            "ra": 218.7606862,
            "dec": 14.7768907,
            "fid": 1,
            "nid": 930,
            "magpsf": 20.032800674438477,
            "sigmapsf": 0.18446800112724304,
            "magnr": 19.9950008392334,
            "sigmagnr": 0.08399999886751175,
            "magzpsci": 26.027799606323242,
            "isdiffpos": "t",
            "ssdistnr": -999.0,
            "ssnamenr": "null",
            "drb": null
        },
        {
            "candid": 930206674815015010,
            "jd": 2458684.7066782,
            "ra": 218.7606402,
            "dec": 14.7768847,
            "fid": 1,
            "nid": 930,
            "magpsf": 19.88599967956543,
            "sigmapsf": 0.17119699716567993,
            "magnr": 20.29800033569336,
            "sigmagnr": 0.07100000232458115,
            "magzpsci": 26.049999237060547,
            "isdiffpos": "t",
            "ssdistnr": -999.0,
            "ssnamenr": "null",
            "drb": null
        },
        {
            "candid": 935175426115015014,
            "jd": 2458689.6754282,
            "ra": 218.7606292,
            "dec": 14.7769272,
            "fid": 2,
            "nid": 935,
            "magpsf": 18.413000106811523,
            "sigmapsf": 0.09117499738931656,
            "magnr": 19.993000030517578,
            "sigmagnr": 0.11400000005960464,
            "magzpsci": 25.792999267578125,
            "isdiffpos": "t",
            "ssdistnr": -999.0,
            "ssnamenr": "null",
            "drb": null
        },
        {
            "candid": 935175894815015009,
            "jd": 2458689.6758912,
            "ra": 218.760629,
            "dec": 14.7769067,
            "fid": 2,
            "nid": 935,
            "magpsf": 18.459699630737305,
            "sigmapsf": 0.08082400262355804,
            "magnr": 20.11400032043457,
            "sigmagnr": 0.1379999965429306,
            "magzpsci": 25.885700225830078,
            "isdiffpos": "t",
            "ssdistnr": -999.0,
            "ssnamenr": "null",
            "drb": null
        },
        {
            "candid": 938176846115015008,
            "jd": 2458692.6768403,
            "ra": 218.7606316,
            "dec": 14.7769149,
            "fid": 2,
            "nid": 938,
            "magpsf": 18.361900329589844,
            "sigmapsf": 0.15813200175762177,
            "magnr": 19.993000030517578,
            "sigmagnr": 0.11400000005960464,
            "magzpsci": 25.29290008544922,
            "isdiffpos": "t",
            "ssdistnr": -999.0,
            "ssnamenr": "null",
            "drb": null
        },
        {
            "candid": 938177304815015009,
            "jd": 2458692.6773032,
            "ra": 218.7606324,
            "dec": 14.7769274,
            "fid": 2,
            "nid": 938,
            "magpsf": 18.265100479125977,
            "sigmapsf": 0.11563500016927719,
            "magnr": 20.11400032043457,
            "sigmagnr": 0.1379999965429306,
            "magzpsci": 25.329099655151367,
            "isdiffpos": "t",
            "ssdistnr": -999.0,
            "ssnamenr": "null",
            "drb": null
        },
        {
            "candid": 938196804815015011,
            "jd": 2458692.6968056,
            "ra": 218.7606319,
            "dec": 14.7769037,
            "fid": 1,
            "nid": 938,
            "magpsf": 18.13949966430664,
            "sigmapsf": 0.05826700106263161,
            "magnr": 20.29800033569336,
            "sigmagnr": 0.07100000232458115,
            "magzpsci": 26.00950050354004,
            "isdiffpos": "t",
            "ssdistnr": -999.0,
            "ssnamenr": "null",
            "drb": null
        },
        {
            "candid": 938197256115015006,
            "jd": 2458692.6972569,
            "ra": 218.7606576,
            "dec": 14.7768998,
            "fid": 1,
            "nid": 938,
            "magpsf": 18.129600524902344,
            "sigmapsf": 0.08861500024795532,
            "magnr": 19.9950008392334,
            "sigmagnr": 0.08399999886751175,
            "magzpsci": 25.960599899291992,
            "isdiffpos": "t",
            "ssdistnr": -999.0,
            "ssnamenr": "null",
            "drb": null
        },
        {
            "candid": 944177536115015010,
            "jd": 2458698.6775347,
            "ra": 218.7606236,
            "dec": 14.7769053,
            "fid": 2,
            "nid": 944,
            "magpsf": 18.53809928894043,
            "sigmapsf": 0.10510700196027756,
            "magnr": 19.993000030517578,
            "sigmagnr": 0.11400000005960464,
            "magzpsci": 25.69409942626953,
            "isdiffpos": "t",
            "ssdistnr": -999.0,
            "ssnamenr": "null",
            "drb": null
        },
        {
            "candid": 951164286115015002,
            "jd": 2458705.6642824,
            "ra": 218.7606289,
            "dec": 14.7768771,
            "fid": 2,
            "nid": 951,
            "magpsf": 18.94849967956543,
            "sigmapsf": 0.1516059935092926,
            "magnr": 19.993000030517578,
            "sigmagnr": 0.11400000005960464,
            "magzpsci": 25.886499404907227,
            "isdiffpos": "t",
            "ssdistnr": -999.0,
            "ssnamenr": "null",
            "drb": null
        },
        {
            "jd": 2458654.75182,
            "fid": 1,
            "diffmaglim": 19.893999099731445
        },
        {
            "jd": 2458657.6899,
            "fid": 1,
            "diffmaglim": 20.506999969482422
        },
        {
            "jd": 2458657.69131,
            "fid": 1,
            "diffmaglim": 20.594999313354492
        },
        {
            "jd": 2458660.68927,
            "fid": 1,
            "diffmaglim": 20.59000015258789
        },
        {
            "jd": 2458660.71156,
            "fid": 2,
            "diffmaglim": 20.645999908447266
        },
        {
            "jd": 2458660.71339,
            "fid": 2,
            "diffmaglim": 20.479000091552734
        },
        {
            "jd": 2458663.692,
            "fid": 2,
            "diffmaglim": 19.357999801635742
        },
        {
            "jd": 2458663.69339,
            "fid": 2,
            "diffmaglim": 19.736000061035156
        },
        {
            "jd": 2458663.71365,
            "fid": 1,
            "diffmaglim": 20.582000732421875
        },
        {
            "jd": 2458666.67287,
            "fid": 2,
            "diffmaglim": 20.011999130249023
        },
        {
            "jd": 2458666.67333,
            "fid": 2,
            "diffmaglim": 20.107999801635742
        },
        {
            "jd": 2458666.70235,
            "fid": 1,
            "diffmaglim": 20.327999114990234
        },
        {
            "jd": 2458669.6852,
            "fid": 2,
            "diffmaglim": 20.104000091552734
        },
        {
            "jd": 2458669.68659,
            "fid": 2,
            "diffmaglim": 20.097000122070312
        },
        {
            "jd": 2458672.67979,
            "fid": 1,
            "diffmaglim": 20.18899917602539
        },
        {
            "jd": 2458672.6812,
            "fid": 1,
            "diffmaglim": 20.256000518798828
        },
        {
            "jd": 2458672.69431,
            "fid": 2,
            "diffmaglim": 20.288000106811523
        },
        {
            "jd": 2458672.69522,
            "fid": 2,
            "diffmaglim": 20.134000778198242
        },
        {
            "jd": 2458675.73503,
            "fid": 2,
            "diffmaglim": 19.47800064086914
        },
        {
            "jd": 2458675.73549,
            "fid": 2,
            "diffmaglim": 19.423999786376953
        },
        {
            "jd": 2458675.80082,
            "fid": 1,
            "diffmaglim": 19.215999603271484
        },
        {
            "jd": 2458675.80127,
            "fid": 1,
            "diffmaglim": 19.27400016784668
        },
        {
            "jd": 2458678.70766,
            "fid": 2,
            "diffmaglim": 19.726999282836914
        },
        {
            "jd": 2458678.70812,
            "fid": 2,
            "diffmaglim": 19.823999404907227
        },
        {
            "jd": 2458678.75417,
            "fid": 1,
            "diffmaglim": 19.447999954223633
        },
        {
            "jd": 2458678.75831,
            "fid": 1,
            "diffmaglim": 19.386999130249023
        },
        {
            "jd": 2458681.74247,
            "fid": 2,
            "diffmaglim": 19.445999145507812
        },
        {
            "jd": 2458681.74292,
            "fid": 2,
            "diffmaglim": 19.416000366210938
        }
    ],
    "forcedphot": []
}