{
    "objectId": "ZTF19acmbekd",
    "candidates": [
        {
            "candid": 1031462513015015016,
            "jd": 2458785.9625116,
            "ra": 118.02654,
            "dec": 24.3386005,
            "fid": 1,
            "nid": 1031,
            "magpsf": 20.523099899291992,
            "sigmapsf": 0.2503789961338043,
            "magnr": 22.625999450683594,
            "sigmagnr": 0.23399999737739563,
            "magzpsci": 26.152099609375,
            "isdiffpos": "t",
            "ssdistnr": -999.0,
            "ssnamenr": "-999.0",
            "drb": null
        },
        {
            "candid": 1034505043015015019,
            "jd": 2458789.0050463,
            "ra": 118.0264953,
            "dec": 24.3385967,
            "fid": 1,
            "nid": 1034,
            "magpsf": 18.85849952697754,
            "sigmapsf": 0.08111300319433212,
            "magnr": 22.625999450683594,
            "sigmagnr": 0.23399999737739563,
            "magzpsci": 26.16550064086914,
            "isdiffpos": "t",
            "ssdistnr": -999.0,
            "ssnamenr": "null",
            "drb": 0.9999989867210388
        },
        {
            "candid": 1034525243015015019,
            "jd": 2458789.0252431,
            "ra": 118.0264683,
            "dec": 24.3386107,
            "fid": 2,
            "nid": 1034,
            "magpsf": 19.224000930786133,
            "sigmapsf": 0.10428900271654129,
            "magnr": 20.562000274658203,
            "sigmagnr": 0.1289999932050705,
            "magzpsci": 26.139999389648438,
            "isdiffpos": "t",
            "ssdistnr": -999.0,
            "ssnamenr": "null",
            "drb": 0.9999880194664001
        },
        {
            "candid": 1037483663015015023,
            "jd": 2458791.983669,
            "ra": 118.0264417,
            "dec": 24.3386238,
            "fid": 2,
            "nid": 1037,
            "magpsf": 18.679100036621094,
            "sigmapsf": 0.07610300183296204,
            "magnr": 20.562000274658203,
            "sigmagnr": 0.1289999932050705,
            "magzpsci": 26.13010025024414,
            "isdiffpos": "t",
            "ssdistnr": -999.0,
            "ssnamenr": "null",
            "drb": 0.9913719892501831
        },
        {
            "candid": 1037524863015015017,
            "jd": 2458792.0248611,
            "ra": 118.026469,
            "dec": 24.3385984,
            "fid": 1,
            "nid": 1037,
            "magpsf": 18.42930030822754,
            "sigmapsf": 0.06253799796104431,
            "magnr": 22.625999450683594,
            "sigmagnr": 0.23399999737739563,
            "magzpsci": 26.156299591064453,
            "isdiffpos": "t",
            "ssdistnr": -999.0,
            "ssnamenr": "null",
            "drb": 1.0
        },
        {
            "candid": 1042533553015015012,
            "jd": 2458797.0335532,
            "ra": 118.0264671,
            "dec": 24.3385922,
            "fid": 2,
            "nid": 1042,
            "magpsf": 18.787200927734375,
            "sigmapsf": 0.08514600247144699,
            "magnr": 20.562000274658203,
            "sigmagnr": 0.1289999932050705,
            "magzpsci": 26.12820053100586,
            "isdiffpos": "t",
            "ssdistnr": -999.0,
            "ssnamenr": "null",
            "drb": 1.0
        },
        {
            "candid": 1042546773015015013,
            "jd": 2458797.0467708,
            "ra": 118.0264776,
            "dec": 24.3385674,
            "fid": 1,
            "nid": 1042,
            "magpsf": 18.702299118041992,
            "sigmapsf": 0.07508499920368195,
            "magnr": 22.625999450683594,
            "sigmagnr": 0.23399999737739563,
            "magzpsci": 26.154300689697266,
            "isdiffpos": "t",
            "ssdistnr": -999.0,
            "ssnamenr": "null",
            "drb": 1.0
        },
        {
            "candid": 1045378283015015010,
            "jd": 2458799.878287,
            "ra": 118.0265037,
            "dec": 24.3385658,
            "fid": 2,
            "nid": 1045,
            "magpsf": 19.158899307250977,
            "sigmapsf": 0.15629899501800537,
            "magnr": 20.562000274658203,
            "sigmagnr": 0.1289999932050705,
            "magzpsci": 26.116899490356445,
            "isdiffpos": "t",
            "ssdistnr": -999.0,
            "ssnamenr": "null",
            "drb": 0.9999200105667114
        },
        {
            "candid": 1045447373015015010,
            "jd": 2458799.9473727,
            "ra": 118.0264115,
            "dec": 24.3385674,
            "fid": 2,
            "nid": 1045,
            "magpsf": 19.159500122070312,
            "sigmapsf": 0.133760005235672,
            "magnr": 20.562000274658203,
            "sigmagnr": 0.1289999932050705,
            "magzpsci": 26.137500762939453,
            "isdiffpos": "t",
            "ssdistnr": -999.0,
            "ssnamenr": "null",
            "drb": 0.9999960064888
        },
        {
            "candid": 1046435113015015016,
            "jd": 2458800.9351157,
            "ra": 118.0264406,
            "dec": 24.3386204,
            "fid": 2,
            "nid": 1046,
            "magpsf": 19.077499389648438,
            "sigmapsf": 0.10931000113487244,
            "magnr": 20.562000274658203,
            "sigmagnr": 0.1289999932050705,
            "magzpsci": 26.112499237060547,
            "isdiffpos": "t",
            "ssdistnr": -999.0,
            "ssnamenr": "null",
            "drb": 0.9998700022697449
        },
        {
            "candid": 1048543543015015008,
            "jd": 2458803.0435417,
            "ra": 118.0264436,
            "dec": 24.3385594,
            "fid": 1,
            "nid": 1048,
            "magpsf": 19.189699172973633,
            "sigmapsf": 0.15326499938964844,
            "magnr": 22.625999450683594,
            "sigmagnr": 0.23399999737739563,
            "magzpsci": 26.15169906616211,
            "isdiffpos": "t",
            "ssdistnr": -999.0,
            "ssnamenr": "null",
            "drb": 0.9999459981918335
        },
        {
            "jd": 2458759.01066,
            "fid": 1,
            "diffmaglim": 20.548999786376953
        },
        {
            "jd": 2458759.97199,
            "fid": 1,
            "diffmaglim": 20.356000900268555
        },
        {
            "jd": 2458763.97372,
            "fid": 1,
            "diffmaglim": 20.577999114990234
        },
        {
            "jd": 2458766.9663,
            "fid": 1,
            "diffmaglim": 20.486000061035156
        },
        {
            "jd": 2458767.03022,
            "fid": 2,
            "diffmaglim": 20.260000228881836
        },
        {
            "jd": 2458767.95142,
            "fid": 1,
            "diffmaglim": 19.468000411987305
        },
        {
            "jd": 2458768.95625,
            "fid": 1,
            "diffmaglim": 19.503999710083008
        },
        {
            "jd": 2458769.97556,
            "fid": 2,
            "diffmaglim": 19.62700080871582
        },
        {
            "jd": 2458774.0162,
            "fid": 2,
            "diffmaglim": 18.990999221801758
        },
        {
            "jd": 2458780.00381,
            "fid": 1,
            "diffmaglim": 20.253999710083008
        },
        {
            "jd": 2458785.99814,
            "fid": 2,
            "diffmaglim": 20.32900047302246
        }
    ],
    "forcedphot": []
}