{
    "objectId": "ZTF20abfadah",
    "candidates": [
        {
            "candid": 1258309455715015025,
            "jd": 2459012.809456,
            "ra": 271.559771,
            "dec": 50.7262845,
            "fid": 1,
            "nid": 1258,
            "magpsf": 20.4419002532959,
            "sigmapsf": 0.2275339961051941,
            "magnr": 22.4689998626709,
            "sigmagnr": 0.23899999260902405,
            "magzpsci": 26.379899978637695,
            "isdiffpos": "t",
            "ssdistnr": -999.0,
            "ssnamenr": "-999.0",
            "drb": null
        },
        {
            "candid": 1259328775715015008,
            "jd": 2459013.8287731,
            "ra": 271.5596964,
            "dec": 50.7262704,
            "fid": 2,
            "nid": 1259,
            "magpsf": 20.230600357055664,
            "sigmapsf": 0.22175200283527374,
            "magnr": 22.354000091552734,
            "sigmagnr": 0.2160000056028366,
            "magzpsci": 26.23859977722168,
            "isdiffpos": "t",
            "ssdistnr": -999.0,
            "ssnamenr": "-999.0",
            "drb": null
        },
        {
            "candid": 1260263935715015007,
            "jd": 2459014.7639352,
            "ra": 271.5597264,
            "dec": 50.7262629,
            "fid": 2,
            "nid": 1260,
            "magpsf": 20.044099807739258,
            "sigmapsf": 0.18924899399280548,
            "magnr": 22.354000091552734,
            "sigmagnr": 0.2160000056028366,
            "magzpsci": 26.23710060119629,
            "isdiffpos": "t",
            "ssdistnr": -999.0,
            "ssnamenr": "null",
            "drb": 0.9992709755897522
        },
        {
            "candid": 1260347685715015014,
            "jd": 2459014.8476852,
            "ra": 271.5597782,
            "dec": 50.7262642,
            "fid": 1,
            "nid": 1260,
            "magpsf": 19.82699966430664,
            "sigmapsf": 0.1411460041999817,
            "magnr": 22.4689998626709,
            "sigmagnr": 0.23899999260902405,
            "magzpsci": 26.367000579833984,
            "isdiffpos": "t",
            "ssdistnr": -999.0,
            "ssnamenr": "null",
            "drb": 1.0
        },
        {
            "candid": 1261339835715015020,
            "jd": 2459015.839838,
            "ra": 271.5596932,
            "dec": 50.7262748,
            "fid": 2,
            "nid": 1261,
            "magpsf": 19.93560028076172,
            "sigmapsf": 0.14869700372219086,
            "magnr": 22.354000091552734,
            "sigmagnr": 0.2160000056028366,
            "magzpsci": 26.193599700927734,
            "isdiffpos": "t",
            "ssdistnr": -999.0,
            "ssnamenr": "null",
            "drb": 0.9996960163116455
        },
        {
            "candid": 1262347235715015019,
            "jd": 2459016.8472338,
            "ra": 271.5598082,
            "dec": 50.7262589,
            "fid": 1,
            "nid": 1262,
            "magpsf": 19.50349998474121,
            "sigmapsf": 0.13955099880695343,
            "magnr": 22.4689998626709,
            "sigmagnr": 0.23899999260902405,
            "magzpsci": 26.012500762939453,
            "isdiffpos": "t",
            "ssdistnr": -999.0,
            "ssnamenr": "null",
            "drb": 0.9991599917411804
        },
        {
            "candid": 1263288705715015011,
            "jd": 2459017.7887037,
            "ra": 271.5597384,
            "dec": 50.7262948,
            "fid": 2,
            "nid": 1263,
            "magpsf": 19.68790054321289,
            "sigmapsf": 0.12171900272369385,
            "magnr": 22.354000091552734,
            "sigmagnr": 0.2160000056028366,
            "magzpsci": 26.23189926147461,
            "isdiffpos": "t",
            "ssdistnr": -999.0,
            "ssnamenr": "null",
            "drb": 0.9992989897727966
        },
        {
            "candid": 1263323805715015010,
            "jd": 2459017.8238079,
            "ra": 271.5597981,
            "dec": 50.726251,
            "fid": 1,
            "nid": 1263,
            "magpsf": 19.652099609375,
            "sigmapsf": 0.11679299920797348,
            "magnr": 22.4689998626709,
            "sigmagnr": 0.23899999260902405,
            "magzpsci": 26.357099533081055,
            "isdiffpos": "t",
            "ssdistnr": -999.0,
            "ssnamenr": "null",
            "drb": 0.9998800158500671
        },
        {
            "candid": 1264347105715015028,
            "jd": 2459018.8471065,
            "ra": 271.5597724,
            "dec": 50.7262632,
            "fid": 1,
            "nid": 1264,
            "magpsf": 19.518999099731445,
            "sigmapsf": 0.12430000305175781,
            "magnr": 22.4689998626709,
            "sigmagnr": 0.23899999260902405,
            "magzpsci": 26.35099983215332,
            "isdiffpos": "t",
            "ssdistnr": -999.0,
            "ssnamenr": "null",
            "drb": 0.9999719858169556
        },
        {
            "candid": 1265285895715015016,
            "jd": 2459019.7858912,
            "ra": 271.5597947,
            "dec": 50.7262383,
            "fid": 1,
            "nid": 1265,
            "magpsf": 19.506200790405273,
            "sigmapsf": 0.125900000333786,
            "magnr": 22.4689998626709,
            "sigmagnr": 0.23899999260902405,
            "magzpsci": 26.323200225830078,
            "isdiffpos": "t",
            "ssdistnr": -999.0,
            "ssnamenr": "-999.0",
            "drb": null
        },
        {
            "candid": 1265363695715015014,
            "jd": 2459019.8636921,
            "ra": 271.5597213,
            "dec": 50.726273,
            "fid": 2,
            "nid": 1265,
            "magpsf": 19.54360008239746,
            "sigmapsf": 0.12013199925422668,
            "magnr": 22.354000091552734,
            "sigmagnr": 0.2160000056028366,
            "magzpsci": 26.218599319458008,
            "isdiffpos": "t",
            "ssdistnr": -999.0,
            "ssnamenr": "-999.0",
            "drb": null
        },
        {
            "candid": 1266281265715015010,
            "jd": 2459020.7812616,
            "ra": 271.5596844,
            "dec": 50.7262828,
            "fid": 2,
            "nid": 1266,
            "magpsf": 19.48040008544922,
            "sigmapsf": 0.11824099719524384,
            "magnr": 22.354000091552734,
            "sigmagnr": 0.2160000056028366,
            "magzpsci": 26.196399688720703,
            "isdiffpos": "t",
            "ssdistnr": -999.0,
            "ssnamenr": "-999.0",
            "drb": null
        },
        {
            "candid": 1266374305715015012,
            "jd": 2459020.8743056,
            "ra": 271.5597992,
            "dec": 50.7262716,
            "fid": 1,
            "nid": 1266,
            "magpsf": 19.41080093383789,
            "sigmapsf": 0.11912800371646881,
            "magnr": 22.4689998626709,
            "sigmagnr": 0.23899999260902405,
            "magzpsci": 26.319799423217773,
            "isdiffpos": "t",
            "ssdistnr": -999.0,
            "ssnamenr": "null",
            "drb": 0.9999169707298279
        },
        {
            "candid": 1268256755715015008,
            "jd": 2459022.7567593,
            "ra": 271.5596909,
            "dec": 50.7262449,
            "fid": 2,
            "nid": 1268,
            "magpsf": 19.34119987487793,
            "sigmapsf": 0.09507200121879578,
            "magnr": 22.354000091552734,
            "sigmagnr": 0.2160000056028366,
            "magzpsci": 26.23419952392578,
            "isdiffpos": "t",
            "ssdistnr": -999.0,
            "ssnamenr": "null",
            "drb": 0.9989100098609924
        },
        {
            "candid": 1268346805715015019,
            "jd": 2459022.8468056,
            "ra": 271.5597333,
            "dec": 50.7262469,
            "fid": 1,
            "nid": 1268,
            "magpsf": 19.345699310302734,
            "sigmapsf": 0.1050800010561943,
            "magnr": 22.4689998626709,
            "sigmagnr": 0.23899999260902405,
            "magzpsci": 26.359699249267578,
            "isdiffpos": "t",
            "ssdistnr": -999.0,
            "ssnamenr": "null",
            "drb": 0.9999949932098389
        },
        {
            "candid": 1269307435715015015,
            "jd": 2459023.8074306,
            "ra": 271.5596966,
            "dec": 50.7262445,
            "fid": 2,
            "nid": 1269,
            "magpsf": 19.264699935913086,
            "sigmapsf": 0.10660099983215332,
            "magnr": 22.354000091552734,
            "sigmagnr": 0.2160000056028366,
            "magzpsci": 26.228700637817383,
            "isdiffpos": "t",
            "ssdistnr": -999.0,
            "ssnamenr": "null",
            "drb": 0.9999979734420776
        },
        {
            "candid": 1269327975715015018,
            "jd": 2459023.8279745,
            "ra": 271.5597422,
            "dec": 50.7262541,
            "fid": 1,
            "nid": 1269,
            "magpsf": 19.321399688720703,
            "sigmapsf": 0.104933001101017,
            "magnr": 22.4689998626709,
            "sigmagnr": 0.23899999260902405,
            "magzpsci": 26.345399856567383,
            "isdiffpos": "t",
            "ssdistnr": -999.0,
            "ssnamenr": "null",
            "drb": 0.9999930262565613
        },
        {
            "candid": 1270262995715015022,
            "jd": 2459024.7629977,
            "ra": 271.5596905,
            "dec": 50.7262825,
            "fid": 2,
            "nid": 1270,
            "magpsf": 19.291200637817383,
            "sigmapsf": 0.10618200153112411,
            "magnr": 22.354000091552734,
            "sigmagnr": 0.2160000056028366,
            "magzpsci": 26.145200729370117,
            "isdiffpos": "t",
            "ssdistnr": -999.0,
            "ssnamenr": "null",
            "drb": 0.9999020099639893
        },
        {
            "candid": 1270288935715015025,
            "jd": 2459024.7889352,
            "ra": 271.559744,
            "dec": 50.7262565,
            "fid": 1,
            "nid": 1270,
            "magpsf": 19.29050064086914,
            "sigmapsf": 0.1093280017375946,
            "magnr": 22.4689998626709,
            "sigmagnr": 0.23899999260902405,
            "magzpsci": 26.178499221801758,
            "isdiffpos": "t",
            "ssdistnr": -999.0,
            "ssnamenr": "null",
            "drb": 0.9999970197677612
        },
        {
            "candid": 1271330705715015016,
            "jd": 2459025.830706,
            "ra": 271.5597571,
            "dec": 50.7262717,
            "fid": 1,
            "nid": 1271,
            "magpsf": 19.2947998046875,
            "sigmapsf": 0.10439799726009369,
            "magnr": 22.4689998626709,
            "sigmagnr": 0.23899999260902405,
            "magzpsci": 26.37779998779297,
            "isdiffpos": "t",
            "ssdistnr": -999.0,
            "ssnamenr": "null",
            "drb": 0.9999970197677612
        },
        {
            "candid": 1271365095715015011,
            "jd": 2459025.8650926,
            "ra": 271.5597217,
            "dec": 50.7262738,
            "fid": 2,
            "nid": 1271,
            "magpsf": 19.25659942626953,
            "sigmapsf": 0.10603500157594681,
            "magnr": 22.354000091552734,
            "sigmagnr": 0.2160000056028366,
            "magzpsci": 26.2455997467041,
            "isdiffpos": "t",
            "ssdistnr": -999.0,
            "ssnamenr": "null",
            "drb": 0.999770998954773
        },
        {
            "candid": 1272367515715015022,
            "jd": 2459026.8675116,
            "ra": 271.5597211,
            "dec": 50.7262663,
            "fid": 1,
            "nid": 1272,
            "magpsf": 19.225299835205078,
            "sigmapsf": 0.10469099879264832,
            "magnr": 22.4689998626709,
            "sigmagnr": 0.23899999260902405,
            "magzpsci": 26.363300323486328,
            "isdiffpos": "t",
            "ssdistnr": -999.0,
            "ssnamenr": "null",
            "drb": 1.0
        },
        {
            "candid": 1273241435715015013,
            "jd": 2459027.7414352,
            "ra": 271.5596926,
            "dec": 50.7262542,
            "fid": 1,
            "nid": 1273,
            "magpsf": 19.27560043334961,
            "sigmapsf": 0.13583700358867645,
            "magnr": 22.4689998626709,
            "sigmagnr": 0.23899999260902405,
            "magzpsci": 26.2096004486084,
            "isdiffpos": "t",
            "ssdistnr": -999.0,
            "ssnamenr": "null",
            "drb": 0.9999960064888
        },
        {
            "candid": 1273278545715015007,
            "jd": 2459027.7785417,
            "ra": 271.5597022,
            "dec": 50.7262535,
            "fid": 2,
            "nid": 1273,
            "magpsf": 19.133499145507812,
            "sigmapsf": 0.11845400184392929,
            "magnr": 22.354000091552734,
            "sigmagnr": 0.2160000056028366,
            "magzpsci": 26.120500564575195,
            "isdiffpos": "t",
            "ssdistnr": -999.0,
            "ssnamenr": "null",
            "drb": 0.9999909996986389
        },
        {
            "candid": 1274257695715015008,
            "jd": 2459028.7576968,
            "ra": 271.5597075,
            "dec": 50.7262587,
            "fid": 2,
            "nid": 1274,
            "magpsf": 19.196800231933594,
            "sigmapsf": 0.12065699696540833,
            "magnr": 22.354000091552734,
            "sigmagnr": 0.2160000056028366,
            "magzpsci": 26.18779945373535,
            "isdiffpos": "t",
            "ssdistnr": -999.0,
            "ssnamenr": "null",
            "drb": 0.9999489784240723
        },
        {
            "candid": 1274342365715015015,
            "jd": 2459028.8423611,
            "ra": 271.5597764,
            "dec": 50.7262659,
            "fid": 1,
            "nid": 1274,
            "magpsf": 19.25779914855957,
            "sigmapsf": 0.1283619999885559,
            "magnr": 22.4689998626709,
            "sigmagnr": 0.23899999260902405,
            "magzpsci": 26.2898006439209,
            "isdiffpos": "t",
            "ssdistnr": -999.0,
            "ssnamenr": "null",
            "drb": 1.0
        },
        {
            "candid": 1275261275715015012,
            "jd": 2459029.7612731,
            "ra": 271.5596802,
            "dec": 50.7262232,
            "fid": 1,
            "nid": 1275,
            "magpsf": 19.23859977722168,
            "sigmapsf": 0.1808290034532547,
            "magnr": 22.4689998626709,
            "sigmagnr": 0.23899999260902405,
            "magzpsci": 26.3656005859375,
            "isdiffpos": "t",
            "ssdistnr": -999.0,
            "ssnamenr": "null",
            "drb": 0.9999989867210388
        },
        {
            "candid": 1276366065715015006,
            "jd": 2459030.8660648,
            "ra": 271.5597382,
            "dec": 50.726247,
            "fid": 1,
            "nid": 1276,
            "magpsf": 19.20240020751953,
            "sigmapsf": 0.1481200009584427,
            "magnr": 22.4689998626709,
            "sigmagnr": 0.23899999260902405,
            "magzpsci": 26.30940055847168,
            "isdiffpos": "t",
            "ssdistnr": -999.0,
            "ssnamenr": "null",
            "drb": 0.9999939799308777
        },
        {
            "candid": 1277326345715015003,
            "jd": 2459031.8263426,
            "ra": 271.5597342,
            "dec": 50.7262511,
            "fid": 1,
            "nid": 1277,
            "magpsf": 19.205299377441406,
            "sigmapsf": 0.1251630038022995,
            "magnr": 22.4689998626709,
            "sigmagnr": 0.23899999260902405,
            "magzpsci": 26.31329917907715,
            "isdiffpos": "t",
            "ssdistnr": -999.0,
            "ssnamenr": "null",
            "drb": 1.0
        },
        {
            "candid": 1277364345715015005,
            "jd": 2459031.8643403,
            "ra": 271.5596842,
            "dec": 50.7262559,
            "fid": 2,
            "nid": 1277,
            "magpsf": 19.13800048828125,
            "sigmapsf": 0.1285409927368164,
            "magnr": 22.354000091552734,
            "sigmagnr": 0.2160000056028366,
            "magzpsci": 26.20199966430664,
            "isdiffpos": "t",
            "ssdistnr": -999.0,
            "ssnamenr": "null",
            "drb": 0.9999470114707947
        },
        {
            "candid": 1278241215715015002,
            "jd": 2459032.7412153,
            "ra": 271.5596826,
            "dec": 50.7262833,
            "fid": 2,
            "nid": 1278,
            "magpsf": 19.134599685668945,
            "sigmapsf": 0.11836899816989899,
            "magnr": 22.354000091552734,
            "sigmagnr": 0.2160000056028366,
            "magzpsci": 26.231599807739258,
            "isdiffpos": "t",
            "ssdistnr": -999.0,
            "ssnamenr": "null",
            "drb": 0.9998400211334229
        },
        {
            "candid": 1278351405715015009,
            "jd": 2459032.8514005,
            "ra": 271.5596728,
            "dec": 50.7262818,
            "fid": 2,
            "nid": 1278,
            "magpsf": 18.95949935913086,
            "sigmapsf": 0.1104310005903244,
            "magnr": 22.354000091552734,
            "sigmagnr": 0.2160000056028366,
            "magzpsci": 26.230499267578125,
            "isdiffpos": "t",
            "ssdistnr": -999.0,
            "ssnamenr": "null",
            "drb": 0.9999979734420776
        },
        {
            "candid": 1278392165715015006,
            "jd": 2459032.8921644,
            "ra": 271.5597202,
            "dec": 50.7262584,
            "fid": 1,
            "nid": 1278,
            "magpsf": 19.086999893188477,
            "sigmapsf": 0.17861400544643402,
            "magnr": 22.4689998626709,
            "sigmagnr": 0.23899999260902405,
            "magzpsci": 26.327999114990234,
            "isdiffpos": "t",
            "ssdistnr": -999.0,
            "ssnamenr": "null",
            "drb": 0.9999960064888
        },
        {
            "candid": 1279211555715015011,
            "jd": 2459033.7115509,
            "ra": 271.5596708,
            "dec": 50.7262765,
            "fid": 1,
            "nid": 1279,
            "magpsf": 19.17169952392578,
            "sigmapsf": 0.21139000356197357,
            "magnr": 22.4689998626709,
            "sigmagnr": 0.23899999260902405,
            "magzpsci": 26.359699249267578,
            "isdiffpos": "t",
            "ssdistnr": -999.0,
            "ssnamenr": "null",
            "drb": 0.9999039769172668
        },
        {
            "candid": 1279322595715015008,
            "jd": 2459033.8225926,
            "ra": 271.5597098,
            "dec": 50.7262268,
            "fid": 2,
            "nid": 1279,
            "magpsf": 19.03339958190918,
            "sigmapsf": 0.14268000423908234,
            "magnr": 22.354000091552734,
            "sigmagnr": 0.2160000056028366,
            "magzpsci": 26.246400833129883,
            "isdiffpos": "t",
            "ssdistnr": -999.0,
            "ssnamenr": "null",
            "drb": 1.0
        },
        {
            "candid": 1280216585715015004,
            "jd": 2459034.7165856,
            "ra": 271.5596611,
            "dec": 50.7262389,
            "fid": 1,
            "nid": 1280,
            "magpsf": 19.18269920349121,
            "sigmapsf": 0.16720999777317047,
            "magnr": 22.4689998626709,
            "sigmagnr": 0.23899999260902405,
            "magzpsci": 26.352699279785156,
            "isdiffpos": "t",
            "ssdistnr": -999.0,
            "ssnamenr": "null",
            "drb": 0.9999979734420776
        },
        {
            "candid": 1280349935715015005,
            "jd": 2459034.8499306,
            "ra": 271.5596808,
            "dec": 50.7262796,
            "fid": 2,
            "nid": 1280,
            "magpsf": 19.09600067138672,
            "sigmapsf": 0.1280670017004013,
            "magnr": 22.354000091552734,
            "sigmagnr": 0.2160000056028366,
            "magzpsci": 26.23699951171875,
            "isdiffpos": "t",
            "ssdistnr": -999.0,
            "ssnamenr": "null",
            "drb": 0.9998959898948669
        },
        {
            "candid": 1280360865715015013,
            "jd": 2459034.8608681,
            "ra": 271.5597143,
            "dec": 50.726269,
            "fid": 2,
            "nid": 1280,
            "magpsf": 19.2101993560791,
            "sigmapsf": 0.134661003947258,
            "magnr": 22.354000091552734,
            "sigmagnr": 0.2160000056028366,
            "magzpsci": 26.22719955444336,
            "isdiffpos": "t",
            "ssdistnr": -999.0,
            "ssnamenr": "null",
            "drb": 0.9996809959411621
        },
        {
            "candid": 1281217035715015004,
            "jd": 2459035.717037,
            "ra": 271.5596644,
            "dec": 50.726247,
            "fid": 1,
            "nid": 1281,
            "magpsf": 19.12929916381836,
            "sigmapsf": 0.21498499810695648,
            "magnr": 22.4689998626709,
            "sigmagnr": 0.23899999260902405,
            "magzpsci": 26.34630012512207,
            "isdiffpos": "t",
            "ssdistnr": -999.0,
            "ssnamenr": "null",
            "drb": 0.9999039769172668
        },
        {
            "candid": 1281344675715015004,
            "jd": 2459035.8446759,
            "ra": 271.5597012,
            "dec": 50.7263099,
            "fid": 2,
            "nid": 1281,
            "magpsf": 19.1210994720459,
            "sigmapsf": 0.15910300612449646,
            "magnr": 22.354000091552734,
            "sigmagnr": 0.2160000056028366,
            "magzpsci": 26.234100341796875,
            "isdiffpos": "t",
            "ssdistnr": -999.0,
            "ssnamenr": "null",
            "drb": 0.9999740123748779
        },
        {
            "candid": 1283330675715015008,
            "jd": 2459037.8306713,
            "ra": 271.5596645,
            "dec": 50.7262783,
            "fid": 2,
            "nid": 1283,
            "magpsf": 19.03070068359375,
            "sigmapsf": 0.12690800428390503,
            "magnr": 22.354000091552734,
            "sigmagnr": 0.2160000056028366,
            "magzpsci": 26.240699768066406,
            "isdiffpos": "t",
            "ssdistnr": -999.0,
            "ssnamenr": "null",
            "drb": 0.9995549917221069
        },
        {
            "candid": 1284223575715015012,
            "jd": 2459038.7235764,
            "ra": 271.5596964,
            "dec": 50.7262395,
            "fid": 2,
            "nid": 1284,
            "magpsf": 19.052799224853516,
            "sigmapsf": 0.09716299921274185,
            "magnr": 22.354000091552734,
            "sigmagnr": 0.2160000056028366,
            "magzpsci": 26.240800857543945,
            "isdiffpos": "t",
            "ssdistnr": -999.0,
            "ssnamenr": "null",
            "drb": 0.9991959929466248
        },
        {
            "candid": 1284266575715015003,
            "jd": 2459038.7665741,
            "ra": 271.559739,
            "dec": 50.7262364,
            "fid": 1,
            "nid": 1284,
            "magpsf": 19.150699615478516,
            "sigmapsf": 0.12178999930620193,
            "magnr": 22.4689998626709,
            "sigmagnr": 0.23899999260902405,
            "magzpsci": 26.37070083618164,
            "isdiffpos": "t",
            "ssdistnr": -999.0,
            "ssnamenr": "null",
            "drb": 0.9999979734420776
        },
        {
            "candid": 1284346265715015009,
            "jd": 2459038.8462616,
            "ra": 271.5596734,
            "dec": 50.7262528,
            "fid": 2,
            "nid": 1284,
            "magpsf": 19.06410026550293,
            "sigmapsf": 0.13924600183963776,
            "magnr": 22.354000091552734,
            "sigmagnr": 0.2160000056028366,
            "magzpsci": 26.240100860595703,
            "isdiffpos": "t",
            "ssdistnr": -999.0,
            "ssnamenr": "null",
            "drb": 0.999983012676239
        },
        {
            "candid": 1286367475715015007,
            "jd": 2459040.8674769,
            "ra": 271.5596868,
            "dec": 50.7262548,
            "fid": 2,
            "nid": 1286,
            "magpsf": 19.06060028076172,
            "sigmapsf": 0.0967549979686737,
            "magnr": 22.354000091552734,
            "sigmagnr": 0.2160000056028366,
            "magzpsci": 26.215599060058594,
            "isdiffpos": "t",
            "ssdistnr": -999.0,
            "ssnamenr": "null",
            "drb": 0.9999809861183167
        },
        {
            "candid": 1287222385715015025,
            "jd": 2459041.7223843,
            "ra": 271.5597172,
            "dec": 50.726276,
            "fid": 1,
            "nid": 1287,
            "magpsf": 19.20039939880371,
            "sigmapsf": 0.08729299902915955,
            "magnr": 22.4689998626709,
            "sigmagnr": 0.23899999260902405,
            "magzpsci": 26.282400131225586,
            "isdiffpos": "t",
            "ssdistnr": -999.0,
            "ssnamenr": "null",
            "drb": 0.9999909996986389
        },
        {
            "candid": 1287274065715015025,
            "jd": 2459041.7740625,
            "ra": 271.5596902,
            "dec": 50.7262788,
            "fid": 2,
            "nid": 1287,
            "magpsf": 19.125600814819336,
            "sigmapsf": 0.09149199724197388,
            "magnr": 22.354000091552734,
            "sigmagnr": 0.2160000056028366,
            "magzpsci": 26.187599182128906,
            "isdiffpos": "t",
            "ssdistnr": -999.0,
            "ssnamenr": "null",
            "drb": 0.9964450001716614
        },
        {
            "candid": 1288343575715015010,
            "jd": 2459042.8435764,
            "ra": 271.5597145,
            "dec": 50.7262744,
            "fid": 1,
            "nid": 1288,
            "magpsf": 19.170499801635742,
            "sigmapsf": 0.11138100177049637,
            "magnr": 22.4689998626709,
            "sigmagnr": 0.23899999260902405,
            "magzpsci": 26.272499084472656,
            "isdiffpos": "t",
            "ssdistnr": -999.0,
            "ssnamenr": "null",
            "drb": 0.9999989867210388
        },
        {
            "candid": 1290242695715015002,
            "jd": 2459044.7426968,
            "ra": 271.559721,
            "dec": 50.7262788,
            "fid": 2,
            "nid": 1290,
            "magpsf": 19.096200942993164,
            "sigmapsf": 0.08822400122880936,
            "magnr": 22.354000091552734,
            "sigmagnr": 0.2160000056028366,
            "magzpsci": 26.2362003326416,
            "isdiffpos": "t",
            "ssdistnr": -999.0,
            "ssnamenr": "null",
            "drb": 0.9999979734420776
        },
        {
            "candid": 1290324015715015020,
            "jd": 2459044.8240162,
            "ra": 271.5597354,
            "dec": 50.7262665,
            "fid": 1,
            "nid": 1290,
            "magpsf": 19.18600082397461,
            "sigmapsf": 0.09379900246858597,
            "magnr": 22.4689998626709,
            "sigmagnr": 0.23899999260902405,
            "magzpsci": 26.357999801635742,
            "isdiffpos": "t",
            "ssdistnr": -999.0,
            "ssnamenr": "null",
            "drb": 1.0
        },
        {
            "candid": 1291291425715015021,
            "jd": 2459045.7914236,
            "ra": 271.559752,
            "dec": 50.7262614,
            "fid": 1,
            "nid": 1291,
            "magpsf": 19.248600006103516,
            "sigmapsf": 0.10447899997234344,
            "magnr": 22.4689998626709,
            "sigmagnr": 0.23899999260902405,
            "magzpsci": 26.364599227905273,
            "isdiffpos": "t",
            "ssdistnr": -999.0,
            "ssnamenr": "null",
            "drb": 0.9999369978904724
        },
        {
            "candid": 1293271075715015017,
            "jd": 2459047.7710764,
            "ra": 271.5597392,
            "dec": 50.7262632,
            "fid": 1,
            "nid": 1293,
            "magpsf": 19.254499435424805,
            "sigmapsf": 0.09957700222730637,
            "magnr": 22.4689998626709,
            "sigmagnr": 0.23899999260902405,
            "magzpsci": 26.36750030517578,
            "isdiffpos": "t",
            "ssdistnr": -999.0,
            "ssnamenr": "null",
            "drb": 0.9999920129776001
        },
        {
            "candid": 1293326675715015013,
            "jd": 2459047.8266782,
            "ra": 271.5596967,
            "dec": 50.7262456,
            "fid": 2,
            "nid": 1293,
            "magpsf": 19.128400802612305,
            "sigmapsf": 0.095940001308918,
            "magnr": 22.354000091552734,
            "sigmagnr": 0.2160000056028366,
            "magzpsci": 26.238399505615234,
            "isdiffpos": "t",
            "ssdistnr": -999.0,
            "ssnamenr": "null",
            "drb": 0.9998180270195007
        },
        {
            "candid": 1296303875715015007,
            "jd": 2459050.8038773,
            "ra": 271.5596936,
            "dec": 50.7262389,
            "fid": 2,
            "nid": 1296,
            "magpsf": 19.137800216674805,
            "sigmapsf": 0.09265200048685074,
            "magnr": 22.354000091552734,
            "sigmagnr": 0.2160000056028366,
            "magzpsci": 26.227800369262695,
            "isdiffpos": "t",
            "ssdistnr": -999.0,
            "ssnamenr": "null",
            "drb": 0.9997329711914062
        },
        {
            "candid": 1296371775715015021,
            "jd": 2459050.8717708,
            "ra": 271.5597187,
            "dec": 50.7262597,
            "fid": 1,
            "nid": 1296,
            "magpsf": 19.20319938659668,
            "sigmapsf": 0.1206360012292862,
            "magnr": 22.4689998626709,
            "sigmagnr": 0.23899999260902405,
            "magzpsci": 26.315200805664062,
            "isdiffpos": "t",
            "ssdistnr": -999.0,
            "ssnamenr": "null",
            "drb": 1.0
        },
        {
            "candid": 1299329665715015002,
            "jd": 2459053.8296644,
            "ra": 271.559708,
            "dec": 50.7262553,
            "fid": 2,
            "nid": 1299,
            "magpsf": 19.150699615478516,
            "sigmapsf": 0.08581099659204483,
            "magnr": 22.354000091552734,
            "sigmagnr": 0.2160000056028366,
            "magzpsci": 26.23870086669922,
            "isdiffpos": "t",
            "ssdistnr": -999.0,
            "ssnamenr": "null",
            "drb": 0.9999750256538391
        },
        {
            "candid": 1299347765715015018,
            "jd": 2459053.8477662,
            "ra": 271.5597451,
            "dec": 50.7262566,
            "fid": 1,
            "nid": 1299,
            "magpsf": 19.285200119018555,
            "sigmapsf": 0.13618700206279755,
            "magnr": 22.4689998626709,
            "sigmagnr": 0.23899999260902405,
            "magzpsci": 26.340200424194336,
            "isdiffpos": "t",
            "ssdistnr": -999.0,
            "ssnamenr": "null",
            "drb": 0.9999960064888
        },
        {
            "candid": 1302277385715015021,
            "jd": 2459056.7773843,
            "ra": 271.5597281,
            "dec": 50.7262612,
            "fid": 1,
            "nid": 1302,
            "magpsf": 19.33300018310547,
            "sigmapsf": 0.11163400113582611,
            "magnr": 22.4689998626709,
            "sigmagnr": 0.23899999260902405,
            "magzpsci": 26.33799934387207,
            "isdiffpos": "t",
            "ssdistnr": -999.0,
            "ssnamenr": "null",
            "drb": 0.9999840259552002
        },
        {
            "candid": 1302365645715015005,
            "jd": 2459056.8656481,
            "ra": 271.5596697,
            "dec": 50.7262645,
            "fid": 2,
            "nid": 1302,
            "magpsf": 19.1742000579834,
            "sigmapsf": 0.12785500288009644,
            "magnr": 22.354000091552734,
            "sigmagnr": 0.2160000056028366,
            "magzpsci": 26.191200256347656,
            "isdiffpos": "t",
            "ssdistnr": -999.0,
            "ssnamenr": "null",
            "drb": 0.9999819993972778
        },
        {
            "candid": 1305300105715015009,
            "jd": 2459059.8001042,
            "ra": 271.5597183,
            "dec": 50.7262433,
            "fid": 1,
            "nid": 1305,
            "magpsf": 19.403799057006836,
            "sigmapsf": 0.12186899781227112,
            "magnr": 22.4689998626709,
            "sigmagnr": 0.23899999260902405,
            "magzpsci": 26.35379981994629,
            "isdiffpos": "t",
            "ssdistnr": -999.0,
            "ssnamenr": "null",
            "drb": 0.9999960064888
        },
        {
            "candid": 1307166195715015008,
            "jd": 2459061.6661921,
            "ra": 271.5597191,
            "dec": 50.7262444,
            "fid": 1,
            "nid": 1307,
            "magpsf": 19.69260025024414,
            "sigmapsf": 0.19770699739456177,
            "magnr": 22.4689998626709,
            "sigmagnr": 0.23899999260902405,
            "magzpsci": 26.335599899291992,
            "isdiffpos": "t",
            "ssdistnr": -999.0,
            "ssnamenr": "null",
            "drb": 0.9742590188980103
        },
        {
            "candid": 1308307415715015002,
            "jd": 2459062.807419,
            "ra": 271.55968,
            "dec": 50.7262907,
            "fid": 2,
            "nid": 1308,
            "magpsf": 19.40250015258789,
            "sigmapsf": 0.13921299576759338,
            "magnr": 22.354000091552734,
            "sigmagnr": 0.2160000056028366,
            "magzpsci": 26.21649932861328,
            "isdiffpos": "t",
            "ssdistnr": -999.0,
            "ssnamenr": "null",
            "drb": 0.9998589754104614
        },
        {
            "candid": 1308349815715015006,
            "jd": 2459062.8498148,
            "ra": 271.5597147,
            "dec": 50.7262531,
            "fid": 1,
            "nid": 1308,
            "magpsf": 19.68120002746582,
            "sigmapsf": 0.19376899302005768,
            "magnr": 22.4689998626709,
            "sigmagnr": 0.23899999260902405,
            "magzpsci": 26.272199630737305,
            "isdiffpos": "t",
            "ssdistnr": -999.0,
            "ssnamenr": "null",
            "drb": 0.9967510104179382
        },
        {
            "candid": 1311213315715015009,
            "jd": 2459065.7133102,
            "ra": 271.5597125,
            "dec": 50.7262857,
            "fid": 1,
            "nid": 1311,
            "magpsf": 19.459199905395508,
            "sigmapsf": 0.20687399804592133,
            "magnr": 22.4689998626709,
            "sigmagnr": 0.23899999260902405,
            "magzpsci": 26.353200912475586,
            "isdiffpos": "t",
            "ssdistnr": -999.0,
            "ssnamenr": "null",
            "drb": 0.9999989867210388
        },
        {
            "candid": 1311346315715015006,
            "jd": 2459065.8463194,
            "ra": 271.5595503,
            "dec": 50.7262822,
            "fid": 2,
            "nid": 1311,
            "magpsf": 19.60770034790039,
            "sigmapsf": 0.2809000015258789,
            "magnr": 22.354000091552734,
            "sigmagnr": 0.2160000056028366,
            "magzpsci": 26.159700393676758,
            "isdiffpos": "t",
            "ssdistnr": -999.0,
            "ssnamenr": "-999.0",
            "drb": null
        },
        {
            "candid": 1312359785715015008,
            "jd": 2459066.8597801,
            "ra": 271.5596604,
            "dec": 50.7262436,
            "fid": 1,
            "nid": 1312,
            "magpsf": 19.710500717163086,
            "sigmapsf": 0.25213000178337097,
            "magnr": 22.4689998626709,
            "sigmagnr": 0.23899999260902405,
            "magzpsci": 26.263500213623047,
            "isdiffpos": "t",
            "ssdistnr": -999.0,
            "ssnamenr": "-999.0",
            "drb": null
        },
        {
            "candid": 1314220535715015014,
            "jd": 2459068.7205324,
            "ra": 271.5597264,
            "dec": 50.7262576,
            "fid": 1,
            "nid": 1314,
            "magpsf": 19.649999618530273,
            "sigmapsf": 0.17854100465774536,
            "magnr": 22.4689998626709,
            "sigmagnr": 0.23899999260902405,
            "magzpsci": 26.365999221801758,
            "isdiffpos": "t",
            "ssdistnr": -999.0,
            "ssnamenr": "null",
            "drb": 0.9999960064888
        },
        {
            "candid": 1314258795715015019,
            "jd": 2459068.7587963,
            "ra": 271.5596961,
            "dec": 50.7262298,
            "fid": 2,
            "nid": 1314,
            "magpsf": 19.701000213623047,
            "sigmapsf": 0.1323460042476654,
            "magnr": 22.354000091552734,
            "sigmagnr": 0.2160000056028366,
            "magzpsci": 26.231000900268555,
            "isdiffpos": "t",
            "ssdistnr": -999.0,
            "ssnamenr": "null",
            "drb": 0.9993389844894409
        },
        {
            "candid": 1317206315715015004,
            "jd": 2459071.7063194,
            "ra": 271.5596755,
            "dec": 50.7262441,
            "fid": 2,
            "nid": 1317,
            "magpsf": 19.68280029296875,
            "sigmapsf": 0.12977799773216248,
            "magnr": 22.354000091552734,
            "sigmagnr": 0.2160000056028366,
            "magzpsci": 26.21980094909668,
            "isdiffpos": "t",
            "ssdistnr": -999.0,
            "ssnamenr": "null",
            "drb": 0.9740369915962219
        },
        {
            "candid": 1320219575715015028,
            "jd": 2459074.7195718,
            "ra": 271.5597638,
            "dec": 50.7262886,
            "fid": 1,
            "nid": 1320,
            "magpsf": 19.96540069580078,
            "sigmapsf": 0.1849610060453415,
            "magnr": 22.4689998626709,
            "sigmagnr": 0.23899999260902405,
            "magzpsci": 26.26740074157715,
            "isdiffpos": "t",
            "ssdistnr": -999.0,
            "ssnamenr": "null",
            "drb": 0.9999889731407166
        },
        {
            "candid": 1320288655715015013,
            "jd": 2459074.7886574,
            "ra": 271.5597272,
            "dec": 50.7262856,
            "fid": 2,
            "nid": 1320,
            "magpsf": 19.856000900268555,
            "sigmapsf": 0.1625719964504242,
            "magnr": 22.354000091552734,
            "sigmagnr": 0.2160000056028366,
            "magzpsci": 26.038000106811523,
            "isdiffpos": "t",
            "ssdistnr": -999.0,
            "ssnamenr": "null",
            "drb": 0.9646769762039185
        },
        {
            "candid": 1323235485715015018,
            "jd": 2459077.7354861,
            "ra": 271.559786,
            "dec": 50.7262438,
            "fid": 1,
            "nid": 1323,
            "magpsf": 20.027099609375,
            "sigmapsf": 0.17740899324417114,
            "magnr": 22.4689998626709,
            "sigmagnr": 0.23899999260902405,
            "magzpsci": 26.232099533081055,
            "isdiffpos": "t",
            "ssdistnr": -999.0,
            "ssnamenr": "null",
            "drb": 0.9999970197677612
        },
        {
            "candid": 1323256295715015012,
            "jd": 2459077.7562963,
            "ra": 271.559656,
            "dec": 50.7262873,
            "fid": 2,
            "nid": 1323,
            "magpsf": 19.826200485229492,
            "sigmapsf": 0.13343699276447296,
            "magnr": 22.354000091552734,
            "sigmagnr": 0.2160000056028366,
            "magzpsci": 26.160200119018555,
            "isdiffpos": "t",
            "ssdistnr": -999.0,
            "ssnamenr": "null",
            "drb": 0.972823977470398
        },
        {
            "candid": 1326226445715015008,
            "jd": 2459080.7264468,
            "ra": 271.559749,
            "dec": 50.7262546,
            "fid": 1,
            "nid": 1326,
            "magpsf": 20.158599853515625,
            "sigmapsf": 0.22334200143814087,
            "magnr": 22.4689998626709,
            "sigmagnr": 0.23899999260902405,
            "magzpsci": 26.103599548339844,
            "isdiffpos": "t",
            "ssdistnr": -999.0,
            "ssnamenr": "-999.0",
            "drb": null
        },
        {
            "candid": 1326306855715015006,
            "jd": 2459080.8068519,
            "ra": 271.5597142,
            "dec": 50.7263023,
            "fid": 2,
            "nid": 1326,
            "magpsf": 19.983999252319336,
            "sigmapsf": 0.14840899407863617,
            "magnr": 22.354000091552734,
            "sigmagnr": 0.2160000056028366,
            "magzpsci": 26.04400062561035,
            "isdiffpos": "t",
            "ssdistnr": -999.0,
            "ssnamenr": "null",
            "drb": 0.9896559715270996
        },
        {
            "jd": 2458985.9069,
            "fid": 2,
            "diffmaglim": 20.71299934387207
        },
        {
            "jd": 2458985.9348,
            "fid": 1,
            "diffmaglim": 20.719999313354492
        },
        {
            "jd": 2458985.98446,
            "fid": 2,
            "diffmaglim": 20.360000610351562
        },
        {
            "jd": 2458986.9035,
            "fid": 1,
            "diffmaglim": 20.892000198364258
        },
        {
            "jd": 2458987.86385,
            "fid": 2,
            "diffmaglim": 20.80500030517578
        },
        {
            "jd": 2458991.91637,
            "fid": 1,
            "diffmaglim": 20.820999145507812
        },
        {
            "jd": 2458991.94767,
            "fid": 2,
            "diffmaglim": 20.702999114990234
        },
        {
            "jd": 2458992.8455,
            "fid": 1,
            "diffmaglim": 20.88800048828125
        },
        {
            "jd": 2458992.92472,
            "fid": 2,
            "diffmaglim": 20.63599967956543
        },
        {
            "jd": 2458994.8998,
            "fid": 1,
            "diffmaglim": 20.72100067138672
        },
        {
            "jd": 2458995.83917,
            "fid": 1,
            "diffmaglim": 20.843000411987305
        },
        {
            "jd": 2458995.93906,
            "fid": 2,
            "diffmaglim": 20.719999313354492
        },
        {
            "jd": 2458996.80418,
            "fid": 2,
            "diffmaglim": 20.59600067138672
        },
        {
            "jd": 2458996.82866,
            "fid": 1,
            "diffmaglim": 20.820999145507812
        },
        {
            "jd": 2458997.89299,
            "fid": 1,
            "diffmaglim": 20.917999267578125
        },
        {
            "jd": 2458997.9534,
            "fid": 2,
            "diffmaglim": 20.66200065612793
        },
        {
            "jd": 2458998.8256,
            "fid": 2,
            "diffmaglim": 20.695999145507812
        },
        {
            "jd": 2458998.8752,
            "fid": 1,
            "diffmaglim": 20.985000610351562
        },
        {
            "jd": 2458999.84731,
            "fid": 2,
            "diffmaglim": 20.48900032043457
        },
        {
            "jd": 2458999.9062,
            "fid": 1,
            "diffmaglim": 20.552000045776367
        },
        {
            "jd": 2459000.80765,
            "fid": 1,
            "diffmaglim": 20.148000717163086
        },
        {
            "jd": 2459000.88388,
            "fid": 2,
            "diffmaglim": 15.946999549865723
        },
        {
            "jd": 2459000.90779,
            "fid": 1,
            "diffmaglim": 19.358999252319336
        },
        {
            "jd": 2459001.91374,
            "fid": 1,
            "diffmaglim": 20.670000076293945
        },
        {
            "jd": 2459001.93451,
            "fid": 2,
            "diffmaglim": 20.60700035095215
        },
        {
            "jd": 2459002.93706,
            "fid": 1,
            "diffmaglim": 20.347000122070312
        },
        {
            "jd": 2459003.73685,
            "fid": 2,
            "diffmaglim": 17.542999267578125
        },
        {
            "jd": 2459004.79876,
            "fid": 2,
            "diffmaglim": 19.854999542236328
        },
        {
            "jd": 2459005.71578,
            "fid": 1,
            "diffmaglim": 19.39699935913086
        },
        {
            "jd": 2459005.79909,
            "fid": 2,
            "diffmaglim": 16.716999053955078
        },
        {
            "jd": 2459005.83211,
            "fid": 2,
            "diffmaglim": 15.980999946594238
        },
        {
            "jd": 2459008.84215,
            "fid": 2,
            "diffmaglim": 19.722999572753906
        },
        {
            "jd": 2459009.7862,
            "fid": 1,
            "diffmaglim": 19.992000579833984
        },
        {
            "jd": 2459009.86888,
            "fid": 2,
            "diffmaglim": 20.160999298095703
        },
        {
            "jd": 2459011.80858,
            "fid": 1,
            "diffmaglim": 20.6200008392334
        },
        {
            "jd": 2459011.82391,
            "fid": 2,
            "diffmaglim": 20.327999114990234
        },
        {
            "jd": 2459012.78441,
            "fid": 2,
            "diffmaglim": 20.440000534057617
        },
        {
            "jd": 2459016.76109,
            "fid": 2,
            "diffmaglim": 19.67300033569336
        },
        {
            "jd": 2459026.77894,
            "fid": 2,
            "diffmaglim": 16.961000442504883
        }
    ],
    "forcedphot": []
}