{
    "objectId": "ZTF24aaupoba",
    "candidates": [
        {
            "candid": 2757449034015015003,
            "jd": 2460511.9490394,
            "ra": 29.4820459,
            "dec": 13.3608201,
            "fid": 1,
            "nid": 2757,
            "magpsf": 18.21190071105957,
            "sigmapsf": 0.08527400344610214,
            "magnr": 20.086000442504883,
            "sigmagnr": 0.164000004529953,
            "magzpsci": 26.159900665283203,
            "isdiffpos": "t",
            "ssdistnr": null,
            "ssnamenr": null,
            "drb": 0.9999998807907104
        },
        {
            "candid": 2760446284015015002,
            "jd": 2460514.9462847,
            "ra": 29.4820735,
            "dec": 13.3608078,
            "fid": 1,
            "nid": 2760,
            "magpsf": 18.20159912109375,
            "sigmapsf": 0.10837200284004211,
            "magnr": 20.086000442504883,
            "sigmagnr": 0.164000004529953,
            "magzpsci": 26.220600128173828,
            "isdiffpos": "t",
            "ssdistnr": null,
            "ssnamenr": null,
            "drb": null
        },
        {
            "candid": 2762461184015015001,
            "jd": 2460516.9611806,
            "ra": 29.4820577,
            "dec": 13.3607901,
            "fid": 1,
            "nid": 2762,
            "magpsf": 18.089599609375,
            "sigmapsf": 0.08817999809980392,
            "magnr": 20.086000442504883,
            "sigmagnr": 0.164000004529953,
            "magzpsci": 26.175600051879883,
            "isdiffpos": "t",
            "ssdistnr": null,
            "ssnamenr": null,
            "drb": null
        },
        {
            "candid": 2766398854015015004,
            "jd": 2460520.8988542,
            "ra": 29.4820679,
            "dec": 13.3608236,
            "fid": 2,
            "nid": 2766,
            "magpsf": 17.87350082397461,
            "sigmapsf": 0.04926300048828125,
            "magnr": 21.39699935913086,
            "sigmagnr": 0.12999999523162842,
            "magzpsci": 26.350500106811523,
            "isdiffpos": "t",
            "ssdistnr": null,
            "ssnamenr": null,
            "drb": null
        },
        {
            "candid": 2766466924015015005,
            "jd": 2460520.9669213,
            "ra": 29.4820596,
            "dec": 13.3608112,
            "fid": 1,
            "nid": 2766,
            "magpsf": 18.09749984741211,
            "sigmapsf": 0.05916599929332733,
            "magnr": 20.086000442504883,
            "sigmagnr": 0.164000004529953,
            "magzpsci": 26.342500686645508,
            "isdiffpos": "t",
            "ssdistnr": null,
            "ssnamenr": null,
            "drb": null
        },
        {
            "candid": 2768455704015015006,
            "jd": 2460522.955706,
            "ra": 29.4820588,
            "dec": 13.3608199,
            "fid": 1,
            "nid": 2768,
            "magpsf": 18.108299255371094,
            "sigmapsf": 0.06624600291252136,
            "magnr": 20.086000442504883,
            "sigmagnr": 0.164000004529953,
            "magzpsci": 26.303300857543945,
            "isdiffpos": "t",
            "ssdistnr": null,
            "ssnamenr": null,
            "drb": null
        },
        {
            "candid": 2772444884015015003,
            "jd": 2460526.9448843,
            "ra": 29.4820705,
            "dec": 13.360829,
            "fid": 1,
            "nid": 2772,
            "magpsf": 18.05430030822754,
            "sigmapsf": 0.06010099872946739,
            "magnr": 20.086000442504883,
            "sigmagnr": 0.164000004529953,
            "magzpsci": 26.349300384521484,
            "isdiffpos": "t",
            "ssdistnr": null,
            "ssnamenr": null,
            "drb": null
        },
        {
            "candid": 2774446664015015007,
            "jd": 2460528.9466667,
            "ra": 29.48206,
            "dec": 13.3608078,
            "fid": 1,
            "nid": 2774,
            "magpsf": 18.06909942626953,
            "sigmapsf": 0.05545400083065033,
            "magnr": 20.086000442504883,
            "sigmagnr": 0.164000004529953,
            "magzpsci": 26.265100479125977,
            "isdiffpos": "t",
            "ssdistnr": null,
            "ssnamenr": null,
            "drb": null
        },
        {
            "candid": 2776410774015015011,
            "jd": 2460530.9107755,
            "ra": 29.482062,
            "dec": 13.3608193,
            "fid": 1,
            "nid": 2776,
            "magpsf": 18.071399688720703,
            "sigmapsf": 0.05993000045418739,
            "magnr": 20.086000442504883,
            "sigmagnr": 0.164000004529953,
            "magzpsci": 26.19339942932129,
            "isdiffpos": "t",
            "ssdistnr": null,
            "ssnamenr": null,
            "drb": null
        },
        {
            "candid": 2776457094015015003,
            "jd": 2460530.9570949,
            "ra": 29.4820678,
            "dec": 13.360849,
            "fid": 2,
            "nid": 2776,
            "magpsf": 17.75647735595703,
            "sigmapsf": 0.08818039298057556,
            "magnr": 21.39699935913086,
            "sigmagnr": 0.12999999523162842,
            "magzpsci": 24.998477935791016,
            "isdiffpos": "t",
            "ssdistnr": -999.0,
            "ssnamenr": "null",
            "drb": null
        },
        {
            "candid": 2778461754015015008,
            "jd": 2460532.9617593,
            "ra": 29.4820616,
            "dec": 13.3608258,
            "fid": 1,
            "nid": 2778,
            "magpsf": 18.101999282836914,
            "sigmapsf": 0.04261299967765808,
            "magnr": 20.086000442504883,
            "sigmagnr": 0.164000004529953,
            "magzpsci": 27.020000457763672,
            "isdiffpos": "t",
            "ssdistnr": null,
            "ssnamenr": null,
            "drb": null
        },
        {
            "candid": 2779462344015015007,
            "jd": 2460533.9623495,
            "ra": 29.4820702,
            "dec": 13.3608294,
            "fid": 1,
            "nid": 2779,
            "magpsf": 18.126699447631836,
            "sigmapsf": 0.04309900104999542,
            "magnr": 20.086000442504883,
            "sigmagnr": 0.164000004529953,
            "magzpsci": 27.034700393676758,
            "isdiffpos": "t",
            "ssdistnr": null,
            "ssnamenr": null,
            "drb": null
        },
        {
            "candid": 2780435504015015010,
            "jd": 2460534.9355093,
            "ra": 29.4820655,
            "dec": 13.3608073,
            "fid": 1,
            "nid": 2780,
            "magpsf": 18.141700744628906,
            "sigmapsf": 0.042649999260902405,
            "magnr": 20.086000442504883,
            "sigmagnr": 0.164000004529953,
            "magzpsci": 26.996700286865234,
            "isdiffpos": "t",
            "ssdistnr": null,
            "ssnamenr": null,
            "drb": null
        },
        {
            "candid": 2783409564015015005,
            "jd": 2460537.9095602,
            "ra": 29.4820573,
            "dec": 13.3608181,
            "fid": 1,
            "nid": 2783,
            "magpsf": 18.220399856567383,
            "sigmapsf": 0.06225699931383133,
            "magnr": 20.086000442504883,
            "sigmagnr": 0.164000004529953,
            "magzpsci": 26.372400283813477,
            "isdiffpos": "t",
            "ssdistnr": null,
            "ssnamenr": null,
            "drb": null
        },
        {
            "candid": 2783409564015025005,
            "jd": 2460537.9095602,
            "ra": 29.4820573,
            "dec": 13.3608181,
            "fid": 1,
            "nid": 2783,
            "magpsf": 18.220399856567383,
            "sigmapsf": 0.06225699931383133,
            "magnr": 20.086000442504883,
            "sigmagnr": 0.164000004529953,
            "magzpsci": 26.372400283813477,
            "isdiffpos": "t",
            "ssdistnr": null,
            "ssnamenr": null,
            "drb": null
        },
        {
            "candid": 2783426034015015005,
            "jd": 2460537.9260301,
            "ra": 29.4820671,
            "dec": 13.3608188,
            "fid": 2,
            "nid": 2783,
            "magpsf": 17.76930046081543,
            "sigmapsf": 0.04562700167298317,
            "magnr": 21.39699935913086,
            "sigmagnr": 0.12999999523162842,
            "magzpsci": 26.398300170898438,
            "isdiffpos": "t",
            "ssdistnr": null,
            "ssnamenr": null,
            "drb": null
        },
        {
            "candid": 2785409304015015004,
            "jd": 2460539.9093056,
            "ra": 29.4820477,
            "dec": 13.3608268,
            "fid": 1,
            "nid": 2785,
            "magpsf": 18.253000259399414,
            "sigmapsf": 0.07795999944210052,
            "magnr": 20.086000442504883,
            "sigmagnr": 0.164000004529953,
            "magzpsci": 26.327999114990234,
            "isdiffpos": "t",
            "ssdistnr": null,
            "ssnamenr": null,
            "drb": null
        },
        {
            "candid": 2789360204015015003,
            "jd": 2460543.8602083,
            "ra": 29.4820489,
            "dec": 13.3608207,
            "fid": 1,
            "nid": 2789,
            "magpsf": 18.410999298095703,
            "sigmapsf": 0.0965690016746521,
            "magnr": 20.086000442504883,
            "sigmagnr": 0.164000004529953,
            "magzpsci": 26.326000213623047,
            "isdiffpos": "t",
            "ssdistnr": null,
            "ssnamenr": null,
            "drb": null
        },
        {
            "candid": 2789455484015015003,
            "jd": 2460543.9554861,
            "ra": 29.4820748,
            "dec": 13.3608217,
            "fid": 2,
            "nid": 2789,
            "magpsf": 17.851699829101562,
            "sigmapsf": 0.054430000483989716,
            "magnr": 21.39699935913086,
            "sigmagnr": 0.12999999523162842,
            "magzpsci": 26.3976993560791,
            "isdiffpos": "t",
            "ssdistnr": null,
            "ssnamenr": null,
            "drb": null
        },
        {
            "candid": 2794385824015015005,
            "jd": 2460548.8858218,
            "ra": 29.4820586,
            "dec": 13.360808,
            "fid": 2,
            "nid": 2794,
            "magpsf": 17.935100555419922,
            "sigmapsf": 0.04686800017952919,
            "magnr": 21.39699935913086,
            "sigmagnr": 0.12999999523162842,
            "magzpsci": 26.36009979248047,
            "isdiffpos": "t",
            "ssdistnr": null,
            "ssnamenr": null,
            "drb": null
        },
        {
            "candid": 2794449374015015003,
            "jd": 2460548.949375,
            "ra": 29.4820632,
            "dec": 13.3607915,
            "fid": 1,
            "nid": 2794,
            "magpsf": 18.514699935913086,
            "sigmapsf": 0.08989600092172623,
            "magnr": 20.086000442504883,
            "sigmagnr": 0.164000004529953,
            "magzpsci": 26.349700927734375,
            "isdiffpos": "t",
            "ssdistnr": null,
            "ssnamenr": null,
            "drb": null
        },
        {
            "candid": 2796357704015015006,
            "jd": 2460550.8577083,
            "ra": 29.4820565,
            "dec": 13.3608073,
            "fid": 1,
            "nid": 2796,
            "magpsf": 18.6781005859375,
            "sigmapsf": 0.08267699927091599,
            "magnr": 20.086000442504883,
            "sigmagnr": 0.164000004529953,
            "magzpsci": 26.324100494384766,
            "isdiffpos": "t",
            "ssdistnr": null,
            "ssnamenr": null,
            "drb": null
        },
        {
            "candid": 2796419784015015007,
            "jd": 2460550.9197801,
            "ra": 29.4820664,
            "dec": 13.360832,
            "fid": 2,
            "nid": 2796,
            "magpsf": 17.945499420166016,
            "sigmapsf": 0.05321500077843666,
            "magnr": 21.39699935913086,
            "sigmagnr": 0.12999999523162842,
            "magzpsci": 26.411500930786133,
            "isdiffpos": "t",
            "ssdistnr": null,
            "ssnamenr": null,
            "drb": null
        },
        {
            "candid": 2798440984015015009,
            "jd": 2460552.9409838,
            "ra": 29.4820521,
            "dec": 13.360806,
            "fid": 1,
            "nid": 2798,
            "magpsf": 18.685800552368164,
            "sigmapsf": 0.06714099645614624,
            "magnr": 20.086000442504883,
            "sigmagnr": 0.164000004529953,
            "magzpsci": 26.40180015563965,
            "isdiffpos": "t",
            "ssdistnr": null,
            "ssnamenr": null,
            "drb": null
        },
        {
            "candid": 2801467814015015006,
            "jd": 2460555.9678125,
            "ra": 29.4820671,
            "dec": 13.3608149,
            "fid": 1,
            "nid": 2801,
            "magpsf": 18.790300369262695,
            "sigmapsf": 0.09731899946928024,
            "magnr": 20.086000442504883,
            "sigmagnr": 0.164000004529953,
            "magzpsci": 26.352399826049805,
            "isdiffpos": "t",
            "ssdistnr": 29.0,
            "ssnamenr": "2014WD106",
            "drb": null
        },
        {
            "candid": 2803415994015015005,
            "jd": 2460557.9159954,
            "ra": 29.4820631,
            "dec": 13.360808,
            "fid": 1,
            "nid": 2803,
            "magpsf": 18.894800186157227,
            "sigmapsf": 0.09070900082588196,
            "magnr": 20.086000442504883,
            "sigmagnr": 0.164000004529953,
            "magzpsci": 26.334800720214844,
            "isdiffpos": "t",
            "ssdistnr": null,
            "ssnamenr": null,
            "drb": null
        },
        {
            "candid": 2803424744015015007,
            "jd": 2460557.9247454,
            "ra": 29.4820542,
            "dec": 13.3608192,
            "fid": 2,
            "nid": 2803,
            "magpsf": 18.052099227905273,
            "sigmapsf": 0.04532799869775772,
            "magnr": 21.39699935913086,
            "sigmagnr": 0.12999999523162842,
            "magzpsci": 26.374099731445312,
            "isdiffpos": "t",
            "ssdistnr": null,
            "ssnamenr": null,
            "drb": null
        },
        {
            "candid": 2805366934015015007,
            "jd": 2460559.8669329,
            "ra": 29.4820632,
            "dec": 13.3607988,
            "fid": 1,
            "nid": 2805,
            "magpsf": 18.921100616455078,
            "sigmapsf": 0.08472800254821777,
            "magnr": 20.086000442504883,
            "sigmagnr": 0.164000004529953,
            "magzpsci": 26.263099670410156,
            "isdiffpos": "t",
            "ssdistnr": null,
            "ssnamenr": null,
            "drb": null
        },
        {
            "candid": 2808481824015015005,
            "jd": 2460562.9818287,
            "ra": 29.4820744,
            "dec": 13.3608376,
            "fid": 1,
            "nid": 2808,
            "magpsf": 19.001800537109375,
            "sigmapsf": 0.10164999961853027,
            "magnr": 20.086000442504883,
            "sigmagnr": 0.164000004529953,
            "magzpsci": 26.194799423217773,
            "isdiffpos": "t",
            "ssdistnr": null,
            "ssnamenr": null,
            "drb": null
        },
        {
            "candid": 2814421364015015007,
            "jd": 2460568.9213657,
            "ra": 29.48204,
            "dec": 13.3608125,
            "fid": 1,
            "nid": 2814,
            "magpsf": 19.179100036621094,
            "sigmapsf": 0.14380300045013428,
            "magnr": 20.086000442504883,
            "sigmagnr": 0.164000004529953,
            "magzpsci": 26.382099151611328,
            "isdiffpos": "t",
            "ssdistnr": null,
            "ssnamenr": null,
            "drb": null
        },
        {
            "candid": 2817357244015015003,
            "jd": 2460571.8572454,
            "ra": 29.4820032,
            "dec": 13.3608507,
            "fid": 1,
            "nid": 2817,
            "magpsf": 19.059200286865234,
            "sigmapsf": 0.2118690013885498,
            "magnr": 20.086000442504883,
            "sigmagnr": 0.164000004529953,
            "magzpsci": 26.360200881958008,
            "isdiffpos": "t",
            "ssdistnr": null,
            "ssnamenr": null,
            "drb": null
        },
        {
            "candid": 2817421374015015004,
            "jd": 2460571.9213773,
            "ra": 29.4820572,
            "dec": 13.3608363,
            "fid": 2,
            "nid": 2817,
            "magpsf": 18.2406005859375,
            "sigmapsf": 0.07935599982738495,
            "magnr": 21.39699935913086,
            "sigmagnr": 0.12999999523162842,
            "magzpsci": 26.410600662231445,
            "isdiffpos": "t",
            "ssdistnr": null,
            "ssnamenr": null,
            "drb": null
        },
        {
            "candid": 2821416504015015004,
            "jd": 2460575.9165046,
            "ra": 29.4820158,
            "dec": 13.3608415,
            "fid": 1,
            "nid": 2821,
            "magpsf": 19.266199111938477,
            "sigmapsf": 0.17986400425434113,
            "magnr": 20.086000442504883,
            "sigmagnr": 0.164000004529953,
            "magzpsci": 26.353200912475586,
            "isdiffpos": "t",
            "ssdistnr": null,
            "ssnamenr": null,
            "drb": null
        },
        {
            "candid": 2822357284015015005,
            "jd": 2460576.8572801,
            "ra": 29.481996,
            "dec": 13.3608704,
            "fid": 1,
            "nid": 2822,
            "magpsf": 19.398500442504883,
            "sigmapsf": 0.24030999839305878,
            "magnr": 20.086000442504883,
            "sigmagnr": 0.164000004529953,
            "magzpsci": 26.195499420166016,
            "isdiffpos": "t",
            "ssdistnr": null,
            "ssnamenr": null,
            "drb": null
        },
        {
            "candid": 2822400044015015005,
            "jd": 2460576.9000463,
            "ra": 29.4820653,
            "dec": 13.360813,
            "fid": 2,
            "nid": 2822,
            "magpsf": 18.426799774169922,
            "sigmapsf": 0.0618400014936924,
            "magnr": 21.39699935913086,
            "sigmagnr": 0.12999999523162842,
            "magzpsci": 26.38680076599121,
            "isdiffpos": "t",
            "ssdistnr": null,
            "ssnamenr": null,
            "drb": null
        },
        {
            "candid": 2823392814015015005,
            "jd": 2460577.8928125,
            "ra": 29.482027,
            "dec": 13.3607843,
            "fid": 1,
            "nid": 2823,
            "magpsf": 19.374399185180664,
            "sigmapsf": 0.14847999811172485,
            "magnr": 20.086000442504883,
            "sigmagnr": 0.164000004529953,
            "magzpsci": 26.36840057373047,
            "isdiffpos": "t",
            "ssdistnr": null,
            "ssnamenr": null,
            "drb": null
        },
        {
            "candid": 2824400204015015008,
            "jd": 2460578.9002083,
            "ra": 29.4820881,
            "dec": 13.3607892,
            "fid": 1,
            "nid": 2824,
            "magpsf": 19.409900665283203,
            "sigmapsf": 0.1457120031118393,
            "magnr": 20.086000442504883,
            "sigmagnr": 0.164000004529953,
            "magzpsci": 26.350900650024414,
            "isdiffpos": "t",
            "ssdistnr": null,
            "ssnamenr": null,
            "drb": null
        },
        {
            "candid": 2826499944015015006,
            "jd": 2460580.9999421,
            "ra": 29.4820641,
            "dec": 13.3607867,
            "fid": 1,
            "nid": 2826,
            "magpsf": 19.416900634765625,
            "sigmapsf": 0.13305500149726868,
            "magnr": 20.086000442504883,
            "sigmagnr": 0.164000004529953,
            "magzpsci": 26.318899154663086,
            "isdiffpos": "t",
            "ssdistnr": null,
            "ssnamenr": null,
            "drb": null
        },
        {
            "candid": 2829461974015015012,
            "jd": 2460583.9619792,
            "ra": 29.4820021,
            "dec": 13.3608376,
            "fid": 1,
            "nid": 2829,
            "magpsf": 19.543899536132812,
            "sigmapsf": 0.1761859953403473,
            "magnr": 20.086000442504883,
            "sigmagnr": 0.164000004529953,
            "magzpsci": 26.36989974975586,
            "isdiffpos": "t",
            "ssdistnr": null,
            "ssnamenr": null,
            "drb": null
        },
        {
            "candid": 2839330164015015011,
            "jd": 2460593.830162,
            "ra": 29.482041,
            "dec": 13.3608233,
            "fid": 1,
            "nid": 2839,
            "magpsf": 19.6737003326416,
            "sigmapsf": 0.13387499749660492,
            "magnr": 20.086000442504883,
            "sigmagnr": 0.164000004529953,
            "magzpsci": 26.372699737548828,
            "isdiffpos": "t",
            "ssdistnr": null,
            "ssnamenr": null,
            "drb": null
        },
        {
            "candid": 2839380044015015008,
            "jd": 2460593.8800463,
            "ra": 29.4820536,
            "dec": 13.3607753,
            "fid": 2,
            "nid": 2839,
            "magpsf": 18.706100463867188,
            "sigmapsf": 0.07529699802398682,
            "magnr": 21.39699935913086,
            "sigmagnr": 0.12999999523162842,
            "magzpsci": 26.394100189208984,
            "isdiffpos": "t",
            "ssdistnr": null,
            "ssnamenr": null,
            "drb": null
        },
        {
            "candid": 2842327664015015004,
            "jd": 2460596.827662,
            "ra": 29.4820813,
            "dec": 13.3608366,
            "fid": 1,
            "nid": 2842,
            "magpsf": 19.811599731445312,
            "sigmapsf": 0.16762299835681915,
            "magnr": 20.086000442504883,
            "sigmagnr": 0.164000004529953,
            "magzpsci": 26.399599075317383,
            "isdiffpos": "t",
            "ssdistnr": null,
            "ssnamenr": null,
            "drb": null
        },
        {
            "candid": 2844266704015015003,
            "jd": 2460598.7667014,
            "ra": 29.4821331,
            "dec": 13.3608272,
            "fid": 1,
            "nid": 2844,
            "magpsf": 19.790700912475586,
            "sigmapsf": 0.2700690031051636,
            "magnr": 20.086000442504883,
            "sigmagnr": 0.164000004529953,
            "magzpsci": 26.382699966430664,
            "isdiffpos": "t",
            "ssdistnr": null,
            "ssnamenr": null,
            "drb": null
        },
        {
            "candid": 2844364734015015006,
            "jd": 2460598.8647338,
            "ra": 29.4820511,
            "dec": 13.3608095,
            "fid": 2,
            "nid": 2844,
            "magpsf": 18.844900131225586,
            "sigmapsf": 0.10130400210618973,
            "magnr": 21.39699935913086,
            "sigmagnr": 0.12999999523162842,
            "magzpsci": 26.433900833129883,
            "isdiffpos": "t",
            "ssdistnr": null,
            "ssnamenr": null,
            "drb": null
        },
        {
            "candid": 2848336224015015008,
            "jd": 2460602.8362269,
            "ra": 29.4820091,
            "dec": 13.3608286,
            "fid": 2,
            "nid": 2848,
            "magpsf": 18.932300567626953,
            "sigmapsf": 0.22935700416564941,
            "magnr": 21.39699935913086,
            "sigmagnr": 0.12999999523162842,
            "magzpsci": 26.432300567626953,
            "isdiffpos": "t",
            "ssdistnr": null,
            "ssnamenr": null,
            "drb": null
        },
        {
            "candid": 2850295984015015005,
            "jd": 2460604.7959838,
            "ra": 29.4820462,
            "dec": 13.3608044,
            "fid": 1,
            "nid": 2850,
            "magpsf": 19.547300338745117,
            "sigmapsf": 0.18037299811840057,
            "magnr": 20.086000442504883,
            "sigmagnr": 0.164000004529953,
            "magzpsci": 26.373300552368164,
            "isdiffpos": "t",
            "ssdistnr": null,
            "ssnamenr": null,
            "drb": null
        },
        {
            "candid": 2852245124015015009,
            "jd": 2460606.7451273,
            "ra": 29.4820085,
            "dec": 13.3608335,
            "fid": 1,
            "nid": 2852,
            "magpsf": 19.949800491333008,
            "sigmapsf": 0.18292200565338135,
            "magnr": 20.086000442504883,
            "sigmagnr": 0.164000004529953,
            "magzpsci": 26.37579917907715,
            "isdiffpos": "t",
            "ssdistnr": null,
            "ssnamenr": null,
            "drb": null
        },
        {
            "candid": 2854339844015015004,
            "jd": 2460608.8398495,
            "ra": 29.4821023,
            "dec": 13.3608896,
            "fid": 1,
            "nid": 2854,
            "magpsf": 19.837400436401367,
            "sigmapsf": 0.22482700645923615,
            "magnr": 20.086000442504883,
            "sigmagnr": 0.164000004529953,
            "magzpsci": 26.389400482177734,
            "isdiffpos": "t",
            "ssdistnr": null,
            "ssnamenr": null,
            "drb": null
        },
        {
            "candid": 2856194564015015004,
            "jd": 2460610.6945602,
            "ra": 29.4820486,
            "dec": 13.3608241,
            "fid": 2,
            "nid": 2856,
            "magpsf": 18.925487518310547,
            "sigmapsf": 0.09456054121255875,
            "magnr": 21.39699935913086,
            "sigmagnr": 0.12999999523162842,
            "magzpsci": 25.953487396240234,
            "isdiffpos": "t",
            "ssdistnr": -999.0,
            "ssnamenr": "null",
            "drb": null
        },
        {
            "jd": 2460522.9110301,
            "fid": 2,
            "diffmaglim": 20.458799362182617
        },
        {
            "jd": 2460526.9021296,
            "fid": 2,
            "diffmaglim": 20.522300720214844
        },
        {
            "jd": 2460528.9350347,
            "fid": 2,
            "diffmaglim": 20.439899444580078
        },
        {
            "jd": 2460530.9570949,
            "fid": 2,
            "diffmaglim": 19.070899963378906
        },
        {
            "jd": 2460532.9138889,
            "fid": 2,
            "diffmaglim": 20.801599502563477
        },
        {
            "jd": 2460533.9133565,
            "fid": 2,
            "diffmaglim": 20.975299835205078
        },
        {
            "jd": 2460534.9631829,
            "fid": 2,
            "diffmaglim": 20.671100616455078
        },
        {
            "jd": 2460539.8795718,
            "fid": 2,
            "diffmaglim": 20.085399627685547
        },
        {
            "jd": 2460552.8959838,
            "fid": 2,
            "diffmaglim": 20.69890022277832
        },
        {
            "jd": 2460555.9243403,
            "fid": 2,
            "diffmaglim": 20.635099411010742
        },
        {
            "jd": 2460562.901169,
            "fid": 2,
            "diffmaglim": 20.47879981994629
        },
        {
            "jd": 2460565.9464468,
            "fid": 2,
            "diffmaglim": 20.718700408935547
        },
        {
            "jd": 2460568.879838,
            "fid": 2,
            "diffmaglim": 20.271499633789062
        },
        {
            "jd": 2460575.8626273,
            "fid": 2,
            "diffmaglim": 19.897600173950195
        },
        {
            "jd": 2460575.8927083,
            "fid": 3,
            "diffmaglim": 19.51799964904785
        },
        {
            "jd": 2460576.9628125,
            "fid": 3,
            "diffmaglim": 19.777700424194336
        },
        {
            "jd": 2460577.8288426,
            "fid": 3,
            "diffmaglim": 19.70789909362793
        },
        {
            "jd": 2460577.9251389,
            "fid": 2,
            "diffmaglim": 20.439300537109375
        },
        {
            "jd": 2460578.8602431,
            "fid": 2,
            "diffmaglim": 20.537900924682617
        },
        {
            "jd": 2460580.9355093,
            "fid": 2,
            "diffmaglim": 20.540199279785156
        },
        {
            "jd": 2460583.9231829,
            "fid": 2,
            "diffmaglim": 20.65019989013672
        },
        {
            "jd": 2460596.8733333,
            "fid": 2,
            "diffmaglim": 20.464399337768555
        },
        {
            "jd": 2460602.879537,
            "fid": 1,
            "diffmaglim": 18.769699096679688
        },
        {
            "jd": 2460606.7957176,
            "fid": 2,
            "diffmaglim": 20.352399826049805
        },
        {
            "jd": 2460608.8962847,
            "fid": 2,
            "diffmaglim": 20.484699249267578
        }
    ],
    "forcedphot": [
        {
            "objectid": "ZTF24aaupoba",
            "jd": 2460511.9490394,
            "ranr": 29.4820762,
            "decnr": 13.360391,
            "fid": 1,
            "forcediffimflux": 1536.4473876953125,
            "forcediffimfluxunc": 79.25862121582031,
            "magzpsci": 26.159900665283203
        },
        {
            "objectid": "ZTF24aaupoba",
            "jd": 2460514.9462847,
            "ranr": 29.4820762,
            "decnr": 13.360391,
            "fid": 1,
            "forcediffimflux": 1743.255859375,
            "forcediffimfluxunc": 85.69377136230469,
            "magzpsci": 26.220600128173828
        },
        {
            "objectid": "ZTF24aaupoba",
            "jd": 2460516.9611806,
            "ranr": 29.4820762,
            "decnr": 13.360391,
            "fid": 1,
            "forcediffimflux": 1798.5855712890625,
            "forcediffimfluxunc": 96.68214416503906,
            "magzpsci": 26.175600051879883
        },
        {
            "objectid": "ZTF24aaupoba",
            "jd": 2460520.8988542,
            "ranr": 29.4811047,
            "decnr": 13.3617753,
            "fid": 2,
            "forcediffimflux": 2454.498779296875,
            "forcediffimfluxunc": 54.248653411865234,
            "magzpsci": 26.350500106811523
        },
        {
            "objectid": "ZTF24aaupoba",
            "jd": 2460520.9669213,
            "ranr": 29.4820762,
            "decnr": 13.360391,
            "fid": 1,
            "forcediffimflux": 2077.613037109375,
            "forcediffimfluxunc": 50.12395095825195,
            "magzpsci": 26.342500686645508
        },
        {
            "objectid": "ZTF24aaupoba",
            "jd": 2460522.9110301,
            "ranr": 29.4811047,
            "decnr": 13.3617753,
            "fid": 2,
            "forcediffimflux": 2601.201416015625,
            "forcediffimfluxunc": 41.61920166015625,
            "magzpsci": 26.301599502563477
        },
        {
            "objectid": "ZTF24aaupoba",
            "jd": 2460522.955706,
            "ranr": 29.4820762,
            "decnr": 13.360391,
            "fid": 1,
            "forcediffimflux": 2019.8035888671875,
            "forcediffimfluxunc": 40.538238525390625,
            "magzpsci": 26.303300857543945
        },
        {
            "objectid": "ZTF24aaupoba",
            "jd": 2460526.9021296,
            "ranr": 29.4811047,
            "decnr": 13.3617753,
            "fid": 2,
            "forcediffimflux": 2727.909912109375,
            "forcediffimfluxunc": 40.817081451416016,
            "magzpsci": 26.34830093383789
        },
        {
            "objectid": "ZTF24aaupoba",
            "jd": 2460526.9448843,
            "ranr": 29.4820762,
            "decnr": 13.360391,
            "fid": 1,
            "forcediffimflux": 2233.76171875,
            "forcediffimfluxunc": 40.200992584228516,
            "magzpsci": 26.349300384521484
        },
        {
            "objectid": "ZTF24aaupoba",
            "jd": 2460528.9350347,
            "ranr": 29.4811047,
            "decnr": 13.3617753,
            "fid": 2,
            "forcediffimflux": 2715.271240234375,
            "forcediffimfluxunc": 41.12349319458008,
            "magzpsci": 26.320499420166016
        },
        {
            "objectid": "ZTF24aaupoba",
            "jd": 2460528.9466667,
            "ranr": 29.4820762,
            "decnr": 13.360391,
            "fid": 1,
            "forcediffimflux": 2027.608642578125,
            "forcediffimfluxunc": 38.51876449584961,
            "magzpsci": 26.265100479125977
        },
        {
            "objectid": "ZTF24aaupoba",
            "jd": 2460530.9107755,
            "ranr": 29.4820762,
            "decnr": 13.360391,
            "fid": 1,
            "forcediffimflux": 1880.505859375,
            "forcediffimfluxunc": 36.914127349853516,
            "magzpsci": 26.19339942932129
        },
        {
            "objectid": "ZTF24aaupoba",
            "jd": 2460532.9138889,
            "ranr": 29.4811047,
            "decnr": 13.3617753,
            "fid": 2,
            "forcediffimflux": 5335.1181640625,
            "forcediffimfluxunc": 58.72981262207031,
            "magzpsci": 27.03179931640625
        },
        {
            "objectid": "ZTF24aaupoba",
            "jd": 2460532.9617593,
            "ranr": 29.4820762,
            "decnr": 13.360391,
            "fid": 1,
            "forcediffimflux": 3926.324462890625,
            "forcediffimfluxunc": 50.53948211669922,
            "magzpsci": 27.020000457763672
        },
        {
            "objectid": "ZTF24aaupoba",
            "jd": 2460533.9133565,
            "ranr": 29.4811047,
            "decnr": 13.3617753,
            "fid": 2,
            "forcediffimflux": 5367.2470703125,
            "forcediffimfluxunc": 55.03951644897461,
            "magzpsci": 27.065500259399414
        },
        {
            "objectid": "ZTF24aaupoba",
            "jd": 2460533.9623495,
            "ranr": 29.4820762,
            "decnr": 13.360391,
            "fid": 1,
            "forcediffimflux": 3915.99755859375,
            "forcediffimfluxunc": 48.973915100097656,
            "magzpsci": 27.034700393676758
        },
        {
            "objectid": "ZTF24aaupoba",
            "jd": 2460534.9355093,
            "ranr": 29.4820762,
            "decnr": 13.360391,
            "fid": 1,
            "forcediffimflux": 3625.8193359375,
            "forcediffimfluxunc": 54.64451217651367,
            "magzpsci": 26.996700286865234
        },
        {
            "objectid": "ZTF24aaupoba",
            "jd": 2460534.9631829,
            "ranr": 29.4811047,
            "decnr": 13.3617753,
            "fid": 2,
            "forcediffimflux": 5195.40625,
            "forcediffimfluxunc": 64.07660675048828,
            "magzpsci": 27.079200744628906
        },
        {
            "objectid": "ZTF24aaupoba",
            "jd": 2460537.9095602,
            "ranr": 29.4820762,
            "decnr": 13.360391,
            "fid": 1,
            "forcediffimflux": 1842.85498046875,
            "forcediffimfluxunc": 42.793678283691406,
            "magzpsci": 26.372400283813477
        },
        {
            "objectid": "ZTF24aaupoba",
            "jd": 2460537.9260301,
            "ranr": 29.4811047,
            "decnr": 13.3617753,
            "fid": 2,
            "forcediffimflux": 2863.59326171875,
            "forcediffimfluxunc": 41.48098373413086,
            "magzpsci": 26.398300170898438
        },
        {
            "objectid": "ZTF24aaupoba",
            "jd": 2460539.8795718,
            "ranr": 29.4811047,
            "decnr": 13.3617753,
            "fid": 2,
            "forcediffimflux": 2736.969970703125,
            "forcediffimfluxunc": 54.522281646728516,
            "magzpsci": 26.33799934387207
        },
        {
            "objectid": "ZTF24aaupoba",
            "jd": 2460539.9093056,
            "ranr": 29.4820762,
            "decnr": 13.360391,
            "fid": 1,
            "forcediffimflux": 1716.49853515625,
            "forcediffimfluxunc": 64.4001693725586,
            "magzpsci": 26.327999114990234
        },
        {
            "objectid": "ZTF24aaupoba",
            "jd": 2460543.8602083,
            "ranr": 29.4820762,
            "decnr": 13.360391,
            "fid": 1,
            "forcediffimflux": 1534.12841796875,
            "forcediffimfluxunc": 98.11488342285156,
            "magzpsci": 26.326000213623047
        },
        {
            "objectid": "ZTF24aaupoba",
            "jd": 2460543.9554861,
            "ranr": 29.4811047,
            "decnr": 13.3617753,
            "fid": 2,
            "forcediffimflux": 2735.001708984375,
            "forcediffimfluxunc": 74.17516326904297,
            "magzpsci": 26.3976993560791
        },
        {
            "objectid": "ZTF24aaupoba",
            "jd": 2460548.8858218,
            "ranr": 29.4811047,
            "decnr": 13.3617753,
            "fid": 2,
            "forcediffimflux": 2357.2392578125,
            "forcediffimfluxunc": 53.726722717285156,
            "magzpsci": 26.36009979248047
        },
        {
            "objectid": "ZTF24aaupoba",
            "jd": 2460548.949375,
            "ranr": 29.4820762,
            "decnr": 13.360391,
            "fid": 1,
            "forcediffimflux": 1409.6346435546875,
            "forcediffimfluxunc": 50.52104568481445,
            "magzpsci": 26.349700927734375
        },
        {
            "objectid": "ZTF24aaupoba",
            "jd": 2460550.8577083,
            "ranr": 29.4820762,
            "decnr": 13.360391,
            "fid": 1,
            "forcediffimflux": 1163.193359375,
            "forcediffimfluxunc": 40.50640106201172,
            "magzpsci": 26.324100494384766
        },
        {
            "objectid": "ZTF24aaupoba",
            "jd": 2460550.9197801,
            "ranr": 29.4811047,
            "decnr": 13.3617753,
            "fid": 2,
            "forcediffimflux": 2468.023681640625,
            "forcediffimfluxunc": 42.32246017456055,
            "magzpsci": 26.411500930786133
        },
        {
            "objectid": "ZTF24aaupoba",
            "jd": 2460552.8959838,
            "ranr": 29.4811047,
            "decnr": 13.3617753,
            "fid": 2,
            "forcediffimflux": 2389.00634765625,
            "forcediffimfluxunc": 37.56594467163086,
            "magzpsci": 26.398700714111328
        },
        {
            "objectid": "ZTF24aaupoba",
            "jd": 2460552.9409838,
            "ranr": 29.4820762,
            "decnr": 13.360391,
            "fid": 1,
            "forcediffimflux": 1303.8199462890625,
            "forcediffimfluxunc": 32.8255500793457,
            "magzpsci": 26.40180015563965
        },
        {
            "objectid": "ZTF24aaupoba",
            "jd": 2460555.9243403,
            "ranr": 29.4811047,
            "decnr": 13.3617753,
            "fid": 2,
            "forcediffimflux": 2101.139892578125,
            "forcediffimfluxunc": 37.77143096923828,
            "magzpsci": 26.373699188232422
        },
        {
            "objectid": "ZTF24aaupoba",
            "jd": 2460555.9678125,
            "ranr": 29.4820762,
            "decnr": 13.360391,
            "fid": 1,
            "forcediffimflux": 1091.184814453125,
            "forcediffimfluxunc": 35.61229705810547,
            "magzpsci": 26.352399826049805
        },
        {
            "objectid": "ZTF24aaupoba",
            "jd": 2460557.9159954,
            "ranr": 29.4820762,
            "decnr": 13.360391,
            "fid": 1,
            "forcediffimflux": 1003.0535278320312,
            "forcediffimfluxunc": 34.76597213745117,
            "magzpsci": 26.334800720214844
        },
        {
            "objectid": "ZTF24aaupoba",
            "jd": 2460557.9247454,
            "ranr": 29.4811047,
            "decnr": 13.3617753,
            "fid": 2,
            "forcediffimflux": 2165.570556640625,
            "forcediffimfluxunc": 40.68729019165039,
            "magzpsci": 26.374099731445312
        },
        {
            "objectid": "ZTF24aaupoba",
            "jd": 2460559.8669329,
            "ranr": 29.4820762,
            "decnr": 13.360391,
            "fid": 1,
            "forcediffimflux": 894.1522827148438,
            "forcediffimfluxunc": 32.94182586669922,
            "magzpsci": 26.263099670410156
        },
        {
            "objectid": "ZTF24aaupoba",
            "jd": 2460562.901169,
            "ranr": 29.4811047,
            "decnr": 13.3617753,
            "fid": 2,
            "forcediffimflux": 1916.3143310546875,
            "forcediffimfluxunc": 37.182518005371094,
            "magzpsci": 26.304399490356445
        },
        {
            "objectid": "ZTF24aaupoba",
            "jd": 2460562.9818287,
            "ranr": 29.4820762,
            "decnr": 13.360391,
            "fid": 1,
            "forcediffimflux": 826.94287109375,
            "forcediffimfluxunc": 29.855417251586914,
            "magzpsci": 26.194799423217773
        },
        {
            "objectid": "ZTF24aaupoba",
            "jd": 2460565.9464468,
            "ranr": 29.4811047,
            "decnr": 13.3617753,
            "fid": 2,
            "forcediffimflux": 2002.5882568359375,
            "forcediffimfluxunc": 37.42475128173828,
            "magzpsci": 26.3981990814209
        },
        {
            "objectid": "ZTF24aaupoba",
            "jd": 2460568.879838,
            "ranr": 29.4811047,
            "decnr": 13.3617753,
            "fid": 2,
            "forcediffimflux": 1997.568359375,
            "forcediffimfluxunc": 50.439979553222656,
            "magzpsci": 26.415800094604492
        },
        {
            "objectid": "ZTF24aaupoba",
            "jd": 2460568.9213657,
            "ranr": 29.4820762,
            "decnr": 13.360391,
            "fid": 1,
            "forcediffimflux": 787.087646484375,
            "forcediffimfluxunc": 41.36346435546875,
            "magzpsci": 26.382099151611328
        },
        {
            "objectid": "ZTF24aaupoba",
            "jd": 2460571.8572454,
            "ranr": 29.4820762,
            "decnr": 13.360391,
            "fid": 1,
            "forcediffimflux": 817.21826171875,
            "forcediffimfluxunc": 115.5217056274414,
            "magzpsci": 26.360200881958008
        },
        {
            "objectid": "ZTF24aaupoba",
            "jd": 2460571.9213773,
            "ranr": 29.4811047,
            "decnr": 13.3617753,
            "fid": 2,
            "forcediffimflux": 1946.8486328125,
            "forcediffimfluxunc": 81.33346557617188,
            "magzpsci": 26.410600662231445
        },
        {
            "objectid": "ZTF24aaupoba",
            "jd": 2460575.8626273,
            "ranr": 29.4811047,
            "decnr": 13.3617753,
            "fid": 2,
            "forcediffimflux": 1581.0799560546875,
            "forcediffimfluxunc": 61.20722961425781,
            "magzpsci": 26.386600494384766
        },
        {
            "objectid": "ZTF24aaupoba",
            "jd": 2460575.8927083,
            "ranr": 29.4823538,
            "decnr": 13.3596621,
            "fid": 3,
            "forcediffimflux": 1132.572998046875,
            "forcediffimfluxunc": 49.59846496582031,
            "magzpsci": 25.828800201416016
        },
        {
            "objectid": "ZTF24aaupoba",
            "jd": 2460575.9165046,
            "ranr": 29.4820762,
            "decnr": 13.360391,
            "fid": 1,
            "forcediffimflux": 693.6690673828125,
            "forcediffimfluxunc": 67.60596466064453,
            "magzpsci": 26.353200912475586
        },
        {
            "objectid": "ZTF24aaupoba",
            "jd": 2460576.8572801,
            "ranr": 29.4820762,
            "decnr": 13.360391,
            "fid": 1,
            "forcediffimflux": 556.8120727539062,
            "forcediffimfluxunc": 61.24260711669922,
            "magzpsci": 26.195499420166016
        },
        {
            "objectid": "ZTF24aaupoba",
            "jd": 2460576.9000463,
            "ranr": 29.4811047,
            "decnr": 13.3617753,
            "fid": 2,
            "forcediffimflux": 1555.17236328125,
            "forcediffimfluxunc": 48.584659576416016,
            "magzpsci": 26.38680076599121
        },
        {
            "objectid": "ZTF24aaupoba",
            "jd": 2460576.9628125,
            "ranr": 29.4823538,
            "decnr": 13.3596621,
            "fid": 3,
            "forcediffimflux": 1115.838134765625,
            "forcediffimfluxunc": 39.8599739074707,
            "magzpsci": 25.84000015258789
        },
        {
            "objectid": "ZTF24aaupoba",
            "jd": 2460577.8288426,
            "ranr": 29.4823538,
            "decnr": 13.3596621,
            "fid": 3,
            "forcediffimflux": 1028.7305908203125,
            "forcediffimfluxunc": 39.8460807800293,
            "magzpsci": 25.827299118041992
        },
        {
            "objectid": "ZTF24aaupoba",
            "jd": 2460577.8928125,
            "ranr": 29.4820762,
            "decnr": 13.360391,
            "fid": 1,
            "forcediffimflux": 657.0333862304688,
            "forcediffimfluxunc": 42.63965606689453,
            "magzpsci": 26.36840057373047
        },
        {
            "objectid": "ZTF24aaupoba",
            "jd": 2460577.9251389,
            "ranr": 29.4811047,
            "decnr": 13.3617753,
            "fid": 2,
            "forcediffimflux": 1635.8006591796875,
            "forcediffimfluxunc": 41.059444427490234,
            "magzpsci": 26.400100708007812
        },
        {
            "objectid": "ZTF24aaupoba",
            "jd": 2460578.8602431,
            "ranr": 29.4811047,
            "decnr": 13.3617753,
            "fid": 2,
            "forcediffimflux": 1612.608154296875,
            "forcediffimfluxunc": 38.378814697265625,
            "magzpsci": 26.38450050354004
        },
        {
            "objectid": "ZTF24aaupoba",
            "jd": 2460578.9002083,
            "ranr": 29.4820762,
            "decnr": 13.360391,
            "fid": 1,
            "forcediffimflux": 627.7562866210938,
            "forcediffimfluxunc": 37.12224197387695,
            "magzpsci": 26.350900650024414
        },
        {
            "objectid": "ZTF24aaupoba",
            "jd": 2460580.9355093,
            "ranr": 29.4811047,
            "decnr": 13.3617753,
            "fid": 2,
            "forcediffimflux": 1567.2330322265625,
            "forcediffimfluxunc": 36.11257553100586,
            "magzpsci": 26.407699584960938
        },
        {
            "objectid": "ZTF24aaupoba",
            "jd": 2460580.9999421,
            "ranr": 29.4820762,
            "decnr": 13.360391,
            "fid": 1,
            "forcediffimflux": 572.8143310546875,
            "forcediffimfluxunc": 40.70010757446289,
            "magzpsci": 26.318899154663086
        },
        {
            "objectid": "ZTF24aaupoba",
            "jd": 2460583.9231829,
            "ranr": 29.4811047,
            "decnr": 13.3617753,
            "fid": 2,
            "forcediffimflux": 1485.677978515625,
            "forcediffimfluxunc": 35.882102966308594,
            "magzpsci": 26.412900924682617
        },
        {
            "objectid": "ZTF24aaupoba",
            "jd": 2460583.9619792,
            "ranr": 29.4820762,
            "decnr": 13.360391,
            "fid": 1,
            "forcediffimflux": 527.1251220703125,
            "forcediffimfluxunc": 36.56534194946289,
            "magzpsci": 26.36989974975586
        },
        {
            "objectid": "ZTF24aaupoba",
            "jd": 2460593.830162,
            "ranr": 29.4820762,
            "decnr": 13.360391,
            "fid": 1,
            "forcediffimflux": 489.790283203125,
            "forcediffimfluxunc": 33.052059173583984,
            "magzpsci": 26.372699737548828
        },
        {
            "objectid": "ZTF24aaupoba",
            "jd": 2460593.8800463,
            "ranr": 29.4811047,
            "decnr": 13.3617753,
            "fid": 2,
            "forcediffimflux": 1178.082763671875,
            "forcediffimfluxunc": 39.992374420166016,
            "magzpsci": 26.394100189208984
        },
        {
            "objectid": "ZTF24aaupoba",
            "jd": 2460596.827662,
            "ranr": 29.4820762,
            "decnr": 13.360391,
            "fid": 1,
            "forcediffimflux": 472.51458740234375,
            "forcediffimfluxunc": 45.40416717529297,
            "magzpsci": 26.399599075317383
        },
        {
            "objectid": "ZTF24aaupoba",
            "jd": 2460596.8733333,
            "ranr": 29.4811047,
            "decnr": 13.3617753,
            "fid": 2,
            "forcediffimflux": 1296.1402587890625,
            "forcediffimfluxunc": 40.98997497558594,
            "magzpsci": 26.423200607299805
        },
        {
            "objectid": "ZTF24aaupoba",
            "jd": 2460598.7667014,
            "ranr": 29.4820762,
            "decnr": 13.360391,
            "fid": 1,
            "forcediffimflux": 457.2826232910156,
            "forcediffimfluxunc": 74.36796569824219,
            "magzpsci": 26.382699966430664
        },
        {
            "objectid": "ZTF24aaupoba",
            "jd": 2460598.8647338,
            "ranr": 29.4811047,
            "decnr": 13.3617753,
            "fid": 2,
            "forcediffimflux": 1119.7137451171875,
            "forcediffimfluxunc": 62.604515075683594,
            "magzpsci": 26.433900833129883
        },
        {
            "objectid": "ZTF24aaupoba",
            "jd": 2460602.8362269,
            "ranr": 29.4811047,
            "decnr": 13.3617753,
            "fid": 2,
            "forcediffimflux": 835.1630249023438,
            "forcediffimfluxunc": 119.34571838378906,
            "magzpsci": 26.432300567626953
        },
        {
            "objectid": "ZTF24aaupoba",
            "jd": 2460602.879537,
            "ranr": 29.4820762,
            "decnr": 13.360391,
            "fid": 1,
            "forcediffimflux": 161.8603057861328,
            "forcediffimfluxunc": 143.1319122314453,
            "magzpsci": 26.398500442504883
        },
        {
            "objectid": "ZTF24aaupoba",
            "jd": 2460604.7959838,
            "ranr": 29.4820762,
            "decnr": 13.360391,
            "fid": 1,
            "forcediffimflux": 547.7872314453125,
            "forcediffimfluxunc": 60.406219482421875,
            "magzpsci": 26.373300552368164
        },
        {
            "objectid": "ZTF24aaupoba",
            "jd": 2460606.7451273,
            "ranr": 29.4820762,
            "decnr": 13.360391,
            "fid": 1,
            "forcediffimflux": 397.3507385253906,
            "forcediffimfluxunc": 36.12590026855469,
            "magzpsci": 26.37579917907715
        },
        {
            "objectid": "ZTF24aaupoba",
            "jd": 2460606.7957176,
            "ranr": 29.4811047,
            "decnr": 13.3617753,
            "fid": 2,
            "forcediffimflux": 995.6001586914062,
            "forcediffimfluxunc": 42.24129867553711,
            "magzpsci": 26.421300888061523
        },
        {
            "objectid": "ZTF24aaupoba",
            "jd": 2460608.8398495,
            "ranr": 29.4820762,
            "decnr": 13.360391,
            "fid": 1,
            "forcediffimflux": 431.3704528808594,
            "forcediffimfluxunc": 38.22337341308594,
            "magzpsci": 26.389400482177734
        },
        {
            "objectid": "ZTF24aaupoba",
            "jd": 2460608.8962847,
            "ranr": 29.4811047,
            "decnr": 13.3617753,
            "fid": 2,
            "forcediffimflux": 1025.9285888671875,
            "forcediffimfluxunc": 39.962486267089844,
            "magzpsci": 26.412599563598633
        }
    ]
}