{
    "objectId": "ZTF24abiesnr",
    "candidates": [
        {
            "candid": 2820453936315015004,
            "jd": 2460574.9539352,
            "ra": 41.9329886,
            "dec": -14.8699756,
            "fid": 2,
            "nid": 2820,
            "magpsf": 18.038799285888672,
            "sigmapsf": 0.0829629972577095,
            "magnr": 17.683000564575195,
            "sigmagnr": 0.061000000685453415,
            "magzpsci": 26.12380027770996,
            "isdiffpos": "t",
            "ssdistnr": null,
            "ssnamenr": null,
            "drb": 0.9999995231628418
        },
        {
            "candid": 2821413196315015005,
            "jd": 2460575.9131944,
            "ra": 41.9330082,
            "dec": -14.8699684,
            "fid": 1,
            "nid": 2821,
            "magpsf": 17.929100036621094,
            "sigmapsf": 0.06923499703407288,
            "magnr": 18.39699935913086,
            "sigmagnr": 0.07500000298023224,
            "magzpsci": 26.157100677490234,
            "isdiffpos": "t",
            "ssdistnr": null,
            "ssnamenr": null,
            "drb": null
        },
        {
            "candid": 2821451726315015007,
            "jd": 2460575.9517245,
            "ra": 41.9329866,
            "dec": -14.8699485,
            "fid": 2,
            "nid": 2821,
            "magpsf": 17.986900329589844,
            "sigmapsf": 0.06169699877500534,
            "magnr": 17.683000564575195,
            "sigmagnr": 0.061000000685453415,
            "magzpsci": 26.12689971923828,
            "isdiffpos": "t",
            "ssdistnr": null,
            "ssnamenr": null,
            "drb": null
        },
        {
            "candid": 2821460306315015007,
            "jd": 2460575.9603009,
            "ra": 41.9329952,
            "dec": -14.8699668,
            "fid": 3,
            "nid": 2821,
            "magpsf": 18.128400802612305,
            "sigmapsf": 0.1292160004377365,
            "magnr": 17.43899917602539,
            "sigmagnr": 0.0689999982714653,
            "magzpsci": 25.47640037536621,
            "isdiffpos": "t",
            "ssdistnr": null,
            "ssnamenr": null,
            "drb": null
        },
        {
            "candid": 2822359646315015009,
            "jd": 2460576.8596412,
            "ra": 41.9330069,
            "dec": -14.8699663,
            "fid": 1,
            "nid": 2822,
            "magpsf": 17.963300704956055,
            "sigmapsf": 0.06451500207185745,
            "magnr": 18.39699935913086,
            "sigmagnr": 0.07500000298023224,
            "magzpsci": 26.12929916381836,
            "isdiffpos": "t",
            "ssdistnr": null,
            "ssnamenr": null,
            "drb": null
        },
        {
            "candid": 2822430346315015007,
            "jd": 2460576.9303472,
            "ra": 41.9329679,
            "dec": -14.8699695,
            "fid": 2,
            "nid": 2822,
            "magpsf": 17.9591007232666,
            "sigmapsf": 0.05197500064969063,
            "magnr": 17.683000564575195,
            "sigmagnr": 0.061000000685453415,
            "magzpsci": 26.122100830078125,
            "isdiffpos": "t",
            "ssdistnr": null,
            "ssnamenr": null,
            "drb": null
        },
        {
            "candid": 2822459976315015009,
            "jd": 2460576.9599769,
            "ra": 41.9329846,
            "dec": -14.8699324,
            "fid": 3,
            "nid": 2822,
            "magpsf": 18.042600631713867,
            "sigmapsf": 0.09706100076436996,
            "magnr": 17.43899917602539,
            "sigmagnr": 0.0689999982714653,
            "magzpsci": 25.480600357055664,
            "isdiffpos": "t",
            "ssdistnr": null,
            "ssnamenr": null,
            "drb": null
        },
        {
            "candid": 2823428916315015012,
            "jd": 2460577.928912,
            "ra": 41.9329839,
            "dec": -14.8699421,
            "fid": 2,
            "nid": 2823,
            "magpsf": 17.971799850463867,
            "sigmapsf": 0.059560999274253845,
            "magnr": 17.683000564575195,
            "sigmagnr": 0.061000000685453415,
            "magzpsci": 26.12779998779297,
            "isdiffpos": "t",
            "ssdistnr": null,
            "ssnamenr": null,
            "drb": null
        },
        {
            "candid": 2823432776315015005,
            "jd": 2460577.9327778,
            "ra": 41.9330041,
            "dec": -14.8699411,
            "fid": 1,
            "nid": 2823,
            "magpsf": 18.015600204467773,
            "sigmapsf": 0.06585700064897537,
            "magnr": 18.39699935913086,
            "sigmagnr": 0.07500000298023224,
            "magzpsci": 26.189599990844727,
            "isdiffpos": "t",
            "ssdistnr": null,
            "ssnamenr": null,
            "drb": null
        },
        {
            "candid": 2823502386315015075,
            "jd": 2460578.0023843,
            "ra": 41.9329776,
            "dec": -14.8699948,
            "fid": 3,
            "nid": 2823,
            "magpsf": 18.01919937133789,
            "sigmapsf": 0.08058100193738937,
            "magnr": 17.43899917602539,
            "sigmagnr": 0.0689999982714653,
            "magzpsci": 25.47319984436035,
            "isdiffpos": "t",
            "ssdistnr": null,
            "ssnamenr": null,
            "drb": null
        },
        {
            "candid": 2826438856315015028,
            "jd": 2460580.9388542,
            "ra": 41.9329867,
            "dec": -14.8699576,
            "fid": 2,
            "nid": 2826,
            "magpsf": 18.315200805664062,
            "sigmapsf": 0.06602299958467484,
            "magnr": 17.683000564575195,
            "sigmagnr": 0.061000000685453415,
            "magzpsci": 26.134199142456055,
            "isdiffpos": "t",
            "ssdistnr": null,
            "ssnamenr": null,
            "drb": null
        },
        {
            "candid": 2826498466315015012,
            "jd": 2460580.9984606,
            "ra": 41.9330254,
            "dec": -14.8699293,
            "fid": 1,
            "nid": 2826,
            "magpsf": 18.371200561523438,
            "sigmapsf": 0.07328300178050995,
            "magnr": 18.39699935913086,
            "sigmagnr": 0.07500000298023224,
            "magzpsci": 26.147199630737305,
            "isdiffpos": "t",
            "ssdistnr": null,
            "ssnamenr": null,
            "drb": null
        },
        {
            "candid": 2829459106315015014,
            "jd": 2460583.9591088,
            "ra": 41.9329794,
            "dec": -14.8699516,
            "fid": 1,
            "nid": 2829,
            "magpsf": 18.7731990814209,
            "sigmapsf": 0.08439499884843826,
            "magnr": 18.39699935913086,
            "sigmagnr": 0.07500000298023224,
            "magzpsci": 26.212200164794922,
            "isdiffpos": "t",
            "ssdistnr": null,
            "ssnamenr": null,
            "drb": null
        },
        {
            "candid": 2839334736315015007,
            "jd": 2460593.8347338,
            "ra": 41.9330332,
            "dec": -14.8699839,
            "fid": 1,
            "nid": 2839,
            "magpsf": 19.93917465209961,
            "sigmapsf": 0.2099754959344864,
            "magnr": 18.39699935913086,
            "sigmagnr": 0.07500000298023224,
            "magzpsci": 26.161174774169922,
            "isdiffpos": "t",
            "ssdistnr": -999.0,
            "ssnamenr": "null",
            "drb": null
        },
        {
            "jd": 2460545.9002431,
            "fid": 2,
            "diffmaglim": 19.164100646972656
        },
        {
            "jd": 2460548.903125,
            "fid": 2,
            "diffmaglim": 19.782899856567383
        },
        {
            "jd": 2460551.0132176,
            "fid": 1,
            "diffmaglim": 19.74370002746582
        },
        {
            "jd": 2460553.9193287,
            "fid": 2,
            "diffmaglim": 20.353700637817383
        },
        {
            "jd": 2460553.961169,
            "fid": 1,
            "diffmaglim": 20.496299743652344
        },
        {
            "jd": 2460556.9413194,
            "fid": 1,
            "diffmaglim": 20.304800033569336
        },
        {
            "jd": 2460556.9619907,
            "fid": 2,
            "diffmaglim": 20.26849937438965
        },
        {
            "jd": 2460558.9396759,
            "fid": 2,
            "diffmaglim": 20.297500610351562
        },
        {
            "jd": 2460558.9612384,
            "fid": 1,
            "diffmaglim": 20.045000076293945
        },
        {
            "jd": 2460560.9013889,
            "fid": 1,
            "diffmaglim": 19.76140022277832
        },
        {
            "jd": 2460560.9364699,
            "fid": 2,
            "diffmaglim": 20.16790008544922
        },
        {
            "jd": 2460562.9177083,
            "fid": 2,
            "diffmaglim": 20.160900115966797
        },
        {
            "jd": 2460562.9430093,
            "fid": 1,
            "diffmaglim": 20.26759910583496
        },
        {
            "jd": 2460565.9422106,
            "fid": 2,
            "diffmaglim": 20.48150062561035
        },
        {
            "jd": 2460568.8726736,
            "fid": 2,
            "diffmaglim": 19.960800170898438
        },
        {
            "jd": 2460571.8595949,
            "fid": 1,
            "diffmaglim": 18.74139976501465
        }
    ],
    "forcedphot": [
        {
            "objectid": "ZTF24abiesnr",
            "jd": 2460545.9002431,
            "ranr": 41.9343372,
            "decnr": -14.8694735,
            "fid": 2,
            "forcediffimflux": 28.72941017150879,
            "forcediffimfluxunc": 81.37278747558594,
            "magzpsci": 26.10300064086914
        },
        {
            "objectid": "ZTF24abiesnr",
            "jd": 2460548.903125,
            "ranr": 41.9343372,
            "decnr": -14.8694735,
            "fid": 2,
            "forcediffimflux": 42.02456283569336,
            "forcediffimfluxunc": 43.62920379638672,
            "magzpsci": 26.068700790405273
        },
        {
            "objectid": "ZTF24abiesnr",
            "jd": 2460551.0132176,
            "ranr": 41.9334236,
            "decnr": -14.8694485,
            "fid": 1,
            "forcediffimflux": -51.64619827270508,
            "forcediffimfluxunc": 47.841468811035156,
            "magzpsci": 26.211200714111328
        },
        {
            "objectid": "ZTF24abiesnr",
            "jd": 2460553.9193287,
            "ranr": 41.9343372,
            "decnr": -14.8694735,
            "fid": 2,
            "forcediffimflux": -10.661038398742676,
            "forcediffimfluxunc": 21.85009002685547,
            "magzpsci": 26.109699249267578
        },
        {
            "objectid": "ZTF24abiesnr",
            "jd": 2460553.961169,
            "ranr": 41.9334236,
            "decnr": -14.8694485,
            "fid": 1,
            "forcediffimflux": -40.685604095458984,
            "forcediffimfluxunc": 22.916423797607422,
            "magzpsci": 26.18160057067871
        },
        {
            "objectid": "ZTF24abiesnr",
            "jd": 2460556.9413194,
            "ranr": 41.9334236,
            "decnr": -14.8694485,
            "fid": 1,
            "forcediffimflux": -17.017133712768555,
            "forcediffimfluxunc": 27.12127685546875,
            "magzpsci": 26.145099639892578
        },
        {
            "objectid": "ZTF24abiesnr",
            "jd": 2460556.9619907,
            "ranr": 41.9343372,
            "decnr": -14.8694735,
            "fid": 2,
            "forcediffimflux": -25.7185001373291,
            "forcediffimfluxunc": 25.1968994140625,
            "magzpsci": 26.106399536132812
        },
        {
            "objectid": "ZTF24abiesnr",
            "jd": 2460558.9396759,
            "ranr": 41.9343372,
            "decnr": -14.8694735,
            "fid": 2,
            "forcediffimflux": -52.900360107421875,
            "forcediffimfluxunc": 23.163646697998047,
            "magzpsci": 26.117900848388672
        },
        {
            "objectid": "ZTF24abiesnr",
            "jd": 2460558.9612384,
            "ranr": 41.9334236,
            "decnr": -14.8694485,
            "fid": 1,
            "forcediffimflux": -31.771963119506836,
            "forcediffimfluxunc": 33.149818420410156,
            "magzpsci": 26.1914005279541
        },
        {
            "objectid": "ZTF24abiesnr",
            "jd": 2460560.9364699,
            "ranr": 41.9343372,
            "decnr": -14.8694735,
            "fid": 2,
            "forcediffimflux": -23.30097198486328,
            "forcediffimfluxunc": 25.0278377532959,
            "magzpsci": 25.972000122070312
        },
        {
            "objectid": "ZTF24abiesnr",
            "jd": 2460562.9177083,
            "ranr": 41.9343372,
            "decnr": -14.8694735,
            "fid": 2,
            "forcediffimflux": -39.36468505859375,
            "forcediffimfluxunc": 24.731882095336914,
            "magzpsci": 25.947500228881836
        },
        {
            "objectid": "ZTF24abiesnr",
            "jd": 2460562.9430093,
            "ranr": 41.9334236,
            "decnr": -14.8694485,
            "fid": 1,
            "forcediffimflux": -34.76750183105469,
            "forcediffimfluxunc": 25.485456466674805,
            "magzpsci": 25.91160011291504
        },
        {
            "objectid": "ZTF24abiesnr",
            "jd": 2460565.9422106,
            "ranr": 41.9343372,
            "decnr": -14.8694735,
            "fid": 2,
            "forcediffimflux": 10.252227783203125,
            "forcediffimfluxunc": 22.873485565185547,
            "magzpsci": 26.132699966430664
        },
        {
            "objectid": "ZTF24abiesnr",
            "jd": 2460568.8726736,
            "ranr": 41.9343372,
            "decnr": -14.8694735,
            "fid": 2,
            "forcediffimflux": 68.52275085449219,
            "forcediffimfluxunc": 35.53751754760742,
            "magzpsci": 26.14859962463379
        },
        {
            "objectid": "ZTF24abiesnr",
            "jd": 2460571.8595949,
            "ranr": 41.9334236,
            "decnr": -14.8694485,
            "fid": 1,
            "forcediffimflux": 557.33837890625,
            "forcediffimfluxunc": 118.78453063964844,
            "magzpsci": 26.176300048828125
        },
        {
            "objectid": "ZTF24abiesnr",
            "jd": 2460574.9539352,
            "ranr": 41.9343372,
            "decnr": -14.8694735,
            "fid": 2,
            "forcediffimflux": 1657.278564453125,
            "forcediffimfluxunc": 71.12113952636719,
            "magzpsci": 26.12380027770996
        },
        {
            "objectid": "ZTF24abiesnr",
            "jd": 2460575.9131944,
            "ranr": 41.9334236,
            "decnr": -14.8694485,
            "fid": 1,
            "forcediffimflux": 1922.5731201171875,
            "forcediffimfluxunc": 69.8294677734375,
            "magzpsci": 26.157100677490234
        },
        {
            "objectid": "ZTF24abiesnr",
            "jd": 2460575.9517245,
            "ranr": 41.9343372,
            "decnr": -14.8694735,
            "fid": 2,
            "forcediffimflux": 1750.2489013671875,
            "forcediffimfluxunc": 52.62729263305664,
            "magzpsci": 26.12689971923828
        },
        {
            "objectid": "ZTF24abiesnr",
            "jd": 2460575.9603009,
            "ranr": 41.9343874,
            "decnr": -14.8694584,
            "fid": 3,
            "forcediffimflux": 882.007568359375,
            "forcediffimfluxunc": 41.51865768432617,
            "magzpsci": 25.47640037536621
        },
        {
            "objectid": "ZTF24abiesnr",
            "jd": 2460576.8596412,
            "ranr": 41.9334236,
            "decnr": -14.8694485,
            "fid": 1,
            "forcediffimflux": 1806.9144287109375,
            "forcediffimfluxunc": 51.6672248840332,
            "magzpsci": 26.12929916381836
        },
        {
            "objectid": "ZTF24abiesnr",
            "jd": 2460576.9303472,
            "ranr": 41.9343372,
            "decnr": -14.8694735,
            "fid": 2,
            "forcediffimflux": 1832.085205078125,
            "forcediffimfluxunc": 45.0373420715332,
            "magzpsci": 26.122100830078125
        },
        {
            "objectid": "ZTF24abiesnr",
            "jd": 2460576.9599769,
            "ranr": 41.9343874,
            "decnr": -14.8694584,
            "fid": 3,
            "forcediffimflux": 940.7608032226562,
            "forcediffimfluxunc": 36.52713394165039,
            "magzpsci": 25.480600357055664
        },
        {
            "objectid": "ZTF24abiesnr",
            "jd": 2460577.928912,
            "ranr": 41.9343372,
            "decnr": -14.8694735,
            "fid": 2,
            "forcediffimflux": 1818.18212890625,
            "forcediffimfluxunc": 36.960533142089844,
            "magzpsci": 26.12779998779297
        },
        {
            "objectid": "ZTF24abiesnr",
            "jd": 2460577.9327778,
            "ranr": 41.9334236,
            "decnr": -14.8694485,
            "fid": 1,
            "forcediffimflux": 1795.921875,
            "forcediffimfluxunc": 43.98337936401367,
            "magzpsci": 26.189599990844727
        },
        {
            "objectid": "ZTF24abiesnr",
            "jd": 2460578.0023843,
            "ranr": 41.9343874,
            "decnr": -14.8694584,
            "fid": 3,
            "forcediffimflux": 931.333251953125,
            "forcediffimfluxunc": 45.09173583984375,
            "magzpsci": 25.47319984436035
        },
        {
            "objectid": "ZTF24abiesnr",
            "jd": 2460580.9388542,
            "ranr": 41.9343372,
            "decnr": -14.8694735,
            "fid": 2,
            "forcediffimflux": 1319.0069580078125,
            "forcediffimfluxunc": 34.66426467895508,
            "magzpsci": 26.134199142456055
        },
        {
            "objectid": "ZTF24abiesnr",
            "jd": 2460580.9984606,
            "ranr": 41.9334236,
            "decnr": -14.8694485,
            "fid": 1,
            "forcediffimflux": 1233.4329833984375,
            "forcediffimfluxunc": 38.68065643310547,
            "magzpsci": 26.147199630737305
        },
        {
            "objectid": "ZTF24abiesnr",
            "jd": 2460583.9591088,
            "ranr": 41.9334236,
            "decnr": -14.8694485,
            "fid": 1,
            "forcediffimflux": 905.3600463867188,
            "forcediffimfluxunc": 34.66083526611328,
            "magzpsci": 26.212200164794922
        }
    ]
}