{
    "objectId": "ZTF22aaqytjb",
    "candidates": [
        {
            "candid": 2008221062115015023,
            "jd": 2459762.7210648,
            "ra": 227.9917119,
            "dec": 32.841547,
            "fid": 1,
            "nid": 2008,
            "magpsf": 19.204299926757812,
            "sigmapsf": 0.11880099773406982,
            "magnr": 21.36400032043457,
            "sigmagnr": 0.09300000220537186,
            "magzpsci": 26.329299926757812,
            "isdiffpos": "t",
            "ssdistnr": null,
            "ssnamenr": null,
            "drb": 0.9999927282333374
        },
        {
            "candid": 2008260982115015010,
            "jd": 2459762.7609838,
            "ra": 227.9916918,
            "dec": 32.8415418,
            "fid": 2,
            "nid": 2008,
            "magpsf": 19.618000030517578,
            "sigmapsf": 0.12753500044345856,
            "magnr": 20.961999893188477,
            "sigmagnr": 0.0860000029206276,
            "magzpsci": 26.333999633789062,
            "isdiffpos": "t",
            "ssdistnr": null,
            "ssnamenr": null,
            "drb": null
        },
        {
            "candid": 2010240042115015019,
            "jd": 2459764.7400463,
            "ra": 227.9917,
            "dec": 32.8415158,
            "fid": 1,
            "nid": 2010,
            "magpsf": 19.541900634765625,
            "sigmapsf": 0.13156500458717346,
            "magnr": 21.36400032043457,
            "sigmagnr": 0.09300000220537186,
            "magzpsci": 26.347900390625,
            "isdiffpos": "t",
            "ssdistnr": null,
            "ssnamenr": null,
            "drb": null
        },
        {
            "candid": 2010266402115015003,
            "jd": 2459764.7664005,
            "ra": 227.9917382,
            "dec": 32.8415604,
            "fid": 2,
            "nid": 2010,
            "magpsf": 19.82670021057129,
            "sigmapsf": 0.15783800184726715,
            "magnr": 20.961999893188477,
            "sigmagnr": 0.0860000029206276,
            "magzpsci": 26.341699600219727,
            "isdiffpos": "t",
            "ssdistnr": null,
            "ssnamenr": null,
            "drb": null
        },
        {
            "candid": 2012250032115015012,
            "jd": 2459766.7500347,
            "ra": 227.9916866,
            "dec": 32.8415336,
            "fid": 2,
            "nid": 2012,
            "magpsf": 20.123836517333984,
            "sigmapsf": 0.13181336224079132,
            "magnr": 20.961999893188477,
            "sigmagnr": 0.0860000029206276,
            "magzpsci": 26.316835403442383,
            "isdiffpos": "t",
            "ssdistnr": -999.0,
            "ssnamenr": "null",
            "drb": null
        },
        {
            "jd": 2459733.7418056,
            "fid": 2,
            "diffmaglim": 20.645000457763672
        },
        {
            "jd": 2459733.8035301,
            "fid": 1,
            "diffmaglim": 20.855199813842773
        },
        {
            "jd": 2459735.7753356,
            "fid": 1,
            "diffmaglim": 20.806400299072266
        },
        {
            "jd": 2459737.6931134,
            "fid": 1,
            "diffmaglim": 20.476600646972656
        },
        {
            "jd": 2459737.7241319,
            "fid": 2,
            "diffmaglim": 20.660900115966797
        },
        {
            "jd": 2459739.7548264,
            "fid": 2,
            "diffmaglim": 20.27869987487793
        },
        {
            "jd": 2459739.8658912,
            "fid": 1,
            "diffmaglim": 20.300199508666992
        },
        {
            "jd": 2459741.7375347,
            "fid": 1,
            "diffmaglim": 19.70560073852539
        },
        {
            "jd": 2459741.7999653,
            "fid": 2,
            "diffmaglim": 19.83489990234375
        },
        {
            "jd": 2459743.713831,
            "fid": 2,
            "diffmaglim": 19.865800857543945
        },
        {
            "jd": 2459743.7771759,
            "fid": 1,
            "diffmaglim": 19.479400634765625
        },
        {
            "jd": 2459747.735706,
            "fid": 2,
            "diffmaglim": 20.753400802612305
        },
        {
            "jd": 2459747.8107176,
            "fid": 1,
            "diffmaglim": 20.125699996948242
        },
        {
            "jd": 2459749.7799769,
            "fid": 1,
            "diffmaglim": 20.695100784301758
        },
        {
            "jd": 2459749.831088,
            "fid": 2,
            "diffmaglim": 20.15410041809082
        },
        {
            "jd": 2459751.7771759,
            "fid": 2,
            "diffmaglim": 20.61720085144043
        },
        {
            "jd": 2459751.8292245,
            "fid": 1,
            "diffmaglim": 20.582199096679688
        },
        {
            "jd": 2459753.7815278,
            "fid": 1,
            "diffmaglim": 20.72209930419922
        },
        {
            "jd": 2459753.8193519,
            "fid": 2,
            "diffmaglim": 20.538000106811523
        },
        {
            "jd": 2459756.7188079,
            "fid": 2,
            "diffmaglim": 20.643800735473633
        },
        {
            "jd": 2459756.7765046,
            "fid": 1,
            "diffmaglim": 20.77389907836914
        },
        {
            "jd": 2459758.7846296,
            "fid": 2,
            "diffmaglim": 20.5841007232666
        },
        {
            "jd": 2459760.7392014,
            "fid": 1,
            "diffmaglim": 20.76099967956543
        },
        {
            "jd": 2459760.7601736,
            "fid": 2,
            "diffmaglim": 20.67329978942871
        }
    ],
    "forcedphot": []
}