{
    "objectId": "ZTF22aaezdtd",
    "candidates": [
        {
            "candid": 1923298331015015007,
            "jd": 2459677.7983333,
            "ra": 190.9063624,
            "dec": 1.3843892,
            "fid": 1,
            "nid": 1923,
            "magpsf": 19.056499481201172,
            "sigmapsf": 0.11978399753570557,
            "magnr": 18.613000869750977,
            "sigmagnr": 0.04500000178813934,
            "magzpsci": 26.3075008392334,
            "isdiffpos": "t",
            "ssdistnr": null,
            "ssnamenr": null,
            "drb": 0.9999989867210388
        },
        {
            "candid": 1923363471015015009,
            "jd": 2459677.8634722,
            "ra": 190.9064709,
            "dec": 1.3843997,
            "fid": 2,
            "nid": 1923,
            "magpsf": 19.308399200439453,
            "sigmapsf": 0.12398000061511993,
            "magnr": 18.00200080871582,
            "sigmagnr": 0.039000000804662704,
            "magzpsci": 26.183399200439453,
            "isdiffpos": "t",
            "ssdistnr": null,
            "ssnamenr": null,
            "drb": null
        },
        {
            "candid": 1925256941015015008,
            "jd": 2459679.7569444,
            "ra": 190.9063965,
            "dec": 1.3844,
            "fid": 1,
            "nid": 1925,
            "magpsf": 18.36090087890625,
            "sigmapsf": 0.06600899994373322,
            "magnr": 18.613000869750977,
            "sigmagnr": 0.04500000178813934,
            "magzpsci": 26.342899322509766,
            "isdiffpos": "t",
            "ssdistnr": null,
            "ssnamenr": null,
            "drb": null
        },
        {
            "candid": 1928212291015015002,
            "jd": 2459682.7122917,
            "ra": 190.9063545,
            "dec": 1.3843612,
            "fid": 1,
            "nid": 1928,
            "magpsf": 18.27050018310547,
            "sigmapsf": 0.08382000029087067,
            "magnr": 18.613000869750977,
            "sigmagnr": 0.04500000178813934,
            "magzpsci": 26.318500518798828,
            "isdiffpos": "t",
            "ssdistnr": null,
            "ssnamenr": null,
            "drb": null
        },
        {
            "candid": 1928315901015015001,
            "jd": 2459682.8159028,
            "ra": 190.9063713,
            "dec": 1.3843653,
            "fid": 2,
            "nid": 1928,
            "magpsf": 18.440799713134766,
            "sigmapsf": 0.096219003200531,
            "magnr": 18.00200080871582,
            "sigmagnr": 0.039000000804662704,
            "magzpsci": 26.221799850463867,
            "isdiffpos": "t",
            "ssdistnr": null,
            "ssnamenr": null,
            "drb": null
        },
        {
            "candid": 1933369751015015008,
            "jd": 2459687.8697569,
            "ra": 190.9063455,
            "dec": 1.3843278,
            "fid": 2,
            "nid": 1933,
            "magpsf": 19.004199981689453,
            "sigmapsf": 0.17928600311279297,
            "magnr": 18.00200080871582,
            "sigmagnr": 0.039000000804662704,
            "magzpsci": 26.15519905090332,
            "isdiffpos": "t",
            "ssdistnr": null,
            "ssnamenr": null,
            "drb": null
        },
        {
            "candid": 1935295081015015005,
            "jd": 2459689.795081,
            "ra": 190.9064047,
            "dec": 1.3844469,
            "fid": 1,
            "nid": 1935,
            "magpsf": 19.29509925842285,
            "sigmapsf": 0.16842499375343323,
            "magnr": 18.613000869750977,
            "sigmagnr": 0.04500000178813934,
            "magzpsci": 26.300100326538086,
            "isdiffpos": "t",
            "ssdistnr": null,
            "ssnamenr": null,
            "drb": null
        },
        {
            "candid": 1939338041015015005,
            "jd": 2459693.838044,
            "ra": 190.9064099,
            "dec": 1.3844422,
            "fid": 1,
            "nid": 1939,
            "magpsf": 19.813400268554688,
            "sigmapsf": 0.16150900721549988,
            "magnr": 18.613000869750977,
            "sigmagnr": 0.04500000178813934,
            "magzpsci": 26.238399505615234,
            "isdiffpos": "t",
            "ssdistnr": -999.0,
            "ssnamenr": "null",
            "drb": null
        },
        {
            "jd": 2459672.8153009,
            "fid": 1,
            "diffmaglim": 20.450899124145508
        },
        {
            "jd": 2459675.7292593,
            "fid": 2,
            "diffmaglim": 20.279499053955078
        },
        {
            "jd": 2459675.8333681,
            "fid": 1,
            "diffmaglim": 20.299699783325195
        },
        {
            "jd": 2459693.7537269,
            "fid": 2,
            "diffmaglim": 19.88290023803711
        }
    ],
    "forcedphot": []
}