{
    "objectId": "ZTF23abngbvw",
    "candidates": [
        {
            "candid": 2490316141515015013,
            "jd": 2460244.8161458,
            "ra": 62.4984329,
            "dec": -6.0979535,
            "fid": 2,
            "nid": 2490,
            "magpsf": 18.392200469970703,
            "sigmapsf": 0.09771300107240677,
            "magnr": 21.4689998626709,
            "sigmagnr": 0.10700000077486038,
            "magzpsci": 26.15019989013672,
            "isdiffpos": "t",
            "ssdistnr": null,
            "ssnamenr": null,
            "drb": 0.9999998807907104
        },
        {
            "candid": 2490376701515015015,
            "jd": 2460244.8767014,
            "ra": 62.498422,
            "dec": -6.0978993,
            "fid": 1,
            "nid": 2490,
            "magpsf": 18.62459945678711,
            "sigmapsf": 0.1217930018901825,
            "magnr": 21.242000579833984,
            "sigmagnr": 0.1080000028014183,
            "magzpsci": 26.316600799560547,
            "isdiffpos": "t",
            "ssdistnr": null,
            "ssnamenr": null,
            "drb": null
        },
        {
            "candid": 2492336291515015010,
            "jd": 2460246.8362963,
            "ra": 62.4983911,
            "dec": -6.097923,
            "fid": 2,
            "nid": 2492,
            "magpsf": 17.897600173950195,
            "sigmapsf": 0.07248499989509583,
            "magnr": 21.4689998626709,
            "sigmagnr": 0.10700000077486038,
            "magzpsci": 26.217599868774414,
            "isdiffpos": "t",
            "ssdistnr": null,
            "ssnamenr": null,
            "drb": null
        },
        {
            "candid": 2492389311515015002,
            "jd": 2460246.8893171,
            "ra": 62.4983643,
            "dec": -6.0979659,
            "fid": 1,
            "nid": 2492,
            "magpsf": 17.91029930114746,
            "sigmapsf": 0.12188699841499329,
            "magnr": 21.242000579833984,
            "sigmagnr": 0.1080000028014183,
            "magzpsci": 26.31130027770996,
            "isdiffpos": "t",
            "ssdistnr": null,
            "ssnamenr": null,
            "drb": null
        },
        {
            "candid": 2493273681515015023,
            "jd": 2460247.7736806,
            "ra": 62.4983402,
            "dec": -6.0981608,
            "fid": 2,
            "nid": 2493,
            "magpsf": 18.00830078125,
            "sigmapsf": 0.22817300260066986,
            "magnr": 21.4689998626709,
            "sigmagnr": 0.10700000077486038,
            "magzpsci": 26.2012996673584,
            "isdiffpos": "t",
            "ssdistnr": null,
            "ssnamenr": null,
            "drb": null
        },
        {
            "candid": 2495376371515015011,
            "jd": 2460249.8763773,
            "ra": 62.4984021,
            "dec": -6.0979244,
            "fid": 1,
            "nid": 2495,
            "magpsf": 17.634700775146484,
            "sigmapsf": 0.05671999976038933,
            "magnr": 21.242000579833984,
            "sigmagnr": 0.1080000028014183,
            "magzpsci": 26.30270004272461,
            "isdiffpos": "t",
            "ssdistnr": null,
            "ssnamenr": null,
            "drb": null
        },
        {
            "candid": 2495402031515015010,
            "jd": 2460249.902037,
            "ra": 62.4983867,
            "dec": -6.0979218,
            "fid": 2,
            "nid": 2495,
            "magpsf": 17.55190086364746,
            "sigmapsf": 0.05159100145101547,
            "magnr": 21.4689998626709,
            "sigmagnr": 0.10700000077486038,
            "magzpsci": 26.06290054321289,
            "isdiffpos": "t",
            "ssdistnr": null,
            "ssnamenr": null,
            "drb": null
        },
        {
            "candid": 2497358391515015011,
            "jd": 2460251.8583912,
            "ra": 62.4983959,
            "dec": -6.097925,
            "fid": 1,
            "nid": 2497,
            "magpsf": 17.547199249267578,
            "sigmapsf": 0.04642900079488754,
            "magnr": 21.242000579833984,
            "sigmagnr": 0.1080000028014183,
            "magzpsci": 26.289199829101562,
            "isdiffpos": "t",
            "ssdistnr": null,
            "ssnamenr": null,
            "drb": null
        },
        {
            "candid": 2497415021515015007,
            "jd": 2460251.9150231,
            "ra": 62.4983966,
            "dec": -6.0979176,
            "fid": 2,
            "nid": 2497,
            "magpsf": 17.558500289916992,
            "sigmapsf": 0.046427998691797256,
            "magnr": 21.4689998626709,
            "sigmagnr": 0.10700000077486038,
            "magzpsci": 26.202499389648438,
            "isdiffpos": "t",
            "ssdistnr": null,
            "ssnamenr": null,
            "drb": null
        },
        {
            "candid": 2499394361515015013,
            "jd": 2460253.8943634,
            "ra": 62.4984098,
            "dec": -6.0979347,
            "fid": 2,
            "nid": 2499,
            "magpsf": 17.532899856567383,
            "sigmapsf": 0.045177001506090164,
            "magnr": 21.4689998626709,
            "sigmagnr": 0.10700000077486038,
            "magzpsci": 26.195899963378906,
            "isdiffpos": "t",
            "ssdistnr": null,
            "ssnamenr": null,
            "drb": null
        },
        {
            "candid": 2499420301515015008,
            "jd": 2460253.9203009,
            "ra": 62.4984079,
            "dec": -6.0979087,
            "fid": 1,
            "nid": 2499,
            "magpsf": 17.661399841308594,
            "sigmapsf": 0.0394119992852211,
            "magnr": 21.242000579833984,
            "sigmagnr": 0.1080000028014183,
            "magzpsci": 26.330400466918945,
            "isdiffpos": "t",
            "ssdistnr": null,
            "ssnamenr": null,
            "drb": null
        },
        {
            "candid": 2503370251515015015,
            "jd": 2460257.8702546,
            "ra": 62.4984006,
            "dec": -6.0979199,
            "fid": 1,
            "nid": 2503,
            "magpsf": 17.875699996948242,
            "sigmapsf": 0.04626300185918808,
            "magnr": 21.242000579833984,
            "sigmagnr": 0.1080000028014183,
            "magzpsci": 26.284700393676758,
            "isdiffpos": "t",
            "ssdistnr": null,
            "ssnamenr": null,
            "drb": null
        },
        {
            "candid": 2503400551515015006,
            "jd": 2460257.9005556,
            "ra": 62.4984061,
            "dec": -6.0979405,
            "fid": 2,
            "nid": 2503,
            "magpsf": 17.893400192260742,
            "sigmapsf": 0.06486299633979797,
            "magnr": 21.4689998626709,
            "sigmagnr": 0.10700000077486038,
            "magzpsci": 26.20240020751953,
            "isdiffpos": "t",
            "ssdistnr": null,
            "ssnamenr": null,
            "drb": null
        },
        {
            "candid": 2505365321515015011,
            "jd": 2460259.8653241,
            "ra": 62.4983972,
            "dec": -6.0979242,
            "fid": 2,
            "nid": 2505,
            "magpsf": 18.012699127197266,
            "sigmapsf": 0.03914500027894974,
            "magnr": 21.4689998626709,
            "sigmagnr": 0.10700000077486038,
            "magzpsci": 26.200700759887695,
            "isdiffpos": "t",
            "ssdistnr": null,
            "ssnamenr": null,
            "drb": null
        },
        {
            "candid": 2505416221515015015,
            "jd": 2460259.9162269,
            "ra": 62.4984618,
            "dec": -6.0978946,
            "fid": 1,
            "nid": 2505,
            "magpsf": 18.144899368286133,
            "sigmapsf": 0.07339700311422348,
            "magnr": 21.242000579833984,
            "sigmagnr": 0.1080000028014183,
            "magzpsci": 26.259899139404297,
            "isdiffpos": "t",
            "ssdistnr": null,
            "ssnamenr": null,
            "drb": null
        },
        {
            "candid": 2507331251515015023,
            "jd": 2460261.83125,
            "ra": 62.4984004,
            "dec": -6.0979146,
            "fid": 1,
            "nid": 2507,
            "magpsf": 18.30699920654297,
            "sigmapsf": 0.048955000936985016,
            "magnr": 21.242000579833984,
            "sigmagnr": 0.1080000028014183,
            "magzpsci": 26.319000244140625,
            "isdiffpos": "t",
            "ssdistnr": null,
            "ssnamenr": null,
            "drb": null
        },
        {
            "candid": 2507437061515015016,
            "jd": 2460261.9370602,
            "ra": 62.4983921,
            "dec": -6.0979289,
            "fid": 2,
            "nid": 2507,
            "magpsf": 18.21969985961914,
            "sigmapsf": 0.056359000504016876,
            "magnr": 21.4689998626709,
            "sigmagnr": 0.10700000077486038,
            "magzpsci": 26.19569969177246,
            "isdiffpos": "t",
            "ssdistnr": null,
            "ssnamenr": null,
            "drb": null
        },
        {
            "candid": 2508423181515015013,
            "jd": 2460262.9231829,
            "ra": 62.4983997,
            "dec": -6.0979245,
            "fid": 1,
            "nid": 2508,
            "magpsf": 18.383310317993164,
            "sigmapsf": 0.053635451942682266,
            "magnr": 21.242000579833984,
            "sigmagnr": 0.1080000028014183,
            "magzpsci": 26.293310165405273,
            "isdiffpos": "t",
            "ssdistnr": -999.0,
            "ssnamenr": "null",
            "drb": null
        },
        {
            "jd": 2460215.9353935,
            "fid": 2,
            "diffmaglim": 19.97599983215332
        },
        {
            "jd": 2460215.9363542,
            "fid": 2,
            "diffmaglim": 19.733699798583984
        },
        {
            "jd": 2460217.9190972,
            "fid": 2,
            "diffmaglim": 19.063600540161133
        },
        {
            "jd": 2460217.9205208,
            "fid": 2,
            "diffmaglim": 19.225099563598633
        },
        {
            "jd": 2460221.904838,
            "fid": 1,
            "diffmaglim": 19.183399200439453
        },
        {
            "jd": 2460221.9233218,
            "fid": 1,
            "diffmaglim": 19.258399963378906
        },
        {
            "jd": 2460221.9838889,
            "fid": 2,
            "diffmaglim": 19.213699340820312
        },
        {
            "jd": 2460221.984838,
            "fid": 2,
            "diffmaglim": 19.461700439453125
        },
        {
            "jd": 2460223.9047222,
            "fid": 1,
            "diffmaglim": 20.058399200439453
        },
        {
            "jd": 2460223.9183565,
            "fid": 1,
            "diffmaglim": 19.9237003326416
        },
        {
            "jd": 2460223.9582523,
            "fid": 2,
            "diffmaglim": 20.059999465942383
        },
        {
            "jd": 2460223.9587269,
            "fid": 2,
            "diffmaglim": 19.9158992767334
        },
        {
            "jd": 2460225.9217708,
            "fid": 1,
            "diffmaglim": 20.362600326538086
        },
        {
            "jd": 2460225.9222454,
            "fid": 1,
            "diffmaglim": 20.359800338745117
        },
        {
            "jd": 2460225.960706,
            "fid": 2,
            "diffmaglim": 20.30030059814453
        },
        {
            "jd": 2460225.9611806,
            "fid": 2,
            "diffmaglim": 20.52750015258789
        },
        {
            "jd": 2460228.9054051,
            "fid": 2,
            "diffmaglim": 19.9950008392334
        },
        {
            "jd": 2460228.926331,
            "fid": 1,
            "diffmaglim": 20.55470085144043
        },
        {
            "jd": 2460228.926794,
            "fid": 1,
            "diffmaglim": 20.414100646972656
        },
        {
            "jd": 2460231.9406597,
            "fid": 1,
            "diffmaglim": 20.708200454711914
        },
        {
            "jd": 2460231.9411343,
            "fid": 1,
            "diffmaglim": 20.587200164794922
        },
        {
            "jd": 2460233.8980787,
            "fid": 1,
            "diffmaglim": 20.428600311279297
        },
        {
            "jd": 2460233.8985532,
            "fid": 1,
            "diffmaglim": 20.5757999420166
        },
        {
            "jd": 2460233.9421991,
            "fid": 2,
            "diffmaglim": 20.533599853515625
        },
        {
            "jd": 2460233.942662,
            "fid": 2,
            "diffmaglim": 20.33060073852539
        },
        {
            "jd": 2460235.8806481,
            "fid": 1,
            "diffmaglim": 20.69849967956543
        },
        {
            "jd": 2460235.9257523,
            "fid": 2,
            "diffmaglim": 20.23189926147461
        },
        {
            "jd": 2460235.9262269,
            "fid": 2,
            "diffmaglim": 20.545499801635742
        },
        {
            "jd": 2460237.8583681,
            "fid": 2,
            "diffmaglim": 20.38249969482422
        },
        {
            "jd": 2460237.8764468,
            "fid": 2,
            "diffmaglim": 20.27910041809082
        },
        {
            "jd": 2460237.9319792,
            "fid": 1,
            "diffmaglim": 20.479299545288086
        },
        {
            "jd": 2460237.9324421,
            "fid": 1,
            "diffmaglim": 20.512500762939453
        },
        {
            "jd": 2460239.8996875,
            "fid": 2,
            "diffmaglim": 20.06060028076172
        },
        {
            "jd": 2460239.9224421,
            "fid": 2,
            "diffmaglim": 20.633100509643555
        },
        {
            "jd": 2460239.9408912,
            "fid": 1,
            "diffmaglim": 20.56220054626465
        },
        {
            "jd": 2460239.9413657,
            "fid": 1,
            "diffmaglim": 20.57229995727539
        },
        {
            "jd": 2460244.8152083,
            "fid": 2,
            "diffmaglim": 19.486600875854492
        },
        {
            "jd": 2460244.9365625,
            "fid": 1,
            "diffmaglim": 19.31839942932129
        },
        {
            "jd": 2460246.8311111,
            "fid": 2,
            "diffmaglim": 18.76490020751953
        },
        {
            "jd": 2460246.9312963,
            "fid": 1,
            "diffmaglim": 18.75189971923828
        },
        {
            "jd": 2460249.8576389,
            "fid": 1,
            "diffmaglim": 19.114599227905273
        },
        {
            "jd": 2460249.8763773,
            "fid": 1,
            "diffmaglim": 19.35919952392578
        },
        {
            "jd": 2460249.9025116,
            "fid": 2,
            "diffmaglim": 18.95949935913086
        },
        {
            "jd": 2460251.8579167,
            "fid": 1,
            "diffmaglim": 19.77400016784668
        },
        {
            "jd": 2460251.9154861,
            "fid": 2,
            "diffmaglim": 19.776899337768555
        },
        {
            "jd": 2460253.8117477,
            "fid": 2,
            "diffmaglim": 20.09429931640625
        },
        {
            "jd": 2460253.9198264,
            "fid": 1,
            "diffmaglim": 20.0398006439209
        },
        {
            "jd": 2460257.787581,
            "fid": 2,
            "diffmaglim": 18.901199340820312
        },
        {
            "jd": 2460257.8754514,
            "fid": 1,
            "diffmaglim": 19.994300842285156
        },
        {
            "jd": 2460259.836331,
            "fid": 2,
            "diffmaglim": 20.215299606323242
        },
        {
            "jd": 2460259.8584722,
            "fid": 1,
            "diffmaglim": 20.11829948425293
        },
        {
            "jd": 2460261.9345255,
            "fid": 1,
            "diffmaglim": 20.100000381469727
        },
        {
            "jd": 2460261.9962384,
            "fid": 2,
            "diffmaglim": 18.40719985961914
        },
        {
            "jd": 2460262.8986458,
            "fid": 1,
            "diffmaglim": 20.48590087890625
        }
    ],
    "forcedphot": [
        {
            "objectid": "ZTF23abngbvw",
            "jd": 2460215.9363542,
            "ranr": -99999.0,
            "decnr": -99999.0,
            "fid": 2,
            "forcediffimflux": -99999.0,
            "forcediffimfluxunc": -99999.0,
            "magzpsci": 26.281700134277344
        },
        {
            "objectid": "ZTF23abngbvw",
            "jd": 2460217.9205208,
            "ranr": 62.4983655,
            "decnr": -6.0978442,
            "fid": 2,
            "forcediffimflux": 127.67550659179688,
            "forcediffimfluxunc": 85.03511810302734,
            "magzpsci": 26.194799423217773
        },
        {
            "objectid": "ZTF23abngbvw",
            "jd": 2460221.9233218,
            "ranr": -99999.0,
            "decnr": -99999.0,
            "fid": 1,
            "forcediffimflux": -99999.0,
            "forcediffimfluxunc": -99999.0,
            "magzpsci": 26.302000045776367
        },
        {
            "objectid": "ZTF23abngbvw",
            "jd": 2460221.984838,
            "ranr": 62.4983655,
            "decnr": -6.0978442,
            "fid": 2,
            "forcediffimflux": 52.15614318847656,
            "forcediffimfluxunc": 66.23606872558594,
            "magzpsci": 26.211200714111328
        },
        {
            "objectid": "ZTF23abngbvw",
            "jd": 2460223.9183565,
            "ranr": -99999.0,
            "decnr": -99999.0,
            "fid": 1,
            "forcediffimflux": -99999.0,
            "forcediffimfluxunc": -99999.0,
            "magzpsci": 26.275999069213867
        },
        {
            "objectid": "ZTF23abngbvw",
            "jd": 2460223.9587269,
            "ranr": -99999.0,
            "decnr": -99999.0,
            "fid": 2,
            "forcediffimflux": -99999.0,
            "forcediffimfluxunc": -99999.0,
            "magzpsci": 26.237199783325195
        },
        {
            "objectid": "ZTF23abngbvw",
            "jd": 2460225.9222454,
            "ranr": 62.4983328,
            "decnr": -6.0983805,
            "fid": 1,
            "forcediffimflux": -27.634902954101562,
            "forcediffimfluxunc": 30.703676223754883,
            "magzpsci": 26.30660057067871
        },
        {
            "objectid": "ZTF23abngbvw",
            "jd": 2460225.9611806,
            "ranr": 62.4983655,
            "decnr": -6.0978442,
            "fid": 2,
            "forcediffimflux": -29.1716365814209,
            "forcediffimfluxunc": 20.583118438720703,
            "magzpsci": 26.18280029296875
        },
        {
            "objectid": "ZTF23abngbvw",
            "jd": 2460228.9054051,
            "ranr": -99999.0,
            "decnr": -99999.0,
            "fid": 2,
            "forcediffimflux": -99999.0,
            "forcediffimfluxunc": -99999.0,
            "magzpsci": 26.224300384521484
        },
        {
            "objectid": "ZTF23abngbvw",
            "jd": 2460228.926794,
            "ranr": -99999.0,
            "decnr": -99999.0,
            "fid": 1,
            "forcediffimflux": -99999.0,
            "forcediffimfluxunc": -99999.0,
            "magzpsci": 26.311800003051758
        },
        {
            "objectid": "ZTF23abngbvw",
            "jd": 2460231.9411343,
            "ranr": -99999.0,
            "decnr": -99999.0,
            "fid": 1,
            "forcediffimflux": -99999.0,
            "forcediffimfluxunc": -99999.0,
            "magzpsci": 26.28350067138672
        },
        {
            "objectid": "ZTF23abngbvw",
            "jd": 2460233.8985532,
            "ranr": 62.4983328,
            "decnr": -6.0983805,
            "fid": 1,
            "forcediffimflux": -33.50339889526367,
            "forcediffimfluxunc": 25.970312118530273,
            "magzpsci": 26.369300842285156
        },
        {
            "objectid": "ZTF23abngbvw",
            "jd": 2460233.942662,
            "ranr": -99999.0,
            "decnr": -99999.0,
            "fid": 2,
            "forcediffimflux": -99999.0,
            "forcediffimfluxunc": -99999.0,
            "magzpsci": 26.219900131225586
        },
        {
            "objectid": "ZTF23abngbvw",
            "jd": 2460235.8806481,
            "ranr": 62.4983328,
            "decnr": -6.0983805,
            "fid": 1,
            "forcediffimflux": -23.004579544067383,
            "forcediffimfluxunc": 22.38005256652832,
            "magzpsci": 26.308799743652344
        },
        {
            "objectid": "ZTF23abngbvw",
            "jd": 2460235.9262269,
            "ranr": 62.4983655,
            "decnr": -6.0978442,
            "fid": 2,
            "forcediffimflux": 31.740686416625977,
            "forcediffimfluxunc": 22.88853645324707,
            "magzpsci": 26.200199127197266
        },
        {
            "objectid": "ZTF23abngbvw",
            "jd": 2460237.8764468,
            "ranr": -99999.0,
            "decnr": -99999.0,
            "fid": 2,
            "forcediffimflux": -99999.0,
            "forcediffimfluxunc": -99999.0,
            "magzpsci": 26.21820068359375
        },
        {
            "objectid": "ZTF23abngbvw",
            "jd": 2460237.9324421,
            "ranr": -99999.0,
            "decnr": -99999.0,
            "fid": 1,
            "forcediffimflux": -99999.0,
            "forcediffimfluxunc": -99999.0,
            "magzpsci": 26.296899795532227
        },
        {
            "objectid": "ZTF23abngbvw",
            "jd": 2460239.9224421,
            "ranr": 62.4983655,
            "decnr": -6.0978442,
            "fid": 2,
            "forcediffimflux": 7.596493244171143,
            "forcediffimfluxunc": 20.556175231933594,
            "magzpsci": 26.217300415039062
        },
        {
            "objectid": "ZTF23abngbvw",
            "jd": 2460239.9413657,
            "ranr": -99999.0,
            "decnr": -99999.0,
            "fid": 1,
            "forcediffimflux": -99999.0,
            "forcediffimfluxunc": -99999.0,
            "magzpsci": 26.2987003326416
        },
        {
            "objectid": "ZTF23abngbvw",
            "jd": 2460244.8152083,
            "ranr": -99999.0,
            "decnr": -99999.0,
            "fid": 2,
            "forcediffimflux": -99999.0,
            "forcediffimfluxunc": -99999.0,
            "magzpsci": 26.216400146484375
        },
        {
            "objectid": "ZTF23abngbvw",
            "jd": 2460244.8161458,
            "ranr": 62.4983655,
            "decnr": -6.0978442,
            "fid": 2,
            "forcediffimflux": 1293.4439697265625,
            "forcediffimfluxunc": 75.9583969116211,
            "magzpsci": 26.15019989013672
        },
        {
            "objectid": "ZTF23abngbvw",
            "jd": 2460244.9365625,
            "ranr": -99999.0,
            "decnr": -99999.0,
            "fid": 1,
            "forcediffimflux": -99999.0,
            "forcediffimfluxunc": -99999.0,
            "magzpsci": 26.286800384521484
        },
        {
            "objectid": "ZTF23abngbvw",
            "jd": 2460246.8311111,
            "ranr": -99999.0,
            "decnr": -99999.0,
            "fid": 2,
            "forcediffimflux": -99999.0,
            "forcediffimfluxunc": -99999.0,
            "magzpsci": 26.2091007232666
        },
        {
            "objectid": "ZTF23abngbvw",
            "jd": 2460246.8362963,
            "ranr": 62.4983655,
            "decnr": -6.0978442,
            "fid": 2,
            "forcediffimflux": 2131.835693359375,
            "forcediffimfluxunc": 97.29344940185547,
            "magzpsci": 26.217599868774414
        },
        {
            "objectid": "ZTF23abngbvw",
            "jd": 2460246.9312963,
            "ranr": -99999.0,
            "decnr": -99999.0,
            "fid": 1,
            "forcediffimflux": -99999.0,
            "forcediffimfluxunc": -99999.0,
            "magzpsci": 26.302600860595703
        },
        {
            "objectid": "ZTF23abngbvw",
            "jd": 2460249.8576389,
            "ranr": -99999.0,
            "decnr": -99999.0,
            "fid": 1,
            "forcediffimflux": -99999.0,
            "forcediffimfluxunc": -99999.0,
            "magzpsci": 26.232200622558594
        },
        {
            "objectid": "ZTF23abngbvw",
            "jd": 2460249.8763773,
            "ranr": 62.4983328,
            "decnr": -6.0983805,
            "fid": 1,
            "forcediffimflux": 2822.206787109375,
            "forcediffimfluxunc": 76.18687438964844,
            "magzpsci": 26.30270004272461
        },
        {
            "objectid": "ZTF23abngbvw",
            "jd": 2460249.9025116,
            "ranr": -99999.0,
            "decnr": -99999.0,
            "fid": 2,
            "forcediffimflux": -99999.0,
            "forcediffimfluxunc": -99999.0,
            "magzpsci": 26.06730079650879
        },
        {
            "objectid": "ZTF23abngbvw",
            "jd": 2460251.8579167,
            "ranr": -99999.0,
            "decnr": -99999.0,
            "fid": 1,
            "forcediffimflux": -99999.0,
            "forcediffimfluxunc": -99999.0,
            "magzpsci": 26.292800903320312
        },
        {
            "objectid": "ZTF23abngbvw",
            "jd": 2460251.8583912,
            "ranr": 62.4983328,
            "decnr": -6.0983805,
            "fid": 1,
            "forcediffimflux": 3149.93896484375,
            "forcediffimfluxunc": 50.58720397949219,
            "magzpsci": 26.289199829101562
        },
        {
            "objectid": "ZTF23abngbvw",
            "jd": 2460251.9154861,
            "ranr": -99999.0,
            "decnr": -99999.0,
            "fid": 2,
            "forcediffimflux": -99999.0,
            "forcediffimfluxunc": -99999.0,
            "magzpsci": 26.230499267578125
        },
        {
            "objectid": "ZTF23abngbvw",
            "jd": 2460253.8117477,
            "ranr": -99999.0,
            "decnr": -99999.0,
            "fid": 2,
            "forcediffimflux": -99999.0,
            "forcediffimfluxunc": -99999.0,
            "magzpsci": 26.207300186157227
        },
        {
            "objectid": "ZTF23abngbvw",
            "jd": 2460253.8943634,
            "ranr": 62.4983655,
            "decnr": -6.0978442,
            "fid": 2,
            "forcediffimflux": 2962.122314453125,
            "forcediffimfluxunc": 39.533172607421875,
            "magzpsci": 26.195899963378906
        },
        {
            "objectid": "ZTF23abngbvw",
            "jd": 2460253.9198264,
            "ranr": -99999.0,
            "decnr": -99999.0,
            "fid": 1,
            "forcediffimflux": -99999.0,
            "forcediffimfluxunc": -99999.0,
            "magzpsci": 26.296100616455078
        },
        {
            "objectid": "ZTF23abngbvw",
            "jd": 2460253.9203009,
            "ranr": 62.4983328,
            "decnr": -6.0983805,
            "fid": 1,
            "forcediffimflux": 2943.83203125,
            "forcediffimfluxunc": 42.7838249206543,
            "magzpsci": 26.330400466918945
        },
        {
            "objectid": "ZTF23abngbvw",
            "jd": 2460257.787581,
            "ranr": -99999.0,
            "decnr": -99999.0,
            "fid": 2,
            "forcediffimflux": -99999.0,
            "forcediffimfluxunc": -99999.0,
            "magzpsci": 26.22170066833496
        },
        {
            "objectid": "ZTF23abngbvw",
            "jd": 2460257.8754514,
            "ranr": -99999.0,
            "decnr": -99999.0,
            "fid": 1,
            "forcediffimflux": -99999.0,
            "forcediffimfluxunc": -99999.0,
            "magzpsci": 26.288000106811523
        },
        {
            "objectid": "ZTF23abngbvw",
            "jd": 2460257.9005556,
            "ranr": 62.4983655,
            "decnr": -6.0978442,
            "fid": 2,
            "forcediffimflux": 1998.4129638671875,
            "forcediffimfluxunc": 54.075584411621094,
            "magzpsci": 26.20240020751953
        },
        {
            "objectid": "ZTF23abngbvw",
            "jd": 2460259.836331,
            "ranr": -99999.0,
            "decnr": -99999.0,
            "fid": 2,
            "forcediffimflux": -99999.0,
            "forcediffimfluxunc": -99999.0,
            "magzpsci": 26.212400436401367
        },
        {
            "objectid": "ZTF23abngbvw",
            "jd": 2460259.8584722,
            "ranr": -99999.0,
            "decnr": -99999.0,
            "fid": 1,
            "forcediffimflux": -99999.0,
            "forcediffimfluxunc": -99999.0,
            "magzpsci": 26.276100158691406
        },
        {
            "objectid": "ZTF23abngbvw",
            "jd": 2460259.8653241,
            "ranr": 62.4983655,
            "decnr": -6.0978442,
            "fid": 2,
            "forcediffimflux": 1945.42529296875,
            "forcediffimfluxunc": 33.697452545166016,
            "magzpsci": 26.200700759887695
        },
        {
            "objectid": "ZTF23abngbvw",
            "jd": 2460259.9162269,
            "ranr": 62.4983328,
            "decnr": -6.0983805,
            "fid": 1,
            "forcediffimflux": 1635.2613525390625,
            "forcediffimfluxunc": 49.31516647338867,
            "magzpsci": 26.259899139404297
        },
        {
            "objectid": "ZTF23abngbvw",
            "jd": 2460261.9345255,
            "ranr": -99999.0,
            "decnr": -99999.0,
            "fid": 1,
            "forcediffimflux": -99999.0,
            "forcediffimfluxunc": -99999.0,
            "magzpsci": 26.253700256347656
        },
        {
            "objectid": "ZTF23abngbvw",
            "jd": 2460261.9370602,
            "ranr": 62.4983655,
            "decnr": -6.0978442,
            "fid": 2,
            "forcediffimflux": 1635.2181396484375,
            "forcediffimfluxunc": 30.487964630126953,
            "magzpsci": 26.19569969177246
        },
        {
            "objectid": "ZTF23abngbvw",
            "jd": 2460262.8986458,
            "ranr": -99999.0,
            "decnr": -99999.0,
            "fid": 1,
            "forcediffimflux": -99999.0,
            "forcediffimfluxunc": -99999.0,
            "magzpsci": 26.269500732421875
        }
    ]
}