{
    "objectId": "ZTF22aahftli",
    "candidates": [
        {
            "candid": 1936446272015015004,
            "jd": 2459690.9462731,
            "ra": 289.160154,
            "dec": 61.6876948,
            "fid": 1,
            "nid": 1936,
            "magpsf": 19.884700775146484,
            "sigmapsf": 0.18262900412082672,
            "magnr": 19.52400016784668,
            "sigmagnr": 0.0560000017285347,
            "magzpsci": 26.25469970703125,
            "isdiffpos": "t",
            "ssdistnr": null,
            "ssnamenr": null,
            "drb": 0.9989050030708313
        },
        {
            "candid": 1936472612015015006,
            "jd": 2459690.9726157,
            "ra": 289.160034,
            "dec": 61.6876514,
            "fid": 2,
            "nid": 1936,
            "magpsf": 20.125699996948242,
            "sigmapsf": 0.22344399988651276,
            "magnr": 19.134000778198242,
            "sigmagnr": 0.07100000232458115,
            "magzpsci": 26.263700485229492,
            "isdiffpos": "t",
            "ssdistnr": null,
            "ssnamenr": null,
            "drb": null
        },
        {
            "candid": 1940324182015015002,
            "jd": 2459694.8241898,
            "ra": 289.1601249,
            "dec": 61.6876289,
            "fid": 2,
            "nid": 1940,
            "magpsf": 18.565000534057617,
            "sigmapsf": 0.0899680033326149,
            "magnr": 19.134000778198242,
            "sigmagnr": 0.07100000232458115,
            "magzpsci": 26.094999313354492,
            "isdiffpos": "t",
            "ssdistnr": null,
            "ssnamenr": null,
            "drb": null
        },
        {
            "candid": 1940429052015015006,
            "jd": 2459694.9290509,
            "ra": 289.1599751,
            "dec": 61.6875818,
            "fid": 1,
            "nid": 1940,
            "magpsf": 18.439800262451172,
            "sigmapsf": 0.10594300180673599,
            "magnr": 19.52400016784668,
            "sigmagnr": 0.0560000017285347,
            "magzpsci": 26.096799850463867,
            "isdiffpos": "t",
            "ssdistnr": null,
            "ssnamenr": null,
            "drb": null
        },
        {
            "candid": 1942428342015015006,
            "jd": 2459696.9283449,
            "ra": 289.1600521,
            "dec": 61.6876526,
            "fid": 1,
            "nid": 1942,
            "magpsf": 18.17799949645996,
            "sigmapsf": 0.06029000133275986,
            "magnr": 19.52400016784668,
            "sigmagnr": 0.0560000017285347,
            "magzpsci": 26.239999771118164,
            "isdiffpos": "t",
            "ssdistnr": null,
            "ssnamenr": null,
            "drb": null
        },
        {
            "candid": 1942467922015015005,
            "jd": 2459696.9679282,
            "ra": 289.1601153,
            "dec": 61.6876343,
            "fid": 2,
            "nid": 1942,
            "magpsf": 18.328800201416016,
            "sigmapsf": 0.05737299844622612,
            "magnr": 19.134000778198242,
            "sigmagnr": 0.07100000232458115,
            "magzpsci": 26.286800384521484,
            "isdiffpos": "t",
            "ssdistnr": null,
            "ssnamenr": null,
            "drb": null
        },
        {
            "candid": 1944458772015015012,
            "jd": 2459698.9587731,
            "ra": 289.1600813,
            "dec": 61.6876266,
            "fid": 1,
            "nid": 1944,
            "magpsf": 18.088199615478516,
            "sigmapsf": 0.05038300156593323,
            "magnr": 19.52400016784668,
            "sigmagnr": 0.0560000017285347,
            "magzpsci": 26.208200454711914,
            "isdiffpos": "t",
            "ssdistnr": null,
            "ssnamenr": null,
            "drb": null
        },
        {
            "candid": 1944470022015015005,
            "jd": 2459698.9700231,
            "ra": 289.16007,
            "dec": 61.687606,
            "fid": 2,
            "nid": 1944,
            "magpsf": 18.202199935913086,
            "sigmapsf": 0.05748999863862991,
            "magnr": 19.134000778198242,
            "sigmagnr": 0.07100000232458115,
            "magzpsci": 26.244199752807617,
            "isdiffpos": "t",
            "ssdistnr": null,
            "ssnamenr": null,
            "drb": null
        },
        {
            "candid": 1947410912015015022,
            "jd": 2459701.9109144,
            "ra": 289.1600394,
            "dec": 61.6876343,
            "fid": 1,
            "nid": 1947,
            "magpsf": 18.16349983215332,
            "sigmapsf": 0.06830599904060364,
            "magnr": 19.52400016784668,
            "sigmagnr": 0.0560000017285347,
            "magzpsci": 26.168500900268555,
            "isdiffpos": "t",
            "ssdistnr": null,
            "ssnamenr": null,
            "drb": null
        },
        {
            "candid": 1947421532015015035,
            "jd": 2459701.9215394,
            "ra": 289.1600089,
            "dec": 61.6876276,
            "fid": 1,
            "nid": 1947,
            "magpsf": 18.184600830078125,
            "sigmapsf": 0.05407999828457832,
            "magnr": 19.52400016784668,
            "sigmagnr": 0.0560000017285347,
            "magzpsci": 26.17959976196289,
            "isdiffpos": "t",
            "ssdistnr": null,
            "ssnamenr": null,
            "drb": null
        },
        {
            "candid": 1953437732015015004,
            "jd": 2459707.9377315,
            "ra": 289.159984,
            "dec": 61.6876041,
            "fid": 2,
            "nid": 1953,
            "magpsf": 18.46470069885254,
            "sigmapsf": 0.06538300216197968,
            "magnr": 19.134000778198242,
            "sigmagnr": 0.07100000232458115,
            "magzpsci": 26.290700912475586,
            "isdiffpos": "t",
            "ssdistnr": null,
            "ssnamenr": null,
            "drb": null
        },
        {
            "candid": 1953446202015015006,
            "jd": 2459707.9462037,
            "ra": 289.1599121,
            "dec": 61.6876178,
            "fid": 2,
            "nid": 1953,
            "magpsf": 18.50790023803711,
            "sigmapsf": 0.0624379999935627,
            "magnr": 19.134000778198242,
            "sigmagnr": 0.07100000232458115,
            "magzpsci": 26.289899826049805,
            "isdiffpos": "t",
            "ssdistnr": null,
            "ssnamenr": null,
            "drb": null
        },
        {
            "candid": 1955415712015015002,
            "jd": 2459709.9157176,
            "ra": 289.1601473,
            "dec": 61.6876478,
            "fid": 2,
            "nid": 1955,
            "magpsf": 18.609699249267578,
            "sigmapsf": 0.08486899733543396,
            "magnr": 19.134000778198242,
            "sigmagnr": 0.07100000232458115,
            "magzpsci": 26.26569938659668,
            "isdiffpos": "t",
            "ssdistnr": null,
            "ssnamenr": null,
            "drb": null
        },
        {
            "candid": 1957423582015015004,
            "jd": 2459711.923588,
            "ra": 289.1599819,
            "dec": 61.6876615,
            "fid": 1,
            "nid": 1957,
            "magpsf": 18.924800872802734,
            "sigmapsf": 0.12946799397468567,
            "magnr": 19.52400016784668,
            "sigmagnr": 0.0560000017285347,
            "magzpsci": 26.28580093383789,
            "isdiffpos": "t",
            "ssdistnr": null,
            "ssnamenr": null,
            "drb": null
        },
        {
            "candid": 1957449152015015007,
            "jd": 2459711.9491551,
            "ra": 289.1601148,
            "dec": 61.6876161,
            "fid": 2,
            "nid": 1957,
            "magpsf": 18.729400634765625,
            "sigmapsf": 0.07382900267839432,
            "magnr": 19.134000778198242,
            "sigmagnr": 0.07100000232458115,
            "magzpsci": 26.292400360107422,
            "isdiffpos": "t",
            "ssdistnr": null,
            "ssnamenr": null,
            "drb": null
        },
        {
            "candid": 1959389012015015004,
            "jd": 2459713.8890162,
            "ra": 289.160153,
            "dec": 61.6876392,
            "fid": 2,
            "nid": 1959,
            "magpsf": 18.827600479125977,
            "sigmapsf": 0.11062200367450714,
            "magnr": 19.134000778198242,
            "sigmagnr": 0.07100000232458115,
            "magzpsci": 26.300600051879883,
            "isdiffpos": "t",
            "ssdistnr": null,
            "ssnamenr": null,
            "drb": null
        },
        {
            "candid": 1959451492015015002,
            "jd": 2459713.9514931,
            "ra": 289.1602242,
            "dec": 61.6876263,
            "fid": 1,
            "nid": 1959,
            "magpsf": 18.95599937438965,
            "sigmapsf": 0.13538900017738342,
            "magnr": 19.52400016784668,
            "sigmagnr": 0.0560000017285347,
            "magzpsci": 26.222000122070312,
            "isdiffpos": "t",
            "ssdistnr": null,
            "ssnamenr": null,
            "drb": null
        },
        {
            "candid": 1963322312015015003,
            "jd": 2459717.8223148,
            "ra": 289.1603723,
            "dec": 61.6876119,
            "fid": 1,
            "nid": 1963,
            "magpsf": 19.80139923095703,
            "sigmapsf": 0.267969012260437,
            "magnr": 19.52400016784668,
            "sigmagnr": 0.0560000017285347,
            "magzpsci": 26.214399337768555,
            "isdiffpos": "t",
            "ssdistnr": null,
            "ssnamenr": null,
            "drb": null
        },
        {
            "candid": 1965372692015015001,
            "jd": 2459719.8726968,
            "ra": 289.159865,
            "dec": 61.6875915,
            "fid": 2,
            "nid": 1965,
            "magpsf": 20.056699752807617,
            "sigmapsf": 0.177388995885849,
            "magnr": 19.134000778198242,
            "sigmagnr": 0.07100000232458115,
            "magzpsci": 26.306699752807617,
            "isdiffpos": "t",
            "ssdistnr": null,
            "ssnamenr": null,
            "drb": null
        },
        {
            "candid": 1965405412015015004,
            "jd": 2459719.9054167,
            "ra": 289.1600226,
            "dec": 61.6875879,
            "fid": 2,
            "nid": 1965,
            "magpsf": 19.821250915527344,
            "sigmapsf": 0.21462100744247437,
            "magnr": 19.134000778198242,
            "sigmagnr": 0.07100000232458115,
            "magzpsci": 26.31024932861328,
            "isdiffpos": "t",
            "ssdistnr": -999.0,
            "ssnamenr": "null",
            "drb": null
        },
        {
            "jd": 2459673.8674653,
            "fid": 2,
            "diffmaglim": 19.899099349975586
        },
        {
            "jd": 2459673.9274537,
            "fid": 1,
            "diffmaglim": 19.859699249267578
        },
        {
            "jd": 2459675.9302083,
            "fid": 2,
            "diffmaglim": 20.46310043334961
        },
        {
            "jd": 2459677.9302315,
            "fid": 2,
            "diffmaglim": 20.181499481201172
        },
        {
            "jd": 2459677.9882176,
            "fid": 1,
            "diffmaglim": 20.32670021057129
        },
        {
            "jd": 2459679.865787,
            "fid": 2,
            "diffmaglim": 19.841299057006836
        },
        {
            "jd": 2459679.9890046,
            "fid": 1,
            "diffmaglim": 20.45829963684082
        },
        {
            "jd": 2459683.9090856,
            "fid": 2,
            "diffmaglim": 19.94770050048828
        },
        {
            "jd": 2459683.9745718,
            "fid": 1,
            "diffmaglim": 19.917200088500977
        },
        {
            "jd": 2459687.9122801,
            "fid": 2,
            "diffmaglim": 19.704999923706055
        },
        {
            "jd": 2459687.9511921,
            "fid": 1,
            "diffmaglim": 19.587099075317383
        }
    ],
    "forcedphot": []
}