{
    "objectId": "ZTF24aabwvws",
    "candidates": [
        {
            "candid": 2569215283115015008,
            "jd": 2460323.7152894,
            "ra": 26.1140687,
            "dec": 39.0964387,
            "fid": 1,
            "nid": 2569,
            "magpsf": 18.85409927368164,
            "sigmapsf": 0.12840700149536133,
            "magnr": 21.979000091552734,
            "sigmagnr": 0.15700000524520874,
            "magzpsci": 25.846099853515625,
            "isdiffpos": "t",
            "ssdistnr": null,
            "ssnamenr": null,
            "drb": 0.9945587515830994
        },
        {
            "candid": 2569262883115015006,
            "jd": 2460323.7628819,
            "ra": 26.11414,
            "dec": 39.0962378,
            "fid": 2,
            "nid": 2569,
            "magpsf": 18.969200134277344,
            "sigmapsf": 0.17490099370479584,
            "magnr": 21.940000534057617,
            "sigmagnr": 0.164000004529953,
            "magzpsci": 26.065200805664062,
            "isdiffpos": "t",
            "ssdistnr": null,
            "ssnamenr": null,
            "drb": null
        },
        {
            "candid": 2571206233115015012,
            "jd": 2460325.7062384,
            "ra": 26.1141361,
            "dec": 39.0964516,
            "fid": 2,
            "nid": 2571,
            "magpsf": 18.41189956665039,
            "sigmapsf": 0.07800900191068649,
            "magnr": 21.940000534057617,
            "sigmagnr": 0.164000004529953,
            "magzpsci": 26.18090057373047,
            "isdiffpos": "t",
            "ssdistnr": null,
            "ssnamenr": null,
            "drb": null
        },
        {
            "candid": 2571211663115015016,
            "jd": 2460325.7116667,
            "ra": 26.1141422,
            "dec": 39.0964577,
            "fid": 1,
            "nid": 2571,
            "magpsf": 18.07080078125,
            "sigmapsf": 0.06596300005912781,
            "magnr": 21.979000091552734,
            "sigmagnr": 0.15700000524520874,
            "magzpsci": 26.251800537109375,
            "isdiffpos": "t",
            "ssdistnr": null,
            "ssnamenr": null,
            "drb": null
        },
        {
            "candid": 2573154323115015010,
            "jd": 2460327.6543287,
            "ra": 26.1141427,
            "dec": 39.096447,
            "fid": 2,
            "nid": 2573,
            "magpsf": 18.14900016784668,
            "sigmapsf": 0.058993998914957047,
            "magnr": 21.940000534057617,
            "sigmagnr": 0.164000004529953,
            "magzpsci": 26.273000717163086,
            "isdiffpos": "t",
            "ssdistnr": null,
            "ssnamenr": null,
            "drb": null
        },
        {
            "candid": 2573197373115015010,
            "jd": 2460327.6973727,
            "ra": 26.1141535,
            "dec": 39.0964385,
            "fid": 1,
            "nid": 2573,
            "magpsf": 17.93829917907715,
            "sigmapsf": 0.05889900028705597,
            "magnr": 21.979000091552734,
            "sigmagnr": 0.15700000524520874,
            "magzpsci": 26.272300720214844,
            "isdiffpos": "t",
            "ssdistnr": null,
            "ssnamenr": null,
            "drb": null
        },
        {
            "candid": 2582222763115015010,
            "jd": 2460336.7227662,
            "ra": 26.1140445,
            "dec": 39.0964383,
            "fid": 1,
            "nid": 2582,
            "magpsf": 19.021400451660156,
            "sigmapsf": 0.17651399970054626,
            "magnr": 21.979000091552734,
            "sigmagnr": 0.15700000524520874,
            "magzpsci": 26.229400634765625,
            "isdiffpos": "t",
            "ssdistnr": null,
            "ssnamenr": null,
            "drb": null
        },
        {
            "candid": 2586122023115015012,
            "jd": 2460340.6220255,
            "ra": 26.1141282,
            "dec": 39.0964732,
            "fid": 1,
            "nid": 2586,
            "magpsf": 19.700223922729492,
            "sigmapsf": 0.12890204787254333,
            "magnr": 21.979000091552734,
            "sigmagnr": 0.15700000524520874,
            "magzpsci": 26.308223724365234,
            "isdiffpos": "t",
            "ssdistnr": -999.0,
            "ssnamenr": "null",
            "drb": null
        },
        {
            "jd": 2460293.7296644,
            "fid": 1,
            "diffmaglim": 20.82349967956543
        },
        {
            "jd": 2460294.5800463,
            "fid": 2,
            "diffmaglim": 20.542400360107422
        },
        {
            "jd": 2460294.5919444,
            "fid": 1,
            "diffmaglim": 20.59149932861328
        },
        {
            "jd": 2460294.6401736,
            "fid": 1,
            "diffmaglim": 20.763900756835938
        },
        {
            "jd": 2460294.7087963,
            "fid": 1,
            "diffmaglim": 20.561899185180664
        },
        {
            "jd": 2460305.6874306,
            "fid": 1,
            "diffmaglim": 18.78030014038086
        },
        {
            "jd": 2460307.6512616,
            "fid": 1,
            "diffmaglim": 20.12929916381836
        },
        {
            "jd": 2460307.6819676,
            "fid": 2,
            "diffmaglim": 20.212600708007812
        },
        {
            "jd": 2460314.6242245,
            "fid": 1,
            "diffmaglim": 20.40290069580078
        },
        {
            "jd": 2460314.6549421,
            "fid": 2,
            "diffmaglim": 20.337400436401367
        }
    ],
    "forcedphot": [
        {
            "objectid": "ZTF24aabwvws",
            "jd": 2460293.7296644,
            "ranr": 26.1127421,
            "decnr": 39.0956192,
            "fid": 1,
            "forcediffimflux": 11.877456665039062,
            "forcediffimfluxunc": 55.44703674316406,
            "magzpsci": 27.515600204467773
        },
        {
            "objectid": "ZTF24aabwvws",
            "jd": 2460294.5800463,
            "ranr": 26.114003,
            "decnr": 39.0965149,
            "fid": 2,
            "forcediffimflux": 23.744102478027344,
            "forcediffimfluxunc": 65.11442565917969,
            "magzpsci": 27.359500885009766
        },
        {
            "objectid": "ZTF24aabwvws",
            "jd": 2460294.7087963,
            "ranr": 26.1127421,
            "decnr": 39.0956192,
            "fid": 1,
            "forcediffimflux": -118.63194274902344,
            "forcediffimfluxunc": 69.31015014648438,
            "magzpsci": 27.42460060119629
        },
        {
            "objectid": "ZTF24aabwvws",
            "jd": 2460305.6874306,
            "ranr": 26.1127421,
            "decnr": 39.0956192,
            "fid": 1,
            "forcediffimflux": -51.14303207397461,
            "forcediffimfluxunc": 93.80661010742188,
            "magzpsci": 25.939199447631836
        },
        {
            "objectid": "ZTF24aabwvws",
            "jd": 2460307.6512616,
            "ranr": 26.1127421,
            "decnr": 39.0956192,
            "fid": 1,
            "forcediffimflux": -18.21926498413086,
            "forcediffimfluxunc": 38.188777923583984,
            "magzpsci": 26.32360076904297
        },
        {
            "objectid": "ZTF24aabwvws",
            "jd": 2460307.6819676,
            "ranr": 26.114003,
            "decnr": 39.0965149,
            "fid": 2,
            "forcediffimflux": 7.775309085845947,
            "forcediffimfluxunc": 30.178852081298828,
            "magzpsci": 26.286500930786133
        },
        {
            "objectid": "ZTF24aabwvws",
            "jd": 2460314.6242245,
            "ranr": 26.1124152,
            "decnr": 39.0972771,
            "fid": 1,
            "forcediffimflux": 13.255809783935547,
            "forcediffimfluxunc": 28.33850860595703,
            "magzpsci": 26.34600067138672
        },
        {
            "objectid": "ZTF24aabwvws",
            "jd": 2460314.6549421,
            "ranr": 26.114003,
            "decnr": 39.0965149,
            "fid": 2,
            "forcediffimflux": -5.529130935668945,
            "forcediffimfluxunc": 29.252742767333984,
            "magzpsci": 26.283599853515625
        },
        {
            "objectid": "ZTF24aabwvws",
            "jd": 2460323.7152894,
            "ranr": 26.1124152,
            "decnr": 39.0972771,
            "fid": 1,
            "forcediffimflux": 585.5573120117188,
            "forcediffimfluxunc": 47.2348518371582,
            "magzpsci": 25.846099853515625
        },
        {
            "objectid": "ZTF24aabwvws",
            "jd": 2460323.7628819,
            "ranr": 26.114003,
            "decnr": 39.0965149,
            "fid": 2,
            "forcediffimflux": 597.078369140625,
            "forcediffimfluxunc": 79.24061584472656,
            "magzpsci": 26.065200805664062
        },
        {
            "objectid": "ZTF24aabwvws",
            "jd": 2460325.7062384,
            "ranr": 26.114003,
            "decnr": 39.0965149,
            "fid": 2,
            "forcediffimflux": 1269.4959716796875,
            "forcediffimfluxunc": 42.524200439453125,
            "magzpsci": 26.18090057373047
        },
        {
            "objectid": "ZTF24aabwvws",
            "jd": 2460325.7116667,
            "ranr": 26.1124152,
            "decnr": 39.0972771,
            "fid": 1,
            "forcediffimflux": 1861.75,
            "forcediffimfluxunc": 38.362648010253906,
            "magzpsci": 26.251800537109375
        },
        {
            "objectid": "ZTF24aabwvws",
            "jd": 2460327.6543287,
            "ranr": 26.114003,
            "decnr": 39.0965149,
            "fid": 2,
            "forcediffimflux": 1702.400634765625,
            "forcediffimfluxunc": 46.04538345336914,
            "magzpsci": 26.273000717163086
        },
        {
            "objectid": "ZTF24aabwvws",
            "jd": 2460327.6973727,
            "ranr": 26.1124152,
            "decnr": 39.0972771,
            "fid": 1,
            "forcediffimflux": 2121.295654296875,
            "forcediffimfluxunc": 47.07999038696289,
            "magzpsci": 26.272300720214844
        },
        {
            "objectid": "ZTF24aabwvws",
            "jd": 2460336.7227662,
            "ranr": 26.1124152,
            "decnr": 39.0972771,
            "fid": 1,
            "forcediffimflux": 677.4371337890625,
            "forcediffimfluxunc": 92.99881744384766,
            "magzpsci": 26.229400634765625
        }
    ]
}