{
    "objectId": "ZTF21aabpnlm",
    "candidates": [
        {
            "candid": 1466138132315015004,
            "jd": 2459220.6381366,
            "ra": 359.0211575,
            "dec": 53.7296203,
            "fid": 1,
            "nid": 1466,
            "magpsf": 20.70599937438965,
            "sigmapsf": 0.2613849937915802,
            "magnr": 22.327999114990234,
            "sigmagnr": 0.18000000715255737,
            "magzpsci": 26.351999282836914,
            "isdiffpos": "t",
            "ssdistnr": -999.0,
            "ssnamenr": "-999.0",
            "drb": null
        },
        {
            "candid": 1470115242315015004,
            "jd": 2459224.6152431,
            "ra": 359.0212689,
            "dec": 53.7295694,
            "fid": 2,
            "nid": 1470,
            "magpsf": 18.512399673461914,
            "sigmapsf": 0.05891900137066841,
            "magnr": 20.7810001373291,
            "sigmagnr": 0.0689999982714653,
            "magzpsci": 26.394399642944336,
            "isdiffpos": "t",
            "ssdistnr": -999.0,
            "ssnamenr": "null",
            "drb": 1.0
        },
        {
            "candid": 1470152752315015006,
            "jd": 2459224.6527546,
            "ra": 359.0213023,
            "dec": 53.7295729,
            "fid": 1,
            "nid": 1470,
            "magpsf": 18.291500091552734,
            "sigmapsf": 0.05276999995112419,
            "magnr": 22.327999114990234,
            "sigmagnr": 0.18000000715255737,
            "magzpsci": 26.36750030517578,
            "isdiffpos": "t",
            "ssdistnr": -999.0,
            "ssnamenr": "null",
            "drb": 0.9999989867210388
        },
        {
            "candid": 1472117282315015004,
            "jd": 2459226.6172801,
            "ra": 359.0212629,
            "dec": 53.7295812,
            "fid": 2,
            "nid": 1472,
            "magpsf": 18.186500549316406,
            "sigmapsf": 0.050360001623630524,
            "magnr": 20.7810001373291,
            "sigmagnr": 0.0689999982714653,
            "magzpsci": 26.379499435424805,
            "isdiffpos": "t",
            "ssdistnr": -999.0,
            "ssnamenr": "null",
            "drb": 1.0
        },
        {
            "candid": 1472201002315015012,
            "jd": 2459226.7010069,
            "ra": 359.0213037,
            "dec": 53.7295653,
            "fid": 1,
            "nid": 1472,
            "magpsf": 18.06599998474121,
            "sigmapsf": 0.06530600041151047,
            "magnr": 22.327999114990234,
            "sigmagnr": 0.18000000715255737,
            "magzpsci": 26.291000366210938,
            "isdiffpos": "t",
            "ssdistnr": -999.0,
            "ssnamenr": "null",
            "drb": 0.999983012676239
        },
        {
            "candid": 1474160062315015001,
            "jd": 2459228.6600694,
            "ra": 359.0212883,
            "dec": 53.7295873,
            "fid": 1,
            "nid": 1474,
            "magpsf": 18.142099380493164,
            "sigmapsf": 0.05527200177311897,
            "magnr": 22.327999114990234,
            "sigmagnr": 0.18000000715255737,
            "magzpsci": 26.158100128173828,
            "isdiffpos": "t",
            "ssdistnr": -999.0,
            "ssnamenr": "null",
            "drb": 0.9999989867210388
        },
        {
            "candid": 1476116792315015003,
            "jd": 2459230.616794,
            "ra": 359.0212981,
            "dec": 53.7295911,
            "fid": 2,
            "nid": 1476,
            "magpsf": 18.281999588012695,
            "sigmapsf": 0.05400500074028969,
            "magnr": 20.7810001373291,
            "sigmagnr": 0.0689999982714653,
            "magzpsci": 26.357999801635742,
            "isdiffpos": "t",
            "ssdistnr": -999.0,
            "ssnamenr": "null",
            "drb": 1.0
        },
        {
            "candid": 1476183312315015011,
            "jd": 2459230.6833102,
            "ra": 359.0212917,
            "dec": 53.7295933,
            "fid": 1,
            "nid": 1476,
            "magpsf": 18.252599716186523,
            "sigmapsf": 0.06536100059747696,
            "magnr": 22.327999114990234,
            "sigmagnr": 0.18000000715255737,
            "magzpsci": 26.309600830078125,
            "isdiffpos": "t",
            "ssdistnr": -999.0,
            "ssnamenr": "null",
            "drb": 0.9999960064888
        },
        {
            "candid": 1478121122315015008,
            "jd": 2459232.6211227,
            "ra": 359.0212951,
            "dec": 53.7296062,
            "fid": 1,
            "nid": 1478,
            "magpsf": 18.446699142456055,
            "sigmapsf": 0.04690900072455406,
            "magnr": 22.327999114990234,
            "sigmagnr": 0.18000000715255737,
            "magzpsci": 26.378700256347656,
            "isdiffpos": "t",
            "ssdistnr": -999.0,
            "ssnamenr": "null",
            "drb": 1.0
        },
        {
            "candid": 1478139002315015004,
            "jd": 2459232.6390046,
            "ra": 359.0213202,
            "dec": 53.7295726,
            "fid": 2,
            "nid": 1478,
            "magpsf": 18.43950080871582,
            "sigmapsf": 0.05546800047159195,
            "magnr": 20.7810001373291,
            "sigmagnr": 0.0689999982714653,
            "magzpsci": 26.396499633789062,
            "isdiffpos": "t",
            "ssdistnr": -999.0,
            "ssnamenr": "null",
            "drb": 1.0
        },
        {
            "jd": 2459195.61668,
            "fid": 2,
            "diffmaglim": 19.858999252319336
        },
        {
            "jd": 2459195.65738,
            "fid": 1,
            "diffmaglim": 20.52199935913086
        },
        {
            "jd": 2459197.70081,
            "fid": 2,
            "diffmaglim": 19.163999557495117
        },
        {
            "jd": 2459199.63377,
            "fid": 2,
            "diffmaglim": 20.070999145507812
        },
        {
            "jd": 2459199.6992,
            "fid": 1,
            "diffmaglim": 20.363000869750977
        },
        {
            "jd": 2459202.6374,
            "fid": 2,
            "diffmaglim": 20.329999923706055
        },
        {
            "jd": 2459202.67637,
            "fid": 1,
            "diffmaglim": 20.26099967956543
        },
        {
            "jd": 2459204.66028,
            "fid": 2,
            "diffmaglim": 19.92099952697754
        },
        {
            "jd": 2459204.72046,
            "fid": 1,
            "diffmaglim": 19.986000061035156
        },
        {
            "jd": 2459206.67603,
            "fid": 1,
            "diffmaglim": 18.250999450683594
        },
        {
            "jd": 2459206.69488,
            "fid": 2,
            "diffmaglim": 18.341999053955078
        },
        {
            "jd": 2459210.618,
            "fid": 2,
            "diffmaglim": 18.364999771118164
        },
        {
            "jd": 2459210.70193,
            "fid": 1,
            "diffmaglim": 19.58099937438965
        },
        {
            "jd": 2459216.64236,
            "fid": 1,
            "diffmaglim": 20.575000762939453
        },
        {
            "jd": 2459218.64012,
            "fid": 2,
            "diffmaglim": 20.5310001373291
        },
        {
            "jd": 2459220.61233,
            "fid": 2,
            "diffmaglim": 20.572999954223633
        },
        {
            "jd": 2459222.64416,
            "fid": 1,
            "diffmaglim": 17.92300033569336
        }
    ],
    "forcedphot": []
}