{
    "objectId": "ZTF20abyznqs",
    "candidates": [
        {
            "candid": 1353275401815015002,
            "jd": 2459107.7754051,
            "ra": 336.5261566,
            "dec": 10.5582749,
            "fid": 2,
            "nid": 1353,
            "magpsf": 19.01799964904785,
            "sigmapsf": 0.10821299999952316,
            "magnr": 19.757999420166016,
            "sigmagnr": 0.12200000137090683,
            "magzpsci": 25.90399932861328,
            "isdiffpos": "t",
            "ssdistnr": -999.0,
            "ssnamenr": "null",
            "drb": 0.9999960064888
        },
        {
            "candid": 1353321051815015008,
            "jd": 2459107.8210532,
            "ra": 336.5261539,
            "dec": 10.5582438,
            "fid": 1,
            "nid": 1353,
            "magpsf": 18.689199447631836,
            "sigmapsf": 0.10918299853801727,
            "magnr": 19.827999114990234,
            "sigmagnr": 0.10499999672174454,
            "magzpsci": 25.763200759887695,
            "isdiffpos": "t",
            "ssdistnr": -999.0,
            "ssnamenr": "null",
            "drb": 1.0
        },
        {
            "candid": 1356256591815015001,
            "jd": 2459110.7565972,
            "ra": 336.5261458,
            "dec": 10.5582442,
            "fid": 2,
            "nid": 1356,
            "magpsf": 18.906700134277344,
            "sigmapsf": 0.11852899938821793,
            "magnr": 19.757999420166016,
            "sigmagnr": 0.12200000137090683,
            "magzpsci": 25.86370086669922,
            "isdiffpos": "t",
            "ssdistnr": -999.0,
            "ssnamenr": "null",
            "drb": 0.9999960064888
        },
        {
            "candid": 1356288641815015040,
            "jd": 2459110.7886458,
            "ra": 336.5261273,
            "dec": 10.5582024,
            "fid": 2,
            "nid": 1356,
            "magpsf": 18.848800659179688,
            "sigmapsf": 0.1193849965929985,
            "magnr": 19.757999420166016,
            "sigmagnr": 0.12200000137090683,
            "magzpsci": 25.630800247192383,
            "isdiffpos": "t",
            "ssdistnr": -999.0,
            "ssnamenr": "-999.0",
            "drb": null
        },
        {
            "candid": 1356310481815015002,
            "jd": 2459110.8104861,
            "ra": 336.5261518,
            "dec": 10.5582345,
            "fid": 1,
            "nid": 1356,
            "magpsf": 18.67099952697754,
            "sigmapsf": 0.08556000143289566,
            "magnr": 19.827999114990234,
            "sigmagnr": 0.10499999672174454,
            "magzpsci": 25.884000778198242,
            "isdiffpos": "t",
            "ssdistnr": -999.0,
            "ssnamenr": "null",
            "drb": 1.0
        },
        {
            "candid": 1359188771815015006,
            "jd": 2459113.6887731,
            "ra": 336.5261525,
            "dec": 10.5582411,
            "fid": 1,
            "nid": 1359,
            "magpsf": 18.760400772094727,
            "sigmapsf": 0.09425699710845947,
            "magnr": 19.827999114990234,
            "sigmagnr": 0.10499999672174454,
            "magzpsci": 26.153400421142578,
            "isdiffpos": "t",
            "ssdistnr": -999.0,
            "ssnamenr": "null",
            "drb": 0.9999989867210388
        },
        {
            "candid": 1359274951815015001,
            "jd": 2459113.7749537,
            "ra": 336.52616,
            "dec": 10.558235,
            "fid": 2,
            "nid": 1359,
            "magpsf": 18.902599334716797,
            "sigmapsf": 0.0822490006685257,
            "magnr": 19.757999420166016,
            "sigmagnr": 0.12200000137090683,
            "magzpsci": 26.223600387573242,
            "isdiffpos": "t",
            "ssdistnr": -999.0,
            "ssnamenr": "null",
            "drb": 0.9999930262565613
        },
        {
            "candid": 1362249081815015004,
            "jd": 2459116.7490856,
            "ra": 336.5261422,
            "dec": 10.5582413,
            "fid": 1,
            "nid": 1362,
            "magpsf": 18.83009910583496,
            "sigmapsf": 0.07936199754476547,
            "magnr": 19.827999114990234,
            "sigmagnr": 0.10499999672174454,
            "magzpsci": 26.186100006103516,
            "isdiffpos": "t",
            "ssdistnr": -999.0,
            "ssnamenr": "null",
            "drb": 1.0
        },
        {
            "candid": 1362291431815015001,
            "jd": 2459116.7914352,
            "ra": 336.5261515,
            "dec": 10.5582454,
            "fid": 1,
            "nid": 1362,
            "magpsf": 18.847400665283203,
            "sigmapsf": 0.09080100059509277,
            "magnr": 19.827999114990234,
            "sigmagnr": 0.10499999672174454,
            "magzpsci": 26.240400314331055,
            "isdiffpos": "t",
            "ssdistnr": -999.0,
            "ssnamenr": "null",
            "drb": 0.9999899864196777
        },
        {
            "candid": 1362332151815015003,
            "jd": 2459116.8321528,
            "ra": 336.5261497,
            "dec": 10.5582128,
            "fid": 2,
            "nid": 1362,
            "magpsf": 18.96660041809082,
            "sigmapsf": 0.06811100244522095,
            "magnr": 19.757999420166016,
            "sigmagnr": 0.12200000137090683,
            "magzpsci": 26.265600204467773,
            "isdiffpos": "t",
            "ssdistnr": -999.0,
            "ssnamenr": "null",
            "drb": 0.9999529719352722
        },
        {
            "candid": 1363272831815015005,
            "jd": 2459117.7728356,
            "ra": 336.526161,
            "dec": 10.5582455,
            "fid": 1,
            "nid": 1363,
            "magpsf": 18.92020034790039,
            "sigmapsf": 0.0901539996266365,
            "magnr": 19.827999114990234,
            "sigmagnr": 0.10499999672174454,
            "magzpsci": 26.287200927734375,
            "isdiffpos": "t",
            "ssdistnr": -999.0,
            "ssnamenr": "null",
            "drb": 1.0
        },
        {
            "candid": 1364249281815015006,
            "jd": 2459118.7492824,
            "ra": 336.5261467,
            "dec": 10.5582439,
            "fid": 2,
            "nid": 1364,
            "magpsf": 18.954299926757812,
            "sigmapsf": 0.0913499966263771,
            "magnr": 19.757999420166016,
            "sigmagnr": 0.12200000137090683,
            "magzpsci": 26.301300048828125,
            "isdiffpos": "t",
            "ssdistnr": -999.0,
            "ssnamenr": "null",
            "drb": 0.9994649887084961
        },
        {
            "candid": 1365220551815015001,
            "jd": 2459119.7205556,
            "ra": 336.5261201,
            "dec": 10.5582089,
            "fid": 1,
            "nid": 1365,
            "magpsf": 19.023099899291992,
            "sigmapsf": 0.10947500169277191,
            "magnr": 19.827999114990234,
            "sigmagnr": 0.10499999672174454,
            "magzpsci": 26.310100555419922,
            "isdiffpos": "t",
            "ssdistnr": -999.0,
            "ssnamenr": "null",
            "drb": 0.9999909996986389
        },
        {
            "candid": 1366279021815015001,
            "jd": 2459120.7790278,
            "ra": 336.5261166,
            "dec": 10.5582306,
            "fid": 1,
            "nid": 1366,
            "magpsf": 19.052900314331055,
            "sigmapsf": 0.15695300698280334,
            "magnr": 19.827999114990234,
            "sigmagnr": 0.10499999672174454,
            "magzpsci": 26.28890037536621,
            "isdiffpos": "t",
            "ssdistnr": -999.0,
            "ssnamenr": "null",
            "drb": 0.9999060034751892
        },
        {
            "candid": 1368298241815015000,
            "jd": 2459122.7982407,
            "ra": 336.5260957,
            "dec": 10.5582374,
            "fid": 1,
            "nid": 1368,
            "magpsf": 19.079299926757812,
            "sigmapsf": 0.2115209996700287,
            "magnr": 19.827999114990234,
            "sigmagnr": 0.10499999672174454,
            "magzpsci": 26.238300323486328,
            "isdiffpos": "t",
            "ssdistnr": -999.0,
            "ssnamenr": "null",
            "drb": 0.9931600093841553
        },
        {
            "candid": 1369189831815015000,
            "jd": 2459123.689838,
            "ra": 336.5261191,
            "dec": 10.5581848,
            "fid": 1,
            "nid": 1369,
            "magpsf": 19.288799285888672,
            "sigmapsf": 0.27369600534439087,
            "magnr": 19.827999114990234,
            "sigmagnr": 0.10499999672174454,
            "magzpsci": 26.238800048828125,
            "isdiffpos": "t",
            "ssdistnr": -999.0,
            "ssnamenr": "-999.0",
            "drb": null
        },
        {
            "candid": 1369295311815015000,
            "jd": 2459123.7953125,
            "ra": 336.5261309,
            "dec": 10.5582161,
            "fid": 2,
            "nid": 1369,
            "magpsf": 19.065200805664062,
            "sigmapsf": 0.17342500388622284,
            "magnr": 19.757999420166016,
            "sigmagnr": 0.12200000137090683,
            "magzpsci": 26.24220085144043,
            "isdiffpos": "t",
            "ssdistnr": -999.0,
            "ssnamenr": "null",
            "drb": 0.9999960064888
        },
        {
            "candid": 1370272931815015001,
            "jd": 2459124.7729398,
            "ra": 336.5261383,
            "dec": 10.5582305,
            "fid": 2,
            "nid": 1370,
            "magpsf": 19.384000778198242,
            "sigmapsf": 0.17891700565814972,
            "magnr": 19.757999420166016,
            "sigmagnr": 0.12200000137090683,
            "magzpsci": 26.267000198364258,
            "isdiffpos": "t",
            "ssdistnr": -999.0,
            "ssnamenr": "null",
            "drb": 0.9916279911994934
        },
        {
            "candid": 1371221351815015000,
            "jd": 2459125.7213542,
            "ra": 336.5261256,
            "dec": 10.5581801,
            "fid": 1,
            "nid": 1371,
            "magpsf": 19.19700050354004,
            "sigmapsf": 0.17472900450229645,
            "magnr": 19.827999114990234,
            "sigmagnr": 0.10499999672174454,
            "magzpsci": 26.280000686645508,
            "isdiffpos": "t",
            "ssdistnr": -999.0,
            "ssnamenr": "null",
            "drb": 0.9994570016860962
        },
        {
            "candid": 1371246511815015000,
            "jd": 2459125.7465162,
            "ra": 336.5260711,
            "dec": 10.5581808,
            "fid": 1,
            "nid": 1371,
            "magpsf": 19.18120002746582,
            "sigmapsf": 0.18553799390792847,
            "magnr": 19.827999114990234,
            "sigmagnr": 0.10499999672174454,
            "magzpsci": 26.255199432373047,
            "isdiffpos": "t",
            "ssdistnr": -999.0,
            "ssnamenr": "null",
            "drb": 0.9999899864196777
        },
        {
            "candid": 1372227611815015006,
            "jd": 2459126.7276157,
            "ra": 336.5261409,
            "dec": 10.5582238,
            "fid": 1,
            "nid": 1372,
            "magpsf": 19.333999633789062,
            "sigmapsf": 0.17799599468708038,
            "magnr": 19.827999114990234,
            "sigmagnr": 0.10499999672174454,
            "magzpsci": 26.250999450683594,
            "isdiffpos": "t",
            "ssdistnr": -999.0,
            "ssnamenr": "null",
            "drb": 0.9997580051422119
        },
        {
            "candid": 1373234561815015000,
            "jd": 2459127.7345602,
            "ra": 336.5261978,
            "dec": 10.5582206,
            "fid": 1,
            "nid": 1373,
            "magpsf": 19.21739959716797,
            "sigmapsf": 0.19800199568271637,
            "magnr": 19.827999114990234,
            "sigmagnr": 0.10499999672174454,
            "magzpsci": 25.800399780273438,
            "isdiffpos": "t",
            "ssdistnr": -999.0,
            "ssnamenr": "null",
            "drb": 0.9999629855155945
        },
        {
            "candid": 1375229441815015005,
            "jd": 2459129.7294444,
            "ra": 336.5261442,
            "dec": 10.5582457,
            "fid": 2,
            "nid": 1375,
            "magpsf": 19.582399368286133,
            "sigmapsf": 0.13695299625396729,
            "magnr": 19.757999420166016,
            "sigmagnr": 0.12200000137090683,
            "magzpsci": 26.284400939941406,
            "isdiffpos": "t",
            "ssdistnr": -999.0,
            "ssnamenr": "null",
            "drb": 0.9971299767494202
        },
        {
            "candid": 1375310061815015003,
            "jd": 2459129.8100694,
            "ra": 336.526118,
            "dec": 10.5582662,
            "fid": 1,
            "nid": 1375,
            "magpsf": 19.888700485229492,
            "sigmapsf": 0.21031300723552704,
            "magnr": 19.827999114990234,
            "sigmagnr": 0.10499999672174454,
            "magzpsci": 26.247699737548828,
            "isdiffpos": "t",
            "ssdistnr": -999.0,
            "ssnamenr": "null",
            "drb": 0.9998400211334229
        },
        {
            "candid": 1377207821815015008,
            "jd": 2459131.7078241,
            "ra": 336.5261821,
            "dec": 10.5582115,
            "fid": 1,
            "nid": 1377,
            "magpsf": 20.036699295043945,
            "sigmapsf": 0.14504900574684143,
            "magnr": 19.827999114990234,
            "sigmagnr": 0.10499999672174454,
            "magzpsci": 26.2987003326416,
            "isdiffpos": "t",
            "ssdistnr": -999.0,
            "ssnamenr": "null",
            "drb": 0.9999939799308777
        },
        {
            "jd": 2459077.86095,
            "fid": 1,
            "diffmaglim": 20.825000762939453
        },
        {
            "jd": 2459078.80756,
            "fid": 2,
            "diffmaglim": 20.599000930786133
        },
        {
            "jd": 2459078.83515,
            "fid": 2,
            "diffmaglim": 20.656999588012695
        },
        {
            "jd": 2459078.85799,
            "fid": 1,
            "diffmaglim": 20.825000762939453
        },
        {
            "jd": 2459078.91233,
            "fid": 1,
            "diffmaglim": 20.40999984741211
        },
        {
            "jd": 2459079.82822,
            "fid": 1,
            "diffmaglim": 20.725000381469727
        },
        {
            "jd": 2459079.87086,
            "fid": 2,
            "diffmaglim": 20.4950008392334
        },
        {
            "jd": 2459080.82934,
            "fid": 2,
            "diffmaglim": 20.23900032043457
        },
        {
            "jd": 2459080.93027,
            "fid": 1,
            "diffmaglim": 20.42099952697754
        },
        {
            "jd": 2459081.81072,
            "fid": 1,
            "diffmaglim": 20.6200008392334
        },
        {
            "jd": 2459081.81773,
            "fid": 1,
            "diffmaglim": 20.68899917602539
        },
        {
            "jd": 2459081.87207,
            "fid": 2,
            "diffmaglim": 20.586999893188477
        },
        {
            "jd": 2459081.90604,
            "fid": 2,
            "diffmaglim": 20.413000106811523
        },
        {
            "jd": 2459082.85941,
            "fid": 1,
            "diffmaglim": 18.993999481201172
        },
        {
            "jd": 2459084.81135,
            "fid": 2,
            "diffmaglim": 20.60300064086914
        },
        {
            "jd": 2459084.83888,
            "fid": 1,
            "diffmaglim": 20.635000228881836
        },
        {
            "jd": 2459085.88676,
            "fid": 1,
            "diffmaglim": 20.74799919128418
        },
        {
            "jd": 2459086.83155,
            "fid": 2,
            "diffmaglim": 20.68899917602539
        },
        {
            "jd": 2459087.78247,
            "fid": 2,
            "diffmaglim": 20.211000442504883
        },
        {
            "jd": 2459087.80682,
            "fid": 2,
            "diffmaglim": 20.52400016784668
        },
        {
            "jd": 2459087.84779,
            "fid": 1,
            "diffmaglim": 20.597000122070312
        },
        {
            "jd": 2459087.852,
            "fid": 1,
            "diffmaglim": 20.604999542236328
        },
        {
            "jd": 2459088.78584,
            "fid": 1,
            "diffmaglim": 19.9060001373291
        },
        {
            "jd": 2459089.78299,
            "fid": 1,
            "diffmaglim": 19.774999618530273
        },
        {
            "jd": 2459090.84507,
            "fid": 1,
            "diffmaglim": 19.750999450683594
        },
        {
            "jd": 2459091.80343,
            "fid": 1,
            "diffmaglim": 19.718000411987305
        },
        {
            "jd": 2459092.80212,
            "fid": 1,
            "diffmaglim": 19.325000762939453
        },
        {
            "jd": 2459095.79531,
            "fid": 1,
            "diffmaglim": 19.075000762939453
        },
        {
            "jd": 2459095.87453,
            "fid": 2,
            "diffmaglim": 19.27400016784668
        },
        {
            "jd": 2459096.86591,
            "fid": 2,
            "diffmaglim": 19.68899917602539
        },
        {
            "jd": 2459098.79596,
            "fid": 2,
            "diffmaglim": 20.00200080871582
        },
        {
            "jd": 2459098.85816,
            "fid": 2,
            "diffmaglim": 20.038999557495117
        },
        {
            "jd": 2459099.82573,
            "fid": 2,
            "diffmaglim": 20.125
        },
        {
            "jd": 2459121.77748,
            "fid": 1,
            "diffmaglim": 19.341999053955078
        }
    ],
    "forcedphot": []
}