{
    "objectId": "ZTF23aapuknd",
    "candidates": [
        {
            "candid": 2368284576115015004,
            "jd": 2460122.7845718,
            "ra": 262.2218635,
            "dec": 58.3781854,
            "fid": 2,
            "nid": 2368,
            "magpsf": 20.07040023803711,
            "sigmapsf": 0.3056829869747162,
            "magnr": 19.524999618530273,
            "sigmagnr": 0.0949999988079071,
            "magzpsci": 26.05340003967285,
            "isdiffpos": "t",
            "ssdistnr": null,
            "ssnamenr": null,
            "drb": null
        },
        {
            "candid": 2368285544915015002,
            "jd": 2460122.785544,
            "ra": 262.2219619,
            "dec": 58.3783587,
            "fid": 2,
            "nid": 2368,
            "magpsf": 20.18470001220703,
            "sigmapsf": 0.3784539997577667,
            "magnr": 19.8700008392334,
            "sigmagnr": 0.07800000160932541,
            "magzpsci": 26.19969940185547,
            "isdiffpos": "t",
            "ssdistnr": null,
            "ssnamenr": null,
            "drb": null
        },
        {
            "candid": 2368410044915015006,
            "jd": 2460122.9100463,
            "ra": 262.2218778,
            "dec": 58.3782473,
            "fid": 1,
            "nid": 2368,
            "magpsf": 19.659299850463867,
            "sigmapsf": 0.186040997505188,
            "magnr": 21.26099967956543,
            "sigmagnr": 0.09799999743700027,
            "magzpsci": 26.235300064086914,
            "isdiffpos": "t",
            "ssdistnr": null,
            "ssnamenr": null,
            "drb": null
        },
        {
            "candid": 2368430236115015005,
            "jd": 2460122.9302315,
            "ra": 262.2218414,
            "dec": 58.3781757,
            "fid": 1,
            "nid": 2368,
            "magpsf": 19.70039939880371,
            "sigmapsf": 0.21614399552345276,
            "magnr": 20.886999130249023,
            "sigmagnr": 0.0949999988079071,
            "magzpsci": 26.10140037536621,
            "isdiffpos": "t",
            "ssdistnr": null,
            "ssnamenr": null,
            "drb": null
        },
        {
            "candid": 2370388584915015007,
            "jd": 2460124.888588,
            "ra": 262.2217462,
            "dec": 58.3782,
            "fid": 1,
            "nid": 2370,
            "magpsf": 17.254499435424805,
            "sigmapsf": 0.04737100005149841,
            "magnr": 21.26099967956543,
            "sigmagnr": 0.09799999743700027,
            "magzpsci": 26.22450065612793,
            "isdiffpos": "t",
            "ssdistnr": null,
            "ssnamenr": null,
            "drb": null
        },
        {
            "candid": 2370405646115015004,
            "jd": 2460124.9056481,
            "ra": 262.2217904,
            "dec": 58.3781934,
            "fid": 1,
            "nid": 2370,
            "magpsf": 17.28350067138672,
            "sigmapsf": 0.05189799889922142,
            "magnr": 20.886999130249023,
            "sigmagnr": 0.0949999988079071,
            "magzpsci": 26.055500030517578,
            "isdiffpos": "t",
            "ssdistnr": null,
            "ssnamenr": null,
            "drb": null
        },
        {
            "candid": 2370425876115015000,
            "jd": 2460124.9258796,
            "ra": 262.2217706,
            "dec": 58.3781978,
            "fid": 2,
            "nid": 2370,
            "magpsf": 17.567100524902344,
            "sigmapsf": 0.06207500025629997,
            "magnr": 19.524999618530273,
            "sigmagnr": 0.0949999988079071,
            "magzpsci": 25.9960994720459,
            "isdiffpos": "t",
            "ssdistnr": null,
            "ssnamenr": null,
            "drb": null
        },
        {
            "candid": 2370426364915015003,
            "jd": 2460124.9263657,
            "ra": 262.2217692,
            "dec": 58.378207,
            "fid": 2,
            "nid": 2370,
            "magpsf": 17.55069923400879,
            "sigmapsf": 0.054042998701334,
            "magnr": 19.8700008392334,
            "sigmagnr": 0.07800000160932541,
            "magzpsci": 26.143699645996094,
            "isdiffpos": "t",
            "ssdistnr": null,
            "ssnamenr": null,
            "drb": null
        },
        {
            "candid": 2372341556115015005,
            "jd": 2460126.8415509,
            "ra": 262.2217685,
            "dec": 58.378192,
            "fid": 2,
            "nid": 2372,
            "magpsf": 17.406200408935547,
            "sigmapsf": 0.05867400020360947,
            "magnr": 19.524999618530273,
            "sigmagnr": 0.0949999988079071,
            "magzpsci": 26.02720069885254,
            "isdiffpos": "t",
            "ssdistnr": null,
            "ssnamenr": null,
            "drb": null
        },
        {
            "candid": 2372351314915015001,
            "jd": 2460126.8513194,
            "ra": 262.221748,
            "dec": 58.378215,
            "fid": 2,
            "nid": 2372,
            "magpsf": 17.384000778198242,
            "sigmapsf": 0.05684199929237366,
            "magnr": 19.8700008392334,
            "sigmagnr": 0.07800000160932541,
            "magzpsci": 26.16200065612793,
            "isdiffpos": "t",
            "ssdistnr": null,
            "ssnamenr": null,
            "drb": null
        },
        {
            "candid": 2372411594915015001,
            "jd": 2460126.9115972,
            "ra": 262.2217589,
            "dec": 58.3781919,
            "fid": 1,
            "nid": 2372,
            "magpsf": 17.162799835205078,
            "sigmapsf": 0.05528400093317032,
            "magnr": 21.26099967956543,
            "sigmagnr": 0.09799999743700027,
            "magzpsci": 26.185800552368164,
            "isdiffpos": "t",
            "ssdistnr": null,
            "ssnamenr": null,
            "drb": null
        },
        {
            "candid": 2372429006115015002,
            "jd": 2460126.9290046,
            "ra": 262.2218003,
            "dec": 58.3781942,
            "fid": 1,
            "nid": 2372,
            "magpsf": 17.256099700927734,
            "sigmapsf": 0.055730000138282776,
            "magnr": 20.886999130249023,
            "sigmagnr": 0.0949999988079071,
            "magzpsci": 26.06209945678711,
            "isdiffpos": "t",
            "ssdistnr": null,
            "ssnamenr": null,
            "drb": null
        },
        {
            "candid": 2374330104915015004,
            "jd": 2460128.8301042,
            "ra": 262.2217249,
            "dec": 58.3781943,
            "fid": 2,
            "nid": 2374,
            "magpsf": 17.298999786376953,
            "sigmapsf": 0.04892199859023094,
            "magnr": 19.8700008392334,
            "sigmagnr": 0.07800000160932541,
            "magzpsci": 26.176000595092773,
            "isdiffpos": "t",
            "ssdistnr": null,
            "ssnamenr": null,
            "drb": null
        },
        {
            "candid": 2374343956115015002,
            "jd": 2460128.8439583,
            "ra": 262.2217372,
            "dec": 58.378178,
            "fid": 2,
            "nid": 2374,
            "magpsf": 17.34469985961914,
            "sigmapsf": 0.049531999975442886,
            "magnr": 19.524999618530273,
            "sigmagnr": 0.0949999988079071,
            "magzpsci": 26.040700912475586,
            "isdiffpos": "t",
            "ssdistnr": null,
            "ssnamenr": null,
            "drb": null
        },
        {
            "candid": 2374447436115015004,
            "jd": 2460128.9474306,
            "ra": 262.2217339,
            "dec": 58.3781852,
            "fid": 1,
            "nid": 2374,
            "magpsf": 17.318599700927734,
            "sigmapsf": 0.05761300027370453,
            "magnr": 20.886999130249023,
            "sigmagnr": 0.0949999988079071,
            "magzpsci": 26.04159927368164,
            "isdiffpos": "t",
            "ssdistnr": null,
            "ssnamenr": null,
            "drb": null
        },
        {
            "candid": 2374448374915015002,
            "jd": 2460128.9483796,
            "ra": 262.2217437,
            "dec": 58.3782125,
            "fid": 1,
            "nid": 2374,
            "magpsf": 17.149499893188477,
            "sigmapsf": 0.056804999709129333,
            "magnr": 21.26099967956543,
            "sigmagnr": 0.09799999743700027,
            "magzpsci": 26.18549919128418,
            "isdiffpos": "t",
            "ssdistnr": null,
            "ssnamenr": null,
            "drb": null
        },
        {
            "candid": 2380218984915015002,
            "jd": 2460134.7189815,
            "ra": 262.2217785,
            "dec": 58.378204,
            "fid": 2,
            "nid": 2380,
            "magpsf": 17.59830093383789,
            "sigmapsf": 0.0663980022072792,
            "magnr": 19.8700008392334,
            "sigmagnr": 0.07800000160932541,
            "magzpsci": 26.196300506591797,
            "isdiffpos": "t",
            "ssdistnr": null,
            "ssnamenr": null,
            "drb": null
        },
        {
            "candid": 2380367084915015002,
            "jd": 2460134.8670833,
            "ra": 262.221723,
            "dec": 58.3782075,
            "fid": 1,
            "nid": 2380,
            "magpsf": 17.694799423217773,
            "sigmapsf": 0.06469199806451797,
            "magnr": 21.26099967956543,
            "sigmagnr": 0.09799999743700027,
            "magzpsci": 26.26580047607422,
            "isdiffpos": "t",
            "ssdistnr": null,
            "ssnamenr": null,
            "drb": null
        },
        {
            "candid": 2380385706115015002,
            "jd": 2460134.885706,
            "ra": 262.2217465,
            "dec": 58.3781937,
            "fid": 1,
            "nid": 2380,
            "magpsf": 17.77400016784668,
            "sigmapsf": 0.05774199962615967,
            "magnr": 20.886999130249023,
            "sigmagnr": 0.0949999988079071,
            "magzpsci": 26.148000717163086,
            "isdiffpos": "t",
            "ssdistnr": null,
            "ssnamenr": null,
            "drb": null
        },
        {
            "candid": 2380449316115015008,
            "jd": 2460134.9493171,
            "ra": 262.2217894,
            "dec": 58.3781818,
            "fid": 2,
            "nid": 2380,
            "magpsf": 17.641700744628906,
            "sigmapsf": 0.059537000954151154,
            "magnr": 19.524999618530273,
            "sigmagnr": 0.0949999988079071,
            "magzpsci": 26.03070068359375,
            "isdiffpos": "t",
            "ssdistnr": null,
            "ssnamenr": null,
            "drb": null
        },
        {
            "candid": 2382300644915015004,
            "jd": 2460136.8006481,
            "ra": 262.2217697,
            "dec": 58.3782109,
            "fid": 2,
            "nid": 2382,
            "magpsf": 17.733800888061523,
            "sigmapsf": 0.05950099974870682,
            "magnr": 19.8700008392334,
            "sigmagnr": 0.07800000160932541,
            "magzpsci": 26.18079948425293,
            "isdiffpos": "t",
            "ssdistnr": null,
            "ssnamenr": null,
            "drb": null
        },
        {
            "candid": 2382302526115015004,
            "jd": 2460136.8025231,
            "ra": 262.2217344,
            "dec": 58.3782032,
            "fid": 2,
            "nid": 2382,
            "magpsf": 17.728700637817383,
            "sigmapsf": 0.05520600080490112,
            "magnr": 19.524999618530273,
            "sigmagnr": 0.0949999988079071,
            "magzpsci": 26.038700103759766,
            "isdiffpos": "t",
            "ssdistnr": null,
            "ssnamenr": null,
            "drb": null
        },
        {
            "candid": 2382347744915015005,
            "jd": 2460136.8477431,
            "ra": 262.221789,
            "dec": 58.3782061,
            "fid": 1,
            "nid": 2382,
            "magpsf": 17.923599243164062,
            "sigmapsf": 0.07178699970245361,
            "magnr": 21.26099967956543,
            "sigmagnr": 0.09799999743700027,
            "magzpsci": 26.254600524902344,
            "isdiffpos": "t",
            "ssdistnr": null,
            "ssnamenr": null,
            "drb": null
        },
        {
            "candid": 2382395066115015002,
            "jd": 2460136.8950694,
            "ra": 262.2218146,
            "dec": 58.3781715,
            "fid": 1,
            "nid": 2382,
            "magpsf": 18.004499435424805,
            "sigmapsf": 0.07371500134468079,
            "magnr": 20.886999130249023,
            "sigmagnr": 0.0949999988079071,
            "magzpsci": 26.11750030517578,
            "isdiffpos": "t",
            "ssdistnr": null,
            "ssnamenr": null,
            "drb": null
        },
        {
            "candid": 2384218614915015008,
            "jd": 2460138.7186111,
            "ra": 262.2217661,
            "dec": 58.3782113,
            "fid": 1,
            "nid": 2384,
            "magpsf": 18.13559913635254,
            "sigmapsf": 0.08720800280570984,
            "magnr": 21.26099967956543,
            "sigmagnr": 0.09799999743700027,
            "magzpsci": 26.03059959411621,
            "isdiffpos": "t",
            "ssdistnr": null,
            "ssnamenr": null,
            "drb": null
        },
        {
            "candid": 2384243506115015000,
            "jd": 2460138.7435069,
            "ra": 262.2217583,
            "dec": 58.3781976,
            "fid": 1,
            "nid": 2384,
            "magpsf": 18.15369987487793,
            "sigmapsf": 0.06831800192594528,
            "magnr": 20.886999130249023,
            "sigmagnr": 0.0949999988079071,
            "magzpsci": 25.89069938659668,
            "isdiffpos": "t",
            "ssdistnr": null,
            "ssnamenr": null,
            "drb": null
        },
        {
            "candid": 2384284126115015005,
            "jd": 2460138.7841204,
            "ra": 262.2217667,
            "dec": 58.3781913,
            "fid": 2,
            "nid": 2384,
            "magpsf": 17.881999969482422,
            "sigmapsf": 0.07002300024032593,
            "magnr": 19.524999618530273,
            "sigmagnr": 0.0949999988079071,
            "magzpsci": 25.895000457763672,
            "isdiffpos": "t",
            "ssdistnr": null,
            "ssnamenr": null,
            "drb": null
        },
        {
            "candid": 2384285064915015002,
            "jd": 2460138.7850694,
            "ra": 262.2217638,
            "dec": 58.3782032,
            "fid": 2,
            "nid": 2384,
            "magpsf": 17.908000946044922,
            "sigmapsf": 0.06990999728441238,
            "magnr": 19.8700008392334,
            "sigmagnr": 0.07800000160932541,
            "magzpsci": 26.054000854492188,
            "isdiffpos": "t",
            "ssdistnr": null,
            "ssnamenr": null,
            "drb": null
        },
        {
            "candid": 2386259174915015007,
            "jd": 2460140.7591782,
            "ra": 262.2217672,
            "dec": 58.3782107,
            "fid": 2,
            "nid": 2386,
            "magpsf": 18.03569984436035,
            "sigmapsf": 0.06565999984741211,
            "magnr": 19.8700008392334,
            "sigmagnr": 0.07800000160932541,
            "magzpsci": 26.191699981689453,
            "isdiffpos": "t",
            "ssdistnr": null,
            "ssnamenr": null,
            "drb": null
        },
        {
            "candid": 2386284934915015007,
            "jd": 2460140.7849306,
            "ra": 262.2218017,
            "dec": 58.3782059,
            "fid": 1,
            "nid": 2386,
            "magpsf": 18.336200714111328,
            "sigmapsf": 0.09467499703168869,
            "magnr": 21.26099967956543,
            "sigmagnr": 0.09799999743700027,
            "magzpsci": 26.261199951171875,
            "isdiffpos": "t",
            "ssdistnr": null,
            "ssnamenr": null,
            "drb": null
        },
        {
            "candid": 2386331926115015005,
            "jd": 2460140.8319213,
            "ra": 262.2217524,
            "dec": 58.3781939,
            "fid": 1,
            "nid": 2386,
            "magpsf": 18.316999435424805,
            "sigmapsf": 0.07818599790334702,
            "magnr": 20.886999130249023,
            "sigmagnr": 0.0949999988079071,
            "magzpsci": 26.106000900268555,
            "isdiffpos": "t",
            "ssdistnr": null,
            "ssnamenr": null,
            "drb": null
        },
        {
            "candid": 2386366146115015001,
            "jd": 2460140.8661458,
            "ra": 262.2217595,
            "dec": 58.3781933,
            "fid": 1,
            "nid": 2386,
            "magpsf": 18.35070037841797,
            "sigmapsf": 0.07576899975538254,
            "magnr": 20.886999130249023,
            "sigmagnr": 0.0949999988079071,
            "magzpsci": 26.084699630737305,
            "isdiffpos": "t",
            "ssdistnr": null,
            "ssnamenr": null,
            "drb": null
        },
        {
            "candid": 2389263444915015015,
            "jd": 2460143.7634491,
            "ra": 262.2217922,
            "dec": 58.378193,
            "fid": 1,
            "nid": 2389,
            "magpsf": 18.503799438476562,
            "sigmapsf": 0.08424399793148041,
            "magnr": 21.26099967956543,
            "sigmagnr": 0.09799999743700027,
            "magzpsci": 26.256799697875977,
            "isdiffpos": "t",
            "ssdistnr": null,
            "ssnamenr": null,
            "drb": null
        },
        {
            "candid": 2389369294915015002,
            "jd": 2460143.869294,
            "ra": 262.2217625,
            "dec": 58.3782163,
            "fid": 2,
            "nid": 2389,
            "magpsf": 18.162099838256836,
            "sigmapsf": 0.06581699848175049,
            "magnr": 19.8700008392334,
            "sigmagnr": 0.07800000160932541,
            "magzpsci": 26.155099868774414,
            "isdiffpos": "t",
            "ssdistnr": null,
            "ssnamenr": null,
            "drb": null
        },
        {
            "candid": 2389371186115015001,
            "jd": 2460143.8711806,
            "ra": 262.2217355,
            "dec": 58.3781945,
            "fid": 2,
            "nid": 2389,
            "magpsf": 18.172199249267578,
            "sigmapsf": 0.07127299904823303,
            "magnr": 19.524999618530273,
            "sigmagnr": 0.0949999988079071,
            "magzpsci": 26.022199630737305,
            "isdiffpos": "t",
            "ssdistnr": null,
            "ssnamenr": null,
            "drb": null
        },
        {
            "candid": 2389434936115015004,
            "jd": 2460143.9349306,
            "ra": 262.2217749,
            "dec": 58.3782162,
            "fid": 1,
            "nid": 2389,
            "magpsf": 18.57110023498535,
            "sigmapsf": 0.08972799777984619,
            "magnr": 20.886999130249023,
            "sigmagnr": 0.0949999988079071,
            "magzpsci": 26.00909996032715,
            "isdiffpos": "t",
            "ssdistnr": null,
            "ssnamenr": null,
            "drb": null
        },
        {
            "candid": 2391240456115015007,
            "jd": 2460145.7404514,
            "ra": 262.2217387,
            "dec": 58.3782047,
            "fid": 1,
            "nid": 2391,
            "magpsf": 18.633899688720703,
            "sigmapsf": 0.07350499927997589,
            "magnr": 20.886999130249023,
            "sigmagnr": 0.0949999988079071,
            "magzpsci": 26.136899948120117,
            "isdiffpos": "t",
            "ssdistnr": null,
            "ssnamenr": null,
            "drb": null
        },
        {
            "candid": 2391240924915015008,
            "jd": 2460145.7409259,
            "ra": 262.2217883,
            "dec": 58.3782092,
            "fid": 1,
            "nid": 2391,
            "magpsf": 18.622800827026367,
            "sigmapsf": 0.09901700168848038,
            "magnr": 21.26099967956543,
            "sigmagnr": 0.09799999743700027,
            "magzpsci": 26.262800216674805,
            "isdiffpos": "t",
            "ssdistnr": null,
            "ssnamenr": null,
            "drb": null
        },
        {
            "candid": 2391287994915015003,
            "jd": 2460145.7879977,
            "ra": 262.2217546,
            "dec": 58.3782184,
            "fid": 2,
            "nid": 2391,
            "magpsf": 18.218399047851562,
            "sigmapsf": 0.05678800120949745,
            "magnr": 19.8700008392334,
            "sigmagnr": 0.07800000160932541,
            "magzpsci": 26.205400466918945,
            "isdiffpos": "t",
            "ssdistnr": null,
            "ssnamenr": null,
            "drb": null
        },
        {
            "candid": 2391301236115015004,
            "jd": 2460145.8012384,
            "ra": 262.2217428,
            "dec": 58.3782016,
            "fid": 2,
            "nid": 2391,
            "magpsf": 18.243000030517578,
            "sigmapsf": 0.07961700111627579,
            "magnr": 19.524999618530273,
            "sigmagnr": 0.0949999988079071,
            "magzpsci": 26.051000595092773,
            "isdiffpos": "t",
            "ssdistnr": null,
            "ssnamenr": null,
            "drb": null
        },
        {
            "candid": 2393261634915015006,
            "jd": 2460147.7616319,
            "ra": 262.2217902,
            "dec": 58.3782121,
            "fid": 2,
            "nid": 2393,
            "magpsf": 18.224000930786133,
            "sigmapsf": 0.06031399965286255,
            "magnr": 19.8700008392334,
            "sigmagnr": 0.07800000160932541,
            "magzpsci": 26.166000366210938,
            "isdiffpos": "t",
            "ssdistnr": null,
            "ssnamenr": null,
            "drb": null
        },
        {
            "candid": 2393282736115015008,
            "jd": 2460147.7827315,
            "ra": 262.2217744,
            "dec": 58.3782107,
            "fid": 2,
            "nid": 2393,
            "magpsf": 18.258399963378906,
            "sigmapsf": 0.09441699832677841,
            "magnr": 19.524999618530273,
            "sigmagnr": 0.0949999988079071,
            "magzpsci": 26.029399871826172,
            "isdiffpos": "t",
            "ssdistnr": null,
            "ssnamenr": null,
            "drb": null
        },
        {
            "candid": 2393303476115015002,
            "jd": 2460147.8034722,
            "ra": 262.2217328,
            "dec": 58.3781992,
            "fid": 1,
            "nid": 2393,
            "magpsf": 18.70840072631836,
            "sigmapsf": 0.07911200076341629,
            "magnr": 20.886999130249023,
            "sigmagnr": 0.0949999988079071,
            "magzpsci": 26.08139991760254,
            "isdiffpos": "t",
            "ssdistnr": null,
            "ssnamenr": null,
            "drb": null
        },
        {
            "candid": 2393303944915015007,
            "jd": 2460147.8039468,
            "ra": 262.2218009,
            "dec": 58.378235,
            "fid": 1,
            "nid": 2393,
            "magpsf": 18.74250030517578,
            "sigmapsf": 0.0912109985947609,
            "magnr": 21.26099967956543,
            "sigmagnr": 0.09799999743700027,
            "magzpsci": 26.212499618530273,
            "isdiffpos": "t",
            "ssdistnr": null,
            "ssnamenr": null,
            "drb": null
        },
        {
            "candid": 2395264176115015002,
            "jd": 2460149.7641782,
            "ra": 262.2217264,
            "dec": 58.3782034,
            "fid": 2,
            "nid": 2395,
            "magpsf": 18.263099670410156,
            "sigmapsf": 0.09338799864053726,
            "magnr": 19.524999618530273,
            "sigmagnr": 0.0949999988079071,
            "magzpsci": 25.882099151611328,
            "isdiffpos": "t",
            "ssdistnr": null,
            "ssnamenr": null,
            "drb": null
        },
        {
            "candid": 2395265114915015001,
            "jd": 2460149.7651157,
            "ra": 262.2217687,
            "dec": 58.3782211,
            "fid": 2,
            "nid": 2395,
            "magpsf": 18.231000900268555,
            "sigmapsf": 0.058667998760938644,
            "magnr": 19.8700008392334,
            "sigmagnr": 0.07800000160932541,
            "magzpsci": 26.034000396728516,
            "isdiffpos": "t",
            "ssdistnr": null,
            "ssnamenr": null,
            "drb": null
        },
        {
            "candid": 2395333544915015009,
            "jd": 2460149.8335417,
            "ra": 262.2217992,
            "dec": 58.3782101,
            "fid": 1,
            "nid": 2395,
            "magpsf": 18.719900131225586,
            "sigmapsf": 0.08477199822664261,
            "magnr": 21.26099967956543,
            "sigmagnr": 0.09799999743700027,
            "magzpsci": 26.237899780273438,
            "isdiffpos": "t",
            "ssdistnr": null,
            "ssnamenr": null,
            "drb": null
        },
        {
            "candid": 2395345976115015004,
            "jd": 2460149.8459722,
            "ra": 262.2217251,
            "dec": 58.3782227,
            "fid": 1,
            "nid": 2395,
            "magpsf": 18.779399871826172,
            "sigmapsf": 0.09160199761390686,
            "magnr": 20.886999130249023,
            "sigmagnr": 0.0949999988079071,
            "magzpsci": 26.07740020751953,
            "isdiffpos": "t",
            "ssdistnr": null,
            "ssnamenr": null,
            "drb": null
        },
        {
            "candid": 2397330544915015008,
            "jd": 2460151.830544,
            "ra": 262.2217888,
            "dec": 58.3782174,
            "fid": 1,
            "nid": 2397,
            "magpsf": 18.7450008392334,
            "sigmapsf": 0.11621800065040588,
            "magnr": 21.26099967956543,
            "sigmagnr": 0.09799999743700027,
            "magzpsci": 26.20199966430664,
            "isdiffpos": "t",
            "ssdistnr": null,
            "ssnamenr": null,
            "drb": null
        },
        {
            "candid": 2397349716115015011,
            "jd": 2460151.8497106,
            "ra": 262.2217579,
            "dec": 58.3781895,
            "fid": 1,
            "nid": 2397,
            "magpsf": 18.750600814819336,
            "sigmapsf": 0.10529600083827972,
            "magnr": 20.886999130249023,
            "sigmagnr": 0.0949999988079071,
            "magzpsci": 26.04759979248047,
            "isdiffpos": "t",
            "ssdistnr": null,
            "ssnamenr": null,
            "drb": null
        },
        {
            "candid": 2397369344915015000,
            "jd": 2460151.8693403,
            "ra": 262.2217686,
            "dec": 58.378215,
            "fid": 2,
            "nid": 2397,
            "magpsf": 18.19610023498535,
            "sigmapsf": 0.05849500000476837,
            "magnr": 19.8700008392334,
            "sigmagnr": 0.07800000160932541,
            "magzpsci": 26.10810089111328,
            "isdiffpos": "t",
            "ssdistnr": null,
            "ssnamenr": null,
            "drb": null
        },
        {
            "candid": 2397382466115015006,
            "jd": 2460151.8824653,
            "ra": 262.2217381,
            "dec": 58.3782019,
            "fid": 2,
            "nid": 2397,
            "magpsf": 18.221599578857422,
            "sigmapsf": 0.06361900269985199,
            "magnr": 19.524999618530273,
            "sigmagnr": 0.0949999988079071,
            "magzpsci": 25.973600387573242,
            "isdiffpos": "t",
            "ssdistnr": null,
            "ssnamenr": null,
            "drb": null
        },
        {
            "candid": 2399238854915015004,
            "jd": 2460153.7388542,
            "ra": 262.2217325,
            "dec": 58.3782048,
            "fid": 2,
            "nid": 2399,
            "magpsf": 18.145599365234375,
            "sigmapsf": 0.07392899692058563,
            "magnr": 19.8700008392334,
            "sigmagnr": 0.07800000160932541,
            "magzpsci": 26.160600662231445,
            "isdiffpos": "t",
            "ssdistnr": null,
            "ssnamenr": null,
            "drb": null
        },
        {
            "candid": 2399264346115015003,
            "jd": 2460153.7643403,
            "ra": 262.2217402,
            "dec": 58.3782097,
            "fid": 2,
            "nid": 2399,
            "magpsf": 18.215200424194336,
            "sigmapsf": 0.0811609998345375,
            "magnr": 19.524999618530273,
            "sigmagnr": 0.0949999988079071,
            "magzpsci": 26.020200729370117,
            "isdiffpos": "t",
            "ssdistnr": null,
            "ssnamenr": null,
            "drb": null
        },
        {
            "candid": 2399298374915015004,
            "jd": 2460153.7983796,
            "ra": 262.2217857,
            "dec": 58.3781881,
            "fid": 1,
            "nid": 2399,
            "magpsf": 18.78070068359375,
            "sigmapsf": 0.10151000320911407,
            "magnr": 21.26099967956543,
            "sigmagnr": 0.09799999743700027,
            "magzpsci": 26.198699951171875,
            "isdiffpos": "t",
            "ssdistnr": null,
            "ssnamenr": null,
            "drb": null
        },
        {
            "candid": 2399319896115015001,
            "jd": 2460153.8198958,
            "ra": 262.2217159,
            "dec": 58.3782149,
            "fid": 1,
            "nid": 2399,
            "magpsf": 18.728900909423828,
            "sigmapsf": 0.10079000145196915,
            "magnr": 20.886999130249023,
            "sigmagnr": 0.0949999988079071,
            "magzpsci": 26.061899185180664,
            "isdiffpos": "t",
            "ssdistnr": null,
            "ssnamenr": null,
            "drb": null
        },
        {
            "candid": 2401246374915015003,
            "jd": 2460155.7463773,
            "ra": 262.2217991,
            "dec": 58.3781987,
            "fid": 1,
            "nid": 2401,
            "magpsf": 18.9552001953125,
            "sigmapsf": 0.1440189927816391,
            "magnr": 21.26099967956543,
            "sigmagnr": 0.09799999743700027,
            "magzpsci": 26.21820068359375,
            "isdiffpos": "t",
            "ssdistnr": null,
            "ssnamenr": null,
            "drb": null
        },
        {
            "candid": 2401308034915015001,
            "jd": 2460155.8080324,
            "ra": 262.2217316,
            "dec": 58.3782079,
            "fid": 2,
            "nid": 2401,
            "magpsf": 18.24970054626465,
            "sigmapsf": 0.058336999267339706,
            "magnr": 19.8700008392334,
            "sigmagnr": 0.07800000160932541,
            "magzpsci": 26.143699645996094,
            "isdiffpos": "t",
            "ssdistnr": null,
            "ssnamenr": null,
            "drb": null
        },
        {
            "candid": 2406187014915015005,
            "jd": 2460160.6870139,
            "ra": 262.2217254,
            "dec": 58.3782258,
            "fid": 2,
            "nid": 2406,
            "magpsf": 18.61989974975586,
            "sigmapsf": 0.10644900053739548,
            "magnr": 19.8700008392334,
            "sigmagnr": 0.07800000160932541,
            "magzpsci": 26.208900451660156,
            "isdiffpos": "t",
            "ssdistnr": null,
            "ssnamenr": null,
            "drb": null
        },
        {
            "candid": 2406269476115015002,
            "jd": 2460160.7694792,
            "ra": 262.2217131,
            "dec": 58.3782203,
            "fid": 2,
            "nid": 2406,
            "magpsf": 18.60770034790039,
            "sigmapsf": 0.10231900215148926,
            "magnr": 19.524999618530273,
            "sigmagnr": 0.0949999988079071,
            "magzpsci": 26.071699142456055,
            "isdiffpos": "t",
            "ssdistnr": null,
            "ssnamenr": null,
            "drb": null
        },
        {
            "candid": 2406328514915015000,
            "jd": 2460160.8285185,
            "ra": 262.221838,
            "dec": 58.3781848,
            "fid": 1,
            "nid": 2406,
            "magpsf": 19.39539909362793,
            "sigmapsf": 0.20453600585460663,
            "magnr": 21.26099967956543,
            "sigmagnr": 0.09799999743700027,
            "magzpsci": 26.258399963378906,
            "isdiffpos": "t",
            "ssdistnr": null,
            "ssnamenr": null,
            "drb": null
        },
        {
            "candid": 2408195196115015005,
            "jd": 2460162.6951968,
            "ra": 262.2217465,
            "dec": 58.3782196,
            "fid": 1,
            "nid": 2408,
            "magpsf": 19.918899536132812,
            "sigmapsf": 0.19548399746418,
            "magnr": 20.886999130249023,
            "sigmagnr": 0.0949999988079071,
            "magzpsci": 26.166900634765625,
            "isdiffpos": "t",
            "ssdistnr": null,
            "ssnamenr": null,
            "drb": null
        },
        {
            "candid": 2408222464915015004,
            "jd": 2460162.7224653,
            "ra": 262.221891,
            "dec": 58.3782033,
            "fid": 1,
            "nid": 2408,
            "magpsf": 19.800500869750977,
            "sigmapsf": 0.1894170045852661,
            "magnr": 21.26099967956543,
            "sigmagnr": 0.09799999743700027,
            "magzpsci": 26.296499252319336,
            "isdiffpos": "t",
            "ssdistnr": null,
            "ssnamenr": null,
            "drb": null
        },
        {
            "candid": 2408244596115015001,
            "jd": 2460162.7445949,
            "ra": 262.221686,
            "dec": 58.3781947,
            "fid": 2,
            "nid": 2408,
            "magpsf": 18.84760093688965,
            "sigmapsf": 0.11474999785423279,
            "magnr": 19.524999618530273,
            "sigmagnr": 0.0949999988079071,
            "magzpsci": 26.070600509643555,
            "isdiffpos": "t",
            "ssdistnr": null,
            "ssnamenr": null,
            "drb": null
        },
        {
            "candid": 2408245604915015010,
            "jd": 2460162.7456019,
            "ra": 262.2217894,
            "dec": 58.378188,
            "fid": 2,
            "nid": 2408,
            "magpsf": 18.815500259399414,
            "sigmapsf": 0.11456900089979172,
            "magnr": 19.8700008392334,
            "sigmagnr": 0.07800000160932541,
            "magzpsci": 26.20549964904785,
            "isdiffpos": "t",
            "ssdistnr": null,
            "ssnamenr": null,
            "drb": null
        },
        {
            "candid": 2410276114915015004,
            "jd": 2460164.7761111,
            "ra": 262.2217741,
            "dec": 58.3782142,
            "fid": 2,
            "nid": 2410,
            "magpsf": 18.96969985961914,
            "sigmapsf": 0.13211199641227722,
            "magnr": 19.8700008392334,
            "sigmagnr": 0.07800000160932541,
            "magzpsci": 26.148700714111328,
            "isdiffpos": "t",
            "ssdistnr": null,
            "ssnamenr": null,
            "drb": null
        },
        {
            "candid": 2410279466115015005,
            "jd": 2460164.7794676,
            "ra": 262.2217281,
            "dec": 58.3781766,
            "fid": 2,
            "nid": 2410,
            "magpsf": 18.929100036621094,
            "sigmapsf": 0.11562199890613556,
            "magnr": 19.524999618530273,
            "sigmagnr": 0.0949999988079071,
            "magzpsci": 26.008100509643555,
            "isdiffpos": "t",
            "ssdistnr": null,
            "ssnamenr": null,
            "drb": null
        },
        {
            "candid": 2415301784915015002,
            "jd": 2460169.8017824,
            "ra": 262.221834,
            "dec": 58.3782022,
            "fid": 2,
            "nid": 2415,
            "magpsf": 19.232099533081055,
            "sigmapsf": 0.1411370038986206,
            "magnr": 19.8700008392334,
            "sigmagnr": 0.07800000160932541,
            "magzpsci": 26.15410041809082,
            "isdiffpos": "t",
            "ssdistnr": null,
            "ssnamenr": null,
            "drb": null
        },
        {
            "candid": 2415302736115015003,
            "jd": 2460169.8027315,
            "ra": 262.2218154,
            "dec": 58.3781534,
            "fid": 2,
            "nid": 2415,
            "magpsf": 19.343799591064453,
            "sigmapsf": 0.16336099803447723,
            "magnr": 19.524999618530273,
            "sigmagnr": 0.0949999988079071,
            "magzpsci": 26.01580047607422,
            "isdiffpos": "t",
            "ssdistnr": null,
            "ssnamenr": null,
            "drb": null
        },
        {
            "candid": 2417240434915015003,
            "jd": 2460171.7404398,
            "ra": 262.2217551,
            "dec": 58.3782295,
            "fid": 2,
            "nid": 2417,
            "magpsf": 19.292699813842773,
            "sigmapsf": 0.11957100033760071,
            "magnr": 19.8700008392334,
            "sigmagnr": 0.07800000160932541,
            "magzpsci": 26.169700622558594,
            "isdiffpos": "t",
            "ssdistnr": null,
            "ssnamenr": null,
            "drb": null
        },
        {
            "candid": 2417243426115015006,
            "jd": 2460171.7434259,
            "ra": 262.2217212,
            "dec": 58.3782295,
            "fid": 2,
            "nid": 2417,
            "magpsf": 19.348100662231445,
            "sigmapsf": 0.13991299271583557,
            "magnr": 19.524999618530273,
            "sigmagnr": 0.0949999988079071,
            "magzpsci": 26.030099868774414,
            "isdiffpos": "t",
            "ssdistnr": null,
            "ssnamenr": null,
            "drb": null
        },
        {
            "candid": 2417280906115015004,
            "jd": 2460171.7809028,
            "ra": 262.2216619,
            "dec": 58.3782155,
            "fid": 1,
            "nid": 2417,
            "magpsf": 20.337200164794922,
            "sigmapsf": 0.2551339864730835,
            "magnr": 20.886999130249023,
            "sigmagnr": 0.0949999988079071,
            "magzpsci": 26.096200942993164,
            "isdiffpos": "t",
            "ssdistnr": null,
            "ssnamenr": null,
            "drb": null
        },
        {
            "candid": 2419176094915015017,
            "jd": 2460173.6760995,
            "ra": 262.2217816,
            "dec": 58.3782192,
            "fid": 2,
            "nid": 2419,
            "magpsf": 19.368999481201172,
            "sigmapsf": 0.12424200028181076,
            "magnr": 19.8700008392334,
            "sigmagnr": 0.07800000160932541,
            "magzpsci": 26.17799949645996,
            "isdiffpos": "t",
            "ssdistnr": null,
            "ssnamenr": null,
            "drb": null
        },
        {
            "candid": 2419203204915015011,
            "jd": 2460173.703206,
            "ra": 262.2217247,
            "dec": 58.3782641,
            "fid": 1,
            "nid": 2419,
            "magpsf": 20.671100616455078,
            "sigmapsf": 0.31081900000572205,
            "magnr": 21.26099967956543,
            "sigmagnr": 0.09799999743700027,
            "magzpsci": 26.25309944152832,
            "isdiffpos": "t",
            "ssdistnr": null,
            "ssnamenr": null,
            "drb": null
        },
        {
            "candid": 2419216866115015006,
            "jd": 2460173.7168634,
            "ra": 262.2217329,
            "dec": 58.378258,
            "fid": 1,
            "nid": 2419,
            "magpsf": 20.631500244140625,
            "sigmapsf": 0.2791439890861511,
            "magnr": 20.886999130249023,
            "sigmagnr": 0.0949999988079071,
            "magzpsci": 26.12350082397461,
            "isdiffpos": "t",
            "ssdistnr": null,
            "ssnamenr": null,
            "drb": null
        },
        {
            "candid": 2419249766115015005,
            "jd": 2460173.7497685,
            "ra": 262.2217671,
            "dec": 58.3781752,
            "fid": 2,
            "nid": 2419,
            "magpsf": 19.410600662231445,
            "sigmapsf": 0.1296440064907074,
            "magnr": 19.524999618530273,
            "sigmagnr": 0.0949999988079071,
            "magzpsci": 26.03860092163086,
            "isdiffpos": "t",
            "ssdistnr": null,
            "ssnamenr": null,
            "drb": null
        },
        {
            "candid": 2428241046115015001,
            "jd": 2460182.7410417,
            "ra": 262.2216601,
            "dec": 58.37815,
            "fid": 1,
            "nid": 2428,
            "magpsf": 20.300500869750977,
            "sigmapsf": 0.3627359867095947,
            "magnr": 20.886999130249023,
            "sigmagnr": 0.0949999988079071,
            "magzpsci": 26.13050079345703,
            "isdiffpos": "t",
            "ssdistnr": null,
            "ssnamenr": null,
            "drb": null
        },
        {
            "candid": 2428285434915015006,
            "jd": 2460182.7854398,
            "ra": 262.2218255,
            "dec": 58.3781736,
            "fid": 2,
            "nid": 2428,
            "magpsf": 19.367900848388672,
            "sigmapsf": 0.16821099817752838,
            "magnr": 19.8700008392334,
            "sigmagnr": 0.07800000160932541,
            "magzpsci": 26.194900512695312,
            "isdiffpos": "t",
            "ssdistnr": null,
            "ssnamenr": null,
            "drb": null
        },
        {
            "candid": 2428286386115015005,
            "jd": 2460182.7863889,
            "ra": 262.2216282,
            "dec": 58.3782237,
            "fid": 2,
            "nid": 2428,
            "magpsf": 19.438400268554688,
            "sigmapsf": 0.18204200267791748,
            "magnr": 19.524999618530273,
            "sigmagnr": 0.0949999988079071,
            "magzpsci": 26.047399520874023,
            "isdiffpos": "t",
            "ssdistnr": null,
            "ssnamenr": null,
            "drb": null
        },
        {
            "candid": 2430165564915015003,
            "jd": 2460184.6655671,
            "ra": 262.2217708,
            "dec": 58.3781946,
            "fid": 2,
            "nid": 2430,
            "magpsf": 19.474599838256836,
            "sigmapsf": 0.1696459949016571,
            "magnr": 19.8700008392334,
            "sigmagnr": 0.07800000160932541,
            "magzpsci": 26.19260025024414,
            "isdiffpos": "t",
            "ssdistnr": null,
            "ssnamenr": null,
            "drb": null
        },
        {
            "candid": 2430186046115015009,
            "jd": 2460184.6860417,
            "ra": 262.2217768,
            "dec": 58.3781673,
            "fid": 2,
            "nid": 2430,
            "magpsf": 19.457599639892578,
            "sigmapsf": 0.19345399737358093,
            "magnr": 19.524999618530273,
            "sigmagnr": 0.0949999988079071,
            "magzpsci": 26.055599212646484,
            "isdiffpos": "t",
            "ssdistnr": null,
            "ssnamenr": null,
            "drb": null
        },
        {
            "candid": 2432219384915015001,
            "jd": 2460186.7193866,
            "ra": 262.2216699,
            "dec": 58.3782509,
            "fid": 2,
            "nid": 2432,
            "magpsf": 19.58650016784668,
            "sigmapsf": 0.19874100387096405,
            "magnr": 19.8700008392334,
            "sigmagnr": 0.07800000160932541,
            "magzpsci": 26.180500030517578,
            "isdiffpos": "t",
            "ssdistnr": null,
            "ssnamenr": null,
            "drb": null
        },
        {
            "candid": 2432245836115015007,
            "jd": 2460186.7458333,
            "ra": 262.2215279,
            "dec": 58.3781485,
            "fid": 2,
            "nid": 2432,
            "magpsf": 19.662099838256836,
            "sigmapsf": 0.23013100028038025,
            "magnr": 19.524999618530273,
            "sigmagnr": 0.0949999988079071,
            "magzpsci": 26.063100814819336,
            "isdiffpos": "t",
            "ssdistnr": null,
            "ssnamenr": null,
            "drb": null
        },
        {
            "candid": 2437156294915015006,
            "jd": 2460191.6562963,
            "ra": 262.2217767,
            "dec": 58.3781817,
            "fid": 2,
            "nid": 2437,
            "magpsf": 19.609500885009766,
            "sigmapsf": 0.13902799785137177,
            "magnr": 19.8700008392334,
            "sigmagnr": 0.07800000160932541,
            "magzpsci": 26.20949935913086,
            "isdiffpos": "t",
            "ssdistnr": null,
            "ssnamenr": null,
            "drb": null
        },
        {
            "candid": 2437156776115015004,
            "jd": 2460191.6567708,
            "ra": 262.2217748,
            "dec": 58.3782261,
            "fid": 2,
            "nid": 2437,
            "magpsf": 19.461599349975586,
            "sigmapsf": 0.1351969987154007,
            "magnr": 19.524999618530273,
            "sigmagnr": 0.0949999988079071,
            "magzpsci": 26.06060028076172,
            "isdiffpos": "t",
            "ssdistnr": null,
            "ssnamenr": null,
            "drb": null
        },
        {
            "candid": 2439239394915015008,
            "jd": 2460193.7393981,
            "ra": 262.2218284,
            "dec": 58.3783125,
            "fid": 1,
            "nid": 2439,
            "magpsf": 20.817100524902344,
            "sigmapsf": 0.31285300850868225,
            "magnr": 21.26099967956543,
            "sigmagnr": 0.09799999743700027,
            "magzpsci": 26.203100204467773,
            "isdiffpos": "t",
            "ssdistnr": null,
            "ssnamenr": null,
            "drb": null
        },
        {
            "candid": 2439258696115015001,
            "jd": 2460193.7586921,
            "ra": 262.2217358,
            "dec": 58.3782418,
            "fid": 2,
            "nid": 2439,
            "magpsf": 19.5580997467041,
            "sigmapsf": 0.15283100306987762,
            "magnr": 19.524999618530273,
            "sigmagnr": 0.0949999988079071,
            "magzpsci": 25.999099731445312,
            "isdiffpos": "t",
            "ssdistnr": null,
            "ssnamenr": null,
            "drb": null
        },
        {
            "candid": 2439279984915015002,
            "jd": 2460193.7799884,
            "ra": 262.2217772,
            "dec": 58.3781898,
            "fid": 2,
            "nid": 2439,
            "magpsf": 19.50469970703125,
            "sigmapsf": 0.16432400047779083,
            "magnr": 19.8700008392334,
            "sigmagnr": 0.07800000160932541,
            "magzpsci": 26.144699096679688,
            "isdiffpos": "t",
            "ssdistnr": null,
            "ssnamenr": null,
            "drb": null
        },
        {
            "candid": 2441162656115015007,
            "jd": 2460195.6626505,
            "ra": 262.221792,
            "dec": 58.3781573,
            "fid": 1,
            "nid": 2441,
            "magpsf": 20.810400009155273,
            "sigmapsf": 0.3203530013561249,
            "magnr": 20.886999130249023,
            "sigmagnr": 0.0949999988079071,
            "magzpsci": 26.043399810791016,
            "isdiffpos": "t",
            "ssdistnr": null,
            "ssnamenr": null,
            "drb": null
        },
        {
            "candid": 2441202634915015006,
            "jd": 2460195.7026389,
            "ra": 262.2217558,
            "dec": 58.3782181,
            "fid": 2,
            "nid": 2441,
            "magpsf": 19.55739974975586,
            "sigmapsf": 0.1865909993648529,
            "magnr": 19.8700008392334,
            "sigmagnr": 0.07800000160932541,
            "magzpsci": 26.109399795532227,
            "isdiffpos": "t",
            "ssdistnr": null,
            "ssnamenr": null,
            "drb": null
        },
        {
            "candid": 2441221636115015004,
            "jd": 2460195.7216319,
            "ra": 262.221862,
            "dec": 58.3781659,
            "fid": 2,
            "nid": 2441,
            "magpsf": 19.569799423217773,
            "sigmapsf": 0.18280500173568726,
            "magnr": 19.524999618530273,
            "sigmagnr": 0.0949999988079071,
            "magzpsci": 25.982799530029297,
            "isdiffpos": "t",
            "ssdistnr": null,
            "ssnamenr": null,
            "drb": null
        },
        {
            "candid": 2444176784915015005,
            "jd": 2460198.6767824,
            "ra": 262.2218413,
            "dec": 58.3782005,
            "fid": 2,
            "nid": 2444,
            "magpsf": 19.568899154663086,
            "sigmapsf": 0.13937300443649292,
            "magnr": 19.8700008392334,
            "sigmagnr": 0.07800000160932541,
            "magzpsci": 26.10689926147461,
            "isdiffpos": "t",
            "ssdistnr": null,
            "ssnamenr": null,
            "drb": null
        },
        {
            "candid": 2444218796115015005,
            "jd": 2460198.7187963,
            "ra": 262.2216782,
            "dec": 58.3782624,
            "fid": 1,
            "nid": 2444,
            "magpsf": 20.694700241088867,
            "sigmapsf": 0.3325220048427582,
            "magnr": 20.886999130249023,
            "sigmagnr": 0.0949999988079071,
            "magzpsci": 26.038700103759766,
            "isdiffpos": "t",
            "ssdistnr": null,
            "ssnamenr": null,
            "drb": null
        },
        {
            "candid": 2447161686115015007,
            "jd": 2460201.6616898,
            "ra": 262.2217619,
            "dec": 58.3782229,
            "fid": 2,
            "nid": 2447,
            "magpsf": 19.756799697875977,
            "sigmapsf": 0.1772949993610382,
            "magnr": 19.524999618530273,
            "sigmagnr": 0.0949999988079071,
            "magzpsci": 26.050800323486328,
            "isdiffpos": "t",
            "ssdistnr": null,
            "ssnamenr": null,
            "drb": null
        },
        {
            "candid": 2447162624915015001,
            "jd": 2460201.6626273,
            "ra": 262.2217504,
            "dec": 58.3782437,
            "fid": 2,
            "nid": 2447,
            "magpsf": 19.758100509643555,
            "sigmapsf": 0.20980100333690643,
            "magnr": 19.8700008392334,
            "sigmagnr": 0.07800000160932541,
            "magzpsci": 26.19409942626953,
            "isdiffpos": "t",
            "ssdistnr": null,
            "ssnamenr": null,
            "drb": null
        },
        {
            "candid": 2449181076115015006,
            "jd": 2460203.6810764,
            "ra": 262.2220515,
            "dec": 58.3781737,
            "fid": 1,
            "nid": 2449,
            "magpsf": 20.740699768066406,
            "sigmapsf": 0.3489769995212555,
            "magnr": 20.886999130249023,
            "sigmagnr": 0.0949999988079071,
            "magzpsci": 26.103700637817383,
            "isdiffpos": "t",
            "ssdistnr": null,
            "ssnamenr": null,
            "drb": null
        },
        {
            "candid": 2449198154915015003,
            "jd": 2460203.6981597,
            "ra": 262.2217783,
            "dec": 58.3782307,
            "fid": 2,
            "nid": 2449,
            "magpsf": 19.694400787353516,
            "sigmapsf": 0.1536789983510971,
            "magnr": 19.8700008392334,
            "sigmagnr": 0.07800000160932541,
            "magzpsci": 26.167400360107422,
            "isdiffpos": "t",
            "ssdistnr": null,
            "ssnamenr": null,
            "drb": null
        },
        {
            "candid": 2449199106115015005,
            "jd": 2460203.6991088,
            "ra": 262.2218412,
            "dec": 58.3782213,
            "fid": 2,
            "nid": 2449,
            "magpsf": 19.70199966430664,
            "sigmapsf": 0.1549690067768097,
            "magnr": 19.524999618530273,
            "sigmagnr": 0.0949999988079071,
            "magzpsci": 26.020999908447266,
            "isdiffpos": "t",
            "ssdistnr": null,
            "ssnamenr": null,
            "drb": null
        },
        {
            "candid": 2451200674915015008,
            "jd": 2460205.7006713,
            "ra": 262.2218221,
            "dec": 58.3782249,
            "fid": 2,
            "nid": 2451,
            "magpsf": 19.71739959716797,
            "sigmapsf": 0.15107400715351105,
            "magnr": 19.8700008392334,
            "sigmagnr": 0.07800000160932541,
            "magzpsci": 26.179399490356445,
            "isdiffpos": "t",
            "ssdistnr": null,
            "ssnamenr": null,
            "drb": null
        },
        {
            "candid": 2451201156115015012,
            "jd": 2460205.7011574,
            "ra": 262.2217251,
            "dec": 58.3781819,
            "fid": 2,
            "nid": 2451,
            "magpsf": 19.814599990844727,
            "sigmapsf": 0.18961499631404877,
            "magnr": 19.524999618530273,
            "sigmagnr": 0.0949999988079071,
            "magzpsci": 26.035600662231445,
            "isdiffpos": "t",
            "ssdistnr": null,
            "ssnamenr": null,
            "drb": null
        },
        {
            "candid": 2451279976115015002,
            "jd": 2460205.7799769,
            "ra": 262.2215811,
            "dec": 58.3782044,
            "fid": 1,
            "nid": 2451,
            "magpsf": 20.813600540161133,
            "sigmapsf": 0.3647420108318329,
            "magnr": 20.886999130249023,
            "sigmagnr": 0.0949999988079071,
            "magzpsci": 26.03860092163086,
            "isdiffpos": "t",
            "ssdistnr": null,
            "ssnamenr": null,
            "drb": null
        },
        {
            "candid": 2453157254915015005,
            "jd": 2460207.6572569,
            "ra": 262.2216591,
            "dec": 58.3782319,
            "fid": 2,
            "nid": 2453,
            "magpsf": 19.847900390625,
            "sigmapsf": 0.2021470069885254,
            "magnr": 19.8700008392334,
            "sigmagnr": 0.07800000160932541,
            "magzpsci": 26.202899932861328,
            "isdiffpos": "t",
            "ssdistnr": null,
            "ssnamenr": null,
            "drb": null
        },
        {
            "candid": 2453159716115015003,
            "jd": 2460207.6597106,
            "ra": 262.2217095,
            "dec": 58.3781907,
            "fid": 2,
            "nid": 2453,
            "magpsf": 19.784000396728516,
            "sigmapsf": 0.1645289957523346,
            "magnr": 19.524999618530273,
            "sigmagnr": 0.0949999988079071,
            "magzpsci": 26.069000244140625,
            "isdiffpos": "t",
            "ssdistnr": null,
            "ssnamenr": null,
            "drb": null
        },
        {
            "candid": 2457144956115015008,
            "jd": 2460211.6449537,
            "ra": 262.221776,
            "dec": 58.3781464,
            "fid": 2,
            "nid": 2457,
            "magpsf": 19.71940040588379,
            "sigmapsf": 0.19700999557971954,
            "magnr": 19.524999618530273,
            "sigmagnr": 0.0949999988079071,
            "magzpsci": 26.058399200439453,
            "isdiffpos": "t",
            "ssdistnr": null,
            "ssnamenr": null,
            "drb": null
        },
        {
            "candid": 2457165154915015003,
            "jd": 2460211.6651505,
            "ra": 262.2218654,
            "dec": 58.378222,
            "fid": 2,
            "nid": 2457,
            "magpsf": 19.86400032043457,
            "sigmapsf": 0.1951500028371811,
            "magnr": 19.8700008392334,
            "sigmagnr": 0.07800000160932541,
            "magzpsci": 26.200000762939453,
            "isdiffpos": "t",
            "ssdistnr": null,
            "ssnamenr": null,
            "drb": null
        },
        {
            "candid": 2459174694915015003,
            "jd": 2460213.6746991,
            "ra": 262.2216657,
            "dec": 58.3781934,
            "fid": 2,
            "nid": 2459,
            "magpsf": 20.11319923400879,
            "sigmapsf": 0.2774890065193176,
            "magnr": 19.8700008392334,
            "sigmagnr": 0.07800000160932541,
            "magzpsci": 26.184200286865234,
            "isdiffpos": "t",
            "ssdistnr": null,
            "ssnamenr": null,
            "drb": null
        },
        {
            "candid": 2461241576115015003,
            "jd": 2460215.7415741,
            "ra": 262.2218207,
            "dec": 58.3781932,
            "fid": 2,
            "nid": 2461,
            "magpsf": 19.451099395751953,
            "sigmapsf": 0.25165998935699463,
            "magnr": 19.524999618530273,
            "sigmagnr": 0.0949999988079071,
            "magzpsci": 26.025100708007812,
            "isdiffpos": "t",
            "ssdistnr": null,
            "ssnamenr": null,
            "drb": null
        },
        {
            "candid": 2468154864915015006,
            "jd": 2460222.6548611,
            "ra": 262.221878,
            "dec": 58.3782055,
            "fid": 2,
            "nid": 2468,
            "magpsf": 19.988000869750977,
            "sigmapsf": 0.22690799832344055,
            "magnr": 19.8700008392334,
            "sigmagnr": 0.07800000160932541,
            "magzpsci": 26.18400001525879,
            "isdiffpos": "t",
            "ssdistnr": null,
            "ssnamenr": null,
            "drb": null
        },
        {
            "candid": 2470177344915015006,
            "jd": 2460224.6773495,
            "ra": 262.2217427,
            "dec": 58.3782008,
            "fid": 2,
            "nid": 2470,
            "magpsf": 20.125699996948242,
            "sigmapsf": 0.18784299492835999,
            "magnr": 19.8700008392334,
            "sigmagnr": 0.07800000160932541,
            "magzpsci": 26.16469955444336,
            "isdiffpos": "t",
            "ssdistnr": null,
            "ssnamenr": null,
            "drb": null
        },
        {
            "candid": 2470182096115015004,
            "jd": 2460224.6820949,
            "ra": 262.2216169,
            "dec": 58.3781558,
            "fid": 2,
            "nid": 2470,
            "magpsf": 19.836700439453125,
            "sigmapsf": 0.18898899853229523,
            "magnr": 19.524999618530273,
            "sigmagnr": 0.0949999988079071,
            "magzpsci": 26.012699127197266,
            "isdiffpos": "t",
            "ssdistnr": null,
            "ssnamenr": null,
            "drb": null
        },
        {
            "candid": 2472221116115015004,
            "jd": 2460226.7211111,
            "ra": 262.2219498,
            "dec": 58.3782299,
            "fid": 2,
            "nid": 2472,
            "magpsf": 20.114500045776367,
            "sigmapsf": 0.2478020042181015,
            "magnr": 19.524999618530273,
            "sigmagnr": 0.0949999988079071,
            "magzpsci": 25.98550033569336,
            "isdiffpos": "t",
            "ssdistnr": null,
            "ssnamenr": null,
            "drb": null
        },
        {
            "candid": 2477139766115015005,
            "jd": 2460231.6397685,
            "ra": 262.2217212,
            "dec": 58.378129,
            "fid": 2,
            "nid": 2477,
            "magpsf": 20.101699829101562,
            "sigmapsf": 0.2512049973011017,
            "magnr": 19.524999618530273,
            "sigmagnr": 0.0949999988079071,
            "magzpsci": 26.009700775146484,
            "isdiffpos": "t",
            "ssdistnr": null,
            "ssnamenr": null,
            "drb": null
        },
        {
            "candid": 2478155794915015003,
            "jd": 2460232.6557986,
            "ra": 262.2218202,
            "dec": 58.3782168,
            "fid": 2,
            "nid": 2478,
            "magpsf": 20.023799896240234,
            "sigmapsf": 0.2846199870109558,
            "magnr": 19.8700008392334,
            "sigmagnr": 0.07800000160932541,
            "magzpsci": 26.168800354003906,
            "isdiffpos": "t",
            "ssdistnr": null,
            "ssnamenr": null,
            "drb": null
        },
        {
            "candid": 2479158656115015004,
            "jd": 2460233.6586574,
            "ra": 262.221552,
            "dec": 58.3781614,
            "fid": 2,
            "nid": 2479,
            "magpsf": 19.878000259399414,
            "sigmapsf": 0.23348699510097504,
            "magnr": 19.524999618530273,
            "sigmagnr": 0.0949999988079071,
            "magzpsci": 26.027000427246094,
            "isdiffpos": "t",
            "ssdistnr": null,
            "ssnamenr": null,
            "drb": null
        },
        {
            "candid": 2480136134915015004,
            "jd": 2460234.6361343,
            "ra": 262.22179,
            "dec": 58.3781634,
            "fid": 2,
            "nid": 2480,
            "magpsf": 20.082700729370117,
            "sigmapsf": 0.20154500007629395,
            "magnr": 19.8700008392334,
            "sigmagnr": 0.07800000160932541,
            "magzpsci": 26.167699813842773,
            "isdiffpos": "t",
            "ssdistnr": null,
            "ssnamenr": null,
            "drb": null
        },
        {
            "candid": 2482135694915015005,
            "jd": 2460236.6356944,
            "ra": 262.2217484,
            "dec": 58.3782536,
            "fid": 2,
            "nid": 2482,
            "magpsf": 20.11680030822754,
            "sigmapsf": 0.268220990896225,
            "magnr": 19.8700008392334,
            "sigmagnr": 0.07800000160932541,
            "magzpsci": 26.176799774169922,
            "isdiffpos": "t",
            "ssdistnr": null,
            "ssnamenr": null,
            "drb": null
        },
        {
            "candid": 2483158226115015008,
            "jd": 2460237.6582292,
            "ra": 262.2218303,
            "dec": 58.3781965,
            "fid": 2,
            "nid": 2483,
            "magpsf": 19.88627815246582,
            "sigmapsf": 0.2096097320318222,
            "magnr": 19.524999618530273,
            "sigmagnr": 0.0949999988079071,
            "magzpsci": 25.988279342651367,
            "isdiffpos": "t",
            "ssdistnr": -999.0,
            "ssnamenr": "null",
            "drb": null
        },
        {
            "jd": 2460093.905544,
            "fid": 2,
            "diffmaglim": 20.695499420166016
        },
        {
            "jd": 2460093.9089699,
            "fid": 2,
            "diffmaglim": 20.585899353027344
        },
        {
            "jd": 2460093.9485185,
            "fid": 1,
            "diffmaglim": 20.80190086364746
        },
        {
            "jd": 2460093.9494676,
            "fid": 1,
            "diffmaglim": 20.7549991607666
        },
        {
            "jd": 2460098.7789931,
            "fid": 1,
            "diffmaglim": 19.37179946899414
        },
        {
            "jd": 2460098.8604051,
            "fid": 2,
            "diffmaglim": 19.49799919128418
        },
        {
            "jd": 2460098.8613542,
            "fid": 2,
            "diffmaglim": 19.476900100708008
        },
        {
            "jd": 2460098.9316667,
            "fid": 1,
            "diffmaglim": 19.513399124145508
        },
        {
            "jd": 2460100.7025231,
            "fid": 1,
            "diffmaglim": 19.519500732421875
        },
        {
            "jd": 2460100.7241319,
            "fid": 1,
            "diffmaglim": 19.590200424194336
        },
        {
            "jd": 2460100.7858218,
            "fid": 2,
            "diffmaglim": 19.741300582885742
        },
        {
            "jd": 2460100.7891898,
            "fid": 2,
            "diffmaglim": 19.806299209594727
        },
        {
            "jd": 2460102.7609606,
            "fid": 1,
            "diffmaglim": 19.30389976501465
        },
        {
            "jd": 2460102.7819097,
            "fid": 1,
            "diffmaglim": 19.05579948425293
        },
        {
            "jd": 2460104.8440972,
            "fid": 2,
            "diffmaglim": 20.281200408935547
        },
        {
            "jd": 2460104.8683912,
            "fid": 2,
            "diffmaglim": 20.29159927368164
        },
        {
            "jd": 2460109.8075231,
            "fid": 1,
            "diffmaglim": 20.700000762939453
        },
        {
            "jd": 2460109.8089931,
            "fid": 1,
            "diffmaglim": 20.645700454711914
        },
        {
            "jd": 2460109.8445602,
            "fid": 2,
            "diffmaglim": 20.560199737548828
        },
        {
            "jd": 2460109.8580903,
            "fid": 2,
            "diffmaglim": 20.482999801635742
        },
        {
            "jd": 2460111.9537616,
            "fid": 2,
            "diffmaglim": 20.469600677490234
        },
        {
            "jd": 2460111.9551736,
            "fid": 2,
            "diffmaglim": 20.608200073242188
        },
        {
            "jd": 2460114.7893171,
            "fid": 1,
            "diffmaglim": 20.401599884033203
        },
        {
            "jd": 2460114.7922338,
            "fid": 1,
            "diffmaglim": 20.53339958190918
        },
        {
            "jd": 2460114.8472569,
            "fid": 2,
            "diffmaglim": 20.451400756835938
        },
        {
            "jd": 2460114.8596644,
            "fid": 2,
            "diffmaglim": 20.468700408935547
        },
        {
            "jd": 2460116.7790972,
            "fid": 2,
            "diffmaglim": 20.436500549316406
        },
        {
            "jd": 2460116.8069792,
            "fid": 2,
            "diffmaglim": 20.181800842285156
        },
        {
            "jd": 2460116.8414352,
            "fid": 1,
            "diffmaglim": 20.202600479125977
        },
        {
            "jd": 2460116.8419213,
            "fid": 1,
            "diffmaglim": 20.44499969482422
        },
        {
            "jd": 2460118.7607176,
            "fid": 1,
            "diffmaglim": 20.07080078125
        },
        {
            "jd": 2460118.8646759,
            "fid": 2,
            "diffmaglim": 20.21179962158203
        },
        {
            "jd": 2460118.8871412,
            "fid": 1,
            "diffmaglim": 20.04599952697754
        },
        {
            "jd": 2460120.8521759,
            "fid": 1,
            "diffmaglim": 20.484399795532227
        },
        {
            "jd": 2460120.8526505,
            "fid": 1,
            "diffmaglim": 20.64579963684082
        },
        {
            "jd": 2460120.8741088,
            "fid": 2,
            "diffmaglim": 20.537099838256836
        },
        {
            "jd": 2460120.8750579,
            "fid": 2,
            "diffmaglim": 20.484500885009766
        },
        {
            "jd": 2460143.8716435,
            "fid": 2,
            "diffmaglim": 20.441099166870117
        },
        {
            "jd": 2460143.9126042,
            "fid": 1,
            "diffmaglim": 20.273000717163086
        },
        {
            "jd": 2460155.9240625,
            "fid": 1,
            "diffmaglim": 20.110599517822266
        },
        {
            "jd": 2460156.7255093,
            "fid": 1,
            "diffmaglim": 18.023399353027344
        },
        {
            "jd": 2460156.8457986,
            "fid": 2,
            "diffmaglim": 18.055099487304688
        },
        {
            "jd": 2460158.8740509,
            "fid": 1,
            "diffmaglim": 19.08209991455078
        },
        {
            "jd": 2460158.875,
            "fid": 1,
            "diffmaglim": 19.059600830078125
        },
        {
            "jd": 2460160.8266088,
            "fid": 1,
            "diffmaglim": 19.736299514770508
        },
        {
            "jd": 2460169.8466204,
            "fid": 1,
            "diffmaglim": 19.720399856567383
        },
        {
            "jd": 2460169.8475579,
            "fid": 1,
            "diffmaglim": 17.606800079345703
        },
        {
            "jd": 2460171.8279514,
            "fid": 1,
            "diffmaglim": 20.42329978942871
        },
        {
            "jd": 2460175.6867708,
            "fid": 1,
            "diffmaglim": 19.02090072631836
        },
        {
            "jd": 2460175.69375,
            "fid": 1,
            "diffmaglim": 20.336000442504883
        },
        {
            "jd": 2460182.7237269,
            "fid": 1,
            "diffmaglim": 19.938199996948242
        },
        {
            "jd": 2460184.6998611,
            "fid": 1,
            "diffmaglim": 19.875499725341797
        },
        {
            "jd": 2460184.7157292,
            "fid": 1,
            "diffmaglim": 19.831600189208984
        },
        {
            "jd": 2460186.6817593,
            "fid": 1,
            "diffmaglim": 19.64590072631836
        },
        {
            "jd": 2460186.683206,
            "fid": 1,
            "diffmaglim": 19.66080093383789
        },
        {
            "jd": 2460191.7024537,
            "fid": 1,
            "diffmaglim": 20.339000701904297
        },
        {
            "jd": 2460191.7029282,
            "fid": 1,
            "diffmaglim": 20.298599243164062
        },
        {
            "jd": 2460193.8294907,
            "fid": 1,
            "diffmaglim": 19.74020004272461
        },
        {
            "jd": 2460195.6611458,
            "fid": 1,
            "diffmaglim": 20.3262996673584
        },
        {
            "jd": 2460198.720706,
            "fid": 1,
            "diffmaglim": 20.352399826049805
        },
        {
            "jd": 2460201.7047801,
            "fid": 1,
            "diffmaglim": 20.398099899291992
        },
        {
            "jd": 2460201.7057292,
            "fid": 1,
            "diffmaglim": 20.43790054321289
        },
        {
            "jd": 2460203.6796528,
            "fid": 1,
            "diffmaglim": 20.558300018310547
        },
        {
            "jd": 2460205.7809144,
            "fid": 1,
            "diffmaglim": 20.377700805664062
        },
        {
            "jd": 2460207.7009259,
            "fid": 1,
            "diffmaglim": 20.492700576782227
        },
        {
            "jd": 2460207.703287,
            "fid": 1,
            "diffmaglim": 20.5221004486084
        },
        {
            "jd": 2460211.6919792,
            "fid": 1,
            "diffmaglim": 19.98940086364746
        },
        {
            "jd": 2460211.7168287,
            "fid": 1,
            "diffmaglim": 19.994199752807617
        },
        {
            "jd": 2460213.6437731,
            "fid": 1,
            "diffmaglim": 19.519800186157227
        },
        {
            "jd": 2460213.6456829,
            "fid": 1,
            "diffmaglim": 19.50819969177246
        },
        {
            "jd": 2460213.6770833,
            "fid": 2,
            "diffmaglim": 19.604900360107422
        },
        {
            "jd": 2460215.6746528,
            "fid": 1,
            "diffmaglim": 19.593299865722656
        },
        {
            "jd": 2460215.6756019,
            "fid": 1,
            "diffmaglim": 19.57939910888672
        },
        {
            "jd": 2460215.7425116,
            "fid": 2,
            "diffmaglim": 19.408700942993164
        },
        {
            "jd": 2460220.7180093,
            "fid": 1,
            "diffmaglim": 19.566099166870117
        },
        {
            "jd": 2460220.7218056,
            "fid": 1,
            "diffmaglim": 19.478700637817383
        },
        {
            "jd": 2460222.654375,
            "fid": 2,
            "diffmaglim": 19.76919937133789
        },
        {
            "jd": 2460222.6753588,
            "fid": 1,
            "diffmaglim": 19.87579917907715
        },
        {
            "jd": 2460222.6810301,
            "fid": 1,
            "diffmaglim": 19.78459930419922
        },
        {
            "jd": 2460224.6982176,
            "fid": 1,
            "diffmaglim": 20.106399536132812
        },
        {
            "jd": 2460224.6996296,
            "fid": 1,
            "diffmaglim": 20.09950065612793
        },
        {
            "jd": 2460226.7220602,
            "fid": 2,
            "diffmaglim": 19.884599685668945
        },
        {
            "jd": 2460228.6523727,
            "fid": 2,
            "diffmaglim": 19.606000900268555
        },
        {
            "jd": 2460228.6528588,
            "fid": 2,
            "diffmaglim": 19.50079917907715
        },
        {
            "jd": 2460230.6367824,
            "fid": 1,
            "diffmaglim": 20.281700134277344
        },
        {
            "jd": 2460231.6754398,
            "fid": 1,
            "diffmaglim": 20.159000396728516
        },
        {
            "jd": 2460232.6367593,
            "fid": 1,
            "diffmaglim": 20.16230010986328
        },
        {
            "jd": 2460234.6778472,
            "fid": 1,
            "diffmaglim": 20.050800323486328
        },
        {
            "jd": 2460235.6192708,
            "fid": 2,
            "diffmaglim": 20.19879913330078
        },
        {
            "jd": 2460235.659537,
            "fid": 1,
            "diffmaglim": 20.09480094909668
        },
        {
            "jd": 2460236.6230671,
            "fid": 1,
            "diffmaglim": 20.051000595092773
        },
        {
            "jd": 2460237.6357523,
            "fid": 1,
            "diffmaglim": 20.121400833129883
        }
    ],
    "forcedphot": [
        {
            "objectid": "ZTF23aapuknd",
            "jd": 2460207.703287,
            "ranr": 262.2215464,
            "decnr": 58.3788985,
            "fid": 1,
            "forcediffimflux": 100.75835418701172,
            "forcediffimfluxunc": 24.124181747436523,
            "magzpsci": 26.263599395751953
        },
        {
            "objectid": "ZTF23aapuknd",
            "jd": 2460211.6656134,
            "ranr": -99999.0,
            "decnr": -99999.0,
            "fid": 2,
            "forcediffimflux": -99999.0,
            "forcediffimfluxunc": -99999.0,
            "magzpsci": 26.271099090576172
        },
        {
            "objectid": "ZTF23aapuknd",
            "jd": 2460211.7168287,
            "ranr": 262.2218142,
            "decnr": 58.378392,
            "fid": 1,
            "forcediffimflux": 58.249610900878906,
            "forcediffimfluxunc": 40.0928955078125,
            "magzpsci": 26.08650016784668
        },
        {
            "objectid": "ZTF23aapuknd",
            "jd": 2460213.6456829,
            "ranr": -99999.0,
            "decnr": -99999.0,
            "fid": 1,
            "forcediffimflux": -99999.0,
            "forcediffimfluxunc": -99999.0,
            "magzpsci": 26.278099060058594
        },
        {
            "objectid": "ZTF23aapuknd",
            "jd": 2460213.6770833,
            "ranr": 262.2232632,
            "decnr": 58.3775114,
            "fid": 2,
            "forcediffimflux": 298.750732421875,
            "forcediffimfluxunc": 51.973575592041016,
            "magzpsci": 26.04829978942871
        },
        {
            "objectid": "ZTF23aapuknd",
            "jd": 2460215.6756019,
            "ranr": 262.2218142,
            "decnr": 58.378392,
            "fid": 1,
            "forcediffimflux": 106.15819549560547,
            "forcediffimfluxunc": 61.182647705078125,
            "magzpsci": 26.11870002746582
        },
        {
            "objectid": "ZTF23aapuknd",
            "jd": 2460215.7425116,
            "ranr": -99999.0,
            "decnr": -99999.0,
            "fid": 2,
            "forcediffimflux": -99999.0,
            "forcediffimfluxunc": -99999.0,
            "magzpsci": 26.0674991607666
        },
        {
            "objectid": "ZTF23aapuknd",
            "jd": 2460220.7218056,
            "ranr": 262.2218142,
            "decnr": 58.378392,
            "fid": 1,
            "forcediffimflux": 63.160213470458984,
            "forcediffimfluxunc": 55.84605407714844,
            "magzpsci": 26.004600524902344
        },
        {
            "objectid": "ZTF23aapuknd",
            "jd": 2460222.6548611,
            "ranr": -99999.0,
            "decnr": -99999.0,
            "fid": 2,
            "forcediffimflux": -99999.0,
            "forcediffimfluxunc": -99999.0,
            "magzpsci": 26.072200775146484
        },
        {
            "objectid": "ZTF23aapuknd",
            "jd": 2460222.7248727,
            "ranr": -99999.0,
            "decnr": -99999.0,
            "fid": 1,
            "forcediffimflux": -99999.0,
            "forcediffimfluxunc": -99999.0,
            "magzpsci": 26.256900787353516
        },
        {
            "objectid": "ZTF23aapuknd",
            "jd": 2460224.6996296,
            "ranr": -99999.0,
            "decnr": -99999.0,
            "fid": 1,
            "forcediffimflux": -99999.0,
            "forcediffimfluxunc": -99999.0,
            "magzpsci": 26.18589973449707
        },
        {
            "objectid": "ZTF23aapuknd",
            "jd": 2460224.7167361,
            "ranr": -99999.0,
            "decnr": -99999.0,
            "fid": 2,
            "forcediffimflux": -99999.0,
            "forcediffimfluxunc": -99999.0,
            "magzpsci": 26.189800262451172
        },
        {
            "objectid": "ZTF23aapuknd",
            "jd": 2460226.7220602,
            "ranr": 262.2223937,
            "decnr": 58.3779745,
            "fid": 2,
            "forcediffimflux": 260.6412353515625,
            "forcediffimfluxunc": 38.699066162109375,
            "magzpsci": 26.12220001220703
        },
        {
            "objectid": "ZTF23aapuknd",
            "jd": 2460227.6810069,
            "ranr": -99999.0,
            "decnr": -99999.0,
            "fid": 2,
            "forcediffimflux": -99999.0,
            "forcediffimfluxunc": -99999.0,
            "magzpsci": 26.143199920654297
        },
        {
            "objectid": "ZTF23aapuknd",
            "jd": 2460227.7159375,
            "ranr": -99999.0,
            "decnr": -99999.0,
            "fid": 1,
            "forcediffimflux": -99999.0,
            "forcediffimfluxunc": -99999.0,
            "magzpsci": 26.024200439453125
        },
        {
            "objectid": "ZTF23aapuknd",
            "jd": 2460228.6528588,
            "ranr": 262.2223937,
            "decnr": 58.3779745,
            "fid": 2,
            "forcediffimflux": 214.2191619873047,
            "forcediffimfluxunc": 65.5841293334961,
            "magzpsci": 26.1737003326416
        },
        {
            "objectid": "ZTF23aapuknd",
            "jd": 2460230.6367824,
            "ranr": -99999.0,
            "decnr": -99999.0,
            "fid": 1,
            "forcediffimflux": -99999.0,
            "forcediffimfluxunc": -99999.0,
            "magzpsci": 26.104999542236328
        },
        {
            "objectid": "ZTF23aapuknd",
            "jd": 2460231.6397685,
            "ranr": 262.2232632,
            "decnr": 58.3775114,
            "fid": 2,
            "forcediffimflux": 246.5845489501953,
            "forcediffimfluxunc": 34.329437255859375,
            "magzpsci": 26.009700775146484
        },
        {
            "objectid": "ZTF23aapuknd",
            "jd": 2460231.6759144,
            "ranr": -99999.0,
            "decnr": -99999.0,
            "fid": 1,
            "forcediffimflux": -99999.0,
            "forcediffimfluxunc": -99999.0,
            "magzpsci": 26.284799575805664
        },
        {
            "objectid": "ZTF23aapuknd",
            "jd": 2460232.6367593,
            "ranr": -99999.0,
            "decnr": -99999.0,
            "fid": 1,
            "forcediffimflux": -99999.0,
            "forcediffimfluxunc": -99999.0,
            "magzpsci": 26.247100830078125
        },
        {
            "objectid": "ZTF23aapuknd",
            "jd": 2460232.6557986,
            "ranr": -99999.0,
            "decnr": -99999.0,
            "fid": 2,
            "forcediffimflux": -99999.0,
            "forcediffimfluxunc": -99999.0,
            "magzpsci": 26.170799255371094
        },
        {
            "objectid": "ZTF23aapuknd",
            "jd": 2460233.6591319,
            "ranr": -99999.0,
            "decnr": -99999.0,
            "fid": 2,
            "forcediffimflux": -99999.0,
            "forcediffimfluxunc": -99999.0,
            "magzpsci": 26.23069953918457
        },
        {
            "objectid": "ZTF23aapuknd",
            "jd": 2460233.7066204,
            "ranr": -99999.0,
            "decnr": -99999.0,
            "fid": 1,
            "forcediffimflux": -99999.0,
            "forcediffimfluxunc": -99999.0,
            "magzpsci": 26.23740005493164
        },
        {
            "objectid": "ZTF23aapuknd",
            "jd": 2460234.6361343,
            "ranr": 262.2223937,
            "decnr": 58.3779745,
            "fid": 2,
            "forcediffimflux": 291.875244140625,
            "forcediffimfluxunc": 30.386232376098633,
            "magzpsci": 26.167699813842773
        },
        {
            "objectid": "ZTF23aapuknd",
            "jd": 2460234.6778472,
            "ranr": 262.2215464,
            "decnr": 58.3788985,
            "fid": 1,
            "forcediffimflux": 49.51655578613281,
            "forcediffimfluxunc": 38.317508697509766,
            "magzpsci": 26.16200065612793
        },
        {
            "objectid": "ZTF23aapuknd",
            "jd": 2460235.6197338,
            "ranr": -99999.0,
            "decnr": -99999.0,
            "fid": 2,
            "forcediffimflux": -99999.0,
            "forcediffimfluxunc": -99999.0,
            "magzpsci": 26.15060043334961
        },
        {
            "objectid": "ZTF23aapuknd",
            "jd": 2460235.659537,
            "ranr": 262.2218142,
            "decnr": 58.378392,
            "fid": 1,
            "forcediffimflux": 110.35990142822266,
            "forcediffimfluxunc": 35.379737854003906,
            "magzpsci": 26.07110023498535
        },
        {
            "objectid": "ZTF23aapuknd",
            "jd": 2460236.6230671,
            "ranr": -99999.0,
            "decnr": -99999.0,
            "fid": 1,
            "forcediffimflux": -99999.0,
            "forcediffimfluxunc": -99999.0,
            "magzpsci": 26.133100509643555
        },
        {
            "objectid": "ZTF23aapuknd",
            "jd": 2460236.6356944,
            "ranr": -99999.0,
            "decnr": -99999.0,
            "fid": 2,
            "forcediffimflux": -99999.0,
            "forcediffimfluxunc": -99999.0,
            "magzpsci": 26.26110076904297
        },
        {
            "objectid": "ZTF23aapuknd",
            "jd": 2460237.6362153,
            "ranr": -99999.0,
            "decnr": -99999.0,
            "fid": 1,
            "forcediffimflux": -99999.0,
            "forcediffimfluxunc": -99999.0,
            "magzpsci": 26.204999923706055
        }
    ]
}