{
    "objectId": "ZTF21aamobbh",
    "candidates": [
        {
            "candid": 1513232884215015014,
            "jd": 2459267.7328819,
            "ra": 120.2253737,
            "dec": -2.2273136,
            "fid": 1,
            "nid": 1513,
            "magpsf": 19.133100509643555,
            "sigmapsf": 0.12905600666999817,
            "magnr": 20.16699981689453,
            "sigmagnr": 0.10499999672174454,
            "magzpsci": 26.407100677490234,
            "isdiffpos": "t",
            "ssdistnr": null,
            "ssnamenr": null,
            "drb": 0.9999949932098389
        },
        {
            "candid": 1513296744215015016,
            "jd": 2459267.7967477,
            "ra": 120.2253612,
            "dec": -2.2273971,
            "fid": 2,
            "nid": 1513,
            "magpsf": 19.322200775146484,
            "sigmapsf": 0.11175599694252014,
            "magnr": 19.572999954223633,
            "sigmagnr": 0.09300000220537186,
            "magzpsci": 26.432199478149414,
            "isdiffpos": "t",
            "ssdistnr": null,
            "ssnamenr": null,
            "drb": null
        },
        {
            "candid": 1515231684215015005,
            "jd": 2459269.7316898,
            "ra": 120.2253965,
            "dec": -2.2273569,
            "fid": 1,
            "nid": 1515,
            "magpsf": 18.133499145507812,
            "sigmapsf": 0.07466799765825272,
            "magnr": 20.16699981689453,
            "sigmagnr": 0.10499999672174454,
            "magzpsci": 26.366500854492188,
            "isdiffpos": "t",
            "ssdistnr": null,
            "ssnamenr": null,
            "drb": null
        },
        {
            "candid": 1515294984215015013,
            "jd": 2459269.7949884,
            "ra": 120.2253903,
            "dec": -2.2273597,
            "fid": 2,
            "nid": 1515,
            "magpsf": 18.382299423217773,
            "sigmapsf": 0.09365499764680862,
            "magnr": 19.572999954223633,
            "sigmagnr": 0.09300000220537186,
            "magzpsci": 26.404300689697266,
            "isdiffpos": "t",
            "ssdistnr": null,
            "ssnamenr": null,
            "drb": null
        },
        {
            "candid": 1517229234215015011,
            "jd": 2459271.7292361,
            "ra": 120.2253694,
            "dec": -2.2273499,
            "fid": 1,
            "nid": 1517,
            "magpsf": 17.918399810791016,
            "sigmapsf": 0.06803499907255173,
            "magnr": 20.16699981689453,
            "sigmagnr": 0.10499999672174454,
            "magzpsci": 26.405500411987305,
            "isdiffpos": "t",
            "ssdistnr": null,
            "ssnamenr": null,
            "drb": null
        },
        {
            "candid": 1517255894215015008,
            "jd": 2459271.7558912,
            "ra": 120.2253935,
            "dec": -2.2273741,
            "fid": 2,
            "nid": 1517,
            "magpsf": 18.090099334716797,
            "sigmapsf": 0.07271599769592285,
            "magnr": 19.572999954223633,
            "sigmagnr": 0.09300000220537186,
            "magzpsci": 26.432100296020508,
            "isdiffpos": "t",
            "ssdistnr": null,
            "ssnamenr": null,
            "drb": null
        },
        {
            "candid": 1519171564215015004,
            "jd": 2459273.6715625,
            "ra": 120.2253637,
            "dec": -2.2273655,
            "fid": 1,
            "nid": 1519,
            "magpsf": 17.972299575805664,
            "sigmapsf": 0.08194500207901001,
            "magnr": 20.16699981689453,
            "sigmagnr": 0.10499999672174454,
            "magzpsci": 26.31130027770996,
            "isdiffpos": "t",
            "ssdistnr": null,
            "ssnamenr": null,
            "drb": null
        },
        {
            "candid": 1519232714215015006,
            "jd": 2459273.7327199,
            "ra": 120.2254148,
            "dec": -2.2273495,
            "fid": 2,
            "nid": 1519,
            "magpsf": 18.025800704956055,
            "sigmapsf": 0.10217399895191193,
            "magnr": 19.572999954223633,
            "sigmagnr": 0.09300000220537186,
            "magzpsci": 26.385799407958984,
            "isdiffpos": "t",
            "ssdistnr": null,
            "ssnamenr": null,
            "drb": null
        },
        {
            "candid": 1521189104215015023,
            "jd": 2459275.6891088,
            "ra": 120.2254139,
            "dec": -2.2273553,
            "fid": 1,
            "nid": 1521,
            "magpsf": 18.219999313354492,
            "sigmapsf": 0.0785050019621849,
            "magnr": 20.16699981689453,
            "sigmagnr": 0.10499999672174454,
            "magzpsci": 26.375999450683594,
            "isdiffpos": "t",
            "ssdistnr": null,
            "ssnamenr": null,
            "drb": null
        },
        {
            "candid": 1521232074215015016,
            "jd": 2459275.7320718,
            "ra": 120.2253788,
            "dec": -2.2273926,
            "fid": 2,
            "nid": 1521,
            "magpsf": 18.241300582885742,
            "sigmapsf": 0.08133099973201752,
            "magnr": 19.572999954223633,
            "sigmagnr": 0.09300000220537186,
            "magzpsci": 26.42329978942871,
            "isdiffpos": "t",
            "ssdistnr": null,
            "ssnamenr": null,
            "drb": null
        },
        {
            "candid": 1524187814215015025,
            "jd": 2459278.6878125,
            "ra": 120.2253949,
            "dec": -2.2273897,
            "fid": 2,
            "nid": 1524,
            "magpsf": 18.52989959716797,
            "sigmapsf": 0.08017600327730179,
            "magnr": 19.572999954223633,
            "sigmagnr": 0.09300000220537186,
            "magzpsci": 26.423900604248047,
            "isdiffpos": "t",
            "ssdistnr": null,
            "ssnamenr": null,
            "drb": null
        },
        {
            "candid": 1524212294215015009,
            "jd": 2459278.7122917,
            "ra": 120.2253646,
            "dec": -2.2273381,
            "fid": 1,
            "nid": 1524,
            "magpsf": 18.497499465942383,
            "sigmapsf": 0.13841700553894043,
            "magnr": 20.16699981689453,
            "sigmagnr": 0.10499999672174454,
            "magzpsci": 26.114500045776367,
            "isdiffpos": "t",
            "ssdistnr": null,
            "ssnamenr": null,
            "drb": null
        },
        {
            "candid": 1527226194215015021,
            "jd": 2459281.7261921,
            "ra": 120.225421,
            "dec": -2.227383,
            "fid": 2,
            "nid": 1527,
            "magpsf": 18.945600509643555,
            "sigmapsf": 0.09215400367975235,
            "magnr": 19.572999954223633,
            "sigmagnr": 0.09300000220537186,
            "magzpsci": 26.42259979248047,
            "isdiffpos": "t",
            "ssdistnr": null,
            "ssnamenr": null,
            "drb": null
        },
        {
            "candid": 1536204564215015014,
            "jd": 2459290.7045602,
            "ra": 120.2254506,
            "dec": -2.2273556,
            "fid": 1,
            "nid": 1536,
            "magpsf": 19.589399337768555,
            "sigmapsf": 0.14022399485111237,
            "magnr": 20.16699981689453,
            "sigmagnr": 0.10499999672174454,
            "magzpsci": 26.370399475097656,
            "isdiffpos": "t",
            "ssdistnr": null,
            "ssnamenr": null,
            "drb": null
        },
        {
            "candid": 1536236344215015019,
            "jd": 2459290.7363426,
            "ra": 120.2253897,
            "dec": -2.2273833,
            "fid": 2,
            "nid": 1536,
            "magpsf": 19.980899810791016,
            "sigmapsf": 0.15699200332164764,
            "magnr": 19.572999954223633,
            "sigmagnr": 0.09300000220537186,
            "magzpsci": 26.403900146484375,
            "isdiffpos": "t",
            "ssdistnr": null,
            "ssnamenr": null,
            "drb": null
        },
        {
            "candid": 1538169394215015015,
            "jd": 2459292.6693981,
            "ra": 120.2253642,
            "dec": -2.2273501,
            "fid": 1,
            "nid": 1538,
            "magpsf": 19.69339942932129,
            "sigmapsf": 0.1773809939622879,
            "magnr": 20.16699981689453,
            "sigmagnr": 0.10499999672174454,
            "magzpsci": 26.334400177001953,
            "isdiffpos": "t",
            "ssdistnr": null,
            "ssnamenr": null,
            "drb": null
        },
        {
            "candid": 1538190254215015012,
            "jd": 2459292.6902546,
            "ra": 120.2254116,
            "dec": -2.2273994,
            "fid": 2,
            "nid": 1538,
            "magpsf": 20.12420082092285,
            "sigmapsf": 0.2105170041322708,
            "magnr": 19.572999954223633,
            "sigmagnr": 0.09300000220537186,
            "magzpsci": 26.381200790405273,
            "isdiffpos": "t",
            "ssdistnr": null,
            "ssnamenr": null,
            "drb": null
        },
        {
            "candid": 1540169224215015009,
            "jd": 2459294.6692245,
            "ra": 120.2253471,
            "dec": -2.2274425,
            "fid": 1,
            "nid": 1540,
            "magpsf": 19.860530853271484,
            "sigmapsf": 0.20881399512290955,
            "magnr": 20.16699981689453,
            "sigmagnr": 0.10499999672174454,
            "magzpsci": 26.314529418945312,
            "isdiffpos": "t",
            "ssdistnr": -999.0,
            "ssnamenr": "null",
            "drb": null
        },
        {
            "jd": 2459248.7531597,
            "fid": 1,
            "diffmaglim": 20.355499267578125
        },
        {
            "jd": 2459248.75316,
            "fid": 1,
            "diffmaglim": 20.354999542236328
        },
        {
            "jd": 2459248.8609259,
            "fid": 2,
            "diffmaglim": 20.08930015563965
        },
        {
            "jd": 2459248.86093,
            "fid": 2,
            "diffmaglim": 20.089000701904297
        },
        {
            "jd": 2459250.74715,
            "fid": 2,
            "diffmaglim": 20.048999786376953
        },
        {
            "jd": 2459250.7471528,
            "fid": 2,
            "diffmaglim": 20.049299240112305
        },
        {
            "jd": 2459250.77385,
            "fid": 1,
            "diffmaglim": 20.136999130249023
        },
        {
            "jd": 2459250.7738542,
            "fid": 1,
            "diffmaglim": 20.136600494384766
        },
        {
            "jd": 2459252.7121875,
            "fid": 2,
            "diffmaglim": 20.582799911499023
        },
        {
            "jd": 2459252.71219,
            "fid": 2,
            "diffmaglim": 20.58300018310547
        },
        {
            "jd": 2459252.76971,
            "fid": 1,
            "diffmaglim": 20.650999069213867
        },
        {
            "jd": 2459252.7697106,
            "fid": 1,
            "diffmaglim": 20.651100158691406
        },
        {
            "jd": 2459254.7546759,
            "fid": 2,
            "diffmaglim": 20.752399444580078
        },
        {
            "jd": 2459254.75468,
            "fid": 2,
            "diffmaglim": 20.75200080871582
        },
        {
            "jd": 2459254.77458,
            "fid": 1,
            "diffmaglim": 20.85300064086914
        },
        {
            "jd": 2459254.7745833,
            "fid": 1,
            "diffmaglim": 20.852699279785156
        },
        {
            "jd": 2459256.734375,
            "fid": 2,
            "diffmaglim": 20.60650062561035
        },
        {
            "jd": 2459256.7741319,
            "fid": 1,
            "diffmaglim": 20.658100128173828
        },
        {
            "jd": 2459260.7524769,
            "fid": 2,
            "diffmaglim": 19.97439956665039
        },
        {
            "jd": 2459260.7741667,
            "fid": 1,
            "diffmaglim": 19.77429962158203
        },
        {
            "jd": 2459263.7127778,
            "fid": 2,
            "diffmaglim": 19.631500244140625
        },
        {
            "jd": 2459263.7745255,
            "fid": 1,
            "diffmaglim": 19.7278995513916
        },
        {
            "jd": 2459265.704838,
            "fid": 1,
            "diffmaglim": 20.18239974975586
        },
        {
            "jd": 2459265.751794,
            "fid": 2,
            "diffmaglim": 20.2632999420166
        }
    ],
    "forcedphot": []
}