{
    "objectId": "ZTF21aagyidr",
    "candidates": [
        {
            "candid": 1480452610515015118,
            "jd": 2459234.9526157,
            "ra": 172.5871269,
            "dec": 8.9262466,
            "fid": 1,
            "nid": 1480,
            "magpsf": 20.4507999420166,
            "sigmapsf": 0.33337900042533875,
            "magnr": 21.945999145507812,
            "sigmagnr": 0.16300000250339508,
            "magzpsci": 26.38479995727539,
            "isdiffpos": "t",
            "ssdistnr": -999.0,
            "ssnamenr": "-999.0",
            "drb": null
        },
        {
            "candid": 1495379760515015009,
            "jd": 2459249.8797685,
            "ra": 172.5867785,
            "dec": 8.9264886,
            "fid": 2,
            "nid": 1495,
            "magpsf": 19.443700790405273,
            "sigmapsf": 0.23139800131320953,
            "magnr": 21.308000564575195,
            "sigmagnr": 0.11400000005960464,
            "magzpsci": 25.97170066833496,
            "isdiffpos": "t",
            "ssdistnr": -999.0,
            "ssnamenr": "-999.0",
            "drb": null
        },
        {
            "candid": 1495421050515015009,
            "jd": 2459249.9210532,
            "ra": 172.5867989,
            "dec": 8.9262548,
            "fid": 1,
            "nid": 1495,
            "magpsf": 19.378400802612305,
            "sigmapsf": 0.19950899481773376,
            "magnr": 21.945999145507812,
            "sigmagnr": 0.16300000250339508,
            "magzpsci": 26.323400497436523,
            "isdiffpos": "t",
            "ssdistnr": -999.0,
            "ssnamenr": "null",
            "drb": 0.9937930107116699
        },
        {
            "candid": 1497401190515015018,
            "jd": 2459251.9011921,
            "ra": 172.5868337,
            "dec": 8.9263277,
            "fid": 1,
            "nid": 1497,
            "magpsf": 19.44420051574707,
            "sigmapsf": 0.17730799317359924,
            "magnr": 21.945999145507812,
            "sigmagnr": 0.16300000250339508,
            "magzpsci": 26.421199798583984,
            "isdiffpos": "t",
            "ssdistnr": -999.0,
            "ssnamenr": "null",
            "drb": 0.9999909996986389
        },
        {
            "candid": 1497442260515015021,
            "jd": 2459251.9422685,
            "ra": 172.5868307,
            "dec": 8.9263033,
            "fid": 2,
            "nid": 1497,
            "magpsf": 19.697999954223633,
            "sigmapsf": 0.15076200664043427,
            "magnr": 21.308000564575195,
            "sigmagnr": 0.11400000005960464,
            "magzpsci": 26.36400032043457,
            "isdiffpos": "t",
            "ssdistnr": -999.0,
            "ssnamenr": "null",
            "drb": 0.9999899864196777
        },
        {
            "candid": 1499351530515015019,
            "jd": 2459253.8515394,
            "ra": 172.5867745,
            "dec": 8.9263389,
            "fid": 2,
            "nid": 1499,
            "magpsf": 19.873199462890625,
            "sigmapsf": 0.1323069930076599,
            "magnr": 21.308000564575195,
            "sigmagnr": 0.11400000005960464,
            "magzpsci": 26.310199737548828,
            "isdiffpos": "t",
            "ssdistnr": -999.0,
            "ssnamenr": "null",
            "drb": 0.999813973903656
        },
        {
            "candid": 1499378550515015027,
            "jd": 2459253.8785532,
            "ra": 172.5868694,
            "dec": 8.926363,
            "fid": 1,
            "nid": 1499,
            "magpsf": 19.753999710083008,
            "sigmapsf": 0.21979400515556335,
            "magnr": 21.945999145507812,
            "sigmagnr": 0.16300000250339508,
            "magzpsci": 26.160999298095703,
            "isdiffpos": "t",
            "ssdistnr": -999.0,
            "ssnamenr": "-999.0",
            "drb": null
        },
        {
            "candid": 1501378370515015026,
            "jd": 2459255.8783796,
            "ra": 172.5868691,
            "dec": 8.9262898,
            "fid": 1,
            "nid": 1501,
            "magpsf": 19.944000244140625,
            "sigmapsf": 0.1701429933309555,
            "magnr": 21.945999145507812,
            "sigmagnr": 0.16300000250339508,
            "magzpsci": 26.441999435424805,
            "isdiffpos": "t",
            "ssdistnr": null,
            "ssnamenr": null,
            "drb": null
        },
        {
            "candid": 1501400940515015022,
            "jd": 2459255.9009491,
            "ra": 172.5868257,
            "dec": 8.9262982,
            "fid": 2,
            "nid": 1501,
            "magpsf": 19.990999221801758,
            "sigmapsf": 0.14486299455165863,
            "magnr": 21.308000564575195,
            "sigmagnr": 0.11400000005960464,
            "magzpsci": 26.356000900268555,
            "isdiffpos": "t",
            "ssdistnr": null,
            "ssnamenr": null,
            "drb": null
        },
        {
            "candid": 1503378560515015008,
            "jd": 2459257.8785648,
            "ra": 172.5868343,
            "dec": 8.9263913,
            "fid": 1,
            "nid": 1503,
            "magpsf": 20.101999282836914,
            "sigmapsf": 0.28181299567222595,
            "magnr": 21.945999145507812,
            "sigmagnr": 0.16300000250339508,
            "magzpsci": 26.106000900268555,
            "isdiffpos": "t",
            "ssdistnr": null,
            "ssnamenr": null,
            "drb": null
        },
        {
            "candid": 1508337920515015018,
            "jd": 2459262.8379282,
            "ra": 172.5868916,
            "dec": 8.9262095,
            "fid": 2,
            "nid": 1508,
            "magpsf": 20.44474983215332,
            "sigmapsf": 0.193339005112648,
            "magnr": 21.308000564575195,
            "sigmagnr": 0.11400000005960464,
            "magzpsci": 26.31974983215332,
            "isdiffpos": "t",
            "ssdistnr": -999.0,
            "ssnamenr": "null",
            "drb": null
        },
        {
            "jd": 2459221.9274,
            "fid": 2,
            "diffmaglim": 19.93400001525879
        },
        {
            "jd": 2459221.96193,
            "fid": 1,
            "diffmaglim": 19.46500015258789
        },
        {
            "jd": 2459223.89829,
            "fid": 1,
            "diffmaglim": 20.264999389648438
        },
        {
            "jd": 2459223.96422,
            "fid": 2,
            "diffmaglim": 20.08300018310547
        },
        {
            "jd": 2459225.91447,
            "fid": 2,
            "diffmaglim": 19.895999908447266
        },
        {
            "jd": 2459225.94227,
            "fid": 1,
            "diffmaglim": 20.023000717163086
        },
        {
            "jd": 2459227.96086,
            "fid": 1,
            "diffmaglim": 20.43600082397461
        },
        {
            "jd": 2459229.93623,
            "fid": 2,
            "diffmaglim": 19.792999267578125
        },
        {
            "jd": 2459231.92043,
            "fid": 1,
            "diffmaglim": 20.542999267578125
        },
        {
            "jd": 2459231.96537,
            "fid": 2,
            "diffmaglim": 20.56999969482422
        }
    ],
    "forcedphot": []
}