{
    "objectId": "ZTF23aajhtuu",
    "candidates": [
        {
            "candid": 2323219431515015004,
            "jd": 2460077.7194329,
            "ra": 143.3947313,
            "dec": 51.6150241,
            "fid": 2,
            "nid": 2323,
            "magpsf": 18.641300201416016,
            "sigmapsf": 0.05995099991559982,
            "magnr": 21.2810001373291,
            "sigmagnr": 0.12399999797344208,
            "magzpsci": 26.159299850463867,
            "isdiffpos": "t",
            "ssdistnr": null,
            "ssnamenr": null,
            "drb": 0.999998927116394
        },
        {
            "candid": 2323262531515015005,
            "jd": 2460077.7625347,
            "ra": 143.394797,
            "dec": 51.6150309,
            "fid": 1,
            "nid": 2323,
            "magpsf": 18.364700317382812,
            "sigmapsf": 0.06926500052213669,
            "magnr": 21.41200065612793,
            "sigmagnr": 0.11400000005960464,
            "magzpsci": 26.191699981689453,
            "isdiffpos": "t",
            "ssdistnr": null,
            "ssnamenr": null,
            "drb": null
        },
        {
            "candid": 2325305611515015004,
            "jd": 2460079.8056134,
            "ra": 143.3947219,
            "dec": 51.6150336,
            "fid": 2,
            "nid": 2325,
            "magpsf": 18.747299194335938,
            "sigmapsf": 0.07376399636268616,
            "magnr": 21.2810001373291,
            "sigmagnr": 0.12399999797344208,
            "magzpsci": 26.00830078125,
            "isdiffpos": "t",
            "ssdistnr": null,
            "ssnamenr": null,
            "drb": null
        },
        {
            "candid": 2327225901515015009,
            "jd": 2460081.7259028,
            "ra": 143.39474,
            "dec": 51.6150298,
            "fid": 1,
            "nid": 2327,
            "magpsf": 18.65880012512207,
            "sigmapsf": 0.08879999816417694,
            "magnr": 21.41200065612793,
            "sigmagnr": 0.11400000005960464,
            "magzpsci": 26.175800323486328,
            "isdiffpos": "t",
            "ssdistnr": null,
            "ssnamenr": null,
            "drb": null
        },
        {
            "candid": 2329182031515015007,
            "jd": 2460083.682037,
            "ra": 143.3947228,
            "dec": 51.6150497,
            "fid": 2,
            "nid": 2329,
            "magpsf": 19.141399383544922,
            "sigmapsf": 0.0972680002450943,
            "magnr": 21.2810001373291,
            "sigmagnr": 0.12399999797344208,
            "magzpsci": 26.162399291992188,
            "isdiffpos": "t",
            "ssdistnr": null,
            "ssnamenr": null,
            "drb": null
        },
        {
            "candid": 2329204981515015005,
            "jd": 2460083.7049884,
            "ra": 143.3947154,
            "dec": 51.6150141,
            "fid": 1,
            "nid": 2329,
            "magpsf": 18.886707305908203,
            "sigmapsf": 0.0709846019744873,
            "magnr": 21.41200065612793,
            "sigmagnr": 0.11400000005960464,
            "magzpsci": 26.173707962036133,
            "isdiffpos": "t",
            "ssdistnr": -999.0,
            "ssnamenr": "null",
            "drb": null
        },
        {
            "jd": 2460050.6747454,
            "fid": 1,
            "diffmaglim": 20.6481990814209
        },
        {
            "jd": 2460050.7017708,
            "fid": 2,
            "diffmaglim": 20.555700302124023
        },
        {
            "jd": 2460052.6907755,
            "fid": 2,
            "diffmaglim": 20.67340087890625
        },
        {
            "jd": 2460052.7212384,
            "fid": 1,
            "diffmaglim": 20.729999542236328
        },
        {
            "jd": 2460054.6788889,
            "fid": 1,
            "diffmaglim": 20.513599395751953
        },
        {
            "jd": 2460056.6780671,
            "fid": 2,
            "diffmaglim": 20.53219985961914
        },
        {
            "jd": 2460056.7221875,
            "fid": 1,
            "diffmaglim": 20.495899200439453
        },
        {
            "jd": 2460058.6869329,
            "fid": 1,
            "diffmaglim": 20.55069923400879
        },
        {
            "jd": 2460058.6938426,
            "fid": 2,
            "diffmaglim": 20.488100051879883
        },
        {
            "jd": 2460060.666713,
            "fid": 2,
            "diffmaglim": 19.9281005859375
        },
        {
            "jd": 2460060.6958218,
            "fid": 1,
            "diffmaglim": 20.092599868774414
        },
        {
            "jd": 2460062.6745718,
            "fid": 2,
            "diffmaglim": 20.105199813842773
        },
        {
            "jd": 2460062.7160417,
            "fid": 1,
            "diffmaglim": 19.83679962158203
        },
        {
            "jd": 2460064.6695023,
            "fid": 1,
            "diffmaglim": 19.66939926147461
        },
        {
            "jd": 2460064.7804861,
            "fid": 2,
            "diffmaglim": 19.758699417114258
        },
        {
            "jd": 2460067.788287,
            "fid": 1,
            "diffmaglim": 18.90290069580078
        },
        {
            "jd": 2460081.7682176,
            "fid": 2,
            "diffmaglim": 20.212200164794922
        }
    ],
    "forcedphot": []
}