{
    "objectId": "ZTF20aalrqbu",
    "candidates": [
        {
            "candid": 1127519824115015011,
            "jd": 2458882.0198264,
            "ra": 233.4186719,
            "dec": 34.4789535,
            "fid": 1,
            "nid": 1127,
            "magpsf": 18.049999237060547,
            "sigmapsf": 0.06073499843478203,
            "magnr": 23.003000259399414,
            "sigmagnr": 0.34200000762939453,
            "magzpsci": 26.364999771118164,
            "isdiffpos": "t",
            "ssdistnr": -999.0,
            "ssnamenr": "null",
            "drb": 1.0
        },
        {
            "candid": 1127546624115015007,
            "jd": 2458882.0466204,
            "ra": 233.4186802,
            "dec": 34.4789614,
            "fid": 2,
            "nid": 1127,
            "magpsf": 18.412200927734375,
            "sigmapsf": 0.061142999678850174,
            "magnr": 22.711999893188477,
            "sigmagnr": 0.2280000001192093,
            "magzpsci": 26.382200241088867,
            "isdiffpos": "t",
            "ssdistnr": -999.0,
            "ssnamenr": "null",
            "drb": 1.0
        },
        {
            "candid": 1130467224115015015,
            "jd": 2458884.9672222,
            "ra": 233.4186624,
            "dec": 34.4789396,
            "fid": 1,
            "nid": 1130,
            "magpsf": 18.023500442504883,
            "sigmapsf": 0.07399100065231323,
            "magnr": 23.003000259399414,
            "sigmagnr": 0.34200000762939453,
            "magzpsci": 26.340499877929688,
            "isdiffpos": "t",
            "ssdistnr": -999.0,
            "ssnamenr": "null",
            "drb": 0.9996349811553955
        },
        {
            "candid": 1130542774115015011,
            "jd": 2458885.0427778,
            "ra": 233.4186805,
            "dec": 34.4789113,
            "fid": 2,
            "nid": 1130,
            "magpsf": 18.16550064086914,
            "sigmapsf": 0.06805600225925446,
            "magnr": 22.711999893188477,
            "sigmagnr": 0.2280000001192093,
            "magzpsci": 26.25950050354004,
            "isdiffpos": "t",
            "ssdistnr": -999.0,
            "ssnamenr": "null",
            "drb": 0.9999960064888
        },
        {
            "candid": 1133463364115015003,
            "jd": 2458887.9633681,
            "ra": 233.4186712,
            "dec": 34.478962,
            "fid": 1,
            "nid": 1133,
            "magpsf": 18.121299743652344,
            "sigmapsf": 0.0989139974117279,
            "magnr": 23.003000259399414,
            "sigmagnr": 0.34200000762939453,
            "magzpsci": 26.327299118041992,
            "isdiffpos": "t",
            "ssdistnr": -999.0,
            "ssnamenr": "null",
            "drb": 0.9995949864387512
        },
        {
            "candid": 1133532414115015008,
            "jd": 2458888.032419,
            "ra": 233.4186842,
            "dec": 34.4789874,
            "fid": 2,
            "nid": 1133,
            "magpsf": 18.26729965209961,
            "sigmapsf": 0.0704139992594719,
            "magnr": 22.711999893188477,
            "sigmagnr": 0.2280000001192093,
            "magzpsci": 26.40329933166504,
            "isdiffpos": "t",
            "ssdistnr": -999.0,
            "ssnamenr": "null",
            "drb": 0.9999780058860779
        },
        {
            "candid": 1136497464115015002,
            "jd": 2458890.9974653,
            "ra": 233.4187208,
            "dec": 34.4788137,
            "fid": 2,
            "nid": 1136,
            "magpsf": 18.138599395751953,
            "sigmapsf": 0.16607700288295746,
            "magnr": 22.711999893188477,
            "sigmagnr": 0.2280000001192093,
            "magzpsci": 26.353599548339844,
            "isdiffpos": "t",
            "ssdistnr": -999.0,
            "ssnamenr": "-999.0",
            "drb": null
        },
        {
            "candid": 1136546824115015004,
            "jd": 2458891.0468287,
            "ra": 233.4186763,
            "dec": 34.4788716,
            "fid": 1,
            "nid": 1136,
            "magpsf": 17.982999801635742,
            "sigmapsf": 0.11430300027132034,
            "magnr": 23.003000259399414,
            "sigmagnr": 0.34200000762939453,
            "magzpsci": 26.33300018310547,
            "isdiffpos": "t",
            "ssdistnr": -999.0,
            "ssnamenr": "null",
            "drb": 0.9999009966850281
        },
        {
            "candid": 1139498814115015006,
            "jd": 2458893.9988194,
            "ra": 233.4186825,
            "dec": 34.478966,
            "fid": 1,
            "nid": 1139,
            "magpsf": 18.04599952697754,
            "sigmapsf": 0.07073000073432922,
            "magnr": 23.003000259399414,
            "sigmagnr": 0.34200000762939453,
            "magzpsci": 26.35300064086914,
            "isdiffpos": "t",
            "ssdistnr": -999.0,
            "ssnamenr": "null",
            "drb": 1.0
        },
        {
            "candid": 1139527104115015015,
            "jd": 2458894.0271065,
            "ra": 233.4186809,
            "dec": 34.4789701,
            "fid": 2,
            "nid": 1139,
            "magpsf": 18.129100799560547,
            "sigmapsf": 0.09175000339746475,
            "magnr": 22.711999893188477,
            "sigmagnr": 0.2280000001192093,
            "magzpsci": 26.372100830078125,
            "isdiffpos": "t",
            "ssdistnr": -999.0,
            "ssnamenr": "null",
            "drb": 0.9999889731407166
        },
        {
            "candid": 1144496094115015013,
            "jd": 2458898.9960995,
            "ra": 233.4186739,
            "dec": 34.4789652,
            "fid": 2,
            "nid": 1144,
            "magpsf": 18.114999771118164,
            "sigmapsf": 0.07219400256872177,
            "magnr": 22.711999893188477,
            "sigmagnr": 0.2280000001192093,
            "magzpsci": 26.378000259399414,
            "isdiffpos": "t",
            "ssdistnr": -999.0,
            "ssnamenr": "-999.0",
            "drb": null
        },
        {
            "candid": 1144561134115015005,
            "jd": 2458899.0611343,
            "ra": 233.4186858,
            "dec": 34.478971,
            "fid": 1,
            "nid": 1144,
            "magpsf": 18.024599075317383,
            "sigmapsf": 0.060044001787900925,
            "magnr": 23.003000259399414,
            "sigmagnr": 0.34200000762939453,
            "magzpsci": 26.373600006103516,
            "isdiffpos": "t",
            "ssdistnr": -999.0,
            "ssnamenr": "-999.0",
            "drb": null
        },
        {
            "candid": 1149519654115015010,
            "jd": 2458904.0196528,
            "ra": 233.4186954,
            "dec": 34.4789657,
            "fid": 2,
            "nid": 1149,
            "magpsf": 18.094600677490234,
            "sigmapsf": 0.05889400094747543,
            "magnr": 22.711999893188477,
            "sigmagnr": 0.2280000001192093,
            "magzpsci": 26.372600555419922,
            "isdiffpos": "t",
            "ssdistnr": -999.0,
            "ssnamenr": "-999.0",
            "drb": null
        },
        {
            "candid": 1149527454115015019,
            "jd": 2458904.0274537,
            "ra": 233.4186956,
            "dec": 34.4789532,
            "fid": 1,
            "nid": 1149,
            "magpsf": 18.034299850463867,
            "sigmapsf": 0.0572969987988472,
            "magnr": 23.003000259399414,
            "sigmagnr": 0.34200000762939453,
            "magzpsci": 26.3523006439209,
            "isdiffpos": "t",
            "ssdistnr": -999.0,
            "ssnamenr": "null",
            "drb": 0.9999979734420776
        },
        {
            "candid": 1152517454115025004,
            "jd": 2458907.0174537,
            "ra": 233.4186576,
            "dec": 34.4789403,
            "fid": 2,
            "nid": 1152,
            "magpsf": 18.117599487304688,
            "sigmapsf": 0.0843459963798523,
            "magnr": 22.711999893188477,
            "sigmagnr": 0.2280000001192093,
            "magzpsci": 26.075599670410156,
            "isdiffpos": "t",
            "ssdistnr": -999.0,
            "ssnamenr": "-999.0",
            "drb": null
        },
        {
            "candid": 1152525194115025012,
            "jd": 2458907.0251968,
            "ra": 233.4187011,
            "dec": 34.4789025,
            "fid": 1,
            "nid": 1152,
            "magpsf": 18.05820083618164,
            "sigmapsf": 0.083917997777462,
            "magnr": 23.003000259399414,
            "sigmagnr": 0.34200000762939453,
            "magzpsci": 26.130199432373047,
            "isdiffpos": "t",
            "ssdistnr": -999.0,
            "ssnamenr": "-999.0",
            "drb": null
        },
        {
            "candid": 1157516404115015008,
            "jd": 2458912.0164005,
            "ra": 233.4187103,
            "dec": 34.4789387,
            "fid": 2,
            "nid": 1157,
            "magpsf": 18.160499572753906,
            "sigmapsf": 0.07678800076246262,
            "magnr": 22.711999893188477,
            "sigmagnr": 0.2280000001192093,
            "magzpsci": 26.350500106811523,
            "isdiffpos": "t",
            "ssdistnr": -999.0,
            "ssnamenr": "null",
            "drb": 0.9999970197677612
        },
        {
            "candid": 1157525454115015014,
            "jd": 2458912.0254514,
            "ra": 233.418707,
            "dec": 34.4789019,
            "fid": 1,
            "nid": 1157,
            "magpsf": 18.125200271606445,
            "sigmapsf": 0.08226300030946732,
            "magnr": 23.003000259399414,
            "sigmagnr": 0.34200000762939453,
            "magzpsci": 26.340200424194336,
            "isdiffpos": "t",
            "ssdistnr": -999.0,
            "ssnamenr": "null",
            "drb": 0.9999799728393555
        },
        {
            "candid": 1157554734115015004,
            "jd": 2458912.0547338,
            "ra": 233.4186873,
            "dec": 34.4789652,
            "fid": 1,
            "nid": 1157,
            "magpsf": 18.070600509643555,
            "sigmapsf": 0.08009500056505203,
            "magnr": 23.003000259399414,
            "sigmagnr": 0.34200000762939453,
            "magzpsci": 26.348600387573242,
            "isdiffpos": "t",
            "ssdistnr": -999.0,
            "ssnamenr": "null",
            "drb": 1.0
        },
        {
            "candid": 1160484724115015007,
            "jd": 2458914.9847222,
            "ra": 233.4186913,
            "dec": 34.4789664,
            "fid": 1,
            "nid": 1160,
            "magpsf": 18.0575008392334,
            "sigmapsf": 0.07854200154542923,
            "magnr": 23.003000259399414,
            "sigmagnr": 0.34200000762939453,
            "magzpsci": 25.954500198364258,
            "isdiffpos": "t",
            "ssdistnr": -999.0,
            "ssnamenr": "null",
            "drb": 0.9999989867210388
        },
        {
            "candid": 1160517124115015017,
            "jd": 2458915.0171296,
            "ra": 233.4186792,
            "dec": 34.4789757,
            "fid": 2,
            "nid": 1160,
            "magpsf": 18.1471004486084,
            "sigmapsf": 0.06659500300884247,
            "magnr": 22.711999893188477,
            "sigmagnr": 0.2280000001192093,
            "magzpsci": 26.363100051879883,
            "isdiffpos": "t",
            "ssdistnr": -999.0,
            "ssnamenr": "null",
            "drb": 0.9997689723968506
        },
        {
            "candid": 1182443514115015008,
            "jd": 2458936.9435185,
            "ra": 233.4186835,
            "dec": 34.4789775,
            "fid": 2,
            "nid": 1182,
            "magpsf": 18.38129997253418,
            "sigmapsf": 0.0867609977722168,
            "magnr": 22.711999893188477,
            "sigmagnr": 0.2280000001192093,
            "magzpsci": 26.347299575805664,
            "isdiffpos": "t",
            "ssdistnr": -999.0,
            "ssnamenr": "null",
            "drb": 0.9954800009727478
        },
        {
            "candid": 1182468364115015023,
            "jd": 2458936.9683681,
            "ra": 233.4186963,
            "dec": 34.4789699,
            "fid": 1,
            "nid": 1182,
            "magpsf": 18.312400817871094,
            "sigmapsf": 0.0760049968957901,
            "magnr": 23.003000259399414,
            "sigmagnr": 0.34200000762939453,
            "magzpsci": 26.315399169921875,
            "isdiffpos": "t",
            "ssdistnr": -999.0,
            "ssnamenr": "null",
            "drb": 0.9999960064888
        },
        {
            "candid": 1185430244115015002,
            "jd": 2458939.9302431,
            "ra": 233.4186696,
            "dec": 34.4789782,
            "fid": 2,
            "nid": 1185,
            "magpsf": 18.511199951171875,
            "sigmapsf": 0.1009799987077713,
            "magnr": 22.711999893188477,
            "sigmagnr": 0.2280000001192093,
            "magzpsci": 25.862199783325195,
            "isdiffpos": "t",
            "ssdistnr": -999.0,
            "ssnamenr": "null",
            "drb": 0.9999780058860779
        },
        {
            "candid": 1189496874115015008,
            "jd": 2458943.996875,
            "ra": 233.4186811,
            "dec": 34.478966,
            "fid": 2,
            "nid": 1189,
            "magpsf": 18.729700088500977,
            "sigmapsf": 0.09218300133943558,
            "magnr": 22.711999893188477,
            "sigmagnr": 0.2280000001192093,
            "magzpsci": 26.321699142456055,
            "isdiffpos": "t",
            "ssdistnr": -999.0,
            "ssnamenr": "null",
            "drb": 0.9999989867210388
        },
        {
            "candid": 1200395704115015022,
            "jd": 2458954.895706,
            "ra": 233.418721,
            "dec": 34.4788776,
            "fid": 1,
            "nid": 1200,
            "magpsf": 19.056299209594727,
            "sigmapsf": 0.12603400647640228,
            "magnr": 23.003000259399414,
            "sigmagnr": 0.34200000762939453,
            "magzpsci": 26.325300216674805,
            "isdiffpos": "t",
            "ssdistnr": -999.0,
            "ssnamenr": "null",
            "drb": 0.9999480247497559
        },
        {
            "candid": 1200462194115015022,
            "jd": 2458954.9621991,
            "ra": 233.4186979,
            "dec": 34.4789373,
            "fid": 2,
            "nid": 1200,
            "magpsf": 19.160499572753906,
            "sigmapsf": 0.12453100085258484,
            "magnr": 22.711999893188477,
            "sigmagnr": 0.2280000001192093,
            "magzpsci": 26.339500427246094,
            "isdiffpos": "t",
            "ssdistnr": -999.0,
            "ssnamenr": "null",
            "drb": 0.9999989867210388
        },
        {
            "candid": 1201416054115015007,
            "jd": 2458955.9160532,
            "ra": 233.4187179,
            "dec": 34.4789315,
            "fid": 1,
            "nid": 1201,
            "magpsf": 19.070899963378906,
            "sigmapsf": 0.10234999656677246,
            "magnr": 23.003000259399414,
            "sigmagnr": 0.34200000762939453,
            "magzpsci": 26.33989906311035,
            "isdiffpos": "t",
            "ssdistnr": -999.0,
            "ssnamenr": "-999.0",
            "drb": null
        },
        {
            "candid": 1201422914115015006,
            "jd": 2458955.9229167,
            "ra": 233.4187173,
            "dec": 34.4789744,
            "fid": 2,
            "nid": 1201,
            "magpsf": 19.11319923400879,
            "sigmapsf": 0.11235100030899048,
            "magnr": 22.711999893188477,
            "sigmagnr": 0.2280000001192093,
            "magzpsci": 26.34320068359375,
            "isdiffpos": "t",
            "ssdistnr": -999.0,
            "ssnamenr": "null",
            "drb": 0.9999330043792725
        },
        {
            "candid": 1202349754115015009,
            "jd": 2458956.8497569,
            "ra": 233.4186805,
            "dec": 34.4789638,
            "fid": 2,
            "nid": 1202,
            "magpsf": 19.23200035095215,
            "sigmapsf": 0.11624299734830856,
            "magnr": 22.711999893188477,
            "sigmagnr": 0.2280000001192093,
            "magzpsci": 26.176000595092773,
            "isdiffpos": "t",
            "ssdistnr": -999.0,
            "ssnamenr": "null",
            "drb": 0.9999970197677612
        },
        {
            "candid": 1202374794115015016,
            "jd": 2458956.8747917,
            "ra": 233.4187159,
            "dec": 34.4789502,
            "fid": 1,
            "nid": 1202,
            "magpsf": 19.132999420166016,
            "sigmapsf": 0.12681099772453308,
            "magnr": 23.003000259399414,
            "sigmagnr": 0.34200000762939453,
            "magzpsci": 26.216999053955078,
            "isdiffpos": "t",
            "ssdistnr": -999.0,
            "ssnamenr": "null",
            "drb": 1.0
        },
        {
            "candid": 1207424214115015008,
            "jd": 2458961.924213,
            "ra": 233.4186848,
            "dec": 34.4789308,
            "fid": 2,
            "nid": 1207,
            "magpsf": 19.32229995727539,
            "sigmapsf": 0.14941799640655518,
            "magnr": 22.711999893188477,
            "sigmagnr": 0.2280000001192093,
            "magzpsci": 26.32029914855957,
            "isdiffpos": "t",
            "ssdistnr": -999.0,
            "ssnamenr": "null",
            "drb": 0.9999709725379944
        },
        {
            "candid": 1208329844115015010,
            "jd": 2458962.8298495,
            "ra": 233.4187265,
            "dec": 34.4789638,
            "fid": 2,
            "nid": 1208,
            "magpsf": 19.39780044555664,
            "sigmapsf": 0.12682099640369415,
            "magnr": 22.711999893188477,
            "sigmagnr": 0.2280000001192093,
            "magzpsci": 26.34480094909668,
            "isdiffpos": "t",
            "ssdistnr": -999.0,
            "ssnamenr": "null",
            "drb": 1.0
        },
        {
            "candid": 1209427094115015009,
            "jd": 2458963.9270949,
            "ra": 233.4186616,
            "dec": 34.4789406,
            "fid": 1,
            "nid": 1209,
            "magpsf": 19.332300186157227,
            "sigmapsf": 0.10927700251340866,
            "magnr": 23.003000259399414,
            "sigmagnr": 0.34200000762939453,
            "magzpsci": 26.32029914855957,
            "isdiffpos": "t",
            "ssdistnr": -999.0,
            "ssnamenr": "null",
            "drb": 0.9999079704284668
        },
        {
            "candid": 1210407264115015006,
            "jd": 2458964.9072685,
            "ra": 233.4186625,
            "dec": 34.4789545,
            "fid": 2,
            "nid": 1210,
            "magpsf": 19.444700241088867,
            "sigmapsf": 0.11692599952220917,
            "magnr": 22.711999893188477,
            "sigmagnr": 0.2280000001192093,
            "magzpsci": 26.33970069885254,
            "isdiffpos": "t",
            "ssdistnr": -999.0,
            "ssnamenr": "null",
            "drb": 0.9999099969863892
        },
        {
            "candid": 1211347844115015013,
            "jd": 2458965.8478472,
            "ra": 233.4186543,
            "dec": 34.4789605,
            "fid": 2,
            "nid": 1211,
            "magpsf": 19.65169906616211,
            "sigmapsf": 0.12172000110149384,
            "magnr": 22.711999893188477,
            "sigmagnr": 0.2280000001192093,
            "magzpsci": 26.351699829101562,
            "isdiffpos": "t",
            "ssdistnr": -999.0,
            "ssnamenr": "null",
            "drb": 0.9997739791870117
        },
        {
            "candid": 1211404664115015015,
            "jd": 2458965.9046644,
            "ra": 233.4186635,
            "dec": 34.478971,
            "fid": 1,
            "nid": 1211,
            "magpsf": 19.399499893188477,
            "sigmapsf": 0.11558499932289124,
            "magnr": 23.003000259399414,
            "sigmagnr": 0.34200000762939453,
            "magzpsci": 26.348499298095703,
            "isdiffpos": "t",
            "ssdistnr": -999.0,
            "ssnamenr": "null",
            "drb": 0.9999729990959167
        },
        {
            "candid": 1212358544115015014,
            "jd": 2458966.8585417,
            "ra": 233.4186833,
            "dec": 34.4789033,
            "fid": 2,
            "nid": 1212,
            "magpsf": 19.571399688720703,
            "sigmapsf": 0.3285819888114929,
            "magnr": 22.711999893188477,
            "sigmagnr": 0.2280000001192093,
            "magzpsci": 25.31130027770996,
            "isdiffpos": "t",
            "ssdistnr": -999.0,
            "ssnamenr": "-999.0",
            "drb": null
        },
        {
            "candid": 1212401144115015017,
            "jd": 2458966.9011458,
            "ra": 233.4187049,
            "dec": 34.4789607,
            "fid": 1,
            "nid": 1212,
            "magpsf": 19.40730094909668,
            "sigmapsf": 0.11087600141763687,
            "magnr": 23.003000259399414,
            "sigmagnr": 0.34200000762939453,
            "magzpsci": 26.32430076599121,
            "isdiffpos": "t",
            "ssdistnr": -999.0,
            "ssnamenr": "null",
            "drb": 0.9999979734420776
        },
        {
            "candid": 1213424974115015014,
            "jd": 2458967.9249769,
            "ra": 233.4187254,
            "dec": 34.4789717,
            "fid": 1,
            "nid": 1213,
            "magpsf": 19.529199600219727,
            "sigmapsf": 0.1352040022611618,
            "magnr": 23.003000259399414,
            "sigmagnr": 0.34200000762939453,
            "magzpsci": 26.332199096679688,
            "isdiffpos": "t",
            "ssdistnr": -999.0,
            "ssnamenr": "null",
            "drb": 0.9999920129776001
        },
        {
            "candid": 1214358594115015009,
            "jd": 2458968.8585995,
            "ra": 233.4186908,
            "dec": 34.478962,
            "fid": 2,
            "nid": 1214,
            "magpsf": 19.66069984436035,
            "sigmapsf": 0.13164399564266205,
            "magnr": 22.711999893188477,
            "sigmagnr": 0.2280000001192093,
            "magzpsci": 26.396699905395508,
            "isdiffpos": "t",
            "ssdistnr": -999.0,
            "ssnamenr": "null",
            "drb": 0.9998170137405396
        },
        {
            "candid": 1214440644115015018,
            "jd": 2458968.9406481,
            "ra": 233.418726,
            "dec": 34.4789549,
            "fid": 1,
            "nid": 1214,
            "magpsf": 19.539600372314453,
            "sigmapsf": 0.11562100052833557,
            "magnr": 23.003000259399414,
            "sigmagnr": 0.34200000762939453,
            "magzpsci": 26.37459945678711,
            "isdiffpos": "t",
            "ssdistnr": -999.0,
            "ssnamenr": "null",
            "drb": 1.0
        },
        {
            "candid": 1215372784115015009,
            "jd": 2458969.8727894,
            "ra": 233.4185948,
            "dec": 34.4789363,
            "fid": 2,
            "nid": 1215,
            "magpsf": 19.827899932861328,
            "sigmapsf": 0.3854309916496277,
            "magnr": 22.711999893188477,
            "sigmagnr": 0.2280000001192093,
            "magzpsci": 25.304899215698242,
            "isdiffpos": "t",
            "ssdistnr": -999.0,
            "ssnamenr": "-999.0",
            "drb": null
        },
        {
            "candid": 1215385614115015004,
            "jd": 2458969.8856134,
            "ra": 233.4187544,
            "dec": 34.4790201,
            "fid": 1,
            "nid": 1215,
            "magpsf": 19.441099166870117,
            "sigmapsf": 0.23530100286006927,
            "magnr": 23.003000259399414,
            "sigmagnr": 0.34200000762939453,
            "magzpsci": 25.181100845336914,
            "isdiffpos": "t",
            "ssdistnr": -999.0,
            "ssnamenr": "-999.0",
            "drb": null
        },
        {
            "candid": 1216447874115015019,
            "jd": 2458970.9478704,
            "ra": 233.4187165,
            "dec": 34.4789313,
            "fid": 1,
            "nid": 1216,
            "magpsf": 19.651100158691406,
            "sigmapsf": 0.1248679980635643,
            "magnr": 23.003000259399414,
            "sigmagnr": 0.34200000762939453,
            "magzpsci": 26.38610076904297,
            "isdiffpos": "t",
            "ssdistnr": -999.0,
            "ssnamenr": "null",
            "drb": 0.9999960064888
        },
        {
            "candid": 1217415994115015006,
            "jd": 2458971.9159954,
            "ra": 233.4186885,
            "dec": 34.4789489,
            "fid": 2,
            "nid": 1217,
            "magpsf": 19.84000015258789,
            "sigmapsf": 0.14082500338554382,
            "magnr": 22.711999893188477,
            "sigmagnr": 0.2280000001192093,
            "magzpsci": 26.378000259399414,
            "isdiffpos": "t",
            "ssdistnr": -999.0,
            "ssnamenr": "null",
            "drb": 0.9999979734420776
        },
        {
            "candid": 1217421584115015009,
            "jd": 2458971.9215856,
            "ra": 233.4187182,
            "dec": 34.4789371,
            "fid": 1,
            "nid": 1217,
            "magpsf": 19.73240089416504,
            "sigmapsf": 0.14452199637889862,
            "magnr": 23.003000259399414,
            "sigmagnr": 0.34200000762939453,
            "magzpsci": 26.37339973449707,
            "isdiffpos": "t",
            "ssdistnr": -999.0,
            "ssnamenr": "null",
            "drb": 0.9999970197677612
        },
        {
            "candid": 1218448754115015013,
            "jd": 2458972.94875,
            "ra": 233.4187002,
            "dec": 34.4789532,
            "fid": 1,
            "nid": 1218,
            "magpsf": 19.726299285888672,
            "sigmapsf": 0.16085000336170197,
            "magnr": 23.003000259399414,
            "sigmagnr": 0.34200000762939453,
            "magzpsci": 26.342300415039062,
            "isdiffpos": "t",
            "ssdistnr": -999.0,
            "ssnamenr": "null",
            "drb": 0.9999970197677612
        },
        {
            "candid": 1221312194115015007,
            "jd": 2458975.8121991,
            "ra": 233.4187817,
            "dec": 34.4790294,
            "fid": 1,
            "nid": 1221,
            "magpsf": 19.546600341796875,
            "sigmapsf": 0.2778159976005554,
            "magnr": 23.003000259399414,
            "sigmagnr": 0.34200000762939453,
            "magzpsci": 26.364599227905273,
            "isdiffpos": "t",
            "ssdistnr": -999.0,
            "ssnamenr": "-999.0",
            "drb": null
        },
        {
            "candid": 1224282674115015006,
            "jd": 2458978.7826736,
            "ra": 233.4186916,
            "dec": 34.4790328,
            "fid": 2,
            "nid": 1224,
            "magpsf": 20.175800323486328,
            "sigmapsf": 0.3051150143146515,
            "magnr": 22.711999893188477,
            "sigmagnr": 0.2280000001192093,
            "magzpsci": 26.383800506591797,
            "isdiffpos": "t",
            "ssdistnr": -999.0,
            "ssnamenr": "-999.0",
            "drb": null
        },
        {
            "candid": 1224383444115015005,
            "jd": 2458978.8834491,
            "ra": 233.4185779,
            "dec": 34.4789763,
            "fid": 1,
            "nid": 1224,
            "magpsf": 19.758899688720703,
            "sigmapsf": 0.3247320055961609,
            "magnr": 23.003000259399414,
            "sigmagnr": 0.34200000762939453,
            "magzpsci": 26.15489959716797,
            "isdiffpos": "t",
            "ssdistnr": -999.0,
            "ssnamenr": "-999.0",
            "drb": null
        },
        {
            "candid": 1225261874115015008,
            "jd": 2458979.761875,
            "ra": 233.4186434,
            "dec": 34.4789095,
            "fid": 1,
            "nid": 1225,
            "magpsf": 19.90290069580078,
            "sigmapsf": 0.194909006357193,
            "magnr": 23.003000259399414,
            "sigmagnr": 0.34200000762939453,
            "magzpsci": 26.289899826049805,
            "isdiffpos": "t",
            "ssdistnr": -999.0,
            "ssnamenr": "null",
            "drb": 0.9995189905166626
        },
        {
            "candid": 1225319624115015003,
            "jd": 2458979.8196296,
            "ra": 233.4186607,
            "dec": 34.4789029,
            "fid": 2,
            "nid": 1225,
            "magpsf": 19.768999099731445,
            "sigmapsf": 0.24073800444602966,
            "magnr": 22.711999893188477,
            "sigmagnr": 0.2280000001192093,
            "magzpsci": 26.34000015258789,
            "isdiffpos": "t",
            "ssdistnr": -999.0,
            "ssnamenr": "-999.0",
            "drb": null
        },
        {
            "candid": 1226275944115015009,
            "jd": 2458980.7759491,
            "ra": 233.4186557,
            "dec": 34.4789853,
            "fid": 2,
            "nid": 1226,
            "magpsf": 20.162099838256836,
            "sigmapsf": 0.1568409949541092,
            "magnr": 22.711999893188477,
            "sigmagnr": 0.2280000001192093,
            "magzpsci": 26.36910057067871,
            "isdiffpos": "t",
            "ssdistnr": -999.0,
            "ssnamenr": "null",
            "drb": 0.9991139769554138
        },
        {
            "candid": 1226404764115015006,
            "jd": 2458980.9047685,
            "ra": 233.418667,
            "dec": 34.4790079,
            "fid": 1,
            "nid": 1226,
            "magpsf": 20.026899337768555,
            "sigmapsf": 0.2946000099182129,
            "magnr": 23.003000259399414,
            "sigmagnr": 0.34200000762939453,
            "magzpsci": 26.372900009155273,
            "isdiffpos": "t",
            "ssdistnr": -999.0,
            "ssnamenr": "-999.0",
            "drb": null
        },
        {
            "candid": 1227288494115015011,
            "jd": 2458981.7884954,
            "ra": 233.4187311,
            "dec": 34.4790073,
            "fid": 2,
            "nid": 1227,
            "magpsf": 20.311399459838867,
            "sigmapsf": 0.23062700033187866,
            "magnr": 22.711999893188477,
            "sigmagnr": 0.2280000001192093,
            "magzpsci": 26.374399185180664,
            "isdiffpos": "t",
            "ssdistnr": -999.0,
            "ssnamenr": "-999.0",
            "drb": null
        },
        {
            "candid": 1227297784115015009,
            "jd": 2458981.7977894,
            "ra": 233.4187713,
            "dec": 34.478877,
            "fid": 1,
            "nid": 1227,
            "magpsf": 20.00830078125,
            "sigmapsf": 0.2230049967765808,
            "magnr": 23.003000259399414,
            "sigmagnr": 0.34200000762939453,
            "magzpsci": 26.369300842285156,
            "isdiffpos": "t",
            "ssdistnr": -999.0,
            "ssnamenr": "-999.0",
            "drb": null
        },
        {
            "candid": 1231308624115015015,
            "jd": 2458985.8086227,
            "ra": 233.4187643,
            "dec": 34.4789334,
            "fid": 1,
            "nid": 1231,
            "magpsf": 20.16670036315918,
            "sigmapsf": 0.16876499354839325,
            "magnr": 23.003000259399414,
            "sigmagnr": 0.34200000762939453,
            "magzpsci": 26.351699829101562,
            "isdiffpos": "t",
            "ssdistnr": -999.0,
            "ssnamenr": "null",
            "drb": 0.999983012676239
        },
        {
            "jd": 2458854.03648,
            "fid": 1,
            "diffmaglim": 20.386999130249023
        },
        {
            "jd": 2458857.04906,
            "fid": 1,
            "diffmaglim": 20.45400047302246
        },
        {
            "jd": 2458857.06757,
            "fid": 2,
            "diffmaglim": 20.259000778198242
        },
        {
            "jd": 2458861.99094,
            "fid": 1,
            "diffmaglim": 19.030000686645508
        },
        {
            "jd": 2458862.04541,
            "fid": 2,
            "diffmaglim": 19.64699935913086
        },
        {
            "jd": 2458864.96443,
            "fid": 1,
            "diffmaglim": 19.65999984741211
        },
        {
            "jd": 2458865.01848,
            "fid": 2,
            "diffmaglim": 20.30500030517578
        },
        {
            "jd": 2458872.94934,
            "fid": 1,
            "diffmaglim": 20.270000457763672
        },
        {
            "jd": 2458873.05675,
            "fid": 2,
            "diffmaglim": 20.298999786376953
        },
        {
            "jd": 2458875.98462,
            "fid": 1,
            "diffmaglim": 20.4060001373291
        },
        {
            "jd": 2458876.04339,
            "fid": 2,
            "diffmaglim": 20.222999572753906
        },
        {
            "jd": 2458879.0391,
            "fid": 1,
            "diffmaglim": 20.22800064086914
        },
        {
            "jd": 2458879.05644,
            "fid": 2,
            "diffmaglim": 20.042999267578125
        },
        {
            "jd": 2458936.94352,
            "fid": 2,
            "diffmaglim": 20.722000122070312
        },
        {
            "jd": 2458936.96837,
            "fid": 1,
            "diffmaglim": 20.785999298095703
        },
        {
            "jd": 2458967.86162,
            "fid": 2,
            "diffmaglim": 20.625
        }
    ],
    "forcedphot": []
}