{
    "objectId": "ZTF21achujxq",
    "candidates": [
        {
            "candid": 1748517125915015025,
            "jd": 2459503.0171296,
            "ra": 158.9389346,
            "dec": 21.0554202,
            "fid": 2,
            "nid": 1748,
            "magpsf": 18.072999954223633,
            "sigmapsf": 0.08060500025749207,
            "magnr": 19.82200050354004,
            "sigmagnr": 0.07199999690055847,
            "magzpsci": 26.211999893188477,
            "isdiffpos": "t",
            "ssdistnr": null,
            "ssnamenr": null,
            "drb": 0.9996830224990845
        },
        {
            "candid": 1748519615915015017,
            "jd": 2459503.0196181,
            "ra": 158.9389306,
            "dec": 21.0554106,
            "fid": 2,
            "nid": 1748,
            "magpsf": 17.989500045776367,
            "sigmapsf": 0.07426600158214569,
            "magnr": 19.82200050354004,
            "sigmagnr": 0.07199999690055847,
            "magzpsci": 26.21150016784668,
            "isdiffpos": "t",
            "ssdistnr": null,
            "ssnamenr": null,
            "drb": null
        },
        {
            "candid": 1748522105915015016,
            "jd": 2459503.0221065,
            "ra": 158.9388628,
            "dec": 21.0553597,
            "fid": 2,
            "nid": 1748,
            "magpsf": 18.024200439453125,
            "sigmapsf": 0.06980299949645996,
            "magnr": 19.82200050354004,
            "sigmagnr": 0.07199999690055847,
            "magzpsci": 26.221200942993164,
            "isdiffpos": "t",
            "ssdistnr": null,
            "ssnamenr": null,
            "drb": null
        },
        {
            "candid": 1748524605915015013,
            "jd": 2459503.0246065,
            "ra": 158.9388982,
            "dec": 21.0553791,
            "fid": 2,
            "nid": 1748,
            "magpsf": 18.09869956970215,
            "sigmapsf": 0.08731599897146225,
            "magnr": 19.82200050354004,
            "sigmagnr": 0.07199999690055847,
            "magzpsci": 26.213699340820312,
            "isdiffpos": "t",
            "ssdistnr": null,
            "ssnamenr": null,
            "drb": null
        },
        {
            "candid": 1748527105915015029,
            "jd": 2459503.0271065,
            "ra": 158.9389853,
            "dec": 21.0553397,
            "fid": 2,
            "nid": 1748,
            "magpsf": 18.02120018005371,
            "sigmapsf": 0.08298599720001221,
            "magnr": 19.82200050354004,
            "sigmagnr": 0.07199999690055847,
            "magzpsci": 26.217199325561523,
            "isdiffpos": "t",
            "ssdistnr": null,
            "ssnamenr": null,
            "drb": null
        },
        {
            "candid": 1749517965915015020,
            "jd": 2459504.017963,
            "ra": 158.9388727,
            "dec": 21.0553917,
            "fid": 2,
            "nid": 1749,
            "magpsf": 18.165700912475586,
            "sigmapsf": 0.08018899708986282,
            "magnr": 19.82200050354004,
            "sigmagnr": 0.07199999690055847,
            "magzpsci": 26.17970085144043,
            "isdiffpos": "t",
            "ssdistnr": null,
            "ssnamenr": null,
            "drb": null
        },
        {
            "candid": 1749520465915015018,
            "jd": 2459504.020463,
            "ra": 158.9388754,
            "dec": 21.0553819,
            "fid": 2,
            "nid": 1749,
            "magpsf": 18.15530014038086,
            "sigmapsf": 0.0912420004606247,
            "magnr": 19.82200050354004,
            "sigmagnr": 0.07199999690055847,
            "magzpsci": 26.187299728393555,
            "isdiffpos": "t",
            "ssdistnr": null,
            "ssnamenr": null,
            "drb": null
        },
        {
            "candid": 1749522955915015017,
            "jd": 2459504.0229514,
            "ra": 158.9388463,
            "dec": 21.0553929,
            "fid": 2,
            "nid": 1749,
            "magpsf": 18.153499603271484,
            "sigmapsf": 0.06872600317001343,
            "magnr": 19.82200050354004,
            "sigmagnr": 0.07199999690055847,
            "magzpsci": 26.184499740600586,
            "isdiffpos": "t",
            "ssdistnr": null,
            "ssnamenr": null,
            "drb": null
        },
        {
            "candid": 1749525455915015014,
            "jd": 2459504.0254514,
            "ra": 158.938924,
            "dec": 21.055386,
            "fid": 2,
            "nid": 1749,
            "magpsf": 18.073299407958984,
            "sigmapsf": 0.06869799643754959,
            "magnr": 19.82200050354004,
            "sigmagnr": 0.07199999690055847,
            "magzpsci": 26.18829917907715,
            "isdiffpos": "t",
            "ssdistnr": null,
            "ssnamenr": null,
            "drb": null
        },
        {
            "candid": 1749527935915015017,
            "jd": 2459504.0279398,
            "ra": 158.9388865,
            "dec": 21.0554484,
            "fid": 2,
            "nid": 1749,
            "magpsf": 18.167299270629883,
            "sigmapsf": 0.08065199851989746,
            "magnr": 19.82200050354004,
            "sigmagnr": 0.07199999690055847,
            "magzpsci": 26.202299118041992,
            "isdiffpos": "t",
            "ssdistnr": null,
            "ssnamenr": null,
            "drb": null
        },
        {
            "candid": 1750518095915015010,
            "jd": 2459505.0180903,
            "ra": 158.9388879,
            "dec": 21.0554258,
            "fid": 2,
            "nid": 1750,
            "magpsf": 18.236400604248047,
            "sigmapsf": 0.06825300306081772,
            "magnr": 19.82200050354004,
            "sigmagnr": 0.07199999690055847,
            "magzpsci": 26.17840003967285,
            "isdiffpos": "t",
            "ssdistnr": null,
            "ssnamenr": null,
            "drb": null
        },
        {
            "candid": 1750520505915015019,
            "jd": 2459505.0205093,
            "ra": 158.938897,
            "dec": 21.0554373,
            "fid": 2,
            "nid": 1750,
            "magpsf": 18.283300399780273,
            "sigmapsf": 0.07150000333786011,
            "magnr": 19.82200050354004,
            "sigmagnr": 0.07199999690055847,
            "magzpsci": 26.194299697875977,
            "isdiffpos": "t",
            "ssdistnr": null,
            "ssnamenr": null,
            "drb": null
        },
        {
            "candid": 1750522925915015039,
            "jd": 2459505.0229282,
            "ra": 158.9388948,
            "dec": 21.055417,
            "fid": 2,
            "nid": 1750,
            "magpsf": 18.193599700927734,
            "sigmapsf": 0.06374000012874603,
            "magnr": 19.82200050354004,
            "sigmagnr": 0.07199999690055847,
            "magzpsci": 26.06760025024414,
            "isdiffpos": "t",
            "ssdistnr": null,
            "ssnamenr": null,
            "drb": null
        },
        {
            "candid": 1750525345915015041,
            "jd": 2459505.0253472,
            "ra": 158.9388945,
            "dec": 21.0554419,
            "fid": 2,
            "nid": 1750,
            "magpsf": 18.172399520874023,
            "sigmapsf": 0.07840000092983246,
            "magnr": 19.82200050354004,
            "sigmagnr": 0.07199999690055847,
            "magzpsci": 25.874399185180664,
            "isdiffpos": "t",
            "ssdistnr": null,
            "ssnamenr": null,
            "drb": null
        },
        {
            "candid": 1750527765915015023,
            "jd": 2459505.0277662,
            "ra": 158.9389062,
            "dec": 21.0554231,
            "fid": 2,
            "nid": 1750,
            "magpsf": 18.177900314331055,
            "sigmapsf": 0.06764700263738632,
            "magnr": 19.82200050354004,
            "sigmagnr": 0.07199999690055847,
            "magzpsci": 26.202899932861328,
            "isdiffpos": "t",
            "ssdistnr": null,
            "ssnamenr": null,
            "drb": null
        },
        {
            "candid": 1755486995915015004,
            "jd": 2459509.9869907,
            "ra": 158.9388865,
            "dec": 21.0554134,
            "fid": 2,
            "nid": 1755,
            "magpsf": 18.476600646972656,
            "sigmapsf": 0.07311700284481049,
            "magnr": 19.82200050354004,
            "sigmagnr": 0.07199999690055847,
            "magzpsci": 26.233699798583984,
            "isdiffpos": "t",
            "ssdistnr": null,
            "ssnamenr": null,
            "drb": null
        },
        {
            "candid": 1755512785915015001,
            "jd": 2459510.0127894,
            "ra": 158.9389271,
            "dec": 21.0554574,
            "fid": 1,
            "nid": 1755,
            "magpsf": 18.286699295043945,
            "sigmapsf": 0.10578200221061707,
            "magnr": 20.077999114990234,
            "sigmagnr": 0.08699999749660492,
            "magzpsci": 26.30270004272461,
            "isdiffpos": "t",
            "ssdistnr": null,
            "ssnamenr": null,
            "drb": null
        },
        {
            "candid": 1758492025915015011,
            "jd": 2459512.9920255,
            "ra": 158.9388923,
            "dec": 21.0554143,
            "fid": 1,
            "nid": 1758,
            "magpsf": 18.5177001953125,
            "sigmapsf": 0.09939099848270416,
            "magnr": 20.077999114990234,
            "sigmagnr": 0.08699999749660492,
            "magzpsci": 26.277700424194336,
            "isdiffpos": "t",
            "ssdistnr": null,
            "ssnamenr": null,
            "drb": null
        },
        {
            "candid": 1758509805915015016,
            "jd": 2459513.0098032,
            "ra": 158.9389377,
            "dec": 21.0554072,
            "fid": 2,
            "nid": 1758,
            "magpsf": 18.818700790405273,
            "sigmapsf": 0.11008399724960327,
            "magnr": 19.82200050354004,
            "sigmagnr": 0.07199999690055847,
            "magzpsci": 26.261699676513672,
            "isdiffpos": "t",
            "ssdistnr": null,
            "ssnamenr": null,
            "drb": null
        },
        {
            "candid": 1767476815915015010,
            "jd": 2459521.9768171,
            "ra": 158.938923,
            "dec": 21.0554295,
            "fid": 2,
            "nid": 1767,
            "magpsf": 19.508499145507812,
            "sigmapsf": 0.1615380048751831,
            "magnr": 19.82200050354004,
            "sigmagnr": 0.07199999690055847,
            "magzpsci": 26.254499435424805,
            "isdiffpos": "t",
            "ssdistnr": null,
            "ssnamenr": null,
            "drb": null
        },
        {
            "candid": 1767519735915015018,
            "jd": 2459522.0197338,
            "ra": 158.9388923,
            "dec": 21.0554075,
            "fid": 1,
            "nid": 1767,
            "magpsf": 19.005699157714844,
            "sigmapsf": 0.08952900022268295,
            "magnr": 20.077999114990234,
            "sigmagnr": 0.08699999749660492,
            "magzpsci": 26.382699966430664,
            "isdiffpos": "t",
            "ssdistnr": null,
            "ssnamenr": null,
            "drb": null
        },
        {
            "candid": 1769504665915015026,
            "jd": 2459524.0046644,
            "ra": 158.9389209,
            "dec": 21.0554289,
            "fid": 2,
            "nid": 1769,
            "magpsf": 19.663999557495117,
            "sigmapsf": 0.17155000567436218,
            "magnr": 19.82200050354004,
            "sigmagnr": 0.07199999690055847,
            "magzpsci": 26.28499984741211,
            "isdiffpos": "t",
            "ssdistnr": null,
            "ssnamenr": null,
            "drb": null
        },
        {
            "candid": 1769541935915015016,
            "jd": 2459524.0419329,
            "ra": 158.9388759,
            "dec": 21.0554067,
            "fid": 1,
            "nid": 1769,
            "magpsf": 19.0935001373291,
            "sigmapsf": 0.1092199981212616,
            "magnr": 20.077999114990234,
            "sigmagnr": 0.08699999749660492,
            "magzpsci": 26.40850067138672,
            "isdiffpos": "t",
            "ssdistnr": null,
            "ssnamenr": null,
            "drb": null
        },
        {
            "candid": 1771485405915015018,
            "jd": 2459525.9854051,
            "ra": 158.9388694,
            "dec": 21.0554073,
            "fid": 1,
            "nid": 1771,
            "magpsf": 19.183900833129883,
            "sigmapsf": 0.106625996530056,
            "magnr": 20.077999114990234,
            "sigmagnr": 0.08699999749660492,
            "magzpsci": 26.349899291992188,
            "isdiffpos": "t",
            "ssdistnr": null,
            "ssnamenr": null,
            "drb": null
        },
        {
            "candid": 1773485965915015027,
            "jd": 2459527.9859606,
            "ra": 158.9388963,
            "dec": 21.0553842,
            "fid": 1,
            "nid": 1773,
            "magpsf": 19.295299530029297,
            "sigmapsf": 0.10600599646568298,
            "magnr": 20.077999114990234,
            "sigmagnr": 0.08699999749660492,
            "magzpsci": 26.355300903320312,
            "isdiffpos": "t",
            "ssdistnr": null,
            "ssnamenr": null,
            "drb": null
        },
        {
            "candid": 1778446525915015011,
            "jd": 2459532.9465278,
            "ra": 158.9388448,
            "dec": 21.0554225,
            "fid": 2,
            "nid": 1778,
            "magpsf": 19.984699249267578,
            "sigmapsf": 0.193571999669075,
            "magnr": 19.82200050354004,
            "sigmagnr": 0.07199999690055847,
            "magzpsci": 26.253700256347656,
            "isdiffpos": "t",
            "ssdistnr": null,
            "ssnamenr": null,
            "drb": null
        },
        {
            "candid": 1778519825915015026,
            "jd": 2459533.0198264,
            "ra": 158.938906,
            "dec": 21.0554081,
            "fid": 1,
            "nid": 1778,
            "magpsf": 19.569799423217773,
            "sigmapsf": 0.15439000725746155,
            "magnr": 20.077999114990234,
            "sigmagnr": 0.08699999749660492,
            "magzpsci": 26.415800094604492,
            "isdiffpos": "t",
            "ssdistnr": null,
            "ssnamenr": null,
            "drb": null
        },
        {
            "candid": 1796464935915015023,
            "jd": 2459550.9649306,
            "ra": 158.9388833,
            "dec": 21.0553944,
            "fid": 1,
            "nid": 1796,
            "magpsf": 20.19253921508789,
            "sigmapsf": 0.1835629940032959,
            "magnr": 20.077999114990234,
            "sigmagnr": 0.08699999749660492,
            "magzpsci": 26.379539489746094,
            "isdiffpos": "t",
            "ssdistnr": -999.0,
            "ssnamenr": "null",
            "drb": null
        },
        {
            "jd": 2459489.0226505,
            "fid": 2,
            "diffmaglim": 19.271400451660156
        },
        {
            "jd": 2459489.0250347,
            "fid": 2,
            "diffmaglim": 19.343000411987305
        },
        {
            "jd": 2459489.027419,
            "fid": 2,
            "diffmaglim": 19.298599243164062
        },
        {
            "jd": 2459489.0297917,
            "fid": 2,
            "diffmaglim": 18.99839973449707
        },
        {
            "jd": 2459489.0321759,
            "fid": 2,
            "diffmaglim": 18.732900619506836
        },
        {
            "jd": 2459490.0239583,
            "fid": 2,
            "diffmaglim": 19.343799591064453
        },
        {
            "jd": 2459490.0263194,
            "fid": 2,
            "diffmaglim": 19.29990005493164
        },
        {
            "jd": 2459490.0286921,
            "fid": 2,
            "diffmaglim": 19.2106990814209
        },
        {
            "jd": 2459490.0310648,
            "fid": 2,
            "diffmaglim": 18.913799285888672
        },
        {
            "jd": 2459490.0334259,
            "fid": 2,
            "diffmaglim": 18.598600387573242
        },
        {
            "jd": 2459526.0208218,
            "fid": 2,
            "diffmaglim": 20.293399810791016
        },
        {
            "jd": 2459530.9337153,
            "fid": 1,
            "diffmaglim": 19.2101993560791
        },
        {
            "jd": 2459530.9669676,
            "fid": 2,
            "diffmaglim": 19.55660057067871
        }
    ],
    "forcedphot": []
}