{
    "objectId": "ZTF21aapdumx",
    "candidates": [
        {
            "candid": 1536199353415015006,
            "jd": 2459290.6993519,
            "ra": 104.1168033,
            "dec": 48.4264882,
            "fid": 1,
            "nid": 1536,
            "magpsf": 18.103099822998047,
            "sigmapsf": 0.07018599659204483,
            "magnr": 19.44499969482422,
            "sigmagnr": 0.11800000071525574,
            "magzpsci": 26.361099243164062,
            "isdiffpos": "t",
            "ssdistnr": null,
            "ssnamenr": null,
            "drb": 0.9999979734420776
        },
        {
            "candid": 1536243633415015004,
            "jd": 2459290.7436343,
            "ra": 104.1167686,
            "dec": 48.4264812,
            "fid": 2,
            "nid": 1536,
            "magpsf": 18.333099365234375,
            "sigmapsf": 0.06759899854660034,
            "magnr": 19.115999221801758,
            "sigmagnr": 0.11100000143051147,
            "magzpsci": 26.366100311279297,
            "isdiffpos": "t",
            "ssdistnr": null,
            "ssnamenr": null,
            "drb": null
        },
        {
            "candid": 1538176523415015004,
            "jd": 2459292.6765278,
            "ra": 104.1167676,
            "dec": 48.4264801,
            "fid": 1,
            "nid": 1538,
            "magpsf": 17.76259994506836,
            "sigmapsf": 0.06161100044846535,
            "magnr": 19.44499969482422,
            "sigmagnr": 0.11800000071525574,
            "magzpsci": 26.333599090576172,
            "isdiffpos": "t",
            "ssdistnr": null,
            "ssnamenr": null,
            "drb": null
        },
        {
            "candid": 1538198323415015003,
            "jd": 2459292.6983218,
            "ra": 104.1167671,
            "dec": 48.4264941,
            "fid": 2,
            "nid": 1538,
            "magpsf": 17.922500610351562,
            "sigmapsf": 0.045809000730514526,
            "magnr": 19.115999221801758,
            "sigmagnr": 0.11100000143051147,
            "magzpsci": 26.34950065612793,
            "isdiffpos": "t",
            "ssdistnr": null,
            "ssnamenr": null,
            "drb": null
        },
        {
            "candid": 1540170903415015003,
            "jd": 2459294.6709028,
            "ra": 104.1167279,
            "dec": 48.4264897,
            "fid": 1,
            "nid": 1540,
            "magpsf": 17.974199295043945,
            "sigmapsf": 0.07627599686384201,
            "magnr": 19.44499969482422,
            "sigmagnr": 0.11800000071525574,
            "magzpsci": 26.30620002746582,
            "isdiffpos": "t",
            "ssdistnr": null,
            "ssnamenr": null,
            "drb": null
        },
        {
            "candid": 1540223473415015007,
            "jd": 2459294.7234722,
            "ra": 104.1167731,
            "dec": 48.4264889,
            "fid": 2,
            "nid": 1540,
            "magpsf": 18.011600494384766,
            "sigmapsf": 0.0762379989027977,
            "magnr": 19.115999221801758,
            "sigmagnr": 0.11100000143051147,
            "magzpsci": 26.320600509643555,
            "isdiffpos": "t",
            "ssdistnr": null,
            "ssnamenr": null,
            "drb": null
        },
        {
            "candid": 1542224163415015002,
            "jd": 2459296.7241667,
            "ra": 104.1167658,
            "dec": 48.4265104,
            "fid": 2,
            "nid": 1542,
            "magpsf": 18.384599685668945,
            "sigmapsf": 0.124440997838974,
            "magnr": 19.115999221801758,
            "sigmagnr": 0.11100000143051147,
            "magzpsci": 26.332599639892578,
            "isdiffpos": "t",
            "ssdistnr": null,
            "ssnamenr": null,
            "drb": null
        },
        {
            "candid": 1542311233415015000,
            "jd": 2459296.8112384,
            "ra": 104.1167757,
            "dec": 48.4265214,
            "fid": 1,
            "nid": 1542,
            "magpsf": 18.142799377441406,
            "sigmapsf": 0.17031000554561615,
            "magnr": 19.44499969482422,
            "sigmagnr": 0.11800000071525574,
            "magzpsci": 26.14780044555664,
            "isdiffpos": "t",
            "ssdistnr": null,
            "ssnamenr": null,
            "drb": null
        },
        {
            "candid": 1547167113415015002,
            "jd": 2459301.6671181,
            "ra": 104.116722,
            "dec": 48.426517,
            "fid": 2,
            "nid": 1547,
            "magpsf": 19.099899291992188,
            "sigmapsf": 0.13563700020313263,
            "magnr": 19.115999221801758,
            "sigmagnr": 0.11100000143051147,
            "magzpsci": 26.362899780273438,
            "isdiffpos": "t",
            "ssdistnr": null,
            "ssnamenr": null,
            "drb": null
        },
        {
            "candid": 1549203363415015002,
            "jd": 2459303.7033681,
            "ra": 104.1168416,
            "dec": 48.4264893,
            "fid": 1,
            "nid": 1549,
            "magpsf": 19.14189910888672,
            "sigmapsf": 0.16810399293899536,
            "magnr": 19.44499969482422,
            "sigmagnr": 0.11800000071525574,
            "magzpsci": 26.327899932861328,
            "isdiffpos": "t",
            "ssdistnr": null,
            "ssnamenr": null,
            "drb": null
        },
        {
            "candid": 1552159383415015005,
            "jd": 2459306.6593866,
            "ra": 104.1168375,
            "dec": 48.4264471,
            "fid": 1,
            "nid": 1552,
            "magpsf": 19.469499588012695,
            "sigmapsf": 0.13192899525165558,
            "magnr": 19.44499969482422,
            "sigmagnr": 0.11800000071525574,
            "magzpsci": 26.287500381469727,
            "isdiffpos": "t",
            "ssdistnr": null,
            "ssnamenr": null,
            "drb": null
        },
        {
            "candid": 1552224603415015002,
            "jd": 2459306.7246065,
            "ra": 104.1168106,
            "dec": 48.42653,
            "fid": 2,
            "nid": 1552,
            "magpsf": 19.713899612426758,
            "sigmapsf": 0.15069499611854553,
            "magnr": 19.115999221801758,
            "sigmagnr": 0.11100000143051147,
            "magzpsci": 26.302900314331055,
            "isdiffpos": "t",
            "ssdistnr": null,
            "ssnamenr": null,
            "drb": null
        },
        {
            "candid": 1554162813415015002,
            "jd": 2459308.6628125,
            "ra": 104.116844,
            "dec": 48.4265119,
            "fid": 1,
            "nid": 1554,
            "magpsf": 19.637399673461914,
            "sigmapsf": 0.15375100076198578,
            "magnr": 19.44499969482422,
            "sigmagnr": 0.11800000071525574,
            "magzpsci": 26.335399627685547,
            "isdiffpos": "t",
            "ssdistnr": null,
            "ssnamenr": null,
            "drb": null
        },
        {
            "candid": 1554205233415015005,
            "jd": 2459308.7052315,
            "ra": 104.1168161,
            "dec": 48.4265162,
            "fid": 2,
            "nid": 1554,
            "magpsf": 19.81279945373535,
            "sigmapsf": 0.1406860053539276,
            "magnr": 19.115999221801758,
            "sigmagnr": 0.11100000143051147,
            "magzpsci": 26.352800369262695,
            "isdiffpos": "t",
            "ssdistnr": null,
            "ssnamenr": null,
            "drb": null
        },
        {
            "candid": 1556181503415015003,
            "jd": 2459310.6815046,
            "ra": 104.1168175,
            "dec": 48.4264259,
            "fid": 2,
            "nid": 1556,
            "magpsf": 19.744600296020508,
            "sigmapsf": 0.13831199705600739,
            "magnr": 19.115999221801758,
            "sigmagnr": 0.11100000143051147,
            "magzpsci": 26.343599319458008,
            "isdiffpos": "t",
            "ssdistnr": null,
            "ssnamenr": null,
            "drb": null
        },
        {
            "candid": 1558214063415015002,
            "jd": 2459312.7140625,
            "ra": 104.1168432,
            "dec": 48.4265186,
            "fid": 1,
            "nid": 1558,
            "magpsf": 19.83799934387207,
            "sigmapsf": 0.21969400346279144,
            "magnr": 19.44499969482422,
            "sigmagnr": 0.11800000071525574,
            "magzpsci": 26.302000045776367,
            "isdiffpos": "t",
            "ssdistnr": null,
            "ssnamenr": null,
            "drb": null
        },
        {
            "candid": 1560166873415015008,
            "jd": 2459314.666875,
            "ra": 104.1167641,
            "dec": 48.4265214,
            "fid": 2,
            "nid": 1560,
            "magpsf": 20.159950256347656,
            "sigmapsf": 0.19114699959754944,
            "magnr": 19.115999221801758,
            "sigmagnr": 0.11100000143051147,
            "magzpsci": 26.352949142456055,
            "isdiffpos": "t",
            "ssdistnr": -999.0,
            "ssnamenr": "null",
            "drb": null
        },
        {
            "jd": 2459262.6978009,
            "fid": 2,
            "diffmaglim": 20.034400939941406
        },
        {
            "jd": 2459262.7813426,
            "fid": 1,
            "diffmaglim": 20.471200942993164
        },
        {
            "jd": 2459264.6776273,
            "fid": 2,
            "diffmaglim": 20.313499450683594
        },
        {
            "jd": 2459264.7699074,
            "fid": 1,
            "diffmaglim": 20.219499588012695
        },
        {
            "jd": 2459266.6582292,
            "fid": 1,
            "diffmaglim": 19.688400268554688
        },
        {
            "jd": 2459266.7259838,
            "fid": 2,
            "diffmaglim": 19.851600646972656
        },
        {
            "jd": 2459268.6764352,
            "fid": 1,
            "diffmaglim": 19.704099655151367
        },
        {
            "jd": 2459268.7557523,
            "fid": 2,
            "diffmaglim": 19.855600357055664
        },
        {
            "jd": 2459270.6589815,
            "fid": 2,
            "diffmaglim": 19.648099899291992
        },
        {
            "jd": 2459270.7206481,
            "fid": 1,
            "diffmaglim": 19.271799087524414
        },
        {
            "jd": 2459272.6832639,
            "fid": 1,
            "diffmaglim": 19.381000518798828
        },
        {
            "jd": 2459272.7200579,
            "fid": 2,
            "diffmaglim": 19.28019905090332
        },
        {
            "jd": 2459274.6576505,
            "fid": 1,
            "diffmaglim": 19.673799514770508
        },
        {
            "jd": 2459274.8721296,
            "fid": 2,
            "diffmaglim": 18.967100143432617
        },
        {
            "jd": 2459276.664537,
            "fid": 2,
            "diffmaglim": 20.4773006439209
        },
        {
            "jd": 2459276.7062037,
            "fid": 1,
            "diffmaglim": 20.641799926757812
        },
        {
            "jd": 2459280.6443056,
            "fid": 2,
            "diffmaglim": 20.45680046081543
        },
        {
            "jd": 2459280.6974306,
            "fid": 1,
            "diffmaglim": 20.84709930419922
        },
        {
            "jd": 2459298.681088,
            "fid": 2,
            "diffmaglim": 16.535400390625
        },
        {
            "jd": 2459301.7221181,
            "fid": 1,
            "diffmaglim": 19.136499404907227
        },
        {
            "jd": 2459303.660625,
            "fid": 2,
            "diffmaglim": 20.09480094909668
        },
        {
            "jd": 2459310.7261111,
            "fid": 1,
            "diffmaglim": 20.19379997253418
        },
        {
            "jd": 2459312.6749074,
            "fid": 2,
            "diffmaglim": 20.2450008392334
        }
    ],
    "forcedphot": []
}