{
    "objectId": "ZTF23abhtkba",
    "candidates": [
        {
            "candid": 2466287151915015012,
            "jd": 2460220.7871528,
            "ra": 347.6293886,
            "dec": 2.9542608,
            "fid": 1,
            "nid": 2466,
            "magpsf": 19.041400909423828,
            "sigmapsf": 0.1828950047492981,
            "magnr": 19.95400047302246,
            "sigmagnr": 0.10700000077486038,
            "magzpsci": 26.263399124145508,
            "isdiffpos": "t",
            "ssdistnr": null,
            "ssnamenr": null,
            "drb": 0.9999997615814209
        },
        {
            "candid": 2466311621915015014,
            "jd": 2460220.8116204,
            "ra": 347.6293778,
            "dec": 2.9542876,
            "fid": 2,
            "nid": 2466,
            "magpsf": 19.186500549316406,
            "sigmapsf": 0.11852899938821793,
            "magnr": 18.986000061035156,
            "sigmagnr": 0.12399999797344208,
            "magzpsci": 26.25149917602539,
            "isdiffpos": "t",
            "ssdistnr": null,
            "ssnamenr": null,
            "drb": null
        },
        {
            "candid": 2467191863015015017,
            "jd": 2460221.6918634,
            "ra": 347.6294188,
            "dec": 2.9542829,
            "fid": 1,
            "nid": 2467,
            "magpsf": 18.454299926757812,
            "sigmapsf": 0.0734269991517067,
            "magnr": 19.67099952697754,
            "sigmagnr": 0.13500000536441803,
            "magzpsci": 26.255300521850586,
            "isdiffpos": "t",
            "ssdistnr": null,
            "ssnamenr": null,
            "drb": null
        },
        {
            "candid": 2467280233015015024,
            "jd": 2460221.7802315,
            "ra": 347.629405,
            "dec": 2.9542507,
            "fid": 2,
            "nid": 2467,
            "magpsf": 18.594200134277344,
            "sigmapsf": 0.0887880027294159,
            "magnr": 18.981000900268555,
            "sigmagnr": 0.14900000393390656,
            "magzpsci": 26.259199142456055,
            "isdiffpos": "t",
            "ssdistnr": null,
            "ssnamenr": null,
            "drb": null
        },
        {
            "candid": 2468210671915015009,
            "jd": 2460222.7106713,
            "ra": 347.6293869,
            "dec": 2.9542693,
            "fid": 1,
            "nid": 2468,
            "magpsf": 18.03529930114746,
            "sigmapsf": 0.06398899853229523,
            "magnr": 19.95400047302246,
            "sigmagnr": 0.10700000077486038,
            "magzpsci": 26.27829933166504,
            "isdiffpos": "t",
            "ssdistnr": null,
            "ssnamenr": null,
            "drb": null
        },
        {
            "candid": 2468260051915015013,
            "jd": 2460222.7600579,
            "ra": 347.6293926,
            "dec": 2.9542387,
            "fid": 2,
            "nid": 2468,
            "magpsf": 18.236499786376953,
            "sigmapsf": 0.05802299827337265,
            "magnr": 18.986000061035156,
            "sigmagnr": 0.12399999797344208,
            "magzpsci": 26.282499313354492,
            "isdiffpos": "t",
            "ssdistnr": null,
            "ssnamenr": null,
            "drb": null
        },
        {
            "candid": 2469203863015015017,
            "jd": 2460223.7038657,
            "ra": 347.6294101,
            "dec": 2.9542597,
            "fid": 2,
            "nid": 2469,
            "magpsf": 18.007699966430664,
            "sigmapsf": 0.05013100057840347,
            "magnr": 18.981000900268555,
            "sigmagnr": 0.14900000393390656,
            "magzpsci": 26.250699996948242,
            "isdiffpos": "t",
            "ssdistnr": null,
            "ssnamenr": null,
            "drb": null
        },
        {
            "candid": 2469294683015015017,
            "jd": 2460223.7946875,
            "ra": 347.6294425,
            "dec": 2.954272,
            "fid": 1,
            "nid": 2469,
            "magpsf": 17.8302001953125,
            "sigmapsf": 0.05635799840092659,
            "magnr": 19.67099952697754,
            "sigmagnr": 0.13500000536441803,
            "magzpsci": 26.27519989013672,
            "isdiffpos": "t",
            "ssdistnr": null,
            "ssnamenr": null,
            "drb": null
        },
        {
            "candid": 2470231881915015024,
            "jd": 2460224.7318866,
            "ra": 347.6294108,
            "dec": 2.9542654,
            "fid": 2,
            "nid": 2470,
            "magpsf": 17.837400436401367,
            "sigmapsf": 0.05022900179028511,
            "magnr": 18.986000061035156,
            "sigmagnr": 0.12399999797344208,
            "magzpsci": 26.26140022277832,
            "isdiffpos": "t",
            "ssdistnr": null,
            "ssnamenr": null,
            "drb": null
        },
        {
            "candid": 2470253751915015022,
            "jd": 2460224.75375,
            "ra": 347.6293973,
            "dec": 2.9542895,
            "fid": 1,
            "nid": 2470,
            "magpsf": 17.694000244140625,
            "sigmapsf": 0.05158799886703491,
            "magnr": 19.95400047302246,
            "sigmagnr": 0.10700000077486038,
            "magzpsci": 26.27400016784668,
            "isdiffpos": "t",
            "ssdistnr": null,
            "ssnamenr": null,
            "drb": null
        },
        {
            "candid": 2472341123015015020,
            "jd": 2460226.8411227,
            "ra": 347.6294282,
            "dec": 2.9542899,
            "fid": 1,
            "nid": 2472,
            "magpsf": 17.654800415039062,
            "sigmapsf": 0.04659700021147728,
            "magnr": 19.67099952697754,
            "sigmagnr": 0.13500000536441803,
            "magzpsci": 26.240800857543945,
            "isdiffpos": "t",
            "ssdistnr": null,
            "ssnamenr": null,
            "drb": null
        },
        {
            "candid": 2473229381915015019,
            "jd": 2460227.7293866,
            "ra": 347.6294015,
            "dec": 2.9542674,
            "fid": 1,
            "nid": 2473,
            "magpsf": 17.71780014038086,
            "sigmapsf": 0.04914199933409691,
            "magnr": 19.95400047302246,
            "sigmagnr": 0.10700000077486038,
            "magzpsci": 26.095800399780273,
            "isdiffpos": "t",
            "ssdistnr": null,
            "ssnamenr": null,
            "drb": null
        },
        {
            "candid": 2473253751915015016,
            "jd": 2460227.75375,
            "ra": 347.6294161,
            "dec": 2.9542583,
            "fid": 2,
            "nid": 2473,
            "magpsf": 17.733699798583984,
            "sigmapsf": 0.04945800080895424,
            "magnr": 18.986000061035156,
            "sigmagnr": 0.12399999797344208,
            "magzpsci": 26.2677001953125,
            "isdiffpos": "t",
            "ssdistnr": null,
            "ssnamenr": null,
            "drb": null
        },
        {
            "candid": 2474183793015015016,
            "jd": 2460228.6837963,
            "ra": 347.6294097,
            "dec": 2.9542631,
            "fid": 2,
            "nid": 2474,
            "magpsf": 17.788400650024414,
            "sigmapsf": 0.05178000032901764,
            "magnr": 18.981000900268555,
            "sigmagnr": 0.14900000393390656,
            "magzpsci": 26.266399383544922,
            "isdiffpos": "t",
            "ssdistnr": null,
            "ssnamenr": null,
            "drb": null
        },
        {
            "candid": 2474232633015015024,
            "jd": 2460228.7326389,
            "ra": 347.6294384,
            "dec": 2.9542745,
            "fid": 1,
            "nid": 2474,
            "magpsf": 17.837299346923828,
            "sigmapsf": 0.051642000675201416,
            "magnr": 19.67099952697754,
            "sigmagnr": 0.13500000536441803,
            "magzpsci": 26.32830047607422,
            "isdiffpos": "t",
            "ssdistnr": null,
            "ssnamenr": null,
            "drb": null
        },
        {
            "candid": 2476258491915015069,
            "jd": 2460230.7584954,
            "ra": 347.6293786,
            "dec": 2.9543548,
            "fid": 1,
            "nid": 2476,
            "magpsf": 18.140199661254883,
            "sigmapsf": 0.1894879937171936,
            "magnr": 19.95400047302246,
            "sigmagnr": 0.10700000077486038,
            "magzpsci": 24.50119972229004,
            "isdiffpos": "t",
            "ssdistnr": null,
            "ssnamenr": null,
            "drb": null
        },
        {
            "candid": 2476290161915015014,
            "jd": 2460230.790162,
            "ra": 347.629458,
            "dec": 2.9542548,
            "fid": 2,
            "nid": 2476,
            "magpsf": 18.076900482177734,
            "sigmapsf": 0.05248500034213066,
            "magnr": 18.986000061035156,
            "sigmagnr": 0.12399999797344208,
            "magzpsci": 26.254899978637695,
            "isdiffpos": "t",
            "ssdistnr": null,
            "ssnamenr": null,
            "drb": null
        },
        {
            "candid": 2476290623015015028,
            "jd": 2460230.790625,
            "ra": 347.629431,
            "dec": 2.9542682,
            "fid": 2,
            "nid": 2476,
            "magpsf": 18.02549934387207,
            "sigmapsf": 0.06651200354099274,
            "magnr": 18.981000900268555,
            "sigmagnr": 0.14900000393390656,
            "magzpsci": 26.24650001525879,
            "isdiffpos": "t",
            "ssdistnr": null,
            "ssnamenr": null,
            "drb": null
        },
        {
            "candid": 2478181553015015019,
            "jd": 2460232.6815509,
            "ra": 347.6294198,
            "dec": 2.954232,
            "fid": 2,
            "nid": 2478,
            "magpsf": 18.24650001525879,
            "sigmapsf": 0.0858749970793724,
            "magnr": 18.981000900268555,
            "sigmagnr": 0.14900000393390656,
            "magzpsci": 26.25749969482422,
            "isdiffpos": "t",
            "ssdistnr": null,
            "ssnamenr": null,
            "drb": null
        },
        {
            "candid": 2478182021915015017,
            "jd": 2460232.6820255,
            "ra": 347.6294124,
            "dec": 2.9542658,
            "fid": 2,
            "nid": 2478,
            "magpsf": 18.31999969482422,
            "sigmapsf": 0.0801210030913353,
            "magnr": 18.986000061035156,
            "sigmagnr": 0.12399999797344208,
            "magzpsci": 26.270999908447266,
            "isdiffpos": "t",
            "ssdistnr": null,
            "ssnamenr": null,
            "drb": null
        },
        {
            "candid": 2478226591915015019,
            "jd": 2460232.7265972,
            "ra": 347.6294057,
            "dec": 2.9542825,
            "fid": 1,
            "nid": 2478,
            "magpsf": 18.24650001525879,
            "sigmapsf": 0.059530001133680344,
            "magnr": 19.95400047302246,
            "sigmagnr": 0.10700000077486038,
            "magzpsci": 26.287500381469727,
            "isdiffpos": "t",
            "ssdistnr": null,
            "ssnamenr": null,
            "drb": null
        },
        {
            "candid": 2478249233015015022,
            "jd": 2460232.7492361,
            "ra": 347.6294144,
            "dec": 2.9542758,
            "fid": 1,
            "nid": 2478,
            "magpsf": 18.28350067138672,
            "sigmapsf": 0.05804299935698509,
            "magnr": 19.67099952697754,
            "sigmagnr": 0.13500000536441803,
            "magzpsci": 26.296499252319336,
            "isdiffpos": "t",
            "ssdistnr": null,
            "ssnamenr": null,
            "drb": null
        },
        {
            "candid": 2480190671915015014,
            "jd": 2460234.6906713,
            "ra": 347.6294032,
            "dec": 2.9542851,
            "fid": 1,
            "nid": 2480,
            "magpsf": 18.443300247192383,
            "sigmapsf": 0.07055400311946869,
            "magnr": 19.95400047302246,
            "sigmagnr": 0.10700000077486038,
            "magzpsci": 26.268299102783203,
            "isdiffpos": "t",
            "ssdistnr": null,
            "ssnamenr": null,
            "drb": null
        },
        {
            "candid": 2480207603015015024,
            "jd": 2460234.7076042,
            "ra": 347.6294168,
            "dec": 2.9542947,
            "fid": 1,
            "nid": 2480,
            "magpsf": 18.468900680541992,
            "sigmapsf": 0.07556100189685822,
            "magnr": 19.67099952697754,
            "sigmagnr": 0.13500000536441803,
            "magzpsci": 26.296899795532227,
            "isdiffpos": "t",
            "ssdistnr": null,
            "ssnamenr": null,
            "drb": null
        },
        {
            "candid": 2480310901915015011,
            "jd": 2460234.8109028,
            "ra": 347.62941,
            "dec": 2.9542893,
            "fid": 2,
            "nid": 2480,
            "magpsf": 18.558000564575195,
            "sigmapsf": 0.07123199850320816,
            "magnr": 18.986000061035156,
            "sigmagnr": 0.12399999797344208,
            "magzpsci": 26.242000579833984,
            "isdiffpos": "t",
            "ssdistnr": null,
            "ssnamenr": null,
            "drb": null
        },
        {
            "candid": 2482187301915015028,
            "jd": 2460236.6873032,
            "ra": 347.629396,
            "dec": 2.9542566,
            "fid": 2,
            "nid": 2482,
            "magpsf": 18.838199615478516,
            "sigmapsf": 0.06869299709796906,
            "magnr": 18.986000061035156,
            "sigmagnr": 0.12399999797344208,
            "magzpsci": 26.261199951171875,
            "isdiffpos": "t",
            "ssdistnr": null,
            "ssnamenr": null,
            "drb": null
        },
        {
            "candid": 2482208553015015031,
            "jd": 2460236.7085532,
            "ra": 347.6294282,
            "dec": 2.9542611,
            "fid": 1,
            "nid": 2482,
            "magpsf": 18.670900344848633,
            "sigmapsf": 0.07270500063896179,
            "magnr": 19.67099952697754,
            "sigmagnr": 0.13500000536441803,
            "magzpsci": 26.26689910888672,
            "isdiffpos": "t",
            "ssdistnr": null,
            "ssnamenr": null,
            "drb": null
        },
        {
            "candid": 2482257671915015020,
            "jd": 2460236.7576736,
            "ra": 347.6294096,
            "dec": 2.9542841,
            "fid": 1,
            "nid": 2482,
            "magpsf": 18.644800186157227,
            "sigmapsf": 0.07972700148820877,
            "magnr": 19.95400047302246,
            "sigmagnr": 0.10700000077486038,
            "magzpsci": 26.269800186157227,
            "isdiffpos": "t",
            "ssdistnr": null,
            "ssnamenr": null,
            "drb": null
        },
        {
            "candid": 2484168661915015013,
            "jd": 2460238.668669,
            "ra": 347.6294517,
            "dec": 2.9542632,
            "fid": 2,
            "nid": 2484,
            "magpsf": 19.12700080871582,
            "sigmapsf": 0.10300499945878983,
            "magnr": 18.986000061035156,
            "sigmagnr": 0.12399999797344208,
            "magzpsci": 26.24799919128418,
            "isdiffpos": "t",
            "ssdistnr": null,
            "ssnamenr": null,
            "drb": null
        },
        {
            "candid": 2484253113015015017,
            "jd": 2460238.7531134,
            "ra": 347.6294176,
            "dec": 2.9542764,
            "fid": 1,
            "nid": 2484,
            "magpsf": 18.867799758911133,
            "sigmapsf": 0.07648000121116638,
            "magnr": 19.67099952697754,
            "sigmagnr": 0.13500000536441803,
            "magzpsci": 26.2898006439209,
            "isdiffpos": "t",
            "ssdistnr": null,
            "ssnamenr": null,
            "drb": null
        },
        {
            "candid": 2484254061915015015,
            "jd": 2460238.7540625,
            "ra": 347.6293978,
            "dec": 2.9542817,
            "fid": 1,
            "nid": 2484,
            "magpsf": 18.83530044555664,
            "sigmapsf": 0.0758109986782074,
            "magnr": 19.95400047302246,
            "sigmagnr": 0.10700000077486038,
            "magzpsci": 26.292299270629883,
            "isdiffpos": "t",
            "ssdistnr": null,
            "ssnamenr": null,
            "drb": null
        },
        {
            "candid": 2490210171915015017,
            "jd": 2460244.7101736,
            "ra": 347.6295551,
            "dec": 2.9541481,
            "fid": 2,
            "nid": 2490,
            "magpsf": 19.38690185546875,
            "sigmapsf": 0.1909351944923401,
            "magnr": 18.986000061035156,
            "sigmagnr": 0.12399999797344208,
            "magzpsci": 26.25690269470215,
            "isdiffpos": "t",
            "ssdistnr": -999.0,
            "ssnamenr": "null",
            "drb": null
        },
        {
            "jd": 2460191.882963,
            "fid": 1,
            "diffmaglim": 20.043800354003906
        },
        {
            "jd": 2460191.883912,
            "fid": 1,
            "diffmaglim": 19.850099563598633
        },
        {
            "jd": 2460194.8122338,
            "fid": 1,
            "diffmaglim": 20.583599090576172
        },
        {
            "jd": 2460194.8166204,
            "fid": 2,
            "diffmaglim": 20.233400344848633
        },
        {
            "jd": 2460194.864838,
            "fid": 2,
            "diffmaglim": 20.239299774169922
        },
        {
            "jd": 2460194.8671296,
            "fid": 1,
            "diffmaglim": 20.44879913330078
        },
        {
            "jd": 2460196.773588,
            "fid": 1,
            "diffmaglim": 20.55430030822754
        },
        {
            "jd": 2460196.8379282,
            "fid": 2,
            "diffmaglim": 20.631500244140625
        },
        {
            "jd": 2460196.8659491,
            "fid": 2,
            "diffmaglim": 20.41029930114746
        },
        {
            "jd": 2460196.9084722,
            "fid": 1,
            "diffmaglim": 20.469900131225586
        },
        {
            "jd": 2460200.884919,
            "fid": 1,
            "diffmaglim": 20.705900192260742
        },
        {
            "jd": 2460200.9098148,
            "fid": 2,
            "diffmaglim": 20.53059959411621
        },
        {
            "jd": 2460200.9102894,
            "fid": 2,
            "diffmaglim": 20.58300018310547
        },
        {
            "jd": 2460200.9778241,
            "fid": 1,
            "diffmaglim": 20.259700775146484
        },
        {
            "jd": 2460202.7173958,
            "fid": 1,
            "diffmaglim": 20.543699264526367
        },
        {
            "jd": 2460202.7178704,
            "fid": 1,
            "diffmaglim": 20.4507999420166
        },
        {
            "jd": 2460202.7565856,
            "fid": 2,
            "diffmaglim": 20.45439910888672
        },
        {
            "jd": 2460202.7713542,
            "fid": 2,
            "diffmaglim": 20.58639907836914
        },
        {
            "jd": 2460204.840162,
            "fid": 1,
            "diffmaglim": 20.940799713134766
        },
        {
            "jd": 2460204.8406366,
            "fid": 1,
            "diffmaglim": 20.744600296020508
        },
        {
            "jd": 2460204.8942593,
            "fid": 2,
            "diffmaglim": 20.58799934387207
        },
        {
            "jd": 2460204.8947338,
            "fid": 2,
            "diffmaglim": 20.511499404907227
        },
        {
            "jd": 2460206.7123843,
            "fid": 2,
            "diffmaglim": 20.551300048828125
        },
        {
            "jd": 2460206.7295023,
            "fid": 2,
            "diffmaglim": 20.430500030517578
        },
        {
            "jd": 2460206.812338,
            "fid": 1,
            "diffmaglim": 20.654300689697266
        },
        {
            "jd": 2460206.8430903,
            "fid": 1,
            "diffmaglim": 20.736600875854492
        },
        {
            "jd": 2460209.7735532,
            "fid": 2,
            "diffmaglim": 20.080400466918945
        },
        {
            "jd": 2460209.7754398,
            "fid": 2,
            "diffmaglim": 20.194599151611328
        },
        {
            "jd": 2460209.8163889,
            "fid": 1,
            "diffmaglim": 20.229799270629883
        },
        {
            "jd": 2460209.8168634,
            "fid": 1,
            "diffmaglim": 20.194700241088867
        },
        {
            "jd": 2460212.7305093,
            "fid": 1,
            "diffmaglim": 19.877599716186523
        },
        {
            "jd": 2460212.857419,
            "fid": 2,
            "diffmaglim": 20.155899047851562
        },
        {
            "jd": 2460212.8943287,
            "fid": 2,
            "diffmaglim": 20.430500030517578
        },
        {
            "jd": 2460212.9015741,
            "fid": 1,
            "diffmaglim": 20.562400817871094
        },
        {
            "jd": 2460214.6660417,
            "fid": 1,
            "diffmaglim": 19.17840003967285
        },
        {
            "jd": 2460214.7542361,
            "fid": 2,
            "diffmaglim": 19.575899124145508
        },
        {
            "jd": 2460214.7547106,
            "fid": 2,
            "diffmaglim": 19.513599395751953
        },
        {
            "jd": 2460214.8591088,
            "fid": 1,
            "diffmaglim": 19.226999282836914
        },
        {
            "jd": 2460216.6723032,
            "fid": 2,
            "diffmaglim": 19.162799835205078
        },
        {
            "jd": 2460216.7769444,
            "fid": 1,
            "diffmaglim": 19.099599838256836
        },
        {
            "jd": 2460217.6412037,
            "fid": 1,
            "diffmaglim": 18.977500915527344
        },
        {
            "jd": 2460217.8437731,
            "fid": 2,
            "diffmaglim": 18.68589973449707
        },
        {
            "jd": 2460230.8491088,
            "fid": 1,
            "diffmaglim": 19.07939910888672
        },
        {
            "jd": 2460234.7336806,
            "fid": 2,
            "diffmaglim": 20.44420051574707
        },
        {
            "jd": 2460236.6868403,
            "fid": 2,
            "diffmaglim": 20.377899169921875
        },
        {
            "jd": 2460238.6715278,
            "fid": 2,
            "diffmaglim": 20.439699172973633
        },
        {
            "jd": 2460244.6551273,
            "fid": 1,
            "diffmaglim": 19.23889923095703
        }
    ],
    "forcedphot": [
        {
            "objectid": "ZTF23abhtkba",
            "jd": 2460209.8168634,
            "ranr": -99999.0,
            "decnr": -99999.0,
            "fid": 1,
            "forcediffimflux": -99999.0,
            "forcediffimfluxunc": -99999.0,
            "magzpsci": 26.18470001220703
        },
        {
            "objectid": "ZTF23abhtkba",
            "jd": 2460212.8943287,
            "ranr": 347.629216,
            "decnr": 2.9540913,
            "fid": 2,
            "forcediffimflux": -70.74894714355469,
            "forcediffimfluxunc": 33.07215118408203,
            "magzpsci": 26.243799209594727
        },
        {
            "objectid": "ZTF23abhtkba",
            "jd": 2460212.9015741,
            "ranr": 347.6294554,
            "decnr": 2.9537246,
            "fid": 1,
            "forcediffimflux": 58.68800354003906,
            "forcediffimfluxunc": 26.470523834228516,
            "magzpsci": 26.24250030517578
        },
        {
            "objectid": "ZTF23abhtkba",
            "jd": 2460214.7547106,
            "ranr": -99999.0,
            "decnr": -99999.0,
            "fid": 2,
            "forcediffimflux": -99999.0,
            "forcediffimfluxunc": -99999.0,
            "magzpsci": 26.293500900268555
        },
        {
            "objectid": "ZTF23abhtkba",
            "jd": 2460214.8591088,
            "ranr": -99999.0,
            "decnr": -99999.0,
            "fid": 1,
            "forcediffimflux": -99999.0,
            "forcediffimfluxunc": -99999.0,
            "magzpsci": 26.30500030517578
        },
        {
            "objectid": "ZTF23abhtkba",
            "jd": 2460216.6723032,
            "ranr": 347.6293124,
            "decnr": 2.9543112,
            "fid": 2,
            "forcediffimflux": -61.35178756713867,
            "forcediffimfluxunc": 97.55779266357422,
            "magzpsci": 26.29789924621582
        },
        {
            "objectid": "ZTF23abhtkba",
            "jd": 2460216.7769444,
            "ranr": 347.628712,
            "decnr": 2.9542715,
            "fid": 1,
            "forcediffimflux": -113.05143737792969,
            "forcediffimfluxunc": 108.53544616699219,
            "magzpsci": 26.329700469970703
        },
        {
            "objectid": "ZTF23abhtkba",
            "jd": 2460217.6412037,
            "ranr": -99999.0,
            "decnr": -99999.0,
            "fid": 1,
            "forcediffimflux": -99999.0,
            "forcediffimfluxunc": -99999.0,
            "magzpsci": 26.29439926147461
        },
        {
            "objectid": "ZTF23abhtkba",
            "jd": 2460217.8437731,
            "ranr": -99999.0,
            "decnr": -99999.0,
            "fid": 2,
            "forcediffimflux": -99999.0,
            "forcediffimfluxunc": -99999.0,
            "magzpsci": 26.278900146484375
        },
        {
            "objectid": "ZTF23abhtkba",
            "jd": 2460220.7871528,
            "ranr": 347.628712,
            "decnr": 2.9542715,
            "fid": 1,
            "forcediffimflux": 759.5807495117188,
            "forcediffimfluxunc": 64.5975112915039,
            "magzpsci": 26.263399124145508
        },
        {
            "objectid": "ZTF23abhtkba",
            "jd": 2460220.8116204,
            "ranr": 347.6293124,
            "decnr": 2.9543112,
            "fid": 2,
            "forcediffimflux": 597.4915161132812,
            "forcediffimfluxunc": 47.39517593383789,
            "magzpsci": 26.25149917602539
        },
        {
            "objectid": "ZTF23abhtkba",
            "jd": 2460221.6918634,
            "ranr": -99999.0,
            "decnr": -99999.0,
            "fid": 1,
            "forcediffimflux": -99999.0,
            "forcediffimfluxunc": -99999.0,
            "magzpsci": 26.294599533081055
        },
        {
            "objectid": "ZTF23abhtkba",
            "jd": 2460221.7802315,
            "ranr": -99999.0,
            "decnr": -99999.0,
            "fid": 2,
            "forcediffimflux": -99999.0,
            "forcediffimfluxunc": -99999.0,
            "magzpsci": 26.299299240112305
        },
        {
            "objectid": "ZTF23abhtkba",
            "jd": 2460222.7106713,
            "ranr": 347.628712,
            "decnr": 2.9542715,
            "fid": 1,
            "forcediffimflux": 1800.008544921875,
            "forcediffimfluxunc": 46.60222244262695,
            "magzpsci": 26.27829933166504
        },
        {
            "objectid": "ZTF23abhtkba",
            "jd": 2460222.7600579,
            "ranr": 347.6293124,
            "decnr": 2.9543112,
            "fid": 2,
            "forcediffimflux": 1536.8896484375,
            "forcediffimfluxunc": 45.43553924560547,
            "magzpsci": 26.282499313354492
        },
        {
            "objectid": "ZTF23abhtkba",
            "jd": 2460223.7038657,
            "ranr": 347.629216,
            "decnr": 2.9540913,
            "fid": 2,
            "forcediffimflux": 1832.185302734375,
            "forcediffimfluxunc": 43.20647430419922,
            "magzpsci": 26.250699996948242
        },
        {
            "objectid": "ZTF23abhtkba",
            "jd": 2460223.7946875,
            "ranr": 347.6294554,
            "decnr": 2.9537246,
            "fid": 1,
            "forcediffimflux": 2191.743408203125,
            "forcediffimfluxunc": 46.43503189086914,
            "magzpsci": 26.27519989013672
        },
        {
            "objectid": "ZTF23abhtkba",
            "jd": 2460224.7318866,
            "ranr": 347.6293124,
            "decnr": 2.9543112,
            "fid": 2,
            "forcediffimflux": 2126.347412109375,
            "forcediffimfluxunc": 43.0916633605957,
            "magzpsci": 26.26140022277832
        },
        {
            "objectid": "ZTF23abhtkba",
            "jd": 2460224.75375,
            "ranr": 347.628712,
            "decnr": 2.9542715,
            "fid": 1,
            "forcediffimflux": 2471.52880859375,
            "forcediffimfluxunc": 39.12501907348633,
            "magzpsci": 26.27400016784668
        },
        {
            "objectid": "ZTF23abhtkba",
            "jd": 2460226.8411227,
            "ranr": 347.6294554,
            "decnr": 2.9537246,
            "fid": 1,
            "forcediffimflux": 2606.21923828125,
            "forcediffimfluxunc": 37.178382873535156,
            "magzpsci": 26.240800857543945
        },
        {
            "objectid": "ZTF23abhtkba",
            "jd": 2460227.7293866,
            "ranr": 347.628712,
            "decnr": 2.9542715,
            "fid": 1,
            "forcediffimflux": 2114.87353515625,
            "forcediffimfluxunc": 37.961490631103516,
            "magzpsci": 26.095800399780273
        },
        {
            "objectid": "ZTF23abhtkba",
            "jd": 2460227.75375,
            "ranr": 347.6293124,
            "decnr": 2.9543112,
            "fid": 2,
            "forcediffimflux": 2420.676513671875,
            "forcediffimfluxunc": 43.24601364135742,
            "magzpsci": 26.2677001953125
        },
        {
            "objectid": "ZTF23abhtkba",
            "jd": 2460228.6837963,
            "ranr": -99999.0,
            "decnr": -99999.0,
            "fid": 2,
            "forcediffimflux": -99999.0,
            "forcediffimfluxunc": -99999.0,
            "magzpsci": 26.312599182128906
        },
        {
            "objectid": "ZTF23abhtkba",
            "jd": 2460228.7326389,
            "ranr": -99999.0,
            "decnr": -99999.0,
            "fid": 1,
            "forcediffimflux": -99999.0,
            "forcediffimfluxunc": -99999.0,
            "magzpsci": 26.359899520874023
        },
        {
            "objectid": "ZTF23abhtkba",
            "jd": 2460230.790625,
            "ranr": 347.629216,
            "decnr": 2.9540913,
            "fid": 2,
            "forcediffimflux": 1753.773193359375,
            "forcediffimfluxunc": 45.30960464477539,
            "magzpsci": 26.24650001525879
        },
        {
            "objectid": "ZTF23abhtkba",
            "jd": 2460232.6820255,
            "ranr": 347.6293124,
            "decnr": 2.9543112,
            "fid": 2,
            "forcediffimflux": 1393.779541015625,
            "forcediffimfluxunc": 45.615169525146484,
            "magzpsci": 26.270999908447266
        },
        {
            "objectid": "ZTF23abhtkba",
            "jd": 2460232.7492361,
            "ranr": -99999.0,
            "decnr": -99999.0,
            "fid": 1,
            "forcediffimflux": -99999.0,
            "forcediffimfluxunc": -99999.0,
            "magzpsci": 26.325000762939453
        },
        {
            "objectid": "ZTF23abhtkba",
            "jd": 2460234.7076042,
            "ranr": 347.6294554,
            "decnr": 2.9537246,
            "fid": 1,
            "forcediffimflux": 1301.8262939453125,
            "forcediffimfluxunc": 31.855276107788086,
            "magzpsci": 26.296899795532227
        },
        {
            "objectid": "ZTF23abhtkba",
            "jd": 2460234.8109028,
            "ranr": 347.6293124,
            "decnr": 2.9543112,
            "fid": 2,
            "forcediffimflux": 1068.4093017578125,
            "forcediffimfluxunc": 39.90958023071289,
            "magzpsci": 26.242000579833984
        },
        {
            "objectid": "ZTF23abhtkba",
            "jd": 2460236.6868403,
            "ranr": 347.629216,
            "decnr": 2.9540913,
            "fid": 2,
            "forcediffimflux": 936.6655883789062,
            "forcediffimfluxunc": 36.13288116455078,
            "magzpsci": 26.26099967956543
        },
        {
            "objectid": "ZTF23abhtkba",
            "jd": 2460236.6873032,
            "ranr": 347.6293124,
            "decnr": 2.9543112,
            "fid": 2,
            "forcediffimflux": 848.1528930664062,
            "forcediffimfluxunc": 36.139888763427734,
            "magzpsci": 26.261199951171875
        },
        {
            "objectid": "ZTF23abhtkba",
            "jd": 2460236.7085532,
            "ranr": 347.6294554,
            "decnr": 2.9537246,
            "fid": 1,
            "forcediffimflux": 1125.9805908203125,
            "forcediffimfluxunc": 33.51957321166992,
            "magzpsci": 26.26689910888672
        },
        {
            "objectid": "ZTF23abhtkba",
            "jd": 2460236.7576736,
            "ranr": 347.628712,
            "decnr": 2.9542715,
            "fid": 1,
            "forcediffimflux": 1071.768798828125,
            "forcediffimfluxunc": 34.4622688293457,
            "magzpsci": 26.269800186157227
        },
        {
            "objectid": "ZTF23abhtkba",
            "jd": 2460238.6715278,
            "ranr": -99999.0,
            "decnr": -99999.0,
            "fid": 2,
            "forcediffimflux": -99999.0,
            "forcediffimfluxunc": -99999.0,
            "magzpsci": 26.31439971923828
        },
        {
            "objectid": "ZTF23abhtkba",
            "jd": 2460238.7531134,
            "ranr": -99999.0,
            "decnr": -99999.0,
            "fid": 1,
            "forcediffimflux": -99999.0,
            "forcediffimfluxunc": -99999.0,
            "magzpsci": 26.309099197387695
        },
        {
            "objectid": "ZTF23abhtkba",
            "jd": 2460238.7540625,
            "ranr": 347.628712,
            "decnr": 2.9542715,
            "fid": 1,
            "forcediffimflux": 895.1085815429688,
            "forcediffimfluxunc": 28.93065643310547,
            "magzpsci": 26.292299270629883
        },
        {
            "objectid": "ZTF23abhtkba",
            "jd": 2460244.6551273,
            "ranr": 347.628712,
            "decnr": 2.9542715,
            "fid": 1,
            "forcediffimflux": 411.9419860839844,
            "forcediffimfluxunc": 88.85089111328125,
            "magzpsci": 26.26300048828125
        }
    ]
}