{
    "objectId": "ZTF21aalkltz",
    "candidates": [
        {
            "candid": 1508366140415015006,
            "jd": 2459262.8661458,
            "ra": 204.1794301,
            "dec": 52.5001738,
            "fid": 2,
            "nid": 1508,
            "magpsf": 20.702999114990234,
            "sigmapsf": 0.2769260108470917,
            "magnr": 20.381999969482422,
            "sigmagnr": 0.07599999755620956,
            "magzpsci": 26.304000854492188,
            "isdiffpos": "t",
            "ssdistnr": null,
            "ssnamenr": null,
            "drb": null
        },
        {
            "candid": 1508506970415015003,
            "jd": 2459263.0069792,
            "ra": 204.179405,
            "dec": 52.5001842,
            "fid": 1,
            "nid": 1508,
            "magpsf": 20.244600296020508,
            "sigmapsf": 0.1704310029745102,
            "magnr": 20.676000595092773,
            "sigmagnr": 0.07599999755620956,
            "magzpsci": 26.408599853515625,
            "isdiffpos": "t",
            "ssdistnr": null,
            "ssnamenr": null,
            "drb": null
        },
        {
            "candid": 1510402320415015010,
            "jd": 2459264.9023264,
            "ra": 204.1794573,
            "dec": 52.5001888,
            "fid": 1,
            "nid": 1510,
            "magpsf": 19.142200469970703,
            "sigmapsf": 0.09281300008296967,
            "magnr": 20.676000595092773,
            "sigmagnr": 0.07599999755620956,
            "magzpsci": 26.443199157714844,
            "isdiffpos": "t",
            "ssdistnr": null,
            "ssnamenr": null,
            "drb": null
        },
        {
            "candid": 1510519420415015006,
            "jd": 2459265.0194213,
            "ra": 204.1794984,
            "dec": 52.5001597,
            "fid": 2,
            "nid": 1510,
            "magpsf": 19.458099365234375,
            "sigmapsf": 0.09455200284719467,
            "magnr": 20.381999969482422,
            "sigmagnr": 0.07599999755620956,
            "magzpsci": 26.34309959411621,
            "isdiffpos": "t",
            "ssdistnr": null,
            "ssnamenr": null,
            "drb": null
        },
        {
            "candid": 1512367560415015003,
            "jd": 2459266.8675694,
            "ra": 204.1795064,
            "dec": 52.5001812,
            "fid": 2,
            "nid": 1512,
            "magpsf": 19.071399688720703,
            "sigmapsf": 0.13729499280452728,
            "magnr": 20.381999969482422,
            "sigmagnr": 0.07599999755620956,
            "magzpsci": 26.30139923095703,
            "isdiffpos": "t",
            "ssdistnr": null,
            "ssnamenr": null,
            "drb": null
        },
        {
            "candid": 1512494340415015001,
            "jd": 2459266.9943403,
            "ra": 204.1794871,
            "dec": 52.5001363,
            "fid": 1,
            "nid": 1512,
            "magpsf": 18.88010025024414,
            "sigmapsf": 0.10889799892902374,
            "magnr": 20.676000595092773,
            "sigmagnr": 0.07599999755620956,
            "magzpsci": 26.3971004486084,
            "isdiffpos": "t",
            "ssdistnr": null,
            "ssnamenr": null,
            "drb": null
        },
        {
            "candid": 1514367160415015010,
            "jd": 2459268.8671644,
            "ra": 204.17951,
            "dec": 52.5001861,
            "fid": 2,
            "nid": 1514,
            "magpsf": 18.94499969482422,
            "sigmapsf": 0.08862599730491638,
            "magnr": 20.381999969482422,
            "sigmagnr": 0.07599999755620956,
            "magzpsci": 26.336000442504883,
            "isdiffpos": "t",
            "ssdistnr": null,
            "ssnamenr": null,
            "drb": null
        },
        {
            "candid": 1514498110415015002,
            "jd": 2459268.9981134,
            "ra": 204.1795021,
            "dec": 52.5001855,
            "fid": 1,
            "nid": 1514,
            "magpsf": 18.80150032043457,
            "sigmapsf": 0.06971599906682968,
            "magnr": 20.676000595092773,
            "sigmagnr": 0.07599999755620956,
            "magzpsci": 26.453500747680664,
            "isdiffpos": "t",
            "ssdistnr": null,
            "ssnamenr": null,
            "drb": null
        },
        {
            "candid": 1516364640415015005,
            "jd": 2459270.8646412,
            "ra": 204.179367,
            "dec": 52.5001864,
            "fid": 2,
            "nid": 1516,
            "magpsf": 19.146400451660156,
            "sigmapsf": 0.16241799294948578,
            "magnr": 20.381999969482422,
            "sigmagnr": 0.07599999755620956,
            "magzpsci": 26.29640007019043,
            "isdiffpos": "t",
            "ssdistnr": null,
            "ssnamenr": null,
            "drb": null
        },
        {
            "candid": 1516406210415015022,
            "jd": 2459270.9062153,
            "ra": 204.1795406,
            "dec": 52.5000937,
            "fid": 1,
            "nid": 1516,
            "magpsf": 18.939899444580078,
            "sigmapsf": 0.14162899553775787,
            "magnr": 20.676000595092773,
            "sigmagnr": 0.07599999755620956,
            "magzpsci": 26.394899368286133,
            "isdiffpos": "t",
            "ssdistnr": null,
            "ssnamenr": null,
            "drb": null
        },
        {
            "candid": 1518385470415015001,
            "jd": 2459272.8854745,
            "ra": 204.1794929,
            "dec": 52.5001263,
            "fid": 1,
            "nid": 1518,
            "magpsf": 19.052400588989258,
            "sigmapsf": 0.1693120002746582,
            "magnr": 20.676000595092773,
            "sigmagnr": 0.07599999755620956,
            "magzpsci": 26.388399124145508,
            "isdiffpos": "t",
            "ssdistnr": null,
            "ssnamenr": null,
            "drb": null
        },
        {
            "candid": 1518445850415015005,
            "jd": 2459272.9458565,
            "ra": 204.1794302,
            "dec": 52.5000887,
            "fid": 2,
            "nid": 1518,
            "magpsf": 19.20009994506836,
            "sigmapsf": 0.16016699373722076,
            "magnr": 20.381999969482422,
            "sigmagnr": 0.07599999755620956,
            "magzpsci": 26.304100036621094,
            "isdiffpos": "t",
            "ssdistnr": null,
            "ssnamenr": null,
            "drb": null
        },
        {
            "candid": 1520405430415015019,
            "jd": 2459274.9054398,
            "ra": 204.1795853,
            "dec": 52.500036,
            "fid": 2,
            "nid": 1520,
            "magpsf": 19.61090087890625,
            "sigmapsf": 0.26703301072120667,
            "magnr": 20.381999969482422,
            "sigmagnr": 0.07599999755620956,
            "magzpsci": 26.307899475097656,
            "isdiffpos": "t",
            "ssdistnr": null,
            "ssnamenr": null,
            "drb": null
        },
        {
            "candid": 1526386150415015004,
            "jd": 2459280.8861574,
            "ra": 204.1793656,
            "dec": 52.5002843,
            "fid": 1,
            "nid": 1526,
            "magpsf": 20.023500442504883,
            "sigmapsf": 0.1860249936580658,
            "magnr": 20.676000595092773,
            "sigmagnr": 0.07599999755620956,
            "magzpsci": 26.3125,
            "isdiffpos": "t",
            "ssdistnr": null,
            "ssnamenr": null,
            "drb": null
        },
        {
            "candid": 1526436770415015004,
            "jd": 2459280.9367708,
            "ra": 204.1794146,
            "dec": 52.5001308,
            "fid": 2,
            "nid": 1526,
            "magpsf": 20.096120834350586,
            "sigmapsf": 0.20083799958229065,
            "magnr": 20.381999969482422,
            "sigmagnr": 0.07599999755620956,
            "magzpsci": 26.2291202545166,
            "isdiffpos": "t",
            "ssdistnr": -999.0,
            "ssnamenr": "null",
            "drb": null
        },
        {
            "jd": 2459233.99569,
            "fid": 2,
            "diffmaglim": 20.551000595092773
        },
        {
            "jd": 2459249.90818,
            "fid": 2,
            "diffmaglim": 19.597000122070312
        },
        {
            "jd": 2459249.95399,
            "fid": 1,
            "diffmaglim": 20.152999877929688
        },
        {
            "jd": 2459251.9369097,
            "fid": 1,
            "diffmaglim": 20.685199737548828
        },
        {
            "jd": 2459251.93691,
            "fid": 1,
            "diffmaglim": 20.684999465942383
        },
        {
            "jd": 2459251.9684491,
            "fid": 2,
            "diffmaglim": 20.622699737548828
        },
        {
            "jd": 2459251.96845,
            "fid": 2,
            "diffmaglim": 20.62299919128418
        },
        {
            "jd": 2459253.88797,
            "fid": 1,
            "diffmaglim": 20.79199981689453
        },
        {
            "jd": 2459253.8879745,
            "fid": 1,
            "diffmaglim": 20.79159927368164
        },
        {
            "jd": 2459253.99179,
            "fid": 2,
            "diffmaglim": 20.652999877929688
        },
        {
            "jd": 2459253.991794,
            "fid": 2,
            "diffmaglim": 20.653400421142578
        },
        {
            "jd": 2459255.886169,
            "fid": 1,
            "diffmaglim": 20.725099563598633
        },
        {
            "jd": 2459255.9110532,
            "fid": 2,
            "diffmaglim": 20.709400177001953
        },
        {
            "jd": 2459257.8865741,
            "fid": 1,
            "diffmaglim": 20.35890007019043
        },
        {
            "jd": 2459274.719213,
            "fid": 1,
            "diffmaglim": 18.50629997253418
        },
        {
            "jd": 2459276.8889699,
            "fid": 2,
            "diffmaglim": 20.055999755859375
        }
    ],
    "forcedphot": []
}