{
    "objectId": "ZTF23abjjrwv",
    "candidates": [
        {
            "candid": 2475448622215015002,
            "jd": 2460229.9486227,
            "ra": 137.9965826,
            "dec": 53.7173293,
            "fid": 1,
            "nid": 2475,
            "magpsf": 17.961200714111328,
            "sigmapsf": 0.08575200289487839,
            "magnr": 21.75,
            "sigmagnr": 0.13500000536441803,
            "magzpsci": 26.267200469970703,
            "isdiffpos": "t",
            "ssdistnr": null,
            "ssnamenr": null,
            "drb": 0.9961504936218262
        },
        {
            "candid": 2475509122215015003,
            "jd": 2460230.0091204,
            "ra": 137.9965589,
            "dec": 53.7173547,
            "fid": 2,
            "nid": 2475,
            "magpsf": 18.25429916381836,
            "sigmapsf": 0.0829399973154068,
            "magnr": 21.26799964904785,
            "sigmagnr": 0.07900000363588333,
            "magzpsci": 26.343299865722656,
            "isdiffpos": "t",
            "ssdistnr": null,
            "ssnamenr": null,
            "drb": null
        },
        {
            "candid": 2478448852215015008,
            "jd": 2460232.9488542,
            "ra": 137.9964899,
            "dec": 53.7174041,
            "fid": 1,
            "nid": 2478,
            "magpsf": 17.274099349975586,
            "sigmapsf": 0.04211200028657913,
            "magnr": 21.75,
            "sigmagnr": 0.13500000536441803,
            "magzpsci": 26.296100616455078,
            "isdiffpos": "t",
            "ssdistnr": null,
            "ssnamenr": null,
            "drb": null
        },
        {
            "candid": 2478490352215015002,
            "jd": 2460232.9903588,
            "ra": 137.9965041,
            "dec": 53.7173949,
            "fid": 2,
            "nid": 2478,
            "magpsf": 17.50480079650879,
            "sigmapsf": 0.03460400179028511,
            "magnr": 21.26799964904785,
            "sigmagnr": 0.07900000363588333,
            "magzpsci": 26.383800506591797,
            "isdiffpos": "t",
            "ssdistnr": null,
            "ssnamenr": null,
            "drb": null
        },
        {
            "candid": 2480429572215015005,
            "jd": 2460234.9295718,
            "ra": 137.9965006,
            "dec": 53.7173971,
            "fid": 2,
            "nid": 2480,
            "magpsf": 17.518299102783203,
            "sigmapsf": 0.0537480004131794,
            "magnr": 21.26799964904785,
            "sigmagnr": 0.07900000363588333,
            "magzpsci": 26.29330062866211,
            "isdiffpos": "t",
            "ssdistnr": null,
            "ssnamenr": null,
            "drb": null
        },
        {
            "candid": 2480471882215015005,
            "jd": 2460234.9718866,
            "ra": 137.996497,
            "dec": 53.717395,
            "fid": 1,
            "nid": 2480,
            "magpsf": 17.404800415039062,
            "sigmapsf": 0.044133998453617096,
            "magnr": 21.75,
            "sigmagnr": 0.13500000536441803,
            "magzpsci": 26.32379913330078,
            "isdiffpos": "t",
            "ssdistnr": null,
            "ssnamenr": null,
            "drb": null
        },
        {
            "candid": 2482428962215015007,
            "jd": 2460236.9289699,
            "ra": 137.9965179,
            "dec": 53.7174202,
            "fid": 1,
            "nid": 2482,
            "magpsf": 17.635299682617188,
            "sigmapsf": 0.046587999910116196,
            "magnr": 21.75,
            "sigmagnr": 0.13500000536441803,
            "magzpsci": 26.281299591064453,
            "isdiffpos": "t",
            "ssdistnr": null,
            "ssnamenr": null,
            "drb": null
        },
        {
            "candid": 2482490252215015003,
            "jd": 2460236.9902546,
            "ra": 137.9965295,
            "dec": 53.7173963,
            "fid": 2,
            "nid": 2482,
            "magpsf": 17.65089988708496,
            "sigmapsf": 0.04682600125670433,
            "magnr": 21.26799964904785,
            "sigmagnr": 0.07900000363588333,
            "magzpsci": 26.35890007019043,
            "isdiffpos": "t",
            "ssdistnr": null,
            "ssnamenr": null,
            "drb": null
        },
        {
            "candid": 2484425712215015004,
            "jd": 2460238.9257176,
            "ra": 137.9964957,
            "dec": 53.7174057,
            "fid": 1,
            "nid": 2484,
            "magpsf": 17.893199920654297,
            "sigmapsf": 0.04519699886441231,
            "magnr": 21.75,
            "sigmagnr": 0.13500000536441803,
            "magzpsci": 26.291200637817383,
            "isdiffpos": "t",
            "ssdistnr": null,
            "ssnamenr": null,
            "drb": null
        },
        {
            "candid": 2484512832215015005,
            "jd": 2460239.0128356,
            "ra": 137.9965025,
            "dec": 53.7174003,
            "fid": 2,
            "nid": 2484,
            "magpsf": 17.864200592041016,
            "sigmapsf": 0.0459199994802475,
            "magnr": 21.26799964904785,
            "sigmagnr": 0.07900000363588333,
            "magzpsci": 26.42919921875,
            "isdiffpos": "t",
            "ssdistnr": null,
            "ssnamenr": null,
            "drb": null
        },
        {
            "candid": 2488489692215015013,
            "jd": 2460242.9896991,
            "ra": 137.9965899,
            "dec": 53.7173922,
            "fid": 1,
            "nid": 2488,
            "magpsf": 18.424699783325195,
            "sigmapsf": 0.05475800111889839,
            "magnr": 21.75,
            "sigmagnr": 0.13500000536441803,
            "magzpsci": 26.42970085144043,
            "isdiffpos": "t",
            "ssdistnr": null,
            "ssnamenr": null,
            "drb": null
        },
        {
            "candid": 2488516952215015008,
            "jd": 2460243.016956,
            "ra": 137.9965464,
            "dec": 53.717395,
            "fid": 2,
            "nid": 2488,
            "magpsf": 18.24180030822754,
            "sigmapsf": 0.04833199828863144,
            "magnr": 21.26799964904785,
            "sigmagnr": 0.07900000363588333,
            "magzpsci": 26.440799713134766,
            "isdiffpos": "t",
            "ssdistnr": null,
            "ssnamenr": null,
            "drb": null
        },
        {
            "candid": 2492449572215015000,
            "jd": 2460246.9495718,
            "ra": 137.9964293,
            "dec": 53.7174264,
            "fid": 1,
            "nid": 2492,
            "magpsf": 18.57509994506836,
            "sigmapsf": 0.13794299960136414,
            "magnr": 21.75,
            "sigmagnr": 0.13500000536441803,
            "magzpsci": 26.328100204467773,
            "isdiffpos": "t",
            "ssdistnr": null,
            "ssnamenr": null,
            "drb": null
        },
        {
            "candid": 2492495502215015001,
            "jd": 2460246.9955093,
            "ra": 137.9964994,
            "dec": 53.7173704,
            "fid": 2,
            "nid": 2492,
            "magpsf": 18.41119956970215,
            "sigmapsf": 0.07861299812793732,
            "magnr": 21.26799964904785,
            "sigmagnr": 0.07900000363588333,
            "magzpsci": 26.406200408935547,
            "isdiffpos": "t",
            "ssdistnr": null,
            "ssnamenr": null,
            "drb": null
        },
        {
            "candid": 2496423392215015001,
            "jd": 2460250.9233912,
            "ra": 137.9964826,
            "dec": 53.7173874,
            "fid": 2,
            "nid": 2496,
            "magpsf": 18.6697998046875,
            "sigmapsf": 0.10445400327444077,
            "magnr": 21.26799964904785,
            "sigmagnr": 0.07900000363588333,
            "magzpsci": 26.381799697875977,
            "isdiffpos": "t",
            "ssdistnr": null,
            "ssnamenr": null,
            "drb": null
        },
        {
            "candid": 2496467702215015000,
            "jd": 2460250.9677083,
            "ra": 137.9964633,
            "dec": 53.7174002,
            "fid": 1,
            "nid": 2496,
            "magpsf": 19.07509994506836,
            "sigmapsf": 0.10935500264167786,
            "magnr": 21.75,
            "sigmagnr": 0.13500000536441803,
            "magzpsci": 26.399099349975586,
            "isdiffpos": "t",
            "ssdistnr": null,
            "ssnamenr": null,
            "drb": null
        },
        {
            "candid": 2498430202215015003,
            "jd": 2460252.9302083,
            "ra": 137.996501,
            "dec": 53.7173921,
            "fid": 2,
            "nid": 2498,
            "magpsf": 18.870800018310547,
            "sigmapsf": 0.07771900296211243,
            "magnr": 21.26799964904785,
            "sigmagnr": 0.07900000363588333,
            "magzpsci": 26.378799438476562,
            "isdiffpos": "t",
            "ssdistnr": null,
            "ssnamenr": null,
            "drb": null
        },
        {
            "candid": 2498475062215015003,
            "jd": 2460252.9750694,
            "ra": 137.9966156,
            "dec": 53.7174145,
            "fid": 1,
            "nid": 2498,
            "magpsf": 19.504199981689453,
            "sigmapsf": 0.15111400187015533,
            "magnr": 21.75,
            "sigmagnr": 0.13500000536441803,
            "magzpsci": 26.391199111938477,
            "isdiffpos": "t",
            "ssdistnr": null,
            "ssnamenr": null,
            "drb": null
        },
        {
            "candid": 2500471212215015006,
            "jd": 2460254.9712153,
            "ra": 137.9964959,
            "dec": 53.7174141,
            "fid": 1,
            "nid": 2500,
            "magpsf": 19.984899520874023,
            "sigmapsf": 0.15191400051116943,
            "magnr": 21.75,
            "sigmagnr": 0.13500000536441803,
            "magzpsci": 26.36989974975586,
            "isdiffpos": "t",
            "ssdistnr": null,
            "ssnamenr": null,
            "drb": null
        },
        {
            "candid": 2500517332215015003,
            "jd": 2460255.017338,
            "ra": 137.9965209,
            "dec": 53.7173964,
            "fid": 2,
            "nid": 2500,
            "magpsf": 19.209199905395508,
            "sigmapsf": 0.10636000335216522,
            "magnr": 21.26799964904785,
            "sigmagnr": 0.07900000363588333,
            "magzpsci": 26.42020034790039,
            "isdiffpos": "t",
            "ssdistnr": null,
            "ssnamenr": null,
            "drb": null
        },
        {
            "candid": 2504452222215015003,
            "jd": 2460258.9522222,
            "ra": 137.9965302,
            "dec": 53.7173806,
            "fid": 2,
            "nid": 2504,
            "magpsf": 19.586299896240234,
            "sigmapsf": 0.10956200212240219,
            "magnr": 21.26799964904785,
            "sigmagnr": 0.07900000363588333,
            "magzpsci": 26.384300231933594,
            "isdiffpos": "t",
            "ssdistnr": null,
            "ssnamenr": null,
            "drb": null
        },
        {
            "candid": 2506384652215015002,
            "jd": 2460260.8846528,
            "ra": 137.9965535,
            "dec": 53.7173868,
            "fid": 2,
            "nid": 2506,
            "magpsf": 19.908899307250977,
            "sigmapsf": 0.13399900496006012,
            "magnr": 21.26799964904785,
            "sigmagnr": 0.07900000363588333,
            "magzpsci": 26.38290023803711,
            "isdiffpos": "t",
            "ssdistnr": null,
            "ssnamenr": null,
            "drb": null
        },
        {
            "candid": 2508492542215015004,
            "jd": 2460262.9925463,
            "ra": 137.9966078,
            "dec": 53.7173764,
            "fid": 2,
            "nid": 2508,
            "magpsf": 20.02457046508789,
            "sigmapsf": 0.1469184309244156,
            "magnr": 21.26799964904785,
            "sigmagnr": 0.07900000363588333,
            "magzpsci": 26.4345703125,
            "isdiffpos": "t",
            "ssdistnr": -999.0,
            "ssnamenr": "null",
            "drb": null
        },
        {
            "jd": 2460220.9423495,
            "fid": 1,
            "diffmaglim": 19.08609962463379
        },
        {
            "jd": 2460220.988125,
            "fid": 2,
            "diffmaglim": 19.61009979248047
        },
        {
            "jd": 2460222.9753241,
            "fid": 1,
            "diffmaglim": 19.52669906616211
        },
        {
            "jd": 2460222.9932986,
            "fid": 2,
            "diffmaglim": 19.8518009185791
        },
        {
            "jd": 2460224.9445486,
            "fid": 1,
            "diffmaglim": 19.83609962463379
        },
        {
            "jd": 2460259.0102778,
            "fid": 1,
            "diffmaglim": 20.51420021057129
        },
        {
            "jd": 2460260.8452199,
            "fid": 1,
            "diffmaglim": 20.046300888061523
        },
        {
            "jd": 2460262.9535764,
            "fid": 1,
            "diffmaglim": 20.591100692749023
        }
    ],
    "forcedphot": [
        {
            "objectid": "ZTF23abjjrwv",
            "jd": 2460220.9423495,
            "ranr": 137.9964772,
            "decnr": 53.7176163,
            "fid": 1,
            "forcediffimflux": 8.268392562866211,
            "forcediffimfluxunc": 74.36309051513672,
            "magzpsci": 26.152799606323242
        },
        {
            "objectid": "ZTF23abjjrwv",
            "jd": 2460220.988125,
            "ranr": 137.9966535,
            "decnr": 53.7178325,
            "fid": 2,
            "forcediffimflux": 23.84505844116211,
            "forcediffimfluxunc": 55.08989334106445,
            "magzpsci": 26.332199096679688
        },
        {
            "objectid": "ZTF23abjjrwv",
            "jd": 2460222.9753241,
            "ranr": 137.9964772,
            "decnr": 53.7176163,
            "fid": 1,
            "forcediffimflux": 39.74629211425781,
            "forcediffimfluxunc": 60.090301513671875,
            "magzpsci": 26.28030014038086
        },
        {
            "objectid": "ZTF23abjjrwv",
            "jd": 2460222.9932986,
            "ranr": 137.9966535,
            "decnr": 53.7178325,
            "fid": 2,
            "forcediffimflux": 29.79654884338379,
            "forcediffimfluxunc": 48.38289260864258,
            "magzpsci": 26.34239959716797
        },
        {
            "objectid": "ZTF23abjjrwv",
            "jd": 2460224.9445486,
            "ranr": 137.9964772,
            "decnr": 53.7176163,
            "fid": 1,
            "forcediffimflux": 47.34418869018555,
            "forcediffimfluxunc": 43.09955596923828,
            "magzpsci": 26.244800567626953
        },
        {
            "objectid": "ZTF23abjjrwv",
            "jd": 2460229.9486227,
            "ranr": 137.9964772,
            "decnr": 53.7176163,
            "fid": 1,
            "forcediffimflux": 1942.85986328125,
            "forcediffimfluxunc": 59.863094329833984,
            "magzpsci": 26.267200469970703
        },
        {
            "objectid": "ZTF23abjjrwv",
            "jd": 2460230.0091204,
            "ranr": 137.9966535,
            "decnr": 53.7178325,
            "fid": 2,
            "forcediffimflux": 1592.491943359375,
            "forcediffimfluxunc": 60.48453140258789,
            "magzpsci": 26.343299865722656
        },
        {
            "objectid": "ZTF23abjjrwv",
            "jd": 2460232.9488542,
            "ranr": 137.9964772,
            "decnr": 53.7176163,
            "fid": 1,
            "forcediffimflux": 4117.56591796875,
            "forcediffimfluxunc": 41.557373046875,
            "magzpsci": 26.296100616455078
        },
        {
            "objectid": "ZTF23abjjrwv",
            "jd": 2460232.9903588,
            "ranr": 137.9966535,
            "decnr": 53.7178325,
            "fid": 2,
            "forcediffimflux": 3786.544677734375,
            "forcediffimfluxunc": 41.164154052734375,
            "magzpsci": 26.383800506591797
        },
        {
            "objectid": "ZTF23abjjrwv",
            "jd": 2460234.9295718,
            "ranr": 137.9966535,
            "decnr": 53.7178325,
            "fid": 2,
            "forcediffimflux": 3261.96337890625,
            "forcediffimfluxunc": 40.701904296875,
            "magzpsci": 26.29330062866211
        },
        {
            "objectid": "ZTF23abjjrwv",
            "jd": 2460234.9718866,
            "ranr": 137.9964772,
            "decnr": 53.7176163,
            "fid": 1,
            "forcediffimflux": 3714.53271484375,
            "forcediffimfluxunc": 39.0483283996582,
            "magzpsci": 26.32379913330078
        },
        {
            "objectid": "ZTF23abjjrwv",
            "jd": 2460236.9289699,
            "ranr": 137.9964772,
            "decnr": 53.7176163,
            "fid": 1,
            "forcediffimflux": 2789.719970703125,
            "forcediffimfluxunc": 38.319889068603516,
            "magzpsci": 26.281299591064453
        },
        {
            "objectid": "ZTF23abjjrwv",
            "jd": 2460236.9902546,
            "ranr": 137.9966535,
            "decnr": 53.7178325,
            "fid": 2,
            "forcediffimflux": 2940.509521484375,
            "forcediffimfluxunc": 41.04256057739258,
            "magzpsci": 26.35890007019043
        },
        {
            "objectid": "ZTF23abjjrwv",
            "jd": 2460238.9257176,
            "ranr": 137.9964772,
            "decnr": 53.7176163,
            "fid": 1,
            "forcediffimflux": 2309.990966796875,
            "forcediffimfluxunc": 33.47929763793945,
            "magzpsci": 26.291200637817383
        },
        {
            "objectid": "ZTF23abjjrwv",
            "jd": 2460239.0128356,
            "ranr": 137.9966535,
            "decnr": 53.7178325,
            "fid": 2,
            "forcediffimflux": 2732.70068359375,
            "forcediffimfluxunc": 37.2545051574707,
            "magzpsci": 26.42919921875
        },
        {
            "objectid": "ZTF23abjjrwv",
            "jd": 2460243.016956,
            "ranr": 137.9966535,
            "decnr": 53.7178325,
            "fid": 2,
            "forcediffimflux": 1960.00634765625,
            "forcediffimfluxunc": 31.909395217895508,
            "magzpsci": 26.440799713134766
        },
        {
            "objectid": "ZTF23abjjrwv",
            "jd": 2460246.9495718,
            "ranr": 137.9964772,
            "decnr": 53.7176163,
            "fid": 1,
            "forcediffimflux": 1152.0706787109375,
            "forcediffimfluxunc": 108.31597900390625,
            "magzpsci": 26.328100204467773
        },
        {
            "objectid": "ZTF23abjjrwv",
            "jd": 2460246.9955093,
            "ranr": 137.9966535,
            "decnr": 53.7178325,
            "fid": 2,
            "forcediffimflux": 1529.794677734375,
            "forcediffimfluxunc": 72.25460052490234,
            "magzpsci": 26.406200408935547
        },
        {
            "objectid": "ZTF23abjjrwv",
            "jd": 2460250.9233912,
            "ranr": 137.9966535,
            "decnr": 53.7178325,
            "fid": 2,
            "forcediffimflux": 1210.050537109375,
            "forcediffimfluxunc": 50.62236785888672,
            "magzpsci": 26.381799697875977
        },
        {
            "objectid": "ZTF23abjjrwv",
            "jd": 2460250.9677083,
            "ranr": 137.9964772,
            "decnr": 53.7176163,
            "fid": 1,
            "forcediffimflux": 814.9860229492188,
            "forcediffimfluxunc": 55.676513671875,
            "magzpsci": 26.399099349975586
        },
        {
            "objectid": "ZTF23abjjrwv",
            "jd": 2460252.9302083,
            "ranr": 137.9966535,
            "decnr": 53.7178325,
            "fid": 2,
            "forcediffimflux": 1013.6868896484375,
            "forcediffimfluxunc": 40.442718505859375,
            "magzpsci": 26.378799438476562
        },
        {
            "objectid": "ZTF23abjjrwv",
            "jd": 2460252.9750694,
            "ranr": 137.9964772,
            "decnr": 53.7176163,
            "fid": 1,
            "forcediffimflux": 568.82958984375,
            "forcediffimfluxunc": 51.88651657104492,
            "magzpsci": 26.391199111938477
        },
        {
            "objectid": "ZTF23abjjrwv",
            "jd": 2460254.9712153,
            "ranr": 137.9964772,
            "decnr": 53.7176163,
            "fid": 1,
            "forcediffimflux": 366.22296142578125,
            "forcediffimfluxunc": 33.38358688354492,
            "magzpsci": 26.36989974975586
        },
        {
            "objectid": "ZTF23abjjrwv",
            "jd": 2460255.017338,
            "ranr": 137.9966535,
            "decnr": 53.7178325,
            "fid": 2,
            "forcediffimflux": 775.1217651367188,
            "forcediffimfluxunc": 32.1556396484375,
            "magzpsci": 26.42020034790039
        },
        {
            "objectid": "ZTF23abjjrwv",
            "jd": 2460258.9522222,
            "ranr": 137.9966535,
            "decnr": 53.7178325,
            "fid": 2,
            "forcediffimflux": 521.5238647460938,
            "forcediffimfluxunc": 35.705989837646484,
            "magzpsci": 26.384300231933594
        },
        {
            "objectid": "ZTF23abjjrwv",
            "jd": 2460259.0102778,
            "ranr": 137.9964772,
            "decnr": 53.7176163,
            "fid": 1,
            "forcediffimflux": 190.92117309570312,
            "forcediffimfluxunc": 26.813283920288086,
            "magzpsci": 26.390100479125977
        },
        {
            "objectid": "ZTF23abjjrwv",
            "jd": 2460260.8452199,
            "ranr": 137.9964772,
            "decnr": 53.7176163,
            "fid": 1,
            "forcediffimflux": 160.58993530273438,
            "forcediffimfluxunc": 38.10383224487305,
            "magzpsci": 26.248899459838867
        },
        {
            "objectid": "ZTF23abjjrwv",
            "jd": 2460260.8846528,
            "ranr": 137.9966535,
            "decnr": 53.7178325,
            "fid": 2,
            "forcediffimflux": 392.4812316894531,
            "forcediffimfluxunc": 31.683204650878906,
            "magzpsci": 26.38290023803711
        },
        {
            "objectid": "ZTF23abjjrwv",
            "jd": 2460262.9535764,
            "ranr": 137.9964772,
            "decnr": 53.7176163,
            "fid": 1,
            "forcediffimflux": 133.97396850585938,
            "forcediffimfluxunc": 25.363309860229492,
            "magzpsci": 26.416799545288086
        }
    ]
}