{
    "objectId": "ZTF24aaneoyr",
    "candidates": [
        {
            "candid": 2689290385015015003,
            "jd": 2460443.7903819,
            "ra": 171.5220339,
            "dec": 64.1625497,
            "fid": 1,
            "nid": 2689,
            "magpsf": 19.236799240112305,
            "sigmapsf": 0.11476200073957443,
            "magnr": 18.454999923706055,
            "sigmagnr": 0.08500000089406967,
            "magzpsci": 26.24679946899414,
            "isdiffpos": "t",
            "ssdistnr": null,
            "ssnamenr": null,
            "drb": 0.9999971389770508
        },
        {
            "candid": 2691224885015015004,
            "jd": 2460445.7248843,
            "ra": 171.5220222,
            "dec": 64.162526,
            "fid": 2,
            "nid": 2691,
            "magpsf": 19.13610076904297,
            "sigmapsf": 0.1449670046567917,
            "magnr": 17.72800064086914,
            "sigmagnr": 0.061000000685453415,
            "magzpsci": 26.206100463867188,
            "isdiffpos": "t",
            "ssdistnr": null,
            "ssnamenr": null,
            "drb": null
        },
        {
            "candid": 2691278875015015005,
            "jd": 2460445.7788773,
            "ra": 171.522105,
            "dec": 64.1624796,
            "fid": 1,
            "nid": 2691,
            "magpsf": 18.8966007232666,
            "sigmapsf": 0.11874599754810333,
            "magnr": 18.454999923706055,
            "sigmagnr": 0.08500000089406967,
            "magzpsci": 26.236600875854492,
            "isdiffpos": "t",
            "ssdistnr": null,
            "ssnamenr": null,
            "drb": null
        },
        {
            "candid": 2693241935015015003,
            "jd": 2460447.7419329,
            "ra": 171.5219865,
            "dec": 64.1625372,
            "fid": 1,
            "nid": 2693,
            "magpsf": 18.95680046081543,
            "sigmapsf": 0.1089090034365654,
            "magnr": 18.454999923706055,
            "sigmagnr": 0.08500000089406967,
            "magzpsci": 26.303800582885742,
            "isdiffpos": "t",
            "ssdistnr": null,
            "ssnamenr": null,
            "drb": null
        },
        {
            "candid": 2693303645015015008,
            "jd": 2460447.8036458,
            "ra": 171.5219221,
            "dec": 64.1625104,
            "fid": 2,
            "nid": 2693,
            "magpsf": 19.237600326538086,
            "sigmapsf": 0.16769500076770782,
            "magnr": 17.72800064086914,
            "sigmagnr": 0.061000000685453415,
            "magzpsci": 26.22260093688965,
            "isdiffpos": "t",
            "ssdistnr": null,
            "ssnamenr": null,
            "drb": null
        },
        {
            "candid": 2695262635015015002,
            "jd": 2460449.7626389,
            "ra": 171.5220854,
            "dec": 64.1624876,
            "fid": 1,
            "nid": 2695,
            "magpsf": 19.37339973449707,
            "sigmapsf": 0.18177099525928497,
            "magnr": 18.454999923706055,
            "sigmagnr": 0.08500000089406967,
            "magzpsci": 26.30139923095703,
            "isdiffpos": "t",
            "ssdistnr": null,
            "ssnamenr": null,
            "drb": null
        },
        {
            "candid": 2695346905015015004,
            "jd": 2460449.8469097,
            "ra": 171.5222581,
            "dec": 64.1624758,
            "fid": 2,
            "nid": 2695,
            "magpsf": 19.552000045776367,
            "sigmapsf": 0.2031860053539276,
            "magnr": 17.72800064086914,
            "sigmagnr": 0.061000000685453415,
            "magzpsci": 26.205900192260742,
            "isdiffpos": "t",
            "ssdistnr": null,
            "ssnamenr": null,
            "drb": null
        },
        {
            "candid": 2697353535015015003,
            "jd": 2460451.8535301,
            "ra": 171.5219715,
            "dec": 64.1625167,
            "fid": 1,
            "nid": 2697,
            "magpsf": 19.432100296020508,
            "sigmapsf": 0.3080820143222809,
            "magnr": 18.454999923706055,
            "sigmagnr": 0.08500000089406967,
            "magzpsci": 26.10409927368164,
            "isdiffpos": "t",
            "ssdistnr": null,
            "ssnamenr": null,
            "drb": null
        },
        {
            "candid": 2701215535015015002,
            "jd": 2460455.7155324,
            "ra": 171.5220791,
            "dec": 64.1624146,
            "fid": 1,
            "nid": 2701,
            "magpsf": 19.58340072631836,
            "sigmapsf": 0.21227799355983734,
            "magnr": 18.454999923706055,
            "sigmagnr": 0.08500000089406967,
            "magzpsci": 26.330400466918945,
            "isdiffpos": "t",
            "ssdistnr": null,
            "ssnamenr": null,
            "drb": null
        },
        {
            "candid": 2703200855015015006,
            "jd": 2460457.7008565,
            "ra": 171.5219861,
            "dec": 64.162499,
            "fid": 1,
            "nid": 2703,
            "magpsf": 19.937700271606445,
            "sigmapsf": 0.1987220048904419,
            "magnr": 18.454999923706055,
            "sigmagnr": 0.08500000089406967,
            "magzpsci": 26.30270004272461,
            "isdiffpos": "t",
            "ssdistnr": null,
            "ssnamenr": null,
            "drb": null
        },
        {
            "candid": 2705279935015015007,
            "jd": 2460459.7799306,
            "ra": 171.5222587,
            "dec": 64.1624804,
            "fid": 1,
            "nid": 2705,
            "magpsf": 20.024892807006836,
            "sigmapsf": 0.21112863719463348,
            "magnr": 18.454999923706055,
            "sigmagnr": 0.08500000089406967,
            "magzpsci": 26.274892807006836,
            "isdiffpos": "t",
            "ssdistnr": -999.0,
            "ssnamenr": "null",
            "drb": null
        },
        {
            "jd": 2460413.8080671,
            "fid": 1,
            "diffmaglim": 20.713499069213867
        },
        {
            "jd": 2460417.778669,
            "fid": 2,
            "diffmaglim": 20.066099166870117
        },
        {
            "jd": 2460417.8211111,
            "fid": 1,
            "diffmaglim": 19.859399795532227
        },
        {
            "jd": 2460419.7471181,
            "fid": 2,
            "diffmaglim": 20.04129981994629
        },
        {
            "jd": 2460419.783831,
            "fid": 1,
            "diffmaglim": 19.80150032043457
        },
        {
            "jd": 2460421.7400694,
            "fid": 2,
            "diffmaglim": 19.741300582885742
        },
        {
            "jd": 2460421.8021528,
            "fid": 1,
            "diffmaglim": 19.576200485229492
        },
        {
            "jd": 2460424.8026157,
            "fid": 1,
            "diffmaglim": 19.159000396728516
        },
        {
            "jd": 2460431.7494329,
            "fid": 2,
            "diffmaglim": 20.462400436401367
        },
        {
            "jd": 2460431.7827546,
            "fid": 1,
            "diffmaglim": 20.713300704956055
        },
        {
            "jd": 2460433.7607755,
            "fid": 1,
            "diffmaglim": 20.7278995513916
        },
        {
            "jd": 2460433.7830556,
            "fid": 2,
            "diffmaglim": 20.446800231933594
        },
        {
            "jd": 2460437.6560648,
            "fid": 3,
            "diffmaglim": 19.68090057373047
        },
        {
            "jd": 2460437.7374653,
            "fid": 2,
            "diffmaglim": 20.250499725341797
        },
        {
            "jd": 2460437.7827894,
            "fid": 1,
            "diffmaglim": 20.48240089416504
        },
        {
            "jd": 2460438.681794,
            "fid": 3,
            "diffmaglim": 19.67259979248047
        },
        {
            "jd": 2460438.7400231,
            "fid": 2,
            "diffmaglim": 20.31920051574707
        },
        {
            "jd": 2460438.8035301,
            "fid": 1,
            "diffmaglim": 20.517499923706055
        },
        {
            "jd": 2460439.7383565,
            "fid": 1,
            "diffmaglim": 19.957500457763672
        },
        {
            "jd": 2460439.7618287,
            "fid": 2,
            "diffmaglim": 20.20669937133789
        },
        {
            "jd": 2460441.7690278,
            "fid": 2,
            "diffmaglim": 19.598800659179688
        },
        {
            "jd": 2460441.8009954,
            "fid": 1,
            "diffmaglim": 19.888700485229492
        },
        {
            "jd": 2460443.7407407,
            "fid": 2,
            "diffmaglim": 20.175600051879883
        },
        {
            "jd": 2460451.8014352,
            "fid": 2,
            "diffmaglim": 19.573400497436523
        },
        {
            "jd": 2460455.7859144,
            "fid": 2,
            "diffmaglim": 19.403600692749023
        },
        {
            "jd": 2460457.824456,
            "fid": 2,
            "diffmaglim": 19.704599380493164
        }
    ],
    "forcedphot": [
        {
            "objectid": "ZTF24aaneoyr",
            "jd": 2460421.7400694,
            "ranr": 171.5235164,
            "decnr": 64.1628492,
            "fid": 2,
            "forcediffimflux": -74.70486450195312,
            "forcediffimfluxunc": 45.663570404052734,
            "magzpsci": 26.210899353027344
        },
        {
            "objectid": "ZTF24aaneoyr",
            "jd": 2460421.8021528,
            "ranr": 171.5235117,
            "decnr": 64.1628354,
            "fid": 1,
            "forcediffimflux": 28.20742416381836,
            "forcediffimfluxunc": 66.64898681640625,
            "magzpsci": 26.256399154663086
        },
        {
            "objectid": "ZTF24aaneoyr",
            "jd": 2460422.7364352,
            "ranr": -99999.0,
            "decnr": -99999.0,
            "fid": 1,
            "forcediffimflux": -99999.0,
            "forcediffimfluxunc": -99999.0,
            "magzpsci": 26.22949981689453
        },
        {
            "objectid": "ZTF24aaneoyr",
            "jd": 2460422.804294,
            "ranr": -99999.0,
            "decnr": -99999.0,
            "fid": 2,
            "forcediffimflux": -99999.0,
            "forcediffimfluxunc": -99999.0,
            "magzpsci": 26.002300262451172
        },
        {
            "objectid": "ZTF24aaneoyr",
            "jd": 2460424.8026157,
            "ranr": 171.5235117,
            "decnr": 64.1628354,
            "fid": 1,
            "forcediffimflux": -140.35195922851562,
            "forcediffimfluxunc": 101.67997741699219,
            "magzpsci": 26.313800811767578
        },
        {
            "objectid": "ZTF24aaneoyr",
            "jd": 2460430.7280556,
            "ranr": -99999.0,
            "decnr": -99999.0,
            "fid": 1,
            "forcediffimflux": -99999.0,
            "forcediffimfluxunc": -99999.0,
            "magzpsci": 26.083799362182617
        },
        {
            "objectid": "ZTF24aaneoyr",
            "jd": 2460430.7406944,
            "ranr": -99999.0,
            "decnr": -99999.0,
            "fid": 2,
            "forcediffimflux": -99999.0,
            "forcediffimfluxunc": -99999.0,
            "magzpsci": 26.00779914855957
        },
        {
            "objectid": "ZTF24aaneoyr",
            "jd": 2460431.7494329,
            "ranr": 171.5235164,
            "decnr": 64.1628492,
            "fid": 2,
            "forcediffimflux": -105.10932159423828,
            "forcediffimfluxunc": 25.351593017578125,
            "magzpsci": 26.27359962463379
        },
        {
            "objectid": "ZTF24aaneoyr",
            "jd": 2460431.7827546,
            "ranr": 171.5235117,
            "decnr": 64.1628354,
            "fid": 1,
            "forcediffimflux": -84.73722839355469,
            "forcediffimfluxunc": 23.963443756103516,
            "magzpsci": 26.309999465942383
        },
        {
            "objectid": "ZTF24aaneoyr",
            "jd": 2460432.7838773,
            "ranr": -99999.0,
            "decnr": -99999.0,
            "fid": 1,
            "forcediffimflux": -99999.0,
            "forcediffimfluxunc": -99999.0,
            "magzpsci": 26.08690071105957
        },
        {
            "objectid": "ZTF24aaneoyr",
            "jd": 2460432.8219907,
            "ranr": -99999.0,
            "decnr": -99999.0,
            "fid": 2,
            "forcediffimflux": -99999.0,
            "forcediffimfluxunc": -99999.0,
            "magzpsci": 26.013200759887695
        },
        {
            "objectid": "ZTF24aaneoyr",
            "jd": 2460433.7607755,
            "ranr": 171.5235117,
            "decnr": 64.1628354,
            "fid": 1,
            "forcediffimflux": -46.29867935180664,
            "forcediffimfluxunc": 23.410842895507812,
            "magzpsci": 26.24489974975586
        },
        {
            "objectid": "ZTF24aaneoyr",
            "jd": 2460433.7830556,
            "ranr": 171.5235164,
            "decnr": 64.1628492,
            "fid": 2,
            "forcediffimflux": -91.7181396484375,
            "forcediffimfluxunc": 23.793720245361328,
            "magzpsci": 26.18079948425293
        },
        {
            "objectid": "ZTF24aaneoyr",
            "jd": 2460434.7637731,
            "ranr": -99999.0,
            "decnr": -99999.0,
            "fid": 2,
            "forcediffimflux": -99999.0,
            "forcediffimfluxunc": -99999.0,
            "magzpsci": 25.977699279785156
        },
        {
            "objectid": "ZTF24aaneoyr",
            "jd": 2460434.8058218,
            "ranr": -99999.0,
            "decnr": -99999.0,
            "fid": 1,
            "forcediffimflux": -99999.0,
            "forcediffimfluxunc": -99999.0,
            "magzpsci": 26.13089942932129
        },
        {
            "objectid": "ZTF24aaneoyr",
            "jd": 2460437.6560648,
            "ranr": 171.5234649,
            "decnr": 64.1628262,
            "fid": 3,
            "forcediffimflux": -4.09097957611084,
            "forcediffimfluxunc": 27.721332550048828,
            "magzpsci": 25.604700088500977
        },
        {
            "objectid": "ZTF24aaneoyr",
            "jd": 2460437.7374653,
            "ranr": 171.5235164,
            "decnr": 64.1628492,
            "fid": 2,
            "forcediffimflux": -90.5003433227539,
            "forcediffimfluxunc": 33.31107711791992,
            "magzpsci": 26.244199752807617
        },
        {
            "objectid": "ZTF24aaneoyr",
            "jd": 2460437.7832755,
            "ranr": -99999.0,
            "decnr": -99999.0,
            "fid": 1,
            "forcediffimflux": -99999.0,
            "forcediffimfluxunc": -99999.0,
            "magzpsci": 26.155500411987305
        },
        {
            "objectid": "ZTF24aaneoyr",
            "jd": 2460438.7400231,
            "ranr": 171.5235164,
            "decnr": 64.1628492,
            "fid": 2,
            "forcediffimflux": -109.884033203125,
            "forcediffimfluxunc": 29.96603012084961,
            "magzpsci": 26.239099502563477
        },
        {
            "objectid": "ZTF24aaneoyr",
            "jd": 2460438.7779398,
            "ranr": -99999.0,
            "decnr": -99999.0,
            "fid": 3,
            "forcediffimflux": -99999.0,
            "forcediffimfluxunc": -99999.0,
            "magzpsci": 25.330400466918945
        },
        {
            "objectid": "ZTF24aaneoyr",
            "jd": 2460438.8040162,
            "ranr": -99999.0,
            "decnr": -99999.0,
            "fid": 1,
            "forcediffimflux": -99999.0,
            "forcediffimfluxunc": -99999.0,
            "magzpsci": 26.1387996673584
        },
        {
            "objectid": "ZTF24aaneoyr",
            "jd": 2460439.7383565,
            "ranr": 171.5235117,
            "decnr": 64.1628354,
            "fid": 1,
            "forcediffimflux": -103.09789276123047,
            "forcediffimfluxunc": 38.12674331665039,
            "magzpsci": 26.228900909423828
        },
        {
            "objectid": "ZTF24aaneoyr",
            "jd": 2460439.7618287,
            "ranr": 171.5235164,
            "decnr": 64.1628492,
            "fid": 2,
            "forcediffimflux": -156.4998321533203,
            "forcediffimfluxunc": 30.99061393737793,
            "magzpsci": 26.157499313354492
        },
        {
            "objectid": "ZTF24aaneoyr",
            "jd": 2460440.7676157,
            "ranr": -99999.0,
            "decnr": -99999.0,
            "fid": 2,
            "forcediffimflux": -99999.0,
            "forcediffimfluxunc": -99999.0,
            "magzpsci": 26.074499130249023
        },
        {
            "objectid": "ZTF24aaneoyr",
            "jd": 2460440.7814815,
            "ranr": -99999.0,
            "decnr": -99999.0,
            "fid": 1,
            "forcediffimflux": -99999.0,
            "forcediffimfluxunc": -99999.0,
            "magzpsci": 26.049800872802734
        },
        {
            "objectid": "ZTF24aaneoyr",
            "jd": 2460441.7690278,
            "ranr": 171.5235164,
            "decnr": 64.1628492,
            "fid": 2,
            "forcediffimflux": -90.80841827392578,
            "forcediffimfluxunc": 53.82036209106445,
            "magzpsci": 26.201499938964844
        },
        {
            "objectid": "ZTF24aaneoyr",
            "jd": 2460441.8009954,
            "ranr": 171.5235117,
            "decnr": 64.1628354,
            "fid": 1,
            "forcediffimflux": -22.250242233276367,
            "forcediffimfluxunc": 50.6390495300293,
            "magzpsci": 26.239599227905273
        },
        {
            "objectid": "ZTF24aaneoyr",
            "jd": 2460442.7245486,
            "ranr": -99999.0,
            "decnr": -99999.0,
            "fid": 1,
            "forcediffimflux": -99999.0,
            "forcediffimfluxunc": -99999.0,
            "magzpsci": 26.146499633789062
        },
        {
            "objectid": "ZTF24aaneoyr",
            "jd": 2460442.7445949,
            "ranr": -99999.0,
            "decnr": -99999.0,
            "fid": 2,
            "forcediffimflux": -99999.0,
            "forcediffimfluxunc": -99999.0,
            "magzpsci": 26.00830078125
        },
        {
            "objectid": "ZTF24aaneoyr",
            "jd": 2460443.7407407,
            "ranr": 171.5235164,
            "decnr": 64.1628492,
            "fid": 2,
            "forcediffimflux": 342.0050354003906,
            "forcediffimfluxunc": 31.81149673461914,
            "magzpsci": 26.212499618530273
        },
        {
            "objectid": "ZTF24aaneoyr",
            "jd": 2460443.7903819,
            "ranr": 171.5235117,
            "decnr": 64.1628354,
            "fid": 1,
            "forcediffimflux": 608.9312133789062,
            "forcediffimfluxunc": 36.23054885864258,
            "magzpsci": 26.24679946899414
        },
        {
            "objectid": "ZTF24aaneoyr",
            "jd": 2460444.6773958,
            "ranr": -99999.0,
            "decnr": -99999.0,
            "fid": 1,
            "forcediffimflux": -99999.0,
            "forcediffimfluxunc": -99999.0,
            "magzpsci": 26.194400787353516
        },
        {
            "objectid": "ZTF24aaneoyr",
            "jd": 2460444.7628819,
            "ranr": -99999.0,
            "decnr": -99999.0,
            "fid": 2,
            "forcediffimflux": -99999.0,
            "forcediffimfluxunc": -99999.0,
            "magzpsci": 26.091299057006836
        },
        {
            "objectid": "ZTF24aaneoyr",
            "jd": 2460445.7248843,
            "ranr": 171.5235164,
            "decnr": 64.1628492,
            "fid": 2,
            "forcediffimflux": 700.4544067382812,
            "forcediffimfluxunc": 37.99558639526367,
            "magzpsci": 26.206100463867188
        },
        {
            "objectid": "ZTF24aaneoyr",
            "jd": 2460445.7788773,
            "ranr": 171.5235117,
            "decnr": 64.1628354,
            "fid": 1,
            "forcediffimflux": 800.8433227539062,
            "forcediffimfluxunc": 46.235435485839844,
            "magzpsci": 26.236600875854492
        },
        {
            "objectid": "ZTF24aaneoyr",
            "jd": 2460446.7660069,
            "ranr": -99999.0,
            "decnr": -99999.0,
            "fid": 2,
            "forcediffimflux": -99999.0,
            "forcediffimfluxunc": -99999.0,
            "magzpsci": 26.049800872802734
        },
        {
            "objectid": "ZTF24aaneoyr",
            "jd": 2460446.8444444,
            "ranr": -99999.0,
            "decnr": -99999.0,
            "fid": 1,
            "forcediffimflux": -99999.0,
            "forcediffimfluxunc": -99999.0,
            "magzpsci": 26.080400466918945
        },
        {
            "objectid": "ZTF24aaneoyr",
            "jd": 2460447.7419329,
            "ranr": 171.5235117,
            "decnr": 64.1628354,
            "fid": 1,
            "forcediffimflux": 874.7135620117188,
            "forcediffimfluxunc": 46.79920196533203,
            "magzpsci": 26.303800582885742
        },
        {
            "objectid": "ZTF24aaneoyr",
            "jd": 2460447.8036458,
            "ranr": 171.5235164,
            "decnr": 64.1628492,
            "fid": 2,
            "forcediffimflux": 629.0927734375,
            "forcediffimfluxunc": 36.69899368286133,
            "magzpsci": 26.22260093688965
        },
        {
            "objectid": "ZTF24aaneoyr",
            "jd": 2460448.720706,
            "ranr": -99999.0,
            "decnr": -99999.0,
            "fid": 1,
            "forcediffimflux": -99999.0,
            "forcediffimfluxunc": -99999.0,
            "magzpsci": 26.18829917907715
        },
        {
            "objectid": "ZTF24aaneoyr",
            "jd": 2460448.7421065,
            "ranr": -99999.0,
            "decnr": -99999.0,
            "fid": 2,
            "forcediffimflux": -99999.0,
            "forcediffimfluxunc": -99999.0,
            "magzpsci": 26.111499786376953
        },
        {
            "objectid": "ZTF24aaneoyr",
            "jd": 2460449.7626389,
            "ranr": 171.5235117,
            "decnr": 64.1628354,
            "fid": 1,
            "forcediffimflux": 563.0265502929688,
            "forcediffimfluxunc": 55.344642639160156,
            "magzpsci": 26.30139923095703
        },
        {
            "objectid": "ZTF24aaneoyr",
            "jd": 2460449.8469097,
            "ranr": 171.5235164,
            "decnr": 64.1628492,
            "fid": 2,
            "forcediffimflux": 434.8678894042969,
            "forcediffimfluxunc": 51.997161865234375,
            "magzpsci": 26.205900192260742
        },
        {
            "objectid": "ZTF24aaneoyr",
            "jd": 2460450.7591782,
            "ranr": -99999.0,
            "decnr": -99999.0,
            "fid": 2,
            "forcediffimflux": -99999.0,
            "forcediffimfluxunc": -99999.0,
            "magzpsci": 26.035499572753906
        },
        {
            "objectid": "ZTF24aaneoyr",
            "jd": 2460450.8030671,
            "ranr": -99999.0,
            "decnr": -99999.0,
            "fid": 1,
            "forcediffimflux": -99999.0,
            "forcediffimfluxunc": -99999.0,
            "magzpsci": 26.09950065612793
        },
        {
            "objectid": "ZTF24aaneoyr",
            "jd": 2460451.8014352,
            "ranr": 171.5235164,
            "decnr": 64.1628492,
            "fid": 2,
            "forcediffimflux": 523.1940307617188,
            "forcediffimfluxunc": 54.19691467285156,
            "magzpsci": 26.17530059814453
        },
        {
            "objectid": "ZTF24aaneoyr",
            "jd": 2460451.8535301,
            "ranr": 171.5235117,
            "decnr": 64.1628354,
            "fid": 1,
            "forcediffimflux": 396.63665771484375,
            "forcediffimfluxunc": 95.29684448242188,
            "magzpsci": 26.10409927368164
        },
        {
            "objectid": "ZTF24aaneoyr",
            "jd": 2460452.8066782,
            "ranr": -99999.0,
            "decnr": -99999.0,
            "fid": 1,
            "forcediffimflux": -99999.0,
            "forcediffimfluxunc": -99999.0,
            "magzpsci": 25.992599487304688
        },
        {
            "objectid": "ZTF24aaneoyr",
            "jd": 2460452.8612963,
            "ranr": -99999.0,
            "decnr": -99999.0,
            "fid": 2,
            "forcediffimflux": -99999.0,
            "forcediffimfluxunc": -99999.0,
            "magzpsci": 25.89259910583496
        },
        {
            "objectid": "ZTF24aaneoyr",
            "jd": 2460455.7155324,
            "ranr": 171.5235117,
            "decnr": 64.1628354,
            "fid": 1,
            "forcediffimflux": 508.7618103027344,
            "forcediffimfluxunc": 65.41917419433594,
            "magzpsci": 26.330400466918945
        },
        {
            "objectid": "ZTF24aaneoyr",
            "jd": 2460455.7859144,
            "ranr": 171.5235164,
            "decnr": 64.1628492,
            "fid": 2,
            "forcediffimflux": 336.2205810546875,
            "forcediffimfluxunc": 65.2149429321289,
            "magzpsci": 26.22249984741211
        },
        {
            "objectid": "ZTF24aaneoyr",
            "jd": 2460456.8193056,
            "ranr": -99999.0,
            "decnr": -99999.0,
            "fid": 2,
            "forcediffimflux": -99999.0,
            "forcediffimfluxunc": -99999.0,
            "magzpsci": 25.958599090576172
        },
        {
            "objectid": "ZTF24aaneoyr",
            "jd": 2460457.7008565,
            "ranr": 171.5235117,
            "decnr": 64.1628354,
            "fid": 1,
            "forcediffimflux": 333.81243896484375,
            "forcediffimfluxunc": 39.04774856567383,
            "magzpsci": 26.30270004272461
        },
        {
            "objectid": "ZTF24aaneoyr",
            "jd": 2460457.824456,
            "ranr": 171.5235164,
            "decnr": 64.1628492,
            "fid": 2,
            "forcediffimflux": 168.56723022460938,
            "forcediffimfluxunc": 46.14617156982422,
            "magzpsci": 26.167800903320312
        },
        {
            "objectid": "ZTF24aaneoyr",
            "jd": 2460458.7394444,
            "ranr": -99999.0,
            "decnr": -99999.0,
            "fid": 1,
            "forcediffimflux": -99999.0,
            "forcediffimfluxunc": -99999.0,
            "magzpsci": 26.178699493408203
        },
        {
            "objectid": "ZTF24aaneoyr",
            "jd": 2460458.8437963,
            "ranr": -99999.0,
            "decnr": -99999.0,
            "fid": 2,
            "forcediffimflux": -99999.0,
            "forcediffimfluxunc": -99999.0,
            "magzpsci": 25.94969940185547
        }
    ]
}