{
    "objectId": "ZTF21aauvmck",
    "candidates": [
        {
            "candid": 1563289914715015000,
            "jd": 2459317.789919,
            "ra": 219.7500873,
            "dec": 12.6694799,
            "fid": 1,
            "nid": 1563,
            "magpsf": 19.256500244140625,
            "sigmapsf": 0.09090500324964523,
            "magnr": 20.527999877929688,
            "sigmagnr": 0.13600000739097595,
            "magzpsci": 26.3125,
            "isdiffpos": "t",
            "ssdistnr": null,
            "ssnamenr": null,
            "drb": 1.0
        },
        {
            "candid": 1563289914715025000,
            "jd": 2459317.789919,
            "ra": 219.7500873,
            "dec": 12.6694799,
            "fid": 1,
            "nid": 1563,
            "magpsf": 19.256500244140625,
            "sigmapsf": 0.09090500324964523,
            "magnr": 20.527999877929688,
            "sigmagnr": 0.13600000739097595,
            "magzpsci": 26.3125,
            "isdiffpos": "t",
            "ssdistnr": null,
            "ssnamenr": null,
            "drb": null
        },
        {
            "candid": 1563401864715015001,
            "jd": 2459317.9018634,
            "ra": 219.750118,
            "dec": 12.669421,
            "fid": 2,
            "nid": 1563,
            "magpsf": 19.46649932861328,
            "sigmapsf": 0.10663799941539764,
            "magnr": 20.270999908447266,
            "sigmagnr": 0.11599999666213989,
            "magzpsci": 26.296499252319336,
            "isdiffpos": "t",
            "ssdistnr": null,
            "ssnamenr": null,
            "drb": null
        },
        {
            "candid": 1567379344715015001,
            "jd": 2459321.8793403,
            "ra": 219.7501105,
            "dec": 12.6694534,
            "fid": 1,
            "nid": 1567,
            "magpsf": 18.59779930114746,
            "sigmapsf": 0.07125899940729141,
            "magnr": 20.527999877929688,
            "sigmagnr": 0.13600000739097595,
            "magzpsci": 26.304800033569336,
            "isdiffpos": "t",
            "ssdistnr": null,
            "ssnamenr": null,
            "drb": null
        },
        {
            "candid": 1567401294715015001,
            "jd": 2459321.9012963,
            "ra": 219.7501072,
            "dec": 12.6694635,
            "fid": 2,
            "nid": 1567,
            "magpsf": 18.760099411010742,
            "sigmapsf": 0.08688800036907196,
            "magnr": 20.270999908447266,
            "sigmagnr": 0.11599999666213989,
            "magzpsci": 26.27400016784668,
            "isdiffpos": "t",
            "ssdistnr": null,
            "ssnamenr": null,
            "drb": null
        },
        {
            "candid": 1569296904715015000,
            "jd": 2459323.7969097,
            "ra": 219.7500892,
            "dec": 12.6694439,
            "fid": 1,
            "nid": 1569,
            "magpsf": 18.57859992980957,
            "sigmapsf": 0.07260700315237045,
            "magnr": 20.527999877929688,
            "sigmagnr": 0.13600000739097595,
            "magzpsci": 26.316600799560547,
            "isdiffpos": "t",
            "ssdistnr": null,
            "ssnamenr": null,
            "drb": null
        },
        {
            "candid": 1569358904715015001,
            "jd": 2459323.8589005,
            "ra": 219.7501095,
            "dec": 12.6694557,
            "fid": 2,
            "nid": 1569,
            "magpsf": 18.721399307250977,
            "sigmapsf": 0.07788000255823135,
            "magnr": 20.270999908447266,
            "sigmagnr": 0.11599999666213989,
            "magzpsci": 26.308399200439453,
            "isdiffpos": "t",
            "ssdistnr": null,
            "ssnamenr": null,
            "drb": null
        },
        {
            "candid": 1571301504715015001,
            "jd": 2459325.8015046,
            "ra": 219.7501154,
            "dec": 12.6694637,
            "fid": 2,
            "nid": 1571,
            "magpsf": 18.8075008392334,
            "sigmapsf": 0.104544997215271,
            "magnr": 20.270999908447266,
            "sigmagnr": 0.11599999666213989,
            "magzpsci": 26.309499740600586,
            "isdiffpos": "t",
            "ssdistnr": null,
            "ssnamenr": null,
            "drb": null
        },
        {
            "candid": 1571359144715015001,
            "jd": 2459325.8591435,
            "ra": 219.7501024,
            "dec": 12.6694437,
            "fid": 1,
            "nid": 1571,
            "magpsf": 18.770000457763672,
            "sigmapsf": 0.08174800127744675,
            "magnr": 20.527999877929688,
            "sigmagnr": 0.13600000739097595,
            "magzpsci": 26.343000411987305,
            "isdiffpos": "t",
            "ssdistnr": null,
            "ssnamenr": null,
            "drb": null
        },
        {
            "candid": 1575291034715015000,
            "jd": 2459329.7910301,
            "ra": 219.7501499,
            "dec": 12.6694501,
            "fid": 2,
            "nid": 1575,
            "magpsf": 19.003110885620117,
            "sigmapsf": 0.1849440038204193,
            "magnr": 20.270999908447266,
            "sigmagnr": 0.11599999666213989,
            "magzpsci": 26.323110580444336,
            "isdiffpos": "t",
            "ssdistnr": -999.0,
            "ssnamenr": "null",
            "drb": null
        },
        {
            "jd": 2459290.873912,
            "fid": 2,
            "diffmaglim": 20.7406005859375
        },
        {
            "jd": 2459290.9224653,
            "fid": 1,
            "diffmaglim": 20.908700942993164
        },
        {
            "jd": 2459292.8930671,
            "fid": 2,
            "diffmaglim": 20.65169906616211
        },
        {
            "jd": 2459292.9339815,
            "fid": 1,
            "diffmaglim": 20.788000106811523
        },
        {
            "jd": 2459295.8181481,
            "fid": 1,
            "diffmaglim": 19.71139907836914
        },
        {
            "jd": 2459295.8993981,
            "fid": 2,
            "diffmaglim": 20.336999893188477
        },
        {
            "jd": 2459297.8383218,
            "fid": 1,
            "diffmaglim": 19.723600387573242
        },
        {
            "jd": 2459297.8849769,
            "fid": 2,
            "diffmaglim": 20.085399627685547
        },
        {
            "jd": 2459300.8956481,
            "fid": 1,
            "diffmaglim": 19.093700408935547
        },
        {
            "jd": 2459300.9134954,
            "fid": 2,
            "diffmaglim": 19.274099349975586
        },
        {
            "jd": 2459302.8901389,
            "fid": 1,
            "diffmaglim": 19.01129913330078
        },
        {
            "jd": 2459302.9150347,
            "fid": 2,
            "diffmaglim": 19.185800552368164
        },
        {
            "jd": 2459304.8793866,
            "fid": 2,
            "diffmaglim": 18.696699142456055
        },
        {
            "jd": 2459304.9149653,
            "fid": 1,
            "diffmaglim": 18.653400421142578
        },
        {
            "jd": 2459307.8587037,
            "fid": 2,
            "diffmaglim": 20.561199188232422
        },
        {
            "jd": 2459307.8812384,
            "fid": 1,
            "diffmaglim": 20.500099182128906
        },
        {
            "jd": 2459309.8750579,
            "fid": 1,
            "diffmaglim": 20.55459976196289
        },
        {
            "jd": 2459309.8793981,
            "fid": 2,
            "diffmaglim": 20.39739990234375
        },
        {
            "jd": 2459311.8189236,
            "fid": 2,
            "diffmaglim": 20.662700653076172
        },
        {
            "jd": 2459311.8610185,
            "fid": 1,
            "diffmaglim": 20.750099182128906
        },
        {
            "jd": 2459313.788912,
            "fid": 1,
            "diffmaglim": 20.166900634765625
        },
        {
            "jd": 2459313.934838,
            "fid": 2,
            "diffmaglim": 20.124000549316406
        },
        {
            "jd": 2459315.8101273,
            "fid": 1,
            "diffmaglim": 18.46769905090332
        }
    ],
    "forcedphot": []
}