{
    "objectId": "ZTF22aawxlpc",
    "candidates": [
        {
            "candid": 2016420353115015015,
            "jd": 2459770.9203588,
            "ra": 331.0580547,
            "dec": -18.8278784,
            "fid": 1,
            "nid": 2016,
            "magpsf": 20.820499420166016,
            "sigmapsf": 0.367372989654541,
            "magnr": 21.94099998474121,
            "sigmagnr": 0.10999999940395355,
            "magzpsci": 26.195499420166016,
            "isdiffpos": "t",
            "ssdistnr": null,
            "ssnamenr": null,
            "drb": null
        },
        {
            "candid": 2031334883115015020,
            "jd": 2459785.8348843,
            "ra": 331.0579763,
            "dec": -18.8279922,
            "fid": 1,
            "nid": 2031,
            "magpsf": 20.67340087890625,
            "sigmapsf": 0.3515320122241974,
            "magnr": 21.94099998474121,
            "sigmagnr": 0.10999999940395355,
            "magzpsci": 25.98940086364746,
            "isdiffpos": "t",
            "ssdistnr": null,
            "ssnamenr": null,
            "drb": null
        },
        {
            "candid": 2031377463115015020,
            "jd": 2459785.8774653,
            "ra": 331.0578862,
            "dec": -18.8280289,
            "fid": 2,
            "nid": 2031,
            "magpsf": 20.502199172973633,
            "sigmapsf": 0.22534799575805664,
            "magnr": 20.54599952697754,
            "sigmagnr": 0.04800000041723251,
            "magzpsci": 26.118200302124023,
            "isdiffpos": "t",
            "ssdistnr": null,
            "ssnamenr": null,
            "drb": null
        },
        {
            "candid": 2033352523115015016,
            "jd": 2459787.8525231,
            "ra": 331.0579415,
            "dec": -18.827954,
            "fid": 2,
            "nid": 2033,
            "magpsf": 20.207599639892578,
            "sigmapsf": 0.18604399263858795,
            "magnr": 20.54599952697754,
            "sigmagnr": 0.04800000041723251,
            "magzpsci": 26.13159942626953,
            "isdiffpos": "t",
            "ssdistnr": null,
            "ssnamenr": null,
            "drb": null
        },
        {
            "candid": 2033356803115015012,
            "jd": 2459787.8568056,
            "ra": 331.057985,
            "dec": -18.8279144,
            "fid": 1,
            "nid": 2033,
            "magpsf": 20.838199615478516,
            "sigmapsf": 0.3399040102958679,
            "magnr": 21.94099998474121,
            "sigmagnr": 0.10999999940395355,
            "magzpsci": 26.096200942993164,
            "isdiffpos": "t",
            "ssdistnr": null,
            "ssnamenr": null,
            "drb": null
        },
        {
            "candid": 2048451843115015023,
            "jd": 2459802.9518403,
            "ra": 331.0579163,
            "dec": -18.8279372,
            "fid": 2,
            "nid": 2048,
            "magpsf": 19.517099380493164,
            "sigmapsf": 0.3028329908847809,
            "magnr": 20.54599952697754,
            "sigmagnr": 0.04800000041723251,
            "magzpsci": 26.214099884033203,
            "isdiffpos": "t",
            "ssdistnr": null,
            "ssnamenr": null,
            "drb": null
        },
        {
            "candid": 2052337003115015009,
            "jd": 2459806.8370023,
            "ra": 331.0579199,
            "dec": -18.8279373,
            "fid": 2,
            "nid": 2052,
            "magpsf": 20.21780014038086,
            "sigmapsf": 0.2594200074672699,
            "magnr": 20.54599952697754,
            "sigmagnr": 0.04800000041723251,
            "magzpsci": 26.205799102783203,
            "isdiffpos": "t",
            "ssdistnr": null,
            "ssnamenr": null,
            "drb": null
        },
        {
            "candid": 2054352913115015017,
            "jd": 2459808.8529167,
            "ra": 331.0579354,
            "dec": -18.8279219,
            "fid": 2,
            "nid": 2054,
            "magpsf": 20.186899185180664,
            "sigmapsf": 0.21604999899864197,
            "magnr": 20.54599952697754,
            "sigmagnr": 0.04800000041723251,
            "magzpsci": 26.15489959716797,
            "isdiffpos": "t",
            "ssdistnr": null,
            "ssnamenr": null,
            "drb": null
        },
        {
            "candid": 2056321143115015019,
            "jd": 2459810.8211458,
            "ra": 331.0578551,
            "dec": -18.8279784,
            "fid": 2,
            "nid": 2056,
            "magpsf": 20.199600219726562,
            "sigmapsf": 0.33261701464653015,
            "magnr": 20.54599952697754,
            "sigmagnr": 0.04800000041723251,
            "magzpsci": 26.046600341796875,
            "isdiffpos": "t",
            "ssdistnr": null,
            "ssnamenr": null,
            "drb": null
        },
        {
            "candid": 2058293223115015014,
            "jd": 2459812.7932292,
            "ra": 331.0579471,
            "dec": -18.8278431,
            "fid": 1,
            "nid": 2058,
            "magpsf": 20.518800735473633,
            "sigmapsf": 0.27232199907302856,
            "magnr": 21.94099998474121,
            "sigmagnr": 0.10999999940395355,
            "magzpsci": 26.09280014038086,
            "isdiffpos": "t",
            "ssdistnr": null,
            "ssnamenr": null,
            "drb": null
        },
        {
            "candid": 2058338463115015015,
            "jd": 2459812.8384606,
            "ra": 331.0578651,
            "dec": -18.8279458,
            "fid": 2,
            "nid": 2058,
            "magpsf": 20.084199905395508,
            "sigmapsf": 0.16768699884414673,
            "magnr": 20.54599952697754,
            "sigmagnr": 0.04800000041723251,
            "magzpsci": 26.160200119018555,
            "isdiffpos": "t",
            "ssdistnr": null,
            "ssnamenr": null,
            "drb": null
        },
        {
            "candid": 2062272163115015015,
            "jd": 2459816.7721644,
            "ra": 331.0579344,
            "dec": -18.8279253,
            "fid": 1,
            "nid": 2062,
            "magpsf": 20.07360076904297,
            "sigmapsf": 0.22711700201034546,
            "magnr": 21.94099998474121,
            "sigmagnr": 0.10999999940395355,
            "magzpsci": 26.062599182128906,
            "isdiffpos": "t",
            "ssdistnr": null,
            "ssnamenr": null,
            "drb": null
        },
        {
            "candid": 2062326603115015017,
            "jd": 2459816.8266088,
            "ra": 331.0579373,
            "dec": -18.8279052,
            "fid": 2,
            "nid": 2062,
            "magpsf": 19.866300582885742,
            "sigmapsf": 0.17176300287246704,
            "magnr": 20.54599952697754,
            "sigmagnr": 0.04800000041723251,
            "magzpsci": 26.14929962158203,
            "isdiffpos": "t",
            "ssdistnr": null,
            "ssnamenr": null,
            "drb": null
        },
        {
            "candid": 2066273123115015015,
            "jd": 2459820.773125,
            "ra": 331.0579304,
            "dec": -18.8279615,
            "fid": 1,
            "nid": 2066,
            "magpsf": 20.133899688720703,
            "sigmapsf": 0.19835899770259857,
            "magnr": 21.94099998474121,
            "sigmagnr": 0.10999999940395355,
            "magzpsci": 26.075899124145508,
            "isdiffpos": "t",
            "ssdistnr": null,
            "ssnamenr": null,
            "drb": null
        },
        {
            "candid": 2068319423115015010,
            "jd": 2459822.8194213,
            "ra": 331.0578319,
            "dec": -18.8279561,
            "fid": 1,
            "nid": 2068,
            "magpsf": 20.12969970703125,
            "sigmapsf": 0.24189500510692596,
            "magnr": 21.94099998474121,
            "sigmagnr": 0.10999999940395355,
            "magzpsci": 26.16469955444336,
            "isdiffpos": "t",
            "ssdistnr": null,
            "ssnamenr": null,
            "drb": null
        },
        {
            "candid": 2070294593115015015,
            "jd": 2459824.7945949,
            "ra": 331.0578672,
            "dec": -18.8280115,
            "fid": 2,
            "nid": 2070,
            "magpsf": 19.763900756835938,
            "sigmapsf": 0.14816400408744812,
            "magnr": 20.54599952697754,
            "sigmagnr": 0.04800000041723251,
            "magzpsci": 26.16390037536621,
            "isdiffpos": "t",
            "ssdistnr": null,
            "ssnamenr": null,
            "drb": null
        },
        {
            "candid": 2073271493115015008,
            "jd": 2459827.7714931,
            "ra": 331.0579376,
            "dec": -18.8278721,
            "fid": 1,
            "nid": 2073,
            "magpsf": 19.628700256347656,
            "sigmapsf": 0.21514900028705597,
            "magnr": 21.94099998474121,
            "sigmagnr": 0.10999999940395355,
            "magzpsci": 26.077699661254883,
            "isdiffpos": "t",
            "ssdistnr": null,
            "ssnamenr": null,
            "drb": null
        },
        {
            "candid": 2085294103115015012,
            "jd": 2459839.7941088,
            "ra": 331.0579353,
            "dec": -18.8279037,
            "fid": 1,
            "nid": 2085,
            "magpsf": 19.5580997467041,
            "sigmapsf": 0.1423790007829666,
            "magnr": 21.94099998474121,
            "sigmagnr": 0.10999999940395355,
            "magzpsci": 26.215099334716797,
            "isdiffpos": "t",
            "ssdistnr": null,
            "ssnamenr": null,
            "drb": null
        },
        {
            "candid": 2087210113115015015,
            "jd": 2459841.7101157,
            "ra": 331.0579369,
            "dec": -18.8279053,
            "fid": 1,
            "nid": 2087,
            "magpsf": 19.61479949951172,
            "sigmapsf": 0.13625800609588623,
            "magnr": 21.94099998474121,
            "sigmagnr": 0.10999999940395355,
            "magzpsci": 26.22879981994629,
            "isdiffpos": "t",
            "ssdistnr": null,
            "ssnamenr": null,
            "drb": null
        },
        {
            "candid": 2089253613115015011,
            "jd": 2459843.7536111,
            "ra": 331.0579252,
            "dec": -18.8279172,
            "fid": 2,
            "nid": 2089,
            "magpsf": 19.042999267578125,
            "sigmapsf": 0.10384999960660934,
            "magnr": 20.54599952697754,
            "sigmagnr": 0.04800000041723251,
            "magzpsci": 26.26300048828125,
            "isdiffpos": "t",
            "ssdistnr": 27.0,
            "ssnamenr": "2009WY278",
            "drb": null
        },
        {
            "candid": 2089333653115015011,
            "jd": 2459843.8336574,
            "ra": 331.0579446,
            "dec": -18.8279066,
            "fid": 1,
            "nid": 2089,
            "magpsf": 18.98509979248047,
            "sigmapsf": 0.0878250002861023,
            "magnr": 21.94099998474121,
            "sigmagnr": 0.10999999940395355,
            "magzpsci": 26.177099227905273,
            "isdiffpos": "t",
            "ssdistnr": null,
            "ssnamenr": null,
            "drb": null
        },
        {
            "candid": 2091229343115015016,
            "jd": 2459845.7293403,
            "ra": 331.0579188,
            "dec": -18.8279037,
            "fid": 1,
            "nid": 2091,
            "magpsf": 18.416000366210938,
            "sigmapsf": 0.0647680014371872,
            "magnr": 21.94099998474121,
            "sigmagnr": 0.10999999940395355,
            "magzpsci": 26.225000381469727,
            "isdiffpos": "t",
            "ssdistnr": null,
            "ssnamenr": null,
            "drb": null
        },
        {
            "candid": 2091267563115015019,
            "jd": 2459845.7675694,
            "ra": 331.0579331,
            "dec": -18.8279312,
            "fid": 2,
            "nid": 2091,
            "magpsf": 18.439300537109375,
            "sigmapsf": 0.08118300139904022,
            "magnr": 20.54599952697754,
            "sigmagnr": 0.04800000041723251,
            "magzpsci": 26.2273006439209,
            "isdiffpos": "t",
            "ssdistnr": null,
            "ssnamenr": null,
            "drb": null
        },
        {
            "candid": 2093275163115015010,
            "jd": 2459847.775162,
            "ra": 331.0579302,
            "dec": -18.8278807,
            "fid": 1,
            "nid": 2093,
            "magpsf": 18.102100372314453,
            "sigmapsf": 0.06120799854397774,
            "magnr": 21.94099998474121,
            "sigmagnr": 0.10999999940395355,
            "magzpsci": 26.199100494384766,
            "isdiffpos": "t",
            "ssdistnr": null,
            "ssnamenr": null,
            "drb": null
        },
        {
            "candid": 2095211193115015013,
            "jd": 2459849.7111921,
            "ra": 331.0579127,
            "dec": -18.8278973,
            "fid": 1,
            "nid": 2095,
            "magpsf": 17.874300003051758,
            "sigmapsf": 0.04437800124287605,
            "magnr": 21.94099998474121,
            "sigmagnr": 0.10999999940395355,
            "magzpsci": 26.17930030822754,
            "isdiffpos": "t",
            "ssdistnr": null,
            "ssnamenr": null,
            "drb": null
        },
        {
            "candid": 2097209503115015012,
            "jd": 2459851.7095023,
            "ra": 331.0579125,
            "dec": -18.827904,
            "fid": 1,
            "nid": 2097,
            "magpsf": 17.591699600219727,
            "sigmapsf": 0.05084099993109703,
            "magnr": 21.94099998474121,
            "sigmagnr": 0.10999999940395355,
            "magzpsci": 26.125699996948242,
            "isdiffpos": "t",
            "ssdistnr": null,
            "ssnamenr": null,
            "drb": null
        },
        {
            "candid": 2099251303115015018,
            "jd": 2459853.7513079,
            "ra": 331.0579348,
            "dec": -18.8279114,
            "fid": 2,
            "nid": 2099,
            "magpsf": 17.538000106811523,
            "sigmapsf": 0.04150800034403801,
            "magnr": 20.54599952697754,
            "sigmagnr": 0.04800000041723251,
            "magzpsci": 26.239999771118164,
            "isdiffpos": "t",
            "ssdistnr": null,
            "ssnamenr": null,
            "drb": null
        },
        {
            "candid": 2099314693115015018,
            "jd": 2459853.8146991,
            "ra": 331.0579306,
            "dec": -18.8278821,
            "fid": 1,
            "nid": 2099,
            "magpsf": 17.490800857543945,
            "sigmapsf": 0.051784999668598175,
            "magnr": 21.94099998474121,
            "sigmagnr": 0.10999999940395355,
            "magzpsci": 26.13279914855957,
            "isdiffpos": "t",
            "ssdistnr": null,
            "ssnamenr": null,
            "drb": null
        },
        {
            "candid": 2101253693115015012,
            "jd": 2459855.7536921,
            "ra": 331.0579289,
            "dec": -18.827902,
            "fid": 1,
            "nid": 2101,
            "magpsf": 17.479999542236328,
            "sigmapsf": 0.041565001010894775,
            "magnr": 21.94099998474121,
            "sigmagnr": 0.10999999940395355,
            "magzpsci": 26.084999084472656,
            "isdiffpos": "t",
            "ssdistnr": null,
            "ssnamenr": null,
            "drb": null
        },
        {
            "candid": 2101273063115015022,
            "jd": 2459855.7730671,
            "ra": 331.0579155,
            "dec": -18.8279089,
            "fid": 2,
            "nid": 2101,
            "magpsf": 17.485700607299805,
            "sigmapsf": 0.04163200035691261,
            "magnr": 20.54599952697754,
            "sigmagnr": 0.04800000041723251,
            "magzpsci": 26.148700714111328,
            "isdiffpos": "t",
            "ssdistnr": null,
            "ssnamenr": null,
            "drb": null
        },
        {
            "candid": 2106167373115015006,
            "jd": 2459860.6673727,
            "ra": 331.0579148,
            "dec": -18.8279238,
            "fid": 2,
            "nid": 2106,
            "magpsf": 17.50119972229004,
            "sigmapsf": 0.05727199837565422,
            "magnr": 20.54599952697754,
            "sigmagnr": 0.04800000041723251,
            "magzpsci": 26.17020034790039,
            "isdiffpos": "t",
            "ssdistnr": null,
            "ssnamenr": null,
            "drb": null
        },
        {
            "candid": 2106232843115015002,
            "jd": 2459860.7328472,
            "ra": 331.0579209,
            "dec": -18.8279212,
            "fid": 1,
            "nid": 2106,
            "magpsf": 17.59600067138672,
            "sigmapsf": 0.07584699988365173,
            "magnr": 21.94099998474121,
            "sigmagnr": 0.10999999940395355,
            "magzpsci": 26.17799949645996,
            "isdiffpos": "t",
            "ssdistnr": null,
            "ssnamenr": null,
            "drb": null
        },
        {
            "candid": 2111167023115015013,
            "jd": 2459865.6670255,
            "ra": 331.0579295,
            "dec": -18.8279184,
            "fid": 2,
            "nid": 2111,
            "magpsf": 17.634700775146484,
            "sigmapsf": 0.040901001542806625,
            "magnr": 20.54599952697754,
            "sigmagnr": 0.04800000041723251,
            "magzpsci": 26.21470069885254,
            "isdiffpos": "t",
            "ssdistnr": null,
            "ssnamenr": null,
            "drb": null
        },
        {
            "candid": 2113191523115015021,
            "jd": 2459867.6915278,
            "ra": 331.057927,
            "dec": -18.827927,
            "fid": 2,
            "nid": 2113,
            "magpsf": 17.638599395751953,
            "sigmapsf": 0.04431099817156792,
            "magnr": 20.54599952697754,
            "sigmagnr": 0.04800000041723251,
            "magzpsci": 26.18560028076172,
            "isdiffpos": "t",
            "ssdistnr": null,
            "ssnamenr": null,
            "drb": null
        },
        {
            "candid": 2116209933115015008,
            "jd": 2459870.7099306,
            "ra": 331.0579177,
            "dec": -18.8279429,
            "fid": 2,
            "nid": 2116,
            "magpsf": 17.739700317382812,
            "sigmapsf": 0.04359700158238411,
            "magnr": 20.54599952697754,
            "sigmagnr": 0.04800000041723251,
            "magzpsci": 26.20669937133789,
            "isdiffpos": "t",
            "ssdistnr": null,
            "ssnamenr": null,
            "drb": null
        },
        {
            "candid": 2118190233115015007,
            "jd": 2459872.6902315,
            "ra": 331.0579125,
            "dec": -18.8279579,
            "fid": 2,
            "nid": 2118,
            "magpsf": 17.882999420166016,
            "sigmapsf": 0.03801000118255615,
            "magnr": 20.54599952697754,
            "sigmagnr": 0.04800000041723251,
            "magzpsci": 26.243999481201172,
            "isdiffpos": "t",
            "ssdistnr": null,
            "ssnamenr": null,
            "drb": null
        },
        {
            "candid": 2118290973115015010,
            "jd": 2459872.7909722,
            "ra": 331.0579503,
            "dec": -18.8278975,
            "fid": 1,
            "nid": 2118,
            "magpsf": 18.12969970703125,
            "sigmapsf": 0.06251999735832214,
            "magnr": 21.94099998474121,
            "sigmagnr": 0.10999999940395355,
            "magzpsci": 26.047700881958008,
            "isdiffpos": "t",
            "ssdistnr": null,
            "ssnamenr": null,
            "drb": null
        },
        {
            "candid": 2120189083115015017,
            "jd": 2459874.6890856,
            "ra": 331.0579022,
            "dec": -18.827916,
            "fid": 1,
            "nid": 2120,
            "magpsf": 18.18429946899414,
            "sigmapsf": 0.05549199879169464,
            "magnr": 21.94099998474121,
            "sigmagnr": 0.10999999940395355,
            "magzpsci": 26.152299880981445,
            "isdiffpos": "t",
            "ssdistnr": null,
            "ssnamenr": null,
            "drb": null
        },
        {
            "candid": 2123186803115015012,
            "jd": 2459877.6868056,
            "ra": 331.0579176,
            "dec": -18.8279345,
            "fid": 2,
            "nid": 2123,
            "magpsf": 18.026500701904297,
            "sigmapsf": 0.06447000056505203,
            "magnr": 20.54599952697754,
            "sigmagnr": 0.04800000041723251,
            "magzpsci": 26.228500366210938,
            "isdiffpos": "t",
            "ssdistnr": null,
            "ssnamenr": null,
            "drb": null
        },
        {
            "candid": 2125256963115015008,
            "jd": 2459879.7569676,
            "ra": 331.0579072,
            "dec": -18.8279522,
            "fid": 2,
            "nid": 2125,
            "magpsf": 18.046899795532227,
            "sigmapsf": 0.05501500144600868,
            "magnr": 20.54599952697754,
            "sigmagnr": 0.04800000041723251,
            "magzpsci": 26.158899307250977,
            "isdiffpos": "t",
            "ssdistnr": null,
            "ssnamenr": null,
            "drb": null
        },
        {
            "candid": 2127145193115015009,
            "jd": 2459881.6451968,
            "ra": 331.0579084,
            "dec": -18.8279063,
            "fid": 1,
            "nid": 2127,
            "magpsf": 18.353500366210938,
            "sigmapsf": 0.08169899880886078,
            "magnr": 21.94099998474121,
            "sigmagnr": 0.10999999940395355,
            "magzpsci": 26.195499420166016,
            "isdiffpos": "t",
            "ssdistnr": null,
            "ssnamenr": null,
            "drb": null
        },
        {
            "candid": 2127259313115015011,
            "jd": 2459881.7593171,
            "ra": 331.0579086,
            "dec": -18.8279429,
            "fid": 2,
            "nid": 2127,
            "magpsf": 18.072599411010742,
            "sigmapsf": 0.05706999823451042,
            "magnr": 20.54599952697754,
            "sigmagnr": 0.04800000041723251,
            "magzpsci": 26.162599563598633,
            "isdiffpos": "t",
            "ssdistnr": null,
            "ssnamenr": null,
            "drb": null
        },
        {
            "candid": 2129126513115015012,
            "jd": 2459883.6265162,
            "ra": 331.0579261,
            "dec": -18.8279554,
            "fid": 2,
            "nid": 2129,
            "magpsf": 18.093900680541992,
            "sigmapsf": 0.06607600301504135,
            "magnr": 20.54599952697754,
            "sigmagnr": 0.04800000041723251,
            "magzpsci": 26.230899810791016,
            "isdiffpos": "t",
            "ssdistnr": null,
            "ssnamenr": null,
            "drb": null
        },
        {
            "candid": 2129168113115015015,
            "jd": 2459883.6681134,
            "ra": 331.057907,
            "dec": -18.8279144,
            "fid": 1,
            "nid": 2129,
            "magpsf": 18.40679931640625,
            "sigmapsf": 0.08156699687242508,
            "magnr": 21.94099998474121,
            "sigmagnr": 0.10999999940395355,
            "magzpsci": 26.173799514770508,
            "isdiffpos": "t",
            "ssdistnr": null,
            "ssnamenr": null,
            "drb": null
        },
        {
            "candid": 2141186433115015011,
            "jd": 2459895.6864352,
            "ra": 331.0579035,
            "dec": -18.8279349,
            "fid": 2,
            "nid": 2141,
            "magpsf": 18.350500106811523,
            "sigmapsf": 0.08931200206279755,
            "magnr": 20.54599952697754,
            "sigmagnr": 0.04800000041723251,
            "magzpsci": 26.214500427246094,
            "isdiffpos": "t",
            "ssdistnr": null,
            "ssnamenr": null,
            "drb": null
        },
        {
            "candid": 2143216973115015009,
            "jd": 2459897.7169792,
            "ra": 331.057885,
            "dec": -18.8279248,
            "fid": 2,
            "nid": 2143,
            "magpsf": 18.42289924621582,
            "sigmapsf": 0.08695600181818008,
            "magnr": 20.54599952697754,
            "sigmagnr": 0.04800000041723251,
            "magzpsci": 26.162900924682617,
            "isdiffpos": "t",
            "ssdistnr": null,
            "ssnamenr": null,
            "drb": null
        },
        {
            "candid": 2148171413115015009,
            "jd": 2459902.671412,
            "ra": 331.0579688,
            "dec": -18.8279262,
            "fid": 1,
            "nid": 2148,
            "magpsf": 19.06679916381836,
            "sigmapsf": 0.13933399319648743,
            "magnr": 21.94099998474121,
            "sigmagnr": 0.10999999940395355,
            "magzpsci": 26.11280059814453,
            "isdiffpos": "t",
            "ssdistnr": null,
            "ssnamenr": null,
            "drb": null
        },
        {
            "candid": 2150127553115015012,
            "jd": 2459904.6275579,
            "ra": 331.0579487,
            "dec": -18.8279042,
            "fid": 1,
            "nid": 2150,
            "magpsf": 19.25221061706543,
            "sigmapsf": 0.11335624009370804,
            "magnr": 21.94099998474121,
            "sigmagnr": 0.10999999940395355,
            "magzpsci": 26.207210540771484,
            "isdiffpos": "t",
            "ssdistnr": -999.0,
            "ssnamenr": "null",
            "drb": null
        },
        {
            "jd": 2459758.9170023,
            "fid": 2,
            "diffmaglim": 18.260799407958984
        },
        {
            "jd": 2459758.9223148,
            "fid": 2,
            "diffmaglim": 18.23189926147461
        },
        {
            "jd": 2459760.8757755,
            "fid": 2,
            "diffmaglim": 18.29599952697754
        },
        {
            "jd": 2459760.9172569,
            "fid": 2,
            "diffmaglim": 18.652700424194336
        },
        {
            "jd": 2459762.9381366,
            "fid": 3,
            "diffmaglim": 19.986299514770508
        },
        {
            "jd": 2459763.8401389,
            "fid": 2,
            "diffmaglim": 19.803499221801758
        },
        {
            "jd": 2459763.908287,
            "fid": 1,
            "diffmaglim": 20.379100799560547
        },
        {
            "jd": 2459765.9179745,
            "fid": 1,
            "diffmaglim": 20.552200317382812
        },
        {
            "jd": 2459768.881331,
            "fid": 1,
            "diffmaglim": 20.43869972229004
        },
        {
            "jd": 2459768.9385417,
            "fid": 1,
            "diffmaglim": 20.445600509643555
        },
        {
            "jd": 2459772.8610764,
            "fid": 2,
            "diffmaglim": 19.49720001220703
        },
        {
            "jd": 2459772.9177315,
            "fid": 2,
            "diffmaglim": 19.76889991760254
        },
        {
            "jd": 2459774.8238426,
            "fid": 2,
            "diffmaglim": 18.445499420166016
        },
        {
            "jd": 2459774.8973727,
            "fid": 2,
            "diffmaglim": 19.058700561523438
        },
        {
            "jd": 2459778.9112847,
            "fid": 2,
            "diffmaglim": 19.478599548339844
        },
        {
            "jd": 2459778.9579051,
            "fid": 2,
            "diffmaglim": 19.534799575805664
        },
        {
            "jd": 2459781.8899653,
            "fid": 1,
            "diffmaglim": 19.529499053955078
        },
        {
            "jd": 2459783.8339468,
            "fid": 1,
            "diffmaglim": 20.30430030822754
        },
        {
            "jd": 2459783.916875,
            "fid": 2,
            "diffmaglim": 17.392799377441406
        },
        {
            "jd": 2459789.8955556,
            "fid": 1,
            "diffmaglim": 20.033300399780273
        },
        {
            "jd": 2459793.7977662,
            "fid": 1,
            "diffmaglim": 18.995399475097656
        },
        {
            "jd": 2459795.8648032,
            "fid": 2,
            "diffmaglim": 20.413000106811523
        },
        {
            "jd": 2459798.8781944,
            "fid": 1,
            "diffmaglim": 20.343900680541992
        },
        {
            "jd": 2459800.8572801,
            "fid": 1,
            "diffmaglim": 18.148799896240234
        },
        {
            "jd": 2459800.8985648,
            "fid": 2,
            "diffmaglim": 19.99169921875
        },
        {
            "jd": 2459802.903669,
            "fid": 1,
            "diffmaglim": 18.900400161743164
        },
        {
            "jd": 2459808.7711111,
            "fid": 1,
            "diffmaglim": 19.670799255371094
        },
        {
            "jd": 2459814.7999074,
            "fid": 1,
            "diffmaglim": 20.313400268554688
        },
        {
            "jd": 2459822.7944792,
            "fid": 2,
            "diffmaglim": 20.060400009155273
        },
        {
            "jd": 2459827.8407523,
            "fid": 2,
            "diffmaglim": 19.346200942993164
        },
        {
            "jd": 2459862.7753356,
            "fid": 2,
            "diffmaglim": 19.148399353027344
        },
        {
            "jd": 2459898.6485764,
            "fid": 1,
            "diffmaglim": 19.917400360107422
        },
        {
            "jd": 2459900.7134606,
            "fid": 2,
            "diffmaglim": 18.627899169921875
        },
        {
            "jd": 2459902.6270023,
            "fid": 2,
            "diffmaglim": 19.539100646972656
        },
        {
            "jd": 2459904.6061227,
            "fid": 2,
            "diffmaglim": 20.12809944152832
        }
    ],
    "forcedphot": []
}