{
    "objectId": "ZTF21abuvury",
    "candidates": [
        {
            "candid": 1696269392015015000,
            "jd": 2459450.7693981,
            "ra": 269.8009246,
            "dec": 68.8840757,
            "fid": 1,
            "nid": 1696,
            "magpsf": 18.75819969177246,
            "sigmapsf": 0.1697150021791458,
            "magnr": 20.697999954223633,
            "sigmagnr": 0.13099999725818634,
            "magzpsci": 25.940200805664062,
            "isdiffpos": "t",
            "ssdistnr": null,
            "ssnamenr": null,
            "drb": 0.9987180233001709
        },
        {
            "candid": 1696299232015015003,
            "jd": 2459450.7992361,
            "ra": 269.8006751,
            "dec": 68.8840715,
            "fid": 2,
            "nid": 1696,
            "magpsf": 19.005800247192383,
            "sigmapsf": 0.16224999725818634,
            "magnr": 22.235000610351562,
            "sigmagnr": 0.19499999284744263,
            "magzpsci": 26.019800186157227,
            "isdiffpos": "t",
            "ssdistnr": null,
            "ssnamenr": null,
            "drb": null
        },
        {
            "candid": 1698265322015015002,
            "jd": 2459452.7653241,
            "ra": 269.8007903,
            "dec": 68.8840729,
            "fid": 2,
            "nid": 1698,
            "magpsf": 18.803300857543945,
            "sigmapsf": 0.061813998967409134,
            "magnr": 22.235000610351562,
            "sigmagnr": 0.19499999284744263,
            "magzpsci": 26.24329948425293,
            "isdiffpos": "t",
            "ssdistnr": null,
            "ssnamenr": null,
            "drb": null
        },
        {
            "candid": 1698302882015015004,
            "jd": 2459452.8028819,
            "ra": 269.8008212,
            "dec": 68.8840785,
            "fid": 1,
            "nid": 1698,
            "magpsf": 18.61240005493164,
            "sigmapsf": 0.0798569992184639,
            "magnr": 20.697999954223633,
            "sigmagnr": 0.13099999725818634,
            "magzpsci": 26.256399154663086,
            "isdiffpos": "t",
            "ssdistnr": null,
            "ssnamenr": null,
            "drb": null
        },
        {
            "candid": 1700218352015015011,
            "jd": 2459454.7183565,
            "ra": 269.8006502,
            "dec": 68.8840639,
            "fid": 1,
            "nid": 1700,
            "magpsf": 18.632099151611328,
            "sigmapsf": 0.0931209996342659,
            "magnr": 20.697999954223633,
            "sigmagnr": 0.13099999725818634,
            "magzpsci": 26.305099487304688,
            "isdiffpos": "t",
            "ssdistnr": null,
            "ssnamenr": null,
            "drb": null
        },
        {
            "candid": 1700302592015015003,
            "jd": 2459454.8025926,
            "ra": 269.8007297,
            "dec": 68.8841088,
            "fid": 2,
            "nid": 1700,
            "magpsf": 18.729799270629883,
            "sigmapsf": 0.08895300328731537,
            "magnr": 22.235000610351562,
            "sigmagnr": 0.19499999284744263,
            "magzpsci": 26.284799575805664,
            "isdiffpos": "t",
            "ssdistnr": null,
            "ssnamenr": null,
            "drb": null
        },
        {
            "candid": 1704181572015015011,
            "jd": 2459458.6815741,
            "ra": 269.8004303,
            "dec": 68.8840488,
            "fid": 1,
            "nid": 1704,
            "magpsf": 19.104299545288086,
            "sigmapsf": 0.13707299530506134,
            "magnr": 20.697999954223633,
            "sigmagnr": 0.13099999725818634,
            "magzpsci": 26.244300842285156,
            "isdiffpos": "t",
            "ssdistnr": null,
            "ssnamenr": null,
            "drb": null
        },
        {
            "candid": 1704240972015015003,
            "jd": 2459458.7409722,
            "ra": 269.8005936,
            "dec": 68.8840552,
            "fid": 2,
            "nid": 1704,
            "magpsf": 19.144800186157227,
            "sigmapsf": 0.09324099868535995,
            "magnr": 22.235000610351562,
            "sigmagnr": 0.19499999284744263,
            "magzpsci": 26.232799530029297,
            "isdiffpos": "t",
            "ssdistnr": null,
            "ssnamenr": null,
            "drb": null
        },
        {
            "candid": 1706307222015015008,
            "jd": 2459460.8072222,
            "ra": 269.8006482,
            "dec": 68.8840776,
            "fid": 1,
            "nid": 1706,
            "magpsf": 19.343700408935547,
            "sigmapsf": 0.15377700328826904,
            "magnr": 20.697999954223633,
            "sigmagnr": 0.13099999725818634,
            "magzpsci": 26.240699768066406,
            "isdiffpos": "t",
            "ssdistnr": null,
            "ssnamenr": null,
            "drb": null
        },
        {
            "candid": 1706328252015015001,
            "jd": 2459460.8282523,
            "ra": 269.8006445,
            "dec": 68.884057,
            "fid": 2,
            "nid": 1706,
            "magpsf": 19.31999969482422,
            "sigmapsf": 0.10371199995279312,
            "magnr": 22.235000610351562,
            "sigmagnr": 0.19499999284744263,
            "magzpsci": 26.263999938964844,
            "isdiffpos": "t",
            "ssdistnr": null,
            "ssnamenr": null,
            "drb": null
        },
        {
            "candid": 1708237892015015009,
            "jd": 2459462.7378935,
            "ra": 269.8006077,
            "dec": 68.8840888,
            "fid": 2,
            "nid": 1708,
            "magpsf": 19.538799285888672,
            "sigmapsf": 0.14135600626468658,
            "magnr": 22.235000610351562,
            "sigmagnr": 0.19499999284744263,
            "magzpsci": 26.310800552368164,
            "isdiffpos": "t",
            "ssdistnr": null,
            "ssnamenr": null,
            "drb": null
        },
        {
            "candid": 1708284402015015003,
            "jd": 2459462.7844097,
            "ra": 269.8006121,
            "dec": 68.8840623,
            "fid": 1,
            "nid": 1708,
            "magpsf": 19.499500274658203,
            "sigmapsf": 0.13931800425052643,
            "magnr": 20.697999954223633,
            "sigmagnr": 0.13099999725818634,
            "magzpsci": 26.267499923706055,
            "isdiffpos": "t",
            "ssdistnr": null,
            "ssnamenr": null,
            "drb": null
        },
        {
            "candid": 1710238502015015007,
            "jd": 2459464.7385069,
            "ra": 269.8005796,
            "dec": 68.8840581,
            "fid": 1,
            "nid": 1710,
            "magpsf": 19.569400787353516,
            "sigmapsf": 0.1276720017194748,
            "magnr": 20.697999954223633,
            "sigmagnr": 0.13099999725818634,
            "magzpsci": 26.242399215698242,
            "isdiffpos": "t",
            "ssdistnr": null,
            "ssnamenr": null,
            "drb": null
        },
        {
            "candid": 1710238502015025007,
            "jd": 2459464.7385069,
            "ra": 269.8005796,
            "dec": 68.8840581,
            "fid": 1,
            "nid": 1710,
            "magpsf": 19.569400787353516,
            "sigmapsf": 0.1276720017194748,
            "magnr": 20.697999954223633,
            "sigmagnr": 0.13099999725818634,
            "magzpsci": 26.242399215698242,
            "isdiffpos": "t",
            "ssdistnr": null,
            "ssnamenr": null,
            "drb": null
        },
        {
            "candid": 1710304502015015008,
            "jd": 2459464.8045023,
            "ra": 269.8006352,
            "dec": 68.8841005,
            "fid": 2,
            "nid": 1710,
            "magpsf": 19.803800582885742,
            "sigmapsf": 0.1331080049276352,
            "magnr": 22.235000610351562,
            "sigmagnr": 0.19499999284744263,
            "magzpsci": 26.240800857543945,
            "isdiffpos": "t",
            "ssdistnr": null,
            "ssnamenr": null,
            "drb": null
        },
        {
            "candid": 1710304502015025008,
            "jd": 2459464.8045023,
            "ra": 269.8006352,
            "dec": 68.8841005,
            "fid": 2,
            "nid": 1710,
            "magpsf": 19.803800582885742,
            "sigmapsf": 0.1331080049276352,
            "magnr": 22.235000610351562,
            "sigmagnr": 0.19499999284744263,
            "magzpsci": 26.240800857543945,
            "isdiffpos": "t",
            "ssdistnr": null,
            "ssnamenr": null,
            "drb": null
        },
        {
            "candid": 1712158492015015008,
            "jd": 2459466.6584954,
            "ra": 269.8005746,
            "dec": 68.8840538,
            "fid": 2,
            "nid": 1712,
            "magpsf": 20.013200759887695,
            "sigmapsf": 0.12805600464344025,
            "magnr": 22.235000610351562,
            "sigmagnr": 0.19499999284744263,
            "magzpsci": 26.28420066833496,
            "isdiffpos": "t",
            "ssdistnr": null,
            "ssnamenr": null,
            "drb": null
        },
        {
            "candid": 1712329532015015004,
            "jd": 2459466.829537,
            "ra": 269.8004613,
            "dec": 68.8840673,
            "fid": 1,
            "nid": 1712,
            "magpsf": 19.688899993896484,
            "sigmapsf": 0.15845000743865967,
            "magnr": 20.697999954223633,
            "sigmagnr": 0.13099999725818634,
            "magzpsci": 26.1289005279541,
            "isdiffpos": "t",
            "ssdistnr": null,
            "ssnamenr": null,
            "drb": null
        },
        {
            "candid": 1714183112015015012,
            "jd": 2459468.6831134,
            "ra": 269.800578,
            "dec": 68.8840187,
            "fid": 1,
            "nid": 1714,
            "magpsf": 19.99650001525879,
            "sigmapsf": 0.21863900125026703,
            "magnr": 20.697999954223633,
            "sigmagnr": 0.13099999725818634,
            "magzpsci": 26.269500732421875,
            "isdiffpos": "t",
            "ssdistnr": null,
            "ssnamenr": null,
            "drb": null
        },
        {
            "candid": 1714326592015015000,
            "jd": 2459468.8265972,
            "ra": 269.8005643,
            "dec": 68.8840928,
            "fid": 2,
            "nid": 1714,
            "magpsf": 20.307819366455078,
            "sigmapsf": 0.19231300055980682,
            "magnr": 22.235000610351562,
            "sigmagnr": 0.19499999284744263,
            "magzpsci": 26.208820343017578,
            "isdiffpos": "t",
            "ssdistnr": -999.0,
            "ssnamenr": "null",
            "drb": null
        },
        {
            "jd": 2459423.7612847,
            "fid": 2,
            "diffmaglim": 18.627899169921875
        },
        {
            "jd": 2459423.853125,
            "fid": 1,
            "diffmaglim": 19.46780014038086
        },
        {
            "jd": 2459425.8689005,
            "fid": 1,
            "diffmaglim": 20.02519989013672
        },
        {
            "jd": 2459428.7027546,
            "fid": 2,
            "diffmaglim": 20.534500122070312
        },
        {
            "jd": 2459428.7411343,
            "fid": 1,
            "diffmaglim": 20.64240074157715
        },
        {
            "jd": 2459430.7405556,
            "fid": 2,
            "diffmaglim": 20.607900619506836
        },
        {
            "jd": 2459430.7857176,
            "fid": 1,
            "diffmaglim": 20.793399810791016
        },
        {
            "jd": 2459435.6984954,
            "fid": 1,
            "diffmaglim": 20.74209976196289
        },
        {
            "jd": 2459435.7460185,
            "fid": 2,
            "diffmaglim": 20.663999557495117
        },
        {
            "jd": 2459438.6816319,
            "fid": 2,
            "diffmaglim": 20.37350082397461
        },
        {
            "jd": 2459438.7280324,
            "fid": 1,
            "diffmaglim": 20.483999252319336
        },
        {
            "jd": 2459440.7210301,
            "fid": 2,
            "diffmaglim": 20.340299606323242
        },
        {
            "jd": 2459440.7637269,
            "fid": 1,
            "diffmaglim": 20.577899932861328
        },
        {
            "jd": 2459442.7847801,
            "fid": 1,
            "diffmaglim": 20.486400604248047
        },
        {
            "jd": 2459444.7056481,
            "fid": 1,
            "diffmaglim": 19.13629913330078
        },
        {
            "jd": 2459447.7430787,
            "fid": 2,
            "diffmaglim": 19.614099502563477
        }
    ],
    "forcedphot": []
}