{
    "objectId": "ZTF21aatwkkt",
    "candidates": [
        {
            "candid": 1560232556315015005,
            "jd": 2459314.7325579,
            "ra": 154.685069,
            "dec": 0.0553972,
            "fid": 1,
            "nid": 1560,
            "magpsf": 19.021900177001953,
            "sigmapsf": 0.0830330029129982,
            "magnr": 19.58799934387207,
            "sigmagnr": 0.07999999821186066,
            "magzpsci": 26.254899978637695,
            "isdiffpos": "t",
            "ssdistnr": null,
            "ssnamenr": null,
            "drb": 1.0
        },
        {
            "candid": 1562211506315015006,
            "jd": 2459316.7115046,
            "ra": 154.6850485,
            "dec": 0.0554044,
            "fid": 1,
            "nid": 1562,
            "magpsf": 18.67009925842285,
            "sigmapsf": 0.07447600364685059,
            "magnr": 19.58799934387207,
            "sigmagnr": 0.07999999821186066,
            "magzpsci": 26.20210075378418,
            "isdiffpos": "t",
            "ssdistnr": null,
            "ssnamenr": null,
            "drb": null
        },
        {
            "candid": 1565210686315015006,
            "jd": 2459319.7106829,
            "ra": 154.6850623,
            "dec": 0.0554063,
            "fid": 2,
            "nid": 1565,
            "magpsf": 18.958599090576172,
            "sigmapsf": 0.09401900321245193,
            "magnr": 19.974000930786133,
            "sigmagnr": 0.07100000232458115,
            "magzpsci": 26.16860008239746,
            "isdiffpos": "t",
            "ssdistnr": null,
            "ssnamenr": null,
            "drb": null
        },
        {
            "candid": 1565234076315015005,
            "jd": 2459319.7340741,
            "ra": 154.685071,
            "dec": 0.0553564,
            "fid": 1,
            "nid": 1565,
            "magpsf": 18.90570068359375,
            "sigmapsf": 0.12930099666118622,
            "magnr": 19.58799934387207,
            "sigmagnr": 0.07999999821186066,
            "magzpsci": 26.251699447631836,
            "isdiffpos": "t",
            "ssdistnr": null,
            "ssnamenr": null,
            "drb": null
        },
        {
            "candid": 1567213836315015009,
            "jd": 2459321.713831,
            "ra": 154.6850488,
            "dec": 0.0553789,
            "fid": 2,
            "nid": 1567,
            "magpsf": 19.24049949645996,
            "sigmapsf": 0.12393499910831451,
            "magnr": 19.974000930786133,
            "sigmagnr": 0.07100000232458115,
            "magzpsci": 26.12350082397461,
            "isdiffpos": "t",
            "ssdistnr": null,
            "ssnamenr": null,
            "drb": null
        },
        {
            "candid": 1567234616315015006,
            "jd": 2459321.7346181,
            "ra": 154.6850545,
            "dec": 0.0553737,
            "fid": 1,
            "nid": 1567,
            "magpsf": 19.252099990844727,
            "sigmapsf": 0.10625699907541275,
            "magnr": 19.58799934387207,
            "sigmagnr": 0.07999999821186066,
            "magzpsci": 26.180099487304688,
            "isdiffpos": "t",
            "ssdistnr": null,
            "ssnamenr": null,
            "drb": null
        },
        {
            "candid": 1569175456315015003,
            "jd": 2459323.6754514,
            "ra": 154.6850317,
            "dec": 0.0553617,
            "fid": 1,
            "nid": 1569,
            "magpsf": 19.39459991455078,
            "sigmapsf": 0.17933200299739838,
            "magnr": 19.58799934387207,
            "sigmagnr": 0.07999999821186066,
            "magzpsci": 26.226600646972656,
            "isdiffpos": "t",
            "ssdistnr": null,
            "ssnamenr": null,
            "drb": null
        },
        {
            "candid": 1569211496315015004,
            "jd": 2459323.7114931,
            "ra": 154.6850365,
            "dec": 0.055351,
            "fid": 2,
            "nid": 1569,
            "magpsf": 19.612199783325195,
            "sigmapsf": 0.17773300409317017,
            "magnr": 19.974000930786133,
            "sigmagnr": 0.07100000232458115,
            "magzpsci": 26.143199920654297,
            "isdiffpos": "t",
            "ssdistnr": null,
            "ssnamenr": null,
            "drb": null
        },
        {
            "candid": 1571172416315015003,
            "jd": 2459325.672419,
            "ra": 154.6850321,
            "dec": 0.0553825,
            "fid": 2,
            "nid": 1571,
            "magpsf": 19.900400161743164,
            "sigmapsf": 0.17525799572467804,
            "magnr": 19.974000930786133,
            "sigmagnr": 0.07100000232458115,
            "magzpsci": 26.17340087890625,
            "isdiffpos": "t",
            "ssdistnr": null,
            "ssnamenr": null,
            "drb": null
        },
        {
            "candid": 1571190256315015001,
            "jd": 2459325.6902546,
            "ra": 154.6850595,
            "dec": 0.0554576,
            "fid": 1,
            "nid": 1571,
            "magpsf": 19.641799926757812,
            "sigmapsf": 0.1968729943037033,
            "magnr": 19.58799934387207,
            "sigmagnr": 0.07999999821186066,
            "magzpsci": 26.23780059814453,
            "isdiffpos": "t",
            "ssdistnr": null,
            "ssnamenr": null,
            "drb": null
        },
        {
            "candid": 1581170196315015001,
            "jd": 2459335.6701968,
            "ra": 154.6850971,
            "dec": 0.0553925,
            "fid": 2,
            "nid": 1581,
            "magpsf": 20.283300399780273,
            "sigmapsf": 0.2441360056400299,
            "magnr": 19.974000930786133,
            "sigmagnr": 0.07100000232458115,
            "magzpsci": 26.15130043029785,
            "isdiffpos": "t",
            "ssdistnr": null,
            "ssnamenr": null,
            "drb": null
        },
        {
            "candid": 1581212856315015004,
            "jd": 2459335.7128588,
            "ra": 154.6850307,
            "dec": 0.0553386,
            "fid": 1,
            "nid": 1581,
            "magpsf": 20.028200149536133,
            "sigmapsf": 0.19345299899578094,
            "magnr": 19.58799934387207,
            "sigmagnr": 0.07999999821186066,
            "magzpsci": 26.059200286865234,
            "isdiffpos": "t",
            "ssdistnr": null,
            "ssnamenr": null,
            "drb": null
        },
        {
            "candid": 1584228646315015009,
            "jd": 2459338.7286458,
            "ra": 154.684928,
            "dec": 0.0554419,
            "fid": 2,
            "nid": 1584,
            "magpsf": 20.52669906616211,
            "sigmapsf": 0.37156200408935547,
            "magnr": 19.974000930786133,
            "sigmagnr": 0.07100000232458115,
            "magzpsci": 26.10569953918457,
            "isdiffpos": "t",
            "ssdistnr": null,
            "ssnamenr": null,
            "drb": null
        },
        {
            "candid": 1586191276315015017,
            "jd": 2459340.6912731,
            "ra": 154.6850302,
            "dec": 0.055431,
            "fid": 1,
            "nid": 1586,
            "magpsf": 20.186330795288086,
            "sigmapsf": 0.19859300553798676,
            "magnr": 19.58799934387207,
            "sigmagnr": 0.07999999821186066,
            "magzpsci": 26.183330535888672,
            "isdiffpos": "t",
            "ssdistnr": -999.0,
            "ssnamenr": "null",
            "drb": null
        },
        {
            "jd": 2459291.7360069,
            "fid": 2,
            "diffmaglim": 20.3257999420166
        },
        {
            "jd": 2459293.732419,
            "fid": 2,
            "diffmaglim": 20.09440040588379
        },
        {
            "jd": 2459293.7771644,
            "fid": 1,
            "diffmaglim": 20.44179916381836
        },
        {
            "jd": 2459296.748912,
            "fid": 2,
            "diffmaglim": 19.67930030822754
        },
        {
            "jd": 2459296.8073727,
            "fid": 1,
            "diffmaglim": 19.17620086669922
        },
        {
            "jd": 2459298.752037,
            "fid": 1,
            "diffmaglim": 18.420499801635742
        },
        {
            "jd": 2459298.7756713,
            "fid": 2,
            "diffmaglim": 17.91029930114746
        },
        {
            "jd": 2459302.7409722,
            "fid": 2,
            "diffmaglim": 19.187700271606445
        },
        {
            "jd": 2459304.6698727,
            "fid": 2,
            "diffmaglim": 20.046499252319336
        },
        {
            "jd": 2459304.7115741,
            "fid": 1,
            "diffmaglim": 19.717199325561523
        },
        {
            "jd": 2459306.8116667,
            "fid": 1,
            "diffmaglim": 20.24839973449707
        },
        {
            "jd": 2459306.8743171,
            "fid": 2,
            "diffmaglim": 19.704999923706055
        },
        {
            "jd": 2459308.7701852,
            "fid": 1,
            "diffmaglim": 20.640300750732422
        },
        {
            "jd": 2459312.7322801,
            "fid": 1,
            "diffmaglim": 20.44099998474121
        },
        {
            "jd": 2459329.7319676,
            "fid": 2,
            "diffmaglim": 19.252099990844727
        },
        {
            "jd": 2459338.6700116,
            "fid": 1,
            "diffmaglim": 20.609899520874023
        }
    ],
    "forcedphot": []
}