{
    "objectId": "ZTF19acjtlxe",
    "candidates": [
        {
            "candid": 1031102013615015004,
            "jd": 2458785.6020139,
            "ra": 276.4281803,
            "dec": 34.6582105,
            "fid": 2,
            "nid": 1031,
            "magpsf": 19.3794002532959,
            "sigmapsf": 0.14133499562740326,
            "magnr": 17.32200050354004,
            "sigmagnr": 0.08799999952316284,
            "magzpsci": 26.156400680541992,
            "isdiffpos": "t",
            "ssdistnr": -999.0,
            "ssnamenr": "null",
            "drb": 0.9963070154190063
        },
        {
            "candid": 1031113203615015004,
            "jd": 2458785.613206,
            "ra": 276.4281289,
            "dec": 34.6582542,
            "fid": 1,
            "nid": 1031,
            "magpsf": 19.25979995727539,
            "sigmapsf": 0.11696700006723404,
            "magnr": 18.84000015258789,
            "sigmagnr": 0.08699999749660492,
            "magzpsci": 26.106800079345703,
            "isdiffpos": "t",
            "ssdistnr": -999.0,
            "ssnamenr": "null",
            "drb": 1.0
        },
        {
            "candid": 1035117983615015008,
            "jd": 2458789.6179861,
            "ra": 276.4281555,
            "dec": 34.6581908,
            "fid": 1,
            "nid": 1035,
            "magpsf": 18.723600387573242,
            "sigmapsf": 0.133309006690979,
            "magnr": 18.84000015258789,
            "sigmagnr": 0.08699999749660492,
            "magzpsci": 26.09160041809082,
            "isdiffpos": "t",
            "ssdistnr": -999.0,
            "ssnamenr": "null",
            "drb": 1.0
        },
        {
            "candid": 1038104153615015007,
            "jd": 2458792.6041551,
            "ra": 276.4281913,
            "dec": 34.6582592,
            "fid": 1,
            "nid": 1038,
            "magpsf": 18.653900146484375,
            "sigmapsf": 0.09753900021314621,
            "magnr": 18.84000015258789,
            "sigmagnr": 0.08699999749660492,
            "magzpsci": 26.046899795532227,
            "isdiffpos": "t",
            "ssdistnr": -999.0,
            "ssnamenr": "null",
            "drb": 1.0
        },
        {
            "candid": 1038121143615015005,
            "jd": 2458792.6211458,
            "ra": 276.428199,
            "dec": 34.6582341,
            "fid": 2,
            "nid": 1038,
            "magpsf": 18.552200317382812,
            "sigmapsf": 0.10483899712562561,
            "magnr": 17.32200050354004,
            "sigmagnr": 0.08799999952316284,
            "magzpsci": 26.08919906616211,
            "isdiffpos": "t",
            "ssdistnr": -999.0,
            "ssnamenr": "null",
            "drb": 0.9999939799308777
        },
        {
            "candid": 1041082903615015004,
            "jd": 2458795.5829051,
            "ra": 276.4281729,
            "dec": 34.6582219,
            "fid": 2,
            "nid": 1041,
            "magpsf": 18.433900833129883,
            "sigmapsf": 0.0907989963889122,
            "magnr": 17.32200050354004,
            "sigmagnr": 0.08799999952316284,
            "magzpsci": 26.13990020751953,
            "isdiffpos": "t",
            "ssdistnr": -999.0,
            "ssnamenr": "null",
            "drb": 0.9999759793281555
        },
        {
            "candid": 1041121593615015007,
            "jd": 2458795.6215972,
            "ra": 276.4281878,
            "dec": 34.6581719,
            "fid": 1,
            "nid": 1041,
            "magpsf": 18.805200576782227,
            "sigmapsf": 0.14475399255752563,
            "magnr": 18.84000015258789,
            "sigmagnr": 0.08699999749660492,
            "magzpsci": 26.061199188232422,
            "isdiffpos": "t",
            "ssdistnr": -999.0,
            "ssnamenr": "null",
            "drb": 1.0
        },
        {
            "jd": 2458757.63905,
            "fid": 1,
            "diffmaglim": 20.722999572753906
        },
        {
            "jd": 2458760.63147,
            "fid": 1,
            "diffmaglim": 20.533000946044922
        },
        {
            "jd": 2458764.74647,
            "fid": 1,
            "diffmaglim": 19.57200050354004
        },
        {
            "jd": 2458767.61434,
            "fid": 2,
            "diffmaglim": 19.701000213623047
        },
        {
            "jd": 2458767.71698,
            "fid": 1,
            "diffmaglim": 18.635000228881836
        },
        {
            "jd": 2458770.70443,
            "fid": 2,
            "diffmaglim": 19.37700080871582
        },
        {
            "jd": 2458773.5984,
            "fid": 2,
            "diffmaglim": 17.868999481201172
        },
        {
            "jd": 2458773.61448,
            "fid": 1,
            "diffmaglim": 19.552000045776367
        },
        {
            "jd": 2458776.61271,
            "fid": 1,
            "diffmaglim": 20.56800079345703
        },
        {
            "jd": 2458779.59804,
            "fid": 2,
            "diffmaglim": 20.31599998474121
        },
        {
            "jd": 2458779.62162,
            "fid": 1,
            "diffmaglim": 20.520000457763672
        },
        {
            "jd": 2458782.61791,
            "fid": 2,
            "diffmaglim": 20.23699951171875
        }
    ],
    "forcedphot": []
}