{
    "objectId": "ZTF19aafmyow",
    "candidates": [
        {
            "candid": 757488872015015007,
            "jd": 2458511.9888773,
            "ra": 246.4110286,
            "dec": 47.4372765,
            "fid": 1,
            "nid": 757,
            "magpsf": 19.539600372314453,
            "sigmapsf": 0.1369429975748062,
            "magnr": 19.834999084472656,
            "sigmagnr": 0.04399999976158142,
            "magzpsci": 26.19260025024414,
            "isdiffpos": "t",
            "ssdistnr": -999.0,
            "ssnamenr": "null",
            "drb": null
        },
        {
            "candid": 757548782015015002,
            "jd": 2458512.0487847,
            "ra": 246.4109626,
            "dec": 47.4372273,
            "fid": 2,
            "nid": 757,
            "magpsf": 19.810400009155273,
            "sigmapsf": 0.20608200132846832,
            "magnr": 19.634000778198242,
            "sigmagnr": 0.07199999690055847,
            "magzpsci": 26.11240005493164,
            "isdiffpos": "t",
            "ssdistnr": -999.0,
            "ssnamenr": "null",
            "drb": null
        },
        {
            "candid": 757548782015025002,
            "jd": 2458512.0487847,
            "ra": 246.4109626,
            "dec": 47.4372273,
            "fid": 2,
            "nid": 757,
            "magpsf": 19.810400009155273,
            "sigmapsf": 0.20608200132846832,
            "magnr": 19.634000778198242,
            "sigmagnr": 0.07199999690055847,
            "magzpsci": 26.11240005493164,
            "isdiffpos": "t",
            "ssdistnr": -999.0,
            "ssnamenr": "-999.0",
            "drb": null
        },
        {
            "candid": 768505922015015013,
            "jd": 2458523.0059259,
            "ra": 246.4109914,
            "dec": 47.4372514,
            "fid": 1,
            "nid": 768,
            "magpsf": 17.29800033569336,
            "sigmapsf": 0.047394998371601105,
            "magnr": 19.834999084472656,
            "sigmagnr": 0.04399999976158142,
            "magzpsci": 26.22100067138672,
            "isdiffpos": "t",
            "ssdistnr": -999.0,
            "ssnamenr": "null",
            "drb": null
        },
        {
            "candid": 772530972015015003,
            "jd": 2458527.0309722,
            "ra": 246.4110084,
            "dec": 47.437243,
            "fid": 2,
            "nid": 772,
            "magpsf": 17.127899169921875,
            "sigmapsf": 0.04007900133728981,
            "magnr": 19.634000778198242,
            "sigmagnr": 0.07199999690055847,
            "magzpsci": 26.16390037536621,
            "isdiffpos": "t",
            "ssdistnr": -999.0,
            "ssnamenr": "null",
            "drb": null
        },
        {
            "candid": 780413395615015009,
            "jd": 2458534.9133912,
            "ra": 246.4110646,
            "dec": 47.4372301,
            "fid": 2,
            "nid": 780,
            "magpsf": 17.006999969482422,
            "sigmapsf": 0.058490000665187836,
            "magnr": 19.63599967956543,
            "sigmagnr": 0.08699999749660492,
            "magzpsci": 26.094900131225586,
            "isdiffpos": "t",
            "ssdistnr": -999.0,
            "ssnamenr": "null",
            "drb": null
        },
        {
            "candid": 784507852015015001,
            "jd": 2458539.0078588,
            "ra": 246.411013,
            "dec": 47.4372565,
            "fid": 2,
            "nid": 784,
            "magpsf": 16.962099075317383,
            "sigmapsf": 0.05541300028562546,
            "magnr": 19.634000778198242,
            "sigmagnr": 0.07199999690055847,
            "magzpsci": 25.787099838256836,
            "isdiffpos": "t",
            "ssdistnr": -999.0,
            "ssnamenr": "null",
            "drb": null
        },
        {
            "candid": 784536082015015004,
            "jd": 2458539.036088,
            "ra": 246.4110214,
            "dec": 47.4372651,
            "fid": 1,
            "nid": 784,
            "magpsf": 17.41360092163086,
            "sigmapsf": 0.059647999703884125,
            "magnr": 19.834999084472656,
            "sigmagnr": 0.04399999976158142,
            "magzpsci": 25.949600219726562,
            "isdiffpos": "t",
            "ssdistnr": -999.0,
            "ssnamenr": "null",
            "drb": null
        },
        {
            "candid": 787449932015015009,
            "jd": 2458541.9499306,
            "ra": 246.411014,
            "dec": 47.4372626,
            "fid": 1,
            "nid": 787,
            "magpsf": 17.626699447631836,
            "sigmapsf": 0.05209900066256523,
            "magnr": 19.834999084472656,
            "sigmagnr": 0.04399999976158142,
            "magzpsci": 26.237699508666992,
            "isdiffpos": "t",
            "ssdistnr": -999.0,
            "ssnamenr": "null",
            "drb": null
        },
        {
            "candid": 787537152015015000,
            "jd": 2458542.0371528,
            "ra": 246.4109935,
            "dec": 47.437241,
            "fid": 2,
            "nid": 787,
            "magpsf": 17.150999069213867,
            "sigmapsf": 0.04465499892830849,
            "magnr": 19.634000778198242,
            "sigmagnr": 0.07199999690055847,
            "magzpsci": 26.26300048828125,
            "isdiffpos": "t",
            "ssdistnr": -999.0,
            "ssnamenr": "null",
            "drb": null
        },
        {
            "candid": 793534252015015011,
            "jd": 2458548.0342593,
            "ra": 246.411008,
            "dec": 47.4372725,
            "fid": 2,
            "nid": 793,
            "magpsf": 17.22610092163086,
            "sigmapsf": 0.05640900135040283,
            "magnr": 19.634000778198242,
            "sigmagnr": 0.07199999690055847,
            "magzpsci": 26.25909996032715,
            "isdiffpos": "t",
            "ssdistnr": -999.0,
            "ssnamenr": "null",
            "drb": null
        },
        {
            "candid": 804296365615015019,
            "jd": 2458558.7963657,
            "ra": 246.4110497,
            "dec": 47.4372253,
            "fid": 2,
            "nid": 804,
            "magpsf": 17.555099487304688,
            "sigmapsf": 0.06227000057697296,
            "magnr": 19.63599967956543,
            "sigmagnr": 0.08699999749660492,
            "magzpsci": 26.072099685668945,
            "isdiffpos": "t",
            "ssdistnr": -999.0,
            "ssnamenr": "null",
            "drb": null
        },
        {
            "candid": 813516202015015002,
            "jd": 2458568.0162037,
            "ra": 246.4109857,
            "dec": 47.4373022,
            "fid": 1,
            "nid": 813,
            "magpsf": 18.88319969177246,
            "sigmapsf": 0.11205200105905533,
            "magnr": 19.834999084472656,
            "sigmagnr": 0.04399999976158142,
            "magzpsci": 26.19219970703125,
            "isdiffpos": "t",
            "ssdistnr": -999.0,
            "ssnamenr": "null",
            "drb": null
        },
        {
            "candid": 813528592015015001,
            "jd": 2458568.0285995,
            "ra": 246.4110161,
            "dec": 47.4372621,
            "fid": 2,
            "nid": 813,
            "magpsf": 17.986799240112305,
            "sigmapsf": 0.05146300047636032,
            "magnr": 19.634000778198242,
            "sigmagnr": 0.07199999690055847,
            "magzpsci": 26.21980094909668,
            "isdiffpos": "t",
            "ssdistnr": -999.0,
            "ssnamenr": "null",
            "drb": null
        },
        {
            "candid": 818447062015015004,
            "jd": 2458572.9470602,
            "ra": 246.4110145,
            "dec": 47.437286,
            "fid": 2,
            "nid": 818,
            "magpsf": 18.090599060058594,
            "sigmapsf": 0.0739310011267662,
            "magnr": 19.634000778198242,
            "sigmagnr": 0.07199999690055847,
            "magzpsci": 26.173599243164062,
            "isdiffpos": "t",
            "ssdistnr": -999.0,
            "ssnamenr": "null",
            "drb": null
        },
        {
            "candid": 818494002015015012,
            "jd": 2458572.9940046,
            "ra": 246.4109676,
            "dec": 47.437277,
            "fid": 1,
            "nid": 818,
            "magpsf": 18.985300064086914,
            "sigmapsf": 0.08529199659824371,
            "magnr": 19.834999084472656,
            "sigmagnr": 0.04399999976158142,
            "magzpsci": 26.264299392700195,
            "isdiffpos": "t",
            "ssdistnr": -999.0,
            "ssnamenr": "null",
            "drb": null
        },
        {
            "candid": 821430042015015006,
            "jd": 2458575.9300463,
            "ra": 246.4110183,
            "dec": 47.4372808,
            "fid": 2,
            "nid": 821,
            "magpsf": 18.14780044555664,
            "sigmapsf": 0.052845001220703125,
            "magnr": 19.634000778198242,
            "sigmagnr": 0.07199999690055847,
            "magzpsci": 26.233800888061523,
            "isdiffpos": "t",
            "ssdistnr": -999.0,
            "ssnamenr": "null",
            "drb": null
        },
        {
            "candid": 821489982015015037,
            "jd": 2458575.9899884,
            "ra": 246.4110551,
            "dec": 47.4372895,
            "fid": 1,
            "nid": 821,
            "magpsf": 19.096099853515625,
            "sigmapsf": 0.13338899612426758,
            "magnr": 19.834999084472656,
            "sigmagnr": 0.04399999976158142,
            "magzpsci": 25.51810073852539,
            "isdiffpos": "t",
            "ssdistnr": -999.0,
            "ssnamenr": "null",
            "drb": null
        },
        {
            "candid": 826371155615015023,
            "jd": 2458580.8711574,
            "ra": 246.411031,
            "dec": 47.4372688,
            "fid": 2,
            "nid": 826,
            "magpsf": 18.2893009185791,
            "sigmapsf": 0.05989300087094307,
            "magnr": 19.63599967956543,
            "sigmagnr": 0.08699999749660492,
            "magzpsci": 26.150299072265625,
            "isdiffpos": "t",
            "ssdistnr": -999.0,
            "ssnamenr": "null",
            "drb": null
        },
        {
            "candid": 826428352015015002,
            "jd": 2458580.9283565,
            "ra": 246.4110151,
            "dec": 47.4372662,
            "fid": 1,
            "nid": 826,
            "magpsf": 19.016799926757812,
            "sigmapsf": 0.09536699950695038,
            "magnr": 19.834999084472656,
            "sigmagnr": 0.04399999976158142,
            "magzpsci": 26.06279945373535,
            "isdiffpos": "t",
            "ssdistnr": -999.0,
            "ssnamenr": "null",
            "drb": null
        },
        {
            "candid": 826474402015015000,
            "jd": 2458580.9744097,
            "ra": 246.4110127,
            "dec": 47.4372702,
            "fid": 2,
            "nid": 826,
            "magpsf": 18.22949981689453,
            "sigmapsf": 0.049612998962402344,
            "magnr": 19.634000778198242,
            "sigmagnr": 0.07199999690055847,
            "magzpsci": 26.154499053955078,
            "isdiffpos": "t",
            "ssdistnr": -999.0,
            "ssnamenr": "null",
            "drb": null
        },
        {
            "candid": 829383362015015007,
            "jd": 2458583.8833681,
            "ra": 246.4109587,
            "dec": 47.4371931,
            "fid": 1,
            "nid": 829,
            "magpsf": 19.21190071105957,
            "sigmapsf": 0.14636899530887604,
            "magnr": 19.834999084472656,
            "sigmagnr": 0.04399999976158142,
            "magzpsci": 26.123899459838867,
            "isdiffpos": "t",
            "ssdistnr": -999.0,
            "ssnamenr": "null",
            "drb": null
        },
        {
            "candid": 832386252015015001,
            "jd": 2458586.88625,
            "ra": 246.4109868,
            "dec": 47.4372237,
            "fid": 2,
            "nid": 832,
            "magpsf": 18.415700912475586,
            "sigmapsf": 0.07509700208902359,
            "magnr": 19.634000778198242,
            "sigmagnr": 0.07199999690055847,
            "magzpsci": 26.21269989013672,
            "isdiffpos": "t",
            "ssdistnr": -999.0,
            "ssnamenr": "null",
            "drb": null
        },
        {
            "candid": 832446442015015001,
            "jd": 2458586.9464468,
            "ra": 246.4110282,
            "dec": 47.4372627,
            "fid": 1,
            "nid": 832,
            "magpsf": 19.1830997467041,
            "sigmapsf": 0.09628999978303909,
            "magnr": 19.834999084472656,
            "sigmagnr": 0.04399999976158142,
            "magzpsci": 26.24209976196289,
            "isdiffpos": "t",
            "ssdistnr": -999.0,
            "ssnamenr": "null",
            "drb": null
        },
        {
            "candid": 835289355615015006,
            "jd": 2458589.7893519,
            "ra": 246.4110645,
            "dec": 47.4372023,
            "fid": 2,
            "nid": 835,
            "magpsf": 18.280899047851562,
            "sigmapsf": 0.16968399286270142,
            "magnr": 19.63599967956543,
            "sigmagnr": 0.08699999749660492,
            "magzpsci": 25.763900756835938,
            "isdiffpos": "t",
            "ssdistnr": -999.0,
            "ssnamenr": "-999.0",
            "drb": null
        },
        {
            "candid": 839306365615015003,
            "jd": 2458593.8063657,
            "ra": 246.4109879,
            "dec": 47.437264,
            "fid": 2,
            "nid": 839,
            "magpsf": 18.370899200439453,
            "sigmapsf": 0.08169200271368027,
            "magnr": 19.63599967956543,
            "sigmagnr": 0.08699999749660492,
            "magzpsci": 26.14189910888672,
            "isdiffpos": "t",
            "ssdistnr": -999.0,
            "ssnamenr": "null",
            "drb": null
        },
        {
            "candid": 842402152015015000,
            "jd": 2458596.9021528,
            "ra": 246.4110294,
            "dec": 47.4372615,
            "fid": 2,
            "nid": 842,
            "magpsf": 18.491899490356445,
            "sigmapsf": 0.06142500042915344,
            "magnr": 19.634000778198242,
            "sigmagnr": 0.07199999690055847,
            "magzpsci": 26.224899291992188,
            "isdiffpos": "t",
            "ssdistnr": -999.0,
            "ssnamenr": "null",
            "drb": null
        },
        {
            "candid": 842468552015015005,
            "jd": 2458596.9685532,
            "ra": 246.4109699,
            "dec": 47.437254,
            "fid": 1,
            "nid": 842,
            "magpsf": 19.26140022277832,
            "sigmapsf": 0.15625299513339996,
            "magnr": 19.834999084472656,
            "sigmagnr": 0.04399999976158142,
            "magzpsci": 26.222400665283203,
            "isdiffpos": "t",
            "ssdistnr": -999.0,
            "ssnamenr": "null",
            "drb": null
        },
        {
            "candid": 848302775615015021,
            "jd": 2458602.8027778,
            "ra": 246.4110342,
            "dec": 47.4372661,
            "fid": 2,
            "nid": 848,
            "magpsf": 18.59760093688965,
            "sigmapsf": 0.0864029973745346,
            "magnr": 19.63599967956543,
            "sigmagnr": 0.08699999749660492,
            "magzpsci": 26.1205997467041,
            "isdiffpos": "t",
            "ssdistnr": -999.0,
            "ssnamenr": "null",
            "drb": null
        },
        {
            "candid": 851385052015015002,
            "jd": 2458605.8850579,
            "ra": 246.4110093,
            "dec": 47.4372514,
            "fid": 2,
            "nid": 851,
            "magpsf": 18.632200241088867,
            "sigmapsf": 0.0781479999423027,
            "magnr": 19.634000778198242,
            "sigmagnr": 0.07199999690055847,
            "magzpsci": 26.096200942993164,
            "isdiffpos": "t",
            "ssdistnr": -999.0,
            "ssnamenr": "null",
            "drb": null
        },
        {
            "candid": 852283345615015019,
            "jd": 2458606.7833449,
            "ra": 246.410997,
            "dec": 47.4372652,
            "fid": 2,
            "nid": 852,
            "magpsf": 18.64539909362793,
            "sigmapsf": 0.08562099933624268,
            "magnr": 19.63599967956543,
            "sigmagnr": 0.08699999749660492,
            "magzpsci": 26.087400436401367,
            "isdiffpos": "t",
            "ssdistnr": -999.0,
            "ssnamenr": "null",
            "drb": null
        },
        {
            "candid": 854323612015015002,
            "jd": 2458608.8236111,
            "ra": 246.4110109,
            "dec": 47.4372316,
            "fid": 1,
            "nid": 854,
            "magpsf": 19.362899780273438,
            "sigmapsf": 0.10952199995517731,
            "magnr": 19.834999084472656,
            "sigmagnr": 0.04399999976158142,
            "magzpsci": 26.13990020751953,
            "isdiffpos": "t",
            "ssdistnr": -999.0,
            "ssnamenr": "null",
            "drb": null
        },
        {
            "candid": 854368882015015002,
            "jd": 2458608.8688889,
            "ra": 246.4110063,
            "dec": 47.4372479,
            "fid": 2,
            "nid": 854,
            "magpsf": 18.648099899291992,
            "sigmapsf": 0.07339499890804291,
            "magnr": 19.634000778198242,
            "sigmagnr": 0.07199999690055847,
            "magzpsci": 25.98509979248047,
            "isdiffpos": "t",
            "ssdistnr": -999.0,
            "ssnamenr": "null",
            "drb": null
        },
        {
            "candid": 858352812015015000,
            "jd": 2458612.8528125,
            "ra": 246.4110221,
            "dec": 47.4372708,
            "fid": 2,
            "nid": 858,
            "magpsf": 18.689199447631836,
            "sigmapsf": 0.07389699667692184,
            "magnr": 19.634000778198242,
            "sigmagnr": 0.07199999690055847,
            "magzpsci": 26.17919921875,
            "isdiffpos": "t",
            "ssdistnr": -999.0,
            "ssnamenr": "null",
            "drb": null
        },
        {
            "candid": 862385302015015000,
            "jd": 2458616.8853009,
            "ra": 246.4110294,
            "dec": 47.4372643,
            "fid": 2,
            "nid": 862,
            "magpsf": 18.776599884033203,
            "sigmapsf": 0.07836899906396866,
            "magnr": 19.634000778198242,
            "sigmagnr": 0.07199999690055847,
            "magzpsci": 26.165599822998047,
            "isdiffpos": "t",
            "ssdistnr": -999.0,
            "ssnamenr": "null",
            "drb": null
        },
        {
            "candid": 862447302015015002,
            "jd": 2458616.9473032,
            "ra": 246.4109908,
            "dec": 47.4372489,
            "fid": 1,
            "nid": 862,
            "magpsf": 19.42930030822754,
            "sigmapsf": 0.10511499643325806,
            "magnr": 19.834999084472656,
            "sigmagnr": 0.04399999976158142,
            "magzpsci": 26.16830062866211,
            "isdiffpos": "t",
            "ssdistnr": -999.0,
            "ssnamenr": "null",
            "drb": null
        },
        {
            "candid": 863284245615015004,
            "jd": 2458617.7842477,
            "ra": 246.4110125,
            "dec": 47.437261,
            "fid": 2,
            "nid": 863,
            "magpsf": 18.80340003967285,
            "sigmapsf": 0.09466999769210815,
            "magnr": 19.63599967956543,
            "sigmagnr": 0.08699999749660492,
            "magzpsci": 26.11240005493164,
            "isdiffpos": "t",
            "ssdistnr": -999.0,
            "ssnamenr": "null",
            "drb": null
        },
        {
            "candid": 864228345615015004,
            "jd": 2458618.7283449,
            "ra": 246.4109959,
            "dec": 47.4372436,
            "fid": 2,
            "nid": 864,
            "magpsf": 18.77120018005371,
            "sigmapsf": 0.08414699882268906,
            "magnr": 19.63599967956543,
            "sigmagnr": 0.08699999749660492,
            "magzpsci": 26.095199584960938,
            "isdiffpos": "t",
            "ssdistnr": -999.0,
            "ssnamenr": "null",
            "drb": null
        },
        {
            "candid": 865345552015015000,
            "jd": 2458619.8455556,
            "ra": 246.4109634,
            "dec": 47.4372127,
            "fid": 2,
            "nid": 865,
            "magpsf": 18.73419952392578,
            "sigmapsf": 0.17167900502681732,
            "magnr": 19.634000778198242,
            "sigmagnr": 0.07199999690055847,
            "magzpsci": 26.071199417114258,
            "isdiffpos": "t",
            "ssdistnr": -999.0,
            "ssnamenr": "null",
            "drb": null
        },
        {
            "candid": 873368352015015000,
            "jd": 2458627.8683565,
            "ra": 246.4110159,
            "dec": 47.4372792,
            "fid": 2,
            "nid": 873,
            "magpsf": 18.902999877929688,
            "sigmapsf": 0.09353499859571457,
            "magnr": 19.634000778198242,
            "sigmagnr": 0.07199999690055847,
            "magzpsci": 26.198999404907227,
            "isdiffpos": "t",
            "ssdistnr": -999.0,
            "ssnamenr": "null",
            "drb": null
        },
        {
            "candid": 878296412015015002,
            "jd": 2458632.796412,
            "ra": 246.4109981,
            "dec": 47.4372997,
            "fid": 2,
            "nid": 878,
            "magpsf": 18.994600296020508,
            "sigmapsf": 0.10686200112104416,
            "magnr": 19.634000778198242,
            "sigmagnr": 0.07199999690055847,
            "magzpsci": 26.189599990844727,
            "isdiffpos": "t",
            "ssdistnr": -999.0,
            "ssnamenr": "null",
            "drb": null
        },
        {
            "candid": 878351492015015004,
            "jd": 2458632.8514931,
            "ra": 246.4110062,
            "dec": 47.437271,
            "fid": 1,
            "nid": 878,
            "magpsf": 19.556699752807617,
            "sigmapsf": 0.12699900567531586,
            "magnr": 19.834999084472656,
            "sigmagnr": 0.04399999976158142,
            "magzpsci": 26.196699142456055,
            "isdiffpos": "t",
            "ssdistnr": -999.0,
            "ssnamenr": "null",
            "drb": null
        },
        {
            "candid": 881222042015015006,
            "jd": 2458635.7220486,
            "ra": 246.4110316,
            "dec": 47.4372684,
            "fid": 1,
            "nid": 881,
            "magpsf": 19.604700088500977,
            "sigmapsf": 0.11680299788713455,
            "magnr": 19.834999084472656,
            "sigmagnr": 0.04399999976158142,
            "magzpsci": 26.165700912475586,
            "isdiffpos": "t",
            "ssdistnr": -999.0,
            "ssnamenr": "null",
            "drb": null
        },
        {
            "candid": 881276822015015004,
            "jd": 2458635.7768287,
            "ra": 246.4110101,
            "dec": 47.4372776,
            "fid": 2,
            "nid": 881,
            "magpsf": 19.004600524902344,
            "sigmapsf": 0.07713399827480316,
            "magnr": 19.634000778198242,
            "sigmagnr": 0.07199999690055847,
            "magzpsci": 26.193599700927734,
            "isdiffpos": "t",
            "ssdistnr": -999.0,
            "ssnamenr": "null",
            "drb": null
        },
        {
            "candid": 884259302015015003,
            "jd": 2458638.7593056,
            "ra": 246.411015,
            "dec": 47.4372812,
            "fid": 2,
            "nid": 884,
            "magpsf": 19.0674991607666,
            "sigmapsf": 0.07197099924087524,
            "magnr": 19.634000778198242,
            "sigmagnr": 0.07199999690055847,
            "magzpsci": 26.181499481201172,
            "isdiffpos": "t",
            "ssdistnr": -999.0,
            "ssnamenr": "null",
            "drb": null
        },
        {
            "candid": 884340022015015007,
            "jd": 2458638.8400231,
            "ra": 246.4110495,
            "dec": 47.4372578,
            "fid": 1,
            "nid": 884,
            "magpsf": 19.590299606323242,
            "sigmapsf": 0.11464200168848038,
            "magnr": 19.834999084472656,
            "sigmagnr": 0.04399999976158142,
            "magzpsci": 26.176300048828125,
            "isdiffpos": "t",
            "ssdistnr": -999.0,
            "ssnamenr": "null",
            "drb": null
        },
        {
            "candid": 887242782015015002,
            "jd": 2458641.7427894,
            "ra": 246.4110179,
            "dec": 47.437295,
            "fid": 1,
            "nid": 887,
            "magpsf": 19.66710090637207,
            "sigmapsf": 0.10470099747180939,
            "magnr": 19.834999084472656,
            "sigmagnr": 0.04399999976158142,
            "magzpsci": 26.193099975585938,
            "isdiffpos": "t",
            "ssdistnr": -999.0,
            "ssnamenr": "null",
            "drb": null
        },
        {
            "candid": 887301202015015007,
            "jd": 2458641.8012037,
            "ra": 246.4110239,
            "dec": 47.4372592,
            "fid": 2,
            "nid": 887,
            "magpsf": 19.093900680541992,
            "sigmapsf": 0.07225999981164932,
            "magnr": 19.634000778198242,
            "sigmagnr": 0.07199999690055847,
            "magzpsci": 26.20989990234375,
            "isdiffpos": "t",
            "ssdistnr": -999.0,
            "ssnamenr": "null",
            "drb": null
        },
        {
            "candid": 890225132015015003,
            "jd": 2458644.7251389,
            "ra": 246.4110867,
            "dec": 47.437304,
            "fid": 1,
            "nid": 890,
            "magpsf": 19.705799102783203,
            "sigmapsf": 0.14897599816322327,
            "magnr": 19.834999084472656,
            "sigmagnr": 0.04399999976158142,
            "magzpsci": 26.199800491333008,
            "isdiffpos": "t",
            "ssdistnr": -999.0,
            "ssnamenr": "null",
            "drb": null
        },
        {
            "candid": 890286062015015002,
            "jd": 2458644.7860648,
            "ra": 246.4110088,
            "dec": 47.4372261,
            "fid": 2,
            "nid": 890,
            "magpsf": 19.15180015563965,
            "sigmapsf": 0.08501099795103073,
            "magnr": 19.634000778198242,
            "sigmagnr": 0.07199999690055847,
            "magzpsci": 26.208799362182617,
            "isdiffpos": "t",
            "ssdistnr": -999.0,
            "ssnamenr": "null",
            "drb": null
        },
        {
            "candid": 893221942015015004,
            "jd": 2458647.7219444,
            "ra": 246.4109622,
            "dec": 47.4372327,
            "fid": 1,
            "nid": 893,
            "magpsf": 19.696800231933594,
            "sigmapsf": 0.20120400190353394,
            "magnr": 19.834999084472656,
            "sigmagnr": 0.04399999976158142,
            "magzpsci": 26.212799072265625,
            "isdiffpos": "t",
            "ssdistnr": -999.0,
            "ssnamenr": "null",
            "drb": null
        },
        {
            "candid": 893261712015015001,
            "jd": 2458647.761713,
            "ra": 246.4110157,
            "dec": 47.4372714,
            "fid": 2,
            "nid": 893,
            "magpsf": 19.149999618530273,
            "sigmapsf": 0.10173200070858002,
            "magnr": 19.634000778198242,
            "sigmagnr": 0.07199999690055847,
            "magzpsci": 26.2189998626709,
            "isdiffpos": "t",
            "ssdistnr": -999.0,
            "ssnamenr": "null",
            "drb": null
        },
        {
            "candid": 896219982015015000,
            "jd": 2458650.7199884,
            "ra": 246.4110784,
            "dec": 47.4371034,
            "fid": 1,
            "nid": 896,
            "magpsf": 19.829700469970703,
            "sigmapsf": 0.3056190013885498,
            "magnr": 19.834999084472656,
            "sigmagnr": 0.04399999976158142,
            "magzpsci": 26.174699783325195,
            "isdiffpos": "t",
            "ssdistnr": -999.0,
            "ssnamenr": "-999.0",
            "drb": null
        },
        {
            "candid": 896269282015015005,
            "jd": 2458650.7692824,
            "ra": 246.4110204,
            "dec": 47.4372683,
            "fid": 2,
            "nid": 896,
            "magpsf": 19.353700637817383,
            "sigmapsf": 0.161421999335289,
            "magnr": 19.634000778198242,
            "sigmagnr": 0.07199999690055847,
            "magzpsci": 26.209699630737305,
            "isdiffpos": "t",
            "ssdistnr": -999.0,
            "ssnamenr": "null",
            "drb": null
        },
        {
            "candid": 899199342015015003,
            "jd": 2458653.6993403,
            "ra": 246.4109935,
            "dec": 47.4372517,
            "fid": 2,
            "nid": 899,
            "magpsf": 19.204599380493164,
            "sigmapsf": 0.11045999825000763,
            "magnr": 19.634000778198242,
            "sigmagnr": 0.07199999690055847,
            "magzpsci": 26.164600372314453,
            "isdiffpos": "t",
            "ssdistnr": -999.0,
            "ssnamenr": "null",
            "drb": null
        },
        {
            "candid": 899287652015015001,
            "jd": 2458653.7876505,
            "ra": 246.4110502,
            "dec": 47.4372431,
            "fid": 1,
            "nid": 899,
            "magpsf": 19.8356990814209,
            "sigmapsf": 0.22446399927139282,
            "magnr": 19.834999084472656,
            "sigmagnr": 0.04399999976158142,
            "magzpsci": 26.181699752807617,
            "isdiffpos": "t",
            "ssdistnr": -999.0,
            "ssnamenr": "-999.0",
            "drb": null
        },
        {
            "candid": 903225272015015006,
            "jd": 2458657.7252778,
            "ra": 246.4110551,
            "dec": 47.4372344,
            "fid": 1,
            "nid": 903,
            "magpsf": 19.909000396728516,
            "sigmapsf": 0.12953299283981323,
            "magnr": 19.834999084472656,
            "sigmagnr": 0.04399999976158142,
            "magzpsci": 26.184999465942383,
            "isdiffpos": "t",
            "ssdistnr": -999.0,
            "ssnamenr": "null",
            "drb": null
        },
        {
            "candid": 903371412015015001,
            "jd": 2458657.871412,
            "ra": 246.4109891,
            "dec": 47.4372692,
            "fid": 2,
            "nid": 903,
            "magpsf": 19.17490005493164,
            "sigmapsf": 0.12235599756240845,
            "magnr": 19.634000778198242,
            "sigmagnr": 0.07199999690055847,
            "magzpsci": 26.184900283813477,
            "isdiffpos": "t",
            "ssdistnr": -999.0,
            "ssnamenr": "null",
            "drb": null
        },
        {
            "candid": 906198732015015006,
            "jd": 2458660.6987384,
            "ra": 246.4109713,
            "dec": 47.4372434,
            "fid": 1,
            "nid": 906,
            "magpsf": 19.918100357055664,
            "sigmapsf": 0.14804600179195404,
            "magnr": 19.834999084472656,
            "sigmagnr": 0.04399999976158142,
            "magzpsci": 26.21809959411621,
            "isdiffpos": "t",
            "ssdistnr": -999.0,
            "ssnamenr": "null",
            "drb": null
        },
        {
            "candid": 906245962015015004,
            "jd": 2458660.7459606,
            "ra": 246.4110245,
            "dec": 47.4372605,
            "fid": 2,
            "nid": 906,
            "magpsf": 19.32740020751953,
            "sigmapsf": 0.07612799853086472,
            "magnr": 19.634000778198242,
            "sigmagnr": 0.07199999690055847,
            "magzpsci": 26.218399047851562,
            "isdiffpos": "t",
            "ssdistnr": -999.0,
            "ssnamenr": "null",
            "drb": null
        },
        {
            "candid": 909311292015015000,
            "jd": 2458663.8112963,
            "ra": 246.411004,
            "dec": 47.4372646,
            "fid": 2,
            "nid": 909,
            "magpsf": 19.379499435424805,
            "sigmapsf": 0.09035000205039978,
            "magnr": 19.634000778198242,
            "sigmagnr": 0.07199999690055847,
            "magzpsci": 26.183500289916992,
            "isdiffpos": "t",
            "ssdistnr": -999.0,
            "ssnamenr": "null",
            "drb": null
        },
        {
            "candid": 912248912015015009,
            "jd": 2458666.748912,
            "ra": 246.4110191,
            "dec": 47.4372732,
            "fid": 1,
            "nid": 912,
            "magpsf": 19.94379997253418,
            "sigmapsf": 0.1345299929380417,
            "magnr": 19.834999084472656,
            "sigmagnr": 0.04399999976158142,
            "magzpsci": 26.2268009185791,
            "isdiffpos": "t",
            "ssdistnr": -999.0,
            "ssnamenr": "null",
            "drb": null
        },
        {
            "candid": 912266872015015010,
            "jd": 2458666.766875,
            "ra": 246.4109882,
            "dec": 47.4372592,
            "fid": 2,
            "nid": 912,
            "magpsf": 19.452199935913086,
            "sigmapsf": 0.11804299801588058,
            "magnr": 19.634000778198242,
            "sigmagnr": 0.07199999690055847,
            "magzpsci": 26.221200942993164,
            "isdiffpos": "t",
            "ssdistnr": -999.0,
            "ssnamenr": "null",
            "drb": null
        },
        {
            "candid": 915206812015015006,
            "jd": 2458669.7068171,
            "ra": 246.4110031,
            "dec": 47.4372557,
            "fid": 1,
            "nid": 915,
            "magpsf": 19.941699981689453,
            "sigmapsf": 0.15022100508213043,
            "magnr": 19.834999084472656,
            "sigmagnr": 0.04399999976158142,
            "magzpsci": 26.20170021057129,
            "isdiffpos": "t",
            "ssdistnr": -999.0,
            "ssnamenr": "null",
            "drb": null
        },
        {
            "candid": 915318832015015005,
            "jd": 2458669.818831,
            "ra": 246.4110089,
            "dec": 47.4372722,
            "fid": 2,
            "nid": 915,
            "magpsf": 19.40719985961914,
            "sigmapsf": 0.09149400144815445,
            "magnr": 19.634000778198242,
            "sigmagnr": 0.07199999690055847,
            "magzpsci": 26.212200164794922,
            "isdiffpos": "t",
            "ssdistnr": -999.0,
            "ssnamenr": "null",
            "drb": null
        },
        {
            "candid": 918216702015015001,
            "jd": 2458672.7167014,
            "ra": 246.4109681,
            "dec": 47.4373172,
            "fid": 2,
            "nid": 918,
            "magpsf": 19.499099731445312,
            "sigmapsf": 0.11263900250196457,
            "magnr": 19.634000778198242,
            "sigmagnr": 0.07199999690055847,
            "magzpsci": 26.177099227905273,
            "isdiffpos": "t",
            "ssdistnr": -999.0,
            "ssnamenr": "null",
            "drb": null
        },
        {
            "candid": 918304522015015001,
            "jd": 2458672.8045255,
            "ra": 246.4110177,
            "dec": 47.4372784,
            "fid": 1,
            "nid": 918,
            "magpsf": 19.984100341796875,
            "sigmapsf": 0.1380700021982193,
            "magnr": 19.834999084472656,
            "sigmagnr": 0.04399999976158142,
            "magzpsci": 26.169099807739258,
            "isdiffpos": "t",
            "ssdistnr": -999.0,
            "ssnamenr": "null",
            "drb": null
        },
        {
            "candid": 921256712015015003,
            "jd": 2458675.756713,
            "ra": 246.4110111,
            "dec": 47.4372911,
            "fid": 2,
            "nid": 921,
            "magpsf": 19.467500686645508,
            "sigmapsf": 0.09740699827671051,
            "magnr": 19.634000778198242,
            "sigmagnr": 0.07199999690055847,
            "magzpsci": 26.195499420166016,
            "isdiffpos": "t",
            "ssdistnr": -999.0,
            "ssnamenr": "null",
            "drb": null
        },
        {
            "candid": 924199132015015003,
            "jd": 2458678.6991319,
            "ra": 246.4110328,
            "dec": 47.4372829,
            "fid": 2,
            "nid": 924,
            "magpsf": 19.52359962463379,
            "sigmapsf": 0.11708299815654755,
            "magnr": 19.634000778198242,
            "sigmagnr": 0.07199999690055847,
            "magzpsci": 26.212600708007812,
            "isdiffpos": "t",
            "ssdistnr": -999.0,
            "ssnamenr": "null",
            "drb": null
        },
        {
            "candid": 927263072015015001,
            "jd": 2458681.7630787,
            "ra": 246.4109785,
            "dec": 47.4372492,
            "fid": 2,
            "nid": 927,
            "magpsf": 19.490400314331055,
            "sigmapsf": 0.15695899724960327,
            "magnr": 19.634000778198242,
            "sigmagnr": 0.07199999690055847,
            "magzpsci": 26.220399856567383,
            "isdiffpos": "t",
            "ssdistnr": -999.0,
            "ssnamenr": "null",
            "drb": null
        },
        {
            "candid": 930180792015015015,
            "jd": 2458684.6807986,
            "ra": 246.41098,
            "dec": 47.4372622,
            "fid": 2,
            "nid": 930,
            "magpsf": 19.666799545288086,
            "sigmapsf": 0.1233770027756691,
            "magnr": 19.634000778198242,
            "sigmagnr": 0.07199999690055847,
            "magzpsci": 26.209800720214844,
            "isdiffpos": "t",
            "ssdistnr": -999.0,
            "ssnamenr": "null",
            "drb": null
        },
        {
            "candid": 930197832015015012,
            "jd": 2458684.6978356,
            "ra": 246.4110084,
            "dec": 47.4372581,
            "fid": 1,
            "nid": 930,
            "magpsf": 20.260099411010742,
            "sigmapsf": 0.15203599631786346,
            "magnr": 19.834999084472656,
            "sigmagnr": 0.04399999976158142,
            "magzpsci": 26.22209930419922,
            "isdiffpos": "t",
            "ssdistnr": -999.0,
            "ssnamenr": "null",
            "drb": null
        },
        {
            "candid": 934206412015015004,
            "jd": 2458688.706412,
            "ra": 246.4110622,
            "dec": 47.4372691,
            "fid": 1,
            "nid": 934,
            "magpsf": 20.365400314331055,
            "sigmapsf": 0.19020700454711914,
            "magnr": 19.834999084472656,
            "sigmagnr": 0.04399999976158142,
            "magzpsci": 26.15239906311035,
            "isdiffpos": "t",
            "ssdistnr": -999.0,
            "ssnamenr": "null",
            "drb": null
        },
        {
            "candid": 937179342015015000,
            "jd": 2458691.6793403,
            "ra": 246.4110484,
            "dec": 47.4372139,
            "fid": 2,
            "nid": 937,
            "magpsf": 19.67639923095703,
            "sigmapsf": 0.12330999970436096,
            "magnr": 19.634000778198242,
            "sigmagnr": 0.07199999690055847,
            "magzpsci": 26.155399322509766,
            "isdiffpos": "t",
            "ssdistnr": -999.0,
            "ssnamenr": "null",
            "drb": null
        },
        {
            "candid": 937214872015015005,
            "jd": 2458691.7148727,
            "ra": 246.4110248,
            "dec": 47.4372119,
            "fid": 1,
            "nid": 937,
            "magpsf": 20.2362003326416,
            "sigmapsf": 0.16072799265384674,
            "magnr": 19.834999084472656,
            "sigmagnr": 0.04399999976158142,
            "magzpsci": 26.167200088500977,
            "isdiffpos": "t",
            "ssdistnr": -999.0,
            "ssnamenr": "null",
            "drb": null
        },
        {
            "candid": 940218022015015007,
            "jd": 2458694.7180208,
            "ra": 246.4109977,
            "dec": 47.4372272,
            "fid": 1,
            "nid": 940,
            "magpsf": 20.21139907836914,
            "sigmapsf": 0.22223599255084991,
            "magnr": 19.834999084472656,
            "sigmagnr": 0.04399999976158142,
            "magzpsci": 25.938400268554688,
            "isdiffpos": "t",
            "ssdistnr": -999.0,
            "ssnamenr": "-999.0",
            "drb": null
        },
        {
            "candid": 943175992015015013,
            "jd": 2458697.6759954,
            "ra": 246.4109906,
            "dec": 47.4372659,
            "fid": 2,
            "nid": 943,
            "magpsf": 19.884700775146484,
            "sigmapsf": 0.12532000243663788,
            "magnr": 19.634000778198242,
            "sigmagnr": 0.07199999690055847,
            "magzpsci": 26.194700241088867,
            "isdiffpos": "t",
            "ssdistnr": -999.0,
            "ssnamenr": "null",
            "drb": null
        },
        {
            "candid": 943198552015015014,
            "jd": 2458697.6985532,
            "ra": 246.410981,
            "dec": 47.4372908,
            "fid": 1,
            "nid": 943,
            "magpsf": 20.496599197387695,
            "sigmapsf": 0.24053600430488586,
            "magnr": 19.834999084472656,
            "sigmagnr": 0.04399999976158142,
            "magzpsci": 26.193599700927734,
            "isdiffpos": "t",
            "ssdistnr": -999.0,
            "ssnamenr": "-999.0",
            "drb": null
        },
        {
            "candid": 946181932015015009,
            "jd": 2458700.6819329,
            "ra": 246.4109731,
            "dec": 47.4372751,
            "fid": 2,
            "nid": 946,
            "magpsf": 19.72920036315918,
            "sigmapsf": 0.12410599738359451,
            "magnr": 19.634000778198242,
            "sigmagnr": 0.07199999690055847,
            "magzpsci": 26.180200576782227,
            "isdiffpos": "t",
            "ssdistnr": -999.0,
            "ssnamenr": "null",
            "drb": null
        },
        {
            "candid": 950187232015015006,
            "jd": 2458704.6872338,
            "ra": 246.4110703,
            "dec": 47.4372872,
            "fid": 2,
            "nid": 950,
            "magpsf": 19.89229965209961,
            "sigmapsf": 0.16024599969387054,
            "magnr": 19.634000778198242,
            "sigmagnr": 0.07199999690055847,
            "magzpsci": 26.19029998779297,
            "isdiffpos": "t",
            "ssdistnr": -999.0,
            "ssnamenr": "null",
            "drb": null
        },
        {
            "candid": 953181562015015004,
            "jd": 2458707.6815625,
            "ra": 246.4110036,
            "dec": 47.4372603,
            "fid": 2,
            "nid": 953,
            "magpsf": 19.815000534057617,
            "sigmapsf": 0.16124099493026733,
            "magnr": 19.634000778198242,
            "sigmagnr": 0.07199999690055847,
            "magzpsci": 26.184999465942383,
            "isdiffpos": "t",
            "ssdistnr": -999.0,
            "ssnamenr": "null",
            "drb": null
        },
        {
            "candid": 959239352015015013,
            "jd": 2458713.7393519,
            "ra": 246.411061,
            "dec": 47.4372981,
            "fid": 2,
            "nid": 959,
            "magpsf": 19.772600173950195,
            "sigmapsf": 0.383109986782074,
            "magnr": 19.634000778198242,
            "sigmagnr": 0.07199999690055847,
            "magzpsci": 25.66860008239746,
            "isdiffpos": "t",
            "ssdistnr": -999.0,
            "ssnamenr": "-999.0",
            "drb": null
        },
        {
            "candid": 962155602015015013,
            "jd": 2458716.6556019,
            "ra": 246.4109542,
            "dec": 47.4372328,
            "fid": 1,
            "nid": 962,
            "magpsf": 20.911699295043945,
            "sigmapsf": 0.2962599992752075,
            "magnr": 19.834999084472656,
            "sigmagnr": 0.04399999976158142,
            "magzpsci": 26.211700439453125,
            "isdiffpos": "t",
            "ssdistnr": -999.0,
            "ssnamenr": "-999.0",
            "drb": null
        },
        {
            "candid": 966161522015015015,
            "jd": 2458720.6615278,
            "ra": 246.4110853,
            "dec": 47.4371997,
            "fid": 1,
            "nid": 966,
            "magpsf": 20.681299209594727,
            "sigmapsf": 0.30480700731277466,
            "magnr": 19.834999084472656,
            "sigmagnr": 0.04399999976158142,
            "magzpsci": 26.117300033569336,
            "isdiffpos": "t",
            "ssdistnr": -999.0,
            "ssnamenr": "-999.0",
            "drb": null
        },
        {
            "candid": 969141462015015007,
            "jd": 2458723.6414699,
            "ra": 246.4109337,
            "dec": 47.4372333,
            "fid": 2,
            "nid": 969,
            "magpsf": 19.91029930114746,
            "sigmapsf": 0.1653359979391098,
            "magnr": 19.634000778198242,
            "sigmagnr": 0.07199999690055847,
            "magzpsci": 26.152299880981445,
            "isdiffpos": "t",
            "ssdistnr": -999.0,
            "ssnamenr": "null",
            "drb": 0.9999939799308777
        },
        {
            "candid": 969184502015015013,
            "jd": 2458723.6845023,
            "ra": 246.4111021,
            "dec": 47.4372635,
            "fid": 1,
            "nid": 969,
            "magpsf": 20.880199432373047,
            "sigmapsf": 0.3394330143928528,
            "magnr": 19.834999084472656,
            "sigmagnr": 0.04399999976158142,
            "magzpsci": 26.12820053100586,
            "isdiffpos": "t",
            "ssdistnr": -999.0,
            "ssnamenr": "-999.0",
            "drb": null
        },
        {
            "candid": 972140912015015011,
            "jd": 2458726.6409144,
            "ra": 246.4109355,
            "dec": 47.4372637,
            "fid": 2,
            "nid": 972,
            "magpsf": 20.013399124145508,
            "sigmapsf": 0.1923000067472458,
            "magnr": 19.634000778198242,
            "sigmagnr": 0.07199999690055847,
            "magzpsci": 26.167400360107422,
            "isdiffpos": "t",
            "ssdistnr": -999.0,
            "ssnamenr": "null",
            "drb": 1.0
        },
        {
            "candid": 972151802015015022,
            "jd": 2458726.6518056,
            "ra": 246.4110329,
            "dec": 47.4372598,
            "fid": 1,
            "nid": 972,
            "magpsf": 20.8882999420166,
            "sigmapsf": 0.33912399411201477,
            "magnr": 19.834999084472656,
            "sigmagnr": 0.04399999976158142,
            "magzpsci": 26.17729949951172,
            "isdiffpos": "t",
            "ssdistnr": -999.0,
            "ssnamenr": "-999.0",
            "drb": null
        },
        {
            "candid": 990125402015015008,
            "jd": 2458744.6254051,
            "ra": 246.4110291,
            "dec": 47.4373011,
            "fid": 2,
            "nid": 990,
            "magpsf": 20.27400016784668,
            "sigmapsf": 0.18704000115394592,
            "magnr": 19.634000778198242,
            "sigmagnr": 0.07199999690055847,
            "magzpsci": 26.1560001373291,
            "isdiffpos": "t",
            "ssdistnr": -999.0,
            "ssnamenr": "null",
            "drb": 0.9999899864196777
        },
        {
            "jd": 2458488.01265,
            "fid": 1,
            "diffmaglim": 20.555999755859375
        },
        {
            "jd": 2458488.05194,
            "fid": 2,
            "diffmaglim": 20.54800033569336
        },
        {
            "jd": 2458492.01074,
            "fid": 1,
            "diffmaglim": 20.160999298095703
        },
        {
            "jd": 2458495.03549,
            "fid": 1,
            "diffmaglim": 20.875999450683594
        },
        {
            "jd": 2458502.95131,
            "fid": 1,
            "diffmaglim": 18.791000366210938
        },
        {
            "jd": 2458505.99247,
            "fid": 1,
            "diffmaglim": 18.406999588012695
        },
        {
            "jd": 2458506.05209,
            "fid": 2,
            "diffmaglim": 19.434999465942383
        },
        {
            "jd": 2458509.0127,
            "fid": 2,
            "diffmaglim": 19.788999557495117
        },
        {
            "jd": 2458574.81031,
            "fid": 2,
            "diffmaglim": 15.859999656677246
        },
        {
            "jd": 2458589.82774,
            "fid": 2,
            "diffmaglim": 17.35700035095215
        },
        {
            "jd": 2458589.95711,
            "fid": 1,
            "diffmaglim": 16.39699935913086
        },
        {
            "jd": 2458592.99462,
            "fid": 1,
            "diffmaglim": 17.500999450683594
        },
        {
            "jd": 2458619.78352,
            "fid": 1,
            "diffmaglim": 18.948999404907227
        },
        {
            "jd": 2458675.82169,
            "fid": 1,
            "diffmaglim": 20.298999786376953
        },
        {
            "jd": 2458678.76771,
            "fid": 1,
            "diffmaglim": 19.927000045776367
        },
        {
            "jd": 2458681.67691,
            "fid": 1,
            "diffmaglim": 19.80900001525879
        },
        {
            "jd": 2458707.76642,
            "fid": 1,
            "diffmaglim": 19.624000549316406
        },
        {
            "jd": 2458710.66434,
            "fid": 1,
            "diffmaglim": 19.809999465942383
        },
        {
            "jd": 2458713.65154,
            "fid": 1,
            "diffmaglim": 17.283000946044922
        },
        {
            "jd": 2458731.666,
            "fid": 2,
            "diffmaglim": 17.07699966430664
        },
        {
            "jd": 2458731.68725,
            "fid": 1,
            "diffmaglim": 17.614999771118164
        },
        {
            "jd": 2458734.63763,
            "fid": 2,
            "diffmaglim": 20.170000076293945
        },
        {
            "jd": 2458734.70583,
            "fid": 1,
            "diffmaglim": 19.746000289916992
        },
        {
            "jd": 2458737.66531,
            "fid": 1,
            "diffmaglim": 19.707000732421875
        },
        {
            "jd": 2458737.6827,
            "fid": 2,
            "diffmaglim": 19.766000747680664
        },
        {
            "jd": 2458741.63487,
            "fid": 1,
            "diffmaglim": 19.89900016784668
        }
    ],
    "forcedphot": []
}