{
    "objectId": "ZTF19aaxzdtw",
    "candidates": [
        {
            "candid": 887306843815015007,
            "jd": 2458641.8068403,
            "ra": 236.0526274,
            "dec": 41.1156716,
            "fid": 2,
            "nid": 887,
            "magpsf": 20.623600006103516,
            "sigmapsf": 0.23187600076198578,
            "magnr": 18.756999969482422,
            "sigmagnr": 0.07400000095367432,
            "magzpsci": 26.207599639892578,
            "isdiffpos": "t",
            "ssdistnr": -999.0,
            "ssnamenr": "-999.0",
            "drb": null
        },
        {
            "candid": 890269273815015003,
            "jd": 2458644.7692708,
            "ra": 236.0526468,
            "dec": 41.1156379,
            "fid": 2,
            "nid": 890,
            "magpsf": 20.14240074157715,
            "sigmapsf": 0.22588199377059937,
            "magnr": 18.756999969482422,
            "sigmagnr": 0.07400000095367432,
            "magzpsci": 26.197399139404297,
            "isdiffpos": "t",
            "ssdistnr": -999.0,
            "ssnamenr": "-999.0",
            "drb": null
        },
        {
            "candid": 893222413815015006,
            "jd": 2458647.722419,
            "ra": 236.0525863,
            "dec": 41.1156755,
            "fid": 1,
            "nid": 893,
            "magpsf": 19.68779945373535,
            "sigmapsf": 0.2208469957113266,
            "magnr": 18.85099983215332,
            "sigmagnr": 0.06400000303983688,
            "magzpsci": 26.199800491333008,
            "isdiffpos": "t",
            "ssdistnr": -999.0,
            "ssnamenr": "-999.0",
            "drb": null
        },
        {
            "candid": 893248033815015006,
            "jd": 2458647.7480324,
            "ra": 236.0527093,
            "dec": 41.1156829,
            "fid": 2,
            "nid": 893,
            "magpsf": 19.62339973449707,
            "sigmapsf": 0.1603270024061203,
            "magnr": 18.756999969482422,
            "sigmagnr": 0.07400000095367432,
            "magzpsci": 26.207399368286133,
            "isdiffpos": "t",
            "ssdistnr": -999.0,
            "ssnamenr": "null",
            "drb": null
        },
        {
            "candid": 896196413815015005,
            "jd": 2458650.696412,
            "ra": 236.0526315,
            "dec": 41.1157179,
            "fid": 1,
            "nid": 896,
            "magpsf": 19.976200103759766,
            "sigmapsf": 0.2896299958229065,
            "magnr": 18.85099983215332,
            "sigmagnr": 0.06400000303983688,
            "magzpsci": 26.175199508666992,
            "isdiffpos": "t",
            "ssdistnr": -999.0,
            "ssnamenr": "-999.0",
            "drb": null
        },
        {
            "candid": 896239953815015003,
            "jd": 2458650.7399537,
            "ra": 236.0526619,
            "dec": 41.1156811,
            "fid": 2,
            "nid": 896,
            "magpsf": 19.25659942626953,
            "sigmapsf": 0.15103499591350555,
            "magnr": 18.756999969482422,
            "sigmagnr": 0.07400000095367432,
            "magzpsci": 26.206600189208984,
            "isdiffpos": "t",
            "ssdistnr": -999.0,
            "ssnamenr": "null",
            "drb": null
        },
        {
            "candid": 899289533815015003,
            "jd": 2458653.789537,
            "ra": 236.0526963,
            "dec": 41.1156801,
            "fid": 1,
            "nid": 899,
            "magpsf": 19.603599548339844,
            "sigmapsf": 0.1918489933013916,
            "magnr": 18.85099983215332,
            "sigmagnr": 0.06400000303983688,
            "magzpsci": 26.16860008239746,
            "isdiffpos": "t",
            "ssdistnr": -999.0,
            "ssnamenr": "null",
            "drb": null
        },
        {
            "candid": 903225743815015007,
            "jd": 2458657.7257407,
            "ra": 236.0526846,
            "dec": 41.1156595,
            "fid": 1,
            "nid": 903,
            "magpsf": 19.368900299072266,
            "sigmapsf": 0.11078500002622604,
            "magnr": 18.85099983215332,
            "sigmagnr": 0.06400000303983688,
            "magzpsci": 26.16790008544922,
            "isdiffpos": "t",
            "ssdistnr": -999.0,
            "ssnamenr": "null",
            "drb": null
        },
        {
            "candid": 903262333815015009,
            "jd": 2458657.762338,
            "ra": 236.0527169,
            "dec": 41.1156593,
            "fid": 2,
            "nid": 903,
            "magpsf": 18.890399932861328,
            "sigmapsf": 0.09950800240039825,
            "magnr": 18.756999969482422,
            "sigmagnr": 0.07400000095367432,
            "magzpsci": 26.17639923095703,
            "isdiffpos": "t",
            "ssdistnr": -999.0,
            "ssnamenr": "null",
            "drb": null
        },
        {
            "candid": 906198263815015021,
            "jd": 2458660.6982639,
            "ra": 236.0526787,
            "dec": 41.1156641,
            "fid": 1,
            "nid": 906,
            "magpsf": 19.545400619506836,
            "sigmapsf": 0.10738600045442581,
            "magnr": 18.85099983215332,
            "sigmagnr": 0.06400000303983688,
            "magzpsci": 26.209400177001953,
            "isdiffpos": "t",
            "ssdistnr": -999.0,
            "ssnamenr": "null",
            "drb": null
        },
        {
            "candid": 906240393815015011,
            "jd": 2458660.7403935,
            "ra": 236.0526818,
            "dec": 41.1156573,
            "fid": 2,
            "nid": 906,
            "magpsf": 18.957000732421875,
            "sigmapsf": 0.08471400290727615,
            "magnr": 18.756999969482422,
            "sigmagnr": 0.07400000095367432,
            "magzpsci": 26.20599937438965,
            "isdiffpos": "t",
            "ssdistnr": -999.0,
            "ssnamenr": "null",
            "drb": null
        },
        {
            "candid": 909207283815015016,
            "jd": 2458663.7072801,
            "ra": 236.0526901,
            "dec": 41.1156588,
            "fid": 2,
            "nid": 909,
            "magpsf": 18.904800415039062,
            "sigmapsf": 0.08853500336408615,
            "magnr": 18.756999969482422,
            "sigmagnr": 0.07400000095367432,
            "magzpsci": 26.192800521850586,
            "isdiffpos": "t",
            "ssdistnr": -999.0,
            "ssnamenr": "null",
            "drb": null
        },
        {
            "candid": 909225273815015011,
            "jd": 2458663.7252778,
            "ra": 236.0526956,
            "dec": 41.115654,
            "fid": 1,
            "nid": 909,
            "magpsf": 19.670400619506836,
            "sigmapsf": 0.14091700315475464,
            "magnr": 18.85099983215332,
            "sigmagnr": 0.06400000303983688,
            "magzpsci": 26.188400268554688,
            "isdiffpos": "t",
            "ssdistnr": -999.0,
            "ssnamenr": "null",
            "drb": null
        },
        {
            "candid": 912225793815015024,
            "jd": 2458666.7257986,
            "ra": 236.0526835,
            "dec": 41.115668,
            "fid": 1,
            "nid": 912,
            "magpsf": 19.85449981689453,
            "sigmapsf": 0.16381299495697021,
            "magnr": 18.85099983215332,
            "sigmagnr": 0.06400000303983688,
            "magzpsci": 26.20949935913086,
            "isdiffpos": "t",
            "ssdistnr": -999.0,
            "ssnamenr": "null",
            "drb": null
        },
        {
            "candid": 912262213815015016,
            "jd": 2458666.7622106,
            "ra": 236.0526772,
            "dec": 41.1156803,
            "fid": 2,
            "nid": 912,
            "magpsf": 19.04680061340332,
            "sigmapsf": 0.08833499997854233,
            "magnr": 18.756999969482422,
            "sigmagnr": 0.07400000095367432,
            "magzpsci": 26.22279930114746,
            "isdiffpos": "t",
            "ssdistnr": -999.0,
            "ssnamenr": "null",
            "drb": null
        },
        {
            "candid": 915324393815015008,
            "jd": 2458669.8243981,
            "ra": 236.0526486,
            "dec": 41.1156433,
            "fid": 2,
            "nid": 915,
            "magpsf": 19.158700942993164,
            "sigmapsf": 0.10469400137662888,
            "magnr": 18.756999969482422,
            "sigmagnr": 0.07400000095367432,
            "magzpsci": 26.18869972229004,
            "isdiffpos": "t",
            "ssdistnr": -999.0,
            "ssnamenr": "null",
            "drb": null
        },
        {
            "candid": 918215323815015006,
            "jd": 2458672.7153241,
            "ra": 236.0526875,
            "dec": 41.115648,
            "fid": 2,
            "nid": 918,
            "magpsf": 19.250999450683594,
            "sigmapsf": 0.1117509976029396,
            "magnr": 18.756999969482422,
            "sigmagnr": 0.07400000095367432,
            "magzpsci": 26.18199920654297,
            "isdiffpos": "t",
            "ssdistnr": -999.0,
            "ssnamenr": "null",
            "drb": null
        },
        {
            "candid": 924226963815015009,
            "jd": 2458678.7269676,
            "ra": 236.0526961,
            "dec": 41.1156966,
            "fid": 2,
            "nid": 924,
            "magpsf": 19.67799949645996,
            "sigmapsf": 0.1786849945783615,
            "magnr": 18.756999969482422,
            "sigmagnr": 0.07400000095367432,
            "magzpsci": 26.216999053955078,
            "isdiffpos": "t",
            "ssdistnr": -999.0,
            "ssnamenr": "null",
            "drb": null
        },
        {
            "candid": 930182623815015031,
            "jd": 2458684.6826273,
            "ra": 236.0526775,
            "dec": 41.1156364,
            "fid": 2,
            "nid": 930,
            "magpsf": 20.084800720214844,
            "sigmapsf": 0.17092500627040863,
            "magnr": 18.756999969482422,
            "sigmagnr": 0.07400000095367432,
            "magzpsci": 26.22279930114746,
            "isdiffpos": "t",
            "ssdistnr": -999.0,
            "ssnamenr": "null",
            "drb": null
        },
        {
            "jd": 2458619.83322,
            "fid": 2,
            "diffmaglim": 19.143999099731445
        },
        {
            "jd": 2458628.81777,
            "fid": 2,
            "diffmaglim": 20.55500030517578
        },
        {
            "jd": 2458632.77824,
            "fid": 2,
            "diffmaglim": 20.391000747680664
        },
        {
            "jd": 2458632.84773,
            "fid": 1,
            "diffmaglim": 20.68400001525879
        },
        {
            "jd": 2458635.72344,
            "fid": 1,
            "diffmaglim": 20.934999465942383
        },
        {
            "jd": 2458635.77635,
            "fid": 2,
            "diffmaglim": 20.88599967956543
        },
        {
            "jd": 2458638.75978,
            "fid": 2,
            "diffmaglim": 20.81399917602539
        },
        {
            "jd": 2458638.82817,
            "fid": 1,
            "diffmaglim": 20.819000244140625
        },
        {
            "jd": 2458641.72788,
            "fid": 1,
            "diffmaglim": 20.531999588012695
        },
        {
            "jd": 2458644.70558,
            "fid": 1,
            "diffmaglim": 20.349000930786133
        },
        {
            "jd": 2458675.73782,
            "fid": 2,
            "diffmaglim": 20.235000610351562
        },
        {
            "jd": 2458675.80446,
            "fid": 1,
            "diffmaglim": 20.034000396728516
        }
    ],
    "forcedphot": []
}