{
    "objectId": "ZTF19acyggzu",
    "candidates": [
        {
            "candid": 1065273484515015017,
            "jd": 2458819.7734838,
            "ra": 70.3189645,
            "dec": 20.3697159,
            "fid": 2,
            "nid": 1065,
            "magpsf": 20.232900619506836,
            "sigmapsf": 0.24347199499607086,
            "magnr": 22.263999938964844,
            "sigmagnr": 0.2240000069141388,
            "magzpsci": 26.153900146484375,
            "isdiffpos": "t",
            "ssdistnr": -999.0,
            "ssnamenr": "-999.0",
            "drb": null
        },
        {
            "candid": 1076211823215015022,
            "jd": 2458830.7118287,
            "ra": 70.3189151,
            "dec": 20.3697183,
            "fid": 1,
            "nid": 1076,
            "magpsf": 19.433700561523438,
            "sigmapsf": 0.2566030025482178,
            "magnr": 22.8799991607666,
            "sigmagnr": 0.29899999499320984,
            "magzpsci": 26.247699737548828,
            "isdiffpos": "t",
            "ssdistnr": -999.0,
            "ssnamenr": "-999.0",
            "drb": null
        },
        {
            "candid": 1076293213215015028,
            "jd": 2458830.7932176,
            "ra": 70.3189628,
            "dec": 20.3697429,
            "fid": 2,
            "nid": 1076,
            "magpsf": 19.20549964904785,
            "sigmapsf": 0.16665099561214447,
            "magnr": 22.88800048828125,
            "sigmagnr": 0.3409999907016754,
            "magzpsci": 26.25550079345703,
            "isdiffpos": "t",
            "ssdistnr": -999.0,
            "ssnamenr": "null",
            "drb": 0.9999930262565613
        },
        {
            "candid": 1077209664515015005,
            "jd": 2458831.7096644,
            "ra": 70.3190709,
            "dec": 20.3696544,
            "fid": 1,
            "nid": 1077,
            "magpsf": 19.27720069885254,
            "sigmapsf": 0.1880519986152649,
            "magnr": 22.854999542236328,
            "sigmagnr": 0.289000004529953,
            "magzpsci": 26.34119987487793,
            "isdiffpos": "t",
            "ssdistnr": -999.0,
            "ssnamenr": "null",
            "drb": 0.9982100129127502
        },
        {
            "candid": 1077243793215015020,
            "jd": 2458831.7437963,
            "ra": 70.3189174,
            "dec": 20.3695658,
            "fid": 1,
            "nid": 1077,
            "magpsf": 19.426300048828125,
            "sigmapsf": 0.30621299147605896,
            "magnr": 22.8799991607666,
            "sigmagnr": 0.29899999499320984,
            "magzpsci": 26.068300247192383,
            "isdiffpos": "t",
            "ssdistnr": -999.0,
            "ssnamenr": "-999.0",
            "drb": null
        },
        {
            "candid": 1079192813215015010,
            "jd": 2458833.6928125,
            "ra": 70.318901,
            "dec": 20.3696077,
            "fid": 1,
            "nid": 1079,
            "magpsf": 19.45490074157715,
            "sigmapsf": 0.28347301483154297,
            "magnr": 22.8799991607666,
            "sigmagnr": 0.29899999499320984,
            "magzpsci": 26.208900451660156,
            "isdiffpos": "t",
            "ssdistnr": -999.0,
            "ssnamenr": "-999.0",
            "drb": null
        },
        {
            "candid": 1079223123215015005,
            "jd": 2458833.723125,
            "ra": 70.3189679,
            "dec": 20.3695924,
            "fid": 2,
            "nid": 1079,
            "magpsf": 18.913799285888672,
            "sigmapsf": 0.1262110024690628,
            "magnr": 22.88800048828125,
            "sigmagnr": 0.3409999907016754,
            "magzpsci": 26.255800247192383,
            "isdiffpos": "t",
            "ssdistnr": -999.0,
            "ssnamenr": "null",
            "drb": 0.9999799728393555
        },
        {
            "candid": 1079246823215015007,
            "jd": 2458833.7468287,
            "ra": 70.3189542,
            "dec": 20.3696706,
            "fid": 2,
            "nid": 1079,
            "magpsf": 18.93869972229004,
            "sigmapsf": 0.09358199685811996,
            "magnr": 22.88800048828125,
            "sigmagnr": 0.3409999907016754,
            "magzpsci": 26.257699966430664,
            "isdiffpos": "t",
            "ssdistnr": -999.0,
            "ssnamenr": "null",
            "drb": 0.9999979734420776
        },
        {
            "candid": 1079247734515015002,
            "jd": 2458833.7477315,
            "ra": 70.3190085,
            "dec": 20.3696152,
            "fid": 2,
            "nid": 1079,
            "magpsf": 18.94230079650879,
            "sigmapsf": 0.12413600087165833,
            "magnr": 22.263999938964844,
            "sigmagnr": 0.2240000069141388,
            "magzpsci": 26.303300857543945,
            "isdiffpos": "t",
            "ssdistnr": -999.0,
            "ssnamenr": "null",
            "drb": 0.9999589920043945
        },
        {
            "candid": 1081413984515015004,
            "jd": 2458835.9139815,
            "ra": 70.3188443,
            "dec": 20.3697374,
            "fid": 2,
            "nid": 1081,
            "magpsf": 18.875499725341797,
            "sigmapsf": 0.1325259953737259,
            "magnr": 22.263999938964844,
            "sigmagnr": 0.2240000069141388,
            "magzpsci": 26.252500534057617,
            "isdiffpos": "t",
            "ssdistnr": -999.0,
            "ssnamenr": "null",
            "drb": 0.9967319965362549
        },
        {
            "candid": 1082221633215015007,
            "jd": 2458836.7216319,
            "ra": 70.318945,
            "dec": 20.3696617,
            "fid": 1,
            "nid": 1082,
            "magpsf": 19.430400848388672,
            "sigmapsf": 0.14039300382137299,
            "magnr": 22.8799991607666,
            "sigmagnr": 0.29899999499320984,
            "magzpsci": 26.21940040588379,
            "isdiffpos": "t",
            "ssdistnr": -999.0,
            "ssnamenr": "null",
            "drb": 0.9999780058860779
        },
        {
            "candid": 1082430573215015006,
            "jd": 2458836.9305787,
            "ra": 70.3189457,
            "dec": 20.3697054,
            "fid": 2,
            "nid": 1082,
            "magpsf": 18.881099700927734,
            "sigmapsf": 0.11501400172710419,
            "magnr": 22.88800048828125,
            "sigmagnr": 0.3409999907016754,
            "magzpsci": 26.195100784301758,
            "isdiffpos": "t",
            "ssdistnr": -999.0,
            "ssnamenr": "null",
            "drb": 0.9996140003204346
        },
        {
            "candid": 1084234944515015008,
            "jd": 2458838.7349421,
            "ra": 70.3190787,
            "dec": 20.3696655,
            "fid": 2,
            "nid": 1084,
            "magpsf": 18.827499389648438,
            "sigmapsf": 0.2453950047492981,
            "magnr": 22.263999938964844,
            "sigmagnr": 0.2240000069141388,
            "magzpsci": 25.386499404907227,
            "isdiffpos": "t",
            "ssdistnr": -999.0,
            "ssnamenr": "-999.0",
            "drb": null
        },
        {
            "candid": 1092254434515015006,
            "jd": 2458846.7544329,
            "ra": 70.3189885,
            "dec": 20.3696666,
            "fid": 2,
            "nid": 1092,
            "magpsf": 18.65719985961914,
            "sigmapsf": 0.09303499758243561,
            "magnr": 22.263999938964844,
            "sigmagnr": 0.2240000069141388,
            "magzpsci": 26.213199615478516,
            "isdiffpos": "t",
            "ssdistnr": -999.0,
            "ssnamenr": "-999.0",
            "drb": null
        },
        {
            "candid": 1092257593215015013,
            "jd": 2458846.7575926,
            "ra": 70.318932,
            "dec": 20.3696544,
            "fid": 2,
            "nid": 1092,
            "magpsf": 18.789499282836914,
            "sigmapsf": 0.07699800282716751,
            "magnr": 22.88800048828125,
            "sigmagnr": 0.3409999907016754,
            "magzpsci": 26.215499877929688,
            "isdiffpos": "t",
            "ssdistnr": -999.0,
            "ssnamenr": "null",
            "drb": 0.9999979734420776
        },
        {
            "candid": 1095132293215015006,
            "jd": 2458849.6322917,
            "ra": 70.3189169,
            "dec": 20.3696751,
            "fid": 1,
            "nid": 1095,
            "magpsf": 19.647499084472656,
            "sigmapsf": 0.15595099329948425,
            "magnr": 22.8799991607666,
            "sigmagnr": 0.29899999499320984,
            "magzpsci": 26.196500778198242,
            "isdiffpos": "t",
            "ssdistnr": -999.0,
            "ssnamenr": "null",
            "drb": 0.9995070099830627
        },
        {
            "candid": 1095172663215015010,
            "jd": 2458849.672662,
            "ra": 70.318945,
            "dec": 20.3696797,
            "fid": 2,
            "nid": 1095,
            "magpsf": 18.756799697875977,
            "sigmapsf": 0.07953900098800659,
            "magnr": 22.88800048828125,
            "sigmagnr": 0.3409999907016754,
            "magzpsci": 26.24180030822754,
            "isdiffpos": "t",
            "ssdistnr": -999.0,
            "ssnamenr": "null",
            "drb": 0.9999949932098389
        },
        {
            "candid": 1096132214515015009,
            "jd": 2458850.6322106,
            "ra": 70.3189682,
            "dec": 20.3696388,
            "fid": 2,
            "nid": 1096,
            "magpsf": 18.7898006439209,
            "sigmapsf": 0.10966499894857407,
            "magnr": 22.263999938964844,
            "sigmagnr": 0.2240000069141388,
            "magzpsci": 26.28380012512207,
            "isdiffpos": "t",
            "ssdistnr": -999.0,
            "ssnamenr": "null",
            "drb": 0.9989609718322754
        },
        {
            "candid": 1096179494515015015,
            "jd": 2458850.6794907,
            "ra": 70.3189971,
            "dec": 20.3696444,
            "fid": 1,
            "nid": 1096,
            "magpsf": 19.836999893188477,
            "sigmapsf": 0.156468003988266,
            "magnr": 22.854999542236328,
            "sigmagnr": 0.289000004529953,
            "magzpsci": 26.326000213623047,
            "isdiffpos": "t",
            "ssdistnr": -999.0,
            "ssnamenr": "null",
            "drb": 0.9999840259552002
        },
        {
            "candid": 1098170633215015009,
            "jd": 2458852.6706366,
            "ra": 70.3189384,
            "dec": 20.3696551,
            "fid": 2,
            "nid": 1098,
            "magpsf": 18.8174991607666,
            "sigmapsf": 0.09408199787139893,
            "magnr": 22.88800048828125,
            "sigmagnr": 0.3409999907016754,
            "magzpsci": 26.26849937438965,
            "isdiffpos": "t",
            "ssdistnr": -999.0,
            "ssnamenr": "null",
            "drb": 1.0
        },
        {
            "candid": 1098181403215015016,
            "jd": 2458852.6814005,
            "ra": 70.3189594,
            "dec": 20.3696842,
            "fid": 2,
            "nid": 1098,
            "magpsf": 18.841100692749023,
            "sigmapsf": 0.08078200370073318,
            "magnr": 22.88800048828125,
            "sigmagnr": 0.3409999907016754,
            "magzpsci": 26.26110076904297,
            "isdiffpos": "t",
            "ssdistnr": -999.0,
            "ssnamenr": "null",
            "drb": 0.9998769760131836
        },
        {
            "candid": 1099153423215015007,
            "jd": 2458853.6534259,
            "ra": 70.3189798,
            "dec": 20.3696938,
            "fid": 2,
            "nid": 1099,
            "magpsf": 18.881000518798828,
            "sigmapsf": 0.14297200739383698,
            "magnr": 22.88800048828125,
            "sigmagnr": 0.3409999907016754,
            "magzpsci": 25.905000686645508,
            "isdiffpos": "t",
            "ssdistnr": -999.0,
            "ssnamenr": "null",
            "drb": 0.9999610185623169
        },
        {
            "candid": 1099154314515015004,
            "jd": 2458853.6543171,
            "ra": 70.3189789,
            "dec": 20.369649,
            "fid": 2,
            "nid": 1099,
            "magpsf": 18.743099212646484,
            "sigmapsf": 0.16631999611854553,
            "magnr": 22.263999938964844,
            "sigmagnr": 0.2240000069141388,
            "magzpsci": 25.877099990844727,
            "isdiffpos": "t",
            "ssdistnr": -999.0,
            "ssnamenr": "null",
            "drb": 0.9979900121688843
        },
        {
            "candid": 1099171944515015007,
            "jd": 2458853.6719444,
            "ra": 70.3189809,
            "dec": 20.3696859,
            "fid": 2,
            "nid": 1099,
            "magpsf": 18.82029914855957,
            "sigmapsf": 0.1154090017080307,
            "magnr": 22.263999938964844,
            "sigmagnr": 0.2240000069141388,
            "magzpsci": 26.181299209594727,
            "isdiffpos": "t",
            "ssdistnr": -999.0,
            "ssnamenr": "null",
            "drb": 0.9996359944343567
        },
        {
            "candid": 1100170754515015009,
            "jd": 2458854.6707523,
            "ra": 70.3188932,
            "dec": 20.3697768,
            "fid": 2,
            "nid": 1100,
            "magpsf": 18.803699493408203,
            "sigmapsf": 0.26613500714302063,
            "magnr": 22.263999938964844,
            "sigmagnr": 0.2240000069141388,
            "magzpsci": 26.312700271606445,
            "isdiffpos": "t",
            "ssdistnr": -999.0,
            "ssnamenr": "-999.0",
            "drb": null
        },
        {
            "candid": 1105129763215015017,
            "jd": 2458859.6297685,
            "ra": 70.3191876,
            "dec": 20.3697499,
            "fid": 1,
            "nid": 1105,
            "magpsf": 19.516799926757812,
            "sigmapsf": 0.3269369900226593,
            "magnr": 22.8799991607666,
            "sigmagnr": 0.29899999499320984,
            "magzpsci": 26.233800888061523,
            "isdiffpos": "t",
            "ssdistnr": -999.0,
            "ssnamenr": "-999.0",
            "drb": null
        },
        {
            "candid": 1105201184515015018,
            "jd": 2458859.7011806,
            "ra": 70.3189688,
            "dec": 20.3696725,
            "fid": 2,
            "nid": 1105,
            "magpsf": 19.01409912109375,
            "sigmapsf": 0.14619800448417664,
            "magnr": 22.263999938964844,
            "sigmagnr": 0.2240000069141388,
            "magzpsci": 26.300100326538086,
            "isdiffpos": "t",
            "ssdistnr": -999.0,
            "ssnamenr": "null",
            "drb": 0.9998419880867004
        },
        {
            "candid": 1105202553215015024,
            "jd": 2458859.7025579,
            "ra": 70.3189598,
            "dec": 20.3695524,
            "fid": 2,
            "nid": 1105,
            "magpsf": 19.107799530029297,
            "sigmapsf": 0.1896200031042099,
            "magnr": 22.88800048828125,
            "sigmagnr": 0.3409999907016754,
            "magzpsci": 26.269800186157227,
            "isdiffpos": "t",
            "ssdistnr": -999.0,
            "ssnamenr": "-999.0",
            "drb": null
        },
        {
            "candid": 1105226123215015019,
            "jd": 2458859.7261227,
            "ra": 70.3189634,
            "dec": 20.369676,
            "fid": 2,
            "nid": 1105,
            "magpsf": 18.906200408935547,
            "sigmapsf": 0.14623099565505981,
            "magnr": 22.88800048828125,
            "sigmagnr": 0.3409999907016754,
            "magzpsci": 26.25819969177246,
            "isdiffpos": "t",
            "ssdistnr": -999.0,
            "ssnamenr": "null",
            "drb": 1.0
        },
        {
            "candid": 1105265984515015016,
            "jd": 2458859.7659838,
            "ra": 70.3190075,
            "dec": 20.3696958,
            "fid": 2,
            "nid": 1105,
            "magpsf": 18.99690055847168,
            "sigmapsf": 0.14726099371910095,
            "magnr": 22.263999938964844,
            "sigmagnr": 0.2240000069141388,
            "magzpsci": 26.289899826049805,
            "isdiffpos": "t",
            "ssdistnr": -999.0,
            "ssnamenr": "null",
            "drb": 0.9999759793281555
        },
        {
            "candid": 1106161883215015023,
            "jd": 2458860.6618866,
            "ra": 70.3189413,
            "dec": 20.3696725,
            "fid": 2,
            "nid": 1106,
            "magpsf": 18.92889976501465,
            "sigmapsf": 0.13891899585723877,
            "magnr": 22.88800048828125,
            "sigmagnr": 0.3409999907016754,
            "magzpsci": 26.23889923095703,
            "isdiffpos": "t",
            "ssdistnr": -999.0,
            "ssnamenr": "null",
            "drb": 0.9999979734420776
        },
        {
            "candid": 1106210684515015014,
            "jd": 2458860.7106829,
            "ra": 70.3189907,
            "dec": 20.3697338,
            "fid": 2,
            "nid": 1106,
            "magpsf": 18.80430030822754,
            "sigmapsf": 0.14000800251960754,
            "magnr": 22.263999938964844,
            "sigmagnr": 0.2240000069141388,
            "magzpsci": 26.299299240112305,
            "isdiffpos": "t",
            "ssdistnr": -999.0,
            "ssnamenr": "null",
            "drb": 0.9816009998321533
        },
        {
            "candid": 1107150083215015010,
            "jd": 2458861.650081,
            "ra": 70.3188892,
            "dec": 20.3696472,
            "fid": 2,
            "nid": 1107,
            "magpsf": 19.05150032043457,
            "sigmapsf": 0.1431789994239807,
            "magnr": 22.88800048828125,
            "sigmagnr": 0.3409999907016754,
            "magzpsci": 26.238500595092773,
            "isdiffpos": "t",
            "ssdistnr": -999.0,
            "ssnamenr": "null",
            "drb": 0.9997990131378174
        },
        {
            "candid": 1107169174515015009,
            "jd": 2458861.6691782,
            "ra": 70.3189919,
            "dec": 20.3697056,
            "fid": 2,
            "nid": 1107,
            "magpsf": 19.018199920654297,
            "sigmapsf": 0.10575900226831436,
            "magnr": 22.263999938964844,
            "sigmagnr": 0.2240000069141388,
            "magzpsci": 26.30419921875,
            "isdiffpos": "t",
            "ssdistnr": -999.0,
            "ssnamenr": "null",
            "drb": 0.9999930262565613
        },
        {
            "candid": 1108225304515015012,
            "jd": 2458862.7253009,
            "ra": 70.3189494,
            "dec": 20.3696491,
            "fid": 2,
            "nid": 1108,
            "magpsf": 19.042999267578125,
            "sigmapsf": 0.11178500205278397,
            "magnr": 22.263999938964844,
            "sigmagnr": 0.2240000069141388,
            "magzpsci": 26.290000915527344,
            "isdiffpos": "t",
            "ssdistnr": -999.0,
            "ssnamenr": "-999.0",
            "drb": null
        },
        {
            "candid": 1108226653215015018,
            "jd": 2458862.7266551,
            "ra": 70.3189547,
            "dec": 20.369697,
            "fid": 2,
            "nid": 1108,
            "magpsf": 19.04640007019043,
            "sigmapsf": 0.12800300121307373,
            "magnr": 22.88800048828125,
            "sigmagnr": 0.3409999907016754,
            "magzpsci": 26.236400604248047,
            "isdiffpos": "t",
            "ssdistnr": -999.0,
            "ssnamenr": "null",
            "drb": 0.9995620250701904
        },
        {
            "candid": 1109138473215015014,
            "jd": 2458863.6384722,
            "ra": 70.3190125,
            "dec": 20.3696133,
            "fid": 1,
            "nid": 1109,
            "magpsf": 20.322500228881836,
            "sigmapsf": 0.2652449905872345,
            "magnr": 22.8799991607666,
            "sigmagnr": 0.29899999499320984,
            "magzpsci": 26.219499588012695,
            "isdiffpos": "t",
            "ssdistnr": -999.0,
            "ssnamenr": "-999.0",
            "drb": null
        },
        {
            "candid": 1109152463215015018,
            "jd": 2458863.6524653,
            "ra": 70.3192004,
            "dec": 20.3695679,
            "fid": 1,
            "nid": 1109,
            "magpsf": 20.5487003326416,
            "sigmapsf": 0.2788800001144409,
            "magnr": 22.8799991607666,
            "sigmagnr": 0.29899999499320984,
            "magzpsci": 26.119699478149414,
            "isdiffpos": "t",
            "ssdistnr": -999.0,
            "ssnamenr": "-999.0",
            "drb": null
        },
        {
            "candid": 1109207244515015008,
            "jd": 2458863.7072454,
            "ra": 70.3189701,
            "dec": 20.369664,
            "fid": 2,
            "nid": 1109,
            "magpsf": 19.087600708007812,
            "sigmapsf": 0.12671400606632233,
            "magnr": 22.263999938964844,
            "sigmagnr": 0.2240000069141388,
            "magzpsci": 25.895599365234375,
            "isdiffpos": "t",
            "ssdistnr": -999.0,
            "ssnamenr": "null",
            "drb": 1.0
        },
        {
            "candid": 1109208143215015008,
            "jd": 2458863.7081481,
            "ra": 70.3189755,
            "dec": 20.3696367,
            "fid": 2,
            "nid": 1109,
            "magpsf": 19.11240005493164,
            "sigmapsf": 0.25891000032424927,
            "magnr": 22.88800048828125,
            "sigmagnr": 0.3409999907016754,
            "magzpsci": 25.312400817871094,
            "isdiffpos": "t",
            "ssdistnr": -999.0,
            "ssnamenr": "-999.0",
            "drb": null
        },
        {
            "candid": 1110118183215015009,
            "jd": 2458864.6181829,
            "ra": 70.3189175,
            "dec": 20.3696284,
            "fid": 1,
            "nid": 1110,
            "magpsf": 20.32509994506836,
            "sigmapsf": 0.24435700476169586,
            "magnr": 22.8799991607666,
            "sigmagnr": 0.29899999499320984,
            "magzpsci": 26.210100173950195,
            "isdiffpos": "t",
            "ssdistnr": -999.0,
            "ssnamenr": "-999.0",
            "drb": null
        },
        {
            "candid": 1110135214515015014,
            "jd": 2458864.6352199,
            "ra": 70.3190109,
            "dec": 20.3696856,
            "fid": 1,
            "nid": 1110,
            "magpsf": 20.359699249267578,
            "sigmapsf": 0.23228800296783447,
            "magnr": 22.854999542236328,
            "sigmagnr": 0.289000004529953,
            "magzpsci": 26.308700561523438,
            "isdiffpos": "t",
            "ssdistnr": -999.0,
            "ssnamenr": "-999.0",
            "drb": null
        },
        {
            "candid": 1113183034515015007,
            "jd": 2458867.6830324,
            "ra": 70.3189633,
            "dec": 20.3696717,
            "fid": 1,
            "nid": 1113,
            "magpsf": 20.417800903320312,
            "sigmapsf": 0.2685900032520294,
            "magnr": 22.854999542236328,
            "sigmagnr": 0.289000004529953,
            "magzpsci": 26.119800567626953,
            "isdiffpos": "t",
            "ssdistnr": -999.0,
            "ssnamenr": "-999.0",
            "drb": null
        },
        {
            "candid": 1113198584515015004,
            "jd": 2458867.698588,
            "ra": 70.3189594,
            "dec": 20.3697409,
            "fid": 1,
            "nid": 1113,
            "magpsf": 20.773000717163086,
            "sigmapsf": 0.3346329927444458,
            "magnr": 22.854999542236328,
            "sigmagnr": 0.289000004529953,
            "magzpsci": 26.320999145507812,
            "isdiffpos": "t",
            "ssdistnr": -999.0,
            "ssnamenr": "-999.0",
            "drb": null
        },
        {
            "candid": 1113234624515015009,
            "jd": 2458867.7346296,
            "ra": 70.3189801,
            "dec": 20.3696933,
            "fid": 2,
            "nid": 1113,
            "magpsf": 19.170000076293945,
            "sigmapsf": 0.12072800099849701,
            "magnr": 22.263999938964844,
            "sigmagnr": 0.2240000069141388,
            "magzpsci": 26.187000274658203,
            "isdiffpos": "t",
            "ssdistnr": -999.0,
            "ssnamenr": "null",
            "drb": 0.9999920129776001
        },
        {
            "candid": 1113235543215015013,
            "jd": 2458867.735544,
            "ra": 70.3189372,
            "dec": 20.3696737,
            "fid": 2,
            "nid": 1113,
            "magpsf": 19.14419937133789,
            "sigmapsf": 0.12494400143623352,
            "magnr": 22.88800048828125,
            "sigmagnr": 0.3409999907016754,
            "magzpsci": 26.15519905090332,
            "isdiffpos": "t",
            "ssdistnr": -999.0,
            "ssnamenr": "null",
            "drb": 0.9943389892578125
        },
        {
            "candid": 1117190404515015012,
            "jd": 2458871.6904051,
            "ra": 70.3190173,
            "dec": 20.3696738,
            "fid": 1,
            "nid": 1117,
            "magpsf": 20.519800186157227,
            "sigmapsf": 0.2307099997997284,
            "magnr": 22.854999542236328,
            "sigmagnr": 0.289000004529953,
            "magzpsci": 26.354799270629883,
            "isdiffpos": "t",
            "ssdistnr": -999.0,
            "ssnamenr": "-999.0",
            "drb": null
        },
        {
            "candid": 1117204543215015010,
            "jd": 2458871.7045486,
            "ra": 70.3189711,
            "dec": 20.3696117,
            "fid": 1,
            "nid": 1117,
            "magpsf": 20.639699935913086,
            "sigmapsf": 0.2606630027294159,
            "magnr": 22.8799991607666,
            "sigmagnr": 0.29899999499320984,
            "magzpsci": 26.266700744628906,
            "isdiffpos": "t",
            "ssdistnr": -999.0,
            "ssnamenr": "-999.0",
            "drb": null
        },
        {
            "candid": 1119140594515015015,
            "jd": 2458873.6405903,
            "ra": 70.3189538,
            "dec": 20.3696923,
            "fid": 1,
            "nid": 1119,
            "magpsf": 20.587200164794922,
            "sigmapsf": 0.32690098881721497,
            "magnr": 22.854999542236328,
            "sigmagnr": 0.289000004529953,
            "magzpsci": 26.318199157714844,
            "isdiffpos": "t",
            "ssdistnr": -999.0,
            "ssnamenr": "-999.0",
            "drb": null
        },
        {
            "candid": 1119161803215015008,
            "jd": 2458873.6618056,
            "ra": 70.3189457,
            "dec": 20.3696463,
            "fid": 2,
            "nid": 1119,
            "magpsf": 19.36359977722168,
            "sigmapsf": 0.1340000033378601,
            "magnr": 22.88800048828125,
            "sigmagnr": 0.3409999907016754,
            "magzpsci": 26.23859977722168,
            "isdiffpos": "t",
            "ssdistnr": -999.0,
            "ssnamenr": "null",
            "drb": 0.9999960064888
        },
        {
            "candid": 1119163184515015018,
            "jd": 2458873.6631829,
            "ra": 70.3189454,
            "dec": 20.3696878,
            "fid": 2,
            "nid": 1119,
            "magpsf": 19.24049949645996,
            "sigmapsf": 0.1299930065870285,
            "magnr": 22.263999938964844,
            "sigmagnr": 0.2240000069141388,
            "magzpsci": 26.302499771118164,
            "isdiffpos": "t",
            "ssdistnr": -999.0,
            "ssnamenr": "null",
            "drb": 0.9999960064888
        },
        {
            "candid": 1120130603215015009,
            "jd": 2458874.6306019,
            "ra": 70.3189696,
            "dec": 20.3696583,
            "fid": 2,
            "nid": 1120,
            "magpsf": 19.21969985961914,
            "sigmapsf": 0.15583699941635132,
            "magnr": 22.88800048828125,
            "sigmagnr": 0.3409999907016754,
            "magzpsci": 25.568700790405273,
            "isdiffpos": "t",
            "ssdistnr": -999.0,
            "ssnamenr": "null",
            "drb": 0.9999669790267944
        },
        {
            "candid": 1120226434515015008,
            "jd": 2458874.7264352,
            "ra": 70.3189569,
            "dec": 20.3696689,
            "fid": 2,
            "nid": 1120,
            "magpsf": 19.489599227905273,
            "sigmapsf": 0.19985300302505493,
            "magnr": 22.263999938964844,
            "sigmagnr": 0.2240000069141388,
            "magzpsci": 26.064599990844727,
            "isdiffpos": "t",
            "ssdistnr": -999.0,
            "ssnamenr": "null",
            "drb": 0.9999949932098389
        },
        {
            "candid": 1122138564515015008,
            "jd": 2458876.6385648,
            "ra": 70.3191013,
            "dec": 20.3696942,
            "fid": 1,
            "nid": 1122,
            "magpsf": 20.901399612426758,
            "sigmapsf": 0.350585013628006,
            "magnr": 22.854999542236328,
            "sigmagnr": 0.289000004529953,
            "magzpsci": 26.30739974975586,
            "isdiffpos": "t",
            "ssdistnr": -999.0,
            "ssnamenr": "-999.0",
            "drb": null
        },
        {
            "candid": 1122138564515025008,
            "jd": 2458876.6385648,
            "ra": 70.3191083,
            "dec": 20.3696939,
            "fid": 1,
            "nid": 1122,
            "magpsf": 20.916200637817383,
            "sigmapsf": 0.3565419912338257,
            "magnr": 22.854999542236328,
            "sigmagnr": 0.289000004529953,
            "magzpsci": 26.307199478149414,
            "isdiffpos": "t",
            "ssdistnr": -999.0,
            "ssnamenr": "-999.0",
            "drb": null
        },
        {
            "candid": 1123145893215015015,
            "jd": 2458877.6458912,
            "ra": 70.3189449,
            "dec": 20.369647,
            "fid": 2,
            "nid": 1123,
            "magpsf": 19.524700164794922,
            "sigmapsf": 0.16604000329971313,
            "magnr": 22.88800048828125,
            "sigmagnr": 0.3409999907016754,
            "magzpsci": 26.220699310302734,
            "isdiffpos": "t",
            "ssdistnr": -999.0,
            "ssnamenr": "null",
            "drb": 0.9997889995574951
        },
        {
            "candid": 1123148693215015013,
            "jd": 2458877.6486921,
            "ra": 70.3189184,
            "dec": 20.3696813,
            "fid": 2,
            "nid": 1123,
            "magpsf": 19.469499588012695,
            "sigmapsf": 0.1268479973077774,
            "magnr": 22.88800048828125,
            "sigmagnr": 0.3409999907016754,
            "magzpsci": 26.22249984741211,
            "isdiffpos": "t",
            "ssdistnr": -999.0,
            "ssnamenr": "null",
            "drb": 0.9999120235443115
        },
        {
            "candid": 1123149584515015011,
            "jd": 2458877.6495833,
            "ra": 70.3189731,
            "dec": 20.3696513,
            "fid": 2,
            "nid": 1123,
            "magpsf": 19.404199600219727,
            "sigmapsf": 0.13911700248718262,
            "magnr": 22.263999938964844,
            "sigmagnr": 0.2240000069141388,
            "magzpsci": 26.279199600219727,
            "isdiffpos": "t",
            "ssdistnr": -999.0,
            "ssnamenr": "null",
            "drb": 1.0
        },
        {
            "candid": 1123164304515015010,
            "jd": 2458877.6643056,
            "ra": 70.3190104,
            "dec": 20.3696949,
            "fid": 2,
            "nid": 1123,
            "magpsf": 19.357799530029297,
            "sigmapsf": 0.1373780071735382,
            "magnr": 22.263999938964844,
            "sigmagnr": 0.2240000069141388,
            "magzpsci": 26.284799575805664,
            "isdiffpos": "t",
            "ssdistnr": -999.0,
            "ssnamenr": "null",
            "drb": 0.9998390078544617
        },
        {
            "candid": 1123205304515015009,
            "jd": 2458877.7053009,
            "ra": 70.3189569,
            "dec": 20.369609,
            "fid": 1,
            "nid": 1123,
            "magpsf": 20.767000198364258,
            "sigmapsf": 0.28677898645401,
            "magnr": 22.854999542236328,
            "sigmagnr": 0.289000004529953,
            "magzpsci": 26.29800033569336,
            "isdiffpos": "t",
            "ssdistnr": -999.0,
            "ssnamenr": "-999.0",
            "drb": null
        },
        {
            "candid": 1124148853215015010,
            "jd": 2458878.6488542,
            "ra": 70.3188655,
            "dec": 20.3695983,
            "fid": 2,
            "nid": 1124,
            "magpsf": 19.6564998626709,
            "sigmapsf": 0.28311100602149963,
            "magnr": 22.88800048828125,
            "sigmagnr": 0.3409999907016754,
            "magzpsci": 26.107500076293945,
            "isdiffpos": "t",
            "ssdistnr": -999.0,
            "ssnamenr": "-999.0",
            "drb": null
        },
        {
            "candid": 1124150234515015005,
            "jd": 2458878.6502315,
            "ra": 70.3189837,
            "dec": 20.3696884,
            "fid": 2,
            "nid": 1124,
            "magpsf": 19.34749984741211,
            "sigmapsf": 0.2188040018081665,
            "magnr": 22.263999938964844,
            "sigmagnr": 0.2240000069141388,
            "magzpsci": 26.21649932861328,
            "isdiffpos": "t",
            "ssdistnr": -999.0,
            "ssnamenr": "-999.0",
            "drb": null
        },
        {
            "candid": 1126177473215015006,
            "jd": 2458880.6774769,
            "ra": 70.3189779,
            "dec": 20.3696282,
            "fid": 2,
            "nid": 1126,
            "magpsf": 19.50589942932129,
            "sigmapsf": 0.17028599977493286,
            "magnr": 22.88800048828125,
            "sigmagnr": 0.3409999907016754,
            "magzpsci": 26.25189971923828,
            "isdiffpos": "t",
            "ssdistnr": -999.0,
            "ssnamenr": "-999.0",
            "drb": null
        },
        {
            "candid": 1126180184515015006,
            "jd": 2458880.6801852,
            "ra": 70.318996,
            "dec": 20.3697118,
            "fid": 2,
            "nid": 1126,
            "magpsf": 19.527000427246094,
            "sigmapsf": 0.20139600336551666,
            "magnr": 22.263999938964844,
            "sigmagnr": 0.2240000069141388,
            "magzpsci": 26.298999786376953,
            "isdiffpos": "t",
            "ssdistnr": -999.0,
            "ssnamenr": "null",
            "drb": 0.9997389912605286
        },
        {
            "candid": 1126195524515015012,
            "jd": 2458880.6955208,
            "ra": 70.3190134,
            "dec": 20.3697208,
            "fid": 2,
            "nid": 1126,
            "magpsf": 19.488500595092773,
            "sigmapsf": 0.16004499793052673,
            "magnr": 22.263999938964844,
            "sigmagnr": 0.2240000069141388,
            "magzpsci": 26.296499252319336,
            "isdiffpos": "t",
            "ssdistnr": -999.0,
            "ssnamenr": "-999.0",
            "drb": null
        },
        {
            "candid": 1126196903215015010,
            "jd": 2458880.6969097,
            "ra": 70.3189563,
            "dec": 20.3696751,
            "fid": 2,
            "nid": 1126,
            "magpsf": 19.456199645996094,
            "sigmapsf": 0.12691299617290497,
            "magnr": 22.88800048828125,
            "sigmagnr": 0.3409999907016754,
            "magzpsci": 26.243200302124023,
            "isdiffpos": "t",
            "ssdistnr": -999.0,
            "ssnamenr": "null",
            "drb": 0.9998509883880615
        },
        {
            "candid": 1136145554515015002,
            "jd": 2458890.6455556,
            "ra": 70.3190063,
            "dec": 20.3696862,
            "fid": 2,
            "nid": 1136,
            "magpsf": 19.788400650024414,
            "sigmapsf": 0.23329900205135345,
            "magnr": 22.263999938964844,
            "sigmagnr": 0.2240000069141388,
            "magzpsci": 26.276399612426758,
            "isdiffpos": "t",
            "ssdistnr": -999.0,
            "ssnamenr": "-999.0",
            "drb": null
        },
        {
            "candid": 1139138803215015010,
            "jd": 2458893.6388079,
            "ra": 70.3189373,
            "dec": 20.3696776,
            "fid": 2,
            "nid": 1139,
            "magpsf": 19.8976993560791,
            "sigmapsf": 0.16136899590492249,
            "magnr": 22.88800048828125,
            "sigmagnr": 0.3409999907016754,
            "magzpsci": 26.21769905090332,
            "isdiffpos": "t",
            "ssdistnr": -999.0,
            "ssnamenr": "null",
            "drb": 0.9751369953155518
        },
        {
            "candid": 1139170673215015011,
            "jd": 2458893.6706713,
            "ra": 70.3189612,
            "dec": 20.3696711,
            "fid": 1,
            "nid": 1139,
            "magpsf": 21.02989959716797,
            "sigmapsf": 0.4230929911136627,
            "magnr": 22.8799991607666,
            "sigmagnr": 0.29899999499320984,
            "magzpsci": 26.205900192260742,
            "isdiffpos": "t",
            "ssdistnr": -999.0,
            "ssnamenr": "-999.0",
            "drb": null
        },
        {
            "candid": 1141103134515015007,
            "jd": 2458895.6031366,
            "ra": 70.3190288,
            "dec": 20.3696881,
            "fid": 2,
            "nid": 1141,
            "magpsf": 19.85420036315918,
            "sigmapsf": 0.2168010026216507,
            "magnr": 22.263999938964844,
            "sigmagnr": 0.2240000069141388,
            "magzpsci": 26.296199798583984,
            "isdiffpos": "t",
            "ssdistnr": -999.0,
            "ssnamenr": "null",
            "drb": 0.9979869723320007
        },
        {
            "candid": 1141104503215015009,
            "jd": 2458895.6045023,
            "ra": 70.3188862,
            "dec": 20.3696943,
            "fid": 2,
            "nid": 1141,
            "magpsf": 19.80769920349121,
            "sigmapsf": 0.18673300743103027,
            "magnr": 22.88800048828125,
            "sigmagnr": 0.3409999907016754,
            "magzpsci": 26.228700637817383,
            "isdiffpos": "t",
            "ssdistnr": -999.0,
            "ssnamenr": "null",
            "drb": 0.9818469882011414
        },
        {
            "candid": 1142143144515015009,
            "jd": 2458896.6431481,
            "ra": 70.3189609,
            "dec": 20.3696971,
            "fid": 2,
            "nid": 1142,
            "magpsf": 19.815099716186523,
            "sigmapsf": 0.1556050032377243,
            "magnr": 22.263999938964844,
            "sigmagnr": 0.2240000069141388,
            "magzpsci": 26.281099319458008,
            "isdiffpos": "t",
            "ssdistnr": -999.0,
            "ssnamenr": "null",
            "drb": 0.9999979734420776
        },
        {
            "candid": 1142156933215015015,
            "jd": 2458896.6569329,
            "ra": 70.318871,
            "dec": 20.3696793,
            "fid": 2,
            "nid": 1142,
            "magpsf": 19.898500442504883,
            "sigmapsf": 0.1651809960603714,
            "magnr": 22.88800048828125,
            "sigmagnr": 0.3409999907016754,
            "magzpsci": 26.22949981689453,
            "isdiffpos": "t",
            "ssdistnr": -999.0,
            "ssnamenr": "null",
            "drb": 0.9991369843482971
        },
        {
            "candid": 1145128194515015007,
            "jd": 2458899.6281944,
            "ra": 70.3189685,
            "dec": 20.369622,
            "fid": 2,
            "nid": 1145,
            "magpsf": 19.981199264526367,
            "sigmapsf": 0.19742299616336823,
            "magnr": 22.263999938964844,
            "sigmagnr": 0.2240000069141388,
            "magzpsci": 26.289199829101562,
            "isdiffpos": "t",
            "ssdistnr": -999.0,
            "ssnamenr": "-999.0",
            "drb": null
        },
        {
            "candid": 1145129103215015015,
            "jd": 2458899.6291088,
            "ra": 70.3189162,
            "dec": 20.3697155,
            "fid": 2,
            "nid": 1145,
            "magpsf": 19.895099639892578,
            "sigmapsf": 0.14385199546813965,
            "magnr": 22.88800048828125,
            "sigmagnr": 0.3409999907016754,
            "magzpsci": 26.228099822998047,
            "isdiffpos": "t",
            "ssdistnr": -999.0,
            "ssnamenr": "-999.0",
            "drb": null
        },
        {
            "candid": 1149152444515015004,
            "jd": 2458903.6524421,
            "ra": 70.3189488,
            "dec": 20.369672,
            "fid": 2,
            "nid": 1149,
            "magpsf": 19.95989990234375,
            "sigmapsf": 0.18012000620365143,
            "magnr": 22.263999938964844,
            "sigmagnr": 0.2240000069141388,
            "magzpsci": 26.263900756835938,
            "isdiffpos": "t",
            "ssdistnr": -999.0,
            "ssnamenr": "null",
            "drb": 0.9999759793281555
        },
        {
            "candid": 1149165523215015003,
            "jd": 2458903.6655208,
            "ra": 70.3188784,
            "dec": 20.3696883,
            "fid": 2,
            "nid": 1149,
            "magpsf": 20.132999420166016,
            "sigmapsf": 0.20698699355125427,
            "magnr": 22.88800048828125,
            "sigmagnr": 0.3409999907016754,
            "magzpsci": 26.22599983215332,
            "isdiffpos": "t",
            "ssdistnr": -999.0,
            "ssnamenr": "null",
            "drb": 0.9989150166511536
        },
        {
            "jd": 2458803.81549,
            "fid": 2,
            "diffmaglim": 19.551000595092773
        },
        {
            "jd": 2458803.81594,
            "fid": 2,
            "diffmaglim": 19.468000411987305
        },
        {
            "jd": 2458804.03229,
            "fid": 1,
            "diffmaglim": 18.9060001373291
        },
        {
            "jd": 2458804.03322,
            "fid": 1,
            "diffmaglim": 18.951000213623047
        },
        {
            "jd": 2458804.87059,
            "fid": 2,
            "diffmaglim": 19.632999420166016
        },
        {
            "jd": 2458805.8299,
            "fid": 2,
            "diffmaglim": 20.075000762939453
        },
        {
            "jd": 2458805.8326,
            "fid": 2,
            "diffmaglim": 20.02899932861328
        },
        {
            "jd": 2458806.83058,
            "fid": 2,
            "diffmaglim": 19.59600067138672
        },
        {
            "jd": 2458806.85693,
            "fid": 1,
            "diffmaglim": 20.18400001525879
        },
        {
            "jd": 2458806.87025,
            "fid": 1,
            "diffmaglim": 20.20199966430664
        },
        {
            "jd": 2458806.87441,
            "fid": 1,
            "diffmaglim": 20.2810001373291
        },
        {
            "jd": 2458806.88428,
            "fid": 1,
            "diffmaglim": 20.16200065612793
        },
        {
            "jd": 2458811.76872,
            "fid": 1,
            "diffmaglim": 20.134000778198242
        },
        {
            "jd": 2458811.77575,
            "fid": 1,
            "diffmaglim": 20.159000396728516
        },
        {
            "jd": 2458811.7762,
            "fid": 1,
            "diffmaglim": 20.183000564575195
        },
        {
            "jd": 2458811.79206,
            "fid": 1,
            "diffmaglim": 18.895000457763672
        },
        {
            "jd": 2458811.81698,
            "fid": 2,
            "diffmaglim": 19.947999954223633
        },
        {
            "jd": 2458811.83046,
            "fid": 2,
            "diffmaglim": 20.131999969482422
        },
        {
            "jd": 2458811.83317,
            "fid": 2,
            "diffmaglim": 19.854999542236328
        },
        {
            "jd": 2458812.7815,
            "fid": 2,
            "diffmaglim": 20.40999984741211
        },
        {
            "jd": 2458812.78197,
            "fid": 2,
            "diffmaglim": 20.33300018310547
        },
        {
            "jd": 2458814.7142,
            "fid": 2,
            "diffmaglim": 19.945999145507812
        },
        {
            "jd": 2458814.7285,
            "fid": 2,
            "diffmaglim": 19.565000534057617
        },
        {
            "jd": 2458819.73198,
            "fid": 1,
            "diffmaglim": 19.68600082397461
        },
        {
            "jd": 2458819.75044,
            "fid": 1,
            "diffmaglim": 19.715999603271484
        },
        {
            "jd": 2458823.84766,
            "fid": 2,
            "diffmaglim": 17.759000778198242
        },
        {
            "jd": 2458831.74334,
            "fid": 1,
            "diffmaglim": 18.966999053955078
        },
        {
            "jd": 2458835.71588,
            "fid": 1,
            "diffmaglim": 18.506000518798828
        },
        {
            "jd": 2458839.7206,
            "fid": 1,
            "diffmaglim": 16.69300079345703
        },
        {
            "jd": 2458839.7537,
            "fid": 2,
            "diffmaglim": 15.092000007629395
        },
        {
            "jd": 2458851.66514,
            "fid": 1,
            "diffmaglim": 18.709999084472656
        },
        {
            "jd": 2458851.6656,
            "fid": 1,
            "diffmaglim": 18.506999969482422
        },
        {
            "jd": 2458852.63024,
            "fid": 1,
            "diffmaglim": 19.43400001525879
        },
        {
            "jd": 2458853.60788,
            "fid": 1,
            "diffmaglim": 19.259000778198242
        },
        {
            "jd": 2458863.65293,
            "fid": 1,
            "diffmaglim": 19.97100067138672
        },
        {
            "jd": 2458867.68072,
            "fid": 1,
            "diffmaglim": 19.663000106811523
        },
        {
            "jd": 2458867.72821,
            "fid": 1,
            "diffmaglim": 20.45800018310547
        },
        {
            "jd": 2458873.63969,
            "fid": 1,
            "diffmaglim": 20.572999954223633
        },
        {
            "jd": 2458874.67032,
            "fid": 1,
            "diffmaglim": 20.399999618530273
        },
        {
            "jd": 2458874.69098,
            "fid": 1,
            "diffmaglim": 20.183000564575195
        },
        {
            "jd": 2458876.63622,
            "fid": 1,
            "diffmaglim": 19.7189998626709
        },
        {
            "jd": 2458877.70438,
            "fid": 1,
            "diffmaglim": 20.29199981689453
        },
        {
            "jd": 2458878.71617,
            "fid": 1,
            "diffmaglim": 19.9060001373291
        },
        {
            "jd": 2458879.62714,
            "fid": 1,
            "diffmaglim": 19.030000686645508
        },
        {
            "jd": 2458879.63306,
            "fid": 1,
            "diffmaglim": 19.6560001373291
        },
        {
            "jd": 2458880.62297,
            "fid": 1,
            "diffmaglim": 20.391000747680664
        },
        {
            "jd": 2458880.64259,
            "fid": 1,
            "diffmaglim": 20.336000442504883
        },
        {
            "jd": 2458880.64575,
            "fid": 1,
            "diffmaglim": 20.198999404907227
        },
        {
            "jd": 2458881.65243,
            "fid": 1,
            "diffmaglim": 19.937000274658203
        },
        {
            "jd": 2458881.65381,
            "fid": 1,
            "diffmaglim": 20.14299964904785
        },
        {
            "jd": 2458885.65334,
            "fid": 2,
            "diffmaglim": 18.97599983215332
        },
        {
            "jd": 2458885.65427,
            "fid": 2,
            "diffmaglim": 18.90999984741211
        },
        {
            "jd": 2458885.75995,
            "fid": 1,
            "diffmaglim": 18.660999298095703
        },
        {
            "jd": 2458885.76041,
            "fid": 1,
            "diffmaglim": 18.670000076293945
        },
        {
            "jd": 2458886.67347,
            "fid": 1,
            "diffmaglim": 19.323999404907227
        },
        {
            "jd": 2458886.6744,
            "fid": 1,
            "diffmaglim": 19.349000930786133
        },
        {
            "jd": 2458887.70708,
            "fid": 1,
            "diffmaglim": 19.31599998474121
        },
        {
            "jd": 2458890.72797,
            "fid": 1,
            "diffmaglim": 19.158000946044922
        },
        {
            "jd": 2458890.7456,
            "fid": 1,
            "diffmaglim": 19.263999938964844
        },
        {
            "jd": 2458892.6655,
            "fid": 1,
            "diffmaglim": 20.459999084472656
        },
        {
            "jd": 2458892.66641,
            "fid": 1,
            "diffmaglim": 20.45599937438965
        }
    ],
    "forcedphot": []
}