{
    "objectId": "ZTF18adaykvg",
    "candidates": [
        {
            "candid": 726422090315015046,
            "jd": 2458480.9220949,
            "ra": 127.2227252,
            "dec": 1.1107073,
            "fid": 2,
            "nid": 726,
            "magpsf": 18.582300186157227,
            "sigmapsf": 0.10727900266647339,
            "magnr": 21.083999633789062,
            "sigmagnr": 0.14100000262260437,
            "magzpsci": 25.9822998046875,
            "isdiffpos": "t",
            "ssdistnr": -999.0,
            "ssnamenr": "null",
            "drb": null
        },
        {
            "candid": 726440301415015033,
            "jd": 2458480.9403009,
            "ra": 127.2227403,
            "dec": 1.1107779,
            "fid": 2,
            "nid": 726,
            "magpsf": 18.536800384521484,
            "sigmapsf": 0.11080099642276764,
            "magnr": 21.070999145507812,
            "sigmagnr": 0.14000000059604645,
            "magzpsci": 25.98579978942871,
            "isdiffpos": "t",
            "ssdistnr": -999.0,
            "ssnamenr": "null",
            "drb": null
        },
        {
            "candid": 726477070315015054,
            "jd": 2458480.9770718,
            "ra": 127.2227366,
            "dec": 1.1107647,
            "fid": 1,
            "nid": 726,
            "magpsf": 18.137800216674805,
            "sigmapsf": 0.08286800235509872,
            "magnr": 21.56599998474121,
            "sigmagnr": 0.20600000023841858,
            "magzpsci": 26.052799224853516,
            "isdiffpos": "t",
            "ssdistnr": -999.0,
            "ssnamenr": "null",
            "drb": null
        },
        {
            "candid": 726483591415015047,
            "jd": 2458480.9835995,
            "ra": 127.2227503,
            "dec": 1.1107514,
            "fid": 1,
            "nid": 726,
            "magpsf": 18.249300003051758,
            "sigmapsf": 0.08954399824142456,
            "magnr": 21.256999969482422,
            "sigmagnr": 0.13199999928474426,
            "magzpsci": 26.064300537109375,
            "isdiffpos": "t",
            "ssdistnr": -999.0,
            "ssnamenr": "null",
            "drb": null
        },
        {
            "candid": 727433400315015040,
            "jd": 2458481.9334028,
            "ra": 127.2227058,
            "dec": 1.1107668,
            "fid": 2,
            "nid": 727,
            "magpsf": 18.541799545288086,
            "sigmapsf": 0.08359400182962418,
            "magnr": 21.083999633789062,
            "sigmagnr": 0.14100000262260437,
            "magzpsci": 25.99180030822754,
            "isdiffpos": "t",
            "ssdistnr": -999.0,
            "ssnamenr": "null",
            "drb": null
        },
        {
            "candid": 727478091415015043,
            "jd": 2458481.9780903,
            "ra": 127.2227708,
            "dec": 1.1107354,
            "fid": 2,
            "nid": 727,
            "magpsf": 18.62220001220703,
            "sigmapsf": 0.11004199832677841,
            "magnr": 21.070999145507812,
            "sigmagnr": 0.14000000059604645,
            "magzpsci": 25.9862003326416,
            "isdiffpos": "t",
            "ssdistnr": -999.0,
            "ssnamenr": "null",
            "drb": null
        },
        {
            "jd": 2458461.95159,
            "fid": 1,
            "diffmaglim": 19.47800064086914
        },
        {
            "jd": 2458462.00434,
            "fid": 2,
            "diffmaglim": 19.579999923706055
        },
        {
            "jd": 2458465.98531,
            "fid": 2,
            "diffmaglim": 20.077999114990234
        },
        {
            "jd": 2458466.02892,
            "fid": 1,
            "diffmaglim": 20.365999221801758
        },
        {
            "jd": 2458467.95639,
            "fid": 1,
            "diffmaglim": 17.48900032043457
        },
        {
            "jd": 2458468.93635,
            "fid": 1,
            "diffmaglim": 20.547000885009766
        },
        {
            "jd": 2458468.97764,
            "fid": 2,
            "diffmaglim": 20.121999740600586
        },
        {
            "jd": 2458472.90182,
            "fid": 2,
            "diffmaglim": 19.761999130249023
        },
        {
            "jd": 2458472.93091,
            "fid": 2,
            "diffmaglim": 19.888999938964844
        },
        {
            "jd": 2458472.99598,
            "fid": 1,
            "diffmaglim": 19.770000457763672
        },
        {
            "jd": 2458472.99644,
            "fid": 1,
            "diffmaglim": 19.878000259399414
        },
        {
            "jd": 2458476.01571,
            "fid": 1,
            "diffmaglim": 19.02899932861328
        },
        {
            "jd": 2458476.03964,
            "fid": 1,
            "diffmaglim": 18.950000762939453
        }
    ],
    "forcedphot": []
}