{
    "objectId": "ZTF18absliyc",
    "candidates": [
        {
            "candid": 610356444415015018,
            "jd": 2458364.8564468,
            "ra": 6.0059463,
            "dec": -1.2233455,
            "fid": 2,
            "nid": 610,
            "magpsf": 19.773000717163086,
            "sigmapsf": 0.12108200043439865,
            "magnr": 21.71500015258789,
            "sigmagnr": 0.10199999809265137,
            "magzpsci": 0.0,
            "isdiffpos": "t",
            "ssdistnr": -999.0,
            "ssnamenr": "null",
            "drb": null
        },
        {
            "candid": 610417104415015013,
            "jd": 2458364.9171065,
            "ra": 6.0059172,
            "dec": -1.2233076,
            "fid": 1,
            "nid": 610,
            "magpsf": 19.51409912109375,
            "sigmapsf": 0.17287400364875793,
            "magnr": 22.195999145507812,
            "sigmagnr": 0.15700000524520874,
            "magzpsci": 0.0,
            "isdiffpos": "t",
            "ssdistnr": -999.0,
            "ssnamenr": "null",
            "drb": null
        },
        {
            "candid": 613374274415015016,
            "jd": 2458367.8742708,
            "ra": 6.0059218,
            "dec": -1.2233825,
            "fid": 2,
            "nid": 613,
            "magpsf": 19.079700469970703,
            "sigmapsf": 0.07645999640226364,
            "magnr": 21.71500015258789,
            "sigmagnr": 0.10199999809265137,
            "magzpsci": 0.0,
            "isdiffpos": "t",
            "ssdistnr": -999.0,
            "ssnamenr": "null",
            "drb": null
        },
        {
            "candid": 613398324415015014,
            "jd": 2458367.8983218,
            "ra": 6.0058989,
            "dec": -1.2233478,
            "fid": 1,
            "nid": 613,
            "magpsf": 19.110000610351562,
            "sigmapsf": 0.07535900175571442,
            "magnr": 22.195999145507812,
            "sigmagnr": 0.15700000524520874,
            "magzpsci": 0.0,
            "isdiffpos": "t",
            "ssdistnr": -999.0,
            "ssnamenr": "null",
            "drb": null
        },
        {
            "candid": 616392844415015014,
            "jd": 2458370.8928472,
            "ra": 6.0058928,
            "dec": -1.2233363,
            "fid": 1,
            "nid": 616,
            "magpsf": 18.924400329589844,
            "sigmapsf": 0.09009099751710892,
            "magnr": 22.195999145507812,
            "sigmagnr": 0.15700000524520874,
            "magzpsci": 0.0,
            "isdiffpos": "t",
            "ssdistnr": -999.0,
            "ssnamenr": "null",
            "drb": null
        },
        {
            "candid": 616398874415015015,
            "jd": 2458370.8988773,
            "ra": 6.005909,
            "dec": -1.2233345,
            "fid": 2,
            "nid": 616,
            "magpsf": 18.83060073852539,
            "sigmapsf": 0.06143699958920479,
            "magnr": 21.71500015258789,
            "sigmagnr": 0.10199999809265137,
            "magzpsci": 0.0,
            "isdiffpos": "t",
            "ssdistnr": -999.0,
            "ssnamenr": "null",
            "drb": null
        },
        {
            "candid": 619329014415015017,
            "jd": 2458373.8290162,
            "ra": 6.0058993,
            "dec": -1.2233773,
            "fid": 2,
            "nid": 619,
            "magpsf": 18.716299057006836,
            "sigmapsf": 0.06206199899315834,
            "magnr": 21.71500015258789,
            "sigmagnr": 0.10199999809265137,
            "magzpsci": 0.0,
            "isdiffpos": "t",
            "ssdistnr": -999.0,
            "ssnamenr": "null",
            "drb": null
        },
        {
            "candid": 619393684415015017,
            "jd": 2458373.8936806,
            "ra": 6.0059048,
            "dec": -1.2233459,
            "fid": 1,
            "nid": 619,
            "magpsf": 18.958900451660156,
            "sigmapsf": 0.08212099969387054,
            "magnr": 22.195999145507812,
            "sigmagnr": 0.15700000524520874,
            "magzpsci": 0.0,
            "isdiffpos": "t",
            "ssdistnr": -999.0,
            "ssnamenr": "null",
            "drb": null
        },
        {
            "candid": 622328664415015019,
            "jd": 2458376.828669,
            "ra": 6.0058973,
            "dec": -1.2233526,
            "fid": 1,
            "nid": 622,
            "magpsf": 19.11870002746582,
            "sigmapsf": 0.0880270004272461,
            "magnr": 22.195999145507812,
            "sigmagnr": 0.15700000524520874,
            "magzpsci": 0.0,
            "isdiffpos": "t",
            "ssdistnr": -999.0,
            "ssnamenr": "null",
            "drb": null
        },
        {
            "candid": 622356264415015017,
            "jd": 2458376.8562616,
            "ra": 6.0058927,
            "dec": -1.223353,
            "fid": 2,
            "nid": 622,
            "magpsf": 18.63129997253418,
            "sigmapsf": 0.06355299800634384,
            "magnr": 21.71500015258789,
            "sigmagnr": 0.10199999809265137,
            "magzpsci": 0.0,
            "isdiffpos": "t",
            "ssdistnr": -999.0,
            "ssnamenr": "null",
            "drb": null
        },
        {
            "candid": 625358534415015010,
            "jd": 2458379.8585301,
            "ra": 6.0058779,
            "dec": -1.2233482,
            "fid": 1,
            "nid": 625,
            "magpsf": 19.281299591064453,
            "sigmapsf": 0.1136000007390976,
            "magnr": 22.195999145507812,
            "sigmagnr": 0.15700000524520874,
            "magzpsci": 0.0,
            "isdiffpos": "t",
            "ssdistnr": -999.0,
            "ssnamenr": "null",
            "drb": null
        },
        {
            "candid": 625392034415015013,
            "jd": 2458379.892037,
            "ra": 6.0058992,
            "dec": -1.223378,
            "fid": 2,
            "nid": 625,
            "magpsf": 18.671899795532227,
            "sigmapsf": 0.05451900139451027,
            "magnr": 21.71500015258789,
            "sigmagnr": 0.10199999809265137,
            "magzpsci": 0.0,
            "isdiffpos": "t",
            "ssdistnr": -999.0,
            "ssnamenr": "null",
            "drb": null
        },
        {
            "candid": 628332304415015011,
            "jd": 2458382.8323032,
            "ra": 6.005904,
            "dec": -1.2233674,
            "fid": 2,
            "nid": 628,
            "magpsf": 18.744800567626953,
            "sigmapsf": 0.07025200128555298,
            "magnr": 21.71500015258789,
            "sigmagnr": 0.10199999809265137,
            "magzpsci": 0.0,
            "isdiffpos": "t",
            "ssdistnr": -999.0,
            "ssnamenr": "null",
            "drb": null
        },
        {
            "candid": 628394524415015008,
            "jd": 2458382.8945255,
            "ra": 6.0058909,
            "dec": -1.2233216,
            "fid": 1,
            "nid": 628,
            "magpsf": 19.637500762939453,
            "sigmapsf": 0.1820240020751953,
            "magnr": 22.195999145507812,
            "sigmagnr": 0.15700000524520874,
            "magzpsci": 0.0,
            "isdiffpos": "t",
            "ssdistnr": -999.0,
            "ssnamenr": "null",
            "drb": null
        },
        {
            "candid": 634291314415015007,
            "jd": 2458388.7913194,
            "ra": 6.0059474,
            "dec": -1.2233659,
            "fid": 2,
            "nid": 634,
            "magpsf": 18.987600326538086,
            "sigmapsf": 0.11924099922180176,
            "magnr": 21.71500015258789,
            "sigmagnr": 0.10199999809265137,
            "magzpsci": 0.0,
            "isdiffpos": "t",
            "ssdistnr": -999.0,
            "ssnamenr": "null",
            "drb": null
        },
        {
            "candid": 643289314415015022,
            "jd": 2458397.7893171,
            "ra": 6.0059008,
            "dec": -1.2233704,
            "fid": 2,
            "nid": 643,
            "magpsf": 19.50279998779297,
            "sigmapsf": 0.09377700090408325,
            "magnr": 21.71500015258789,
            "sigmagnr": 0.10199999809265137,
            "magzpsci": 26.244800567626953,
            "isdiffpos": "t",
            "ssdistnr": -999.0,
            "ssnamenr": "null",
            "drb": null
        },
        {
            "candid": 678270774415015010,
            "jd": 2458432.7707755,
            "ra": 6.0058283,
            "dec": -1.2233557,
            "fid": 2,
            "nid": 678,
            "magpsf": 20.267000198364258,
            "sigmapsf": 0.1975650042295456,
            "magnr": 21.71500015258789,
            "sigmagnr": 0.10199999809265137,
            "magzpsci": 26.259000778198242,
            "isdiffpos": "t",
            "ssdistnr": -999.0,
            "ssnamenr": "null",
            "drb": null
        },
        {
            "jd": 2458423.74353,
            "fid": 1,
            "diffmaglim": 20.552000045776367
        },
        {
            "jd": 2458426.75418,
            "fid": 2,
            "diffmaglim": 20.38599967956543
        },
        {
            "jd": 2458429.73255,
            "fid": 1,
            "diffmaglim": 20.83099937438965
        },
        {
            "jd": 2458429.76054,
            "fid": 2,
            "diffmaglim": 20.607999801635742
        }
    ],
    "forcedphot": []
}