{
    "objectId": "ZTF19acxxxec",
    "candidates": [
        {
            "candid": 1074428645315015005,
            "jd": 2458828.9286458,
            "ra": 158.6056203,
            "dec": 50.6887388,
            "fid": 2,
            "nid": 1074,
            "magpsf": 18.291099548339844,
            "sigmapsf": 0.08860400319099426,
            "magnr": 17.718000411987305,
            "sigmagnr": 0.05400000140070915,
            "magzpsci": 26.22909927368164,
            "isdiffpos": "t",
            "ssdistnr": -999.0,
            "ssnamenr": "null",
            "drb": 1.0
        },
        {
            "candid": 1077436805315015007,
            "jd": 2458831.9368056,
            "ra": 158.6056511,
            "dec": 50.6887246,
            "fid": 2,
            "nid": 1077,
            "magpsf": 18.227800369262695,
            "sigmapsf": 0.09754099696874619,
            "magnr": 17.718000411987305,
            "sigmagnr": 0.05400000140070915,
            "magzpsci": 26.22879981994629,
            "isdiffpos": "t",
            "ssdistnr": -999.0,
            "ssnamenr": "null",
            "drb": 0.9999989867210388
        },
        {
            "candid": 1077451785315015005,
            "jd": 2458831.9517824,
            "ra": 158.6056428,
            "dec": 50.6886967,
            "fid": 2,
            "nid": 1077,
            "magpsf": 18.46929931640625,
            "sigmapsf": 0.13008899986743927,
            "magnr": 17.718000411987305,
            "sigmagnr": 0.05400000140070915,
            "magzpsci": 26.225299835205078,
            "isdiffpos": "t",
            "ssdistnr": -999.0,
            "ssnamenr": "null",
            "drb": 0.9955599904060364
        },
        {
            "candid": 1077553185315015007,
            "jd": 2458832.0531829,
            "ra": 158.6055916,
            "dec": 50.6886942,
            "fid": 1,
            "nid": 1077,
            "magpsf": 18.29400062561035,
            "sigmapsf": 0.09814199805259705,
            "magnr": 18.368000030517578,
            "sigmagnr": 0.061000000685453415,
            "magzpsci": 26.35300064086914,
            "isdiffpos": "t",
            "ssdistnr": -999.0,
            "ssnamenr": "null",
            "drb": 0.9999920129776001
        },
        {
            "candid": 1079436555315015009,
            "jd": 2458833.9365509,
            "ra": 158.6056535,
            "dec": 50.6887642,
            "fid": 2,
            "nid": 1079,
            "magpsf": 18.344100952148438,
            "sigmapsf": 0.11307699978351593,
            "magnr": 17.718000411987305,
            "sigmagnr": 0.05400000140070915,
            "magzpsci": 26.23110008239746,
            "isdiffpos": "t",
            "ssdistnr": -999.0,
            "ssnamenr": "null",
            "drb": 0.9999589920043945
        },
        {
            "candid": 1080510255315015004,
            "jd": 2458835.0102546,
            "ra": 158.6057666,
            "dec": 50.6888255,
            "fid": 2,
            "nid": 1080,
            "magpsf": 18.476999282836914,
            "sigmapsf": 0.15988099575042725,
            "magnr": 17.718000411987305,
            "sigmagnr": 0.05400000140070915,
            "magzpsci": 26.226999282836914,
            "isdiffpos": "t",
            "ssdistnr": -999.0,
            "ssnamenr": "null",
            "drb": 0.9554579854011536
        },
        {
            "candid": 1083447065315015012,
            "jd": 2458837.9470602,
            "ra": 158.6056825,
            "dec": 50.6887337,
            "fid": 2,
            "nid": 1083,
            "magpsf": 18.34760093688965,
            "sigmapsf": 0.09551399946212769,
            "magnr": 17.718000411987305,
            "sigmagnr": 0.05400000140070915,
            "magzpsci": 26.200599670410156,
            "isdiffpos": "t",
            "ssdistnr": -999.0,
            "ssnamenr": "null",
            "drb": 0.9990659952163696
        },
        {
            "candid": 1083456735315015012,
            "jd": 2458837.9567361,
            "ra": 158.6056923,
            "dec": 50.6886946,
            "fid": 2,
            "nid": 1083,
            "magpsf": 18.45639991760254,
            "sigmapsf": 0.09747699648141861,
            "magnr": 17.718000411987305,
            "sigmagnr": 0.05400000140070915,
            "magzpsci": 26.221399307250977,
            "isdiffpos": "t",
            "ssdistnr": -999.0,
            "ssnamenr": "null",
            "drb": 0.9999979734420776
        },
        {
            "candid": 1083499065315015019,
            "jd": 2458837.9990625,
            "ra": 158.605689,
            "dec": 50.6887298,
            "fid": 1,
            "nid": 1083,
            "magpsf": 18.933700561523438,
            "sigmapsf": 0.1305679976940155,
            "magnr": 18.368000030517578,
            "sigmagnr": 0.061000000685453415,
            "magzpsci": 26.319700241088867,
            "isdiffpos": "t",
            "ssdistnr": -999.0,
            "ssnamenr": "null",
            "drb": 0.999770998954773
        },
        {
            "candid": 1092431195315015011,
            "jd": 2458846.9311921,
            "ra": 158.6056959,
            "dec": 50.6887546,
            "fid": 2,
            "nid": 1092,
            "magpsf": 18.824199676513672,
            "sigmapsf": 0.10772600024938583,
            "magnr": 17.718000411987305,
            "sigmagnr": 0.05400000140070915,
            "magzpsci": 26.219200134277344,
            "isdiffpos": "t",
            "ssdistnr": -999.0,
            "ssnamenr": "null",
            "drb": 1.0
        },
        {
            "candid": 1092474095315015015,
            "jd": 2458846.9740972,
            "ra": 158.6057171,
            "dec": 50.688753,
            "fid": 2,
            "nid": 1092,
            "magpsf": 18.76689910888672,
            "sigmapsf": 0.13699600100517273,
            "magnr": 17.718000411987305,
            "sigmagnr": 0.05400000140070915,
            "magzpsci": 26.224899291992188,
            "isdiffpos": "t",
            "ssdistnr": -999.0,
            "ssnamenr": "null",
            "drb": 0.9999930262565613
        },
        {
            "candid": 1092508045315015026,
            "jd": 2458847.008044,
            "ra": 158.6057524,
            "dec": 50.688693,
            "fid": 1,
            "nid": 1092,
            "magpsf": 19.63290023803711,
            "sigmapsf": 0.13568100333213806,
            "magnr": 18.368000030517578,
            "sigmagnr": 0.061000000685453415,
            "magzpsci": 26.3528995513916,
            "isdiffpos": "t",
            "ssdistnr": -999.0,
            "ssnamenr": "null",
            "drb": 0.9997979998588562
        },
        {
            "candid": 1095443765315015013,
            "jd": 2458849.9437616,
            "ra": 158.60563,
            "dec": 50.688745,
            "fid": 2,
            "nid": 1095,
            "magpsf": 18.93120002746582,
            "sigmapsf": 0.09237399697303772,
            "magnr": 17.718000411987305,
            "sigmagnr": 0.05400000140070915,
            "magzpsci": 26.232200622558594,
            "isdiffpos": "t",
            "ssdistnr": -999.0,
            "ssnamenr": "null",
            "drb": 0.9999979734420776
        },
        {
            "candid": 1095518865315015025,
            "jd": 2458850.0188657,
            "ra": 158.6057615,
            "dec": 50.688658,
            "fid": 1,
            "nid": 1095,
            "magpsf": 19.877899169921875,
            "sigmapsf": 0.16681399941444397,
            "magnr": 18.368000030517578,
            "sigmagnr": 0.061000000685453415,
            "magzpsci": 26.344900131225586,
            "isdiffpos": "t",
            "ssdistnr": -999.0,
            "ssnamenr": "null",
            "drb": 0.999983012676239
        },
        {
            "candid": 1097452585315015016,
            "jd": 2458851.952581,
            "ra": 158.6057803,
            "dec": 50.6887056,
            "fid": 2,
            "nid": 1097,
            "magpsf": 19.030899047851562,
            "sigmapsf": 0.15266500413417816,
            "magnr": 17.718000411987305,
            "sigmagnr": 0.05400000140070915,
            "magzpsci": 26.21489906311035,
            "isdiffpos": "t",
            "ssdistnr": -999.0,
            "ssnamenr": "null",
            "drb": 0.9999840259552002
        },
        {
            "candid": 1098447985315015016,
            "jd": 2458852.9479861,
            "ra": 158.6056455,
            "dec": 50.6887547,
            "fid": 2,
            "nid": 1098,
            "magpsf": 19.069299697875977,
            "sigmapsf": 0.119159996509552,
            "magnr": 17.718000411987305,
            "sigmagnr": 0.05400000140070915,
            "magzpsci": 26.239299774169922,
            "isdiffpos": "t",
            "ssdistnr": -999.0,
            "ssnamenr": "null",
            "drb": 0.9999960064888
        },
        {
            "candid": 1098489275315015022,
            "jd": 2458852.9892708,
            "ra": 158.6058121,
            "dec": 50.68874,
            "fid": 1,
            "nid": 1098,
            "magpsf": 20.09980010986328,
            "sigmapsf": 0.188959002494812,
            "magnr": 18.368000030517578,
            "sigmagnr": 0.061000000685453415,
            "magzpsci": 26.35580062866211,
            "isdiffpos": "t",
            "ssdistnr": -999.0,
            "ssnamenr": "null",
            "drb": 0.9994099736213684
        },
        {
            "candid": 1100534795315015023,
            "jd": 2458855.0347917,
            "ra": 158.6058354,
            "dec": 50.6887196,
            "fid": 1,
            "nid": 1100,
            "magpsf": 19.743499755859375,
            "sigmapsf": 0.3928680121898651,
            "magnr": 18.368000030517578,
            "sigmagnr": 0.061000000685453415,
            "magzpsci": 26.3125,
            "isdiffpos": "t",
            "ssdistnr": -999.0,
            "ssnamenr": "-999.0",
            "drb": null
        },
        {
            "candid": 1101495025315015014,
            "jd": 2458855.9950231,
            "ra": 158.605862,
            "dec": 50.688636,
            "fid": 1,
            "nid": 1101,
            "magpsf": 20.18600082397461,
            "sigmapsf": 0.23181599378585815,
            "magnr": 18.368000030517578,
            "sigmagnr": 0.061000000685453415,
            "magzpsci": 26.347000122070312,
            "isdiffpos": "t",
            "ssdistnr": -999.0,
            "ssnamenr": "-999.0",
            "drb": null
        },
        {
            "candid": 1101528035315015007,
            "jd": 2458856.0280324,
            "ra": 158.6056616,
            "dec": 50.6887808,
            "fid": 2,
            "nid": 1101,
            "magpsf": 19.05430030822754,
            "sigmapsf": 0.11075200140476227,
            "magnr": 17.718000411987305,
            "sigmagnr": 0.05400000140070915,
            "magzpsci": 26.2273006439209,
            "isdiffpos": "t",
            "ssdistnr": -999.0,
            "ssnamenr": "null",
            "drb": 1.0
        },
        {
            "candid": 1106388805315015005,
            "jd": 2458860.8888079,
            "ra": 158.6056334,
            "dec": 50.6887754,
            "fid": 2,
            "nid": 1106,
            "magpsf": 19.20400047302246,
            "sigmapsf": 0.15600399672985077,
            "magnr": 17.718000411987305,
            "sigmagnr": 0.05400000140070915,
            "magzpsci": 26.219999313354492,
            "isdiffpos": "t",
            "ssdistnr": -999.0,
            "ssnamenr": "null",
            "drb": 0.9999989867210388
        },
        {
            "candid": 1108370915315015008,
            "jd": 2458862.8709144,
            "ra": 158.6056356,
            "dec": 50.6887263,
            "fid": 2,
            "nid": 1108,
            "magpsf": 19.21769905090332,
            "sigmapsf": 0.2317730039358139,
            "magnr": 17.718000411987305,
            "sigmagnr": 0.05400000140070915,
            "magzpsci": 26.213699340820312,
            "isdiffpos": "t",
            "ssdistnr": -999.0,
            "ssnamenr": "-999.0",
            "drb": null
        },
        {
            "candid": 1110322605315015010,
            "jd": 2458864.8226042,
            "ra": 158.6056925,
            "dec": 50.6887429,
            "fid": 2,
            "nid": 1110,
            "magpsf": 19.32040023803711,
            "sigmapsf": 0.1396310031414032,
            "magnr": 17.718000411987305,
            "sigmagnr": 0.05400000140070915,
            "magzpsci": 26.197399139404297,
            "isdiffpos": "t",
            "ssdistnr": -999.0,
            "ssnamenr": "null",
            "drb": 0.9998970031738281
        },
        {
            "candid": 1117317995315015009,
            "jd": 2458871.8179977,
            "ra": 158.6057179,
            "dec": 50.6886751,
            "fid": 2,
            "nid": 1117,
            "magpsf": 19.778099060058594,
            "sigmapsf": 0.17596399784088135,
            "magnr": 17.718000411987305,
            "sigmagnr": 0.05400000140070915,
            "magzpsci": 26.223100662231445,
            "isdiffpos": "t",
            "ssdistnr": -999.0,
            "ssnamenr": "null",
            "drb": 0.9999499917030334
        },
        {
            "jd": 2458799.99552,
            "fid": 2,
            "diffmaglim": 19.62299919128418
        },
        {
            "jd": 2458803.92903,
            "fid": 2,
            "diffmaglim": 19.639999389648438
        },
        {
            "jd": 2458804.97748,
            "fid": 1,
            "diffmaglim": 18.94099998474121
        },
        {
            "jd": 2458806.96627,
            "fid": 1,
            "diffmaglim": 19.7810001373291
        },
        {
            "jd": 2458807.04226,
            "fid": 2,
            "diffmaglim": 19.797000885009766
        },
        {
            "jd": 2458807.05089,
            "fid": 2,
            "diffmaglim": 19.78499984741211
        },
        {
            "jd": 2458815.00751,
            "fid": 1,
            "diffmaglim": 19.992000579833984
        },
        {
            "jd": 2458820.0147,
            "fid": 2,
            "diffmaglim": 16.410999298095703
        },
        {
            "jd": 2458824.01389,
            "fid": 1,
            "diffmaglim": 18.14299964904785
        },
        {
            "jd": 2458859.78024,
            "fid": 2,
            "diffmaglim": 19.194000244140625
        },
        {
            "jd": 2458860.80303,
            "fid": 2,
            "diffmaglim": 18.858999252319336
        }
    ],
    "forcedphot": []
}