{
    "objectId": "ZTF19aatheus",
    "candidates": [
        {
            "candid": 851431882015015000,
            "jd": 2458605.9318866,
            "ra": 280.6787553,
            "dec": 40.3689158,
            "fid": 2,
            "nid": 851,
            "magpsf": 16.866300582885742,
            "sigmapsf": 0.04371099919080734,
            "magnr": 17.290000915527344,
            "sigmagnr": 0.11100000143051147,
            "magzpsci": 26.220300674438477,
            "isdiffpos": "t",
            "ssdistnr": -999.0,
            "ssnamenr": "null",
            "drb": null
        },
        {
            "candid": 851491652015015001,
            "jd": 2458605.9916551,
            "ra": 280.6787646,
            "dec": 40.3689039,
            "fid": 1,
            "nid": 851,
            "magpsf": 16.88949966430664,
            "sigmapsf": 0.031011000275611877,
            "magnr": 18.082000732421875,
            "sigmagnr": 0.09300000220537186,
            "magzpsci": 26.092500686645508,
            "isdiffpos": "t",
            "ssdistnr": -999.0,
            "ssnamenr": "null",
            "drb": null
        },
        {
            "candid": 854409172015015002,
            "jd": 2458608.9091782,
            "ra": 280.6787589,
            "dec": 40.3689025,
            "fid": 1,
            "nid": 854,
            "magpsf": 17.103599548339844,
            "sigmapsf": 0.03743100166320801,
            "magnr": 18.082000732421875,
            "sigmagnr": 0.09300000220537186,
            "magzpsci": 26.17060089111328,
            "isdiffpos": "t",
            "ssdistnr": -999.0,
            "ssnamenr": "null",
            "drb": null
        },
        {
            "candid": 854470212015015000,
            "jd": 2458608.9702199,
            "ra": 280.678766,
            "dec": 40.3688949,
            "fid": 2,
            "nid": 854,
            "magpsf": 16.770599365234375,
            "sigmapsf": 0.03925200179219246,
            "magnr": 17.290000915527344,
            "sigmagnr": 0.11100000143051147,
            "magzpsci": 26.153600692749023,
            "isdiffpos": "t",
            "ssdistnr": -999.0,
            "ssnamenr": "null",
            "drb": null
        },
        {
            "candid": 854496405315015004,
            "jd": 2458608.9964005,
            "ra": 280.6787685,
            "dec": 40.3689032,
            "fid": 2,
            "nid": 854,
            "magpsf": 16.779600143432617,
            "sigmapsf": 0.035537999123334885,
            "magnr": 17.472999572753906,
            "sigmagnr": 0.12200000137090683,
            "magzpsci": 26.130599975585938,
            "isdiffpos": "t",
            "ssdistnr": -999.0,
            "ssnamenr": "null",
            "drb": null
        },
        {
            "candid": 858401682015015000,
            "jd": 2458612.9016898,
            "ra": 280.6787617,
            "dec": 40.3689078,
            "fid": 1,
            "nid": 858,
            "magpsf": 17.55229949951172,
            "sigmapsf": 0.05270199850201607,
            "magnr": 18.082000732421875,
            "sigmagnr": 0.09300000220537186,
            "magzpsci": 26.17329978942871,
            "isdiffpos": "t",
            "ssdistnr": -999.0,
            "ssnamenr": "null",
            "drb": null
        },
        {
            "candid": 858446132015015000,
            "jd": 2458612.9461343,
            "ra": 280.6787517,
            "dec": 40.3689021,
            "fid": 2,
            "nid": 858,
            "magpsf": 16.567100524902344,
            "sigmapsf": 0.04910000041127205,
            "magnr": 17.290000915527344,
            "sigmagnr": 0.11100000143051147,
            "magzpsci": 26.204099655151367,
            "isdiffpos": "t",
            "ssdistnr": -999.0,
            "ssnamenr": "null",
            "drb": null
        },
        {
            "candid": 862430432015015000,
            "jd": 2458616.9304398,
            "ra": 280.6787534,
            "dec": 40.3689024,
            "fid": 2,
            "nid": 862,
            "magpsf": 16.44029998779297,
            "sigmapsf": 0.034377001225948334,
            "magnr": 17.290000915527344,
            "sigmagnr": 0.11100000143051147,
            "magzpsci": 26.19729995727539,
            "isdiffpos": "t",
            "ssdistnr": -999.0,
            "ssnamenr": "null",
            "drb": null
        },
        {
            "candid": 862474452015015001,
            "jd": 2458616.974456,
            "ra": 280.6787496,
            "dec": 40.3689138,
            "fid": 1,
            "nid": 862,
            "magpsf": 17.594200134277344,
            "sigmapsf": 0.047168001532554626,
            "magnr": 18.082000732421875,
            "sigmagnr": 0.09300000220537186,
            "magzpsci": 26.185199737548828,
            "isdiffpos": "t",
            "ssdistnr": -999.0,
            "ssnamenr": "null",
            "drb": null
        },
        {
            "candid": 864255995315015000,
            "jd": 2458618.7559954,
            "ra": 280.6787729,
            "dec": 40.3689072,
            "fid": 2,
            "nid": 864,
            "magpsf": 16.430700302124023,
            "sigmapsf": 0.03652000054717064,
            "magnr": 17.472999572753906,
            "sigmagnr": 0.12200000137090683,
            "magzpsci": 26.060699462890625,
            "isdiffpos": "t",
            "ssdistnr": -999.0,
            "ssnamenr": "null",
            "drb": null
        },
        {
            "candid": 873407362015015000,
            "jd": 2458627.9073611,
            "ra": 280.6787656,
            "dec": 40.3689101,
            "fid": 2,
            "nid": 873,
            "magpsf": 16.940500259399414,
            "sigmapsf": 0.04781600087881088,
            "magnr": 17.290000915527344,
            "sigmagnr": 0.11100000143051147,
            "magzpsci": 26.219499588012695,
            "isdiffpos": "t",
            "ssdistnr": -999.0,
            "ssnamenr": "null",
            "drb": null
        },
        {
            "candid": 878319382015015000,
            "jd": 2458632.8193866,
            "ra": 280.6787584,
            "dec": 40.368897,
            "fid": 2,
            "nid": 878,
            "magpsf": 17.326200485229492,
            "sigmapsf": 0.041933998465538025,
            "magnr": 17.290000915527344,
            "sigmagnr": 0.11100000143051147,
            "magzpsci": 26.18720054626465,
            "isdiffpos": "t",
            "ssdistnr": -999.0,
            "ssnamenr": "null",
            "drb": null
        },
        {
            "candid": 878430722015015002,
            "jd": 2458632.9307292,
            "ra": 280.6787577,
            "dec": 40.3689063,
            "fid": 1,
            "nid": 878,
            "magpsf": 18.72570037841797,
            "sigmapsf": 0.08362899720668793,
            "magnr": 18.082000732421875,
            "sigmagnr": 0.09300000220537186,
            "magzpsci": 26.21269989013672,
            "isdiffpos": "t",
            "ssdistnr": -999.0,
            "ssnamenr": "null",
            "drb": null
        },
        {
            "candid": 881387552015015001,
            "jd": 2458635.8875579,
            "ra": 280.6787705,
            "dec": 40.3689043,
            "fid": 2,
            "nid": 881,
            "magpsf": 17.641399383544922,
            "sigmapsf": 0.05012600123882294,
            "magnr": 17.290000915527344,
            "sigmagnr": 0.11100000143051147,
            "magzpsci": 26.20840072631836,
            "isdiffpos": "t",
            "ssdistnr": -999.0,
            "ssnamenr": "null",
            "drb": null
        },
        {
            "candid": 881453542015015001,
            "jd": 2458635.9535417,
            "ra": 280.6787624,
            "dec": 40.3689019,
            "fid": 1,
            "nid": 881,
            "magpsf": 18.864200592041016,
            "sigmapsf": 0.09474500268697739,
            "magnr": 18.082000732421875,
            "sigmagnr": 0.09300000220537186,
            "magzpsci": 26.18320083618164,
            "isdiffpos": "t",
            "ssdistnr": -999.0,
            "ssnamenr": "null",
            "drb": null
        },
        {
            "candid": 884305032015015002,
            "jd": 2458638.8050347,
            "ra": 280.6787737,
            "dec": 40.3688953,
            "fid": 2,
            "nid": 884,
            "magpsf": 17.947399139404297,
            "sigmapsf": 0.05380399897694588,
            "magnr": 17.290000915527344,
            "sigmagnr": 0.11100000143051147,
            "magzpsci": 26.175399780273438,
            "isdiffpos": "t",
            "ssdistnr": -999.0,
            "ssnamenr": "null",
            "drb": null
        },
        {
            "candid": 884369392015015004,
            "jd": 2458638.8693981,
            "ra": 280.6787503,
            "dec": 40.3688916,
            "fid": 1,
            "nid": 884,
            "magpsf": 19.034500122070312,
            "sigmapsf": 0.0906440019607544,
            "magnr": 18.082000732421875,
            "sigmagnr": 0.09300000220537186,
            "magzpsci": 26.1875,
            "isdiffpos": "t",
            "ssdistnr": -999.0,
            "ssnamenr": "null",
            "drb": null
        },
        {
            "candid": 887412852015015002,
            "jd": 2458641.9128588,
            "ra": 280.6787661,
            "dec": 40.3688914,
            "fid": 2,
            "nid": 887,
            "magpsf": 18.16029930114746,
            "sigmapsf": 0.051562998443841934,
            "magnr": 17.290000915527344,
            "sigmagnr": 0.11100000143051147,
            "magzpsci": 26.228300094604492,
            "isdiffpos": "t",
            "ssdistnr": -999.0,
            "ssnamenr": "null",
            "drb": null
        },
        {
            "candid": 887429542015015000,
            "jd": 2458641.9295486,
            "ra": 280.6787488,
            "dec": 40.3689157,
            "fid": 1,
            "nid": 887,
            "magpsf": 19.171100616455078,
            "sigmapsf": 0.1052279993891716,
            "magnr": 18.082000732421875,
            "sigmagnr": 0.09300000220537186,
            "magzpsci": 26.21809959411621,
            "isdiffpos": "t",
            "ssdistnr": -999.0,
            "ssnamenr": "null",
            "drb": null
        },
        {
            "candid": 890326092015015000,
            "jd": 2458644.8260995,
            "ra": 280.6787617,
            "dec": 40.3688771,
            "fid": 2,
            "nid": 890,
            "magpsf": 18.405000686645508,
            "sigmapsf": 0.06189800053834915,
            "magnr": 17.290000915527344,
            "sigmagnr": 0.11100000143051147,
            "magzpsci": 26.226999282836914,
            "isdiffpos": "t",
            "ssdistnr": -999.0,
            "ssnamenr": "null",
            "drb": null
        },
        {
            "candid": 890435452015015001,
            "jd": 2458644.9354514,
            "ra": 280.6787656,
            "dec": 40.3689132,
            "fid": 1,
            "nid": 890,
            "magpsf": 19.286100387573242,
            "sigmapsf": 0.10426100343465805,
            "magnr": 18.082000732421875,
            "sigmagnr": 0.09300000220537186,
            "magzpsci": 26.221099853515625,
            "isdiffpos": "t",
            "ssdistnr": -999.0,
            "ssnamenr": "null",
            "drb": null
        },
        {
            "candid": 893307182015015000,
            "jd": 2458647.8071875,
            "ra": 280.678763,
            "dec": 40.3688704,
            "fid": 2,
            "nid": 893,
            "magpsf": 18.50429916381836,
            "sigmapsf": 0.07837799936532974,
            "magnr": 17.290000915527344,
            "sigmagnr": 0.11100000143051147,
            "magzpsci": 26.247299194335938,
            "isdiffpos": "t",
            "ssdistnr": -999.0,
            "ssnamenr": "null",
            "drb": null
        },
        {
            "candid": 893388572015015001,
            "jd": 2458647.8885764,
            "ra": 280.6787894,
            "dec": 40.3689246,
            "fid": 1,
            "nid": 893,
            "magpsf": 19.315000534057617,
            "sigmapsf": 0.12481500208377838,
            "magnr": 18.082000732421875,
            "sigmagnr": 0.09300000220537186,
            "magzpsci": 26.242000579833984,
            "isdiffpos": "t",
            "ssdistnr": -999.0,
            "ssnamenr": "null",
            "drb": null
        },
        {
            "candid": 896348212015015000,
            "jd": 2458650.8482176,
            "ra": 280.6787534,
            "dec": 40.3689154,
            "fid": 2,
            "nid": 896,
            "magpsf": 18.66029930114746,
            "sigmapsf": 0.07983499765396118,
            "magnr": 17.290000915527344,
            "sigmagnr": 0.11100000143051147,
            "magzpsci": 26.233299255371094,
            "isdiffpos": "t",
            "ssdistnr": -999.0,
            "ssnamenr": "null",
            "drb": null
        },
        {
            "candid": 899368752015015000,
            "jd": 2458653.86875,
            "ra": 280.6787916,
            "dec": 40.3689698,
            "fid": 1,
            "nid": 899,
            "magpsf": 19.537500381469727,
            "sigmapsf": 0.18934300541877747,
            "magnr": 18.082000732421875,
            "sigmagnr": 0.09300000220537186,
            "magzpsci": 26.20549964904785,
            "isdiffpos": "t",
            "ssdistnr": -999.0,
            "ssnamenr": "-999.0",
            "drb": null
        },
        {
            "candid": 899424302015015000,
            "jd": 2458653.9243056,
            "ra": 280.6787531,
            "dec": 40.3689057,
            "fid": 2,
            "nid": 899,
            "magpsf": 18.861499786376953,
            "sigmapsf": 0.11083299666643143,
            "magnr": 17.290000915527344,
            "sigmagnr": 0.11100000143051147,
            "magzpsci": 26.203500747680664,
            "isdiffpos": "t",
            "ssdistnr": -999.0,
            "ssnamenr": "null",
            "drb": null
        },
        {
            "candid": 900322582015015000,
            "jd": 2458654.822581,
            "ra": 280.6787322,
            "dec": 40.3689255,
            "fid": 1,
            "nid": 900,
            "magpsf": 19.548599243164062,
            "sigmapsf": 0.19205500185489655,
            "magnr": 18.082000732421875,
            "sigmagnr": 0.09300000220537186,
            "magzpsci": 26.199600219726562,
            "isdiffpos": "t",
            "ssdistnr": -999.0,
            "ssnamenr": "null",
            "drb": null
        },
        {
            "candid": 900339682015015000,
            "jd": 2458654.8396875,
            "ra": 280.6788461,
            "dec": 40.3689103,
            "fid": 2,
            "nid": 900,
            "magpsf": 19.066200256347656,
            "sigmapsf": 0.18760399520397186,
            "magnr": 17.290000915527344,
            "sigmagnr": 0.11100000143051147,
            "magzpsci": 26.38319969177246,
            "isdiffpos": "t",
            "ssdistnr": -999.0,
            "ssnamenr": "null",
            "drb": null
        },
        {
            "candid": 914283932015015001,
            "jd": 2458668.7839352,
            "ra": 280.6787794,
            "dec": 40.3688738,
            "fid": 1,
            "nid": 914,
            "magpsf": 19.839399337768555,
            "sigmapsf": 0.1476680040359497,
            "magnr": 18.082000732421875,
            "sigmagnr": 0.09300000220537186,
            "magzpsci": 26.236400604248047,
            "isdiffpos": "t",
            "ssdistnr": -999.0,
            "ssnamenr": "null",
            "drb": null
        },
        {
            "candid": 920342102015015001,
            "jd": 2458674.8421065,
            "ra": 280.6787249,
            "dec": 40.368819,
            "fid": 1,
            "nid": 920,
            "magpsf": 19.81839942932129,
            "sigmapsf": 0.16669900715351105,
            "magnr": 18.082000732421875,
            "sigmagnr": 0.09300000220537186,
            "magzpsci": 26.231399536132812,
            "isdiffpos": "t",
            "ssdistnr": -999.0,
            "ssnamenr": "null",
            "drb": null
        },
        {
            "candid": 927220232015015001,
            "jd": 2458681.7202315,
            "ra": 280.6787868,
            "dec": 40.3689385,
            "fid": 1,
            "nid": 927,
            "magpsf": 19.704599380493164,
            "sigmapsf": 0.2251809984445572,
            "magnr": 18.082000732421875,
            "sigmagnr": 0.09300000220537186,
            "magzpsci": 26.241600036621094,
            "isdiffpos": "t",
            "ssdistnr": -999.0,
            "ssnamenr": "-999.0",
            "drb": null
        },
        {
            "candid": 928219932015015000,
            "jd": 2458682.7199306,
            "ra": 280.6787618,
            "dec": 40.368869,
            "fid": 1,
            "nid": 928,
            "magpsf": 19.927799224853516,
            "sigmapsf": 0.28608599305152893,
            "magnr": 18.082000732421875,
            "sigmagnr": 0.09300000220537186,
            "magzpsci": 26.223800659179688,
            "isdiffpos": "t",
            "ssdistnr": -999.0,
            "ssnamenr": "-999.0",
            "drb": null
        },
        {
            "candid": 942311482015015003,
            "jd": 2458696.8114815,
            "ra": 280.6786947,
            "dec": 40.3689267,
            "fid": 1,
            "nid": 942,
            "magpsf": 20.34480094909668,
            "sigmapsf": 0.22731800377368927,
            "magnr": 18.082000732421875,
            "sigmagnr": 0.09300000220537186,
            "magzpsci": 26.189800262451172,
            "isdiffpos": "t",
            "ssdistnr": -999.0,
            "ssnamenr": "-999.0",
            "drb": null
        },
        {
            "candid": 946310262015015000,
            "jd": 2458700.8102662,
            "ra": 280.6786977,
            "dec": 40.3688737,
            "fid": 1,
            "nid": 946,
            "magpsf": 20.287900924682617,
            "sigmapsf": 0.18154600262641907,
            "magnr": 18.082000732421875,
            "sigmagnr": 0.09300000220537186,
            "magzpsci": 26.177900314331055,
            "isdiffpos": "t",
            "ssdistnr": -999.0,
            "ssnamenr": "null",
            "drb": null
        },
        {
            "jd": 2458577.99468,
            "fid": 1,
            "diffmaglim": 17.73200035095215
        },
        {
            "jd": 2458580.94587,
            "fid": 1,
            "diffmaglim": 20.13599967956543
        },
        {
            "jd": 2458580.98981,
            "fid": 2,
            "diffmaglim": 20.28499984741211
        },
        {
            "jd": 2458581.01745,
            "fid": 2,
            "diffmaglim": 19.906999588012695
        },
        {
            "jd": 2458584.97365,
            "fid": 1,
            "diffmaglim": 20.600000381469727
        },
        {
            "jd": 2458585.01536,
            "fid": 2,
            "diffmaglim": 20.434999465942383
        },
        {
            "jd": 2458587.96793,
            "fid": 1,
            "diffmaglim": 20.256000518798828
        },
        {
            "jd": 2458591.96819,
            "fid": 2,
            "diffmaglim": 19.743999481201172
        },
        {
            "jd": 2458593.84247,
            "fid": 2,
            "diffmaglim": 19.433000564575195
        },
        {
            "jd": 2458596.93253,
            "fid": 2,
            "diffmaglim": 20.040000915527344
        },
        {
            "jd": 2458650.95532,
            "fid": 1,
            "diffmaglim": 19.839000701904297
        },
        {
            "jd": 2458677.78199,
            "fid": 2,
            "diffmaglim": 20.32699966430664
        },
        {
            "jd": 2458677.84278,
            "fid": 1,
            "diffmaglim": 20.176000595092773
        },
        {
            "jd": 2458678.71928,
            "fid": 2,
            "diffmaglim": 20.2810001373291
        },
        {
            "jd": 2458679.74336,
            "fid": 2,
            "diffmaglim": 20.152000427246094
        },
        {
            "jd": 2458679.80279,
            "fid": 1,
            "diffmaglim": 19.834999084472656
        },
        {
            "jd": 2458680.70567,
            "fid": 1,
            "diffmaglim": 19.611000061035156
        },
        {
            "jd": 2458680.78016,
            "fid": 2,
            "diffmaglim": 19.930999755859375
        },
        {
            "jd": 2458681.75937,
            "fid": 2,
            "diffmaglim": 19.94099998474121
        },
        {
            "jd": 2458682.76435,
            "fid": 2,
            "diffmaglim": 20.275999069213867
        },
        {
            "jd": 2458683.72295,
            "fid": 2,
            "diffmaglim": 20.391000747680664
        },
        {
            "jd": 2458683.75116,
            "fid": 2,
            "diffmaglim": 20.297000885009766
        },
        {
            "jd": 2458683.77935,
            "fid": 1,
            "diffmaglim": 18.677000045776367
        },
        {
            "jd": 2458684.74138,
            "fid": 2,
            "diffmaglim": 20.264999389648438
        },
        {
            "jd": 2458684.76939,
            "fid": 1,
            "diffmaglim": 19.917999267578125
        },
        {
            "jd": 2458685.84285,
            "fid": 2,
            "diffmaglim": 20.510000228881836
        },
        {
            "jd": 2458685.86793,
            "fid": 1,
            "diffmaglim": 20.101999282836914
        },
        {
            "jd": 2458688.80672,
            "fid": 1,
            "diffmaglim": 20.80299949645996
        },
        {
            "jd": 2458688.87046,
            "fid": 2,
            "diffmaglim": 20.586000442504883
        },
        {
            "jd": 2458690.8447,
            "fid": 2,
            "diffmaglim": 20.780000686645508
        },
        {
            "jd": 2458691.70042,
            "fid": 2,
            "diffmaglim": 20.83300018310547
        },
        {
            "jd": 2458692.8264,
            "fid": 2,
            "diffmaglim": 20.625
        },
        {
            "jd": 2458693.72293,
            "fid": 2,
            "diffmaglim": 20.680999755859375
        },
        {
            "jd": 2458693.77649,
            "fid": 1,
            "diffmaglim": 20.895999908447266
        },
        {
            "jd": 2458694.69947,
            "fid": 2,
            "diffmaglim": 20.808000564575195
        },
        {
            "jd": 2458695.7808,
            "fid": 2,
            "diffmaglim": 17.141000747680664
        },
        {
            "jd": 2458695.8102,
            "fid": 1,
            "diffmaglim": 19.989999771118164
        },
        {
            "jd": 2458696.78225,
            "fid": 2,
            "diffmaglim": 20.847999572753906
        },
        {
            "jd": 2458697.80426,
            "fid": 2,
            "diffmaglim": 20.832000732421875
        },
        {
            "jd": 2458697.83078,
            "fid": 1,
            "diffmaglim": 20.87700080871582
        },
        {
            "jd": 2458698.78497,
            "fid": 2,
            "diffmaglim": 20.2549991607666
        },
        {
            "jd": 2458698.81361,
            "fid": 1,
            "diffmaglim": 20.007999420166016
        },
        {
            "jd": 2458699.78521,
            "fid": 2,
            "diffmaglim": 20.71299934387207
        },
        {
            "jd": 2458699.8137,
            "fid": 1,
            "diffmaglim": 20.83099937438965
        },
        {
            "jd": 2458700.78172,
            "fid": 2,
            "diffmaglim": 20.79400062561035
        }
    ],
    "forcedphot": []
}