{
    "objectId": "ZTF19aarfyvc",
    "candidates": [
        {
            "candid": 829321204015015000,
            "jd": 2458583.8212037,
            "ra": 234.7395659,
            "dec": 56.605002,
            "fid": 2,
            "nid": 829,
            "magpsf": 20.64739990234375,
            "sigmapsf": 0.34477001428604126,
            "magnr": 22.464000701904297,
            "sigmagnr": 0.23600000143051147,
            "magzpsci": 26.22439956665039,
            "isdiffpos": "t",
            "ssdistnr": -999.0,
            "ssnamenr": "-999.0",
            "drb": null
        },
        {
            "candid": 842399404015015001,
            "jd": 2458596.8994097,
            "ra": 234.7395118,
            "dec": 56.6050417,
            "fid": 2,
            "nid": 842,
            "magpsf": 19.37969970703125,
            "sigmapsf": 0.14279800653457642,
            "magnr": 22.464000701904297,
            "sigmagnr": 0.23600000143051147,
            "magzpsci": 26.29669952392578,
            "isdiffpos": "t",
            "ssdistnr": -999.0,
            "ssnamenr": "null",
            "drb": null
        },
        {
            "candid": 842453204015015002,
            "jd": 2458596.953206,
            "ra": 234.7395078,
            "dec": 56.6050544,
            "fid": 1,
            "nid": 842,
            "magpsf": 19.882200241088867,
            "sigmapsf": 0.19386500120162964,
            "magnr": 22.702999114990234,
            "sigmagnr": 0.3540000021457672,
            "magzpsci": 26.27120018005371,
            "isdiffpos": "t",
            "ssdistnr": -999.0,
            "ssnamenr": "null",
            "drb": null
        },
        {
            "candid": 852362684015015002,
            "jd": 2458606.8626852,
            "ra": 234.7394853,
            "dec": 56.6050358,
            "fid": 2,
            "nid": 852,
            "magpsf": 18.75659942626953,
            "sigmapsf": 0.07208400219678879,
            "magnr": 22.464000701904297,
            "sigmagnr": 0.23600000143051147,
            "magzpsci": 26.26259994506836,
            "isdiffpos": "t",
            "ssdistnr": -999.0,
            "ssnamenr": "null",
            "drb": null
        },
        {
            "candid": 852422144015015001,
            "jd": 2458606.9221412,
            "ra": 234.7394724,
            "dec": 56.6050332,
            "fid": 1,
            "nid": 852,
            "magpsf": 18.97909927368164,
            "sigmapsf": 0.07042200118303299,
            "magnr": 22.702999114990234,
            "sigmagnr": 0.3540000021457672,
            "magzpsci": 26.24209976196289,
            "isdiffpos": "t",
            "ssdistnr": -999.0,
            "ssnamenr": "null",
            "drb": null
        },
        {
            "candid": 858303034015015003,
            "jd": 2458612.8030324,
            "ra": 234.7394555,
            "dec": 56.6050301,
            "fid": 1,
            "nid": 858,
            "magpsf": 18.93829917907715,
            "sigmapsf": 0.09981299936771393,
            "magnr": 22.702999114990234,
            "sigmagnr": 0.3540000021457672,
            "magzpsci": 26.225299835205078,
            "isdiffpos": "t",
            "ssdistnr": -999.0,
            "ssnamenr": "null",
            "drb": null
        },
        {
            "candid": 858349164015015001,
            "jd": 2458612.8491667,
            "ra": 234.739482,
            "dec": 56.6050483,
            "fid": 2,
            "nid": 858,
            "magpsf": 18.681900024414062,
            "sigmapsf": 0.06832599639892578,
            "magnr": 22.464000701904297,
            "sigmagnr": 0.23600000143051147,
            "magzpsci": 26.261899948120117,
            "isdiffpos": "t",
            "ssdistnr": -999.0,
            "ssnamenr": "null",
            "drb": null
        },
        {
            "candid": 862285754015015003,
            "jd": 2458616.7857523,
            "ra": 234.7394665,
            "dec": 56.6050534,
            "fid": 1,
            "nid": 862,
            "magpsf": 18.87220001220703,
            "sigmapsf": 0.11200399696826935,
            "magnr": 22.702999114990234,
            "sigmagnr": 0.3540000021457672,
            "magzpsci": 26.193199157714844,
            "isdiffpos": "t",
            "ssdistnr": -999.0,
            "ssnamenr": "null",
            "drb": null
        },
        {
            "candid": 862367734015015002,
            "jd": 2458616.8677315,
            "ra": 234.7394941,
            "dec": 56.6050295,
            "fid": 2,
            "nid": 862,
            "magpsf": 18.668699264526367,
            "sigmapsf": 0.06349299848079681,
            "magnr": 22.464000701904297,
            "sigmagnr": 0.23600000143051147,
            "magzpsci": 26.23870086669922,
            "isdiffpos": "t",
            "ssdistnr": -999.0,
            "ssnamenr": "null",
            "drb": null
        },
        {
            "candid": 865286304015015000,
            "jd": 2458619.7863079,
            "ra": 234.7395203,
            "dec": 56.6048741,
            "fid": 1,
            "nid": 865,
            "magpsf": 19.057100296020508,
            "sigmapsf": 0.26607099175453186,
            "magnr": 22.702999114990234,
            "sigmagnr": 0.3540000021457672,
            "magzpsci": 26.2091007232666,
            "isdiffpos": "t",
            "ssdistnr": -999.0,
            "ssnamenr": "-999.0",
            "drb": null
        },
        {
            "candid": 865331414015015001,
            "jd": 2458619.831412,
            "ra": 234.739426,
            "dec": 56.6049979,
            "fid": 2,
            "nid": 865,
            "magpsf": 18.63170051574707,
            "sigmapsf": 0.12721799314022064,
            "magnr": 22.464000701904297,
            "sigmagnr": 0.23600000143051147,
            "magzpsci": 26.047700881958008,
            "isdiffpos": "t",
            "ssdistnr": -999.0,
            "ssnamenr": "null",
            "drb": null
        },
        {
            "candid": 874315844015015004,
            "jd": 2458628.8158449,
            "ra": 234.7394771,
            "dec": 56.6050225,
            "fid": 2,
            "nid": 874,
            "magpsf": 18.916900634765625,
            "sigmapsf": 0.07374700158834457,
            "magnr": 22.464000701904297,
            "sigmagnr": 0.23600000143051147,
            "magzpsci": 26.23590087890625,
            "isdiffpos": "t",
            "ssdistnr": -999.0,
            "ssnamenr": "null",
            "drb": null
        },
        {
            "candid": 878279624015015002,
            "jd": 2458632.7796296,
            "ra": 234.7394819,
            "dec": 56.6050128,
            "fid": 2,
            "nid": 878,
            "magpsf": 19.0221004486084,
            "sigmapsf": 0.07007499784231186,
            "magnr": 22.464000701904297,
            "sigmagnr": 0.23600000143051147,
            "magzpsci": 26.247100830078125,
            "isdiffpos": "t",
            "ssdistnr": -999.0,
            "ssnamenr": "null",
            "drb": null
        },
        {
            "candid": 878351034015015004,
            "jd": 2458632.8510301,
            "ra": 234.7394392,
            "dec": 56.604994,
            "fid": 1,
            "nid": 878,
            "magpsf": 19.8031005859375,
            "sigmapsf": 0.17866000533103943,
            "magnr": 22.702999114990234,
            "sigmagnr": 0.3540000021457672,
            "magzpsci": 26.22909927368164,
            "isdiffpos": "t",
            "ssdistnr": -999.0,
            "ssnamenr": "null",
            "drb": null
        },
        {
            "candid": 881225324015015001,
            "jd": 2458635.7253241,
            "ra": 234.739472,
            "dec": 56.6050332,
            "fid": 1,
            "nid": 881,
            "magpsf": 19.894100189208984,
            "sigmapsf": 0.1332170069217682,
            "magnr": 22.702999114990234,
            "sigmagnr": 0.3540000021457672,
            "magzpsci": 26.22610092163086,
            "isdiffpos": "t",
            "ssdistnr": -999.0,
            "ssnamenr": "null",
            "drb": null
        },
        {
            "candid": 881256144015015003,
            "jd": 2458635.7561458,
            "ra": 234.7394857,
            "dec": 56.6050538,
            "fid": 2,
            "nid": 881,
            "magpsf": 19.199399948120117,
            "sigmapsf": 0.09266799688339233,
            "magnr": 22.464000701904297,
            "sigmagnr": 0.23600000143051147,
            "magzpsci": 26.268400192260742,
            "isdiffpos": "t",
            "ssdistnr": -999.0,
            "ssnamenr": "null",
            "drb": null
        },
        {
            "candid": 884275214015015003,
            "jd": 2458638.7752199,
            "ra": 234.7394473,
            "dec": 56.6050289,
            "fid": 2,
            "nid": 884,
            "magpsf": 19.3656005859375,
            "sigmapsf": 0.09115300327539444,
            "magnr": 22.464000701904297,
            "sigmagnr": 0.23600000143051147,
            "magzpsci": 26.250600814819336,
            "isdiffpos": "t",
            "ssdistnr": -999.0,
            "ssnamenr": "null",
            "drb": null
        },
        {
            "candid": 884331014015015002,
            "jd": 2458638.8310185,
            "ra": 234.7394996,
            "dec": 56.605043,
            "fid": 1,
            "nid": 884,
            "magpsf": 20.134599685668945,
            "sigmapsf": 0.1837110072374344,
            "magnr": 22.702999114990234,
            "sigmagnr": 0.3540000021457672,
            "magzpsci": 26.222700119018555,
            "isdiffpos": "t",
            "ssdistnr": -999.0,
            "ssnamenr": "null",
            "drb": null
        },
        {
            "candid": 887225594015015007,
            "jd": 2458641.7255903,
            "ra": 234.7395657,
            "dec": 56.6049345,
            "fid": 1,
            "nid": 887,
            "magpsf": 20.39419937133789,
            "sigmapsf": 0.24496400356292725,
            "magnr": 22.702999114990234,
            "sigmagnr": 0.3540000021457672,
            "magzpsci": 26.092199325561523,
            "isdiffpos": "t",
            "ssdistnr": -999.0,
            "ssnamenr": "-999.0",
            "drb": null
        },
        {
            "candid": 887303994015015002,
            "jd": 2458641.8039931,
            "ra": 234.7394875,
            "dec": 56.6050402,
            "fid": 2,
            "nid": 887,
            "magpsf": 19.567699432373047,
            "sigmapsf": 0.10050400346517563,
            "magnr": 22.464000701904297,
            "sigmagnr": 0.23600000143051147,
            "magzpsci": 26.27869987487793,
            "isdiffpos": "t",
            "ssdistnr": -999.0,
            "ssnamenr": "null",
            "drb": null
        },
        {
            "candid": 890226074015015004,
            "jd": 2458644.7260764,
            "ra": 234.7394203,
            "dec": 56.6051272,
            "fid": 1,
            "nid": 890,
            "magpsf": 20.669599533081055,
            "sigmapsf": 0.368696004152298,
            "magnr": 22.702999114990234,
            "sigmagnr": 0.3540000021457672,
            "magzpsci": 26.257600784301758,
            "isdiffpos": "t",
            "ssdistnr": -999.0,
            "ssnamenr": "-999.0",
            "drb": null
        },
        {
            "candid": 890268784015015000,
            "jd": 2458644.7687847,
            "ra": 234.7394205,
            "dec": 56.6050086,
            "fid": 2,
            "nid": 890,
            "magpsf": 19.769899368286133,
            "sigmapsf": 0.1316789984703064,
            "magnr": 22.464000701904297,
            "sigmagnr": 0.23600000143051147,
            "magzpsci": 26.276899337768555,
            "isdiffpos": "t",
            "ssdistnr": -999.0,
            "ssnamenr": "null",
            "drb": null
        },
        {
            "candid": 893246224015015000,
            "jd": 2458647.7462269,
            "ra": 234.7394775,
            "dec": 56.6049988,
            "fid": 2,
            "nid": 893,
            "magpsf": 19.658000946044922,
            "sigmapsf": 0.1762080043554306,
            "magnr": 22.464000701904297,
            "sigmagnr": 0.23600000143051147,
            "magzpsci": 26.277000427246094,
            "isdiffpos": "t",
            "ssdistnr": -999.0,
            "ssnamenr": "null",
            "drb": null
        },
        {
            "candid": 899197964015015001,
            "jd": 2458653.697963,
            "ra": 234.7395622,
            "dec": 56.6050181,
            "fid": 2,
            "nid": 899,
            "magpsf": 20.012100219726562,
            "sigmapsf": 0.18836000561714172,
            "magnr": 22.464000701904297,
            "sigmagnr": 0.23600000143051147,
            "magzpsci": 26.241100311279297,
            "isdiffpos": "t",
            "ssdistnr": -999.0,
            "ssnamenr": "null",
            "drb": null
        },
        {
            "candid": 903353504015015000,
            "jd": 2458657.8535069,
            "ra": 234.7395933,
            "dec": 56.6051118,
            "fid": 2,
            "nid": 903,
            "magpsf": 20.072200775146484,
            "sigmapsf": 0.1881289929151535,
            "magnr": 22.464000701904297,
            "sigmagnr": 0.23600000143051147,
            "magzpsci": 26.252199172973633,
            "isdiffpos": "t",
            "ssdistnr": -999.0,
            "ssnamenr": "null",
            "drb": null
        },
        {
            "candid": 906242744015015000,
            "jd": 2458660.7427431,
            "ra": 234.7394431,
            "dec": 56.6050072,
            "fid": 2,
            "nid": 906,
            "magpsf": 20.311100006103516,
            "sigmapsf": 0.1656610071659088,
            "magnr": 22.464000701904297,
            "sigmagnr": 0.23600000143051147,
            "magzpsci": 26.286100387573242,
            "isdiffpos": "t",
            "ssdistnr": -999.0,
            "ssnamenr": "null",
            "drb": null
        },
        {
            "jd": 2458568.76671,
            "fid": 1,
            "diffmaglim": 20.43000030517578
        },
        {
            "jd": 2458568.84417,
            "fid": 2,
            "diffmaglim": 17.555999755859375
        },
        {
            "jd": 2458572.94476,
            "fid": 2,
            "diffmaglim": 20.54599952697754
        },
        {
            "jd": 2458572.99584,
            "fid": 1,
            "diffmaglim": 20.63599967956543
        },
        {
            "jd": 2458575.8469,
            "fid": 1,
            "diffmaglim": 20.45800018310547
        },
        {
            "jd": 2458575.92547,
            "fid": 2,
            "diffmaglim": 20.773000717163086
        },
        {
            "jd": 2458580.88442,
            "fid": 2,
            "diffmaglim": 20.541000366210938
        },
        {
            "jd": 2458580.92519,
            "fid": 1,
            "diffmaglim": 20.573999404907227
        },
        {
            "jd": 2458583.88685,
            "fid": 1,
            "diffmaglim": 20.243000030517578
        },
        {
            "jd": 2458586.86304,
            "fid": 2,
            "diffmaglim": 20.371999740600586
        },
        {
            "jd": 2458586.91256,
            "fid": 1,
            "diffmaglim": 20.368000030517578
        },
        {
            "jd": 2458589.84552,
            "fid": 2,
            "diffmaglim": 18.608999252319336
        },
        {
            "jd": 2458592.86822,
            "fid": 2,
            "diffmaglim": 18.94499969482422
        },
        {
            "jd": 2458592.9741,
            "fid": 1,
            "diffmaglim": 19.500999450683594
        },
        {
            "jd": 2458647.72751,
            "fid": 1,
            "diffmaglim": 20.058000564575195
        }
    ],
    "forcedphot": []
}