{
    "objectId": "ZTF19achiyvy",
    "candidates": [
        {
            "candid": 1021293345615015002,
            "jd": 2458775.7933449,
            "ra": 25.7159155,
            "dec": -6.1474787,
            "fid": 2,
            "nid": 1021,
            "magpsf": 20.273099899291992,
            "sigmapsf": 0.2771590054035187,
            "magnr": 20.1200008392334,
            "sigmagnr": 0.11900000274181366,
            "magzpsci": 26.089099884033203,
            "isdiffpos": "t",
            "ssdistnr": -999.0,
            "ssnamenr": "-999.0",
            "drb": null
        },
        {
            "candid": 1025293445615015000,
            "jd": 2458779.7934491,
            "ra": 25.715875,
            "dec": -6.1474636,
            "fid": 2,
            "nid": 1025,
            "magpsf": 19.59269905090332,
            "sigmapsf": 0.20263700187206268,
            "magnr": 20.1200008392334,
            "sigmagnr": 0.11900000274181366,
            "magzpsci": 26.090700149536133,
            "isdiffpos": "t",
            "ssdistnr": -999.0,
            "ssnamenr": "null",
            "drb": 0.9999679923057556
        },
        {
            "candid": 1025293900315015011,
            "jd": 2458779.7939005,
            "ra": 25.7159031,
            "dec": -6.1474587,
            "fid": 2,
            "nid": 1025,
            "magpsf": 19.5674991607666,
            "sigmapsf": 0.1456339955329895,
            "magnr": 20.086999893188477,
            "sigmagnr": 0.14499999582767487,
            "magzpsci": 25.88949966430664,
            "isdiffpos": "t",
            "ssdistnr": -999.0,
            "ssnamenr": "null",
            "drb": 0.9988359808921814
        },
        {
            "candid": 1028329540315015008,
            "jd": 2458782.8295486,
            "ra": 25.7158851,
            "dec": -6.1474364,
            "fid": 2,
            "nid": 1028,
            "magpsf": 19.390399932861328,
            "sigmapsf": 0.12421499937772751,
            "magnr": 20.086999893188477,
            "sigmagnr": 0.14499999582767487,
            "magzpsci": 25.896400451660156,
            "isdiffpos": "t",
            "ssdistnr": -999.0,
            "ssnamenr": "null",
            "drb": 1.0
        },
        {
            "candid": 1028329540315025008,
            "jd": 2458782.8295486,
            "ra": 25.7158851,
            "dec": -6.1474364,
            "fid": 2,
            "nid": 1028,
            "magpsf": 19.390399932861328,
            "sigmapsf": 0.12421499937772751,
            "magnr": 20.086999893188477,
            "sigmagnr": 0.14499999582767487,
            "magzpsci": 25.896400451660156,
            "isdiffpos": "t",
            "ssdistnr": -999.0,
            "ssnamenr": "-999.0",
            "drb": null
        },
        {
            "candid": 1028330005615015000,
            "jd": 2458782.83,
            "ra": 25.7158712,
            "dec": -6.1474771,
            "fid": 2,
            "nid": 1028,
            "magpsf": 19.3887996673584,
            "sigmapsf": 0.1387449949979782,
            "magnr": 20.1200008392334,
            "sigmagnr": 0.11900000274181366,
            "magzpsci": 26.118799209594727,
            "isdiffpos": "t",
            "ssdistnr": -999.0,
            "ssnamenr": "null",
            "drb": 0.9999960064888
        },
        {
            "candid": 1028330005615025000,
            "jd": 2458782.83,
            "ra": 25.7158712,
            "dec": -6.1474771,
            "fid": 2,
            "nid": 1028,
            "magpsf": 19.3887996673584,
            "sigmapsf": 0.1387449949979782,
            "magnr": 20.1200008392334,
            "sigmagnr": 0.11900000274181366,
            "magzpsci": 26.118799209594727,
            "isdiffpos": "t",
            "ssdistnr": -999.0,
            "ssnamenr": "-999.0",
            "drb": null
        },
        {
            "candid": 1031315645615015000,
            "jd": 2458785.8156481,
            "ra": 25.715877,
            "dec": -6.1474431,
            "fid": 1,
            "nid": 1031,
            "magpsf": 19.85580062866211,
            "sigmapsf": 0.20752200484275818,
            "magnr": 20.40399932861328,
            "sigmagnr": 0.1289999932050705,
            "magzpsci": 26.168800354003906,
            "isdiffpos": "t",
            "ssdistnr": -999.0,
            "ssnamenr": "null",
            "drb": 0.9999920129776001
        },
        {
            "candid": 1031323940315015010,
            "jd": 2458785.8239468,
            "ra": 25.7158367,
            "dec": -6.1474513,
            "fid": 1,
            "nid": 1031,
            "magpsf": 19.66830062866211,
            "sigmapsf": 0.1379610002040863,
            "magnr": 20.430999755859375,
            "sigmagnr": 0.08399999886751175,
            "magzpsci": 25.959299087524414,
            "isdiffpos": "t",
            "ssdistnr": -999.0,
            "ssnamenr": "null",
            "drb": 0.9999560117721558
        },
        {
            "candid": 1034253200315015008,
            "jd": 2458788.753206,
            "ra": 25.7157605,
            "dec": -6.1474308,
            "fid": 2,
            "nid": 1034,
            "magpsf": 19.24679946899414,
            "sigmapsf": 0.136572003364563,
            "magnr": 20.086999893188477,
            "sigmagnr": 0.14499999582767487,
            "magzpsci": 25.88479995727539,
            "isdiffpos": "t",
            "ssdistnr": -999.0,
            "ssnamenr": "null",
            "drb": 0.9998030066490173
        },
        {
            "candid": 1035272605615015000,
            "jd": 2458789.7726042,
            "ra": 25.7159513,
            "dec": -6.1474639,
            "fid": 2,
            "nid": 1035,
            "magpsf": 19.327199935913086,
            "sigmapsf": 0.15840299427509308,
            "magnr": 20.1200008392334,
            "sigmagnr": 0.11900000274181366,
            "magzpsci": 26.087200164794922,
            "isdiffpos": "t",
            "ssdistnr": -999.0,
            "ssnamenr": "null",
            "drb": 0.9999650120735168
        },
        {
            "candid": 1035339185615015000,
            "jd": 2458789.8391898,
            "ra": 25.7159529,
            "dec": -6.1474289,
            "fid": 1,
            "nid": 1035,
            "magpsf": 19.96139907836914,
            "sigmapsf": 0.18885000050067902,
            "magnr": 20.40399932861328,
            "sigmagnr": 0.1289999932050705,
            "magzpsci": 26.160400390625,
            "isdiffpos": "t",
            "ssdistnr": -999.0,
            "ssnamenr": "null",
            "drb": 0.9999709725379944
        },
        {
            "candid": 1037272000315015009,
            "jd": 2458791.7720023,
            "ra": 25.7159127,
            "dec": -6.1474496,
            "fid": 1,
            "nid": 1037,
            "magpsf": 19.88159942626953,
            "sigmapsf": 0.14386799931526184,
            "magnr": 20.430999755859375,
            "sigmagnr": 0.08399999886751175,
            "magzpsci": 25.980600357055664,
            "isdiffpos": "t",
            "ssdistnr": -999.0,
            "ssnamenr": "null",
            "drb": 0.9999920129776001
        },
        {
            "candid": 1037339960315015008,
            "jd": 2458791.8399653,
            "ra": 25.7158721,
            "dec": -6.1474621,
            "fid": 2,
            "nid": 1037,
            "magpsf": 19.245399475097656,
            "sigmapsf": 0.1529420018196106,
            "magnr": 20.086999893188477,
            "sigmagnr": 0.14499999582767487,
            "magzpsci": 25.87339973449707,
            "isdiffpos": "t",
            "ssdistnr": -999.0,
            "ssnamenr": "null",
            "drb": 0.999987006187439
        },
        {
            "candid": 1039362715615015000,
            "jd": 2458793.8627199,
            "ra": 25.7158746,
            "dec": -6.1474225,
            "fid": 2,
            "nid": 1039,
            "magpsf": 19.403799057006836,
            "sigmapsf": 0.13701200485229492,
            "magnr": 20.1200008392334,
            "sigmagnr": 0.11900000274181366,
            "magzpsci": 26.037799835205078,
            "isdiffpos": "t",
            "ssdistnr": -999.0,
            "ssnamenr": "null",
            "drb": 0.9999949932098389
        },
        {
            "candid": 1040297830315015003,
            "jd": 2458794.7978356,
            "ra": 25.7159058,
            "dec": -6.1474549,
            "fid": 2,
            "nid": 1040,
            "magpsf": 19.268999099731445,
            "sigmapsf": 0.14879600703716278,
            "magnr": 20.086999893188477,
            "sigmagnr": 0.14499999582767487,
            "magzpsci": 25.861000061035156,
            "isdiffpos": "t",
            "ssdistnr": -999.0,
            "ssnamenr": "null",
            "drb": 0.9999520182609558
        },
        {
            "jd": 2458750.81497,
            "fid": 2,
            "diffmaglim": 19.952999114990234
        },
        {
            "jd": 2458750.82759,
            "fid": 2,
            "diffmaglim": 20.06800079345703
        },
        {
            "jd": 2458750.85693,
            "fid": 1,
            "diffmaglim": 20.14699935913086
        },
        {
            "jd": 2458750.85829,
            "fid": 1,
            "diffmaglim": 20.093000411987305
        },
        {
            "jd": 2458756.90019,
            "fid": 1,
            "diffmaglim": 20.479000091552734
        },
        {
            "jd": 2458756.90064,
            "fid": 1,
            "diffmaglim": 20.29400062561035
        },
        {
            "jd": 2458759.85583,
            "fid": 2,
            "diffmaglim": 20.159000396728516
        },
        {
            "jd": 2458759.89837,
            "fid": 1,
            "diffmaglim": 20.384000778198242
        },
        {
            "jd": 2458765.92166,
            "fid": 2,
            "diffmaglim": 20.270999908447266
        },
        {
            "jd": 2458765.92211,
            "fid": 2,
            "diffmaglim": 20.113000869750977
        },
        {
            "jd": 2458765.93976,
            "fid": 1,
            "diffmaglim": 20.264999389648438
        },
        {
            "jd": 2458765.94021,
            "fid": 1,
            "diffmaglim": 20.339000701904297
        },
        {
            "jd": 2458768.69251,
            "fid": 2,
            "diffmaglim": 18.211000442504883
        },
        {
            "jd": 2458768.69296,
            "fid": 2,
            "diffmaglim": 18.1299991607666
        },
        {
            "jd": 2458768.81315,
            "fid": 1,
            "diffmaglim": 18.875
        },
        {
            "jd": 2458768.89664,
            "fid": 1,
            "diffmaglim": 18.945999145507812
        },
        {
            "jd": 2458771.69082,
            "fid": 1,
            "diffmaglim": 18.079999923706055
        },
        {
            "jd": 2458771.9177,
            "fid": 2,
            "diffmaglim": 18.465999603271484
        },
        {
            "jd": 2458772.7515,
            "fid": 1,
            "diffmaglim": 18.586000442504883
        },
        {
            "jd": 2458772.8602,
            "fid": 2,
            "diffmaglim": 18.070999145507812
        },
        {
            "jd": 2458775.68655,
            "fid": 1,
            "diffmaglim": 20.114999771118164
        },
        {
            "jd": 2458775.687,
            "fid": 1,
            "diffmaglim": 20.198999404907227
        },
        {
            "jd": 2458775.78333,
            "fid": 2,
            "diffmaglim": 19.858999252319336
        }
    ],
    "forcedphot": []
}