{
    "objectId": "ZTF18abbovuc",
    "candidates": [
        {
            "candid": 532222112615015006,
            "jd": 2458286.7221181,
            "ra": 186.3478103,
            "dec": 31.8240514,
            "fid": 1,
            "nid": 532,
            "magpsf": 20.063100814819336,
            "sigmapsf": 0.13847599923610687,
            "magnr": 19.73699951171875,
            "sigmagnr": 0.11999999731779099,
            "magzpsci": 0.0,
            "isdiffpos": "t",
            "ssdistnr": -999.0,
            "ssnamenr": "null",
            "drb": null
        },
        {
            "candid": 532283292615015047,
            "jd": 2458286.7832986,
            "ra": 186.3477646,
            "dec": 31.8239813,
            "fid": 2,
            "nid": 532,
            "magpsf": 19.996700286865234,
            "sigmapsf": 0.16421499848365784,
            "magnr": 19.384000778198242,
            "sigmagnr": 0.16300000250339508,
            "magzpsci": 0.0,
            "isdiffpos": "t",
            "ssdistnr": -999.0,
            "ssnamenr": "null",
            "drb": null
        },
        {
            "candid": 535176792615015009,
            "jd": 2458289.676794,
            "ra": 186.3477758,
            "dec": 31.8240221,
            "fid": 1,
            "nid": 535,
            "magpsf": 19.268699645996094,
            "sigmapsf": 0.139957994222641,
            "magnr": 19.73699951171875,
            "sigmagnr": 0.11999999731779099,
            "magzpsci": 0.0,
            "isdiffpos": "t",
            "ssdistnr": -999.0,
            "ssnamenr": "null",
            "drb": null
        },
        {
            "candid": 535218622615015022,
            "jd": 2458289.7186227,
            "ra": 186.3477534,
            "dec": 31.8239987,
            "fid": 2,
            "nid": 535,
            "magpsf": 19.18670082092285,
            "sigmapsf": 0.1544950008392334,
            "magnr": 19.384000778198242,
            "sigmagnr": 0.16300000250339508,
            "magzpsci": 0.0,
            "isdiffpos": "t",
            "ssdistnr": -999.0,
            "ssnamenr": "null",
            "drb": null
        },
        {
            "candid": 538228152615015002,
            "jd": 2458292.7281597,
            "ra": 186.3478456,
            "dec": 31.8240038,
            "fid": 1,
            "nid": 538,
            "magpsf": 18.917200088500977,
            "sigmapsf": 0.12175899744033813,
            "magnr": 19.73699951171875,
            "sigmagnr": 0.11999999731779099,
            "magzpsci": 0.0,
            "isdiffpos": "t",
            "ssdistnr": -999.0,
            "ssnamenr": "null",
            "drb": null
        },
        {
            "candid": 538236182615015017,
            "jd": 2458292.7361806,
            "ra": 186.3478079,
            "dec": 31.8239913,
            "fid": 2,
            "nid": 538,
            "magpsf": 18.866600036621094,
            "sigmapsf": 0.11536899954080582,
            "magnr": 19.384000778198242,
            "sigmagnr": 0.16300000250339508,
            "magzpsci": 0.0,
            "isdiffpos": "t",
            "ssdistnr": -999.0,
            "ssnamenr": "null",
            "drb": null
        },
        {
            "candid": 541176722615015005,
            "jd": 2458295.6767245,
            "ra": 186.3478577,
            "dec": 31.8240003,
            "fid": 1,
            "nid": 541,
            "magpsf": 18.659099578857422,
            "sigmapsf": 0.1430560052394867,
            "magnr": 19.73699951171875,
            "sigmagnr": 0.11999999731779099,
            "magzpsci": 0.0,
            "isdiffpos": "t",
            "ssdistnr": -999.0,
            "ssnamenr": "null",
            "drb": null
        },
        {
            "candid": 541240892615015016,
            "jd": 2458295.7408912,
            "ra": 186.3478096,
            "dec": 31.8240441,
            "fid": 2,
            "nid": 541,
            "magpsf": 18.577999114990234,
            "sigmapsf": 0.10891799628734589,
            "magnr": 19.384000778198242,
            "sigmagnr": 0.16300000250339508,
            "magzpsci": 0.0,
            "isdiffpos": "t",
            "ssdistnr": -999.0,
            "ssnamenr": "null",
            "drb": null
        },
        {
            "candid": 544178742615015012,
            "jd": 2458298.67875,
            "ra": 186.3478134,
            "dec": 31.8240132,
            "fid": 1,
            "nid": 544,
            "magpsf": 18.660499572753906,
            "sigmapsf": 0.10752400010824203,
            "magnr": 19.73699951171875,
            "sigmagnr": 0.11999999731779099,
            "magzpsci": 0.0,
            "isdiffpos": "t",
            "ssdistnr": -999.0,
            "ssnamenr": "null",
            "drb": null
        },
        {
            "candid": 544258952615015045,
            "jd": 2458298.7589583,
            "ra": 186.347785,
            "dec": 31.8239943,
            "fid": 2,
            "nid": 544,
            "magpsf": 18.4685001373291,
            "sigmapsf": 0.08001500368118286,
            "magnr": 19.384000778198242,
            "sigmagnr": 0.16300000250339508,
            "magzpsci": 0.0,
            "isdiffpos": "t",
            "ssdistnr": -999.0,
            "ssnamenr": "null",
            "drb": null
        },
        {
            "candid": 547177462615015024,
            "jd": 2458301.6774653,
            "ra": 186.3478307,
            "dec": 31.8240118,
            "fid": 2,
            "nid": 547,
            "magpsf": 18.341299057006836,
            "sigmapsf": 0.0707240030169487,
            "magnr": 19.384000778198242,
            "sigmagnr": 0.16300000250339508,
            "magzpsci": 0.0,
            "isdiffpos": "t",
            "ssdistnr": -999.0,
            "ssnamenr": "null",
            "drb": null
        },
        {
            "candid": 547257702615015006,
            "jd": 2458301.7577083,
            "ra": 186.3478193,
            "dec": 31.8240128,
            "fid": 1,
            "nid": 547,
            "magpsf": 18.742700576782227,
            "sigmapsf": 0.09670300036668777,
            "magnr": 19.73699951171875,
            "sigmagnr": 0.11999999731779099,
            "magzpsci": 0.0,
            "isdiffpos": "t",
            "ssdistnr": -999.0,
            "ssnamenr": "null",
            "drb": null
        },
        {
            "candid": 553177582615015024,
            "jd": 2458307.677581,
            "ra": 186.3477851,
            "dec": 31.8240375,
            "fid": 2,
            "nid": 553,
            "magpsf": 18.471200942993164,
            "sigmapsf": 0.06702499836683273,
            "magnr": 19.384000778198242,
            "sigmagnr": 0.16300000250339508,
            "magzpsci": 0.0,
            "isdiffpos": "t",
            "ssdistnr": -999.0,
            "ssnamenr": "null",
            "drb": null
        },
        {
            "candid": 553224692615015008,
            "jd": 2458307.7246991,
            "ra": 186.3478355,
            "dec": 31.8239974,
            "fid": 1,
            "nid": 553,
            "magpsf": 19.152099609375,
            "sigmapsf": 0.12177100032567978,
            "magnr": 19.73699951171875,
            "sigmagnr": 0.11999999731779099,
            "magzpsci": 0.0,
            "isdiffpos": "t",
            "ssdistnr": -999.0,
            "ssnamenr": "null",
            "drb": null
        },
        {
            "candid": 565210942615015024,
            "jd": 2458319.7109491,
            "ra": 186.3478792,
            "dec": 31.8240456,
            "fid": 2,
            "nid": 565,
            "magpsf": 19.157499313354492,
            "sigmapsf": 0.18461400270462036,
            "magnr": 19.0310001373291,
            "sigmagnr": 0.1289999932050705,
            "magzpsci": 0.0,
            "isdiffpos": "t",
            "ssdistnr": -999.0,
            "ssnamenr": "null",
            "drb": null
        }
    ],
    "forcedphot": []
}