{
    "objectId": "ZTF19aapceyj",
    "candidates": [
        {
            "candid": 830203410515015000,
            "jd": 2458584.7034144,
            "ra": 101.6643657,
            "dec": 45.647694,
            "fid": 1,
            "nid": 830,
            "magpsf": 19.643600463867188,
            "sigmapsf": 0.22360099852085114,
            "magnr": 19.700000762939453,
            "sigmagnr": 0.11500000208616257,
            "magzpsci": 26.186599731445312,
            "isdiffpos": "t",
            "ssdistnr": -999.0,
            "ssnamenr": "-999.0",
            "drb": null
        },
        {
            "candid": 833160600515015000,
            "jd": 2458587.6606019,
            "ra": 101.6643028,
            "dec": 45.647756,
            "fid": 2,
            "nid": 833,
            "magpsf": 18.843599319458008,
            "sigmapsf": 0.14777299761772156,
            "magnr": 19.1299991607666,
            "sigmagnr": 0.11500000208616257,
            "magzpsci": 25.919599533081055,
            "isdiffpos": "t",
            "ssdistnr": -999.0,
            "ssnamenr": "null",
            "drb": null
        },
        {
            "candid": 833203960515015000,
            "jd": 2458587.7039699,
            "ra": 101.6644009,
            "dec": 45.6477011,
            "fid": 1,
            "nid": 833,
            "magpsf": 18.99049949645996,
            "sigmapsf": 0.13426199555397034,
            "magnr": 19.700000762939453,
            "sigmagnr": 0.11500000208616257,
            "magzpsci": 26.175500869750977,
            "isdiffpos": "t",
            "ssdistnr": -999.0,
            "ssnamenr": "null",
            "drb": null
        },
        {
            "candid": 837159020515015001,
            "jd": 2458591.6590278,
            "ra": 101.6642993,
            "dec": 45.6477428,
            "fid": 1,
            "nid": 837,
            "magpsf": 18.919700622558594,
            "sigmapsf": 0.1194859966635704,
            "magnr": 19.700000762939453,
            "sigmagnr": 0.11500000208616257,
            "magzpsci": 26.220699310302734,
            "isdiffpos": "t",
            "ssdistnr": -999.0,
            "ssnamenr": "null",
            "drb": null
        },
        {
            "candid": 840211440515015000,
            "jd": 2458594.7114468,
            "ra": 101.6642268,
            "dec": 45.6477846,
            "fid": 1,
            "nid": 840,
            "magpsf": 18.85460090637207,
            "sigmapsf": 0.18778599798679352,
            "magnr": 19.700000762939453,
            "sigmagnr": 0.11500000208616257,
            "magzpsci": 26.167600631713867,
            "isdiffpos": "t",
            "ssdistnr": -999.0,
            "ssnamenr": "null",
            "drb": null
        },
        {
            "candid": 844163610515015002,
            "jd": 2458598.6636111,
            "ra": 101.6643181,
            "dec": 45.6477696,
            "fid": 2,
            "nid": 844,
            "magpsf": 18.559499740600586,
            "sigmapsf": 0.07548099756240845,
            "magnr": 19.1299991607666,
            "sigmagnr": 0.11500000208616257,
            "magzpsci": 26.15049934387207,
            "isdiffpos": "t",
            "ssdistnr": -999.0,
            "ssnamenr": "null",
            "drb": null
        },
        {
            "candid": 844215930515015002,
            "jd": 2458598.7159375,
            "ra": 101.6643124,
            "dec": 45.6477424,
            "fid": 1,
            "nid": 844,
            "magpsf": 19.497800827026367,
            "sigmapsf": 0.15074299275875092,
            "magnr": 19.700000762939453,
            "sigmagnr": 0.11500000208616257,
            "magzpsci": 26.085800170898438,
            "isdiffpos": "t",
            "ssdistnr": -999.0,
            "ssnamenr": "null",
            "drb": null
        },
        {
            "candid": 848200600515015001,
            "jd": 2458602.7006019,
            "ra": 101.6644009,
            "dec": 45.6477621,
            "fid": 1,
            "nid": 848,
            "magpsf": 19.922700881958008,
            "sigmapsf": 0.19129100441932678,
            "magnr": 19.700000762939453,
            "sigmagnr": 0.11500000208616257,
            "magzpsci": 26.159700393676758,
            "isdiffpos": "t",
            "ssdistnr": -999.0,
            "ssnamenr": "null",
            "drb": null
        },
        {
            "jd": 2458558.73351,
            "fid": 2,
            "diffmaglim": 19.21500015258789
        },
        {
            "jd": 2458561.73719,
            "fid": 1,
            "diffmaglim": 19.239999771118164
        },
        {
            "jd": 2458562.63338,
            "fid": 2,
            "diffmaglim": 19.170000076293945
        },
        {
            "jd": 2458562.70012,
            "fid": 1,
            "diffmaglim": 18.990999221801758
        },
        {
            "jd": 2458562.71964,
            "fid": 1,
            "diffmaglim": 18.854000091552734
        },
        {
            "jd": 2458567.63787,
            "fid": 2,
            "diffmaglim": 20.417999267578125
        },
        {
            "jd": 2458567.68693,
            "fid": 1,
            "diffmaglim": 20.388999938964844
        },
        {
            "jd": 2458572.65787,
            "fid": 1,
            "diffmaglim": 19.608999252319336
        },
        {
            "jd": 2458575.65836,
            "fid": 2,
            "diffmaglim": 18.0
        },
        {
            "jd": 2458575.69251,
            "fid": 1,
            "diffmaglim": 19.673999786376953
        },
        {
            "jd": 2458581.64081,
            "fid": 2,
            "diffmaglim": 19.381999969482422
        },
        {
            "jd": 2458581.67657,
            "fid": 1,
            "diffmaglim": 19.98900032043457
        }
    ],
    "forcedphot": []
}