{
    "objectId": "ZTF19abdoior",
    "candidates": [
        {
            "candid": 915288642515015006,
            "jd": 2458669.7886458,
            "ra": 267.5429071,
            "dec": 40.2258604,
            "fid": 1,
            "nid": 915,
            "magpsf": 20.00909996032715,
            "sigmapsf": 0.1625629961490631,
            "magnr": 19.427000045776367,
            "sigmagnr": 0.09300000220537186,
            "magzpsci": 26.225099563598633,
            "isdiffpos": "t",
            "ssdistnr": -999.0,
            "ssnamenr": "null",
            "drb": null
        },
        {
            "candid": 918319002515015007,
            "jd": 2458672.8190046,
            "ra": 267.5429806,
            "dec": 40.2258168,
            "fid": 1,
            "nid": 918,
            "magpsf": 19.36590003967285,
            "sigmapsf": 0.1095770001411438,
            "magnr": 19.427000045776367,
            "sigmagnr": 0.09300000220537186,
            "magzpsci": 26.190900802612305,
            "isdiffpos": "t",
            "ssdistnr": -999.0,
            "ssnamenr": "null",
            "drb": null
        },
        {
            "candid": 921344582515015005,
            "jd": 2458675.8445833,
            "ra": 267.5429599,
            "dec": 40.2258379,
            "fid": 1,
            "nid": 921,
            "magpsf": 18.96489906311035,
            "sigmapsf": 0.10150499641895294,
            "magnr": 19.427000045776367,
            "sigmagnr": 0.09300000220537186,
            "magzpsci": 26.206899642944336,
            "isdiffpos": "t",
            "ssdistnr": -999.0,
            "ssnamenr": "null",
            "drb": null
        },
        {
            "candid": 924242812515015010,
            "jd": 2458678.7428125,
            "ra": 267.5429945,
            "dec": 40.225837,
            "fid": 2,
            "nid": 924,
            "magpsf": 18.52989959716797,
            "sigmapsf": 0.08659499883651733,
            "magnr": 18.70400047302246,
            "sigmagnr": 0.10700000077486038,
            "magzpsci": 26.245899200439453,
            "isdiffpos": "t",
            "ssdistnr": -999.0,
            "ssnamenr": "null",
            "drb": null
        },
        {
            "candid": 924280872515015006,
            "jd": 2458678.7808796,
            "ra": 267.5429488,
            "dec": 40.2258548,
            "fid": 1,
            "nid": 924,
            "magpsf": 18.93910026550293,
            "sigmapsf": 0.11828400194644928,
            "magnr": 19.427000045776367,
            "sigmagnr": 0.09300000220537186,
            "magzpsci": 26.236099243164062,
            "isdiffpos": "t",
            "ssdistnr": -999.0,
            "ssnamenr": "null",
            "drb": null
        },
        {
            "candid": 927219762515015001,
            "jd": 2458681.7197685,
            "ra": 267.5430276,
            "dec": 40.2258198,
            "fid": 1,
            "nid": 927,
            "magpsf": 19.049100875854492,
            "sigmapsf": 0.17088699340820312,
            "magnr": 19.427000045776367,
            "sigmagnr": 0.09300000220537186,
            "magzpsci": 26.24209976196289,
            "isdiffpos": "t",
            "ssdistnr": -999.0,
            "ssnamenr": "null",
            "drb": null
        },
        {
            "candid": 927261252515015004,
            "jd": 2458681.76125,
            "ra": 267.5430038,
            "dec": 40.2258307,
            "fid": 2,
            "nid": 927,
            "magpsf": 18.457799911499023,
            "sigmapsf": 0.08384399861097336,
            "magnr": 18.70400047302246,
            "sigmagnr": 0.10700000077486038,
            "magzpsci": 26.247800827026367,
            "isdiffpos": "t",
            "ssdistnr": -999.0,
            "ssnamenr": "null",
            "drb": null
        },
        {
            "candid": 930178002515015008,
            "jd": 2458684.6780093,
            "ra": 267.5429913,
            "dec": 40.2258062,
            "fid": 2,
            "nid": 930,
            "magpsf": 18.521900177001953,
            "sigmapsf": 0.07155899703502655,
            "magnr": 18.70400047302246,
            "sigmagnr": 0.10700000077486038,
            "magzpsci": 26.230899810791016,
            "isdiffpos": "t",
            "ssdistnr": -999.0,
            "ssnamenr": "null",
            "drb": null
        },
        {
            "candid": 930219562515015005,
            "jd": 2458684.7195602,
            "ra": 267.5429886,
            "dec": 40.2258475,
            "fid": 1,
            "nid": 930,
            "magpsf": 19.29840087890625,
            "sigmapsf": 0.11841300129890442,
            "magnr": 19.427000045776367,
            "sigmagnr": 0.09300000220537186,
            "magzpsci": 26.23940086364746,
            "isdiffpos": "t",
            "ssdistnr": -999.0,
            "ssnamenr": "null",
            "drb": null
        },
        {
            "candid": 934364802515015004,
            "jd": 2458688.8648032,
            "ra": 267.5430015,
            "dec": 40.2258228,
            "fid": 2,
            "nid": 934,
            "magpsf": 18.77090072631836,
            "sigmapsf": 0.1035119965672493,
            "magnr": 18.70400047302246,
            "sigmagnr": 0.10700000077486038,
            "magzpsci": 26.149900436401367,
            "isdiffpos": "t",
            "ssdistnr": -999.0,
            "ssnamenr": "-999.0",
            "drb": null
        },
        {
            "candid": 937200872515015006,
            "jd": 2458691.7008796,
            "ra": 267.5429873,
            "dec": 40.22584,
            "fid": 2,
            "nid": 937,
            "magpsf": 18.916500091552734,
            "sigmapsf": 0.08610799908638,
            "magnr": 18.70400047302246,
            "sigmagnr": 0.10700000077486038,
            "magzpsci": 26.194499969482422,
            "isdiffpos": "t",
            "ssdistnr": -999.0,
            "ssnamenr": "null",
            "drb": null
        },
        {
            "candid": 943178782515015011,
            "jd": 2458697.6787847,
            "ra": 267.5430127,
            "dec": 40.2258312,
            "fid": 2,
            "nid": 943,
            "magpsf": 19.448200225830078,
            "sigmapsf": 0.12607699632644653,
            "magnr": 18.70400047302246,
            "sigmagnr": 0.10700000077486038,
            "magzpsci": 26.211200714111328,
            "isdiffpos": "t",
            "ssdistnr": -999.0,
            "ssnamenr": "null",
            "drb": null
        },
        {
            "candid": 946268172515015011,
            "jd": 2458700.7681713,
            "ra": 267.5429937,
            "dec": 40.225784,
            "fid": 1,
            "nid": 946,
            "magpsf": 20.658599853515625,
            "sigmapsf": 0.20863699913024902,
            "magnr": 19.427000045776367,
            "sigmagnr": 0.09300000220537186,
            "magzpsci": 26.19059944152832,
            "isdiffpos": "t",
            "ssdistnr": -999.0,
            "ssnamenr": "null",
            "drb": null
        },
        {
            "candid": 955268692515015001,
            "jd": 2458709.7686921,
            "ra": 267.5430494,
            "dec": 40.2258244,
            "fid": 2,
            "nid": 955,
            "magpsf": 19.964099884033203,
            "sigmapsf": 0.20113900303840637,
            "magnr": 18.70400047302246,
            "sigmagnr": 0.10700000077486038,
            "magzpsci": 26.215099334716797,
            "isdiffpos": "t",
            "ssdistnr": -999.0,
            "ssnamenr": "null",
            "drb": null
        },
        {
            "jd": 2458641.74602,
            "fid": 1,
            "diffmaglim": 20.881000518798828
        },
        {
            "jd": 2458641.90865,
            "fid": 2,
            "diffmaglim": 20.926000595092773
        },
        {
            "jd": 2458644.8275,
            "fid": 2,
            "diffmaglim": 20.551000595092773
        },
        {
            "jd": 2458644.84919,
            "fid": 1,
            "diffmaglim": 20.79800033569336
        },
        {
            "jd": 2458647.80475,
            "fid": 2,
            "diffmaglim": 20.2549991607666
        },
        {
            "jd": 2458647.86404,
            "fid": 1,
            "diffmaglim": 20.176000595092773
        },
        {
            "jd": 2458650.82405,
            "fid": 2,
            "diffmaglim": 19.840999603271484
        },
        {
            "jd": 2458650.94476,
            "fid": 1,
            "diffmaglim": 19.72599983215332
        },
        {
            "jd": 2458653.83918,
            "fid": 1,
            "diffmaglim": 19.860000610351562
        },
        {
            "jd": 2458653.90481,
            "fid": 2,
            "diffmaglim": 19.934999465942383
        },
        {
            "jd": 2458657.74108,
            "fid": 1,
            "diffmaglim": 20.795000076293945
        },
        {
            "jd": 2458657.86144,
            "fid": 2,
            "diffmaglim": 20.384000778198242
        },
        {
            "jd": 2458660.82497,
            "fid": 2,
            "diffmaglim": 20.812000274658203
        },
        {
            "jd": 2458660.84406,
            "fid": 1,
            "diffmaglim": 21.113000869750977
        },
        {
            "jd": 2458663.82655,
            "fid": 2,
            "diffmaglim": 20.690000534057617
        },
        {
            "jd": 2458666.74154,
            "fid": 1,
            "diffmaglim": 20.968000411987305
        },
        {
            "jd": 2458666.85279,
            "fid": 2,
            "diffmaglim": 20.711999893188477
        },
        {
            "jd": 2458669.82116,
            "fid": 2,
            "diffmaglim": 20.759000778198242
        },
        {
            "jd": 2458675.76668,
            "fid": 2,
            "diffmaglim": 20.409000396728516
        },
        {
            "jd": 2458691.80954,
            "fid": 1,
            "diffmaglim": 20.840999603271484
        },
        {
            "jd": 2458694.70042,
            "fid": 2,
            "diffmaglim": 20.725000381469727
        },
        {
            "jd": 2458694.80591,
            "fid": 1,
            "diffmaglim": 20.549999237060547
        }
    ],
    "forcedphot": []
}