{
    "objectId": "ZTF18abkjnqy",
    "candidates": [
        {
            "candid": 576296575115015001,
            "jd": 2458330.7965741,
            "ra": 233.9506043,
            "dec": 21.7388748,
            "fid": 2,
            "nid": 576,
            "magpsf": 18.681699752807617,
            "sigmapsf": 0.1297609955072403,
            "magnr": 18.055999755859375,
            "sigmagnr": 0.11999999731779099,
            "magzpsci": 0.0,
            "isdiffpos": "t",
            "ssdistnr": -999.0,
            "ssnamenr": "null",
            "drb": null
        },
        {
            "candid": 582207855115015001,
            "jd": 2458336.7078588,
            "ra": 233.9505836,
            "dec": 21.7388357,
            "fid": 2,
            "nid": 582,
            "magpsf": 18.178600311279297,
            "sigmapsf": 0.05569799989461899,
            "magnr": 18.055999755859375,
            "sigmagnr": 0.11999999731779099,
            "magzpsci": 0.0,
            "isdiffpos": "t",
            "ssdistnr": -999.0,
            "ssnamenr": "null",
            "drb": null
        },
        {
            "candid": 585154065115015001,
            "jd": 2458339.6540625,
            "ra": 233.9506011,
            "dec": 21.7388216,
            "fid": 2,
            "nid": 585,
            "magpsf": 18.070199966430664,
            "sigmapsf": 0.07413399964570999,
            "magnr": 18.055999755859375,
            "sigmagnr": 0.11999999731779099,
            "magzpsci": 0.0,
            "isdiffpos": "t",
            "ssdistnr": -999.0,
            "ssnamenr": "null",
            "drb": null
        },
        {
            "candid": 589152655115015002,
            "jd": 2458343.6526505,
            "ra": 233.9505897,
            "dec": 21.7388294,
            "fid": 2,
            "nid": 589,
            "magpsf": 17.963899612426758,
            "sigmapsf": 0.059741999953985214,
            "magnr": 18.055999755859375,
            "sigmagnr": 0.11999999731779099,
            "magzpsci": 0.0,
            "isdiffpos": "t",
            "ssdistnr": -999.0,
            "ssnamenr": "null",
            "drb": null
        },
        {
            "candid": 589171745115015000,
            "jd": 2458343.6717477,
            "ra": 233.9506017,
            "dec": 21.7388111,
            "fid": 1,
            "nid": 589,
            "magpsf": 18.929500579833984,
            "sigmapsf": 0.10918299853801727,
            "magnr": 19.81800079345703,
            "sigmagnr": 0.1420000046491623,
            "magzpsci": 0.0,
            "isdiffpos": "t",
            "ssdistnr": -999.0,
            "ssnamenr": "null",
            "drb": null
        },
        {
            "candid": 592149605115015000,
            "jd": 2458346.6496065,
            "ra": 233.9505998,
            "dec": 21.7388314,
            "fid": 1,
            "nid": 592,
            "magpsf": 18.997299194335938,
            "sigmapsf": 0.11347900331020355,
            "magnr": 19.81800079345703,
            "sigmagnr": 0.1420000046491623,
            "magzpsci": 0.0,
            "isdiffpos": "t",
            "ssdistnr": -999.0,
            "ssnamenr": "null",
            "drb": null
        },
        {
            "candid": 592171555115015001,
            "jd": 2458346.6715509,
            "ra": 233.9505903,
            "dec": 21.7388433,
            "fid": 2,
            "nid": 592,
            "magpsf": 17.938800811767578,
            "sigmapsf": 0.06735300272703171,
            "magnr": 18.055999755859375,
            "sigmagnr": 0.11999999731779099,
            "magzpsci": 0.0,
            "isdiffpos": "t",
            "ssdistnr": -999.0,
            "ssnamenr": "null",
            "drb": null
        },
        {
            "candid": 598228855115015000,
            "jd": 2458352.7288542,
            "ra": 233.9505044,
            "dec": 21.7388716,
            "fid": 2,
            "nid": 598,
            "magpsf": 18.043100357055664,
            "sigmapsf": 0.07945699989795685,
            "magnr": 18.055999755859375,
            "sigmagnr": 0.11999999731779099,
            "magzpsci": 0.0,
            "isdiffpos": "t",
            "ssdistnr": -999.0,
            "ssnamenr": "null",
            "drb": null
        },
        {
            "candid": 608141345115015000,
            "jd": 2458362.6413426,
            "ra": 233.950585,
            "dec": 21.7388478,
            "fid": 2,
            "nid": 608,
            "magpsf": 18.440500259399414,
            "sigmapsf": 0.08606799691915512,
            "magnr": 18.055999755859375,
            "sigmagnr": 0.11999999731779099,
            "magzpsci": 0.0,
            "isdiffpos": "t",
            "ssdistnr": -999.0,
            "ssnamenr": "null",
            "drb": null
        },
        {
            "candid": 611145855115015000,
            "jd": 2458365.6458565,
            "ra": 233.9505893,
            "dec": 21.7388213,
            "fid": 2,
            "nid": 611,
            "magpsf": 18.49449920654297,
            "sigmapsf": 0.0850059986114502,
            "magnr": 18.055999755859375,
            "sigmagnr": 0.11999999731779099,
            "magzpsci": 0.0,
            "isdiffpos": "t",
            "ssdistnr": -999.0,
            "ssnamenr": "null",
            "drb": null
        }
    ],
    "forcedphot": []
}