{
    "objectId": "ZTF19aceqvhl",
    "candidates": [
        {
            "candid": 1013494164515015002,
            "jd": 2458767.9941667,
            "ra": 136.1710773,
            "dec": 42.0539945,
            "fid": 1,
            "nid": 1013,
            "magpsf": 19.691699981689453,
            "sigmapsf": 0.22153399884700775,
            "magnr": 17.8700008392334,
            "sigmagnr": 0.07900000363588333,
            "magzpsci": 26.119699478149414,
            "isdiffpos": "t",
            "ssdistnr": -999.0,
            "ssnamenr": "-999.0",
            "drb": null
        },
        {
            "candid": 1015518633215015008,
            "jd": 2458770.0186343,
            "ra": 136.170954,
            "dec": 42.0540234,
            "fid": 1,
            "nid": 1015,
            "magpsf": 19.410999298095703,
            "sigmapsf": 0.2025730013847351,
            "magnr": 17.173999786376953,
            "sigmagnr": 0.07800000160932541,
            "magzpsci": 26.07200050354004,
            "isdiffpos": "t",
            "ssdistnr": -999.0,
            "ssnamenr": "null",
            "drb": 0.9998610019683838
        },
        {
            "candid": 1016487264515015006,
            "jd": 2458770.9872685,
            "ra": 136.1710891,
            "dec": 42.0539987,
            "fid": 2,
            "nid": 1016,
            "magpsf": 18.8656005859375,
            "sigmapsf": 0.1248600035905838,
            "magnr": 16.277999877929688,
            "sigmagnr": 0.07800000160932541,
            "magzpsci": 26.092599868774414,
            "isdiffpos": "t",
            "ssdistnr": -999.0,
            "ssnamenr": "null",
            "drb": 0.9997490048408508
        },
        {
            "candid": 1022505674515015002,
            "jd": 2458777.0056713,
            "ra": 136.171127,
            "dec": 42.0539709,
            "fid": 2,
            "nid": 1022,
            "magpsf": 18.820499420166016,
            "sigmapsf": 0.09348499774932861,
            "magnr": 16.277999877929688,
            "sigmagnr": 0.07800000160932541,
            "magzpsci": 26.138500213623047,
            "isdiffpos": "t",
            "ssdistnr": -999.0,
            "ssnamenr": "null",
            "drb": 0.9997220039367676
        },
        {
            "candid": 1031504293215015004,
            "jd": 2458786.004294,
            "ra": 136.1709842,
            "dec": 42.0539221,
            "fid": 2,
            "nid": 1031,
            "magpsf": 19.281400680541992,
            "sigmapsf": 0.13726399838924408,
            "magnr": 16.197999954223633,
            "sigmagnr": 0.0729999989271164,
            "magzpsci": 26.08139991760254,
            "isdiffpos": "t",
            "ssdistnr": -999.0,
            "ssnamenr": "null",
            "drb": 0.9993849992752075
        },
        {
            "candid": 1034537604515015005,
            "jd": 2458789.0376042,
            "ra": 136.171078,
            "dec": 42.0539879,
            "fid": 2,
            "nid": 1034,
            "magpsf": 19.28809928894043,
            "sigmapsf": 0.12542200088500977,
            "magnr": 16.277999877929688,
            "sigmagnr": 0.07800000160932541,
            "magzpsci": 26.152099609375,
            "isdiffpos": "t",
            "ssdistnr": -999.0,
            "ssnamenr": "null",
            "drb": 0.9929010272026062
        },
        {
            "candid": 1037505394515015004,
            "jd": 2458792.0053935,
            "ra": 136.1710463,
            "dec": 42.0539677,
            "fid": 2,
            "nid": 1037,
            "magpsf": 19.5393009185791,
            "sigmapsf": 0.12800000607967377,
            "magnr": 16.277999877929688,
            "sigmagnr": 0.07800000160932541,
            "magzpsci": 26.16029930114746,
            "isdiffpos": "t",
            "ssdistnr": -999.0,
            "ssnamenr": "null",
            "drb": 0.9993699789047241
        },
        {
            "jd": 2458743.02505,
            "fid": 1,
            "diffmaglim": 17.79400062561035
        },
        {
            "jd": 2458745.98786,
            "fid": 2,
            "diffmaglim": 19.292999267578125
        },
        {
            "jd": 2458745.98877,
            "fid": 2,
            "diffmaglim": 19.284000396728516
        },
        {
            "jd": 2458746.01721,
            "fid": 1,
            "diffmaglim": 19.44499969482422
        },
        {
            "jd": 2458746.02519,
            "fid": 1,
            "diffmaglim": 19.148000717163086
        },
        {
            "jd": 2458748.99274,
            "fid": 2,
            "diffmaglim": 19.409000396728516
        },
        {
            "jd": 2458748.99455,
            "fid": 2,
            "diffmaglim": 19.70599937438965
        },
        {
            "jd": 2458749.01281,
            "fid": 1,
            "diffmaglim": 19.77899932861328
        },
        {
            "jd": 2458749.02579,
            "fid": 1,
            "diffmaglim": 19.312999725341797
        },
        {
            "jd": 2458751.98888,
            "fid": 1,
            "diffmaglim": 19.94700050354004
        },
        {
            "jd": 2458751.98934,
            "fid": 1,
            "diffmaglim": 20.013999938964844
        },
        {
            "jd": 2458756.97176,
            "fid": 1,
            "diffmaglim": 20.16699981689453
        },
        {
            "jd": 2458756.97508,
            "fid": 1,
            "diffmaglim": 20.139999389648438
        },
        {
            "jd": 2458757.03025,
            "fid": 2,
            "diffmaglim": 19.58799934387207
        },
        {
            "jd": 2458759.96882,
            "fid": 1,
            "diffmaglim": 20.29400062561035
        },
        {
            "jd": 2458760.98848,
            "fid": 1,
            "diffmaglim": 20.214000701904297
        },
        {
            "jd": 2458761.01172,
            "fid": 2,
            "diffmaglim": 20.065000534057617
        },
        {
            "jd": 2458763.96918,
            "fid": 1,
            "diffmaglim": 20.468000411987305
        },
        {
            "jd": 2458764.98888,
            "fid": 2,
            "diffmaglim": 20.365999221801758
        },
        {
            "jd": 2458765.01142,
            "fid": 1,
            "diffmaglim": 20.55500030517578
        },
        {
            "jd": 2458766.93657,
            "fid": 1,
            "diffmaglim": 19.625999450683594
        },
        {
            "jd": 2458767.03116,
            "fid": 2,
            "diffmaglim": 20.097000122070312
        },
        {
            "jd": 2458769.97374,
            "fid": 2,
            "diffmaglim": 19.472000122070312
        }
    ],
    "forcedphot": []
}