{
    "objectId": "ZTF19abfiqjg",
    "candidates": [
        {
            "candid": 916454674015015011,
            "jd": 2458670.9546759,
            "ra": 29.4531102,
            "dec": 13.1761766,
            "fid": 1,
            "nid": 916,
            "magpsf": 20.034799575805664,
            "sigmapsf": 0.22944599390029907,
            "magnr": 18.090999603271484,
            "sigmagnr": 0.0860000029206276,
            "magzpsci": 26.119800567626953,
            "isdiffpos": "t",
            "ssdistnr": -999.0,
            "ssnamenr": "-999.0",
            "drb": null
        },
        {
            "candid": 919472434015015008,
            "jd": 2458673.9724306,
            "ra": 29.4531149,
            "dec": 13.1761704,
            "fid": 1,
            "nid": 919,
            "magpsf": 19.430400848388672,
            "sigmapsf": 0.15794099867343903,
            "magnr": 18.090999603271484,
            "sigmagnr": 0.0860000029206276,
            "magzpsci": 26.196399688720703,
            "isdiffpos": "t",
            "ssdistnr": -999.0,
            "ssnamenr": "null",
            "drb": null
        },
        {
            "candid": 922437924015015005,
            "jd": 2458676.9379282,
            "ra": 29.4532049,
            "dec": 13.1761697,
            "fid": 1,
            "nid": 922,
            "magpsf": 19.201799392700195,
            "sigmapsf": 0.12359900027513504,
            "magnr": 18.090999603271484,
            "sigmagnr": 0.0860000029206276,
            "magzpsci": 26.047800064086914,
            "isdiffpos": "t",
            "ssdistnr": -999.0,
            "ssnamenr": "null",
            "drb": null
        },
        {
            "candid": 922486894015015007,
            "jd": 2458676.9868981,
            "ra": 29.4531029,
            "dec": 13.1762078,
            "fid": 2,
            "nid": 922,
            "magpsf": 19.451400756835938,
            "sigmapsf": 0.15972499549388885,
            "magnr": 17.65999984741211,
            "sigmagnr": 0.061000000685453415,
            "magzpsci": 26.212400436401367,
            "isdiffpos": "t",
            "ssdistnr": -999.0,
            "ssnamenr": "-999.0",
            "drb": null
        },
        {
            "candid": 925452924015015003,
            "jd": 2458679.9529282,
            "ra": 29.4531701,
            "dec": 13.1761538,
            "fid": 1,
            "nid": 925,
            "magpsf": 19.10759925842285,
            "sigmapsf": 0.14796599745750427,
            "magnr": 18.090999603271484,
            "sigmagnr": 0.0860000029206276,
            "magzpsci": 26.19059944152832,
            "isdiffpos": "t",
            "ssdistnr": -999.0,
            "ssnamenr": "null",
            "drb": null
        },
        {
            "candid": 928422894015015002,
            "jd": 2458682.9228935,
            "ra": 29.4531367,
            "dec": 13.1761807,
            "fid": 2,
            "nid": 928,
            "magpsf": 19.028400421142578,
            "sigmapsf": 0.15346099436283112,
            "magnr": 17.65999984741211,
            "sigmagnr": 0.061000000685453415,
            "magzpsci": 26.23040008544922,
            "isdiffpos": "t",
            "ssdistnr": -999.0,
            "ssnamenr": "null",
            "drb": null
        },
        {
            "candid": 928461194015015001,
            "jd": 2458682.9611921,
            "ra": 29.4531095,
            "dec": 13.1762112,
            "fid": 1,
            "nid": 928,
            "magpsf": 19.069599151611328,
            "sigmapsf": 0.1650799959897995,
            "magnr": 18.090999603271484,
            "sigmagnr": 0.0860000029206276,
            "magzpsci": 26.175600051879883,
            "isdiffpos": "t",
            "ssdistnr": -999.0,
            "ssnamenr": "null",
            "drb": null
        },
        {
            "candid": 931443214015015008,
            "jd": 2458685.9432176,
            "ra": 29.4531563,
            "dec": 13.176179,
            "fid": 2,
            "nid": 931,
            "magpsf": 18.929100036621094,
            "sigmapsf": 0.10446999967098236,
            "magnr": 17.65999984741211,
            "sigmagnr": 0.061000000685453415,
            "magzpsci": 26.240100860595703,
            "isdiffpos": "t",
            "ssdistnr": -999.0,
            "ssnamenr": "null",
            "drb": null
        },
        {
            "candid": 937422754015015007,
            "jd": 2458691.9227546,
            "ra": 29.4531901,
            "dec": 13.1762213,
            "fid": 2,
            "nid": 937,
            "magpsf": 18.977500915527344,
            "sigmapsf": 0.10043200105428696,
            "magnr": 17.65999984741211,
            "sigmagnr": 0.061000000685453415,
            "magzpsci": 26.183500289916992,
            "isdiffpos": "t",
            "ssdistnr": -999.0,
            "ssnamenr": "null",
            "drb": null
        },
        {
            "candid": 937471964015015008,
            "jd": 2458691.9719676,
            "ra": 29.4530991,
            "dec": 13.1761387,
            "fid": 1,
            "nid": 937,
            "magpsf": 19.57069969177246,
            "sigmapsf": 0.1636189967393875,
            "magnr": 18.090999603271484,
            "sigmagnr": 0.0860000029206276,
            "magzpsci": 26.18470001220703,
            "isdiffpos": "t",
            "ssdistnr": -999.0,
            "ssnamenr": "null",
            "drb": null
        },
        {
            "candid": 940413094015015007,
            "jd": 2458694.9130903,
            "ra": 29.4531358,
            "dec": 13.1761753,
            "fid": 2,
            "nid": 940,
            "magpsf": 19.01810073852539,
            "sigmapsf": 0.0820240005850792,
            "magnr": 17.65999984741211,
            "sigmagnr": 0.061000000685453415,
            "magzpsci": 26.236099243164062,
            "isdiffpos": "t",
            "ssdistnr": -999.0,
            "ssnamenr": "null",
            "drb": null
        },
        {
            "candid": 940476724015015017,
            "jd": 2458694.9767245,
            "ra": 29.4531887,
            "dec": 13.1761358,
            "fid": 1,
            "nid": 940,
            "magpsf": 19.661699295043945,
            "sigmapsf": 0.13916000723838806,
            "magnr": 18.090999603271484,
            "sigmagnr": 0.0860000029206276,
            "magzpsci": 26.150699615478516,
            "isdiffpos": "t",
            "ssdistnr": -999.0,
            "ssnamenr": "null",
            "drb": null
        },
        {
            "candid": 943421674015015020,
            "jd": 2458697.9216782,
            "ra": 29.4531528,
            "dec": 13.1762018,
            "fid": 2,
            "nid": 943,
            "magpsf": 19.16670036315918,
            "sigmapsf": 0.10759799927473068,
            "magnr": 17.65999984741211,
            "sigmagnr": 0.061000000685453415,
            "magzpsci": 26.22570037841797,
            "isdiffpos": "t",
            "ssdistnr": -999.0,
            "ssnamenr": "null",
            "drb": null
        },
        {
            "candid": 943463884015015014,
            "jd": 2458697.9638889,
            "ra": 29.4531701,
            "dec": 13.1761383,
            "fid": 1,
            "nid": 943,
            "magpsf": 19.95330047607422,
            "sigmapsf": 0.163223996758461,
            "magnr": 18.090999603271484,
            "sigmagnr": 0.0860000029206276,
            "magzpsci": 26.200300216674805,
            "isdiffpos": "t",
            "ssdistnr": -999.0,
            "ssnamenr": "-999.0",
            "drb": null
        },
        {
            "candid": 946455634015015022,
            "jd": 2458700.9556366,
            "ra": 29.4531352,
            "dec": 13.1761669,
            "fid": 2,
            "nid": 946,
            "magpsf": 19.265899658203125,
            "sigmapsf": 0.10975299775600433,
            "magnr": 17.65999984741211,
            "sigmagnr": 0.061000000685453415,
            "magzpsci": 26.237899780273438,
            "isdiffpos": "t",
            "ssdistnr": -999.0,
            "ssnamenr": "null",
            "drb": null
        },
        {
            "candid": 949440784015015010,
            "jd": 2458703.940787,
            "ra": 29.4532221,
            "dec": 13.1761671,
            "fid": 2,
            "nid": 949,
            "magpsf": 19.51059913635254,
            "sigmapsf": 0.12537400424480438,
            "magnr": 17.65999984741211,
            "sigmagnr": 0.061000000685453415,
            "magzpsci": 26.22960090637207,
            "isdiffpos": "t",
            "ssdistnr": -999.0,
            "ssnamenr": "null",
            "drb": null
        },
        {
            "candid": 952482684015015015,
            "jd": 2458706.9826852,
            "ra": 29.4531402,
            "dec": 13.1761822,
            "fid": 2,
            "nid": 952,
            "magpsf": 19.588199615478516,
            "sigmapsf": 0.10017400234937668,
            "magnr": 17.65999984741211,
            "sigmagnr": 0.061000000685453415,
            "magzpsci": 26.285200119018555,
            "isdiffpos": "t",
            "ssdistnr": -999.0,
            "ssnamenr": "null",
            "drb": null
        },
        {
            "candid": 955398794015015010,
            "jd": 2458709.8987963,
            "ra": 29.4532027,
            "dec": 13.1762339,
            "fid": 2,
            "nid": 955,
            "magpsf": 19.601499557495117,
            "sigmapsf": 0.182888001203537,
            "magnr": 17.65999984741211,
            "sigmagnr": 0.061000000685453415,
            "magzpsci": 26.25749969482422,
            "isdiffpos": "t",
            "ssdistnr": -999.0,
            "ssnamenr": "null",
            "drb": null
        },
        {
            "jd": 2458667.94584,
            "fid": 1,
            "diffmaglim": 20.420000076293945
        },
        {
            "jd": 2458667.97816,
            "fid": 2,
            "diffmaglim": 19.843000411987305
        },
        {
            "jd": 2458670.97667,
            "fid": 2,
            "diffmaglim": 20.45599937438965
        },
        {
            "jd": 2458685.98062,
            "fid": 1,
            "diffmaglim": 19.798999786376953
        },
        {
            "jd": 2458700.98432,
            "fid": 1,
            "diffmaglim": 20.7810001373291
        }
    ],
    "forcedphot": []
}