{
    "objectId": "ZTF19aamsetj",
    "candidates": [
        {
            "candid": 805237991115015000,
            "jd": 2458559.7379977,
            "ra": 137.1791393,
            "dec": 44.8128001,
            "fid": 2,
            "nid": 805,
            "magpsf": 19.01849937438965,
            "sigmapsf": 0.11494100093841553,
            "magnr": 19.55500030517578,
            "sigmagnr": 0.0989999994635582,
            "magzpsci": 26.129499435424805,
            "isdiffpos": "t",
            "ssdistnr": -999.0,
            "ssnamenr": "null",
            "drb": null
        },
        {
            "candid": 805298391115015000,
            "jd": 2458559.7983912,
            "ra": 137.1789735,
            "dec": 44.8128665,
            "fid": 1,
            "nid": 805,
            "magpsf": 19.306699752807617,
            "sigmapsf": 0.2416439950466156,
            "magnr": 20.0939998626709,
            "sigmagnr": 0.08100000023841858,
            "magzpsci": 26.33970069885254,
            "isdiffpos": "t",
            "ssdistnr": -999.0,
            "ssnamenr": "-999.0",
            "drb": null
        },
        {
            "candid": 808153281115015000,
            "jd": 2458562.653287,
            "ra": 137.1789779,
            "dec": 44.8127828,
            "fid": 2,
            "nid": 808,
            "magpsf": 18.749000549316406,
            "sigmapsf": 0.1404609978199005,
            "magnr": 19.55500030517578,
            "sigmagnr": 0.0989999994635582,
            "magzpsci": 26.1200008392334,
            "isdiffpos": "t",
            "ssdistnr": -999.0,
            "ssnamenr": "null",
            "drb": null
        },
        {
            "candid": 813200601115015000,
            "jd": 2458567.7006019,
            "ra": 137.1790628,
            "dec": 44.8128392,
            "fid": 1,
            "nid": 813,
            "magpsf": 19.733299255371094,
            "sigmapsf": 0.1756879985332489,
            "magnr": 20.0939998626709,
            "sigmagnr": 0.08100000023841858,
            "magzpsci": 26.228300094604492,
            "isdiffpos": "t",
            "ssdistnr": -999.0,
            "ssnamenr": "null",
            "drb": null
        },
        {
            "candid": 813219611115015002,
            "jd": 2458567.7196181,
            "ra": 137.1790321,
            "dec": 44.8127889,
            "fid": 2,
            "nid": 813,
            "magpsf": 18.66819953918457,
            "sigmapsf": 0.09356299787759781,
            "magnr": 19.55500030517578,
            "sigmagnr": 0.0989999994635582,
            "magzpsci": 26.107200622558594,
            "isdiffpos": "t",
            "ssdistnr": -999.0,
            "ssnamenr": "null",
            "drb": null
        },
        {
            "candid": 818195611115015000,
            "jd": 2458572.6956134,
            "ra": 137.1789519,
            "dec": 44.8129509,
            "fid": 1,
            "nid": 818,
            "magpsf": 20.161500930786133,
            "sigmapsf": 0.24459700286388397,
            "magnr": 20.0939998626709,
            "sigmagnr": 0.08100000023841858,
            "magzpsci": 25.8125,
            "isdiffpos": "t",
            "ssdistnr": -999.0,
            "ssnamenr": "-999.0",
            "drb": null
        },
        {
            "candid": 818220431115015009,
            "jd": 2458572.7204398,
            "ra": 137.1790879,
            "dec": 44.8127925,
            "fid": 2,
            "nid": 818,
            "magpsf": 18.83370018005371,
            "sigmapsf": 0.14712099730968475,
            "magnr": 19.55500030517578,
            "sigmagnr": 0.0989999994635582,
            "magzpsci": 25.62459945678711,
            "isdiffpos": "t",
            "ssdistnr": -999.0,
            "ssnamenr": "null",
            "drb": null
        },
        {
            "candid": 821215231115015002,
            "jd": 2458575.7152315,
            "ra": 137.1790371,
            "dec": 44.8128393,
            "fid": 2,
            "nid": 821,
            "magpsf": 18.94569969177246,
            "sigmapsf": 0.12597200274467468,
            "magnr": 19.55500030517578,
            "sigmagnr": 0.0989999994635582,
            "magzpsci": 25.507699966430664,
            "isdiffpos": "t",
            "ssdistnr": -999.0,
            "ssnamenr": "null",
            "drb": null
        },
        {
            "candid": 821258021115015004,
            "jd": 2458575.7580208,
            "ra": 137.1791102,
            "dec": 44.8127758,
            "fid": 1,
            "nid": 821,
            "magpsf": 20.090499877929688,
            "sigmapsf": 0.23372800648212433,
            "magnr": 20.0939998626709,
            "sigmagnr": 0.08100000023841858,
            "magzpsci": 25.863500595092773,
            "isdiffpos": "t",
            "ssdistnr": -999.0,
            "ssnamenr": "-999.0",
            "drb": null
        },
        {
            "candid": 826214861115015001,
            "jd": 2458580.7148611,
            "ra": 137.1790399,
            "dec": 44.8127909,
            "fid": 2,
            "nid": 826,
            "magpsf": 19.078399658203125,
            "sigmapsf": 0.11367800086736679,
            "magnr": 19.55500030517578,
            "sigmagnr": 0.0989999994635582,
            "magzpsci": 26.083499908447266,
            "isdiffpos": "t",
            "ssdistnr": -999.0,
            "ssnamenr": "null",
            "drb": null
        },
        {
            "candid": 828196453815015002,
            "jd": 2458582.6964583,
            "ra": 137.1790355,
            "dec": 44.8128045,
            "fid": 2,
            "nid": 828,
            "magpsf": 18.759000778198242,
            "sigmapsf": 0.07876600325107574,
            "magnr": 19.284000396728516,
            "sigmagnr": 0.1080000028014183,
            "magzpsci": 26.21500015258789,
            "isdiffpos": "t",
            "ssdistnr": -999.0,
            "ssnamenr": "null",
            "drb": null
        },
        {
            "candid": 830222871115015000,
            "jd": 2458584.7228704,
            "ra": 137.1790812,
            "dec": 44.8127874,
            "fid": 1,
            "nid": 830,
            "magpsf": 19.087400436401367,
            "sigmapsf": 0.10631600022315979,
            "magnr": 20.0939998626709,
            "sigmagnr": 0.08100000023841858,
            "magzpsci": 26.233400344848633,
            "isdiffpos": "t",
            "ssdistnr": -999.0,
            "ssnamenr": "null",
            "drb": null
        },
        {
            "candid": 833213771115015000,
            "jd": 2458587.7137731,
            "ra": 137.1790728,
            "dec": 44.8128098,
            "fid": 1,
            "nid": 833,
            "magpsf": 18.208200454711914,
            "sigmapsf": 0.06216200068593025,
            "magnr": 20.0939998626709,
            "sigmagnr": 0.08100000023841858,
            "magzpsci": 26.268199920654297,
            "isdiffpos": "t",
            "ssdistnr": -999.0,
            "ssnamenr": "null",
            "drb": null
        },
        {
            "candid": 835225083815015002,
            "jd": 2458589.725081,
            "ra": 137.1790631,
            "dec": 44.812821,
            "fid": 2,
            "nid": 835,
            "magpsf": 17.499399185180664,
            "sigmapsf": 0.052657999098300934,
            "magnr": 19.284000396728516,
            "sigmagnr": 0.1080000028014183,
            "magzpsci": 26.02039909362793,
            "isdiffpos": "t",
            "ssdistnr": -999.0,
            "ssnamenr": "null",
            "drb": null
        },
        {
            "candid": 837337071115015000,
            "jd": 2458591.8370718,
            "ra": 137.179051,
            "dec": 44.8128034,
            "fid": 2,
            "nid": 837,
            "magpsf": 17.391700744628906,
            "sigmapsf": 0.052250999957323074,
            "magnr": 19.55500030517578,
            "sigmagnr": 0.0989999994635582,
            "magzpsci": 25.888700485229492,
            "isdiffpos": "t",
            "ssdistnr": -999.0,
            "ssnamenr": "null",
            "drb": null
        },
        {
            "candid": 839327523815015001,
            "jd": 2458593.8275231,
            "ra": 137.1790641,
            "dec": 44.8127939,
            "fid": 2,
            "nid": 839,
            "magpsf": 17.368000030517578,
            "sigmapsf": 0.05657700076699257,
            "magnr": 19.284000396728516,
            "sigmagnr": 0.1080000028014183,
            "magzpsci": 26.142000198364258,
            "isdiffpos": "t",
            "ssdistnr": -999.0,
            "ssnamenr": "null",
            "drb": null
        },
        {
            "candid": 840165201115015000,
            "jd": 2458594.6652083,
            "ra": 137.1790508,
            "dec": 44.812794,
            "fid": 2,
            "nid": 840,
            "magpsf": 17.408599853515625,
            "sigmapsf": 0.035321999341249466,
            "magnr": 19.55500030517578,
            "sigmagnr": 0.0989999994635582,
            "magzpsci": 26.117599487304688,
            "isdiffpos": "t",
            "ssdistnr": -999.0,
            "ssnamenr": "null",
            "drb": null
        },
        {
            "candid": 840180641115015000,
            "jd": 2458594.6806481,
            "ra": 137.1790592,
            "dec": 44.8128026,
            "fid": 1,
            "nid": 840,
            "magpsf": 17.68269920349121,
            "sigmapsf": 0.050230998545885086,
            "magnr": 20.0939998626709,
            "sigmagnr": 0.08100000023841858,
            "magzpsci": 26.271699905395508,
            "isdiffpos": "t",
            "ssdistnr": -999.0,
            "ssnamenr": "null",
            "drb": null
        },
        {
            "candid": 844203621115015000,
            "jd": 2458598.7036227,
            "ra": 137.1790455,
            "dec": 44.8128074,
            "fid": 1,
            "nid": 844,
            "magpsf": 17.794200897216797,
            "sigmapsf": 0.04742199927568436,
            "magnr": 20.0939998626709,
            "sigmagnr": 0.08100000023841858,
            "magzpsci": 26.25119972229004,
            "isdiffpos": "t",
            "ssdistnr": -999.0,
            "ssnamenr": "null",
            "drb": null
        },
        {
            "candid": 845145903815015003,
            "jd": 2458599.6459028,
            "ra": 137.1790647,
            "dec": 44.8127961,
            "fid": 2,
            "nid": 845,
            "magpsf": 17.493499755859375,
            "sigmapsf": 0.05020099878311157,
            "magnr": 19.284000396728516,
            "sigmagnr": 0.1080000028014183,
            "magzpsci": 26.1924991607666,
            "isdiffpos": "t",
            "ssdistnr": -999.0,
            "ssnamenr": "null",
            "drb": null
        },
        {
            "candid": 847263091115015000,
            "jd": 2458601.7630903,
            "ra": 137.1790295,
            "dec": 44.8128013,
            "fid": 2,
            "nid": 847,
            "magpsf": 17.651899337768555,
            "sigmapsf": 0.047410998493433,
            "magnr": 19.55500030517578,
            "sigmagnr": 0.0989999994635582,
            "magzpsci": 26.093900680541992,
            "isdiffpos": "t",
            "ssdistnr": -999.0,
            "ssnamenr": "null",
            "drb": null
        },
        {
            "candid": 851216411115015001,
            "jd": 2458605.716412,
            "ra": 137.1790531,
            "dec": 44.8128148,
            "fid": 1,
            "nid": 851,
            "magpsf": 18.58209991455078,
            "sigmapsf": 0.0812230035662651,
            "magnr": 20.0939998626709,
            "sigmagnr": 0.08100000023841858,
            "magzpsci": 26.215099334716797,
            "isdiffpos": "t",
            "ssdistnr": -999.0,
            "ssnamenr": "null",
            "drb": null
        },
        {
            "candid": 854186821115015000,
            "jd": 2458608.6868287,
            "ra": 137.1790668,
            "dec": 44.8128,
            "fid": 1,
            "nid": 854,
            "magpsf": 18.938600540161133,
            "sigmapsf": 0.10440800338983536,
            "magnr": 20.0939998626709,
            "sigmagnr": 0.08100000023841858,
            "magzpsci": 26.23259925842285,
            "isdiffpos": "t",
            "ssdistnr": -999.0,
            "ssnamenr": "null",
            "drb": null
        },
        {
            "candid": 863187301115015001,
            "jd": 2458617.6873032,
            "ra": 137.179142,
            "dec": 44.8128701,
            "fid": 1,
            "nid": 863,
            "magpsf": 19.78689956665039,
            "sigmapsf": 0.16980800032615662,
            "magnr": 20.0939998626709,
            "sigmagnr": 0.08100000023841858,
            "magzpsci": 26.221900939941406,
            "isdiffpos": "t",
            "ssdistnr": -999.0,
            "ssnamenr": "null",
            "drb": null
        },
        {
            "candid": 863224761115015000,
            "jd": 2458617.7247685,
            "ra": 137.1790767,
            "dec": 44.8128035,
            "fid": 2,
            "nid": 863,
            "magpsf": 18.99519920349121,
            "sigmapsf": 0.10837899893522263,
            "magnr": 19.55500030517578,
            "sigmagnr": 0.0989999994635582,
            "magzpsci": 26.0492000579834,
            "isdiffpos": "t",
            "ssdistnr": -999.0,
            "ssnamenr": "null",
            "drb": null
        },
        {
            "candid": 864264083815015004,
            "jd": 2458618.7640856,
            "ra": 137.1790473,
            "dec": 44.8128197,
            "fid": 2,
            "nid": 864,
            "magpsf": 19.297300338745117,
            "sigmapsf": 0.1982329934835434,
            "magnr": 19.284000396728516,
            "sigmagnr": 0.1080000028014183,
            "magzpsci": 26.080299377441406,
            "isdiffpos": "t",
            "ssdistnr": -999.0,
            "ssnamenr": "null",
            "drb": null
        },
        {
            "jd": 2458534.77983,
            "fid": 1,
            "diffmaglim": 19.281999588012695
        },
        {
            "jd": 2458534.85811,
            "fid": 2,
            "diffmaglim": 19.20599937438965
        },
        {
            "jd": 2458534.86859,
            "fid": 2,
            "diffmaglim": 18.913999557495117
        },
        {
            "jd": 2458538.71218,
            "fid": 2,
            "diffmaglim": 18.70199966430664
        },
        {
            "jd": 2458538.76905,
            "fid": 1,
            "diffmaglim": 19.500999450683594
        },
        {
            "jd": 2458541.76228,
            "fid": 1,
            "diffmaglim": 19.513999938964844
        },
        {
            "jd": 2458556.70152,
            "fid": 2,
            "diffmaglim": 19.60700035095215
        },
        {
            "jd": 2458558.69545,
            "fid": 2,
            "diffmaglim": 19.183000564575195
        },
        {
            "jd": 2458562.73558,
            "fid": 1,
            "diffmaglim": 18.538000106811523
        }
    ],
    "forcedphot": []
}