{
    "objectId": "ZTF18aahuujv",
    "candidates": [
        {
            "candid": 522202331615010058,
            "jd": 2458276.702338,
            "ra": 200.4760839,
            "dec": 32.421748,
            "fid": 2,
            "nid": 522,
            "magpsf": 19.381900787353516,
            "sigmapsf": 0.0886629968881607,
            "magnr": 17.660999298095703,
            "sigmagnr": 0.08799999952316284,
            "magzpsci": 0.0,
            "isdiffpos": "f",
            "ssdistnr": -999.0,
            "ssnamenr": "null",
            "drb": null
        },
        {
            "candid": 528219141615010035,
            "jd": 2458282.7191435,
            "ra": 200.4763235,
            "dec": 32.4218207,
            "fid": 2,
            "nid": 528,
            "magpsf": 19.962299346923828,
            "sigmapsf": 0.1594959944486618,
            "magnr": 17.660999298095703,
            "sigmagnr": 0.08799999952316284,
            "magzpsci": 0.0,
            "isdiffpos": "f",
            "ssdistnr": -999.0,
            "ssnamenr": "null",
            "drb": null
        },
        {
            "candid": 909198542915015025,
            "jd": 2458663.6985417,
            "ra": 200.4763365,
            "dec": 32.4220258,
            "fid": 2,
            "nid": 909,
            "magpsf": 19.693899154663086,
            "sigmapsf": 0.1857070028781891,
            "magnr": 17.733999252319336,
            "sigmagnr": 0.09300000220537186,
            "magzpsci": 26.08489990234375,
            "isdiffpos": "t",
            "ssdistnr": -999.0,
            "ssnamenr": "null",
            "drb": null
        },
        {
            "candid": 909229432915015013,
            "jd": 2458663.7294329,
            "ra": 200.4763381,
            "dec": 32.4220342,
            "fid": 1,
            "nid": 909,
            "magpsf": 19.934200286865234,
            "sigmapsf": 0.18213100731372833,
            "magnr": 17.979999542236328,
            "sigmagnr": 0.09300000220537186,
            "magzpsci": 26.15220069885254,
            "isdiffpos": "t",
            "ssdistnr": -999.0,
            "ssnamenr": "null",
            "drb": null
        },
        {
            "candid": 911195271615015025,
            "jd": 2458665.6952778,
            "ra": 200.4762955,
            "dec": 32.4220784,
            "fid": 1,
            "nid": 911,
            "magpsf": 19.938800811767578,
            "sigmapsf": 0.1920360028743744,
            "magnr": 17.94499969482422,
            "sigmagnr": 0.09399999678134918,
            "magzpsci": 26.266799926757812,
            "isdiffpos": "t",
            "ssdistnr": -999.0,
            "ssnamenr": "null",
            "drb": null
        },
        {
            "candid": 913195062915015019,
            "jd": 2458667.6950694,
            "ra": 200.4763515,
            "dec": 32.4220185,
            "fid": 1,
            "nid": 913,
            "magpsf": 19.246700286865234,
            "sigmapsf": 0.10741099715232849,
            "magnr": 17.979999542236328,
            "sigmagnr": 0.09300000220537186,
            "magzpsci": 26.23270034790039,
            "isdiffpos": "t",
            "ssdistnr": -999.0,
            "ssnamenr": "null",
            "drb": null
        },
        {
            "candid": 913215612915015012,
            "jd": 2458667.7156134,
            "ra": 200.4763204,
            "dec": 32.4220427,
            "fid": 2,
            "nid": 913,
            "magpsf": 18.906999588012695,
            "sigmapsf": 0.10945200175046921,
            "magnr": 17.733999252319336,
            "sigmagnr": 0.09300000220537186,
            "magzpsci": 26.215999603271484,
            "isdiffpos": "t",
            "ssdistnr": -999.0,
            "ssnamenr": "null",
            "drb": null
        },
        {
            "candid": 914193731615015019,
            "jd": 2458668.6937384,
            "ra": 200.4763007,
            "dec": 32.4220257,
            "fid": 1,
            "nid": 914,
            "magpsf": 19.0851993560791,
            "sigmapsf": 0.09640400111675262,
            "magnr": 17.94499969482422,
            "sigmagnr": 0.09399999678134918,
            "magzpsci": 26.16320037841797,
            "isdiffpos": "t",
            "ssdistnr": -999.0,
            "ssnamenr": "null",
            "drb": null
        },
        {
            "candid": 916177742915015019,
            "jd": 2458670.6777431,
            "ra": 200.4763413,
            "dec": 32.4220293,
            "fid": 2,
            "nid": 916,
            "magpsf": 18.648099899291992,
            "sigmapsf": 0.08163200318813324,
            "magnr": 17.733999252319336,
            "sigmagnr": 0.09300000220537186,
            "magzpsci": 26.171100616455078,
            "isdiffpos": "t",
            "ssdistnr": -999.0,
            "ssnamenr": "null",
            "drb": null
        },
        {
            "candid": 916193792915015010,
            "jd": 2458670.6937963,
            "ra": 200.4763602,
            "dec": 32.4219975,
            "fid": 1,
            "nid": 916,
            "magpsf": 18.844999313354492,
            "sigmapsf": 0.1009880006313324,
            "magnr": 17.979999542236328,
            "sigmagnr": 0.09300000220537186,
            "magzpsci": 26.19300079345703,
            "isdiffpos": "t",
            "ssdistnr": -999.0,
            "ssnamenr": "null",
            "drb": null
        },
        {
            "candid": 917202561615015033,
            "jd": 2458671.7025694,
            "ra": 200.4762301,
            "dec": 32.4220342,
            "fid": 2,
            "nid": 917,
            "magpsf": 18.54170036315918,
            "sigmapsf": 0.10749299824237823,
            "magnr": 17.660999298095703,
            "sigmagnr": 0.08799999952316284,
            "magzpsci": 26.09670066833496,
            "isdiffpos": "t",
            "ssdistnr": -999.0,
            "ssnamenr": "null",
            "drb": null
        },
        {
            "candid": 919177182915015019,
            "jd": 2458673.6771875,
            "ra": 200.4763071,
            "dec": 32.4220336,
            "fid": 1,
            "nid": 919,
            "magpsf": 18.71980094909668,
            "sigmapsf": 0.07615400105714798,
            "magnr": 17.979999542236328,
            "sigmagnr": 0.09300000220537186,
            "magzpsci": 26.2268009185791,
            "isdiffpos": "t",
            "ssdistnr": -999.0,
            "ssnamenr": "null",
            "drb": null
        },
        {
            "candid": 920200691615015008,
            "jd": 2458674.7006944,
            "ra": 200.47632,
            "dec": 32.422054,
            "fid": 1,
            "nid": 920,
            "magpsf": 18.80419921875,
            "sigmapsf": 0.1155640035867691,
            "magnr": 17.94499969482422,
            "sigmagnr": 0.09399999678134918,
            "magzpsci": 26.15220069885254,
            "isdiffpos": "t",
            "ssdistnr": -999.0,
            "ssnamenr": "null",
            "drb": null
        },
        {
            "candid": 920218871615015016,
            "jd": 2458674.7188773,
            "ra": 200.4763336,
            "dec": 32.4220709,
            "fid": 2,
            "nid": 920,
            "magpsf": 18.426599502563477,
            "sigmapsf": 0.0701339989900589,
            "magnr": 17.660999298095703,
            "sigmagnr": 0.08799999952316284,
            "magzpsci": 26.128599166870117,
            "isdiffpos": "t",
            "ssdistnr": -999.0,
            "ssnamenr": "null",
            "drb": null
        },
        {
            "candid": 922186062915015026,
            "jd": 2458676.6860648,
            "ra": 200.4763405,
            "dec": 32.4220284,
            "fid": 1,
            "nid": 922,
            "magpsf": 18.69300079345703,
            "sigmapsf": 0.12499500066041946,
            "magnr": 17.979999542236328,
            "sigmagnr": 0.09300000220537186,
            "magzpsci": 26.18899917602539,
            "isdiffpos": "t",
            "ssdistnr": -999.0,
            "ssnamenr": "null",
            "drb": null
        },
        {
            "candid": 922206752915015016,
            "jd": 2458676.7067593,
            "ra": 200.4763364,
            "dec": 32.4219899,
            "fid": 2,
            "nid": 922,
            "magpsf": 18.378799438476562,
            "sigmapsf": 0.10127700120210648,
            "magnr": 17.733999252319336,
            "sigmagnr": 0.09300000220537186,
            "magzpsci": 26.1648006439209,
            "isdiffpos": "t",
            "ssdistnr": -999.0,
            "ssnamenr": "null",
            "drb": null
        },
        {
            "candid": 923182921615015008,
            "jd": 2458677.6829282,
            "ra": 200.4762931,
            "dec": 32.4220185,
            "fid": 1,
            "nid": 923,
            "magpsf": 18.952800750732422,
            "sigmapsf": 0.14645299315452576,
            "magnr": 17.94499969482422,
            "sigmagnr": 0.09399999678134918,
            "magzpsci": 26.157800674438477,
            "isdiffpos": "t",
            "ssdistnr": -999.0,
            "ssnamenr": "null",
            "drb": null
        },
        {
            "candid": 923195781615015011,
            "jd": 2458677.695787,
            "ra": 200.4763454,
            "dec": 32.4220698,
            "fid": 2,
            "nid": 923,
            "magpsf": 18.43950080871582,
            "sigmapsf": 0.07537800073623657,
            "magnr": 17.660999298095703,
            "sigmagnr": 0.08799999952316284,
            "magzpsci": 26.120500564575195,
            "isdiffpos": "t",
            "ssdistnr": -999.0,
            "ssnamenr": "null",
            "drb": null
        },
        {
            "candid": 925177632915015005,
            "jd": 2458679.6776389,
            "ra": 200.476309,
            "dec": 32.4220284,
            "fid": 1,
            "nid": 925,
            "magpsf": 18.92140007019043,
            "sigmapsf": 0.11047299951314926,
            "magnr": 17.979999542236328,
            "sigmagnr": 0.09300000220537186,
            "magzpsci": 26.2283992767334,
            "isdiffpos": "t",
            "ssdistnr": -999.0,
            "ssnamenr": "null",
            "drb": null
        },
        {
            "candid": 925206072915015013,
            "jd": 2458679.7060764,
            "ra": 200.4763634,
            "dec": 32.4220001,
            "fid": 2,
            "nid": 925,
            "magpsf": 18.326400756835938,
            "sigmapsf": 0.07394599914550781,
            "magnr": 17.733999252319336,
            "sigmagnr": 0.09300000220537186,
            "magzpsci": 26.18939971923828,
            "isdiffpos": "t",
            "ssdistnr": -999.0,
            "ssnamenr": "null",
            "drb": null
        },
        {
            "candid": 926176111615015008,
            "jd": 2458680.6761111,
            "ra": 200.4761702,
            "dec": 32.4218675,
            "fid": 1,
            "nid": 926,
            "magpsf": 18.761999130249023,
            "sigmapsf": 0.20122599601745605,
            "magnr": 17.94499969482422,
            "sigmagnr": 0.09399999678134918,
            "magzpsci": 26.158000946044922,
            "isdiffpos": "t",
            "ssdistnr": -999.0,
            "ssnamenr": "null",
            "drb": null
        },
        {
            "candid": 926241431615015005,
            "jd": 2458680.7414352,
            "ra": 200.4763485,
            "dec": 32.4220416,
            "fid": 2,
            "nid": 926,
            "magpsf": 18.373300552368164,
            "sigmapsf": 0.08897999674081802,
            "magnr": 17.660999298095703,
            "sigmagnr": 0.08799999952316284,
            "magzpsci": 26.110300064086914,
            "isdiffpos": "t",
            "ssdistnr": -999.0,
            "ssnamenr": "null",
            "drb": null
        },
        {
            "candid": 928170162915015005,
            "jd": 2458682.670162,
            "ra": 200.4763069,
            "dec": 32.4220349,
            "fid": 1,
            "nid": 928,
            "magpsf": 18.976299285888672,
            "sigmapsf": 0.1156810000538826,
            "magnr": 17.979999542236328,
            "sigmagnr": 0.09300000220537186,
            "magzpsci": 26.224300384521484,
            "isdiffpos": "t",
            "ssdistnr": -999.0,
            "ssnamenr": "null",
            "drb": null
        },
        {
            "candid": 928250122915015004,
            "jd": 2458682.7501273,
            "ra": 200.476299,
            "dec": 32.4220286,
            "fid": 2,
            "nid": 928,
            "magpsf": 18.30470085144043,
            "sigmapsf": 0.07917699962854385,
            "magnr": 17.733999252319336,
            "sigmagnr": 0.09300000220537186,
            "magzpsci": 26.11870002746582,
            "isdiffpos": "t",
            "ssdistnr": -999.0,
            "ssnamenr": "null",
            "drb": null
        },
        {
            "candid": 929173341615015020,
            "jd": 2458683.6733449,
            "ra": 200.4763039,
            "dec": 32.4220126,
            "fid": 1,
            "nid": 929,
            "magpsf": 19.305700302124023,
            "sigmapsf": 0.1625639945268631,
            "magnr": 17.94499969482422,
            "sigmagnr": 0.09399999678134918,
            "magzpsci": 26.154699325561523,
            "isdiffpos": "t",
            "ssdistnr": -999.0,
            "ssnamenr": "null",
            "drb": null
        },
        {
            "candid": 931183782915015012,
            "jd": 2458685.6837847,
            "ra": 200.4763442,
            "dec": 32.4219953,
            "fid": 1,
            "nid": 931,
            "magpsf": 19.02050018310547,
            "sigmapsf": 0.12870599329471588,
            "magnr": 17.979999542236328,
            "sigmagnr": 0.09300000220537186,
            "magzpsci": 26.167499542236328,
            "isdiffpos": "t",
            "ssdistnr": -999.0,
            "ssnamenr": "null",
            "drb": null
        },
        {
            "candid": 932179211615015023,
            "jd": 2458686.679213,
            "ra": 200.4763089,
            "dec": 32.4220223,
            "fid": 1,
            "nid": 932,
            "magpsf": 19.470699310302734,
            "sigmapsf": 0.1449189931154251,
            "magnr": 17.94499969482422,
            "sigmagnr": 0.09399999678134918,
            "magzpsci": 26.106700897216797,
            "isdiffpos": "t",
            "ssdistnr": -999.0,
            "ssnamenr": "null",
            "drb": null
        },
        {
            "candid": 936198421615015010,
            "jd": 2458690.6984259,
            "ra": 200.476317,
            "dec": 32.4219859,
            "fid": 1,
            "nid": 936,
            "magpsf": 19.84149932861328,
            "sigmapsf": 0.18602299690246582,
            "magnr": 17.94499969482422,
            "sigmagnr": 0.09399999678134918,
            "magzpsci": 25.957500457763672,
            "isdiffpos": "t",
            "ssdistnr": -999.0,
            "ssnamenr": "null",
            "drb": null
        },
        {
            "candid": 938187532915015025,
            "jd": 2458692.6875347,
            "ra": 200.4763972,
            "dec": 32.4220627,
            "fid": 2,
            "nid": 938,
            "magpsf": 18.75349998474121,
            "sigmapsf": 0.10921800136566162,
            "magnr": 17.733999252319336,
            "sigmagnr": 0.09300000220537186,
            "magzpsci": 25.66550064086914,
            "isdiffpos": "t",
            "ssdistnr": -999.0,
            "ssnamenr": "null",
            "drb": null
        },
        {
            "jd": 2458633.74483,
            "fid": 1,
            "diffmaglim": 20.784000396728516
        },
        {
            "jd": 2458633.76117,
            "fid": 1,
            "diffmaglim": 20.78700065612793
        },
        {
            "jd": 2458636.72163,
            "fid": 2,
            "diffmaglim": 20.795000076293945
        },
        {
            "jd": 2458636.72209,
            "fid": 2,
            "diffmaglim": 20.416000366210938
        },
        {
            "jd": 2458636.7569,
            "fid": 1,
            "diffmaglim": 20.864999771118164
        },
        {
            "jd": 2458636.75736,
            "fid": 1,
            "diffmaglim": 21.035999298095703
        },
        {
            "jd": 2458639.6805,
            "fid": 2,
            "diffmaglim": 20.64699935913086
        },
        {
            "jd": 2458639.73824,
            "fid": 1,
            "diffmaglim": 20.886999130249023
        },
        {
            "jd": 2458639.7387,
            "fid": 1,
            "diffmaglim": 20.913000106811523
        },
        {
            "jd": 2458642.70068,
            "fid": 1,
            "diffmaglim": 20.56599998474121
        },
        {
            "jd": 2458642.70113,
            "fid": 1,
            "diffmaglim": 20.729000091552734
        },
        {
            "jd": 2458642.73378,
            "fid": 2,
            "diffmaglim": 20.586000442504883
        },
        {
            "jd": 2458642.73425,
            "fid": 2,
            "diffmaglim": 20.666000366210938
        },
        {
            "jd": 2458645.73565,
            "fid": 1,
            "diffmaglim": 19.871999740600586
        },
        {
            "jd": 2458645.7361,
            "fid": 1,
            "diffmaglim": 19.667999267578125
        },
        {
            "jd": 2458645.77898,
            "fid": 2,
            "diffmaglim": 19.871000289916992
        },
        {
            "jd": 2458648.68332,
            "fid": 1,
            "diffmaglim": 19.530000686645508
        },
        {
            "jd": 2458648.68378,
            "fid": 1,
            "diffmaglim": 19.66699981689453
        },
        {
            "jd": 2458648.69288,
            "fid": 2,
            "diffmaglim": 19.631000518798828
        },
        {
            "jd": 2458648.71344,
            "fid": 2,
            "diffmaglim": 19.684999465942383
        },
        {
            "jd": 2458651.67152,
            "fid": 1,
            "diffmaglim": 19.395000457763672
        },
        {
            "jd": 2458651.67198,
            "fid": 1,
            "diffmaglim": 19.31999969482422
        },
        {
            "jd": 2458651.74808,
            "fid": 2,
            "diffmaglim": 19.576000213623047
        },
        {
            "jd": 2458651.74854,
            "fid": 2,
            "diffmaglim": 19.4950008392334
        },
        {
            "jd": 2458654.69578,
            "fid": 2,
            "diffmaglim": 20.590999603271484
        },
        {
            "jd": 2458654.69624,
            "fid": 2,
            "diffmaglim": 20.722000122070312
        },
        {
            "jd": 2458654.73922,
            "fid": 1,
            "diffmaglim": 20.06999969482422
        },
        {
            "jd": 2458654.75844,
            "fid": 1,
            "diffmaglim": 19.836999893188477
        },
        {
            "jd": 2458657.69549,
            "fid": 1,
            "diffmaglim": 20.797000885009766
        },
        {
            "jd": 2458657.69595,
            "fid": 1,
            "diffmaglim": 20.72800064086914
        },
        {
            "jd": 2458657.7689,
            "fid": 2,
            "diffmaglim": 20.389999389648438
        },
        {
            "jd": 2458657.76936,
            "fid": 2,
            "diffmaglim": 20.190000534057617
        },
        {
            "jd": 2458660.72135,
            "fid": 2,
            "diffmaglim": 20.6299991607666
        },
        {
            "jd": 2458660.72182,
            "fid": 2,
            "diffmaglim": 20.738000869750977
        },
        {
            "jd": 2458665.7687,
            "fid": 2,
            "diffmaglim": 20.51099967956543
        },
        {
            "jd": 2458673.69381,
            "fid": 2,
            "diffmaglim": 20.46500015258789
        },
        {
            "jd": 2458690.67448,
            "fid": 2,
            "diffmaglim": 20.31399917602539
        }
    ],
    "forcedphot": []
}