{
    "objectId": "ZTF19abcegvm",
    "candidates": [
        {
            "candid": 908439766315015023,
            "jd": 2458662.9397685,
            "ra": 337.5847016,
            "dec": -14.8678611,
            "fid": 1,
            "nid": 908,
            "magpsf": 19.369400024414062,
            "sigmapsf": 0.09785199910402298,
            "magnr": 19.381000518798828,
            "sigmagnr": 0.028999999165534973,
            "magzpsci": 26.106399536132812,
            "isdiffpos": "t",
            "ssdistnr": -999.0,
            "ssnamenr": "null",
            "drb": null
        },
        {
            "candid": 908467366315015023,
            "jd": 2458662.9673611,
            "ra": 337.5846921,
            "dec": -14.8678726,
            "fid": 2,
            "nid": 908,
            "magpsf": 19.402799606323242,
            "sigmapsf": 0.13114400207996368,
            "magnr": 18.676000595092773,
            "sigmagnr": 0.029999999329447746,
            "magzpsci": 26.053800582885742,
            "isdiffpos": "t",
            "ssdistnr": -999.0,
            "ssnamenr": "null",
            "drb": null
        },
        {
            "candid": 913438776315015015,
            "jd": 2458667.9387731,
            "ra": 337.5846914,
            "dec": -14.8678453,
            "fid": 1,
            "nid": 913,
            "magpsf": 18.941699981689453,
            "sigmapsf": 0.09380099922418594,
            "magnr": 19.381000518798828,
            "sigmagnr": 0.028999999165534973,
            "magzpsci": 26.11669921875,
            "isdiffpos": "t",
            "ssdistnr": -999.0,
            "ssnamenr": "null",
            "drb": null
        },
        {
            "candid": 913462036315015017,
            "jd": 2458667.962037,
            "ra": 337.5846679,
            "dec": -14.867834,
            "fid": 2,
            "nid": 913,
            "magpsf": 18.966899871826172,
            "sigmapsf": 0.08639299869537354,
            "magnr": 18.676000595092773,
            "sigmagnr": 0.029999999329447746,
            "magzpsci": 26.05389976501465,
            "isdiffpos": "t",
            "ssdistnr": -999.0,
            "ssnamenr": "null",
            "drb": null
        },
        {
            "candid": 916434986315015048,
            "jd": 2458670.9349884,
            "ra": 337.584682,
            "dec": -14.8678324,
            "fid": 1,
            "nid": 916,
            "magpsf": 18.80940055847168,
            "sigmapsf": 0.0758339986205101,
            "magnr": 19.381000518798828,
            "sigmagnr": 0.028999999165534973,
            "magzpsci": 26.07939910888672,
            "isdiffpos": "t",
            "ssdistnr": -999.0,
            "ssnamenr": "null",
            "drb": null
        },
        {
            "candid": 916461186315015030,
            "jd": 2458670.9611806,
            "ra": 337.584685,
            "dec": -14.8678508,
            "fid": 2,
            "nid": 916,
            "magpsf": 18.811800003051758,
            "sigmapsf": 0.10595700144767761,
            "magnr": 18.676000595092773,
            "sigmagnr": 0.029999999329447746,
            "magzpsci": 26.061800003051758,
            "isdiffpos": "t",
            "ssdistnr": -999.0,
            "ssnamenr": "null",
            "drb": null
        },
        {
            "candid": 919444786315015023,
            "jd": 2458673.9447801,
            "ra": 337.5846678,
            "dec": -14.867848,
            "fid": 2,
            "nid": 919,
            "magpsf": 18.59429931640625,
            "sigmapsf": 0.06698700040578842,
            "magnr": 18.676000595092773,
            "sigmagnr": 0.029999999329447746,
            "magzpsci": 26.051300048828125,
            "isdiffpos": "t",
            "ssdistnr": -999.0,
            "ssnamenr": "null",
            "drb": null
        },
        {
            "candid": 922423636315015011,
            "jd": 2458676.9236343,
            "ra": 337.5846757,
            "dec": -14.8678176,
            "fid": 1,
            "nid": 922,
            "magpsf": 18.59589958190918,
            "sigmapsf": 0.07457000017166138,
            "magnr": 19.381000518798828,
            "sigmagnr": 0.028999999165534973,
            "magzpsci": 26.04990005493164,
            "isdiffpos": "t",
            "ssdistnr": -999.0,
            "ssnamenr": "null",
            "drb": null
        },
        {
            "candid": 927418696315015008,
            "jd": 2458681.9186921,
            "ra": 337.5847522,
            "dec": -14.8678505,
            "fid": 2,
            "nid": 927,
            "magpsf": 18.331100463867188,
            "sigmapsf": 0.08872099965810776,
            "magnr": 18.676000595092773,
            "sigmagnr": 0.029999999329447746,
            "magzpsci": 26.057100296020508,
            "isdiffpos": "t",
            "ssdistnr": -999.0,
            "ssnamenr": "null",
            "drb": null
        },
        {
            "candid": 936398646315015027,
            "jd": 2458690.8986458,
            "ra": 337.5846757,
            "dec": -14.8678599,
            "fid": 2,
            "nid": 936,
            "magpsf": 18.31410026550293,
            "sigmapsf": 0.061788998544216156,
            "magnr": 18.676000595092773,
            "sigmagnr": 0.029999999329447746,
            "magzpsci": 25.947099685668945,
            "isdiffpos": "t",
            "ssdistnr": -999.0,
            "ssnamenr": "null",
            "drb": null
        },
        {
            "candid": 936457956315015016,
            "jd": 2458690.9579514,
            "ra": 337.5846849,
            "dec": -14.8678416,
            "fid": 1,
            "nid": 936,
            "magpsf": 18.594999313354492,
            "sigmapsf": 0.06862600147724152,
            "magnr": 19.381000518798828,
            "sigmagnr": 0.028999999165534973,
            "magzpsci": 25.954999923706055,
            "isdiffpos": "t",
            "ssdistnr": -999.0,
            "ssnamenr": "null",
            "drb": null
        },
        {
            "candid": 940355166315015019,
            "jd": 2458694.855162,
            "ra": 337.5846905,
            "dec": -14.867857,
            "fid": 2,
            "nid": 940,
            "magpsf": 18.29010009765625,
            "sigmapsf": 0.07467900216579437,
            "magnr": 18.676000595092773,
            "sigmagnr": 0.029999999329447746,
            "magzpsci": 26.017099380493164,
            "isdiffpos": "t",
            "ssdistnr": -999.0,
            "ssnamenr": "null",
            "drb": null
        },
        {
            "candid": 940431896315015046,
            "jd": 2458694.9318981,
            "ra": 337.5846892,
            "dec": -14.8678588,
            "fid": 1,
            "nid": 940,
            "magpsf": 18.59830093383789,
            "sigmapsf": 0.07484500110149384,
            "magnr": 19.381000518798828,
            "sigmagnr": 0.028999999165534973,
            "magzpsci": 26.105300903320312,
            "isdiffpos": "t",
            "ssdistnr": -999.0,
            "ssnamenr": "null",
            "drb": null
        },
        {
            "candid": 944414876315015032,
            "jd": 2458698.9148727,
            "ra": 337.5846896,
            "dec": -14.8678687,
            "fid": 2,
            "nid": 944,
            "magpsf": 18.248600006103516,
            "sigmapsf": 0.07859700173139572,
            "magnr": 18.676000595092773,
            "sigmagnr": 0.029999999329447746,
            "magzpsci": 25.970600128173828,
            "isdiffpos": "t",
            "ssdistnr": -999.0,
            "ssnamenr": "null",
            "drb": null
        },
        {
            "candid": 947370656315015023,
            "jd": 2458701.8706597,
            "ra": 337.584693,
            "dec": -14.8678492,
            "fid": 1,
            "nid": 947,
            "magpsf": 18.63129997253418,
            "sigmapsf": 0.07488100230693817,
            "magnr": 19.381000518798828,
            "sigmagnr": 0.028999999165534973,
            "magzpsci": 26.021299362182617,
            "isdiffpos": "t",
            "ssdistnr": -999.0,
            "ssnamenr": "null",
            "drb": null
        },
        {
            "candid": 947379936315015037,
            "jd": 2458701.8799306,
            "ra": 337.584691,
            "dec": -14.8678654,
            "fid": 2,
            "nid": 947,
            "magpsf": 18.19339942932129,
            "sigmapsf": 0.06391199678182602,
            "magnr": 18.676000595092773,
            "sigmagnr": 0.029999999329447746,
            "magzpsci": 25.971399307250977,
            "isdiffpos": "t",
            "ssdistnr": -999.0,
            "ssnamenr": "null",
            "drb": null
        },
        {
            "candid": 950500926315015023,
            "jd": 2458705.0009259,
            "ra": 337.584679,
            "dec": -14.8678262,
            "fid": 2,
            "nid": 950,
            "magpsf": 18.22260093688965,
            "sigmapsf": 0.08862599730491638,
            "magnr": 18.676000595092773,
            "sigmagnr": 0.029999999329447746,
            "magzpsci": 25.968599319458008,
            "isdiffpos": "t",
            "ssdistnr": 14.0,
            "ssnamenr": "516721",
            "drb": null
        },
        {
            "candid": 953397636315015014,
            "jd": 2458707.8976389,
            "ra": 337.5846575,
            "dec": -14.8678386,
            "fid": 1,
            "nid": 953,
            "magpsf": 18.72209930419922,
            "sigmapsf": 0.1114950031042099,
            "magnr": 19.381000518798828,
            "sigmagnr": 0.028999999165534973,
            "magzpsci": 26.103099822998047,
            "isdiffpos": "t",
            "ssdistnr": -999.0,
            "ssnamenr": "null",
            "drb": null
        },
        {
            "candid": 959355456315015010,
            "jd": 2458713.8554514,
            "ra": 337.5846884,
            "dec": -14.8678558,
            "fid": 2,
            "nid": 959,
            "magpsf": 18.163299560546875,
            "sigmapsf": 0.10452300310134888,
            "magnr": 18.676000595092773,
            "sigmagnr": 0.029999999329447746,
            "magzpsci": 26.03529930114746,
            "isdiffpos": "t",
            "ssdistnr": -999.0,
            "ssnamenr": "null",
            "drb": 0.999800980091095
        },
        {
            "candid": 959440126315015009,
            "jd": 2458713.9401273,
            "ra": 337.5847601,
            "dec": -14.8679242,
            "fid": 1,
            "nid": 959,
            "magpsf": 18.73509979248047,
            "sigmapsf": 0.21361300349235535,
            "magnr": 19.381000518798828,
            "sigmagnr": 0.028999999165534973,
            "magzpsci": 26.025100708007812,
            "isdiffpos": "t",
            "ssdistnr": -999.0,
            "ssnamenr": "-999.0",
            "drb": null
        },
        {
            "candid": 963331566315015026,
            "jd": 2458717.8315625,
            "ra": 337.584676,
            "dec": -14.867858,
            "fid": 2,
            "nid": 963,
            "magpsf": 18.18320083618164,
            "sigmapsf": 0.06810300052165985,
            "magnr": 18.676000595092773,
            "sigmagnr": 0.029999999329447746,
            "magzpsci": 26.028200149536133,
            "isdiffpos": "t",
            "ssdistnr": -999.0,
            "ssnamenr": "null",
            "drb": 1.0
        },
        {
            "candid": 963398146315015020,
            "jd": 2458717.8981481,
            "ra": 337.584668,
            "dec": -14.8678502,
            "fid": 1,
            "nid": 963,
            "magpsf": 18.811599731445312,
            "sigmapsf": 0.12825100123882294,
            "magnr": 19.381000518798828,
            "sigmagnr": 0.028999999165534973,
            "magzpsci": 26.04360008239746,
            "isdiffpos": "t",
            "ssdistnr": -999.0,
            "ssnamenr": "null",
            "drb": 0.9999579787254333
        },
        {
            "candid": 966376706315015022,
            "jd": 2458720.8767014,
            "ra": 337.5846708,
            "dec": -14.8678273,
            "fid": 2,
            "nid": 966,
            "magpsf": 18.16189956665039,
            "sigmapsf": 0.07282599806785583,
            "magnr": 18.676000595092773,
            "sigmagnr": 0.029999999329447746,
            "magzpsci": 25.920900344848633,
            "isdiffpos": "t",
            "ssdistnr": -999.0,
            "ssnamenr": "null",
            "drb": 1.0
        },
        {
            "candid": 966397976315015014,
            "jd": 2458720.8979745,
            "ra": 337.5847003,
            "dec": -14.8678394,
            "fid": 1,
            "nid": 966,
            "magpsf": 18.772899627685547,
            "sigmapsf": 0.11047500371932983,
            "magnr": 19.381000518798828,
            "sigmagnr": 0.028999999165534973,
            "magzpsci": 25.960899353027344,
            "isdiffpos": "t",
            "ssdistnr": -999.0,
            "ssnamenr": "null",
            "drb": 0.9999949932098389
        },
        {
            "candid": 972313936315015030,
            "jd": 2458726.8139352,
            "ra": 337.5846652,
            "dec": -14.8678832,
            "fid": 2,
            "nid": 972,
            "magpsf": 18.30139923095703,
            "sigmapsf": 0.06001399829983711,
            "magnr": 18.676000595092773,
            "sigmagnr": 0.029999999329447746,
            "magzpsci": 26.008399963378906,
            "isdiffpos": "t",
            "ssdistnr": -999.0,
            "ssnamenr": "null",
            "drb": 1.0
        },
        {
            "candid": 978380686315015025,
            "jd": 2458732.8806829,
            "ra": 337.5846765,
            "dec": -14.8678532,
            "fid": 1,
            "nid": 978,
            "magpsf": 18.964799880981445,
            "sigmapsf": 0.10032700002193451,
            "magnr": 19.381000518798828,
            "sigmagnr": 0.028999999165534973,
            "magzpsci": 26.00079917907715,
            "isdiffpos": "t",
            "ssdistnr": -999.0,
            "ssnamenr": "null",
            "drb": 0.9999430179595947
        },
        {
            "candid": 981313366315015010,
            "jd": 2458735.8133681,
            "ra": 337.5846957,
            "dec": -14.8678651,
            "fid": 2,
            "nid": 981,
            "magpsf": 18.41550064086914,
            "sigmapsf": 0.09764300286769867,
            "magnr": 18.676000595092773,
            "sigmagnr": 0.029999999329447746,
            "magzpsci": 26.01449966430664,
            "isdiffpos": "t",
            "ssdistnr": -999.0,
            "ssnamenr": "null",
            "drb": 1.0
        },
        {
            "candid": 987204516315015006,
            "jd": 2458741.7045139,
            "ra": 337.5847267,
            "dec": -14.8677775,
            "fid": 1,
            "nid": 987,
            "magpsf": 18.956600189208984,
            "sigmapsf": 0.20411300659179688,
            "magnr": 19.381000518798828,
            "sigmagnr": 0.028999999165534973,
            "magzpsci": 25.978599548339844,
            "isdiffpos": "t",
            "ssdistnr": -999.0,
            "ssnamenr": "null",
            "drb": 0.9952419996261597
        },
        {
            "candid": 990356806315015019,
            "jd": 2458744.8568056,
            "ra": 337.5847229,
            "dec": -14.8678663,
            "fid": 2,
            "nid": 990,
            "magpsf": 18.4281005859375,
            "sigmapsf": 0.08828999847173691,
            "magnr": 18.676000595092773,
            "sigmagnr": 0.029999999329447746,
            "magzpsci": 25.980100631713867,
            "isdiffpos": "t",
            "ssdistnr": -999.0,
            "ssnamenr": "null",
            "drb": 1.0
        },
        {
            "candid": 993293486315015017,
            "jd": 2458747.7934838,
            "ra": 337.5846774,
            "dec": -14.8678167,
            "fid": 1,
            "nid": 993,
            "magpsf": 19.300399780273438,
            "sigmapsf": 0.1597139984369278,
            "magnr": 19.381000518798828,
            "sigmagnr": 0.028999999165534973,
            "magzpsci": 26.01740074157715,
            "isdiffpos": "t",
            "ssdistnr": -999.0,
            "ssnamenr": "-999.0",
            "drb": null
        },
        {
            "candid": 996273416315015024,
            "jd": 2458750.7734144,
            "ra": 337.5846669,
            "dec": -14.8678227,
            "fid": 2,
            "nid": 996,
            "magpsf": 18.532100677490234,
            "sigmapsf": 0.10298699885606766,
            "magnr": 18.676000595092773,
            "sigmagnr": 0.029999999329447746,
            "magzpsci": 25.938100814819336,
            "isdiffpos": "t",
            "ssdistnr": -999.0,
            "ssnamenr": "null",
            "drb": 0.9999970197677612
        },
        {
            "candid": 1004272956315015021,
            "jd": 2458758.7729514,
            "ra": 337.5846855,
            "dec": -14.8678591,
            "fid": 2,
            "nid": 1004,
            "magpsf": 18.71150016784668,
            "sigmapsf": 0.12307699769735336,
            "magnr": 18.676000595092773,
            "sigmagnr": 0.029999999329447746,
            "magzpsci": 26.01849937438965,
            "isdiffpos": "t",
            "ssdistnr": -999.0,
            "ssnamenr": "null",
            "drb": 0.9999780058860779
        },
        {
            "candid": 1004352886315015014,
            "jd": 2458758.8528819,
            "ra": 337.5846086,
            "dec": -14.8679075,
            "fid": 1,
            "nid": 1004,
            "magpsf": 19.496299743652344,
            "sigmapsf": 0.18326300382614136,
            "magnr": 19.381000518798828,
            "sigmagnr": 0.028999999165534973,
            "magzpsci": 25.91830062866211,
            "isdiffpos": "t",
            "ssdistnr": -999.0,
            "ssnamenr": "null",
            "drb": 0.9974899888038635
        },
        {
            "candid": 1007272686315015014,
            "jd": 2458761.7726852,
            "ra": 337.5847128,
            "dec": -14.8677855,
            "fid": 1,
            "nid": 1007,
            "magpsf": 19.614299774169922,
            "sigmapsf": 0.19551099836826324,
            "magnr": 19.381000518798828,
            "sigmagnr": 0.028999999165534973,
            "magzpsci": 26.05229949951172,
            "isdiffpos": "t",
            "ssdistnr": -999.0,
            "ssnamenr": "null",
            "drb": 0.9997169971466064
        },
        {
            "candid": 1010186576315015008,
            "jd": 2458764.6865741,
            "ra": 337.5847084,
            "dec": -14.8678117,
            "fid": 2,
            "nid": 1010,
            "magpsf": 18.87459945678711,
            "sigmapsf": 0.13808900117874146,
            "magnr": 18.676000595092773,
            "sigmagnr": 0.029999999329447746,
            "magzpsci": 25.973600387573242,
            "isdiffpos": "t",
            "ssdistnr": -999.0,
            "ssnamenr": "null",
            "drb": 1.0
        },
        {
            "candid": 1010250936315015005,
            "jd": 2458764.7509375,
            "ra": 337.584582,
            "dec": -14.8677868,
            "fid": 1,
            "nid": 1010,
            "magpsf": 19.73349952697754,
            "sigmapsf": 0.2957870066165924,
            "magnr": 19.381000518798828,
            "sigmagnr": 0.028999999165534973,
            "magzpsci": 25.982500076293945,
            "isdiffpos": "t",
            "ssdistnr": -999.0,
            "ssnamenr": "-999.0",
            "drb": null
        },
        {
            "candid": 1014190086315015012,
            "jd": 2458768.690081,
            "ra": 337.5846195,
            "dec": -14.8678422,
            "fid": 2,
            "nid": 1014,
            "magpsf": 18.856399536132812,
            "sigmapsf": 0.20901399850845337,
            "magnr": 18.676000595092773,
            "sigmagnr": 0.029999999329447746,
            "magzpsci": 25.988399505615234,
            "isdiffpos": "t",
            "ssdistnr": -999.0,
            "ssnamenr": "-999.0",
            "drb": null
        },
        {
            "candid": 1021182316315015011,
            "jd": 2458775.6823148,
            "ra": 337.5846937,
            "dec": -14.867787,
            "fid": 1,
            "nid": 1021,
            "magpsf": 19.949399948120117,
            "sigmapsf": 0.18613600730895996,
            "magnr": 19.381000518798828,
            "sigmagnr": 0.028999999165534973,
            "magzpsci": 26.04640007019043,
            "isdiffpos": "t",
            "ssdistnr": -999.0,
            "ssnamenr": "null",
            "drb": 0.9999300241470337
        },
        {
            "candid": 1021189576315015012,
            "jd": 2458775.6895718,
            "ra": 337.5846946,
            "dec": -14.8678668,
            "fid": 2,
            "nid": 1021,
            "magpsf": 19.087400436401367,
            "sigmapsf": 0.11181899905204773,
            "magnr": 18.676000595092773,
            "sigmagnr": 0.029999999329447746,
            "magzpsci": 26.002399444580078,
            "isdiffpos": "t",
            "ssdistnr": -999.0,
            "ssnamenr": "null",
            "drb": 0.9999889731407166
        },
        {
            "candid": 1025183096315015015,
            "jd": 2458779.6830903,
            "ra": 337.5847032,
            "dec": -14.8678295,
            "fid": 1,
            "nid": 1025,
            "magpsf": 20.093399047851562,
            "sigmapsf": 0.19529999792575836,
            "magnr": 19.381000518798828,
            "sigmagnr": 0.028999999165534973,
            "magzpsci": 26.0403995513916,
            "isdiffpos": "t",
            "ssdistnr": -999.0,
            "ssnamenr": "null",
            "drb": 0.9998890161514282
        },
        {
            "candid": 1025220066315015004,
            "jd": 2458779.7200694,
            "ra": 337.5846384,
            "dec": -14.8680141,
            "fid": 2,
            "nid": 1025,
            "magpsf": 19.887100219726562,
            "sigmapsf": 0.1989700049161911,
            "magnr": 18.676000595092773,
            "sigmagnr": 0.029999999329447746,
            "magzpsci": 26.079099655151367,
            "isdiffpos": "t",
            "ssdistnr": -999.0,
            "ssnamenr": "null",
            "drb": 0.980991005897522
        },
        {
            "candid": 1028228256315015011,
            "jd": 2458782.7282523,
            "ra": 337.5846142,
            "dec": -14.8680313,
            "fid": 1,
            "nid": 1028,
            "magpsf": 20.354400634765625,
            "sigmapsf": 0.3437190055847168,
            "magnr": 19.381000518798828,
            "sigmagnr": 0.028999999165534973,
            "magzpsci": 26.05940055847168,
            "isdiffpos": "t",
            "ssdistnr": -999.0,
            "ssnamenr": "-999.0",
            "drb": null
        },
        {
            "candid": 1031247176315015018,
            "jd": 2458785.7471759,
            "ra": 337.584696,
            "dec": -14.8678132,
            "fid": 2,
            "nid": 1031,
            "magpsf": 19.267900466918945,
            "sigmapsf": 0.17069099843502045,
            "magnr": 18.676000595092773,
            "sigmagnr": 0.029999999329447746,
            "magzpsci": 25.978900909423828,
            "isdiffpos": "t",
            "ssdistnr": -999.0,
            "ssnamenr": "null",
            "drb": 0.9999729990959167
        },
        {
            "candid": 1035205126315015013,
            "jd": 2458789.7051273,
            "ra": 337.5846907,
            "dec": -14.8679097,
            "fid": 1,
            "nid": 1035,
            "magpsf": 20.014699935913086,
            "sigmapsf": 0.2406039983034134,
            "magnr": 19.381000518798828,
            "sigmagnr": 0.028999999165534973,
            "magzpsci": 26.05470085144043,
            "isdiffpos": "t",
            "ssdistnr": -999.0,
            "ssnamenr": "-999.0",
            "drb": null
        },
        {
            "candid": 1035226376315015009,
            "jd": 2458789.7263773,
            "ra": 337.5847034,
            "dec": -14.8678161,
            "fid": 2,
            "nid": 1035,
            "magpsf": 19.220600128173828,
            "sigmapsf": 0.1589840054512024,
            "magnr": 18.676000595092773,
            "sigmagnr": 0.029999999329447746,
            "magzpsci": 25.994600296020508,
            "isdiffpos": "t",
            "ssdistnr": -999.0,
            "ssnamenr": "null",
            "drb": 0.9999970197677612
        },
        {
            "jd": 2458646.94038,
            "fid": 1,
            "diffmaglim": 20.325000762939453
        },
        {
            "jd": 2458654.942,
            "fid": 2,
            "diffmaglim": 19.066999435424805
        },
        {
            "jd": 2458654.96885,
            "fid": 1,
            "diffmaglim": 18.56599998474121
        },
        {
            "jd": 2458686.98057,
            "fid": 1,
            "diffmaglim": 18.325000762939453
        },
        {
            "jd": 2458772.68367,
            "fid": 1,
            "diffmaglim": 19.375999450683594
        }
    ],
    "forcedphot": []
}