{
    "objectId": "ZTF19acyogrm",
    "candidates": [
        {
            "candid": 1077098722015015015,
            "jd": 2458831.5987269,
            "ra": 40.997677,
            "dec": 32.5282161,
            "fid": 2,
            "nid": 1077,
            "magpsf": 20.417699813842773,
            "sigmapsf": 0.32617899775505066,
            "magnr": 20.347999572753906,
            "sigmagnr": 0.14399999380111694,
            "magzpsci": 26.31170082092285,
            "isdiffpos": "t",
            "ssdistnr": -999.0,
            "ssnamenr": "-999.0",
            "drb": null
        },
        {
            "candid": 1079183372015015019,
            "jd": 2458833.6833796,
            "ra": 40.997722,
            "dec": 32.528338,
            "fid": 1,
            "nid": 1079,
            "magpsf": 19.941999435424805,
            "sigmapsf": 0.1704069972038269,
            "magnr": 21.110000610351562,
            "sigmagnr": 0.17100000381469727,
            "magzpsci": 26.327999114990234,
            "isdiffpos": "t",
            "ssdistnr": -999.0,
            "ssnamenr": "null",
            "drb": 0.9997619986534119
        },
        {
            "candid": 1079212672015015012,
            "jd": 2458833.7126736,
            "ra": 40.9978277,
            "dec": 32.5282964,
            "fid": 2,
            "nid": 1079,
            "magpsf": 19.19260025024414,
            "sigmapsf": 0.12890000641345978,
            "magnr": 20.347999572753906,
            "sigmagnr": 0.14399999380111694,
            "magzpsci": 26.263599395751953,
            "isdiffpos": "t",
            "ssdistnr": -999.0,
            "ssnamenr": "null",
            "drb": 0.9987990260124207
        },
        {
            "candid": 1079283782015015009,
            "jd": 2458833.7837847,
            "ra": 40.997868,
            "dec": 32.528262,
            "fid": 2,
            "nid": 1079,
            "magpsf": 19.041500091552734,
            "sigmapsf": 0.11480800062417984,
            "magnr": 20.347999572753906,
            "sigmagnr": 0.14399999380111694,
            "magzpsci": 26.313499450683594,
            "isdiffpos": "t",
            "ssdistnr": -999.0,
            "ssnamenr": "null",
            "drb": 0.9999949932098389
        },
        {
            "candid": 1082099652015015070,
            "jd": 2458836.5996528,
            "ra": 40.9978476,
            "dec": 32.5282812,
            "fid": 2,
            "nid": 1082,
            "magpsf": 18.338899612426758,
            "sigmapsf": 0.043970998376607895,
            "magnr": 20.347999572753906,
            "sigmagnr": 0.14399999380111694,
            "magzpsci": 26.29789924621582,
            "isdiffpos": "t",
            "ssdistnr": -999.0,
            "ssnamenr": "null",
            "drb": 0.9999989867210388
        },
        {
            "candid": 1082133242015015042,
            "jd": 2458836.6332407,
            "ra": 40.9978045,
            "dec": 32.5282903,
            "fid": 1,
            "nid": 1082,
            "magpsf": 19.163999557495117,
            "sigmapsf": 0.06955999881029129,
            "magnr": 21.110000610351562,
            "sigmagnr": 0.17100000381469727,
            "magzpsci": 26.315000534057617,
            "isdiffpos": "t",
            "ssdistnr": -999.0,
            "ssnamenr": "null",
            "drb": 0.9999979734420776
        },
        {
            "candid": 1085130982015015120,
            "jd": 2458839.6309838,
            "ra": 40.9977575,
            "dec": 32.528237,
            "fid": 1,
            "nid": 1085,
            "magpsf": 18.949499130249023,
            "sigmapsf": 0.2177319973707199,
            "magnr": 21.110000610351562,
            "sigmagnr": 0.17100000381469727,
            "magzpsci": 25.059499740600586,
            "isdiffpos": "t",
            "ssdistnr": -999.0,
            "ssnamenr": "-999.0",
            "drb": null
        },
        {
            "candid": 1092133752015015030,
            "jd": 2458846.63375,
            "ra": 40.9978321,
            "dec": 32.528308,
            "fid": 2,
            "nid": 1092,
            "magpsf": 17.73310089111328,
            "sigmapsf": 0.03212599828839302,
            "magnr": 20.347999572753906,
            "sigmagnr": 0.14399999380111694,
            "magzpsci": 26.313100814819336,
            "isdiffpos": "t",
            "ssdistnr": -999.0,
            "ssnamenr": "null",
            "drb": 0.9999989867210388
        },
        {
            "candid": 1092217762015015045,
            "jd": 2458846.7177662,
            "ra": 40.9977899,
            "dec": 32.5282609,
            "fid": 1,
            "nid": 1092,
            "magpsf": 19.013999938964844,
            "sigmapsf": 0.06262499839067459,
            "magnr": 21.110000610351562,
            "sigmagnr": 0.17100000381469727,
            "magzpsci": 26.333999633789062,
            "isdiffpos": "t",
            "ssdistnr": -999.0,
            "ssnamenr": "null",
            "drb": 0.9999409914016724
        },
        {
            "candid": 1095099202015015018,
            "jd": 2458849.5992014,
            "ra": 40.9978393,
            "dec": 32.5283289,
            "fid": 1,
            "nid": 1095,
            "magpsf": 19.215200424194336,
            "sigmapsf": 0.08027800172567368,
            "magnr": 21.110000610351562,
            "sigmagnr": 0.17100000381469727,
            "magzpsci": 26.318199157714844,
            "isdiffpos": "t",
            "ssdistnr": -999.0,
            "ssnamenr": "null",
            "drb": 0.9999920129776001
        },
        {
            "candid": 1095133702015015033,
            "jd": 2458849.6337037,
            "ra": 40.9978661,
            "dec": 32.5282817,
            "fid": 1,
            "nid": 1095,
            "magpsf": 19.152599334716797,
            "sigmapsf": 0.07778000086545944,
            "magnr": 21.110000610351562,
            "sigmagnr": 0.17100000381469727,
            "magzpsci": 26.322599411010742,
            "isdiffpos": "t",
            "ssdistnr": -999.0,
            "ssnamenr": "null",
            "drb": 0.9998210072517395
        },
        {
            "candid": 1095155392015015030,
            "jd": 2458849.6553935,
            "ra": 40.9978613,
            "dec": 32.5283179,
            "fid": 2,
            "nid": 1095,
            "magpsf": 17.797100067138672,
            "sigmapsf": 0.035475000739097595,
            "magnr": 20.347999572753906,
            "sigmagnr": 0.14399999380111694,
            "magzpsci": 26.315099716186523,
            "isdiffpos": "t",
            "ssdistnr": -999.0,
            "ssnamenr": "null",
            "drb": 0.9999989867210388
        },
        {
            "candid": 1095155842015015012,
            "jd": 2458849.6558449,
            "ra": 40.9978648,
            "dec": 32.5283263,
            "fid": 2,
            "nid": 1095,
            "magpsf": 17.774499893188477,
            "sigmapsf": 0.032124001532793045,
            "magnr": 20.347999572753906,
            "sigmagnr": 0.14399999380111694,
            "magzpsci": 26.322500228881836,
            "isdiffpos": "t",
            "ssdistnr": -999.0,
            "ssnamenr": "null",
            "drb": 1.0
        },
        {
            "candid": 1096118352015015177,
            "jd": 2458850.6183565,
            "ra": 40.9978864,
            "dec": 32.528281,
            "fid": 2,
            "nid": 1096,
            "magpsf": 17.877300262451172,
            "sigmapsf": 0.05481399968266487,
            "magnr": 20.347999572753906,
            "sigmagnr": 0.14399999380111694,
            "magzpsci": 26.073299407958984,
            "isdiffpos": "t",
            "ssdistnr": -999.0,
            "ssnamenr": "null",
            "drb": 0.9999979734420776
        },
        {
            "candid": 1096160972015015066,
            "jd": 2458850.6609722,
            "ra": 40.9977323,
            "dec": 32.5282955,
            "fid": 1,
            "nid": 1096,
            "magpsf": 19.378299713134766,
            "sigmapsf": 0.08622600138187408,
            "magnr": 21.110000610351562,
            "sigmagnr": 0.17100000381469727,
            "magzpsci": 26.323299407958984,
            "isdiffpos": "t",
            "ssdistnr": -999.0,
            "ssnamenr": "null",
            "drb": 0.9987509846687317
        },
        {
            "candid": 1098164882015015025,
            "jd": 2458852.6648843,
            "ra": 40.9978822,
            "dec": 32.5283222,
            "fid": 2,
            "nid": 1098,
            "magpsf": 17.960599899291992,
            "sigmapsf": 0.03136400133371353,
            "magnr": 20.347999572753906,
            "sigmagnr": 0.14399999380111694,
            "magzpsci": 26.329599380493164,
            "isdiffpos": "t",
            "ssdistnr": -999.0,
            "ssnamenr": "null",
            "drb": 1.0
        },
        {
            "candid": 1100151812015015125,
            "jd": 2458854.6518171,
            "ra": 40.9978365,
            "dec": 32.5282063,
            "fid": 2,
            "nid": 1100,
            "magpsf": 18.190000534057617,
            "sigmapsf": 0.1174359992146492,
            "magnr": 20.347999572753906,
            "sigmagnr": 0.14399999380111694,
            "magzpsci": 26.309999465942383,
            "isdiffpos": "t",
            "ssdistnr": -999.0,
            "ssnamenr": "null",
            "drb": 0.9862350225448608
        },
        {
            "candid": 1105176782015015006,
            "jd": 2458859.6767824,
            "ra": 40.9978869,
            "dec": 32.5283511,
            "fid": 2,
            "nid": 1105,
            "magpsf": 18.43670082092285,
            "sigmapsf": 0.09620899707078934,
            "magnr": 20.347999572753906,
            "sigmagnr": 0.14399999380111694,
            "magzpsci": 26.318700790405273,
            "isdiffpos": "t",
            "ssdistnr": -999.0,
            "ssnamenr": "null",
            "drb": 0.9999920129776001
        },
        {
            "candid": 1105215842015015007,
            "jd": 2458859.7158449,
            "ra": 40.9979155,
            "dec": 32.5283405,
            "fid": 2,
            "nid": 1105,
            "magpsf": 18.40489959716797,
            "sigmapsf": 0.06811600178480148,
            "magnr": 20.347999572753906,
            "sigmagnr": 0.14399999380111694,
            "magzpsci": 26.320899963378906,
            "isdiffpos": "t",
            "ssdistnr": -999.0,
            "ssnamenr": "null",
            "drb": 1.0
        },
        {
            "candid": 1106153472015015008,
            "jd": 2458860.6534722,
            "ra": 40.9978476,
            "dec": 32.528324,
            "fid": 2,
            "nid": 1106,
            "magpsf": 18.554000854492188,
            "sigmapsf": 0.07953300327062607,
            "magnr": 20.347999572753906,
            "sigmagnr": 0.14399999380111694,
            "magzpsci": 26.320999145507812,
            "isdiffpos": "t",
            "ssdistnr": -999.0,
            "ssnamenr": "null",
            "drb": 0.9999989867210388
        },
        {
            "candid": 1107124252015015034,
            "jd": 2458861.6242593,
            "ra": 40.9976286,
            "dec": 32.5283631,
            "fid": 1,
            "nid": 1107,
            "magpsf": 20.35219955444336,
            "sigmapsf": 0.24283599853515625,
            "magnr": 21.110000610351562,
            "sigmagnr": 0.17100000381469727,
            "magzpsci": 26.309200286865234,
            "isdiffpos": "t",
            "ssdistnr": -999.0,
            "ssnamenr": "-999.0",
            "drb": null
        },
        {
            "candid": 1107157432015015010,
            "jd": 2458861.6574306,
            "ra": 40.997879,
            "dec": 32.528316,
            "fid": 2,
            "nid": 1107,
            "magpsf": 18.64579963684082,
            "sigmapsf": 0.0774879977107048,
            "magnr": 20.347999572753906,
            "sigmagnr": 0.14399999380111694,
            "magzpsci": 26.311800003051758,
            "isdiffpos": "t",
            "ssdistnr": -999.0,
            "ssnamenr": "null",
            "drb": 0.9999989867210388
        },
        {
            "candid": 1108138262015015051,
            "jd": 2458862.6382639,
            "ra": 40.9976996,
            "dec": 32.5283628,
            "fid": 1,
            "nid": 1108,
            "magpsf": 20.490699768066406,
            "sigmapsf": 0.20438900589942932,
            "magnr": 21.110000610351562,
            "sigmagnr": 0.17100000381469727,
            "magzpsci": 26.327699661254883,
            "isdiffpos": "t",
            "ssdistnr": -999.0,
            "ssnamenr": "-999.0",
            "drb": null
        },
        {
            "candid": 1110142142015015041,
            "jd": 2458864.6421412,
            "ra": 40.9976309,
            "dec": 32.5284673,
            "fid": 1,
            "nid": 1110,
            "magpsf": 20.684499740600586,
            "sigmapsf": 0.2567330002784729,
            "magnr": 21.110000610351562,
            "sigmagnr": 0.17100000381469727,
            "magzpsci": 26.332500457763672,
            "isdiffpos": "t",
            "ssdistnr": -999.0,
            "ssnamenr": "-999.0",
            "drb": null
        },
        {
            "candid": 1113110402015015010,
            "jd": 2458867.6104051,
            "ra": 40.9978888,
            "dec": 32.5283006,
            "fid": 2,
            "nid": 1113,
            "magpsf": 19.044700622558594,
            "sigmapsf": 0.1025250032544136,
            "magnr": 20.347999572753906,
            "sigmagnr": 0.14399999380111694,
            "magzpsci": 26.133699417114258,
            "isdiffpos": "t",
            "ssdistnr": -999.0,
            "ssnamenr": "null",
            "drb": 0.9999989867210388
        },
        {
            "candid": 1117104002015015015,
            "jd": 2458871.6040046,
            "ra": 40.9978647,
            "dec": 32.5283166,
            "fid": 2,
            "nid": 1117,
            "magpsf": 19.19770050048828,
            "sigmapsf": 0.07887399941682816,
            "magnr": 20.347999572753906,
            "sigmagnr": 0.14399999380111694,
            "magzpsci": 26.321699142456055,
            "isdiffpos": "t",
            "ssdistnr": -999.0,
            "ssnamenr": "null",
            "drb": 0.9998499751091003
        },
        {
            "candid": 1117108482015015015,
            "jd": 2458871.6084838,
            "ra": 40.9978424,
            "dec": 32.5283216,
            "fid": 2,
            "nid": 1117,
            "magpsf": 19.183500289916992,
            "sigmapsf": 0.08955799788236618,
            "magnr": 20.347999572753906,
            "sigmagnr": 0.14399999380111694,
            "magzpsci": 26.326499938964844,
            "isdiffpos": "t",
            "ssdistnr": -999.0,
            "ssnamenr": "null",
            "drb": 0.9999809861183167
        },
        {
            "candid": 1117175812015015031,
            "jd": 2458871.6758102,
            "ra": 40.9976785,
            "dec": 32.5283344,
            "fid": 1,
            "nid": 1117,
            "magpsf": 20.365100860595703,
            "sigmapsf": 0.2268799990415573,
            "magnr": 21.110000610351562,
            "sigmagnr": 0.17100000381469727,
            "magzpsci": 26.305099487304688,
            "isdiffpos": "t",
            "ssdistnr": -999.0,
            "ssnamenr": "-999.0",
            "drb": null
        },
        {
            "candid": 1119205252015015011,
            "jd": 2458873.7052546,
            "ra": 40.9978238,
            "dec": 32.5283249,
            "fid": 2,
            "nid": 1119,
            "magpsf": 19.2731990814209,
            "sigmapsf": 0.09148900210857391,
            "magnr": 20.347999572753906,
            "sigmagnr": 0.14399999380111694,
            "magzpsci": 26.265199661254883,
            "isdiffpos": "t",
            "ssdistnr": -999.0,
            "ssnamenr": "null",
            "drb": 0.9999880194664001
        },
        {
            "candid": 1120140022015015017,
            "jd": 2458874.6400231,
            "ra": 40.9978568,
            "dec": 32.5283371,
            "fid": 2,
            "nid": 1120,
            "magpsf": 19.401599884033203,
            "sigmapsf": 0.09704700112342834,
            "magnr": 20.347999572753906,
            "sigmagnr": 0.14399999380111694,
            "magzpsci": 26.281600952148438,
            "isdiffpos": "t",
            "ssdistnr": -999.0,
            "ssnamenr": "null",
            "drb": 0.99993497133255
        },
        {
            "candid": 1121103652015015032,
            "jd": 2458875.6036574,
            "ra": 40.9978386,
            "dec": 32.5283101,
            "fid": 2,
            "nid": 1121,
            "magpsf": 19.2947998046875,
            "sigmapsf": 0.09305500239133835,
            "magnr": 20.347999572753906,
            "sigmagnr": 0.14399999380111694,
            "magzpsci": 26.288799285888672,
            "isdiffpos": "t",
            "ssdistnr": -999.0,
            "ssnamenr": "-999.0",
            "drb": null
        },
        {
            "candid": 1122150212015015018,
            "jd": 2458876.6502199,
            "ra": 40.9978059,
            "dec": 32.5284206,
            "fid": 1,
            "nid": 1122,
            "magpsf": 21.143199920654297,
            "sigmapsf": 0.4073930084705353,
            "magnr": 21.110000610351562,
            "sigmagnr": 0.17100000381469727,
            "magzpsci": 26.331199645996094,
            "isdiffpos": "t",
            "ssdistnr": -999.0,
            "ssnamenr": "-999.0",
            "drb": null
        },
        {
            "candid": 1122150212015025019,
            "jd": 2458876.6502199,
            "ra": 40.9978104,
            "dec": 32.5284156,
            "fid": 1,
            "nid": 1122,
            "magpsf": 21.167200088500977,
            "sigmapsf": 0.41703999042510986,
            "magnr": 21.110000610351562,
            "sigmagnr": 0.17100000381469727,
            "magzpsci": 26.331199645996094,
            "isdiffpos": "t",
            "ssdistnr": -999.0,
            "ssnamenr": "-999.0",
            "drb": null
        },
        {
            "candid": 1123135122015015008,
            "jd": 2458877.6351273,
            "ra": 40.9978099,
            "dec": 32.5283302,
            "fid": 2,
            "nid": 1123,
            "magpsf": 19.491300582885742,
            "sigmapsf": 0.13453300297260284,
            "magnr": 20.347999572753906,
            "sigmagnr": 0.14399999380111694,
            "magzpsci": 26.29829978942871,
            "isdiffpos": "t",
            "ssdistnr": -999.0,
            "ssnamenr": "null",
            "drb": 0.9999669790267944
        },
        {
            "candid": 1123190962015015017,
            "jd": 2458877.6909606,
            "ra": 40.9978957,
            "dec": 32.5283574,
            "fid": 1,
            "nid": 1123,
            "magpsf": 20.8302001953125,
            "sigmapsf": 0.32576799392700195,
            "magnr": 21.110000610351562,
            "sigmagnr": 0.17100000381469727,
            "magzpsci": 26.267200469970703,
            "isdiffpos": "t",
            "ssdistnr": -999.0,
            "ssnamenr": "-999.0",
            "drb": null
        },
        {
            "candid": 1125092402015015015,
            "jd": 2458879.5924074,
            "ra": 40.9978546,
            "dec": 32.5283596,
            "fid": 2,
            "nid": 1125,
            "magpsf": 19.542800903320312,
            "sigmapsf": 0.16307200491428375,
            "magnr": 20.347999572753906,
            "sigmagnr": 0.14399999380111694,
            "magzpsci": 26.207799911499023,
            "isdiffpos": "t",
            "ssdistnr": -999.0,
            "ssnamenr": "null",
            "drb": 0.9999970197677612
        },
        {
            "candid": 1126162192015015005,
            "jd": 2458880.6621991,
            "ra": 40.9979414,
            "dec": 32.5283489,
            "fid": 2,
            "nid": 1126,
            "magpsf": 19.600200653076172,
            "sigmapsf": 0.1296679973602295,
            "magnr": 20.347999572753906,
            "sigmagnr": 0.14399999380111694,
            "magzpsci": 26.309200286865234,
            "isdiffpos": "t",
            "ssdistnr": -999.0,
            "ssnamenr": "null",
            "drb": 0.9999679923057556
        },
        {
            "candid": 1132122072015015010,
            "jd": 2458886.6220718,
            "ra": 40.9979007,
            "dec": 32.5283435,
            "fid": 2,
            "nid": 1132,
            "magpsf": 19.627500534057617,
            "sigmapsf": 0.18192599713802338,
            "magnr": 20.347999572753906,
            "sigmagnr": 0.14399999380111694,
            "magzpsci": 26.318500518798828,
            "isdiffpos": "t",
            "ssdistnr": -999.0,
            "ssnamenr": "null",
            "drb": 0.9999780058860779
        },
        {
            "candid": 1133101702015015008,
            "jd": 2458887.6017014,
            "ra": 40.9978768,
            "dec": 32.5282964,
            "fid": 2,
            "nid": 1133,
            "magpsf": 19.74340057373047,
            "sigmapsf": 0.18615199625492096,
            "magnr": 20.347999572753906,
            "sigmagnr": 0.14399999380111694,
            "magzpsci": 26.322399139404297,
            "isdiffpos": "t",
            "ssdistnr": -999.0,
            "ssnamenr": "null",
            "drb": 0.9999819993972778
        },
        {
            "candid": 1142123782015015010,
            "jd": 2458896.6237847,
            "ra": 40.9978681,
            "dec": 32.5283422,
            "fid": 2,
            "nid": 1142,
            "magpsf": 20.19420051574707,
            "sigmapsf": 0.147366002202034,
            "magnr": 20.347999572753906,
            "sigmagnr": 0.14399999380111694,
            "magzpsci": 26.28420066833496,
            "isdiffpos": "t",
            "ssdistnr": -999.0,
            "ssnamenr": "null",
            "drb": 0.9998279809951782
        },
        {
            "jd": 2458803.69083,
            "fid": 1,
            "diffmaglim": 19.479999542236328
        },
        {
            "jd": 2458803.768,
            "fid": 2,
            "diffmaglim": 19.2810001373291
        },
        {
            "jd": 2458804.70516,
            "fid": 1,
            "diffmaglim": 20.038999557495117
        },
        {
            "jd": 2458804.72669,
            "fid": 2,
            "diffmaglim": 19.69700050354004
        },
        {
            "jd": 2458804.85332,
            "fid": 2,
            "diffmaglim": 19.799999237060547
        },
        {
            "jd": 2458805.69309,
            "fid": 1,
            "diffmaglim": 20.631000518798828
        },
        {
            "jd": 2458805.72948,
            "fid": 2,
            "diffmaglim": 20.301000595092773
        },
        {
            "jd": 2458805.84089,
            "fid": 2,
            "diffmaglim": 20.125999450683594
        },
        {
            "jd": 2458806.69869,
            "fid": 1,
            "diffmaglim": 20.608999252319336
        },
        {
            "jd": 2458806.74294,
            "fid": 2,
            "diffmaglim": 20.591999053955078
        },
        {
            "jd": 2458811.66115,
            "fid": 2,
            "diffmaglim": 20.163000106811523
        },
        {
            "jd": 2458811.71697,
            "fid": 1,
            "diffmaglim": 20.38800048828125
        },
        {
            "jd": 2458811.73586,
            "fid": 1,
            "diffmaglim": 20.490999221801758
        },
        {
            "jd": 2458811.81034,
            "fid": 2,
            "diffmaglim": 15.352999687194824
        },
        {
            "jd": 2458812.68752,
            "fid": 2,
            "diffmaglim": 20.215999603271484
        },
        {
            "jd": 2458812.70023,
            "fid": 2,
            "diffmaglim": 20.406999588012695
        },
        {
            "jd": 2458812.82264,
            "fid": 1,
            "diffmaglim": 20.628999710083008
        },
        {
            "jd": 2458813.68068,
            "fid": 1,
            "diffmaglim": 20.03700065612793
        },
        {
            "jd": 2458813.68975,
            "fid": 1,
            "diffmaglim": 19.97100067138672
        },
        {
            "jd": 2458814.67707,
            "fid": 2,
            "diffmaglim": 18.96500015258789
        },
        {
            "jd": 2458814.70603,
            "fid": 2,
            "diffmaglim": 20.299999237060547
        },
        {
            "jd": 2458814.74606,
            "fid": 1,
            "diffmaglim": 17.55900001525879
        },
        {
            "jd": 2458819.72601,
            "fid": 1,
            "diffmaglim": 20.552000045776367
        },
        {
            "jd": 2458819.75727,
            "fid": 2,
            "diffmaglim": 20.18899917602539
        },
        {
            "jd": 2458820.6656,
            "fid": 1,
            "diffmaglim": 19.283000946044922
        },
        {
            "jd": 2458820.72608,
            "fid": 1,
            "diffmaglim": 19.631000518798828
        },
        {
            "jd": 2458828.62156,
            "fid": 1,
            "diffmaglim": 18.444000244140625
        },
        {
            "jd": 2458829.64461,
            "fid": 1,
            "diffmaglim": 18.365999221801758
        },
        {
            "jd": 2458829.71536,
            "fid": 2,
            "diffmaglim": 17.072999954223633
        },
        {
            "jd": 2458830.62912,
            "fid": 1,
            "diffmaglim": 19.349000930786133
        },
        {
            "jd": 2458830.68525,
            "fid": 1,
            "diffmaglim": 19.45199966430664
        },
        {
            "jd": 2458830.73387,
            "fid": 2,
            "diffmaglim": 19.702999114990234
        },
        {
            "jd": 2458831.70601,
            "fid": 1,
            "diffmaglim": 19.80500030517578
        },
        {
            "jd": 2458839.58944,
            "fid": 2,
            "diffmaglim": 16.632999420166016
        },
        {
            "jd": 2458852.61802,
            "fid": 1,
            "diffmaglim": 19.542999267578125
        },
        {
            "jd": 2458852.64374,
            "fid": 1,
            "diffmaglim": 19.84600067138672
        },
        {
            "jd": 2458853.61405,
            "fid": 1,
            "diffmaglim": 19.156999588012695
        },
        {
            "jd": 2458853.68424,
            "fid": 2,
            "diffmaglim": 18.888999938964844
        },
        {
            "jd": 2458855.65106,
            "fid": 1,
            "diffmaglim": 19.236000061035156
        },
        {
            "jd": 2458855.6552,
            "fid": 1,
            "diffmaglim": 19.281999588012695
        },
        {
            "jd": 2458855.70608,
            "fid": 2,
            "diffmaglim": 19.433000564575195
        },
        {
            "jd": 2458856.70863,
            "fid": 2,
            "diffmaglim": 19.558000564575195
        },
        {
            "jd": 2458859.6124,
            "fid": 1,
            "diffmaglim": 19.577999114990234
        },
        {
            "jd": 2458867.65868,
            "fid": 1,
            "diffmaglim": 18.77899932861328
        },
        {
            "jd": 2458867.65913,
            "fid": 1,
            "diffmaglim": 18.648000717163086
        },
        {
            "jd": 2458874.67451,
            "fid": 1,
            "diffmaglim": 19.538000106811523
        },
        {
            "jd": 2458879.62491,
            "fid": 1,
            "diffmaglim": 19.246000289916992
        },
        {
            "jd": 2458880.59574,
            "fid": 1,
            "diffmaglim": 20.06999969482422
        },
        {
            "jd": 2458880.60767,
            "fid": 1,
            "diffmaglim": 20.270999908447266
        },
        {
            "jd": 2458882.59999,
            "fid": 1,
            "diffmaglim": 19.827999114990234
        },
        {
            "jd": 2458883.68468,
            "fid": 2,
            "diffmaglim": 18.968000411987305
        },
        {
            "jd": 2458886.65903,
            "fid": 1,
            "diffmaglim": 19.13599967956543
        },
        {
            "jd": 2458886.67936,
            "fid": 1,
            "diffmaglim": 19.2810001373291
        },
        {
            "jd": 2458890.72115,
            "fid": 1,
            "diffmaglim": 18.863000869750977
        },
        {
            "jd": 2458893.65964,
            "fid": 1,
            "diffmaglim": 20.503999710083008
        }
    ],
    "forcedphot": []
}