{
    "objectId": "ZTF19aadgqvd",
    "candidates": [
        {
            "candid": 740543431915015035,
            "jd": 2458495.0434375,
            "ra": 184.7074037,
            "dec": -11.5511163,
            "fid": 2,
            "nid": 740,
            "magpsf": 19.81089973449707,
            "sigmapsf": 0.154106006026268,
            "magnr": 21.333999633789062,
            "sigmagnr": 0.12600000202655792,
            "magzpsci": 26.093900680541992,
            "isdiffpos": "t",
            "ssdistnr": -999.0,
            "ssnamenr": "null",
            "drb": null
        },
        {
            "candid": 748521421915015018,
            "jd": 2458503.0214236,
            "ra": 184.7072998,
            "dec": -11.5511136,
            "fid": 2,
            "nid": 748,
            "magpsf": 19.658899307250977,
            "sigmapsf": 0.18161499500274658,
            "magnr": 21.333999633789062,
            "sigmagnr": 0.12600000202655792,
            "magzpsci": 26.173900604248047,
            "isdiffpos": "t",
            "ssdistnr": -999.0,
            "ssnamenr": "null",
            "drb": null
        },
        {
            "candid": 757400401915015013,
            "jd": 2458511.9004051,
            "ra": 184.7073333,
            "dec": -11.5510498,
            "fid": 2,
            "nid": 757,
            "magpsf": 19.35650062561035,
            "sigmapsf": 0.1210009977221489,
            "magnr": 21.333999633789062,
            "sigmagnr": 0.12600000202655792,
            "magzpsci": 26.164499282836914,
            "isdiffpos": "t",
            "ssdistnr": -999.0,
            "ssnamenr": "null",
            "drb": null
        },
        {
            "candid": 757440551915015009,
            "jd": 2458511.9405556,
            "ra": 184.7073902,
            "dec": -11.5511043,
            "fid": 1,
            "nid": 757,
            "magpsf": 19.621999740600586,
            "sigmapsf": 0.1806969940662384,
            "magnr": 21.2810001373291,
            "sigmagnr": 0.12399999797344208,
            "magzpsci": 26.099000930786133,
            "isdiffpos": "t",
            "ssdistnr": -999.0,
            "ssnamenr": "null",
            "drb": null
        },
        {
            "candid": 770464741915015014,
            "jd": 2458524.9647454,
            "ra": 184.7073318,
            "dec": -11.5510967,
            "fid": 2,
            "nid": 770,
            "magpsf": 19.548200607299805,
            "sigmapsf": 0.12213200330734253,
            "magnr": 21.333999633789062,
            "sigmagnr": 0.12600000202655792,
            "magzpsci": 26.147199630737305,
            "isdiffpos": "t",
            "ssdistnr": -999.0,
            "ssnamenr": "null",
            "drb": null
        },
        {
            "jd": 2458477.01163,
            "fid": 2,
            "diffmaglim": 19.548999786376953
        },
        {
            "jd": 2458482.97488,
            "fid": 2,
            "diffmaglim": 19.66900062561035
        },
        {
            "jd": 2458487.98322,
            "fid": 1,
            "diffmaglim": 20.3799991607666
        },
        {
            "jd": 2458488.02558,
            "fid": 2,
            "diffmaglim": 20.385000228881836
        },
        {
            "jd": 2458505.95895,
            "fid": 1,
            "diffmaglim": 18.927000045776367
        },
        {
            "jd": 2458506.00185,
            "fid": 2,
            "diffmaglim": 18.871000289916992
        },
        {
            "jd": 2458514.90413,
            "fid": 2,
            "diffmaglim": 17.371000289916992
        },
        {
            "jd": 2458514.96005,
            "fid": 1,
            "diffmaglim": 17.590999603271484
        }
    ],
    "forcedphot": []
}