{
    "objectId": "ZTF19aceqjqw",
    "candidates": [
        {
            "candid": 1015475554215015001,
            "jd": 2458769.9755556,
            "ra": 119.8684592,
            "dec": 26.8897934,
            "fid": 2,
            "nid": 1015,
            "magpsf": 18.845300674438477,
            "sigmapsf": 0.13791799545288086,
            "magnr": 16.3799991607666,
            "sigmagnr": 0.07100000232458115,
            "magzpsci": 26.22130012512207,
            "isdiffpos": "t",
            "ssdistnr": -999.0,
            "ssnamenr": "null",
            "drb": 0.9987350106239319
        },
        {
            "candid": 1025503804215015006,
            "jd": 2458780.0038079,
            "ra": 119.8683657,
            "dec": 26.8897961,
            "fid": 1,
            "nid": 1025,
            "magpsf": 19.780000686645508,
            "sigmapsf": 0.247762992978096,
            "magnr": 17.20400047302246,
            "sigmagnr": 0.08500000089406967,
            "magzpsci": 26.233999252319336,
            "isdiffpos": "t",
            "ssdistnr": -999.0,
            "ssnamenr": "-999.0",
            "drb": null
        },
        {
            "candid": 1031462514215015006,
            "jd": 2458785.9625116,
            "ra": 119.8684503,
            "dec": 26.8897883,
            "fid": 1,
            "nid": 1031,
            "magpsf": 19.411100387573242,
            "sigmapsf": 0.15908099710941315,
            "magnr": 17.20400047302246,
            "sigmagnr": 0.08500000089406967,
            "magzpsci": 26.227100372314453,
            "isdiffpos": "t",
            "ssdistnr": -999.0,
            "ssnamenr": "null",
            "drb": 0.9999740123748779
        },
        {
            "candid": 1031498134215015005,
            "jd": 2458785.9981366,
            "ra": 119.8683975,
            "dec": 26.8897926,
            "fid": 2,
            "nid": 1031,
            "magpsf": 18.677499771118164,
            "sigmapsf": 0.1211479976773262,
            "magnr": 16.3799991607666,
            "sigmagnr": 0.07100000232458115,
            "magzpsci": 26.252500534057617,
            "isdiffpos": "t",
            "ssdistnr": -999.0,
            "ssnamenr": "null",
            "drb": 0.9998850226402283
        },
        {
            "candid": 1034505044215015004,
            "jd": 2458789.0050463,
            "ra": 119.86841,
            "dec": 26.8897608,
            "fid": 1,
            "nid": 1034,
            "magpsf": 19.343599319458008,
            "sigmapsf": 0.12015999853610992,
            "magnr": 17.20400047302246,
            "sigmagnr": 0.08500000089406967,
            "magzpsci": 26.242599487304688,
            "isdiffpos": "t",
            "ssdistnr": -999.0,
            "ssnamenr": "null",
            "drb": 0.9993320107460022
        },
        {
            "candid": 1034525244215015002,
            "jd": 2458789.0252431,
            "ra": 119.8684347,
            "dec": 26.8897699,
            "fid": 2,
            "nid": 1034,
            "magpsf": 18.761999130249023,
            "sigmapsf": 0.09460200369358063,
            "magnr": 16.3799991607666,
            "sigmagnr": 0.07100000232458115,
            "magzpsci": 26.274999618530273,
            "isdiffpos": "t",
            "ssdistnr": -999.0,
            "ssnamenr": "null",
            "drb": 0.9986010193824768
        },
        {
            "candid": 1037483664215015007,
            "jd": 2458791.983669,
            "ra": 119.8683671,
            "dec": 26.889764,
            "fid": 2,
            "nid": 1037,
            "magpsf": 18.648099899291992,
            "sigmapsf": 0.10792499780654907,
            "magnr": 16.3799991607666,
            "sigmagnr": 0.07100000232458115,
            "magzpsci": 26.273099899291992,
            "isdiffpos": "t",
            "ssdistnr": -999.0,
            "ssnamenr": "null",
            "drb": 0.996874988079071
        },
        {
            "candid": 1037524864215015003,
            "jd": 2458792.0248611,
            "ra": 119.8683899,
            "dec": 26.889826,
            "fid": 1,
            "nid": 1037,
            "magpsf": 19.313899993896484,
            "sigmapsf": 0.11708100140094757,
            "magnr": 17.20400047302246,
            "sigmagnr": 0.08500000089406967,
            "magzpsci": 26.232900619506836,
            "isdiffpos": "t",
            "ssdistnr": -999.0,
            "ssnamenr": "null",
            "drb": 0.9999470114707947
        },
        {
            "candid": 1042533554215015004,
            "jd": 2458797.0335532,
            "ra": 119.8683639,
            "dec": 26.8897964,
            "fid": 2,
            "nid": 1042,
            "magpsf": 18.841899871826172,
            "sigmapsf": 0.10145200043916702,
            "magnr": 16.3799991607666,
            "sigmagnr": 0.07100000232458115,
            "magzpsci": 26.261899948120117,
            "isdiffpos": "t",
            "ssdistnr": -999.0,
            "ssnamenr": "null",
            "drb": 0.9738050103187561
        },
        {
            "candid": 1042546774215015002,
            "jd": 2458797.0467708,
            "ra": 119.8684092,
            "dec": 26.8898192,
            "fid": 1,
            "nid": 1042,
            "magpsf": 19.783700942993164,
            "sigmapsf": 0.18068400025367737,
            "magnr": 17.20400047302246,
            "sigmagnr": 0.08500000089406967,
            "magzpsci": 26.239700317382812,
            "isdiffpos": "t",
            "ssdistnr": -999.0,
            "ssnamenr": "null",
            "drb": 0.9970160126686096
        },
        {
            "jd": 2458745.9856,
            "fid": 2,
            "diffmaglim": 19.485000610351562
        },
        {
            "jd": 2458746.01815,
            "fid": 1,
            "diffmaglim": 19.415000915527344
        },
        {
            "jd": 2458748.98609,
            "fid": 2,
            "diffmaglim": 19.611000061035156
        },
        {
            "jd": 2458749.01508,
            "fid": 1,
            "diffmaglim": 19.711999893188477
        },
        {
            "jd": 2458756.96994,
            "fid": 1,
            "diffmaglim": 20.165000915527344
        },
        {
            "jd": 2458757.01645,
            "fid": 2,
            "diffmaglim": 19.979000091552734
        },
        {
            "jd": 2458759.01066,
            "fid": 1,
            "diffmaglim": 20.44099998474121
        },
        {
            "jd": 2458763.97372,
            "fid": 1,
            "diffmaglim": 20.51099967956543
        },
        {
            "jd": 2458766.9663,
            "fid": 1,
            "diffmaglim": 20.375
        },
        {
            "jd": 2458767.03022,
            "fid": 2,
            "diffmaglim": 20.21500015258789
        },
        {
            "jd": 2458767.95142,
            "fid": 1,
            "diffmaglim": 19.361000061035156
        },
        {
            "jd": 2458768.95625,
            "fid": 1,
            "diffmaglim": 19.402000427246094
        }
    ],
    "forcedphot": []
}