{
    "objectId": "ZTF18abeyqpr",
    "candidates": [
        {
            "candid": 556393530515015037,
            "jd": 2458310.8935301,
            "ra": 266.0552621,
            "dec": 66.7129361,
            "fid": 2,
            "nid": 556,
            "magpsf": 19.686899185180664,
            "sigmapsf": 0.16706299781799316,
            "magnr": 17.97100067138672,
            "sigmagnr": 0.0860000029206276,
            "magzpsci": 0.0,
            "isdiffpos": "t",
            "ssdistnr": -999.0,
            "ssnamenr": "null",
            "drb": null
        },
        {
            "candid": 559246010515015099,
            "jd": 2458313.7460185,
            "ra": 266.0552045,
            "dec": 66.7129197,
            "fid": 1,
            "nid": 559,
            "magpsf": 19.996200561523438,
            "sigmapsf": 0.13881899416446686,
            "magnr": 19.20599937438965,
            "sigmagnr": 0.11100000143051147,
            "magzpsci": 0.0,
            "isdiffpos": "t",
            "ssdistnr": -999.0,
            "ssnamenr": "null",
            "drb": null
        },
        {
            "candid": 562243590515015005,
            "jd": 2458316.7435995,
            "ra": 266.055139,
            "dec": 66.7128234,
            "fid": 2,
            "nid": 562,
            "magpsf": 19.40329933166504,
            "sigmapsf": 0.18907499313354492,
            "magnr": 17.97100067138672,
            "sigmagnr": 0.0860000029206276,
            "magzpsci": 0.0,
            "isdiffpos": "t",
            "ssdistnr": -999.0,
            "ssnamenr": "null",
            "drb": null
        },
        {
            "candid": 562365150515015053,
            "jd": 2458316.8651505,
            "ra": 266.0551822,
            "dec": 66.7129647,
            "fid": 1,
            "nid": 562,
            "magpsf": 19.6387996673584,
            "sigmapsf": 0.1591860055923462,
            "magnr": 19.20599937438965,
            "sigmagnr": 0.11100000143051147,
            "magzpsci": 0.0,
            "isdiffpos": "t",
            "ssdistnr": -999.0,
            "ssnamenr": "null",
            "drb": null
        },
        {
            "candid": 565366840515015038,
            "jd": 2458319.8668403,
            "ra": 266.0551456,
            "dec": 66.7130036,
            "fid": 1,
            "nid": 565,
            "magpsf": 19.542600631713867,
            "sigmapsf": 0.1270570009946823,
            "magnr": 19.20599937438965,
            "sigmagnr": 0.11100000143051147,
            "magzpsci": 0.0,
            "isdiffpos": "t",
            "ssdistnr": -999.0,
            "ssnamenr": "null",
            "drb": null
        },
        {
            "candid": 568222990515015023,
            "jd": 2458322.7229977,
            "ra": 266.0551373,
            "dec": 66.7129018,
            "fid": 1,
            "nid": 568,
            "magpsf": 19.433000564575195,
            "sigmapsf": 0.11378700286149979,
            "magnr": 19.20599937438965,
            "sigmagnr": 0.11100000143051147,
            "magzpsci": 0.0,
            "isdiffpos": "t",
            "ssdistnr": -999.0,
            "ssnamenr": "null",
            "drb": null
        },
        {
            "candid": 568282740515015021,
            "jd": 2458322.7827431,
            "ra": 266.0551802,
            "dec": 66.7128782,
            "fid": 2,
            "nid": 568,
            "magpsf": 18.8125,
            "sigmapsf": 0.0860539972782135,
            "magnr": 17.97100067138672,
            "sigmagnr": 0.0860000029206276,
            "magzpsci": 0.0,
            "isdiffpos": "t",
            "ssdistnr": -999.0,
            "ssnamenr": "null",
            "drb": null
        },
        {
            "candid": 571199690515015011,
            "jd": 2458325.6996991,
            "ra": 266.055149,
            "dec": 66.7128468,
            "fid": 1,
            "nid": 571,
            "magpsf": 19.530000686645508,
            "sigmapsf": 0.21134500205516815,
            "magnr": 19.20599937438965,
            "sigmagnr": 0.11100000143051147,
            "magzpsci": 0.0,
            "isdiffpos": "t",
            "ssdistnr": -999.0,
            "ssnamenr": "null",
            "drb": null
        },
        {
            "candid": 571243400515015006,
            "jd": 2458325.7434028,
            "ra": 266.0551797,
            "dec": 66.7129151,
            "fid": 2,
            "nid": 571,
            "magpsf": 18.8302001953125,
            "sigmapsf": 0.11133400350809097,
            "magnr": 17.97100067138672,
            "sigmagnr": 0.0860000029206276,
            "magzpsci": 0.0,
            "isdiffpos": "t",
            "ssdistnr": -999.0,
            "ssnamenr": "null",
            "drb": null
        },
        {
            "candid": 577221850515015014,
            "jd": 2458331.7218519,
            "ra": 266.0551934,
            "dec": 66.7129102,
            "fid": 2,
            "nid": 577,
            "magpsf": 18.914600372314453,
            "sigmapsf": 0.0730300024151802,
            "magnr": 17.97100067138672,
            "sigmagnr": 0.0860000029206276,
            "magzpsci": 0.0,
            "isdiffpos": "t",
            "ssdistnr": -999.0,
            "ssnamenr": "null",
            "drb": null
        },
        {
            "candid": 580357470515015010,
            "jd": 2458334.8574769,
            "ra": 266.0552473,
            "dec": 66.7128709,
            "fid": 2,
            "nid": 580,
            "magpsf": 19.1643009185791,
            "sigmapsf": 0.12654399871826172,
            "magnr": 17.97100067138672,
            "sigmagnr": 0.0860000029206276,
            "magzpsci": 0.0,
            "isdiffpos": "t",
            "ssdistnr": -999.0,
            "ssnamenr": "null",
            "drb": null
        },
        {
            "candid": 583330700515015007,
            "jd": 2458337.830706,
            "ra": 266.0552163,
            "dec": 66.7129159,
            "fid": 2,
            "nid": 583,
            "magpsf": 19.297100067138672,
            "sigmapsf": 0.12080900371074677,
            "magnr": 17.97100067138672,
            "sigmagnr": 0.0860000029206276,
            "magzpsci": 0.0,
            "isdiffpos": "t",
            "ssdistnr": -999.0,
            "ssnamenr": "null",
            "drb": null
        },
        {
            "candid": 586307770515015012,
            "jd": 2458340.8077778,
            "ra": 266.0551972,
            "dec": 66.7129677,
            "fid": 2,
            "nid": 586,
            "magpsf": 19.33769989013672,
            "sigmapsf": 0.15306499600410461,
            "magnr": 17.97100067138672,
            "sigmagnr": 0.0860000029206276,
            "magzpsci": 0.0,
            "isdiffpos": "t",
            "ssdistnr": -999.0,
            "ssnamenr": "null",
            "drb": null
        },
        {
            "candid": 589331260515015026,
            "jd": 2458343.8312616,
            "ra": 266.0552799,
            "dec": 66.7129117,
            "fid": 2,
            "nid": 589,
            "magpsf": 19.60300064086914,
            "sigmapsf": 0.14601099491119385,
            "magnr": 17.97100067138672,
            "sigmagnr": 0.0860000029206276,
            "magzpsci": 0.0,
            "isdiffpos": "t",
            "ssdistnr": -999.0,
            "ssnamenr": "null",
            "drb": null
        },
        {
            "candid": 595282630515015020,
            "jd": 2458349.7826389,
            "ra": 266.0552203,
            "dec": 66.7128767,
            "fid": 2,
            "nid": 595,
            "magpsf": 19.85379981994629,
            "sigmapsf": 0.20685799419879913,
            "magnr": 17.97100067138672,
            "sigmagnr": 0.0860000029206276,
            "magzpsci": 0.0,
            "isdiffpos": "t",
            "ssdistnr": -999.0,
            "ssnamenr": "null",
            "drb": null
        },
        {
            "candid": 604266130515015022,
            "jd": 2458358.7661343,
            "ra": 266.0551263,
            "dec": 66.7129132,
            "fid": 2,
            "nid": 604,
            "magpsf": 19.98550033569336,
            "sigmapsf": 0.20922599732875824,
            "magnr": 17.97100067138672,
            "sigmagnr": 0.0860000029206276,
            "magzpsci": 0.0,
            "isdiffpos": "t",
            "ssdistnr": -999.0,
            "ssnamenr": "null",
            "drb": null
        },
        {
            "candid": 607285110515015028,
            "jd": 2458361.7851157,
            "ra": 266.0551475,
            "dec": 66.712922,
            "fid": 2,
            "nid": 607,
            "magpsf": 20.042299270629883,
            "sigmapsf": 0.20887500047683716,
            "magnr": 17.97100067138672,
            "sigmagnr": 0.0860000029206276,
            "magzpsci": 0.0,
            "isdiffpos": "t",
            "ssdistnr": -999.0,
            "ssnamenr": "null",
            "drb": null
        },
        {
            "candid": 613157510515015024,
            "jd": 2458367.6575116,
            "ra": 266.0552603,
            "dec": 66.7129157,
            "fid": 2,
            "nid": 613,
            "magpsf": 20.29400062561035,
            "sigmapsf": 0.17929600179195404,
            "magnr": 17.97100067138672,
            "sigmagnr": 0.0860000029206276,
            "magzpsci": 0.0,
            "isdiffpos": "t",
            "ssdistnr": -999.0,
            "ssnamenr": "null",
            "drb": null
        }
    ],
    "forcedphot": []
}