{
    "objectId": "ZTF18aaisybp",
    "candidates": [
        {
            "candid": 1182298682415015004,
            "jd": 2458936.7986806,
            "ra": 204.1228267,
            "dec": 47.5739766,
            "fid": 1,
            "nid": 1182,
            "magpsf": 17.9773006439209,
            "sigmapsf": 0.053369998931884766,
            "magnr": 17.672000885009766,
            "sigmagnr": 0.039000000804662704,
            "magzpsci": 26.24530029296875,
            "isdiffpos": "t",
            "ssdistnr": -999.0,
            "ssnamenr": "null",
            "drb": 0.9999989867210388
        },
        {
            "candid": 1182427632415015002,
            "jd": 2458936.9276389,
            "ra": 204.1228603,
            "dec": 47.573998,
            "fid": 2,
            "nid": 1182,
            "magpsf": 17.98740005493164,
            "sigmapsf": 0.07112500071525574,
            "magnr": 16.805999755859375,
            "sigmagnr": 0.041999999433755875,
            "magzpsci": 26.312400817871094,
            "isdiffpos": "t",
            "ssdistnr": -999.0,
            "ssnamenr": "null",
            "drb": 0.9999709725379944
        },
        {
            "candid": 1185347902415015001,
            "jd": 2458939.8479051,
            "ra": 204.1228244,
            "dec": 47.5739747,
            "fid": 1,
            "nid": 1185,
            "magpsf": 18.13159942626953,
            "sigmapsf": 0.08837000280618668,
            "magnr": 17.672000885009766,
            "sigmagnr": 0.039000000804662704,
            "magzpsci": 25.720600128173828,
            "isdiffpos": "t",
            "ssdistnr": -999.0,
            "ssnamenr": "null",
            "drb": 0.9999979734420776
        },
        {
            "candid": 1185423692415015000,
            "jd": 2458939.9236921,
            "ra": 204.1228802,
            "dec": 47.5739873,
            "fid": 2,
            "nid": 1185,
            "magpsf": 18.0939998626709,
            "sigmapsf": 0.07757499814033508,
            "magnr": 16.805999755859375,
            "sigmagnr": 0.041999999433755875,
            "magzpsci": 25.88599967956543,
            "isdiffpos": "t",
            "ssdistnr": -999.0,
            "ssnamenr": "null",
            "drb": 0.9998900294303894
        },
        {
            "candid": 1186386972415015001,
            "jd": 2458940.8869792,
            "ra": 204.122878,
            "dec": 47.573981,
            "fid": 1,
            "nid": 1186,
            "magpsf": 18.228700637817383,
            "sigmapsf": 0.08584299683570862,
            "magnr": 17.672000885009766,
            "sigmagnr": 0.039000000804662704,
            "magzpsci": 25.659700393676758,
            "isdiffpos": "t",
            "ssdistnr": -999.0,
            "ssnamenr": "null",
            "drb": 0.9999989867210388
        },
        {
            "candid": 1187426922415015001,
            "jd": 2458941.9269213,
            "ra": 204.1228284,
            "dec": 47.5739943,
            "fid": 2,
            "nid": 1187,
            "magpsf": 18.184600830078125,
            "sigmapsf": 0.06277400255203247,
            "magnr": 16.805999755859375,
            "sigmagnr": 0.041999999433755875,
            "magzpsci": 26.26959991455078,
            "isdiffpos": "t",
            "ssdistnr": -999.0,
            "ssnamenr": "null",
            "drb": 1.0
        },
        {
            "candid": 1187450132415015001,
            "jd": 2458941.9501389,
            "ra": 204.1228302,
            "dec": 47.5739583,
            "fid": 1,
            "nid": 1187,
            "magpsf": 18.328899383544922,
            "sigmapsf": 0.08066199719905853,
            "magnr": 17.672000885009766,
            "sigmagnr": 0.039000000804662704,
            "magzpsci": 26.252899169921875,
            "isdiffpos": "t",
            "ssdistnr": -999.0,
            "ssnamenr": "null",
            "drb": 0.9999600052833557
        },
        {
            "candid": 1189417102415015000,
            "jd": 2458943.9171065,
            "ra": 204.1228505,
            "dec": 47.5739978,
            "fid": 1,
            "nid": 1189,
            "magpsf": 18.498899459838867,
            "sigmapsf": 0.0744599997997284,
            "magnr": 17.672000885009766,
            "sigmagnr": 0.039000000804662704,
            "magzpsci": 26.25790023803711,
            "isdiffpos": "t",
            "ssdistnr": -999.0,
            "ssnamenr": "null",
            "drb": 1.0
        },
        {
            "candid": 1190475472415015000,
            "jd": 2458944.9754745,
            "ra": 204.1228865,
            "dec": 47.5739912,
            "fid": 1,
            "nid": 1190,
            "magpsf": 18.572500228881836,
            "sigmapsf": 0.09691400080919266,
            "magnr": 17.672000885009766,
            "sigmagnr": 0.039000000804662704,
            "magzpsci": 26.237499237060547,
            "isdiffpos": "t",
            "ssdistnr": -999.0,
            "ssnamenr": "null",
            "drb": 0.9999650120735168
        },
        {
            "candid": 1200311932415015004,
            "jd": 2458954.8119329,
            "ra": 204.1228362,
            "dec": 47.5739841,
            "fid": 1,
            "nid": 1200,
            "magpsf": 19.671899795532227,
            "sigmapsf": 0.11631400138139725,
            "magnr": 17.672000885009766,
            "sigmagnr": 0.039000000804662704,
            "magzpsci": 26.274900436401367,
            "isdiffpos": "t",
            "ssdistnr": -999.0,
            "ssnamenr": "null",
            "drb": 0.999987006187439
        },
        {
            "candid": 1200446232415015002,
            "jd": 2458954.9462384,
            "ra": 204.1228498,
            "dec": 47.5740098,
            "fid": 2,
            "nid": 1200,
            "magpsf": 18.531299591064453,
            "sigmapsf": 0.09623199701309204,
            "magnr": 16.805999755859375,
            "sigmagnr": 0.041999999433755875,
            "magzpsci": 26.24329948425293,
            "isdiffpos": "t",
            "ssdistnr": -999.0,
            "ssnamenr": "null",
            "drb": 0.9999949932098389
        },
        {
            "candid": 1201259912415015000,
            "jd": 2458955.759919,
            "ra": 204.122855,
            "dec": 47.5740137,
            "fid": 2,
            "nid": 1201,
            "magpsf": 18.659900665283203,
            "sigmapsf": 0.09158500283956528,
            "magnr": 16.805999755859375,
            "sigmagnr": 0.041999999433755875,
            "magzpsci": 26.304899215698242,
            "isdiffpos": "t",
            "ssdistnr": -999.0,
            "ssnamenr": "null",
            "drb": 0.9999979734420776
        },
        {
            "candid": 1201326902415015003,
            "jd": 2458955.8269097,
            "ra": 204.1229507,
            "dec": 47.5739642,
            "fid": 1,
            "nid": 1201,
            "magpsf": 19.96540069580078,
            "sigmapsf": 0.1548130065202713,
            "magnr": 17.672000885009766,
            "sigmagnr": 0.039000000804662704,
            "magzpsci": 26.297399520874023,
            "isdiffpos": "t",
            "ssdistnr": -999.0,
            "ssnamenr": "null",
            "drb": 0.9999920129776001
        },
        {
            "candid": 1208295542415015002,
            "jd": 2458962.795544,
            "ra": 204.1228584,
            "dec": 47.5739751,
            "fid": 2,
            "nid": 1208,
            "magpsf": 19.112899780273438,
            "sigmapsf": 0.12007299810647964,
            "magnr": 16.805999755859375,
            "sigmagnr": 0.041999999433755875,
            "magzpsci": 26.3169002532959,
            "isdiffpos": "t",
            "ssdistnr": -999.0,
            "ssnamenr": "null",
            "drb": 0.9994270205497742
        },
        {
            "candid": 1214363702415015000,
            "jd": 2458968.8637037,
            "ra": 204.1229378,
            "dec": 47.5739824,
            "fid": 2,
            "nid": 1214,
            "magpsf": 19.234399795532227,
            "sigmapsf": 0.11082199960947037,
            "magnr": 16.805999755859375,
            "sigmagnr": 0.041999999433755875,
            "magzpsci": 26.33139991760254,
            "isdiffpos": "t",
            "ssdistnr": -999.0,
            "ssnamenr": "null",
            "drb": 0.9999939799308777
        },
        {
            "candid": 1220271232415015001,
            "jd": 2458974.7712384,
            "ra": 204.1229366,
            "dec": 47.5739882,
            "fid": 2,
            "nid": 1220,
            "magpsf": 19.52790069580078,
            "sigmapsf": 0.16374200582504272,
            "magnr": 16.805999755859375,
            "sigmagnr": 0.041999999433755875,
            "magzpsci": 26.34589958190918,
            "isdiffpos": "t",
            "ssdistnr": -999.0,
            "ssnamenr": "null",
            "drb": 0.9999129772186279
        },
        {
            "candid": 1226330112415015002,
            "jd": 2458980.8301157,
            "ra": 204.1227571,
            "dec": 47.5739563,
            "fid": 2,
            "nid": 1226,
            "magpsf": 19.36750030517578,
            "sigmapsf": 0.19863900542259216,
            "magnr": 16.805999755859375,
            "sigmagnr": 0.041999999433755875,
            "magzpsci": 26.309499740600586,
            "isdiffpos": "t",
            "ssdistnr": -999.0,
            "ssnamenr": "null",
            "drb": 0.9999449849128723
        },
        {
            "jd": 2458906.95657,
            "fid": 2,
            "diffmaglim": 20.459999084472656
        },
        {
            "jd": 2458907.03763,
            "fid": 1,
            "diffmaglim": 20.097999572753906
        },
        {
            "jd": 2458908.9422,
            "fid": 2,
            "diffmaglim": 20.70800018310547
        },
        {
            "jd": 2458909.03248,
            "fid": 1,
            "diffmaglim": 20.472999572753906
        },
        {
            "jd": 2458911.91865,
            "fid": 1,
            "diffmaglim": 20.381000518798828
        },
        {
            "jd": 2458911.98317,
            "fid": 2,
            "diffmaglim": 20.28499984741211
        },
        {
            "jd": 2458912.96735,
            "fid": 2,
            "diffmaglim": 20.562000274658203
        },
        {
            "jd": 2458913.01907,
            "fid": 1,
            "diffmaglim": 20.827999114990234
        },
        {
            "jd": 2458913.96715,
            "fid": 2,
            "diffmaglim": 20.22800064086914
        },
        {
            "jd": 2458914.0095,
            "fid": 1,
            "diffmaglim": 20.496000289916992
        },
        {
            "jd": 2458914.97083,
            "fid": 1,
            "diffmaglim": 19.770999908447266
        },
        {
            "jd": 2458915.0123,
            "fid": 2,
            "diffmaglim": 20.667999267578125
        },
        {
            "jd": 2458915.9587,
            "fid": 1,
            "diffmaglim": 19.71500015258789
        },
        {
            "jd": 2458916.01057,
            "fid": 2,
            "diffmaglim": 18.900999069213867
        },
        {
            "jd": 2458917.88971,
            "fid": 1,
            "diffmaglim": 16.915000915527344
        },
        {
            "jd": 2458962.84367,
            "fid": 1,
            "diffmaglim": 20.77899932861328
        },
        {
            "jd": 2458965.76172,
            "fid": 1,
            "diffmaglim": 20.9060001373291
        },
        {
            "jd": 2458965.79964,
            "fid": 2,
            "diffmaglim": 20.750999450683594
        },
        {
            "jd": 2458968.80657,
            "fid": 1,
            "diffmaglim": 20.854000091552734
        }
    ],
    "forcedphot": []
}