{
    "objectId": "ZTF19aavoweu",
    "candidates": [
        {
            "candid": 878350541715015020,
            "jd": 2458632.850544,
            "ra": 247.208932,
            "dec": 39.83433,
            "fid": 1,
            "nid": 878,
            "magpsf": 19.993600845336914,
            "sigmapsf": 0.17845700681209564,
            "magnr": 18.367000579833984,
            "sigmagnr": 0.0989999994635582,
            "magzpsci": 26.15760040283203,
            "isdiffpos": "t",
            "ssdistnr": -999.0,
            "ssnamenr": "null",
            "drb": null
        },
        {
            "candid": 881220171715015032,
            "jd": 2458635.7201736,
            "ra": 247.2088986,
            "dec": 39.8343308,
            "fid": 1,
            "nid": 881,
            "magpsf": 19.750699996948242,
            "sigmapsf": 0.1613900065422058,
            "magnr": 18.367000579833984,
            "sigmagnr": 0.0989999994635582,
            "magzpsci": 26.128700256347656,
            "isdiffpos": "t",
            "ssdistnr": -999.0,
            "ssnamenr": "null",
            "drb": null
        },
        {
            "candid": 884279841715015008,
            "jd": 2458638.7798495,
            "ra": 247.2088749,
            "dec": 39.8343414,
            "fid": 2,
            "nid": 884,
            "magpsf": 18.895299911499023,
            "sigmapsf": 0.1010729968547821,
            "magnr": 17.81800079345703,
            "sigmagnr": 0.1469999998807907,
            "magzpsci": 26.135299682617188,
            "isdiffpos": "t",
            "ssdistnr": -999.0,
            "ssnamenr": "null",
            "drb": null
        },
        {
            "candid": 887228341715015043,
            "jd": 2458641.7283449,
            "ra": 247.2089201,
            "dec": 39.8343261,
            "fid": 1,
            "nid": 887,
            "magpsf": 19.305700302124023,
            "sigmapsf": 0.13383500277996063,
            "magnr": 18.367000579833984,
            "sigmagnr": 0.0989999994635582,
            "magzpsci": 26.08970069885254,
            "isdiffpos": "t",
            "ssdistnr": -999.0,
            "ssnamenr": "null",
            "drb": null
        },
        {
            "candid": 887305411715015009,
            "jd": 2458641.8054167,
            "ra": 247.2089086,
            "dec": 39.8343408,
            "fid": 2,
            "nid": 887,
            "magpsf": 18.528200149536133,
            "sigmapsf": 0.08062300086021423,
            "magnr": 17.81800079345703,
            "sigmagnr": 0.1469999998807907,
            "magzpsci": 26.1742000579834,
            "isdiffpos": "t",
            "ssdistnr": -999.0,
            "ssnamenr": "null",
            "drb": null
        },
        {
            "candid": 890221411715015027,
            "jd": 2458644.721412,
            "ra": 247.2089212,
            "dec": 39.8343352,
            "fid": 1,
            "nid": 890,
            "magpsf": 19.184099197387695,
            "sigmapsf": 0.1266629993915558,
            "magnr": 18.367000579833984,
            "sigmagnr": 0.0989999994635582,
            "magzpsci": 26.16510009765625,
            "isdiffpos": "t",
            "ssdistnr": -999.0,
            "ssnamenr": "null",
            "drb": null
        },
        {
            "candid": 890285611715015008,
            "jd": 2458644.7856134,
            "ra": 247.2089,
            "dec": 39.8343373,
            "fid": 2,
            "nid": 890,
            "magpsf": 18.378000259399414,
            "sigmapsf": 0.07446400076150894,
            "magnr": 17.81800079345703,
            "sigmagnr": 0.1469999998807907,
            "magzpsci": 26.176000595092773,
            "isdiffpos": "t",
            "ssdistnr": -999.0,
            "ssnamenr": "null",
            "drb": null
        },
        {
            "candid": 893223801715015015,
            "jd": 2458647.7238079,
            "ra": 247.2089097,
            "dec": 39.8342931,
            "fid": 1,
            "nid": 893,
            "magpsf": 19.271099090576172,
            "sigmapsf": 0.1537580043077469,
            "magnr": 18.367000579833984,
            "sigmagnr": 0.0989999994635582,
            "magzpsci": 26.172100067138672,
            "isdiffpos": "t",
            "ssdistnr": -999.0,
            "ssnamenr": "null",
            "drb": null
        },
        {
            "candid": 893261261715015007,
            "jd": 2458647.7612616,
            "ra": 247.2088797,
            "dec": 39.8343221,
            "fid": 2,
            "nid": 893,
            "magpsf": 18.34040069580078,
            "sigmapsf": 0.07232800126075745,
            "magnr": 17.81800079345703,
            "sigmagnr": 0.1469999998807907,
            "magzpsci": 26.17639923095703,
            "isdiffpos": "t",
            "ssdistnr": -999.0,
            "ssnamenr": "null",
            "drb": null
        },
        {
            "candid": 896218111715015014,
            "jd": 2458650.7181134,
            "ra": 247.2088865,
            "dec": 39.834278,
            "fid": 1,
            "nid": 896,
            "magpsf": 19.41349983215332,
            "sigmapsf": 0.19116300344467163,
            "magnr": 18.367000579833984,
            "sigmagnr": 0.0989999994635582,
            "magzpsci": 26.140499114990234,
            "isdiffpos": "t",
            "ssdistnr": -999.0,
            "ssnamenr": "null",
            "drb": null
        },
        {
            "candid": 896271121715015006,
            "jd": 2458650.7711227,
            "ra": 247.2089083,
            "dec": 39.8343478,
            "fid": 2,
            "nid": 896,
            "magpsf": 18.503799438476562,
            "sigmapsf": 0.08762600272893906,
            "magnr": 17.81800079345703,
            "sigmagnr": 0.1469999998807907,
            "magzpsci": 26.15679931640625,
            "isdiffpos": "t",
            "ssdistnr": -999.0,
            "ssnamenr": "null",
            "drb": null
        },
        {
            "candid": 903222971715015064,
            "jd": 2458657.7229745,
            "ra": 247.2088648,
            "dec": 39.8342749,
            "fid": 1,
            "nid": 903,
            "magpsf": 20.413999557495117,
            "sigmapsf": 0.24816399812698364,
            "magnr": 18.367000579833984,
            "sigmagnr": 0.0989999994635582,
            "magzpsci": 26.148000717163086,
            "isdiffpos": "t",
            "ssdistnr": -999.0,
            "ssnamenr": "-999.0",
            "drb": null
        },
        {
            "candid": 903263261715015007,
            "jd": 2458657.7632639,
            "ra": 247.2089138,
            "dec": 39.8343318,
            "fid": 2,
            "nid": 903,
            "magpsf": 18.90570068359375,
            "sigmapsf": 0.09930700063705444,
            "magnr": 17.81800079345703,
            "sigmagnr": 0.1469999998807907,
            "magzpsci": 26.15570068359375,
            "isdiffpos": "t",
            "ssdistnr": -999.0,
            "ssnamenr": "null",
            "drb": null
        },
        {
            "candid": 906245031715015018,
            "jd": 2458660.7450347,
            "ra": 247.2089321,
            "dec": 39.8343359,
            "fid": 2,
            "nid": 906,
            "magpsf": 19.014699935913086,
            "sigmapsf": 0.09922300279140472,
            "magnr": 17.81800079345703,
            "sigmagnr": 0.1469999998807907,
            "magzpsci": 26.185699462890625,
            "isdiffpos": "t",
            "ssdistnr": -999.0,
            "ssnamenr": "null",
            "drb": null
        },
        {
            "candid": 909312231715015006,
            "jd": 2458663.8122338,
            "ra": 247.2088643,
            "dec": 39.8343483,
            "fid": 2,
            "nid": 909,
            "magpsf": 19.20549964904785,
            "sigmapsf": 0.11479400098323822,
            "magnr": 17.81800079345703,
            "sigmagnr": 0.1469999998807907,
            "magzpsci": 26.14550018310547,
            "isdiffpos": "t",
            "ssdistnr": -999.0,
            "ssnamenr": "null",
            "drb": null
        },
        {
            "jd": 2458605.88551,
            "fid": 2,
            "diffmaglim": 20.551000595092773
        },
        {
            "jd": 2458606.7838,
            "fid": 2,
            "diffmaglim": 20.402999877929688
        },
        {
            "jd": 2458608.79899,
            "fid": 1,
            "diffmaglim": 20.547000885009766
        },
        {
            "jd": 2458608.86934,
            "fid": 2,
            "diffmaglim": 20.347000122070312
        },
        {
            "jd": 2458612.85417,
            "fid": 2,
            "diffmaglim": 20.948999404907227
        },
        {
            "jd": 2458616.87002,
            "fid": 2,
            "diffmaglim": 20.499000549316406
        },
        {
            "jd": 2458616.9501,
            "fid": 1,
            "diffmaglim": 20.886999130249023
        },
        {
            "jd": 2458617.7847,
            "fid": 2,
            "diffmaglim": 20.180999755859375
        },
        {
            "jd": 2458618.72788,
            "fid": 2,
            "diffmaglim": 19.864999771118164
        },
        {
            "jd": 2458619.76708,
            "fid": 1,
            "diffmaglim": 19.35099983215332
        },
        {
            "jd": 2458619.84601,
            "fid": 2,
            "diffmaglim": 19.4689998626709
        },
        {
            "jd": 2458632.79781,
            "fid": 2,
            "diffmaglim": 20.718000411987305
        },
        {
            "jd": 2458635.78008,
            "fid": 2,
            "diffmaglim": 20.968000411987305
        },
        {
            "jd": 2458638.8419,
            "fid": 1,
            "diffmaglim": 20.756000518798828
        },
        {
            "jd": 2458653.70352,
            "fid": 2,
            "diffmaglim": 20.194000244140625
        },
        {
            "jd": 2458653.80294,
            "fid": 1,
            "diffmaglim": 19.788000106811523
        },
        {
            "jd": 2458660.70109,
            "fid": 1,
            "diffmaglim": 20.91699981689453
        }
    ],
    "forcedphot": []
}