{
    "objectId": "ZTF19abauylg",
    "candidates": [
        {
            "candid": 906206606215015009,
            "jd": 2458660.7066088,
            "ra": 250.5451749,
            "dec": 6.9840208,
            "fid": 1,
            "nid": 906,
            "magpsf": 18.873600006103516,
            "sigmapsf": 0.08404800295829773,
            "magnr": 19.538999557495117,
            "sigmagnr": 0.052000001072883606,
            "magzpsci": 26.11359977722168,
            "isdiffpos": "t",
            "ssdistnr": -999.0,
            "ssnamenr": "null",
            "drb": null
        },
        {
            "candid": 906207065115015007,
            "jd": 2458660.7070602,
            "ra": 250.5451776,
            "dec": 6.9840043,
            "fid": 1,
            "nid": 906,
            "magpsf": 18.877700805664062,
            "sigmapsf": 0.09003999829292297,
            "magnr": 19.777000427246094,
            "sigmagnr": 0.07199999690055847,
            "magzpsci": 26.126699447631836,
            "isdiffpos": "t",
            "ssdistnr": -999.0,
            "ssnamenr": "null",
            "drb": null
        },
        {
            "candid": 909210455115015007,
            "jd": 2458663.7104514,
            "ra": 250.5451567,
            "dec": 6.9840254,
            "fid": 1,
            "nid": 909,
            "magpsf": 17.232500076293945,
            "sigmapsf": 0.04068300127983093,
            "magnr": 19.777000427246094,
            "sigmagnr": 0.07199999690055847,
            "magzpsci": 26.122499465942383,
            "isdiffpos": "t",
            "ssdistnr": -999.0,
            "ssnamenr": "null",
            "drb": null
        },
        {
            "candid": 909301155115015006,
            "jd": 2458663.8011574,
            "ra": 250.545159,
            "dec": 6.984021,
            "fid": 2,
            "nid": 909,
            "magpsf": 17.2632999420166,
            "sigmapsf": 0.0423009991645813,
            "magnr": 19.586999893188477,
            "sigmagnr": 0.07400000095367432,
            "magzpsci": 26.06529998779297,
            "isdiffpos": "t",
            "ssdistnr": -999.0,
            "ssnamenr": "null",
            "drb": null
        },
        {
            "candid": 909316266215015004,
            "jd": 2458663.8162616,
            "ra": 250.5451616,
            "dec": 6.9840262,
            "fid": 2,
            "nid": 909,
            "magpsf": 17.265899658203125,
            "sigmapsf": 0.04397600144147873,
            "magnr": 19.288000106811523,
            "sigmagnr": 0.10100000351667404,
            "magzpsci": 26.0039005279541,
            "isdiffpos": "t",
            "ssdistnr": -999.0,
            "ssnamenr": "null",
            "drb": null
        },
        {
            "candid": 912210925115015015,
            "jd": 2458666.7109259,
            "ra": 250.5451556,
            "dec": 6.9840227,
            "fid": 1,
            "nid": 912,
            "magpsf": 16.923999786376953,
            "sigmapsf": 0.0556659996509552,
            "magnr": 19.777000427246094,
            "sigmagnr": 0.07199999690055847,
            "magzpsci": 26.148000717163086,
            "isdiffpos": "t",
            "ssdistnr": -999.0,
            "ssnamenr": "null",
            "drb": null
        },
        {
            "candid": 912230426215015007,
            "jd": 2458666.7304282,
            "ra": 250.5451605,
            "dec": 6.9840233,
            "fid": 1,
            "nid": 912,
            "magpsf": 16.921100616455078,
            "sigmapsf": 0.03884200006723404,
            "magnr": 19.538999557495117,
            "sigmagnr": 0.052000001072883606,
            "magzpsci": 26.116100311279297,
            "isdiffpos": "t",
            "ssdistnr": -999.0,
            "ssnamenr": "null",
            "drb": null
        },
        {
            "candid": 912252026215015005,
            "jd": 2458666.7520255,
            "ra": 250.5451609,
            "dec": 6.9840254,
            "fid": 2,
            "nid": 912,
            "magpsf": 16.891799926757812,
            "sigmapsf": 0.048535000532865524,
            "magnr": 19.288000106811523,
            "sigmagnr": 0.10100000351667404,
            "magzpsci": 26.051799774169922,
            "isdiffpos": "t",
            "ssdistnr": -999.0,
            "ssnamenr": "null",
            "drb": null
        },
        {
            "candid": 912254795115015013,
            "jd": 2458666.7547917,
            "ra": 250.5451637,
            "dec": 6.984011,
            "fid": 2,
            "nid": 912,
            "magpsf": 16.899799346923828,
            "sigmapsf": 0.040320999920368195,
            "magnr": 19.586999893188477,
            "sigmagnr": 0.07400000095367432,
            "magzpsci": 26.09280014038086,
            "isdiffpos": "t",
            "ssdistnr": -999.0,
            "ssnamenr": "null",
            "drb": null
        },
        {
            "candid": 915314276215015009,
            "jd": 2458669.8142708,
            "ra": 250.5451645,
            "dec": 6.9840288,
            "fid": 2,
            "nid": 915,
            "magpsf": 16.759199142456055,
            "sigmapsf": 0.0493599995970726,
            "magnr": 19.288000106811523,
            "sigmagnr": 0.10100000351667404,
            "magzpsci": 26.035200119018555,
            "isdiffpos": "t",
            "ssdistnr": -999.0,
            "ssnamenr": "null",
            "drb": null
        },
        {
            "candid": 915314725115015014,
            "jd": 2458669.8147222,
            "ra": 250.5451646,
            "dec": 6.9840113,
            "fid": 2,
            "nid": 915,
            "magpsf": 16.737600326538086,
            "sigmapsf": 0.05283400043845177,
            "magnr": 19.586999893188477,
            "sigmagnr": 0.07400000095367432,
            "magzpsci": 26.063600540161133,
            "isdiffpos": "t",
            "ssdistnr": -999.0,
            "ssnamenr": "null",
            "drb": null
        },
        {
            "candid": 918208915115015011,
            "jd": 2458672.708912,
            "ra": 250.545162,
            "dec": 6.9840226,
            "fid": 2,
            "nid": 918,
            "magpsf": 16.69890022277832,
            "sigmapsf": 0.03805899992585182,
            "magnr": 19.586999893188477,
            "sigmagnr": 0.07400000095367432,
            "magzpsci": 26.045900344848633,
            "isdiffpos": "t",
            "ssdistnr": -999.0,
            "ssnamenr": "null",
            "drb": null
        },
        {
            "candid": 918209816215015013,
            "jd": 2458672.7098148,
            "ra": 250.5451607,
            "dec": 6.9840182,
            "fid": 2,
            "nid": 918,
            "magpsf": 16.710599899291992,
            "sigmapsf": 0.03941499814391136,
            "magnr": 19.288000106811523,
            "sigmagnr": 0.10100000351667404,
            "magzpsci": 25.998600006103516,
            "isdiffpos": "t",
            "ssdistnr": -999.0,
            "ssnamenr": "null",
            "drb": null
        },
        {
            "candid": 918299006215015019,
            "jd": 2458672.7990046,
            "ra": 250.5451605,
            "dec": 6.9840277,
            "fid": 1,
            "nid": 918,
            "magpsf": 16.85569953918457,
            "sigmapsf": 0.0481330007314682,
            "magnr": 19.538999557495117,
            "sigmagnr": 0.052000001072883606,
            "magzpsci": 26.045700073242188,
            "isdiffpos": "t",
            "ssdistnr": -999.0,
            "ssnamenr": "null",
            "drb": null
        },
        {
            "candid": 918299455115015010,
            "jd": 2458672.799456,
            "ra": 250.5451646,
            "dec": 6.9840153,
            "fid": 1,
            "nid": 918,
            "magpsf": 16.843900680541992,
            "sigmapsf": 0.03402800112962723,
            "magnr": 19.777000427246094,
            "sigmagnr": 0.07199999690055847,
            "magzpsci": 26.083900451660156,
            "isdiffpos": "t",
            "ssdistnr": -999.0,
            "ssnamenr": "null",
            "drb": null
        },
        {
            "candid": 921231926215015003,
            "jd": 2458675.7319213,
            "ra": 250.5451524,
            "dec": 6.9839989,
            "fid": 2,
            "nid": 921,
            "magpsf": 16.825700759887695,
            "sigmapsf": 0.05669499933719635,
            "magnr": 19.288000106811523,
            "sigmagnr": 0.10100000351667404,
            "magzpsci": 26.036699295043945,
            "isdiffpos": "t",
            "ssdistnr": -999.0,
            "ssnamenr": "null",
            "drb": null
        },
        {
            "candid": 921246205115015005,
            "jd": 2458675.7462037,
            "ra": 250.545159,
            "dec": 6.9840112,
            "fid": 2,
            "nid": 921,
            "magpsf": 16.82029914855957,
            "sigmapsf": 0.030388999730348587,
            "magnr": 19.586999893188477,
            "sigmagnr": 0.07400000095367432,
            "magzpsci": 26.069299697875977,
            "isdiffpos": "t",
            "ssdistnr": -999.0,
            "ssnamenr": "null",
            "drb": null
        },
        {
            "candid": 921295325115015004,
            "jd": 2458675.7953241,
            "ra": 250.545162,
            "dec": 6.9840102,
            "fid": 1,
            "nid": 921,
            "magpsf": 17.03510093688965,
            "sigmapsf": 0.04564199969172478,
            "magnr": 19.777000427246094,
            "sigmagnr": 0.07199999690055847,
            "magzpsci": 26.09709930419922,
            "isdiffpos": "t",
            "ssdistnr": -999.0,
            "ssnamenr": "null",
            "drb": null
        },
        {
            "candid": 921310996215015001,
            "jd": 2458675.8109954,
            "ra": 250.5451748,
            "dec": 6.9840279,
            "fid": 1,
            "nid": 921,
            "magpsf": 17.0580997467041,
            "sigmapsf": 0.043439000844955444,
            "magnr": 19.538999557495117,
            "sigmagnr": 0.052000001072883606,
            "magzpsci": 26.068099975585938,
            "isdiffpos": "t",
            "ssdistnr": -999.0,
            "ssnamenr": "null",
            "drb": null
        },
        {
            "candid": 924209585115015002,
            "jd": 2458678.7095833,
            "ra": 250.545177,
            "dec": 6.9840062,
            "fid": 2,
            "nid": 924,
            "magpsf": 16.930700302124023,
            "sigmapsf": 0.029335999861359596,
            "magnr": 19.586999893188477,
            "sigmagnr": 0.07400000095367432,
            "magzpsci": 26.08370018005371,
            "isdiffpos": "t",
            "ssdistnr": -999.0,
            "ssnamenr": "null",
            "drb": null
        },
        {
            "candid": 924210976215015005,
            "jd": 2458678.7109722,
            "ra": 250.5451662,
            "dec": 6.9840171,
            "fid": 2,
            "nid": 924,
            "magpsf": 16.885099411010742,
            "sigmapsf": 0.03518100082874298,
            "magnr": 19.288000106811523,
            "sigmagnr": 0.10100000351667404,
            "magzpsci": 26.055099487304688,
            "isdiffpos": "t",
            "ssdistnr": -999.0,
            "ssnamenr": "null",
            "drb": null
        },
        {
            "candid": 927270575115015004,
            "jd": 2458681.7705787,
            "ra": 250.5451629,
            "dec": 6.9840347,
            "fid": 2,
            "nid": 927,
            "magpsf": 17.094900131225586,
            "sigmapsf": 0.051086001098155975,
            "magnr": 19.586999893188477,
            "sigmagnr": 0.07400000095367432,
            "magzpsci": 26.087900161743164,
            "isdiffpos": "t",
            "ssdistnr": -999.0,
            "ssnamenr": "null",
            "drb": null
        },
        {
            "candid": 928271156215015003,
            "jd": 2458682.7711574,
            "ra": 250.5451782,
            "dec": 6.9840356,
            "fid": 2,
            "nid": 928,
            "magpsf": 17.154300689697266,
            "sigmapsf": 0.04129499942064285,
            "magnr": 19.288000106811523,
            "sigmagnr": 0.10100000351667404,
            "magzpsci": 26.042299270629883,
            "isdiffpos": "t",
            "ssdistnr": -999.0,
            "ssnamenr": "null",
            "drb": null
        },
        {
            "candid": 930169675115015016,
            "jd": 2458684.6696759,
            "ra": 250.5451652,
            "dec": 6.9840207,
            "fid": 2,
            "nid": 930,
            "magpsf": 17.265199661254883,
            "sigmapsf": 0.047814998775720596,
            "magnr": 19.586999893188477,
            "sigmagnr": 0.07400000095367432,
            "magzpsci": 26.0802001953125,
            "isdiffpos": "t",
            "ssdistnr": -999.0,
            "ssnamenr": "null",
            "drb": null
        },
        {
            "candid": 930209785115015010,
            "jd": 2458684.7097801,
            "ra": 250.5451683,
            "dec": 6.9840288,
            "fid": 1,
            "nid": 930,
            "magpsf": 18.000900268554688,
            "sigmapsf": 0.07067699730396271,
            "magnr": 19.777000427246094,
            "sigmagnr": 0.07199999690055847,
            "magzpsci": 26.155899047851562,
            "isdiffpos": "t",
            "ssdistnr": -999.0,
            "ssnamenr": "null",
            "drb": null
        },
        {
            "candid": 931208496215015021,
            "jd": 2458685.7084954,
            "ra": 250.5451598,
            "dec": 6.9840342,
            "fid": 1,
            "nid": 931,
            "magpsf": 18.135799407958984,
            "sigmapsf": 0.05830800160765648,
            "magnr": 19.538999557495117,
            "sigmagnr": 0.052000001072883606,
            "magzpsci": 26.120800018310547,
            "isdiffpos": "t",
            "ssdistnr": -999.0,
            "ssnamenr": "null",
            "drb": null
        },
        {
            "candid": 931317456215015003,
            "jd": 2458685.8174537,
            "ra": 250.54515,
            "dec": 6.9840312,
            "fid": 2,
            "nid": 931,
            "magpsf": 17.30229949951172,
            "sigmapsf": 0.04426699876785278,
            "magnr": 19.288000106811523,
            "sigmagnr": 0.10100000351667404,
            "magzpsci": 25.991300582885742,
            "isdiffpos": "t",
            "ssdistnr": -999.0,
            "ssnamenr": "null",
            "drb": null
        },
        {
            "candid": 933164665115015009,
            "jd": 2458687.6646644,
            "ra": 250.545091,
            "dec": 6.9838607,
            "fid": 2,
            "nid": 933,
            "magpsf": 17.353599548339844,
            "sigmapsf": 0.2961130142211914,
            "magnr": 19.586999893188477,
            "sigmagnr": 0.07400000095367432,
            "magzpsci": 23.38559913635254,
            "isdiffpos": "t",
            "ssdistnr": -999.0,
            "ssnamenr": "-999.0",
            "drb": null
        },
        {
            "candid": 935170236215015006,
            "jd": 2458689.6702315,
            "ra": 250.5451595,
            "dec": 6.9840238,
            "fid": 2,
            "nid": 935,
            "magpsf": 17.640300750732422,
            "sigmapsf": 0.042406998574733734,
            "magnr": 19.288000106811523,
            "sigmagnr": 0.10100000351667404,
            "magzpsci": 25.617300033569336,
            "isdiffpos": "t",
            "ssdistnr": -999.0,
            "ssnamenr": "null",
            "drb": null
        },
        {
            "candid": 936187535115015007,
            "jd": 2458690.6875347,
            "ra": 250.5451664,
            "dec": 6.9840345,
            "fid": 2,
            "nid": 936,
            "magpsf": 17.73390007019043,
            "sigmapsf": 0.06216299906373024,
            "magnr": 19.586999893188477,
            "sigmagnr": 0.07400000095367432,
            "magzpsci": 25.99690055847168,
            "isdiffpos": "t",
            "ssdistnr": -999.0,
            "ssnamenr": "null",
            "drb": null
        },
        {
            "candid": 936190035115015011,
            "jd": 2458690.6900347,
            "ra": 250.5451662,
            "dec": 6.984031,
            "fid": 1,
            "nid": 936,
            "magpsf": 18.604999542236328,
            "sigmapsf": 0.09052900224924088,
            "magnr": 19.777000427246094,
            "sigmagnr": 0.07199999690055847,
            "magzpsci": 26.069000244140625,
            "isdiffpos": "t",
            "ssdistnr": -999.0,
            "ssnamenr": "null",
            "drb": null
        },
        {
            "candid": 938171636215015014,
            "jd": 2458692.6716319,
            "ra": 250.5451618,
            "dec": 6.9840386,
            "fid": 2,
            "nid": 938,
            "magpsf": 17.78809928894043,
            "sigmapsf": 0.07417699694633484,
            "magnr": 19.288000106811523,
            "sigmagnr": 0.10100000351667404,
            "magzpsci": 25.767099380493164,
            "isdiffpos": "t",
            "ssdistnr": -999.0,
            "ssnamenr": "null",
            "drb": null
        },
        {
            "candid": 938217766215015014,
            "jd": 2458692.7177662,
            "ra": 250.5451438,
            "dec": 6.9840355,
            "fid": 1,
            "nid": 938,
            "magpsf": 18.695600509643555,
            "sigmapsf": 0.09329299628734589,
            "magnr": 19.538999557495117,
            "sigmagnr": 0.052000001072883606,
            "magzpsci": 26.103599548339844,
            "isdiffpos": "t",
            "ssdistnr": -999.0,
            "ssnamenr": "null",
            "drb": null
        },
        {
            "candid": 940179185115015016,
            "jd": 2458694.6791898,
            "ra": 250.5451727,
            "dec": 6.9840193,
            "fid": 2,
            "nid": 940,
            "magpsf": 17.986600875854492,
            "sigmapsf": 0.05467899888753891,
            "magnr": 19.586999893188477,
            "sigmagnr": 0.07400000095367432,
            "magzpsci": 26.072599411010742,
            "isdiffpos": "t",
            "ssdistnr": -999.0,
            "ssnamenr": "null",
            "drb": null
        },
        {
            "candid": 940228735115015011,
            "jd": 2458694.7287384,
            "ra": 250.5451644,
            "dec": 6.984016,
            "fid": 1,
            "nid": 940,
            "magpsf": 18.879199981689453,
            "sigmapsf": 0.09375300258398056,
            "magnr": 19.777000427246094,
            "sigmagnr": 0.07199999690055847,
            "magzpsci": 26.12019920349121,
            "isdiffpos": "t",
            "ssdistnr": -999.0,
            "ssnamenr": "null",
            "drb": null
        },
        {
            "candid": 941225776215015011,
            "jd": 2458695.7257755,
            "ra": 250.5451795,
            "dec": 6.984019,
            "fid": 2,
            "nid": 941,
            "magpsf": 18.094499588012695,
            "sigmapsf": 0.06794700026512146,
            "magnr": 19.288000106811523,
            "sigmagnr": 0.10100000351667404,
            "magzpsci": 26.037500381469727,
            "isdiffpos": "t",
            "ssdistnr": -999.0,
            "ssnamenr": "null",
            "drb": null
        },
        {
            "candid": 944172556215015005,
            "jd": 2458698.6725579,
            "ra": 250.5451612,
            "dec": 6.984028,
            "fid": 2,
            "nid": 944,
            "magpsf": 18.206100463867188,
            "sigmapsf": 0.06992299854755402,
            "magnr": 19.288000106811523,
            "sigmagnr": 0.10100000351667404,
            "magzpsci": 25.757099151611328,
            "isdiffpos": "t",
            "ssdistnr": -999.0,
            "ssnamenr": "null",
            "drb": null
        },
        {
            "candid": 944173465115015009,
            "jd": 2458698.6734606,
            "ra": 250.5451713,
            "dec": 6.9840177,
            "fid": 2,
            "nid": 944,
            "magpsf": 18.261899948120117,
            "sigmapsf": 0.10544399917125702,
            "magnr": 19.586999893188477,
            "sigmagnr": 0.07400000095367432,
            "magzpsci": 25.580900192260742,
            "isdiffpos": "t",
            "ssdistnr": -999.0,
            "ssnamenr": "null",
            "drb": null
        },
        {
            "candid": 944190795115015018,
            "jd": 2458698.6907986,
            "ra": 250.5451148,
            "dec": 6.9840314,
            "fid": 1,
            "nid": 944,
            "magpsf": 19.287099838256836,
            "sigmapsf": 0.18870699405670166,
            "magnr": 19.777000427246094,
            "sigmagnr": 0.07199999690055847,
            "magzpsci": 25.105100631713867,
            "isdiffpos": "t",
            "ssdistnr": -999.0,
            "ssnamenr": "null",
            "drb": null
        },
        {
            "candid": 951262585115015003,
            "jd": 2458705.762581,
            "ra": 250.5452336,
            "dec": 6.9840241,
            "fid": 1,
            "nid": 951,
            "magpsf": 19.430599212646484,
            "sigmapsf": 0.16345900297164917,
            "magnr": 19.777000427246094,
            "sigmagnr": 0.07199999690055847,
            "magzpsci": 26.04560089111328,
            "isdiffpos": "t",
            "ssdistnr": -999.0,
            "ssnamenr": "null",
            "drb": null
        },
        {
            "candid": 951263036215015005,
            "jd": 2458705.7630324,
            "ra": 250.5451915,
            "dec": 6.9840471,
            "fid": 1,
            "nid": 951,
            "magpsf": 19.108800888061523,
            "sigmapsf": 0.163100004196167,
            "magnr": 19.538999557495117,
            "sigmagnr": 0.052000001072883606,
            "magzpsci": 25.988800048828125,
            "isdiffpos": "t",
            "ssdistnr": -999.0,
            "ssnamenr": "null",
            "drb": null
        },
        {
            "candid": 954170966215015006,
            "jd": 2458708.6709606,
            "ra": 250.5451165,
            "dec": 6.9840316,
            "fid": 1,
            "nid": 954,
            "magpsf": 19.495399475097656,
            "sigmapsf": 0.1638849973678589,
            "magnr": 19.538999557495117,
            "sigmagnr": 0.052000001072883606,
            "magzpsci": 26.100400924682617,
            "isdiffpos": "t",
            "ssdistnr": -999.0,
            "ssnamenr": "null",
            "drb": null
        },
        {
            "candid": 957237876215015004,
            "jd": 2458711.7378704,
            "ra": 250.5451678,
            "dec": 6.9839994,
            "fid": 1,
            "nid": 957,
            "magpsf": 19.51689910888672,
            "sigmapsf": 0.20502600073814392,
            "magnr": 19.538999557495117,
            "sigmagnr": 0.052000001072883606,
            "magzpsci": 26.068899154663086,
            "isdiffpos": "t",
            "ssdistnr": -999.0,
            "ssnamenr": "null",
            "drb": 0.9995520114898682
        },
        {
            "candid": 957275105115015003,
            "jd": 2458711.7751042,
            "ra": 250.5452183,
            "dec": 6.9840371,
            "fid": 2,
            "nid": 957,
            "magpsf": 18.70479965209961,
            "sigmapsf": 0.1292939931154251,
            "magnr": 19.586999893188477,
            "sigmagnr": 0.07400000095367432,
            "magzpsci": 26.034799575805664,
            "isdiffpos": "t",
            "ssdistnr": -999.0,
            "ssnamenr": "null",
            "drb": 0.9999989867210388
        },
        {
            "candid": 960146265115015020,
            "jd": 2458714.6462616,
            "ra": 250.5451452,
            "dec": 6.9840194,
            "fid": 2,
            "nid": 960,
            "magpsf": 18.84709930419922,
            "sigmapsf": 0.10665900260210037,
            "magnr": 19.586999893188477,
            "sigmagnr": 0.07400000095367432,
            "magzpsci": 26.074100494384766,
            "isdiffpos": "t",
            "ssdistnr": -999.0,
            "ssnamenr": "null",
            "drb": 0.9996790289878845
        },
        {
            "candid": 960149325115015012,
            "jd": 2458714.6493287,
            "ra": 250.5451883,
            "dec": 6.9839737,
            "fid": 1,
            "nid": 960,
            "magpsf": 19.434799194335938,
            "sigmapsf": 0.14035899937152863,
            "magnr": 19.777000427246094,
            "sigmagnr": 0.07199999690055847,
            "magzpsci": 26.113800048828125,
            "isdiffpos": "t",
            "ssdistnr": -999.0,
            "ssnamenr": "null",
            "drb": 0.9999920129776001
        },
        {
            "candid": 960218816215015009,
            "jd": 2458714.7188194,
            "ra": 250.5451809,
            "dec": 6.98402,
            "fid": 1,
            "nid": 960,
            "magpsf": 19.613399505615234,
            "sigmapsf": 0.15014199912548065,
            "magnr": 19.538999557495117,
            "sigmagnr": 0.052000001072883606,
            "magzpsci": 26.045400619506836,
            "isdiffpos": "t",
            "ssdistnr": -999.0,
            "ssnamenr": "null",
            "drb": 0.9999949932098389
        },
        {
            "candid": 964140675115015008,
            "jd": 2458718.6406713,
            "ra": 250.5452068,
            "dec": 6.9840238,
            "fid": 2,
            "nid": 964,
            "magpsf": 19.154800415039062,
            "sigmapsf": 0.15282900631427765,
            "magnr": 19.586999893188477,
            "sigmagnr": 0.07400000095367432,
            "magzpsci": 26.05579948425293,
            "isdiffpos": "t",
            "ssdistnr": -999.0,
            "ssnamenr": "null",
            "drb": 0.9991490244865417
        },
        {
            "candid": 964149455115015019,
            "jd": 2458718.649456,
            "ra": 250.5451664,
            "dec": 6.9839917,
            "fid": 1,
            "nid": 964,
            "magpsf": 19.58880043029785,
            "sigmapsf": 0.16948099434375763,
            "magnr": 19.777000427246094,
            "sigmagnr": 0.07199999690055847,
            "magzpsci": 26.100799560546875,
            "isdiffpos": "t",
            "ssdistnr": -999.0,
            "ssnamenr": "null",
            "drb": 0.9993820190429688
        },
        {
            "candid": 964171626215015019,
            "jd": 2458718.6716204,
            "ra": 250.5451654,
            "dec": 6.9839556,
            "fid": 1,
            "nid": 964,
            "magpsf": 19.672100067138672,
            "sigmapsf": 0.132423996925354,
            "magnr": 19.538999557495117,
            "sigmagnr": 0.052000001072883606,
            "magzpsci": 26.072099685668945,
            "isdiffpos": "t",
            "ssdistnr": -999.0,
            "ssnamenr": "null",
            "drb": 1.0
        },
        {
            "candid": 970167065115015010,
            "jd": 2458724.6670602,
            "ra": 250.545184,
            "dec": 6.984023,
            "fid": 2,
            "nid": 970,
            "magpsf": 19.214099884033203,
            "sigmapsf": 0.11689499765634537,
            "magnr": 19.586999893188477,
            "sigmagnr": 0.07400000095367432,
            "magzpsci": 26.033100128173828,
            "isdiffpos": "t",
            "ssdistnr": -999.0,
            "ssnamenr": "null",
            "drb": 0.9996989965438843
        },
        {
            "candid": 970187385115015010,
            "jd": 2458724.6873843,
            "ra": 250.5451508,
            "dec": 6.9840459,
            "fid": 1,
            "nid": 970,
            "magpsf": 19.68790054321289,
            "sigmapsf": 0.14402100443840027,
            "magnr": 19.777000427246094,
            "sigmagnr": 0.07199999690055847,
            "magzpsci": 26.08690071105957,
            "isdiffpos": "t",
            "ssdistnr": -999.0,
            "ssnamenr": "null",
            "drb": 0.9990149736404419
        },
        {
            "candid": 971158336215015009,
            "jd": 2458725.6583333,
            "ra": 250.545137,
            "dec": 6.9839893,
            "fid": 1,
            "nid": 971,
            "magpsf": 19.688199996948242,
            "sigmapsf": 0.16567599773406982,
            "magnr": 19.538999557495117,
            "sigmagnr": 0.052000001072883606,
            "magzpsci": 26.053199768066406,
            "isdiffpos": "t",
            "ssdistnr": -999.0,
            "ssnamenr": "null",
            "drb": 0.9998949766159058
        },
        {
            "candid": 971236596215015002,
            "jd": 2458725.7365972,
            "ra": 250.5451496,
            "dec": 6.984039,
            "fid": 2,
            "nid": 971,
            "magpsf": 19.320199966430664,
            "sigmapsf": 0.14620700478553772,
            "magnr": 19.288000106811523,
            "sigmagnr": 0.10100000351667404,
            "magzpsci": 25.949199676513672,
            "isdiffpos": "t",
            "ssdistnr": -999.0,
            "ssnamenr": "null",
            "drb": 0.9998670220375061
        },
        {
            "candid": 980125596215015015,
            "jd": 2458734.6255903,
            "ra": 250.5452597,
            "dec": 6.9840842,
            "fid": 2,
            "nid": 980,
            "magpsf": 19.213899612426758,
            "sigmapsf": 0.19013699889183044,
            "magnr": 19.288000106811523,
            "sigmagnr": 0.10100000351667404,
            "magzpsci": 26.02389907836914,
            "isdiffpos": "t",
            "ssdistnr": -999.0,
            "ssnamenr": "null",
            "drb": 0.9992949962615967
        },
        {
            "jd": 2458633.77032,
            "fid": 1,
            "diffmaglim": 20.660999298095703
        },
        {
            "jd": 2458633.77078,
            "fid": 1,
            "diffmaglim": 20.673999786376953
        },
        {
            "jd": 2458633.81361,
            "fid": 2,
            "diffmaglim": 20.684999465942383
        },
        {
            "jd": 2458633.83481,
            "fid": 2,
            "diffmaglim": 20.632999420166016
        },
        {
            "jd": 2458636.81532,
            "fid": 2,
            "diffmaglim": 20.656999588012695
        },
        {
            "jd": 2458636.81623,
            "fid": 2,
            "diffmaglim": 20.691999435424805
        },
        {
            "jd": 2458639.75372,
            "fid": 1,
            "diffmaglim": 20.770000457763672
        },
        {
            "jd": 2458639.75507,
            "fid": 1,
            "diffmaglim": 20.773000717163086
        },
        {
            "jd": 2458639.79517,
            "fid": 2,
            "diffmaglim": 20.510000228881836
        },
        {
            "jd": 2458639.79653,
            "fid": 2,
            "diffmaglim": 20.631999969482422
        },
        {
            "jd": 2458642.77272,
            "fid": 2,
            "diffmaglim": 20.788000106811523
        },
        {
            "jd": 2458642.77362,
            "fid": 2,
            "diffmaglim": 20.711000442504883
        },
        {
            "jd": 2458642.79479,
            "fid": 1,
            "diffmaglim": 20.802000045776367
        },
        {
            "jd": 2458645.74939,
            "fid": 1,
            "diffmaglim": 19.974000930786133
        },
        {
            "jd": 2458645.74984,
            "fid": 1,
            "diffmaglim": 19.993000030517578
        },
        {
            "jd": 2458645.79269,
            "fid": 2,
            "diffmaglim": 20.19300079345703
        },
        {
            "jd": 2458645.79359,
            "fid": 2,
            "diffmaglim": 20.264999389648438
        },
        {
            "jd": 2458648.73032,
            "fid": 2,
            "diffmaglim": 19.163999557495117
        },
        {
            "jd": 2458648.73078,
            "fid": 2,
            "diffmaglim": 19.239999771118164
        },
        {
            "jd": 2458648.81572,
            "fid": 1,
            "diffmaglim": 19.3700008392334
        },
        {
            "jd": 2458648.83789,
            "fid": 1,
            "diffmaglim": 19.392000198364258
        },
        {
            "jd": 2458651.71285,
            "fid": 1,
            "diffmaglim": 18.614999771118164
        },
        {
            "jd": 2458651.7133,
            "fid": 1,
            "diffmaglim": 18.749000549316406
        },
        {
            "jd": 2458651.77368,
            "fid": 2,
            "diffmaglim": 18.91699981689453
        },
        {
            "jd": 2458651.79257,
            "fid": 2,
            "diffmaglim": 19.183000564575195
        },
        {
            "jd": 2458654.71134,
            "fid": 2,
            "diffmaglim": 20.472999572753906
        },
        {
            "jd": 2458654.77444,
            "fid": 1,
            "diffmaglim": 19.719999313354492
        },
        {
            "jd": 2458654.79741,
            "fid": 1,
            "diffmaglim": 19.621999740600586
        },
        {
            "jd": 2458654.84449,
            "fid": 2,
            "diffmaglim": 19.660999298095703
        },
        {
            "jd": 2458657.73088,
            "fid": 1,
            "diffmaglim": 20.5
        },
        {
            "jd": 2458657.73178,
            "fid": 1,
            "diffmaglim": 20.490999221801758
        },
        {
            "jd": 2458657.84014,
            "fid": 2,
            "diffmaglim": 20.17300033569336
        },
        {
            "jd": 2458657.84059,
            "fid": 2,
            "diffmaglim": 20.19099998474121
        },
        {
            "jd": 2458701.67323,
            "fid": 2,
            "diffmaglim": 15.156000137329102
        },
        {
            "jd": 2458701.67419,
            "fid": 2,
            "diffmaglim": 15.319000244140625
        },
        {
            "jd": 2458708.67339,
            "fid": 1,
            "diffmaglim": 19.63599967956543
        },
        {
            "jd": 2458711.73742,
            "fid": 1,
            "diffmaglim": 19.5
        },
        {
            "jd": 2458711.77465,
            "fid": 2,
            "diffmaglim": 19.5310001373291
        },
        {
            "jd": 2458721.64721,
            "fid": 1,
            "diffmaglim": 18.30900001525879
        },
        {
            "jd": 2458721.64766,
            "fid": 1,
            "diffmaglim": 17.722999572753906
        }
    ],
    "forcedphot": []
}