{
    "objectId": "ZTF19acxpqgh",
    "candidates": [
        {
            "candid": 1074545112015015005,
            "jd": 2458829.0451157,
            "ra": 173.3988932,
            "dec": 10.9808956,
            "fid": 1,
            "nid": 1074,
            "magpsf": 19.63629913330078,
            "sigmapsf": 0.27957800030708313,
            "magnr": 22.07900047302246,
            "sigmagnr": 0.21400000154972076,
            "magzpsci": 26.323299407958984,
            "isdiffpos": "t",
            "ssdistnr": -999.0,
            "ssnamenr": "-999.0",
            "drb": null
        },
        {
            "candid": 1074567022015015012,
            "jd": 2458829.0670255,
            "ra": 173.3987957,
            "dec": 10.9808884,
            "fid": 2,
            "nid": 1074,
            "magpsf": 19.6697998046875,
            "sigmapsf": 0.15790900588035583,
            "magnr": 21.75200080871582,
            "sigmagnr": 0.10499999672174454,
            "magzpsci": 26.314800262451172,
            "isdiffpos": "t",
            "ssdistnr": -999.0,
            "ssnamenr": "null",
            "drb": 0.9996880292892456
        },
        {
            "candid": 1077456842015015014,
            "jd": 2458831.9568403,
            "ra": 173.398749,
            "dec": 10.9807779,
            "fid": 2,
            "nid": 1077,
            "magpsf": 19.42889976501465,
            "sigmapsf": 0.2521199882030487,
            "magnr": 21.75200080871582,
            "sigmagnr": 0.10499999672174454,
            "magzpsci": 26.285900115966797,
            "isdiffpos": "t",
            "ssdistnr": -999.0,
            "ssnamenr": "-999.0",
            "drb": null
        },
        {
            "candid": 1083460782015015191,
            "jd": 2458837.960787,
            "ra": 173.3985141,
            "dec": 10.9807909,
            "fid": 2,
            "nid": 1083,
            "magpsf": 19.250999450683594,
            "sigmapsf": 0.19777899980545044,
            "magnr": 21.75200080871582,
            "sigmagnr": 0.10499999672174454,
            "magzpsci": 26.253000259399414,
            "isdiffpos": "t",
            "ssdistnr": -999.0,
            "ssnamenr": "-999.0",
            "drb": null
        },
        {
            "candid": 1083502212015015133,
            "jd": 2458838.0022106,
            "ra": 173.3987052,
            "dec": 10.9807287,
            "fid": 1,
            "nid": 1083,
            "magpsf": 19.692800521850586,
            "sigmapsf": 0.20326800644397736,
            "magnr": 22.07900047302246,
            "sigmagnr": 0.21400000154972076,
            "magzpsci": 26.290800094604492,
            "isdiffpos": "t",
            "ssdistnr": -999.0,
            "ssnamenr": "null",
            "drb": 0.004160999786108732
        },
        {
            "candid": 1092564742015015030,
            "jd": 2458847.0647454,
            "ra": 173.3987353,
            "dec": 10.9808911,
            "fid": 2,
            "nid": 1092,
            "magpsf": 19.439599990844727,
            "sigmapsf": 0.09640300273895264,
            "magnr": 21.75200080871582,
            "sigmagnr": 0.10499999672174454,
            "magzpsci": 26.29360008239746,
            "isdiffpos": "t",
            "ssdistnr": -999.0,
            "ssnamenr": "null",
            "drb": 0.9999989867210388
        },
        {
            "candid": 1095544982015015030,
            "jd": 2458850.0449884,
            "ra": 173.3987655,
            "dec": 10.9808763,
            "fid": 2,
            "nid": 1095,
            "magpsf": 19.429399490356445,
            "sigmapsf": 0.1524209976196289,
            "magnr": 21.75200080871582,
            "sigmagnr": 0.10499999672174454,
            "magzpsci": 25.8794002532959,
            "isdiffpos": "t",
            "ssdistnr": -999.0,
            "ssnamenr": "null",
            "drb": 0.9998340010643005
        },
        {
            "candid": 1098545022015015019,
            "jd": 2458853.0450231,
            "ra": 173.3987514,
            "dec": 10.9808639,
            "fid": 2,
            "nid": 1098,
            "magpsf": 19.49850082397461,
            "sigmapsf": 0.07788199931383133,
            "magnr": 21.75200080871582,
            "sigmagnr": 0.10499999672174454,
            "magzpsci": 26.326499938964844,
            "isdiffpos": "t",
            "ssdistnr": -999.0,
            "ssnamenr": "null",
            "drb": 0.9951919913291931
        },
        {
            "candid": 1101520792015015027,
            "jd": 2458856.0207986,
            "ra": 173.3987325,
            "dec": 10.980871,
            "fid": 1,
            "nid": 1101,
            "magpsf": 20.57859992980957,
            "sigmapsf": 0.21008199453353882,
            "magnr": 22.07900047302246,
            "sigmagnr": 0.21400000154972076,
            "magzpsci": 26.322599411010742,
            "isdiffpos": "t",
            "ssdistnr": -999.0,
            "ssnamenr": "null",
            "drb": 0.9503250122070312
        },
        {
            "candid": 1101540462015015026,
            "jd": 2458856.040463,
            "ra": 173.3987616,
            "dec": 10.9808324,
            "fid": 2,
            "nid": 1101,
            "magpsf": 19.461999893188477,
            "sigmapsf": 0.07627999782562256,
            "magnr": 21.75200080871582,
            "sigmagnr": 0.10499999672174454,
            "magzpsci": 26.308000564575195,
            "isdiffpos": "t",
            "ssdistnr": -999.0,
            "ssnamenr": "null",
            "drb": 0.9999849796295166
        },
        {
            "candid": 1105369062015015009,
            "jd": 2458859.8690625,
            "ra": 173.3991452,
            "dec": 10.9809377,
            "fid": 2,
            "nid": 1105,
            "magpsf": 19.566600799560547,
            "sigmapsf": 0.2701430022716522,
            "magnr": 21.75200080871582,
            "sigmagnr": 0.10499999672174454,
            "magzpsci": 26.26759910583496,
            "isdiffpos": "t",
            "ssdistnr": -999.0,
            "ssnamenr": "-999.0",
            "drb": null
        },
        {
            "candid": 1110482252015015018,
            "jd": 2458864.9822569,
            "ra": 173.3987907,
            "dec": 10.9808831,
            "fid": 2,
            "nid": 1110,
            "magpsf": 19.573699951171875,
            "sigmapsf": 0.19662000238895416,
            "magnr": 21.75200080871582,
            "sigmagnr": 0.10499999672174454,
            "magzpsci": 26.30970001220703,
            "isdiffpos": "t",
            "ssdistnr": -999.0,
            "ssnamenr": "null",
            "drb": 0.9999989867210388
        },
        {
            "candid": 1113464992015015025,
            "jd": 2458867.965,
            "ra": 173.3987134,
            "dec": 10.9809106,
            "fid": 2,
            "nid": 1113,
            "magpsf": 19.747800827026367,
            "sigmapsf": 0.15693999826908112,
            "magnr": 21.75200080871582,
            "sigmagnr": 0.10499999672174454,
            "magzpsci": 26.301799774169922,
            "isdiffpos": "t",
            "ssdistnr": -999.0,
            "ssnamenr": "null",
            "drb": 0.9977200031280518
        },
        {
            "candid": 1117485002015015017,
            "jd": 2458871.985,
            "ra": 173.3988247,
            "dec": 10.9808795,
            "fid": 2,
            "nid": 1117,
            "magpsf": 19.809799194335938,
            "sigmapsf": 0.1656399965286255,
            "magnr": 21.75200080871582,
            "sigmagnr": 0.10499999672174454,
            "magzpsci": 26.306800842285156,
            "isdiffpos": "t",
            "ssdistnr": -999.0,
            "ssnamenr": "null",
            "drb": 0.9999430179595947
        },
        {
            "candid": 1123482312015015020,
            "jd": 2458877.9823148,
            "ra": 173.3987032,
            "dec": 10.980872,
            "fid": 2,
            "nid": 1123,
            "magpsf": 19.936500549316406,
            "sigmapsf": 0.17246100306510925,
            "magnr": 21.75200080871582,
            "sigmagnr": 0.10499999672174454,
            "magzpsci": 26.29050064086914,
            "isdiffpos": "t",
            "ssdistnr": -999.0,
            "ssnamenr": "-999.0",
            "drb": null
        },
        {
            "candid": 1126338712015015025,
            "jd": 2458880.8387153,
            "ra": 173.3987296,
            "dec": 10.980827,
            "fid": 2,
            "nid": 1126,
            "magpsf": 19.94339942932129,
            "sigmapsf": 0.19609500467777252,
            "magnr": 21.75200080871582,
            "sigmagnr": 0.10499999672174454,
            "magzpsci": 26.262399673461914,
            "isdiffpos": "t",
            "ssdistnr": -999.0,
            "ssnamenr": "null",
            "drb": 0.9999380111694336
        },
        {
            "candid": 1141424842015015045,
            "jd": 2458895.9248495,
            "ra": 173.3987104,
            "dec": 10.9808379,
            "fid": 2,
            "nid": 1141,
            "magpsf": 20.153400421142578,
            "sigmapsf": 0.20653599500656128,
            "magnr": 21.75200080871582,
            "sigmagnr": 0.10499999672174454,
            "magzpsci": 26.286399841308594,
            "isdiffpos": "t",
            "ssdistnr": -999.0,
            "ssnamenr": "null",
            "drb": 0.9989659786224365
        },
        {
            "candid": 1144339062015015039,
            "jd": 2458898.8390625,
            "ra": 173.3987065,
            "dec": 10.9809161,
            "fid": 2,
            "nid": 1144,
            "magpsf": 20.463199615478516,
            "sigmapsf": 0.2314230054616928,
            "magnr": 21.75200080871582,
            "sigmagnr": 0.10499999672174454,
            "magzpsci": 26.26919937133789,
            "isdiffpos": "t",
            "ssdistnr": -999.0,
            "ssnamenr": "-999.0",
            "drb": null
        },
        {
            "candid": 1146402652015015019,
            "jd": 2458900.9026505,
            "ra": 173.3986497,
            "dec": 10.980846,
            "fid": 2,
            "nid": 1146,
            "magpsf": 20.340599060058594,
            "sigmapsf": 0.2119089961051941,
            "magnr": 21.75200080871582,
            "sigmagnr": 0.10499999672174454,
            "magzpsci": 26.219600677490234,
            "isdiffpos": "t",
            "ssdistnr": -999.0,
            "ssnamenr": "null",
            "drb": 0.996740996837616
        },
        {
            "jd": 2458799.98704,
            "fid": 2,
            "diffmaglim": 19.219999313354492
        },
        {
            "jd": 2458803.05726,
            "fid": 1,
            "diffmaglim": 19.187999725341797
        },
        {
            "jd": 2458815.01544,
            "fid": 1,
            "diffmaglim": 19.482999801635742
        },
        {
            "jd": 2458820.00606,
            "fid": 2,
            "diffmaglim": 16.10099983215332
        },
        {
            "jd": 2458850.00182,
            "fid": 1,
            "diffmaglim": 20.59000015258789
        },
        {
            "jd": 2458859.86906,
            "fid": 2,
            "diffmaglim": 19.118000030517578
        },
        {
            "jd": 2458861.81926,
            "fid": 2,
            "diffmaglim": 18.645000457763672
        },
        {
            "jd": 2458861.9417,
            "fid": 1,
            "diffmaglim": 18.756000518798828
        },
        {
            "jd": 2458867.92193,
            "fid": 1,
            "diffmaglim": 20.4950008392334
        },
        {
            "jd": 2458871.94042,
            "fid": 1,
            "diffmaglim": 20.509000778198242
        },
        {
            "jd": 2458874.89669,
            "fid": 1,
            "diffmaglim": 20.285999298095703
        },
        {
            "jd": 2458877.87628,
            "fid": 1,
            "diffmaglim": 20.218000411987305
        }
    ],
    "forcedphot": []
}