{
    "objectId": "ZTF20abvvnqh",
    "candidates": [
        {
            "candid": 1327361001015015006,
            "jd": 2459081.8610069,
            "ra": 296.6957723,
            "dec": 58.979931,
            "fid": 2,
            "nid": 1327,
            "magpsf": 20.269100189208984,
            "sigmapsf": 0.23178300261497498,
            "magnr": 18.097000122070312,
            "sigmagnr": 0.10300000011920929,
            "magzpsci": 26.041099548339844,
            "isdiffpos": "t",
            "ssdistnr": -999.0,
            "ssnamenr": "-999.0",
            "drb": null
        },
        {
            "candid": 1330287931015015012,
            "jd": 2459084.7879398,
            "ra": 296.6958941,
            "dec": 58.9798139,
            "fid": 2,
            "nid": 1330,
            "magpsf": 19.68320083618164,
            "sigmapsf": 0.15125800669193268,
            "magnr": 18.097000122070312,
            "sigmagnr": 0.10300000011920929,
            "magzpsci": 26.106199264526367,
            "isdiffpos": "t",
            "ssdistnr": -999.0,
            "ssnamenr": "null",
            "drb": 1.0
        },
        {
            "candid": 1330345971015015003,
            "jd": 2459084.8459722,
            "ra": 296.6959812,
            "dec": 58.9798645,
            "fid": 1,
            "nid": 1330,
            "magpsf": 19.743900299072266,
            "sigmapsf": 0.16252900660037994,
            "magnr": 18.673999786376953,
            "sigmagnr": 0.08399999886751175,
            "magzpsci": 26.15089988708496,
            "isdiffpos": "t",
            "ssdistnr": -999.0,
            "ssnamenr": "null",
            "drb": 0.9999799728393555
        },
        {
            "candid": 1333301531015015011,
            "jd": 2459087.8015394,
            "ra": 296.695804,
            "dec": 58.9798949,
            "fid": 2,
            "nid": 1333,
            "magpsf": 19.246400833129883,
            "sigmapsf": 0.12605500221252441,
            "magnr": 18.097000122070312,
            "sigmagnr": 0.10300000011920929,
            "magzpsci": 26.07939910888672,
            "isdiffpos": "t",
            "ssdistnr": -999.0,
            "ssnamenr": "null",
            "drb": 0.9999970197677612
        },
        {
            "candid": 1334311061015015010,
            "jd": 2459088.8110648,
            "ra": 296.6959161,
            "dec": 58.9798921,
            "fid": 1,
            "nid": 1334,
            "magpsf": 19.291099548339844,
            "sigmapsf": 0.12349999696016312,
            "magnr": 18.673999786376953,
            "sigmagnr": 0.08399999886751175,
            "magzpsci": 26.054100036621094,
            "isdiffpos": "t",
            "ssdistnr": -999.0,
            "ssnamenr": "null",
            "drb": 0.9999269843101501
        },
        {
            "candid": 1335297761015015005,
            "jd": 2459089.7977662,
            "ra": 296.6959171,
            "dec": 58.9798816,
            "fid": 1,
            "nid": 1335,
            "magpsf": 19.5,
            "sigmapsf": 0.13336500525474548,
            "magnr": 18.673999786376953,
            "sigmagnr": 0.08399999886751175,
            "magzpsci": 26.183000564575195,
            "isdiffpos": "t",
            "ssdistnr": -999.0,
            "ssnamenr": "null",
            "drb": 0.9999179840087891
        },
        {
            "candid": 1336298461015015004,
            "jd": 2459090.7984606,
            "ra": 296.6959967,
            "dec": 58.9799149,
            "fid": 1,
            "nid": 1336,
            "magpsf": 19.239500045776367,
            "sigmapsf": 0.1241459995508194,
            "magnr": 19.8700008392334,
            "sigmagnr": 0.10899999737739563,
            "magzpsci": 26.260499954223633,
            "isdiffpos": "t",
            "ssdistnr": -999.0,
            "ssnamenr": "null",
            "drb": 0.9999970197677612
        },
        {
            "candid": 1337247361015015014,
            "jd": 2459091.7473611,
            "ra": 296.6958972,
            "dec": 58.9798533,
            "fid": 1,
            "nid": 1337,
            "magpsf": 19.307199478149414,
            "sigmapsf": 0.10926999896764755,
            "magnr": 18.673999786376953,
            "sigmagnr": 0.08399999886751175,
            "magzpsci": 26.386199951171875,
            "isdiffpos": "t",
            "ssdistnr": -999.0,
            "ssnamenr": "null",
            "drb": 1.0
        },
        {
            "candid": 1338229381015015009,
            "jd": 2459092.7293866,
            "ra": 296.6958035,
            "dec": 58.9798926,
            "fid": 2,
            "nid": 1338,
            "magpsf": 18.916400909423828,
            "sigmapsf": 0.12664400041103363,
            "magnr": 18.097000122070312,
            "sigmagnr": 0.10300000011920929,
            "magzpsci": 26.214399337768555,
            "isdiffpos": "t",
            "ssdistnr": -999.0,
            "ssnamenr": "null",
            "drb": 0.9999979734420776
        },
        {
            "candid": 1338280751015015008,
            "jd": 2459092.7807523,
            "ra": 296.6958767,
            "dec": 58.979832,
            "fid": 1,
            "nid": 1338,
            "magpsf": 19.171100616455078,
            "sigmapsf": 0.14967000484466553,
            "magnr": 18.673999786376953,
            "sigmagnr": 0.08399999886751175,
            "magzpsci": 26.317100524902344,
            "isdiffpos": "t",
            "ssdistnr": -999.0,
            "ssnamenr": "null",
            "drb": 1.0
        },
        {
            "candid": 1339213591015015014,
            "jd": 2459093.7135995,
            "ra": 296.6958116,
            "dec": 58.9798925,
            "fid": 2,
            "nid": 1339,
            "magpsf": 19.017099380493164,
            "sigmapsf": 0.13356399536132812,
            "magnr": 18.097000122070312,
            "sigmagnr": 0.10300000011920929,
            "magzpsci": 26.22909927368164,
            "isdiffpos": "t",
            "ssdistnr": -999.0,
            "ssnamenr": "null",
            "drb": 0.9999169707298279
        },
        {
            "candid": 1339410101015015005,
            "jd": 2459093.9101042,
            "ra": 296.6959057,
            "dec": 58.9798937,
            "fid": 1,
            "nid": 1339,
            "magpsf": 19.26580047607422,
            "sigmapsf": 0.20681999623775482,
            "magnr": 18.673999786376953,
            "sigmagnr": 0.08399999886751175,
            "magzpsci": 26.21380043029785,
            "isdiffpos": "t",
            "ssdistnr": -999.0,
            "ssnamenr": "null",
            "drb": 0.9998670220375061
        },
        {
            "candid": 1340328981015015004,
            "jd": 2459094.8289815,
            "ra": 296.6957549,
            "dec": 58.9798424,
            "fid": 2,
            "nid": 1340,
            "magpsf": 18.897199630737305,
            "sigmapsf": 0.16787999868392944,
            "magnr": 18.097000122070312,
            "sigmagnr": 0.10300000011920929,
            "magzpsci": 26.092199325561523,
            "isdiffpos": "t",
            "ssdistnr": -999.0,
            "ssnamenr": "null",
            "drb": 0.9996370077133179
        },
        {
            "candid": 1341324961015015003,
            "jd": 2459095.8249653,
            "ra": 296.6958449,
            "dec": 58.9798615,
            "fid": 1,
            "nid": 1341,
            "magpsf": 19.25779914855957,
            "sigmapsf": 0.15884800255298615,
            "magnr": 18.673999786376953,
            "sigmagnr": 0.08399999886751175,
            "magzpsci": 26.25779914855957,
            "isdiffpos": "t",
            "ssdistnr": -999.0,
            "ssnamenr": "null",
            "drb": 0.9999750256538391
        },
        {
            "candid": 1342177291015015003,
            "jd": 2459096.6772917,
            "ra": 296.6958509,
            "dec": 58.9798692,
            "fid": 1,
            "nid": 1342,
            "magpsf": 18.989500045776367,
            "sigmapsf": 0.0974309965968132,
            "magnr": 18.673999786376953,
            "sigmagnr": 0.08399999886751175,
            "magzpsci": 26.329500198364258,
            "isdiffpos": "t",
            "ssdistnr": -999.0,
            "ssnamenr": "null",
            "drb": 1.0
        },
        {
            "candid": 1342309501015015009,
            "jd": 2459096.8095023,
            "ra": 296.6958016,
            "dec": 58.9799108,
            "fid": 2,
            "nid": 1342,
            "magpsf": 18.799100875854492,
            "sigmapsf": 0.08539099991321564,
            "magnr": 18.097000122070312,
            "sigmagnr": 0.10300000011920929,
            "magzpsci": 26.203100204467773,
            "isdiffpos": "t",
            "ssdistnr": -999.0,
            "ssnamenr": "null",
            "drb": 0.9999979734420776
        },
        {
            "candid": 1345219821015015013,
            "jd": 2459099.7198264,
            "ra": 296.6957534,
            "dec": 58.9798805,
            "fid": 2,
            "nid": 1345,
            "magpsf": 18.68630027770996,
            "sigmapsf": 0.09171299636363983,
            "magnr": 18.097000122070312,
            "sigmagnr": 0.10300000011920929,
            "magzpsci": 26.163299560546875,
            "isdiffpos": "t",
            "ssdistnr": -999.0,
            "ssnamenr": "null",
            "drb": 0.9999970197677612
        },
        {
            "candid": 1345368531015015004,
            "jd": 2459099.8685301,
            "ra": 296.6958785,
            "dec": 58.979835,
            "fid": 1,
            "nid": 1345,
            "magpsf": 19.277799606323242,
            "sigmapsf": 0.1479099988937378,
            "magnr": 18.673999786376953,
            "sigmagnr": 0.08399999886751175,
            "magzpsci": 26.146799087524414,
            "isdiffpos": "t",
            "ssdistnr": -999.0,
            "ssnamenr": "null",
            "drb": 0.9982699751853943
        },
        {
            "candid": 1353159061015015006,
            "jd": 2459107.6590625,
            "ra": 296.695939,
            "dec": 58.979831,
            "fid": 1,
            "nid": 1353,
            "magpsf": 19.589000701904297,
            "sigmapsf": 0.22445400059223175,
            "magnr": 18.673999786376953,
            "sigmagnr": 0.08399999886751175,
            "magzpsci": 25.58799934387207,
            "isdiffpos": "t",
            "ssdistnr": -999.0,
            "ssnamenr": "-999.0",
            "drb": null
        },
        {
            "candid": 1353288501015015014,
            "jd": 2459107.7885069,
            "ra": 296.6957485,
            "dec": 58.9798966,
            "fid": 2,
            "nid": 1353,
            "magpsf": 19.013200759887695,
            "sigmapsf": 0.13674500584602356,
            "magnr": 18.097000122070312,
            "sigmagnr": 0.10300000011920929,
            "magzpsci": 25.768199920654297,
            "isdiffpos": "t",
            "ssdistnr": -999.0,
            "ssnamenr": "null",
            "drb": 0.9999579787254333
        },
        {
            "candid": 1356266721015015007,
            "jd": 2459110.7667245,
            "ra": 296.695718,
            "dec": 58.9798981,
            "fid": 2,
            "nid": 1356,
            "magpsf": 18.849899291992188,
            "sigmapsf": 0.12302099913358688,
            "magnr": 18.097000122070312,
            "sigmagnr": 0.10300000011920929,
            "magzpsci": 25.75589942932129,
            "isdiffpos": "t",
            "ssdistnr": -999.0,
            "ssnamenr": "null",
            "drb": 0.9999989867210388
        },
        {
            "candid": 1356304401015015005,
            "jd": 2459110.8044097,
            "ra": 296.6958808,
            "dec": 58.9798793,
            "fid": 1,
            "nid": 1356,
            "magpsf": 19.621000289916992,
            "sigmapsf": 0.25252699851989746,
            "magnr": 18.673999786376953,
            "sigmagnr": 0.08399999886751175,
            "magzpsci": 25.315000534057617,
            "isdiffpos": "t",
            "ssdistnr": -999.0,
            "ssnamenr": "-999.0",
            "drb": null
        },
        {
            "candid": 1359151891015015021,
            "jd": 2459113.6518981,
            "ra": 296.6958113,
            "dec": 58.9798651,
            "fid": 2,
            "nid": 1359,
            "magpsf": 19.12070083618164,
            "sigmapsf": 0.09698700159788132,
            "magnr": 18.097000122070312,
            "sigmagnr": 0.10300000011920929,
            "magzpsci": 26.148700714111328,
            "isdiffpos": "t",
            "ssdistnr": -999.0,
            "ssnamenr": "null",
            "drb": 1.0
        },
        {
            "candid": 1362286721015015003,
            "jd": 2459116.7867245,
            "ra": 296.6960654,
            "dec": 58.9798337,
            "fid": 1,
            "nid": 1362,
            "magpsf": 20.29439926147461,
            "sigmapsf": 0.21007999777793884,
            "magnr": 18.673999786376953,
            "sigmagnr": 0.08399999886751175,
            "magzpsci": 26.201400756835938,
            "isdiffpos": "t",
            "ssdistnr": -999.0,
            "ssnamenr": "null",
            "drb": 0.9999790191650391
        },
        {
            "candid": 1362325041015015009,
            "jd": 2459116.8250463,
            "ra": 296.695825,
            "dec": 58.979887,
            "fid": 2,
            "nid": 1362,
            "magpsf": 19.24180030822754,
            "sigmapsf": 0.1459379941225052,
            "magnr": 18.097000122070312,
            "sigmagnr": 0.10300000011920929,
            "magzpsci": 26.142799377441406,
            "isdiffpos": "t",
            "ssdistnr": -999.0,
            "ssnamenr": "null",
            "drb": 0.9996280074119568
        },
        {
            "candid": 1364251721015015010,
            "jd": 2459118.7517245,
            "ra": 296.6958559,
            "dec": 58.9799132,
            "fid": 2,
            "nid": 1364,
            "magpsf": 19.4335994720459,
            "sigmapsf": 0.15170100331306458,
            "magnr": 18.097000122070312,
            "sigmagnr": 0.10300000011920929,
            "magzpsci": 26.231599807739258,
            "isdiffpos": "t",
            "ssdistnr": -999.0,
            "ssnamenr": "null",
            "drb": 0.9996960163116455
        },
        {
            "candid": 1370265131015015006,
            "jd": 2459124.7651389,
            "ra": 296.6957308,
            "dec": 58.9798493,
            "fid": 2,
            "nid": 1370,
            "magpsf": 19.50979995727539,
            "sigmapsf": 0.2235579937696457,
            "magnr": 18.097000122070312,
            "sigmagnr": 0.10300000011920929,
            "magzpsci": 26.179800033569336,
            "isdiffpos": "t",
            "ssdistnr": -999.0,
            "ssnamenr": "-999.0",
            "drb": null
        },
        {
            "candid": 1375212801015015008,
            "jd": 2459129.7128009,
            "ra": 296.6957426,
            "dec": 58.9799331,
            "fid": 2,
            "nid": 1375,
            "magpsf": 19.84950065612793,
            "sigmapsf": 0.20002999901771545,
            "magnr": 18.097000122070312,
            "sigmagnr": 0.10300000011920929,
            "magzpsci": 26.1564998626709,
            "isdiffpos": "t",
            "ssdistnr": -999.0,
            "ssnamenr": "null",
            "drb": 0.9982889890670776
        },
        {
            "candid": 1381262871015015004,
            "jd": 2459135.7628704,
            "ra": 296.695826,
            "dec": 58.979823,
            "fid": 2,
            "nid": 1381,
            "magpsf": 19.8356990814209,
            "sigmapsf": 0.19524000585079193,
            "magnr": 18.097000122070312,
            "sigmagnr": 0.10300000011920929,
            "magzpsci": 26.17569923400879,
            "isdiffpos": "t",
            "ssdistnr": -999.0,
            "ssnamenr": "null",
            "drb": 0.9922999739646912
        },
        {
            "candid": 1383194911015015005,
            "jd": 2459137.694919,
            "ra": 296.6958254,
            "dec": 58.9799253,
            "fid": 2,
            "nid": 1383,
            "magpsf": 20.004100799560547,
            "sigmapsf": 0.19258999824523926,
            "magnr": 18.097000122070312,
            "sigmagnr": 0.10300000011920929,
            "magzpsci": 26.185100555419922,
            "isdiffpos": "t",
            "ssdistnr": -999.0,
            "ssnamenr": "null",
            "drb": 0.9857140183448792
        },
        {
            "candid": 1385259361015015006,
            "jd": 2459139.7593634,
            "ra": 296.6956698,
            "dec": 58.9798924,
            "fid": 2,
            "nid": 1385,
            "magpsf": 20.09269905090332,
            "sigmapsf": 0.25499099493026733,
            "magnr": 18.097000122070312,
            "sigmagnr": 0.10300000011920929,
            "magzpsci": 26.040700912475586,
            "isdiffpos": "t",
            "ssdistnr": -999.0,
            "ssnamenr": "-999.0",
            "drb": null
        },
        {
            "candid": 1387156811015015015,
            "jd": 2459141.6568171,
            "ra": 296.695921,
            "dec": 58.9799462,
            "fid": 2,
            "nid": 1387,
            "magpsf": 20.02790069580078,
            "sigmapsf": 0.1866450011730194,
            "magnr": 18.097000122070312,
            "sigmagnr": 0.10300000011920929,
            "magzpsci": 26.14189910888672,
            "isdiffpos": "t",
            "ssdistnr": -999.0,
            "ssnamenr": "null",
            "drb": 0.9962430000305176
        },
        {
            "jd": 2459055.8412,
            "fid": 2,
            "diffmaglim": 20.670000076293945
        },
        {
            "jd": 2459055.88618,
            "fid": 1,
            "diffmaglim": 20.799999237060547
        },
        {
            "jd": 2459059.81039,
            "fid": 1,
            "diffmaglim": 20.246000289916992
        },
        {
            "jd": 2459060.86222,
            "fid": 1,
            "diffmaglim": 20.354000091552734
        },
        {
            "jd": 2459060.89074,
            "fid": 1,
            "diffmaglim": 20.72100067138672
        },
        {
            "jd": 2459060.90633,
            "fid": 2,
            "diffmaglim": 20.69700050354004
        },
        {
            "jd": 2459061.79792,
            "fid": 2,
            "diffmaglim": 20.216999053955078
        },
        {
            "jd": 2459062.83369,
            "fid": 2,
            "diffmaglim": 20.077999114990234
        },
        {
            "jd": 2459062.8733,
            "fid": 1,
            "diffmaglim": 19.809999465942383
        },
        {
            "jd": 2459063.79716,
            "fid": 2,
            "diffmaglim": 19.854000091552734
        },
        {
            "jd": 2459063.83951,
            "fid": 2,
            "diffmaglim": 19.85099983215332
        },
        {
            "jd": 2459063.92712,
            "fid": 1,
            "diffmaglim": 19.395999908447266
        },
        {
            "jd": 2459064.83038,
            "fid": 2,
            "diffmaglim": 19.562999725341797
        },
        {
            "jd": 2459065.81094,
            "fid": 2,
            "diffmaglim": 19.312000274658203
        },
        {
            "jd": 2459066.80892,
            "fid": 1,
            "diffmaglim": 19.732999801635742
        },
        {
            "jd": 2459066.8402,
            "fid": 1,
            "diffmaglim": 19.719999313354492
        },
        {
            "jd": 2459066.95089,
            "fid": 2,
            "diffmaglim": 19.687000274658203
        },
        {
            "jd": 2459067.9078,
            "fid": 1,
            "diffmaglim": 19.601999282836914
        },
        {
            "jd": 2459068.89319,
            "fid": 2,
            "diffmaglim": 20.134000778198242
        },
        {
            "jd": 2459069.74427,
            "fid": 2,
            "diffmaglim": 20.451000213623047
        },
        {
            "jd": 2459069.80669,
            "fid": 1,
            "diffmaglim": 20.260000228881836
        },
        {
            "jd": 2459069.83126,
            "fid": 1,
            "diffmaglim": 20.19099998474121
        },
        {
            "jd": 2459069.95337,
            "fid": 2,
            "diffmaglim": 20.23200035095215
        },
        {
            "jd": 2459071.86917,
            "fid": 2,
            "diffmaglim": 20.44499969482422
        },
        {
            "jd": 2459072.82505,
            "fid": 2,
            "diffmaglim": 20.509000778198242
        },
        {
            "jd": 2459072.8513,
            "fid": 1,
            "diffmaglim": 20.30500030517578
        },
        {
            "jd": 2459072.91205,
            "fid": 1,
            "diffmaglim": 20.118999481201172
        },
        {
            "jd": 2459075.80735,
            "fid": 2,
            "diffmaglim": 20.583999633789062
        },
        {
            "jd": 2459075.84306,
            "fid": 1,
            "diffmaglim": 20.65399932861328
        },
        {
            "jd": 2459076.85119,
            "fid": 2,
            "diffmaglim": 20.042999267578125
        },
        {
            "jd": 2459078.7766,
            "fid": 2,
            "diffmaglim": 20.242000579833984
        },
        {
            "jd": 2459078.87038,
            "fid": 1,
            "diffmaglim": 20.43000030517578
        },
        {
            "jd": 2459080.85341,
            "fid": 2,
            "diffmaglim": 20.288999557495117
        },
        {
            "jd": 2459081.84325,
            "fid": 1,
            "diffmaglim": 20.33799934387207
        },
        {
            "jd": 2459082.82624,
            "fid": 1,
            "diffmaglim": 19.23200035095215
        },
        {
            "jd": 2459117.75961,
            "fid": 1,
            "diffmaglim": 20.209999084472656
        }
    ],
    "forcedphot": []
}