{
    "objectId": "ZTF22abzdnij",
    "candidates": [
        {
            "candid": 2176189604815015004,
            "jd": 2459930.6896065,
            "ra": 26.5131026,
            "dec": -21.2063134,
            "fid": 1,
            "nid": 2176,
            "magpsf": 19.987300872802734,
            "sigmapsf": 0.3103089928627014,
            "magnr": 22.64900016784668,
            "sigmagnr": 0.296999990940094,
            "magzpsci": 26.04330062866211,
            "isdiffpos": "t",
            "ssdistnr": null,
            "ssnamenr": null,
            "drb": null
        },
        {
            "candid": 2178210924815015006,
            "jd": 2459932.7109259,
            "ra": 26.5131558,
            "dec": -21.2062427,
            "fid": 2,
            "nid": 2178,
            "magpsf": 18.822799682617188,
            "sigmapsf": 0.16231200098991394,
            "magnr": 22.42300033569336,
            "sigmagnr": 0.24400000274181366,
            "magzpsci": 25.999799728393555,
            "isdiffpos": "t",
            "ssdistnr": null,
            "ssnamenr": null,
            "drb": null
        },
        {
            "candid": 2180194644815015008,
            "jd": 2459934.6946412,
            "ra": 26.5131253,
            "dec": -21.206258,
            "fid": 1,
            "nid": 2180,
            "magpsf": 18.047199249267578,
            "sigmapsf": 0.07094799727201462,
            "magnr": 22.64900016784668,
            "sigmagnr": 0.296999990940094,
            "magzpsci": 26.02720069885254,
            "isdiffpos": "t",
            "ssdistnr": null,
            "ssnamenr": null,
            "drb": null
        },
        {
            "candid": 2197127694815015003,
            "jd": 2459951.6276968,
            "ra": 26.5130064,
            "dec": -21.2063221,
            "fid": 1,
            "nid": 2197,
            "magpsf": 18.269899368286133,
            "sigmapsf": 0.16232000291347504,
            "magnr": 22.64900016784668,
            "sigmagnr": 0.296999990940094,
            "magzpsci": 26.074899673461914,
            "isdiffpos": "t",
            "ssdistnr": null,
            "ssnamenr": null,
            "drb": null
        },
        {
            "candid": 2197187324815015001,
            "jd": 2459951.6873264,
            "ra": 26.5131566,
            "dec": -21.2062275,
            "fid": 2,
            "nid": 2197,
            "magpsf": 17.449399948120117,
            "sigmapsf": 0.06568299978971481,
            "magnr": 22.42300033569336,
            "sigmagnr": 0.24400000274181366,
            "magzpsci": 25.992399215698242,
            "isdiffpos": "t",
            "ssdistnr": null,
            "ssnamenr": null,
            "drb": null
        },
        {
            "candid": 2202146574815015183,
            "jd": 2459956.6465741,
            "ra": 26.5130878,
            "dec": -21.2062504,
            "fid": 2,
            "nid": 2202,
            "magpsf": 17.99209976196289,
            "sigmapsf": 0.13391099870204926,
            "magnr": 22.42300033569336,
            "sigmagnr": 0.24400000274181366,
            "magzpsci": 25.435100555419922,
            "isdiffpos": "t",
            "ssdistnr": null,
            "ssnamenr": null,
            "drb": null
        },
        {
            "candid": 2204115964815015006,
            "jd": 2459958.6159606,
            "ra": 26.5131057,
            "dec": -21.2062712,
            "fid": 1,
            "nid": 2204,
            "magpsf": 18.95132827758789,
            "sigmapsf": 0.13094696402549744,
            "magnr": 22.64900016784668,
            "sigmagnr": 0.296999990940094,
            "magzpsci": 26.06332778930664,
            "isdiffpos": "t",
            "ssdistnr": -999.0,
            "ssnamenr": "null",
            "drb": null
        },
        {
            "jd": 2459904.7209954,
            "fid": 2,
            "diffmaglim": 19.48259925842285
        },
        {
            "jd": 2459904.773287,
            "fid": 1,
            "diffmaglim": 19.657499313354492
        },
        {
            "jd": 2459907.6879282,
            "fid": 2,
            "diffmaglim": 19.356800079345703
        },
        {
            "jd": 2459910.7034028,
            "fid": 2,
            "diffmaglim": 19.62540054321289
        },
        {
            "jd": 2459913.7372222,
            "fid": 2,
            "diffmaglim": 19.347999572753906
        },
        {
            "jd": 2459914.6874653,
            "fid": 1,
            "diffmaglim": 19.57379913330078
        },
        {
            "jd": 2459914.7459375,
            "fid": 2,
            "diffmaglim": 19.56410026550293
        },
        {
            "jd": 2459923.6889815,
            "fid": 2,
            "diffmaglim": 19.440799713134766
        },
        {
            "jd": 2459923.7124306,
            "fid": 1,
            "diffmaglim": 19.217199325561523
        },
        {
            "jd": 2459928.6686227,
            "fid": 2,
            "diffmaglim": 19.45789909362793
        },
        {
            "jd": 2459928.6900116,
            "fid": 1,
            "diffmaglim": 19.50629997253418
        },
        {
            "jd": 2459930.6693634,
            "fid": 2,
            "diffmaglim": 19.35460090637207
        }
    ],
    "forcedphot": []
}