{
    "objectId": "ZTF20abusrwm",
    "candidates": [
        {
            "candid": 1327442990515015004,
            "jd": 2459081.9429977,
            "ra": 44.394707,
            "dec": -5.0774283,
            "fid": 2,
            "nid": 1327,
            "magpsf": 19.882200241088867,
            "sigmapsf": 0.14549599587917328,
            "magnr": 20.35300064086914,
            "sigmagnr": 0.07400000095367432,
            "magzpsci": 26.05419921875,
            "isdiffpos": "t",
            "ssdistnr": -999.0,
            "ssnamenr": "null",
            "drb": 0.9999949932098389
        },
        {
            "candid": 1327481180515015003,
            "jd": 2459081.9811806,
            "ra": 44.3947846,
            "dec": -5.0774236,
            "fid": 1,
            "nid": 1327,
            "magpsf": 20.257400512695312,
            "sigmapsf": 0.1958480030298233,
            "magnr": 20.94499969482422,
            "sigmagnr": 0.08699999749660492,
            "magzpsci": 26.005399703979492,
            "isdiffpos": "t",
            "ssdistnr": -999.0,
            "ssnamenr": "null",
            "drb": 0.9999880194664001
        },
        {
            "candid": 1330426990515015006,
            "jd": 2459084.9269907,
            "ra": 44.3947473,
            "dec": -5.077425,
            "fid": 1,
            "nid": 1330,
            "magpsf": 20.182199478149414,
            "sigmapsf": 0.17073599994182587,
            "magnr": 20.94499969482422,
            "sigmagnr": 0.08699999749660492,
            "magzpsci": 26.175199508666992,
            "isdiffpos": "t",
            "ssdistnr": -999.0,
            "ssnamenr": "null",
            "drb": 1.0
        },
        {
            "candid": 1334497670515015005,
            "jd": 2459088.9976736,
            "ra": 44.3947545,
            "dec": -5.0775104,
            "fid": 1,
            "nid": 1334,
            "magpsf": 19.324100494384766,
            "sigmapsf": 0.09590999782085419,
            "magnr": 20.94499969482422,
            "sigmagnr": 0.08699999749660492,
            "magzpsci": 26.10409927368164,
            "isdiffpos": "t",
            "ssdistnr": -999.0,
            "ssnamenr": "-999.0",
            "drb": null
        },
        {
            "candid": 1336510560515015003,
            "jd": 2459091.0105671,
            "ra": 44.3947411,
            "dec": -5.0774928,
            "fid": 2,
            "nid": 1336,
            "magpsf": 18.9197998046875,
            "sigmapsf": 0.11419100314378738,
            "magnr": 20.35300064086914,
            "sigmagnr": 0.07400000095367432,
            "magzpsci": 26.22480010986328,
            "isdiffpos": "t",
            "ssdistnr": -999.0,
            "ssnamenr": "null",
            "drb": 0.9999849796295166
        },
        {
            "candid": 1337413290515015007,
            "jd": 2459091.9132986,
            "ra": 44.3947756,
            "dec": -5.0774788,
            "fid": 1,
            "nid": 1337,
            "magpsf": 19.260700225830078,
            "sigmapsf": 0.14325299859046936,
            "magnr": 20.94499969482422,
            "sigmagnr": 0.08699999749660492,
            "magzpsci": 26.330699920654297,
            "isdiffpos": "t",
            "ssdistnr": -999.0,
            "ssnamenr": "null",
            "drb": 0.9999619722366333
        },
        {
            "candid": 1338407710515015002,
            "jd": 2459092.9077199,
            "ra": 44.3946908,
            "dec": -5.0774902,
            "fid": 1,
            "nid": 1338,
            "magpsf": 19.236000061035156,
            "sigmapsf": 0.17029300332069397,
            "magnr": 20.94499969482422,
            "sigmagnr": 0.08699999749660492,
            "magzpsci": 26.263999938964844,
            "isdiffpos": "t",
            "ssdistnr": -999.0,
            "ssnamenr": "null",
            "drb": 0.9996240139007568
        },
        {
            "candid": 1339382490515015003,
            "jd": 2459093.8825,
            "ra": 44.3946847,
            "dec": -5.0774898,
            "fid": 2,
            "nid": 1339,
            "magpsf": 18.78660011291504,
            "sigmapsf": 0.14802099764347076,
            "magnr": 20.35300064086914,
            "sigmagnr": 0.07400000095367432,
            "magzpsci": 26.20560073852539,
            "isdiffpos": "t",
            "ssdistnr": -999.0,
            "ssnamenr": "null",
            "drb": 0.9919139742851257
        },
        {
            "candid": 1340416960515015004,
            "jd": 2459094.9169676,
            "ra": 44.3947244,
            "dec": -5.0774021,
            "fid": 2,
            "nid": 1340,
            "magpsf": 18.74920082092285,
            "sigmapsf": 0.1542229950428009,
            "magnr": 20.35300064086914,
            "sigmagnr": 0.07400000095367432,
            "magzpsci": 26.143199920654297,
            "isdiffpos": "t",
            "ssdistnr": -999.0,
            "ssnamenr": "null",
            "drb": 0.9930909872055054
        },
        {
            "candid": 1340433930515015003,
            "jd": 2459094.9339352,
            "ra": 44.394753,
            "dec": -5.0774637,
            "fid": 2,
            "nid": 1340,
            "magpsf": 18.846599578857422,
            "sigmapsf": 0.12398199737071991,
            "magnr": 20.35300064086914,
            "sigmagnr": 0.07400000095367432,
            "magzpsci": 26.189599990844727,
            "isdiffpos": "t",
            "ssdistnr": -999.0,
            "ssnamenr": "null",
            "drb": 0.9999949932098389
        },
        {
            "candid": 1340499880515015003,
            "jd": 2459094.9998843,
            "ra": 44.3947029,
            "dec": -5.0774097,
            "fid": 1,
            "nid": 1340,
            "magpsf": 19.13129997253418,
            "sigmapsf": 0.20734399557113647,
            "magnr": 20.94499969482422,
            "sigmagnr": 0.08699999749660492,
            "magzpsci": 26.194299697875977,
            "isdiffpos": "t",
            "ssdistnr": -999.0,
            "ssnamenr": "null",
            "drb": 0.9988729953765869
        },
        {
            "candid": 1341461720515015004,
            "jd": 2459095.9617245,
            "ra": 44.3947232,
            "dec": -5.0774588,
            "fid": 2,
            "nid": 1341,
            "magpsf": 18.69099998474121,
            "sigmapsf": 0.09525199979543686,
            "magnr": 20.35300064086914,
            "sigmagnr": 0.07400000095367432,
            "magzpsci": 26.224000930786133,
            "isdiffpos": "t",
            "ssdistnr": -999.0,
            "ssnamenr": "null",
            "drb": 0.9989429712295532
        },
        {
            "candid": 1348453030515015003,
            "jd": 2459102.9530324,
            "ra": 44.3946821,
            "dec": -5.0774273,
            "fid": 2,
            "nid": 1348,
            "magpsf": 18.636999130249023,
            "sigmapsf": 0.17287500202655792,
            "magnr": 20.35300064086914,
            "sigmagnr": 0.07400000095367432,
            "magzpsci": 25.69700050354004,
            "isdiffpos": "t",
            "ssdistnr": -999.0,
            "ssnamenr": "null",
            "drb": 0.9996770024299622
        },
        {
            "candid": 1353398580515015004,
            "jd": 2459107.898588,
            "ra": 44.394735,
            "dec": -5.0774676,
            "fid": 1,
            "nid": 1353,
            "magpsf": 19.882999420166016,
            "sigmapsf": 0.1885409951210022,
            "magnr": 20.94499969482422,
            "sigmagnr": 0.08699999749660492,
            "magzpsci": 25.76300048828125,
            "isdiffpos": "t",
            "ssdistnr": -999.0,
            "ssnamenr": "null",
            "drb": 0.9999949932098389
        },
        {
            "candid": 1353421440515015004,
            "jd": 2459107.9214468,
            "ra": 44.3946812,
            "dec": -5.0774062,
            "fid": 2,
            "nid": 1353,
            "magpsf": 18.822399139404297,
            "sigmapsf": 0.08891499787569046,
            "magnr": 20.35300064086914,
            "sigmagnr": 0.07400000095367432,
            "magzpsci": 25.86240005493164,
            "isdiffpos": "t",
            "ssdistnr": -999.0,
            "ssnamenr": "null",
            "drb": 0.9927989840507507
        },
        {
            "candid": 1356459240515015023,
            "jd": 2459110.9592477,
            "ra": 44.3947389,
            "dec": -5.0774262,
            "fid": 2,
            "nid": 1356,
            "magpsf": 19.04599952697754,
            "sigmapsf": 0.104482002556324,
            "magnr": 20.35300064086914,
            "sigmagnr": 0.07400000095367432,
            "magzpsci": 25.72599983215332,
            "isdiffpos": "t",
            "ssdistnr": -999.0,
            "ssnamenr": "null",
            "drb": 0.9999970197677612
        },
        {
            "candid": 1356502730515015006,
            "jd": 2459111.0027315,
            "ra": 44.3947739,
            "dec": -5.0775042,
            "fid": 1,
            "nid": 1356,
            "magpsf": 20.32740020751953,
            "sigmapsf": 0.20591799914836884,
            "magnr": 20.94499969482422,
            "sigmagnr": 0.08699999749660492,
            "magzpsci": 26.137399673461914,
            "isdiffpos": "t",
            "ssdistnr": -999.0,
            "ssnamenr": "-999.0",
            "drb": null
        },
        {
            "candid": 1358416420515015005,
            "jd": 2459112.9164236,
            "ra": 44.3947143,
            "dec": -5.0774253,
            "fid": 2,
            "nid": 1358,
            "magpsf": 19.07390022277832,
            "sigmapsf": 0.06827300041913986,
            "magnr": 20.35300064086914,
            "sigmagnr": 0.07400000095367432,
            "magzpsci": 26.241899490356445,
            "isdiffpos": "t",
            "ssdistnr": -999.0,
            "ssnamenr": "null",
            "drb": 0.9997810125350952
        },
        {
            "candid": 1359416080515015011,
            "jd": 2459113.916088,
            "ra": 44.3947142,
            "dec": -5.0774398,
            "fid": 1,
            "nid": 1359,
            "magpsf": 20.321399688720703,
            "sigmapsf": 0.18005800247192383,
            "magnr": 20.94499969482422,
            "sigmagnr": 0.08699999749660492,
            "magzpsci": 26.212400436401367,
            "isdiffpos": "t",
            "ssdistnr": -999.0,
            "ssnamenr": "-999.0",
            "drb": null
        },
        {
            "candid": 1359420980515015008,
            "jd": 2459113.9209838,
            "ra": 44.3947204,
            "dec": -5.0774277,
            "fid": 2,
            "nid": 1359,
            "magpsf": 19.11079978942871,
            "sigmapsf": 0.09018000215291977,
            "magnr": 20.35300064086914,
            "sigmagnr": 0.07400000095367432,
            "magzpsci": 26.179800033569336,
            "isdiffpos": "t",
            "ssdistnr": -999.0,
            "ssnamenr": "null",
            "drb": 0.994504988193512
        },
        {
            "candid": 1361389780515015007,
            "jd": 2459115.8897801,
            "ra": 44.3947186,
            "dec": -5.0774107,
            "fid": 2,
            "nid": 1361,
            "magpsf": 19.218700408935547,
            "sigmapsf": 0.0968799963593483,
            "magnr": 20.35300064086914,
            "sigmagnr": 0.07400000095367432,
            "magzpsci": 26.23870086669922,
            "isdiffpos": "t",
            "ssdistnr": -999.0,
            "ssnamenr": "null",
            "drb": 0.9999970197677612
        },
        {
            "candid": 1362397840515015009,
            "jd": 2459116.8978472,
            "ra": 44.3947046,
            "dec": -5.0774147,
            "fid": 2,
            "nid": 1362,
            "magpsf": 19.25589942932129,
            "sigmapsf": 0.0883919969201088,
            "magnr": 20.35300064086914,
            "sigmagnr": 0.07400000095367432,
            "magzpsci": 26.234899520874023,
            "isdiffpos": "t",
            "ssdistnr": -999.0,
            "ssnamenr": "null",
            "drb": 0.9999970197677612
        },
        {
            "candid": 1362407930515015007,
            "jd": 2459116.9079398,
            "ra": 44.3947149,
            "dec": -5.0774001,
            "fid": 2,
            "nid": 1362,
            "magpsf": 19.293699264526367,
            "sigmapsf": 0.10398200154304504,
            "magnr": 20.35300064086914,
            "sigmagnr": 0.07400000095367432,
            "magzpsci": 26.242700576782227,
            "isdiffpos": "t",
            "ssdistnr": -999.0,
            "ssnamenr": "null",
            "drb": 0.9999930262565613
        },
        {
            "candid": 1362503870515015003,
            "jd": 2459117.0038773,
            "ra": 44.3946926,
            "dec": -5.0774854,
            "fid": 1,
            "nid": 1362,
            "magpsf": 20.61359977722168,
            "sigmapsf": 0.24317200481891632,
            "magnr": 20.94499969482422,
            "sigmagnr": 0.08699999749660492,
            "magzpsci": 26.305599212646484,
            "isdiffpos": "t",
            "ssdistnr": -999.0,
            "ssnamenr": "-999.0",
            "drb": null
        },
        {
            "candid": 1369352830515015003,
            "jd": 2459123.8528356,
            "ra": 44.3947453,
            "dec": -5.077304,
            "fid": 2,
            "nid": 1369,
            "magpsf": 19.6653995513916,
            "sigmapsf": 0.24340400099754333,
            "magnr": 20.35300064086914,
            "sigmagnr": 0.07400000095367432,
            "magzpsci": 26.20039939880371,
            "isdiffpos": "t",
            "ssdistnr": -999.0,
            "ssnamenr": "-999.0",
            "drb": null
        },
        {
            "candid": 1370355470515015001,
            "jd": 2459124.8554745,
            "ra": 44.3946851,
            "dec": -5.0775081,
            "fid": 2,
            "nid": 1370,
            "magpsf": 19.689199447631836,
            "sigmapsf": 0.2985450029373169,
            "magnr": 20.35300064086914,
            "sigmagnr": 0.07400000095367432,
            "magzpsci": 26.243200302124023,
            "isdiffpos": "t",
            "ssdistnr": -999.0,
            "ssnamenr": "-999.0",
            "drb": null
        },
        {
            "candid": 1376422580515015008,
            "jd": 2459130.922581,
            "ra": 44.3947088,
            "dec": -5.077405,
            "fid": 2,
            "nid": 1376,
            "magpsf": 19.859600067138672,
            "sigmapsf": 0.15788500010967255,
            "magnr": 20.35300064086914,
            "sigmagnr": 0.07400000095367432,
            "magzpsci": 26.294599533081055,
            "isdiffpos": "t",
            "ssdistnr": -999.0,
            "ssnamenr": "null",
            "drb": 0.9999889731407166
        },
        {
            "candid": 1380422150515015002,
            "jd": 2459134.9221528,
            "ra": 44.3947182,
            "dec": -5.0775018,
            "fid": 2,
            "nid": 1380,
            "magpsf": 20.06329917907715,
            "sigmapsf": 0.18276000022888184,
            "magnr": 20.35300064086914,
            "sigmagnr": 0.07400000095367432,
            "magzpsci": 26.255300521850586,
            "isdiffpos": "t",
            "ssdistnr": -999.0,
            "ssnamenr": "null",
            "drb": 0.9999970197677612
        },
        {
            "candid": 1382318900515015006,
            "jd": 2459136.8189005,
            "ra": 44.3947435,
            "dec": -5.0774133,
            "fid": 2,
            "nid": 1382,
            "magpsf": 20.03190040588379,
            "sigmapsf": 0.14934399724006653,
            "magnr": 20.35300064086914,
            "sigmagnr": 0.07400000095367432,
            "magzpsci": 26.272899627685547,
            "isdiffpos": "t",
            "ssdistnr": -999.0,
            "ssnamenr": "null",
            "drb": 0.9636369943618774
        },
        {
            "candid": 1384350050515015008,
            "jd": 2459138.8500579,
            "ra": 44.3947171,
            "dec": -5.0774305,
            "fid": 2,
            "nid": 1384,
            "magpsf": 20.001399993896484,
            "sigmapsf": 0.14673399925231934,
            "magnr": 20.35300064086914,
            "sigmagnr": 0.07400000095367432,
            "magzpsci": 26.253400802612305,
            "isdiffpos": "t",
            "ssdistnr": -999.0,
            "ssnamenr": "null",
            "drb": 0.9999610185623169
        },
        {
            "candid": 1386362700515015002,
            "jd": 2459140.8627083,
            "ra": 44.3946963,
            "dec": -5.0774084,
            "fid": 2,
            "nid": 1386,
            "magpsf": 20.128400802612305,
            "sigmapsf": 0.15620000660419464,
            "magnr": 20.35300064086914,
            "sigmagnr": 0.07400000095367432,
            "magzpsci": 26.255399703979492,
            "isdiffpos": "t",
            "ssdistnr": -999.0,
            "ssnamenr": "null",
            "drb": 0.9997109770774841
        },
        {
            "candid": 1388360330515015004,
            "jd": 2459142.8603356,
            "ra": 44.3946457,
            "dec": -5.0774152,
            "fid": 2,
            "nid": 1388,
            "magpsf": 20.060100555419922,
            "sigmapsf": 0.18301300704479218,
            "magnr": 20.35300064086914,
            "sigmagnr": 0.07400000095367432,
            "magzpsci": 26.280099868774414,
            "isdiffpos": "t",
            "ssdistnr": -999.0,
            "ssnamenr": "null",
            "drb": 0.999904990196228
        },
        {
            "candid": 1388360330515025004,
            "jd": 2459142.8603356,
            "ra": 44.3946457,
            "dec": -5.0774152,
            "fid": 2,
            "nid": 1388,
            "magpsf": 20.060100555419922,
            "sigmapsf": 0.18301300704479218,
            "magnr": 20.35300064086914,
            "sigmagnr": 0.07400000095367432,
            "magzpsci": 26.280099868774414,
            "isdiffpos": "t",
            "ssdistnr": -999.0,
            "ssnamenr": "null",
            "drb": 0.999904990196228
        },
        {
            "candid": 1390394090515015006,
            "jd": 2459144.8940972,
            "ra": 44.3946778,
            "dec": -5.0773792,
            "fid": 1,
            "nid": 1390,
            "magpsf": 21.299800872802734,
            "sigmapsf": 0.3288399875164032,
            "magnr": 20.94499969482422,
            "sigmagnr": 0.08699999749660492,
            "magzpsci": 26.36079978942871,
            "isdiffpos": "t",
            "ssdistnr": -999.0,
            "ssnamenr": "-999.0",
            "drb": null
        },
        {
            "candid": 1390405400515015006,
            "jd": 2459144.9054051,
            "ra": 44.3946882,
            "dec": -5.0774042,
            "fid": 2,
            "nid": 1390,
            "magpsf": 20.04640007019043,
            "sigmapsf": 0.1305380016565323,
            "magnr": 20.35300064086914,
            "sigmagnr": 0.07400000095367432,
            "magzpsci": 26.21339988708496,
            "isdiffpos": "t",
            "ssdistnr": -999.0,
            "ssnamenr": "null",
            "drb": 0.9999780058860779
        },
        {
            "candid": 1396298110515015008,
            "jd": 2459150.7981134,
            "ra": 44.3948248,
            "dec": -5.0774511,
            "fid": 2,
            "nid": 1396,
            "magpsf": 20.242300033569336,
            "sigmapsf": 0.24579599499702454,
            "magnr": 20.35300064086914,
            "sigmagnr": 0.07400000095367432,
            "magzpsci": 26.31730079650879,
            "isdiffpos": "t",
            "ssdistnr": -999.0,
            "ssnamenr": "-999.0",
            "drb": null
        },
        {
            "candid": 1415279730515015003,
            "jd": 2459169.7797338,
            "ra": 44.3947314,
            "dec": -5.0774384,
            "fid": 2,
            "nid": 1415,
            "magpsf": 20.489299774169922,
            "sigmapsf": 0.2030639946460724,
            "magnr": 20.35300064086914,
            "sigmagnr": 0.07400000095367432,
            "magzpsci": 26.323299407958984,
            "isdiffpos": "t",
            "ssdistnr": -999.0,
            "ssnamenr": "null",
            "drb": 0.9991940259933472
        },
        {
            "jd": 2459061.95498,
            "fid": 2,
            "diffmaglim": 20.2450008392334
        },
        {
            "jd": 2459062.92095,
            "fid": 1,
            "diffmaglim": 19.05500030517578
        },
        {
            "jd": 2459062.9989,
            "fid": 2,
            "diffmaglim": 19.80299949645996
        },
        {
            "jd": 2459064.94411,
            "fid": 2,
            "diffmaglim": 19.320999145507812
        },
        {
            "jd": 2459064.96362,
            "fid": 1,
            "diffmaglim": 18.968000411987305
        },
        {
            "jd": 2459076.9256,
            "fid": 2,
            "diffmaglim": 20.011999130249023
        },
        {
            "jd": 2459076.97034,
            "fid": 1,
            "diffmaglim": 20.43400001525879
        },
        {
            "jd": 2459095.84039,
            "fid": 1,
            "diffmaglim": 18.464000701904297
        },
        {
            "jd": 2459096.8873,
            "fid": 2,
            "diffmaglim": 18.965999603271484
        },
        {
            "jd": 2459102.99973,
            "fid": 1,
            "diffmaglim": 17.69300079345703
        },
        {
            "jd": 2459120.84959,
            "fid": 1,
            "diffmaglim": 19.59000015258789
        },
        {
            "jd": 2459121.86399,
            "fid": 1,
            "diffmaglim": 19.579999923706055
        },
        {
            "jd": 2459122.86108,
            "fid": 1,
            "diffmaglim": 19.224000930786133
        },
        {
            "jd": 2459123.89715,
            "fid": 1,
            "diffmaglim": 18.88599967956543
        },
        {
            "jd": 2459128.90177,
            "fid": 2,
            "diffmaglim": 19.010000228881836
        },
        {
            "jd": 2459128.93019,
            "fid": 1,
            "diffmaglim": 18.51099967956543
        },
        {
            "jd": 2459130.88324,
            "fid": 1,
            "diffmaglim": 19.979000091552734
        },
        {
            "jd": 2459134.88044,
            "fid": 1,
            "diffmaglim": 20.222000122070312
        },
        {
            "jd": 2459140.89884,
            "fid": 1,
            "diffmaglim": 20.56999969482422
        },
        {
            "jd": 2459142.87863,
            "fid": 1,
            "diffmaglim": 20.68400001525879
        },
        {
            "jd": 2459146.87492,
            "fid": 1,
            "diffmaglim": 18.49799919128418
        },
        {
            "jd": 2459146.87872,
            "fid": 2,
            "diffmaglim": 16.802000045776367
        },
        {
            "jd": 2459150.903,
            "fid": 1,
            "diffmaglim": 19.50200080871582
        },
        {
            "jd": 2459152.81588,
            "fid": 1,
            "diffmaglim": 18.948999404907227
        },
        {
            "jd": 2459152.88703,
            "fid": 2,
            "diffmaglim": 19.198999404907227
        },
        {
            "jd": 2459155.75359,
            "fid": 2,
            "diffmaglim": 19.364999771118164
        },
        {
            "jd": 2459155.86179,
            "fid": 1,
            "diffmaglim": 19.34600067138672
        },
        {
            "jd": 2459156.9309,
            "fid": 1,
            "diffmaglim": 19.204999923706055
        },
        {
            "jd": 2459158.79649,
            "fid": 1,
            "diffmaglim": 19.579999923706055
        },
        {
            "jd": 2459158.84736,
            "fid": 2,
            "diffmaglim": 19.575000762939453
        },
        {
            "jd": 2459165.82047,
            "fid": 2,
            "diffmaglim": 20.642000198364258
        },
        {
            "jd": 2459167.81875,
            "fid": 2,
            "diffmaglim": 19.96500015258789
        },
        {
            "jd": 2459167.86169,
            "fid": 1,
            "diffmaglim": 20.055999755859375
        }
    ],
    "forcedphot": []
}