{
    "objectId": "ZTF24aacjcwl",
    "candidates": [
        {
            "candid": 2571200410615015069,
            "jd": 2460325.7004167,
            "ra": 44.3855886,
            "dec": 8.0967653,
            "fid": 2,
            "nid": 2571,
            "magpsf": 20.221799850463867,
            "sigmapsf": 0.21697500348091125,
            "magnr": 20.256999969482422,
            "sigmagnr": 0.11599999666213989,
            "magzpsci": 26.220800399780273,
            "isdiffpos": "t",
            "ssdistnr": null,
            "ssnamenr": null,
            "drb": 0.9993090629577637
        },
        {
            "candid": 2571200876115015004,
            "jd": 2460325.7008796,
            "ra": 44.3856408,
            "dec": 8.0968685,
            "fid": 2,
            "nid": 2571,
            "magpsf": 20.378299713134766,
            "sigmapsf": 0.32054299116134644,
            "magnr": 20.132999420166016,
            "sigmagnr": 0.125,
            "magzpsci": 26.01129913330078,
            "isdiffpos": "t",
            "ssdistnr": null,
            "ssnamenr": null,
            "drb": null
        },
        {
            "candid": 2573150416115015006,
            "jd": 2460327.6504167,
            "ra": 44.385741,
            "dec": 8.0967977,
            "fid": 2,
            "nid": 2573,
            "magpsf": 19.662399291992188,
            "sigmapsf": 0.24279199540615082,
            "magnr": 20.132999420166016,
            "sigmagnr": 0.125,
            "magzpsci": 26.04840087890625,
            "isdiffpos": "t",
            "ssdistnr": null,
            "ssnamenr": null,
            "drb": null
        },
        {
            "candid": 2580173310615015013,
            "jd": 2460334.6733102,
            "ra": 44.3856424,
            "dec": 8.0967991,
            "fid": 2,
            "nid": 2580,
            "magpsf": 18.56920051574707,
            "sigmapsf": 0.08331400156021118,
            "magnr": 20.256999969482422,
            "sigmagnr": 0.11599999666213989,
            "magzpsci": 26.246200561523438,
            "isdiffpos": "t",
            "ssdistnr": null,
            "ssnamenr": null,
            "drb": null
        },
        {
            "candid": 2585250380615015011,
            "jd": 2460339.7503819,
            "ra": 44.3856621,
            "dec": 8.0968031,
            "fid": 2,
            "nid": 2585,
            "magpsf": 18.67140007019043,
            "sigmapsf": 0.09436500072479248,
            "magnr": 20.256999969482422,
            "sigmagnr": 0.11599999666213989,
            "magzpsci": 26.196399688720703,
            "isdiffpos": "t",
            "ssdistnr": null,
            "ssnamenr": null,
            "drb": null
        },
        {
            "candid": 2587130706115015006,
            "jd": 2460341.630706,
            "ra": 44.3855558,
            "dec": 8.0968212,
            "fid": 1,
            "nid": 2587,
            "magpsf": 19.56839942932129,
            "sigmapsf": 0.19128599762916565,
            "magnr": 21.01099967956543,
            "sigmagnr": 0.16699999570846558,
            "magzpsci": 26.089399337768555,
            "isdiffpos": "t",
            "ssdistnr": null,
            "ssnamenr": null,
            "drb": null
        },
        {
            "candid": 2587131180615015003,
            "jd": 2460341.6311806,
            "ra": 44.3856356,
            "dec": 8.0967507,
            "fid": 1,
            "nid": 2587,
            "magpsf": 19.803499221801758,
            "sigmapsf": 0.1793379932641983,
            "magnr": 20.663999557495117,
            "sigmagnr": 0.10000000149011612,
            "magzpsci": 26.348499298095703,
            "isdiffpos": "t",
            "ssdistnr": null,
            "ssnamenr": null,
            "drb": null
        },
        {
            "candid": 2587151876115015004,
            "jd": 2460341.651875,
            "ra": 44.3856483,
            "dec": 8.096817,
            "fid": 2,
            "nid": 2587,
            "magpsf": 18.611000061035156,
            "sigmapsf": 0.09183900058269501,
            "magnr": 20.132999420166016,
            "sigmagnr": 0.125,
            "magzpsci": 26.047000885009766,
            "isdiffpos": "t",
            "ssdistnr": null,
            "ssnamenr": null,
            "drb": null
        },
        {
            "candid": 2587169980615015015,
            "jd": 2460341.6699884,
            "ra": 44.3856531,
            "dec": 8.0968135,
            "fid": 2,
            "nid": 2587,
            "magpsf": 18.520999908447266,
            "sigmapsf": 0.15098200738430023,
            "magnr": 20.256999969482422,
            "sigmagnr": 0.11599999666213989,
            "magzpsci": 25.424999237060547,
            "isdiffpos": "t",
            "ssdistnr": null,
            "ssnamenr": null,
            "drb": null
        },
        {
            "candid": 2598201566115015008,
            "jd": 2460352.7015625,
            "ra": 44.3855869,
            "dec": 8.0966794,
            "fid": 2,
            "nid": 2598,
            "magpsf": 19.351600646972656,
            "sigmapsf": 0.23025700449943542,
            "magnr": 20.132999420166016,
            "sigmagnr": 0.125,
            "magzpsci": 25.98859977722168,
            "isdiffpos": "t",
            "ssdistnr": null,
            "ssnamenr": null,
            "drb": null
        },
        {
            "candid": 2598202030615015003,
            "jd": 2460352.702037,
            "ra": 44.3854609,
            "dec": 8.0967622,
            "fid": 2,
            "nid": 2598,
            "magpsf": 19.6427001953125,
            "sigmapsf": 0.1929289996623993,
            "magnr": 20.256999969482422,
            "sigmagnr": 0.11599999666213989,
            "magzpsci": 26.209699630737305,
            "isdiffpos": "t",
            "ssdistnr": null,
            "ssnamenr": null,
            "drb": null
        },
        {
            "candid": 2600152510615015005,
            "jd": 2460354.6525116,
            "ra": 44.385687,
            "dec": 8.0967772,
            "fid": 2,
            "nid": 2600,
            "magpsf": 19.652061462402344,
            "sigmapsf": 0.1469530612230301,
            "magnr": 20.256999969482422,
            "sigmagnr": 0.11599999666213989,
            "magzpsci": 26.254060745239258,
            "isdiffpos": "t",
            "ssdistnr": -999.0,
            "ssnamenr": "null",
            "drb": null
        },
        {
            "jd": 2460295.7781944,
            "fid": 2,
            "diffmaglim": 17.802000045776367
        },
        {
            "jd": 2460305.630081,
            "fid": 2,
            "diffmaglim": 18.535999298095703
        },
        {
            "jd": 2460305.6315162,
            "fid": 2,
            "diffmaglim": 16.12310028076172
        },
        {
            "jd": 2460305.730706,
            "fid": 1,
            "diffmaglim": 17.99209976196289
        },
        {
            "jd": 2460305.7311806,
            "fid": 1,
            "diffmaglim": 18.17490005493164
        },
        {
            "jd": 2460307.6301736,
            "fid": 1,
            "diffmaglim": 19.68269920349121
        },
        {
            "jd": 2460307.6316088,
            "fid": 1,
            "diffmaglim": 19.831300735473633
        },
        {
            "jd": 2460307.6972917,
            "fid": 2,
            "diffmaglim": 20.111099243164062
        },
        {
            "jd": 2460307.6977662,
            "fid": 2,
            "diffmaglim": 19.893999099731445
        },
        {
            "jd": 2460314.6370255,
            "fid": 2,
            "diffmaglim": 20.179500579833984
        },
        {
            "jd": 2460314.6375,
            "fid": 2,
            "diffmaglim": 19.922100067138672
        },
        {
            "jd": 2460314.7159491,
            "fid": 1,
            "diffmaglim": 20.059200286865234
        },
        {
            "jd": 2460314.7197338,
            "fid": 1,
            "diffmaglim": 19.981599807739258
        },
        {
            "jd": 2460321.6826505,
            "fid": 2,
            "diffmaglim": 19.96929931640625
        },
        {
            "jd": 2460321.684537,
            "fid": 2,
            "diffmaglim": 20.150400161743164
        },
        {
            "jd": 2460323.7133681,
            "fid": 1,
            "diffmaglim": 19.61949920654297
        },
        {
            "jd": 2460323.8034838,
            "fid": 2,
            "diffmaglim": 19.437999725341797
        },
        {
            "jd": 2460323.8039583,
            "fid": 2,
            "diffmaglim": 19.341899871826172
        },
        {
            "jd": 2460325.713125,
            "fid": 1,
            "diffmaglim": 19.982999801635742
        },
        {
            "jd": 2460325.7431134,
            "fid": 1,
            "diffmaglim": 19.602699279785156
        },
        {
            "jd": 2460327.6189583,
            "fid": 1,
            "diffmaglim": 19.588499069213867
        },
        {
            "jd": 2460336.7665278,
            "fid": 1,
            "diffmaglim": 18.465999603271484
        },
        {
            "jd": 2460352.633206,
            "fid": 1,
            "diffmaglim": 19.985200881958008
        },
        {
            "jd": 2460352.6341435,
            "fid": 1,
            "diffmaglim": 19.93560028076172
        },
        {
            "jd": 2460354.6314468,
            "fid": 1,
            "diffmaglim": 19.866300582885742
        },
        {
            "jd": 2460354.6445833,
            "fid": 1,
            "diffmaglim": 20.10740089416504
        }
    ],
    "forcedphot": [
        {
            "objectid": "ZTF24aacjcwl",
            "jd": 2460295.7781944,
            "ranr": 44.384551,
            "decnr": 8.0963941,
            "fid": 2,
            "forcediffimflux": 104.07149505615234,
            "forcediffimfluxunc": 232.65245056152344,
            "magzpsci": 26.020700454711914
        },
        {
            "objectid": "ZTF24aacjcwl",
            "jd": 2460296.7661806,
            "ranr": -99999.0,
            "decnr": -99999.0,
            "fid": 1,
            "forcediffimflux": -99999.0,
            "forcediffimfluxunc": -99999.0,
            "magzpsci": 26.054100036621094
        },
        {
            "objectid": "ZTF24aacjcwl",
            "jd": 2460305.630081,
            "ranr": 44.384551,
            "decnr": 8.0963941,
            "fid": 2,
            "forcediffimflux": -63.20066452026367,
            "forcediffimfluxunc": 92.82733917236328,
            "magzpsci": 25.73110008239746
        },
        {
            "objectid": "ZTF24aacjcwl",
            "jd": 2460305.7311806,
            "ranr": -99999.0,
            "decnr": -99999.0,
            "fid": 1,
            "forcediffimflux": -99999.0,
            "forcediffimfluxunc": -99999.0,
            "magzpsci": 25.663400650024414
        },
        {
            "objectid": "ZTF24aacjcwl",
            "jd": 2460306.6279977,
            "ranr": -99999.0,
            "decnr": -99999.0,
            "fid": 1,
            "forcediffimflux": -99999.0,
            "forcediffimfluxunc": -99999.0,
            "magzpsci": 26.15369987487793
        },
        {
            "objectid": "ZTF24aacjcwl",
            "jd": 2460307.6316088,
            "ranr": 44.3862362,
            "decnr": 8.096604,
            "fid": 1,
            "forcediffimflux": 25.145488739013672,
            "forcediffimfluxunc": 43.285640716552734,
            "magzpsci": 26.135900497436523
        },
        {
            "objectid": "ZTF24aacjcwl",
            "jd": 2460307.6977662,
            "ranr": 44.384551,
            "decnr": 8.0963941,
            "fid": 2,
            "forcediffimflux": -28.018888473510742,
            "forcediffimfluxunc": 38.97287368774414,
            "magzpsci": 26.039400100708008
        },
        {
            "objectid": "ZTF24aacjcwl",
            "jd": 2460308.6278125,
            "ranr": -99999.0,
            "decnr": -99999.0,
            "fid": 1,
            "forcediffimflux": -99999.0,
            "forcediffimfluxunc": -99999.0,
            "magzpsci": 26.072399139404297
        },
        {
            "objectid": "ZTF24aacjcwl",
            "jd": 2460308.6740509,
            "ranr": -99999.0,
            "decnr": -99999.0,
            "fid": 2,
            "forcediffimflux": -99999.0,
            "forcediffimfluxunc": -99999.0,
            "magzpsci": 26.03179931640625
        },
        {
            "objectid": "ZTF24aacjcwl",
            "jd": 2460314.6384375,
            "ranr": -99999.0,
            "decnr": -99999.0,
            "fid": 2,
            "forcediffimflux": -99999.0,
            "forcediffimfluxunc": -99999.0,
            "magzpsci": 26.07229995727539
        },
        {
            "objectid": "ZTF24aacjcwl",
            "jd": 2460314.7197338,
            "ranr": 44.3851318,
            "decnr": 8.0959941,
            "fid": 1,
            "forcediffimflux": 16.142118453979492,
            "forcediffimfluxunc": 46.38939666748047,
            "magzpsci": 26.372100830078125
        },
        {
            "objectid": "ZTF24aacjcwl",
            "jd": 2460321.684537,
            "ranr": 44.385193,
            "decnr": 8.0960359,
            "fid": 2,
            "forcediffimflux": -30.3249454498291,
            "forcediffimfluxunc": 34.70537567138672,
            "magzpsci": 26.278099060058594
        },
        {
            "objectid": "ZTF24aacjcwl",
            "jd": 2460322.7385417,
            "ranr": -99999.0,
            "decnr": -99999.0,
            "fid": 2,
            "forcediffimflux": -99999.0,
            "forcediffimfluxunc": -99999.0,
            "magzpsci": 26.05419921875
        },
        {
            "objectid": "ZTF24aacjcwl",
            "jd": 2460322.7870486,
            "ranr": -99999.0,
            "decnr": -99999.0,
            "fid": 1,
            "forcediffimflux": -99999.0,
            "forcediffimfluxunc": -99999.0,
            "magzpsci": 26.07069969177246
        },
        {
            "objectid": "ZTF24aacjcwl",
            "jd": 2460323.7133681,
            "ranr": 44.3851318,
            "decnr": 8.0959941,
            "fid": 1,
            "forcediffimflux": 79.66731262207031,
            "forcediffimfluxunc": 45.41554641723633,
            "magzpsci": 26.083499908447266
        },
        {
            "objectid": "ZTF24aacjcwl",
            "jd": 2460323.8039583,
            "ranr": 44.384551,
            "decnr": 8.0963941,
            "fid": 2,
            "forcediffimflux": 97.87158966064453,
            "forcediffimfluxunc": 60.546409606933594,
            "magzpsci": 25.95319938659668
        },
        {
            "objectid": "ZTF24aacjcwl",
            "jd": 2460325.7008796,
            "ranr": 44.384551,
            "decnr": 8.0963941,
            "fid": 2,
            "forcediffimflux": 171.37777709960938,
            "forcediffimfluxunc": 38.7108154296875,
            "magzpsci": 26.01129913330078
        },
        {
            "objectid": "ZTF24aacjcwl",
            "jd": 2460325.7431134,
            "ranr": 44.3862362,
            "decnr": 8.096604,
            "fid": 1,
            "forcediffimflux": 87.00618743896484,
            "forcediffimfluxunc": 37.65049362182617,
            "magzpsci": 25.77869987487793
        },
        {
            "objectid": "ZTF24aacjcwl",
            "jd": 2460326.6175116,
            "ranr": -99999.0,
            "decnr": -99999.0,
            "fid": 2,
            "forcediffimflux": -99999.0,
            "forcediffimfluxunc": -99999.0,
            "magzpsci": 26.010900497436523
        },
        {
            "objectid": "ZTF24aacjcwl",
            "jd": 2460326.7581597,
            "ranr": -99999.0,
            "decnr": -99999.0,
            "fid": 1,
            "forcediffimflux": -99999.0,
            "forcediffimfluxunc": -99999.0,
            "magzpsci": 26.080799102783203
        },
        {
            "objectid": "ZTF24aacjcwl",
            "jd": 2460327.6189583,
            "ranr": -99999.0,
            "decnr": -99999.0,
            "fid": 1,
            "forcediffimflux": -99999.0,
            "forcediffimfluxunc": -99999.0,
            "magzpsci": 26.238500595092773
        },
        {
            "objectid": "ZTF24aacjcwl",
            "jd": 2460327.6504167,
            "ranr": 44.384551,
            "decnr": 8.0963941,
            "fid": 2,
            "forcediffimflux": 343.2644348144531,
            "forcediffimfluxunc": 50.91972732543945,
            "magzpsci": 26.04840087890625
        },
        {
            "objectid": "ZTF24aacjcwl",
            "jd": 2460334.6733102,
            "ranr": 44.385193,
            "decnr": 8.0960359,
            "fid": 2,
            "forcediffimflux": 1157.3564453125,
            "forcediffimfluxunc": 62.91484451293945,
            "magzpsci": 26.246200561523438
        },
        {
            "objectid": "ZTF24aacjcwl",
            "jd": 2460336.7665278,
            "ranr": -99999.0,
            "decnr": -99999.0,
            "fid": 1,
            "forcediffimflux": -99999.0,
            "forcediffimfluxunc": -99999.0,
            "magzpsci": 26.01289939880371
        },
        {
            "objectid": "ZTF24aacjcwl",
            "jd": 2460339.7503819,
            "ranr": 44.385193,
            "decnr": 8.0960359,
            "fid": 2,
            "forcediffimflux": 1002.7374877929688,
            "forcediffimfluxunc": 60.993446350097656,
            "magzpsci": 26.196399688720703
        },
        {
            "objectid": "ZTF24aacjcwl",
            "jd": 2460340.7075,
            "ranr": -99999.0,
            "decnr": -99999.0,
            "fid": 1,
            "forcediffimflux": -99999.0,
            "forcediffimfluxunc": -99999.0,
            "magzpsci": 25.899999618530273
        },
        {
            "objectid": "ZTF24aacjcwl",
            "jd": 2460341.630706,
            "ranr": -99999.0,
            "decnr": -99999.0,
            "fid": 1,
            "forcediffimflux": -99999.0,
            "forcediffimfluxunc": -99999.0,
            "magzpsci": 26.19029998779297
        },
        {
            "objectid": "ZTF24aacjcwl",
            "jd": 2460341.6311806,
            "ranr": 44.3851318,
            "decnr": 8.0959941,
            "fid": 1,
            "forcediffimflux": 377.4939270019531,
            "forcediffimfluxunc": 38.661624908447266,
            "magzpsci": 26.348499298095703
        },
        {
            "objectid": "ZTF24aacjcwl",
            "jd": 2460341.651875,
            "ranr": -99999.0,
            "decnr": -99999.0,
            "fid": 2,
            "forcediffimflux": -99999.0,
            "forcediffimfluxunc": -99999.0,
            "magzpsci": 26.13129997253418
        },
        {
            "objectid": "ZTF24aacjcwl",
            "jd": 2460351.6409722,
            "ranr": -99999.0,
            "decnr": -99999.0,
            "fid": 1,
            "forcediffimflux": -99999.0,
            "forcediffimfluxunc": -99999.0,
            "magzpsci": 26.12700080871582
        },
        {
            "objectid": "ZTF24aacjcwl",
            "jd": 2460351.6496296,
            "ranr": -99999.0,
            "decnr": -99999.0,
            "fid": 2,
            "forcediffimflux": -99999.0,
            "forcediffimfluxunc": -99999.0,
            "magzpsci": 26.04960060119629
        },
        {
            "objectid": "ZTF24aacjcwl",
            "jd": 2460352.6341435,
            "ranr": 44.3851318,
            "decnr": 8.0959941,
            "fid": 1,
            "forcediffimflux": 137.47711181640625,
            "forcediffimfluxunc": 45.07791519165039,
            "magzpsci": 26.382299423217773
        },
        {
            "objectid": "ZTF24aacjcwl",
            "jd": 2460352.7015625,
            "ranr": -99999.0,
            "decnr": -99999.0,
            "fid": 2,
            "forcediffimflux": -99999.0,
            "forcediffimfluxunc": -99999.0,
            "magzpsci": 26.08690071105957
        },
        {
            "objectid": "ZTF24aacjcwl",
            "jd": 2460352.702037,
            "ranr": 44.385193,
            "decnr": 8.0960359,
            "fid": 2,
            "forcediffimflux": 391.7388916015625,
            "forcediffimfluxunc": 55.7609748840332,
            "magzpsci": 26.209699630737305
        },
        {
            "objectid": "ZTF24aacjcwl",
            "jd": 2460353.6295718,
            "ranr": -99999.0,
            "decnr": -99999.0,
            "fid": 2,
            "forcediffimflux": -99999.0,
            "forcediffimfluxunc": -99999.0,
            "magzpsci": 26.05470085144043
        },
        {
            "objectid": "ZTF24aacjcwl",
            "jd": 2460353.6655093,
            "ranr": -99999.0,
            "decnr": -99999.0,
            "fid": 1,
            "forcediffimflux": -99999.0,
            "forcediffimfluxunc": -99999.0,
            "magzpsci": 26.10379981994629
        },
        {
            "objectid": "ZTF24aacjcwl",
            "jd": 2460354.6445833,
            "ranr": 44.3851318,
            "decnr": 8.0959941,
            "fid": 1,
            "forcediffimflux": 93.0360336303711,
            "forcediffimfluxunc": 38.014957427978516,
            "magzpsci": 26.342199325561523
        }
    ]
}