{
    "objectId": "ZTF21aaygqkb",
    "candidates": [
        {
            "candid": 1582493136315015002,
            "jd": 2459336.9931366,
            "ra": 358.0982156,
            "dec": 28.7729007,
            "fid": 2,
            "nid": 1582,
            "magpsf": 18.0531005859375,
            "sigmapsf": 0.09030299633741379,
            "magnr": 18.354999542236328,
            "sigmagnr": 0.10199999809265137,
            "magzpsci": 26.017099380493164,
            "isdiffpos": "t",
            "ssdistnr": null,
            "ssnamenr": null,
            "drb": 1.0
        },
        {
            "candid": 1582493136315025002,
            "jd": 2459336.9931366,
            "ra": 358.0982156,
            "dec": 28.7729007,
            "fid": 2,
            "nid": 1582,
            "magpsf": 18.0531005859375,
            "sigmapsf": 0.09030299633741379,
            "magnr": 18.354999542236328,
            "sigmagnr": 0.10199999809265137,
            "magzpsci": 26.017099380493164,
            "isdiffpos": "t",
            "ssdistnr": null,
            "ssnamenr": null,
            "drb": null
        },
        {
            "candid": 1582493136315035002,
            "jd": 2459336.9931366,
            "ra": 358.0982156,
            "dec": 28.7729007,
            "fid": 2,
            "nid": 1582,
            "magpsf": 18.0531005859375,
            "sigmapsf": 0.09030299633741379,
            "magnr": 18.354999542236328,
            "sigmagnr": 0.10199999809265137,
            "magzpsci": 26.017099380493164,
            "isdiffpos": "t",
            "ssdistnr": null,
            "ssnamenr": null,
            "drb": null
        },
        {
            "candid": 1582495496315015001,
            "jd": 2459336.9954977,
            "ra": 358.0980971,
            "dec": 28.7729156,
            "fid": 2,
            "nid": 1582,
            "magpsf": 17.938899993896484,
            "sigmapsf": 0.08852100372314453,
            "magnr": 18.354999542236328,
            "sigmagnr": 0.10199999809265137,
            "magzpsci": 26.034900665283203,
            "isdiffpos": "t",
            "ssdistnr": null,
            "ssnamenr": null,
            "drb": null
        },
        {
            "candid": 1582495496315025001,
            "jd": 2459336.9954977,
            "ra": 358.0980971,
            "dec": 28.7729156,
            "fid": 2,
            "nid": 1582,
            "magpsf": 17.938899993896484,
            "sigmapsf": 0.08852100372314453,
            "magnr": 18.354999542236328,
            "sigmagnr": 0.10199999809265137,
            "magzpsci": 26.034900665283203,
            "isdiffpos": "t",
            "ssdistnr": null,
            "ssnamenr": null,
            "drb": null
        },
        {
            "candid": 1582495496315035001,
            "jd": 2459336.9954977,
            "ra": 358.0980971,
            "dec": 28.7729156,
            "fid": 2,
            "nid": 1582,
            "magpsf": 17.938899993896484,
            "sigmapsf": 0.08852100372314453,
            "magnr": 18.354999542236328,
            "sigmagnr": 0.10199999809265137,
            "magzpsci": 26.034900665283203,
            "isdiffpos": "t",
            "ssdistnr": null,
            "ssnamenr": null,
            "drb": null
        },
        {
            "candid": 1582497846315015003,
            "jd": 2459336.9978472,
            "ra": 358.0981607,
            "dec": 28.7729046,
            "fid": 2,
            "nid": 1582,
            "magpsf": 18.086990356445312,
            "sigmapsf": 0.0855650007724762,
            "magnr": 18.354999542236328,
            "sigmagnr": 0.10199999809265137,
            "magzpsci": 26.034990310668945,
            "isdiffpos": "t",
            "ssdistnr": -999.0,
            "ssnamenr": "null",
            "drb": null
        },
        {
            "candid": 1582497846315025003,
            "jd": 2459336.9978472,
            "ra": 358.0981607,
            "dec": 28.7729046,
            "fid": 2,
            "nid": 1582,
            "magpsf": 18.086999893188477,
            "sigmapsf": 0.0855650007724762,
            "magnr": 18.354999542236328,
            "sigmagnr": 0.10199999809265137,
            "magzpsci": 26.03499984741211,
            "isdiffpos": "t",
            "ssdistnr": null,
            "ssnamenr": null,
            "drb": null
        },
        {
            "candid": 1582497846315035003,
            "jd": 2459336.9978472,
            "ra": 358.0981607,
            "dec": 28.7729046,
            "fid": 2,
            "nid": 1582,
            "magpsf": 18.086999893188477,
            "sigmapsf": 0.0855650007724762,
            "magnr": 18.354999542236328,
            "sigmagnr": 0.10199999809265137,
            "magzpsci": 26.03499984741211,
            "isdiffpos": "t",
            "ssdistnr": null,
            "ssnamenr": null,
            "drb": null
        },
        {
            "candid": 1583489356315015001,
            "jd": 2459337.9893519,
            "ra": 358.0980694,
            "dec": 28.7728959,
            "fid": 2,
            "nid": 1583,
            "magpsf": 18.054500579833984,
            "sigmapsf": 0.11077199876308441,
            "magnr": 18.354999542236328,
            "sigmagnr": 0.10199999809265137,
            "magzpsci": 25.956499099731445,
            "isdiffpos": "t",
            "ssdistnr": null,
            "ssnamenr": null,
            "drb": null
        },
        {
            "candid": 1583491756315015001,
            "jd": 2459337.9917593,
            "ra": 358.0981369,
            "dec": 28.7729157,
            "fid": 2,
            "nid": 1583,
            "magpsf": 18.164499282836914,
            "sigmapsf": 0.09570100158452988,
            "magnr": 18.354999542236328,
            "sigmagnr": 0.10199999809265137,
            "magzpsci": 25.9685001373291,
            "isdiffpos": "t",
            "ssdistnr": null,
            "ssnamenr": null,
            "drb": null
        },
        {
            "candid": 1583494166315015000,
            "jd": 2459337.9941667,
            "ra": 358.0982179,
            "dec": 28.7728096,
            "fid": 2,
            "nid": 1583,
            "magpsf": 18.092500686645508,
            "sigmapsf": 0.11782100051641464,
            "magnr": 18.354999542236328,
            "sigmagnr": 0.10199999809265137,
            "magzpsci": 25.97949981689453,
            "isdiffpos": "t",
            "ssdistnr": null,
            "ssnamenr": null,
            "drb": null
        },
        {
            "candid": 1583498996315015004,
            "jd": 2459337.9989931,
            "ra": 358.0981018,
            "dec": 28.7729372,
            "fid": 2,
            "nid": 1583,
            "magpsf": 17.87299919128418,
            "sigmapsf": 0.10888499766588211,
            "magnr": 18.354999542236328,
            "sigmagnr": 0.10199999809265137,
            "magzpsci": 25.996999740600586,
            "isdiffpos": "t",
            "ssdistnr": null,
            "ssnamenr": null,
            "drb": null
        },
        {
            "candid": 1584488096315015000,
            "jd": 2459338.9880903,
            "ra": 358.0981541,
            "dec": 28.7729259,
            "fid": 2,
            "nid": 1584,
            "magpsf": 18.111299514770508,
            "sigmapsf": 0.06533599644899368,
            "magnr": 18.354999542236328,
            "sigmagnr": 0.10199999809265137,
            "magzpsci": 26.033300399780273,
            "isdiffpos": "t",
            "ssdistnr": null,
            "ssnamenr": null,
            "drb": null
        },
        {
            "candid": 1584490496315015001,
            "jd": 2459338.9904977,
            "ra": 358.0981779,
            "dec": 28.7728918,
            "fid": 2,
            "nid": 1584,
            "magpsf": 18.091400146484375,
            "sigmapsf": 0.055011000484228134,
            "magnr": 18.354999542236328,
            "sigmagnr": 0.10199999809265137,
            "magzpsci": 26.038400650024414,
            "isdiffpos": "t",
            "ssdistnr": null,
            "ssnamenr": null,
            "drb": null
        },
        {
            "candid": 1584492906315015001,
            "jd": 2459338.9929051,
            "ra": 358.0981295,
            "dec": 28.7728835,
            "fid": 2,
            "nid": 1584,
            "magpsf": 18.02090072631836,
            "sigmapsf": 0.07011199742555618,
            "magnr": 18.354999542236328,
            "sigmagnr": 0.10199999809265137,
            "magzpsci": 26.04290008544922,
            "isdiffpos": "t",
            "ssdistnr": null,
            "ssnamenr": null,
            "drb": null
        },
        {
            "candid": 1584495316315015001,
            "jd": 2459338.9953125,
            "ra": 358.0981554,
            "dec": 28.7728946,
            "fid": 2,
            "nid": 1584,
            "magpsf": 18.05620002746582,
            "sigmapsf": 0.07765199989080429,
            "magnr": 18.354999542236328,
            "sigmagnr": 0.10199999809265137,
            "magzpsci": 26.050199508666992,
            "isdiffpos": "t",
            "ssdistnr": null,
            "ssnamenr": null,
            "drb": null
        },
        {
            "candid": 1584497736315015001,
            "jd": 2459338.9977315,
            "ra": 358.098123,
            "dec": 28.7729315,
            "fid": 2,
            "nid": 1584,
            "magpsf": 18.049800872802734,
            "sigmapsf": 0.11717499792575836,
            "magnr": 18.354999542236328,
            "sigmagnr": 0.10199999809265137,
            "magzpsci": 26.069799423217773,
            "isdiffpos": "t",
            "ssdistnr": null,
            "ssnamenr": null,
            "drb": null
        },
        {
            "candid": 1585487736315015001,
            "jd": 2459339.9877315,
            "ra": 358.0981303,
            "dec": 28.7728995,
            "fid": 2,
            "nid": 1585,
            "magpsf": 18.093900680541992,
            "sigmapsf": 0.05944700166583061,
            "magnr": 18.354999542236328,
            "sigmagnr": 0.10199999809265137,
            "magzpsci": 26.02589988708496,
            "isdiffpos": "t",
            "ssdistnr": null,
            "ssnamenr": null,
            "drb": null
        },
        {
            "candid": 1585492546315015002,
            "jd": 2459339.9925463,
            "ra": 358.0981771,
            "dec": 28.7729329,
            "fid": 2,
            "nid": 1585,
            "magpsf": 18.08060073852539,
            "sigmapsf": 0.06893700361251831,
            "magnr": 18.354999542236328,
            "sigmagnr": 0.10199999809265137,
            "magzpsci": 26.03860092163086,
            "isdiffpos": "t",
            "ssdistnr": null,
            "ssnamenr": null,
            "drb": null
        },
        {
            "candid": 1585494956315015000,
            "jd": 2459339.9949537,
            "ra": 358.0981178,
            "dec": 28.7729053,
            "fid": 2,
            "nid": 1585,
            "magpsf": 18.09869956970215,
            "sigmapsf": 0.07660800218582153,
            "magnr": 18.354999542236328,
            "sigmagnr": 0.10199999809265137,
            "magzpsci": 26.051700592041016,
            "isdiffpos": "t",
            "ssdistnr": null,
            "ssnamenr": null,
            "drb": null
        },
        {
            "candid": 1585497366315015001,
            "jd": 2459339.9973611,
            "ra": 358.0981606,
            "dec": 28.7729106,
            "fid": 2,
            "nid": 1585,
            "magpsf": 18.130699157714844,
            "sigmapsf": 0.09081099927425385,
            "magnr": 18.354999542236328,
            "sigmagnr": 0.10199999809265137,
            "magzpsci": 26.051700592041016,
            "isdiffpos": "t",
            "ssdistnr": null,
            "ssnamenr": null,
            "drb": null
        },
        {
            "candid": 1586489386315015000,
            "jd": 2459340.9893866,
            "ra": 358.0981251,
            "dec": 28.7729215,
            "fid": 2,
            "nid": 1586,
            "magpsf": 18.103900909423828,
            "sigmapsf": 0.06232900172472,
            "magnr": 18.354999542236328,
            "sigmagnr": 0.10199999809265137,
            "magzpsci": 26.054899215698242,
            "isdiffpos": "t",
            "ssdistnr": null,
            "ssnamenr": null,
            "drb": null
        },
        {
            "candid": 1586491736315015000,
            "jd": 2459340.9917361,
            "ra": 358.0981514,
            "dec": 28.772917,
            "fid": 2,
            "nid": 1586,
            "magpsf": 18.137399673461914,
            "sigmapsf": 0.08777700364589691,
            "magnr": 18.354999542236328,
            "sigmagnr": 0.10199999809265137,
            "magzpsci": 26.063400268554688,
            "isdiffpos": "t",
            "ssdistnr": null,
            "ssnamenr": null,
            "drb": null
        },
        {
            "candid": 1586494086315015002,
            "jd": 2459340.9940856,
            "ra": 358.0981383,
            "dec": 28.772914,
            "fid": 2,
            "nid": 1586,
            "magpsf": 18.130399703979492,
            "sigmapsf": 0.07343800365924835,
            "magnr": 18.354999542236328,
            "sigmagnr": 0.10199999809265137,
            "magzpsci": 26.07740020751953,
            "isdiffpos": "t",
            "ssdistnr": null,
            "ssnamenr": null,
            "drb": null
        },
        {
            "candid": 1586496446315015001,
            "jd": 2459340.9964468,
            "ra": 358.0981463,
            "dec": 28.7729093,
            "fid": 2,
            "nid": 1586,
            "magpsf": 18.06439971923828,
            "sigmapsf": 0.07979399710893631,
            "magnr": 18.354999542236328,
            "sigmagnr": 0.10199999809265137,
            "magzpsci": 26.06839942932129,
            "isdiffpos": "t",
            "ssdistnr": null,
            "ssnamenr": null,
            "drb": null
        },
        {
            "candid": 1587488176315015004,
            "jd": 2459341.9881713,
            "ra": 358.0982071,
            "dec": 28.772861,
            "fid": 2,
            "nid": 1587,
            "magpsf": 18.107999801635742,
            "sigmapsf": 0.08432500064373016,
            "magnr": 18.354999542236328,
            "sigmagnr": 0.10199999809265137,
            "magzpsci": 26.04599952697754,
            "isdiffpos": "t",
            "ssdistnr": null,
            "ssnamenr": null,
            "drb": null
        },
        {
            "candid": 1587490526315015002,
            "jd": 2459341.9905208,
            "ra": 358.0981605,
            "dec": 28.772882,
            "fid": 2,
            "nid": 1587,
            "magpsf": 18.095800399780273,
            "sigmapsf": 0.07767199724912643,
            "magnr": 18.354999542236328,
            "sigmagnr": 0.10199999809265137,
            "magzpsci": 26.054800033569336,
            "isdiffpos": "t",
            "ssdistnr": null,
            "ssnamenr": null,
            "drb": null
        },
        {
            "candid": 1587492876315015000,
            "jd": 2459341.9928704,
            "ra": 358.0981996,
            "dec": 28.7729063,
            "fid": 2,
            "nid": 1587,
            "magpsf": 18.102800369262695,
            "sigmapsf": 0.09909699857234955,
            "magnr": 18.354999542236328,
            "sigmagnr": 0.10199999809265137,
            "magzpsci": 26.059799194335938,
            "isdiffpos": "t",
            "ssdistnr": null,
            "ssnamenr": null,
            "drb": null
        },
        {
            "candid": 1587495236315015002,
            "jd": 2459341.9952315,
            "ra": 358.0981733,
            "dec": 28.7729441,
            "fid": 2,
            "nid": 1587,
            "magpsf": 18.157499313354492,
            "sigmapsf": 0.12661799788475037,
            "magnr": 18.354999542236328,
            "sigmagnr": 0.10199999809265137,
            "magzpsci": 26.058500289916992,
            "isdiffpos": "t",
            "ssdistnr": null,
            "ssnamenr": null,
            "drb": null
        },
        {
            "candid": 1588487386315015003,
            "jd": 2459342.9873843,
            "ra": 358.0981569,
            "dec": 28.7728846,
            "fid": 2,
            "nid": 1588,
            "magpsf": 18.201900482177734,
            "sigmapsf": 0.07857000082731247,
            "magnr": 18.354999542236328,
            "sigmagnr": 0.10199999809265137,
            "magzpsci": 26.02589988708496,
            "isdiffpos": "t",
            "ssdistnr": null,
            "ssnamenr": null,
            "drb": null
        },
        {
            "candid": 1588489786315015002,
            "jd": 2459342.9897801,
            "ra": 358.0981128,
            "dec": 28.7728904,
            "fid": 2,
            "nid": 1588,
            "magpsf": 18.197200775146484,
            "sigmapsf": 0.05920200049877167,
            "magnr": 18.354999542236328,
            "sigmagnr": 0.10199999809265137,
            "magzpsci": 26.022199630737305,
            "isdiffpos": "t",
            "ssdistnr": null,
            "ssnamenr": null,
            "drb": null
        },
        {
            "candid": 1588492196315015002,
            "jd": 2459342.9921991,
            "ra": 358.0981887,
            "dec": 28.7728946,
            "fid": 2,
            "nid": 1588,
            "magpsf": 18.221500396728516,
            "sigmapsf": 0.0784820020198822,
            "magnr": 18.354999542236328,
            "sigmagnr": 0.10199999809265137,
            "magzpsci": 26.03350067138672,
            "isdiffpos": "t",
            "ssdistnr": null,
            "ssnamenr": null,
            "drb": null
        },
        {
            "candid": 1588494606315015002,
            "jd": 2459342.9946065,
            "ra": 358.0981131,
            "dec": 28.7729183,
            "fid": 2,
            "nid": 1588,
            "magpsf": 18.165300369262695,
            "sigmapsf": 0.07845599949359894,
            "magnr": 18.354999542236328,
            "sigmagnr": 0.10199999809265137,
            "magzpsci": 26.044300079345703,
            "isdiffpos": "t",
            "ssdistnr": null,
            "ssnamenr": null,
            "drb": null
        },
        {
            "candid": 1590486206315015003,
            "jd": 2459344.9862037,
            "ra": 358.0981211,
            "dec": 28.772909,
            "fid": 2,
            "nid": 1590,
            "magpsf": 18.21980094909668,
            "sigmapsf": 0.07680200040340424,
            "magnr": 18.354999542236328,
            "sigmagnr": 0.10199999809265137,
            "magzpsci": 25.977800369262695,
            "isdiffpos": "t",
            "ssdistnr": null,
            "ssnamenr": null,
            "drb": null
        },
        {
            "candid": 1590488636315015000,
            "jd": 2459344.9886343,
            "ra": 358.0981623,
            "dec": 28.7729279,
            "fid": 2,
            "nid": 1590,
            "magpsf": 18.215499877929688,
            "sigmapsf": 0.07819999754428864,
            "magnr": 18.354999542236328,
            "sigmagnr": 0.10199999809265137,
            "magzpsci": 25.987499237060547,
            "isdiffpos": "t",
            "ssdistnr": null,
            "ssnamenr": null,
            "drb": null
        },
        {
            "candid": 1590491046315015003,
            "jd": 2459344.9910417,
            "ra": 358.0981163,
            "dec": 28.772917,
            "fid": 2,
            "nid": 1590,
            "magpsf": 18.243499755859375,
            "sigmapsf": 0.07959199696779251,
            "magnr": 18.354999542236328,
            "sigmagnr": 0.10199999809265137,
            "magzpsci": 25.997499465942383,
            "isdiffpos": "t",
            "ssdistnr": null,
            "ssnamenr": null,
            "drb": null
        },
        {
            "candid": 1591483906315015003,
            "jd": 2459345.9839005,
            "ra": 358.0981465,
            "dec": 28.7729234,
            "fid": 2,
            "nid": 1591,
            "magpsf": 18.2814998626709,
            "sigmapsf": 0.0659250020980835,
            "magnr": 18.354999542236328,
            "sigmagnr": 0.10199999809265137,
            "magzpsci": 26.026500701904297,
            "isdiffpos": "t",
            "ssdistnr": null,
            "ssnamenr": null,
            "drb": null
        },
        {
            "candid": 1591486316315015001,
            "jd": 2459345.9863194,
            "ra": 358.0981506,
            "dec": 28.7729094,
            "fid": 2,
            "nid": 1591,
            "magpsf": 18.2987003326416,
            "sigmapsf": 0.08259300142526627,
            "magnr": 18.354999542236328,
            "sigmagnr": 0.10199999809265137,
            "magzpsci": 26.036699295043945,
            "isdiffpos": "t",
            "ssdistnr": null,
            "ssnamenr": null,
            "drb": null
        },
        {
            "candid": 1591488726315015002,
            "jd": 2459345.9887269,
            "ra": 358.0981668,
            "dec": 28.772904,
            "fid": 2,
            "nid": 1591,
            "magpsf": 18.319299697875977,
            "sigmapsf": 0.09004499763250351,
            "magnr": 18.354999542236328,
            "sigmagnr": 0.10199999809265137,
            "magzpsci": 26.042299270629883,
            "isdiffpos": "t",
            "ssdistnr": null,
            "ssnamenr": null,
            "drb": null
        },
        {
            "candid": 1591491136315015001,
            "jd": 2459345.9911343,
            "ra": 358.0981624,
            "dec": 28.7728885,
            "fid": 2,
            "nid": 1591,
            "magpsf": 18.202899932861328,
            "sigmapsf": 0.08375699818134308,
            "magnr": 18.354999542236328,
            "sigmagnr": 0.10199999809265137,
            "magzpsci": 26.048900604248047,
            "isdiffpos": "t",
            "ssdistnr": null,
            "ssnamenr": null,
            "drb": null
        },
        {
            "candid": 1595473296315015003,
            "jd": 2459349.9732986,
            "ra": 358.0981166,
            "dec": 28.7729018,
            "fid": 2,
            "nid": 1595,
            "magpsf": 18.477500915527344,
            "sigmapsf": 0.08488000184297562,
            "magnr": 18.354999542236328,
            "sigmagnr": 0.10199999809265137,
            "magzpsci": 26.063499450683594,
            "isdiffpos": "t",
            "ssdistnr": null,
            "ssnamenr": null,
            "drb": null
        },
        {
            "candid": 1595474736315015001,
            "jd": 2459349.9747338,
            "ra": 358.0981477,
            "dec": 28.7728979,
            "fid": 2,
            "nid": 1595,
            "magpsf": 18.387300491333008,
            "sigmapsf": 0.08639200031757355,
            "magnr": 18.354999542236328,
            "sigmagnr": 0.10199999809265137,
            "magzpsci": 26.060300827026367,
            "isdiffpos": "t",
            "ssdistnr": null,
            "ssnamenr": null,
            "drb": null
        },
        {
            "candid": 1595476146315015001,
            "jd": 2459349.9761458,
            "ra": 358.0981589,
            "dec": 28.7729025,
            "fid": 2,
            "nid": 1595,
            "magpsf": 18.438199996948242,
            "sigmapsf": 0.08861599862575531,
            "magnr": 18.354999542236328,
            "sigmagnr": 0.10199999809265137,
            "magzpsci": 26.06220054626465,
            "isdiffpos": "t",
            "ssdistnr": null,
            "ssnamenr": null,
            "drb": null
        },
        {
            "candid": 1595477566315015000,
            "jd": 2459349.9775694,
            "ra": 358.0981708,
            "dec": 28.7729144,
            "fid": 2,
            "nid": 1595,
            "magpsf": 18.51059913635254,
            "sigmapsf": 0.0717260017991066,
            "magnr": 18.354999542236328,
            "sigmagnr": 0.10199999809265137,
            "magzpsci": 26.070600509643555,
            "isdiffpos": "t",
            "ssdistnr": null,
            "ssnamenr": null,
            "drb": null
        },
        {
            "candid": 1595478986315015000,
            "jd": 2459349.9789815,
            "ra": 358.0981973,
            "dec": 28.7728846,
            "fid": 2,
            "nid": 1595,
            "magpsf": 18.495899200439453,
            "sigmapsf": 0.07887200266122818,
            "magnr": 18.354999542236328,
            "sigmagnr": 0.10199999809265137,
            "magzpsci": 26.080900192260742,
            "isdiffpos": "t",
            "ssdistnr": null,
            "ssnamenr": null,
            "drb": null
        },
        {
            "candid": 1598474346315015000,
            "jd": 2459352.9743403,
            "ra": 358.0982117,
            "dec": 28.7728733,
            "fid": 2,
            "nid": 1598,
            "magpsf": 18.64539909362793,
            "sigmapsf": 0.10327699780464172,
            "magnr": 18.354999542236328,
            "sigmagnr": 0.10199999809265137,
            "magzpsci": 26.026399612426758,
            "isdiffpos": "t",
            "ssdistnr": null,
            "ssnamenr": null,
            "drb": null
        },
        {
            "candid": 1598475766315015004,
            "jd": 2459352.9757639,
            "ra": 358.0981137,
            "dec": 28.7728638,
            "fid": 2,
            "nid": 1598,
            "magpsf": 18.541900634765625,
            "sigmapsf": 0.07668499648571014,
            "magnr": 18.354999542236328,
            "sigmagnr": 0.10199999809265137,
            "magzpsci": 26.01889991760254,
            "isdiffpos": "t",
            "ssdistnr": null,
            "ssnamenr": null,
            "drb": null
        },
        {
            "candid": 1598477176315015001,
            "jd": 2459352.9771759,
            "ra": 358.0981333,
            "dec": 28.7729044,
            "fid": 2,
            "nid": 1598,
            "magpsf": 18.605300903320312,
            "sigmapsf": 0.10022500157356262,
            "magnr": 18.354999542236328,
            "sigmagnr": 0.10199999809265137,
            "magzpsci": 26.02429962158203,
            "isdiffpos": "t",
            "ssdistnr": null,
            "ssnamenr": null,
            "drb": null
        },
        {
            "candid": 1598478596315015001,
            "jd": 2459352.9785995,
            "ra": 358.0981599,
            "dec": 28.7729152,
            "fid": 2,
            "nid": 1598,
            "magpsf": 18.526100158691406,
            "sigmapsf": 0.07137399911880493,
            "magnr": 18.354999542236328,
            "sigmagnr": 0.10199999809265137,
            "magzpsci": 26.023099899291992,
            "isdiffpos": "t",
            "ssdistnr": null,
            "ssnamenr": null,
            "drb": null
        },
        {
            "candid": 1598480016315015003,
            "jd": 2459352.9800116,
            "ra": 358.0981172,
            "dec": 28.7729326,
            "fid": 2,
            "nid": 1598,
            "magpsf": 18.53529930114746,
            "sigmapsf": 0.09220600128173828,
            "magnr": 18.354999542236328,
            "sigmagnr": 0.10199999809265137,
            "magzpsci": 26.02429962158203,
            "isdiffpos": "t",
            "ssdistnr": null,
            "ssnamenr": null,
            "drb": null
        },
        {
            "candid": 1599470556315015002,
            "jd": 2459353.9705556,
            "ra": 358.0980919,
            "dec": 28.7728892,
            "fid": 2,
            "nid": 1599,
            "magpsf": 18.621700286865234,
            "sigmapsf": 0.11245100200176239,
            "magnr": 18.354999542236328,
            "sigmagnr": 0.10199999809265137,
            "magzpsci": 26.06570053100586,
            "isdiffpos": "t",
            "ssdistnr": null,
            "ssnamenr": null,
            "drb": null
        },
        {
            "candid": 1599472066315015002,
            "jd": 2459353.9720602,
            "ra": 358.0981105,
            "dec": 28.7729112,
            "fid": 2,
            "nid": 1599,
            "magpsf": 18.579299926757812,
            "sigmapsf": 0.10387100279331207,
            "magnr": 18.354999542236328,
            "sigmagnr": 0.10199999809265137,
            "magzpsci": 26.06329917907715,
            "isdiffpos": "t",
            "ssdistnr": null,
            "ssnamenr": null,
            "drb": null
        },
        {
            "candid": 1599473566315015004,
            "jd": 2459353.9735648,
            "ra": 358.0982012,
            "dec": 28.7728694,
            "fid": 2,
            "nid": 1599,
            "magpsf": 18.5664005279541,
            "sigmapsf": 0.10850799828767776,
            "magnr": 18.354999542236328,
            "sigmagnr": 0.10199999809265137,
            "magzpsci": 26.07040023803711,
            "isdiffpos": "t",
            "ssdistnr": null,
            "ssnamenr": null,
            "drb": null
        },
        {
            "candid": 1599475066315015002,
            "jd": 2459353.9750694,
            "ra": 358.0981416,
            "dec": 28.7729083,
            "fid": 2,
            "nid": 1599,
            "magpsf": 18.609100341796875,
            "sigmapsf": 0.10109599679708481,
            "magnr": 18.354999542236328,
            "sigmagnr": 0.10199999809265137,
            "magzpsci": 26.081199645996094,
            "isdiffpos": "t",
            "ssdistnr": null,
            "ssnamenr": null,
            "drb": null
        },
        {
            "candid": 1599476586315015001,
            "jd": 2459353.9765856,
            "ra": 358.098135,
            "dec": 28.7729045,
            "fid": 2,
            "nid": 1599,
            "magpsf": 18.55030059814453,
            "sigmapsf": 0.08772200345993042,
            "magnr": 18.354999542236328,
            "sigmagnr": 0.10199999809265137,
            "magzpsci": 26.08530044555664,
            "isdiffpos": "t",
            "ssdistnr": null,
            "ssnamenr": null,
            "drb": null
        },
        {
            "candid": 1628454906315015002,
            "jd": 2459382.9549074,
            "ra": 358.0982089,
            "dec": 28.7728832,
            "fid": 2,
            "nid": 1628,
            "magpsf": 19.157699584960938,
            "sigmapsf": 0.09733100235462189,
            "magnr": 18.354999542236328,
            "sigmagnr": 0.10199999809265137,
            "magzpsci": 26.049699783325195,
            "isdiffpos": "t",
            "ssdistnr": null,
            "ssnamenr": null,
            "drb": null
        },
        {
            "candid": 1631392176315015002,
            "jd": 2459385.8921759,
            "ra": 358.0981128,
            "dec": 28.7729507,
            "fid": 2,
            "nid": 1631,
            "magpsf": 19.275800704956055,
            "sigmapsf": 0.11318299919366837,
            "magnr": 18.354999542236328,
            "sigmagnr": 0.10199999809265137,
            "magzpsci": 26.069799423217773,
            "isdiffpos": "t",
            "ssdistnr": null,
            "ssnamenr": null,
            "drb": null
        },
        {
            "candid": 1631432546315015007,
            "jd": 2459385.9325463,
            "ra": 358.0980803,
            "dec": 28.772968,
            "fid": 1,
            "nid": 1631,
            "magpsf": 20.294599533081055,
            "sigmapsf": 0.21770000457763672,
            "magnr": 18.47100067138672,
            "sigmagnr": 0.1080000028014183,
            "magzpsci": 26.17460060119629,
            "isdiffpos": "t",
            "ssdistnr": null,
            "ssnamenr": null,
            "drb": null
        },
        {
            "candid": 1637405776315015000,
            "jd": 2459391.9057755,
            "ra": 358.0981472,
            "dec": 28.7728617,
            "fid": 2,
            "nid": 1637,
            "magpsf": 19.43320083618164,
            "sigmapsf": 0.2011830061674118,
            "magnr": 18.354999542236328,
            "sigmagnr": 0.10199999809265137,
            "magzpsci": 26.143199920654297,
            "isdiffpos": "t",
            "ssdistnr": null,
            "ssnamenr": null,
            "drb": null
        },
        {
            "candid": 1637444546315015003,
            "jd": 2459391.9445486,
            "ra": 358.0980932,
            "dec": 28.7730137,
            "fid": 1,
            "nid": 1637,
            "magpsf": 20.083200454711914,
            "sigmapsf": 0.26506900787353516,
            "magnr": 18.47100067138672,
            "sigmagnr": 0.1080000028014183,
            "magzpsci": 26.26020050048828,
            "isdiffpos": "t",
            "ssdistnr": null,
            "ssnamenr": null,
            "drb": null
        },
        {
            "candid": 1639452776315015000,
            "jd": 2459393.9527778,
            "ra": 358.0982212,
            "dec": 28.7731228,
            "fid": 2,
            "nid": 1639,
            "magpsf": 19.174400329589844,
            "sigmapsf": 0.1566160023212433,
            "magnr": 18.354999542236328,
            "sigmagnr": 0.10199999809265137,
            "magzpsci": 26.172399520874023,
            "isdiffpos": "t",
            "ssdistnr": null,
            "ssnamenr": null,
            "drb": null
        },
        {
            "candid": 1645406126315015002,
            "jd": 2459399.9061227,
            "ra": 358.0981713,
            "dec": 28.7729314,
            "fid": 1,
            "nid": 1645,
            "magpsf": 20.02910041809082,
            "sigmapsf": 0.19957199692726135,
            "magnr": 18.47100067138672,
            "sigmagnr": 0.1080000028014183,
            "magzpsci": 26.15410041809082,
            "isdiffpos": "t",
            "ssdistnr": null,
            "ssnamenr": null,
            "drb": null
        },
        {
            "candid": 1647433686315015004,
            "jd": 2459401.9336806,
            "ra": 358.0981324,
            "dec": 28.7729881,
            "fid": 2,
            "nid": 1647,
            "magpsf": 19.41010093688965,
            "sigmapsf": 0.0978119969367981,
            "magnr": 18.354999542236328,
            "sigmagnr": 0.10199999809265137,
            "magzpsci": 26.192100524902344,
            "isdiffpos": "t",
            "ssdistnr": null,
            "ssnamenr": null,
            "drb": null
        },
        {
            "candid": 1649404346315015005,
            "jd": 2459403.9043403,
            "ra": 358.0980784,
            "dec": 28.7728793,
            "fid": 1,
            "nid": 1649,
            "magpsf": 20.106300354003906,
            "sigmapsf": 0.1468300074338913,
            "magnr": 18.47100067138672,
            "sigmagnr": 0.1080000028014183,
            "magzpsci": 26.137300491333008,
            "isdiffpos": "t",
            "ssdistnr": null,
            "ssnamenr": null,
            "drb": null
        },
        {
            "candid": 1660426276315015007,
            "jd": 2459414.9262731,
            "ra": 358.0982038,
            "dec": 28.7729368,
            "fid": 1,
            "nid": 1660,
            "magpsf": 20.488300323486328,
            "sigmapsf": 0.20358000695705414,
            "magnr": 18.47100067138672,
            "sigmagnr": 0.1080000028014183,
            "magzpsci": 26.235300064086914,
            "isdiffpos": "t",
            "ssdistnr": null,
            "ssnamenr": null,
            "drb": null
        },
        {
            "candid": 1664407186315015000,
            "jd": 2459418.9071875,
            "ra": 358.0980753,
            "dec": 28.7729186,
            "fid": 2,
            "nid": 1664,
            "magpsf": 19.730899810791016,
            "sigmapsf": 0.33726900815963745,
            "magnr": 18.354999542236328,
            "sigmagnr": 0.10199999809265137,
            "magzpsci": 25.979900360107422,
            "isdiffpos": "t",
            "ssdistnr": null,
            "ssnamenr": null,
            "drb": null
        },
        {
            "candid": 1675429226315015006,
            "jd": 2459429.9292245,
            "ra": 358.0981463,
            "dec": 28.7728785,
            "fid": 1,
            "nid": 1675,
            "magpsf": 20.55150032043457,
            "sigmapsf": 0.24550600349903107,
            "magnr": 18.47100067138672,
            "sigmagnr": 0.1080000028014183,
            "magzpsci": 26.293500900268555,
            "isdiffpos": "t",
            "ssdistnr": null,
            "ssnamenr": null,
            "drb": null
        },
        {
            "candid": 1680369076315015008,
            "jd": 2459434.8690741,
            "ra": 358.0980832,
            "dec": 28.7728814,
            "fid": 2,
            "nid": 1680,
            "magpsf": 20.01409912109375,
            "sigmapsf": 0.13073000311851501,
            "magnr": 18.354999542236328,
            "sigmagnr": 0.10199999809265137,
            "magzpsci": 26.175100326538086,
            "isdiffpos": "t",
            "ssdistnr": null,
            "ssnamenr": null,
            "drb": null
        },
        {
            "candid": 1685391666315015001,
            "jd": 2459439.8916667,
            "ra": 358.0981751,
            "dec": 28.7729069,
            "fid": 2,
            "nid": 1685,
            "magpsf": 20.011199951171875,
            "sigmapsf": 0.1671389937400818,
            "magnr": 18.354999542236328,
            "sigmagnr": 0.10199999809265137,
            "magzpsci": 26.052200317382812,
            "isdiffpos": "t",
            "ssdistnr": null,
            "ssnamenr": null,
            "drb": null
        },
        {
            "candid": 1688340176315015000,
            "jd": 2459442.8401736,
            "ra": 358.0981254,
            "dec": 28.7729327,
            "fid": 2,
            "nid": 1688,
            "magpsf": 20.186250686645508,
            "sigmapsf": 0.17144900560379028,
            "magnr": 18.354999542236328,
            "sigmagnr": 0.10199999809265137,
            "magzpsci": 26.11425018310547,
            "isdiffpos": "t",
            "ssdistnr": -999.0,
            "ssnamenr": "null",
            "drb": null
        },
        {
            "jd": 2459337.9965741,
            "fid": 2,
            "diffmaglim": 18.840099334716797
        },
        {
            "jd": 2459339.9901389,
            "fid": 2,
            "diffmaglim": 19.771699905395508
        },
        {
            "jd": 2459344.9934606,
            "fid": 2,
            "diffmaglim": 19.266000747680664
        },
        {
            "jd": 2459382.9348495,
            "fid": 1,
            "diffmaglim": 20.47719955444336
        },
        {
            "jd": 2459387.889838,
            "fid": 1,
            "diffmaglim": 18.189199447631836
        },
        {
            "jd": 2459387.9456019,
            "fid": 2,
            "diffmaglim": 20.231300354003906
        },
        {
            "jd": 2459393.8684722,
            "fid": 1,
            "diffmaglim": 19.276399612426758
        },
        {
            "jd": 2459395.9361458,
            "fid": 1,
            "diffmaglim": 19.712799072265625
        },
        {
            "jd": 2459399.8866435,
            "fid": 2,
            "diffmaglim": 20.492700576782227
        },
        {
            "jd": 2459401.9150926,
            "fid": 1,
            "diffmaglim": 20.601499557495117
        },
        {
            "jd": 2459403.9340625,
            "fid": 2,
            "diffmaglim": 20.734100341796875
        },
        {
            "jd": 2459407.9245833,
            "fid": 2,
            "diffmaglim": 20.550899505615234
        },
        {
            "jd": 2459409.9360185,
            "fid": 1,
            "diffmaglim": 20.76889991760254
        },
        {
            "jd": 2459409.9485185,
            "fid": 2,
            "diffmaglim": 20.635900497436523
        },
        {
            "jd": 2459411.9138194,
            "fid": 1,
            "diffmaglim": 20.633699417114258
        },
        {
            "jd": 2459411.9544907,
            "fid": 2,
            "diffmaglim": 20.657800674438477
        },
        {
            "jd": 2459414.9479398,
            "fid": 2,
            "diffmaglim": 20.815200805664062
        },
        {
            "jd": 2459416.931169,
            "fid": 2,
            "diffmaglim": 17.861900329589844
        },
        {
            "jd": 2459418.9485648,
            "fid": 1,
            "diffmaglim": 19.551000595092773
        },
        {
            "jd": 2459422.91,
            "fid": 2,
            "diffmaglim": 19.98080062866211
        },
        {
            "jd": 2459422.9564699,
            "fid": 1,
            "diffmaglim": 19.88640022277832
        },
        {
            "jd": 2459424.9019792,
            "fid": 2,
            "diffmaglim": 20.04599952697754
        },
        {
            "jd": 2459424.9367477,
            "fid": 1,
            "diffmaglim": 20.003799438476562
        },
        {
            "jd": 2459427.8690278,
            "fid": 1,
            "diffmaglim": 20.63089942932129
        },
        {
            "jd": 2459427.9249769,
            "fid": 2,
            "diffmaglim": 20.57670021057129
        },
        {
            "jd": 2459429.8828472,
            "fid": 2,
            "diffmaglim": 20.63640022277832
        },
        {
            "jd": 2459434.9368634,
            "fid": 1,
            "diffmaglim": 20.911100387573242
        },
        {
            "jd": 2459436.8822685,
            "fid": 2,
            "diffmaglim": 20.757299423217773
        },
        {
            "jd": 2459436.9252662,
            "fid": 1,
            "diffmaglim": 20.861099243164062
        },
        {
            "jd": 2459439.9366319,
            "fid": 1,
            "diffmaglim": 20.729299545288086
        },
        {
            "jd": 2459442.8284144,
            "fid": 1,
            "diffmaglim": 20.645999908447266
        }
    ],
    "forcedphot": []
}