{
    "objectId": "ZTF21aakymbv",
    "candidates": [
        {
            "candid": 1506177891215015007,
            "jd": 2459260.6778935,
            "ra": 39.2070392,
            "dec": 45.3884377,
            "fid": 1,
            "nid": 1506,
            "magpsf": 19.297100067138672,
            "sigmapsf": 0.1232680007815361,
            "magnr": 18.54199981689453,
            "sigmagnr": 0.08799999952316284,
            "magzpsci": 26.197099685668945,
            "isdiffpos": "t",
            "ssdistnr": null,
            "ssnamenr": null,
            "drb": 0.9999989867210388
        },
        {
            "candid": 1509153121215015004,
            "jd": 2459263.653125,
            "ra": 39.2070354,
            "dec": 45.3883704,
            "fid": 1,
            "nid": 1509,
            "magpsf": 18.12849998474121,
            "sigmapsf": 0.07075200229883194,
            "magnr": 18.54199981689453,
            "sigmagnr": 0.08799999952316284,
            "magzpsci": 26.34950065612793,
            "isdiffpos": "t",
            "ssdistnr": null,
            "ssnamenr": null,
            "drb": 0.9993730187416077
        },
        {
            "candid": 1509175541215015011,
            "jd": 2459263.675544,
            "ra": 39.2071001,
            "dec": 45.3883906,
            "fid": 2,
            "nid": 1509,
            "magpsf": 18.041799545288086,
            "sigmapsf": 0.0905660018324852,
            "magnr": 18.093000411987305,
            "sigmagnr": 0.12099999934434891,
            "magzpsci": 26.26580047607422,
            "isdiffpos": "t",
            "ssdistnr": null,
            "ssnamenr": null,
            "drb": 0.9999390244483948
        },
        {
            "candid": 1511140171215015007,
            "jd": 2459265.6401736,
            "ra": 39.207066,
            "dec": 45.3884225,
            "fid": 2,
            "nid": 1511,
            "magpsf": 17.701400756835938,
            "sigmapsf": 0.048666998744010925,
            "magnr": 18.093000411987305,
            "sigmagnr": 0.12099999934434891,
            "magzpsci": 26.2903995513916,
            "isdiffpos": "t",
            "ssdistnr": null,
            "ssnamenr": null,
            "drb": 1.0
        },
        {
            "candid": 1511166191215015008,
            "jd": 2459265.6661921,
            "ra": 39.2070661,
            "dec": 45.3884164,
            "fid": 1,
            "nid": 1511,
            "magpsf": 17.776199340820312,
            "sigmapsf": 0.045628998428583145,
            "magnr": 18.54199981689453,
            "sigmagnr": 0.08799999952316284,
            "magzpsci": 26.358200073242188,
            "isdiffpos": "t",
            "ssdistnr": null,
            "ssnamenr": null,
            "drb": 1.0
        },
        {
            "candid": 1513139841215015003,
            "jd": 2459267.6398495,
            "ra": 39.2070552,
            "dec": 45.3884082,
            "fid": 2,
            "nid": 1513,
            "magpsf": 17.4330997467041,
            "sigmapsf": 0.0464010015130043,
            "magnr": 18.093000411987305,
            "sigmagnr": 0.12099999934434891,
            "magzpsci": 26.29210090637207,
            "isdiffpos": "t",
            "ssdistnr": null,
            "ssnamenr": null,
            "drb": null
        },
        {
            "candid": 1513200871215015002,
            "jd": 2459267.7008796,
            "ra": 39.2070981,
            "dec": 45.3884002,
            "fid": 1,
            "nid": 1513,
            "magpsf": 17.561899185180664,
            "sigmapsf": 0.07059299945831299,
            "magnr": 18.54199981689453,
            "sigmagnr": 0.08799999952316284,
            "magzpsci": 26.276899337768555,
            "isdiffpos": "t",
            "ssdistnr": null,
            "ssnamenr": null,
            "drb": null
        },
        {
            "candid": 1515137281215015009,
            "jd": 2459269.6372801,
            "ra": 39.2070567,
            "dec": 45.3884047,
            "fid": 2,
            "nid": 1515,
            "magpsf": 17.290000915527344,
            "sigmapsf": 0.03939399868249893,
            "magnr": 18.093000411987305,
            "sigmagnr": 0.12099999934434891,
            "magzpsci": 26.277000427246094,
            "isdiffpos": "t",
            "ssdistnr": null,
            "ssnamenr": null,
            "drb": null
        },
        {
            "candid": 1515203191215015001,
            "jd": 2459269.7031944,
            "ra": 39.2070598,
            "dec": 45.3884215,
            "fid": 1,
            "nid": 1515,
            "magpsf": 17.502300262451172,
            "sigmapsf": 0.03713899850845337,
            "magnr": 18.54199981689453,
            "sigmagnr": 0.08799999952316284,
            "magzpsci": 26.240299224853516,
            "isdiffpos": "t",
            "ssdistnr": null,
            "ssnamenr": null,
            "drb": null
        },
        {
            "candid": 1517138551215015015,
            "jd": 2459271.6385532,
            "ra": 39.2070599,
            "dec": 45.3884234,
            "fid": 2,
            "nid": 1517,
            "magpsf": 17.151199340820312,
            "sigmapsf": 0.035305000841617584,
            "magnr": 18.093000411987305,
            "sigmagnr": 0.12099999934434891,
            "magzpsci": 26.276199340820312,
            "isdiffpos": "t",
            "ssdistnr": null,
            "ssnamenr": null,
            "drb": null
        },
        {
            "candid": 1517203541215015002,
            "jd": 2459271.7035417,
            "ra": 39.2070336,
            "dec": 45.3884149,
            "fid": 1,
            "nid": 1517,
            "magpsf": 17.54290008544922,
            "sigmapsf": 0.046484000980854034,
            "magnr": 18.54199981689453,
            "sigmagnr": 0.08799999952316284,
            "magzpsci": 26.26689910888672,
            "isdiffpos": "t",
            "ssdistnr": null,
            "ssnamenr": null,
            "drb": null
        },
        {
            "candid": 1520150351215015006,
            "jd": 2459274.6503588,
            "ra": 39.2070608,
            "dec": 45.3883841,
            "fid": 1,
            "nid": 1520,
            "magpsf": 17.548599243164062,
            "sigmapsf": 0.058949001133441925,
            "magnr": 18.54199981689453,
            "sigmagnr": 0.08799999952316284,
            "magzpsci": 26.301599502563477,
            "isdiffpos": "t",
            "ssdistnr": null,
            "ssnamenr": null,
            "drb": null
        },
        {
            "candid": 1522144991215015009,
            "jd": 2459276.645,
            "ra": 39.2070519,
            "dec": 45.3884316,
            "fid": 2,
            "nid": 1522,
            "magpsf": 17.07900047302246,
            "sigmapsf": 0.04375100135803223,
            "magnr": 18.093000411987305,
            "sigmagnr": 0.12099999934434891,
            "magzpsci": 26.24799919128418,
            "isdiffpos": "t",
            "ssdistnr": null,
            "ssnamenr": null,
            "drb": null
        },
        {
            "candid": 1522197071215015010,
            "jd": 2459276.6970718,
            "ra": 39.207042,
            "dec": 45.3884033,
            "fid": 1,
            "nid": 1522,
            "magpsf": 17.69087028503418,
            "sigmapsf": 0.042830999940633774,
            "magnr": 18.54199981689453,
            "sigmagnr": 0.08799999952316284,
            "magzpsci": 26.20186996459961,
            "isdiffpos": "t",
            "ssdistnr": -999.0,
            "ssnamenr": "null",
            "drb": null
        },
        {
            "candid": 1525144071215015015,
            "jd": 2459279.6440741,
            "ra": 39.2070473,
            "dec": 45.3884098,
            "fid": 2,
            "nid": 1525,
            "magpsf": 17.110200881958008,
            "sigmapsf": 0.03422899916768074,
            "magnr": 18.093000411987305,
            "sigmagnr": 0.12099999934434891,
            "magzpsci": 26.230199813842773,
            "isdiffpos": "t",
            "ssdistnr": null,
            "ssnamenr": null,
            "drb": null
        },
        {
            "candid": 1539182341215015008,
            "jd": 2459293.6823495,
            "ra": 39.2070211,
            "dec": 45.3883729,
            "fid": 2,
            "nid": 1539,
            "magpsf": 17.850130081176758,
            "sigmapsf": 0.07881099730730057,
            "magnr": 18.093000411987305,
            "sigmagnr": 0.12099999934434891,
            "magzpsci": 26.16412925720215,
            "isdiffpos": "t",
            "ssdistnr": -999.0,
            "ssnamenr": "null",
            "drb": null
        },
        {
            "candid": 1623475121215015003,
            "jd": 2459377.9751273,
            "ra": 39.2069785,
            "dec": 45.3883942,
            "fid": 2,
            "nid": 1623,
            "magpsf": 19.697799682617188,
            "sigmapsf": 0.24752700328826904,
            "magnr": 18.093000411987305,
            "sigmagnr": 0.12099999934434891,
            "magzpsci": 26.186800003051758,
            "isdiffpos": "t",
            "ssdistnr": null,
            "ssnamenr": null,
            "drb": null
        },
        {
            "candid": 1623479891215015002,
            "jd": 2459377.9798958,
            "ra": 39.2069707,
            "dec": 45.3884255,
            "fid": 2,
            "nid": 1623,
            "magpsf": 19.560800552368164,
            "sigmapsf": 0.2763809859752655,
            "magnr": 18.093000411987305,
            "sigmagnr": 0.12099999934434891,
            "magzpsci": 26.203800201416016,
            "isdiffpos": "t",
            "ssdistnr": null,
            "ssnamenr": null,
            "drb": null
        },
        {
            "candid": 1624470991215015002,
            "jd": 2459378.9709954,
            "ra": 39.2070527,
            "dec": 45.3884346,
            "fid": 2,
            "nid": 1624,
            "magpsf": 19.55500030517578,
            "sigmapsf": 0.18792599439620972,
            "magnr": 18.093000411987305,
            "sigmagnr": 0.12099999934434891,
            "magzpsci": 26.18000030517578,
            "isdiffpos": "t",
            "ssdistnr": null,
            "ssnamenr": null,
            "drb": null
        },
        {
            "candid": 1624475761215015001,
            "jd": 2459378.9757639,
            "ra": 39.2070182,
            "dec": 45.3884615,
            "fid": 2,
            "nid": 1624,
            "magpsf": 19.471799850463867,
            "sigmapsf": 0.17098599672317505,
            "magnr": 18.093000411987305,
            "sigmagnr": 0.12099999934434891,
            "magzpsci": 26.199800491333008,
            "isdiffpos": "t",
            "ssdistnr": null,
            "ssnamenr": null,
            "drb": null
        },
        {
            "candid": 1624480521215015001,
            "jd": 2459378.9805208,
            "ra": 39.2069978,
            "dec": 45.3883975,
            "fid": 2,
            "nid": 1624,
            "magpsf": 19.53580093383789,
            "sigmapsf": 0.24309800565242767,
            "magnr": 18.093000411987305,
            "sigmagnr": 0.12099999934434891,
            "magzpsci": 26.20479965209961,
            "isdiffpos": "t",
            "ssdistnr": null,
            "ssnamenr": null,
            "drb": null
        },
        {
            "candid": 1628471571215015013,
            "jd": 2459382.9715741,
            "ra": 39.2070358,
            "dec": 45.3884315,
            "fid": 2,
            "nid": 1628,
            "magpsf": 19.568300247192383,
            "sigmapsf": 0.1624870002269745,
            "magnr": 18.093000411987305,
            "sigmagnr": 0.12099999934434891,
            "magzpsci": 25.96929931640625,
            "isdiffpos": "t",
            "ssdistnr": null,
            "ssnamenr": null,
            "drb": null
        },
        {
            "candid": 1628473921215015003,
            "jd": 2459382.9739236,
            "ra": 39.2070062,
            "dec": 45.3883546,
            "fid": 2,
            "nid": 1628,
            "magpsf": 19.515199661254883,
            "sigmapsf": 0.19391299784183502,
            "magnr": 18.093000411987305,
            "sigmagnr": 0.12099999934434891,
            "magzpsci": 25.991199493408203,
            "isdiffpos": "t",
            "ssdistnr": null,
            "ssnamenr": null,
            "drb": null
        },
        {
            "candid": 1628476281215015007,
            "jd": 2459382.9762847,
            "ra": 39.2070464,
            "dec": 45.3884885,
            "fid": 2,
            "nid": 1628,
            "magpsf": 19.611099243164062,
            "sigmapsf": 0.20987899601459503,
            "magnr": 18.093000411987305,
            "sigmagnr": 0.12099999934434891,
            "magzpsci": 26.00909996032715,
            "isdiffpos": "t",
            "ssdistnr": null,
            "ssnamenr": null,
            "drb": null
        },
        {
            "candid": 1628478631215015014,
            "jd": 2459382.9786343,
            "ra": 39.2071513,
            "dec": 45.3884168,
            "fid": 2,
            "nid": 1628,
            "magpsf": 19.52519989013672,
            "sigmapsf": 0.15134799480438232,
            "magnr": 18.093000411987305,
            "sigmagnr": 0.12099999934434891,
            "magzpsci": 26.017200469970703,
            "isdiffpos": "t",
            "ssdistnr": null,
            "ssnamenr": null,
            "drb": null
        },
        {
            "candid": 1630469911215015026,
            "jd": 2459384.969919,
            "ra": 39.2066365,
            "dec": 45.3885243,
            "fid": 2,
            "nid": 1630,
            "magpsf": 19.392900466918945,
            "sigmapsf": 0.18317699432373047,
            "magnr": 18.093000411987305,
            "sigmagnr": 0.12099999934434891,
            "magzpsci": 25.867900848388672,
            "isdiffpos": "t",
            "ssdistnr": null,
            "ssnamenr": null,
            "drb": null
        },
        {
            "candid": 1631473551215015004,
            "jd": 2459385.9735532,
            "ra": 39.2071758,
            "dec": 45.3884376,
            "fid": 2,
            "nid": 1631,
            "magpsf": 19.499399185180664,
            "sigmapsf": 0.16621999442577362,
            "magnr": 18.093000411987305,
            "sigmagnr": 0.12099999934434891,
            "magzpsci": 26.141399383544922,
            "isdiffpos": "t",
            "ssdistnr": null,
            "ssnamenr": null,
            "drb": null
        },
        {
            "candid": 1632471511215015002,
            "jd": 2459386.9715162,
            "ra": 39.2071158,
            "dec": 45.3883584,
            "fid": 2,
            "nid": 1632,
            "magpsf": 19.812000274658203,
            "sigmapsf": 0.19456599652767181,
            "magnr": 18.093000411987305,
            "sigmagnr": 0.12099999934434891,
            "magzpsci": 26.158000946044922,
            "isdiffpos": "t",
            "ssdistnr": null,
            "ssnamenr": null,
            "drb": null
        },
        {
            "candid": 1632473901215015004,
            "jd": 2459386.9739005,
            "ra": 39.207081,
            "dec": 45.3883843,
            "fid": 2,
            "nid": 1632,
            "magpsf": 19.46940040588379,
            "sigmapsf": 0.15613000094890594,
            "magnr": 18.093000411987305,
            "sigmagnr": 0.12099999934434891,
            "magzpsci": 26.164400100708008,
            "isdiffpos": "t",
            "ssdistnr": null,
            "ssnamenr": null,
            "drb": null
        },
        {
            "candid": 1632476281215015002,
            "jd": 2459386.9762847,
            "ra": 39.2070019,
            "dec": 45.3883673,
            "fid": 2,
            "nid": 1632,
            "magpsf": 19.64459991455078,
            "sigmapsf": 0.1897909939289093,
            "magnr": 18.093000411987305,
            "sigmagnr": 0.12099999934434891,
            "magzpsci": 26.16860008239746,
            "isdiffpos": "t",
            "ssdistnr": null,
            "ssnamenr": null,
            "drb": null
        },
        {
            "candid": 1632478651215015006,
            "jd": 2459386.9786574,
            "ra": 39.207015,
            "dec": 45.3883716,
            "fid": 2,
            "nid": 1632,
            "magpsf": 19.601499557495117,
            "sigmapsf": 0.25572800636291504,
            "magnr": 18.093000411987305,
            "sigmagnr": 0.12099999934434891,
            "magzpsci": 26.17449951171875,
            "isdiffpos": "t",
            "ssdistnr": null,
            "ssnamenr": null,
            "drb": null
        },
        {
            "candid": 1638462631215015006,
            "jd": 2459392.9626389,
            "ra": 39.2069991,
            "dec": 45.3885406,
            "fid": 2,
            "nid": 1638,
            "magpsf": 19.377700805664062,
            "sigmapsf": 0.1967020034790039,
            "magnr": 18.093000411987305,
            "sigmagnr": 0.12099999934434891,
            "magzpsci": 26.16670036315918,
            "isdiffpos": "t",
            "ssdistnr": null,
            "ssnamenr": null,
            "drb": null
        },
        {
            "candid": 1638470501215015002,
            "jd": 2459392.9705093,
            "ra": 39.2071281,
            "dec": 45.3884179,
            "fid": 2,
            "nid": 1638,
            "magpsf": 19.454599380493164,
            "sigmapsf": 0.1788650006055832,
            "magnr": 18.093000411987305,
            "sigmagnr": 0.12099999934434891,
            "magzpsci": 26.173599243164062,
            "isdiffpos": "t",
            "ssdistnr": null,
            "ssnamenr": null,
            "drb": null
        },
        {
            "candid": 1639463901215015003,
            "jd": 2459393.9639005,
            "ra": 39.2069846,
            "dec": 45.3883936,
            "fid": 2,
            "nid": 1639,
            "magpsf": 19.703800201416016,
            "sigmapsf": 0.2614020109176636,
            "magnr": 18.093000411987305,
            "sigmagnr": 0.12099999934434891,
            "magzpsci": 26.168800354003906,
            "isdiffpos": "t",
            "ssdistnr": null,
            "ssnamenr": null,
            "drb": null
        },
        {
            "candid": 1639465861215015006,
            "jd": 2459393.9658681,
            "ra": 39.2071356,
            "dec": 45.3884165,
            "fid": 2,
            "nid": 1639,
            "magpsf": 19.746299743652344,
            "sigmapsf": 0.20997700095176697,
            "magnr": 18.093000411987305,
            "sigmagnr": 0.12099999934434891,
            "magzpsci": 26.167299270629883,
            "isdiffpos": "t",
            "ssdistnr": null,
            "ssnamenr": null,
            "drb": null
        },
        {
            "candid": 1639469801215015002,
            "jd": 2459393.9698032,
            "ra": 39.2069966,
            "dec": 45.3883752,
            "fid": 2,
            "nid": 1639,
            "magpsf": 19.824800491333008,
            "sigmapsf": 0.18149800598621368,
            "magnr": 18.093000411987305,
            "sigmagnr": 0.12099999934434891,
            "magzpsci": 26.17180061340332,
            "isdiffpos": "t",
            "ssdistnr": null,
            "ssnamenr": null,
            "drb": null
        },
        {
            "candid": 1640463251215015005,
            "jd": 2459394.9632523,
            "ra": 39.2071154,
            "dec": 45.3884587,
            "fid": 2,
            "nid": 1640,
            "magpsf": 20.042299270629883,
            "sigmapsf": 0.3154900074005127,
            "magnr": 18.093000411987305,
            "sigmagnr": 0.12099999934434891,
            "magzpsci": 26.080299377441406,
            "isdiffpos": "t",
            "ssdistnr": null,
            "ssnamenr": null,
            "drb": null
        },
        {
            "candid": 1640465211215015000,
            "jd": 2459394.9652199,
            "ra": 39.2069152,
            "dec": 45.3885101,
            "fid": 2,
            "nid": 1640,
            "magpsf": 19.784000396728516,
            "sigmapsf": 0.18763400614261627,
            "magnr": 18.093000411987305,
            "sigmagnr": 0.12099999934434891,
            "magzpsci": 26.08300018310547,
            "isdiffpos": "t",
            "ssdistnr": null,
            "ssnamenr": null,
            "drb": null
        },
        {
            "candid": 1641466581215015003,
            "jd": 2459395.9665856,
            "ra": 39.2069607,
            "dec": 45.3884268,
            "fid": 2,
            "nid": 1641,
            "magpsf": 19.742300033569336,
            "sigmapsf": 0.20794300734996796,
            "magnr": 18.093000411987305,
            "sigmagnr": 0.12099999934434891,
            "magzpsci": 26.073299407958984,
            "isdiffpos": "t",
            "ssdistnr": null,
            "ssnamenr": null,
            "drb": null
        },
        {
            "candid": 1641472811215015015,
            "jd": 2459395.9728125,
            "ra": 39.2071426,
            "dec": 45.3884344,
            "fid": 2,
            "nid": 1641,
            "magpsf": 19.685300827026367,
            "sigmapsf": 0.21775700151920319,
            "magnr": 18.093000411987305,
            "sigmagnr": 0.12099999934434891,
            "magzpsci": 26.099300384521484,
            "isdiffpos": "t",
            "ssdistnr": null,
            "ssnamenr": null,
            "drb": null
        },
        {
            "candid": 1642465681215015001,
            "jd": 2459396.9656829,
            "ra": 39.2071063,
            "dec": 45.3884537,
            "fid": 2,
            "nid": 1642,
            "magpsf": 19.706600189208984,
            "sigmapsf": 0.18055500090122223,
            "magnr": 18.093000411987305,
            "sigmagnr": 0.12099999934434891,
            "magzpsci": 26.13559913635254,
            "isdiffpos": "t",
            "ssdistnr": null,
            "ssnamenr": null,
            "drb": null
        },
        {
            "candid": 1642468181215015000,
            "jd": 2459396.9681829,
            "ra": 39.2069894,
            "dec": 45.3884038,
            "fid": 2,
            "nid": 1642,
            "magpsf": 19.687999725341797,
            "sigmapsf": 0.1775670051574707,
            "magnr": 18.093000411987305,
            "sigmagnr": 0.12099999934434891,
            "magzpsci": 26.132999420166016,
            "isdiffpos": "t",
            "ssdistnr": null,
            "ssnamenr": null,
            "drb": null
        },
        {
            "candid": 1642470691215015002,
            "jd": 2459396.9706944,
            "ra": 39.2070942,
            "dec": 45.3883535,
            "fid": 2,
            "nid": 1642,
            "magpsf": 19.837499618530273,
            "sigmapsf": 0.17575199902057648,
            "magnr": 18.093000411987305,
            "sigmagnr": 0.12099999934434891,
            "magzpsci": 26.144500732421875,
            "isdiffpos": "t",
            "ssdistnr": null,
            "ssnamenr": null,
            "drb": null
        },
        {
            "candid": 1642473191215015006,
            "jd": 2459396.9731944,
            "ra": 39.207148,
            "dec": 45.3884203,
            "fid": 2,
            "nid": 1642,
            "magpsf": 19.854799270629883,
            "sigmapsf": 0.1709109991788864,
            "magnr": 18.093000411987305,
            "sigmagnr": 0.12099999934434891,
            "magzpsci": 26.148799896240234,
            "isdiffpos": "t",
            "ssdistnr": null,
            "ssnamenr": null,
            "drb": null
        },
        {
            "candid": 1643464721215015001,
            "jd": 2459397.9647222,
            "ra": 39.2070467,
            "dec": 45.3884346,
            "fid": 2,
            "nid": 1643,
            "magpsf": 19.992300033569336,
            "sigmapsf": 0.2272219955921173,
            "magnr": 18.093000411987305,
            "sigmagnr": 0.12099999934434891,
            "magzpsci": 26.16029930114746,
            "isdiffpos": "t",
            "ssdistnr": null,
            "ssnamenr": null,
            "drb": null
        },
        {
            "candid": 1643467241215015005,
            "jd": 2459397.9672454,
            "ra": 39.206929,
            "dec": 45.3884076,
            "fid": 2,
            "nid": 1643,
            "magpsf": 19.740999221801758,
            "sigmapsf": 0.19936099648475647,
            "magnr": 18.093000411987305,
            "sigmagnr": 0.12099999934434891,
            "magzpsci": 26.160999298095703,
            "isdiffpos": "t",
            "ssdistnr": null,
            "ssnamenr": null,
            "drb": null
        },
        {
            "candid": 1643469761215015002,
            "jd": 2459397.9697685,
            "ra": 39.2071145,
            "dec": 45.3884711,
            "fid": 2,
            "nid": 1643,
            "magpsf": 19.99489974975586,
            "sigmapsf": 0.2192150056362152,
            "magnr": 18.093000411987305,
            "sigmagnr": 0.12099999934434891,
            "magzpsci": 26.164899826049805,
            "isdiffpos": "t",
            "ssdistnr": null,
            "ssnamenr": null,
            "drb": null
        },
        {
            "candid": 1643472301215015007,
            "jd": 2459397.9723032,
            "ra": 39.2069304,
            "dec": 45.3884671,
            "fid": 2,
            "nid": 1643,
            "magpsf": 19.966249465942383,
            "sigmapsf": 0.18413899838924408,
            "magnr": 18.093000411987305,
            "sigmagnr": 0.12099999934434891,
            "magzpsci": 26.16724967956543,
            "isdiffpos": "t",
            "ssdistnr": -999.0,
            "ssnamenr": "null",
            "drb": null
        },
        {
            "candid": 1675468171215015012,
            "jd": 2459429.9681713,
            "ra": 39.2071086,
            "dec": 45.3884132,
            "fid": 2,
            "nid": 1675,
            "magpsf": 20.11479949951172,
            "sigmapsf": 0.1984339952468872,
            "magnr": 18.093000411987305,
            "sigmagnr": 0.12099999934434891,
            "magzpsci": 26.23080062866211,
            "isdiffpos": "t",
            "ssdistnr": null,
            "ssnamenr": null,
            "drb": 0.9998610019683838
        },
        {
            "candid": 1680470231215015013,
            "jd": 2459434.9702315,
            "ra": 39.2072204,
            "dec": 45.3883836,
            "fid": 2,
            "nid": 1680,
            "magpsf": 20.30293083190918,
            "sigmapsf": 0.1879590004682541,
            "magnr": 18.093000411987305,
            "sigmagnr": 0.12099999934434891,
            "magzpsci": 26.211929321289062,
            "isdiffpos": "t",
            "ssdistnr": -999.0,
            "ssnamenr": "null",
            "drb": null
        },
        {
            "jd": 2459230.67889,
            "fid": 1,
            "diffmaglim": 20.775999069213867
        },
        {
            "jd": 2459232.72293,
            "fid": 1,
            "diffmaglim": 20.632999420166016
        },
        {
            "jd": 2459248.6617593,
            "fid": 2,
            "diffmaglim": 20.587600708007812
        },
        {
            "jd": 2459248.66176,
            "fid": 2,
            "diffmaglim": 20.58799934387207
        },
        {
            "jd": 2459248.7015972,
            "fid": 1,
            "diffmaglim": 20.556499481201172
        },
        {
            "jd": 2459248.7016,
            "fid": 1,
            "diffmaglim": 20.555999755859375
        },
        {
            "jd": 2459250.6761574,
            "fid": 2,
            "diffmaglim": 20.01300048828125
        },
        {
            "jd": 2459250.67616,
            "fid": 2,
            "diffmaglim": 20.01300048828125
        },
        {
            "jd": 2459250.7026157,
            "fid": 1,
            "diffmaglim": 20.17300033569336
        },
        {
            "jd": 2459250.70262,
            "fid": 1,
            "diffmaglim": 20.17300033569336
        },
        {
            "jd": 2459252.64062,
            "fid": 1,
            "diffmaglim": 20.799999237060547
        },
        {
            "jd": 2459252.640625,
            "fid": 1,
            "diffmaglim": 20.800399780273438
        },
        {
            "jd": 2459252.6770255,
            "fid": 2,
            "diffmaglim": 20.63129997253418
        },
        {
            "jd": 2459252.67703,
            "fid": 2,
            "diffmaglim": 20.631000518798828
        },
        {
            "jd": 2459254.6393866,
            "fid": 1,
            "diffmaglim": 20.753700256347656
        },
        {
            "jd": 2459254.63939,
            "fid": 1,
            "diffmaglim": 20.753999710083008
        },
        {
            "jd": 2459254.6724074,
            "fid": 2,
            "diffmaglim": 20.521099090576172
        },
        {
            "jd": 2459254.67241,
            "fid": 2,
            "diffmaglim": 20.520999908447266
        },
        {
            "jd": 2459256.6703704,
            "fid": 2,
            "diffmaglim": 20.566499710083008
        },
        {
            "jd": 2459256.764375,
            "fid": 1,
            "diffmaglim": 20.08650016784668
        },
        {
            "jd": 2459260.7237153,
            "fid": 2,
            "diffmaglim": 18.773700714111328
        },
        {
            "jd": 2459377.9727546,
            "fid": 2,
            "diffmaglim": 19.621299743652344
        },
        {
            "jd": 2459377.9775116,
            "fid": 2,
            "diffmaglim": 19.431400299072266
        },
        {
            "jd": 2459378.9733796,
            "fid": 2,
            "diffmaglim": 19.8262996673584
        },
        {
            "jd": 2459378.9781366,
            "fid": 2,
            "diffmaglim": 19.541500091552734
        },
        {
            "jd": 2459379.9706366,
            "fid": 2,
            "diffmaglim": 19.68000030517578
        },
        {
            "jd": 2459379.9730093,
            "fid": 2,
            "diffmaglim": 19.684099197387695
        },
        {
            "jd": 2459379.9753935,
            "fid": 2,
            "diffmaglim": 19.450199127197266
        },
        {
            "jd": 2459379.9777778,
            "fid": 2,
            "diffmaglim": 19.266300201416016
        },
        {
            "jd": 2459379.9801736,
            "fid": 2,
            "diffmaglim": 18.96929931640625
        },
        {
            "jd": 2459380.9696412,
            "fid": 2,
            "diffmaglim": 17.752199172973633
        },
        {
            "jd": 2459380.9720139,
            "fid": 2,
            "diffmaglim": 16.937000274658203
        },
        {
            "jd": 2459380.9744097,
            "fid": 2,
            "diffmaglim": 16.861000061035156
        },
        {
            "jd": 2459380.9767824,
            "fid": 2,
            "diffmaglim": 18.399999618530273
        },
        {
            "jd": 2459380.9791667,
            "fid": 2,
            "diffmaglim": 18.676300048828125
        },
        {
            "jd": 2459382.9692245,
            "fid": 2,
            "diffmaglim": 19.901199340820312
        },
        {
            "jd": 2459384.9723264,
            "fid": 2,
            "diffmaglim": 17.545400619506836
        },
        {
            "jd": 2459384.9747338,
            "fid": 2,
            "diffmaglim": 18.337600708007812
        },
        {
            "jd": 2459384.9795602,
            "fid": 2,
            "diffmaglim": 18.756099700927734
        },
        {
            "jd": 2459385.971169,
            "fid": 2,
            "diffmaglim": 19.687599182128906
        },
        {
            "jd": 2459385.9759375,
            "fid": 2,
            "diffmaglim": 19.384899139404297
        },
        {
            "jd": 2459385.9783218,
            "fid": 2,
            "diffmaglim": 19.26180076599121
        },
        {
            "jd": 2459385.9806944,
            "fid": 2,
            "diffmaglim": 18.993600845336914
        },
        {
            "jd": 2459386.9810417,
            "fid": 2,
            "diffmaglim": 19.226299285888672
        },
        {
            "jd": 2459392.9646065,
            "fid": 2,
            "diffmaglim": 19.46540069580078
        },
        {
            "jd": 2459392.9665741,
            "fid": 2,
            "diffmaglim": 19.51849937438965
        },
        {
            "jd": 2459392.9685417,
            "fid": 2,
            "diffmaglim": 19.478900909423828
        },
        {
            "jd": 2459393.9619329,
            "fid": 2,
            "diffmaglim": 19.7012996673584
        },
        {
            "jd": 2459393.9678356,
            "fid": 2,
            "diffmaglim": 19.722900390625
        },
        {
            "jd": 2459394.9612847,
            "fid": 2,
            "diffmaglim": 19.699899673461914
        },
        {
            "jd": 2459394.9671875,
            "fid": 2,
            "diffmaglim": 19.86949920654297
        },
        {
            "jd": 2459394.9691551,
            "fid": 2,
            "diffmaglim": 19.931900024414062
        },
        {
            "jd": 2459395.9645139,
            "fid": 2,
            "diffmaglim": 19.662500381469727
        },
        {
            "jd": 2459395.968669,
            "fid": 2,
            "diffmaglim": 19.625600814819336
        },
        {
            "jd": 2459395.9707407,
            "fid": 2,
            "diffmaglim": 19.570999145507812
        },
        {
            "jd": 2459396.9631829,
            "fid": 2,
            "diffmaglim": 20.0408992767334
        },
        {
            "jd": 2459397.9621991,
            "fid": 2,
            "diffmaglim": 19.954599380493164
        },
        {
            "jd": 2459414.9335069,
            "fid": 1,
            "diffmaglim": 20.545900344848633
        },
        {
            "jd": 2459417.9275926,
            "fid": 1,
            "diffmaglim": 19.503700256347656
        },
        {
            "jd": 2459417.9628125,
            "fid": 2,
            "diffmaglim": 20.04789924621582
        },
        {
            "jd": 2459422.9278704,
            "fid": 2,
            "diffmaglim": 20.108699798583984
        },
        {
            "jd": 2459422.966794,
            "fid": 1,
            "diffmaglim": 19.854299545288086
        },
        {
            "jd": 2459424.9086343,
            "fid": 2,
            "diffmaglim": 20.07349967956543
        },
        {
            "jd": 2459424.9506481,
            "fid": 1,
            "diffmaglim": 19.96299934387207
        },
        {
            "jd": 2459427.9502546,
            "fid": 2,
            "diffmaglim": 20.358299255371094
        },
        {
            "jd": 2459429.949537,
            "fid": 1,
            "diffmaglim": 20.57229995727539
        },
        {
            "jd": 2459434.9503241,
            "fid": 1,
            "diffmaglim": 20.680299758911133
        }
    ],
    "forcedphot": []
}