{
    "objectId": "ZTF20aammtwx",
    "candidates": [
        {
            "candid": 1136172543315015006,
            "jd": 2458890.6725463,
            "ra": 111.9510152,
            "dec": 20.4015203,
            "fid": 2,
            "nid": 1136,
            "magpsf": 18.456199645996094,
            "sigmapsf": 0.0931989997625351,
            "magnr": 19.08099937438965,
            "sigmagnr": 0.10599999874830246,
            "magzpsci": 26.267200469970703,
            "isdiffpos": "t",
            "ssdistnr": -999.0,
            "ssnamenr": "null",
            "drb": 0.9999979734420776
        },
        {
            "candid": 1136252983315015005,
            "jd": 2458890.7529861,
            "ra": 111.9510077,
            "dec": 20.4014978,
            "fid": 1,
            "nid": 1136,
            "magpsf": 18.57390022277832,
            "sigmapsf": 0.11420699954032898,
            "magnr": 20.049999237060547,
            "sigmagnr": 0.12399999797344208,
            "magzpsci": 26.276899337768555,
            "isdiffpos": "t",
            "ssdistnr": -999.0,
            "ssnamenr": "null",
            "drb": 0.9999960064888
        },
        {
            "candid": 1138286523315015009,
            "jd": 2458892.7865278,
            "ra": 111.9510437,
            "dec": 20.4015318,
            "fid": 2,
            "nid": 1138,
            "magpsf": 18.134599685668945,
            "sigmapsf": 0.06452900171279907,
            "magnr": 19.08099937438965,
            "sigmagnr": 0.10599999874830246,
            "magzpsci": 26.27560043334961,
            "isdiffpos": "t",
            "ssdistnr": -999.0,
            "ssnamenr": "null",
            "drb": 1.0
        },
        {
            "candid": 1139206633315015022,
            "jd": 2458893.7066319,
            "ra": 111.9510522,
            "dec": 20.4015229,
            "fid": 1,
            "nid": 1139,
            "magpsf": 18.234600067138672,
            "sigmapsf": 0.060718998312950134,
            "magnr": 20.049999237060547,
            "sigmagnr": 0.12399999797344208,
            "magzpsci": 26.24959945678711,
            "isdiffpos": "t",
            "ssdistnr": 27.0,
            "ssnamenr": "2015DJ78",
            "drb": 0.9999989867210388
        },
        {
            "candid": 1139253623315015016,
            "jd": 2458893.7536227,
            "ra": 111.9510378,
            "dec": 20.401533,
            "fid": 2,
            "nid": 1139,
            "magpsf": 18.094600677490234,
            "sigmapsf": 0.050857000052928925,
            "magnr": 19.08099937438965,
            "sigmagnr": 0.10599999874830246,
            "magzpsci": 26.27560043334961,
            "isdiffpos": "t",
            "ssdistnr": 6.0,
            "ssnamenr": "2015DJ78",
            "drb": 0.9999970197677612
        },
        {
            "candid": 1140243183315015014,
            "jd": 2458894.7431829,
            "ra": 111.9510592,
            "dec": 20.4015248,
            "fid": 2,
            "nid": 1140,
            "magpsf": 17.976200103759766,
            "sigmapsf": 0.05894799903035164,
            "magnr": 19.08099937438965,
            "sigmagnr": 0.10599999874830246,
            "magzpsci": 26.26919937133789,
            "isdiffpos": "t",
            "ssdistnr": -999.0,
            "ssnamenr": "null",
            "drb": 1.0
        },
        {
            "candid": 1141155303315015019,
            "jd": 2458895.6553009,
            "ra": 111.9510395,
            "dec": 20.4015189,
            "fid": 1,
            "nid": 1141,
            "magpsf": 18.167499542236328,
            "sigmapsf": 0.05313299968838692,
            "magnr": 20.049999237060547,
            "sigmagnr": 0.12399999797344208,
            "magzpsci": 26.254499435424805,
            "isdiffpos": "t",
            "ssdistnr": -999.0,
            "ssnamenr": "null",
            "drb": 1.0
        },
        {
            "candid": 1142149643315015018,
            "jd": 2458896.6496412,
            "ra": 111.9510496,
            "dec": 20.401524,
            "fid": 2,
            "nid": 1142,
            "magpsf": 17.92530059814453,
            "sigmapsf": 0.05573900043964386,
            "magnr": 19.08099937438965,
            "sigmagnr": 0.10599999874830246,
            "magzpsci": 26.262300491333008,
            "isdiffpos": "t",
            "ssdistnr": -999.0,
            "ssnamenr": "null",
            "drb": 1.0
        },
        {
            "candid": 1142227173315015018,
            "jd": 2458896.7271759,
            "ra": 111.9510458,
            "dec": 20.4015123,
            "fid": 1,
            "nid": 1142,
            "magpsf": 18.12190055847168,
            "sigmapsf": 0.04946399852633476,
            "magnr": 20.049999237060547,
            "sigmagnr": 0.12399999797344208,
            "magzpsci": 26.26689910888672,
            "isdiffpos": "t",
            "ssdistnr": -999.0,
            "ssnamenr": "null",
            "drb": 1.0
        },
        {
            "candid": 1144186843315015030,
            "jd": 2458898.6868403,
            "ra": 111.9510501,
            "dec": 20.4015188,
            "fid": 1,
            "nid": 1144,
            "magpsf": 18.19379997253418,
            "sigmapsf": 0.04859299957752228,
            "magnr": 20.049999237060547,
            "sigmagnr": 0.12399999797344208,
            "magzpsci": 26.243799209594727,
            "isdiffpos": "t",
            "ssdistnr": -999.0,
            "ssnamenr": "-999.0",
            "drb": null
        },
        {
            "candid": 1145168473315015012,
            "jd": 2458899.6684722,
            "ra": 111.9510429,
            "dec": 20.4015296,
            "fid": 1,
            "nid": 1145,
            "magpsf": 18.206300735473633,
            "sigmapsf": 0.06512399762868881,
            "magnr": 20.049999237060547,
            "sigmagnr": 0.12399999797344208,
            "magzpsci": 26.252300262451172,
            "isdiffpos": "t",
            "ssdistnr": -999.0,
            "ssnamenr": "-999.0",
            "drb": null
        },
        {
            "candid": 1145233913315015017,
            "jd": 2458899.733912,
            "ra": 111.951033,
            "dec": 20.4015193,
            "fid": 2,
            "nid": 1145,
            "magpsf": 17.829200744628906,
            "sigmapsf": 0.047651998698711395,
            "magnr": 19.08099937438965,
            "sigmagnr": 0.10599999874830246,
            "magzpsci": 26.279199600219727,
            "isdiffpos": "t",
            "ssdistnr": -999.0,
            "ssnamenr": "-999.0",
            "drb": null
        },
        {
            "candid": 1146183783315015021,
            "jd": 2458900.6837847,
            "ra": 111.9510316,
            "dec": 20.4015208,
            "fid": 2,
            "nid": 1146,
            "magpsf": 17.85740089416504,
            "sigmapsf": 0.04123000055551529,
            "magnr": 19.08099937438965,
            "sigmagnr": 0.10599999874830246,
            "magzpsci": 26.157400131225586,
            "isdiffpos": "t",
            "ssdistnr": -999.0,
            "ssnamenr": "null",
            "drb": 1.0
        },
        {
            "candid": 1149189163315015009,
            "jd": 2458903.6891667,
            "ra": 111.9510528,
            "dec": 20.4015185,
            "fid": 2,
            "nid": 1149,
            "magpsf": 17.863300323486328,
            "sigmapsf": 0.04569000005722046,
            "magnr": 19.08099937438965,
            "sigmagnr": 0.10599999874830246,
            "magzpsci": 26.2632999420166,
            "isdiffpos": "t",
            "ssdistnr": -999.0,
            "ssnamenr": "null",
            "drb": 0.9999939799308777
        },
        {
            "candid": 1149247563315015033,
            "jd": 2458903.7475694,
            "ra": 111.9510729,
            "dec": 20.4015252,
            "fid": 1,
            "nid": 1149,
            "magpsf": 18.548200607299805,
            "sigmapsf": 0.08791100233793259,
            "magnr": 20.049999237060547,
            "sigmagnr": 0.12399999797344208,
            "magzpsci": 26.244199752807617,
            "isdiffpos": "t",
            "ssdistnr": -999.0,
            "ssnamenr": "null",
            "drb": 0.9999989867210388
        },
        {
            "candid": 1151199203315015009,
            "jd": 2458905.6992014,
            "ra": 111.9510858,
            "dec": 20.4015096,
            "fid": 2,
            "nid": 1151,
            "magpsf": 17.93160057067871,
            "sigmapsf": 0.06659100204706192,
            "magnr": 19.08099937438965,
            "sigmagnr": 0.10599999874830246,
            "magzpsci": 26.26759910583496,
            "isdiffpos": "t",
            "ssdistnr": -999.0,
            "ssnamenr": "null",
            "drb": 0.9999989867210388
        },
        {
            "candid": 1152140923315025008,
            "jd": 2458906.6409259,
            "ra": 111.9510864,
            "dec": 20.4015181,
            "fid": 1,
            "nid": 1152,
            "magpsf": 18.820899963378906,
            "sigmapsf": 0.08946400135755539,
            "magnr": 20.049999237060547,
            "sigmagnr": 0.12399999797344208,
            "magzpsci": 26.261899948120117,
            "isdiffpos": "t",
            "ssdistnr": -999.0,
            "ssnamenr": "-999.0",
            "drb": null
        },
        {
            "candid": 1152208703315025005,
            "jd": 2458906.7087037,
            "ra": 111.9510547,
            "dec": 20.4015041,
            "fid": 2,
            "nid": 1152,
            "magpsf": 17.98040008544922,
            "sigmapsf": 0.07415899634361267,
            "magnr": 19.08099937438965,
            "sigmagnr": 0.10599999874830246,
            "magzpsci": 26.19540023803711,
            "isdiffpos": "t",
            "ssdistnr": -999.0,
            "ssnamenr": "-999.0",
            "drb": null
        },
        {
            "candid": 1152258043315025006,
            "jd": 2458906.758044,
            "ra": 111.9510435,
            "dec": 20.4015085,
            "fid": 1,
            "nid": 1152,
            "magpsf": 18.766599655151367,
            "sigmapsf": 0.11621300131082535,
            "magnr": 20.049999237060547,
            "sigmagnr": 0.12399999797344208,
            "magzpsci": 26.186599731445312,
            "isdiffpos": "t",
            "ssdistnr": -999.0,
            "ssnamenr": "-999.0",
            "drb": null
        },
        {
            "candid": 1155122903315015012,
            "jd": 2458909.6229051,
            "ra": 111.951102,
            "dec": 20.4014219,
            "fid": 2,
            "nid": 1155,
            "magpsf": 18.08609962463379,
            "sigmapsf": 0.13071200251579285,
            "magnr": 19.08099937438965,
            "sigmagnr": 0.10599999874830246,
            "magzpsci": 26.274099349975586,
            "isdiffpos": "t",
            "ssdistnr": -999.0,
            "ssnamenr": "-999.0",
            "drb": null
        },
        {
            "candid": 1155149743315015008,
            "jd": 2458909.6497454,
            "ra": 111.9510834,
            "dec": 20.4014098,
            "fid": 2,
            "nid": 1155,
            "magpsf": 18.070999145507812,
            "sigmapsf": 0.11001800000667572,
            "magnr": 19.08099937438965,
            "sigmagnr": 0.10599999874830246,
            "magzpsci": 26.280000686645508,
            "isdiffpos": "t",
            "ssdistnr": -999.0,
            "ssnamenr": "null",
            "drb": 0.9987109899520874
        },
        {
            "candid": 1155207243315015002,
            "jd": 2458909.7072454,
            "ra": 111.9510337,
            "dec": 20.4014956,
            "fid": 1,
            "nid": 1155,
            "magpsf": 19.068700790405273,
            "sigmapsf": 0.1938830018043518,
            "magnr": 20.049999237060547,
            "sigmagnr": 0.12399999797344208,
            "magzpsci": 26.261699676513672,
            "isdiffpos": "t",
            "ssdistnr": -999.0,
            "ssnamenr": "-999.0",
            "drb": null
        },
        {
            "candid": 1161144843315015007,
            "jd": 2458915.6448495,
            "ra": 111.9510272,
            "dec": 20.4015513,
            "fid": 2,
            "nid": 1161,
            "magpsf": 18.404600143432617,
            "sigmapsf": 0.09937900304794312,
            "magnr": 19.08099937438965,
            "sigmagnr": 0.10599999874830246,
            "magzpsci": 26.268600463867188,
            "isdiffpos": "t",
            "ssdistnr": -999.0,
            "ssnamenr": "null",
            "drb": 1.0
        },
        {
            "candid": 1201196863315015007,
            "jd": 2458955.6968634,
            "ra": 111.9510297,
            "dec": 20.4015118,
            "fid": 2,
            "nid": 1201,
            "magpsf": 19.672500610351562,
            "sigmapsf": 0.15422900021076202,
            "magnr": 19.08099937438965,
            "sigmagnr": 0.10599999874830246,
            "magzpsci": 26.215499877929688,
            "isdiffpos": "t",
            "ssdistnr": -999.0,
            "ssnamenr": "null",
            "drb": 0.9999269843101501
        },
        {
            "jd": 2458860.76359,
            "fid": 2,
            "diffmaglim": 19.09600067138672
        },
        {
            "jd": 2458860.77466,
            "fid": 2,
            "diffmaglim": 19.059999465942383
        },
        {
            "jd": 2458862.84991,
            "fid": 2,
            "diffmaglim": 19.889999389648438
        },
        {
            "jd": 2458863.68656,
            "fid": 1,
            "diffmaglim": 17.767000198364258
        },
        {
            "jd": 2458867.7116,
            "fid": 1,
            "diffmaglim": 20.5
        },
        {
            "jd": 2458867.7547,
            "fid": 2,
            "diffmaglim": 20.31800079345703
        },
        {
            "jd": 2458871.71458,
            "fid": 1,
            "diffmaglim": 20.39900016784668
        },
        {
            "jd": 2458871.74346,
            "fid": 2,
            "diffmaglim": 20.36199951171875
        },
        {
            "jd": 2458872.79102,
            "fid": 2,
            "diffmaglim": 20.48200035095215
        },
        {
            "jd": 2458873.71543,
            "fid": 2,
            "diffmaglim": 20.30900001525879
        },
        {
            "jd": 2458874.73341,
            "fid": 2,
            "diffmaglim": 20.06800079345703
        },
        {
            "jd": 2458874.83889,
            "fid": 1,
            "diffmaglim": 20.91699981689453
        },
        {
            "jd": 2458875.72163,
            "fid": 2,
            "diffmaglim": 20.108999252319336
        },
        {
            "jd": 2458877.72876,
            "fid": 1,
            "diffmaglim": 20.408000946044922
        },
        {
            "jd": 2458878.68713,
            "fid": 2,
            "diffmaglim": 19.674999237060547
        },
        {
            "jd": 2458878.70703,
            "fid": 1,
            "diffmaglim": 19.910999298095703
        },
        {
            "jd": 2458879.69818,
            "fid": 1,
            "diffmaglim": 20.121000289916992
        },
        {
            "jd": 2458879.78675,
            "fid": 2,
            "diffmaglim": 19.80900001525879
        },
        {
            "jd": 2458880.72552,
            "fid": 2,
            "diffmaglim": 20.429000854492188
        },
        {
            "jd": 2458880.73216,
            "fid": 1,
            "diffmaglim": 20.211000442504883
        },
        {
            "jd": 2458881.69179,
            "fid": 1,
            "diffmaglim": 20.097999572753906
        },
        {
            "jd": 2458881.77113,
            "fid": 2,
            "diffmaglim": 20.336999893188477
        },
        {
            "jd": 2458882.654,
            "fid": 2,
            "diffmaglim": 19.91200065612793
        },
        {
            "jd": 2458883.68781,
            "fid": 2,
            "diffmaglim": 18.94499969482422
        },
        {
            "jd": 2458883.71248,
            "fid": 2,
            "diffmaglim": 17.474000930786133
        },
        {
            "jd": 2458944.65056,
            "fid": 2,
            "diffmaglim": 19.488000869750977
        }
    ],
    "forcedphot": []
}