{
    "objectId": "ZTF24aawjwxx",
    "candidates": [
        {
            "candid": 2755388652015015016,
            "jd": 2460509.8886574,
            "ra": 271.1476219,
            "dec": 54.2971744,
            "fid": 1,
            "nid": 2755,
            "magpsf": 19.442100524902344,
            "sigmapsf": 0.13683199882507324,
            "magnr": 17.20400047302246,
            "sigmagnr": 0.04800000041723251,
            "magzpsci": 26.151100158691406,
            "isdiffpos": "t",
            "ssdistnr": null,
            "ssnamenr": null,
            "drb": 0.9999688863754272
        },
        {
            "candid": 2757305202015015008,
            "jd": 2460511.8052083,
            "ra": 271.1476295,
            "dec": 54.2971105,
            "fid": 2,
            "nid": 2757,
            "magpsf": 18.811800003051758,
            "sigmapsf": 0.10099299997091293,
            "magnr": 16.7450008392334,
            "sigmagnr": 0.07599999755620956,
            "magzpsci": 26.242799758911133,
            "isdiffpos": "t",
            "ssdistnr": null,
            "ssnamenr": null,
            "drb": null
        },
        {
            "candid": 2757414642015015005,
            "jd": 2460511.9146412,
            "ra": 271.1476996,
            "dec": 54.2971903,
            "fid": 1,
            "nid": 2757,
            "magpsf": 18.901100158691406,
            "sigmapsf": 0.15215900540351868,
            "magnr": 17.20400047302246,
            "sigmagnr": 0.04800000041723251,
            "magzpsci": 26.10810089111328,
            "isdiffpos": "t",
            "ssdistnr": null,
            "ssnamenr": null,
            "drb": null
        },
        {
            "candid": 2760289282015015014,
            "jd": 2460514.7892824,
            "ra": 271.1476836,
            "dec": 54.2971827,
            "fid": 2,
            "nid": 2760,
            "magpsf": 18.367599487304688,
            "sigmapsf": 0.09772399812936783,
            "magnr": 16.7450008392334,
            "sigmagnr": 0.07599999755620956,
            "magzpsci": 26.236600875854492,
            "isdiffpos": "t",
            "ssdistnr": null,
            "ssnamenr": null,
            "drb": null
        },
        {
            "candid": 2760407772015015011,
            "jd": 2460514.9077778,
            "ra": 271.1475932,
            "dec": 54.2971048,
            "fid": 1,
            "nid": 2760,
            "magpsf": 18.447799682617188,
            "sigmapsf": 0.11560600250959396,
            "magnr": 17.20400047302246,
            "sigmagnr": 0.04800000041723251,
            "magzpsci": 26.139799118041992,
            "isdiffpos": "t",
            "ssdistnr": null,
            "ssnamenr": null,
            "drb": null
        },
        {
            "candid": 2762225372015015028,
            "jd": 2460516.7253704,
            "ra": 271.1475751,
            "dec": 54.2971479,
            "fid": 2,
            "nid": 2762,
            "magpsf": 18.216400146484375,
            "sigmapsf": 0.0528549998998642,
            "magnr": 16.7450008392334,
            "sigmagnr": 0.07599999755620956,
            "magzpsci": 26.23240089416504,
            "isdiffpos": "t",
            "ssdistnr": null,
            "ssnamenr": null,
            "drb": null
        },
        {
            "candid": 2762284962015015018,
            "jd": 2460516.7849653,
            "ra": 271.1476203,
            "dec": 54.2971326,
            "fid": 1,
            "nid": 2762,
            "magpsf": 18.368099212646484,
            "sigmapsf": 0.09296400099992752,
            "magnr": 17.20400047302246,
            "sigmagnr": 0.04800000041723251,
            "magzpsci": 26.0580997467041,
            "isdiffpos": "t",
            "ssdistnr": null,
            "ssnamenr": null,
            "drb": null
        },
        {
            "candid": 2764283442015015026,
            "jd": 2460518.7834491,
            "ra": 271.147571,
            "dec": 54.2971409,
            "fid": 2,
            "nid": 2764,
            "magpsf": 18.0393009185791,
            "sigmapsf": 0.0426350012421608,
            "magnr": 16.7450008392334,
            "sigmagnr": 0.07599999755620956,
            "magzpsci": 26.290300369262695,
            "isdiffpos": "t",
            "ssdistnr": null,
            "ssnamenr": null,
            "drb": null
        },
        {
            "candid": 2764283442015025026,
            "jd": 2460518.7834491,
            "ra": 271.147571,
            "dec": 54.2971409,
            "fid": 2,
            "nid": 2764,
            "magpsf": 18.0393009185791,
            "sigmapsf": 0.0426350012421608,
            "magnr": 16.7450008392334,
            "sigmagnr": 0.07599999755620956,
            "magzpsci": 26.290300369262695,
            "isdiffpos": "t",
            "ssdistnr": null,
            "ssnamenr": null,
            "drb": null
        },
        {
            "candid": 2764328052015015009,
            "jd": 2460518.8280556,
            "ra": 271.1476261,
            "dec": 54.297155,
            "fid": 1,
            "nid": 2764,
            "magpsf": 18.188499450683594,
            "sigmapsf": 0.09928999841213226,
            "magnr": 17.20400047302246,
            "sigmagnr": 0.04800000041723251,
            "magzpsci": 26.250499725341797,
            "isdiffpos": "t",
            "ssdistnr": null,
            "ssnamenr": null,
            "drb": null
        },
        {
            "candid": 2766262162015015028,
            "jd": 2460520.7621644,
            "ra": 271.1476073,
            "dec": 54.2971416,
            "fid": 2,
            "nid": 2766,
            "magpsf": 17.87980079650879,
            "sigmapsf": 0.04546799883246422,
            "magnr": 16.7450008392334,
            "sigmagnr": 0.07599999755620956,
            "magzpsci": 26.321800231933594,
            "isdiffpos": "t",
            "ssdistnr": null,
            "ssnamenr": null,
            "drb": null
        },
        {
            "candid": 2768290842015015032,
            "jd": 2460522.7908449,
            "ra": 271.1475872,
            "dec": 54.297149,
            "fid": 2,
            "nid": 2768,
            "magpsf": 17.828399658203125,
            "sigmapsf": 0.05553999915719032,
            "magnr": 16.7450008392334,
            "sigmagnr": 0.07599999755620956,
            "magzpsci": 26.242399215698242,
            "isdiffpos": "t",
            "ssdistnr": null,
            "ssnamenr": null,
            "drb": null
        },
        {
            "candid": 2768300752015015039,
            "jd": 2460522.8007523,
            "ra": 271.1475676,
            "dec": 54.2971494,
            "fid": 1,
            "nid": 2768,
            "magpsf": 18.065399169921875,
            "sigmapsf": 0.05888399854302406,
            "magnr": 17.20400047302246,
            "sigmagnr": 0.04800000041723251,
            "magzpsci": 26.15239906311035,
            "isdiffpos": "t",
            "ssdistnr": null,
            "ssnamenr": null,
            "drb": null
        },
        {
            "candid": 2771195872015015184,
            "jd": 2460525.6958796,
            "ra": 271.1475888,
            "dec": 54.2971481,
            "fid": 1,
            "nid": 2771,
            "magpsf": 18.080400466918945,
            "sigmapsf": 0.047749001532793045,
            "magnr": 17.20400047302246,
            "sigmagnr": 0.04800000041723251,
            "magzpsci": 26.281400680541992,
            "isdiffpos": "t",
            "ssdistnr": null,
            "ssnamenr": null,
            "drb": null
        },
        {
            "candid": 2771259712015015093,
            "jd": 2460525.7597106,
            "ra": 271.1476219,
            "dec": 54.2971509,
            "fid": 2,
            "nid": 2771,
            "magpsf": 17.74959945678711,
            "sigmapsf": 0.04794299975037575,
            "magnr": 16.7450008392334,
            "sigmagnr": 0.07599999755620956,
            "magzpsci": 26.27560043334961,
            "isdiffpos": "t",
            "ssdistnr": null,
            "ssnamenr": null,
            "drb": null
        },
        {
            "candid": 2773200052015015073,
            "jd": 2460527.7000579,
            "ra": 271.1476035,
            "dec": 54.2971314,
            "fid": 1,
            "nid": 2773,
            "magpsf": 18.17930030822754,
            "sigmapsf": 0.05219300091266632,
            "magnr": 17.20400047302246,
            "sigmagnr": 0.04800000041723251,
            "magzpsci": 26.257299423217773,
            "isdiffpos": "t",
            "ssdistnr": null,
            "ssnamenr": null,
            "drb": null
        },
        {
            "candid": 2773244252015015021,
            "jd": 2460527.7442593,
            "ra": 271.1475932,
            "dec": 54.297131,
            "fid": 2,
            "nid": 2773,
            "magpsf": 17.745800018310547,
            "sigmapsf": 0.04937199875712395,
            "magnr": 16.7450008392334,
            "sigmagnr": 0.07599999755620956,
            "magzpsci": 26.272899627685547,
            "isdiffpos": "t",
            "ssdistnr": null,
            "ssnamenr": null,
            "drb": null
        },
        {
            "candid": 2775215722015015074,
            "jd": 2460529.7157292,
            "ra": 271.1475593,
            "dec": 54.297159,
            "fid": 1,
            "nid": 2775,
            "magpsf": 18.28499984741211,
            "sigmapsf": 0.06546200066804886,
            "magnr": 17.20400047302246,
            "sigmagnr": 0.04800000041723251,
            "magzpsci": 26.218000411987305,
            "isdiffpos": "t",
            "ssdistnr": null,
            "ssnamenr": null,
            "drb": null
        },
        {
            "candid": 2775261932015015029,
            "jd": 2460529.7619329,
            "ra": 271.1476115,
            "dec": 54.2971542,
            "fid": 2,
            "nid": 2775,
            "magpsf": 17.745899200439453,
            "sigmapsf": 0.046456001698970795,
            "magnr": 16.7450008392334,
            "sigmagnr": 0.07599999755620956,
            "magzpsci": 26.243900299072266,
            "isdiffpos": "t",
            "ssdistnr": null,
            "ssnamenr": null,
            "drb": null
        },
        {
            "candid": 2777243072015015078,
            "jd": 2460531.7430787,
            "ra": 271.1475816,
            "dec": 54.2971438,
            "fid": 2,
            "nid": 2777,
            "magpsf": 17.877500534057617,
            "sigmapsf": 0.06327400356531143,
            "magnr": 16.7450008392334,
            "sigmagnr": 0.07599999755620956,
            "magzpsci": 26.25950050354004,
            "isdiffpos": "t",
            "ssdistnr": null,
            "ssnamenr": null,
            "drb": null
        },
        {
            "candid": 2777308132015015044,
            "jd": 2460531.8081366,
            "ra": 271.1475959,
            "dec": 54.2971616,
            "fid": 1,
            "nid": 2777,
            "magpsf": 18.43440055847168,
            "sigmapsf": 0.07314000278711319,
            "magnr": 17.20400047302246,
            "sigmagnr": 0.04800000041723251,
            "magzpsci": 26.187400817871094,
            "isdiffpos": "t",
            "ssdistnr": null,
            "ssnamenr": null,
            "drb": null
        },
        {
            "candid": 2782220412015015026,
            "jd": 2460536.7204167,
            "ra": 271.1476138,
            "dec": 54.2971367,
            "fid": 2,
            "nid": 2782,
            "magpsf": 18.017000198364258,
            "sigmapsf": 0.05952399969100952,
            "magnr": 16.7450008392334,
            "sigmagnr": 0.07599999755620956,
            "magzpsci": 26.35099983215332,
            "isdiffpos": "t",
            "ssdistnr": null,
            "ssnamenr": null,
            "drb": null
        },
        {
            "candid": 2782220412015025026,
            "jd": 2460536.7204167,
            "ra": 271.1476138,
            "dec": 54.2971367,
            "fid": 2,
            "nid": 2782,
            "magpsf": 18.017000198364258,
            "sigmapsf": 0.05952399969100952,
            "magnr": 16.7450008392334,
            "sigmagnr": 0.07599999755620956,
            "magzpsci": 26.35099983215332,
            "isdiffpos": "t",
            "ssdistnr": null,
            "ssnamenr": null,
            "drb": null
        },
        {
            "candid": 2782280022015015029,
            "jd": 2460536.7800231,
            "ra": 271.147614,
            "dec": 54.2971333,
            "fid": 1,
            "nid": 2782,
            "magpsf": 18.837299346923828,
            "sigmapsf": 0.08288300037384033,
            "magnr": 17.20400047302246,
            "sigmagnr": 0.04800000041723251,
            "magzpsci": 26.316299438476562,
            "isdiffpos": "t",
            "ssdistnr": null,
            "ssnamenr": null,
            "drb": null
        },
        {
            "candid": 2784201222015015051,
            "jd": 2460538.7012269,
            "ra": 271.1476379,
            "dec": 54.2971675,
            "fid": 1,
            "nid": 2784,
            "magpsf": 18.955900192260742,
            "sigmapsf": 0.12552200257778168,
            "magnr": 17.20400047302246,
            "sigmagnr": 0.04800000041723251,
            "magzpsci": 26.337900161743164,
            "isdiffpos": "t",
            "ssdistnr": null,
            "ssnamenr": null,
            "drb": null
        },
        {
            "candid": 2784201222015025051,
            "jd": 2460538.7012269,
            "ra": 271.1476379,
            "dec": 54.2971675,
            "fid": 1,
            "nid": 2784,
            "magpsf": 18.955900192260742,
            "sigmapsf": 0.12552200257778168,
            "magnr": 17.20400047302246,
            "sigmagnr": 0.04800000041723251,
            "magzpsci": 26.337900161743164,
            "isdiffpos": "t",
            "ssdistnr": null,
            "ssnamenr": null,
            "drb": null
        },
        {
            "candid": 2784254142015015032,
            "jd": 2460538.7541435,
            "ra": 271.1476626,
            "dec": 54.2971297,
            "fid": 2,
            "nid": 2784,
            "magpsf": 18.05127716064453,
            "sigmapsf": 0.06689459085464478,
            "magnr": 16.7450008392334,
            "sigmagnr": 0.07599999755620956,
            "magzpsci": 26.31827735900879,
            "isdiffpos": "t",
            "ssdistnr": -999.0,
            "ssnamenr": "null",
            "drb": null
        },
        {
            "candid": 2784254142015025032,
            "jd": 2460538.7541435,
            "ra": 271.1476626,
            "dec": 54.2971297,
            "fid": 2,
            "nid": 2784,
            "magpsf": 18.051300048828125,
            "sigmapsf": 0.0668950006365776,
            "magnr": 16.7450008392334,
            "sigmagnr": 0.07599999755620956,
            "magzpsci": 26.318300247192383,
            "isdiffpos": "t",
            "ssdistnr": null,
            "ssnamenr": null,
            "drb": null
        },
        {
            "candid": 2786265972015015017,
            "jd": 2460540.7659722,
            "ra": 271.1476311,
            "dec": 54.2971713,
            "fid": 2,
            "nid": 2786,
            "magpsf": 18.287599563598633,
            "sigmapsf": 0.0753680020570755,
            "magnr": 16.7450008392334,
            "sigmagnr": 0.07599999755620956,
            "magzpsci": 26.3346004486084,
            "isdiffpos": "t",
            "ssdistnr": null,
            "ssnamenr": null,
            "drb": null
        },
        {
            "candid": 2790215252015015017,
            "jd": 2460544.7152546,
            "ra": 271.1476364,
            "dec": 54.2971298,
            "fid": 1,
            "nid": 2790,
            "magpsf": 19.391700744628906,
            "sigmapsf": 0.17596200108528137,
            "magnr": 17.20400047302246,
            "sigmagnr": 0.04800000041723251,
            "magzpsci": 26.336700439453125,
            "isdiffpos": "t",
            "ssdistnr": null,
            "ssnamenr": null,
            "drb": null
        },
        {
            "candid": 2790265822015015011,
            "jd": 2460544.7658218,
            "ra": 271.1476093,
            "dec": 54.297152,
            "fid": 2,
            "nid": 2790,
            "magpsf": 18.431699752807617,
            "sigmapsf": 0.08619499951601028,
            "magnr": 16.7450008392334,
            "sigmagnr": 0.07599999755620956,
            "magzpsci": 26.338699340820312,
            "isdiffpos": "t",
            "ssdistnr": null,
            "ssnamenr": null,
            "drb": null
        },
        {
            "candid": 2792238882015015014,
            "jd": 2460546.7388889,
            "ra": 271.147587,
            "dec": 54.2971873,
            "fid": 2,
            "nid": 2792,
            "magpsf": 18.585899353027344,
            "sigmapsf": 0.08696100115776062,
            "magnr": 16.7450008392334,
            "sigmagnr": 0.07599999755620956,
            "magzpsci": 26.306900024414062,
            "isdiffpos": "t",
            "ssdistnr": null,
            "ssnamenr": null,
            "drb": null
        },
        {
            "candid": 2794224182015015019,
            "jd": 2460548.7241898,
            "ra": 271.1475851,
            "dec": 54.2971361,
            "fid": 2,
            "nid": 2794,
            "magpsf": 18.71980094909668,
            "sigmapsf": 0.07129599899053574,
            "magnr": 16.7450008392334,
            "sigmagnr": 0.07599999755620956,
            "magzpsci": 26.314800262451172,
            "isdiffpos": "t",
            "ssdistnr": null,
            "ssnamenr": null,
            "drb": null
        },
        {
            "candid": 2796201672015015021,
            "jd": 2460550.7016782,
            "ra": 271.1476254,
            "dec": 54.2971489,
            "fid": 2,
            "nid": 2796,
            "magpsf": 18.7450008392334,
            "sigmapsf": 0.083296999335289,
            "magnr": 16.7450008392334,
            "sigmagnr": 0.07599999755620956,
            "magzpsci": 26.32900047302246,
            "isdiffpos": "t",
            "ssdistnr": null,
            "ssnamenr": null,
            "drb": null
        },
        {
            "candid": 2796263742015015019,
            "jd": 2460550.76375,
            "ra": 271.1474651,
            "dec": 54.2971402,
            "fid": 1,
            "nid": 2796,
            "magpsf": 19.548099517822266,
            "sigmapsf": 0.12256699800491333,
            "magnr": 17.20400047302246,
            "sigmagnr": 0.04800000041723251,
            "magzpsci": 26.298099517822266,
            "isdiffpos": "t",
            "ssdistnr": null,
            "ssnamenr": null,
            "drb": null
        },
        {
            "candid": 2800184322015015021,
            "jd": 2460554.6843287,
            "ra": 271.1475572,
            "dec": 54.297141,
            "fid": 2,
            "nid": 2800,
            "magpsf": 18.87030029296875,
            "sigmapsf": 0.11832000315189362,
            "magnr": 16.7450008392334,
            "sigmagnr": 0.07599999755620956,
            "magzpsci": 26.316299438476562,
            "isdiffpos": "t",
            "ssdistnr": null,
            "ssnamenr": null,
            "drb": null
        },
        {
            "candid": 2802180752015015016,
            "jd": 2460556.6807523,
            "ra": 271.1475724,
            "dec": 54.2970834,
            "fid": 2,
            "nid": 2802,
            "magpsf": 18.971500396728516,
            "sigmapsf": 0.09537699818611145,
            "magnr": 16.7450008392334,
            "sigmagnr": 0.07599999755620956,
            "magzpsci": 26.27050018310547,
            "isdiffpos": "t",
            "ssdistnr": null,
            "ssnamenr": null,
            "drb": null
        },
        {
            "candid": 2804179572015015014,
            "jd": 2460558.6795718,
            "ra": 271.1475781,
            "dec": 54.2971641,
            "fid": 2,
            "nid": 2804,
            "magpsf": 18.944799423217773,
            "sigmapsf": 0.10998599976301193,
            "magnr": 16.7450008392334,
            "sigmagnr": 0.07599999755620956,
            "magzpsci": 26.27680015563965,
            "isdiffpos": "t",
            "ssdistnr": null,
            "ssnamenr": null,
            "drb": null
        },
        {
            "candid": 2812195102015015008,
            "jd": 2460566.6951042,
            "ra": 271.1475617,
            "dec": 54.297205,
            "fid": 2,
            "nid": 2812,
            "magpsf": 19.007566452026367,
            "sigmapsf": 0.14295920729637146,
            "magnr": 16.7450008392334,
            "sigmagnr": 0.07599999755620956,
            "magzpsci": 26.171567916870117,
            "isdiffpos": "t",
            "ssdistnr": -999.0,
            "ssnamenr": "null",
            "drb": null
        },
        {
            "jd": 2460480.8561806,
            "fid": 2,
            "diffmaglim": 20.043500900268555
        },
        {
            "jd": 2460480.9431481,
            "fid": 1,
            "diffmaglim": 20.69529914855957
        },
        {
            "jd": 2460482.8250347,
            "fid": 2,
            "diffmaglim": 20.135700225830078
        },
        {
            "jd": 2460482.9113542,
            "fid": 1,
            "diffmaglim": 19.681800842285156
        },
        {
            "jd": 2460484.8290046,
            "fid": 2,
            "diffmaglim": 20.04560089111328
        },
        {
            "jd": 2460484.8921181,
            "fid": 1,
            "diffmaglim": 19.857799530029297
        },
        {
            "jd": 2460486.7072801,
            "fid": 1,
            "diffmaglim": 20.6742000579834
        },
        {
            "jd": 2460488.7481481,
            "fid": 1,
            "diffmaglim": 20.76099967956543
        },
        {
            "jd": 2460488.8287037,
            "fid": 2,
            "diffmaglim": 20.667699813842773
        },
        {
            "jd": 2460490.7759375,
            "fid": 2,
            "diffmaglim": 20.717199325561523
        },
        {
            "jd": 2460490.8459838,
            "fid": 1,
            "diffmaglim": 20.691999435424805
        },
        {
            "jd": 2460494.7840278,
            "fid": 1,
            "diffmaglim": 20.620100021362305
        },
        {
            "jd": 2460494.8467014,
            "fid": 2,
            "diffmaglim": 20.698400497436523
        },
        {
            "jd": 2460500.8069444,
            "fid": 2,
            "diffmaglim": 20.4424991607666
        },
        {
            "jd": 2460500.8268519,
            "fid": 1,
            "diffmaglim": 20.55970001220703
        },
        {
            "jd": 2460502.7822338,
            "fid": 1,
            "diffmaglim": 20.53190040588379
        },
        {
            "jd": 2460502.8444213,
            "fid": 2,
            "diffmaglim": 20.522499084472656
        },
        {
            "jd": 2460504.7852894,
            "fid": 2,
            "diffmaglim": 20.686500549316406
        },
        {
            "jd": 2460504.8254745,
            "fid": 1,
            "diffmaglim": 20.644100189208984
        },
        {
            "jd": 2460507.8070949,
            "fid": 2,
            "diffmaglim": 20.278200149536133
        },
        {
            "jd": 2460507.844838,
            "fid": 1,
            "diffmaglim": 20.71030044555664
        },
        {
            "jd": 2460509.7839815,
            "fid": 2,
            "diffmaglim": 19.68090057373047
        },
        {
            "jd": 2460540.837338,
            "fid": 1,
            "diffmaglim": 19.381500244140625
        },
        {
            "jd": 2460548.7636458,
            "fid": 1,
            "diffmaglim": 20.38949966430664
        },
        {
            "jd": 2460552.7346759,
            "fid": 2,
            "diffmaglim": 20.472900390625
        },
        {
            "jd": 2460552.7803935,
            "fid": 1,
            "diffmaglim": 20.430599212646484
        },
        {
            "jd": 2460554.7354514,
            "fid": 1,
            "diffmaglim": 20.550800323486328
        },
        {
            "jd": 2460556.7179745,
            "fid": 1,
            "diffmaglim": 20.521299362182617
        },
        {
            "jd": 2460558.7440972,
            "fid": 1,
            "diffmaglim": 20.55470085144043
        },
        {
            "jd": 2460561.7619792,
            "fid": 1,
            "diffmaglim": 20.189699172973633
        },
        {
            "jd": 2460561.7894213,
            "fid": 2,
            "diffmaglim": 20.073999404907227
        },
        {
            "jd": 2460563.7895602,
            "fid": 1,
            "diffmaglim": 17.393199920654297
        },
        {
            "jd": 2460566.6544213,
            "fid": 1,
            "diffmaglim": 20.103500366210938
        }
    ],
    "forcedphot": [
        {
            "objectid": "ZTF24aawjwxx",
            "jd": 2460480.8561806,
            "ranr": 271.1480554,
            "decnr": 54.2970298,
            "fid": 2,
            "forcediffimflux": 44.40048599243164,
            "forcediffimfluxunc": 41.77750015258789,
            "magzpsci": 26.294700622558594
        },
        {
            "objectid": "ZTF24aawjwxx",
            "jd": 2460480.9431481,
            "ranr": 271.1480269,
            "decnr": 54.2970126,
            "fid": 1,
            "forcediffimflux": 17.328136444091797,
            "forcediffimfluxunc": 21.943138122558594,
            "magzpsci": 26.268999099731445
        },
        {
            "objectid": "ZTF24aawjwxx",
            "jd": 2460482.8250347,
            "ranr": 271.1480554,
            "decnr": 54.2970298,
            "fid": 2,
            "forcediffimflux": -27.517053604125977,
            "forcediffimfluxunc": 40.5956916809082,
            "magzpsci": 26.333900451660156
        },
        {
            "objectid": "ZTF24aawjwxx",
            "jd": 2460482.9113542,
            "ranr": 271.1480269,
            "decnr": 54.2970126,
            "fid": 1,
            "forcediffimflux": -119.175048828125,
            "forcediffimfluxunc": 60.657352447509766,
            "magzpsci": 26.33370018005371
        },
        {
            "objectid": "ZTF24aawjwxx",
            "jd": 2460484.8290046,
            "ranr": 271.1480554,
            "decnr": 54.2970298,
            "fid": 2,
            "forcediffimflux": 45.874568939208984,
            "forcediffimfluxunc": 45.21942138671875,
            "magzpsci": 26.32029914855957
        },
        {
            "objectid": "ZTF24aawjwxx",
            "jd": 2460484.8921181,
            "ranr": 271.1480269,
            "decnr": 54.2970126,
            "fid": 1,
            "forcediffimflux": 20.998607635498047,
            "forcediffimfluxunc": 47.47418212890625,
            "magzpsci": 26.319000244140625
        },
        {
            "objectid": "ZTF24aawjwxx",
            "jd": 2460486.7072801,
            "ranr": 271.1480269,
            "decnr": 54.2970126,
            "fid": 1,
            "forcediffimflux": 38.028533935546875,
            "forcediffimfluxunc": 21.941020965576172,
            "magzpsci": 26.25790023803711
        },
        {
            "objectid": "ZTF24aawjwxx",
            "jd": 2460488.7481481,
            "ranr": 271.1480269,
            "decnr": 54.2970126,
            "fid": 1,
            "forcediffimflux": -15.589705467224121,
            "forcediffimfluxunc": 21.699922561645508,
            "magzpsci": 26.316999435424805
        },
        {
            "objectid": "ZTF24aawjwxx",
            "jd": 2460488.8287037,
            "ranr": 271.1480554,
            "decnr": 54.2970298,
            "fid": 2,
            "forcediffimflux": -46.2060661315918,
            "forcediffimfluxunc": 23.235713958740234,
            "magzpsci": 26.32040023803711
        },
        {
            "objectid": "ZTF24aawjwxx",
            "jd": 2460490.7759375,
            "ranr": 271.1480554,
            "decnr": 54.2970298,
            "fid": 2,
            "forcediffimflux": 13.52582836151123,
            "forcediffimfluxunc": 24.927804946899414,
            "magzpsci": 26.33300018310547
        },
        {
            "objectid": "ZTF24aawjwxx",
            "jd": 2460490.8459838,
            "ranr": 271.1480269,
            "decnr": 54.2970126,
            "fid": 1,
            "forcediffimflux": 7.649399757385254,
            "forcediffimfluxunc": 23.788251876831055,
            "magzpsci": 26.333099365234375
        },
        {
            "objectid": "ZTF24aawjwxx",
            "jd": 2460494.7840278,
            "ranr": 271.1480269,
            "decnr": 54.2970126,
            "fid": 1,
            "forcediffimflux": -39.308860778808594,
            "forcediffimfluxunc": 26.887874603271484,
            "magzpsci": 26.342599868774414
        },
        {
            "objectid": "ZTF24aawjwxx",
            "jd": 2460494.8467014,
            "ranr": 271.1480554,
            "decnr": 54.2970298,
            "fid": 2,
            "forcediffimflux": -30.66651725769043,
            "forcediffimfluxunc": 24.100690841674805,
            "magzpsci": 26.31839942932129
        },
        {
            "objectid": "ZTF24aawjwxx",
            "jd": 2460500.8069444,
            "ranr": 271.1480554,
            "decnr": 54.2970298,
            "fid": 2,
            "forcediffimflux": -70.54969024658203,
            "forcediffimfluxunc": 29.158222198486328,
            "magzpsci": 26.267900466918945
        },
        {
            "objectid": "ZTF24aawjwxx",
            "jd": 2460502.7822338,
            "ranr": 271.1480269,
            "decnr": 54.2970126,
            "fid": 1,
            "forcediffimflux": 4.644753932952881,
            "forcediffimfluxunc": 22.972909927368164,
            "magzpsci": 26.111799240112305
        },
        {
            "objectid": "ZTF24aawjwxx",
            "jd": 2460502.8444213,
            "ranr": 271.1480554,
            "decnr": 54.2970298,
            "fid": 2,
            "forcediffimflux": 74.578857421875,
            "forcediffimfluxunc": 26.588199615478516,
            "magzpsci": 26.204200744628906
        },
        {
            "objectid": "ZTF24aawjwxx",
            "jd": 2460504.7852894,
            "ranr": 271.1480554,
            "decnr": 54.2970298,
            "fid": 2,
            "forcediffimflux": -55.40696334838867,
            "forcediffimfluxunc": 23.8752498626709,
            "magzpsci": 26.217500686645508
        },
        {
            "objectid": "ZTF24aawjwxx",
            "jd": 2460504.8254745,
            "ranr": 271.1480269,
            "decnr": 54.2970126,
            "fid": 1,
            "forcediffimflux": -14.411839485168457,
            "forcediffimfluxunc": 19.855712890625,
            "magzpsci": 26.12929916381836
        },
        {
            "objectid": "ZTF24aawjwxx",
            "jd": 2460507.8070949,
            "ranr": 271.1480554,
            "decnr": 54.2970298,
            "fid": 2,
            "forcediffimflux": 342.8331604003906,
            "forcediffimfluxunc": 38.112056732177734,
            "magzpsci": 26.292600631713867
        },
        {
            "objectid": "ZTF24aawjwxx",
            "jd": 2460507.844838,
            "ranr": 271.1480269,
            "decnr": 54.2970126,
            "fid": 1,
            "forcediffimflux": 307.2164001464844,
            "forcediffimfluxunc": 23.397533416748047,
            "magzpsci": 26.2731990814209
        },
        {
            "objectid": "ZTF24aawjwxx",
            "jd": 2460509.7839815,
            "ranr": 271.1480554,
            "decnr": 54.2970298,
            "fid": 2,
            "forcediffimflux": 536.4330444335938,
            "forcediffimfluxunc": 55.169654846191406,
            "magzpsci": 26.236099243164062
        },
        {
            "objectid": "ZTF24aawjwxx",
            "jd": 2460509.8886574,
            "ranr": 271.1480269,
            "decnr": 54.2970126,
            "fid": 1,
            "forcediffimflux": 492.0214538574219,
            "forcediffimfluxunc": 39.098716735839844,
            "magzpsci": 26.151100158691406
        },
        {
            "objectid": "ZTF24aawjwxx",
            "jd": 2460511.8052083,
            "ranr": 271.1480554,
            "decnr": 54.2970298,
            "fid": 2,
            "forcediffimflux": 1032.2813720703125,
            "forcediffimfluxunc": 55.58140182495117,
            "magzpsci": 26.242799758911133
        },
        {
            "objectid": "ZTF24aawjwxx",
            "jd": 2460511.9146412,
            "ranr": 271.1480269,
            "decnr": 54.2970126,
            "fid": 1,
            "forcediffimflux": 752.8458862304688,
            "forcediffimfluxunc": 78.15438079833984,
            "magzpsci": 26.10810089111328
        },
        {
            "objectid": "ZTF24aawjwxx",
            "jd": 2460514.7892824,
            "ranr": 271.1480554,
            "decnr": 54.2970298,
            "fid": 2,
            "forcediffimflux": 1451.8055419921875,
            "forcediffimfluxunc": 63.13958740234375,
            "magzpsci": 26.236600875854492
        },
        {
            "objectid": "ZTF24aawjwxx",
            "jd": 2460514.9077778,
            "ranr": 271.1480269,
            "decnr": 54.2970126,
            "fid": 1,
            "forcediffimflux": 1189.91845703125,
            "forcediffimfluxunc": 64.99275207519531,
            "magzpsci": 26.139799118041992
        },
        {
            "objectid": "ZTF24aawjwxx",
            "jd": 2460516.7253704,
            "ranr": 271.1480554,
            "decnr": 54.2970298,
            "fid": 2,
            "forcediffimflux": 1773.4879150390625,
            "forcediffimfluxunc": 35.34945297241211,
            "magzpsci": 26.23240089416504
        },
        {
            "objectid": "ZTF24aawjwxx",
            "jd": 2460516.7849653,
            "ranr": 271.1480269,
            "decnr": 54.2970126,
            "fid": 1,
            "forcediffimflux": 1278.885009765625,
            "forcediffimfluxunc": 41.49786376953125,
            "magzpsci": 26.0580997467041
        },
        {
            "objectid": "ZTF24aawjwxx",
            "jd": 2460518.7834491,
            "ranr": 271.1480554,
            "decnr": 54.2970298,
            "fid": 2,
            "forcediffimflux": 2198.433349609375,
            "forcediffimfluxunc": 36.82592010498047,
            "magzpsci": 26.290300369262695
        },
        {
            "objectid": "ZTF24aawjwxx",
            "jd": 2460518.8280556,
            "ranr": 271.1480269,
            "decnr": 54.2970126,
            "fid": 1,
            "forcediffimflux": 1656.2532958984375,
            "forcediffimfluxunc": 40.596824645996094,
            "magzpsci": 26.250499725341797
        },
        {
            "objectid": "ZTF24aawjwxx",
            "jd": 2460520.7621644,
            "ranr": 271.1480554,
            "decnr": 54.2970298,
            "fid": 2,
            "forcediffimflux": 2509.809814453125,
            "forcediffimfluxunc": 37.2793083190918,
            "magzpsci": 26.321800231933594
        },
        {
            "objectid": "ZTF24aawjwxx",
            "jd": 2460522.7908449,
            "ranr": 271.1480554,
            "decnr": 54.2970298,
            "fid": 2,
            "forcediffimflux": 2422.0791015625,
            "forcediffimfluxunc": 35.90060806274414,
            "magzpsci": 26.242399215698242
        },
        {
            "objectid": "ZTF24aawjwxx",
            "jd": 2460522.8007523,
            "ranr": 271.1480269,
            "decnr": 54.2970126,
            "fid": 1,
            "forcediffimflux": 1721.572265625,
            "forcediffimfluxunc": 32.33226013183594,
            "magzpsci": 26.15239906311035
        },
        {
            "objectid": "ZTF24aawjwxx",
            "jd": 2460525.6958796,
            "ranr": 271.1480269,
            "decnr": 54.2970126,
            "fid": 1,
            "forcediffimflux": 1998.86962890625,
            "forcediffimfluxunc": 32.100830078125,
            "magzpsci": 26.281400680541992
        },
        {
            "objectid": "ZTF24aawjwxx",
            "jd": 2460525.7597106,
            "ranr": 271.1480554,
            "decnr": 54.2970298,
            "fid": 2,
            "forcediffimflux": 2705.5009765625,
            "forcediffimfluxunc": 37.74741744995117,
            "magzpsci": 26.27560043334961
        },
        {
            "objectid": "ZTF24aawjwxx",
            "jd": 2460527.7000579,
            "ranr": 271.1480269,
            "decnr": 54.2970126,
            "fid": 1,
            "forcediffimflux": 1750.8712158203125,
            "forcediffimfluxunc": 29.90032196044922,
            "magzpsci": 26.257299423217773
        },
        {
            "objectid": "ZTF24aawjwxx",
            "jd": 2460527.7442593,
            "ranr": 271.1480554,
            "decnr": 54.2970298,
            "fid": 2,
            "forcediffimflux": 2749.15185546875,
            "forcediffimfluxunc": 38.71696853637695,
            "magzpsci": 26.27280044555664
        },
        {
            "objectid": "ZTF24aawjwxx",
            "jd": 2460529.7157292,
            "ranr": 271.1480269,
            "decnr": 54.2970126,
            "fid": 1,
            "forcediffimflux": 1548.64501953125,
            "forcediffimfluxunc": 28.938907623291016,
            "magzpsci": 26.218000411987305
        },
        {
            "objectid": "ZTF24aawjwxx",
            "jd": 2460529.7619329,
            "ranr": 271.1480554,
            "decnr": 54.2970298,
            "fid": 2,
            "forcediffimflux": 2763.1533203125,
            "forcediffimfluxunc": 36.553749084472656,
            "magzpsci": 26.243900299072266
        },
        {
            "objectid": "ZTF24aawjwxx",
            "jd": 2460531.7430787,
            "ranr": 271.1480554,
            "decnr": 54.2970298,
            "fid": 2,
            "forcediffimflux": 2541.972412109375,
            "forcediffimfluxunc": 35.13677215576172,
            "magzpsci": 26.25950050354004
        },
        {
            "objectid": "ZTF24aawjwxx",
            "jd": 2460531.8081366,
            "ranr": 271.1480269,
            "decnr": 54.2970126,
            "fid": 1,
            "forcediffimflux": 1313.6224365234375,
            "forcediffimfluxunc": 30.828811645507812,
            "magzpsci": 26.187400817871094
        },
        {
            "objectid": "ZTF24aawjwxx",
            "jd": 2460536.7204167,
            "ranr": 271.1480554,
            "decnr": 54.2970298,
            "fid": 2,
            "forcediffimflux": 2363.537841796875,
            "forcediffimfluxunc": 38.18326187133789,
            "magzpsci": 26.35099983215332
        },
        {
            "objectid": "ZTF24aawjwxx",
            "jd": 2460536.7800231,
            "ranr": 271.1480269,
            "decnr": 54.2970126,
            "fid": 1,
            "forcediffimflux": 986.79296875,
            "forcediffimfluxunc": 35.4432373046875,
            "magzpsci": 26.316299438476562
        },
        {
            "objectid": "ZTF24aawjwxx",
            "jd": 2460538.7012269,
            "ranr": 271.1480269,
            "decnr": 54.2970126,
            "fid": 1,
            "forcediffimflux": 893.8407592773438,
            "forcediffimfluxunc": 44.213356018066406,
            "magzpsci": 26.337900161743164
        },
        {
            "objectid": "ZTF24aawjwxx",
            "jd": 2460538.7541435,
            "ranr": 271.1480554,
            "decnr": 54.2970298,
            "fid": 2,
            "forcediffimflux": 2010.9500732421875,
            "forcediffimfluxunc": 47.54459762573242,
            "magzpsci": 26.318300247192383
        },
        {
            "objectid": "ZTF24aawjwxx",
            "jd": 2460540.7659722,
            "ranr": 271.1480554,
            "decnr": 54.2970298,
            "fid": 2,
            "forcediffimflux": 1750.3095703125,
            "forcediffimfluxunc": 49.43083572387695,
            "magzpsci": 26.3346004486084
        },
        {
            "objectid": "ZTF24aawjwxx",
            "jd": 2460540.837338,
            "ranr": 271.1480269,
            "decnr": 54.2970126,
            "fid": 1,
            "forcediffimflux": 607.8521118164062,
            "forcediffimfluxunc": 77.051513671875,
            "magzpsci": 26.268199920654297
        },
        {
            "objectid": "ZTF24aawjwxx",
            "jd": 2460544.7152546,
            "ranr": 271.1480269,
            "decnr": 54.2970126,
            "fid": 1,
            "forcediffimflux": 599.0450439453125,
            "forcediffimfluxunc": 45.69608688354492,
            "magzpsci": 26.336700439453125
        },
        {
            "objectid": "ZTF24aawjwxx",
            "jd": 2460544.7658218,
            "ranr": 271.1480554,
            "decnr": 54.2970298,
            "fid": 2,
            "forcediffimflux": 1625.850341796875,
            "forcediffimfluxunc": 43.72910690307617,
            "magzpsci": 26.338699340820312
        },
        {
            "objectid": "ZTF24aawjwxx",
            "jd": 2460546.7388889,
            "ranr": 271.1480554,
            "decnr": 54.2970298,
            "fid": 2,
            "forcediffimflux": 1246.7781982421875,
            "forcediffimfluxunc": 46.331363677978516,
            "magzpsci": 26.306900024414062
        },
        {
            "objectid": "ZTF24aawjwxx",
            "jd": 2460548.7241898,
            "ranr": 271.1480554,
            "decnr": 54.2970298,
            "fid": 2,
            "forcediffimflux": 1181.6119384765625,
            "forcediffimfluxunc": 33.91756057739258,
            "magzpsci": 26.314800262451172
        },
        {
            "objectid": "ZTF24aawjwxx",
            "jd": 2460548.7636458,
            "ranr": 271.1480269,
            "decnr": 54.2970126,
            "fid": 1,
            "forcediffimflux": 388.563720703125,
            "forcediffimfluxunc": 32.30741500854492,
            "magzpsci": 26.271400451660156
        },
        {
            "objectid": "ZTF24aawjwxx",
            "jd": 2460550.7016782,
            "ranr": 271.1480554,
            "decnr": 54.2970298,
            "fid": 2,
            "forcediffimflux": 1133.8067626953125,
            "forcediffimfluxunc": 31.96465492248535,
            "magzpsci": 26.32900047302246
        },
        {
            "objectid": "ZTF24aawjwxx",
            "jd": 2460550.76375,
            "ranr": 271.1480269,
            "decnr": 54.2970126,
            "fid": 1,
            "forcediffimflux": 486.17803955078125,
            "forcediffimfluxunc": 28.410484313964844,
            "magzpsci": 26.298099517822266
        },
        {
            "objectid": "ZTF24aawjwxx",
            "jd": 2460552.7346759,
            "ranr": 271.1480554,
            "decnr": 54.2970298,
            "fid": 2,
            "forcediffimflux": 1012.9061279296875,
            "forcediffimfluxunc": 33.873477935791016,
            "magzpsci": 26.308500289916992
        },
        {
            "objectid": "ZTF24aawjwxx",
            "jd": 2460552.7803935,
            "ranr": 271.1480269,
            "decnr": 54.2970126,
            "fid": 1,
            "forcediffimflux": 295.7670593261719,
            "forcediffimfluxunc": 30.40926170349121,
            "magzpsci": 26.261999130249023
        },
        {
            "objectid": "ZTF24aawjwxx",
            "jd": 2460554.6843287,
            "ranr": 271.1480554,
            "decnr": 54.2970298,
            "fid": 2,
            "forcediffimflux": 999.2291870117188,
            "forcediffimfluxunc": 30.454647064208984,
            "magzpsci": 26.316299438476562
        },
        {
            "objectid": "ZTF24aawjwxx",
            "jd": 2460554.7354514,
            "ranr": 271.1480269,
            "decnr": 54.2970126,
            "fid": 1,
            "forcediffimflux": 411.23046875,
            "forcediffimfluxunc": 27.477535247802734,
            "magzpsci": 26.274900436401367
        },
        {
            "objectid": "ZTF24aawjwxx",
            "jd": 2460556.6807523,
            "ranr": 271.1480554,
            "decnr": 54.2970298,
            "fid": 2,
            "forcediffimflux": 852.196044921875,
            "forcediffimfluxunc": 31.871925354003906,
            "magzpsci": 26.27050018310547
        },
        {
            "objectid": "ZTF24aawjwxx",
            "jd": 2460556.7179745,
            "ranr": 271.1480269,
            "decnr": 54.2970126,
            "fid": 1,
            "forcediffimflux": 481.1069030761719,
            "forcediffimfluxunc": 28.0213623046875,
            "magzpsci": 26.246400833129883
        },
        {
            "objectid": "ZTF24aawjwxx",
            "jd": 2460558.6795718,
            "ranr": 271.1480554,
            "decnr": 54.2970298,
            "fid": 2,
            "forcediffimflux": 890.5134887695312,
            "forcediffimfluxunc": 31.586814880371094,
            "magzpsci": 26.27680015563965
        },
        {
            "objectid": "ZTF24aawjwxx",
            "jd": 2460558.7440972,
            "ranr": 271.1480269,
            "decnr": 54.2970126,
            "fid": 1,
            "forcediffimflux": 370.3034362792969,
            "forcediffimfluxunc": 24.17107391357422,
            "magzpsci": 26.246000289916992
        },
        {
            "objectid": "ZTF24aawjwxx",
            "jd": 2460561.7619792,
            "ranr": 271.1480269,
            "decnr": 54.2970126,
            "fid": 1,
            "forcediffimflux": 245.30882263183594,
            "forcediffimfluxunc": 28.498075485229492,
            "magzpsci": 25.973600387573242
        },
        {
            "objectid": "ZTF24aawjwxx",
            "jd": 2460561.7894213,
            "ranr": 271.1480554,
            "decnr": 54.2970298,
            "fid": 2,
            "forcediffimflux": 552.8779907226562,
            "forcediffimfluxunc": 36.32346725463867,
            "magzpsci": 26.111400604248047
        },
        {
            "objectid": "ZTF24aawjwxx",
            "jd": 2460566.6544213,
            "ranr": 271.1480269,
            "decnr": 54.2970126,
            "fid": 1,
            "forcediffimflux": 365.332275390625,
            "forcediffimfluxunc": 35.66058349609375,
            "magzpsci": 26.17009925842285
        }
    ]
}