{
    "objectId": "ZTF23aamzljd",
    "candidates": [
        {
            "candid": 2349269023415015015,
            "jd": 2460103.7690278,
            "ra": 238.5789976,
            "dec": 12.128665,
            "fid": 1,
            "nid": 2349,
            "magpsf": 19.074600219726562,
            "sigmapsf": 0.1216220036149025,
            "magnr": 18.334999084472656,
            "sigmagnr": 0.08299999684095383,
            "magzpsci": 26.307600021362305,
            "isdiffpos": "t",
            "ssdistnr": null,
            "ssnamenr": null,
            "drb": 0.999933123588562
        },
        {
            "candid": 2349298243415015015,
            "jd": 2460103.7982407,
            "ra": 238.578942,
            "dec": 12.1287104,
            "fid": 2,
            "nid": 2349,
            "magpsf": 18.94540023803711,
            "sigmapsf": 0.11907000094652176,
            "magnr": 17.7450008392334,
            "sigmagnr": 0.09799999743700027,
            "magzpsci": 26.334400177001953,
            "isdiffpos": "t",
            "ssdistnr": null,
            "ssnamenr": null,
            "drb": null
        },
        {
            "candid": 2351274313415015008,
            "jd": 2460105.7743171,
            "ra": 238.5789449,
            "dec": 12.1287076,
            "fid": 2,
            "nid": 2351,
            "magpsf": 18.857200622558594,
            "sigmapsf": 0.14467699825763702,
            "magnr": 17.7450008392334,
            "sigmagnr": 0.09799999743700027,
            "magzpsci": 25.65719985961914,
            "isdiffpos": "t",
            "ssdistnr": null,
            "ssnamenr": null,
            "drb": null
        },
        {
            "candid": 2351309403415015016,
            "jd": 2460105.8094097,
            "ra": 238.5789449,
            "dec": 12.1286713,
            "fid": 1,
            "nid": 2351,
            "magpsf": 19.127899169921875,
            "sigmapsf": 0.20568999648094177,
            "magnr": 18.334999084472656,
            "sigmagnr": 0.08299999684095383,
            "magzpsci": 25.24690055847168,
            "isdiffpos": "t",
            "ssdistnr": null,
            "ssnamenr": null,
            "drb": null
        },
        {
            "candid": 2356237263415015025,
            "jd": 2460110.7372685,
            "ra": 238.5789584,
            "dec": 12.1286908,
            "fid": 2,
            "nid": 2356,
            "magpsf": 18.727800369262695,
            "sigmapsf": 0.1008249968290329,
            "magnr": 17.7450008392334,
            "sigmagnr": 0.09799999743700027,
            "magzpsci": 26.308799743652344,
            "isdiffpos": "t",
            "ssdistnr": null,
            "ssnamenr": null,
            "drb": null
        },
        {
            "candid": 2356281223415015019,
            "jd": 2460110.7812269,
            "ra": 238.5789602,
            "dec": 12.1287072,
            "fid": 1,
            "nid": 2356,
            "magpsf": 19.41390037536621,
            "sigmapsf": 0.12908799946308136,
            "magnr": 18.334999084472656,
            "sigmagnr": 0.08299999684095383,
            "magzpsci": 26.256900787353516,
            "isdiffpos": "t",
            "ssdistnr": null,
            "ssnamenr": null,
            "drb": null
        },
        {
            "candid": 2358277533415015016,
            "jd": 2460112.7775347,
            "ra": 238.5789462,
            "dec": 12.1287233,
            "fid": 2,
            "nid": 2358,
            "magpsf": 18.700199127197266,
            "sigmapsf": 0.10319799929857254,
            "magnr": 17.7450008392334,
            "sigmagnr": 0.09799999743700027,
            "magzpsci": 26.300199508666992,
            "isdiffpos": "t",
            "ssdistnr": null,
            "ssnamenr": null,
            "drb": null
        },
        {
            "candid": 2358374313415015016,
            "jd": 2460112.8743171,
            "ra": 238.579007,
            "dec": 12.1287345,
            "fid": 1,
            "nid": 2358,
            "magpsf": 19.596599578857422,
            "sigmapsf": 0.15562500059604645,
            "magnr": 18.334999084472656,
            "sigmagnr": 0.08299999684095383,
            "magzpsci": 26.178600311279297,
            "isdiffpos": "t",
            "ssdistnr": null,
            "ssnamenr": null,
            "drb": null
        },
        {
            "candid": 2361252743415015014,
            "jd": 2460115.7527431,
            "ra": 238.5790422,
            "dec": 12.1286707,
            "fid": 1,
            "nid": 2361,
            "magpsf": 19.99049949645996,
            "sigmapsf": 0.21215400099754333,
            "magnr": 18.334999084472656,
            "sigmagnr": 0.08299999684095383,
            "magzpsci": 26.36050033569336,
            "isdiffpos": "t",
            "ssdistnr": null,
            "ssnamenr": null,
            "drb": null
        },
        {
            "candid": 2361295533415015009,
            "jd": 2460115.7955324,
            "ra": 238.5789474,
            "dec": 12.1287053,
            "fid": 2,
            "nid": 2361,
            "magpsf": 18.91080093383789,
            "sigmapsf": 0.10223600268363953,
            "magnr": 17.7450008392334,
            "sigmagnr": 0.09799999743700027,
            "magzpsci": 26.369800567626953,
            "isdiffpos": "t",
            "ssdistnr": null,
            "ssnamenr": null,
            "drb": null
        },
        {
            "candid": 2363277293415015015,
            "jd": 2460117.7772917,
            "ra": 238.5790429,
            "dec": 12.1285899,
            "fid": 1,
            "nid": 2363,
            "magpsf": 20.132200241088867,
            "sigmapsf": 0.18500100076198578,
            "magnr": 18.334999084472656,
            "sigmagnr": 0.08299999684095383,
            "magzpsci": 26.349199295043945,
            "isdiffpos": "t",
            "ssdistnr": null,
            "ssnamenr": null,
            "drb": null
        },
        {
            "candid": 2363370273415015005,
            "jd": 2460117.8702778,
            "ra": 238.578976,
            "dec": 12.1287036,
            "fid": 2,
            "nid": 2363,
            "magpsf": 19.01490020751953,
            "sigmapsf": 0.11398500204086304,
            "magnr": 17.7450008392334,
            "sigmagnr": 0.09799999743700027,
            "magzpsci": 26.328899383544922,
            "isdiffpos": "t",
            "ssdistnr": null,
            "ssnamenr": null,
            "drb": null
        },
        {
            "candid": 2365212563415015016,
            "jd": 2460119.7125694,
            "ra": 238.5789238,
            "dec": 12.1286913,
            "fid": 2,
            "nid": 2365,
            "magpsf": 19.11090087890625,
            "sigmapsf": 0.1296209990978241,
            "magnr": 17.7450008392334,
            "sigmagnr": 0.09799999743700027,
            "magzpsci": 26.37190055847168,
            "isdiffpos": "t",
            "ssdistnr": null,
            "ssnamenr": null,
            "drb": null
        },
        {
            "candid": 2367251933415015013,
            "jd": 2460121.7519329,
            "ra": 238.5789287,
            "dec": 12.1287081,
            "fid": 2,
            "nid": 2367,
            "magpsf": 19.22906494140625,
            "sigmapsf": 0.13290871679782867,
            "magnr": 17.7450008392334,
            "sigmagnr": 0.09799999743700027,
            "magzpsci": 26.38706398010254,
            "isdiffpos": "t",
            "ssdistnr": -999.0,
            "ssnamenr": "null",
            "drb": null
        },
        {
            "jd": 2460075.8537616,
            "fid": 2,
            "diffmaglim": 20.41629981994629
        },
        {
            "jd": 2460078.8004514,
            "fid": 2,
            "diffmaglim": 20.59779930114746
        },
        {
            "jd": 2460078.8407407,
            "fid": 1,
            "diffmaglim": 20.861400604248047
        },
        {
            "jd": 2460080.7906134,
            "fid": 1,
            "diffmaglim": 20.422000885009766
        },
        {
            "jd": 2460082.8409028,
            "fid": 2,
            "diffmaglim": 20.523399353027344
        },
        {
            "jd": 2460082.9012153,
            "fid": 1,
            "diffmaglim": 20.62030029296875
        },
        {
            "jd": 2460084.7916667,
            "fid": 2,
            "diffmaglim": 20.665599822998047
        },
        {
            "jd": 2460084.8716204,
            "fid": 1,
            "diffmaglim": 20.67060089111328
        },
        {
            "jd": 2460086.7899306,
            "fid": 1,
            "diffmaglim": 20.710399627685547
        },
        {
            "jd": 2460086.8178588,
            "fid": 2,
            "diffmaglim": 20.65959930419922
        },
        {
            "jd": 2460088.81875,
            "fid": 1,
            "diffmaglim": 20.977399826049805
        },
        {
            "jd": 2460088.8586227,
            "fid": 2,
            "diffmaglim": 20.740999221801758
        },
        {
            "jd": 2460090.7782176,
            "fid": 1,
            "diffmaglim": 20.44930076599121
        },
        {
            "jd": 2460090.8259606,
            "fid": 2,
            "diffmaglim": 20.137800216674805
        },
        {
            "jd": 2460092.8275,
            "fid": 1,
            "diffmaglim": 20.525299072265625
        },
        {
            "jd": 2460092.9018866,
            "fid": 2,
            "diffmaglim": 20.722200393676758
        },
        {
            "jd": 2460094.9166551,
            "fid": 1,
            "diffmaglim": 20.76180076599121
        },
        {
            "jd": 2460099.8688079,
            "fid": 2,
            "diffmaglim": 19.304899215698242
        },
        {
            "jd": 2460101.8871528,
            "fid": 2,
            "diffmaglim": 19.718900680541992
        },
        {
            "jd": 2460119.789375,
            "fid": 1,
            "diffmaglim": 20.559600830078125
        },
        {
            "jd": 2460121.6968403,
            "fid": 1,
            "diffmaglim": 20.387300491333008
        }
    ],
    "forcedphot": []
}