{
    "objectId": "ZTF23aalhqci",
    "candidates": [
        {
            "candid": 2332427962515015009,
            "jd": 2460086.927963,
            "ra": 311.4402948,
            "dec": 10.8575141,
            "fid": 1,
            "nid": 2332,
            "magpsf": 20.213600158691406,
            "sigmapsf": 0.2117149978876114,
            "magnr": 19.224000930786133,
            "sigmagnr": 0.05400000140070915,
            "magzpsci": 26.26059913635254,
            "isdiffpos": "t",
            "ssdistnr": null,
            "ssnamenr": null,
            "drb": 0.9846500158309937
        },
        {
            "candid": 2334423412515015012,
            "jd": 2460088.9234144,
            "ra": 311.4404242,
            "dec": 10.8574934,
            "fid": 2,
            "nid": 2334,
            "magpsf": 19.74920082092285,
            "sigmapsf": 0.17365099489688873,
            "magnr": 18.104000091552734,
            "sigmagnr": 0.05299999937415123,
            "magzpsci": 26.326200485229492,
            "isdiffpos": "t",
            "ssdistnr": null,
            "ssnamenr": null,
            "drb": null
        },
        {
            "candid": 2334444582515015010,
            "jd": 2460088.9445833,
            "ra": 311.4403561,
            "dec": 10.857461,
            "fid": 1,
            "nid": 2334,
            "magpsf": 19.790599822998047,
            "sigmapsf": 0.12636500597000122,
            "magnr": 19.224000930786133,
            "sigmagnr": 0.05400000140070915,
            "magzpsci": 26.29759979248047,
            "isdiffpos": "t",
            "ssdistnr": null,
            "ssnamenr": null,
            "drb": null
        },
        {
            "candid": 2336460602515015006,
            "jd": 2460090.9606019,
            "ra": 311.4403349,
            "dec": 10.8575059,
            "fid": 2,
            "nid": 2336,
            "magpsf": 19.410499572753906,
            "sigmapsf": 0.12881900370121002,
            "magnr": 18.104000091552734,
            "sigmagnr": 0.05299999937415123,
            "magzpsci": 26.328500747680664,
            "isdiffpos": "t",
            "ssdistnr": null,
            "ssnamenr": null,
            "drb": null
        },
        {
            "candid": 2344399562515015004,
            "jd": 2460098.8995602,
            "ra": 311.4403087,
            "dec": 10.8575046,
            "fid": 2,
            "nid": 2344,
            "magpsf": 19.109699249267578,
            "sigmapsf": 0.12020999938249588,
            "magnr": 18.104000091552734,
            "sigmagnr": 0.05299999937415123,
            "magzpsci": 26.305700302124023,
            "isdiffpos": "t",
            "ssdistnr": null,
            "ssnamenr": null,
            "drb": null
        },
        {
            "candid": 2346422832515015003,
            "jd": 2460100.9228356,
            "ra": 311.4403737,
            "dec": 10.8575173,
            "fid": 2,
            "nid": 2346,
            "magpsf": 19.231300354003906,
            "sigmapsf": 0.13998399674892426,
            "magnr": 18.104000091552734,
            "sigmagnr": 0.05299999937415123,
            "magzpsci": 26.331300735473633,
            "isdiffpos": "t",
            "ssdistnr": null,
            "ssnamenr": null,
            "drb": null
        },
        {
            "candid": 2346457312515015003,
            "jd": 2460100.9573148,
            "ra": 311.4402924,
            "dec": 10.8575136,
            "fid": 1,
            "nid": 2346,
            "magpsf": 19.128400802612305,
            "sigmapsf": 0.1695059984922409,
            "magnr": 19.224000930786133,
            "sigmagnr": 0.05400000140070915,
            "magzpsci": 26.313400268554688,
            "isdiffpos": "t",
            "ssdistnr": null,
            "ssnamenr": null,
            "drb": null
        },
        {
            "candid": 2349400862515015006,
            "jd": 2460103.9008681,
            "ra": 311.4403038,
            "dec": 10.8574875,
            "fid": 2,
            "nid": 2349,
            "magpsf": 19.251800537109375,
            "sigmapsf": 0.151078000664711,
            "magnr": 18.104000091552734,
            "sigmagnr": 0.05299999937415123,
            "magzpsci": 26.27680015563965,
            "isdiffpos": "t",
            "ssdistnr": null,
            "ssnamenr": null,
            "drb": null
        },
        {
            "candid": 2354437142515015009,
            "jd": 2460108.9371412,
            "ra": 311.4403288,
            "dec": 10.8575129,
            "fid": 2,
            "nid": 2354,
            "magpsf": 19.470399856567383,
            "sigmapsf": 0.1348010003566742,
            "magnr": 18.104000091552734,
            "sigmagnr": 0.05299999937415123,
            "magzpsci": 26.32740020751953,
            "isdiffpos": "t",
            "ssdistnr": null,
            "ssnamenr": null,
            "drb": null
        },
        {
            "candid": 2356393132515015017,
            "jd": 2460110.8931366,
            "ra": 311.4403191,
            "dec": 10.8574973,
            "fid": 1,
            "nid": 2356,
            "magpsf": 20.071300506591797,
            "sigmapsf": 0.15072999894618988,
            "magnr": 19.224000930786133,
            "sigmagnr": 0.05400000140070915,
            "magzpsci": 26.24530029296875,
            "isdiffpos": "t",
            "ssdistnr": null,
            "ssnamenr": null,
            "drb": null
        },
        {
            "candid": 2358393102515015007,
            "jd": 2460112.8931019,
            "ra": 311.4403594,
            "dec": 10.8575474,
            "fid": 2,
            "nid": 2358,
            "magpsf": 19.812700271606445,
            "sigmapsf": 0.16487200558185577,
            "magnr": 18.104000091552734,
            "sigmagnr": 0.05299999937415123,
            "magzpsci": 26.294700622558594,
            "isdiffpos": "t",
            "ssdistnr": null,
            "ssnamenr": null,
            "drb": null
        },
        {
            "candid": 2361356682515015008,
            "jd": 2460115.8566898,
            "ra": 311.4403904,
            "dec": 10.8575014,
            "fid": 2,
            "nid": 2361,
            "magpsf": 19.68869972229004,
            "sigmapsf": 0.15655100345611572,
            "magnr": 18.104000091552734,
            "sigmagnr": 0.05299999937415123,
            "magzpsci": 26.3617000579834,
            "isdiffpos": "t",
            "ssdistnr": null,
            "ssnamenr": null,
            "drb": null
        },
        {
            "candid": 2361414472515015011,
            "jd": 2460115.9144792,
            "ra": 311.4403371,
            "dec": 10.8573953,
            "fid": 1,
            "nid": 2361,
            "magpsf": 20.635799407958984,
            "sigmapsf": 0.25484898686408997,
            "magnr": 19.224000930786133,
            "sigmagnr": 0.05400000140070915,
            "magzpsci": 26.376800537109375,
            "isdiffpos": "t",
            "ssdistnr": null,
            "ssnamenr": null,
            "drb": null
        },
        {
            "candid": 2364455742515015009,
            "jd": 2460118.9557407,
            "ra": 311.4404198,
            "dec": 10.8575027,
            "fid": 2,
            "nid": 2364,
            "magpsf": 20.099300384521484,
            "sigmapsf": 0.20698699355125427,
            "magnr": 18.104000091552734,
            "sigmagnr": 0.05299999937415123,
            "magzpsci": 26.364299774169922,
            "isdiffpos": "t",
            "ssdistnr": null,
            "ssnamenr": null,
            "drb": null
        },
        {
            "candid": 2366392592515015009,
            "jd": 2460120.8925926,
            "ra": 311.4404015,
            "dec": 10.8574548,
            "fid": 2,
            "nid": 2366,
            "magpsf": 20.01666259765625,
            "sigmapsf": 0.15119774639606476,
            "magnr": 18.104000091552734,
            "sigmagnr": 0.05299999937415123,
            "magzpsci": 26.377662658691406,
            "isdiffpos": "t",
            "ssdistnr": -999.0,
            "ssnamenr": "null",
            "drb": null
        },
        {
            "jd": 2460065.9248611,
            "fid": 2,
            "diffmaglim": 19.763399124145508
        },
        {
            "jd": 2460065.9642014,
            "fid": 1,
            "diffmaglim": 20.43829917907715
        },
        {
            "jd": 2460073.9016319,
            "fid": 2,
            "diffmaglim": 19.23189926147461
        },
        {
            "jd": 2460073.9246296,
            "fid": 1,
            "diffmaglim": 19.12019920349121
        },
        {
            "jd": 2460077.9251968,
            "fid": 1,
            "diffmaglim": 20.133499145507812
        },
        {
            "jd": 2460077.9404051,
            "fid": 2,
            "diffmaglim": 20.204599380493164
        },
        {
            "jd": 2460079.9316088,
            "fid": 2,
            "diffmaglim": 20.62969970703125
        },
        {
            "jd": 2460079.9634491,
            "fid": 1,
            "diffmaglim": 20.688100814819336
        },
        {
            "jd": 2460082.9260185,
            "fid": 1,
            "diffmaglim": 20.494699478149414
        },
        {
            "jd": 2460084.9053241,
            "fid": 2,
            "diffmaglim": 20.104000091552734
        },
        {
            "jd": 2460084.9267477,
            "fid": 1,
            "diffmaglim": 20.250900268554688
        },
        {
            "jd": 2460086.9053472,
            "fid": 2,
            "diffmaglim": 20.656600952148438
        },
        {
            "jd": 2460112.9299074,
            "fid": 1,
            "diffmaglim": 20.702800750732422
        },
        {
            "jd": 2460118.915706,
            "fid": 1,
            "diffmaglim": 20.37820053100586
        }
    ],
    "forcedphot": []
}