{
    "objectId": "ZTF20aamqmhj",
    "candidates": [
        {
            "candid": 1139220944815015022,
            "jd": 2458893.7209491,
            "ra": 165.225353,
            "dec": 57.7760033,
            "fid": 1,
            "nid": 1139,
            "magpsf": 19.110000610351562,
            "sigmapsf": 0.11391499638557434,
            "magnr": 17.500999450683594,
            "sigmagnr": 0.0560000017285347,
            "magzpsci": 26.083999633789062,
            "isdiffpos": "t",
            "ssdistnr": -999.0,
            "ssnamenr": "null",
            "drb": 0.984341025352478
        },
        {
            "candid": 1139221894815015026,
            "jd": 2458893.7218981,
            "ra": 165.2252996,
            "dec": 57.7760152,
            "fid": 1,
            "nid": 1139,
            "magpsf": 19.194900512695312,
            "sigmapsf": 0.12250600010156631,
            "magnr": 17.500999450683594,
            "sigmagnr": 0.0560000017285347,
            "magzpsci": 26.087900161743164,
            "isdiffpos": "t",
            "ssdistnr": -999.0,
            "ssnamenr": "null",
            "drb": 0.9713320136070251
        },
        {
            "candid": 1139304244815015013,
            "jd": 2458893.8042477,
            "ra": 165.2253944,
            "dec": 57.7760247,
            "fid": 2,
            "nid": 1139,
            "magpsf": 19.024999618530273,
            "sigmapsf": 0.13826699554920197,
            "magnr": 16.540000915527344,
            "sigmagnr": 0.06400000303983688,
            "magzpsci": 26.03499984741211,
            "isdiffpos": "t",
            "ssdistnr": -999.0,
            "ssnamenr": "null",
            "drb": 0.8644109964370728
        },
        {
            "candid": 1139329386015015012,
            "jd": 2458893.8293866,
            "ra": 165.2252542,
            "dec": 57.7760221,
            "fid": 2,
            "nid": 1139,
            "magpsf": 19.24920082092285,
            "sigmapsf": 0.17159999907016754,
            "magnr": 16.49799919128418,
            "sigmagnr": 0.05400000140070915,
            "magzpsci": 26.11720085144043,
            "isdiffpos": "t",
            "ssdistnr": -999.0,
            "ssnamenr": "null",
            "drb": 0.10445500165224075
        },
        {
            "candid": 1139333024815015014,
            "jd": 2458893.8330208,
            "ra": 165.2252999,
            "dec": 57.7759265,
            "fid": 2,
            "nid": 1139,
            "magpsf": 18.93440055847168,
            "sigmapsf": 0.12289699912071228,
            "magnr": 16.540000915527344,
            "sigmagnr": 0.06400000303983688,
            "magzpsci": 26.05940055847168,
            "isdiffpos": "t",
            "ssdistnr": -999.0,
            "ssnamenr": "null",
            "drb": 0.9545019865036011
        },
        {
            "candid": 1140280556015015010,
            "jd": 2458894.7805556,
            "ra": 165.2252055,
            "dec": 57.7759711,
            "fid": 2,
            "nid": 1140,
            "magpsf": 19.082599639892578,
            "sigmapsf": 0.1539909988641739,
            "magnr": 16.49799919128418,
            "sigmagnr": 0.05400000140070915,
            "magzpsci": 26.12459945678711,
            "isdiffpos": "t",
            "ssdistnr": -999.0,
            "ssnamenr": "null",
            "drb": 0.2741580009460449
        },
        {
            "candid": 1140324914815015029,
            "jd": 2458894.824919,
            "ra": 165.2253209,
            "dec": 57.7759956,
            "fid": 1,
            "nid": 1140,
            "magpsf": 19.087200164794922,
            "sigmapsf": 0.1279439926147461,
            "magnr": 17.500999450683594,
            "sigmagnr": 0.0560000017285347,
            "magzpsci": 26.149200439453125,
            "isdiffpos": "t",
            "ssdistnr": -999.0,
            "ssnamenr": "null",
            "drb": 0.821723997592926
        },
        {
            "candid": 1141238874815015028,
            "jd": 2458895.7388773,
            "ra": 165.2253076,
            "dec": 57.7760296,
            "fid": 1,
            "nid": 1141,
            "magpsf": 19.042600631713867,
            "sigmapsf": 0.11351499706506729,
            "magnr": 17.500999450683594,
            "sigmagnr": 0.0560000017285347,
            "magzpsci": 26.1156005859375,
            "isdiffpos": "t",
            "ssdistnr": -999.0,
            "ssnamenr": "null",
            "drb": 0.965811014175415
        },
        {
            "candid": 1141281354815015013,
            "jd": 2458895.7813542,
            "ra": 165.225229,
            "dec": 57.7759717,
            "fid": 2,
            "nid": 1141,
            "magpsf": 18.765499114990234,
            "sigmapsf": 0.10184100270271301,
            "magnr": 16.540000915527344,
            "sigmagnr": 0.06400000303983688,
            "magzpsci": 26.04450035095215,
            "isdiffpos": "t",
            "ssdistnr": -999.0,
            "ssnamenr": "null",
            "drb": 0.8411219716072083
        },
        {
            "candid": 1141449826015015009,
            "jd": 2458895.9498264,
            "ra": 165.2253195,
            "dec": 57.7759949,
            "fid": 2,
            "nid": 1141,
            "magpsf": 19.01059913635254,
            "sigmapsf": 0.14332599937915802,
            "magnr": 16.49799919128418,
            "sigmagnr": 0.05400000140070915,
            "magzpsci": 26.1156005859375,
            "isdiffpos": "t",
            "ssdistnr": -999.0,
            "ssnamenr": "null",
            "drb": 0.6890820264816284
        },
        {
            "candid": 1142297694815015029,
            "jd": 2458896.7976968,
            "ra": 165.2252091,
            "dec": 57.7759642,
            "fid": 2,
            "nid": 1142,
            "magpsf": 18.70490074157715,
            "sigmapsf": 0.1350329965353012,
            "magnr": 16.540000915527344,
            "sigmagnr": 0.06400000303983688,
            "magzpsci": 26.052900314331055,
            "isdiffpos": "t",
            "ssdistnr": -999.0,
            "ssnamenr": "null",
            "drb": 0.6611800193786621
        },
        {
            "candid": 1142298616015015012,
            "jd": 2458896.7986111,
            "ra": 165.2252612,
            "dec": 57.7759532,
            "fid": 2,
            "nid": 1142,
            "magpsf": 18.86840057373047,
            "sigmapsf": 0.09949100017547607,
            "magnr": 16.49799919128418,
            "sigmagnr": 0.05400000140070915,
            "magzpsci": 26.132400512695312,
            "isdiffpos": "t",
            "ssdistnr": -999.0,
            "ssnamenr": "null",
            "drb": 0.8904269933700562
        },
        {
            "candid": 1142301436015015007,
            "jd": 2458896.8014352,
            "ra": 165.2252375,
            "dec": 57.7760146,
            "fid": 2,
            "nid": 1142,
            "magpsf": 19.077800750732422,
            "sigmapsf": 0.13079899549484253,
            "magnr": 16.49799919128418,
            "sigmagnr": 0.05400000140070915,
            "magzpsci": 26.130800247192383,
            "isdiffpos": "t",
            "ssdistnr": -999.0,
            "ssnamenr": "null",
            "drb": 0.6406980156898499
        },
        {
            "candid": 1142302344815015006,
            "jd": 2458896.8023495,
            "ra": 165.2251835,
            "dec": 57.7760136,
            "fid": 2,
            "nid": 1142,
            "magpsf": 18.701499938964844,
            "sigmapsf": 0.11001899838447571,
            "magnr": 16.540000915527344,
            "sigmagnr": 0.06400000303983688,
            "magzpsci": 26.047500610351562,
            "isdiffpos": "t",
            "ssdistnr": -999.0,
            "ssnamenr": "null",
            "drb": 0.9728010296821594
        },
        {
            "candid": 1144368346015015011,
            "jd": 2458898.8683449,
            "ra": 165.2253003,
            "dec": 57.7760272,
            "fid": 2,
            "nid": 1144,
            "magpsf": 18.80470085144043,
            "sigmapsf": 0.12987199425697327,
            "magnr": 16.49799919128418,
            "sigmagnr": 0.05400000140070915,
            "magzpsci": 26.125699996948242,
            "isdiffpos": "t",
            "ssdistnr": -999.0,
            "ssnamenr": "-999.0",
            "drb": null
        },
        {
            "candid": 1145284584815015014,
            "jd": 2458899.7845833,
            "ra": 165.2252583,
            "dec": 57.7759743,
            "fid": 2,
            "nid": 1145,
            "magpsf": 18.593700408935547,
            "sigmapsf": 0.10103099793195724,
            "magnr": 16.540000915527344,
            "sigmagnr": 0.06400000303983688,
            "magzpsci": 26.053699493408203,
            "isdiffpos": "t",
            "ssdistnr": -999.0,
            "ssnamenr": "-999.0",
            "drb": null
        },
        {
            "candid": 1145324254815015022,
            "jd": 2458899.8242593,
            "ra": 165.2252527,
            "dec": 57.7760039,
            "fid": 2,
            "nid": 1145,
            "magpsf": 18.6210994720459,
            "sigmapsf": 0.09411200135946274,
            "magnr": 16.540000915527344,
            "sigmagnr": 0.06400000303983688,
            "magzpsci": 26.043100357055664,
            "isdiffpos": "t",
            "ssdistnr": -999.0,
            "ssnamenr": "-999.0",
            "drb": null
        },
        {
            "candid": 1145342336015015009,
            "jd": 2458899.842338,
            "ra": 165.2252853,
            "dec": 57.7760008,
            "fid": 2,
            "nid": 1145,
            "magpsf": 18.710599899291992,
            "sigmapsf": 0.08863399922847748,
            "magnr": 16.49799919128418,
            "sigmagnr": 0.05400000140070915,
            "magzpsci": 26.123600006103516,
            "isdiffpos": "t",
            "ssdistnr": -999.0,
            "ssnamenr": "-999.0",
            "drb": null
        },
        {
            "candid": 1145362524815015020,
            "jd": 2458899.8625231,
            "ra": 165.2253008,
            "dec": 57.7759854,
            "fid": 1,
            "nid": 1145,
            "magpsf": 18.800199508666992,
            "sigmapsf": 0.11270199716091156,
            "magnr": 17.500999450683594,
            "sigmagnr": 0.0560000017285347,
            "magzpsci": 26.15519905090332,
            "isdiffpos": "t",
            "ssdistnr": -999.0,
            "ssnamenr": "-999.0",
            "drb": null
        },
        {
            "candid": 1146263796015015009,
            "jd": 2458900.7637963,
            "ra": 165.225301,
            "dec": 57.7760145,
            "fid": 2,
            "nid": 1146,
            "magpsf": 18.768400192260742,
            "sigmapsf": 0.12084399908781052,
            "magnr": 16.49799919128418,
            "sigmagnr": 0.05400000140070915,
            "magzpsci": 26.11639976501465,
            "isdiffpos": "t",
            "ssdistnr": -999.0,
            "ssnamenr": "null",
            "drb": 0.7219460010528564
        },
        {
            "candid": 1149316344815015027,
            "jd": 2458903.8163426,
            "ra": 165.2253071,
            "dec": 57.7759754,
            "fid": 1,
            "nid": 1149,
            "magpsf": 18.94860076904297,
            "sigmapsf": 0.11944799870252609,
            "magnr": 17.500999450683594,
            "sigmagnr": 0.0560000017285347,
            "magzpsci": 26.143600463867188,
            "isdiffpos": "t",
            "ssdistnr": -999.0,
            "ssnamenr": "-999.0",
            "drb": null
        },
        {
            "candid": 1149332014815015025,
            "jd": 2458903.8320139,
            "ra": 165.2252658,
            "dec": 57.7760176,
            "fid": 1,
            "nid": 1149,
            "magpsf": 18.981399536132812,
            "sigmapsf": 0.09950099885463715,
            "magnr": 17.500999450683594,
            "sigmagnr": 0.0560000017285347,
            "magzpsci": 26.135400772094727,
            "isdiffpos": "t",
            "ssdistnr": -999.0,
            "ssnamenr": "-999.0",
            "drb": null
        },
        {
            "candid": 1149387744815015013,
            "jd": 2458903.8877431,
            "ra": 165.2253353,
            "dec": 57.7759682,
            "fid": 2,
            "nid": 1149,
            "magpsf": 18.554000854492188,
            "sigmapsf": 0.10909699648618698,
            "magnr": 16.540000915527344,
            "sigmagnr": 0.06400000303983688,
            "magzpsci": 26.041000366210938,
            "isdiffpos": "t",
            "ssdistnr": -999.0,
            "ssnamenr": "null",
            "drb": 0.8568130135536194
        },
        {
            "candid": 1149389136015015016,
            "jd": 2458903.8891319,
            "ra": 165.2252996,
            "dec": 57.7759932,
            "fid": 2,
            "nid": 1149,
            "magpsf": 18.780899047851562,
            "sigmapsf": 0.10142499953508377,
            "magnr": 16.49799919128418,
            "sigmagnr": 0.05400000140070915,
            "magzpsci": 26.114900588989258,
            "isdiffpos": "t",
            "ssdistnr": -999.0,
            "ssnamenr": "null",
            "drb": 0.861407995223999
        },
        {
            "candid": 1151238216015015008,
            "jd": 2458905.7382176,
            "ra": 165.2253452,
            "dec": 57.7759682,
            "fid": 2,
            "nid": 1151,
            "magpsf": 18.64929962158203,
            "sigmapsf": 0.11479900032281876,
            "magnr": 16.49799919128418,
            "sigmagnr": 0.05400000140070915,
            "magzpsci": 26.106300354003906,
            "isdiffpos": "t",
            "ssdistnr": -999.0,
            "ssnamenr": "null",
            "drb": 0.9204710125923157
        },
        {
            "candid": 1152241234815025012,
            "jd": 2458906.7412384,
            "ra": 165.2252522,
            "dec": 57.7759759,
            "fid": 2,
            "nid": 1152,
            "magpsf": 18.68470001220703,
            "sigmapsf": 0.10204499959945679,
            "magnr": 16.540000915527344,
            "sigmagnr": 0.06400000303983688,
            "magzpsci": 26.036699295043945,
            "isdiffpos": "t",
            "ssdistnr": -999.0,
            "ssnamenr": "-999.0",
            "drb": null
        },
        {
            "candid": 1152242606015025003,
            "jd": 2458906.7426042,
            "ra": 165.2252536,
            "dec": 57.7759685,
            "fid": 2,
            "nid": 1152,
            "magpsf": 18.634000778198242,
            "sigmapsf": 0.11423599720001221,
            "magnr": 16.49799919128418,
            "sigmagnr": 0.05400000140070915,
            "magzpsci": 26.113000869750977,
            "isdiffpos": "t",
            "ssdistnr": -999.0,
            "ssnamenr": "-999.0",
            "drb": null
        },
        {
            "candid": 1152303294815025021,
            "jd": 2458906.8032986,
            "ra": 165.2252351,
            "dec": 57.7759851,
            "fid": 1,
            "nid": 1152,
            "magpsf": 19.32379913330078,
            "sigmapsf": 0.11713899672031403,
            "magnr": 17.500999450683594,
            "sigmagnr": 0.0560000017285347,
            "magzpsci": 26.161800384521484,
            "isdiffpos": "t",
            "ssdistnr": -999.0,
            "ssnamenr": "-999.0",
            "drb": null
        },
        {
            "candid": 1155322786015015005,
            "jd": 2458909.8227894,
            "ra": 165.2252613,
            "dec": 57.7760203,
            "fid": 2,
            "nid": 1155,
            "magpsf": 18.898099899291992,
            "sigmapsf": 0.1465039998292923,
            "magnr": 16.49799919128418,
            "sigmagnr": 0.05400000140070915,
            "magzpsci": 26.113100051879883,
            "isdiffpos": "t",
            "ssdistnr": -999.0,
            "ssnamenr": "null",
            "drb": 0.7719529867172241
        },
        {
            "candid": 1158406414815015013,
            "jd": 2458912.906412,
            "ra": 165.2253162,
            "dec": 57.7760026,
            "fid": 2,
            "nid": 1158,
            "magpsf": 18.820499420166016,
            "sigmapsf": 0.13082200288772583,
            "magnr": 16.540000915527344,
            "sigmagnr": 0.06400000303983688,
            "magzpsci": 26.032499313354492,
            "isdiffpos": "t",
            "ssdistnr": -999.0,
            "ssnamenr": "null",
            "drb": 0.9932119846343994
        },
        {
            "candid": 1158408246015015023,
            "jd": 2458912.9082407,
            "ra": 165.2252968,
            "dec": 57.7760309,
            "fid": 2,
            "nid": 1158,
            "magpsf": 19.15850067138672,
            "sigmapsf": 0.15717899799346924,
            "magnr": 16.49799919128418,
            "sigmagnr": 0.05400000140070915,
            "magzpsci": 26.101499557495117,
            "isdiffpos": "t",
            "ssdistnr": -999.0,
            "ssnamenr": "null",
            "drb": 0.9211779832839966
        },
        {
            "candid": 1161363574815015007,
            "jd": 2458915.8635764,
            "ra": 165.2253848,
            "dec": 57.7760293,
            "fid": 2,
            "nid": 1161,
            "magpsf": 19.011999130249023,
            "sigmapsf": 0.18685300648212433,
            "magnr": 16.540000915527344,
            "sigmagnr": 0.06400000303983688,
            "magzpsci": 26.031999588012695,
            "isdiffpos": "t",
            "ssdistnr": -999.0,
            "ssnamenr": "null",
            "drb": 0.9858450293540955
        },
        {
            "jd": 2458863.85972,
            "fid": 2,
            "diffmaglim": 19.979000091552734
        },
        {
            "jd": 2458863.93488,
            "fid": 1,
            "diffmaglim": 20.035999298095703
        },
        {
            "jd": 2458864.82397,
            "fid": 2,
            "diffmaglim": 20.222999572753906
        },
        {
            "jd": 2458864.92331,
            "fid": 1,
            "diffmaglim": 20.292999267578125
        },
        {
            "jd": 2458866.8644,
            "fid": 2,
            "diffmaglim": 20.398000717163086
        },
        {
            "jd": 2458866.91149,
            "fid": 1,
            "diffmaglim": 20.663999557495117
        },
        {
            "jd": 2458867.86641,
            "fid": 2,
            "diffmaglim": 20.2189998626709
        },
        {
            "jd": 2458867.90632,
            "fid": 1,
            "diffmaglim": 20.361000061035156
        },
        {
            "jd": 2458871.81988,
            "fid": 2,
            "diffmaglim": 20.16200065612793
        },
        {
            "jd": 2458871.82641,
            "fid": 2,
            "diffmaglim": 20.176000595092773
        },
        {
            "jd": 2458871.91416,
            "fid": 1,
            "diffmaglim": 20.565000534057617
        },
        {
            "jd": 2458871.91506,
            "fid": 1,
            "diffmaglim": 20.680999755859375
        },
        {
            "jd": 2458871.92847,
            "fid": 1,
            "diffmaglim": 20.601999282836914
        },
        {
            "jd": 2458871.92937,
            "fid": 1,
            "diffmaglim": 20.67300033569336
        },
        {
            "jd": 2458871.99322,
            "fid": 2,
            "diffmaglim": 20.236000061035156
        },
        {
            "jd": 2458871.99642,
            "fid": 2,
            "diffmaglim": 20.15999984741211
        },
        {
            "jd": 2458872.92769,
            "fid": 1,
            "diffmaglim": 20.797000885009766
        },
        {
            "jd": 2458873.79873,
            "fid": 2,
            "diffmaglim": 20.422000885009766
        },
        {
            "jd": 2458873.7992,
            "fid": 2,
            "diffmaglim": 20.325000762939453
        },
        {
            "jd": 2458873.86936,
            "fid": 1,
            "diffmaglim": 20.704999923706055
        },
        {
            "jd": 2458873.89057,
            "fid": 1,
            "diffmaglim": 20.875999450683594
        },
        {
            "jd": 2458874.79473,
            "fid": 2,
            "diffmaglim": 20.166000366210938
        },
        {
            "jd": 2458874.79895,
            "fid": 2,
            "diffmaglim": 20.211999893188477
        },
        {
            "jd": 2458874.82275,
            "fid": 2,
            "diffmaglim": 20.68199920654297
        },
        {
            "jd": 2458874.82529,
            "fid": 2,
            "diffmaglim": 20.701000213623047
        },
        {
            "jd": 2458874.88345,
            "fid": 1,
            "diffmaglim": 20.131999969482422
        },
        {
            "jd": 2458874.88434,
            "fid": 1,
            "diffmaglim": 19.861000061035156
        },
        {
            "jd": 2458874.88753,
            "fid": 1,
            "diffmaglim": 20.42799949645996
        },
        {
            "jd": 2458874.88844,
            "fid": 1,
            "diffmaglim": 19.857999801635742
        },
        {
            "jd": 2458875.80583,
            "fid": 2,
            "diffmaglim": 20.113000869750977
        },
        {
            "jd": 2458875.80631,
            "fid": 2,
            "diffmaglim": 20.239999771118164
        },
        {
            "jd": 2458875.92795,
            "fid": 1,
            "diffmaglim": 20.683000564575195
        },
        {
            "jd": 2458875.93066,
            "fid": 1,
            "diffmaglim": 20.695999145507812
        },
        {
            "jd": 2458876.80425,
            "fid": 2,
            "diffmaglim": 20.243000030517578
        },
        {
            "jd": 2458876.82905,
            "fid": 2,
            "diffmaglim": 20.538999557495117
        },
        {
            "jd": 2458876.88735,
            "fid": 1,
            "diffmaglim": 20.795000076293945
        },
        {
            "jd": 2458876.88784,
            "fid": 1,
            "diffmaglim": 20.829999923706055
        },
        {
            "jd": 2458877.81965,
            "fid": 2,
            "diffmaglim": 20.243999481201172
        },
        {
            "jd": 2458877.82389,
            "fid": 2,
            "diffmaglim": 20.152999877929688
        },
        {
            "jd": 2458877.84661,
            "fid": 2,
            "diffmaglim": 20.150999069213867
        },
        {
            "jd": 2458877.84751,
            "fid": 2,
            "diffmaglim": 20.108999252319336
        },
        {
            "jd": 2458877.88477,
            "fid": 1,
            "diffmaglim": 20.56599998474121
        },
        {
            "jd": 2458877.88566,
            "fid": 1,
            "diffmaglim": 20.55900001525879
        },
        {
            "jd": 2458877.88837,
            "fid": 1,
            "diffmaglim": 20.472999572753906
        },
        {
            "jd": 2458877.88927,
            "fid": 1,
            "diffmaglim": 20.554000854492188
        },
        {
            "jd": 2458878.82547,
            "fid": 2,
            "diffmaglim": 20.038000106811523
        },
        {
            "jd": 2458878.84251,
            "fid": 2,
            "diffmaglim": 20.093000411987305
        },
        {
            "jd": 2458878.89042,
            "fid": 1,
            "diffmaglim": 20.125
        },
        {
            "jd": 2458878.89133,
            "fid": 1,
            "diffmaglim": 20.156999588012695
        },
        {
            "jd": 2458879.76073,
            "fid": 1,
            "diffmaglim": 19.617000579833984
        },
        {
            "jd": 2458879.84119,
            "fid": 2,
            "diffmaglim": 19.763999938964844
        },
        {
            "jd": 2458879.84167,
            "fid": 2,
            "diffmaglim": 19.875
        },
        {
            "jd": 2458879.97178,
            "fid": 1,
            "diffmaglim": 20.062000274658203
        },
        {
            "jd": 2458880.8461,
            "fid": 2,
            "diffmaglim": 20.173999786376953
        },
        {
            "jd": 2458880.84753,
            "fid": 2,
            "diffmaglim": 20.375
        },
        {
            "jd": 2458880.84843,
            "fid": 2,
            "diffmaglim": 20.38599967956543
        },
        {
            "jd": 2458880.8489,
            "fid": 2,
            "diffmaglim": 20.354000091552734
        },
        {
            "jd": 2458880.93006,
            "fid": 1,
            "diffmaglim": 20.715999603271484
        },
        {
            "jd": 2458880.93053,
            "fid": 1,
            "diffmaglim": 20.632999420166016
        },
        {
            "jd": 2458880.93102,
            "fid": 1,
            "diffmaglim": 20.62700080871582
        },
        {
            "jd": 2458880.93149,
            "fid": 1,
            "diffmaglim": 20.707000732421875
        },
        {
            "jd": 2458881.8453,
            "fid": 2,
            "diffmaglim": 20.31999969482422
        },
        {
            "jd": 2458881.86301,
            "fid": 2,
            "diffmaglim": 20.510000228881836
        },
        {
            "jd": 2458881.94816,
            "fid": 1,
            "diffmaglim": 20.79199981689453
        },
        {
            "jd": 2458881.95413,
            "fid": 1,
            "diffmaglim": 20.70800018310547
        },
        {
            "jd": 2458883.77894,
            "fid": 2,
            "diffmaglim": 19.382999420166016
        },
        {
            "jd": 2458883.78144,
            "fid": 2,
            "diffmaglim": 19.38800048828125
        },
        {
            "jd": 2458883.94661,
            "fid": 1,
            "diffmaglim": 20.201000213623047
        },
        {
            "jd": 2458883.95167,
            "fid": 1,
            "diffmaglim": 20.350000381469727
        },
        {
            "jd": 2458883.95215,
            "fid": 1,
            "diffmaglim": 20.166000366210938
        },
        {
            "jd": 2458883.95263,
            "fid": 1,
            "diffmaglim": 20.214000701904297
        },
        {
            "jd": 2458884.01142,
            "fid": 2,
            "diffmaglim": 19.628999710083008
        },
        {
            "jd": 2458884.01233,
            "fid": 2,
            "diffmaglim": 19.733999252319336
        },
        {
            "jd": 2458884.73843,
            "fid": 2,
            "diffmaglim": 19.158000946044922
        },
        {
            "jd": 2458884.78073,
            "fid": 1,
            "diffmaglim": 19.16900062561035
        },
        {
            "jd": 2458884.93293,
            "fid": 1,
            "diffmaglim": 19.91699981689453
        },
        {
            "jd": 2458884.98659,
            "fid": 2,
            "diffmaglim": 19.947999954223633
        },
        {
            "jd": 2458885.72035,
            "fid": 2,
            "diffmaglim": 18.90399932861328
        },
        {
            "jd": 2458885.74006,
            "fid": 2,
            "diffmaglim": 19.18199920654297
        },
        {
            "jd": 2458885.78549,
            "fid": 1,
            "diffmaglim": 18.999000549316406
        },
        {
            "jd": 2458885.80311,
            "fid": 1,
            "diffmaglim": 19.461000442504883
        },
        {
            "jd": 2458886.74257,
            "fid": 1,
            "diffmaglim": 19.292999267578125
        },
        {
            "jd": 2458886.74347,
            "fid": 1,
            "diffmaglim": 19.319000244140625
        },
        {
            "jd": 2458886.7634,
            "fid": 2,
            "diffmaglim": 19.614999771118164
        },
        {
            "jd": 2458886.76444,
            "fid": 2,
            "diffmaglim": 19.56599998474121
        },
        {
            "jd": 2458886.80171,
            "fid": 2,
            "diffmaglim": 19.677000045776367
        },
        {
            "jd": 2458886.80266,
            "fid": 2,
            "diffmaglim": 19.69300079345703
        },
        {
            "jd": 2458886.93152,
            "fid": 1,
            "diffmaglim": 19.624000549316406
        },
        {
            "jd": 2458886.93242,
            "fid": 1,
            "diffmaglim": 19.624000549316406
        },
        {
            "jd": 2458887.74179,
            "fid": 1,
            "diffmaglim": 19.18899917602539
        },
        {
            "jd": 2458887.75815,
            "fid": 1,
            "diffmaglim": 19.22100067138672
        },
        {
            "jd": 2458888.75964,
            "fid": 1,
            "diffmaglim": 18.777000427246094
        },
        {
            "jd": 2458888.80809,
            "fid": 1,
            "diffmaglim": 19.108999252319336
        },
        {
            "jd": 2458888.92381,
            "fid": 2,
            "diffmaglim": 18.92799949645996
        },
        {
            "jd": 2458888.92657,
            "fid": 2,
            "diffmaglim": 19.06599998474121
        },
        {
            "jd": 2458890.76019,
            "fid": 1,
            "diffmaglim": 19.093000411987305
        },
        {
            "jd": 2458890.76569,
            "fid": 1,
            "diffmaglim": 19.143999099731445
        },
        {
            "jd": 2458890.92419,
            "fid": 2,
            "diffmaglim": 19.201000213623047
        },
        {
            "jd": 2458890.92601,
            "fid": 2,
            "diffmaglim": 19.26099967956543
        },
        {
            "jd": 2458890.92692,
            "fid": 2,
            "diffmaglim": 19.1299991607666
        },
        {
            "jd": 2458890.9274,
            "fid": 2,
            "diffmaglim": 19.233999252319336
        },
        {
            "jd": 2458891.01635,
            "fid": 1,
            "diffmaglim": 18.860000610351562
        },
        {
            "jd": 2458891.01822,
            "fid": 1,
            "diffmaglim": 18.88800048828125
        },
        {
            "jd": 2458891.7195,
            "fid": 1,
            "diffmaglim": 19.709999084472656
        },
        {
            "jd": 2458891.72042,
            "fid": 1,
            "diffmaglim": 19.802000045776367
        },
        {
            "jd": 2458891.8258,
            "fid": 2,
            "diffmaglim": 19.913999557495117
        },
        {
            "jd": 2458891.82811,
            "fid": 2,
            "diffmaglim": 19.766000747680664
        },
        {
            "jd": 2458892.6716,
            "fid": 1,
            "diffmaglim": 20.218000411987305
        },
        {
            "jd": 2458892.67569,
            "fid": 1,
            "diffmaglim": 20.131999969482422
        },
        {
            "jd": 2458892.79872,
            "fid": 2,
            "diffmaglim": 19.665000915527344
        },
        {
            "jd": 2458892.80015,
            "fid": 2,
            "diffmaglim": 19.924999237060547
        }
    ],
    "forcedphot": []
}