{
    "objectId": "ZTF20abkiarz",
    "candidates": [
        {
            "candid": 1286384460115015001,
            "jd": 2459040.8844676,
            "ra": 348.086428,
            "dec": 31.1260136,
            "fid": 2,
            "nid": 1286,
            "magpsf": 17.561800003051758,
            "sigmapsf": 0.08122999966144562,
            "magnr": 16.444000244140625,
            "sigmagnr": 0.15399999916553497,
            "magzpsci": 26.229799270629883,
            "isdiffpos": "t",
            "ssdistnr": -999.0,
            "ssnamenr": "null",
            "drb": 0.9884970188140869
        },
        {
            "candid": 1286474660115015003,
            "jd": 2459040.9746644,
            "ra": 348.0864503,
            "dec": 31.1260212,
            "fid": 1,
            "nid": 1286,
            "magpsf": 17.984500885009766,
            "sigmapsf": 0.06092400103807449,
            "magnr": 17.253000259399414,
            "sigmagnr": 0.10400000214576721,
            "magzpsci": 26.34149932861328,
            "isdiffpos": "t",
            "ssdistnr": -999.0,
            "ssnamenr": "null",
            "drb": 0.9882349967956543
        },
        {
            "candid": 1289370170115015006,
            "jd": 2459043.8701736,
            "ra": 348.0864369,
            "dec": 31.1260178,
            "fid": 1,
            "nid": 1289,
            "magpsf": 18.25469970703125,
            "sigmapsf": 0.09145300090312958,
            "magnr": 17.253000259399414,
            "sigmagnr": 0.10400000214576721,
            "magzpsci": 26.262699127197266,
            "isdiffpos": "t",
            "ssdistnr": -999.0,
            "ssnamenr": "null",
            "drb": 0.9813979864120483
        },
        {
            "candid": 1289384140115015000,
            "jd": 2459043.8841435,
            "ra": 348.0864342,
            "dec": 31.1260297,
            "fid": 2,
            "nid": 1289,
            "magpsf": 17.495899200439453,
            "sigmapsf": 0.04526299983263016,
            "magnr": 16.444000244140625,
            "sigmagnr": 0.15399999916553497,
            "magzpsci": 26.208900451660156,
            "isdiffpos": "t",
            "ssdistnr": -999.0,
            "ssnamenr": "null",
            "drb": 0.9959149956703186
        },
        {
            "candid": 1290480270115015001,
            "jd": 2459044.9802778,
            "ra": 348.0864061,
            "dec": 31.125989,
            "fid": 2,
            "nid": 1290,
            "magpsf": 17.429399490356445,
            "sigmapsf": 0.04970800131559372,
            "magnr": 16.444000244140625,
            "sigmagnr": 0.15399999916553497,
            "magzpsci": 26.258399963378906,
            "isdiffpos": "t",
            "ssdistnr": -999.0,
            "ssnamenr": "null",
            "drb": 0.986840009689331
        },
        {
            "candid": 1292372710115015002,
            "jd": 2459046.8727199,
            "ra": 348.0864379,
            "dec": 31.1259985,
            "fid": 1,
            "nid": 1292,
            "magpsf": 18.586000442504883,
            "sigmapsf": 0.11124300211668015,
            "magnr": 17.253000259399414,
            "sigmagnr": 0.10400000214576721,
            "magzpsci": 26.319000244140625,
            "isdiffpos": "t",
            "ssdistnr": -999.0,
            "ssnamenr": "null",
            "drb": 0.8556089997291565
        },
        {
            "candid": 1292402180115015001,
            "jd": 2459046.9021875,
            "ra": 348.0864181,
            "dec": 31.1260322,
            "fid": 2,
            "nid": 1292,
            "magpsf": 17.600200653076172,
            "sigmapsf": 0.06427600234746933,
            "magnr": 16.444000244140625,
            "sigmagnr": 0.15399999916553497,
            "magzpsci": 26.24920082092285,
            "isdiffpos": "t",
            "ssdistnr": -999.0,
            "ssnamenr": "null",
            "drb": 0.9807339906692505
        },
        {
            "candid": 1292458620115015005,
            "jd": 2459046.9586227,
            "ra": 348.0864196,
            "dec": 31.1260138,
            "fid": 2,
            "nid": 1292,
            "magpsf": 17.599899291992188,
            "sigmapsf": 0.04956899955868721,
            "magnr": 16.444000244140625,
            "sigmagnr": 0.15399999916553497,
            "magzpsci": 26.25790023803711,
            "isdiffpos": "t",
            "ssdistnr": -999.0,
            "ssnamenr": "null",
            "drb": 0.9718199968338013
        },
        {
            "candid": 1295407240115015006,
            "jd": 2459049.9072454,
            "ra": 348.0864368,
            "dec": 31.1260235,
            "fid": 2,
            "nid": 1295,
            "magpsf": 17.861099243164062,
            "sigmapsf": 0.0953650027513504,
            "magnr": 16.444000244140625,
            "sigmagnr": 0.15399999916553497,
            "magzpsci": 26.260099411010742,
            "isdiffpos": "t",
            "ssdistnr": -999.0,
            "ssnamenr": "null",
            "drb": 0.9891049861907959
        },
        {
            "jd": 2459013.86103,
            "fid": 2,
            "diffmaglim": 19.823999404907227
        },
        {
            "jd": 2459016.89409,
            "fid": 1,
            "diffmaglim": 18.39699935913086
        },
        {
            "jd": 2459016.96897,
            "fid": 2,
            "diffmaglim": 20.572999954223633
        },
        {
            "jd": 2459019.84497,
            "fid": 1,
            "diffmaglim": 20.41900062561035
        },
        {
            "jd": 2459022.88873,
            "fid": 1,
            "diffmaglim": 20.631000518798828
        },
        {
            "jd": 2459022.97368,
            "fid": 2,
            "diffmaglim": 20.617000579833984
        },
        {
            "jd": 2459025.84589,
            "fid": 1,
            "diffmaglim": 20.565000534057617
        },
        {
            "jd": 2459028.95529,
            "fid": 1,
            "diffmaglim": 20.725000381469727
        },
        {
            "jd": 2459028.95769,
            "fid": 1,
            "diffmaglim": 20.649999618530273
        },
        {
            "jd": 2459028.9765,
            "fid": 2,
            "diffmaglim": 20.400999069213867
        },
        {
            "jd": 2459031.84892,
            "fid": 1,
            "diffmaglim": 19.82699966430664
        },
        {
            "jd": 2459031.94152,
            "fid": 2,
            "diffmaglim": 20.58099937438965
        },
        {
            "jd": 2459032.98118,
            "fid": 1,
            "diffmaglim": 20.32699966430664
        },
        {
            "jd": 2459034.88014,
            "fid": 2,
            "diffmaglim": 19.798999786376953
        },
        {
            "jd": 2459034.96431,
            "fid": 1,
            "diffmaglim": 20.006000518798828
        }
    ],
    "forcedphot": []
}