{
    "objectId": "ZTF21abhrpia",
    "candidates": [
        {
            "candid": 1631435340315015006,
            "jd": 2459385.9353472,
            "ra": 1.6144811,
            "dec": -13.4157853,
            "fid": 1,
            "nid": 1631,
            "magpsf": 18.8966007232666,
            "sigmapsf": 0.1453229933977127,
            "magnr": 17.94499969482422,
            "sigmagnr": 0.09099999815225601,
            "magzpsci": 25.69059944152832,
            "isdiffpos": "t",
            "ssdistnr": null,
            "ssnamenr": null,
            "drb": 0.9999989867210388
        },
        {
            "candid": 1636444840315015006,
            "jd": 2459390.9448495,
            "ra": 1.6145097,
            "dec": -13.4158195,
            "fid": 1,
            "nid": 1636,
            "magpsf": 18.75119972229004,
            "sigmapsf": 0.18419800698757172,
            "magnr": 17.94499969482422,
            "sigmagnr": 0.09099999815225601,
            "magzpsci": 25.94420051574707,
            "isdiffpos": "t",
            "ssdistnr": null,
            "ssnamenr": null,
            "drb": null
        },
        {
            "candid": 1638452181415015006,
            "jd": 2459392.9521875,
            "ra": 1.6144679,
            "dec": -13.4159049,
            "fid": 1,
            "nid": 1638,
            "magpsf": 18.70709991455078,
            "sigmapsf": 0.17368799448013306,
            "magnr": 17.847999572753906,
            "sigmagnr": 0.11900000274181366,
            "magzpsci": 25.942100524902344,
            "isdiffpos": "t",
            "ssdistnr": null,
            "ssnamenr": null,
            "drb": null
        },
        {
            "candid": 1638452660315025013,
            "jd": 2459392.952662,
            "ra": 1.6144468,
            "dec": -13.4158376,
            "fid": 1,
            "nid": 1638,
            "magpsf": 18.776399612426758,
            "sigmapsf": 0.21754099428653717,
            "magnr": 17.94499969482422,
            "sigmagnr": 0.09099999815225601,
            "magzpsci": 25.94339942932129,
            "isdiffpos": "t",
            "ssdistnr": null,
            "ssnamenr": null,
            "drb": null
        },
        {
            "candid": 1643456820315015014,
            "jd": 2459397.9568287,
            "ra": 1.6144508,
            "dec": -13.4159231,
            "fid": 1,
            "nid": 1643,
            "magpsf": 19.351299285888672,
            "sigmapsf": 0.18241600692272186,
            "magnr": 17.94499969482422,
            "sigmagnr": 0.09099999815225601,
            "magzpsci": 25.91230010986328,
            "isdiffpos": "t",
            "ssdistnr": null,
            "ssnamenr": null,
            "drb": null
        },
        {
            "candid": 1645423951415015007,
            "jd": 2459399.9239583,
            "ra": 1.6144559,
            "dec": -13.4159543,
            "fid": 1,
            "nid": 1645,
            "magpsf": 19.566299438476562,
            "sigmapsf": 0.1891539990901947,
            "magnr": 17.847999572753906,
            "sigmagnr": 0.11900000274181366,
            "magzpsci": 25.864299774169922,
            "isdiffpos": "t",
            "ssdistnr": null,
            "ssnamenr": null,
            "drb": null
        },
        {
            "candid": 1671422261415015004,
            "jd": 2459425.9222685,
            "ra": 1.6146305,
            "dec": -13.4159347,
            "fid": 1,
            "nid": 1671,
            "magpsf": 19.538999557495117,
            "sigmapsf": 0.26096299290657043,
            "magnr": 17.847999572753906,
            "sigmagnr": 0.11900000274181366,
            "magzpsci": 25.886999130249023,
            "isdiffpos": "t",
            "ssdistnr": null,
            "ssnamenr": null,
            "drb": null
        },
        {
            "candid": 1674454941415015006,
            "jd": 2459428.9549421,
            "ra": 1.6144687,
            "dec": -13.4157597,
            "fid": 1,
            "nid": 1674,
            "magpsf": 19.712299346923828,
            "sigmapsf": 0.15333400666713715,
            "magnr": 17.847999572753906,
            "sigmagnr": 0.11900000274181366,
            "magzpsci": 26.033300399780273,
            "isdiffpos": "t",
            "ssdistnr": null,
            "ssnamenr": null,
            "drb": null
        },
        {
            "candid": 1676462221415015016,
            "jd": 2459430.9622222,
            "ra": 1.6144676,
            "dec": -13.4158116,
            "fid": 1,
            "nid": 1676,
            "magpsf": 19.587400436401367,
            "sigmapsf": 0.15080800652503967,
            "magnr": 17.847999572753906,
            "sigmagnr": 0.11900000274181366,
            "magzpsci": 26.050399780273438,
            "isdiffpos": "t",
            "ssdistnr": null,
            "ssnamenr": null,
            "drb": null
        },
        {
            "candid": 1680421110315015010,
            "jd": 2459434.9211111,
            "ra": 1.6145523,
            "dec": -13.4158048,
            "fid": 1,
            "nid": 1680,
            "magpsf": 19.801000595092773,
            "sigmapsf": 0.1530739963054657,
            "magnr": 17.94499969482422,
            "sigmagnr": 0.09099999815225601,
            "magzpsci": 26.02199935913086,
            "isdiffpos": "t",
            "ssdistnr": null,
            "ssnamenr": null,
            "drb": null
        },
        {
            "candid": 1682421120315015012,
            "jd": 2459436.9211227,
            "ra": 1.6145024,
            "dec": -13.4158181,
            "fid": 1,
            "nid": 1682,
            "magpsf": 19.695270538330078,
            "sigmapsf": 0.17313699424266815,
            "magnr": 17.94499969482422,
            "sigmagnr": 0.09099999815225601,
            "magzpsci": 25.90427017211914,
            "isdiffpos": "t",
            "ssdistnr": -999.0,
            "ssnamenr": "null",
            "drb": null
        },
        {
            "jd": 2459392.9292824,
            "fid": 2,
            "diffmaglim": 18.621400833129883
        },
        {
            "jd": 2459392.9302315,
            "fid": 2,
            "diffmaglim": 18.691600799560547
        },
        {
            "jd": 2459397.8999537,
            "fid": 2,
            "diffmaglim": 19.391700744628906
        },
        {
            "jd": 2459400.9154514,
            "fid": 1,
            "diffmaglim": 19.87700080871582
        },
        {
            "jd": 2459400.9549769,
            "fid": 2,
            "diffmaglim": 20.029600143432617
        },
        {
            "jd": 2459402.9370602,
            "fid": 2,
            "diffmaglim": 19.808399200439453
        },
        {
            "jd": 2459402.9576968,
            "fid": 1,
            "diffmaglim": 20.098499298095703
        },
        {
            "jd": 2459402.9597338,
            "fid": 1,
            "diffmaglim": 20.014999389648438
        },
        {
            "jd": 2459404.945162,
            "fid": 2,
            "diffmaglim": 19.753000259399414
        },
        {
            "jd": 2459405.9366667,
            "fid": 2,
            "diffmaglim": 20.130699157714844
        },
        {
            "jd": 2459406.9591551,
            "fid": 2,
            "diffmaglim": 19.97610092163086
        },
        {
            "jd": 2459408.9577894,
            "fid": 2,
            "diffmaglim": 18.666500091552734
        },
        {
            "jd": 2459408.9607407,
            "fid": 1,
            "diffmaglim": 19.076900482177734
        },
        {
            "jd": 2459410.9595833,
            "fid": 1,
            "diffmaglim": 19.888500213623047
        },
        {
            "jd": 2459411.9604051,
            "fid": 2,
            "diffmaglim": 20.063499450683594
        },
        {
            "jd": 2459414.9591898,
            "fid": 2,
            "diffmaglim": 20.316299438476562
        },
        {
            "jd": 2459414.9928588,
            "fid": 2,
            "diffmaglim": 20.001399993896484
        },
        {
            "jd": 2459417.9190972,
            "fid": 1,
            "diffmaglim": 19.221200942993164
        },
        {
            "jd": 2459417.9195718,
            "fid": 1,
            "diffmaglim": 19.097900390625
        },
        {
            "jd": 2459417.9396759,
            "fid": 2,
            "diffmaglim": 18.444299697875977
        },
        {
            "jd": 2459417.9401505,
            "fid": 2,
            "diffmaglim": 18.533899307250977
        },
        {
            "jd": 2459419.9184491,
            "fid": 1,
            "diffmaglim": 17.89859962463379
        },
        {
            "jd": 2459419.9591667,
            "fid": 2,
            "diffmaglim": 18.12619972229004
        },
        {
            "jd": 2459425.9194097,
            "fid": 1,
            "diffmaglim": 19.402700424194336
        },
        {
            "jd": 2459425.9667245,
            "fid": 2,
            "diffmaglim": 16.58650016784668
        },
        {
            "jd": 2459428.9613773,
            "fid": 2,
            "diffmaglim": 20.214000701904297
        },
        {
            "jd": 2459428.9652662,
            "fid": 2,
            "diffmaglim": 20.210100173950195
        },
        {
            "jd": 2459434.873669,
            "fid": 2,
            "diffmaglim": 20.427499771118164
        },
        {
            "jd": 2459435.9184606,
            "fid": 1,
            "diffmaglim": 20.32390022277832
        },
        {
            "jd": 2459436.8776157,
            "fid": 2,
            "diffmaglim": 20.229400634765625
        }
    ],
    "forcedphot": []
}