{
    "objectId": "ZTF22aaafkvn",
    "candidates": [
        {
            "candid": 1868266950015015005,
            "jd": 2459622.766956,
            "ra": 144.2174316,
            "dec": 37.6941493,
            "fid": 1,
            "nid": 1868,
            "magpsf": 17.684200286865234,
            "sigmapsf": 0.05194000154733658,
            "magnr": 17.860000610351562,
            "sigmagnr": 0.07999999821186066,
            "magzpsci": 26.28219985961914,
            "isdiffpos": "t",
            "ssdistnr": null,
            "ssnamenr": null,
            "drb": 1.0
        },
        {
            "candid": 1868488710015015003,
            "jd": 2459622.9887153,
            "ra": 144.2174943,
            "dec": 37.6941145,
            "fid": 2,
            "nid": 1868,
            "magpsf": 17.27910041809082,
            "sigmapsf": 0.050964999943971634,
            "magnr": 17.465999603271484,
            "sigmagnr": 0.10599999874830246,
            "magzpsci": 26.146099090576172,
            "isdiffpos": "t",
            "ssdistnr": null,
            "ssnamenr": null,
            "drb": null
        },
        {
            "candid": 1870263320015015006,
            "jd": 2459624.7633218,
            "ra": 144.2174719,
            "dec": 37.6941783,
            "fid": 1,
            "nid": 1870,
            "magpsf": 17.632299423217773,
            "sigmapsf": 0.05732500180602074,
            "magnr": 17.860000610351562,
            "sigmagnr": 0.07999999821186066,
            "magzpsci": 26.277299880981445,
            "isdiffpos": "t",
            "ssdistnr": null,
            "ssnamenr": null,
            "drb": null
        },
        {
            "candid": 1870366750015015002,
            "jd": 2459624.8667593,
            "ra": 144.2174689,
            "dec": 37.6941766,
            "fid": 2,
            "nid": 1870,
            "magpsf": 17.16080093383789,
            "sigmapsf": 0.0426350012421608,
            "magnr": 17.465999603271484,
            "sigmagnr": 0.10599999874830246,
            "magzpsci": 26.174800872802734,
            "isdiffpos": "t",
            "ssdistnr": null,
            "ssnamenr": null,
            "drb": null
        },
        {
            "candid": 1873366580015015014,
            "jd": 2459627.8665856,
            "ra": 144.2174709,
            "dec": 37.6941536,
            "fid": 2,
            "nid": 1873,
            "magpsf": 17.08769989013672,
            "sigmapsf": 0.04529400169849396,
            "magnr": 17.465999603271484,
            "sigmagnr": 0.10599999874830246,
            "magzpsci": 26.1476993560791,
            "isdiffpos": "t",
            "ssdistnr": null,
            "ssnamenr": null,
            "drb": null
        },
        {
            "candid": 1873445680015015007,
            "jd": 2459627.9456829,
            "ra": 144.2174151,
            "dec": 37.6939099,
            "fid": 1,
            "nid": 1873,
            "magpsf": 17.672300338745117,
            "sigmapsf": 0.1161620020866394,
            "magnr": 17.860000610351562,
            "sigmagnr": 0.07999999821186066,
            "magzpsci": 26.205299377441406,
            "isdiffpos": "t",
            "ssdistnr": null,
            "ssnamenr": null,
            "drb": null
        },
        {
            "candid": 1875344090015015004,
            "jd": 2459629.8440972,
            "ra": 144.2174674,
            "dec": 37.6941517,
            "fid": 2,
            "nid": 1875,
            "magpsf": 17.128400802612305,
            "sigmapsf": 0.039305999875068665,
            "magnr": 17.465999603271484,
            "sigmagnr": 0.10599999874830246,
            "magzpsci": 26.1914005279541,
            "isdiffpos": "t",
            "ssdistnr": null,
            "ssnamenr": null,
            "drb": null
        },
        {
            "candid": 1875391270015015005,
            "jd": 2459629.8912731,
            "ra": 144.2174642,
            "dec": 37.6941511,
            "fid": 1,
            "nid": 1875,
            "magpsf": 17.76609992980957,
            "sigmapsf": 0.07090800255537033,
            "magnr": 17.860000610351562,
            "sigmagnr": 0.07999999821186066,
            "magzpsci": 26.273099899291992,
            "isdiffpos": "t",
            "ssdistnr": null,
            "ssnamenr": null,
            "drb": null
        },
        {
            "candid": 1882225490015015013,
            "jd": 2459636.7254977,
            "ra": 144.2174598,
            "dec": 37.694168,
            "fid": 1,
            "nid": 1882,
            "magpsf": 18.345800399780273,
            "sigmapsf": 0.043345000594854355,
            "magnr": 17.860000610351562,
            "sigmagnr": 0.07999999821186066,
            "magzpsci": 26.280799865722656,
            "isdiffpos": "t",
            "ssdistnr": null,
            "ssnamenr": null,
            "drb": null
        },
        {
            "candid": 1882350430015015010,
            "jd": 2459636.8504398,
            "ra": 144.2174602,
            "dec": 37.6941646,
            "fid": 2,
            "nid": 1882,
            "magpsf": 17.309200286865234,
            "sigmapsf": 0.03150799870491028,
            "magnr": 17.465999603271484,
            "sigmagnr": 0.10599999874830246,
            "magzpsci": 26.173200607299805,
            "isdiffpos": "t",
            "ssdistnr": null,
            "ssnamenr": null,
            "drb": null
        },
        {
            "candid": 1884363720015015005,
            "jd": 2459638.8637269,
            "ra": 144.2174427,
            "dec": 37.6940697,
            "fid": 1,
            "nid": 1884,
            "magpsf": 18.388200759887695,
            "sigmapsf": 0.17889200150966644,
            "magnr": 17.860000610351562,
            "sigmagnr": 0.07999999821186066,
            "magzpsci": 25.165199279785156,
            "isdiffpos": "t",
            "ssdistnr": null,
            "ssnamenr": null,
            "drb": null
        },
        {
            "candid": 1886265790015015018,
            "jd": 2459640.7657986,
            "ra": 144.2174636,
            "dec": 37.6941667,
            "fid": 2,
            "nid": 1886,
            "magpsf": 17.523700714111328,
            "sigmapsf": 0.040679000318050385,
            "magnr": 17.465999603271484,
            "sigmagnr": 0.10599999874830246,
            "magzpsci": 26.20669937133789,
            "isdiffpos": "t",
            "ssdistnr": null,
            "ssnamenr": null,
            "drb": null
        },
        {
            "candid": 1886350110015015016,
            "jd": 2459640.8501157,
            "ra": 144.2174467,
            "dec": 37.6941597,
            "fid": 1,
            "nid": 1886,
            "magpsf": 18.585309982299805,
            "sigmapsf": 0.06195700168609619,
            "magnr": 17.860000610351562,
            "sigmagnr": 0.07999999821186066,
            "magzpsci": 26.278310775756836,
            "isdiffpos": "t",
            "ssdistnr": -999.0,
            "ssnamenr": "null",
            "drb": null
        },
        {
            "candid": 1917330270015015006,
            "jd": 2459671.8302778,
            "ra": 144.2174729,
            "dec": 37.6941483,
            "fid": 2,
            "nid": 1917,
            "magpsf": 18.594200134277344,
            "sigmapsf": 0.06519199907779694,
            "magnr": 17.465999603271484,
            "sigmagnr": 0.10599999874830246,
            "magzpsci": 26.136199951171875,
            "isdiffpos": "t",
            "ssdistnr": null,
            "ssnamenr": null,
            "drb": 0.9998109936714172
        },
        {
            "candid": 1917330270015025006,
            "jd": 2459671.8302778,
            "ra": 144.2174729,
            "dec": 37.6941479,
            "fid": 2,
            "nid": 1917,
            "magpsf": 18.59670066833496,
            "sigmapsf": 0.06530900299549103,
            "magnr": 17.465999603271484,
            "sigmagnr": 0.10599999874830246,
            "magzpsci": 26.135700225830078,
            "isdiffpos": "t",
            "ssdistnr": null,
            "ssnamenr": null,
            "drb": null
        },
        {
            "candid": 1917407150015015010,
            "jd": 2459671.9071528,
            "ra": 144.2174848,
            "dec": 37.6941915,
            "fid": 1,
            "nid": 1917,
            "magpsf": 19.55229949951172,
            "sigmapsf": 0.12587900459766388,
            "magnr": 17.860000610351562,
            "sigmagnr": 0.07999999821186066,
            "magzpsci": 26.091299057006836,
            "isdiffpos": "t",
            "ssdistnr": null,
            "ssnamenr": null,
            "drb": null
        },
        {
            "candid": 1917407150015025004,
            "jd": 2459671.9071528,
            "ra": 144.2174885,
            "dec": 37.6941909,
            "fid": 1,
            "nid": 1917,
            "magpsf": 19.581600189208984,
            "sigmapsf": 0.1398410052061081,
            "magnr": 17.860000610351562,
            "sigmagnr": 0.07999999821186066,
            "magzpsci": 26.085599899291992,
            "isdiffpos": "t",
            "ssdistnr": null,
            "ssnamenr": null,
            "drb": null
        },
        {
            "candid": 1920308760015015012,
            "jd": 2459674.8087616,
            "ra": 144.2174762,
            "dec": 37.6941675,
            "fid": 2,
            "nid": 1920,
            "magpsf": 18.63290023803711,
            "sigmapsf": 0.07221700251102448,
            "magnr": 17.465999603271484,
            "sigmagnr": 0.10599999874830246,
            "magzpsci": 26.123899459838867,
            "isdiffpos": "t",
            "ssdistnr": null,
            "ssnamenr": null,
            "drb": null
        },
        {
            "candid": 1920366330015015005,
            "jd": 2459674.866331,
            "ra": 144.2175568,
            "dec": 37.6941571,
            "fid": 1,
            "nid": 1920,
            "magpsf": 19.810300827026367,
            "sigmapsf": 0.1752219945192337,
            "magnr": 17.860000610351562,
            "sigmagnr": 0.07999999821186066,
            "magzpsci": 26.14229965209961,
            "isdiffpos": "t",
            "ssdistnr": null,
            "ssnamenr": null,
            "drb": null
        },
        {
            "candid": 1922174740015015005,
            "jd": 2459676.6747454,
            "ra": 144.2175138,
            "dec": 37.6941267,
            "fid": 2,
            "nid": 1922,
            "magpsf": 18.663000106811523,
            "sigmapsf": 0.08099299669265747,
            "magnr": 17.465999603271484,
            "sigmagnr": 0.10599999874830246,
            "magzpsci": 26.134000778198242,
            "isdiffpos": "t",
            "ssdistnr": null,
            "ssnamenr": null,
            "drb": null
        },
        {
            "candid": 1924238470015015008,
            "jd": 2459678.7384722,
            "ra": 144.2174741,
            "dec": 37.6941817,
            "fid": 2,
            "nid": 1924,
            "magpsf": 18.85650062561035,
            "sigmapsf": 0.08815299719572067,
            "magnr": 17.465999603271484,
            "sigmagnr": 0.10599999874830246,
            "magzpsci": 26.10849952697754,
            "isdiffpos": "t",
            "ssdistnr": null,
            "ssnamenr": null,
            "drb": null
        },
        {
            "candid": 1928202110015015007,
            "jd": 2459682.7021181,
            "ra": 144.2175463,
            "dec": 37.694158,
            "fid": 1,
            "nid": 1928,
            "magpsf": 19.73240089416504,
            "sigmapsf": 0.2424210011959076,
            "magnr": 17.860000610351562,
            "sigmagnr": 0.07999999821186066,
            "magzpsci": 26.265399932861328,
            "isdiffpos": "t",
            "ssdistnr": null,
            "ssnamenr": null,
            "drb": null
        },
        {
            "candid": 1928288400015015004,
            "jd": 2459682.7884028,
            "ra": 144.2174892,
            "dec": 37.6941508,
            "fid": 2,
            "nid": 1928,
            "magpsf": 18.799699783325195,
            "sigmapsf": 0.10868000239133835,
            "magnr": 17.465999603271484,
            "sigmagnr": 0.10599999874830246,
            "magzpsci": 26.128700256347656,
            "isdiffpos": "t",
            "ssdistnr": null,
            "ssnamenr": null,
            "drb": null
        },
        {
            "candid": 1930245130015015014,
            "jd": 2459684.7451389,
            "ra": 144.2174987,
            "dec": 37.6942063,
            "fid": 2,
            "nid": 1930,
            "magpsf": 18.884199142456055,
            "sigmapsf": 0.11163800209760666,
            "magnr": 17.465999603271484,
            "sigmagnr": 0.10599999874830246,
            "magzpsci": 26.153200149536133,
            "isdiffpos": "t",
            "ssdistnr": null,
            "ssnamenr": null,
            "drb": null
        },
        {
            "candid": 1933349720015015019,
            "jd": 2459687.8497222,
            "ra": 144.2174391,
            "dec": 37.6941442,
            "fid": 2,
            "nid": 1933,
            "magpsf": 19.013099670410156,
            "sigmapsf": 0.1735129952430725,
            "magnr": 17.465999603271484,
            "sigmagnr": 0.10599999874830246,
            "magzpsci": 26.0221004486084,
            "isdiffpos": "t",
            "ssdistnr": null,
            "ssnamenr": null,
            "drb": null
        },
        {
            "candid": 1935172210015015010,
            "jd": 2459689.6722106,
            "ra": 144.2175773,
            "dec": 37.6941257,
            "fid": 2,
            "nid": 1935,
            "magpsf": 18.968299865722656,
            "sigmapsf": 0.1403539925813675,
            "magnr": 17.465999603271484,
            "sigmagnr": 0.10599999874830246,
            "magzpsci": 26.09630012512207,
            "isdiffpos": "t",
            "ssdistnr": null,
            "ssnamenr": null,
            "drb": null
        },
        {
            "candid": 1939226480015015006,
            "jd": 2459693.7264815,
            "ra": 144.2173602,
            "dec": 37.6942184,
            "fid": 1,
            "nid": 1939,
            "magpsf": 19.79759979248047,
            "sigmapsf": 0.13585300743579865,
            "magnr": 17.860000610351562,
            "sigmagnr": 0.07999999821186066,
            "magzpsci": 26.19059944152832,
            "isdiffpos": "t",
            "ssdistnr": null,
            "ssnamenr": null,
            "drb": null
        },
        {
            "candid": 1941198930015015017,
            "jd": 2459695.6989352,
            "ra": 144.217487,
            "dec": 37.6941743,
            "fid": 2,
            "nid": 1941,
            "magpsf": 19.024599075317383,
            "sigmapsf": 0.11069899797439575,
            "magnr": 17.465999603271484,
            "sigmagnr": 0.10599999874830246,
            "magzpsci": 26.04560089111328,
            "isdiffpos": "t",
            "ssdistnr": null,
            "ssnamenr": null,
            "drb": null
        },
        {
            "candid": 1943181090015015025,
            "jd": 2459697.6810995,
            "ra": 144.2174516,
            "dec": 37.6941851,
            "fid": 2,
            "nid": 1943,
            "magpsf": 19.059600830078125,
            "sigmapsf": 0.08786699920892715,
            "magnr": 17.465999603271484,
            "sigmagnr": 0.10599999874830246,
            "magzpsci": 26.088600158691406,
            "isdiffpos": "t",
            "ssdistnr": null,
            "ssnamenr": null,
            "drb": null
        },
        {
            "candid": 1943201870015015010,
            "jd": 2459697.701875,
            "ra": 144.217408,
            "dec": 37.694191,
            "fid": 1,
            "nid": 1943,
            "magpsf": 20.14349937438965,
            "sigmapsf": 0.1429779976606369,
            "magnr": 17.860000610351562,
            "sigmagnr": 0.07999999821186066,
            "magzpsci": 26.279499053955078,
            "isdiffpos": "t",
            "ssdistnr": null,
            "ssnamenr": null,
            "drb": null
        },
        {
            "candid": 1945176700015015010,
            "jd": 2459699.6767014,
            "ra": 144.2174768,
            "dec": 37.6941729,
            "fid": 2,
            "nid": 1945,
            "magpsf": 19.256900787353516,
            "sigmapsf": 0.11307600140571594,
            "magnr": 17.465999603271484,
            "sigmagnr": 0.10599999874830246,
            "magzpsci": 26.092899322509766,
            "isdiffpos": "t",
            "ssdistnr": null,
            "ssnamenr": null,
            "drb": null
        },
        {
            "candid": 1945207610015015012,
            "jd": 2459699.7076157,
            "ra": 144.2174421,
            "dec": 37.6942047,
            "fid": 1,
            "nid": 1945,
            "magpsf": 19.951200485229492,
            "sigmapsf": 0.1594579964876175,
            "magnr": 17.860000610351562,
            "sigmagnr": 0.07999999821186066,
            "magzpsci": 26.178199768066406,
            "isdiffpos": "t",
            "ssdistnr": null,
            "ssnamenr": null,
            "drb": null
        },
        {
            "candid": 1947174860015015011,
            "jd": 2459701.6748611,
            "ra": 144.2173946,
            "dec": 37.6941345,
            "fid": 1,
            "nid": 1947,
            "magpsf": 20.00469970703125,
            "sigmapsf": 0.12618300318717957,
            "magnr": 17.860000610351562,
            "sigmagnr": 0.07999999821186066,
            "magzpsci": 26.23270034790039,
            "isdiffpos": "t",
            "ssdistnr": null,
            "ssnamenr": null,
            "drb": null
        },
        {
            "candid": 1947229210015015008,
            "jd": 2459701.729213,
            "ra": 144.2174386,
            "dec": 37.6941621,
            "fid": 2,
            "nid": 1947,
            "magpsf": 19.229400634765625,
            "sigmapsf": 0.1355070024728775,
            "magnr": 17.465999603271484,
            "sigmagnr": 0.10599999874830246,
            "magzpsci": 26.09239959716797,
            "isdiffpos": "t",
            "ssdistnr": null,
            "ssnamenr": null,
            "drb": null
        },
        {
            "candid": 1949177770015015007,
            "jd": 2459703.6777778,
            "ra": 144.2174288,
            "dec": 37.6940239,
            "fid": 1,
            "nid": 1949,
            "magpsf": 19.84670066833496,
            "sigmapsf": 0.18886500597000122,
            "magnr": 17.860000610351562,
            "sigmagnr": 0.07999999821186066,
            "magzpsci": 26.187700271606445,
            "isdiffpos": "t",
            "ssdistnr": null,
            "ssnamenr": null,
            "drb": null
        },
        {
            "candid": 1956218200015015004,
            "jd": 2459710.718206,
            "ra": 144.217463,
            "dec": 37.6941634,
            "fid": 2,
            "nid": 1956,
            "magpsf": 19.312299728393555,
            "sigmapsf": 0.13445599377155304,
            "magnr": 17.465999603271484,
            "sigmagnr": 0.10599999874830246,
            "magzpsci": 26.132299423217773,
            "isdiffpos": "t",
            "ssdistnr": null,
            "ssnamenr": null,
            "drb": null
        },
        {
            "candid": 1958182730015015003,
            "jd": 2459712.6827315,
            "ra": 144.2175055,
            "dec": 37.6942483,
            "fid": 1,
            "nid": 1958,
            "magpsf": 19.895200729370117,
            "sigmapsf": 0.29361099004745483,
            "magnr": 17.860000610351562,
            "sigmagnr": 0.07999999821186066,
            "magzpsci": 26.274200439453125,
            "isdiffpos": "t",
            "ssdistnr": null,
            "ssnamenr": null,
            "drb": null
        },
        {
            "candid": 1958207440015015009,
            "jd": 2459712.7074421,
            "ra": 144.2174868,
            "dec": 37.6941229,
            "fid": 2,
            "nid": 1958,
            "magpsf": 19.503129959106445,
            "sigmapsf": 0.15636199712753296,
            "magnr": 17.465999603271484,
            "sigmagnr": 0.10599999874830246,
            "magzpsci": 26.141130447387695,
            "isdiffpos": "t",
            "ssdistnr": -999.0,
            "ssnamenr": "null",
            "drb": null
        },
        {
            "jd": 2459676.8074306,
            "fid": 1,
            "diffmaglim": 19.771799087524414
        },
        {
            "jd": 2459684.7803704,
            "fid": 1,
            "diffmaglim": 19.260099411010742
        },
        {
            "jd": 2459689.7827894,
            "fid": 1,
            "diffmaglim": 19.333999633789062
        },
        {
            "jd": 2459693.7027431,
            "fid": 2,
            "diffmaglim": 19.8435001373291
        },
        {
            "jd": 2459695.7601968,
            "fid": 1,
            "diffmaglim": 17.353200912475586
        },
        {
            "jd": 2459708.7011806,
            "fid": 2,
            "diffmaglim": 19.373699188232422
        },
        {
            "jd": 2459708.7441435,
            "fid": 2,
            "diffmaglim": 19.015100479125977
        },
        {
            "jd": 2459710.6843171,
            "fid": 1,
            "diffmaglim": 19.822500228881836
        }
    ],
    "forcedphot": []
}