{
    "objectId": "ZTF20acwofhd",
    "candidates": [
        {
            "candid": 1439444202915015002,
            "jd": 2459193.9442014,
            "ra": 171.8942581,
            "dec": 47.3794313,
            "fid": 1,
            "nid": 1439,
            "magpsf": 19.59079933166504,
            "sigmapsf": 0.1272609978914261,
            "magnr": 19.19300079345703,
            "sigmagnr": 0.09700000286102295,
            "magzpsci": 26.313800811767578,
            "isdiffpos": "t",
            "ssdistnr": -999.0,
            "ssnamenr": "null",
            "drb": 0.9721840023994446
        },
        {
            "candid": 1439514602915015004,
            "jd": 2459194.0146065,
            "ra": 171.8941686,
            "dec": 47.3794319,
            "fid": 2,
            "nid": 1439,
            "magpsf": 19.55190086364746,
            "sigmapsf": 0.14819499850273132,
            "magnr": 18.84600067138672,
            "sigmagnr": 0.09799999743700027,
            "magzpsci": 26.315900802612305,
            "isdiffpos": "t",
            "ssdistnr": -999.0,
            "ssnamenr": "null",
            "drb": 0.9999459981918335
        },
        {
            "candid": 1440449601615015004,
            "jd": 2459194.9496065,
            "ra": 171.8940081,
            "dec": 47.3794253,
            "fid": 1,
            "nid": 1440,
            "magpsf": 19.323699951171875,
            "sigmapsf": 0.1253650039434433,
            "magnr": 19.10300064086914,
            "sigmagnr": 0.10599999874830246,
            "magzpsci": 26.295700073242188,
            "isdiffpos": "t",
            "ssdistnr": -999.0,
            "ssnamenr": "null",
            "drb": 0.9998319745063782
        },
        {
            "candid": 1440494101615015000,
            "jd": 2459194.9941088,
            "ra": 171.8940672,
            "dec": 47.3794495,
            "fid": 2,
            "nid": 1440,
            "magpsf": 19.23699951171875,
            "sigmapsf": 0.12556999921798706,
            "magnr": 18.93400001525879,
            "sigmagnr": 0.0949999988079071,
            "magzpsci": 26.280000686645508,
            "isdiffpos": "t",
            "ssdistnr": -999.0,
            "ssnamenr": "null",
            "drb": 0.9999979734420776
        },
        {
            "candid": 1441513842915015001,
            "jd": 2459196.0138426,
            "ra": 171.894209,
            "dec": 47.3794149,
            "fid": 2,
            "nid": 1441,
            "magpsf": 19.04199981689453,
            "sigmapsf": 0.12256000190973282,
            "magnr": 18.84600067138672,
            "sigmagnr": 0.09799999743700027,
            "magzpsci": 26.19700050354004,
            "isdiffpos": "t",
            "ssdistnr": -999.0,
            "ssnamenr": "null",
            "drb": 0.9990540146827698
        },
        {
            "candid": 1441535122915015004,
            "jd": 2459196.0351273,
            "ra": 171.8943062,
            "dec": 47.3793814,
            "fid": 1,
            "nid": 1441,
            "magpsf": 19.20009994506836,
            "sigmapsf": 0.1396619975566864,
            "magnr": 19.19300079345703,
            "sigmagnr": 0.09700000286102295,
            "magzpsci": 26.216100692749023,
            "isdiffpos": "t",
            "ssdistnr": -999.0,
            "ssnamenr": "null",
            "drb": 0.9998859763145447
        },
        {
            "candid": 1444472151615015001,
            "jd": 2459198.9721528,
            "ra": 171.8941479,
            "dec": 47.3794422,
            "fid": 2,
            "nid": 1444,
            "magpsf": 18.558500289916992,
            "sigmapsf": 0.06537400186061859,
            "magnr": 18.93400001525879,
            "sigmagnr": 0.0949999988079071,
            "magzpsci": 26.280500411987305,
            "isdiffpos": "t",
            "ssdistnr": -999.0,
            "ssnamenr": "null",
            "drb": 1.0
        },
        {
            "candid": 1444512141615015004,
            "jd": 2459199.0121412,
            "ra": 171.8940587,
            "dec": 47.3793939,
            "fid": 1,
            "nid": 1444,
            "magpsf": 18.768400192260742,
            "sigmapsf": 0.0842600017786026,
            "magnr": 19.10300064086914,
            "sigmagnr": 0.10599999874830246,
            "magzpsci": 26.343399047851562,
            "isdiffpos": "t",
            "ssdistnr": -999.0,
            "ssnamenr": "null",
            "drb": 0.9999930262565613
        },
        {
            "candid": 1446456032915015004,
            "jd": 2459200.9560301,
            "ra": 171.8941945,
            "dec": 47.379434,
            "fid": 1,
            "nid": 1446,
            "magpsf": 18.60689926147461,
            "sigmapsf": 0.14515900611877441,
            "magnr": 19.19300079345703,
            "sigmagnr": 0.09700000286102295,
            "magzpsci": 25.328899383544922,
            "isdiffpos": "t",
            "ssdistnr": -999.0,
            "ssnamenr": "null",
            "drb": 0.999925971031189
        },
        {
            "candid": 1446471881615015011,
            "jd": 2459200.9718866,
            "ra": 171.894066,
            "dec": 47.3794274,
            "fid": 1,
            "nid": 1446,
            "magpsf": 18.73900032043457,
            "sigmapsf": 0.11805199831724167,
            "magnr": 19.10300064086914,
            "sigmagnr": 0.10599999874830246,
            "magzpsci": 25.6560001373291,
            "isdiffpos": "t",
            "ssdistnr": -999.0,
            "ssnamenr": "null",
            "drb": 0.9999989867210388
        },
        {
            "candid": 1446512031615015000,
            "jd": 2459201.012037,
            "ra": 171.8941674,
            "dec": 47.3794379,
            "fid": 2,
            "nid": 1446,
            "magpsf": 18.455400466918945,
            "sigmapsf": 0.10681699961423874,
            "magnr": 18.93400001525879,
            "sigmagnr": 0.0949999988079071,
            "magzpsci": 25.865400314331055,
            "isdiffpos": "t",
            "ssdistnr": -999.0,
            "ssnamenr": "null",
            "drb": 0.9999989867210388
        },
        {
            "candid": 1446514542915015002,
            "jd": 2459201.0145486,
            "ra": 171.894164,
            "dec": 47.3794789,
            "fid": 2,
            "nid": 1446,
            "magpsf": 18.37420082092285,
            "sigmapsf": 0.12431400269269943,
            "magnr": 18.84600067138672,
            "sigmagnr": 0.09799999743700027,
            "magzpsci": 25.858200073242188,
            "isdiffpos": "t",
            "ssdistnr": -999.0,
            "ssnamenr": "null",
            "drb": 0.7605090141296387
        },
        {
            "candid": 1449388101615015000,
            "jd": 2459203.8881019,
            "ra": 171.8941489,
            "dec": 47.3794658,
            "fid": 1,
            "nid": 1449,
            "magpsf": 18.65049934387207,
            "sigmapsf": 0.08357799798250198,
            "magnr": 19.10300064086914,
            "sigmagnr": 0.10599999874830246,
            "magzpsci": 26.256500244140625,
            "isdiffpos": "t",
            "ssdistnr": -999.0,
            "ssnamenr": "null",
            "drb": 1.0
        },
        {
            "candid": 1449486702915015000,
            "jd": 2459203.9867014,
            "ra": 171.894188,
            "dec": 47.3794372,
            "fid": 2,
            "nid": 1449,
            "magpsf": 18.332799911499023,
            "sigmapsf": 0.06860300153493881,
            "magnr": 18.84600067138672,
            "sigmagnr": 0.09799999743700027,
            "magzpsci": 26.32080078125,
            "isdiffpos": "t",
            "ssdistnr": -999.0,
            "ssnamenr": "null",
            "drb": 1.0
        },
        {
            "candid": 1449487171615015002,
            "jd": 2459203.9871759,
            "ra": 171.894099,
            "dec": 47.3793958,
            "fid": 2,
            "nid": 1449,
            "magpsf": 18.251100540161133,
            "sigmapsf": 0.05565299838781357,
            "magnr": 18.93400001525879,
            "sigmagnr": 0.0949999988079071,
            "magzpsci": 26.2721004486084,
            "isdiffpos": "t",
            "ssdistnr": -999.0,
            "ssnamenr": "null",
            "drb": 0.9999989867210388
        },
        {
            "candid": 1449532762915015004,
            "jd": 2459204.0327662,
            "ra": 171.8942486,
            "dec": 47.3794553,
            "fid": 1,
            "nid": 1449,
            "magpsf": 18.703500747680664,
            "sigmapsf": 0.0852620005607605,
            "magnr": 19.19300079345703,
            "sigmagnr": 0.09700000286102295,
            "magzpsci": 26.383499145507812,
            "isdiffpos": "t",
            "ssdistnr": -999.0,
            "ssnamenr": "null",
            "drb": 0.9999989867210388
        },
        {
            "candid": 1451426141615015004,
            "jd": 2459205.9261458,
            "ra": 171.8941618,
            "dec": 47.3794661,
            "fid": 1,
            "nid": 1451,
            "magpsf": 18.861099243164062,
            "sigmapsf": 0.12129700183868408,
            "magnr": 19.10300064086914,
            "sigmagnr": 0.10599999874830246,
            "magzpsci": 25.855100631713867,
            "isdiffpos": "t",
            "ssdistnr": -999.0,
            "ssnamenr": "null",
            "drb": 1.0
        },
        {
            "candid": 1452412472915015009,
            "jd": 2459206.9124769,
            "ra": 171.8942245,
            "dec": 47.3794383,
            "fid": 1,
            "nid": 1452,
            "magpsf": 18.745800018310547,
            "sigmapsf": 0.18397100269794464,
            "magnr": 19.19300079345703,
            "sigmagnr": 0.09700000286102295,
            "magzpsci": 25.210800170898438,
            "isdiffpos": "t",
            "ssdistnr": -999.0,
            "ssnamenr": "null",
            "drb": 0.9957259893417358
        },
        {
            "candid": 1452488052915015005,
            "jd": 2459206.9880556,
            "ra": 171.8941682,
            "dec": 47.3794666,
            "fid": 2,
            "nid": 1452,
            "magpsf": 18.24139976501465,
            "sigmapsf": 0.08868499845266342,
            "magnr": 18.84600067138672,
            "sigmagnr": 0.09799999743700027,
            "magzpsci": 25.39539909362793,
            "isdiffpos": "t",
            "ssdistnr": -999.0,
            "ssnamenr": "null",
            "drb": 0.9999989867210388
        },
        {
            "candid": 1461445502915015002,
            "jd": 2459215.9455093,
            "ra": 171.8942556,
            "dec": 47.3794261,
            "fid": 2,
            "nid": 1461,
            "magpsf": 18.471500396728516,
            "sigmapsf": 0.11771199852228165,
            "magnr": 18.84600067138672,
            "sigmagnr": 0.09799999743700027,
            "magzpsci": 26.286500930786133,
            "isdiffpos": "t",
            "ssdistnr": -999.0,
            "ssnamenr": "-999.0",
            "drb": null
        },
        {
            "candid": 1461467781615015003,
            "jd": 2459215.9677894,
            "ra": 171.8941758,
            "dec": 47.3794947,
            "fid": 2,
            "nid": 1461,
            "magpsf": 18.570199966430664,
            "sigmapsf": 0.12486399710178375,
            "magnr": 18.93400001525879,
            "sigmagnr": 0.0949999988079071,
            "magzpsci": 26.263200759887695,
            "isdiffpos": "t",
            "ssdistnr": -999.0,
            "ssnamenr": "-999.0",
            "drb": null
        },
        {
            "candid": 1461500351615015001,
            "jd": 2459216.0003588,
            "ra": 171.894193,
            "dec": 47.3793247,
            "fid": 1,
            "nid": 1461,
            "magpsf": 19.467300415039062,
            "sigmapsf": 0.2621900141239166,
            "magnr": 19.10300064086914,
            "sigmagnr": 0.10599999874830246,
            "magzpsci": 26.31329917907715,
            "isdiffpos": "t",
            "ssdistnr": -999.0,
            "ssnamenr": "-999.0",
            "drb": null
        },
        {
            "candid": 1463391992915015001,
            "jd": 2459217.8919907,
            "ra": 171.8941586,
            "dec": 47.3794886,
            "fid": 2,
            "nid": 1463,
            "magpsf": 18.64900016784668,
            "sigmapsf": 0.09562099725008011,
            "magnr": 18.84600067138672,
            "sigmagnr": 0.09799999743700027,
            "magzpsci": 26.29400062561035,
            "isdiffpos": "t",
            "ssdistnr": -999.0,
            "ssnamenr": "null",
            "drb": 0.0007949999999254942
        },
        {
            "candid": 1463393401615015001,
            "jd": 2459217.8934028,
            "ra": 171.894131,
            "dec": 47.3794547,
            "fid": 2,
            "nid": 1463,
            "magpsf": 18.620500564575195,
            "sigmapsf": 0.10737799853086472,
            "magnr": 18.93400001525879,
            "sigmagnr": 0.0949999988079071,
            "magzpsci": 26.25749969482422,
            "isdiffpos": "t",
            "ssdistnr": -999.0,
            "ssnamenr": "null",
            "drb": 0.9999979734420776
        },
        {
            "candid": 1463445632915015001,
            "jd": 2459217.9456366,
            "ra": 171.8942137,
            "dec": 47.379476,
            "fid": 1,
            "nid": 1463,
            "magpsf": 19.75550079345703,
            "sigmapsf": 0.23703399300575256,
            "magnr": 19.19300079345703,
            "sigmagnr": 0.09700000286102295,
            "magzpsci": 26.370500564575195,
            "isdiffpos": "t",
            "ssdistnr": -999.0,
            "ssnamenr": "-999.0",
            "drb": null
        },
        {
            "candid": 1465429001615015000,
            "jd": 2459219.9290046,
            "ra": 171.8941361,
            "dec": 47.3793458,
            "fid": 1,
            "nid": 1465,
            "magpsf": 20.11720085144043,
            "sigmapsf": 0.25536999106407166,
            "magnr": 19.10300064086914,
            "sigmagnr": 0.10599999874830246,
            "magzpsci": 26.310199737548828,
            "isdiffpos": "t",
            "ssdistnr": -999.0,
            "ssnamenr": "-999.0",
            "drb": null
        },
        {
            "candid": 1465465851615015003,
            "jd": 2459219.9658565,
            "ra": 171.8941564,
            "dec": 47.3794106,
            "fid": 2,
            "nid": 1465,
            "magpsf": 18.785400390625,
            "sigmapsf": 0.08134099841117859,
            "magnr": 18.93400001525879,
            "sigmagnr": 0.0949999988079071,
            "magzpsci": 26.278400421142578,
            "isdiffpos": "t",
            "ssdistnr": -999.0,
            "ssnamenr": "null",
            "drb": 1.0
        },
        {
            "candid": 1465471222915015006,
            "jd": 2459219.9712269,
            "ra": 171.8941912,
            "dec": 47.3794656,
            "fid": 2,
            "nid": 1465,
            "magpsf": 18.729700088500977,
            "sigmapsf": 0.08684500306844711,
            "magnr": 18.84600067138672,
            "sigmagnr": 0.09799999743700027,
            "magzpsci": 26.32069969177246,
            "isdiffpos": "t",
            "ssdistnr": -999.0,
            "ssnamenr": "null",
            "drb": 0.9999989867210388
        },
        {
            "candid": 1467405961615015002,
            "jd": 2459221.9059606,
            "ra": 171.8941329,
            "dec": 47.3794585,
            "fid": 2,
            "nid": 1467,
            "magpsf": 18.746700286865234,
            "sigmapsf": 0.08239900320768356,
            "magnr": 18.93400001525879,
            "sigmagnr": 0.0949999988079071,
            "magzpsci": 26.242700576782227,
            "isdiffpos": "t",
            "ssdistnr": -999.0,
            "ssnamenr": "null",
            "drb": 0.9999960064888
        },
        {
            "candid": 1469412011615015002,
            "jd": 2459223.9120139,
            "ra": 171.8938771,
            "dec": 47.3794644,
            "fid": 1,
            "nid": 1469,
            "magpsf": 20.568899154663086,
            "sigmapsf": 0.2586970031261444,
            "magnr": 19.10300064086914,
            "sigmagnr": 0.10599999874830246,
            "magzpsci": 26.319900512695312,
            "isdiffpos": "t",
            "ssdistnr": -999.0,
            "ssnamenr": "-999.0",
            "drb": null
        },
        {
            "candid": 1469477232915015002,
            "jd": 2459223.9772338,
            "ra": 171.8942331,
            "dec": 47.3794449,
            "fid": 2,
            "nid": 1469,
            "magpsf": 18.957500457763672,
            "sigmapsf": 0.09908299893140793,
            "magnr": 18.84600067138672,
            "sigmagnr": 0.09799999743700027,
            "magzpsci": 26.315500259399414,
            "isdiffpos": "t",
            "ssdistnr": -999.0,
            "ssnamenr": "null",
            "drb": 1.0
        },
        {
            "candid": 1469478171615015002,
            "jd": 2459223.9781713,
            "ra": 171.894163,
            "dec": 47.379464,
            "fid": 2,
            "nid": 1469,
            "magpsf": 18.931299209594727,
            "sigmapsf": 0.07494399696588516,
            "magnr": 18.93400001525879,
            "sigmagnr": 0.0949999988079071,
            "magzpsci": 26.272300720214844,
            "isdiffpos": "t",
            "ssdistnr": -999.0,
            "ssnamenr": "null",
            "drb": 1.0
        },
        {
            "candid": 1471404401615015000,
            "jd": 2459225.9044097,
            "ra": 171.894143,
            "dec": 47.3794517,
            "fid": 2,
            "nid": 1471,
            "magpsf": 19.08650016784668,
            "sigmapsf": 0.11087899655103683,
            "magnr": 18.93400001525879,
            "sigmagnr": 0.0949999988079071,
            "magzpsci": 26.06049919128418,
            "isdiffpos": "t",
            "ssdistnr": -999.0,
            "ssnamenr": "null",
            "drb": 0.9999989867210388
        },
        {
            "candid": 1471404882915015001,
            "jd": 2459225.9048843,
            "ra": 171.8942166,
            "dec": 47.3794301,
            "fid": 2,
            "nid": 1471,
            "magpsf": 18.994199752807617,
            "sigmapsf": 0.09729500114917755,
            "magnr": 18.84600067138672,
            "sigmagnr": 0.09799999743700027,
            "magzpsci": 26.131200790405273,
            "isdiffpos": "t",
            "ssdistnr": -999.0,
            "ssnamenr": "null",
            "drb": 0.0037529999390244484
        },
        {
            "candid": 1473375121615015002,
            "jd": 2459227.8751273,
            "ra": 171.8941385,
            "dec": 47.379444,
            "fid": 2,
            "nid": 1473,
            "magpsf": 19.104999542236328,
            "sigmapsf": 0.09894800186157227,
            "magnr": 18.93400001525879,
            "sigmagnr": 0.0949999988079071,
            "magzpsci": 26.128999710083008,
            "isdiffpos": "t",
            "ssdistnr": -999.0,
            "ssnamenr": "-999.0",
            "drb": null
        },
        {
            "candid": 1473394002915015001,
            "jd": 2459227.8940046,
            "ra": 171.8942071,
            "dec": 47.3794622,
            "fid": 2,
            "nid": 1473,
            "magpsf": 19.102800369262695,
            "sigmapsf": 0.12603799998760223,
            "magnr": 18.84600067138672,
            "sigmagnr": 0.09799999743700027,
            "magzpsci": 25.810800552368164,
            "isdiffpos": "t",
            "ssdistnr": -999.0,
            "ssnamenr": "-999.0",
            "drb": null
        },
        {
            "candid": 1473446851615015003,
            "jd": 2459227.9468519,
            "ra": 171.8941204,
            "dec": 47.3794114,
            "fid": 1,
            "nid": 1473,
            "magpsf": 20.44420051574707,
            "sigmapsf": 0.1988770067691803,
            "magnr": 19.10300064086914,
            "sigmagnr": 0.10599999874830246,
            "magzpsci": 26.267200469970703,
            "isdiffpos": "t",
            "ssdistnr": -999.0,
            "ssnamenr": "-999.0",
            "drb": null
        },
        {
            "candid": 1475413481615015000,
            "jd": 2459229.9134838,
            "ra": 171.8943543,
            "dec": 47.3794004,
            "fid": 2,
            "nid": 1475,
            "magpsf": 19.368900299072266,
            "sigmapsf": 0.19401000440120697,
            "magnr": 18.93400001525879,
            "sigmagnr": 0.0949999988079071,
            "magzpsci": 26.274900436401367,
            "isdiffpos": "t",
            "ssdistnr": -999.0,
            "ssnamenr": "null",
            "drb": 0.5566920042037964
        },
        {
            "candid": 1475430022915015001,
            "jd": 2459229.9300231,
            "ra": 171.8941745,
            "dec": 47.3794801,
            "fid": 2,
            "nid": 1475,
            "magpsf": 19.04789924621582,
            "sigmapsf": 0.16879400610923767,
            "magnr": 18.84600067138672,
            "sigmagnr": 0.09799999743700027,
            "magzpsci": 26.314899444580078,
            "isdiffpos": "t",
            "ssdistnr": -999.0,
            "ssnamenr": "null",
            "drb": 0.9985619783401489
        },
        {
            "candid": 1475446481615015001,
            "jd": 2459229.9464815,
            "ra": 171.8942071,
            "dec": 47.3795103,
            "fid": 1,
            "nid": 1475,
            "magpsf": 20.467599868774414,
            "sigmapsf": 0.26312199234962463,
            "magnr": 19.10300064086914,
            "sigmagnr": 0.10599999874830246,
            "magzpsci": 26.332599639892578,
            "isdiffpos": "t",
            "ssdistnr": -999.0,
            "ssnamenr": "-999.0",
            "drb": null
        },
        {
            "candid": 1477474391615015004,
            "jd": 2459231.9743981,
            "ra": 171.894114,
            "dec": 47.3794404,
            "fid": 2,
            "nid": 1477,
            "magpsf": 19.357200622558594,
            "sigmapsf": 0.10853199660778046,
            "magnr": 18.93400001525879,
            "sigmagnr": 0.0949999988079071,
            "magzpsci": 26.268199920654297,
            "isdiffpos": "t",
            "ssdistnr": -999.0,
            "ssnamenr": "null",
            "drb": 0.9999989867210388
        },
        {
            "candid": 1477476792915015004,
            "jd": 2459231.976794,
            "ra": 171.8941732,
            "dec": 47.3794424,
            "fid": 2,
            "nid": 1477,
            "magpsf": 19.374099731445312,
            "sigmapsf": 0.10168399661779404,
            "magnr": 18.84600067138672,
            "sigmagnr": 0.09799999743700027,
            "magzpsci": 26.341100692749023,
            "isdiffpos": "t",
            "ssdistnr": -999.0,
            "ssnamenr": "null",
            "drb": 0.9999979734420776
        },
        {
            "candid": 1494426942915015002,
            "jd": 2459248.9269444,
            "ra": 171.8941464,
            "dec": 47.379462,
            "fid": 2,
            "nid": 1494,
            "magpsf": 19.85379981994629,
            "sigmapsf": 0.19510699808597565,
            "magnr": 18.84600067138672,
            "sigmagnr": 0.09799999743700027,
            "magzpsci": 26.321800231933594,
            "isdiffpos": "t",
            "ssdistnr": -999.0,
            "ssnamenr": "null",
            "drb": 0.9998779892921448
        },
        {
            "candid": 1496383941615015002,
            "jd": 2459250.8839468,
            "ra": 171.8942942,
            "dec": 47.3794417,
            "fid": 2,
            "nid": 1496,
            "magpsf": 19.92099952697754,
            "sigmapsf": 0.1744060069322586,
            "magnr": 18.93400001525879,
            "sigmagnr": 0.0949999988079071,
            "magzpsci": 26.277000427246094,
            "isdiffpos": "t",
            "ssdistnr": -999.0,
            "ssnamenr": "null",
            "drb": 0.9997329711914062
        },
        {
            "candid": 1498323531615015004,
            "jd": 2459252.8235301,
            "ra": 171.894123,
            "dec": 47.3794344,
            "fid": 2,
            "nid": 1498,
            "magpsf": 20.142099380493164,
            "sigmapsf": 0.16359199583530426,
            "magnr": 18.93400001525879,
            "sigmagnr": 0.0949999988079071,
            "magzpsci": 26.282100677490234,
            "isdiffpos": "t",
            "ssdistnr": -999.0,
            "ssnamenr": "null",
            "drb": 0.999879002571106
        },
        {
            "candid": 1500391501615015004,
            "jd": 2459254.8915046,
            "ra": 171.8941272,
            "dec": 47.3794739,
            "fid": 2,
            "nid": 1500,
            "magpsf": 19.949100494384766,
            "sigmapsf": 0.13667699694633484,
            "magnr": 18.93400001525879,
            "sigmagnr": 0.0949999988079071,
            "magzpsci": 26.156099319458008,
            "isdiffpos": "t",
            "ssdistnr": -999.0,
            "ssnamenr": "null",
            "drb": 0.9997940063476562
        },
        {
            "candid": 1500405782915015001,
            "jd": 2459254.905787,
            "ra": 171.8941879,
            "dec": 47.3794575,
            "fid": 2,
            "nid": 1500,
            "magpsf": 20.032699584960938,
            "sigmapsf": 0.18961499631404877,
            "magnr": 18.84600067138672,
            "sigmagnr": 0.09799999743700027,
            "magzpsci": 26.07670021057129,
            "isdiffpos": "t",
            "ssdistnr": -999.0,
            "ssnamenr": "null",
            "drb": 0.9994879961013794
        },
        {
            "candid": 1502341971615015003,
            "jd": 2459256.8419792,
            "ra": 171.8941731,
            "dec": 47.3794314,
            "fid": 1,
            "nid": 1502,
            "magpsf": 20.982200622558594,
            "sigmapsf": 0.3345569968223572,
            "magnr": 19.10300064086914,
            "sigmagnr": 0.10599999874830246,
            "magzpsci": 26.296199798583984,
            "isdiffpos": "t",
            "ssdistnr": null,
            "ssnamenr": null,
            "drb": null
        },
        {
            "candid": 1502387651615015001,
            "jd": 2459256.8876505,
            "ra": 171.8940984,
            "dec": 47.3794051,
            "fid": 2,
            "nid": 1502,
            "magpsf": 20.13610076904297,
            "sigmapsf": 0.15035800635814667,
            "magnr": 18.93400001525879,
            "sigmagnr": 0.0949999988079071,
            "magzpsci": 26.270099639892578,
            "isdiffpos": "t",
            "ssdistnr": null,
            "ssnamenr": null,
            "drb": null
        },
        {
            "candid": 1504346361615015003,
            "jd": 2459258.8463657,
            "ra": 171.8940538,
            "dec": 47.3793956,
            "fid": 2,
            "nid": 1504,
            "magpsf": 19.987199783325195,
            "sigmapsf": 0.1796569973230362,
            "magnr": 18.93400001525879,
            "sigmagnr": 0.0949999988079071,
            "magzpsci": 26.196199417114258,
            "isdiffpos": "t",
            "ssdistnr": null,
            "ssnamenr": null,
            "drb": null
        },
        {
            "candid": 1508344171615015002,
            "jd": 2459262.8441782,
            "ra": 171.8941842,
            "dec": 47.3793815,
            "fid": 2,
            "nid": 1508,
            "magpsf": 20.078399658203125,
            "sigmapsf": 0.18285900354385376,
            "magnr": 18.93400001525879,
            "sigmagnr": 0.0949999988079071,
            "magzpsci": 26.262399673461914,
            "isdiffpos": "t",
            "ssdistnr": null,
            "ssnamenr": null,
            "drb": null
        },
        {
            "candid": 1510348211615015004,
            "jd": 2459264.8482176,
            "ra": 171.8939501,
            "dec": 47.3795703,
            "fid": 1,
            "nid": 1510,
            "magpsf": 20.979400634765625,
            "sigmapsf": 0.3006809949874878,
            "magnr": 19.10300064086914,
            "sigmagnr": 0.10599999874830246,
            "magzpsci": 26.3533992767334,
            "isdiffpos": "t",
            "ssdistnr": null,
            "ssnamenr": null,
            "drb": null
        },
        {
            "candid": 1510367631615015005,
            "jd": 2459264.8676389,
            "ra": 171.8941154,
            "dec": 47.3793734,
            "fid": 2,
            "nid": 1510,
            "magpsf": 20.201799392700195,
            "sigmapsf": 0.20167000591754913,
            "magnr": 18.93400001525879,
            "sigmagnr": 0.0949999988079071,
            "magzpsci": 26.313800811767578,
            "isdiffpos": "t",
            "ssdistnr": null,
            "ssnamenr": null,
            "drb": null
        },
        {
            "candid": 1513321352915015005,
            "jd": 2459267.8213542,
            "ra": 171.8941171,
            "dec": 47.3795186,
            "fid": 2,
            "nid": 1513,
            "magpsf": 20.4060001373291,
            "sigmapsf": 0.28728601336479187,
            "magnr": 18.867000579833984,
            "sigmagnr": 0.10499999672174454,
            "magzpsci": 26.323999404907227,
            "isdiffpos": "t",
            "ssdistnr": null,
            "ssnamenr": null,
            "drb": null
        },
        {
            "candid": 1514347311615015002,
            "jd": 2459268.8473148,
            "ra": 171.8941927,
            "dec": 47.3794616,
            "fid": 2,
            "nid": 1514,
            "magpsf": 20.295400619506836,
            "sigmapsf": 0.27928000688552856,
            "magnr": 18.93400001525879,
            "sigmagnr": 0.0949999988079071,
            "magzpsci": 26.28339958190918,
            "isdiffpos": "t",
            "ssdistnr": null,
            "ssnamenr": null,
            "drb": null
        },
        {
            "candid": 1522304761615015001,
            "jd": 2459276.8047685,
            "ra": 171.8942526,
            "dec": 47.3794516,
            "fid": 2,
            "nid": 1522,
            "magpsf": 20.443199157714844,
            "sigmapsf": 0.27076300978660583,
            "magnr": 18.93400001525879,
            "sigmagnr": 0.0949999988079071,
            "magzpsci": 26.263200759887695,
            "isdiffpos": "t",
            "ssdistnr": null,
            "ssnamenr": null,
            "drb": null
        },
        {
            "candid": 1524430392915015001,
            "jd": 2459278.9303935,
            "ra": 171.8940714,
            "dec": 47.3793458,
            "fid": 2,
            "nid": 1524,
            "magpsf": 20.26013946533203,
            "sigmapsf": 0.20698000490665436,
            "magnr": 18.84600067138672,
            "sigmagnr": 0.09799999743700027,
            "magzpsci": 26.31414031982422,
            "isdiffpos": "t",
            "ssdistnr": -999.0,
            "ssnamenr": "null",
            "drb": null
        },
        {
            "candid": 1526279311615025001,
            "jd": 2459280.7793171,
            "ra": 171.8939622,
            "dec": 47.3794701,
            "fid": 2,
            "nid": 1526,
            "magpsf": 20.439699172973633,
            "sigmapsf": 0.27788400650024414,
            "magnr": 18.93400001525879,
            "sigmagnr": 0.0949999988079071,
            "magzpsci": 26.2726993560791,
            "isdiffpos": "t",
            "ssdistnr": null,
            "ssnamenr": null,
            "drb": null
        },
        {
            "candid": 1536265131615015005,
            "jd": 2459290.7651389,
            "ra": 171.8940481,
            "dec": 47.3794003,
            "fid": 2,
            "nid": 1536,
            "magpsf": 20.464599609375,
            "sigmapsf": 0.23598699271678925,
            "magnr": 18.93400001525879,
            "sigmagnr": 0.0949999988079071,
            "magzpsci": 26.26959991455078,
            "isdiffpos": "t",
            "ssdistnr": null,
            "ssnamenr": null,
            "drb": null
        },
        {
            "candid": 1538342581615015003,
            "jd": 2459292.842581,
            "ra": 171.89411,
            "dec": 47.3794983,
            "fid": 2,
            "nid": 1538,
            "magpsf": 20.345109939575195,
            "sigmapsf": 0.20575399696826935,
            "magnr": 18.93400001525879,
            "sigmagnr": 0.0949999988079071,
            "magzpsci": 26.23611068725586,
            "isdiffpos": "t",
            "ssdistnr": -999.0,
            "ssnamenr": "null",
            "drb": null
        },
        {
            "jd": 2459165.93166,
            "fid": 2,
            "diffmaglim": 20.25
        },
        {
            "jd": 2459165.97425,
            "fid": 2,
            "diffmaglim": 20.485000610351562
        },
        {
            "jd": 2459166.01367,
            "fid": 1,
            "diffmaglim": 20.732999801635742
        },
        {
            "jd": 2459166.01507,
            "fid": 1,
            "diffmaglim": 20.73699951171875
        },
        {
            "jd": 2459168.92778,
            "fid": 2,
            "diffmaglim": 19.79599952697754
        },
        {
            "jd": 2459168.9474,
            "fid": 2,
            "diffmaglim": 20.003000259399414
        },
        {
            "jd": 2459169.01527,
            "fid": 1,
            "diffmaglim": 20.631000518798828
        },
        {
            "jd": 2459169.01573,
            "fid": 1,
            "diffmaglim": 20.799999237060547
        },
        {
            "jd": 2459170.97374,
            "fid": 1,
            "diffmaglim": 20.552000045776367
        },
        {
            "jd": 2459170.99051,
            "fid": 1,
            "diffmaglim": 20.64699935913086
        },
        {
            "jd": 2459171.04918,
            "fid": 2,
            "diffmaglim": 20.298999786376953
        },
        {
            "jd": 2459171.04965,
            "fid": 2,
            "diffmaglim": 20.325000762939453
        },
        {
            "jd": 2459173.97194,
            "fid": 1,
            "diffmaglim": 20.621000289916992
        },
        {
            "jd": 2459173.99413,
            "fid": 1,
            "diffmaglim": 20.47599983215332
        },
        {
            "jd": 2459174.01712,
            "fid": 2,
            "diffmaglim": 19.820999145507812
        },
        {
            "jd": 2459174.03017,
            "fid": 2,
            "diffmaglim": 19.26300048828125
        },
        {
            "jd": 2459176.01325,
            "fid": 2,
            "diffmaglim": 18.711999893188477
        },
        {
            "jd": 2459176.03399,
            "fid": 1,
            "diffmaglim": 19.496000289916992
        },
        {
            "jd": 2459177.00808,
            "fid": 1,
            "diffmaglim": 20.687999725341797
        },
        {
            "jd": 2459177.05454,
            "fid": 2,
            "diffmaglim": 20.277999877929688
        },
        {
            "jd": 2459177.99926,
            "fid": 2,
            "diffmaglim": 20.621999740600586
        },
        {
            "jd": 2459179.98801,
            "fid": 1,
            "diffmaglim": 20.57900047302246
        },
        {
            "jd": 2459179.99056,
            "fid": 1,
            "diffmaglim": 20.7450008392334
        },
        {
            "jd": 2459181.99956,
            "fid": 2,
            "diffmaglim": 19.950000762939453
        },
        {
            "jd": 2459182.00003,
            "fid": 2,
            "diffmaglim": 19.81399917602539
        },
        {
            "jd": 2459182.00675,
            "fid": 1,
            "diffmaglim": 19.64299964904785
        },
        {
            "jd": 2459182.03183,
            "fid": 1,
            "diffmaglim": 20.27899932861328
        },
        {
            "jd": 2459184.01256,
            "fid": 2,
            "diffmaglim": 18.485000610351562
        },
        {
            "jd": 2459184.99211,
            "fid": 2,
            "diffmaglim": 19.812999725341797
        },
        {
            "jd": 2459186.00189,
            "fid": 1,
            "diffmaglim": 19.826000213623047
        },
        {
            "jd": 2459186.03215,
            "fid": 2,
            "diffmaglim": 19.92300033569336
        },
        {
            "jd": 2459187.03833,
            "fid": 1,
            "diffmaglim": 19.12700080871582
        },
        {
            "jd": 2459187.96505,
            "fid": 2,
            "diffmaglim": 19.28700065612793
        },
        {
            "jd": 2459188.04069,
            "fid": 1,
            "diffmaglim": 19.47800064086914
        },
        {
            "jd": 2459188.88674,
            "fid": 2,
            "diffmaglim": 19.461000442504883
        },
        {
            "jd": 2459189.02916,
            "fid": 1,
            "diffmaglim": 19.858999252319336
        },
        {
            "jd": 2459190.02045,
            "fid": 1,
            "diffmaglim": 20.23699951171875
        },
        {
            "jd": 2459192.99453,
            "fid": 2,
            "diffmaglim": 16.69499969482422
        },
        {
            "jd": 2459193.02546,
            "fid": 1,
            "diffmaglim": 18.138999938964844
        },
        {
            "jd": 2459198.94569,
            "fid": 2,
            "diffmaglim": 20.299999237060547
        },
        {
            "jd": 2459199.01262,
            "fid": 1,
            "diffmaglim": 20.56100082397461
        },
        {
            "jd": 2459215.99795,
            "fid": 1,
            "diffmaglim": 19.128999710083008
        },
        {
            "jd": 2459217.93576,
            "fid": 1,
            "diffmaglim": 19.87700080871582
        },
        {
            "jd": 2459219.95818,
            "fid": 1,
            "diffmaglim": 20.20599937438965
        },
        {
            "jd": 2459221.97935,
            "fid": 1,
            "diffmaglim": 20.341999053955078
        },
        {
            "jd": 2459225.94648,
            "fid": 1,
            "diffmaglim": 20.222000122070312
        },
        {
            "jd": 2459225.94696,
            "fid": 1,
            "diffmaglim": 20.184999465942383
        },
        {
            "jd": 2459227.94485,
            "fid": 1,
            "diffmaglim": 20.66200065612793
        },
        {
            "jd": 2459229.94742,
            "fid": 1,
            "diffmaglim": 20.316999435424805
        },
        {
            "jd": 2459231.93288,
            "fid": 1,
            "diffmaglim": 20.79400062561035
        },
        {
            "jd": 2459248.91145,
            "fid": 1,
            "diffmaglim": 20.225000381469727
        },
        {
            "jd": 2459248.9714352,
            "fid": 1,
            "diffmaglim": 20.139999389648438
        },
        {
            "jd": 2459248.97144,
            "fid": 1,
            "diffmaglim": 20.139999389648438
        },
        {
            "jd": 2459250.86434,
            "fid": 1,
            "diffmaglim": 20.613000869750977
        },
        {
            "jd": 2459250.8653,
            "fid": 1,
            "diffmaglim": 20.503999710083008
        },
        {
            "jd": 2459250.8653009,
            "fid": 1,
            "diffmaglim": 20.504499435424805
        },
        {
            "jd": 2459250.8830093,
            "fid": 2,
            "diffmaglim": 20.41469955444336
        },
        {
            "jd": 2459250.88301,
            "fid": 2,
            "diffmaglim": 20.415000915527344
        },
        {
            "jd": 2459252.8103356,
            "fid": 2,
            "diffmaglim": 20.63450050354004
        },
        {
            "jd": 2459252.81034,
            "fid": 2,
            "diffmaglim": 20.635000228881836
        },
        {
            "jd": 2459252.86736,
            "fid": 1,
            "diffmaglim": 20.937000274658203
        },
        {
            "jd": 2459252.8673611,
            "fid": 1,
            "diffmaglim": 20.937400817871094
        },
        {
            "jd": 2459254.9491435,
            "fid": 1,
            "diffmaglim": 20.002899169921875
        },
        {
            "jd": 2459256.9162847,
            "fid": 2,
            "diffmaglim": 20.803499221801758
        },
        {
            "jd": 2459256.9937153,
            "fid": 1,
            "diffmaglim": 20.594100952148438
        },
        {
            "jd": 2459260.8690278,
            "fid": 1,
            "diffmaglim": 20.450599670410156
        },
        {
            "jd": 2459260.8952083,
            "fid": 2,
            "diffmaglim": 20.096399307250977
        },
        {
            "jd": 2459263.8634144,
            "fid": 1,
            "diffmaglim": 20.246200561523438
        },
        {
            "jd": 2459263.8930208,
            "fid": 2,
            "diffmaglim": 19.976499557495117
        },
        {
            "jd": 2459265.807963,
            "fid": 2,
            "diffmaglim": 20.237899780273438
        },
        {
            "jd": 2459265.903588,
            "fid": 1,
            "diffmaglim": 20.774700164794922
        },
        {
            "jd": 2459266.8076042,
            "fid": 1,
            "diffmaglim": 19.85890007019043
        },
        {
            "jd": 2459266.8300926,
            "fid": 2,
            "diffmaglim": 19.66189956665039
        },
        {
            "jd": 2459267.8645139,
            "fid": 1,
            "diffmaglim": 20.047199249267578
        },
        {
            "jd": 2459268.7151273,
            "fid": 1,
            "diffmaglim": 19.726299285888672
        },
        {
            "jd": 2459269.8637384,
            "fid": 2,
            "diffmaglim": 20.017200469970703
        },
        {
            "jd": 2459269.9297917,
            "fid": 1,
            "diffmaglim": 19.93630027770996
        },
        {
            "jd": 2459270.8493403,
            "fid": 2,
            "diffmaglim": 19.419599533081055
        },
        {
            "jd": 2459270.8785764,
            "fid": 1,
            "diffmaglim": 19.433500289916992
        },
        {
            "jd": 2459271.7995718,
            "fid": 2,
            "diffmaglim": 19.356599807739258
        },
        {
            "jd": 2459271.8848264,
            "fid": 1,
            "diffmaglim": 18.93160057067871
        },
        {
            "jd": 2459272.8204051,
            "fid": 2,
            "diffmaglim": 19.212299346923828
        },
        {
            "jd": 2459272.8829167,
            "fid": 1,
            "diffmaglim": 19.092899322509766
        },
        {
            "jd": 2459273.8828356,
            "fid": 1,
            "diffmaglim": 19.009300231933594
        },
        {
            "jd": 2459273.9511574,
            "fid": 2,
            "diffmaglim": 18.935699462890625
        },
        {
            "jd": 2459274.7148495,
            "fid": 1,
            "diffmaglim": 18.691499710083008
        },
        {
            "jd": 2459274.909294,
            "fid": 2,
            "diffmaglim": 19.23189926147461
        },
        {
            "jd": 2459275.6832292,
            "fid": 1,
            "diffmaglim": 20.21809959411621
        },
        {
            "jd": 2459275.8344676,
            "fid": 2,
            "diffmaglim": 19.74690055847168
        },
        {
            "jd": 2459278.8025,
            "fid": 1,
            "diffmaglim": 20.760099411010742
        },
        {
            "jd": 2459280.8641088,
            "fid": 1,
            "diffmaglim": 20.6112003326416
        },
        {
            "jd": 2459290.8090394,
            "fid": 1,
            "diffmaglim": 21.03459930419922
        },
        {
            "jd": 2459292.8075116,
            "fid": 1,
            "diffmaglim": 20.93790054321289
        }
    ],
    "forcedphot": []
}