{
    "objectId": "ZTF24abchpnc",
    "candidates": [
        {
            "candid": 2781506641215015008,
            "jd": 2460536.0066435,
            "ra": 13.08865,
            "dec": -26.5751088,
            "fid": 1,
            "nid": 2781,
            "magpsf": 19.755699157714844,
            "sigmapsf": 0.3320449888706207,
            "magnr": 16.89900016784668,
            "sigmagnr": 0.008999999612569809,
            "magzpsci": 26.263700485229492,
            "isdiffpos": "t",
            "ssdistnr": null,
            "ssnamenr": null,
            "drb": null
        },
        {
            "candid": 2785417671215015004,
            "jd": 2460539.9176736,
            "ra": 13.0887557,
            "dec": -26.5752202,
            "fid": 1,
            "nid": 2785,
            "magpsf": 19.383100509643555,
            "sigmapsf": 0.23217299580574036,
            "magnr": 16.89900016784668,
            "sigmagnr": 0.008999999612569809,
            "magzpsci": 26.151100158691406,
            "isdiffpos": "t",
            "ssdistnr": null,
            "ssnamenr": null,
            "drb": null
        },
        {
            "candid": 2789420831215015004,
            "jd": 2460543.9208333,
            "ra": 13.0886783,
            "dec": -26.5750608,
            "fid": 2,
            "nid": 2789,
            "magpsf": 18.506900787353516,
            "sigmapsf": 0.1891389936208725,
            "magnr": 19.04400062561035,
            "sigmagnr": 0.07999999821186066,
            "magzpsci": 26.127899169921875,
            "isdiffpos": "t",
            "ssdistnr": null,
            "ssnamenr": null,
            "drb": null
        },
        {
            "candid": 2793412591215015019,
            "jd": 2460547.9125926,
            "ra": 13.088697,
            "dec": -26.575176,
            "fid": 2,
            "nid": 2793,
            "magpsf": 18.309200286865234,
            "sigmapsf": 0.09222599864006042,
            "magnr": 19.04400062561035,
            "sigmagnr": 0.07999999821186066,
            "magzpsci": 26.17620086669922,
            "isdiffpos": "t",
            "ssdistnr": null,
            "ssnamenr": null,
            "drb": null
        },
        {
            "candid": 2793462031215015006,
            "jd": 2460547.962037,
            "ra": 13.0886455,
            "dec": -26.5751749,
            "fid": 1,
            "nid": 2793,
            "magpsf": 18.780000686645508,
            "sigmapsf": 0.12876300513744354,
            "magnr": 16.89900016784668,
            "sigmagnr": 0.008999999612569809,
            "magzpsci": 26.22800064086914,
            "isdiffpos": "t",
            "ssdistnr": null,
            "ssnamenr": null,
            "drb": null
        },
        {
            "candid": 2802397981215015014,
            "jd": 2460556.8979861,
            "ra": 13.0886491,
            "dec": -26.5751008,
            "fid": 1,
            "nid": 2802,
            "magpsf": 18.872400283813477,
            "sigmapsf": 0.12415699660778046,
            "magnr": 16.89900016784668,
            "sigmagnr": 0.008999999612569809,
            "magzpsci": 26.168399810791016,
            "isdiffpos": "t",
            "ssdistnr": null,
            "ssnamenr": null,
            "drb": null
        },
        {
            "candid": 2814355571215015005,
            "jd": 2460568.8555787,
            "ra": 13.088625,
            "dec": -26.5751229,
            "fid": 2,
            "nid": 2814,
            "magpsf": 18.48200035095215,
            "sigmapsf": 0.12414699792861938,
            "magnr": 19.04400062561035,
            "sigmagnr": 0.07999999821186066,
            "magzpsci": 26.204999923706055,
            "isdiffpos": "t",
            "ssdistnr": null,
            "ssnamenr": null,
            "drb": null
        },
        {
            "candid": 2817419491215015009,
            "jd": 2460571.9194907,
            "ra": 13.088645,
            "dec": -26.5751514,
            "fid": 2,
            "nid": 2817,
            "magpsf": 18.524999618530273,
            "sigmapsf": 0.1600079983472824,
            "magnr": 19.04400062561035,
            "sigmagnr": 0.07999999821186066,
            "magzpsci": 26.195999145507812,
            "isdiffpos": "t",
            "ssdistnr": null,
            "ssnamenr": null,
            "drb": null
        },
        {
            "candid": 2820444711215015004,
            "jd": 2460574.9447106,
            "ra": 13.0885845,
            "dec": -26.5752198,
            "fid": 2,
            "nid": 2820,
            "magpsf": 18.86039924621582,
            "sigmapsf": 0.25141599774360657,
            "magnr": 19.04400062561035,
            "sigmagnr": 0.07999999821186066,
            "magzpsci": 26.11240005493164,
            "isdiffpos": "t",
            "ssdistnr": null,
            "ssnamenr": null,
            "drb": null
        },
        {
            "candid": 2821335131215015005,
            "jd": 2460575.8351389,
            "ra": 13.0886285,
            "dec": -26.5751408,
            "fid": 2,
            "nid": 2821,
            "magpsf": 18.86280059814453,
            "sigmapsf": 0.24129000306129456,
            "magnr": 19.04400062561035,
            "sigmagnr": 0.07999999821186066,
            "magzpsci": 26.177799224853516,
            "isdiffpos": "t",
            "ssdistnr": null,
            "ssnamenr": null,
            "drb": null
        },
        {
            "candid": 2822386091215015007,
            "jd": 2460576.8860995,
            "ra": 13.0886849,
            "dec": -26.5751989,
            "fid": 2,
            "nid": 2822,
            "magpsf": 18.87795639038086,
            "sigmapsf": 0.1333000808954239,
            "magnr": 19.04400062561035,
            "sigmagnr": 0.07999999821186066,
            "magzpsci": 26.242956161499023,
            "isdiffpos": "t",
            "ssdistnr": -999.0,
            "ssnamenr": "null",
            "drb": null
        },
        {
            "jd": 2460543.9610301,
            "fid": 1,
            "diffmaglim": 18.6205997467041
        },
        {
            "jd": 2460549.8980671,
            "fid": 2,
            "diffmaglim": 20.006999969482422
        },
        {
            "jd": 2460549.9199421,
            "fid": 1,
            "diffmaglim": 20.38949966430664
        },
        {
            "jd": 2460551.8968981,
            "fid": 2,
            "diffmaglim": 19.997299194335938
        },
        {
            "jd": 2460551.9191319,
            "fid": 1,
            "diffmaglim": 20.6643009185791
        },
        {
            "jd": 2460554.8964931,
            "fid": 2,
            "diffmaglim": 19.996400833129883
        },
        {
            "jd": 2460558.9260764,
            "fid": 2,
            "diffmaglim": 19.75950050354004
        },
        {
            "jd": 2460560.9188773,
            "fid": 2,
            "diffmaglim": 19.956499099731445
        },
        {
            "jd": 2460564.8580208,
            "fid": 2,
            "diffmaglim": 20.133399963378906
        },
        {
            "jd": 2460568.9189815,
            "fid": 1,
            "diffmaglim": 19.966699600219727
        },
        {
            "jd": 2460571.8355093,
            "fid": 1,
            "diffmaglim": 18.798099517822266
        },
        {
            "jd": 2460575.8979977,
            "fid": 1,
            "diffmaglim": 19.428699493408203
        },
        {
            "jd": 2460576.8712731,
            "fid": 1,
            "diffmaglim": 19.7450008392334
        }
    ],
    "forcedphot": [
        {
            "objectid": "ZTF24abchpnc",
            "jd": 2460539.9176736,
            "ranr": 13.0872015,
            "decnr": -26.5745732,
            "fid": 1,
            "forcediffimflux": 499.53839111328125,
            "forcediffimfluxunc": 59.922393798828125,
            "magzpsci": 26.151100158691406
        },
        {
            "objectid": "ZTF24abchpnc",
            "jd": 2460543.9610301,
            "ranr": 13.0872015,
            "decnr": -26.5745732,
            "fid": 1,
            "forcediffimflux": 853.4708251953125,
            "forcediffimfluxunc": 135.32444763183594,
            "magzpsci": 26.118200302124023
        },
        {
            "objectid": "ZTF24abchpnc",
            "jd": 2460547.962037,
            "ranr": 13.0872015,
            "decnr": -26.5745732,
            "fid": 1,
            "forcediffimflux": 960.5259399414062,
            "forcediffimfluxunc": 62.901851654052734,
            "magzpsci": 26.22800064086914
        },
        {
            "objectid": "ZTF24abchpnc",
            "jd": 2460556.8979861,
            "ranr": 13.0872015,
            "decnr": -26.5745732,
            "fid": 1,
            "forcediffimflux": 810.7535400390625,
            "forcediffimfluxunc": 42.78408432006836,
            "magzpsci": 26.168399810791016
        },
        {
            "objectid": "ZTF24abchpnc",
            "jd": 2460571.8355093,
            "ranr": 13.0872015,
            "decnr": -26.5745732,
            "fid": 1,
            "forcediffimflux": 429.2214660644531,
            "forcediffimfluxunc": 145.4707489013672,
            "magzpsci": 26.279600143432617
        },
        {
            "objectid": "ZTF24abchpnc",
            "jd": 2460575.8979977,
            "ranr": 13.0872015,
            "decnr": -26.5745732,
            "fid": 1,
            "forcediffimflux": 392.3877868652344,
            "forcediffimfluxunc": 73.7129135131836,
            "magzpsci": 26.137800216674805
        }
    ]
}