{
    "objectId": "ZTF24aayikbu",
    "candidates": [
        {
            "candid": 2771292843515015030,
            "jd": 2460525.7928472,
            "ra": 315.5171371,
            "dec": -16.9074642,
            "fid": 2,
            "nid": 2771,
            "magpsf": 18.191499710083008,
            "sigmapsf": 0.0705220028758049,
            "magnr": 15.906999588012695,
            "sigmagnr": 0.06599999964237213,
            "magzpsci": 26.197500228881836,
            "isdiffpos": "t",
            "ssdistnr": null,
            "ssnamenr": null,
            "drb": 0.9840885400772095
        },
        {
            "candid": 2775357263515015007,
            "jd": 2460529.8572685,
            "ra": 315.5171634,
            "dec": -16.9074443,
            "fid": 2,
            "nid": 2775,
            "magpsf": 17.863489151000977,
            "sigmapsf": 0.08290757238864899,
            "magnr": 15.906999588012695,
            "sigmagnr": 0.06599999964237213,
            "magzpsci": 26.03948974609375,
            "isdiffpos": "t",
            "ssdistnr": -999.0,
            "ssnamenr": "null",
            "drb": null
        },
        {
            "candid": 2775357263515025007,
            "jd": 2460529.8572685,
            "ra": 315.5171634,
            "dec": -16.9074443,
            "fid": 2,
            "nid": 2775,
            "magpsf": 17.863500595092773,
            "sigmapsf": 0.08290799707174301,
            "magnr": 15.906999588012695,
            "sigmagnr": 0.06599999964237213,
            "magzpsci": 26.039499282836914,
            "isdiffpos": "t",
            "ssdistnr": null,
            "ssnamenr": null,
            "drb": null
        },
        {
            "candid": 2777256003515015028,
            "jd": 2460531.7560069,
            "ra": 315.5170743,
            "dec": -16.9074469,
            "fid": 2,
            "nid": 2777,
            "magpsf": 17.97249984741211,
            "sigmapsf": 0.070701003074646,
            "magnr": 15.906999588012695,
            "sigmagnr": 0.06599999964237213,
            "magzpsci": 26.131500244140625,
            "isdiffpos": "t",
            "ssdistnr": null,
            "ssnamenr": null,
            "drb": null
        },
        {
            "candid": 2782260913515015014,
            "jd": 2460536.7609144,
            "ra": 315.5170608,
            "dec": -16.9074989,
            "fid": 2,
            "nid": 2782,
            "magpsf": 17.92930030822754,
            "sigmapsf": 0.05927800014615059,
            "magnr": 15.906999588012695,
            "sigmagnr": 0.06599999964237213,
            "magzpsci": 26.2893009185791,
            "isdiffpos": "t",
            "ssdistnr": null,
            "ssnamenr": null,
            "drb": null
        },
        {
            "candid": 2784265093515015016,
            "jd": 2460538.7650926,
            "ra": 315.5171686,
            "dec": -16.9074837,
            "fid": 2,
            "nid": 2784,
            "magpsf": 17.938100814819336,
            "sigmapsf": 0.0686039999127388,
            "magnr": 15.906999588012695,
            "sigmagnr": 0.06599999964237213,
            "magzpsci": 26.28809928894043,
            "isdiffpos": "t",
            "ssdistnr": null,
            "ssnamenr": null,
            "drb": null
        },
        {
            "candid": 2791312583515015011,
            "jd": 2460545.812581,
            "ra": 315.517139,
            "dec": -16.9074758,
            "fid": 2,
            "nid": 2791,
            "magpsf": 18.22570037841797,
            "sigmapsf": 0.08445599675178528,
            "magnr": 15.906999588012695,
            "sigmagnr": 0.06599999964237213,
            "magzpsci": 26.30270004272461,
            "isdiffpos": "t",
            "ssdistnr": null,
            "ssnamenr": null,
            "drb": null
        },
        {
            "candid": 2793230903515015019,
            "jd": 2460547.7309028,
            "ra": 315.5170668,
            "dec": -16.9074493,
            "fid": 2,
            "nid": 2793,
            "magpsf": 18.469100952148438,
            "sigmapsf": 0.07716719806194305,
            "magnr": 15.906999588012695,
            "sigmagnr": 0.06599999964237213,
            "magzpsci": 26.275100708007812,
            "isdiffpos": "t",
            "ssdistnr": -999.0,
            "ssnamenr": "null",
            "drb": null
        },
        {
            "jd": 2460499.8524074,
            "fid": 1,
            "diffmaglim": 20.059099197387695
        },
        {
            "jd": 2460499.8993866,
            "fid": 2,
            "diffmaglim": 20.1697998046875
        },
        {
            "jd": 2460500.8767361,
            "fid": 2,
            "diffmaglim": 20.295000076293945
        },
        {
            "jd": 2460501.9131713,
            "fid": 1,
            "diffmaglim": 20.055500030517578
        },
        {
            "jd": 2460502.8560069,
            "fid": 2,
            "diffmaglim": 20.111400604248047
        },
        {
            "jd": 2460502.8981597,
            "fid": 1,
            "diffmaglim": 19.865800857543945
        },
        {
            "jd": 2460503.8556829,
            "fid": 1,
            "diffmaglim": 19.906099319458008
        },
        {
            "jd": 2460503.9168634,
            "fid": 2,
            "diffmaglim": 19.890100479125977
        },
        {
            "jd": 2460504.8344097,
            "fid": 1,
            "diffmaglim": 20.319400787353516
        },
        {
            "jd": 2460504.8777894,
            "fid": 2,
            "diffmaglim": 20.326099395751953
        },
        {
            "jd": 2460505.8560995,
            "fid": 1,
            "diffmaglim": 20.302000045776367
        },
        {
            "jd": 2460505.8945602,
            "fid": 2,
            "diffmaglim": 20.377500534057617
        },
        {
            "jd": 2460507.8568403,
            "fid": 2,
            "diffmaglim": 20.292999267578125
        },
        {
            "jd": 2460509.8743056,
            "fid": 1,
            "diffmaglim": 19.401599884033203
        },
        {
            "jd": 2460511.8133796,
            "fid": 2,
            "diffmaglim": 18.849000930786133
        },
        {
            "jd": 2460515.8352662,
            "fid": 1,
            "diffmaglim": 18.636899948120117
        },
        {
            "jd": 2460515.8589005,
            "fid": 1,
            "diffmaglim": 18.694700241088867
        },
        {
            "jd": 2460515.8758681,
            "fid": 2,
            "diffmaglim": 18.846900939941406
        },
        {
            "jd": 2460515.8998264,
            "fid": 2,
            "diffmaglim": 18.77680015563965
        },
        {
            "jd": 2460518.8369329,
            "fid": 2,
            "diffmaglim": 19.99370002746582
        },
        {
            "jd": 2460518.8378704,
            "fid": 2,
            "diffmaglim": 20.047500610351562
        },
        {
            "jd": 2460518.8780093,
            "fid": 1,
            "diffmaglim": 19.737499237060547
        },
        {
            "jd": 2460518.9112153,
            "fid": 1,
            "diffmaglim": 19.7544002532959
        },
        {
            "jd": 2460520.8351042,
            "fid": 1,
            "diffmaglim": 20.204700469970703
        },
        {
            "jd": 2460520.8779282,
            "fid": 2,
            "diffmaglim": 20.130800247192383
        },
        {
            "jd": 2460522.7717708,
            "fid": 2,
            "diffmaglim": 20.088600158691406
        },
        {
            "jd": 2460522.8330556,
            "fid": 1,
            "diffmaglim": 20.187999725341797
        },
        {
            "jd": 2460525.8337153,
            "fid": 1,
            "diffmaglim": 20.309099197387695
        },
        {
            "jd": 2460527.8127431,
            "fid": 1,
            "diffmaglim": 20.22920036315918
        },
        {
            "jd": 2460527.8576389,
            "fid": 2,
            "diffmaglim": 20.230499267578125
        },
        {
            "jd": 2460528.8984838,
            "fid": 2,
            "diffmaglim": 20.104999542236328
        },
        {
            "jd": 2460529.8335185,
            "fid": 1,
            "diffmaglim": 20.163299560546875
        },
        {
            "jd": 2460531.7726042,
            "fid": 2,
            "diffmaglim": 20.2903995513916
        },
        {
            "jd": 2460536.709919,
            "fid": 2,
            "diffmaglim": 19.89579963684082
        },
        {
            "jd": 2460536.7748495,
            "fid": 1,
            "diffmaglim": 19.91469955444336
        },
        {
            "jd": 2460543.7863426,
            "fid": 2,
            "diffmaglim": 19.372499465942383
        },
        {
            "jd": 2460543.7882292,
            "fid": 2,
            "diffmaglim": 19.381999969482422
        },
        {
            "jd": 2460543.814213,
            "fid": 1,
            "diffmaglim": 19.26650047302246
        },
        {
            "jd": 2460543.8374537,
            "fid": 1,
            "diffmaglim": 19.17650032043457
        },
        {
            "jd": 2460545.7142593,
            "fid": 1,
            "diffmaglim": 19.699499130249023
        },
        {
            "jd": 2460545.7691667,
            "fid": 2,
            "diffmaglim": 19.885700225830078
        }
    ],
    "forcedphot": [
        {
            "objectid": "ZTF24aayikbu",
            "jd": 2460499.8524074,
            "ranr": -99999.0,
            "decnr": -99999.0,
            "fid": 1,
            "forcediffimflux": -99999.0,
            "forcediffimfluxunc": -99999.0,
            "magzpsci": 26.164899826049805
        },
        {
            "objectid": "ZTF24aayikbu",
            "jd": 2460499.8993866,
            "ranr": -99999.0,
            "decnr": -99999.0,
            "fid": 2,
            "forcediffimflux": -99999.0,
            "forcediffimfluxunc": -99999.0,
            "magzpsci": 26.216299057006836
        },
        {
            "objectid": "ZTF24aayikbu",
            "jd": 2460500.8767361,
            "ranr": 315.5171614,
            "decnr": -16.9076556,
            "fid": 2,
            "forcediffimflux": -21.33266830444336,
            "forcediffimfluxunc": 33.328060150146484,
            "magzpsci": 26.208999633789062
        },
        {
            "objectid": "ZTF24aayikbu",
            "jd": 2460501.9131713,
            "ranr": -99999.0,
            "decnr": -99999.0,
            "fid": 1,
            "forcediffimflux": -99999.0,
            "forcediffimfluxunc": -99999.0,
            "magzpsci": 26.098100662231445
        },
        {
            "objectid": "ZTF24aayikbu",
            "jd": 2460502.8560069,
            "ranr": 315.5171614,
            "decnr": -16.9076556,
            "fid": 2,
            "forcediffimflux": -116.5655288696289,
            "forcediffimfluxunc": 29.88768196105957,
            "magzpsci": 26.093799591064453
        },
        {
            "objectid": "ZTF24aayikbu",
            "jd": 2460502.8981597,
            "ranr": 315.5178429,
            "decnr": -16.9073595,
            "fid": 1,
            "forcediffimflux": 112.09474182128906,
            "forcediffimfluxunc": 31.55144691467285,
            "magzpsci": 25.940500259399414
        },
        {
            "objectid": "ZTF24aayikbu",
            "jd": 2460503.8556829,
            "ranr": -99999.0,
            "decnr": -99999.0,
            "fid": 1,
            "forcediffimflux": -99999.0,
            "forcediffimfluxunc": -99999.0,
            "magzpsci": 25.82309913635254
        },
        {
            "objectid": "ZTF24aayikbu",
            "jd": 2460503.9168634,
            "ranr": -99999.0,
            "decnr": -99999.0,
            "fid": 2,
            "forcediffimflux": -99999.0,
            "forcediffimfluxunc": -99999.0,
            "magzpsci": 25.96489906311035
        },
        {
            "objectid": "ZTF24aayikbu",
            "jd": 2460504.8344097,
            "ranr": 315.5178429,
            "decnr": -16.9073595,
            "fid": 1,
            "forcediffimflux": -27.56076431274414,
            "forcediffimfluxunc": 19.09857177734375,
            "magzpsci": 25.939800262451172
        },
        {
            "objectid": "ZTF24aayikbu",
            "jd": 2460504.8777894,
            "ranr": 315.5171614,
            "decnr": -16.9076556,
            "fid": 2,
            "forcediffimflux": -70.266845703125,
            "forcediffimfluxunc": 28.848758697509766,
            "magzpsci": 26.098899841308594
        },
        {
            "objectid": "ZTF24aayikbu",
            "jd": 2460505.8560995,
            "ranr": -99999.0,
            "decnr": -99999.0,
            "fid": 1,
            "forcediffimflux": -99999.0,
            "forcediffimfluxunc": -99999.0,
            "magzpsci": 26.063899993896484
        },
        {
            "objectid": "ZTF24aayikbu",
            "jd": 2460505.8945602,
            "ranr": -99999.0,
            "decnr": -99999.0,
            "fid": 2,
            "forcediffimflux": -99999.0,
            "forcediffimfluxunc": -99999.0,
            "magzpsci": 26.155899047851562
        },
        {
            "objectid": "ZTF24aayikbu",
            "jd": 2460507.8568403,
            "ranr": 315.5171614,
            "decnr": -16.9076556,
            "fid": 2,
            "forcediffimflux": 12.375632286071777,
            "forcediffimfluxunc": 32.83009338378906,
            "magzpsci": 26.208499908447266
        },
        {
            "objectid": "ZTF24aayikbu",
            "jd": 2460508.8236111,
            "ranr": -99999.0,
            "decnr": -99999.0,
            "fid": 2,
            "forcediffimflux": -99999.0,
            "forcediffimfluxunc": -99999.0,
            "magzpsci": 26.13520050048828
        },
        {
            "objectid": "ZTF24aayikbu",
            "jd": 2460509.8743056,
            "ranr": 315.5178429,
            "decnr": -16.9073595,
            "fid": 1,
            "forcediffimflux": -99999.0,
            "forcediffimfluxunc": -99999.0,
            "magzpsci": 26.033199310302734
        },
        {
            "objectid": "ZTF24aayikbu",
            "jd": 2460511.8133796,
            "ranr": 315.5171614,
            "decnr": -16.9076556,
            "fid": 2,
            "forcediffimflux": -219.7725067138672,
            "forcediffimfluxunc": 106.3809814453125,
            "magzpsci": 26.171600341796875
        },
        {
            "objectid": "ZTF24aayikbu",
            "jd": 2460515.8589005,
            "ranr": -99999.0,
            "decnr": -99999.0,
            "fid": 1,
            "forcediffimflux": -99999.0,
            "forcediffimfluxunc": -99999.0,
            "magzpsci": 25.997800827026367
        },
        {
            "objectid": "ZTF24aayikbu",
            "jd": 2460515.8998264,
            "ranr": -99999.0,
            "decnr": -99999.0,
            "fid": 2,
            "forcediffimflux": -99999.0,
            "forcediffimfluxunc": -99999.0,
            "magzpsci": 26.057300567626953
        },
        {
            "objectid": "ZTF24aayikbu",
            "jd": 2460518.8378704,
            "ranr": -99999.0,
            "decnr": -99999.0,
            "fid": 2,
            "forcediffimflux": -99999.0,
            "forcediffimfluxunc": -99999.0,
            "magzpsci": 26.219600677490234
        },
        {
            "objectid": "ZTF24aayikbu",
            "jd": 2460518.9112153,
            "ranr": -99999.0,
            "decnr": -99999.0,
            "fid": 1,
            "forcediffimflux": -99999.0,
            "forcediffimfluxunc": -99999.0,
            "magzpsci": 26.18910026550293
        },
        {
            "objectid": "ZTF24aayikbu",
            "jd": 2460520.8351042,
            "ranr": 315.5178429,
            "decnr": -16.9073595,
            "fid": 1,
            "forcediffimflux": 563.4341430664062,
            "forcediffimfluxunc": 32.50423812866211,
            "magzpsci": 26.23390007019043
        },
        {
            "objectid": "ZTF24aayikbu",
            "jd": 2460520.8779282,
            "ranr": 315.5171614,
            "decnr": -16.9076556,
            "fid": 2,
            "forcediffimflux": 710.6649169921875,
            "forcediffimfluxunc": 42.763893127441406,
            "magzpsci": 26.28890037536621
        },
        {
            "objectid": "ZTF24aayikbu",
            "jd": 2460522.7722454,
            "ranr": -99999.0,
            "decnr": -99999.0,
            "fid": 2,
            "forcediffimflux": -99999.0,
            "forcediffimfluxunc": -99999.0,
            "magzpsci": 26.085100173950195
        },
        {
            "objectid": "ZTF24aayikbu",
            "jd": 2460522.8330556,
            "ranr": 315.5178429,
            "decnr": -16.9073595,
            "fid": 1,
            "forcediffimflux": 496.1708679199219,
            "forcediffimfluxunc": 27.539175033569336,
            "magzpsci": 26.04960060119629
        },
        {
            "objectid": "ZTF24aayikbu",
            "jd": 2460525.7928472,
            "ranr": 315.5171614,
            "decnr": -16.9076556,
            "fid": 2,
            "forcediffimflux": 1650.58740234375,
            "forcediffimfluxunc": 37.29853820800781,
            "magzpsci": 26.197500228881836
        },
        {
            "objectid": "ZTF24aayikbu",
            "jd": 2460525.8337153,
            "ranr": 315.5178429,
            "decnr": -16.9073595,
            "fid": 1,
            "forcediffimflux": 959.6647338867188,
            "forcediffimfluxunc": 31.311742782592773,
            "magzpsci": 26.15519905090332
        },
        {
            "objectid": "ZTF24aayikbu",
            "jd": 2460526.8565741,
            "ranr": -99999.0,
            "decnr": -99999.0,
            "fid": 1,
            "forcediffimflux": -99999.0,
            "forcediffimfluxunc": -99999.0,
            "magzpsci": 26.241500854492188
        },
        {
            "objectid": "ZTF24aayikbu",
            "jd": 2460526.8778241,
            "ranr": -99999.0,
            "decnr": -99999.0,
            "fid": 2,
            "forcediffimflux": -99999.0,
            "forcediffimfluxunc": -99999.0,
            "magzpsci": 26.238800048828125
        },
        {
            "objectid": "ZTF24aayikbu",
            "jd": 2460527.8127431,
            "ranr": 315.5178429,
            "decnr": -16.9073595,
            "fid": 1,
            "forcediffimflux": 1010.42529296875,
            "forcediffimfluxunc": 35.853336334228516,
            "magzpsci": 26.16349983215332
        },
        {
            "objectid": "ZTF24aayikbu",
            "jd": 2460527.8576389,
            "ranr": 315.5171614,
            "decnr": -16.9076556,
            "fid": 2,
            "forcediffimflux": 1993.380126953125,
            "forcediffimfluxunc": 39.89622497558594,
            "magzpsci": 26.209699630737305
        },
        {
            "objectid": "ZTF24aayikbu",
            "jd": 2460528.8984838,
            "ranr": -99999.0,
            "decnr": -99999.0,
            "fid": 2,
            "forcediffimflux": -99999.0,
            "forcediffimfluxunc": -99999.0,
            "magzpsci": 26.13479995727539
        },
        {
            "objectid": "ZTF24aayikbu",
            "jd": 2460529.8335185,
            "ranr": 315.5178429,
            "decnr": -16.9073595,
            "fid": 1,
            "forcediffimflux": 857.6177368164062,
            "forcediffimfluxunc": 31.532588958740234,
            "magzpsci": 26.041400909423828
        },
        {
            "objectid": "ZTF24aayikbu",
            "jd": 2460529.8572685,
            "ranr": 315.5171614,
            "decnr": -16.9076556,
            "fid": 2,
            "forcediffimflux": 1766.3192138671875,
            "forcediffimfluxunc": 48.491188049316406,
            "magzpsci": 26.039499282836914
        },
        {
            "objectid": "ZTF24aayikbu",
            "jd": 2460531.7726042,
            "ranr": -99999.0,
            "decnr": -99999.0,
            "fid": 2,
            "forcediffimflux": -99999.0,
            "forcediffimfluxunc": -99999.0,
            "magzpsci": 26.12779998779297
        },
        {
            "objectid": "ZTF24aayikbu",
            "jd": 2460531.8159028,
            "ranr": -99999.0,
            "decnr": -99999.0,
            "fid": 1,
            "forcediffimflux": -99999.0,
            "forcediffimfluxunc": -99999.0,
            "magzpsci": 26.145599365234375
        },
        {
            "objectid": "ZTF24aayikbu",
            "jd": 2460536.709919,
            "ranr": -99999.0,
            "decnr": -99999.0,
            "fid": 2,
            "forcediffimflux": -99999.0,
            "forcediffimfluxunc": -99999.0,
            "magzpsci": 26.245100021362305
        },
        {
            "objectid": "ZTF24aayikbu",
            "jd": 2460536.7609144,
            "ranr": 315.5171614,
            "decnr": -16.9076556,
            "fid": 2,
            "forcediffimflux": 2234.68359375,
            "forcediffimfluxunc": 48.266136169433594,
            "magzpsci": 26.2893009185791
        },
        {
            "objectid": "ZTF24aayikbu",
            "jd": 2460536.7757986,
            "ranr": -99999.0,
            "decnr": -99999.0,
            "fid": 1,
            "forcediffimflux": -99999.0,
            "forcediffimfluxunc": -99999.0,
            "magzpsci": 26.286399841308594
        },
        {
            "objectid": "ZTF24aayikbu",
            "jd": 2460538.7738194,
            "ranr": -99999.0,
            "decnr": -99999.0,
            "fid": 2,
            "forcediffimflux": -99999.0,
            "forcediffimfluxunc": -99999.0,
            "magzpsci": 26.26689910888672
        },
        {
            "objectid": "ZTF24aayikbu",
            "jd": 2460538.8149884,
            "ranr": -99999.0,
            "decnr": -99999.0,
            "fid": 1,
            "forcediffimflux": -99999.0,
            "forcediffimfluxunc": -99999.0,
            "magzpsci": 26.27359962463379
        },
        {
            "objectid": "ZTF24aayikbu",
            "jd": 2460543.7882292,
            "ranr": 315.5171614,
            "decnr": -16.9076556,
            "fid": 2,
            "forcediffimflux": 1518.592529296875,
            "forcediffimfluxunc": 73.28938293457031,
            "magzpsci": 26.28689956665039
        },
        {
            "objectid": "ZTF24aayikbu",
            "jd": 2460543.8374537,
            "ranr": -99999.0,
            "decnr": -99999.0,
            "fid": 1,
            "forcediffimflux": -99999.0,
            "forcediffimfluxunc": -99999.0,
            "magzpsci": 26.250699996948242
        },
        {
            "objectid": "ZTF24aayikbu",
            "jd": 2460545.7142593,
            "ranr": 315.5178429,
            "decnr": -16.9073595,
            "fid": 1,
            "forcediffimflux": -99999.0,
            "forcediffimfluxunc": -99999.0,
            "magzpsci": 26.23780059814453
        },
        {
            "objectid": "ZTF24aayikbu",
            "jd": 2460545.7691667,
            "ranr": -99999.0,
            "decnr": -99999.0,
            "fid": 2,
            "forcediffimflux": -99999.0,
            "forcediffimfluxunc": -99999.0,
            "magzpsci": 26.26689910888672
        },
        {
            "objectid": "ZTF24aayikbu",
            "jd": 2460545.812581,
            "ranr": 315.5171614,
            "decnr": -16.9076556,
            "fid": 2,
            "forcediffimflux": 1652.492431640625,
            "forcediffimfluxunc": 57.265960693359375,
            "magzpsci": 26.30270004272461
        },
        {
            "objectid": "ZTF24aayikbu",
            "jd": 2460545.8173727,
            "ranr": -99999.0,
            "decnr": -99999.0,
            "fid": 1,
            "forcediffimflux": -99999.0,
            "forcediffimfluxunc": -99999.0,
            "magzpsci": 26.27090072631836
        }
    ]
}