{
    "objectId": "ZTF20aauwhfa",
    "candidates": [
        {
            "candid": 1200382622615015029,
            "jd": 2458954.8826273,
            "ra": 218.1603106,
            "dec": 31.6709366,
            "fid": 1,
            "nid": 1200,
            "magpsf": 18.355300903320312,
            "sigmapsf": 0.08586200326681137,
            "magnr": 16.81999969482422,
            "sigmagnr": 0.08500000089406967,
            "magzpsci": 26.290300369262695,
            "isdiffpos": "t",
            "ssdistnr": -999.0,
            "ssnamenr": "null",
            "drb": 0.99863600730896
        },
        {
            "candid": 1200455552615015022,
            "jd": 2458954.9555556,
            "ra": 218.1603038,
            "dec": 31.6709639,
            "fid": 2,
            "nid": 1200,
            "magpsf": 17.685100555419922,
            "sigmapsf": 0.0471160002052784,
            "magnr": 16.597000122070312,
            "sigmagnr": 0.11400000005960464,
            "magzpsci": 26.257099151611328,
            "isdiffpos": "t",
            "ssdistnr": -999.0,
            "ssnamenr": "null",
            "drb": 0.9999949932098389
        },
        {
            "candid": 1201401522615015026,
            "jd": 2458955.9015278,
            "ra": 218.1602921,
            "dec": 31.6709587,
            "fid": 1,
            "nid": 1201,
            "magpsf": 18.326000213623047,
            "sigmapsf": 0.07186999917030334,
            "magnr": 16.81999969482422,
            "sigmagnr": 0.08500000089406967,
            "magzpsci": 26.31399917602539,
            "isdiffpos": "t",
            "ssdistnr": -999.0,
            "ssnamenr": "null",
            "drb": 0.9430059790611267
        },
        {
            "candid": 1201423842615015016,
            "jd": 2458955.9238426,
            "ra": 218.1602759,
            "dec": 31.6709757,
            "fid": 2,
            "nid": 1201,
            "magpsf": 17.60919952392578,
            "sigmapsf": 0.05986899882555008,
            "magnr": 16.597000122070312,
            "sigmagnr": 0.11400000005960464,
            "magzpsci": 26.28619956970215,
            "isdiffpos": "t",
            "ssdistnr": -999.0,
            "ssnamenr": "null",
            "drb": 0.9999250173568726
        },
        {
            "candid": 1202362102615015013,
            "jd": 2458956.8621065,
            "ra": 218.1603129,
            "dec": 31.6709719,
            "fid": 1,
            "nid": 1202,
            "magpsf": 18.020200729370117,
            "sigmapsf": 0.1212719976902008,
            "magnr": 16.81999969482422,
            "sigmagnr": 0.08500000089406967,
            "magzpsci": 25.43120002746582,
            "isdiffpos": "t",
            "ssdistnr": -999.0,
            "ssnamenr": "null",
            "drb": 0.8924779891967773
        },
        {
            "candid": 1207409162615015019,
            "jd": 2458961.9091667,
            "ra": 218.1602809,
            "dec": 31.6709614,
            "fid": 2,
            "nid": 1207,
            "magpsf": 17.41189956665039,
            "sigmapsf": 0.0466109998524189,
            "magnr": 16.597000122070312,
            "sigmagnr": 0.11400000005960464,
            "magzpsci": 26.225900650024414,
            "isdiffpos": "t",
            "ssdistnr": -999.0,
            "ssnamenr": "null",
            "drb": 0.9999930262565613
        },
        {
            "candid": 1208316802615015020,
            "jd": 2458962.8168056,
            "ra": 218.1602963,
            "dec": 31.6709702,
            "fid": 2,
            "nid": 1208,
            "magpsf": 17.417400360107422,
            "sigmapsf": 0.04510200023651123,
            "magnr": 16.597000122070312,
            "sigmagnr": 0.11400000005960464,
            "magzpsci": 26.273399353027344,
            "isdiffpos": "t",
            "ssdistnr": -999.0,
            "ssnamenr": "null",
            "drb": 0.9999889731407166
        },
        {
            "candid": 1208355152615015024,
            "jd": 2458962.8551505,
            "ra": 218.1603291,
            "dec": 31.6709365,
            "fid": 1,
            "nid": 1208,
            "magpsf": 18.30579948425293,
            "sigmapsf": 0.07146400213241577,
            "magnr": 16.81999969482422,
            "sigmagnr": 0.08500000089406967,
            "magzpsci": 26.28580093383789,
            "isdiffpos": "t",
            "ssdistnr": -999.0,
            "ssnamenr": "null",
            "drb": 0.8619850277900696
        },
        {
            "candid": 1209295322615015025,
            "jd": 2458963.7953241,
            "ra": 218.1602956,
            "dec": 31.6709685,
            "fid": 1,
            "nid": 1209,
            "magpsf": 18.362499237060547,
            "sigmapsf": 0.0882520005106926,
            "magnr": 16.81999969482422,
            "sigmagnr": 0.08500000089406967,
            "magzpsci": 26.265499114990234,
            "isdiffpos": "t",
            "ssdistnr": -999.0,
            "ssnamenr": "null",
            "drb": 0.9322519898414612
        },
        {
            "candid": 1209357212615015016,
            "jd": 2458963.8572106,
            "ra": 218.1603114,
            "dec": 31.6709648,
            "fid": 1,
            "nid": 1209,
            "magpsf": 18.383699417114258,
            "sigmapsf": 0.08201099932193756,
            "magnr": 16.81999969482422,
            "sigmagnr": 0.08500000089406967,
            "magzpsci": 26.281700134277344,
            "isdiffpos": "t",
            "ssdistnr": -999.0,
            "ssnamenr": "null",
            "drb": 0.9945449829101562
        },
        {
            "candid": 1210284802615015010,
            "jd": 2458964.7848032,
            "ra": 218.1602742,
            "dec": 31.6709933,
            "fid": 2,
            "nid": 1210,
            "magpsf": 17.521400451660156,
            "sigmapsf": 0.055383000522851944,
            "magnr": 16.597000122070312,
            "sigmagnr": 0.11400000005960464,
            "magzpsci": 26.262399673461914,
            "isdiffpos": "t",
            "ssdistnr": -999.0,
            "ssnamenr": "null",
            "drb": 0.983555018901825
        },
        {
            "candid": 1210342332615015022,
            "jd": 2458964.842338,
            "ra": 218.1603168,
            "dec": 31.6709394,
            "fid": 1,
            "nid": 1210,
            "magpsf": 18.535999298095703,
            "sigmapsf": 0.08957400172948837,
            "magnr": 16.81999969482422,
            "sigmagnr": 0.08500000089406967,
            "magzpsci": 26.297000885009766,
            "isdiffpos": "t",
            "ssdistnr": -999.0,
            "ssnamenr": "null",
            "drb": 0.7518029808998108
        },
        {
            "candid": 1211259892615015031,
            "jd": 2458965.7598958,
            "ra": 218.1603268,
            "dec": 31.6709495,
            "fid": 1,
            "nid": 1211,
            "magpsf": 18.56130027770996,
            "sigmapsf": 0.09365099668502808,
            "magnr": 16.81999969482422,
            "sigmagnr": 0.08500000089406967,
            "magzpsci": 26.297300338745117,
            "isdiffpos": "t",
            "ssdistnr": -999.0,
            "ssnamenr": "null",
            "drb": 0.6880480051040649
        },
        {
            "candid": 1211314292615015007,
            "jd": 2458965.814294,
            "ra": 218.1602985,
            "dec": 31.6709717,
            "fid": 2,
            "nid": 1211,
            "magpsf": 17.545900344848633,
            "sigmapsf": 0.06428799778223038,
            "magnr": 16.597000122070312,
            "sigmagnr": 0.11400000005960464,
            "magzpsci": 26.276899337768555,
            "isdiffpos": "t",
            "ssdistnr": -999.0,
            "ssnamenr": "null",
            "drb": 0.9890350103378296
        },
        {
            "candid": 1212372062615015033,
            "jd": 2458966.8720602,
            "ra": 218.1602776,
            "dec": 31.6709882,
            "fid": 2,
            "nid": 1212,
            "magpsf": 17.571800231933594,
            "sigmapsf": 0.052567001432180405,
            "magnr": 16.597000122070312,
            "sigmagnr": 0.11400000005960464,
            "magzpsci": 26.25480079650879,
            "isdiffpos": "t",
            "ssdistnr": -999.0,
            "ssnamenr": "null",
            "drb": 0.999987006187439
        },
        {
            "candid": 1212415052615015021,
            "jd": 2458966.9150579,
            "ra": 218.1603517,
            "dec": 31.6709358,
            "fid": 1,
            "nid": 1212,
            "magpsf": 18.7362003326416,
            "sigmapsf": 0.10181300342082977,
            "magnr": 16.81999969482422,
            "sigmagnr": 0.08500000089406967,
            "magzpsci": 26.267200469970703,
            "isdiffpos": "t",
            "ssdistnr": -999.0,
            "ssnamenr": "null",
            "drb": 0.8041660189628601
        },
        {
            "candid": 1213276292615015022,
            "jd": 2458967.7762963,
            "ra": 218.1603079,
            "dec": 31.6709286,
            "fid": 1,
            "nid": 1213,
            "magpsf": 18.83839988708496,
            "sigmapsf": 0.1191750019788742,
            "magnr": 16.81999969482422,
            "sigmagnr": 0.08500000089406967,
            "magzpsci": 26.269399642944336,
            "isdiffpos": "t",
            "ssdistnr": -999.0,
            "ssnamenr": "null",
            "drb": 0.8139600157737732
        },
        {
            "candid": 1214288132615015015,
            "jd": 2458968.7881366,
            "ra": 218.1603014,
            "dec": 31.67093,
            "fid": 1,
            "nid": 1214,
            "magpsf": 18.886199951171875,
            "sigmapsf": 0.14196300506591797,
            "magnr": 16.81999969482422,
            "sigmagnr": 0.08500000089406967,
            "magzpsci": 26.32819938659668,
            "isdiffpos": "t",
            "ssdistnr": -999.0,
            "ssnamenr": "null",
            "drb": 0.9160090088844299
        },
        {
            "candid": 1214312672615015011,
            "jd": 2458968.8126736,
            "ra": 218.1603024,
            "dec": 31.6709415,
            "fid": 1,
            "nid": 1214,
            "magpsf": 18.903099060058594,
            "sigmapsf": 0.11077000200748444,
            "magnr": 16.81999969482422,
            "sigmagnr": 0.08500000089406967,
            "magzpsci": 26.341100692749023,
            "isdiffpos": "t",
            "ssdistnr": -999.0,
            "ssnamenr": "null",
            "drb": 0.9852229952812195
        },
        {
            "candid": 1214382462615015011,
            "jd": 2458968.8824653,
            "ra": 218.1602912,
            "dec": 31.6709687,
            "fid": 2,
            "nid": 1214,
            "magpsf": 17.687400817871094,
            "sigmapsf": 0.044270001351833344,
            "magnr": 16.597000122070312,
            "sigmagnr": 0.11400000005960464,
            "magzpsci": 26.341400146484375,
            "isdiffpos": "t",
            "ssdistnr": -999.0,
            "ssnamenr": "null",
            "drb": 0.9994270205497742
        },
        {
            "candid": 1216276852615015008,
            "jd": 2458970.7768519,
            "ra": 218.1603308,
            "dec": 31.6708858,
            "fid": 1,
            "nid": 1216,
            "magpsf": 19.066299438476562,
            "sigmapsf": 0.13406899571418762,
            "magnr": 16.81999969482422,
            "sigmagnr": 0.08500000089406967,
            "magzpsci": 26.3572998046875,
            "isdiffpos": "t",
            "ssdistnr": -999.0,
            "ssnamenr": "null",
            "drb": 0.9973689913749695
        },
        {
            "candid": 1216391722615015018,
            "jd": 2458970.8917245,
            "ra": 218.1602875,
            "dec": 31.6709691,
            "fid": 2,
            "nid": 1216,
            "magpsf": 17.7322998046875,
            "sigmapsf": 0.04665499925613403,
            "magnr": 16.597000122070312,
            "sigmagnr": 0.11400000005960464,
            "magzpsci": 26.308300018310547,
            "isdiffpos": "t",
            "ssdistnr": -999.0,
            "ssnamenr": "null",
            "drb": 0.9986680150032043
        },
        {
            "candid": 1217382732615015003,
            "jd": 2458971.8827315,
            "ra": 218.160286,
            "dec": 31.6709654,
            "fid": 2,
            "nid": 1217,
            "magpsf": 17.814699172973633,
            "sigmapsf": 0.061170000582933426,
            "magnr": 16.597000122070312,
            "sigmagnr": 0.11400000005960464,
            "magzpsci": 26.30769920349121,
            "isdiffpos": "t",
            "ssdistnr": -999.0,
            "ssnamenr": "null",
            "drb": 0.9999949932098389
        },
        {
            "candid": 1218275452615015005,
            "jd": 2458972.7754514,
            "ra": 218.160359,
            "dec": 31.6709226,
            "fid": 1,
            "nid": 1218,
            "magpsf": 19.185400009155273,
            "sigmapsf": 0.16157099604606628,
            "magnr": 16.81999969482422,
            "sigmagnr": 0.08500000089406967,
            "magzpsci": 26.311399459838867,
            "isdiffpos": "t",
            "ssdistnr": -999.0,
            "ssnamenr": "-999.0",
            "drb": null
        },
        {
            "candid": 1218381452615015004,
            "jd": 2458972.8814583,
            "ra": 218.1602933,
            "dec": 31.6709879,
            "fid": 2,
            "nid": 1218,
            "magpsf": 17.90999984741211,
            "sigmapsf": 0.06464400142431259,
            "magnr": 16.597000122070312,
            "sigmagnr": 0.11400000005960464,
            "magzpsci": 26.292999267578125,
            "isdiffpos": "t",
            "ssdistnr": -999.0,
            "ssnamenr": "null",
            "drb": 0.999970018863678
        },
        {
            "candid": 1219306162615015009,
            "jd": 2458973.806169,
            "ra": 218.1602559,
            "dec": 31.6709875,
            "fid": 2,
            "nid": 1219,
            "magpsf": 17.906299591064453,
            "sigmapsf": 0.06826899945735931,
            "magnr": 16.597000122070312,
            "sigmagnr": 0.11400000005960464,
            "magzpsci": 26.30929946899414,
            "isdiffpos": "t",
            "ssdistnr": -999.0,
            "ssnamenr": "null",
            "drb": 0.999970018863678
        },
        {
            "candid": 1220277392615015004,
            "jd": 2458974.7773958,
            "ra": 218.1602713,
            "dec": 31.6709705,
            "fid": 2,
            "nid": 1220,
            "magpsf": 17.978700637817383,
            "sigmapsf": 0.07697299867868423,
            "magnr": 16.597000122070312,
            "sigmagnr": 0.11400000005960464,
            "magzpsci": 26.301700592041016,
            "isdiffpos": "t",
            "ssdistnr": -999.0,
            "ssnamenr": "null",
            "drb": 0.9999210238456726
        },
        {
            "candid": 1220300892615015003,
            "jd": 2458974.8008912,
            "ra": 218.1602929,
            "dec": 31.6709564,
            "fid": 2,
            "nid": 1220,
            "magpsf": 17.922199249267578,
            "sigmapsf": 0.05785199999809265,
            "magnr": 16.597000122070312,
            "sigmagnr": 0.11400000005960464,
            "magzpsci": 26.30120086669922,
            "isdiffpos": "t",
            "ssdistnr": -999.0,
            "ssnamenr": "null",
            "drb": 0.9998630285263062
        },
        {
            "candid": 1221383662615015005,
            "jd": 2458975.883669,
            "ra": 218.160296,
            "dec": 31.670974,
            "fid": 2,
            "nid": 1221,
            "magpsf": 18.014699935913086,
            "sigmapsf": 0.069582000374794,
            "magnr": 16.597000122070312,
            "sigmagnr": 0.11400000005960464,
            "magzpsci": 26.287700653076172,
            "isdiffpos": "t",
            "ssdistnr": -999.0,
            "ssnamenr": "null",
            "drb": 0.9999930262565613
        },
        {
            "candid": 1222296082615015008,
            "jd": 2458976.796088,
            "ra": 218.1603158,
            "dec": 31.670973,
            "fid": 2,
            "nid": 1222,
            "magpsf": 18.147499084472656,
            "sigmapsf": 0.06872600317001343,
            "magnr": 16.597000122070312,
            "sigmagnr": 0.11400000005960464,
            "magzpsci": 26.3174991607666,
            "isdiffpos": "t",
            "ssdistnr": -999.0,
            "ssnamenr": "null",
            "drb": 0.9997919797897339
        },
        {
            "candid": 1222304272615015004,
            "jd": 2458976.8042708,
            "ra": 218.160303,
            "dec": 31.6709766,
            "fid": 2,
            "nid": 1222,
            "magpsf": 18.114599227905273,
            "sigmapsf": 0.08033499866724014,
            "magnr": 16.597000122070312,
            "sigmagnr": 0.11400000005960464,
            "magzpsci": 26.28260040283203,
            "isdiffpos": "t",
            "ssdistnr": -999.0,
            "ssnamenr": "null",
            "drb": 0.9999570250511169
        },
        {
            "candid": 1223269382615015001,
            "jd": 2458977.7693866,
            "ra": 218.1602687,
            "dec": 31.6709881,
            "fid": 2,
            "nid": 1223,
            "magpsf": 18.211599349975586,
            "sigmapsf": 0.08487799763679504,
            "magnr": 16.597000122070312,
            "sigmagnr": 0.11400000005960464,
            "magzpsci": 26.17259979248047,
            "isdiffpos": "t",
            "ssdistnr": -999.0,
            "ssnamenr": "null",
            "drb": 0.9999229907989502
        },
        {
            "candid": 1224272672615015008,
            "jd": 2458978.7726736,
            "ra": 218.1602551,
            "dec": 31.6710116,
            "fid": 2,
            "nid": 1224,
            "magpsf": 18.375499725341797,
            "sigmapsf": 0.07174000144004822,
            "magnr": 16.597000122070312,
            "sigmagnr": 0.11400000005960464,
            "magzpsci": 26.303499221801758,
            "isdiffpos": "t",
            "ssdistnr": -999.0,
            "ssnamenr": "null",
            "drb": 0.9915239810943604
        },
        {
            "candid": 1227252732615015012,
            "jd": 2458981.7527315,
            "ra": 218.1603058,
            "dec": 31.6709369,
            "fid": 2,
            "nid": 1227,
            "magpsf": 18.400800704956055,
            "sigmapsf": 0.07889699935913086,
            "magnr": 16.597000122070312,
            "sigmagnr": 0.11400000005960464,
            "magzpsci": 26.295799255371094,
            "isdiffpos": "t",
            "ssdistnr": -999.0,
            "ssnamenr": "null",
            "drb": 0.9997789859771729
        },
        {
            "candid": 1231275242615015011,
            "jd": 2458985.7752431,
            "ra": 218.1602627,
            "dec": 31.670955,
            "fid": 2,
            "nid": 1231,
            "magpsf": 18.734699249267578,
            "sigmapsf": 0.08142799884080887,
            "magnr": 16.597000122070312,
            "sigmagnr": 0.11400000005960464,
            "magzpsci": 26.28969955444336,
            "isdiffpos": "t",
            "ssdistnr": -999.0,
            "ssnamenr": "null",
            "drb": 0.9995229840278625
        },
        {
            "candid": 1237233112615015019,
            "jd": 2458991.7331134,
            "ra": 218.1602352,
            "dec": 31.6709447,
            "fid": 2,
            "nid": 1237,
            "magpsf": 18.945600509643555,
            "sigmapsf": 0.08914399892091751,
            "magnr": 16.597000122070312,
            "sigmagnr": 0.11400000005960464,
            "magzpsci": 26.301599502563477,
            "isdiffpos": "t",
            "ssdistnr": -999.0,
            "ssnamenr": "null",
            "drb": 0.9999330043792725
        },
        {
            "candid": 1240289502615015015,
            "jd": 2458994.7895023,
            "ra": 218.1602601,
            "dec": 31.670966,
            "fid": 2,
            "nid": 1240,
            "magpsf": 18.837400436401367,
            "sigmapsf": 0.08539699763059616,
            "magnr": 16.597000122070312,
            "sigmagnr": 0.11400000005960464,
            "magzpsci": 26.293399810791016,
            "isdiffpos": "t",
            "ssdistnr": -999.0,
            "ssnamenr": "null",
            "drb": 0.9999650120735168
        },
        {
            "jd": 2458936.95419,
            "fid": 2,
            "diffmaglim": 20.604000091552734
        },
        {
            "jd": 2458936.96744,
            "fid": 1,
            "diffmaglim": 20.790000915527344
        },
        {
            "jd": 2458939.9541,
            "fid": 1,
            "diffmaglim": 19.315000534057617
        },
        {
            "jd": 2458940.95677,
            "fid": 2,
            "diffmaglim": 18.270999908447266
        },
        {
            "jd": 2458941.92412,
            "fid": 2,
            "diffmaglim": 20.589000701904297
        },
        {
            "jd": 2458941.97713,
            "fid": 1,
            "diffmaglim": 20.636999130249023
        },
        {
            "jd": 2458943.92359,
            "fid": 1,
            "diffmaglim": 20.062000274658203
        },
        {
            "jd": 2458943.96623,
            "fid": 2,
            "diffmaglim": 20.243999481201172
        },
        {
            "jd": 2458944.87582,
            "fid": 2,
            "diffmaglim": 19.7810001373291
        },
        {
            "jd": 2458944.97411,
            "fid": 1,
            "diffmaglim": 19.767000198364258
        },
        {
            "jd": 2458969.85954,
            "fid": 2,
            "diffmaglim": 16.402999877929688
        },
        {
            "jd": 2458973.76744,
            "fid": 1,
            "diffmaglim": 19.82699966430664
        },
        {
            "jd": 2458974.95225,
            "fid": 1,
            "diffmaglim": 19.593000411987305
        },
        {
            "jd": 2458975.75238,
            "fid": 1,
            "diffmaglim": 19.570999145507812
        },
        {
            "jd": 2458975.77236,
            "fid": 1,
            "diffmaglim": 19.218000411987305
        }
    ],
    "forcedphot": []
}