{
    "objectId": "ZTF20acwcisk",
    "candidates": [
        {
            "candid": 1425482822815015000,
            "jd": 2459179.9828241,
            "ra": 140.6629388,
            "dec": 11.6431428,
            "fid": 1,
            "nid": 1425,
            "magpsf": 20.62470054626465,
            "sigmapsf": 0.2719680070877075,
            "magnr": 18.89299964904785,
            "sigmagnr": 0.07699999958276749,
            "magzpsci": 26.362699508666992,
            "isdiffpos": "t",
            "ssdistnr": -999.0,
            "ssnamenr": "-999.0",
            "drb": null
        },
        {
            "candid": 1433477392815015000,
            "jd": 2459187.9773958,
            "ra": 140.6629999,
            "dec": 11.6431522,
            "fid": 2,
            "nid": 1433,
            "magpsf": 19.45490074157715,
            "sigmapsf": 0.246970996260643,
            "magnr": 18.264999389648438,
            "sigmagnr": 0.0689999982714653,
            "magzpsci": 26.357900619506836,
            "isdiffpos": "t",
            "ssdistnr": -999.0,
            "ssnamenr": "-999.0",
            "drb": null
        },
        {
            "candid": 1440478192815015000,
            "jd": 2459194.9781944,
            "ra": 140.6628333,
            "dec": 11.6432897,
            "fid": 2,
            "nid": 1440,
            "magpsf": 19.73900032043457,
            "sigmapsf": 0.14592500030994415,
            "magnr": 18.264999389648438,
            "sigmagnr": 0.0689999982714653,
            "magzpsci": 26.35700035095215,
            "isdiffpos": "t",
            "ssdistnr": -999.0,
            "ssnamenr": "null",
            "drb": 0.9999709725379944
        },
        {
            "candid": 1442483022815015000,
            "jd": 2459196.9830208,
            "ra": 140.6627855,
            "dec": 11.643259,
            "fid": 2,
            "nid": 1442,
            "magpsf": 19.735700607299805,
            "sigmapsf": 0.23064599931240082,
            "magnr": 18.264999389648438,
            "sigmagnr": 0.0689999982714653,
            "magzpsci": 26.345699310302734,
            "isdiffpos": "t",
            "ssdistnr": -999.0,
            "ssnamenr": "-999.0",
            "drb": null
        },
        {
            "candid": 1445405752815015000,
            "jd": 2459199.9057523,
            "ra": 140.6629175,
            "dec": 11.6432999,
            "fid": 2,
            "nid": 1445,
            "magpsf": 19.98509979248047,
            "sigmapsf": 0.18236200511455536,
            "magnr": 18.264999389648438,
            "sigmagnr": 0.0689999982714653,
            "magzpsci": 26.344100952148438,
            "isdiffpos": "t",
            "ssdistnr": -999.0,
            "ssnamenr": "null",
            "drb": 0.9651250243186951
        },
        {
            "candid": 1447477152815015000,
            "jd": 2459201.9771528,
            "ra": 140.6628467,
            "dec": 11.6433039,
            "fid": 2,
            "nid": 1447,
            "magpsf": 19.939899444580078,
            "sigmapsf": 0.13548600673675537,
            "magnr": 18.264999389648438,
            "sigmagnr": 0.0689999982714653,
            "magzpsci": 26.350900650024414,
            "isdiffpos": "t",
            "ssdistnr": -999.0,
            "ssnamenr": "-999.0",
            "drb": null
        },
        {
            "candid": 1449479512815015001,
            "jd": 2459203.9795139,
            "ra": 140.6629028,
            "dec": 11.6431311,
            "fid": 2,
            "nid": 1449,
            "magpsf": 20.16819953918457,
            "sigmapsf": 0.20389699935913086,
            "magnr": 18.264999389648438,
            "sigmagnr": 0.0689999982714653,
            "magzpsci": 26.35219955444336,
            "isdiffpos": "t",
            "ssdistnr": -999.0,
            "ssnamenr": "null",
            "drb": 0.9998700022697449
        },
        {
            "jd": 2459165.99632,
            "fid": 2,
            "diffmaglim": 20.6200008392334
        },
        {
            "jd": 2459166.02306,
            "fid": 1,
            "diffmaglim": 20.775999069213867
        },
        {
            "jd": 2459168.98551,
            "fid": 1,
            "diffmaglim": 20.722999572753906
        },
        {
            "jd": 2459169.02497,
            "fid": 2,
            "diffmaglim": 20.45599937438965
        },
        {
            "jd": 2459170.98193,
            "fid": 1,
            "diffmaglim": 20.68899917602539
        },
        {
            "jd": 2459171.02713,
            "fid": 2,
            "diffmaglim": 20.302000045776367
        },
        {
            "jd": 2459174.00764,
            "fid": 2,
            "diffmaglim": 20.131000518798828
        },
        {
            "jd": 2459175.02598,
            "fid": 1,
            "diffmaglim": 20.062999725341797
        },
        {
            "jd": 2459175.05007,
            "fid": 2,
            "diffmaglim": 19.660999298095703
        },
        {
            "jd": 2459177.00243,
            "fid": 1,
            "diffmaglim": 20.687000274658203
        },
        {
            "jd": 2459177.04147,
            "fid": 2,
            "diffmaglim": 20.486000061035156
        },
        {
            "jd": 2459181.98394,
            "fid": 2,
            "diffmaglim": 19.933000564575195
        },
        {
            "jd": 2459182.02325,
            "fid": 1,
            "diffmaglim": 20.009000778198242
        },
        {
            "jd": 2459184.00358,
            "fid": 2,
            "diffmaglim": 17.445999145507812
        },
        {
            "jd": 2459185.97132,
            "fid": 2,
            "diffmaglim": 19.945999145507812
        },
        {
            "jd": 2459185.98573,
            "fid": 1,
            "diffmaglim": 19.531999588012695
        },
        {
            "jd": 2459192.98694,
            "fid": 2,
            "diffmaglim": 16.548999786376953
        },
        {
            "jd": 2459194.94194,
            "fid": 1,
            "diffmaglim": 20.535999298095703
        }
    ],
    "forcedphot": []
}