{
    "objectId": "ZTF21abltdts",
    "candidates": [
        {
            "candid": 1650377523515015001,
            "jd": 2459404.8775231,
            "ra": 322.3481438,
            "dec": -16.236295,
            "fid": 1,
            "nid": 1650,
            "magpsf": 20.35930061340332,
            "sigmapsf": 0.2923949956893921,
            "magnr": 21.77400016784668,
            "sigmagnr": 0.20100000500679016,
            "magzpsci": 25.93630027770996,
            "isdiffpos": "t",
            "ssdistnr": null,
            "ssnamenr": null,
            "drb": null
        },
        {
            "candid": 1652390153515015001,
            "jd": 2459406.8901505,
            "ra": 322.3480677,
            "dec": -16.2362584,
            "fid": 1,
            "nid": 1652,
            "magpsf": 19.931699752807617,
            "sigmapsf": 0.22636599838733673,
            "magnr": 21.77400016784668,
            "sigmagnr": 0.20100000500679016,
            "magzpsci": 25.882699966430664,
            "isdiffpos": "t",
            "ssdistnr": null,
            "ssnamenr": null,
            "drb": null
        },
        {
            "candid": 1655311443515015004,
            "jd": 2459409.8114468,
            "ra": 322.3480954,
            "dec": -16.2362125,
            "fid": 2,
            "nid": 1655,
            "magpsf": 19.646299362182617,
            "sigmapsf": 0.1315629929304123,
            "magnr": 21.20800018310547,
            "sigmagnr": 0.10400000214576721,
            "magzpsci": 25.979299545288086,
            "isdiffpos": "t",
            "ssdistnr": null,
            "ssnamenr": null,
            "drb": null
        },
        {
            "candid": 1655399813515015001,
            "jd": 2459409.8998148,
            "ra": 322.3481373,
            "dec": -16.2362312,
            "fid": 1,
            "nid": 1655,
            "magpsf": 19.56279945373535,
            "sigmapsf": 0.1414870023727417,
            "magnr": 21.77400016784668,
            "sigmagnr": 0.20100000500679016,
            "magzpsci": 25.955799102783203,
            "isdiffpos": "t",
            "ssdistnr": null,
            "ssnamenr": null,
            "drb": null
        },
        {
            "candid": 1657332853515015004,
            "jd": 2459411.8328588,
            "ra": 322.3481433,
            "dec": -16.2361835,
            "fid": 1,
            "nid": 1657,
            "magpsf": 19.358200073242188,
            "sigmapsf": 0.1755709946155548,
            "magnr": 21.77400016784668,
            "sigmagnr": 0.20100000500679016,
            "magzpsci": 25.728200912475586,
            "isdiffpos": "t",
            "ssdistnr": null,
            "ssnamenr": null,
            "drb": null
        },
        {
            "candid": 1660399363515015003,
            "jd": 2459414.8993634,
            "ra": 322.3481301,
            "dec": -16.2362467,
            "fid": 1,
            "nid": 1660,
            "magpsf": 19.26180076599121,
            "sigmapsf": 0.13459399342536926,
            "magnr": 21.77400016784668,
            "sigmagnr": 0.20100000500679016,
            "magzpsci": 26.143800735473633,
            "isdiffpos": "t",
            "ssdistnr": null,
            "ssnamenr": null,
            "drb": null
        },
        {
            "candid": 1662409013515015001,
            "jd": 2459416.9090162,
            "ra": 322.3480724,
            "dec": -16.2362777,
            "fid": 2,
            "nid": 1662,
            "magpsf": 19.340599060058594,
            "sigmapsf": 0.27423301339149475,
            "magnr": 21.20800018310547,
            "sigmagnr": 0.10400000214576721,
            "magzpsci": 25.64259910583496,
            "isdiffpos": "t",
            "ssdistnr": null,
            "ssnamenr": null,
            "drb": null
        },
        {
            "candid": 1668380213515015002,
            "jd": 2459422.8802199,
            "ra": 322.3481327,
            "dec": -16.2361891,
            "fid": 2,
            "nid": 1668,
            "magpsf": 19.263700485229492,
            "sigmapsf": 0.14974600076675415,
            "magnr": 21.20800018310547,
            "sigmagnr": 0.10400000214576721,
            "magzpsci": 26.22570037841797,
            "isdiffpos": "t",
            "ssdistnr": null,
            "ssnamenr": null,
            "drb": null
        },
        {
            "candid": 1670311783515015002,
            "jd": 2459424.8117824,
            "ra": 322.3480923,
            "dec": -16.2361612,
            "fid": 1,
            "nid": 1670,
            "magpsf": 19.911800384521484,
            "sigmapsf": 0.2599000036716461,
            "magnr": 21.77400016784668,
            "sigmagnr": 0.20100000500679016,
            "magzpsci": 26.167800903320312,
            "isdiffpos": "t",
            "ssdistnr": 29.0,
            "ssnamenr": "500106",
            "drb": null
        },
        {
            "candid": 1670369463515015001,
            "jd": 2459424.8694676,
            "ra": 322.3481594,
            "dec": -16.2362112,
            "fid": 2,
            "nid": 1670,
            "magpsf": 19.326400756835938,
            "sigmapsf": 0.1265999972820282,
            "magnr": 21.20800018310547,
            "sigmagnr": 0.10400000214576721,
            "magzpsci": 26.221399307250977,
            "isdiffpos": "t",
            "ssdistnr": null,
            "ssnamenr": null,
            "drb": null
        },
        {
            "candid": 1672353023515015005,
            "jd": 2459426.8530208,
            "ra": 322.3481648,
            "dec": -16.236261,
            "fid": 1,
            "nid": 1672,
            "magpsf": 20.035600662231445,
            "sigmapsf": 0.23218399286270142,
            "magnr": 21.77400016784668,
            "sigmagnr": 0.20100000500679016,
            "magzpsci": 26.136600494384766,
            "isdiffpos": "t",
            "ssdistnr": null,
            "ssnamenr": null,
            "drb": null
        },
        {
            "candid": 1674377093515015005,
            "jd": 2459428.8770949,
            "ra": 322.3481482,
            "dec": -16.2361573,
            "fid": 2,
            "nid": 1674,
            "magpsf": 19.6112003326416,
            "sigmapsf": 0.14570799469947815,
            "magnr": 21.20800018310547,
            "sigmagnr": 0.10400000214576721,
            "magzpsci": 26.212200164794922,
            "isdiffpos": "t",
            "ssdistnr": null,
            "ssnamenr": null,
            "drb": null
        },
        {
            "candid": 1676337693515015003,
            "jd": 2459430.8376968,
            "ra": 322.3481301,
            "dec": -16.2362095,
            "fid": 2,
            "nid": 1676,
            "magpsf": 19.6075496673584,
            "sigmapsf": 0.13668599724769592,
            "magnr": 21.20800018310547,
            "sigmagnr": 0.10400000214576721,
            "magzpsci": 26.24155044555664,
            "isdiffpos": "t",
            "ssdistnr": -999.0,
            "ssnamenr": "null",
            "drb": null
        },
        {
            "jd": 2459379.8964352,
            "fid": 2,
            "diffmaglim": 20.066499710083008
        },
        {
            "jd": 2459381.8966551,
            "fid": 2,
            "diffmaglim": 18.348600387573242
        },
        {
            "jd": 2459384.8799537,
            "fid": 1,
            "diffmaglim": 18.524900436401367
        },
        {
            "jd": 2459387.8784606,
            "fid": 1,
            "diffmaglim": 19.15690040588379
        },
        {
            "jd": 2459387.9188773,
            "fid": 2,
            "diffmaglim": 19.1466007232666
        },
        {
            "jd": 2459394.8931829,
            "fid": 1,
            "diffmaglim": 18.876800537109375
        },
        {
            "jd": 2459394.9536227,
            "fid": 2,
            "diffmaglim": 19.166400909423828
        },
        {
            "jd": 2459397.8873727,
            "fid": 2,
            "diffmaglim": 20.130199432373047
        },
        {
            "jd": 2459397.9195718,
            "fid": 1,
            "diffmaglim": 19.989700317382812
        },
        {
            "jd": 2459400.9385648,
            "fid": 2,
            "diffmaglim": 20.296600341796875
        },
        {
            "jd": 2459402.8390856,
            "fid": 1,
            "diffmaglim": 20.0314998626709
        },
        {
            "jd": 2459402.9118634,
            "fid": 2,
            "diffmaglim": 19.894699096679688
        },
        {
            "jd": 2459416.8571991,
            "fid": 1,
            "diffmaglim": 19.208900451660156
        },
        {
            "jd": 2459418.8341667,
            "fid": 1,
            "diffmaglim": 17.679500579833984
        },
        {
            "jd": 2459422.7811574,
            "fid": 1,
            "diffmaglim": 19.035999298095703
        }
    ],
    "forcedphot": []
}