{
    "objectId": "ZTF23aaemnzd",
    "candidates": [
        {
            "candid": 2290273292515015003,
            "jd": 2460044.7732986,
            "ra": 194.2895201,
            "dec": -10.0714198,
            "fid": 2,
            "nid": 2290,
            "magpsf": 19.021499633789062,
            "sigmapsf": 0.1237730011343956,
            "magnr": 17.854999542236328,
            "sigmagnr": 0.03400000184774399,
            "magzpsci": 26.306499481201172,
            "isdiffpos": "t",
            "ssdistnr": null,
            "ssnamenr": null,
            "drb": 0.9999886751174927
        },
        {
            "candid": 2292273272515015004,
            "jd": 2460046.7732755,
            "ra": 194.2895746,
            "dec": -10.0714271,
            "fid": 1,
            "nid": 2292,
            "magpsf": 18.903400421142578,
            "sigmapsf": 0.11361800134181976,
            "magnr": 18.347000122070312,
            "sigmagnr": 0.026000000536441803,
            "magzpsci": 26.288400650024414,
            "isdiffpos": "t",
            "ssdistnr": null,
            "ssnamenr": null,
            "drb": null
        },
        {
            "candid": 2292316882515015002,
            "jd": 2460046.8168866,
            "ra": 194.2895683,
            "dec": -10.0714283,
            "fid": 2,
            "nid": 2292,
            "magpsf": 18.79680061340332,
            "sigmapsf": 0.09543199837207794,
            "magnr": 17.854999542236328,
            "sigmagnr": 0.03400000184774399,
            "magzpsci": 26.18779945373535,
            "isdiffpos": "t",
            "ssdistnr": null,
            "ssnamenr": null,
            "drb": null
        },
        {
            "candid": 2296340692515015004,
            "jd": 2460050.8406944,
            "ra": 194.289559,
            "dec": -10.0714514,
            "fid": 1,
            "nid": 2296,
            "magpsf": 18.952899932861328,
            "sigmapsf": 0.08101800084114075,
            "magnr": 18.347000122070312,
            "sigmagnr": 0.026000000536441803,
            "magzpsci": 26.212900161743164,
            "isdiffpos": "t",
            "ssdistnr": null,
            "ssnamenr": null,
            "drb": null
        },
        {
            "candid": 2298257332515015010,
            "jd": 2460052.757338,
            "ra": 194.2895656,
            "dec": -10.0714783,
            "fid": 1,
            "nid": 2298,
            "magpsf": 18.950199127197266,
            "sigmapsf": 0.08759599924087524,
            "magnr": 18.347000122070312,
            "sigmagnr": 0.026000000536441803,
            "magzpsci": 26.226200103759766,
            "isdiffpos": "t",
            "ssdistnr": null,
            "ssnamenr": null,
            "drb": null
        },
        {
            "candid": 2300329642515015004,
            "jd": 2460054.8296412,
            "ra": 194.2895635,
            "dec": -10.0714251,
            "fid": 2,
            "nid": 2300,
            "magpsf": 18.616100311279297,
            "sigmapsf": 0.06787800043821335,
            "magnr": 17.854999542236328,
            "sigmagnr": 0.03400000184774399,
            "magzpsci": 26.29210090637207,
            "isdiffpos": "t",
            "ssdistnr": null,
            "ssnamenr": null,
            "drb": null
        },
        {
            "candid": 2300353982515015003,
            "jd": 2460054.8539815,
            "ra": 194.2895215,
            "dec": -10.0714465,
            "fid": 1,
            "nid": 2300,
            "magpsf": 19.095399856567383,
            "sigmapsf": 0.12281999737024307,
            "magnr": 18.347000122070312,
            "sigmagnr": 0.026000000536441803,
            "magzpsci": 26.246400833129883,
            "isdiffpos": "t",
            "ssdistnr": null,
            "ssnamenr": null,
            "drb": null
        },
        {
            "candid": 2302274172515015005,
            "jd": 2460056.7741782,
            "ra": 194.2895473,
            "dec": -10.071466,
            "fid": 1,
            "nid": 2302,
            "magpsf": 19.16819953918457,
            "sigmapsf": 0.09301300346851349,
            "magnr": 18.347000122070312,
            "sigmagnr": 0.026000000536441803,
            "magzpsci": 26.254199981689453,
            "isdiffpos": "t",
            "ssdistnr": null,
            "ssnamenr": null,
            "drb": null
        },
        {
            "candid": 2302309952515015006,
            "jd": 2460056.8099537,
            "ra": 194.2895554,
            "dec": -10.0714293,
            "fid": 2,
            "nid": 2302,
            "magpsf": 18.602699279785156,
            "sigmapsf": 0.05761300027370453,
            "magnr": 17.854999542236328,
            "sigmagnr": 0.03400000184774399,
            "magzpsci": 26.295700073242188,
            "isdiffpos": "t",
            "ssdistnr": null,
            "ssnamenr": null,
            "drb": null
        },
        {
            "candid": 2304268882515015006,
            "jd": 2460058.7688889,
            "ra": 194.2895517,
            "dec": -10.0714266,
            "fid": 2,
            "nid": 2304,
            "magpsf": 18.52280044555664,
            "sigmapsf": 0.07083500176668167,
            "magnr": 17.854999542236328,
            "sigmagnr": 0.03400000184774399,
            "magzpsci": 26.216800689697266,
            "isdiffpos": "t",
            "ssdistnr": null,
            "ssnamenr": null,
            "drb": null
        },
        {
            "candid": 2306276452515015003,
            "jd": 2460060.7764583,
            "ra": 194.2895323,
            "dec": -10.0714638,
            "fid": 1,
            "nid": 2306,
            "magpsf": 19.405099868774414,
            "sigmapsf": 0.1248209998011589,
            "magnr": 18.347000122070312,
            "sigmagnr": 0.026000000536441803,
            "magzpsci": 26.179100036621094,
            "isdiffpos": "t",
            "ssdistnr": null,
            "ssnamenr": null,
            "drb": null
        },
        {
            "candid": 2306294882515015004,
            "jd": 2460060.7948843,
            "ra": 194.2895719,
            "dec": -10.0714266,
            "fid": 2,
            "nid": 2306,
            "magpsf": 18.603900909423828,
            "sigmapsf": 0.07490900158882141,
            "magnr": 17.854999542236328,
            "sigmagnr": 0.03400000184774399,
            "magzpsci": 26.210899353027344,
            "isdiffpos": "t",
            "ssdistnr": null,
            "ssnamenr": null,
            "drb": null
        },
        {
            "candid": 2308261302515015007,
            "jd": 2460062.7613079,
            "ra": 194.2896017,
            "dec": -10.0714529,
            "fid": 1,
            "nid": 2308,
            "magpsf": 19.54520034790039,
            "sigmapsf": 0.1534779965877533,
            "magnr": 18.347000122070312,
            "sigmagnr": 0.026000000536441803,
            "magzpsci": 26.206199645996094,
            "isdiffpos": "t",
            "ssdistnr": null,
            "ssnamenr": null,
            "drb": null
        },
        {
            "candid": 2308295012515015005,
            "jd": 2460062.7950116,
            "ra": 194.2895442,
            "dec": -10.0714144,
            "fid": 2,
            "nid": 2308,
            "magpsf": 18.735599517822266,
            "sigmapsf": 0.07596500217914581,
            "magnr": 17.854999542236328,
            "sigmagnr": 0.03400000184774399,
            "magzpsci": 26.24959945678711,
            "isdiffpos": "t",
            "ssdistnr": null,
            "ssnamenr": null,
            "drb": null
        },
        {
            "candid": 2310300792515015002,
            "jd": 2460064.8007986,
            "ra": 194.2895776,
            "dec": -10.071444,
            "fid": 2,
            "nid": 2310,
            "magpsf": 18.691200256347656,
            "sigmapsf": 0.10766799747943878,
            "magnr": 17.854999542236328,
            "sigmagnr": 0.03400000184774399,
            "magzpsci": 26.261199951171875,
            "isdiffpos": "t",
            "ssdistnr": null,
            "ssnamenr": null,
            "drb": null
        },
        {
            "candid": 2319297552515015005,
            "jd": 2460073.7975579,
            "ra": 194.2895704,
            "dec": -10.0714415,
            "fid": 2,
            "nid": 2319,
            "magpsf": 18.923599243164062,
            "sigmapsf": 0.10813699662685394,
            "magnr": 17.854999542236328,
            "sigmagnr": 0.03400000184774399,
            "magzpsci": 26.2096004486084,
            "isdiffpos": "t",
            "ssdistnr": null,
            "ssnamenr": null,
            "drb": null
        },
        {
            "candid": 2323249592515015002,
            "jd": 2460077.7495949,
            "ra": 194.2895414,
            "dec": -10.0713935,
            "fid": 2,
            "nid": 2323,
            "magpsf": 19.164499282836914,
            "sigmapsf": 0.12799499928951263,
            "magnr": 17.854999542236328,
            "sigmagnr": 0.03400000184774399,
            "magzpsci": 26.273500442504883,
            "isdiffpos": "t",
            "ssdistnr": null,
            "ssnamenr": null,
            "drb": null
        },
        {
            "candid": 2325296122515015005,
            "jd": 2460079.7961227,
            "ra": 194.2895574,
            "dec": -10.0714339,
            "fid": 2,
            "nid": 2325,
            "magpsf": 19.11840057373047,
            "sigmapsf": 0.13291800022125244,
            "magnr": 17.854999542236328,
            "sigmagnr": 0.03400000184774399,
            "magzpsci": 26.205400466918945,
            "isdiffpos": "t",
            "ssdistnr": null,
            "ssnamenr": null,
            "drb": null
        },
        {
            "candid": 2327289362515015003,
            "jd": 2460081.7893634,
            "ra": 194.2896188,
            "dec": -10.0714478,
            "fid": 2,
            "nid": 2327,
            "magpsf": 19.22439956665039,
            "sigmapsf": 0.13817599415779114,
            "magnr": 17.854999542236328,
            "sigmagnr": 0.03400000184774399,
            "magzpsci": 26.222400665283203,
            "isdiffpos": "t",
            "ssdistnr": null,
            "ssnamenr": null,
            "drb": null
        },
        {
            "candid": 2329227672515015004,
            "jd": 2460083.7276736,
            "ra": 194.2895727,
            "dec": -10.0715275,
            "fid": 2,
            "nid": 2329,
            "magpsf": 19.44540023803711,
            "sigmapsf": 0.13498200476169586,
            "magnr": 17.854999542236328,
            "sigmagnr": 0.03400000184774399,
            "magzpsci": 26.251399993896484,
            "isdiffpos": "t",
            "ssdistnr": null,
            "ssnamenr": null,
            "drb": null
        },
        {
            "candid": 2334247542515015003,
            "jd": 2460088.7475463,
            "ra": 194.2895932,
            "dec": -10.0714303,
            "fid": 2,
            "nid": 2334,
            "magpsf": 19.587406158447266,
            "sigmapsf": 0.16311495006084442,
            "magnr": 17.854999542236328,
            "sigmagnr": 0.03400000184774399,
            "magzpsci": 26.269405364990234,
            "isdiffpos": "t",
            "ssdistnr": -999.0,
            "ssnamenr": "null",
            "drb": null
        },
        {
            "jd": 2460016.8228241,
            "fid": 1,
            "diffmaglim": 18.70549964904785
        },
        {
            "jd": 2460016.921412,
            "fid": 2,
            "diffmaglim": 19.63559913635254
        },
        {
            "jd": 2460021.8554282,
            "fid": 1,
            "diffmaglim": 16.167699813842773
        },
        {
            "jd": 2460021.8816667,
            "fid": 2,
            "diffmaglim": 20.095699310302734
        },
        {
            "jd": 2460031.7904282,
            "fid": 1,
            "diffmaglim": 19.89579963684082
        },
        {
            "jd": 2460031.8346644,
            "fid": 2,
            "diffmaglim": 18.626399993896484
        },
        {
            "jd": 2460042.7739005,
            "fid": 1,
            "diffmaglim": 17.4060001373291
        },
        {
            "jd": 2460042.8306829,
            "fid": 2,
            "diffmaglim": 17.41309928894043
        },
        {
            "jd": 2460058.8483218,
            "fid": 1,
            "diffmaglim": 20.23710060119629
        },
        {
            "jd": 2460064.7326968,
            "fid": 1,
            "diffmaglim": 19.061899185180664
        },
        {
            "jd": 2460073.7507523,
            "fid": 1,
            "diffmaglim": 20.2677001953125
        },
        {
            "jd": 2460077.7520139,
            "fid": 1,
            "diffmaglim": 20.263099670410156
        },
        {
            "jd": 2460081.8318866,
            "fid": 1,
            "diffmaglim": 20.010400772094727
        },
        {
            "jd": 2460083.6929167,
            "fid": 1,
            "diffmaglim": 20.363500595092773
        },
        {
            "jd": 2460085.7121065,
            "fid": 1,
            "diffmaglim": 20.34830093383789
        },
        {
            "jd": 2460085.7537847,
            "fid": 2,
            "diffmaglim": 20.178199768066406
        }
    ],
    "forcedphot": []
}