{
    "objectId": "ZTF23abbskff",
    "candidates": [
        {
            "candid": 2441480273315015002,
            "jd": 2460195.9802778,
            "ra": 53.3345866,
            "dec": -15.5023574,
            "fid": 2,
            "nid": 2441,
            "magpsf": 19.508699417114258,
            "sigmapsf": 0.12936100363731384,
            "magnr": 17.885000228881836,
            "sigmagnr": 0.08799999952316284,
            "magzpsci": 26.17770004272461,
            "isdiffpos": "t",
            "ssdistnr": null,
            "ssnamenr": null,
            "drb": 0.9999530911445618
        },
        {
            "candid": 2444438963315015012,
            "jd": 2460198.9389699,
            "ra": 53.3346002,
            "dec": -15.5023802,
            "fid": 2,
            "nid": 2444,
            "magpsf": 18.899700164794922,
            "sigmapsf": 0.07936400175094604,
            "magnr": 17.885000228881836,
            "sigmagnr": 0.08799999952316284,
            "magzpsci": 26.038700103759766,
            "isdiffpos": "t",
            "ssdistnr": null,
            "ssnamenr": null,
            "drb": null
        },
        {
            "candid": 2447437413315015003,
            "jd": 2460201.937419,
            "ra": 53.3346356,
            "dec": -15.5024172,
            "fid": 2,
            "nid": 2447,
            "magpsf": 18.97559928894043,
            "sigmapsf": 0.08109699934720993,
            "magnr": 17.885000228881836,
            "sigmagnr": 0.08799999952316284,
            "magzpsci": 26.241600036621094,
            "isdiffpos": "t",
            "ssdistnr": null,
            "ssnamenr": null,
            "drb": null
        },
        {
            "candid": 2447482703315015006,
            "jd": 2460201.9827083,
            "ra": 53.3346903,
            "dec": -15.5023983,
            "fid": 1,
            "nid": 2447,
            "magpsf": 20.264400482177734,
            "sigmapsf": 0.19860300421714783,
            "magnr": 18.844999313354492,
            "sigmagnr": 0.09300000220537186,
            "magzpsci": 26.21540069580078,
            "isdiffpos": "t",
            "ssdistnr": null,
            "ssnamenr": null,
            "drb": null
        },
        {
            "candid": 2449481263315015004,
            "jd": 2460203.9812616,
            "ra": 53.3346148,
            "dec": -15.5023816,
            "fid": 2,
            "nid": 2449,
            "magpsf": 18.94849967956543,
            "sigmapsf": 0.08392699807882309,
            "magnr": 17.885000228881836,
            "sigmagnr": 0.08799999952316284,
            "magzpsci": 26.24449920654297,
            "isdiffpos": "t",
            "ssdistnr": null,
            "ssnamenr": null,
            "drb": null
        },
        {
            "candid": 2451418583315015006,
            "jd": 2460205.918588,
            "ra": 53.334646,
            "dec": -15.5023469,
            "fid": 2,
            "nid": 2451,
            "magpsf": 18.99020004272461,
            "sigmapsf": 0.09279099851846695,
            "magnr": 17.885000228881836,
            "sigmagnr": 0.08799999952316284,
            "magzpsci": 26.278200149536133,
            "isdiffpos": "t",
            "ssdistnr": null,
            "ssnamenr": null,
            "drb": null
        },
        {
            "candid": 2453461453315015006,
            "jd": 2460207.9614583,
            "ra": 53.3346238,
            "dec": -15.5023456,
            "fid": 2,
            "nid": 2453,
            "magpsf": 18.87649917602539,
            "sigmapsf": 0.10312099754810333,
            "magnr": 17.885000228881836,
            "sigmagnr": 0.08799999952316284,
            "magzpsci": 26.278499603271484,
            "isdiffpos": "t",
            "ssdistnr": null,
            "ssnamenr": null,
            "drb": null
        },
        {
            "candid": 2458440053315015004,
            "jd": 2460212.9400579,
            "ra": 53.334652,
            "dec": -15.5023706,
            "fid": 2,
            "nid": 2458,
            "magpsf": 18.9060001373291,
            "sigmapsf": 0.08476100116968155,
            "magnr": 17.885000228881836,
            "sigmagnr": 0.08799999952316284,
            "magzpsci": 26.270999908447266,
            "isdiffpos": "t",
            "ssdistnr": null,
            "ssnamenr": null,
            "drb": null
        },
        {
            "candid": 2460481203315015003,
            "jd": 2460214.9812037,
            "ra": 53.3346376,
            "dec": -15.5023709,
            "fid": 2,
            "nid": 2460,
            "magpsf": 19.187450408935547,
            "sigmapsf": 0.10287943482398987,
            "magnr": 17.885000228881836,
            "sigmagnr": 0.08799999952316284,
            "magzpsci": 26.301450729370117,
            "isdiffpos": "t",
            "ssdistnr": -999.0,
            "ssnamenr": "null",
            "drb": null
        },
        {
            "jd": 2460170.9823843,
            "fid": 2,
            "diffmaglim": 20.256799697875977
        },
        {
            "jd": 2460173.9581944,
            "fid": 2,
            "diffmaglim": 20.23819923400879
        },
        {
            "jd": 2460178.957338,
            "fid": 1,
            "diffmaglim": 20.460500717163086
        },
        {
            "jd": 2460182.9186574,
            "fid": 1,
            "diffmaglim": 20.05150032043457
        },
        {
            "jd": 2460182.9636343,
            "fid": 2,
            "diffmaglim": 20.29400062561035
        },
        {
            "jd": 2460184.9424769,
            "fid": 1,
            "diffmaglim": 20.24090003967285
        },
        {
            "jd": 2460184.9896759,
            "fid": 2,
            "diffmaglim": 20.31559944152832
        },
        {
            "jd": 2460187.9560417,
            "fid": 2,
            "diffmaglim": 19.336599349975586
        },
        {
            "jd": 2460187.9798611,
            "fid": 1,
            "diffmaglim": 19.03529930114746
        },
        {
            "jd": 2460192.8835185,
            "fid": 1,
            "diffmaglim": 19.467199325561523
        },
        {
            "jd": 2460192.9484144,
            "fid": 2,
            "diffmaglim": 19.883399963378906
        },
        {
            "jd": 2460195.9087384,
            "fid": 1,
            "diffmaglim": 19.80699920654297
        },
        {
            "jd": 2460203.8983681,
            "fid": 1,
            "diffmaglim": 20.552200317382812
        },
        {
            "jd": 2460205.9777894,
            "fid": 1,
            "diffmaglim": 20.697500228881836
        },
        {
            "jd": 2460207.9558449,
            "fid": 1,
            "diffmaglim": 20.840200424194336
        },
        {
            "jd": 2460212.9173727,
            "fid": 1,
            "diffmaglim": 20.523000717163086
        },
        {
            "jd": 2460214.931088,
            "fid": 1,
            "diffmaglim": 19.479799270629883
        }
    ],
    "forcedphot": []
}