{
    "objectId": "ZTF23aaazffe",
    "candidates": [
        {
            "candid": 2213487920315015002,
            "jd": 2459967.9879282,
            "ra": 231.1145848,
            "dec": 30.1486105,
            "fid": 1,
            "nid": 2213,
            "magpsf": 20.0314998626709,
            "sigmapsf": 0.28864699602127075,
            "magnr": 19.0310001373291,
            "sigmagnr": 0.0689999982714653,
            "magzpsci": 26.124500274658203,
            "isdiffpos": "t",
            "ssdistnr": null,
            "ssnamenr": null,
            "drb": null
        },
        {
            "candid": 2215388100315015003,
            "jd": 2459969.8881019,
            "ra": 231.1147293,
            "dec": 30.1482665,
            "fid": 1,
            "nid": 2215,
            "magpsf": 19.561899185180664,
            "sigmapsf": 0.2410919964313507,
            "magnr": 19.0310001373291,
            "sigmagnr": 0.0689999982714653,
            "magzpsci": 25.85689926147461,
            "isdiffpos": "t",
            "ssdistnr": null,
            "ssnamenr": null,
            "drb": null
        },
        {
            "candid": 2215538150315015007,
            "jd": 2459970.0381597,
            "ra": 231.1146065,
            "dec": 30.1485694,
            "fid": 2,
            "nid": 2215,
            "magpsf": 19.169700622558594,
            "sigmapsf": 0.09446399658918381,
            "magnr": 19.14900016784668,
            "sigmagnr": 0.11100000143051147,
            "magzpsci": 26.08169937133789,
            "isdiffpos": "t",
            "ssdistnr": null,
            "ssnamenr": null,
            "drb": null
        },
        {
            "candid": 2217455020315015002,
            "jd": 2459971.9550231,
            "ra": 231.1146429,
            "dec": 30.148475,
            "fid": 1,
            "nid": 2217,
            "magpsf": 19.27280044555664,
            "sigmapsf": 0.15208500623703003,
            "magnr": 19.0310001373291,
            "sigmagnr": 0.0689999982714653,
            "magzpsci": 26.09779930114746,
            "isdiffpos": "t",
            "ssdistnr": null,
            "ssnamenr": null,
            "drb": null
        },
        {
            "candid": 2217538240315015001,
            "jd": 2459972.0382407,
            "ra": 231.1145778,
            "dec": 30.148548,
            "fid": 2,
            "nid": 2217,
            "magpsf": 18.848100662231445,
            "sigmapsf": 0.1049249991774559,
            "magnr": 19.14900016784668,
            "sigmagnr": 0.11100000143051147,
            "magzpsci": 26.07509994506836,
            "isdiffpos": "t",
            "ssdistnr": null,
            "ssnamenr": null,
            "drb": null
        },
        {
            "candid": 2223473560315015000,
            "jd": 2459977.9735648,
            "ra": 231.1146293,
            "dec": 30.1485279,
            "fid": 2,
            "nid": 2223,
            "magpsf": 18.378400802612305,
            "sigmapsf": 0.076385997235775,
            "magnr": 19.14900016784668,
            "sigmagnr": 0.11100000143051147,
            "magzpsci": 26.052400588989258,
            "isdiffpos": "t",
            "ssdistnr": null,
            "ssnamenr": null,
            "drb": null
        },
        {
            "candid": 2223499910315015001,
            "jd": 2459977.999919,
            "ra": 231.1146812,
            "dec": 30.1485169,
            "fid": 1,
            "nid": 2223,
            "magpsf": 18.645200729370117,
            "sigmapsf": 0.09974200278520584,
            "magnr": 19.0310001373291,
            "sigmagnr": 0.0689999982714653,
            "magzpsci": 26.153200149536133,
            "isdiffpos": "t",
            "ssdistnr": null,
            "ssnamenr": null,
            "drb": null
        },
        {
            "candid": 2230497820315015001,
            "jd": 2459984.9978241,
            "ra": 231.1146338,
            "dec": 30.1484671,
            "fid": 1,
            "nid": 2230,
            "magpsf": 18.68560028076172,
            "sigmapsf": 0.11495699733495712,
            "magnr": 19.0310001373291,
            "sigmagnr": 0.0689999982714653,
            "magzpsci": 26.180599212646484,
            "isdiffpos": "t",
            "ssdistnr": null,
            "ssnamenr": null,
            "drb": null
        },
        {
            "candid": 2230510980315015001,
            "jd": 2459985.0109838,
            "ra": 231.1145658,
            "dec": 30.1485133,
            "fid": 2,
            "nid": 2230,
            "magpsf": 18.187599182128906,
            "sigmapsf": 0.077114999294281,
            "magnr": 19.14900016784668,
            "sigmagnr": 0.11100000143051147,
            "magzpsci": 26.087600708007812,
            "isdiffpos": "t",
            "ssdistnr": null,
            "ssnamenr": null,
            "drb": null
        },
        {
            "candid": 2233499270315015003,
            "jd": 2459987.9992708,
            "ra": 231.1146307,
            "dec": 30.1485433,
            "fid": 2,
            "nid": 2233,
            "magpsf": 18.19930076599121,
            "sigmapsf": 0.06655599921941757,
            "magnr": 19.14900016784668,
            "sigmagnr": 0.11100000143051147,
            "magzpsci": 26.069299697875977,
            "isdiffpos": "t",
            "ssdistnr": null,
            "ssnamenr": null,
            "drb": null
        },
        {
            "candid": 2233506740315015003,
            "jd": 2459988.0067477,
            "ra": 231.1146299,
            "dec": 30.1485295,
            "fid": 1,
            "nid": 2233,
            "magpsf": 18.731000900268555,
            "sigmapsf": 0.10907100141048431,
            "magnr": 19.0310001373291,
            "sigmagnr": 0.0689999982714653,
            "magzpsci": 26.16699981689453,
            "isdiffpos": "t",
            "ssdistnr": null,
            "ssnamenr": null,
            "drb": null
        },
        {
            "candid": 2239473070315015013,
            "jd": 2459993.9730787,
            "ra": 231.114603,
            "dec": 30.1485546,
            "fid": 1,
            "nid": 2239,
            "magpsf": 19.333499908447266,
            "sigmapsf": 0.11872000247240067,
            "magnr": 19.0310001373291,
            "sigmagnr": 0.0689999982714653,
            "magzpsci": 25.866500854492188,
            "isdiffpos": "t",
            "ssdistnr": null,
            "ssnamenr": null,
            "drb": null
        },
        {
            "candid": 2242475180315015005,
            "jd": 2459996.9751852,
            "ra": 231.1146659,
            "dec": 30.1485562,
            "fid": 1,
            "nid": 2242,
            "magpsf": 19.700300216674805,
            "sigmapsf": 0.13518400490283966,
            "magnr": 19.0310001373291,
            "sigmagnr": 0.0689999982714653,
            "magzpsci": 26.103300094604492,
            "isdiffpos": "t",
            "ssdistnr": null,
            "ssnamenr": null,
            "drb": null
        },
        {
            "candid": 2242498190315015002,
            "jd": 2459996.9981944,
            "ra": 231.1146432,
            "dec": 30.1485314,
            "fid": 2,
            "nid": 2242,
            "magpsf": 18.49049949645996,
            "sigmapsf": 0.06378699839115143,
            "magnr": 19.14900016784668,
            "sigmagnr": 0.11100000143051147,
            "magzpsci": 26.083499908447266,
            "isdiffpos": "t",
            "ssdistnr": null,
            "ssnamenr": null,
            "drb": null
        },
        {
            "candid": 2262409960315015001,
            "jd": 2460016.9099653,
            "ra": 231.114885,
            "dec": 30.1485175,
            "fid": 1,
            "nid": 2262,
            "magpsf": 20.462900161743164,
            "sigmapsf": 0.37335899472236633,
            "magnr": 19.0310001373291,
            "sigmagnr": 0.0689999982714653,
            "magzpsci": 26.103900909423828,
            "isdiffpos": "t",
            "ssdistnr": null,
            "ssnamenr": null,
            "drb": null
        },
        {
            "candid": 2262471660315015000,
            "jd": 2460016.9716667,
            "ra": 231.1146469,
            "dec": 30.1485193,
            "fid": 2,
            "nid": 2262,
            "magpsf": 19.222999572753906,
            "sigmapsf": 0.14173799753189087,
            "magnr": 19.14900016784668,
            "sigmagnr": 0.11100000143051147,
            "magzpsci": 26.051000595092773,
            "isdiffpos": "t",
            "ssdistnr": null,
            "ssnamenr": null,
            "drb": null
        },
        {
            "candid": 2267341770315015042,
            "jd": 2460021.8417708,
            "ra": 231.114681,
            "dec": 30.1486019,
            "fid": 1,
            "nid": 2267,
            "magpsf": 20.165199279785156,
            "sigmapsf": 0.271681010723114,
            "magnr": 19.0310001373291,
            "sigmagnr": 0.0689999982714653,
            "magzpsci": 25.884199142456055,
            "isdiffpos": "t",
            "ssdistnr": null,
            "ssnamenr": null,
            "drb": null
        },
        {
            "candid": 2267456160315015000,
            "jd": 2460021.956169,
            "ra": 231.1145948,
            "dec": 30.1485116,
            "fid": 2,
            "nid": 2267,
            "magpsf": 19.40169906616211,
            "sigmapsf": 0.12644100189208984,
            "magnr": 19.14900016784668,
            "sigmagnr": 0.11100000143051147,
            "magzpsci": 26.055700302124023,
            "isdiffpos": "t",
            "ssdistnr": null,
            "ssnamenr": null,
            "drb": null
        },
        {
            "candid": 2278325030315015001,
            "jd": 2460032.8250347,
            "ra": 231.1147386,
            "dec": 30.1484247,
            "fid": 1,
            "nid": 2278,
            "magpsf": 20.27050018310547,
            "sigmapsf": 0.2538110017776489,
            "magnr": 19.0310001373291,
            "sigmagnr": 0.0689999982714653,
            "magzpsci": 26.116500854492188,
            "isdiffpos": "t",
            "ssdistnr": null,
            "ssnamenr": null,
            "drb": null
        },
        {
            "candid": 2278408700315015005,
            "jd": 2460032.9087037,
            "ra": 231.1146411,
            "dec": 30.1485622,
            "fid": 2,
            "nid": 2278,
            "magpsf": 19.68790054321289,
            "sigmapsf": 0.12203600257635117,
            "magnr": 19.14900016784668,
            "sigmagnr": 0.11100000143051147,
            "magzpsci": 26.087900161743164,
            "isdiffpos": "t",
            "ssdistnr": null,
            "ssnamenr": null,
            "drb": null
        },
        {
            "candid": 2288364400315015003,
            "jd": 2460042.8644097,
            "ra": 231.1148267,
            "dec": 30.1484797,
            "fid": 1,
            "nid": 2288,
            "magpsf": 20.190900802612305,
            "sigmapsf": 0.33436301350593567,
            "magnr": 19.0310001373291,
            "sigmagnr": 0.0689999982714653,
            "magzpsci": 26.151899337768555,
            "isdiffpos": "t",
            "ssdistnr": null,
            "ssnamenr": null,
            "drb": null
        },
        {
            "candid": 2288456570315015004,
            "jd": 2460042.9565741,
            "ra": 231.1146776,
            "dec": 30.1485746,
            "fid": 2,
            "nid": 2288,
            "magpsf": 19.85300064086914,
            "sigmapsf": 0.2009499967098236,
            "magnr": 19.14900016784668,
            "sigmagnr": 0.11100000143051147,
            "magzpsci": 26.10300064086914,
            "isdiffpos": "t",
            "ssdistnr": null,
            "ssnamenr": null,
            "drb": null
        },
        {
            "candid": 2290280870315015000,
            "jd": 2460044.7808796,
            "ra": 231.1145504,
            "dec": 30.1485243,
            "fid": 2,
            "nid": 2290,
            "magpsf": 19.729400634765625,
            "sigmapsf": 0.2082509994506836,
            "magnr": 19.14900016784668,
            "sigmagnr": 0.11100000143051147,
            "magzpsci": 26.052400588989258,
            "isdiffpos": "t",
            "ssdistnr": null,
            "ssnamenr": null,
            "drb": null
        },
        {
            "candid": 2292298930315015006,
            "jd": 2460046.7989352,
            "ra": 231.1146888,
            "dec": 30.1485414,
            "fid": 1,
            "nid": 2292,
            "magpsf": 20.42340087890625,
            "sigmapsf": 0.22301100194454193,
            "magnr": 19.0310001373291,
            "sigmagnr": 0.0689999982714653,
            "magzpsci": 26.126399993896484,
            "isdiffpos": "t",
            "ssdistnr": null,
            "ssnamenr": null,
            "drb": null
        },
        {
            "candid": 2292351290315015003,
            "jd": 2460046.8512963,
            "ra": 231.114636,
            "dec": 30.1485226,
            "fid": 2,
            "nid": 2292,
            "magpsf": 19.840299606323242,
            "sigmapsf": 0.12108399718999863,
            "magnr": 19.14900016784668,
            "sigmagnr": 0.11100000143051147,
            "magzpsci": 26.082300186157227,
            "isdiffpos": "t",
            "ssdistnr": null,
            "ssnamenr": null,
            "drb": null
        },
        {
            "candid": 2296465960315015004,
            "jd": 2460050.9659606,
            "ra": 231.1147584,
            "dec": 30.1486751,
            "fid": 1,
            "nid": 2296,
            "magpsf": 20.774599075317383,
            "sigmapsf": 0.25916001200675964,
            "magnr": 19.0310001373291,
            "sigmagnr": 0.0689999982714653,
            "magzpsci": 26.128599166870117,
            "isdiffpos": "t",
            "ssdistnr": null,
            "ssnamenr": null,
            "drb": null
        },
        {
            "candid": 2299323530315015009,
            "jd": 2460053.8235301,
            "ra": 231.1147181,
            "dec": 30.1485314,
            "fid": 2,
            "nid": 2299,
            "magpsf": 19.808000564575195,
            "sigmapsf": 0.23662100732326508,
            "magnr": 19.14900016784668,
            "sigmagnr": 0.11100000143051147,
            "magzpsci": 26.030000686645508,
            "isdiffpos": "t",
            "ssdistnr": null,
            "ssnamenr": null,
            "drb": null
        },
        {
            "candid": 2299380670315015002,
            "jd": 2460053.8806713,
            "ra": 231.1146656,
            "dec": 30.148541,
            "fid": 1,
            "nid": 2299,
            "magpsf": 20.611499786376953,
            "sigmapsf": 0.29084399342536926,
            "magnr": 19.0310001373291,
            "sigmagnr": 0.0689999982714653,
            "magzpsci": 26.16950035095215,
            "isdiffpos": "t",
            "ssdistnr": null,
            "ssnamenr": null,
            "drb": null
        },
        {
            "candid": 2307453360315015002,
            "jd": 2460061.9533681,
            "ra": 231.1146113,
            "dec": 30.1484951,
            "fid": 2,
            "nid": 2307,
            "magpsf": 20.1387996673584,
            "sigmapsf": 0.20596200227737427,
            "magnr": 19.14900016784668,
            "sigmagnr": 0.11100000143051147,
            "magzpsci": 26.01580047607422,
            "isdiffpos": "t",
            "ssdistnr": null,
            "ssnamenr": null,
            "drb": null
        },
        {
            "candid": 2309403810315015002,
            "jd": 2460063.9038194,
            "ra": 231.1146647,
            "dec": 30.1486116,
            "fid": 2,
            "nid": 2309,
            "magpsf": 20.177200317382812,
            "sigmapsf": 0.23770000040531158,
            "magnr": 19.14900016784668,
            "sigmagnr": 0.11100000143051147,
            "magzpsci": 26.024200439453125,
            "isdiffpos": "t",
            "ssdistnr": null,
            "ssnamenr": null,
            "drb": null
        },
        {
            "candid": 2324274960315015001,
            "jd": 2460078.7749653,
            "ra": 231.114484,
            "dec": 30.1484492,
            "fid": 2,
            "nid": 2324,
            "magpsf": 20.385799407958984,
            "sigmapsf": 0.20274299383163452,
            "magnr": 19.14900016784668,
            "sigmagnr": 0.11100000143051147,
            "magzpsci": 26.029800415039062,
            "isdiffpos": "t",
            "ssdistnr": null,
            "ssnamenr": null,
            "drb": null
        },
        {
            "candid": 2330288330315015009,
            "jd": 2460084.7883333,
            "ra": 231.1146006,
            "dec": 30.1485966,
            "fid": 2,
            "nid": 2330,
            "magpsf": 19.992799758911133,
            "sigmapsf": 0.21319900453090668,
            "magnr": 19.14900016784668,
            "sigmagnr": 0.11100000143051147,
            "magzpsci": 25.558799743652344,
            "isdiffpos": "t",
            "ssdistnr": null,
            "ssnamenr": null,
            "drb": null
        },
        {
            "candid": 2332358500315015001,
            "jd": 2460086.8585069,
            "ra": 231.1145864,
            "dec": 30.1485,
            "fid": 2,
            "nid": 2332,
            "magpsf": 20.540800094604492,
            "sigmapsf": 0.22422799468040466,
            "magnr": 19.14900016784668,
            "sigmagnr": 0.11100000143051147,
            "magzpsci": 26.03580093383789,
            "isdiffpos": "t",
            "ssdistnr": null,
            "ssnamenr": null,
            "drb": null
        },
        {
            "candid": 2334267590315015001,
            "jd": 2460088.7675926,
            "ra": 231.1145896,
            "dec": 30.1485087,
            "fid": 2,
            "nid": 2334,
            "magpsf": 20.4375,
            "sigmapsf": 0.23113800585269928,
            "magnr": 19.14900016784668,
            "sigmagnr": 0.11100000143051147,
            "magzpsci": 26.041500091552734,
            "isdiffpos": "t",
            "ssdistnr": null,
            "ssnamenr": null,
            "drb": null
        },
        {
            "candid": 2337367470315015009,
            "jd": 2460091.8674769,
            "ra": 231.1146012,
            "dec": 30.1486485,
            "fid": 2,
            "nid": 2337,
            "magpsf": 20.653593063354492,
            "sigmapsf": 0.21118968725204468,
            "magnr": 19.14900016784668,
            "sigmagnr": 0.11100000143051147,
            "magzpsci": 26.054594039916992,
            "isdiffpos": "t",
            "ssdistnr": -999.0,
            "ssnamenr": "null",
            "drb": null
        },
        {
            "jd": 2459957.0081597,
            "fid": 2,
            "diffmaglim": 19.64699935913086
        },
        {
            "jd": 2459967.9330671,
            "fid": 2,
            "diffmaglim": 19.21150016784668
        },
        {
            "jd": 2460044.8255787,
            "fid": 1,
            "diffmaglim": 19.938600540161133
        },
        {
            "jd": 2460055.8578819,
            "fid": 2,
            "diffmaglim": 20.419200897216797
        },
        {
            "jd": 2460055.9355787,
            "fid": 1,
            "diffmaglim": 20.49880027770996
        },
        {
            "jd": 2460057.8411343,
            "fid": 1,
            "diffmaglim": 20.525699615478516
        },
        {
            "jd": 2460057.9236921,
            "fid": 2,
            "diffmaglim": 19.719499588012695
        },
        {
            "jd": 2460059.8669444,
            "fid": 1,
            "diffmaglim": 20.583200454711914
        },
        {
            "jd": 2460059.9271296,
            "fid": 2,
            "diffmaglim": 20.39780044555664
        },
        {
            "jd": 2460061.9070139,
            "fid": 1,
            "diffmaglim": 20.644899368286133
        },
        {
            "jd": 2460063.9314815,
            "fid": 1,
            "diffmaglim": 20.699800491333008
        },
        {
            "jd": 2460067.8384028,
            "fid": 1,
            "diffmaglim": 19.38409996032715
        },
        {
            "jd": 2460067.9061806,
            "fid": 2,
            "diffmaglim": 19.57200050354004
        },
        {
            "jd": 2460076.8727778,
            "fid": 2,
            "diffmaglim": 20.5
        },
        {
            "jd": 2460076.894375,
            "fid": 1,
            "diffmaglim": 20.41670036315918
        },
        {
            "jd": 2460078.8431481,
            "fid": 1,
            "diffmaglim": 20.648700714111328
        },
        {
            "jd": 2460080.787963,
            "fid": 1,
            "diffmaglim": 19.171600341796875
        },
        {
            "jd": 2460082.8432639,
            "fid": 2,
            "diffmaglim": 20.472900390625
        },
        {
            "jd": 2460082.8934375,
            "fid": 1,
            "diffmaglim": 20.602699279785156
        },
        {
            "jd": 2460084.8687847,
            "fid": 1,
            "diffmaglim": 20.717300415039062
        },
        {
            "jd": 2460086.7865278,
            "fid": 1,
            "diffmaglim": 20.773700714111328
        },
        {
            "jd": 2460088.7996644,
            "fid": 1,
            "diffmaglim": 20.843599319458008
        }
    ],
    "forcedphot": []
}