{
    "objectId": "ZTF20abwxywy",
    "candidates": [
        {
            "candid": 1333377471615015004,
            "jd": 2459087.8774769,
            "ra": 4.6068001,
            "dec": 18.5165514,
            "fid": 2,
            "nid": 1333,
            "magpsf": 19.23699951171875,
            "sigmapsf": 0.118709996342659,
            "magnr": 19.42799949645996,
            "sigmagnr": 0.13099999725818634,
            "magzpsci": 26.128000259399414,
            "isdiffpos": "t",
            "ssdistnr": -999.0,
            "ssnamenr": "null",
            "drb": 0.9999539852142334
        },
        {
            "candid": 1334396211615015004,
            "jd": 2459088.8962153,
            "ra": 4.6067613,
            "dec": 18.516542,
            "fid": 2,
            "nid": 1334,
            "magpsf": 18.540599822998047,
            "sigmapsf": 0.07586199790239334,
            "magnr": 19.42799949645996,
            "sigmagnr": 0.13099999725818634,
            "magzpsci": 26.125600814819336,
            "isdiffpos": "t",
            "ssdistnr": -999.0,
            "ssnamenr": "null",
            "drb": 0.9999989867210388
        },
        {
            "candid": 1334399141615015002,
            "jd": 2459088.8991435,
            "ra": 4.6067501,
            "dec": 18.5165312,
            "fid": 2,
            "nid": 1334,
            "magpsf": 18.56559944152832,
            "sigmapsf": 0.059498999267816544,
            "magnr": 19.42799949645996,
            "sigmagnr": 0.13099999725818634,
            "magzpsci": 26.129600524902344,
            "isdiffpos": "t",
            "ssdistnr": -999.0,
            "ssnamenr": "null",
            "drb": 1.0
        },
        {
            "candid": 1334474281615015002,
            "jd": 2459088.9742824,
            "ra": 4.6067732,
            "dec": 18.5165422,
            "fid": 1,
            "nid": 1334,
            "magpsf": 18.51129913330078,
            "sigmapsf": 0.09781300276517868,
            "magnr": 19.857999801635742,
            "sigmagnr": 0.11500000208616257,
            "magzpsci": 26.057300567626953,
            "isdiffpos": "t",
            "ssdistnr": -999.0,
            "ssnamenr": "null",
            "drb": 1.0
        },
        {
            "candid": 1335327561615015005,
            "jd": 2459089.8275694,
            "ra": 4.6067552,
            "dec": 18.5165423,
            "fid": 1,
            "nid": 1335,
            "magpsf": 18.11440086364746,
            "sigmapsf": 0.06427399814128876,
            "magnr": 19.857999801635742,
            "sigmagnr": 0.11500000208616257,
            "magzpsci": 26.11639976501465,
            "isdiffpos": "t",
            "ssdistnr": -999.0,
            "ssnamenr": "null",
            "drb": 1.0
        },
        {
            "candid": 1336326851615015000,
            "jd": 2459090.8268519,
            "ra": 4.6067547,
            "dec": 18.516527,
            "fid": 1,
            "nid": 1336,
            "magpsf": 17.891199111938477,
            "sigmapsf": 0.0765170007944107,
            "magnr": 19.857999801635742,
            "sigmagnr": 0.11500000208616257,
            "magzpsci": 26.185199737548828,
            "isdiffpos": "t",
            "ssdistnr": -999.0,
            "ssnamenr": "null",
            "drb": 1.0
        },
        {
            "candid": 1337311371615015003,
            "jd": 2459091.8113773,
            "ra": 4.6067525,
            "dec": 18.5165396,
            "fid": 1,
            "nid": 1337,
            "magpsf": 17.660999298095703,
            "sigmapsf": 0.05223499983549118,
            "magnr": 19.857999801635742,
            "sigmagnr": 0.11500000208616257,
            "magzpsci": 26.28700065612793,
            "isdiffpos": "t",
            "ssdistnr": -999.0,
            "ssnamenr": "null",
            "drb": 1.0
        },
        {
            "candid": 1338339761615015002,
            "jd": 2459092.8397685,
            "ra": 4.606784,
            "dec": 18.5165366,
            "fid": 1,
            "nid": 1338,
            "magpsf": 17.462200164794922,
            "sigmapsf": 0.058827999979257584,
            "magnr": 19.857999801635742,
            "sigmagnr": 0.11500000208616257,
            "magzpsci": 26.226200103759766,
            "isdiffpos": "t",
            "ssdistnr": -999.0,
            "ssnamenr": "null",
            "drb": 1.0
        },
        {
            "candid": 1339401311615015001,
            "jd": 2459093.9013194,
            "ra": 4.606791,
            "dec": 18.5165284,
            "fid": 1,
            "nid": 1339,
            "magpsf": 17.334400177001953,
            "sigmapsf": 0.0703829973936081,
            "magnr": 19.857999801635742,
            "sigmagnr": 0.11500000208616257,
            "magzpsci": 26.266399383544922,
            "isdiffpos": "t",
            "ssdistnr": -999.0,
            "ssnamenr": "null",
            "drb": 1.0
        },
        {
            "candid": 1340383291615015003,
            "jd": 2459094.8832986,
            "ra": 4.6067725,
            "dec": 18.5165405,
            "fid": 2,
            "nid": 1340,
            "magpsf": 17.027599334716797,
            "sigmapsf": 0.053397998213768005,
            "magnr": 19.42799949645996,
            "sigmagnr": 0.13099999725818634,
            "magzpsci": 26.13159942626953,
            "isdiffpos": "t",
            "ssdistnr": -999.0,
            "ssnamenr": "null",
            "drb": 0.9999989867210388
        },
        {
            "candid": 1341383111615015000,
            "jd": 2459095.8831134,
            "ra": 4.6067953,
            "dec": 18.5165335,
            "fid": 2,
            "nid": 1341,
            "magpsf": 16.943500518798828,
            "sigmapsf": 0.045093998312950134,
            "magnr": 19.42799949645996,
            "sigmagnr": 0.13099999725818634,
            "magzpsci": 26.220500946044922,
            "isdiffpos": "t",
            "ssdistnr": -999.0,
            "ssnamenr": "null",
            "drb": 1.0
        },
        {
            "candid": 1342363071615015000,
            "jd": 2459096.8630787,
            "ra": 4.6067861,
            "dec": 18.5165336,
            "fid": 2,
            "nid": 1342,
            "magpsf": 16.873600006103516,
            "sigmapsf": 0.05545800179243088,
            "magnr": 19.42799949645996,
            "sigmagnr": 0.13099999725818634,
            "magzpsci": 26.235599517822266,
            "isdiffpos": "t",
            "ssdistnr": -999.0,
            "ssnamenr": "null",
            "drb": 1.0
        },
        {
            "candid": 1344336931615015001,
            "jd": 2459098.8369329,
            "ra": 4.6067817,
            "dec": 18.5165472,
            "fid": 2,
            "nid": 1344,
            "magpsf": 16.77429962158203,
            "sigmapsf": 0.04445299878716469,
            "magnr": 19.42799949645996,
            "sigmagnr": 0.13099999725818634,
            "magzpsci": 26.225299835205078,
            "isdiffpos": "t",
            "ssdistnr": -999.0,
            "ssnamenr": "null",
            "drb": 0.9999989867210388
        },
        {
            "candid": 1344364801615015004,
            "jd": 2459098.8648032,
            "ra": 4.6067736,
            "dec": 18.5165185,
            "fid": 2,
            "nid": 1344,
            "magpsf": 16.77359962463379,
            "sigmapsf": 0.04064900055527687,
            "magnr": 19.42799949645996,
            "sigmagnr": 0.13099999725818634,
            "magzpsci": 26.226600646972656,
            "isdiffpos": "t",
            "ssdistnr": -999.0,
            "ssnamenr": "null",
            "drb": 1.0
        },
        {
            "candid": 1345349981615015002,
            "jd": 2459099.8499884,
            "ra": 4.6067739,
            "dec": 18.5165315,
            "fid": 2,
            "nid": 1345,
            "magpsf": 16.724199295043945,
            "sigmapsf": 0.047561999410390854,
            "magnr": 19.42799949645996,
            "sigmagnr": 0.13099999725818634,
            "magzpsci": 26.195199966430664,
            "isdiffpos": "t",
            "ssdistnr": -999.0,
            "ssnamenr": "null",
            "drb": 1.0
        },
        {
            "candid": 1350412321615015002,
            "jd": 2459104.9123264,
            "ra": 4.6067763,
            "dec": 18.5165177,
            "fid": 2,
            "nid": 1350,
            "magpsf": 16.732799530029297,
            "sigmapsf": 0.04072900116443634,
            "magnr": 19.42799949645996,
            "sigmagnr": 0.13099999725818634,
            "magzpsci": 25.602800369262695,
            "isdiffpos": "t",
            "ssdistnr": -999.0,
            "ssnamenr": "null",
            "drb": 1.0
        },
        {
            "candid": 1352322741615015008,
            "jd": 2459106.8227431,
            "ra": 4.6067637,
            "dec": 18.5165196,
            "fid": 1,
            "nid": 1352,
            "magpsf": 17.61989974975586,
            "sigmapsf": 0.07058600336313248,
            "magnr": 19.857999801635742,
            "sigmagnr": 0.11500000208616257,
            "magzpsci": 25.675899505615234,
            "isdiffpos": "t",
            "ssdistnr": -999.0,
            "ssnamenr": "null",
            "drb": 0.9999600052833557
        },
        {
            "candid": 1352370641615015006,
            "jd": 2459106.8706481,
            "ra": 4.6067761,
            "dec": 18.5165329,
            "fid": 2,
            "nid": 1352,
            "magpsf": 16.78420066833496,
            "sigmapsf": 0.044353000819683075,
            "magnr": 19.42799949645996,
            "sigmagnr": 0.13099999725818634,
            "magzpsci": 25.81920051574707,
            "isdiffpos": "t",
            "ssdistnr": -999.0,
            "ssnamenr": "null",
            "drb": 0.9999949932098389
        },
        {
            "candid": 1353348871615015007,
            "jd": 2459107.8488773,
            "ra": 4.6067658,
            "dec": 18.5165238,
            "fid": 1,
            "nid": 1353,
            "magpsf": 17.704599380493164,
            "sigmapsf": 0.05685200169682503,
            "magnr": 19.857999801635742,
            "sigmagnr": 0.11500000208616257,
            "magzpsci": 25.844600677490234,
            "isdiffpos": "t",
            "ssdistnr": -999.0,
            "ssnamenr": "null",
            "drb": 0.9999989867210388
        },
        {
            "candid": 1354392151615015003,
            "jd": 2459108.8921528,
            "ra": 4.6067863,
            "dec": 18.5165365,
            "fid": 2,
            "nid": 1354,
            "magpsf": 16.842899322509766,
            "sigmapsf": 0.05114699900150299,
            "magnr": 19.42799949645996,
            "sigmagnr": 0.13099999725818634,
            "magzpsci": 25.982900619506836,
            "isdiffpos": "t",
            "ssdistnr": -999.0,
            "ssnamenr": "null",
            "drb": 1.0
        },
        {
            "candid": 1355320601615015007,
            "jd": 2459109.8206019,
            "ra": 4.6067572,
            "dec": 18.5165313,
            "fid": 1,
            "nid": 1355,
            "magpsf": 17.882200241088867,
            "sigmapsf": 0.07030200213193893,
            "magnr": 19.857999801635742,
            "sigmagnr": 0.11500000208616257,
            "magzpsci": 25.82819938659668,
            "isdiffpos": "t",
            "ssdistnr": -999.0,
            "ssnamenr": "null",
            "drb": 0.9999949932098389
        },
        {
            "candid": 1355348151615015003,
            "jd": 2459109.8481597,
            "ra": 4.6067538,
            "dec": 18.5165378,
            "fid": 1,
            "nid": 1355,
            "magpsf": 17.889299392700195,
            "sigmapsf": 0.09329000115394592,
            "magnr": 19.857999801635742,
            "sigmagnr": 0.11500000208616257,
            "magzpsci": 25.57029914855957,
            "isdiffpos": "t",
            "ssdistnr": -999.0,
            "ssnamenr": "null",
            "drb": 0.9999979734420776
        },
        {
            "candid": 1355389591615015006,
            "jd": 2459109.8895949,
            "ra": 4.6067758,
            "dec": 18.5165349,
            "fid": 2,
            "nid": 1355,
            "magpsf": 16.930099487304688,
            "sigmapsf": 0.040748000144958496,
            "magnr": 19.42799949645996,
            "sigmagnr": 0.13099999725818634,
            "magzpsci": 25.92009925842285,
            "isdiffpos": "t",
            "ssdistnr": -999.0,
            "ssnamenr": "null",
            "drb": 1.0
        },
        {
            "candid": 1356365491615015003,
            "jd": 2459110.8654977,
            "ra": 4.6067791,
            "dec": 18.5165288,
            "fid": 2,
            "nid": 1356,
            "magpsf": 16.98430061340332,
            "sigmapsf": 0.034511998295784,
            "magnr": 19.42799949645996,
            "sigmagnr": 0.13099999725818634,
            "magzpsci": 25.979299545288086,
            "isdiffpos": "t",
            "ssdistnr": -999.0,
            "ssnamenr": "null",
            "drb": 1.0
        },
        {
            "candid": 1357366051615015008,
            "jd": 2459111.8660532,
            "ra": 4.6067662,
            "dec": 18.5165221,
            "fid": 1,
            "nid": 1357,
            "magpsf": 18.127899169921875,
            "sigmapsf": 0.054221998900175095,
            "magnr": 19.857999801635742,
            "sigmagnr": 0.11500000208616257,
            "magzpsci": 26.157899856567383,
            "isdiffpos": "t",
            "ssdistnr": -999.0,
            "ssnamenr": "null",
            "drb": 0.9999989867210388
        },
        {
            "candid": 1358331421615015008,
            "jd": 2459112.8314236,
            "ra": 4.6067691,
            "dec": 18.5165271,
            "fid": 1,
            "nid": 1358,
            "magpsf": 18.210399627685547,
            "sigmapsf": 0.05547399818897247,
            "magnr": 19.857999801635742,
            "sigmagnr": 0.11500000208616257,
            "magzpsci": 26.273399353027344,
            "isdiffpos": "t",
            "ssdistnr": -999.0,
            "ssnamenr": "null",
            "drb": 1.0
        },
        {
            "candid": 1358338841615015006,
            "jd": 2459112.8388426,
            "ra": 4.6067618,
            "dec": 18.5165491,
            "fid": 2,
            "nid": 1358,
            "magpsf": 17.135299682617188,
            "sigmapsf": 0.03966299816966057,
            "magnr": 19.42799949645996,
            "sigmagnr": 0.13099999725818634,
            "magzpsci": 26.249300003051758,
            "isdiffpos": "t",
            "ssdistnr": -999.0,
            "ssnamenr": "null",
            "drb": 0.9950090050697327
        },
        {
            "candid": 1358400891615015006,
            "jd": 2459112.9008912,
            "ra": 4.6067701,
            "dec": 18.5165347,
            "fid": 2,
            "nid": 1358,
            "magpsf": 17.138500213623047,
            "sigmapsf": 0.03654199838638306,
            "magnr": 19.42799949645996,
            "sigmagnr": 0.13099999725818634,
            "magzpsci": 26.24449920654297,
            "isdiffpos": "t",
            "ssdistnr": -999.0,
            "ssnamenr": "null",
            "drb": 0.999646008014679
        },
        {
            "candid": 1359279661615015011,
            "jd": 2459113.7796644,
            "ra": 4.6067739,
            "dec": 18.5165407,
            "fid": 2,
            "nid": 1359,
            "magpsf": 17.180599212646484,
            "sigmapsf": 0.048774998635053635,
            "magnr": 19.42799949645996,
            "sigmagnr": 0.13099999725818634,
            "magzpsci": 26.17959976196289,
            "isdiffpos": "t",
            "ssdistnr": -999.0,
            "ssnamenr": "null",
            "drb": 0.9999889731407166
        },
        {
            "candid": 1360320271615015015,
            "jd": 2459114.8202778,
            "ra": 4.6067515,
            "dec": 18.5165137,
            "fid": 1,
            "nid": 1360,
            "magpsf": 18.394699096679688,
            "sigmapsf": 0.08311600238084793,
            "magnr": 19.857999801635742,
            "sigmagnr": 0.11500000208616257,
            "magzpsci": 26.18670082092285,
            "isdiffpos": "t",
            "ssdistnr": -999.0,
            "ssnamenr": "null",
            "drb": 0.9999989867210388
        },
        {
            "candid": 1361269281615015004,
            "jd": 2459115.7692824,
            "ra": 4.6067605,
            "dec": 18.5165164,
            "fid": 1,
            "nid": 1361,
            "magpsf": 18.42840003967285,
            "sigmapsf": 0.08145199716091156,
            "magnr": 19.857999801635742,
            "sigmagnr": 0.11500000208616257,
            "magzpsci": 26.263399124145508,
            "isdiffpos": "t",
            "ssdistnr": -999.0,
            "ssnamenr": "null",
            "drb": 1.0
        },
        {
            "candid": 1361304131615015005,
            "jd": 2459115.8041319,
            "ra": 4.6067726,
            "dec": 18.5165332,
            "fid": 2,
            "nid": 1361,
            "magpsf": 17.292299270629883,
            "sigmapsf": 0.04175100103020668,
            "magnr": 19.42799949645996,
            "sigmagnr": 0.13099999725818634,
            "magzpsci": 26.226299285888672,
            "isdiffpos": "t",
            "ssdistnr": -999.0,
            "ssnamenr": "null",
            "drb": 1.0
        },
        {
            "candid": 1361315591615015008,
            "jd": 2459115.8155903,
            "ra": 4.6067687,
            "dec": 18.5165235,
            "fid": 2,
            "nid": 1361,
            "magpsf": 17.288799285888672,
            "sigmapsf": 0.04421300068497658,
            "magnr": 19.42799949645996,
            "sigmagnr": 0.13099999725818634,
            "magzpsci": 26.223800659179688,
            "isdiffpos": "t",
            "ssdistnr": -999.0,
            "ssnamenr": "null",
            "drb": 1.0
        },
        {
            "candid": 1362264951615015009,
            "jd": 2459116.7649537,
            "ra": 4.60676,
            "dec": 18.51654,
            "fid": 1,
            "nid": 1362,
            "magpsf": 18.496999740600586,
            "sigmapsf": 0.07760699838399887,
            "magnr": 19.857999801635742,
            "sigmagnr": 0.11500000208616257,
            "magzpsci": 26.19099998474121,
            "isdiffpos": "t",
            "ssdistnr": -999.0,
            "ssnamenr": "null",
            "drb": 1.0
        },
        {
            "candid": 1362363121615015007,
            "jd": 2459116.863125,
            "ra": 4.6067752,
            "dec": 18.516549,
            "fid": 2,
            "nid": 1362,
            "magpsf": 17.380399703979492,
            "sigmapsf": 0.05730900168418884,
            "magnr": 19.42799949645996,
            "sigmagnr": 0.13099999725818634,
            "magzpsci": 26.236400604248047,
            "isdiffpos": "t",
            "ssdistnr": -999.0,
            "ssnamenr": "null",
            "drb": 0.9997580051422119
        },
        {
            "candid": 1363269061615015001,
            "jd": 2459117.7690625,
            "ra": 4.6067671,
            "dec": 18.5165116,
            "fid": 1,
            "nid": 1363,
            "magpsf": 18.500900268554688,
            "sigmapsf": 0.07932499796152115,
            "magnr": 19.857999801635742,
            "sigmagnr": 0.11500000208616257,
            "magzpsci": 26.258899688720703,
            "isdiffpos": "t",
            "ssdistnr": -999.0,
            "ssnamenr": "null",
            "drb": 1.0
        },
        {
            "candid": 1363372991615015004,
            "jd": 2459117.8729977,
            "ra": 4.6067769,
            "dec": 18.516535,
            "fid": 2,
            "nid": 1363,
            "magpsf": 17.428199768066406,
            "sigmapsf": 0.0534060001373291,
            "magnr": 19.42799949645996,
            "sigmagnr": 0.13099999725818634,
            "magzpsci": 26.241199493408203,
            "isdiffpos": "t",
            "ssdistnr": -999.0,
            "ssnamenr": "null",
            "drb": 0.9999880194664001
        },
        {
            "candid": 1364245051615015002,
            "jd": 2459118.7450579,
            "ra": 4.6067808,
            "dec": 18.5165436,
            "fid": 2,
            "nid": 1364,
            "magpsf": 17.483400344848633,
            "sigmapsf": 0.044509001076221466,
            "magnr": 19.42799949645996,
            "sigmagnr": 0.13099999725818634,
            "magzpsci": 26.249399185180664,
            "isdiffpos": "t",
            "ssdistnr": -999.0,
            "ssnamenr": "null",
            "drb": 0.9999949932098389
        },
        {
            "candid": 1364326961615015007,
            "jd": 2459118.8269676,
            "ra": 4.6067603,
            "dec": 18.5165342,
            "fid": 2,
            "nid": 1364,
            "magpsf": 17.486499786376953,
            "sigmapsf": 0.04702800139784813,
            "magnr": 19.42799949645996,
            "sigmagnr": 0.13099999725818634,
            "magzpsci": 26.27750015258789,
            "isdiffpos": "t",
            "ssdistnr": -999.0,
            "ssnamenr": "null",
            "drb": 0.9991409778594971
        },
        {
            "candid": 1364372851615015010,
            "jd": 2459118.8728588,
            "ra": 4.6067508,
            "dec": 18.5165266,
            "fid": 1,
            "nid": 1364,
            "magpsf": 18.65719985961914,
            "sigmapsf": 0.07764100283384323,
            "magnr": 19.857999801635742,
            "sigmagnr": 0.11500000208616257,
            "magzpsci": 26.28820037841797,
            "isdiffpos": "t",
            "ssdistnr": -999.0,
            "ssnamenr": "null",
            "drb": 1.0
        },
        {
            "candid": 1365336621615015002,
            "jd": 2459119.8366204,
            "ra": 4.6067497,
            "dec": 18.516545,
            "fid": 1,
            "nid": 1365,
            "magpsf": 18.724000930786133,
            "sigmapsf": 0.12594099342823029,
            "magnr": 19.857999801635742,
            "sigmagnr": 0.11500000208616257,
            "magzpsci": 26.275999069213867,
            "isdiffpos": "t",
            "ssdistnr": -999.0,
            "ssnamenr": "null",
            "drb": 1.0
        },
        {
            "candid": 1366282771615015001,
            "jd": 2459120.7827778,
            "ra": 4.6067639,
            "dec": 18.5165283,
            "fid": 1,
            "nid": 1366,
            "magpsf": 18.61400032043457,
            "sigmapsf": 0.09913499653339386,
            "magnr": 19.857999801635742,
            "sigmagnr": 0.11500000208616257,
            "magzpsci": 26.271900177001953,
            "isdiffpos": "t",
            "ssdistnr": -999.0,
            "ssnamenr": "null",
            "drb": 1.0
        },
        {
            "candid": 1367328861615015002,
            "jd": 2459121.8288657,
            "ra": 4.6067634,
            "dec": 18.5165324,
            "fid": 1,
            "nid": 1367,
            "magpsf": 18.9330997467041,
            "sigmapsf": 0.15585100650787354,
            "magnr": 19.857999801635742,
            "sigmagnr": 0.11500000208616257,
            "magzpsci": 26.286100387573242,
            "isdiffpos": "t",
            "ssdistnr": -999.0,
            "ssnamenr": "null",
            "drb": 1.0
        },
        {
            "candid": 1370254831615015001,
            "jd": 2459124.754838,
            "ra": 4.6067922,
            "dec": 18.5165447,
            "fid": 2,
            "nid": 1370,
            "magpsf": 17.81719970703125,
            "sigmapsf": 0.08557400107383728,
            "magnr": 19.42799949645996,
            "sigmagnr": 0.13099999725818634,
            "magzpsci": 26.213199615478516,
            "isdiffpos": "t",
            "ssdistnr": -999.0,
            "ssnamenr": "null",
            "drb": 0.9999979734420776
        },
        {
            "candid": 1370340351615015001,
            "jd": 2459124.8403588,
            "ra": 4.6067594,
            "dec": 18.5165347,
            "fid": 2,
            "nid": 1370,
            "magpsf": 17.83060073852539,
            "sigmapsf": 0.05566300079226494,
            "magnr": 19.42799949645996,
            "sigmagnr": 0.13099999725818634,
            "magzpsci": 26.23259925842285,
            "isdiffpos": "t",
            "ssdistnr": -999.0,
            "ssnamenr": "null",
            "drb": 0.9999989867210388
        },
        {
            "candid": 1372278741615015002,
            "jd": 2459126.77875,
            "ra": 4.6068167,
            "dec": 18.5164023,
            "fid": 1,
            "nid": 1372,
            "magpsf": 19.100000381469727,
            "sigmapsf": 0.16187800467014313,
            "magnr": 19.857999801635742,
            "sigmagnr": 0.11500000208616257,
            "magzpsci": 26.22800064086914,
            "isdiffpos": "t",
            "ssdistnr": -999.0,
            "ssnamenr": "null",
            "drb": 0.9999589920043945
        },
        {
            "candid": 1372297411615015003,
            "jd": 2459126.797419,
            "ra": 4.6067706,
            "dec": 18.5165277,
            "fid": 2,
            "nid": 1372,
            "magpsf": 17.945499420166016,
            "sigmapsf": 0.05928700044751167,
            "magnr": 19.42799949645996,
            "sigmagnr": 0.13099999725818634,
            "magzpsci": 26.23550033569336,
            "isdiffpos": "t",
            "ssdistnr": -999.0,
            "ssnamenr": "null",
            "drb": 0.9999989867210388
        },
        {
            "candid": 1372362591615015003,
            "jd": 2459126.8625926,
            "ra": 4.6067743,
            "dec": 18.5165486,
            "fid": 2,
            "nid": 1372,
            "magpsf": 18.007099151611328,
            "sigmapsf": 0.06568799912929535,
            "magnr": 19.42799949645996,
            "sigmagnr": 0.13099999725818634,
            "magzpsci": 26.230100631713867,
            "isdiffpos": "t",
            "ssdistnr": -999.0,
            "ssnamenr": "null",
            "drb": 0.9999909996986389
        },
        {
            "candid": 1374257741615015004,
            "jd": 2459128.7577431,
            "ra": 4.6067856,
            "dec": 18.5165263,
            "fid": 2,
            "nid": 1374,
            "magpsf": 18.049800872802734,
            "sigmapsf": 0.05065299943089485,
            "magnr": 19.42799949645996,
            "sigmagnr": 0.13099999725818634,
            "magzpsci": 26.172800064086914,
            "isdiffpos": "t",
            "ssdistnr": -999.0,
            "ssnamenr": "null",
            "drb": 0.9999859929084778
        },
        {
            "candid": 1374293731615015009,
            "jd": 2459128.7937384,
            "ra": 4.606799,
            "dec": 18.5165454,
            "fid": 1,
            "nid": 1374,
            "magpsf": 19.056100845336914,
            "sigmapsf": 0.17056000232696533,
            "magnr": 19.857999801635742,
            "sigmagnr": 0.11500000208616257,
            "magzpsci": 26.16309928894043,
            "isdiffpos": "t",
            "ssdistnr": -999.0,
            "ssnamenr": "null",
            "drb": 0.9999960064888
        },
        {
            "candid": 1376248041615015005,
            "jd": 2459130.748044,
            "ra": 4.6067547,
            "dec": 18.5165415,
            "fid": 1,
            "nid": 1376,
            "magpsf": 19.079599380493164,
            "sigmapsf": 0.13054199516773224,
            "magnr": 19.857999801635742,
            "sigmagnr": 0.11500000208616257,
            "magzpsci": 26.270599365234375,
            "isdiffpos": "t",
            "ssdistnr": -999.0,
            "ssnamenr": "null",
            "drb": 0.9999970197677612
        },
        {
            "candid": 1376259811615015011,
            "jd": 2459130.7598148,
            "ra": 4.6067738,
            "dec": 18.5165572,
            "fid": 2,
            "nid": 1376,
            "magpsf": 18.09910011291504,
            "sigmapsf": 0.058198001235723495,
            "magnr": 19.42799949645996,
            "sigmagnr": 0.13099999725818634,
            "magzpsci": 26.262100219726562,
            "isdiffpos": "t",
            "ssdistnr": -999.0,
            "ssnamenr": "null",
            "drb": 1.0
        },
        {
            "candid": 1380246621615015006,
            "jd": 2459134.7466204,
            "ra": 4.6067561,
            "dec": 18.5165093,
            "fid": 1,
            "nid": 1380,
            "magpsf": 19.184799194335938,
            "sigmapsf": 0.10565199702978134,
            "magnr": 19.857999801635742,
            "sigmagnr": 0.11500000208616257,
            "magzpsci": 26.27680015563965,
            "isdiffpos": "t",
            "ssdistnr": -999.0,
            "ssnamenr": "-999.0",
            "drb": null
        },
        {
            "candid": 1380299211615015003,
            "jd": 2459134.799213,
            "ra": 4.6067514,
            "dec": 18.5165312,
            "fid": 2,
            "nid": 1380,
            "magpsf": 18.214000701904297,
            "sigmapsf": 0.0493680015206337,
            "magnr": 19.42799949645996,
            "sigmagnr": 0.13099999725818634,
            "magzpsci": 26.232999801635742,
            "isdiffpos": "t",
            "ssdistnr": -999.0,
            "ssnamenr": "null",
            "drb": 1.0
        },
        {
            "candid": 1382197901615015004,
            "jd": 2459136.6979051,
            "ra": 4.6067678,
            "dec": 18.5165416,
            "fid": 2,
            "nid": 1382,
            "magpsf": 18.320999145507812,
            "sigmapsf": 0.06866300106048584,
            "magnr": 19.42799949645996,
            "sigmagnr": 0.13099999725818634,
            "magzpsci": 26.2549991607666,
            "isdiffpos": "t",
            "ssdistnr": -999.0,
            "ssnamenr": "null",
            "drb": 1.0
        },
        {
            "candid": 1382236791615015012,
            "jd": 2459136.736794,
            "ra": 4.6067145,
            "dec": 18.5165324,
            "fid": 1,
            "nid": 1382,
            "magpsf": 19.252500534057617,
            "sigmapsf": 0.12259600311517715,
            "magnr": 19.857999801635742,
            "sigmagnr": 0.11500000208616257,
            "magzpsci": 26.292499542236328,
            "isdiffpos": "t",
            "ssdistnr": -999.0,
            "ssnamenr": "null",
            "drb": 1.0
        },
        {
            "candid": 1384231821615015003,
            "jd": 2459138.7318287,
            "ra": 4.6067075,
            "dec": 18.5165108,
            "fid": 1,
            "nid": 1384,
            "magpsf": 19.189800262451172,
            "sigmapsf": 0.1460839956998825,
            "magnr": 19.857999801635742,
            "sigmagnr": 0.11500000208616257,
            "magzpsci": 26.149799346923828,
            "isdiffpos": "t",
            "ssdistnr": -999.0,
            "ssnamenr": "null",
            "drb": 1.0
        },
        {
            "candid": 1384278091615015004,
            "jd": 2459138.7780903,
            "ra": 4.6067633,
            "dec": 18.5165133,
            "fid": 2,
            "nid": 1384,
            "magpsf": 18.338499069213867,
            "sigmapsf": 0.06106799840927124,
            "magnr": 19.42799949645996,
            "sigmagnr": 0.13099999725818634,
            "magzpsci": 26.186500549316406,
            "isdiffpos": "t",
            "ssdistnr": -999.0,
            "ssnamenr": "null",
            "drb": 1.0
        },
        {
            "candid": 1386208071615015005,
            "jd": 2459140.7080787,
            "ra": 4.6067533,
            "dec": 18.5165187,
            "fid": 1,
            "nid": 1386,
            "magpsf": 19.2893009185791,
            "sigmapsf": 0.10618899762630463,
            "magnr": 19.857999801635742,
            "sigmagnr": 0.11500000208616257,
            "magzpsci": 26.238300323486328,
            "isdiffpos": "t",
            "ssdistnr": -999.0,
            "ssnamenr": "null",
            "drb": 1.0
        },
        {
            "candid": 1386249661615015006,
            "jd": 2459140.7496644,
            "ra": 4.6067753,
            "dec": 18.5165308,
            "fid": 2,
            "nid": 1386,
            "magpsf": 18.40880012512207,
            "sigmapsf": 0.06003599986433983,
            "magnr": 19.42799949645996,
            "sigmagnr": 0.13099999725818634,
            "magzpsci": 26.220800399780273,
            "isdiffpos": "t",
            "ssdistnr": -999.0,
            "ssnamenr": "null",
            "drb": 0.999987006187439
        },
        {
            "candid": 1389215671615015009,
            "jd": 2459143.7156713,
            "ra": 4.6067589,
            "dec": 18.5165387,
            "fid": 2,
            "nid": 1389,
            "magpsf": 18.464599609375,
            "sigmapsf": 0.050540000200271606,
            "magnr": 19.42799949645996,
            "sigmagnr": 0.13099999725818634,
            "magzpsci": 26.250600814819336,
            "isdiffpos": "t",
            "ssdistnr": -999.0,
            "ssnamenr": "null",
            "drb": 1.0
        },
        {
            "candid": 1391179961615015005,
            "jd": 2459145.6799653,
            "ra": 4.606779,
            "dec": 18.5165297,
            "fid": 2,
            "nid": 1391,
            "magpsf": 18.465099334716797,
            "sigmapsf": 0.07402200251817703,
            "magnr": 19.42799949645996,
            "sigmagnr": 0.13099999725818634,
            "magzpsci": 26.258100509643555,
            "isdiffpos": "t",
            "ssdistnr": -999.0,
            "ssnamenr": "null",
            "drb": 1.0
        },
        {
            "candid": 1391275411615015011,
            "jd": 2459145.7754167,
            "ra": 4.6067199,
            "dec": 18.516524,
            "fid": 1,
            "nid": 1391,
            "magpsf": 19.417200088500977,
            "sigmapsf": 0.11488500237464905,
            "magnr": 19.857999801635742,
            "sigmagnr": 0.11500000208616257,
            "magzpsci": 26.291200637817383,
            "isdiffpos": "t",
            "ssdistnr": -999.0,
            "ssnamenr": "null",
            "drb": 1.0
        },
        {
            "candid": 1395196821615015003,
            "jd": 2459149.6968287,
            "ra": 4.6067616,
            "dec": 18.5165586,
            "fid": 2,
            "nid": 1395,
            "magpsf": 18.59480094909668,
            "sigmapsf": 0.14793500304222107,
            "magnr": 19.42799949645996,
            "sigmagnr": 0.13099999725818634,
            "magzpsci": 26.238800048828125,
            "isdiffpos": "t",
            "ssdistnr": -999.0,
            "ssnamenr": "null",
            "drb": 0.9999849796295166
        },
        {
            "candid": 1395259581615015003,
            "jd": 2459149.7595833,
            "ra": 4.6066805,
            "dec": 18.5164483,
            "fid": 1,
            "nid": 1395,
            "magpsf": 19.6112003326416,
            "sigmapsf": 0.41528499126434326,
            "magnr": 19.857999801635742,
            "sigmagnr": 0.11500000208616257,
            "magzpsci": 26.28019905090332,
            "isdiffpos": "t",
            "ssdistnr": -999.0,
            "ssnamenr": "-999.0",
            "drb": null
        },
        {
            "candid": 1397194081615015002,
            "jd": 2459151.6940856,
            "ra": 4.6067506,
            "dec": 18.5164771,
            "fid": 1,
            "nid": 1397,
            "magpsf": 19.30139923095703,
            "sigmapsf": 0.21729899942874908,
            "magnr": 19.857999801635742,
            "sigmagnr": 0.11500000208616257,
            "magzpsci": 26.332399368286133,
            "isdiffpos": "t",
            "ssdistnr": -999.0,
            "ssnamenr": "-999.0",
            "drb": null
        },
        {
            "candid": 1397241741615015002,
            "jd": 2459151.7417477,
            "ra": 4.606732,
            "dec": 18.5165381,
            "fid": 2,
            "nid": 1397,
            "magpsf": 18.69969940185547,
            "sigmapsf": 0.10245499759912491,
            "magnr": 19.42799949645996,
            "sigmagnr": 0.13099999725818634,
            "magzpsci": 26.308700561523438,
            "isdiffpos": "t",
            "ssdistnr": -999.0,
            "ssnamenr": "null",
            "drb": 1.0
        },
        {
            "candid": 1399211861615015004,
            "jd": 2459153.7118634,
            "ra": 4.606793,
            "dec": 18.5165906,
            "fid": 1,
            "nid": 1399,
            "magpsf": 19.356700897216797,
            "sigmapsf": 0.23160499334335327,
            "magnr": 19.857999801635742,
            "sigmagnr": 0.11500000208616257,
            "magzpsci": 26.338699340820312,
            "isdiffpos": "t",
            "ssdistnr": -999.0,
            "ssnamenr": "-999.0",
            "drb": null
        },
        {
            "candid": 1399324141615015002,
            "jd": 2459153.8241435,
            "ra": 4.6067871,
            "dec": 18.5165142,
            "fid": 2,
            "nid": 1399,
            "magpsf": 18.750099182128906,
            "sigmapsf": 0.10610499978065491,
            "magnr": 19.42799949645996,
            "sigmagnr": 0.13099999725818634,
            "magzpsci": 26.281099319458008,
            "isdiffpos": "t",
            "ssdistnr": -999.0,
            "ssnamenr": "null",
            "drb": 0.9999989867210388
        },
        {
            "candid": 1401199281615015008,
            "jd": 2459155.6992824,
            "ra": 4.6068254,
            "dec": 18.5165392,
            "fid": 1,
            "nid": 1401,
            "magpsf": 19.39299964904785,
            "sigmapsf": 0.2520970106124878,
            "magnr": 19.857999801635742,
            "sigmagnr": 0.11500000208616257,
            "magzpsci": 26.30699920654297,
            "isdiffpos": "t",
            "ssdistnr": -999.0,
            "ssnamenr": "-999.0",
            "drb": null
        },
        {
            "candid": 1401247381615015004,
            "jd": 2459155.7473843,
            "ra": 4.6067938,
            "dec": 18.5165545,
            "fid": 2,
            "nid": 1401,
            "magpsf": 18.777799606323242,
            "sigmapsf": 0.11494400352239609,
            "magnr": 19.42799949645996,
            "sigmagnr": 0.13099999725818634,
            "magzpsci": 26.298799514770508,
            "isdiffpos": "t",
            "ssdistnr": -999.0,
            "ssnamenr": "null",
            "drb": 0.9999979734420776
        },
        {
            "candid": 1410256121615015002,
            "jd": 2459164.7561227,
            "ra": 4.6067304,
            "dec": 18.5164746,
            "fid": 1,
            "nid": 1410,
            "magpsf": 19.534900665283203,
            "sigmapsf": 0.1723400056362152,
            "magnr": 19.857999801635742,
            "sigmagnr": 0.11500000208616257,
            "magzpsci": 26.31089973449707,
            "isdiffpos": "t",
            "ssdistnr": -999.0,
            "ssnamenr": "null",
            "drb": 0.9998499751091003
        },
        {
            "candid": 1413206551615015003,
            "jd": 2459167.7065509,
            "ra": 4.6067797,
            "dec": 18.5165347,
            "fid": 2,
            "nid": 1413,
            "magpsf": 19.039499282836914,
            "sigmapsf": 0.08200699836015701,
            "magnr": 19.42799949645996,
            "sigmagnr": 0.13099999725818634,
            "magzpsci": 26.318500518798828,
            "isdiffpos": "t",
            "ssdistnr": -999.0,
            "ssnamenr": "null",
            "drb": 1.0
        },
        {
            "candid": 1413255321615015005,
            "jd": 2459167.7553241,
            "ra": 4.6067404,
            "dec": 18.5165362,
            "fid": 1,
            "nid": 1413,
            "magpsf": 19.587799072265625,
            "sigmapsf": 0.13847100734710693,
            "magnr": 19.857999801635742,
            "sigmagnr": 0.11500000208616257,
            "magzpsci": 26.321800231933594,
            "isdiffpos": "t",
            "ssdistnr": -999.0,
            "ssnamenr": "null",
            "drb": 0.9999989867210388
        },
        {
            "candid": 1415193241615015006,
            "jd": 2459169.6932407,
            "ra": 4.6067442,
            "dec": 18.5165,
            "fid": 2,
            "nid": 1415,
            "magpsf": 18.993200302124023,
            "sigmapsf": 0.10161200165748596,
            "magnr": 19.42799949645996,
            "sigmagnr": 0.13099999725818634,
            "magzpsci": 26.29319953918457,
            "isdiffpos": "t",
            "ssdistnr": -999.0,
            "ssnamenr": "-999.0",
            "drb": null
        },
        {
            "candid": 1415232371615015005,
            "jd": 2459169.7323727,
            "ra": 4.6067551,
            "dec": 18.5165448,
            "fid": 1,
            "nid": 1415,
            "magpsf": 19.59440040588379,
            "sigmapsf": 0.16097499430179596,
            "magnr": 19.857999801635742,
            "sigmagnr": 0.11500000208616257,
            "magzpsci": 26.32539939880371,
            "isdiffpos": "t",
            "ssdistnr": -999.0,
            "ssnamenr": "null",
            "drb": 0.9999989867210388
        },
        {
            "candid": 1418150191615015004,
            "jd": 2459172.6501968,
            "ra": 4.6067678,
            "dec": 18.5165107,
            "fid": 2,
            "nid": 1418,
            "magpsf": 19.138500213623047,
            "sigmapsf": 0.09182699769735336,
            "magnr": 19.42799949645996,
            "sigmagnr": 0.13099999725818634,
            "magzpsci": 26.28660011291504,
            "isdiffpos": "t",
            "ssdistnr": -999.0,
            "ssnamenr": "null",
            "drb": 0.9999989867210388
        },
        {
            "candid": 1420120941615015004,
            "jd": 2459174.6209491,
            "ra": 4.6067684,
            "dec": 18.5165555,
            "fid": 2,
            "nid": 1420,
            "magpsf": 19.207399368286133,
            "sigmapsf": 0.12952099740505219,
            "magnr": 19.42799949645996,
            "sigmagnr": 0.13099999725818634,
            "magzpsci": 26.162399291992188,
            "isdiffpos": "t",
            "ssdistnr": -999.0,
            "ssnamenr": "null",
            "drb": 0.9991980195045471
        },
        {
            "candid": 1428124101615015002,
            "jd": 2459182.6241088,
            "ra": 4.6067653,
            "dec": 18.5165394,
            "fid": 2,
            "nid": 1428,
            "magpsf": 19.309200286865234,
            "sigmapsf": 0.17672699689865112,
            "magnr": 19.42799949645996,
            "sigmagnr": 0.13099999725818634,
            "magzpsci": 26.294200897216797,
            "isdiffpos": "t",
            "ssdistnr": -999.0,
            "ssnamenr": "null",
            "drb": 0.9999979734420776
        },
        {
            "candid": 1428173221615015001,
            "jd": 2459182.6732292,
            "ra": 4.606753,
            "dec": 18.5164205,
            "fid": 1,
            "nid": 1428,
            "magpsf": 19.904199600219727,
            "sigmapsf": 0.30774998664855957,
            "magnr": 19.857999801635742,
            "sigmagnr": 0.11500000208616257,
            "magzpsci": 26.324199676513672,
            "isdiffpos": "t",
            "ssdistnr": -999.0,
            "ssnamenr": "-999.0",
            "drb": null
        },
        {
            "candid": 1430173561615015006,
            "jd": 2459184.6735648,
            "ra": 4.6067801,
            "dec": 18.5165916,
            "fid": 1,
            "nid": 1430,
            "magpsf": 19.65049934387207,
            "sigmapsf": 0.24089300632476807,
            "magnr": 19.857999801635742,
            "sigmagnr": 0.11500000208616257,
            "magzpsci": 26.319499969482422,
            "isdiffpos": "t",
            "ssdistnr": -999.0,
            "ssnamenr": "-999.0",
            "drb": null
        },
        {
            "candid": 1430263061615015002,
            "jd": 2459184.7630671,
            "ra": 4.606736,
            "dec": 18.5165359,
            "fid": 2,
            "nid": 1430,
            "magpsf": 19.472999572753906,
            "sigmapsf": 0.19399699568748474,
            "magnr": 19.42799949645996,
            "sigmagnr": 0.13099999725818634,
            "magzpsci": 26.259000778198242,
            "isdiffpos": "t",
            "ssdistnr": -999.0,
            "ssnamenr": "null",
            "drb": 0.9995160102844238
        },
        {
            "candid": 1434184221615015004,
            "jd": 2459188.6842245,
            "ra": 4.6066337,
            "dec": 18.5164646,
            "fid": 1,
            "nid": 1434,
            "magpsf": 19.710100173950195,
            "sigmapsf": 0.22350700199604034,
            "magnr": 19.857999801635742,
            "sigmagnr": 0.11500000208616257,
            "magzpsci": 26.313100814819336,
            "isdiffpos": "t",
            "ssdistnr": -999.0,
            "ssnamenr": "-999.0",
            "drb": null
        },
        {
            "candid": 1434241361615015006,
            "jd": 2459188.7413657,
            "ra": 4.606802,
            "dec": 18.5165432,
            "fid": 2,
            "nid": 1434,
            "magpsf": 19.39739990234375,
            "sigmapsf": 0.15727700293064117,
            "magnr": 19.42799949645996,
            "sigmagnr": 0.13099999725818634,
            "magzpsci": 26.27039909362793,
            "isdiffpos": "t",
            "ssdistnr": -999.0,
            "ssnamenr": "null",
            "drb": 0.9999989867210388
        },
        {
            "candid": 1440140761615015003,
            "jd": 2459194.6407639,
            "ra": 4.6067326,
            "dec": 18.5165107,
            "fid": 2,
            "nid": 1440,
            "magpsf": 19.515199661254883,
            "sigmapsf": 0.12396000325679779,
            "magnr": 19.42799949645996,
            "sigmagnr": 0.13099999725818634,
            "magzpsci": 26.292200088500977,
            "isdiffpos": "t",
            "ssdistnr": -999.0,
            "ssnamenr": "null",
            "drb": 0.9999150037765503
        },
        {
            "candid": 1440183961615015008,
            "jd": 2459194.6839699,
            "ra": 4.6067512,
            "dec": 18.5164456,
            "fid": 1,
            "nid": 1440,
            "magpsf": 19.97249984741211,
            "sigmapsf": 0.18292100727558136,
            "magnr": 19.857999801635742,
            "sigmagnr": 0.11500000208616257,
            "magzpsci": 26.302499771118164,
            "isdiffpos": "t",
            "ssdistnr": -999.0,
            "ssnamenr": "null",
            "drb": 0.9999939799308777
        },
        {
            "candid": 1445129461615015002,
            "jd": 2459199.6294676,
            "ra": 4.6066983,
            "dec": 18.5164807,
            "fid": 2,
            "nid": 1445,
            "magpsf": 19.75830078125,
            "sigmapsf": 0.16585800051689148,
            "magnr": 19.42799949645996,
            "sigmagnr": 0.13099999725818634,
            "magzpsci": 26.29829978942871,
            "isdiffpos": "t",
            "ssdistnr": -999.0,
            "ssnamenr": "null",
            "drb": 0.9998199939727783
        },
        {
            "candid": 1445267381615015001,
            "jd": 2459199.7673843,
            "ra": 4.6068128,
            "dec": 18.5164488,
            "fid": 1,
            "nid": 1445,
            "magpsf": 19.87350082397461,
            "sigmapsf": 0.24855099618434906,
            "magnr": 19.857999801635742,
            "sigmagnr": 0.11500000208616257,
            "magzpsci": 26.223499298095703,
            "isdiffpos": "t",
            "ssdistnr": -999.0,
            "ssnamenr": "-999.0",
            "drb": null
        },
        {
            "candid": 1448142991615015002,
            "jd": 2459202.6429977,
            "ra": 4.606736,
            "dec": 18.5165043,
            "fid": 2,
            "nid": 1448,
            "magpsf": 19.582300186157227,
            "sigmapsf": 0.1432500034570694,
            "magnr": 19.42799949645996,
            "sigmagnr": 0.13099999725818634,
            "magzpsci": 26.28730010986328,
            "isdiffpos": "t",
            "ssdistnr": -999.0,
            "ssnamenr": "null",
            "drb": 0.9999970197677612
        },
        {
            "candid": 1448173491615015002,
            "jd": 2459202.6734954,
            "ra": 4.6067088,
            "dec": 18.5165069,
            "fid": 1,
            "nid": 1448,
            "magpsf": 20.084400177001953,
            "sigmapsf": 0.2629980146884918,
            "magnr": 19.857999801635742,
            "sigmagnr": 0.11500000208616257,
            "magzpsci": 26.295400619506836,
            "isdiffpos": "t",
            "ssdistnr": -999.0,
            "ssnamenr": "-999.0",
            "drb": null
        },
        {
            "candid": 1450180631615015009,
            "jd": 2459204.6806366,
            "ra": 4.606858,
            "dec": 18.5165269,
            "fid": 2,
            "nid": 1450,
            "magpsf": 19.53700065612793,
            "sigmapsf": 0.19370399415493011,
            "magnr": 19.42799949645996,
            "sigmagnr": 0.13099999725818634,
            "magzpsci": 26.26799964904785,
            "isdiffpos": "t",
            "ssdistnr": -999.0,
            "ssnamenr": "-999.0",
            "drb": null
        },
        {
            "candid": 1450215721615015008,
            "jd": 2459204.7157292,
            "ra": 4.6066347,
            "dec": 18.5163978,
            "fid": 1,
            "nid": 1450,
            "magpsf": 20.076200485229492,
            "sigmapsf": 0.30608901381492615,
            "magnr": 19.857999801635742,
            "sigmagnr": 0.11500000208616257,
            "magzpsci": 26.254199981689453,
            "isdiffpos": "t",
            "ssdistnr": -999.0,
            "ssnamenr": "-999.0",
            "drb": null
        },
        {
            "candid": 1456124571615015008,
            "jd": 2459210.6245718,
            "ra": 4.606768,
            "dec": 18.5164443,
            "fid": 2,
            "nid": 1456,
            "magpsf": 19.952299118041992,
            "sigmapsf": 0.2723959982395172,
            "magnr": 19.42799949645996,
            "sigmagnr": 0.13099999725818634,
            "magzpsci": 26.246299743652344,
            "isdiffpos": "t",
            "ssdistnr": -999.0,
            "ssnamenr": "-999.0",
            "drb": null
        },
        {
            "candid": 1461089571615015005,
            "jd": 2459215.5895718,
            "ra": 4.606757,
            "dec": 18.5164187,
            "fid": 1,
            "nid": 1461,
            "magpsf": 20.368900299072266,
            "sigmapsf": 0.3926590085029602,
            "magnr": 19.857999801635742,
            "sigmagnr": 0.11500000208616257,
            "magzpsci": 26.306900024414062,
            "isdiffpos": "t",
            "ssdistnr": -999.0,
            "ssnamenr": "-999.0",
            "drb": null
        },
        {
            "candid": 1466104061615015002,
            "jd": 2459220.6040625,
            "ra": 4.6067559,
            "dec": 18.5165785,
            "fid": 2,
            "nid": 1466,
            "magpsf": 19.99250030517578,
            "sigmapsf": 0.16864299774169922,
            "magnr": 19.42799949645996,
            "sigmagnr": 0.13099999725818634,
            "magzpsci": 26.258499145507812,
            "isdiffpos": "t",
            "ssdistnr": -999.0,
            "ssnamenr": "null",
            "drb": 1.0
        },
        {
            "jd": 2459059.91862,
            "fid": 1,
            "diffmaglim": 20.968000411987305
        },
        {
            "jd": 2459059.94213,
            "fid": 2,
            "diffmaglim": 20.781999588012695
        },
        {
            "jd": 2459060.93106,
            "fid": 2,
            "diffmaglim": 20.738000869750977
        },
        {
            "jd": 2459061.85141,
            "fid": 2,
            "diffmaglim": 20.158000946044922
        },
        {
            "jd": 2459062.96133,
            "fid": 2,
            "diffmaglim": 20.538000106811523
        },
        {
            "jd": 2459063.86824,
            "fid": 2,
            "diffmaglim": 19.54599952697754
        },
        {
            "jd": 2459063.93693,
            "fid": 1,
            "diffmaglim": 19.618000030517578
        },
        {
            "jd": 2459064.87284,
            "fid": 2,
            "diffmaglim": 19.447999954223633
        },
        {
            "jd": 2459065.89509,
            "fid": 2,
            "diffmaglim": 19.41200065612793
        },
        {
            "jd": 2459065.92142,
            "fid": 2,
            "diffmaglim": 19.472999572753906
        },
        {
            "jd": 2459066.91674,
            "fid": 1,
            "diffmaglim": 19.57200050354004
        },
        {
            "jd": 2459069.87948,
            "fid": 1,
            "diffmaglim": 19.92799949645996
        },
        {
            "jd": 2459071.98177,
            "fid": 1,
            "diffmaglim": 20.27199935913086
        },
        {
            "jd": 2459072.8763,
            "fid": 1,
            "diffmaglim": 20.322999954223633
        },
        {
            "jd": 2459072.95729,
            "fid": 1,
            "diffmaglim": 20.3700008392334
        },
        {
            "jd": 2459072.99123,
            "fid": 2,
            "diffmaglim": 20.33300018310547
        },
        {
            "jd": 2459073.90586,
            "fid": 1,
            "diffmaglim": 20.520000457763672
        },
        {
            "jd": 2459073.98384,
            "fid": 2,
            "diffmaglim": 20.36199951171875
        },
        {
            "jd": 2459074.90487,
            "fid": 2,
            "diffmaglim": 16.760000228881836
        },
        {
            "jd": 2459074.96388,
            "fid": 1,
            "diffmaglim": 17.424999237060547
        },
        {
            "jd": 2459075.81634,
            "fid": 2,
            "diffmaglim": 20.423999786376953
        },
        {
            "jd": 2459075.85796,
            "fid": 1,
            "diffmaglim": 20.694000244140625
        },
        {
            "jd": 2459075.86887,
            "fid": 1,
            "diffmaglim": 20.7549991607666
        },
        {
            "jd": 2459076.86517,
            "fid": 2,
            "diffmaglim": 20.584999084472656
        },
        {
            "jd": 2459077.89616,
            "fid": 1,
            "diffmaglim": 20.809999465942383
        },
        {
            "jd": 2459077.97002,
            "fid": 2,
            "diffmaglim": 20.67099952697754
        },
        {
            "jd": 2459078.90622,
            "fid": 1,
            "diffmaglim": 20.665000915527344
        },
        {
            "jd": 2459078.91918,
            "fid": 1,
            "diffmaglim": 17.392000198364258
        },
        {
            "jd": 2459079.85204,
            "fid": 1,
            "diffmaglim": 20.763999938964844
        },
        {
            "jd": 2459079.87507,
            "fid": 2,
            "diffmaglim": 20.551000595092773
        },
        {
            "jd": 2459080.92466,
            "fid": 1,
            "diffmaglim": 20.687000274658203
        },
        {
            "jd": 2459081.85286,
            "fid": 1,
            "diffmaglim": 20.43400001525879
        },
        {
            "jd": 2459081.9003,
            "fid": 2,
            "diffmaglim": 20.600000381469727
        },
        {
            "jd": 2459081.91944,
            "fid": 2,
            "diffmaglim": 20.597000122070312
        },
        {
            "jd": 2459081.96485,
            "fid": 1,
            "diffmaglim": 20.707000732421875
        },
        {
            "jd": 2459082.85521,
            "fid": 1,
            "diffmaglim": 18.86199951171875
        },
        {
            "jd": 2459085.87774,
            "fid": 1,
            "diffmaglim": 20.929000854492188
        },
        {
            "jd": 2459085.89008,
            "fid": 1,
            "diffmaglim": 20.83099937438965
        },
        {
            "jd": 2459085.96543,
            "fid": 2,
            "diffmaglim": 20.773000717163086
        },
        {
            "jd": 2459086.858,
            "fid": 2,
            "diffmaglim": 20.781999588012695
        },
        {
            "jd": 2459122.78212,
            "fid": 1,
            "diffmaglim": 19.26300048828125
        },
        {
            "jd": 2459124.65245,
            "fid": 1,
            "diffmaglim": 18.590999603271484
        },
        {
            "jd": 2459127.81438,
            "fid": 2,
            "diffmaglim": 16.55500030517578
        },
        {
            "jd": 2459143.85848,
            "fid": 1,
            "diffmaglim": 20.899999618530273
        },
        {
            "jd": 2459157.76736,
            "fid": 1,
            "diffmaglim": 19.260000228881836
        },
        {
            "jd": 2459164.67389,
            "fid": 2,
            "diffmaglim": 19.850000381469727
        },
        {
            "jd": 2459172.71444,
            "fid": 1,
            "diffmaglim": 20.593000411987305
        },
        {
            "jd": 2459192.64525,
            "fid": 2,
            "diffmaglim": 16.55900001525879
        },
        {
            "jd": 2459192.67212,
            "fid": 1,
            "diffmaglim": 19.240999221801758
        },
        {
            "jd": 2459197.64078,
            "fid": 1,
            "diffmaglim": 18.468000411987305
        },
        {
            "jd": 2459197.65072,
            "fid": 2,
            "diffmaglim": 18.413000106811523
        },
        {
            "jd": 2459206.65271,
            "fid": 1,
            "diffmaglim": 18.051000595092773
        },
        {
            "jd": 2459206.72061,
            "fid": 2,
            "diffmaglim": 17.027999877929688
        },
        {
            "jd": 2459217.62116,
            "fid": 2,
            "diffmaglim": 17.80900001525879
        }
    ],
    "forcedphot": []
}