{
    "objectId": "ZTF20aborzxc",
    "candidates": [
        {
            "candid": 1301461432615010000,
            "jd": 2459055.9614352,
            "ra": 21.627287,
            "dec": 10.7203705,
            "fid": 2,
            "nid": 1301,
            "magpsf": 20.130699157714844,
            "sigmapsf": 0.20989499986171722,
            "magnr": 17.125999450683594,
            "sigmagnr": 0.10300000011920929,
            "magzpsci": 26.317699432373047,
            "isdiffpos": "f",
            "ssdistnr": -999.0,
            "ssnamenr": "null",
            "drb": 0.9844319820404053
        },
        {
            "candid": 1336487692615010000,
            "jd": 2459090.9876968,
            "ra": 21.6274339,
            "dec": 10.7203793,
            "fid": 2,
            "nid": 1336,
            "magpsf": 20.090299606323242,
            "sigmapsf": 0.1637279987335205,
            "magnr": 17.125999450683594,
            "sigmagnr": 0.10300000011920929,
            "magzpsci": 26.2893009185791,
            "isdiffpos": "f",
            "ssdistnr": -999.0,
            "ssnamenr": "null",
            "drb": 0.9975450038909912
        },
        {
            "candid": 1348417712615015001,
            "jd": 2459102.9177199,
            "ra": 21.6275208,
            "dec": 10.7203909,
            "fid": 2,
            "nid": 1348,
            "magpsf": 18.64310073852539,
            "sigmapsf": 0.16536499559879303,
            "magnr": 17.125999450683594,
            "sigmagnr": 0.10300000011920929,
            "magzpsci": 25.777099609375,
            "isdiffpos": "t",
            "ssdistnr": -999.0,
            "ssnamenr": "null",
            "drb": 0.9990149736404419
        },
        {
            "candid": 1348434292615015000,
            "jd": 2459102.934294,
            "ra": 21.6274947,
            "dec": 10.7203683,
            "fid": 2,
            "nid": 1348,
            "magpsf": 18.65760040283203,
            "sigmapsf": 0.20789200067520142,
            "magnr": 17.125999450683594,
            "sigmagnr": 0.10300000011920929,
            "magzpsci": 25.526599884033203,
            "isdiffpos": "t",
            "ssdistnr": -999.0,
            "ssnamenr": "null",
            "drb": 0.9819599986076355
        },
        {
            "candid": 1350415612615015001,
            "jd": 2459104.9156134,
            "ra": 21.6275161,
            "dec": 10.7203932,
            "fid": 2,
            "nid": 1350,
            "magpsf": 18.577199935913086,
            "sigmapsf": 0.10629100352525711,
            "magnr": 17.125999450683594,
            "sigmagnr": 0.10300000011920929,
            "magzpsci": 25.680200576782227,
            "isdiffpos": "t",
            "ssdistnr": 17.0,
            "ssnamenr": "2006DZ74",
            "drb": 0.9995620250701904
        },
        {
            "candid": 1352378112615015002,
            "jd": 2459106.8781134,
            "ra": 21.6274802,
            "dec": 10.7204247,
            "fid": 2,
            "nid": 1352,
            "magpsf": 18.44099998474121,
            "sigmapsf": 0.0755549967288971,
            "magnr": 17.125999450683594,
            "sigmagnr": 0.10300000011920929,
            "magzpsci": 25.885000228881836,
            "isdiffpos": "t",
            "ssdistnr": -999.0,
            "ssnamenr": "null",
            "drb": 0.9999790191650391
        },
        {
            "candid": 1353388032615015003,
            "jd": 2459107.8880324,
            "ra": 21.6275776,
            "dec": 10.7203887,
            "fid": 1,
            "nid": 1353,
            "magpsf": 19.440799713134766,
            "sigmapsf": 0.15561899542808533,
            "magnr": 17.75,
            "sigmagnr": 0.07999999821186066,
            "magzpsci": 25.88279914855957,
            "isdiffpos": "t",
            "ssdistnr": -999.0,
            "ssnamenr": "null",
            "drb": 0.9998350143432617
        },
        {
            "candid": 1355350282615015001,
            "jd": 2459109.8502894,
            "ra": 21.6275121,
            "dec": 10.7203868,
            "fid": 1,
            "nid": 1355,
            "magpsf": 19.659400939941406,
            "sigmapsf": 0.2167000025510788,
            "magnr": 17.75,
            "sigmagnr": 0.07999999821186066,
            "magzpsci": 25.48539924621582,
            "isdiffpos": "t",
            "ssdistnr": -999.0,
            "ssnamenr": "null",
            "drb": 0.9986330270767212
        },
        {
            "candid": 1355375022615015002,
            "jd": 2459109.8750231,
            "ra": 21.6276089,
            "dec": 10.7203285,
            "fid": 1,
            "nid": 1355,
            "magpsf": 19.363399505615234,
            "sigmapsf": 0.1844480037689209,
            "magnr": 17.75,
            "sigmagnr": 0.07999999821186066,
            "magzpsci": 25.72439956665039,
            "isdiffpos": "t",
            "ssdistnr": -999.0,
            "ssnamenr": "null",
            "drb": 0.9999139904975891
        },
        {
            "candid": 1355394452615015001,
            "jd": 2459109.894456,
            "ra": 21.6274972,
            "dec": 10.7203887,
            "fid": 2,
            "nid": 1355,
            "magpsf": 18.382200241088867,
            "sigmapsf": 0.07630299776792526,
            "magnr": 17.125999450683594,
            "sigmagnr": 0.10300000011920929,
            "magzpsci": 25.985200881958008,
            "isdiffpos": "t",
            "ssdistnr": -999.0,
            "ssnamenr": "null",
            "drb": 0.9999979734420776
        },
        {
            "candid": 1355396342615015002,
            "jd": 2459109.8963426,
            "ra": 21.6274759,
            "dec": 10.7203728,
            "fid": 2,
            "nid": 1355,
            "magpsf": 18.341100692749023,
            "sigmapsf": 0.07168100029230118,
            "magnr": 17.125999450683594,
            "sigmagnr": 0.10300000011920929,
            "magzpsci": 25.99410057067871,
            "isdiffpos": "t",
            "ssdistnr": -999.0,
            "ssnamenr": "null",
            "drb": 0.9999970197677612
        },
        {
            "candid": 1357371212615015002,
            "jd": 2459111.8712153,
            "ra": 21.6275599,
            "dec": 10.7203776,
            "fid": 1,
            "nid": 1357,
            "magpsf": 19.56049919128418,
            "sigmapsf": 0.13197599351406097,
            "magnr": 17.75,
            "sigmagnr": 0.07999999821186066,
            "magzpsci": 26.207500457763672,
            "isdiffpos": "t",
            "ssdistnr": -999.0,
            "ssnamenr": "null",
            "drb": 0.999983012676239
        },
        {
            "candid": 1358329532615015000,
            "jd": 2459112.829537,
            "ra": 21.6275533,
            "dec": 10.7203919,
            "fid": 1,
            "nid": 1358,
            "magpsf": 19.69729995727539,
            "sigmapsf": 0.1314300000667572,
            "magnr": 17.75,
            "sigmagnr": 0.07999999821186066,
            "magzpsci": 26.312299728393555,
            "isdiffpos": "t",
            "ssdistnr": -999.0,
            "ssnamenr": "null",
            "drb": 0.999284029006958
        },
        {
            "candid": 1358376092615015000,
            "jd": 2459112.8760995,
            "ra": 21.6274966,
            "dec": 10.7204288,
            "fid": 2,
            "nid": 1358,
            "magpsf": 18.34480094909668,
            "sigmapsf": 0.07705099880695343,
            "magnr": 17.125999450683594,
            "sigmagnr": 0.10300000011920929,
            "magzpsci": 26.2898006439209,
            "isdiffpos": "t",
            "ssdistnr": -999.0,
            "ssnamenr": "null",
            "drb": 0.9999859929084778
        },
        {
            "candid": 1358386482615015000,
            "jd": 2459112.8864815,
            "ra": 21.6274758,
            "dec": 10.720414,
            "fid": 2,
            "nid": 1358,
            "magpsf": 18.393199920654297,
            "sigmapsf": 0.0730929970741272,
            "magnr": 17.125999450683594,
            "sigmagnr": 0.10300000011920929,
            "magzpsci": 26.315200805664062,
            "isdiffpos": "t",
            "ssdistnr": -999.0,
            "ssnamenr": "null",
            "drb": 0.9999970197677612
        },
        {
            "candid": 1359343072615015000,
            "jd": 2459113.8430787,
            "ra": 21.6275033,
            "dec": 10.7203945,
            "fid": 2,
            "nid": 1359,
            "magpsf": 18.411300659179688,
            "sigmapsf": 0.07143700122833252,
            "magnr": 17.125999450683594,
            "sigmagnr": 0.10300000011920929,
            "magzpsci": 26.233299255371094,
            "isdiffpos": "t",
            "ssdistnr": -999.0,
            "ssnamenr": "null",
            "drb": 0.9999179840087891
        },
        {
            "candid": 1361330172615015001,
            "jd": 2459115.8301736,
            "ra": 21.627525,
            "dec": 10.7203806,
            "fid": 2,
            "nid": 1361,
            "magpsf": 18.462099075317383,
            "sigmapsf": 0.07941100001335144,
            "magnr": 17.125999450683594,
            "sigmagnr": 0.10300000011920929,
            "magzpsci": 26.293100357055664,
            "isdiffpos": "t",
            "ssdistnr": -999.0,
            "ssnamenr": "null",
            "drb": 0.9999949932098389
        },
        {
            "candid": 1361379142615015000,
            "jd": 2459115.8791435,
            "ra": 21.6275161,
            "dec": 10.7204172,
            "fid": 2,
            "nid": 1361,
            "magpsf": 18.442899703979492,
            "sigmapsf": 0.06533999741077423,
            "magnr": 17.125999450683594,
            "sigmagnr": 0.10300000011920929,
            "magzpsci": 26.296899795532227,
            "isdiffpos": "t",
            "ssdistnr": -999.0,
            "ssnamenr": "null",
            "drb": 0.9999930262565613
        },
        {
            "candid": 1361422112615015000,
            "jd": 2459115.9221181,
            "ra": 21.6276003,
            "dec": 10.7204176,
            "fid": 1,
            "nid": 1361,
            "magpsf": 19.947399139404297,
            "sigmapsf": 0.19810600578784943,
            "magnr": 17.75,
            "sigmagnr": 0.07999999821186066,
            "magzpsci": 26.281400680541992,
            "isdiffpos": "t",
            "ssdistnr": -999.0,
            "ssnamenr": "null",
            "drb": 0.9981629848480225
        },
        {
            "candid": 1362359832615015001,
            "jd": 2459116.859838,
            "ra": 21.6275013,
            "dec": 10.7204088,
            "fid": 2,
            "nid": 1362,
            "magpsf": 18.59269905090332,
            "sigmapsf": 0.09824000298976898,
            "magnr": 17.125999450683594,
            "sigmagnr": 0.10300000011920929,
            "magzpsci": 26.30769920349121,
            "isdiffpos": "t",
            "ssdistnr": -999.0,
            "ssnamenr": "null",
            "drb": 0.9998800158500671
        },
        {
            "candid": 1364280392615015001,
            "jd": 2459118.7803935,
            "ra": 21.6275346,
            "dec": 10.720436,
            "fid": 2,
            "nid": 1364,
            "magpsf": 18.557300567626953,
            "sigmapsf": 0.0851920023560524,
            "magnr": 17.125999450683594,
            "sigmagnr": 0.10300000011920929,
            "magzpsci": 26.306299209594727,
            "isdiffpos": "t",
            "ssdistnr": -999.0,
            "ssnamenr": "null",
            "drb": 0.9999889731407166
        },
        {
            "candid": 1364354122615015002,
            "jd": 2459118.8541204,
            "ra": 21.6275207,
            "dec": 10.7204452,
            "fid": 2,
            "nid": 1364,
            "magpsf": 18.637399673461914,
            "sigmapsf": 0.0687590017914772,
            "magnr": 17.125999450683594,
            "sigmagnr": 0.10300000011920929,
            "magzpsci": 26.328399658203125,
            "isdiffpos": "t",
            "ssdistnr": -999.0,
            "ssnamenr": "null",
            "drb": 0.9999799728393555
        },
        {
            "candid": 1375265522615015002,
            "jd": 2459129.7655208,
            "ra": 21.6274886,
            "dec": 10.7204096,
            "fid": 2,
            "nid": 1375,
            "magpsf": 19.52389907836914,
            "sigmapsf": 0.2174369990825653,
            "magnr": 17.125999450683594,
            "sigmagnr": 0.10300000011920929,
            "magzpsci": 26.278900146484375,
            "isdiffpos": "t",
            "ssdistnr": -999.0,
            "ssnamenr": "-999.0",
            "drb": null
        },
        {
            "candid": 1377436812615015000,
            "jd": 2459131.9368171,
            "ra": 21.6275539,
            "dec": 10.7204153,
            "fid": 2,
            "nid": 1377,
            "magpsf": 19.282899856567383,
            "sigmapsf": 0.19617900252342224,
            "magnr": 17.125999450683594,
            "sigmagnr": 0.10300000011920929,
            "magzpsci": 25.754899978637695,
            "isdiffpos": "t",
            "ssdistnr": -999.0,
            "ssnamenr": "null",
            "drb": 0.9992129802703857
        },
        {
            "candid": 1382329742615015003,
            "jd": 2459136.8297454,
            "ra": 21.6274316,
            "dec": 10.7203159,
            "fid": 2,
            "nid": 1382,
            "magpsf": 19.88759994506836,
            "sigmapsf": 0.21464599668979645,
            "magnr": 17.125999450683594,
            "sigmagnr": 0.10300000011920929,
            "magzpsci": 26.33060073852539,
            "isdiffpos": "t",
            "ssdistnr": -999.0,
            "ssnamenr": "null",
            "drb": 0.9855430126190186
        },
        {
            "jd": 2459046.94471,
            "fid": 2,
            "diffmaglim": 20.509000778198242
        },
        {
            "jd": 2459046.97794,
            "fid": 1,
            "diffmaglim": 20.37299919128418
        },
        {
            "jd": 2459047.92275,
            "fid": 2,
            "diffmaglim": 20.65999984741211
        },
        {
            "jd": 2459047.9528,
            "fid": 1,
            "diffmaglim": 20.663000106811523
        },
        {
            "jd": 2459048.92352,
            "fid": 2,
            "diffmaglim": 20.506999969482422
        },
        {
            "jd": 2459048.96399,
            "fid": 1,
            "diffmaglim": 20.55500030517578
        },
        {
            "jd": 2459049.92425,
            "fid": 2,
            "diffmaglim": 20.430999755859375
        },
        {
            "jd": 2459049.99124,
            "fid": 1,
            "diffmaglim": 19.732999801635742
        },
        {
            "jd": 2459050.92142,
            "fid": 1,
            "diffmaglim": 20.43400001525879
        },
        {
            "jd": 2459050.97601,
            "fid": 2,
            "diffmaglim": 20.56999969482422
        },
        {
            "jd": 2459051.92281,
            "fid": 2,
            "diffmaglim": 20.395000457763672
        },
        {
            "jd": 2459051.96084,
            "fid": 1,
            "diffmaglim": 20.374000549316406
        },
        {
            "jd": 2459052.92255,
            "fid": 2,
            "diffmaglim": 20.64900016784668
        },
        {
            "jd": 2459052.96363,
            "fid": 1,
            "diffmaglim": 20.68400001525879
        },
        {
            "jd": 2459053.92035,
            "fid": 1,
            "diffmaglim": 20.740999221801758
        },
        {
            "jd": 2459053.96087,
            "fid": 2,
            "diffmaglim": 20.60700035095215
        },
        {
            "jd": 2459054.9361,
            "fid": 2,
            "diffmaglim": 20.513999938964844
        },
        {
            "jd": 2459054.97822,
            "fid": 1,
            "diffmaglim": 20.645000457763672
        },
        {
            "jd": 2459055.92355,
            "fid": 1,
            "diffmaglim": 20.643999099731445
        },
        {
            "jd": 2459061.88612,
            "fid": 2,
            "diffmaglim": 20.12700080871582
        },
        {
            "jd": 2459063.91381,
            "fid": 2,
            "diffmaglim": 19.80699920654297
        },
        {
            "jd": 2459063.94225,
            "fid": 1,
            "diffmaglim": 19.518999099731445
        },
        {
            "jd": 2459064.90316,
            "fid": 2,
            "diffmaglim": 19.47800064086914
        },
        {
            "jd": 2459065.91696,
            "fid": 2,
            "diffmaglim": 19.361000061035156
        },
        {
            "jd": 2459066.92056,
            "fid": 1,
            "diffmaglim": 19.340999603271484
        },
        {
            "jd": 2459066.96299,
            "fid": 2,
            "diffmaglim": 19.729000091552734
        },
        {
            "jd": 2459068.98843,
            "fid": 1,
            "diffmaglim": 19.68600082397461
        },
        {
            "jd": 2459072.954,
            "fid": 1,
            "diffmaglim": 20.097000122070312
        },
        {
            "jd": 2459073.89938,
            "fid": 1,
            "diffmaglim": 20.139999389648438
        },
        {
            "jd": 2459073.96037,
            "fid": 2,
            "diffmaglim": 20.35300064086914
        },
        {
            "jd": 2459074.96106,
            "fid": 1,
            "diffmaglim": 17.325000762939453
        },
        {
            "jd": 2459075.94979,
            "fid": 1,
            "diffmaglim": 20.444000244140625
        },
        {
            "jd": 2459075.97581,
            "fid": 2,
            "diffmaglim": 20.542999267578125
        },
        {
            "jd": 2459076.90149,
            "fid": 2,
            "diffmaglim": 20.444000244140625
        },
        {
            "jd": 2459076.91611,
            "fid": 2,
            "diffmaglim": 20.475000381469727
        },
        {
            "jd": 2459076.94546,
            "fid": 1,
            "diffmaglim": 20.408000946044922
        },
        {
            "jd": 2459076.97225,
            "fid": 1,
            "diffmaglim": 20.677000045776367
        },
        {
            "jd": 2459077.96625,
            "fid": 2,
            "diffmaglim": 20.73200035095215
        },
        {
            "jd": 2459079.92529,
            "fid": 2,
            "diffmaglim": 20.652000427246094
        },
        {
            "jd": 2459079.95736,
            "fid": 2,
            "diffmaglim": 20.107999801635742
        },
        {
            "jd": 2459079.96145,
            "fid": 1,
            "diffmaglim": 18.406999588012695
        },
        {
            "jd": 2459080.948,
            "fid": 1,
            "diffmaglim": 20.518999099731445
        },
        {
            "jd": 2459082.87988,
            "fid": 1,
            "diffmaglim": 20.312000274658203
        },
        {
            "jd": 2459082.95792,
            "fid": 1,
            "diffmaglim": 20.174999237060547
        },
        {
            "jd": 2459082.98278,
            "fid": 2,
            "diffmaglim": 20.36400032043457
        },
        {
            "jd": 2459085.90884,
            "fid": 1,
            "diffmaglim": 20.7450008392334
        },
        {
            "jd": 2459085.94031,
            "fid": 1,
            "diffmaglim": 20.716999053955078
        },
        {
            "jd": 2459085.96072,
            "fid": 2,
            "diffmaglim": 20.715999603271484
        },
        {
            "jd": 2459085.99219,
            "fid": 2,
            "diffmaglim": 20.738000869750977
        },
        {
            "jd": 2459086.87957,
            "fid": 2,
            "diffmaglim": 20.624000549316406
        },
        {
            "jd": 2459086.91947,
            "fid": 2,
            "diffmaglim": 20.731000900268555
        },
        {
            "jd": 2459086.96309,
            "fid": 1,
            "diffmaglim": 20.655000686645508
        },
        {
            "jd": 2459087.95434,
            "fid": 2,
            "diffmaglim": 20.558000564575195
        },
        {
            "jd": 2459087.96039,
            "fid": 1,
            "diffmaglim": 20.391000747680664
        },
        {
            "jd": 2459087.97564,
            "fid": 1,
            "diffmaglim": 20.527999877929688
        },
        {
            "jd": 2459088.90156,
            "fid": 2,
            "diffmaglim": 20.56100082397461
        },
        {
            "jd": 2459088.91556,
            "fid": 2,
            "diffmaglim": 20.319000244140625
        },
        {
            "jd": 2459088.97186,
            "fid": 1,
            "diffmaglim": 20.420000076293945
        },
        {
            "jd": 2459089.01516,
            "fid": 1,
            "diffmaglim": 19.63800048828125
        },
        {
            "jd": 2459089.86427,
            "fid": 1,
            "diffmaglim": 20.44499969482422
        },
        {
            "jd": 2459089.91325,
            "fid": 1,
            "diffmaglim": 20.64900016784668
        },
        {
            "jd": 2459089.93944,
            "fid": 2,
            "diffmaglim": 20.582000732421875
        },
        {
            "jd": 2459090.86671,
            "fid": 1,
            "diffmaglim": 20.041000366210938
        },
        {
            "jd": 2459102.977,
            "fid": 1,
            "diffmaglim": 18.149999618530273
        },
        {
            "jd": 2459117.81204,
            "fid": 1,
            "diffmaglim": 20.64699935913086
        },
        {
            "jd": 2459120.8053,
            "fid": 1,
            "diffmaglim": 19.766000747680664
        },
        {
            "jd": 2459121.80882,
            "fid": 1,
            "diffmaglim": 19.625
        },
        {
            "jd": 2459122.82919,
            "fid": 1,
            "diffmaglim": 19.339000701904297
        },
        {
            "jd": 2459127.88525,
            "fid": 2,
            "diffmaglim": 19.086999893188477
        },
        {
            "jd": 2459127.90186,
            "fid": 1,
            "diffmaglim": 18.416000366210938
        },
        {
            "jd": 2459129.85802,
            "fid": 1,
            "diffmaglim": 20.110000610351562
        }
    ],
    "forcedphot": []
}