{
    "objectId": "ZTF21aaaosoq",
    "candidates": [
        {
            "candid": 1463469750815015002,
            "jd": 2459217.9697569,
            "ra": 219.4469686,
            "dec": 59.9070452,
            "fid": 2,
            "nid": 1463,
            "magpsf": 18.66189956665039,
            "sigmapsf": 0.08349200338125229,
            "magnr": 19.20199966430664,
            "sigmagnr": 0.08699999749660492,
            "magzpsci": 26.26889991760254,
            "isdiffpos": "t",
            "ssdistnr": -999.0,
            "ssnamenr": "null",
            "drb": 0.9999849796295166
        },
        {
            "candid": 1463553350815015011,
            "jd": 2459218.0533565,
            "ra": 219.4469343,
            "dec": 59.9070603,
            "fid": 1,
            "nid": 1463,
            "magpsf": 18.578500747680664,
            "sigmapsf": 0.12754899263381958,
            "magnr": 19.68400001525879,
            "sigmagnr": 0.09000000357627869,
            "magzpsci": 25.984500885009766,
            "isdiffpos": "t",
            "ssdistnr": -999.0,
            "ssnamenr": "null",
            "drb": 0.9998829960823059
        },
        {
            "candid": 1465424250815015002,
            "jd": 2459219.9242593,
            "ra": 219.447031,
            "dec": 59.9070212,
            "fid": 1,
            "nid": 1465,
            "magpsf": 18.06329917907715,
            "sigmapsf": 0.07484599947929382,
            "magnr": 19.68400001525879,
            "sigmagnr": 0.09000000357627869,
            "magzpsci": 26.28230094909668,
            "isdiffpos": "t",
            "ssdistnr": -999.0,
            "ssnamenr": "null",
            "drb": 1.0
        },
        {
            "candid": 1465468840815015003,
            "jd": 2459219.9688426,
            "ra": 219.4470149,
            "dec": 59.9070386,
            "fid": 2,
            "nid": 1465,
            "magpsf": 18.132699966430664,
            "sigmapsf": 0.0678350031375885,
            "magnr": 19.20199966430664,
            "sigmagnr": 0.08699999749660492,
            "magzpsci": 26.26569938659668,
            "isdiffpos": "t",
            "ssdistnr": -999.0,
            "ssnamenr": "null",
            "drb": 0.9999989867210388
        },
        {
            "candid": 1467487230815015004,
            "jd": 2459221.9872338,
            "ra": 219.4469895,
            "dec": 59.9070281,
            "fid": 1,
            "nid": 1467,
            "magpsf": 17.868600845336914,
            "sigmapsf": 0.0464010015130043,
            "magnr": 19.68400001525879,
            "sigmagnr": 0.09000000357627869,
            "magzpsci": 26.35260009765625,
            "isdiffpos": "t",
            "ssdistnr": -999.0,
            "ssnamenr": "null",
            "drb": 0.9999989867210388
        },
        {
            "candid": 1467532180815015003,
            "jd": 2459222.0321875,
            "ra": 219.4470131,
            "dec": 59.9070415,
            "fid": 2,
            "nid": 1467,
            "magpsf": 17.938899993896484,
            "sigmapsf": 0.057009998708963394,
            "magnr": 19.20199966430664,
            "sigmagnr": 0.08699999749660492,
            "magzpsci": 26.046899795532227,
            "isdiffpos": "t",
            "ssdistnr": -999.0,
            "ssnamenr": "null",
            "drb": 1.0
        },
        {
            "candid": 1469490620815015001,
            "jd": 2459223.990625,
            "ra": 219.4470263,
            "dec": 59.9070198,
            "fid": 2,
            "nid": 1469,
            "magpsf": 17.833900451660156,
            "sigmapsf": 0.05418600142002106,
            "magnr": 19.20199966430664,
            "sigmagnr": 0.08699999749660492,
            "magzpsci": 26.287900924682617,
            "isdiffpos": "t",
            "ssdistnr": -999.0,
            "ssnamenr": "null",
            "drb": 0.9999989867210388
        },
        {
            "candid": 1469534210815015001,
            "jd": 2459224.034213,
            "ra": 219.4470269,
            "dec": 59.9070153,
            "fid": 1,
            "nid": 1469,
            "magpsf": 17.82710075378418,
            "sigmapsf": 0.05140100046992302,
            "magnr": 19.68400001525879,
            "sigmagnr": 0.09000000357627869,
            "magzpsci": 26.402099609375,
            "isdiffpos": "t",
            "ssdistnr": -999.0,
            "ssnamenr": "null",
            "drb": 0.9999979734420776
        },
        {
            "candid": 1471407780815015001,
            "jd": 2459225.9077894,
            "ra": 219.4469843,
            "dec": 59.9070285,
            "fid": 2,
            "nid": 1471,
            "magpsf": 17.839000701904297,
            "sigmapsf": 0.07163900136947632,
            "magnr": 19.20199966430664,
            "sigmagnr": 0.08699999749660492,
            "magzpsci": 26.073999404907227,
            "isdiffpos": "t",
            "ssdistnr": -999.0,
            "ssnamenr": "null",
            "drb": 0.9999780058860779
        },
        {
            "candid": 1471474650815015000,
            "jd": 2459225.9746528,
            "ra": 219.4470137,
            "dec": 59.9070134,
            "fid": 1,
            "nid": 1471,
            "magpsf": 17.92930030822754,
            "sigmapsf": 0.0761450007557869,
            "magnr": 19.68400001525879,
            "sigmagnr": 0.09000000357627869,
            "magzpsci": 26.283300399780273,
            "isdiffpos": "t",
            "ssdistnr": -999.0,
            "ssnamenr": "null",
            "drb": 0.9990839958190918
        },
        {
            "candid": 1473389760815015001,
            "jd": 2459227.8897685,
            "ra": 219.4469152,
            "dec": 59.9070725,
            "fid": 2,
            "nid": 1473,
            "magpsf": 17.941099166870117,
            "sigmapsf": 0.09137500077486038,
            "magnr": 19.20199966430664,
            "sigmagnr": 0.08699999749660492,
            "magzpsci": 25.188100814819336,
            "isdiffpos": "t",
            "ssdistnr": -999.0,
            "ssnamenr": "-999.0",
            "drb": null
        },
        {
            "candid": 1473472770815015002,
            "jd": 2459227.9727778,
            "ra": 219.4469952,
            "dec": 59.9070217,
            "fid": 1,
            "nid": 1473,
            "magpsf": 18.248600006103516,
            "sigmapsf": 0.056485000997781754,
            "magnr": 19.68400001525879,
            "sigmagnr": 0.09000000357627869,
            "magzpsci": 26.281600952148438,
            "isdiffpos": "t",
            "ssdistnr": -999.0,
            "ssnamenr": "-999.0",
            "drb": null
        },
        {
            "candid": 1475478370815015002,
            "jd": 2459229.9783796,
            "ra": 219.4470785,
            "dec": 59.9070109,
            "fid": 1,
            "nid": 1475,
            "magpsf": 18.522499084472656,
            "sigmapsf": 0.08701500296592712,
            "magnr": 19.68400001525879,
            "sigmagnr": 0.09000000357627869,
            "magzpsci": 26.353500366210938,
            "isdiffpos": "t",
            "ssdistnr": -999.0,
            "ssnamenr": "null",
            "drb": 0.9995660185813904
        },
        {
            "candid": 1475532740815015007,
            "jd": 2459230.0327431,
            "ra": 219.4470177,
            "dec": 59.9070498,
            "fid": 2,
            "nid": 1475,
            "magpsf": 17.957799911499023,
            "sigmapsf": 0.06390000134706497,
            "magnr": 19.20199966430664,
            "sigmagnr": 0.08699999749660492,
            "magzpsci": 26.29680061340332,
            "isdiffpos": "t",
            "ssdistnr": -999.0,
            "ssnamenr": "null",
            "drb": 0.9999759793281555
        },
        {
            "candid": 1477479280815015004,
            "jd": 2459231.9792824,
            "ra": 219.4470184,
            "dec": 59.9070355,
            "fid": 2,
            "nid": 1477,
            "magpsf": 18.148399353027344,
            "sigmapsf": 0.05177399888634682,
            "magnr": 19.20199966430664,
            "sigmagnr": 0.08699999749660492,
            "magzpsci": 26.295400619506836,
            "isdiffpos": "t",
            "ssdistnr": -999.0,
            "ssnamenr": "null",
            "drb": 1.0
        },
        {
            "candid": 1494477780815015001,
            "jd": 2459248.9777894,
            "ra": 219.4470683,
            "dec": 59.9070964,
            "fid": 1,
            "nid": 1494,
            "magpsf": 20.28529930114746,
            "sigmapsf": 0.20964699983596802,
            "magnr": 19.68400001525879,
            "sigmagnr": 0.09000000357627869,
            "magzpsci": 26.415300369262695,
            "isdiffpos": "t",
            "ssdistnr": -999.0,
            "ssnamenr": "null",
            "drb": 0.9983590245246887
        },
        {
            "candid": 1496431370815015001,
            "jd": 2459250.9313773,
            "ra": 219.4469702,
            "dec": 59.907029,
            "fid": 2,
            "nid": 1496,
            "magpsf": 19.651199340820312,
            "sigmapsf": 0.16616900265216827,
            "magnr": 19.20199966430664,
            "sigmagnr": 0.08699999749660492,
            "magzpsci": 26.28219985961914,
            "isdiffpos": "t",
            "ssdistnr": -999.0,
            "ssnamenr": "null",
            "drb": 0.9999629855155945
        },
        {
            "candid": 1496473020815015000,
            "jd": 2459250.9730208,
            "ra": 219.4470798,
            "dec": 59.9070611,
            "fid": 1,
            "nid": 1496,
            "magpsf": 20.403900146484375,
            "sigmapsf": 0.280349999666214,
            "magnr": 19.68400001525879,
            "sigmagnr": 0.09000000357627869,
            "magzpsci": 26.41189956665039,
            "isdiffpos": "t",
            "ssdistnr": -999.0,
            "ssnamenr": "-999.0",
            "drb": null
        },
        {
            "candid": 1498500280815015002,
            "jd": 2459253.0002894,
            "ra": 219.4469596,
            "dec": 59.9070618,
            "fid": 1,
            "nid": 1498,
            "magpsf": 20.761899948120117,
            "sigmapsf": 0.2256779968738556,
            "magnr": 19.68400001525879,
            "sigmagnr": 0.09000000357627869,
            "magzpsci": 26.439899444580078,
            "isdiffpos": "t",
            "ssdistnr": -999.0,
            "ssnamenr": "-999.0",
            "drb": null
        },
        {
            "candid": 1498512160815015004,
            "jd": 2459253.0121644,
            "ra": 219.446961,
            "dec": 59.9070297,
            "fid": 2,
            "nid": 1498,
            "magpsf": 19.693199157714844,
            "sigmapsf": 0.1350110024213791,
            "magnr": 19.20199966430664,
            "sigmagnr": 0.08699999749660492,
            "magzpsci": 26.316200256347656,
            "isdiffpos": "t",
            "ssdistnr": -999.0,
            "ssnamenr": "null",
            "drb": 0.9999979734420776
        },
        {
            "candid": 1500402230815015005,
            "jd": 2459254.9022338,
            "ra": 219.447091,
            "dec": 59.90703,
            "fid": 2,
            "nid": 1500,
            "magpsf": 19.783300399780273,
            "sigmapsf": 0.14692999422550201,
            "magnr": 19.20199966430664,
            "sigmagnr": 0.08699999749660492,
            "magzpsci": 26.092300415039062,
            "isdiffpos": "t",
            "ssdistnr": -999.0,
            "ssnamenr": "null",
            "drb": 0.9999949932098389
        },
        {
            "candid": 1502452060815015004,
            "jd": 2459256.9520602,
            "ra": 219.4470295,
            "dec": 59.9070232,
            "fid": 2,
            "nid": 1502,
            "magpsf": 19.818099975585938,
            "sigmapsf": 0.14386500418186188,
            "magnr": 19.20199966430664,
            "sigmagnr": 0.08699999749660492,
            "magzpsci": 26.296100616455078,
            "isdiffpos": "t",
            "ssdistnr": null,
            "ssnamenr": null,
            "drb": null
        },
        {
            "candid": 1509468570815015004,
            "jd": 2459263.9685764,
            "ra": 219.4469295,
            "dec": 59.9068376,
            "fid": 2,
            "nid": 1509,
            "magpsf": 20.072399139404297,
            "sigmapsf": 0.22637100517749786,
            "magnr": 19.20199966430664,
            "sigmagnr": 0.08699999749660492,
            "magzpsci": 26.315399169921875,
            "isdiffpos": "t",
            "ssdistnr": null,
            "ssnamenr": null,
            "drb": null
        },
        {
            "candid": 1511369680815015000,
            "jd": 2459265.8696875,
            "ra": 219.4470938,
            "dec": 59.9070524,
            "fid": 2,
            "nid": 1511,
            "magpsf": 20.245710372924805,
            "sigmapsf": 0.21201400458812714,
            "magnr": 19.20199966430664,
            "sigmagnr": 0.08699999749660492,
            "magzpsci": 26.29570960998535,
            "isdiffpos": "t",
            "ssdistnr": -999.0,
            "ssnamenr": "null",
            "drb": null
        },
        {
            "jd": 2459189.03353,
            "fid": 1,
            "diffmaglim": 19.780000686645508
        },
        {
            "jd": 2459194.02847,
            "fid": 2,
            "diffmaglim": 20.222999572753906
        },
        {
            "jd": 2459194.04825,
            "fid": 1,
            "diffmaglim": 20.347000122070312
        },
        {
            "jd": 2459198.96584,
            "fid": 2,
            "diffmaglim": 19.909000396728516
        },
        {
            "jd": 2459199.04769,
            "fid": 1,
            "diffmaglim": 20.41900062561035
        },
        {
            "jd": 2459200.97677,
            "fid": 1,
            "diffmaglim": 19.01300048828125
        },
        {
            "jd": 2459201.03644,
            "fid": 2,
            "diffmaglim": 19.677000045776367
        },
        {
            "jd": 2459203.99345,
            "fid": 2,
            "diffmaglim": 19.77899932861328
        },
        {
            "jd": 2459204.03752,
            "fid": 1,
            "diffmaglim": 20.378999710083008
        },
        {
            "jd": 2459206.99375,
            "fid": 2,
            "diffmaglim": 17.863000869750977
        },
        {
            "jd": 2459207.03288,
            "fid": 1,
            "diffmaglim": 16.85700035095215
        },
        {
            "jd": 2459215.97204,
            "fid": 2,
            "diffmaglim": 19.200000762939453
        },
        {
            "jd": 2459215.99416,
            "fid": 1,
            "diffmaglim": 19.104999542236328
        },
        {
            "jd": 2459248.95265,
            "fid": 2,
            "diffmaglim": 20.249000549316406
        }
    ],
    "forcedphot": []
}