{
    "objectId": "ZTF21acjnojg",
    "candidates": [
        {
            "candid": 1763435902615015030,
            "jd": 2459517.9359028,
            "ra": 87.2638019,
            "dec": 17.2867983,
            "fid": 2,
            "nid": 1763,
            "magpsf": 18.685800552368164,
            "sigmapsf": 0.07137099653482437,
            "magnr": 21.70800018310547,
            "sigmagnr": 0.10000000149011612,
            "magzpsci": 26.381799697875977,
            "isdiffpos": "t",
            "ssdistnr": null,
            "ssnamenr": null,
            "drb": 1.0
        },
        {
            "candid": 1763442732615015034,
            "jd": 2459517.9427315,
            "ra": 87.2638032,
            "dec": 17.2867895,
            "fid": 1,
            "nid": 1763,
            "magpsf": 19.153900146484375,
            "sigmapsf": 0.08688899874687195,
            "magnr": 22.09000015258789,
            "sigmagnr": 0.18199999630451202,
            "magzpsci": 26.39299964904785,
            "isdiffpos": "t",
            "ssdistnr": null,
            "ssnamenr": null,
            "drb": null
        },
        {
            "candid": 1767340272615015025,
            "jd": 2459521.8402778,
            "ra": 87.2638138,
            "dec": 17.2867784,
            "fid": 1,
            "nid": 1767,
            "magpsf": 19.00200080871582,
            "sigmapsf": 0.07062499970197678,
            "magnr": 22.09000015258789,
            "sigmagnr": 0.18199999630451202,
            "magzpsci": 26.35300064086914,
            "isdiffpos": "t",
            "ssdistnr": null,
            "ssnamenr": null,
            "drb": null
        },
        {
            "candid": 1767447232615015022,
            "jd": 2459521.9472338,
            "ra": 87.2638155,
            "dec": 17.286782,
            "fid": 2,
            "nid": 1767,
            "magpsf": 18.42009925842285,
            "sigmapsf": 0.055810000747442245,
            "magnr": 21.70800018310547,
            "sigmagnr": 0.10000000149011612,
            "magzpsci": 26.387100219726562,
            "isdiffpos": "t",
            "ssdistnr": null,
            "ssnamenr": null,
            "drb": null
        },
        {
            "candid": 1769368532615015034,
            "jd": 2459523.8685301,
            "ra": 87.2638291,
            "dec": 17.2867894,
            "fid": 1,
            "nid": 1769,
            "magpsf": 18.944400787353516,
            "sigmapsf": 0.0744979977607727,
            "magnr": 22.09000015258789,
            "sigmagnr": 0.18199999630451202,
            "magzpsci": 26.381399154663086,
            "isdiffpos": "t",
            "ssdistnr": null,
            "ssnamenr": null,
            "drb": null
        },
        {
            "candid": 1769494152615015028,
            "jd": 2459523.9941551,
            "ra": 87.2637957,
            "dec": 17.2867746,
            "fid": 2,
            "nid": 1769,
            "magpsf": 18.292600631713867,
            "sigmapsf": 0.041919998824596405,
            "magnr": 21.70800018310547,
            "sigmagnr": 0.10000000149011612,
            "magzpsci": 26.38559913635254,
            "isdiffpos": "t",
            "ssdistnr": null,
            "ssnamenr": null,
            "drb": null
        },
        {
            "candid": 1771343072615015012,
            "jd": 2459525.8430787,
            "ra": 87.2638211,
            "dec": 17.2867898,
            "fid": 1,
            "nid": 1771,
            "magpsf": 18.806400299072266,
            "sigmapsf": 0.07099299877882004,
            "magnr": 22.09000015258789,
            "sigmagnr": 0.18199999630451202,
            "magzpsci": 26.350400924682617,
            "isdiffpos": "t",
            "ssdistnr": null,
            "ssnamenr": null,
            "drb": null
        },
        {
            "candid": 1771361582615015019,
            "jd": 2459525.8615856,
            "ra": 87.2637971,
            "dec": 17.2867897,
            "fid": 2,
            "nid": 1771,
            "magpsf": 18.24530029296875,
            "sigmapsf": 0.05091499909758568,
            "magnr": 21.70800018310547,
            "sigmagnr": 0.10000000149011612,
            "magzpsci": 26.377300262451172,
            "isdiffpos": "t",
            "ssdistnr": null,
            "ssnamenr": null,
            "drb": null
        },
        {
            "candid": 1776379542615015020,
            "jd": 2459530.8795486,
            "ra": 87.2638114,
            "dec": 17.2867829,
            "fid": 2,
            "nid": 1776,
            "magpsf": 18.1466007232666,
            "sigmapsf": 0.0630050003528595,
            "magnr": 21.70800018310547,
            "sigmagnr": 0.10000000149011612,
            "magzpsci": 26.37459945678711,
            "isdiffpos": "t",
            "ssdistnr": null,
            "ssnamenr": null,
            "drb": null
        },
        {
            "candid": 1776404152615015028,
            "jd": 2459530.9041551,
            "ra": 87.2638644,
            "dec": 17.286766,
            "fid": 1,
            "nid": 1776,
            "magpsf": 18.91830062866211,
            "sigmapsf": 0.11466799676418304,
            "magnr": 22.09000015258789,
            "sigmagnr": 0.18199999630451202,
            "magzpsci": 26.377300262451172,
            "isdiffpos": "t",
            "ssdistnr": null,
            "ssnamenr": null,
            "drb": null
        },
        {
            "candid": 1778403252615015031,
            "jd": 2459532.9032523,
            "ra": 87.263782,
            "dec": 17.2867973,
            "fid": 1,
            "nid": 1778,
            "magpsf": 19.085399627685547,
            "sigmapsf": 0.09102799743413925,
            "magnr": 22.09000015258789,
            "sigmagnr": 0.18199999630451202,
            "magzpsci": 26.39739990234375,
            "isdiffpos": "t",
            "ssdistnr": null,
            "ssnamenr": null,
            "drb": null
        },
        {
            "candid": 1778421222615015039,
            "jd": 2459532.9212269,
            "ra": 87.2637871,
            "dec": 17.2868001,
            "fid": 2,
            "nid": 1778,
            "magpsf": 18.196800231933594,
            "sigmapsf": 0.04636099934577942,
            "magnr": 21.70800018310547,
            "sigmagnr": 0.10000000149011612,
            "magzpsci": 26.387800216674805,
            "isdiffpos": "t",
            "ssdistnr": null,
            "ssnamenr": null,
            "drb": null
        },
        {
            "candid": 1784276292615015005,
            "jd": 2459538.7762963,
            "ra": 87.2638061,
            "dec": 17.2868127,
            "fid": 2,
            "nid": 1784,
            "magpsf": 18.228700637817383,
            "sigmapsf": 0.08915799856185913,
            "magnr": 21.70800018310547,
            "sigmagnr": 0.10000000149011612,
            "magzpsci": 26.253700256347656,
            "isdiffpos": "t",
            "ssdistnr": null,
            "ssnamenr": null,
            "drb": null
        },
        {
            "candid": 1784339822615015006,
            "jd": 2459538.8398264,
            "ra": 87.2637591,
            "dec": 17.2868635,
            "fid": 1,
            "nid": 1784,
            "magpsf": 19.294099807739258,
            "sigmapsf": 0.19635599851608276,
            "magnr": 22.09000015258789,
            "sigmagnr": 0.18199999630451202,
            "magzpsci": 26.353099822998047,
            "isdiffpos": "t",
            "ssdistnr": null,
            "ssnamenr": null,
            "drb": null
        },
        {
            "candid": 1788315762615015016,
            "jd": 2459542.8157639,
            "ra": 87.2637834,
            "dec": 17.2867691,
            "fid": 1,
            "nid": 1788,
            "magpsf": 19.67407989501953,
            "sigmapsf": 0.20834499597549438,
            "magnr": 22.09000015258789,
            "sigmagnr": 0.18199999630451202,
            "magzpsci": 26.227079391479492,
            "isdiffpos": "t",
            "ssdistnr": -999.0,
            "ssnamenr": "null",
            "drb": null
        },
        {
            "candid": 1875149792615015036,
            "jd": 2459629.6497917,
            "ra": 87.2637899,
            "dec": 17.2867798,
            "fid": 2,
            "nid": 1875,
            "magpsf": 19.942840576171875,
            "sigmapsf": 0.15370799601078033,
            "magnr": 21.70800018310547,
            "sigmagnr": 0.10000000149011612,
            "magzpsci": 26.370840072631836,
            "isdiffpos": "t",
            "ssdistnr": -999.0,
            "ssnamenr": "null",
            "drb": 0.9994509816169739
        },
        {
            "jd": 2459487.9494444,
            "fid": 1,
            "diffmaglim": 19.8075008392334
        },
        {
            "jd": 2459487.9877199,
            "fid": 2,
            "diffmaglim": 20.041500091552734
        },
        {
            "jd": 2459489.9644213,
            "fid": 2,
            "diffmaglim": 20.306900024414062
        },
        {
            "jd": 2459489.9847685,
            "fid": 1,
            "diffmaglim": 20.47800064086914
        },
        {
            "jd": 2459496.892037,
            "fid": 1,
            "diffmaglim": 20.358299255371094
        },
        {
            "jd": 2459496.9442014,
            "fid": 2,
            "diffmaglim": 20.389400482177734
        },
        {
            "jd": 2459498.9463542,
            "fid": 1,
            "diffmaglim": 20.613000869750977
        },
        {
            "jd": 2459498.9849653,
            "fid": 2,
            "diffmaglim": 20.65920066833496
        },
        {
            "jd": 2459503.9138079,
            "fid": 2,
            "diffmaglim": 20.10810089111328
        },
        {
            "jd": 2459503.9648958,
            "fid": 1,
            "diffmaglim": 20.63159942626953
        },
        {
            "jd": 2459509.8466204,
            "fid": 2,
            "diffmaglim": 19.843599319458008
        },
        {
            "jd": 2459509.8882986,
            "fid": 1,
            "diffmaglim": 19.667800903320312
        },
        {
            "jd": 2459527.8588194,
            "fid": 2,
            "diffmaglim": 15.781100273132324
        },
        {
            "jd": 2459624.7338079,
            "fid": 1,
            "diffmaglim": 19.619699478149414
        },
        {
            "jd": 2459624.8395833,
            "fid": 2,
            "diffmaglim": 19.389799118041992
        },
        {
            "jd": 2459627.719213,
            "fid": 1,
            "diffmaglim": 19.438400268554688
        },
        {
            "jd": 2459627.8251157,
            "fid": 2,
            "diffmaglim": 18.5093994140625
        }
    ],
    "forcedphot": []
}