{
    "objectId": "ZTF23aafwykt",
    "candidates": [
        {
            "candid": 2296468343415015006,
            "jd": 2460050.9683449,
            "ra": 247.1168868,
            "dec": 41.2192492,
            "fid": 1,
            "nid": 2296,
            "magpsf": 19.293500900268555,
            "sigmapsf": 0.12587599456310272,
            "magnr": 17.55500030517578,
            "sigmagnr": 0.07599999755620956,
            "magzpsci": 26.324499130249023,
            "isdiffpos": "t",
            "ssdistnr": null,
            "ssnamenr": null,
            "drb": 0.8264518976211548
        },
        {
            "candid": 2299429463415015001,
            "jd": 2460053.9294676,
            "ra": 247.1169084,
            "dec": 41.2191959,
            "fid": 2,
            "nid": 2299,
            "magpsf": 18.593299865722656,
            "sigmapsf": 0.08751299977302551,
            "magnr": 17.156999588012695,
            "sigmagnr": 0.11699999868869781,
            "magzpsci": 26.36829948425293,
            "isdiffpos": "t",
            "ssdistnr": null,
            "ssnamenr": null,
            "drb": null
        },
        {
            "candid": 2299470253415015017,
            "jd": 2460053.9702546,
            "ra": 247.1169688,
            "dec": 41.2191602,
            "fid": 1,
            "nid": 2299,
            "magpsf": 18.67840003967285,
            "sigmapsf": 0.07565999776124954,
            "magnr": 17.55500030517578,
            "sigmagnr": 0.07599999755620956,
            "magzpsci": 26.339399337768555,
            "isdiffpos": "t",
            "ssdistnr": null,
            "ssnamenr": null,
            "drb": null
        },
        {
            "candid": 2302336953415015003,
            "jd": 2460056.836956,
            "ra": 247.1169748,
            "dec": 41.2191578,
            "fid": 2,
            "nid": 2302,
            "magpsf": 18.250999450683594,
            "sigmapsf": 0.06547600030899048,
            "magnr": 17.156999588012695,
            "sigmagnr": 0.11699999868869781,
            "magzpsci": 26.350000381469727,
            "isdiffpos": "t",
            "ssdistnr": null,
            "ssnamenr": null,
            "drb": null
        },
        {
            "candid": 2302425503415015003,
            "jd": 2460056.9255093,
            "ra": 247.1169287,
            "dec": 41.2191611,
            "fid": 1,
            "nid": 2302,
            "magpsf": 18.391799926757812,
            "sigmapsf": 0.07179000228643417,
            "magnr": 17.55500030517578,
            "sigmagnr": 0.07599999755620956,
            "magzpsci": 26.358800888061523,
            "isdiffpos": "t",
            "ssdistnr": null,
            "ssnamenr": null,
            "drb": null
        },
        {
            "candid": 2304346663415015009,
            "jd": 2460058.8466667,
            "ra": 247.1169501,
            "dec": 41.2191671,
            "fid": 1,
            "nid": 2304,
            "magpsf": 18.36949920654297,
            "sigmapsf": 0.07049699872732162,
            "magnr": 17.55500030517578,
            "sigmagnr": 0.07599999755620956,
            "magzpsci": 26.256500244140625,
            "isdiffpos": "t",
            "ssdistnr": null,
            "ssnamenr": null,
            "drb": null
        },
        {
            "candid": 2304424243415015007,
            "jd": 2460058.9242477,
            "ra": 247.1169533,
            "dec": 41.2191831,
            "fid": 2,
            "nid": 2304,
            "magpsf": 18.13960075378418,
            "sigmapsf": 0.08849699795246124,
            "magnr": 17.156999588012695,
            "sigmagnr": 0.11699999868869781,
            "magzpsci": 26.285600662231445,
            "isdiffpos": "t",
            "ssdistnr": null,
            "ssnamenr": null,
            "drb": null
        },
        {
            "candid": 2306388033415015006,
            "jd": 2460060.8880324,
            "ra": 247.1169482,
            "dec": 41.2191854,
            "fid": 1,
            "nid": 2306,
            "magpsf": 18.510499954223633,
            "sigmapsf": 0.07478400319814682,
            "magnr": 17.55500030517578,
            "sigmagnr": 0.07599999755620956,
            "magzpsci": 26.298500061035156,
            "isdiffpos": "t",
            "ssdistnr": null,
            "ssnamenr": null,
            "drb": null
        },
        {
            "candid": 2306448133415015005,
            "jd": 2460060.9481366,
            "ra": 247.1169573,
            "dec": 41.2191717,
            "fid": 2,
            "nid": 2306,
            "magpsf": 18.073400497436523,
            "sigmapsf": 0.07352399826049805,
            "magnr": 17.156999588012695,
            "sigmagnr": 0.11699999868869781,
            "magzpsci": 26.32740020751953,
            "isdiffpos": "t",
            "ssdistnr": null,
            "ssnamenr": null,
            "drb": null
        },
        {
            "candid": 2308391563415015005,
            "jd": 2460062.8915625,
            "ra": 247.1169527,
            "dec": 41.2191834,
            "fid": 2,
            "nid": 2308,
            "magpsf": 18.006799697875977,
            "sigmapsf": 0.07193800061941147,
            "magnr": 17.156999588012695,
            "sigmagnr": 0.11699999868869781,
            "magzpsci": 26.352800369262695,
            "isdiffpos": "t",
            "ssdistnr": null,
            "ssnamenr": null,
            "drb": null
        },
        {
            "candid": 2318434893415015005,
            "jd": 2460072.9348958,
            "ra": 247.1170048,
            "dec": 41.2191846,
            "fid": 1,
            "nid": 2318,
            "magpsf": 19.505399703979492,
            "sigmapsf": 0.18420200049877167,
            "magnr": 17.55500030517578,
            "sigmagnr": 0.07599999755620956,
            "magzpsci": 26.33340072631836,
            "isdiffpos": "t",
            "ssdistnr": null,
            "ssnamenr": null,
            "drb": null
        },
        {
            "candid": 2318443883415015001,
            "jd": 2460072.9438889,
            "ra": 247.1169631,
            "dec": 41.2191604,
            "fid": 2,
            "nid": 2318,
            "magpsf": 18.312299728393555,
            "sigmapsf": 0.09227500110864639,
            "magnr": 17.156999588012695,
            "sigmagnr": 0.11699999868869781,
            "magzpsci": 26.345300674438477,
            "isdiffpos": "t",
            "ssdistnr": null,
            "ssnamenr": null,
            "drb": null
        },
        {
            "candid": 2322367213415015004,
            "jd": 2460076.8672106,
            "ra": 247.1169526,
            "dec": 41.2191518,
            "fid": 2,
            "nid": 2322,
            "magpsf": 18.47610092163086,
            "sigmapsf": 0.07180999964475632,
            "magnr": 17.156999588012695,
            "sigmagnr": 0.11699999868869781,
            "magzpsci": 26.352100372314453,
            "isdiffpos": "t",
            "ssdistnr": null,
            "ssnamenr": null,
            "drb": null
        },
        {
            "candid": 2324405563415015004,
            "jd": 2460078.9055671,
            "ra": 247.1169479,
            "dec": 41.21913,
            "fid": 2,
            "nid": 2324,
            "magpsf": 18.605199813842773,
            "sigmapsf": 0.085207998752594,
            "magnr": 17.156999588012695,
            "sigmagnr": 0.11699999868869781,
            "magzpsci": 26.34320068359375,
            "isdiffpos": "t",
            "ssdistnr": null,
            "ssnamenr": null,
            "drb": null
        },
        {
            "candid": 2328361553415015004,
            "jd": 2460082.8615509,
            "ra": 247.1169691,
            "dec": 41.219176,
            "fid": 2,
            "nid": 2328,
            "magpsf": 18.835599899291992,
            "sigmapsf": 0.11602599918842316,
            "magnr": 17.156999588012695,
            "sigmagnr": 0.11699999868869781,
            "magzpsci": 26.302600860595703,
            "isdiffpos": "t",
            "ssdistnr": null,
            "ssnamenr": null,
            "drb": null
        },
        {
            "candid": 2328392503415015013,
            "jd": 2460082.8925,
            "ra": 247.1170436,
            "dec": 41.2192624,
            "fid": 1,
            "nid": 2328,
            "magpsf": 20.391700744628906,
            "sigmapsf": 0.2920520007610321,
            "magnr": 17.55500030517578,
            "sigmagnr": 0.07599999755620956,
            "magzpsci": 26.25670051574707,
            "isdiffpos": "t",
            "ssdistnr": null,
            "ssnamenr": null,
            "drb": null
        },
        {
            "candid": 2334381083415015002,
            "jd": 2460088.881088,
            "ra": 247.116964,
            "dec": 41.2191568,
            "fid": 2,
            "nid": 2334,
            "magpsf": 19.12980079650879,
            "sigmapsf": 0.13065099716186523,
            "magnr": 17.156999588012695,
            "sigmagnr": 0.11699999868869781,
            "magzpsci": 26.34779930114746,
            "isdiffpos": "t",
            "ssdistnr": null,
            "ssnamenr": null,
            "drb": null
        },
        {
            "candid": 2336347993415015004,
            "jd": 2460090.8479977,
            "ra": 247.1171097,
            "dec": 41.2190594,
            "fid": 2,
            "nid": 2336,
            "magpsf": 19.24795150756836,
            "sigmapsf": 0.19115044176578522,
            "magnr": 17.156999588012695,
            "sigmagnr": 0.11699999868869781,
            "magzpsci": 26.321950912475586,
            "isdiffpos": "t",
            "ssdistnr": -999.0,
            "ssnamenr": "null",
            "drb": null
        },
        {
            "jd": 2460021.867419,
            "fid": 1,
            "diffmaglim": 20.167299270629883
        },
        {
            "jd": 2460021.9662616,
            "fid": 2,
            "diffmaglim": 20.307899475097656
        },
        {
            "jd": 2460032.8084722,
            "fid": 1,
            "diffmaglim": 19.935699462890625
        },
        {
            "jd": 2460042.9079745,
            "fid": 1,
            "diffmaglim": 19.853500366210938
        },
        {
            "jd": 2460042.9493634,
            "fid": 2,
            "diffmaglim": 20.172500610351562
        },
        {
            "jd": 2460044.9033333,
            "fid": 2,
            "diffmaglim": 20.439800262451172
        },
        {
            "jd": 2460044.9659722,
            "fid": 1,
            "diffmaglim": 20.14150047302246
        },
        {
            "jd": 2460046.8077431,
            "fid": 1,
            "diffmaglim": 20.754100799560547
        },
        {
            "jd": 2460046.8730671,
            "fid": 2,
            "diffmaglim": 20.73310089111328
        },
        {
            "jd": 2460050.9466204,
            "fid": 2,
            "diffmaglim": 20.564800262451172
        },
        {
            "jd": 2460064.9747801,
            "fid": 1,
            "diffmaglim": 20.74690055847168
        },
        {
            "jd": 2460076.8892361,
            "fid": 1,
            "diffmaglim": 20.663000106811523
        },
        {
            "jd": 2460078.866794,
            "fid": 1,
            "diffmaglim": 20.790300369262695
        },
        {
            "jd": 2460080.7860648,
            "fid": 1,
            "diffmaglim": 18.79640007019043
        },
        {
            "jd": 2460084.8604398,
            "fid": 1,
            "diffmaglim": 20.62579917907715
        },
        {
            "jd": 2460084.8868403,
            "fid": 2,
            "diffmaglim": 20.161699295043945
        },
        {
            "jd": 2460086.7561458,
            "fid": 1,
            "diffmaglim": 20.77869987487793
        },
        {
            "jd": 2460086.8827083,
            "fid": 2,
            "diffmaglim": 20.940000534057617
        },
        {
            "jd": 2460088.8290278,
            "fid": 1,
            "diffmaglim": 20.933799743652344
        }
    ],
    "forcedphot": []
}