{
    "objectId": "ZTF20adblnio",
    "candidates": [
        {
            "candid": 1953247680715010000,
            "jd": 2459707.7476852,
            "ra": 193.7924378,
            "dec": -5.5689238,
            "fid": 2,
            "nid": 1953,
            "magpsf": 20.109100341796875,
            "sigmapsf": 0.2363789975643158,
            "magnr": 18.836999893188477,
            "sigmagnr": 0.03099999949336052,
            "magzpsci": 26.22209930419922,
            "isdiffpos": "f",
            "ssdistnr": null,
            "ssnamenr": null,
            "drb": null
        },
        {
            "candid": 1953252090715010001,
            "jd": 2459707.7520949,
            "ra": 193.7922234,
            "dec": -5.5688187,
            "fid": 2,
            "nid": 1953,
            "magpsf": 19.869800567626953,
            "sigmapsf": 0.303600013256073,
            "magnr": 18.836999893188477,
            "sigmagnr": 0.03099999949336052,
            "magzpsci": 26.218799591064453,
            "isdiffpos": "f",
            "ssdistnr": null,
            "ssnamenr": null,
            "drb": null
        },
        {
            "candid": 1955221780715010001,
            "jd": 2459709.7217824,
            "ra": 193.7923715,
            "dec": -5.5688321,
            "fid": 2,
            "nid": 1955,
            "magpsf": 20.197799682617188,
            "sigmapsf": 0.40829700231552124,
            "magnr": 18.836999893188477,
            "sigmagnr": 0.03099999949336052,
            "magzpsci": 26.095800399780273,
            "isdiffpos": "f",
            "ssdistnr": null,
            "ssnamenr": null,
            "drb": null
        },
        {
            "candid": 1965210210715010000,
            "jd": 2459719.7102199,
            "ra": 193.7923122,
            "dec": -5.568747,
            "fid": 2,
            "nid": 1965,
            "magpsf": 20.032400131225586,
            "sigmapsf": 0.1682800054550171,
            "magnr": 18.836999893188477,
            "sigmagnr": 0.03099999949336052,
            "magzpsci": 26.245399475097656,
            "isdiffpos": "f",
            "ssdistnr": null,
            "ssnamenr": null,
            "drb": null
        },
        {
            "candid": 1970252690715010000,
            "jd": 2459724.7526968,
            "ra": 193.7922846,
            "dec": -5.5687659,
            "fid": 2,
            "nid": 1970,
            "magpsf": 20.066699981689453,
            "sigmapsf": 0.16140900552272797,
            "magnr": 18.836999893188477,
            "sigmagnr": 0.03099999949336052,
            "magzpsci": 26.181699752807617,
            "isdiffpos": "f",
            "ssdistnr": null,
            "ssnamenr": null,
            "drb": null
        },
        {
            "candid": 1972191880715010000,
            "jd": 2459726.6918866,
            "ra": 193.7923219,
            "dec": -5.5688022,
            "fid": 2,
            "nid": 1972,
            "magpsf": 20.08970069885254,
            "sigmapsf": 0.17503200471401215,
            "magnr": 18.836999893188477,
            "sigmagnr": 0.03099999949336052,
            "magzpsci": 26.23870086669922,
            "isdiffpos": "f",
            "ssdistnr": null,
            "ssnamenr": null,
            "drb": null
        },
        {
            "candid": 1978191800715010000,
            "jd": 2459732.6918056,
            "ra": 193.7923388,
            "dec": -5.5687247,
            "fid": 2,
            "nid": 1978,
            "magpsf": 19.976900100708008,
            "sigmapsf": 0.18920999765396118,
            "magnr": 18.836999893188477,
            "sigmagnr": 0.03099999949336052,
            "magzpsci": 26.23189926147461,
            "isdiffpos": "f",
            "ssdistnr": null,
            "ssnamenr": null,
            "drb": null
        },
        {
            "candid": 1980218370715010000,
            "jd": 2459734.7183796,
            "ra": 193.7922183,
            "dec": -5.5687296,
            "fid": 2,
            "nid": 1980,
            "magpsf": 19.868900299072266,
            "sigmapsf": 0.22217699885368347,
            "magnr": 18.836999893188477,
            "sigmagnr": 0.03099999949336052,
            "magzpsci": 25.976900100708008,
            "isdiffpos": "f",
            "ssdistnr": null,
            "ssnamenr": null,
            "drb": null
        },
        {
            "candid": 1995191870715010000,
            "jd": 2459749.691875,
            "ra": 193.7924267,
            "dec": -5.5687501,
            "fid": 2,
            "nid": 1995,
            "magpsf": 19.84001922607422,
            "sigmapsf": 0.17979499697685242,
            "magnr": 18.836999893188477,
            "sigmagnr": 0.03099999949336052,
            "magzpsci": 26.212020874023438,
            "isdiffpos": "f",
            "ssdistnr": -999.0,
            "ssnamenr": "null",
            "drb": null
        },
        {
            "candid": 2301253930715010000,
            "jd": 2460055.7539352,
            "ra": 193.7923263,
            "dec": -5.5687996,
            "fid": 2,
            "nid": 2301,
            "magpsf": 20.16819953918457,
            "sigmapsf": 0.2253209948539734,
            "magnr": 18.836999893188477,
            "sigmagnr": 0.03099999949336052,
            "magzpsci": 26.230199813842773,
            "isdiffpos": "f",
            "ssdistnr": null,
            "ssnamenr": null,
            "drb": null
        },
        {
            "candid": 2309254680715010000,
            "jd": 2460063.7546875,
            "ra": 193.7923364,
            "dec": -5.5688219,
            "fid": 2,
            "nid": 2309,
            "magpsf": 20.100400924682617,
            "sigmapsf": 0.22372600436210632,
            "magnr": 18.836999893188477,
            "sigmagnr": 0.03099999949336052,
            "magzpsci": 26.411399841308594,
            "isdiffpos": "f",
            "ssdistnr": null,
            "ssnamenr": null,
            "drb": null
        },
        {
            "candid": 2319330610715010000,
            "jd": 2460073.8306134,
            "ra": 193.7923045,
            "dec": -5.5687579,
            "fid": 2,
            "nid": 2319,
            "magpsf": 20.08300018310547,
            "sigmapsf": 0.29002898931503296,
            "magnr": 18.836999893188477,
            "sigmagnr": 0.03099999949336052,
            "magzpsci": 26.145999908447266,
            "isdiffpos": "f",
            "ssdistnr": null,
            "ssnamenr": null,
            "drb": null
        },
        {
            "candid": 2325297070715010000,
            "jd": 2460079.7970718,
            "ra": 193.7923809,
            "dec": -5.568807,
            "fid": 2,
            "nid": 2325,
            "magpsf": 20.055299758911133,
            "sigmapsf": 0.21471500396728516,
            "magnr": 18.836999893188477,
            "sigmagnr": 0.03099999949336052,
            "magzpsci": 26.141300201416016,
            "isdiffpos": "f",
            "ssdistnr": null,
            "ssnamenr": null,
            "drb": null
        },
        {
            "candid": 2329227190715010000,
            "jd": 2460083.7271991,
            "ra": 193.7922936,
            "dec": -5.5687646,
            "fid": 2,
            "nid": 2329,
            "magpsf": 20.035093307495117,
            "sigmapsf": 0.17006750404834747,
            "magnr": 18.836999893188477,
            "sigmagnr": 0.03099999949336052,
            "magzpsci": 26.19109344482422,
            "isdiffpos": "f",
            "ssdistnr": -999.0,
            "ssnamenr": "null",
            "drb": null
        },
        {
            "candid": 2634395010715010000,
            "jd": 2460388.8950116,
            "ra": 193.7922254,
            "dec": -5.5688494,
            "fid": 2,
            "nid": 2634,
            "magpsf": 20.25909996032715,
            "sigmapsf": 0.2605839967727661,
            "magnr": 18.836999893188477,
            "sigmagnr": 0.03099999949336052,
            "magzpsci": 26.22610092163086,
            "isdiffpos": "f",
            "ssdistnr": null,
            "ssnamenr": null,
            "drb": null
        },
        {
            "candid": 2643402190715010000,
            "jd": 2460397.9021991,
            "ra": 193.7922774,
            "dec": -5.5689478,
            "fid": 2,
            "nid": 2643,
            "magpsf": 19.867599487304688,
            "sigmapsf": 0.2702459990978241,
            "magnr": 18.836999893188477,
            "sigmagnr": 0.03099999949336052,
            "magzpsci": 26.23259925842285,
            "isdiffpos": "f",
            "ssdistnr": null,
            "ssnamenr": null,
            "drb": null
        },
        {
            "candid": 2649357490715010000,
            "jd": 2460403.8575,
            "ra": 193.7922945,
            "dec": -5.5687978,
            "fid": 2,
            "nid": 2649,
            "magpsf": 20.117900848388672,
            "sigmapsf": 0.2077849954366684,
            "magnr": 18.836999893188477,
            "sigmagnr": 0.03099999949336052,
            "magzpsci": 26.258899688720703,
            "isdiffpos": "f",
            "ssdistnr": null,
            "ssnamenr": null,
            "drb": null
        },
        {
            "candid": 2653358250715010000,
            "jd": 2460407.8582523,
            "ra": 193.7923855,
            "dec": -5.5688508,
            "fid": 2,
            "nid": 2653,
            "magpsf": 20.08769989013672,
            "sigmapsf": 0.18930600583553314,
            "magnr": 18.836999893188477,
            "sigmagnr": 0.03099999949336052,
            "magzpsci": 26.222700119018555,
            "isdiffpos": "f",
            "ssdistnr": null,
            "ssnamenr": null,
            "drb": null
        },
        {
            "candid": 2659361780715010001,
            "jd": 2460413.8617824,
            "ra": 193.7922865,
            "dec": -5.5687627,
            "fid": 2,
            "nid": 2659,
            "magpsf": 19.97498321533203,
            "sigmapsf": 0.14851714670658112,
            "magnr": 18.836999893188477,
            "sigmagnr": 0.03099999949336052,
            "magzpsci": 26.19798469543457,
            "isdiffpos": "f",
            "ssdistnr": -999.0,
            "ssnamenr": "null",
            "drb": null
        },
        {
            "jd": 2459689.7946065,
            "fid": 1,
            "diffmaglim": 19.369199752807617
        },
        {
            "jd": 2459693.789838,
            "fid": 2,
            "diffmaglim": 19.99810028076172
        },
        {
            "jd": 2459693.837581,
            "fid": 1,
            "diffmaglim": 19.959400177001953
        },
        {
            "jd": 2459695.7907523,
            "fid": 1,
            "diffmaglim": 17.415800094604492
        },
        {
            "jd": 2459697.7537616,
            "fid": 1,
            "diffmaglim": 20.448400497436523
        },
        {
            "jd": 2459699.7498843,
            "fid": 1,
            "diffmaglim": 20.41080093383789
        },
        {
            "jd": 2459702.745463,
            "fid": 2,
            "diffmaglim": 20.387800216674805
        },
        {
            "jd": 2459702.774294,
            "fid": 1,
            "diffmaglim": 20.430099487304688
        },
        {
            "jd": 2459709.7523032,
            "fid": 2,
            "diffmaglim": 19.843399047851562
        },
        {
            "jd": 2459715.7310532,
            "fid": 1,
            "diffmaglim": 19.667499542236328
        },
        {
            "jd": 2459722.715706,
            "fid": 1,
            "diffmaglim": 20.29840087890625
        },
        {
            "jd": 2459722.7703125,
            "fid": 1,
            "diffmaglim": 20.281200408935547
        },
        {
            "jd": 2459724.7123264,
            "fid": 1,
            "diffmaglim": 20.265499114990234
        },
        {
            "jd": 2459726.7327431,
            "fid": 1,
            "diffmaglim": 20.52199935913086
        },
        {
            "jd": 2459730.6942708,
            "fid": 1,
            "diffmaglim": 20.314899444580078
        },
        {
            "jd": 2459730.7342824,
            "fid": 2,
            "diffmaglim": 20.392499923706055
        },
        {
            "jd": 2459734.6831366,
            "fid": 1,
            "diffmaglim": 19.803800582885742
        },
        {
            "jd": 2459736.6833102,
            "fid": 2,
            "diffmaglim": 20.340700149536133
        },
        {
            "jd": 2459736.7487731,
            "fid": 1,
            "diffmaglim": 19.904399871826172
        },
        {
            "jd": 2459741.6892708,
            "fid": 1,
            "diffmaglim": 19.104000091552734
        },
        {
            "jd": 2459741.7904514,
            "fid": 2,
            "diffmaglim": 18.72610092163086
        },
        {
            "jd": 2459743.6894097,
            "fid": 2,
            "diffmaglim": 19.46809959411621
        },
        {
            "jd": 2459743.7534375,
            "fid": 1,
            "diffmaglim": 19.022899627685547
        },
        {
            "jd": 2459747.7804051,
            "fid": 1,
            "diffmaglim": 19.441600799560547
        },
        {
            "jd": 2460053.7550926,
            "fid": 2,
            "diffmaglim": 19.84950065612793
        },
        {
            "jd": 2460053.8723727,
            "fid": 1,
            "diffmaglim": 19.903099060058594
        },
        {
            "jd": 2460055.7912731,
            "fid": 1,
            "diffmaglim": 20.04360008239746
        },
        {
            "jd": 2460057.7914005,
            "fid": 2,
            "diffmaglim": 20.419599533081055
        },
        {
            "jd": 2460057.7971181,
            "fid": 1,
            "diffmaglim": 20.37540054321289
        },
        {
            "jd": 2460059.8111921,
            "fid": 2,
            "diffmaglim": 20.170000076293945
        },
        {
            "jd": 2460059.8283796,
            "fid": 1,
            "diffmaglim": 20.264999389648438
        },
        {
            "jd": 2460061.77875,
            "fid": 2,
            "diffmaglim": 20.247499465942383
        },
        {
            "jd": 2460061.8429745,
            "fid": 1,
            "diffmaglim": 20.090299606323242
        },
        {
            "jd": 2460063.7121412,
            "fid": 1,
            "diffmaglim": 19.793899536132812
        },
        {
            "jd": 2460065.8285185,
            "fid": 1,
            "diffmaglim": 19.237899780273438
        },
        {
            "jd": 2460073.7531481,
            "fid": 1,
            "diffmaglim": 20.291500091552734
        },
        {
            "jd": 2460077.7491088,
            "fid": 2,
            "diffmaglim": 20.27750015258789
        },
        {
            "jd": 2460077.8732176,
            "fid": 1,
            "diffmaglim": 19.444299697875977
        },
        {
            "jd": 2460079.7658681,
            "fid": 1,
            "diffmaglim": 20.298999786376953
        },
        {
            "jd": 2460081.7517824,
            "fid": 2,
            "diffmaglim": 20.20840072631836
        },
        {
            "jd": 2460081.8270718,
            "fid": 1,
            "diffmaglim": 19.9335994720459
        },
        {
            "jd": 2460083.6953125,
            "fid": 1,
            "diffmaglim": 20.364299774169922
        },
        {
            "jd": 2460388.8997685,
            "fid": 1,
            "diffmaglim": 19.864999771118164
        },
        {
            "jd": 2460391.8066435,
            "fid": 1,
            "diffmaglim": 19.304500579833984
        },
        {
            "jd": 2460397.9614468,
            "fid": 1,
            "diffmaglim": 17.412799835205078
        },
        {
            "jd": 2460403.8361921,
            "fid": 1,
            "diffmaglim": 20.38640022277832
        },
        {
            "jd": 2460407.8154398,
            "fid": 1,
            "diffmaglim": 20.32710075378418
        },
        {
            "jd": 2460413.7979167,
            "fid": 1,
            "diffmaglim": 20.388200759887695
        }
    ],
    "forcedphot": [
        {
            "objectid": "ZTF20adblnio",
            "jd": 2460388.8950116,
            "ranr": 193.7923395,
            "decnr": -5.5687613,
            "fid": 2,
            "forcediffimflux": -235.48948669433594,
            "forcediffimfluxunc": 39.39981460571289,
            "magzpsci": 26.22610092163086
        },
        {
            "objectid": "ZTF20adblnio",
            "jd": 2460388.8997685,
            "ranr": 193.7923414,
            "decnr": -5.5687413,
            "fid": 1,
            "forcediffimflux": -80.87022399902344,
            "forcediffimfluxunc": 42.87748718261719,
            "magzpsci": 26.311800003051758
        },
        {
            "objectid": "ZTF20adblnio",
            "jd": 2460390.933588,
            "ranr": -99999.0,
            "decnr": -99999.0,
            "fid": 2,
            "forcediffimflux": -99999.0,
            "forcediffimfluxunc": -99999.0,
            "magzpsci": 26.146699905395508
        },
        {
            "objectid": "ZTF20adblnio",
            "jd": 2460390.9622106,
            "ranr": -99999.0,
            "decnr": -99999.0,
            "fid": 1,
            "forcediffimflux": -99999.0,
            "forcediffimfluxunc": -99999.0,
            "magzpsci": 26.07080078125
        },
        {
            "objectid": "ZTF20adblnio",
            "jd": 2460391.8066435,
            "ranr": 193.7923414,
            "decnr": -5.5687413,
            "fid": 1,
            "forcediffimflux": -179.33688354492188,
            "forcediffimfluxunc": 72.66036224365234,
            "magzpsci": 26.325700759887695
        },
        {
            "objectid": "ZTF20adblnio",
            "jd": 2460392.9202662,
            "ranr": -99999.0,
            "decnr": -99999.0,
            "fid": 1,
            "forcediffimflux": -99999.0,
            "forcediffimfluxunc": -99999.0,
            "magzpsci": 25.74209976196289
        },
        {
            "objectid": "ZTF20adblnio",
            "jd": 2460397.9021991,
            "ranr": 193.7923395,
            "decnr": -5.5687613,
            "fid": 2,
            "forcediffimflux": -321.1156311035156,
            "forcediffimfluxunc": 72.78849029541016,
            "magzpsci": 26.23259925842285
        },
        {
            "objectid": "ZTF20adblnio",
            "jd": 2460403.8361921,
            "ranr": 193.7923414,
            "decnr": -5.5687413,
            "fid": 1,
            "forcediffimflux": -63.20279312133789,
            "forcediffimfluxunc": 27.98360252380371,
            "magzpsci": 26.30820083618164
        },
        {
            "objectid": "ZTF20adblnio",
            "jd": 2460403.8575,
            "ranr": 193.7923395,
            "decnr": -5.5687613,
            "fid": 2,
            "forcediffimflux": -295.255859375,
            "forcediffimfluxunc": 32.8365478515625,
            "magzpsci": 26.258899688720703
        },
        {
            "objectid": "ZTF20adblnio",
            "jd": 2460407.8159028,
            "ranr": -99999.0,
            "decnr": -99999.0,
            "fid": 1,
            "forcediffimflux": -99999.0,
            "forcediffimfluxunc": -99999.0,
            "magzpsci": 26.15679931640625
        },
        {
            "objectid": "ZTF20adblnio",
            "jd": 2460407.8587269,
            "ranr": -99999.0,
            "decnr": -99999.0,
            "fid": 2,
            "forcediffimflux": -99999.0,
            "forcediffimfluxunc": -99999.0,
            "magzpsci": 26.080900192260742
        },
        {
            "objectid": "ZTF20adblnio",
            "jd": 2460412.8355324,
            "ranr": -99999.0,
            "decnr": -99999.0,
            "fid": 1,
            "forcediffimflux": -99999.0,
            "forcediffimfluxunc": -99999.0,
            "magzpsci": 26.137800216674805
        },
        {
            "objectid": "ZTF20adblnio",
            "jd": 2460413.7979167,
            "ranr": 193.7923414,
            "decnr": -5.5687413,
            "fid": 1,
            "forcediffimflux": -66.6001205444336,
            "forcediffimfluxunc": 28.90642547607422,
            "magzpsci": 26.303499221801758
        }
    ]
}