{
    "objectId": "ZTF21abklcjq",
    "candidates": [
        {
            "candid": 1652223714615015006,
            "jd": 2459406.7237153,
            "ra": 257.4697814,
            "dec": 41.2221223,
            "fid": 1,
            "nid": 1652,
            "magpsf": 20.205299377441406,
            "sigmapsf": 0.2663379907608032,
            "magnr": 19.26300048828125,
            "sigmagnr": 0.0949999988079071,
            "magzpsci": 26.239299774169922,
            "isdiffpos": "t",
            "ssdistnr": null,
            "ssnamenr": null,
            "drb": null
        },
        {
            "candid": 1652257014615015002,
            "jd": 2459406.7570139,
            "ra": 257.4697934,
            "dec": 41.2221213,
            "fid": 2,
            "nid": 1652,
            "magpsf": 20.21139907836914,
            "sigmapsf": 0.23281699419021606,
            "magnr": 19.00200080871582,
            "sigmagnr": 0.10400000214576721,
            "magzpsci": 26.21139907836914,
            "isdiffpos": "t",
            "ssdistnr": null,
            "ssnamenr": null,
            "drb": null
        },
        {
            "candid": 1654243004615015008,
            "jd": 2459408.7430093,
            "ra": 257.4697573,
            "dec": 41.2222114,
            "fid": 2,
            "nid": 1654,
            "magpsf": 19.741899490356445,
            "sigmapsf": 0.17077599465847015,
            "magnr": 19.00200080871582,
            "sigmagnr": 0.10400000214576721,
            "magzpsci": 26.06290054321289,
            "isdiffpos": "t",
            "ssdistnr": null,
            "ssnamenr": null,
            "drb": null
        },
        {
            "candid": 1654345774615015005,
            "jd": 2459408.8457755,
            "ra": 257.4697112,
            "dec": 41.2221748,
            "fid": 1,
            "nid": 1654,
            "magpsf": 19.689199447631836,
            "sigmapsf": 0.17000600695610046,
            "magnr": 19.26300048828125,
            "sigmagnr": 0.0949999988079071,
            "magzpsci": 25.956199645996094,
            "isdiffpos": "t",
            "ssdistnr": null,
            "ssnamenr": null,
            "drb": null
        },
        {
            "candid": 1656240304615015003,
            "jd": 2459410.7403009,
            "ra": 257.469753,
            "dec": 41.2221249,
            "fid": 2,
            "nid": 1656,
            "magpsf": 19.41860008239746,
            "sigmapsf": 0.0993650034070015,
            "magnr": 19.00200080871582,
            "sigmagnr": 0.10400000214576721,
            "magzpsci": 26.108600616455078,
            "isdiffpos": "t",
            "ssdistnr": null,
            "ssnamenr": null,
            "drb": null
        },
        {
            "candid": 1656349494615015003,
            "jd": 2459410.8494907,
            "ra": 257.4697797,
            "dec": 41.2221104,
            "fid": 1,
            "nid": 1656,
            "magpsf": 19.606700897216797,
            "sigmapsf": 0.1577650010585785,
            "magnr": 19.26300048828125,
            "sigmagnr": 0.0949999988079071,
            "magzpsci": 26.01569938659668,
            "isdiffpos": "t",
            "ssdistnr": null,
            "ssnamenr": null,
            "drb": null
        },
        {
            "candid": 1658324184615015004,
            "jd": 2459412.8241898,
            "ra": 257.4697442,
            "dec": 41.2221342,
            "fid": 1,
            "nid": 1658,
            "magpsf": 19.50029945373535,
            "sigmapsf": 0.14116500318050385,
            "magnr": 19.26300048828125,
            "sigmagnr": 0.0949999988079071,
            "magzpsci": 26.165300369262695,
            "isdiffpos": "t",
            "ssdistnr": null,
            "ssnamenr": null,
            "drb": null
        },
        {
            "candid": 1658371564615015003,
            "jd": 2459412.8715625,
            "ra": 257.4697305,
            "dec": 41.2221218,
            "fid": 2,
            "nid": 1658,
            "magpsf": 19.142799377441406,
            "sigmapsf": 0.11196199804544449,
            "magnr": 19.00200080871582,
            "sigmagnr": 0.10400000214576721,
            "magzpsci": 26.095800399780273,
            "isdiffpos": "t",
            "ssdistnr": null,
            "ssnamenr": null,
            "drb": null
        },
        {
            "candid": 1661204344615015001,
            "jd": 2459415.7043403,
            "ra": 257.4697179,
            "dec": 41.2221102,
            "fid": 2,
            "nid": 1661,
            "magpsf": 18.97719955444336,
            "sigmapsf": 0.09839499741792679,
            "magnr": 19.00200080871582,
            "sigmagnr": 0.10400000214576721,
            "magzpsci": 26.290199279785156,
            "isdiffpos": "t",
            "ssdistnr": null,
            "ssnamenr": null,
            "drb": null
        },
        {
            "candid": 1661204344615065001,
            "jd": 2459415.7043403,
            "ra": 257.4697179,
            "dec": 41.2221102,
            "fid": 2,
            "nid": 1661,
            "magpsf": 18.97719955444336,
            "sigmapsf": 0.09839499741792679,
            "magnr": 19.00200080871582,
            "sigmagnr": 0.10400000214576721,
            "magzpsci": 26.290199279785156,
            "isdiffpos": "t",
            "ssdistnr": null,
            "ssnamenr": null,
            "drb": null
        },
        {
            "candid": 1661204344615075001,
            "jd": 2459415.7043403,
            "ra": 257.4697179,
            "dec": 41.2221102,
            "fid": 2,
            "nid": 1661,
            "magpsf": 18.97719955444336,
            "sigmapsf": 0.09839499741792679,
            "magnr": 19.00200080871582,
            "sigmagnr": 0.10400000214576721,
            "magzpsci": 26.290199279785156,
            "isdiffpos": "t",
            "ssdistnr": null,
            "ssnamenr": null,
            "drb": null
        },
        {
            "candid": 1661281074615015001,
            "jd": 2459415.7810764,
            "ra": 257.4697543,
            "dec": 41.2221356,
            "fid": 1,
            "nid": 1661,
            "magpsf": 19.144100189208984,
            "sigmapsf": 0.12257999926805496,
            "magnr": 19.26300048828125,
            "sigmagnr": 0.0949999988079071,
            "magzpsci": 26.265100479125977,
            "isdiffpos": "t",
            "ssdistnr": null,
            "ssnamenr": null,
            "drb": null
        },
        {
            "candid": 1661281074615065001,
            "jd": 2459415.7810764,
            "ra": 257.4697543,
            "dec": 41.2221356,
            "fid": 1,
            "nid": 1661,
            "magpsf": 19.144100189208984,
            "sigmapsf": 0.12257999926805496,
            "magnr": 19.26300048828125,
            "sigmagnr": 0.0949999988079071,
            "magzpsci": 26.265100479125977,
            "isdiffpos": "t",
            "ssdistnr": null,
            "ssnamenr": null,
            "drb": null
        },
        {
            "candid": 1661281074615075001,
            "jd": 2459415.7810764,
            "ra": 257.4697543,
            "dec": 41.2221356,
            "fid": 1,
            "nid": 1661,
            "magpsf": 19.144100189208984,
            "sigmapsf": 0.12257999926805496,
            "magnr": 19.26300048828125,
            "sigmagnr": 0.0949999988079071,
            "magzpsci": 26.265100479125977,
            "isdiffpos": "t",
            "ssdistnr": null,
            "ssnamenr": null,
            "drb": null
        },
        {
            "candid": 1669241134615015003,
            "jd": 2459423.7411343,
            "ra": 257.4697401,
            "dec": 41.222112,
            "fid": 2,
            "nid": 1669,
            "magpsf": 18.534299850463867,
            "sigmapsf": 0.0674159973859787,
            "magnr": 19.00200080871582,
            "sigmagnr": 0.10400000214576721,
            "magzpsci": 26.247299194335938,
            "isdiffpos": "t",
            "ssdistnr": null,
            "ssnamenr": null,
            "drb": null
        },
        {
            "candid": 1669327464615015004,
            "jd": 2459423.8274653,
            "ra": 257.4697635,
            "dec": 41.2221169,
            "fid": 1,
            "nid": 1669,
            "magpsf": 19.214399337768555,
            "sigmapsf": 0.14131300151348114,
            "magnr": 19.26300048828125,
            "sigmagnr": 0.0949999988079071,
            "magzpsci": 26.133399963378906,
            "isdiffpos": "t",
            "ssdistnr": null,
            "ssnamenr": null,
            "drb": null
        },
        {
            "candid": 1671255374615015006,
            "jd": 2459425.7553704,
            "ra": 257.4697334,
            "dec": 41.2221177,
            "fid": 1,
            "nid": 1671,
            "magpsf": 19.234800338745117,
            "sigmapsf": 0.11272899806499481,
            "magnr": 19.26300048828125,
            "sigmagnr": 0.0949999988079071,
            "magzpsci": 26.244800567626953,
            "isdiffpos": "t",
            "ssdistnr": null,
            "ssnamenr": null,
            "drb": null
        },
        {
            "candid": 1673221874615015008,
            "jd": 2459427.721875,
            "ra": 257.4697302,
            "dec": 41.222127,
            "fid": 2,
            "nid": 1673,
            "magpsf": 18.63520050048828,
            "sigmapsf": 0.07365699857473373,
            "magnr": 19.00200080871582,
            "sigmagnr": 0.10400000214576721,
            "magzpsci": 26.26020050048828,
            "isdiffpos": "t",
            "ssdistnr": null,
            "ssnamenr": null,
            "drb": null
        },
        {
            "candid": 1673276804615015008,
            "jd": 2459427.7768056,
            "ra": 257.4697213,
            "dec": 41.2221512,
            "fid": 1,
            "nid": 1673,
            "magpsf": 19.38330078125,
            "sigmapsf": 0.11594399809837341,
            "magnr": 19.26300048828125,
            "sigmagnr": 0.0949999988079071,
            "magzpsci": 26.271299362182617,
            "isdiffpos": "t",
            "ssdistnr": null,
            "ssnamenr": null,
            "drb": null
        },
        {
            "candid": 1675248174615015009,
            "jd": 2459429.7481713,
            "ra": 257.4697402,
            "dec": 41.2221327,
            "fid": 2,
            "nid": 1675,
            "magpsf": 18.57830047607422,
            "sigmapsf": 0.060729000717401505,
            "magnr": 19.00200080871582,
            "sigmagnr": 0.10400000214576721,
            "magzpsci": 26.281299591064453,
            "isdiffpos": "t",
            "ssdistnr": null,
            "ssnamenr": null,
            "drb": null
        },
        {
            "candid": 1675306654615015004,
            "jd": 2459429.8066551,
            "ra": 257.4697299,
            "dec": 41.2221017,
            "fid": 1,
            "nid": 1675,
            "magpsf": 19.529300689697266,
            "sigmapsf": 0.11604700237512589,
            "magnr": 19.26300048828125,
            "sigmagnr": 0.0949999988079071,
            "magzpsci": 26.279300689697266,
            "isdiffpos": "t",
            "ssdistnr": null,
            "ssnamenr": null,
            "drb": null
        },
        {
            "candid": 1680201114615015004,
            "jd": 2459434.7011111,
            "ra": 257.4697319,
            "dec": 41.2220961,
            "fid": 2,
            "nid": 1680,
            "magpsf": 18.777099609375,
            "sigmapsf": 0.08086500316858292,
            "magnr": 19.00200080871582,
            "sigmagnr": 0.10400000214576721,
            "magzpsci": 26.274099349975586,
            "isdiffpos": "t",
            "ssdistnr": null,
            "ssnamenr": null,
            "drb": null
        },
        {
            "candid": 1680244024615015006,
            "jd": 2459434.7440278,
            "ra": 257.4697163,
            "dec": 41.2221217,
            "fid": 1,
            "nid": 1680,
            "magpsf": 19.954099655151367,
            "sigmapsf": 0.15463699400424957,
            "magnr": 19.26300048828125,
            "sigmagnr": 0.0949999988079071,
            "magzpsci": 26.30109977722168,
            "isdiffpos": "t",
            "ssdistnr": null,
            "ssnamenr": null,
            "drb": null
        },
        {
            "candid": 1682222104615015005,
            "jd": 2459436.7221065,
            "ra": 257.4697494,
            "dec": 41.2221326,
            "fid": 2,
            "nid": 1682,
            "magpsf": 18.90730094909668,
            "sigmapsf": 0.07664699852466583,
            "magnr": 19.00200080871582,
            "sigmagnr": 0.10400000214576721,
            "magzpsci": 26.216299057006836,
            "isdiffpos": "t",
            "ssdistnr": null,
            "ssnamenr": null,
            "drb": null
        },
        {
            "candid": 1685225154615015008,
            "jd": 2459439.7251505,
            "ra": 257.4697572,
            "dec": 41.2220829,
            "fid": 2,
            "nid": 1685,
            "magpsf": 19.104999542236328,
            "sigmapsf": 0.12397000193595886,
            "magnr": 19.00200080871582,
            "sigmagnr": 0.10400000214576721,
            "magzpsci": 26.128000259399414,
            "isdiffpos": "t",
            "ssdistnr": null,
            "ssnamenr": null,
            "drb": null
        },
        {
            "candid": 1685259364615015004,
            "jd": 2459439.7593634,
            "ra": 257.4696483,
            "dec": 41.2221784,
            "fid": 1,
            "nid": 1685,
            "magpsf": 20.330400466918945,
            "sigmapsf": 0.24621999263763428,
            "magnr": 19.26300048828125,
            "sigmagnr": 0.0949999988079071,
            "magzpsci": 26.055400848388672,
            "isdiffpos": "t",
            "ssdistnr": null,
            "ssnamenr": null,
            "drb": null
        },
        {
            "candid": 1687197974615015002,
            "jd": 2459441.6979745,
            "ra": 257.4696907,
            "dec": 41.2221391,
            "fid": 2,
            "nid": 1687,
            "magpsf": 19.087499618530273,
            "sigmapsf": 0.09638699889183044,
            "magnr": 19.00200080871582,
            "sigmagnr": 0.10400000214576721,
            "magzpsci": 26.16950035095215,
            "isdiffpos": "t",
            "ssdistnr": null,
            "ssnamenr": null,
            "drb": null
        },
        {
            "candid": 1687235764615015010,
            "jd": 2459441.7357639,
            "ra": 257.4696783,
            "dec": 41.2221417,
            "fid": 1,
            "nid": 1687,
            "magpsf": 20.30900001525879,
            "sigmapsf": 0.2530289888381958,
            "magnr": 19.26300048828125,
            "sigmagnr": 0.0949999988079071,
            "magzpsci": 26.0310001373291,
            "isdiffpos": "t",
            "ssdistnr": null,
            "ssnamenr": null,
            "drb": null
        },
        {
            "candid": 1689256934615015005,
            "jd": 2459443.7569329,
            "ra": 257.4697157,
            "dec": 41.2221245,
            "fid": 2,
            "nid": 1689,
            "magpsf": 19.281200408935547,
            "sigmapsf": 0.19467000663280487,
            "magnr": 19.00200080871582,
            "sigmagnr": 0.10400000214576721,
            "magzpsci": 26.024200439453125,
            "isdiffpos": "t",
            "ssdistnr": null,
            "ssnamenr": null,
            "drb": null
        },
        {
            "candid": 1693224134615015001,
            "jd": 2459447.7241319,
            "ra": 257.4697551,
            "dec": 41.222106,
            "fid": 2,
            "nid": 1693,
            "magpsf": 19.573699951171875,
            "sigmapsf": 0.28078699111938477,
            "magnr": 19.00200080871582,
            "sigmagnr": 0.10400000214576721,
            "magzpsci": 26.20170021057129,
            "isdiffpos": "t",
            "ssdistnr": null,
            "ssnamenr": null,
            "drb": null
        },
        {
            "candid": 1696285674615015006,
            "jd": 2459450.7856713,
            "ra": 257.4696837,
            "dec": 41.2221231,
            "fid": 2,
            "nid": 1696,
            "magpsf": 19.359600067138672,
            "sigmapsf": 0.25640198588371277,
            "magnr": 19.00200080871582,
            "sigmagnr": 0.10400000214576721,
            "magzpsci": 25.949600219726562,
            "isdiffpos": "t",
            "ssdistnr": null,
            "ssnamenr": null,
            "drb": null
        },
        {
            "candid": 1698200094615015005,
            "jd": 2459452.7000926,
            "ra": 257.4696371,
            "dec": 41.2221371,
            "fid": 2,
            "nid": 1698,
            "magpsf": 19.265199661254883,
            "sigmapsf": 0.14625699818134308,
            "magnr": 19.00200080871582,
            "sigmagnr": 0.10400000214576721,
            "magzpsci": 25.945199966430664,
            "isdiffpos": "t",
            "ssdistnr": null,
            "ssnamenr": null,
            "drb": null
        },
        {
            "candid": 1700196504615015009,
            "jd": 2459454.6965046,
            "ra": 257.4697724,
            "dec": 41.2221522,
            "fid": 1,
            "nid": 1700,
            "magpsf": 20.631000518798828,
            "sigmapsf": 0.2762410044670105,
            "magnr": 19.26300048828125,
            "sigmagnr": 0.0949999988079071,
            "magzpsci": 26.356000900268555,
            "isdiffpos": "t",
            "ssdistnr": null,
            "ssnamenr": null,
            "drb": null
        },
        {
            "candid": 1704177124615015008,
            "jd": 2459458.6771296,
            "ra": 257.469816,
            "dec": 41.2221805,
            "fid": 1,
            "nid": 1704,
            "magpsf": 21.019100189208984,
            "sigmapsf": 0.3978489935398102,
            "magnr": 19.26300048828125,
            "sigmagnr": 0.0949999988079071,
            "magzpsci": 26.300100326538086,
            "isdiffpos": "t",
            "ssdistnr": null,
            "ssnamenr": null,
            "drb": null
        },
        {
            "candid": 1704221794615015006,
            "jd": 2459458.721794,
            "ra": 257.4697611,
            "dec": 41.2221543,
            "fid": 2,
            "nid": 1704,
            "magpsf": 19.69379997253418,
            "sigmapsf": 0.15758399665355682,
            "magnr": 19.00200080871582,
            "sigmagnr": 0.10400000214576721,
            "magzpsci": 26.223800659179688,
            "isdiffpos": "t",
            "ssdistnr": null,
            "ssnamenr": null,
            "drb": null
        },
        {
            "candid": 1706220414615015004,
            "jd": 2459460.7204167,
            "ra": 257.4697523,
            "dec": 41.22214,
            "fid": 2,
            "nid": 1706,
            "magpsf": 19.686399459838867,
            "sigmapsf": 0.13391199707984924,
            "magnr": 19.00200080871582,
            "sigmagnr": 0.10400000214576721,
            "magzpsci": 26.282400131225586,
            "isdiffpos": "t",
            "ssdistnr": null,
            "ssnamenr": null,
            "drb": null
        },
        {
            "candid": 1708261584615015005,
            "jd": 2459462.7615856,
            "ra": 257.4698458,
            "dec": 41.2222538,
            "fid": 1,
            "nid": 1708,
            "magpsf": 20.418699264526367,
            "sigmapsf": 0.2760869860649109,
            "magnr": 19.26300048828125,
            "sigmagnr": 0.0949999988079071,
            "magzpsci": 26.25469970703125,
            "isdiffpos": "t",
            "ssdistnr": null,
            "ssnamenr": null,
            "drb": null
        },
        {
            "candid": 1710182874615015004,
            "jd": 2459464.6828704,
            "ra": 257.4698237,
            "dec": 41.2220689,
            "fid": 1,
            "nid": 1710,
            "magpsf": 20.5049991607666,
            "sigmapsf": 0.2313860058784485,
            "magnr": 19.26300048828125,
            "sigmagnr": 0.0949999988079071,
            "magzpsci": 26.31399917602539,
            "isdiffpos": "t",
            "ssdistnr": null,
            "ssnamenr": null,
            "drb": null
        },
        {
            "candid": 1710182874615025004,
            "jd": 2459464.6828704,
            "ra": 257.4698237,
            "dec": 41.2220689,
            "fid": 1,
            "nid": 1710,
            "magpsf": 20.5049991607666,
            "sigmapsf": 0.2313860058784485,
            "magnr": 19.26300048828125,
            "sigmagnr": 0.0949999988079071,
            "magzpsci": 26.31399917602539,
            "isdiffpos": "t",
            "ssdistnr": null,
            "ssnamenr": null,
            "drb": null
        },
        {
            "candid": 1710216794615015006,
            "jd": 2459464.716794,
            "ra": 257.4697016,
            "dec": 41.2221373,
            "fid": 2,
            "nid": 1710,
            "magpsf": 19.896799087524414,
            "sigmapsf": 0.15403500199317932,
            "magnr": 19.00200080871582,
            "sigmagnr": 0.10400000214576721,
            "magzpsci": 26.25979995727539,
            "isdiffpos": "t",
            "ssdistnr": null,
            "ssnamenr": null,
            "drb": null
        },
        {
            "candid": 1710216794615025006,
            "jd": 2459464.716794,
            "ra": 257.4697016,
            "dec": 41.2221373,
            "fid": 2,
            "nid": 1710,
            "magpsf": 19.896799087524414,
            "sigmapsf": 0.15403500199317932,
            "magnr": 19.00200080871582,
            "sigmagnr": 0.10400000214576721,
            "magzpsci": 26.25979995727539,
            "isdiffpos": "t",
            "ssdistnr": null,
            "ssnamenr": null,
            "drb": null
        },
        {
            "candid": 1712160434615015001,
            "jd": 2459466.6604398,
            "ra": 257.4697321,
            "dec": 41.222139,
            "fid": 2,
            "nid": 1712,
            "magpsf": 19.92609977722168,
            "sigmapsf": 0.1271200031042099,
            "magnr": 19.00200080871582,
            "sigmagnr": 0.10400000214576721,
            "magzpsci": 26.20009994506836,
            "isdiffpos": "t",
            "ssdistnr": null,
            "ssnamenr": null,
            "drb": null
        },
        {
            "candid": 1714160084615015004,
            "jd": 2459468.660081,
            "ra": 257.4696286,
            "dec": 41.2221136,
            "fid": 1,
            "nid": 1714,
            "magpsf": 20.835800170898438,
            "sigmapsf": 0.28824299573898315,
            "magnr": 19.26300048828125,
            "sigmagnr": 0.0949999988079071,
            "magzpsci": 26.29680061340332,
            "isdiffpos": "t",
            "ssdistnr": null,
            "ssnamenr": null,
            "drb": null
        },
        {
            "candid": 1714219864615015005,
            "jd": 2459468.7198611,
            "ra": 257.4697573,
            "dec": 41.2221232,
            "fid": 2,
            "nid": 1714,
            "magpsf": 19.915199279785156,
            "sigmapsf": 0.19925400614738464,
            "magnr": 19.00200080871582,
            "sigmagnr": 0.10400000214576721,
            "magzpsci": 26.233200073242188,
            "isdiffpos": "t",
            "ssdistnr": null,
            "ssnamenr": null,
            "drb": null
        },
        {
            "candid": 1719162334615015006,
            "jd": 2459473.662338,
            "ra": 257.4697017,
            "dec": 41.2221405,
            "fid": 2,
            "nid": 1719,
            "magpsf": 19.989009857177734,
            "sigmapsf": 0.19053199887275696,
            "magnr": 19.00200080871582,
            "sigmagnr": 0.10400000214576721,
            "magzpsci": 26.303010940551758,
            "isdiffpos": "t",
            "ssdistnr": -999.0,
            "ssnamenr": "null",
            "drb": null
        },
        {
            "jd": 2459378.8043171,
            "fid": 2,
            "diffmaglim": 20.725900650024414
        },
        {
            "jd": 2459379.8619792,
            "fid": 2,
            "diffmaglim": 20.7283992767334
        },
        {
            "jd": 2459380.7778356,
            "fid": 1,
            "diffmaglim": 20.138700485229492
        },
        {
            "jd": 2459380.8605093,
            "fid": 2,
            "diffmaglim": 20.36009979248047
        },
        {
            "jd": 2459381.8241551,
            "fid": 1,
            "diffmaglim": 20.084299087524414
        },
        {
            "jd": 2459381.8885069,
            "fid": 2,
            "diffmaglim": 20.129100799560547
        },
        {
            "jd": 2459382.8472222,
            "fid": 2,
            "diffmaglim": 20.496599197387695
        },
        {
            "jd": 2459382.8852199,
            "fid": 1,
            "diffmaglim": 20.412399291992188
        },
        {
            "jd": 2459383.7169444,
            "fid": 2,
            "diffmaglim": 19.88800048828125
        },
        {
            "jd": 2459384.8429167,
            "fid": 2,
            "diffmaglim": 20.283599853515625
        },
        {
            "jd": 2459385.8245486,
            "fid": 1,
            "diffmaglim": 20.030899047851562
        },
        {
            "jd": 2459385.8599421,
            "fid": 2,
            "diffmaglim": 20.105300903320312
        },
        {
            "jd": 2459387.8447106,
            "fid": 1,
            "diffmaglim": 19.757200241088867
        },
        {
            "jd": 2459387.9279051,
            "fid": 2,
            "diffmaglim": 19.90239906311035
        },
        {
            "jd": 2459390.763912,
            "fid": 1,
            "diffmaglim": 19.58009910583496
        },
        {
            "jd": 2459391.7367824,
            "fid": 1,
            "diffmaglim": 19.841899871826172
        },
        {
            "jd": 2459391.8120833,
            "fid": 2,
            "diffmaglim": 20.07859992980957
        },
        {
            "jd": 2459393.7474306,
            "fid": 2,
            "diffmaglim": 20.482500076293945
        },
        {
            "jd": 2459393.7824306,
            "fid": 1,
            "diffmaglim": 20.22100067138672
        },
        {
            "jd": 2459394.7238079,
            "fid": 1,
            "diffmaglim": 20.698999404907227
        },
        {
            "jd": 2459395.7803819,
            "fid": 1,
            "diffmaglim": 19.963600158691406
        },
        {
            "jd": 2459396.7785417,
            "fid": 1,
            "diffmaglim": 20.768800735473633
        },
        {
            "jd": 2459397.7859722,
            "fid": 1,
            "diffmaglim": 20.826799392700195
        },
        {
            "jd": 2459397.8418981,
            "fid": 2,
            "diffmaglim": 20.534799575805664
        },
        {
            "jd": 2459399.7835417,
            "fid": 1,
            "diffmaglim": 20.864099502563477
        },
        {
            "jd": 2459400.8016319,
            "fid": 1,
            "diffmaglim": 20.749900817871094
        },
        {
            "jd": 2459400.849456,
            "fid": 2,
            "diffmaglim": 20.577899932861328
        },
        {
            "jd": 2459401.7602199,
            "fid": 1,
            "diffmaglim": 20.62299919128418
        },
        {
            "jd": 2459402.7625579,
            "fid": 2,
            "diffmaglim": 20.462099075317383
        },
        {
            "jd": 2459402.8010185,
            "fid": 1,
            "diffmaglim": 20.738500595092773
        },
        {
            "jd": 2459404.7994213,
            "fid": 2,
            "diffmaglim": 20.57539939880371
        },
        {
            "jd": 2459404.8520949,
            "fid": 1,
            "diffmaglim": 20.529600143432617
        },
        {
            "jd": 2459405.801169,
            "fid": 1,
            "diffmaglim": 20.69930076599121
        },
        {
            "jd": 2459407.7644676,
            "fid": 1,
            "diffmaglim": 20.6210994720459
        },
        {
            "jd": 2459407.8090509,
            "fid": 2,
            "diffmaglim": 20.540000915527344
        },
        {
            "jd": 2459409.749294,
            "fid": 1,
            "diffmaglim": 20.721399307250977
        },
        {
            "jd": 2459409.7850579,
            "fid": 2,
            "diffmaglim": 20.53809928894043
        },
        {
            "jd": 2459411.7393519,
            "fid": 2,
            "diffmaglim": 20.400100708007812
        },
        {
            "jd": 2459411.8085185,
            "fid": 1,
            "diffmaglim": 20.444400787353516
        },
        {
            "jd": 2459414.7601157,
            "fid": 1,
            "diffmaglim": 20.06920051574707
        },
        {
            "jd": 2459414.7853356,
            "fid": 2,
            "diffmaglim": 20.163299560546875
        },
        {
            "jd": 2459418.7657986,
            "fid": 2,
            "diffmaglim": 18.347999572753906
        },
        {
            "jd": 2459418.8190856,
            "fid": 1,
            "diffmaglim": 18.822999954223633
        },
        {
            "jd": 2459419.7126505,
            "fid": 1,
            "diffmaglim": 18.905799865722656
        },
        {
            "jd": 2459425.7380903,
            "fid": 1,
            "diffmaglim": 20.674800872802734
        },
        {
            "jd": 2459436.7388194,
            "fid": 1,
            "diffmaglim": 20.57550048828125
        },
        {
            "jd": 2459441.6975,
            "fid": 2,
            "diffmaglim": 20.23270034790039
        },
        {
            "jd": 2459443.6813657,
            "fid": 1,
            "diffmaglim": 19.843000411987305
        },
        {
            "jd": 2459447.8115394,
            "fid": 1,
            "diffmaglim": 18.798200607299805
        },
        {
            "jd": 2459450.7235417,
            "fid": 1,
            "diffmaglim": 19.50950050354004
        },
        {
            "jd": 2459454.7636227,
            "fid": 2,
            "diffmaglim": 20.20870018005371
        },
        {
            "jd": 2459458.6614468,
            "fid": 1,
            "diffmaglim": 20.7106990814209
        },
        {
            "jd": 2459460.7778356,
            "fid": 1,
            "diffmaglim": 20.355300903320312
        },
        {
            "jd": 2459462.7161458,
            "fid": 2,
            "diffmaglim": 20.49180030822754
        },
        {
            "jd": 2459464.6555093,
            "fid": 1,
            "diffmaglim": 20.30229949951172
        },
        {
            "jd": 2459466.8093403,
            "fid": 1,
            "diffmaglim": 19.677900314331055
        },
        {
            "jd": 2459468.6788194,
            "fid": 1,
            "diffmaglim": 20.62220001220703
        },
        {
            "jd": 2459470.6611921,
            "fid": 2,
            "diffmaglim": 20.47170066833496
        },
        {
            "jd": 2459470.7027315,
            "fid": 1,
            "diffmaglim": 20.447399139404297
        }
    ],
    "forcedphot": []
}