{
    "objectId": "ZTF20adadrhw",
    "candidates": [
        {
            "candid": 1456256014015015001,
            "jd": 2459210.7560185,
            "ra": 128.4261133,
            "dec": 27.7120825,
            "fid": 1,
            "nid": 1456,
            "magpsf": 15.841899871826172,
            "sigmapsf": 0.028372999280691147,
            "magnr": 18.83099937438965,
            "sigmagnr": 0.11100000143051147,
            "magzpsci": 26.348899841308594,
            "isdiffpos": "t",
            "ssdistnr": -999.0,
            "ssnamenr": "null",
            "drb": 0.9999340176582336
        },
        {
            "candid": 1456401214015015004,
            "jd": 2459210.9012153,
            "ra": 128.4261072,
            "dec": 27.7120968,
            "fid": 2,
            "nid": 1456,
            "magpsf": 15.80679988861084,
            "sigmapsf": 0.022081000730395317,
            "magnr": 18.509000778198242,
            "sigmagnr": 0.0989999994635582,
            "magzpsci": 26.451799392700195,
            "isdiffpos": "t",
            "ssdistnr": -999.0,
            "ssnamenr": "null",
            "drb": 0.9999989867210388
        },
        {
            "candid": 1463340414015015005,
            "jd": 2459217.8404167,
            "ra": 128.4261077,
            "dec": 27.7120979,
            "fid": 2,
            "nid": 1463,
            "magpsf": 14.815600395202637,
            "sigmapsf": 0.02094700001180172,
            "magnr": 18.509000778198242,
            "sigmagnr": 0.0989999994635582,
            "magzpsci": 26.44659996032715,
            "isdiffpos": "t",
            "ssdistnr": -999.0,
            "ssnamenr": "null",
            "drb": 0.9996309876441956
        },
        {
            "candid": 1463424734015015003,
            "jd": 2459217.9247338,
            "ra": 128.4261184,
            "dec": 27.7120939,
            "fid": 1,
            "nid": 1463,
            "magpsf": 14.838199615478516,
            "sigmapsf": 0.029810000211000443,
            "magnr": 18.83099937438965,
            "sigmagnr": 0.11100000143051147,
            "magzpsci": 26.430200576782227,
            "isdiffpos": "t",
            "ssdistnr": -999.0,
            "ssnamenr": "null",
            "drb": 0.9997270107269287
        },
        {
            "candid": 1465290264015015004,
            "jd": 2459219.7902662,
            "ra": 128.4261197,
            "dec": 27.712076,
            "fid": 1,
            "nid": 1465,
            "magpsf": 14.9173002243042,
            "sigmapsf": 0.01910500042140484,
            "magnr": 18.83099937438965,
            "sigmagnr": 0.11100000143051147,
            "magzpsci": 26.37929916381836,
            "isdiffpos": "t",
            "ssdistnr": -999.0,
            "ssnamenr": "null",
            "drb": 0.9979159832000732
        },
        {
            "candid": 1465340084015015005,
            "jd": 2459219.840081,
            "ra": 128.4261099,
            "dec": 27.7120893,
            "fid": 2,
            "nid": 1465,
            "magpsf": 14.78689956665039,
            "sigmapsf": 0.01837800070643425,
            "magnr": 18.509000778198242,
            "sigmagnr": 0.0989999994635582,
            "magzpsci": 26.42690086364746,
            "isdiffpos": "t",
            "ssdistnr": -999.0,
            "ssnamenr": "null",
            "drb": 0.999908983707428
        },
        {
            "candid": 1467339944015015004,
            "jd": 2459221.8399421,
            "ra": 128.4261134,
            "dec": 27.712088,
            "fid": 1,
            "nid": 1467,
            "magpsf": 15.083800315856934,
            "sigmapsf": 0.029495999217033386,
            "magnr": 18.83099937438965,
            "sigmagnr": 0.11100000143051147,
            "magzpsci": 26.424800872802734,
            "isdiffpos": "t",
            "ssdistnr": -999.0,
            "ssnamenr": "null",
            "drb": 0.9935309886932373
        },
        {
            "candid": 1467374124015015006,
            "jd": 2459221.8741204,
            "ra": 128.4261054,
            "dec": 27.7120943,
            "fid": 2,
            "nid": 1467,
            "magpsf": 14.818400382995605,
            "sigmapsf": 0.01984100043773651,
            "magnr": 18.509000778198242,
            "sigmagnr": 0.0989999994635582,
            "magzpsci": 26.4414005279541,
            "isdiffpos": "t",
            "ssdistnr": -999.0,
            "ssnamenr": "null",
            "drb": 0.9987679719924927
        },
        {
            "candid": 1469339024015015007,
            "jd": 2459223.8390278,
            "ra": 128.4261189,
            "dec": 27.7120836,
            "fid": 1,
            "nid": 1469,
            "magpsf": 15.279999732971191,
            "sigmapsf": 0.03507599979639053,
            "magnr": 18.83099937438965,
            "sigmagnr": 0.11100000143051147,
            "magzpsci": 26.415000915527344,
            "isdiffpos": "t",
            "ssdistnr": -999.0,
            "ssnamenr": "null",
            "drb": 0.9990329742431641
        },
        {
            "candid": 1469373714015015012,
            "jd": 2459223.8737153,
            "ra": 128.4261108,
            "dec": 27.71209,
            "fid": 2,
            "nid": 1469,
            "magpsf": 14.876199722290039,
            "sigmapsf": 0.022578999400138855,
            "magnr": 18.509000778198242,
            "sigmagnr": 0.0989999994635582,
            "magzpsci": 26.446199417114258,
            "isdiffpos": "t",
            "ssdistnr": -999.0,
            "ssnamenr": "null",
            "drb": 0.9997450113296509
        },
        {
            "candid": 1471378984015015010,
            "jd": 2459225.8789815,
            "ra": 128.426107,
            "dec": 27.7120942,
            "fid": 2,
            "nid": 1471,
            "magpsf": 15.006600379943848,
            "sigmapsf": 0.02319999970495701,
            "magnr": 18.509000778198242,
            "sigmagnr": 0.0989999994635582,
            "magzpsci": 26.426599502563477,
            "isdiffpos": "t",
            "ssdistnr": -999.0,
            "ssnamenr": "null",
            "drb": 0.9995149970054626
        },
        {
            "candid": 1471457564015015007,
            "jd": 2459225.9575694,
            "ra": 128.4261109,
            "dec": 27.7120687,
            "fid": 1,
            "nid": 1471,
            "magpsf": 15.521200180053711,
            "sigmapsf": 0.026722999289631844,
            "magnr": 18.83099937438965,
            "sigmagnr": 0.11100000143051147,
            "magzpsci": 26.392200469970703,
            "isdiffpos": "t",
            "ssdistnr": -999.0,
            "ssnamenr": "null",
            "drb": 0.9920669794082642
        },
        {
            "candid": 1473299144015015009,
            "jd": 2459227.7991435,
            "ra": 128.4261032,
            "dec": 27.7120997,
            "fid": 2,
            "nid": 1473,
            "magpsf": 15.143899917602539,
            "sigmapsf": 0.02273700013756752,
            "magnr": 18.509000778198242,
            "sigmagnr": 0.0989999994635582,
            "magzpsci": 26.282899856567383,
            "isdiffpos": "t",
            "ssdistnr": -999.0,
            "ssnamenr": "null",
            "drb": 0.9979649782180786
        },
        {
            "candid": 1473422534015015009,
            "jd": 2459227.9225347,
            "ra": 128.4261154,
            "dec": 27.7120859,
            "fid": 1,
            "nid": 1473,
            "magpsf": 15.800600051879883,
            "sigmapsf": 0.024814000353217125,
            "magnr": 18.83099937438965,
            "sigmagnr": 0.11100000143051147,
            "magzpsci": 26.38159942626953,
            "isdiffpos": "t",
            "ssdistnr": -999.0,
            "ssnamenr": "-999.0",
            "drb": null
        },
        {
            "candid": 1475301964015015005,
            "jd": 2459229.8019676,
            "ra": 128.4261284,
            "dec": 27.7120434,
            "fid": 1,
            "nid": 1475,
            "magpsf": 15.988499641418457,
            "sigmapsf": 0.025759000331163406,
            "magnr": 18.83099937438965,
            "sigmagnr": 0.11100000143051147,
            "magzpsci": 26.425500869750977,
            "isdiffpos": "t",
            "ssdistnr": -999.0,
            "ssnamenr": "null",
            "drb": 0.9990400075912476
        },
        {
            "candid": 1477331704015015008,
            "jd": 2459231.8317014,
            "ra": 128.4261191,
            "dec": 27.7120878,
            "fid": 2,
            "nid": 1477,
            "magpsf": 15.495499610900879,
            "sigmapsf": 0.02097100019454956,
            "magnr": 18.509000778198242,
            "sigmagnr": 0.0989999994635582,
            "magzpsci": 26.404499053955078,
            "isdiffpos": "t",
            "ssdistnr": -999.0,
            "ssnamenr": "null",
            "drb": 0.9999920129776001
        },
        {
            "candid": 1479292024015015009,
            "jd": 2459233.7920255,
            "ra": 128.4261074,
            "dec": 27.7120928,
            "fid": 2,
            "nid": 1479,
            "magpsf": 15.693300247192383,
            "sigmapsf": 0.020836999639868736,
            "magnr": 18.509000778198242,
            "sigmagnr": 0.0989999994635582,
            "magzpsci": 26.430299758911133,
            "isdiffpos": "t",
            "ssdistnr": -999.0,
            "ssnamenr": "null",
            "drb": 1.0
        },
        {
            "candid": 1479336044015015007,
            "jd": 2459233.8360417,
            "ra": 128.4261208,
            "dec": 27.7120789,
            "fid": 1,
            "nid": 1479,
            "magpsf": 16.416500091552734,
            "sigmapsf": 0.032788001000881195,
            "magnr": 18.83099937438965,
            "sigmagnr": 0.11100000143051147,
            "magzpsci": 26.416500091552734,
            "isdiffpos": "t",
            "ssdistnr": -999.0,
            "ssnamenr": "null",
            "drb": 0.9999979734420776
        },
        {
            "candid": 1495258534015015005,
            "jd": 2459249.7585301,
            "ra": 128.4261296,
            "dec": 27.7121094,
            "fid": 1,
            "nid": 1495,
            "magpsf": 17.233299255371094,
            "sigmapsf": 0.14307500422000885,
            "magnr": 18.83099937438965,
            "sigmagnr": 0.11100000143051147,
            "magzpsci": 24.32830047607422,
            "isdiffpos": "t",
            "ssdistnr": -999.0,
            "ssnamenr": "null",
            "drb": 0.9995880126953125
        },
        {
            "candid": 1495316484015015006,
            "jd": 2459249.8164815,
            "ra": 128.4261142,
            "dec": 27.7120791,
            "fid": 2,
            "nid": 1495,
            "magpsf": 16.723600387573242,
            "sigmapsf": 0.03243099898099899,
            "magnr": 18.509000778198242,
            "sigmagnr": 0.0989999994635582,
            "magzpsci": 26.305599212646484,
            "isdiffpos": "t",
            "ssdistnr": -999.0,
            "ssnamenr": "null",
            "drb": 0.9999949932098389
        },
        {
            "candid": 1497297564015015008,
            "jd": 2459251.7975694,
            "ra": 128.4261125,
            "dec": 27.7121003,
            "fid": 2,
            "nid": 1497,
            "magpsf": 16.77519989013672,
            "sigmapsf": 0.03591800108551979,
            "magnr": 18.509000778198242,
            "sigmagnr": 0.0989999994635582,
            "magzpsci": 26.445199966430664,
            "isdiffpos": "t",
            "ssdistnr": -999.0,
            "ssnamenr": "null",
            "drb": 0.9999989867210388
        },
        {
            "candid": 1497364034015015003,
            "jd": 2459251.8640394,
            "ra": 128.4261176,
            "dec": 27.7120868,
            "fid": 1,
            "nid": 1497,
            "magpsf": 17.36090087890625,
            "sigmapsf": 0.047495998442173004,
            "magnr": 18.83099937438965,
            "sigmagnr": 0.11100000143051147,
            "magzpsci": 26.43790054321289,
            "isdiffpos": "t",
            "ssdistnr": -999.0,
            "ssnamenr": "null",
            "drb": 0.9999989867210388
        },
        {
            "candid": 1499233834015015005,
            "jd": 2459253.733831,
            "ra": 128.4261134,
            "dec": 27.7120876,
            "fid": 1,
            "nid": 1499,
            "magpsf": 17.39259910583496,
            "sigmapsf": 0.05020200088620186,
            "magnr": 18.83099937438965,
            "sigmagnr": 0.11100000143051147,
            "magzpsci": 25.84760093688965,
            "isdiffpos": "t",
            "ssdistnr": -999.0,
            "ssnamenr": "null",
            "drb": 1.0
        },
        {
            "candid": 1499295794015015004,
            "jd": 2459253.7957986,
            "ra": 128.4261113,
            "dec": 27.7120953,
            "fid": 2,
            "nid": 1499,
            "magpsf": 16.847700119018555,
            "sigmapsf": 0.027016999199986458,
            "magnr": 18.509000778198242,
            "sigmagnr": 0.0989999994635582,
            "magzpsci": 26.41860008239746,
            "isdiffpos": "t",
            "ssdistnr": -999.0,
            "ssnamenr": "null",
            "drb": 1.0
        },
        {
            "candid": 1501214174015015011,
            "jd": 2459255.7141782,
            "ra": 128.4261242,
            "dec": 27.7120796,
            "fid": 1,
            "nid": 1501,
            "magpsf": 17.40570068359375,
            "sigmapsf": 0.083917997777462,
            "magnr": 18.83099937438965,
            "sigmagnr": 0.11100000143051147,
            "magzpsci": 25.476699829101562,
            "isdiffpos": "t",
            "ssdistnr": null,
            "ssnamenr": null,
            "drb": null
        },
        {
            "candid": 1501296734015015005,
            "jd": 2459255.7967361,
            "ra": 128.4261151,
            "dec": 27.7120924,
            "fid": 2,
            "nid": 1501,
            "magpsf": 16.890899658203125,
            "sigmapsf": 0.05464499816298485,
            "magnr": 18.509000778198242,
            "sigmagnr": 0.0989999994635582,
            "magzpsci": 25.202899932861328,
            "isdiffpos": "t",
            "ssdistnr": null,
            "ssnamenr": null,
            "drb": null
        },
        {
            "candid": 1503215924015015007,
            "jd": 2459257.7159259,
            "ra": 128.426109,
            "dec": 27.7120974,
            "fid": 2,
            "nid": 1503,
            "magpsf": 16.97439956665039,
            "sigmapsf": 0.0364999994635582,
            "magnr": 18.509000778198242,
            "sigmagnr": 0.0989999994635582,
            "magzpsci": 26.430400848388672,
            "isdiffpos": "t",
            "ssdistnr": null,
            "ssnamenr": null,
            "drb": null
        },
        {
            "candid": 1503337624015015001,
            "jd": 2459257.8376273,
            "ra": 128.4261044,
            "dec": 27.7120737,
            "fid": 1,
            "nid": 1503,
            "magpsf": 17.507299423217773,
            "sigmapsf": 0.11035999655723572,
            "magnr": 18.83099937438965,
            "sigmagnr": 0.11100000143051147,
            "magzpsci": 24.863300323486328,
            "isdiffpos": "t",
            "ssdistnr": null,
            "ssnamenr": null,
            "drb": null
        },
        {
            "candid": 1508214464015015007,
            "jd": 2459262.7144676,
            "ra": 128.4261183,
            "dec": 27.712097,
            "fid": 2,
            "nid": 1508,
            "magpsf": 17.120500564575195,
            "sigmapsf": 0.04158199951052666,
            "magnr": 18.509000778198242,
            "sigmagnr": 0.0989999994635582,
            "magzpsci": 26.311500549316406,
            "isdiffpos": "t",
            "ssdistnr": null,
            "ssnamenr": null,
            "drb": null
        },
        {
            "candid": 1508298064015015006,
            "jd": 2459262.7980671,
            "ra": 128.4261013,
            "dec": 27.7120911,
            "fid": 1,
            "nid": 1508,
            "magpsf": 17.59760093688965,
            "sigmapsf": 0.04370599985122681,
            "magnr": 18.83099937438965,
            "sigmagnr": 0.11100000143051147,
            "magzpsci": 26.410600662231445,
            "isdiffpos": "t",
            "ssdistnr": null,
            "ssnamenr": null,
            "drb": null
        },
        {
            "candid": 1510212194015015007,
            "jd": 2459264.7121991,
            "ra": 128.4261024,
            "dec": 27.7120996,
            "fid": 2,
            "nid": 1510,
            "magpsf": 17.189199447631836,
            "sigmapsf": 0.03713500127196312,
            "magnr": 18.509000778198242,
            "sigmagnr": 0.0989999994635582,
            "magzpsci": 26.467199325561523,
            "isdiffpos": "t",
            "ssdistnr": null,
            "ssnamenr": null,
            "drb": null
        },
        {
            "candid": 1510252224015015001,
            "jd": 2459264.7522222,
            "ra": 128.4261208,
            "dec": 27.7120852,
            "fid": 1,
            "nid": 1510,
            "magpsf": 17.64579963684082,
            "sigmapsf": 0.05485599860548973,
            "magnr": 18.83099937438965,
            "sigmagnr": 0.11100000143051147,
            "magzpsci": 26.449800491333008,
            "isdiffpos": "t",
            "ssdistnr": null,
            "ssnamenr": null,
            "drb": null
        },
        {
            "candid": 1512253044015015004,
            "jd": 2459266.753044,
            "ra": 128.4261343,
            "dec": 27.7120525,
            "fid": 2,
            "nid": 1512,
            "magpsf": 17.277599334716797,
            "sigmapsf": 0.04719800129532814,
            "magnr": 18.509000778198242,
            "sigmagnr": 0.0989999994635582,
            "magzpsci": 26.45159912109375,
            "isdiffpos": "t",
            "ssdistnr": null,
            "ssnamenr": null,
            "drb": null
        },
        {
            "candid": 1514192014015015003,
            "jd": 2459268.6920139,
            "ra": 128.4261277,
            "dec": 27.7120944,
            "fid": 1,
            "nid": 1514,
            "magpsf": 17.6830997467041,
            "sigmapsf": 0.04948100075125694,
            "magnr": 18.83099937438965,
            "sigmagnr": 0.11100000143051147,
            "magzpsci": 26.42609977722168,
            "isdiffpos": "t",
            "ssdistnr": null,
            "ssnamenr": null,
            "drb": null
        },
        {
            "candid": 1514253094015015004,
            "jd": 2459268.7530903,
            "ra": 128.4261042,
            "dec": 27.7121017,
            "fid": 2,
            "nid": 1514,
            "magpsf": 17.302900314331055,
            "sigmapsf": 0.03282099962234497,
            "magnr": 18.509000778198242,
            "sigmagnr": 0.0989999994635582,
            "magzpsci": 26.466899871826172,
            "isdiffpos": "t",
            "ssdistnr": null,
            "ssnamenr": null,
            "drb": null
        },
        {
            "candid": 1517365274015015002,
            "jd": 2459271.8652778,
            "ra": 128.426134,
            "dec": 27.7120831,
            "fid": 1,
            "nid": 1517,
            "magpsf": 17.721500396728516,
            "sigmapsf": 0.08404199779033661,
            "magnr": 18.83099937438965,
            "sigmagnr": 0.11100000143051147,
            "magzpsci": 26.36949920654297,
            "isdiffpos": "t",
            "ssdistnr": null,
            "ssnamenr": null,
            "drb": null
        },
        {
            "candid": 1519174844015015003,
            "jd": 2459273.6748495,
            "ra": 128.4260985,
            "dec": 27.7120815,
            "fid": 1,
            "nid": 1519,
            "magpsf": 17.794599533081055,
            "sigmapsf": 0.07438799738883972,
            "magnr": 18.83099937438965,
            "sigmagnr": 0.11100000143051147,
            "magzpsci": 26.372600555419922,
            "isdiffpos": "t",
            "ssdistnr": null,
            "ssnamenr": null,
            "drb": null
        },
        {
            "candid": 1519237404015015004,
            "jd": 2459273.7374074,
            "ra": 128.4261094,
            "dec": 27.7120993,
            "fid": 2,
            "nid": 1519,
            "magpsf": 17.41819953918457,
            "sigmapsf": 0.050586998462677,
            "magnr": 18.509000778198242,
            "sigmagnr": 0.0989999994635582,
            "magzpsci": 26.417200088500977,
            "isdiffpos": "t",
            "ssdistnr": null,
            "ssnamenr": null,
            "drb": null
        },
        {
            "candid": 1521173514015015015,
            "jd": 2459275.6735185,
            "ra": 128.4261116,
            "dec": 27.712093,
            "fid": 1,
            "nid": 1521,
            "magpsf": 17.829099655151367,
            "sigmapsf": 0.05565499886870384,
            "magnr": 18.83099937438965,
            "sigmagnr": 0.11100000143051147,
            "magzpsci": 26.42009925842285,
            "isdiffpos": "t",
            "ssdistnr": null,
            "ssnamenr": null,
            "drb": null
        },
        {
            "candid": 1521232614015015009,
            "jd": 2459275.7326157,
            "ra": 128.4261091,
            "dec": 27.7120951,
            "fid": 2,
            "nid": 1521,
            "magpsf": 17.453800201416016,
            "sigmapsf": 0.04533199965953827,
            "magnr": 18.509000778198242,
            "sigmagnr": 0.0989999994635582,
            "magzpsci": 26.439800262451172,
            "isdiffpos": "t",
            "ssdistnr": null,
            "ssnamenr": null,
            "drb": null
        },
        {
            "candid": 1524184524015015009,
            "jd": 2459278.6845255,
            "ra": 128.4261048,
            "dec": 27.7120906,
            "fid": 2,
            "nid": 1524,
            "magpsf": 17.516300201416016,
            "sigmapsf": 0.05198900029063225,
            "magnr": 18.509000778198242,
            "sigmagnr": 0.0989999994635582,
            "magzpsci": 26.44930076599121,
            "isdiffpos": "t",
            "ssdistnr": null,
            "ssnamenr": null,
            "drb": null
        },
        {
            "candid": 1524235534015015006,
            "jd": 2459278.7355324,
            "ra": 128.426111,
            "dec": 27.7120541,
            "fid": 1,
            "nid": 1524,
            "magpsf": 17.844999313354492,
            "sigmapsf": 0.06140600144863129,
            "magnr": 18.83099937438965,
            "sigmagnr": 0.11100000143051147,
            "magzpsci": 26.371999740600586,
            "isdiffpos": "t",
            "ssdistnr": null,
            "ssnamenr": null,
            "drb": null
        },
        {
            "candid": 1527231534015015011,
            "jd": 2459281.7315394,
            "ra": 128.4261143,
            "dec": 27.7120799,
            "fid": 2,
            "nid": 1527,
            "magpsf": 17.623899459838867,
            "sigmapsf": 0.04990699887275696,
            "magnr": 18.509000778198242,
            "sigmagnr": 0.0989999994635582,
            "magzpsci": 26.443899154663086,
            "isdiffpos": "t",
            "ssdistnr": null,
            "ssnamenr": null,
            "drb": null
        },
        {
            "candid": 1527325604015015005,
            "jd": 2459281.8256019,
            "ra": 128.4261033,
            "dec": 27.7120527,
            "fid": 1,
            "nid": 1527,
            "magpsf": 17.964799880981445,
            "sigmapsf": 0.06884700059890747,
            "magnr": 18.83099937438965,
            "sigmagnr": 0.11100000143051147,
            "magzpsci": 26.39080047607422,
            "isdiffpos": "t",
            "ssdistnr": null,
            "ssnamenr": null,
            "drb": null
        },
        {
            "candid": 1537217394015015004,
            "jd": 2459291.7173958,
            "ra": 128.4261075,
            "dec": 27.7121053,
            "fid": 2,
            "nid": 1537,
            "magpsf": 17.779699325561523,
            "sigmapsf": 0.05856800079345703,
            "magnr": 18.509000778198242,
            "sigmagnr": 0.0989999994635582,
            "magzpsci": 25.911699295043945,
            "isdiffpos": "t",
            "ssdistnr": null,
            "ssnamenr": null,
            "drb": null
        },
        {
            "candid": 1539154134015015006,
            "jd": 2459293.6541319,
            "ra": 128.4261309,
            "dec": 27.7121021,
            "fid": 1,
            "nid": 1539,
            "magpsf": 18.061399459838867,
            "sigmapsf": 0.07521100342273712,
            "magnr": 18.83099937438965,
            "sigmagnr": 0.11100000143051147,
            "magzpsci": 26.42340087890625,
            "isdiffpos": "t",
            "ssdistnr": null,
            "ssnamenr": null,
            "drb": null
        },
        {
            "candid": 1539227634015015004,
            "jd": 2459293.7276389,
            "ra": 128.4261077,
            "dec": 27.7120867,
            "fid": 2,
            "nid": 1539,
            "magpsf": 17.821699142456055,
            "sigmapsf": 0.050655998289585114,
            "magnr": 18.509000778198242,
            "sigmagnr": 0.0989999994635582,
            "magzpsci": 26.43869972229004,
            "isdiffpos": "t",
            "ssdistnr": null,
            "ssnamenr": null,
            "drb": null
        },
        {
            "candid": 1547246634015015001,
            "jd": 2459301.7466319,
            "ra": 128.4261298,
            "dec": 27.7120919,
            "fid": 1,
            "nid": 1547,
            "magpsf": 18.174100875854492,
            "sigmapsf": 0.09247799962759018,
            "magnr": 18.83099937438965,
            "sigmagnr": 0.11100000143051147,
            "magzpsci": 26.37809944152832,
            "isdiffpos": "t",
            "ssdistnr": null,
            "ssnamenr": null,
            "drb": null
        },
        {
            "candid": 1547285124015015002,
            "jd": 2459301.7851273,
            "ra": 128.4261273,
            "dec": 27.7120958,
            "fid": 2,
            "nid": 1547,
            "magpsf": 18.054800033569336,
            "sigmapsf": 0.09358000010251999,
            "magnr": 18.509000778198242,
            "sigmagnr": 0.0989999994635582,
            "magzpsci": 26.40180015563965,
            "isdiffpos": "t",
            "ssdistnr": null,
            "ssnamenr": null,
            "drb": null
        },
        {
            "candid": 1549195354015015002,
            "jd": 2459303.6953588,
            "ra": 128.426116,
            "dec": 27.7120706,
            "fid": 1,
            "nid": 1549,
            "magpsf": 18.25119972229004,
            "sigmapsf": 0.07173299789428711,
            "magnr": 18.83099937438965,
            "sigmagnr": 0.11100000143051147,
            "magzpsci": 26.403200149536133,
            "isdiffpos": "t",
            "ssdistnr": null,
            "ssnamenr": null,
            "drb": null
        },
        {
            "candid": 1549241804015015004,
            "jd": 2459303.7418056,
            "ra": 128.4261168,
            "dec": 27.7120954,
            "fid": 2,
            "nid": 1549,
            "magpsf": 18.0580997467041,
            "sigmapsf": 0.06607600301504135,
            "magnr": 18.509000778198242,
            "sigmagnr": 0.0989999994635582,
            "magzpsci": 26.423099517822266,
            "isdiffpos": "t",
            "ssdistnr": null,
            "ssnamenr": null,
            "drb": null
        },
        {
            "candid": 1552214984015015011,
            "jd": 2459306.7149884,
            "ra": 128.4261047,
            "dec": 27.7121133,
            "fid": 2,
            "nid": 1552,
            "magpsf": 18.128999710083008,
            "sigmapsf": 0.05338900163769722,
            "magnr": 18.509000778198242,
            "sigmagnr": 0.0989999994635582,
            "magzpsci": 26.392000198364258,
            "isdiffpos": "t",
            "ssdistnr": null,
            "ssnamenr": null,
            "drb": null
        },
        {
            "candid": 1552288574015015001,
            "jd": 2459306.7885764,
            "ra": 128.4260979,
            "dec": 27.7120705,
            "fid": 1,
            "nid": 1552,
            "magpsf": 18.273799896240234,
            "sigmapsf": 0.08302599936723709,
            "magnr": 18.83099937438965,
            "sigmagnr": 0.11100000143051147,
            "magzpsci": 26.247800827026367,
            "isdiffpos": "t",
            "ssdistnr": null,
            "ssnamenr": null,
            "drb": null
        },
        {
            "candid": 1554198944015015024,
            "jd": 2459308.6989468,
            "ra": 128.4261118,
            "dec": 27.7120986,
            "fid": 2,
            "nid": 1554,
            "magpsf": 18.151599884033203,
            "sigmapsf": 0.04532700031995773,
            "magnr": 18.509000778198242,
            "sigmagnr": 0.0989999994635582,
            "magzpsci": 26.428600311279297,
            "isdiffpos": "t",
            "ssdistnr": null,
            "ssnamenr": null,
            "drb": null
        },
        {
            "candid": 1554253444015015009,
            "jd": 2459308.7534491,
            "ra": 128.4261096,
            "dec": 27.7120784,
            "fid": 1,
            "nid": 1554,
            "magpsf": 18.407499313354492,
            "sigmapsf": 0.07236000150442123,
            "magnr": 18.83099937438965,
            "sigmagnr": 0.11100000143051147,
            "magzpsci": 26.37350082397461,
            "isdiffpos": "t",
            "ssdistnr": null,
            "ssnamenr": null,
            "drb": null
        },
        {
            "candid": 1556197184015015007,
            "jd": 2459310.6971875,
            "ra": 128.4261154,
            "dec": 27.7121096,
            "fid": 2,
            "nid": 1556,
            "magpsf": 18.17970085144043,
            "sigmapsf": 0.057792000472545624,
            "magnr": 18.509000778198242,
            "sigmagnr": 0.0989999994635582,
            "magzpsci": 26.40169906616211,
            "isdiffpos": "t",
            "ssdistnr": null,
            "ssnamenr": null,
            "drb": null
        },
        {
            "candid": 1556223294015015007,
            "jd": 2459310.7232986,
            "ra": 128.4261349,
            "dec": 27.7120229,
            "fid": 1,
            "nid": 1556,
            "magpsf": 18.435400009155273,
            "sigmapsf": 0.07745199650526047,
            "magnr": 18.83099937438965,
            "sigmagnr": 0.11100000143051147,
            "magzpsci": 26.3533992767334,
            "isdiffpos": "t",
            "ssdistnr": null,
            "ssnamenr": null,
            "drb": null
        },
        {
            "candid": 1558227474015015002,
            "jd": 2459312.7274769,
            "ra": 128.4261088,
            "dec": 27.7120898,
            "fid": 1,
            "nid": 1558,
            "magpsf": 18.39310073852539,
            "sigmapsf": 0.05999499931931496,
            "magnr": 18.83099937438965,
            "sigmagnr": 0.11100000143051147,
            "magzpsci": 26.388099670410156,
            "isdiffpos": "t",
            "ssdistnr": null,
            "ssnamenr": null,
            "drb": null
        },
        {
            "candid": 1558258704015015001,
            "jd": 2459312.7587037,
            "ra": 128.4260967,
            "dec": 27.712108,
            "fid": 2,
            "nid": 1558,
            "magpsf": 18.284000396728516,
            "sigmapsf": 0.06958500295877457,
            "magnr": 18.509000778198242,
            "sigmagnr": 0.0989999994635582,
            "magzpsci": 26.41200065612793,
            "isdiffpos": "t",
            "ssdistnr": null,
            "ssnamenr": null,
            "drb": null
        },
        {
            "candid": 1560183864015015002,
            "jd": 2459314.6838657,
            "ra": 128.4261126,
            "dec": 27.7121184,
            "fid": 2,
            "nid": 1560,
            "magpsf": 18.300800323486328,
            "sigmapsf": 0.05600700154900551,
            "magnr": 18.509000778198242,
            "sigmagnr": 0.0989999994635582,
            "magzpsci": 26.427799224853516,
            "isdiffpos": "t",
            "ssdistnr": null,
            "ssnamenr": null,
            "drb": null
        },
        {
            "candid": 1560206924015015001,
            "jd": 2459314.7069213,
            "ra": 128.4260942,
            "dec": 27.7120983,
            "fid": 1,
            "nid": 1560,
            "magpsf": 18.521299362182617,
            "sigmapsf": 0.08226899802684784,
            "magnr": 18.83099937438965,
            "sigmagnr": 0.11100000143051147,
            "magzpsci": 26.3882999420166,
            "isdiffpos": "t",
            "ssdistnr": null,
            "ssnamenr": null,
            "drb": null
        },
        {
            "candid": 1562176844015015008,
            "jd": 2459316.6768403,
            "ra": 128.4261161,
            "dec": 27.7121049,
            "fid": 2,
            "nid": 1562,
            "magpsf": 18.28230094909668,
            "sigmapsf": 0.05490700155496597,
            "magnr": 18.509000778198242,
            "sigmagnr": 0.0989999994635582,
            "magzpsci": 26.37929916381836,
            "isdiffpos": "t",
            "ssdistnr": null,
            "ssnamenr": null,
            "drb": null
        },
        {
            "candid": 1565174054015015003,
            "jd": 2459319.6740509,
            "ra": 128.4261058,
            "dec": 27.7120433,
            "fid": 1,
            "nid": 1565,
            "magpsf": 18.51580047607422,
            "sigmapsf": 0.07514400035142899,
            "magnr": 18.83099937438965,
            "sigmagnr": 0.11100000143051147,
            "magzpsci": 26.392799377441406,
            "isdiffpos": "t",
            "ssdistnr": null,
            "ssnamenr": null,
            "drb": null
        },
        {
            "candid": 1565198794015015008,
            "jd": 2459319.6987963,
            "ra": 128.4261166,
            "dec": 27.7120885,
            "fid": 2,
            "nid": 1565,
            "magpsf": 18.430599212646484,
            "sigmapsf": 0.05774899944663048,
            "magnr": 18.509000778198242,
            "sigmagnr": 0.0989999994635582,
            "magzpsci": 26.415599822998047,
            "isdiffpos": "t",
            "ssdistnr": null,
            "ssnamenr": null,
            "drb": null
        },
        {
            "candid": 1567184724015015019,
            "jd": 2459321.6847222,
            "ra": 128.4261096,
            "dec": 27.7120868,
            "fid": 1,
            "nid": 1567,
            "magpsf": 18.63559913635254,
            "sigmapsf": 0.09040000289678574,
            "magnr": 18.83099937438965,
            "sigmagnr": 0.11100000143051147,
            "magzpsci": 26.32859992980957,
            "isdiffpos": "t",
            "ssdistnr": null,
            "ssnamenr": null,
            "drb": null
        },
        {
            "candid": 1567218104015015006,
            "jd": 2459321.7181019,
            "ra": 128.4261019,
            "dec": 27.7121052,
            "fid": 2,
            "nid": 1567,
            "magpsf": 18.42930030822754,
            "sigmapsf": 0.06551899760961533,
            "magnr": 18.509000778198242,
            "sigmagnr": 0.0989999994635582,
            "magzpsci": 26.355300903320312,
            "isdiffpos": "t",
            "ssdistnr": null,
            "ssnamenr": null,
            "drb": null
        },
        {
            "candid": 1574175704015015005,
            "jd": 2459328.675706,
            "ra": 128.4260863,
            "dec": 27.7121295,
            "fid": 2,
            "nid": 1574,
            "magpsf": 18.63010025024414,
            "sigmapsf": 0.10904599726200104,
            "magnr": 18.509000778198242,
            "sigmagnr": 0.0989999994635582,
            "magzpsci": 26.38409996032715,
            "isdiffpos": "t",
            "ssdistnr": null,
            "ssnamenr": null,
            "drb": null
        },
        {
            "candid": 1574197404015015000,
            "jd": 2459328.6974074,
            "ra": 128.4261518,
            "dec": 27.7120814,
            "fid": 1,
            "nid": 1574,
            "magpsf": 18.738100051879883,
            "sigmapsf": 0.15036000311374664,
            "magnr": 18.83099937438965,
            "sigmagnr": 0.11100000143051147,
            "magzpsci": 26.324100494384766,
            "isdiffpos": "t",
            "ssdistnr": null,
            "ssnamenr": null,
            "drb": null
        },
        {
            "candid": 1580289434015015002,
            "jd": 2459334.7894329,
            "ra": 128.4260764,
            "dec": 27.7120817,
            "fid": 2,
            "nid": 1580,
            "magpsf": 18.64859962463379,
            "sigmapsf": 0.10735999792814255,
            "magnr": 18.509000778198242,
            "sigmagnr": 0.0989999994635582,
            "magzpsci": 26.283599853515625,
            "isdiffpos": "t",
            "ssdistnr": null,
            "ssnamenr": null,
            "drb": null
        },
        {
            "candid": 1582203934015015023,
            "jd": 2459336.7039352,
            "ra": 128.4261451,
            "dec": 27.7120943,
            "fid": 2,
            "nid": 1582,
            "magpsf": 18.580799102783203,
            "sigmapsf": 0.07133600115776062,
            "magnr": 18.509000778198242,
            "sigmagnr": 0.0989999994635582,
            "magzpsci": 26.38479995727539,
            "isdiffpos": "t",
            "ssdistnr": null,
            "ssnamenr": null,
            "drb": null
        },
        {
            "candid": 1582203934015025023,
            "jd": 2459336.7039352,
            "ra": 128.4261451,
            "dec": 27.7120943,
            "fid": 2,
            "nid": 1582,
            "magpsf": 18.580799102783203,
            "sigmapsf": 0.07133600115776062,
            "magnr": 18.509000778198242,
            "sigmagnr": 0.0989999994635582,
            "magzpsci": 26.38479995727539,
            "isdiffpos": "t",
            "ssdistnr": null,
            "ssnamenr": null,
            "drb": null
        },
        {
            "candid": 1582203934015035023,
            "jd": 2459336.7039352,
            "ra": 128.4261451,
            "dec": 27.7120943,
            "fid": 2,
            "nid": 1582,
            "magpsf": 18.580799102783203,
            "sigmapsf": 0.07133600115776062,
            "magnr": 18.509000778198242,
            "sigmagnr": 0.0989999994635582,
            "magzpsci": 26.38479995727539,
            "isdiffpos": "t",
            "ssdistnr": null,
            "ssnamenr": null,
            "drb": null
        },
        {
            "candid": 1582223264015015004,
            "jd": 2459336.7232639,
            "ra": 128.4261005,
            "dec": 27.7120579,
            "fid": 1,
            "nid": 1582,
            "magpsf": 18.946609497070312,
            "sigmapsf": 0.12087699770927429,
            "magnr": 18.83099937438965,
            "sigmagnr": 0.11100000143051147,
            "magzpsci": 26.29660987854004,
            "isdiffpos": "t",
            "ssdistnr": -999.0,
            "ssnamenr": "null",
            "drb": null
        },
        {
            "candid": 1582223264015025004,
            "jd": 2459336.7232639,
            "ra": 128.4261005,
            "dec": 27.7120579,
            "fid": 1,
            "nid": 1582,
            "magpsf": 18.94659996032715,
            "sigmapsf": 0.12087699770927429,
            "magnr": 18.83099937438965,
            "sigmagnr": 0.11100000143051147,
            "magzpsci": 26.296600341796875,
            "isdiffpos": "t",
            "ssdistnr": null,
            "ssnamenr": null,
            "drb": null
        },
        {
            "candid": 1582223264015035004,
            "jd": 2459336.7232639,
            "ra": 128.4261005,
            "dec": 27.7120579,
            "fid": 1,
            "nid": 1582,
            "magpsf": 18.94659996032715,
            "sigmapsf": 0.12087699770927429,
            "magnr": 18.83099937438965,
            "sigmagnr": 0.11100000143051147,
            "magzpsci": 26.296600341796875,
            "isdiffpos": "t",
            "ssdistnr": null,
            "ssnamenr": null,
            "drb": null
        },
        {
            "candid": 1584183654015015006,
            "jd": 2459338.6836574,
            "ra": 128.4261137,
            "dec": 27.7120855,
            "fid": 1,
            "nid": 1584,
            "magpsf": 18.96980094909668,
            "sigmapsf": 0.08347900211811066,
            "magnr": 18.83099937438965,
            "sigmagnr": 0.11100000143051147,
            "magzpsci": 26.29680061340332,
            "isdiffpos": "t",
            "ssdistnr": null,
            "ssnamenr": null,
            "drb": null
        },
        {
            "candid": 1584223964015015001,
            "jd": 2459338.7239699,
            "ra": 128.4261151,
            "dec": 27.7121252,
            "fid": 2,
            "nid": 1584,
            "magpsf": 18.708599090576172,
            "sigmapsf": 0.07796700298786163,
            "magnr": 18.509000778198242,
            "sigmagnr": 0.0989999994635582,
            "magzpsci": 26.325599670410156,
            "isdiffpos": "t",
            "ssdistnr": null,
            "ssnamenr": null,
            "drb": null
        },
        {
            "candid": 1586174294015015002,
            "jd": 2459340.674294,
            "ra": 128.4261307,
            "dec": 27.7120802,
            "fid": 1,
            "nid": 1586,
            "magpsf": 18.975000381469727,
            "sigmapsf": 0.10235700011253357,
            "magnr": 18.83099937438965,
            "sigmagnr": 0.11100000143051147,
            "magzpsci": 26.295000076293945,
            "isdiffpos": "t",
            "ssdistnr": null,
            "ssnamenr": null,
            "drb": null
        },
        {
            "candid": 1586240044015015001,
            "jd": 2459340.7400463,
            "ra": 128.4260769,
            "dec": 27.7121172,
            "fid": 2,
            "nid": 1586,
            "magpsf": 18.840299606323242,
            "sigmapsf": 0.08084899932146072,
            "magnr": 18.509000778198242,
            "sigmagnr": 0.0989999994635582,
            "magzpsci": 26.27630043029785,
            "isdiffpos": "t",
            "ssdistnr": null,
            "ssnamenr": null,
            "drb": null
        },
        {
            "candid": 1588217954015015001,
            "jd": 2459342.7179514,
            "ra": 128.4261043,
            "dec": 27.7120568,
            "fid": 1,
            "nid": 1588,
            "magpsf": 19.11400032043457,
            "sigmapsf": 0.14524200558662415,
            "magnr": 18.83099937438965,
            "sigmagnr": 0.11100000143051147,
            "magzpsci": 26.204999923706055,
            "isdiffpos": "t",
            "ssdistnr": null,
            "ssnamenr": null,
            "drb": null
        },
        {
            "candid": 1588264564015015002,
            "jd": 2459342.7645602,
            "ra": 128.4261198,
            "dec": 27.7120746,
            "fid": 2,
            "nid": 1588,
            "magpsf": 18.7455997467041,
            "sigmapsf": 0.09801899641752243,
            "magnr": 18.509000778198242,
            "sigmagnr": 0.0989999994635582,
            "magzpsci": 26.189599990844727,
            "isdiffpos": "t",
            "ssdistnr": null,
            "ssnamenr": null,
            "drb": null
        },
        {
            "candid": 1590185714015015002,
            "jd": 2459344.6857176,
            "ra": 128.4260986,
            "dec": 27.712084,
            "fid": 1,
            "nid": 1590,
            "magpsf": 19.126100540161133,
            "sigmapsf": 0.11660800129175186,
            "magnr": 18.83099937438965,
            "sigmagnr": 0.11100000143051147,
            "magzpsci": 26.250099182128906,
            "isdiffpos": "t",
            "ssdistnr": null,
            "ssnamenr": null,
            "drb": null
        },
        {
            "candid": 1590198704015015002,
            "jd": 2459344.6987037,
            "ra": 128.4261389,
            "dec": 27.7121187,
            "fid": 2,
            "nid": 1590,
            "magpsf": 18.80470085144043,
            "sigmapsf": 0.07901100069284439,
            "magnr": 18.509000778198242,
            "sigmagnr": 0.0989999994635582,
            "magzpsci": 26.295700073242188,
            "isdiffpos": "t",
            "ssdistnr": null,
            "ssnamenr": null,
            "drb": null
        },
        {
            "candid": 1592179934015015002,
            "jd": 2459346.6799306,
            "ra": 128.4261387,
            "dec": 27.7120578,
            "fid": 1,
            "nid": 1592,
            "magpsf": 19.163700103759766,
            "sigmapsf": 0.12755799293518066,
            "magnr": 18.83099937438965,
            "sigmagnr": 0.11100000143051147,
            "magzpsci": 26.178699493408203,
            "isdiffpos": "t",
            "ssdistnr": null,
            "ssnamenr": null,
            "drb": null
        },
        {
            "candid": 1592202754015015002,
            "jd": 2459346.7027546,
            "ra": 128.4261293,
            "dec": 27.7121182,
            "fid": 2,
            "nid": 1592,
            "magpsf": 18.92799949645996,
            "sigmapsf": 0.10329800099134445,
            "magnr": 18.509000778198242,
            "sigmagnr": 0.0989999994635582,
            "magzpsci": 26.243000030517578,
            "isdiffpos": "t",
            "ssdistnr": null,
            "ssnamenr": null,
            "drb": null
        },
        {
            "candid": 1594185614015015000,
            "jd": 2459348.6856134,
            "ra": 128.4261135,
            "dec": 27.7120955,
            "fid": 2,
            "nid": 1594,
            "magpsf": 18.889299392700195,
            "sigmapsf": 0.09246399998664856,
            "magnr": 18.509000778198242,
            "sigmagnr": 0.0989999994635582,
            "magzpsci": 26.342300415039062,
            "isdiffpos": "t",
            "ssdistnr": null,
            "ssnamenr": null,
            "drb": null
        },
        {
            "candid": 1594235964015015002,
            "jd": 2459348.7359606,
            "ra": 128.4261044,
            "dec": 27.7120827,
            "fid": 1,
            "nid": 1594,
            "magpsf": 19.246679306030273,
            "sigmapsf": 0.1275479942560196,
            "magnr": 18.83099937438965,
            "sigmagnr": 0.11100000143051147,
            "magzpsci": 26.126680374145508,
            "isdiffpos": "t",
            "ssdistnr": -999.0,
            "ssnamenr": "null",
            "drb": null
        },
        {
            "jd": 2459181.97855,
            "fid": 2,
            "diffmaglim": 19.983999252319336
        },
        {
            "jd": 2459183.93419,
            "fid": 1,
            "diffmaglim": 17.381999969482422
        },
        {
            "jd": 2459183.98347,
            "fid": 2,
            "diffmaglim": 17.179000854492188
        },
        {
            "jd": 2459185.8925,
            "fid": 2,
            "diffmaglim": 19.677000045776367
        },
        {
            "jd": 2459185.94528,
            "fid": 1,
            "diffmaglim": 19.55299949645996
        },
        {
            "jd": 2459189.94704,
            "fid": 2,
            "diffmaglim": 18.815000534057617
        },
        {
            "jd": 2459192.95588,
            "fid": 2,
            "diffmaglim": 18.94700050354004
        },
        {
            "jd": 2459194.96358,
            "fid": 2,
            "diffmaglim": 20.56100082397461
        },
        {
            "jd": 2459196.95699,
            "fid": 1,
            "diffmaglim": 20.26099967956543
        },
        {
            "jd": 2459196.96456,
            "fid": 2,
            "diffmaglim": 20.152999877929688
        },
        {
            "jd": 2459199.88226,
            "fid": 2,
            "diffmaglim": 20.36199951171875
        },
        {
            "jd": 2459199.93786,
            "fid": 1,
            "diffmaglim": 20.718000411987305
        },
        {
            "jd": 2459201.9495,
            "fid": 2,
            "diffmaglim": 20.6200008392334
        },
        {
            "jd": 2459203.86284,
            "fid": 1,
            "diffmaglim": 20.41699981689453
        },
        {
            "jd": 2459203.95317,
            "fid": 2,
            "diffmaglim": 20.268999099731445
        },
        {
            "jd": 2459205.88223,
            "fid": 1,
            "diffmaglim": 20.697999954223633
        },
        {
            "jd": 2459205.95024,
            "fid": 2,
            "diffmaglim": 17.059999465942383
        },
        {
            "jd": 2459271.942963,
            "fid": 2,
            "diffmaglim": 18.171100616455078
        }
    ],
    "forcedphot": []
}