{
    "objectId": "ZTF24abhhzrp",
    "candidates": [
        {
            "candid": 2811402545215015016,
            "jd": 2460565.9025463,
            "ra": 52.5901312,
            "dec": -14.0705281,
            "fid": 1,
            "nid": 2811,
            "magpsf": 19.897499084472656,
            "sigmapsf": 0.16293899714946747,
            "magnr": 17.79599952697754,
            "sigmagnr": 0.06499999761581421,
            "magzpsci": 26.1564998626709,
            "isdiffpos": "t",
            "ssdistnr": null,
            "ssnamenr": null,
            "drb": 0.9979552626609802
        },
        {
            "candid": 2814377465215015008,
            "jd": 2460568.8774653,
            "ra": 52.5902514,
            "dec": -14.0704749,
            "fid": 2,
            "nid": 2814,
            "magpsf": 18.312400817871094,
            "sigmapsf": 0.09709200263023376,
            "magnr": 17.773000717163086,
            "sigmagnr": 0.06199999898672104,
            "magzpsci": 26.15239906311035,
            "isdiffpos": "t",
            "ssdistnr": null,
            "ssnamenr": null,
            "drb": null
        },
        {
            "candid": 2814437505215015011,
            "jd": 2460568.9375,
            "ra": 52.5902491,
            "dec": -14.0705062,
            "fid": 1,
            "nid": 2814,
            "magpsf": 18.41950035095215,
            "sigmapsf": 0.0646670013666153,
            "magnr": 17.79599952697754,
            "sigmagnr": 0.06499999761581421,
            "magzpsci": 26.250499725341797,
            "isdiffpos": "t",
            "ssdistnr": null,
            "ssnamenr": null,
            "drb": null
        },
        {
            "candid": 2818527375215015005,
            "jd": 2460573.0273727,
            "ra": 52.5902509,
            "dec": -14.0705061,
            "fid": 2,
            "nid": 2818,
            "magpsf": 17.58300018310547,
            "sigmapsf": 0.05088699981570244,
            "magnr": 17.773000717163086,
            "sigmagnr": 0.06199999898672104,
            "magzpsci": 26.17099952697754,
            "isdiffpos": "t",
            "ssdistnr": null,
            "ssnamenr": null,
            "drb": null
        },
        {
            "candid": 2821412715215015007,
            "jd": 2460575.9127199,
            "ra": 52.5902577,
            "dec": -14.0704694,
            "fid": 1,
            "nid": 2821,
            "magpsf": 17.680500030517578,
            "sigmapsf": 0.06051899865269661,
            "magnr": 17.79599952697754,
            "sigmagnr": 0.06499999761581421,
            "magzpsci": 26.1825008392334,
            "isdiffpos": "t",
            "ssdistnr": null,
            "ssnamenr": null,
            "drb": null
        },
        {
            "candid": 2821448865215015007,
            "jd": 2460575.9488657,
            "ra": 52.5902443,
            "dec": -14.0705324,
            "fid": 2,
            "nid": 2821,
            "magpsf": 17.393800735473633,
            "sigmapsf": 0.04733100160956383,
            "magnr": 17.773000717163086,
            "sigmagnr": 0.06199999898672104,
            "magzpsci": 26.155799865722656,
            "isdiffpos": "t",
            "ssdistnr": null,
            "ssnamenr": null,
            "drb": null
        },
        {
            "candid": 2822360115215015003,
            "jd": 2460576.8601157,
            "ra": 52.5902996,
            "dec": -14.0705214,
            "fid": 1,
            "nid": 2822,
            "magpsf": 17.710500717163086,
            "sigmapsf": 0.0704760029911995,
            "magnr": 17.79599952697754,
            "sigmagnr": 0.06499999761581421,
            "magzpsci": 26.054500579833984,
            "isdiffpos": "t",
            "ssdistnr": null,
            "ssnamenr": null,
            "drb": null
        },
        {
            "candid": 2823396205215015005,
            "jd": 2460577.8962037,
            "ra": 52.5902727,
            "dec": -14.0704814,
            "fid": 1,
            "nid": 2823,
            "magpsf": 17.738100051879883,
            "sigmapsf": 0.06112400069832802,
            "magnr": 17.79599952697754,
            "sigmagnr": 0.06499999761581421,
            "magzpsci": 26.19610023498535,
            "isdiffpos": "t",
            "ssdistnr": null,
            "ssnamenr": null,
            "drb": null
        },
        {
            "candid": 2825420485215015007,
            "jd": 2460579.9204861,
            "ra": 52.59025,
            "dec": -14.0705171,
            "fid": 1,
            "nid": 2825,
            "magpsf": 17.941999435424805,
            "sigmapsf": 0.07911799848079681,
            "magnr": 17.79599952697754,
            "sigmagnr": 0.06499999761581421,
            "magzpsci": 26.195999145507812,
            "isdiffpos": "t",
            "ssdistnr": null,
            "ssnamenr": null,
            "drb": null
        },
        {
            "candid": 2838417065215015010,
            "jd": 2460592.9170602,
            "ra": 52.5901598,
            "dec": -14.0704974,
            "fid": 1,
            "nid": 2838,
            "magpsf": 19.586999893188477,
            "sigmapsf": 0.13842199742794037,
            "magnr": 17.79599952697754,
            "sigmagnr": 0.06499999761581421,
            "magzpsci": 26.2450008392334,
            "isdiffpos": "t",
            "ssdistnr": null,
            "ssnamenr": null,
            "drb": null
        },
        {
            "candid": 2840439145215015010,
            "jd": 2460594.9391435,
            "ra": 52.5901697,
            "dec": -14.0705083,
            "fid": 1,
            "nid": 2840,
            "magpsf": 19.59320068359375,
            "sigmapsf": 0.1419840008020401,
            "magnr": 17.79599952697754,
            "sigmagnr": 0.06499999761581421,
            "magzpsci": 26.244199752807617,
            "isdiffpos": "t",
            "ssdistnr": null,
            "ssnamenr": null,
            "drb": null
        },
        {
            "candid": 2842323875215015021,
            "jd": 2460596.8238773,
            "ra": 52.5902095,
            "dec": -14.0704947,
            "fid": 1,
            "nid": 2842,
            "magpsf": 19.534299850463867,
            "sigmapsf": 0.18281327188014984,
            "magnr": 17.79599952697754,
            "sigmagnr": 0.06499999761581421,
            "magzpsci": 26.214298248291016,
            "isdiffpos": "t",
            "ssdistnr": -999.0,
            "ssnamenr": "null",
            "drb": null
        },
        {
            "jd": 2460540.952963,
            "fid": 1,
            "diffmaglim": 19.240400314331055
        },
        {
            "jd": 2460547.9586111,
            "fid": 2,
            "diffmaglim": 19.673200607299805
        },
        {
            "jd": 2460547.9835764,
            "fid": 1,
            "diffmaglim": 19.548099517822266
        },
        {
            "jd": 2460551.0127546,
            "fid": 1,
            "diffmaglim": 19.787500381469727
        },
        {
            "jd": 2460553.9198032,
            "fid": 2,
            "diffmaglim": 20.19230079650879
        },
        {
            "jd": 2460554.0139583,
            "fid": 1,
            "diffmaglim": 19.75119972229004
        },
        {
            "jd": 2460556.941794,
            "fid": 1,
            "diffmaglim": 19.96769905090332
        },
        {
            "jd": 2460556.9624537,
            "fid": 2,
            "diffmaglim": 20.043100357055664
        },
        {
            "jd": 2460558.9231829,
            "fid": 2,
            "diffmaglim": 19.85140037536621
        },
        {
            "jd": 2460558.9621759,
            "fid": 1,
            "diffmaglim": 19.883100509643555
        },
        {
            "jd": 2460560.9359954,
            "fid": 2,
            "diffmaglim": 20.126699447631836
        },
        {
            "jd": 2460562.9803241,
            "fid": 1,
            "diffmaglim": 20.212499618530273
        },
        {
            "jd": 2460576.9187037,
            "fid": 2,
            "diffmaglim": 19.67639923095703
        },
        {
            "jd": 2460577.9621528,
            "fid": 2,
            "diffmaglim": 19.909900665283203
        },
        {
            "jd": 2460581.9778472,
            "fid": 2,
            "diffmaglim": 20.24880027770996
        },
        {
            "jd": 2460592.939213,
            "fid": 2,
            "diffmaglim": 20.02050018310547
        }
    ],
    "forcedphot": [
        {
            "objectid": "ZTF24abhhzrp",
            "jd": 2460540.952963,
            "ranr": 52.5903836,
            "decnr": -14.0705378,
            "fid": 1,
            "forcediffimflux": -94.83760833740234,
            "forcediffimfluxunc": 75.62476348876953,
            "magzpsci": 26.172300338745117
        },
        {
            "objectid": "ZTF24abhhzrp",
            "jd": 2460545.9793519,
            "ranr": -99999.0,
            "decnr": -99999.0,
            "fid": 1,
            "forcediffimflux": -99999.0,
            "forcediffimfluxunc": -99999.0,
            "magzpsci": 26.234500885009766
        },
        {
            "objectid": "ZTF24abhhzrp",
            "jd": 2460547.9586111,
            "ranr": 52.5904209,
            "decnr": -14.0705418,
            "fid": 2,
            "forcediffimflux": 24.368919372558594,
            "forcediffimfluxunc": 48.744998931884766,
            "magzpsci": 26.131900787353516
        },
        {
            "objectid": "ZTF24abhhzrp",
            "jd": 2460547.9835764,
            "ranr": 52.5903836,
            "decnr": -14.0705378,
            "fid": 1,
            "forcediffimflux": -26.72400665283203,
            "forcediffimfluxunc": 58.805755615234375,
            "magzpsci": 26.20509910583496
        },
        {
            "objectid": "ZTF24abhhzrp",
            "jd": 2460548.9035995,
            "ranr": -99999.0,
            "decnr": -99999.0,
            "fid": 2,
            "forcediffimflux": -99999.0,
            "forcediffimfluxunc": -99999.0,
            "magzpsci": 26.056800842285156
        },
        {
            "objectid": "ZTF24abhhzrp",
            "jd": 2460548.9929977,
            "ranr": -99999.0,
            "decnr": -99999.0,
            "fid": 1,
            "forcediffimflux": -99999.0,
            "forcediffimfluxunc": -99999.0,
            "magzpsci": 26.20199966430664
        },
        {
            "objectid": "ZTF24abhhzrp",
            "jd": 2460550.9375463,
            "ranr": -99999.0,
            "decnr": -99999.0,
            "fid": 2,
            "forcediffimflux": -99999.0,
            "forcediffimfluxunc": -99999.0,
            "magzpsci": 26.144800186157227
        },
        {
            "objectid": "ZTF24abhhzrp",
            "jd": 2460551.0127546,
            "ranr": 52.5903836,
            "decnr": -14.0705378,
            "fid": 1,
            "forcediffimflux": 60.37928771972656,
            "forcediffimfluxunc": 51.97416305541992,
            "magzpsci": 26.225099563598633
        },
        {
            "objectid": "ZTF24abhhzrp",
            "jd": 2460553.9202662,
            "ranr": -99999.0,
            "decnr": -99999.0,
            "fid": 2,
            "forcediffimflux": -99999.0,
            "forcediffimfluxunc": -99999.0,
            "magzpsci": 26.150800704956055
        },
        {
            "objectid": "ZTF24abhhzrp",
            "jd": 2460554.0139583,
            "ranr": 52.5903836,
            "decnr": -14.0705378,
            "fid": 1,
            "forcediffimflux": 64.3187026977539,
            "forcediffimfluxunc": 56.912803649902344,
            "magzpsci": 26.21419906616211
        },
        {
            "objectid": "ZTF24abhhzrp",
            "jd": 2460556.9422569,
            "ranr": -99999.0,
            "decnr": -99999.0,
            "fid": 1,
            "forcediffimflux": -99999.0,
            "forcediffimfluxunc": -99999.0,
            "magzpsci": 26.226600646972656
        },
        {
            "objectid": "ZTF24abhhzrp",
            "jd": 2460556.9629282,
            "ranr": -99999.0,
            "decnr": -99999.0,
            "fid": 2,
            "forcediffimflux": -99999.0,
            "forcediffimfluxunc": -99999.0,
            "magzpsci": 26.168500900268555
        },
        {
            "objectid": "ZTF24abhhzrp",
            "jd": 2460558.9439236,
            "ranr": -99999.0,
            "decnr": -99999.0,
            "fid": 2,
            "forcediffimflux": -99999.0,
            "forcediffimfluxunc": -99999.0,
            "magzpsci": 26.162200927734375
        },
        {
            "objectid": "ZTF24abhhzrp",
            "jd": 2460558.9805903,
            "ranr": -99999.0,
            "decnr": -99999.0,
            "fid": 1,
            "forcediffimflux": -99999.0,
            "forcediffimfluxunc": -99999.0,
            "magzpsci": 26.216899871826172
        },
        {
            "objectid": "ZTF24abhhzrp",
            "jd": 2460561.9534606,
            "ranr": -99999.0,
            "decnr": -99999.0,
            "fid": 2,
            "forcediffimflux": -99999.0,
            "forcediffimfluxunc": -99999.0,
            "magzpsci": 25.82309913635254
        },
        {
            "objectid": "ZTF24abhhzrp",
            "jd": 2460562.0223495,
            "ranr": -99999.0,
            "decnr": -99999.0,
            "fid": 1,
            "forcediffimflux": -99999.0,
            "forcediffimfluxunc": -99999.0,
            "magzpsci": 25.923200607299805
        },
        {
            "objectid": "ZTF24abhhzrp",
            "jd": 2460562.9803241,
            "ranr": 52.5903836,
            "decnr": -14.0705378,
            "fid": 1,
            "forcediffimflux": -6.199060916900635,
            "forcediffimfluxunc": 27.8258113861084,
            "magzpsci": 25.984800338745117
        },
        {
            "objectid": "ZTF24abhhzrp",
            "jd": 2460564.9634954,
            "ranr": -99999.0,
            "decnr": -99999.0,
            "fid": 2,
            "forcediffimflux": -99999.0,
            "forcediffimfluxunc": -99999.0,
            "magzpsci": 26.20560073852539
        },
        {
            "objectid": "ZTF24abhhzrp",
            "jd": 2460565.9025463,
            "ranr": 52.5903836,
            "decnr": -14.0705378,
            "fid": 1,
            "forcediffimflux": 317.4034118652344,
            "forcediffimfluxunc": 27.660364151000977,
            "magzpsci": 26.1564998626709
        },
        {
            "objectid": "ZTF24abhhzrp",
            "jd": 2460566.9242361,
            "ranr": -99999.0,
            "decnr": -99999.0,
            "fid": 1,
            "forcediffimflux": -99999.0,
            "forcediffimfluxunc": -99999.0,
            "magzpsci": 25.769100189208984
        },
        {
            "objectid": "ZTF24abhhzrp",
            "jd": 2460568.8774653,
            "ranr": 52.5904209,
            "decnr": -14.0705418,
            "fid": 2,
            "forcediffimflux": 1357.5736083984375,
            "forcediffimfluxunc": 55.21854019165039,
            "magzpsci": 26.15239906311035
        },
        {
            "objectid": "ZTF24abhhzrp",
            "jd": 2460568.9375,
            "ranr": 52.5903836,
            "decnr": -14.0705378,
            "fid": 1,
            "forcediffimflux": 1416.797119140625,
            "forcediffimfluxunc": 31.656654357910156,
            "magzpsci": 26.250499725341797
        },
        {
            "objectid": "ZTF24abhhzrp",
            "jd": 2460571.8610185,
            "ranr": -99999.0,
            "decnr": -99999.0,
            "fid": 1,
            "forcediffimflux": -99999.0,
            "forcediffimfluxunc": -99999.0,
            "magzpsci": 26.219100952148438
        },
        {
            "objectid": "ZTF24abhhzrp",
            "jd": 2460571.9335185,
            "ranr": -99999.0,
            "decnr": -99999.0,
            "fid": 2,
            "forcediffimflux": -99999.0,
            "forcediffimfluxunc": -99999.0,
            "magzpsci": 26.166400909423828
        },
        {
            "objectid": "ZTF24abhhzrp",
            "jd": 2460573.0273727,
            "ranr": 52.5904209,
            "decnr": -14.0705418,
            "fid": 2,
            "forcediffimflux": 2861.091064453125,
            "forcediffimfluxunc": 87.68087005615234,
            "magzpsci": 26.17099952697754
        },
        {
            "objectid": "ZTF24abhhzrp",
            "jd": 2460574.9548958,
            "ranr": -99999.0,
            "decnr": -99999.0,
            "fid": 2,
            "forcediffimflux": -99999.0,
            "forcediffimfluxunc": -99999.0,
            "magzpsci": 26.181499481201172
        },
        {
            "objectid": "ZTF24abhhzrp",
            "jd": 2460575.9127199,
            "ranr": 52.5903836,
            "decnr": -14.0705378,
            "fid": 1,
            "forcediffimflux": 2507.634765625,
            "forcediffimfluxunc": 68.35966491699219,
            "magzpsci": 26.1825008392334
        },
        {
            "objectid": "ZTF24abhhzrp",
            "jd": 2460575.9498032,
            "ranr": -99999.0,
            "decnr": -99999.0,
            "fid": 2,
            "forcediffimflux": -99999.0,
            "forcediffimfluxunc": -99999.0,
            "magzpsci": 26.186100006103516
        },
        {
            "objectid": "ZTF24abhhzrp",
            "jd": 2460575.961713,
            "ranr": -99999.0,
            "decnr": -99999.0,
            "fid": 3,
            "forcediffimflux": -99999.0,
            "forcediffimfluxunc": -99999.0,
            "magzpsci": 25.532800674438477
        },
        {
            "objectid": "ZTF24abhhzrp",
            "jd": 2460576.8601157,
            "ranr": 52.5903836,
            "decnr": -14.0705378,
            "fid": 1,
            "forcediffimflux": 2151.967529296875,
            "forcediffimfluxunc": 63.013248443603516,
            "magzpsci": 26.054500579833984
        },
        {
            "objectid": "ZTF24abhhzrp",
            "jd": 2460576.9187037,
            "ranr": 52.5904209,
            "decnr": -14.0705418,
            "fid": 2,
            "forcediffimflux": 3332.45751953125,
            "forcediffimfluxunc": 52.490413665771484,
            "magzpsci": 26.16629981994629
        },
        {
            "objectid": "ZTF24abhhzrp",
            "jd": 2460576.9446296,
            "ranr": -99999.0,
            "decnr": -99999.0,
            "fid": 3,
            "forcediffimflux": -99999.0,
            "forcediffimfluxunc": -99999.0,
            "magzpsci": 25.52359962463379
        },
        {
            "objectid": "ZTF24abhhzrp",
            "jd": 2460577.9621528,
            "ranr": 52.5904209,
            "decnr": -14.0705418,
            "fid": 2,
            "forcediffimflux": 3430.645263671875,
            "forcediffimfluxunc": 48.07188415527344,
            "magzpsci": 26.17180061340332
        },
        {
            "objectid": "ZTF24abhhzrp",
            "jd": 2460577.9822569,
            "ranr": -99999.0,
            "decnr": -99999.0,
            "fid": 1,
            "forcediffimflux": -99999.0,
            "forcediffimfluxunc": -99999.0,
            "magzpsci": 26.240699768066406
        },
        {
            "objectid": "ZTF24abhhzrp",
            "jd": 2460578.0170833,
            "ranr": -99999.0,
            "decnr": -99999.0,
            "fid": 3,
            "forcediffimflux": -99999.0,
            "forcediffimfluxunc": -99999.0,
            "magzpsci": 25.530099868774414
        },
        {
            "objectid": "ZTF24abhhzrp",
            "jd": 2460579.9204861,
            "ranr": 52.5903836,
            "decnr": -14.0705378,
            "fid": 1,
            "forcediffimflux": 1952.898193359375,
            "forcediffimfluxunc": 46.992618560791016,
            "magzpsci": 26.195999145507812
        },
        {
            "objectid": "ZTF24abhhzrp",
            "jd": 2460580.9534491,
            "ranr": -99999.0,
            "decnr": -99999.0,
            "fid": 2,
            "forcediffimflux": -99999.0,
            "forcediffimfluxunc": -99999.0,
            "magzpsci": 26.193899154663086
        },
        {
            "objectid": "ZTF24abhhzrp",
            "jd": 2460580.9814352,
            "ranr": -99999.0,
            "decnr": -99999.0,
            "fid": 1,
            "forcediffimflux": -99999.0,
            "forcediffimfluxunc": -99999.0,
            "magzpsci": 26.240100860595703
        },
        {
            "objectid": "ZTF24abhhzrp",
            "jd": 2460581.9778472,
            "ranr": 52.5904209,
            "decnr": -14.0705418,
            "fid": 2,
            "forcediffimflux": 3157.76806640625,
            "forcediffimfluxunc": 41.7131233215332,
            "magzpsci": 26.18630027770996
        },
        {
            "objectid": "ZTF24abhhzrp",
            "jd": 2460591.9711458,
            "ranr": -99999.0,
            "decnr": -99999.0,
            "fid": 2,
            "forcediffimflux": -99999.0,
            "forcediffimfluxunc": -99999.0,
            "magzpsci": 26.17729949951172
        },
        {
            "objectid": "ZTF24abhhzrp",
            "jd": 2460592.9170602,
            "ranr": 52.5903836,
            "decnr": -14.0705378,
            "fid": 1,
            "forcediffimflux": 458.3719177246094,
            "forcediffimfluxunc": 31.85389518737793,
            "magzpsci": 26.2450008392334
        },
        {
            "objectid": "ZTF24abhhzrp",
            "jd": 2460592.939213,
            "ranr": 52.5904209,
            "decnr": -14.0705418,
            "fid": 2,
            "forcediffimflux": 1191.9122314453125,
            "forcediffimfluxunc": 38.492000579833984,
            "magzpsci": 26.184799194335938
        },
        {
            "objectid": "ZTF24abhhzrp",
            "jd": 2460593.8467245,
            "ranr": -99999.0,
            "decnr": -99999.0,
            "fid": 1,
            "forcediffimflux": -99999.0,
            "forcediffimfluxunc": -99999.0,
            "magzpsci": 26.202299118041992
        },
        {
            "objectid": "ZTF24abhhzrp",
            "jd": 2460593.9176389,
            "ranr": -99999.0,
            "decnr": -99999.0,
            "fid": 2,
            "forcediffimflux": -99999.0,
            "forcediffimfluxunc": -99999.0,
            "magzpsci": 26.18670082092285
        },
        {
            "objectid": "ZTF24abhhzrp",
            "jd": 2460594.9391435,
            "ranr": 52.5903836,
            "decnr": -14.0705378,
            "fid": 1,
            "forcediffimflux": 451.31707763671875,
            "forcediffimfluxunc": 35.56742477416992,
            "magzpsci": 26.244199752807617
        }
    ]
}