{
    "objectId": "ZTF22abzejiv",
    "candidates": [
        {
            "candid": 2178249223615015005,
            "jd": 2459932.7492245,
            "ra": 51.8772424,
            "dec": -1.1282611,
            "fid": 2,
            "nid": 2178,
            "magpsf": 19.159099578857422,
            "sigmapsf": 0.08717299997806549,
            "magnr": 19.214000701904297,
            "sigmagnr": 0.13099999725818634,
            "magzpsci": 26.3031005859375,
            "isdiffpos": "t",
            "ssdistnr": null,
            "ssnamenr": null,
            "drb": null
        },
        {
            "candid": 2180208653615015007,
            "jd": 2459934.7086574,
            "ra": 51.8772415,
            "dec": -1.1282244,
            "fid": 1,
            "nid": 2180,
            "magpsf": 19.410999298095703,
            "sigmapsf": 0.14618700742721558,
            "magnr": 19.18899917602539,
            "sigmagnr": 0.11599999666213989,
            "magzpsci": 26.291000366210938,
            "isdiffpos": "t",
            "ssdistnr": null,
            "ssnamenr": null,
            "drb": null
        },
        {
            "candid": 2180278613615015006,
            "jd": 2459934.7786111,
            "ra": 51.8772758,
            "dec": -1.1282144,
            "fid": 2,
            "nid": 2180,
            "magpsf": 18.790800094604492,
            "sigmapsf": 0.06922399997711182,
            "magnr": 18.597000122070312,
            "sigmagnr": 0.11900000274181366,
            "magzpsci": 26.288799285888672,
            "isdiffpos": "t",
            "ssdistnr": null,
            "ssnamenr": null,
            "drb": null
        },
        {
            "candid": 2182232813615015002,
            "jd": 2459936.7328125,
            "ra": 51.8772534,
            "dec": -1.1282478,
            "fid": 2,
            "nid": 2182,
            "magpsf": 18.506200790405273,
            "sigmapsf": 0.05564900115132332,
            "magnr": 19.214000701904297,
            "sigmagnr": 0.13099999725818634,
            "magzpsci": 26.29520034790039,
            "isdiffpos": "t",
            "ssdistnr": null,
            "ssnamenr": null,
            "drb": null
        },
        {
            "candid": 2188211633615015002,
            "jd": 2459942.7116319,
            "ra": 51.8772103,
            "dec": -1.1282293,
            "fid": 2,
            "nid": 2188,
            "magpsf": 18.25480079650879,
            "sigmapsf": 0.10816600173711777,
            "magnr": 18.597000122070312,
            "sigmagnr": 0.11900000274181366,
            "magzpsci": 25.47879981994629,
            "isdiffpos": "t",
            "ssdistnr": null,
            "ssnamenr": null,
            "drb": null
        },
        {
            "candid": 2203173853615015000,
            "jd": 2459957.6738542,
            "ra": 51.8772858,
            "dec": -1.1282312,
            "fid": 2,
            "nid": 2203,
            "magpsf": 19.140670776367188,
            "sigmapsf": 0.12624527513980865,
            "magnr": 19.214000701904297,
            "sigmagnr": 0.13099999725818634,
            "magzpsci": 26.007671356201172,
            "isdiffpos": "t",
            "ssdistnr": -999.0,
            "ssnamenr": "null",
            "drb": null
        },
        {
            "jd": 2459904.7837847,
            "fid": 1,
            "diffmaglim": 20.18589973449707
        },
        {
            "jd": 2459904.8158102,
            "fid": 2,
            "diffmaglim": 19.75429916381836
        },
        {
            "jd": 2459906.7749884,
            "fid": 1,
            "diffmaglim": 20.215499877929688
        },
        {
            "jd": 2459909.757338,
            "fid": 2,
            "diffmaglim": 20.45989990234375
        },
        {
            "jd": 2459911.7164583,
            "fid": 2,
            "diffmaglim": 17.974199295043945
        },
        {
            "jd": 2459922.7114352,
            "fid": 1,
            "diffmaglim": 19.305500030517578
        },
        {
            "jd": 2459922.7739815,
            "fid": 2,
            "diffmaglim": 19.71419906616211
        },
        {
            "jd": 2459928.738287,
            "fid": 2,
            "diffmaglim": 20.079500198364258
        },
        {
            "jd": 2459928.7571875,
            "fid": 1,
            "diffmaglim": 19.805099487304688
        },
        {
            "jd": 2459953.6208681,
            "fid": 1,
            "diffmaglim": 19.790199279785156
        }
    ],
    "forcedphot": []
}