{
    "objectId": "ZTF21aaqldsk",
    "candidates": [
        {
            "candid": 1540321936215015005,
            "jd": 2459294.8219329,
            "ra": 215.4084881,
            "dec": 35.6533073,
            "fid": 2,
            "nid": 1540,
            "magpsf": 20.09939956665039,
            "sigmapsf": 0.23874999582767487,
            "magnr": 18.902000427246094,
            "sigmagnr": 0.11299999803304672,
            "magzpsci": 26.06839942932129,
            "isdiffpos": "t",
            "ssdistnr": null,
            "ssnamenr": null,
            "drb": null
        },
        {
            "candid": 1543285785115015004,
            "jd": 2459297.785787,
            "ra": 215.4086016,
            "dec": 35.6532802,
            "fid": 2,
            "nid": 1543,
            "magpsf": 19.251300811767578,
            "sigmapsf": 0.19047200679779053,
            "magnr": 19.03499984741211,
            "sigmagnr": 0.11800000071525574,
            "magzpsci": 26.116300582885742,
            "isdiffpos": "t",
            "ssdistnr": null,
            "ssnamenr": null,
            "drb": null
        },
        {
            "candid": 1543330635115015007,
            "jd": 2459297.8306366,
            "ra": 215.4086514,
            "dec": 35.6533942,
            "fid": 1,
            "nid": 1543,
            "magpsf": 19.845699310302734,
            "sigmapsf": 0.297122985124588,
            "magnr": 19.481000900268555,
            "sigmagnr": 0.10100000351667404,
            "magzpsci": 26.262699127197266,
            "isdiffpos": "t",
            "ssdistnr": null,
            "ssnamenr": null,
            "drb": null
        },
        {
            "candid": 1543341606215015003,
            "jd": 2459297.8416088,
            "ra": 215.4086907,
            "dec": 35.6531441,
            "fid": 1,
            "nid": 1543,
            "magpsf": 19.582399368286133,
            "sigmapsf": 0.2068759948015213,
            "magnr": 19.437000274658203,
            "sigmagnr": 0.09000000357627869,
            "magzpsci": 26.225400924682617,
            "isdiffpos": "t",
            "ssdistnr": null,
            "ssnamenr": null,
            "drb": null
        },
        {
            "candid": 1543407416215015009,
            "jd": 2459297.907419,
            "ra": 215.4085563,
            "dec": 35.6532403,
            "fid": 2,
            "nid": 1543,
            "magpsf": 19.504899978637695,
            "sigmapsf": 0.13315999507904053,
            "magnr": 18.902000427246094,
            "sigmagnr": 0.11299999803304672,
            "magzpsci": 26.133899688720703,
            "isdiffpos": "t",
            "ssdistnr": null,
            "ssnamenr": null,
            "drb": null
        },
        {
            "candid": 1546367605115015008,
            "jd": 2459300.8676042,
            "ra": 215.4085878,
            "dec": 35.6531145,
            "fid": 1,
            "nid": 1546,
            "magpsf": 19.248300552368164,
            "sigmapsf": 0.2533920109272003,
            "magnr": 19.481000900268555,
            "sigmagnr": 0.10100000351667404,
            "magzpsci": 26.264299392700195,
            "isdiffpos": "t",
            "ssdistnr": null,
            "ssnamenr": null,
            "drb": null
        },
        {
            "candid": 1546368076215015017,
            "jd": 2459300.8680787,
            "ra": 215.4084457,
            "dec": 35.6532848,
            "fid": 1,
            "nid": 1546,
            "magpsf": 19.449399948120117,
            "sigmapsf": 0.2723270058631897,
            "magnr": 19.437000274658203,
            "sigmagnr": 0.09000000357627869,
            "magzpsci": 26.23740005493164,
            "isdiffpos": "t",
            "ssdistnr": null,
            "ssnamenr": null,
            "drb": null
        },
        {
            "candid": 1546410016215015041,
            "jd": 2459300.9100116,
            "ra": 215.4085781,
            "dec": 35.6532721,
            "fid": 2,
            "nid": 1546,
            "magpsf": 19.10740089416504,
            "sigmapsf": 0.18040500581264496,
            "magnr": 18.902000427246094,
            "sigmagnr": 0.11299999803304672,
            "magzpsci": 26.128400802612305,
            "isdiffpos": "t",
            "ssdistnr": null,
            "ssnamenr": null,
            "drb": null
        },
        {
            "candid": 1548363486215015024,
            "jd": 2459302.8634838,
            "ra": 215.4086399,
            "dec": 35.6531879,
            "fid": 1,
            "nid": 1548,
            "magpsf": 19.009000778198242,
            "sigmapsf": 0.15226900577545166,
            "magnr": 19.437000274658203,
            "sigmagnr": 0.09000000357627869,
            "magzpsci": 26.301000595092773,
            "isdiffpos": "t",
            "ssdistnr": null,
            "ssnamenr": null,
            "drb": null
        },
        {
            "candid": 1548400205115015031,
            "jd": 2459302.9002083,
            "ra": 215.4086611,
            "dec": 35.6532542,
            "fid": 2,
            "nid": 1548,
            "magpsf": 18.941600799560547,
            "sigmapsf": 0.15963099896907806,
            "magnr": 19.03499984741211,
            "sigmagnr": 0.11800000071525574,
            "magzpsci": 26.202600479125977,
            "isdiffpos": "t",
            "ssdistnr": null,
            "ssnamenr": null,
            "drb": null
        },
        {
            "candid": 1551303505115015116,
            "jd": 2459305.8035069,
            "ra": 215.4086415,
            "dec": 35.6532424,
            "fid": 2,
            "nid": 1551,
            "magpsf": 18.61549949645996,
            "sigmapsf": 0.12754599750041962,
            "magnr": 19.03499984741211,
            "sigmagnr": 0.11800000071525574,
            "magzpsci": 25.933500289916992,
            "isdiffpos": "t",
            "ssdistnr": null,
            "ssnamenr": null,
            "drb": null
        },
        {
            "candid": 1551328926215015009,
            "jd": 2459305.8289236,
            "ra": 215.4086143,
            "dec": 35.6532455,
            "fid": 1,
            "nid": 1551,
            "magpsf": 18.91469955444336,
            "sigmapsf": 0.12403299659490585,
            "magnr": 19.437000274658203,
            "sigmagnr": 0.09000000357627869,
            "magzpsci": 26.25469970703125,
            "isdiffpos": "t",
            "ssdistnr": null,
            "ssnamenr": null,
            "drb": null
        },
        {
            "candid": 1551329395115015021,
            "jd": 2459305.8293981,
            "ra": 215.4085655,
            "dec": 35.6532225,
            "fid": 1,
            "nid": 1551,
            "magpsf": 18.82979965209961,
            "sigmapsf": 0.09910699725151062,
            "magnr": 19.481000900268555,
            "sigmagnr": 0.10100000351667404,
            "magzpsci": 26.24880027770996,
            "isdiffpos": "t",
            "ssdistnr": null,
            "ssnamenr": null,
            "drb": null
        },
        {
            "candid": 1551347956215015003,
            "jd": 2459305.8479514,
            "ra": 215.4086039,
            "dec": 35.6532527,
            "fid": 2,
            "nid": 1551,
            "magpsf": 18.637399673461914,
            "sigmapsf": 0.07962600141763687,
            "magnr": 18.902000427246094,
            "sigmagnr": 0.11299999803304672,
            "magzpsci": 26.156400680541992,
            "isdiffpos": "t",
            "ssdistnr": null,
            "ssnamenr": null,
            "drb": null
        },
        {
            "candid": 1553324026215015016,
            "jd": 2459307.8240278,
            "ra": 215.4085936,
            "dec": 35.6532203,
            "fid": 1,
            "nid": 1553,
            "magpsf": 18.76889991760254,
            "sigmapsf": 0.07304900139570236,
            "magnr": 19.437000274658203,
            "sigmagnr": 0.09000000357627869,
            "magzpsci": 26.259899139404297,
            "isdiffpos": "t",
            "ssdistnr": null,
            "ssnamenr": null,
            "drb": null
        },
        {
            "candid": 1553324505115015023,
            "jd": 2459307.8245023,
            "ra": 215.4085689,
            "dec": 35.6532209,
            "fid": 1,
            "nid": 1553,
            "magpsf": 18.87299919128418,
            "sigmapsf": 0.0868849977850914,
            "magnr": 19.481000900268555,
            "sigmagnr": 0.10100000351667404,
            "magzpsci": 26.273000717163086,
            "isdiffpos": "t",
            "ssdistnr": null,
            "ssnamenr": null,
            "drb": null
        },
        {
            "candid": 1553345576215015011,
            "jd": 2459307.8455787,
            "ra": 215.4086012,
            "dec": 35.6532621,
            "fid": 2,
            "nid": 1553,
            "magpsf": 18.62470054626465,
            "sigmapsf": 0.059422001242637634,
            "magnr": 18.902000427246094,
            "sigmagnr": 0.11299999803304672,
            "magzpsci": 26.169700622558594,
            "isdiffpos": "t",
            "ssdistnr": null,
            "ssnamenr": null,
            "drb": null
        },
        {
            "candid": 1553353695115015014,
            "jd": 2459307.8536921,
            "ra": 215.408583,
            "dec": 35.6532486,
            "fid": 2,
            "nid": 1553,
            "magpsf": 18.592599868774414,
            "sigmapsf": 0.06884899735450745,
            "magnr": 19.03499984741211,
            "sigmagnr": 0.11800000071525574,
            "magzpsci": 26.17460060119629,
            "isdiffpos": "t",
            "ssdistnr": null,
            "ssnamenr": null,
            "drb": null
        },
        {
            "candid": 1555266845115015009,
            "jd": 2459309.7668403,
            "ra": 215.4085945,
            "dec": 35.6532406,
            "fid": 2,
            "nid": 1555,
            "magpsf": 18.541900634765625,
            "sigmapsf": 0.07247400283813477,
            "magnr": 19.03499984741211,
            "sigmagnr": 0.11800000071525574,
            "magzpsci": 26.144899368286133,
            "isdiffpos": "t",
            "ssdistnr": null,
            "ssnamenr": null,
            "drb": null
        },
        {
            "candid": 1555325996215015016,
            "jd": 2459309.8259954,
            "ra": 215.4086267,
            "dec": 35.6532305,
            "fid": 1,
            "nid": 1555,
            "magpsf": 18.93199920654297,
            "sigmapsf": 0.09410200268030167,
            "magnr": 19.437000274658203,
            "sigmagnr": 0.09000000357627869,
            "magzpsci": 26.2549991607666,
            "isdiffpos": "t",
            "ssdistnr": null,
            "ssnamenr": null,
            "drb": null
        },
        {
            "candid": 1555326455115015014,
            "jd": 2459309.8264583,
            "ra": 215.4085629,
            "dec": 35.6532347,
            "fid": 1,
            "nid": 1555,
            "magpsf": 18.814899444580078,
            "sigmapsf": 0.0707089975476265,
            "magnr": 19.481000900268555,
            "sigmagnr": 0.10100000351667404,
            "magzpsci": 26.27589988708496,
            "isdiffpos": "t",
            "ssdistnr": null,
            "ssnamenr": null,
            "drb": null
        },
        {
            "candid": 1555385106215015009,
            "jd": 2459309.8851042,
            "ra": 215.4086048,
            "dec": 35.653234,
            "fid": 2,
            "nid": 1555,
            "magpsf": 18.530899047851562,
            "sigmapsf": 0.07612399756908417,
            "magnr": 18.902000427246094,
            "sigmagnr": 0.11299999803304672,
            "magzpsci": 26.131900787353516,
            "isdiffpos": "t",
            "ssdistnr": null,
            "ssnamenr": null,
            "drb": null
        },
        {
            "candid": 1557280175115015017,
            "jd": 2459311.7801736,
            "ra": 215.4086041,
            "dec": 35.6531994,
            "fid": 1,
            "nid": 1557,
            "magpsf": 18.88909912109375,
            "sigmapsf": 0.09295900166034698,
            "magnr": 19.481000900268555,
            "sigmagnr": 0.10100000351667404,
            "magzpsci": 26.179100036621094,
            "isdiffpos": "t",
            "ssdistnr": null,
            "ssnamenr": null,
            "drb": null
        },
        {
            "candid": 1557326496215015014,
            "jd": 2459311.8264931,
            "ra": 215.408613,
            "dec": 35.6532277,
            "fid": 2,
            "nid": 1557,
            "magpsf": 18.530899047851562,
            "sigmapsf": 0.06868799775838852,
            "magnr": 18.902000427246094,
            "sigmagnr": 0.11299999803304672,
            "magzpsci": 26.14889907836914,
            "isdiffpos": "t",
            "ssdistnr": null,
            "ssnamenr": null,
            "drb": null
        },
        {
            "candid": 1557326965115015011,
            "jd": 2459311.8269676,
            "ra": 215.4085933,
            "dec": 35.6532333,
            "fid": 2,
            "nid": 1557,
            "magpsf": 18.534400939941406,
            "sigmapsf": 0.0727899968624115,
            "magnr": 19.03499984741211,
            "sigmagnr": 0.11800000071525574,
            "magzpsci": 26.205400466918945,
            "isdiffpos": "t",
            "ssdistnr": null,
            "ssnamenr": null,
            "drb": null
        },
        {
            "candid": 1557363876215015023,
            "jd": 2459311.8638773,
            "ra": 215.4086027,
            "dec": 35.6532362,
            "fid": 1,
            "nid": 1557,
            "magpsf": 18.89430046081543,
            "sigmapsf": 0.09185200184583664,
            "magnr": 19.437000274658203,
            "sigmagnr": 0.09000000357627869,
            "magzpsci": 26.266300201416016,
            "isdiffpos": "t",
            "ssdistnr": null,
            "ssnamenr": null,
            "drb": null
        },
        {
            "candid": 1559286576215015009,
            "jd": 2459313.7865741,
            "ra": 215.4086405,
            "dec": 35.6532649,
            "fid": 1,
            "nid": 1559,
            "magpsf": 18.983600616455078,
            "sigmapsf": 0.10874400287866592,
            "magnr": 19.437000274658203,
            "sigmagnr": 0.09000000357627869,
            "magzpsci": 25.992599487304688,
            "isdiffpos": "t",
            "ssdistnr": null,
            "ssnamenr": null,
            "drb": null
        },
        {
            "candid": 1559287035115015016,
            "jd": 2459313.787037,
            "ra": 215.4085768,
            "dec": 35.6532371,
            "fid": 1,
            "nid": 1559,
            "magpsf": 19.018999099731445,
            "sigmapsf": 0.11353400349617004,
            "magnr": 19.481000900268555,
            "sigmagnr": 0.10100000351667404,
            "magzpsci": 25.940000534057617,
            "isdiffpos": "t",
            "ssdistnr": null,
            "ssnamenr": null,
            "drb": null
        },
        {
            "candid": 1559352346215015003,
            "jd": 2459313.8523495,
            "ra": 215.4086126,
            "dec": 35.6532416,
            "fid": 2,
            "nid": 1559,
            "magpsf": 18.547399520874023,
            "sigmapsf": 0.07048299908638,
            "magnr": 18.902000427246094,
            "sigmagnr": 0.11299999803304672,
            "magzpsci": 26.111400604248047,
            "isdiffpos": "t",
            "ssdistnr": null,
            "ssnamenr": null,
            "drb": null
        },
        {
            "candid": 1559352815115015013,
            "jd": 2459313.8528125,
            "ra": 215.4085941,
            "dec": 35.6532381,
            "fid": 2,
            "nid": 1559,
            "magpsf": 18.509300231933594,
            "sigmapsf": 0.061257001012563705,
            "magnr": 19.03499984741211,
            "sigmagnr": 0.11800000071525574,
            "magzpsci": 26.14229965209961,
            "isdiffpos": "t",
            "ssdistnr": null,
            "ssnamenr": null,
            "drb": null
        },
        {
            "candid": 1561306846215015020,
            "jd": 2459315.8068403,
            "ra": 215.4086104,
            "dec": 35.6532973,
            "fid": 1,
            "nid": 1561,
            "magpsf": 19.010000228881836,
            "sigmapsf": 0.16588500142097473,
            "magnr": 19.437000274658203,
            "sigmagnr": 0.09000000357627869,
            "magzpsci": 25.009000778198242,
            "isdiffpos": "t",
            "ssdistnr": null,
            "ssnamenr": null,
            "drb": null
        },
        {
            "candid": 1561307305115015013,
            "jd": 2459315.8073032,
            "ra": 215.408635,
            "dec": 35.6532382,
            "fid": 1,
            "nid": 1561,
            "magpsf": 19.164899826049805,
            "sigmapsf": 0.23364299535751343,
            "magnr": 19.481000900268555,
            "sigmagnr": 0.10100000351667404,
            "magzpsci": 24.847900390625,
            "isdiffpos": "t",
            "ssdistnr": null,
            "ssnamenr": null,
            "drb": null
        },
        {
            "candid": 1561348125115015017,
            "jd": 2459315.848125,
            "ra": 215.4085558,
            "dec": 35.6532171,
            "fid": 2,
            "nid": 1561,
            "magpsf": 18.57900047302246,
            "sigmapsf": 0.18014299869537354,
            "magnr": 19.03499984741211,
            "sigmagnr": 0.11800000071525574,
            "magzpsci": 25.22800064086914,
            "isdiffpos": "t",
            "ssdistnr": null,
            "ssnamenr": null,
            "drb": null
        },
        {
            "candid": 1563258216215015013,
            "jd": 2459317.7582176,
            "ra": 215.4086266,
            "dec": 35.6532776,
            "fid": 1,
            "nid": 1563,
            "magpsf": 19.325899124145508,
            "sigmapsf": 0.09634800255298615,
            "magnr": 19.437000274658203,
            "sigmagnr": 0.09000000357627869,
            "magzpsci": 26.223899841308594,
            "isdiffpos": "t",
            "ssdistnr": null,
            "ssnamenr": null,
            "drb": null
        },
        {
            "candid": 1563258216215025013,
            "jd": 2459317.7582176,
            "ra": 215.4086266,
            "dec": 35.6532776,
            "fid": 1,
            "nid": 1563,
            "magpsf": 19.325899124145508,
            "sigmapsf": 0.09634800255298615,
            "magnr": 19.437000274658203,
            "sigmagnr": 0.09000000357627869,
            "magzpsci": 26.223899841308594,
            "isdiffpos": "t",
            "ssdistnr": null,
            "ssnamenr": null,
            "drb": null
        },
        {
            "candid": 1563279955115015027,
            "jd": 2459317.7799537,
            "ra": 215.4084704,
            "dec": 35.6532105,
            "fid": 1,
            "nid": 1563,
            "magpsf": 19.515399932861328,
            "sigmapsf": 0.14367899298667908,
            "magnr": 19.481000900268555,
            "sigmagnr": 0.10100000351667404,
            "magzpsci": 26.271400451660156,
            "isdiffpos": "t",
            "ssdistnr": null,
            "ssnamenr": null,
            "drb": null
        },
        {
            "candid": 1563279955115025027,
            "jd": 2459317.7799537,
            "ra": 215.4084704,
            "dec": 35.6532105,
            "fid": 1,
            "nid": 1563,
            "magpsf": 19.515399932861328,
            "sigmapsf": 0.14367899298667908,
            "magnr": 19.481000900268555,
            "sigmagnr": 0.10100000351667404,
            "magzpsci": 26.271400451660156,
            "isdiffpos": "t",
            "ssdistnr": null,
            "ssnamenr": null,
            "drb": null
        },
        {
            "candid": 1563323045115015020,
            "jd": 2459317.823044,
            "ra": 215.4085744,
            "dec": 35.6532169,
            "fid": 2,
            "nid": 1563,
            "magpsf": 18.578800201416016,
            "sigmapsf": 0.08772099763154984,
            "magnr": 19.03499984741211,
            "sigmagnr": 0.11800000071525574,
            "magzpsci": 26.168800354003906,
            "isdiffpos": "t",
            "ssdistnr": null,
            "ssnamenr": null,
            "drb": null
        },
        {
            "candid": 1563323045115025020,
            "jd": 2459317.823044,
            "ra": 215.4085744,
            "dec": 35.6532169,
            "fid": 2,
            "nid": 1563,
            "magpsf": 18.578800201416016,
            "sigmapsf": 0.08772099763154984,
            "magnr": 19.03499984741211,
            "sigmagnr": 0.11800000071525574,
            "magzpsci": 26.168800354003906,
            "isdiffpos": "t",
            "ssdistnr": null,
            "ssnamenr": null,
            "drb": null
        },
        {
            "candid": 1563406606215015018,
            "jd": 2459317.9066088,
            "ra": 215.4086126,
            "dec": 35.6532444,
            "fid": 2,
            "nid": 1563,
            "magpsf": 18.59749984741211,
            "sigmapsf": 0.0788009986281395,
            "magnr": 18.902000427246094,
            "sigmagnr": 0.11299999803304672,
            "magzpsci": 26.133499145507812,
            "isdiffpos": "t",
            "ssdistnr": null,
            "ssnamenr": null,
            "drb": null
        },
        {
            "candid": 1566369055115015022,
            "jd": 2459320.8690509,
            "ra": 215.4085443,
            "dec": 35.6531972,
            "fid": 1,
            "nid": 1566,
            "magpsf": 19.666099548339844,
            "sigmapsf": 0.09915900230407715,
            "magnr": 19.481000900268555,
            "sigmagnr": 0.10100000351667404,
            "magzpsci": 26.282100677490234,
            "isdiffpos": "t",
            "ssdistnr": null,
            "ssnamenr": null,
            "drb": null
        },
        {
            "candid": 1567383566215015021,
            "jd": 2459321.8835648,
            "ra": 215.4085945,
            "dec": 35.6532415,
            "fid": 1,
            "nid": 1567,
            "magpsf": 19.629499435424805,
            "sigmapsf": 0.14107400178909302,
            "magnr": 19.437000274658203,
            "sigmagnr": 0.09000000357627869,
            "magzpsci": 26.214500427246094,
            "isdiffpos": "t",
            "ssdistnr": null,
            "ssnamenr": null,
            "drb": null
        },
        {
            "candid": 1567404626215015010,
            "jd": 2459321.9046296,
            "ra": 215.408591,
            "dec": 35.6532491,
            "fid": 2,
            "nid": 1567,
            "magpsf": 18.622100830078125,
            "sigmapsf": 0.08487900346517563,
            "magnr": 18.902000427246094,
            "sigmagnr": 0.11299999803304672,
            "magzpsci": 26.094100952148438,
            "isdiffpos": "t",
            "ssdistnr": null,
            "ssnamenr": null,
            "drb": null
        },
        {
            "candid": 1568254915115015006,
            "jd": 2459322.754919,
            "ra": 215.4085543,
            "dec": 35.6532397,
            "fid": 2,
            "nid": 1568,
            "magpsf": 18.761499404907227,
            "sigmapsf": 0.10281600058078766,
            "magnr": 19.03499984741211,
            "sigmagnr": 0.11800000071525574,
            "magzpsci": 26.118499755859375,
            "isdiffpos": "t",
            "ssdistnr": null,
            "ssnamenr": null,
            "drb": null
        },
        {
            "candid": 1568329105115015014,
            "jd": 2459322.8291088,
            "ra": 215.4085267,
            "dec": 35.653209,
            "fid": 1,
            "nid": 1568,
            "magpsf": 19.758699417114258,
            "sigmapsf": 0.13203899562358856,
            "magnr": 19.481000900268555,
            "sigmagnr": 0.10100000351667404,
            "magzpsci": 26.262699127197266,
            "isdiffpos": "t",
            "ssdistnr": null,
            "ssnamenr": null,
            "drb": null
        },
        {
            "candid": 1569301716215015019,
            "jd": 2459323.801713,
            "ra": 215.408606,
            "dec": 35.6532028,
            "fid": 1,
            "nid": 1569,
            "magpsf": 19.862300872802734,
            "sigmapsf": 0.16615499556064606,
            "magnr": 19.437000274658203,
            "sigmagnr": 0.09000000357627869,
            "magzpsci": 26.246299743652344,
            "isdiffpos": "t",
            "ssdistnr": null,
            "ssnamenr": null,
            "drb": null
        },
        {
            "candid": 1570265985115015008,
            "jd": 2459324.7659838,
            "ra": 215.4085634,
            "dec": 35.653222,
            "fid": 2,
            "nid": 1570,
            "magpsf": 18.82714080810547,
            "sigmapsf": 0.10808099806308746,
            "magnr": 19.03499984741211,
            "sigmagnr": 0.11800000071525574,
            "magzpsci": 26.15513038635254,
            "isdiffpos": "t",
            "ssdistnr": -999.0,
            "ssnamenr": "null",
            "drb": null
        },
        {
            "candid": 1570265985115025008,
            "jd": 2459324.7659838,
            "ra": 215.4085634,
            "dec": 35.653222,
            "fid": 2,
            "nid": 1570,
            "magpsf": 18.82710075378418,
            "sigmapsf": 0.10808099806308746,
            "magnr": 19.03499984741211,
            "sigmagnr": 0.11800000071525574,
            "magzpsci": 26.155099868774414,
            "isdiffpos": "t",
            "ssdistnr": null,
            "ssnamenr": null,
            "drb": null
        },
        {
            "candid": 1570265985115035008,
            "jd": 2459324.7659838,
            "ra": 215.4085634,
            "dec": 35.653222,
            "fid": 2,
            "nid": 1570,
            "magpsf": 18.82710075378418,
            "sigmapsf": 0.10808099806308746,
            "magnr": 19.03499984741211,
            "sigmagnr": 0.11800000071525574,
            "magzpsci": 26.155099868774414,
            "isdiffpos": "t",
            "ssdistnr": null,
            "ssnamenr": null,
            "drb": null
        },
        {
            "candid": 1570265985115065008,
            "jd": 2459324.7659838,
            "ra": 215.4085634,
            "dec": 35.653222,
            "fid": 2,
            "nid": 1570,
            "magpsf": 18.82710075378418,
            "sigmapsf": 0.10808099806308746,
            "magnr": 19.03499984741211,
            "sigmagnr": 0.11800000071525574,
            "magzpsci": 26.155099868774414,
            "isdiffpos": "t",
            "ssdistnr": null,
            "ssnamenr": null,
            "drb": null
        },
        {
            "candid": 1570367615115015012,
            "jd": 2459324.8676157,
            "ra": 215.4084565,
            "dec": 35.6531704,
            "fid": 1,
            "nid": 1570,
            "magpsf": 19.973400115966797,
            "sigmapsf": 0.23750099539756775,
            "magnr": 19.481000900268555,
            "sigmagnr": 0.10100000351667404,
            "magzpsci": 26.258399963378906,
            "isdiffpos": "t",
            "ssdistnr": null,
            "ssnamenr": null,
            "drb": null
        },
        {
            "candid": 1571312856215015006,
            "jd": 2459325.8128588,
            "ra": 215.4086193,
            "dec": 35.6532475,
            "fid": 2,
            "nid": 1571,
            "magpsf": 19.023300170898438,
            "sigmapsf": 0.1008090004324913,
            "magnr": 18.902000427246094,
            "sigmagnr": 0.11299999803304672,
            "magzpsci": 26.126300811767578,
            "isdiffpos": "t",
            "ssdistnr": null,
            "ssnamenr": null,
            "drb": null
        },
        {
            "candid": 1571366206215015007,
            "jd": 2459325.8662037,
            "ra": 215.4086078,
            "dec": 35.6532426,
            "fid": 1,
            "nid": 1571,
            "magpsf": 20.12299919128418,
            "sigmapsf": 0.2408359944820404,
            "magnr": 19.437000274658203,
            "sigmagnr": 0.09000000357627869,
            "magzpsci": 26.229000091552734,
            "isdiffpos": "t",
            "ssdistnr": null,
            "ssnamenr": null,
            "drb": null
        },
        {
            "candid": 1574277145115015004,
            "jd": 2459328.7771412,
            "ra": 215.4086032,
            "dec": 35.6532022,
            "fid": 2,
            "nid": 1574,
            "magpsf": 19.04010009765625,
            "sigmapsf": 0.12107200175523758,
            "magnr": 19.03499984741211,
            "sigmagnr": 0.11800000071525574,
            "magzpsci": 26.17009925842285,
            "isdiffpos": "t",
            "ssdistnr": null,
            "ssnamenr": null,
            "drb": null
        },
        {
            "candid": 1575289156215015020,
            "jd": 2459329.7891551,
            "ra": 215.4085887,
            "dec": 35.6532443,
            "fid": 2,
            "nid": 1575,
            "magpsf": 19.1898193359375,
            "sigmapsf": 0.16695700585842133,
            "magnr": 18.902000427246094,
            "sigmagnr": 0.11299999803304672,
            "magzpsci": 26.149810791015625,
            "isdiffpos": "t",
            "ssdistnr": -999.0,
            "ssnamenr": "null",
            "drb": null
        },
        {
            "candid": 1575289156215025020,
            "jd": 2459329.7891551,
            "ra": 215.4085887,
            "dec": 35.6532443,
            "fid": 2,
            "nid": 1575,
            "magpsf": 19.189800262451172,
            "sigmapsf": 0.16695700585842133,
            "magnr": 18.902000427246094,
            "sigmagnr": 0.11299999803304672,
            "magzpsci": 26.149799346923828,
            "isdiffpos": "t",
            "ssdistnr": null,
            "ssnamenr": null,
            "drb": null
        },
        {
            "candid": 1575289156215035020,
            "jd": 2459329.7891551,
            "ra": 215.4085887,
            "dec": 35.6532443,
            "fid": 2,
            "nid": 1575,
            "magpsf": 19.189800262451172,
            "sigmapsf": 0.16695700585842133,
            "magnr": 18.902000427246094,
            "sigmagnr": 0.11299999803304672,
            "magzpsci": 26.149799346923828,
            "isdiffpos": "t",
            "ssdistnr": null,
            "ssnamenr": null,
            "drb": null
        },
        {
            "candid": 1580343345115015012,
            "jd": 2459334.8433449,
            "ra": 215.4086359,
            "dec": 35.6531985,
            "fid": 2,
            "nid": 1580,
            "magpsf": 19.25279998779297,
            "sigmapsf": 0.13503199815750122,
            "magnr": 19.03499984741211,
            "sigmagnr": 0.11800000071525574,
            "magzpsci": 26.20479965209961,
            "isdiffpos": "t",
            "ssdistnr": null,
            "ssnamenr": null,
            "drb": null
        },
        {
            "candid": 1581322146215015009,
            "jd": 2459335.8221412,
            "ra": 215.4085733,
            "dec": 35.6532845,
            "fid": 2,
            "nid": 1581,
            "magpsf": 19.30500030517578,
            "sigmapsf": 0.15823900699615479,
            "magnr": 18.902000427246094,
            "sigmagnr": 0.11299999803304672,
            "magzpsci": 25.86400032043457,
            "isdiffpos": "t",
            "ssdistnr": null,
            "ssnamenr": null,
            "drb": null
        },
        {
            "candid": 1582353735115015009,
            "jd": 2459336.8537384,
            "ra": 215.4085403,
            "dec": 35.6532212,
            "fid": 2,
            "nid": 1582,
            "magpsf": 19.59316062927246,
            "sigmapsf": 0.1254979968070984,
            "magnr": 19.03499984741211,
            "sigmagnr": 0.11800000071525574,
            "magzpsci": 26.155160903930664,
            "isdiffpos": "t",
            "ssdistnr": -999.0,
            "ssnamenr": "null",
            "drb": null
        },
        {
            "candid": 1582353735115025009,
            "jd": 2459336.8537384,
            "ra": 215.4085403,
            "dec": 35.6532212,
            "fid": 2,
            "nid": 1582,
            "magpsf": 19.59320068359375,
            "sigmapsf": 0.1254979968070984,
            "magnr": 19.03499984741211,
            "sigmagnr": 0.11800000071525574,
            "magzpsci": 26.15519905090332,
            "isdiffpos": "t",
            "ssdistnr": null,
            "ssnamenr": null,
            "drb": null
        },
        {
            "candid": 1582353735115035009,
            "jd": 2459336.8537384,
            "ra": 215.4085403,
            "dec": 35.6532212,
            "fid": 2,
            "nid": 1582,
            "magpsf": 19.59320068359375,
            "sigmapsf": 0.1254979968070984,
            "magnr": 19.03499984741211,
            "sigmagnr": 0.11800000071525574,
            "magzpsci": 26.15519905090332,
            "isdiffpos": "t",
            "ssdistnr": null,
            "ssnamenr": null,
            "drb": null
        },
        {
            "candid": 1584383816215015010,
            "jd": 2459338.8838194,
            "ra": 215.4086427,
            "dec": 35.6531294,
            "fid": 2,
            "nid": 1584,
            "magpsf": 19.76569938659668,
            "sigmapsf": 0.16844899952411652,
            "magnr": 18.902000427246094,
            "sigmagnr": 0.11299999803304672,
            "magzpsci": 26.11370086669922,
            "isdiffpos": "t",
            "ssdistnr": null,
            "ssnamenr": null,
            "drb": null
        },
        {
            "candid": 1585286305115015016,
            "jd": 2459339.7863079,
            "ra": 215.4085568,
            "dec": 35.6531855,
            "fid": 2,
            "nid": 1585,
            "magpsf": 19.73200035095215,
            "sigmapsf": 0.14509500563144684,
            "magnr": 19.03499984741211,
            "sigmagnr": 0.11800000071525574,
            "magzpsci": 26.158000946044922,
            "isdiffpos": "t",
            "ssdistnr": null,
            "ssnamenr": null,
            "drb": null
        },
        {
            "candid": 1587237045115015020,
            "jd": 2459341.7370486,
            "ra": 215.4085925,
            "dec": 35.6532179,
            "fid": 2,
            "nid": 1587,
            "magpsf": 19.87809944152832,
            "sigmapsf": 0.14515799283981323,
            "magnr": 19.03499984741211,
            "sigmagnr": 0.11800000071525574,
            "magzpsci": 26.16510009765625,
            "isdiffpos": "t",
            "ssdistnr": null,
            "ssnamenr": null,
            "drb": null
        },
        {
            "candid": 1589305915115015015,
            "jd": 2459343.8059144,
            "ra": 215.4085199,
            "dec": 35.6532054,
            "fid": 2,
            "nid": 1589,
            "magpsf": 19.806800842285156,
            "sigmapsf": 0.14865800738334656,
            "magnr": 19.03499984741211,
            "sigmagnr": 0.11800000071525574,
            "magzpsci": 26.111799240112305,
            "isdiffpos": "t",
            "ssdistnr": null,
            "ssnamenr": null,
            "drb": null
        },
        {
            "candid": 1591320635115015012,
            "jd": 2459345.8206366,
            "ra": 215.4085195,
            "dec": 35.6532062,
            "fid": 2,
            "nid": 1591,
            "magpsf": 20.046100616455078,
            "sigmapsf": 0.16611899435520172,
            "magnr": 19.03499984741211,
            "sigmagnr": 0.11800000071525574,
            "magzpsci": 26.14109992980957,
            "isdiffpos": "t",
            "ssdistnr": null,
            "ssnamenr": null,
            "drb": null
        },
        {
            "candid": 1591321116215015018,
            "jd": 2459345.8211111,
            "ra": 215.4086121,
            "dec": 35.6532744,
            "fid": 2,
            "nid": 1591,
            "magpsf": 19.764299392700195,
            "sigmapsf": 0.1528339982032776,
            "magnr": 18.902000427246094,
            "sigmagnr": 0.11299999803304672,
            "magzpsci": 26.104299545288086,
            "isdiffpos": "t",
            "ssdistnr": null,
            "ssnamenr": null,
            "drb": null
        },
        {
            "candid": 1595236636215015026,
            "jd": 2459349.7366319,
            "ra": 215.4085705,
            "dec": 35.6532687,
            "fid": 1,
            "nid": 1595,
            "magpsf": 20.90719985961914,
            "sigmapsf": 0.27480000257492065,
            "magnr": 19.437000274658203,
            "sigmagnr": 0.09000000357627869,
            "magzpsci": 26.22319984436035,
            "isdiffpos": "t",
            "ssdistnr": null,
            "ssnamenr": null,
            "drb": null
        },
        {
            "candid": 1595295705115015022,
            "jd": 2459349.795706,
            "ra": 215.4085629,
            "dec": 35.6532319,
            "fid": 2,
            "nid": 1595,
            "magpsf": 20.02630043029785,
            "sigmapsf": 0.17165599763393402,
            "magnr": 19.03499984741211,
            "sigmagnr": 0.11800000071525574,
            "magzpsci": 26.1643009185791,
            "isdiffpos": "t",
            "ssdistnr": null,
            "ssnamenr": null,
            "drb": null
        },
        {
            "candid": 1598278615115015007,
            "jd": 2459352.7786111,
            "ra": 215.4085231,
            "dec": 35.6531999,
            "fid": 2,
            "nid": 1598,
            "magpsf": 20.042299270629883,
            "sigmapsf": 0.188400998711586,
            "magnr": 19.03499984741211,
            "sigmagnr": 0.11800000071525574,
            "magzpsci": 26.115299224853516,
            "isdiffpos": "t",
            "ssdistnr": null,
            "ssnamenr": null,
            "drb": null
        },
        {
            "candid": 1599319606215015007,
            "jd": 2459353.8196065,
            "ra": 215.4086371,
            "dec": 35.6532245,
            "fid": 2,
            "nid": 1599,
            "magpsf": 20.316600799560547,
            "sigmapsf": 0.27731800079345703,
            "magnr": 18.902000427246094,
            "sigmagnr": 0.11299999803304672,
            "magzpsci": 26.112600326538086,
            "isdiffpos": "t",
            "ssdistnr": null,
            "ssnamenr": null,
            "drb": null
        },
        {
            "candid": 1602276906215015014,
            "jd": 2459356.7769097,
            "ra": 215.4085594,
            "dec": 35.6532644,
            "fid": 2,
            "nid": 1602,
            "magpsf": 19.937599182128906,
            "sigmapsf": 0.253695011138916,
            "magnr": 18.902000427246094,
            "sigmagnr": 0.11299999803304672,
            "magzpsci": 26.13159942626953,
            "isdiffpos": "t",
            "ssdistnr": null,
            "ssnamenr": null,
            "drb": null
        },
        {
            "candid": 1604307265115015038,
            "jd": 2459358.8072685,
            "ra": 215.408685,
            "dec": 35.6531296,
            "fid": 2,
            "nid": 1604,
            "magpsf": 19.712299346923828,
            "sigmapsf": 0.31141600012779236,
            "magnr": 19.03499984741211,
            "sigmagnr": 0.11800000071525574,
            "magzpsci": 26.143299102783203,
            "isdiffpos": "t",
            "ssdistnr": null,
            "ssnamenr": null,
            "drb": null
        },
        {
            "candid": 1607341865115015014,
            "jd": 2459361.8418634,
            "ra": 215.408592,
            "dec": 35.6532459,
            "fid": 2,
            "nid": 1607,
            "magpsf": 19.924800872802734,
            "sigmapsf": 0.2467840015888214,
            "magnr": 19.03499984741211,
            "sigmagnr": 0.11800000071525574,
            "magzpsci": 26.20680046081543,
            "isdiffpos": "t",
            "ssdistnr": null,
            "ssnamenr": null,
            "drb": null
        },
        {
            "candid": 1608281076215015010,
            "jd": 2459362.7810764,
            "ra": 215.4085229,
            "dec": 35.6532006,
            "fid": 2,
            "nid": 1608,
            "magpsf": 19.95549964904785,
            "sigmapsf": 0.2667529881000519,
            "magnr": 18.902000427246094,
            "sigmagnr": 0.11299999803304672,
            "magzpsci": 26.160499572753906,
            "isdiffpos": "t",
            "ssdistnr": null,
            "ssnamenr": null,
            "drb": null
        },
        {
            "candid": 1613345115115015017,
            "jd": 2459367.8451157,
            "ra": 215.4085856,
            "dec": 35.6532171,
            "fid": 2,
            "nid": 1613,
            "magpsf": 20.256099700927734,
            "sigmapsf": 0.2165299952030182,
            "magnr": 19.03499984741211,
            "sigmagnr": 0.11800000071525574,
            "magzpsci": 26.124099731445312,
            "isdiffpos": "t",
            "ssdistnr": null,
            "ssnamenr": null,
            "drb": null
        },
        {
            "candid": 1614206356215015020,
            "jd": 2459368.7063542,
            "ra": 215.4085422,
            "dec": 35.6532905,
            "fid": 1,
            "nid": 1614,
            "magpsf": 20.884899139404297,
            "sigmapsf": 0.23618599772453308,
            "magnr": 19.437000274658203,
            "sigmagnr": 0.09000000357627869,
            "magzpsci": 26.226900100708008,
            "isdiffpos": "t",
            "ssdistnr": null,
            "ssnamenr": null,
            "drb": null
        },
        {
            "candid": 1614298486215015013,
            "jd": 2459368.7984838,
            "ra": 215.4085432,
            "dec": 35.6532535,
            "fid": 2,
            "nid": 1614,
            "magpsf": 20.28339958190918,
            "sigmapsf": 0.19408999383449554,
            "magnr": 18.902000427246094,
            "sigmagnr": 0.11299999803304672,
            "magzpsci": 26.128400802612305,
            "isdiffpos": "t",
            "ssdistnr": null,
            "ssnamenr": null,
            "drb": null
        },
        {
            "candid": 1615193555115015016,
            "jd": 2459369.6935532,
            "ra": 215.4085743,
            "dec": 35.6532201,
            "fid": 2,
            "nid": 1615,
            "magpsf": 20.318199157714844,
            "sigmapsf": 0.155472993850708,
            "magnr": 19.03499984741211,
            "sigmagnr": 0.11800000071525574,
            "magzpsci": 26.158199310302734,
            "isdiffpos": "t",
            "ssdistnr": null,
            "ssnamenr": null,
            "drb": null
        },
        {
            "candid": 1616266086215015009,
            "jd": 2459370.766088,
            "ra": 215.4086374,
            "dec": 35.653219,
            "fid": 2,
            "nid": 1616,
            "magpsf": 20.239200592041016,
            "sigmapsf": 0.20819999277591705,
            "magnr": 18.902000427246094,
            "sigmagnr": 0.11299999803304672,
            "magzpsci": 26.136199951171875,
            "isdiffpos": "t",
            "ssdistnr": null,
            "ssnamenr": null,
            "drb": null
        },
        {
            "candid": 1618306066215015011,
            "jd": 2459372.8060648,
            "ra": 215.4086898,
            "dec": 35.6532691,
            "fid": 2,
            "nid": 1618,
            "magpsf": 20.235300064086914,
            "sigmapsf": 0.27702200412750244,
            "magnr": 18.902000427246094,
            "sigmagnr": 0.11299999803304672,
            "magzpsci": 25.96929931640625,
            "isdiffpos": "t",
            "ssdistnr": null,
            "ssnamenr": null,
            "drb": null
        },
        {
            "candid": 1619237915115015014,
            "jd": 2459373.7379167,
            "ra": 215.408498,
            "dec": 35.6531579,
            "fid": 2,
            "nid": 1619,
            "magpsf": 20.285999298095703,
            "sigmapsf": 0.17670300602912903,
            "magnr": 19.03499984741211,
            "sigmagnr": 0.11800000071525574,
            "magzpsci": 26.170000076293945,
            "isdiffpos": "t",
            "ssdistnr": null,
            "ssnamenr": null,
            "drb": null
        },
        {
            "candid": 1621245376215015006,
            "jd": 2459375.7453704,
            "ra": 215.408641,
            "dec": 35.6533327,
            "fid": 2,
            "nid": 1621,
            "magpsf": 20.237199783325195,
            "sigmapsf": 0.23627600073814392,
            "magnr": 18.902000427246094,
            "sigmagnr": 0.11299999803304672,
            "magzpsci": 26.147199630737305,
            "isdiffpos": "t",
            "ssdistnr": null,
            "ssnamenr": null,
            "drb": null
        },
        {
            "candid": 1623237515115015008,
            "jd": 2459377.7375116,
            "ra": 215.408608,
            "dec": 35.6532533,
            "fid": 2,
            "nid": 1623,
            "magpsf": 20.32929039001465,
            "sigmapsf": 0.20464199781417847,
            "magnr": 19.03499984741211,
            "sigmagnr": 0.11800000071525574,
            "magzpsci": 26.183290481567383,
            "isdiffpos": "t",
            "ssdistnr": -999.0,
            "ssnamenr": "null",
            "drb": null
        },
        {
            "jd": 2459267.8838426,
            "fid": 1,
            "diffmaglim": 19.965999603271484
        },
        {
            "jd": 2459267.9258565,
            "fid": 2,
            "diffmaglim": 20.451499938964844
        },
        {
            "jd": 2459268.9786458,
            "fid": 2,
            "diffmaglim": 20.489700317382812
        },
        {
            "jd": 2459268.9865625,
            "fid": 1,
            "diffmaglim": 20.68320083618164
        },
        {
            "jd": 2459269.8909491,
            "fid": 2,
            "diffmaglim": 20.066299438476562
        },
        {
            "jd": 2459269.9553009,
            "fid": 1,
            "diffmaglim": 20.125600814819336
        },
        {
            "jd": 2459270.868669,
            "fid": 2,
            "diffmaglim": 19.37339973449707
        },
        {
            "jd": 2459270.9239931,
            "fid": 1,
            "diffmaglim": 19.462099075317383
        },
        {
            "jd": 2459271.9275926,
            "fid": 1,
            "diffmaglim": 19.350200653076172
        },
        {
            "jd": 2459271.9548264,
            "fid": 2,
            "diffmaglim": 19.624900817871094
        },
        {
            "jd": 2459272.9275694,
            "fid": 1,
            "diffmaglim": 19.0664005279541
        },
        {
            "jd": 2459272.9531481,
            "fid": 2,
            "diffmaglim": 19.299299240112305
        },
        {
            "jd": 2459273.9016319,
            "fid": 1,
            "diffmaglim": 18.874799728393555
        },
        {
            "jd": 2459274.9019907,
            "fid": 2,
            "diffmaglim": 19.17169952392578
        },
        {
            "jd": 2459275.9276273,
            "fid": 2,
            "diffmaglim": 19.79400062561035
        },
        {
            "jd": 2459276.9160301,
            "fid": 2,
            "diffmaglim": 19.948400497436523
        },
        {
            "jd": 2459278.8434838,
            "fid": 1,
            "diffmaglim": 20.079200744628906
        },
        {
            "jd": 2459278.9535764,
            "fid": 2,
            "diffmaglim": 20.238500595092773
        },
        {
            "jd": 2459280.8945139,
            "fid": 1,
            "diffmaglim": 20.516700744628906
        },
        {
            "jd": 2459280.9271412,
            "fid": 2,
            "diffmaglim": 19.99220085144043
        },
        {
            "jd": 2459281.7689236,
            "fid": 2,
            "diffmaglim": 19.297199249267578
        },
        {
            "jd": 2459291.8039236,
            "fid": 1,
            "diffmaglim": 20.527599334716797
        },
        {
            "jd": 2459291.8714583,
            "fid": 2,
            "diffmaglim": 20.61949920654297
        },
        {
            "jd": 2459291.8906366,
            "fid": 2,
            "diffmaglim": 20.385000228881836
        },
        {
            "jd": 2459291.9977662,
            "fid": 1,
            "diffmaglim": 20.411699295043945
        },
        {
            "jd": 2459294.7673611,
            "fid": 1,
            "diffmaglim": 19.692899703979492
        },
        {
            "jd": 2459302.8403935,
            "fid": 1,
            "diffmaglim": 19.2362003326416
        },
        {
            "jd": 2459302.9097685,
            "fid": 2,
            "diffmaglim": 19.403200149536133
        },
        {
            "jd": 2459315.8697106,
            "fid": 2,
            "diffmaglim": 18.96969985961914
        },
        {
            "jd": 2459328.8314005,
            "fid": 1,
            "diffmaglim": 19.613399505615234
        },
        {
            "jd": 2459329.8507755,
            "fid": 1,
            "diffmaglim": 19.371299743652344
        },
        {
            "jd": 2459334.7214931,
            "fid": 1,
            "diffmaglim": 20.536699295043945
        },
        {
            "jd": 2459335.7870949,
            "fid": 1,
            "diffmaglim": 20.51180076599121
        },
        {
            "jd": 2459336.7706019,
            "fid": 1,
            "diffmaglim": 20.90250015258789
        },
        {
            "jd": 2459338.9145023,
            "fid": 1,
            "diffmaglim": 20.52039909362793
        },
        {
            "jd": 2459339.7358218,
            "fid": 1,
            "diffmaglim": 20.890499114990234
        },
        {
            "jd": 2459340.8603472,
            "fid": 1,
            "diffmaglim": 20.58099937438965
        },
        {
            "jd": 2459341.8322222,
            "fid": 1,
            "diffmaglim": 21.0851993560791
        },
        {
            "jd": 2459342.8596644,
            "fid": 1,
            "diffmaglim": 20.84000015258789
        },
        {
            "jd": 2459342.9332639,
            "fid": 2,
            "diffmaglim": 20.689599990844727
        },
        {
            "jd": 2459343.7650116,
            "fid": 1,
            "diffmaglim": 20.821399688720703
        },
        {
            "jd": 2459345.874838,
            "fid": 1,
            "diffmaglim": 20.841100692749023
        },
        {
            "jd": 2459345.8753125,
            "fid": 1,
            "diffmaglim": 20.71929931640625
        },
        {
            "jd": 2459349.7371065,
            "fid": 1,
            "diffmaglim": 20.944400787353516
        },
        {
            "jd": 2459352.7190509,
            "fid": 1,
            "diffmaglim": 20.06920051574707
        },
        {
            "jd": 2459353.8494676,
            "fid": 1,
            "diffmaglim": 20.471200942993164
        },
        {
            "jd": 2459354.7563889,
            "fid": 2,
            "diffmaglim": 19.750699996948242
        },
        {
            "jd": 2459354.8467593,
            "fid": 1,
            "diffmaglim": 19.70680046081543
        },
        {
            "jd": 2459356.801169,
            "fid": 1,
            "diffmaglim": 19.748600006103516
        },
        {
            "jd": 2459358.9130671,
            "fid": 1,
            "diffmaglim": 19.228900909423828
        },
        {
            "jd": 2459359.7387847,
            "fid": 2,
            "diffmaglim": 19.55030059814453
        },
        {
            "jd": 2459359.7884954,
            "fid": 1,
            "diffmaglim": 19.388700485229492
        },
        {
            "jd": 2459361.7628704,
            "fid": 1,
            "diffmaglim": 19.82229995727539
        },
        {
            "jd": 2459362.7047569,
            "fid": 1,
            "diffmaglim": 20.45319938659668
        },
        {
            "jd": 2459363.736794,
            "fid": 1,
            "diffmaglim": 20.92889976501465
        },
        {
            "jd": 2459363.8391782,
            "fid": 2,
            "diffmaglim": 20.079999923706055
        },
        {
            "jd": 2459364.7900926,
            "fid": 1,
            "diffmaglim": 20.631399154663086
        },
        {
            "jd": 2459364.8222801,
            "fid": 2,
            "diffmaglim": 20.349599838256836
        },
        {
            "jd": 2459365.798912,
            "fid": 1,
            "diffmaglim": 20.816499710083008
        },
        {
            "jd": 2459366.7789352,
            "fid": 1,
            "diffmaglim": 20.76799964904785
        },
        {
            "jd": 2459366.8451389,
            "fid": 2,
            "diffmaglim": 20.503999710083008
        },
        {
            "jd": 2459367.7786806,
            "fid": 1,
            "diffmaglim": 20.695499420166016
        },
        {
            "jd": 2459369.7463194,
            "fid": 1,
            "diffmaglim": 20.91939926147461
        },
        {
            "jd": 2459370.7449769,
            "fid": 1,
            "diffmaglim": 20.669300079345703
        },
        {
            "jd": 2459371.7066088,
            "fid": 1,
            "diffmaglim": 20.932899475097656
        },
        {
            "jd": 2459373.7627662,
            "fid": 1,
            "diffmaglim": 21.01219940185547
        },
        {
            "jd": 2459375.7449074,
            "fid": 2,
            "diffmaglim": 20.469600677490234
        },
        {
            "jd": 2459375.7616088,
            "fid": 1,
            "diffmaglim": 20.725400924682617
        },
        {
            "jd": 2459375.7787616,
            "fid": 1,
            "diffmaglim": 20.464099884033203
        }
    ],
    "forcedphot": []
}