{
    "objectId": "ZTF21aacufip",
    "candidates": [
        {
            "candid": 1469512474915015002,
            "jd": 2459224.0124769,
            "ra": 230.3619234,
            "dec": 36.7677726,
            "fid": 2,
            "nid": 1469,
            "magpsf": 18.95800018310547,
            "sigmapsf": 0.1270110011100769,
            "magnr": 19.45199966430664,
            "sigmagnr": 0.07199999690055847,
            "magzpsci": 26.18199920654297,
            "isdiffpos": "t",
            "ssdistnr": -999.0,
            "ssnamenr": "null",
            "drb": 0.9999409914016724
        },
        {
            "candid": 1469528494915015010,
            "jd": 2459224.0284954,
            "ra": 230.3619365,
            "dec": 36.7677905,
            "fid": 1,
            "nid": 1469,
            "magpsf": 18.738100051879883,
            "sigmapsf": 0.122018001973629,
            "magnr": 20.05500030517578,
            "sigmagnr": 0.09099999815225601,
            "magzpsci": 26.262100219726562,
            "isdiffpos": "t",
            "ssdistnr": -999.0,
            "ssnamenr": "null",
            "drb": 0.9999920129776001
        },
        {
            "candid": 1469528950315015003,
            "jd": 2459224.0289583,
            "ra": 230.3618233,
            "dec": 36.76783,
            "fid": 1,
            "nid": 1469,
            "magpsf": 18.735200881958008,
            "sigmapsf": 0.086046002805233,
            "magnr": 20.041000366210938,
            "sigmagnr": 0.08500000089406967,
            "magzpsci": 26.138200759887695,
            "isdiffpos": "t",
            "ssdistnr": -999.0,
            "ssnamenr": "null",
            "drb": 0.9999979734420776
        },
        {
            "candid": 1471470254915015002,
            "jd": 2459225.9702546,
            "ra": 230.361943,
            "dec": 36.7676473,
            "fid": 1,
            "nid": 1471,
            "magpsf": 18.79680061340332,
            "sigmapsf": 0.1618490070104599,
            "magnr": 20.05500030517578,
            "sigmagnr": 0.09099999815225601,
            "magzpsci": 26.139799118041992,
            "isdiffpos": "t",
            "ssdistnr": -999.0,
            "ssnamenr": "-999.0",
            "drb": null
        },
        {
            "candid": 1471492930315015008,
            "jd": 2459225.9929398,
            "ra": 230.3618664,
            "dec": 36.767872,
            "fid": 1,
            "nid": 1471,
            "magpsf": 18.680099487304688,
            "sigmapsf": 0.20940999686717987,
            "magnr": 20.041000366210938,
            "sigmagnr": 0.08500000089406967,
            "magzpsci": 25.530099868774414,
            "isdiffpos": "t",
            "ssdistnr": -999.0,
            "ssnamenr": "-999.0",
            "drb": null
        },
        {
            "candid": 1473486560315015008,
            "jd": 2459227.9865625,
            "ra": 230.3618426,
            "dec": 36.7678187,
            "fid": 1,
            "nid": 1473,
            "magpsf": 18.183000564575195,
            "sigmapsf": 0.06530900299549103,
            "magnr": 20.041000366210938,
            "sigmagnr": 0.08500000089406967,
            "magzpsci": 26.049999237060547,
            "isdiffpos": "t",
            "ssdistnr": -999.0,
            "ssnamenr": "-999.0",
            "drb": null
        },
        {
            "candid": 1474486424915015001,
            "jd": 2459228.9864236,
            "ra": 230.3618951,
            "dec": 36.7677753,
            "fid": 2,
            "nid": 1474,
            "magpsf": 18.149599075317383,
            "sigmapsf": 0.08052799850702286,
            "magnr": 19.45199966430664,
            "sigmagnr": 0.07199999690055847,
            "magzpsci": 26.17060089111328,
            "isdiffpos": "t",
            "ssdistnr": -999.0,
            "ssnamenr": "null",
            "drb": 0.9999960064888
        },
        {
            "candid": 1474506234915015013,
            "jd": 2459229.0062384,
            "ra": 230.3619049,
            "dec": 36.7677857,
            "fid": 1,
            "nid": 1474,
            "magpsf": 18.101600646972656,
            "sigmapsf": 0.07587800174951553,
            "magnr": 20.05500030517578,
            "sigmagnr": 0.09099999815225601,
            "magzpsci": 26.25659942626953,
            "isdiffpos": "t",
            "ssdistnr": -999.0,
            "ssnamenr": "null",
            "drb": 1.0
        },
        {
            "candid": 1475556160315015002,
            "jd": 2459230.056169,
            "ra": 230.3617876,
            "dec": 36.7677697,
            "fid": 1,
            "nid": 1475,
            "magpsf": 18.032800674438477,
            "sigmapsf": 0.09742999821901321,
            "magnr": 21.15399932861328,
            "sigmagnr": 0.08399999886751175,
            "magzpsci": 26.15679931640625,
            "isdiffpos": "t",
            "ssdistnr": -999.0,
            "ssnamenr": "null",
            "drb": 0.972582995891571
        },
        {
            "candid": 1476483694915015010,
            "jd": 2459230.9836921,
            "ra": 230.361956,
            "dec": 36.7677618,
            "fid": 1,
            "nid": 1476,
            "magpsf": 18.143999099731445,
            "sigmapsf": 0.07147599756717682,
            "magnr": 20.05500030517578,
            "sigmagnr": 0.09099999815225601,
            "magzpsci": 26.243000030517578,
            "isdiffpos": "t",
            "ssdistnr": -999.0,
            "ssnamenr": "null",
            "drb": 0.9999930262565613
        },
        {
            "candid": 1476555594915015009,
            "jd": 2459231.0555903,
            "ra": 230.361935,
            "dec": 36.7677837,
            "fid": 2,
            "nid": 1476,
            "magpsf": 18.077800750732422,
            "sigmapsf": 0.05446799844503403,
            "magnr": 19.45199966430664,
            "sigmagnr": 0.07199999690055847,
            "magzpsci": 26.20479965209961,
            "isdiffpos": "t",
            "ssdistnr": -999.0,
            "ssnamenr": "null",
            "drb": 0.9999989867210388
        },
        {
            "candid": 1477554010315015003,
            "jd": 2459232.0540162,
            "ra": 230.3618539,
            "dec": 36.7677851,
            "fid": 1,
            "nid": 1477,
            "magpsf": 18.190200805664062,
            "sigmapsf": 0.06336899846792221,
            "magnr": 21.15399932861328,
            "sigmagnr": 0.08399999886751175,
            "magzpsci": 26.189199447631836,
            "isdiffpos": "t",
            "ssdistnr": -999.0,
            "ssnamenr": "null",
            "drb": 0.9999970197677612
        },
        {
            "candid": 1478514994915015003,
            "jd": 2459233.015,
            "ra": 230.3619011,
            "dec": 36.7677904,
            "fid": 2,
            "nid": 1478,
            "magpsf": 18.090900421142578,
            "sigmapsf": 0.06597699970006943,
            "magnr": 19.45199966430664,
            "sigmagnr": 0.07199999690055847,
            "magzpsci": 26.1919002532959,
            "isdiffpos": "t",
            "ssdistnr": -999.0,
            "ssnamenr": "null",
            "drb": 0.9999939799308777
        },
        {
            "candid": 1478553774915015006,
            "jd": 2459233.0537731,
            "ra": 230.3619258,
            "dec": 36.7677817,
            "fid": 1,
            "nid": 1478,
            "magpsf": 18.193700790405273,
            "sigmapsf": 0.07521600276231766,
            "magnr": 20.05500030517578,
            "sigmagnr": 0.09099999815225601,
            "magzpsci": 26.30270004272461,
            "isdiffpos": "t",
            "ssdistnr": -999.0,
            "ssnamenr": "null",
            "drb": 1.0
        },
        {
            "candid": 1495502264915015006,
            "jd": 2459250.0022685,
            "ra": 230.3619563,
            "dec": 36.767764,
            "fid": 2,
            "nid": 1495,
            "magpsf": 18.981700897216797,
            "sigmapsf": 0.08281800150871277,
            "magnr": 19.45199966430664,
            "sigmagnr": 0.07199999690055847,
            "magzpsci": 26.207700729370117,
            "isdiffpos": "t",
            "ssdistnr": -999.0,
            "ssnamenr": "null",
            "drb": 1.0
        },
        {
            "candid": 1495541494915015000,
            "jd": 2459250.0414931,
            "ra": 230.3619398,
            "dec": 36.767792,
            "fid": 1,
            "nid": 1495,
            "magpsf": 19.868799209594727,
            "sigmapsf": 0.19415199756622314,
            "magnr": 20.05500030517578,
            "sigmagnr": 0.09099999815225601,
            "magzpsci": 26.31879997253418,
            "isdiffpos": "t",
            "ssdistnr": -999.0,
            "ssnamenr": "null",
            "drb": 0.9999740123748779
        },
        {
            "candid": 1496487500315015006,
            "jd": 2459250.9875,
            "ra": 230.3619532,
            "dec": 36.7679225,
            "fid": 1,
            "nid": 1496,
            "magpsf": 19.960100173950195,
            "sigmapsf": 0.2020460069179535,
            "magnr": 20.041000366210938,
            "sigmagnr": 0.08500000089406967,
            "magzpsci": 26.16010093688965,
            "isdiffpos": "t",
            "ssdistnr": -999.0,
            "ssnamenr": "null",
            "drb": 0.9993939995765686
        },
        {
            "candid": 1497429784915015022,
            "jd": 2459251.9297801,
            "ra": 230.3620437,
            "dec": 36.7676516,
            "fid": 1,
            "nid": 1497,
            "magpsf": 20.12220001220703,
            "sigmapsf": 0.21125799417495728,
            "magnr": 20.05500030517578,
            "sigmagnr": 0.09099999815225601,
            "magzpsci": 26.24519920349121,
            "isdiffpos": "t",
            "ssdistnr": -999.0,
            "ssnamenr": "null",
            "drb": 0.9997349977493286
        },
        {
            "candid": 1497487244915015005,
            "jd": 2459251.9872454,
            "ra": 230.361903,
            "dec": 36.7676881,
            "fid": 2,
            "nid": 1497,
            "magpsf": 19.173900604248047,
            "sigmapsf": 0.17112399637699127,
            "magnr": 19.45199966430664,
            "sigmagnr": 0.07199999690055847,
            "magzpsci": 26.202899932861328,
            "isdiffpos": "t",
            "ssdistnr": -999.0,
            "ssnamenr": "-999.0",
            "drb": null
        },
        {
            "candid": 1499509464915015003,
            "jd": 2459254.0094676,
            "ra": 230.3619757,
            "dec": 36.7678108,
            "fid": 2,
            "nid": 1499,
            "magpsf": 19.136499404907227,
            "sigmapsf": 0.12674599885940552,
            "magnr": 19.45199966430664,
            "sigmagnr": 0.07199999690055847,
            "magzpsci": 26.206499099731445,
            "isdiffpos": "t",
            "ssdistnr": -999.0,
            "ssnamenr": "null",
            "drb": 0.9999899864196777
        },
        {
            "candid": 1499529234915015016,
            "jd": 2459254.0292361,
            "ra": 230.3620007,
            "dec": 36.7677572,
            "fid": 1,
            "nid": 1499,
            "magpsf": 20.156600952148438,
            "sigmapsf": 0.2441049963235855,
            "magnr": 20.05500030517578,
            "sigmagnr": 0.09099999815225601,
            "magzpsci": 26.313600540161133,
            "isdiffpos": "t",
            "ssdistnr": -999.0,
            "ssnamenr": "-999.0",
            "drb": null
        },
        {
            "candid": 1500529780315015029,
            "jd": 2459255.0297801,
            "ra": 230.3620869,
            "dec": 36.7677802,
            "fid": 1,
            "nid": 1500,
            "magpsf": 20.182100296020508,
            "sigmapsf": 0.3956280052661896,
            "magnr": 20.041000366210938,
            "sigmagnr": 0.08500000089406967,
            "magzpsci": 25.22209930419922,
            "isdiffpos": "t",
            "ssdistnr": null,
            "ssnamenr": null,
            "drb": null
        },
        {
            "candid": 1501429754915015020,
            "jd": 2459255.9297569,
            "ra": 230.3619823,
            "dec": 36.7678006,
            "fid": 2,
            "nid": 1501,
            "magpsf": 19.43199920654297,
            "sigmapsf": 0.11952900141477585,
            "magnr": 19.45199966430664,
            "sigmagnr": 0.07199999690055847,
            "magzpsci": 26.177000045776367,
            "isdiffpos": "t",
            "ssdistnr": null,
            "ssnamenr": null,
            "drb": null
        },
        {
            "candid": 1502518760315015014,
            "jd": 2459257.0187616,
            "ra": 230.3618808,
            "dec": 36.7678068,
            "fid": 1,
            "nid": 1502,
            "magpsf": 20.22439956665039,
            "sigmapsf": 0.1713699996471405,
            "magnr": 20.041000366210938,
            "sigmagnr": 0.08500000089406967,
            "magzpsci": 26.18939971923828,
            "isdiffpos": "t",
            "ssdistnr": null,
            "ssnamenr": null,
            "drb": null
        },
        {
            "candid": 1504520534915015005,
            "jd": 2459259.0205324,
            "ra": 230.3618836,
            "dec": 36.7678841,
            "fid": 1,
            "nid": 1504,
            "magpsf": 20.386999130249023,
            "sigmapsf": 0.27307599782943726,
            "magnr": 20.05500030517578,
            "sigmagnr": 0.09099999815225601,
            "magzpsci": 26.28700065612793,
            "isdiffpos": "t",
            "ssdistnr": null,
            "ssnamenr": null,
            "drb": null
        },
        {
            "candid": 1509474984915015008,
            "jd": 2459263.9749884,
            "ra": 230.3621557,
            "dec": 36.7677443,
            "fid": 2,
            "nid": 1509,
            "magpsf": 19.728599548339844,
            "sigmapsf": 0.2891809940338135,
            "magnr": 19.45199966430664,
            "sigmagnr": 0.07199999690055847,
            "magzpsci": 26.208599090576172,
            "isdiffpos": "t",
            "ssdistnr": null,
            "ssnamenr": null,
            "drb": null
        },
        {
            "candid": 1509515844915015004,
            "jd": 2459264.0158449,
            "ra": 230.362202,
            "dec": 36.7676864,
            "fid": 1,
            "nid": 1509,
            "magpsf": 20.54520034790039,
            "sigmapsf": 0.4031890034675598,
            "magnr": 20.05500030517578,
            "sigmagnr": 0.09099999815225601,
            "magzpsci": 26.326200485229492,
            "isdiffpos": "t",
            "ssdistnr": null,
            "ssnamenr": null,
            "drb": null
        },
        {
            "candid": 1511363064915015008,
            "jd": 2459265.8630671,
            "ra": 230.3618732,
            "dec": 36.7677647,
            "fid": 2,
            "nid": 1511,
            "magpsf": 19.963699340820312,
            "sigmapsf": 0.22122199833393097,
            "magnr": 19.45199966430664,
            "sigmagnr": 0.07199999690055847,
            "magzpsci": 26.170700073242188,
            "isdiffpos": "t",
            "ssdistnr": null,
            "ssnamenr": null,
            "drb": null
        },
        {
            "candid": 1513426314915015005,
            "jd": 2459267.9263194,
            "ra": 230.3620183,
            "dec": 36.7678599,
            "fid": 2,
            "nid": 1513,
            "magpsf": 19.889299392700195,
            "sigmapsf": 0.17482499778270721,
            "magnr": 19.45199966430664,
            "sigmagnr": 0.07199999690055847,
            "magzpsci": 26.21929931640625,
            "isdiffpos": "t",
            "ssdistnr": -999.0,
            "ssnamenr": "null",
            "drb": null
        },
        {
            "jd": 2459194.02995,
            "fid": 2,
            "diffmaglim": 19.760000228881836
        },
        {
            "jd": 2459194.04625,
            "fid": 1,
            "diffmaglim": 19.746999740600586
        },
        {
            "jd": 2459195.01046,
            "fid": 2,
            "diffmaglim": 19.71500015258789
        },
        {
            "jd": 2459195.04183,
            "fid": 1,
            "diffmaglim": 19.80299949645996
        },
        {
            "jd": 2459200.016,
            "fid": 2,
            "diffmaglim": 19.621999740600586
        },
        {
            "jd": 2459200.01694,
            "fid": 2,
            "diffmaglim": 19.606000900268555
        },
        {
            "jd": 2459200.0394,
            "fid": 1,
            "diffmaglim": 19.913999557495117
        },
        {
            "jd": 2459200.0449,
            "fid": 1,
            "diffmaglim": 20.069000244140625
        },
        {
            "jd": 2459203.00453,
            "fid": 1,
            "diffmaglim": 19.878000259399414
        },
        {
            "jd": 2459203.00922,
            "fid": 1,
            "diffmaglim": 19.958999633789062
        },
        {
            "jd": 2459203.03444,
            "fid": 2,
            "diffmaglim": 19.517000198364258
        },
        {
            "jd": 2459203.03491,
            "fid": 2,
            "diffmaglim": 19.513999938964844
        },
        {
            "jd": 2459204.97722,
            "fid": 1,
            "diffmaglim": 19.84600067138672
        },
        {
            "jd": 2459205.01603,
            "fid": 2,
            "diffmaglim": 20.020000457763672
        },
        {
            "jd": 2459205.01649,
            "fid": 2,
            "diffmaglim": 19.89699935913086
        },
        {
            "jd": 2459216.0137,
            "fid": 1,
            "diffmaglim": 19.072999954223633
        },
        {
            "jd": 2459216.01417,
            "fid": 1,
            "diffmaglim": 19.121999740600586
        },
        {
            "jd": 2459216.05872,
            "fid": 2,
            "diffmaglim": 19.267000198364258
        },
        {
            "jd": 2459216.06105,
            "fid": 2,
            "diffmaglim": 19.256000518798828
        },
        {
            "jd": 2459217.97164,
            "fid": 2,
            "diffmaglim": 19.542999267578125
        },
        {
            "jd": 2459217.9919,
            "fid": 2,
            "diffmaglim": 19.538999557495117
        },
        {
            "jd": 2459218.03522,
            "fid": 1,
            "diffmaglim": 19.513999938964844
        },
        {
            "jd": 2459218.04905,
            "fid": 1,
            "diffmaglim": 19.246999740600586
        },
        {
            "jd": 2459219.94862,
            "fid": 1,
            "diffmaglim": 19.19300079345703
        },
        {
            "jd": 2459219.95145,
            "fid": 1,
            "diffmaglim": 19.297000885009766
        },
        {
            "jd": 2459220.01091,
            "fid": 2,
            "diffmaglim": 19.736000061035156
        },
        {
            "jd": 2459220.01138,
            "fid": 2,
            "diffmaglim": 19.729000091552734
        },
        {
            "jd": 2459221.99576,
            "fid": 1,
            "diffmaglim": 20.040000915527344
        },
        {
            "jd": 2459222.01583,
            "fid": 1,
            "diffmaglim": 19.94700050354004
        },
        {
            "jd": 2459222.03976,
            "fid": 2,
            "diffmaglim": 18.84600067138672
        },
        {
            "jd": 2459222.04022,
            "fid": 2,
            "diffmaglim": 18.79800033569336
        },
        {
            "jd": 2459224.00524,
            "fid": 2,
            "diffmaglim": 19.70599937438965
        },
        {
            "jd": 2459228.04772,
            "fid": 2,
            "diffmaglim": 20.15399932861328
        },
        {
            "jd": 2459230.03848,
            "fid": 2,
            "diffmaglim": 19.582000732421875
        },
        {
            "jd": 2459231.99509,
            "fid": 2,
            "diffmaglim": 20.36199951171875
        },
        {
            "jd": 2459248.94681,
            "fid": 2,
            "diffmaglim": 19.945999145507812
        },
        {
            "jd": 2459250.93042,
            "fid": 2,
            "diffmaglim": 19.823999404907227
        },
        {
            "jd": 2459253.01405,
            "fid": 2,
            "diffmaglim": 20.67300033569336
        }
    ],
    "forcedphot": []
}