{
    "objectId": "ZTF24ablsxza",
    "candidates": [
        {
            "candid": 2838392463015015012,
            "jd": 2460592.8924653,
            "ra": 40.4934035,
            "dec": -4.0567352,
            "fid": 1,
            "nid": 2838,
            "magpsf": 19.616600036621094,
            "sigmapsf": 0.15089400112628937,
            "magnr": 18.993999481201172,
            "sigmagnr": 0.13099999725818634,
            "magzpsci": 26.27560043334961,
            "isdiffpos": "t",
            "ssdistnr": null,
            "ssnamenr": null,
            "drb": 0.9999964833259583
        },
        {
            "candid": 2839336621915015005,
            "jd": 2460593.8366204,
            "ra": 40.4933334,
            "dec": -4.0566565,
            "fid": 1,
            "nid": 2839,
            "magpsf": 19.418699264526367,
            "sigmapsf": 0.1580680012702942,
            "magnr": 19.183000564575195,
            "sigmagnr": 0.10999999940395355,
            "magzpsci": 26.239700317382812,
            "isdiffpos": "t",
            "ssdistnr": null,
            "ssnamenr": null,
            "drb": null
        },
        {
            "candid": 2842326231915015007,
            "jd": 2460596.8262384,
            "ra": 40.4933212,
            "dec": -4.0567408,
            "fid": 1,
            "nid": 2842,
            "magpsf": 19.03070068359375,
            "sigmapsf": 0.1240210011601448,
            "magnr": 19.183000564575195,
            "sigmagnr": 0.10999999940395355,
            "magzpsci": 26.273700714111328,
            "isdiffpos": "t",
            "ssdistnr": null,
            "ssnamenr": null,
            "drb": null
        },
        {
            "candid": 2842328613015015004,
            "jd": 2460596.8286111,
            "ra": 40.4933722,
            "dec": -4.0566799,
            "fid": 1,
            "nid": 2842,
            "magpsf": 19.077800750732422,
            "sigmapsf": 0.10553199797868729,
            "magnr": 18.993999481201172,
            "sigmagnr": 0.13099999725818634,
            "magzpsci": 26.298799514770508,
            "isdiffpos": "t",
            "ssdistnr": null,
            "ssnamenr": null,
            "drb": null
        },
        {
            "candid": 2844253841915015001,
            "jd": 2460598.7538426,
            "ra": 40.4933246,
            "dec": -4.0567027,
            "fid": 1,
            "nid": 2844,
            "magpsf": 18.718299865722656,
            "sigmapsf": 0.1386370062828064,
            "magnr": 19.183000564575195,
            "sigmagnr": 0.10999999940395355,
            "magzpsci": 26.174299240112305,
            "isdiffpos": "t",
            "ssdistnr": null,
            "ssnamenr": null,
            "drb": null
        },
        {
            "candid": 2844339881915015010,
            "jd": 2460598.8398843,
            "ra": 40.4933873,
            "dec": -4.0566789,
            "fid": 2,
            "nid": 2844,
            "magpsf": 18.67289924621582,
            "sigmapsf": 0.08349599689245224,
            "magnr": 18.711999893188477,
            "sigmagnr": 0.14499999582767487,
            "magzpsci": 26.269899368286133,
            "isdiffpos": "t",
            "ssdistnr": null,
            "ssnamenr": null,
            "drb": null
        },
        {
            "candid": 2844446463015015003,
            "jd": 2460598.9464699,
            "ra": 40.4933825,
            "dec": -4.0567159,
            "fid": 1,
            "nid": 2844,
            "magpsf": 18.666000366210938,
            "sigmapsf": 0.11269299685955048,
            "magnr": 18.993999481201172,
            "sigmagnr": 0.13099999725818634,
            "magzpsci": 26.257999420166016,
            "isdiffpos": "t",
            "ssdistnr": null,
            "ssnamenr": null,
            "drb": null
        },
        {
            "candid": 2846335531915015003,
            "jd": 2460600.8355324,
            "ra": 40.4933229,
            "dec": -4.0566943,
            "fid": 1,
            "nid": 2846,
            "magpsf": 18.679000854492188,
            "sigmapsf": 0.2036370038986206,
            "magnr": 19.183000564575195,
            "sigmagnr": 0.10999999940395355,
            "magzpsci": 26.256999969482422,
            "isdiffpos": "t",
            "ssdistnr": null,
            "ssnamenr": null,
            "drb": null
        },
        {
            "candid": 2846433631915015005,
            "jd": 2460600.9336343,
            "ra": 40.4933199,
            "dec": -4.0567563,
            "fid": 2,
            "nid": 2846,
            "magpsf": 18.575599670410156,
            "sigmapsf": 0.11655999720096588,
            "magnr": 18.711999893188477,
            "sigmagnr": 0.14499999582767487,
            "magzpsci": 26.32859992980957,
            "isdiffpos": "t",
            "ssdistnr": null,
            "ssnamenr": null,
            "drb": null
        },
        {
            "candid": 2846435043015015008,
            "jd": 2460600.9350463,
            "ra": 40.4933759,
            "dec": -4.0566741,
            "fid": 2,
            "nid": 2846,
            "magpsf": 18.601200103759766,
            "sigmapsf": 0.166826993227005,
            "magnr": 18.625,
            "sigmagnr": 0.13199999928474426,
            "magzpsci": 26.23419952392578,
            "isdiffpos": "t",
            "ssdistnr": null,
            "ssnamenr": null,
            "drb": null
        },
        {
            "candid": 2849336931915015003,
            "jd": 2460603.8369329,
            "ra": 40.4933145,
            "dec": -4.0567513,
            "fid": 1,
            "nid": 2849,
            "magpsf": 18.725900650024414,
            "sigmapsf": 0.14356300234794617,
            "magnr": 19.183000564575195,
            "sigmagnr": 0.10999999940395355,
            "magzpsci": 26.263900756835938,
            "isdiffpos": "t",
            "ssdistnr": null,
            "ssnamenr": null,
            "drb": null
        },
        {
            "candid": 2849450093015015004,
            "jd": 2460603.9500926,
            "ra": 40.4934203,
            "dec": -4.0567202,
            "fid": 1,
            "nid": 2849,
            "magpsf": 18.859800338745117,
            "sigmapsf": 0.6296489834785461,
            "magnr": 18.993999481201172,
            "sigmagnr": 0.13099999725818634,
            "magzpsci": 26.23080062866211,
            "isdiffpos": "t",
            "ssdistnr": null,
            "ssnamenr": null,
            "drb": null
        },
        {
            "candid": 2853315531915015008,
            "jd": 2460607.8155324,
            "ra": 40.4933534,
            "dec": -4.0566943,
            "fid": 1,
            "nid": 2853,
            "magpsf": 18.78420066833496,
            "sigmapsf": 0.09158500283956528,
            "magnr": 19.183000564575195,
            "sigmagnr": 0.10999999940395355,
            "magzpsci": 26.266199111938477,
            "isdiffpos": "t",
            "ssdistnr": null,
            "ssnamenr": null,
            "drb": null
        },
        {
            "candid": 2853338063015015003,
            "jd": 2460607.8380671,
            "ra": 40.4933587,
            "dec": -4.0567113,
            "fid": 1,
            "nid": 2853,
            "magpsf": 18.810199737548828,
            "sigmapsf": 0.08897600322961807,
            "magnr": 18.993999481201172,
            "sigmagnr": 0.13099999725818634,
            "magzpsci": 26.30620002746582,
            "isdiffpos": "t",
            "ssdistnr": null,
            "ssnamenr": null,
            "drb": null
        },
        {
            "candid": 2855337911915015015,
            "jd": 2460609.8379167,
            "ra": 40.4933425,
            "dec": -4.0567119,
            "fid": 1,
            "nid": 2855,
            "magpsf": 18.841415405273438,
            "sigmapsf": 0.09496938437223434,
            "magnr": 19.183000564575195,
            "sigmagnr": 0.10999999940395355,
            "magzpsci": 26.24541473388672,
            "isdiffpos": "t",
            "ssdistnr": -999.0,
            "ssnamenr": "null",
            "drb": null
        },
        {
            "jd": 2460562.9035417,
            "fid": 2,
            "diffmaglim": 20.437000274658203
        },
        {
            "jd": 2460562.9191204,
            "fid": 2,
            "diffmaglim": 20.37820053100586
        },
        {
            "jd": 2460562.9420718,
            "fid": 1,
            "diffmaglim": 20.509899139404297
        },
        {
            "jd": 2460562.9453704,
            "fid": 1,
            "diffmaglim": 20.458799362182617
        },
        {
            "jd": 2460565.9374306,
            "fid": 1,
            "diffmaglim": 20.712400436401367
        },
        {
            "jd": 2460565.9412731,
            "fid": 2,
            "diffmaglim": 20.580799102783203
        },
        {
            "jd": 2460565.9431481,
            "fid": 2,
            "diffmaglim": 20.64900016784668
        },
        {
            "jd": 2460568.8717245,
            "fid": 2,
            "diffmaglim": 20.06679916381836
        },
        {
            "jd": 2460568.8784144,
            "fid": 2,
            "diffmaglim": 20.100500106811523
        },
        {
            "jd": 2460568.9351042,
            "fid": 1,
            "diffmaglim": 20.630800247192383
        },
        {
            "jd": 2460571.8402315,
            "fid": 1,
            "diffmaglim": 18.9419002532959
        },
        {
            "jd": 2460571.9349421,
            "fid": 2,
            "diffmaglim": 19.463899612426758
        },
        {
            "jd": 2460572.9156713,
            "fid": 1,
            "diffmaglim": 19.18790054321289
        },
        {
            "jd": 2460574.9529977,
            "fid": 2,
            "diffmaglim": 19.40089988708496
        },
        {
            "jd": 2460575.8588426,
            "fid": 2,
            "diffmaglim": 19.719600677490234
        },
        {
            "jd": 2460575.8593171,
            "fid": 2,
            "diffmaglim": 19.73040008544922
        },
        {
            "jd": 2460575.8917708,
            "fid": 3,
            "diffmaglim": 19.403499603271484
        },
        {
            "jd": 2460575.9141435,
            "fid": 1,
            "diffmaglim": 19.55579948425293
        },
        {
            "jd": 2460575.9184722,
            "fid": 1,
            "diffmaglim": 19.624500274658203
        },
        {
            "jd": 2460576.8582292,
            "fid": 1,
            "diffmaglim": 19.551799774169922
        },
        {
            "jd": 2460576.8610532,
            "fid": 1,
            "diffmaglim": 19.763099670410156
        },
        {
            "jd": 2460576.9167708,
            "fid": 2,
            "diffmaglim": 19.88010025024414
        },
        {
            "jd": 2460576.9196412,
            "fid": 2,
            "diffmaglim": 20.060699462890625
        },
        {
            "jd": 2460576.9432176,
            "fid": 3,
            "diffmaglim": 19.59630012512207
        },
        {
            "jd": 2460577.8345833,
            "fid": 3,
            "diffmaglim": 19.372400283813477
        },
        {
            "jd": 2460577.8943171,
            "fid": 1,
            "diffmaglim": 20.0841007232666
        },
        {
            "jd": 2460577.8952662,
            "fid": 1,
            "diffmaglim": 20.14940071105957
        },
        {
            "jd": 2460577.9265509,
            "fid": 2,
            "diffmaglim": 20.147600173950195
        },
        {
            "jd": 2460577.9279745,
            "fid": 2,
            "diffmaglim": 20.381200790405273
        },
        {
            "jd": 2460579.9200116,
            "fid": 1,
            "diffmaglim": 20.325899124145508
        },
        {
            "jd": 2460579.9794213,
            "fid": 2,
            "diffmaglim": 20.138399124145508
        },
        {
            "jd": 2460580.9378704,
            "fid": 2,
            "diffmaglim": 20.391300201416016
        },
        {
            "jd": 2460580.9994444,
            "fid": 1,
            "diffmaglim": 20.34000015258789
        },
        {
            "jd": 2460582.899456,
            "fid": 1,
            "diffmaglim": 20.596599578857422
        },
        {
            "jd": 2460583.918912,
            "fid": 2,
            "diffmaglim": 20.499099731445312
        },
        {
            "jd": 2460583.9600463,
            "fid": 1,
            "diffmaglim": 20.415599822998047
        },
        {
            "jd": 2460592.9209028,
            "fid": 2,
            "diffmaglim": 20.457799911499023
        },
        {
            "jd": 2460593.9047338,
            "fid": 2,
            "diffmaglim": 20.263500213623047
        },
        {
            "jd": 2460594.9150694,
            "fid": 2,
            "diffmaglim": 20.287599563598633
        },
        {
            "jd": 2460596.8519444,
            "fid": 2,
            "diffmaglim": 20.17490005493164
        },
        {
            "jd": 2460598.8680324,
            "fid": 2,
            "diffmaglim": 19.679000854492188
        },
        {
            "jd": 2460600.8160185,
            "fid": 1,
            "diffmaglim": 18.746599197387695
        },
        {
            "jd": 2460607.7932407,
            "fid": 2,
            "diffmaglim": 20.101999282836914
        },
        {
            "jd": 2460607.7977431,
            "fid": 2,
            "diffmaglim": 20.27440071105957
        },
        {
            "jd": 2460609.8045486,
            "fid": 2,
            "diffmaglim": 20.293699264526367
        },
        {
            "jd": 2460609.8165741,
            "fid": 2,
            "diffmaglim": 20.446199417114258
        }
    ],
    "forcedphot": [
        {
            "objectid": "ZTF24ablsxza",
            "jd": 2460562.9191204,
            "ranr": 40.4931521,
            "decnr": -4.0571172,
            "fid": 2,
            "forcediffimflux": 10.95131778717041,
            "forcediffimfluxunc": 26.390445709228516,
            "magzpsci": 26.074399948120117
        },
        {
            "objectid": "ZTF24ablsxza",
            "jd": 2460562.9453704,
            "ranr": 40.4930131,
            "decnr": -4.0571139,
            "fid": 1,
            "forcediffimflux": -5.692573070526123,
            "forcediffimfluxunc": 24.753459930419922,
            "magzpsci": 26.0310001373291
        },
        {
            "objectid": "ZTF24ablsxza",
            "jd": 2460565.9374306,
            "ranr": 40.4929258,
            "decnr": -4.0562667,
            "fid": 1,
            "forcediffimflux": -11.429195404052734,
            "forcediffimfluxunc": 24.865278244018555,
            "magzpsci": 26.29680061340332
        },
        {
            "objectid": "ZTF24ablsxza",
            "jd": 2460565.9431481,
            "ranr": 40.4929201,
            "decnr": -4.0562895,
            "fid": 2,
            "forcediffimflux": 36.067325592041016,
            "forcediffimfluxunc": 23.998533248901367,
            "magzpsci": 26.260499954223633
        },
        {
            "objectid": "ZTF24ablsxza",
            "jd": 2460568.8784144,
            "ranr": 40.4930007,
            "decnr": -4.0571275,
            "fid": 2,
            "forcediffimflux": -25.056034088134766,
            "forcediffimfluxunc": 40.21736145019531,
            "magzpsci": 26.248899459838867
        },
        {
            "objectid": "ZTF24ablsxza",
            "jd": 2460568.9351042,
            "ranr": 40.4930131,
            "decnr": -4.0571139,
            "fid": 1,
            "forcediffimflux": -16.44065284729004,
            "forcediffimfluxunc": 24.608234405517578,
            "magzpsci": 26.30970001220703
        },
        {
            "objectid": "ZTF24ablsxza",
            "jd": 2460571.8402315,
            "ranr": 40.4933016,
            "decnr": -4.0571463,
            "fid": 1,
            "forcediffimflux": -86.5050277709961,
            "forcediffimfluxunc": 109.07875061035156,
            "magzpsci": 26.24370002746582
        },
        {
            "objectid": "ZTF24ablsxza",
            "jd": 2460571.9349421,
            "ranr": -99999.0,
            "decnr": -99999.0,
            "fid": 2,
            "forcediffimflux": -99999.0,
            "forcediffimfluxunc": -99999.0,
            "magzpsci": 26.29159927368164
        },
        {
            "objectid": "ZTF24ablsxza",
            "jd": 2460572.9156713,
            "ranr": 40.4929258,
            "decnr": -4.0562667,
            "fid": 1,
            "forcediffimflux": -23.693546295166016,
            "forcediffimfluxunc": 89.05660247802734,
            "magzpsci": 26.284900665283203
        },
        {
            "objectid": "ZTF24ablsxza",
            "jd": 2460574.9529977,
            "ranr": 40.4931521,
            "decnr": -4.0571172,
            "fid": 2,
            "forcediffimflux": -48.948875427246094,
            "forcediffimfluxunc": 72.427734375,
            "magzpsci": 26.223899841308594
        },
        {
            "objectid": "ZTF24ablsxza",
            "jd": 2460575.8593171,
            "ranr": -99999.0,
            "decnr": -99999.0,
            "fid": 2,
            "forcediffimflux": -99999.0,
            "forcediffimfluxunc": -99999.0,
            "magzpsci": 26.255599975585938
        },
        {
            "objectid": "ZTF24ablsxza",
            "jd": 2460575.8917708,
            "ranr": 40.4929088,
            "decnr": -4.0571322,
            "fid": 3,
            "forcediffimflux": 42.4440803527832,
            "forcediffimfluxunc": 39.083702087402344,
            "magzpsci": 25.670299530029297
        },
        {
            "objectid": "ZTF24ablsxza",
            "jd": 2460575.9184722,
            "ranr": -99999.0,
            "decnr": -99999.0,
            "fid": 1,
            "forcediffimflux": -99999.0,
            "forcediffimfluxunc": -99999.0,
            "magzpsci": 26.276100158691406
        },
        {
            "objectid": "ZTF24ablsxza",
            "jd": 2460576.8610532,
            "ranr": 40.4930131,
            "decnr": -4.0571139,
            "fid": 1,
            "forcediffimflux": -12.84740924835205,
            "forcediffimfluxunc": 48.86018371582031,
            "magzpsci": 26.15519905090332
        },
        {
            "objectid": "ZTF24ablsxza",
            "jd": 2460576.9196412,
            "ranr": 40.4930007,
            "decnr": -4.0571275,
            "fid": 2,
            "forcediffimflux": -33.561744689941406,
            "forcediffimfluxunc": 43.68907165527344,
            "magzpsci": 26.21929931640625
        },
        {
            "objectid": "ZTF24ablsxza",
            "jd": 2460576.9432176,
            "ranr": 40.4929088,
            "decnr": -4.0571322,
            "fid": 3,
            "forcediffimflux": -11.492945671081543,
            "forcediffimfluxunc": 34.3492431640625,
            "magzpsci": 25.68120002746582
        },
        {
            "objectid": "ZTF24ablsxza",
            "jd": 2460577.8345833,
            "ranr": 40.4929088,
            "decnr": -4.0571322,
            "fid": 3,
            "forcediffimflux": 26.79998779296875,
            "forcediffimfluxunc": 44.15227508544922,
            "magzpsci": 25.67449951171875
        },
        {
            "objectid": "ZTF24ablsxza",
            "jd": 2460577.8952662,
            "ranr": 40.4930131,
            "decnr": -4.0571139,
            "fid": 1,
            "forcediffimflux": 48.81431198120117,
            "forcediffimfluxunc": 35.576473236083984,
            "magzpsci": 26.24799919128418
        },
        {
            "objectid": "ZTF24ablsxza",
            "jd": 2460577.9279745,
            "ranr": 40.4930007,
            "decnr": -4.0571275,
            "fid": 2,
            "forcediffimflux": -51.72332763671875,
            "forcediffimfluxunc": 32.88113784790039,
            "magzpsci": 26.24220085144043
        },
        {
            "objectid": "ZTF24ablsxza",
            "jd": 2460579.9200116,
            "ranr": -99999.0,
            "decnr": -99999.0,
            "fid": 1,
            "forcediffimflux": -99999.0,
            "forcediffimfluxunc": -99999.0,
            "magzpsci": 26.279199600219727
        },
        {
            "objectid": "ZTF24ablsxza",
            "jd": 2460579.9794213,
            "ranr": 40.4930007,
            "decnr": -4.0571275,
            "fid": 2,
            "forcediffimflux": -6.691946983337402,
            "forcediffimfluxunc": 36.071773529052734,
            "magzpsci": 26.221099853515625
        },
        {
            "objectid": "ZTF24ablsxza",
            "jd": 2460580.9378704,
            "ranr": 40.4931521,
            "decnr": -4.0571172,
            "fid": 2,
            "forcediffimflux": -12.270334243774414,
            "forcediffimfluxunc": 31.742176055908203,
            "magzpsci": 26.23509979248047
        },
        {
            "objectid": "ZTF24ablsxza",
            "jd": 2460580.9994444,
            "ranr": 40.4928994,
            "decnr": -4.0563369,
            "fid": 1,
            "forcediffimflux": 39.2973518371582,
            "forcediffimfluxunc": 32.172515869140625,
            "magzpsci": 26.21419906616211
        },
        {
            "objectid": "ZTF24ablsxza",
            "jd": 2460582.899456,
            "ranr": -99999.0,
            "decnr": -99999.0,
            "fid": 1,
            "forcediffimflux": -99999.0,
            "forcediffimfluxunc": -99999.0,
            "magzpsci": 26.34600067138672
        },
        {
            "objectid": "ZTF24ablsxza",
            "jd": 2460583.918912,
            "ranr": 40.4931521,
            "decnr": -4.0571172,
            "fid": 2,
            "forcediffimflux": 33.71379089355469,
            "forcediffimfluxunc": 30.43910789489746,
            "magzpsci": 26.255599975585938
        },
        {
            "objectid": "ZTF24ablsxza",
            "jd": 2460583.9600463,
            "ranr": 40.4928994,
            "decnr": -4.0563369,
            "fid": 1,
            "forcediffimflux": -17.010860443115234,
            "forcediffimfluxunc": 33.37388610839844,
            "magzpsci": 26.263700485229492
        },
        {
            "objectid": "ZTF24ablsxza",
            "jd": 2460592.8924653,
            "ranr": 40.4930131,
            "decnr": -4.0571139,
            "fid": 1,
            "forcediffimflux": 425.3261413574219,
            "forcediffimfluxunc": 34.657989501953125,
            "magzpsci": 26.27560043334961
        },
        {
            "objectid": "ZTF24ablsxza",
            "jd": 2460592.9209028,
            "ranr": 40.4930007,
            "decnr": -4.0571275,
            "fid": 2,
            "forcediffimflux": 484.4947814941406,
            "forcediffimfluxunc": 30.70191192626953,
            "magzpsci": 26.243200302124023
        },
        {
            "objectid": "ZTF24ablsxza",
            "jd": 2460593.8366204,
            "ranr": 40.4928994,
            "decnr": -4.0563369,
            "fid": 1,
            "forcediffimflux": 525.7320556640625,
            "forcediffimfluxunc": 32.85348129272461,
            "magzpsci": 26.239700317382812
        },
        {
            "objectid": "ZTF24ablsxza",
            "jd": 2460593.9047338,
            "ranr": 40.4931521,
            "decnr": -4.0571172,
            "fid": 2,
            "forcediffimflux": 588.4349975585938,
            "forcediffimfluxunc": 31.96763038635254,
            "magzpsci": 26.2455997467041
        },
        {
            "objectid": "ZTF24ablsxza",
            "jd": 2460594.9150694,
            "ranr": -99999.0,
            "decnr": -99999.0,
            "fid": 2,
            "forcediffimflux": -99999.0,
            "forcediffimfluxunc": -99999.0,
            "magzpsci": 26.295799255371094
        },
        {
            "objectid": "ZTF24ablsxza",
            "jd": 2460596.8262384,
            "ranr": -99999.0,
            "decnr": -99999.0,
            "fid": 1,
            "forcediffimflux": -99999.0,
            "forcediffimfluxunc": -99999.0,
            "magzpsci": 26.26140022277832
        },
        {
            "objectid": "ZTF24ablsxza",
            "jd": 2460596.8286111,
            "ranr": -99999.0,
            "decnr": -99999.0,
            "fid": 1,
            "forcediffimflux": -99999.0,
            "forcediffimfluxunc": -99999.0,
            "magzpsci": 26.31369972229004
        },
        {
            "objectid": "ZTF24ablsxza",
            "jd": 2460596.8519444,
            "ranr": 40.4931521,
            "decnr": -4.0571172,
            "fid": 2,
            "forcediffimflux": 883.6181030273438,
            "forcediffimfluxunc": 42.33639907836914,
            "magzpsci": 26.26420021057129
        },
        {
            "objectid": "ZTF24ablsxza",
            "jd": 2460598.7538426,
            "ranr": -99999.0,
            "decnr": -99999.0,
            "fid": 1,
            "forcediffimflux": -99999.0,
            "forcediffimfluxunc": -99999.0,
            "magzpsci": 26.17490005493164
        },
        {
            "objectid": "ZTF24ablsxza",
            "jd": 2460598.8680324,
            "ranr": 40.4930007,
            "decnr": -4.0571275,
            "fid": 2,
            "forcediffimflux": 1147.307861328125,
            "forcediffimfluxunc": 65.6333999633789,
            "magzpsci": 26.245500564575195
        },
        {
            "objectid": "ZTF24ablsxza",
            "jd": 2460598.9464699,
            "ranr": -99999.0,
            "decnr": -99999.0,
            "fid": 1,
            "forcediffimflux": -99999.0,
            "forcediffimfluxunc": -99999.0,
            "magzpsci": 26.273799896240234
        },
        {
            "objectid": "ZTF24ablsxza",
            "jd": 2460600.8160185,
            "ranr": -99999.0,
            "decnr": -99999.0,
            "fid": 1,
            "forcediffimflux": -99999.0,
            "forcediffimfluxunc": -99999.0,
            "magzpsci": 26.309200286865234
        },
        {
            "objectid": "ZTF24ablsxza",
            "jd": 2460600.8355324,
            "ranr": 40.4928994,
            "decnr": -4.0563369,
            "fid": 1,
            "forcediffimflux": 1025.4188232421875,
            "forcediffimfluxunc": 155.81394958496094,
            "magzpsci": 26.256999969482422
        },
        {
            "objectid": "ZTF24ablsxza",
            "jd": 2460600.9336343,
            "ranr": -99999.0,
            "decnr": -99999.0,
            "fid": 2,
            "forcediffimflux": -99999.0,
            "forcediffimfluxunc": -99999.0,
            "magzpsci": 26.270700454711914
        },
        {
            "objectid": "ZTF24ablsxza",
            "jd": 2460600.9350463,
            "ranr": -99999.0,
            "decnr": -99999.0,
            "fid": 2,
            "forcediffimflux": -99999.0,
            "forcediffimfluxunc": -99999.0,
            "magzpsci": 26.29330062866211
        },
        {
            "objectid": "ZTF24ablsxza",
            "jd": 2460603.9500926,
            "ranr": 40.4930131,
            "decnr": -4.0571139,
            "fid": 1,
            "forcediffimflux": 705.4324951171875,
            "forcediffimfluxunc": 63.658599853515625,
            "magzpsci": 26.23080062866211
        },
        {
            "objectid": "ZTF24ablsxza",
            "jd": 2460607.7977431,
            "ranr": 40.4930007,
            "decnr": -4.0571275,
            "fid": 2,
            "forcediffimflux": 1480.226806640625,
            "forcediffimfluxunc": 40.060546875,
            "magzpsci": 26.255399703979492
        },
        {
            "objectid": "ZTF24ablsxza",
            "jd": 2460607.8155324,
            "ranr": 40.4928994,
            "decnr": -4.0563369,
            "fid": 1,
            "forcediffimflux": 960.5530395507812,
            "forcediffimfluxunc": 42.41596221923828,
            "magzpsci": 26.266199111938477
        },
        {
            "objectid": "ZTF24ablsxza",
            "jd": 2460607.8380671,
            "ranr": 40.4930131,
            "decnr": -4.0571139,
            "fid": 1,
            "forcediffimflux": 1032.0538330078125,
            "forcediffimfluxunc": 36.21299743652344,
            "magzpsci": 26.30620002746582
        },
        {
            "objectid": "ZTF24ablsxza",
            "jd": 2460609.8165741,
            "ranr": 40.4930007,
            "decnr": -4.0571275,
            "fid": 2,
            "forcediffimflux": 1454.009033203125,
            "forcediffimfluxunc": 34.45222854614258,
            "magzpsci": 26.2362003326416
        }
    ]
}