{
    "objectId": "ZTF23aajfere",
    "candidates": [
        {
            "candid": 2322375205815015006,
            "jd": 2460076.8752083,
            "ra": 238.8897536,
            "dec": 6.8014205,
            "fid": 2,
            "nid": 2322,
            "magpsf": 19.833099365234375,
            "sigmapsf": 0.16410300135612488,
            "magnr": 20.336000442504883,
            "sigmagnr": 0.09000000357627869,
            "magzpsci": 26.254100799560547,
            "isdiffpos": "t",
            "ssdistnr": null,
            "ssnamenr": null,
            "drb": 0.9999960660934448
        },
        {
            "candid": 2322380045815015012,
            "jd": 2460076.8800463,
            "ra": 238.8898503,
            "dec": 6.8014175,
            "fid": 1,
            "nid": 2322,
            "magpsf": 20.053800582885742,
            "sigmapsf": 0.2553209960460663,
            "magnr": 20.82699966430664,
            "sigmagnr": 0.10400000214576721,
            "magzpsci": 26.33180046081543,
            "isdiffpos": "t",
            "ssdistnr": null,
            "ssnamenr": null,
            "drb": null
        },
        {
            "candid": 2324299975815015019,
            "jd": 2460078.7999769,
            "ra": 238.889793,
            "dec": 6.8013855,
            "fid": 2,
            "nid": 2324,
            "magpsf": 19.58919906616211,
            "sigmapsf": 0.1388860046863556,
            "magnr": 20.336000442504883,
            "sigmagnr": 0.09000000357627869,
            "magzpsci": 26.220199584960938,
            "isdiffpos": "t",
            "ssdistnr": null,
            "ssnamenr": null,
            "drb": null
        },
        {
            "candid": 2324337435815015015,
            "jd": 2460078.8374306,
            "ra": 238.8897707,
            "dec": 6.8014619,
            "fid": 1,
            "nid": 2324,
            "magpsf": 19.74169921875,
            "sigmapsf": 0.1347460001707077,
            "magnr": 20.82699966430664,
            "sigmagnr": 0.10400000214576721,
            "magzpsci": 26.316699981689453,
            "isdiffpos": "t",
            "ssdistnr": null,
            "ssnamenr": null,
            "drb": null
        },
        {
            "candid": 2328339965815015014,
            "jd": 2460082.8399653,
            "ra": 238.8897894,
            "dec": 6.8014628,
            "fid": 2,
            "nid": 2328,
            "magpsf": 19.112499237060547,
            "sigmapsf": 0.11906500160694122,
            "magnr": 20.336000442504883,
            "sigmagnr": 0.09000000357627869,
            "magzpsci": 26.20549964904785,
            "isdiffpos": "t",
            "ssdistnr": null,
            "ssnamenr": null,
            "drb": null
        },
        {
            "candid": 2328380115815015011,
            "jd": 2460082.8801157,
            "ra": 238.8898004,
            "dec": 6.8014801,
            "fid": 1,
            "nid": 2328,
            "magpsf": 19.196300506591797,
            "sigmapsf": 0.113816998898983,
            "magnr": 20.82699966430664,
            "sigmagnr": 0.10400000214576721,
            "magzpsci": 26.25029945373535,
            "isdiffpos": "t",
            "ssdistnr": null,
            "ssnamenr": null,
            "drb": null
        },
        {
            "candid": 2330373505815015011,
            "jd": 2460084.8735069,
            "ra": 238.8897464,
            "dec": 6.8014716,
            "fid": 1,
            "nid": 2330,
            "magpsf": 19.209400177001953,
            "sigmapsf": 0.11427000164985657,
            "magnr": 20.82699966430664,
            "sigmagnr": 0.10400000214576721,
            "magzpsci": 26.199399948120117,
            "isdiffpos": "t",
            "ssdistnr": null,
            "ssnamenr": null,
            "drb": null
        },
        {
            "candid": 2330380215815015021,
            "jd": 2460084.8802199,
            "ra": 238.8897822,
            "dec": 6.8014362,
            "fid": 2,
            "nid": 2330,
            "magpsf": 19.07550048828125,
            "sigmapsf": 0.1105939969420433,
            "magnr": 20.336000442504883,
            "sigmagnr": 0.09000000357627869,
            "magzpsci": 26.160499572753906,
            "isdiffpos": "t",
            "ssdistnr": null,
            "ssnamenr": null,
            "drb": null
        },
        {
            "candid": 2332290405815015014,
            "jd": 2460086.7904051,
            "ra": 238.8897795,
            "dec": 6.8014384,
            "fid": 1,
            "nid": 2332,
            "magpsf": 19.167499542236328,
            "sigmapsf": 0.10337699949741364,
            "magnr": 20.82699966430664,
            "sigmagnr": 0.10400000214576721,
            "magzpsci": 26.280500411987305,
            "isdiffpos": "t",
            "ssdistnr": null,
            "ssnamenr": null,
            "drb": null
        },
        {
            "candid": 2332319275815015018,
            "jd": 2460086.8192708,
            "ra": 238.8897636,
            "dec": 6.8014526,
            "fid": 2,
            "nid": 2332,
            "magpsf": 18.927499771118164,
            "sigmapsf": 0.0851840004324913,
            "magnr": 20.336000442504883,
            "sigmagnr": 0.09000000357627869,
            "magzpsci": 26.23349952697754,
            "isdiffpos": "t",
            "ssdistnr": null,
            "ssnamenr": null,
            "drb": null
        },
        {
            "candid": 2334333395815015014,
            "jd": 2460088.8333912,
            "ra": 238.8897961,
            "dec": 6.801452,
            "fid": 1,
            "nid": 2334,
            "magpsf": 19.105499267578125,
            "sigmapsf": 0.0897120013833046,
            "magnr": 20.82699966430664,
            "sigmagnr": 0.10400000214576721,
            "magzpsci": 26.346500396728516,
            "isdiffpos": "t",
            "ssdistnr": null,
            "ssnamenr": null,
            "drb": null
        },
        {
            "candid": 2334368285815015023,
            "jd": 2460088.868287,
            "ra": 238.8897796,
            "dec": 6.801436,
            "fid": 2,
            "nid": 2334,
            "magpsf": 18.813100814819336,
            "sigmapsf": 0.08207599818706512,
            "magnr": 20.336000442504883,
            "sigmagnr": 0.09000000357627869,
            "magzpsci": 26.252099990844727,
            "isdiffpos": "t",
            "ssdistnr": null,
            "ssnamenr": null,
            "drb": null
        },
        {
            "candid": 2336326425815015007,
            "jd": 2460090.8264236,
            "ra": 238.8897881,
            "dec": 6.8014291,
            "fid": 2,
            "nid": 2336,
            "magpsf": 18.770599365234375,
            "sigmapsf": 0.12166599929332733,
            "magnr": 20.336000442504883,
            "sigmagnr": 0.09000000357627869,
            "magzpsci": 26.23859977722168,
            "isdiffpos": "t",
            "ssdistnr": null,
            "ssnamenr": null,
            "drb": null
        },
        {
            "candid": 2338402365815015015,
            "jd": 2460092.9023611,
            "ra": 238.8897719,
            "dec": 6.8014644,
            "fid": 2,
            "nid": 2338,
            "magpsf": 18.721099853515625,
            "sigmapsf": 0.09747900068759918,
            "magnr": 20.336000442504883,
            "sigmagnr": 0.09000000357627869,
            "magzpsci": 26.240100860595703,
            "isdiffpos": "t",
            "ssdistnr": null,
            "ssnamenr": null,
            "drb": null
        },
        {
            "candid": 2340417115815015016,
            "jd": 2460094.9171181,
            "ra": 238.8897809,
            "dec": 6.8014759,
            "fid": 1,
            "nid": 2340,
            "magpsf": 19.16230010986328,
            "sigmapsf": 0.11226999759674072,
            "magnr": 20.82699966430664,
            "sigmagnr": 0.10400000214576721,
            "magzpsci": 26.30229949951172,
            "isdiffpos": "t",
            "ssdistnr": null,
            "ssnamenr": null,
            "drb": null
        },
        {
            "candid": 2345383705815015004,
            "jd": 2460099.8837037,
            "ra": 238.8897651,
            "dec": 6.8013506,
            "fid": 2,
            "nid": 2345,
            "magpsf": 18.478099822998047,
            "sigmapsf": 0.14222100377082825,
            "magnr": 20.336000442504883,
            "sigmagnr": 0.09000000357627869,
            "magzpsci": 26.20709991455078,
            "isdiffpos": "t",
            "ssdistnr": null,
            "ssnamenr": null,
            "drb": null
        },
        {
            "candid": 2347353405815015006,
            "jd": 2460101.8534028,
            "ra": 238.8897545,
            "dec": 6.8014185,
            "fid": 2,
            "nid": 2347,
            "magpsf": 18.57939910888672,
            "sigmapsf": 0.09967300295829773,
            "magnr": 20.336000442504883,
            "sigmagnr": 0.09000000357627869,
            "magzpsci": 26.236400604248047,
            "isdiffpos": "t",
            "ssdistnr": null,
            "ssnamenr": null,
            "drb": null
        },
        {
            "candid": 2347395915815015007,
            "jd": 2460101.8959144,
            "ra": 238.8896672,
            "dec": 6.8014248,
            "fid": 1,
            "nid": 2347,
            "magpsf": 19.361799240112305,
            "sigmapsf": 0.2373500019311905,
            "magnr": 20.82699966430664,
            "sigmagnr": 0.10400000214576721,
            "magzpsci": 26.266799926757812,
            "isdiffpos": "t",
            "ssdistnr": null,
            "ssnamenr": null,
            "drb": null
        },
        {
            "candid": 2349226065815015019,
            "jd": 2460103.7260648,
            "ra": 238.8897952,
            "dec": 6.8014334,
            "fid": 2,
            "nid": 2349,
            "magpsf": 18.58919906616211,
            "sigmapsf": 0.10857199877500534,
            "magnr": 20.336000442504883,
            "sigmagnr": 0.09000000357627869,
            "magzpsci": 26.228200912475586,
            "isdiffpos": "t",
            "ssdistnr": null,
            "ssnamenr": null,
            "drb": null
        },
        {
            "candid": 2349268565815015021,
            "jd": 2460103.7685648,
            "ra": 238.8897685,
            "dec": 6.801436,
            "fid": 1,
            "nid": 2349,
            "magpsf": 19.464799880981445,
            "sigmapsf": 0.14622099697589874,
            "magnr": 20.82699966430664,
            "sigmagnr": 0.10400000214576721,
            "magzpsci": 26.328800201416016,
            "isdiffpos": "t",
            "ssdistnr": null,
            "ssnamenr": null,
            "drb": null
        },
        {
            "candid": 2351277155815015026,
            "jd": 2460105.7771528,
            "ra": 238.8897908,
            "dec": 6.8014778,
            "fid": 2,
            "nid": 2351,
            "magpsf": 18.630300521850586,
            "sigmapsf": 0.07930400222539902,
            "magnr": 20.336000442504883,
            "sigmagnr": 0.09000000357627869,
            "magzpsci": 26.07430076599121,
            "isdiffpos": "t",
            "ssdistnr": null,
            "ssnamenr": null,
            "drb": null
        },
        {
            "candid": 2356279815815015019,
            "jd": 2460110.7798148,
            "ra": 238.8898207,
            "dec": 6.8014652,
            "fid": 1,
            "nid": 2356,
            "magpsf": 19.782699584960938,
            "sigmapsf": 0.14639399945735931,
            "magnr": 20.82699966430664,
            "sigmagnr": 0.10400000214576721,
            "magzpsci": 26.262699127197266,
            "isdiffpos": "t",
            "ssdistnr": null,
            "ssnamenr": null,
            "drb": null
        },
        {
            "candid": 2356326675815015031,
            "jd": 2460110.8266782,
            "ra": 238.8897851,
            "dec": 6.8014319,
            "fid": 2,
            "nid": 2356,
            "magpsf": 18.706600189208984,
            "sigmapsf": 0.08057600259780884,
            "magnr": 20.336000442504883,
            "sigmagnr": 0.09000000357627869,
            "magzpsci": 26.207599639892578,
            "isdiffpos": "t",
            "ssdistnr": null,
            "ssnamenr": null,
            "drb": null
        },
        {
            "candid": 2358301055815015012,
            "jd": 2460112.8010532,
            "ra": 238.889792,
            "dec": 6.8014762,
            "fid": 2,
            "nid": 2358,
            "magpsf": 18.699800491333008,
            "sigmapsf": 0.09284599870443344,
            "magnr": 20.336000442504883,
            "sigmagnr": 0.09000000357627869,
            "magzpsci": 26.201799392700195,
            "isdiffpos": "t",
            "ssdistnr": null,
            "ssnamenr": null,
            "drb": null
        },
        {
            "candid": 2360278435815015008,
            "jd": 2460114.7784375,
            "ra": 238.8898142,
            "dec": 6.8014438,
            "fid": 1,
            "nid": 2360,
            "magpsf": 19.862699508666992,
            "sigmapsf": 0.18268199265003204,
            "magnr": 20.82699966430664,
            "sigmagnr": 0.10400000214576721,
            "magzpsci": 26.37969970703125,
            "isdiffpos": "t",
            "ssdistnr": null,
            "ssnamenr": null,
            "drb": null
        },
        {
            "candid": 2360327105815015013,
            "jd": 2460114.8271065,
            "ra": 238.8897943,
            "dec": 6.8014501,
            "fid": 2,
            "nid": 2360,
            "magpsf": 18.7677001953125,
            "sigmapsf": 0.09581100195646286,
            "magnr": 20.336000442504883,
            "sigmagnr": 0.09000000357627869,
            "magzpsci": 26.28070068359375,
            "isdiffpos": "t",
            "ssdistnr": null,
            "ssnamenr": null,
            "drb": null
        },
        {
            "candid": 2362290235815015014,
            "jd": 2460116.7902315,
            "ra": 238.8897712,
            "dec": 6.8014483,
            "fid": 2,
            "nid": 2362,
            "magpsf": 18.80150032043457,
            "sigmapsf": 0.07525400072336197,
            "magnr": 20.336000442504883,
            "sigmagnr": 0.09000000357627869,
            "magzpsci": 26.26650047302246,
            "isdiffpos": "t",
            "ssdistnr": null,
            "ssnamenr": null,
            "drb": null
        },
        {
            "candid": 2362333285815015008,
            "jd": 2460116.833287,
            "ra": 238.8898743,
            "dec": 6.8014659,
            "fid": 1,
            "nid": 2362,
            "magpsf": 20.105899810791016,
            "sigmapsf": 0.3640980124473572,
            "magnr": 20.82699966430664,
            "sigmagnr": 0.10400000214576721,
            "magzpsci": 26.26289939880371,
            "isdiffpos": "t",
            "ssdistnr": null,
            "ssnamenr": null,
            "drb": null
        },
        {
            "candid": 2365290795815015012,
            "jd": 2460119.7907986,
            "ra": 238.8898282,
            "dec": 6.8014812,
            "fid": 1,
            "nid": 2365,
            "magpsf": 20.11210060119629,
            "sigmapsf": 0.22122399508953094,
            "magnr": 20.82699966430664,
            "sigmagnr": 0.10400000214576721,
            "magzpsci": 26.36009979248047,
            "isdiffpos": "t",
            "ssdistnr": null,
            "ssnamenr": null,
            "drb": null
        },
        {
            "candid": 2365318925815015019,
            "jd": 2460119.8189236,
            "ra": 238.8897875,
            "dec": 6.8014435,
            "fid": 2,
            "nid": 2365,
            "magpsf": 18.824199676513672,
            "sigmapsf": 0.11539900302886963,
            "magnr": 20.336000442504883,
            "sigmagnr": 0.09000000357627869,
            "magzpsci": 26.281200408935547,
            "isdiffpos": "t",
            "ssdistnr": null,
            "ssnamenr": null,
            "drb": null
        },
        {
            "candid": 2367277285815015011,
            "jd": 2460121.7772801,
            "ra": 238.8897571,
            "dec": 6.8014553,
            "fid": 2,
            "nid": 2367,
            "magpsf": 18.832700729370117,
            "sigmapsf": 0.09688299894332886,
            "magnr": 20.336000442504883,
            "sigmagnr": 0.09000000357627869,
            "magzpsci": 26.297700881958008,
            "isdiffpos": "t",
            "ssdistnr": null,
            "ssnamenr": null,
            "drb": null
        },
        {
            "candid": 2369279945815015006,
            "jd": 2460123.7799421,
            "ra": 238.8898582,
            "dec": 6.8013141,
            "fid": 1,
            "nid": 2369,
            "magpsf": 20.124500274658203,
            "sigmapsf": 0.2403540015220642,
            "magnr": 20.82699966430664,
            "sigmagnr": 0.10400000214576721,
            "magzpsci": 26.34950065612793,
            "isdiffpos": "t",
            "ssdistnr": null,
            "ssnamenr": null,
            "drb": null
        },
        {
            "candid": 2371288705815015003,
            "jd": 2460125.7887037,
            "ra": 238.8898017,
            "dec": 6.8014998,
            "fid": 2,
            "nid": 2371,
            "magpsf": 18.878400802612305,
            "sigmapsf": 0.17232400178909302,
            "magnr": 20.336000442504883,
            "sigmagnr": 0.09000000357627869,
            "magzpsci": 26.244400024414062,
            "isdiffpos": "t",
            "ssdistnr": null,
            "ssnamenr": null,
            "drb": null
        },
        {
            "candid": 2373252805815015001,
            "jd": 2460127.7528009,
            "ra": 238.889757,
            "dec": 6.8014598,
            "fid": 2,
            "nid": 2373,
            "magpsf": 18.92959976196289,
            "sigmapsf": 0.14676600694656372,
            "magnr": 20.336000442504883,
            "sigmagnr": 0.09000000357627869,
            "magzpsci": 26.25860023498535,
            "isdiffpos": "t",
            "ssdistnr": null,
            "ssnamenr": null,
            "drb": null
        },
        {
            "candid": 2378191125815015015,
            "jd": 2460132.6911227,
            "ra": 238.8897918,
            "dec": 6.8014405,
            "fid": 2,
            "nid": 2378,
            "magpsf": 18.98390007019043,
            "sigmapsf": 0.10139500349760056,
            "magnr": 20.336000442504883,
            "sigmagnr": 0.09000000357627869,
            "magzpsci": 26.296899795532227,
            "isdiffpos": "t",
            "ssdistnr": null,
            "ssnamenr": null,
            "drb": null
        },
        {
            "candid": 2380192435815015026,
            "jd": 2460134.6924306,
            "ra": 238.8897829,
            "dec": 6.8014382,
            "fid": 2,
            "nid": 2380,
            "magpsf": 19.138200759887695,
            "sigmapsf": 0.07880499958992004,
            "magnr": 20.336000442504883,
            "sigmagnr": 0.09000000357627869,
            "magzpsci": 26.30620002746582,
            "isdiffpos": "t",
            "ssdistnr": null,
            "ssnamenr": null,
            "drb": null
        },
        {
            "candid": 2382190115815015017,
            "jd": 2460136.6901157,
            "ra": 238.889807,
            "dec": 6.801503,
            "fid": 1,
            "nid": 2382,
            "magpsf": 20.504899978637695,
            "sigmapsf": 0.23232200741767883,
            "magnr": 20.82699966430664,
            "sigmagnr": 0.10400000214576721,
            "magzpsci": 26.359899520874023,
            "isdiffpos": "t",
            "ssdistnr": null,
            "ssnamenr": null,
            "drb": null
        },
        {
            "candid": 2382289975815015017,
            "jd": 2460136.7899769,
            "ra": 238.8897769,
            "dec": 6.8014465,
            "fid": 2,
            "nid": 2382,
            "magpsf": 19.155099868774414,
            "sigmapsf": 0.08630300313234329,
            "magnr": 20.336000442504883,
            "sigmagnr": 0.09000000357627869,
            "magzpsci": 26.247100830078125,
            "isdiffpos": "t",
            "ssdistnr": null,
            "ssnamenr": null,
            "drb": null
        },
        {
            "candid": 2384236845815015010,
            "jd": 2460138.7368403,
            "ra": 238.8897933,
            "dec": 6.8014714,
            "fid": 1,
            "nid": 2384,
            "magpsf": 20.510700225830078,
            "sigmapsf": 0.3230530023574829,
            "magnr": 20.82699966430664,
            "sigmagnr": 0.10400000214576721,
            "magzpsci": 26.104700088500977,
            "isdiffpos": "t",
            "ssdistnr": null,
            "ssnamenr": null,
            "drb": null
        },
        {
            "candid": 2386232685815015016,
            "jd": 2460140.7326852,
            "ra": 238.8897865,
            "dec": 6.8014206,
            "fid": 2,
            "nid": 2386,
            "magpsf": 19.281600952148438,
            "sigmapsf": 0.11047500371932983,
            "magnr": 20.336000442504883,
            "sigmagnr": 0.09000000357627869,
            "magzpsci": 26.26259994506836,
            "isdiffpos": "t",
            "ssdistnr": null,
            "ssnamenr": null,
            "drb": null
        },
        {
            "candid": 2386277825815015014,
            "jd": 2460140.7778241,
            "ra": 238.8898156,
            "dec": 6.8013354,
            "fid": 1,
            "nid": 2386,
            "magpsf": 20.552499771118164,
            "sigmapsf": 0.3256169855594635,
            "magnr": 20.82699966430664,
            "sigmagnr": 0.10400000214576721,
            "magzpsci": 26.3075008392334,
            "isdiffpos": "t",
            "ssdistnr": null,
            "ssnamenr": null,
            "drb": null
        },
        {
            "candid": 2389202045815015016,
            "jd": 2460143.7020486,
            "ra": 238.8898575,
            "dec": 6.8015193,
            "fid": 1,
            "nid": 2389,
            "magpsf": 20.79439926147461,
            "sigmapsf": 0.2830919921398163,
            "magnr": 20.82699966430664,
            "sigmagnr": 0.10400000214576721,
            "magzpsci": 26.36039924621582,
            "isdiffpos": "t",
            "ssdistnr": null,
            "ssnamenr": null,
            "drb": null
        },
        {
            "candid": 2389232375815015017,
            "jd": 2460143.7323727,
            "ra": 238.8897829,
            "dec": 6.8014528,
            "fid": 2,
            "nid": 2389,
            "magpsf": 19.270000457763672,
            "sigmapsf": 0.10972899943590164,
            "magnr": 20.336000442504883,
            "sigmagnr": 0.09000000357627869,
            "magzpsci": 26.257999420166016,
            "isdiffpos": "t",
            "ssdistnr": null,
            "ssnamenr": null,
            "drb": null
        },
        {
            "candid": 2391255675815015019,
            "jd": 2460145.7556713,
            "ra": 238.8897758,
            "dec": 6.8014682,
            "fid": 2,
            "nid": 2391,
            "magpsf": 19.423900604248047,
            "sigmapsf": 0.12447000294923782,
            "magnr": 20.336000442504883,
            "sigmagnr": 0.09000000357627869,
            "magzpsci": 26.269899368286133,
            "isdiffpos": "t",
            "ssdistnr": null,
            "ssnamenr": null,
            "drb": null
        },
        {
            "candid": 2393196675815015010,
            "jd": 2460147.6966782,
            "ra": 238.8898539,
            "dec": 6.8014326,
            "fid": 1,
            "nid": 2393,
            "magpsf": 20.727100372314453,
            "sigmapsf": 0.37269699573516846,
            "magnr": 20.82699966430664,
            "sigmagnr": 0.10400000214576721,
            "magzpsci": 26.33209991455078,
            "isdiffpos": "t",
            "ssdistnr": null,
            "ssnamenr": null,
            "drb": null
        },
        {
            "candid": 2393270245815015007,
            "jd": 2460147.7702431,
            "ra": 238.8897616,
            "dec": 6.8014799,
            "fid": 2,
            "nid": 2393,
            "magpsf": 19.477699279785156,
            "sigmapsf": 0.1430249959230423,
            "magnr": 20.336000442504883,
            "sigmagnr": 0.09000000357627869,
            "magzpsci": 26.22170066833496,
            "isdiffpos": "t",
            "ssdistnr": null,
            "ssnamenr": null,
            "drb": null
        },
        {
            "candid": 2395250085815015006,
            "jd": 2460149.750081,
            "ra": 238.8898234,
            "dec": 6.8014326,
            "fid": 2,
            "nid": 2395,
            "magpsf": 19.554000854492188,
            "sigmapsf": 0.20181800425052643,
            "magnr": 20.336000442504883,
            "sigmagnr": 0.09000000357627869,
            "magzpsci": 25.908000946044922,
            "isdiffpos": "t",
            "ssdistnr": null,
            "ssnamenr": null,
            "drb": null
        },
        {
            "candid": 2397180545815015008,
            "jd": 2460151.680544,
            "ra": 238.8897942,
            "dec": 6.8013964,
            "fid": 2,
            "nid": 2397,
            "magpsf": 19.673999786376953,
            "sigmapsf": 0.19877299666404724,
            "magnr": 20.336000442504883,
            "sigmagnr": 0.09000000357627869,
            "magzpsci": 26.243999481201172,
            "isdiffpos": "t",
            "ssdistnr": null,
            "ssnamenr": null,
            "drb": null
        },
        {
            "candid": 2399232695815015008,
            "jd": 2460153.7326968,
            "ra": 238.8898568,
            "dec": 6.8015048,
            "fid": 2,
            "nid": 2399,
            "magpsf": 19.327199935913086,
            "sigmapsf": 0.1808059960603714,
            "magnr": 20.336000442504883,
            "sigmagnr": 0.09000000357627869,
            "magzpsci": 26.224199295043945,
            "isdiffpos": "t",
            "ssdistnr": null,
            "ssnamenr": null,
            "drb": null
        },
        {
            "candid": 2409276845815015008,
            "jd": 2460163.7768403,
            "ra": 238.889693,
            "dec": 6.8013708,
            "fid": 2,
            "nid": 2409,
            "magpsf": 19.773000717163086,
            "sigmapsf": 0.20819500088691711,
            "magnr": 20.336000442504883,
            "sigmagnr": 0.09000000357627869,
            "magzpsci": 26.20800018310547,
            "isdiffpos": "t",
            "ssdistnr": null,
            "ssnamenr": null,
            "drb": null
        },
        {
            "candid": 2411191285815015013,
            "jd": 2460165.6912847,
            "ra": 238.8897381,
            "dec": 6.8014436,
            "fid": 2,
            "nid": 2411,
            "magpsf": 19.724069595336914,
            "sigmapsf": 0.18606771528720856,
            "magnr": 20.336000442504883,
            "sigmagnr": 0.09000000357627869,
            "magzpsci": 26.247068405151367,
            "isdiffpos": "t",
            "ssdistnr": -999.0,
            "ssnamenr": "null",
            "drb": null
        },
        {
            "jd": 2460046.8754398,
            "fid": 2,
            "diffmaglim": 20.15399932861328
        },
        {
            "jd": 2460050.9404745,
            "fid": 2,
            "diffmaglim": 20.364700317382812
        },
        {
            "jd": 2460050.9631134,
            "fid": 1,
            "diffmaglim": 20.72760009765625
        },
        {
            "jd": 2460053.8956713,
            "fid": 1,
            "diffmaglim": 20.28809928894043
        },
        {
            "jd": 2460055.8992014,
            "fid": 2,
            "diffmaglim": 20.424999237060547
        },
        {
            "jd": 2460055.940544,
            "fid": 1,
            "diffmaglim": 20.449899673461914
        },
        {
            "jd": 2460057.8967708,
            "fid": 2,
            "diffmaglim": 19.802499771118164
        },
        {
            "jd": 2460057.9684375,
            "fid": 1,
            "diffmaglim": 20.577899932861328
        },
        {
            "jd": 2460059.8720139,
            "fid": 1,
            "diffmaglim": 20.418500900268555
        },
        {
            "jd": 2460059.9430787,
            "fid": 2,
            "diffmaglim": 20.26129913330078
        },
        {
            "jd": 2460061.9132639,
            "fid": 1,
            "diffmaglim": 20.437000274658203
        },
        {
            "jd": 2460063.9000579,
            "fid": 2,
            "diffmaglim": 20.419300079345703
        },
        {
            "jd": 2460063.9415625,
            "fid": 1,
            "diffmaglim": 20.609600067138672
        },
        {
            "jd": 2460067.8714583,
            "fid": 2,
            "diffmaglim": 19.33530044555664
        },
        {
            "jd": 2460067.9462384,
            "fid": 1,
            "diffmaglim": 19.22800064086914
        },
        {
            "jd": 2460099.9302662,
            "fid": 1,
            "diffmaglim": 18.516199111938477
        },
        {
            "jd": 2460121.6982523,
            "fid": 1,
            "diffmaglim": 20.28569984436035
        },
        {
            "jd": 2460125.7937384,
            "fid": 1,
            "diffmaglim": 19.416400909423828
        },
        {
            "jd": 2460134.8622338,
            "fid": 1,
            "diffmaglim": 19.771799087524414
        },
        {
            "jd": 2460145.7346759,
            "fid": 1,
            "diffmaglim": 20.51930046081543
        },
        {
            "jd": 2460149.7745255,
            "fid": 1,
            "diffmaglim": 20.224300384521484
        },
        {
            "jd": 2460151.7905903,
            "fid": 1,
            "diffmaglim": 19.930299758911133
        },
        {
            "jd": 2460155.7340278,
            "fid": 1,
            "diffmaglim": 19.350799560546875
        },
        {
            "jd": 2460155.7747222,
            "fid": 2,
            "diffmaglim": 19.407100677490234
        },
        {
            "jd": 2460158.7325579,
            "fid": 2,
            "diffmaglim": 19.285600662231445
        },
        {
            "jd": 2460161.6947454,
            "fid": 1,
            "diffmaglim": 20.453100204467773
        },
        {
            "jd": 2460163.7350463,
            "fid": 1,
            "diffmaglim": 20.35770034790039
        }
    ],
    "forcedphot": []
}