{
    "objectId": "ZTF24aaiemke",
    "candidates": [
        {
            "candid": 2643402192315015029,
            "jd": 2460397.9021991,
            "ra": 193.2929686,
            "dec": -4.2281267,
            "fid": 2,
            "nid": 2643,
            "magpsf": 19.874500274658203,
            "sigmapsf": 0.24143600463867188,
            "magnr": 19.114999771118164,
            "sigmagnr": 0.10000000149011612,
            "magzpsci": 26.344499588012695,
            "isdiffpos": "t",
            "ssdistnr": null,
            "ssnamenr": null,
            "drb": null
        },
        {
            "candid": 2649336192315015031,
            "jd": 2460403.8361921,
            "ra": 193.2929016,
            "dec": -4.2280184,
            "fid": 1,
            "nid": 2649,
            "magpsf": 20.180700302124023,
            "sigmapsf": 0.2099049985408783,
            "magnr": 19.969999313354492,
            "sigmagnr": 0.10999999940395355,
            "magzpsci": 26.32670021057129,
            "isdiffpos": "t",
            "ssdistnr": null,
            "ssnamenr": null,
            "drb": null
        },
        {
            "candid": 2649357492315015037,
            "jd": 2460403.8575,
            "ra": 193.2929051,
            "dec": -4.2280553,
            "fid": 2,
            "nid": 2649,
            "magpsf": 19.51689910888672,
            "sigmapsf": 0.08233000338077545,
            "magnr": 19.114999771118164,
            "sigmagnr": 0.10000000149011612,
            "magzpsci": 26.35689926147461,
            "isdiffpos": "t",
            "ssdistnr": null,
            "ssnamenr": null,
            "drb": null
        },
        {
            "candid": 2653315432315015028,
            "jd": 2460407.8154398,
            "ra": 193.2928808,
            "dec": -4.2280037,
            "fid": 1,
            "nid": 2653,
            "magpsf": 19.904800415039062,
            "sigmapsf": 0.15253399312496185,
            "magnr": 19.969999313354492,
            "sigmagnr": 0.10999999940395355,
            "magzpsci": 26.306800842285156,
            "isdiffpos": "t",
            "ssdistnr": 23.0,
            "ssnamenr": "176640",
            "drb": null
        },
        {
            "candid": 2653358252315015036,
            "jd": 2460407.8582523,
            "ra": 193.2929164,
            "dec": -4.2280961,
            "fid": 2,
            "nid": 2653,
            "magpsf": 19.339500427246094,
            "sigmapsf": 0.09349100291728973,
            "magnr": 19.114999771118164,
            "sigmagnr": 0.10000000149011612,
            "magzpsci": 26.33650016784668,
            "isdiffpos": "t",
            "ssdistnr": 23.0,
            "ssnamenr": "176640",
            "drb": null
        },
        {
            "candid": 2659297912315015041,
            "jd": 2460413.7979167,
            "ra": 193.2928574,
            "dec": -4.2280785,
            "fid": 1,
            "nid": 2659,
            "magpsf": 20.108999252319336,
            "sigmapsf": 0.1998949944972992,
            "magnr": 19.969999313354492,
            "sigmagnr": 0.10999999940395355,
            "magzpsci": 26.30500030517578,
            "isdiffpos": "t",
            "ssdistnr": null,
            "ssnamenr": null,
            "drb": null
        },
        {
            "candid": 2659361782315015039,
            "jd": 2460413.8617824,
            "ra": 193.2929087,
            "dec": -4.228077,
            "fid": 2,
            "nid": 2659,
            "magpsf": 19.322399139404297,
            "sigmapsf": 0.06607899814844131,
            "magnr": 19.114999771118164,
            "sigmagnr": 0.10000000149011612,
            "magzpsci": 26.32040023803711,
            "isdiffpos": "t",
            "ssdistnr": null,
            "ssnamenr": null,
            "drb": null
        },
        {
            "candid": 2663299002315015011,
            "jd": 2460417.7990046,
            "ra": 193.2929379,
            "dec": -4.2280676,
            "fid": 2,
            "nid": 2663,
            "magpsf": 19.444000244140625,
            "sigmapsf": 0.10801299661397934,
            "magnr": 19.114999771118164,
            "sigmagnr": 0.10000000149011612,
            "magzpsci": 26.340999603271484,
            "isdiffpos": "t",
            "ssdistnr": null,
            "ssnamenr": null,
            "drb": null
        },
        {
            "candid": 2663327812315015013,
            "jd": 2460417.8278125,
            "ra": 193.2929501,
            "dec": -4.2281224,
            "fid": 1,
            "nid": 2663,
            "magpsf": 20.229900360107422,
            "sigmapsf": 0.24748000502586365,
            "magnr": 19.969999313354492,
            "sigmagnr": 0.10999999940395355,
            "magzpsci": 26.36590003967285,
            "isdiffpos": "t",
            "ssdistnr": null,
            "ssnamenr": null,
            "drb": null
        },
        {
            "candid": 2665251892315015009,
            "jd": 2460419.7518981,
            "ra": 193.2929138,
            "dec": -4.2280754,
            "fid": 2,
            "nid": 2665,
            "magpsf": 19.448514938354492,
            "sigmapsf": 0.11636675149202347,
            "magnr": 19.114999771118164,
            "sigmagnr": 0.10000000149011612,
            "magzpsci": 26.34351348876953,
            "isdiffpos": "t",
            "ssdistnr": -999.0,
            "ssnamenr": "null",
            "drb": null
        },
        {
            "jd": 2460379.8566898,
            "fid": 1,
            "diffmaglim": 20.206899642944336
        },
        {
            "jd": 2460388.8950116,
            "fid": 2,
            "diffmaglim": 20.027700424194336
        },
        {
            "jd": 2460388.8997685,
            "fid": 1,
            "diffmaglim": 19.88629913330078
        },
        {
            "jd": 2460391.8066435,
            "fid": 1,
            "diffmaglim": 19.439699172973633
        },
        {
            "jd": 2460397.9614468,
            "fid": 1,
            "diffmaglim": 17.696500778198242
        }
    ],
    "forcedphot": [
        {
            "objectid": "ZTF24aaiemke",
            "jd": 2460379.8566898,
            "ranr": 193.2916673,
            "decnr": -4.2281635,
            "fid": 1,
            "forcediffimflux": 4.670596599578857,
            "forcediffimfluxunc": 30.514036178588867,
            "magzpsci": 26.197200775146484
        },
        {
            "objectid": "ZTF24aaiemke",
            "jd": 2460388.8950116,
            "ranr": 193.2922133,
            "decnr": -4.2281169,
            "fid": 2,
            "forcediffimflux": 85.1396713256836,
            "forcediffimfluxunc": 38.20357131958008,
            "magzpsci": 26.34760093688965
        },
        {
            "objectid": "ZTF24aaiemke",
            "jd": 2460388.8997685,
            "ranr": 193.2916673,
            "decnr": -4.2281635,
            "fid": 1,
            "forcediffimflux": 55.91197967529297,
            "forcediffimfluxunc": 51.15736389160156,
            "magzpsci": 26.328699111938477
        },
        {
            "objectid": "ZTF24aaiemke",
            "jd": 2460391.8066435,
            "ranr": 193.2916673,
            "decnr": -4.2281635,
            "fid": 1,
            "forcediffimflux": 91.09754943847656,
            "forcediffimfluxunc": 69.0863265991211,
            "magzpsci": 26.34239959716797
        },
        {
            "objectid": "ZTF24aaiemke",
            "jd": 2460397.9021991,
            "ranr": 193.2922133,
            "decnr": -4.2281169,
            "fid": 2,
            "forcediffimflux": 418.78607177734375,
            "forcediffimfluxunc": 70.78925323486328,
            "magzpsci": 26.344499588012695
        },
        {
            "objectid": "ZTF24aaiemke",
            "jd": 2460403.8361921,
            "ranr": 193.2916673,
            "decnr": -4.2281635,
            "fid": 1,
            "forcediffimflux": 280.3612365722656,
            "forcediffimfluxunc": 29.652578353881836,
            "magzpsci": 26.32670021057129
        },
        {
            "objectid": "ZTF24aaiemke",
            "jd": 2460403.8575,
            "ranr": 193.2922133,
            "decnr": -4.2281169,
            "fid": 2,
            "forcediffimflux": 548.9173583984375,
            "forcediffimfluxunc": 29.950014114379883,
            "magzpsci": 26.35689926147461
        },
        {
            "objectid": "ZTF24aaiemke",
            "jd": 2460407.8154398,
            "ranr": 193.2916673,
            "decnr": -4.2281635,
            "fid": 1,
            "forcediffimflux": 371.4301452636719,
            "forcediffimfluxunc": 31.12898826599121,
            "magzpsci": 26.306800842285156
        },
        {
            "objectid": "ZTF24aaiemke",
            "jd": 2460407.8582523,
            "ranr": 193.2922133,
            "decnr": -4.2281169,
            "fid": 2,
            "forcediffimflux": 628.6560668945312,
            "forcediffimfluxunc": 31.59138298034668,
            "magzpsci": 26.33650016784668
        },
        {
            "objectid": "ZTF24aaiemke",
            "jd": 2460413.7979167,
            "ranr": 193.2916673,
            "decnr": -4.2281635,
            "fid": 1,
            "forcediffimflux": 299.5381164550781,
            "forcediffimfluxunc": 33.06146240234375,
            "magzpsci": 26.30500030517578
        },
        {
            "objectid": "ZTF24aaiemke",
            "jd": 2460413.8617824,
            "ranr": 193.2922133,
            "decnr": -4.2281169,
            "fid": 2,
            "forcediffimflux": 617.9228515625,
            "forcediffimfluxunc": 29.497392654418945,
            "magzpsci": 26.32040023803711
        },
        {
            "objectid": "ZTF24aaiemke",
            "jd": 2460417.7990046,
            "ranr": 193.2922133,
            "decnr": -4.2281169,
            "fid": 2,
            "forcediffimflux": 586.0433349609375,
            "forcediffimfluxunc": 33.988548278808594,
            "magzpsci": 26.340999603271484
        },
        {
            "objectid": "ZTF24aaiemke",
            "jd": 2460417.8278125,
            "ranr": 193.2916673,
            "decnr": -4.2281635,
            "fid": 1,
            "forcediffimflux": 286.4002990722656,
            "forcediffimfluxunc": 55.960289001464844,
            "magzpsci": 26.36590003967285
        }
    ]
}