{
    "objectId": "ZTF21acjoorl",
    "candidates": [
        {
            "candid": 1764356670815015022,
            "jd": 2459518.8566782,
            "ra": 96.7574121,
            "dec": -12.5217152,
            "fid": 1,
            "nid": 1764,
            "magpsf": 19.87299919128418,
            "sigmapsf": 0.16809000074863434,
            "magnr": 20.158000946044922,
            "sigmagnr": 0.08500000089406967,
            "magzpsci": 26.23699951171875,
            "isdiffpos": "t",
            "ssdistnr": null,
            "ssnamenr": null,
            "drb": 0.9997339844703674
        },
        {
            "candid": 1764487220815015015,
            "jd": 2459518.9872222,
            "ra": 96.7573814,
            "dec": -12.5217063,
            "fid": 2,
            "nid": 1764,
            "magpsf": 18.840299606323242,
            "sigmapsf": 0.062164999544620514,
            "magnr": 19.347999572753906,
            "sigmagnr": 0.10199999809265137,
            "magzpsci": 26.30030059814453,
            "isdiffpos": "t",
            "ssdistnr": null,
            "ssnamenr": null,
            "drb": null
        },
        {
            "candid": 1768338810815015011,
            "jd": 2459522.8388194,
            "ra": 96.7573945,
            "dec": -12.5217336,
            "fid": 2,
            "nid": 1768,
            "magpsf": 18.315900802612305,
            "sigmapsf": 0.061539001762866974,
            "magnr": 19.347999572753906,
            "sigmagnr": 0.10199999809265137,
            "magzpsci": 26.222900390625,
            "isdiffpos": "t",
            "ssdistnr": null,
            "ssnamenr": null,
            "drb": null
        },
        {
            "candid": 1770339830815015029,
            "jd": 2459524.839838,
            "ra": 96.7573912,
            "dec": -12.5217135,
            "fid": 1,
            "nid": 1770,
            "magpsf": 19.195499420166016,
            "sigmapsf": 0.09720700234174728,
            "magnr": 20.158000946044922,
            "sigmagnr": 0.08500000089406967,
            "magzpsci": 26.234500885009766,
            "isdiffpos": "t",
            "ssdistnr": null,
            "ssnamenr": null,
            "drb": null
        },
        {
            "candid": 1770361120815015014,
            "jd": 2459524.8611227,
            "ra": 96.7573855,
            "dec": -12.5217295,
            "fid": 2,
            "nid": 1770,
            "magpsf": 18.177499771118164,
            "sigmapsf": 0.05297299847006798,
            "magnr": 19.347999572753906,
            "sigmagnr": 0.10199999809265137,
            "magzpsci": 26.273500442504883,
            "isdiffpos": "t",
            "ssdistnr": null,
            "ssnamenr": null,
            "drb": null
        },
        {
            "candid": 1772445210815015016,
            "jd": 2459526.9452199,
            "ra": 96.7574056,
            "dec": -12.5217131,
            "fid": 1,
            "nid": 1772,
            "magpsf": 19.202999114990234,
            "sigmapsf": 0.10080499947071075,
            "magnr": 20.158000946044922,
            "sigmagnr": 0.08500000089406967,
            "magzpsci": 26.39900016784668,
            "isdiffpos": "t",
            "ssdistnr": null,
            "ssnamenr": null,
            "drb": null
        },
        {
            "candid": 1772483910815015007,
            "jd": 2459526.983912,
            "ra": 96.7573929,
            "dec": -12.5217141,
            "fid": 2,
            "nid": 1772,
            "magpsf": 18.081100463867188,
            "sigmapsf": 0.05127900093793869,
            "magnr": 19.347999572753906,
            "sigmagnr": 0.10199999809265137,
            "magzpsci": 26.31410026550293,
            "isdiffpos": "t",
            "ssdistnr": null,
            "ssnamenr": null,
            "drb": null
        },
        {
            "candid": 1775359790815015014,
            "jd": 2459529.8597917,
            "ra": 96.7573973,
            "dec": -12.521734,
            "fid": 2,
            "nid": 1775,
            "magpsf": 18.027999877929688,
            "sigmapsf": 0.057144999504089355,
            "magnr": 19.347999572753906,
            "sigmagnr": 0.10199999809265137,
            "magzpsci": 26.281999588012695,
            "isdiffpos": "t",
            "ssdistnr": null,
            "ssnamenr": null,
            "drb": null
        },
        {
            "candid": 1775395870815015017,
            "jd": 2459529.8958796,
            "ra": 96.757425,
            "dec": -12.5217432,
            "fid": 1,
            "nid": 1775,
            "magpsf": 19.152799606323242,
            "sigmapsf": 0.10509300231933594,
            "magnr": 20.158000946044922,
            "sigmagnr": 0.08500000089406967,
            "magzpsci": 26.346799850463867,
            "isdiffpos": "t",
            "ssdistnr": null,
            "ssnamenr": null,
            "drb": null
        },
        {
            "candid": 1776418790815015035,
            "jd": 2459530.9187963,
            "ra": 96.7574724,
            "dec": -12.5218623,
            "fid": 1,
            "nid": 1776,
            "magpsf": 19.039600372314453,
            "sigmapsf": 0.18568700551986694,
            "magnr": 20.158000946044922,
            "sigmagnr": 0.08500000089406967,
            "magzpsci": 26.35460090637207,
            "isdiffpos": "t",
            "ssdistnr": null,
            "ssnamenr": null,
            "drb": null
        },
        {
            "candid": 1778301280815015012,
            "jd": 2459532.8012847,
            "ra": 96.7573588,
            "dec": -12.521496,
            "fid": 1,
            "nid": 1778,
            "magpsf": 19.205799102783203,
            "sigmapsf": 0.1803860068321228,
            "magnr": 20.158000946044922,
            "sigmagnr": 0.08500000089406967,
            "magzpsci": 26.155799865722656,
            "isdiffpos": "t",
            "ssdistnr": null,
            "ssnamenr": null,
            "drb": null
        },
        {
            "candid": 1778419290815015033,
            "jd": 2459532.919294,
            "ra": 96.7574038,
            "dec": -12.5217263,
            "fid": 2,
            "nid": 1778,
            "magpsf": 18.06100082397461,
            "sigmapsf": 0.052967000752687454,
            "magnr": 19.347999572753906,
            "sigmagnr": 0.10199999809265137,
            "magzpsci": 26.30500030517578,
            "isdiffpos": "t",
            "ssdistnr": null,
            "ssnamenr": null,
            "drb": null
        },
        {
            "candid": 1783380710815015013,
            "jd": 2459537.8807176,
            "ra": 96.7573936,
            "dec": -12.5217171,
            "fid": 2,
            "nid": 1783,
            "magpsf": 18.08639907836914,
            "sigmapsf": 0.053217001259326935,
            "magnr": 19.347999572753906,
            "sigmagnr": 0.10199999809265137,
            "magzpsci": 26.26140022277832,
            "isdiffpos": "t",
            "ssdistnr": null,
            "ssnamenr": null,
            "drb": null
        },
        {
            "candid": 1783417750815015017,
            "jd": 2459537.9177546,
            "ra": 96.75739,
            "dec": -12.521774,
            "fid": 1,
            "nid": 1783,
            "magpsf": 19.372499465942383,
            "sigmapsf": 0.11422999948263168,
            "magnr": 20.158000946044922,
            "sigmagnr": 0.08500000089406967,
            "magzpsci": 26.335500717163086,
            "isdiffpos": "t",
            "ssdistnr": null,
            "ssnamenr": null,
            "drb": null
        },
        {
            "candid": 1784310080815015015,
            "jd": 2459538.810081,
            "ra": 96.7573847,
            "dec": -12.5217104,
            "fid": 2,
            "nid": 1784,
            "magpsf": 18.0451602935791,
            "sigmapsf": 0.06911099702119827,
            "magnr": 19.347999572753906,
            "sigmagnr": 0.10199999809265137,
            "magzpsci": 26.261159896850586,
            "isdiffpos": "t",
            "ssdistnr": -999.0,
            "ssnamenr": "null",
            "drb": null
        },
        {
            "jd": 2459496.9264352,
            "fid": 2,
            "diffmaglim": 19.950300216674805
        },
        {
            "jd": 2459497.0008681,
            "fid": 1,
            "diffmaglim": 18.144800186157227
        },
        {
            "jd": 2459500.9411227,
            "fid": 1,
            "diffmaglim": 19.83609962463379
        },
        {
            "jd": 2459503.8798495,
            "fid": 2,
            "diffmaglim": 19.20829963684082
        },
        {
            "jd": 2459509.8969097,
            "fid": 1,
            "diffmaglim": 19.28459930419922
        },
        {
            "jd": 2459509.9408333,
            "fid": 2,
            "diffmaglim": 19.742700576782227
        },
        {
            "jd": 2459512.8658796,
            "fid": 2,
            "diffmaglim": 19.559900283813477
        }
    ],
    "forcedphot": []
}