{
    "objectId": "ZTF22aaddxtr",
    "candidates": [
        {
            "candid": 1917338060515025025,
            "jd": 2459671.8380671,
            "ra": 173.7275749,
            "dec": 23.4370127,
            "fid": 2,
            "nid": 1917,
            "magpsf": 19.310199737548828,
            "sigmapsf": 0.0858440026640892,
            "magnr": 20.770999908447266,
            "sigmagnr": 0.13600000739097595,
            "magzpsci": 26.369199752807617,
            "isdiffpos": "t",
            "ssdistnr": null,
            "ssnamenr": null,
            "drb": null
        },
        {
            "candid": 1917414560515015012,
            "jd": 2459671.9145602,
            "ra": 173.7276126,
            "dec": 23.4369868,
            "fid": 1,
            "nid": 1917,
            "magpsf": 20.604700088500977,
            "sigmapsf": 0.2275959998369217,
            "magnr": 20.569000244140625,
            "sigmagnr": 0.11699999868869781,
            "magzpsci": 26.360700607299805,
            "isdiffpos": "t",
            "ssdistnr": 18.0,
            "ssnamenr": "107130",
            "drb": null
        },
        {
            "candid": 1917414560515025011,
            "jd": 2459671.9145602,
            "ra": 173.7276219,
            "dec": 23.4369755,
            "fid": 1,
            "nid": 1917,
            "magpsf": 20.65920066833496,
            "sigmapsf": 0.23777300119400024,
            "magnr": 20.569000244140625,
            "sigmagnr": 0.11699999868869781,
            "magzpsci": 26.357200622558594,
            "isdiffpos": "t",
            "ssdistnr": 17.0,
            "ssnamenr": "107130",
            "drb": null
        },
        {
            "candid": 1920381300515015008,
            "jd": 2459674.8813079,
            "ra": 173.7276489,
            "dec": 23.4369597,
            "fid": 1,
            "nid": 1920,
            "magpsf": 20.71109962463379,
            "sigmapsf": 0.28027600049972534,
            "magnr": 20.569000244140625,
            "sigmagnr": 0.11699999868869781,
            "magzpsci": 26.35810089111328,
            "isdiffpos": "t",
            "ssdistnr": null,
            "ssnamenr": null,
            "drb": null
        },
        {
            "candid": 1922352930515015015,
            "jd": 2459676.8529398,
            "ra": 173.7276173,
            "dec": 23.4370339,
            "fid": 2,
            "nid": 1922,
            "magpsf": 19.61280059814453,
            "sigmapsf": 0.20214299857616425,
            "magnr": 20.770999908447266,
            "sigmagnr": 0.13600000739097595,
            "magzpsci": 26.22879981994629,
            "isdiffpos": "t",
            "ssdistnr": null,
            "ssnamenr": null,
            "drb": null
        },
        {
            "candid": 1926339560515015008,
            "jd": 2459680.8395602,
            "ra": 173.727527,
            "dec": 23.4372282,
            "fid": 2,
            "nid": 1926,
            "magpsf": 19.802200317382812,
            "sigmapsf": 0.20659199357032776,
            "magnr": 20.770999908447266,
            "sigmagnr": 0.13600000739097595,
            "magzpsci": 26.289199829101562,
            "isdiffpos": "t",
            "ssdistnr": null,
            "ssnamenr": null,
            "drb": null
        },
        {
            "candid": 1935258550515015008,
            "jd": 2459689.7585532,
            "ra": 173.7274158,
            "dec": 23.437007,
            "fid": 2,
            "nid": 1935,
            "magpsf": 20.208599090576172,
            "sigmapsf": 0.2665170133113861,
            "magnr": 20.770999908447266,
            "sigmagnr": 0.13600000739097595,
            "magzpsci": 26.285600662231445,
            "isdiffpos": "t",
            "ssdistnr": null,
            "ssnamenr": null,
            "drb": null
        },
        {
            "candid": 1943311080515015008,
            "jd": 2459697.811088,
            "ra": 173.7275541,
            "dec": 23.4370447,
            "fid": 2,
            "nid": 1943,
            "magpsf": 20.589109420776367,
            "sigmapsf": 0.21632400155067444,
            "magnr": 20.770999908447266,
            "sigmagnr": 0.13600000739097595,
            "magzpsci": 26.26910972595215,
            "isdiffpos": "t",
            "ssdistnr": -999.0,
            "ssnamenr": "null",
            "drb": null
        },
        {
            "jd": 2459674.8199074,
            "fid": 2,
            "diffmaglim": 20.663000106811523
        },
        {
            "jd": 2459676.8320718,
            "fid": 1,
            "diffmaglim": 20.09239959716797
        },
        {
            "jd": 2459678.7557755,
            "fid": 2,
            "diffmaglim": 20.473899841308594
        },
        {
            "jd": 2459678.8200231,
            "fid": 1,
            "diffmaglim": 20.430200576782227
        },
        {
            "jd": 2459684.7779398,
            "fid": 1,
            "diffmaglim": 19.170400619506836
        },
        {
            "jd": 2459684.8203125,
            "fid": 2,
            "diffmaglim": 19.344499588012695
        },
        {
            "jd": 2459687.847338,
            "fid": 2,
            "diffmaglim": 19.596799850463867
        },
        {
            "jd": 2459689.7764236,
            "fid": 1,
            "diffmaglim": 19.98780059814453
        },
        {
            "jd": 2459693.7468634,
            "fid": 1,
            "diffmaglim": 20.4153995513916
        },
        {
            "jd": 2459695.7129977,
            "fid": 2,
            "diffmaglim": 20.592899322509766
        },
        {
            "jd": 2459695.7752546,
            "fid": 1,
            "diffmaglim": 18.46649932861328
        },
        {
            "jd": 2459697.7671875,
            "fid": 1,
            "diffmaglim": 20.6875
        }
    ],
    "forcedphot": []
}