{
    "objectId": "ZTF22aaoolua",
    "candidates": [
        {
            "candid": 2001432823515015004,
            "jd": 2459755.9328241,
            "ra": 4.580332,
            "dec": 19.3955828,
            "fid": 1,
            "nid": 2001,
            "magpsf": 18.90180015563965,
            "sigmapsf": 0.1331689953804016,
            "magnr": 19.43899917602539,
            "sigmagnr": 0.10100000351667404,
            "magzpsci": 26.272899627685547,
            "isdiffpos": "t",
            "ssdistnr": null,
            "ssnamenr": null,
            "drb": null
        },
        {
            "candid": 2003388343515015006,
            "jd": 2459757.8883449,
            "ra": 4.5803579,
            "dec": 19.3956381,
            "fid": 1,
            "nid": 2003,
            "magpsf": 18.875,
            "sigmapsf": 0.10741099715232849,
            "magnr": 19.43899917602539,
            "sigmagnr": 0.10100000351667404,
            "magzpsci": 26.077999114990234,
            "isdiffpos": "t",
            "ssdistnr": null,
            "ssnamenr": null,
            "drb": null
        },
        {
            "candid": 2003433183515015005,
            "jd": 2459757.9331829,
            "ra": 4.5803441,
            "dec": 19.3956146,
            "fid": 1,
            "nid": 2003,
            "magpsf": 18.876800537109375,
            "sigmapsf": 0.09890899807214737,
            "magnr": 19.43899917602539,
            "sigmagnr": 0.10100000351667404,
            "magzpsci": 26.21780014038086,
            "isdiffpos": "t",
            "ssdistnr": null,
            "ssnamenr": null,
            "drb": null
        },
        {
            "candid": 2010390023515015002,
            "jd": 2459764.8900231,
            "ra": 4.5803639,
            "dec": 19.3955996,
            "fid": 2,
            "nid": 2010,
            "magpsf": 18.169099807739258,
            "sigmapsf": 0.05160199850797653,
            "magnr": 18.884000778198242,
            "sigmagnr": 0.14800000190734863,
            "magzpsci": 26.28809928894043,
            "isdiffpos": "t",
            "ssdistnr": null,
            "ssnamenr": null,
            "drb": null
        },
        {
            "candid": 2010435693515015008,
            "jd": 2459764.9356944,
            "ra": 4.5803309,
            "dec": 19.3956021,
            "fid": 1,
            "nid": 2010,
            "magpsf": 19.286500930786133,
            "sigmapsf": 0.11810100078582764,
            "magnr": 19.43899917602539,
            "sigmagnr": 0.10100000351667404,
            "magzpsci": 26.31450080871582,
            "isdiffpos": "t",
            "ssdistnr": null,
            "ssnamenr": null,
            "drb": null
        },
        {
            "candid": 2014412373515015008,
            "jd": 2459768.9123727,
            "ra": 4.5803239,
            "dec": 19.3956103,
            "fid": 1,
            "nid": 2014,
            "magpsf": 19.819499969482422,
            "sigmapsf": 0.1634169965982437,
            "magnr": 19.43899917602539,
            "sigmagnr": 0.10100000351667404,
            "magzpsci": 26.25149917602539,
            "isdiffpos": "t",
            "ssdistnr": null,
            "ssnamenr": null,
            "drb": null
        },
        {
            "candid": 2017407933515015002,
            "jd": 2459771.9079398,
            "ra": 4.5803897,
            "dec": 19.3955848,
            "fid": 1,
            "nid": 2017,
            "magpsf": 19.93600082397461,
            "sigmapsf": 0.25798100233078003,
            "magnr": 19.43899917602539,
            "sigmagnr": 0.10100000351667404,
            "magzpsci": 26.285999298095703,
            "isdiffpos": "t",
            "ssdistnr": null,
            "ssnamenr": null,
            "drb": null
        },
        {
            "candid": 2020421443515015013,
            "jd": 2459774.9214468,
            "ra": 4.5803951,
            "dec": 19.3956408,
            "fid": 2,
            "nid": 2020,
            "magpsf": 18.579500198364258,
            "sigmapsf": 0.09357599914073944,
            "magnr": 18.884000778198242,
            "sigmagnr": 0.14800000190734863,
            "magzpsci": 26.238500595092773,
            "isdiffpos": "t",
            "ssdistnr": null,
            "ssnamenr": null,
            "drb": null
        },
        {
            "candid": 2020455153515015005,
            "jd": 2459774.9551505,
            "ra": 4.5803776,
            "dec": 19.395617,
            "fid": 2,
            "nid": 2020,
            "magpsf": 18.57360076904297,
            "sigmapsf": 0.1010579988360405,
            "magnr": 18.884000778198242,
            "sigmagnr": 0.14800000190734863,
            "magzpsci": 26.283599853515625,
            "isdiffpos": "t",
            "ssdistnr": null,
            "ssnamenr": null,
            "drb": null
        },
        {
            "candid": 2022402903515015011,
            "jd": 2459776.9029051,
            "ra": 4.5804138,
            "dec": 19.3956268,
            "fid": 2,
            "nid": 2022,
            "magpsf": 18.728500366210938,
            "sigmapsf": 0.08186600357294083,
            "magnr": 18.884000778198242,
            "sigmagnr": 0.14800000190734863,
            "magzpsci": 26.28350067138672,
            "isdiffpos": "t",
            "ssdistnr": null,
            "ssnamenr": null,
            "drb": null
        },
        {
            "candid": 2022442683515015001,
            "jd": 2459776.9426852,
            "ra": 4.5804059,
            "dec": 19.3956303,
            "fid": 2,
            "nid": 2022,
            "magpsf": 18.757400512695312,
            "sigmapsf": 0.10771200060844421,
            "magnr": 18.884000778198242,
            "sigmagnr": 0.14800000190734863,
            "magzpsci": 26.29640007019043,
            "isdiffpos": "t",
            "ssdistnr": null,
            "ssnamenr": null,
            "drb": null
        },
        {
            "candid": 2025423113515015004,
            "jd": 2459779.9231134,
            "ra": 4.5803886,
            "dec": 19.3956179,
            "fid": 2,
            "nid": 2025,
            "magpsf": 18.955900192260742,
            "sigmapsf": 0.08606400340795517,
            "magnr": 18.884000778198242,
            "sigmagnr": 0.14800000190734863,
            "magzpsci": 26.289899826049805,
            "isdiffpos": "t",
            "ssdistnr": null,
            "ssnamenr": null,
            "drb": null
        },
        {
            "candid": 2025446533515015002,
            "jd": 2459779.9465394,
            "ra": 4.5803573,
            "dec": 19.395613,
            "fid": 2,
            "nid": 2025,
            "magpsf": 18.909799575805664,
            "sigmapsf": 0.08931200206279755,
            "magnr": 18.884000778198242,
            "sigmagnr": 0.14800000190734863,
            "magzpsci": 26.292800903320312,
            "isdiffpos": "t",
            "ssdistnr": null,
            "ssnamenr": null,
            "drb": null
        },
        {
            "candid": 2031412833515015006,
            "jd": 2459785.9128356,
            "ra": 4.5803543,
            "dec": 19.3955889,
            "fid": 2,
            "nid": 2031,
            "magpsf": 19.2810001373291,
            "sigmapsf": 0.11420699954032898,
            "magnr": 18.884000778198242,
            "sigmagnr": 0.14800000190734863,
            "magzpsci": 26.250999450683594,
            "isdiffpos": "t",
            "ssdistnr": null,
            "ssnamenr": null,
            "drb": null
        },
        {
            "candid": 2041394863515015003,
            "jd": 2459795.8948611,
            "ra": 4.5803568,
            "dec": 19.395642,
            "fid": 2,
            "nid": 2041,
            "magpsf": 19.42490005493164,
            "sigmapsf": 0.11418499797582626,
            "magnr": 18.884000778198242,
            "sigmagnr": 0.14800000190734863,
            "magzpsci": 26.134899139404297,
            "isdiffpos": "t",
            "ssdistnr": null,
            "ssnamenr": null,
            "drb": null
        },
        {
            "candid": 2044443803515015007,
            "jd": 2459798.9438079,
            "ra": 4.580313,
            "dec": 19.3955743,
            "fid": 2,
            "nid": 2044,
            "magpsf": 19.41309928894043,
            "sigmapsf": 0.14938099682331085,
            "magnr": 18.884000778198242,
            "sigmagnr": 0.14800000190734863,
            "magzpsci": 26.297100067138672,
            "isdiffpos": "t",
            "ssdistnr": null,
            "ssnamenr": null,
            "drb": null
        },
        {
            "candid": 2047455033515015011,
            "jd": 2459801.9550347,
            "ra": 4.5803962,
            "dec": 19.3956428,
            "fid": 2,
            "nid": 2047,
            "magpsf": 19.571199417114258,
            "sigmapsf": 0.1399639993906021,
            "magnr": 18.884000778198242,
            "sigmagnr": 0.14800000190734863,
            "magzpsci": 26.310199737548828,
            "isdiffpos": "t",
            "ssdistnr": null,
            "ssnamenr": null,
            "drb": null
        },
        {
            "candid": 2049380943515015002,
            "jd": 2459803.8809491,
            "ra": 4.5804146,
            "dec": 19.3957228,
            "fid": 2,
            "nid": 2049,
            "magpsf": 19.798200607299805,
            "sigmapsf": 0.26732000708580017,
            "magnr": 18.884000778198242,
            "sigmagnr": 0.14800000190734863,
            "magzpsci": 26.294200897216797,
            "isdiffpos": "t",
            "ssdistnr": null,
            "ssnamenr": null,
            "drb": null
        },
        {
            "candid": 2052412853515015001,
            "jd": 2459806.9128588,
            "ra": 4.5803201,
            "dec": 19.3956565,
            "fid": 2,
            "nid": 2052,
            "magpsf": 19.523399353027344,
            "sigmapsf": 0.2238059937953949,
            "magnr": 18.884000778198242,
            "sigmagnr": 0.14800000190734863,
            "magzpsci": 26.30139923095703,
            "isdiffpos": "t",
            "ssdistnr": null,
            "ssnamenr": null,
            "drb": null
        },
        {
            "candid": 2056422373515015008,
            "jd": 2459810.9223727,
            "ra": 4.580365,
            "dec": 19.3956231,
            "fid": 2,
            "nid": 2056,
            "magpsf": 19.731800079345703,
            "sigmapsf": 0.16708099842071533,
            "magnr": 18.884000778198242,
            "sigmagnr": 0.14800000190734863,
            "magzpsci": 26.25079917907715,
            "isdiffpos": "t",
            "ssdistnr": null,
            "ssnamenr": null,
            "drb": null
        },
        {
            "candid": 2060400343515015005,
            "jd": 2459814.9003472,
            "ra": 4.5803354,
            "dec": 19.3956084,
            "fid": 2,
            "nid": 2060,
            "magpsf": 19.952299118041992,
            "sigmapsf": 0.147025004029274,
            "magnr": 18.884000778198242,
            "sigmagnr": 0.14800000190734863,
            "magzpsci": 26.305299758911133,
            "isdiffpos": "t",
            "ssdistnr": null,
            "ssnamenr": null,
            "drb": null
        },
        {
            "candid": 2062380753515015005,
            "jd": 2459816.8807523,
            "ra": 4.5803609,
            "dec": 19.395663,
            "fid": 2,
            "nid": 2062,
            "magpsf": 19.965099334716797,
            "sigmapsf": 0.21251100301742554,
            "magnr": 18.884000778198242,
            "sigmagnr": 0.14800000190734863,
            "magzpsci": 26.085100173950195,
            "isdiffpos": "t",
            "ssdistnr": null,
            "ssnamenr": null,
            "drb": null
        },
        {
            "candid": 2067337833515015005,
            "jd": 2459821.8378356,
            "ra": 4.5803386,
            "dec": 19.3956076,
            "fid": 2,
            "nid": 2067,
            "magpsf": 20.209800720214844,
            "sigmapsf": 0.1542530059814453,
            "magnr": 18.884000778198242,
            "sigmagnr": 0.14800000190734863,
            "magzpsci": 26.322799682617188,
            "isdiffpos": "t",
            "ssdistnr": null,
            "ssnamenr": null,
            "drb": null
        },
        {
            "candid": 2070363643515015003,
            "jd": 2459824.8636458,
            "ra": 4.5802761,
            "dec": 19.3956409,
            "fid": 2,
            "nid": 2070,
            "magpsf": 20.188440322875977,
            "sigmapsf": 0.20689810812473297,
            "magnr": 18.884000778198242,
            "sigmagnr": 0.14800000190734863,
            "magzpsci": 26.279441833496094,
            "isdiffpos": "t",
            "ssdistnr": -999.0,
            "ssnamenr": "null",
            "drb": null
        },
        {
            "jd": 2459755.9471412,
            "fid": 2,
            "diffmaglim": 20.34119987487793
        },
        {
            "jd": 2459761.900162,
            "fid": 2,
            "diffmaglim": 18.211200714111328
        },
        {
            "jd": 2459761.9322338,
            "fid": 1,
            "diffmaglim": 20.055500030517578
        },
        {
            "jd": 2459768.9610185,
            "fid": 1,
            "diffmaglim": 20.712600708007812
        },
        {
            "jd": 2459771.9622222,
            "fid": 1,
            "diffmaglim": 20.846200942993164
        },
        {
            "jd": 2459781.9042477,
            "fid": 1,
            "diffmaglim": 19.747900009155273
        },
        {
            "jd": 2459781.9346528,
            "fid": 1,
            "diffmaglim": 18.738100051879883
        },
        {
            "jd": 2459783.9092593,
            "fid": 2,
            "diffmaglim": 18.224700927734375
        },
        {
            "jd": 2459783.9319444,
            "fid": 1,
            "diffmaglim": 20.690799713134766
        },
        {
            "jd": 2459785.9309606,
            "fid": 1,
            "diffmaglim": 20.787799835205078
        },
        {
            "jd": 2459787.9229167,
            "fid": 2,
            "diffmaglim": 20.83169937133789
        },
        {
            "jd": 2459787.9435764,
            "fid": 1,
            "diffmaglim": 20.755199432373047
        },
        {
            "jd": 2459790.8704514,
            "fid": 1,
            "diffmaglim": 20.46310043334961
        },
        {
            "jd": 2459790.9032986,
            "fid": 2,
            "diffmaglim": 17.200000762939453
        },
        {
            "jd": 2459798.913287,
            "fid": 1,
            "diffmaglim": 20.64739990234375
        },
        {
            "jd": 2459801.9213542,
            "fid": 1,
            "diffmaglim": 20.01849937438965
        },
        {
            "jd": 2459803.9420139,
            "fid": 1,
            "diffmaglim": 19.34589958190918
        },
        {
            "jd": 2459806.9436806,
            "fid": 1,
            "diffmaglim": 19.05270004272461
        },
        {
            "jd": 2459808.8257176,
            "fid": 1,
            "diffmaglim": 19.609100341796875
        },
        {
            "jd": 2459808.8800694,
            "fid": 2,
            "diffmaglim": 19.991899490356445
        },
        {
            "jd": 2459810.867419,
            "fid": 1,
            "diffmaglim": 19.87689971923828
        },
        {
            "jd": 2459812.8436921,
            "fid": 2,
            "diffmaglim": 20.748600006103516
        },
        {
            "jd": 2459812.9250347,
            "fid": 1,
            "diffmaglim": 20.685800552368164
        },
        {
            "jd": 2459814.9227431,
            "fid": 1,
            "diffmaglim": 20.684499740600586
        },
        {
            "jd": 2459816.9359491,
            "fid": 1,
            "diffmaglim": 20.87299919128418
        },
        {
            "jd": 2459818.8680903,
            "fid": 1,
            "diffmaglim": 20.852399826049805
        },
        {
            "jd": 2459818.9128588,
            "fid": 2,
            "diffmaglim": 20.867300033569336
        },
        {
            "jd": 2459821.8996644,
            "fid": 1,
            "diffmaglim": 20.565900802612305
        },
        {
            "jd": 2459824.8506019,
            "fid": 1,
            "diffmaglim": 20.76799964904785
        }
    ],
    "forcedphot": []
}