{
    "objectId": "ZTF23aachsdv",
    "candidates": [
        {
            "candid": 2233322736015015008,
            "jd": 2459987.8227315,
            "ra": 135.163987,
            "dec": 50.6786832,
            "fid": 2,
            "nid": 2233,
            "magpsf": 18.785499572753906,
            "sigmapsf": 0.09983500093221664,
            "magnr": 17.648000717163086,
            "sigmagnr": 0.0949999988079071,
            "magzpsci": 26.116500854492188,
            "isdiffpos": "t",
            "ssdistnr": null,
            "ssnamenr": null,
            "drb": null
        },
        {
            "candid": 2239284546015015021,
            "jd": 2459993.7845486,
            "ra": 135.164099,
            "dec": 50.678707,
            "fid": 2,
            "nid": 2239,
            "magpsf": 17.821800231933594,
            "sigmapsf": 0.08118200302124023,
            "magnr": 17.648000717163086,
            "sigmagnr": 0.0949999988079071,
            "magzpsci": 25.88680076599121,
            "isdiffpos": "t",
            "ssdistnr": null,
            "ssnamenr": null,
            "drb": null
        },
        {
            "candid": 2263229276015015020,
            "jd": 2460017.7292708,
            "ra": 135.1640638,
            "dec": 50.6786179,
            "fid": 1,
            "nid": 2263,
            "magpsf": 19.75160026550293,
            "sigmapsf": 0.1313689947128296,
            "magnr": 18.825000762939453,
            "sigmagnr": 0.11699999868869781,
            "magzpsci": 26.199600219726562,
            "isdiffpos": "t",
            "ssdistnr": null,
            "ssnamenr": null,
            "drb": null
        },
        {
            "candid": 2267225616015015014,
            "jd": 2460021.7256134,
            "ra": 135.1640357,
            "dec": 50.6786604,
            "fid": 2,
            "nid": 2267,
            "magpsf": 18.563899993896484,
            "sigmapsf": 0.13171200454235077,
            "magnr": 17.648000717163086,
            "sigmagnr": 0.0949999988079071,
            "magzpsci": 25.60689926147461,
            "isdiffpos": "t",
            "ssdistnr": null,
            "ssnamenr": null,
            "drb": null
        },
        {
            "candid": 2267281576015015008,
            "jd": 2460021.7815741,
            "ra": 135.1640682,
            "dec": 50.6787141,
            "fid": 1,
            "nid": 2267,
            "magpsf": 19.8218994140625,
            "sigmapsf": 0.18612200021743774,
            "magnr": 18.825000762939453,
            "sigmagnr": 0.11699999868869781,
            "magzpsci": 26.201900482177734,
            "isdiffpos": "t",
            "ssdistnr": null,
            "ssnamenr": null,
            "drb": null
        },
        {
            "candid": 2277268396015015020,
            "jd": 2460031.7683912,
            "ra": 135.1640626,
            "dec": 50.6786407,
            "fid": 2,
            "nid": 2277,
            "magpsf": 18.902099609375,
            "sigmapsf": 0.12343300133943558,
            "magnr": 17.648000717163086,
            "sigmagnr": 0.0949999988079071,
            "magzpsci": 25.898099899291992,
            "isdiffpos": "t",
            "ssdistnr": null,
            "ssnamenr": null,
            "drb": null
        },
        {
            "candid": 2282259376015015006,
            "jd": 2460036.759375,
            "ra": 135.1640987,
            "dec": 50.6786766,
            "fid": 2,
            "nid": 2282,
            "magpsf": 19.197099685668945,
            "sigmapsf": 0.17552399635314941,
            "magnr": 17.648000717163086,
            "sigmagnr": 0.0949999988079071,
            "magzpsci": 26.127099990844727,
            "isdiffpos": "t",
            "ssdistnr": null,
            "ssnamenr": null,
            "drb": null
        },
        {
            "candid": 2291186446015015009,
            "jd": 2460045.6864468,
            "ra": 135.1641368,
            "dec": 50.6785561,
            "fid": 1,
            "nid": 2291,
            "magpsf": 20.329500198364258,
            "sigmapsf": 0.2538279891014099,
            "magnr": 18.825000762939453,
            "sigmagnr": 0.11699999868869781,
            "magzpsci": 26.230499267578125,
            "isdiffpos": "t",
            "ssdistnr": null,
            "ssnamenr": null,
            "drb": null
        },
        {
            "candid": 2291248696015015016,
            "jd": 2460045.7486921,
            "ra": 135.1640469,
            "dec": 50.6786773,
            "fid": 2,
            "nid": 2291,
            "magpsf": 19.440000534057617,
            "sigmapsf": 0.15081599354743958,
            "magnr": 17.648000717163086,
            "sigmagnr": 0.0949999988079071,
            "magzpsci": 26.155000686645508,
            "isdiffpos": "t",
            "ssdistnr": null,
            "ssnamenr": null,
            "drb": null
        },
        {
            "candid": 2295215276015015011,
            "jd": 2460049.7152778,
            "ra": 135.1640301,
            "dec": 50.6786226,
            "fid": 2,
            "nid": 2295,
            "magpsf": 19.475200653076172,
            "sigmapsf": 0.12180499732494354,
            "magnr": 17.648000717163086,
            "sigmagnr": 0.0949999988079071,
            "magzpsci": 26.095199584960938,
            "isdiffpos": "t",
            "ssdistnr": null,
            "ssnamenr": null,
            "drb": null
        },
        {
            "candid": 2297215266015015014,
            "jd": 2460051.7152662,
            "ra": 135.1640562,
            "dec": 50.6786563,
            "fid": 1,
            "nid": 2297,
            "magpsf": 20.488800048828125,
            "sigmapsf": 0.28156599402427673,
            "magnr": 18.825000762939453,
            "sigmagnr": 0.11699999868869781,
            "magzpsci": 26.242799758911133,
            "isdiffpos": "t",
            "ssdistnr": null,
            "ssnamenr": null,
            "drb": null
        },
        {
            "candid": 2297248666015015010,
            "jd": 2460051.748669,
            "ra": 135.163994,
            "dec": 50.6786467,
            "fid": 2,
            "nid": 2297,
            "magpsf": 19.44580078125,
            "sigmapsf": 0.1200689971446991,
            "magnr": 17.648000717163086,
            "sigmagnr": 0.0949999988079071,
            "magzpsci": 26.12179946899414,
            "isdiffpos": "t",
            "ssdistnr": null,
            "ssnamenr": null,
            "drb": null
        },
        {
            "candid": 2299220696015015004,
            "jd": 2460053.7206944,
            "ra": 135.1639911,
            "dec": 50.6787203,
            "fid": 2,
            "nid": 2299,
            "magpsf": 19.382699966430664,
            "sigmapsf": 0.17525899410247803,
            "magnr": 17.648000717163086,
            "sigmagnr": 0.0949999988079071,
            "magzpsci": 26.082700729370117,
            "isdiffpos": "t",
            "ssdistnr": null,
            "ssnamenr": null,
            "drb": null
        },
        {
            "candid": 2301198426015015013,
            "jd": 2460055.6984259,
            "ra": 135.163932,
            "dec": 50.6786867,
            "fid": 2,
            "nid": 2301,
            "magpsf": 19.63450050354004,
            "sigmapsf": 0.14691799879074097,
            "magnr": 17.648000717163086,
            "sigmagnr": 0.0949999988079071,
            "magzpsci": 26.12649917602539,
            "isdiffpos": "t",
            "ssdistnr": null,
            "ssnamenr": null,
            "drb": null
        },
        {
            "candid": 2303163936015015014,
            "jd": 2460057.6639352,
            "ra": 135.1640952,
            "dec": 50.6787063,
            "fid": 2,
            "nid": 2303,
            "magpsf": 19.697399139404297,
            "sigmapsf": 0.13243800401687622,
            "magnr": 17.648000717163086,
            "sigmagnr": 0.0949999988079071,
            "magzpsci": 26.140399932861328,
            "isdiffpos": "t",
            "ssdistnr": null,
            "ssnamenr": null,
            "drb": null
        },
        {
            "candid": 2303212836015015014,
            "jd": 2460057.7128356,
            "ra": 135.1640984,
            "dec": 50.6786926,
            "fid": 1,
            "nid": 2303,
            "magpsf": 20.309999465942383,
            "sigmapsf": 0.20245100557804108,
            "magnr": 18.825000762939453,
            "sigmagnr": 0.11699999868869781,
            "magzpsci": 26.19499969482422,
            "isdiffpos": "t",
            "ssdistnr": null,
            "ssnamenr": null,
            "drb": null
        },
        {
            "candid": 2305201266015015013,
            "jd": 2460059.7012616,
            "ra": 135.1639839,
            "dec": 50.678599,
            "fid": 2,
            "nid": 2305,
            "magpsf": 19.56839942932129,
            "sigmapsf": 0.15749600529670715,
            "magnr": 17.648000717163086,
            "sigmagnr": 0.0949999988079071,
            "magzpsci": 26.074399948120117,
            "isdiffpos": "t",
            "ssdistnr": null,
            "ssnamenr": null,
            "drb": null
        },
        {
            "candid": 2307193446015015015,
            "jd": 2460061.6934491,
            "ra": 135.1640705,
            "dec": 50.6786692,
            "fid": 2,
            "nid": 2307,
            "magpsf": 19.808300018310547,
            "sigmapsf": 0.2050040066242218,
            "magnr": 17.648000717163086,
            "sigmagnr": 0.0949999988079071,
            "magzpsci": 26.071300506591797,
            "isdiffpos": "t",
            "ssdistnr": null,
            "ssnamenr": null,
            "drb": null
        },
        {
            "candid": 2319196376015015019,
            "jd": 2460073.6963773,
            "ra": 135.1640117,
            "dec": 50.6786789,
            "fid": 2,
            "nid": 2319,
            "magpsf": 19.90484046936035,
            "sigmapsf": 0.19791308045387268,
            "magnr": 17.648000717163086,
            "sigmagnr": 0.0949999988079071,
            "magzpsci": 26.05384063720703,
            "isdiffpos": "t",
            "ssdistnr": -999.0,
            "ssnamenr": "null",
            "drb": null
        },
        {
            "jd": 2459965.8689236,
            "fid": 1,
            "diffmaglim": 19.659799575805664
        },
        {
            "jd": 2459968.8063542,
            "fid": 2,
            "diffmaglim": 20.201499938964844
        },
        {
            "jd": 2459968.8452083,
            "fid": 1,
            "diffmaglim": 20.225500106811523
        },
        {
            "jd": 2459970.7437731,
            "fid": 2,
            "diffmaglim": 19.439899444580078
        },
        {
            "jd": 2459970.7809606,
            "fid": 1,
            "diffmaglim": 19.90169906616211
        },
        {
            "jd": 2459972.8101042,
            "fid": 2,
            "diffmaglim": 20.200899124145508
        },
        {
            "jd": 2459972.9298958,
            "fid": 1,
            "diffmaglim": 20.251800537109375
        },
        {
            "jd": 2459979.7585764,
            "fid": 1,
            "diffmaglim": 19.05940055847168
        },
        {
            "jd": 2459979.9214005,
            "fid": 2,
            "diffmaglim": 19.273399353027344
        },
        {
            "jd": 2459982.7608449,
            "fid": 2,
            "diffmaglim": 19.282699584960938
        },
        {
            "jd": 2459984.7007639,
            "fid": 1,
            "diffmaglim": 19.37339973449707
        },
        {
            "jd": 2459984.8023727,
            "fid": 2,
            "diffmaglim": 19.7898006439209
        },
        {
            "jd": 2459993.89,
            "fid": 1,
            "diffmaglim": 19.19059944152832
        },
        {
            "jd": 2460013.8240162,
            "fid": 1,
            "diffmaglim": 18.592899322509766
        },
        {
            "jd": 2460036.8045833,
            "fid": 1,
            "diffmaglim": 19.408899307250977
        },
        {
            "jd": 2460043.6975116,
            "fid": 2,
            "diffmaglim": 19.68899917602539
        },
        {
            "jd": 2460043.8059491,
            "fid": 1,
            "diffmaglim": 19.417499542236328
        },
        {
            "jd": 2460053.7660417,
            "fid": 1,
            "diffmaglim": 18.982200622558594
        },
        {
            "jd": 2460055.7776736,
            "fid": 1,
            "diffmaglim": 20.16659927368164
        },
        {
            "jd": 2460061.6724884,
            "fid": 1,
            "diffmaglim": 20.136499404907227
        },
        {
            "jd": 2460063.6752315,
            "fid": 1,
            "diffmaglim": 19.944599151611328
        },
        {
            "jd": 2460063.7405208,
            "fid": 2,
            "diffmaglim": 19.926300048828125
        },
        {
            "jd": 2460065.6810185,
            "fid": 1,
            "diffmaglim": 19.863100051879883
        },
        {
            "jd": 2460065.7208565,
            "fid": 2,
            "diffmaglim": 19.8887996673584
        }
    ],
    "forcedphot": []
}