{
    "objectId": "ZTF20aaeqmjl",
    "candidates": [
        {
            "candid": 1102316873415015010,
            "jd": 2458856.816875,
            "ra": 112.0614741,
            "dec": 19.2409475,
            "fid": 2,
            "nid": 1102,
            "magpsf": 19.532400131225586,
            "sigmapsf": 0.18750399351119995,
            "magnr": 18.850000381469727,
            "sigmagnr": 0.0860000029206276,
            "magzpsci": 26.354400634765625,
            "isdiffpos": "t",
            "ssdistnr": -999.0,
            "ssnamenr": "null",
            "drb": 0.9999579787254333
        },
        {
            "candid": 1108349903415015016,
            "jd": 2458862.8499074,
            "ra": 112.0614617,
            "dec": 19.2409949,
            "fid": 2,
            "nid": 1108,
            "magpsf": 19.461000442504883,
            "sigmapsf": 0.16414999961853027,
            "magnr": 18.850000381469727,
            "sigmagnr": 0.0860000029206276,
            "magzpsci": 26.356000900268555,
            "isdiffpos": "t",
            "ssdistnr": -999.0,
            "ssnamenr": "null",
            "drb": 0.999888002872467
        },
        {
            "candid": 1113254693415015032,
            "jd": 2458867.7546991,
            "ra": 112.0614822,
            "dec": 19.2409524,
            "fid": 2,
            "nid": 1113,
            "magpsf": 19.392799377441406,
            "sigmapsf": 0.14032800495624542,
            "magnr": 18.850000381469727,
            "sigmagnr": 0.0860000029206276,
            "magzpsci": 26.27079963684082,
            "isdiffpos": "t",
            "ssdistnr": -999.0,
            "ssnamenr": "null",
            "drb": 0.9999979734420776
        },
        {
            "candid": 1117243463415015020,
            "jd": 2458871.7434606,
            "ra": 112.0615355,
            "dec": 19.2409972,
            "fid": 2,
            "nid": 1117,
            "magpsf": 19.703399658203125,
            "sigmapsf": 0.22292500734329224,
            "magnr": 18.850000381469727,
            "sigmagnr": 0.0860000029206276,
            "magzpsci": 26.345399856567383,
            "isdiffpos": "t",
            "ssdistnr": -999.0,
            "ssnamenr": "-999.0",
            "drb": null
        },
        {
            "candid": 1118291013415015026,
            "jd": 2458872.7910185,
            "ra": 112.0615033,
            "dec": 19.2410019,
            "fid": 2,
            "nid": 1118,
            "magpsf": 19.823699951171875,
            "sigmapsf": 0.17833299934864044,
            "magnr": 18.850000381469727,
            "sigmagnr": 0.0860000029206276,
            "magzpsci": 26.268699645996094,
            "isdiffpos": "t",
            "ssdistnr": -999.0,
            "ssnamenr": "null",
            "drb": 0.9999719858169556
        },
        {
            "jd": 2458827.8039,
            "fid": 2,
            "diffmaglim": 19.40399932861328
        },
        {
            "jd": 2458828.80174,
            "fid": 2,
            "diffmaglim": 19.3799991607666
        },
        {
            "jd": 2458828.94367,
            "fid": 1,
            "diffmaglim": 19.368000030517578
        },
        {
            "jd": 2458833.86179,
            "fid": 2,
            "diffmaglim": 19.40399932861328
        },
        {
            "jd": 2458833.87797,
            "fid": 2,
            "diffmaglim": 19.31399917602539
        },
        {
            "jd": 2458836.9081,
            "fid": 1,
            "diffmaglim": 20.386999130249023
        },
        {
            "jd": 2458836.95703,
            "fid": 2,
            "diffmaglim": 19.975000381469727
        },
        {
            "jd": 2458846.74781,
            "fid": 1,
            "diffmaglim": 20.315000534057617
        },
        {
            "jd": 2458850.95066,
            "fid": 2,
            "diffmaglim": 19.597000122070312
        },
        {
            "jd": 2458853.94243,
            "fid": 1,
            "diffmaglim": 20.735000610351562
        }
    ],
    "forcedphot": []
}