{
    "objectId": "ZTF24abiwzzc",
    "candidates": [
        {
            "candid": 2823366341415015004,
            "jd": 2460577.8663426,
            "ra": 5.8517491,
            "dec": 8.7402938,
            "fid": 1,
            "nid": 2823,
            "magpsf": 20.08489990234375,
            "sigmapsf": 0.19782300293445587,
            "magnr": 19.808000564575195,
            "sigmagnr": 0.09799999743700027,
            "magzpsci": 26.160900115966797,
            "isdiffpos": "t",
            "ssdistnr": null,
            "ssnamenr": null,
            "drb": 0.9999347925186157
        },
        {
            "candid": 2824317091415015004,
            "jd": 2460578.8170949,
            "ra": 5.851754,
            "dec": 8.7402604,
            "fid": 1,
            "nid": 2824,
            "magpsf": 20.046600341796875,
            "sigmapsf": 0.1584559977054596,
            "magnr": 19.808000564575195,
            "sigmagnr": 0.09799999743700027,
            "magzpsci": 26.207599639892578,
            "isdiffpos": "t",
            "ssdistnr": null,
            "ssnamenr": null,
            "drb": null
        },
        {
            "candid": 2828406061415015004,
            "jd": 2460582.9060648,
            "ra": 5.8516713,
            "dec": 8.7402759,
            "fid": 1,
            "nid": 2828,
            "magpsf": 19.191200256347656,
            "sigmapsf": 0.08846399933099747,
            "magnr": 19.808000564575195,
            "sigmagnr": 0.09799999743700027,
            "magzpsci": 26.177200317382812,
            "isdiffpos": "t",
            "ssdistnr": null,
            "ssnamenr": null,
            "drb": null
        },
        {
            "candid": 2838379541415015008,
            "jd": 2460592.8795486,
            "ra": 5.8517024,
            "dec": 8.7402344,
            "fid": 1,
            "nid": 2838,
            "magpsf": 18.740299224853516,
            "sigmapsf": 0.08020699769258499,
            "magnr": 19.808000564575195,
            "sigmagnr": 0.09799999743700027,
            "magzpsci": 26.163299560546875,
            "isdiffpos": "t",
            "ssdistnr": null,
            "ssnamenr": null,
            "drb": null
        },
        {
            "candid": 2840320421415015004,
            "jd": 2460594.8204282,
            "ra": 5.8516664,
            "dec": 8.740258,
            "fid": 1,
            "nid": 2840,
            "magpsf": 18.7731990814209,
            "sigmapsf": 0.07277499884366989,
            "magnr": 19.808000564575195,
            "sigmagnr": 0.09799999743700027,
            "magzpsci": 26.18120002746582,
            "isdiffpos": "t",
            "ssdistnr": null,
            "ssnamenr": null,
            "drb": null
        },
        {
            "candid": 2842221381415015001,
            "jd": 2460596.7213889,
            "ra": 5.8516773,
            "dec": 8.7402547,
            "fid": 1,
            "nid": 2842,
            "magpsf": 18.89889907836914,
            "sigmapsf": 0.09611000120639801,
            "magnr": 19.808000564575195,
            "sigmagnr": 0.09799999743700027,
            "magzpsci": 26.186899185180664,
            "isdiffpos": "t",
            "ssdistnr": null,
            "ssnamenr": null,
            "drb": null
        },
        {
            "candid": 2844232631415015000,
            "jd": 2460598.7326389,
            "ra": 5.85167,
            "dec": 8.74026,
            "fid": 1,
            "nid": 2844,
            "magpsf": 19.01180076599121,
            "sigmapsf": 0.14155399799346924,
            "magnr": 19.808000564575195,
            "sigmagnr": 0.09799999743700027,
            "magzpsci": 26.199800491333008,
            "isdiffpos": "t",
            "ssdistnr": null,
            "ssnamenr": null,
            "drb": null
        },
        {
            "candid": 2850258421415015001,
            "jd": 2460604.7584259,
            "ra": 5.8516964,
            "dec": 8.7402697,
            "fid": 1,
            "nid": 2850,
            "magpsf": 19.50550079345703,
            "sigmapsf": 0.1136389970779419,
            "magnr": 19.808000564575195,
            "sigmagnr": 0.09799999743700027,
            "magzpsci": 26.232500076293945,
            "isdiffpos": "t",
            "ssdistnr": null,
            "ssnamenr": null,
            "drb": null
        },
        {
            "candid": 2852261211415015000,
            "jd": 2460606.7612153,
            "ra": 5.8516719,
            "dec": 8.74025,
            "fid": 1,
            "nid": 2852,
            "magpsf": 19.73189926147461,
            "sigmapsf": 0.1751520037651062,
            "magnr": 19.808000564575195,
            "sigmagnr": 0.09799999743700027,
            "magzpsci": 26.216899871826172,
            "isdiffpos": "t",
            "ssdistnr": null,
            "ssnamenr": null,
            "drb": null
        },
        {
            "candid": 2854343621415015006,
            "jd": 2460608.8436227,
            "ra": 5.8516423,
            "dec": 8.7402707,
            "fid": 1,
            "nid": 2854,
            "magpsf": 19.768707275390625,
            "sigmapsf": 0.1205674484372139,
            "magnr": 19.808000564575195,
            "sigmagnr": 0.09799999743700027,
            "magzpsci": 26.156707763671875,
            "isdiffpos": "t",
            "ssdistnr": -999.0,
            "ssnamenr": "null",
            "drb": null
        },
        {
            "jd": 2460547.9019907,
            "fid": 2,
            "diffmaglim": 20.237699508666992
        },
        {
            "jd": 2460549.8911921,
            "fid": 2,
            "diffmaglim": 20.47570037841797
        },
        {
            "jd": 2460549.9574884,
            "fid": 1,
            "diffmaglim": 20.546899795532227
        },
        {
            "jd": 2460551.821713,
            "fid": 1,
            "diffmaglim": 20.468900680541992
        },
        {
            "jd": 2460551.8987963,
            "fid": 2,
            "diffmaglim": 20.646499633789062
        },
        {
            "jd": 2460554.8395949,
            "fid": 1,
            "diffmaglim": 20.581499099731445
        },
        {
            "jd": 2460554.8829051,
            "fid": 2,
            "diffmaglim": 20.45680046081543
        },
        {
            "jd": 2460556.8611343,
            "fid": 2,
            "diffmaglim": 20.3971004486084
        },
        {
            "jd": 2460556.9151042,
            "fid": 1,
            "diffmaglim": 20.579500198364258
        },
        {
            "jd": 2460558.8943981,
            "fid": 1,
            "diffmaglim": 20.507299423217773
        },
        {
            "jd": 2460558.938125,
            "fid": 2,
            "diffmaglim": 20.278200149536133
        },
        {
            "jd": 2460560.8399653,
            "fid": 2,
            "diffmaglim": 20.387699127197266
        },
        {
            "jd": 2460560.8946644,
            "fid": 1,
            "diffmaglim": 20.377300262451172
        },
        {
            "jd": 2460562.8533796,
            "fid": 1,
            "diffmaglim": 20.577199935913086
        },
        {
            "jd": 2460562.8801852,
            "fid": 2,
            "diffmaglim": 20.483699798583984
        },
        {
            "jd": 2460564.7890509,
            "fid": 1,
            "diffmaglim": 20.45400047302246
        },
        {
            "jd": 2460564.8599306,
            "fid": 2,
            "diffmaglim": 20.49720001220703
        },
        {
            "jd": 2460566.8346412,
            "fid": 1,
            "diffmaglim": 19.987300872802734
        },
        {
            "jd": 2460566.8794907,
            "fid": 2,
            "diffmaglim": 20.02560043334961
        },
        {
            "jd": 2460569.8091319,
            "fid": 1,
            "diffmaglim": 19.248600006103516
        },
        {
            "jd": 2460569.8312616,
            "fid": 2,
            "diffmaglim": 19.674800872802734
        },
        {
            "jd": 2460575.8023032,
            "fid": 1,
            "diffmaglim": 19.853700637817383
        },
        {
            "jd": 2460575.864537,
            "fid": 2,
            "diffmaglim": 19.99340057373047
        },
        {
            "jd": 2460575.8825116,
            "fid": 3,
            "diffmaglim": 19.611900329589844
        },
        {
            "jd": 2460576.8515741,
            "fid": 1,
            "diffmaglim": 20.0575008392334
        },
        {
            "jd": 2460576.8763426,
            "fid": 3,
            "diffmaglim": 19.697900772094727
        },
        {
            "jd": 2460576.8809144,
            "fid": 2,
            "diffmaglim": 20.23579978942871
        },
        {
            "jd": 2460577.8316898,
            "fid": 3,
            "diffmaglim": 19.56839942932129
        },
        {
            "jd": 2460577.9227662,
            "fid": 2,
            "diffmaglim": 20.122400283813477
        },
        {
            "jd": 2460578.8686111,
            "fid": 2,
            "diffmaglim": 20.296499252319336
        },
        {
            "jd": 2460580.9162269,
            "fid": 2,
            "diffmaglim": 20.251300811767578
        },
        {
            "jd": 2460582.8631019,
            "fid": 2,
            "diffmaglim": 20.403600692749023
        },
        {
            "jd": 2460592.8332639,
            "fid": 2,
            "diffmaglim": 20.400999069213867
        },
        {
            "jd": 2460594.8889815,
            "fid": 2,
            "diffmaglim": 20.159099578857422
        },
        {
            "jd": 2460596.8700463,
            "fid": 2,
            "diffmaglim": 19.952600479125977
        },
        {
            "jd": 2460598.8194676,
            "fid": 2,
            "diffmaglim": 19.254499435424805
        },
        {
            "jd": 2460602.7856366,
            "fid": 1,
            "diffmaglim": 19.190799713134766
        },
        {
            "jd": 2460602.8390509,
            "fid": 2,
            "diffmaglim": 19.054899215698242
        },
        {
            "jd": 2460604.7198727,
            "fid": 2,
            "diffmaglim": 20.189899444580078
        },
        {
            "jd": 2460606.7884838,
            "fid": 2,
            "diffmaglim": 20.275999069213867
        }
    ],
    "forcedphot": [
        {
            "objectid": "ZTF24abiwzzc",
            "jd": 2460549.9646528,
            "ranr": -99999.0,
            "decnr": -99999.0,
            "fid": 1,
            "forcediffimflux": -99999.0,
            "forcediffimfluxunc": -99999.0,
            "magzpsci": 26.345600128173828
        },
        {
            "objectid": "ZTF24abiwzzc",
            "jd": 2460551.8532292,
            "ranr": -99999.0,
            "decnr": -99999.0,
            "fid": 1,
            "forcediffimflux": -99999.0,
            "forcediffimfluxunc": -99999.0,
            "magzpsci": 26.167699813842773
        },
        {
            "objectid": "ZTF24abiwzzc",
            "jd": 2460551.9161458,
            "ranr": -99999.0,
            "decnr": -99999.0,
            "fid": 2,
            "forcediffimflux": -99999.0,
            "forcediffimfluxunc": -99999.0,
            "magzpsci": 26.160900115966797
        },
        {
            "objectid": "ZTF24abiwzzc",
            "jd": 2460553.8450926,
            "ranr": -99999.0,
            "decnr": -99999.0,
            "fid": 1,
            "forcediffimflux": -99999.0,
            "forcediffimfluxunc": -99999.0,
            "magzpsci": 26.3164005279541
        },
        {
            "objectid": "ZTF24abiwzzc",
            "jd": 2460553.9326852,
            "ranr": -99999.0,
            "decnr": -99999.0,
            "fid": 2,
            "forcediffimflux": -99999.0,
            "forcediffimfluxunc": -99999.0,
            "magzpsci": 26.239700317382812
        },
        {
            "objectid": "ZTF24abiwzzc",
            "jd": 2460554.8410185,
            "ranr": -99999.0,
            "decnr": -99999.0,
            "fid": 1,
            "forcediffimflux": -99999.0,
            "forcediffimfluxunc": -99999.0,
            "magzpsci": 26.21820068359375
        },
        {
            "objectid": "ZTF24abiwzzc",
            "jd": 2460554.8829051,
            "ranr": 5.8521313,
            "decnr": 8.7402367,
            "fid": 2,
            "forcediffimflux": -19.11216926574707,
            "forcediffimfluxunc": 14.431333541870117,
            "magzpsci": 26.052900314331055
        },
        {
            "objectid": "ZTF24abiwzzc",
            "jd": 2460556.8611343,
            "ranr": 5.8521313,
            "decnr": 8.7402367,
            "fid": 2,
            "forcediffimflux": -9.527305603027344,
            "forcediffimfluxunc": 10.567769050598145,
            "magzpsci": 26.042600631713867
        },
        {
            "objectid": "ZTF24abiwzzc",
            "jd": 2460556.9151042,
            "ranr": 5.8520648,
            "decnr": 8.7401841,
            "fid": 1,
            "forcediffimflux": -23.448184967041016,
            "forcediffimfluxunc": 21.039447784423828,
            "magzpsci": 26.16469955444336
        },
        {
            "objectid": "ZTF24abiwzzc",
            "jd": 2460558.9001505,
            "ranr": -99999.0,
            "decnr": -99999.0,
            "fid": 1,
            "forcediffimflux": -99999.0,
            "forcediffimfluxunc": -99999.0,
            "magzpsci": 26.14900016784668
        },
        {
            "objectid": "ZTF24abiwzzc",
            "jd": 2460558.938125,
            "ranr": 5.8521313,
            "decnr": 8.7402367,
            "fid": 2,
            "forcediffimflux": 10.53769302368164,
            "forcediffimfluxunc": 16.964187622070312,
            "magzpsci": 26.013399124145508
        },
        {
            "objectid": "ZTF24abiwzzc",
            "jd": 2460560.8399653,
            "ranr": 5.8521313,
            "decnr": 8.7402367,
            "fid": 2,
            "forcediffimflux": -14.362924575805664,
            "forcediffimfluxunc": 9.796468734741211,
            "magzpsci": 25.9148006439209
        },
        {
            "objectid": "ZTF24abiwzzc",
            "jd": 2460560.8946644,
            "ranr": 5.8520648,
            "decnr": 8.7401841,
            "fid": 1,
            "forcediffimflux": 42.022430419921875,
            "forcediffimfluxunc": 19.652191162109375,
            "magzpsci": 26.05120086669922
        },
        {
            "objectid": "ZTF24abiwzzc",
            "jd": 2460562.8533796,
            "ranr": 5.8520648,
            "decnr": 8.7401841,
            "fid": 1,
            "forcediffimflux": -28.991443634033203,
            "forcediffimfluxunc": 18.514219284057617,
            "magzpsci": 26.099000930786133
        },
        {
            "objectid": "ZTF24abiwzzc",
            "jd": 2460562.8811343,
            "ranr": -99999.0,
            "decnr": -99999.0,
            "fid": 2,
            "forcediffimflux": -99999.0,
            "forcediffimfluxunc": -99999.0,
            "magzpsci": 26.032800674438477
        },
        {
            "objectid": "ZTF24abiwzzc",
            "jd": 2460564.7895255,
            "ranr": -99999.0,
            "decnr": -99999.0,
            "fid": 1,
            "forcediffimflux": -99999.0,
            "forcediffimfluxunc": -99999.0,
            "magzpsci": 26.312000274658203
        },
        {
            "objectid": "ZTF24abiwzzc",
            "jd": 2460564.8599306,
            "ranr": 5.8521313,
            "decnr": 8.7402367,
            "fid": 2,
            "forcediffimflux": -16.252107620239258,
            "forcediffimfluxunc": 14.889156341552734,
            "magzpsci": 26.087299346923828
        },
        {
            "objectid": "ZTF24abiwzzc",
            "jd": 2460566.8365394,
            "ranr": -99999.0,
            "decnr": -99999.0,
            "fid": 1,
            "forcediffimflux": -99999.0,
            "forcediffimfluxunc": -99999.0,
            "magzpsci": 25.83919906616211
        },
        {
            "objectid": "ZTF24abiwzzc",
            "jd": 2460566.8794907,
            "ranr": 5.8521313,
            "decnr": 8.7402367,
            "fid": 2,
            "forcediffimflux": -1.0748885869979858,
            "forcediffimfluxunc": 13.22852897644043,
            "magzpsci": 25.835500717163086
        },
        {
            "objectid": "ZTF24abiwzzc",
            "jd": 2460569.8091319,
            "ranr": 5.8520648,
            "decnr": 8.7401841,
            "fid": 1,
            "forcediffimflux": -76.10526275634766,
            "forcediffimfluxunc": 75.61863708496094,
            "magzpsci": 26.15839958190918
        },
        {
            "objectid": "ZTF24abiwzzc",
            "jd": 2460569.8336227,
            "ranr": -99999.0,
            "decnr": -99999.0,
            "fid": 2,
            "forcediffimflux": -99999.0,
            "forcediffimfluxunc": -99999.0,
            "magzpsci": 26.236299514770508
        },
        {
            "objectid": "ZTF24abiwzzc",
            "jd": 2460575.8023032,
            "ranr": 5.8520648,
            "decnr": 8.7401841,
            "fid": 1,
            "forcediffimflux": 162.3710174560547,
            "forcediffimfluxunc": 43.454830169677734,
            "magzpsci": 26.235599517822266
        },
        {
            "objectid": "ZTF24abiwzzc",
            "jd": 2460575.864537,
            "ranr": 5.8521313,
            "decnr": 8.7402367,
            "fid": 2,
            "forcediffimflux": 124.67057800292969,
            "forcediffimfluxunc": 29.80940055847168,
            "magzpsci": 26.05340003967285
        },
        {
            "objectid": "ZTF24abiwzzc",
            "jd": 2460575.8825116,
            "ranr": 5.8521337,
            "decnr": 8.7402465,
            "fid": 3,
            "forcediffimflux": 43.79795837402344,
            "forcediffimfluxunc": 24.990066528320312,
            "magzpsci": 25.364200592041016
        },
        {
            "objectid": "ZTF24abiwzzc",
            "jd": 2460576.8520486,
            "ranr": -99999.0,
            "decnr": -99999.0,
            "fid": 1,
            "forcediffimflux": -99999.0,
            "forcediffimfluxunc": -99999.0,
            "magzpsci": 26.176799774169922
        },
        {
            "objectid": "ZTF24abiwzzc",
            "jd": 2460576.8813889,
            "ranr": -99999.0,
            "decnr": -99999.0,
            "fid": 2,
            "forcediffimflux": -99999.0,
            "forcediffimfluxunc": -99999.0,
            "magzpsci": 26.220399856567383
        },
        {
            "objectid": "ZTF24abiwzzc",
            "jd": 2460576.8888773,
            "ranr": -99999.0,
            "decnr": -99999.0,
            "fid": 3,
            "forcediffimflux": -99999.0,
            "forcediffimfluxunc": -99999.0,
            "magzpsci": 25.52050018310547
        },
        {
            "objectid": "ZTF24abiwzzc",
            "jd": 2460577.7672454,
            "ranr": -99999.0,
            "decnr": -99999.0,
            "fid": 2,
            "forcediffimflux": -99999.0,
            "forcediffimfluxunc": -99999.0,
            "magzpsci": 26.23430061340332
        },
        {
            "objectid": "ZTF24abiwzzc",
            "jd": 2460577.8361227,
            "ranr": -99999.0,
            "decnr": -99999.0,
            "fid": 3,
            "forcediffimflux": -99999.0,
            "forcediffimfluxunc": -99999.0,
            "magzpsci": 25.543100357055664
        },
        {
            "objectid": "ZTF24abiwzzc",
            "jd": 2460577.8653935,
            "ranr": -99999.0,
            "decnr": -99999.0,
            "fid": 1,
            "forcediffimflux": -99999.0,
            "forcediffimfluxunc": -99999.0,
            "magzpsci": 26.147199630737305
        },
        {
            "objectid": "ZTF24abiwzzc",
            "jd": 2460577.8691782,
            "ranr": -99999.0,
            "decnr": -99999.0,
            "fid": 1,
            "forcediffimflux": -99999.0,
            "forcediffimfluxunc": -99999.0,
            "magzpsci": 26.295700073242188
        },
        {
            "objectid": "ZTF24abiwzzc",
            "jd": 2460577.9227662,
            "ranr": 5.8521313,
            "decnr": 8.7402367,
            "fid": 2,
            "forcediffimflux": 73.66804504394531,
            "forcediffimfluxunc": 16.87755584716797,
            "magzpsci": 25.99530029296875
        },
        {
            "objectid": "ZTF24abiwzzc",
            "jd": 2460578.8690856,
            "ranr": -99999.0,
            "decnr": -99999.0,
            "fid": 2,
            "forcediffimflux": -99999.0,
            "forcediffimfluxunc": -99999.0,
            "magzpsci": 26.21419906616211
        },
        {
            "objectid": "ZTF24abiwzzc",
            "jd": 2460578.9114005,
            "ranr": -99999.0,
            "decnr": -99999.0,
            "fid": 1,
            "forcediffimflux": -99999.0,
            "forcediffimfluxunc": -99999.0,
            "magzpsci": 26.262500762939453
        },
        {
            "objectid": "ZTF24abiwzzc",
            "jd": 2460580.9563889,
            "ranr": -99999.0,
            "decnr": -99999.0,
            "fid": 2,
            "forcediffimflux": -99999.0,
            "forcediffimfluxunc": -99999.0,
            "magzpsci": 26.186599731445312
        },
        {
            "objectid": "ZTF24abiwzzc",
            "jd": 2460580.969537,
            "ranr": -99999.0,
            "decnr": -99999.0,
            "fid": 1,
            "forcediffimflux": -99999.0,
            "forcediffimfluxunc": -99999.0,
            "magzpsci": 26.10919952392578
        },
        {
            "objectid": "ZTF24abiwzzc",
            "jd": 2460582.8631019,
            "ranr": 5.8521313,
            "decnr": 8.7402367,
            "fid": 2,
            "forcediffimflux": 421.8624572753906,
            "forcediffimfluxunc": 24.39676284790039,
            "magzpsci": 26.05430030822754
        },
        {
            "objectid": "ZTF24abiwzzc",
            "jd": 2460582.8954745,
            "ranr": -99999.0,
            "decnr": -99999.0,
            "fid": 1,
            "forcediffimflux": -99999.0,
            "forcediffimfluxunc": -99999.0,
            "magzpsci": 26.166799545288086
        },
        {
            "objectid": "ZTF24abiwzzc",
            "jd": 2460582.9776273,
            "ranr": -99999.0,
            "decnr": -99999.0,
            "fid": 1,
            "forcediffimflux": -99999.0,
            "forcediffimfluxunc": -99999.0,
            "magzpsci": 26.213600158691406
        },
        {
            "objectid": "ZTF24abiwzzc",
            "jd": 2460585.9907639,
            "ranr": -99999.0,
            "decnr": -99999.0,
            "fid": 1,
            "forcediffimflux": -99999.0,
            "forcediffimfluxunc": -99999.0,
            "magzpsci": 27.8794002532959
        },
        {
            "objectid": "ZTF24abiwzzc",
            "jd": 2460586.0033681,
            "ranr": -99999.0,
            "decnr": -99999.0,
            "fid": 2,
            "forcediffimflux": -99999.0,
            "forcediffimfluxunc": -99999.0,
            "magzpsci": 27.88909912109375
        },
        {
            "objectid": "ZTF24abiwzzc",
            "jd": 2460586.9964815,
            "ranr": -99999.0,
            "decnr": -99999.0,
            "fid": 2,
            "forcediffimflux": -99999.0,
            "forcediffimfluxunc": -99999.0,
            "magzpsci": 27.791799545288086
        },
        {
            "objectid": "ZTF24abiwzzc",
            "jd": 2460587.0069329,
            "ranr": -99999.0,
            "decnr": -99999.0,
            "fid": 1,
            "forcediffimflux": -99999.0,
            "forcediffimfluxunc": -99999.0,
            "magzpsci": 27.571800231933594
        },
        {
            "objectid": "ZTF24abiwzzc",
            "jd": 2460592.8332639,
            "ranr": 5.8521313,
            "decnr": 8.7402367,
            "fid": 2,
            "forcediffimflux": 406.87066650390625,
            "forcediffimfluxunc": 17.5217227935791,
            "magzpsci": 26.042299270629883
        },
        {
            "objectid": "ZTF24abiwzzc",
            "jd": 2460592.8635069,
            "ranr": -99999.0,
            "decnr": -99999.0,
            "fid": 1,
            "forcediffimflux": -99999.0,
            "forcediffimfluxunc": -99999.0,
            "magzpsci": 26.148099899291992
        },
        {
            "objectid": "ZTF24abiwzzc",
            "jd": 2460592.8795486,
            "ranr": 5.8520648,
            "decnr": 8.7401841,
            "fid": 1,
            "forcediffimflux": 931.9562377929688,
            "forcediffimfluxunc": 29.73455047607422,
            "magzpsci": 26.163299560546875
        },
        {
            "objectid": "ZTF24abiwzzc",
            "jd": 2460594.7215278,
            "ranr": -99999.0,
            "decnr": -99999.0,
            "fid": 2,
            "forcediffimflux": -99999.0,
            "forcediffimfluxunc": -99999.0,
            "magzpsci": 26.047800064086914
        },
        {
            "objectid": "ZTF24abiwzzc",
            "jd": 2460594.8199653,
            "ranr": -99999.0,
            "decnr": -99999.0,
            "fid": 1,
            "forcediffimflux": -99999.0,
            "forcediffimfluxunc": -99999.0,
            "magzpsci": 26.324499130249023
        },
        {
            "objectid": "ZTF24abiwzzc",
            "jd": 2460594.8223264,
            "ranr": -99999.0,
            "decnr": -99999.0,
            "fid": 1,
            "forcediffimflux": -99999.0,
            "forcediffimfluxunc": -99999.0,
            "magzpsci": 26.281099319458008
        },
        {
            "objectid": "ZTF24abiwzzc",
            "jd": 2460594.8889815,
            "ranr": 5.8521313,
            "decnr": 8.7402367,
            "fid": 2,
            "forcediffimflux": 717.9741821289062,
            "forcediffimfluxunc": 27.190391540527344,
            "magzpsci": 26.031700134277344
        },
        {
            "objectid": "ZTF24abiwzzc",
            "jd": 2460596.7246991,
            "ranr": -99999.0,
            "decnr": -99999.0,
            "fid": 1,
            "forcediffimflux": -99999.0,
            "forcediffimfluxunc": -99999.0,
            "magzpsci": 26.343599319458008
        },
        {
            "objectid": "ZTF24abiwzzc",
            "jd": 2460596.8705208,
            "ranr": -99999.0,
            "decnr": -99999.0,
            "fid": 2,
            "forcediffimflux": -99999.0,
            "forcediffimfluxunc": -99999.0,
            "magzpsci": 26.256099700927734
        },
        {
            "objectid": "ZTF24abiwzzc",
            "jd": 2460598.6436806,
            "ranr": -99999.0,
            "decnr": -99999.0,
            "fid": 2,
            "forcediffimflux": -99999.0,
            "forcediffimfluxunc": -99999.0,
            "magzpsci": 26.027599334716797
        },
        {
            "objectid": "ZTF24abiwzzc",
            "jd": 2460598.733588,
            "ranr": -99999.0,
            "decnr": -99999.0,
            "fid": 1,
            "forcediffimflux": -99999.0,
            "forcediffimfluxunc": -99999.0,
            "magzpsci": 26.156099319458008
        },
        {
            "objectid": "ZTF24abiwzzc",
            "jd": 2460598.8194676,
            "ranr": 5.8521313,
            "decnr": 8.7402367,
            "fid": 2,
            "forcediffimflux": 689.10400390625,
            "forcediffimfluxunc": 58.31706619262695,
            "magzpsci": 26.0585994720459
        },
        {
            "objectid": "ZTF24abiwzzc",
            "jd": 2460602.7856366,
            "ranr": 5.8520648,
            "decnr": 8.7401841,
            "fid": 1,
            "forcediffimflux": 573.604736328125,
            "forcediffimfluxunc": 77.55296325683594,
            "magzpsci": 26.217100143432617
        },
        {
            "objectid": "ZTF24abiwzzc",
            "jd": 2460602.8390509,
            "ranr": 5.8521313,
            "decnr": 8.7402367,
            "fid": 2,
            "forcediffimflux": 466.82244873046875,
            "forcediffimfluxunc": 61.238975524902344,
            "magzpsci": 26.06170082092285
        },
        {
            "objectid": "ZTF24abiwzzc",
            "jd": 2460604.7212963,
            "ranr": -99999.0,
            "decnr": -99999.0,
            "fid": 2,
            "forcediffimflux": -99999.0,
            "forcediffimfluxunc": -99999.0,
            "magzpsci": 26.237600326538086
        },
        {
            "objectid": "ZTF24abiwzzc",
            "jd": 2460604.7560648,
            "ranr": -99999.0,
            "decnr": -99999.0,
            "fid": 1,
            "forcediffimflux": -99999.0,
            "forcediffimfluxunc": -99999.0,
            "magzpsci": 26.32430076599121
        },
        {
            "objectid": "ZTF24abiwzzc",
            "jd": 2460604.7584259,
            "ranr": 5.8520648,
            "decnr": 8.7401841,
            "fid": 1,
            "forcediffimflux": 512.6214599609375,
            "forcediffimfluxunc": 37.48451614379883,
            "magzpsci": 26.232500076293945
        },
        {
            "objectid": "ZTF24abiwzzc",
            "jd": 2460606.7281597,
            "ranr": -99999.0,
            "decnr": -99999.0,
            "fid": 1,
            "forcediffimflux": -99999.0,
            "forcediffimfluxunc": -99999.0,
            "magzpsci": 26.175399780273438
        },
        {
            "objectid": "ZTF24abiwzzc",
            "jd": 2460606.7612153,
            "ranr": 5.8520648,
            "decnr": 8.7401841,
            "fid": 1,
            "forcediffimflux": 402.3324279785156,
            "forcediffimfluxunc": 27.114688873291016,
            "magzpsci": 26.216899871826172
        },
        {
            "objectid": "ZTF24abiwzzc",
            "jd": 2460606.7909028,
            "ranr": -99999.0,
            "decnr": -99999.0,
            "fid": 2,
            "forcediffimflux": -99999.0,
            "forcediffimfluxunc": -99999.0,
            "magzpsci": 26.2455997467041
        },
        {
            "objectid": "ZTF24abiwzzc",
            "jd": 2460608.7787963,
            "ranr": -99999.0,
            "decnr": -99999.0,
            "fid": 1,
            "forcediffimflux": -99999.0,
            "forcediffimfluxunc": -99999.0,
            "magzpsci": 26.308000564575195
        }
    ]
}