{
    "objectId": "ZTF20abqdkne",
    "candidates": [
        {
            "candid": 1310421903115015006,
            "jd": 2459064.9219097,
            "ra": 20.9932556,
            "dec": 17.3693148,
            "fid": 2,
            "nid": 1310,
            "magpsf": 19.235599517822266,
            "sigmapsf": 0.12086399644613266,
            "magnr": 17.16699981689453,
            "sigmagnr": 0.13500000536441803,
            "magzpsci": 26.254600524902344,
            "isdiffpos": "t",
            "ssdistnr": -999.0,
            "ssnamenr": "null",
            "drb": 0.9998940229415894
        },
        {
            "candid": 1311409863115015005,
            "jd": 2459065.9098611,
            "ra": 20.993284,
            "dec": 17.3693241,
            "fid": 2,
            "nid": 1311,
            "magpsf": 19.019899368286133,
            "sigmapsf": 0.15713700652122498,
            "magnr": 17.16699981689453,
            "sigmagnr": 0.13500000536441803,
            "magzpsci": 26.230899810791016,
            "isdiffpos": "t",
            "ssdistnr": -999.0,
            "ssnamenr": "null",
            "drb": 0.998894989490509
        },
        {
            "candid": 1311453433115015010,
            "jd": 2459065.9534375,
            "ra": 20.9932224,
            "dec": 17.3693269,
            "fid": 2,
            "nid": 1311,
            "magpsf": 18.900699615478516,
            "sigmapsf": 0.11212699860334396,
            "magnr": 17.16699981689453,
            "sigmagnr": 0.13500000536441803,
            "magzpsci": 26.251699447631836,
            "isdiffpos": "t",
            "ssdistnr": -999.0,
            "ssnamenr": "null",
            "drb": 0.9854879975318909
        },
        {
            "candid": 1311461963115015006,
            "jd": 2459065.9619676,
            "ra": 20.9932155,
            "dec": 17.3693459,
            "fid": 1,
            "nid": 1311,
            "magpsf": 18.959999084472656,
            "sigmapsf": 0.15093599259853363,
            "magnr": 17.562000274658203,
            "sigmagnr": 0.09799999743700027,
            "magzpsci": 26.259000778198242,
            "isdiffpos": "t",
            "ssdistnr": -999.0,
            "ssnamenr": "null",
            "drb": 0.9995599985122681
        },
        {
            "candid": 1312424753115015004,
            "jd": 2459066.9247569,
            "ra": 20.993281,
            "dec": 17.3692721,
            "fid": 1,
            "nid": 1312,
            "magpsf": 18.83370018005371,
            "sigmapsf": 0.1319040060043335,
            "magnr": 17.562000274658203,
            "sigmagnr": 0.09799999743700027,
            "magzpsci": 26.30270004272461,
            "isdiffpos": "t",
            "ssdistnr": -999.0,
            "ssnamenr": "null",
            "drb": 0.9988170266151428
        },
        {
            "candid": 1312463443115015011,
            "jd": 2459066.9634491,
            "ra": 20.9932485,
            "dec": 17.3693297,
            "fid": 2,
            "nid": 1312,
            "magpsf": 18.584199905395508,
            "sigmapsf": 0.08532200008630753,
            "magnr": 17.16699981689453,
            "sigmagnr": 0.13500000536441803,
            "magzpsci": 26.2731990814209,
            "isdiffpos": "t",
            "ssdistnr": -999.0,
            "ssnamenr": "null",
            "drb": 0.9994990229606628
        },
        {
            "candid": 1313398753115015005,
            "jd": 2459067.89875,
            "ra": 20.993263,
            "dec": 17.3693548,
            "fid": 1,
            "nid": 1313,
            "magpsf": 18.73710060119629,
            "sigmapsf": 0.11735299974679947,
            "magnr": 17.562000274658203,
            "sigmagnr": 0.09799999743700027,
            "magzpsci": 26.30109977722168,
            "isdiffpos": "t",
            "ssdistnr": -999.0,
            "ssnamenr": "null",
            "drb": 0.9982200264930725
        },
        {
            "candid": 1313444683115015011,
            "jd": 2459067.9446875,
            "ra": 20.993249,
            "dec": 17.3693225,
            "fid": 2,
            "nid": 1313,
            "magpsf": 18.36079978942871,
            "sigmapsf": 0.0668959990143776,
            "magnr": 17.16699981689453,
            "sigmagnr": 0.13500000536441803,
            "magzpsci": 26.2947998046875,
            "isdiffpos": "t",
            "ssdistnr": -999.0,
            "ssnamenr": "null",
            "drb": 0.9999809861183167
        },
        {
            "candid": 1313480243115015011,
            "jd": 2459067.9802431,
            "ra": 20.9932197,
            "dec": 17.3692786,
            "fid": 1,
            "nid": 1313,
            "magpsf": 18.491100311279297,
            "sigmapsf": 0.10417100042104721,
            "magnr": 17.562000274658203,
            "sigmagnr": 0.09799999743700027,
            "magzpsci": 26.339099884033203,
            "isdiffpos": "t",
            "ssdistnr": -999.0,
            "ssnamenr": "null",
            "drb": 0.9978229999542236
        },
        {
            "candid": 1314489363115015006,
            "jd": 2459068.9893634,
            "ra": 20.9932445,
            "dec": 17.369329,
            "fid": 1,
            "nid": 1314,
            "magpsf": 18.434499740600586,
            "sigmapsf": 0.07537899911403656,
            "magnr": 17.562000274658203,
            "sigmagnr": 0.09799999743700027,
            "magzpsci": 26.332500457763672,
            "isdiffpos": "t",
            "ssdistnr": -999.0,
            "ssnamenr": "null",
            "drb": 0.9998509883880615
        },
        {
            "candid": 1318441653115015010,
            "jd": 2459072.9416551,
            "ra": 20.9932586,
            "dec": 17.3693455,
            "fid": 1,
            "nid": 1318,
            "magpsf": 18.009700775146484,
            "sigmapsf": 0.05714799836277962,
            "magnr": 17.562000274658203,
            "sigmagnr": 0.09799999743700027,
            "magzpsci": 26.293699264526367,
            "isdiffpos": "t",
            "ssdistnr": -999.0,
            "ssnamenr": "-999.0",
            "drb": null
        },
        {
            "candid": 1318453533115015009,
            "jd": 2459072.9535301,
            "ra": 20.9932557,
            "dec": 17.3693498,
            "fid": 1,
            "nid": 1318,
            "magpsf": 18.033599853515625,
            "sigmapsf": 0.061174001544713974,
            "magnr": 17.562000274658203,
            "sigmagnr": 0.09799999743700027,
            "magzpsci": 26.313600540161133,
            "isdiffpos": "t",
            "ssdistnr": -999.0,
            "ssnamenr": "null",
            "drb": 0.9999489784240723
        },
        {
            "candid": 1318475723115015019,
            "jd": 2459072.9757292,
            "ra": 20.9932524,
            "dec": 17.3693375,
            "fid": 2,
            "nid": 1318,
            "magpsf": 17.72369956970215,
            "sigmapsf": 0.055018000304698944,
            "magnr": 17.16699981689453,
            "sigmagnr": 0.13500000536441803,
            "magzpsci": 26.273700714111328,
            "isdiffpos": "t",
            "ssdistnr": -999.0,
            "ssnamenr": "null",
            "drb": 0.9999769926071167
        },
        {
            "candid": 1320428883115015007,
            "jd": 2459074.9288889,
            "ra": 20.993283,
            "dec": 17.3694499,
            "fid": 2,
            "nid": 1320,
            "magpsf": 17.473600387573242,
            "sigmapsf": 0.2370000034570694,
            "magnr": 17.16699981689453,
            "sigmagnr": 0.13500000536441803,
            "magzpsci": 23.73859977722168,
            "isdiffpos": "t",
            "ssdistnr": -999.0,
            "ssnamenr": "-999.0",
            "drb": null
        },
        {
            "candid": 1321418123115015010,
            "jd": 2459075.918125,
            "ra": 20.9932454,
            "dec": 17.3693442,
            "fid": 1,
            "nid": 1321,
            "magpsf": 18.062299728393555,
            "sigmapsf": 0.059512000530958176,
            "magnr": 17.562000274658203,
            "sigmagnr": 0.09799999743700027,
            "magzpsci": 26.211299896240234,
            "isdiffpos": "t",
            "ssdistnr": -999.0,
            "ssnamenr": "null",
            "drb": 0.9997699856758118
        },
        {
            "candid": 1321425903115015016,
            "jd": 2459075.9259028,
            "ra": 20.9932557,
            "dec": 17.3693274,
            "fid": 1,
            "nid": 1321,
            "magpsf": 18.072599411010742,
            "sigmapsf": 0.0659710019826889,
            "magnr": 17.562000274658203,
            "sigmagnr": 0.09799999743700027,
            "magzpsci": 26.223600387573242,
            "isdiffpos": "t",
            "ssdistnr": -999.0,
            "ssnamenr": "null",
            "drb": 0.9999909996986389
        },
        {
            "candid": 1321464673115015010,
            "jd": 2459075.9646759,
            "ra": 20.9932512,
            "dec": 17.3693311,
            "fid": 2,
            "nid": 1321,
            "magpsf": 17.627399444580078,
            "sigmapsf": 0.05731400102376938,
            "magnr": 17.16699981689453,
            "sigmagnr": 0.13500000536441803,
            "magzpsci": 26.21940040588379,
            "isdiffpos": "t",
            "ssdistnr": -999.0,
            "ssnamenr": "-999.0",
            "drb": null
        },
        {
            "candid": 1321476273115015017,
            "jd": 2459075.9762731,
            "ra": 20.9932341,
            "dec": 17.3693306,
            "fid": 2,
            "nid": 1321,
            "magpsf": 17.666200637817383,
            "sigmapsf": 0.04028499871492386,
            "magnr": 17.16699981689453,
            "sigmagnr": 0.13500000536441803,
            "magzpsci": 26.22719955444336,
            "isdiffpos": "t",
            "ssdistnr": -999.0,
            "ssnamenr": "null",
            "drb": 0.999908983707428
        },
        {
            "candid": 1322408573115015008,
            "jd": 2459076.9085764,
            "ra": 20.9932559,
            "dec": 17.3693334,
            "fid": 2,
            "nid": 1322,
            "magpsf": 17.66860008239746,
            "sigmapsf": 0.04570399969816208,
            "magnr": 17.16699981689453,
            "sigmagnr": 0.13500000536441803,
            "magzpsci": 26.195600509643555,
            "isdiffpos": "t",
            "ssdistnr": -999.0,
            "ssnamenr": "null",
            "drb": 0.9999989867210388
        },
        {
            "candid": 1322472713115015021,
            "jd": 2459076.9727199,
            "ra": 20.9932391,
            "dec": 17.3693367,
            "fid": 1,
            "nid": 1322,
            "magpsf": 18.155500411987305,
            "sigmapsf": 0.062212999910116196,
            "magnr": 17.562000274658203,
            "sigmagnr": 0.09799999743700027,
            "magzpsci": 26.267499923706055,
            "isdiffpos": "t",
            "ssdistnr": -999.0,
            "ssnamenr": "null",
            "drb": 0.9998440146446228
        },
        {
            "candid": 1323465783115015012,
            "jd": 2459077.965787,
            "ra": 20.9932391,
            "dec": 17.3693271,
            "fid": 2,
            "nid": 1323,
            "magpsf": 17.662200927734375,
            "sigmapsf": 0.038485001772642136,
            "magnr": 17.16699981689453,
            "sigmagnr": 0.13500000536441803,
            "magzpsci": 26.228200912475586,
            "isdiffpos": "t",
            "ssdistnr": -999.0,
            "ssnamenr": "null",
            "drb": 0.9999430179595947
        },
        {
            "candid": 1325412043115015011,
            "jd": 2459079.9120486,
            "ra": 20.9932444,
            "dec": 17.3693423,
            "fid": 2,
            "nid": 1325,
            "magpsf": 17.648300170898438,
            "sigmapsf": 0.04321200028061867,
            "magnr": 17.16699981689453,
            "sigmagnr": 0.13500000536441803,
            "magzpsci": 26.178300857543945,
            "isdiffpos": "t",
            "ssdistnr": -999.0,
            "ssnamenr": "null",
            "drb": 0.9998959898948669
        },
        {
            "candid": 1325425763115015013,
            "jd": 2459079.9257639,
            "ra": 20.9932401,
            "dec": 17.3693379,
            "fid": 2,
            "nid": 1325,
            "magpsf": 17.712200164794922,
            "sigmapsf": 0.04843999817967415,
            "magnr": 17.16699981689453,
            "sigmagnr": 0.13500000536441803,
            "magzpsci": 26.169200897216797,
            "isdiffpos": "t",
            "ssdistnr": -999.0,
            "ssnamenr": "null",
            "drb": 0.9999020099639893
        },
        {
            "candid": 1325461903115015015,
            "jd": 2459079.9619097,
            "ra": 20.993265,
            "dec": 17.3693188,
            "fid": 1,
            "nid": 1325,
            "magpsf": 18.45669937133789,
            "sigmapsf": 0.0733719989657402,
            "magnr": 17.562000274658203,
            "sigmagnr": 0.09799999743700027,
            "magzpsci": 26.108699798583984,
            "isdiffpos": "t",
            "ssdistnr": -999.0,
            "ssnamenr": "null",
            "drb": 0.9995149970054626
        },
        {
            "candid": 1326414983115015018,
            "jd": 2459080.9149884,
            "ra": 20.9932702,
            "dec": 17.3693214,
            "fid": 1,
            "nid": 1326,
            "magpsf": 18.606300354003906,
            "sigmapsf": 0.08186300098896027,
            "magnr": 17.562000274658203,
            "sigmagnr": 0.09799999743700027,
            "magzpsci": 25.99530029296875,
            "isdiffpos": "t",
            "ssdistnr": -999.0,
            "ssnamenr": "null",
            "drb": 0.9998990297317505
        },
        {
            "candid": 1327412173115015017,
            "jd": 2459081.9121759,
            "ra": 20.9932272,
            "dec": 17.3693462,
            "fid": 2,
            "nid": 1327,
            "magpsf": 17.738500595092773,
            "sigmapsf": 0.04627599939703941,
            "magnr": 17.16699981689453,
            "sigmagnr": 0.13500000536441803,
            "magzpsci": 26.133499145507812,
            "isdiffpos": "t",
            "ssdistnr": -999.0,
            "ssnamenr": "null",
            "drb": 0.9999709725379944
        },
        {
            "candid": 1328420343115015019,
            "jd": 2459082.9203472,
            "ra": 20.9932655,
            "dec": 17.3693057,
            "fid": 1,
            "nid": 1328,
            "magpsf": 18.773700714111328,
            "sigmapsf": 0.09171199798583984,
            "magnr": 17.562000274658203,
            "sigmagnr": 0.09799999743700027,
            "magzpsci": 26.058700561523438,
            "isdiffpos": "t",
            "ssdistnr": -999.0,
            "ssnamenr": "null",
            "drb": 0.9999690055847168
        },
        {
            "candid": 1328511253115015015,
            "jd": 2459083.01125,
            "ra": 20.993258,
            "dec": 17.3693156,
            "fid": 2,
            "nid": 1328,
            "magpsf": 17.759599685668945,
            "sigmapsf": 0.06098699942231178,
            "magnr": 17.16699981689453,
            "sigmagnr": 0.13500000536441803,
            "magzpsci": 26.149599075317383,
            "isdiffpos": "t",
            "ssdistnr": -999.0,
            "ssnamenr": "null",
            "drb": 0.9999970197677612
        },
        {
            "candid": 1330512173115015013,
            "jd": 2459085.0121759,
            "ra": 20.9932508,
            "dec": 17.3693193,
            "fid": 2,
            "nid": 1330,
            "magpsf": 17.91990089416504,
            "sigmapsf": 0.05601700022816658,
            "magnr": 17.16699981689453,
            "sigmagnr": 0.13500000536441803,
            "magzpsci": 26.239900588989258,
            "isdiffpos": "t",
            "ssdistnr": -999.0,
            "ssnamenr": "null",
            "drb": 0.9997990131378174
        },
        {
            "candid": 1331397633115015019,
            "jd": 2459085.8976389,
            "ra": 20.9932516,
            "dec": 17.3693529,
            "fid": 1,
            "nid": 1331,
            "magpsf": 19.134599685668945,
            "sigmapsf": 0.10886699706315994,
            "magnr": 17.562000274658203,
            "sigmagnr": 0.09799999743700027,
            "magzpsci": 26.206600189208984,
            "isdiffpos": "t",
            "ssdistnr": -999.0,
            "ssnamenr": "-999.0",
            "drb": null
        },
        {
            "candid": 1331440773115015018,
            "jd": 2459085.9407755,
            "ra": 20.9932515,
            "dec": 17.3693379,
            "fid": 1,
            "nid": 1331,
            "magpsf": 19.23419952392578,
            "sigmapsf": 0.08542700111865997,
            "magnr": 17.562000274658203,
            "sigmagnr": 0.09799999743700027,
            "magzpsci": 26.222200393676758,
            "isdiffpos": "t",
            "ssdistnr": -999.0,
            "ssnamenr": "null",
            "drb": 0.999858021736145
        },
        {
            "candid": 1331461183115015023,
            "jd": 2459085.9611806,
            "ra": 20.9932609,
            "dec": 17.3693404,
            "fid": 2,
            "nid": 1331,
            "magpsf": 17.986799240112305,
            "sigmapsf": 0.04845000058412552,
            "magnr": 17.16699981689453,
            "sigmagnr": 0.13500000536441803,
            "magzpsci": 26.218799591064453,
            "isdiffpos": "t",
            "ssdistnr": -999.0,
            "ssnamenr": "null",
            "drb": 0.9995049834251404
        },
        {
            "candid": 1331492653115015027,
            "jd": 2459085.9926505,
            "ra": 20.993238,
            "dec": 17.3693371,
            "fid": 2,
            "nid": 1331,
            "magpsf": 17.964599609375,
            "sigmapsf": 0.055024001747369766,
            "magnr": 17.16699981689453,
            "sigmagnr": 0.13500000536441803,
            "magzpsci": 26.189599990844727,
            "isdiffpos": "t",
            "ssdistnr": -999.0,
            "ssnamenr": "null",
            "drb": 0.9998019933700562
        },
        {
            "candid": 1332365993115015027,
            "jd": 2459086.8659954,
            "ra": 20.9932406,
            "dec": 17.3693263,
            "fid": 2,
            "nid": 1332,
            "magpsf": 18.041799545288086,
            "sigmapsf": 0.038339000195264816,
            "magnr": 17.16699981689453,
            "sigmagnr": 0.13500000536441803,
            "magzpsci": 26.20680046081543,
            "isdiffpos": "t",
            "ssdistnr": -999.0,
            "ssnamenr": "-999.0",
            "drb": null
        },
        {
            "candid": 1332399693115015023,
            "jd": 2459086.8996991,
            "ra": 20.9932601,
            "dec": 17.3693357,
            "fid": 2,
            "nid": 1332,
            "magpsf": 18.023300170898438,
            "sigmapsf": 0.0578950010240078,
            "magnr": 17.16699981689453,
            "sigmagnr": 0.13500000536441803,
            "magzpsci": 26.218299865722656,
            "isdiffpos": "t",
            "ssdistnr": -999.0,
            "ssnamenr": "null",
            "drb": 0.9999709725379944
        },
        {
            "candid": 1332463563115015030,
            "jd": 2459086.9635648,
            "ra": 20.9932591,
            "dec": 17.3693102,
            "fid": 1,
            "nid": 1332,
            "magpsf": 19.277099609375,
            "sigmapsf": 0.10266199707984924,
            "magnr": 17.562000274658203,
            "sigmagnr": 0.09799999743700027,
            "magzpsci": 26.18709945678711,
            "isdiffpos": "t",
            "ssdistnr": -999.0,
            "ssnamenr": "null",
            "drb": 0.9993289709091187
        },
        {
            "candid": 1332505633115015021,
            "jd": 2459087.0056366,
            "ra": 20.9932436,
            "dec": 17.3693407,
            "fid": 1,
            "nid": 1332,
            "magpsf": 19.38520050048828,
            "sigmapsf": 0.1222120001912117,
            "magnr": 17.562000274658203,
            "sigmagnr": 0.09799999743700027,
            "magzpsci": 26.16819953918457,
            "isdiffpos": "t",
            "ssdistnr": -999.0,
            "ssnamenr": "null",
            "drb": 0.9957590103149414
        },
        {
            "candid": 1333453873115015017,
            "jd": 2459087.9538773,
            "ra": 20.9932452,
            "dec": 17.3693389,
            "fid": 2,
            "nid": 1333,
            "magpsf": 18.096599578857422,
            "sigmapsf": 0.047944001853466034,
            "magnr": 17.16699981689453,
            "sigmagnr": 0.13500000536441803,
            "magzpsci": 26.14859962463379,
            "isdiffpos": "t",
            "ssdistnr": -999.0,
            "ssnamenr": "-999.0",
            "drb": null
        },
        {
            "candid": 1333460863115015020,
            "jd": 2459087.9608681,
            "ra": 20.9932754,
            "dec": 17.3693271,
            "fid": 1,
            "nid": 1333,
            "magpsf": 19.399099349975586,
            "sigmapsf": 0.10929600149393082,
            "magnr": 17.562000274658203,
            "sigmagnr": 0.09799999743700027,
            "magzpsci": 26.115100860595703,
            "isdiffpos": "t",
            "ssdistnr": -999.0,
            "ssnamenr": "null",
            "drb": 0.9999769926071167
        },
        {
            "candid": 1333476093115015024,
            "jd": 2459087.9760995,
            "ra": 20.9932904,
            "dec": 17.3693158,
            "fid": 1,
            "nid": 1333,
            "magpsf": 19.32509994506836,
            "sigmapsf": 0.1144689992070198,
            "magnr": 17.562000274658203,
            "sigmagnr": 0.09799999743700027,
            "magzpsci": 26.07710075378418,
            "isdiffpos": "t",
            "ssdistnr": -999.0,
            "ssnamenr": "null",
            "drb": 0.9994570016860962
        },
        {
            "candid": 1334402023115015014,
            "jd": 2459088.9020255,
            "ra": 20.9932595,
            "dec": 17.3693358,
            "fid": 2,
            "nid": 1334,
            "magpsf": 18.19409942626953,
            "sigmapsf": 0.06282199919223785,
            "magnr": 17.16699981689453,
            "sigmagnr": 0.13500000536441803,
            "magzpsci": 26.12310028076172,
            "isdiffpos": "t",
            "ssdistnr": -999.0,
            "ssnamenr": "null",
            "drb": 0.9999899864196777
        },
        {
            "candid": 1334472323115015019,
            "jd": 2459088.9723264,
            "ra": 20.9932909,
            "dec": 17.3693428,
            "fid": 1,
            "nid": 1334,
            "magpsf": 19.497600555419922,
            "sigmapsf": 0.14204399287700653,
            "magnr": 17.562000274658203,
            "sigmagnr": 0.09799999743700027,
            "magzpsci": 26.13159942626953,
            "isdiffpos": "t",
            "ssdistnr": -999.0,
            "ssnamenr": "null",
            "drb": 0.9989190101623535
        },
        {
            "candid": 1334513763115015017,
            "jd": 2459089.0137616,
            "ra": 20.9933002,
            "dec": 17.3692619,
            "fid": 1,
            "nid": 1334,
            "magpsf": 19.536800384521484,
            "sigmapsf": 0.20032699406147003,
            "magnr": 17.562000274658203,
            "sigmagnr": 0.09799999743700027,
            "magzpsci": 26.09480094909668,
            "isdiffpos": "t",
            "ssdistnr": -999.0,
            "ssnamenr": "null",
            "drb": 0.9987040162086487
        },
        {
            "candid": 1335350433115015017,
            "jd": 2459089.8504398,
            "ra": 20.993289,
            "dec": 17.3693554,
            "fid": 1,
            "nid": 1335,
            "magpsf": 19.446699142456055,
            "sigmapsf": 0.13791799545288086,
            "magnr": 17.562000274658203,
            "sigmagnr": 0.09799999743700027,
            "magzpsci": 26.10770034790039,
            "isdiffpos": "t",
            "ssdistnr": -999.0,
            "ssnamenr": "null",
            "drb": 0.9981020092964172
        },
        {
            "candid": 1335411853115015019,
            "jd": 2459089.9118519,
            "ra": 20.9932041,
            "dec": 17.3693569,
            "fid": 1,
            "nid": 1335,
            "magpsf": 19.51689910888672,
            "sigmapsf": 0.13721400499343872,
            "magnr": 17.562000274658203,
            "sigmagnr": 0.09799999743700027,
            "magzpsci": 26.1658992767334,
            "isdiffpos": "t",
            "ssdistnr": -999.0,
            "ssnamenr": "null",
            "drb": 0.9982569813728333
        },
        {
            "candid": 1335439913115015016,
            "jd": 2459089.939919,
            "ra": 20.9932373,
            "dec": 17.3693259,
            "fid": 2,
            "nid": 1335,
            "magpsf": 18.245100021362305,
            "sigmapsf": 0.05324700102210045,
            "magnr": 17.16699981689453,
            "sigmagnr": 0.13500000536441803,
            "magzpsci": 26.197099685668945,
            "isdiffpos": "t",
            "ssdistnr": -999.0,
            "ssnamenr": "null",
            "drb": 0.9999960064888
        },
        {
            "candid": 1336370523115015015,
            "jd": 2459090.8705208,
            "ra": 20.9932732,
            "dec": 17.3692935,
            "fid": 1,
            "nid": 1336,
            "magpsf": 19.862499237060547,
            "sigmapsf": 0.18365000188350677,
            "magnr": 17.562000274658203,
            "sigmagnr": 0.09799999743700027,
            "magzpsci": 26.227500915527344,
            "isdiffpos": "t",
            "ssdistnr": -999.0,
            "ssnamenr": "null",
            "drb": 0.9991589784622192
        },
        {
            "candid": 1336488153115015014,
            "jd": 2459090.9881597,
            "ra": 20.9932461,
            "dec": 17.3693349,
            "fid": 2,
            "nid": 1336,
            "magpsf": 18.28860092163086,
            "sigmapsf": 0.050331998616456985,
            "magnr": 17.16699981689453,
            "sigmagnr": 0.13500000536441803,
            "magzpsci": 26.236600875854492,
            "isdiffpos": "t",
            "ssdistnr": -999.0,
            "ssnamenr": "null",
            "drb": 0.9999759793281555
        },
        {
            "candid": 1339394863115015011,
            "jd": 2459093.8948611,
            "ra": 20.9932252,
            "dec": 17.3693479,
            "fid": 2,
            "nid": 1339,
            "magpsf": 18.465700149536133,
            "sigmapsf": 0.08048100024461746,
            "magnr": 17.16699981689453,
            "sigmagnr": 0.13500000536441803,
            "magzpsci": 26.25670051574707,
            "isdiffpos": "t",
            "ssdistnr": -999.0,
            "ssnamenr": "null",
            "drb": 0.9999859929084778
        },
        {
            "candid": 1339400303115015010,
            "jd": 2459093.9003009,
            "ra": 20.9932533,
            "dec": 17.3694162,
            "fid": 1,
            "nid": 1339,
            "magpsf": 19.59280014038086,
            "sigmapsf": 0.22529999911785126,
            "magnr": 17.562000274658203,
            "sigmagnr": 0.09799999743700027,
            "magzpsci": 26.30780029296875,
            "isdiffpos": "t",
            "ssdistnr": -999.0,
            "ssnamenr": "-999.0",
            "drb": null
        },
        {
            "candid": 1340374343115015012,
            "jd": 2459094.8743403,
            "ra": 20.9932391,
            "dec": 17.36933,
            "fid": 2,
            "nid": 1340,
            "magpsf": 18.537500381469727,
            "sigmapsf": 0.10807099938392639,
            "magnr": 17.16699981689453,
            "sigmagnr": 0.13500000536441803,
            "magzpsci": 26.175500869750977,
            "isdiffpos": "t",
            "ssdistnr": -999.0,
            "ssnamenr": "null",
            "drb": 0.9996700286865234
        },
        {
            "candid": 1340399183115015011,
            "jd": 2459094.8991898,
            "ra": 20.9932407,
            "dec": 17.3693501,
            "fid": 2,
            "nid": 1340,
            "magpsf": 18.689300537109375,
            "sigmapsf": 0.13185100257396698,
            "magnr": 17.16699981689453,
            "sigmagnr": 0.13500000536441803,
            "magzpsci": 26.191299438476562,
            "isdiffpos": "t",
            "ssdistnr": -999.0,
            "ssnamenr": "null",
            "drb": 0.9998769760131836
        },
        {
            "candid": 1341384983115015010,
            "jd": 2459095.8849884,
            "ra": 20.9932849,
            "dec": 17.3693389,
            "fid": 2,
            "nid": 1341,
            "magpsf": 18.549999237060547,
            "sigmapsf": 0.12714900076389313,
            "magnr": 17.16699981689453,
            "sigmagnr": 0.13500000536441803,
            "magzpsci": 26.2450008392334,
            "isdiffpos": "t",
            "ssdistnr": -999.0,
            "ssnamenr": "null",
            "drb": 0.999879002571106
        },
        {
            "candid": 1341450343115015006,
            "jd": 2459095.9503472,
            "ra": 20.9932294,
            "dec": 17.3693768,
            "fid": 2,
            "nid": 1341,
            "magpsf": 18.59760093688965,
            "sigmapsf": 0.0943010002374649,
            "magnr": 17.16699981689453,
            "sigmagnr": 0.13500000536441803,
            "magzpsci": 26.23859977722168,
            "isdiffpos": "t",
            "ssdistnr": -999.0,
            "ssnamenr": "null",
            "drb": 0.9999300241470337
        },
        {
            "candid": 1342361643115015006,
            "jd": 2459096.8616435,
            "ra": 20.9932217,
            "dec": 17.3693058,
            "fid": 2,
            "nid": 1342,
            "magpsf": 18.645200729370117,
            "sigmapsf": 0.0711750015616417,
            "magnr": 17.16699981689453,
            "sigmagnr": 0.13500000536441803,
            "magzpsci": 26.24020004272461,
            "isdiffpos": "t",
            "ssdistnr": -999.0,
            "ssnamenr": "null",
            "drb": 0.9983599781990051
        },
        {
            "candid": 1348418183115015003,
            "jd": 2459102.9181829,
            "ra": 20.9932456,
            "dec": 17.3693406,
            "fid": 2,
            "nid": 1348,
            "magpsf": 18.904399871826172,
            "sigmapsf": 0.17271800339221954,
            "magnr": 17.16699981689453,
            "sigmagnr": 0.13500000536441803,
            "magzpsci": 25.76740074157715,
            "isdiffpos": "t",
            "ssdistnr": -999.0,
            "ssnamenr": "null",
            "drb": 0.9987589716911316
        },
        {
            "candid": 1348433833115015008,
            "jd": 2459102.933831,
            "ra": 20.9932215,
            "dec": 17.3693555,
            "fid": 2,
            "nid": 1348,
            "magpsf": 18.641199111938477,
            "sigmapsf": 0.21843600273132324,
            "magnr": 17.16699981689453,
            "sigmagnr": 0.13500000536441803,
            "magzpsci": 25.531200408935547,
            "isdiffpos": "t",
            "ssdistnr": -999.0,
            "ssnamenr": "-999.0",
            "drb": null
        },
        {
            "candid": 1350415153115015008,
            "jd": 2459104.9151505,
            "ra": 20.9932792,
            "dec": 17.369333,
            "fid": 2,
            "nid": 1350,
            "magpsf": 18.843399047851562,
            "sigmapsf": 0.11615200340747833,
            "magnr": 17.16699981689453,
            "sigmagnr": 0.13500000536441803,
            "magzpsci": 25.643400192260742,
            "isdiffpos": "t",
            "ssdistnr": -999.0,
            "ssnamenr": "null",
            "drb": 0.9998070001602173
        },
        {
            "candid": 1352378573115015020,
            "jd": 2459106.8785764,
            "ra": 20.993245,
            "dec": 17.3693707,
            "fid": 2,
            "nid": 1352,
            "magpsf": 19.018600463867188,
            "sigmapsf": 0.08344300091266632,
            "magnr": 17.16699981689453,
            "sigmagnr": 0.13500000536441803,
            "magzpsci": 25.849599838256836,
            "isdiffpos": "t",
            "ssdistnr": -999.0,
            "ssnamenr": "null",
            "drb": 0.9997450113296509
        },
        {
            "candid": 1355394913115015014,
            "jd": 2459109.894919,
            "ra": 20.9931938,
            "dec": 17.3693446,
            "fid": 2,
            "nid": 1355,
            "magpsf": 19.277299880981445,
            "sigmapsf": 0.10052599757909775,
            "magnr": 17.16699981689453,
            "sigmagnr": 0.13500000536441803,
            "magzpsci": 25.968299865722656,
            "isdiffpos": "t",
            "ssdistnr": -999.0,
            "ssnamenr": "null",
            "drb": 0.9998520016670227
        },
        {
            "candid": 1355419883115015017,
            "jd": 2459109.9198843,
            "ra": 20.9931779,
            "dec": 17.3693083,
            "fid": 2,
            "nid": 1355,
            "magpsf": 19.228200912475586,
            "sigmapsf": 0.11485499888658524,
            "magnr": 17.16699981689453,
            "sigmagnr": 0.13500000536441803,
            "magzpsci": 25.99220085144043,
            "isdiffpos": "t",
            "ssdistnr": -999.0,
            "ssnamenr": "null",
            "drb": 0.9991689920425415
        },
        {
            "candid": 1358362913115015026,
            "jd": 2459112.8629167,
            "ra": 20.9932398,
            "dec": 17.3693535,
            "fid": 2,
            "nid": 1358,
            "magpsf": 19.49920082092285,
            "sigmapsf": 0.08152800053358078,
            "magnr": 17.16699981689453,
            "sigmagnr": 0.13500000536441803,
            "magzpsci": 26.261199951171875,
            "isdiffpos": "t",
            "ssdistnr": -999.0,
            "ssnamenr": "null",
            "drb": 0.9946449995040894
        },
        {
            "candid": 1358376563115015017,
            "jd": 2459112.8765625,
            "ra": 20.9932486,
            "dec": 17.3693685,
            "fid": 2,
            "nid": 1358,
            "magpsf": 19.270200729370117,
            "sigmapsf": 0.0778300017118454,
            "magnr": 17.16699981689453,
            "sigmagnr": 0.13500000536441803,
            "magzpsci": 26.244199752807617,
            "isdiffpos": "t",
            "ssdistnr": -999.0,
            "ssnamenr": "null",
            "drb": 0.9988369941711426
        },
        {
            "candid": 1359325963115015014,
            "jd": 2459113.8259606,
            "ra": 20.9932659,
            "dec": 17.369337,
            "fid": 2,
            "nid": 1359,
            "magpsf": 19.328399658203125,
            "sigmapsf": 0.09757299721240997,
            "magnr": 17.16699981689453,
            "sigmagnr": 0.13500000536441803,
            "magzpsci": 26.175399780273438,
            "isdiffpos": "t",
            "ssdistnr": -999.0,
            "ssnamenr": "null",
            "drb": 0.999879002571106
        },
        {
            "candid": 1361378663115015010,
            "jd": 2459115.878669,
            "ra": 20.9932603,
            "dec": 17.36937,
            "fid": 2,
            "nid": 1361,
            "magpsf": 19.356199264526367,
            "sigmapsf": 0.1072549968957901,
            "magnr": 17.16699981689453,
            "sigmagnr": 0.13500000536441803,
            "magzpsci": 26.248199462890625,
            "isdiffpos": "t",
            "ssdistnr": -999.0,
            "ssnamenr": "null",
            "drb": 0.9999359846115112
        },
        {
            "candid": 1363374913115015021,
            "jd": 2459117.874919,
            "ra": 20.993242,
            "dec": 17.369333,
            "fid": 2,
            "nid": 1363,
            "magpsf": 19.44580078125,
            "sigmapsf": 0.0963829979300499,
            "magnr": 17.16699981689453,
            "sigmagnr": 0.13500000536441803,
            "magzpsci": 26.277799606323242,
            "isdiffpos": "t",
            "ssdistnr": -999.0,
            "ssnamenr": "null",
            "drb": 0.9999679923057556
        },
        {
            "candid": 1364280853115015019,
            "jd": 2459118.7808565,
            "ra": 20.9932872,
            "dec": 17.3693627,
            "fid": 2,
            "nid": 1364,
            "magpsf": 19.640199661254883,
            "sigmapsf": 0.14315499365329742,
            "magnr": 17.16699981689453,
            "sigmagnr": 0.13500000536441803,
            "magzpsci": 26.266199111938477,
            "isdiffpos": "t",
            "ssdistnr": -999.0,
            "ssnamenr": "null",
            "drb": 0.9996470212936401
        },
        {
            "candid": 1364351783115015019,
            "jd": 2459118.8517824,
            "ra": 20.9932461,
            "dec": 17.3693508,
            "fid": 2,
            "nid": 1364,
            "magpsf": 19.566699981689453,
            "sigmapsf": 0.10586799681186676,
            "magnr": 17.16699981689453,
            "sigmagnr": 0.13500000536441803,
            "magzpsci": 26.271699905395508,
            "isdiffpos": "t",
            "ssdistnr": -999.0,
            "ssnamenr": "null",
            "drb": 0.9985399842262268
        },
        {
            "candid": 1380329433115015030,
            "jd": 2459134.8294329,
            "ra": 20.993251,
            "dec": 17.3693584,
            "fid": 2,
            "nid": 1380,
            "magpsf": 19.782699584960938,
            "sigmapsf": 0.12480899691581726,
            "magnr": 17.16699981689453,
            "sigmagnr": 0.13500000536441803,
            "magzpsci": 26.25469970703125,
            "isdiffpos": "t",
            "ssdistnr": -999.0,
            "ssnamenr": "null",
            "drb": 0.9991919994354248
        },
        {
            "jd": 2459040.88868,
            "fid": 2,
            "diffmaglim": 19.756999969482422
        },
        {
            "jd": 2459040.9833,
            "fid": 1,
            "diffmaglim": 19.8439998626709
        },
        {
            "jd": 2459046.94517,
            "fid": 2,
            "diffmaglim": 20.69300079345703
        },
        {
            "jd": 2459046.977,
            "fid": 1,
            "diffmaglim": 20.60099983215332
        },
        {
            "jd": 2459047.92602,
            "fid": 2,
            "diffmaglim": 20.90399932861328
        },
        {
            "jd": 2459047.9606,
            "fid": 1,
            "diffmaglim": 20.84000015258789
        },
        {
            "jd": 2459048.92679,
            "fid": 2,
            "diffmaglim": 20.658000946044922
        },
        {
            "jd": 2459048.96822,
            "fid": 1,
            "diffmaglim": 20.7189998626709
        },
        {
            "jd": 2459049.92752,
            "fid": 2,
            "diffmaglim": 20.618000030517578
        },
        {
            "jd": 2459049.96728,
            "fid": 1,
            "diffmaglim": 20.683000564575195
        },
        {
            "jd": 2459050.92236,
            "fid": 1,
            "diffmaglim": 20.62700080871582
        },
        {
            "jd": 2459050.97319,
            "fid": 2,
            "diffmaglim": 20.722000122070312
        },
        {
            "jd": 2459051.92609,
            "fid": 2,
            "diffmaglim": 20.5049991607666
        },
        {
            "jd": 2459051.96178,
            "fid": 1,
            "diffmaglim": 20.628999710083008
        },
        {
            "jd": 2459052.92302,
            "fid": 2,
            "diffmaglim": 20.836999893188477
        },
        {
            "jd": 2459052.9669,
            "fid": 1,
            "diffmaglim": 20.871999740600586
        },
        {
            "jd": 2459052.98346,
            "fid": 1,
            "diffmaglim": 20.604000091552734
        },
        {
            "jd": 2459053.92127,
            "fid": 1,
            "diffmaglim": 20.746000289916992
        },
        {
            "jd": 2459053.96181,
            "fid": 2,
            "diffmaglim": 20.707000732421875
        },
        {
            "jd": 2459054.92325,
            "fid": 2,
            "diffmaglim": 20.6299991607666
        },
        {
            "jd": 2459054.96216,
            "fid": 1,
            "diffmaglim": 20.868999481201172
        },
        {
            "jd": 2459055.92823,
            "fid": 1,
            "diffmaglim": 20.68600082397461
        },
        {
            "jd": 2459055.96284,
            "fid": 2,
            "diffmaglim": 20.71500015258789
        },
        {
            "jd": 2459055.99568,
            "fid": 2,
            "diffmaglim": 20.256000518798828
        },
        {
            "jd": 2459056.94484,
            "fid": 1,
            "diffmaglim": 20.774999618530273
        },
        {
            "jd": 2459056.96475,
            "fid": 2,
            "diffmaglim": 20.683000564575195
        },
        {
            "jd": 2459056.98067,
            "fid": 2,
            "diffmaglim": 20.777999877929688
        },
        {
            "jd": 2459057.92238,
            "fid": 1,
            "diffmaglim": 20.792999267578125
        },
        {
            "jd": 2459057.97337,
            "fid": 2,
            "diffmaglim": 20.60300064086914
        },
        {
            "jd": 2459059.92237,
            "fid": 1,
            "diffmaglim": 20.770000457763672
        },
        {
            "jd": 2459059.96307,
            "fid": 2,
            "diffmaglim": 20.698999404907227
        },
        {
            "jd": 2459060.9434,
            "fid": 2,
            "diffmaglim": 20.680999755859375
        },
        {
            "jd": 2459060.96639,
            "fid": 1,
            "diffmaglim": 20.94300079345703
        },
        {
            "jd": 2459060.99814,
            "fid": 1,
            "diffmaglim": 20.07699966430664
        },
        {
            "jd": 2459061.88566,
            "fid": 2,
            "diffmaglim": 20.292999267578125
        },
        {
            "jd": 2459061.96821,
            "fid": 1,
            "diffmaglim": 20.805999755859375
        },
        {
            "jd": 2459062.91999,
            "fid": 1,
            "diffmaglim": 19.93600082397461
        },
        {
            "jd": 2459062.9837,
            "fid": 2,
            "diffmaglim": 20.500999450683594
        },
        {
            "jd": 2459063.90234,
            "fid": 2,
            "diffmaglim": 19.808000564575195
        },
        {
            "jd": 2459063.96519,
            "fid": 1,
            "diffmaglim": 19.968000411987305
        },
        {
            "jd": 2459064.89522,
            "fid": 2,
            "diffmaglim": 19.56599998474121
        },
        {
            "jd": 2459064.99963,
            "fid": 1,
            "diffmaglim": 19.506000518798828
        },
        {
            "jd": 2459082.87397,
            "fid": 1,
            "diffmaglim": 19.667999267578125
        },
        {
            "jd": 2459091.82777,
            "fid": 1,
            "diffmaglim": 19.658000946044922
        },
        {
            "jd": 2459092.8388,
            "fid": 1,
            "diffmaglim": 19.61199951171875
        },
        {
            "jd": 2459107.01376,
            "fid": 1,
            "diffmaglim": 19.81999969482422
        },
        {
            "jd": 2459107.87243,
            "fid": 1,
            "diffmaglim": 20.524999618530273
        },
        {
            "jd": 2459109.85075,
            "fid": 1,
            "diffmaglim": 20.047000885009766
        },
        {
            "jd": 2459109.87407,
            "fid": 1,
            "diffmaglim": 20.134000778198242
        },
        {
            "jd": 2459111.87169,
            "fid": 1,
            "diffmaglim": 20.753000259399414
        },
        {
            "jd": 2459112.8286,
            "fid": 1,
            "diffmaglim": 20.833999633789062
        },
        {
            "jd": 2459114.8245,
            "fid": 1,
            "diffmaglim": 20.77899932861328
        },
        {
            "jd": 2459115.83065,
            "fid": 2,
            "diffmaglim": 20.283000946044922
        },
        {
            "jd": 2459115.92166,
            "fid": 1,
            "diffmaglim": 20.659000396728516
        },
        {
            "jd": 2459116.85936,
            "fid": 2,
            "diffmaglim": 20.834999084472656
        },
        {
            "jd": 2459117.80405,
            "fid": 1,
            "diffmaglim": 20.666000366210938
        },
        {
            "jd": 2459119.83991,
            "fid": 1,
            "diffmaglim": 20.180999755859375
        },
        {
            "jd": 2459120.78515,
            "fid": 1,
            "diffmaglim": 19.82900047302246
        },
        {
            "jd": 2459121.80601,
            "fid": 1,
            "diffmaglim": 19.75
        },
        {
            "jd": 2459122.78024,
            "fid": 1,
            "diffmaglim": 19.323999404907227
        },
        {
            "jd": 2459123.814,
            "fid": 2,
            "diffmaglim": 19.12700080871582
        },
        {
            "jd": 2459123.88061,
            "fid": 1,
            "diffmaglim": 19.052000045776367
        },
        {
            "jd": 2459127.88431,
            "fid": 2,
            "diffmaglim": 18.785999298095703
        },
        {
            "jd": 2459127.90234,
            "fid": 1,
            "diffmaglim": 18.23200035095215
        },
        {
            "jd": 2459129.76506,
            "fid": 2,
            "diffmaglim": 20.23900032043457
        },
        {
            "jd": 2459129.85848,
            "fid": 1,
            "diffmaglim": 20.051000595092773
        },
        {
            "jd": 2459131.83331,
            "fid": 1,
            "diffmaglim": 20.108999252319336
        },
        {
            "jd": 2459131.93823,
            "fid": 2,
            "diffmaglim": 19.045000076293945
        },
        {
            "jd": 2459134.76547,
            "fid": 1,
            "diffmaglim": 20.628000259399414
        }
    ],
    "forcedphot": []
}