{
    "objectId": "ZTF21abpvsii",
    "candidates": [
        {
            "candid": 1660405623215015000,
            "jd": 2459414.905625,
            "ra": 356.975247,
            "dec": 49.4706785,
            "fid": 1,
            "nid": 1660,
            "magpsf": 20.503299713134766,
            "sigmapsf": 0.2948249876499176,
            "magnr": 19.364999771118164,
            "sigmagnr": 0.07000000029802322,
            "magzpsci": 26.14929962158203,
            "isdiffpos": "t",
            "ssdistnr": null,
            "ssnamenr": null,
            "drb": null
        },
        {
            "candid": 1672370743215015000,
            "jd": 2459426.8707407,
            "ra": 356.9755055,
            "dec": 49.4708355,
            "fid": 1,
            "nid": 1672,
            "magpsf": 19.40220069885254,
            "sigmapsf": 0.13414500653743744,
            "magnr": 19.364999771118164,
            "sigmagnr": 0.07000000029802322,
            "magzpsci": 26.177200317382812,
            "isdiffpos": "t",
            "ssdistnr": null,
            "ssnamenr": null,
            "drb": null
        },
        {
            "candid": 1674332493215015000,
            "jd": 2459428.8325,
            "ra": 356.9754947,
            "dec": 49.470845,
            "fid": 1,
            "nid": 1674,
            "magpsf": 19.670900344848633,
            "sigmapsf": 0.15490800142288208,
            "magnr": 19.364999771118164,
            "sigmagnr": 0.07000000029802322,
            "magzpsci": 26.173900604248047,
            "isdiffpos": "t",
            "ssdistnr": null,
            "ssnamenr": null,
            "drb": null
        },
        {
            "candid": 1676412033215015000,
            "jd": 2459430.912037,
            "ra": 356.9754558,
            "dec": 49.470864,
            "fid": 1,
            "nid": 1676,
            "magpsf": 19.591999053955078,
            "sigmapsf": 0.12855899333953857,
            "magnr": 19.364999771118164,
            "sigmagnr": 0.07000000029802322,
            "magzpsci": 26.231000900268555,
            "isdiffpos": "t",
            "ssdistnr": null,
            "ssnamenr": null,
            "drb": null
        },
        {
            "candid": 1681424283215015000,
            "jd": 2459435.9242824,
            "ra": 356.9754082,
            "dec": 49.4708709,
            "fid": 1,
            "nid": 1681,
            "magpsf": 19.82900047302246,
            "sigmapsf": 0.15240000188350677,
            "magnr": 19.364999771118164,
            "sigmagnr": 0.07000000029802322,
            "magzpsci": 26.176000595092773,
            "isdiffpos": "t",
            "ssdistnr": null,
            "ssnamenr": null,
            "drb": null
        },
        {
            "candid": 1684390053215015000,
            "jd": 2459438.8900579,
            "ra": 356.9753786,
            "dec": 49.470829,
            "fid": 1,
            "nid": 1684,
            "magpsf": 19.915250778198242,
            "sigmapsf": 0.18524199724197388,
            "magnr": 19.364999771118164,
            "sigmagnr": 0.07000000029802322,
            "magzpsci": 26.074249267578125,
            "isdiffpos": "t",
            "ssdistnr": -999.0,
            "ssnamenr": "null",
            "drb": null
        },
        {
            "jd": 2459397.9056134,
            "fid": 2,
            "diffmaglim": 20.322099685668945
        },
        {
            "jd": 2459397.9492824,
            "fid": 1,
            "diffmaglim": 20.397899627685547
        },
        {
            "jd": 2459400.882963,
            "fid": 1,
            "diffmaglim": 20.40530014038086
        },
        {
            "jd": 2459402.9308102,
            "fid": 2,
            "diffmaglim": 20.29439926147461
        },
        {
            "jd": 2459402.9486806,
            "fid": 1,
            "diffmaglim": 20.563400268554688
        },
        {
            "jd": 2459404.9107523,
            "fid": 1,
            "diffmaglim": 20.46780014038086
        },
        {
            "jd": 2459404.9547222,
            "fid": 2,
            "diffmaglim": 20.46940040588379
        },
        {
            "jd": 2459407.9284028,
            "fid": 2,
            "diffmaglim": 20.632099151611328
        },
        {
            "jd": 2459409.9317824,
            "fid": 1,
            "diffmaglim": 20.534099578857422
        },
        {
            "jd": 2459409.9553241,
            "fid": 2,
            "diffmaglim": 20.647199630737305
        },
        {
            "jd": 2459411.9109954,
            "fid": 1,
            "diffmaglim": 20.55579948425293
        },
        {
            "jd": 2459411.9473264,
            "fid": 2,
            "diffmaglim": 20.642000198364258
        },
        {
            "jd": 2459414.9517593,
            "fid": 2,
            "diffmaglim": 20.74959945678711
        },
        {
            "jd": 2459416.9273611,
            "fid": 2,
            "diffmaglim": 17.104700088500977
        },
        {
            "jd": 2459418.9672569,
            "fid": 1,
            "diffmaglim": 19.295900344848633
        },
        {
            "jd": 2459423.9086343,
            "fid": 1,
            "diffmaglim": 19.711299896240234
        },
        {
            "jd": 2459423.9316319,
            "fid": 2,
            "diffmaglim": 18.007999420166016
        },
        {
            "jd": 2459426.9133796,
            "fid": 2,
            "diffmaglim": 20.350400924682617
        },
        {
            "jd": 2459428.8884259,
            "fid": 2,
            "diffmaglim": 20.4906005859375
        },
        {
            "jd": 2459430.8670023,
            "fid": 2,
            "diffmaglim": 20.71660041809082
        },
        {
            "jd": 2459435.8692708,
            "fid": 2,
            "diffmaglim": 20.623199462890625
        },
        {
            "jd": 2459438.8442708,
            "fid": 2,
            "diffmaglim": 19.916099548339844
        }
    ],
    "forcedphot": []
}