{
    "objectId": "ZTF21aalkjbl",
    "candidates": [
        {
            "candid": 1510498680215015005,
            "jd": 2459264.9986806,
            "ra": 240.6664649,
            "dec": 15.762107,
            "fid": 1,
            "nid": 1510,
            "magpsf": 19.314899444580078,
            "sigmapsf": 0.09403999894857407,
            "magnr": 21.868000030517578,
            "sigmagnr": 0.12600000202655792,
            "magzpsci": 26.28190040588379,
            "isdiffpos": "t",
            "ssdistnr": null,
            "ssnamenr": null,
            "drb": 0.9999300241470337
        },
        {
            "candid": 1510524730215015001,
            "jd": 2459265.0247338,
            "ra": 240.6664666,
            "dec": 15.7621097,
            "fid": 2,
            "nid": 1510,
            "magpsf": 18.955299377441406,
            "sigmapsf": 0.09452199935913086,
            "magnr": 21.13599967956543,
            "sigmagnr": 0.11599999666213989,
            "magzpsci": 26.196300506591797,
            "isdiffpos": "t",
            "ssdistnr": null,
            "ssnamenr": null,
            "drb": null
        },
        {
            "candid": 1512507340215015003,
            "jd": 2459267.0073495,
            "ra": 240.6664727,
            "dec": 15.7620433,
            "fid": 1,
            "nid": 1512,
            "magpsf": 19.145299911499023,
            "sigmapsf": 0.11697699874639511,
            "magnr": 21.868000030517578,
            "sigmagnr": 0.12600000202655792,
            "magzpsci": 26.262300491333008,
            "isdiffpos": "t",
            "ssdistnr": null,
            "ssnamenr": null,
            "drb": null
        },
        {
            "candid": 1512525310215015001,
            "jd": 2459267.0253125,
            "ra": 240.6663306,
            "dec": 15.7621282,
            "fid": 2,
            "nid": 1512,
            "magpsf": 18.863800048828125,
            "sigmapsf": 0.15418300032615662,
            "magnr": 21.13599967956543,
            "sigmagnr": 0.11599999666213989,
            "magzpsci": 26.1697998046875,
            "isdiffpos": "t",
            "ssdistnr": null,
            "ssnamenr": null,
            "drb": null
        },
        {
            "candid": 1514477220215015003,
            "jd": 2459268.9772222,
            "ra": 240.6664741,
            "dec": 15.7620882,
            "fid": 2,
            "nid": 1514,
            "magpsf": 18.567899703979492,
            "sigmapsf": 0.07841099798679352,
            "magnr": 21.13599967956543,
            "sigmagnr": 0.11599999666213989,
            "magzpsci": 26.13290023803711,
            "isdiffpos": "t",
            "ssdistnr": null,
            "ssnamenr": null,
            "drb": null
        },
        {
            "candid": 1514506300215015001,
            "jd": 2459269.0063079,
            "ra": 240.6664771,
            "dec": 15.7620754,
            "fid": 1,
            "nid": 1514,
            "magpsf": 19.3218994140625,
            "sigmapsf": 0.09622099995613098,
            "magnr": 21.868000030517578,
            "sigmagnr": 0.12600000202655792,
            "magzpsci": 26.280899047851562,
            "isdiffpos": "t",
            "ssdistnr": null,
            "ssnamenr": null,
            "drb": null
        },
        {
            "candid": 1516455850215015001,
            "jd": 2459270.9558565,
            "ra": 240.6663098,
            "dec": 15.7620493,
            "fid": 1,
            "nid": 1516,
            "magpsf": 19.769399642944336,
            "sigmapsf": 0.3049519956111908,
            "magnr": 22.018999099731445,
            "sigmagnr": 0.12099999934434891,
            "magzpsci": 26.223400115966797,
            "isdiffpos": "t",
            "ssdistnr": null,
            "ssnamenr": null,
            "drb": null
        },
        {
            "candid": 1516495410215015003,
            "jd": 2459270.9954167,
            "ra": 240.6664654,
            "dec": 15.7621307,
            "fid": 2,
            "nid": 1516,
            "magpsf": 18.654600143432617,
            "sigmapsf": 0.08939100056886673,
            "magnr": 21.13599967956543,
            "sigmagnr": 0.11599999666213989,
            "magzpsci": 26.165599822998047,
            "isdiffpos": "t",
            "ssdistnr": null,
            "ssnamenr": null,
            "drb": null
        },
        {
            "candid": 1518486670215015000,
            "jd": 2459272.9866782,
            "ra": 240.6664729,
            "dec": 15.7621256,
            "fid": 2,
            "nid": 1518,
            "magpsf": 18.721500396728516,
            "sigmapsf": 0.10165400058031082,
            "magnr": 21.13599967956543,
            "sigmagnr": 0.11599999666213989,
            "magzpsci": 26.153499603271484,
            "isdiffpos": "t",
            "ssdistnr": null,
            "ssnamenr": null,
            "drb": null
        },
        {
            "candid": 1520422990215015001,
            "jd": 2459274.9229977,
            "ra": 240.6663711,
            "dec": 15.7621628,
            "fid": 2,
            "nid": 1520,
            "magpsf": 19.018699645996094,
            "sigmapsf": 0.21414199471473694,
            "magnr": 21.13599967956543,
            "sigmagnr": 0.11599999666213989,
            "magzpsci": 26.1476993560791,
            "isdiffpos": "t",
            "ssdistnr": null,
            "ssnamenr": null,
            "drb": null
        },
        {
            "candid": 1522482310215015002,
            "jd": 2459276.9823148,
            "ra": 240.6664529,
            "dec": 15.7621012,
            "fid": 2,
            "nid": 1522,
            "magpsf": 19.071500778198242,
            "sigmapsf": 0.10874900221824646,
            "magnr": 21.13599967956543,
            "sigmagnr": 0.11599999666213989,
            "magzpsci": 26.159500122070312,
            "isdiffpos": "t",
            "ssdistnr": null,
            "ssnamenr": null,
            "drb": null
        },
        {
            "candid": 1526444450215015002,
            "jd": 2459280.944456,
            "ra": 240.666484,
            "dec": 15.7621093,
            "fid": 2,
            "nid": 1526,
            "magpsf": 19.579570770263672,
            "sigmapsf": 0.16056500375270844,
            "magnr": 21.13599967956543,
            "sigmagnr": 0.11599999666213989,
            "magzpsci": 26.05756950378418,
            "isdiffpos": "t",
            "ssdistnr": -999.0,
            "ssnamenr": "null",
            "drb": null
        },
        {
            "jd": 2459250.0032176,
            "fid": 2,
            "diffmaglim": 19.82080078125
        },
        {
            "jd": 2459250.00322,
            "fid": 2,
            "diffmaglim": 19.820999145507812
        },
        {
            "jd": 2459250.0271991,
            "fid": 1,
            "diffmaglim": 20.05900001525879
        },
        {
            "jd": 2459250.0272,
            "fid": 1,
            "diffmaglim": 20.05900001525879
        },
        {
            "jd": 2459252.0424074,
            "fid": 1,
            "diffmaglim": 20.094999313354492
        },
        {
            "jd": 2459252.04241,
            "fid": 1,
            "diffmaglim": 20.094999313354492
        },
        {
            "jd": 2459254.9308681,
            "fid": 2,
            "diffmaglim": 18.878700256347656
        },
        {
            "jd": 2459254.93087,
            "fid": 2,
            "diffmaglim": 18.878999710083008
        },
        {
            "jd": 2459255.0287153,
            "fid": 1,
            "diffmaglim": 20.012500762939453
        },
        {
            "jd": 2459256.9439005,
            "fid": 2,
            "diffmaglim": 20.238500595092773
        },
        {
            "jd": 2459261.0084375,
            "fid": 1,
            "diffmaglim": 17.33169937133789
        },
        {
            "jd": 2459261.0397106,
            "fid": 2,
            "diffmaglim": 15.738499641418457
        },
        {
            "jd": 2459272.9251273,
            "fid": 1,
            "diffmaglim": 18.86079978942871
        },
        {
            "jd": 2459274.9498843,
            "fid": 1,
            "diffmaglim": 19.06529998779297
        },
        {
            "jd": 2459276.9424653,
            "fid": 1,
            "diffmaglim": 19.487499237060547
        },
        {
            "jd": 2459280.9034606,
            "fid": 1,
            "diffmaglim": 20.122299194335938
        }
    ],
    "forcedphot": []
}