{
    "objectId": "ZTF23absgcqv",
    "candidates": [
        {
            "candid": 2533231373315015006,
            "jd": 2460287.7313773,
            "ra": 81.7110624,
            "dec": -15.9144831,
            "fid": 1,
            "nid": 2533,
            "magpsf": 18.503700256347656,
            "sigmapsf": 0.10180000215768814,
            "magnr": 18.06800079345703,
            "sigmagnr": 0.041999999433755875,
            "magzpsci": 26.156700134277344,
            "isdiffpos": "t",
            "ssdistnr": null,
            "ssnamenr": null,
            "drb": 0.9999858140945435
        },
        {
            "candid": 2533272213315015008,
            "jd": 2460287.7722106,
            "ra": 81.7110505,
            "dec": -15.9144755,
            "fid": 2,
            "nid": 2533,
            "magpsf": 18.472700119018555,
            "sigmapsf": 0.10290399938821793,
            "magnr": 17.309999465942383,
            "sigmagnr": 0.04699999839067459,
            "magzpsci": 26.262699127197266,
            "isdiffpos": "t",
            "ssdistnr": null,
            "ssnamenr": null,
            "drb": null
        },
        {
            "candid": 2534258003315015012,
            "jd": 2460288.7580093,
            "ra": 81.7110392,
            "dec": -15.9145161,
            "fid": 2,
            "nid": 2534,
            "magpsf": 18.346900939941406,
            "sigmapsf": 0.0715399980545044,
            "magnr": 17.309999465942383,
            "sigmagnr": 0.04699999839067459,
            "magzpsci": 26.265899658203125,
            "isdiffpos": "t",
            "ssdistnr": null,
            "ssnamenr": null,
            "drb": null
        },
        {
            "candid": 2534344073315015005,
            "jd": 2460288.8440741,
            "ra": 81.7110611,
            "dec": -15.9144555,
            "fid": 1,
            "nid": 2534,
            "magpsf": 18.24049949645996,
            "sigmapsf": 0.08618099987506866,
            "magnr": 18.06800079345703,
            "sigmagnr": 0.041999999433755875,
            "magzpsci": 26.236499786376953,
            "isdiffpos": "t",
            "ssdistnr": null,
            "ssnamenr": null,
            "drb": null
        },
        {
            "candid": 2536357083315015016,
            "jd": 2460290.8570833,
            "ra": 81.7110171,
            "dec": -15.9144956,
            "fid": 1,
            "nid": 2536,
            "magpsf": 18.03809928894043,
            "sigmapsf": 0.05482399836182594,
            "magnr": 18.06800079345703,
            "sigmagnr": 0.041999999433755875,
            "magzpsci": 26.238100051879883,
            "isdiffpos": "t",
            "ssdistnr": null,
            "ssnamenr": null,
            "drb": null
        },
        {
            "candid": 2536395463315015008,
            "jd": 2460290.895463,
            "ra": 81.7110001,
            "dec": -15.91452,
            "fid": 2,
            "nid": 2536,
            "magpsf": 18.066999435424805,
            "sigmapsf": 0.05555899813771248,
            "magnr": 17.309999465942383,
            "sigmagnr": 0.04699999839067459,
            "magzpsci": 26.26099967956543,
            "isdiffpos": "t",
            "ssdistnr": null,
            "ssnamenr": null,
            "drb": null
        },
        {
            "candid": 2541194423315015055,
            "jd": 2460295.6944213,
            "ra": 81.7110112,
            "dec": -15.9145398,
            "fid": 1,
            "nid": 2541,
            "magpsf": 17.811100006103516,
            "sigmapsf": 0.06309899687767029,
            "magnr": 18.06800079345703,
            "sigmagnr": 0.041999999433755875,
            "magzpsci": 26.03510093688965,
            "isdiffpos": "t",
            "ssdistnr": null,
            "ssnamenr": null,
            "drb": null
        },
        {
            "candid": 2541253633315015016,
            "jd": 2460295.7536343,
            "ra": 81.7110333,
            "dec": -15.9144955,
            "fid": 2,
            "nid": 2541,
            "magpsf": 17.82830047607422,
            "sigmapsf": 0.06254400312900543,
            "magnr": 17.309999465942383,
            "sigmagnr": 0.04699999839067459,
            "magzpsci": 26.147300720214844,
            "isdiffpos": "t",
            "ssdistnr": null,
            "ssnamenr": null,
            "drb": null
        },
        {
            "candid": 2551210453315015008,
            "jd": 2460305.7104514,
            "ra": 81.7110997,
            "dec": -15.9145975,
            "fid": 1,
            "nid": 2551,
            "magpsf": 18.314899444580078,
            "sigmapsf": 0.2007099986076355,
            "magnr": 18.06800079345703,
            "sigmagnr": 0.041999999433755875,
            "magzpsci": 25.847900390625,
            "isdiffpos": "t",
            "ssdistnr": null,
            "ssnamenr": null,
            "drb": null
        },
        {
            "candid": 2553211573315015008,
            "jd": 2460307.7115741,
            "ra": 81.7110079,
            "dec": -15.9144818,
            "fid": 2,
            "nid": 2553,
            "magpsf": 18.081100463867188,
            "sigmapsf": 0.08045700192451477,
            "magnr": 17.309999465942383,
            "sigmagnr": 0.04699999839067459,
            "magzpsci": 26.204099655151367,
            "isdiffpos": "t",
            "ssdistnr": null,
            "ssnamenr": null,
            "drb": null
        },
        {
            "candid": 2560200543315015006,
            "jd": 2460314.700544,
            "ra": 81.7110852,
            "dec": -15.9145162,
            "fid": 2,
            "nid": 2560,
            "magpsf": 18.332199096679688,
            "sigmapsf": 0.08357000350952148,
            "magnr": 17.309999465942383,
            "sigmagnr": 0.04699999839067459,
            "magzpsci": 26.267200469970703,
            "isdiffpos": "t",
            "ssdistnr": null,
            "ssnamenr": null,
            "drb": null
        },
        {
            "candid": 2560255643315015010,
            "jd": 2460314.7556481,
            "ra": 81.7110699,
            "dec": -15.9145565,
            "fid": 1,
            "nid": 2560,
            "magpsf": 19.005300521850586,
            "sigmapsf": 0.116007000207901,
            "magnr": 18.06800079345703,
            "sigmagnr": 0.041999999433755875,
            "magzpsci": 26.244300842285156,
            "isdiffpos": "t",
            "ssdistnr": null,
            "ssnamenr": null,
            "drb": null
        },
        {
            "candid": 2567236283315015003,
            "jd": 2460321.7362847,
            "ra": 81.711035,
            "dec": -15.9145274,
            "fid": 2,
            "nid": 2567,
            "magpsf": 18.533300399780273,
            "sigmapsf": 0.2055090069770813,
            "magnr": 17.309999465942383,
            "sigmagnr": 0.04699999839067459,
            "magzpsci": 25.63330078125,
            "isdiffpos": "t",
            "ssdistnr": null,
            "ssnamenr": null,
            "drb": null
        },
        {
            "candid": 2569231043315015009,
            "jd": 2460323.7310417,
            "ra": 81.7110544,
            "dec": -15.9144952,
            "fid": 1,
            "nid": 2569,
            "magpsf": 19.319000244140625,
            "sigmapsf": 0.19135600328445435,
            "magnr": 18.06800079345703,
            "sigmagnr": 0.041999999433755875,
            "magzpsci": 26.174999237060547,
            "isdiffpos": "t",
            "ssdistnr": null,
            "ssnamenr": null,
            "drb": null
        },
        {
            "candid": 2569301533315015009,
            "jd": 2460323.8015394,
            "ra": 81.7110332,
            "dec": -15.9144975,
            "fid": 2,
            "nid": 2569,
            "magpsf": 18.640300750732422,
            "sigmapsf": 0.10012199729681015,
            "magnr": 17.309999465942383,
            "sigmagnr": 0.04699999839067459,
            "magzpsci": 26.26930046081543,
            "isdiffpos": "t",
            "ssdistnr": null,
            "ssnamenr": null,
            "drb": null
        },
        {
            "candid": 2571177913315015006,
            "jd": 2460325.6779167,
            "ra": 81.7109954,
            "dec": -15.9145336,
            "fid": 2,
            "nid": 2571,
            "magpsf": 18.56570053100586,
            "sigmapsf": 0.09005499631166458,
            "magnr": 17.309999465942383,
            "sigmagnr": 0.04699999839067459,
            "magzpsci": 26.215700149536133,
            "isdiffpos": "t",
            "ssdistnr": null,
            "ssnamenr": null,
            "drb": null
        },
        {
            "candid": 2571253393315015015,
            "jd": 2460325.7533912,
            "ra": 81.7110978,
            "dec": -15.9145285,
            "fid": 1,
            "nid": 2571,
            "magpsf": 19.304399490356445,
            "sigmapsf": 0.25977298617362976,
            "magnr": 18.06800079345703,
            "sigmagnr": 0.041999999433755875,
            "magzpsci": 25.483400344848633,
            "isdiffpos": "t",
            "ssdistnr": null,
            "ssnamenr": null,
            "drb": null
        },
        {
            "candid": 2573184693315015006,
            "jd": 2460327.6846991,
            "ra": 81.7110555,
            "dec": -15.9146025,
            "fid": 2,
            "nid": 2573,
            "magpsf": 18.62286949157715,
            "sigmapsf": 0.09692370146512985,
            "magnr": 17.309999465942383,
            "sigmagnr": 0.04699999839067459,
            "magzpsci": 26.264869689941406,
            "isdiffpos": "t",
            "ssdistnr": -999.0,
            "ssnamenr": "null",
            "drb": null
        },
        {
            "jd": 2460257.8759722,
            "fid": 1,
            "diffmaglim": 19.8346004486084
        },
        {
            "jd": 2460257.9289815,
            "fid": 2,
            "diffmaglim": 19.761499404907227
        },
        {
            "jd": 2460259.9405324,
            "fid": 2,
            "diffmaglim": 19.76930046081543
        },
        {
            "jd": 2460261.9276389,
            "fid": 1,
            "diffmaglim": 20.1653995513916
        },
        {
            "jd": 2460261.9952894,
            "fid": 2,
            "diffmaglim": 19.249000549316406
        },
        {
            "jd": 2460262.9187269,
            "fid": 1,
            "diffmaglim": 20.42799949645996
        },
        {
            "jd": 2460268.8366204,
            "fid": 1,
            "diffmaglim": 19.903900146484375
        },
        {
            "jd": 2460268.857037,
            "fid": 2,
            "diffmaglim": 19.147199630737305
        }
    ],
    "forcedphot": [
        {
            "objectid": "ZTF23absgcqv",
            "jd": 2460257.8759722,
            "ranr": 81.7108128,
            "decnr": -15.9145486,
            "fid": 1,
            "forcediffimflux": 74.40766906738281,
            "forcediffimfluxunc": 42.53247833251953,
            "magzpsci": 26.219999313354492
        },
        {
            "objectid": "ZTF23absgcqv",
            "jd": 2460257.9289815,
            "ranr": 81.7108022,
            "decnr": -15.9145441,
            "fid": 2,
            "forcediffimflux": 99.1264877319336,
            "forcediffimfluxunc": 44.808372497558594,
            "magzpsci": 26.285900115966797
        },
        {
            "objectid": "ZTF23absgcqv",
            "jd": 2460259.9405324,
            "ranr": 81.7108022,
            "decnr": -15.9145441,
            "fid": 2,
            "forcediffimflux": 64.55271911621094,
            "forcediffimfluxunc": 49.460140228271484,
            "magzpsci": 26.27239990234375
        },
        {
            "objectid": "ZTF23absgcqv",
            "jd": 2460261.9276389,
            "ranr": 81.7108128,
            "decnr": -15.9145486,
            "fid": 1,
            "forcediffimflux": -34.57856369018555,
            "forcediffimfluxunc": 30.857852935791016,
            "magzpsci": 26.159000396728516
        },
        {
            "objectid": "ZTF23absgcqv",
            "jd": 2460261.9952894,
            "ranr": 81.7108022,
            "decnr": -15.9145441,
            "fid": 2,
            "forcediffimflux": 135.4337921142578,
            "forcediffimfluxunc": 52.065364837646484,
            "magzpsci": 25.79360008239746
        },
        {
            "objectid": "ZTF23absgcqv",
            "jd": 2460262.9187269,
            "ranr": 81.7108128,
            "decnr": -15.9145486,
            "fid": 1,
            "forcediffimflux": -41.410945892333984,
            "forcediffimfluxunc": 23.984907150268555,
            "magzpsci": 26.26409912109375
        },
        {
            "objectid": "ZTF23absgcqv",
            "jd": 2460268.8366204,
            "ranr": 81.7108128,
            "decnr": -15.9145486,
            "fid": 1,
            "forcediffimflux": 0.9860451221466064,
            "forcediffimfluxunc": 39.34245300292969,
            "magzpsci": 26.200199127197266
        },
        {
            "objectid": "ZTF23absgcqv",
            "jd": 2460268.857037,
            "ranr": 81.7108022,
            "decnr": -15.9145441,
            "fid": 2,
            "forcediffimflux": 178.1251220703125,
            "forcediffimfluxunc": 64.4449234008789,
            "magzpsci": 25.974700927734375
        },
        {
            "objectid": "ZTF23absgcqv",
            "jd": 2460287.7313773,
            "ranr": 81.7108128,
            "decnr": -15.9145486,
            "fid": 1,
            "forcediffimflux": 1072.51220703125,
            "forcediffimfluxunc": 47.47593688964844,
            "magzpsci": 26.156700134277344
        },
        {
            "objectid": "ZTF23absgcqv",
            "jd": 2460287.7722106,
            "ranr": 81.7108022,
            "decnr": -15.9145441,
            "fid": 2,
            "forcediffimflux": 1208.78076171875,
            "forcediffimfluxunc": 53.21046829223633,
            "magzpsci": 26.262699127197266
        },
        {
            "objectid": "ZTF23absgcqv",
            "jd": 2460288.7580093,
            "ranr": 81.7108022,
            "decnr": -15.9145441,
            "fid": 2,
            "forcediffimflux": 1411.12451171875,
            "forcediffimfluxunc": 51.10356521606445,
            "magzpsci": 26.265899658203125
        },
        {
            "objectid": "ZTF23absgcqv",
            "jd": 2460288.8440741,
            "ranr": 81.7108128,
            "decnr": -15.9145486,
            "fid": 1,
            "forcediffimflux": 1454.375,
            "forcediffimfluxunc": 53.42006301879883,
            "magzpsci": 26.236499786376953
        },
        {
            "objectid": "ZTF23absgcqv",
            "jd": 2460290.8570833,
            "ranr": 81.7108128,
            "decnr": -15.9145486,
            "fid": 1,
            "forcediffimflux": 1881.67041015625,
            "forcediffimfluxunc": 36.25002670288086,
            "magzpsci": 26.238100051879883
        },
        {
            "objectid": "ZTF23absgcqv",
            "jd": 2460290.895463,
            "ranr": 81.7108022,
            "decnr": -15.9145441,
            "fid": 2,
            "forcediffimflux": 1896.703125,
            "forcediffimfluxunc": 38.716060638427734,
            "magzpsci": 26.26099967956543
        },
        {
            "objectid": "ZTF23absgcqv",
            "jd": 2460295.7536343,
            "ranr": 81.7108022,
            "decnr": -15.9145441,
            "fid": 2,
            "forcediffimflux": 2088.29638671875,
            "forcediffimfluxunc": 50.789730072021484,
            "magzpsci": 26.147300720214844
        },
        {
            "objectid": "ZTF23absgcqv",
            "jd": 2460305.7104514,
            "ranr": 81.7108128,
            "decnr": -15.9145486,
            "fid": 1,
            "forcediffimflux": 1019.610107421875,
            "forcediffimfluxunc": 135.0741729736328,
            "magzpsci": 25.847900390625
        },
        {
            "objectid": "ZTF23absgcqv",
            "jd": 2460307.7115741,
            "ranr": 81.7108022,
            "decnr": -15.9145441,
            "fid": 2,
            "forcediffimflux": 1683.8642578125,
            "forcediffimfluxunc": 56.01133728027344,
            "magzpsci": 26.204099655151367
        },
        {
            "objectid": "ZTF23absgcqv",
            "jd": 2460314.700544,
            "ranr": 81.7108022,
            "decnr": -15.9145441,
            "fid": 2,
            "forcediffimflux": 1351.57666015625,
            "forcediffimfluxunc": 52.37372970581055,
            "magzpsci": 26.267200469970703
        },
        {
            "objectid": "ZTF23absgcqv",
            "jd": 2460314.7556481,
            "ranr": 81.7108128,
            "decnr": -15.9145486,
            "fid": 1,
            "forcediffimflux": 748.5382690429688,
            "forcediffimfluxunc": 41.58586883544922,
            "magzpsci": 26.244300842285156
        },
        {
            "objectid": "ZTF23absgcqv",
            "jd": 2460323.7310417,
            "ranr": 81.7108128,
            "decnr": -15.9145486,
            "fid": 1,
            "forcediffimflux": 498.9169921875,
            "forcediffimfluxunc": 48.864593505859375,
            "magzpsci": 26.174999237060547
        },
        {
            "objectid": "ZTF23absgcqv",
            "jd": 2460323.8015394,
            "ranr": 81.7108022,
            "decnr": -15.9145441,
            "fid": 2,
            "forcediffimflux": 996.4125366210938,
            "forcediffimfluxunc": 58.85935592651367,
            "magzpsci": 26.26930046081543
        },
        {
            "objectid": "ZTF23absgcqv",
            "jd": 2460325.6779167,
            "ranr": 81.7108022,
            "decnr": -15.9145441,
            "fid": 2,
            "forcediffimflux": 1103.6142578125,
            "forcediffimfluxunc": 48.18315887451172,
            "magzpsci": 26.215700149536133
        }
    ]
}