{
    "objectId": "ZTF23aajakys",
    "candidates": [
        {
            "candid": 2321330830015015000,
            "jd": 2460075.8308333,
            "ra": 256.5700671,
            "dec": 38.3928513,
            "fid": 2,
            "nid": 2321,
            "magpsf": 19.925500869750977,
            "sigmapsf": 0.1313759982585907,
            "magnr": 19.134000778198242,
            "sigmagnr": 0.11800000071525574,
            "magzpsci": 26.144500732421875,
            "isdiffpos": "t",
            "ssdistnr": null,
            "ssnamenr": null,
            "drb": 0.9999769926071167
        },
        {
            "candid": 2322462741315015004,
            "jd": 2460076.9627431,
            "ra": 256.5702877,
            "dec": 38.3929065,
            "fid": 2,
            "nid": 2322,
            "magpsf": 19.761699676513672,
            "sigmapsf": 0.20572200417518616,
            "magnr": 18.812000274658203,
            "sigmagnr": 0.11100000143051147,
            "magzpsci": 26.262699127197266,
            "isdiffpos": "t",
            "ssdistnr": null,
            "ssnamenr": null,
            "drb": null
        },
        {
            "candid": 2324396300015015002,
            "jd": 2460078.8963079,
            "ra": 256.5699786,
            "dec": 38.3929034,
            "fid": 1,
            "nid": 2324,
            "magpsf": 19.292699813842773,
            "sigmapsf": 0.08029499650001526,
            "magnr": 19.82900047302246,
            "sigmagnr": 0.10400000214576721,
            "magzpsci": 26.20870018005371,
            "isdiffpos": "t",
            "ssdistnr": null,
            "ssnamenr": null,
            "drb": null
        },
        {
            "candid": 2324406030015015001,
            "jd": 2460078.9060301,
            "ra": 256.5700078,
            "dec": 38.3928642,
            "fid": 2,
            "nid": 2324,
            "magpsf": 19.14550018310547,
            "sigmapsf": 0.08086200058460236,
            "magnr": 18.885000228881836,
            "sigmagnr": 0.12200000137090683,
            "magzpsci": 26.14150047302246,
            "isdiffpos": "t",
            "ssdistnr": null,
            "ssnamenr": null,
            "drb": null
        },
        {
            "candid": 2327360080015015001,
            "jd": 2460081.860081,
            "ra": 256.5700036,
            "dec": 38.3928682,
            "fid": 1,
            "nid": 2327,
            "magpsf": 18.995100021362305,
            "sigmapsf": 0.08422800153493881,
            "magnr": 19.82900047302246,
            "sigmagnr": 0.10400000214576721,
            "magzpsci": 26.208099365234375,
            "isdiffpos": "t",
            "ssdistnr": null,
            "ssnamenr": null,
            "drb": null
        },
        {
            "candid": 2327385790015015001,
            "jd": 2460081.8857986,
            "ra": 256.5700187,
            "dec": 38.3928732,
            "fid": 2,
            "nid": 2327,
            "magpsf": 18.885499954223633,
            "sigmapsf": 0.0635790005326271,
            "magnr": 18.885000228881836,
            "sigmagnr": 0.12200000137090683,
            "magzpsci": 26.154499053955078,
            "isdiffpos": "t",
            "ssdistnr": null,
            "ssnamenr": null,
            "drb": null
        },
        {
            "candid": 2329311530015015001,
            "jd": 2460083.8115394,
            "ra": 256.5700256,
            "dec": 38.3928665,
            "fid": 2,
            "nid": 2329,
            "magpsf": 18.67140007019043,
            "sigmapsf": 0.07709699869155884,
            "magnr": 18.885000228881836,
            "sigmagnr": 0.12200000137090683,
            "magzpsci": 26.117399215698242,
            "isdiffpos": "t",
            "ssdistnr": null,
            "ssnamenr": null,
            "drb": null
        },
        {
            "candid": 2329346970015015002,
            "jd": 2460083.8469792,
            "ra": 256.5699869,
            "dec": 38.3928493,
            "fid": 1,
            "nid": 2329,
            "magpsf": 18.861799240112305,
            "sigmapsf": 0.06774800270795822,
            "magnr": 19.82900047302246,
            "sigmagnr": 0.10400000214576721,
            "magzpsci": 26.175800323486328,
            "isdiffpos": "t",
            "ssdistnr": null,
            "ssnamenr": null,
            "drb": null
        },
        {
            "candid": 2331363830015015006,
            "jd": 2460085.863831,
            "ra": 256.5700232,
            "dec": 38.3928721,
            "fid": 1,
            "nid": 2331,
            "magpsf": 18.957599639892578,
            "sigmapsf": 0.09282299876213074,
            "magnr": 19.82900047302246,
            "sigmagnr": 0.10400000214576721,
            "magzpsci": 26.233600616455078,
            "isdiffpos": "t",
            "ssdistnr": null,
            "ssnamenr": null,
            "drb": null
        },
        {
            "candid": 2331409490015015000,
            "jd": 2460085.9094907,
            "ra": 256.5700387,
            "dec": 38.3928373,
            "fid": 2,
            "nid": 2331,
            "magpsf": 18.654499053955078,
            "sigmapsf": 0.054892998188734055,
            "magnr": 19.134000778198242,
            "sigmagnr": 0.11800000071525574,
            "magzpsci": 26.142499923706055,
            "isdiffpos": "t",
            "ssdistnr": null,
            "ssnamenr": null,
            "drb": null
        },
        {
            "candid": 2333360010015015002,
            "jd": 2460087.8600116,
            "ra": 256.5700176,
            "dec": 38.3928591,
            "fid": 2,
            "nid": 2333,
            "magpsf": 18.64929962158203,
            "sigmapsf": 0.0632610023021698,
            "magnr": 18.885000228881836,
            "sigmagnr": 0.12200000137090683,
            "magzpsci": 26.147300720214844,
            "isdiffpos": "t",
            "ssdistnr": null,
            "ssnamenr": null,
            "drb": null
        },
        {
            "candid": 2333430180015015001,
            "jd": 2460087.9301852,
            "ra": 256.570015,
            "dec": 38.3928441,
            "fid": 1,
            "nid": 2333,
            "magpsf": 19.222900390625,
            "sigmapsf": 0.09598899632692337,
            "magnr": 19.82900047302246,
            "sigmagnr": 0.10400000214576721,
            "magzpsci": 26.250900268554688,
            "isdiffpos": "t",
            "ssdistnr": null,
            "ssnamenr": null,
            "drb": null
        },
        {
            "candid": 2335360930015015000,
            "jd": 2460089.8609375,
            "ra": 256.5700243,
            "dec": 38.392832,
            "fid": 2,
            "nid": 2335,
            "magpsf": 18.67009925842285,
            "sigmapsf": 0.07131200283765793,
            "magnr": 19.134000778198242,
            "sigmagnr": 0.11800000071525574,
            "magzpsci": 26.13610076904297,
            "isdiffpos": "t",
            "ssdistnr": null,
            "ssnamenr": null,
            "drb": null
        },
        {
            "candid": 2335409100015015006,
            "jd": 2460089.9091088,
            "ra": 256.570011,
            "dec": 38.3928804,
            "fid": 1,
            "nid": 2335,
            "magpsf": 19.36709976196289,
            "sigmapsf": 0.08238600194454193,
            "magnr": 19.82900047302246,
            "sigmagnr": 0.10400000214576721,
            "magzpsci": 26.221099853515625,
            "isdiffpos": "t",
            "ssdistnr": null,
            "ssnamenr": null,
            "drb": null
        },
        {
            "candid": 2337361680015015002,
            "jd": 2460091.8616898,
            "ra": 256.5700183,
            "dec": 38.392855,
            "fid": 2,
            "nid": 2337,
            "magpsf": 18.752700805664062,
            "sigmapsf": 0.06114400178194046,
            "magnr": 18.885000228881836,
            "sigmagnr": 0.12200000137090683,
            "magzpsci": 26.150699615478516,
            "isdiffpos": "t",
            "ssdistnr": null,
            "ssnamenr": null,
            "drb": null
        },
        {
            "candid": 2337386301315015004,
            "jd": 2460091.8863079,
            "ra": 256.5700608,
            "dec": 38.3927993,
            "fid": 2,
            "nid": 2337,
            "magpsf": 18.921199798583984,
            "sigmapsf": 0.1379760056734085,
            "magnr": 18.812000274658203,
            "sigmagnr": 0.11100000143051147,
            "magzpsci": 26.123199462890625,
            "isdiffpos": "t",
            "ssdistnr": null,
            "ssnamenr": null,
            "drb": null
        },
        {
            "candid": 2337415330015015004,
            "jd": 2460091.9153356,
            "ra": 256.5699784,
            "dec": 38.3928725,
            "fid": 1,
            "nid": 2337,
            "magpsf": 19.652700424194336,
            "sigmapsf": 0.11377300322055817,
            "magnr": 19.82900047302246,
            "sigmagnr": 0.10400000214576721,
            "magzpsci": 26.255699157714844,
            "isdiffpos": "t",
            "ssdistnr": null,
            "ssnamenr": null,
            "drb": null
        },
        {
            "candid": 2337415811315015003,
            "jd": 2460091.9158102,
            "ra": 256.5700749,
            "dec": 38.3927252,
            "fid": 1,
            "nid": 2337,
            "magpsf": 19.82900047302246,
            "sigmapsf": 0.18346300721168518,
            "magnr": 19.729999542236328,
            "sigmagnr": 0.10300000011920929,
            "magzpsci": 26.26289939880371,
            "isdiffpos": "t",
            "ssdistnr": null,
            "ssnamenr": null,
            "drb": null
        },
        {
            "candid": 2339410381315015002,
            "jd": 2460093.9103819,
            "ra": 256.5701021,
            "dec": 38.3927634,
            "fid": 2,
            "nid": 2339,
            "magpsf": 19.222000122070312,
            "sigmapsf": 0.15717999637126923,
            "magnr": 18.812000274658203,
            "sigmagnr": 0.11100000143051147,
            "magzpsci": 26.184999465942383,
            "isdiffpos": "t",
            "ssdistnr": null,
            "ssnamenr": null,
            "drb": null
        },
        {
            "candid": 2339410850015015005,
            "jd": 2460093.9108565,
            "ra": 256.5700018,
            "dec": 38.3928581,
            "fid": 2,
            "nid": 2339,
            "magpsf": 18.877300262451172,
            "sigmapsf": 0.057523999363183975,
            "magnr": 18.885000228881836,
            "sigmagnr": 0.12200000137090683,
            "magzpsci": 26.14229965209961,
            "isdiffpos": "t",
            "ssdistnr": null,
            "ssnamenr": null,
            "drb": null
        },
        {
            "candid": 2339426840015015004,
            "jd": 2460093.9268403,
            "ra": 256.5699688,
            "dec": 38.3928645,
            "fid": 1,
            "nid": 2339,
            "magpsf": 19.749500274658203,
            "sigmapsf": 0.11850699782371521,
            "magnr": 19.82900047302246,
            "sigmagnr": 0.10400000214576721,
            "magzpsci": 26.202499389648438,
            "isdiffpos": "t",
            "ssdistnr": null,
            "ssnamenr": null,
            "drb": null
        },
        {
            "candid": 2344367080015015005,
            "jd": 2460098.8670833,
            "ra": 256.5700217,
            "dec": 38.3929009,
            "fid": 2,
            "nid": 2344,
            "magpsf": 19.133100509643555,
            "sigmapsf": 0.13232199847698212,
            "magnr": 18.885000228881836,
            "sigmagnr": 0.12200000137090683,
            "magzpsci": 26.1471004486084,
            "isdiffpos": "t",
            "ssdistnr": null,
            "ssnamenr": null,
            "drb": null
        },
        {
            "candid": 2346287770015015000,
            "jd": 2460100.7877778,
            "ra": 256.569975,
            "dec": 38.3927799,
            "fid": 2,
            "nid": 2346,
            "magpsf": 19.574499130249023,
            "sigmapsf": 0.200423002243042,
            "magnr": 19.134000778198242,
            "sigmagnr": 0.11800000071525574,
            "magzpsci": 26.12849998474121,
            "isdiffpos": "t",
            "ssdistnr": null,
            "ssnamenr": null,
            "drb": null
        },
        {
            "candid": 2350345031315015002,
            "jd": 2460104.8450347,
            "ra": 256.5701302,
            "dec": 38.3927311,
            "fid": 2,
            "nid": 2350,
            "magpsf": 19.697099685668945,
            "sigmapsf": 0.16609999537467957,
            "magnr": 18.812000274658203,
            "sigmagnr": 0.11100000143051147,
            "magzpsci": 26.193099975585938,
            "isdiffpos": "t",
            "ssdistnr": null,
            "ssnamenr": null,
            "drb": null
        },
        {
            "candid": 2355304670015015004,
            "jd": 2460109.8046759,
            "ra": 256.5698238,
            "dec": 38.3928668,
            "fid": 1,
            "nid": 2355,
            "magpsf": 20.83970069885254,
            "sigmapsf": 0.24290400743484497,
            "magnr": 19.82900047302246,
            "sigmagnr": 0.10400000214576721,
            "magzpsci": 26.24570083618164,
            "isdiffpos": "t",
            "ssdistnr": null,
            "ssnamenr": null,
            "drb": null
        },
        {
            "candid": 2355341130015015000,
            "jd": 2460109.8411343,
            "ra": 256.5700655,
            "dec": 38.3928925,
            "fid": 2,
            "nid": 2355,
            "magpsf": 20.03786849975586,
            "sigmapsf": 0.10883469134569168,
            "magnr": 18.885000228881836,
            "sigmagnr": 0.12200000137090683,
            "magzpsci": 26.150867462158203,
            "isdiffpos": "t",
            "ssdistnr": -999.0,
            "ssnamenr": "null",
            "drb": null
        },
        {
            "jd": 2460046.8720833,
            "fid": 2,
            "diffmaglim": 20.298900604248047
        },
        {
            "jd": 2460046.8846991,
            "fid": 2,
            "diffmaglim": 20.482500076293945
        },
        {
            "jd": 2460046.9454282,
            "fid": 1,
            "diffmaglim": 18.213199615478516
        },
        {
            "jd": 2460050.9513773,
            "fid": 2,
            "diffmaglim": 20.835599899291992
        },
        {
            "jd": 2460050.9697685,
            "fid": 1,
            "diffmaglim": 20.767900466918945
        },
        {
            "jd": 2460051.8680093,
            "fid": 1,
            "diffmaglim": 20.989700317382812
        },
        {
            "jd": 2460053.9425231,
            "fid": 2,
            "diffmaglim": 20.31879997253418
        },
        {
            "jd": 2460053.9434606,
            "fid": 2,
            "diffmaglim": 20.4960994720459
        },
        {
            "jd": 2460053.9707176,
            "fid": 1,
            "diffmaglim": 20.692399978637695
        },
        {
            "jd": 2460053.9721528,
            "fid": 1,
            "diffmaglim": 20.714599609375
        },
        {
            "jd": 2460056.8374306,
            "fid": 2,
            "diffmaglim": 20.422500610351562
        },
        {
            "jd": 2460056.923588,
            "fid": 1,
            "diffmaglim": 20.599599838256836
        },
        {
            "jd": 2460058.9227315,
            "fid": 2,
            "diffmaglim": 20.66670036315918
        },
        {
            "jd": 2460058.9753588,
            "fid": 1,
            "diffmaglim": 20.899799346923828
        },
        {
            "jd": 2460058.9763079,
            "fid": 1,
            "diffmaglim": 20.78420066833496
        },
        {
            "jd": 2460060.9363773,
            "fid": 1,
            "diffmaglim": 20.699800491333008
        },
        {
            "jd": 2460060.9485995,
            "fid": 2,
            "diffmaglim": 20.432300567626953
        },
        {
            "jd": 2460062.892037,
            "fid": 2,
            "diffmaglim": 20.763399124145508
        },
        {
            "jd": 2460062.951713,
            "fid": 1,
            "diffmaglim": 20.809200286865234
        },
        {
            "jd": 2460064.9583796,
            "fid": 2,
            "diffmaglim": 20.66699981689453
        },
        {
            "jd": 2460064.9743056,
            "fid": 1,
            "diffmaglim": 20.702600479125977
        },
        {
            "jd": 2460072.9022338,
            "fid": 1,
            "diffmaglim": 19.862300872802734
        },
        {
            "jd": 2460072.9320023,
            "fid": 1,
            "diffmaglim": 19.933900833129883
        },
        {
            "jd": 2460072.9434144,
            "fid": 2,
            "diffmaglim": 20.029499053955078
        },
        {
            "jd": 2460072.9663194,
            "fid": 2,
            "diffmaglim": 19.825599670410156
        },
        {
            "jd": 2460076.884456,
            "fid": 1,
            "diffmaglim": 20.815500259399414
        },
        {
            "jd": 2460081.8872106,
            "fid": 2,
            "diffmaglim": 20.480199813842773
        },
        {
            "jd": 2460087.8820602,
            "fid": 2,
            "diffmaglim": 20.637500762939453
        },
        {
            "jd": 2460089.8949421,
            "fid": 2,
            "diffmaglim": 20.419099807739258
        },
        {
            "jd": 2460089.9086343,
            "fid": 1,
            "diffmaglim": 20.96619987487793
        },
        {
            "jd": 2460093.9273148,
            "fid": 1,
            "diffmaglim": 20.579099655151367
        },
        {
            "jd": 2460098.777581,
            "fid": 1,
            "diffmaglim": 19.368900299072266
        },
        {
            "jd": 2460098.865162,
            "fid": 2,
            "diffmaglim": 19.537500381469727
        },
        {
            "jd": 2460098.927419,
            "fid": 1,
            "diffmaglim": 19.577899932861328
        },
        {
            "jd": 2460100.7034722,
            "fid": 1,
            "diffmaglim": 19.528099060058594
        },
        {
            "jd": 2460102.7207639,
            "fid": 2,
            "diffmaglim": 19.25279998779297
        },
        {
            "jd": 2460102.7618981,
            "fid": 1,
            "diffmaglim": 19.78019905090332
        },
        {
            "jd": 2460102.7633102,
            "fid": 1,
            "diffmaglim": 19.192100524902344
        },
        {
            "jd": 2460104.8469907,
            "fid": 2,
            "diffmaglim": 20.583499908447266
        }
    ],
    "forcedphot": []
}