{
    "objectId": "ZTF23abomtjc",
    "candidates": [
        {
            "candid": 2497416433915015000,
            "jd": 2460251.9164352,
            "ra": 69.9912571,
            "dec": -8.9198325,
            "fid": 2,
            "nid": 2497,
            "magpsf": 19.391199111938477,
            "sigmapsf": 0.11435899883508682,
            "magnr": 18.559999465942383,
            "sigmagnr": 0.09600000083446503,
            "magzpsci": 26.323200225830078,
            "isdiffpos": "t",
            "ssdistnr": null,
            "ssnamenr": null,
            "drb": 0.9994493722915649
        },
        {
            "candid": 2499393903915015000,
            "jd": 2460253.8939005,
            "ra": 69.9913126,
            "dec": -8.9199021,
            "fid": 2,
            "nid": 2499,
            "magpsf": 18.730100631713867,
            "sigmapsf": 0.08889000117778778,
            "magnr": 18.559999465942383,
            "sigmagnr": 0.09600000083446503,
            "magzpsci": 26.33009910583496,
            "isdiffpos": "t",
            "ssdistnr": null,
            "ssnamenr": null,
            "drb": null
        },
        {
            "candid": 2499437313915015000,
            "jd": 2460253.9373148,
            "ra": 69.9913117,
            "dec": -8.9198937,
            "fid": 1,
            "nid": 2499,
            "magpsf": 18.930200576782227,
            "sigmapsf": 0.08863700181245804,
            "magnr": 18.41200065612793,
            "sigmagnr": 0.09600000083446503,
            "magzpsci": 26.2992000579834,
            "isdiffpos": "t",
            "ssdistnr": null,
            "ssnamenr": null,
            "drb": null
        },
        {
            "candid": 2503398203915015000,
            "jd": 2460257.898206,
            "ra": 69.9913301,
            "dec": -8.9198893,
            "fid": 2,
            "nid": 2503,
            "magpsf": 17.881200790405273,
            "sigmapsf": 0.05847100168466568,
            "magnr": 18.559999465942383,
            "sigmagnr": 0.09600000083446503,
            "magzpsci": 26.30820083618164,
            "isdiffpos": "t",
            "ssdistnr": null,
            "ssnamenr": null,
            "drb": null
        },
        {
            "candid": 2503468653915015000,
            "jd": 2460257.9686574,
            "ra": 69.9912777,
            "dec": -8.9198862,
            "fid": 1,
            "nid": 2503,
            "magpsf": 18.253700256347656,
            "sigmapsf": 0.10246700048446655,
            "magnr": 18.41200065612793,
            "sigmagnr": 0.09600000083446503,
            "magzpsci": 26.24370002746582,
            "isdiffpos": "t",
            "ssdistnr": null,
            "ssnamenr": null,
            "drb": null
        },
        {
            "candid": 2505365793915015000,
            "jd": 2460259.8657986,
            "ra": 69.9913034,
            "dec": -8.9198802,
            "fid": 2,
            "nid": 2505,
            "magpsf": 17.615400314331055,
            "sigmapsf": 0.04841500148177147,
            "magnr": 18.559999465942383,
            "sigmagnr": 0.09600000083446503,
            "magzpsci": 26.297399520874023,
            "isdiffpos": "t",
            "ssdistnr": null,
            "ssnamenr": null,
            "drb": null
        },
        {
            "candid": 2505398063915015000,
            "jd": 2460259.8980671,
            "ra": 69.9913145,
            "dec": -8.9198741,
            "fid": 1,
            "nid": 2505,
            "magpsf": 18.0044002532959,
            "sigmapsf": 0.056386999785900116,
            "magnr": 18.41200065612793,
            "sigmagnr": 0.09600000083446503,
            "magzpsci": 26.278400421142578,
            "isdiffpos": "t",
            "ssdistnr": null,
            "ssnamenr": null,
            "drb": null
        },
        {
            "candid": 2507277933915015000,
            "jd": 2460261.7779398,
            "ra": 69.9913279,
            "dec": -8.9198787,
            "fid": 2,
            "nid": 2507,
            "magpsf": 17.448699951171875,
            "sigmapsf": 0.037546999752521515,
            "magnr": 18.559999465942383,
            "sigmagnr": 0.09600000083446503,
            "magzpsci": 26.204700469970703,
            "isdiffpos": "t",
            "ssdistnr": null,
            "ssnamenr": null,
            "drb": null
        },
        {
            "candid": 2507412913915015000,
            "jd": 2460261.9129167,
            "ra": 69.991308,
            "dec": -8.9198812,
            "fid": 1,
            "nid": 2507,
            "magpsf": 17.834999084472656,
            "sigmapsf": 0.05990099906921387,
            "magnr": 18.41200065612793,
            "sigmagnr": 0.09600000083446503,
            "magzpsci": 26.25,
            "isdiffpos": "t",
            "ssdistnr": null,
            "ssnamenr": null,
            "drb": null
        },
        {
            "candid": 2508399123915015000,
            "jd": 2460262.8991204,
            "ra": 69.9913196,
            "dec": -8.9198836,
            "fid": 1,
            "nid": 2508,
            "magpsf": 17.768299102783203,
            "sigmapsf": 0.044693998992443085,
            "magnr": 18.41200065612793,
            "sigmagnr": 0.09600000083446503,
            "magzpsci": 26.27429962158203,
            "isdiffpos": "t",
            "ssdistnr": null,
            "ssnamenr": null,
            "drb": null
        },
        {
            "candid": 2533230903915015000,
            "jd": 2460287.7309028,
            "ra": 69.9913426,
            "dec": -8.9198741,
            "fid": 1,
            "nid": 2533,
            "magpsf": 19.648799896240234,
            "sigmapsf": 0.15908999741077423,
            "magnr": 18.41200065612793,
            "sigmagnr": 0.09600000083446503,
            "magzpsci": 26.267799377441406,
            "isdiffpos": "t",
            "ssdistnr": null,
            "ssnamenr": null,
            "drb": null
        },
        {
            "candid": 2533290453915015000,
            "jd": 2460287.7904514,
            "ra": 69.9913204,
            "dec": -8.9199117,
            "fid": 2,
            "nid": 2533,
            "magpsf": 18.36389923095703,
            "sigmapsf": 0.05752300098538399,
            "magnr": 18.559999465942383,
            "sigmagnr": 0.09600000083446503,
            "magzpsci": 26.30389976501465,
            "isdiffpos": "t",
            "ssdistnr": null,
            "ssnamenr": null,
            "drb": null
        },
        {
            "candid": 2535331903915015000,
            "jd": 2460289.8319097,
            "ra": 69.9913249,
            "dec": -8.9199067,
            "fid": 2,
            "nid": 2535,
            "magpsf": 18.583900451660156,
            "sigmapsf": 0.11587599664926529,
            "magnr": 18.559999465942383,
            "sigmagnr": 0.09600000083446503,
            "magzpsci": 25.631900787353516,
            "isdiffpos": "t",
            "ssdistnr": null,
            "ssnamenr": null,
            "drb": null
        },
        {
            "candid": 2537213693915015000,
            "jd": 2460291.7136921,
            "ra": 69.9913057,
            "dec": -8.9198871,
            "fid": 1,
            "nid": 2537,
            "magpsf": 19.70319938659668,
            "sigmapsf": 0.13504299521446228,
            "magnr": 18.41200065612793,
            "sigmagnr": 0.09600000083446503,
            "magzpsci": 26.248199462890625,
            "isdiffpos": "t",
            "ssdistnr": null,
            "ssnamenr": null,
            "drb": null
        },
        {
            "candid": 2537243263915015000,
            "jd": 2460291.7432639,
            "ra": 69.9912341,
            "dec": -8.9198997,
            "fid": 2,
            "nid": 2537,
            "magpsf": 18.659099578857422,
            "sigmapsf": 0.09220200031995773,
            "magnr": 18.559999465942383,
            "sigmagnr": 0.09600000083446503,
            "magzpsci": 26.294099807739258,
            "isdiffpos": "t",
            "ssdistnr": null,
            "ssnamenr": null,
            "drb": null
        },
        {
            "candid": 2554130633915015000,
            "jd": 2460308.6306366,
            "ra": 69.9913067,
            "dec": -8.9198699,
            "fid": 1,
            "nid": 2554,
            "magpsf": 19.872900009155273,
            "sigmapsf": 0.1728769987821579,
            "magnr": 18.41200065612793,
            "sigmagnr": 0.09600000083446503,
            "magzpsci": 26.17690086364746,
            "isdiffpos": "t",
            "ssdistnr": null,
            "ssnamenr": null,
            "drb": null
        },
        {
            "candid": 2560205713915015000,
            "jd": 2460314.7057176,
            "ra": 69.9912087,
            "dec": -8.9199134,
            "fid": 2,
            "nid": 2560,
            "magpsf": 19.259000778198242,
            "sigmapsf": 0.16889500617980957,
            "magnr": 18.559999465942383,
            "sigmagnr": 0.09600000083446503,
            "magzpsci": 26.30699920654297,
            "isdiffpos": "t",
            "ssdistnr": null,
            "ssnamenr": null,
            "drb": null
        },
        {
            "candid": 2560249973915015000,
            "jd": 2460314.7499769,
            "ra": 69.9912401,
            "dec": -8.919884,
            "fid": 1,
            "nid": 2560,
            "magpsf": 19.730199813842773,
            "sigmapsf": 0.21554599702358246,
            "magnr": 18.41200065612793,
            "sigmagnr": 0.09600000083446503,
            "magzpsci": 26.283199310302734,
            "isdiffpos": "t",
            "ssdistnr": null,
            "ssnamenr": null,
            "drb": null
        },
        {
            "candid": 2564112403915015000,
            "jd": 2460318.6124074,
            "ra": 69.9914084,
            "dec": -8.9197508,
            "fid": 2,
            "nid": 2564,
            "magpsf": 19.37649917602539,
            "sigmapsf": 0.23313499987125397,
            "magnr": 18.559999465942383,
            "sigmagnr": 0.09600000083446503,
            "magzpsci": 26.254499435424805,
            "isdiffpos": "t",
            "ssdistnr": null,
            "ssnamenr": null,
            "drb": null
        },
        {
            "candid": 2564112873915015000,
            "jd": 2460318.6128704,
            "ra": 69.9913097,
            "dec": -8.9197897,
            "fid": 2,
            "nid": 2564,
            "magpsf": 19.186399459838867,
            "sigmapsf": 0.16423200070858002,
            "magnr": 18.559999465942383,
            "sigmagnr": 0.09600000083446503,
            "magzpsci": 26.263399124145508,
            "isdiffpos": "t",
            "ssdistnr": null,
            "ssnamenr": null,
            "drb": null
        },
        {
            "candid": 2564113343915015000,
            "jd": 2460318.6133449,
            "ra": 69.9913876,
            "dec": -8.9199437,
            "fid": 2,
            "nid": 2564,
            "magpsf": 19.30389976501465,
            "sigmapsf": 0.22772100567817688,
            "magnr": 18.559999465942383,
            "sigmagnr": 0.09600000083446503,
            "magzpsci": 26.259899139404297,
            "isdiffpos": "t",
            "ssdistnr": null,
            "ssnamenr": null,
            "drb": null
        },
        {
            "candid": 2564113813915015000,
            "jd": 2460318.6138194,
            "ra": 69.9913238,
            "dec": -8.9198086,
            "fid": 2,
            "nid": 2564,
            "magpsf": 19.383100509643555,
            "sigmapsf": 0.23384100198745728,
            "magnr": 18.559999465942383,
            "sigmagnr": 0.09600000083446503,
            "magzpsci": 26.257099151611328,
            "isdiffpos": "t",
            "ssdistnr": null,
            "ssnamenr": null,
            "drb": null
        },
        {
            "candid": 2564114293915015000,
            "jd": 2460318.614294,
            "ra": 69.9913956,
            "dec": -8.919868,
            "fid": 2,
            "nid": 2564,
            "magpsf": 19.18709945678711,
            "sigmapsf": 0.15281499922275543,
            "magnr": 18.559999465942383,
            "sigmagnr": 0.09600000083446503,
            "magzpsci": 26.26810073852539,
            "isdiffpos": "t",
            "ssdistnr": null,
            "ssnamenr": null,
            "drb": null
        },
        {
            "candid": 2564114753915015000,
            "jd": 2460318.6147569,
            "ra": 69.9913806,
            "dec": -8.9199079,
            "fid": 2,
            "nid": 2564,
            "magpsf": 19.22260093688965,
            "sigmapsf": 0.19530999660491943,
            "magnr": 18.559999465942383,
            "sigmagnr": 0.09600000083446503,
            "magzpsci": 26.25659942626953,
            "isdiffpos": "t",
            "ssdistnr": null,
            "ssnamenr": null,
            "drb": null
        },
        {
            "candid": 2564115233915015001,
            "jd": 2460318.6152315,
            "ra": 69.9913013,
            "dec": -8.9197196,
            "fid": 2,
            "nid": 2564,
            "magpsf": 19.285499572753906,
            "sigmapsf": 0.16053099930286407,
            "magnr": 18.559999465942383,
            "sigmagnr": 0.09600000083446503,
            "magzpsci": 26.260499954223633,
            "isdiffpos": "t",
            "ssdistnr": null,
            "ssnamenr": null,
            "drb": null
        },
        {
            "candid": 2564115703915015000,
            "jd": 2460318.615706,
            "ra": 69.9913013,
            "dec": -8.9197807,
            "fid": 2,
            "nid": 2564,
            "magpsf": 19.42060089111328,
            "sigmapsf": 0.17104199528694153,
            "magnr": 18.559999465942383,
            "sigmagnr": 0.09600000083446503,
            "magzpsci": 26.261600494384766,
            "isdiffpos": "t",
            "ssdistnr": null,
            "ssnamenr": null,
            "drb": null
        },
        {
            "candid": 2564117113915015000,
            "jd": 2460318.6171181,
            "ra": 69.9913692,
            "dec": -8.9199117,
            "fid": 2,
            "nid": 2564,
            "magpsf": 19.040300369262695,
            "sigmapsf": 0.16488200426101685,
            "magnr": 18.559999465942383,
            "sigmagnr": 0.09600000083446503,
            "magzpsci": 26.257299423217773,
            "isdiffpos": "t",
            "ssdistnr": null,
            "ssnamenr": null,
            "drb": null
        },
        {
            "candid": 2564117593915015000,
            "jd": 2460318.6175926,
            "ra": 69.9913176,
            "dec": -8.92001,
            "fid": 2,
            "nid": 2564,
            "magpsf": 19.35569953918457,
            "sigmapsf": 0.251010000705719,
            "magnr": 18.559999465942383,
            "sigmagnr": 0.09600000083446503,
            "magzpsci": 26.259700775146484,
            "isdiffpos": "t",
            "ssdistnr": null,
            "ssnamenr": null,
            "drb": null
        },
        {
            "candid": 2564118053915015000,
            "jd": 2460318.6180556,
            "ra": 69.9911298,
            "dec": -8.9198036,
            "fid": 2,
            "nid": 2564,
            "magpsf": 19.309900283813477,
            "sigmapsf": 0.17150799930095673,
            "magnr": 18.559999465942383,
            "sigmagnr": 0.09600000083446503,
            "magzpsci": 26.259899139404297,
            "isdiffpos": "t",
            "ssdistnr": null,
            "ssnamenr": null,
            "drb": null
        },
        {
            "candid": 2564118993915015000,
            "jd": 2460318.6189931,
            "ra": 69.9912818,
            "dec": -8.9197987,
            "fid": 2,
            "nid": 2564,
            "magpsf": 19.328800201416016,
            "sigmapsf": 0.17454999685287476,
            "magnr": 18.559999465942383,
            "sigmagnr": 0.09600000083446503,
            "magzpsci": 26.269800186157227,
            "isdiffpos": "t",
            "ssdistnr": null,
            "ssnamenr": null,
            "drb": null
        },
        {
            "candid": 2564119943915015000,
            "jd": 2460318.6199421,
            "ra": 69.9913381,
            "dec": -8.9197541,
            "fid": 2,
            "nid": 2564,
            "magpsf": 19.357500076293945,
            "sigmapsf": 0.16357600688934326,
            "magnr": 18.559999465942383,
            "sigmagnr": 0.09600000083446503,
            "magzpsci": 26.267499923706055,
            "isdiffpos": "t",
            "ssdistnr": null,
            "ssnamenr": null,
            "drb": null
        },
        {
            "candid": 2564120403915015000,
            "jd": 2460318.6204051,
            "ra": 69.9912945,
            "dec": -8.9198988,
            "fid": 2,
            "nid": 2564,
            "magpsf": 19.32379913330078,
            "sigmapsf": 0.15471500158309937,
            "magnr": 18.559999465942383,
            "sigmagnr": 0.09600000083446503,
            "magzpsci": 26.27280044555664,
            "isdiffpos": "t",
            "ssdistnr": null,
            "ssnamenr": null,
            "drb": null
        },
        {
            "candid": 2564120873915015000,
            "jd": 2460318.6208796,
            "ra": 69.9913571,
            "dec": -8.9198942,
            "fid": 2,
            "nid": 2564,
            "magpsf": 19.176700592041016,
            "sigmapsf": 0.15081900358200073,
            "magnr": 18.559999465942383,
            "sigmagnr": 0.09600000083446503,
            "magzpsci": 26.26569938659668,
            "isdiffpos": "t",
            "ssdistnr": null,
            "ssnamenr": null,
            "drb": null
        },
        {
            "candid": 2564121823915015000,
            "jd": 2460318.6218287,
            "ra": 69.9912726,
            "dec": -8.9198865,
            "fid": 2,
            "nid": 2564,
            "magpsf": 19.205299377441406,
            "sigmapsf": 0.17652100324630737,
            "magnr": 18.559999465942383,
            "sigmagnr": 0.09600000083446503,
            "magzpsci": 26.262300491333008,
            "isdiffpos": "t",
            "ssdistnr": null,
            "ssnamenr": null,
            "drb": null
        },
        {
            "candid": 2564122293915015000,
            "jd": 2460318.6222917,
            "ra": 69.991367,
            "dec": -8.9198231,
            "fid": 2,
            "nid": 2564,
            "magpsf": 19.342100143432617,
            "sigmapsf": 0.16413700580596924,
            "magnr": 18.559999465942383,
            "sigmagnr": 0.09600000083446503,
            "magzpsci": 26.26609992980957,
            "isdiffpos": "t",
            "ssdistnr": null,
            "ssnamenr": null,
            "drb": null
        },
        {
            "candid": 2564122763915015000,
            "jd": 2460318.6227662,
            "ra": 69.9913069,
            "dec": -8.9198624,
            "fid": 2,
            "nid": 2564,
            "magpsf": 19.213600158691406,
            "sigmapsf": 0.15086600184440613,
            "magnr": 18.559999465942383,
            "sigmagnr": 0.09600000083446503,
            "magzpsci": 26.265600204467773,
            "isdiffpos": "t",
            "ssdistnr": null,
            "ssnamenr": null,
            "drb": null
        },
        {
            "candid": 2564123243915015000,
            "jd": 2460318.6232407,
            "ra": 69.9912887,
            "dec": -8.919908,
            "fid": 2,
            "nid": 2564,
            "magpsf": 19.084999084472656,
            "sigmapsf": 0.14431199431419373,
            "magnr": 18.559999465942383,
            "sigmagnr": 0.09600000083446503,
            "magzpsci": 26.270999908447266,
            "isdiffpos": "t",
            "ssdistnr": null,
            "ssnamenr": null,
            "drb": null
        },
        {
            "candid": 2564123703915015000,
            "jd": 2460318.6237037,
            "ra": 69.9912125,
            "dec": -8.9199331,
            "fid": 2,
            "nid": 2564,
            "magpsf": 19.353500366210938,
            "sigmapsf": 0.15841899812221527,
            "magnr": 18.559999465942383,
            "sigmagnr": 0.09600000083446503,
            "magzpsci": 26.271499633789062,
            "isdiffpos": "t",
            "ssdistnr": null,
            "ssnamenr": null,
            "drb": null
        },
        {
            "candid": 2564124653915015000,
            "jd": 2460318.6246528,
            "ra": 69.9912738,
            "dec": -8.9197993,
            "fid": 2,
            "nid": 2564,
            "magpsf": 19.26959991455078,
            "sigmapsf": 0.22032099962234497,
            "magnr": 18.559999465942383,
            "sigmagnr": 0.09600000083446503,
            "magzpsci": 26.26759910583496,
            "isdiffpos": "t",
            "ssdistnr": null,
            "ssnamenr": null,
            "drb": null
        },
        {
            "candid": 2564125123915015000,
            "jd": 2460318.6251273,
            "ra": 69.9913026,
            "dec": -8.919898,
            "fid": 2,
            "nid": 2564,
            "magpsf": 19.295700073242188,
            "sigmapsf": 0.17022199928760529,
            "magnr": 18.559999465942383,
            "sigmagnr": 0.09600000083446503,
            "magzpsci": 26.271699905395508,
            "isdiffpos": "t",
            "ssdistnr": null,
            "ssnamenr": null,
            "drb": null
        },
        {
            "candid": 2564125593915015000,
            "jd": 2460318.6255903,
            "ra": 69.9912489,
            "dec": -8.9198637,
            "fid": 2,
            "nid": 2564,
            "magpsf": 19.37070083618164,
            "sigmapsf": 0.15091200172901154,
            "magnr": 18.559999465942383,
            "sigmagnr": 0.09600000083446503,
            "magzpsci": 26.269699096679688,
            "isdiffpos": "t",
            "ssdistnr": null,
            "ssnamenr": null,
            "drb": null
        },
        {
            "candid": 2564126063915015000,
            "jd": 2460318.6260648,
            "ra": 69.991274,
            "dec": -8.91992,
            "fid": 2,
            "nid": 2564,
            "magpsf": 19.055700302124023,
            "sigmapsf": 0.19745700061321259,
            "magnr": 18.559999465942383,
            "sigmagnr": 0.09600000083446503,
            "magzpsci": 26.270700454711914,
            "isdiffpos": "t",
            "ssdistnr": null,
            "ssnamenr": null,
            "drb": null
        },
        {
            "candid": 2564126533915015000,
            "jd": 2460318.6265394,
            "ra": 69.9912016,
            "dec": -8.919821,
            "fid": 2,
            "nid": 2564,
            "magpsf": 19.49489974975586,
            "sigmapsf": 0.16003599762916565,
            "magnr": 18.559999465942383,
            "sigmagnr": 0.09600000083446503,
            "magzpsci": 26.267900466918945,
            "isdiffpos": "t",
            "ssdistnr": null,
            "ssnamenr": null,
            "drb": null
        },
        {
            "candid": 2564127013915015000,
            "jd": 2460318.6270139,
            "ra": 69.9913236,
            "dec": -8.9197575,
            "fid": 2,
            "nid": 2564,
            "magpsf": 19.16230010986328,
            "sigmapsf": 0.15369999408721924,
            "magnr": 18.559999465942383,
            "sigmagnr": 0.09600000083446503,
            "magzpsci": 26.265300750732422,
            "isdiffpos": "t",
            "ssdistnr": null,
            "ssnamenr": null,
            "drb": null
        },
        {
            "candid": 2564127473915015000,
            "jd": 2460318.6274769,
            "ra": 69.9912702,
            "dec": -8.9198276,
            "fid": 2,
            "nid": 2564,
            "magpsf": 19.383800506591797,
            "sigmapsf": 0.18935899436473846,
            "magnr": 18.559999465942383,
            "sigmagnr": 0.09600000083446503,
            "magzpsci": 26.271799087524414,
            "isdiffpos": "t",
            "ssdistnr": null,
            "ssnamenr": null,
            "drb": null
        },
        {
            "candid": 2564127953915015000,
            "jd": 2460318.6279514,
            "ra": 69.9913614,
            "dec": -8.9198149,
            "fid": 2,
            "nid": 2564,
            "magpsf": 19.162700653076172,
            "sigmapsf": 0.19018800556659698,
            "magnr": 18.559999465942383,
            "sigmagnr": 0.09600000083446503,
            "magzpsci": 26.271699905395508,
            "isdiffpos": "t",
            "ssdistnr": null,
            "ssnamenr": null,
            "drb": null
        },
        {
            "candid": 2564128423915015000,
            "jd": 2460318.6284259,
            "ra": 69.9912489,
            "dec": -8.9198918,
            "fid": 2,
            "nid": 2564,
            "magpsf": 19.165599822998047,
            "sigmapsf": 0.20317800343036652,
            "magnr": 18.559999465942383,
            "sigmagnr": 0.09600000083446503,
            "magzpsci": 26.266599655151367,
            "isdiffpos": "t",
            "ssdistnr": null,
            "ssnamenr": null,
            "drb": null
        },
        {
            "candid": 2564128883915015000,
            "jd": 2460318.6288889,
            "ra": 69.9913757,
            "dec": -8.919871,
            "fid": 2,
            "nid": 2564,
            "magpsf": 19.212400436401367,
            "sigmapsf": 0.17945800721645355,
            "magnr": 18.559999465942383,
            "sigmagnr": 0.09600000083446503,
            "magzpsci": 26.273399353027344,
            "isdiffpos": "t",
            "ssdistnr": null,
            "ssnamenr": null,
            "drb": null
        },
        {
            "candid": 2564129363915015001,
            "jd": 2460318.6293634,
            "ra": 69.9912673,
            "dec": -8.9198751,
            "fid": 2,
            "nid": 2564,
            "magpsf": 19.18549919128418,
            "sigmapsf": 0.14642000198364258,
            "magnr": 18.559999465942383,
            "sigmagnr": 0.09600000083446503,
            "magzpsci": 26.273500442504883,
            "isdiffpos": "t",
            "ssdistnr": null,
            "ssnamenr": null,
            "drb": null
        },
        {
            "candid": 2564129823915015000,
            "jd": 2460318.6298264,
            "ra": 69.9912837,
            "dec": -8.9198982,
            "fid": 2,
            "nid": 2564,
            "magpsf": 19.134300231933594,
            "sigmapsf": 0.19992899894714355,
            "magnr": 18.559999465942383,
            "sigmagnr": 0.09600000083446503,
            "magzpsci": 26.275299072265625,
            "isdiffpos": "t",
            "ssdistnr": null,
            "ssnamenr": null,
            "drb": null
        },
        {
            "candid": 2564130303915015000,
            "jd": 2460318.6303009,
            "ra": 69.9912791,
            "dec": -8.9198466,
            "fid": 2,
            "nid": 2564,
            "magpsf": 19.294700622558594,
            "sigmapsf": 0.17590999603271484,
            "magnr": 18.559999465942383,
            "sigmagnr": 0.09600000083446503,
            "magzpsci": 26.273700714111328,
            "isdiffpos": "t",
            "ssdistnr": null,
            "ssnamenr": null,
            "drb": null
        },
        {
            "candid": 2564130773915015000,
            "jd": 2460318.6307755,
            "ra": 69.9913634,
            "dec": -8.9198771,
            "fid": 2,
            "nid": 2564,
            "magpsf": 19.295700073242188,
            "sigmapsf": 0.17296500504016876,
            "magnr": 18.559999465942383,
            "sigmagnr": 0.09600000083446503,
            "magzpsci": 26.271699905395508,
            "isdiffpos": "t",
            "ssdistnr": null,
            "ssnamenr": null,
            "drb": null
        },
        {
            "candid": 2564131233915015000,
            "jd": 2460318.6312384,
            "ra": 69.9913132,
            "dec": -8.9197909,
            "fid": 2,
            "nid": 2564,
            "magpsf": 19.366100311279297,
            "sigmapsf": 0.14503200352191925,
            "magnr": 18.559999465942383,
            "sigmagnr": 0.09600000083446503,
            "magzpsci": 26.271099090576172,
            "isdiffpos": "t",
            "ssdistnr": null,
            "ssnamenr": null,
            "drb": null
        },
        {
            "candid": 2564132183915015000,
            "jd": 2460318.6321875,
            "ra": 69.9913417,
            "dec": -8.9197776,
            "fid": 2,
            "nid": 2564,
            "magpsf": 19.282800674438477,
            "sigmapsf": 0.15097300708293915,
            "magnr": 18.559999465942383,
            "sigmagnr": 0.09600000083446503,
            "magzpsci": 26.268800735473633,
            "isdiffpos": "t",
            "ssdistnr": null,
            "ssnamenr": null,
            "drb": null
        },
        {
            "candid": 2564132653915015000,
            "jd": 2460318.6326505,
            "ra": 69.9912879,
            "dec": -8.9198981,
            "fid": 2,
            "nid": 2564,
            "magpsf": 19.262100219726562,
            "sigmapsf": 0.15444999933242798,
            "magnr": 18.559999465942383,
            "sigmagnr": 0.09600000083446503,
            "magzpsci": 26.2721004486084,
            "isdiffpos": "t",
            "ssdistnr": null,
            "ssnamenr": null,
            "drb": null
        },
        {
            "candid": 2564133123915015000,
            "jd": 2460318.633125,
            "ra": 69.9911624,
            "dec": -8.9198239,
            "fid": 2,
            "nid": 2564,
            "magpsf": 19.261199951171875,
            "sigmapsf": 0.13994699716567993,
            "magnr": 18.559999465942383,
            "sigmagnr": 0.09600000083446503,
            "magzpsci": 26.278200149536133,
            "isdiffpos": "t",
            "ssdistnr": null,
            "ssnamenr": null,
            "drb": null
        },
        {
            "candid": 2564133593915015000,
            "jd": 2460318.6335995,
            "ra": 69.9913281,
            "dec": -8.9197939,
            "fid": 2,
            "nid": 2564,
            "magpsf": 19.460599899291992,
            "sigmapsf": 0.15015600621700287,
            "magnr": 18.559999465942383,
            "sigmagnr": 0.09600000083446503,
            "magzpsci": 26.27560043334961,
            "isdiffpos": "t",
            "ssdistnr": null,
            "ssnamenr": null,
            "drb": null
        },
        {
            "candid": 2564134063915015000,
            "jd": 2460318.6340625,
            "ra": 69.9912916,
            "dec": -8.9199095,
            "fid": 2,
            "nid": 2564,
            "magpsf": 19.297399520874023,
            "sigmapsf": 0.1718900054693222,
            "magnr": 18.559999465942383,
            "sigmagnr": 0.09600000083446503,
            "magzpsci": 26.27739906311035,
            "isdiffpos": "t",
            "ssdistnr": null,
            "ssnamenr": null,
            "drb": null
        },
        {
            "candid": 2564134533915015000,
            "jd": 2460318.634537,
            "ra": 69.9913395,
            "dec": -8.9198154,
            "fid": 2,
            "nid": 2564,
            "magpsf": 19.35689926147461,
            "sigmapsf": 0.1766970008611679,
            "magnr": 18.559999465942383,
            "sigmagnr": 0.09600000083446503,
            "magzpsci": 26.27790069580078,
            "isdiffpos": "t",
            "ssdistnr": null,
            "ssnamenr": null,
            "drb": null
        },
        {
            "candid": 2564135013915015000,
            "jd": 2460318.6350116,
            "ra": 69.9912084,
            "dec": -8.9198477,
            "fid": 2,
            "nid": 2564,
            "magpsf": 19.401599884033203,
            "sigmapsf": 0.23719699680805206,
            "magnr": 18.559999465942383,
            "sigmagnr": 0.09600000083446503,
            "magzpsci": 26.276599884033203,
            "isdiffpos": "t",
            "ssdistnr": null,
            "ssnamenr": null,
            "drb": null
        },
        {
            "candid": 2564135473915015000,
            "jd": 2460318.6354745,
            "ra": 69.9912844,
            "dec": -8.9197426,
            "fid": 2,
            "nid": 2564,
            "magpsf": 19.34480094909668,
            "sigmapsf": 0.15415500104427338,
            "magnr": 18.559999465942383,
            "sigmagnr": 0.09600000083446503,
            "magzpsci": 26.271799087524414,
            "isdiffpos": "t",
            "ssdistnr": null,
            "ssnamenr": null,
            "drb": null
        },
        {
            "candid": 2564135943915015000,
            "jd": 2460318.6359491,
            "ra": 69.9914027,
            "dec": -8.9197784,
            "fid": 2,
            "nid": 2564,
            "magpsf": 19.360000610351562,
            "sigmapsf": 0.1793539971113205,
            "magnr": 18.559999465942383,
            "sigmagnr": 0.09600000083446503,
            "magzpsci": 26.268999099731445,
            "isdiffpos": "t",
            "ssdistnr": null,
            "ssnamenr": null,
            "drb": null
        },
        {
            "candid": 2564136423915015000,
            "jd": 2460318.6364236,
            "ra": 69.9913321,
            "dec": -8.919951,
            "fid": 2,
            "nid": 2564,
            "magpsf": 19.237600326538086,
            "sigmapsf": 0.1475829929113388,
            "magnr": 18.559999465942383,
            "sigmagnr": 0.09600000083446503,
            "magzpsci": 26.279600143432617,
            "isdiffpos": "t",
            "ssdistnr": null,
            "ssnamenr": null,
            "drb": null
        },
        {
            "candid": 2564136883915015000,
            "jd": 2460318.6368866,
            "ra": 69.991225,
            "dec": -8.9197623,
            "fid": 2,
            "nid": 2564,
            "magpsf": 19.14229965209961,
            "sigmapsf": 0.16186200082302094,
            "magnr": 18.559999465942383,
            "sigmagnr": 0.09600000083446503,
            "magzpsci": 26.27630043029785,
            "isdiffpos": "t",
            "ssdistnr": null,
            "ssnamenr": null,
            "drb": null
        },
        {
            "candid": 2564137363915015000,
            "jd": 2460318.6373611,
            "ra": 69.9912603,
            "dec": -8.919907,
            "fid": 2,
            "nid": 2564,
            "magpsf": 19.245500564575195,
            "sigmapsf": 0.18735800683498383,
            "magnr": 18.559999465942383,
            "sigmagnr": 0.09600000083446503,
            "magzpsci": 26.27750015258789,
            "isdiffpos": "t",
            "ssdistnr": null,
            "ssnamenr": null,
            "drb": null
        },
        {
            "candid": 2564137833915015000,
            "jd": 2460318.6378356,
            "ra": 69.9914328,
            "dec": -8.9199612,
            "fid": 2,
            "nid": 2564,
            "magpsf": 19.351200103759766,
            "sigmapsf": 0.20470499992370605,
            "magnr": 18.559999465942383,
            "sigmagnr": 0.09600000083446503,
            "magzpsci": 26.27519989013672,
            "isdiffpos": "t",
            "ssdistnr": null,
            "ssnamenr": null,
            "drb": null
        },
        {
            "candid": 2564138293915015000,
            "jd": 2460318.6382986,
            "ra": 69.9913682,
            "dec": -8.9198613,
            "fid": 2,
            "nid": 2564,
            "magpsf": 19.269899368286133,
            "sigmapsf": 0.20168499648571014,
            "magnr": 18.559999465942383,
            "sigmagnr": 0.09600000083446503,
            "magzpsci": 26.280899047851562,
            "isdiffpos": "t",
            "ssdistnr": null,
            "ssnamenr": null,
            "drb": null
        },
        {
            "candid": 2564138773915015000,
            "jd": 2460318.6387731,
            "ra": 69.9912384,
            "dec": -8.9198423,
            "fid": 2,
            "nid": 2564,
            "magpsf": 19.25749969482422,
            "sigmapsf": 0.20423899590969086,
            "magnr": 18.559999465942383,
            "sigmagnr": 0.09600000083446503,
            "magzpsci": 26.278499603271484,
            "isdiffpos": "t",
            "ssdistnr": null,
            "ssnamenr": null,
            "drb": null
        },
        {
            "candid": 2564139243915015000,
            "jd": 2460318.6392477,
            "ra": 69.9913465,
            "dec": -8.9198061,
            "fid": 2,
            "nid": 2564,
            "magpsf": 19.455299377441406,
            "sigmapsf": 0.16420899331569672,
            "magnr": 18.559999465942383,
            "sigmagnr": 0.09600000083446503,
            "magzpsci": 26.281299591064453,
            "isdiffpos": "t",
            "ssdistnr": null,
            "ssnamenr": null,
            "drb": null
        },
        {
            "candid": 2564139713915015000,
            "jd": 2460318.6397106,
            "ra": 69.9912651,
            "dec": -8.9199053,
            "fid": 2,
            "nid": 2564,
            "magpsf": 19.30109977722168,
            "sigmapsf": 0.14100700616836548,
            "magnr": 18.559999465942383,
            "sigmagnr": 0.09600000083446503,
            "magzpsci": 26.278200149536133,
            "isdiffpos": "t",
            "ssdistnr": null,
            "ssnamenr": null,
            "drb": null
        },
        {
            "candid": 2564140183915015001,
            "jd": 2460318.6401852,
            "ra": 69.9913238,
            "dec": -8.9197448,
            "fid": 2,
            "nid": 2564,
            "magpsf": 19.23069953918457,
            "sigmapsf": 0.16468699276447296,
            "magnr": 18.559999465942383,
            "sigmagnr": 0.09600000083446503,
            "magzpsci": 26.279699325561523,
            "isdiffpos": "t",
            "ssdistnr": null,
            "ssnamenr": null,
            "drb": null
        },
        {
            "candid": 2564140653915015000,
            "jd": 2460318.6406597,
            "ra": 69.9912858,
            "dec": -8.9199228,
            "fid": 2,
            "nid": 2564,
            "magpsf": 19.198200225830078,
            "sigmapsf": 0.15266300737857819,
            "magnr": 18.559999465942383,
            "sigmagnr": 0.09600000083446503,
            "magzpsci": 26.27519989013672,
            "isdiffpos": "t",
            "ssdistnr": null,
            "ssnamenr": null,
            "drb": null
        },
        {
            "candid": 2564141123915015000,
            "jd": 2460318.6411227,
            "ra": 69.9913377,
            "dec": -8.9198168,
            "fid": 2,
            "nid": 2564,
            "magpsf": 19.354700088500977,
            "sigmapsf": 0.16176199913024902,
            "magnr": 18.559999465942383,
            "sigmagnr": 0.09600000083446503,
            "magzpsci": 26.27869987487793,
            "isdiffpos": "t",
            "ssdistnr": null,
            "ssnamenr": null,
            "drb": null
        },
        {
            "candid": 2564141593915015000,
            "jd": 2460318.6415972,
            "ra": 69.9913303,
            "dec": -8.9199004,
            "fid": 2,
            "nid": 2564,
            "magpsf": 19.1481990814209,
            "sigmapsf": 0.15945999324321747,
            "magnr": 18.559999465942383,
            "sigmagnr": 0.09600000083446503,
            "magzpsci": 26.279199600219727,
            "isdiffpos": "t",
            "ssdistnr": null,
            "ssnamenr": null,
            "drb": null
        },
        {
            "candid": 2564142063915015000,
            "jd": 2460318.6420602,
            "ra": 69.9912624,
            "dec": -8.9198743,
            "fid": 2,
            "nid": 2564,
            "magpsf": 19.233200073242188,
            "sigmapsf": 0.161531001329422,
            "magnr": 18.559999465942383,
            "sigmagnr": 0.09600000083446503,
            "magzpsci": 26.28420066833496,
            "isdiffpos": "t",
            "ssdistnr": null,
            "ssnamenr": null,
            "drb": null
        },
        {
            "candid": 2564142533915015000,
            "jd": 2460318.6425347,
            "ra": 69.9912965,
            "dec": -8.9198536,
            "fid": 2,
            "nid": 2564,
            "magpsf": 19.131900787353516,
            "sigmapsf": 0.1620430052280426,
            "magnr": 18.559999465942383,
            "sigmagnr": 0.09600000083446503,
            "magzpsci": 26.28190040588379,
            "isdiffpos": "t",
            "ssdistnr": null,
            "ssnamenr": null,
            "drb": null
        },
        {
            "candid": 2564143003915015000,
            "jd": 2460318.6430093,
            "ra": 69.9912622,
            "dec": -8.9198573,
            "fid": 2,
            "nid": 2564,
            "magpsf": 19.216400146484375,
            "sigmapsf": 0.1841149926185608,
            "magnr": 18.559999465942383,
            "sigmagnr": 0.09600000083446503,
            "magzpsci": 26.27739906311035,
            "isdiffpos": "t",
            "ssdistnr": null,
            "ssnamenr": null,
            "drb": null
        },
        {
            "candid": 2564143473915015000,
            "jd": 2460318.6434722,
            "ra": 69.9913414,
            "dec": -8.9199009,
            "fid": 2,
            "nid": 2564,
            "magpsf": 19.196300506591797,
            "sigmapsf": 0.12960299849510193,
            "magnr": 18.559999465942383,
            "sigmagnr": 0.09600000083446503,
            "magzpsci": 26.283300399780273,
            "isdiffpos": "t",
            "ssdistnr": null,
            "ssnamenr": null,
            "drb": null
        },
        {
            "candid": 2564143943915015000,
            "jd": 2460318.6439468,
            "ra": 69.9913486,
            "dec": -8.9197835,
            "fid": 2,
            "nid": 2564,
            "magpsf": 19.333099365234375,
            "sigmapsf": 0.21418799459934235,
            "magnr": 18.559999465942383,
            "sigmagnr": 0.09600000083446503,
            "magzpsci": 26.277099609375,
            "isdiffpos": "t",
            "ssdistnr": null,
            "ssnamenr": null,
            "drb": null
        },
        {
            "candid": 2564144423915015000,
            "jd": 2460318.6444213,
            "ra": 69.9912927,
            "dec": -8.9199823,
            "fid": 2,
            "nid": 2564,
            "magpsf": 19.167600631713867,
            "sigmapsf": 0.12800100445747375,
            "magnr": 18.559999465942383,
            "sigmagnr": 0.09600000083446503,
            "magzpsci": 26.287599563598633,
            "isdiffpos": "t",
            "ssdistnr": null,
            "ssnamenr": null,
            "drb": null
        },
        {
            "candid": 2564144893915015000,
            "jd": 2460318.6448958,
            "ra": 69.9913316,
            "dec": -8.9198202,
            "fid": 2,
            "nid": 2564,
            "magpsf": 19.428699493408203,
            "sigmapsf": 0.1837259978055954,
            "magnr": 18.559999465942383,
            "sigmagnr": 0.09600000083446503,
            "magzpsci": 26.27869987487793,
            "isdiffpos": "t",
            "ssdistnr": null,
            "ssnamenr": null,
            "drb": null
        },
        {
            "candid": 2564145353915015000,
            "jd": 2460318.6453588,
            "ra": 69.9913013,
            "dec": -8.9199032,
            "fid": 2,
            "nid": 2564,
            "magpsf": 19.362300872802734,
            "sigmapsf": 0.15121600031852722,
            "magnr": 18.559999465942383,
            "sigmagnr": 0.09600000083446503,
            "magzpsci": 26.28030014038086,
            "isdiffpos": "t",
            "ssdistnr": null,
            "ssnamenr": null,
            "drb": null
        },
        {
            "candid": 2564145833915015000,
            "jd": 2460318.6458333,
            "ra": 69.991311,
            "dec": -8.9198162,
            "fid": 2,
            "nid": 2564,
            "magpsf": 19.236900329589844,
            "sigmapsf": 0.1333169937133789,
            "magnr": 18.559999465942383,
            "sigmagnr": 0.09600000083446503,
            "magzpsci": 26.280899047851562,
            "isdiffpos": "t",
            "ssdistnr": null,
            "ssnamenr": null,
            "drb": null
        },
        {
            "candid": 2564146293915015000,
            "jd": 2460318.6462963,
            "ra": 69.9913259,
            "dec": -8.919976,
            "fid": 2,
            "nid": 2564,
            "magpsf": 19.103300094604492,
            "sigmapsf": 0.15835100412368774,
            "magnr": 18.559999465942383,
            "sigmagnr": 0.09600000083446503,
            "magzpsci": 26.284299850463867,
            "isdiffpos": "t",
            "ssdistnr": null,
            "ssnamenr": null,
            "drb": null
        },
        {
            "candid": 2564146773915015000,
            "jd": 2460318.6467708,
            "ra": 69.9913525,
            "dec": -8.9198721,
            "fid": 2,
            "nid": 2564,
            "magpsf": 19.253000259399414,
            "sigmapsf": 0.18096299469470978,
            "magnr": 18.559999465942383,
            "sigmagnr": 0.09600000083446503,
            "magzpsci": 26.288000106811523,
            "isdiffpos": "t",
            "ssdistnr": null,
            "ssnamenr": null,
            "drb": null
        },
        {
            "candid": 2564147243915015000,
            "jd": 2460318.6472454,
            "ra": 69.9913702,
            "dec": -8.919766,
            "fid": 2,
            "nid": 2564,
            "magpsf": 19.175800323486328,
            "sigmapsf": 0.12846000492572784,
            "magnr": 18.559999465942383,
            "sigmagnr": 0.09600000083446503,
            "magzpsci": 26.282800674438477,
            "isdiffpos": "t",
            "ssdistnr": null,
            "ssnamenr": null,
            "drb": null
        },
        {
            "candid": 2564147703915015000,
            "jd": 2460318.6477083,
            "ra": 69.9913373,
            "dec": -8.9197879,
            "fid": 2,
            "nid": 2564,
            "magpsf": 19.26259994506836,
            "sigmapsf": 0.1533540040254593,
            "magnr": 18.559999465942383,
            "sigmagnr": 0.09600000083446503,
            "magzpsci": 26.278600692749023,
            "isdiffpos": "t",
            "ssdistnr": null,
            "ssnamenr": null,
            "drb": null
        },
        {
            "candid": 2564148183915015000,
            "jd": 2460318.6481829,
            "ra": 69.9913764,
            "dec": -8.9198362,
            "fid": 2,
            "nid": 2564,
            "magpsf": 19.132299423217773,
            "sigmapsf": 0.16979900002479553,
            "magnr": 18.559999465942383,
            "sigmagnr": 0.09600000083446503,
            "magzpsci": 26.283300399780273,
            "isdiffpos": "t",
            "ssdistnr": null,
            "ssnamenr": null,
            "drb": null
        },
        {
            "candid": 2564148643915015000,
            "jd": 2460318.6486458,
            "ra": 69.991281,
            "dec": -8.9198284,
            "fid": 2,
            "nid": 2564,
            "magpsf": 19.300800323486328,
            "sigmapsf": 0.17784999310970306,
            "magnr": 18.559999465942383,
            "sigmagnr": 0.09600000083446503,
            "magzpsci": 26.2898006439209,
            "isdiffpos": "t",
            "ssdistnr": null,
            "ssnamenr": null,
            "drb": null
        },
        {
            "candid": 2564149123915015000,
            "jd": 2460318.6491204,
            "ra": 69.9913451,
            "dec": -8.9198998,
            "fid": 2,
            "nid": 2564,
            "magpsf": 19.371999740600586,
            "sigmapsf": 0.14634199440479279,
            "magnr": 18.559999465942383,
            "sigmagnr": 0.09600000083446503,
            "magzpsci": 26.27899932861328,
            "isdiffpos": "t",
            "ssdistnr": null,
            "ssnamenr": null,
            "drb": null
        },
        {
            "candid": 2564149593915015001,
            "jd": 2460318.6495949,
            "ra": 69.9912842,
            "dec": -8.9198713,
            "fid": 2,
            "nid": 2564,
            "magpsf": 19.208999633789062,
            "sigmapsf": 0.1715870052576065,
            "magnr": 18.559999465942383,
            "sigmagnr": 0.09600000083446503,
            "magzpsci": 26.290000915527344,
            "isdiffpos": "t",
            "ssdistnr": null,
            "ssnamenr": null,
            "drb": null
        },
        {
            "candid": 2564150053915015000,
            "jd": 2460318.6500579,
            "ra": 69.9913022,
            "dec": -8.9199714,
            "fid": 2,
            "nid": 2564,
            "magpsf": 19.348800659179688,
            "sigmapsf": 0.16661599278450012,
            "magnr": 18.559999465942383,
            "sigmagnr": 0.09600000083446503,
            "magzpsci": 26.284799575805664,
            "isdiffpos": "t",
            "ssdistnr": null,
            "ssnamenr": null,
            "drb": null
        },
        {
            "candid": 2564150533915015000,
            "jd": 2460318.6505324,
            "ra": 69.9913678,
            "dec": -8.9199533,
            "fid": 2,
            "nid": 2564,
            "magpsf": 19.2549991607666,
            "sigmapsf": 0.19751200079917908,
            "magnr": 18.559999465942383,
            "sigmagnr": 0.09600000083446503,
            "magzpsci": 26.292999267578125,
            "isdiffpos": "t",
            "ssdistnr": null,
            "ssnamenr": null,
            "drb": null
        },
        {
            "candid": 2564151003915015000,
            "jd": 2460318.6510069,
            "ra": 69.9912564,
            "dec": -8.91978,
            "fid": 2,
            "nid": 2564,
            "magpsf": 19.395599365234375,
            "sigmapsf": 0.16705599427223206,
            "magnr": 18.559999465942383,
            "sigmagnr": 0.09600000083446503,
            "magzpsci": 26.28459930419922,
            "isdiffpos": "t",
            "ssdistnr": null,
            "ssnamenr": null,
            "drb": null
        },
        {
            "candid": 2564151483915015000,
            "jd": 2460318.6514815,
            "ra": 69.9912385,
            "dec": -8.9197448,
            "fid": 2,
            "nid": 2564,
            "magpsf": 19.135299682617188,
            "sigmapsf": 0.111455999314785,
            "magnr": 18.559999465942383,
            "sigmagnr": 0.09600000083446503,
            "magzpsci": 26.28230094909668,
            "isdiffpos": "t",
            "ssdistnr": null,
            "ssnamenr": null,
            "drb": null
        },
        {
            "candid": 2564151953915015000,
            "jd": 2460318.651956,
            "ra": 69.991308,
            "dec": -8.9198208,
            "fid": 2,
            "nid": 2564,
            "magpsf": 19.29669952392578,
            "sigmapsf": 0.20677299797534943,
            "magnr": 18.559999465942383,
            "sigmagnr": 0.09600000083446503,
            "magzpsci": 26.28070068359375,
            "isdiffpos": "t",
            "ssdistnr": null,
            "ssnamenr": null,
            "drb": null
        },
        {
            "candid": 2564152893915015000,
            "jd": 2460318.6528935,
            "ra": 69.9913751,
            "dec": -8.9198173,
            "fid": 2,
            "nid": 2564,
            "magpsf": 19.267900466918945,
            "sigmapsf": 0.14990200102329254,
            "magnr": 18.559999465942383,
            "sigmagnr": 0.09600000083446503,
            "magzpsci": 26.284900665283203,
            "isdiffpos": "t",
            "ssdistnr": null,
            "ssnamenr": null,
            "drb": null
        },
        {
            "candid": 2564153363915015000,
            "jd": 2460318.6533681,
            "ra": 69.9912291,
            "dec": -8.9197093,
            "fid": 2,
            "nid": 2564,
            "magpsf": 19.399900436401367,
            "sigmapsf": 0.1988150030374527,
            "magnr": 18.559999465942383,
            "sigmagnr": 0.09600000083446503,
            "magzpsci": 26.285900115966797,
            "isdiffpos": "t",
            "ssdistnr": null,
            "ssnamenr": null,
            "drb": null
        },
        {
            "candid": 2564153843915015000,
            "jd": 2460318.6538426,
            "ra": 69.991324,
            "dec": -8.9199014,
            "fid": 2,
            "nid": 2564,
            "magpsf": 19.211299896240234,
            "sigmapsf": 0.16573399305343628,
            "magnr": 18.559999465942383,
            "sigmagnr": 0.09600000083446503,
            "magzpsci": 26.28230094909668,
            "isdiffpos": "t",
            "ssdistnr": null,
            "ssnamenr": null,
            "drb": null
        },
        {
            "candid": 2564154303915015000,
            "jd": 2460318.6543056,
            "ra": 69.9912569,
            "dec": -8.919836,
            "fid": 2,
            "nid": 2564,
            "magpsf": 19.212799072265625,
            "sigmapsf": 0.14735600352287292,
            "magnr": 18.559999465942383,
            "sigmagnr": 0.09600000083446503,
            "magzpsci": 26.284799575805664,
            "isdiffpos": "t",
            "ssdistnr": null,
            "ssnamenr": null,
            "drb": null
        },
        {
            "candid": 2564154783915015000,
            "jd": 2460318.6547801,
            "ra": 69.991301,
            "dec": -8.919847,
            "fid": 2,
            "nid": 2564,
            "magpsf": 19.307300567626953,
            "sigmapsf": 0.14638899266719818,
            "magnr": 18.559999465942383,
            "sigmagnr": 0.09600000083446503,
            "magzpsci": 26.286300659179688,
            "isdiffpos": "t",
            "ssdistnr": null,
            "ssnamenr": null,
            "drb": null
        },
        {
            "candid": 2564155243915015001,
            "jd": 2460318.6552431,
            "ra": 69.9913482,
            "dec": -8.9197732,
            "fid": 2,
            "nid": 2564,
            "magpsf": 19.442699432373047,
            "sigmapsf": 0.16990399360656738,
            "magnr": 18.559999465942383,
            "sigmagnr": 0.09600000083446503,
            "magzpsci": 26.284700393676758,
            "isdiffpos": "t",
            "ssdistnr": null,
            "ssnamenr": null,
            "drb": null
        },
        {
            "candid": 2564155713915015000,
            "jd": 2460318.6557176,
            "ra": 69.9912425,
            "dec": -8.9198379,
            "fid": 2,
            "nid": 2564,
            "magpsf": 19.32229995727539,
            "sigmapsf": 0.12866799533367157,
            "magnr": 18.559999465942383,
            "sigmagnr": 0.09600000083446503,
            "magzpsci": 26.284299850463867,
            "isdiffpos": "t",
            "ssdistnr": null,
            "ssnamenr": null,
            "drb": null
        },
        {
            "candid": 2564156193915015000,
            "jd": 2460318.6561921,
            "ra": 69.9912171,
            "dec": -8.9199177,
            "fid": 2,
            "nid": 2564,
            "magpsf": 19.1023006439209,
            "sigmapsf": 0.17455999553203583,
            "magnr": 18.559999465942383,
            "sigmagnr": 0.09600000083446503,
            "magzpsci": 26.28529930114746,
            "isdiffpos": "t",
            "ssdistnr": null,
            "ssnamenr": null,
            "drb": null
        },
        {
            "candid": 2564156663915015000,
            "jd": 2460318.6566667,
            "ra": 69.9913888,
            "dec": -8.9199897,
            "fid": 2,
            "nid": 2564,
            "magpsf": 19.384899139404297,
            "sigmapsf": 0.14723800122737885,
            "magnr": 18.559999465942383,
            "sigmagnr": 0.09600000083446503,
            "magzpsci": 26.28890037536621,
            "isdiffpos": "t",
            "ssdistnr": null,
            "ssnamenr": null,
            "drb": null
        },
        {
            "candid": 2569256713915015000,
            "jd": 2460323.756713,
            "ra": 69.9911396,
            "dec": -8.9199002,
            "fid": 2,
            "nid": 2569,
            "magpsf": 19.37660026550293,
            "sigmapsf": 0.2282409965991974,
            "magnr": 18.559999465942383,
            "sigmagnr": 0.09600000083446503,
            "magzpsci": 26.1156005859375,
            "isdiffpos": "t",
            "ssdistnr": null,
            "ssnamenr": null,
            "drb": null
        },
        {
            "candid": 2571173193915015000,
            "jd": 2460325.6731944,
            "ra": 69.9913197,
            "dec": -8.9198158,
            "fid": 2,
            "nid": 2571,
            "magpsf": 19.41710090637207,
            "sigmapsf": 0.18649399280548096,
            "magnr": 18.559999465942383,
            "sigmagnr": 0.09600000083446503,
            "magzpsci": 26.252099990844727,
            "isdiffpos": "t",
            "ssdistnr": null,
            "ssnamenr": null,
            "drb": null
        },
        {
            "candid": 2573183283915015000,
            "jd": 2460327.683287,
            "ra": 69.9913702,
            "dec": -8.919827,
            "fid": 2,
            "nid": 2573,
            "magpsf": 19.306400299072266,
            "sigmapsf": 0.16991600394248962,
            "magnr": 18.559999465942383,
            "sigmagnr": 0.09600000083446503,
            "magzpsci": 26.29640007019043,
            "isdiffpos": "t",
            "ssdistnr": null,
            "ssnamenr": null,
            "drb": null
        },
        {
            "candid": 2586295253915015000,
            "jd": 2460340.7952546,
            "ra": 69.9913576,
            "dec": -8.9198825,
            "fid": 2,
            "nid": 2586,
            "magpsf": 19.5846004486084,
            "sigmapsf": 0.21108099818229675,
            "magnr": 18.559999465942383,
            "sigmagnr": 0.09600000083446503,
            "magzpsci": 26.219600677490234,
            "isdiffpos": "t",
            "ssdistnr": null,
            "ssnamenr": null,
            "drb": null
        },
        {
            "candid": 2599144343915015000,
            "jd": 2460353.6443403,
            "ra": 69.9912554,
            "dec": -8.9198634,
            "fid": 2,
            "nid": 2599,
            "magpsf": 19.97319984436035,
            "sigmapsf": 0.17126299440860748,
            "magnr": 18.559999465942383,
            "sigmagnr": 0.09600000083446503,
            "magzpsci": 26.29319953918457,
            "isdiffpos": "t",
            "ssdistnr": null,
            "ssnamenr": null,
            "drb": null
        },
        {
            "candid": 2601129253915015000,
            "jd": 2460355.6292593,
            "ra": 69.9913262,
            "dec": -8.9198107,
            "fid": 2,
            "nid": 2601,
            "magpsf": 19.89336395263672,
            "sigmapsf": 0.19275180995464325,
            "magnr": 18.559999465942383,
            "sigmagnr": 0.09600000083446503,
            "magzpsci": 26.296363830566406,
            "isdiffpos": "t",
            "ssdistnr": -999.0,
            "ssnamenr": "null",
            "drb": null
        },
        {
            "jd": 2460221.9237963,
            "fid": 1,
            "diffmaglim": 19.083200454711914
        },
        {
            "jd": 2460221.9843634,
            "fid": 2,
            "diffmaglim": 19.362899780273438
        },
        {
            "jd": 2460223.9051968,
            "fid": 1,
            "diffmaglim": 19.840700149536133
        },
        {
            "jd": 2460223.9577894,
            "fid": 2,
            "diffmaglim": 20.019899368286133
        },
        {
            "jd": 2460225.8974653,
            "fid": 1,
            "diffmaglim": 20.2544002532959
        },
        {
            "jd": 2460225.9616435,
            "fid": 2,
            "diffmaglim": 20.248699188232422
        },
        {
            "jd": 2460228.9400116,
            "fid": 1,
            "diffmaglim": 20.32659912109375
        },
        {
            "jd": 2460231.9415972,
            "fid": 1,
            "diffmaglim": 20.418100357055664
        },
        {
            "jd": 2460233.8874537,
            "fid": 1,
            "diffmaglim": 20.391799926757812
        },
        {
            "jd": 2460233.9417245,
            "fid": 2,
            "diffmaglim": 20.42799949645996
        },
        {
            "jd": 2460235.8811227,
            "fid": 1,
            "diffmaglim": 20.46179962158203
        },
        {
            "jd": 2460235.9267014,
            "fid": 2,
            "diffmaglim": 20.407800674438477
        },
        {
            "jd": 2460237.8667477,
            "fid": 2,
            "diffmaglim": 20.340700149536133
        },
        {
            "jd": 2460237.9305556,
            "fid": 1,
            "diffmaglim": 20.484100341796875
        },
        {
            "jd": 2460239.9210301,
            "fid": 2,
            "diffmaglim": 20.561500549316406
        },
        {
            "jd": 2460239.9399537,
            "fid": 1,
            "diffmaglim": 20.70639991760254
        },
        {
            "jd": 2460244.8376736,
            "fid": 2,
            "diffmaglim": 19.48889923095703
        },
        {
            "jd": 2460244.8762269,
            "fid": 1,
            "diffmaglim": 19.247600555419922
        },
        {
            "jd": 2460246.8367708,
            "fid": 2,
            "diffmaglim": 19.00200080871582
        },
        {
            "jd": 2460246.8897917,
            "fid": 1,
            "diffmaglim": 18.834400177001953
        },
        {
            "jd": 2460249.8895949,
            "fid": 1,
            "diffmaglim": 19.06279945373535
        },
        {
            "jd": 2460249.9197338,
            "fid": 2,
            "diffmaglim": 18.850000381469727
        },
        {
            "jd": 2460251.8574421,
            "fid": 1,
            "diffmaglim": 19.83329963684082
        },
        {
            "jd": 2460268.8375694,
            "fid": 1,
            "diffmaglim": 20.047000885009766
        },
        {
            "jd": 2460268.8604514,
            "fid": 2,
            "diffmaglim": 18.49810028076172
        },
        {
            "jd": 2460289.7725694,
            "fid": 1,
            "diffmaglim": 19.801300048828125
        },
        {
            "jd": 2460296.7614468,
            "fid": 1,
            "diffmaglim": 19.67959976196289
        },
        {
            "jd": 2460308.6092361,
            "fid": 2,
            "diffmaglim": 19.712600708007812
        },
        {
            "jd": 2460318.6161806,
            "fid": 2,
            "diffmaglim": 19.408100128173828
        },
        {
            "jd": 2460318.6166435,
            "fid": 2,
            "diffmaglim": 19.372600555419922
        },
        {
            "jd": 2460318.6185301,
            "fid": 2,
            "diffmaglim": 19.48069953918457
        },
        {
            "jd": 2460318.6194676,
            "fid": 2,
            "diffmaglim": 19.651399612426758
        },
        {
            "jd": 2460318.6213542,
            "fid": 2,
            "diffmaglim": 19.43670082092285
        },
        {
            "jd": 2460318.6241782,
            "fid": 2,
            "diffmaglim": 19.48979949951172
        },
        {
            "jd": 2460318.631713,
            "fid": 2,
            "diffmaglim": 19.796600341796875
        },
        {
            "jd": 2460318.6524306,
            "fid": 2,
            "diffmaglim": 19.805999755859375
        },
        {
            "jd": 2460321.7453935,
            "fid": 2,
            "diffmaglim": 16.995800018310547
        },
        {
            "jd": 2460321.7558333,
            "fid": 1,
            "diffmaglim": 18.38680076599121
        },
        {
            "jd": 2460323.8420949,
            "fid": 1,
            "diffmaglim": 19.05780029296875
        },
        {
            "jd": 2460327.6290741,
            "fid": 1,
            "diffmaglim": 19.584800720214844
        },
        {
            "jd": 2460336.7174306,
            "fid": 1,
            "diffmaglim": 19.157499313354492
        },
        {
            "jd": 2460351.6452315,
            "fid": 1,
            "diffmaglim": 19.837499618530273
        },
        {
            "jd": 2460351.6695023,
            "fid": 2,
            "diffmaglim": 19.84670066833496
        }
    ],
    "forcedphot": [
        {
            "objectid": "ZTF23abomtjc",
            "jd": 2460221.9237963,
            "ranr": 69.9916139,
            "decnr": -8.9201397,
            "fid": 1,
            "forcediffimflux": -215.689453125,
            "forcediffimfluxunc": 90.63200378417969,
            "magzpsci": 26.260900497436523
        },
        {
            "objectid": "ZTF23abomtjc",
            "jd": 2460221.9843634,
            "ranr": 69.9901239,
            "decnr": -8.9198328,
            "fid": 2,
            "forcediffimflux": -52.02465057373047,
            "forcediffimfluxunc": 76.3876724243164,
            "magzpsci": 26.301799774169922
        },
        {
            "objectid": "ZTF23abomtjc",
            "jd": 2460223.9051968,
            "ranr": 69.9916139,
            "decnr": -8.9201397,
            "fid": 1,
            "forcediffimflux": 46.61983108520508,
            "forcediffimfluxunc": 53.40538787841797,
            "magzpsci": 26.23110008239746
        },
        {
            "objectid": "ZTF23abomtjc",
            "jd": 2460223.9577894,
            "ranr": 69.9910859,
            "decnr": -8.9198943,
            "fid": 2,
            "forcediffimflux": 15.606668472290039,
            "forcediffimfluxunc": 50.01155471801758,
            "magzpsci": 26.29199981689453
        },
        {
            "objectid": "ZTF23abomtjc",
            "jd": 2460225.8974653,
            "ranr": 69.9916139,
            "decnr": -8.9201397,
            "fid": 1,
            "forcediffimflux": -5.1526408195495605,
            "forcediffimfluxunc": 34.66678237915039,
            "magzpsci": 26.209999084472656
        },
        {
            "objectid": "ZTF23abomtjc",
            "jd": 2460225.9616435,
            "ranr": 69.9910859,
            "decnr": -8.9198943,
            "fid": 2,
            "forcediffimflux": 29.138622283935547,
            "forcediffimfluxunc": 39.25724792480469,
            "magzpsci": 26.284799575805664
        },
        {
            "objectid": "ZTF23abomtjc",
            "jd": 2460228.9400116,
            "ranr": 69.9916139,
            "decnr": -8.9201397,
            "fid": 1,
            "forcediffimflux": -18.10763168334961,
            "forcediffimfluxunc": 37.878334045410156,
            "magzpsci": 26.282899856567383
        },
        {
            "objectid": "ZTF23abomtjc",
            "jd": 2460231.9415972,
            "ranr": 69.9916139,
            "decnr": -8.9201397,
            "fid": 1,
            "forcediffimflux": -25.085041046142578,
            "forcediffimfluxunc": 32.15238571166992,
            "magzpsci": 26.268999099731445
        },
        {
            "objectid": "ZTF23abomtjc",
            "jd": 2460233.8874537,
            "ranr": 69.9916139,
            "decnr": -8.9201397,
            "fid": 1,
            "forcediffimflux": -44.317874908447266,
            "forcediffimfluxunc": 31.867664337158203,
            "magzpsci": 26.260000228881836
        },
        {
            "objectid": "ZTF23abomtjc",
            "jd": 2460233.9417245,
            "ranr": 69.9910859,
            "decnr": -8.9198943,
            "fid": 2,
            "forcediffimflux": -9.480249404907227,
            "forcediffimfluxunc": 33.37339401245117,
            "magzpsci": 26.304500579833984
        },
        {
            "objectid": "ZTF23abomtjc",
            "jd": 2460235.8811227,
            "ranr": 69.9916139,
            "decnr": -8.9201397,
            "fid": 1,
            "forcediffimflux": 10.23020076751709,
            "forcediffimfluxunc": 31.59376335144043,
            "magzpsci": 26.274200439453125
        },
        {
            "objectid": "ZTF23abomtjc",
            "jd": 2460235.9267014,
            "ranr": 69.9910859,
            "decnr": -8.9198943,
            "fid": 2,
            "forcediffimflux": -3.3142282962799072,
            "forcediffimfluxunc": 34.033294677734375,
            "magzpsci": 26.313800811767578
        },
        {
            "objectid": "ZTF23abomtjc",
            "jd": 2460237.8667477,
            "ranr": 69.9910859,
            "decnr": -8.9198943,
            "fid": 2,
            "forcediffimflux": -21.382240295410156,
            "forcediffimfluxunc": 34.7845573425293,
            "magzpsci": 26.274999618530273
        },
        {
            "objectid": "ZTF23abomtjc",
            "jd": 2460237.9305556,
            "ranr": 69.9916139,
            "decnr": -8.9201397,
            "fid": 1,
            "forcediffimflux": -39.44380187988281,
            "forcediffimfluxunc": 28.271080017089844,
            "magzpsci": 26.283599853515625
        },
        {
            "objectid": "ZTF23abomtjc",
            "jd": 2460239.9210301,
            "ranr": 69.9910859,
            "decnr": -8.9198943,
            "fid": 2,
            "forcediffimflux": 12.121862411499023,
            "forcediffimfluxunc": 31.47869873046875,
            "magzpsci": 26.324800491333008
        },
        {
            "objectid": "ZTF23abomtjc",
            "jd": 2460239.9399537,
            "ranr": 69.9916139,
            "decnr": -8.9201397,
            "fid": 1,
            "forcediffimflux": -27.04715919494629,
            "forcediffimfluxunc": 24.848257064819336,
            "magzpsci": 26.28860092163086
        },
        {
            "objectid": "ZTF23abomtjc",
            "jd": 2460244.8376736,
            "ranr": 69.9910859,
            "decnr": -8.9198943,
            "fid": 2,
            "forcediffimflux": 53.332515716552734,
            "forcediffimfluxunc": 72.36646270751953,
            "magzpsci": 26.29599952697754
        },
        {
            "objectid": "ZTF23abomtjc",
            "jd": 2460244.8762269,
            "ranr": 69.9916139,
            "decnr": -8.9201397,
            "fid": 1,
            "forcediffimflux": 49.03483581542969,
            "forcediffimfluxunc": 84.00852966308594,
            "magzpsci": 26.297399520874023
        },
        {
            "objectid": "ZTF23abomtjc",
            "jd": 2460246.8367708,
            "ranr": 69.9910859,
            "decnr": -8.9198943,
            "fid": 2,
            "forcediffimflux": -161.26803588867188,
            "forcediffimfluxunc": 105.14452362060547,
            "magzpsci": 26.29490089416504
        },
        {
            "objectid": "ZTF23abomtjc",
            "jd": 2460246.8897917,
            "ranr": 69.9916139,
            "decnr": -8.9201397,
            "fid": 1,
            "forcediffimflux": -93.33313751220703,
            "forcediffimfluxunc": 115.81710815429688,
            "magzpsci": 26.288400650024414
        },
        {
            "objectid": "ZTF23abomtjc",
            "jd": 2460249.8895949,
            "ranr": 69.9916139,
            "decnr": -8.9201397,
            "fid": 1,
            "forcediffimflux": 90.38442993164062,
            "forcediffimfluxunc": 89.87889099121094,
            "magzpsci": 26.121000289916992
        },
        {
            "objectid": "ZTF23abomtjc",
            "jd": 2460249.9197338,
            "ranr": 69.9910859,
            "decnr": -8.9198943,
            "fid": 2,
            "forcediffimflux": 79.05445861816406,
            "forcediffimfluxunc": 98.58965301513672,
            "magzpsci": 26.05299949645996
        },
        {
            "objectid": "ZTF23abomtjc",
            "jd": 2460251.8574421,
            "ranr": 69.9916139,
            "decnr": -8.9201397,
            "fid": 1,
            "forcediffimflux": 407.4772033691406,
            "forcediffimfluxunc": 54.43781280517578,
            "magzpsci": 26.270200729370117
        },
        {
            "objectid": "ZTF23abomtjc",
            "jd": 2460251.9164352,
            "ranr": 69.9910859,
            "decnr": -8.9198943,
            "fid": 2,
            "forcediffimflux": 569.2135620117188,
            "forcediffimfluxunc": 44.76613998413086,
            "magzpsci": 26.323200225830078
        },
        {
            "objectid": "ZTF23abomtjc",
            "jd": 2460253.8939005,
            "ranr": 69.9910859,
            "decnr": -8.9198943,
            "fid": 2,
            "forcediffimflux": 1091.3486328125,
            "forcediffimfluxunc": 49.68126678466797,
            "magzpsci": 26.33009910583496
        },
        {
            "objectid": "ZTF23abomtjc",
            "jd": 2460253.9373148,
            "ranr": 69.9916139,
            "decnr": -8.9201397,
            "fid": 1,
            "forcediffimflux": 894.914794921875,
            "forcediffimfluxunc": 43.245689392089844,
            "magzpsci": 26.2992000579834
        },
        {
            "objectid": "ZTF23abomtjc",
            "jd": 2460257.898206,
            "ranr": 69.9910859,
            "decnr": -8.9198943,
            "fid": 2,
            "forcediffimflux": 2329.5478515625,
            "forcediffimfluxunc": 48.12630844116211,
            "magzpsci": 26.30820083618164
        },
        {
            "objectid": "ZTF23abomtjc",
            "jd": 2460257.9686574,
            "ranr": 69.9916139,
            "decnr": -8.9201397,
            "fid": 1,
            "forcediffimflux": 1400.177490234375,
            "forcediffimfluxunc": 75.6539306640625,
            "magzpsci": 26.24370002746582
        },
        {
            "objectid": "ZTF23abomtjc",
            "jd": 2460259.8657986,
            "ranr": 69.9910859,
            "decnr": -8.9198943,
            "fid": 2,
            "forcediffimflux": 2969.271484375,
            "forcediffimfluxunc": 49.29145431518555,
            "magzpsci": 26.297399520874023
        },
        {
            "objectid": "ZTF23abomtjc",
            "jd": 2460259.8980671,
            "ranr": 69.9916139,
            "decnr": -8.9201397,
            "fid": 1,
            "forcediffimflux": 1969.3017578125,
            "forcediffimfluxunc": 46.84416580200195,
            "magzpsci": 26.278400421142578
        },
        {
            "objectid": "ZTF23abomtjc",
            "jd": 2460261.7779398,
            "ranr": 69.9910859,
            "decnr": -8.9198943,
            "fid": 2,
            "forcediffimflux": 3137.177001953125,
            "forcediffimfluxunc": 51.07582092285156,
            "magzpsci": 26.204700469970703
        },
        {
            "objectid": "ZTF23abomtjc",
            "jd": 2460261.9129167,
            "ranr": 69.9916139,
            "decnr": -8.9201397,
            "fid": 1,
            "forcediffimflux": 2230.820068359375,
            "forcediffimfluxunc": 44.60883712768555,
            "magzpsci": 26.25
        },
        {
            "objectid": "ZTF23abomtjc",
            "jd": 2460262.8991204,
            "ranr": 69.9916139,
            "decnr": -8.9201397,
            "fid": 1,
            "forcediffimflux": 2503.802734375,
            "forcediffimfluxunc": 39.22141647338867,
            "magzpsci": 26.27429962158203
        },
        {
            "objectid": "ZTF23abomtjc",
            "jd": 2460268.8375694,
            "ranr": 69.9916139,
            "decnr": -8.9201397,
            "fid": 1,
            "forcediffimflux": 2065.530517578125,
            "forcediffimfluxunc": 48.87870788574219,
            "magzpsci": 26.249399185180664
        },
        {
            "objectid": "ZTF23abomtjc",
            "jd": 2460287.7309028,
            "ranr": 69.9916139,
            "decnr": -8.9201397,
            "fid": 1,
            "forcediffimflux": 421.6584167480469,
            "forcediffimfluxunc": 41.708229064941406,
            "magzpsci": 26.267799377441406
        },
        {
            "objectid": "ZTF23abomtjc",
            "jd": 2460287.7904514,
            "ranr": 69.9910859,
            "decnr": -8.9198943,
            "fid": 2,
            "forcediffimflux": 1445.2188720703125,
            "forcediffimfluxunc": 49.02865219116211,
            "magzpsci": 26.30389976501465
        },
        {
            "objectid": "ZTF23abomtjc",
            "jd": 2460289.7725694,
            "ranr": 69.9916139,
            "decnr": -8.9201397,
            "fid": 1,
            "forcediffimflux": 273.30035400390625,
            "forcediffimfluxunc": 42.25668716430664,
            "magzpsci": 25.942699432373047
        },
        {
            "objectid": "ZTF23abomtjc",
            "jd": 2460291.7136921,
            "ranr": 69.9916139,
            "decnr": -8.9201397,
            "fid": 1,
            "forcediffimflux": 412.7960510253906,
            "forcediffimfluxunc": 30.863800048828125,
            "magzpsci": 26.248199462890625
        },
        {
            "objectid": "ZTF23abomtjc",
            "jd": 2460291.7432639,
            "ranr": 69.9910859,
            "decnr": -8.9198943,
            "fid": 2,
            "forcediffimflux": 1035.8814697265625,
            "forcediffimfluxunc": 56.414859771728516,
            "magzpsci": 26.294099807739258
        },
        {
            "objectid": "ZTF23abomtjc",
            "jd": 2460296.7614468,
            "ranr": 69.9916139,
            "decnr": -8.9201397,
            "fid": 1,
            "forcediffimflux": 237.53611755371094,
            "forcediffimfluxunc": 43.15375900268555,
            "magzpsci": 25.89419937133789
        },
        {
            "objectid": "ZTF23abomtjc",
            "jd": 2460308.6092361,
            "ranr": 69.9901239,
            "decnr": -8.9198328,
            "fid": 2,
            "forcediffimflux": 391.85955810546875,
            "forcediffimfluxunc": 45.25281524658203,
            "magzpsci": 25.832300186157227
        },
        {
            "objectid": "ZTF23abomtjc",
            "jd": 2460308.6306366,
            "ranr": 69.9916139,
            "decnr": -8.9201397,
            "fid": 1,
            "forcediffimflux": 329.7928161621094,
            "forcediffimfluxunc": 28.734600067138672,
            "magzpsci": 26.17690086364746
        },
        {
            "objectid": "ZTF23abomtjc",
            "jd": 2460314.7057176,
            "ranr": 69.9910859,
            "decnr": -8.9198943,
            "fid": 2,
            "forcediffimflux": 626.3370361328125,
            "forcediffimfluxunc": 54.277793884277344,
            "magzpsci": 26.30699920654297
        },
        {
            "objectid": "ZTF23abomtjc",
            "jd": 2460314.7499769,
            "ranr": 69.9916139,
            "decnr": -8.9201397,
            "fid": 1,
            "forcediffimflux": 410.7716369628906,
            "forcediffimfluxunc": 45.835052490234375,
            "magzpsci": 26.283199310302734
        },
        {
            "objectid": "ZTF23abomtjc",
            "jd": 2460318.6566667,
            "ranr": 69.9910859,
            "decnr": -8.9198943,
            "fid": 2,
            "forcediffimflux": 604.9934692382812,
            "forcediffimfluxunc": 55.247474670410156,
            "magzpsci": 26.28890037536621
        },
        {
            "objectid": "ZTF23abomtjc",
            "jd": 2460323.756713,
            "ranr": 69.9901239,
            "decnr": -8.9198328,
            "fid": 2,
            "forcediffimflux": 481.4230651855469,
            "forcediffimfluxunc": 68.95318603515625,
            "magzpsci": 26.1156005859375
        },
        {
            "objectid": "ZTF23abomtjc",
            "jd": 2460323.8420949,
            "ranr": 69.9916139,
            "decnr": -8.9201397,
            "fid": 1,
            "forcediffimflux": 104.56925964355469,
            "forcediffimfluxunc": 93.89604949951172,
            "magzpsci": 26.132200241088867
        },
        {
            "objectid": "ZTF23abomtjc",
            "jd": 2460325.6731944,
            "ranr": 69.9901239,
            "decnr": -8.9198328,
            "fid": 2,
            "forcediffimflux": 536.2706909179688,
            "forcediffimfluxunc": 64.18429565429688,
            "magzpsci": 26.252099990844727
        },
        {
            "objectid": "ZTF23abomtjc",
            "jd": 2460327.6290741,
            "ranr": 69.9916139,
            "decnr": -8.9201397,
            "fid": 1,
            "forcediffimflux": 224.27734375,
            "forcediffimfluxunc": 63.46881103515625,
            "magzpsci": 26.257999420166016
        },
        {
            "objectid": "ZTF23abomtjc",
            "jd": 2460327.683287,
            "ranr": 69.9901239,
            "decnr": -8.9198328,
            "fid": 2,
            "forcediffimflux": 587.2454833984375,
            "forcediffimfluxunc": 62.84544372558594,
            "magzpsci": 26.29640007019043
        },
        {
            "objectid": "ZTF23abomtjc",
            "jd": 2460336.7174306,
            "ranr": 69.9916139,
            "decnr": -8.9201397,
            "fid": 1,
            "forcediffimflux": 120.58628845214844,
            "forcediffimfluxunc": 97.28367614746094,
            "magzpsci": 26.270599365234375
        },
        {
            "objectid": "ZTF23abomtjc",
            "jd": 2460340.7952546,
            "ranr": 69.9901239,
            "decnr": -8.9198328,
            "fid": 2,
            "forcediffimflux": 442.1875305175781,
            "forcediffimfluxunc": 64.34526062011719,
            "magzpsci": 26.219600677490234
        },
        {
            "objectid": "ZTF23abomtjc",
            "jd": 2460351.6452315,
            "ranr": 69.9916139,
            "decnr": -8.9201397,
            "fid": 1,
            "forcediffimflux": 237.30958557128906,
            "forcediffimfluxunc": 50.9161376953125,
            "magzpsci": 26.280399322509766
        },
        {
            "objectid": "ZTF23abomtjc",
            "jd": 2460351.6695023,
            "ranr": 69.9901239,
            "decnr": -8.9198328,
            "fid": 2,
            "forcediffimflux": 334.3448486328125,
            "forcediffimfluxunc": 58.54136657714844,
            "magzpsci": 26.285900115966797
        },
        {
            "objectid": "ZTF23abomtjc",
            "jd": 2460353.6443403,
            "ranr": 69.9901239,
            "decnr": -8.9198328,
            "fid": 2,
            "forcediffimflux": 329.4755554199219,
            "forcediffimfluxunc": 46.70654296875,
            "magzpsci": 26.29319953918457
        }
    ]
}