{
    "objectId": "ZTF20abzqijv",
    "candidates": [
        {
            "candid": 1330424660815015000,
            "jd": 2459084.9246644,
            "ra": 22.252895,
            "dec": -19.1089429,
            "fid": 1,
            "nid": 1330,
            "magpsf": 20.42650032043457,
            "sigmapsf": 0.2704850137233734,
            "magnr": 18.79599952697754,
            "sigmagnr": 0.0820000022649765,
            "magzpsci": 26.157499313354492,
            "isdiffpos": "t",
            "ssdistnr": -999.0,
            "ssnamenr": "-999.0",
            "drb": null
        },
        {
            "candid": 1337429400815015001,
            "jd": 2459091.9294097,
            "ra": 22.2529356,
            "dec": -19.1089206,
            "fid": 1,
            "nid": 1337,
            "magpsf": 19.997600555419922,
            "sigmapsf": 0.2247759997844696,
            "magnr": 18.79599952697754,
            "sigmagnr": 0.0820000022649765,
            "magzpsci": 26.322599411010742,
            "isdiffpos": "t",
            "ssdistnr": -999.0,
            "ssnamenr": "-999.0",
            "drb": null
        },
        {
            "candid": 1338453710815015000,
            "jd": 2459092.9537153,
            "ra": 22.2529626,
            "dec": -19.1091152,
            "fid": 1,
            "nid": 1338,
            "magpsf": 19.675399780273438,
            "sigmapsf": 0.26705700159072876,
            "magnr": 18.79599952697754,
            "sigmagnr": 0.0820000022649765,
            "magzpsci": 26.25040054321289,
            "isdiffpos": "t",
            "ssdistnr": -999.0,
            "ssnamenr": "-999.0",
            "drb": null
        },
        {
            "candid": 1354387330815015000,
            "jd": 2459108.887338,
            "ra": 22.2530003,
            "dec": -19.1089516,
            "fid": 2,
            "nid": 1354,
            "magpsf": 19.556900024414062,
            "sigmapsf": 0.21250100433826447,
            "magnr": 18.27400016784668,
            "sigmagnr": 0.07100000232458115,
            "magzpsci": 25.7908992767334,
            "isdiffpos": "t",
            "ssdistnr": -999.0,
            "ssnamenr": "null",
            "drb": 0.9986580014228821
        },
        {
            "candid": 1357401160815015000,
            "jd": 2459111.901169,
            "ra": 22.2529129,
            "dec": -19.1090029,
            "fid": 2,
            "nid": 1357,
            "magpsf": 19.779399871826172,
            "sigmapsf": 0.15324899554252625,
            "magnr": 18.27400016784668,
            "sigmagnr": 0.07100000232458115,
            "magzpsci": 26.08639907836914,
            "isdiffpos": "t",
            "ssdistnr": -999.0,
            "ssnamenr": "null",
            "drb": 1.0
        },
        {
            "candid": 1360398640815015000,
            "jd": 2459114.8986458,
            "ra": 22.2529391,
            "dec": -19.1089301,
            "fid": 2,
            "nid": 1360,
            "magpsf": 19.85890007019043,
            "sigmapsf": 0.14116999506950378,
            "magnr": 18.27400016784668,
            "sigmagnr": 0.07100000232458115,
            "magzpsci": 26.067899703979492,
            "isdiffpos": "t",
            "ssdistnr": -999.0,
            "ssnamenr": "null",
            "drb": 0.9999709725379944
        },
        {
            "candid": 1361376300815015000,
            "jd": 2459115.8763079,
            "ra": 22.2529578,
            "dec": -19.1089837,
            "fid": 2,
            "nid": 1361,
            "magpsf": 19.805599212646484,
            "sigmapsf": 0.17915000021457672,
            "magnr": 18.27400016784668,
            "sigmagnr": 0.07100000232458115,
            "magzpsci": 26.176599502563477,
            "isdiffpos": "t",
            "ssdistnr": -999.0,
            "ssnamenr": "null",
            "drb": 0.9999960064888
        },
        {
            "candid": 1362378310815015000,
            "jd": 2459116.8783102,
            "ra": 22.252896,
            "dec": -19.1089593,
            "fid": 2,
            "nid": 1362,
            "magpsf": 19.841999053955078,
            "sigmapsf": 0.14303599298000336,
            "magnr": 18.27400016784668,
            "sigmagnr": 0.07100000232458115,
            "magzpsci": 26.187999725341797,
            "isdiffpos": "t",
            "ssdistnr": -999.0,
            "ssnamenr": "null",
            "drb": 0.9999970197677612
        },
        {
            "jd": 2459094.96794,
            "fid": 1,
            "diffmaglim": 18.562999725341797
        },
        {
            "jd": 2459096.92623,
            "fid": 2,
            "diffmaglim": 19.007999420166016
        },
        {
            "jd": 2459099.89612,
            "fid": 1,
            "diffmaglim": 19.062000274658203
        },
        {
            "jd": 2459108.87522,
            "fid": 1,
            "diffmaglim": 19.95199966430664
        }
    ],
    "forcedphot": []
}