{
    "objectId": "ZTF22abllclb",
    "candidates": [
        {
            "candid": 2102423185215015007,
            "jd": 2459856.9231829,
            "ra": 55.6663451,
            "dec": -6.3784511,
            "fid": 1,
            "nid": 2102,
            "magpsf": 20.299100875854492,
            "sigmapsf": 0.23372800648212433,
            "magnr": 19.367000579833984,
            "sigmagnr": 0.11599999666213989,
            "magzpsci": 26.265100479125977,
            "isdiffpos": "t",
            "ssdistnr": null,
            "ssnamenr": null,
            "drb": null
        },
        {
            "candid": 2104362175215015003,
            "jd": 2459858.8621759,
            "ra": 55.6663052,
            "dec": -6.3783649,
            "fid": 2,
            "nid": 2104,
            "magpsf": 19.34269905090332,
            "sigmapsf": 0.1295129954814911,
            "magnr": 19.08300018310547,
            "sigmagnr": 0.1080000028014183,
            "magzpsci": 26.172700881958008,
            "isdiffpos": "t",
            "ssdistnr": null,
            "ssnamenr": null,
            "drb": null
        },
        {
            "candid": 2104440135215015011,
            "jd": 2459858.9401389,
            "ra": 55.6663453,
            "dec": -6.3783924,
            "fid": 1,
            "nid": 2104,
            "magpsf": 19.577600479125977,
            "sigmapsf": 0.1184300035238266,
            "magnr": 19.367000579833984,
            "sigmagnr": 0.11599999666213989,
            "magzpsci": 26.28059959411621,
            "isdiffpos": "t",
            "ssdistnr": null,
            "ssnamenr": null,
            "drb": null
        },
        {
            "candid": 2106478095215015002,
            "jd": 2459860.9780903,
            "ra": 55.6663772,
            "dec": -6.3783759,
            "fid": 1,
            "nid": 2106,
            "magpsf": 19.01449966430664,
            "sigmapsf": 0.12113399803638458,
            "magnr": 19.367000579833984,
            "sigmagnr": 0.11599999666213989,
            "magzpsci": 26.258499145507812,
            "isdiffpos": "t",
            "ssdistnr": null,
            "ssnamenr": null,
            "drb": null
        },
        {
            "candid": 2108397325215015002,
            "jd": 2459862.8973264,
            "ra": 55.6663383,
            "dec": -6.3784461,
            "fid": 1,
            "nid": 2108,
            "magpsf": 18.521799087524414,
            "sigmapsf": 0.14780199527740479,
            "magnr": 19.367000579833984,
            "sigmagnr": 0.11599999666213989,
            "magzpsci": 26.280799865722656,
            "isdiffpos": "t",
            "ssdistnr": null,
            "ssnamenr": null,
            "drb": null
        },
        {
            "candid": 2108441665215015004,
            "jd": 2459862.9416667,
            "ra": 55.6663593,
            "dec": -6.3783397,
            "fid": 2,
            "nid": 2108,
            "magpsf": 18.486099243164062,
            "sigmapsf": 0.11078999936580658,
            "magnr": 19.08300018310547,
            "sigmagnr": 0.1080000028014183,
            "magzpsci": 26.21310043334961,
            "isdiffpos": "t",
            "ssdistnr": null,
            "ssnamenr": null,
            "drb": null
        },
        {
            "candid": 2110373805215015003,
            "jd": 2459864.8738079,
            "ra": 55.666374,
            "dec": -6.3783755,
            "fid": 2,
            "nid": 2110,
            "magpsf": 18.400299072265625,
            "sigmapsf": 0.0991630032658577,
            "magnr": 19.08300018310547,
            "sigmagnr": 0.1080000028014183,
            "magzpsci": 26.183300018310547,
            "isdiffpos": "t",
            "ssdistnr": null,
            "ssnamenr": null,
            "drb": null
        },
        {
            "candid": 2110409215215015001,
            "jd": 2459864.909213,
            "ra": 55.666341,
            "dec": -6.3783967,
            "fid": 1,
            "nid": 2110,
            "magpsf": 18.34469985961914,
            "sigmapsf": 0.11526499688625336,
            "magnr": 19.367000579833984,
            "sigmagnr": 0.11599999666213989,
            "magzpsci": 26.233699798583984,
            "isdiffpos": "t",
            "ssdistnr": null,
            "ssnamenr": null,
            "drb": null
        },
        {
            "candid": 2112377095215015003,
            "jd": 2459866.8770949,
            "ra": 55.6663432,
            "dec": -6.3783832,
            "fid": 2,
            "nid": 2112,
            "magpsf": 18.395200729370117,
            "sigmapsf": 0.08016599714756012,
            "magnr": 19.08300018310547,
            "sigmagnr": 0.1080000028014183,
            "magzpsci": 26.22920036315918,
            "isdiffpos": "t",
            "ssdistnr": null,
            "ssnamenr": null,
            "drb": null
        },
        {
            "candid": 2112441925215015002,
            "jd": 2459866.9419213,
            "ra": 55.666311,
            "dec": -6.378413,
            "fid": 1,
            "nid": 2112,
            "magpsf": 18.53179931640625,
            "sigmapsf": 0.0987740010023117,
            "magnr": 19.367000579833984,
            "sigmagnr": 0.11599999666213989,
            "magzpsci": 26.278799057006836,
            "isdiffpos": "t",
            "ssdistnr": null,
            "ssnamenr": null,
            "drb": null
        },
        {
            "candid": 2117399515215015001,
            "jd": 2459871.8995139,
            "ra": 55.6663719,
            "dec": -6.3784074,
            "fid": 2,
            "nid": 2117,
            "magpsf": 18.728200912475586,
            "sigmapsf": 0.12662899494171143,
            "magnr": 19.08300018310547,
            "sigmagnr": 0.1080000028014183,
            "magzpsci": 26.2101993560791,
            "isdiffpos": "t",
            "ssdistnr": null,
            "ssnamenr": null,
            "drb": null
        },
        {
            "candid": 2119332075215015037,
            "jd": 2459873.8320718,
            "ra": 55.6663364,
            "dec": -6.3783795,
            "fid": 2,
            "nid": 2119,
            "magpsf": 18.843299865722656,
            "sigmapsf": 0.11428400129079819,
            "magnr": 19.08300018310547,
            "sigmagnr": 0.1080000028014183,
            "magzpsci": 25.616300582885742,
            "isdiffpos": "t",
            "ssdistnr": null,
            "ssnamenr": null,
            "drb": null
        },
        {
            "candid": 2122381585215015004,
            "jd": 2459876.8815856,
            "ra": 55.6663646,
            "dec": -6.3784234,
            "fid": 2,
            "nid": 2122,
            "magpsf": 18.927000045776367,
            "sigmapsf": 0.11837799847126007,
            "magnr": 19.08300018310547,
            "sigmagnr": 0.1080000028014183,
            "magzpsci": 26.201000213623047,
            "isdiffpos": "t",
            "ssdistnr": null,
            "ssnamenr": null,
            "drb": null
        },
        {
            "candid": 2122426655215015003,
            "jd": 2459876.9266551,
            "ra": 55.6663918,
            "dec": -6.3785572,
            "fid": 1,
            "nid": 2122,
            "magpsf": 19.971799850463867,
            "sigmapsf": 0.23436899483203888,
            "magnr": 19.367000579833984,
            "sigmagnr": 0.11599999666213989,
            "magzpsci": 26.262800216674805,
            "isdiffpos": "t",
            "ssdistnr": null,
            "ssnamenr": null,
            "drb": null
        },
        {
            "candid": 2124327685215015002,
            "jd": 2459878.8276852,
            "ra": 55.6663056,
            "dec": -6.3783898,
            "fid": 2,
            "nid": 2124,
            "magpsf": 18.907699584960938,
            "sigmapsf": 0.08452600240707397,
            "magnr": 19.08300018310547,
            "sigmagnr": 0.1080000028014183,
            "magzpsci": 26.213699340820312,
            "isdiffpos": "t",
            "ssdistnr": null,
            "ssnamenr": null,
            "drb": null
        },
        {
            "candid": 2126339715215015003,
            "jd": 2459880.8397106,
            "ra": 55.6663524,
            "dec": -6.3783932,
            "fid": 2,
            "nid": 2126,
            "magpsf": 18.967300415039062,
            "sigmapsf": 0.12078899890184402,
            "magnr": 19.08300018310547,
            "sigmagnr": 0.1080000028014183,
            "magzpsci": 26.21030044555664,
            "isdiffpos": "t",
            "ssdistnr": null,
            "ssnamenr": null,
            "drb": null
        },
        {
            "candid": 2126368115215015004,
            "jd": 2459880.8681134,
            "ra": 55.6663402,
            "dec": -6.3785379,
            "fid": 1,
            "nid": 2126,
            "magpsf": 19.8799991607666,
            "sigmapsf": 0.2119549959897995,
            "magnr": 19.367000579833984,
            "sigmagnr": 0.11599999666213989,
            "magzpsci": 26.28700065612793,
            "isdiffpos": "t",
            "ssdistnr": null,
            "ssnamenr": null,
            "drb": null
        },
        {
            "candid": 2128355945215015003,
            "jd": 2459882.8559491,
            "ra": 55.6663843,
            "dec": -6.3783529,
            "fid": 2,
            "nid": 2128,
            "magpsf": 19.098499298095703,
            "sigmapsf": 0.13214600086212158,
            "magnr": 19.08300018310547,
            "sigmagnr": 0.1080000028014183,
            "magzpsci": 25.999500274658203,
            "isdiffpos": "t",
            "ssdistnr": null,
            "ssnamenr": null,
            "drb": null
        },
        {
            "candid": 2128388875215015004,
            "jd": 2459882.8888773,
            "ra": 55.6663859,
            "dec": -6.3783424,
            "fid": 1,
            "nid": 2128,
            "magpsf": 19.912729263305664,
            "sigmapsf": 0.21598419547080994,
            "magnr": 19.367000579833984,
            "sigmagnr": 0.11599999666213989,
            "magzpsci": 25.955730438232422,
            "isdiffpos": "t",
            "ssdistnr": -999.0,
            "ssnamenr": "null",
            "drb": null
        },
        {
            "jd": 2459829.9608218,
            "fid": 2,
            "diffmaglim": 20.345699310302734
        },
        {
            "jd": 2459829.9893403,
            "fid": 1,
            "diffmaglim": 20.390100479125977
        },
        {
            "jd": 2459840.9824074,
            "fid": 1,
            "diffmaglim": 20.347999572753906
        },
        {
            "jd": 2459844.9411343,
            "fid": 1,
            "diffmaglim": 20.099199295043945
        },
        {
            "jd": 2459845.0001042,
            "fid": 2,
            "diffmaglim": 20.18549919128418
        },
        {
            "jd": 2459847.9401852,
            "fid": 2,
            "diffmaglim": 20.2460994720459
        },
        {
            "jd": 2459849.9596991,
            "fid": 1,
            "diffmaglim": 20.566699981689453
        },
        {
            "jd": 2459851.9913657,
            "fid": 1,
            "diffmaglim": 20.36050033569336
        },
        {
            "jd": 2459854.943044,
            "fid": 2,
            "diffmaglim": 20.493200302124023
        },
        {
            "jd": 2459856.9044329,
            "fid": 2,
            "diffmaglim": 20.02989959716797
        },
        {
            "jd": 2459869.8628935,
            "fid": 2,
            "diffmaglim": 19.79400062561035
        },
        {
            "jd": 2459869.8974537,
            "fid": 1,
            "diffmaglim": 19.941699981689453
        },
        {
            "jd": 2459873.8977546,
            "fid": 1,
            "diffmaglim": 20.210100173950195
        }
    ],
    "forcedphot": []
}