{
    "objectId": "ZTF24abhsqly",
    "candidates": [
        {
            "candid": 2812337472915015005,
            "jd": 2460566.8374769,
            "ra": 355.3311132,
            "dec": 4.0176338,
            "fid": 1,
            "nid": 2812,
            "magpsf": 19.861000061035156,
            "sigmapsf": 0.231222003698349,
            "magnr": 17.70199966430664,
            "sigmagnr": 0.09399999678134918,
            "magzpsci": 25.83099937438965,
            "isdiffpos": "t",
            "ssdistnr": null,
            "ssnamenr": null,
            "drb": null
        },
        {
            "candid": 2815260112915015001,
            "jd": 2460569.7601157,
            "ra": 355.3310722,
            "dec": 4.0175503,
            "fid": 1,
            "nid": 2815,
            "magpsf": 19.189300537109375,
            "sigmapsf": 0.1851850003004074,
            "magnr": 17.70199966430664,
            "sigmagnr": 0.09399999678134918,
            "magzpsci": 26.331300735473633,
            "isdiffpos": "t",
            "ssdistnr": null,
            "ssnamenr": null,
            "drb": null
        },
        {
            "candid": 2821276632915015010,
            "jd": 2460575.7766319,
            "ra": 355.3311212,
            "dec": 4.0175575,
            "fid": 1,
            "nid": 2821,
            "magpsf": 18.213699340820312,
            "sigmapsf": 0.07158300280570984,
            "magnr": 17.70199966430664,
            "sigmagnr": 0.09399999678134918,
            "magzpsci": 26.32670021057129,
            "isdiffpos": "t",
            "ssdistnr": null,
            "ssnamenr": null,
            "drb": null
        },
        {
            "candid": 2822258312915015007,
            "jd": 2460576.7583102,
            "ra": 355.3311359,
            "dec": 4.0175425,
            "fid": 1,
            "nid": 2822,
            "magpsf": 18.204299926757812,
            "sigmapsf": 0.07338300347328186,
            "magnr": 17.70199966430664,
            "sigmagnr": 0.09399999678134918,
            "magzpsci": 26.2893009185791,
            "isdiffpos": "t",
            "ssdistnr": null,
            "ssnamenr": null,
            "drb": null
        },
        {
            "candid": 2823347532915015010,
            "jd": 2460577.8475347,
            "ra": 355.3311422,
            "dec": 4.0175387,
            "fid": 1,
            "nid": 2823,
            "magpsf": 18.18090057373047,
            "sigmapsf": 0.07064200192689896,
            "magnr": 17.70199966430664,
            "sigmagnr": 0.09399999678134918,
            "magzpsci": 26.287900924682617,
            "isdiffpos": "t",
            "ssdistnr": null,
            "ssnamenr": null,
            "drb": null
        },
        {
            "candid": 2824394352915015010,
            "jd": 2460578.8943519,
            "ra": 355.3311088,
            "dec": 4.0175394,
            "fid": 1,
            "nid": 2824,
            "magpsf": 18.275299072265625,
            "sigmapsf": 0.055296000093221664,
            "magnr": 17.70199966430664,
            "sigmagnr": 0.09399999678134918,
            "magzpsci": 26.249300003051758,
            "isdiffpos": "t",
            "ssdistnr": null,
            "ssnamenr": null,
            "drb": null
        },
        {
            "candid": 2826470112915015008,
            "jd": 2460580.9701157,
            "ra": 355.3311221,
            "dec": 4.0175531,
            "fid": 1,
            "nid": 2826,
            "magpsf": 18.238000869750977,
            "sigmapsf": 0.09276700019836426,
            "magnr": 17.70199966430664,
            "sigmagnr": 0.09399999678134918,
            "magzpsci": 26.038999557495117,
            "isdiffpos": "t",
            "ssdistnr": null,
            "ssnamenr": null,
            "drb": null
        },
        {
            "candid": 2832123782915015029,
            "jd": 2460586.6237847,
            "ra": 355.3311233,
            "dec": 4.017591,
            "fid": 2,
            "nid": 2832,
            "magpsf": 17.605899810791016,
            "sigmapsf": 0.03383399918675423,
            "magnr": 16.608999252319336,
            "sigmagnr": 0.08900000154972076,
            "magzpsci": 27.995899200439453,
            "isdiffpos": "t",
            "ssdistnr": null,
            "ssnamenr": null,
            "drb": null
        },
        {
            "candid": 2832164742915015022,
            "jd": 2460586.6647454,
            "ra": 355.3311327,
            "dec": 4.0175575,
            "fid": 1,
            "nid": 2832,
            "magpsf": 18.850400924682617,
            "sigmapsf": 0.04343299940228462,
            "magnr": 17.70199966430664,
            "sigmagnr": 0.09399999678134918,
            "magzpsci": 28.002399444580078,
            "isdiffpos": "t",
            "ssdistnr": null,
            "ssnamenr": null,
            "drb": null
        },
        {
            "candid": 2832186822915015028,
            "jd": 2460586.6868287,
            "ra": 355.331123,
            "dec": 4.0175793,
            "fid": 2,
            "nid": 2832,
            "magpsf": 17.60409927368164,
            "sigmapsf": 0.03150799870491028,
            "magnr": 16.608999252319336,
            "sigmagnr": 0.08900000154972076,
            "magzpsci": 28.103099822998047,
            "isdiffpos": "t",
            "ssdistnr": null,
            "ssnamenr": null,
            "drb": null
        },
        {
            "candid": 2832210202915015024,
            "jd": 2460586.7102083,
            "ra": 355.3311299,
            "dec": 4.0175513,
            "fid": 1,
            "nid": 2832,
            "magpsf": 18.810100555419922,
            "sigmapsf": 0.04282600060105324,
            "magnr": 17.70199966430664,
            "sigmagnr": 0.09399999678134918,
            "magzpsci": 28.06410026550293,
            "isdiffpos": "t",
            "ssdistnr": null,
            "ssnamenr": null,
            "drb": null
        },
        {
            "candid": 2832233482915015023,
            "jd": 2460586.7334838,
            "ra": 355.3311198,
            "dec": 4.0175812,
            "fid": 2,
            "nid": 2832,
            "magpsf": 17.63089942932129,
            "sigmapsf": 0.026159999892115593,
            "magnr": 16.608999252319336,
            "sigmagnr": 0.08900000154972076,
            "magzpsci": 28.118900299072266,
            "isdiffpos": "t",
            "ssdistnr": null,
            "ssnamenr": null,
            "drb": null
        },
        {
            "candid": 2832256772915015019,
            "jd": 2460586.7567708,
            "ra": 355.3311223,
            "dec": 4.0175859,
            "fid": 1,
            "nid": 2832,
            "magpsf": 18.881999969482422,
            "sigmapsf": 0.0509909987449646,
            "magnr": 17.70199966430664,
            "sigmagnr": 0.09399999678134918,
            "magzpsci": 28.097999572753906,
            "isdiffpos": "t",
            "ssdistnr": null,
            "ssnamenr": null,
            "drb": null
        },
        {
            "candid": 2832280032915015027,
            "jd": 2460586.7800347,
            "ra": 355.3311197,
            "dec": 4.0175767,
            "fid": 2,
            "nid": 2832,
            "magpsf": 17.679000854492188,
            "sigmapsf": 0.030222000554203987,
            "magnr": 16.608999252319336,
            "sigmagnr": 0.08900000154972076,
            "magzpsci": 28.138999938964844,
            "isdiffpos": "t",
            "ssdistnr": null,
            "ssnamenr": null,
            "drb": null
        },
        {
            "candid": 2832303292915015027,
            "jd": 2460586.8032986,
            "ra": 355.3311258,
            "dec": 4.0175716,
            "fid": 1,
            "nid": 2832,
            "magpsf": 18.82740020751953,
            "sigmapsf": 0.04057500138878822,
            "magnr": 17.70199966430664,
            "sigmagnr": 0.09399999678134918,
            "magzpsci": 28.1033992767334,
            "isdiffpos": "t",
            "ssdistnr": null,
            "ssnamenr": null,
            "drb": null
        },
        {
            "candid": 2832326552915015022,
            "jd": 2460586.8265509,
            "ra": 355.3311232,
            "dec": 4.0175784,
            "fid": 2,
            "nid": 2832,
            "magpsf": 17.596399307250977,
            "sigmapsf": 0.029819000512361526,
            "magnr": 16.608999252319336,
            "sigmagnr": 0.08900000154972076,
            "magzpsci": 28.139400482177734,
            "isdiffpos": "t",
            "ssdistnr": null,
            "ssnamenr": null,
            "drb": null
        },
        {
            "candid": 2832349842915015033,
            "jd": 2460586.8498495,
            "ra": 355.3311054,
            "dec": 4.0175918,
            "fid": 1,
            "nid": 2832,
            "magpsf": 18.78860092163086,
            "sigmapsf": 0.036052998155355453,
            "magnr": 17.70199966430664,
            "sigmagnr": 0.09399999678134918,
            "magzpsci": 28.090599060058594,
            "isdiffpos": "t",
            "ssdistnr": null,
            "ssnamenr": null,
            "drb": null
        },
        {
            "candid": 2832373132915015027,
            "jd": 2460586.8731366,
            "ra": 355.3311198,
            "dec": 4.0175753,
            "fid": 2,
            "nid": 2832,
            "magpsf": 17.6387996673584,
            "sigmapsf": 0.027379000559449196,
            "magnr": 16.608999252319336,
            "sigmagnr": 0.08900000154972076,
            "magzpsci": 28.12179946899414,
            "isdiffpos": "t",
            "ssdistnr": null,
            "ssnamenr": null,
            "drb": null
        },
        {
            "candid": 2832396492915015021,
            "jd": 2460586.8964931,
            "ra": 355.3311292,
            "dec": 4.0175738,
            "fid": 1,
            "nid": 2832,
            "magpsf": 18.796100616455078,
            "sigmapsf": 0.04532099887728691,
            "magnr": 17.70199966430664,
            "sigmagnr": 0.09399999678134918,
            "magzpsci": 28.002099990844727,
            "isdiffpos": "t",
            "ssdistnr": null,
            "ssnamenr": null,
            "drb": null
        },
        {
            "candid": 2832419882915015029,
            "jd": 2460586.9198843,
            "ra": 355.331114,
            "dec": 4.0175912,
            "fid": 2,
            "nid": 2832,
            "magpsf": 17.60740089416504,
            "sigmapsf": 0.03526199981570244,
            "magnr": 16.608999252319336,
            "sigmagnr": 0.08900000154972076,
            "magzpsci": 28.058399200439453,
            "isdiffpos": "t",
            "ssdistnr": null,
            "ssnamenr": null,
            "drb": null
        },
        {
            "candid": 2832443352915015023,
            "jd": 2460586.9433565,
            "ra": 355.3311211,
            "dec": 4.0175755,
            "fid": 1,
            "nid": 2832,
            "magpsf": 18.79840087890625,
            "sigmapsf": 0.04808700084686279,
            "magnr": 17.70199966430664,
            "sigmagnr": 0.09399999678134918,
            "magzpsci": 27.83139991760254,
            "isdiffpos": "t",
            "ssdistnr": null,
            "ssnamenr": null,
            "drb": null
        },
        {
            "candid": 2832466882915015022,
            "jd": 2460586.9668866,
            "ra": 355.3311357,
            "dec": 4.0176018,
            "fid": 2,
            "nid": 2832,
            "magpsf": 17.538299560546875,
            "sigmapsf": 0.03533399850130081,
            "magnr": 16.608999252319336,
            "sigmagnr": 0.08900000154972076,
            "magzpsci": 27.8523006439209,
            "isdiffpos": "t",
            "ssdistnr": null,
            "ssnamenr": null,
            "drb": null
        },
        {
            "candid": 2838216342915015013,
            "jd": 2460592.7163426,
            "ra": 355.3311175,
            "dec": 4.0175984,
            "fid": 1,
            "nid": 2838,
            "magpsf": 19.388700485229492,
            "sigmapsf": 0.12210000306367874,
            "magnr": 17.70199966430664,
            "sigmagnr": 0.09399999678134918,
            "magzpsci": 26.310699462890625,
            "isdiffpos": "t",
            "ssdistnr": null,
            "ssnamenr": null,
            "drb": null
        },
        {
            "candid": 2840322802915015018,
            "jd": 2460594.8228009,
            "ra": 355.3311664,
            "dec": 4.0174783,
            "fid": 1,
            "nid": 2840,
            "magpsf": 19.80344009399414,
            "sigmapsf": 0.17122550308704376,
            "magnr": 17.70199966430664,
            "sigmagnr": 0.09399999678134918,
            "magzpsci": 26.302440643310547,
            "isdiffpos": "t",
            "ssdistnr": -999.0,
            "ssnamenr": "null",
            "drb": null
        },
        {
            "jd": 2460545.8415741,
            "fid": 1,
            "diffmaglim": 19.58930015563965
        },
        {
            "jd": 2460545.8895255,
            "fid": 2,
            "diffmaglim": 19.707300186157227
        },
        {
            "jd": 2460548.8165046,
            "fid": 1,
            "diffmaglim": 20.167400360107422
        },
        {
            "jd": 2460548.8838657,
            "fid": 2,
            "diffmaglim": 20.36720085144043
        },
        {
            "jd": 2460550.8287963,
            "fid": 1,
            "diffmaglim": 20.743099212646484
        },
        {
            "jd": 2460550.9106481,
            "fid": 2,
            "diffmaglim": 20.50149917602539
        },
        {
            "jd": 2460552.8608912,
            "fid": 2,
            "diffmaglim": 20.59670066833496
        },
        {
            "jd": 2460552.8994676,
            "fid": 1,
            "diffmaglim": 20.77899932861328
        },
        {
            "jd": 2460555.8072801,
            "fid": 1,
            "diffmaglim": 20.526100158691406
        },
        {
            "jd": 2460555.874456,
            "fid": 2,
            "diffmaglim": 20.595800399780273
        },
        {
            "jd": 2460557.8035532,
            "fid": 2,
            "diffmaglim": 20.52910041809082
        },
        {
            "jd": 2460557.8582176,
            "fid": 1,
            "diffmaglim": 20.68120002746582
        },
        {
            "jd": 2460559.7666319,
            "fid": 2,
            "diffmaglim": 20.34950065612793
        },
        {
            "jd": 2460559.8048727,
            "fid": 1,
            "diffmaglim": 20.356800079345703
        },
        {
            "jd": 2460561.9029282,
            "fid": 1,
            "diffmaglim": 20.00629997253418
        },
        {
            "jd": 2460561.927419,
            "fid": 2,
            "diffmaglim": 19.70240020751953
        },
        {
            "jd": 2460564.7909838,
            "fid": 1,
            "diffmaglim": 20.40239906311035
        },
        {
            "jd": 2460566.8585995,
            "fid": 2,
            "diffmaglim": 19.991899490356445
        },
        {
            "jd": 2460569.8159954,
            "fid": 2,
            "diffmaglim": 19.597900390625
        },
        {
            "jd": 2460575.7515394,
            "fid": 3,
            "diffmaglim": 19.914600372314453
        },
        {
            "jd": 2460575.837963,
            "fid": 2,
            "diffmaglim": 19.965299606323242
        },
        {
            "jd": 2460576.7264468,
            "fid": 2,
            "diffmaglim": 20.25029945373535
        },
        {
            "jd": 2460576.8192708,
            "fid": 3,
            "diffmaglim": 19.875499725341797
        },
        {
            "jd": 2460577.7677083,
            "fid": 2,
            "diffmaglim": 20.516799926757812
        },
        {
            "jd": 2460577.8365972,
            "fid": 3,
            "diffmaglim": 19.811599731445312
        },
        {
            "jd": 2460578.8411921,
            "fid": 2,
            "diffmaglim": 20.451000213623047
        },
        {
            "jd": 2460580.9321412,
            "fid": 2,
            "diffmaglim": 20.02750015258789
        },
        {
            "jd": 2460582.8441782,
            "fid": 2,
            "diffmaglim": 20.564199447631836
        },
        {
            "jd": 2460592.7330787,
            "fid": 2,
            "diffmaglim": 20.585100173950195
        },
        {
            "jd": 2460594.7067361,
            "fid": 2,
            "diffmaglim": 19.958200454711914
        }
    ],
    "forcedphot": [
        {
            "objectid": "ZTF24abhsqly",
            "jd": 2460540.8727662,
            "ranr": -99999.0,
            "decnr": -99999.0,
            "fid": 1,
            "forcediffimflux": -99999.0,
            "forcediffimfluxunc": -99999.0,
            "magzpsci": 26.29050064086914
        },
        {
            "objectid": "ZTF24abhsqly",
            "jd": 2460540.8994097,
            "ranr": -99999.0,
            "decnr": -99999.0,
            "fid": 2,
            "forcediffimflux": -99999.0,
            "forcediffimfluxunc": -99999.0,
            "magzpsci": 26.265199661254883
        },
        {
            "objectid": "ZTF24abhsqly",
            "jd": 2460545.8415741,
            "ranr": 355.3311319,
            "decnr": 4.0176895,
            "fid": 1,
            "forcediffimflux": -115.27096557617188,
            "forcediffimfluxunc": 62.33391189575195,
            "magzpsci": 26.338699340820312
        },
        {
            "objectid": "ZTF24abhsqly",
            "jd": 2460545.891412,
            "ranr": -99999.0,
            "decnr": -99999.0,
            "fid": 2,
            "forcediffimflux": -99999.0,
            "forcediffimfluxunc": -99999.0,
            "magzpsci": 26.281200408935547
        },
        {
            "objectid": "ZTF24abhsqly",
            "jd": 2460548.8165046,
            "ranr": 355.3311319,
            "decnr": 4.0176895,
            "fid": 1,
            "forcediffimflux": -33.3420524597168,
            "forcediffimfluxunc": 37.79210662841797,
            "magzpsci": 26.297199249267578
        },
        {
            "objectid": "ZTF24abhsqly",
            "jd": 2460548.8838657,
            "ranr": 355.3312484,
            "decnr": 4.0176405,
            "fid": 2,
            "forcediffimflux": -96.8341293334961,
            "forcediffimfluxunc": 37.68077087402344,
            "magzpsci": 26.2637996673584
        },
        {
            "objectid": "ZTF24abhsqly",
            "jd": 2460550.830706,
            "ranr": -99999.0,
            "decnr": -99999.0,
            "fid": 1,
            "forcediffimflux": -99999.0,
            "forcediffimfluxunc": -99999.0,
            "magzpsci": 26.277999877929688
        },
        {
            "objectid": "ZTF24abhsqly",
            "jd": 2460550.9106481,
            "ranr": 355.3312484,
            "decnr": 4.0176405,
            "fid": 2,
            "forcediffimflux": -58.230342864990234,
            "forcediffimfluxunc": 34.68750762939453,
            "magzpsci": 26.300500869750977
        },
        {
            "objectid": "ZTF24abhsqly",
            "jd": 2460552.8608912,
            "ranr": 355.3312484,
            "decnr": 4.0176405,
            "fid": 2,
            "forcediffimflux": -77.00550079345703,
            "forcediffimfluxunc": 30.22832489013672,
            "magzpsci": 26.297199249267578
        },
        {
            "objectid": "ZTF24abhsqly",
            "jd": 2460552.8994676,
            "ranr": 355.3311319,
            "decnr": 4.0176895,
            "fid": 1,
            "forcediffimflux": -28.740047454833984,
            "forcediffimfluxunc": 24.221899032592773,
            "magzpsci": 26.309499740600586
        },
        {
            "objectid": "ZTF24abhsqly",
            "jd": 2460555.8072801,
            "ranr": 355.3311319,
            "decnr": 4.0176895,
            "fid": 1,
            "forcediffimflux": -8.716910362243652,
            "forcediffimfluxunc": 27.62062644958496,
            "magzpsci": 26.308700561523438
        },
        {
            "objectid": "ZTF24abhsqly",
            "jd": 2460555.874456,
            "ranr": 355.3312484,
            "decnr": 4.0176405,
            "fid": 2,
            "forcediffimflux": -173.1012420654297,
            "forcediffimfluxunc": 31.263669967651367,
            "magzpsci": 26.282800674438477
        },
        {
            "objectid": "ZTF24abhsqly",
            "jd": 2460557.8159259,
            "ranr": -99999.0,
            "decnr": -99999.0,
            "fid": 2,
            "forcediffimflux": -99999.0,
            "forcediffimfluxunc": -99999.0,
            "magzpsci": 26.2012996673584
        },
        {
            "objectid": "ZTF24abhsqly",
            "jd": 2460557.8736921,
            "ranr": -99999.0,
            "decnr": -99999.0,
            "fid": 1,
            "forcediffimflux": -99999.0,
            "forcediffimfluxunc": -99999.0,
            "magzpsci": 26.262100219726562
        },
        {
            "objectid": "ZTF24abhsqly",
            "jd": 2460559.7671065,
            "ranr": -99999.0,
            "decnr": -99999.0,
            "fid": 2,
            "forcediffimflux": -99999.0,
            "forcediffimfluxunc": -99999.0,
            "magzpsci": 26.188600540161133
        },
        {
            "objectid": "ZTF24abhsqly",
            "jd": 2460559.8053356,
            "ranr": -99999.0,
            "decnr": -99999.0,
            "fid": 1,
            "forcediffimflux": -99999.0,
            "forcediffimfluxunc": -99999.0,
            "magzpsci": 26.165000915527344
        },
        {
            "objectid": "ZTF24abhsqly",
            "jd": 2460561.9029282,
            "ranr": 355.3311319,
            "decnr": 4.0176895,
            "fid": 1,
            "forcediffimflux": 120.32994842529297,
            "forcediffimfluxunc": 30.836732864379883,
            "magzpsci": 25.89590072631836
        },
        {
            "objectid": "ZTF24abhsqly",
            "jd": 2460561.927419,
            "ranr": 355.3312484,
            "decnr": 4.0176405,
            "fid": 2,
            "forcediffimflux": 165.5482940673828,
            "forcediffimfluxunc": 47.714927673339844,
            "magzpsci": 26.025800704956055
        },
        {
            "objectid": "ZTF24abhsqly",
            "jd": 2460564.7909838,
            "ranr": 355.3311319,
            "decnr": 4.0176895,
            "fid": 1,
            "forcediffimflux": 138.09339904785156,
            "forcediffimfluxunc": 34.43350601196289,
            "magzpsci": 26.326400756835938
        },
        {
            "objectid": "ZTF24abhsqly",
            "jd": 2460564.844919,
            "ranr": -99999.0,
            "decnr": -99999.0,
            "fid": 2,
            "forcediffimflux": -99999.0,
            "forcediffimfluxunc": -99999.0,
            "magzpsci": 26.26110076904297
        },
        {
            "objectid": "ZTF24abhsqly",
            "jd": 2460566.8374769,
            "ranr": 355.3311319,
            "decnr": 4.0176895,
            "fid": 1,
            "forcediffimflux": 233.1696319580078,
            "forcediffimfluxunc": 34.22502517700195,
            "magzpsci": 25.83099937438965
        },
        {
            "objectid": "ZTF24abhsqly",
            "jd": 2460566.8809375,
            "ranr": -99999.0,
            "decnr": -99999.0,
            "fid": 2,
            "forcediffimflux": -99999.0,
            "forcediffimfluxunc": -99999.0,
            "magzpsci": 26.015300750732422
        },
        {
            "objectid": "ZTF24abhsqly",
            "jd": 2460569.7743403,
            "ranr": -99999.0,
            "decnr": -99999.0,
            "fid": 1,
            "forcediffimflux": -99999.0,
            "forcediffimfluxunc": -99999.0,
            "magzpsci": 26.26810073852539
        },
        {
            "objectid": "ZTF24abhsqly",
            "jd": 2460569.8174074,
            "ranr": -99999.0,
            "decnr": -99999.0,
            "fid": 2,
            "forcediffimflux": -99999.0,
            "forcediffimfluxunc": -99999.0,
            "magzpsci": 26.261499404907227
        },
        {
            "objectid": "ZTF24abhsqly",
            "jd": 2460572.7949537,
            "ranr": -99999.0,
            "decnr": -99999.0,
            "fid": 2,
            "forcediffimflux": -99999.0,
            "forcediffimfluxunc": -99999.0,
            "magzpsci": 26.287399291992188
        },
        {
            "objectid": "ZTF24abhsqly",
            "jd": 2460572.8179167,
            "ranr": -99999.0,
            "decnr": -99999.0,
            "fid": 1,
            "forcediffimflux": -99999.0,
            "forcediffimfluxunc": -99999.0,
            "magzpsci": 26.290300369262695
        },
        {
            "objectid": "ZTF24abhsqly",
            "jd": 2460575.7515394,
            "ranr": 355.3311728,
            "decnr": 4.0175341,
            "fid": 3,
            "forcediffimflux": 1601.7645263671875,
            "forcediffimfluxunc": 38.9070930480957,
            "magzpsci": 25.731599807739258
        },
        {
            "objectid": "ZTF24abhsqly",
            "jd": 2460575.7756829,
            "ranr": -99999.0,
            "decnr": -99999.0,
            "fid": 1,
            "forcediffimflux": -99999.0,
            "forcediffimfluxunc": -99999.0,
            "magzpsci": 26.273399353027344
        },
        {
            "objectid": "ZTF24abhsqly",
            "jd": 2460575.7766319,
            "ranr": 355.3311319,
            "decnr": 4.0176895,
            "fid": 1,
            "forcediffimflux": 1794.0198974609375,
            "forcediffimfluxunc": 49.202152252197266,
            "magzpsci": 26.32670021057129
        },
        {
            "objectid": "ZTF24abhsqly",
            "jd": 2460575.837963,
            "ranr": 355.3312484,
            "decnr": 4.0176405,
            "fid": 2,
            "forcediffimflux": 3098.558349609375,
            "forcediffimfluxunc": 53.330657958984375,
            "magzpsci": 26.28820037841797
        },
        {
            "objectid": "ZTF24abhsqly",
            "jd": 2460576.7269213,
            "ranr": -99999.0,
            "decnr": -99999.0,
            "fid": 2,
            "forcediffimflux": -99999.0,
            "forcediffimfluxunc": -99999.0,
            "magzpsci": 26.218599319458008
        },
        {
            "objectid": "ZTF24abhsqly",
            "jd": 2460576.756875,
            "ranr": -99999.0,
            "decnr": -99999.0,
            "fid": 1,
            "forcediffimflux": -99999.0,
            "forcediffimfluxunc": -99999.0,
            "magzpsci": 26.241100311279297
        },
        {
            "objectid": "ZTF24abhsqly",
            "jd": 2460576.7583102,
            "ranr": 355.3311319,
            "decnr": 4.0176895,
            "fid": 1,
            "forcediffimflux": 1659.9716796875,
            "forcediffimfluxunc": 46.3857421875,
            "magzpsci": 26.2893009185791
        },
        {
            "objectid": "ZTF24abhsqly",
            "jd": 2460576.8211806,
            "ranr": -99999.0,
            "decnr": -99999.0,
            "fid": 3,
            "forcediffimflux": -99999.0,
            "forcediffimfluxunc": -99999.0,
            "magzpsci": 25.62459945678711
        },
        {
            "objectid": "ZTF24abhsqly",
            "jd": 2460577.7677083,
            "ranr": 355.3312484,
            "decnr": 4.0176405,
            "fid": 2,
            "forcediffimflux": 3583.3212890625,
            "forcediffimfluxunc": 42.9231071472168,
            "magzpsci": 26.287099838256836
        },
        {
            "objectid": "ZTF24abhsqly",
            "jd": 2460577.8365972,
            "ranr": 355.3311728,
            "decnr": 4.0175341,
            "fid": 3,
            "forcediffimflux": 1687.01318359375,
            "forcediffimfluxunc": 40.31731033325195,
            "magzpsci": 25.735300064086914
        },
        {
            "objectid": "ZTF24abhsqly",
            "jd": 2460577.8727662,
            "ranr": -99999.0,
            "decnr": -99999.0,
            "fid": 1,
            "forcediffimflux": -99999.0,
            "forcediffimfluxunc": -99999.0,
            "magzpsci": 26.23539924621582
        },
        {
            "objectid": "ZTF24abhsqly",
            "jd": 2460578.8411921,
            "ranr": 355.3312484,
            "decnr": 4.0176405,
            "fid": 2,
            "forcediffimflux": 3419.101806640625,
            "forcediffimfluxunc": 46.77479934692383,
            "magzpsci": 26.283599853515625
        },
        {
            "objectid": "ZTF24abhsqly",
            "jd": 2460578.8943519,
            "ranr": 355.3311319,
            "decnr": 4.0176895,
            "fid": 1,
            "forcediffimflux": 1535.3050537109375,
            "forcediffimfluxunc": 38.03152847290039,
            "magzpsci": 26.249300003051758
        },
        {
            "objectid": "ZTF24abhsqly",
            "jd": 2460579.8076736,
            "ranr": -99999.0,
            "decnr": -99999.0,
            "fid": 1,
            "forcediffimflux": -99999.0,
            "forcediffimfluxunc": -99999.0,
            "magzpsci": 26.27389907836914
        },
        {
            "objectid": "ZTF24abhsqly",
            "jd": 2460579.8119444,
            "ranr": -99999.0,
            "decnr": -99999.0,
            "fid": 2,
            "forcediffimflux": -99999.0,
            "forcediffimfluxunc": -99999.0,
            "magzpsci": 26.252700805664062
        },
        {
            "objectid": "ZTF24abhsqly",
            "jd": 2460580.9321412,
            "ranr": 355.3312484,
            "decnr": 4.0176405,
            "fid": 2,
            "forcediffimflux": 3519.702880859375,
            "forcediffimfluxunc": 55.58469772338867,
            "magzpsci": 26.226900100708008
        },
        {
            "objectid": "ZTF24abhsqly",
            "jd": 2460580.9701157,
            "ranr": 355.3311319,
            "decnr": 4.0176895,
            "fid": 1,
            "forcediffimflux": 1216.4688720703125,
            "forcediffimfluxunc": 54.31401824951172,
            "magzpsci": 26.038999557495117
        },
        {
            "objectid": "ZTF24abhsqly",
            "jd": 2460582.8494097,
            "ranr": -99999.0,
            "decnr": -99999.0,
            "fid": 2,
            "forcediffimflux": -99999.0,
            "forcediffimfluxunc": -99999.0,
            "magzpsci": 26.26129913330078
        },
        {
            "objectid": "ZTF24abhsqly",
            "jd": 2460582.9084259,
            "ranr": -99999.0,
            "decnr": -99999.0,
            "fid": 1,
            "forcediffimflux": -99999.0,
            "forcediffimfluxunc": -99999.0,
            "magzpsci": 26.229799270629883
        },
        {
            "objectid": "ZTF24abhsqly",
            "jd": 2460586.6237847,
            "ranr": 355.3312484,
            "decnr": 4.0176405,
            "fid": 2,
            "forcediffimflux": 14783.4580078125,
            "forcediffimfluxunc": 132.4547576904297,
            "magzpsci": 27.995899200439453
        },
        {
            "objectid": "ZTF24abhsqly",
            "jd": 2460586.6647454,
            "ranr": 355.3311319,
            "decnr": 4.0176895,
            "fid": 1,
            "forcediffimflux": 4667.90185546875,
            "forcediffimfluxunc": 78.66847229003906,
            "magzpsci": 28.002399444580078
        },
        {
            "objectid": "ZTF24abhsqly",
            "jd": 2460586.6868287,
            "ranr": 355.3312484,
            "decnr": 4.0176405,
            "fid": 2,
            "forcediffimflux": 16099.439453125,
            "forcediffimfluxunc": 121.7445068359375,
            "magzpsci": 28.103099822998047
        },
        {
            "objectid": "ZTF24abhsqly",
            "jd": 2460586.7102083,
            "ranr": 355.3311319,
            "decnr": 4.0176895,
            "fid": 1,
            "forcediffimflux": 5163.95166015625,
            "forcediffimfluxunc": 81.70902252197266,
            "magzpsci": 28.06410026550293
        },
        {
            "objectid": "ZTF24abhsqly",
            "jd": 2460586.7334838,
            "ranr": 355.3312484,
            "decnr": 4.0176405,
            "fid": 2,
            "forcediffimflux": 16128.634765625,
            "forcediffimfluxunc": 112.38646697998047,
            "magzpsci": 28.118900299072266
        },
        {
            "objectid": "ZTF24abhsqly",
            "jd": 2460586.7567708,
            "ranr": 355.3311319,
            "decnr": 4.0176895,
            "fid": 1,
            "forcediffimflux": 4871.45458984375,
            "forcediffimfluxunc": 78.11477661132812,
            "magzpsci": 28.097999572753906
        },
        {
            "objectid": "ZTF24abhsqly",
            "jd": 2460586.7800347,
            "ranr": 355.3312484,
            "decnr": 4.0176405,
            "fid": 2,
            "forcediffimflux": 15573.2861328125,
            "forcediffimfluxunc": 112.68929290771484,
            "magzpsci": 28.138999938964844
        },
        {
            "objectid": "ZTF24abhsqly",
            "jd": 2460586.8032986,
            "ranr": 355.3311319,
            "decnr": 4.0176895,
            "fid": 1,
            "forcediffimflux": 5161.31982421875,
            "forcediffimfluxunc": 79.38178253173828,
            "magzpsci": 28.1033992767334
        },
        {
            "objectid": "ZTF24abhsqly",
            "jd": 2460586.8265509,
            "ranr": 355.3312484,
            "decnr": 4.0176405,
            "fid": 2,
            "forcediffimflux": 16425.0546875,
            "forcediffimfluxunc": 126.27937316894531,
            "magzpsci": 28.139400482177734
        },
        {
            "objectid": "ZTF24abhsqly",
            "jd": 2460586.8498495,
            "ranr": 355.3311319,
            "decnr": 4.0176895,
            "fid": 1,
            "forcediffimflux": 5283.39306640625,
            "forcediffimfluxunc": 78.95557403564453,
            "magzpsci": 28.090599060058594
        },
        {
            "objectid": "ZTF24abhsqly",
            "jd": 2460586.8731366,
            "ranr": 355.3312484,
            "decnr": 4.0176405,
            "fid": 2,
            "forcediffimflux": 16024.4736328125,
            "forcediffimfluxunc": 113.41272735595703,
            "magzpsci": 28.12179946899414
        },
        {
            "objectid": "ZTF24abhsqly",
            "jd": 2460586.8964931,
            "ranr": 355.3311319,
            "decnr": 4.0176895,
            "fid": 1,
            "forcediffimflux": 4767.40625,
            "forcediffimfluxunc": 81.83600616455078,
            "magzpsci": 28.002099990844727
        },
        {
            "objectid": "ZTF24abhsqly",
            "jd": 2460586.9198843,
            "ranr": 355.3312484,
            "decnr": 4.0176405,
            "fid": 2,
            "forcediffimflux": 15323.3916015625,
            "forcediffimfluxunc": 122.60103607177734,
            "magzpsci": 28.058399200439453
        },
        {
            "objectid": "ZTF24abhsqly",
            "jd": 2460586.9433565,
            "ranr": 355.3311319,
            "decnr": 4.0176895,
            "fid": 1,
            "forcediffimflux": 3953.630615234375,
            "forcediffimfluxunc": 93.69464111328125,
            "magzpsci": 27.83139991760254
        },
        {
            "objectid": "ZTF24abhsqly",
            "jd": 2460586.9668866,
            "ranr": 355.3312484,
            "decnr": 4.0176405,
            "fid": 2,
            "forcediffimflux": 12609.0693359375,
            "forcediffimfluxunc": 148.92152404785156,
            "magzpsci": 27.8523006439209
        },
        {
            "objectid": "ZTF24abhsqly",
            "jd": 2460592.7135185,
            "ranr": -99999.0,
            "decnr": -99999.0,
            "fid": 1,
            "forcediffimflux": -99999.0,
            "forcediffimfluxunc": -99999.0,
            "magzpsci": 26.27589988708496
        },
        {
            "objectid": "ZTF24abhsqly",
            "jd": 2460592.7163426,
            "ranr": 355.3311319,
            "decnr": 4.0176895,
            "fid": 1,
            "forcediffimflux": 564.2536010742188,
            "forcediffimfluxunc": 30.39759635925293,
            "magzpsci": 26.310699462890625
        },
        {
            "objectid": "ZTF24abhsqly",
            "jd": 2460592.7486111,
            "ranr": -99999.0,
            "decnr": -99999.0,
            "fid": 2,
            "forcediffimflux": -99999.0,
            "forcediffimfluxunc": -99999.0,
            "magzpsci": 26.26740074157715
        },
        {
            "objectid": "ZTF24abhsqly",
            "jd": 2460594.7243634,
            "ranr": -99999.0,
            "decnr": -99999.0,
            "fid": 2,
            "forcediffimflux": -99999.0,
            "forcediffimfluxunc": -99999.0,
            "magzpsci": 26.270599365234375
        }
    ]
}