{
    "objectId": "ZTF24abltheg",
    "candidates": [
        {
            "candid": 2828462324115015006,
            "jd": 2460582.9623264,
            "ra": 44.4342063,
            "dec": 27.5824457,
            "fid": 1,
            "nid": 2828,
            "magpsf": 20.646400451660156,
            "sigmapsf": 0.24852900207042694,
            "magnr": 19.263999938964844,
            "sigmagnr": 0.11500000208616257,
            "magzpsci": 26.391399383544922,
            "isdiffpos": "t",
            "ssdistnr": null,
            "ssnamenr": null,
            "drb": null
        },
        {
            "candid": 2838414674115015004,
            "jd": 2460592.9146759,
            "ra": 44.4342066,
            "dec": 27.5823951,
            "fid": 1,
            "nid": 2838,
            "magpsf": 18.836700439453125,
            "sigmapsf": 0.08468099683523178,
            "magnr": 19.263999938964844,
            "sigmagnr": 0.11500000208616257,
            "magzpsci": 26.398700714111328,
            "isdiffpos": "t",
            "ssdistnr": null,
            "ssnamenr": null,
            "drb": null
        },
        {
            "candid": 2838424734115015006,
            "jd": 2460592.9247338,
            "ra": 44.4342177,
            "dec": 27.5824159,
            "fid": 2,
            "nid": 2838,
            "magpsf": 18.37150001525879,
            "sigmapsf": 0.05746699869632721,
            "magnr": 18.69700050354004,
            "sigmagnr": 0.11900000274181366,
            "magzpsci": 26.403499603271484,
            "isdiffpos": "t",
            "ssdistnr": null,
            "ssnamenr": null,
            "drb": null
        },
        {
            "candid": 2840412224115015013,
            "jd": 2460594.9122222,
            "ra": 44.4342067,
            "dec": 27.582395,
            "fid": 2,
            "nid": 2840,
            "magpsf": 18.311800003051758,
            "sigmapsf": 0.045131001621484756,
            "magnr": 18.69700050354004,
            "sigmagnr": 0.11900000274181366,
            "magzpsci": 26.412799835205078,
            "isdiffpos": "t",
            "ssdistnr": null,
            "ssnamenr": null,
            "drb": null
        },
        {
            "candid": 2840445344115015008,
            "jd": 2460594.9453472,
            "ra": 44.4342475,
            "dec": 27.582367,
            "fid": 1,
            "nid": 2840,
            "magpsf": 18.88089942932129,
            "sigmapsf": 0.08956000208854675,
            "magnr": 19.263999938964844,
            "sigmagnr": 0.11500000208616257,
            "magzpsci": 26.403900146484375,
            "isdiffpos": "t",
            "ssdistnr": null,
            "ssnamenr": null,
            "drb": null
        },
        {
            "candid": 2842379694115015005,
            "jd": 2460596.8796991,
            "ra": 44.4341973,
            "dec": 27.5823814,
            "fid": 2,
            "nid": 2842,
            "magpsf": 18.33370018005371,
            "sigmapsf": 0.059870000928640366,
            "magnr": 18.69700050354004,
            "sigmagnr": 0.11900000274181366,
            "magzpsci": 26.42970085144043,
            "isdiffpos": "t",
            "ssdistnr": null,
            "ssnamenr": null,
            "drb": null
        },
        {
            "candid": 2842446854115015008,
            "jd": 2460596.9468519,
            "ra": 44.4342136,
            "dec": 27.5823957,
            "fid": 1,
            "nid": 2842,
            "magpsf": 19.05620002746582,
            "sigmapsf": 0.09058800339698792,
            "magnr": 19.263999938964844,
            "sigmagnr": 0.11500000208616257,
            "magzpsci": 26.40719985961914,
            "isdiffpos": "t",
            "ssdistnr": null,
            "ssnamenr": null,
            "drb": null
        },
        {
            "candid": 2844257144115015001,
            "jd": 2460598.7571412,
            "ra": 44.4342419,
            "dec": 27.5824182,
            "fid": 1,
            "nid": 2844,
            "magpsf": 19.366500854492188,
            "sigmapsf": 0.259647011756897,
            "magnr": 19.263999938964844,
            "sigmagnr": 0.11500000208616257,
            "magzpsci": 26.329500198364258,
            "isdiffpos": "t",
            "ssdistnr": null,
            "ssnamenr": null,
            "drb": null
        },
        {
            "candid": 2844341344115015007,
            "jd": 2460598.8413426,
            "ra": 44.4341867,
            "dec": 27.582397,
            "fid": 2,
            "nid": 2844,
            "magpsf": 18.354999542236328,
            "sigmapsf": 0.07081600278615952,
            "magnr": 18.69700050354004,
            "sigmagnr": 0.11900000274181366,
            "magzpsci": 26.42099952697754,
            "isdiffpos": "t",
            "ssdistnr": null,
            "ssnamenr": null,
            "drb": null
        },
        {
            "candid": 2846431744115015003,
            "jd": 2460600.9317477,
            "ra": 44.4341715,
            "dec": 27.5824601,
            "fid": 2,
            "nid": 2846,
            "magpsf": 18.38960075378418,
            "sigmapsf": 0.0904730036854744,
            "magnr": 18.69700050354004,
            "sigmagnr": 0.11900000274181366,
            "magzpsci": 26.43560028076172,
            "isdiffpos": "t",
            "ssdistnr": null,
            "ssnamenr": null,
            "drb": null
        },
        {
            "candid": 2850343354115015005,
            "jd": 2460604.8433565,
            "ra": 44.4341905,
            "dec": 27.5823656,
            "fid": 1,
            "nid": 2850,
            "magpsf": 19.916000366210938,
            "sigmapsf": 0.23673200607299805,
            "magnr": 19.263999938964844,
            "sigmagnr": 0.11500000208616257,
            "magzpsci": 26.40399932861328,
            "isdiffpos": "t",
            "ssdistnr": null,
            "ssnamenr": null,
            "drb": null
        },
        {
            "candid": 2852258544115015007,
            "jd": 2460606.7585417,
            "ra": 44.4342369,
            "dec": 27.582489,
            "fid": 1,
            "nid": 2852,
            "magpsf": 20.287500381469727,
            "sigmapsf": 0.2509920001029968,
            "magnr": 19.263999938964844,
            "sigmagnr": 0.11500000208616257,
            "magzpsci": 26.38050079345703,
            "isdiffpos": "t",
            "ssdistnr": null,
            "ssnamenr": null,
            "drb": null
        },
        {
            "candid": 2852337224115015015,
            "jd": 2460606.8372222,
            "ra": 44.434194,
            "dec": 27.5823933,
            "fid": 2,
            "nid": 2852,
            "magpsf": 18.83639907836914,
            "sigmapsf": 0.07749500125646591,
            "magnr": 18.69700050354004,
            "sigmagnr": 0.11900000274181366,
            "magzpsci": 26.42340087890625,
            "isdiffpos": "t",
            "ssdistnr": null,
            "ssnamenr": null,
            "drb": null
        },
        {
            "candid": 2854291094115015008,
            "jd": 2460608.7910995,
            "ra": 44.4341938,
            "dec": 27.582382,
            "fid": 1,
            "nid": 2854,
            "magpsf": 20.4148006439209,
            "sigmapsf": 0.23646500706672668,
            "magnr": 19.263999938964844,
            "sigmagnr": 0.11500000208616257,
            "magzpsci": 26.39780044555664,
            "isdiffpos": "t",
            "ssdistnr": null,
            "ssnamenr": null,
            "drb": null
        },
        {
            "candid": 2854397284115015004,
            "jd": 2460608.8972801,
            "ra": 44.4342013,
            "dec": 27.5824107,
            "fid": 2,
            "nid": 2854,
            "magpsf": 19.086076736450195,
            "sigmapsf": 0.0838901549577713,
            "magnr": 18.69700050354004,
            "sigmagnr": 0.11900000274181366,
            "magzpsci": 26.426076889038086,
            "isdiffpos": "t",
            "ssdistnr": -999.0,
            "ssnamenr": "null",
            "drb": null
        },
        {
            "jd": 2460562.9496412,
            "fid": 1,
            "diffmaglim": 20.623199462890625
        },
        {
            "jd": 2460565.9155903,
            "fid": 1,
            "diffmaglim": 20.73579978942871
        },
        {
            "jd": 2460565.9607755,
            "fid": 2,
            "diffmaglim": 20.74180030822754
        },
        {
            "jd": 2460568.8822106,
            "fid": 2,
            "diffmaglim": 20.31570053100586
        },
        {
            "jd": 2460568.9327546,
            "fid": 1,
            "diffmaglim": 20.676700592041016
        },
        {
            "jd": 2460572.8810301,
            "fid": 1,
            "diffmaglim": 19.374500274658203
        },
        {
            "jd": 2460572.9578588,
            "fid": 2,
            "diffmaglim": 19.726600646972656
        },
        {
            "jd": 2460576.8652894,
            "fid": 1,
            "diffmaglim": 19.72960090637207
        },
        {
            "jd": 2460576.9110764,
            "fid": 2,
            "diffmaglim": 19.98740005493164
        },
        {
            "jd": 2460576.975463,
            "fid": 3,
            "diffmaglim": 19.800899505615234
        },
        {
            "jd": 2460577.8880903,
            "fid": 1,
            "diffmaglim": 20.152000427246094
        },
        {
            "jd": 2460577.9119792,
            "fid": 2,
            "diffmaglim": 20.39539909362793
        },
        {
            "jd": 2460578.0118519,
            "fid": 3,
            "diffmaglim": 19.74570083618164
        },
        {
            "jd": 2460579.828044,
            "fid": 1,
            "diffmaglim": 20.446399688720703
        },
        {
            "jd": 2460579.9916667,
            "fid": 2,
            "diffmaglim": 20.529800415039062
        },
        {
            "jd": 2460582.8720486,
            "fid": 2,
            "diffmaglim": 20.68709945678711
        },
        {
            "jd": 2460600.8440625,
            "fid": 1,
            "diffmaglim": 18.943500518798828
        }
    ],
    "forcedphot": [
        {
            "objectid": "ZTF24abltheg",
            "jd": 2460562.9496412,
            "ranr": 44.4337405,
            "decnr": 27.5822883,
            "fid": 1,
            "forcediffimflux": 26.474010467529297,
            "forcediffimfluxunc": 26.699413299560547,
            "magzpsci": 26.20039939880371
        },
        {
            "objectid": "ZTF24abltheg",
            "jd": 2460565.9155903,
            "ranr": 44.4337405,
            "decnr": 27.5822883,
            "fid": 1,
            "forcediffimflux": -9.351987838745117,
            "forcediffimfluxunc": 24.881261825561523,
            "magzpsci": 26.36370086669922
        },
        {
            "objectid": "ZTF24abltheg",
            "jd": 2460565.9607755,
            "ranr": 44.4345084,
            "decnr": 27.5822231,
            "fid": 2,
            "forcediffimflux": -34.0094108581543,
            "forcediffimfluxunc": 26.755918502807617,
            "magzpsci": 26.409299850463867
        },
        {
            "objectid": "ZTF24abltheg",
            "jd": 2460568.8822106,
            "ranr": 44.4345084,
            "decnr": 27.5822231,
            "fid": 2,
            "forcediffimflux": -49.53753662109375,
            "forcediffimfluxunc": 40.128196716308594,
            "magzpsci": 26.418500900268555
        },
        {
            "objectid": "ZTF24abltheg",
            "jd": 2460568.9327546,
            "ranr": 44.4337405,
            "decnr": 27.5822883,
            "fid": 1,
            "forcediffimflux": 3.1268973350524902,
            "forcediffimfluxunc": 28.45125961303711,
            "magzpsci": 26.41510009765625
        },
        {
            "objectid": "ZTF24abltheg",
            "jd": 2460572.8810301,
            "ranr": 44.4337405,
            "decnr": 27.5822883,
            "fid": 1,
            "forcediffimflux": 32.259246826171875,
            "forcediffimfluxunc": 89.2584457397461,
            "magzpsci": 26.394399642944336
        },
        {
            "objectid": "ZTF24abltheg",
            "jd": 2460572.9578588,
            "ranr": 44.4345084,
            "decnr": 27.5822231,
            "fid": 2,
            "forcediffimflux": -75.69868469238281,
            "forcediffimfluxunc": 64.1948471069336,
            "magzpsci": 26.413999557495117
        },
        {
            "objectid": "ZTF24abltheg",
            "jd": 2460576.8652894,
            "ranr": 44.4337405,
            "decnr": 27.5822883,
            "fid": 1,
            "forcediffimflux": 51.77791213989258,
            "forcediffimfluxunc": 57.57539749145508,
            "magzpsci": 26.282800674438477
        },
        {
            "objectid": "ZTF24abltheg",
            "jd": 2460576.9110764,
            "ranr": 44.4345084,
            "decnr": 27.5822231,
            "fid": 2,
            "forcediffimflux": 47.23950958251953,
            "forcediffimfluxunc": 43.44147872924805,
            "magzpsci": 26.383899688720703
        },
        {
            "objectid": "ZTF24abltheg",
            "jd": 2460576.975463,
            "ranr": 44.4345403,
            "decnr": 27.5824062,
            "fid": 3,
            "forcediffimflux": 4.308300018310547,
            "forcediffimfluxunc": 36.307430267333984,
            "magzpsci": 25.842899322509766
        },
        {
            "objectid": "ZTF24abltheg",
            "jd": 2460577.8880903,
            "ranr": 44.4337405,
            "decnr": 27.5822883,
            "fid": 1,
            "forcediffimflux": -69.638427734375,
            "forcediffimfluxunc": 41.2772331237793,
            "magzpsci": 26.366100311279297
        },
        {
            "objectid": "ZTF24abltheg",
            "jd": 2460577.9119792,
            "ranr": 44.4345084,
            "decnr": 27.5822231,
            "fid": 2,
            "forcediffimflux": -18.92698860168457,
            "forcediffimfluxunc": 32.2773323059082,
            "magzpsci": 26.38949966430664
        },
        {
            "objectid": "ZTF24abltheg",
            "jd": 2460578.0118519,
            "ranr": 44.4345403,
            "decnr": 27.5824062,
            "fid": 3,
            "forcediffimflux": 36.72330093383789,
            "forcediffimfluxunc": 38.34885787963867,
            "magzpsci": 25.850900650024414
        },
        {
            "objectid": "ZTF24abltheg",
            "jd": 2460579.828044,
            "ranr": 44.4337405,
            "decnr": 27.5822883,
            "fid": 1,
            "forcediffimflux": 4.345393657684326,
            "forcediffimfluxunc": 32.89729309082031,
            "magzpsci": 26.335599899291992
        },
        {
            "objectid": "ZTF24abltheg",
            "jd": 2460579.9916667,
            "ranr": 44.4345084,
            "decnr": 27.5822231,
            "fid": 2,
            "forcediffimflux": 38.8310546875,
            "forcediffimfluxunc": 26.253509521484375,
            "magzpsci": 26.395099639892578
        },
        {
            "objectid": "ZTF24abltheg",
            "jd": 2460582.8720486,
            "ranr": 44.4345084,
            "decnr": 27.5822231,
            "fid": 2,
            "forcediffimflux": 161.76803588867188,
            "forcediffimfluxunc": 26.79745101928711,
            "magzpsci": 26.410600662231445
        },
        {
            "objectid": "ZTF24abltheg",
            "jd": 2460582.9623264,
            "ranr": 44.4337405,
            "decnr": 27.5822883,
            "fid": 1,
            "forcediffimflux": 204.01217651367188,
            "forcediffimfluxunc": 28.08695411682129,
            "magzpsci": 26.391399383544922
        },
        {
            "objectid": "ZTF24abltheg",
            "jd": 2460592.9146759,
            "ranr": 44.4337405,
            "decnr": 27.5822883,
            "fid": 1,
            "forcediffimflux": 1090.4302978515625,
            "forcediffimfluxunc": 34.004554748535156,
            "magzpsci": 26.398700714111328
        },
        {
            "objectid": "ZTF24abltheg",
            "jd": 2460592.9247338,
            "ranr": 44.4345084,
            "decnr": 27.5822231,
            "fid": 2,
            "forcediffimflux": 1659.878173828125,
            "forcediffimfluxunc": 40.424015045166016,
            "magzpsci": 26.403499603271484
        },
        {
            "objectid": "ZTF24abltheg",
            "jd": 2460594.9122222,
            "ranr": 44.4345084,
            "decnr": 27.5822231,
            "fid": 2,
            "forcediffimflux": 1804.94384765625,
            "forcediffimfluxunc": 38.18977355957031,
            "magzpsci": 26.412799835205078
        },
        {
            "objectid": "ZTF24abltheg",
            "jd": 2460594.9453472,
            "ranr": 44.4337405,
            "decnr": 27.5822883,
            "fid": 1,
            "forcediffimflux": 1064.305419921875,
            "forcediffimfluxunc": 36.97428894042969,
            "magzpsci": 26.403900146484375
        },
        {
            "objectid": "ZTF24abltheg",
            "jd": 2460596.8796991,
            "ranr": 44.4345084,
            "decnr": 27.5822231,
            "fid": 2,
            "forcediffimflux": 1899.0745849609375,
            "forcediffimfluxunc": 38.70783996582031,
            "magzpsci": 26.42970085144043
        },
        {
            "objectid": "ZTF24abltheg",
            "jd": 2460596.9468519,
            "ranr": 44.4337405,
            "decnr": 27.5822883,
            "fid": 1,
            "forcediffimflux": 925.97265625,
            "forcediffimfluxunc": 31.11814308166504,
            "magzpsci": 26.40719985961914
        },
        {
            "objectid": "ZTF24abltheg",
            "jd": 2460598.7571412,
            "ranr": 44.4337405,
            "decnr": 27.5822883,
            "fid": 1,
            "forcediffimflux": 636.369140625,
            "forcediffimfluxunc": 70.65284729003906,
            "magzpsci": 26.329500198364258
        },
        {
            "objectid": "ZTF24abltheg",
            "jd": 2460598.8413426,
            "ranr": 44.4345084,
            "decnr": 27.5822231,
            "fid": 2,
            "forcediffimflux": 1798.875244140625,
            "forcediffimfluxunc": 53.58082962036133,
            "magzpsci": 26.42099952697754
        },
        {
            "objectid": "ZTF24abltheg",
            "jd": 2460600.8440625,
            "ranr": 44.4337405,
            "decnr": 27.5822883,
            "fid": 1,
            "forcediffimflux": 664.3355102539062,
            "forcediffimfluxunc": 137.1333465576172,
            "magzpsci": 26.400699615478516
        },
        {
            "objectid": "ZTF24abltheg",
            "jd": 2460600.9317477,
            "ranr": 44.4345084,
            "decnr": 27.5822231,
            "fid": 2,
            "forcediffimflux": 1612.5235595703125,
            "forcediffimfluxunc": 118.60980987548828,
            "magzpsci": 26.43560028076172
        },
        {
            "objectid": "ZTF24abltheg",
            "jd": 2460604.8433565,
            "ranr": 44.4337405,
            "decnr": 27.5822883,
            "fid": 1,
            "forcediffimflux": 420.70098876953125,
            "forcediffimfluxunc": 53.68893051147461,
            "magzpsci": 26.40399932861328
        },
        {
            "objectid": "ZTF24abltheg",
            "jd": 2460606.7585417,
            "ranr": 44.4337405,
            "decnr": 27.5822883,
            "fid": 1,
            "forcediffimflux": 300.474365234375,
            "forcediffimfluxunc": 41.99549102783203,
            "magzpsci": 26.38050079345703
        },
        {
            "objectid": "ZTF24abltheg",
            "jd": 2460606.8372222,
            "ranr": 44.4345084,
            "decnr": 27.5822231,
            "fid": 2,
            "forcediffimflux": 1145.7867431640625,
            "forcediffimfluxunc": 42.90461730957031,
            "magzpsci": 26.42340087890625
        },
        {
            "objectid": "ZTF24abltheg",
            "jd": 2460608.7910995,
            "ranr": 44.4337405,
            "decnr": 27.5822883,
            "fid": 1,
            "forcediffimflux": 254.47520446777344,
            "forcediffimfluxunc": 27.54131507873535,
            "magzpsci": 26.39780044555664
        }
    ]
}