{
    "objectId": "ZTF23aaecgwh",
    "candidates": [
        {
            "candid": 2278422963415015004,
            "jd": 2460032.922963,
            "ra": 240.1555024,
            "dec": 19.7144325,
            "fid": 2,
            "nid": 2278,
            "magpsf": 19.253000259399414,
            "sigmapsf": 0.1270419955253601,
            "magnr": 18.6560001373291,
            "sigmagnr": 0.0560000017285347,
            "magzpsci": 26.358999252319336,
            "isdiffpos": "t",
            "ssdistnr": null,
            "ssnamenr": null,
            "drb": 0.9973851442337036
        },
        {
            "candid": 2288394563415015002,
            "jd": 2460042.8945602,
            "ra": 240.1555146,
            "dec": 19.7144728,
            "fid": 1,
            "nid": 2288,
            "magpsf": 19.194700241088867,
            "sigmapsf": 0.17341500520706177,
            "magnr": 19.08300018310547,
            "sigmagnr": 0.04600000008940697,
            "magzpsci": 26.31570053100586,
            "isdiffpos": "t",
            "ssdistnr": null,
            "ssnamenr": null,
            "drb": null
        },
        {
            "candid": 2288437523415015002,
            "jd": 2460042.9375231,
            "ra": 240.1554841,
            "dec": 19.7144938,
            "fid": 2,
            "nid": 2288,
            "magpsf": 18.645099639892578,
            "sigmapsf": 0.12505799531936646,
            "magnr": 18.6560001373291,
            "sigmagnr": 0.0560000017285347,
            "magzpsci": 26.353099822998047,
            "isdiffpos": "t",
            "ssdistnr": null,
            "ssnamenr": null,
            "drb": null
        },
        {
            "candid": 2290398033415015003,
            "jd": 2460044.8980324,
            "ra": 240.1554918,
            "dec": 19.7144749,
            "fid": 2,
            "nid": 2290,
            "magpsf": 18.640399932861328,
            "sigmapsf": 0.07438399642705917,
            "magnr": 18.6560001373291,
            "sigmagnr": 0.0560000017285347,
            "magzpsci": 26.377399444580078,
            "isdiffpos": "t",
            "ssdistnr": null,
            "ssnamenr": null,
            "drb": null
        },
        {
            "candid": 2290460943415015001,
            "jd": 2460044.9609491,
            "ra": 240.1554645,
            "dec": 19.714491,
            "fid": 1,
            "nid": 2290,
            "magpsf": 19.58449935913086,
            "sigmapsf": 0.201774001121521,
            "magnr": 19.08300018310547,
            "sigmagnr": 0.04600000008940697,
            "magzpsci": 26.35849952697754,
            "isdiffpos": "t",
            "ssdistnr": null,
            "ssnamenr": null,
            "drb": null
        },
        {
            "candid": 2292310573415015003,
            "jd": 2460046.8105787,
            "ra": 240.1555653,
            "dec": 19.7144952,
            "fid": 1,
            "nid": 2292,
            "magpsf": 19.673999786376953,
            "sigmapsf": 0.17485299706459045,
            "magnr": 19.08300018310547,
            "sigmagnr": 0.04600000008940697,
            "magzpsci": 26.299999237060547,
            "isdiffpos": "t",
            "ssdistnr": null,
            "ssnamenr": null,
            "drb": null
        },
        {
            "candid": 2292374953415015004,
            "jd": 2460046.8749537,
            "ra": 240.1555342,
            "dec": 19.71445,
            "fid": 2,
            "nid": 2292,
            "magpsf": 19.060100555419922,
            "sigmapsf": 0.20508599281311035,
            "magnr": 18.6560001373291,
            "sigmagnr": 0.0560000017285347,
            "magzpsci": 25.43910026550293,
            "isdiffpos": "t",
            "ssdistnr": null,
            "ssnamenr": null,
            "drb": null
        },
        {
            "candid": 2296440963415015004,
            "jd": 2460050.9409606,
            "ra": 240.1554961,
            "dec": 19.714441,
            "fid": 2,
            "nid": 2296,
            "magpsf": 18.857099533081055,
            "sigmapsf": 0.09059199690818787,
            "magnr": 18.6560001373291,
            "sigmagnr": 0.0560000017285347,
            "magzpsci": 26.339099884033203,
            "isdiffpos": "t",
            "ssdistnr": null,
            "ssnamenr": null,
            "drb": null
        },
        {
            "candid": 2296463593415015007,
            "jd": 2460050.9635995,
            "ra": 240.1555698,
            "dec": 19.7144068,
            "fid": 1,
            "nid": 2296,
            "magpsf": 20.15719985961914,
            "sigmapsf": 0.17428700625896454,
            "magnr": 19.08300018310547,
            "sigmagnr": 0.04600000008940697,
            "magzpsci": 26.31920051574707,
            "isdiffpos": "t",
            "ssdistnr": null,
            "ssnamenr": null,
            "drb": null
        },
        {
            "candid": 2298450053415015004,
            "jd": 2460052.9500579,
            "ra": 240.1554874,
            "dec": 19.7144668,
            "fid": 2,
            "nid": 2298,
            "magpsf": 18.982500076293945,
            "sigmapsf": 0.0945729985833168,
            "magnr": 18.6560001373291,
            "sigmagnr": 0.0560000017285347,
            "magzpsci": 26.316499710083008,
            "isdiffpos": "t",
            "ssdistnr": null,
            "ssnamenr": null,
            "drb": null
        },
        {
            "candid": 2301391123415015002,
            "jd": 2460055.8911227,
            "ra": 240.1554972,
            "dec": 19.7144506,
            "fid": 2,
            "nid": 2301,
            "magpsf": 19.098400115966797,
            "sigmapsf": 0.10543099790811539,
            "magnr": 18.6560001373291,
            "sigmagnr": 0.0560000017285347,
            "magzpsci": 26.367399215698242,
            "isdiffpos": "t",
            "ssdistnr": null,
            "ssnamenr": null,
            "drb": null
        },
        {
            "candid": 2301441953415015003,
            "jd": 2460055.941956,
            "ra": 240.1555906,
            "dec": 19.7144464,
            "fid": 1,
            "nid": 2301,
            "magpsf": 20.29960060119629,
            "sigmapsf": 0.19088199734687805,
            "magnr": 19.08300018310547,
            "sigmagnr": 0.04600000008940697,
            "magzpsci": 26.358600616455078,
            "isdiffpos": "t",
            "ssdistnr": null,
            "ssnamenr": null,
            "drb": null
        },
        {
            "candid": 2303339693415015004,
            "jd": 2460057.8396991,
            "ra": 240.1556699,
            "dec": 19.7144289,
            "fid": 1,
            "nid": 2303,
            "magpsf": 20.36590003967285,
            "sigmapsf": 0.22319099307060242,
            "magnr": 19.08300018310547,
            "sigmagnr": 0.04600000008940697,
            "magzpsci": 26.319900512695312,
            "isdiffpos": "t",
            "ssdistnr": null,
            "ssnamenr": null,
            "drb": null
        },
        {
            "candid": 2303420823415015009,
            "jd": 2460057.9208218,
            "ra": 240.1554963,
            "dec": 19.7144993,
            "fid": 2,
            "nid": 2303,
            "magpsf": 19.031299591064453,
            "sigmapsf": 0.23369100689888,
            "magnr": 18.6560001373291,
            "sigmagnr": 0.0560000017285347,
            "magzpsci": 25.337299346923828,
            "isdiffpos": "t",
            "ssdistnr": null,
            "ssnamenr": null,
            "drb": null
        },
        {
            "candid": 2305370113415015003,
            "jd": 2460059.8701157,
            "ra": 240.1559231,
            "dec": 19.714505,
            "fid": 1,
            "nid": 2305,
            "magpsf": 20.525800704956055,
            "sigmapsf": 0.2601909935474396,
            "magnr": 19.08300018310547,
            "sigmagnr": 0.04600000008940697,
            "magzpsci": 26.291799545288086,
            "isdiffpos": "t",
            "ssdistnr": null,
            "ssnamenr": null,
            "drb": null
        },
        {
            "candid": 2305443563415015004,
            "jd": 2460059.9435648,
            "ra": 240.155514,
            "dec": 19.7144734,
            "fid": 2,
            "nid": 2305,
            "magpsf": 19.101699829101562,
            "sigmapsf": 0.09418299794197083,
            "magnr": 18.6560001373291,
            "sigmagnr": 0.0560000017285347,
            "magzpsci": 26.283700942993164,
            "isdiffpos": "t",
            "ssdistnr": null,
            "ssnamenr": null,
            "drb": null
        },
        {
            "candid": 2307442903415015003,
            "jd": 2460061.9429051,
            "ra": 240.155543,
            "dec": 19.7144705,
            "fid": 2,
            "nid": 2307,
            "magpsf": 19.268800735473633,
            "sigmapsf": 0.10490400344133377,
            "magnr": 18.6560001373291,
            "sigmagnr": 0.0560000017285347,
            "magzpsci": 26.324800491333008,
            "isdiffpos": "t",
            "ssdistnr": null,
            "ssnamenr": null,
            "drb": null
        },
        {
            "candid": 2309400993415015003,
            "jd": 2460063.9009954,
            "ra": 240.1555387,
            "dec": 19.7144525,
            "fid": 2,
            "nid": 2309,
            "magpsf": 19.292299270629883,
            "sigmapsf": 0.10164500027894974,
            "magnr": 18.6560001373291,
            "sigmagnr": 0.0560000017285347,
            "magzpsci": 26.349300384521484,
            "isdiffpos": "t",
            "ssdistnr": null,
            "ssnamenr": null,
            "drb": null
        },
        {
            "candid": 2309435773415015006,
            "jd": 2460063.9357755,
            "ra": 240.1557746,
            "dec": 19.71444,
            "fid": 1,
            "nid": 2309,
            "magpsf": 20.532100677490234,
            "sigmapsf": 0.22890600562095642,
            "magnr": 19.08300018310547,
            "sigmagnr": 0.04600000008940697,
            "magzpsci": 26.31909942626953,
            "isdiffpos": "t",
            "ssdistnr": null,
            "ssnamenr": null,
            "drb": null
        },
        {
            "candid": 2313369053415015003,
            "jd": 2460067.8690509,
            "ra": 240.1553886,
            "dec": 19.7144821,
            "fid": 2,
            "nid": 2313,
            "magpsf": 19.656600952148438,
            "sigmapsf": 0.2210180014371872,
            "magnr": 18.6560001373291,
            "sigmagnr": 0.0560000017285347,
            "magzpsci": 26.305599212646484,
            "isdiffpos": "t",
            "ssdistnr": null,
            "ssnamenr": null,
            "drb": null
        },
        {
            "candid": 2322374723415015004,
            "jd": 2460076.8747222,
            "ra": 240.1555326,
            "dec": 19.7144436,
            "fid": 2,
            "nid": 2322,
            "magpsf": 19.9906005859375,
            "sigmapsf": 0.16674700379371643,
            "magnr": 18.6560001373291,
            "sigmagnr": 0.0560000017285347,
            "magzpsci": 26.348600387573242,
            "isdiffpos": "t",
            "ssdistnr": null,
            "ssnamenr": null,
            "drb": null
        },
        {
            "candid": 2324301383415015002,
            "jd": 2460078.8013889,
            "ra": 240.1555492,
            "dec": 19.7144211,
            "fid": 2,
            "nid": 2324,
            "magpsf": 20.031600952148438,
            "sigmapsf": 0.23169000446796417,
            "magnr": 18.6560001373291,
            "sigmagnr": 0.0560000017285347,
            "magzpsci": 26.322599411010742,
            "isdiffpos": "t",
            "ssdistnr": null,
            "ssnamenr": null,
            "drb": null
        },
        {
            "candid": 2324372493415015012,
            "jd": 2460078.8725,
            "ra": 240.1558566,
            "dec": 19.7143997,
            "fid": 1,
            "nid": 2324,
            "magpsf": 21.004199981689453,
            "sigmapsf": 0.3090670108795166,
            "magnr": 19.08300018310547,
            "sigmagnr": 0.04600000008940697,
            "magzpsci": 26.31220054626465,
            "isdiffpos": "t",
            "ssdistnr": null,
            "ssnamenr": null,
            "drb": null
        },
        {
            "candid": 2328357283415015002,
            "jd": 2460082.8572801,
            "ra": 240.1555125,
            "dec": 19.7144283,
            "fid": 2,
            "nid": 2328,
            "magpsf": 20.036632537841797,
            "sigmapsf": 0.18520520627498627,
            "magnr": 18.6560001373291,
            "sigmagnr": 0.0560000017285347,
            "magzpsci": 26.29863166809082,
            "isdiffpos": "t",
            "ssdistnr": -999.0,
            "ssnamenr": "null",
            "drb": null
        },
        {
            "jd": 2460016.9476505,
            "fid": 1,
            "diffmaglim": 19.9424991607666
        },
        {
            "jd": 2460016.9673148,
            "fid": 2,
            "diffmaglim": 20.019100189208984
        },
        {
            "jd": 2460021.8471875,
            "fid": 1,
            "diffmaglim": 20.1210994720459
        },
        {
            "jd": 2460021.9571412,
            "fid": 2,
            "diffmaglim": 20.162399291992188
        },
        {
            "jd": 2460061.9113773,
            "fid": 1,
            "diffmaglim": 20.71969985961914
        },
        {
            "jd": 2460067.8454282,
            "fid": 1,
            "diffmaglim": 19.42889976501465
        },
        {
            "jd": 2460076.9114931,
            "fid": 1,
            "diffmaglim": 20.53809928894043
        },
        {
            "jd": 2460080.7892014,
            "fid": 1,
            "diffmaglim": 18.388200759887695
        }
    ],
    "forcedphot": []
}