{
    "objectId": "ZTF20aaiftgi",
    "candidates": [
        {
            "candid": 1119521414915015027,
            "jd": 2458874.021412,
            "ra": 212.5556268,
            "dec": -6.8224215,
            "fid": 2,
            "nid": 1119,
            "magpsf": 18.784900665283203,
            "sigmapsf": 0.10856500267982483,
            "magnr": 19.011999130249023,
            "sigmagnr": 0.11400000005960464,
            "magzpsci": 26.1658992767334,
            "isdiffpos": "t",
            "ssdistnr": -999.0,
            "ssnamenr": "null",
            "drb": 0.9999930262565613
        },
        {
            "candid": 1119545544915015029,
            "jd": 2458874.045544,
            "ra": 212.5556822,
            "dec": -6.8224163,
            "fid": 1,
            "nid": 1119,
            "magpsf": 18.784099578857422,
            "sigmapsf": 0.09497900307178497,
            "magnr": 19.506999969482422,
            "sigmagnr": 0.09099999815225601,
            "magzpsci": 26.22410011291504,
            "isdiffpos": "t",
            "ssdistnr": -999.0,
            "ssnamenr": "null",
            "drb": 0.9999880194664001
        },
        {
            "candid": 1122522184915015027,
            "jd": 2458877.0221875,
            "ra": 212.5556359,
            "dec": -6.8224394,
            "fid": 1,
            "nid": 1122,
            "magpsf": 18.44379997253418,
            "sigmapsf": 0.07199499756097794,
            "magnr": 19.506999969482422,
            "sigmagnr": 0.09099999815225601,
            "magzpsci": 26.238800048828125,
            "isdiffpos": "t",
            "ssdistnr": -999.0,
            "ssnamenr": "null",
            "drb": 0.9999989867210388
        },
        {
            "candid": 1122522184915025033,
            "jd": 2458877.0221875,
            "ra": 212.5556353,
            "dec": -6.8224392,
            "fid": 1,
            "nid": 1122,
            "magpsf": 18.445899963378906,
            "sigmapsf": 0.07188600301742554,
            "magnr": 19.506999969482422,
            "sigmagnr": 0.09099999815225601,
            "magzpsci": 26.23889923095703,
            "isdiffpos": "t",
            "ssdistnr": -999.0,
            "ssnamenr": "-999.0",
            "drb": null
        },
        {
            "candid": 1125481894915015008,
            "jd": 2458879.9818981,
            "ra": 212.5555478,
            "dec": -6.8224564,
            "fid": 1,
            "nid": 1125,
            "magpsf": 18.240699768066406,
            "sigmapsf": 0.11667399853467941,
            "magnr": 19.506999969482422,
            "sigmagnr": 0.09099999815225601,
            "magzpsci": 26.176700592041016,
            "isdiffpos": "t",
            "ssdistnr": -999.0,
            "ssnamenr": "-999.0",
            "drb": null
        },
        {
            "candid": 1131459574915015004,
            "jd": 2458885.9595718,
            "ra": 212.5555995,
            "dec": -6.8224613,
            "fid": 1,
            "nid": 1131,
            "magpsf": 18.32110023498535,
            "sigmapsf": 0.11286400258541107,
            "magnr": 19.506999969482422,
            "sigmagnr": 0.09099999815225601,
            "magzpsci": 26.219100952148438,
            "isdiffpos": "t",
            "ssdistnr": -999.0,
            "ssnamenr": "null",
            "drb": 0.999534010887146
        },
        {
            "candid": 1131522044915015016,
            "jd": 2458886.0220486,
            "ra": 212.555612,
            "dec": -6.822426,
            "fid": 2,
            "nid": 1131,
            "magpsf": 18.09830093383789,
            "sigmapsf": 0.07631699740886688,
            "magnr": 19.011999130249023,
            "sigmagnr": 0.11400000005960464,
            "magzpsci": 26.171300888061523,
            "isdiffpos": "t",
            "ssdistnr": -999.0,
            "ssnamenr": "null",
            "drb": 1.0
        },
        {
            "candid": 1134484214915015013,
            "jd": 2458888.984213,
            "ra": 212.5555907,
            "dec": -6.8224597,
            "fid": 2,
            "nid": 1134,
            "magpsf": 18.16510009765625,
            "sigmapsf": 0.11842799931764603,
            "magnr": 19.011999130249023,
            "sigmagnr": 0.11400000005960464,
            "magzpsci": 26.18709945678711,
            "isdiffpos": "t",
            "ssdistnr": -999.0,
            "ssnamenr": "null",
            "drb": 0.9999709725379944
        },
        {
            "candid": 1134523484915015017,
            "jd": 2458889.0234838,
            "ra": 212.5557097,
            "dec": -6.822519,
            "fid": 1,
            "nid": 1134,
            "magpsf": 18.271699905395508,
            "sigmapsf": 0.1896969974040985,
            "magnr": 19.506999969482422,
            "sigmagnr": 0.09099999815225601,
            "magzpsci": 26.246700286865234,
            "isdiffpos": "t",
            "ssdistnr": -999.0,
            "ssnamenr": "null",
            "drb": 0.9802719950675964
        },
        {
            "candid": 1141480824915015011,
            "jd": 2458895.9808218,
            "ra": 212.5556306,
            "dec": -6.8224153,
            "fid": 2,
            "nid": 1141,
            "magpsf": 18.37619972229004,
            "sigmapsf": 0.0965770035982132,
            "magnr": 19.011999130249023,
            "sigmagnr": 0.11400000005960464,
            "magzpsci": 26.1481990814209,
            "isdiffpos": "t",
            "ssdistnr": -999.0,
            "ssnamenr": "null",
            "drb": 1.0
        },
        {
            "candid": 1141541194915015009,
            "jd": 2458896.0411921,
            "ra": 212.555625,
            "dec": -6.8224589,
            "fid": 1,
            "nid": 1141,
            "magpsf": 19.11240005493164,
            "sigmapsf": 0.13800999522209167,
            "magnr": 19.506999969482422,
            "sigmagnr": 0.09099999815225601,
            "magzpsci": 26.24340057373047,
            "isdiffpos": "t",
            "ssdistnr": -999.0,
            "ssnamenr": "null",
            "drb": 1.0
        },
        {
            "candid": 1146459654915015007,
            "jd": 2458900.9596528,
            "ra": 212.55564,
            "dec": -6.8224395,
            "fid": 2,
            "nid": 1146,
            "magpsf": 18.390300750732422,
            "sigmapsf": 0.25919198989868164,
            "magnr": 19.011999130249023,
            "sigmagnr": 0.11400000005960464,
            "magzpsci": 24.82830047607422,
            "isdiffpos": "t",
            "ssdistnr": -999.0,
            "ssnamenr": "-999.0",
            "drb": null
        },
        {
            "candid": 1158442164915015022,
            "jd": 2458912.9421644,
            "ra": 212.5556275,
            "dec": -6.8224435,
            "fid": 2,
            "nid": 1158,
            "magpsf": 19.206300735473633,
            "sigmapsf": 0.15675799548625946,
            "magnr": 19.011999130249023,
            "sigmagnr": 0.11400000005960464,
            "magzpsci": 26.130300521850586,
            "isdiffpos": "t",
            "ssdistnr": -999.0,
            "ssnamenr": "null",
            "drb": 0.9999960064888
        },
        {
            "jd": 2458853.02215,
            "fid": 1,
            "diffmaglim": 20.180999755859375
        },
        {
            "jd": 2458862.00084,
            "fid": 1,
            "diffmaglim": 19.006999969482422
        },
        {
            "jd": 2458862.07888,
            "fid": 2,
            "diffmaglim": 19.05500030517578
        },
        {
            "jd": 2458900.89532,
            "fid": 1,
            "diffmaglim": 19.66900062561035
        }
    ],
    "forcedphot": []
}