{
    "objectId": "ZTF22aalfmec",
    "candidates": [
        {
            "candid": 1973411135215015008,
            "jd": 2459727.9111343,
            "ra": 328.5975356,
            "dec": 15.1542616,
            "fid": 2,
            "nid": 1973,
            "magpsf": 19.209999084472656,
            "sigmapsf": 0.12039700150489807,
            "magnr": 18.569000244140625,
            "sigmagnr": 0.13199999928474426,
            "magzpsci": 26.027099609375,
            "isdiffpos": "t",
            "ssdistnr": null,
            "ssnamenr": null,
            "drb": 1.0
        },
        {
            "candid": 1973447435215015008,
            "jd": 2459727.9474306,
            "ra": 328.597373,
            "dec": 15.154312,
            "fid": 1,
            "nid": 1973,
            "magpsf": 20.638200759887695,
            "sigmapsf": 0.31379300355911255,
            "magnr": 19.10700035095215,
            "sigmagnr": 0.1120000034570694,
            "magzpsci": 26.06220054626465,
            "isdiffpos": "t",
            "ssdistnr": null,
            "ssnamenr": null,
            "drb": null
        },
        {
            "candid": 1977442095215015007,
            "jd": 2459731.9420949,
            "ra": 328.5975167,
            "dec": 15.1543003,
            "fid": 2,
            "nid": 1977,
            "magpsf": 18.86039924621582,
            "sigmapsf": 0.12801699340343475,
            "magnr": 18.569000244140625,
            "sigmagnr": 0.13199999928474426,
            "magzpsci": 26.216400146484375,
            "isdiffpos": "t",
            "ssdistnr": null,
            "ssnamenr": null,
            "drb": null
        },
        {
            "candid": 1979426135215015009,
            "jd": 2459733.9261343,
            "ra": 328.597511,
            "dec": 15.1543066,
            "fid": 2,
            "nid": 1979,
            "magpsf": 18.690399169921875,
            "sigmapsf": 0.08231700211763382,
            "magnr": 18.569000244140625,
            "sigmagnr": 0.13199999928474426,
            "magzpsci": 26.19540023803711,
            "isdiffpos": "t",
            "ssdistnr": null,
            "ssnamenr": null,
            "drb": null
        },
        {
            "candid": 1979455595215015016,
            "jd": 2459733.9555903,
            "ra": 328.5975554,
            "dec": 15.1543626,
            "fid": 1,
            "nid": 1979,
            "magpsf": 19.97209930419922,
            "sigmapsf": 0.10624100267887115,
            "magnr": 19.10700035095215,
            "sigmagnr": 0.1120000034570694,
            "magzpsci": 26.306100845336914,
            "isdiffpos": "t",
            "ssdistnr": null,
            "ssnamenr": null,
            "drb": null
        },
        {
            "candid": 1983433945215015007,
            "jd": 2459737.9339468,
            "ra": 328.5974933,
            "dec": 15.1543213,
            "fid": 1,
            "nid": 1983,
            "magpsf": 20.06329917907715,
            "sigmapsf": 0.17494000494480133,
            "magnr": 19.10700035095215,
            "sigmagnr": 0.1120000034570694,
            "magzpsci": 26.31329917907715,
            "isdiffpos": "t",
            "ssdistnr": null,
            "ssnamenr": null,
            "drb": null
        },
        {
            "candid": 1983449165215015009,
            "jd": 2459737.9491667,
            "ra": 328.5974883,
            "dec": 15.1543342,
            "fid": 2,
            "nid": 1983,
            "magpsf": 18.538799285888672,
            "sigmapsf": 0.07534000277519226,
            "magnr": 18.569000244140625,
            "sigmagnr": 0.13199999928474426,
            "magzpsci": 26.233800888061523,
            "isdiffpos": "t",
            "ssdistnr": null,
            "ssnamenr": null,
            "drb": null
        },
        {
            "candid": 1985406385215015007,
            "jd": 2459739.9063889,
            "ra": 328.5974715,
            "dec": 15.1543454,
            "fid": 1,
            "nid": 1985,
            "magpsf": 20.157100677490234,
            "sigmapsf": 0.18510699272155762,
            "magnr": 19.10700035095215,
            "sigmagnr": 0.1120000034570694,
            "magzpsci": 26.258100509643555,
            "isdiffpos": "t",
            "ssdistnr": null,
            "ssnamenr": null,
            "drb": null
        },
        {
            "candid": 1985446865215015015,
            "jd": 2459739.9468634,
            "ra": 328.5975169,
            "dec": 15.1543337,
            "fid": 2,
            "nid": 1985,
            "magpsf": 18.603200912475586,
            "sigmapsf": 0.08625199645757675,
            "magnr": 18.569000244140625,
            "sigmagnr": 0.13199999928474426,
            "magzpsci": 26.224199295043945,
            "isdiffpos": "t",
            "ssdistnr": null,
            "ssnamenr": null,
            "drb": null
        },
        {
            "candid": 1987453765215015007,
            "jd": 2459741.9537616,
            "ra": 328.5975007,
            "dec": 15.1543845,
            "fid": 1,
            "nid": 1987,
            "magpsf": 20.50309944152832,
            "sigmapsf": 0.3071190118789673,
            "magnr": 19.10700035095215,
            "sigmagnr": 0.1120000034570694,
            "magzpsci": 26.240100860595703,
            "isdiffpos": "t",
            "ssdistnr": null,
            "ssnamenr": null,
            "drb": null
        },
        {
            "candid": 1990379745215015006,
            "jd": 2459744.8797454,
            "ra": 328.5974881,
            "dec": 15.1542946,
            "fid": 2,
            "nid": 1990,
            "magpsf": 18.723400115966797,
            "sigmapsf": 0.12860000133514404,
            "magnr": 18.569000244140625,
            "sigmagnr": 0.13199999928474426,
            "magzpsci": 26.220399856567383,
            "isdiffpos": "t",
            "ssdistnr": null,
            "ssnamenr": null,
            "drb": null
        },
        {
            "candid": 1994422685215015007,
            "jd": 2459748.9226852,
            "ra": 328.597458,
            "dec": 15.1543477,
            "fid": 2,
            "nid": 1994,
            "magpsf": 19.06279945373535,
            "sigmapsf": 0.11523900181055069,
            "magnr": 18.569000244140625,
            "sigmagnr": 0.13199999928474426,
            "magzpsci": 26.225799560546875,
            "isdiffpos": "t",
            "ssdistnr": null,
            "ssnamenr": null,
            "drb": null
        },
        {
            "candid": 1996382095215015005,
            "jd": 2459750.8820949,
            "ra": 328.5974835,
            "dec": 15.1543189,
            "fid": 2,
            "nid": 1996,
            "magpsf": 19.25550079345703,
            "sigmapsf": 0.14043399691581726,
            "magnr": 18.569000244140625,
            "sigmagnr": 0.13199999928474426,
            "magzpsci": 26.214500427246094,
            "isdiffpos": "t",
            "ssdistnr": null,
            "ssnamenr": null,
            "drb": null
        },
        {
            "candid": 1998410875215015008,
            "jd": 2459752.9108796,
            "ra": 328.5975204,
            "dec": 15.1543505,
            "fid": 2,
            "nid": 1998,
            "magpsf": 19.267799377441406,
            "sigmapsf": 0.11651500314474106,
            "magnr": 18.569000244140625,
            "sigmagnr": 0.13199999928474426,
            "magzpsci": 26.1387996673584,
            "isdiffpos": "t",
            "ssdistnr": null,
            "ssnamenr": null,
            "drb": null
        },
        {
            "candid": 2001441485215015008,
            "jd": 2459755.9414815,
            "ra": 328.5975528,
            "dec": 15.1542739,
            "fid": 2,
            "nid": 2001,
            "magpsf": 19.368900299072266,
            "sigmapsf": 0.12207899987697601,
            "magnr": 18.569000244140625,
            "sigmagnr": 0.13199999928474426,
            "magzpsci": 26.23590087890625,
            "isdiffpos": "t",
            "ssdistnr": null,
            "ssnamenr": null,
            "drb": null
        },
        {
            "candid": 2008442395215015001,
            "jd": 2459762.9423958,
            "ra": 328.5974667,
            "dec": 15.1543123,
            "fid": 3,
            "nid": 2008,
            "magpsf": 19.29680061340332,
            "sigmapsf": 0.1267540007829666,
            "magnr": 18.097999572753906,
            "sigmagnr": 0.13899999856948853,
            "magzpsci": 25.540800094604492,
            "isdiffpos": "t",
            "ssdistnr": null,
            "ssnamenr": null,
            "drb": null
        },
        {
            "candid": 2010395715215015005,
            "jd": 2459764.8957176,
            "ra": 328.5975151,
            "dec": 15.1542864,
            "fid": 2,
            "nid": 2010,
            "magpsf": 19.918800354003906,
            "sigmapsf": 0.22835999727249146,
            "magnr": 18.569000244140625,
            "sigmagnr": 0.13199999928474426,
            "magzpsci": 26.245800018310547,
            "isdiffpos": "t",
            "ssdistnr": null,
            "ssnamenr": null,
            "drb": null
        },
        {
            "candid": 2012379075215015008,
            "jd": 2459766.8790741,
            "ra": 328.5975311,
            "dec": 15.1543461,
            "fid": 2,
            "nid": 2012,
            "magpsf": 19.967525482177734,
            "sigmapsf": 0.1423991322517395,
            "magnr": 18.569000244140625,
            "sigmagnr": 0.13199999928474426,
            "magzpsci": 26.24952507019043,
            "isdiffpos": "t",
            "ssdistnr": -999.0,
            "ssnamenr": "null",
            "drb": null
        },
        {
            "jd": 2459698.9473958,
            "fid": 1,
            "diffmaglim": 19.831899642944336
        },
        {
            "jd": 2459699.0024421,
            "fid": 2,
            "diffmaglim": 19.3169002532959
        },
        {
            "jd": 2459707.96125,
            "fid": 2,
            "diffmaglim": 19.667699813842773
        },
        {
            "jd": 2459709.927338,
            "fid": 2,
            "diffmaglim": 19.745399475097656
        },
        {
            "jd": 2459709.9657407,
            "fid": 2,
            "diffmaglim": 18.504100799560547
        },
        {
            "jd": 2459711.9322106,
            "fid": 1,
            "diffmaglim": 19.286399841308594
        },
        {
            "jd": 2459713.9089699,
            "fid": 2,
            "diffmaglim": 19.09819984436035
        },
        {
            "jd": 2459713.9447569,
            "fid": 1,
            "diffmaglim": 19.497499465942383
        },
        {
            "jd": 2459718.9289815,
            "fid": 2,
            "diffmaglim": 19.718000411987305
        },
        {
            "jd": 2459718.9550347,
            "fid": 2,
            "diffmaglim": 19.647199630737305
        },
        {
            "jd": 2459720.9862037,
            "fid": 2,
            "diffmaglim": 19.743799209594727
        },
        {
            "jd": 2459723.9247338,
            "fid": 1,
            "diffmaglim": 20.150699615478516
        },
        {
            "jd": 2459725.9376042,
            "fid": 2,
            "diffmaglim": 20.662500381469727
        },
        {
            "jd": 2459725.9559838,
            "fid": 1,
            "diffmaglim": 20.67799949645996
        },
        {
            "jd": 2459741.8845602,
            "fid": 2,
            "diffmaglim": 19.821699142456055
        },
        {
            "jd": 2459748.9002662,
            "fid": 1,
            "diffmaglim": 19.607999801635742
        },
        {
            "jd": 2459750.9134259,
            "fid": 1,
            "diffmaglim": 20.128799438476562
        },
        {
            "jd": 2459752.9411111,
            "fid": 1,
            "diffmaglim": 20.51289939880371
        },
        {
            "jd": 2459755.9185069,
            "fid": 1,
            "diffmaglim": 20.677900314331055
        },
        {
            "jd": 2459757.8940046,
            "fid": 1,
            "diffmaglim": 20.755199432373047
        },
        {
            "jd": 2459757.919456,
            "fid": 1,
            "diffmaglim": 20.65290069580078
        },
        {
            "jd": 2459759.956713,
            "fid": 1,
            "diffmaglim": 20.893299102783203
        },
        {
            "jd": 2459762.8634028,
            "fid": 1,
            "diffmaglim": 20.544200897216797
        },
        {
            "jd": 2459764.920625,
            "fid": 1,
            "diffmaglim": 20.78380012512207
        }
    ],
    "forcedphot": []
}