{
    "objectId": "ZTF21aaqzfpe",
    "candidates": [
        {
            "candid": 1550281453615015000,
            "jd": 2459304.7814583,
            "ra": 182.4454345,
            "dec": 56.5259388,
            "fid": 2,
            "nid": 1550,
            "magpsf": 19.586999893188477,
            "sigmapsf": 0.18660199642181396,
            "magnr": 19.208999633789062,
            "sigmagnr": 0.10899999737739563,
            "magzpsci": 26.243000030517578,
            "isdiffpos": "t",
            "ssdistnr": null,
            "ssnamenr": null,
            "drb": 0.9997959733009338
        },
        {
            "candid": 1555199343615015007,
            "jd": 2459309.6993403,
            "ra": 182.4452715,
            "dec": 56.5260485,
            "fid": 1,
            "nid": 1555,
            "magpsf": 20.349599838256836,
            "sigmapsf": 0.14385400712490082,
            "magnr": 19.601999282836914,
            "sigmagnr": 0.09099999815225601,
            "magzpsci": 26.28660011291504,
            "isdiffpos": "t",
            "ssdistnr": null,
            "ssnamenr": null,
            "drb": null
        },
        {
            "candid": 1557179493615015003,
            "jd": 2459311.6794907,
            "ra": 182.4452908,
            "dec": 56.526001,
            "fid": 2,
            "nid": 1557,
            "magpsf": 19.223100662231445,
            "sigmapsf": 0.07121799886226654,
            "magnr": 19.208999633789062,
            "sigmagnr": 0.10899999737739563,
            "magzpsci": 26.199100494384766,
            "isdiffpos": "t",
            "ssdistnr": null,
            "ssnamenr": null,
            "drb": null
        },
        {
            "candid": 1557242443615015000,
            "jd": 2459311.7424421,
            "ra": 182.4451825,
            "dec": 56.5260163,
            "fid": 1,
            "nid": 1557,
            "magpsf": 20.20560073852539,
            "sigmapsf": 0.20233799517154694,
            "magnr": 19.601999282836914,
            "sigmagnr": 0.09099999815225601,
            "magzpsci": 26.219600677490234,
            "isdiffpos": "t",
            "ssdistnr": null,
            "ssnamenr": null,
            "drb": null
        },
        {
            "candid": 1559220693615015003,
            "jd": 2459313.7206944,
            "ra": 182.4452857,
            "dec": 56.5259979,
            "fid": 2,
            "nid": 1559,
            "magpsf": 19.201900482177734,
            "sigmapsf": 0.07450299710035324,
            "magnr": 19.208999633789062,
            "sigmagnr": 0.10899999737739563,
            "magzpsci": 26.296899795532227,
            "isdiffpos": "t",
            "ssdistnr": null,
            "ssnamenr": null,
            "drb": null
        },
        {
            "candid": 1559271133615015008,
            "jd": 2459313.7711343,
            "ra": 182.4453336,
            "dec": 56.5259877,
            "fid": 1,
            "nid": 1559,
            "magpsf": 20.346500396728516,
            "sigmapsf": 0.19517099857330322,
            "magnr": 19.601999282836914,
            "sigmagnr": 0.09099999815225601,
            "magzpsci": 26.193500518798828,
            "isdiffpos": "t",
            "ssdistnr": null,
            "ssnamenr": null,
            "drb": null
        },
        {
            "candid": 1561262483615015016,
            "jd": 2459315.7624884,
            "ra": 182.4452138,
            "dec": 56.5260809,
            "fid": 2,
            "nid": 1561,
            "magpsf": 19.152099609375,
            "sigmapsf": 0.30088600516319275,
            "magnr": 19.208999633789062,
            "sigmagnr": 0.10899999737739563,
            "magzpsci": 24.85810089111328,
            "isdiffpos": "t",
            "ssdistnr": null,
            "ssnamenr": null,
            "drb": null
        },
        {
            "candid": 1563201593615015002,
            "jd": 2459317.7015972,
            "ra": 182.4452319,
            "dec": 56.5259771,
            "fid": 2,
            "nid": 1563,
            "magpsf": 19.18549919128418,
            "sigmapsf": 0.06359899789094925,
            "magnr": 19.208999633789062,
            "sigmagnr": 0.10899999737739563,
            "magzpsci": 26.282499313354492,
            "isdiffpos": "t",
            "ssdistnr": null,
            "ssnamenr": null,
            "drb": null
        },
        {
            "candid": 1563201593615025002,
            "jd": 2459317.7015972,
            "ra": 182.4452319,
            "dec": 56.5259771,
            "fid": 2,
            "nid": 1563,
            "magpsf": 19.18549919128418,
            "sigmapsf": 0.06359899789094925,
            "magnr": 19.208999633789062,
            "sigmagnr": 0.10899999737739563,
            "magzpsci": 26.282499313354492,
            "isdiffpos": "t",
            "ssdistnr": null,
            "ssnamenr": null,
            "drb": null
        },
        {
            "candid": 1563243313615015003,
            "jd": 2459317.7433102,
            "ra": 182.4452909,
            "dec": 56.5260579,
            "fid": 1,
            "nid": 1563,
            "magpsf": 20.541900634765625,
            "sigmapsf": 0.21932299435138702,
            "magnr": 19.601999282836914,
            "sigmagnr": 0.09099999815225601,
            "magzpsci": 26.308900833129883,
            "isdiffpos": "t",
            "ssdistnr": null,
            "ssnamenr": null,
            "drb": null
        },
        {
            "candid": 1563243313615025003,
            "jd": 2459317.7433102,
            "ra": 182.4452909,
            "dec": 56.5260579,
            "fid": 1,
            "nid": 1563,
            "magpsf": 20.541900634765625,
            "sigmapsf": 0.21932299435138702,
            "magnr": 19.601999282836914,
            "sigmagnr": 0.09099999815225601,
            "magzpsci": 26.308900833129883,
            "isdiffpos": "t",
            "ssdistnr": null,
            "ssnamenr": null,
            "drb": null
        },
        {
            "candid": 1569346423615015001,
            "jd": 2459323.8464236,
            "ra": 182.44525,
            "dec": 56.5259874,
            "fid": 2,
            "nid": 1569,
            "magpsf": 19.262500762939453,
            "sigmapsf": 0.08448900282382965,
            "magnr": 19.208999633789062,
            "sigmagnr": 0.10899999737739563,
            "magzpsci": 26.258499145507812,
            "isdiffpos": "t",
            "ssdistnr": null,
            "ssnamenr": null,
            "drb": null
        },
        {
            "candid": 1571261673615015006,
            "jd": 2459325.7616782,
            "ra": 182.4452267,
            "dec": 56.5260084,
            "fid": 2,
            "nid": 1571,
            "magpsf": 19.372699737548828,
            "sigmapsf": 0.10037499666213989,
            "magnr": 19.208999633789062,
            "sigmagnr": 0.10899999737739563,
            "magzpsci": 26.27869987487793,
            "isdiffpos": "t",
            "ssdistnr": null,
            "ssnamenr": null,
            "drb": null
        },
        {
            "candid": 1584266163615015003,
            "jd": 2459338.766169,
            "ra": 182.4451995,
            "dec": 56.5259927,
            "fid": 2,
            "nid": 1584,
            "magpsf": 20.149799346923828,
            "sigmapsf": 0.15683700144290924,
            "magnr": 19.208999633789062,
            "sigmagnr": 0.10899999737739563,
            "magzpsci": 26.258800506591797,
            "isdiffpos": "t",
            "ssdistnr": null,
            "ssnamenr": null,
            "drb": null
        },
        {
            "candid": 1588306313615015000,
            "jd": 2459342.8063194,
            "ra": 182.4452727,
            "dec": 56.5260123,
            "fid": 2,
            "nid": 1588,
            "magpsf": 20.197799682617188,
            "sigmapsf": 0.18170300126075745,
            "magnr": 19.208999633789062,
            "sigmagnr": 0.10899999737739563,
            "magzpsci": 26.247800827026367,
            "isdiffpos": "t",
            "ssdistnr": null,
            "ssnamenr": null,
            "drb": null
        },
        {
            "candid": 1592387453615015002,
            "jd": 2459346.8874537,
            "ra": 182.4453129,
            "dec": 56.5260044,
            "fid": 2,
            "nid": 1592,
            "magpsf": 20.22709083557129,
            "sigmapsf": 0.2001899927854538,
            "magnr": 19.208999633789062,
            "sigmagnr": 0.10899999737739563,
            "magzpsci": 26.180089950561523,
            "isdiffpos": "t",
            "ssdistnr": -999.0,
            "ssnamenr": "null",
            "drb": null
        },
        {
            "jd": 2459275.6827546,
            "fid": 1,
            "diffmaglim": 19.87070083618164
        },
        {
            "jd": 2459275.8349421,
            "fid": 2,
            "diffmaglim": 19.722999572753906
        },
        {
            "jd": 2459278.8219792,
            "fid": 1,
            "diffmaglim": 20.10700035095215
        },
        {
            "jd": 2459278.9322685,
            "fid": 2,
            "diffmaglim": 20.037200927734375
        },
        {
            "jd": 2459281.7387847,
            "fid": 2,
            "diffmaglim": 19.59749984741211
        },
        {
            "jd": 2459291.778831,
            "fid": 1,
            "diffmaglim": 20.000999450683594
        },
        {
            "jd": 2459291.8402546,
            "fid": 2,
            "diffmaglim": 20.48870086669922
        },
        {
            "jd": 2459293.7435995,
            "fid": 2,
            "diffmaglim": 20.240400314331055
        },
        {
            "jd": 2459293.8035185,
            "fid": 1,
            "diffmaglim": 20.094999313354492
        },
        {
            "jd": 2459296.8289815,
            "fid": 1,
            "diffmaglim": 19.625
        },
        {
            "jd": 2459300.8328819,
            "fid": 1,
            "diffmaglim": 19.052900314331055
        },
        {
            "jd": 2459302.7602894,
            "fid": 2,
            "diffmaglim": 19.449800491333008
        },
        {
            "jd": 2459302.8526852,
            "fid": 1,
            "diffmaglim": 19.45509910583496
        },
        {
            "jd": 2459304.7431713,
            "fid": 1,
            "diffmaglim": 19.20199966430664
        },
        {
            "jd": 2459307.7629977,
            "fid": 2,
            "diffmaglim": 20.490100860595703
        },
        {
            "jd": 2459307.7853009,
            "fid": 1,
            "diffmaglim": 20.239200592041016
        },
        {
            "jd": 2459309.7608681,
            "fid": 2,
            "diffmaglim": 20.59779930114746
        },
        {
            "jd": 2459315.7181481,
            "fid": 1,
            "diffmaglim": 19.653499603271484
        },
        {
            "jd": 2459321.7603356,
            "fid": 1,
            "diffmaglim": 20.374799728393555
        },
        {
            "jd": 2459321.7856713,
            "fid": 2,
            "diffmaglim": 20.603200912475586
        },
        {
            "jd": 2459323.7855903,
            "fid": 1,
            "diffmaglim": 20.07080078125
        },
        {
            "jd": 2459325.8409722,
            "fid": 1,
            "diffmaglim": 19.464500427246094
        },
        {
            "jd": 2459329.7600347,
            "fid": 2,
            "diffmaglim": 19.7268009185791
        },
        {
            "jd": 2459329.8466551,
            "fid": 1,
            "diffmaglim": 19.326499938964844
        },
        {
            "jd": 2459335.7031134,
            "fid": 2,
            "diffmaglim": 20.187000274658203
        },
        {
            "jd": 2459335.7483912,
            "fid": 1,
            "diffmaglim": 19.89310073852539
        },
        {
            "jd": 2459338.8228125,
            "fid": 1,
            "diffmaglim": 19.89940071105957
        },
        {
            "jd": 2459340.7225116,
            "fid": 1,
            "diffmaglim": 20.29210090637207
        },
        {
            "jd": 2459340.7623727,
            "fid": 2,
            "diffmaglim": 20.61079978942871
        },
        {
            "jd": 2459342.8248032,
            "fid": 1,
            "diffmaglim": 20.431800842285156
        },
        {
            "jd": 2459344.711331,
            "fid": 2,
            "diffmaglim": 20.655399322509766
        },
        {
            "jd": 2459344.7605324,
            "fid": 1,
            "diffmaglim": 20.361099243164062
        },
        {
            "jd": 2459346.8490046,
            "fid": 1,
            "diffmaglim": 20.50029945373535
        }
    ],
    "forcedphot": []
}