{
    "objectId": "ZTF20acueziy",
    "candidates": [
        {
            "candid": 1428125060815015003,
            "jd": 2459182.6250694,
            "ra": 353.0088776,
            "dec": 23.5575787,
            "fid": 2,
            "nid": 1428,
            "magpsf": 19.16200065612793,
            "sigmapsf": 0.13113099336624146,
            "magnr": 16.820999145507812,
            "sigmagnr": 0.09000000357627869,
            "magzpsci": 26.31800079345703,
            "isdiffpos": "t",
            "ssdistnr": -999.0,
            "ssnamenr": "null",
            "drb": 0.9959040284156799
        },
        {
            "candid": 1430121560815015010,
            "jd": 2459184.6215625,
            "ra": 353.0089528,
            "dec": 23.5575908,
            "fid": 2,
            "nid": 1430,
            "magpsf": 18.625699996948242,
            "sigmapsf": 0.07158099859952927,
            "magnr": 16.820999145507812,
            "sigmagnr": 0.09000000357627869,
            "magzpsci": 26.316699981689453,
            "isdiffpos": "t",
            "ssdistnr": -999.0,
            "ssnamenr": "null",
            "drb": 0.9996169805526733
        },
        {
            "candid": 1430160960815015002,
            "jd": 2459184.6609606,
            "ra": 353.0089367,
            "dec": 23.5575457,
            "fid": 1,
            "nid": 1430,
            "magpsf": 19.03860092163086,
            "sigmapsf": 0.11755199730396271,
            "magnr": 17.530000686645508,
            "sigmagnr": 0.07199999690055847,
            "magzpsci": 26.45359992980957,
            "isdiffpos": "t",
            "ssdistnr": -999.0,
            "ssnamenr": "null",
            "drb": 0.9999920129776001
        },
        {
            "candid": 1434171140815015007,
            "jd": 2459188.6711458,
            "ra": 353.0089394,
            "dec": 23.5575203,
            "fid": 1,
            "nid": 1434,
            "magpsf": 18.32550048828125,
            "sigmapsf": 0.06371500343084335,
            "magnr": 17.530000686645508,
            "sigmagnr": 0.07199999690055847,
            "magzpsci": 26.399499893188477,
            "isdiffpos": "t",
            "ssdistnr": -999.0,
            "ssnamenr": "null",
            "drb": 0.9999819993972778
        },
        {
            "candid": 1434249600815015017,
            "jd": 2459188.7496065,
            "ra": 353.008934,
            "dec": 23.5575219,
            "fid": 2,
            "nid": 1434,
            "magpsf": 17.980300903320312,
            "sigmapsf": 0.05567000061273575,
            "magnr": 16.820999145507812,
            "sigmagnr": 0.09000000357627869,
            "magzpsci": 26.288299560546875,
            "isdiffpos": "t",
            "ssdistnr": -999.0,
            "ssnamenr": "null",
            "drb": 0.9998859763145447
        },
        {
            "candid": 1438201950815015041,
            "jd": 2459192.701956,
            "ra": 353.0089676,
            "dec": 23.5575195,
            "fid": 1,
            "nid": 1438,
            "magpsf": 18.42009925842285,
            "sigmapsf": 0.09384000301361084,
            "magnr": 17.530000686645508,
            "sigmagnr": 0.07199999690055847,
            "magzpsci": 26.2460994720459,
            "isdiffpos": "t",
            "ssdistnr": -999.0,
            "ssnamenr": "null",
            "drb": 0.9999729990959167
        },
        {
            "candid": 1440130550815015017,
            "jd": 2459194.6305556,
            "ra": 353.0089493,
            "dec": 23.5575221,
            "fid": 2,
            "nid": 1440,
            "magpsf": 17.777599334716797,
            "sigmapsf": 0.05452999845147133,
            "magnr": 16.820999145507812,
            "sigmagnr": 0.09000000357627869,
            "magzpsci": 26.319599151611328,
            "isdiffpos": "t",
            "ssdistnr": -999.0,
            "ssnamenr": "null",
            "drb": 0.9999449849128723
        },
        {
            "candid": 1440194750815015013,
            "jd": 2459194.6947569,
            "ra": 353.0089631,
            "dec": 23.5575375,
            "fid": 1,
            "nid": 1440,
            "magpsf": 18.541500091552734,
            "sigmapsf": 0.0882209986448288,
            "magnr": 17.530000686645508,
            "sigmagnr": 0.07199999690055847,
            "magzpsci": 26.38450050354004,
            "isdiffpos": "t",
            "ssdistnr": -999.0,
            "ssnamenr": "null",
            "drb": 0.999921977519989
        },
        {
            "candid": 1443155910815015042,
            "jd": 2459197.6559144,
            "ra": 353.0089251,
            "dec": 23.5575734,
            "fid": 2,
            "nid": 1443,
            "magpsf": 17.90169906616211,
            "sigmapsf": 0.09514500200748444,
            "magnr": 16.820999145507812,
            "sigmagnr": 0.09000000357627869,
            "magzpsci": 25.222700119018555,
            "isdiffpos": "t",
            "ssdistnr": -999.0,
            "ssnamenr": "null",
            "drb": 0.9999970197677612
        },
        {
            "candid": 1445137690815015014,
            "jd": 2459199.6376968,
            "ra": 353.0089001,
            "dec": 23.5575957,
            "fid": 2,
            "nid": 1445,
            "magpsf": 17.96299934387207,
            "sigmapsf": 0.09612700343132019,
            "magnr": 16.820999145507812,
            "sigmagnr": 0.09000000357627869,
            "magzpsci": 26.30299949645996,
            "isdiffpos": "t",
            "ssdistnr": -999.0,
            "ssnamenr": "null",
            "drb": 0.9969189763069153
        },
        {
            "candid": 1445173680815015009,
            "jd": 2459199.6736806,
            "ra": 353.0089869,
            "dec": 23.5575592,
            "fid": 1,
            "nid": 1445,
            "magpsf": 19.052099227905273,
            "sigmapsf": 0.09956800192594528,
            "magnr": 17.530000686645508,
            "sigmagnr": 0.07199999690055847,
            "magzpsci": 26.402099609375,
            "isdiffpos": "t",
            "ssdistnr": -999.0,
            "ssnamenr": "null",
            "drb": 0.9998679757118225
        },
        {
            "candid": 1448133140815015014,
            "jd": 2459202.6331481,
            "ra": 353.0089504,
            "dec": 23.5575511,
            "fid": 2,
            "nid": 1448,
            "magpsf": 18.19059944152832,
            "sigmapsf": 0.05274700000882149,
            "magnr": 16.820999145507812,
            "sigmagnr": 0.09000000357627869,
            "magzpsci": 26.309600830078125,
            "isdiffpos": "t",
            "ssdistnr": -999.0,
            "ssnamenr": "null",
            "drb": 1.0
        },
        {
            "candid": 1448184430815015017,
            "jd": 2459202.6844329,
            "ra": 353.009027,
            "dec": 23.5575877,
            "fid": 1,
            "nid": 1448,
            "magpsf": 19.436599731445312,
            "sigmapsf": 0.14213700592517853,
            "magnr": 17.530000686645508,
            "sigmagnr": 0.07199999690055847,
            "magzpsci": 26.377599716186523,
            "isdiffpos": "t",
            "ssdistnr": -999.0,
            "ssnamenr": "null",
            "drb": 0.9985929727554321
        },
        {
            "candid": 1450125010815015009,
            "jd": 2459204.6250116,
            "ra": 353.0087904,
            "dec": 23.5575874,
            "fid": 1,
            "nid": 1450,
            "magpsf": 19.44070053100586,
            "sigmapsf": 0.14894999563694,
            "magnr": 17.530000686645508,
            "sigmagnr": 0.07199999690055847,
            "magzpsci": 26.412700653076172,
            "isdiffpos": "t",
            "ssdistnr": -999.0,
            "ssnamenr": "-999.0",
            "drb": null
        },
        {
            "candid": 1450179680815015021,
            "jd": 2459204.6796875,
            "ra": 353.0089413,
            "dec": 23.5575481,
            "fid": 2,
            "nid": 1450,
            "magpsf": 18.350400924682617,
            "sigmapsf": 0.07143700122833252,
            "magnr": 16.820999145507812,
            "sigmagnr": 0.09000000357627869,
            "magzpsci": 26.279399871826172,
            "isdiffpos": "t",
            "ssdistnr": -999.0,
            "ssnamenr": "-999.0",
            "drb": null
        },
        {
            "candid": 1456122690815015025,
            "jd": 2459210.6226968,
            "ra": 353.0089075,
            "dec": 23.5575666,
            "fid": 2,
            "nid": 1456,
            "magpsf": 19.03890037536621,
            "sigmapsf": 0.11392699927091599,
            "magnr": 16.820999145507812,
            "sigmagnr": 0.09000000357627869,
            "magzpsci": 26.28689956665039,
            "isdiffpos": "t",
            "ssdistnr": -999.0,
            "ssnamenr": "null",
            "drb": 0.9999719858169556
        },
        {
            "candid": 1464143420815015008,
            "jd": 2459218.6434259,
            "ra": 353.0088764,
            "dec": 23.5575734,
            "fid": 2,
            "nid": 1464,
            "magpsf": 19.227100372314453,
            "sigmapsf": 0.12512700259685516,
            "magnr": 16.820999145507812,
            "sigmagnr": 0.09000000357627869,
            "magzpsci": 26.251100540161133,
            "isdiffpos": "t",
            "ssdistnr": -999.0,
            "ssnamenr": "null",
            "drb": 0.9999449849128723
        },
        {
            "candid": 1466104530815015011,
            "jd": 2459220.604537,
            "ra": 353.0089041,
            "dec": 23.5575593,
            "fid": 2,
            "nid": 1466,
            "magpsf": 19.355899810791016,
            "sigmapsf": 0.10689699649810791,
            "magnr": 16.820999145507812,
            "sigmagnr": 0.09000000357627869,
            "magzpsci": 26.283899307250977,
            "isdiffpos": "t",
            "ssdistnr": -999.0,
            "ssnamenr": "null",
            "drb": 0.9999510049819946
        },
        {
            "candid": 1469123140815015008,
            "jd": 2459223.6231481,
            "ra": 353.0088748,
            "dec": 23.5575272,
            "fid": 2,
            "nid": 1469,
            "magpsf": 19.54680061340332,
            "sigmapsf": 0.15111200511455536,
            "magnr": 16.820999145507812,
            "sigmagnr": 0.09000000357627869,
            "magzpsci": 26.274799346923828,
            "isdiffpos": "t",
            "ssdistnr": -999.0,
            "ssnamenr": "null",
            "drb": 0.9999600052833557
        },
        {
            "candid": 1471163780815015011,
            "jd": 2459225.6637847,
            "ra": 353.0090304,
            "dec": 23.5576634,
            "fid": 2,
            "nid": 1471,
            "magpsf": 19.216400146484375,
            "sigmapsf": 0.15783099830150604,
            "magnr": 16.820999145507812,
            "sigmagnr": 0.09000000357627869,
            "magzpsci": 26.21940040588379,
            "isdiffpos": "t",
            "ssdistnr": -999.0,
            "ssnamenr": "null",
            "drb": 0.9998570084571838
        },
        {
            "candid": 1475121050815015006,
            "jd": 2459229.6210532,
            "ra": 353.009045,
            "dec": 23.5576253,
            "fid": 2,
            "nid": 1475,
            "magpsf": 19.496200561523438,
            "sigmapsf": 0.18263299763202667,
            "magnr": 16.820999145507812,
            "sigmagnr": 0.09000000357627869,
            "magzpsci": 26.278200149536133,
            "isdiffpos": "t",
            "ssdistnr": -999.0,
            "ssnamenr": "null",
            "drb": 0.9999920129776001
        },
        {
            "jd": 2459153.62284,
            "fid": 2,
            "diffmaglim": 19.79800033569336
        },
        {
            "jd": 2459153.73639,
            "fid": 1,
            "diffmaglim": 19.4689998626709
        },
        {
            "jd": 2459155.69788,
            "fid": 1,
            "diffmaglim": 19.881000518798828
        },
        {
            "jd": 2459155.76388,
            "fid": 2,
            "diffmaglim": 19.898000717163086
        },
        {
            "jd": 2459157.69373,
            "fid": 1,
            "diffmaglim": 20.135000228881836
        },
        {
            "jd": 2459157.74914,
            "fid": 2,
            "diffmaglim": 20.006999969482422
        },
        {
            "jd": 2459164.73601,
            "fid": 1,
            "diffmaglim": 20.38800048828125
        },
        {
            "jd": 2459167.71186,
            "fid": 2,
            "diffmaglim": 20.538000106811523
        },
        {
            "jd": 2459167.77223,
            "fid": 1,
            "diffmaglim": 20.450000762939453
        },
        {
            "jd": 2459169.69376,
            "fid": 2,
            "diffmaglim": 20.551000595092773
        },
        {
            "jd": 2459169.7266,
            "fid": 1,
            "diffmaglim": 20.576000213623047
        },
        {
            "jd": 2459171.67405,
            "fid": 1,
            "diffmaglim": 20.783000946044922
        },
        {
            "jd": 2459173.70488,
            "fid": 1,
            "diffmaglim": 20.549999237060547
        },
        {
            "jd": 2459173.72256,
            "fid": 2,
            "diffmaglim": 20.53499984741211
        },
        {
            "jd": 2459175.7439,
            "fid": 1,
            "diffmaglim": 19.02899932861328
        },
        {
            "jd": 2459178.79971,
            "fid": 2,
            "diffmaglim": 19.086000442504883
        },
        {
            "jd": 2459180.67679,
            "fid": 1,
            "diffmaglim": 19.017000198364258
        },
        {
            "jd": 2459180.73655,
            "fid": 2,
            "diffmaglim": 18.81999969482422
        },
        {
            "jd": 2459192.64288,
            "fid": 2,
            "diffmaglim": 16.84000015258789
        },
        {
            "jd": 2459197.63936,
            "fid": 1,
            "diffmaglim": 18.56599998474121
        },
        {
            "jd": 2459206.65177,
            "fid": 1,
            "diffmaglim": 17.902999877929688
        },
        {
            "jd": 2459206.70622,
            "fid": 2,
            "diffmaglim": 17.04199981689453
        },
        {
            "jd": 2459210.68674,
            "fid": 1,
            "diffmaglim": 19.354999542236328
        },
        {
            "jd": 2459216.60295,
            "fid": 2,
            "diffmaglim": 19.77400016784668
        },
        {
            "jd": 2459216.63795,
            "fid": 1,
            "diffmaglim": 20.187999725341797
        },
        {
            "jd": 2459218.60395,
            "fid": 1,
            "diffmaglim": 20.14699935913086
        }
    ],
    "forcedphot": []
}