{
    "objectId": "ZTF24abnfuyr",
    "candidates": [
        {
            "candid": 2845505700815015003,
            "jd": 2460600.005706,
            "ra": 134.7379924,
            "dec": -4.9026861,
            "fid": 1,
            "nid": 2845,
            "magpsf": 18.057600021362305,
            "sigmapsf": 0.08578100055456161,
            "magnr": 18.57200050354004,
            "sigmagnr": 0.08699999749660492,
            "magzpsci": 26.277599334716797,
            "isdiffpos": "t",
            "ssdistnr": null,
            "ssnamenr": null,
            "drb": 0.9999986290931702
        },
        {
            "candid": 2848462070815015000,
            "jd": 2460602.9620718,
            "ra": 134.737942,
            "dec": -4.9027341,
            "fid": 1,
            "nid": 2848,
            "magpsf": 18.197599411010742,
            "sigmapsf": 0.13361600041389465,
            "magnr": 18.57200050354004,
            "sigmagnr": 0.08699999749660492,
            "magzpsci": 26.114599227905273,
            "isdiffpos": "t",
            "ssdistnr": null,
            "ssnamenr": null,
            "drb": null
        },
        {
            "candid": 2850497150815015004,
            "jd": 2460604.9971528,
            "ra": 134.7380194,
            "dec": -4.902715,
            "fid": 1,
            "nid": 2850,
            "magpsf": 18.626800537109375,
            "sigmapsf": 0.11081500351428986,
            "magnr": 18.57200050354004,
            "sigmagnr": 0.08699999749660492,
            "magzpsci": 26.31679916381836,
            "isdiffpos": "t",
            "ssdistnr": null,
            "ssnamenr": null,
            "drb": null
        },
        {
            "candid": 2850540190815015002,
            "jd": 2460605.0401968,
            "ra": 134.7380104,
            "dec": -4.9026758,
            "fid": 2,
            "nid": 2850,
            "magpsf": 17.48699951171875,
            "sigmapsf": 0.05531200021505356,
            "magnr": 17.841999053955078,
            "sigmagnr": 0.10000000149011612,
            "magzpsci": 26.27199935913086,
            "isdiffpos": "t",
            "ssdistnr": null,
            "ssnamenr": null,
            "drb": null
        },
        {
            "candid": 2852463750815015010,
            "jd": 2460606.96375,
            "ra": 134.7379995,
            "dec": -4.9026612,
            "fid": 2,
            "nid": 2852,
            "magpsf": 17.55940055847168,
            "sigmapsf": 0.05787400156259537,
            "magnr": 17.841999053955078,
            "sigmagnr": 0.10000000149011612,
            "magzpsci": 26.205400466918945,
            "isdiffpos": "t",
            "ssdistnr": null,
            "ssnamenr": null,
            "drb": null
        },
        {
            "candid": 2854465240815015001,
            "jd": 2460608.9652431,
            "ra": 134.7380039,
            "dec": -4.9027252,
            "fid": 1,
            "nid": 2854,
            "magpsf": 19.01409912109375,
            "sigmapsf": 0.10826099663972855,
            "magnr": 18.57200050354004,
            "sigmagnr": 0.08699999749660492,
            "magzpsci": 26.25309944152832,
            "isdiffpos": "t",
            "ssdistnr": null,
            "ssnamenr": null,
            "drb": null
        },
        {
            "candid": 2854521130815015003,
            "jd": 2460609.0211343,
            "ra": 134.7379947,
            "dec": -4.9026629,
            "fid": 2,
            "nid": 2854,
            "magpsf": 17.77105712890625,
            "sigmapsf": 0.06288709491491318,
            "magnr": 17.84200096130371,
            "sigmagnr": 0.10000000149011612,
            "magzpsci": 26.279056549072266,
            "isdiffpos": "t",
            "ssdistnr": -999.0,
            "ssnamenr": "null",
            "drb": null
        }
    ],
    "forcedphot": [
        {
            "objectid": "ZTF24abnfuyr",
            "jd": 2460600.005706,
            "ranr": 134.7377878,
            "decnr": -4.9028524,
            "fid": 1,
            "forcediffimflux": 1898.3057861328125,
            "forcediffimfluxunc": 79.15239715576172,
            "magzpsci": 26.277599334716797
        },
        {
            "objectid": "ZTF24abnfuyr",
            "jd": 2460602.9620718,
            "ranr": 134.7377878,
            "decnr": -4.9028524,
            "fid": 1,
            "forcediffimflux": 1285.08740234375,
            "forcediffimfluxunc": 123.23773956298828,
            "magzpsci": 26.114599227905273
        },
        {
            "objectid": "ZTF24abnfuyr",
            "jd": 2460604.9971528,
            "ranr": 134.7377878,
            "decnr": -4.9028524,
            "fid": 1,
            "forcediffimflux": 1172.859375,
            "forcediffimfluxunc": 69.53280639648438,
            "magzpsci": 26.31679916381836
        },
        {
            "objectid": "ZTF24abnfuyr",
            "jd": 2460605.0401968,
            "ranr": 134.7377472,
            "decnr": -4.9028774,
            "fid": 2,
            "forcediffimflux": 3538.26123046875,
            "forcediffimfluxunc": 67.28279113769531,
            "magzpsci": 26.27199935913086
        },
        {
            "objectid": "ZTF24abnfuyr",
            "jd": 2460606.96375,
            "ranr": 134.7377472,
            "decnr": -4.9028774,
            "fid": 2,
            "forcediffimflux": 2971.126953125,
            "forcediffimfluxunc": 60.035953521728516,
            "magzpsci": 26.205400466918945
        },
        {
            "objectid": "ZTF24abnfuyr",
            "jd": 2460608.9652431,
            "ranr": 134.7377878,
            "decnr": -4.9028524,
            "fid": 1,
            "forcediffimflux": 772.1847534179688,
            "forcediffimfluxunc": 50.50765609741211,
            "magzpsci": 26.25309944152832
        }
    ]
}