{
    "objectId": "ZTF24aagtmbq",
    "candidates": [
        {
            "candid": 2625372613215015005,
            "jd": 2460379.8726157,
            "ra": 219.5388629,
            "dec": 20.1726866,
            "fid": 1,
            "nid": 2625,
            "magpsf": 19.416200637817383,
            "sigmapsf": 0.16156400740146637,
            "magnr": 19.566999435424805,
            "sigmagnr": 0.12399999797344208,
            "magzpsci": 26.11319923400879,
            "isdiffpos": "t",
            "ssdistnr": null,
            "ssnamenr": null,
            "drb": 0.999955952167511
        },
        {
            "candid": 2634379583215015009,
            "jd": 2460388.8795833,
            "ra": 219.5389889,
            "dec": 20.1726786,
            "fid": 2,
            "nid": 2634,
            "magpsf": 18.45210075378418,
            "sigmapsf": 0.07643800228834152,
            "magnr": 19.025999069213867,
            "sigmagnr": 0.13600000739097595,
            "magzpsci": 26.236099243164062,
            "isdiffpos": "t",
            "ssdistnr": null,
            "ssnamenr": null,
            "drb": null
        },
        {
            "candid": 2634415203215015005,
            "jd": 2460388.9152083,
            "ra": 219.5389731,
            "dec": 20.172601,
            "fid": 1,
            "nid": 2634,
            "magpsf": 18.91950035095215,
            "sigmapsf": 0.10127799957990646,
            "magnr": 19.566999435424805,
            "sigmagnr": 0.12399999797344208,
            "magzpsci": 26.269500732421875,
            "isdiffpos": "t",
            "ssdistnr": null,
            "ssnamenr": null,
            "drb": null
        },
        {
            "candid": 2637268193215015010,
            "jd": 2460391.7681944,
            "ra": 219.538948,
            "dec": 20.1727001,
            "fid": 2,
            "nid": 2637,
            "magpsf": 18.405000686645508,
            "sigmapsf": 0.10234799981117249,
            "magnr": 19.025999069213867,
            "sigmagnr": 0.13600000739097595,
            "magzpsci": 26.18899917602539,
            "isdiffpos": "t",
            "ssdistnr": null,
            "ssnamenr": null,
            "drb": null
        },
        {
            "candid": 2637385113215015005,
            "jd": 2460391.8851157,
            "ra": 219.5389647,
            "dec": 20.1726634,
            "fid": 1,
            "nid": 2637,
            "magpsf": 18.863399505615234,
            "sigmapsf": 0.1229730024933815,
            "magnr": 19.566999435424805,
            "sigmagnr": 0.12399999797344208,
            "magzpsci": 26.240400314331055,
            "isdiffpos": "t",
            "ssdistnr": null,
            "ssnamenr": null,
            "drb": null
        },
        {
            "candid": 2642360333215015010,
            "jd": 2460396.8603356,
            "ra": 219.5389742,
            "dec": 20.1726707,
            "fid": 1,
            "nid": 2642,
            "magpsf": 19.10930061340332,
            "sigmapsf": 0.1889439970254898,
            "magnr": 19.566999435424805,
            "sigmagnr": 0.12399999797344208,
            "magzpsci": 26.265300750732422,
            "isdiffpos": "t",
            "ssdistnr": null,
            "ssnamenr": null,
            "drb": null
        },
        {
            "candid": 2644341633215015006,
            "jd": 2460398.8416319,
            "ra": 219.539025,
            "dec": 20.1726703,
            "fid": 1,
            "nid": 2644,
            "magpsf": 19.386999130249023,
            "sigmapsf": 0.16814999282360077,
            "magnr": 19.566999435424805,
            "sigmagnr": 0.12399999797344208,
            "magzpsci": 26.270000457763672,
            "isdiffpos": "t",
            "ssdistnr": null,
            "ssnamenr": null,
            "drb": null
        },
        {
            "candid": 2644399823215015008,
            "jd": 2460398.8998264,
            "ra": 219.539001,
            "dec": 20.1727004,
            "fid": 2,
            "nid": 2644,
            "magpsf": 18.416799545288086,
            "sigmapsf": 0.09715799987316132,
            "magnr": 19.025999069213867,
            "sigmagnr": 0.13600000739097595,
            "magzpsci": 26.253799438476562,
            "isdiffpos": "t",
            "ssdistnr": null,
            "ssnamenr": null,
            "drb": null
        },
        {
            "candid": 2650359013215015008,
            "jd": 2460404.8590162,
            "ra": 219.5389746,
            "dec": 20.1726773,
            "fid": 2,
            "nid": 2650,
            "magpsf": 18.86090087890625,
            "sigmapsf": 0.08708299696445465,
            "magnr": 19.025999069213867,
            "sigmagnr": 0.13600000739097595,
            "magzpsci": 26.248899459838867,
            "isdiffpos": "t",
            "ssdistnr": null,
            "ssnamenr": null,
            "drb": null
        },
        {
            "candid": 2654336463215015012,
            "jd": 2460408.8364699,
            "ra": 219.5388822,
            "dec": 20.1726559,
            "fid": 1,
            "nid": 2654,
            "magpsf": 20.100200653076172,
            "sigmapsf": 0.19758400321006775,
            "magnr": 19.566999435424805,
            "sigmagnr": 0.12399999797344208,
            "magzpsci": 26.239200592041016,
            "isdiffpos": "t",
            "ssdistnr": null,
            "ssnamenr": null,
            "drb": null
        },
        {
            "candid": 2659339223215015008,
            "jd": 2460413.8392245,
            "ra": 219.5389616,
            "dec": 20.1726994,
            "fid": 1,
            "nid": 2659,
            "magpsf": 20.31279945373535,
            "sigmapsf": 0.2738580107688904,
            "magnr": 19.566999435424805,
            "sigmagnr": 0.12399999797344208,
            "magzpsci": 26.238800048828125,
            "isdiffpos": "t",
            "ssdistnr": null,
            "ssnamenr": null,
            "drb": null
        },
        {
            "candid": 2659392673215015009,
            "jd": 2460413.8926736,
            "ra": 219.5389485,
            "dec": 20.1726505,
            "fid": 2,
            "nid": 2659,
            "magpsf": 19.287099838256836,
            "sigmapsf": 0.09436099976301193,
            "magnr": 19.025999069213867,
            "sigmagnr": 0.13600000739097595,
            "magzpsci": 26.22610092163086,
            "isdiffpos": "t",
            "ssdistnr": null,
            "ssnamenr": null,
            "drb": null
        },
        {
            "candid": 2665240423215015006,
            "jd": 2460419.7404282,
            "ra": 219.5389594,
            "dec": 20.1727126,
            "fid": 2,
            "nid": 2665,
            "magpsf": 19.59600067138672,
            "sigmapsf": 0.18582899868488312,
            "magnr": 19.025999069213867,
            "sigmagnr": 0.13600000739097595,
            "magzpsci": 26.21500015258789,
            "isdiffpos": "t",
            "ssdistnr": null,
            "ssnamenr": null,
            "drb": null
        },
        {
            "candid": 2667384813215015004,
            "jd": 2460421.8848148,
            "ra": 219.5390196,
            "dec": 20.1727016,
            "fid": 2,
            "nid": 2667,
            "magpsf": 19.753400802612305,
            "sigmapsf": 0.2174990028142929,
            "magnr": 19.025999069213867,
            "sigmagnr": 0.13600000739097595,
            "magzpsci": 26.22439956665039,
            "isdiffpos": "t",
            "ssdistnr": null,
            "ssnamenr": null,
            "drb": null
        },
        {
            "candid": 2669408943215015009,
            "jd": 2460423.9089468,
            "ra": 219.5389499,
            "dec": 20.1726375,
            "fid": 2,
            "nid": 2669,
            "magpsf": 19.81450080871582,
            "sigmapsf": 0.2986389994621277,
            "magnr": 19.025999069213867,
            "sigmagnr": 0.13600000739097595,
            "magzpsci": 26.260499954223633,
            "isdiffpos": "t",
            "ssdistnr": null,
            "ssnamenr": null,
            "drb": null
        },
        {
            "candid": 2680329163215015028,
            "jd": 2460434.8291667,
            "ra": 219.538957,
            "dec": 20.1726146,
            "fid": 1,
            "nid": 2680,
            "magpsf": 20.947799682617188,
            "sigmapsf": 0.25938600301742554,
            "magnr": 19.566999435424805,
            "sigmagnr": 0.12399999797344208,
            "magzpsci": 26.23579978942871,
            "isdiffpos": "t",
            "ssdistnr": null,
            "ssnamenr": null,
            "drb": null
        },
        {
            "candid": 2683258363215015015,
            "jd": 2460437.7583681,
            "ra": 219.5390507,
            "dec": 20.1726586,
            "fid": 2,
            "nid": 2683,
            "magpsf": 20.094499588012695,
            "sigmapsf": 0.20765699446201324,
            "magnr": 19.025999069213867,
            "sigmagnr": 0.13600000739097595,
            "magzpsci": 26.245500564575195,
            "isdiffpos": "t",
            "ssdistnr": null,
            "ssnamenr": null,
            "drb": null
        },
        {
            "candid": 2683319223215015013,
            "jd": 2460437.8192245,
            "ra": 219.5389493,
            "dec": 20.17272,
            "fid": 3,
            "nid": 2683,
            "magpsf": 19.81089973449707,
            "sigmapsf": 0.18514999747276306,
            "magnr": 17.47599983215332,
            "sigmagnr": 0.09300000220537186,
            "magzpsci": 25.671899795532227,
            "isdiffpos": "t",
            "ssdistnr": null,
            "ssnamenr": null,
            "drb": null
        },
        {
            "candid": 2684262703215015011,
            "jd": 2460438.7627083,
            "ra": 219.5388984,
            "dec": 20.1726823,
            "fid": 2,
            "nid": 2684,
            "magpsf": 19.977800369262695,
            "sigmapsf": 0.24529500305652618,
            "magnr": 19.025999069213867,
            "sigmagnr": 0.13600000739097595,
            "magzpsci": 26.22279930114746,
            "isdiffpos": "t",
            "ssdistnr": null,
            "ssnamenr": null,
            "drb": null
        },
        {
            "candid": 2688267693215015009,
            "jd": 2460442.7676968,
            "ra": 219.5390182,
            "dec": 20.1726147,
            "fid": 2,
            "nid": 2688,
            "magpsf": 19.967899322509766,
            "sigmapsf": 0.18531499803066254,
            "magnr": 19.025999069213867,
            "sigmagnr": 0.13600000739097595,
            "magzpsci": 26.21489906311035,
            "isdiffpos": "t",
            "ssdistnr": null,
            "ssnamenr": null,
            "drb": null
        },
        {
            "candid": 2690331843215015018,
            "jd": 2460444.8318403,
            "ra": 219.5389366,
            "dec": 20.1726489,
            "fid": 2,
            "nid": 2690,
            "magpsf": 20.153200149536133,
            "sigmapsf": 0.17033599317073822,
            "magnr": 19.025999069213867,
            "sigmagnr": 0.13600000739097595,
            "magzpsci": 26.25320053100586,
            "isdiffpos": "t",
            "ssdistnr": null,
            "ssnamenr": null,
            "drb": null
        },
        {
            "candid": 2691235503215015016,
            "jd": 2460445.7355093,
            "ra": 219.5389973,
            "dec": 20.172693,
            "fid": 2,
            "nid": 2691,
            "magpsf": 20.066200256347656,
            "sigmapsf": 0.26800599694252014,
            "magnr": 19.025999069213867,
            "sigmagnr": 0.13600000739097595,
            "magzpsci": 26.195199966430664,
            "isdiffpos": "t",
            "ssdistnr": null,
            "ssnamenr": null,
            "drb": null
        },
        {
            "candid": 2693339033215015012,
            "jd": 2460447.8390394,
            "ra": 219.5390262,
            "dec": 20.172702,
            "fid": 2,
            "nid": 2693,
            "magpsf": 20.253999710083008,
            "sigmapsf": 0.2520509958267212,
            "magnr": 19.025999069213867,
            "sigmagnr": 0.13600000739097595,
            "magzpsci": 26.222999572753906,
            "isdiffpos": "t",
            "ssdistnr": null,
            "ssnamenr": null,
            "drb": null
        },
        {
            "candid": 2707290203215025012,
            "jd": 2460461.7902083,
            "ra": 219.5389136,
            "dec": 20.1726531,
            "fid": 2,
            "nid": 2707,
            "magpsf": 20.307100296020508,
            "sigmapsf": 0.21879500150680542,
            "magnr": 19.025999069213867,
            "sigmagnr": 0.13600000739097595,
            "magzpsci": 26.208200454711914,
            "isdiffpos": "t",
            "ssdistnr": null,
            "ssnamenr": null,
            "drb": null
        },
        {
            "candid": 2709234313215015011,
            "jd": 2460463.7343171,
            "ra": 219.5389152,
            "dec": 20.1726831,
            "fid": 2,
            "nid": 2709,
            "magpsf": 20.211509704589844,
            "sigmapsf": 0.1801547408103943,
            "magnr": 19.025999069213867,
            "sigmagnr": 0.13600000739097595,
            "magzpsci": 26.21550941467285,
            "isdiffpos": "t",
            "ssdistnr": -999.0,
            "ssnamenr": "null",
            "drb": null
        },
        {
            "jd": 2460351.927037,
            "fid": 1,
            "diffmaglim": 20.228599548339844
        },
        {
            "jd": 2460351.9843171,
            "fid": 2,
            "diffmaglim": 20.1653995513916
        },
        {
            "jd": 2460353.934537,
            "fid": 1,
            "diffmaglim": 20.608800888061523
        },
        {
            "jd": 2460353.9755787,
            "fid": 2,
            "diffmaglim": 20.509700775146484
        },
        {
            "jd": 2460355.9337847,
            "fid": 1,
            "diffmaglim": 20.513200759887695
        },
        {
            "jd": 2460355.9633681,
            "fid": 2,
            "diffmaglim": 20.270700454711914
        },
        {
            "jd": 2460363.9093056,
            "fid": 1,
            "diffmaglim": 18.908100128173828
        },
        {
            "jd": 2460363.9487963,
            "fid": 2,
            "diffmaglim": 18.50029945373535
        },
        {
            "jd": 2460365.8737269,
            "fid": 1,
            "diffmaglim": 17.666200637817383
        },
        {
            "jd": 2460369.9204745,
            "fid": 2,
            "diffmaglim": 20.104700088500977
        },
        {
            "jd": 2460369.9432292,
            "fid": 1,
            "diffmaglim": 20.018999099731445
        },
        {
            "jd": 2460417.8535417,
            "fid": 1,
            "diffmaglim": 20.274799346923828
        },
        {
            "jd": 2460419.8209259,
            "fid": 1,
            "diffmaglim": 19.887800216674805
        },
        {
            "jd": 2460421.8196181,
            "fid": 1,
            "diffmaglim": 19.4862003326416
        },
        {
            "jd": 2460423.7883449,
            "fid": 1,
            "diffmaglim": 19.300399780273438
        },
        {
            "jd": 2460429.8322569,
            "fid": 1,
            "diffmaglim": 20.487499237060547
        },
        {
            "jd": 2460429.8587384,
            "fid": 2,
            "diffmaglim": 20.46660041809082
        },
        {
            "jd": 2460431.7548611,
            "fid": 2,
            "diffmaglim": 20.577899932861328
        },
        {
            "jd": 2460431.828044,
            "fid": 1,
            "diffmaglim": 21.02120018005371
        },
        {
            "jd": 2460434.8424421,
            "fid": 2,
            "diffmaglim": 20.850500106811523
        },
        {
            "jd": 2460437.7967824,
            "fid": 1,
            "diffmaglim": 20.494699478149414
        },
        {
            "jd": 2460438.7917361,
            "fid": 3,
            "diffmaglim": 19.66819953918457
        },
        {
            "jd": 2460438.8165625,
            "fid": 1,
            "diffmaglim": 20.683700561523438
        },
        {
            "jd": 2460440.8436806,
            "fid": 1,
            "diffmaglim": 20.591800689697266
        },
        {
            "jd": 2460440.886169,
            "fid": 2,
            "diffmaglim": 20.25779914855957
        },
        {
            "jd": 2460442.8406713,
            "fid": 1,
            "diffmaglim": 20.634000778198242
        },
        {
            "jd": 2460445.7979167,
            "fid": 1,
            "diffmaglim": 20.198200225830078
        },
        {
            "jd": 2460447.7850116,
            "fid": 1,
            "diffmaglim": 20.04520034790039
        },
        {
            "jd": 2460449.7685185,
            "fid": 1,
            "diffmaglim": 19.72610092163086
        },
        {
            "jd": 2460449.8169907,
            "fid": 2,
            "diffmaglim": 19.96380043029785
        },
        {
            "jd": 2460451.8165856,
            "fid": 2,
            "diffmaglim": 19.42930030822754
        },
        {
            "jd": 2460451.9032407,
            "fid": 1,
            "diffmaglim": 19.106399536132812
        },
        {
            "jd": 2460455.7575,
            "fid": 1,
            "diffmaglim": 19.452600479125977
        },
        {
            "jd": 2460455.7979977,
            "fid": 2,
            "diffmaglim": 19.34149932861328
        },
        {
            "jd": 2460457.7520023,
            "fid": 1,
            "diffmaglim": 20.742399215698242
        },
        {
            "jd": 2460457.8119792,
            "fid": 2,
            "diffmaglim": 20.28230094909668
        },
        {
            "jd": 2460459.7975926,
            "fid": 1,
            "diffmaglim": 20.819499969482422
        },
        {
            "jd": 2460459.8389005,
            "fid": 2,
            "diffmaglim": 20.51569938659668
        },
        {
            "jd": 2460461.7652315,
            "fid": 1,
            "diffmaglim": 20.628000259399414
        }
    ],
    "forcedphot": [
        {
            "objectid": "ZTF24aagtmbq",
            "jd": 2460351.927037,
            "ranr": 219.5389306,
            "decnr": 20.1731213,
            "fid": 1,
            "forcediffimflux": -34.299781799316406,
            "forcediffimfluxunc": 35.22563934326172,
            "magzpsci": 26.230600357055664
        },
        {
            "objectid": "ZTF24aagtmbq",
            "jd": 2460351.9847917,
            "ranr": -99999.0,
            "decnr": -99999.0,
            "fid": 2,
            "forcediffimflux": -99999.0,
            "forcediffimfluxunc": -99999.0,
            "magzpsci": 26.293699264526367
        },
        {
            "objectid": "ZTF24aagtmbq",
            "jd": 2460353.9872338,
            "ranr": -99999.0,
            "decnr": -99999.0,
            "fid": 1,
            "forcediffimflux": -99999.0,
            "forcediffimfluxunc": -99999.0,
            "magzpsci": 26.35569953918457
        },
        {
            "objectid": "ZTF24aagtmbq",
            "jd": 2460354.024838,
            "ranr": -99999.0,
            "decnr": -99999.0,
            "fid": 2,
            "forcediffimflux": -99999.0,
            "forcediffimfluxunc": -99999.0,
            "magzpsci": 26.313600540161133
        },
        {
            "objectid": "ZTF24aagtmbq",
            "jd": 2460355.9815162,
            "ranr": -99999.0,
            "decnr": -99999.0,
            "fid": 2,
            "forcediffimflux": -99999.0,
            "forcediffimfluxunc": -99999.0,
            "magzpsci": 26.287099838256836
        },
        {
            "objectid": "ZTF24aagtmbq",
            "jd": 2460356.0175347,
            "ranr": -99999.0,
            "decnr": -99999.0,
            "fid": 1,
            "forcediffimflux": -99999.0,
            "forcediffimfluxunc": -99999.0,
            "magzpsci": 26.371000289916992
        },
        {
            "objectid": "ZTF24aagtmbq",
            "jd": 2460363.9093056,
            "ranr": 219.5389306,
            "decnr": 20.1731213,
            "fid": 1,
            "forcediffimflux": 223.2002716064453,
            "forcediffimfluxunc": 103.93563842773438,
            "magzpsci": 26.045499801635742
        },
        {
            "objectid": "ZTF24aagtmbq",
            "jd": 2460363.9487963,
            "ranr": 219.5382295,
            "decnr": 20.1725866,
            "fid": 2,
            "forcediffimflux": 67.20537567138672,
            "forcediffimfluxunc": 103.26069641113281,
            "magzpsci": 25.741199493408203
        },
        {
            "objectid": "ZTF24aagtmbq",
            "jd": 2460369.9204745,
            "ranr": 219.5382295,
            "decnr": 20.1725866,
            "fid": 2,
            "forcediffimflux": 30.771358489990234,
            "forcediffimfluxunc": 40.675113677978516,
            "magzpsci": 26.253999710083008
        },
        {
            "objectid": "ZTF24aagtmbq",
            "jd": 2460369.9441898,
            "ranr": -99999.0,
            "decnr": -99999.0,
            "fid": 1,
            "forcediffimflux": -99999.0,
            "forcediffimfluxunc": -99999.0,
            "magzpsci": 26.329099655151367
        },
        {
            "objectid": "ZTF24aagtmbq",
            "jd": 2460379.8726157,
            "ranr": 219.5389306,
            "decnr": 20.1731213,
            "fid": 1,
            "forcediffimflux": 467.3232116699219,
            "forcediffimfluxunc": 36.12851333618164,
            "magzpsci": 26.11319923400879
        },
        {
            "objectid": "ZTF24aagtmbq",
            "jd": 2460388.8795833,
            "ranr": 219.5382295,
            "decnr": 20.1725866,
            "fid": 2,
            "forcediffimflux": 1341.6357421875,
            "forcediffimfluxunc": 43.8221435546875,
            "magzpsci": 26.236099243164062
        },
        {
            "objectid": "ZTF24aagtmbq",
            "jd": 2460388.9152083,
            "ranr": 219.5389306,
            "decnr": 20.1731213,
            "fid": 1,
            "forcediffimflux": 889.0143432617188,
            "forcediffimfluxunc": 44.3904914855957,
            "magzpsci": 26.269500732421875
        },
        {
            "objectid": "ZTF24aagtmbq",
            "jd": 2460390.8923611,
            "ranr": -99999.0,
            "decnr": -99999.0,
            "fid": 2,
            "forcediffimflux": -99999.0,
            "forcediffimfluxunc": -99999.0,
            "magzpsci": 26.310400009155273
        },
        {
            "objectid": "ZTF24aagtmbq",
            "jd": 2460390.9766898,
            "ranr": -99999.0,
            "decnr": -99999.0,
            "fid": 1,
            "forcediffimflux": -99999.0,
            "forcediffimfluxunc": -99999.0,
            "magzpsci": 26.29669952392578
        },
        {
            "objectid": "ZTF24aagtmbq",
            "jd": 2460391.7681944,
            "ranr": 219.5382295,
            "decnr": 20.1725866,
            "fid": 2,
            "forcediffimflux": 1432.0296630859375,
            "forcediffimfluxunc": 61.314170837402344,
            "magzpsci": 26.18899917602539
        },
        {
            "objectid": "ZTF24aagtmbq",
            "jd": 2460391.8851157,
            "ranr": 219.5389306,
            "decnr": 20.1731213,
            "fid": 1,
            "forcediffimflux": 979.4160766601562,
            "forcediffimfluxunc": 63.36250686645508,
            "magzpsci": 26.240400314331055
        },
        {
            "objectid": "ZTF24aagtmbq",
            "jd": 2460396.8612963,
            "ranr": -99999.0,
            "decnr": -99999.0,
            "fid": 1,
            "forcediffimflux": -99999.0,
            "forcediffimfluxunc": -99999.0,
            "magzpsci": 26.335100173950195
        },
        {
            "objectid": "ZTF24aagtmbq",
            "jd": 2460398.8445486,
            "ranr": -99999.0,
            "decnr": -99999.0,
            "fid": 1,
            "forcediffimflux": -99999.0,
            "forcediffimfluxunc": -99999.0,
            "magzpsci": 26.318099975585938
        },
        {
            "objectid": "ZTF24aagtmbq",
            "jd": 2460398.9007755,
            "ranr": -99999.0,
            "decnr": -99999.0,
            "fid": 2,
            "forcediffimflux": -99999.0,
            "forcediffimfluxunc": -99999.0,
            "magzpsci": 26.29759979248047
        },
        {
            "objectid": "ZTF24aagtmbq",
            "jd": 2460404.8728472,
            "ranr": -99999.0,
            "decnr": -99999.0,
            "fid": 2,
            "forcediffimflux": -99999.0,
            "forcediffimfluxunc": -99999.0,
            "magzpsci": 26.294200897216797
        },
        {
            "objectid": "ZTF24aagtmbq",
            "jd": 2460404.8982986,
            "ranr": -99999.0,
            "decnr": -99999.0,
            "fid": 1,
            "forcediffimflux": -99999.0,
            "forcediffimfluxunc": -99999.0,
            "magzpsci": 26.355300903320312
        },
        {
            "objectid": "ZTF24aagtmbq",
            "jd": 2460408.8369444,
            "ranr": -99999.0,
            "decnr": -99999.0,
            "fid": 1,
            "forcediffimflux": -99999.0,
            "forcediffimfluxunc": -99999.0,
            "magzpsci": 26.325300216674805
        },
        {
            "objectid": "ZTF24aagtmbq",
            "jd": 2460413.840162,
            "ranr": -99999.0,
            "decnr": -99999.0,
            "fid": 1,
            "forcediffimflux": -99999.0,
            "forcediffimfluxunc": -99999.0,
            "magzpsci": 26.327899932861328
        },
        {
            "objectid": "ZTF24aagtmbq",
            "jd": 2460413.9165394,
            "ranr": -99999.0,
            "decnr": -99999.0,
            "fid": 2,
            "forcediffimflux": -99999.0,
            "forcediffimfluxunc": -99999.0,
            "magzpsci": 26.256200790405273
        },
        {
            "objectid": "ZTF24aagtmbq",
            "jd": 2460417.9027315,
            "ranr": -99999.0,
            "decnr": -99999.0,
            "fid": 1,
            "forcediffimflux": -99999.0,
            "forcediffimfluxunc": -99999.0,
            "magzpsci": 26.345699310302734
        },
        {
            "objectid": "ZTF24aagtmbq",
            "jd": 2460419.7677662,
            "ranr": -99999.0,
            "decnr": -99999.0,
            "fid": 2,
            "forcediffimflux": -99999.0,
            "forcediffimfluxunc": -99999.0,
            "magzpsci": 26.2814998626709
        },
        {
            "objectid": "ZTF24aagtmbq",
            "jd": 2460419.8214005,
            "ranr": -99999.0,
            "decnr": -99999.0,
            "fid": 1,
            "forcediffimflux": -99999.0,
            "forcediffimfluxunc": -99999.0,
            "magzpsci": 26.33769989013672
        },
        {
            "objectid": "ZTF24aagtmbq",
            "jd": 2460421.8196181,
            "ranr": 219.5389306,
            "decnr": 20.1731213,
            "fid": 1,
            "forcediffimflux": 138.78146362304688,
            "forcediffimfluxunc": 66.42851257324219,
            "magzpsci": 26.203899383544922
        },
        {
            "objectid": "ZTF24aagtmbq",
            "jd": 2460421.8848148,
            "ranr": 219.5382295,
            "decnr": 20.1725866,
            "fid": 2,
            "forcediffimflux": 452.62744140625,
            "forcediffimfluxunc": 58.59320068359375,
            "magzpsci": 26.22439956665039
        },
        {
            "objectid": "ZTF24aagtmbq",
            "jd": 2460423.800081,
            "ranr": -99999.0,
            "decnr": -99999.0,
            "fid": 1,
            "forcediffimflux": -99999.0,
            "forcediffimfluxunc": -99999.0,
            "magzpsci": 26.327699661254883
        },
        {
            "objectid": "ZTF24aagtmbq",
            "jd": 2460423.9089468,
            "ranr": 219.5382295,
            "decnr": 20.1725866,
            "fid": 2,
            "forcediffimflux": 416.3451843261719,
            "forcediffimfluxunc": 63.74616241455078,
            "magzpsci": 26.260499954223633
        },
        {
            "objectid": "ZTF24aagtmbq",
            "jd": 2460429.8322569,
            "ranr": 219.5389306,
            "decnr": 20.1731213,
            "fid": 1,
            "forcediffimflux": 150.7634735107422,
            "forcediffimfluxunc": 31.864044189453125,
            "magzpsci": 26.266599655151367
        },
        {
            "objectid": "ZTF24aagtmbq",
            "jd": 2460429.8587384,
            "ranr": 219.5382295,
            "decnr": 20.1725866,
            "fid": 2,
            "forcediffimflux": 385.9327392578125,
            "forcediffimfluxunc": 30.88397789001465,
            "magzpsci": 26.247600555419922
        },
        {
            "objectid": "ZTF24aagtmbq",
            "jd": 2460431.7553356,
            "ranr": -99999.0,
            "decnr": -99999.0,
            "fid": 2,
            "forcediffimflux": -99999.0,
            "forcediffimfluxunc": -99999.0,
            "magzpsci": 26.290300369262695
        },
        {
            "objectid": "ZTF24aagtmbq",
            "jd": 2460431.8371759,
            "ranr": -99999.0,
            "decnr": -99999.0,
            "fid": 1,
            "forcediffimflux": -99999.0,
            "forcediffimfluxunc": -99999.0,
            "magzpsci": 26.355199813842773
        },
        {
            "objectid": "ZTF24aagtmbq",
            "jd": 2460434.8291667,
            "ranr": 219.5389306,
            "decnr": 20.1731213,
            "fid": 1,
            "forcediffimflux": 138.36524963378906,
            "forcediffimfluxunc": 19.269813537597656,
            "magzpsci": 26.23579978942871
        },
        {
            "objectid": "ZTF24aagtmbq",
            "jd": 2460434.8424421,
            "ranr": 219.5382295,
            "decnr": 20.1725866,
            "fid": 2,
            "forcediffimflux": 277.32763671875,
            "forcediffimfluxunc": 22.58378791809082,
            "magzpsci": 26.23590087890625
        },
        {
            "objectid": "ZTF24aagtmbq",
            "jd": 2460437.7655903,
            "ranr": -99999.0,
            "decnr": -99999.0,
            "fid": 2,
            "forcediffimflux": -99999.0,
            "forcediffimfluxunc": -99999.0,
            "magzpsci": 26.285900115966797
        },
        {
            "objectid": "ZTF24aagtmbq",
            "jd": 2460437.7977315,
            "ranr": -99999.0,
            "decnr": -99999.0,
            "fid": 1,
            "forcediffimflux": -99999.0,
            "forcediffimfluxunc": -99999.0,
            "magzpsci": 26.35260009765625
        },
        {
            "objectid": "ZTF24aagtmbq",
            "jd": 2460437.8192245,
            "ranr": -99999.0,
            "decnr": -99999.0,
            "fid": 3,
            "forcediffimflux": 213.54702758789062,
            "forcediffimfluxunc": 34.44602966308594,
            "magzpsci": 25.671899795532227
        },
        {
            "objectid": "ZTF24aagtmbq",
            "jd": 2460438.7627083,
            "ranr": 219.5382295,
            "decnr": 20.1725866,
            "fid": 2,
            "forcediffimflux": 304.9720764160156,
            "forcediffimfluxunc": 32.64317321777344,
            "magzpsci": 26.22279930114746
        },
        {
            "objectid": "ZTF24aagtmbq",
            "jd": 2460438.8325,
            "ranr": -99999.0,
            "decnr": -99999.0,
            "fid": 1,
            "forcediffimflux": -99999.0,
            "forcediffimfluxunc": -99999.0,
            "magzpsci": 26.311800003051758
        },
        {
            "objectid": "ZTF24aagtmbq",
            "jd": 2460438.8402199,
            "ranr": -99999.0,
            "decnr": -99999.0,
            "fid": 3,
            "forcediffimflux": -99999.0,
            "forcediffimfluxunc": -99999.0,
            "magzpsci": 25.710500717163086
        },
        {
            "objectid": "ZTF24aagtmbq",
            "jd": 2460440.8436806,
            "ranr": 219.5389306,
            "decnr": 20.1731213,
            "fid": 1,
            "forcediffimflux": 62.355831146240234,
            "forcediffimfluxunc": 27.57750129699707,
            "magzpsci": 26.24169921875
        },
        {
            "objectid": "ZTF24aagtmbq",
            "jd": 2460440.886169,
            "ranr": 219.5382295,
            "decnr": 20.1725866,
            "fid": 2,
            "forcediffimflux": 257.8013610839844,
            "forcediffimfluxunc": 36.95177459716797,
            "magzpsci": 26.216999053955078
        },
        {
            "objectid": "ZTF24aagtmbq",
            "jd": 2460442.7653356,
            "ranr": -99999.0,
            "decnr": -99999.0,
            "fid": 2,
            "forcediffimflux": -99999.0,
            "forcediffimfluxunc": -99999.0,
            "magzpsci": 26.285499572753906
        },
        {
            "objectid": "ZTF24aagtmbq",
            "jd": 2460442.7676968,
            "ranr": 219.5382295,
            "decnr": 20.1725866,
            "fid": 2,
            "forcediffimflux": 336.4048767089844,
            "forcediffimfluxunc": 31.944978713989258,
            "magzpsci": 26.21489906311035
        },
        {
            "objectid": "ZTF24aagtmbq",
            "jd": 2460442.8406713,
            "ranr": 219.5389306,
            "decnr": 20.1731213,
            "fid": 1,
            "forcediffimflux": 118.7864761352539,
            "forcediffimfluxunc": 24.17117691040039,
            "magzpsci": 26.23419952392578
        },
        {
            "objectid": "ZTF24aagtmbq",
            "jd": 2460444.7975,
            "ranr": -99999.0,
            "decnr": -99999.0,
            "fid": 2,
            "forcediffimflux": -99999.0,
            "forcediffimfluxunc": -99999.0,
            "magzpsci": 26.301000595092773
        },
        {
            "objectid": "ZTF24aagtmbq",
            "jd": 2460445.7355093,
            "ranr": 219.5382295,
            "decnr": 20.1725866,
            "fid": 2,
            "forcediffimflux": 296.0604248046875,
            "forcediffimfluxunc": 32.69747543334961,
            "magzpsci": 26.195199966430664
        },
        {
            "objectid": "ZTF24aagtmbq",
            "jd": 2460445.7979167,
            "ranr": 219.5389306,
            "decnr": 20.1731213,
            "fid": 1,
            "forcediffimflux": 104.5898666381836,
            "forcediffimfluxunc": 37.92595672607422,
            "magzpsci": 26.24489974975586
        },
        {
            "objectid": "ZTF24aagtmbq",
            "jd": 2460446.7953704,
            "ranr": -99999.0,
            "decnr": -99999.0,
            "fid": 2,
            "forcediffimflux": -99999.0,
            "forcediffimfluxunc": -99999.0,
            "magzpsci": 26.280399322509766
        },
        {
            "objectid": "ZTF24aagtmbq",
            "jd": 2460446.8697338,
            "ranr": -99999.0,
            "decnr": -99999.0,
            "fid": 1,
            "forcediffimflux": -99999.0,
            "forcediffimfluxunc": -99999.0,
            "magzpsci": 26.2898006439209
        },
        {
            "objectid": "ZTF24aagtmbq",
            "jd": 2460447.7850116,
            "ranr": 219.5389306,
            "decnr": 20.1731213,
            "fid": 1,
            "forcediffimflux": 125.86898040771484,
            "forcediffimfluxunc": 46.71963119506836,
            "magzpsci": 26.232200622558594
        },
        {
            "objectid": "ZTF24aagtmbq",
            "jd": 2460447.8390394,
            "ranr": 219.5382295,
            "decnr": 20.1725866,
            "fid": 2,
            "forcediffimflux": 256.5042419433594,
            "forcediffimfluxunc": 34.583072662353516,
            "magzpsci": 26.222999572753906
        },
        {
            "objectid": "ZTF24aagtmbq",
            "jd": 2460448.7818866,
            "ranr": -99999.0,
            "decnr": -99999.0,
            "fid": 2,
            "forcediffimflux": -99999.0,
            "forcediffimfluxunc": -99999.0,
            "magzpsci": 25.76409912109375
        },
        {
            "objectid": "ZTF24aagtmbq",
            "jd": 2460448.8677431,
            "ranr": -99999.0,
            "decnr": -99999.0,
            "fid": 1,
            "forcediffimflux": -99999.0,
            "forcediffimfluxunc": -99999.0,
            "magzpsci": 26.312000274658203
        },
        {
            "objectid": "ZTF24aagtmbq",
            "jd": 2460449.7685185,
            "ranr": 219.5389306,
            "decnr": 20.1731213,
            "fid": 1,
            "forcediffimflux": 174.95550537109375,
            "forcediffimfluxunc": 57.03190231323242,
            "magzpsci": 26.25670051574707
        },
        {
            "objectid": "ZTF24aagtmbq",
            "jd": 2460449.8169907,
            "ranr": 219.5382295,
            "decnr": 20.1725866,
            "fid": 2,
            "forcediffimflux": 228.76856994628906,
            "forcediffimfluxunc": 46.113807678222656,
            "magzpsci": 26.24570083618164
        },
        {
            "objectid": "ZTF24aagtmbq",
            "jd": 2460450.7703472,
            "ranr": -99999.0,
            "decnr": -99999.0,
            "fid": 2,
            "forcediffimflux": -99999.0,
            "forcediffimfluxunc": -99999.0,
            "magzpsci": 26.242300033569336
        },
        {
            "objectid": "ZTF24aagtmbq",
            "jd": 2460450.8402778,
            "ranr": -99999.0,
            "decnr": -99999.0,
            "fid": 1,
            "forcediffimflux": -99999.0,
            "forcediffimfluxunc": -99999.0,
            "magzpsci": 26.324100494384766
        },
        {
            "objectid": "ZTF24aagtmbq",
            "jd": 2460451.8165856,
            "ranr": 219.5382295,
            "decnr": 20.1725866,
            "fid": 2,
            "forcediffimflux": 247.33702087402344,
            "forcediffimfluxunc": 72.61203002929688,
            "magzpsci": 26.203699111938477
        },
        {
            "objectid": "ZTF24aagtmbq",
            "jd": 2460451.9032407,
            "ranr": 219.5389306,
            "decnr": 20.1731213,
            "fid": 1,
            "forcediffimflux": 153.5762176513672,
            "forcediffimfluxunc": 87.65967559814453,
            "magzpsci": 26.135099411010742
        },
        {
            "objectid": "ZTF24aagtmbq",
            "jd": 2460452.8404861,
            "ranr": -99999.0,
            "decnr": -99999.0,
            "fid": 2,
            "forcediffimflux": -99999.0,
            "forcediffimfluxunc": -99999.0,
            "magzpsci": 26.21619987487793
        },
        {
            "objectid": "ZTF24aagtmbq",
            "jd": 2460455.7575,
            "ranr": 219.5389306,
            "decnr": 20.1731213,
            "fid": 1,
            "forcediffimflux": 157.6534423828125,
            "forcediffimfluxunc": 73.69380187988281,
            "magzpsci": 26.261899948120117
        },
        {
            "objectid": "ZTF24aagtmbq",
            "jd": 2460455.7979977,
            "ranr": 219.5382295,
            "decnr": 20.1725866,
            "fid": 2,
            "forcediffimflux": 344.5805969238281,
            "forcediffimfluxunc": 77.66907501220703,
            "magzpsci": 26.22879981994629
        },
        {
            "objectid": "ZTF24aagtmbq",
            "jd": 2460456.8153819,
            "ranr": -99999.0,
            "decnr": -99999.0,
            "fid": 2,
            "forcediffimflux": -99999.0,
            "forcediffimfluxunc": -99999.0,
            "magzpsci": 26.273000717163086
        },
        {
            "objectid": "ZTF24aagtmbq",
            "jd": 2460457.7520023,
            "ranr": 219.5389306,
            "decnr": 20.1731213,
            "fid": 1,
            "forcediffimflux": 127.95913696289062,
            "forcediffimfluxunc": 25.184375762939453,
            "magzpsci": 26.273300170898438
        },
        {
            "objectid": "ZTF24aagtmbq",
            "jd": 2460457.8119792,
            "ranr": 219.5382295,
            "decnr": 20.1725866,
            "fid": 2,
            "forcediffimflux": 258.0256652832031,
            "forcediffimfluxunc": 32.33772659301758,
            "magzpsci": 26.223899841308594
        },
        {
            "objectid": "ZTF24aagtmbq",
            "jd": 2460458.7483102,
            "ranr": -99999.0,
            "decnr": -99999.0,
            "fid": 1,
            "forcediffimflux": -99999.0,
            "forcediffimfluxunc": -99999.0,
            "magzpsci": 26.33880043029785
        },
        {
            "objectid": "ZTF24aagtmbq",
            "jd": 2460458.8402894,
            "ranr": -99999.0,
            "decnr": -99999.0,
            "fid": 2,
            "forcediffimflux": -99999.0,
            "forcediffimfluxunc": -99999.0,
            "magzpsci": 26.278799057006836
        },
        {
            "objectid": "ZTF24aagtmbq",
            "jd": 2460459.7975926,
            "ranr": 219.5389306,
            "decnr": 20.1731213,
            "fid": 1,
            "forcediffimflux": 93.00267791748047,
            "forcediffimfluxunc": 23.0080623626709,
            "magzpsci": 26.242599487304688
        },
        {
            "objectid": "ZTF24aagtmbq",
            "jd": 2460459.8389005,
            "ranr": 219.5382295,
            "decnr": 20.1725866,
            "fid": 2,
            "forcediffimflux": 190.46498107910156,
            "forcediffimfluxunc": 30.673982620239258,
            "magzpsci": 26.20599937438965
        },
        {
            "objectid": "ZTF24aagtmbq",
            "jd": 2460460.7733218,
            "ranr": -99999.0,
            "decnr": -99999.0,
            "fid": 2,
            "forcediffimflux": -99999.0,
            "forcediffimfluxunc": -99999.0,
            "magzpsci": 26.28260040283203
        },
        {
            "objectid": "ZTF24aagtmbq",
            "jd": 2460460.8215162,
            "ranr": -99999.0,
            "decnr": -99999.0,
            "fid": 1,
            "forcediffimflux": -99999.0,
            "forcediffimfluxunc": -99999.0,
            "magzpsci": 26.314800262451172
        },
        {
            "objectid": "ZTF24aagtmbq",
            "jd": 2460461.7652315,
            "ranr": 219.5389306,
            "decnr": 20.1731213,
            "fid": 1,
            "forcediffimflux": 38.587860107421875,
            "forcediffimfluxunc": 24.652616500854492,
            "magzpsci": 26.235700607299805
        },
        {
            "objectid": "ZTF24aagtmbq",
            "jd": 2460461.7902083,
            "ranr": 219.5382295,
            "decnr": 20.1725866,
            "fid": 2,
            "forcediffimflux": 254.5753936767578,
            "forcediffimfluxunc": 28.028141021728516,
            "magzpsci": 26.208200454711914
        },
        {
            "objectid": "ZTF24aagtmbq",
            "jd": 2460462.7900579,
            "ranr": -99999.0,
            "decnr": -99999.0,
            "fid": 1,
            "forcediffimflux": -99999.0,
            "forcediffimfluxunc": -99999.0,
            "magzpsci": 26.303199768066406
        },
        {
            "objectid": "ZTF24aagtmbq",
            "jd": 2460462.8628009,
            "ranr": -99999.0,
            "decnr": -99999.0,
            "fid": 2,
            "forcediffimflux": -99999.0,
            "forcediffimfluxunc": -99999.0,
            "magzpsci": 26.248600006103516
        }
    ]
}