{
    "objectId": "ZTF20abpvhqv",
    "candidates": [
        {
            "candid": 1302441562915015006,
            "jd": 2459056.9415625,
            "ra": 30.4626217,
            "dec": -10.4699686,
            "fid": 1,
            "nid": 1302,
            "magpsf": 20.064199447631836,
            "sigmapsf": 0.2208310067653656,
            "magnr": 18.78499984741211,
            "sigmagnr": 0.09700000286102295,
            "magzpsci": 26.094200134277344,
            "isdiffpos": "t",
            "ssdistnr": -999.0,
            "ssnamenr": "-999.0",
            "drb": null
        },
        {
            "candid": 1307453552915015013,
            "jd": 2459061.9535532,
            "ra": 30.4625855,
            "dec": -10.4699815,
            "fid": 2,
            "nid": 1307,
            "magpsf": 18.775699615478516,
            "sigmapsf": 0.07644999772310257,
            "magnr": 18.45199966430664,
            "sigmagnr": 0.10700000077486038,
            "magzpsci": 26.200700759887695,
            "isdiffpos": "t",
            "ssdistnr": -999.0,
            "ssnamenr": "null",
            "drb": 1.0
        },
        {
            "candid": 1309398612915015003,
            "jd": 2459063.8986111,
            "ra": 30.4625481,
            "dec": -10.4700432,
            "fid": 2,
            "nid": 1309,
            "magpsf": 18.88249969482422,
            "sigmapsf": 0.15445800125598907,
            "magnr": 18.45199966430664,
            "sigmagnr": 0.10700000077486038,
            "magzpsci": 26.160499572753906,
            "isdiffpos": "t",
            "ssdistnr": -999.0,
            "ssnamenr": "null",
            "drb": 0.9998630285263062
        },
        {
            "candid": 1322422322915015005,
            "jd": 2459076.9223264,
            "ra": 30.4625933,
            "dec": -10.4699694,
            "fid": 2,
            "nid": 1322,
            "magpsf": 19.12190055847168,
            "sigmapsf": 0.10566399991512299,
            "magnr": 18.45199966430664,
            "sigmagnr": 0.10700000077486038,
            "magzpsci": 26.135900497436523,
            "isdiffpos": "t",
            "ssdistnr": -999.0,
            "ssnamenr": "null",
            "drb": 0.9999949932098389
        },
        {
            "candid": 1322481582915015008,
            "jd": 2459076.9815856,
            "ra": 30.4625398,
            "dec": -10.4699725,
            "fid": 1,
            "nid": 1322,
            "magpsf": 20.00510025024414,
            "sigmapsf": 0.1622769981622696,
            "magnr": 18.78499984741211,
            "sigmagnr": 0.09700000286102295,
            "magzpsci": 26.175100326538086,
            "isdiffpos": "t",
            "ssdistnr": -999.0,
            "ssnamenr": "-999.0",
            "drb": null
        },
        {
            "candid": 1327438692915015012,
            "jd": 2459081.9386921,
            "ra": 30.4625588,
            "dec": -10.4699712,
            "fid": 2,
            "nid": 1327,
            "magpsf": 19.222000122070312,
            "sigmapsf": 0.10254800319671631,
            "magnr": 18.45199966430664,
            "sigmagnr": 0.10700000077486038,
            "magzpsci": 26.048999786376953,
            "isdiffpos": "t",
            "ssdistnr": -999.0,
            "ssnamenr": "null",
            "drb": 0.9999960064888
        },
        {
            "candid": 1327479302915015011,
            "jd": 2459081.9793056,
            "ra": 30.462617,
            "dec": -10.4700011,
            "fid": 1,
            "nid": 1327,
            "magpsf": 20.26409912109375,
            "sigmapsf": 0.27640700340270996,
            "magnr": 18.78499984741211,
            "sigmagnr": 0.09700000286102295,
            "magzpsci": 25.91309928894043,
            "isdiffpos": "t",
            "ssdistnr": -999.0,
            "ssnamenr": "-999.0",
            "drb": null
        },
        {
            "candid": 1330425592915015013,
            "jd": 2459084.9255903,
            "ra": 30.4626079,
            "dec": -10.4699782,
            "fid": 1,
            "nid": 1330,
            "magpsf": 19.97130012512207,
            "sigmapsf": 0.19380499422550201,
            "magnr": 18.78499984741211,
            "sigmagnr": 0.09700000286102295,
            "magzpsci": 26.100299835205078,
            "isdiffpos": "t",
            "ssdistnr": -999.0,
            "ssnamenr": "null",
            "drb": 0.9375900030136108
        },
        {
            "candid": 1337414252915015004,
            "jd": 2459091.9142593,
            "ra": 30.4624656,
            "dec": -10.4699842,
            "fid": 1,
            "nid": 1337,
            "magpsf": 20.034299850463867,
            "sigmapsf": 0.2034430056810379,
            "magnr": 18.78499984741211,
            "sigmagnr": 0.09700000286102295,
            "magzpsci": 26.264299392700195,
            "isdiffpos": "t",
            "ssdistnr": -999.0,
            "ssnamenr": "null",
            "drb": 0.7034760117530823
        },
        {
            "candid": 1341452222915015007,
            "jd": 2459095.9522222,
            "ra": 30.4627022,
            "dec": -10.4700414,
            "fid": 2,
            "nid": 1341,
            "magpsf": 18.979799270629883,
            "sigmapsf": 0.19064700603485107,
            "magnr": 18.45199966430664,
            "sigmagnr": 0.10700000077486038,
            "magzpsci": 26.188800811767578,
            "isdiffpos": "t",
            "ssdistnr": -999.0,
            "ssnamenr": "null",
            "drb": 0.9397789835929871
        },
        {
            "candid": 1342422932915015002,
            "jd": 2459096.9229398,
            "ra": 30.46254,
            "dec": -10.4699218,
            "fid": 2,
            "nid": 1342,
            "magpsf": 19.29509925842285,
            "sigmapsf": 0.20447300374507904,
            "magnr": 18.45199966430664,
            "sigmagnr": 0.10700000077486038,
            "magzpsci": 26.245100021362305,
            "isdiffpos": "t",
            "ssdistnr": -999.0,
            "ssnamenr": "null",
            "drb": 0.9999459981918335
        },
        {
            "candid": 1357399762915015011,
            "jd": 2459111.8997685,
            "ra": 30.4625595,
            "dec": -10.4700064,
            "fid": 2,
            "nid": 1357,
            "magpsf": 19.781200408935547,
            "sigmapsf": 0.15807199478149414,
            "magnr": 18.45199966430664,
            "sigmagnr": 0.10700000077486038,
            "magzpsci": 26.110200881958008,
            "isdiffpos": "t",
            "ssdistnr": -999.0,
            "ssnamenr": "-999.0",
            "drb": null
        },
        {
            "candid": 1360354072915015012,
            "jd": 2459114.8540741,
            "ra": 30.4626022,
            "dec": -10.4699237,
            "fid": 1,
            "nid": 1360,
            "magpsf": 20.371200561523438,
            "sigmapsf": 0.2015179991722107,
            "magnr": 18.78499984741211,
            "sigmagnr": 0.09700000286102295,
            "magzpsci": 26.105199813842773,
            "isdiffpos": "t",
            "ssdistnr": -999.0,
            "ssnamenr": "-999.0",
            "drb": null
        },
        {
            "candid": 1360400982915015011,
            "jd": 2459114.9009838,
            "ra": 30.4625287,
            "dec": -10.4699648,
            "fid": 2,
            "nid": 1360,
            "magpsf": 19.825599670410156,
            "sigmapsf": 0.14269199967384338,
            "magnr": 18.45199966430664,
            "sigmagnr": 0.10700000077486038,
            "magzpsci": 26.12660026550293,
            "isdiffpos": "t",
            "ssdistnr": -999.0,
            "ssnamenr": "-999.0",
            "drb": null
        },
        {
            "candid": 1361392142915015011,
            "jd": 2459115.8921412,
            "ra": 30.4625703,
            "dec": -10.4699508,
            "fid": 2,
            "nid": 1361,
            "magpsf": 19.811100006103516,
            "sigmapsf": 0.13288700580596924,
            "magnr": 18.45199966430664,
            "sigmagnr": 0.10700000077486038,
            "magzpsci": 26.22410011291504,
            "isdiffpos": "t",
            "ssdistnr": -999.0,
            "ssnamenr": "-999.0",
            "drb": null
        },
        {
            "candid": 1361396892915015010,
            "jd": 2459115.8968981,
            "ra": 30.4625428,
            "dec": -10.4699789,
            "fid": 2,
            "nid": 1361,
            "magpsf": 19.747100830078125,
            "sigmapsf": 0.1363700032234192,
            "magnr": 18.45199966430664,
            "sigmagnr": 0.10700000077486038,
            "magzpsci": 26.23310089111328,
            "isdiffpos": "t",
            "ssdistnr": -999.0,
            "ssnamenr": "null",
            "drb": 0.9999939799308777
        },
        {
            "candid": 1362406972915015016,
            "jd": 2459116.9069792,
            "ra": 30.4625433,
            "dec": -10.4699552,
            "fid": 2,
            "nid": 1362,
            "magpsf": 19.704700469970703,
            "sigmapsf": 0.1413940042257309,
            "magnr": 18.45199966430664,
            "sigmagnr": 0.10700000077486038,
            "magzpsci": 26.235700607299805,
            "isdiffpos": "t",
            "ssdistnr": -999.0,
            "ssnamenr": "null",
            "drb": 0.9999979734420776
        },
        {
            "candid": 1362410752915015017,
            "jd": 2459116.9107523,
            "ra": 30.4625906,
            "dec": -10.4699464,
            "fid": 2,
            "nid": 1362,
            "magpsf": 19.763099670410156,
            "sigmapsf": 0.13466200232505798,
            "magnr": 18.45199966430664,
            "sigmagnr": 0.10700000077486038,
            "magzpsci": 26.219100952148438,
            "isdiffpos": "t",
            "ssdistnr": -999.0,
            "ssnamenr": "null",
            "drb": 0.9998679757118225
        },
        {
            "candid": 1363421002915015014,
            "jd": 2459117.9210069,
            "ra": 30.4626952,
            "dec": -10.4701092,
            "fid": 1,
            "nid": 1363,
            "magpsf": 20.659700393676758,
            "sigmapsf": 0.25151899456977844,
            "magnr": 18.78499984741211,
            "sigmagnr": 0.09700000286102295,
            "magzpsci": 26.2106990814209,
            "isdiffpos": "t",
            "ssdistnr": -999.0,
            "ssnamenr": "-999.0",
            "drb": null
        },
        {
            "candid": 1364312872915015009,
            "jd": 2459118.8128704,
            "ra": 30.4626447,
            "dec": -10.4699107,
            "fid": 2,
            "nid": 1364,
            "magpsf": 20.005699157714844,
            "sigmapsf": 0.192780002951622,
            "magnr": 18.45199966430664,
            "sigmagnr": 0.10700000077486038,
            "magzpsci": 26.239700317382812,
            "isdiffpos": "t",
            "ssdistnr": -999.0,
            "ssnamenr": "null",
            "drb": 0.9978269934654236
        },
        {
            "candid": 1364452842915015011,
            "jd": 2459118.9528472,
            "ra": 30.4625499,
            "dec": -10.4700293,
            "fid": 1,
            "nid": 1364,
            "magpsf": 20.516599655151367,
            "sigmapsf": 0.18186700344085693,
            "magnr": 18.78499984741211,
            "sigmagnr": 0.09700000286102295,
            "magzpsci": 26.253599166870117,
            "isdiffpos": "t",
            "ssdistnr": -999.0,
            "ssnamenr": "null",
            "drb": 0.9665420055389404
        },
        {
            "candid": 1367448782915015004,
            "jd": 2459121.9487847,
            "ra": 30.462528,
            "dec": -10.4700142,
            "fid": 2,
            "nid": 1367,
            "magpsf": 19.83839988708496,
            "sigmapsf": 0.27178800106048584,
            "magnr": 18.45199966430664,
            "sigmagnr": 0.10700000077486038,
            "magzpsci": 26.185400009155273,
            "isdiffpos": "t",
            "ssdistnr": -999.0,
            "ssnamenr": "-999.0",
            "drb": null
        },
        {
            "candid": 1372377612915015013,
            "jd": 2459126.8776157,
            "ra": 30.4626428,
            "dec": -10.4700193,
            "fid": 2,
            "nid": 1372,
            "magpsf": 19.621299743652344,
            "sigmapsf": 0.2338230013847351,
            "magnr": 18.45199966430664,
            "sigmagnr": 0.10700000077486038,
            "magzpsci": 26.231199264526367,
            "isdiffpos": "t",
            "ssdistnr": -999.0,
            "ssnamenr": "-999.0",
            "drb": null
        },
        {
            "candid": 1380333172915015023,
            "jd": 2459134.8331713,
            "ra": 30.4625527,
            "dec": -10.4701599,
            "fid": 2,
            "nid": 1380,
            "magpsf": 20.098499298095703,
            "sigmapsf": 0.19401399791240692,
            "magnr": 18.45199966430664,
            "sigmagnr": 0.10700000077486038,
            "magzpsci": 26.221500396728516,
            "isdiffpos": "t",
            "ssdistnr": -999.0,
            "ssnamenr": "null",
            "drb": 0.9415559768676758
        },
        {
            "candid": 1382314682915015006,
            "jd": 2459136.8146875,
            "ra": 30.4625992,
            "dec": -10.469985,
            "fid": 2,
            "nid": 1382,
            "magpsf": 20.209299087524414,
            "sigmapsf": 0.18720799684524536,
            "magnr": 18.45199966430664,
            "sigmagnr": 0.10700000077486038,
            "magzpsci": 26.25429916381836,
            "isdiffpos": "t",
            "ssdistnr": -999.0,
            "ssnamenr": "null",
            "drb": 0.9990360140800476
        },
        {
            "candid": 1382395742915015007,
            "jd": 2459136.8957407,
            "ra": 30.4626334,
            "dec": -10.4700671,
            "fid": 1,
            "nid": 1382,
            "magpsf": 20.47319984436035,
            "sigmapsf": 0.2577039897441864,
            "magnr": 18.78499984741211,
            "sigmagnr": 0.09700000286102295,
            "magzpsci": 26.261199951171875,
            "isdiffpos": "t",
            "ssdistnr": -999.0,
            "ssnamenr": "-999.0",
            "drb": null
        },
        {
            "candid": 1386301572915015008,
            "jd": 2459140.8015741,
            "ra": 30.4626514,
            "dec": -10.4699236,
            "fid": 1,
            "nid": 1386,
            "magpsf": 20.671899795532227,
            "sigmapsf": 0.21008700132369995,
            "magnr": 18.78499984741211,
            "sigmagnr": 0.09700000286102295,
            "magzpsci": 26.206899642944336,
            "isdiffpos": "t",
            "ssdistnr": -999.0,
            "ssnamenr": "null",
            "drb": 0.296640008687973
        },
        {
            "candid": 1388358472915025015,
            "jd": 2459142.8584722,
            "ra": 30.4625202,
            "dec": -10.469962,
            "fid": 2,
            "nid": 1388,
            "magpsf": 20.27440071105957,
            "sigmapsf": 0.18286800384521484,
            "magnr": 18.45199966430664,
            "sigmagnr": 0.10700000077486038,
            "magzpsci": 26.251399993896484,
            "isdiffpos": "t",
            "ssdistnr": -999.0,
            "ssnamenr": "-999.0",
            "drb": null
        },
        {
            "candid": 1390407262915015017,
            "jd": 2459144.9072685,
            "ra": 30.4626003,
            "dec": -10.46995,
            "fid": 2,
            "nid": 1390,
            "magpsf": 20.1466007232666,
            "sigmapsf": 0.15125100314617157,
            "magnr": 18.45199966430664,
            "sigmagnr": 0.10700000077486038,
            "magzpsci": 26.243600845336914,
            "isdiffpos": "t",
            "ssdistnr": -999.0,
            "ssnamenr": "null",
            "drb": 0.9999690055847168
        },
        {
            "jd": 2459062.91811,
            "fid": 1,
            "diffmaglim": 19.280000686645508
        },
        {
            "jd": 2459092.90398,
            "fid": 1,
            "diffmaglim": 19.527000427246094
        },
        {
            "jd": 2459093.87595,
            "fid": 2,
            "diffmaglim": 19.03700065612793
        },
        {
            "jd": 2459093.89934,
            "fid": 1,
            "diffmaglim": 19.156999588012695
        },
        {
            "jd": 2459094.9184,
            "fid": 2,
            "diffmaglim": 18.80299949645996
        },
        {
            "jd": 2459094.99801,
            "fid": 1,
            "diffmaglim": 18.836000442504883
        },
        {
            "jd": 2459095.83852,
            "fid": 1,
            "diffmaglim": 18.517000198364258
        },
        {
            "jd": 2459108.87336,
            "fid": 1,
            "diffmaglim": 20.11400032043457
        },
        {
            "jd": 2459116.81064,
            "fid": 1,
            "diffmaglim": 20.482999801635742
        },
        {
            "jd": 2459117.8834,
            "fid": 2,
            "diffmaglim": 20.490999221801758
        },
        {
            "jd": 2459120.86007,
            "fid": 1,
            "diffmaglim": 19.555999755859375
        },
        {
            "jd": 2459121.88322,
            "fid": 1,
            "diffmaglim": 19.469999313354492
        },
        {
            "jd": 2459121.91812,
            "fid": 1,
            "diffmaglim": 19.509000778198242
        },
        {
            "jd": 2459124.8995,
            "fid": 2,
            "diffmaglim": 18.881999969482422
        },
        {
            "jd": 2459124.9898,
            "fid": 1,
            "diffmaglim": 18.635000228881836
        },
        {
            "jd": 2459126.95535,
            "fid": 1,
            "diffmaglim": 18.957000732421875
        },
        {
            "jd": 2459128.85749,
            "fid": 1,
            "diffmaglim": 18.860000610351562
        },
        {
            "jd": 2459128.90458,
            "fid": 2,
            "diffmaglim": 19.266000747680664
        },
        {
            "jd": 2459130.7976,
            "fid": 2,
            "diffmaglim": 20.163999557495117
        },
        {
            "jd": 2459130.87425,
            "fid": 1,
            "diffmaglim": 20.07200050354004
        }
    ],
    "forcedphot": []
}