{
    "objectId": "ZTF20aavgcnu",
    "candidates": [
        {
            "candid": 1202247385315015015,
            "jd": 2458956.7473843,
            "ra": 199.8674674,
            "dec": -13.7236997,
            "fid": 1,
            "nid": 1202,
            "magpsf": 18.679399490356445,
            "sigmapsf": 0.09541399776935577,
            "magnr": 17.899999618530273,
            "sigmagnr": 0.08100000023841858,
            "magzpsci": 26.174400329589844,
            "isdiffpos": "t",
            "ssdistnr": -999.0,
            "ssnamenr": "null",
            "drb": 0.9997280240058899
        },
        {
            "candid": 1202293745315015012,
            "jd": 2458956.79375,
            "ra": 199.8674714,
            "dec": -13.7237054,
            "fid": 2,
            "nid": 1202,
            "magpsf": 18.27720069885254,
            "sigmapsf": 0.08491399884223938,
            "magnr": 17.47599983215332,
            "sigmagnr": 0.08100000023841858,
            "magzpsci": 26.09119987487793,
            "isdiffpos": "t",
            "ssdistnr": -999.0,
            "ssnamenr": "null",
            "drb": 0.9999989867210388
        },
        {
            "candid": 1209224965315015005,
            "jd": 2458963.7249653,
            "ra": 199.8674766,
            "dec": -13.7237153,
            "fid": 1,
            "nid": 1209,
            "magpsf": 18.7096004486084,
            "sigmapsf": 0.08919700235128403,
            "magnr": 17.899999618530273,
            "sigmagnr": 0.08100000023841858,
            "magzpsci": 26.16659927368164,
            "isdiffpos": "t",
            "ssdistnr": -999.0,
            "ssnamenr": "null",
            "drb": 0.9999740123748779
        },
        {
            "candid": 1209271505315015011,
            "jd": 2458963.7715046,
            "ra": 199.8674733,
            "dec": -13.7237175,
            "fid": 1,
            "nid": 1209,
            "magpsf": 18.712400436401367,
            "sigmapsf": 0.08617299795150757,
            "magnr": 17.899999618530273,
            "sigmagnr": 0.08100000023841858,
            "magzpsci": 26.186399459838867,
            "isdiffpos": "t",
            "ssdistnr": -999.0,
            "ssnamenr": "null",
            "drb": 0.9992539882659912
        },
        {
            "candid": 1212270085315015006,
            "jd": 2458966.770081,
            "ra": 199.8674506,
            "dec": -13.7237099,
            "fid": 1,
            "nid": 1212,
            "magpsf": 19.188499450683594,
            "sigmapsf": 0.2144699990749359,
            "magnr": 17.899999618530273,
            "sigmagnr": 0.08100000023841858,
            "magzpsci": 25.618499755859375,
            "isdiffpos": "t",
            "ssdistnr": -999.0,
            "ssnamenr": "null",
            "drb": 0.9999979734420776
        },
        {
            "candid": 1212338595315015010,
            "jd": 2458966.8385995,
            "ra": 199.8674282,
            "dec": -13.7236776,
            "fid": 2,
            "nid": 1212,
            "magpsf": 17.930200576782227,
            "sigmapsf": 0.12138299643993378,
            "magnr": 17.47599983215332,
            "sigmagnr": 0.08100000023841858,
            "magzpsci": 25.017200469970703,
            "isdiffpos": "t",
            "ssdistnr": -999.0,
            "ssnamenr": "null",
            "drb": 0.9998059868812561
        },
        {
            "candid": 1218191065315015007,
            "jd": 2458972.6910648,
            "ra": 199.8674858,
            "dec": -13.7236876,
            "fid": 2,
            "nid": 1218,
            "magpsf": 18.447999954223633,
            "sigmapsf": 0.09112100303173065,
            "magnr": 17.26300048828125,
            "sigmagnr": 0.0820000022649765,
            "magzpsci": 26.16200065612793,
            "isdiffpos": "t",
            "ssdistnr": -999.0,
            "ssnamenr": "null",
            "drb": 0.9999960064888
        },
        {
            "candid": 1218230175315015005,
            "jd": 2458972.7301736,
            "ra": 199.8674743,
            "dec": -13.723669,
            "fid": 1,
            "nid": 1218,
            "magpsf": 19.883100509643555,
            "sigmapsf": 0.3007430136203766,
            "magnr": 17.899999618530273,
            "sigmagnr": 0.08100000023841858,
            "magzpsci": 26.221099853515625,
            "isdiffpos": "t",
            "ssdistnr": -999.0,
            "ssnamenr": "-999.0",
            "drb": null
        },
        {
            "candid": 1225294085315015005,
            "jd": 2458979.7940856,
            "ra": 199.867457,
            "dec": -13.7236823,
            "fid": 2,
            "nid": 1225,
            "magpsf": 18.74679946899414,
            "sigmapsf": 0.10582400113344193,
            "magnr": 17.26300048828125,
            "sigmagnr": 0.0820000022649765,
            "magzpsci": 26.11680030822754,
            "isdiffpos": "t",
            "ssdistnr": -999.0,
            "ssnamenr": "null",
            "drb": 0.9999499917030334
        },
        {
            "candid": 1233296185315015019,
            "jd": 2458987.7961806,
            "ra": 199.8675248,
            "dec": -13.7237115,
            "fid": 2,
            "nid": 1233,
            "magpsf": 19.386999130249023,
            "sigmapsf": 0.11456099897623062,
            "magnr": 17.26300048828125,
            "sigmagnr": 0.0820000022649765,
            "magzpsci": 26.16699981689453,
            "isdiffpos": "t",
            "ssdistnr": -999.0,
            "ssnamenr": "null",
            "drb": 0.9837170243263245
        },
        {
            "jd": 2458941.85725,
            "fid": 2,
            "diffmaglim": 19.729999542236328
        },
        {
            "jd": 2458941.94007,
            "fid": 1,
            "diffmaglim": 19.791000366210938
        },
        {
            "jd": 2458969.80939,
            "fid": 2,
            "diffmaglim": 15.62600040435791
        }
    ],
    "forcedphot": []
}