{
    "objectId": "ZTF22abcsgeq",
    "candidates": [
        {
            "candid": 2061439211515015002,
            "jd": 2459815.939213,
            "ra": 41.4779312,
            "dec": -5.6418565,
            "fid": 1,
            "nid": 2061,
            "magpsf": 19.46969985961914,
            "sigmapsf": 0.1520570069551468,
            "magnr": 17.700000762939453,
            "sigmagnr": 0.12399999797344208,
            "magzpsci": 26.168699264526367,
            "isdiffpos": "t",
            "ssdistnr": null,
            "ssnamenr": null,
            "drb": 0.9139409065246582
        },
        {
            "candid": 2067451481515015001,
            "jd": 2459821.9514815,
            "ra": 41.4779723,
            "dec": -5.6418481,
            "fid": 1,
            "nid": 2067,
            "magpsf": 19.125900268554688,
            "sigmapsf": 0.15569700300693512,
            "magnr": 17.700000762939453,
            "sigmagnr": 0.12399999797344208,
            "magzpsci": 26.35689926147461,
            "isdiffpos": "t",
            "ssdistnr": null,
            "ssnamenr": null,
            "drb": null
        },
        {
            "candid": 2070435841515015001,
            "jd": 2459824.9358449,
            "ra": 41.4779384,
            "dec": -5.6418559,
            "fid": 1,
            "nid": 2070,
            "magpsf": 19.107099533081055,
            "sigmapsf": 0.10468299686908722,
            "magnr": 17.700000762939453,
            "sigmagnr": 0.12399999797344208,
            "magzpsci": 26.180099487304688,
            "isdiffpos": "t",
            "ssdistnr": null,
            "ssnamenr": null,
            "drb": null
        },
        {
            "candid": 2070473131515015000,
            "jd": 2459824.9731366,
            "ra": 41.477942,
            "dec": -5.64181,
            "fid": 2,
            "nid": 2070,
            "magpsf": 18.186899185180664,
            "sigmapsf": 0.07895299792289734,
            "magnr": 17.05500030517578,
            "sigmagnr": 0.11800000071525574,
            "magzpsci": 26.136899948120117,
            "isdiffpos": "t",
            "ssdistnr": null,
            "ssnamenr": null,
            "drb": null
        },
        {
            "candid": 2075479311515015003,
            "jd": 2459829.9793171,
            "ra": 41.4779604,
            "dec": -5.6418414,
            "fid": 2,
            "nid": 2075,
            "magpsf": 18.279254913330078,
            "sigmapsf": 0.053743164986371994,
            "magnr": 17.05500030517578,
            "sigmagnr": 0.11800000071525574,
            "magzpsci": 26.127254486083984,
            "isdiffpos": "t",
            "ssdistnr": -999.0,
            "ssnamenr": "null",
            "drb": null
        },
        {
            "jd": 2459793.963831,
            "fid": 1,
            "diffmaglim": 20.37980079650879
        },
        {
            "jd": 2459795.9254282,
            "fid": 1,
            "diffmaglim": 18.424999237060547
        },
        {
            "jd": 2459798.9337963,
            "fid": 1,
            "diffmaglim": 20.122499465942383
        },
        {
            "jd": 2459798.9778588,
            "fid": 2,
            "diffmaglim": 19.95789909362793
        },
        {
            "jd": 2459801.9043056,
            "fid": 1,
            "diffmaglim": 19.197599411010742
        },
        {
            "jd": 2459801.9776273,
            "fid": 2,
            "diffmaglim": 20.444000244140625
        },
        {
            "jd": 2459804.9024421,
            "fid": 2,
            "diffmaglim": 18.582599639892578
        },
        {
            "jd": 2459807.9508449,
            "fid": 1,
            "diffmaglim": 19.452800750732422
        },
        {
            "jd": 2459810.9001042,
            "fid": 1,
            "diffmaglim": 19.30299949645996
        },
        {
            "jd": 2459810.9749306,
            "fid": 2,
            "diffmaglim": 19.81450080871582
        },
        {
            "jd": 2459813.9428819,
            "fid": 2,
            "diffmaglim": 19.78529930114746
        },
        {
            "jd": 2459815.9834375,
            "fid": 2,
            "diffmaglim": 20.46660041809082
        },
        {
            "jd": 2459821.9885532,
            "fid": 2,
            "diffmaglim": 20.691699981689453
        },
        {
            "jd": 2459826.9435995,
            "fid": 2,
            "diffmaglim": 20.559900283813477
        }
    ],
    "forcedphot": []
}