{
    "objectId": "ZTF23absbjlp",
    "candidates": [
        {
            "candid": 2533239564615015004,
            "jd": 2460287.7395602,
            "ra": 51.2075761,
            "dec": -9.2369236,
            "fid": 1,
            "nid": 2533,
            "magpsf": 19.09440040588379,
            "sigmapsf": 0.11595100164413452,
            "magnr": 19.44499969482422,
            "sigmagnr": 0.10700000077486038,
            "magzpsci": 26.30739974975586,
            "isdiffpos": "t",
            "ssdistnr": null,
            "ssnamenr": null,
            "drb": 0.9999992847442627
        },
        {
            "candid": 2533256854615015007,
            "jd": 2460287.7568519,
            "ra": 51.2075579,
            "dec": -9.2368805,
            "fid": 2,
            "nid": 2533,
            "magpsf": 18.459400177001953,
            "sigmapsf": 0.06700900197029114,
            "magnr": 20.82200050354004,
            "sigmagnr": 0.09300000220537186,
            "magzpsci": 26.27239990234375,
            "isdiffpos": "t",
            "ssdistnr": null,
            "ssnamenr": null,
            "drb": null
        },
        {
            "candid": 2535194074615015002,
            "jd": 2460289.6940741,
            "ra": 51.2075388,
            "dec": -9.2368841,
            "fid": 1,
            "nid": 2535,
            "magpsf": 19.14150047302246,
            "sigmapsf": 0.103131003677845,
            "magnr": 19.44499969482422,
            "sigmagnr": 0.10700000077486038,
            "magzpsci": 26.170499801635742,
            "isdiffpos": "t",
            "ssdistnr": null,
            "ssnamenr": null,
            "drb": null
        },
        {
            "candid": 2535295124615015004,
            "jd": 2460289.7951273,
            "ra": 51.2075374,
            "dec": -9.2368423,
            "fid": 2,
            "nid": 2535,
            "magpsf": 18.360700607299805,
            "sigmapsf": 0.07576300203800201,
            "magnr": 20.82200050354004,
            "sigmagnr": 0.09300000220537186,
            "magzpsci": 25.963699340820312,
            "isdiffpos": "t",
            "ssdistnr": null,
            "ssnamenr": null,
            "drb": null
        },
        {
            "candid": 2537211804615015009,
            "jd": 2460291.7118056,
            "ra": 51.2075251,
            "dec": -9.2368563,
            "fid": 1,
            "nid": 2537,
            "magpsf": 19.193599700927734,
            "sigmapsf": 0.08529499918222427,
            "magnr": 19.44499969482422,
            "sigmagnr": 0.10700000077486038,
            "magzpsci": 26.302600860595703,
            "isdiffpos": "t",
            "ssdistnr": null,
            "ssnamenr": null,
            "drb": null
        },
        {
            "candid": 2537232494615015006,
            "jd": 2460291.7325,
            "ra": 51.2075488,
            "dec": -9.2368995,
            "fid": 2,
            "nid": 2537,
            "magpsf": 18.44770050048828,
            "sigmapsf": 0.06652399897575378,
            "magnr": 20.82200050354004,
            "sigmagnr": 0.09300000220537186,
            "magzpsci": 26.264699935913086,
            "isdiffpos": "t",
            "ssdistnr": null,
            "ssnamenr": null,
            "drb": null
        },
        {
            "candid": 2542259564615015004,
            "jd": 2460296.7595602,
            "ra": 51.2075617,
            "dec": -9.2368757,
            "fid": 1,
            "nid": 2542,
            "magpsf": 19.426000595092773,
            "sigmapsf": 0.13178199529647827,
            "magnr": 19.44499969482422,
            "sigmagnr": 0.10700000077486038,
            "magzpsci": 26.06599998474121,
            "isdiffpos": "t",
            "ssdistnr": null,
            "ssnamenr": null,
            "drb": null
        },
        {
            "candid": 2552260174615015054,
            "jd": 2460306.7601736,
            "ra": 51.2075439,
            "dec": -9.236798,
            "fid": 2,
            "nid": 2552,
            "magpsf": 18.761199951171875,
            "sigmapsf": 0.17580300569534302,
            "magnr": 20.82200050354004,
            "sigmagnr": 0.09300000220537186,
            "magzpsci": 25.78019905090332,
            "isdiffpos": "t",
            "ssdistnr": null,
            "ssnamenr": null,
            "drb": null
        },
        {
            "candid": 2554128764615015006,
            "jd": 2460308.6287616,
            "ra": 51.2074831,
            "dec": -9.2368813,
            "fid": 1,
            "nid": 2554,
            "magpsf": 20.243099212646484,
            "sigmapsf": 0.20991399884223938,
            "magnr": 21.070999145507812,
            "sigmagnr": 0.14499999582767487,
            "magzpsci": 26.25909996032715,
            "isdiffpos": "t",
            "ssdistnr": null,
            "ssnamenr": null,
            "drb": null
        },
        {
            "candid": 2554175964615015003,
            "jd": 2460308.6759606,
            "ra": 51.2075172,
            "dec": -9.23685,
            "fid": 2,
            "nid": 2554,
            "magpsf": 19.022300720214844,
            "sigmapsf": 0.1405089944601059,
            "magnr": 20.82200050354004,
            "sigmagnr": 0.09300000220537186,
            "magzpsci": 25.866300582885742,
            "isdiffpos": "t",
            "ssdistnr": null,
            "ssnamenr": null,
            "drb": null
        },
        {
            "candid": 2560170764615015006,
            "jd": 2460314.6707639,
            "ra": 51.2075565,
            "dec": -9.2368747,
            "fid": 2,
            "nid": 2560,
            "magpsf": 19.333166122436523,
            "sigmapsf": 0.1310465931892395,
            "magnr": 20.82200050354004,
            "sigmagnr": 0.09300000220537186,
            "magzpsci": 26.261167526245117,
            "isdiffpos": "t",
            "ssdistnr": -999.0,
            "ssnamenr": "null",
            "drb": null
        },
        {
            "jd": 2460257.7548495,
            "fid": 2,
            "diffmaglim": 19.093700408935547
        },
        {
            "jd": 2460257.7885301,
            "fid": 2,
            "diffmaglim": 19.225799560546875
        },
        {
            "jd": 2460257.8137269,
            "fid": 1,
            "diffmaglim": 19.74880027770996
        },
        {
            "jd": 2460257.8716782,
            "fid": 1,
            "diffmaglim": 19.93779945373535
        },
        {
            "jd": 2460259.8372685,
            "fid": 2,
            "diffmaglim": 20.352800369262695
        },
        {
            "jd": 2460259.8386921,
            "fid": 2,
            "diffmaglim": 20.205400466918945
        },
        {
            "jd": 2460259.8570602,
            "fid": 1,
            "diffmaglim": 20.17340087890625
        },
        {
            "jd": 2460259.8579977,
            "fid": 1,
            "diffmaglim": 20.300800323486328
        },
        {
            "jd": 2460261.7765278,
            "fid": 2,
            "diffmaglim": 20.2539005279541
        },
        {
            "jd": 2460261.8143171,
            "fid": 1,
            "diffmaglim": 20.54199981689453
        },
        {
            "jd": 2460261.8336227,
            "fid": 1,
            "diffmaglim": 20.622400283813477
        },
        {
            "jd": 2460263.8593981,
            "fid": 2,
            "diffmaglim": 20.15920066833496
        },
        {
            "jd": 2460263.8627546,
            "fid": 2,
            "diffmaglim": 20.23979949951172
        },
        {
            "jd": 2460285.7339005,
            "fid": 1,
            "diffmaglim": 20.43829917907715
        },
        {
            "jd": 2460295.6967824,
            "fid": 1,
            "diffmaglim": 20.14240074157715
        },
        {
            "jd": 2460305.6938426,
            "fid": 1,
            "diffmaglim": 18.414199829101562
        },
        {
            "jd": 2460306.6095255,
            "fid": 1,
            "diffmaglim": 16.881999969482422
        },
        {
            "jd": 2460307.6325463,
            "fid": 1,
            "diffmaglim": 19.675199508666992
        },
        {
            "jd": 2460307.6987037,
            "fid": 2,
            "diffmaglim": 19.846200942993164
        }
    ],
    "forcedphot": [
        {
            "objectid": "ZTF23absbjlp",
            "jd": 2460257.7885301,
            "ranr": 51.2065963,
            "decnr": -9.2359624,
            "fid": 2,
            "forcediffimflux": -87.18250274658203,
            "forcediffimfluxunc": 81.77019500732422,
            "magzpsci": 26.279800415039062
        },
        {
            "objectid": "ZTF23absbjlp",
            "jd": 2460257.8716782,
            "ranr": 51.2064537,
            "decnr": -9.2371558,
            "fid": 1,
            "forcediffimflux": -66.94816589355469,
            "forcediffimfluxunc": 45.295841217041016,
            "magzpsci": 26.291799545288086
        },
        {
            "objectid": "ZTF23absbjlp",
            "jd": 2460259.8386921,
            "ranr": -99999.0,
            "decnr": -99999.0,
            "fid": 2,
            "forcediffimflux": -99999.0,
            "forcediffimfluxunc": -99999.0,
            "magzpsci": 26.222700119018555
        },
        {
            "objectid": "ZTF23absbjlp",
            "jd": 2460259.8579977,
            "ranr": 51.2064537,
            "decnr": -9.2371558,
            "fid": 1,
            "forcediffimflux": -10.9699068069458,
            "forcediffimfluxunc": 29.703996658325195,
            "magzpsci": 26.29640007019043
        },
        {
            "objectid": "ZTF23absbjlp",
            "jd": 2460261.7765278,
            "ranr": 51.2065963,
            "decnr": -9.2359624,
            "fid": 2,
            "forcediffimflux": -3.802079439163208,
            "forcediffimfluxunc": 33.414554595947266,
            "magzpsci": 26.233200073242188
        },
        {
            "objectid": "ZTF23absbjlp",
            "jd": 2460261.8336227,
            "ranr": 51.2064537,
            "decnr": -9.2371558,
            "fid": 1,
            "forcediffimflux": 27.641277313232422,
            "forcediffimfluxunc": 23.531402587890625,
            "magzpsci": 26.30139923095703
        },
        {
            "objectid": "ZTF23absbjlp",
            "jd": 2460263.8627546,
            "ranr": -99999.0,
            "decnr": -99999.0,
            "fid": 2,
            "forcediffimflux": -99999.0,
            "forcediffimfluxunc": -99999.0,
            "magzpsci": 26.29640007019043
        },
        {
            "objectid": "ZTF23absbjlp",
            "jd": 2460285.7339005,
            "ranr": -99999.0,
            "decnr": -99999.0,
            "fid": 1,
            "forcediffimflux": -99999.0,
            "forcediffimfluxunc": -99999.0,
            "magzpsci": 26.29509925842285
        },
        {
            "objectid": "ZTF23absbjlp",
            "jd": 2460287.7395602,
            "ranr": 51.2064537,
            "decnr": -9.2371558,
            "fid": 1,
            "forcediffimflux": 729.9564208984375,
            "forcediffimfluxunc": 41.18284225463867,
            "magzpsci": 26.30739974975586
        },
        {
            "objectid": "ZTF23absbjlp",
            "jd": 2460287.7568519,
            "ranr": 51.2065963,
            "decnr": -9.2359624,
            "fid": 2,
            "forcediffimflux": 1334.318603515625,
            "forcediffimfluxunc": 36.93878173828125,
            "magzpsci": 26.27239990234375
        },
        {
            "objectid": "ZTF23absbjlp",
            "jd": 2460288.7121528,
            "ranr": -99999.0,
            "decnr": -99999.0,
            "fid": 2,
            "forcediffimflux": -99999.0,
            "forcediffimfluxunc": -99999.0,
            "magzpsci": 26.305299758911133
        },
        {
            "objectid": "ZTF23absbjlp",
            "jd": 2460288.7947222,
            "ranr": -99999.0,
            "decnr": -99999.0,
            "fid": 1,
            "forcediffimflux": -99999.0,
            "forcediffimfluxunc": -99999.0,
            "magzpsci": 26.230600357055664
        },
        {
            "objectid": "ZTF23absbjlp",
            "jd": 2460289.6940741,
            "ranr": 51.2064537,
            "decnr": -9.2371558,
            "fid": 1,
            "forcediffimflux": 653.0479736328125,
            "forcediffimfluxunc": 40.82648468017578,
            "magzpsci": 26.170499801635742
        },
        {
            "objectid": "ZTF23absbjlp",
            "jd": 2460289.7951273,
            "ranr": 51.2065963,
            "decnr": -9.2359624,
            "fid": 2,
            "forcediffimflux": 1136.2413330078125,
            "forcediffimfluxunc": 43.863773345947266,
            "magzpsci": 25.963699340820312
        },
        {
            "objectid": "ZTF23absbjlp",
            "jd": 2460290.7080787,
            "ranr": -99999.0,
            "decnr": -99999.0,
            "fid": 2,
            "forcediffimflux": -99999.0,
            "forcediffimfluxunc": -99999.0,
            "magzpsci": 26.247699737548828
        },
        {
            "objectid": "ZTF23absbjlp",
            "jd": 2460290.7475579,
            "ranr": -99999.0,
            "decnr": -99999.0,
            "fid": 1,
            "forcediffimflux": -99999.0,
            "forcediffimfluxunc": -99999.0,
            "magzpsci": 26.293800354003906
        },
        {
            "objectid": "ZTF23absbjlp",
            "jd": 2460291.7118056,
            "ranr": 51.2064537,
            "decnr": -9.2371558,
            "fid": 1,
            "forcediffimflux": 716.9645385742188,
            "forcediffimfluxunc": 29.137054443359375,
            "magzpsci": 26.302600860595703
        },
        {
            "objectid": "ZTF23absbjlp",
            "jd": 2460291.7325,
            "ranr": 51.2065963,
            "decnr": -9.2359624,
            "fid": 2,
            "forcediffimflux": 1277.625244140625,
            "forcediffimfluxunc": 43.14366149902344,
            "magzpsci": 26.264699935913086
        },
        {
            "objectid": "ZTF23absbjlp",
            "jd": 2460295.6967824,
            "ranr": -99999.0,
            "decnr": -99999.0,
            "fid": 1,
            "forcediffimflux": -99999.0,
            "forcediffimfluxunc": -99999.0,
            "magzpsci": 26.239599227905273
        },
        {
            "objectid": "ZTF23absbjlp",
            "jd": 2460295.7791435,
            "ranr": -99999.0,
            "decnr": -99999.0,
            "fid": 2,
            "forcediffimflux": -99999.0,
            "forcediffimfluxunc": -99999.0,
            "magzpsci": 26.300199508666992
        },
        {
            "objectid": "ZTF23absbjlp",
            "jd": 2460296.7595602,
            "ranr": 51.2064537,
            "decnr": -9.2371558,
            "fid": 1,
            "forcediffimflux": 451.0556335449219,
            "forcediffimfluxunc": 36.732017517089844,
            "magzpsci": 26.06599998474121
        },
        {
            "objectid": "ZTF23absbjlp",
            "jd": 2460305.6938426,
            "ranr": -99999.0,
            "decnr": -99999.0,
            "fid": 1,
            "forcediffimflux": -99999.0,
            "forcediffimfluxunc": -99999.0,
            "magzpsci": 25.8981990814209
        },
        {
            "objectid": "ZTF23absbjlp",
            "jd": 2460307.6325463,
            "ranr": -99999.0,
            "decnr": -99999.0,
            "fid": 1,
            "forcediffimflux": -99999.0,
            "forcediffimfluxunc": -99999.0,
            "magzpsci": 26.288400650024414
        },
        {
            "objectid": "ZTF23absbjlp",
            "jd": 2460307.6987037,
            "ranr": -99999.0,
            "decnr": -99999.0,
            "fid": 2,
            "forcediffimflux": -99999.0,
            "forcediffimfluxunc": -99999.0,
            "magzpsci": 26.21739959716797
        },
        {
            "objectid": "ZTF23absbjlp",
            "jd": 2460308.6287616,
            "ranr": 51.2064537,
            "decnr": -9.2371558,
            "fid": 1,
            "forcediffimflux": 265.07598876953125,
            "forcediffimfluxunc": 26.274721145629883,
            "magzpsci": 26.25909996032715
        },
        {
            "objectid": "ZTF23absbjlp",
            "jd": 2460308.6759606,
            "ranr": 51.2065963,
            "decnr": -9.2359624,
            "fid": 2,
            "forcediffimflux": 542.8968505859375,
            "forcediffimfluxunc": 50.06597900390625,
            "magzpsci": 25.866300582885742
        },
        {
            "objectid": "ZTF23absbjlp",
            "jd": 2460314.6312037,
            "ranr": -99999.0,
            "decnr": -99999.0,
            "fid": 2,
            "forcediffimflux": -99999.0,
            "forcediffimfluxunc": -99999.0,
            "magzpsci": 26.298500061035156
        }
    ]
}