{
    "objectId": "ZTF24aaqyfob",
    "candidates": [
        {
            "candid": 2715277212415015011,
            "jd": 2460469.7772106,
            "ra": 214.704925,
            "dec": 10.8372112,
            "fid": 2,
            "nid": 2715,
            "magpsf": 20.263999938964844,
            "sigmapsf": 0.2149370014667511,
            "magnr": 22.301000595092773,
            "sigmagnr": 0.2070000022649765,
            "magzpsci": 26.288999557495117,
            "isdiffpos": "t",
            "ssdistnr": null,
            "ssnamenr": null,
            "drb": 0.99672532081604
        },
        {
            "candid": 2719247002415015007,
            "jd": 2460473.7470023,
            "ra": 214.7049302,
            "dec": 10.8372068,
            "fid": 2,
            "nid": 2719,
            "magpsf": 19.599300384521484,
            "sigmapsf": 0.10934700071811676,
            "magnr": 22.301000595092773,
            "sigmagnr": 0.2070000022649765,
            "magzpsci": 26.294300079345703,
            "isdiffpos": "t",
            "ssdistnr": null,
            "ssnamenr": null,
            "drb": null
        },
        {
            "candid": 2721248202415015012,
            "jd": 2460475.748206,
            "ra": 214.7049426,
            "dec": 10.8371934,
            "fid": 2,
            "nid": 2721,
            "magpsf": 19.404800415039062,
            "sigmapsf": 0.12307500094175339,
            "magnr": 22.301000595092773,
            "sigmagnr": 0.2070000022649765,
            "magzpsci": 26.319799423217773,
            "isdiffpos": "t",
            "ssdistnr": null,
            "ssnamenr": null,
            "drb": null
        },
        {
            "candid": 2723332802415015004,
            "jd": 2460477.8328009,
            "ra": 214.7048862,
            "dec": 10.8371073,
            "fid": 2,
            "nid": 2723,
            "magpsf": 19.36370086669922,
            "sigmapsf": 0.2189369946718216,
            "magnr": 22.301000595092773,
            "sigmagnr": 0.2070000022649765,
            "magzpsci": 26.294700622558594,
            "isdiffpos": "t",
            "ssdistnr": null,
            "ssnamenr": null,
            "drb": null
        },
        {
            "candid": 2726319942415015004,
            "jd": 2460480.8199421,
            "ra": 214.7049616,
            "dec": 10.8372053,
            "fid": 2,
            "nid": 2726,
            "magpsf": 19.182300567626953,
            "sigmapsf": 0.16993899643421173,
            "magnr": 22.301000595092773,
            "sigmagnr": 0.2070000022649765,
            "magzpsci": 26.218299865722656,
            "isdiffpos": "t",
            "ssdistnr": null,
            "ssnamenr": null,
            "drb": null
        },
        {
            "candid": 2728317252415015007,
            "jd": 2460482.8172569,
            "ra": 214.7049323,
            "dec": 10.8372105,
            "fid": 2,
            "nid": 2728,
            "magpsf": 19.1294002532959,
            "sigmapsf": 0.14841799437999725,
            "magnr": 22.301000595092773,
            "sigmagnr": 0.2070000022649765,
            "magzpsci": 26.291400909423828,
            "isdiffpos": "t",
            "ssdistnr": null,
            "ssnamenr": null,
            "drb": null
        },
        {
            "candid": 2730274882415015005,
            "jd": 2460484.7748843,
            "ra": 214.7049441,
            "dec": 10.8371873,
            "fid": 2,
            "nid": 2730,
            "magpsf": 19.212299346923828,
            "sigmapsf": 0.14478400349617004,
            "magnr": 22.301000595092773,
            "sigmagnr": 0.2070000022649765,
            "magzpsci": 26.2893009185791,
            "isdiffpos": "t",
            "ssdistnr": null,
            "ssnamenr": null,
            "drb": null
        },
        {
            "candid": 2736254692415015007,
            "jd": 2460490.7546991,
            "ra": 214.7049293,
            "dec": 10.8371778,
            "fid": 2,
            "nid": 2736,
            "magpsf": 19.127199172973633,
            "sigmapsf": 0.09905499964952469,
            "magnr": 22.301000595092773,
            "sigmagnr": 0.2070000022649765,
            "magzpsci": 26.325199127197266,
            "isdiffpos": "t",
            "ssdistnr": null,
            "ssnamenr": null,
            "drb": null
        },
        {
            "candid": 2748244022415015005,
            "jd": 2460502.7440278,
            "ra": 214.7048819,
            "dec": 10.8371658,
            "fid": 2,
            "nid": 2748,
            "magpsf": 19.489452362060547,
            "sigmapsf": 0.11927613615989685,
            "magnr": 22.301000595092773,
            "sigmagnr": 0.2070000022649765,
            "magzpsci": 26.156452178955078,
            "isdiffpos": "t",
            "ssdistnr": -999.0,
            "ssnamenr": "null",
            "drb": null
        },
        {
            "jd": 2460440.8327199,
            "fid": 1,
            "diffmaglim": 20.527299880981445
        },
        {
            "jd": 2460440.8674537,
            "fid": 2,
            "diffmaglim": 20.302900314331055
        },
        {
            "jd": 2460442.7686574,
            "fid": 2,
            "diffmaglim": 20.462299346923828
        },
        {
            "jd": 2460442.8244792,
            "fid": 1,
            "diffmaglim": 20.61549949645996
        },
        {
            "jd": 2460444.7752778,
            "fid": 2,
            "diffmaglim": 20.60420036315918
        },
        {
            "jd": 2460444.8728588,
            "fid": 1,
            "diffmaglim": 20.686599731445312
        },
        {
            "jd": 2460446.7910185,
            "fid": 2,
            "diffmaglim": 20.103200912475586
        },
        {
            "jd": 2460446.8502894,
            "fid": 1,
            "diffmaglim": 20.106599807739258
        },
        {
            "jd": 2460448.7690394,
            "fid": 2,
            "diffmaglim": 20.0137996673584
        },
        {
            "jd": 2460448.868206,
            "fid": 1,
            "diffmaglim": 19.771099090576172
        },
        {
            "jd": 2460450.7949306,
            "fid": 1,
            "diffmaglim": 19.16360092163086
        },
        {
            "jd": 2460450.8737731,
            "fid": 2,
            "diffmaglim": 19.168100357055664
        },
        {
            "jd": 2460452.8124306,
            "fid": 1,
            "diffmaglim": 19.01460075378418
        },
        {
            "jd": 2460452.8409606,
            "fid": 2,
            "diffmaglim": 18.686500549316406
        },
        {
            "jd": 2460456.814919,
            "fid": 2,
            "diffmaglim": 20.027299880981445
        },
        {
            "jd": 2460458.7492708,
            "fid": 1,
            "diffmaglim": 20.807899475097656
        },
        {
            "jd": 2460458.8398148,
            "fid": 2,
            "diffmaglim": 20.35260009765625
        },
        {
            "jd": 2460460.749294,
            "fid": 1,
            "diffmaglim": 20.658000946044922
        },
        {
            "jd": 2460460.7541551,
            "fid": 2,
            "diffmaglim": 20.554100036621094
        },
        {
            "jd": 2460462.7078125,
            "fid": 2,
            "diffmaglim": 20.72920036315918
        },
        {
            "jd": 2460462.7555787,
            "fid": 1,
            "diffmaglim": 20.930999755859375
        },
        {
            "jd": 2460469.7272685,
            "fid": 1,
            "diffmaglim": 20.743200302124023
        },
        {
            "jd": 2460471.7278241,
            "fid": 1,
            "diffmaglim": 20.753799438476562
        },
        {
            "jd": 2460471.7784722,
            "fid": 2,
            "diffmaglim": 20.697599411010742
        },
        {
            "jd": 2460473.7278009,
            "fid": 1,
            "diffmaglim": 20.27989959716797
        },
        {
            "jd": 2460475.6927662,
            "fid": 1,
            "diffmaglim": 20.011499404907227
        },
        {
            "jd": 2460477.7851505,
            "fid": 1,
            "diffmaglim": 19.746999740600586
        },
        {
            "jd": 2460482.714213,
            "fid": 1,
            "diffmaglim": 19.54990005493164
        },
        {
            "jd": 2460484.7590625,
            "fid": 1,
            "diffmaglim": 19.639299392700195
        },
        {
            "jd": 2460488.7320486,
            "fid": 1,
            "diffmaglim": 20.63990020751953
        },
        {
            "jd": 2460488.8161343,
            "fid": 2,
            "diffmaglim": 20.148799896240234
        },
        {
            "jd": 2460490.6903009,
            "fid": 1,
            "diffmaglim": 20.61910057067871
        },
        {
            "jd": 2460494.7279282,
            "fid": 1,
            "diffmaglim": 20.448699951171875
        },
        {
            "jd": 2460494.7376389,
            "fid": 2,
            "diffmaglim": 20.359899520874023
        },
        {
            "jd": 2460502.695625,
            "fid": 1,
            "diffmaglim": 20.125
        }
    ],
    "forcedphot": [
        {
            "objectid": "ZTF24aaqyfob",
            "jd": 2460440.8327199,
            "ranr": -99999.0,
            "decnr": -99999.0,
            "fid": 1,
            "forcediffimflux": -99999.0,
            "forcediffimfluxunc": -99999.0,
            "magzpsci": 26.286699295043945
        },
        {
            "objectid": "ZTF24aaqyfob",
            "jd": 2460440.8674537,
            "ranr": 214.7045369,
            "decnr": 10.8371704,
            "fid": 2,
            "forcediffimflux": 7.715821743011475,
            "forcediffimfluxunc": 31.940540313720703,
            "magzpsci": 26.288999557495117
        },
        {
            "objectid": "ZTF24aaqyfob",
            "jd": 2460442.7686574,
            "ranr": 214.7045369,
            "decnr": 10.8371704,
            "fid": 2,
            "forcediffimflux": -7.201500415802002,
            "forcediffimfluxunc": 29.707660675048828,
            "magzpsci": 26.29509925842285
        },
        {
            "objectid": "ZTF24aaqyfob",
            "jd": 2460442.8244792,
            "ranr": -99999.0,
            "decnr": -99999.0,
            "fid": 1,
            "forcediffimflux": -99999.0,
            "forcediffimfluxunc": -99999.0,
            "magzpsci": 26.293500900268555
        },
        {
            "objectid": "ZTF24aaqyfob",
            "jd": 2460444.7752778,
            "ranr": 214.7045369,
            "decnr": 10.8371704,
            "fid": 2,
            "forcediffimflux": -30.057693481445312,
            "forcediffimfluxunc": 26.131956100463867,
            "magzpsci": 26.31220054626465
        },
        {
            "objectid": "ZTF24aaqyfob",
            "jd": 2460444.8728588,
            "ranr": -99999.0,
            "decnr": -99999.0,
            "fid": 1,
            "forcediffimflux": -99999.0,
            "forcediffimfluxunc": -99999.0,
            "magzpsci": 26.262800216674805
        },
        {
            "objectid": "ZTF24aaqyfob",
            "jd": 2460446.7910185,
            "ranr": 214.7045369,
            "decnr": 10.8371704,
            "fid": 2,
            "forcediffimflux": -35.829750061035156,
            "forcediffimfluxunc": 43.02283477783203,
            "magzpsci": 26.28459930419922
        },
        {
            "objectid": "ZTF24aaqyfob",
            "jd": 2460446.8502894,
            "ranr": -99999.0,
            "decnr": -99999.0,
            "fid": 1,
            "forcediffimflux": -99999.0,
            "forcediffimfluxunc": -99999.0,
            "magzpsci": 26.270700454711914
        },
        {
            "objectid": "ZTF24aaqyfob",
            "jd": 2460448.7690394,
            "ranr": 214.7045369,
            "decnr": 10.8371704,
            "fid": 2,
            "forcediffimflux": -66.26004791259766,
            "forcediffimfluxunc": 41.240604400634766,
            "magzpsci": 26.31760025024414
        },
        {
            "objectid": "ZTF24aaqyfob",
            "jd": 2460448.868206,
            "ranr": -99999.0,
            "decnr": -99999.0,
            "fid": 1,
            "forcediffimflux": -99999.0,
            "forcediffimfluxunc": -99999.0,
            "magzpsci": 26.26449966430664
        },
        {
            "objectid": "ZTF24aaqyfob",
            "jd": 2460450.7949306,
            "ranr": -99999.0,
            "decnr": -99999.0,
            "fid": 1,
            "forcediffimflux": -99999.0,
            "forcediffimfluxunc": -99999.0,
            "magzpsci": 26.292200088500977
        },
        {
            "objectid": "ZTF24aaqyfob",
            "jd": 2460450.8737731,
            "ranr": 214.7045369,
            "decnr": 10.8371704,
            "fid": 2,
            "forcediffimflux": -18.511869430541992,
            "forcediffimfluxunc": 90.51374816894531,
            "magzpsci": 26.28030014038086
        },
        {
            "objectid": "ZTF24aaqyfob",
            "jd": 2460452.8124306,
            "ranr": -99999.0,
            "decnr": -99999.0,
            "fid": 1,
            "forcediffimflux": -99999.0,
            "forcediffimfluxunc": -99999.0,
            "magzpsci": 26.20829963684082
        },
        {
            "objectid": "ZTF24aaqyfob",
            "jd": 2460452.8409606,
            "ranr": 214.7045369,
            "decnr": 10.8371704,
            "fid": 2,
            "forcediffimflux": -46.57474899291992,
            "forcediffimfluxunc": 119.0761489868164,
            "magzpsci": 26.24690055847168
        },
        {
            "objectid": "ZTF24aaqyfob",
            "jd": 2460456.814919,
            "ranr": 214.7045369,
            "decnr": 10.8371704,
            "fid": 2,
            "forcediffimflux": -17.872360229492188,
            "forcediffimfluxunc": 41.62685775756836,
            "magzpsci": 26.32390022277832
        },
        {
            "objectid": "ZTF24aaqyfob",
            "jd": 2460458.7492708,
            "ranr": -99999.0,
            "decnr": -99999.0,
            "fid": 1,
            "forcediffimflux": -99999.0,
            "forcediffimfluxunc": -99999.0,
            "magzpsci": 26.32349967956543
        },
        {
            "objectid": "ZTF24aaqyfob",
            "jd": 2460458.8398148,
            "ranr": 214.7045369,
            "decnr": 10.8371704,
            "fid": 2,
            "forcediffimflux": 25.142995834350586,
            "forcediffimfluxunc": 30.912479400634766,
            "magzpsci": 26.29800033569336
        },
        {
            "objectid": "ZTF24aaqyfob",
            "jd": 2460460.749294,
            "ranr": -99999.0,
            "decnr": -99999.0,
            "fid": 1,
            "forcediffimflux": -99999.0,
            "forcediffimfluxunc": -99999.0,
            "magzpsci": 26.287700653076172
        },
        {
            "objectid": "ZTF24aaqyfob",
            "jd": 2460460.7541551,
            "ranr": 214.7045369,
            "decnr": 10.8371704,
            "fid": 2,
            "forcediffimflux": -5.022754669189453,
            "forcediffimfluxunc": 27.712200164794922,
            "magzpsci": 26.310100555419922
        },
        {
            "objectid": "ZTF24aaqyfob",
            "jd": 2460462.7078125,
            "ranr": 214.7045369,
            "decnr": 10.8371704,
            "fid": 2,
            "forcediffimflux": -2.3739495277404785,
            "forcediffimfluxunc": 21.713834762573242,
            "magzpsci": 26.327600479125977
        },
        {
            "objectid": "ZTF24aaqyfob",
            "jd": 2460462.7555787,
            "ranr": -99999.0,
            "decnr": -99999.0,
            "fid": 1,
            "forcediffimflux": -99999.0,
            "forcediffimfluxunc": -99999.0,
            "magzpsci": 26.307899475097656
        },
        {
            "objectid": "ZTF24aaqyfob",
            "jd": 2460469.7272685,
            "ranr": -99999.0,
            "decnr": -99999.0,
            "fid": 1,
            "forcediffimflux": -99999.0,
            "forcediffimfluxunc": -99999.0,
            "magzpsci": 26.284400939941406
        },
        {
            "objectid": "ZTF24aaqyfob",
            "jd": 2460469.7772106,
            "ranr": 214.7045369,
            "decnr": 10.8371704,
            "fid": 2,
            "forcediffimflux": 271.4896240234375,
            "forcediffimfluxunc": 27.561569213867188,
            "magzpsci": 26.288999557495117
        },
        {
            "objectid": "ZTF24aaqyfob",
            "jd": 2460471.7278241,
            "ranr": -99999.0,
            "decnr": -99999.0,
            "fid": 1,
            "forcediffimflux": -99999.0,
            "forcediffimfluxunc": -99999.0,
            "magzpsci": 26.29490089416504
        },
        {
            "objectid": "ZTF24aaqyfob",
            "jd": 2460471.7784722,
            "ranr": 214.7045369,
            "decnr": 10.8371704,
            "fid": 2,
            "forcediffimflux": 418.330322265625,
            "forcediffimfluxunc": 25.901187896728516,
            "magzpsci": 26.302799224853516
        },
        {
            "objectid": "ZTF24aaqyfob",
            "jd": 2460473.7278009,
            "ranr": -99999.0,
            "decnr": -99999.0,
            "fid": 1,
            "forcediffimflux": -99999.0,
            "forcediffimfluxunc": -99999.0,
            "magzpsci": 26.286399841308594
        },
        {
            "objectid": "ZTF24aaqyfob",
            "jd": 2460473.7470023,
            "ranr": 214.7045369,
            "decnr": 10.8371704,
            "fid": 2,
            "forcediffimflux": 466.5069274902344,
            "forcediffimfluxunc": 32.01169204711914,
            "magzpsci": 26.294300079345703
        },
        {
            "objectid": "ZTF24aaqyfob",
            "jd": 2460475.6927662,
            "ranr": -99999.0,
            "decnr": -99999.0,
            "fid": 1,
            "forcediffimflux": -99999.0,
            "forcediffimfluxunc": -99999.0,
            "magzpsci": 26.290800094604492
        },
        {
            "objectid": "ZTF24aaqyfob",
            "jd": 2460475.748206,
            "ranr": 214.7045369,
            "decnr": 10.8371704,
            "fid": 2,
            "forcediffimflux": 634.7808227539062,
            "forcediffimfluxunc": 37.6124382019043,
            "magzpsci": 26.319799423217773
        },
        {
            "objectid": "ZTF24aaqyfob",
            "jd": 2460477.7851505,
            "ranr": -99999.0,
            "decnr": -99999.0,
            "fid": 1,
            "forcediffimflux": -99999.0,
            "forcediffimfluxunc": -99999.0,
            "magzpsci": 26.29170036315918
        },
        {
            "objectid": "ZTF24aaqyfob",
            "jd": 2460477.8328009,
            "ranr": 214.7045369,
            "decnr": 10.8371704,
            "fid": 2,
            "forcediffimflux": 532.1663208007812,
            "forcediffimfluxunc": 68.81625366210938,
            "magzpsci": 26.294700622558594
        },
        {
            "objectid": "ZTF24aaqyfob",
            "jd": 2460480.8199421,
            "ranr": 214.7045369,
            "decnr": 10.8371704,
            "fid": 2,
            "forcediffimflux": 671.8800048828125,
            "forcediffimfluxunc": 74.8427734375,
            "magzpsci": 26.218299865722656
        },
        {
            "objectid": "ZTF24aaqyfob",
            "jd": 2460482.714213,
            "ranr": -99999.0,
            "decnr": -99999.0,
            "fid": 1,
            "forcediffimflux": -99999.0,
            "forcediffimfluxunc": -99999.0,
            "magzpsci": 26.32509994506836
        },
        {
            "objectid": "ZTF24aaqyfob",
            "jd": 2460482.8172569,
            "ranr": 214.7045369,
            "decnr": 10.8371704,
            "fid": 2,
            "forcediffimflux": 739.7737426757812,
            "forcediffimfluxunc": 68.81455993652344,
            "magzpsci": 26.291400909423828
        },
        {
            "objectid": "ZTF24aaqyfob",
            "jd": 2460484.7590625,
            "ranr": -99999.0,
            "decnr": -99999.0,
            "fid": 1,
            "forcediffimflux": -99999.0,
            "forcediffimfluxunc": -99999.0,
            "magzpsci": 26.280000686645508
        },
        {
            "objectid": "ZTF24aaqyfob",
            "jd": 2460484.7748843,
            "ranr": 214.7045369,
            "decnr": 10.8371704,
            "fid": 2,
            "forcediffimflux": 711.5242919921875,
            "forcediffimfluxunc": 51.87697219848633,
            "magzpsci": 26.2893009185791
        },
        {
            "objectid": "ZTF24aaqyfob",
            "jd": 2460488.7320486,
            "ranr": -99999.0,
            "decnr": -99999.0,
            "fid": 1,
            "forcediffimflux": -99999.0,
            "forcediffimfluxunc": -99999.0,
            "magzpsci": 26.297800064086914
        },
        {
            "objectid": "ZTF24aaqyfob",
            "jd": 2460488.8161343,
            "ranr": 214.7045369,
            "decnr": 10.8371704,
            "fid": 2,
            "forcediffimflux": 804.7953491210938,
            "forcediffimfluxunc": 37.26094436645508,
            "magzpsci": 26.228900909423828
        },
        {
            "objectid": "ZTF24aaqyfob",
            "jd": 2460490.6903009,
            "ranr": -99999.0,
            "decnr": -99999.0,
            "fid": 1,
            "forcediffimflux": -99999.0,
            "forcediffimfluxunc": -99999.0,
            "magzpsci": 26.337600708007812
        },
        {
            "objectid": "ZTF24aaqyfob",
            "jd": 2460490.7546991,
            "ranr": 214.7045369,
            "decnr": 10.8371704,
            "fid": 2,
            "forcediffimflux": 796.788330078125,
            "forcediffimfluxunc": 32.68495559692383,
            "magzpsci": 26.325199127197266
        },
        {
            "objectid": "ZTF24aaqyfob",
            "jd": 2460494.7279282,
            "ranr": -99999.0,
            "decnr": -99999.0,
            "fid": 1,
            "forcediffimflux": -99999.0,
            "forcediffimfluxunc": -99999.0,
            "magzpsci": 26.293399810791016
        },
        {
            "objectid": "ZTF24aaqyfob",
            "jd": 2460494.7376389,
            "ranr": 214.7045369,
            "decnr": 10.8371704,
            "fid": 2,
            "forcediffimflux": 642.1217041015625,
            "forcediffimfluxunc": 35.81852340698242,
            "magzpsci": 26.32699966430664
        },
        {
            "objectid": "ZTF24aaqyfob",
            "jd": 2460502.695625,
            "ranr": -99999.0,
            "decnr": -99999.0,
            "fid": 1,
            "forcediffimflux": -99999.0,
            "forcediffimfluxunc": -99999.0,
            "magzpsci": 26.116899490356445
        }
    ]
}