{
    "objectId": "ZTF20acuxjus",
    "candidates": [
        {
            "candid": 1433127414815015024,
            "jd": 2459187.627419,
            "ra": 11.8288141,
            "dec": 0.4050808,
            "fid": 1,
            "nid": 1433,
            "magpsf": 19.89539909362793,
            "sigmapsf": 0.1429239958524704,
            "magnr": 20.25,
            "sigmagnr": 0.11599999666213989,
            "magzpsci": 26.18939971923828,
            "isdiffpos": "t",
            "ssdistnr": -999.0,
            "ssnamenr": "null",
            "drb": 0.9999769926071167
        },
        {
            "candid": 1435150974815015028,
            "jd": 2459189.6509722,
            "ra": 11.8288025,
            "dec": 0.4048413,
            "fid": 1,
            "nid": 1435,
            "magpsf": 19.740699768066406,
            "sigmapsf": 0.21975700557231903,
            "magnr": 20.25,
            "sigmagnr": 0.11599999666213989,
            "magzpsci": 26.180700302124023,
            "isdiffpos": "t",
            "ssdistnr": -999.0,
            "ssnamenr": "-999.0",
            "drb": null
        },
        {
            "candid": 1441201514815015033,
            "jd": 2459195.7015162,
            "ra": 11.8288607,
            "dec": 0.4050405,
            "fid": 2,
            "nid": 1441,
            "magpsf": 19.503999710083008,
            "sigmapsf": 0.13230499625205994,
            "magnr": 20.111000061035156,
            "sigmagnr": 0.08500000089406967,
            "magzpsci": 26.110000610351562,
            "isdiffpos": "t",
            "ssdistnr": -999.0,
            "ssnamenr": "null",
            "drb": 0.9999939799308777
        },
        {
            "candid": 1445140524815015006,
            "jd": 2459199.6405208,
            "ra": 11.8289339,
            "dec": 0.4048966,
            "fid": 2,
            "nid": 1445,
            "magpsf": 19.304800033569336,
            "sigmapsf": 0.26970401406288147,
            "magnr": 20.111000061035156,
            "sigmagnr": 0.08500000089406967,
            "magzpsci": 26.085800170898438,
            "isdiffpos": "t",
            "ssdistnr": -999.0,
            "ssnamenr": "-999.0",
            "drb": null
        },
        {
            "candid": 1445168874815015008,
            "jd": 2459199.6688773,
            "ra": 11.8286233,
            "dec": 0.404955,
            "fid": 1,
            "nid": 1445,
            "magpsf": 19.520200729370117,
            "sigmapsf": 0.23677200078964233,
            "magnr": 20.25,
            "sigmagnr": 0.11599999666213989,
            "magzpsci": 26.17020034790039,
            "isdiffpos": "t",
            "ssdistnr": -999.0,
            "ssnamenr": "-999.0",
            "drb": null
        },
        {
            "candid": 1448129844815015017,
            "jd": 2459202.6298495,
            "ra": 11.8287912,
            "dec": 0.4050288,
            "fid": 2,
            "nid": 1448,
            "magpsf": 19.255800247192383,
            "sigmapsf": 0.09602200239896774,
            "magnr": 20.111000061035156,
            "sigmagnr": 0.08500000089406967,
            "magzpsci": 26.11079978942871,
            "isdiffpos": "t",
            "ssdistnr": -999.0,
            "ssnamenr": "null",
            "drb": 0.9999939799308777
        },
        {
            "candid": 1448169754815015016,
            "jd": 2459202.6697569,
            "ra": 11.828721,
            "dec": 0.4049762,
            "fid": 1,
            "nid": 1448,
            "magpsf": 19.428600311279297,
            "sigmapsf": 0.23601000010967255,
            "magnr": 20.25,
            "sigmagnr": 0.11599999666213989,
            "magzpsci": 26.16860008239746,
            "isdiffpos": "t",
            "ssdistnr": -999.0,
            "ssnamenr": "-999.0",
            "drb": null
        },
        {
            "candid": 1456194104815015002,
            "jd": 2459210.6941088,
            "ra": 11.828886,
            "dec": 0.4050535,
            "fid": 1,
            "nid": 1456,
            "magpsf": 19.79319953918457,
            "sigmapsf": 0.3327839970588684,
            "magnr": 20.25,
            "sigmagnr": 0.11599999666213989,
            "magzpsci": 26.14620018005371,
            "isdiffpos": "t",
            "ssdistnr": -999.0,
            "ssnamenr": "-999.0",
            "drb": null
        },
        {
            "candid": 1462132264815015016,
            "jd": 2459216.6322685,
            "ra": 11.8287889,
            "dec": 0.4050221,
            "fid": 1,
            "nid": 1462,
            "magpsf": 19.94569969177246,
            "sigmapsf": 0.2591579854488373,
            "magnr": 20.25,
            "sigmagnr": 0.11599999666213989,
            "magzpsci": 26.060699462890625,
            "isdiffpos": "t",
            "ssdistnr": -999.0,
            "ssnamenr": "-999.0",
            "drb": null
        },
        {
            "candid": 1464128114815015007,
            "jd": 2459218.6281134,
            "ra": 11.8287941,
            "dec": 0.4050239,
            "fid": 2,
            "nid": 1464,
            "magpsf": 19.303300857543945,
            "sigmapsf": 0.12852199375629425,
            "magnr": 20.111000061035156,
            "sigmagnr": 0.08500000089406967,
            "magzpsci": 26.069299697875977,
            "isdiffpos": "t",
            "ssdistnr": -999.0,
            "ssnamenr": "null",
            "drb": 0.9998419880867004
        },
        {
            "candid": 1466107614815015024,
            "jd": 2459220.6076157,
            "ra": 11.8288371,
            "dec": 0.4050613,
            "fid": 2,
            "nid": 1466,
            "magpsf": 19.221200942993164,
            "sigmapsf": 0.11852800101041794,
            "magnr": 20.111000061035156,
            "sigmagnr": 0.08500000089406967,
            "magzpsci": 26.074199676513672,
            "isdiffpos": "t",
            "ssdistnr": -999.0,
            "ssnamenr": "null",
            "drb": 0.9999970197677612
        },
        {
            "candid": 1466129074815015015,
            "jd": 2459220.6290741,
            "ra": 11.8288821,
            "dec": 0.4049843,
            "fid": 1,
            "nid": 1466,
            "magpsf": 20.441999435424805,
            "sigmapsf": 0.32641398906707764,
            "magnr": 20.25,
            "sigmagnr": 0.11599999666213989,
            "magzpsci": 26.131000518798828,
            "isdiffpos": "t",
            "ssdistnr": -999.0,
            "ssnamenr": "-999.0",
            "drb": null
        },
        {
            "candid": 1469110814815015010,
            "jd": 2459223.6108102,
            "ra": 11.8288573,
            "dec": 0.4050332,
            "fid": 2,
            "nid": 1469,
            "magpsf": 19.421300888061523,
            "sigmapsf": 0.16154100000858307,
            "magnr": 20.111000061035156,
            "sigmagnr": 0.08500000089406967,
            "magzpsci": 26.084299087524414,
            "isdiffpos": "t",
            "ssdistnr": -999.0,
            "ssnamenr": "null",
            "drb": 0.9999840259552002
        },
        {
            "jd": 2459158.695,
            "fid": 1,
            "diffmaglim": 19.850000381469727
        },
        {
            "jd": 2459158.72751,
            "fid": 2,
            "diffmaglim": 19.764999389648438
        },
        {
            "jd": 2459164.73174,
            "fid": 1,
            "diffmaglim": 19.895000457763672
        },
        {
            "jd": 2459164.77953,
            "fid": 2,
            "diffmaglim": 19.69700050354004
        },
        {
            "jd": 2459167.72856,
            "fid": 2,
            "diffmaglim": 19.84000015258789
        },
        {
            "jd": 2459169.70859,
            "fid": 2,
            "diffmaglim": 19.9689998626709
        },
        {
            "jd": 2459169.71108,
            "fid": 1,
            "diffmaglim": 20.292999267578125
        },
        {
            "jd": 2459171.73846,
            "fid": 1,
            "diffmaglim": 20.385000228881836
        },
        {
            "jd": 2459173.6955,
            "fid": 1,
            "diffmaglim": 19.55699920654297
        },
        {
            "jd": 2459173.71348,
            "fid": 2,
            "diffmaglim": 20.274999618530273
        },
        {
            "jd": 2459175.69707,
            "fid": 2,
            "diffmaglim": 17.20599937438965
        },
        {
            "jd": 2459175.73306,
            "fid": 1,
            "diffmaglim": 18.48900032043457
        },
        {
            "jd": 2459176.64951,
            "fid": 2,
            "diffmaglim": 18.016000747680664
        },
        {
            "jd": 2459176.72836,
            "fid": 1,
            "diffmaglim": 18.66200065612793
        },
        {
            "jd": 2459180.67258,
            "fid": 1,
            "diffmaglim": 18.445999145507812
        },
        {
            "jd": 2459180.74734,
            "fid": 2,
            "diffmaglim": 18.341999053955078
        },
        {
            "jd": 2459182.62177,
            "fid": 2,
            "diffmaglim": 19.336999893188477
        },
        {
            "jd": 2459182.67042,
            "fid": 1,
            "diffmaglim": 19.20400047302246
        },
        {
            "jd": 2459184.67123,
            "fid": 1,
            "diffmaglim": 19.44700050354004
        },
        {
            "jd": 2459184.77728,
            "fid": 2,
            "diffmaglim": 19.131999969482422
        },
        {
            "jd": 2459191.73782,
            "fid": 1,
            "diffmaglim": 16.70599937438965
        },
        {
            "jd": 2459193.61726,
            "fid": 2,
            "diffmaglim": 17.280000686645508
        },
        {
            "jd": 2459197.64407,
            "fid": 1,
            "diffmaglim": 18.250999450683594
        },
        {
            "jd": 2459216.71928,
            "fid": 2,
            "diffmaglim": 18.027000427246094
        }
    ],
    "forcedphot": []
}