{
    "objectId": "ZTF22aaagqvw",
    "candidates": [
        {
            "candid": 1868129742415015002,
            "jd": 2459622.6297454,
            "ra": 72.045193,
            "dec": -17.8409242,
            "fid": 1,
            "nid": 1868,
            "magpsf": 17.22439956665039,
            "sigmapsf": 0.03833099827170372,
            "magnr": 21.542999267578125,
            "sigmagnr": 0.08100000023841858,
            "magzpsci": 26.24340057373047,
            "isdiffpos": "t",
            "ssdistnr": null,
            "ssnamenr": null,
            "drb": 1.0
        },
        {
            "candid": 1868191182415015008,
            "jd": 2459622.6911806,
            "ra": 72.045188,
            "dec": -17.8409379,
            "fid": 2,
            "nid": 1868,
            "magpsf": 16.869199752807617,
            "sigmapsf": 0.049564000219106674,
            "magnr": 21.03700065612793,
            "sigmagnr": 0.05700000002980232,
            "magzpsci": 26.291200637817383,
            "isdiffpos": "t",
            "ssdistnr": null,
            "ssnamenr": null,
            "drb": null
        },
        {
            "candid": 1870171872415015005,
            "jd": 2459624.671875,
            "ra": 72.0451988,
            "dec": -17.8409452,
            "fid": 2,
            "nid": 1870,
            "magpsf": 16.925600051879883,
            "sigmapsf": 0.03866000100970268,
            "magnr": 21.03700065612793,
            "sigmagnr": 0.05700000002980232,
            "magzpsci": 26.30459976196289,
            "isdiffpos": "t",
            "ssdistnr": null,
            "ssnamenr": null,
            "drb": null
        },
        {
            "candid": 1870192112415015002,
            "jd": 2459624.6921181,
            "ra": 72.0451942,
            "dec": -17.8409392,
            "fid": 1,
            "nid": 1870,
            "magpsf": 17.434900283813477,
            "sigmapsf": 0.05595000088214874,
            "magnr": 21.542999267578125,
            "sigmagnr": 0.08100000023841858,
            "magzpsci": 26.219900131225586,
            "isdiffpos": "t",
            "ssdistnr": null,
            "ssnamenr": null,
            "drb": null
        },
        {
            "candid": 1873148282415015004,
            "jd": 2459627.648287,
            "ra": 72.045173,
            "dec": -17.8409721,
            "fid": 2,
            "nid": 1873,
            "magpsf": 17.024900436401367,
            "sigmapsf": 0.039285000413656235,
            "magnr": 21.03700065612793,
            "sigmagnr": 0.05700000002980232,
            "magzpsci": 26.30590057373047,
            "isdiffpos": "t",
            "ssdistnr": null,
            "ssnamenr": null,
            "drb": null
        },
        {
            "candid": 1873192322415015002,
            "jd": 2459627.6923264,
            "ra": 72.0451813,
            "dec": -17.8409539,
            "fid": 1,
            "nid": 1873,
            "magpsf": 17.729799270629883,
            "sigmapsf": 0.07005199790000916,
            "magnr": 21.542999267578125,
            "sigmagnr": 0.08100000023841858,
            "magzpsci": 26.21579933166504,
            "isdiffpos": "t",
            "ssdistnr": null,
            "ssnamenr": null,
            "drb": null
        },
        {
            "candid": 1875218022415015005,
            "jd": 2459629.7180208,
            "ra": 72.0452504,
            "dec": -17.8409974,
            "fid": 1,
            "nid": 1875,
            "magpsf": 17.84709930419922,
            "sigmapsf": 0.10706999897956848,
            "magnr": 21.542999267578125,
            "sigmagnr": 0.08100000023841858,
            "magzpsci": 26.1471004486084,
            "isdiffpos": "t",
            "ssdistnr": null,
            "ssnamenr": null,
            "drb": null
        },
        {
            "candid": 1877147602415015004,
            "jd": 2459631.6476042,
            "ra": 72.044994,
            "dec": -17.8409524,
            "fid": 2,
            "nid": 1877,
            "magpsf": 17.256999969482422,
            "sigmapsf": 0.27469098567962646,
            "magnr": 21.03700065612793,
            "sigmagnr": 0.05700000002980232,
            "magzpsci": 23.586999893188477,
            "isdiffpos": "t",
            "ssdistnr": null,
            "ssnamenr": null,
            "drb": null
        },
        {
            "candid": 1885135332415015008,
            "jd": 2459639.6353356,
            "ra": 72.0452163,
            "dec": -17.8409323,
            "fid": 2,
            "nid": 1885,
            "magpsf": 17.721599578857422,
            "sigmapsf": 0.06074000149965286,
            "magnr": 21.03700065612793,
            "sigmagnr": 0.05700000002980232,
            "magzpsci": 26.289600372314453,
            "isdiffpos": "t",
            "ssdistnr": -999.0,
            "ssnamenr": "null",
            "drb": null
        }
    ],
    "forcedphot": []
}