{
    "objectId": "ZTF21aaxtctv",
    "candidates": [
        {
            "candid": 1580212545315015020,
            "jd": 2459334.7125463,
            "ra": 192.8226715,
            "dec": 0.5206942,
            "fid": 1,
            "nid": 1580,
            "magpsf": 18.00349998474121,
            "sigmapsf": 0.06559699773788452,
            "magnr": 17.704999923706055,
            "sigmagnr": 0.07699999958276749,
            "magzpsci": 26.298500061035156,
            "isdiffpos": "t",
            "ssdistnr": null,
            "ssnamenr": null,
            "drb": 1.0
        },
        {
            "candid": 1580273915315015018,
            "jd": 2459334.773912,
            "ra": 192.822657,
            "dec": 0.5206991,
            "fid": 2,
            "nid": 1580,
            "magpsf": 18.018800735473633,
            "sigmapsf": 0.07140400260686874,
            "magnr": 18.47100067138672,
            "sigmagnr": 0.11400000005960464,
            "magzpsci": 26.236799240112305,
            "isdiffpos": "t",
            "ssdistnr": null,
            "ssnamenr": null,
            "drb": null
        },
        {
            "candid": 1582253615315015022,
            "jd": 2459336.7536111,
            "ra": 192.8226835,
            "dec": 0.5207044,
            "fid": 1,
            "nid": 1582,
            "magpsf": 17.427600860595703,
            "sigmapsf": 0.05694400146603584,
            "magnr": 17.704999923706055,
            "sigmagnr": 0.07699999958276749,
            "magzpsci": 26.28459930419922,
            "isdiffpos": "t",
            "ssdistnr": null,
            "ssnamenr": null,
            "drb": null
        },
        {
            "candid": 1582253615315025022,
            "jd": 2459336.7536111,
            "ra": 192.8226835,
            "dec": 0.5207044,
            "fid": 1,
            "nid": 1582,
            "magpsf": 17.427600860595703,
            "sigmapsf": 0.05694400146603584,
            "magnr": 17.704999923706055,
            "sigmagnr": 0.07699999958276749,
            "magzpsci": 26.28459930419922,
            "isdiffpos": "t",
            "ssdistnr": null,
            "ssnamenr": null,
            "drb": null
        },
        {
            "candid": 1582253615315035022,
            "jd": 2459336.7536111,
            "ra": 192.8226835,
            "dec": 0.5207044,
            "fid": 1,
            "nid": 1582,
            "magpsf": 17.427600860595703,
            "sigmapsf": 0.05694400146603584,
            "magnr": 17.704999923706055,
            "sigmagnr": 0.07699999958276749,
            "magzpsci": 26.28459930419922,
            "isdiffpos": "t",
            "ssdistnr": null,
            "ssnamenr": null,
            "drb": null
        },
        {
            "candid": 1582314475315015031,
            "jd": 2459336.8144792,
            "ra": 192.8226722,
            "dec": 0.5207009,
            "fid": 2,
            "nid": 1582,
            "magpsf": 17.515850067138672,
            "sigmapsf": 0.04518900066614151,
            "magnr": 18.47100067138672,
            "sigmagnr": 0.11400000005960464,
            "magzpsci": 26.17984962463379,
            "isdiffpos": "t",
            "ssdistnr": -999.0,
            "ssnamenr": "null",
            "drb": null
        },
        {
            "candid": 1582314475315025031,
            "jd": 2459336.8144792,
            "ra": 192.8226722,
            "dec": 0.5207009,
            "fid": 2,
            "nid": 1582,
            "magpsf": 17.515899658203125,
            "sigmapsf": 0.04518900066614151,
            "magnr": 18.47100067138672,
            "sigmagnr": 0.11400000005960464,
            "magzpsci": 26.179899215698242,
            "isdiffpos": "t",
            "ssdistnr": null,
            "ssnamenr": null,
            "drb": null
        },
        {
            "candid": 1582314475315035031,
            "jd": 2459336.8144792,
            "ra": 192.8226722,
            "dec": 0.5207009,
            "fid": 2,
            "nid": 1582,
            "magpsf": 17.515899658203125,
            "sigmapsf": 0.04518900066614151,
            "magnr": 18.47100067138672,
            "sigmagnr": 0.11400000005960464,
            "magzpsci": 26.179899215698242,
            "isdiffpos": "t",
            "ssdistnr": null,
            "ssnamenr": null,
            "drb": null
        },
        {
            "candid": 1585210905315015014,
            "jd": 2459339.7109028,
            "ra": 192.8226716,
            "dec": 0.5207067,
            "fid": 1,
            "nid": 1585,
            "magpsf": 17.172500610351562,
            "sigmapsf": 0.050606001168489456,
            "magnr": 17.704999923706055,
            "sigmagnr": 0.07699999958276749,
            "magzpsci": 26.256500244140625,
            "isdiffpos": "t",
            "ssdistnr": null,
            "ssnamenr": null,
            "drb": null
        },
        {
            "candid": 1585252735315015037,
            "jd": 2459339.7527315,
            "ra": 192.8226669,
            "dec": 0.5206961,
            "fid": 2,
            "nid": 1585,
            "magpsf": 17.186100006103516,
            "sigmapsf": 0.04243899881839752,
            "magnr": 18.47100067138672,
            "sigmagnr": 0.11400000005960464,
            "magzpsci": 26.181100845336914,
            "isdiffpos": "t",
            "ssdistnr": null,
            "ssnamenr": null,
            "drb": null
        },
        {
            "candid": 1587249035315015026,
            "jd": 2459341.7490394,
            "ra": 192.8226702,
            "dec": 0.5206921,
            "fid": 2,
            "nid": 1587,
            "magpsf": 17.08300018310547,
            "sigmapsf": 0.04367399960756302,
            "magnr": 18.47100067138672,
            "sigmagnr": 0.11400000005960464,
            "magzpsci": 26.218000411987305,
            "isdiffpos": "t",
            "ssdistnr": null,
            "ssnamenr": null,
            "drb": null
        },
        {
            "candid": 1587295835315015031,
            "jd": 2459341.7958333,
            "ra": 192.8226661,
            "dec": 0.5206959,
            "fid": 1,
            "nid": 1587,
            "magpsf": 17.109399795532227,
            "sigmapsf": 0.04850799962878227,
            "magnr": 17.704999923706055,
            "sigmagnr": 0.07699999958276749,
            "magzpsci": 26.265399932861328,
            "isdiffpos": "t",
            "ssdistnr": null,
            "ssnamenr": null,
            "drb": null
        },
        {
            "candid": 1589235045315015019,
            "jd": 2459343.7350463,
            "ra": 192.8226627,
            "dec": 0.5207063,
            "fid": 1,
            "nid": 1589,
            "magpsf": 17.124500274658203,
            "sigmapsf": 0.05360899865627289,
            "magnr": 17.704999923706055,
            "sigmagnr": 0.07699999958276749,
            "magzpsci": 26.21649932861328,
            "isdiffpos": "t",
            "ssdistnr": null,
            "ssnamenr": null,
            "drb": null
        },
        {
            "candid": 1591173685315015017,
            "jd": 2459345.6736806,
            "ra": 192.8226677,
            "dec": 0.5206997,
            "fid": 1,
            "nid": 1591,
            "magpsf": 17.142200469970703,
            "sigmapsf": 0.04516499862074852,
            "magnr": 17.704999923706055,
            "sigmagnr": 0.07699999958276749,
            "magzpsci": 26.225200653076172,
            "isdiffpos": "t",
            "ssdistnr": null,
            "ssnamenr": null,
            "drb": null
        },
        {
            "candid": 1591194515315015013,
            "jd": 2459345.6945139,
            "ra": 192.822671,
            "dec": 0.5206898,
            "fid": 2,
            "nid": 1591,
            "magpsf": 16.85409927368164,
            "sigmapsf": 0.04607599973678589,
            "magnr": 18.47100067138672,
            "sigmagnr": 0.11400000005960464,
            "magzpsci": 26.161100387573242,
            "isdiffpos": "t",
            "ssdistnr": null,
            "ssnamenr": null,
            "drb": null
        },
        {
            "candid": 1594191055315015011,
            "jd": 2459348.6910532,
            "ra": 192.8226645,
            "dec": 0.5207045,
            "fid": 2,
            "nid": 1594,
            "magpsf": 16.762399673461914,
            "sigmapsf": 0.04456299915909767,
            "magnr": 18.47100067138672,
            "sigmagnr": 0.11400000005960464,
            "magzpsci": 26.19339942932129,
            "isdiffpos": "t",
            "ssdistnr": null,
            "ssnamenr": null,
            "drb": null
        },
        {
            "candid": 1594231205315015036,
            "jd": 2459348.7312037,
            "ra": 192.8226623,
            "dec": 0.5206899,
            "fid": 1,
            "nid": 1594,
            "magpsf": 17.175100326538086,
            "sigmapsf": 0.045850999653339386,
            "magnr": 17.704999923706055,
            "sigmagnr": 0.07699999958276749,
            "magzpsci": 26.263099670410156,
            "isdiffpos": "t",
            "ssdistnr": null,
            "ssnamenr": null,
            "drb": null
        },
        {
            "candid": 1596191145315015013,
            "jd": 2459350.6911458,
            "ra": 192.8226663,
            "dec": 0.5206768,
            "fid": 1,
            "nid": 1596,
            "magpsf": 17.201900482177734,
            "sigmapsf": 0.05405300110578537,
            "magnr": 17.704999923706055,
            "sigmagnr": 0.07699999958276749,
            "magzpsci": 26.259899139404297,
            "isdiffpos": "t",
            "ssdistnr": null,
            "ssnamenr": null,
            "drb": null
        },
        {
            "candid": 1596249735315015022,
            "jd": 2459350.7497338,
            "ra": 192.8226705,
            "dec": 0.5206813,
            "fid": 2,
            "nid": 1596,
            "magpsf": 16.73110008239746,
            "sigmapsf": 0.03993900120258331,
            "magnr": 18.47100067138672,
            "sigmagnr": 0.11400000005960464,
            "magzpsci": 26.161100387573242,
            "isdiffpos": "t",
            "ssdistnr": null,
            "ssnamenr": null,
            "drb": null
        },
        {
            "candid": 1600178075315015009,
            "jd": 2459354.6780787,
            "ra": 192.8226674,
            "dec": 0.5206872,
            "fid": 1,
            "nid": 1600,
            "magpsf": 17.380199432373047,
            "sigmapsf": 0.05239199846982956,
            "magnr": 17.704999923706055,
            "sigmagnr": 0.07699999958276749,
            "magzpsci": 26.310199737548828,
            "isdiffpos": "t",
            "ssdistnr": null,
            "ssnamenr": null,
            "drb": null
        },
        {
            "candid": 1600210865315015005,
            "jd": 2459354.7108681,
            "ra": 192.8226729,
            "dec": 0.5206762,
            "fid": 2,
            "nid": 1600,
            "magpsf": 16.67620086669922,
            "sigmapsf": 0.03747899830341339,
            "magnr": 18.47100067138672,
            "sigmagnr": 0.11400000005960464,
            "magzpsci": 26.212200164794922,
            "isdiffpos": "t",
            "ssdistnr": null,
            "ssnamenr": null,
            "drb": null
        },
        {
            "candid": 1605210095315015007,
            "jd": 2459359.7100926,
            "ra": 192.8226662,
            "dec": 0.5207059,
            "fid": 2,
            "nid": 1605,
            "magpsf": 16.735000610351562,
            "sigmapsf": 0.049678999930620193,
            "magnr": 18.47100067138672,
            "sigmagnr": 0.11400000005960464,
            "magzpsci": 26.200000762939453,
            "isdiffpos": "t",
            "ssdistnr": null,
            "ssnamenr": null,
            "drb": null
        },
        {
            "candid": 1605274275315015005,
            "jd": 2459359.7742708,
            "ra": 192.8226342,
            "dec": 0.5207028,
            "fid": 1,
            "nid": 1605,
            "magpsf": 17.588600158691406,
            "sigmapsf": 0.07670000195503235,
            "magnr": 17.704999923706055,
            "sigmagnr": 0.07699999958276749,
            "magzpsci": 26.22559928894043,
            "isdiffpos": "t",
            "ssdistnr": null,
            "ssnamenr": null,
            "drb": null
        },
        {
            "candid": 1608189375315015015,
            "jd": 2459362.689375,
            "ra": 192.8226661,
            "dec": 0.520692,
            "fid": 1,
            "nid": 1608,
            "magpsf": 17.756099700927734,
            "sigmapsf": 0.056062001734972,
            "magnr": 17.704999923706055,
            "sigmagnr": 0.07699999958276749,
            "magzpsci": 26.32110023498535,
            "isdiffpos": "t",
            "ssdistnr": null,
            "ssnamenr": null,
            "drb": null
        },
        {
            "candid": 1608234935315015009,
            "jd": 2459362.7349306,
            "ra": 192.8226707,
            "dec": 0.5207067,
            "fid": 2,
            "nid": 1608,
            "magpsf": 16.763099670410156,
            "sigmapsf": 0.044454000890254974,
            "magnr": 18.47100067138672,
            "sigmagnr": 0.11400000005960464,
            "magzpsci": 26.24410057067871,
            "isdiffpos": "t",
            "ssdistnr": null,
            "ssnamenr": null,
            "drb": null
        },
        {
            "candid": 1610321715315015017,
            "jd": 2459364.821713,
            "ra": 192.8226675,
            "dec": 0.5206876,
            "fid": 2,
            "nid": 1610,
            "magpsf": 16.809999465942383,
            "sigmapsf": 0.0404760017991066,
            "magnr": 18.47100067138672,
            "sigmagnr": 0.11400000005960464,
            "magzpsci": 26.111000061035156,
            "isdiffpos": "t",
            "ssdistnr": null,
            "ssnamenr": null,
            "drb": null
        },
        {
            "candid": 1612233205315015014,
            "jd": 2459366.733206,
            "ra": 192.8226658,
            "dec": 0.520683,
            "fid": 1,
            "nid": 1612,
            "magpsf": 17.981300354003906,
            "sigmapsf": 0.07300200313329697,
            "magnr": 17.704999923706055,
            "sigmagnr": 0.07699999958276749,
            "magzpsci": 26.23430061340332,
            "isdiffpos": "t",
            "ssdistnr": null,
            "ssnamenr": null,
            "drb": null
        },
        {
            "candid": 1614212605315015016,
            "jd": 2459368.7126042,
            "ra": 192.8226732,
            "dec": 0.5206998,
            "fid": 2,
            "nid": 1614,
            "magpsf": 16.924100875854492,
            "sigmapsf": 0.04645099863409996,
            "magnr": 18.47100067138672,
            "sigmagnr": 0.11400000005960464,
            "magzpsci": 26.177099227905273,
            "isdiffpos": "t",
            "ssdistnr": null,
            "ssnamenr": null,
            "drb": null
        },
        {
            "candid": 1616217695315015013,
            "jd": 2459370.7176968,
            "ra": 192.8226541,
            "dec": 0.5206777,
            "fid": 1,
            "nid": 1616,
            "magpsf": 18.194400787353516,
            "sigmapsf": 0.07990100234746933,
            "magnr": 17.704999923706055,
            "sigmagnr": 0.07699999958276749,
            "magzpsci": 26.256399154663086,
            "isdiffpos": "t",
            "ssdistnr": null,
            "ssnamenr": null,
            "drb": null
        },
        {
            "candid": 1616267585315015015,
            "jd": 2459370.767581,
            "ra": 192.8226726,
            "dec": 0.5207038,
            "fid": 2,
            "nid": 1616,
            "magpsf": 16.969499588012695,
            "sigmapsf": 0.03561199828982353,
            "magnr": 18.47100067138672,
            "sigmagnr": 0.11400000005960464,
            "magzpsci": 26.154499053955078,
            "isdiffpos": "t",
            "ssdistnr": null,
            "ssnamenr": null,
            "drb": null
        },
        {
            "candid": 1618192705315015020,
            "jd": 2459372.6927083,
            "ra": 192.8226762,
            "dec": 0.5206637,
            "fid": 1,
            "nid": 1618,
            "magpsf": 18.208900451660156,
            "sigmapsf": 0.085657998919487,
            "magnr": 17.704999923706055,
            "sigmagnr": 0.07699999958276749,
            "magzpsci": 25.651899337768555,
            "isdiffpos": "t",
            "ssdistnr": null,
            "ssnamenr": null,
            "drb": null
        },
        {
            "candid": 1620222555315015026,
            "jd": 2459374.7225579,
            "ra": 192.8226626,
            "dec": 0.5207009,
            "fid": 1,
            "nid": 1620,
            "magpsf": 18.40999984741211,
            "sigmapsf": 0.0792040005326271,
            "magnr": 17.704999923706055,
            "sigmagnr": 0.07699999958276749,
            "magzpsci": 26.284000396728516,
            "isdiffpos": "t",
            "ssdistnr": null,
            "ssnamenr": null,
            "drb": null
        },
        {
            "candid": 1622215345315015012,
            "jd": 2459376.7153472,
            "ra": 192.8226737,
            "dec": 0.5206825,
            "fid": 1,
            "nid": 1622,
            "magpsf": 18.511899948120117,
            "sigmapsf": 0.09251300245523453,
            "magnr": 17.704999923706055,
            "sigmagnr": 0.07699999958276749,
            "magzpsci": 26.278900146484375,
            "isdiffpos": "t",
            "ssdistnr": null,
            "ssnamenr": null,
            "drb": null
        },
        {
            "candid": 1622254605315015014,
            "jd": 2459376.7546065,
            "ra": 192.8226754,
            "dec": 0.5206965,
            "fid": 2,
            "nid": 1622,
            "magpsf": 17.224199295043945,
            "sigmapsf": 0.051660001277923584,
            "magnr": 18.47100067138672,
            "sigmagnr": 0.11400000005960464,
            "magzpsci": 26.193199157714844,
            "isdiffpos": "t",
            "ssdistnr": null,
            "ssnamenr": null,
            "drb": null
        },
        {
            "candid": 1624249505315015019,
            "jd": 2459378.7495023,
            "ra": 192.8226639,
            "dec": 0.5207076,
            "fid": 2,
            "nid": 1624,
            "magpsf": 17.265300750732422,
            "sigmapsf": 0.05132399871945381,
            "magnr": 18.47100067138672,
            "sigmagnr": 0.11400000005960464,
            "magzpsci": 26.207300186157227,
            "isdiffpos": "t",
            "ssdistnr": null,
            "ssnamenr": null,
            "drb": null
        },
        {
            "candid": 1626249675315015003,
            "jd": 2459380.7496759,
            "ra": 192.8226099,
            "dec": 0.5207223,
            "fid": 1,
            "nid": 1626,
            "magpsf": 18.43589973449707,
            "sigmapsf": 0.33987799286842346,
            "magnr": 17.704999923706055,
            "sigmagnr": 0.07699999958276749,
            "magzpsci": 24.530899047851562,
            "isdiffpos": "t",
            "ssdistnr": null,
            "ssnamenr": null,
            "drb": null
        },
        {
            "candid": 1628189915315015010,
            "jd": 2459382.689919,
            "ra": 192.8226745,
            "dec": 0.5207086,
            "fid": 2,
            "nid": 1628,
            "magpsf": 17.410999298095703,
            "sigmapsf": 0.05147099867463112,
            "magnr": 18.47100067138672,
            "sigmagnr": 0.11400000005960464,
            "magzpsci": 25.8700008392334,
            "isdiffpos": "t",
            "ssdistnr": null,
            "ssnamenr": null,
            "drb": null
        },
        {
            "candid": 1628216315315015013,
            "jd": 2459382.7163194,
            "ra": 192.8226088,
            "dec": 0.5206798,
            "fid": 1,
            "nid": 1628,
            "magpsf": 18.71820068359375,
            "sigmapsf": 0.2513209879398346,
            "magnr": 17.704999923706055,
            "sigmagnr": 0.07699999958276749,
            "magzpsci": 25.2731990814209,
            "isdiffpos": "t",
            "ssdistnr": null,
            "ssnamenr": null,
            "drb": null
        },
        {
            "candid": 1632193955315015006,
            "jd": 2459386.6939583,
            "ra": 192.8226668,
            "dec": 0.5206991,
            "fid": 2,
            "nid": 1632,
            "magpsf": 17.56760025024414,
            "sigmapsf": 0.06324899941682816,
            "magnr": 18.47100067138672,
            "sigmagnr": 0.11400000005960464,
            "magzpsci": 26.13559913635254,
            "isdiffpos": "t",
            "ssdistnr": null,
            "ssnamenr": null,
            "drb": null
        },
        {
            "candid": 1636191385315015007,
            "jd": 2459390.6913889,
            "ra": 192.8226858,
            "dec": 0.5206702,
            "fid": 1,
            "nid": 1636,
            "magpsf": 18.825899124145508,
            "sigmapsf": 0.13756300508975983,
            "magnr": 17.704999923706055,
            "sigmagnr": 0.07699999958276749,
            "magzpsci": 26.27989959716797,
            "isdiffpos": "t",
            "ssdistnr": null,
            "ssnamenr": null,
            "drb": null
        },
        {
            "candid": 1638194605315015037,
            "jd": 2459392.6946065,
            "ra": 192.8226599,
            "dec": 0.5207082,
            "fid": 2,
            "nid": 1638,
            "magpsf": 17.753700256347656,
            "sigmapsf": 0.06266400218009949,
            "magnr": 18.47100067138672,
            "sigmagnr": 0.11400000005960464,
            "magzpsci": 26.159700393676758,
            "isdiffpos": "t",
            "ssdistnr": null,
            "ssnamenr": null,
            "drb": null
        },
        {
            "candid": 1638238425315015008,
            "jd": 2459392.7384259,
            "ra": 192.8225664,
            "dec": 0.5206668,
            "fid": 1,
            "nid": 1638,
            "magpsf": 18.951799392700195,
            "sigmapsf": 0.15121200680732727,
            "magnr": 17.704999923706055,
            "sigmagnr": 0.07699999958276749,
            "magzpsci": 26.083799362182617,
            "isdiffpos": "t",
            "ssdistnr": null,
            "ssnamenr": null,
            "drb": null
        },
        {
            "candid": 1640195245315015012,
            "jd": 2459394.6952431,
            "ra": 192.8226696,
            "dec": 0.5206529,
            "fid": 1,
            "nid": 1640,
            "magpsf": 19.061399459838867,
            "sigmapsf": 0.1720159947872162,
            "magnr": 17.704999923706055,
            "sigmagnr": 0.07699999958276749,
            "magzpsci": 25.929399490356445,
            "isdiffpos": "t",
            "ssdistnr": null,
            "ssnamenr": null,
            "drb": null
        },
        {
            "candid": 1642191255315015021,
            "jd": 2459396.69125,
            "ra": 192.8226725,
            "dec": 0.5207033,
            "fid": 2,
            "nid": 1642,
            "magpsf": 17.839799880981445,
            "sigmapsf": 0.07061000168323517,
            "magnr": 18.47100067138672,
            "sigmagnr": 0.11400000005960464,
            "magzpsci": 26.115800857543945,
            "isdiffpos": "t",
            "ssdistnr": null,
            "ssnamenr": null,
            "drb": null
        },
        {
            "candid": 1642250205315015007,
            "jd": 2459396.7502083,
            "ra": 192.8226759,
            "dec": 0.5206885,
            "fid": 1,
            "nid": 1642,
            "magpsf": 19.03774070739746,
            "sigmapsf": 0.1626099944114685,
            "magnr": 17.704999923706055,
            "sigmagnr": 0.07699999958276749,
            "magzpsci": 25.891740798950195,
            "isdiffpos": "t",
            "ssdistnr": -999.0,
            "ssnamenr": "null",
            "drb": null
        },
        {
            "candid": 1777545695315015006,
            "jd": 2459532.0456944,
            "ra": 192.822644,
            "dec": 0.5207745,
            "fid": 2,
            "nid": 1777,
            "magpsf": 19.180999755859375,
            "sigmapsf": 0.13593700528144836,
            "magnr": 18.47100067138672,
            "sigmagnr": 0.11400000005960464,
            "magzpsci": 26.160999298095703,
            "isdiffpos": "t",
            "ssdistnr": null,
            "ssnamenr": null,
            "drb": 0.9999930262565613
        },
        {
            "candid": 1777550575315015020,
            "jd": 2459532.0505787,
            "ra": 192.8227251,
            "dec": 0.5207591,
            "fid": 2,
            "nid": 1777,
            "magpsf": 19.3966007232666,
            "sigmapsf": 0.19711899757385254,
            "magnr": 18.47100067138672,
            "sigmagnr": 0.11400000005960464,
            "magzpsci": 26.20359992980957,
            "isdiffpos": "t",
            "ssdistnr": null,
            "ssnamenr": null,
            "drb": null
        },
        {
            "candid": 1782547365315015011,
            "jd": 2459537.0473611,
            "ra": 192.822674,
            "dec": 0.5206909,
            "fid": 2,
            "nid": 1782,
            "magpsf": 19.25079917907715,
            "sigmapsf": 0.20414499938488007,
            "magnr": 18.47100067138672,
            "sigmagnr": 0.11400000005960464,
            "magzpsci": 26.174800872802734,
            "isdiffpos": "t",
            "ssdistnr": null,
            "ssnamenr": null,
            "drb": null
        },
        {
            "candid": 1782549725315015010,
            "jd": 2459537.0497222,
            "ra": 192.8225955,
            "dec": 0.5206511,
            "fid": 2,
            "nid": 1782,
            "magpsf": 19.170799255371094,
            "sigmapsf": 0.204693004488945,
            "magnr": 18.47100067138672,
            "sigmagnr": 0.11400000005960464,
            "magzpsci": 26.157800674438477,
            "isdiffpos": "t",
            "ssdistnr": null,
            "ssnamenr": null,
            "drb": null
        },
        {
            "candid": 1782552085315015008,
            "jd": 2459537.0520833,
            "ra": 192.822631,
            "dec": 0.5207276,
            "fid": 2,
            "nid": 1782,
            "magpsf": 19.14971923828125,
            "sigmapsf": 0.17540700733661652,
            "magnr": 18.47100067138672,
            "sigmagnr": 0.11400000005960464,
            "magzpsci": 26.202720642089844,
            "isdiffpos": "t",
            "ssdistnr": -999.0,
            "ssnamenr": "null",
            "drb": null
        },
        {
            "jd": 2459304.769919,
            "fid": 1,
            "diffmaglim": 19.1697998046875
        },
        {
            "jd": 2459304.8176736,
            "fid": 2,
            "diffmaglim": 19.143699645996094
        },
        {
            "jd": 2459307.7710417,
            "fid": 2,
            "diffmaglim": 20.30940055847168
        },
        {
            "jd": 2459307.8150231,
            "fid": 1,
            "diffmaglim": 20.48699951171875
        },
        {
            "jd": 2459309.7735648,
            "fid": 2,
            "diffmaglim": 20.28580093383789
        },
        {
            "jd": 2459309.7954861,
            "fid": 1,
            "diffmaglim": 20.377099990844727
        },
        {
            "jd": 2459311.7491088,
            "fid": 1,
            "diffmaglim": 20.29159927368164
        },
        {
            "jd": 2459311.7952083,
            "fid": 2,
            "diffmaglim": 19.671300888061523
        },
        {
            "jd": 2459313.773125,
            "fid": 1,
            "diffmaglim": 20.17889976501465
        },
        {
            "jd": 2459313.8003009,
            "fid": 2,
            "diffmaglim": 19.451000213623047
        },
        {
            "jd": 2459315.7710648,
            "fid": 2,
            "diffmaglim": 18.386499404907227
        },
        {
            "jd": 2459315.7918403,
            "fid": 1,
            "diffmaglim": 18.51650047302246
        },
        {
            "jd": 2459317.773287,
            "fid": 1,
            "diffmaglim": 20.654800415039062
        },
        {
            "jd": 2459321.7937384,
            "fid": 2,
            "diffmaglim": 20.437400817871094
        },
        {
            "jd": 2459323.7764931,
            "fid": 1,
            "diffmaglim": 20.08650016784668
        },
        {
            "jd": 2459323.8334954,
            "fid": 2,
            "diffmaglim": 20.10569953918457
        },
        {
            "jd": 2459325.7766898,
            "fid": 2,
            "diffmaglim": 20.135799407958984
        },
        {
            "jd": 2459325.8261343,
            "fid": 1,
            "diffmaglim": 19.932300567626953
        },
        {
            "jd": 2459530.04375,
            "fid": 2,
            "diffmaglim": 18.887699127197266
        },
        {
            "jd": 2459530.0461343,
            "fid": 2,
            "diffmaglim": 18.90290069580078
        },
        {
            "jd": 2459530.0485301,
            "fid": 2,
            "diffmaglim": 18.812000274658203
        },
        {
            "jd": 2459530.0509144,
            "fid": 2,
            "diffmaglim": 18.600799560546875
        },
        {
            "jd": 2459530.0532986,
            "fid": 2,
            "diffmaglim": 18.372600555419922
        },
        {
            "jd": 2459531.0445833,
            "fid": 2,
            "diffmaglim": 18.804500579833984
        },
        {
            "jd": 2459531.0469444,
            "fid": 2,
            "diffmaglim": 18.799800872802734
        },
        {
            "jd": 2459531.0493056,
            "fid": 2,
            "diffmaglim": 18.752500534057617
        },
        {
            "jd": 2459532.0481366,
            "fid": 2,
            "diffmaglim": 19.710800170898438
        },
        {
            "jd": 2459532.0530208,
            "fid": 2,
            "diffmaglim": 19.344100952148438
        },
        {
            "jd": 2459532.0554745,
            "fid": 2,
            "diffmaglim": 19.053499221801758
        },
        {
            "jd": 2459533.046956,
            "fid": 2,
            "diffmaglim": 19.228200912475586
        },
        {
            "jd": 2459533.0494097,
            "fid": 2,
            "diffmaglim": 18.957300186157227
        },
        {
            "jd": 2459533.0518519,
            "fid": 2,
            "diffmaglim": 18.972200393676758
        },
        {
            "jd": 2459533.054294,
            "fid": 2,
            "diffmaglim": 18.667299270629883
        },
        {
            "jd": 2459533.0567361,
            "fid": 2,
            "diffmaglim": 18.39590072631836
        }
    ],
    "forcedphot": []
}