{
    "objectId": "ZTF22abbdxho",
    "candidates": [
        {
            "candid": 2058223482615015006,
            "jd": 2459812.7234838,
            "ra": 259.4412258,
            "dec": 39.4869605,
            "fid": 1,
            "nid": 2058,
            "magpsf": 19.76140022277832,
            "sigmapsf": 0.18150800466537476,
            "magnr": 18.739999771118164,
            "sigmagnr": 0.0949999988079071,
            "magzpsci": 26.23740005493164,
            "isdiffpos": "t",
            "ssdistnr": null,
            "ssnamenr": null,
            "drb": 0.9996907711029053
        },
        {
            "candid": 2060283782615015004,
            "jd": 2459814.7837847,
            "ra": 259.4411728,
            "dec": 39.4869532,
            "fid": 1,
            "nid": 2060,
            "magpsf": 19.55430030822754,
            "sigmapsf": 0.14487899839878082,
            "magnr": 18.739999771118164,
            "sigmagnr": 0.0949999988079071,
            "magzpsci": 26.180299758911133,
            "isdiffpos": "t",
            "ssdistnr": null,
            "ssnamenr": null,
            "drb": null
        },
        {
            "candid": 2062181852615015001,
            "jd": 2459816.6818519,
            "ra": 259.4411587,
            "dec": 39.4869868,
            "fid": 2,
            "nid": 2062,
            "magpsf": 18.925199508666992,
            "sigmapsf": 0.09082599729299545,
            "magnr": 17.582000732421875,
            "sigmagnr": 0.09600000083446503,
            "magzpsci": 26.28420066833496,
            "isdiffpos": "t",
            "ssdistnr": null,
            "ssnamenr": null,
            "drb": null
        },
        {
            "candid": 2062204072615015006,
            "jd": 2459816.7040741,
            "ra": 259.4411802,
            "dec": 39.4869908,
            "fid": 1,
            "nid": 2062,
            "magpsf": 19.394399642944336,
            "sigmapsf": 0.11708500236272812,
            "magnr": 18.739999771118164,
            "sigmagnr": 0.0949999988079071,
            "magzpsci": 26.280399322509766,
            "isdiffpos": "t",
            "ssdistnr": null,
            "ssnamenr": null,
            "drb": null
        },
        {
            "candid": 2066163652615015001,
            "jd": 2459820.6636574,
            "ra": 259.4412855,
            "dec": 39.4869579,
            "fid": 2,
            "nid": 2066,
            "magpsf": 18.922500610351562,
            "sigmapsf": 0.09898299723863602,
            "magnr": 17.582000732421875,
            "sigmagnr": 0.09600000083446503,
            "magzpsci": 26.29450035095215,
            "isdiffpos": "t",
            "ssdistnr": null,
            "ssnamenr": null,
            "drb": null
        },
        {
            "candid": 2066179402615015001,
            "jd": 2459820.6794097,
            "ra": 259.4411895,
            "dec": 39.4869462,
            "fid": 1,
            "nid": 2066,
            "magpsf": 19.778900146484375,
            "sigmapsf": 0.17172099649906158,
            "magnr": 18.739999771118164,
            "sigmagnr": 0.0949999988079071,
            "magzpsci": 26.295900344848633,
            "isdiffpos": "t",
            "ssdistnr": null,
            "ssnamenr": null,
            "drb": null
        },
        {
            "candid": 2069183492615015001,
            "jd": 2459823.6834954,
            "ra": 259.4411802,
            "dec": 39.4869632,
            "fid": 2,
            "nid": 2069,
            "magpsf": 18.96139907836914,
            "sigmapsf": 0.08537600189447403,
            "magnr": 17.582000732421875,
            "sigmagnr": 0.09600000083446503,
            "magzpsci": 26.299400329589844,
            "isdiffpos": "t",
            "ssdistnr": null,
            "ssnamenr": null,
            "drb": null
        },
        {
            "candid": 2071222622615015002,
            "jd": 2459825.7226273,
            "ra": 259.44122,
            "dec": 39.4869252,
            "fid": 1,
            "nid": 2071,
            "magpsf": 20.188800811767578,
            "sigmapsf": 0.2519800066947937,
            "magnr": 18.739999771118164,
            "sigmagnr": 0.0949999988079071,
            "magzpsci": 26.229799270629883,
            "isdiffpos": "t",
            "ssdistnr": null,
            "ssnamenr": null,
            "drb": null
        },
        {
            "candid": 2073301862615015001,
            "jd": 2459827.8018634,
            "ra": 259.4412199,
            "dec": 39.4869903,
            "fid": 2,
            "nid": 2073,
            "magpsf": 19.053699493408203,
            "sigmapsf": 0.14402799308300018,
            "magnr": 17.582000732421875,
            "sigmagnr": 0.09600000083446503,
            "magzpsci": 26.150699615478516,
            "isdiffpos": "t",
            "ssdistnr": null,
            "ssnamenr": null,
            "drb": null
        },
        {
            "candid": 2075156952615015003,
            "jd": 2459829.656956,
            "ra": 259.4412081,
            "dec": 39.4870058,
            "fid": 2,
            "nid": 2075,
            "magpsf": 19.322729110717773,
            "sigmapsf": 0.18481238186359406,
            "magnr": 17.582000732421875,
            "sigmagnr": 0.09600000083446503,
            "magzpsci": 26.27773094177246,
            "isdiffpos": "t",
            "ssdistnr": -999.0,
            "ssnamenr": "null",
            "drb": null
        },
        {
            "jd": 2459782.7811806,
            "fid": 1,
            "diffmaglim": 20.572099685668945
        },
        {
            "jd": 2459782.865081,
            "fid": 2,
            "diffmaglim": 20.2106990814209
        },
        {
            "jd": 2459784.7950231,
            "fid": 2,
            "diffmaglim": 20.65049934387207
        },
        {
            "jd": 2459784.8417361,
            "fid": 1,
            "diffmaglim": 20.691299438476562
        },
        {
            "jd": 2459786.782338,
            "fid": 2,
            "diffmaglim": 20.456499099731445
        },
        {
            "jd": 2459786.8002778,
            "fid": 1,
            "diffmaglim": 20.70439910888672
        },
        {
            "jd": 2459788.7676736,
            "fid": 2,
            "diffmaglim": 20.4867000579834
        },
        {
            "jd": 2459788.7998958,
            "fid": 1,
            "diffmaglim": 20.628400802612305
        },
        {
            "jd": 2459790.7253125,
            "fid": 1,
            "diffmaglim": 20.652799606323242
        },
        {
            "jd": 2459790.7618287,
            "fid": 2,
            "diffmaglim": 19.990400314331055
        },
        {
            "jd": 2459792.7592824,
            "fid": 1,
            "diffmaglim": 20.142099380493164
        },
        {
            "jd": 2459794.7653472,
            "fid": 2,
            "diffmaglim": 20.534700393676758
        },
        {
            "jd": 2459794.8077199,
            "fid": 1,
            "diffmaglim": 20.28459930419922
        },
        {
            "jd": 2459797.7998611,
            "fid": 1,
            "diffmaglim": 20.592899322509766
        },
        {
            "jd": 2459797.8433912,
            "fid": 2,
            "diffmaglim": 20.457700729370117
        },
        {
            "jd": 2459799.7221644,
            "fid": 2,
            "diffmaglim": 20.0575008392334
        },
        {
            "jd": 2459802.7398264,
            "fid": 2,
            "diffmaglim": 19.434900283813477
        },
        {
            "jd": 2459802.7875463,
            "fid": 1,
            "diffmaglim": 19.51729965209961
        },
        {
            "jd": 2459805.6788194,
            "fid": 2,
            "diffmaglim": 19.940200805664062
        },
        {
            "jd": 2459805.7204051,
            "fid": 1,
            "diffmaglim": 19.566600799560547
        },
        {
            "jd": 2459807.6739931,
            "fid": 2,
            "diffmaglim": 20.567699432373047
        },
        {
            "jd": 2459807.7062847,
            "fid": 1,
            "diffmaglim": 20.61870002746582
        },
        {
            "jd": 2459809.6834259,
            "fid": 2,
            "diffmaglim": 20.547700881958008
        },
        {
            "jd": 2459809.8225926,
            "fid": 1,
            "diffmaglim": 19.596500396728516
        },
        {
            "jd": 2459823.8055903,
            "fid": 1,
            "diffmaglim": 19.9064998626709
        },
        {
            "jd": 2459825.6725694,
            "fid": 2,
            "diffmaglim": 20.41670036315918
        }
    ],
    "forcedphot": []
}