{
    "objectId": "ZTF20accoccp",
    "candidates": [
        {
            "candid": 1357254053915015004,
            "jd": 2459111.7540509,
            "ra": 331.2631889,
            "dec": -9.0243809,
            "fid": 2,
            "nid": 1357,
            "magpsf": 20.409500122070312,
            "sigmapsf": 0.258311003446579,
            "magnr": 21.07900047302246,
            "sigmagnr": 0.13500000536441803,
            "magzpsci": 26.120500564575195,
            "isdiffpos": "t",
            "ssdistnr": -999.0,
            "ssnamenr": "-999.0",
            "drb": null
        },
        {
            "candid": 1360208843915015006,
            "jd": 2459114.7088426,
            "ra": 331.2632072,
            "dec": -9.024314,
            "fid": 1,
            "nid": 1360,
            "magpsf": 19.567800521850586,
            "sigmapsf": 0.14185599982738495,
            "magnr": 21.256999969482422,
            "sigmagnr": 0.12200000137090683,
            "magzpsci": 26.09779930114746,
            "isdiffpos": "t",
            "ssdistnr": -999.0,
            "ssnamenr": "null",
            "drb": 0.9999979734420776
        },
        {
            "candid": 1360273423915015004,
            "jd": 2459114.7734259,
            "ra": 331.2632107,
            "dec": -9.0242992,
            "fid": 2,
            "nid": 1360,
            "magpsf": 19.715099334716797,
            "sigmapsf": 0.1395539939403534,
            "magnr": 21.07900047302246,
            "sigmagnr": 0.13500000536441803,
            "magzpsci": 26.161100387573242,
            "isdiffpos": "t",
            "ssdistnr": -999.0,
            "ssnamenr": "null",
            "drb": 0.870934009552002
        },
        {
            "candid": 1370166963915015003,
            "jd": 2459124.6669676,
            "ra": 331.2632388,
            "dec": -9.0243171,
            "fid": 1,
            "nid": 1370,
            "magpsf": 18.539499282836914,
            "sigmapsf": 0.13979800045490265,
            "magnr": 21.256999969482422,
            "sigmagnr": 0.12200000137090683,
            "magzpsci": 26.1875,
            "isdiffpos": "t",
            "ssdistnr": -999.0,
            "ssnamenr": "null",
            "drb": 0.9921470284461975
        },
        {
            "candid": 1374263983915015003,
            "jd": 2459128.7639815,
            "ra": 331.2632082,
            "dec": -9.0243405,
            "fid": 2,
            "nid": 1374,
            "magpsf": 18.64430046081543,
            "sigmapsf": 0.07697200030088425,
            "magnr": 21.07900047302246,
            "sigmagnr": 0.13500000536441803,
            "magzpsci": 26.17329978942871,
            "isdiffpos": "t",
            "ssdistnr": -999.0,
            "ssnamenr": "null",
            "drb": 0.9999499917030334
        },
        {
            "candid": 1376169993915015005,
            "jd": 2459130.67,
            "ra": 331.2631789,
            "dec": -9.0243468,
            "fid": 1,
            "nid": 1376,
            "magpsf": 18.962200164794922,
            "sigmapsf": 0.08792199939489365,
            "magnr": 21.256999969482422,
            "sigmagnr": 0.12200000137090683,
            "magzpsci": 26.243200302124023,
            "isdiffpos": "t",
            "ssdistnr": -999.0,
            "ssnamenr": "null",
            "drb": 1.0
        },
        {
            "candid": 1376192243915015005,
            "jd": 2459130.6922454,
            "ra": 331.2632204,
            "dec": -9.0243375,
            "fid": 2,
            "nid": 1376,
            "magpsf": 18.82699966430664,
            "sigmapsf": 0.06897799670696259,
            "magnr": 21.07900047302246,
            "sigmagnr": 0.13500000536441803,
            "magzpsci": 26.288000106811523,
            "isdiffpos": "t",
            "ssdistnr": -999.0,
            "ssnamenr": "null",
            "drb": 0.9976900219917297
        },
        {
            "candid": 1380193293915015004,
            "jd": 2459134.6932986,
            "ra": 331.2631872,
            "dec": -9.0243747,
            "fid": 2,
            "nid": 1380,
            "magpsf": 19.04319953918457,
            "sigmapsf": 0.08289899677038193,
            "magnr": 21.07900047302246,
            "sigmagnr": 0.13500000536441803,
            "magzpsci": 26.27120018005371,
            "isdiffpos": "t",
            "ssdistnr": -999.0,
            "ssnamenr": "null",
            "drb": 0.9999970197677612
        },
        {
            "candid": 1380226533915015004,
            "jd": 2459134.7265394,
            "ra": 331.2631844,
            "dec": -9.0243561,
            "fid": 1,
            "nid": 1380,
            "magpsf": 19.429399490356445,
            "sigmapsf": 0.14150500297546387,
            "magnr": 21.256999969482422,
            "sigmagnr": 0.12200000137090683,
            "magzpsci": 26.212400436401367,
            "isdiffpos": "t",
            "ssdistnr": -999.0,
            "ssnamenr": "null",
            "drb": 0.999970018863678
        },
        {
            "candid": 1382190873915015003,
            "jd": 2459136.6908796,
            "ra": 331.2631967,
            "dec": -9.0243226,
            "fid": 2,
            "nid": 1382,
            "magpsf": 19.127199172973633,
            "sigmapsf": 0.08334299921989441,
            "magnr": 21.07900047302246,
            "sigmagnr": 0.13500000536441803,
            "magzpsci": 26.285200119018555,
            "isdiffpos": "t",
            "ssdistnr": -999.0,
            "ssnamenr": "null",
            "drb": 0.9958869814872742
        },
        {
            "candid": 1382212303915015003,
            "jd": 2459136.7123032,
            "ra": 331.2632297,
            "dec": -9.024274,
            "fid": 1,
            "nid": 1382,
            "magpsf": 19.721099853515625,
            "sigmapsf": 0.13341200351715088,
            "magnr": 21.256999969482422,
            "sigmagnr": 0.12200000137090683,
            "magzpsci": 26.234100341796875,
            "isdiffpos": "t",
            "ssdistnr": -999.0,
            "ssnamenr": "null",
            "drb": 0.9998670220375061
        },
        {
            "candid": 1384120263915015002,
            "jd": 2459138.6202662,
            "ra": 331.2632014,
            "dec": -9.0243567,
            "fid": 2,
            "nid": 1384,
            "magpsf": 19.193700790405273,
            "sigmapsf": 0.09960000216960907,
            "magnr": 21.07900047302246,
            "sigmagnr": 0.13500000536441803,
            "magzpsci": 26.11370086669922,
            "isdiffpos": "t",
            "ssdistnr": -999.0,
            "ssnamenr": "null",
            "drb": 0.9997439980506897
        },
        {
            "candid": 1386128173915015004,
            "jd": 2459140.6281713,
            "ra": 331.2632085,
            "dec": -9.0243467,
            "fid": 2,
            "nid": 1386,
            "magpsf": 19.258499145507812,
            "sigmapsf": 0.0880580022931099,
            "magnr": 21.07900047302246,
            "sigmagnr": 0.13500000536441803,
            "magzpsci": 26.24449920654297,
            "isdiffpos": "t",
            "ssdistnr": -999.0,
            "ssnamenr": "null",
            "drb": 0.9992899894714355
        },
        {
            "candid": 1386177123915015008,
            "jd": 2459140.6771296,
            "ra": 331.2631725,
            "dec": -9.0243759,
            "fid": 1,
            "nid": 1386,
            "magpsf": 20.223899841308594,
            "sigmapsf": 0.18395699560642242,
            "magnr": 21.256999969482422,
            "sigmagnr": 0.12200000137090683,
            "magzpsci": 26.20989990234375,
            "isdiffpos": "t",
            "ssdistnr": -999.0,
            "ssnamenr": "null",
            "drb": 0.9957849979400635
        },
        {
            "candid": 1397243763915015002,
            "jd": 2459151.7437616,
            "ra": 331.263082,
            "dec": -9.0243992,
            "fid": 2,
            "nid": 1397,
            "magpsf": 19.70210075378418,
            "sigmapsf": 0.27199700474739075,
            "magnr": 21.07900047302246,
            "sigmagnr": 0.13500000536441803,
            "magzpsci": 26.296100616455078,
            "isdiffpos": "t",
            "ssdistnr": -999.0,
            "ssnamenr": "-999.0",
            "drb": null
        },
        {
            "candid": 1400147553915015001,
            "jd": 2459154.6475579,
            "ra": 331.2632373,
            "dec": -9.024327,
            "fid": 2,
            "nid": 1400,
            "magpsf": 20.149700164794922,
            "sigmapsf": 0.25401100516319275,
            "magnr": 21.07900047302246,
            "sigmagnr": 0.13500000536441803,
            "magzpsci": 26.327699661254883,
            "isdiffpos": "t",
            "ssdistnr": -999.0,
            "ssnamenr": "-999.0",
            "drb": null
        },
        {
            "candid": 1404144063915015002,
            "jd": 2459158.6440625,
            "ra": 331.2632503,
            "dec": -9.0242748,
            "fid": 2,
            "nid": 1404,
            "magpsf": 20.155099868774414,
            "sigmapsf": 0.18954899907112122,
            "magnr": 21.07900047302246,
            "sigmagnr": 0.13500000536441803,
            "magzpsci": 26.310100555419922,
            "isdiffpos": "t",
            "ssdistnr": -999.0,
            "ssnamenr": "null",
            "drb": 0.9995430111885071
        },
        {
            "jd": 2459088.85321,
            "fid": 1,
            "diffmaglim": 20.06100082397461
        },
        {
            "jd": 2459088.85624,
            "fid": 2,
            "diffmaglim": 19.788000106811523
        },
        {
            "jd": 2459095.7939,
            "fid": 1,
            "diffmaglim": 18.707000732421875
        },
        {
            "jd": 2459095.87604,
            "fid": 2,
            "diffmaglim": 18.76300048828125
        },
        {
            "jd": 2459099.85749,
            "fid": 1,
            "diffmaglim": 19.516000747680664
        },
        {
            "jd": 2459108.79017,
            "fid": 1,
            "diffmaglim": 19.89699935913086
        },
        {
            "jd": 2459111.81753,
            "fid": 1,
            "diffmaglim": 20.201000213623047
        },
        {
            "jd": 2459128.78037,
            "fid": 1,
            "diffmaglim": 19.618999481201172
        },
        {
            "jd": 2459138.69427,
            "fid": 1,
            "diffmaglim": 20.426000595092773
        },
        {
            "jd": 2459142.64712,
            "fid": 2,
            "diffmaglim": 20.26300048828125
        },
        {
            "jd": 2459142.6699,
            "fid": 1,
            "diffmaglim": 20.506000518798828
        },
        {
            "jd": 2459144.66502,
            "fid": 1,
            "diffmaglim": 19.222000122070312
        },
        {
            "jd": 2459146.66839,
            "fid": 2,
            "diffmaglim": 19.3700008392334
        },
        {
            "jd": 2459150.66556,
            "fid": 1,
            "diffmaglim": 19.374000549316406
        },
        {
            "jd": 2459150.69035,
            "fid": 2,
            "diffmaglim": 19.291000366210938
        },
        {
            "jd": 2459151.64781,
            "fid": 1,
            "diffmaglim": 19.18000030517578
        },
        {
            "jd": 2459152.70244,
            "fid": 2,
            "diffmaglim": 19.545000076293945
        },
        {
            "jd": 2459152.73787,
            "fid": 1,
            "diffmaglim": 19.152999877929688
        },
        {
            "jd": 2459154.69804,
            "fid": 1,
            "diffmaglim": 19.2549991607666
        },
        {
            "jd": 2459157.72597,
            "fid": 2,
            "diffmaglim": 19.704999923706055
        }
    ],
    "forcedphot": []
}