{
    "objectId": "ZTF20aapalyr",
    "candidates": [
        {
            "candid": 1121501640715010000,
            "jd": 2458876.0016435,
            "ra": 193.792274,
            "dec": -5.5688443,
            "fid": 2,
            "nid": 1121,
            "magpsf": 20.038400650024414,
            "sigmapsf": 0.23686599731445312,
            "magnr": 18.836999893188477,
            "sigmagnr": 0.03099999949336052,
            "magzpsci": 26.20439910888672,
            "isdiffpos": "f",
            "ssdistnr": -999.0,
            "ssnamenr": "-999.0",
            "drb": null
        },
        {
            "candid": 1133481360715010000,
            "jd": 2458887.9813657,
            "ra": 193.7923223,
            "dec": -5.5687736,
            "fid": 2,
            "nid": 1133,
            "magpsf": 19.935100555419922,
            "sigmapsf": 0.269012987613678,
            "magnr": 18.836999893188477,
            "sigmagnr": 0.03099999949336052,
            "magzpsci": 26.20509910583496,
            "isdiffpos": "f",
            "ssdistnr": -999.0,
            "ssnamenr": "-999.0",
            "drb": null
        },
        {
            "candid": 1140493140715010000,
            "jd": 2458894.9931481,
            "ra": 193.7923663,
            "dec": -5.568721,
            "fid": 2,
            "nid": 1140,
            "magpsf": 19.99650001525879,
            "sigmapsf": 0.2197200059890747,
            "magnr": 18.836999893188477,
            "sigmagnr": 0.03099999949336052,
            "magzpsci": 26.21649932861328,
            "isdiffpos": "f",
            "ssdistnr": -999.0,
            "ssnamenr": "-999.0",
            "drb": null
        },
        {
            "candid": 1144460210715010000,
            "jd": 2458898.9602199,
            "ra": 193.7923403,
            "dec": -5.5687764,
            "fid": 2,
            "nid": 1144,
            "magpsf": 20.139999389648438,
            "sigmapsf": 0.19295799732208252,
            "magnr": 18.836999893188477,
            "sigmagnr": 0.03099999949336052,
            "magzpsci": 26.18899917602539,
            "isdiffpos": "f",
            "ssdistnr": -999.0,
            "ssnamenr": "-999.0",
            "drb": null
        },
        {
            "candid": 1147397190715010001,
            "jd": 2458901.8971991,
            "ra": 193.7924164,
            "dec": -5.568794,
            "fid": 2,
            "nid": 1147,
            "magpsf": 20.030799865722656,
            "sigmapsf": 0.1666339933872223,
            "magnr": 18.836999893188477,
            "sigmagnr": 0.03099999949336052,
            "magzpsci": 26.185699462890625,
            "isdiffpos": "f",
            "ssdistnr": -999.0,
            "ssnamenr": "null",
            "drb": 0.9999769926071167
        },
        {
            "candid": 1154455100715010000,
            "jd": 2458908.9551042,
            "ra": 193.7923158,
            "dec": -5.5688036,
            "fid": 2,
            "nid": 1154,
            "magpsf": 20.067100524902344,
            "sigmapsf": 0.17120200395584106,
            "magnr": 18.836999893188477,
            "sigmagnr": 0.03099999949336052,
            "magzpsci": 26.2091007232666,
            "isdiffpos": "f",
            "ssdistnr": -999.0,
            "ssnamenr": "null",
            "drb": 0.9997280240058899
        },
        {
            "candid": 1157449080715010000,
            "jd": 2458911.9490856,
            "ra": 193.7922963,
            "dec": -5.5688259,
            "fid": 2,
            "nid": 1157,
            "magpsf": 19.988399505615234,
            "sigmapsf": 0.20434600114822388,
            "magnr": 18.836999893188477,
            "sigmagnr": 0.03099999949336052,
            "magzpsci": 26.179399490356445,
            "isdiffpos": "f",
            "ssdistnr": -999.0,
            "ssnamenr": "null",
            "drb": 0.9998260140419006
        },
        {
            "candid": 1201269120715010000,
            "jd": 2458955.7691204,
            "ra": 193.7922893,
            "dec": -5.5687541,
            "fid": 2,
            "nid": 1201,
            "magpsf": 19.993200302124023,
            "sigmapsf": 0.16753999888896942,
            "magnr": 18.836999893188477,
            "sigmagnr": 0.03099999949336052,
            "magzpsci": 26.175199508666992,
            "isdiffpos": "f",
            "ssdistnr": -999.0,
            "ssnamenr": "null",
            "drb": 0.9996119737625122
        },
        {
            "candid": 1218192000715010000,
            "jd": 2458972.6920023,
            "ra": 193.7924208,
            "dec": -5.5689498,
            "fid": 2,
            "nid": 1218,
            "magpsf": 19.84269905090332,
            "sigmapsf": 0.3012770116329193,
            "magnr": 18.836999893188477,
            "sigmagnr": 0.03099999949336052,
            "magzpsci": 26.192699432373047,
            "isdiffpos": "f",
            "ssdistnr": -999.0,
            "ssnamenr": "-999.0",
            "drb": null
        },
        {
            "candid": 1241247310715010000,
            "jd": 2458995.7473148,
            "ra": 193.7923941,
            "dec": -5.5687896,
            "fid": 2,
            "nid": 1241,
            "magpsf": 20.00029945373535,
            "sigmapsf": 0.1723410040140152,
            "magnr": 18.836999893188477,
            "sigmagnr": 0.03099999949336052,
            "magzpsci": 26.167299270629883,
            "isdiffpos": "f",
            "ssdistnr": -999.0,
            "ssnamenr": "null",
            "drb": 0.9995890259742737
        },
        {
            "candid": 1244230830715010000,
            "jd": 2458998.7308333,
            "ra": 193.792368,
            "dec": -5.5687496,
            "fid": 2,
            "nid": 1244,
            "magpsf": 20.049299240112305,
            "sigmapsf": 0.19357800483703613,
            "magnr": 18.836999893188477,
            "sigmagnr": 0.03099999949336052,
            "magzpsci": 26.181299209594727,
            "isdiffpos": "f",
            "ssdistnr": -999.0,
            "ssnamenr": "null",
            "drb": 0.9996520280838013
        },
        {
            "candid": 1263234310715010000,
            "jd": 2459017.7343171,
            "ra": 193.7923499,
            "dec": -5.5687727,
            "fid": 2,
            "nid": 1263,
            "magpsf": 20.080799102783203,
            "sigmapsf": 0.16343800723552704,
            "magnr": 18.836999893188477,
            "sigmagnr": 0.03099999949336052,
            "magzpsci": 26.205799102783203,
            "isdiffpos": "f",
            "ssdistnr": -999.0,
            "ssnamenr": "null",
            "drb": 0.9991199970245361
        },
        {
            "candid": 1431536600715010000,
            "jd": 2459186.0366088,
            "ra": 193.7923626,
            "dec": -5.5688811,
            "fid": 2,
            "nid": 1431,
            "magpsf": 19.787399291992188,
            "sigmapsf": 0.21838699281215668,
            "magnr": 18.836999893188477,
            "sigmagnr": 0.03099999949336052,
            "magzpsci": 26.19540023803711,
            "isdiffpos": "f",
            "ssdistnr": -999.0,
            "ssnamenr": "-999.0",
            "drb": null
        },
        {
            "candid": 1447514420715010000,
            "jd": 2459202.0144213,
            "ra": 193.7922857,
            "dec": -5.5688475,
            "fid": 2,
            "nid": 1447,
            "magpsf": 19.968700408935547,
            "sigmapsf": 0.19727900624275208,
            "magnr": 18.836999893188477,
            "sigmagnr": 0.03099999949336052,
            "magzpsci": 26.231700897216797,
            "isdiffpos": "f",
            "ssdistnr": -999.0,
            "ssnamenr": "null",
            "drb": 0.9932100176811218
        },
        {
            "candid": 1469482090715010000,
            "jd": 2459223.9820949,
            "ra": 193.792339,
            "dec": -5.5688201,
            "fid": 2,
            "nid": 1469,
            "magpsf": 19.908599853515625,
            "sigmapsf": 0.2171120047569275,
            "magnr": 18.836999893188477,
            "sigmagnr": 0.03099999949336052,
            "magzpsci": 26.235599517822266,
            "isdiffpos": "f",
            "ssdistnr": -999.0,
            "ssnamenr": "null",
            "drb": 0.9995759725570679
        },
        {
            "candid": 1475504910715010000,
            "jd": 2459230.004919,
            "ra": 193.792286,
            "dec": -5.5688654,
            "fid": 2,
            "nid": 1475,
            "magpsf": 20.260000228881836,
            "sigmapsf": 0.31354600191116333,
            "magnr": 18.836999893188477,
            "sigmagnr": 0.03099999949336052,
            "magzpsci": 26.222999572753906,
            "isdiffpos": "f",
            "ssdistnr": -999.0,
            "ssnamenr": "-999.0",
            "drb": null
        },
        {
            "candid": 1495412460715010001,
            "jd": 2459249.9124653,
            "ra": 193.7922085,
            "dec": -5.5687485,
            "fid": 2,
            "nid": 1495,
            "magpsf": 19.817699432373047,
            "sigmapsf": 0.3219040036201477,
            "magnr": 18.836999893188477,
            "sigmagnr": 0.03099999949336052,
            "magzpsci": 26.215700149536133,
            "isdiffpos": "f",
            "ssdistnr": -999.0,
            "ssnamenr": "-999.0",
            "drb": null
        },
        {
            "candid": 1497461400715010000,
            "jd": 2459251.9614005,
            "ra": 193.7924545,
            "dec": -5.5687745,
            "fid": 2,
            "nid": 1497,
            "magpsf": 19.927499771118164,
            "sigmapsf": 0.16571000218391418,
            "magnr": 18.836999893188477,
            "sigmagnr": 0.03099999949336052,
            "magzpsci": 26.243499755859375,
            "isdiffpos": "f",
            "ssdistnr": -999.0,
            "ssnamenr": "null",
            "drb": 0.9993630051612854
        },
        {
            "candid": 1499484680715010000,
            "jd": 2459253.9846875,
            "ra": 193.792405,
            "dec": -5.5687589,
            "fid": 2,
            "nid": 1499,
            "magpsf": 19.90839958190918,
            "sigmapsf": 0.1836329996585846,
            "magnr": 18.836999893188477,
            "sigmagnr": 0.03099999949336052,
            "magzpsci": 26.201400756835938,
            "isdiffpos": "f",
            "ssdistnr": -999.0,
            "ssnamenr": "null",
            "drb": 0.9940680265426636
        },
        {
            "candid": 1501416500715010001,
            "jd": 2459255.9165046,
            "ra": 193.7923425,
            "dec": -5.568836,
            "fid": 2,
            "nid": 1501,
            "magpsf": 19.90290069580078,
            "sigmapsf": 0.12017799913883209,
            "magnr": 18.836999893188477,
            "sigmagnr": 0.03099999949336052,
            "magzpsci": 26.228900909423828,
            "isdiffpos": "f",
            "ssdistnr": null,
            "ssnamenr": null,
            "drb": null
        },
        {
            "candid": 1508375200715010001,
            "jd": 2459262.8752083,
            "ra": 193.7923113,
            "dec": -5.5688266,
            "fid": 2,
            "nid": 1508,
            "magpsf": 20.065000534057617,
            "sigmapsf": 0.16732299327850342,
            "magnr": 18.836999893188477,
            "sigmagnr": 0.03099999949336052,
            "magzpsci": 26.211000442504883,
            "isdiffpos": "f",
            "ssdistnr": null,
            "ssnamenr": null,
            "drb": null
        },
        {
            "candid": 1514416450715010000,
            "jd": 2459268.9164583,
            "ra": 193.7923808,
            "dec": -5.5688338,
            "fid": 2,
            "nid": 1514,
            "magpsf": 20.044599533081055,
            "sigmapsf": 0.20443999767303467,
            "magnr": 18.836999893188477,
            "sigmagnr": 0.03099999949336052,
            "magzpsci": 26.268600463867188,
            "isdiffpos": "f",
            "ssdistnr": null,
            "ssnamenr": null,
            "drb": null
        },
        {
            "candid": 1516387730715010000,
            "jd": 2459270.8877315,
            "ra": 193.7921568,
            "dec": -5.5687417,
            "fid": 2,
            "nid": 1516,
            "magpsf": 19.82830047607422,
            "sigmapsf": 0.3050540089607239,
            "magnr": 18.836999893188477,
            "sigmagnr": 0.03099999949336052,
            "magzpsci": 26.24530029296875,
            "isdiffpos": "f",
            "ssdistnr": null,
            "ssnamenr": null,
            "drb": null
        },
        {
            "candid": 1537349940715010002,
            "jd": 2459291.8499421,
            "ra": 193.7923183,
            "dec": -5.5688155,
            "fid": 2,
            "nid": 1537,
            "magpsf": 20.16550064086914,
            "sigmapsf": 0.1723340004682541,
            "magnr": 18.836999893188477,
            "sigmagnr": 0.03099999949336052,
            "magzpsci": 26.213499069213867,
            "isdiffpos": "f",
            "ssdistnr": null,
            "ssnamenr": null,
            "drb": null
        },
        {
            "candid": 1542356800715010000,
            "jd": 2459296.8568056,
            "ra": 193.7920912,
            "dec": -5.5688242,
            "fid": 2,
            "nid": 1542,
            "magpsf": 19.97319984436035,
            "sigmapsf": 0.3279390037059784,
            "magnr": 18.836999893188477,
            "sigmagnr": 0.03099999949336052,
            "magzpsci": 26.15920066833496,
            "isdiffpos": "f",
            "ssdistnr": null,
            "ssnamenr": null,
            "drb": null
        },
        {
            "candid": 1553271040715010000,
            "jd": 2459307.7710417,
            "ra": 193.7923382,
            "dec": -5.5688613,
            "fid": 2,
            "nid": 1553,
            "magpsf": 20.097299575805664,
            "sigmapsf": 0.1995829939842224,
            "magnr": 18.836999893188477,
            "sigmagnr": 0.03099999949336052,
            "magzpsci": 26.213300704956055,
            "isdiffpos": "f",
            "ssdistnr": null,
            "ssnamenr": null,
            "drb": null
        },
        {
            "candid": 1555273560715010000,
            "jd": 2459309.7735648,
            "ra": 193.7923366,
            "dec": -5.5687588,
            "fid": 2,
            "nid": 1555,
            "magpsf": 20.017099380493164,
            "sigmapsf": 0.1897139996290207,
            "magnr": 18.836999893188477,
            "sigmagnr": 0.03099999949336052,
            "magzpsci": 26.206100463867188,
            "isdiffpos": "f",
            "ssdistnr": null,
            "ssnamenr": null,
            "drb": null
        },
        {
            "candid": 1567293730715010000,
            "jd": 2459321.7937384,
            "ra": 193.7923305,
            "dec": -5.5687625,
            "fid": 2,
            "nid": 1567,
            "magpsf": 20.011199951171875,
            "sigmapsf": 0.15831099450588226,
            "magnr": 18.836999893188477,
            "sigmagnr": 0.03099999949336052,
            "magzpsci": 26.17020034790039,
            "isdiffpos": "f",
            "ssdistnr": null,
            "ssnamenr": null,
            "drb": null
        },
        {
            "candid": 1569333490715010000,
            "jd": 2459323.8334954,
            "ra": 193.7924126,
            "dec": -5.5687858,
            "fid": 2,
            "nid": 1569,
            "magpsf": 20.016599655151367,
            "sigmapsf": 0.20146900415420532,
            "magnr": 18.836999893188477,
            "sigmagnr": 0.03099999949336052,
            "magzpsci": 26.17959976196289,
            "isdiffpos": "f",
            "ssdistnr": null,
            "ssnamenr": null,
            "drb": null
        },
        {
            "candid": 1582253610715010000,
            "jd": 2459336.7536111,
            "ra": 193.7922906,
            "dec": -5.5688252,
            "fid": 1,
            "nid": 1582,
            "magpsf": 20.988800048828125,
            "sigmapsf": 0.33692601323127747,
            "magnr": 19.429000854492188,
            "sigmagnr": 0.05000000074505806,
            "magzpsci": 26.264799118041992,
            "isdiffpos": "f",
            "ssdistnr": null,
            "ssnamenr": null,
            "drb": null
        },
        {
            "candid": 1582253610715020000,
            "jd": 2459336.7536111,
            "ra": 193.7922906,
            "dec": -5.5688252,
            "fid": 1,
            "nid": 1582,
            "magpsf": 20.988800048828125,
            "sigmapsf": 0.33692601323127747,
            "magnr": 19.429000854492188,
            "sigmagnr": 0.05000000074505806,
            "magzpsci": 26.264799118041992,
            "isdiffpos": "f",
            "ssdistnr": null,
            "ssnamenr": null,
            "drb": null
        },
        {
            "candid": 1582253610715030000,
            "jd": 2459336.7536111,
            "ra": 193.7922906,
            "dec": -5.5688252,
            "fid": 1,
            "nid": 1582,
            "magpsf": 20.988800048828125,
            "sigmapsf": 0.33692601323127747,
            "magnr": 19.429000854492188,
            "sigmagnr": 0.05000000074505806,
            "magzpsci": 26.264799118041992,
            "isdiffpos": "f",
            "ssdistnr": null,
            "ssnamenr": null,
            "drb": null
        },
        {
            "candid": 1582314470715010001,
            "jd": 2459336.8144792,
            "ra": 193.7923829,
            "dec": -5.5687751,
            "fid": 2,
            "nid": 1582,
            "magpsf": 19.95646095275879,
            "sigmapsf": 0.16431500017642975,
            "magnr": 18.836999893188477,
            "sigmagnr": 0.03099999949336052,
            "magzpsci": 26.16546058654785,
            "isdiffpos": "f",
            "ssdistnr": -999.0,
            "ssnamenr": "null",
            "drb": null
        },
        {
            "candid": 1582314470715020001,
            "jd": 2459336.8144792,
            "ra": 193.7923829,
            "dec": -5.5687751,
            "fid": 2,
            "nid": 1582,
            "magpsf": 19.956499099731445,
            "sigmapsf": 0.16431500017642975,
            "magnr": 18.836999893188477,
            "sigmagnr": 0.03099999949336052,
            "magzpsci": 26.16550064086914,
            "isdiffpos": "f",
            "ssdistnr": null,
            "ssnamenr": null,
            "drb": null
        },
        {
            "candid": 1582314470715030001,
            "jd": 2459336.8144792,
            "ra": 193.7923829,
            "dec": -5.5687751,
            "fid": 2,
            "nid": 1582,
            "magpsf": 19.956499099731445,
            "sigmapsf": 0.16431500017642975,
            "magnr": 18.836999893188477,
            "sigmagnr": 0.03099999949336052,
            "magzpsci": 26.16550064086914,
            "isdiffpos": "f",
            "ssdistnr": null,
            "ssnamenr": null,
            "drb": null
        },
        {
            "candid": 1585252730715010000,
            "jd": 2459339.7527315,
            "ra": 193.7923158,
            "dec": -5.5687741,
            "fid": 2,
            "nid": 1585,
            "magpsf": 19.963899612426758,
            "sigmapsf": 0.17130400240421295,
            "magnr": 18.836999893188477,
            "sigmagnr": 0.03099999949336052,
            "magzpsci": 26.1919002532959,
            "isdiffpos": "f",
            "ssdistnr": null,
            "ssnamenr": null,
            "drb": null
        },
        {
            "candid": 1587249030715010000,
            "jd": 2459341.7490394,
            "ra": 193.792338,
            "dec": -5.5687731,
            "fid": 2,
            "nid": 1587,
            "magpsf": 20.10070037841797,
            "sigmapsf": 0.20942699909210205,
            "magnr": 18.836999893188477,
            "sigmagnr": 0.03099999949336052,
            "magzpsci": 26.204700469970703,
            "isdiffpos": "f",
            "ssdistnr": null,
            "ssnamenr": null,
            "drb": null
        },
        {
            "candid": 1591194510715010000,
            "jd": 2459345.6945139,
            "ra": 193.7923568,
            "dec": -5.5687657,
            "fid": 2,
            "nid": 1591,
            "magpsf": 20.00149917602539,
            "sigmapsf": 0.16048899292945862,
            "magnr": 18.836999893188477,
            "sigmagnr": 0.03099999949336052,
            "magzpsci": 26.140499114990234,
            "isdiffpos": "f",
            "ssdistnr": null,
            "ssnamenr": null,
            "drb": null
        },
        {
            "candid": 1594191050715010000,
            "jd": 2459348.6910532,
            "ra": 193.7922892,
            "dec": -5.5688288,
            "fid": 2,
            "nid": 1594,
            "magpsf": 20.01759910583496,
            "sigmapsf": 0.14308199286460876,
            "magnr": 18.836999893188477,
            "sigmagnr": 0.03099999949336052,
            "magzpsci": 26.193599700927734,
            "isdiffpos": "f",
            "ssdistnr": null,
            "ssnamenr": null,
            "drb": null
        },
        {
            "candid": 1596249730715010002,
            "jd": 2459350.7497338,
            "ra": 193.7923718,
            "dec": -5.5688272,
            "fid": 2,
            "nid": 1596,
            "magpsf": 19.85890007019043,
            "sigmapsf": 0.20797400176525116,
            "magnr": 18.836999893188477,
            "sigmagnr": 0.03099999949336052,
            "magzpsci": 26.146900177001953,
            "isdiffpos": "f",
            "ssdistnr": null,
            "ssnamenr": null,
            "drb": null
        },
        {
            "candid": 1608234930715010000,
            "jd": 2459362.7349306,
            "ra": 193.792345,
            "dec": -5.5687667,
            "fid": 2,
            "nid": 1608,
            "magpsf": 20.26919937133789,
            "sigmapsf": 0.2576870024204254,
            "magnr": 18.836999893188477,
            "sigmagnr": 0.03099999949336052,
            "magzpsci": 26.228200912475586,
            "isdiffpos": "f",
            "ssdistnr": null,
            "ssnamenr": null,
            "drb": null
        },
        {
            "candid": 1610321710715010000,
            "jd": 2459364.821713,
            "ra": 193.7923339,
            "dec": -5.5687837,
            "fid": 2,
            "nid": 1610,
            "magpsf": 20.024700164794922,
            "sigmapsf": 0.2925899922847748,
            "magnr": 18.836999893188477,
            "sigmagnr": 0.03099999949336052,
            "magzpsci": 26.082700729370117,
            "isdiffpos": "f",
            "ssdistnr": null,
            "ssnamenr": null,
            "drb": null
        },
        {
            "candid": 1614212600715010000,
            "jd": 2459368.7126042,
            "ra": 193.7923443,
            "dec": -5.5687638,
            "fid": 2,
            "nid": 1614,
            "magpsf": 20.010099411010742,
            "sigmapsf": 0.18068000674247742,
            "magnr": 18.836999893188477,
            "sigmagnr": 0.03099999949336052,
            "magzpsci": 26.168100357055664,
            "isdiffpos": "f",
            "ssdistnr": null,
            "ssnamenr": null,
            "drb": null
        },
        {
            "candid": 1622254600715010000,
            "jd": 2459376.7546065,
            "ra": 193.792319,
            "dec": -5.5688184,
            "fid": 2,
            "nid": 1622,
            "magpsf": 20.0,
            "sigmapsf": 0.24964100122451782,
            "magnr": 18.836999893188477,
            "sigmagnr": 0.03099999949336052,
            "magzpsci": 26.16900062561035,
            "isdiffpos": "f",
            "ssdistnr": null,
            "ssnamenr": null,
            "drb": null
        },
        {
            "candid": 1624249500715010000,
            "jd": 2459378.7495023,
            "ra": 193.7923212,
            "dec": -5.5687782,
            "fid": 2,
            "nid": 1624,
            "magpsf": 20.058000564575195,
            "sigmapsf": 0.19570399820804596,
            "magnr": 18.836999893188477,
            "sigmagnr": 0.03099999949336052,
            "magzpsci": 26.19300079345703,
            "isdiffpos": "f",
            "ssdistnr": null,
            "ssnamenr": null,
            "drb": null
        },
        {
            "candid": 1638194600715010000,
            "jd": 2459392.6946065,
            "ra": 193.7923639,
            "dec": -5.5687615,
            "fid": 2,
            "nid": 1638,
            "magpsf": 20.04640007019043,
            "sigmapsf": 0.19132700562477112,
            "magnr": 18.836999893188477,
            "sigmagnr": 0.03099999949336052,
            "magzpsci": 26.14240074157715,
            "isdiffpos": "f",
            "ssdistnr": null,
            "ssnamenr": null,
            "drb": null
        },
        {
            "candid": 1642191250715010000,
            "jd": 2459396.69125,
            "ra": 193.7923229,
            "dec": -5.5688326,
            "fid": 2,
            "nid": 1642,
            "magpsf": 20.10787010192871,
            "sigmapsf": 0.2048490047454834,
            "magnr": 18.836999893188477,
            "sigmagnr": 0.03099999949336052,
            "magzpsci": 26.097869873046875,
            "isdiffpos": "f",
            "ssdistnr": -999.0,
            "ssnamenr": "null",
            "drb": null
        },
        {
            "candid": 1924268560715010000,
            "jd": 2459678.7685648,
            "ra": 193.7924097,
            "dec": -5.5688025,
            "fid": 2,
            "nid": 1924,
            "magpsf": 20.048320770263672,
            "sigmapsf": 0.1997620016336441,
            "magnr": 18.836999893188477,
            "sigmagnr": 0.03099999949336052,
            "magzpsci": 26.150320053100586,
            "isdiffpos": "f",
            "ssdistnr": -999.0,
            "ssnamenr": "null",
            "drb": 0.8251850008964539
        },
        {
            "candid": 1953247680715010000,
            "jd": 2459707.7476852,
            "ra": 193.7924378,
            "dec": -5.5689238,
            "fid": 2,
            "nid": 1953,
            "magpsf": 20.109100341796875,
            "sigmapsf": 0.2363789975643158,
            "magnr": 18.836999893188477,
            "sigmagnr": 0.03099999949336052,
            "magzpsci": 26.22209930419922,
            "isdiffpos": "f",
            "ssdistnr": null,
            "ssnamenr": null,
            "drb": null
        },
        {
            "candid": 1953252090715010001,
            "jd": 2459707.7520949,
            "ra": 193.7922234,
            "dec": -5.5688187,
            "fid": 2,
            "nid": 1953,
            "magpsf": 19.869800567626953,
            "sigmapsf": 0.303600013256073,
            "magnr": 18.836999893188477,
            "sigmagnr": 0.03099999949336052,
            "magzpsci": 26.218799591064453,
            "isdiffpos": "f",
            "ssdistnr": null,
            "ssnamenr": null,
            "drb": null
        },
        {
            "candid": 1955221780715010001,
            "jd": 2459709.7217824,
            "ra": 193.7923715,
            "dec": -5.5688321,
            "fid": 2,
            "nid": 1955,
            "magpsf": 20.197799682617188,
            "sigmapsf": 0.40829700231552124,
            "magnr": 18.836999893188477,
            "sigmagnr": 0.03099999949336052,
            "magzpsci": 26.095800399780273,
            "isdiffpos": "f",
            "ssdistnr": null,
            "ssnamenr": null,
            "drb": null
        },
        {
            "candid": 1965210210715010000,
            "jd": 2459719.7102199,
            "ra": 193.7923122,
            "dec": -5.568747,
            "fid": 2,
            "nid": 1965,
            "magpsf": 20.032400131225586,
            "sigmapsf": 0.1682800054550171,
            "magnr": 18.836999893188477,
            "sigmagnr": 0.03099999949336052,
            "magzpsci": 26.245399475097656,
            "isdiffpos": "f",
            "ssdistnr": null,
            "ssnamenr": null,
            "drb": null
        },
        {
            "candid": 1970252690715010000,
            "jd": 2459724.7526968,
            "ra": 193.7922846,
            "dec": -5.5687659,
            "fid": 2,
            "nid": 1970,
            "magpsf": 20.066699981689453,
            "sigmapsf": 0.16140900552272797,
            "magnr": 18.836999893188477,
            "sigmagnr": 0.03099999949336052,
            "magzpsci": 26.181699752807617,
            "isdiffpos": "f",
            "ssdistnr": null,
            "ssnamenr": null,
            "drb": null
        },
        {
            "candid": 1972191880715010000,
            "jd": 2459726.6918866,
            "ra": 193.7923219,
            "dec": -5.5688022,
            "fid": 2,
            "nid": 1972,
            "magpsf": 20.08966064453125,
            "sigmapsf": 0.17503200471401215,
            "magnr": 18.836999893188477,
            "sigmagnr": 0.03099999949336052,
            "magzpsci": 26.23866081237793,
            "isdiffpos": "f",
            "ssdistnr": -999.0,
            "ssnamenr": "null",
            "drb": null
        },
        {
            "candid": 2262396150715010000,
            "jd": 2460016.8961574,
            "ra": 193.7922459,
            "dec": -5.5687225,
            "fid": 2,
            "nid": 2262,
            "magpsf": 19.95009994506836,
            "sigmapsf": 0.2325509935617447,
            "magnr": 18.836999893188477,
            "sigmagnr": 0.03099999949336052,
            "magzpsci": 26.204099655151367,
            "isdiffpos": "f",
            "ssdistnr": null,
            "ssnamenr": null,
            "drb": null
        },
        {
            "candid": 2266346850715010001,
            "jd": 2460020.8468519,
            "ra": 193.7923439,
            "dec": -5.5688006,
            "fid": 2,
            "nid": 2266,
            "magpsf": 20.14459991455078,
            "sigmapsf": 0.19012300670146942,
            "magnr": 18.836999893188477,
            "sigmagnr": 0.03099999949336052,
            "magzpsci": 26.254600524902344,
            "isdiffpos": "f",
            "ssdistnr": null,
            "ssnamenr": null,
            "drb": null
        },
        {
            "candid": 2276355310715010000,
            "jd": 2460030.8553125,
            "ra": 193.792366,
            "dec": -5.5688196,
            "fid": 2,
            "nid": 2276,
            "magpsf": 19.96780014038086,
            "sigmapsf": 0.19415000081062317,
            "magnr": 18.836999893188477,
            "sigmagnr": 0.03099999949336052,
            "magzpsci": 26.23979949951172,
            "isdiffpos": "f",
            "ssdistnr": null,
            "ssnamenr": null,
            "drb": null
        },
        {
            "candid": 2295326080715010001,
            "jd": 2460049.826088,
            "ra": 193.7923442,
            "dec": -5.5688526,
            "fid": 2,
            "nid": 2295,
            "magpsf": 20.03219985961914,
            "sigmapsf": 0.2007180005311966,
            "magnr": 18.836999893188477,
            "sigmagnr": 0.03099999949336052,
            "magzpsci": 26.15920066833496,
            "isdiffpos": "f",
            "ssdistnr": null,
            "ssnamenr": null,
            "drb": null
        },
        {
            "candid": 2297276430715010000,
            "jd": 2460051.7764352,
            "ra": 193.7923504,
            "dec": -5.568815,
            "fid": 2,
            "nid": 2297,
            "magpsf": 19.92639923095703,
            "sigmapsf": 0.1279900074005127,
            "magnr": 18.836999893188477,
            "sigmagnr": 0.03099999949336052,
            "magzpsci": 26.260400772094727,
            "isdiffpos": "f",
            "ssdistnr": null,
            "ssnamenr": null,
            "drb": null
        },
        {
            "candid": 2301253930715010000,
            "jd": 2460055.7539352,
            "ra": 193.7923263,
            "dec": -5.5687996,
            "fid": 2,
            "nid": 2301,
            "magpsf": 20.16819953918457,
            "sigmapsf": 0.2253209948539734,
            "magnr": 18.836999893188477,
            "sigmagnr": 0.03099999949336052,
            "magzpsci": 26.230199813842773,
            "isdiffpos": "f",
            "ssdistnr": null,
            "ssnamenr": null,
            "drb": null
        },
        {
            "candid": 2309254680715010000,
            "jd": 2460063.7546875,
            "ra": 193.7923364,
            "dec": -5.5688219,
            "fid": 2,
            "nid": 2309,
            "magpsf": 20.100400924682617,
            "sigmapsf": 0.22372600436210632,
            "magnr": 18.836999893188477,
            "sigmagnr": 0.03099999949336052,
            "magzpsci": 26.411399841308594,
            "isdiffpos": "f",
            "ssdistnr": null,
            "ssnamenr": null,
            "drb": null
        },
        {
            "candid": 2319330610715010000,
            "jd": 2460073.8306134,
            "ra": 193.7923045,
            "dec": -5.5687579,
            "fid": 2,
            "nid": 2319,
            "magpsf": 20.08300018310547,
            "sigmapsf": 0.29002898931503296,
            "magnr": 18.836999893188477,
            "sigmagnr": 0.03099999949336052,
            "magzpsci": 26.145999908447266,
            "isdiffpos": "f",
            "ssdistnr": null,
            "ssnamenr": null,
            "drb": null
        },
        {
            "candid": 2325297070715010000,
            "jd": 2460079.7970718,
            "ra": 193.7923809,
            "dec": -5.568807,
            "fid": 2,
            "nid": 2325,
            "magpsf": 20.055299758911133,
            "sigmapsf": 0.21471500396728516,
            "magnr": 18.836999893188477,
            "sigmagnr": 0.03099999949336052,
            "magzpsci": 26.141300201416016,
            "isdiffpos": "f",
            "ssdistnr": null,
            "ssnamenr": null,
            "drb": null
        },
        {
            "candid": 2329227190715010000,
            "jd": 2460083.7271991,
            "ra": 193.7922936,
            "dec": -5.5687646,
            "fid": 2,
            "nid": 2329,
            "magpsf": 20.03510093688965,
            "sigmapsf": 0.17006799578666687,
            "magnr": 18.836999893188477,
            "sigmagnr": 0.03099999949336052,
            "magzpsci": 26.191099166870117,
            "isdiffpos": "f",
            "ssdistnr": null,
            "ssnamenr": null,
            "drb": null
        },
        {
            "candid": 2331254250715010000,
            "jd": 2460085.7542593,
            "ra": 193.7923235,
            "dec": -5.5688055,
            "fid": 2,
            "nid": 2331,
            "magpsf": 20.065799713134766,
            "sigmapsf": 0.16192899644374847,
            "magnr": 18.836999893188477,
            "sigmagnr": 0.03099999949336052,
            "magzpsci": 26.137800216674805,
            "isdiffpos": "f",
            "ssdistnr": null,
            "ssnamenr": null,
            "drb": null
        },
        {
            "candid": 2348185160715010000,
            "jd": 2460102.685162,
            "ra": 193.7923386,
            "dec": -5.5687828,
            "fid": 2,
            "nid": 2348,
            "magpsf": 19.87529945373535,
            "sigmapsf": 0.20188899338245392,
            "magnr": 18.836999893188477,
            "sigmagnr": 0.03099999949336052,
            "magzpsci": 25.867300033569336,
            "isdiffpos": "f",
            "ssdistnr": null,
            "ssnamenr": null,
            "drb": null
        },
        {
            "candid": 2355190850715010000,
            "jd": 2460109.6908565,
            "ra": 193.7922974,
            "dec": -5.5688463,
            "fid": 2,
            "nid": 2355,
            "magpsf": 20.035200119018555,
            "sigmapsf": 0.18508200347423553,
            "magnr": 18.836999893188477,
            "sigmagnr": 0.03099999949336052,
            "magzpsci": 26.220199584960938,
            "isdiffpos": "f",
            "ssdistnr": null,
            "ssnamenr": null,
            "drb": null
        },
        {
            "candid": 2359211250715010000,
            "jd": 2460113.71125,
            "ra": 193.7923868,
            "dec": -5.5688135,
            "fid": 2,
            "nid": 2359,
            "magpsf": 20.043399810791016,
            "sigmapsf": 0.1846809983253479,
            "magnr": 18.836999893188477,
            "sigmagnr": 0.03099999949336052,
            "magzpsci": 26.20439910888672,
            "isdiffpos": "f",
            "ssdistnr": null,
            "ssnamenr": null,
            "drb": null
        },
        {
            "candid": 2366187810715010000,
            "jd": 2460120.6878125,
            "ra": 193.7922864,
            "dec": -5.5687762,
            "fid": 2,
            "nid": 2366,
            "magpsf": 20.051057815551758,
            "sigmapsf": 0.20100370049476624,
            "magnr": 18.836999893188477,
            "sigmagnr": 0.03099999949336052,
            "magzpsci": 26.272056579589844,
            "isdiffpos": "f",
            "ssdistnr": -999.0,
            "ssnamenr": "null",
            "drb": null
        },
        {
            "candid": 2536527330715010000,
            "jd": 2460291.027338,
            "ra": 193.7923206,
            "dec": -5.5688533,
            "fid": 2,
            "nid": 2536,
            "magpsf": 20.1225643157959,
            "sigmapsf": 0.18659843504428864,
            "magnr": 18.836999893188477,
            "sigmagnr": 0.03099999949336052,
            "magzpsci": 26.214563369750977,
            "isdiffpos": "f",
            "ssdistnr": -999.0,
            "ssnamenr": "null",
            "drb": 0.9998182058334351
        },
        {
            "candid": 2561568350715010000,
            "jd": 2460316.0683565,
            "ra": 193.7923212,
            "dec": -5.5687415,
            "fid": 2,
            "nid": 2561,
            "magpsf": 20.18090057373047,
            "sigmapsf": 0.2797200083732605,
            "magnr": 18.836999893188477,
            "sigmagnr": 0.03099999949336052,
            "magzpsci": 26.249900817871094,
            "isdiffpos": "f",
            "ssdistnr": null,
            "ssnamenr": null,
            "drb": null
        },
        {
            "candid": 2569503260715010000,
            "jd": 2460324.0032639,
            "ra": 193.7923049,
            "dec": -5.5687951,
            "fid": 2,
            "nid": 2569,
            "magpsf": 19.853700637817383,
            "sigmapsf": 0.20614199340343475,
            "magnr": 18.836999893188477,
            "sigmagnr": 0.03099999949336052,
            "magzpsci": 26.24570083618164,
            "isdiffpos": "f",
            "ssdistnr": null,
            "ssnamenr": null,
            "drb": null
        },
        {
            "candid": 2571487080715010000,
            "jd": 2460325.9870833,
            "ra": 193.7922638,
            "dec": -5.5687826,
            "fid": 2,
            "nid": 2571,
            "magpsf": 20.107099533081055,
            "sigmapsf": 0.25231799483299255,
            "magnr": 18.836999893188477,
            "sigmagnr": 0.03099999949336052,
            "magzpsci": 26.228099822998047,
            "isdiffpos": "f",
            "ssdistnr": null,
            "ssnamenr": null,
            "drb": null
        },
        {
            "candid": 2573400960715010000,
            "jd": 2460327.9009606,
            "ra": 193.7922223,
            "dec": -5.5688006,
            "fid": 2,
            "nid": 2573,
            "magpsf": 20.001144409179688,
            "sigmapsf": 0.1890275925397873,
            "magnr": 18.836999893188477,
            "sigmagnr": 0.03099999949336052,
            "magzpsci": 26.18114471435547,
            "isdiffpos": "f",
            "ssdistnr": -999.0,
            "ssnamenr": "null",
            "drb": null
        },
        {
            "candid": 2634395010715010000,
            "jd": 2460388.8950116,
            "ra": 193.7922254,
            "dec": -5.5688494,
            "fid": 2,
            "nid": 2634,
            "magpsf": 20.25909996032715,
            "sigmapsf": 0.2605839967727661,
            "magnr": 18.836999893188477,
            "sigmagnr": 0.03099999949336052,
            "magzpsci": 26.22610092163086,
            "isdiffpos": "f",
            "ssdistnr": null,
            "ssnamenr": null,
            "drb": null
        },
        {
            "candid": 2643402190715010000,
            "jd": 2460397.9021991,
            "ra": 193.7922774,
            "dec": -5.5689478,
            "fid": 2,
            "nid": 2643,
            "magpsf": 19.867599487304688,
            "sigmapsf": 0.2702459990978241,
            "magnr": 18.836999893188477,
            "sigmagnr": 0.03099999949336052,
            "magzpsci": 26.23259925842285,
            "isdiffpos": "f",
            "ssdistnr": null,
            "ssnamenr": null,
            "drb": null
        },
        {
            "candid": 2649357490715010000,
            "jd": 2460403.8575,
            "ra": 193.7922945,
            "dec": -5.5687978,
            "fid": 2,
            "nid": 2649,
            "magpsf": 20.117900848388672,
            "sigmapsf": 0.2077849954366684,
            "magnr": 18.836999893188477,
            "sigmagnr": 0.03099999949336052,
            "magzpsci": 26.258899688720703,
            "isdiffpos": "f",
            "ssdistnr": null,
            "ssnamenr": null,
            "drb": null
        },
        {
            "candid": 2653358250715010000,
            "jd": 2460407.8582523,
            "ra": 193.7923855,
            "dec": -5.5688508,
            "fid": 2,
            "nid": 2653,
            "magpsf": 20.08769989013672,
            "sigmapsf": 0.18930600583553314,
            "magnr": 18.836999893188477,
            "sigmagnr": 0.03099999949336052,
            "magzpsci": 26.222700119018555,
            "isdiffpos": "f",
            "ssdistnr": null,
            "ssnamenr": null,
            "drb": null
        },
        {
            "candid": 2659361780715010001,
            "jd": 2460413.8617824,
            "ra": 193.7922865,
            "dec": -5.5687627,
            "fid": 2,
            "nid": 2659,
            "magpsf": 19.975000381469727,
            "sigmapsf": 0.14851699769496918,
            "magnr": 18.836999893188477,
            "sigmagnr": 0.03099999949336052,
            "magzpsci": 26.197999954223633,
            "isdiffpos": "f",
            "ssdistnr": null,
            "ssnamenr": null,
            "drb": null
        },
        {
            "candid": 2663299000715010000,
            "jd": 2460417.7990046,
            "ra": 193.7922551,
            "dec": -5.568773,
            "fid": 2,
            "nid": 2663,
            "magpsf": 19.9950008392334,
            "sigmapsf": 0.1947699934244156,
            "magnr": 18.836999893188477,
            "sigmagnr": 0.03099999949336052,
            "magzpsci": 26.26099967956543,
            "isdiffpos": "f",
            "ssdistnr": null,
            "ssnamenr": null,
            "drb": null
        },
        {
            "candid": 2678317450715010000,
            "jd": 2460432.8174537,
            "ra": 193.7923787,
            "dec": -5.5688616,
            "fid": 2,
            "nid": 2678,
            "magpsf": 20.32670021057129,
            "sigmapsf": 0.2555359899997711,
            "magnr": 18.836999893188477,
            "sigmagnr": 0.03099999949336052,
            "magzpsci": 26.132699966430664,
            "isdiffpos": "f",
            "ssdistnr": null,
            "ssnamenr": null,
            "drb": null
        },
        {
            "candid": 2680254910715010001,
            "jd": 2460434.754919,
            "ra": 193.7923361,
            "dec": -5.5687873,
            "fid": 2,
            "nid": 2680,
            "magpsf": 20.132200241088867,
            "sigmapsf": 0.15479999780654907,
            "magnr": 18.836999893188477,
            "sigmagnr": 0.03099999949336052,
            "magzpsci": 26.19420051574707,
            "isdiffpos": "f",
            "ssdistnr": null,
            "ssnamenr": null,
            "drb": null
        },
        {
            "candid": 2683248400715010001,
            "jd": 2460437.7484028,
            "ra": 193.7923168,
            "dec": -5.5688143,
            "fid": 2,
            "nid": 2683,
            "magpsf": 20.138599395751953,
            "sigmapsf": 0.19525599479675293,
            "magnr": 18.836999893188477,
            "sigmagnr": 0.03099999949336052,
            "magzpsci": 26.22760009765625,
            "isdiffpos": "f",
            "ssdistnr": null,
            "ssnamenr": null,
            "drb": null
        },
        {
            "candid": 2684269860715010000,
            "jd": 2460438.7698611,
            "ra": 193.7922663,
            "dec": -5.5688543,
            "fid": 2,
            "nid": 2684,
            "magpsf": 20.000600814819336,
            "sigmapsf": 0.2026430070400238,
            "magnr": 18.836999893188477,
            "sigmagnr": 0.03099999949336052,
            "magzpsci": 26.19860076904297,
            "isdiffpos": "f",
            "ssdistnr": null,
            "ssnamenr": null,
            "drb": null
        },
        {
            "candid": 2687245020715010000,
            "jd": 2460441.7450231,
            "ra": 193.7923494,
            "dec": -5.568813,
            "fid": 2,
            "nid": 2687,
            "magpsf": 19.85650062561035,
            "sigmapsf": 0.17864899337291718,
            "magnr": 18.836999893188477,
            "sigmagnr": 0.03099999949336052,
            "magzpsci": 26.175500869750977,
            "isdiffpos": "f",
            "ssdistnr": null,
            "ssnamenr": null,
            "drb": null
        },
        {
            "candid": 2689246620715010000,
            "jd": 2460443.7466204,
            "ra": 193.7923786,
            "dec": -5.5688254,
            "fid": 2,
            "nid": 2689,
            "magpsf": 20.136621475219727,
            "sigmapsf": 0.2166798859834671,
            "magnr": 18.836999893188477,
            "sigmagnr": 0.03099999949336052,
            "magzpsci": 26.188621520996094,
            "isdiffpos": "f",
            "ssdistnr": -999.0,
            "ssnamenr": "null",
            "drb": null
        },
        {
            "jd": 2458872.93848,
            "fid": 1,
            "diffmaglim": 20.18199920654297
        },
        {
            "jd": 2458873.04457,
            "fid": 2,
            "diffmaglim": 20.2549991607666
        },
        {
            "jd": 2458881.97992,
            "fid": 1,
            "diffmaglim": 20.490999221801758
        },
        {
            "jd": 2458884.95947,
            "fid": 1,
            "diffmaglim": 19.784000396728516
        },
        {
            "jd": 2458885.01898,
            "fid": 2,
            "diffmaglim": 19.826000213623047
        },
        {
            "jd": 2458887.93921,
            "fid": 1,
            "diffmaglim": 19.42099952697754
        },
        {
            "jd": 2458894.83426,
            "fid": 1,
            "diffmaglim": 20.038999557495117
        },
        {
            "jd": 2458898.91766,
            "fid": 1,
            "diffmaglim": 20.658000946044922
        },
        {
            "jd": 2458966.70832,
            "fid": 2,
            "diffmaglim": 17.4950008392334
        },
        {
            "jd": 2458966.75257,
            "fid": 1,
            "diffmaglim": 19.159000396728516
        },
        {
            "jd": 2458969.73218,
            "fid": 1,
            "diffmaglim": 19.177000045776367
        },
        {
            "jd": 2458969.7948,
            "fid": 2,
            "diffmaglim": 17.613000869750977
        },
        {
            "jd": 2458972.75196,
            "fid": 1,
            "diffmaglim": 19.658000946044922
        },
        {
            "jd": 2458976.75339,
            "fid": 2,
            "diffmaglim": 19.16699981689453
        },
        {
            "jd": 2458980.68907,
            "fid": 1,
            "diffmaglim": 20.663999557495117
        },
        {
            "jd": 2458986.68916,
            "fid": 1,
            "diffmaglim": 20.542999267578125
        },
        {
            "jd": 2458992.69087,
            "fid": 1,
            "diffmaglim": 20.56999969482422
        },
        {
            "jd": 2458992.7324,
            "fid": 2,
            "diffmaglim": 20.454999923706055
        },
        {
            "jd": 2458995.69961,
            "fid": 1,
            "diffmaglim": 20.42799949645996
        },
        {
            "jd": 2459181.06088,
            "fid": 2,
            "diffmaglim": 18.924999237060547
        },
        {
            "jd": 2459185.00529,
            "fid": 2,
            "diffmaglim": 19.05299949645996
        },
        {
            "jd": 2459185.02671,
            "fid": 1,
            "diffmaglim": 19.000999450683594
        },
        {
            "jd": 2459186.01146,
            "fid": 1,
            "diffmaglim": 19.010000228881836
        },
        {
            "jd": 2459188.02882,
            "fid": 1,
            "diffmaglim": 19.011999130249023
        },
        {
            "jd": 2459190.00933,
            "fid": 1,
            "diffmaglim": 18.920000076293945
        },
        {
            "jd": 2459195.0147,
            "fid": 2,
            "diffmaglim": 20.069000244140625
        },
        {
            "jd": 2459197.01126,
            "fid": 2,
            "diffmaglim": 19.60300064086914
        },
        {
            "jd": 2459200.01938,
            "fid": 2,
            "diffmaglim": 19.77199935913086
        },
        {
            "jd": 2459200.04294,
            "fid": 1,
            "diffmaglim": 20.097000122070312
        },
        {
            "jd": 2459222.00113,
            "fid": 1,
            "diffmaglim": 19.965999603271484
        },
        {
            "jd": 2459222.02551,
            "fid": 2,
            "diffmaglim": 19.118999481201172
        },
        {
            "jd": 2459224.04177,
            "fid": 1,
            "diffmaglim": 20.082000732421875
        },
        {
            "jd": 2459225.98237,
            "fid": 1,
            "diffmaglim": 19.332000732421875
        },
        {
            "jd": 2459226.02168,
            "fid": 2,
            "diffmaglim": 18.183000564575195
        },
        {
            "jd": 2459228.00358,
            "fid": 2,
            "diffmaglim": 20.083999633789062
        },
        {
            "jd": 2459249.93591,
            "fid": 1,
            "diffmaglim": 19.201000213623047
        },
        {
            "jd": 2459264.9167361,
            "fid": 1,
            "diffmaglim": 20.577999114990234
        },
        {
            "jd": 2459265.0109259,
            "fid": 2,
            "diffmaglim": 20.396400451660156
        },
        {
            "jd": 2459266.8606481,
            "fid": 2,
            "diffmaglim": 19.353500366210938
        },
        {
            "jd": 2459268.9379167,
            "fid": 1,
            "diffmaglim": 19.996700286865234
        },
        {
            "jd": 2459270.8989815,
            "fid": 1,
            "diffmaglim": 19.32080078125
        },
        {
            "jd": 2459272.9062153,
            "fid": 1,
            "diffmaglim": 18.640399932861328
        },
        {
            "jd": 2459272.9409375,
            "fid": 2,
            "diffmaglim": 18.997499465942383
        },
        {
            "jd": 2459276.8780208,
            "fid": 2,
            "diffmaglim": 19.584699630737305
        },
        {
            "jd": 2459291.7954745,
            "fid": 1,
            "diffmaglim": 20.149099349975586
        },
        {
            "jd": 2459293.7953009,
            "fid": 1,
            "diffmaglim": 20.090599060058594
        },
        {
            "jd": 2459298.8323148,
            "fid": 1,
            "diffmaglim": 18.901599884033203
        },
        {
            "jd": 2459298.8775579,
            "fid": 2,
            "diffmaglim": 18.94770050048828
        },
        {
            "jd": 2459304.769919,
            "fid": 1,
            "diffmaglim": 19.035200119018555
        },
        {
            "jd": 2459304.8176736,
            "fid": 2,
            "diffmaglim": 19.029600143432617
        },
        {
            "jd": 2459307.8150231,
            "fid": 1,
            "diffmaglim": 20.532499313354492
        },
        {
            "jd": 2459309.7954861,
            "fid": 1,
            "diffmaglim": 20.351600646972656
        },
        {
            "jd": 2459311.7491088,
            "fid": 1,
            "diffmaglim": 20.302200317382812
        },
        {
            "jd": 2459311.7952083,
            "fid": 2,
            "diffmaglim": 19.307199478149414
        },
        {
            "jd": 2459313.773125,
            "fid": 1,
            "diffmaglim": 20.047399520874023
        },
        {
            "jd": 2459313.8003009,
            "fid": 2,
            "diffmaglim": 19.580400466918945
        },
        {
            "jd": 2459315.7710648,
            "fid": 2,
            "diffmaglim": 18.629100799560547
        },
        {
            "jd": 2459315.7918403,
            "fid": 1,
            "diffmaglim": 18.273300170898438
        },
        {
            "jd": 2459317.773287,
            "fid": 1,
            "diffmaglim": 20.73240089416504
        },
        {
            "jd": 2459323.7764931,
            "fid": 1,
            "diffmaglim": 19.981199264526367
        },
        {
            "jd": 2459325.7766898,
            "fid": 2,
            "diffmaglim": 20.239900588989258
        },
        {
            "jd": 2459325.8261343,
            "fid": 1,
            "diffmaglim": 19.936800003051758
        },
        {
            "jd": 2459334.7125463,
            "fid": 1,
            "diffmaglim": 20.353200912475586
        },
        {
            "jd": 2459334.773912,
            "fid": 2,
            "diffmaglim": 19.96269989013672
        },
        {
            "jd": 2459339.7109028,
            "fid": 1,
            "diffmaglim": 20.329099655151367
        },
        {
            "jd": 2459341.7958333,
            "fid": 1,
            "diffmaglim": 20.542400360107422
        },
        {
            "jd": 2459343.7350463,
            "fid": 1,
            "diffmaglim": 20.426000595092773
        },
        {
            "jd": 2459345.6736806,
            "fid": 1,
            "diffmaglim": 20.371999740600586
        },
        {
            "jd": 2459348.7312037,
            "fid": 1,
            "diffmaglim": 20.56170082092285
        },
        {
            "jd": 2459350.6911458,
            "fid": 1,
            "diffmaglim": 20.17289924621582
        },
        {
            "jd": 2459354.6780787,
            "fid": 1,
            "diffmaglim": 19.852500915527344
        },
        {
            "jd": 2459354.7108681,
            "fid": 2,
            "diffmaglim": 19.862300872802734
        },
        {
            "jd": 2459359.7100926,
            "fid": 2,
            "diffmaglim": 19.166000366210938
        },
        {
            "jd": 2459359.7742708,
            "fid": 1,
            "diffmaglim": 18.73150062561035
        },
        {
            "jd": 2459362.689375,
            "fid": 1,
            "diffmaglim": 20.439599990844727
        },
        {
            "jd": 2459366.733206,
            "fid": 1,
            "diffmaglim": 20.297500610351562
        },
        {
            "jd": 2459370.7176968,
            "fid": 1,
            "diffmaglim": 20.19849967956543
        },
        {
            "jd": 2459370.767581,
            "fid": 2,
            "diffmaglim": 20.21780014038086
        },
        {
            "jd": 2459372.6927083,
            "fid": 1,
            "diffmaglim": 19.40570068359375
        },
        {
            "jd": 2459374.7225579,
            "fid": 1,
            "diffmaglim": 20.288000106811523
        },
        {
            "jd": 2459376.7153472,
            "fid": 1,
            "diffmaglim": 20.313199996948242
        },
        {
            "jd": 2459380.7496759,
            "fid": 1,
            "diffmaglim": 17.787500381469727
        },
        {
            "jd": 2459382.689919,
            "fid": 2,
            "diffmaglim": 19.2908992767334
        },
        {
            "jd": 2459382.7163194,
            "fid": 1,
            "diffmaglim": 18.949899673461914
        },
        {
            "jd": 2459386.6939583,
            "fid": 2,
            "diffmaglim": 19.135400772094727
        },
        {
            "jd": 2459390.6913889,
            "fid": 1,
            "diffmaglim": 19.384300231933594
        },
        {
            "jd": 2459392.7384259,
            "fid": 1,
            "diffmaglim": 19.333499908447266
        },
        {
            "jd": 2459394.6952431,
            "fid": 1,
            "diffmaglim": 19.891599655151367
        },
        {
            "jd": 2459672.8148264,
            "fid": 1,
            "diffmaglim": 20.625
        },
        {
            "jd": 2459676.8144444,
            "fid": 1,
            "diffmaglim": 19.484800338745117
        },
        {
            "jd": 2459697.7537616,
            "fid": 1,
            "diffmaglim": 20.448400497436523
        },
        {
            "jd": 2459699.7498843,
            "fid": 1,
            "diffmaglim": 20.41080093383789
        },
        {
            "jd": 2459702.745463,
            "fid": 2,
            "diffmaglim": 20.387800216674805
        },
        {
            "jd": 2459702.774294,
            "fid": 1,
            "diffmaglim": 20.430099487304688
        },
        {
            "jd": 2459709.7523032,
            "fid": 2,
            "diffmaglim": 19.843399047851562
        },
        {
            "jd": 2459715.7310532,
            "fid": 1,
            "diffmaglim": 19.667499542236328
        },
        {
            "jd": 2459722.715706,
            "fid": 1,
            "diffmaglim": 20.29840087890625
        },
        {
            "jd": 2459722.7703125,
            "fid": 1,
            "diffmaglim": 20.281200408935547
        },
        {
            "jd": 2459724.7123264,
            "fid": 1,
            "diffmaglim": 20.265499114990234
        },
        {
            "jd": 2459994.9943634,
            "fid": 1,
            "diffmaglim": 19.97170066833496
        },
        {
            "jd": 2460016.8232986,
            "fid": 1,
            "diffmaglim": 18.499399185180664
        },
        {
            "jd": 2460036.9371644,
            "fid": 2,
            "diffmaglim": 19.599700927734375
        },
        {
            "jd": 2460043.8312963,
            "fid": 1,
            "diffmaglim": 19.277799606323242
        },
        {
            "jd": 2460043.8437963,
            "fid": 2,
            "diffmaglim": 19.595699310302734
        },
        {
            "jd": 2460045.7845255,
            "fid": 2,
            "diffmaglim": 20.529600143432617
        },
        {
            "jd": 2460051.8170023,
            "fid": 1,
            "diffmaglim": 20.610000610351562
        },
        {
            "jd": 2460053.7550926,
            "fid": 2,
            "diffmaglim": 19.84950065612793
        },
        {
            "jd": 2460053.8723727,
            "fid": 1,
            "diffmaglim": 19.903099060058594
        },
        {
            "jd": 2460055.7912731,
            "fid": 1,
            "diffmaglim": 20.04360008239746
        },
        {
            "jd": 2460057.7914005,
            "fid": 2,
            "diffmaglim": 20.419599533081055
        },
        {
            "jd": 2460057.7971181,
            "fid": 1,
            "diffmaglim": 20.37540054321289
        },
        {
            "jd": 2460059.8111921,
            "fid": 2,
            "diffmaglim": 20.170000076293945
        },
        {
            "jd": 2460059.8283796,
            "fid": 1,
            "diffmaglim": 20.264999389648438
        },
        {
            "jd": 2460061.77875,
            "fid": 2,
            "diffmaglim": 20.247499465942383
        },
        {
            "jd": 2460061.8429745,
            "fid": 1,
            "diffmaglim": 20.090299606323242
        },
        {
            "jd": 2460063.7121412,
            "fid": 1,
            "diffmaglim": 19.793899536132812
        },
        {
            "jd": 2460065.8285185,
            "fid": 1,
            "diffmaglim": 19.237899780273438
        },
        {
            "jd": 2460073.7531481,
            "fid": 1,
            "diffmaglim": 20.291500091552734
        },
        {
            "jd": 2460077.7491088,
            "fid": 2,
            "diffmaglim": 20.27750015258789
        },
        {
            "jd": 2460077.8732176,
            "fid": 1,
            "diffmaglim": 19.444299697875977
        },
        {
            "jd": 2460079.7658681,
            "fid": 1,
            "diffmaglim": 20.298999786376953
        },
        {
            "jd": 2460081.7517824,
            "fid": 2,
            "diffmaglim": 20.20840072631836
        },
        {
            "jd": 2460081.8270718,
            "fid": 1,
            "diffmaglim": 19.9335994720459
        },
        {
            "jd": 2460083.6953125,
            "fid": 1,
            "diffmaglim": 20.364299774169922
        },
        {
            "jd": 2460085.7140046,
            "fid": 1,
            "diffmaglim": 20.391599655151367
        },
        {
            "jd": 2460087.8126968,
            "fid": 1,
            "diffmaglim": 20.285600662231445
        },
        {
            "jd": 2460089.7655093,
            "fid": 1,
            "diffmaglim": 20.2278995513916
        },
        {
            "jd": 2460089.8123495,
            "fid": 2,
            "diffmaglim": 20.209199905395508
        },
        {
            "jd": 2460097.7309838,
            "fid": 2,
            "diffmaglim": 19.202999114990234
        },
        {
            "jd": 2460099.7284838,
            "fid": 1,
            "diffmaglim": 18.813600540161133
        },
        {
            "jd": 2460099.7329167,
            "fid": 2,
            "diffmaglim": 19.18269920349121
        },
        {
            "jd": 2460102.7898958,
            "fid": 1,
            "diffmaglim": 18.746200561523438
        },
        {
            "jd": 2460105.7265394,
            "fid": 1,
            "diffmaglim": 20.337799072265625
        },
        {
            "jd": 2460105.7497106,
            "fid": 2,
            "diffmaglim": 20.315799713134766
        },
        {
            "jd": 2460109.7155324,
            "fid": 1,
            "diffmaglim": 20.043899536132812
        },
        {
            "jd": 2460111.7646412,
            "fid": 1,
            "diffmaglim": 19.87649917602539
        },
        {
            "jd": 2460115.7493056,
            "fid": 1,
            "diffmaglim": 19.967199325561523
        },
        {
            "jd": 2460118.7082176,
            "fid": 2,
            "diffmaglim": 19.64550018310547
        },
        {
            "jd": 2460118.7357292,
            "fid": 1,
            "diffmaglim": 19.59149932861328
        },
        {
            "jd": 2460261.045463,
            "fid": 2,
            "diffmaglim": 18.84429931640625
        },
        {
            "jd": 2460261.0478472,
            "fid": 2,
            "diffmaglim": 18.514400482177734
        },
        {
            "jd": 2460261.0502315,
            "fid": 2,
            "diffmaglim": 18.506099700927734
        },
        {
            "jd": 2460261.0526273,
            "fid": 2,
            "diffmaglim": 18.29290008544922
        },
        {
            "jd": 2460261.0550116,
            "fid": 2,
            "diffmaglim": 18.04829978942871
        },
        {
            "jd": 2460262.045625,
            "fid": 2,
            "diffmaglim": 19.39929962158203
        },
        {
            "jd": 2460262.0480671,
            "fid": 2,
            "diffmaglim": 19.32699966430664
        },
        {
            "jd": 2460262.0505093,
            "fid": 2,
            "diffmaglim": 19.068300247192383
        },
        {
            "jd": 2460262.052963,
            "fid": 2,
            "diffmaglim": 18.766700744628906
        },
        {
            "jd": 2460262.0554051,
            "fid": 2,
            "diffmaglim": 18.453500747680664
        },
        {
            "jd": 2460288.0073495,
            "fid": 1,
            "diffmaglim": 19.347900390625
        },
        {
            "jd": 2460289.0233681,
            "fid": 2,
            "diffmaglim": 19.62220001220703
        },
        {
            "jd": 2460291.0037847,
            "fid": 1,
            "diffmaglim": 20.08769989013672
        },
        {
            "jd": 2460315.9575463,
            "fid": 1,
            "diffmaglim": 19.936500549316406
        },
        {
            "jd": 2460323.9700116,
            "fid": 1,
            "diffmaglim": 19.831499099731445
        },
        {
            "jd": 2460326.0251389,
            "fid": 1,
            "diffmaglim": 20.29439926147461
        },
        {
            "jd": 2460379.8566898,
            "fid": 1,
            "diffmaglim": 20.07270050048828
        },
        {
            "jd": 2460388.8997685,
            "fid": 1,
            "diffmaglim": 19.864999771118164
        },
        {
            "jd": 2460391.8066435,
            "fid": 1,
            "diffmaglim": 19.304500579833984
        },
        {
            "jd": 2460397.9614468,
            "fid": 1,
            "diffmaglim": 17.412799835205078
        },
        {
            "jd": 2460403.8361921,
            "fid": 1,
            "diffmaglim": 20.38640022277832
        },
        {
            "jd": 2460407.8154398,
            "fid": 1,
            "diffmaglim": 20.32710075378418
        },
        {
            "jd": 2460413.7979167,
            "fid": 1,
            "diffmaglim": 20.388200759887695
        },
        {
            "jd": 2460417.8278125,
            "fid": 1,
            "diffmaglim": 19.394100189208984
        },
        {
            "jd": 2460419.7518981,
            "fid": 2,
            "diffmaglim": 19.82349967956543
        },
        {
            "jd": 2460419.7777199,
            "fid": 1,
            "diffmaglim": 19.56529998779297
        },
        {
            "jd": 2460424.7622569,
            "fid": 2,
            "diffmaglim": 18.78730010986328
        },
        {
            "jd": 2460424.8361227,
            "fid": 1,
            "diffmaglim": 18.444900512695312
        },
        {
            "jd": 2460430.7214815,
            "fid": 1,
            "diffmaglim": 20.273500442504883
        },
        {
            "jd": 2460432.775625,
            "fid": 1,
            "diffmaglim": 20.110700607299805
        },
        {
            "jd": 2460434.7748727,
            "fid": 1,
            "diffmaglim": 20.486099243164062
        },
        {
            "jd": 2460437.6936921,
            "fid": 3,
            "diffmaglim": 19.628799438476562
        },
        {
            "jd": 2460437.7768981,
            "fid": 1,
            "diffmaglim": 19.988000869750977
        },
        {
            "jd": 2460438.774213,
            "fid": 3,
            "diffmaglim": 19.562700271606445
        },
        {
            "jd": 2460438.7971528,
            "fid": 1,
            "diffmaglim": 20.22480010986328
        },
        {
            "jd": 2460439.7981019,
            "fid": 1,
            "diffmaglim": 19.894800186157227
        },
        {
            "jd": 2460441.7122801,
            "fid": 1,
            "diffmaglim": 20.28179931640625
        }
    ],
    "forcedphot": [
        {
            "objectid": "ZTF20aapalyr",
            "jd": 2460261.0550116,
            "ranr": 193.7923395,
            "decnr": -5.5687613,
            "fid": 2,
            "forcediffimflux": -594.6130981445312,
            "forcediffimfluxunc": 204.25108337402344,
            "magzpsci": 26.155399322509766
        },
        {
            "objectid": "ZTF20aapalyr",
            "jd": 2460262.0554051,
            "ranr": 193.7923395,
            "decnr": -5.5687613,
            "fid": 2,
            "forcediffimflux": -346.8443908691406,
            "forcediffimfluxunc": 141.4185333251953,
            "magzpsci": 26.06369972229004
        },
        {
            "objectid": "ZTF20aapalyr",
            "jd": 2460288.0073495,
            "ranr": 193.7923414,
            "decnr": -5.5687413,
            "fid": 1,
            "forcediffimflux": -109.1072998046875,
            "forcediffimfluxunc": 63.47582244873047,
            "magzpsci": 26.195999145507812
        },
        {
            "objectid": "ZTF20aapalyr",
            "jd": 2460289.0233681,
            "ranr": 193.7923395,
            "decnr": -5.5687613,
            "fid": 2,
            "forcediffimflux": -158.77963256835938,
            "forcediffimfluxunc": 60.82320022583008,
            "magzpsci": 26.184999465942383
        },
        {
            "objectid": "ZTF20aapalyr",
            "jd": 2460291.0210301,
            "ranr": -99999.0,
            "decnr": -99999.0,
            "fid": 1,
            "forcediffimflux": -99999.0,
            "forcediffimfluxunc": -99999.0,
            "magzpsci": 26.114299774169922
        },
        {
            "objectid": "ZTF20aapalyr",
            "jd": 2460291.0268634,
            "ranr": -99999.0,
            "decnr": -99999.0,
            "fid": 2,
            "forcediffimflux": -99999.0,
            "forcediffimfluxunc": -99999.0,
            "magzpsci": 26.100099563598633
        },
        {
            "objectid": "ZTF20aapalyr",
            "jd": 2460311.9621065,
            "ranr": -99999.0,
            "decnr": -99999.0,
            "fid": 1,
            "forcediffimflux": -99999.0,
            "forcediffimfluxunc": -99999.0,
            "magzpsci": 26.111099243164062
        },
        {
            "objectid": "ZTF20aapalyr",
            "jd": 2460315.9580208,
            "ranr": -99999.0,
            "decnr": -99999.0,
            "fid": 1,
            "forcediffimflux": -99999.0,
            "forcediffimfluxunc": -99999.0,
            "magzpsci": 26.17919921875
        },
        {
            "objectid": "ZTF20aapalyr",
            "jd": 2460316.0708102,
            "ranr": -99999.0,
            "decnr": -99999.0,
            "fid": 2,
            "forcediffimflux": -99999.0,
            "forcediffimfluxunc": -99999.0,
            "magzpsci": 26.126100540161133
        },
        {
            "objectid": "ZTF20aapalyr",
            "jd": 2460323.9700116,
            "ranr": 193.7923414,
            "decnr": -5.5687413,
            "fid": 1,
            "forcediffimflux": -97.52562713623047,
            "forcediffimfluxunc": 43.47481918334961,
            "magzpsci": 26.308900833129883
        },
        {
            "objectid": "ZTF20aapalyr",
            "jd": 2460323.9836458,
            "ranr": -99999.0,
            "decnr": -99999.0,
            "fid": 2,
            "forcediffimflux": -99999.0,
            "forcediffimfluxunc": -99999.0,
            "magzpsci": 26.167699813842773
        },
        {
            "objectid": "ZTF20aapalyr",
            "jd": 2460324.0032639,
            "ranr": 193.7923395,
            "decnr": -5.5687613,
            "fid": 2,
            "forcediffimflux": -349.1546936035156,
            "forcediffimfluxunc": 42.386295318603516,
            "magzpsci": 26.24570083618164
        },
        {
            "objectid": "ZTF20aapalyr",
            "jd": 2460325.9875463,
            "ranr": -99999.0,
            "decnr": -99999.0,
            "fid": 2,
            "forcediffimflux": -99999.0,
            "forcediffimfluxunc": -99999.0,
            "magzpsci": 26.11750030517578
        },
        {
            "objectid": "ZTF20aapalyr",
            "jd": 2460326.0251389,
            "ranr": 193.7923414,
            "decnr": -5.5687413,
            "fid": 1,
            "forcediffimflux": -62.05521774291992,
            "forcediffimfluxunc": 32.02621078491211,
            "magzpsci": 26.35580062866211
        },
        {
            "objectid": "ZTF20aapalyr",
            "jd": 2460327.9004861,
            "ranr": -99999.0,
            "decnr": -99999.0,
            "fid": 2,
            "forcediffimflux": -99999.0,
            "forcediffimfluxunc": -99999.0,
            "magzpsci": 26.11590003967285
        },
        {
            "objectid": "ZTF20aapalyr",
            "jd": 2460374.9194329,
            "ranr": -99999.0,
            "decnr": -99999.0,
            "fid": 1,
            "forcediffimflux": -99999.0,
            "forcediffimfluxunc": -99999.0,
            "magzpsci": 26.08449935913086
        },
        {
            "objectid": "ZTF20aapalyr",
            "jd": 2460374.9692593,
            "ranr": -99999.0,
            "decnr": -99999.0,
            "fid": 2,
            "forcediffimflux": -99999.0,
            "forcediffimfluxunc": -99999.0,
            "magzpsci": 26.08300018310547
        },
        {
            "objectid": "ZTF20aapalyr",
            "jd": 2460379.8566898,
            "ranr": 193.7923414,
            "decnr": -5.5687413,
            "fid": 1,
            "forcediffimflux": -49.05989456176758,
            "forcediffimfluxunc": 33.22652816772461,
            "magzpsci": 26.190399169921875
        },
        {
            "objectid": "ZTF20aapalyr",
            "jd": 2460388.8950116,
            "ranr": 193.7923395,
            "decnr": -5.5687613,
            "fid": 2,
            "forcediffimflux": -235.48948669433594,
            "forcediffimfluxunc": 39.39981460571289,
            "magzpsci": 26.22610092163086
        },
        {
            "objectid": "ZTF20aapalyr",
            "jd": 2460388.8997685,
            "ranr": 193.7923414,
            "decnr": -5.5687413,
            "fid": 1,
            "forcediffimflux": -80.87022399902344,
            "forcediffimfluxunc": 42.87748718261719,
            "magzpsci": 26.311800003051758
        },
        {
            "objectid": "ZTF20aapalyr",
            "jd": 2460390.933588,
            "ranr": -99999.0,
            "decnr": -99999.0,
            "fid": 2,
            "forcediffimflux": -99999.0,
            "forcediffimfluxunc": -99999.0,
            "magzpsci": 26.146699905395508
        },
        {
            "objectid": "ZTF20aapalyr",
            "jd": 2460390.9622106,
            "ranr": -99999.0,
            "decnr": -99999.0,
            "fid": 1,
            "forcediffimflux": -99999.0,
            "forcediffimfluxunc": -99999.0,
            "magzpsci": 26.148300170898438
        },
        {
            "objectid": "ZTF20aapalyr",
            "jd": 2460391.8066435,
            "ranr": 193.7923414,
            "decnr": -5.5687413,
            "fid": 1,
            "forcediffimflux": -179.33688354492188,
            "forcediffimfluxunc": 72.66036224365234,
            "magzpsci": 26.325700759887695
        },
        {
            "objectid": "ZTF20aapalyr",
            "jd": 2460392.9202662,
            "ranr": -99999.0,
            "decnr": -99999.0,
            "fid": 1,
            "forcediffimflux": -99999.0,
            "forcediffimfluxunc": -99999.0,
            "magzpsci": 25.74209976196289
        },
        {
            "objectid": "ZTF20aapalyr",
            "jd": 2460397.9021991,
            "ranr": 193.7923395,
            "decnr": -5.5687613,
            "fid": 2,
            "forcediffimflux": -321.1156311035156,
            "forcediffimfluxunc": 72.78849029541016,
            "magzpsci": 26.23259925842285
        },
        {
            "objectid": "ZTF20aapalyr",
            "jd": 2460403.8361921,
            "ranr": 193.7923414,
            "decnr": -5.5687413,
            "fid": 1,
            "forcediffimflux": -63.20279312133789,
            "forcediffimfluxunc": 27.98360252380371,
            "magzpsci": 26.30820083618164
        },
        {
            "objectid": "ZTF20aapalyr",
            "jd": 2460403.8570255,
            "ranr": -99999.0,
            "decnr": -99999.0,
            "fid": 2,
            "forcediffimflux": -99999.0,
            "forcediffimfluxunc": -99999.0,
            "magzpsci": 26.177499771118164
        },
        {
            "objectid": "ZTF20aapalyr",
            "jd": 2460403.8575,
            "ranr": 193.7923395,
            "decnr": -5.5687613,
            "fid": 2,
            "forcediffimflux": -295.255859375,
            "forcediffimfluxunc": 32.8365478515625,
            "magzpsci": 26.258899688720703
        },
        {
            "objectid": "ZTF20aapalyr",
            "jd": 2460407.8159028,
            "ranr": -99999.0,
            "decnr": -99999.0,
            "fid": 1,
            "forcediffimflux": -99999.0,
            "forcediffimfluxunc": -99999.0,
            "magzpsci": 26.15679931640625
        },
        {
            "objectid": "ZTF20aapalyr",
            "jd": 2460407.8587269,
            "ranr": -99999.0,
            "decnr": -99999.0,
            "fid": 2,
            "forcediffimflux": -99999.0,
            "forcediffimfluxunc": -99999.0,
            "magzpsci": 26.080900192260742
        },
        {
            "objectid": "ZTF20aapalyr",
            "jd": 2460412.8355324,
            "ranr": -99999.0,
            "decnr": -99999.0,
            "fid": 1,
            "forcediffimflux": -99999.0,
            "forcediffimfluxunc": -99999.0,
            "magzpsci": 26.137800216674805
        },
        {
            "objectid": "ZTF20aapalyr",
            "jd": 2460413.7979167,
            "ranr": 193.7923414,
            "decnr": -5.5687413,
            "fid": 1,
            "forcediffimflux": -64.26546478271484,
            "forcediffimfluxunc": 29.169736862182617,
            "magzpsci": 26.303499221801758
        },
        {
            "objectid": "ZTF20aapalyr",
            "jd": 2460413.8617824,
            "ranr": 193.7923395,
            "decnr": -5.5687613,
            "fid": 2,
            "forcediffimflux": -303.3766784667969,
            "forcediffimfluxunc": 24.074859619140625,
            "magzpsci": 26.197999954223633
        },
        {
            "objectid": "ZTF20aapalyr",
            "jd": 2460416.7459259,
            "ranr": -99999.0,
            "decnr": -99999.0,
            "fid": 2,
            "forcediffimflux": -99999.0,
            "forcediffimfluxunc": -99999.0,
            "magzpsci": 26.100299835205078
        },
        {
            "objectid": "ZTF20aapalyr",
            "jd": 2460416.8126736,
            "ranr": -99999.0,
            "decnr": -99999.0,
            "fid": 1,
            "forcediffimflux": -99999.0,
            "forcediffimfluxunc": -99999.0,
            "magzpsci": 26.138700485229492
        },
        {
            "objectid": "ZTF20aapalyr",
            "jd": 2460417.7990046,
            "ranr": 193.7923395,
            "decnr": -5.5687613,
            "fid": 2,
            "forcediffimflux": -313.7314453125,
            "forcediffimfluxunc": 36.19590759277344,
            "magzpsci": 26.26099967956543
        },
        {
            "objectid": "ZTF20aapalyr",
            "jd": 2460417.8278125,
            "ranr": 193.7923414,
            "decnr": -5.5687413,
            "fid": 1,
            "forcediffimflux": -67.35575866699219,
            "forcediffimfluxunc": 59.23358154296875,
            "magzpsci": 26.314300537109375
        },
        {
            "objectid": "ZTF20aapalyr",
            "jd": 2460418.7503819,
            "ranr": -99999.0,
            "decnr": -99999.0,
            "fid": 1,
            "forcediffimflux": -99999.0,
            "forcediffimfluxunc": -99999.0,
            "magzpsci": 26.1112003326416
        },
        {
            "objectid": "ZTF20aapalyr",
            "jd": 2460418.820162,
            "ranr": -99999.0,
            "decnr": -99999.0,
            "fid": 2,
            "forcediffimflux": -99999.0,
            "forcediffimfluxunc": -99999.0,
            "magzpsci": 26.10460090637207
        },
        {
            "objectid": "ZTF20aapalyr",
            "jd": 2460419.7518981,
            "ranr": 193.7923395,
            "decnr": -5.5687613,
            "fid": 2,
            "forcediffimflux": -333.2283630371094,
            "forcediffimfluxunc": 44.821006774902344,
            "magzpsci": 26.22879981994629
        },
        {
            "objectid": "ZTF20aapalyr",
            "jd": 2460419.7777199,
            "ranr": 193.7923414,
            "decnr": -5.5687413,
            "fid": 1,
            "forcediffimflux": -13.09381103515625,
            "forcediffimfluxunc": 54.93855285644531,
            "magzpsci": 26.345699310302734
        },
        {
            "objectid": "ZTF20aapalyr",
            "jd": 2460420.8098148,
            "ranr": -99999.0,
            "decnr": -99999.0,
            "fid": 1,
            "forcediffimflux": -99999.0,
            "forcediffimfluxunc": -99999.0,
            "magzpsci": 26.12579917907715
        },
        {
            "objectid": "ZTF20aapalyr",
            "jd": 2460420.8735764,
            "ranr": -99999.0,
            "decnr": -99999.0,
            "fid": 2,
            "forcediffimflux": -99999.0,
            "forcediffimfluxunc": -99999.0,
            "magzpsci": 26.12529945373535
        },
        {
            "objectid": "ZTF20aapalyr",
            "jd": 2460424.7622569,
            "ranr": 193.7923395,
            "decnr": -5.5687613,
            "fid": 2,
            "forcediffimflux": -162.42550659179688,
            "forcediffimfluxunc": 116.42898559570312,
            "magzpsci": 26.229799270629883
        },
        {
            "objectid": "ZTF20aapalyr",
            "jd": 2460424.8416319,
            "ranr": -99999.0,
            "decnr": -99999.0,
            "fid": 1,
            "forcediffimflux": -99999.0,
            "forcediffimfluxunc": -99999.0,
            "magzpsci": 26.202199935913086
        },
        {
            "objectid": "ZTF20aapalyr",
            "jd": 2460430.7519792,
            "ranr": -99999.0,
            "decnr": -99999.0,
            "fid": 2,
            "forcediffimflux": -99999.0,
            "forcediffimfluxunc": -99999.0,
            "magzpsci": 26.160499572753906
        },
        {
            "objectid": "ZTF20aapalyr",
            "jd": 2460430.8183565,
            "ranr": -99999.0,
            "decnr": -99999.0,
            "fid": 1,
            "forcediffimflux": -99999.0,
            "forcediffimfluxunc": -99999.0,
            "magzpsci": 26.177000045776367
        },
        {
            "objectid": "ZTF20aapalyr",
            "jd": 2460432.775625,
            "ranr": 193.7923414,
            "decnr": -5.5687413,
            "fid": 1,
            "forcediffimflux": -51.06085205078125,
            "forcediffimfluxunc": 30.871923446655273,
            "magzpsci": 26.21660041809082
        },
        {
            "objectid": "ZTF20aapalyr",
            "jd": 2460432.8174537,
            "ranr": 193.7923395,
            "decnr": -5.5687613,
            "fid": 2,
            "forcediffimflux": -208.0621795654297,
            "forcediffimfluxunc": 30.348365783691406,
            "magzpsci": 26.132699966430664
        },
        {
            "objectid": "ZTF20aapalyr",
            "jd": 2460434.7553819,
            "ranr": -99999.0,
            "decnr": -99999.0,
            "fid": 2,
            "forcediffimflux": -99999.0,
            "forcediffimfluxunc": -99999.0,
            "magzpsci": 26.14349937438965
        },
        {
            "objectid": "ZTF20aapalyr",
            "jd": 2460434.7748727,
            "ranr": 193.7923414,
            "decnr": -5.5687413,
            "fid": 1,
            "forcediffimflux": -70.35469818115234,
            "forcediffimfluxunc": 22.842002868652344,
            "magzpsci": 26.298099517822266
        },
        {
            "objectid": "ZTF20aapalyr",
            "jd": 2460437.6941667,
            "ranr": -99999.0,
            "decnr": -99999.0,
            "fid": 3,
            "forcediffimflux": -99999.0,
            "forcediffimfluxunc": -99999.0,
            "magzpsci": 25.39620018005371
        },
        {
            "objectid": "ZTF20aapalyr",
            "jd": 2460437.7503009,
            "ranr": -99999.0,
            "decnr": -99999.0,
            "fid": 2,
            "forcediffimflux": -99999.0,
            "forcediffimfluxunc": -99999.0,
            "magzpsci": 26.105899810791016
        },
        {
            "objectid": "ZTF20aapalyr",
            "jd": 2460437.7768981,
            "ranr": 193.7923414,
            "decnr": -5.5687413,
            "fid": 1,
            "forcediffimflux": -64.7890396118164,
            "forcediffimfluxunc": 36.533973693847656,
            "magzpsci": 26.305999755859375
        },
        {
            "objectid": "ZTF20aapalyr",
            "jd": 2460438.7311806,
            "ranr": -99999.0,
            "decnr": -99999.0,
            "fid": 2,
            "forcediffimflux": -99999.0,
            "forcediffimfluxunc": -99999.0,
            "magzpsci": 26.136899948120117
        },
        {
            "objectid": "ZTF20aapalyr",
            "jd": 2460438.7698611,
            "ranr": 193.7923395,
            "decnr": -5.5687613,
            "fid": 2,
            "forcediffimflux": -291.3781433105469,
            "forcediffimfluxunc": 31.695764541625977,
            "magzpsci": 26.19860076904297
        },
        {
            "objectid": "ZTF20aapalyr",
            "jd": 2460438.774213,
            "ranr": 193.7923616,
            "decnr": -5.5687657,
            "fid": 3,
            "forcediffimflux": -0.9478937387466431,
            "forcediffimfluxunc": 32.000152587890625,
            "magzpsci": 25.54010009765625
        },
        {
            "objectid": "ZTF20aapalyr",
            "jd": 2460438.7971528,
            "ranr": 193.7923414,
            "decnr": -5.5687413,
            "fid": 1,
            "forcediffimflux": -33.22820281982422,
            "forcediffimfluxunc": 29.561525344848633,
            "magzpsci": 26.279600143432617
        },
        {
            "objectid": "ZTF20aapalyr",
            "jd": 2460439.7981019,
            "ranr": 193.7923414,
            "decnr": -5.5687413,
            "fid": 1,
            "forcediffimflux": -63.69326400756836,
            "forcediffimfluxunc": 38.508018493652344,
            "magzpsci": 26.16990089416504
        },
        {
            "objectid": "ZTF20aapalyr",
            "jd": 2460441.7127546,
            "ranr": -99999.0,
            "decnr": -99999.0,
            "fid": 1,
            "forcediffimflux": -99999.0,
            "forcediffimfluxunc": -99999.0,
            "magzpsci": 26.181800842285156
        },
        {
            "objectid": "ZTF20aapalyr",
            "jd": 2460441.7445486,
            "ranr": -99999.0,
            "decnr": -99999.0,
            "fid": 2,
            "forcediffimflux": -99999.0,
            "forcediffimfluxunc": -99999.0,
            "magzpsci": 26.057300567626953
        },
        {
            "objectid": "ZTF20aapalyr",
            "jd": 2460441.7450231,
            "ranr": 193.7923395,
            "decnr": -5.5687613,
            "fid": 2,
            "forcediffimflux": -329.8113708496094,
            "forcediffimfluxunc": 32.107627868652344,
            "magzpsci": 26.175500869750977
        }
    ]
}