{
    "objectId": "ZTF19acwbhih",
    "candidates": [
        {
            "candid": 1039520873715015012,
            "jd": 2458794.0208796,
            "ra": 143.8101849,
            "dec": 13.1347243,
            "fid": 2,
            "nid": 1039,
            "magpsf": 20.308000564575195,
            "sigmapsf": 0.25068700313568115,
            "magnr": 20.53499984741211,
            "sigmagnr": 0.08299999684095383,
            "magzpsci": 26.107999801635742,
            "isdiffpos": "t",
            "ssdistnr": -999.0,
            "ssnamenr": "-999.0",
            "drb": null
        },
        {
            "candid": 1060518473715015180,
            "jd": 2458815.0184722,
            "ra": 143.8101776,
            "dec": 13.1346542,
            "fid": 1,
            "nid": 1060,
            "magpsf": 17.960399627685547,
            "sigmapsf": 0.08210200071334839,
            "magnr": 19.854000091552734,
            "sigmagnr": 0.08699999749660492,
            "magzpsci": 26.05139923095703,
            "isdiffpos": "t",
            "ssdistnr": -999.0,
            "ssnamenr": "null",
            "drb": 0.999987006187439
        },
        {
            "candid": 1065501493715015006,
            "jd": 2458820.0014931,
            "ra": 143.8102359,
            "dec": 13.1346375,
            "fid": 2,
            "nid": 1065,
            "magpsf": 17.311100006103516,
            "sigmapsf": 0.19200800359249115,
            "magnr": 20.53499984741211,
            "sigmagnr": 0.08299999684095383,
            "magzpsci": 23.706100463867188,
            "isdiffpos": "t",
            "ssdistnr": -999.0,
            "ssnamenr": "-999.0",
            "drb": null
        },
        {
            "candid": 1073451383715015012,
            "jd": 2458827.9513889,
            "ra": 143.8101319,
            "dec": 13.1346895,
            "fid": 2,
            "nid": 1073,
            "magpsf": 17.182199478149414,
            "sigmapsf": 0.04252900183200836,
            "magnr": 20.53499984741211,
            "sigmagnr": 0.08299999684095383,
            "magzpsci": 26.127199172973633,
            "isdiffpos": "t",
            "ssdistnr": -999.0,
            "ssnamenr": "null",
            "drb": 1.0
        },
        {
            "candid": 1073546883715015013,
            "jd": 2458828.0468866,
            "ra": 143.8101469,
            "dec": 13.1346925,
            "fid": 1,
            "nid": 1073,
            "magpsf": 17.10930061340332,
            "sigmapsf": 0.04208799824118614,
            "magnr": 19.854000091552734,
            "sigmagnr": 0.08699999749660492,
            "magzpsci": 26.111299514770508,
            "isdiffpos": "t",
            "ssdistnr": -999.0,
            "ssnamenr": "null",
            "drb": 1.0
        },
        {
            "candid": 1076428933715015009,
            "jd": 2458830.9289352,
            "ra": 143.8101253,
            "dec": 13.1346977,
            "fid": 2,
            "nid": 1076,
            "magpsf": 17.347900390625,
            "sigmapsf": 0.047929998487234116,
            "magnr": 20.53499984741211,
            "sigmagnr": 0.08299999684095383,
            "magzpsci": 26.258899688720703,
            "isdiffpos": "t",
            "ssdistnr": -999.0,
            "ssnamenr": "null",
            "drb": 0.999987006187439
        },
        {
            "candid": 1076444243715015005,
            "jd": 2458830.9442477,
            "ra": 143.8101082,
            "dec": 13.1346872,
            "fid": 2,
            "nid": 1076,
            "magpsf": 17.33169937133789,
            "sigmapsf": 0.05365400016307831,
            "magnr": 20.53499984741211,
            "sigmagnr": 0.08299999684095383,
            "magzpsci": 26.255699157714844,
            "isdiffpos": "t",
            "ssdistnr": -999.0,
            "ssnamenr": "null",
            "drb": 0.9994180202484131
        },
        {
            "candid": 1084473763715015026,
            "jd": 2458838.9737616,
            "ra": 143.8101565,
            "dec": 13.1346771,
            "fid": 1,
            "nid": 1084,
            "magpsf": 17.94409942626953,
            "sigmapsf": 0.10565900057554245,
            "magnr": 19.854000091552734,
            "sigmagnr": 0.08699999749660492,
            "magzpsci": 24.717100143432617,
            "isdiffpos": "t",
            "ssdistnr": -999.0,
            "ssnamenr": "null",
            "drb": 0.9999819993972778
        },
        {
            "candid": 1095427043715015036,
            "jd": 2458849.9270486,
            "ra": 143.8101343,
            "dec": 13.1346743,
            "fid": 2,
            "nid": 1095,
            "magpsf": 18.549699783325195,
            "sigmapsf": 0.05744300037622452,
            "magnr": 20.53499984741211,
            "sigmagnr": 0.08299999684095383,
            "magzpsci": 26.25670051574707,
            "isdiffpos": "t",
            "ssdistnr": -999.0,
            "ssnamenr": "null",
            "drb": 0.9999989867210388
        },
        {
            "candid": 1095463443715015033,
            "jd": 2458849.9634491,
            "ra": 143.8101744,
            "dec": 13.1346684,
            "fid": 1,
            "nid": 1095,
            "magpsf": 18.941699981689453,
            "sigmapsf": 0.06150199845433235,
            "magnr": 19.854000091552734,
            "sigmagnr": 0.08699999749660492,
            "magzpsci": 26.270700454711914,
            "isdiffpos": "t",
            "ssdistnr": -999.0,
            "ssnamenr": "null",
            "drb": 0.9999979734420776
        },
        {
            "candid": 1098437363715015023,
            "jd": 2458852.9373611,
            "ra": 143.8101344,
            "dec": 13.1346835,
            "fid": 2,
            "nid": 1098,
            "magpsf": 18.72909927368164,
            "sigmapsf": 0.039149001240730286,
            "magnr": 20.53499984741211,
            "sigmagnr": 0.08299999684095383,
            "magzpsci": 26.270099639892578,
            "isdiffpos": "t",
            "ssdistnr": -999.0,
            "ssnamenr": "null",
            "drb": 1.0
        },
        {
            "candid": 1098479143715015031,
            "jd": 2458852.9791435,
            "ra": 143.8101447,
            "dec": 13.1347018,
            "fid": 1,
            "nid": 1098,
            "magpsf": 19.050899505615234,
            "sigmapsf": 0.06147700175642967,
            "magnr": 19.854000091552734,
            "sigmagnr": 0.08699999749660492,
            "magzpsci": 26.27790069580078,
            "isdiffpos": "t",
            "ssdistnr": -999.0,
            "ssnamenr": "null",
            "drb": 1.0
        },
        {
            "candid": 1100433123715015037,
            "jd": 2458854.933125,
            "ra": 143.8101387,
            "dec": 13.1346824,
            "fid": 2,
            "nid": 1100,
            "magpsf": 18.932199478149414,
            "sigmapsf": 0.07373800128698349,
            "magnr": 20.53499984741211,
            "sigmagnr": 0.08299999684095383,
            "magzpsci": 26.261199951171875,
            "isdiffpos": "t",
            "ssdistnr": -999.0,
            "ssnamenr": "null",
            "drb": 0.9999970197677612
        },
        {
            "candid": 1101461273715015035,
            "jd": 2458855.9612731,
            "ra": 143.810118,
            "dec": 13.134689,
            "fid": 1,
            "nid": 1101,
            "magpsf": 19.20549964904785,
            "sigmapsf": 0.08806700259447098,
            "magnr": 19.854000091552734,
            "sigmagnr": 0.08699999749660492,
            "magzpsci": 26.2814998626709,
            "isdiffpos": "t",
            "ssdistnr": -999.0,
            "ssnamenr": "null",
            "drb": 0.9999939799308777
        },
        {
            "candid": 1108355243715015013,
            "jd": 2458862.8552431,
            "ra": 143.8101359,
            "dec": 13.134681,
            "fid": 2,
            "nid": 1108,
            "magpsf": 19.109399795532227,
            "sigmapsf": 0.18079499900341034,
            "magnr": 20.53499984741211,
            "sigmagnr": 0.08299999684095383,
            "magzpsci": 26.2593994140625,
            "isdiffpos": "t",
            "ssdistnr": -999.0,
            "ssnamenr": "null",
            "drb": 0.9991970062255859
        },
        {
            "candid": 1108458283715015011,
            "jd": 2458862.958287,
            "ra": 143.8099102,
            "dec": 13.1345602,
            "fid": 1,
            "nid": 1108,
            "magpsf": 19.649599075317383,
            "sigmapsf": 0.31932100653648376,
            "magnr": 19.854000091552734,
            "sigmagnr": 0.08699999749660492,
            "magzpsci": 26.261600494384766,
            "isdiffpos": "t",
            "ssdistnr": -999.0,
            "ssnamenr": "-999.0",
            "drb": null
        },
        {
            "candid": 1112373093715015032,
            "jd": 2458866.8730903,
            "ra": 143.8101439,
            "dec": 13.13469,
            "fid": 2,
            "nid": 1112,
            "magpsf": 19.232500076293945,
            "sigmapsf": 0.11065399646759033,
            "magnr": 20.53499984741211,
            "sigmagnr": 0.08299999684095383,
            "magzpsci": 26.26449966430664,
            "isdiffpos": "t",
            "ssdistnr": -999.0,
            "ssnamenr": "null",
            "drb": 0.9999930262565613
        },
        {
            "candid": 1117311093715015026,
            "jd": 2458871.8110995,
            "ra": 143.810144,
            "dec": 13.1346407,
            "fid": 2,
            "nid": 1117,
            "magpsf": 19.39229965209961,
            "sigmapsf": 0.1646679937839508,
            "magnr": 20.53499984741211,
            "sigmagnr": 0.08299999684095383,
            "magzpsci": 26.249300003051758,
            "isdiffpos": "t",
            "ssdistnr": -999.0,
            "ssnamenr": "null",
            "drb": 0.9999750256538391
        },
        {
            "candid": 1117400723715015033,
            "jd": 2458871.9007292,
            "ra": 143.8101415,
            "dec": 13.1347508,
            "fid": 1,
            "nid": 1117,
            "magpsf": 20.19529914855957,
            "sigmapsf": 0.21360500156879425,
            "magnr": 19.854000091552734,
            "sigmagnr": 0.08699999749660492,
            "magzpsci": 26.264299392700195,
            "isdiffpos": "t",
            "ssdistnr": -999.0,
            "ssnamenr": "null",
            "drb": 0.999422013759613
        },
        {
            "candid": 1120271583715015036,
            "jd": 2458874.7715856,
            "ra": 143.8101251,
            "dec": 13.1346631,
            "fid": 2,
            "nid": 1120,
            "magpsf": 19.5841007232666,
            "sigmapsf": 0.12447299808263779,
            "magnr": 20.53499984741211,
            "sigmagnr": 0.08299999684095383,
            "magzpsci": 26.239099502563477,
            "isdiffpos": "t",
            "ssdistnr": -999.0,
            "ssnamenr": "null",
            "drb": 0.9999930262565613
        },
        {
            "candid": 1120355723715015040,
            "jd": 2458874.8557292,
            "ra": 143.8101654,
            "dec": 13.1346808,
            "fid": 1,
            "nid": 1120,
            "magpsf": 20.37299919128418,
            "sigmapsf": 0.22629399597644806,
            "magnr": 19.854000091552734,
            "sigmagnr": 0.08699999749660492,
            "magzpsci": 26.266000747680664,
            "isdiffpos": "t",
            "ssdistnr": -999.0,
            "ssnamenr": "-999.0",
            "drb": null
        },
        {
            "candid": 1123328123715015030,
            "jd": 2458877.828125,
            "ra": 143.8101308,
            "dec": 13.1346624,
            "fid": 2,
            "nid": 1123,
            "magpsf": 19.606300354003906,
            "sigmapsf": 0.13995300233364105,
            "magnr": 20.53499984741211,
            "sigmagnr": 0.08299999684095383,
            "magzpsci": 26.235300064086914,
            "isdiffpos": "t",
            "ssdistnr": -999.0,
            "ssnamenr": "-999.0",
            "drb": null
        },
        {
            "candid": 1126328863715015033,
            "jd": 2458880.8288657,
            "ra": 143.8101636,
            "dec": 13.1346464,
            "fid": 2,
            "nid": 1126,
            "magpsf": 19.603900909423828,
            "sigmapsf": 0.15748199820518494,
            "magnr": 20.53499984741211,
            "sigmagnr": 0.08299999684095383,
            "magzpsci": 26.245899200439453,
            "isdiffpos": "t",
            "ssdistnr": -999.0,
            "ssnamenr": "null",
            "drb": 0.9991899728775024
        },
        {
            "jd": 2458785.02735,
            "fid": 2,
            "diffmaglim": 19.211000442504883
        },
        {
            "jd": 2458788.02859,
            "fid": 2,
            "diffmaglim": 19.729000091552734
        },
        {
            "jd": 2458791.0115,
            "fid": 2,
            "diffmaglim": 19.985000610351562
        },
        {
            "jd": 2458799.0313,
            "fid": 2,
            "diffmaglim": 19.780000686645508
        },
        {
            "jd": 2458799.04412,
            "fid": 1,
            "diffmaglim": 19.922000885009766
        },
        {
            "jd": 2458802.02594,
            "fid": 2,
            "diffmaglim": 18.08300018310547
        },
        {
            "jd": 2458804.98062,
            "fid": 1,
            "diffmaglim": 19.069000244140625
        },
        {
            "jd": 2458805.04502,
            "fid": 2,
            "diffmaglim": 19.433000564575195
        },
        {
            "jd": 2458829.92735,
            "fid": 2,
            "diffmaglim": 15.765000343322754
        },
        {
            "jd": 2458835.97932,
            "fid": 2,
            "diffmaglim": 19.42099952697754
        },
        {
            "jd": 2458836.00831,
            "fid": 1,
            "diffmaglim": 19.445999145507812
        },
        {
            "jd": 2458838.93042,
            "fid": 2,
            "diffmaglim": 18.216999053955078
        }
    ],
    "forcedphot": []
}