{
    "objectId": "ZTF19aawfkeg",
    "candidates": [
        {
            "candid": 880336891615015006,
            "jd": 2458634.8368981,
            "ra": 304.9144897,
            "dec": -10.2107442,
            "fid": 2,
            "nid": 880,
            "magpsf": 19.30120086669922,
            "sigmapsf": 0.14038300514221191,
            "magnr": 18.6560001373291,
            "sigmagnr": 0.039000000804662704,
            "magzpsci": 25.912200927734375,
            "isdiffpos": "t",
            "ssdistnr": -999.0,
            "ssnamenr": "-999.0",
            "drb": null
        },
        {
            "candid": 880446931615015010,
            "jd": 2458634.9469329,
            "ra": 304.9144874,
            "dec": -10.2107196,
            "fid": 1,
            "nid": 880,
            "magpsf": 19.27199935913086,
            "sigmapsf": 0.10396300256252289,
            "magnr": 19.454999923706055,
            "sigmagnr": 0.05299999937415123,
            "magzpsci": 26.034000396728516,
            "isdiffpos": "t",
            "ssdistnr": -999.0,
            "ssnamenr": "null",
            "drb": null
        },
        {
            "candid": 884443021615015018,
            "jd": 2458638.9430208,
            "ra": 304.91448,
            "dec": -10.2107426,
            "fid": 1,
            "nid": 884,
            "magpsf": 19.181400299072266,
            "sigmapsf": 0.10436999797821045,
            "magnr": 19.454999923706055,
            "sigmagnr": 0.05299999937415123,
            "magzpsci": 26.069400787353516,
            "isdiffpos": "t",
            "ssdistnr": -999.0,
            "ssnamenr": "null",
            "drb": null
        },
        {
            "candid": 884460891615015014,
            "jd": 2458638.9608912,
            "ra": 304.9145052,
            "dec": -10.2107576,
            "fid": 2,
            "nid": 884,
            "magpsf": 19.191099166870117,
            "sigmapsf": 0.1279519945383072,
            "magnr": 18.6560001373291,
            "sigmagnr": 0.039000000804662704,
            "magzpsci": 26.091100692749023,
            "isdiffpos": "t",
            "ssdistnr": -999.0,
            "ssnamenr": "null",
            "drb": null
        },
        {
            "candid": 887419651615015021,
            "jd": 2458641.9196528,
            "ra": 304.9145038,
            "dec": -10.2107325,
            "fid": 1,
            "nid": 887,
            "magpsf": 19.171899795532227,
            "sigmapsf": 0.10696499794721603,
            "magnr": 19.454999923706055,
            "sigmagnr": 0.05299999937415123,
            "magzpsci": 26.103900909423828,
            "isdiffpos": "t",
            "ssdistnr": -999.0,
            "ssnamenr": "null",
            "drb": null
        },
        {
            "candid": 887460081615015013,
            "jd": 2458641.960081,
            "ra": 304.9145241,
            "dec": -10.2107393,
            "fid": 2,
            "nid": 887,
            "magpsf": 19.03809928894043,
            "sigmapsf": 0.10322099924087524,
            "magnr": 18.6560001373291,
            "sigmagnr": 0.039000000804662704,
            "magzpsci": 26.11709976196289,
            "isdiffpos": "t",
            "ssdistnr": -999.0,
            "ssnamenr": "null",
            "drb": null
        },
        {
            "candid": 890422951615015009,
            "jd": 2458644.9229514,
            "ra": 304.9145147,
            "dec": -10.210714,
            "fid": 1,
            "nid": 890,
            "magpsf": 18.876100540161133,
            "sigmapsf": 0.10345499962568283,
            "magnr": 19.454999923706055,
            "sigmagnr": 0.05299999937415123,
            "magzpsci": 26.11910057067871,
            "isdiffpos": "t",
            "ssdistnr": -999.0,
            "ssnamenr": "null",
            "drb": null
        },
        {
            "candid": 890460081615015018,
            "jd": 2458644.960081,
            "ra": 304.9145094,
            "dec": -10.2107232,
            "fid": 2,
            "nid": 890,
            "magpsf": 18.904499053955078,
            "sigmapsf": 0.09138999879360199,
            "magnr": 18.6560001373291,
            "sigmagnr": 0.039000000804662704,
            "magzpsci": 26.137500762939453,
            "isdiffpos": "t",
            "ssdistnr": -999.0,
            "ssnamenr": "null",
            "drb": null
        },
        {
            "candid": 893313761615015006,
            "jd": 2458647.8137616,
            "ra": 304.9145255,
            "dec": -10.2107016,
            "fid": 2,
            "nid": 893,
            "magpsf": 18.653200149536133,
            "sigmapsf": 0.11875300109386444,
            "magnr": 18.6560001373291,
            "sigmagnr": 0.039000000804662704,
            "magzpsci": 26.077199935913086,
            "isdiffpos": "t",
            "ssdistnr": -999.0,
            "ssnamenr": "null",
            "drb": null
        },
        {
            "candid": 896481201615015003,
            "jd": 2458650.9812037,
            "ra": 304.9145339,
            "dec": -10.2106891,
            "fid": 1,
            "nid": 896,
            "magpsf": 18.539199829101562,
            "sigmapsf": 0.13866400718688965,
            "magnr": 19.454999923706055,
            "sigmagnr": 0.05299999937415123,
            "magzpsci": 26.096200942993164,
            "isdiffpos": "t",
            "ssdistnr": -999.0,
            "ssnamenr": "null",
            "drb": null
        },
        {
            "candid": 912341191615015016,
            "jd": 2458666.8411921,
            "ra": 304.914497,
            "dec": -10.2107252,
            "fid": 2,
            "nid": 912,
            "magpsf": 19.688499450683594,
            "sigmapsf": 0.14481699466705322,
            "magnr": 18.6560001373291,
            "sigmagnr": 0.039000000804662704,
            "magzpsci": 26.135499954223633,
            "isdiffpos": "t",
            "ssdistnr": -999.0,
            "ssnamenr": "null",
            "drb": null
        },
        {
            "jd": 2458607.919,
            "fid": 1,
            "diffmaglim": 20.14900016784668
        },
        {
            "jd": 2458607.98354,
            "fid": 2,
            "diffmaglim": 20.42799949645996
        },
        {
            "jd": 2458647.85513,
            "fid": 1,
            "diffmaglim": 18.929000854492188
        }
    ],
    "forcedphot": []
}