{
    "objectId": "ZTF19acccyxx",
    "candidates": [
        {
            "candid": 1004500843315015004,
            "jd": 2458759.0008449,
            "ra": 92.5039087,
            "dec": -22.6681388,
            "fid": 1,
            "nid": 1004,
            "magpsf": 19.032499313354492,
            "sigmapsf": 0.13058799505233765,
            "magnr": 18.871999740600586,
            "sigmagnr": 0.0560000017285347,
            "magzpsci": 25.995500564575195,
            "isdiffpos": "t",
            "ssdistnr": -999.0,
            "ssnamenr": "null",
            "drb": 0.9999979734420776
        },
        {
            "candid": 1004522613315015005,
            "jd": 2458759.0226157,
            "ra": 92.5038749,
            "dec": -22.6681018,
            "fid": 2,
            "nid": 1004,
            "magpsf": 18.605600357055664,
            "sigmapsf": 0.07586000114679337,
            "magnr": 18.253000259399414,
            "sigmagnr": 0.11100000143051147,
            "magzpsci": 26.105600357055664,
            "isdiffpos": "t",
            "ssdistnr": -999.0,
            "ssnamenr": "null",
            "drb": 1.0
        },
        {
            "candid": 1007501073315015002,
            "jd": 2458762.0010764,
            "ra": 92.5038981,
            "dec": -22.6680882,
            "fid": 2,
            "nid": 1007,
            "magpsf": 18.582399368286133,
            "sigmapsf": 0.059376999735832214,
            "magnr": 18.253000259399414,
            "sigmagnr": 0.11100000143051147,
            "magzpsci": 26.098400115966797,
            "isdiffpos": "t",
            "ssdistnr": -999.0,
            "ssnamenr": "null",
            "drb": 0.9999989867210388
        },
        {
            "candid": 1010482543315015002,
            "jd": 2458764.9825463,
            "ra": 92.5038736,
            "dec": -22.6680887,
            "fid": 2,
            "nid": 1010,
            "magpsf": 18.637399673461914,
            "sigmapsf": 0.08247300237417221,
            "magnr": 18.253000259399414,
            "sigmagnr": 0.11100000143051147,
            "magzpsci": 26.063400268554688,
            "isdiffpos": "t",
            "ssdistnr": -999.0,
            "ssnamenr": "null",
            "drb": 0.9999880194664001
        },
        {
            "candid": 1010505543315015004,
            "jd": 2458765.005544,
            "ra": 92.5039417,
            "dec": -22.6681086,
            "fid": 1,
            "nid": 1010,
            "magpsf": 19.411300659179688,
            "sigmapsf": 0.16809499263763428,
            "magnr": 19.33799934387207,
            "sigmagnr": 0.06300000101327896,
            "magzpsci": 25.988300323486328,
            "isdiffpos": "t",
            "ssdistnr": -999.0,
            "ssnamenr": "null",
            "drb": 1.0
        },
        {
            "candid": 1013480043315015000,
            "jd": 2458767.9800463,
            "ra": 92.5039724,
            "dec": -22.6681489,
            "fid": 1,
            "nid": 1013,
            "magpsf": 19.493999481201172,
            "sigmapsf": 0.2393999993801117,
            "magnr": 19.33799934387207,
            "sigmagnr": 0.06300000101327896,
            "magzpsci": 25.96299934387207,
            "isdiffpos": "t",
            "ssdistnr": -999.0,
            "ssnamenr": "-999.0",
            "drb": null
        },
        {
            "candid": 1016480003315015000,
            "jd": 2458770.98,
            "ra": 92.5039395,
            "dec": -22.6681382,
            "fid": 2,
            "nid": 1016,
            "magpsf": 18.70490074157715,
            "sigmapsf": 0.11379700154066086,
            "magnr": 18.253000259399414,
            "sigmagnr": 0.11100000143051147,
            "magzpsci": 26.08690071105957,
            "isdiffpos": "t",
            "ssdistnr": -999.0,
            "ssnamenr": "null",
            "drb": 0.9999960064888
        },
        {
            "candid": 1022459683315015001,
            "jd": 2458776.9596875,
            "ra": 92.5039271,
            "dec": -22.6681125,
            "fid": 2,
            "nid": 1022,
            "magpsf": 18.73259925842285,
            "sigmapsf": 0.11839000135660172,
            "magnr": 18.253000259399414,
            "sigmagnr": 0.11100000143051147,
            "magzpsci": 26.096599578857422,
            "isdiffpos": "t",
            "ssdistnr": -999.0,
            "ssnamenr": "null",
            "drb": 0.9999979734420776
        },
        {
            "candid": 1025459363315015001,
            "jd": 2458779.9593634,
            "ra": 92.5039414,
            "dec": -22.6680965,
            "fid": 1,
            "nid": 1025,
            "magpsf": 19.763700485229492,
            "sigmapsf": 0.23087500035762787,
            "magnr": 19.33799934387207,
            "sigmagnr": 0.06300000101327896,
            "magzpsci": 26.001699447631836,
            "isdiffpos": "t",
            "ssdistnr": -999.0,
            "ssnamenr": "-999.0",
            "drb": null
        },
        {
            "candid": 1025523493315015000,
            "jd": 2458780.0234954,
            "ra": 92.5038851,
            "dec": -22.6681238,
            "fid": 2,
            "nid": 1025,
            "magpsf": 18.6914005279541,
            "sigmapsf": 0.09178899973630905,
            "magnr": 18.253000259399414,
            "sigmagnr": 0.11100000143051147,
            "magzpsci": 26.07939910888672,
            "isdiffpos": "t",
            "ssdistnr": -999.0,
            "ssnamenr": "null",
            "drb": 1.0
        },
        {
            "candid": 1028459623315015000,
            "jd": 2458782.9596296,
            "ra": 92.5039146,
            "dec": -22.6680999,
            "fid": 2,
            "nid": 1028,
            "magpsf": 18.878999710083008,
            "sigmapsf": 0.09568600356578827,
            "magnr": 18.253000259399414,
            "sigmagnr": 0.11100000143051147,
            "magzpsci": 26.10700035095215,
            "isdiffpos": "t",
            "ssdistnr": -999.0,
            "ssnamenr": "null",
            "drb": 0.9999930262565613
        },
        {
            "candid": 1031480963315015004,
            "jd": 2458785.9809606,
            "ra": 92.5038686,
            "dec": -22.6681204,
            "fid": 2,
            "nid": 1031,
            "magpsf": 18.99839973449707,
            "sigmapsf": 0.12073899805545807,
            "magnr": 18.253000259399414,
            "sigmagnr": 0.11100000143051147,
            "magzpsci": 26.085399627685547,
            "isdiffpos": "t",
            "ssdistnr": -999.0,
            "ssnamenr": "null",
            "drb": 0.9998570084571838
        },
        {
            "candid": 1035439093315015003,
            "jd": 2458789.9390972,
            "ra": 92.5038966,
            "dec": -22.6680756,
            "fid": 1,
            "nid": 1035,
            "magpsf": 19.85420036315918,
            "sigmapsf": 0.2511970102787018,
            "magnr": 19.33799934387207,
            "sigmagnr": 0.06300000101327896,
            "magzpsci": 25.97719955444336,
            "isdiffpos": "t",
            "ssdistnr": -999.0,
            "ssnamenr": "-999.0",
            "drb": null
        },
        {
            "candid": 1038480193315015004,
            "jd": 2458792.9801968,
            "ra": 92.5039101,
            "dec": -22.6680583,
            "fid": 2,
            "nid": 1038,
            "magpsf": 19.13330078125,
            "sigmapsf": 0.10993900150060654,
            "magnr": 18.253000259399414,
            "sigmagnr": 0.11100000143051147,
            "magzpsci": 26.06730079650879,
            "isdiffpos": "t",
            "ssdistnr": -999.0,
            "ssnamenr": "null",
            "drb": 0.9999979734420776
        },
        {
            "jd": 2458771.0025,
            "fid": 1,
            "diffmaglim": 18.871000289916992
        }
    ],
    "forcedphot": []
}