{
    "objectId": "ZTF19acmwfli",
    "candidates": [
        {
            "candid": 1032528690115015009,
            "jd": 2458787.0286921,
            "ra": 198.518974,
            "dec": 59.2512799,
            "fid": 1,
            "nid": 1032,
            "magpsf": 18.551799774169922,
            "sigmapsf": 0.22487099468708038,
            "magnr": 21.964000701904297,
            "sigmagnr": 0.14399999380111694,
            "magzpsci": 25.53179931640625,
            "isdiffpos": "t",
            "ssdistnr": -999.0,
            "ssnamenr": "-999.0",
            "drb": null
        },
        {
            "candid": 1035512780115015004,
            "jd": 2458790.0127894,
            "ra": 198.5194453,
            "dec": 59.2513537,
            "fid": 1,
            "nid": 1035,
            "magpsf": 18.595300674438477,
            "sigmapsf": 0.08260700106620789,
            "magnr": 21.964000701904297,
            "sigmagnr": 0.14399999380111694,
            "magzpsci": 25.9822998046875,
            "isdiffpos": "t",
            "ssdistnr": -999.0,
            "ssnamenr": "null",
            "drb": 1.0
        },
        {
            "candid": 1038513920115015006,
            "jd": 2458793.0139236,
            "ra": 198.5194728,
            "dec": 59.2513736,
            "fid": 2,
            "nid": 1038,
            "magpsf": 18.078399658203125,
            "sigmapsf": 0.0776280015707016,
            "magnr": 21.382999420166016,
            "sigmagnr": 0.13899999856948853,
            "magzpsci": 25.97640037536621,
            "isdiffpos": "t",
            "ssdistnr": -999.0,
            "ssnamenr": "null",
            "drb": 1.0
        },
        {
            "candid": 1038547840115015006,
            "jd": 2458793.0478472,
            "ra": 198.5194745,
            "dec": 59.2514108,
            "fid": 1,
            "nid": 1038,
            "magpsf": 18.77359962463379,
            "sigmapsf": 0.11963500082492828,
            "magnr": 21.964000701904297,
            "sigmagnr": 0.14399999380111694,
            "magzpsci": 26.015600204467773,
            "isdiffpos": "t",
            "ssdistnr": -999.0,
            "ssnamenr": "null",
            "drb": 0.9999709725379944
        },
        {
            "candid": 1045491560115015003,
            "jd": 2458799.9915625,
            "ra": 198.5194645,
            "dec": 59.2513767,
            "fid": 2,
            "nid": 1045,
            "magpsf": 18.23539924621582,
            "sigmapsf": 0.08891399949789047,
            "magnr": 21.382999420166016,
            "sigmagnr": 0.13899999856948853,
            "magzpsci": 26.015399932861328,
            "isdiffpos": "t",
            "ssdistnr": -999.0,
            "ssnamenr": "null",
            "drb": 0.9999409914016724
        },
        {
            "candid": 1050508650115015009,
            "jd": 2458805.0086574,
            "ra": 198.5195452,
            "dec": 59.2513551,
            "fid": 1,
            "nid": 1050,
            "magpsf": 18.99570083618164,
            "sigmapsf": 0.1605670005083084,
            "magnr": 21.964000701904297,
            "sigmagnr": 0.14399999380111694,
            "magzpsci": 26.060699462890625,
            "isdiffpos": "t",
            "ssdistnr": -999.0,
            "ssnamenr": "null",
            "drb": 0.999879002571106
        },
        {
            "candid": 1050528360115015005,
            "jd": 2458805.0283681,
            "ra": 198.5194825,
            "dec": 59.2513353,
            "fid": 2,
            "nid": 1050,
            "magpsf": 18.20210075378418,
            "sigmapsf": 0.07855899631977081,
            "magnr": 21.382999420166016,
            "sigmagnr": 0.13899999856948853,
            "magzpsci": 26.03510093688965,
            "isdiffpos": "t",
            "ssdistnr": -999.0,
            "ssnamenr": "null",
            "drb": 0.9999619722366333
        },
        {
            "candid": 1058557140115015004,
            "jd": 2458813.0571412,
            "ra": 198.5194749,
            "dec": 59.2513632,
            "fid": 2,
            "nid": 1058,
            "magpsf": 18.245100021362305,
            "sigmapsf": 0.07045300304889679,
            "magnr": 21.382999420166016,
            "sigmagnr": 0.13899999856948853,
            "magzpsci": 26.0580997467041,
            "isdiffpos": "t",
            "ssdistnr": -999.0,
            "ssnamenr": "null",
            "drb": 1.0
        },
        {
            "candid": 1074425830115015003,
            "jd": 2458828.9258333,
            "ra": 198.5194578,
            "dec": 59.2513695,
            "fid": 2,
            "nid": 1074,
            "magpsf": 18.339099884033203,
            "sigmapsf": 0.07377800345420837,
            "magnr": 21.382999420166016,
            "sigmagnr": 0.13899999856948853,
            "magzpsci": 26.16309928894043,
            "isdiffpos": "t",
            "ssdistnr": -999.0,
            "ssnamenr": "null",
            "drb": 1.0
        },
        {
            "candid": 1074560990115015004,
            "jd": 2458829.0609954,
            "ra": 198.5195343,
            "dec": 59.2513406,
            "fid": 1,
            "nid": 1074,
            "magpsf": 19.377700805664062,
            "sigmapsf": 0.14176200330257416,
            "magnr": 21.964000701904297,
            "sigmagnr": 0.14399999380111694,
            "magzpsci": 26.301700592041016,
            "isdiffpos": "t",
            "ssdistnr": -999.0,
            "ssnamenr": "null",
            "drb": 0.9999709725379944
        },
        {
            "candid": 1077448280115015001,
            "jd": 2458831.948287,
            "ra": 198.5194983,
            "dec": 59.2513001,
            "fid": 2,
            "nid": 1077,
            "magpsf": 18.424800872802734,
            "sigmapsf": 0.2361059933900833,
            "magnr": 21.382999420166016,
            "sigmagnr": 0.13899999856948853,
            "magzpsci": 26.183799743652344,
            "isdiffpos": "t",
            "ssdistnr": -999.0,
            "ssnamenr": "-999.0",
            "drb": null
        },
        {
            "candid": 1077554710115015002,
            "jd": 2458832.0547106,
            "ra": 198.5196996,
            "dec": 59.2513802,
            "fid": 1,
            "nid": 1077,
            "magpsf": 19.51409912109375,
            "sigmapsf": 0.22263100743293762,
            "magnr": 21.964000701904297,
            "sigmagnr": 0.14399999380111694,
            "magzpsci": 26.302099227905273,
            "isdiffpos": "t",
            "ssdistnr": -999.0,
            "ssnamenr": "-999.0",
            "drb": null
        },
        {
            "candid": 1081475040115015030,
            "jd": 2458835.9750463,
            "ra": 198.5194967,
            "dec": 59.2513861,
            "fid": 2,
            "nid": 1081,
            "magpsf": 18.45680046081543,
            "sigmapsf": 0.11560100317001343,
            "magnr": 21.382999420166016,
            "sigmagnr": 0.13899999856948853,
            "magzpsci": 26.17180061340332,
            "isdiffpos": "t",
            "ssdistnr": -999.0,
            "ssnamenr": "null",
            "drb": 0.9984009861946106
        },
        {
            "candid": 1084516620115015014,
            "jd": 2458839.0166204,
            "ra": 198.5195167,
            "dec": 59.2513631,
            "fid": 2,
            "nid": 1084,
            "magpsf": 18.337299346923828,
            "sigmapsf": 0.10830000042915344,
            "magnr": 21.382999420166016,
            "sigmagnr": 0.13899999856948853,
            "magzpsci": 25.78030014038086,
            "isdiffpos": "t",
            "ssdistnr": -999.0,
            "ssnamenr": "null",
            "drb": 0.9999949932098389
        },
        {
            "candid": 1095505120115015012,
            "jd": 2458850.0051273,
            "ra": 198.5195622,
            "dec": 59.2514042,
            "fid": 1,
            "nid": 1095,
            "magpsf": 20.004899978637695,
            "sigmapsf": 0.1425500065088272,
            "magnr": 21.964000701904297,
            "sigmagnr": 0.14399999380111694,
            "magzpsci": 26.304899215698242,
            "isdiffpos": "t",
            "ssdistnr": -999.0,
            "ssnamenr": "null",
            "drb": 0.9909440279006958
        },
        {
            "candid": 1098533720115015010,
            "jd": 2458853.0337269,
            "ra": 198.5195463,
            "dec": 59.2513501,
            "fid": 1,
            "nid": 1098,
            "magpsf": 19.963899612426758,
            "sigmapsf": 0.1494549959897995,
            "magnr": 21.964000701904297,
            "sigmagnr": 0.14399999380111694,
            "magzpsci": 26.324899673461914,
            "isdiffpos": "t",
            "ssdistnr": -999.0,
            "ssnamenr": "null",
            "drb": 0.9998239874839783
        },
        {
            "candid": 1098555270115015009,
            "jd": 2458853.0552778,
            "ra": 198.5194714,
            "dec": 59.2513716,
            "fid": 2,
            "nid": 1098,
            "magpsf": 18.697999954223633,
            "sigmapsf": 0.06852400302886963,
            "magnr": 21.382999420166016,
            "sigmagnr": 0.13899999856948853,
            "magzpsci": 26.23699951171875,
            "isdiffpos": "t",
            "ssdistnr": -999.0,
            "ssnamenr": "null",
            "drb": 1.0
        },
        {
            "candid": 1101498310115015012,
            "jd": 2458855.9983102,
            "ra": 198.5193968,
            "dec": 59.2513444,
            "fid": 1,
            "nid": 1101,
            "magpsf": 20.150999069213867,
            "sigmapsf": 0.17085400223731995,
            "magnr": 21.964000701904297,
            "sigmagnr": 0.14399999380111694,
            "magzpsci": 26.30900001525879,
            "isdiffpos": "t",
            "ssdistnr": -999.0,
            "ssnamenr": "null",
            "drb": 0.9998350143432617
        },
        {
            "candid": 1101554800115015006,
            "jd": 2458856.0548032,
            "ra": 198.5195081,
            "dec": 59.2514031,
            "fid": 2,
            "nid": 1101,
            "magpsf": 18.78849983215332,
            "sigmapsf": 0.07935000211000443,
            "magnr": 21.382999420166016,
            "sigmagnr": 0.13899999856948853,
            "magzpsci": 26.227500915527344,
            "isdiffpos": "t",
            "ssdistnr": -999.0,
            "ssnamenr": "null",
            "drb": 1.0
        },
        {
            "candid": 1105373630115015004,
            "jd": 2458859.8736343,
            "ra": 198.5195373,
            "dec": 59.2512703,
            "fid": 2,
            "nid": 1105,
            "magpsf": 19.091299057006836,
            "sigmapsf": 0.18244099617004395,
            "magnr": 21.382999420166016,
            "sigmagnr": 0.13899999856948853,
            "magzpsci": 26.159299850463867,
            "isdiffpos": "t",
            "ssdistnr": -999.0,
            "ssnamenr": "null",
            "drb": 0.9898689985275269
        },
        {
            "candid": 1105451290115015004,
            "jd": 2458859.9512963,
            "ra": 198.5193816,
            "dec": 59.2513774,
            "fid": 2,
            "nid": 1105,
            "magpsf": 18.897199630737305,
            "sigmapsf": 0.13340599834918976,
            "magnr": 21.382999420166016,
            "sigmagnr": 0.13899999856948853,
            "magzpsci": 26.224199295043945,
            "isdiffpos": "t",
            "ssdistnr": -999.0,
            "ssnamenr": "null",
            "drb": 0.9999169707298279
        },
        {
            "candid": 1108409760115015002,
            "jd": 2458862.9097685,
            "ra": 198.5195943,
            "dec": 59.2513679,
            "fid": 2,
            "nid": 1108,
            "magpsf": 19.110200881958008,
            "sigmapsf": 0.14885200560092926,
            "magnr": 21.382999420166016,
            "sigmagnr": 0.13899999856948853,
            "magzpsci": 26.173200607299805,
            "isdiffpos": "t",
            "ssdistnr": -999.0,
            "ssnamenr": "null",
            "drb": 0.9970390200614929
        },
        {
            "candid": 1113430310115015006,
            "jd": 2458867.9303125,
            "ra": 198.5196407,
            "dec": 59.2513232,
            "fid": 1,
            "nid": 1113,
            "magpsf": 20.973600387573242,
            "sigmapsf": 0.28101998567581177,
            "magnr": 21.964000701904297,
            "sigmagnr": 0.14399999380111694,
            "magzpsci": 26.283599853515625,
            "isdiffpos": "t",
            "ssdistnr": -999.0,
            "ssnamenr": "-999.0",
            "drb": null
        },
        {
            "candid": 1113495430115015008,
            "jd": 2458867.9954398,
            "ra": 198.5195084,
            "dec": 59.2513643,
            "fid": 2,
            "nid": 1113,
            "magpsf": 19.70050048828125,
            "sigmapsf": 0.16726499795913696,
            "magnr": 21.382999420166016,
            "sigmagnr": 0.13899999856948853,
            "magzpsci": 26.2185001373291,
            "isdiffpos": "t",
            "ssdistnr": -999.0,
            "ssnamenr": "null",
            "drb": 0.9999790191650391
        },
        {
            "jd": 2458793.01392,
            "fid": 2,
            "diffmaglim": 19.749000549316406
        },
        {
            "jd": 2458838.97039,
            "fid": 1,
            "diffmaglim": 18.08799934387207
        }
    ],
    "forcedphot": []
}