{
    "objectId": "ZTF19abzrdup",
    "candidates": [
        {
            "candid": 982488513915015015,
            "jd": 2458736.9885185,
            "ra": 125.4061171,
            "dec": 40.8634174,
            "fid": 1,
            "nid": 982,
            "magpsf": 20.77239990234375,
            "sigmapsf": 0.33667200803756714,
            "magnr": 22.965999603271484,
            "sigmagnr": 0.34299999475479126,
            "magzpsci": 25.99839973449707,
            "isdiffpos": "t",
            "ssdistnr": -999.0,
            "ssnamenr": "-999.0",
            "drb": null
        },
        {
            "candid": 991486953915015004,
            "jd": 2458745.986956,
            "ra": 125.4061318,
            "dec": 40.8634884,
            "fid": 2,
            "nid": 991,
            "magpsf": 19.40049934387207,
            "sigmapsf": 0.20415599644184113,
            "magnr": 21.680999755859375,
            "sigmagnr": 0.10400000214576721,
            "magzpsci": 26.10849952697754,
            "isdiffpos": "t",
            "ssdistnr": -999.0,
            "ssnamenr": "-999.0",
            "drb": null
        },
        {
            "candid": 991512623915015013,
            "jd": 2458746.0126273,
            "ra": 125.406008,
            "dec": 40.8634776,
            "fid": 1,
            "nid": 991,
            "magpsf": 18.92140007019043,
            "sigmapsf": 0.1407579928636551,
            "magnr": 22.965999603271484,
            "sigmagnr": 0.34299999475479126,
            "magzpsci": 26.095399856567383,
            "isdiffpos": "t",
            "ssdistnr": -999.0,
            "ssnamenr": "null",
            "drb": 0.9999539852142334
        },
        {
            "candid": 994495453915015004,
            "jd": 2458748.9954514,
            "ra": 125.4060535,
            "dec": 40.8634857,
            "fid": 2,
            "nid": 994,
            "magpsf": 18.862699508666992,
            "sigmapsf": 0.09667500108480453,
            "magnr": 21.680999755859375,
            "sigmagnr": 0.10400000214576721,
            "magzpsci": 26.10569953918457,
            "isdiffpos": "t",
            "ssdistnr": -999.0,
            "ssnamenr": "-999.0",
            "drb": null
        },
        {
            "candid": 994513713915015014,
            "jd": 2458749.0137153,
            "ra": 125.4060343,
            "dec": 40.8634527,
            "fid": 1,
            "nid": 994,
            "magpsf": 18.809499740600586,
            "sigmapsf": 0.11513300240039825,
            "magnr": 22.965999603271484,
            "sigmagnr": 0.34299999475479126,
            "magzpsci": 26.095500946044922,
            "isdiffpos": "t",
            "ssdistnr": -999.0,
            "ssnamenr": "-999.0",
            "drb": null
        },
        {
            "candid": 997490243915015013,
            "jd": 2458751.9902431,
            "ra": 125.406008,
            "dec": 40.8634885,
            "fid": 1,
            "nid": 997,
            "magpsf": 18.74329948425293,
            "sigmapsf": 0.08614800125360489,
            "magnr": 22.965999603271484,
            "sigmagnr": 0.34299999475479126,
            "magzpsci": 26.005300521850586,
            "isdiffpos": "t",
            "ssdistnr": -999.0,
            "ssnamenr": "null",
            "drb": 0.9999989867210388
        },
        {
            "candid": 1002471293915015013,
            "jd": 2458756.9712963,
            "ra": 125.4060285,
            "dec": 40.863453,
            "fid": 1,
            "nid": 1002,
            "magpsf": 18.70199966430664,
            "sigmapsf": 0.09967300295829773,
            "magnr": 22.965999603271484,
            "sigmagnr": 0.34299999475479126,
            "magzpsci": 26.081100463867188,
            "isdiffpos": "t",
            "ssdistnr": -999.0,
            "ssnamenr": "null",
            "drb": 1.0
        },
        {
            "candid": 1002515083915015004,
            "jd": 2458757.015081,
            "ra": 125.4060614,
            "dec": 40.8634603,
            "fid": 2,
            "nid": 1002,
            "magpsf": 18.74090003967285,
            "sigmapsf": 0.0729610025882721,
            "magnr": 21.680999755859375,
            "sigmagnr": 0.10400000214576721,
            "magzpsci": 26.16790008544922,
            "isdiffpos": "t",
            "ssdistnr": -999.0,
            "ssnamenr": "null",
            "drb": 1.0
        },
        {
            "candid": 1005470623915015021,
            "jd": 2458759.970625,
            "ra": 125.4060114,
            "dec": 40.8634506,
            "fid": 1,
            "nid": 1005,
            "magpsf": 18.80069923400879,
            "sigmapsf": 0.08853399753570557,
            "magnr": 22.965999603271484,
            "sigmagnr": 0.34299999475479126,
            "magzpsci": 26.086700439453125,
            "isdiffpos": "t",
            "ssdistnr": -999.0,
            "ssnamenr": "null",
            "drb": 0.9999989867210388
        },
        {
            "candid": 1005508983915015032,
            "jd": 2458760.0089815,
            "ra": 125.4060432,
            "dec": 40.8634749,
            "fid": 2,
            "nid": 1005,
            "magpsf": 18.700899124145508,
            "sigmapsf": 0.07155399769544601,
            "magnr": 21.680999755859375,
            "sigmagnr": 0.10400000214576721,
            "magzpsci": 26.16790008544922,
            "isdiffpos": "t",
            "ssdistnr": -999.0,
            "ssnamenr": "null",
            "drb": 0.9999920129776001
        },
        {
            "candid": 1009470983915015011,
            "jd": 2458763.9709838,
            "ra": 125.4059772,
            "dec": 40.86345,
            "fid": 1,
            "nid": 1009,
            "magpsf": 18.87579917907715,
            "sigmapsf": 0.09814099967479706,
            "magnr": 22.965999603271484,
            "sigmagnr": 0.34299999475479126,
            "magzpsci": 26.104799270629883,
            "isdiffpos": "t",
            "ssdistnr": -999.0,
            "ssnamenr": "null",
            "drb": 0.9999979734420776
        },
        {
            "candid": 1012467193915015019,
            "jd": 2458766.9671991,
            "ra": 125.4060227,
            "dec": 40.8634607,
            "fid": 1,
            "nid": 1012,
            "magpsf": 18.831199645996094,
            "sigmapsf": 0.10461299866437912,
            "magnr": 22.965999603271484,
            "sigmagnr": 0.34299999475479126,
            "magzpsci": 26.10420036315918,
            "isdiffpos": "t",
            "ssdistnr": -999.0,
            "ssnamenr": "null",
            "drb": 1.0
        },
        {
            "candid": 1015465853915015004,
            "jd": 2458769.9658565,
            "ra": 125.4060372,
            "dec": 40.8634896,
            "fid": 2,
            "nid": 1015,
            "magpsf": 18.888700485229492,
            "sigmapsf": 0.09133700281381607,
            "magnr": 21.680999755859375,
            "sigmagnr": 0.10400000214576721,
            "magzpsci": 26.15169906616211,
            "isdiffpos": "t",
            "ssdistnr": -999.0,
            "ssnamenr": "null",
            "drb": 0.9999960064888
        },
        {
            "candid": 1022503783915015009,
            "jd": 2458777.0037847,
            "ra": 125.4060447,
            "dec": 40.8634528,
            "fid": 2,
            "nid": 1022,
            "magpsf": 18.869300842285156,
            "sigmapsf": 0.09841799736022949,
            "magnr": 21.680999755859375,
            "sigmagnr": 0.10400000214576721,
            "magzpsci": 26.182300567626953,
            "isdiffpos": "t",
            "ssdistnr": -999.0,
            "ssnamenr": "null",
            "drb": 0.9999899864196777
        },
        {
            "candid": 1022536703915015012,
            "jd": 2458777.0367014,
            "ra": 125.4060611,
            "dec": 40.8634889,
            "fid": 1,
            "nid": 1022,
            "magpsf": 19.25749969482422,
            "sigmapsf": 0.20439499616622925,
            "magnr": 22.965999603271484,
            "sigmagnr": 0.34299999475479126,
            "magzpsci": 26.18549919128418,
            "isdiffpos": "t",
            "ssdistnr": -999.0,
            "ssnamenr": "null",
            "drb": 0.9999340176582336
        },
        {
            "candid": 1025505163915015013,
            "jd": 2458780.005162,
            "ra": 125.4060111,
            "dec": 40.8634522,
            "fid": 1,
            "nid": 1025,
            "magpsf": 19.216100692749023,
            "sigmapsf": 0.12953799962997437,
            "magnr": 22.965999603271484,
            "sigmagnr": 0.34299999475479126,
            "magzpsci": 26.175100326538086,
            "isdiffpos": "t",
            "ssdistnr": -999.0,
            "ssnamenr": "null",
            "drb": 1.0
        },
        {
            "candid": 1031463403915015021,
            "jd": 2458785.9634028,
            "ra": 125.405912,
            "dec": 40.8634755,
            "fid": 1,
            "nid": 1031,
            "magpsf": 19.35420036315918,
            "sigmapsf": 0.14292599260807037,
            "magnr": 22.965999603271484,
            "sigmagnr": 0.34299999475479126,
            "magzpsci": 26.14430046081543,
            "isdiffpos": "t",
            "ssdistnr": -999.0,
            "ssnamenr": "null",
            "drb": 0.9999989867210388
        },
        {
            "candid": 1031497213915015015,
            "jd": 2458785.9972106,
            "ra": 125.4060335,
            "dec": 40.8634523,
            "fid": 2,
            "nid": 1031,
            "magpsf": 19.008100509643555,
            "sigmapsf": 0.07687599956989288,
            "magnr": 21.680999755859375,
            "sigmagnr": 0.10400000214576721,
            "magzpsci": 26.180099487304688,
            "isdiffpos": "t",
            "ssdistnr": -999.0,
            "ssnamenr": "null",
            "drb": 0.9999859929084778
        },
        {
            "candid": 1034508733915015022,
            "jd": 2458789.0087384,
            "ra": 125.4059726,
            "dec": 40.8634877,
            "fid": 1,
            "nid": 1034,
            "magpsf": 19.41950035095215,
            "sigmapsf": 0.1280830055475235,
            "magnr": 22.965999603271484,
            "sigmagnr": 0.34299999475479126,
            "magzpsci": 26.17650032043457,
            "isdiffpos": "t",
            "ssdistnr": -999.0,
            "ssnamenr": "null",
            "drb": 0.9999970197677612
        },
        {
            "candid": 1034538533915015014,
            "jd": 2458789.0385301,
            "ra": 125.4060329,
            "dec": 40.8634717,
            "fid": 2,
            "nid": 1034,
            "magpsf": 19.017099380493164,
            "sigmapsf": 0.10809999704360962,
            "magnr": 21.680999755859375,
            "sigmagnr": 0.10400000214576721,
            "magzpsci": 26.195100784301758,
            "isdiffpos": "t",
            "ssdistnr": -999.0,
            "ssnamenr": "null",
            "drb": 0.9999979734420776
        },
        {
            "candid": 1037499953915015009,
            "jd": 2458791.9999537,
            "ra": 125.4060208,
            "dec": 40.8634651,
            "fid": 2,
            "nid": 1037,
            "magpsf": 19.12310028076172,
            "sigmapsf": 0.10015399754047394,
            "magnr": 21.680999755859375,
            "sigmagnr": 0.10400000214576721,
            "magzpsci": 26.182100296020508,
            "isdiffpos": "t",
            "ssdistnr": -999.0,
            "ssnamenr": "null",
            "drb": 0.9999759793281555
        },
        {
            "candid": 1037506313915015012,
            "jd": 2458792.0063194,
            "ra": 125.4060302,
            "dec": 40.8634831,
            "fid": 2,
            "nid": 1037,
            "magpsf": 19.014299392700195,
            "sigmapsf": 0.08378399908542633,
            "magnr": 21.680999755859375,
            "sigmagnr": 0.10400000214576721,
            "magzpsci": 26.18829917907715,
            "isdiffpos": "t",
            "ssdistnr": -999.0,
            "ssnamenr": "null",
            "drb": 0.8974789977073669
        },
        {
            "candid": 1040540023915015014,
            "jd": 2458795.0400231,
            "ra": 125.4059817,
            "dec": 40.8634569,
            "fid": 2,
            "nid": 1040,
            "magpsf": 19.17099952697754,
            "sigmapsf": 0.09999699890613556,
            "magnr": 21.680999755859375,
            "sigmagnr": 0.10400000214576721,
            "magzpsci": 26.176000595092773,
            "isdiffpos": "t",
            "ssdistnr": -999.0,
            "ssnamenr": "null",
            "drb": 0.9999799728393555
        },
        {
            "candid": 1044547813915015013,
            "jd": 2458799.0478125,
            "ra": 125.4059749,
            "dec": 40.8634591,
            "fid": 1,
            "nid": 1044,
            "magpsf": 19.684799194335938,
            "sigmapsf": 0.1899469941854477,
            "magnr": 22.965999603271484,
            "sigmagnr": 0.34299999475479126,
            "magzpsci": 26.22480010986328,
            "isdiffpos": "t",
            "ssdistnr": -999.0,
            "ssnamenr": "null",
            "drb": 0.9993219971656799
        },
        {
            "candid": 1045369453915015004,
            "jd": 2458799.869456,
            "ra": 125.4060576,
            "dec": 40.8634031,
            "fid": 2,
            "nid": 1045,
            "magpsf": 19.167699813842773,
            "sigmapsf": 0.15707799792289734,
            "magnr": 21.680999755859375,
            "sigmagnr": 0.10400000214576721,
            "magzpsci": 26.159700393676758,
            "isdiffpos": "t",
            "ssdistnr": -999.0,
            "ssnamenr": "null",
            "drb": 0.9918739795684814
        },
        {
            "candid": 1046432873915015004,
            "jd": 2458800.9328704,
            "ra": 125.4060715,
            "dec": 40.8634047,
            "fid": 2,
            "nid": 1046,
            "magpsf": 19.166400909423828,
            "sigmapsf": 0.12330900132656097,
            "magnr": 21.680999755859375,
            "sigmagnr": 0.10400000214576721,
            "magzpsci": 26.164400100708008,
            "isdiffpos": "t",
            "ssdistnr": -999.0,
            "ssnamenr": "null",
            "drb": 0.9984440207481384
        },
        {
            "candid": 1048544503915015007,
            "jd": 2458803.0445023,
            "ra": 125.4060529,
            "dec": 40.863482,
            "fid": 1,
            "nid": 1048,
            "magpsf": 19.658300399780273,
            "sigmapsf": 0.23849600553512573,
            "magnr": 22.965999603271484,
            "sigmagnr": 0.34299999475479126,
            "magzpsci": 26.182300567626953,
            "isdiffpos": "t",
            "ssdistnr": -999.0,
            "ssnamenr": "-999.0",
            "drb": null
        },
        {
            "candid": 1051492403915015038,
            "jd": 2458805.9924074,
            "ra": 125.4061439,
            "dec": 40.8634591,
            "fid": 1,
            "nid": 1051,
            "magpsf": 19.74799919128418,
            "sigmapsf": 0.25533899664878845,
            "magnr": 22.965999603271484,
            "sigmagnr": 0.34299999475479126,
            "magzpsci": 26.16699981689453,
            "isdiffpos": "t",
            "ssdistnr": -999.0,
            "ssnamenr": "-999.0",
            "drb": null
        },
        {
            "candid": 1057435193915015032,
            "jd": 2458811.9351968,
            "ra": 125.405901,
            "dec": 40.8633851,
            "fid": 1,
            "nid": 1057,
            "magpsf": 19.588199615478516,
            "sigmapsf": 0.15163099765777588,
            "magnr": 22.965999603271484,
            "sigmagnr": 0.34299999475479126,
            "magzpsci": 26.166200637817383,
            "isdiffpos": "t",
            "ssdistnr": -999.0,
            "ssnamenr": "-999.0",
            "drb": null
        },
        {
            "candid": 1069435153915015044,
            "jd": 2458823.9351505,
            "ra": 125.4058666,
            "dec": 40.8633652,
            "fid": 1,
            "nid": 1069,
            "magpsf": 19.677400588989258,
            "sigmapsf": 0.32544898986816406,
            "magnr": 22.965999603271484,
            "sigmagnr": 0.34299999475479126,
            "magzpsci": 25.055400848388672,
            "isdiffpos": "t",
            "ssdistnr": -999.0,
            "ssnamenr": "-999.0",
            "drb": null
        },
        {
            "candid": 1073311583915015005,
            "jd": 2458827.8115856,
            "ra": 125.4061145,
            "dec": 40.8634494,
            "fid": 2,
            "nid": 1073,
            "magpsf": 19.341299057006836,
            "sigmapsf": 0.19402599334716797,
            "magnr": 21.680999755859375,
            "sigmagnr": 0.10400000214576721,
            "magzpsci": 26.143299102783203,
            "isdiffpos": "t",
            "ssdistnr": -999.0,
            "ssnamenr": "null",
            "drb": 0.9972670078277588
        },
        {
            "candid": 1073445403915015004,
            "jd": 2458827.9454051,
            "ra": 125.4060165,
            "dec": 40.8634734,
            "fid": 2,
            "nid": 1073,
            "magpsf": 19.272899627685547,
            "sigmapsf": 0.1476289927959442,
            "magnr": 21.680999755859375,
            "sigmagnr": 0.10400000214576721,
            "magzpsci": 26.166900634765625,
            "isdiffpos": "t",
            "ssdistnr": -999.0,
            "ssnamenr": "null",
            "drb": 0.9997349977493286
        },
        {
            "candid": 1079443983915015005,
            "jd": 2458833.9439815,
            "ra": 125.4059702,
            "dec": 40.8634842,
            "fid": 2,
            "nid": 1079,
            "magpsf": 19.273399353027344,
            "sigmapsf": 0.1662610024213791,
            "magnr": 21.680999755859375,
            "sigmagnr": 0.10400000214576721,
            "magzpsci": 26.31439971923828,
            "isdiffpos": "t",
            "ssdistnr": -999.0,
            "ssnamenr": "null",
            "drb": 0.9998810291290283
        },
        {
            "candid": 1082498663915015009,
            "jd": 2458836.998669,
            "ra": 125.4060525,
            "dec": 40.8634795,
            "fid": 2,
            "nid": 1082,
            "magpsf": 19.40239906311035,
            "sigmapsf": 0.11409000307321548,
            "magnr": 21.680999755859375,
            "sigmagnr": 0.10400000214576721,
            "magzpsci": 26.308399200439453,
            "isdiffpos": "t",
            "ssdistnr": -999.0,
            "ssnamenr": "null",
            "drb": 0.999970018863678
        },
        {
            "candid": 1092291623915015010,
            "jd": 2458846.7916204,
            "ra": 125.406075,
            "dec": 40.8634659,
            "fid": 2,
            "nid": 1092,
            "magpsf": 19.60219955444336,
            "sigmapsf": 0.12430399656295776,
            "magnr": 21.680999755859375,
            "sigmagnr": 0.10400000214576721,
            "magzpsci": 26.298200607299805,
            "isdiffpos": "t",
            "ssdistnr": -999.0,
            "ssnamenr": "null",
            "drb": 0.9999889731407166
        },
        {
            "candid": 1092497833915015027,
            "jd": 2458846.9978356,
            "ra": 125.405996,
            "dec": 40.8634607,
            "fid": 1,
            "nid": 1092,
            "magpsf": 20.034099578857422,
            "sigmapsf": 0.1823910027742386,
            "magnr": 22.965999603271484,
            "sigmagnr": 0.34299999475479126,
            "magzpsci": 26.322099685668945,
            "isdiffpos": "t",
            "ssdistnr": -999.0,
            "ssnamenr": "null",
            "drb": 0.9999949932098389
        },
        {
            "candid": 1095470793915015035,
            "jd": 2458849.9707986,
            "ra": 125.4059842,
            "dec": 40.8634199,
            "fid": 1,
            "nid": 1095,
            "magpsf": 20.004600524902344,
            "sigmapsf": 0.17462900280952454,
            "magnr": 22.965999603271484,
            "sigmagnr": 0.34299999475479126,
            "magzpsci": 26.309600830078125,
            "isdiffpos": "t",
            "ssdistnr": -999.0,
            "ssnamenr": "null",
            "drb": 0.9998689889907837
        },
        {
            "candid": 1096427803915015024,
            "jd": 2458850.9278009,
            "ra": 125.4059168,
            "dec": 40.8634068,
            "fid": 1,
            "nid": 1096,
            "magpsf": 19.92140007019043,
            "sigmapsf": 0.29784199595451355,
            "magnr": 22.965999603271484,
            "sigmagnr": 0.34299999475479126,
            "magzpsci": 26.305400848388672,
            "isdiffpos": "t",
            "ssdistnr": -999.0,
            "ssnamenr": "-999.0",
            "drb": null
        },
        {
            "candid": 1096469503915015022,
            "jd": 2458850.9695023,
            "ra": 125.4059386,
            "dec": 40.8634341,
            "fid": 2,
            "nid": 1096,
            "magpsf": 19.6205997467041,
            "sigmapsf": 0.1938759982585907,
            "magnr": 21.680999755859375,
            "sigmagnr": 0.10400000214576721,
            "magzpsci": 26.30459976196289,
            "isdiffpos": "t",
            "ssdistnr": -999.0,
            "ssnamenr": "null",
            "drb": 0.9998409748077393
        },
        {
            "candid": 1097432813915015004,
            "jd": 2458851.9328125,
            "ra": 125.4060789,
            "dec": 40.8634371,
            "fid": 2,
            "nid": 1097,
            "magpsf": 19.69930076599121,
            "sigmapsf": 0.1779250055551529,
            "magnr": 21.680999755859375,
            "sigmagnr": 0.10400000214576721,
            "magzpsci": 26.312299728393555,
            "isdiffpos": "t",
            "ssdistnr": -999.0,
            "ssnamenr": "null",
            "drb": 0.9998570084571838
        },
        {
            "candid": 1098427663915015013,
            "jd": 2458852.927662,
            "ra": 125.4059783,
            "dec": 40.8634832,
            "fid": 2,
            "nid": 1098,
            "magpsf": 19.613000869750977,
            "sigmapsf": 0.11036200076341629,
            "magnr": 21.680999755859375,
            "sigmagnr": 0.10400000214576721,
            "magzpsci": 26.334999084472656,
            "isdiffpos": "t",
            "ssdistnr": -999.0,
            "ssnamenr": "null",
            "drb": 0.9551209807395935
        },
        {
            "candid": 1098463393915015025,
            "jd": 2458852.9633912,
            "ra": 125.4059927,
            "dec": 40.8634943,
            "fid": 1,
            "nid": 1098,
            "magpsf": 20.082300186157227,
            "sigmapsf": 0.1677979975938797,
            "magnr": 22.965999603271484,
            "sigmagnr": 0.34299999475479126,
            "magzpsci": 26.334299087524414,
            "isdiffpos": "t",
            "ssdistnr": -999.0,
            "ssnamenr": "null",
            "drb": 0.9999909996986389
        },
        {
            "candid": 1099428983915015023,
            "jd": 2458853.9289815,
            "ra": 125.4060303,
            "dec": 40.8634493,
            "fid": 2,
            "nid": 1099,
            "magpsf": 19.592899322509766,
            "sigmapsf": 0.10992400348186493,
            "magnr": 21.680999755859375,
            "sigmagnr": 0.10400000214576721,
            "magzpsci": 26.32990074157715,
            "isdiffpos": "t",
            "ssdistnr": -999.0,
            "ssnamenr": "null",
            "drb": 0.9999060034751892
        },
        {
            "candid": 1099474203915015030,
            "jd": 2458853.9742014,
            "ra": 125.4060082,
            "dec": 40.8634851,
            "fid": 1,
            "nid": 1099,
            "magpsf": 20.160999298095703,
            "sigmapsf": 0.18887299299240112,
            "magnr": 22.965999603271484,
            "sigmagnr": 0.34299999475479126,
            "magzpsci": 26.33099937438965,
            "isdiffpos": "t",
            "ssdistnr": -999.0,
            "ssnamenr": "null",
            "drb": 0.9989230036735535
        },
        {
            "candid": 1100445593915015014,
            "jd": 2458854.9455903,
            "ra": 125.4060681,
            "dec": 40.8633779,
            "fid": 2,
            "nid": 1100,
            "magpsf": 19.62820053100586,
            "sigmapsf": 0.24528400599956512,
            "magnr": 21.680999755859375,
            "sigmagnr": 0.10400000214576721,
            "magzpsci": 26.30419921875,
            "isdiffpos": "t",
            "ssdistnr": -999.0,
            "ssnamenr": "-999.0",
            "drb": null
        },
        {
            "candid": 1100498353915015011,
            "jd": 2458854.9983565,
            "ra": 125.405944,
            "dec": 40.8633222,
            "fid": 1,
            "nid": 1100,
            "magpsf": 19.927200317382812,
            "sigmapsf": 0.3751179873943329,
            "magnr": 22.965999603271484,
            "sigmagnr": 0.34299999475479126,
            "magzpsci": 26.291200637817383,
            "isdiffpos": "t",
            "ssdistnr": -999.0,
            "ssnamenr": "-999.0",
            "drb": null
        },
        {
            "candid": 1101343193915015010,
            "jd": 2458855.8431944,
            "ra": 125.4059666,
            "dec": 40.8634779,
            "fid": 2,
            "nid": 1101,
            "magpsf": 19.672700881958008,
            "sigmapsf": 0.1764339953660965,
            "magnr": 21.680999755859375,
            "sigmagnr": 0.10400000214576721,
            "magzpsci": 26.301700592041016,
            "isdiffpos": "t",
            "ssdistnr": -999.0,
            "ssnamenr": "null",
            "drb": 0.9952830076217651
        },
        {
            "candid": 1101441043915015006,
            "jd": 2458855.9410417,
            "ra": 125.406029,
            "dec": 40.8634297,
            "fid": 1,
            "nid": 1101,
            "magpsf": 20.016199111938477,
            "sigmapsf": 0.2567079961299896,
            "magnr": 22.965999603271484,
            "sigmagnr": 0.34299999475479126,
            "magzpsci": 26.325199127197266,
            "isdiffpos": "t",
            "ssdistnr": -999.0,
            "ssnamenr": "-999.0",
            "drb": null
        },
        {
            "candid": 1102296873915015008,
            "jd": 2458856.796875,
            "ra": 125.406046,
            "dec": 40.8635398,
            "fid": 2,
            "nid": 1102,
            "magpsf": 19.857799530029297,
            "sigmapsf": 0.22050200402736664,
            "magnr": 21.680999755859375,
            "sigmagnr": 0.10400000214576721,
            "magzpsci": 26.30780029296875,
            "isdiffpos": "t",
            "ssdistnr": -999.0,
            "ssnamenr": "-999.0",
            "drb": null
        },
        {
            "candid": 1106270383915015001,
            "jd": 2458860.7703819,
            "ra": 125.4060793,
            "dec": 40.863448,
            "fid": 2,
            "nid": 1106,
            "magpsf": 19.559799194335938,
            "sigmapsf": 0.2075349986553192,
            "magnr": 21.680999755859375,
            "sigmagnr": 0.10400000214576721,
            "magzpsci": 26.304800033569336,
            "isdiffpos": "t",
            "ssdistnr": -999.0,
            "ssnamenr": "-999.0",
            "drb": null
        },
        {
            "candid": 1108297773915015008,
            "jd": 2458862.7977778,
            "ra": 125.4059916,
            "dec": 40.8635024,
            "fid": 2,
            "nid": 1108,
            "magpsf": 19.60219955444336,
            "sigmapsf": 0.172093003988266,
            "magnr": 21.680999755859375,
            "sigmagnr": 0.10400000214576721,
            "magzpsci": 26.298200607299805,
            "isdiffpos": "t",
            "ssdistnr": -999.0,
            "ssnamenr": "null",
            "drb": 0.9935770034790039
        },
        {
            "candid": 1108319163915015006,
            "jd": 2458862.8191667,
            "ra": 125.4060927,
            "dec": 40.863477,
            "fid": 2,
            "nid": 1108,
            "magpsf": 19.608400344848633,
            "sigmapsf": 0.17749999463558197,
            "magnr": 21.680999755859375,
            "sigmagnr": 0.10400000214576721,
            "magzpsci": 26.308399200439453,
            "isdiffpos": "t",
            "ssdistnr": -999.0,
            "ssnamenr": "null",
            "drb": 0.9999290108680725
        },
        {
            "candid": 1110196263915015023,
            "jd": 2458864.6962616,
            "ra": 125.4059397,
            "dec": 40.863492,
            "fid": 1,
            "nid": 1110,
            "magpsf": 20.10740089416504,
            "sigmapsf": 0.18911099433898926,
            "magnr": 22.965999603271484,
            "sigmagnr": 0.34299999475479126,
            "magzpsci": 26.246400833129883,
            "isdiffpos": "t",
            "ssdistnr": -999.0,
            "ssnamenr": "null",
            "drb": 0.9999979734420776
        },
        {
            "candid": 1110219663915015014,
            "jd": 2458864.7196644,
            "ra": 125.4060264,
            "dec": 40.8634698,
            "fid": 2,
            "nid": 1110,
            "magpsf": 19.713300704956055,
            "sigmapsf": 0.12398800253868103,
            "magnr": 21.680999755859375,
            "sigmagnr": 0.10400000214576721,
            "magzpsci": 26.281299591064453,
            "isdiffpos": "t",
            "ssdistnr": -999.0,
            "ssnamenr": "null",
            "drb": 0.999987006187439
        },
        {
            "candid": 1113269063915015020,
            "jd": 2458867.7690625,
            "ra": 125.4060162,
            "dec": 40.8634772,
            "fid": 2,
            "nid": 1113,
            "magpsf": 19.783000946044922,
            "sigmapsf": 0.1443610042333603,
            "magnr": 21.680999755859375,
            "sigmagnr": 0.10400000214576721,
            "magzpsci": 26.291000366210938,
            "isdiffpos": "t",
            "ssdistnr": -999.0,
            "ssnamenr": "null",
            "drb": 0.9999409914016724
        },
        {
            "candid": 1113400183915015019,
            "jd": 2458867.9001852,
            "ra": 125.4059578,
            "dec": 40.8634942,
            "fid": 1,
            "nid": 1113,
            "magpsf": 20.29199981689453,
            "sigmapsf": 0.22652900218963623,
            "magnr": 22.965999603271484,
            "sigmagnr": 0.34299999475479126,
            "magzpsci": 26.329999923706055,
            "isdiffpos": "t",
            "ssdistnr": -999.0,
            "ssnamenr": "-999.0",
            "drb": null
        },
        {
            "candid": 1117268033915015021,
            "jd": 2458871.7680324,
            "ra": 125.405991,
            "dec": 40.863472,
            "fid": 2,
            "nid": 1117,
            "magpsf": 19.83289909362793,
            "sigmapsf": 0.15040899813175201,
            "magnr": 21.680999755859375,
            "sigmagnr": 0.10400000214576721,
            "magzpsci": 26.313899993896484,
            "isdiffpos": "t",
            "ssdistnr": -999.0,
            "ssnamenr": "null",
            "drb": 0.9999899864196777
        },
        {
            "candid": 1119227223915015015,
            "jd": 2458873.7272222,
            "ra": 125.4059862,
            "dec": 40.8634548,
            "fid": 2,
            "nid": 1119,
            "magpsf": 19.78730010986328,
            "sigmapsf": 0.12257199734449387,
            "magnr": 21.680999755859375,
            "sigmagnr": 0.10400000214576721,
            "magzpsci": 26.288299560546875,
            "isdiffpos": "t",
            "ssdistnr": -999.0,
            "ssnamenr": "null",
            "drb": 0.9999989867210388
        },
        {
            "candid": 1120247893915015003,
            "jd": 2458874.7478935,
            "ra": 125.4060909,
            "dec": 40.8634838,
            "fid": 2,
            "nid": 1120,
            "magpsf": 19.92009925842285,
            "sigmapsf": 0.29099801182746887,
            "magnr": 21.680999755859375,
            "sigmagnr": 0.10400000214576721,
            "magzpsci": 25.664100646972656,
            "isdiffpos": "t",
            "ssdistnr": -999.0,
            "ssnamenr": "-999.0",
            "drb": null
        },
        {
            "candid": 1122219223915015017,
            "jd": 2458876.7192245,
            "ra": 125.4059613,
            "dec": 40.8634964,
            "fid": 1,
            "nid": 1122,
            "magpsf": 20.1737003326416,
            "sigmapsf": 0.20548200607299805,
            "magnr": 22.965999603271484,
            "sigmagnr": 0.34299999475479126,
            "magzpsci": 26.293699264526367,
            "isdiffpos": "t",
            "ssdistnr": -999.0,
            "ssnamenr": "null",
            "drb": 0.9999780058860779
        },
        {
            "candid": 1122219223915025019,
            "jd": 2458876.7192245,
            "ra": 125.4059608,
            "dec": 40.8634971,
            "fid": 1,
            "nid": 1122,
            "magpsf": 20.1830997467041,
            "sigmapsf": 0.20631399750709534,
            "magnr": 22.965999603271484,
            "sigmagnr": 0.34299999475479126,
            "magzpsci": 26.293100357055664,
            "isdiffpos": "t",
            "ssdistnr": -999.0,
            "ssnamenr": "-999.0",
            "drb": null
        },
        {
            "candid": 1125176113915015029,
            "jd": 2458879.6761111,
            "ra": 125.4061452,
            "dec": 40.8633365,
            "fid": 1,
            "nid": 1125,
            "magpsf": 20.079999923706055,
            "sigmapsf": 0.24239400029182434,
            "magnr": 22.965999603271484,
            "sigmagnr": 0.34299999475479126,
            "magzpsci": 26.188899993896484,
            "isdiffpos": "t",
            "ssdistnr": -999.0,
            "ssnamenr": "-999.0",
            "drb": null
        },
        {
            "candid": 1128170053915015019,
            "jd": 2458882.6700579,
            "ra": 125.4059366,
            "dec": 40.8633928,
            "fid": 2,
            "nid": 1128,
            "magpsf": 19.94849967956543,
            "sigmapsf": 0.2766459882259369,
            "magnr": 21.680999755859375,
            "sigmagnr": 0.10400000214576721,
            "magzpsci": 26.276500701904297,
            "isdiffpos": "t",
            "ssdistnr": -999.0,
            "ssnamenr": "-999.0",
            "drb": null
        },
        {
            "candid": 1130176583915015005,
            "jd": 2458884.6765856,
            "ra": 125.4060037,
            "dec": 40.8633773,
            "fid": 2,
            "nid": 1130,
            "magpsf": 19.58329963684082,
            "sigmapsf": 0.30223599076271057,
            "magnr": 21.680999755859375,
            "sigmagnr": 0.10400000214576721,
            "magzpsci": 26.275299072265625,
            "isdiffpos": "t",
            "ssdistnr": -999.0,
            "ssnamenr": "-999.0",
            "drb": null
        },
        {
            "candid": 1138278653915015013,
            "jd": 2458892.7786574,
            "ra": 125.4059978,
            "dec": 40.8634845,
            "fid": 2,
            "nid": 1138,
            "magpsf": 20.01609992980957,
            "sigmapsf": 0.19708800315856934,
            "magnr": 21.680999755859375,
            "sigmagnr": 0.10400000214576721,
            "magzpsci": 26.287099838256836,
            "isdiffpos": "t",
            "ssdistnr": -999.0,
            "ssnamenr": "null",
            "drb": 0.39875999093055725
        },
        {
            "candid": 1144227893915015032,
            "jd": 2458898.7278935,
            "ra": 125.4060026,
            "dec": 40.8634361,
            "fid": 1,
            "nid": 1144,
            "magpsf": 20.46150016784668,
            "sigmapsf": 0.22842000424861908,
            "magnr": 22.965999603271484,
            "sigmagnr": 0.34299999475479126,
            "magzpsci": 26.306499481201172,
            "isdiffpos": "t",
            "ssdistnr": -999.0,
            "ssnamenr": "-999.0",
            "drb": null
        },
        {
            "candid": 1144267163915015040,
            "jd": 2458898.7671644,
            "ra": 125.4059096,
            "dec": 40.8634624,
            "fid": 1,
            "nid": 1144,
            "magpsf": 20.362300872802734,
            "sigmapsf": 0.1962449997663498,
            "magnr": 22.965999603271484,
            "sigmagnr": 0.34299999475479126,
            "magzpsci": 26.30030059814453,
            "isdiffpos": "t",
            "ssdistnr": -999.0,
            "ssnamenr": "-999.0",
            "drb": null
        },
        {
            "candid": 1144303143915015014,
            "jd": 2458898.8031481,
            "ra": 125.4060203,
            "dec": 40.8634374,
            "fid": 2,
            "nid": 1144,
            "magpsf": 19.819700241088867,
            "sigmapsf": 0.14951099455356598,
            "magnr": 21.680999755859375,
            "sigmagnr": 0.10400000214576721,
            "magzpsci": 25.966699600219727,
            "isdiffpos": "t",
            "ssdistnr": -999.0,
            "ssnamenr": "-999.0",
            "drb": null
        },
        {
            "candid": 1146302603915015025,
            "jd": 2458900.8026042,
            "ra": 125.4059902,
            "dec": 40.8634854,
            "fid": 1,
            "nid": 1146,
            "magpsf": 20.302600860595703,
            "sigmapsf": 0.2591710090637207,
            "magnr": 22.965999603271484,
            "sigmagnr": 0.34299999475479126,
            "magzpsci": 26.31760025024414,
            "isdiffpos": "t",
            "ssdistnr": -999.0,
            "ssnamenr": "-999.0",
            "drb": null
        },
        {
            "candid": 1149183513915015019,
            "jd": 2458903.6835185,
            "ra": 125.4060243,
            "dec": 40.8634928,
            "fid": 2,
            "nid": 1149,
            "magpsf": 20.081199645996094,
            "sigmapsf": 0.17786100506782532,
            "magnr": 21.680999755859375,
            "sigmagnr": 0.10400000214576721,
            "magzpsci": 26.28420066833496,
            "isdiffpos": "t",
            "ssdistnr": -999.0,
            "ssnamenr": "null",
            "drb": 0.9999449849128723
        },
        {
            "candid": 1149205823915015016,
            "jd": 2458903.7058218,
            "ra": 125.405988,
            "dec": 40.8634806,
            "fid": 2,
            "nid": 1149,
            "magpsf": 20.02630043029785,
            "sigmapsf": 0.13832800090312958,
            "magnr": 21.680999755859375,
            "sigmagnr": 0.10400000214576721,
            "magzpsci": 26.2893009185791,
            "isdiffpos": "t",
            "ssdistnr": -999.0,
            "ssnamenr": "null",
            "drb": 0.9999470114707947
        },
        {
            "jd": 2458726.98703,
            "fid": 1,
            "diffmaglim": 19.94499969482422
        },
        {
            "jd": 2458727.00978,
            "fid": 2,
            "diffmaglim": 19.729999542236328
        },
        {
            "jd": 2458733.99197,
            "fid": 1,
            "diffmaglim": 20.040000915527344
        },
        {
            "jd": 2458734.01053,
            "fid": 2,
            "diffmaglim": 20.113000869750977
        },
        {
            "jd": 2458737.01013,
            "fid": 2,
            "diffmaglim": 20.231000900268555
        },
        {
            "jd": 2458739.96799,
            "fid": 2,
            "diffmaglim": 19.222999572753906
        },
        {
            "jd": 2458743.01404,
            "fid": 1,
            "diffmaglim": 16.774999618530273
        },
        {
            "jd": 2458774.01904,
            "fid": 2,
            "diffmaglim": 18.589000701904297
        },
        {
            "jd": 2458801.93304,
            "fid": 2,
            "diffmaglim": 17.509000778198242
        },
        {
            "jd": 2458828.80763,
            "fid": 2,
            "diffmaglim": 19.416000366210938
        },
        {
            "jd": 2458829.82218,
            "fid": 2,
            "diffmaglim": 17.437999725341797
        },
        {
            "jd": 2458830.72243,
            "fid": 1,
            "diffmaglim": 18.520000457763672
        },
        {
            "jd": 2458833.89723,
            "fid": 2,
            "diffmaglim": 19.549999237060547
        },
        {
            "jd": 2458835.01758,
            "fid": 2,
            "diffmaglim": 19.069000244140625
        },
        {
            "jd": 2458839.9972,
            "fid": 1,
            "diffmaglim": 16.93199920654297
        },
        {
            "jd": 2458860.8149,
            "fid": 2,
            "diffmaglim": 19.31800079345703
        },
        {
            "jd": 2458861.63566,
            "fid": 2,
            "diffmaglim": 19.072999954223633
        },
        {
            "jd": 2458861.85053,
            "fid": 1,
            "diffmaglim": 19.295000076293945
        },
        {
            "jd": 2458862.9306,
            "fid": 1,
            "diffmaglim": 19.378999710083008
        },
        {
            "jd": 2458863.68334,
            "fid": 1,
            "diffmaglim": 16.667999267578125
        },
        {
            "jd": 2458881.69764,
            "fid": 1,
            "diffmaglim": 19.95199966430664
        },
        {
            "jd": 2458883.70345,
            "fid": 2,
            "diffmaglim": 17.038999557495117
        },
        {
            "jd": 2458885.68709,
            "fid": 2,
            "diffmaglim": 18.610000610351562
        },
        {
            "jd": 2458890.80997,
            "fid": 1,
            "diffmaglim": 19.472000122070312
        },
        {
            "jd": 2458899.81095,
            "fid": 2,
            "diffmaglim": 20.613000869750977
        },
        {
            "jd": 2458900.69338,
            "fid": 2,
            "diffmaglim": 19.466999053955078
        }
    ],
    "forcedphot": []
}