{
    "objectId": "ZTF19aamowaf",
    "candidates": [
        {
            "candid": 803439546015025046,
            "jd": 2458557.9395486,
            "ra": 225.3545651,
            "dec": -13.7913236,
            "fid": 1,
            "nid": 803,
            "magpsf": 18.12179946899414,
            "sigmapsf": 0.09191600233316422,
            "magnr": 20.239999771118164,
            "sigmagnr": 0.09399999678134918,
            "magzpsci": 26.130800247192383,
            "isdiffpos": "t",
            "ssdistnr": -999.0,
            "ssnamenr": "null",
            "drb": null
        },
        {
            "candid": 807397166015015006,
            "jd": 2458561.8971644,
            "ra": 225.354559,
            "dec": -13.7912615,
            "fid": 2,
            "nid": 807,
            "magpsf": 17.98270034790039,
            "sigmapsf": 0.0944880023598671,
            "magnr": 19.71299934387207,
            "sigmagnr": 0.11299999803304672,
            "magzpsci": 26.016700744628906,
            "isdiffpos": "t",
            "ssdistnr": -999.0,
            "ssnamenr": "null",
            "drb": null
        },
        {
            "candid": 815376806015015010,
            "jd": 2458569.8768056,
            "ra": 225.3545725,
            "dec": -13.7912671,
            "fid": 2,
            "nid": 815,
            "magpsf": 17.962600708007812,
            "sigmapsf": 0.08785299956798553,
            "magnr": 19.71299934387207,
            "sigmagnr": 0.11299999803304672,
            "magzpsci": 25.63559913635254,
            "isdiffpos": "t",
            "ssdistnr": -999.0,
            "ssnamenr": "null",
            "drb": null
        },
        {
            "candid": 815398916015015018,
            "jd": 2458569.898912,
            "ra": 225.3545777,
            "dec": -13.7912384,
            "fid": 1,
            "nid": 815,
            "magpsf": 18.376300811767578,
            "sigmapsf": 0.10057500004768372,
            "magnr": 20.239999771118164,
            "sigmagnr": 0.09399999678134918,
            "magzpsci": 25.831300735473633,
            "isdiffpos": "t",
            "ssdistnr": -999.0,
            "ssnamenr": "null",
            "drb": null
        },
        {
            "candid": 820397186015015021,
            "jd": 2458574.8971875,
            "ra": 225.3545558,
            "dec": -13.7912542,
            "fid": 1,
            "nid": 820,
            "magpsf": 18.491899490356445,
            "sigmapsf": 0.07790400087833405,
            "magnr": 20.239999771118164,
            "sigmagnr": 0.09399999678134918,
            "magzpsci": 25.874900817871094,
            "isdiffpos": "t",
            "ssdistnr": -999.0,
            "ssnamenr": "null",
            "drb": null
        },
        {
            "candid": 820421516015015023,
            "jd": 2458574.9215162,
            "ra": 225.3545708,
            "dec": -13.7912662,
            "fid": 2,
            "nid": 820,
            "magpsf": 18.106199264526367,
            "sigmapsf": 0.11969300359487534,
            "magnr": 19.71299934387207,
            "sigmagnr": 0.11299999803304672,
            "magzpsci": 25.107200622558594,
            "isdiffpos": "t",
            "ssdistnr": -999.0,
            "ssnamenr": "null",
            "drb": null
        },
        {
            "candid": 828356636015015011,
            "jd": 2458582.8566319,
            "ra": 225.354584,
            "dec": -13.7912561,
            "fid": 1,
            "nid": 828,
            "magpsf": 18.725200653076172,
            "sigmapsf": 0.11372700333595276,
            "magnr": 20.239999771118164,
            "sigmagnr": 0.09399999678134918,
            "magzpsci": 25.5492000579834,
            "isdiffpos": "t",
            "ssdistnr": -999.0,
            "ssnamenr": "null",
            "drb": null
        },
        {
            "candid": 828401076015015003,
            "jd": 2458582.9010764,
            "ra": 225.3545707,
            "dec": -13.7911494,
            "fid": 2,
            "nid": 828,
            "magpsf": 18.052799224853516,
            "sigmapsf": 0.20347900688648224,
            "magnr": 19.71299934387207,
            "sigmagnr": 0.11299999803304672,
            "magzpsci": 24.369800567626953,
            "isdiffpos": "t",
            "ssdistnr": -999.0,
            "ssnamenr": "null",
            "drb": null
        },
        {
            "candid": 831274426015015013,
            "jd": 2458585.7744213,
            "ra": 225.3545798,
            "dec": -13.7912908,
            "fid": 1,
            "nid": 831,
            "magpsf": 18.740100860595703,
            "sigmapsf": 0.11435899883508682,
            "magnr": 20.239999771118164,
            "sigmagnr": 0.09399999678134918,
            "magzpsci": 25.912099838256836,
            "isdiffpos": "t",
            "ssdistnr": -999.0,
            "ssnamenr": "null",
            "drb": null
        },
        {
            "candid": 831333186015015033,
            "jd": 2458585.8331829,
            "ra": 225.3545655,
            "dec": -13.7912876,
            "fid": 2,
            "nid": 831,
            "magpsf": 18.202899932861328,
            "sigmapsf": 0.06601300090551376,
            "magnr": 19.71299934387207,
            "sigmagnr": 0.11299999803304672,
            "magzpsci": 25.95490074157715,
            "isdiffpos": "t",
            "ssdistnr": -999.0,
            "ssnamenr": "null",
            "drb": null
        },
        {
            "candid": 838419406015015010,
            "jd": 2458592.9194097,
            "ra": 225.3545423,
            "dec": -13.7912485,
            "fid": 1,
            "nid": 838,
            "magpsf": 18.72760009765625,
            "sigmapsf": 0.24344000220298767,
            "magnr": 20.239999771118164,
            "sigmagnr": 0.09399999678134918,
            "magzpsci": 26.087600708007812,
            "isdiffpos": "t",
            "ssdistnr": -999.0,
            "ssnamenr": "-999.0",
            "drb": null
        },
        {
            "candid": 844373176015015020,
            "jd": 2458598.8731713,
            "ra": 225.3545549,
            "dec": -13.7912583,
            "fid": 2,
            "nid": 844,
            "magpsf": 18.280799865722656,
            "sigmapsf": 0.08545400202274323,
            "magnr": 19.71299934387207,
            "sigmagnr": 0.11299999803304672,
            "magzpsci": 25.993799209594727,
            "isdiffpos": "t",
            "ssdistnr": -999.0,
            "ssnamenr": "null",
            "drb": null
        },
        {
            "candid": 854293726015015026,
            "jd": 2458608.7937269,
            "ra": 225.3545711,
            "dec": -13.7912911,
            "fid": 1,
            "nid": 854,
            "magpsf": 19.07509994506836,
            "sigmapsf": 0.11369699984788895,
            "magnr": 20.239999771118164,
            "sigmagnr": 0.09399999678134918,
            "magzpsci": 26.007099151611328,
            "isdiffpos": "t",
            "ssdistnr": -999.0,
            "ssnamenr": "null",
            "drb": null
        },
        {
            "candid": 854335946015015016,
            "jd": 2458608.8359491,
            "ra": 225.3545747,
            "dec": -13.7912667,
            "fid": 2,
            "nid": 854,
            "magpsf": 18.404699325561523,
            "sigmapsf": 0.09868399798870087,
            "magnr": 19.71299934387207,
            "sigmagnr": 0.11299999803304672,
            "magzpsci": 25.735700607299805,
            "isdiffpos": "t",
            "ssdistnr": -999.0,
            "ssnamenr": "null",
            "drb": null
        },
        {
            "candid": 863292696015015011,
            "jd": 2458617.7926968,
            "ra": 225.3545602,
            "dec": -13.7912826,
            "fid": 2,
            "nid": 863,
            "magpsf": 18.5314998626709,
            "sigmapsf": 0.09806399792432785,
            "magnr": 19.71299934387207,
            "sigmagnr": 0.11299999803304672,
            "magzpsci": 25.964500427246094,
            "isdiffpos": "t",
            "ssdistnr": -999.0,
            "ssnamenr": "null",
            "drb": null
        },
        {
            "candid": 863381156015015008,
            "jd": 2458617.8811574,
            "ra": 225.3545992,
            "dec": -13.7913363,
            "fid": 1,
            "nid": 863,
            "magpsf": 19.651500701904297,
            "sigmapsf": 0.20286700129508972,
            "magnr": 20.239999771118164,
            "sigmagnr": 0.09399999678134918,
            "magzpsci": 25.965499877929688,
            "isdiffpos": "t",
            "ssdistnr": -999.0,
            "ssnamenr": "null",
            "drb": null
        },
        {
            "candid": 880249316015015028,
            "jd": 2458634.7493171,
            "ra": 225.3545933,
            "dec": -13.7913125,
            "fid": 1,
            "nid": 880,
            "magpsf": 19.818700790405273,
            "sigmapsf": 0.18034400045871735,
            "magnr": 20.239999771118164,
            "sigmagnr": 0.09399999678134918,
            "magzpsci": 25.987699508666992,
            "isdiffpos": "t",
            "ssdistnr": -999.0,
            "ssnamenr": "null",
            "drb": null
        },
        {
            "candid": 880290016015015028,
            "jd": 2458634.7900116,
            "ra": 225.354555,
            "dec": -13.7912547,
            "fid": 2,
            "nid": 880,
            "magpsf": 18.956100463867188,
            "sigmapsf": 0.09063100069761276,
            "magnr": 19.71299934387207,
            "sigmagnr": 0.11299999803304672,
            "magzpsci": 25.925100326538086,
            "isdiffpos": "t",
            "ssdistnr": -999.0,
            "ssnamenr": "null",
            "drb": null
        },
        {
            "candid": 883295176015015022,
            "jd": 2458637.7951736,
            "ra": 225.3545659,
            "dec": -13.7912626,
            "fid": 2,
            "nid": 883,
            "magpsf": 18.945499420166016,
            "sigmapsf": 0.1004130020737648,
            "magnr": 19.71299934387207,
            "sigmagnr": 0.11299999803304672,
            "magzpsci": 25.916500091552734,
            "isdiffpos": "t",
            "ssdistnr": -999.0,
            "ssnamenr": "null",
            "drb": null
        },
        {
            "candid": 886251626015015015,
            "jd": 2458640.7516204,
            "ra": 225.3545746,
            "dec": -13.7912502,
            "fid": 2,
            "nid": 886,
            "magpsf": 19.04450035095215,
            "sigmapsf": 0.13292700052261353,
            "magnr": 19.71299934387207,
            "sigmagnr": 0.11299999803304672,
            "magzpsci": 25.960500717163086,
            "isdiffpos": "t",
            "ssdistnr": -999.0,
            "ssnamenr": "null",
            "drb": null
        },
        {
            "candid": 886318046015015017,
            "jd": 2458640.818044,
            "ra": 225.3545327,
            "dec": -13.7911907,
            "fid": 1,
            "nid": 886,
            "magpsf": 20.102500915527344,
            "sigmapsf": 0.24822500348091125,
            "magnr": 20.239999771118164,
            "sigmagnr": 0.09399999678134918,
            "magzpsci": 25.96649932861328,
            "isdiffpos": "t",
            "ssdistnr": -999.0,
            "ssnamenr": "-999.0",
            "drb": null
        },
        {
            "candid": 889189256015015011,
            "jd": 2458643.6892593,
            "ra": 225.3546031,
            "dec": -13.7913404,
            "fid": 1,
            "nid": 889,
            "magpsf": 20.149799346923828,
            "sigmapsf": 0.2848550081253052,
            "magnr": 20.239999771118164,
            "sigmagnr": 0.09399999678134918,
            "magzpsci": 26.056800842285156,
            "isdiffpos": "t",
            "ssdistnr": -999.0,
            "ssnamenr": "-999.0",
            "drb": null
        },
        {
            "candid": 889251536015015015,
            "jd": 2458643.7515394,
            "ra": 225.3545716,
            "dec": -13.7912172,
            "fid": 2,
            "nid": 889,
            "magpsf": 19.121999740600586,
            "sigmapsf": 0.12391199916601181,
            "magnr": 19.71299934387207,
            "sigmagnr": 0.11299999803304672,
            "magzpsci": 25.999000549316406,
            "isdiffpos": "t",
            "ssdistnr": -999.0,
            "ssnamenr": "null",
            "drb": null
        },
        {
            "jd": 2458557.87427,
            "fid": 2,
            "diffmaglim": 19.202999114990234
        },
        {
            "jd": 2458588.85763,
            "fid": 2,
            "diffmaglim": 17.13599967956543
        },
        {
            "jd": 2458592.81392,
            "fid": 2,
            "diffmaglim": 17.316999435424805
        }
    ],
    "forcedphot": []
}