{
    "objectId": "ZTF19aauxxgk",
    "candidates": [
        {
            "candid": 863348502715015010,
            "jd": 2458617.8485069,
            "ra": 296.9246779,
            "dec": 74.9983374,
            "fid": 2,
            "nid": 863,
            "magpsf": 18.84749984741211,
            "sigmapsf": 0.07126899808645248,
            "magnr": 19.527999877929688,
            "sigmagnr": 0.12200000137090683,
            "magzpsci": 26.0935001373291,
            "isdiffpos": "t",
            "ssdistnr": -999.0,
            "ssnamenr": "null",
            "drb": null
        },
        {
            "candid": 863393372715015003,
            "jd": 2458617.8933796,
            "ra": 296.9245968,
            "dec": 74.9983347,
            "fid": 1,
            "nid": 863,
            "magpsf": 18.42020034790039,
            "sigmapsf": 0.08481799811124802,
            "magnr": 19.92799949645996,
            "sigmagnr": 0.11699999868869781,
            "magzpsci": 26.06719970703125,
            "isdiffpos": "t",
            "ssdistnr": -999.0,
            "ssnamenr": "null",
            "drb": null
        },
        {
            "candid": 874446252715015007,
            "jd": 2458628.94625,
            "ra": 296.9246418,
            "dec": 74.9983259,
            "fid": 1,
            "nid": 874,
            "magpsf": 17.52869987487793,
            "sigmapsf": 0.054933998733758926,
            "magnr": 19.92799949645996,
            "sigmagnr": 0.11699999868869781,
            "magzpsci": 26.077699661254883,
            "isdiffpos": "t",
            "ssdistnr": -999.0,
            "ssnamenr": "null",
            "drb": null
        },
        {
            "candid": 880343572715015029,
            "jd": 2458634.8435764,
            "ra": 296.9246283,
            "dec": 74.998329,
            "fid": 2,
            "nid": 880,
            "magpsf": 17.569799423217773,
            "sigmapsf": 0.037438999861478806,
            "magnr": 19.527999877929688,
            "sigmagnr": 0.12200000137090683,
            "magzpsci": 26.083799362182617,
            "isdiffpos": "t",
            "ssdistnr": -999.0,
            "ssnamenr": "null",
            "drb": null
        },
        {
            "candid": 880456932715015030,
            "jd": 2458634.9569329,
            "ra": 296.9246191,
            "dec": 74.998326,
            "fid": 1,
            "nid": 880,
            "magpsf": 17.77239990234375,
            "sigmapsf": 0.05442899838089943,
            "magnr": 19.92799949645996,
            "sigmagnr": 0.11699999868869781,
            "magzpsci": 26.09239959716797,
            "isdiffpos": "t",
            "ssdistnr": -999.0,
            "ssnamenr": "null",
            "drb": null
        },
        {
            "candid": 883322312715015019,
            "jd": 2458637.8223148,
            "ra": 296.9246327,
            "dec": 74.9983378,
            "fid": 2,
            "nid": 883,
            "magpsf": 17.601900100708008,
            "sigmapsf": 0.04807399958372116,
            "magnr": 19.527999877929688,
            "sigmagnr": 0.12200000137090683,
            "magzpsci": 26.100900650024414,
            "isdiffpos": "t",
            "ssdistnr": -999.0,
            "ssnamenr": "null",
            "drb": null
        },
        {
            "candid": 883450302715015015,
            "jd": 2458637.9503009,
            "ra": 296.9246064,
            "dec": 74.9983306,
            "fid": 1,
            "nid": 883,
            "magpsf": 17.85740089416504,
            "sigmapsf": 0.05469600111246109,
            "magnr": 19.92799949645996,
            "sigmagnr": 0.11699999868869781,
            "magzpsci": 26.104400634765625,
            "isdiffpos": "t",
            "ssdistnr": -999.0,
            "ssnamenr": "null",
            "drb": null
        },
        {
            "candid": 886285992715015014,
            "jd": 2458640.7859954,
            "ra": 296.9246442,
            "dec": 74.9983497,
            "fid": 2,
            "nid": 886,
            "magpsf": 17.616300582885742,
            "sigmapsf": 0.049469999969005585,
            "magnr": 19.527999877929688,
            "sigmagnr": 0.12200000137090683,
            "magzpsci": 26.103300094604492,
            "isdiffpos": "t",
            "ssdistnr": -999.0,
            "ssnamenr": "null",
            "drb": null
        },
        {
            "candid": 886369012715015015,
            "jd": 2458640.8690162,
            "ra": 296.9246555,
            "dec": 74.99834,
            "fid": 1,
            "nid": 886,
            "magpsf": 17.935199737548828,
            "sigmapsf": 0.05014200136065483,
            "magnr": 19.92799949645996,
            "sigmagnr": 0.11699999868869781,
            "magzpsci": 26.11720085144043,
            "isdiffpos": "t",
            "ssdistnr": -999.0,
            "ssnamenr": "null",
            "drb": null
        },
        {
            "candid": 889265552715015015,
            "jd": 2458643.7655556,
            "ra": 296.9246405,
            "dec": 74.998341,
            "fid": 2,
            "nid": 889,
            "magpsf": 17.59440040588379,
            "sigmapsf": 0.050282999873161316,
            "magnr": 19.527999877929688,
            "sigmagnr": 0.12200000137090683,
            "magzpsci": 26.14240074157715,
            "isdiffpos": "t",
            "ssdistnr": -999.0,
            "ssnamenr": "null",
            "drb": null
        },
        {
            "candid": 889435532715015019,
            "jd": 2458643.9355324,
            "ra": 296.9246294,
            "dec": 74.9983094,
            "fid": 1,
            "nid": 889,
            "magpsf": 18.052099227905273,
            "sigmapsf": 0.06203500181436539,
            "magnr": 19.92799949645996,
            "sigmagnr": 0.11699999868869781,
            "magzpsci": 26.161100387573242,
            "isdiffpos": "t",
            "ssdistnr": -999.0,
            "ssnamenr": "null",
            "drb": null
        },
        {
            "candid": 892302192715015019,
            "jd": 2458646.8021991,
            "ra": 296.9246669,
            "dec": 74.9983267,
            "fid": 2,
            "nid": 892,
            "magpsf": 17.65060043334961,
            "sigmapsf": 0.0497330017387867,
            "magnr": 19.527999877929688,
            "sigmagnr": 0.12200000137090683,
            "magzpsci": 25.976600646972656,
            "isdiffpos": "t",
            "ssdistnr": -999.0,
            "ssnamenr": "null",
            "drb": null
        },
        {
            "candid": 892409172715015005,
            "jd": 2458646.9091782,
            "ra": 296.9245598,
            "dec": 74.9983435,
            "fid": 1,
            "nid": 892,
            "magpsf": 18.152299880981445,
            "sigmapsf": 0.05751499906182289,
            "magnr": 19.92799949645996,
            "sigmagnr": 0.11699999868869781,
            "magzpsci": 26.104299545288086,
            "isdiffpos": "t",
            "ssdistnr": -999.0,
            "ssnamenr": "null",
            "drb": null
        },
        {
            "candid": 895282372715015003,
            "jd": 2458649.7823727,
            "ra": 296.9245916,
            "dec": 74.9983373,
            "fid": 2,
            "nid": 895,
            "magpsf": 17.670900344848633,
            "sigmapsf": 0.057753998786211014,
            "magnr": 19.527999877929688,
            "sigmagnr": 0.12200000137090683,
            "magzpsci": 26.092899322509766,
            "isdiffpos": "t",
            "ssdistnr": -999.0,
            "ssnamenr": "null",
            "drb": null
        },
        {
            "candid": 895387032715015001,
            "jd": 2458649.887037,
            "ra": 296.92458,
            "dec": 74.9983489,
            "fid": 1,
            "nid": 895,
            "magpsf": 18.28849983215332,
            "sigmapsf": 0.08235300332307816,
            "magnr": 19.92799949645996,
            "sigmagnr": 0.11699999868869781,
            "magzpsci": 26.089500427246094,
            "isdiffpos": "t",
            "ssdistnr": -999.0,
            "ssnamenr": "null",
            "drb": null
        },
        {
            "candid": 898432542715015008,
            "jd": 2458652.9325463,
            "ra": 296.9246059,
            "dec": 74.9983209,
            "fid": 2,
            "nid": 898,
            "magpsf": 17.716899871826172,
            "sigmapsf": 0.05790499970316887,
            "magnr": 19.527999877929688,
            "sigmagnr": 0.12200000137090683,
            "magzpsci": 26.10689926147461,
            "isdiffpos": "t",
            "ssdistnr": -999.0,
            "ssnamenr": "null",
            "drb": null
        },
        {
            "candid": 898472702715015003,
            "jd": 2458652.9727083,
            "ra": 296.9245413,
            "dec": 74.9983287,
            "fid": 1,
            "nid": 898,
            "magpsf": 18.294300079345703,
            "sigmapsf": 0.09791199862957001,
            "magnr": 19.92799949645996,
            "sigmagnr": 0.11699999868869781,
            "magzpsci": 26.087299346923828,
            "isdiffpos": "t",
            "ssdistnr": -999.0,
            "ssnamenr": "null",
            "drb": null
        },
        {
            "candid": 900310432715015005,
            "jd": 2458654.8104398,
            "ra": 296.9244999,
            "dec": 74.9983446,
            "fid": 1,
            "nid": 900,
            "magpsf": 18.365699768066406,
            "sigmapsf": 0.10868000239133835,
            "magnr": 19.92799949645996,
            "sigmagnr": 0.11699999868869781,
            "magzpsci": 26.093700408935547,
            "isdiffpos": "t",
            "ssdistnr": -999.0,
            "ssnamenr": "null",
            "drb": null
        },
        {
            "candid": 900430422715015011,
            "jd": 2458654.9304282,
            "ra": 296.9246045,
            "dec": 74.9983279,
            "fid": 2,
            "nid": 900,
            "magpsf": 17.752199172973633,
            "sigmapsf": 0.05060800164937973,
            "magnr": 19.527999877929688,
            "sigmagnr": 0.12200000137090683,
            "magzpsci": 26.121200561523438,
            "isdiffpos": "t",
            "ssdistnr": -999.0,
            "ssnamenr": "null",
            "drb": null
        },
        {
            "candid": 901304062715015009,
            "jd": 2458655.8040625,
            "ra": 296.9244936,
            "dec": 74.9983146,
            "fid": 1,
            "nid": 901,
            "magpsf": 18.436100006103516,
            "sigmapsf": 0.08991699665784836,
            "magnr": 19.92799949645996,
            "sigmagnr": 0.11699999868869781,
            "magzpsci": 26.157100677490234,
            "isdiffpos": "t",
            "ssdistnr": -999.0,
            "ssnamenr": "null",
            "drb": null
        },
        {
            "candid": 901341302715015014,
            "jd": 2458655.8413079,
            "ra": 296.9246068,
            "dec": 74.9983164,
            "fid": 2,
            "nid": 901,
            "magpsf": 17.799400329589844,
            "sigmapsf": 0.05887699872255325,
            "magnr": 19.527999877929688,
            "sigmagnr": 0.12200000137090683,
            "magzpsci": 26.17639923095703,
            "isdiffpos": "t",
            "ssdistnr": -999.0,
            "ssnamenr": "null",
            "drb": null
        },
        {
            "candid": 901390602715015007,
            "jd": 2458655.8906019,
            "ra": 296.9245851,
            "dec": 74.9983248,
            "fid": 2,
            "nid": 901,
            "magpsf": 17.774799346923828,
            "sigmapsf": 0.061847999691963196,
            "magnr": 19.527999877929688,
            "sigmagnr": 0.12200000137090683,
            "magzpsci": 26.167800903320312,
            "isdiffpos": "t",
            "ssdistnr": -999.0,
            "ssnamenr": "null",
            "drb": null
        },
        {
            "candid": 903409242715015011,
            "jd": 2458657.9092477,
            "ra": 296.9245793,
            "dec": 74.9983168,
            "fid": 2,
            "nid": 903,
            "magpsf": 17.793699264526367,
            "sigmapsf": 0.03881299868226051,
            "magnr": 19.527999877929688,
            "sigmagnr": 0.12200000137090683,
            "magzpsci": 26.157699584960938,
            "isdiffpos": "t",
            "ssdistnr": -999.0,
            "ssnamenr": "null",
            "drb": null
        },
        {
            "candid": 908332212715015017,
            "jd": 2458662.8322106,
            "ra": 296.9246082,
            "dec": 74.9983359,
            "fid": 2,
            "nid": 908,
            "magpsf": 17.845600128173828,
            "sigmapsf": 0.05539200082421303,
            "magnr": 19.527999877929688,
            "sigmagnr": 0.12200000137090683,
            "magzpsci": 26.175600051879883,
            "isdiffpos": "t",
            "ssdistnr": -999.0,
            "ssnamenr": "null",
            "drb": null
        },
        {
            "candid": 908448022715015021,
            "jd": 2458662.9480208,
            "ra": 296.9245191,
            "dec": 74.9983296,
            "fid": 1,
            "nid": 908,
            "magpsf": 18.672399520874023,
            "sigmapsf": 0.07546400278806686,
            "magnr": 19.92799949645996,
            "sigmagnr": 0.11699999868869781,
            "magzpsci": 26.156400680541992,
            "isdiffpos": "t",
            "ssdistnr": -999.0,
            "ssnamenr": "null",
            "drb": null
        },
        {
            "candid": 911242222715015021,
            "jd": 2458665.7422222,
            "ra": 296.9245863,
            "dec": 74.9983432,
            "fid": 1,
            "nid": 911,
            "magpsf": 18.72279930114746,
            "sigmapsf": 0.07625100016593933,
            "magnr": 19.92799949645996,
            "sigmagnr": 0.11699999868869781,
            "magzpsci": 26.143800735473633,
            "isdiffpos": "t",
            "ssdistnr": -999.0,
            "ssnamenr": "null",
            "drb": null
        },
        {
            "candid": 911446962715015046,
            "jd": 2458665.9469676,
            "ra": 296.9246187,
            "dec": 74.9983302,
            "fid": 2,
            "nid": 911,
            "magpsf": 17.896299362182617,
            "sigmapsf": 0.044050998985767365,
            "magnr": 19.527999877929688,
            "sigmagnr": 0.12200000137090683,
            "magzpsci": 26.174299240112305,
            "isdiffpos": "t",
            "ssdistnr": -999.0,
            "ssnamenr": "null",
            "drb": null
        },
        {
            "candid": 914310672715015020,
            "jd": 2458668.8106713,
            "ra": 296.92452,
            "dec": 74.9983503,
            "fid": 1,
            "nid": 914,
            "magpsf": 18.75160026550293,
            "sigmapsf": 0.0777290016412735,
            "magnr": 19.92799949645996,
            "sigmagnr": 0.11699999868869781,
            "magzpsci": 26.173599243164062,
            "isdiffpos": "t",
            "ssdistnr": -999.0,
            "ssnamenr": "null",
            "drb": null
        },
        {
            "candid": 914347302715015027,
            "jd": 2458668.8473032,
            "ra": 296.9245872,
            "dec": 74.9983258,
            "fid": 2,
            "nid": 914,
            "magpsf": 17.92020034790039,
            "sigmapsf": 0.047237999737262726,
            "magnr": 19.527999877929688,
            "sigmagnr": 0.12200000137090683,
            "magzpsci": 26.172199249267578,
            "isdiffpos": "t",
            "ssdistnr": -999.0,
            "ssnamenr": "null",
            "drb": null
        },
        {
            "candid": 920310612715015027,
            "jd": 2458674.8106134,
            "ra": 296.9246199,
            "dec": 74.9983429,
            "fid": 2,
            "nid": 920,
            "magpsf": 18.019699096679688,
            "sigmapsf": 0.05711600184440613,
            "magnr": 19.527999877929688,
            "sigmagnr": 0.12200000137090683,
            "magzpsci": 26.168699264526367,
            "isdiffpos": "t",
            "ssdistnr": -999.0,
            "ssnamenr": "null",
            "drb": null
        },
        {
            "candid": 920323342715015009,
            "jd": 2458674.8233449,
            "ra": 296.9246167,
            "dec": 74.998333,
            "fid": 1,
            "nid": 920,
            "magpsf": 18.867599487304688,
            "sigmapsf": 0.0715629979968071,
            "magnr": 19.92799949645996,
            "sigmagnr": 0.11699999868869781,
            "magzpsci": 26.143600463867188,
            "isdiffpos": "t",
            "ssdistnr": -999.0,
            "ssnamenr": "null",
            "drb": null
        },
        {
            "candid": 929233512715015016,
            "jd": 2458683.7335185,
            "ra": 296.9247173,
            "dec": 74.9983597,
            "fid": 2,
            "nid": 929,
            "magpsf": 18.125,
            "sigmapsf": 0.044256001710891724,
            "magnr": 19.527999877929688,
            "sigmagnr": 0.12200000137090683,
            "magzpsci": 26.156999588012695,
            "isdiffpos": "t",
            "ssdistnr": -999.0,
            "ssnamenr": "null",
            "drb": null
        },
        {
            "candid": 929262242715015007,
            "jd": 2458683.7622454,
            "ra": 296.9246509,
            "dec": 74.9983439,
            "fid": 2,
            "nid": 929,
            "magpsf": 18.114700317382812,
            "sigmapsf": 0.057385001331567764,
            "magnr": 19.527999877929688,
            "sigmagnr": 0.12200000137090683,
            "magzpsci": 26.165700912475586,
            "isdiffpos": "t",
            "ssdistnr": -999.0,
            "ssnamenr": "null",
            "drb": null
        },
        {
            "candid": 929291262715015107,
            "jd": 2458683.7912616,
            "ra": 296.9246461,
            "dec": 74.9983663,
            "fid": 1,
            "nid": 929,
            "magpsf": 19.093900680541992,
            "sigmapsf": 0.14197899401187897,
            "magnr": 19.92799949645996,
            "sigmagnr": 0.11699999868869781,
            "magzpsci": 26.037900924682617,
            "isdiffpos": "t",
            "ssdistnr": -999.0,
            "ssnamenr": "null",
            "drb": null
        },
        {
            "candid": 930252332715015014,
            "jd": 2458684.752338,
            "ra": 296.9246396,
            "dec": 74.9983555,
            "fid": 2,
            "nid": 930,
            "magpsf": 18.13949966430664,
            "sigmapsf": 0.05689999833703041,
            "magnr": 19.527999877929688,
            "sigmagnr": 0.12200000137090683,
            "magzpsci": 26.157499313354492,
            "isdiffpos": "t",
            "ssdistnr": -999.0,
            "ssnamenr": "null",
            "drb": null
        },
        {
            "candid": 930281032715015008,
            "jd": 2458684.7810301,
            "ra": 296.9245723,
            "dec": 74.9983597,
            "fid": 1,
            "nid": 930,
            "magpsf": 19.12579917907715,
            "sigmapsf": 0.10911600291728973,
            "magnr": 19.92799949645996,
            "sigmagnr": 0.11699999868869781,
            "magzpsci": 26.16080093383789,
            "isdiffpos": "t",
            "ssdistnr": -999.0,
            "ssnamenr": "null",
            "drb": null
        },
        {
            "candid": 931354252715015024,
            "jd": 2458685.8542593,
            "ra": 296.924615,
            "dec": 74.9983444,
            "fid": 2,
            "nid": 931,
            "magpsf": 18.158300399780273,
            "sigmapsf": 0.05325299873948097,
            "magnr": 19.527999877929688,
            "sigmagnr": 0.12200000137090683,
            "magzpsci": 26.15530014038086,
            "isdiffpos": "t",
            "ssdistnr": -999.0,
            "ssnamenr": "null",
            "drb": null
        },
        {
            "candid": 931378712715015003,
            "jd": 2458685.8787153,
            "ra": 296.9245659,
            "dec": 74.9983615,
            "fid": 1,
            "nid": 931,
            "magpsf": 19.21649932861328,
            "sigmapsf": 0.11856900155544281,
            "magnr": 19.92799949645996,
            "sigmagnr": 0.11699999868869781,
            "magzpsci": 26.133499145507812,
            "isdiffpos": "t",
            "ssdistnr": -999.0,
            "ssnamenr": "null",
            "drb": null
        },
        {
            "candid": 934381462715015009,
            "jd": 2458688.8814699,
            "ra": 296.9246386,
            "dec": 74.9983413,
            "fid": 2,
            "nid": 934,
            "magpsf": 18.20840072631836,
            "sigmapsf": 0.05730700120329857,
            "magnr": 19.527999877929688,
            "sigmagnr": 0.12200000137090683,
            "magzpsci": 26.104400634765625,
            "isdiffpos": "t",
            "ssdistnr": -999.0,
            "ssnamenr": "-999.0",
            "drb": null
        },
        {
            "candid": 934454382715015004,
            "jd": 2458688.9543866,
            "ra": 296.9246112,
            "dec": 74.9983521,
            "fid": 1,
            "nid": 934,
            "magpsf": 19.296600341796875,
            "sigmapsf": 0.11013499647378922,
            "magnr": 19.92799949645996,
            "sigmagnr": 0.11699999868869781,
            "magzpsci": 26.08060073852539,
            "isdiffpos": "t",
            "ssdistnr": -999.0,
            "ssnamenr": "-999.0",
            "drb": null
        },
        {
            "candid": 936287852715015020,
            "jd": 2458690.7878588,
            "ra": 296.9245913,
            "dec": 74.9983832,
            "fid": 1,
            "nid": 936,
            "magpsf": 19.359600067138672,
            "sigmapsf": 0.11083000153303146,
            "magnr": 19.92799949645996,
            "sigmagnr": 0.11699999868869781,
            "magzpsci": 26.03860092163086,
            "isdiffpos": "t",
            "ssdistnr": -999.0,
            "ssnamenr": "null",
            "drb": null
        },
        {
            "candid": 936377732715015018,
            "jd": 2458690.8777315,
            "ra": 296.9245726,
            "dec": 74.9983287,
            "fid": 2,
            "nid": 936,
            "magpsf": 18.280799865722656,
            "sigmapsf": 0.0549979992210865,
            "magnr": 19.527999877929688,
            "sigmagnr": 0.12200000137090683,
            "magzpsci": 26.076799392700195,
            "isdiffpos": "t",
            "ssdistnr": -999.0,
            "ssnamenr": "null",
            "drb": null
        },
        {
            "candid": 937368032715015023,
            "jd": 2458691.8680324,
            "ra": 296.9246167,
            "dec": 74.9983604,
            "fid": 2,
            "nid": 937,
            "magpsf": 18.28190040588379,
            "sigmapsf": 0.06032500043511391,
            "magnr": 19.527999877929688,
            "sigmagnr": 0.12200000137090683,
            "magzpsci": 26.120899200439453,
            "isdiffpos": "t",
            "ssdistnr": -999.0,
            "ssnamenr": "null",
            "drb": null
        },
        {
            "candid": 937445762715015009,
            "jd": 2458691.9457639,
            "ra": 296.9244255,
            "dec": 74.9983235,
            "fid": 1,
            "nid": 937,
            "magpsf": 19.48699951171875,
            "sigmapsf": 0.11166399717330933,
            "magnr": 19.92799949645996,
            "sigmagnr": 0.11699999868869781,
            "magzpsci": 26.086000442504883,
            "isdiffpos": "t",
            "ssdistnr": -999.0,
            "ssnamenr": "null",
            "drb": null
        },
        {
            "candid": 938341602715015021,
            "jd": 2458692.8416088,
            "ra": 296.9246321,
            "dec": 74.9983233,
            "fid": 2,
            "nid": 938,
            "magpsf": 18.3351993560791,
            "sigmapsf": 0.06283300369977951,
            "magnr": 19.527999877929688,
            "sigmagnr": 0.12200000137090683,
            "magzpsci": 26.107200622558594,
            "isdiffpos": "t",
            "ssdistnr": -999.0,
            "ssnamenr": "null",
            "drb": null
        },
        {
            "candid": 938359902715015017,
            "jd": 2458692.8599074,
            "ra": 296.9246215,
            "dec": 74.9983568,
            "fid": 1,
            "nid": 938,
            "magpsf": 19.41309928894043,
            "sigmapsf": 0.1516450047492981,
            "magnr": 19.92799949645996,
            "sigmagnr": 0.11699999868869781,
            "magzpsci": 25.958099365234375,
            "isdiffpos": "t",
            "ssdistnr": -999.0,
            "ssnamenr": "null",
            "drb": null
        },
        {
            "candid": 939300842715015024,
            "jd": 2458693.8008449,
            "ra": 296.924699,
            "dec": 74.9983584,
            "fid": 1,
            "nid": 939,
            "magpsf": 19.516599655151367,
            "sigmapsf": 0.12333499640226364,
            "magnr": 19.92799949645996,
            "sigmagnr": 0.11699999868869781,
            "magzpsci": 26.12660026550293,
            "isdiffpos": "t",
            "ssdistnr": -999.0,
            "ssnamenr": "null",
            "drb": null
        },
        {
            "candid": 939353272715015036,
            "jd": 2458693.8532755,
            "ra": 296.9246186,
            "dec": 74.9983383,
            "fid": 2,
            "nid": 939,
            "magpsf": 18.358299255371094,
            "sigmapsf": 0.05146399885416031,
            "magnr": 19.527999877929688,
            "sigmagnr": 0.12200000137090683,
            "magzpsci": 26.14229965209961,
            "isdiffpos": "t",
            "ssdistnr": -999.0,
            "ssnamenr": "null",
            "drb": null
        },
        {
            "candid": 940350502715015058,
            "jd": 2458694.8505093,
            "ra": 296.9246508,
            "dec": 74.998349,
            "fid": 2,
            "nid": 940,
            "magpsf": 18.33370018005371,
            "sigmapsf": 0.03971000015735626,
            "magnr": 19.527999877929688,
            "sigmagnr": 0.12200000137090683,
            "magzpsci": 26.097700119018555,
            "isdiffpos": "t",
            "ssdistnr": -999.0,
            "ssnamenr": "null",
            "drb": null
        },
        {
            "candid": 941321772715015021,
            "jd": 2458695.8217708,
            "ra": 296.9245892,
            "dec": 74.9983675,
            "fid": 1,
            "nid": 941,
            "magpsf": 19.77989959716797,
            "sigmapsf": 0.15167799592018127,
            "magnr": 19.92799949645996,
            "sigmagnr": 0.11699999868869781,
            "magzpsci": 26.094900131225586,
            "isdiffpos": "t",
            "ssdistnr": -999.0,
            "ssnamenr": "null",
            "drb": null
        },
        {
            "candid": 942294802715015052,
            "jd": 2458696.7948032,
            "ra": 296.9246364,
            "dec": 74.9983408,
            "fid": 2,
            "nid": 942,
            "magpsf": 18.454599380493164,
            "sigmapsf": 0.0723240002989769,
            "magnr": 19.527999877929688,
            "sigmagnr": 0.12200000137090683,
            "magzpsci": 26.141599655151367,
            "isdiffpos": "t",
            "ssdistnr": -999.0,
            "ssnamenr": "null",
            "drb": null
        },
        {
            "candid": 942322922715015030,
            "jd": 2458696.8229282,
            "ra": 296.9244633,
            "dec": 74.9983308,
            "fid": 1,
            "nid": 942,
            "magpsf": 19.767499923706055,
            "sigmapsf": 0.1281300038099289,
            "magnr": 19.92799949645996,
            "sigmagnr": 0.11699999868869781,
            "magzpsci": 26.114500045776367,
            "isdiffpos": "t",
            "ssdistnr": -999.0,
            "ssnamenr": "null",
            "drb": null
        },
        {
            "candid": 943315842715015041,
            "jd": 2458697.8158449,
            "ra": 296.9245433,
            "dec": 74.9983485,
            "fid": 2,
            "nid": 943,
            "magpsf": 18.511999130249023,
            "sigmapsf": 0.06785599887371063,
            "magnr": 19.527999877929688,
            "sigmagnr": 0.12200000137090683,
            "magzpsci": 26.128999710083008,
            "isdiffpos": "t",
            "ssdistnr": -999.0,
            "ssnamenr": "null",
            "drb": null
        },
        {
            "candid": 944297192715015035,
            "jd": 2458698.7971991,
            "ra": 296.9246398,
            "dec": 74.9983353,
            "fid": 2,
            "nid": 944,
            "magpsf": 18.510400772094727,
            "sigmapsf": 0.08199399709701538,
            "magnr": 19.527999877929688,
            "sigmagnr": 0.12200000137090683,
            "magzpsci": 25.638399124145508,
            "isdiffpos": "t",
            "ssdistnr": -999.0,
            "ssnamenr": "null",
            "drb": null
        },
        {
            "candid": 945297292715015045,
            "jd": 2458699.7972917,
            "ra": 296.924595,
            "dec": 74.998347,
            "fid": 2,
            "nid": 945,
            "magpsf": 18.43950080871582,
            "sigmapsf": 0.07179900258779526,
            "magnr": 19.527999877929688,
            "sigmagnr": 0.12200000137090683,
            "magzpsci": 25.629499435424805,
            "isdiffpos": "t",
            "ssdistnr": -999.0,
            "ssnamenr": "null",
            "drb": null
        },
        {
            "candid": 945324862715015017,
            "jd": 2458699.8248611,
            "ra": 296.9248193,
            "dec": 74.9983882,
            "fid": 1,
            "nid": 945,
            "magpsf": 19.863800048828125,
            "sigmapsf": 0.1513720005750656,
            "magnr": 19.92799949645996,
            "sigmagnr": 0.11699999868869781,
            "magzpsci": 26.09280014038086,
            "isdiffpos": "t",
            "ssdistnr": -999.0,
            "ssnamenr": "null",
            "drb": null
        },
        {
            "candid": 946293842715015050,
            "jd": 2458700.7938426,
            "ra": 296.9246307,
            "dec": 74.998344,
            "fid": 2,
            "nid": 946,
            "magpsf": 18.567699432373047,
            "sigmapsf": 0.067051000893116,
            "magnr": 19.527999877929688,
            "sigmagnr": 0.12200000137090683,
            "magzpsci": 26.138700485229492,
            "isdiffpos": "t",
            "ssdistnr": -999.0,
            "ssnamenr": "null",
            "drb": null
        },
        {
            "candid": 946321432715015063,
            "jd": 2458700.8214352,
            "ra": 296.9246059,
            "dec": 74.9983322,
            "fid": 1,
            "nid": 946,
            "magpsf": 19.809200286865234,
            "sigmapsf": 0.1311040073633194,
            "magnr": 19.92799949645996,
            "sigmagnr": 0.11699999868869781,
            "magzpsci": 26.119199752807617,
            "isdiffpos": "t",
            "ssdistnr": -999.0,
            "ssnamenr": "null",
            "drb": null
        },
        {
            "candid": 947297452715015014,
            "jd": 2458701.7974537,
            "ra": 296.9246867,
            "dec": 74.9983296,
            "fid": 2,
            "nid": 947,
            "magpsf": 18.610599517822266,
            "sigmapsf": 0.07756900042295456,
            "magnr": 19.527999877929688,
            "sigmagnr": 0.12200000137090683,
            "magzpsci": 26.082599639892578,
            "isdiffpos": "t",
            "ssdistnr": -999.0,
            "ssnamenr": "null",
            "drb": null
        },
        {
            "candid": 947324872715015037,
            "jd": 2458701.8248727,
            "ra": 296.9247404,
            "dec": 74.998335,
            "fid": 1,
            "nid": 947,
            "magpsf": 20.1742000579834,
            "sigmapsf": 0.21067599952220917,
            "magnr": 19.92799949645996,
            "sigmagnr": 0.11699999868869781,
            "magzpsci": 26.002199172973633,
            "isdiffpos": "t",
            "ssdistnr": -999.0,
            "ssnamenr": "null",
            "drb": null
        },
        {
            "candid": 948296782715015045,
            "jd": 2458702.7967824,
            "ra": 296.9245933,
            "dec": 74.9983199,
            "fid": 2,
            "nid": 948,
            "magpsf": 18.627099990844727,
            "sigmapsf": 0.05451900139451027,
            "magnr": 19.527999877929688,
            "sigmagnr": 0.12200000137090683,
            "magzpsci": 26.050100326538086,
            "isdiffpos": "t",
            "ssdistnr": -999.0,
            "ssnamenr": "null",
            "drb": null
        },
        {
            "candid": 948324002715015031,
            "jd": 2458702.8240046,
            "ra": 296.9246353,
            "dec": 74.9983313,
            "fid": 1,
            "nid": 948,
            "magpsf": 20.17020034790039,
            "sigmapsf": 0.21421700716018677,
            "magnr": 19.92799949645996,
            "sigmagnr": 0.11699999868869781,
            "magzpsci": 25.99720001220703,
            "isdiffpos": "t",
            "ssdistnr": -999.0,
            "ssnamenr": "null",
            "drb": null
        },
        {
            "candid": 949298492715015031,
            "jd": 2458703.7984954,
            "ra": 296.9245889,
            "dec": 74.9983182,
            "fid": 2,
            "nid": 949,
            "magpsf": 18.73900032043457,
            "sigmapsf": 0.061381999403238297,
            "magnr": 19.527999877929688,
            "sigmagnr": 0.12200000137090683,
            "magzpsci": 26.101999282836914,
            "isdiffpos": "t",
            "ssdistnr": -999.0,
            "ssnamenr": "null",
            "drb": null
        },
        {
            "candid": 949324372715015021,
            "jd": 2458703.824375,
            "ra": 296.9244799,
            "dec": 74.9983485,
            "fid": 1,
            "nid": 949,
            "magpsf": 20.035499572753906,
            "sigmapsf": 0.15378299355506897,
            "magnr": 19.92799949645996,
            "sigmagnr": 0.11699999868869781,
            "magzpsci": 26.0575008392334,
            "isdiffpos": "t",
            "ssdistnr": -999.0,
            "ssnamenr": "null",
            "drb": null
        },
        {
            "candid": 950293182715015028,
            "jd": 2458704.7931829,
            "ra": 296.9246192,
            "dec": 74.9982933,
            "fid": 2,
            "nid": 950,
            "magpsf": 18.795700073242188,
            "sigmapsf": 0.0711819976568222,
            "magnr": 19.527999877929688,
            "sigmagnr": 0.12200000137090683,
            "magzpsci": 26.149700164794922,
            "isdiffpos": "t",
            "ssdistnr": -999.0,
            "ssnamenr": "null",
            "drb": null
        },
        {
            "candid": 950319882715015013,
            "jd": 2458704.8198843,
            "ra": 296.9245139,
            "dec": 74.9983717,
            "fid": 1,
            "nid": 950,
            "magpsf": 20.26609992980957,
            "sigmapsf": 0.2822340130805969,
            "magnr": 19.92799949645996,
            "sigmagnr": 0.11699999868869781,
            "magzpsci": 26.132099151611328,
            "isdiffpos": "t",
            "ssdistnr": -999.0,
            "ssnamenr": "-999.0",
            "drb": null
        },
        {
            "candid": 951210532715015019,
            "jd": 2458705.7105324,
            "ra": 296.924619,
            "dec": 74.9983506,
            "fid": 2,
            "nid": 951,
            "magpsf": 18.803199768066406,
            "sigmapsf": 0.09347499907016754,
            "magnr": 19.527999877929688,
            "sigmagnr": 0.12200000137090683,
            "magzpsci": 26.13319969177246,
            "isdiffpos": "t",
            "ssdistnr": -999.0,
            "ssnamenr": "null",
            "drb": null
        },
        {
            "candid": 951240042715015003,
            "jd": 2458705.7400463,
            "ra": 296.9247259,
            "dec": 74.9984066,
            "fid": 1,
            "nid": 951,
            "magpsf": 20.3075008392334,
            "sigmapsf": 0.2596360146999359,
            "magnr": 19.92799949645996,
            "sigmagnr": 0.11699999868869781,
            "magzpsci": 26.102500915527344,
            "isdiffpos": "t",
            "ssdistnr": -999.0,
            "ssnamenr": "-999.0",
            "drb": null
        },
        {
            "candid": 952213222715015038,
            "jd": 2458706.7132292,
            "ra": 296.9244567,
            "dec": 74.9983369,
            "fid": 2,
            "nid": 952,
            "magpsf": 18.94420051574707,
            "sigmapsf": 0.10697899758815765,
            "magnr": 19.527999877929688,
            "sigmagnr": 0.12200000137090683,
            "magzpsci": 26.151199340820312,
            "isdiffpos": "t",
            "ssdistnr": -999.0,
            "ssnamenr": "null",
            "drb": null
        },
        {
            "candid": 952243062715015018,
            "jd": 2458706.7430671,
            "ra": 296.9243938,
            "dec": 74.9983603,
            "fid": 1,
            "nid": 952,
            "magpsf": 20.375699996948242,
            "sigmapsf": 0.3047580122947693,
            "magnr": 19.92799949645996,
            "sigmagnr": 0.11699999868869781,
            "magzpsci": 26.10770034790039,
            "isdiffpos": "t",
            "ssdistnr": -999.0,
            "ssnamenr": "-999.0",
            "drb": null
        },
        {
            "candid": 953210122715015018,
            "jd": 2458707.7101273,
            "ra": 296.9246434,
            "dec": 74.9983359,
            "fid": 2,
            "nid": 953,
            "magpsf": 19.011699676513672,
            "sigmapsf": 0.10954199731349945,
            "magnr": 19.527999877929688,
            "sigmagnr": 0.12200000137090683,
            "magzpsci": 26.15570068359375,
            "isdiffpos": "t",
            "ssdistnr": -999.0,
            "ssnamenr": "null",
            "drb": null
        },
        {
            "candid": 954211592715015012,
            "jd": 2458708.7115972,
            "ra": 296.9244963,
            "dec": 74.9983582,
            "fid": 2,
            "nid": 954,
            "magpsf": 19.040300369262695,
            "sigmapsf": 0.11565399914979935,
            "magnr": 19.527999877929688,
            "sigmagnr": 0.12200000137090683,
            "magzpsci": 26.139299392700195,
            "isdiffpos": "t",
            "ssdistnr": -999.0,
            "ssnamenr": "null",
            "drb": null
        },
        {
            "candid": 956192482715015018,
            "jd": 2458710.6924884,
            "ra": 296.9245792,
            "dec": 74.9983493,
            "fid": 2,
            "nid": 956,
            "magpsf": 19.22760009765625,
            "sigmapsf": 0.12108699977397919,
            "magnr": 19.527999877929688,
            "sigmagnr": 0.12200000137090683,
            "magzpsci": 26.16860008239746,
            "isdiffpos": "t",
            "ssdistnr": -999.0,
            "ssnamenr": "null",
            "drb": null
        },
        {
            "candid": 957191872715015014,
            "jd": 2458711.691875,
            "ra": 296.9247437,
            "dec": 74.99838,
            "fid": 2,
            "nid": 957,
            "magpsf": 19.304000854492188,
            "sigmapsf": 0.12359800189733505,
            "magnr": 19.527999877929688,
            "sigmagnr": 0.12200000137090683,
            "magzpsci": 26.174999237060547,
            "isdiffpos": "t",
            "ssdistnr": -999.0,
            "ssnamenr": "null",
            "drb": 0.9999970197677612
        },
        {
            "candid": 960192442715015029,
            "jd": 2458714.6924421,
            "ra": 296.9245019,
            "dec": 74.9983423,
            "fid": 2,
            "nid": 960,
            "magpsf": 19.643400192260742,
            "sigmapsf": 0.15904399752616882,
            "magnr": 19.527999877929688,
            "sigmagnr": 0.12200000137090683,
            "magzpsci": 26.143400192260742,
            "isdiffpos": "t",
            "ssdistnr": -999.0,
            "ssnamenr": "null",
            "drb": 0.9998329877853394
        },
        {
            "candid": 960217922715015018,
            "jd": 2458714.7179282,
            "ra": 296.9243136,
            "dec": 74.9983627,
            "fid": 1,
            "nid": 960,
            "magpsf": 20.45439910888672,
            "sigmapsf": 0.3445039987564087,
            "magnr": 19.92799949645996,
            "sigmagnr": 0.11699999868869781,
            "magzpsci": 26.11039924621582,
            "isdiffpos": "t",
            "ssdistnr": -999.0,
            "ssnamenr": "-999.0",
            "drb": null
        },
        {
            "candid": 961276632715015013,
            "jd": 2458715.7766319,
            "ra": 296.9243834,
            "dec": 74.9983566,
            "fid": 2,
            "nid": 961,
            "magpsf": 19.450700759887695,
            "sigmapsf": 0.136136993765831,
            "magnr": 19.527999877929688,
            "sigmagnr": 0.12200000137090683,
            "magzpsci": 26.148700714111328,
            "isdiffpos": "t",
            "ssdistnr": -999.0,
            "ssnamenr": "null",
            "drb": 0.9999250173568726
        },
        {
            "candid": 963276552715015029,
            "jd": 2458717.7765509,
            "ra": 296.9244236,
            "dec": 74.998361,
            "fid": 2,
            "nid": 963,
            "magpsf": 19.66069984436035,
            "sigmapsf": 0.17118500173091888,
            "magnr": 19.527999877929688,
            "sigmagnr": 0.12200000137090683,
            "magzpsci": 26.132699966430664,
            "isdiffpos": "t",
            "ssdistnr": -999.0,
            "ssnamenr": "null",
            "drb": 0.999767005443573
        },
        {
            "candid": 964297612715015020,
            "jd": 2458718.7976157,
            "ra": 296.9248038,
            "dec": 74.9983975,
            "fid": 2,
            "nid": 964,
            "magpsf": 19.683700561523438,
            "sigmapsf": 0.13440899550914764,
            "magnr": 19.527999877929688,
            "sigmagnr": 0.12200000137090683,
            "magzpsci": 26.133699417114258,
            "isdiffpos": "t",
            "ssdistnr": -999.0,
            "ssnamenr": "null",
            "drb": 0.9999930262565613
        },
        {
            "candid": 965277212715015015,
            "jd": 2458719.7772106,
            "ra": 296.9241718,
            "dec": 74.9983638,
            "fid": 2,
            "nid": 965,
            "magpsf": 19.72909927368164,
            "sigmapsf": 0.22768600285053253,
            "magnr": 19.527999877929688,
            "sigmagnr": 0.12200000137090683,
            "magzpsci": 26.102100372314453,
            "isdiffpos": "t",
            "ssdistnr": -999.0,
            "ssnamenr": "-999.0",
            "drb": null
        },
        {
            "candid": 968276482715015019,
            "jd": 2458722.7764815,
            "ra": 296.9245094,
            "dec": 74.9983708,
            "fid": 2,
            "nid": 968,
            "magpsf": 19.914400100708008,
            "sigmapsf": 0.15036100149154663,
            "magnr": 19.527999877929688,
            "sigmagnr": 0.12200000137090683,
            "magzpsci": 26.096399307250977,
            "isdiffpos": "t",
            "ssdistnr": -999.0,
            "ssnamenr": "null",
            "drb": 0.9999840259552002
        },
        {
            "candid": 969299752715015061,
            "jd": 2458723.7997569,
            "ra": 296.9246227,
            "dec": 74.9983456,
            "fid": 2,
            "nid": 969,
            "magpsf": 19.95639991760254,
            "sigmapsf": 0.16257500648498535,
            "magnr": 19.527999877929688,
            "sigmagnr": 0.12200000137090683,
            "magzpsci": 26.10740089416504,
            "isdiffpos": "t",
            "ssdistnr": -999.0,
            "ssnamenr": "null",
            "drb": 0.9985510110855103
        },
        {
            "candid": 970299802715015028,
            "jd": 2458724.7998032,
            "ra": 296.9245377,
            "dec": 74.9983337,
            "fid": 2,
            "nid": 970,
            "magpsf": 19.79669952392578,
            "sigmapsf": 0.11776699870824814,
            "magnr": 19.527999877929688,
            "sigmagnr": 0.12200000137090683,
            "magzpsci": 26.13170051574707,
            "isdiffpos": "t",
            "ssdistnr": -999.0,
            "ssnamenr": "null",
            "drb": 0.9999740123748779
        },
        {
            "candid": 971274882715015042,
            "jd": 2458725.7748843,
            "ra": 296.9246183,
            "dec": 74.9983415,
            "fid": 2,
            "nid": 971,
            "magpsf": 19.86009979248047,
            "sigmapsf": 0.14717599749565125,
            "magnr": 19.527999877929688,
            "sigmagnr": 0.12200000137090683,
            "magzpsci": 26.14109992980957,
            "isdiffpos": "t",
            "ssdistnr": -999.0,
            "ssnamenr": "null",
            "drb": 0.9993129968643188
        },
        {
            "candid": 972276332715015027,
            "jd": 2458726.776331,
            "ra": 296.9244246,
            "dec": 74.9983005,
            "fid": 2,
            "nid": 972,
            "magpsf": 19.906700134277344,
            "sigmapsf": 0.14406199753284454,
            "magnr": 19.527999877929688,
            "sigmagnr": 0.12200000137090683,
            "magzpsci": 26.122699737548828,
            "isdiffpos": "t",
            "ssdistnr": -999.0,
            "ssnamenr": "null",
            "drb": 0.9999909996986389
        },
        {
            "candid": 976275542715015027,
            "jd": 2458730.775544,
            "ra": 296.9246181,
            "dec": 74.9983197,
            "fid": 2,
            "nid": 976,
            "magpsf": 19.922199249267578,
            "sigmapsf": 0.2346549928188324,
            "magnr": 19.527999877929688,
            "sigmagnr": 0.12200000137090683,
            "magzpsci": 26.077199935913086,
            "isdiffpos": "t",
            "ssdistnr": -999.0,
            "ssnamenr": "-999.0",
            "drb": null
        },
        {
            "candid": 978274082715015043,
            "jd": 2458732.7740856,
            "ra": 296.9246592,
            "dec": 74.9983354,
            "fid": 2,
            "nid": 978,
            "magpsf": 20.039899826049805,
            "sigmapsf": 0.15878799557685852,
            "magnr": 19.527999877929688,
            "sigmagnr": 0.12200000137090683,
            "magzpsci": 26.10890007019043,
            "isdiffpos": "t",
            "ssdistnr": -999.0,
            "ssnamenr": "null",
            "drb": 0.9999970197677612
        },
        {
            "candid": 979273692715015019,
            "jd": 2458733.7736921,
            "ra": 296.9244463,
            "dec": 74.9983132,
            "fid": 2,
            "nid": 979,
            "magpsf": 19.992599487304688,
            "sigmapsf": 0.1551399976015091,
            "magnr": 19.527999877929688,
            "sigmagnr": 0.12200000137090683,
            "magzpsci": 26.132600784301758,
            "isdiffpos": "t",
            "ssdistnr": -999.0,
            "ssnamenr": "null",
            "drb": 0.9998700022697449
        },
        {
            "candid": 980274962715015019,
            "jd": 2458734.7749653,
            "ra": 296.9244737,
            "dec": 74.9983725,
            "fid": 2,
            "nid": 980,
            "magpsf": 20.058700561523438,
            "sigmapsf": 0.21943500638008118,
            "magnr": 19.527999877929688,
            "sigmagnr": 0.12200000137090683,
            "magzpsci": 26.138700485229492,
            "isdiffpos": "t",
            "ssdistnr": -999.0,
            "ssnamenr": "-999.0",
            "drb": null
        },
        {
            "candid": 981273552715015017,
            "jd": 2458735.7735532,
            "ra": 296.9245576,
            "dec": 74.9983464,
            "fid": 2,
            "nid": 981,
            "magpsf": 19.94580078125,
            "sigmapsf": 0.2285269945859909,
            "magnr": 19.527999877929688,
            "sigmagnr": 0.12200000137090683,
            "magzpsci": 26.12579917907715,
            "isdiffpos": "t",
            "ssdistnr": -999.0,
            "ssnamenr": "-999.0",
            "drb": null
        },
        {
            "candid": 982283252715015016,
            "jd": 2458736.7832523,
            "ra": 296.9247173,
            "dec": 74.9983222,
            "fid": 2,
            "nid": 982,
            "magpsf": 19.895700454711914,
            "sigmapsf": 0.2006170004606247,
            "magnr": 19.527999877929688,
            "sigmagnr": 0.12200000137090683,
            "magzpsci": 26.13170051574707,
            "isdiffpos": "t",
            "ssdistnr": -999.0,
            "ssnamenr": "null",
            "drb": 0.999625027179718
        },
        {
            "candid": 983296192715015007,
            "jd": 2458737.7961921,
            "ra": 296.9246387,
            "dec": 74.998412,
            "fid": 2,
            "nid": 983,
            "magpsf": 19.94890022277832,
            "sigmapsf": 0.23521800339221954,
            "magnr": 19.527999877929688,
            "sigmagnr": 0.12200000137090683,
            "magzpsci": 26.127899169921875,
            "isdiffpos": "t",
            "ssdistnr": -999.0,
            "ssnamenr": "-999.0",
            "drb": null
        },
        {
            "candid": 984158372715015020,
            "jd": 2458738.6583796,
            "ra": 296.9247481,
            "dec": 74.9983205,
            "fid": 2,
            "nid": 984,
            "magpsf": 19.941499710083008,
            "sigmapsf": 0.26170000433921814,
            "magnr": 19.527999877929688,
            "sigmagnr": 0.12200000137090683,
            "magzpsci": 26.127500534057617,
            "isdiffpos": "t",
            "ssdistnr": -999.0,
            "ssnamenr": "-999.0",
            "drb": null
        },
        {
            "candid": 986157292715015010,
            "jd": 2458740.6572917,
            "ra": 296.9245719,
            "dec": 74.9983123,
            "fid": 2,
            "nid": 986,
            "magpsf": 19.708099365234375,
            "sigmapsf": 0.2090039998292923,
            "magnr": 19.527999877929688,
            "sigmagnr": 0.12200000137090683,
            "magzpsci": 26.096099853515625,
            "isdiffpos": "t",
            "ssdistnr": -999.0,
            "ssnamenr": "-999.0",
            "drb": null
        },
        {
            "candid": 987158462715015019,
            "jd": 2458741.6584606,
            "ra": 296.9247848,
            "dec": 74.9983646,
            "fid": 2,
            "nid": 987,
            "magpsf": 19.937400817871094,
            "sigmapsf": 0.22763900458812714,
            "magnr": 19.527999877929688,
            "sigmagnr": 0.12200000137090683,
            "magzpsci": 26.1033992767334,
            "isdiffpos": "t",
            "ssdistnr": -999.0,
            "ssnamenr": "-999.0",
            "drb": null
        },
        {
            "candid": 989158902715015013,
            "jd": 2458743.6589005,
            "ra": 296.9246193,
            "dec": 74.9983208,
            "fid": 2,
            "nid": 989,
            "magpsf": 19.88360023498535,
            "sigmapsf": 0.19596099853515625,
            "magnr": 19.527999877929688,
            "sigmagnr": 0.12200000137090683,
            "magzpsci": 26.046600341796875,
            "isdiffpos": "t",
            "ssdistnr": -999.0,
            "ssnamenr": "null",
            "drb": 0.9994320273399353
        },
        {
            "candid": 991157842715015077,
            "jd": 2458745.6578472,
            "ra": 296.9244859,
            "dec": 74.9983651,
            "fid": 2,
            "nid": 991,
            "magpsf": 19.954299926757812,
            "sigmapsf": 0.13764500617980957,
            "magnr": 19.527999877929688,
            "sigmagnr": 0.12200000137090683,
            "magzpsci": 26.146299362182617,
            "isdiffpos": "t",
            "ssdistnr": -999.0,
            "ssnamenr": "null",
            "drb": 0.9999840259552002
        },
        {
            "candid": 992182912715015013,
            "jd": 2458746.6829167,
            "ra": 296.9241851,
            "dec": 74.9983563,
            "fid": 2,
            "nid": 992,
            "magpsf": 19.791200637817383,
            "sigmapsf": 0.2483849972486496,
            "magnr": 19.527999877929688,
            "sigmagnr": 0.12200000137090683,
            "magzpsci": 26.121200561523438,
            "isdiffpos": "t",
            "ssdistnr": -999.0,
            "ssnamenr": "-999.0",
            "drb": null
        },
        {
            "candid": 993157462715015041,
            "jd": 2458747.6574653,
            "ra": 296.9246753,
            "dec": 74.9983422,
            "fid": 2,
            "nid": 993,
            "magpsf": 19.963699340820312,
            "sigmapsf": 0.1875550001859665,
            "magnr": 19.527999877929688,
            "sigmagnr": 0.12200000137090683,
            "magzpsci": 26.09670066833496,
            "isdiffpos": "t",
            "ssdistnr": -999.0,
            "ssnamenr": "null",
            "drb": 0.9996730089187622
        },
        {
            "candid": 994157602715015021,
            "jd": 2458748.6576042,
            "ra": 296.9246933,
            "dec": 74.9983371,
            "fid": 2,
            "nid": 994,
            "magpsf": 19.746400833129883,
            "sigmapsf": 0.2506049871444702,
            "magnr": 19.527999877929688,
            "sigmagnr": 0.12200000137090683,
            "magzpsci": 25.653400421142578,
            "isdiffpos": "t",
            "ssdistnr": -999.0,
            "ssnamenr": "-999.0",
            "drb": null
        },
        {
            "candid": 995159082715015028,
            "jd": 2458749.6590856,
            "ra": 296.9245622,
            "dec": 74.9983309,
            "fid": 2,
            "nid": 995,
            "magpsf": 19.983999252319336,
            "sigmapsf": 0.17610199749469757,
            "magnr": 19.527999877929688,
            "sigmagnr": 0.12200000137090683,
            "magzpsci": 26.09000015258789,
            "isdiffpos": "t",
            "ssdistnr": -999.0,
            "ssnamenr": "null",
            "drb": 0.9995970129966736
        },
        {
            "candid": 997156992715015024,
            "jd": 2458751.6569907,
            "ra": 296.924629,
            "dec": 74.9983101,
            "fid": 2,
            "nid": 997,
            "magpsf": 19.87529945373535,
            "sigmapsf": 0.16003400087356567,
            "magnr": 19.527999877929688,
            "sigmagnr": 0.12200000137090683,
            "magzpsci": 26.090299606323242,
            "isdiffpos": "t",
            "ssdistnr": -999.0,
            "ssnamenr": "null",
            "drb": 0.9995740056037903
        },
        {
            "candid": 1000156592715015035,
            "jd": 2458754.6565972,
            "ra": 296.9246914,
            "dec": 74.9983292,
            "fid": 2,
            "nid": 1000,
            "magpsf": 20.010299682617188,
            "sigmapsf": 0.15906600654125214,
            "magnr": 19.527999877929688,
            "sigmagnr": 0.12200000137090683,
            "magzpsci": 26.122299194335938,
            "isdiffpos": "t",
            "ssdistnr": -999.0,
            "ssnamenr": "null",
            "drb": 0.9999939799308777
        },
        {
            "candid": 1004165552715015018,
            "jd": 2458758.6655556,
            "ra": 296.9246934,
            "dec": 74.998367,
            "fid": 2,
            "nid": 1004,
            "magpsf": 20.187400817871094,
            "sigmapsf": 0.21961399912834167,
            "magnr": 19.527999877929688,
            "sigmagnr": 0.12200000137090683,
            "magzpsci": 26.108400344848633,
            "isdiffpos": "t",
            "ssdistnr": -999.0,
            "ssnamenr": "-999.0",
            "drb": null
        },
        {
            "candid": 1008156712715015011,
            "jd": 2458762.656713,
            "ra": 296.9245815,
            "dec": 74.9983212,
            "fid": 2,
            "nid": 1008,
            "magpsf": 20.108200073242188,
            "sigmapsf": 0.21509000658988953,
            "magnr": 19.527999877929688,
            "sigmagnr": 0.12200000137090683,
            "magzpsci": 26.136199951171875,
            "isdiffpos": "t",
            "ssdistnr": -999.0,
            "ssnamenr": "-999.0",
            "drb": null
        },
        {
            "candid": 1009157972715015016,
            "jd": 2458763.6579745,
            "ra": 296.924603,
            "dec": 74.9983403,
            "fid": 2,
            "nid": 1009,
            "magpsf": 20.0580997467041,
            "sigmapsf": 0.18111899495124817,
            "magnr": 19.527999877929688,
            "sigmagnr": 0.12200000137090683,
            "magzpsci": 26.11910057067871,
            "isdiffpos": "t",
            "ssdistnr": -999.0,
            "ssnamenr": "null",
            "drb": 0.9998729825019836
        },
        {
            "candid": 1010144202715015016,
            "jd": 2458764.6442014,
            "ra": 296.924488,
            "dec": 74.9983031,
            "fid": 2,
            "nid": 1010,
            "magpsf": 20.342599868774414,
            "sigmapsf": 0.27476000785827637,
            "magnr": 19.527999877929688,
            "sigmagnr": 0.12200000137090683,
            "magzpsci": 26.122600555419922,
            "isdiffpos": "t",
            "ssdistnr": -999.0,
            "ssnamenr": "-999.0",
            "drb": null
        },
        {
            "candid": 1011144642715015009,
            "jd": 2458765.6446412,
            "ra": 296.9245657,
            "dec": 74.9983991,
            "fid": 2,
            "nid": 1011,
            "magpsf": 20.371999740600586,
            "sigmapsf": 0.29423999786376953,
            "magnr": 19.527999877929688,
            "sigmagnr": 0.12200000137090683,
            "magzpsci": 26.12700080871582,
            "isdiffpos": "t",
            "ssdistnr": -999.0,
            "ssnamenr": "-999.0",
            "drb": null
        },
        {
            "candid": 1012143172715015008,
            "jd": 2458766.6431713,
            "ra": 296.9247381,
            "dec": 74.9982561,
            "fid": 2,
            "nid": 1012,
            "magpsf": 20.04800033569336,
            "sigmapsf": 0.2966639995574951,
            "magnr": 19.527999877929688,
            "sigmagnr": 0.12200000137090683,
            "magzpsci": 26.121999740600586,
            "isdiffpos": "t",
            "ssdistnr": -999.0,
            "ssnamenr": "-999.0",
            "drb": null
        },
        {
            "candid": 1013144742715015008,
            "jd": 2458767.6447454,
            "ra": 296.9250627,
            "dec": 74.9983993,
            "fid": 2,
            "nid": 1013,
            "magpsf": 19.69230079650879,
            "sigmapsf": 0.3102869987487793,
            "magnr": 19.527999877929688,
            "sigmagnr": 0.12200000137090683,
            "magzpsci": 26.081300735473633,
            "isdiffpos": "t",
            "ssdistnr": -999.0,
            "ssnamenr": "-999.0",
            "drb": null
        },
        {
            "candid": 1014145192715015009,
            "jd": 2458768.6451968,
            "ra": 296.924562,
            "dec": 74.9983123,
            "fid": 2,
            "nid": 1014,
            "magpsf": 19.83930015563965,
            "sigmapsf": 0.21400399506092072,
            "magnr": 19.527999877929688,
            "sigmagnr": 0.12200000137090683,
            "magzpsci": 26.121299743652344,
            "isdiffpos": "t",
            "ssdistnr": -999.0,
            "ssnamenr": "null",
            "drb": 0.9995350241661072
        },
        {
            "candid": 1018146592715015008,
            "jd": 2458772.6465972,
            "ra": 296.9246653,
            "dec": 74.9983697,
            "fid": 2,
            "nid": 1018,
            "magpsf": 20.230899810791016,
            "sigmapsf": 0.30429399013519287,
            "magnr": 19.527999877929688,
            "sigmagnr": 0.12200000137090683,
            "magzpsci": 26.112899780273438,
            "isdiffpos": "t",
            "ssdistnr": -999.0,
            "ssnamenr": "-999.0",
            "drb": null
        },
        {
            "candid": 1020145522715015014,
            "jd": 2458774.6455208,
            "ra": 296.9245751,
            "dec": 74.9984183,
            "fid": 2,
            "nid": 1020,
            "magpsf": 20.118600845336914,
            "sigmapsf": 0.2181829959154129,
            "magnr": 19.527999877929688,
            "sigmagnr": 0.12200000137090683,
            "magzpsci": 26.13559913635254,
            "isdiffpos": "t",
            "ssdistnr": -999.0,
            "ssnamenr": "-999.0",
            "drb": null
        },
        {
            "candid": 1022144472715015015,
            "jd": 2458776.6444792,
            "ra": 296.9246266,
            "dec": 74.9983189,
            "fid": 2,
            "nid": 1022,
            "magpsf": 20.297500610351562,
            "sigmapsf": 0.2797510027885437,
            "magnr": 19.527999877929688,
            "sigmagnr": 0.12200000137090683,
            "magzpsci": 26.111499786376953,
            "isdiffpos": "t",
            "ssdistnr": -999.0,
            "ssnamenr": "-999.0",
            "drb": null
        },
        {
            "candid": 1024145082715015013,
            "jd": 2458778.645081,
            "ra": 296.9246487,
            "dec": 74.99833,
            "fid": 2,
            "nid": 1024,
            "magpsf": 20.0132999420166,
            "sigmapsf": 0.23266200721263885,
            "magnr": 19.527999877929688,
            "sigmagnr": 0.12200000137090683,
            "magzpsci": 26.117300033569336,
            "isdiffpos": "t",
            "ssdistnr": -999.0,
            "ssnamenr": "-999.0",
            "drb": null
        },
        {
            "candid": 1029145102715015010,
            "jd": 2458783.6451042,
            "ra": 296.9245332,
            "dec": 74.9984211,
            "fid": 2,
            "nid": 1029,
            "magpsf": 20.139799118041992,
            "sigmapsf": 0.2301570028066635,
            "magnr": 19.527999877929688,
            "sigmagnr": 0.12200000137090683,
            "magzpsci": 26.133800506591797,
            "isdiffpos": "t",
            "ssdistnr": -999.0,
            "ssnamenr": "-999.0",
            "drb": null
        },
        {
            "candid": 1032151652715015006,
            "jd": 2458786.6516551,
            "ra": 296.9245237,
            "dec": 74.9983981,
            "fid": 2,
            "nid": 1032,
            "magpsf": 20.054899215698242,
            "sigmapsf": 0.20309700071811676,
            "magnr": 19.527999877929688,
            "sigmagnr": 0.12200000137090683,
            "magzpsci": 26.087900161743164,
            "isdiffpos": "t",
            "ssdistnr": -999.0,
            "ssnamenr": "null",
            "drb": 0.9999979734420776
        },
        {
            "jd": 2458588.87537,
            "fid": 2,
            "diffmaglim": 19.849000930786133
        },
        {
            "jd": 2458592.872,
            "fid": 2,
            "diffmaglim": 19.04400062561035
        },
        {
            "jd": 2458592.96531,
            "fid": 1,
            "diffmaglim": 19.24799919128418
        },
        {
            "jd": 2458597.92185,
            "fid": 2,
            "diffmaglim": 20.2549991607666
        },
        {
            "jd": 2458606.82468,
            "fid": 2,
            "diffmaglim": 20.385000228881836
        },
        {
            "jd": 2458606.98241,
            "fid": 1,
            "diffmaglim": 20.642000198364258
        },
        {
            "jd": 2458671.90881,
            "fid": 2,
            "diffmaglim": 18.229000091552734
        },
        {
            "jd": 2458681.69744,
            "fid": 1,
            "diffmaglim": 19.301000595092773
        },
        {
            "jd": 2458694.81126,
            "fid": 1,
            "diffmaglim": 17.389999389648438
        },
        {
            "jd": 2458695.79368,
            "fid": 2,
            "diffmaglim": 17.499000549316406
        },
        {
            "jd": 2458698.82485,
            "fid": 1,
            "diffmaglim": 17.66699981689453
        },
        {
            "jd": 2458707.73994,
            "fid": 1,
            "diffmaglim": 19.64900016784668
        },
        {
            "jd": 2458708.74131,
            "fid": 1,
            "diffmaglim": 19.652999877929688
        },
        {
            "jd": 2458709.71125,
            "fid": 2,
            "diffmaglim": 19.889999389648438
        },
        {
            "jd": 2458709.741,
            "fid": 1,
            "diffmaglim": 19.5939998626709
        },
        {
            "jd": 2458710.71797,
            "fid": 1,
            "diffmaglim": 19.46500015258789
        },
        {
            "jd": 2458711.71735,
            "fid": 1,
            "diffmaglim": 19.743000030517578
        },
        {
            "jd": 2458713.72615,
            "fid": 1,
            "diffmaglim": 19.63800048828125
        },
        {
            "jd": 2458715.80252,
            "fid": 1,
            "diffmaglim": 20.033000946044922
        },
        {
            "jd": 2458716.79709,
            "fid": 2,
            "diffmaglim": 20.304000854492188
        },
        {
            "jd": 2458716.82179,
            "fid": 1,
            "diffmaglim": 20.150999069213867
        },
        {
            "jd": 2458717.80237,
            "fid": 1,
            "diffmaglim": 20.240999221801758
        },
        {
            "jd": 2458718.82212,
            "fid": 1,
            "diffmaglim": 20.14299964904785
        },
        {
            "jd": 2458719.80286,
            "fid": 1,
            "diffmaglim": 20.207000732421875
        },
        {
            "jd": 2458720.79677,
            "fid": 2,
            "diffmaglim": 20.469999313354492
        },
        {
            "jd": 2458720.82116,
            "fid": 1,
            "diffmaglim": 20.490999221801758
        },
        {
            "jd": 2458721.77715,
            "fid": 2,
            "diffmaglim": 18.48699951171875
        },
        {
            "jd": 2458721.80204,
            "fid": 1,
            "diffmaglim": 19.899999618530273
        },
        {
            "jd": 2458722.80122,
            "fid": 1,
            "diffmaglim": 20.61400032043457
        },
        {
            "jd": 2458723.82321,
            "fid": 1,
            "diffmaglim": 20.68199920654297
        },
        {
            "jd": 2458724.82323,
            "fid": 1,
            "diffmaglim": 20.540000915527344
        },
        {
            "jd": 2458725.79955,
            "fid": 1,
            "diffmaglim": 20.56100082397461
        },
        {
            "jd": 2458726.80083,
            "fid": 1,
            "diffmaglim": 20.493999481201172
        },
        {
            "jd": 2458727.79942,
            "fid": 2,
            "diffmaglim": 20.506000518798828
        },
        {
            "jd": 2458727.82225,
            "fid": 1,
            "diffmaglim": 20.589000701904297
        },
        {
            "jd": 2458730.79954,
            "fid": 1,
            "diffmaglim": 20.208999633789062
        },
        {
            "jd": 2458733.79714,
            "fid": 1,
            "diffmaglim": 20.180999755859375
        },
        {
            "jd": 2458734.79838,
            "fid": 1,
            "diffmaglim": 19.924999237060547
        },
        {
            "jd": 2458735.79696,
            "fid": 1,
            "diffmaglim": 19.878000259399414
        },
        {
            "jd": 2458736.80422,
            "fid": 1,
            "diffmaglim": 19.565000534057617
        },
        {
            "jd": 2458737.81712,
            "fid": 1,
            "diffmaglim": 19.266000747680664
        },
        {
            "jd": 2458738.69161,
            "fid": 1,
            "diffmaglim": 19.364999771118164
        },
        {
            "jd": 2458739.65714,
            "fid": 2,
            "diffmaglim": 19.82900047302246
        },
        {
            "jd": 2458739.69065,
            "fid": 1,
            "diffmaglim": 19.28700065612793
        },
        {
            "jd": 2458740.69042,
            "fid": 1,
            "diffmaglim": 19.433000564575195
        },
        {
            "jd": 2458741.68729,
            "fid": 1,
            "diffmaglim": 19.562000274658203
        },
        {
            "jd": 2458742.65862,
            "fid": 2,
            "diffmaglim": 16.21299934387207
        },
        {
            "jd": 2458743.68786,
            "fid": 1,
            "diffmaglim": 19.768999099731445
        },
        {
            "jd": 2458744.65781,
            "fid": 2,
            "diffmaglim": 20.326000213623047
        },
        {
            "jd": 2458744.68686,
            "fid": 1,
            "diffmaglim": 20.211000442504883
        },
        {
            "jd": 2458745.68698,
            "fid": 1,
            "diffmaglim": 20.496999740600586
        },
        {
            "jd": 2458746.71146,
            "fid": 1,
            "diffmaglim": 20.336999893188477
        },
        {
            "jd": 2458747.68686,
            "fid": 1,
            "diffmaglim": 20.374000549316406
        },
        {
            "jd": 2458748.68597,
            "fid": 1,
            "diffmaglim": 19.753000259399414
        },
        {
            "jd": 2458749.6875,
            "fid": 1,
            "diffmaglim": 20.47800064086914
        },
        {
            "jd": 2458750.65935,
            "fid": 2,
            "diffmaglim": 19.674999237060547
        },
        {
            "jd": 2458750.6878,
            "fid": 1,
            "diffmaglim": 19.993000030517578
        },
        {
            "jd": 2458751.68543,
            "fid": 1,
            "diffmaglim": 20.349000930786133
        },
        {
            "jd": 2458754.6851,
            "fid": 1,
            "diffmaglim": 20.610000610351562
        },
        {
            "jd": 2458758.70186,
            "fid": 1,
            "diffmaglim": 20.35099983215332
        },
        {
            "jd": 2458759.70079,
            "fid": 2,
            "diffmaglim": 20.316999435424805
        },
        {
            "jd": 2458760.65801,
            "fid": 2,
            "diffmaglim": 20.36199951171875
        },
        {
            "jd": 2458760.68625,
            "fid": 1,
            "diffmaglim": 20.339000701904297
        },
        {
            "jd": 2458761.65698,
            "fid": 2,
            "diffmaglim": 20.246999740600586
        },
        {
            "jd": 2458761.68527,
            "fid": 1,
            "diffmaglim": 20.125999450683594
        },
        {
            "jd": 2458762.68444,
            "fid": 1,
            "diffmaglim": 20.121000289916992
        }
    ],
    "forcedphot": []
}