{
    "objectId": "ZTF19aapafqd",
    "candidates": [
        {
            "candid": 818449831415015023,
            "jd": 2458572.949838,
            "ra": 239.9442347,
            "dec": 37.0336216,
            "fid": 2,
            "nid": 818,
            "magpsf": 20.572399139404297,
            "sigmapsf": 0.32458698749542236,
            "magnr": 19.719999313354492,
            "sigmagnr": 0.15299999713897705,
            "magzpsci": 25.933399200439453,
            "isdiffpos": "t",
            "ssdistnr": -999.0,
            "ssnamenr": "-999.0",
            "drb": null
        },
        {
            "candid": 821431901415015025,
            "jd": 2458575.9319097,
            "ra": 239.9442137,
            "dec": 37.0336761,
            "fid": 2,
            "nid": 821,
            "magpsf": 20.764699935913086,
            "sigmapsf": 0.26976698637008667,
            "magnr": 19.719999313354492,
            "sigmagnr": 0.15299999713897705,
            "magzpsci": 25.95870018005371,
            "isdiffpos": "t",
            "ssdistnr": -999.0,
            "ssnamenr": "-999.0",
            "drb": null
        },
        {
            "candid": 826388181415015041,
            "jd": 2458580.8881829,
            "ra": 239.9441944,
            "dec": 37.0337201,
            "fid": 2,
            "nid": 826,
            "magpsf": 20.0580997467041,
            "sigmapsf": 0.20092299580574036,
            "magnr": 19.719999313354492,
            "sigmagnr": 0.15299999713897705,
            "magzpsci": 25.97909927368164,
            "isdiffpos": "t",
            "ssdistnr": -999.0,
            "ssnamenr": "null",
            "drb": null
        },
        {
            "candid": 826416846015015001,
            "jd": 2458580.9168403,
            "ra": 239.9440933,
            "dec": 37.0338731,
            "fid": 1,
            "nid": 826,
            "magpsf": 20.991199493408203,
            "sigmapsf": 0.28117799758911133,
            "magnr": 19.829999923706055,
            "sigmagnr": 0.10100000351667404,
            "magzpsci": 26.15920066833496,
            "isdiffpos": "t",
            "ssdistnr": -999.0,
            "ssnamenr": "-999.0",
            "drb": null
        },
        {
            "candid": 829381501415015011,
            "jd": 2458583.8815046,
            "ra": 239.9440117,
            "dec": 37.0337715,
            "fid": 1,
            "nid": 829,
            "magpsf": 20.61319923400879,
            "sigmapsf": 0.35594800114631653,
            "magnr": 20.05299949645996,
            "sigmagnr": 0.09099999815225601,
            "magzpsci": 25.9862003326416,
            "isdiffpos": "t",
            "ssdistnr": -999.0,
            "ssnamenr": "-999.0",
            "drb": null
        },
        {
            "candid": 832383431415015011,
            "jd": 2458586.8834375,
            "ra": 239.944224,
            "dec": 37.0337767,
            "fid": 2,
            "nid": 832,
            "magpsf": 19.792499542236328,
            "sigmapsf": 0.19950200617313385,
            "magnr": 19.719999313354492,
            "sigmagnr": 0.15299999713897705,
            "magzpsci": 25.954500198364258,
            "isdiffpos": "t",
            "ssdistnr": -999.0,
            "ssnamenr": "null",
            "drb": null
        },
        {
            "candid": 842314896015015000,
            "jd": 2458596.8148958,
            "ra": 239.9441755,
            "dec": 37.0336975,
            "fid": 2,
            "nid": 842,
            "magpsf": 19.202899932861328,
            "sigmapsf": 0.13736599683761597,
            "magnr": 19.5,
            "sigmagnr": 0.14399999380111694,
            "magzpsci": 26.04990005493164,
            "isdiffpos": "t",
            "ssdistnr": -999.0,
            "ssnamenr": "null",
            "drb": null
        },
        {
            "candid": 842315341415015003,
            "jd": 2458596.8153472,
            "ra": 239.9441588,
            "dec": 37.0336926,
            "fid": 2,
            "nid": 842,
            "magpsf": 19.19409942626953,
            "sigmapsf": 0.1428000032901764,
            "magnr": 19.719999313354492,
            "sigmagnr": 0.15299999713897705,
            "magzpsci": 25.95009994506836,
            "isdiffpos": "t",
            "ssdistnr": -999.0,
            "ssnamenr": "null",
            "drb": null
        },
        {
            "candid": 842457341415015007,
            "jd": 2458596.9573495,
            "ra": 239.9441339,
            "dec": 37.0336996,
            "fid": 1,
            "nid": 842,
            "magpsf": 19.518199920654297,
            "sigmapsf": 0.2020989954471588,
            "magnr": 20.05299949645996,
            "sigmagnr": 0.09099999815225601,
            "magzpsci": 26.086200714111328,
            "isdiffpos": "t",
            "ssdistnr": -999.0,
            "ssnamenr": "null",
            "drb": null
        },
        {
            "candid": 846394216015015002,
            "jd": 2458600.894213,
            "ra": 239.9441553,
            "dec": 37.0336935,
            "fid": 1,
            "nid": 846,
            "magpsf": 19.22960090637207,
            "sigmapsf": 0.10736300051212311,
            "magnr": 19.829999923706055,
            "sigmagnr": 0.10100000351667404,
            "magzpsci": 26.17060089111328,
            "isdiffpos": "t",
            "ssdistnr": -999.0,
            "ssnamenr": "null",
            "drb": null
        },
        {
            "candid": 851385501415015012,
            "jd": 2458605.8855093,
            "ra": 239.944163,
            "dec": 37.0337073,
            "fid": 2,
            "nid": 851,
            "magpsf": 18.58530044555664,
            "sigmapsf": 0.07449500262737274,
            "magnr": 19.719999313354492,
            "sigmagnr": 0.15299999713897705,
            "magzpsci": 25.871299743652344,
            "isdiffpos": "t",
            "ssdistnr": -999.0,
            "ssnamenr": "null",
            "drb": null
        },
        {
            "candid": 854298991415015022,
            "jd": 2458608.7989931,
            "ra": 239.944141,
            "dec": 37.0337169,
            "fid": 1,
            "nid": 854,
            "magpsf": 18.671600341796875,
            "sigmapsf": 0.08246400207281113,
            "magnr": 20.05299949645996,
            "sigmagnr": 0.09099999815225601,
            "magzpsci": 26.03860092163086,
            "isdiffpos": "t",
            "ssdistnr": -999.0,
            "ssnamenr": "null",
            "drb": null
        },
        {
            "candid": 854369341415015005,
            "jd": 2458608.8693403,
            "ra": 239.9442207,
            "dec": 37.0336859,
            "fid": 2,
            "nid": 854,
            "magpsf": 18.506099700927734,
            "sigmapsf": 0.08530700206756592,
            "magnr": 19.719999313354492,
            "sigmagnr": 0.15299999713897705,
            "magzpsci": 25.7721004486084,
            "isdiffpos": "t",
            "ssdistnr": -999.0,
            "ssnamenr": "null",
            "drb": null
        },
        {
            "candid": 858354161415015012,
            "jd": 2458612.8541667,
            "ra": 239.9441914,
            "dec": 37.0337051,
            "fid": 2,
            "nid": 858,
            "magpsf": 18.42259979248047,
            "sigmapsf": 0.10234100371599197,
            "magnr": 19.719999313354492,
            "sigmagnr": 0.15299999713897705,
            "magzpsci": 25.92060089111328,
            "isdiffpos": "t",
            "ssdistnr": -999.0,
            "ssnamenr": "null",
            "drb": null
        },
        {
            "candid": 862370021415015004,
            "jd": 2458616.8700231,
            "ra": 239.9441725,
            "dec": 37.0337107,
            "fid": 2,
            "nid": 862,
            "magpsf": 18.336599349975586,
            "sigmapsf": 0.08336900174617767,
            "magnr": 19.719999313354492,
            "sigmagnr": 0.15299999713897705,
            "magzpsci": 25.912599563598633,
            "isdiffpos": "t",
            "ssdistnr": -999.0,
            "ssnamenr": "null",
            "drb": null
        },
        {
            "candid": 862450101415015021,
            "jd": 2458616.9501042,
            "ra": 239.9441772,
            "dec": 37.0337183,
            "fid": 1,
            "nid": 862,
            "magpsf": 18.51300048828125,
            "sigmapsf": 0.07890400290489197,
            "magnr": 20.05299949645996,
            "sigmagnr": 0.09099999815225601,
            "magzpsci": 26.013999938964844,
            "isdiffpos": "t",
            "ssdistnr": -999.0,
            "ssnamenr": "null",
            "drb": null
        },
        {
            "candid": 865267081415015006,
            "jd": 2458619.7670833,
            "ra": 239.9441546,
            "dec": 37.0337224,
            "fid": 1,
            "nid": 865,
            "magpsf": 18.48390007019043,
            "sigmapsf": 0.10051099956035614,
            "magnr": 20.05299949645996,
            "sigmagnr": 0.09099999815225601,
            "magzpsci": 25.908899307250977,
            "isdiffpos": "t",
            "ssdistnr": -999.0,
            "ssnamenr": "null",
            "drb": null
        },
        {
            "candid": 865346001415015001,
            "jd": 2458619.8460069,
            "ra": 239.9442159,
            "dec": 37.0336944,
            "fid": 2,
            "nid": 865,
            "magpsf": 18.343399047851562,
            "sigmapsf": 0.10051500052213669,
            "magnr": 19.719999313354492,
            "sigmagnr": 0.15299999713897705,
            "magzpsci": 25.894399642944336,
            "isdiffpos": "t",
            "ssdistnr": -999.0,
            "ssnamenr": "null",
            "drb": null
        },
        {
            "candid": 878297811415015008,
            "jd": 2458632.7978125,
            "ra": 239.9441736,
            "dec": 37.033691,
            "fid": 2,
            "nid": 878,
            "magpsf": 18.328899383544922,
            "sigmapsf": 0.08238500356674194,
            "magnr": 19.719999313354492,
            "sigmagnr": 0.15299999713897705,
            "magzpsci": 25.925899505615234,
            "isdiffpos": "t",
            "ssdistnr": -999.0,
            "ssnamenr": "null",
            "drb": null
        },
        {
            "candid": 878350541415015013,
            "jd": 2458632.850544,
            "ra": 239.9441582,
            "dec": 37.0336945,
            "fid": 1,
            "nid": 878,
            "magpsf": 18.471500396728516,
            "sigmapsf": 0.06754299998283386,
            "magnr": 20.05299949645996,
            "sigmagnr": 0.09099999815225601,
            "magzpsci": 26.052499771118164,
            "isdiffpos": "t",
            "ssdistnr": -999.0,
            "ssnamenr": "null",
            "drb": null
        },
        {
            "candid": 881220171415015027,
            "jd": 2458635.7201736,
            "ra": 239.9441533,
            "dec": 37.0337122,
            "fid": 1,
            "nid": 881,
            "magpsf": 18.516700744628906,
            "sigmapsf": 0.06870900094509125,
            "magnr": 20.05299949645996,
            "sigmagnr": 0.09099999815225601,
            "magzpsci": 26.043699264526367,
            "isdiffpos": "t",
            "ssdistnr": -999.0,
            "ssnamenr": "null",
            "drb": null
        },
        {
            "candid": 881280081415015005,
            "jd": 2458635.780081,
            "ra": 239.9441912,
            "dec": 37.0336999,
            "fid": 2,
            "nid": 881,
            "magpsf": 18.37420082092285,
            "sigmapsf": 0.07816600054502487,
            "magnr": 19.719999313354492,
            "sigmagnr": 0.15299999713897705,
            "magzpsci": 25.9242000579834,
            "isdiffpos": "t",
            "ssdistnr": -999.0,
            "ssnamenr": "null",
            "drb": null
        },
        {
            "candid": 884279841415015012,
            "jd": 2458638.7798495,
            "ra": 239.944202,
            "dec": 37.0336891,
            "fid": 2,
            "nid": 884,
            "magpsf": 18.412700653076172,
            "sigmapsf": 0.0719510018825531,
            "magnr": 19.719999313354492,
            "sigmagnr": 0.15299999713897705,
            "magzpsci": 25.918699264526367,
            "isdiffpos": "t",
            "ssdistnr": -999.0,
            "ssnamenr": "null",
            "drb": null
        },
        {
            "candid": 884341891415015009,
            "jd": 2458638.8418981,
            "ra": 239.9441943,
            "dec": 37.0336977,
            "fid": 1,
            "nid": 884,
            "magpsf": 18.552200317382812,
            "sigmapsf": 0.08758500218391418,
            "magnr": 20.05299949645996,
            "sigmagnr": 0.09099999815225601,
            "magzpsci": 26.022199630737305,
            "isdiffpos": "t",
            "ssdistnr": -999.0,
            "ssnamenr": "null",
            "drb": null
        },
        {
            "candid": 887228341415015039,
            "jd": 2458641.7283449,
            "ra": 239.9441478,
            "dec": 37.0337267,
            "fid": 1,
            "nid": 887,
            "magpsf": 18.574100494384766,
            "sigmapsf": 0.08757899701595306,
            "magnr": 20.05299949645996,
            "sigmagnr": 0.09099999815225601,
            "magzpsci": 25.836999893188477,
            "isdiffpos": "t",
            "ssdistnr": -999.0,
            "ssnamenr": "null",
            "drb": null
        },
        {
            "candid": 887305411415015007,
            "jd": 2458641.8054167,
            "ra": 239.9441816,
            "dec": 37.0337153,
            "fid": 2,
            "nid": 887,
            "magpsf": 18.446800231933594,
            "sigmapsf": 0.07394099980592728,
            "magnr": 19.719999313354492,
            "sigmagnr": 0.15299999713897705,
            "magzpsci": 25.94580078125,
            "isdiffpos": "t",
            "ssdistnr": -999.0,
            "ssnamenr": "null",
            "drb": null
        },
        {
            "candid": 890221411415015023,
            "jd": 2458644.721412,
            "ra": 239.9441385,
            "dec": 37.0337059,
            "fid": 1,
            "nid": 890,
            "magpsf": 18.587499618530273,
            "sigmapsf": 0.09290099889039993,
            "magnr": 20.05299949645996,
            "sigmagnr": 0.09099999815225601,
            "magzpsci": 26.066499710083008,
            "isdiffpos": "t",
            "ssdistnr": -999.0,
            "ssnamenr": "null",
            "drb": null
        },
        {
            "candid": 890285611415015003,
            "jd": 2458644.7856134,
            "ra": 239.9441856,
            "dec": 37.0337077,
            "fid": 2,
            "nid": 890,
            "magpsf": 18.428499221801758,
            "sigmapsf": 0.07938499748706818,
            "magnr": 19.719999313354492,
            "sigmagnr": 0.15299999713897705,
            "magzpsci": 25.93950080871582,
            "isdiffpos": "t",
            "ssdistnr": -999.0,
            "ssnamenr": "null",
            "drb": null
        },
        {
            "candid": 893223801415015026,
            "jd": 2458647.7238079,
            "ra": 239.9441695,
            "dec": 37.0337052,
            "fid": 1,
            "nid": 893,
            "magpsf": 18.67060089111328,
            "sigmapsf": 0.08639500290155411,
            "magnr": 20.05299949645996,
            "sigmagnr": 0.09099999815225601,
            "magzpsci": 26.064599990844727,
            "isdiffpos": "t",
            "ssdistnr": -999.0,
            "ssnamenr": "null",
            "drb": null
        },
        {
            "candid": 893257466015015000,
            "jd": 2458647.7574653,
            "ra": 239.9441727,
            "dec": 37.0337163,
            "fid": 2,
            "nid": 893,
            "magpsf": 18.489200592041016,
            "sigmapsf": 0.08801800012588501,
            "magnr": 19.5,
            "sigmagnr": 0.14399999380111694,
            "magzpsci": 26.0492000579834,
            "isdiffpos": "t",
            "ssdistnr": -999.0,
            "ssnamenr": "null",
            "drb": null
        },
        {
            "candid": 893261261415015013,
            "jd": 2458647.7612616,
            "ra": 239.9441876,
            "dec": 37.0337069,
            "fid": 2,
            "nid": 893,
            "magpsf": 18.477500915527344,
            "sigmapsf": 0.12108799815177917,
            "magnr": 19.719999313354492,
            "sigmagnr": 0.15299999713897705,
            "magzpsci": 25.95549964904785,
            "isdiffpos": "t",
            "ssdistnr": -999.0,
            "ssnamenr": "null",
            "drb": null
        },
        {
            "candid": 896218111415015012,
            "jd": 2458650.7181134,
            "ra": 239.9441103,
            "dec": 37.033696,
            "fid": 1,
            "nid": 896,
            "magpsf": 18.671100616455078,
            "sigmapsf": 0.09969700127840042,
            "magnr": 20.05299949645996,
            "sigmagnr": 0.09099999815225601,
            "magzpsci": 26.052099227905273,
            "isdiffpos": "t",
            "ssdistnr": -999.0,
            "ssnamenr": "null",
            "drb": null
        },
        {
            "candid": 896271121415015005,
            "jd": 2458650.7711227,
            "ra": 239.9441874,
            "dec": 37.0337148,
            "fid": 2,
            "nid": 896,
            "magpsf": 18.488399505615234,
            "sigmapsf": 0.10693000257015228,
            "magnr": 19.719999313354492,
            "sigmagnr": 0.15299999713897705,
            "magzpsci": 25.936399459838867,
            "isdiffpos": "t",
            "ssdistnr": -999.0,
            "ssnamenr": "null",
            "drb": null
        },
        {
            "candid": 899203511415015006,
            "jd": 2458653.7035185,
            "ra": 239.9441531,
            "dec": 37.0336983,
            "fid": 2,
            "nid": 899,
            "magpsf": 18.53420066833496,
            "sigmapsf": 0.10160399973392487,
            "magnr": 19.719999313354492,
            "sigmagnr": 0.15299999713897705,
            "magzpsci": 25.890199661254883,
            "isdiffpos": "t",
            "ssdistnr": -999.0,
            "ssnamenr": "null",
            "drb": null
        },
        {
            "candid": 899302931415015012,
            "jd": 2458653.8029398,
            "ra": 239.9441556,
            "dec": 37.0337204,
            "fid": 1,
            "nid": 899,
            "magpsf": 18.788400650024414,
            "sigmapsf": 0.1081869974732399,
            "magnr": 20.05299949645996,
            "sigmagnr": 0.09099999815225601,
            "magzpsci": 26.041400909423828,
            "isdiffpos": "t",
            "ssdistnr": -999.0,
            "ssnamenr": "null",
            "drb": null
        },
        {
            "candid": 903222971415015047,
            "jd": 2458657.7229745,
            "ra": 239.9441581,
            "dec": 37.0337208,
            "fid": 1,
            "nid": 903,
            "magpsf": 18.849300384521484,
            "sigmapsf": 0.08697299659252167,
            "magnr": 20.05299949645996,
            "sigmagnr": 0.09099999815225601,
            "magzpsci": 26.03230094909668,
            "isdiffpos": "t",
            "ssdistnr": -999.0,
            "ssnamenr": "null",
            "drb": null
        },
        {
            "candid": 903263261415015020,
            "jd": 2458657.7632639,
            "ra": 239.9441863,
            "dec": 37.0337195,
            "fid": 2,
            "nid": 903,
            "magpsf": 18.632200241088867,
            "sigmapsf": 0.08546900004148483,
            "magnr": 19.719999313354492,
            "sigmagnr": 0.15299999713897705,
            "magzpsci": 25.938199996948242,
            "isdiffpos": "t",
            "ssdistnr": -999.0,
            "ssnamenr": "null",
            "drb": null
        },
        {
            "candid": 906201081415015032,
            "jd": 2458660.701088,
            "ra": 239.9441756,
            "dec": 37.0337101,
            "fid": 1,
            "nid": 906,
            "magpsf": 18.88520050048828,
            "sigmapsf": 0.0802140012383461,
            "magnr": 20.05299949645996,
            "sigmagnr": 0.09099999815225601,
            "magzpsci": 26.061199188232422,
            "isdiffpos": "t",
            "ssdistnr": -999.0,
            "ssnamenr": "null",
            "drb": null
        },
        {
            "candid": 906245031415015006,
            "jd": 2458660.7450347,
            "ra": 239.9441829,
            "dec": 37.033696,
            "fid": 2,
            "nid": 906,
            "magpsf": 18.6697998046875,
            "sigmapsf": 0.09886199980974197,
            "magnr": 19.719999313354492,
            "sigmagnr": 0.15299999713897705,
            "magzpsci": 25.949800491333008,
            "isdiffpos": "t",
            "ssdistnr": -999.0,
            "ssnamenr": "null",
            "drb": null
        },
        {
            "candid": 909312231415015004,
            "jd": 2458663.8122338,
            "ra": 239.944164,
            "dec": 37.0337033,
            "fid": 2,
            "nid": 909,
            "magpsf": 18.6560001373291,
            "sigmapsf": 0.07694300264120102,
            "magnr": 19.719999313354492,
            "sigmagnr": 0.15299999713897705,
            "magzpsci": 25.920000076293945,
            "isdiffpos": "t",
            "ssdistnr": -999.0,
            "ssnamenr": "null",
            "drb": null
        },
        {
            "candid": 912249361415015049,
            "jd": 2458666.7493634,
            "ra": 239.9441601,
            "dec": 37.033723,
            "fid": 1,
            "nid": 912,
            "magpsf": 19.008800506591797,
            "sigmapsf": 0.08109600096940994,
            "magnr": 20.05299949645996,
            "sigmagnr": 0.09099999815225601,
            "magzpsci": 26.07979965209961,
            "isdiffpos": "t",
            "ssdistnr": -999.0,
            "ssnamenr": "null",
            "drb": null
        },
        {
            "candid": 912263611415015026,
            "jd": 2458666.7636111,
            "ra": 239.9441651,
            "dec": 37.0337237,
            "fid": 2,
            "nid": 912,
            "magpsf": 18.72559928894043,
            "sigmapsf": 0.09374900162220001,
            "magnr": 19.719999313354492,
            "sigmagnr": 0.15299999713897705,
            "magzpsci": 25.95560073852539,
            "isdiffpos": "t",
            "ssdistnr": -999.0,
            "ssnamenr": "null",
            "drb": null
        },
        {
            "candid": 915318371415015011,
            "jd": 2458669.8183796,
            "ra": 239.9441716,
            "dec": 37.0336948,
            "fid": 2,
            "nid": 915,
            "magpsf": 18.775400161743164,
            "sigmapsf": 0.08960899710655212,
            "magnr": 19.719999313354492,
            "sigmagnr": 0.15299999713897705,
            "magzpsci": 25.94339942932129,
            "isdiffpos": "t",
            "ssdistnr": -999.0,
            "ssnamenr": "null",
            "drb": null
        },
        {
            "candid": 918216241415015008,
            "jd": 2458672.71625,
            "ra": 239.9442028,
            "dec": 37.0337074,
            "fid": 2,
            "nid": 918,
            "magpsf": 18.878700256347656,
            "sigmapsf": 0.10660000145435333,
            "magnr": 19.719999313354492,
            "sigmagnr": 0.15299999713897705,
            "magzpsci": 25.9237003326416,
            "isdiffpos": "t",
            "ssdistnr": -999.0,
            "ssnamenr": "null",
            "drb": null
        },
        {
            "candid": 918312071415015023,
            "jd": 2458672.8120718,
            "ra": 239.9441703,
            "dec": 37.0336965,
            "fid": 1,
            "nid": 918,
            "magpsf": 19.252599716186523,
            "sigmapsf": 0.10876200348138809,
            "magnr": 20.05299949645996,
            "sigmagnr": 0.09099999815225601,
            "magzpsci": 26.01059913635254,
            "isdiffpos": "t",
            "ssdistnr": -999.0,
            "ssnamenr": "null",
            "drb": null
        },
        {
            "candid": 921239681415015005,
            "jd": 2458675.7396875,
            "ra": 239.9441257,
            "dec": 37.0337272,
            "fid": 2,
            "nid": 921,
            "magpsf": 18.8262996673584,
            "sigmapsf": 0.10515099763870239,
            "magnr": 19.719999313354492,
            "sigmagnr": 0.15299999713897705,
            "magzpsci": 25.922300338745117,
            "isdiffpos": "t",
            "ssdistnr": -999.0,
            "ssnamenr": "null",
            "drb": null
        },
        {
            "candid": 921320331415015011,
            "jd": 2458675.8203356,
            "ra": 239.944157,
            "dec": 37.0337026,
            "fid": 1,
            "nid": 921,
            "magpsf": 19.23110008239746,
            "sigmapsf": 0.13360999524593353,
            "magnr": 20.05299949645996,
            "sigmagnr": 0.09099999815225601,
            "magzpsci": 26.017099380493164,
            "isdiffpos": "t",
            "ssdistnr": -999.0,
            "ssnamenr": "null",
            "drb": null
        },
        {
            "candid": 924226491415015013,
            "jd": 2458678.7264931,
            "ra": 239.9441312,
            "dec": 37.0337039,
            "fid": 2,
            "nid": 924,
            "magpsf": 18.91939926147461,
            "sigmapsf": 0.09060700237751007,
            "magnr": 19.719999313354492,
            "sigmagnr": 0.15299999713897705,
            "magzpsci": 25.947399139404297,
            "isdiffpos": "t",
            "ssdistnr": -999.0,
            "ssnamenr": "null",
            "drb": null
        },
        {
            "candid": 924273881415015009,
            "jd": 2458678.7738889,
            "ra": 239.9441053,
            "dec": 37.0336882,
            "fid": 1,
            "nid": 924,
            "magpsf": 19.402599334716797,
            "sigmapsf": 0.1754699945449829,
            "magnr": 20.05299949645996,
            "sigmagnr": 0.09099999815225601,
            "magzpsci": 26.087600708007812,
            "isdiffpos": "t",
            "ssdistnr": -999.0,
            "ssnamenr": "null",
            "drb": null
        },
        {
            "candid": 927177371415015020,
            "jd": 2458681.6773727,
            "ra": 239.9442211,
            "dec": 37.0337456,
            "fid": 1,
            "nid": 927,
            "magpsf": 19.43400001525879,
            "sigmapsf": 0.19947199523448944,
            "magnr": 20.05299949645996,
            "sigmagnr": 0.09099999815225601,
            "magzpsci": 26.06999969482422,
            "isdiffpos": "t",
            "ssdistnr": -999.0,
            "ssnamenr": "null",
            "drb": null
        },
        {
            "candid": 927265871415015008,
            "jd": 2458681.7658796,
            "ra": 239.9441529,
            "dec": 37.0336758,
            "fid": 2,
            "nid": 927,
            "magpsf": 18.949100494384766,
            "sigmapsf": 0.1785839945077896,
            "magnr": 19.719999313354492,
            "sigmagnr": 0.15299999713897705,
            "magzpsci": 25.95210075378418,
            "isdiffpos": "t",
            "ssdistnr": -999.0,
            "ssnamenr": "null",
            "drb": null
        },
        {
            "candid": 930181251415015026,
            "jd": 2458684.68125,
            "ra": 239.9441839,
            "dec": 37.0336759,
            "fid": 2,
            "nid": 930,
            "magpsf": 18.944499969482422,
            "sigmapsf": 0.09678799659013748,
            "magnr": 19.719999313354492,
            "sigmagnr": 0.15299999713897705,
            "magzpsci": 25.953500747680664,
            "isdiffpos": "t",
            "ssdistnr": -999.0,
            "ssnamenr": "null",
            "drb": null
        },
        {
            "candid": 930199221415015024,
            "jd": 2458684.6992245,
            "ra": 239.9441976,
            "dec": 37.0337156,
            "fid": 1,
            "nid": 930,
            "magpsf": 19.630199432373047,
            "sigmapsf": 0.14476299285888672,
            "magnr": 20.05299949645996,
            "sigmagnr": 0.09099999815225601,
            "magzpsci": 26.092199325561523,
            "isdiffpos": "t",
            "ssdistnr": -999.0,
            "ssnamenr": "null",
            "drb": null
        },
        {
            "candid": 934205031415015060,
            "jd": 2458688.7050347,
            "ra": 239.9441584,
            "dec": 37.0337072,
            "fid": 1,
            "nid": 934,
            "magpsf": 19.59469985961914,
            "sigmapsf": 0.133542999625206,
            "magnr": 20.05299949645996,
            "sigmagnr": 0.09099999815225601,
            "magzpsci": 25.984699249267578,
            "isdiffpos": "t",
            "ssdistnr": -999.0,
            "ssnamenr": "null",
            "drb": null
        },
        {
            "candid": 937206921415015006,
            "jd": 2458691.7069213,
            "ra": 239.9441822,
            "dec": 37.0337025,
            "fid": 2,
            "nid": 937,
            "magpsf": 19.093799591064453,
            "sigmapsf": 0.10355500131845474,
            "magnr": 19.719999313354492,
            "sigmagnr": 0.15299999713897705,
            "magzpsci": 25.905799865722656,
            "isdiffpos": "t",
            "ssdistnr": -999.0,
            "ssnamenr": "null",
            "drb": null
        },
        {
            "candid": 937215811415015022,
            "jd": 2458691.7158102,
            "ra": 239.9441535,
            "dec": 37.03374,
            "fid": 1,
            "nid": 937,
            "magpsf": 19.760499954223633,
            "sigmapsf": 0.12640899419784546,
            "magnr": 20.05299949645996,
            "sigmagnr": 0.09099999815225601,
            "magzpsci": 26.029499053955078,
            "isdiffpos": "t",
            "ssdistnr": -999.0,
            "ssnamenr": "null",
            "drb": null
        },
        {
            "candid": 940222731415015021,
            "jd": 2458694.7227315,
            "ra": 239.9442062,
            "dec": 37.0337184,
            "fid": 1,
            "nid": 940,
            "magpsf": 19.928300857543945,
            "sigmapsf": 0.15004900097846985,
            "magnr": 20.05299949645996,
            "sigmagnr": 0.09099999815225601,
            "magzpsci": 25.991300582885742,
            "isdiffpos": "t",
            "ssdistnr": -999.0,
            "ssnamenr": "null",
            "drb": null
        },
        {
            "candid": 943174091415015036,
            "jd": 2458697.6740972,
            "ra": 239.9441426,
            "dec": 37.0336962,
            "fid": 2,
            "nid": 943,
            "magpsf": 19.25589942932129,
            "sigmapsf": 0.11033599823713303,
            "magnr": 19.719999313354492,
            "sigmagnr": 0.15299999713897705,
            "magzpsci": 25.92490005493164,
            "isdiffpos": "t",
            "ssdistnr": -999.0,
            "ssnamenr": "null",
            "drb": null
        },
        {
            "candid": 943197611415015046,
            "jd": 2458697.6976157,
            "ra": 239.9442025,
            "dec": 37.033722,
            "fid": 1,
            "nid": 943,
            "magpsf": 19.97480010986328,
            "sigmapsf": 0.1822499930858612,
            "magnr": 20.05299949645996,
            "sigmagnr": 0.09099999815225601,
            "magzpsci": 26.03580093383789,
            "isdiffpos": "t",
            "ssdistnr": -999.0,
            "ssnamenr": "null",
            "drb": null
        },
        {
            "candid": 946180551415015054,
            "jd": 2458700.6805556,
            "ra": 239.9441791,
            "dec": 37.0336843,
            "fid": 2,
            "nid": 946,
            "magpsf": 19.320199966430664,
            "sigmapsf": 0.1126129999756813,
            "magnr": 19.719999313354492,
            "sigmagnr": 0.15299999713897705,
            "magzpsci": 25.928199768066406,
            "isdiffpos": "t",
            "ssdistnr": -999.0,
            "ssnamenr": "null",
            "drb": null
        },
        {
            "candid": 951180571415015012,
            "jd": 2458705.6805787,
            "ra": 239.9441662,
            "dec": 37.0336902,
            "fid": 2,
            "nid": 951,
            "magpsf": 19.282800674438477,
            "sigmapsf": 0.1640550047159195,
            "magnr": 19.719999313354492,
            "sigmagnr": 0.15299999713897705,
            "magzpsci": 25.925800323486328,
            "isdiffpos": "t",
            "ssdistnr": -999.0,
            "ssnamenr": "null",
            "drb": null
        },
        {
            "jd": 2458556.99066,
            "fid": 1,
            "diffmaglim": 20.319000244140625
        },
        {
            "jd": 2458557.01389,
            "fid": 2,
            "diffmaglim": 20.225000381469727
        },
        {
            "jd": 2458560.92338,
            "fid": 2,
            "diffmaglim": 19.833999633789062
        },
        {
            "jd": 2458561.02554,
            "fid": 1,
            "diffmaglim": 20.077999114990234
        },
        {
            "jd": 2458568.0185,
            "fid": 1,
            "diffmaglim": 19.8439998626709
        },
        {
            "jd": 2458568.02491,
            "fid": 2,
            "diffmaglim": 19.965999603271484
        },
        {
            "jd": 2458568.90287,
            "fid": 1,
            "diffmaglim": 19.91699981689453
        },
        {
            "jd": 2458572.95264,
            "fid": 2,
            "diffmaglim": 20.42799949645996
        },
        {
            "jd": 2458572.99722,
            "fid": 1,
            "diffmaglim": 20.437000274658203
        },
        {
            "jd": 2458575.93471,
            "fid": 2,
            "diffmaglim": 20.69499969482422
        },
        {
            "jd": 2458575.98488,
            "fid": 1,
            "diffmaglim": 20.51099967956543
        },
        {
            "jd": 2458575.98722,
            "fid": 1,
            "diffmaglim": 20.190000534057617
        },
        {
            "jd": 2458580.88955,
            "fid": 2,
            "diffmaglim": 20.434999465942383
        },
        {
            "jd": 2458580.93073,
            "fid": 1,
            "diffmaglim": 20.086000442504883
        },
        {
            "jd": 2458583.87875,
            "fid": 1,
            "diffmaglim": 20.361000061035156
        },
        {
            "jd": 2458586.88065,
            "fid": 2,
            "diffmaglim": 20.23200035095215
        },
        {
            "jd": 2458586.93954,
            "fid": 1,
            "diffmaglim": 20.71299934387207
        },
        {
            "jd": 2458586.94509,
            "fid": 1,
            "diffmaglim": 20.725000381469727
        },
        {
            "jd": 2458589.83907,
            "fid": 2,
            "diffmaglim": 18.966999053955078
        },
        {
            "jd": 2458589.84134,
            "fid": 2,
            "diffmaglim": 18.052000045776367
        },
        {
            "jd": 2458592.97225,
            "fid": 1,
            "diffmaglim": 19.163000106811523
        },
        {
            "jd": 2458602.79957,
            "fid": 2,
            "diffmaglim": 20.60700035095215
        },
        {
            "jd": 2458606.78109,
            "fid": 2,
            "diffmaglim": 20.621000289916992
        },
        {
            "jd": 2458617.77101,
            "fid": 2,
            "diffmaglim": 20.327999114990234
        },
        {
            "jd": 2458618.72091,
            "fid": 2,
            "diffmaglim": 20.055999755859375
        },
        {
            "jd": 2458632.84354,
            "fid": 1,
            "diffmaglim": 20.694000244140625
        },
        {
            "jd": 2458647.7187,
            "fid": 1,
            "diffmaglim": 20.09000015258789
        }
    ],
    "forcedphot": []
}