{
    "objectId": "ZTF24aahnklb",
    "candidates": [
        {
            "candid": 2895556824815015000,
            "jd": 2460650.0568287,
            "ra": 237.5898519,
            "dec": 18.9389654,
            "fid": 2,
            "nid": 2895,
            "magpsf": 17.697999954223633,
            "sigmapsf": 0.07460899651050568,
            "magnr": 20.152000427246094,
            "sigmagnr": 0.1340000033378601,
            "magzpsci": 25.881000518798828,
            "isdiffpos": "t",
            "ssdistnr": null,
            "ssnamenr": null,
            "drb": 0.9999904632568359
        },
        {
            "candid": 2895558864815015001,
            "jd": 2460650.0588657,
            "ra": 237.5897787,
            "dec": 18.9389674,
            "fid": 2,
            "nid": 2895,
            "magpsf": 17.65679931640625,
            "sigmapsf": 0.06239200010895729,
            "magnr": 20.152000427246094,
            "sigmagnr": 0.1340000033378601,
            "magzpsci": 25.894800186157227,
            "isdiffpos": "t",
            "ssdistnr": null,
            "ssnamenr": null,
            "drb": null
        },
        {
            "candid": 2895562744815015002,
            "jd": 2460650.0627431,
            "ra": 237.5898693,
            "dec": 18.9389651,
            "fid": 2,
            "nid": 2895,
            "magpsf": 17.70870018005371,
            "sigmapsf": 0.08900599926710129,
            "magnr": 20.152000427246094,
            "sigmagnr": 0.1340000033378601,
            "magzpsci": 25.92169952392578,
            "isdiffpos": "t",
            "ssdistnr": null,
            "ssnamenr": null,
            "drb": null
        },
        {
            "candid": 2899552154815015002,
            "jd": 2460654.0521528,
            "ra": 237.5898614,
            "dec": 18.9389283,
            "fid": 2,
            "nid": 2899,
            "magpsf": 17.743099212646484,
            "sigmapsf": 0.07294599711894989,
            "magnr": 20.152000427246094,
            "sigmagnr": 0.1340000033378601,
            "magzpsci": 25.8971004486084,
            "isdiffpos": "t",
            "ssdistnr": null,
            "ssnamenr": null,
            "drb": null
        },
        {
            "candid": 2899555524815015004,
            "jd": 2460654.0555208,
            "ra": 237.5898394,
            "dec": 18.938933,
            "fid": 2,
            "nid": 2899,
            "magpsf": 17.748199462890625,
            "sigmapsf": 0.06268800050020218,
            "magnr": 20.152000427246094,
            "sigmagnr": 0.1340000033378601,
            "magzpsci": 25.90719985961914,
            "isdiffpos": "t",
            "ssdistnr": null,
            "ssnamenr": null,
            "drb": null
        },
        {
            "candid": 2899558884815015000,
            "jd": 2460654.0588889,
            "ra": 237.5898153,
            "dec": 18.9389365,
            "fid": 2,
            "nid": 2899,
            "magpsf": 17.70210075378418,
            "sigmapsf": 0.06832300126552582,
            "magnr": 20.152000427246094,
            "sigmagnr": 0.1340000033378601,
            "magzpsci": 25.927099227905273,
            "isdiffpos": "t",
            "ssdistnr": null,
            "ssnamenr": null,
            "drb": null
        },
        {
            "candid": 2905553986115015000,
            "jd": 2460660.0539815,
            "ra": 237.5898159,
            "dec": 18.938937,
            "fid": 2,
            "nid": 2905,
            "magpsf": 17.86840057373047,
            "sigmapsf": 0.07740999758243561,
            "magnr": 19.51099967956543,
            "sigmagnr": 0.12099999934434891,
            "magzpsci": 25.927400588989258,
            "isdiffpos": "t",
            "ssdistnr": null,
            "ssnamenr": null,
            "drb": null
        },
        {
            "candid": 2905557346115015001,
            "jd": 2460660.0573495,
            "ra": 237.5898459,
            "dec": 18.9389581,
            "fid": 2,
            "nid": 2905,
            "magpsf": 17.777799606323242,
            "sigmapsf": 0.06919799745082855,
            "magnr": 19.51099967956543,
            "sigmagnr": 0.12099999934434891,
            "magzpsci": 25.905799865722656,
            "isdiffpos": "t",
            "ssdistnr": null,
            "ssnamenr": null,
            "drb": null
        },
        {
            "candid": 2905560716115015000,
            "jd": 2460660.0607176,
            "ra": 237.5898267,
            "dec": 18.9389325,
            "fid": 2,
            "nid": 2905,
            "magpsf": 17.783798217773438,
            "sigmapsf": 0.07576145976781845,
            "magnr": 19.51099967956543,
            "sigmagnr": 0.12099999934434891,
            "magzpsci": 25.942798614501953,
            "isdiffpos": "t",
            "ssdistnr": -999.0,
            "ssnamenr": "null",
            "drb": null
        },
        {
            "jd": 2460649.0596528,
            "fid": 2,
            "diffmaglim": 18.329200744628906
        },
        {
            "jd": 2460649.0601157,
            "fid": 2,
            "diffmaglim": 19.188899993896484
        },
        {
            "jd": 2460655.0588079,
            "fid": 2,
            "diffmaglim": 18.207500457763672
        }
    ],
    "forcedphot": [
        {
            "objectid": "ZTF24aahnklb",
            "jd": 2460650.0568287,
            "ranr": 237.5892122,
            "decnr": 18.9384826,
            "fid": 2,
            "forcediffimflux": 1795.456298828125,
            "forcediffimfluxunc": 65.77924346923828,
            "magzpsci": 25.881000518798828
        },
        {
            "objectid": "ZTF24aahnklb",
            "jd": 2460650.0588657,
            "ranr": 237.5892122,
            "decnr": 18.9384826,
            "fid": 2,
            "forcediffimflux": 1901.1007080078125,
            "forcediffimfluxunc": 69.59703826904297,
            "magzpsci": 25.894800186157227
        },
        {
            "objectid": "ZTF24aahnklb",
            "jd": 2460650.0627431,
            "ranr": 237.5892122,
            "decnr": 18.9384826,
            "fid": 2,
            "forcediffimflux": 1803.9659423828125,
            "forcediffimfluxunc": 94.27153015136719,
            "magzpsci": 25.92169952392578
        },
        {
            "objectid": "ZTF24aahnklb",
            "jd": 2460653.0560648,
            "ranr": -99999.0,
            "decnr": -99999.0,
            "fid": 2,
            "forcediffimflux": -99999.0,
            "forcediffimfluxunc": -99999.0,
            "magzpsci": 26.25779914855957
        },
        {
            "objectid": "ZTF24aahnklb",
            "jd": 2460654.0521528,
            "ranr": 237.5892122,
            "decnr": 18.9384826,
            "fid": 2,
            "forcediffimflux": 1766.0538330078125,
            "forcediffimfluxunc": 64.94548797607422,
            "magzpsci": 25.8971004486084
        },
        {
            "objectid": "ZTF24aahnklb",
            "jd": 2460654.0588889,
            "ranr": -99999.0,
            "decnr": -99999.0,
            "fid": 2,
            "forcediffimflux": -99999.0,
            "forcediffimfluxunc": -99999.0,
            "magzpsci": 26.04050064086914
        },
        {
            "objectid": "ZTF24aahnklb",
            "jd": 2460660.0539815,
            "ranr": 237.5901274,
            "decnr": 18.9379506,
            "fid": 2,
            "forcediffimflux": 1752.1060791015625,
            "forcediffimfluxunc": 92.39942932128906,
            "magzpsci": 25.927400588989258
        },
        {
            "objectid": "ZTF24aahnklb",
            "jd": 2460660.0573495,
            "ranr": 237.5901274,
            "decnr": 18.9379506,
            "fid": 2,
            "forcediffimflux": 1807.1490478515625,
            "forcediffimfluxunc": 85.48998260498047,
            "magzpsci": 25.905799865722656
        }
    ]
}