{
    "objectId": "ZTF24aagvvum",
    "candidates": [
        {
            "candid": 2753392161115015160,
            "jd": 2460507.8921644,
            "ra": 15.3657902,
            "dec": 22.8188945,
            "fid": 2,
            "nid": 2753,
            "magpsf": 18.885099411010742,
            "sigmapsf": 0.07760600000619888,
            "magnr": 20.486000061035156,
            "sigmagnr": 0.08500000089406967,
            "magzpsci": 25.740100860595703,
            "isdiffpos": "t",
            "ssdistnr": null,
            "ssnamenr": null,
            "drb": null
        },
        {
            "candid": 2753452551115015007,
            "jd": 2460507.9525579,
            "ra": 15.3658424,
            "dec": 22.818908,
            "fid": 1,
            "nid": 2753,
            "magpsf": 19.91029930114746,
            "sigmapsf": 0.13256800174713135,
            "magnr": 21.024999618530273,
            "sigmagnr": 0.07199999690055847,
            "magzpsci": 26.347299575805664,
            "isdiffpos": "t",
            "ssdistnr": null,
            "ssnamenr": null,
            "drb": null
        },
        {
            "candid": 2756365321115015020,
            "jd": 2460510.8653241,
            "ra": 15.3658394,
            "dec": 22.8188601,
            "fid": 2,
            "nid": 2756,
            "magpsf": 18.792600631713867,
            "sigmapsf": 0.11321700364351273,
            "magnr": 20.486000061035156,
            "sigmagnr": 0.08500000089406967,
            "magzpsci": 26.099599838256836,
            "isdiffpos": "t",
            "ssdistnr": null,
            "ssnamenr": null,
            "drb": null
        },
        {
            "candid": 2756423511115015010,
            "jd": 2460510.9235185,
            "ra": 15.3658557,
            "dec": 22.8188621,
            "fid": 1,
            "nid": 2756,
            "magpsf": 19.891599655151367,
            "sigmapsf": 0.24605999886989594,
            "magnr": 21.024999618530273,
            "sigmagnr": 0.07199999690055847,
            "magzpsci": 26.313600540161133,
            "isdiffpos": "t",
            "ssdistnr": null,
            "ssnamenr": null,
            "drb": null
        },
        {
            "candid": 2759469251115015006,
            "jd": 2460513.9692593,
            "ra": 15.3658021,
            "dec": 22.8188794,
            "fid": 2,
            "nid": 2759,
            "magpsf": 19.046300888061523,
            "sigmapsf": 0.10658399760723114,
            "magnr": 20.486000061035156,
            "sigmagnr": 0.08500000089406967,
            "magzpsci": 26.20330047607422,
            "isdiffpos": "t",
            "ssdistnr": null,
            "ssnamenr": null,
            "drb": null
        },
        {
            "candid": 2761421211115015003,
            "jd": 2460515.9212153,
            "ra": 15.3658012,
            "dec": 22.818849,
            "fid": 2,
            "nid": 2761,
            "magpsf": 18.93829917907715,
            "sigmapsf": 0.12899500131607056,
            "magnr": 20.486000061035156,
            "sigmagnr": 0.08500000089406967,
            "magzpsci": 26.09830093383789,
            "isdiffpos": "t",
            "ssdistnr": null,
            "ssnamenr": null,
            "drb": null
        },
        {
            "candid": 2765362691115015008,
            "jd": 2460519.8626968,
            "ra": 15.3658,
            "dec": 22.818876,
            "fid": 2,
            "nid": 2765,
            "magpsf": 19.185199737548828,
            "sigmapsf": 0.09184300154447556,
            "magnr": 20.486000061035156,
            "sigmagnr": 0.08500000089406967,
            "magzpsci": 26.24220085144043,
            "isdiffpos": "t",
            "ssdistnr": null,
            "ssnamenr": null,
            "drb": null
        },
        {
            "candid": 2765439381115015007,
            "jd": 2460519.9393866,
            "ra": 15.3657499,
            "dec": 22.8188444,
            "fid": 1,
            "nid": 2765,
            "magpsf": 20.327199935913086,
            "sigmapsf": 0.23002099990844727,
            "magnr": 21.024999618530273,
            "sigmagnr": 0.07199999690055847,
            "magzpsci": 26.40220069885254,
            "isdiffpos": "t",
            "ssdistnr": null,
            "ssnamenr": null,
            "drb": null
        },
        {
            "candid": 2767381991115015014,
            "jd": 2460521.8819907,
            "ra": 15.3658512,
            "dec": 22.8189476,
            "fid": 1,
            "nid": 2767,
            "magpsf": 20.043899536132812,
            "sigmapsf": 0.22573399543762207,
            "magnr": 21.024999618530273,
            "sigmagnr": 0.07199999690055847,
            "magzpsci": 26.322900772094727,
            "isdiffpos": "t",
            "ssdistnr": null,
            "ssnamenr": null,
            "drb": null
        },
        {
            "candid": 2767408781115015010,
            "jd": 2460521.9087847,
            "ra": 15.3658268,
            "dec": 22.8188895,
            "fid": 2,
            "nid": 2767,
            "magpsf": 19.138200759887695,
            "sigmapsf": 0.08738899976015091,
            "magnr": 20.486000061035156,
            "sigmagnr": 0.08500000089406967,
            "magzpsci": 26.235200881958008,
            "isdiffpos": "t",
            "ssdistnr": null,
            "ssnamenr": null,
            "drb": null
        },
        {
            "candid": 2771346881115015009,
            "jd": 2460525.8468866,
            "ra": 15.3658542,
            "dec": 22.8188752,
            "fid": 1,
            "nid": 2771,
            "magpsf": 20.491300582885742,
            "sigmapsf": 0.24284499883651733,
            "magnr": 21.024999618530273,
            "sigmagnr": 0.07199999690055847,
            "magzpsci": 26.220300674438477,
            "isdiffpos": "t",
            "ssdistnr": null,
            "ssnamenr": null,
            "drb": null
        },
        {
            "candid": 2771426531115015009,
            "jd": 2460525.9265394,
            "ra": 15.3657824,
            "dec": 22.8189118,
            "fid": 2,
            "nid": 2771,
            "magpsf": 19.255800247192383,
            "sigmapsf": 0.08828599750995636,
            "magnr": 20.486000061035156,
            "sigmagnr": 0.08500000089406967,
            "magzpsci": 26.201799392700195,
            "isdiffpos": "t",
            "ssdistnr": null,
            "ssnamenr": null,
            "drb": null
        },
        {
            "candid": 2773391751115015010,
            "jd": 2460527.8917593,
            "ra": 15.3657924,
            "dec": 22.8188937,
            "fid": 2,
            "nid": 2773,
            "magpsf": 19.289899826049805,
            "sigmapsf": 0.0931050032377243,
            "magnr": 20.486000061035156,
            "sigmagnr": 0.08500000089406967,
            "magzpsci": 26.18589973449707,
            "isdiffpos": "t",
            "ssdistnr": null,
            "ssnamenr": null,
            "drb": null
        },
        {
            "candid": 2773445431115015006,
            "jd": 2460527.9454398,
            "ra": 15.3657551,
            "dec": 22.8188611,
            "fid": 1,
            "nid": 2773,
            "magpsf": 20.42799949645996,
            "sigmapsf": 0.18521399796009064,
            "magnr": 21.024999618530273,
            "sigmagnr": 0.07199999690055847,
            "magzpsci": 26.371000289916992,
            "isdiffpos": "t",
            "ssdistnr": null,
            "ssnamenr": null,
            "drb": null
        },
        {
            "candid": 2775411421115015010,
            "jd": 2460529.9114236,
            "ra": 15.3657876,
            "dec": 22.8188849,
            "fid": 2,
            "nid": 2775,
            "magpsf": 19.312299728393555,
            "sigmapsf": 0.09671899676322937,
            "magnr": 20.486000061035156,
            "sigmagnr": 0.08500000089406967,
            "magzpsci": 26.042299270629883,
            "isdiffpos": "t",
            "ssdistnr": null,
            "ssnamenr": null,
            "drb": null
        },
        {
            "candid": 2775432621115015005,
            "jd": 2460529.9326273,
            "ra": 15.365753,
            "dec": 22.8188748,
            "fid": 1,
            "nid": 2775,
            "magpsf": 20.57069969177246,
            "sigmapsf": 0.3631890118122101,
            "magnr": 21.024999618530273,
            "sigmagnr": 0.07199999690055847,
            "magzpsci": 25.731700897216797,
            "isdiffpos": "t",
            "ssdistnr": null,
            "ssnamenr": null,
            "drb": null
        },
        {
            "candid": 2777378591115015013,
            "jd": 2460531.8785995,
            "ra": 15.3657976,
            "dec": 22.818902,
            "fid": 2,
            "nid": 2777,
            "magpsf": 19.302499771118164,
            "sigmapsf": 0.11057499796152115,
            "magnr": 20.486000061035156,
            "sigmagnr": 0.08500000089406967,
            "magzpsci": 26.14349937438965,
            "isdiffpos": "t",
            "ssdistnr": null,
            "ssnamenr": null,
            "drb": null
        },
        {
            "candid": 2778412241115015037,
            "jd": 2460532.9122454,
            "ra": 15.3658074,
            "dec": 22.8188839,
            "fid": 2,
            "nid": 2778,
            "magpsf": 19.3528995513916,
            "sigmapsf": 0.06999299675226212,
            "magnr": 20.486000061035156,
            "sigmagnr": 0.08500000089406967,
            "magzpsci": 26.933900833129883,
            "isdiffpos": "t",
            "ssdistnr": null,
            "ssnamenr": null,
            "drb": null
        },
        {
            "candid": 2778429011115015021,
            "jd": 2460532.9290162,
            "ra": 15.3657357,
            "dec": 22.8188556,
            "fid": 1,
            "nid": 2778,
            "magpsf": 20.40180015563965,
            "sigmapsf": 0.12797699868679047,
            "magnr": 21.024999618530273,
            "sigmagnr": 0.07199999690055847,
            "magzpsci": 27.05579948425293,
            "isdiffpos": "t",
            "ssdistnr": null,
            "ssnamenr": null,
            "drb": null
        },
        {
            "candid": 2779368871115015017,
            "jd": 2460533.8688773,
            "ra": 15.3658124,
            "dec": 22.8188893,
            "fid": 2,
            "nid": 2779,
            "magpsf": 19.388399124145508,
            "sigmapsf": 0.09065700322389603,
            "magnr": 20.486000061035156,
            "sigmagnr": 0.08500000089406967,
            "magzpsci": 26.91939926147461,
            "isdiffpos": "t",
            "ssdistnr": null,
            "ssnamenr": null,
            "drb": null
        },
        {
            "candid": 2780346941115015066,
            "jd": 2460534.8469444,
            "ra": 15.3657452,
            "dec": 22.8188433,
            "fid": 2,
            "nid": 2780,
            "magpsf": 19.18829917907715,
            "sigmapsf": 0.1664080023765564,
            "magnr": 20.486000061035156,
            "sigmagnr": 0.08500000089406967,
            "magzpsci": 25.810300827026367,
            "isdiffpos": "t",
            "ssdistnr": null,
            "ssnamenr": null,
            "drb": null
        },
        {
            "candid": 2780405911115015011,
            "jd": 2460534.9059144,
            "ra": 15.3657683,
            "dec": 22.8188599,
            "fid": 1,
            "nid": 2780,
            "magpsf": 20.51490020751953,
            "sigmapsf": 0.13221199810504913,
            "magnr": 21.024999618530273,
            "sigmagnr": 0.07199999690055847,
            "magzpsci": 27.045900344848633,
            "isdiffpos": "t",
            "ssdistnr": null,
            "ssnamenr": null,
            "drb": null
        },
        {
            "candid": 2782393561115015011,
            "jd": 2460536.8935648,
            "ra": 15.3657987,
            "dec": 22.8188987,
            "fid": 2,
            "nid": 2782,
            "magpsf": 19.45829963684082,
            "sigmapsf": 0.10182099789381027,
            "magnr": 20.486000061035156,
            "sigmagnr": 0.08500000089406967,
            "magzpsci": 26.25429916381836,
            "isdiffpos": "t",
            "ssdistnr": null,
            "ssnamenr": null,
            "drb": null
        },
        {
            "candid": 2782424901115015014,
            "jd": 2460536.9249074,
            "ra": 15.3658979,
            "dec": 22.8189008,
            "fid": 1,
            "nid": 2782,
            "magpsf": 20.42537498474121,
            "sigmapsf": 0.19635429978370667,
            "magnr": 21.024999618530273,
            "sigmagnr": 0.07199999690055847,
            "magzpsci": 26.434375762939453,
            "isdiffpos": "t",
            "ssdistnr": -999.0,
            "ssnamenr": "null",
            "drb": null
        },
        {
            "jd": 2460513.9557639,
            "fid": 1,
            "diffmaglim": 19.612899780273438
        },
        {
            "jd": 2460515.945162,
            "fid": 1,
            "diffmaglim": 19.403799057006836
        },
        {
            "jd": 2460533.7991319,
            "fid": 1,
            "diffmaglim": 20.226999282836914
        }
    ],
    "forcedphot": [
        {
            "objectid": "ZTF24aagvvum",
            "jd": 2460507.9530324,
            "ranr": -99999.0,
            "decnr": -99999.0,
            "fid": 1,
            "forcediffimflux": -99999.0,
            "forcediffimfluxunc": -99999.0,
            "magzpsci": 26.279499053955078
        },
        {
            "objectid": "ZTF24aagvvum",
            "jd": 2460510.8653241,
            "ranr": 15.3655976,
            "decnr": 22.8190456,
            "fid": 2,
            "forcediffimflux": 846.789306640625,
            "forcediffimfluxunc": 52.5333137512207,
            "magzpsci": 26.099599838256836
        },
        {
            "objectid": "ZTF24aagvvum",
            "jd": 2460510.9235185,
            "ranr": 15.3656114,
            "decnr": 22.8190357,
            "fid": 1,
            "forcediffimflux": 363.7863464355469,
            "forcediffimfluxunc": 42.18705749511719,
            "magzpsci": 26.313600540161133
        },
        {
            "objectid": "ZTF24aagvvum",
            "jd": 2460513.9557639,
            "ranr": 15.3656114,
            "decnr": 22.8190357,
            "fid": 1,
            "forcediffimflux": 274.9254455566406,
            "forcediffimfluxunc": 61.543155670166016,
            "magzpsci": 26.30270004272461
        },
        {
            "objectid": "ZTF24aagvvum",
            "jd": 2460513.9701968,
            "ranr": -99999.0,
            "decnr": -99999.0,
            "fid": 2,
            "forcediffimflux": -99999.0,
            "forcediffimfluxunc": -99999.0,
            "magzpsci": 26.185699462890625
        },
        {
            "objectid": "ZTF24aagvvum",
            "jd": 2460515.9216898,
            "ranr": -99999.0,
            "decnr": -99999.0,
            "fid": 2,
            "forcediffimflux": -99999.0,
            "forcediffimfluxunc": -99999.0,
            "magzpsci": 26.074199676513672
        },
        {
            "objectid": "ZTF24aagvvum",
            "jd": 2460515.9712384,
            "ranr": -99999.0,
            "decnr": -99999.0,
            "fid": 1,
            "forcediffimflux": -99999.0,
            "forcediffimfluxunc": -99999.0,
            "magzpsci": 26.183500289916992
        },
        {
            "objectid": "ZTF24aagvvum",
            "jd": 2460519.8626968,
            "ranr": 15.3655976,
            "decnr": 22.8190456,
            "fid": 2,
            "forcediffimflux": 666.0033569335938,
            "forcediffimfluxunc": 42.103111267089844,
            "magzpsci": 26.24220085144043
        },
        {
            "objectid": "ZTF24aagvvum",
            "jd": 2460519.9725579,
            "ranr": -99999.0,
            "decnr": -99999.0,
            "fid": 1,
            "forcediffimflux": -99999.0,
            "forcediffimfluxunc": -99999.0,
            "magzpsci": 26.34910011291504
        },
        {
            "objectid": "ZTF24aagvvum",
            "jd": 2460521.8819907,
            "ranr": 15.3656114,
            "decnr": 22.8190357,
            "fid": 1,
            "forcediffimflux": 314.2750244140625,
            "forcediffimfluxunc": 34.247318267822266,
            "magzpsci": 26.322900772094727
        },
        {
            "objectid": "ZTF24aagvvum",
            "jd": 2460521.930625,
            "ranr": -99999.0,
            "decnr": -99999.0,
            "fid": 2,
            "forcediffimflux": -99999.0,
            "forcediffimfluxunc": -99999.0,
            "magzpsci": 26.211599349975586
        },
        {
            "objectid": "ZTF24aagvvum",
            "jd": 2460525.9265394,
            "ranr": 15.3655976,
            "decnr": 22.8190456,
            "fid": 2,
            "forcediffimflux": 607.8427124023438,
            "forcediffimfluxunc": 25.695688247680664,
            "magzpsci": 26.201799392700195
        },
        {
            "objectid": "ZTF24aagvvum",
            "jd": 2460525.9585185,
            "ranr": -99999.0,
            "decnr": -99999.0,
            "fid": 1,
            "forcediffimflux": -99999.0,
            "forcediffimfluxunc": -99999.0,
            "magzpsci": 26.292999267578125
        },
        {
            "objectid": "ZTF24aagvvum",
            "jd": 2460527.8917593,
            "ranr": 15.3655976,
            "decnr": 22.8190456,
            "fid": 2,
            "forcediffimflux": 591.8046875,
            "forcediffimfluxunc": 24.282127380371094,
            "magzpsci": 26.18589973449707
        },
        {
            "objectid": "ZTF24aagvvum",
            "jd": 2460527.9454398,
            "ranr": 15.3656114,
            "decnr": 22.8190357,
            "fid": 1,
            "forcediffimflux": 232.1577911376953,
            "forcediffimfluxunc": 24.521387100219727,
            "magzpsci": 26.371000289916992
        },
        {
            "objectid": "ZTF24aagvvum",
            "jd": 2460528.9359722,
            "ranr": -99999.0,
            "decnr": -99999.0,
            "fid": 2,
            "forcediffimflux": -99999.0,
            "forcediffimfluxunc": -99999.0,
            "magzpsci": 26.156700134277344
        },
        {
            "objectid": "ZTF24aagvvum",
            "jd": 2460529.9114236,
            "ranr": 15.3655976,
            "decnr": 22.8190456,
            "fid": 2,
            "forcediffimflux": 487.7820739746094,
            "forcediffimfluxunc": 25.366867065429688,
            "magzpsci": 26.042299270629883
        },
        {
            "objectid": "ZTF24aagvvum",
            "jd": 2460529.9326273,
            "ranr": 15.3656114,
            "decnr": 22.8190357,
            "fid": 1,
            "forcediffimflux": 114.76806640625,
            "forcediffimfluxunc": 25.936269760131836,
            "magzpsci": 25.731700897216797
        },
        {
            "objectid": "ZTF24aagvvum",
            "jd": 2460530.8837731,
            "ranr": -99999.0,
            "decnr": -99999.0,
            "fid": 1,
            "forcediffimflux": -99999.0,
            "forcediffimfluxunc": -99999.0,
            "magzpsci": 26.16710090637207
        },
        {
            "objectid": "ZTF24aagvvum",
            "jd": 2460531.8785995,
            "ranr": 15.3655976,
            "decnr": 22.8190456,
            "fid": 2,
            "forcediffimflux": 552.2517700195312,
            "forcediffimfluxunc": 23.804338455200195,
            "magzpsci": 26.14349937438965
        },
        {
            "objectid": "ZTF24aagvvum",
            "jd": 2460532.9122454,
            "ranr": 15.3655976,
            "decnr": 22.8190456,
            "fid": 2,
            "forcediffimflux": 1093.31494140625,
            "forcediffimfluxunc": 33.91275405883789,
            "magzpsci": 26.933900833129883
        },
        {
            "objectid": "ZTF24aagvvum",
            "jd": 2460532.9290162,
            "ranr": 15.3656114,
            "decnr": 22.8190357,
            "fid": 1,
            "forcediffimflux": 427.7281494140625,
            "forcediffimfluxunc": 36.07868957519531,
            "magzpsci": 27.05579948425293
        },
        {
            "objectid": "ZTF24aagvvum",
            "jd": 2460533.9149884,
            "ranr": -99999.0,
            "decnr": -99999.0,
            "fid": 2,
            "forcediffimflux": -99999.0,
            "forcediffimfluxunc": -99999.0,
            "magzpsci": 26.93269920349121
        },
        {
            "objectid": "ZTF24aagvvum",
            "jd": 2460533.9284606,
            "ranr": -99999.0,
            "decnr": -99999.0,
            "fid": 1,
            "forcediffimflux": -99999.0,
            "forcediffimfluxunc": -99999.0,
            "magzpsci": 26.981800079345703
        },
        {
            "objectid": "ZTF24aagvvum",
            "jd": 2460534.9059144,
            "ranr": 15.3656114,
            "decnr": 22.8190357,
            "fid": 1,
            "forcediffimflux": 395.58953857421875,
            "forcediffimfluxunc": 36.711578369140625,
            "magzpsci": 27.045900344848633
        },
        {
            "objectid": "ZTF24aagvvum",
            "jd": 2460535.9046759,
            "ranr": -99999.0,
            "decnr": -99999.0,
            "fid": 2,
            "forcediffimflux": -99999.0,
            "forcediffimfluxunc": -99999.0,
            "magzpsci": 26.228599548339844
        },
        {
            "objectid": "ZTF24aagvvum",
            "jd": 2460535.9298148,
            "ranr": -99999.0,
            "decnr": -99999.0,
            "fid": 1,
            "forcediffimflux": -99999.0,
            "forcediffimfluxunc": -99999.0,
            "magzpsci": 26.34480094909668
        },
        {
            "objectid": "ZTF24aagvvum",
            "jd": 2460536.8935648,
            "ranr": 15.3655976,
            "decnr": 22.8190456,
            "fid": 2,
            "forcediffimflux": 516.078125,
            "forcediffimfluxunc": 25.09352684020996,
            "magzpsci": 26.25429916381836
        }
    ]
}