{
    "objectId": "ZTF22abzqwmp",
    "candidates": [
        {
            "candid": 2179447533115015006,
            "jd": 2459933.9475347,
            "ra": 153.9164055,
            "dec": 45.9403188,
            "fid": 1,
            "nid": 2179,
            "magpsf": 19.033100128173828,
            "sigmapsf": 0.11485700309276581,
            "magnr": 19.673999786376953,
            "sigmagnr": 0.12200000137090683,
            "magzpsci": 25.697099685668945,
            "isdiffpos": "t",
            "ssdistnr": null,
            "ssnamenr": null,
            "drb": 0.9999951720237732
        },
        {
            "candid": 2181384953115015009,
            "jd": 2459935.8849537,
            "ra": 153.9164407,
            "dec": 45.9403473,
            "fid": 1,
            "nid": 2181,
            "magpsf": 18.996700286865234,
            "sigmapsf": 0.07891900092363358,
            "magnr": 19.673999786376953,
            "sigmagnr": 0.12200000137090683,
            "magzpsci": 26.336700439453125,
            "isdiffpos": "t",
            "ssdistnr": null,
            "ssnamenr": null,
            "drb": null
        },
        {
            "candid": 2183431073115015009,
            "jd": 2459937.9310764,
            "ra": 153.9163791,
            "dec": 45.9403511,
            "fid": 2,
            "nid": 2183,
            "magpsf": 18.906600952148438,
            "sigmapsf": 0.12294600158929825,
            "magnr": 19.97599983215332,
            "sigmagnr": 0.12700000405311584,
            "magzpsci": 26.278600692749023,
            "isdiffpos": "t",
            "ssdistnr": null,
            "ssnamenr": null,
            "drb": null
        },
        {
            "candid": 2183449073115015009,
            "jd": 2459937.9490741,
            "ra": 153.916454,
            "dec": 45.9403464,
            "fid": 1,
            "nid": 2183,
            "magpsf": 18.908000946044922,
            "sigmapsf": 0.08207499980926514,
            "magnr": 19.673999786376953,
            "sigmagnr": 0.12200000137090683,
            "magzpsci": 26.33099937438965,
            "isdiffpos": "t",
            "ssdistnr": null,
            "ssnamenr": null,
            "drb": null
        },
        {
            "candid": 2202490463115015008,
            "jd": 2459956.990463,
            "ra": 153.9164105,
            "dec": 45.9403427,
            "fid": 2,
            "nid": 2202,
            "magpsf": 18.911699295043945,
            "sigmapsf": 0.08745499700307846,
            "magnr": 19.97599983215332,
            "sigmagnr": 0.12700000405311584,
            "magzpsci": 26.287700653076172,
            "isdiffpos": "t",
            "ssdistnr": null,
            "ssnamenr": null,
            "drb": null
        },
        {
            "candid": 2211351333115015005,
            "jd": 2459965.851331,
            "ra": 153.916497,
            "dec": 45.9402533,
            "fid": 2,
            "nid": 2211,
            "magpsf": 19.058500289916992,
            "sigmapsf": 0.12364999949932098,
            "magnr": 19.97599983215332,
            "sigmagnr": 0.12700000405311584,
            "magzpsci": 26.26449966430664,
            "isdiffpos": "t",
            "ssdistnr": null,
            "ssnamenr": null,
            "drb": null
        },
        {
            "candid": 2211373843115015004,
            "jd": 2459965.8738426,
            "ra": 153.9164105,
            "dec": 45.9402116,
            "fid": 1,
            "nid": 2211,
            "magpsf": 19.587400436401367,
            "sigmapsf": 0.21442699432373047,
            "magnr": 19.673999786376953,
            "sigmagnr": 0.12200000137090683,
            "magzpsci": 26.29640007019043,
            "isdiffpos": "t",
            "ssdistnr": null,
            "ssnamenr": null,
            "drb": null
        },
        {
            "candid": 2214367123115015008,
            "jd": 2459968.8671296,
            "ra": 153.9164164,
            "dec": 45.940349,
            "fid": 2,
            "nid": 2214,
            "magpsf": 18.949199676513672,
            "sigmapsf": 0.08212599903345108,
            "magnr": 19.97599983215332,
            "sigmagnr": 0.12700000405311584,
            "magzpsci": 26.289199829101562,
            "isdiffpos": "t",
            "ssdistnr": null,
            "ssnamenr": null,
            "drb": null
        },
        {
            "candid": 2216370763115015003,
            "jd": 2459970.8707639,
            "ra": 153.9164078,
            "dec": 45.9403908,
            "fid": 2,
            "nid": 2216,
            "magpsf": 19.120500564575195,
            "sigmapsf": 0.1664150059223175,
            "magnr": 19.97599983215332,
            "sigmagnr": 0.12700000405311584,
            "magzpsci": 26.31049919128418,
            "isdiffpos": "t",
            "ssdistnr": null,
            "ssnamenr": null,
            "drb": null
        },
        {
            "candid": 2218344273115015010,
            "jd": 2459972.8442708,
            "ra": 153.9163813,
            "dec": 45.9403428,
            "fid": 2,
            "nid": 2218,
            "magpsf": 19.013200759887695,
            "sigmapsf": 0.09746400266885757,
            "magnr": 19.97599983215332,
            "sigmagnr": 0.12700000405311584,
            "magzpsci": 26.315200805664062,
            "isdiffpos": "t",
            "ssdistnr": null,
            "ssnamenr": null,
            "drb": null
        },
        {
            "candid": 2218430833115015004,
            "jd": 2459972.9308333,
            "ra": 153.9164369,
            "dec": 45.9403591,
            "fid": 1,
            "nid": 2218,
            "magpsf": 19.76129913330078,
            "sigmapsf": 0.17589299380779266,
            "magnr": 19.673999786376953,
            "sigmagnr": 0.12200000137090683,
            "magzpsci": 26.33329963684082,
            "isdiffpos": "t",
            "ssdistnr": null,
            "ssnamenr": null,
            "drb": null
        },
        {
            "candid": 2225256663115015004,
            "jd": 2459979.7566667,
            "ra": 153.91657,
            "dec": 45.9404185,
            "fid": 1,
            "nid": 2225,
            "magpsf": 19.650999069213867,
            "sigmapsf": 0.3092069923877716,
            "magnr": 19.673999786376953,
            "sigmagnr": 0.12200000137090683,
            "magzpsci": 26.264999389648438,
            "isdiffpos": "t",
            "ssdistnr": null,
            "ssnamenr": null,
            "drb": null
        },
        {
            "candid": 2229360213115015003,
            "jd": 2459983.8602199,
            "ra": 153.9164521,
            "dec": 45.9402989,
            "fid": 2,
            "nid": 2229,
            "magpsf": 19.103099822998047,
            "sigmapsf": 0.20122599601745605,
            "magnr": 19.97599983215332,
            "sigmagnr": 0.12700000405311584,
            "magzpsci": 26.238100051879883,
            "isdiffpos": "t",
            "ssdistnr": null,
            "ssnamenr": null,
            "drb": null
        },
        {
            "candid": 2231282963115015006,
            "jd": 2459985.782963,
            "ra": 153.9165968,
            "dec": 45.9402992,
            "fid": 2,
            "nid": 2231,
            "magpsf": 19.09040069580078,
            "sigmapsf": 0.145797997713089,
            "magnr": 19.97599983215332,
            "sigmagnr": 0.12700000405311584,
            "magzpsci": 26.293399810791016,
            "isdiffpos": "t",
            "ssdistnr": null,
            "ssnamenr": null,
            "drb": null
        },
        {
            "candid": 2231298323115015006,
            "jd": 2459985.7983218,
            "ra": 153.9162624,
            "dec": 45.9403504,
            "fid": 1,
            "nid": 2231,
            "magpsf": 19.768699645996094,
            "sigmapsf": 0.2408369928598404,
            "magnr": 19.673999786376953,
            "sigmagnr": 0.12200000137090683,
            "magzpsci": 26.340700149536133,
            "isdiffpos": "t",
            "ssdistnr": null,
            "ssnamenr": null,
            "drb": null
        },
        {
            "candid": 2238310183115015030,
            "jd": 2459992.8101852,
            "ra": 153.9164861,
            "dec": 45.9403654,
            "fid": 2,
            "nid": 2238,
            "magpsf": 19.285499572753906,
            "sigmapsf": 0.2209469974040985,
            "magnr": 19.97599983215332,
            "sigmagnr": 0.12700000405311584,
            "magzpsci": 25.453500747680664,
            "isdiffpos": "t",
            "ssdistnr": null,
            "ssnamenr": null,
            "drb": null
        },
        {
            "candid": 2240403143115015006,
            "jd": 2459994.9031481,
            "ra": 153.9164523,
            "dec": 45.9404055,
            "fid": 1,
            "nid": 2240,
            "magpsf": 20.17055320739746,
            "sigmapsf": 0.17788448929786682,
            "magnr": 19.673999786376953,
            "sigmagnr": 0.12200000137090683,
            "magzpsci": 26.294553756713867,
            "isdiffpos": "t",
            "ssdistnr": -999.0,
            "ssnamenr": "null",
            "drb": null
        },
        {
            "jd": 2459903.9743287,
            "fid": 2,
            "diffmaglim": 20.463499069213867
        },
        {
            "jd": 2459904.0079167,
            "fid": 1,
            "diffmaglim": 20.515499114990234
        },
        {
            "jd": 2459905.8703356,
            "fid": 2,
            "diffmaglim": 19.575000762939453
        },
        {
            "jd": 2459905.9145602,
            "fid": 1,
            "diffmaglim": 19.251399993896484
        },
        {
            "jd": 2459908.9663773,
            "fid": 1,
            "diffmaglim": 20.100200653076172
        },
        {
            "jd": 2459910.9793171,
            "fid": 2,
            "diffmaglim": 20.5674991607666
        },
        {
            "jd": 2459911.0072801,
            "fid": 1,
            "diffmaglim": 20.400999069213867
        },
        {
            "jd": 2459914.9848727,
            "fid": 1,
            "diffmaglim": 20.716100692749023
        },
        {
            "jd": 2459923.8650579,
            "fid": 2,
            "diffmaglim": 19.76490020751953
        },
        {
            "jd": 2459923.9233102,
            "fid": 1,
            "diffmaglim": 19.55109977722168
        },
        {
            "jd": 2459930.943588,
            "fid": 1,
            "diffmaglim": 20.290199279785156
        },
        {
            "jd": 2459930.970706,
            "fid": 2,
            "diffmaglim": 20.326499938964844
        },
        {
            "jd": 2459933.9785648,
            "fid": 2,
            "diffmaglim": 19.71769905090332
        },
        {
            "jd": 2459935.9248611,
            "fid": 2,
            "diffmaglim": 20.795000076293945
        },
        {
            "jd": 2459968.8418981,
            "fid": 1,
            "diffmaglim": 20.271099090576172
        },
        {
            "jd": 2459979.9223958,
            "fid": 2,
            "diffmaglim": 19.655500411987305
        },
        {
            "jd": 2459983.9055671,
            "fid": 1,
            "diffmaglim": 19.370500564575195
        },
        {
            "jd": 2459992.7864005,
            "fid": 1,
            "diffmaglim": 18.26959991455078
        }
    ],
    "forcedphot": []
}