{
    "objectId": "ZTF23aalcvlh",
    "candidates": [
        {
            "candid": 2332214283315015031,
            "jd": 2460086.7142824,
            "ra": 175.6032604,
            "dec": 20.1187029,
            "fid": 1,
            "nid": 2332,
            "magpsf": 17.03190040588379,
            "sigmapsf": 0.04076100140810013,
            "magnr": 16.874000549316406,
            "sigmagnr": 0.09300000220537186,
            "magzpsci": 26.219900131225586,
            "isdiffpos": "t",
            "ssdistnr": null,
            "ssnamenr": null,
            "drb": 0.9999974966049194
        },
        {
            "candid": 2332306003315015011,
            "jd": 2460086.8060069,
            "ra": 175.6032526,
            "dec": 20.118717,
            "fid": 1,
            "nid": 2332,
            "magpsf": 17.05190086364746,
            "sigmapsf": 0.04237699881196022,
            "magnr": 16.874000549316406,
            "sigmagnr": 0.09300000220537186,
            "magzpsci": 26.096900939941406,
            "isdiffpos": "t",
            "ssdistnr": null,
            "ssnamenr": null,
            "drb": null
        },
        {
            "candid": 2334277323315015011,
            "jd": 2460088.7773264,
            "ra": 175.6032516,
            "dec": 20.1187154,
            "fid": 1,
            "nid": 2334,
            "magpsf": 17.06529998779297,
            "sigmapsf": 0.043487999588251114,
            "magnr": 16.874000549316406,
            "sigmagnr": 0.09300000220537186,
            "magzpsci": 26.191299438476562,
            "isdiffpos": "t",
            "ssdistnr": null,
            "ssnamenr": null,
            "drb": null
        },
        {
            "candid": 2336181783315015006,
            "jd": 2460090.6817824,
            "ra": 175.6032471,
            "dec": 20.1187023,
            "fid": 2,
            "nid": 2336,
            "magpsf": 16.99250030517578,
            "sigmapsf": 0.039301998913288116,
            "magnr": 16.990999221801758,
            "sigmagnr": 0.10400000214576721,
            "magzpsci": 26.269500732421875,
            "isdiffpos": "t",
            "ssdistnr": null,
            "ssnamenr": null,
            "drb": null
        },
        {
            "candid": 2343243343315015002,
            "jd": 2460097.7433449,
            "ra": 175.6032333,
            "dec": 20.1187188,
            "fid": 2,
            "nid": 2343,
            "magpsf": 17.002500534057617,
            "sigmapsf": 0.031686000525951385,
            "magnr": 16.990999221801758,
            "sigmagnr": 0.10400000214576721,
            "magzpsci": 26.23150062561035,
            "isdiffpos": "t",
            "ssdistnr": null,
            "ssnamenr": null,
            "drb": null
        },
        {
            "candid": 2348287523315015004,
            "jd": 2460102.7875231,
            "ra": 175.603258,
            "dec": 20.1187061,
            "fid": 1,
            "nid": 2348,
            "magpsf": 17.7106990814209,
            "sigmapsf": 0.08422300219535828,
            "magnr": 16.874000549316406,
            "sigmagnr": 0.09300000220537186,
            "magzpsci": 26.00469970703125,
            "isdiffpos": "t",
            "ssdistnr": null,
            "ssnamenr": null,
            "drb": null
        },
        {
            "candid": 2350254163315015010,
            "jd": 2460104.7541667,
            "ra": 175.6032516,
            "dec": 20.118714,
            "fid": 1,
            "nid": 2350,
            "magpsf": 17.71969985961914,
            "sigmapsf": 0.05792300030589104,
            "magnr": 16.874000549316406,
            "sigmagnr": 0.09300000220537186,
            "magzpsci": 26.152700424194336,
            "isdiffpos": "t",
            "ssdistnr": null,
            "ssnamenr": null,
            "drb": null
        },
        {
            "candid": 2357245603315015008,
            "jd": 2460111.7456019,
            "ra": 175.6032845,
            "dec": 20.1187054,
            "fid": 1,
            "nid": 2357,
            "magpsf": 18.05929946899414,
            "sigmapsf": 0.06732399761676788,
            "magnr": 16.874000549316406,
            "sigmagnr": 0.09300000220537186,
            "magzpsci": 26.116300582885742,
            "isdiffpos": "t",
            "ssdistnr": null,
            "ssnamenr": null,
            "drb": null
        },
        {
            "candid": 2359265653315015011,
            "jd": 2460113.7656597,
            "ra": 175.6032545,
            "dec": 20.1187275,
            "fid": 1,
            "nid": 2359,
            "magpsf": 18.118200302124023,
            "sigmapsf": 0.07427500188350677,
            "magnr": 16.874000549316406,
            "sigmagnr": 0.09300000220537186,
            "magzpsci": 26.060199737548828,
            "isdiffpos": "t",
            "ssdistnr": null,
            "ssnamenr": null,
            "drb": null
        },
        {
            "candid": 2361239403315015017,
            "jd": 2460115.7394097,
            "ra": 175.6032508,
            "dec": 20.1187246,
            "fid": 1,
            "nid": 2361,
            "magpsf": 18.162599563598633,
            "sigmapsf": 0.07809899747371674,
            "magnr": 16.874000549316406,
            "sigmagnr": 0.09300000220537186,
            "magzpsci": 26.193599700927734,
            "isdiffpos": "t",
            "ssdistnr": null,
            "ssnamenr": null,
            "drb": null
        },
        {
            "candid": 2363203613315015014,
            "jd": 2460117.7036111,
            "ra": 175.6032434,
            "dec": 20.1187316,
            "fid": 2,
            "nid": 2363,
            "magpsf": 17.576400756835938,
            "sigmapsf": 0.04583499953150749,
            "magnr": 16.990999221801758,
            "sigmagnr": 0.10400000214576721,
            "magzpsci": 25.983400344848633,
            "isdiffpos": "t",
            "ssdistnr": null,
            "ssnamenr": null,
            "drb": null
        },
        {
            "candid": 2363267393315015007,
            "jd": 2460117.7673958,
            "ra": 175.6032214,
            "dec": 20.1187253,
            "fid": 1,
            "nid": 2363,
            "magpsf": 18.194385528564453,
            "sigmapsf": 0.10663529485464096,
            "magnr": 16.874000549316406,
            "sigmagnr": 0.09300000220537186,
            "magzpsci": 26.03838539123535,
            "isdiffpos": "t",
            "ssdistnr": -999.0,
            "ssnamenr": "null",
            "drb": null
        },
        {
            "jd": 2460058.7135764,
            "fid": 2,
            "diffmaglim": 20.246000289916992
        },
        {
            "jd": 2460058.7984028,
            "fid": 1,
            "diffmaglim": 20.58769989013672
        },
        {
            "jd": 2460060.680463,
            "fid": 2,
            "diffmaglim": 19.99020004272461
        },
        {
            "jd": 2460060.7520949,
            "fid": 1,
            "diffmaglim": 20.19879913330078
        },
        {
            "jd": 2460062.6958796,
            "fid": 2,
            "diffmaglim": 20.187599182128906
        },
        {
            "jd": 2460062.7579282,
            "fid": 1,
            "diffmaglim": 20.175899505615234
        },
        {
            "jd": 2460067.8538079,
            "fid": 1,
            "diffmaglim": 18.80030059814453
        },
        {
            "jd": 2460073.6903472,
            "fid": 2,
            "diffmaglim": 20.496999740600586
        },
        {
            "jd": 2460073.8374537,
            "fid": 1,
            "diffmaglim": 19.577800750732422
        },
        {
            "jd": 2460077.7214815,
            "fid": 2,
            "diffmaglim": 20.6471004486084
        },
        {
            "jd": 2460077.7582407,
            "fid": 1,
            "diffmaglim": 20.66510009765625
        },
        {
            "jd": 2460080.7384606,
            "fid": 1,
            "diffmaglim": 20.60610008239746
        },
        {
            "jd": 2460082.6931481,
            "fid": 2,
            "diffmaglim": 20.480899810791016
        },
        {
            "jd": 2460082.7432639,
            "fid": 1,
            "diffmaglim": 17.710899353027344
        },
        {
            "jd": 2460084.699838,
            "fid": 2,
            "diffmaglim": 20.640399932861328
        },
        {
            "jd": 2460086.6663889,
            "fid": 2,
            "diffmaglim": 19.9862003326416
        },
        {
            "jd": 2460086.6967477,
            "fid": 2,
            "diffmaglim": 20.049999237060547
        },
        {
            "jd": 2460086.7419097,
            "fid": 1,
            "diffmaglim": 20.59589958190918
        },
        {
            "jd": 2460088.737037,
            "fid": 2,
            "diffmaglim": 20.637699127197266
        },
        {
            "jd": 2460099.7497106,
            "fid": 2,
            "diffmaglim": 18.859399795532227
        },
        {
            "jd": 2460113.7150231,
            "fid": 2,
            "diffmaglim": 20.445899963378906
        },
        {
            "jd": 2460115.7294213,
            "fid": 2,
            "diffmaglim": 20.032100677490234
        }
    ],
    "forcedphot": []
}