{
    "objectId": "ZTF24absgzvv",
    "candidates": [
        {
            "candid": 2872232966115015006,
            "jd": 2460626.732963,
            "ra": 51.3957874,
            "dec": -6.573197,
            "fid": 1,
            "nid": 2872,
            "magpsf": 18.66950035095215,
            "sigmapsf": 0.152195006608963,
            "magnr": 20.05699920654297,
            "sigmagnr": 0.11299999803304672,
            "magzpsci": 26.061500549316406,
            "isdiffpos": "t",
            "ssdistnr": null,
            "ssnamenr": null,
            "drb": 0.9990108609199524
        },
        {
            "candid": 2872293906115015006,
            "jd": 2460626.7939005,
            "ra": 51.3958336,
            "dec": -6.5731373,
            "fid": 2,
            "nid": 2872,
            "magpsf": 19.1112003326416,
            "sigmapsf": 0.16602200269699097,
            "magnr": 19.573999404907227,
            "sigmagnr": 0.0689999982714653,
            "magzpsci": 26.03019905090332,
            "isdiffpos": "t",
            "ssdistnr": null,
            "ssnamenr": null,
            "drb": null
        },
        {
            "candid": 2874233506115015008,
            "jd": 2460628.7335069,
            "ra": 51.3958594,
            "dec": -6.5731477,
            "fid": 1,
            "nid": 2874,
            "magpsf": 18.474199295043945,
            "sigmapsf": 0.13914500176906586,
            "magnr": 20.05699920654297,
            "sigmagnr": 0.11299999803304672,
            "magzpsci": 26.074199676513672,
            "isdiffpos": "t",
            "ssdistnr": null,
            "ssnamenr": null,
            "drb": null
        },
        {
            "candid": 2874323026115015005,
            "jd": 2460628.8230208,
            "ra": 51.3958572,
            "dec": -6.5731569,
            "fid": 2,
            "nid": 2874,
            "magpsf": 18.52829933166504,
            "sigmapsf": 0.0945189967751503,
            "magnr": 19.573999404907227,
            "sigmagnr": 0.0689999982714653,
            "magzpsci": 26.036300659179688,
            "isdiffpos": "t",
            "ssdistnr": null,
            "ssnamenr": null,
            "drb": null
        },
        {
            "candid": 2877246716115015008,
            "jd": 2460631.746713,
            "ra": 51.395854,
            "dec": -6.5730974,
            "fid": 1,
            "nid": 2877,
            "magpsf": 18.345399856567383,
            "sigmapsf": 0.1291469931602478,
            "magnr": 20.05699920654297,
            "sigmagnr": 0.11299999803304672,
            "magzpsci": 26.069400787353516,
            "isdiffpos": "t",
            "ssdistnr": null,
            "ssnamenr": null,
            "drb": null
        },
        {
            "candid": 2877336066115015016,
            "jd": 2460631.8360648,
            "ra": 51.3957386,
            "dec": -6.5731583,
            "fid": 2,
            "nid": 2877,
            "magpsf": 18.49679946899414,
            "sigmapsf": 0.11315999925136566,
            "magnr": 19.573999404907227,
            "sigmagnr": 0.0689999982714653,
            "magzpsci": 26.00979995727539,
            "isdiffpos": "t",
            "ssdistnr": null,
            "ssnamenr": null,
            "drb": null
        },
        {
            "candid": 2878249186115015003,
            "jd": 2460632.7491898,
            "ra": 51.3958104,
            "dec": -6.5731646,
            "fid": 2,
            "nid": 2878,
            "magpsf": 18.410600662231445,
            "sigmapsf": 0.1164340004324913,
            "magnr": 19.573999404907227,
            "sigmagnr": 0.0689999982714653,
            "magzpsci": 26.01059913635254,
            "isdiffpos": "t",
            "ssdistnr": null,
            "ssnamenr": null,
            "drb": null
        },
        {
            "candid": 2878328696115015002,
            "jd": 2460632.8286921,
            "ra": 51.3958693,
            "dec": -6.5731294,
            "fid": 1,
            "nid": 2878,
            "magpsf": 18.49139976501465,
            "sigmapsf": 0.12950600683689117,
            "magnr": 20.05699920654297,
            "sigmagnr": 0.11299999803304672,
            "magzpsci": 26.108400344848633,
            "isdiffpos": "t",
            "ssdistnr": null,
            "ssnamenr": null,
            "drb": null
        },
        {
            "candid": 2880314876115015003,
            "jd": 2460634.8148727,
            "ra": 51.3958652,
            "dec": -6.5731911,
            "fid": 1,
            "nid": 2880,
            "magpsf": 18.409900665283203,
            "sigmapsf": 0.08104900270700455,
            "magnr": 20.05699920654297,
            "sigmagnr": 0.11299999803304672,
            "magzpsci": 26.088899612426758,
            "isdiffpos": "t",
            "ssdistnr": null,
            "ssnamenr": null,
            "drb": null
        },
        {
            "candid": 2880364786115015005,
            "jd": 2460634.8647801,
            "ra": 51.3958379,
            "dec": -6.5731813,
            "fid": 2,
            "nid": 2880,
            "magpsf": 18.261699676513672,
            "sigmapsf": 0.09059300273656845,
            "magnr": 19.573999404907227,
            "sigmagnr": 0.0689999982714653,
            "magzpsci": 25.998699188232422,
            "isdiffpos": "t",
            "ssdistnr": null,
            "ssnamenr": null,
            "drb": null
        },
        {
            "candid": 2881283036115015005,
            "jd": 2460635.7830324,
            "ra": 51.3958619,
            "dec": -6.5731579,
            "fid": 2,
            "nid": 2881,
            "magpsf": 18.388399124145508,
            "sigmapsf": 0.06618999689817429,
            "magnr": 19.573999404907227,
            "sigmagnr": 0.0689999982714653,
            "magzpsci": 26.012399673461914,
            "isdiffpos": "t",
            "ssdistnr": null,
            "ssnamenr": null,
            "drb": null
        },
        {
            "candid": 2883316386115015000,
            "jd": 2460637.8163889,
            "ra": 51.3958451,
            "dec": -6.573167,
            "fid": 2,
            "nid": 2883,
            "magpsf": 18.4242000579834,
            "sigmapsf": 0.07995399832725525,
            "magnr": 19.573999404907227,
            "sigmagnr": 0.0689999982714653,
            "magzpsci": 26.03420066833496,
            "isdiffpos": "t",
            "ssdistnr": null,
            "ssnamenr": null,
            "drb": null
        },
        {
            "candid": 2883369616115015004,
            "jd": 2460637.8696181,
            "ra": 51.3958548,
            "dec": -6.5731703,
            "fid": 1,
            "nid": 2883,
            "magpsf": 18.411800384521484,
            "sigmapsf": 0.07075399905443192,
            "magnr": 20.05699920654297,
            "sigmagnr": 0.11299999803304672,
            "magzpsci": 26.07979965209961,
            "isdiffpos": "t",
            "ssdistnr": null,
            "ssnamenr": null,
            "drb": null
        },
        {
            "candid": 2886266466115015008,
            "jd": 2460640.7664699,
            "ra": 51.3958402,
            "dec": -6.5731478,
            "fid": 2,
            "nid": 2886,
            "magpsf": 18.44070053100586,
            "sigmapsf": 0.07974199950695038,
            "magnr": 19.573999404907227,
            "sigmagnr": 0.0689999982714653,
            "magzpsci": 26.011699676513672,
            "isdiffpos": "t",
            "ssdistnr": null,
            "ssnamenr": null,
            "drb": null
        },
        {
            "candid": 2886295266115015011,
            "jd": 2460640.7952662,
            "ra": 51.3958599,
            "dec": -6.573166,
            "fid": 1,
            "nid": 2886,
            "magpsf": 18.49720001220703,
            "sigmapsf": 0.06656400114297867,
            "magnr": 20.05699920654297,
            "sigmagnr": 0.11299999803304672,
            "magzpsci": 26.112199783325195,
            "isdiffpos": "t",
            "ssdistnr": null,
            "ssnamenr": null,
            "drb": null
        },
        {
            "candid": 2890297636115015006,
            "jd": 2460644.7976389,
            "ra": 51.3958567,
            "dec": -6.5731617,
            "fid": 2,
            "nid": 2890,
            "magpsf": 18.444400787353516,
            "sigmapsf": 0.09040500223636627,
            "magnr": 19.573999404907227,
            "sigmagnr": 0.0689999982714653,
            "magzpsci": 26.02440071105957,
            "isdiffpos": "t",
            "ssdistnr": null,
            "ssnamenr": null,
            "drb": null
        },
        {
            "candid": 2892261136115015008,
            "jd": 2460646.7611343,
            "ra": 51.3958343,
            "dec": -6.5731667,
            "fid": 1,
            "nid": 2892,
            "magpsf": 18.633699417114258,
            "sigmapsf": 0.07658199965953827,
            "magnr": 20.05699920654297,
            "sigmagnr": 0.11299999803304672,
            "magzpsci": 26.106700897216797,
            "isdiffpos": "t",
            "ssdistnr": null,
            "ssnamenr": null,
            "drb": null
        },
        {
            "candid": 2894202766115015004,
            "jd": 2460648.7027662,
            "ra": 51.3958524,
            "dec": -6.5731494,
            "fid": 1,
            "nid": 2894,
            "magpsf": 18.714799880981445,
            "sigmapsf": 0.06600599735975266,
            "magnr": 20.05699920654297,
            "sigmagnr": 0.11299999803304672,
            "magzpsci": 26.06279945373535,
            "isdiffpos": "t",
            "ssdistnr": null,
            "ssnamenr": null,
            "drb": null
        },
        {
            "candid": 2894247436115015010,
            "jd": 2460648.7474306,
            "ra": 51.395863,
            "dec": -6.5731556,
            "fid": 2,
            "nid": 2894,
            "magpsf": 18.378000259399414,
            "sigmapsf": 0.07334700226783752,
            "magnr": 19.573999404907227,
            "sigmagnr": 0.0689999982714653,
            "magzpsci": 25.996999740600586,
            "isdiffpos": "t",
            "ssdistnr": null,
            "ssnamenr": null,
            "drb": null
        },
        {
            "candid": 2896248726115015003,
            "jd": 2460650.7487269,
            "ra": 51.3958445,
            "dec": -6.5731749,
            "fid": 2,
            "nid": 2896,
            "magpsf": 18.45479965209961,
            "sigmapsf": 0.06830299645662308,
            "magnr": 19.573999404907227,
            "sigmagnr": 0.0689999982714653,
            "magzpsci": 26.023799896240234,
            "isdiffpos": "t",
            "ssdistnr": null,
            "ssnamenr": null,
            "drb": null
        },
        {
            "candid": 2898233986115015005,
            "jd": 2460652.7339815,
            "ra": 51.3958407,
            "dec": -6.5731869,
            "fid": 1,
            "nid": 2898,
            "magpsf": 18.806900024414062,
            "sigmapsf": 0.08669500052928925,
            "magnr": 20.05699920654297,
            "sigmagnr": 0.11299999803304672,
            "magzpsci": 26.093900680541992,
            "isdiffpos": "t",
            "ssdistnr": null,
            "ssnamenr": null,
            "drb": null
        },
        {
            "candid": 2900191206115015017,
            "jd": 2460654.6912037,
            "ra": 51.3956424,
            "dec": -6.5732143,
            "fid": 2,
            "nid": 2900,
            "magpsf": 18.52359962463379,
            "sigmapsf": 0.1732340008020401,
            "magnr": 19.573999404907227,
            "sigmagnr": 0.0689999982714653,
            "magzpsci": 26.033599853515625,
            "isdiffpos": "t",
            "ssdistnr": null,
            "ssnamenr": null,
            "drb": null
        },
        {
            "candid": 2900254756115015006,
            "jd": 2460654.7547569,
            "ra": 51.3956701,
            "dec": -6.5731676,
            "fid": 1,
            "nid": 2900,
            "magpsf": 18.95829963684082,
            "sigmapsf": 0.29014599323272705,
            "magnr": 20.05699920654297,
            "sigmagnr": 0.11299999803304672,
            "magzpsci": 26.108299255371094,
            "isdiffpos": "t",
            "ssdistnr": null,
            "ssnamenr": null,
            "drb": null
        },
        {
            "candid": 2904253276115015005,
            "jd": 2460658.7532755,
            "ra": 51.3958079,
            "dec": -6.5731845,
            "fid": 1,
            "nid": 2904,
            "magpsf": 18.938600540161133,
            "sigmapsf": 0.17777900397777557,
            "magnr": 20.05699920654297,
            "sigmagnr": 0.11299999803304672,
            "magzpsci": 26.108600616455078,
            "isdiffpos": "t",
            "ssdistnr": null,
            "ssnamenr": null,
            "drb": null
        },
        {
            "candid": 2906343796115015004,
            "jd": 2460660.8437963,
            "ra": 51.3957948,
            "dec": -6.573175,
            "fid": 1,
            "nid": 2906,
            "magpsf": 19.003599166870117,
            "sigmapsf": 0.2207539975643158,
            "magnr": 20.05699920654297,
            "sigmagnr": 0.11299999803304672,
            "magzpsci": 25.96660041809082,
            "isdiffpos": "t",
            "ssdistnr": null,
            "ssnamenr": null,
            "drb": null
        },
        {
            "candid": 2907206816115015005,
            "jd": 2460661.7068171,
            "ra": 51.3957594,
            "dec": -6.5731927,
            "fid": 1,
            "nid": 2907,
            "magpsf": 19.049100875854492,
            "sigmapsf": 0.19057799875736237,
            "magnr": 20.05699920654297,
            "sigmagnr": 0.11299999803304672,
            "magzpsci": 25.938100814819336,
            "isdiffpos": "t",
            "ssdistnr": null,
            "ssnamenr": null,
            "drb": null
        },
        {
            "candid": 2909249546115015001,
            "jd": 2460663.7495486,
            "ra": 51.3958186,
            "dec": -6.5731717,
            "fid": 1,
            "nid": 2909,
            "magpsf": 18.9685001373291,
            "sigmapsf": 0.12398699671030045,
            "magnr": 20.05699920654297,
            "sigmagnr": 0.11299999803304672,
            "magzpsci": 26.112499237060547,
            "isdiffpos": "t",
            "ssdistnr": null,
            "ssnamenr": null,
            "drb": null
        },
        {
            "candid": 2909296856115015001,
            "jd": 2460663.7968519,
            "ra": 51.3958405,
            "dec": -6.5731623,
            "fid": 2,
            "nid": 2909,
            "magpsf": 18.508899688720703,
            "sigmapsf": 0.0717879980802536,
            "magnr": 19.573999404907227,
            "sigmagnr": 0.0689999982714653,
            "magzpsci": 26.010900497436523,
            "isdiffpos": "t",
            "ssdistnr": null,
            "ssnamenr": null,
            "drb": null
        },
        {
            "candid": 2910274516115015006,
            "jd": 2460664.7745139,
            "ra": 51.3958065,
            "dec": -6.5731765,
            "fid": 1,
            "nid": 2910,
            "magpsf": 18.96820068359375,
            "sigmapsf": 0.11091399937868118,
            "magnr": 20.05699920654297,
            "sigmagnr": 0.11299999803304672,
            "magzpsci": 26.092199325561523,
            "isdiffpos": "t",
            "ssdistnr": null,
            "ssnamenr": null,
            "drb": null
        },
        {
            "candid": 2910316306115015002,
            "jd": 2460664.8163079,
            "ra": 51.3958563,
            "dec": -6.5731395,
            "fid": 2,
            "nid": 2910,
            "magpsf": 18.494199752807617,
            "sigmapsf": 0.07035800069570541,
            "magnr": 19.573999404907227,
            "sigmagnr": 0.0689999982714653,
            "magzpsci": 26.004199981689453,
            "isdiffpos": "t",
            "ssdistnr": null,
            "ssnamenr": null,
            "drb": null
        },
        {
            "candid": 2912190176115015004,
            "jd": 2460666.6901736,
            "ra": 51.3958338,
            "dec": -6.5731416,
            "fid": 1,
            "nid": 2912,
            "magpsf": 19.047100067138672,
            "sigmapsf": 0.09924499690532684,
            "magnr": 20.05699920654297,
            "sigmagnr": 0.11299999803304672,
            "magzpsci": 25.927099227905273,
            "isdiffpos": "t",
            "ssdistnr": null,
            "ssnamenr": null,
            "drb": null
        },
        {
            "candid": 2912218726115015000,
            "jd": 2460666.7187269,
            "ra": 51.3958321,
            "dec": -6.5731701,
            "fid": 2,
            "nid": 2912,
            "magpsf": 18.62459945678711,
            "sigmapsf": 0.09647899866104126,
            "magnr": 19.573999404907227,
            "sigmagnr": 0.0689999982714653,
            "magzpsci": 25.88759994506836,
            "isdiffpos": "t",
            "ssdistnr": null,
            "ssnamenr": null,
            "drb": null
        },
        {
            "candid": 2914133986115015000,
            "jd": 2460668.6339815,
            "ra": 51.3958121,
            "dec": -6.573198,
            "fid": 1,
            "nid": 2914,
            "magpsf": 19.118999481201172,
            "sigmapsf": 0.1923619955778122,
            "magnr": 20.05699920654297,
            "sigmagnr": 0.11299999803304672,
            "magzpsci": 25.121000289916992,
            "isdiffpos": "t",
            "ssdistnr": null,
            "ssnamenr": null,
            "drb": null
        },
        {
            "candid": 2918170306115015006,
            "jd": 2460672.6703009,
            "ra": 51.395799,
            "dec": -6.573088,
            "fid": 1,
            "nid": 2918,
            "magpsf": 19.144500732421875,
            "sigmapsf": 0.12471000105142593,
            "magnr": 20.05699920654297,
            "sigmagnr": 0.11299999803304672,
            "magzpsci": 26.092500686645508,
            "isdiffpos": "t",
            "ssdistnr": null,
            "ssnamenr": null,
            "drb": null
        },
        {
            "candid": 2918199806115015004,
            "jd": 2460672.6998032,
            "ra": 51.3959044,
            "dec": -6.5731711,
            "fid": 2,
            "nid": 2918,
            "magpsf": 18.523700714111328,
            "sigmapsf": 0.11279000341892242,
            "magnr": 19.573999404907227,
            "sigmagnr": 0.0689999982714653,
            "magzpsci": 26.0226993560791,
            "isdiffpos": "t",
            "ssdistnr": null,
            "ssnamenr": null,
            "drb": null
        },
        {
            "candid": 2920177546115015003,
            "jd": 2460674.6775463,
            "ra": 51.3958295,
            "dec": -6.5731727,
            "fid": 2,
            "nid": 2920,
            "magpsf": 18.49410057067871,
            "sigmapsf": 0.07379800081253052,
            "magnr": 19.573999404907227,
            "sigmagnr": 0.0689999982714653,
            "magzpsci": 26.03809928894043,
            "isdiffpos": "t",
            "ssdistnr": null,
            "ssnamenr": null,
            "drb": null
        },
        {
            "candid": 2920220266115015005,
            "jd": 2460674.7202662,
            "ra": 51.3957666,
            "dec": -6.5731835,
            "fid": 1,
            "nid": 2920,
            "magpsf": 19.27630043029785,
            "sigmapsf": 0.17265799641609192,
            "magnr": 20.05699920654297,
            "sigmagnr": 0.11299999803304672,
            "magzpsci": 26.12030029296875,
            "isdiffpos": "t",
            "ssdistnr": null,
            "ssnamenr": null,
            "drb": null
        },
        {
            "candid": 2923232666115025003,
            "jd": 2460677.732662,
            "ra": 51.3958528,
            "dec": -6.573159,
            "fid": 2,
            "nid": 2923,
            "magpsf": 18.530899047851562,
            "sigmapsf": 0.08205799758434296,
            "magnr": 19.573999404907227,
            "sigmagnr": 0.0689999982714653,
            "magzpsci": 26.033899307250977,
            "isdiffpos": "t",
            "ssdistnr": null,
            "ssnamenr": null,
            "drb": null
        },
        {
            "candid": 2925168876115015003,
            "jd": 2460679.6688773,
            "ra": 51.3958401,
            "dec": -6.5731493,
            "fid": 2,
            "nid": 2925,
            "magpsf": 18.628000259399414,
            "sigmapsf": 0.0782260000705719,
            "magnr": 19.573999404907227,
            "sigmagnr": 0.0689999982714653,
            "magzpsci": 26.035999298095703,
            "isdiffpos": "t",
            "ssdistnr": null,
            "ssnamenr": null,
            "drb": null
        },
        {
            "candid": 2925209226115015007,
            "jd": 2460679.7092245,
            "ra": 51.3958621,
            "dec": -6.5731853,
            "fid": 1,
            "nid": 2925,
            "magpsf": 19.321399688720703,
            "sigmapsf": 0.11381199955940247,
            "magnr": 20.05699920654297,
            "sigmagnr": 0.11299999803304672,
            "magzpsci": 26.102399826049805,
            "isdiffpos": "t",
            "ssdistnr": null,
            "ssnamenr": null,
            "drb": null
        },
        {
            "candid": 2927203936115015006,
            "jd": 2460681.7039352,
            "ra": 51.3957934,
            "dec": -6.5731185,
            "fid": 1,
            "nid": 2927,
            "magpsf": 19.35140037536621,
            "sigmapsf": 0.1425980031490326,
            "magnr": 20.05699920654297,
            "sigmagnr": 0.11299999803304672,
            "magzpsci": 26.08839988708496,
            "isdiffpos": "t",
            "ssdistnr": null,
            "ssnamenr": null,
            "drb": null
        },
        {
            "candid": 2930189836115015087,
            "jd": 2460684.689838,
            "ra": 51.3958711,
            "dec": -6.5731887,
            "fid": 2,
            "nid": 2930,
            "magpsf": 18.7273006439209,
            "sigmapsf": 0.21244899928569794,
            "magnr": 19.573999404907227,
            "sigmagnr": 0.0689999982714653,
            "magzpsci": 25.681299209594727,
            "isdiffpos": "t",
            "ssdistnr": null,
            "ssnamenr": null,
            "drb": null
        },
        {
            "candid": 2930211656115015000,
            "jd": 2460684.7116551,
            "ra": 51.3958844,
            "dec": -6.5732145,
            "fid": 1,
            "nid": 2930,
            "magpsf": 19.243600845336914,
            "sigmapsf": 0.320607990026474,
            "magnr": 20.05699920654297,
            "sigmagnr": 0.11299999803304672,
            "magzpsci": 26.095600128173828,
            "isdiffpos": "t",
            "ssdistnr": null,
            "ssnamenr": null,
            "drb": null
        },
        {
            "candid": 2932147606115015003,
            "jd": 2460686.6476042,
            "ra": 51.3957849,
            "dec": -6.5731825,
            "fid": 1,
            "nid": 2932,
            "magpsf": 19.48819923400879,
            "sigmapsf": 0.17740799486637115,
            "magnr": 20.05699920654297,
            "sigmagnr": 0.11299999803304672,
            "magzpsci": 26.125200271606445,
            "isdiffpos": "t",
            "ssdistnr": null,
            "ssnamenr": null,
            "drb": null
        },
        {
            "candid": 2932302966115015002,
            "jd": 2460686.802963,
            "ra": 51.3958855,
            "dec": -6.5732213,
            "fid": 2,
            "nid": 2932,
            "magpsf": 18.400699615478516,
            "sigmapsf": 0.10943099856376648,
            "magnr": 19.573999404907227,
            "sigmagnr": 0.0689999982714653,
            "magzpsci": 25.96269989013672,
            "isdiffpos": "t",
            "ssdistnr": null,
            "ssnamenr": null,
            "drb": null
        },
        {
            "candid": 2934155326115015001,
            "jd": 2460688.6553241,
            "ra": 51.3958594,
            "dec": -6.5731418,
            "fid": 2,
            "nid": 2934,
            "magpsf": 18.664600372314453,
            "sigmapsf": 0.10537800192832947,
            "magnr": 19.573999404907227,
            "sigmagnr": 0.0689999982714653,
            "magzpsci": 26.01959991455078,
            "isdiffpos": "t",
            "ssdistnr": null,
            "ssnamenr": null,
            "drb": null
        },
        {
            "candid": 2936169536115015000,
            "jd": 2460690.669537,
            "ra": 51.3960414,
            "dec": -6.572969,
            "fid": 2,
            "nid": 2936,
            "magpsf": 18.657400131225586,
            "sigmapsf": 0.16798000037670135,
            "magnr": 19.573999404907227,
            "sigmagnr": 0.0689999982714653,
            "magzpsci": 26.007400512695312,
            "isdiffpos": "t",
            "ssdistnr": null,
            "ssnamenr": null,
            "drb": null
        },
        {
            "candid": 2938214166115015006,
            "jd": 2460692.7141667,
            "ra": 51.3958314,
            "dec": -6.5731433,
            "fid": 1,
            "nid": 2938,
            "magpsf": 19.573200225830078,
            "sigmapsf": 0.2107210010290146,
            "magnr": 20.05699920654297,
            "sigmagnr": 0.11299999803304672,
            "magzpsci": 26.03619956970215,
            "isdiffpos": "t",
            "ssdistnr": null,
            "ssnamenr": null,
            "drb": null
        },
        {
            "candid": 2957143136115015004,
            "jd": 2460711.6431366,
            "ra": 51.3958762,
            "dec": -6.5730358,
            "fid": 2,
            "nid": 2957,
            "magpsf": 19.171770095825195,
            "sigmapsf": 0.16150124371051788,
            "magnr": 19.573999404907227,
            "sigmagnr": 0.0689999982714653,
            "magzpsci": 26.011770248413086,
            "isdiffpos": "t",
            "ssdistnr": -999.0,
            "ssnamenr": "null",
            "drb": null
        },
        {
            "jd": 2460596.8887037,
            "fid": 2,
            "diffmaglim": 20.226499557495117
        },
        {
            "jd": 2460596.9448727,
            "fid": 1,
            "diffmaglim": 20.48069953918457
        },
        {
            "jd": 2460598.9138542,
            "fid": 2,
            "diffmaglim": 19.500900268554688
        },
        {
            "jd": 2460598.9431597,
            "fid": 1,
            "diffmaglim": 19.494600296020508
        },
        {
            "jd": 2460600.8397801,
            "fid": 1,
            "diffmaglim": 18.509300231933594
        },
        {
            "jd": 2460600.9665162,
            "fid": 2,
            "diffmaglim": 18.58169937133789
        },
        {
            "jd": 2460603.8528009,
            "fid": 1,
            "diffmaglim": 19.310199737548828
        },
        {
            "jd": 2460603.8753125,
            "fid": 2,
            "diffmaglim": 19.325700759887695
        },
        {
            "jd": 2460607.7782407,
            "fid": 2,
            "diffmaglim": 19.930700302124023
        },
        {
            "jd": 2460607.8770023,
            "fid": 1,
            "diffmaglim": 20.09980010986328
        },
        {
            "jd": 2460609.8184722,
            "fid": 2,
            "diffmaglim": 19.971500396728516
        },
        {
            "jd": 2460609.9377431,
            "fid": 1,
            "diffmaglim": 20.052000045776367
        },
        {
            "jd": 2460611.8433912,
            "fid": 2,
            "diffmaglim": 17.064699172973633
        },
        {
            "jd": 2460615.8584375,
            "fid": 2,
            "diffmaglim": 20.116199493408203
        },
        {
            "jd": 2460615.8806019,
            "fid": 1,
            "diffmaglim": 20.174800872802734
        },
        {
            "jd": 2460618.8155556,
            "fid": 2,
            "diffmaglim": 19.658700942993164
        },
        {
            "jd": 2460618.8630093,
            "fid": 1,
            "diffmaglim": 19.969100952148438
        },
        {
            "jd": 2460620.820706,
            "fid": 2,
            "diffmaglim": 17.87380027770996
        },
        {
            "jd": 2460622.7895949,
            "fid": 1,
            "diffmaglim": 19.980100631713867
        },
        {
            "jd": 2460622.9130324,
            "fid": 2,
            "diffmaglim": 19.56399917602539
        },
        {
            "jd": 2460623.819919,
            "fid": 2,
            "diffmaglim": 19.924999237060547
        },
        {
            "jd": 2460625.8158912,
            "fid": 2,
            "diffmaglim": 18.7091007232666
        },
        {
            "jd": 2460658.811331,
            "fid": 2,
            "diffmaglim": 17.492799758911133
        },
        {
            "jd": 2460668.6928472,
            "fid": 2,
            "diffmaglim": 18.131900787353516
        },
        {
            "jd": 2460680.6925579,
            "fid": 2,
            "diffmaglim": 17.707199096679688
        },
        {
            "jd": 2460688.7773727,
            "fid": 1,
            "diffmaglim": 18.168399810791016
        },
        {
            "jd": 2460690.712581,
            "fid": 1,
            "diffmaglim": 18.539400100708008
        },
        {
            "jd": 2460697.6484606,
            "fid": 2,
            "diffmaglim": 16.891799926757812
        },
        {
            "jd": 2460706.7464815,
            "fid": 1,
            "diffmaglim": 19.508100509643555
        }
    ],
    "forcedphot": [
        {
            "objectid": "ZTF24absgzvv",
            "jd": 2460596.8891782,
            "ranr": -99999.0,
            "decnr": -99999.0,
            "fid": 2,
            "forcediffimflux": -99999.0,
            "forcediffimfluxunc": -99999.0,
            "magzpsci": 26.29129981994629
        },
        {
            "objectid": "ZTF24absgzvv",
            "jd": 2460596.9448727,
            "ranr": 51.3955966,
            "decnr": -6.5731002,
            "fid": 1,
            "forcediffimflux": 14.043000221252441,
            "forcediffimfluxunc": 23.656631469726562,
            "magzpsci": 26.113000869750977
        },
        {
            "objectid": "ZTF24absgzvv",
            "jd": 2460598.9138542,
            "ranr": 51.3955987,
            "decnr": -6.5730953,
            "fid": 2,
            "forcediffimflux": 33.943115234375,
            "forcediffimfluxunc": 49.74736785888672,
            "magzpsci": 26.04520034790039
        },
        {
            "objectid": "ZTF24absgzvv",
            "jd": 2460598.9625579,
            "ranr": -99999.0,
            "decnr": -99999.0,
            "fid": 1,
            "forcediffimflux": -99999.0,
            "forcediffimfluxunc": -99999.0,
            "magzpsci": 26.33009910583496
        },
        {
            "objectid": "ZTF24absgzvv",
            "jd": 2460600.8556134,
            "ranr": -99999.0,
            "decnr": -99999.0,
            "fid": 1,
            "forcediffimflux": -99999.0,
            "forcediffimfluxunc": -99999.0,
            "magzpsci": 26.34309959411621
        },
        {
            "objectid": "ZTF24absgzvv",
            "jd": 2460600.9674537,
            "ranr": -99999.0,
            "decnr": -99999.0,
            "fid": 2,
            "forcediffimflux": -99999.0,
            "forcediffimfluxunc": -99999.0,
            "magzpsci": 26.055599212646484
        },
        {
            "objectid": "ZTF24absgzvv",
            "jd": 2460603.9496181,
            "ranr": -99999.0,
            "decnr": -99999.0,
            "fid": 1,
            "forcediffimflux": -99999.0,
            "forcediffimfluxunc": -99999.0,
            "magzpsci": 26.1112003326416
        },
        {
            "objectid": "ZTF24absgzvv",
            "jd": 2460603.9540162,
            "ranr": -99999.0,
            "decnr": -99999.0,
            "fid": 2,
            "forcediffimflux": -99999.0,
            "forcediffimfluxunc": -99999.0,
            "magzpsci": 26.261699676513672
        },
        {
            "objectid": "ZTF24absgzvv",
            "jd": 2460607.7782407,
            "ranr": 51.3955987,
            "decnr": -6.5730953,
            "fid": 2,
            "forcediffimflux": -32.1132698059082,
            "forcediffimfluxunc": 33.43292236328125,
            "magzpsci": 26.01300048828125
        },
        {
            "objectid": "ZTF24absgzvv",
            "jd": 2460607.8770023,
            "ranr": 51.3955966,
            "decnr": -6.5731002,
            "fid": 1,
            "forcediffimflux": 21.870960235595703,
            "forcediffimfluxunc": 30.46628761291504,
            "magzpsci": 26.133800506591797
        },
        {
            "objectid": "ZTF24absgzvv",
            "jd": 2460609.8189468,
            "ranr": -99999.0,
            "decnr": -99999.0,
            "fid": 2,
            "forcediffimflux": -99999.0,
            "forcediffimfluxunc": -99999.0,
            "magzpsci": 26.1564998626709
        },
        {
            "objectid": "ZTF24absgzvv",
            "jd": 2460609.9377431,
            "ranr": 51.3955966,
            "decnr": -6.5731002,
            "fid": 1,
            "forcediffimflux": 24.865419387817383,
            "forcediffimfluxunc": 33.2704963684082,
            "magzpsci": 26.094499588012695
        },
        {
            "objectid": "ZTF24absgzvv",
            "jd": 2460615.8584375,
            "ranr": 51.3955987,
            "decnr": -6.5730953,
            "fid": 2,
            "forcediffimflux": -17.362720489501953,
            "forcediffimfluxunc": 29.70122528076172,
            "magzpsci": 26.015600204467773
        },
        {
            "objectid": "ZTF24absgzvv",
            "jd": 2460615.8806019,
            "ranr": 51.3955966,
            "decnr": -6.5731002,
            "fid": 1,
            "forcediffimflux": -23.89582061767578,
            "forcediffimfluxunc": 33.09635925292969,
            "magzpsci": 26.083900451660156
        },
        {
            "objectid": "ZTF24absgzvv",
            "jd": 2460618.8155556,
            "ranr": 51.3955987,
            "decnr": -6.5730953,
            "fid": 2,
            "forcediffimflux": -6.26816987991333,
            "forcediffimfluxunc": 41.002784729003906,
            "magzpsci": 26.005199432373047
        },
        {
            "objectid": "ZTF24absgzvv",
            "jd": 2460618.8630093,
            "ranr": 51.3955966,
            "decnr": -6.5731002,
            "fid": 1,
            "forcediffimflux": -43.58156967163086,
            "forcediffimfluxunc": 30.233152389526367,
            "magzpsci": 26.088499069213867
        },
        {
            "objectid": "ZTF24absgzvv",
            "jd": 2460622.7900694,
            "ranr": -99999.0,
            "decnr": -99999.0,
            "fid": 1,
            "forcediffimflux": -99999.0,
            "forcediffimfluxunc": -99999.0,
            "magzpsci": 26.343900680541992
        },
        {
            "objectid": "ZTF24absgzvv",
            "jd": 2460622.9130324,
            "ranr": 51.3955987,
            "decnr": -6.5730953,
            "fid": 2,
            "forcediffimflux": 1.4427047967910767,
            "forcediffimfluxunc": 44.998783111572266,
            "magzpsci": 26.02389907836914
        },
        {
            "objectid": "ZTF24absgzvv",
            "jd": 2460623.819919,
            "ranr": 51.3955987,
            "decnr": -6.5730953,
            "fid": 2,
            "forcediffimflux": -39.473960876464844,
            "forcediffimfluxunc": 32.48915100097656,
            "magzpsci": 26.028900146484375
        },
        {
            "objectid": "ZTF24absgzvv",
            "jd": 2460624.8116551,
            "ranr": -99999.0,
            "decnr": -99999.0,
            "fid": 2,
            "forcediffimflux": -99999.0,
            "forcediffimfluxunc": -99999.0,
            "magzpsci": 26.168399810791016
        },
        {
            "objectid": "ZTF24absgzvv",
            "jd": 2460624.8747801,
            "ranr": -99999.0,
            "decnr": -99999.0,
            "fid": 1,
            "forcediffimflux": -99999.0,
            "forcediffimfluxunc": -99999.0,
            "magzpsci": 26.180999755859375
        },
        {
            "objectid": "ZTF24absgzvv",
            "jd": 2460626.7666898,
            "ranr": -99999.0,
            "decnr": -99999.0,
            "fid": 1,
            "forcediffimflux": -99999.0,
            "forcediffimfluxunc": -99999.0,
            "magzpsci": 26.314899444580078
        },
        {
            "objectid": "ZTF24absgzvv",
            "jd": 2460626.794375,
            "ranr": -99999.0,
            "decnr": -99999.0,
            "fid": 2,
            "forcediffimflux": -99999.0,
            "forcediffimfluxunc": -99999.0,
            "magzpsci": 26.246999740600586
        },
        {
            "objectid": "ZTF24absgzvv",
            "jd": 2460628.7335069,
            "ranr": 51.3955966,
            "decnr": -6.5731002,
            "fid": 1,
            "forcediffimflux": 953.8572998046875,
            "forcediffimfluxunc": 91.473876953125,
            "magzpsci": 26.074199676513672
        },
        {
            "objectid": "ZTF24absgzvv",
            "jd": 2460628.8230208,
            "ranr": 51.3955987,
            "decnr": -6.5730953,
            "fid": 2,
            "forcediffimflux": 948.7593383789062,
            "forcediffimfluxunc": 64.0310287475586,
            "magzpsci": 26.036300659179688
        },
        {
            "objectid": "ZTF24absgzvv",
            "jd": 2460631.7345833,
            "ranr": -99999.0,
            "decnr": -99999.0,
            "fid": 1,
            "forcediffimflux": -99999.0,
            "forcediffimfluxunc": -99999.0,
            "magzpsci": 26.31800079345703
        },
        {
            "objectid": "ZTF24absgzvv",
            "jd": 2460631.7476505,
            "ranr": -99999.0,
            "decnr": -99999.0,
            "fid": 1,
            "forcediffimflux": -99999.0,
            "forcediffimfluxunc": -99999.0,
            "magzpsci": 26.085599899291992
        },
        {
            "objectid": "ZTF24absgzvv",
            "jd": 2460631.8164005,
            "ranr": -99999.0,
            "decnr": -99999.0,
            "fid": 2,
            "forcediffimflux": -99999.0,
            "forcediffimfluxunc": -99999.0,
            "magzpsci": 26.056900024414062
        },
        {
            "objectid": "ZTF24absgzvv",
            "jd": 2460631.8365278,
            "ranr": -99999.0,
            "decnr": -99999.0,
            "fid": 2,
            "forcediffimflux": -99999.0,
            "forcediffimfluxunc": -99999.0,
            "magzpsci": 26.262100219726562
        },
        {
            "objectid": "ZTF24absgzvv",
            "jd": 2460632.7501389,
            "ranr": -99999.0,
            "decnr": -99999.0,
            "fid": 2,
            "forcediffimflux": -99999.0,
            "forcediffimfluxunc": -99999.0,
            "magzpsci": 26.058300018310547
        },
        {
            "objectid": "ZTF24absgzvv",
            "jd": 2460632.8296296,
            "ranr": -99999.0,
            "decnr": -99999.0,
            "fid": 1,
            "forcediffimflux": -99999.0,
            "forcediffimfluxunc": -99999.0,
            "magzpsci": 26.235000610351562
        },
        {
            "objectid": "ZTF24absgzvv",
            "jd": 2460634.8148727,
            "ranr": 51.3955966,
            "decnr": -6.5731002,
            "fid": 1,
            "forcediffimflux": 1127.238037109375,
            "forcediffimfluxunc": 54.53334426879883,
            "magzpsci": 26.088899612426758
        },
        {
            "objectid": "ZTF24absgzvv",
            "jd": 2460634.8647801,
            "ranr": 51.3955987,
            "decnr": -6.5730953,
            "fid": 2,
            "forcediffimflux": 1243.47607421875,
            "forcediffimfluxunc": 46.86683654785156,
            "magzpsci": 25.998699188232422
        },
        {
            "objectid": "ZTF24absgzvv",
            "jd": 2460635.7397338,
            "ranr": -99999.0,
            "decnr": -99999.0,
            "fid": 1,
            "forcediffimflux": -99999.0,
            "forcediffimfluxunc": -99999.0,
            "magzpsci": 25.987899780273438
        },
        {
            "objectid": "ZTF24absgzvv",
            "jd": 2460635.7839699,
            "ranr": -99999.0,
            "decnr": -99999.0,
            "fid": 2,
            "forcediffimflux": -99999.0,
            "forcediffimfluxunc": -99999.0,
            "magzpsci": 26.165199279785156
        },
        {
            "objectid": "ZTF24absgzvv",
            "jd": 2460637.7687384,
            "ranr": -99999.0,
            "decnr": -99999.0,
            "fid": 1,
            "forcediffimflux": -99999.0,
            "forcediffimfluxunc": -99999.0,
            "magzpsci": 26.1294002532959
        },
        {
            "objectid": "ZTF24absgzvv",
            "jd": 2460637.7952199,
            "ranr": -99999.0,
            "decnr": -99999.0,
            "fid": 2,
            "forcediffimflux": -99999.0,
            "forcediffimfluxunc": -99999.0,
            "magzpsci": 26.291500091552734
        },
        {
            "objectid": "ZTF24absgzvv",
            "jd": 2460637.8163889,
            "ranr": 51.3955987,
            "decnr": -6.5730953,
            "fid": 2,
            "forcediffimflux": 1124.6134033203125,
            "forcediffimfluxunc": 34.5162353515625,
            "magzpsci": 26.03420066833496
        },
        {
            "objectid": "ZTF24absgzvv",
            "jd": 2460637.8696181,
            "ranr": 51.3955966,
            "decnr": -6.5731002,
            "fid": 1,
            "forcediffimflux": 1168.3045654296875,
            "forcediffimfluxunc": 37.19987487792969,
            "magzpsci": 26.07979965209961
        },
        {
            "objectid": "ZTF24absgzvv",
            "jd": 2460640.7450926,
            "ranr": -99999.0,
            "decnr": -99999.0,
            "fid": 1,
            "forcediffimflux": -99999.0,
            "forcediffimfluxunc": -99999.0,
            "magzpsci": 26.37380027770996
        },
        {
            "objectid": "ZTF24absgzvv",
            "jd": 2460640.760706,
            "ranr": -99999.0,
            "decnr": -99999.0,
            "fid": 2,
            "forcediffimflux": -99999.0,
            "forcediffimfluxunc": -99999.0,
            "magzpsci": 26.263999938964844
        },
        {
            "objectid": "ZTF24absgzvv",
            "jd": 2460640.7669329,
            "ranr": -99999.0,
            "decnr": -99999.0,
            "fid": 2,
            "forcediffimflux": -99999.0,
            "forcediffimfluxunc": -99999.0,
            "magzpsci": 26.043699264526367
        },
        {
            "objectid": "ZTF24absgzvv",
            "jd": 2460640.7952662,
            "ranr": 51.3955966,
            "decnr": -6.5731002,
            "fid": 1,
            "forcediffimflux": 1104.8814697265625,
            "forcediffimfluxunc": 32.99235916137695,
            "magzpsci": 26.112199783325195
        },
        {
            "objectid": "ZTF24absgzvv",
            "jd": 2460644.7971644,
            "ranr": -99999.0,
            "decnr": -99999.0,
            "fid": 2,
            "forcediffimflux": -99999.0,
            "forcediffimfluxunc": -99999.0,
            "magzpsci": 26.25749969482422
        },
        {
            "objectid": "ZTF24absgzvv",
            "jd": 2460644.7976389,
            "ranr": 51.3955987,
            "decnr": -6.5730953,
            "fid": 2,
            "forcediffimflux": 1028.1141357421875,
            "forcediffimfluxunc": 37.370079040527344,
            "magzpsci": 26.02440071105957
        },
        {
            "objectid": "ZTF24absgzvv",
            "jd": 2460646.7500231,
            "ranr": -99999.0,
            "decnr": -99999.0,
            "fid": 2,
            "forcediffimflux": -99999.0,
            "forcediffimfluxunc": -99999.0,
            "magzpsci": 26.183399200439453
        },
        {
            "objectid": "ZTF24absgzvv",
            "jd": 2460646.7917477,
            "ranr": -99999.0,
            "decnr": -99999.0,
            "fid": 1,
            "forcediffimflux": -99999.0,
            "forcediffimfluxunc": -99999.0,
            "magzpsci": 26.344200134277344
        },
        {
            "objectid": "ZTF24absgzvv",
            "jd": 2460648.7022917,
            "ranr": -99999.0,
            "decnr": -99999.0,
            "fid": 1,
            "forcediffimflux": -99999.0,
            "forcediffimfluxunc": -99999.0,
            "magzpsci": 26.331199645996094
        },
        {
            "objectid": "ZTF24absgzvv",
            "jd": 2460648.7041782,
            "ranr": -99999.0,
            "decnr": -99999.0,
            "fid": 1,
            "forcediffimflux": -99999.0,
            "forcediffimfluxunc": -99999.0,
            "magzpsci": 26.095600128173828
        },
        {
            "objectid": "ZTF24absgzvv",
            "jd": 2460648.7479051,
            "ranr": -99999.0,
            "decnr": -99999.0,
            "fid": 2,
            "forcediffimflux": -99999.0,
            "forcediffimfluxunc": -99999.0,
            "magzpsci": 26.211999893188477
        },
        {
            "objectid": "ZTF24absgzvv",
            "jd": 2460650.7496644,
            "ranr": -99999.0,
            "decnr": -99999.0,
            "fid": 2,
            "forcediffimflux": -99999.0,
            "forcediffimfluxunc": -99999.0,
            "magzpsci": 26.0403995513916
        },
        {
            "objectid": "ZTF24absgzvv",
            "jd": 2460650.8368403,
            "ranr": -99999.0,
            "decnr": -99999.0,
            "fid": 1,
            "forcediffimflux": -99999.0,
            "forcediffimfluxunc": -99999.0,
            "magzpsci": 26.040000915527344
        },
        {
            "objectid": "ZTF24absgzvv",
            "jd": 2460652.6524306,
            "ranr": -99999.0,
            "decnr": -99999.0,
            "fid": 2,
            "forcediffimflux": -99999.0,
            "forcediffimfluxunc": -99999.0,
            "magzpsci": 26.215200424194336
        },
        {
            "objectid": "ZTF24absgzvv",
            "jd": 2460652.7335069,
            "ranr": -99999.0,
            "decnr": -99999.0,
            "fid": 1,
            "forcediffimflux": -99999.0,
            "forcediffimfluxunc": -99999.0,
            "magzpsci": 26.383499145507812
        },
        {
            "objectid": "ZTF24absgzvv",
            "jd": 2460652.7339815,
            "ranr": 51.3955966,
            "decnr": -6.5731002,
            "fid": 1,
            "forcediffimflux": 820.5037841796875,
            "forcediffimfluxunc": 36.374977111816406,
            "magzpsci": 26.093900680541992
        },
        {
            "objectid": "ZTF24absgzvv",
            "jd": 2460654.669838,
            "ranr": -99999.0,
            "decnr": -99999.0,
            "fid": 2,
            "forcediffimflux": -99999.0,
            "forcediffimfluxunc": -99999.0,
            "magzpsci": 26.252700805664062
        },
        {
            "objectid": "ZTF24absgzvv",
            "jd": 2460654.6912037,
            "ranr": 51.3955987,
            "decnr": -6.5730953,
            "fid": 2,
            "forcediffimflux": 813.671630859375,
            "forcediffimfluxunc": 82.35034942626953,
            "magzpsci": 26.033599853515625
        },
        {
            "objectid": "ZTF24absgzvv",
            "jd": 2460654.7547569,
            "ranr": 51.3955966,
            "decnr": -6.5731002,
            "fid": 1,
            "forcediffimflux": 544.3372802734375,
            "forcediffimfluxunc": 101.38048553466797,
            "magzpsci": 26.108299255371094
        },
        {
            "objectid": "ZTF24absgzvv",
            "jd": 2460658.6869213,
            "ranr": -99999.0,
            "decnr": -99999.0,
            "fid": 2,
            "forcediffimflux": -99999.0,
            "forcediffimfluxunc": -99999.0,
            "magzpsci": 26.22949981689453
        },
        {
            "objectid": "ZTF24absgzvv",
            "jd": 2460658.8247917,
            "ranr": -99999.0,
            "decnr": -99999.0,
            "fid": 1,
            "forcediffimflux": -99999.0,
            "forcediffimfluxunc": -99999.0,
            "magzpsci": 25.9060001373291
        },
        {
            "objectid": "ZTF24absgzvv",
            "jd": 2460660.7988426,
            "ranr": -99999.0,
            "decnr": -99999.0,
            "fid": 2,
            "forcediffimflux": -99999.0,
            "forcediffimfluxunc": -99999.0,
            "magzpsci": 26.254199981689453
        },
        {
            "objectid": "ZTF24absgzvv",
            "jd": 2460660.8712847,
            "ranr": -99999.0,
            "decnr": -99999.0,
            "fid": 1,
            "forcediffimflux": -99999.0,
            "forcediffimfluxunc": -99999.0,
            "magzpsci": 26.153600692749023
        },
        {
            "objectid": "ZTF24absgzvv",
            "jd": 2460661.7072917,
            "ranr": -99999.0,
            "decnr": -99999.0,
            "fid": 1,
            "forcediffimflux": -99999.0,
            "forcediffimfluxunc": -99999.0,
            "magzpsci": 26.2549991607666
        },
        {
            "objectid": "ZTF24absgzvv",
            "jd": 2460661.7498495,
            "ranr": -99999.0,
            "decnr": -99999.0,
            "fid": 2,
            "forcediffimflux": -99999.0,
            "forcediffimfluxunc": -99999.0,
            "magzpsci": 26.255599975585938
        },
        {
            "objectid": "ZTF24absgzvv",
            "jd": 2460663.7495486,
            "ranr": 51.3955966,
            "decnr": -6.5731002,
            "fid": 1,
            "forcediffimflux": 709.140869140625,
            "forcediffimfluxunc": 49.411590576171875,
            "magzpsci": 26.112499237060547
        },
        {
            "objectid": "ZTF24absgzvv",
            "jd": 2460663.7968519,
            "ranr": 51.3955987,
            "decnr": -6.5730953,
            "fid": 2,
            "forcediffimflux": 1040.450927734375,
            "forcediffimfluxunc": 40.69960403442383,
            "magzpsci": 26.010900497436523
        },
        {
            "objectid": "ZTF24absgzvv",
            "jd": 2460664.7541667,
            "ranr": -99999.0,
            "decnr": -99999.0,
            "fid": 1,
            "forcediffimflux": -99999.0,
            "forcediffimfluxunc": -99999.0,
            "magzpsci": 26.36479949951172
        },
        {
            "objectid": "ZTF24absgzvv",
            "jd": 2460664.7749769,
            "ranr": -99999.0,
            "decnr": -99999.0,
            "fid": 1,
            "forcediffimflux": -99999.0,
            "forcediffimfluxunc": -99999.0,
            "magzpsci": 26.21489906311035
        },
        {
            "objectid": "ZTF24absgzvv",
            "jd": 2460664.8172454,
            "ranr": -99999.0,
            "decnr": -99999.0,
            "fid": 2,
            "forcediffimflux": -99999.0,
            "forcediffimfluxunc": -99999.0,
            "magzpsci": 26.024499893188477
        },
        {
            "objectid": "ZTF24absgzvv",
            "jd": 2460666.6711921,
            "ranr": -99999.0,
            "decnr": -99999.0,
            "fid": 1,
            "forcediffimflux": -99999.0,
            "forcediffimfluxunc": -99999.0,
            "magzpsci": 26.295700073242188
        },
        {
            "objectid": "ZTF24absgzvv",
            "jd": 2460666.6901736,
            "ranr": 51.3955966,
            "decnr": -6.5731002,
            "fid": 1,
            "forcediffimflux": 573.9976806640625,
            "forcediffimfluxunc": 30.537221908569336,
            "magzpsci": 25.927099227905273
        },
        {
            "objectid": "ZTF24absgzvv",
            "jd": 2460666.7182639,
            "ranr": -99999.0,
            "decnr": -99999.0,
            "fid": 2,
            "forcediffimflux": -99999.0,
            "forcediffimfluxunc": -99999.0,
            "magzpsci": 26.115699768066406
        },
        {
            "objectid": "ZTF24absgzvv",
            "jd": 2460666.7187269,
            "ranr": 51.3955987,
            "decnr": -6.5730953,
            "fid": 2,
            "forcediffimflux": 874.1006469726562,
            "forcediffimfluxunc": 35.71197509765625,
            "magzpsci": 25.88759994506836
        },
        {
            "objectid": "ZTF24absgzvv",
            "jd": 2460672.6712384,
            "ranr": -99999.0,
            "decnr": -99999.0,
            "fid": 1,
            "forcediffimflux": -99999.0,
            "forcediffimfluxunc": -99999.0,
            "magzpsci": 26.225400924682617
        },
        {
            "objectid": "ZTF24absgzvv",
            "jd": 2460672.6993287,
            "ranr": -99999.0,
            "decnr": -99999.0,
            "fid": 2,
            "forcediffimflux": -99999.0,
            "forcediffimfluxunc": -99999.0,
            "magzpsci": 26.252300262451172
        },
        {
            "objectid": "ZTF24absgzvv",
            "jd": 2460672.6998032,
            "ranr": 51.3955987,
            "decnr": -6.5730953,
            "fid": 2,
            "forcediffimflux": 887.5569458007812,
            "forcediffimfluxunc": 48.81928253173828,
            "magzpsci": 26.0226993560791
        },
        {
            "objectid": "ZTF24absgzvv",
            "jd": 2460674.6770833,
            "ranr": -99999.0,
            "decnr": -99999.0,
            "fid": 2,
            "forcediffimflux": -99999.0,
            "forcediffimfluxunc": -99999.0,
            "magzpsci": 26.281200408935547
        },
        {
            "objectid": "ZTF24absgzvv",
            "jd": 2460674.6780208,
            "ranr": -99999.0,
            "decnr": -99999.0,
            "fid": 2,
            "forcediffimflux": -99999.0,
            "forcediffimfluxunc": -99999.0,
            "magzpsci": 26.18560028076172
        },
        {
            "objectid": "ZTF24absgzvv",
            "jd": 2460674.7178472,
            "ranr": -99999.0,
            "decnr": -99999.0,
            "fid": 1,
            "forcediffimflux": -99999.0,
            "forcediffimfluxunc": -99999.0,
            "magzpsci": 26.38599967956543
        },
        {
            "objectid": "ZTF24absgzvv",
            "jd": 2460674.7202662,
            "ranr": 51.3955966,
            "decnr": -6.5731002,
            "fid": 1,
            "forcediffimflux": 526.3124389648438,
            "forcediffimfluxunc": 42.05320358276367,
            "magzpsci": 26.12030029296875
        },
        {
            "objectid": "ZTF24absgzvv",
            "jd": 2460677.732662,
            "ranr": 51.3955987,
            "decnr": -6.5730953,
            "fid": 2,
            "forcediffimflux": 1016.5939331054688,
            "forcediffimfluxunc": 37.24042892456055,
            "magzpsci": 26.033899307250977
        },
        {
            "objectid": "ZTF24absgzvv",
            "jd": 2460678.6325,
            "ranr": -99999.0,
            "decnr": -99999.0,
            "fid": 2,
            "forcediffimflux": -99999.0,
            "forcediffimfluxunc": -99999.0,
            "magzpsci": 26.15760040283203
        },
        {
            "objectid": "ZTF24absgzvv",
            "jd": 2460678.6957176,
            "ranr": -99999.0,
            "decnr": -99999.0,
            "fid": 1,
            "forcediffimflux": -99999.0,
            "forcediffimfluxunc": -99999.0,
            "magzpsci": 25.747400283813477
        },
        {
            "objectid": "ZTF24absgzvv",
            "jd": 2460679.6688773,
            "ranr": 51.3955987,
            "decnr": -6.5730953,
            "fid": 2,
            "forcediffimflux": 943.9303588867188,
            "forcediffimfluxunc": 30.361478805541992,
            "magzpsci": 26.035999298095703
        },
        {
            "objectid": "ZTF24absgzvv",
            "jd": 2460679.7092245,
            "ranr": 51.3955966,
            "decnr": -6.5731002,
            "fid": 1,
            "forcediffimflux": 508.68304443359375,
            "forcediffimfluxunc": 34.81741714477539,
            "magzpsci": 26.102399826049805
        },
        {
            "objectid": "ZTF24absgzvv",
            "jd": 2460681.6252662,
            "ranr": -99999.0,
            "decnr": -99999.0,
            "fid": 2,
            "forcediffimflux": -99999.0,
            "forcediffimfluxunc": -99999.0,
            "magzpsci": 26.103599548339844
        },
        {
            "objectid": "ZTF24absgzvv",
            "jd": 2460681.6696181,
            "ranr": -99999.0,
            "decnr": -99999.0,
            "fid": 1,
            "forcediffimflux": -99999.0,
            "forcediffimfluxunc": -99999.0,
            "magzpsci": 26.10219955444336
        },
        {
            "objectid": "ZTF24absgzvv",
            "jd": 2460681.7039352,
            "ranr": 51.3955966,
            "decnr": -6.5731002,
            "fid": 1,
            "forcediffimflux": 489.4179382324219,
            "forcediffimfluxunc": 39.031185150146484,
            "magzpsci": 26.08839988708496
        },
        {
            "objectid": "ZTF24absgzvv",
            "jd": 2460684.689838,
            "ranr": 51.3955987,
            "decnr": -6.5730953,
            "fid": 2,
            "forcediffimflux": 510.7019958496094,
            "forcediffimfluxunc": 72.3026351928711,
            "magzpsci": 25.681299209594727
        },
        {
            "objectid": "ZTF24absgzvv",
            "jd": 2460684.7116551,
            "ranr": 51.3955966,
            "decnr": -6.5731002,
            "fid": 1,
            "forcediffimflux": 594.1646728515625,
            "forcediffimfluxunc": 105.52489471435547,
            "magzpsci": 26.095600128173828
        },
        {
            "objectid": "ZTF24absgzvv",
            "jd": 2460685.6714931,
            "ranr": -99999.0,
            "decnr": -99999.0,
            "fid": 2,
            "forcediffimflux": -99999.0,
            "forcediffimfluxunc": -99999.0,
            "magzpsci": 26.148799896240234
        },
        {
            "objectid": "ZTF24absgzvv",
            "jd": 2460686.6476042,
            "ranr": 51.3955966,
            "decnr": -6.5731002,
            "fid": 1,
            "forcediffimflux": 422.5146179199219,
            "forcediffimfluxunc": 63.978179931640625,
            "magzpsci": 26.125200271606445
        },
        {
            "objectid": "ZTF24absgzvv",
            "jd": 2460686.802963,
            "ranr": 51.3955987,
            "decnr": -6.5730953,
            "fid": 2,
            "forcediffimflux": 960.1817016601562,
            "forcediffimfluxunc": 81.79474639892578,
            "magzpsci": 25.96269989013672
        },
        {
            "objectid": "ZTF24absgzvv",
            "jd": 2460687.6709838,
            "ranr": -99999.0,
            "decnr": -99999.0,
            "fid": 1,
            "forcediffimflux": -99999.0,
            "forcediffimfluxunc": -99999.0,
            "magzpsci": 26.31879997253418
        },
        {
            "objectid": "ZTF24absgzvv",
            "jd": 2460687.7341667,
            "ranr": -99999.0,
            "decnr": -99999.0,
            "fid": 2,
            "forcediffimflux": -99999.0,
            "forcediffimfluxunc": -99999.0,
            "magzpsci": 26.233200073242188
        },
        {
            "objectid": "ZTF24absgzvv",
            "jd": 2460688.6553241,
            "ranr": 51.3955987,
            "decnr": -6.5730953,
            "fid": 2,
            "forcediffimflux": 826.4179077148438,
            "forcediffimfluxunc": 74.29059600830078,
            "magzpsci": 26.01959991455078
        },
        {
            "objectid": "ZTF24absgzvv",
            "jd": 2460688.7773727,
            "ranr": 51.3955966,
            "decnr": -6.5731002,
            "fid": 1,
            "forcediffimflux": 141.8804473876953,
            "forcediffimfluxunc": 158.8865509033203,
            "magzpsci": 25.94580078125
        },
        {
            "objectid": "ZTF24absgzvv",
            "jd": 2460689.6490972,
            "ranr": -99999.0,
            "decnr": -99999.0,
            "fid": 2,
            "forcediffimflux": -99999.0,
            "forcediffimfluxunc": -99999.0,
            "magzpsci": 26.235200881958008
        },
        {
            "objectid": "ZTF24absgzvv",
            "jd": 2460689.6702662,
            "ranr": -99999.0,
            "decnr": -99999.0,
            "fid": 1,
            "forcediffimflux": -99999.0,
            "forcediffimfluxunc": -99999.0,
            "magzpsci": 26.32270050048828
        },
        {
            "objectid": "ZTF24absgzvv",
            "jd": 2460690.669537,
            "ranr": 51.3955987,
            "decnr": -6.5730953,
            "fid": 2,
            "forcediffimflux": 805.9959106445312,
            "forcediffimfluxunc": 83.62297058105469,
            "magzpsci": 26.007400512695312
        },
        {
            "objectid": "ZTF24absgzvv",
            "jd": 2460690.712581,
            "ranr": 51.3955966,
            "decnr": -6.5731002,
            "fid": 1,
            "forcediffimflux": 396.2969055175781,
            "forcediffimfluxunc": 121.18061065673828,
            "magzpsci": 26.06369972229004
        },
        {
            "objectid": "ZTF24absgzvv",
            "jd": 2460691.809838,
            "ranr": -99999.0,
            "decnr": -99999.0,
            "fid": 2,
            "forcediffimflux": -99999.0,
            "forcediffimfluxunc": -99999.0,
            "magzpsci": 26.094200134277344
        },
        {
            "objectid": "ZTF24absgzvv",
            "jd": 2460692.7141667,
            "ranr": 51.3955966,
            "decnr": -6.5731002,
            "fid": 1,
            "forcediffimflux": 364.6002502441406,
            "forcediffimfluxunc": 46.23796844482422,
            "magzpsci": 26.03619956970215
        },
        {
            "objectid": "ZTF24absgzvv",
            "jd": 2460693.7337731,
            "ranr": -99999.0,
            "decnr": -99999.0,
            "fid": 2,
            "forcediffimflux": -99999.0,
            "forcediffimfluxunc": -99999.0,
            "magzpsci": 26.268999099731445
        },
        {
            "objectid": "ZTF24absgzvv",
            "jd": 2460695.7081019,
            "ranr": -99999.0,
            "decnr": -99999.0,
            "fid": 1,
            "forcediffimflux": -99999.0,
            "forcediffimfluxunc": -99999.0,
            "magzpsci": 26.349300384521484
        },
        {
            "objectid": "ZTF24absgzvv",
            "jd": 2460695.7156944,
            "ranr": -99999.0,
            "decnr": -99999.0,
            "fid": 2,
            "forcediffimflux": -99999.0,
            "forcediffimfluxunc": -99999.0,
            "magzpsci": 26.252300262451172
        },
        {
            "objectid": "ZTF24absgzvv",
            "jd": 2460699.6678125,
            "ranr": -99999.0,
            "decnr": -99999.0,
            "fid": 1,
            "forcediffimflux": -99999.0,
            "forcediffimfluxunc": -99999.0,
            "magzpsci": 26.099599838256836
        },
        {
            "objectid": "ZTF24absgzvv",
            "jd": 2460706.7478935,
            "ranr": -99999.0,
            "decnr": -99999.0,
            "fid": 1,
            "forcediffimflux": -99999.0,
            "forcediffimfluxunc": -99999.0,
            "magzpsci": 26.194499969482422
        },
        {
            "objectid": "ZTF24absgzvv",
            "jd": 2460711.6129398,
            "ranr": -99999.0,
            "decnr": -99999.0,
            "fid": 2,
            "forcediffimflux": -99999.0,
            "forcediffimfluxunc": -99999.0,
            "magzpsci": 26.13010025024414
        }
    ]
}