{
    "objectId": "ZTF21acdoyqt",
    "candidates": [
        {
            "candid": 1726136626015015002,
            "jd": 2459480.6366204,
            "ra": 278.9514323,
            "dec": 22.4625633,
            "fid": 1,
            "nid": 1726,
            "magpsf": 19.147300720214844,
            "sigmapsf": 0.13224099576473236,
            "magnr": 21.155000686645508,
            "sigmagnr": 0.12600000202655792,
            "magzpsci": 26.2632999420166,
            "isdiffpos": "t",
            "ssdistnr": null,
            "ssnamenr": null,
            "drb": 1.0
        },
        {
            "candid": 1726141410615015009,
            "jd": 2459480.641412,
            "ra": 278.9514967,
            "dec": 22.4625543,
            "fid": 1,
            "nid": 1726,
            "magpsf": 19.13800048828125,
            "sigmapsf": 0.0769060030579567,
            "magnr": 21.190000534057617,
            "sigmagnr": 0.11900000274181366,
            "magzpsci": 26.3439998626709,
            "isdiffpos": "t",
            "ssdistnr": null,
            "ssnamenr": null,
            "drb": 1.0
        },
        {
            "candid": 1726178860615015010,
            "jd": 2459480.6788657,
            "ra": 278.9514753,
            "dec": 22.4626211,
            "fid": 2,
            "nid": 1726,
            "magpsf": 19.2549991607666,
            "sigmapsf": 0.16009199619293213,
            "magnr": 21.041000366210938,
            "sigmagnr": 0.1289999932050705,
            "magzpsci": 26.2810001373291,
            "isdiffpos": "t",
            "ssdistnr": null,
            "ssnamenr": null,
            "drb": null
        },
        {
            "candid": 1726192336015015003,
            "jd": 2459480.692338,
            "ra": 278.9514569,
            "dec": 22.4625913,
            "fid": 2,
            "nid": 1726,
            "magpsf": 19.440799713134766,
            "sigmapsf": 0.15687799453735352,
            "magnr": 21.093000411987305,
            "sigmagnr": 0.12999999523162842,
            "magzpsci": 26.168800354003906,
            "isdiffpos": "t",
            "ssdistnr": null,
            "ssnamenr": null,
            "drb": null
        },
        {
            "candid": 1731193110615015018,
            "jd": 2459485.6931134,
            "ra": 278.9514618,
            "dec": 22.4625691,
            "fid": 2,
            "nid": 1731,
            "magpsf": 18.826900482177734,
            "sigmapsf": 0.08672499656677246,
            "magnr": 21.041000366210938,
            "sigmagnr": 0.1289999932050705,
            "magzpsci": 26.02090072631836,
            "isdiffpos": "t",
            "ssdistnr": null,
            "ssnamenr": null,
            "drb": null
        },
        {
            "candid": 1731215936015015006,
            "jd": 2459485.7159375,
            "ra": 278.951479,
            "dec": 22.4625754,
            "fid": 2,
            "nid": 1731,
            "magpsf": 18.793699264526367,
            "sigmapsf": 0.0955360010266304,
            "magnr": 21.093000411987305,
            "sigmagnr": 0.12999999523162842,
            "magzpsci": 25.917699813842773,
            "isdiffpos": "t",
            "ssdistnr": null,
            "ssnamenr": null,
            "drb": null
        },
        {
            "candid": 1733153420615015012,
            "jd": 2459487.6534259,
            "ra": 278.9514604,
            "dec": 22.4625501,
            "fid": 2,
            "nid": 1733,
            "magpsf": 18.743200302124023,
            "sigmapsf": 0.07438699901103973,
            "magnr": 21.041000366210938,
            "sigmagnr": 0.1289999932050705,
            "magzpsci": 26.250200271606445,
            "isdiffpos": "t",
            "ssdistnr": null,
            "ssnamenr": null,
            "drb": null
        },
        {
            "candid": 1733175846015015008,
            "jd": 2459487.6758449,
            "ra": 278.951437,
            "dec": 22.4625739,
            "fid": 1,
            "nid": 1733,
            "magpsf": 18.9773006439209,
            "sigmapsf": 0.09247200191020966,
            "magnr": 21.155000686645508,
            "sigmagnr": 0.12600000202655792,
            "magzpsci": 26.170299530029297,
            "isdiffpos": "t",
            "ssdistnr": null,
            "ssnamenr": null,
            "drb": null
        },
        {
            "candid": 1733176780615015014,
            "jd": 2459487.6767824,
            "ra": 278.9514827,
            "dec": 22.4625719,
            "fid": 1,
            "nid": 1733,
            "magpsf": 18.93320083618164,
            "sigmapsf": 0.1071700006723404,
            "magnr": 21.190000534057617,
            "sigmagnr": 0.11900000274181366,
            "magzpsci": 26.26020050048828,
            "isdiffpos": "t",
            "ssdistnr": null,
            "ssnamenr": null,
            "drb": null
        },
        {
            "candid": 1735175166015015005,
            "jd": 2459489.675162,
            "ra": 278.9514317,
            "dec": 22.4625899,
            "fid": 2,
            "nid": 1735,
            "magpsf": 18.80150032043457,
            "sigmapsf": 0.08630000054836273,
            "magnr": 21.093000411987305,
            "sigmagnr": 0.12999999523162842,
            "magzpsci": 26.146499633789062,
            "isdiffpos": "t",
            "ssdistnr": null,
            "ssnamenr": null,
            "drb": null
        },
        {
            "candid": 1735175166015035005,
            "jd": 2459489.675162,
            "ra": 278.9514317,
            "dec": 22.4625899,
            "fid": 2,
            "nid": 1735,
            "magpsf": 18.80150032043457,
            "sigmapsf": 0.08630000054836273,
            "magnr": 21.093000411987305,
            "sigmagnr": 0.12999999523162842,
            "magzpsci": 26.146499633789062,
            "isdiffpos": "t",
            "ssdistnr": null,
            "ssnamenr": null,
            "drb": null
        },
        {
            "candid": 1735175630615015012,
            "jd": 2459489.6756366,
            "ra": 278.9514716,
            "dec": 22.4625782,
            "fid": 2,
            "nid": 1735,
            "magpsf": 18.817899703979492,
            "sigmapsf": 0.08748800307512283,
            "magnr": 21.041000366210938,
            "sigmagnr": 0.1289999932050705,
            "magzpsci": 26.23889923095703,
            "isdiffpos": "t",
            "ssdistnr": null,
            "ssnamenr": null,
            "drb": null
        },
        {
            "candid": 1735175630615035012,
            "jd": 2459489.6756366,
            "ra": 278.9514716,
            "dec": 22.4625782,
            "fid": 2,
            "nid": 1735,
            "magpsf": 18.817899703979492,
            "sigmapsf": 0.08748800307512283,
            "magnr": 21.041000366210938,
            "sigmagnr": 0.1289999932050705,
            "magzpsci": 26.23889923095703,
            "isdiffpos": "t",
            "ssdistnr": null,
            "ssnamenr": null,
            "drb": null
        },
        {
            "candid": 1735206780615015013,
            "jd": 2459489.7067824,
            "ra": 278.9514904,
            "dec": 22.4625799,
            "fid": 1,
            "nid": 1735,
            "magpsf": 19.00480079650879,
            "sigmapsf": 0.12168099731206894,
            "magnr": 21.190000534057617,
            "sigmagnr": 0.11900000274181366,
            "magzpsci": 26.216800689697266,
            "isdiffpos": "t",
            "ssdistnr": null,
            "ssnamenr": null,
            "drb": null
        },
        {
            "candid": 1735206780615035013,
            "jd": 2459489.7067824,
            "ra": 278.9514904,
            "dec": 22.4625799,
            "fid": 1,
            "nid": 1735,
            "magpsf": 19.00480079650879,
            "sigmapsf": 0.12168099731206894,
            "magnr": 21.190000534057617,
            "sigmagnr": 0.11900000274181366,
            "magzpsci": 26.216800689697266,
            "isdiffpos": "t",
            "ssdistnr": null,
            "ssnamenr": null,
            "drb": null
        },
        {
            "candid": 1735208666015015009,
            "jd": 2459489.708669,
            "ra": 278.9514366,
            "dec": 22.4625665,
            "fid": 1,
            "nid": 1735,
            "magpsf": 18.984600067138672,
            "sigmapsf": 0.10582900047302246,
            "magnr": 21.155000686645508,
            "sigmagnr": 0.12600000202655792,
            "magzpsci": 26.130599975585938,
            "isdiffpos": "t",
            "ssdistnr": null,
            "ssnamenr": null,
            "drb": null
        },
        {
            "candid": 1735208666015035009,
            "jd": 2459489.708669,
            "ra": 278.9514366,
            "dec": 22.4625665,
            "fid": 1,
            "nid": 1735,
            "magpsf": 18.984600067138672,
            "sigmapsf": 0.10582900047302246,
            "magnr": 21.155000686645508,
            "sigmagnr": 0.12600000202655792,
            "magzpsci": 26.130599975585938,
            "isdiffpos": "t",
            "ssdistnr": null,
            "ssnamenr": null,
            "drb": null
        },
        {
            "candid": 1737144240615015021,
            "jd": 2459491.6442477,
            "ra": 278.9514531,
            "dec": 22.462587,
            "fid": 1,
            "nid": 1737,
            "magpsf": 18.980499267578125,
            "sigmapsf": 0.0840890035033226,
            "magnr": 21.190000534057617,
            "sigmagnr": 0.11900000274181366,
            "magzpsci": 26.297500610351562,
            "isdiffpos": "t",
            "ssdistnr": null,
            "ssnamenr": null,
            "drb": null
        },
        {
            "candid": 1737145196015015007,
            "jd": 2459491.6451968,
            "ra": 278.9514434,
            "dec": 22.4625651,
            "fid": 1,
            "nid": 1737,
            "magpsf": 18.97319984436035,
            "sigmapsf": 0.08833900094032288,
            "magnr": 21.155000686645508,
            "sigmagnr": 0.12600000202655792,
            "magzpsci": 26.222200393676758,
            "isdiffpos": "t",
            "ssdistnr": null,
            "ssnamenr": null,
            "drb": null
        },
        {
            "candid": 1737169386015015008,
            "jd": 2459491.6693866,
            "ra": 278.9514485,
            "dec": 22.4625733,
            "fid": 2,
            "nid": 1737,
            "magpsf": 18.73579978942871,
            "sigmapsf": 0.08759099990129471,
            "magnr": 21.093000411987305,
            "sigmagnr": 0.12999999523162842,
            "magzpsci": 26.165800094604492,
            "isdiffpos": "t",
            "ssdistnr": null,
            "ssnamenr": null,
            "drb": null
        },
        {
            "candid": 1737172730615015010,
            "jd": 2459491.6727315,
            "ra": 278.9514479,
            "dec": 22.4625861,
            "fid": 2,
            "nid": 1737,
            "magpsf": 18.805400848388672,
            "sigmapsf": 0.09899699687957764,
            "magnr": 21.041000366210938,
            "sigmagnr": 0.1289999932050705,
            "magzpsci": 26.268400192260742,
            "isdiffpos": "t",
            "ssdistnr": null,
            "ssnamenr": null,
            "drb": null
        },
        {
            "candid": 1744150646015015006,
            "jd": 2459498.6506481,
            "ra": 278.9514539,
            "dec": 22.4625707,
            "fid": 2,
            "nid": 1744,
            "magpsf": 18.788700103759766,
            "sigmapsf": 0.10595999658107758,
            "magnr": 21.093000411987305,
            "sigmagnr": 0.12999999523162842,
            "magzpsci": 26.18470001220703,
            "isdiffpos": "t",
            "ssdistnr": null,
            "ssnamenr": null,
            "drb": null
        },
        {
            "candid": 1744152090615015011,
            "jd": 2459498.6520949,
            "ra": 278.9514596,
            "dec": 22.4625831,
            "fid": 2,
            "nid": 1744,
            "magpsf": 18.8085994720459,
            "sigmapsf": 0.08819600194692612,
            "magnr": 21.041000366210938,
            "sigmagnr": 0.1289999932050705,
            "magzpsci": 26.29360008239746,
            "isdiffpos": "t",
            "ssdistnr": null,
            "ssnamenr": null,
            "drb": null
        },
        {
            "candid": 1748165400615015009,
            "jd": 2459502.6654051,
            "ra": 278.9514996,
            "dec": 22.4626052,
            "fid": 2,
            "nid": 1748,
            "magpsf": 18.873899459838867,
            "sigmapsf": 0.12505599856376648,
            "magnr": 21.041000366210938,
            "sigmagnr": 0.1289999932050705,
            "magzpsci": 26.261899948120117,
            "isdiffpos": "t",
            "ssdistnr": null,
            "ssnamenr": null,
            "drb": null
        },
        {
            "candid": 1749143726015015009,
            "jd": 2459503.6437269,
            "ra": 278.9514084,
            "dec": 22.4625932,
            "fid": 1,
            "nid": 1749,
            "magpsf": 19.465299606323242,
            "sigmapsf": 0.18157599866390228,
            "magnr": 21.155000686645508,
            "sigmagnr": 0.12600000202655792,
            "magzpsci": 26.236299514770508,
            "isdiffpos": "t",
            "ssdistnr": null,
            "ssnamenr": null,
            "drb": null
        },
        {
            "candid": 1749163026015015008,
            "jd": 2459503.6630208,
            "ra": 278.9514256,
            "dec": 22.4625394,
            "fid": 2,
            "nid": 1749,
            "magpsf": 18.96339988708496,
            "sigmapsf": 0.11315300315618515,
            "magnr": 21.093000411987305,
            "sigmagnr": 0.12999999523162842,
            "magzpsci": 26.166400909423828,
            "isdiffpos": "t",
            "ssdistnr": null,
            "ssnamenr": null,
            "drb": null
        },
        {
            "candid": 1750137750615015012,
            "jd": 2459504.6377546,
            "ra": 278.9514551,
            "dec": 22.4625545,
            "fid": 2,
            "nid": 1750,
            "magpsf": 18.85849952697754,
            "sigmapsf": 0.09077499806880951,
            "magnr": 21.041000366210938,
            "sigmagnr": 0.1289999932050705,
            "magzpsci": 26.289499282836914,
            "isdiffpos": "t",
            "ssdistnr": null,
            "ssnamenr": null,
            "drb": null
        },
        {
            "candid": 1750194710615015005,
            "jd": 2459504.6947106,
            "ra": 278.9515407,
            "dec": 22.4626123,
            "fid": 1,
            "nid": 1750,
            "magpsf": 19.55459976196289,
            "sigmapsf": 0.20513999462127686,
            "magnr": 21.190000534057617,
            "sigmagnr": 0.11900000274181366,
            "magzpsci": 26.257600784301758,
            "isdiffpos": "t",
            "ssdistnr": null,
            "ssnamenr": null,
            "drb": null
        },
        {
            "candid": 1751120006015015001,
            "jd": 2459505.62,
            "ra": 278.951457,
            "dec": 22.4626064,
            "fid": 2,
            "nid": 1751,
            "magpsf": 18.91950035095215,
            "sigmapsf": 0.11102300137281418,
            "magnr": 21.093000411987305,
            "sigmagnr": 0.12999999523162842,
            "magzpsci": 26.20050048828125,
            "isdiffpos": "t",
            "ssdistnr": null,
            "ssnamenr": null,
            "drb": null
        },
        {
            "candid": 1751175056015015004,
            "jd": 2459505.6750579,
            "ra": 278.9514174,
            "dec": 22.4626137,
            "fid": 1,
            "nid": 1751,
            "magpsf": 19.33639907836914,
            "sigmapsf": 0.19536800682544708,
            "magnr": 21.155000686645508,
            "sigmagnr": 0.12600000202655792,
            "magzpsci": 26.192399978637695,
            "isdiffpos": "t",
            "ssdistnr": null,
            "ssnamenr": null,
            "drb": null
        },
        {
            "candid": 1756136576015015006,
            "jd": 2459510.6365741,
            "ra": 278.9515547,
            "dec": 22.4625625,
            "fid": 2,
            "nid": 1756,
            "magpsf": 19.007400512695312,
            "sigmapsf": 0.23706500232219696,
            "magnr": 21.093000411987305,
            "sigmagnr": 0.12999999523162842,
            "magzpsci": 25.61840057373047,
            "isdiffpos": "t",
            "ssdistnr": null,
            "ssnamenr": null,
            "drb": null
        },
        {
            "candid": 1756137040615015008,
            "jd": 2459510.6370486,
            "ra": 278.9514186,
            "dec": 22.4625822,
            "fid": 2,
            "nid": 1756,
            "magpsf": 19.099199295043945,
            "sigmapsf": 0.28747400641441345,
            "magnr": 21.041000366210938,
            "sigmagnr": 0.1289999932050705,
            "magzpsci": 25.653200149536133,
            "isdiffpos": "t",
            "ssdistnr": null,
            "ssnamenr": null,
            "drb": null
        },
        {
            "candid": 1758205626015015009,
            "jd": 2459512.705625,
            "ra": 278.9513769,
            "dec": 22.4626225,
            "fid": 1,
            "nid": 1758,
            "magpsf": 19.5314998626709,
            "sigmapsf": 0.2419009953737259,
            "magnr": 21.155000686645508,
            "sigmagnr": 0.12600000202655792,
            "magzpsci": 26.09149932861328,
            "isdiffpos": "t",
            "ssdistnr": null,
            "ssnamenr": null,
            "drb": null
        },
        {
            "candid": 1766204290615015082,
            "jd": 2459520.704294,
            "ra": 278.9514396,
            "dec": 22.4625925,
            "fid": 2,
            "nid": 1766,
            "magpsf": 18.84589958190918,
            "sigmapsf": 0.1252630054950714,
            "magnr": 21.041000366210938,
            "sigmagnr": 0.1289999932050705,
            "magzpsci": 26.091899871826172,
            "isdiffpos": "t",
            "ssdistnr": null,
            "ssnamenr": null,
            "drb": null
        },
        {
            "candid": 1767135616015015008,
            "jd": 2459521.6356134,
            "ra": 278.9514581,
            "dec": 22.4625739,
            "fid": 2,
            "nid": 1767,
            "magpsf": 18.922500610351562,
            "sigmapsf": 0.10089199990034103,
            "magnr": 21.093000411987305,
            "sigmagnr": 0.12999999523162842,
            "magzpsci": 26.180500030517578,
            "isdiffpos": "t",
            "ssdistnr": null,
            "ssnamenr": null,
            "drb": null
        },
        {
            "candid": 1768141480615015015,
            "jd": 2459522.6414815,
            "ra": 278.9514396,
            "dec": 22.4625747,
            "fid": 1,
            "nid": 1768,
            "magpsf": 19.78190040588379,
            "sigmapsf": 0.12819300591945648,
            "magnr": 21.190000534057617,
            "sigmagnr": 0.11900000274181366,
            "magzpsci": 26.282899856567383,
            "isdiffpos": "t",
            "ssdistnr": null,
            "ssnamenr": null,
            "drb": null
        },
        {
            "candid": 1768161770615015012,
            "jd": 2459522.6617708,
            "ra": 278.951458,
            "dec": 22.4625906,
            "fid": 2,
            "nid": 1768,
            "magpsf": 18.989099502563477,
            "sigmapsf": 0.08150599896907806,
            "magnr": 21.041000366210938,
            "sigmagnr": 0.1289999932050705,
            "magzpsci": 26.251100540161133,
            "isdiffpos": "t",
            "ssdistnr": null,
            "ssnamenr": null,
            "drb": null
        },
        {
            "candid": 1769160286015015004,
            "jd": 2459523.6602894,
            "ra": 278.9514006,
            "dec": 22.4625928,
            "fid": 1,
            "nid": 1769,
            "magpsf": 19.658300399780273,
            "sigmapsf": 0.1590680032968521,
            "magnr": 21.155000686645508,
            "sigmagnr": 0.12600000202655792,
            "magzpsci": 26.158300399780273,
            "isdiffpos": "t",
            "ssdistnr": null,
            "ssnamenr": null,
            "drb": null
        },
        {
            "candid": 1770104370615015015,
            "jd": 2459524.604375,
            "ra": 278.951472,
            "dec": 22.4625711,
            "fid": 2,
            "nid": 1770,
            "magpsf": 18.87809944152832,
            "sigmapsf": 0.08571799844503403,
            "magnr": 21.041000366210938,
            "sigmagnr": 0.1289999932050705,
            "magzpsci": 26.304100036621094,
            "isdiffpos": "t",
            "ssdistnr": null,
            "ssnamenr": null,
            "drb": null
        },
        {
            "candid": 1770112850615015018,
            "jd": 2459524.6128588,
            "ra": 278.9514429,
            "dec": 22.4625744,
            "fid": 1,
            "nid": 1770,
            "magpsf": 19.816699981689453,
            "sigmapsf": 0.12431400269269943,
            "magnr": 21.190000534057617,
            "sigmagnr": 0.11900000274181366,
            "magzpsci": 26.33370018005371,
            "isdiffpos": "t",
            "ssdistnr": null,
            "ssnamenr": null,
            "drb": null
        },
        {
            "candid": 1771112156015015003,
            "jd": 2459525.6121528,
            "ra": 278.9514102,
            "dec": 22.4625604,
            "fid": 1,
            "nid": 1771,
            "magpsf": 19.732500076293945,
            "sigmapsf": 0.14581599831581116,
            "magnr": 21.155000686645508,
            "sigmagnr": 0.12600000202655792,
            "magzpsci": 26.24250030517578,
            "isdiffpos": "t",
            "ssdistnr": null,
            "ssnamenr": null,
            "drb": null
        },
        {
            "candid": 1771144396015015014,
            "jd": 2459525.6443981,
            "ra": 278.9514457,
            "dec": 22.4625568,
            "fid": 2,
            "nid": 1771,
            "magpsf": 18.885000228881836,
            "sigmapsf": 0.10069499909877777,
            "magnr": 21.093000411987305,
            "sigmagnr": 0.12999999523162842,
            "magzpsci": 26.163000106811523,
            "isdiffpos": "t",
            "ssdistnr": null,
            "ssnamenr": null,
            "drb": null
        },
        {
            "candid": 1772185870615015010,
            "jd": 2459526.6858796,
            "ra": 278.9514369,
            "dec": 22.4625458,
            "fid": 1,
            "nid": 1772,
            "magpsf": 19.742799758911133,
            "sigmapsf": 0.20968300104141235,
            "magnr": 21.190000534057617,
            "sigmagnr": 0.11900000274181366,
            "magzpsci": 26.091800689697266,
            "isdiffpos": "t",
            "ssdistnr": null,
            "ssnamenr": null,
            "drb": null
        },
        {
            "candid": 1773111346015015004,
            "jd": 2459527.6113426,
            "ra": 278.9514497,
            "dec": 22.4625686,
            "fid": 2,
            "nid": 1773,
            "magpsf": 18.93160057067871,
            "sigmapsf": 0.09180299937725067,
            "magnr": 21.093000411987305,
            "sigmagnr": 0.12999999523162842,
            "magzpsci": 26.193599700927734,
            "isdiffpos": "t",
            "ssdistnr": null,
            "ssnamenr": null,
            "drb": null
        },
        {
            "candid": 1773131566015015006,
            "jd": 2459527.6315625,
            "ra": 278.9514186,
            "dec": 22.4625517,
            "fid": 1,
            "nid": 1773,
            "magpsf": 19.702800750732422,
            "sigmapsf": 0.15318499505519867,
            "magnr": 21.155000686645508,
            "sigmagnr": 0.12600000202655792,
            "magzpsci": 26.186800003051758,
            "isdiffpos": "t",
            "ssdistnr": null,
            "ssnamenr": null,
            "drb": null
        },
        {
            "candid": 1775123926015015007,
            "jd": 2459529.6239236,
            "ra": 278.9513602,
            "dec": 22.4625349,
            "fid": 1,
            "nid": 1775,
            "magpsf": 19.65880012512207,
            "sigmapsf": 0.21310000121593475,
            "magnr": 21.155000686645508,
            "sigmagnr": 0.12600000202655792,
            "magzpsci": 26.189800262451172,
            "isdiffpos": "t",
            "ssdistnr": null,
            "ssnamenr": null,
            "drb": null
        },
        {
            "candid": 1775131936015015006,
            "jd": 2459529.6319329,
            "ra": 278.9514449,
            "dec": 22.4625799,
            "fid": 2,
            "nid": 1775,
            "magpsf": 18.914199829101562,
            "sigmapsf": 0.12143699824810028,
            "magnr": 21.093000411987305,
            "sigmagnr": 0.12999999523162842,
            "magzpsci": 26.15920066833496,
            "isdiffpos": "t",
            "ssdistnr": null,
            "ssnamenr": null,
            "drb": null
        },
        {
            "candid": 1775140060615015007,
            "jd": 2459529.6400694,
            "ra": 278.951465,
            "dec": 22.4625682,
            "fid": 2,
            "nid": 1775,
            "magpsf": 18.9512996673584,
            "sigmapsf": 0.1556130051612854,
            "magnr": 21.041000366210938,
            "sigmagnr": 0.1289999932050705,
            "magzpsci": 26.26129913330078,
            "isdiffpos": "t",
            "ssdistnr": null,
            "ssnamenr": null,
            "drb": null
        },
        {
            "candid": 1778103096015015005,
            "jd": 2459532.6030903,
            "ra": 278.9514382,
            "dec": 22.4625441,
            "fid": 2,
            "nid": 1778,
            "magpsf": 18.85894012451172,
            "sigmapsf": 0.10216300189495087,
            "magnr": 21.093000411987305,
            "sigmagnr": 0.12999999523162842,
            "magzpsci": 26.175939559936523,
            "isdiffpos": "t",
            "ssdistnr": -999.0,
            "ssnamenr": "null",
            "drb": null
        },
        {
            "candid": 1786130380615015010,
            "jd": 2459540.6303819,
            "ra": 278.9514516,
            "dec": 22.4624792,
            "fid": 2,
            "nid": 1786,
            "magpsf": 18.885900497436523,
            "sigmapsf": 0.24687199294567108,
            "magnr": 21.041000366210938,
            "sigmagnr": 0.1289999932050705,
            "magzpsci": 26.218900680541992,
            "isdiffpos": "t",
            "ssdistnr": null,
            "ssnamenr": null,
            "drb": null
        },
        {
            "candid": 1788103690615015013,
            "jd": 2459542.6036921,
            "ra": 278.9514576,
            "dec": 22.4625854,
            "fid": 1,
            "nid": 1788,
            "magpsf": 20.01279067993164,
            "sigmapsf": 0.19884799420833588,
            "magnr": 21.190000534057617,
            "sigmagnr": 0.11900000274181366,
            "magzpsci": 26.221790313720703,
            "isdiffpos": "t",
            "ssdistnr": -999.0,
            "ssnamenr": "null",
            "drb": null
        },
        {
            "jd": 2459450.7278241,
            "fid": 1,
            "diffmaglim": 19.5231990814209
        },
        {
            "jd": 2459450.7457755,
            "fid": 1,
            "diffmaglim": 19.399900436401367
        },
        {
            "jd": 2459450.7788889,
            "fid": 2,
            "diffmaglim": 19.3617000579834
        },
        {
            "jd": 2459450.7899421,
            "fid": 2,
            "diffmaglim": 19.25480079650879
        },
        {
            "jd": 2459452.7259606,
            "fid": 2,
            "diffmaglim": 20.472000122070312
        },
        {
            "jd": 2459452.7268981,
            "fid": 2,
            "diffmaglim": 20.54759979248047
        },
        {
            "jd": 2459452.7894792,
            "fid": 1,
            "diffmaglim": 20.082799911499023
        },
        {
            "jd": 2459452.7904282,
            "fid": 1,
            "diffmaglim": 20.01799964904785
        },
        {
            "jd": 2459454.7118403,
            "fid": 1,
            "diffmaglim": 20.728599548339844
        },
        {
            "jd": 2459454.7257292,
            "fid": 1,
            "diffmaglim": 20.775999069213867
        },
        {
            "jd": 2459454.7790394,
            "fid": 2,
            "diffmaglim": 20.250499725341797
        },
        {
            "jd": 2459454.7795139,
            "fid": 2,
            "diffmaglim": 20.34749984741211
        },
        {
            "jd": 2459458.6714583,
            "fid": 1,
            "diffmaglim": 20.907800674438477
        },
        {
            "jd": 2459458.7130556,
            "fid": 2,
            "diffmaglim": 20.79010009765625
        },
        {
            "jd": 2459458.7246181,
            "fid": 2,
            "diffmaglim": 20.674999237060547
        },
        {
            "jd": 2459458.7575,
            "fid": 1,
            "diffmaglim": 20.65369987487793
        },
        {
            "jd": 2459460.7151505,
            "fid": 2,
            "diffmaglim": 20.4960994720459
        },
        {
            "jd": 2459460.715625,
            "fid": 2,
            "diffmaglim": 20.712600708007812
        },
        {
            "jd": 2459460.7544792,
            "fid": 1,
            "diffmaglim": 20.802000045776367
        },
        {
            "jd": 2459460.7554167,
            "fid": 1,
            "diffmaglim": 20.63520050048828
        },
        {
            "jd": 2459462.7142245,
            "fid": 2,
            "diffmaglim": 20.698200225830078
        },
        {
            "jd": 2459462.7146875,
            "fid": 2,
            "diffmaglim": 20.607799530029297
        },
        {
            "jd": 2459462.757581,
            "fid": 1,
            "diffmaglim": 20.420499801635742
        },
        {
            "jd": 2459462.7700579,
            "fid": 1,
            "diffmaglim": 20.36009979248047
        },
        {
            "jd": 2459464.6738889,
            "fid": 1,
            "diffmaglim": 20.79360008239746
        },
        {
            "jd": 2459464.6776505,
            "fid": 1,
            "diffmaglim": 20.603700637817383
        },
        {
            "jd": 2459464.7148611,
            "fid": 2,
            "diffmaglim": 20.64550018310547
        },
        {
            "jd": 2459464.8088194,
            "fid": 2,
            "diffmaglim": 20.032699584960938
        },
        {
            "jd": 2459466.6801389,
            "fid": 2,
            "diffmaglim": 20.712200164794922
        },
        {
            "jd": 2459466.6810764,
            "fid": 2,
            "diffmaglim": 20.894100189208984
        },
        {
            "jd": 2459466.8041088,
            "fid": 1,
            "diffmaglim": 20.070899963378906
        },
        {
            "jd": 2459466.8238657,
            "fid": 1,
            "diffmaglim": 19.958200454711914
        },
        {
            "jd": 2459468.6749769,
            "fid": 1,
            "diffmaglim": 20.710800170898438
        },
        {
            "jd": 2459468.6950347,
            "fid": 1,
            "diffmaglim": 20.753400802612305
        },
        {
            "jd": 2459468.7457755,
            "fid": 2,
            "diffmaglim": 20.587299346923828
        },
        {
            "jd": 2459468.7462384,
            "fid": 2,
            "diffmaglim": 20.422399520874023
        },
        {
            "jd": 2459470.6841319,
            "fid": 2,
            "diffmaglim": 20.61359977722168
        },
        {
            "jd": 2459470.6850694,
            "fid": 2,
            "diffmaglim": 20.72640037536621
        },
        {
            "jd": 2459470.725706,
            "fid": 1,
            "diffmaglim": 20.44339942932129
        },
        {
            "jd": 2459470.7377894,
            "fid": 1,
            "diffmaglim": 20.566200256347656
        },
        {
            "jd": 2459473.6670718,
            "fid": 2,
            "diffmaglim": 20.35759925842285
        },
        {
            "jd": 2459473.7895486,
            "fid": 1,
            "diffmaglim": 19.61359977722168
        },
        {
            "jd": 2459476.6723843,
            "fid": 2,
            "diffmaglim": 19.871200561523438
        },
        {
            "jd": 2459476.6728588,
            "fid": 2,
            "diffmaglim": 19.954599380493164
        },
        {
            "jd": 2459476.722581,
            "fid": 1,
            "diffmaglim": 19.26889991760254
        },
        {
            "jd": 2459476.7240278,
            "fid": 1,
            "diffmaglim": 19.386499404907227
        },
        {
            "jd": 2459478.6366204,
            "fid": 1,
            "diffmaglim": 19.60420036315918
        },
        {
            "jd": 2459478.6658912,
            "fid": 1,
            "diffmaglim": 19.543699264526367
        },
        {
            "jd": 2459510.6953472,
            "fid": 1,
            "diffmaglim": 19.165199279785156
        },
        {
            "jd": 2459510.6967708,
            "fid": 1,
            "diffmaglim": 18.8169002532959
        },
        {
            "jd": 2459512.7046875,
            "fid": 1,
            "diffmaglim": 19.46540069580078
        },
        {
            "jd": 2459523.6018056,
            "fid": 2,
            "diffmaglim": 20.656400680541992
        },
        {
            "jd": 2459537.6184491,
            "fid": 1,
            "diffmaglim": 16.95490074157715
        },
        {
            "jd": 2459537.6416435,
            "fid": 2,
            "diffmaglim": 16.88960075378418
        },
        {
            "jd": 2459540.611794,
            "fid": 1,
            "diffmaglim": 18.939699172973633
        }
    ],
    "forcedphot": []
}