{
    "objectId": "ZTF20adaduxg",
    "candidates": [
        {
            "candid": 1462255624815015006,
            "jd": 2459216.755625,
            "ra": 79.2739736,
            "dec": -6.6571151,
            "fid": 1,
            "nid": 1462,
            "magpsf": 18.82080078125,
            "sigmapsf": 0.13579100370407104,
            "magnr": 19.02400016784668,
            "sigmagnr": 0.07800000160932541,
            "magzpsci": 26.162799835205078,
            "isdiffpos": "t",
            "ssdistnr": -999.0,
            "ssnamenr": "null",
            "drb": 0.9999989867210388
        },
        {
            "candid": 1462257496115015006,
            "jd": 2459216.7575,
            "ra": 79.2738983,
            "dec": -6.6570635,
            "fid": 1,
            "nid": 1462,
            "magpsf": 18.7367000579834,
            "sigmapsf": 0.10091400146484375,
            "magnr": 19.055999755859375,
            "sigmagnr": 0.07699999958276749,
            "magzpsci": 26.15369987487793,
            "isdiffpos": "t",
            "ssdistnr": -999.0,
            "ssnamenr": "null",
            "drb": 1.0
        },
        {
            "candid": 1462274494815015011,
            "jd": 2459216.7744907,
            "ra": 79.2739253,
            "dec": -6.6570568,
            "fid": 2,
            "nid": 1462,
            "magpsf": 18.72010040283203,
            "sigmapsf": 0.09395500272512436,
            "magnr": 18.625,
            "sigmagnr": 0.10999999940395355,
            "magzpsci": 26.065099716186523,
            "isdiffpos": "t",
            "ssdistnr": -999.0,
            "ssnamenr": "null",
            "drb": 0.9999989867210388
        },
        {
            "candid": 1462305326115015023,
            "jd": 2459216.8053241,
            "ra": 79.2739779,
            "dec": -6.6570594,
            "fid": 2,
            "nid": 1462,
            "magpsf": 18.757600784301758,
            "sigmapsf": 0.09306400269269943,
            "magnr": 18.638999938964844,
            "sigmagnr": 0.08299999684095383,
            "magzpsci": 26.0585994720459,
            "isdiffpos": "t",
            "ssdistnr": -999.0,
            "ssnamenr": "null",
            "drb": 1.0
        },
        {
            "candid": 1464231894815015009,
            "jd": 2459218.7318981,
            "ra": 79.2739357,
            "dec": -6.6570314,
            "fid": 1,
            "nid": 1464,
            "magpsf": 18.971099853515625,
            "sigmapsf": 0.12103100121021271,
            "magnr": 19.02400016784668,
            "sigmagnr": 0.07800000160932541,
            "magzpsci": 26.158100128173828,
            "isdiffpos": "t",
            "ssdistnr": -999.0,
            "ssnamenr": "null",
            "drb": 0.9999989867210388
        },
        {
            "candid": 1464275196115015011,
            "jd": 2459218.7751968,
            "ra": 79.2739534,
            "dec": -6.6570341,
            "fid": 2,
            "nid": 1464,
            "magpsf": 18.671600341796875,
            "sigmapsf": 0.08373600244522095,
            "magnr": 18.638999938964844,
            "sigmagnr": 0.08299999684095383,
            "magzpsci": 26.06559944152832,
            "isdiffpos": "t",
            "ssdistnr": -999.0,
            "ssnamenr": "null",
            "drb": 0.9999989867210388
        },
        {
            "candid": 1464279454815015008,
            "jd": 2459218.779456,
            "ra": 79.2739196,
            "dec": -6.6570577,
            "fid": 2,
            "nid": 1464,
            "magpsf": 18.757600784301758,
            "sigmapsf": 0.09586399793624878,
            "magnr": 18.625,
            "sigmagnr": 0.10999999940395355,
            "magzpsci": 26.10759925842285,
            "isdiffpos": "t",
            "ssdistnr": -999.0,
            "ssnamenr": "null",
            "drb": 1.0
        },
        {
            "candid": 1464347046115015025,
            "jd": 2459218.8470486,
            "ra": 79.2739489,
            "dec": -6.6569899,
            "fid": 1,
            "nid": 1464,
            "magpsf": 18.891000747680664,
            "sigmapsf": 0.1295810043811798,
            "magnr": 19.055999755859375,
            "sigmagnr": 0.07699999958276749,
            "magzpsci": 26.093000411987305,
            "isdiffpos": "t",
            "ssdistnr": -999.0,
            "ssnamenr": "null",
            "drb": 0.9999880194664001
        },
        {
            "candid": 1466253134815015008,
            "jd": 2459220.7531366,
            "ra": 79.2738602,
            "dec": -6.6570228,
            "fid": 1,
            "nid": 1466,
            "magpsf": 18.85930061340332,
            "sigmapsf": 0.12724000215530396,
            "magnr": 19.02400016784668,
            "sigmagnr": 0.07800000160932541,
            "magzpsci": 26.123300552368164,
            "isdiffpos": "t",
            "ssdistnr": -999.0,
            "ssnamenr": "null",
            "drb": 0.9977499842643738
        },
        {
            "candid": 1466255486115015027,
            "jd": 2459220.7554861,
            "ra": 79.2739621,
            "dec": -6.6570346,
            "fid": 1,
            "nid": 1466,
            "magpsf": 18.9197998046875,
            "sigmapsf": 0.10122399777173996,
            "magnr": 19.055999755859375,
            "sigmagnr": 0.07699999958276749,
            "magzpsci": 26.13680076599121,
            "isdiffpos": "t",
            "ssdistnr": -999.0,
            "ssnamenr": "null",
            "drb": 0.9999979734420776
        },
        {
            "candid": 1466275836115015010,
            "jd": 2459220.7758333,
            "ra": 79.2739372,
            "dec": -6.6570285,
            "fid": 2,
            "nid": 1466,
            "magpsf": 18.75079917907715,
            "sigmapsf": 0.12887099385261536,
            "magnr": 18.638999938964844,
            "sigmagnr": 0.08299999684095383,
            "magzpsci": 26.0447998046875,
            "isdiffpos": "t",
            "ssdistnr": -999.0,
            "ssnamenr": "null",
            "drb": 0.9999920129776001
        },
        {
            "candid": 1468231444815015014,
            "jd": 2459222.7314468,
            "ra": 79.2739185,
            "dec": -6.6570848,
            "fid": 2,
            "nid": 1468,
            "magpsf": 18.724899291992188,
            "sigmapsf": 0.09448999911546707,
            "magnr": 18.625,
            "sigmagnr": 0.10999999940395355,
            "magzpsci": 26.08289909362793,
            "isdiffpos": "t",
            "ssdistnr": -999.0,
            "ssnamenr": "null",
            "drb": 0.999813973903656
        },
        {
            "candid": 1468256126115015022,
            "jd": 2459222.7561227,
            "ra": 79.2739421,
            "dec": -6.6570336,
            "fid": 2,
            "nid": 1468,
            "magpsf": 18.81130027770996,
            "sigmapsf": 0.08981499820947647,
            "magnr": 18.638999938964844,
            "sigmagnr": 0.08299999684095383,
            "magzpsci": 26.07430076599121,
            "isdiffpos": "t",
            "ssdistnr": -999.0,
            "ssnamenr": "null",
            "drb": 0.9999989867210388
        },
        {
            "candid": 1468273776115015037,
            "jd": 2459222.7737731,
            "ra": 79.2739973,
            "dec": -6.6570256,
            "fid": 1,
            "nid": 1468,
            "magpsf": 18.834800720214844,
            "sigmapsf": 0.0797019973397255,
            "magnr": 19.055999755859375,
            "sigmagnr": 0.07699999958276749,
            "magzpsci": 26.14080047607422,
            "isdiffpos": "t",
            "ssdistnr": -999.0,
            "ssnamenr": "null",
            "drb": 0.9999970197677612
        },
        {
            "candid": 1468278464815015015,
            "jd": 2459222.7784606,
            "ra": 79.2739258,
            "dec": -6.6570343,
            "fid": 1,
            "nid": 1468,
            "magpsf": 19.017099380493164,
            "sigmapsf": 0.12877100706100464,
            "magnr": 19.02400016784668,
            "sigmagnr": 0.07800000160932541,
            "magzpsci": 26.148099899291992,
            "isdiffpos": "t",
            "ssdistnr": -999.0,
            "ssnamenr": "null",
            "drb": 1.0
        },
        {
            "candid": 1470205026115015017,
            "jd": 2459224.7050231,
            "ra": 79.274032,
            "dec": -6.6571095,
            "fid": 1,
            "nid": 1470,
            "magpsf": 18.758399963378906,
            "sigmapsf": 0.14210499823093414,
            "magnr": 19.055999755859375,
            "sigmagnr": 0.07699999958276749,
            "magzpsci": 26.13640022277832,
            "isdiffpos": "t",
            "ssdistnr": -999.0,
            "ssnamenr": "null",
            "drb": 0.9976180195808411
        },
        {
            "candid": 1470205964815015013,
            "jd": 2459224.7059606,
            "ra": 79.2738308,
            "dec": -6.6571195,
            "fid": 1,
            "nid": 1470,
            "magpsf": 18.931299209594727,
            "sigmapsf": 0.15683700144290924,
            "magnr": 19.02400016784668,
            "sigmagnr": 0.07800000160932541,
            "magzpsci": 26.147300720214844,
            "isdiffpos": "t",
            "ssdistnr": -999.0,
            "ssnamenr": "null",
            "drb": 0.9997289776802063
        },
        {
            "candid": 1470231354815015010,
            "jd": 2459224.7313542,
            "ra": 79.2739587,
            "dec": -6.6570571,
            "fid": 2,
            "nid": 1470,
            "magpsf": 18.7012996673584,
            "sigmapsf": 0.09821400046348572,
            "magnr": 18.625,
            "sigmagnr": 0.10999999940395355,
            "magzpsci": 26.09429931640625,
            "isdiffpos": "t",
            "ssdistnr": -999.0,
            "ssnamenr": "null",
            "drb": 0.9999579787254333
        },
        {
            "candid": 1470234626115015005,
            "jd": 2459224.7346296,
            "ra": 79.2739244,
            "dec": -6.6570006,
            "fid": 2,
            "nid": 1470,
            "magpsf": 18.8085994720459,
            "sigmapsf": 0.096219003200531,
            "magnr": 18.638999938964844,
            "sigmagnr": 0.08299999684095383,
            "magzpsci": 26.066600799560547,
            "isdiffpos": "t",
            "ssdistnr": -999.0,
            "ssnamenr": "null",
            "drb": 0.9999979734420776
        },
        {
            "candid": 1472232074815015013,
            "jd": 2459226.7320718,
            "ra": 79.2739654,
            "dec": -6.6570502,
            "fid": 2,
            "nid": 1472,
            "magpsf": 18.671100616455078,
            "sigmapsf": 0.11754799634218216,
            "magnr": 18.625,
            "sigmagnr": 0.10999999940395355,
            "magzpsci": 26.07309913635254,
            "isdiffpos": "t",
            "ssdistnr": -999.0,
            "ssnamenr": "null",
            "drb": 0.9999939799308777
        },
        {
            "candid": 1472255556115015010,
            "jd": 2459226.7555556,
            "ra": 79.2739208,
            "dec": -6.6570525,
            "fid": 2,
            "nid": 1472,
            "magpsf": 18.7091007232666,
            "sigmapsf": 0.10870800167322159,
            "magnr": 18.638999938964844,
            "sigmagnr": 0.08299999684095383,
            "magzpsci": 26.023099899291992,
            "isdiffpos": "t",
            "ssdistnr": -999.0,
            "ssnamenr": "null",
            "drb": 1.0
        },
        {
            "candid": 1472353356115015029,
            "jd": 2459226.8533565,
            "ra": 79.2738919,
            "dec": -6.6570533,
            "fid": 1,
            "nid": 1472,
            "magpsf": 19.002700805664062,
            "sigmapsf": 0.21028399467468262,
            "magnr": 19.055999755859375,
            "sigmagnr": 0.07699999958276749,
            "magzpsci": 26.02669906616211,
            "isdiffpos": "t",
            "ssdistnr": -999.0,
            "ssnamenr": "-999.0",
            "drb": null
        },
        {
            "candid": 1472354284815015013,
            "jd": 2459226.8542824,
            "ra": 79.2737485,
            "dec": -6.6571104,
            "fid": 1,
            "nid": 1472,
            "magpsf": 18.91390037536621,
            "sigmapsf": 0.18975600600242615,
            "magnr": 19.02400016784668,
            "sigmagnr": 0.07800000160932541,
            "magzpsci": 25.97089958190918,
            "isdiffpos": "t",
            "ssdistnr": -999.0,
            "ssnamenr": "null",
            "drb": 0.9968100190162659
        },
        {
            "candid": 1474191384815015012,
            "jd": 2459228.6913889,
            "ra": 79.2739075,
            "dec": -6.6570342,
            "fid": 1,
            "nid": 1474,
            "magpsf": 19.037900924682617,
            "sigmapsf": 0.12114600092172623,
            "magnr": 19.02400016784668,
            "sigmagnr": 0.07800000160932541,
            "magzpsci": 25.936899185180664,
            "isdiffpos": "t",
            "ssdistnr": -999.0,
            "ssnamenr": "null",
            "drb": 0.999987006187439
        },
        {
            "candid": 1474229314815015012,
            "jd": 2459228.7293171,
            "ra": 79.2739601,
            "dec": -6.6570357,
            "fid": 2,
            "nid": 1474,
            "magpsf": 18.70549964904785,
            "sigmapsf": 0.12457700073719025,
            "magnr": 18.625,
            "sigmagnr": 0.10999999940395355,
            "magzpsci": 26.06049919128418,
            "isdiffpos": "t",
            "ssdistnr": -999.0,
            "ssnamenr": "null",
            "drb": 0.9999799728393555
        },
        {
            "candid": 1474231236115015014,
            "jd": 2459228.7312384,
            "ra": 79.2739676,
            "dec": -6.6570453,
            "fid": 2,
            "nid": 1474,
            "magpsf": 18.70210075378418,
            "sigmapsf": 0.10138999670743942,
            "magnr": 18.638999938964844,
            "sigmagnr": 0.08299999684095383,
            "magzpsci": 25.98110008239746,
            "isdiffpos": "t",
            "ssdistnr": -999.0,
            "ssnamenr": "null",
            "drb": 0.9999989867210388
        },
        {
            "candid": 1474308366115015011,
            "jd": 2459228.8083681,
            "ra": 79.273962,
            "dec": -6.6571075,
            "fid": 1,
            "nid": 1474,
            "magpsf": 19.01689910888672,
            "sigmapsf": 0.08639100193977356,
            "magnr": 19.055999755859375,
            "sigmagnr": 0.07699999958276749,
            "magzpsci": 26.14189910888672,
            "isdiffpos": "t",
            "ssdistnr": -999.0,
            "ssnamenr": "null",
            "drb": 0.9999979734420776
        },
        {
            "candid": 1476207174815015019,
            "jd": 2459230.7071759,
            "ra": 79.2738881,
            "dec": -6.6570581,
            "fid": 1,
            "nid": 1476,
            "magpsf": 19.15180015563965,
            "sigmapsf": 0.15749099850654602,
            "magnr": 19.02400016784668,
            "sigmagnr": 0.07800000160932541,
            "magzpsci": 26.154800415039062,
            "isdiffpos": "t",
            "ssdistnr": -999.0,
            "ssnamenr": "null",
            "drb": 1.0
        },
        {
            "candid": 1476213294815015012,
            "jd": 2459230.7132986,
            "ra": 79.2739431,
            "dec": -6.6570319,
            "fid": 2,
            "nid": 1476,
            "magpsf": 18.705400466918945,
            "sigmapsf": 0.09622800350189209,
            "magnr": 18.625,
            "sigmagnr": 0.10999999940395355,
            "magzpsci": 26.09040069580078,
            "isdiffpos": "t",
            "ssdistnr": -999.0,
            "ssnamenr": "null",
            "drb": 1.0
        },
        {
            "candid": 1476249656115015018,
            "jd": 2459230.7496528,
            "ra": 79.2739483,
            "dec": -6.6570447,
            "fid": 2,
            "nid": 1476,
            "magpsf": 18.68899917602539,
            "sigmapsf": 0.08883500099182129,
            "magnr": 18.638999938964844,
            "sigmagnr": 0.08299999684095383,
            "magzpsci": 26.069000244140625,
            "isdiffpos": "t",
            "ssdistnr": -999.0,
            "ssnamenr": "null",
            "drb": 0.9999989867210388
        },
        {
            "candid": 1476296466115015015,
            "jd": 2459230.7964699,
            "ra": 79.2739731,
            "dec": -6.6571215,
            "fid": 1,
            "nid": 1476,
            "magpsf": 19.000099182128906,
            "sigmapsf": 0.11144699901342392,
            "magnr": 19.055999755859375,
            "sigmagnr": 0.07699999958276749,
            "magzpsci": 26.149099349975586,
            "isdiffpos": "t",
            "ssdistnr": -999.0,
            "ssnamenr": "null",
            "drb": 0.9999610185623169
        },
        {
            "candid": 1478213404815015018,
            "jd": 2459232.7134028,
            "ra": 79.2739619,
            "dec": -6.657036,
            "fid": 1,
            "nid": 1478,
            "magpsf": 19.034000396728516,
            "sigmapsf": 0.10873100161552429,
            "magnr": 19.02400016784668,
            "sigmagnr": 0.07800000160932541,
            "magzpsci": 26.164899826049805,
            "isdiffpos": "t",
            "ssdistnr": -999.0,
            "ssnamenr": "null",
            "drb": 1.0
        },
        {
            "candid": 1478370566115015011,
            "jd": 2459232.8705671,
            "ra": 79.273915,
            "dec": -6.6570841,
            "fid": 1,
            "nid": 1478,
            "magpsf": 19.126399993896484,
            "sigmapsf": 0.13491900265216827,
            "magnr": 19.055999755859375,
            "sigmagnr": 0.07699999958276749,
            "magzpsci": 25.955400466918945,
            "isdiffpos": "t",
            "ssdistnr": -999.0,
            "ssnamenr": "null",
            "drb": 0.9999759793281555
        },
        {
            "candid": 1494168556115015015,
            "jd": 2459248.6685532,
            "ra": 79.2739587,
            "dec": -6.6570503,
            "fid": 2,
            "nid": 1494,
            "magpsf": 18.73310089111328,
            "sigmapsf": 0.08330599963665009,
            "magnr": 18.638999938964844,
            "sigmagnr": 0.08299999684095383,
            "magzpsci": 26.059099197387695,
            "isdiffpos": "t",
            "ssdistnr": -999.0,
            "ssnamenr": "null",
            "drb": 0.9999989867210388
        },
        {
            "candid": 1494210686115015024,
            "jd": 2459248.7106829,
            "ra": 79.2739752,
            "dec": -6.6570704,
            "fid": 1,
            "nid": 1494,
            "magpsf": 19.382400512695312,
            "sigmapsf": 0.1261650025844574,
            "magnr": 19.055999755859375,
            "sigmagnr": 0.07699999958276749,
            "magzpsci": 26.16939926147461,
            "isdiffpos": "t",
            "ssdistnr": -999.0,
            "ssnamenr": "null",
            "drb": 0.9999949932098389
        },
        {
            "candid": 1496190646115015030,
            "jd": 2459250.6906481,
            "ra": 79.2739451,
            "dec": -6.6570701,
            "fid": 1,
            "nid": 1496,
            "magpsf": 19.4148006439209,
            "sigmapsf": 0.15197600424289703,
            "magnr": 19.055999755859375,
            "sigmagnr": 0.07699999958276749,
            "magzpsci": 26.139799118041992,
            "isdiffpos": "t",
            "ssdistnr": -999.0,
            "ssnamenr": "null",
            "drb": 0.9981499910354614
        },
        {
            "candid": 1496211236115015011,
            "jd": 2459250.7112384,
            "ra": 79.2739344,
            "dec": -6.6569646,
            "fid": 2,
            "nid": 1496,
            "magpsf": 18.758100509643555,
            "sigmapsf": 0.11899299919605255,
            "magnr": 18.638999938964844,
            "sigmagnr": 0.08299999684095383,
            "magzpsci": 26.0580997467041,
            "isdiffpos": "t",
            "ssdistnr": -999.0,
            "ssnamenr": "null",
            "drb": 0.9999420046806335
        },
        {
            "candid": 1497169974815015022,
            "jd": 2459251.6699769,
            "ra": 79.2739608,
            "dec": -6.6570567,
            "fid": 2,
            "nid": 1497,
            "magpsf": 18.839000701904297,
            "sigmapsf": 0.12247899919748306,
            "magnr": 18.625,
            "sigmagnr": 0.10999999940395355,
            "magzpsci": 26.07900047302246,
            "isdiffpos": "t",
            "ssdistnr": -999.0,
            "ssnamenr": "null",
            "drb": 1.0
        },
        {
            "candid": 1498167486115015013,
            "jd": 2459252.6674884,
            "ra": 79.2739671,
            "dec": -6.6570375,
            "fid": 2,
            "nid": 1498,
            "magpsf": 18.744699478149414,
            "sigmapsf": 0.0786999985575676,
            "magnr": 18.638999938964844,
            "sigmagnr": 0.08299999684095383,
            "magzpsci": 26.05769920349121,
            "isdiffpos": "t",
            "ssdistnr": -999.0,
            "ssnamenr": "null",
            "drb": 1.0
        },
        {
            "candid": 1498231636115015015,
            "jd": 2459252.7316319,
            "ra": 79.2739467,
            "dec": -6.6570871,
            "fid": 1,
            "nid": 1498,
            "magpsf": 19.59280014038086,
            "sigmapsf": 0.15408700704574585,
            "magnr": 19.055999755859375,
            "sigmagnr": 0.07699999958276749,
            "magzpsci": 26.144800186157227,
            "isdiffpos": "t",
            "ssdistnr": -999.0,
            "ssnamenr": "null",
            "drb": 0.9999979734420776
        },
        {
            "candid": 1499165424815015008,
            "jd": 2459253.6654282,
            "ra": 79.2739479,
            "dec": -6.6570416,
            "fid": 2,
            "nid": 1499,
            "magpsf": 18.918699264526367,
            "sigmapsf": 0.11826100200414658,
            "magnr": 18.625,
            "sigmagnr": 0.10999999940395355,
            "magzpsci": 25.834699630737305,
            "isdiffpos": "t",
            "ssdistnr": -999.0,
            "ssnamenr": "null",
            "drb": 0.9999989867210388
        },
        {
            "candid": 1499170164815015033,
            "jd": 2459253.670162,
            "ra": 79.2739161,
            "dec": -6.6570281,
            "fid": 1,
            "nid": 1499,
            "magpsf": 19.52549934387207,
            "sigmapsf": 0.164342999458313,
            "magnr": 19.02400016784668,
            "sigmagnr": 0.07800000160932541,
            "magzpsci": 26.054500579833984,
            "isdiffpos": "t",
            "ssdistnr": -999.0,
            "ssnamenr": "null",
            "drb": 1.0
        },
        {
            "candid": 1500199696115015009,
            "jd": 2459254.6996991,
            "ra": 79.2739401,
            "dec": -6.65704,
            "fid": 2,
            "nid": 1500,
            "magpsf": 18.80419921875,
            "sigmapsf": 0.10396499931812286,
            "magnr": 18.638999938964844,
            "sigmagnr": 0.08299999684095383,
            "magzpsci": 26.000200271606445,
            "isdiffpos": "t",
            "ssdistnr": -999.0,
            "ssnamenr": "null",
            "drb": 0.9999989867210388
        },
        {
            "candid": 1500210166115015031,
            "jd": 2459254.710162,
            "ra": 79.2739577,
            "dec": -6.6570775,
            "fid": 1,
            "nid": 1500,
            "magpsf": 19.497800827026367,
            "sigmapsf": 0.12716199457645416,
            "magnr": 19.055999755859375,
            "sigmagnr": 0.07699999958276749,
            "magzpsci": 26.049800872802734,
            "isdiffpos": "t",
            "ssdistnr": -999.0,
            "ssnamenr": "null",
            "drb": 0.9999930262565613
        },
        {
            "candid": 1501170194815015014,
            "jd": 2459255.6701968,
            "ra": 79.2739008,
            "dec": -6.6571131,
            "fid": 1,
            "nid": 1501,
            "magpsf": 19.599000930786133,
            "sigmapsf": 0.21144099533557892,
            "magnr": 19.02400016784668,
            "sigmagnr": 0.07800000160932541,
            "magzpsci": 26.14299964904785,
            "isdiffpos": "t",
            "ssdistnr": null,
            "ssnamenr": null,
            "drb": null
        },
        {
            "candid": 1501257924815015005,
            "jd": 2459255.7579282,
            "ra": 79.2738936,
            "dec": -6.6570747,
            "fid": 2,
            "nid": 1501,
            "magpsf": 18.860599517822266,
            "sigmapsf": 0.11426600068807602,
            "magnr": 18.625,
            "sigmagnr": 0.10999999940395355,
            "magzpsci": 26.027599334716797,
            "isdiffpos": "t",
            "ssdistnr": null,
            "ssnamenr": null,
            "drb": null
        },
        {
            "candid": 1502254826115015012,
            "jd": 2459256.7548264,
            "ra": 79.2739551,
            "dec": -6.6570404,
            "fid": 1,
            "nid": 1502,
            "magpsf": 19.51140022277832,
            "sigmapsf": 0.137705996632576,
            "magnr": 19.055999755859375,
            "sigmagnr": 0.07699999958276749,
            "magzpsci": 26.034400939941406,
            "isdiffpos": "t",
            "ssdistnr": null,
            "ssnamenr": null,
            "drb": null
        },
        {
            "candid": 1503149784815015017,
            "jd": 2459257.6497801,
            "ra": 79.273918,
            "dec": -6.6570727,
            "fid": 1,
            "nid": 1503,
            "magpsf": 19.621400833129883,
            "sigmapsf": 0.1760990023612976,
            "magnr": 19.02400016784668,
            "sigmagnr": 0.07800000160932541,
            "magzpsci": 26.13640022277832,
            "isdiffpos": "t",
            "ssdistnr": null,
            "ssnamenr": null,
            "drb": null
        },
        {
            "candid": 1503241154815015009,
            "jd": 2459257.7411574,
            "ra": 79.2739203,
            "dec": -6.6570598,
            "fid": 2,
            "nid": 1503,
            "magpsf": 18.784900665283203,
            "sigmapsf": 0.08098199963569641,
            "magnr": 18.625,
            "sigmagnr": 0.10999999940395355,
            "magzpsci": 26.061899185180664,
            "isdiffpos": "t",
            "ssdistnr": null,
            "ssnamenr": null,
            "drb": null
        },
        {
            "candid": 1506186366115015017,
            "jd": 2459260.6863657,
            "ra": 79.2739528,
            "dec": -6.6570655,
            "fid": 1,
            "nid": 1506,
            "magpsf": 19.594900131225586,
            "sigmapsf": 0.1390479952096939,
            "magnr": 19.055999755859375,
            "sigmagnr": 0.07699999958276749,
            "magzpsci": 26.10890007019043,
            "isdiffpos": "t",
            "ssdistnr": null,
            "ssnamenr": null,
            "drb": 0.9999880194664001
        },
        {
            "candid": 1506212326115015014,
            "jd": 2459260.7123264,
            "ra": 79.2739552,
            "dec": -6.6570143,
            "fid": 2,
            "nid": 1506,
            "magpsf": 18.83880043029785,
            "sigmapsf": 0.15943500399589539,
            "magnr": 18.638999938964844,
            "sigmagnr": 0.08299999684095383,
            "magzpsci": 25.66080093383789,
            "isdiffpos": "t",
            "ssdistnr": null,
            "ssnamenr": null,
            "drb": 0.9999930262565613
        },
        {
            "candid": 1508145534815015016,
            "jd": 2459262.6455324,
            "ra": 79.2739225,
            "dec": -6.6570408,
            "fid": 2,
            "nid": 1508,
            "magpsf": 18.84709930419922,
            "sigmapsf": 0.10966499894857407,
            "magnr": 18.625,
            "sigmagnr": 0.10999999940395355,
            "magzpsci": 26.067100524902344,
            "isdiffpos": "t",
            "ssdistnr": null,
            "ssnamenr": null,
            "drb": 0.9999899864196777
        },
        {
            "candid": 1509166016115015022,
            "jd": 2459263.6660185,
            "ra": 79.2740722,
            "dec": -6.6570852,
            "fid": 1,
            "nid": 1509,
            "magpsf": 19.56439971923828,
            "sigmapsf": 0.23821300268173218,
            "magnr": 19.055999755859375,
            "sigmagnr": 0.07699999958276749,
            "magzpsci": 26.160400390625,
            "isdiffpos": "t",
            "ssdistnr": null,
            "ssnamenr": null,
            "drb": null
        },
        {
            "candid": 1509169876115015023,
            "jd": 2459263.6698727,
            "ra": 79.2739702,
            "dec": -6.6570813,
            "fid": 2,
            "nid": 1509,
            "magpsf": 18.771900177001953,
            "sigmapsf": 0.1269879937171936,
            "magnr": 18.638999938964844,
            "sigmagnr": 0.08299999684095383,
            "magzpsci": 26.0718994140625,
            "isdiffpos": "t",
            "ssdistnr": null,
            "ssnamenr": null,
            "drb": 0.9997779726982117
        },
        {
            "candid": 1510202264815015017,
            "jd": 2459264.7022685,
            "ra": 79.2739844,
            "dec": -6.6570638,
            "fid": 2,
            "nid": 1510,
            "magpsf": 18.875900268554688,
            "sigmapsf": 0.12070000171661377,
            "magnr": 18.625,
            "sigmagnr": 0.10999999940395355,
            "magzpsci": 26.099899291992188,
            "isdiffpos": "t",
            "ssdistnr": null,
            "ssnamenr": null,
            "drb": 1.0
        },
        {
            "candid": 1510250034815015021,
            "jd": 2459264.7500347,
            "ra": 79.273933,
            "dec": -6.6569724,
            "fid": 1,
            "nid": 1510,
            "magpsf": 19.673999786376953,
            "sigmapsf": 0.2579669952392578,
            "magnr": 19.02400016784668,
            "sigmagnr": 0.07800000160932541,
            "magzpsci": 26.09600067138672,
            "isdiffpos": "t",
            "ssdistnr": null,
            "ssnamenr": null,
            "drb": null
        },
        {
            "candid": 1511148256115015015,
            "jd": 2459265.6482523,
            "ra": 79.2739581,
            "dec": -6.6570937,
            "fid": 1,
            "nid": 1511,
            "magpsf": 19.643999099731445,
            "sigmapsf": 0.15316300094127655,
            "magnr": 19.055999755859375,
            "sigmagnr": 0.07699999958276749,
            "magzpsci": 26.16900062561035,
            "isdiffpos": "t",
            "ssdistnr": null,
            "ssnamenr": null,
            "drb": 0.9999729990959167
        },
        {
            "candid": 1511249796115015011,
            "jd": 2459265.7497917,
            "ra": 79.2738842,
            "dec": -6.6570777,
            "fid": 2,
            "nid": 1511,
            "magpsf": 18.89069938659668,
            "sigmapsf": 0.15488100051879883,
            "magnr": 18.638999938964844,
            "sigmagnr": 0.08299999684095383,
            "magzpsci": 26.036699295043945,
            "isdiffpos": "t",
            "ssdistnr": null,
            "ssnamenr": null,
            "drb": 0.9994909763336182
        },
        {
            "candid": 1512217194815015014,
            "jd": 2459266.7171991,
            "ra": 79.2739426,
            "dec": -6.6570423,
            "fid": 2,
            "nid": 1512,
            "magpsf": 18.79159927368164,
            "sigmapsf": 0.16651800274848938,
            "magnr": 18.625,
            "sigmagnr": 0.10999999940395355,
            "magzpsci": 26.074600219726562,
            "isdiffpos": "t",
            "ssdistnr": null,
            "ssnamenr": null,
            "drb": null
        },
        {
            "candid": 1513150176115015017,
            "jd": 2459267.6501736,
            "ra": 79.2739316,
            "dec": -6.6570916,
            "fid": 2,
            "nid": 1513,
            "magpsf": 18.81130027770996,
            "sigmapsf": 0.1387850046157837,
            "magnr": 18.638999938964844,
            "sigmagnr": 0.08299999684095383,
            "magzpsci": 26.07229995727539,
            "isdiffpos": "t",
            "ssdistnr": null,
            "ssnamenr": null,
            "drb": null
        },
        {
            "candid": 1513213996115015034,
            "jd": 2459267.7139931,
            "ra": 79.2740507,
            "dec": -6.6569306,
            "fid": 1,
            "nid": 1513,
            "magpsf": 19.465700149536133,
            "sigmapsf": 0.2578740119934082,
            "magnr": 19.055999755859375,
            "sigmagnr": 0.07699999958276749,
            "magzpsci": 26.10770034790039,
            "isdiffpos": "t",
            "ssdistnr": null,
            "ssnamenr": null,
            "drb": null
        },
        {
            "candid": 1514234244815015014,
            "jd": 2459268.7342477,
            "ra": 79.2738947,
            "dec": -6.6570882,
            "fid": 2,
            "nid": 1514,
            "magpsf": 18.792800903320312,
            "sigmapsf": 0.10407400131225586,
            "magnr": 18.625,
            "sigmagnr": 0.10999999940395355,
            "magzpsci": 26.076799392700195,
            "isdiffpos": "t",
            "ssdistnr": null,
            "ssnamenr": null,
            "drb": null
        },
        {
            "candid": 1515148596115015009,
            "jd": 2459269.6485995,
            "ra": 79.2739232,
            "dec": -6.6570217,
            "fid": 2,
            "nid": 1515,
            "magpsf": 18.906600952148438,
            "sigmapsf": 0.10394400358200073,
            "magnr": 18.638999938964844,
            "sigmagnr": 0.08299999684095383,
            "magzpsci": 26.077600479125977,
            "isdiffpos": "t",
            "ssdistnr": null,
            "ssnamenr": null,
            "drb": null
        },
        {
            "candid": 1516133784815015018,
            "jd": 2459270.6337847,
            "ra": 79.2739216,
            "dec": -6.657054,
            "fid": 2,
            "nid": 1516,
            "magpsf": 18.93160057067871,
            "sigmapsf": 0.1315300017595291,
            "magnr": 18.625,
            "sigmagnr": 0.10999999940395355,
            "magzpsci": 26.10260009765625,
            "isdiffpos": "t",
            "ssdistnr": null,
            "ssnamenr": null,
            "drb": null
        },
        {
            "candid": 1516191064815015024,
            "jd": 2459270.6910648,
            "ra": 79.2738811,
            "dec": -6.6570523,
            "fid": 1,
            "nid": 1516,
            "magpsf": 19.62809944152832,
            "sigmapsf": 0.2972089946269989,
            "magnr": 19.02400016784668,
            "sigmagnr": 0.07800000160932541,
            "magzpsci": 26.135099411010742,
            "isdiffpos": "t",
            "ssdistnr": null,
            "ssnamenr": null,
            "drb": null
        },
        {
            "candid": 1517148646115015011,
            "jd": 2459271.6486458,
            "ra": 79.273976,
            "dec": -6.6570255,
            "fid": 2,
            "nid": 1517,
            "magpsf": 18.963199615478516,
            "sigmapsf": 0.13244299590587616,
            "magnr": 18.638999938964844,
            "sigmagnr": 0.08299999684095383,
            "magzpsci": 26.060199737548828,
            "isdiffpos": "t",
            "ssdistnr": null,
            "ssnamenr": null,
            "drb": null
        },
        {
            "candid": 1518190984815015019,
            "jd": 2459272.6909838,
            "ra": 79.2739263,
            "dec": -6.6570825,
            "fid": 2,
            "nid": 1518,
            "magpsf": 18.904199600219727,
            "sigmapsf": 0.17737799882888794,
            "magnr": 18.625,
            "sigmagnr": 0.10999999940395355,
            "magzpsci": 26.063199996948242,
            "isdiffpos": "t",
            "ssdistnr": null,
            "ssnamenr": null,
            "drb": null
        },
        {
            "candid": 1519136556115015009,
            "jd": 2459273.6365509,
            "ra": 79.2739121,
            "dec": -6.6570086,
            "fid": 1,
            "nid": 1519,
            "magpsf": 19.381099700927734,
            "sigmapsf": 0.22178800404071808,
            "magnr": 19.055999755859375,
            "sigmagnr": 0.07699999958276749,
            "magzpsci": 26.07309913635254,
            "isdiffpos": "t",
            "ssdistnr": null,
            "ssnamenr": null,
            "drb": null
        },
        {
            "candid": 1519192696115015007,
            "jd": 2459273.6926968,
            "ra": 79.2739464,
            "dec": -6.656983,
            "fid": 2,
            "nid": 1519,
            "magpsf": 19.070899963378906,
            "sigmapsf": 0.20264899730682373,
            "magnr": 18.638999938964844,
            "sigmagnr": 0.08299999684095383,
            "magzpsci": 25.978900909423828,
            "isdiffpos": "t",
            "ssdistnr": null,
            "ssnamenr": null,
            "drb": null
        },
        {
            "candid": 1521137286115015022,
            "jd": 2459275.6372801,
            "ra": 79.2738997,
            "dec": -6.6570842,
            "fid": 1,
            "nid": 1521,
            "magpsf": 19.670299530029297,
            "sigmapsf": 0.20307199656963348,
            "magnr": 19.055999755859375,
            "sigmagnr": 0.07699999958276749,
            "magzpsci": 26.130300521850586,
            "isdiffpos": "t",
            "ssdistnr": null,
            "ssnamenr": null,
            "drb": null
        },
        {
            "candid": 1521236456115015016,
            "jd": 2459275.7364583,
            "ra": 79.273851,
            "dec": -6.656916,
            "fid": 2,
            "nid": 1521,
            "magpsf": 18.872900009155273,
            "sigmapsf": 0.19525699317455292,
            "magnr": 18.638999938964844,
            "sigmagnr": 0.08299999684095383,
            "magzpsci": 25.98590087890625,
            "isdiffpos": "t",
            "ssdistnr": null,
            "ssnamenr": null,
            "drb": null
        },
        {
            "candid": 1522149694815015014,
            "jd": 2459276.6496991,
            "ra": 79.2739213,
            "dec": -6.6570416,
            "fid": 2,
            "nid": 1522,
            "magpsf": 18.939239501953125,
            "sigmapsf": 0.1290459930896759,
            "magnr": 18.625,
            "sigmagnr": 0.10999999940395355,
            "magzpsci": 26.06524085998535,
            "isdiffpos": "t",
            "ssdistnr": -999.0,
            "ssnamenr": "null",
            "drb": null
        },
        {
            "candid": 1524191216115015033,
            "jd": 2459278.6912153,
            "ra": 79.2739115,
            "dec": -6.6569978,
            "fid": 1,
            "nid": 1524,
            "magpsf": 19.78860092163086,
            "sigmapsf": 0.26243001222610474,
            "magnr": 19.055999755859375,
            "sigmagnr": 0.07699999958276749,
            "magzpsci": 26.08060073852539,
            "isdiffpos": "t",
            "ssdistnr": null,
            "ssnamenr": null,
            "drb": null
        },
        {
            "candid": 1525139804815015008,
            "jd": 2459279.6398032,
            "ra": 79.2738804,
            "dec": -6.6569805,
            "fid": 2,
            "nid": 1525,
            "magpsf": 18.931499481201172,
            "sigmapsf": 0.12191600352525711,
            "magnr": 18.625,
            "sigmagnr": 0.10999999940395355,
            "magzpsci": 26.058500289916992,
            "isdiffpos": "t",
            "ssdistnr": null,
            "ssnamenr": null,
            "drb": null
        },
        {
            "candid": 1536175196115015012,
            "jd": 2459290.6751968,
            "ra": 79.2740133,
            "dec": -6.6571622,
            "fid": 1,
            "nid": 1536,
            "magpsf": 19.94300079345703,
            "sigmapsf": 0.21570900082588196,
            "magnr": 19.055999755859375,
            "sigmagnr": 0.07699999958276749,
            "magzpsci": 26.04400062561035,
            "isdiffpos": "t",
            "ssdistnr": null,
            "ssnamenr": null,
            "drb": null
        },
        {
            "candid": 1536176134815015013,
            "jd": 2459290.6761343,
            "ra": 79.2739457,
            "dec": -6.6570651,
            "fid": 1,
            "nid": 1536,
            "magpsf": 19.922199249267578,
            "sigmapsf": 0.21626299619674683,
            "magnr": 19.02400016784668,
            "sigmagnr": 0.07800000160932541,
            "magzpsci": 26.048200607299805,
            "isdiffpos": "t",
            "ssdistnr": null,
            "ssnamenr": null,
            "drb": null
        },
        {
            "candid": 1538145554815015016,
            "jd": 2459292.6455556,
            "ra": 79.273891,
            "dec": -6.6570114,
            "fid": 1,
            "nid": 1538,
            "magpsf": 19.964099884033203,
            "sigmapsf": 0.2566710114479065,
            "magnr": 19.02400016784668,
            "sigmagnr": 0.07800000160932541,
            "magzpsci": 26.063100814819336,
            "isdiffpos": "t",
            "ssdistnr": null,
            "ssnamenr": null,
            "drb": null
        },
        {
            "candid": 1539174566115015011,
            "jd": 2459293.6745602,
            "ra": 79.2739076,
            "dec": -6.6570926,
            "fid": 2,
            "nid": 1539,
            "magpsf": 18.899999618530273,
            "sigmapsf": 0.15690700709819794,
            "magnr": 18.638999938964844,
            "sigmagnr": 0.08299999684095383,
            "magzpsci": 26.006000518798828,
            "isdiffpos": "t",
            "ssdistnr": null,
            "ssnamenr": null,
            "drb": null
        },
        {
            "candid": 1542144874815015015,
            "jd": 2459296.6448727,
            "ra": 79.2739388,
            "dec": -6.6571388,
            "fid": 2,
            "nid": 1542,
            "magpsf": 18.822200775146484,
            "sigmapsf": 0.22936999797821045,
            "magnr": 18.625,
            "sigmagnr": 0.10999999940395355,
            "magzpsci": 25.99519920349121,
            "isdiffpos": "t",
            "ssdistnr": null,
            "ssnamenr": null,
            "drb": null
        },
        {
            "candid": 1542154166115015015,
            "jd": 2459296.6541667,
            "ra": 79.2741113,
            "dec": -6.6570701,
            "fid": 2,
            "nid": 1542,
            "magpsf": 19.008800506591797,
            "sigmapsf": 0.2095469981431961,
            "magnr": 18.638999938964844,
            "sigmagnr": 0.08299999684095383,
            "magzpsci": 25.964799880981445,
            "isdiffpos": "t",
            "ssdistnr": null,
            "ssnamenr": null,
            "drb": null
        },
        {
            "candid": 1544149676115015006,
            "jd": 2459298.6496759,
            "ra": 79.273814,
            "dec": -6.6570103,
            "fid": 2,
            "nid": 1544,
            "magpsf": 18.68600082397461,
            "sigmapsf": 0.1944900006055832,
            "magnr": 18.638999938964844,
            "sigmagnr": 0.08299999684095383,
            "magzpsci": 25.881999969482422,
            "isdiffpos": "t",
            "ssdistnr": null,
            "ssnamenr": null,
            "drb": null
        },
        {
            "candid": 1547153906115015016,
            "jd": 2459301.6539005,
            "ra": 79.2738261,
            "dec": -6.6571192,
            "fid": 2,
            "nid": 1547,
            "magpsf": 18.87221908569336,
            "sigmapsf": 0.1824840009212494,
            "magnr": 18.638999938964844,
            "sigmagnr": 0.08299999684095383,
            "magzpsci": 25.961219787597656,
            "isdiffpos": "t",
            "ssdistnr": -999.0,
            "ssnamenr": "null",
            "drb": null
        },
        {
            "jd": 2459187.86117,
            "fid": 1,
            "diffmaglim": 19.30500030517578
        },
        {
            "jd": 2459187.86163,
            "fid": 1,
            "diffmaglim": 19.256000518798828
        },
        {
            "jd": 2459187.90001,
            "fid": 2,
            "diffmaglim": 19.20800018310547
        },
        {
            "jd": 2459187.90469,
            "fid": 2,
            "diffmaglim": 19.086999893188477
        },
        {
            "jd": 2459189.8286,
            "fid": 2,
            "diffmaglim": 19.774999618530273
        },
        {
            "jd": 2459189.84984,
            "fid": 2,
            "diffmaglim": 19.750999450683594
        },
        {
            "jd": 2459192.79404,
            "fid": 1,
            "diffmaglim": 19.410999298095703
        },
        {
            "jd": 2459192.82892,
            "fid": 1,
            "diffmaglim": 19.466999053955078
        },
        {
            "jd": 2459192.97144,
            "fid": 2,
            "diffmaglim": 18.6560001373291
        },
        {
            "jd": 2459194.7937,
            "fid": 2,
            "diffmaglim": 19.947999954223633
        },
        {
            "jd": 2459194.8164,
            "fid": 1,
            "diffmaglim": 20.277999877929688
        },
        {
            "jd": 2459194.81688,
            "fid": 1,
            "diffmaglim": 20.250999450683594
        },
        {
            "jd": 2459196.7944,
            "fid": 2,
            "diffmaglim": 19.76799964904785
        },
        {
            "jd": 2459196.79957,
            "fid": 2,
            "diffmaglim": 19.6560001373291
        },
        {
            "jd": 2459196.82975,
            "fid": 1,
            "diffmaglim": 19.986000061035156
        },
        {
            "jd": 2459196.8505,
            "fid": 1,
            "diffmaglim": 19.948999404907227
        },
        {
            "jd": 2459198.75963,
            "fid": 2,
            "diffmaglim": 19.81599998474121
        },
        {
            "jd": 2459198.78752,
            "fid": 2,
            "diffmaglim": 19.844999313354492
        },
        {
            "jd": 2459198.81997,
            "fid": 1,
            "diffmaglim": 20.194000244140625
        },
        {
            "jd": 2459198.83949,
            "fid": 1,
            "diffmaglim": 20.150999069213867
        },
        {
            "jd": 2459200.79675,
            "fid": 1,
            "diffmaglim": 19.93000030517578
        },
        {
            "jd": 2459200.81733,
            "fid": 2,
            "diffmaglim": 18.951000213623047
        },
        {
            "jd": 2459200.82013,
            "fid": 2,
            "diffmaglim": 18.767000198364258
        },
        {
            "jd": 2459200.87123,
            "fid": 1,
            "diffmaglim": 19.527999877929688
        },
        {
            "jd": 2459203.73367,
            "fid": 2,
            "diffmaglim": 19.68899917602539
        },
        {
            "jd": 2459203.73413,
            "fid": 2,
            "diffmaglim": 19.86400032043457
        },
        {
            "jd": 2459203.79832,
            "fid": 1,
            "diffmaglim": 19.94499969482422
        },
        {
            "jd": 2459203.82769,
            "fid": 1,
            "diffmaglim": 20.016000747680664
        },
        {
            "jd": 2459205.70697,
            "fid": 2,
            "diffmaglim": 20.05500030517578
        },
        {
            "jd": 2459205.7413,
            "fid": 2,
            "diffmaglim": 19.95800018310547
        },
        {
            "jd": 2459205.77396,
            "fid": 1,
            "diffmaglim": 20.027000427246094
        },
        {
            "jd": 2459205.7749,
            "fid": 1,
            "diffmaglim": 20.108999252319336
        },
        {
            "jd": 2459207.79115,
            "fid": 2,
            "diffmaglim": 15.642999649047852
        },
        {
            "jd": 2459211.72568,
            "fid": 1,
            "diffmaglim": 18.679000854492188
        },
        {
            "jd": 2459211.7285,
            "fid": 1,
            "diffmaglim": 16.232999801635742
        },
        {
            "jd": 2459249.6489,
            "fid": 1,
            "diffmaglim": 17.957000732421875
        },
        {
            "jd": 2459249.6489005,
            "fid": 1,
            "diffmaglim": 17.957300186157227
        },
        {
            "jd": 2459249.67069,
            "fid": 2,
            "diffmaglim": 18.114999771118164
        },
        {
            "jd": 2459249.6706944,
            "fid": 2,
            "diffmaglim": 18.115400314331055
        },
        {
            "jd": 2459262.6623032,
            "fid": 1,
            "diffmaglim": 19.914199829101562
        },
        {
            "jd": 2459266.6809838,
            "fid": 1,
            "diffmaglim": 19.24220085144043
        },
        {
            "jd": 2459268.6844097,
            "fid": 1,
            "diffmaglim": 19.447200775146484
        },
        {
            "jd": 2459269.6912963,
            "fid": 1,
            "diffmaglim": 19.300199508666992
        },
        {
            "jd": 2459271.7126042,
            "fid": 1,
            "diffmaglim": 18.799100875854492
        },
        {
            "jd": 2459272.6473495,
            "fid": 1,
            "diffmaglim": 19.228300094604492
        },
        {
            "jd": 2459274.6682523,
            "fid": 1,
            "diffmaglim": 18.8218994140625
        },
        {
            "jd": 2459294.6453125,
            "fid": 1,
            "diffmaglim": 19.322399139404297
        },
        {
            "jd": 2459296.6720602,
            "fid": 1,
            "diffmaglim": 18.84480094909668
        },
        {
            "jd": 2459296.6725347,
            "fid": 1,
            "diffmaglim": 18.762699127197266
        }
    ],
    "forcedphot": []
}