{
    "objectId": "ZTF22abitour",
    "candidates": [
        {
            "candid": 2095467221615015002,
            "jd": 2459849.9672222,
            "ra": 67.3153204,
            "dec": 40.2463876,
            "fid": 1,
            "nid": 2095,
            "magpsf": 20.589599609375,
            "sigmapsf": 0.2632400095462799,
            "magnr": 19.174999237060547,
            "sigmagnr": 0.10100000351667404,
            "magzpsci": 26.30459976196289,
            "isdiffpos": "t",
            "ssdistnr": null,
            "ssnamenr": null,
            "drb": null
        },
        {
            "candid": 2095488721615015004,
            "jd": 2459849.9887269,
            "ra": 67.3152428,
            "dec": 40.246349,
            "fid": 2,
            "nid": 2095,
            "magpsf": 20.257200241088867,
            "sigmapsf": 0.1529189944267273,
            "magnr": 18.091999053955078,
            "sigmagnr": 0.11500000208616257,
            "magzpsci": 26.30120086669922,
            "isdiffpos": "t",
            "ssdistnr": null,
            "ssnamenr": null,
            "drb": null
        },
        {
            "candid": 2097447181615015007,
            "jd": 2459851.9471875,
            "ra": 67.3152799,
            "dec": 40.2463426,
            "fid": 2,
            "nid": 2097,
            "magpsf": 20.15839958190918,
            "sigmapsf": 0.1827699989080429,
            "magnr": 18.091999053955078,
            "sigmagnr": 0.11500000208616257,
            "magzpsci": 26.264400482177734,
            "isdiffpos": "t",
            "ssdistnr": null,
            "ssnamenr": null,
            "drb": null
        },
        {
            "candid": 2097486441615015003,
            "jd": 2459851.9864468,
            "ra": 67.3152254,
            "dec": 40.246348,
            "fid": 1,
            "nid": 2097,
            "magpsf": 20.57469940185547,
            "sigmapsf": 0.27566999197006226,
            "magnr": 19.174999237060547,
            "sigmagnr": 0.10100000351667404,
            "magzpsci": 26.253700256347656,
            "isdiffpos": "t",
            "ssdistnr": null,
            "ssnamenr": null,
            "drb": null
        },
        {
            "candid": 2100403621615015006,
            "jd": 2459854.9036227,
            "ra": 67.3150928,
            "dec": 40.2462267,
            "fid": 1,
            "nid": 2100,
            "magpsf": 20.537799835205078,
            "sigmapsf": 0.2564300000667572,
            "magnr": 19.174999237060547,
            "sigmagnr": 0.10100000351667404,
            "magzpsci": 26.27079963684082,
            "isdiffpos": "t",
            "ssdistnr": null,
            "ssnamenr": null,
            "drb": null
        },
        {
            "candid": 2100434252915015003,
            "jd": 2459854.9342593,
            "ra": 67.3152171,
            "dec": 40.2463585,
            "fid": 1,
            "nid": 2100,
            "magpsf": 20.810699462890625,
            "sigmapsf": 0.2666909992694855,
            "magnr": 19.284000396728516,
            "sigmagnr": 0.0989999994635582,
            "magzpsci": 26.332700729370117,
            "isdiffpos": "t",
            "ssdistnr": null,
            "ssnamenr": null,
            "drb": null
        },
        {
            "candid": 2100479202915015004,
            "jd": 2459854.9792014,
            "ra": 67.3153204,
            "dec": 40.2464241,
            "fid": 2,
            "nid": 2100,
            "magpsf": 20.09149932861328,
            "sigmapsf": 0.1453319936990738,
            "magnr": 17.55299949645996,
            "sigmagnr": 0.08100000023841858,
            "magzpsci": 26.315500259399414,
            "isdiffpos": "t",
            "ssdistnr": null,
            "ssnamenr": null,
            "drb": null
        },
        {
            "candid": 2102431301615015002,
            "jd": 2459856.9313079,
            "ra": 67.3152908,
            "dec": 40.2463428,
            "fid": 1,
            "nid": 2102,
            "magpsf": 20.84119987487793,
            "sigmapsf": 0.2526080012321472,
            "magnr": 19.174999237060547,
            "sigmagnr": 0.10100000351667404,
            "magzpsci": 26.292200088500977,
            "isdiffpos": "t",
            "ssdistnr": null,
            "ssnamenr": null,
            "drb": null
        },
        {
            "candid": 2103406652915015005,
            "jd": 2459857.9066551,
            "ra": 67.3152962,
            "dec": 40.2464023,
            "fid": 2,
            "nid": 2103,
            "magpsf": 20.139299392700195,
            "sigmapsf": 0.13034400343894958,
            "magnr": 17.55299949645996,
            "sigmagnr": 0.08100000023841858,
            "magzpsci": 26.318300247192383,
            "isdiffpos": "t",
            "ssdistnr": null,
            "ssnamenr": null,
            "drb": null
        },
        {
            "candid": 2104451361615015005,
            "jd": 2459858.9513657,
            "ra": 67.3150635,
            "dec": 40.2463385,
            "fid": 1,
            "nid": 2104,
            "magpsf": 20.79010009765625,
            "sigmapsf": 0.30147498846054077,
            "magnr": 19.174999237060547,
            "sigmagnr": 0.10100000351667404,
            "magzpsci": 26.278099060058594,
            "isdiffpos": "t",
            "ssdistnr": null,
            "ssnamenr": null,
            "drb": null
        },
        {
            "candid": 2104496401615015002,
            "jd": 2459858.9964005,
            "ra": 67.3151644,
            "dec": 40.2463456,
            "fid": 2,
            "nid": 2104,
            "magpsf": 19.978700637817383,
            "sigmapsf": 0.12081599980592728,
            "magnr": 18.091999053955078,
            "sigmagnr": 0.11500000208616257,
            "magzpsci": 26.27669906616211,
            "isdiffpos": "t",
            "ssdistnr": null,
            "ssnamenr": null,
            "drb": null
        },
        {
            "candid": 2105490912915015003,
            "jd": 2459859.9909144,
            "ra": 67.3152154,
            "dec": 40.2463525,
            "fid": 2,
            "nid": 2105,
            "magpsf": 19.971099853515625,
            "sigmapsf": 0.1587669998407364,
            "magnr": 17.55299949645996,
            "sigmagnr": 0.08100000023841858,
            "magzpsci": 26.317100524902344,
            "isdiffpos": "t",
            "ssdistnr": null,
            "ssnamenr": null,
            "drb": null
        },
        {
            "candid": 2107368802915015002,
            "jd": 2459861.8688079,
            "ra": 67.3152556,
            "dec": 40.246392,
            "fid": 2,
            "nid": 2107,
            "magpsf": 19.952800750732422,
            "sigmapsf": 0.26232901215553284,
            "magnr": 17.55299949645996,
            "sigmagnr": 0.08100000023841858,
            "magzpsci": 26.303800582885742,
            "isdiffpos": "t",
            "ssdistnr": null,
            "ssnamenr": null,
            "drb": null
        },
        {
            "candid": 2109471492915015001,
            "jd": 2459863.9714931,
            "ra": 67.3152948,
            "dec": 40.2464114,
            "fid": 2,
            "nid": 2109,
            "magpsf": 19.795499801635742,
            "sigmapsf": 0.18076300621032715,
            "magnr": 17.55299949645996,
            "sigmagnr": 0.08100000023841858,
            "magzpsci": 26.332500457763672,
            "isdiffpos": "t",
            "ssdistnr": null,
            "ssnamenr": null,
            "drb": null
        },
        {
            "candid": 2111388762915015002,
            "jd": 2459865.8887616,
            "ra": 67.3151955,
            "dec": 40.2462886,
            "fid": 2,
            "nid": 2111,
            "magpsf": 19.76729965209961,
            "sigmapsf": 0.24995499849319458,
            "magnr": 17.55299949645996,
            "sigmagnr": 0.08100000023841858,
            "magzpsci": 26.327299118041992,
            "isdiffpos": "t",
            "ssdistnr": null,
            "ssnamenr": null,
            "drb": null
        },
        {
            "candid": 2115374802915015001,
            "jd": 2459869.8748032,
            "ra": 67.3152131,
            "dec": 40.2463712,
            "fid": 2,
            "nid": 2115,
            "magpsf": 19.838300704956055,
            "sigmapsf": 0.1655060052871704,
            "magnr": 17.55299949645996,
            "sigmagnr": 0.08100000023841858,
            "magzpsci": 26.32029914855957,
            "isdiffpos": "t",
            "ssdistnr": null,
            "ssnamenr": null,
            "drb": null
        },
        {
            "candid": 2116447871615015006,
            "jd": 2459870.9478704,
            "ra": 67.3152171,
            "dec": 40.2463569,
            "fid": 2,
            "nid": 2116,
            "magpsf": 19.994300842285156,
            "sigmapsf": 0.2124200016260147,
            "magnr": 18.091999053955078,
            "sigmagnr": 0.11500000208616257,
            "magzpsci": 26.2893009185791,
            "isdiffpos": "t",
            "ssdistnr": null,
            "ssnamenr": null,
            "drb": null
        },
        {
            "candid": 2117405692915015002,
            "jd": 2459871.9056944,
            "ra": 67.315243,
            "dec": 40.2462664,
            "fid": 2,
            "nid": 2117,
            "magpsf": 20.040599822998047,
            "sigmapsf": 0.20213399827480316,
            "magnr": 17.55299949645996,
            "sigmagnr": 0.08100000023841858,
            "magzpsci": 26.339599609375,
            "isdiffpos": "t",
            "ssdistnr": null,
            "ssnamenr": null,
            "drb": null
        },
        {
            "candid": 2120370991615015003,
            "jd": 2459874.8709954,
            "ra": 67.3152427,
            "dec": 40.2463211,
            "fid": 2,
            "nid": 2120,
            "magpsf": 19.876100540161133,
            "sigmapsf": 0.13887999951839447,
            "magnr": 18.091999053955078,
            "sigmagnr": 0.11500000208616257,
            "magzpsci": 26.294099807739258,
            "isdiffpos": "t",
            "ssdistnr": null,
            "ssnamenr": null,
            "drb": null
        },
        {
            "candid": 2120403051615015002,
            "jd": 2459874.9030556,
            "ra": 67.3147382,
            "dec": 40.2462783,
            "fid": 1,
            "nid": 2120,
            "magpsf": 20.586000442504883,
            "sigmapsf": 0.24754300713539124,
            "magnr": 19.174999237060547,
            "sigmagnr": 0.10100000351667404,
            "magzpsci": 26.291000366210938,
            "isdiffpos": "t",
            "ssdistnr": null,
            "ssnamenr": null,
            "drb": null
        },
        {
            "candid": 2122408242915015003,
            "jd": 2459876.9082407,
            "ra": 67.3151789,
            "dec": 40.2464501,
            "fid": 2,
            "nid": 2122,
            "magpsf": 19.832000732421875,
            "sigmapsf": 0.16406899690628052,
            "magnr": 17.55299949645996,
            "sigmagnr": 0.08100000023841858,
            "magzpsci": 26.32699966430664,
            "isdiffpos": "t",
            "ssdistnr": null,
            "ssnamenr": null,
            "drb": null
        },
        {
            "candid": 2124323871615015002,
            "jd": 2459878.8238773,
            "ra": 67.3153385,
            "dec": 40.2463114,
            "fid": 2,
            "nid": 2124,
            "magpsf": 19.80769920349121,
            "sigmapsf": 0.1743749976158142,
            "magnr": 18.091999053955078,
            "sigmagnr": 0.11500000208616257,
            "magzpsci": 26.286699295043945,
            "isdiffpos": "t",
            "ssdistnr": null,
            "ssnamenr": null,
            "drb": null
        },
        {
            "candid": 2124349402915015003,
            "jd": 2459878.8494097,
            "ra": 67.3152392,
            "dec": 40.2463446,
            "fid": 2,
            "nid": 2124,
            "magpsf": 20.08839988708496,
            "sigmapsf": 0.17958100140094757,
            "magnr": 17.55299949645996,
            "sigmagnr": 0.08100000023841858,
            "magzpsci": 26.32740020751953,
            "isdiffpos": "t",
            "ssdistnr": null,
            "ssnamenr": null,
            "drb": null
        },
        {
            "candid": 2128367342915015002,
            "jd": 2459882.8673495,
            "ra": 67.3152032,
            "dec": 40.2463976,
            "fid": 2,
            "nid": 2128,
            "magpsf": 19.871599197387695,
            "sigmapsf": 0.24174700677394867,
            "magnr": 17.55299949645996,
            "sigmagnr": 0.08100000023841858,
            "magzpsci": 25.915599822998047,
            "isdiffpos": "t",
            "ssdistnr": null,
            "ssnamenr": null,
            "drb": null
        },
        {
            "candid": 2133444812915015005,
            "jd": 2459887.9448148,
            "ra": 67.3152285,
            "dec": 40.2463573,
            "fid": 2,
            "nid": 2133,
            "magpsf": 19.84309959411621,
            "sigmapsf": 0.14455799758434296,
            "magnr": 17.55299949645996,
            "sigmagnr": 0.08100000023841858,
            "magzpsci": 26.329099655151367,
            "isdiffpos": "t",
            "ssdistnr": null,
            "ssnamenr": null,
            "drb": null
        },
        {
            "candid": 2135385262915015004,
            "jd": 2459889.8852662,
            "ra": 67.3153089,
            "dec": 40.2463873,
            "fid": 2,
            "nid": 2135,
            "magpsf": 20.052200317382812,
            "sigmapsf": 0.25825101137161255,
            "magnr": 17.55299949645996,
            "sigmagnr": 0.08100000023841858,
            "magzpsci": 26.34119987487793,
            "isdiffpos": "t",
            "ssdistnr": null,
            "ssnamenr": null,
            "drb": null
        },
        {
            "candid": 2143302082915015001,
            "jd": 2459897.8020833,
            "ra": 67.315199,
            "dec": 40.2463329,
            "fid": 2,
            "nid": 2143,
            "magpsf": 19.984800338745117,
            "sigmapsf": 0.19552400708198547,
            "magnr": 17.55299949645996,
            "sigmagnr": 0.08100000023841858,
            "magzpsci": 26.33180046081543,
            "isdiffpos": "t",
            "ssdistnr": null,
            "ssnamenr": null,
            "drb": null
        },
        {
            "candid": 2144323351615015004,
            "jd": 2459898.8233565,
            "ra": 67.315276,
            "dec": 40.2463531,
            "fid": 2,
            "nid": 2144,
            "magpsf": 19.957500457763672,
            "sigmapsf": 0.21734300255775452,
            "magnr": 18.091999053955078,
            "sigmagnr": 0.11500000208616257,
            "magzpsci": 26.254499435424805,
            "isdiffpos": "t",
            "ssdistnr": null,
            "ssnamenr": null,
            "drb": null
        },
        {
            "candid": 2149349592915015001,
            "jd": 2459903.8495949,
            "ra": 67.3152773,
            "dec": 40.2463695,
            "fid": 2,
            "nid": 2149,
            "magpsf": 19.943899154663086,
            "sigmapsf": 0.15838299691677094,
            "magnr": 17.55299949645996,
            "sigmagnr": 0.08100000023841858,
            "magzpsci": 26.338899612426758,
            "isdiffpos": "t",
            "ssdistnr": null,
            "ssnamenr": null,
            "drb": null
        },
        {
            "candid": 2150321531615015009,
            "jd": 2459904.8215394,
            "ra": 67.3151282,
            "dec": 40.2461922,
            "fid": 2,
            "nid": 2150,
            "magpsf": 20.124000549316406,
            "sigmapsf": 0.23425999283790588,
            "magnr": 18.091999053955078,
            "sigmagnr": 0.11500000208616257,
            "magzpsci": 26.26799964904785,
            "isdiffpos": "t",
            "ssdistnr": null,
            "ssnamenr": null,
            "drb": null
        },
        {
            "candid": 2155265351615015005,
            "jd": 2459909.7653588,
            "ra": 67.3151272,
            "dec": 40.2463639,
            "fid": 2,
            "nid": 2155,
            "magpsf": 20.013500213623047,
            "sigmapsf": 0.1766359955072403,
            "magnr": 18.091999053955078,
            "sigmagnr": 0.11500000208616257,
            "magzpsci": 26.3075008392334,
            "isdiffpos": "t",
            "ssdistnr": null,
            "ssnamenr": null,
            "drb": null
        },
        {
            "candid": 2156277062915015004,
            "jd": 2459910.7770602,
            "ra": 67.3153352,
            "dec": 40.2463542,
            "fid": 2,
            "nid": 2156,
            "magpsf": 19.99959945678711,
            "sigmapsf": 0.19521600008010864,
            "magnr": 17.55299949645996,
            "sigmagnr": 0.08100000023841858,
            "magzpsci": 26.345600128173828,
            "isdiffpos": "t",
            "ssdistnr": null,
            "ssnamenr": null,
            "drb": null
        },
        {
            "candid": 2174223831615015004,
            "jd": 2459928.723831,
            "ra": 67.3151534,
            "dec": 40.2463839,
            "fid": 2,
            "nid": 2174,
            "magpsf": 20.1023006439209,
            "sigmapsf": 0.19093599915504456,
            "magnr": 18.091999053955078,
            "sigmagnr": 0.11500000208616257,
            "magzpsci": 26.24530029296875,
            "isdiffpos": "t",
            "ssdistnr": null,
            "ssnamenr": null,
            "drb": null
        },
        {
            "candid": 2174286292915015001,
            "jd": 2459928.7862963,
            "ra": 67.3151955,
            "dec": 40.2464353,
            "fid": 2,
            "nid": 2174,
            "magpsf": 20.030899047851562,
            "sigmapsf": 0.16523799300193787,
            "magnr": 17.55299949645996,
            "sigmagnr": 0.08100000023841858,
            "magzpsci": 26.29789924621582,
            "isdiffpos": "t",
            "ssdistnr": null,
            "ssnamenr": null,
            "drb": null
        },
        {
            "candid": 2178240061615015002,
            "jd": 2459932.7400694,
            "ra": 67.3151851,
            "dec": 40.2463488,
            "fid": 2,
            "nid": 2178,
            "magpsf": 20.0718994140625,
            "sigmapsf": 0.1704310029745102,
            "magnr": 18.091999053955078,
            "sigmagnr": 0.11500000208616257,
            "magzpsci": 26.306900024414062,
            "isdiffpos": "t",
            "ssdistnr": null,
            "ssnamenr": null,
            "drb": null
        },
        {
            "candid": 2180302342915015004,
            "jd": 2459934.8023495,
            "ra": 67.3151995,
            "dec": 40.2463233,
            "fid": 2,
            "nid": 2180,
            "magpsf": 20.307300567626953,
            "sigmapsf": 0.2231149971485138,
            "magnr": 17.55299949645996,
            "sigmagnr": 0.08100000023841858,
            "magzpsci": 26.337299346923828,
            "isdiffpos": "t",
            "ssdistnr": null,
            "ssnamenr": null,
            "drb": null
        },
        {
            "candid": 2182225931615015003,
            "jd": 2459936.7259375,
            "ra": 67.3152452,
            "dec": 40.2464005,
            "fid": 2,
            "nid": 2182,
            "magpsf": 20.255199432373047,
            "sigmapsf": 0.22482000291347504,
            "magnr": 18.091999053955078,
            "sigmagnr": 0.11500000208616257,
            "magzpsci": 26.313199996948242,
            "isdiffpos": "t",
            "ssdistnr": null,
            "ssnamenr": null,
            "drb": null
        },
        {
            "candid": 2182226402915015003,
            "jd": 2459936.7264005,
            "ra": 67.3152214,
            "dec": 40.2463061,
            "fid": 2,
            "nid": 2182,
            "magpsf": 20.19866943359375,
            "sigmapsf": 0.18952670693397522,
            "magnr": 17.55299949645996,
            "sigmagnr": 0.08100000023841858,
            "magzpsci": 26.337669372558594,
            "isdiffpos": "t",
            "ssdistnr": -999.0,
            "ssnamenr": "null",
            "drb": null
        },
        {
            "jd": 2459821.9441435,
            "fid": 1,
            "diffmaglim": 20.686100006103516
        },
        {
            "jd": 2459821.985,
            "fid": 2,
            "diffmaglim": 20.644699096679688
        },
        {
            "jd": 2459823.9543519,
            "fid": 1,
            "diffmaglim": 20.627899169921875
        },
        {
            "jd": 2459824.9286574,
            "fid": 1,
            "diffmaglim": 20.609100341796875
        },
        {
            "jd": 2459824.9695139,
            "fid": 2,
            "diffmaglim": 20.616199493408203
        },
        {
            "jd": 2459825.9473611,
            "fid": 2,
            "diffmaglim": 20.626100540161133
        },
        {
            "jd": 2459825.9903241,
            "fid": 1,
            "diffmaglim": 20.54640007019043
        },
        {
            "jd": 2459826.9527662,
            "fid": 2,
            "diffmaglim": 20.603500366210938
        },
        {
            "jd": 2459828.9583333,
            "fid": 2,
            "diffmaglim": 20.593000411987305
        },
        {
            "jd": 2459828.9718056,
            "fid": 1,
            "diffmaglim": 20.701799392700195
        },
        {
            "jd": 2459829.9702199,
            "fid": 2,
            "diffmaglim": 20.533199310302734
        },
        {
            "jd": 2459829.9927894,
            "fid": 1,
            "diffmaglim": 20.626800537109375
        },
        {
            "jd": 2459840.9438657,
            "fid": 1,
            "diffmaglim": 20.290300369262695
        },
        {
            "jd": 2459840.9717477,
            "fid": 1,
            "diffmaglim": 20.4773006439209
        },
        {
            "jd": 2459840.9933333,
            "fid": 1,
            "diffmaglim": 20.34869956970215
        },
        {
            "jd": 2459840.9937963,
            "fid": 1,
            "diffmaglim": 20.430500030517578
        },
        {
            "jd": 2459842.9493519,
            "fid": 1,
            "diffmaglim": 20.476999282836914
        },
        {
            "jd": 2459842.9702662,
            "fid": 1,
            "diffmaglim": 20.506200790405273
        },
        {
            "jd": 2459842.9908912,
            "fid": 2,
            "diffmaglim": 20.541500091552734
        },
        {
            "jd": 2459844.9072569,
            "fid": 2,
            "diffmaglim": 20.38920021057129
        },
        {
            "jd": 2459844.953669,
            "fid": 1,
            "diffmaglim": 20.692100524902344
        },
        {
            "jd": 2459844.9541435,
            "fid": 1,
            "diffmaglim": 20.70509910583496
        },
        {
            "jd": 2459844.9874537,
            "fid": 2,
            "diffmaglim": 20.44729995727539
        },
        {
            "jd": 2459847.957037,
            "fid": 2,
            "diffmaglim": 20.59429931640625
        },
        {
            "jd": 2459847.9575,
            "fid": 2,
            "diffmaglim": 20.673099517822266
        },
        {
            "jd": 2459847.9854282,
            "fid": 1,
            "diffmaglim": 20.762500762939453
        },
        {
            "jd": 2459847.9878356,
            "fid": 1,
            "diffmaglim": 20.81920051574707
        },
        {
            "jd": 2459849.9682176,
            "fid": 1,
            "diffmaglim": 20.724000930786133
        },
        {
            "jd": 2459849.9911343,
            "fid": 2,
            "diffmaglim": 20.584299087524414
        },
        {
            "jd": 2459851.9467245,
            "fid": 2,
            "diffmaglim": 20.69420051574707
        },
        {
            "jd": 2459852.0063889,
            "fid": 1,
            "diffmaglim": 20.822099685668945
        },
        {
            "jd": 2459856.973912,
            "fid": 2,
            "diffmaglim": 20.788400650024414
        },
        {
            "jd": 2459857.9524769,
            "fid": 1,
            "diffmaglim": 20.869800567626953
        },
        {
            "jd": 2459859.9780903,
            "fid": 1,
            "diffmaglim": 20.70840072631836
        },
        {
            "jd": 2459860.9328588,
            "fid": 2,
            "diffmaglim": 20.124000549316406
        },
        {
            "jd": 2459860.9945602,
            "fid": 1,
            "diffmaglim": 20.169300079345703
        },
        {
            "jd": 2459861.9489815,
            "fid": 1,
            "diffmaglim": 18.705699920654297
        },
        {
            "jd": 2459863.9695833,
            "fid": 2,
            "diffmaglim": 19.72599983215332
        },
        {
            "jd": 2459865.921875,
            "fid": 1,
            "diffmaglim": 19.705799102783203
        },
        {
            "jd": 2459867.9134838,
            "fid": 2,
            "diffmaglim": 19.679000854492188
        },
        {
            "jd": 2459867.9240509,
            "fid": 1,
            "diffmaglim": 19.50979995727539
        },
        {
            "jd": 2459870.8731944,
            "fid": 1,
            "diffmaglim": 20.510900497436523
        },
        {
            "jd": 2459871.8665394,
            "fid": 1,
            "diffmaglim": 20.27280044555664
        },
        {
            "jd": 2459872.843669,
            "fid": 1,
            "diffmaglim": 20.400100708007812
        },
        {
            "jd": 2459873.9047801,
            "fid": 1,
            "diffmaglim": 18.461000442504883
        },
        {
            "jd": 2459873.9561458,
            "fid": 2,
            "diffmaglim": 20.239099502563477
        },
        {
            "jd": 2459874.9030556,
            "fid": 1,
            "diffmaglim": 20.681299209594727
        },
        {
            "jd": 2459876.9376273,
            "fid": 1,
            "diffmaglim": 20.277099609375
        },
        {
            "jd": 2459878.8837153,
            "fid": 1,
            "diffmaglim": 20.52589988708496
        },
        {
            "jd": 2459878.9162269,
            "fid": 1,
            "diffmaglim": 20.71619987487793
        },
        {
            "jd": 2459880.8468056,
            "fid": 2,
            "diffmaglim": 20.533599853515625
        },
        {
            "jd": 2459880.8472801,
            "fid": 2,
            "diffmaglim": 20.445600509643555
        },
        {
            "jd": 2459880.8937153,
            "fid": 1,
            "diffmaglim": 20.51259994506836
        },
        {
            "jd": 2459880.9035532,
            "fid": 1,
            "diffmaglim": 20.62980079650879
        },
        {
            "jd": 2459882.8668866,
            "fid": 2,
            "diffmaglim": 20.256999969482422
        },
        {
            "jd": 2459882.9041088,
            "fid": 1,
            "diffmaglim": 20.085899353027344
        },
        {
            "jd": 2459887.7827894,
            "fid": 1,
            "diffmaglim": 19.72760009765625
        },
        {
            "jd": 2459887.7832639,
            "fid": 1,
            "diffmaglim": 19.80500030517578
        },
        {
            "jd": 2459887.9321759,
            "fid": 2,
            "diffmaglim": 20.21109962463379
        },
        {
            "jd": 2459889.7672801,
            "fid": 1,
            "diffmaglim": 19.418699264526367
        },
        {
            "jd": 2459889.7677546,
            "fid": 1,
            "diffmaglim": 19.460500717163086
        },
        {
            "jd": 2459889.859456,
            "fid": 2,
            "diffmaglim": 19.88680076599121
        },
        {
            "jd": 2459894.8269213,
            "fid": 2,
            "diffmaglim": 19.160200119018555
        },
        {
            "jd": 2459895.8086111,
            "fid": 2,
            "diffmaglim": 19.919700622558594
        },
        {
            "jd": 2459895.8262037,
            "fid": 1,
            "diffmaglim": 19.89889907836914
        },
        {
            "jd": 2459896.8430556,
            "fid": 2,
            "diffmaglim": 19.576900482177734
        },
        {
            "jd": 2459896.8845486,
            "fid": 1,
            "diffmaglim": 19.67340087890625
        },
        {
            "jd": 2459897.7611921,
            "fid": 1,
            "diffmaglim": 19.930999755859375
        },
        {
            "jd": 2459898.8,
            "fid": 1,
            "diffmaglim": 20.276500701904297
        },
        {
            "jd": 2459899.7864931,
            "fid": 1,
            "diffmaglim": 19.614599227905273
        },
        {
            "jd": 2459899.8059144,
            "fid": 2,
            "diffmaglim": 19.570600509643555
        },
        {
            "jd": 2459900.7644097,
            "fid": 2,
            "diffmaglim": 19.558900833129883
        },
        {
            "jd": 2459900.8296528,
            "fid": 1,
            "diffmaglim": 19.878000259399414
        },
        {
            "jd": 2459901.849213,
            "fid": 1,
            "diffmaglim": 20.780799865722656
        },
        {
            "jd": 2459901.8611921,
            "fid": 2,
            "diffmaglim": 20.379600524902344
        },
        {
            "jd": 2459902.8648727,
            "fid": 2,
            "diffmaglim": 20.05030059814453
        },
        {
            "jd": 2459902.9048727,
            "fid": 1,
            "diffmaglim": 20.253299713134766
        },
        {
            "jd": 2459903.7625926,
            "fid": 1,
            "diffmaglim": 20.566099166870117
        },
        {
            "jd": 2459904.9096875,
            "fid": 1,
            "diffmaglim": 20.458099365234375
        },
        {
            "jd": 2459905.8009722,
            "fid": 1,
            "diffmaglim": 20.636499404907227
        },
        {
            "jd": 2459905.8440046,
            "fid": 2,
            "diffmaglim": 19.60540008544922
        },
        {
            "jd": 2459906.7779745,
            "fid": 1,
            "diffmaglim": 20.733800888061523
        },
        {
            "jd": 2459906.8034375,
            "fid": 2,
            "diffmaglim": 20.64539909362793
        },
        {
            "jd": 2459908.7905208,
            "fid": 1,
            "diffmaglim": 20.37849998474121
        },
        {
            "jd": 2459908.8385648,
            "fid": 2,
            "diffmaglim": 20.003799438476562
        },
        {
            "jd": 2459909.7913657,
            "fid": 1,
            "diffmaglim": 20.682600021362305
        },
        {
            "jd": 2459910.888287,
            "fid": 1,
            "diffmaglim": 20.554899215698242
        },
        {
            "jd": 2459913.7821412,
            "fid": 2,
            "diffmaglim": 20.1471004486084
        },
        {
            "jd": 2459913.8454167,
            "fid": 1,
            "diffmaglim": 20.349000930786133
        },
        {
            "jd": 2459914.889919,
            "fid": 2,
            "diffmaglim": 20.27829933166504
        },
        {
            "jd": 2459922.7457523,
            "fid": 1,
            "diffmaglim": 19.3976993560791
        },
        {
            "jd": 2459922.8673032,
            "fid": 2,
            "diffmaglim": 19.61359977722168
        },
        {
            "jd": 2459923.7275579,
            "fid": 1,
            "diffmaglim": 19.638900756835938
        },
        {
            "jd": 2459923.8306019,
            "fid": 2,
            "diffmaglim": 19.880599975585938
        },
        {
            "jd": 2459928.7659491,
            "fid": 1,
            "diffmaglim": 20.340599060058594
        },
        {
            "jd": 2459928.7668866,
            "fid": 1,
            "diffmaglim": 20.24810028076172
        },
        {
            "jd": 2459932.7657176,
            "fid": 1,
            "diffmaglim": 20.67970085144043
        },
        {
            "jd": 2459932.7671528,
            "fid": 1,
            "diffmaglim": 20.576000213623047
        },
        {
            "jd": 2459932.8089583,
            "fid": 2,
            "diffmaglim": 20.63599967956543
        },
        {
            "jd": 2459934.6749537,
            "fid": 1,
            "diffmaglim": 20.545799255371094
        },
        {
            "jd": 2459934.7206481,
            "fid": 1,
            "diffmaglim": 20.720300674438477
        },
        {
            "jd": 2459934.8028241,
            "fid": 2,
            "diffmaglim": 20.627300262451172
        }
    ],
    "forcedphot": []
}