{
    "objectId": "ZTF20acqvwzb",
    "candidates": [
        {
            "candid": 1415488171915015002,
            "jd": 2459169.9881713,
            "ra": 200.2074449,
            "dec": 31.6178229,
            "fid": 1,
            "nid": 1415,
            "magpsf": 18.55430030822754,
            "sigmapsf": 0.10823400318622589,
            "magnr": 21.31599998474121,
            "sigmagnr": 0.11999999731779099,
            "magzpsci": 26.01129913330078,
            "isdiffpos": "t",
            "ssdistnr": -999.0,
            "ssnamenr": "null",
            "drb": 0.9999909996986389
        },
        {
            "candid": 1417490121915015005,
            "jd": 2459171.9901273,
            "ra": 200.2074433,
            "dec": 31.6178594,
            "fid": 2,
            "nid": 1417,
            "magpsf": 18.52440071105957,
            "sigmapsf": 0.098860003054142,
            "magnr": 19.888999938964844,
            "sigmagnr": 0.13300000131130219,
            "magzpsci": 26.14240074157715,
            "isdiffpos": "t",
            "ssdistnr": -999.0,
            "ssnamenr": "null",
            "drb": 0.9999949932098389
        },
        {
            "candid": 1421537471915015014,
            "jd": 2459176.0374769,
            "ra": 200.2074326,
            "dec": 31.6179206,
            "fid": 1,
            "nid": 1421,
            "magpsf": 18.785600662231445,
            "sigmapsf": 0.19058699905872345,
            "magnr": 21.31599998474121,
            "sigmagnr": 0.11999999731779099,
            "magzpsci": 24.95159912109375,
            "isdiffpos": "t",
            "ssdistnr": -999.0,
            "ssnamenr": "null",
            "drb": 0.9999909996986389
        },
        {
            "candid": 1424506791915015008,
            "jd": 2459179.006794,
            "ra": 200.2074189,
            "dec": 31.6178691,
            "fid": 1,
            "nid": 1424,
            "magpsf": 18.808000564575195,
            "sigmapsf": 0.07699000090360641,
            "magnr": 21.31599998474121,
            "sigmagnr": 0.11999999731779099,
            "magzpsci": 26.15999984741211,
            "isdiffpos": "t",
            "ssdistnr": -999.0,
            "ssnamenr": "null",
            "drb": 1.0
        },
        {
            "candid": 1424507263015015006,
            "jd": 2459179.0072685,
            "ra": 200.2074456,
            "dec": 31.6178722,
            "fid": 1,
            "nid": 1424,
            "magpsf": 18.836700439453125,
            "sigmapsf": 0.08857899904251099,
            "magnr": 20.589000701904297,
            "sigmagnr": 0.1340000033378601,
            "magzpsci": 26.194700241088867,
            "isdiffpos": "t",
            "ssdistnr": -999.0,
            "ssnamenr": "null",
            "drb": 1.0
        },
        {
            "candid": 1426476671915015013,
            "jd": 2459180.9766782,
            "ra": 200.2072385,
            "dec": 31.6175341,
            "fid": 1,
            "nid": 1426,
            "magpsf": 19.06209945678711,
            "sigmapsf": 0.3546980023384094,
            "magnr": 21.31599998474121,
            "sigmagnr": 0.11999999731779099,
            "magzpsci": 26.078100204467773,
            "isdiffpos": "t",
            "ssdistnr": -999.0,
            "ssnamenr": "-999.0",
            "drb": null
        },
        {
            "candid": 1426483153015015013,
            "jd": 2459180.9831597,
            "ra": 200.2073947,
            "dec": 31.6179284,
            "fid": 1,
            "nid": 1426,
            "magpsf": 18.763900756835938,
            "sigmapsf": 0.33105701208114624,
            "magnr": 20.589000701904297,
            "sigmagnr": 0.1340000033378601,
            "magzpsci": 26.123899459838867,
            "isdiffpos": "t",
            "ssdistnr": -999.0,
            "ssnamenr": "-999.0",
            "drb": null
        },
        {
            "candid": 1426555263015015007,
            "jd": 2459181.0552662,
            "ra": 200.207589,
            "dec": 31.6178022,
            "fid": 2,
            "nid": 1426,
            "magpsf": 18.838199615478516,
            "sigmapsf": 0.1619729995727539,
            "magnr": 20.240999221801758,
            "sigmagnr": 0.12999999523162842,
            "magzpsci": 26.252199172973633,
            "isdiffpos": "t",
            "ssdistnr": -999.0,
            "ssnamenr": "-999.0",
            "drb": null
        },
        {
            "candid": 1426556661915015006,
            "jd": 2459181.0566667,
            "ra": 200.2074907,
            "dec": 31.6177559,
            "fid": 2,
            "nid": 1426,
            "magpsf": 18.897600173950195,
            "sigmapsf": 0.160629004240036,
            "magnr": 19.888999938964844,
            "sigmagnr": 0.13300000131130219,
            "magzpsci": 26.259599685668945,
            "isdiffpos": "t",
            "ssdistnr": -999.0,
            "ssnamenr": "-999.0",
            "drb": null
        },
        {
            "candid": 1430514683015015008,
            "jd": 2459185.0146875,
            "ra": 200.207499,
            "dec": 31.6178928,
            "fid": 2,
            "nid": 1430,
            "magpsf": 18.828899383544922,
            "sigmapsf": 0.16742099821567535,
            "magnr": 20.240999221801758,
            "sigmagnr": 0.12999999523162842,
            "magzpsci": 26.248899459838867,
            "isdiffpos": "t",
            "ssdistnr": -999.0,
            "ssnamenr": "null",
            "drb": 0.9999989867210388
        },
        {
            "candid": 1433493063015015006,
            "jd": 2459187.9930671,
            "ra": 200.2076064,
            "dec": 31.6177042,
            "fid": 2,
            "nid": 1433,
            "magpsf": 18.583900451660156,
            "sigmapsf": 0.1536089926958084,
            "magnr": 20.240999221801758,
            "sigmagnr": 0.12999999523162842,
            "magzpsci": 26.236900329589844,
            "isdiffpos": "t",
            "ssdistnr": -999.0,
            "ssnamenr": "-999.0",
            "drb": null
        },
        {
            "candid": 1433544093015015009,
            "jd": 2459188.0440972,
            "ra": 200.207524,
            "dec": 31.6179217,
            "fid": 1,
            "nid": 1433,
            "magpsf": 19.5,
            "sigmapsf": 0.2812039852142334,
            "magnr": 20.589000701904297,
            "sigmagnr": 0.1340000033378601,
            "magzpsci": 26.29800033569336,
            "isdiffpos": "t",
            "ssdistnr": -999.0,
            "ssnamenr": "-999.0",
            "drb": null
        },
        {
            "candid": 1434517251915015002,
            "jd": 2459189.0172569,
            "ra": 200.2074241,
            "dec": 31.6179023,
            "fid": 2,
            "nid": 1434,
            "magpsf": 18.925500869750977,
            "sigmapsf": 0.09478600323200226,
            "magnr": 19.888999938964844,
            "sigmagnr": 0.13300000131130219,
            "magzpsci": 26.25950050354004,
            "isdiffpos": "t",
            "ssdistnr": -999.0,
            "ssnamenr": "null",
            "drb": 0.9999970197677612
        },
        {
            "candid": 1434544311915015009,
            "jd": 2459189.0443171,
            "ra": 200.2074329,
            "dec": 31.6178314,
            "fid": 1,
            "nid": 1434,
            "magpsf": 19.34149932861328,
            "sigmapsf": 0.17079100012779236,
            "magnr": 21.31599998474121,
            "sigmagnr": 0.11999999731779099,
            "magzpsci": 26.295499801635742,
            "isdiffpos": "t",
            "ssdistnr": -999.0,
            "ssnamenr": "null",
            "drb": 0.9999849796295166
        },
        {
            "candid": 1435515473015015006,
            "jd": 2459190.0154745,
            "ra": 200.207437,
            "dec": 31.6178121,
            "fid": 1,
            "nid": 1435,
            "magpsf": 19.314599990844727,
            "sigmapsf": 0.12839800119400024,
            "magnr": 20.589000701904297,
            "sigmagnr": 0.1340000033378601,
            "magzpsci": 26.169599533081055,
            "isdiffpos": "t",
            "ssdistnr": -999.0,
            "ssnamenr": "null",
            "drb": 0.9988939762115479
        },
        {
            "candid": 1439473741915015008,
            "jd": 2459193.97375,
            "ra": 200.2074285,
            "dec": 31.6178254,
            "fid": 1,
            "nid": 1439,
            "magpsf": 19.52400016784668,
            "sigmapsf": 0.15008899569511414,
            "magnr": 21.31599998474121,
            "sigmagnr": 0.11999999731779099,
            "magzpsci": 26.156999588012695,
            "isdiffpos": "t",
            "ssdistnr": -999.0,
            "ssnamenr": "null",
            "drb": 0.9999920129776001
        },
        {
            "candid": 1439523681915015009,
            "jd": 2459194.0236806,
            "ra": 200.2074347,
            "dec": 31.6178812,
            "fid": 2,
            "nid": 1439,
            "magpsf": 18.9955997467041,
            "sigmapsf": 0.0793989971280098,
            "magnr": 19.888999938964844,
            "sigmagnr": 0.13300000131130219,
            "magzpsci": 26.25659942626953,
            "isdiffpos": "t",
            "ssdistnr": -999.0,
            "ssnamenr": "null",
            "drb": 0.9999989867210388
        },
        {
            "candid": 1440507013015015010,
            "jd": 2459195.0070139,
            "ra": 200.2074652,
            "dec": 31.6178604,
            "fid": 2,
            "nid": 1440,
            "magpsf": 19.023700714111328,
            "sigmapsf": 0.1012289971113205,
            "magnr": 20.240999221801758,
            "sigmagnr": 0.12999999523162842,
            "magzpsci": 26.258699417114258,
            "isdiffpos": "t",
            "ssdistnr": -999.0,
            "ssnamenr": "null",
            "drb": 0.9994699954986572
        },
        {
            "candid": 1440547933015015011,
            "jd": 2459195.0479398,
            "ra": 200.207433,
            "dec": 31.6178582,
            "fid": 1,
            "nid": 1440,
            "magpsf": 19.566299438476562,
            "sigmapsf": 0.14967800676822662,
            "magnr": 20.589000701904297,
            "sigmagnr": 0.1340000033378601,
            "magzpsci": 26.323299407958984,
            "isdiffpos": "t",
            "ssdistnr": -999.0,
            "ssnamenr": "null",
            "drb": 0.9999989867210388
        },
        {
            "candid": 1441510521915015004,
            "jd": 2459196.0105208,
            "ra": 200.2074114,
            "dec": 31.6178315,
            "fid": 2,
            "nid": 1441,
            "magpsf": 19.030799865722656,
            "sigmapsf": 0.11131799966096878,
            "magnr": 19.888999938964844,
            "sigmagnr": 0.13300000131130219,
            "magzpsci": 26.10580062866211,
            "isdiffpos": "t",
            "ssdistnr": -999.0,
            "ssnamenr": "null",
            "drb": 0.9999769926071167
        },
        {
            "candid": 1441547901915015015,
            "jd": 2459196.0479051,
            "ra": 200.2073945,
            "dec": 31.6177967,
            "fid": 1,
            "nid": 1441,
            "magpsf": 19.760400772094727,
            "sigmapsf": 0.20500600337982178,
            "magnr": 21.31599998474121,
            "sigmagnr": 0.11999999731779099,
            "magzpsci": 26.133399963378906,
            "isdiffpos": "t",
            "ssdistnr": -999.0,
            "ssnamenr": "null",
            "drb": 0.9820600152015686
        },
        {
            "candid": 1444491281915015004,
            "jd": 2459198.9912847,
            "ra": 200.2074039,
            "dec": 31.6178469,
            "fid": 2,
            "nid": 1444,
            "magpsf": 18.95439910888672,
            "sigmapsf": 0.08841899782419205,
            "magnr": 19.888999938964844,
            "sigmagnr": 0.13300000131130219,
            "magzpsci": 26.264400482177734,
            "isdiffpos": "t",
            "ssdistnr": -999.0,
            "ssnamenr": "null",
            "drb": 0.9999970197677612
        },
        {
            "candid": 1444497933015015014,
            "jd": 2459198.9979398,
            "ra": 200.2074438,
            "dec": 31.6178434,
            "fid": 2,
            "nid": 1444,
            "magpsf": 19.050199508666992,
            "sigmapsf": 0.11670300364494324,
            "magnr": 20.240999221801758,
            "sigmagnr": 0.12999999523162842,
            "magzpsci": 26.26020050048828,
            "isdiffpos": "t",
            "ssdistnr": -999.0,
            "ssnamenr": "null",
            "drb": 0.9999859929084778
        },
        {
            "candid": 1444539083015015006,
            "jd": 2459199.0390856,
            "ra": 200.2074717,
            "dec": 31.6178432,
            "fid": 1,
            "nid": 1444,
            "magpsf": 19.57670021057129,
            "sigmapsf": 0.13021600246429443,
            "magnr": 20.589000701904297,
            "sigmagnr": 0.1340000033378601,
            "magzpsci": 26.329700469970703,
            "isdiffpos": "t",
            "ssdistnr": -999.0,
            "ssnamenr": "null",
            "drb": 0.9999780058860779
        },
        {
            "candid": 1444549211915015012,
            "jd": 2459199.049213,
            "ra": 200.2074654,
            "dec": 31.6178554,
            "fid": 1,
            "nid": 1444,
            "magpsf": 19.63360023498535,
            "sigmapsf": 0.12688599526882172,
            "magnr": 21.31599998474121,
            "sigmagnr": 0.11999999731779099,
            "magzpsci": 26.316600799560547,
            "isdiffpos": "t",
            "ssdistnr": -999.0,
            "ssnamenr": "null",
            "drb": 0.9999979734420776
        },
        {
            "candid": 1446538363015015017,
            "jd": 2459201.0383681,
            "ra": 200.2074702,
            "dec": 31.6178889,
            "fid": 2,
            "nid": 1446,
            "magpsf": 19.0802001953125,
            "sigmapsf": 0.14164400100708008,
            "magnr": 20.240999221801758,
            "sigmagnr": 0.12999999523162842,
            "magzpsci": 25.833200454711914,
            "isdiffpos": "t",
            "ssdistnr": -999.0,
            "ssnamenr": "null",
            "drb": 0.9996039867401123
        },
        {
            "candid": 1448515791915015007,
            "jd": 2459203.0157986,
            "ra": 200.2073217,
            "dec": 31.617799,
            "fid": 1,
            "nid": 1448,
            "magpsf": 19.76490020751953,
            "sigmapsf": 0.19885499775409698,
            "magnr": 21.31599998474121,
            "sigmagnr": 0.11999999731779099,
            "magzpsci": 26.27790069580078,
            "isdiffpos": "t",
            "ssdistnr": -999.0,
            "ssnamenr": "null",
            "drb": 0.9930599927902222
        },
        {
            "candid": 1448544531915015010,
            "jd": 2459203.044537,
            "ra": 200.207426,
            "dec": 31.6178018,
            "fid": 2,
            "nid": 1448,
            "magpsf": 19.080699920654297,
            "sigmapsf": 0.10602600127458572,
            "magnr": 19.888999938964844,
            "sigmagnr": 0.13300000131130219,
            "magzpsci": 26.277700424194336,
            "isdiffpos": "t",
            "ssdistnr": -999.0,
            "ssnamenr": "null",
            "drb": 1.0
        },
        {
            "candid": 1449514133015015032,
            "jd": 2459204.0141319,
            "ra": 200.207488,
            "dec": 31.6178218,
            "fid": 2,
            "nid": 1449,
            "magpsf": 19.069700241088867,
            "sigmapsf": 0.10620500147342682,
            "magnr": 20.240999221801758,
            "sigmagnr": 0.12999999523162842,
            "magzpsci": 26.271699905395508,
            "isdiffpos": "t",
            "ssdistnr": -999.0,
            "ssnamenr": "null",
            "drb": 0.9995909929275513
        },
        {
            "candid": 1449545333015015024,
            "jd": 2459204.0453356,
            "ra": 200.2075008,
            "dec": 31.6178366,
            "fid": 1,
            "nid": 1449,
            "magpsf": 19.751300811767578,
            "sigmapsf": 0.14356300234794617,
            "magnr": 20.589000701904297,
            "sigmagnr": 0.1340000033378601,
            "magzpsci": 26.31529998779297,
            "isdiffpos": "t",
            "ssdistnr": -999.0,
            "ssnamenr": "null",
            "drb": 0.9999989867210388
        },
        {
            "candid": 1450473461915015006,
            "jd": 2459204.9734606,
            "ra": 200.2074436,
            "dec": 31.6177969,
            "fid": 1,
            "nid": 1450,
            "magpsf": 19.92919921875,
            "sigmapsf": 0.18507599830627441,
            "magnr": 21.31599998474121,
            "sigmagnr": 0.11999999731779099,
            "magzpsci": 26.250200271606445,
            "isdiffpos": "t",
            "ssdistnr": -999.0,
            "ssnamenr": "-999.0",
            "drb": null
        },
        {
            "candid": 1450510821915015013,
            "jd": 2459205.0108218,
            "ra": 200.2074418,
            "dec": 31.6178686,
            "fid": 2,
            "nid": 1450,
            "magpsf": 19.030099868774414,
            "sigmapsf": 0.08557400107383728,
            "magnr": 19.888999938964844,
            "sigmagnr": 0.13300000131130219,
            "magzpsci": 26.286100387573242,
            "isdiffpos": "t",
            "ssdistnr": -999.0,
            "ssnamenr": "-999.0",
            "drb": null
        },
        {
            "candid": 1452490933015015030,
            "jd": 2459206.9909375,
            "ra": 200.2074501,
            "dec": 31.6179295,
            "fid": 2,
            "nid": 1452,
            "magpsf": 18.52280044555664,
            "sigmapsf": 0.21368199586868286,
            "magnr": 20.240999221801758,
            "sigmagnr": 0.12999999523162842,
            "magzpsci": 24.701799392700195,
            "isdiffpos": "t",
            "ssdistnr": -999.0,
            "ssnamenr": "null",
            "drb": 0.9791489839553833
        },
        {
            "candid": 1461535623015015009,
            "jd": 2459216.035625,
            "ra": 200.2073469,
            "dec": 31.6179373,
            "fid": 2,
            "nid": 1461,
            "magpsf": 19.275999069213867,
            "sigmapsf": 0.1827400028705597,
            "magnr": 20.240999221801758,
            "sigmagnr": 0.12999999523162842,
            "magzpsci": 26.277999877929688,
            "isdiffpos": "t",
            "ssdistnr": -999.0,
            "ssnamenr": "-999.0",
            "drb": null
        },
        {
            "candid": 1461536091915015012,
            "jd": 2459216.0360995,
            "ra": 200.2073481,
            "dec": 31.617812,
            "fid": 2,
            "nid": 1461,
            "magpsf": 19.16360092163086,
            "sigmapsf": 0.15877099335193634,
            "magnr": 19.888999938964844,
            "sigmagnr": 0.13300000131130219,
            "magzpsci": 26.279600143432617,
            "isdiffpos": "t",
            "ssdistnr": -999.0,
            "ssnamenr": "-999.0",
            "drb": null
        },
        {
            "candid": 1463474061915015009,
            "jd": 2459217.9740625,
            "ra": 200.2074232,
            "dec": 31.6178722,
            "fid": 2,
            "nid": 1463,
            "magpsf": 19.236000061035156,
            "sigmapsf": 0.10840299725532532,
            "magnr": 19.888999938964844,
            "sigmagnr": 0.13300000131130219,
            "magzpsci": 26.284000396728516,
            "isdiffpos": "t",
            "ssdistnr": -999.0,
            "ssnamenr": "null",
            "drb": 0.9999880194664001
        },
        {
            "candid": 1463485813015015009,
            "jd": 2459217.9858102,
            "ra": 200.207439,
            "dec": 31.6178256,
            "fid": 2,
            "nid": 1463,
            "magpsf": 19.216899871826172,
            "sigmapsf": 0.11519800126552582,
            "magnr": 20.240999221801758,
            "sigmagnr": 0.12999999523162842,
            "magzpsci": 26.26889991760254,
            "isdiffpos": "t",
            "ssdistnr": -999.0,
            "ssnamenr": "null",
            "drb": 0.9947389960289001
        },
        {
            "candid": 1465442981915015004,
            "jd": 2459219.9429861,
            "ra": 200.2075033,
            "dec": 31.6178911,
            "fid": 1,
            "nid": 1465,
            "magpsf": 20.225799560546875,
            "sigmapsf": 0.3084059953689575,
            "magnr": 21.31599998474121,
            "sigmagnr": 0.11999999731779099,
            "magzpsci": 26.256799697875977,
            "isdiffpos": "t",
            "ssdistnr": -999.0,
            "ssnamenr": "-999.0",
            "drb": null
        },
        {
            "candid": 1465484291915015005,
            "jd": 2459219.984294,
            "ra": 200.2074846,
            "dec": 31.6178811,
            "fid": 2,
            "nid": 1465,
            "magpsf": 19.36989974975586,
            "sigmapsf": 0.1312370002269745,
            "magnr": 19.888999938964844,
            "sigmagnr": 0.13300000131130219,
            "magzpsci": 26.26689910888672,
            "isdiffpos": "t",
            "ssdistnr": -999.0,
            "ssnamenr": "null",
            "drb": 0.9999970197677612
        },
        {
            "candid": 1465505613015015013,
            "jd": 2459220.0056134,
            "ra": 200.2074931,
            "dec": 31.617862,
            "fid": 2,
            "nid": 1465,
            "magpsf": 19.243799209594727,
            "sigmapsf": 0.14395900070667267,
            "magnr": 20.240999221801758,
            "sigmagnr": 0.12999999523162842,
            "magzpsci": 26.288799285888672,
            "isdiffpos": "t",
            "ssdistnr": -999.0,
            "ssnamenr": "null",
            "drb": 0.9974820017814636
        },
        {
            "candid": 1467452301915015004,
            "jd": 2459221.9523032,
            "ra": 200.2074339,
            "dec": 31.6178832,
            "fid": 2,
            "nid": 1467,
            "magpsf": 19.420000076293945,
            "sigmapsf": 0.22807100415229797,
            "magnr": 19.888999938964844,
            "sigmagnr": 0.13300000131130219,
            "magzpsci": 26.0310001373291,
            "isdiffpos": "t",
            "ssdistnr": -999.0,
            "ssnamenr": "-999.0",
            "drb": null
        },
        {
            "candid": 1467484211915015008,
            "jd": 2459221.984213,
            "ra": 200.2075092,
            "dec": 31.6178842,
            "fid": 1,
            "nid": 1467,
            "magpsf": 20.31220054626465,
            "sigmapsf": 0.21774399280548096,
            "magnr": 21.31599998474121,
            "sigmagnr": 0.11999999731779099,
            "magzpsci": 26.27720069885254,
            "isdiffpos": "t",
            "ssdistnr": -999.0,
            "ssnamenr": "-999.0",
            "drb": null
        },
        {
            "candid": 1467521063015015009,
            "jd": 2459222.0210648,
            "ra": 200.2074448,
            "dec": 31.6178351,
            "fid": 1,
            "nid": 1467,
            "magpsf": 20.415800094604492,
            "sigmapsf": 0.2862130105495453,
            "magnr": 20.589000701904297,
            "sigmagnr": 0.1340000033378601,
            "magzpsci": 26.175800323486328,
            "isdiffpos": "t",
            "ssdistnr": -999.0,
            "ssnamenr": "-999.0",
            "drb": null
        },
        {
            "candid": 1467529803015015009,
            "jd": 2459222.0298032,
            "ra": 200.2074398,
            "dec": 31.61787,
            "fid": 2,
            "nid": 1467,
            "magpsf": 19.33340072631836,
            "sigmapsf": 0.1707729995250702,
            "magnr": 20.240999221801758,
            "sigmagnr": 0.12999999523162842,
            "magzpsci": 25.96139907836914,
            "isdiffpos": "t",
            "ssdistnr": -999.0,
            "ssnamenr": "null",
            "drb": 0.9368529915809631
        },
        {
            "candid": 1469485401915015010,
            "jd": 2459223.9854051,
            "ra": 200.2074479,
            "dec": 31.6178625,
            "fid": 2,
            "nid": 1469,
            "magpsf": 19.448699951171875,
            "sigmapsf": 0.11695799976587296,
            "magnr": 19.888999938964844,
            "sigmagnr": 0.13300000131130219,
            "magzpsci": 26.2726993560791,
            "isdiffpos": "t",
            "ssdistnr": -999.0,
            "ssnamenr": "null",
            "drb": 0.9999819993972778
        },
        {
            "candid": 1469503773015015020,
            "jd": 2459224.0037731,
            "ra": 200.2075124,
            "dec": 31.6178812,
            "fid": 2,
            "nid": 1469,
            "magpsf": 19.549699783325195,
            "sigmapsf": 0.15369200706481934,
            "magnr": 20.240999221801758,
            "sigmagnr": 0.12999999523162842,
            "magzpsci": 26.281700134277344,
            "isdiffpos": "t",
            "ssdistnr": -999.0,
            "ssnamenr": "null",
            "drb": 0.997642993927002
        },
        {
            "candid": 1469537531915015008,
            "jd": 2459224.0375347,
            "ra": 200.2072302,
            "dec": 31.6178193,
            "fid": 1,
            "nid": 1469,
            "magpsf": 20.404199600219727,
            "sigmapsf": 0.21135999262332916,
            "magnr": 21.31599998474121,
            "sigmagnr": 0.11999999731779099,
            "magzpsci": 26.31719970703125,
            "isdiffpos": "t",
            "ssdistnr": -999.0,
            "ssnamenr": "-999.0",
            "drb": null
        },
        {
            "candid": 1473385971915015006,
            "jd": 2459227.8859722,
            "ra": 200.2074851,
            "dec": 31.6178242,
            "fid": 2,
            "nid": 1473,
            "magpsf": 19.510099411010742,
            "sigmapsf": 0.16659599542617798,
            "magnr": 19.888999938964844,
            "sigmagnr": 0.13300000131130219,
            "magzpsci": 25.982099533081055,
            "isdiffpos": "t",
            "ssdistnr": -999.0,
            "ssnamenr": "-999.0",
            "drb": null
        },
        {
            "candid": 1473466051915015013,
            "jd": 2459227.9660532,
            "ra": 200.2073738,
            "dec": 31.6179571,
            "fid": 1,
            "nid": 1473,
            "magpsf": 20.949800491333008,
            "sigmapsf": 0.34372299909591675,
            "magnr": 21.31599998474121,
            "sigmagnr": 0.11999999731779099,
            "magzpsci": 26.19879913330078,
            "isdiffpos": "t",
            "ssdistnr": -999.0,
            "ssnamenr": "-999.0",
            "drb": null
        },
        {
            "candid": 1473484673015015012,
            "jd": 2459227.9846759,
            "ra": 200.2074976,
            "dec": 31.617923,
            "fid": 1,
            "nid": 1473,
            "magpsf": 20.833200454711914,
            "sigmapsf": 0.2560429871082306,
            "magnr": 20.589000701904297,
            "sigmagnr": 0.1340000033378601,
            "magzpsci": 26.25320053100586,
            "isdiffpos": "t",
            "ssdistnr": -999.0,
            "ssnamenr": "-999.0",
            "drb": null
        },
        {
            "candid": 1473507323015015011,
            "jd": 2459228.0073264,
            "ra": 200.2074299,
            "dec": 31.6178171,
            "fid": 2,
            "nid": 1473,
            "magpsf": 19.778600692749023,
            "sigmapsf": 0.15392400324344635,
            "magnr": 20.240999221801758,
            "sigmagnr": 0.12999999523162842,
            "magzpsci": 26.15959930419922,
            "isdiffpos": "t",
            "ssdistnr": -999.0,
            "ssnamenr": "-999.0",
            "drb": null
        },
        {
            "candid": 1477446823015015013,
            "jd": 2459231.9468287,
            "ra": 200.2075888,
            "dec": 31.6178249,
            "fid": 1,
            "nid": 1477,
            "magpsf": 21.25659942626953,
            "sigmapsf": 0.34307798743247986,
            "magnr": 20.589000701904297,
            "sigmagnr": 0.1340000033378601,
            "magzpsci": 26.333599090576172,
            "isdiffpos": "t",
            "ssdistnr": -999.0,
            "ssnamenr": "-999.0",
            "drb": null
        },
        {
            "candid": 1477486791915015026,
            "jd": 2459231.986794,
            "ra": 200.2074448,
            "dec": 31.6178779,
            "fid": 2,
            "nid": 1477,
            "magpsf": 19.927099227905273,
            "sigmapsf": 0.15650799870491028,
            "magnr": 19.888999938964844,
            "sigmagnr": 0.13300000131130219,
            "magzpsci": 26.32710075378418,
            "isdiffpos": "t",
            "ssdistnr": -999.0,
            "ssnamenr": "null",
            "drb": 0.9845389723777771
        },
        {
            "candid": 1477487253015015029,
            "jd": 2459231.9872569,
            "ra": 200.2074126,
            "dec": 31.6178843,
            "fid": 2,
            "nid": 1477,
            "magpsf": 19.990400314331055,
            "sigmapsf": 0.16766999661922455,
            "magnr": 20.240999221801758,
            "sigmagnr": 0.12999999523162842,
            "magzpsci": 26.315399169921875,
            "isdiffpos": "t",
            "ssdistnr": -999.0,
            "ssnamenr": "null",
            "drb": 0.9857050180435181
        },
        {
            "candid": 1479492843015015012,
            "jd": 2459233.9928472,
            "ra": 200.2074503,
            "dec": 31.6178494,
            "fid": 2,
            "nid": 1479,
            "magpsf": 20.298500061035156,
            "sigmapsf": 0.18399600684642792,
            "magnr": 20.240999221801758,
            "sigmagnr": 0.12999999523162842,
            "magzpsci": 26.33049964904785,
            "isdiffpos": "t",
            "ssdistnr": -999.0,
            "ssnamenr": "null",
            "drb": 0.999871015548706
        },
        {
            "candid": 1494440631915015005,
            "jd": 2459248.9406366,
            "ra": 200.2074441,
            "dec": 31.6178792,
            "fid": 2,
            "nid": 1494,
            "magpsf": 20.56760025024414,
            "sigmapsf": 0.2762790024280548,
            "magnr": 19.888999938964844,
            "sigmagnr": 0.13300000131130219,
            "magzpsci": 26.283599853515625,
            "isdiffpos": "t",
            "ssdistnr": -999.0,
            "ssnamenr": "-999.0",
            "drb": null
        },
        {
            "candid": 1496402481915015007,
            "jd": 2459250.9024884,
            "ra": 200.2074391,
            "dec": 31.6178368,
            "fid": 2,
            "nid": 1496,
            "magpsf": 20.3346004486084,
            "sigmapsf": 0.25505301356315613,
            "magnr": 19.888999938964844,
            "sigmagnr": 0.13300000131130219,
            "magzpsci": 26.274599075317383,
            "isdiffpos": "t",
            "ssdistnr": -999.0,
            "ssnamenr": "-999.0",
            "drb": null
        },
        {
            "candid": 1497473413015015010,
            "jd": 2459251.9734144,
            "ra": 200.207546,
            "dec": 31.6178035,
            "fid": 2,
            "nid": 1497,
            "magpsf": 20.732200622558594,
            "sigmapsf": 0.28070199489593506,
            "magnr": 20.240999221801758,
            "sigmagnr": 0.12999999523162842,
            "magzpsci": 26.296199798583984,
            "isdiffpos": "t",
            "ssdistnr": -999.0,
            "ssnamenr": "-999.0",
            "drb": null
        },
        {
            "candid": 1498330031915015013,
            "jd": 2459252.8300347,
            "ra": 200.2074259,
            "dec": 31.61788,
            "fid": 2,
            "nid": 1498,
            "magpsf": 20.752700805664062,
            "sigmapsf": 0.2525300085544586,
            "magnr": 19.888999938964844,
            "sigmagnr": 0.13300000131130219,
            "magzpsci": 26.250699996948242,
            "isdiffpos": "t",
            "ssdistnr": -999.0,
            "ssnamenr": "-999.0",
            "drb": null
        },
        {
            "candid": 1499495713015015020,
            "jd": 2459253.9957176,
            "ra": 200.207505,
            "dec": 31.6178842,
            "fid": 2,
            "nid": 1499,
            "magpsf": 20.89240074157715,
            "sigmapsf": 0.2778730094432831,
            "magnr": 20.240999221801758,
            "sigmagnr": 0.12999999523162842,
            "magzpsci": 26.293399810791016,
            "isdiffpos": "t",
            "ssdistnr": -999.0,
            "ssnamenr": "-999.0",
            "drb": null
        },
        {
            "candid": 1501425533015015016,
            "jd": 2459255.9255324,
            "ra": 200.2074274,
            "dec": 31.6178519,
            "fid": 2,
            "nid": 1501,
            "magpsf": 20.61928939819336,
            "sigmapsf": 0.18836599588394165,
            "magnr": 20.240999221801758,
            "sigmagnr": 0.12999999523162842,
            "magzpsci": 26.332290649414062,
            "isdiffpos": "t",
            "ssdistnr": -999.0,
            "ssnamenr": "null",
            "drb": null
        },
        {
            "jd": 2459176.00356,
            "fid": 2,
            "diffmaglim": 17.69700050354004
        },
        {
            "jd": 2459180.97668,
            "fid": 1,
            "diffmaglim": 18.649999618530273
        },
        {
            "jd": 2459185.01375,
            "fid": 2,
            "diffmaglim": 19.59600067138672
        },
        {
            "jd": 2459185.03659,
            "fid": 1,
            "diffmaglim": 19.5939998626709
        },
        {
            "jd": 2459187.02788,
            "fid": 1,
            "diffmaglim": 18.724000930786133
        },
        {
            "jd": 2459189.96993,
            "fid": 2,
            "diffmaglim": 17.031999588012695
        },
        {
            "jd": 2459200.95082,
            "fid": 1,
            "diffmaglim": 18.610000610351562
        },
        {
            "jd": 2459207.05095,
            "fid": 1,
            "diffmaglim": 18.68400001525879
        },
        {
            "jd": 2459215.9894,
            "fid": 1,
            "diffmaglim": 19.222000122070312
        },
        {
            "jd": 2459215.98987,
            "fid": 1,
            "diffmaglim": 19.173999786376953
        },
        {
            "jd": 2459217.94329,
            "fid": 1,
            "diffmaglim": 19.5
        },
        {
            "jd": 2459218.03711,
            "fid": 1,
            "diffmaglim": 19.7189998626709
        },
        {
            "jd": 2459219.92282,
            "fid": 1,
            "diffmaglim": 19.63800048828125
        },
        {
            "jd": 2459224.03706,
            "fid": 1,
            "diffmaglim": 20.618999481201172
        },
        {
            "jd": 2459225.97656,
            "fid": 1,
            "diffmaglim": 20.18000030517578
        },
        {
            "jd": 2459225.98521,
            "fid": 1,
            "diffmaglim": 19.871000289916992
        },
        {
            "jd": 2459226.01005,
            "fid": 2,
            "diffmaglim": 18.591999053955078
        },
        {
            "jd": 2459226.01051,
            "fid": 2,
            "diffmaglim": 18.746000289916992
        },
        {
            "jd": 2459229.97157,
            "fid": 1,
            "diffmaglim": 19.753000259399414
        },
        {
            "jd": 2459230.01013,
            "fid": 2,
            "diffmaglim": 19.72800064086914
        },
        {
            "jd": 2459230.01936,
            "fid": 2,
            "diffmaglim": 19.68000030517578
        },
        {
            "jd": 2459231.92524,
            "fid": 1,
            "diffmaglim": 20.808000564575195
        }
    ],
    "forcedphot": []
}