{
    "objectId": "ZTF20aaekbdr",
    "candidates": [
        {
            "candid": 1101335091015015015,
            "jd": 2458855.8350926,
            "ra": 126.9638804,
            "dec": 8.0956182,
            "fid": 2,
            "nid": 1101,
            "magpsf": 19.63920021057129,
            "sigmapsf": 0.2097339928150177,
            "magnr": 22.22800064086914,
            "sigmagnr": 0.17000000178813934,
            "magzpsci": 26.188199996948242,
            "isdiffpos": "t",
            "ssdistnr": -999.0,
            "ssnamenr": "null",
            "drb": 0.9846240282058716
        },
        {
            "candid": 1107315551015015008,
            "jd": 2458861.8155556,
            "ra": 126.9639019,
            "dec": 8.0954466,
            "fid": 2,
            "nid": 1107,
            "magpsf": 19.19099998474121,
            "sigmapsf": 0.23399899899959564,
            "magnr": 22.22800064086914,
            "sigmagnr": 0.17000000178813934,
            "magzpsci": 26.21299934387207,
            "isdiffpos": "t",
            "ssdistnr": -999.0,
            "ssnamenr": "-999.0",
            "drb": null
        },
        {
            "candid": 1110207001015015025,
            "jd": 2458864.7070023,
            "ra": 126.9638726,
            "dec": 8.0956141,
            "fid": 1,
            "nid": 1110,
            "magpsf": 19.404699325561523,
            "sigmapsf": 0.14357100427150726,
            "magnr": 18.766000747680664,
            "sigmagnr": 0.1080000028014183,
            "magzpsci": 26.22570037841797,
            "isdiffpos": "t",
            "ssdistnr": -999.0,
            "ssnamenr": "null",
            "drb": 0.9999889731407166
        },
        {
            "candid": 1110207454815015019,
            "jd": 2458864.7074537,
            "ra": 126.9638236,
            "dec": 8.0955987,
            "fid": 1,
            "nid": 1110,
            "magpsf": 19.477800369262695,
            "sigmapsf": 0.13538600504398346,
            "magnr": 19.222000122070312,
            "sigmagnr": 0.0860000029206276,
            "magzpsci": 26.01580047607422,
            "isdiffpos": "t",
            "ssdistnr": -999.0,
            "ssnamenr": "null",
            "drb": 0.9999859929084778
        },
        {
            "candid": 1110232921015015024,
            "jd": 2458864.7329282,
            "ra": 126.963923,
            "dec": 8.0955914,
            "fid": 2,
            "nid": 1110,
            "magpsf": 19.286100387573242,
            "sigmapsf": 0.11655999720096588,
            "magnr": 22.22800064086914,
            "sigmagnr": 0.17000000178813934,
            "magzpsci": 26.168100357055664,
            "isdiffpos": "t",
            "ssdistnr": -999.0,
            "ssnamenr": "null",
            "drb": 0.9999420046806335
        },
        {
            "candid": 1113342221015015016,
            "jd": 2458867.8422222,
            "ra": 126.9639133,
            "dec": 8.0956097,
            "fid": 2,
            "nid": 1113,
            "magpsf": 19.29330062866211,
            "sigmapsf": 0.1244949996471405,
            "magnr": 22.22800064086914,
            "sigmagnr": 0.17000000178813934,
            "magzpsci": 26.207300186157227,
            "isdiffpos": "t",
            "ssdistnr": -999.0,
            "ssnamenr": "null",
            "drb": 0.9998340010643005
        },
        {
            "candid": 1113385121015015043,
            "jd": 2458867.8851273,
            "ra": 126.9639086,
            "dec": 8.0956302,
            "fid": 1,
            "nid": 1113,
            "magpsf": 19.557100296020508,
            "sigmapsf": 0.1296900063753128,
            "magnr": 18.766000747680664,
            "sigmagnr": 0.1080000028014183,
            "magzpsci": 26.36910057067871,
            "isdiffpos": "t",
            "ssdistnr": -999.0,
            "ssnamenr": "-999.0",
            "drb": null
        },
        {
            "candid": 1113385574815015011,
            "jd": 2458867.8855787,
            "ra": 126.9638542,
            "dec": 8.0956173,
            "fid": 1,
            "nid": 1113,
            "magpsf": 19.55139923095703,
            "sigmapsf": 0.1658399999141693,
            "magnr": 19.222000122070312,
            "sigmagnr": 0.0860000029206276,
            "magzpsci": 26.153400421142578,
            "isdiffpos": "t",
            "ssdistnr": -999.0,
            "ssnamenr": "null",
            "drb": 0.9999970197677612
        },
        {
            "candid": 1117227981015015013,
            "jd": 2458871.7279861,
            "ra": 126.9638757,
            "dec": 8.095615,
            "fid": 1,
            "nid": 1117,
            "magpsf": 19.50629997253418,
            "sigmapsf": 0.14643099904060364,
            "magnr": 18.766000747680664,
            "sigmagnr": 0.1080000028014183,
            "magzpsci": 26.295299530029297,
            "isdiffpos": "t",
            "ssdistnr": -999.0,
            "ssnamenr": "null",
            "drb": 0.9999960064888
        },
        {
            "candid": 1117228434815015010,
            "jd": 2458871.7284375,
            "ra": 126.9638606,
            "dec": 8.0955819,
            "fid": 1,
            "nid": 1117,
            "magpsf": 19.633800506591797,
            "sigmapsf": 0.16395899653434753,
            "magnr": 19.222000122070312,
            "sigmagnr": 0.0860000029206276,
            "magzpsci": 26.106800079345703,
            "isdiffpos": "t",
            "ssdistnr": -999.0,
            "ssnamenr": "null",
            "drb": 0.9999920129776001
        },
        {
            "candid": 1117293324815015011,
            "jd": 2458871.7933218,
            "ra": 126.9638869,
            "dec": 8.095572,
            "fid": 2,
            "nid": 1117,
            "magpsf": 19.3533992767334,
            "sigmapsf": 0.13293500244617462,
            "magnr": 18.239999771118164,
            "sigmagnr": 0.0989999994635582,
            "magzpsci": 26.05940055847168,
            "isdiffpos": "t",
            "ssdistnr": -999.0,
            "ssnamenr": "-999.0",
            "drb": null
        },
        {
            "candid": 1117298611015015027,
            "jd": 2458871.7986111,
            "ra": 126.9639623,
            "dec": 8.0955643,
            "fid": 2,
            "nid": 1117,
            "magpsf": 19.41860008239746,
            "sigmapsf": 0.12018900364637375,
            "magnr": 22.22800064086914,
            "sigmagnr": 0.17000000178813934,
            "magzpsci": 26.217599868774414,
            "isdiffpos": "t",
            "ssdistnr": -999.0,
            "ssnamenr": "null",
            "drb": 0.9999459981918335
        },
        {
            "candid": 1119248021015015022,
            "jd": 2458873.7480208,
            "ra": 126.9638829,
            "dec": 8.0956013,
            "fid": 2,
            "nid": 1119,
            "magpsf": 19.313199996948242,
            "sigmapsf": 0.11971800029277802,
            "magnr": 22.22800064086914,
            "sigmagnr": 0.17000000178813934,
            "magzpsci": 26.198200225830078,
            "isdiffpos": "t",
            "ssdistnr": -999.0,
            "ssnamenr": "null",
            "drb": 0.9955800175666809
        },
        {
            "candid": 1120313221015015037,
            "jd": 2458874.8132292,
            "ra": 126.9639015,
            "dec": 8.0956044,
            "fid": 2,
            "nid": 1120,
            "magpsf": 19.36910057067871,
            "sigmapsf": 0.10887300223112106,
            "magnr": 22.22800064086914,
            "sigmagnr": 0.17000000178813934,
            "magzpsci": 26.223100662231445,
            "isdiffpos": "t",
            "ssdistnr": -999.0,
            "ssnamenr": "null",
            "drb": 0.9993839859962463
        },
        {
            "candid": 1123232041015015023,
            "jd": 2458877.7320486,
            "ra": 126.9639019,
            "dec": 8.0956179,
            "fid": 1,
            "nid": 1123,
            "magpsf": 20.003799438476562,
            "sigmapsf": 0.19149599969387054,
            "magnr": 18.766000747680664,
            "sigmagnr": 0.1080000028014183,
            "magzpsci": 26.28580093383789,
            "isdiffpos": "t",
            "ssdistnr": -999.0,
            "ssnamenr": "null",
            "drb": 0.9998080134391785
        },
        {
            "candid": 1125291721015015013,
            "jd": 2458879.7917245,
            "ra": 126.9639663,
            "dec": 8.0956484,
            "fid": 2,
            "nid": 1125,
            "magpsf": 19.504600524902344,
            "sigmapsf": 0.2043980062007904,
            "magnr": 22.22800064086914,
            "sigmagnr": 0.17000000178813934,
            "magzpsci": 26.2096004486084,
            "isdiffpos": "t",
            "ssdistnr": -999.0,
            "ssnamenr": "null",
            "drb": 0.9948549866676331
        },
        {
            "candid": 1126208994815015011,
            "jd": 2458880.7089931,
            "ra": 126.9638434,
            "dec": 8.0955991,
            "fid": 2,
            "nid": 1126,
            "magpsf": 19.425500869750977,
            "sigmapsf": 0.1643739938735962,
            "magnr": 18.239999771118164,
            "sigmagnr": 0.0989999994635582,
            "magzpsci": 26.047500610351562,
            "isdiffpos": "t",
            "ssdistnr": -999.0,
            "ssnamenr": "null",
            "drb": 0.9999750256538391
        },
        {
            "candid": 1126234404815015011,
            "jd": 2458880.7344097,
            "ra": 126.9638404,
            "dec": 8.0956051,
            "fid": 1,
            "nid": 1126,
            "magpsf": 19.938400268554688,
            "sigmapsf": 0.24616500735282898,
            "magnr": 19.222000122070312,
            "sigmagnr": 0.0860000029206276,
            "magzpsci": 26.126399993896484,
            "isdiffpos": "t",
            "ssdistnr": -999.0,
            "ssnamenr": "-999.0",
            "drb": null
        },
        {
            "candid": 1126290391015015009,
            "jd": 2458880.7903935,
            "ra": 126.9638826,
            "dec": 8.0956173,
            "fid": 2,
            "nid": 1126,
            "magpsf": 19.493900299072266,
            "sigmapsf": 0.12668099999427795,
            "magnr": 22.22800064086914,
            "sigmagnr": 0.17000000178813934,
            "magzpsci": 26.210899353027344,
            "isdiffpos": "t",
            "ssdistnr": -999.0,
            "ssnamenr": "null",
            "drb": 0.9997199773788452
        },
        {
            "candid": 1127266141015015015,
            "jd": 2458881.7661458,
            "ra": 126.9638858,
            "dec": 8.0955769,
            "fid": 2,
            "nid": 1127,
            "magpsf": 19.38789939880371,
            "sigmapsf": 0.12384799867868423,
            "magnr": 22.22800064086914,
            "sigmagnr": 0.17000000178813934,
            "magzpsci": 26.215900421142578,
            "isdiffpos": "t",
            "ssdistnr": -999.0,
            "ssnamenr": "null",
            "drb": 0.9999560117721558
        },
        {
            "candid": 1128203531015015023,
            "jd": 2458882.7035301,
            "ra": 126.9639093,
            "dec": 8.0955374,
            "fid": 2,
            "nid": 1128,
            "magpsf": 19.56760025024414,
            "sigmapsf": 0.15736299753189087,
            "magnr": 22.22800064086914,
            "sigmagnr": 0.17000000178813934,
            "magzpsci": 26.180599212646484,
            "isdiffpos": "t",
            "ssdistnr": -999.0,
            "ssnamenr": "null",
            "drb": 0.9941149950027466
        },
        {
            "candid": 1129224451015015011,
            "jd": 2458883.724456,
            "ra": 126.9639107,
            "dec": 8.0956222,
            "fid": 2,
            "nid": 1129,
            "magpsf": 19.361299514770508,
            "sigmapsf": 0.20359399914741516,
            "magnr": 22.22800064086914,
            "sigmagnr": 0.17000000178813934,
            "magzpsci": 26.14229965209961,
            "isdiffpos": "t",
            "ssdistnr": -999.0,
            "ssnamenr": "null",
            "drb": 0.9860519766807556
        },
        {
            "candid": 1129227634815015004,
            "jd": 2458883.7276389,
            "ra": 126.9638702,
            "dec": 8.0955649,
            "fid": 2,
            "nid": 1129,
            "magpsf": 19.218299865722656,
            "sigmapsf": 0.21893300116062164,
            "magnr": 18.239999771118164,
            "sigmagnr": 0.0989999994635582,
            "magzpsci": 25.992300033569336,
            "isdiffpos": "t",
            "ssdistnr": -999.0,
            "ssnamenr": "-999.0",
            "drb": null
        },
        {
            "candid": 1130215201015015007,
            "jd": 2458884.7152083,
            "ra": 126.9638168,
            "dec": 8.09551,
            "fid": 2,
            "nid": 1130,
            "magpsf": 19.28420066833496,
            "sigmapsf": 0.22512899339199066,
            "magnr": 22.22800064086914,
            "sigmagnr": 0.17000000178813934,
            "magzpsci": 26.18120002746582,
            "isdiffpos": "t",
            "ssdistnr": -999.0,
            "ssnamenr": "-999.0",
            "drb": null
        },
        {
            "candid": 1130250374815015003,
            "jd": 2458884.7503704,
            "ra": 126.9637412,
            "dec": 8.0956018,
            "fid": 2,
            "nid": 1130,
            "magpsf": 19.392200469970703,
            "sigmapsf": 0.23775799572467804,
            "magnr": 18.239999771118164,
            "sigmagnr": 0.0989999994635582,
            "magzpsci": 26.05820083618164,
            "isdiffpos": "t",
            "ssdistnr": -999.0,
            "ssnamenr": "-999.0",
            "drb": null
        },
        {
            "candid": 1136190551015015012,
            "jd": 2458890.6905556,
            "ra": 126.9639634,
            "dec": 8.0954798,
            "fid": 2,
            "nid": 1136,
            "magpsf": 19.497100830078125,
            "sigmapsf": 0.30719199776649475,
            "magnr": 22.22800064086914,
            "sigmagnr": 0.17000000178813934,
            "magzpsci": 26.1781005859375,
            "isdiffpos": "t",
            "ssdistnr": -999.0,
            "ssnamenr": "-999.0",
            "drb": null
        },
        {
            "candid": 1137269281015015016,
            "jd": 2458891.7692824,
            "ra": 126.9639143,
            "dec": 8.0955994,
            "fid": 2,
            "nid": 1137,
            "magpsf": 19.734899520874023,
            "sigmapsf": 0.18576499819755554,
            "magnr": 22.22800064086914,
            "sigmagnr": 0.17000000178813934,
            "magzpsci": 26.232900619506836,
            "isdiffpos": "t",
            "ssdistnr": -999.0,
            "ssnamenr": "null",
            "drb": 0.9970639944076538
        },
        {
            "candid": 1137275744815015006,
            "jd": 2458891.7757407,
            "ra": 126.9639201,
            "dec": 8.0955938,
            "fid": 2,
            "nid": 1137,
            "magpsf": 19.566600799560547,
            "sigmapsf": 0.20116999745368958,
            "magnr": 18.239999771118164,
            "sigmagnr": 0.0989999994635582,
            "magzpsci": 26.066600799560547,
            "isdiffpos": "t",
            "ssdistnr": -999.0,
            "ssnamenr": "null",
            "drb": 0.9999250173568726
        },
        {
            "candid": 1138268311015015018,
            "jd": 2458892.7683102,
            "ra": 126.9639511,
            "dec": 8.0956021,
            "fid": 2,
            "nid": 1138,
            "magpsf": 19.76180076599121,
            "sigmapsf": 0.20842699706554413,
            "magnr": 22.22800064086914,
            "sigmagnr": 0.17000000178813934,
            "magzpsci": 26.188800811767578,
            "isdiffpos": "t",
            "ssdistnr": -999.0,
            "ssnamenr": "null",
            "drb": 0.9995409846305847
        },
        {
            "candid": 1138291074815015004,
            "jd": 2458892.7910764,
            "ra": 126.9638817,
            "dec": 8.095609,
            "fid": 2,
            "nid": 1138,
            "magpsf": 19.63290023803711,
            "sigmapsf": 0.26436498761177063,
            "magnr": 18.239999771118164,
            "sigmagnr": 0.0989999994635582,
            "magzpsci": 26.045900344848633,
            "isdiffpos": "t",
            "ssdistnr": -999.0,
            "ssnamenr": "-999.0",
            "drb": null
        },
        {
            "candid": 1139273121015015024,
            "jd": 2458893.773125,
            "ra": 126.9639387,
            "dec": 8.0956022,
            "fid": 2,
            "nid": 1139,
            "magpsf": 19.701900482177734,
            "sigmapsf": 0.1507750004529953,
            "magnr": 22.22800064086914,
            "sigmagnr": 0.17000000178813934,
            "magzpsci": 26.19890022277832,
            "isdiffpos": "t",
            "ssdistnr": -999.0,
            "ssnamenr": "null",
            "drb": 0.9997249841690063
        },
        {
            "candid": 1142231771015015020,
            "jd": 2458896.7317708,
            "ra": 126.9639348,
            "dec": 8.0956515,
            "fid": 1,
            "nid": 1142,
            "magpsf": 20.98259925842285,
            "sigmapsf": 0.3366990089416504,
            "magnr": 18.766000747680664,
            "sigmagnr": 0.1080000028014183,
            "magzpsci": 26.343599319458008,
            "isdiffpos": "t",
            "ssdistnr": -999.0,
            "ssnamenr": "-999.0",
            "drb": null
        },
        {
            "candid": 1142253881015015019,
            "jd": 2458896.7538889,
            "ra": 126.9639205,
            "dec": 8.09557,
            "fid": 2,
            "nid": 1142,
            "magpsf": 19.875900268554688,
            "sigmapsf": 0.15859399735927582,
            "magnr": 22.22800064086914,
            "sigmagnr": 0.17000000178813934,
            "magzpsci": 26.215900421142578,
            "isdiffpos": "t",
            "ssdistnr": -999.0,
            "ssnamenr": "null",
            "drb": 0.9997119903564453
        },
        {
            "candid": 1145213041015015040,
            "jd": 2458899.713044,
            "ra": 126.9638523,
            "dec": 8.0955525,
            "fid": 1,
            "nid": 1145,
            "magpsf": 20.888500213623047,
            "sigmapsf": 0.3041990101337433,
            "magnr": 18.766000747680664,
            "sigmagnr": 0.1080000028014183,
            "magzpsci": 26.3174991607666,
            "isdiffpos": "t",
            "ssdistnr": -999.0,
            "ssnamenr": "-999.0",
            "drb": null
        },
        {
            "candid": 1145253041015015025,
            "jd": 2458899.753044,
            "ra": 126.9638668,
            "dec": 8.095616,
            "fid": 2,
            "nid": 1145,
            "magpsf": 19.838499069213867,
            "sigmapsf": 0.1673630028963089,
            "magnr": 22.22800064086914,
            "sigmagnr": 0.17000000178813934,
            "magzpsci": 26.20949935913086,
            "isdiffpos": "t",
            "ssdistnr": -999.0,
            "ssnamenr": "-999.0",
            "drb": null
        },
        {
            "candid": 1145307731015015021,
            "jd": 2458899.8077315,
            "ra": 126.963937,
            "dec": 8.095612,
            "fid": 2,
            "nid": 1145,
            "magpsf": 19.818199157714844,
            "sigmapsf": 0.15109799802303314,
            "magnr": 22.22800064086914,
            "sigmagnr": 0.17000000178813934,
            "magzpsci": 26.206199645996094,
            "isdiffpos": "t",
            "ssdistnr": -999.0,
            "ssnamenr": "-999.0",
            "drb": null
        },
        {
            "candid": 1146248121015015014,
            "jd": 2458900.748125,
            "ra": 126.96393,
            "dec": 8.0956324,
            "fid": 2,
            "nid": 1146,
            "magpsf": 20.051700592041016,
            "sigmapsf": 0.16070400178432465,
            "magnr": 22.22800064086914,
            "sigmagnr": 0.17000000178813934,
            "magzpsci": 26.211700439453125,
            "isdiffpos": "t",
            "ssdistnr": -999.0,
            "ssnamenr": "null",
            "drb": 0.997655987739563
        },
        {
            "candid": 1149211401015015020,
            "jd": 2458903.7114005,
            "ra": 126.9638971,
            "dec": 8.0955872,
            "fid": 2,
            "nid": 1149,
            "magpsf": 19.817699432373047,
            "sigmapsf": 0.15008099377155304,
            "magnr": 22.22800064086914,
            "sigmagnr": 0.17000000178813934,
            "magzpsci": 26.176700592041016,
            "isdiffpos": "t",
            "ssdistnr": -999.0,
            "ssnamenr": "null",
            "drb": 0.98750901222229
        },
        {
            "candid": 1151228501015015015,
            "jd": 2458905.7285069,
            "ra": 126.9638988,
            "dec": 8.0956096,
            "fid": 2,
            "nid": 1151,
            "magpsf": 19.83049964904785,
            "sigmapsf": 0.17723000049591064,
            "magnr": 22.22800064086914,
            "sigmagnr": 0.17000000178813934,
            "magzpsci": 26.197500228881836,
            "isdiffpos": "t",
            "ssdistnr": -999.0,
            "ssnamenr": "null",
            "drb": 0.9975749850273132
        },
        {
            "candid": 1152211571015025014,
            "jd": 2458906.7115741,
            "ra": 126.9639603,
            "dec": 8.0955141,
            "fid": 2,
            "nid": 1152,
            "magpsf": 19.835800170898438,
            "sigmapsf": 0.20682500302791595,
            "magnr": 22.22800064086914,
            "sigmagnr": 0.17000000178813934,
            "magzpsci": 26.10379981994629,
            "isdiffpos": "t",
            "ssdistnr": -999.0,
            "ssnamenr": "-999.0",
            "drb": null
        },
        {
            "candid": 1158207924815015001,
            "jd": 2458912.7079282,
            "ra": 126.9639435,
            "dec": 8.095534,
            "fid": 2,
            "nid": 1158,
            "magpsf": 19.876699447631836,
            "sigmapsf": 0.23276099562644958,
            "magnr": 18.239999771118164,
            "sigmagnr": 0.0989999994635582,
            "magzpsci": 26.05470085144043,
            "isdiffpos": "t",
            "ssdistnr": -999.0,
            "ssnamenr": "-999.0",
            "drb": null
        },
        {
            "candid": 1158211111015015007,
            "jd": 2458912.7111111,
            "ra": 126.9638849,
            "dec": 8.0956115,
            "fid": 2,
            "nid": 1158,
            "magpsf": 20.03860092163086,
            "sigmapsf": 0.21242299675941467,
            "magnr": 22.22800064086914,
            "sigmagnr": 0.17000000178813934,
            "magzpsci": 26.197599411010742,
            "isdiffpos": "t",
            "ssdistnr": -999.0,
            "ssnamenr": "null",
            "drb": 0.9857569932937622
        },
        {
            "jd": 2458827.93142,
            "fid": 2,
            "diffmaglim": 19.413000106811523
        },
        {
            "jd": 2458827.95682,
            "fid": 2,
            "diffmaglim": 19.707000732421875
        },
        {
            "jd": 2458828.91834,
            "fid": 2,
            "diffmaglim": 19.511999130249023
        },
        {
            "jd": 2458829.92419,
            "fid": 2,
            "diffmaglim": 16.20400047302246
        },
        {
            "jd": 2458830.94154,
            "fid": 2,
            "diffmaglim": 19.643999099731445
        },
        {
            "jd": 2458831.93998,
            "fid": 2,
            "diffmaglim": 19.06599998474121
        },
        {
            "jd": 2458833.89571,
            "fid": 2,
            "diffmaglim": 19.117000579833984
        },
        {
            "jd": 2458835.96485,
            "fid": 2,
            "diffmaglim": 19.660999298095703
        },
        {
            "jd": 2458835.9653,
            "fid": 2,
            "diffmaglim": 19.52199935913086
        },
        {
            "jd": 2458836.01192,
            "fid": 1,
            "diffmaglim": 19.665000915527344
        },
        {
            "jd": 2458838.93319,
            "fid": 2,
            "diffmaglim": 18.826000213623047
        },
        {
            "jd": 2458838.95602,
            "fid": 1,
            "diffmaglim": 19.224000930786133
        },
        {
            "jd": 2458838.9615,
            "fid": 1,
            "diffmaglim": 18.972000122070312
        },
        {
            "jd": 2458846.90847,
            "fid": 2,
            "diffmaglim": 20.440000534057617
        },
        {
            "jd": 2458846.93862,
            "fid": 2,
            "diffmaglim": 20.398000717163086
        },
        {
            "jd": 2458846.98257,
            "fid": 1,
            "diffmaglim": 20.29400062561035
        },
        {
            "jd": 2458849.92387,
            "fid": 2,
            "diffmaglim": 20.34000015258789
        },
        {
            "jd": 2458849.9648,
            "fid": 1,
            "diffmaglim": 20.194000244140625
        },
        {
            "jd": 2458849.96525,
            "fid": 1,
            "diffmaglim": 20.274999618530273
        },
        {
            "jd": 2458852.93328,
            "fid": 2,
            "diffmaglim": 20.413999557495117
        },
        {
            "jd": 2458852.97734,
            "fid": 1,
            "diffmaglim": 20.586000442504883
        },
        {
            "jd": 2458852.97779,
            "fid": 1,
            "diffmaglim": 20.538999557495117
        },
        {
            "jd": 2458855.80834,
            "fid": 2,
            "diffmaglim": 19.53499984741211
        },
        {
            "jd": 2458855.81551,
            "fid": 2,
            "diffmaglim": 19.584999084472656
        },
        {
            "jd": 2458861.79845,
            "fid": 2,
            "diffmaglim": 18.898000717163086
        },
        {
            "jd": 2458861.84314,
            "fid": 1,
            "diffmaglim": 18.5939998626709
        },
        {
            "jd": 2458861.84539,
            "fid": 1,
            "diffmaglim": 19.003000259399414
        },
        {
            "jd": 2458864.73201,
            "fid": 2,
            "diffmaglim": 20.2450008392334
        },
        {
            "jd": 2458867.83987,
            "fid": 2,
            "diffmaglim": 20.26799964904785
        },
        {
            "jd": 2458874.75161,
            "fid": 2,
            "diffmaglim": 19.836000442504883
        },
        {
            "jd": 2458877.77213,
            "fid": 2,
            "diffmaglim": 19.98900032043457
        },
        {
            "jd": 2458884.76944,
            "fid": 1,
            "diffmaglim": 19.29599952697754
        },
        {
            "jd": 2458888.75522,
            "fid": 1,
            "diffmaglim": 18.770999908447266
        },
        {
            "jd": 2458890.77104,
            "fid": 1,
            "diffmaglim": 19.266000747680664
        },
        {
            "jd": 2458891.69186,
            "fid": 1,
            "diffmaglim": 20.013999938964844
        }
    ],
    "forcedphot": []
}