{
    "objectId": "ZTF21abtephz",
    "candidates": [
        {
            "candid": 1675259731615015013,
            "jd": 2459429.7597338,
            "ra": 236.633213,
            "dec": 25.4290548,
            "fid": 1,
            "nid": 1675,
            "magpsf": 20.653499603271484,
            "sigmapsf": 0.3212670087814331,
            "magnr": 19.097999572753906,
            "sigmagnr": 0.11699999868869781,
            "magzpsci": 26.191499710083008,
            "isdiffpos": "t",
            "ssdistnr": null,
            "ssnamenr": null,
            "drb": null
        },
        {
            "candid": 1680187511615015015,
            "jd": 2459434.6875116,
            "ra": 236.6332233,
            "dec": 25.4290542,
            "fid": 2,
            "nid": 1680,
            "magpsf": 20.27589988708496,
            "sigmapsf": 0.22310499846935272,
            "magnr": 18.59000015258789,
            "sigmagnr": 0.10400000214576721,
            "magzpsci": 26.234899520874023,
            "isdiffpos": "t",
            "ssdistnr": null,
            "ssnamenr": null,
            "drb": null
        },
        {
            "candid": 1682192851615015007,
            "jd": 2459436.6928588,
            "ra": 236.6332265,
            "dec": 25.4290906,
            "fid": 2,
            "nid": 1682,
            "magpsf": 20.311800003051758,
            "sigmapsf": 0.2663539946079254,
            "magnr": 18.59000015258789,
            "sigmagnr": 0.10400000214576721,
            "magzpsci": 26.154800415039062,
            "isdiffpos": "t",
            "ssdistnr": null,
            "ssnamenr": null,
            "drb": null
        },
        {
            "candid": 1687186221615015013,
            "jd": 2459441.6862269,
            "ra": 236.6332936,
            "dec": 25.4290515,
            "fid": 2,
            "nid": 1687,
            "magpsf": 19.858299255371094,
            "sigmapsf": 0.19823099672794342,
            "magnr": 18.59000015258789,
            "sigmagnr": 0.10400000214576721,
            "magzpsci": 26.132299423217773,
            "isdiffpos": "t",
            "ssdistnr": null,
            "ssnamenr": null,
            "drb": null
        },
        {
            "candid": 1693195741615015000,
            "jd": 2459447.6957407,
            "ra": 236.6333919,
            "dec": 25.429138,
            "fid": 2,
            "nid": 1693,
            "magpsf": 19.68829917907715,
            "sigmapsf": 0.23997199535369873,
            "magnr": 18.59000015258789,
            "sigmagnr": 0.10400000214576721,
            "magzpsci": 26.14929962158203,
            "isdiffpos": "t",
            "ssdistnr": null,
            "ssnamenr": null,
            "drb": null
        },
        {
            "candid": 1696175781615015017,
            "jd": 2459450.675787,
            "ra": 236.6333237,
            "dec": 25.4290911,
            "fid": 2,
            "nid": 1696,
            "magpsf": 19.42889976501465,
            "sigmapsf": 0.16998299956321716,
            "magnr": 18.59000015258789,
            "sigmagnr": 0.10400000214576721,
            "magzpsci": 26.039899826049805,
            "isdiffpos": "t",
            "ssdistnr": null,
            "ssnamenr": null,
            "drb": null
        },
        {
            "candid": 1700183111615015007,
            "jd": 2459454.6831134,
            "ra": 236.633281,
            "dec": 25.4291019,
            "fid": 1,
            "nid": 1700,
            "magpsf": 20.261899948120117,
            "sigmapsf": 0.27415400743484497,
            "magnr": 19.097999572753906,
            "sigmagnr": 0.11699999868869781,
            "magzpsci": 26.247900009155273,
            "isdiffpos": "t",
            "ssdistnr": null,
            "ssnamenr": null,
            "drb": null
        },
        {
            "candid": 1704196571615015014,
            "jd": 2459458.6965741,
            "ra": 236.6331381,
            "dec": 25.4291163,
            "fid": 2,
            "nid": 1704,
            "magpsf": 19.207399368286133,
            "sigmapsf": 0.18165500462055206,
            "magnr": 18.59000015258789,
            "sigmagnr": 0.10400000214576721,
            "magzpsci": 26.159400939941406,
            "isdiffpos": "t",
            "ssdistnr": null,
            "ssnamenr": null,
            "drb": null
        },
        {
            "candid": 1706182931615015004,
            "jd": 2459460.6829398,
            "ra": 236.6332407,
            "dec": 25.4290416,
            "fid": 1,
            "nid": 1706,
            "magpsf": 20.20359992980957,
            "sigmapsf": 0.1865749955177307,
            "magnr": 19.097999572753906,
            "sigmagnr": 0.11699999868869781,
            "magzpsci": 26.208599090576172,
            "isdiffpos": "t",
            "ssdistnr": null,
            "ssnamenr": null,
            "drb": null
        },
        {
            "candid": 1706226601615015003,
            "jd": 2459460.7266088,
            "ra": 236.6333051,
            "dec": 25.4290677,
            "fid": 2,
            "nid": 1706,
            "magpsf": 19.086000442504883,
            "sigmapsf": 0.15886999666690826,
            "magnr": 18.59000015258789,
            "sigmagnr": 0.10400000214576721,
            "magzpsci": 26.17099952697754,
            "isdiffpos": "t",
            "ssdistnr": null,
            "ssnamenr": null,
            "drb": null
        },
        {
            "candid": 1708206441615015004,
            "jd": 2459462.7064468,
            "ra": 236.6333004,
            "dec": 25.4290677,
            "fid": 2,
            "nid": 1708,
            "magpsf": 18.983800888061523,
            "sigmapsf": 0.13796299695968628,
            "magnr": 18.59000015258789,
            "sigmagnr": 0.10400000214576721,
            "magzpsci": 26.202800750732422,
            "isdiffpos": "t",
            "ssdistnr": null,
            "ssnamenr": null,
            "drb": null
        },
        {
            "candid": 1710224341615015006,
            "jd": 2459464.7243403,
            "ra": 236.6332571,
            "dec": 25.4290649,
            "fid": 2,
            "nid": 1710,
            "magpsf": 19.076099395751953,
            "sigmapsf": 0.11466900259256363,
            "magnr": 18.59000015258789,
            "sigmagnr": 0.10400000214576721,
            "magzpsci": 26.116100311279297,
            "isdiffpos": "t",
            "ssdistnr": null,
            "ssnamenr": null,
            "drb": null
        },
        {
            "candid": 1710224341615025006,
            "jd": 2459464.7243403,
            "ra": 236.6332571,
            "dec": 25.4290649,
            "fid": 2,
            "nid": 1710,
            "magpsf": 19.076099395751953,
            "sigmapsf": 0.11466900259256363,
            "magnr": 18.59000015258789,
            "sigmagnr": 0.10400000214576721,
            "magzpsci": 26.116100311279297,
            "isdiffpos": "t",
            "ssdistnr": null,
            "ssnamenr": null,
            "drb": null
        },
        {
            "candid": 1712152801615015005,
            "jd": 2459466.6528009,
            "ra": 236.6332743,
            "dec": 25.4290957,
            "fid": 2,
            "nid": 1712,
            "magpsf": 18.93720054626465,
            "sigmapsf": 0.09680300205945969,
            "magnr": 18.59000015258789,
            "sigmagnr": 0.10400000214576721,
            "magzpsci": 26.178199768066406,
            "isdiffpos": "t",
            "ssdistnr": null,
            "ssnamenr": null,
            "drb": null
        },
        {
            "candid": 1715153481615015007,
            "jd": 2459469.6534838,
            "ra": 236.6332626,
            "dec": 25.4290929,
            "fid": 1,
            "nid": 1715,
            "magpsf": 19.839500427246094,
            "sigmapsf": 0.20039500296115875,
            "magnr": 19.097999572753906,
            "sigmagnr": 0.11699999868869781,
            "magzpsci": 26.194499969482422,
            "isdiffpos": "t",
            "ssdistnr": null,
            "ssnamenr": null,
            "drb": null
        },
        {
            "candid": 1715173501615015005,
            "jd": 2459469.6735069,
            "ra": 236.6333137,
            "dec": 25.4290969,
            "fid": 2,
            "nid": 1715,
            "magpsf": 18.824399948120117,
            "sigmapsf": 0.12292099744081497,
            "magnr": 18.59000015258789,
            "sigmagnr": 0.10400000214576721,
            "magzpsci": 26.20439910888672,
            "isdiffpos": "t",
            "ssdistnr": null,
            "ssnamenr": null,
            "drb": null
        },
        {
            "candid": 1717143701615015006,
            "jd": 2459471.6437037,
            "ra": 236.6332963,
            "dec": 25.4290196,
            "fid": 2,
            "nid": 1717,
            "magpsf": 18.834800720214844,
            "sigmapsf": 0.12330500036478043,
            "magnr": 18.59000015258789,
            "sigmagnr": 0.10400000214576721,
            "magzpsci": 26.141799926757812,
            "isdiffpos": "t",
            "ssdistnr": null,
            "ssnamenr": null,
            "drb": null
        },
        {
            "candid": 1719182631615015002,
            "jd": 2459473.6826389,
            "ra": 236.6332565,
            "dec": 25.429094,
            "fid": 1,
            "nid": 1719,
            "magpsf": 19.614599227905273,
            "sigmapsf": 0.22642399370670319,
            "magnr": 19.097999572753906,
            "sigmagnr": 0.11699999868869781,
            "magzpsci": 26.123600006103516,
            "isdiffpos": "t",
            "ssdistnr": null,
            "ssnamenr": null,
            "drb": null
        },
        {
            "candid": 1722160871615015008,
            "jd": 2459476.6608796,
            "ra": 236.633182,
            "dec": 25.4290711,
            "fid": 1,
            "nid": 1722,
            "magpsf": 19.29560089111328,
            "sigmapsf": 0.2297070026397705,
            "magnr": 19.097999572753906,
            "sigmagnr": 0.11699999868869781,
            "magzpsci": 26.15559959411621,
            "isdiffpos": "t",
            "ssdistnr": null,
            "ssnamenr": null,
            "drb": null
        },
        {
            "candid": 1722180891615015002,
            "jd": 2459476.6808912,
            "ra": 236.6332373,
            "dec": 25.4290248,
            "fid": 2,
            "nid": 1722,
            "magpsf": 18.676700592041016,
            "sigmapsf": 0.1524209976196289,
            "magnr": 18.59000015258789,
            "sigmagnr": 0.10400000214576721,
            "magzpsci": 26.181699752807617,
            "isdiffpos": "t",
            "ssdistnr": null,
            "ssnamenr": null,
            "drb": null
        },
        {
            "candid": 1724176481615015003,
            "jd": 2459478.6764815,
            "ra": 236.6332906,
            "dec": 25.4290459,
            "fid": 2,
            "nid": 1724,
            "magpsf": 18.597900390625,
            "sigmapsf": 0.11507699638605118,
            "magnr": 18.59000015258789,
            "sigmagnr": 0.10400000214576721,
            "magzpsci": 26.15089988708496,
            "isdiffpos": "t",
            "ssdistnr": null,
            "ssnamenr": null,
            "drb": null
        },
        {
            "candid": 1726173961615015003,
            "jd": 2459480.6739699,
            "ra": 236.6333014,
            "dec": 25.4290055,
            "fid": 2,
            "nid": 1726,
            "magpsf": 18.7101993560791,
            "sigmapsf": 0.13657300174236298,
            "magnr": 18.59000015258789,
            "sigmagnr": 0.10400000214576721,
            "magzpsci": 26.143199920654297,
            "isdiffpos": "t",
            "ssdistnr": null,
            "ssnamenr": null,
            "drb": null
        },
        {
            "candid": 1732132951615015009,
            "jd": 2459486.6329514,
            "ra": 236.6331454,
            "dec": 25.4290188,
            "fid": 1,
            "nid": 1732,
            "magpsf": 19.61050033569336,
            "sigmapsf": 0.23709799349308014,
            "magnr": 19.097999572753906,
            "sigmagnr": 0.11699999868869781,
            "magzpsci": 26.171499252319336,
            "isdiffpos": "t",
            "ssdistnr": null,
            "ssnamenr": null,
            "drb": null
        },
        {
            "candid": 1732157291615015006,
            "jd": 2459486.6572917,
            "ra": 236.6332365,
            "dec": 25.4290672,
            "fid": 2,
            "nid": 1732,
            "magpsf": 18.569000244140625,
            "sigmapsf": 0.08910799771547318,
            "magnr": 18.59000015258789,
            "sigmagnr": 0.10400000214576721,
            "magzpsci": 26.17799949645996,
            "isdiffpos": "t",
            "ssdistnr": null,
            "ssnamenr": null,
            "drb": null
        },
        {
            "candid": 1734162801615015002,
            "jd": 2459488.6628009,
            "ra": 236.6332864,
            "dec": 25.4290579,
            "fid": 2,
            "nid": 1734,
            "magpsf": 18.516599655151367,
            "sigmapsf": 0.1123720034956932,
            "magnr": 18.59000015258789,
            "sigmagnr": 0.10400000214576721,
            "magzpsci": 26.153589248657227,
            "isdiffpos": "t",
            "ssdistnr": -999.0,
            "ssnamenr": "null",
            "drb": null
        },
        {
            "jd": 2459423.7054398,
            "fid": 1,
            "diffmaglim": 20.65719985961914
        },
        {
            "jd": 2459423.7335185,
            "fid": 2,
            "diffmaglim": 20.269899368286133
        },
        {
            "jd": 2459425.6986806,
            "fid": 2,
            "diffmaglim": 20.50909996032715
        },
        {
            "jd": 2459425.7247222,
            "fid": 1,
            "diffmaglim": 20.563899993896484
        },
        {
            "jd": 2459427.7427083,
            "fid": 1,
            "diffmaglim": 20.427499771118164
        },
        {
            "jd": 2459434.7279282,
            "fid": 1,
            "diffmaglim": 20.64189910888672
        },
        {
            "jd": 2459436.746875,
            "fid": 1,
            "diffmaglim": 19.76490020751953
        },
        {
            "jd": 2459439.6781134,
            "fid": 1,
            "diffmaglim": 19.931800842285156
        },
        {
            "jd": 2459439.7080787,
            "fid": 2,
            "diffmaglim": 19.87470054626465
        },
        {
            "jd": 2459441.7430324,
            "fid": 1,
            "diffmaglim": 19.636199951171875
        },
        {
            "jd": 2459443.6722338,
            "fid": 1,
            "diffmaglim": 19.457500457763672
        },
        {
            "jd": 2459443.7491204,
            "fid": 2,
            "diffmaglim": 19.06760025024414
        },
        {
            "jd": 2459447.6868056,
            "fid": 1,
            "diffmaglim": 19.045700073242188
        },
        {
            "jd": 2459450.7178125,
            "fid": 1,
            "diffmaglim": 19.052099227905273
        },
        {
            "jd": 2459452.7397569,
            "fid": 2,
            "diffmaglim": 17.0093994140625
        },
        {
            "jd": 2459462.6756944,
            "fid": 1,
            "diffmaglim": 20.22760009765625
        },
        {
            "jd": 2459478.6552199,
            "fid": 1,
            "diffmaglim": 18.99329948425293
        },
        {
            "jd": 2459480.6596181,
            "fid": 1,
            "diffmaglim": 19.394100189208984
        }
    ],
    "forcedphot": []
}