{
    "objectId": "ZTF22aaanfhy",
    "candidates": [
        {
            "candid": 1869313355515015005,
            "jd": 2459623.8133565,
            "ra": 179.604644,
            "dec": -14.5198752,
            "fid": 1,
            "nid": 1869,
            "magpsf": 17.69219970703125,
            "sigmapsf": 0.0985030010342598,
            "magnr": 19.697999954223633,
            "sigmagnr": 0.05400000140070915,
            "magzpsci": 26.199199676513672,
            "isdiffpos": "t",
            "ssdistnr": null,
            "ssnamenr": null,
            "drb": 0.9998360276222229
        },
        {
            "candid": 1869376465515015005,
            "jd": 2459623.8764699,
            "ra": 179.6046738,
            "dec": -14.5198625,
            "fid": 2,
            "nid": 1869,
            "magpsf": 17.19339942932129,
            "sigmapsf": 0.03670800104737282,
            "magnr": 19.697999954223633,
            "sigmagnr": 0.11900000274181366,
            "magzpsci": 26.242399215698242,
            "isdiffpos": "t",
            "ssdistnr": null,
            "ssnamenr": null,
            "drb": null
        },
        {
            "candid": 1873356905515015002,
            "jd": 2459627.8569097,
            "ra": 179.60466,
            "dec": -14.5198876,
            "fid": 2,
            "nid": 1873,
            "magpsf": 17.236499786376953,
            "sigmapsf": 0.06139900162816048,
            "magnr": 19.697999954223633,
            "sigmagnr": 0.11900000274181366,
            "magzpsci": 26.193500518798828,
            "isdiffpos": "t",
            "ssdistnr": null,
            "ssnamenr": null,
            "drb": null
        },
        {
            "candid": 1873440305515015006,
            "jd": 2459627.9403009,
            "ra": 179.6047639,
            "dec": -14.5199369,
            "fid": 1,
            "nid": 1873,
            "magpsf": 17.84869956970215,
            "sigmapsf": 0.21780399978160858,
            "magnr": 19.697999954223633,
            "sigmagnr": 0.05400000140070915,
            "magzpsci": 26.273700714111328,
            "isdiffpos": "t",
            "ssdistnr": null,
            "ssnamenr": null,
            "drb": null
        },
        {
            "candid": 1875356735515015000,
            "jd": 2459629.8567361,
            "ra": 179.6046523,
            "dec": -14.519835,
            "fid": 2,
            "nid": 1875,
            "magpsf": 17.248199462890625,
            "sigmapsf": 0.042452000081539154,
            "magnr": 19.697999954223633,
            "sigmagnr": 0.11900000274181366,
            "magzpsci": 26.26020050048828,
            "isdiffpos": "t",
            "ssdistnr": null,
            "ssnamenr": null,
            "drb": null
        },
        {
            "candid": 1875398215515015004,
            "jd": 2459629.8982176,
            "ra": 179.6047282,
            "dec": -14.5198921,
            "fid": 1,
            "nid": 1875,
            "magpsf": 17.797100067138672,
            "sigmapsf": 0.09347999840974808,
            "magnr": 19.697999954223633,
            "sigmagnr": 0.05400000140070915,
            "magzpsci": 26.311100006103516,
            "isdiffpos": "t",
            "ssdistnr": null,
            "ssnamenr": null,
            "drb": null
        },
        {
            "candid": 1882415555515015009,
            "jd": 2459636.9155556,
            "ra": 179.6046745,
            "dec": -14.5198648,
            "fid": 2,
            "nid": 1882,
            "magpsf": 17.313800811767578,
            "sigmapsf": 0.037891000509262085,
            "magnr": 19.697999954223633,
            "sigmagnr": 0.11900000274181366,
            "magzpsci": 26.245800018310547,
            "isdiffpos": "t",
            "ssdistnr": null,
            "ssnamenr": null,
            "drb": null
        },
        {
            "candid": 1882439585515015005,
            "jd": 2459636.9395833,
            "ra": 179.6046822,
            "dec": -14.5198755,
            "fid": 1,
            "nid": 1882,
            "magpsf": 17.937299728393555,
            "sigmapsf": 0.06348700076341629,
            "magnr": 19.697999954223633,
            "sigmagnr": 0.05400000140070915,
            "magzpsci": 26.26729965209961,
            "isdiffpos": "t",
            "ssdistnr": null,
            "ssnamenr": null,
            "drb": null
        },
        {
            "candid": 1885335235515015008,
            "jd": 2459639.8352315,
            "ra": 179.604699,
            "dec": -14.519897,
            "fid": 1,
            "nid": 1885,
            "magpsf": 17.95490074157715,
            "sigmapsf": 0.07185599952936172,
            "magnr": 19.697999954223633,
            "sigmagnr": 0.05400000140070915,
            "magzpsci": 26.287900924682617,
            "isdiffpos": "t",
            "ssdistnr": null,
            "ssnamenr": null,
            "drb": null
        },
        {
            "candid": 1887314175515015027,
            "jd": 2459641.8141782,
            "ra": 179.6046615,
            "dec": -14.519861,
            "fid": 2,
            "nid": 1887,
            "magpsf": 17.35059928894043,
            "sigmapsf": 0.04327499866485596,
            "magnr": 19.697999954223633,
            "sigmagnr": 0.11900000274181366,
            "magzpsci": 26.042600631713867,
            "isdiffpos": "t",
            "ssdistnr": null,
            "ssnamenr": null,
            "drb": null
        },
        {
            "candid": 1887337905515015011,
            "jd": 2459641.8379051,
            "ra": 179.6046693,
            "dec": -14.5198692,
            "fid": 1,
            "nid": 1887,
            "magpsf": 17.95482063293457,
            "sigmapsf": 0.06149499863386154,
            "magnr": 19.697999954223633,
            "sigmagnr": 0.05400000140070915,
            "magzpsci": 26.12282943725586,
            "isdiffpos": "t",
            "ssdistnr": -999.0,
            "ssnamenr": "null",
            "drb": null
        },
        {
            "candid": 1918295095515015012,
            "jd": 2459672.7950926,
            "ra": 179.6046648,
            "dec": -14.5199015,
            "fid": 1,
            "nid": 1918,
            "magpsf": 18.58970069885254,
            "sigmapsf": 0.0725800022482872,
            "magnr": 19.697999954223633,
            "sigmagnr": 0.05400000140070915,
            "magzpsci": 26.204700469970703,
            "isdiffpos": "t",
            "ssdistnr": null,
            "ssnamenr": null,
            "drb": 0.9999489784240723
        },
        {
            "candid": 1918295095515025010,
            "jd": 2459672.7950926,
            "ra": 179.6046686,
            "dec": -14.5198991,
            "fid": 1,
            "nid": 1918,
            "magpsf": 18.597400665283203,
            "sigmapsf": 0.07139000296592712,
            "magnr": 19.697999954223633,
            "sigmagnr": 0.05400000140070915,
            "magzpsci": 26.20439910888672,
            "isdiffpos": "t",
            "ssdistnr": null,
            "ssnamenr": null,
            "drb": null
        },
        {
            "candid": 1921151465515015006,
            "jd": 2459675.6514699,
            "ra": 179.604633,
            "dec": -14.5198486,
            "fid": 1,
            "nid": 1921,
            "magpsf": 18.70039939880371,
            "sigmapsf": 0.12392400205135345,
            "magnr": 19.697999954223633,
            "sigmagnr": 0.05400000140070915,
            "magzpsci": 25.871400833129883,
            "isdiffpos": "t",
            "ssdistnr": null,
            "ssnamenr": null,
            "drb": null
        },
        {
            "candid": 1921208935515015006,
            "jd": 2459675.7089352,
            "ra": 179.6046893,
            "dec": -14.5198717,
            "fid": 2,
            "nid": 1921,
            "magpsf": 17.850900650024414,
            "sigmapsf": 0.054632000625133514,
            "magnr": 19.697999954223633,
            "sigmagnr": 0.11900000274181366,
            "magzpsci": 26.061899185180664,
            "isdiffpos": "t",
            "ssdistnr": null,
            "ssnamenr": null,
            "drb": null
        },
        {
            "candid": 1923164865515015008,
            "jd": 2459677.6648611,
            "ra": 179.6046867,
            "dec": -14.5198686,
            "fid": 2,
            "nid": 1923,
            "magpsf": 17.859899520874023,
            "sigmapsf": 0.060412000864744186,
            "magnr": 19.697999954223633,
            "sigmagnr": 0.11900000274181366,
            "magzpsci": 26.02090072631836,
            "isdiffpos": "t",
            "ssdistnr": null,
            "ssnamenr": null,
            "drb": null
        },
        {
            "candid": 1923231005515015005,
            "jd": 2459677.7310069,
            "ra": 179.6047332,
            "dec": -14.5198951,
            "fid": 1,
            "nid": 1923,
            "magpsf": 18.573299407958984,
            "sigmapsf": 0.11975099891424179,
            "magnr": 19.697999954223633,
            "sigmagnr": 0.05400000140070915,
            "magzpsci": 26.170299530029297,
            "isdiffpos": "t",
            "ssdistnr": null,
            "ssnamenr": null,
            "drb": null
        },
        {
            "candid": 1925253575515015008,
            "jd": 2459679.7535764,
            "ra": 179.6046995,
            "dec": -14.5198473,
            "fid": 1,
            "nid": 1925,
            "magpsf": 18.706100463867188,
            "sigmapsf": 0.11246900260448456,
            "magnr": 19.697999954223633,
            "sigmagnr": 0.05400000140070915,
            "magzpsci": 26.227100372314453,
            "isdiffpos": "t",
            "ssdistnr": null,
            "ssnamenr": null,
            "drb": null
        },
        {
            "candid": 1928210385515015005,
            "jd": 2459682.7103819,
            "ra": 179.6047249,
            "dec": -14.5198093,
            "fid": 1,
            "nid": 1928,
            "magpsf": 18.864299774169922,
            "sigmapsf": 0.1769469976425171,
            "magnr": 19.697999954223633,
            "sigmagnr": 0.05400000140070915,
            "magzpsci": 26.19529914855957,
            "isdiffpos": "t",
            "ssdistnr": null,
            "ssnamenr": null,
            "drb": null
        },
        {
            "candid": 1928293415515015006,
            "jd": 2459682.7934144,
            "ra": 179.6046582,
            "dec": -14.519898,
            "fid": 2,
            "nid": 1928,
            "magpsf": 18.127199172973633,
            "sigmapsf": 0.08784700185060501,
            "magnr": 19.697999954223633,
            "sigmagnr": 0.11900000274181366,
            "magzpsci": 26.217199325561523,
            "isdiffpos": "t",
            "ssdistnr": null,
            "ssnamenr": null,
            "drb": null
        },
        {
            "candid": 1934273465515015003,
            "jd": 2459688.7734606,
            "ra": 179.6046937,
            "dec": -14.5197251,
            "fid": 1,
            "nid": 1934,
            "magpsf": 19.529800415039062,
            "sigmapsf": 0.24744999408721924,
            "magnr": 19.697999954223633,
            "sigmagnr": 0.05400000140070915,
            "magzpsci": 26.260799407958984,
            "isdiffpos": "t",
            "ssdistnr": null,
            "ssnamenr": null,
            "drb": null
        },
        {
            "candid": 1934334725515015017,
            "jd": 2459688.8347222,
            "ra": 179.6046913,
            "dec": -14.5199191,
            "fid": 2,
            "nid": 1934,
            "magpsf": 18.045000076293945,
            "sigmapsf": 0.22613300383090973,
            "magnr": 19.697999954223633,
            "sigmagnr": 0.11900000274181366,
            "magzpsci": 25.170000076293945,
            "isdiffpos": "t",
            "ssdistnr": null,
            "ssnamenr": null,
            "drb": null
        },
        {
            "candid": 1936274035515015005,
            "jd": 2459690.7740394,
            "ra": 179.6046694,
            "dec": -14.5198018,
            "fid": 1,
            "nid": 1936,
            "magpsf": 19.726900100708008,
            "sigmapsf": 0.21273300051689148,
            "magnr": 19.697999954223633,
            "sigmagnr": 0.05400000140070915,
            "magzpsci": 26.217899322509766,
            "isdiffpos": "t",
            "ssdistnr": null,
            "ssnamenr": null,
            "drb": null
        },
        {
            "candid": 1940231655515015004,
            "jd": 2459694.7316551,
            "ra": 179.6046481,
            "dec": -14.5198618,
            "fid": 2,
            "nid": 1940,
            "magpsf": 19.04509925842285,
            "sigmapsf": 0.09521099925041199,
            "magnr": 19.697999954223633,
            "sigmagnr": 0.11900000274181366,
            "magzpsci": 26.08009910583496,
            "isdiffpos": "t",
            "ssdistnr": null,
            "ssnamenr": null,
            "drb": null
        },
        {
            "candid": 1942189765515015004,
            "jd": 2459696.6897685,
            "ra": 179.6047791,
            "dec": -14.5198525,
            "fid": 1,
            "nid": 1942,
            "magpsf": 20.584999084472656,
            "sigmapsf": 0.27607399225234985,
            "magnr": 19.697999954223633,
            "sigmagnr": 0.05400000140070915,
            "magzpsci": 26.176000595092773,
            "isdiffpos": "t",
            "ssdistnr": null,
            "ssnamenr": null,
            "drb": null
        },
        {
            "candid": 1942232245515015012,
            "jd": 2459696.7322454,
            "ra": 179.6046316,
            "dec": -14.5198746,
            "fid": 2,
            "nid": 1942,
            "magpsf": 19.291099548339844,
            "sigmapsf": 0.11282099783420563,
            "magnr": 19.697999954223633,
            "sigmagnr": 0.11900000274181366,
            "magzpsci": 26.159099578857422,
            "isdiffpos": "t",
            "ssdistnr": null,
            "ssnamenr": null,
            "drb": null
        },
        {
            "candid": 1945256525515015004,
            "jd": 2459699.7565278,
            "ra": 179.6046595,
            "dec": -14.5198773,
            "fid": 2,
            "nid": 1945,
            "magpsf": 19.598400115966797,
            "sigmapsf": 0.12509800493717194,
            "magnr": 19.697999954223633,
            "sigmagnr": 0.11900000274181366,
            "magzpsci": 26.14240074157715,
            "isdiffpos": "t",
            "ssdistnr": null,
            "ssnamenr": null,
            "drb": null
        },
        {
            "candid": 1953169005515015002,
            "jd": 2459707.6690046,
            "ra": 179.6046923,
            "dec": -14.5200077,
            "fid": 2,
            "nid": 1953,
            "magpsf": 19.892200469970703,
            "sigmapsf": 0.2619580030441284,
            "magnr": 19.697999954223633,
            "sigmagnr": 0.11900000274181366,
            "magzpsci": 26.209199905395508,
            "isdiffpos": "t",
            "ssdistnr": null,
            "ssnamenr": null,
            "drb": null
        },
        {
            "candid": 1953211145515015009,
            "jd": 2459707.7111458,
            "ra": 179.6046438,
            "dec": -14.5199248,
            "fid": 2,
            "nid": 1953,
            "magpsf": 19.847900390625,
            "sigmapsf": 0.23352999985218048,
            "magnr": 19.697999954223633,
            "sigmagnr": 0.11900000274181366,
            "magzpsci": 26.23189926147461,
            "isdiffpos": "t",
            "ssdistnr": null,
            "ssnamenr": null,
            "drb": null
        },
        {
            "candid": 1955171215515015004,
            "jd": 2459709.6712153,
            "ra": 179.6046956,
            "dec": -14.5198945,
            "fid": 2,
            "nid": 1955,
            "magpsf": 19.718000411987305,
            "sigmapsf": 0.22590500116348267,
            "magnr": 19.697999954223633,
            "sigmagnr": 0.11900000274181366,
            "magzpsci": 26.21299934387207,
            "isdiffpos": "t",
            "ssdistnr": null,
            "ssnamenr": null,
            "drb": null
        },
        {
            "candid": 1955231945515015003,
            "jd": 2459709.7319444,
            "ra": 179.6046777,
            "dec": -14.5198354,
            "fid": 2,
            "nid": 1955,
            "magpsf": 19.876699447631836,
            "sigmapsf": 0.21345500648021698,
            "magnr": 19.697999954223633,
            "sigmagnr": 0.11900000274181366,
            "magzpsci": 26.200700759887695,
            "isdiffpos": "t",
            "ssdistnr": null,
            "ssnamenr": null,
            "drb": null
        },
        {
            "candid": 1961189795515015006,
            "jd": 2459715.6897917,
            "ra": 179.6046614,
            "dec": -14.5198275,
            "fid": 2,
            "nid": 1961,
            "magpsf": 19.913679122924805,
            "sigmapsf": 0.1618500053882599,
            "magnr": 19.697999954223633,
            "sigmagnr": 0.11900000274181366,
            "magzpsci": 26.21367073059082,
            "isdiffpos": "t",
            "ssdistnr": -999.0,
            "ssnamenr": "null",
            "drb": null
        },
        {
            "jd": 2459685.7510764,
            "fid": 2,
            "diffmaglim": 18.84320068359375
        },
        {
            "jd": 2459685.8143866,
            "fid": 1,
            "diffmaglim": 18.191099166870117
        },
        {
            "jd": 2459699.7328472,
            "fid": 1,
            "diffmaglim": 20.157400131225586
        },
        {
            "jd": 2459701.7526736,
            "fid": 1,
            "diffmaglim": 20.19379997253418
        },
        {
            "jd": 2459711.6904977,
            "fid": 1,
            "diffmaglim": 19.201099395751953
        },
        {
            "jd": 2459711.7524537,
            "fid": 2,
            "diffmaglim": 19.172300338745117
        },
        {
            "jd": 2459713.6903125,
            "fid": 1,
            "diffmaglim": 18.940500259399414
        },
        {
            "jd": 2459713.7314699,
            "fid": 2,
            "diffmaglim": 19.058700561523438
        }
    ],
    "forcedphot": []
}