{
    "objectId": "ZTF20aciubjh",
    "candidates": [
        {
            "candid": 1381466240415015005,
            "jd": 2459135.96625,
            "ra": 158.9912987,
            "dec": 44.9081327,
            "fid": 1,
            "nid": 1381,
            "magpsf": 18.91360092163086,
            "sigmapsf": 0.0957460030913353,
            "magnr": 21.58099937438965,
            "sigmagnr": 0.0949999988079071,
            "magzpsci": 26.088600158691406,
            "isdiffpos": "t",
            "ssdistnr": -999.0,
            "ssnamenr": "null",
            "drb": 1.0
        },
        {
            "candid": 1381490480415015002,
            "jd": 2459135.9904861,
            "ra": 158.9912751,
            "dec": 44.9081038,
            "fid": 2,
            "nid": 1381,
            "magpsf": 18.81800079345703,
            "sigmapsf": 0.0983320027589798,
            "magnr": 21.010000228881836,
            "sigmagnr": 0.10599999874830246,
            "magzpsci": 26.197999954223633,
            "isdiffpos": "t",
            "ssdistnr": -999.0,
            "ssnamenr": "null",
            "drb": 0.9999300241470337
        },
        {
            "candid": 1383472980415015006,
            "jd": 2459137.9729861,
            "ra": 158.9912794,
            "dec": 44.9080996,
            "fid": 1,
            "nid": 1383,
            "magpsf": 19.075199127197266,
            "sigmapsf": 0.11271999776363373,
            "magnr": 21.58099937438965,
            "sigmagnr": 0.0949999988079071,
            "magzpsci": 25.970199584960938,
            "isdiffpos": "t",
            "ssdistnr": -999.0,
            "ssnamenr": "null",
            "drb": 0.9999939799308777
        },
        {
            "candid": 1383493800415015006,
            "jd": 2459137.9938079,
            "ra": 158.9912567,
            "dec": 44.9081208,
            "fid": 2,
            "nid": 1383,
            "magpsf": 18.850500106811523,
            "sigmapsf": 0.0818910002708435,
            "magnr": 21.010000228881836,
            "sigmagnr": 0.10599999874830246,
            "magzpsci": 26.12649917602539,
            "isdiffpos": "t",
            "ssdistnr": -999.0,
            "ssnamenr": "null",
            "drb": 0.9999489784240723
        },
        {
            "candid": 1386507530415015007,
            "jd": 2459141.0075347,
            "ra": 158.9912564,
            "dec": 44.9081177,
            "fid": 1,
            "nid": 1386,
            "magpsf": 19.16670036315918,
            "sigmapsf": 0.11723300069570541,
            "magnr": 21.58099937438965,
            "sigmagnr": 0.0949999988079071,
            "magzpsci": 26.204700469970703,
            "isdiffpos": "t",
            "ssdistnr": -999.0,
            "ssnamenr": "null",
            "drb": 0.9999979734420776
        },
        {
            "candid": 1386534980415015006,
            "jd": 2459141.0349884,
            "ra": 158.9912664,
            "dec": 44.9080652,
            "fid": 2,
            "nid": 1386,
            "magpsf": 18.8981990814209,
            "sigmapsf": 0.12268199771642685,
            "magnr": 21.010000228881836,
            "sigmagnr": 0.10599999874830246,
            "magzpsci": 26.21820068359375,
            "isdiffpos": "t",
            "ssdistnr": -999.0,
            "ssnamenr": "null",
            "drb": 0.9999409914016724
        },
        {
            "candid": 1388492430415015006,
            "jd": 2459142.9924306,
            "ra": 158.9912479,
            "dec": 44.9081317,
            "fid": 1,
            "nid": 1388,
            "magpsf": 19.272300720214844,
            "sigmapsf": 0.1000249981880188,
            "magnr": 21.58099937438965,
            "sigmagnr": 0.0949999988079071,
            "magzpsci": 26.270299911499023,
            "isdiffpos": "t",
            "ssdistnr": -999.0,
            "ssnamenr": "null",
            "drb": 0.9999920129776001
        },
        {
            "candid": 1388492430415025006,
            "jd": 2459142.9924306,
            "ra": 158.9912479,
            "dec": 44.9081317,
            "fid": 1,
            "nid": 1388,
            "magpsf": 19.272300720214844,
            "sigmapsf": 0.1000249981880188,
            "magnr": 21.58099937438965,
            "sigmagnr": 0.0949999988079071,
            "magzpsci": 26.270299911499023,
            "isdiffpos": "t",
            "ssdistnr": -999.0,
            "ssnamenr": "-999.0",
            "drb": null
        },
        {
            "candid": 1388531340415015021,
            "jd": 2459143.0313426,
            "ra": 158.9912615,
            "dec": 44.9081348,
            "fid": 2,
            "nid": 1388,
            "magpsf": 19.013900756835938,
            "sigmapsf": 0.0958390012383461,
            "magnr": 21.010000228881836,
            "sigmagnr": 0.10599999874830246,
            "magzpsci": 26.328899383544922,
            "isdiffpos": "t",
            "ssdistnr": -999.0,
            "ssnamenr": "null",
            "drb": 0.9990119934082031
        },
        {
            "candid": 1390512760415015005,
            "jd": 2459145.0127662,
            "ra": 158.9912431,
            "dec": 44.9080968,
            "fid": 1,
            "nid": 1390,
            "magpsf": 19.344600677490234,
            "sigmapsf": 0.09650000184774399,
            "magnr": 21.58099937438965,
            "sigmagnr": 0.0949999988079071,
            "magzpsci": 26.335599899291992,
            "isdiffpos": "t",
            "ssdistnr": -999.0,
            "ssnamenr": "null",
            "drb": 0.9999989867210388
        },
        {
            "candid": 1390536090415015005,
            "jd": 2459145.0360995,
            "ra": 158.9912463,
            "dec": 44.9081092,
            "fid": 2,
            "nid": 1390,
            "magpsf": 18.888200759887695,
            "sigmapsf": 0.07202800363302231,
            "magnr": 21.010000228881836,
            "sigmagnr": 0.10599999874830246,
            "magzpsci": 26.285200119018555,
            "isdiffpos": "t",
            "ssdistnr": -999.0,
            "ssnamenr": "null",
            "drb": 0.9999979734420776
        },
        {
            "candid": 1396431860415015001,
            "jd": 2459150.9318634,
            "ra": 158.9911501,
            "dec": 44.9082133,
            "fid": 1,
            "nid": 1396,
            "magpsf": 19.318700790405273,
            "sigmapsf": 0.3154670000076294,
            "magnr": 21.58099937438965,
            "sigmagnr": 0.0949999988079071,
            "magzpsci": 26.198699951171875,
            "isdiffpos": "t",
            "ssdistnr": -999.0,
            "ssnamenr": "-999.0",
            "drb": null
        },
        {
            "candid": 1396534660415015003,
            "jd": 2459151.0346644,
            "ra": 158.9913041,
            "dec": 44.9081041,
            "fid": 2,
            "nid": 1396,
            "magpsf": 18.856000900268555,
            "sigmapsf": 0.0776979997754097,
            "magnr": 21.010000228881836,
            "sigmagnr": 0.10599999874830246,
            "magzpsci": 26.31599998474121,
            "isdiffpos": "t",
            "ssdistnr": -999.0,
            "ssnamenr": "null",
            "drb": 1.0
        },
        {
            "candid": 1398473590415015004,
            "jd": 2459152.9735995,
            "ra": 158.9913344,
            "dec": 44.9080869,
            "fid": 2,
            "nid": 1398,
            "magpsf": 18.9906005859375,
            "sigmapsf": 0.12971599400043488,
            "magnr": 21.010000228881836,
            "sigmagnr": 0.10599999874830246,
            "magzpsci": 26.301599502563477,
            "isdiffpos": "t",
            "ssdistnr": -999.0,
            "ssnamenr": "null",
            "drb": 0.9999790191650391
        },
        {
            "candid": 1398532710415015002,
            "jd": 2459153.0327199,
            "ra": 158.9913288,
            "dec": 44.9080827,
            "fid": 1,
            "nid": 1398,
            "magpsf": 19.44700050354004,
            "sigmapsf": 0.15125200152397156,
            "magnr": 21.58099937438965,
            "sigmagnr": 0.0949999988079071,
            "magzpsci": 26.384000778198242,
            "isdiffpos": "t",
            "ssdistnr": -999.0,
            "ssnamenr": "null",
            "drb": 0.9995080232620239
        },
        {
            "candid": 1401477750415015000,
            "jd": 2459155.9777546,
            "ra": 158.9912692,
            "dec": 44.9081448,
            "fid": 2,
            "nid": 1401,
            "magpsf": 18.78380012512207,
            "sigmapsf": 0.10052900016307831,
            "magnr": 21.010000228881836,
            "sigmagnr": 0.10599999874830246,
            "magzpsci": 26.290800094604492,
            "isdiffpos": "t",
            "ssdistnr": -999.0,
            "ssnamenr": "null",
            "drb": 0.998528003692627
        },
        {
            "candid": 1401524200415015002,
            "jd": 2459156.0242014,
            "ra": 158.9912742,
            "dec": 44.9081228,
            "fid": 1,
            "nid": 1401,
            "magpsf": 19.24180030822754,
            "sigmapsf": 0.14022499322891235,
            "magnr": 21.58099937438965,
            "sigmagnr": 0.0949999988079071,
            "magzpsci": 26.367799758911133,
            "isdiffpos": "t",
            "ssdistnr": -999.0,
            "ssnamenr": "null",
            "drb": 0.9999920129776001
        },
        {
            "candid": 1403490870415015005,
            "jd": 2459157.9908796,
            "ra": 158.9913467,
            "dec": 44.9081343,
            "fid": 2,
            "nid": 1403,
            "magpsf": 18.777099609375,
            "sigmapsf": 0.08528999984264374,
            "magnr": 21.010000228881836,
            "sigmagnr": 0.10599999874830246,
            "magzpsci": 26.26810073852539,
            "isdiffpos": "t",
            "ssdistnr": -999.0,
            "ssnamenr": "null",
            "drb": 0.9999949932098389
        },
        {
            "candid": 1403513570415015003,
            "jd": 2459158.0135764,
            "ra": 158.9912071,
            "dec": 44.908063,
            "fid": 1,
            "nid": 1403,
            "magpsf": 19.22369956970215,
            "sigmapsf": 0.1186939999461174,
            "magnr": 21.58099937438965,
            "sigmagnr": 0.0949999988079071,
            "magzpsci": 26.365699768066406,
            "isdiffpos": "t",
            "ssdistnr": -999.0,
            "ssnamenr": "null",
            "drb": 0.9996479749679565
        },
        {
            "candid": 1405489750415015002,
            "jd": 2459159.9897569,
            "ra": 158.9912967,
            "dec": 44.9081285,
            "fid": 2,
            "nid": 1405,
            "magpsf": 18.755800247192383,
            "sigmapsf": 0.08434700220823288,
            "magnr": 21.010000228881836,
            "sigmagnr": 0.10599999874830246,
            "magzpsci": 26.302799224853516,
            "isdiffpos": "t",
            "ssdistnr": -999.0,
            "ssnamenr": "null",
            "drb": 0.9998760223388672
        },
        {
            "candid": 1411430700415015004,
            "jd": 2459165.930706,
            "ra": 158.9912778,
            "dec": 44.9081102,
            "fid": 2,
            "nid": 1411,
            "magpsf": 18.696300506591797,
            "sigmapsf": 0.05998700112104416,
            "magnr": 21.010000228881836,
            "sigmagnr": 0.10599999874830246,
            "magzpsci": 26.283300399780273,
            "isdiffpos": "t",
            "ssdistnr": -999.0,
            "ssnamenr": "null",
            "drb": 1.0
        },
        {
            "candid": 1411526350415015012,
            "jd": 2459166.0263542,
            "ra": 158.9912499,
            "dec": 44.908112,
            "fid": 1,
            "nid": 1411,
            "magpsf": 19.356300354003906,
            "sigmapsf": 0.10337399691343307,
            "magnr": 21.58099937438965,
            "sigmagnr": 0.0949999988079071,
            "magzpsci": 26.415300369262695,
            "isdiffpos": "t",
            "ssdistnr": -999.0,
            "ssnamenr": "null",
            "drb": 0.9999979734420776
        },
        {
            "candid": 1414497370415015004,
            "jd": 2459168.9973727,
            "ra": 158.9912999,
            "dec": 44.9080867,
            "fid": 1,
            "nid": 1414,
            "magpsf": 19.41349983215332,
            "sigmapsf": 0.09586499631404877,
            "magnr": 21.58099937438965,
            "sigmagnr": 0.0949999988079071,
            "magzpsci": 26.397499084472656,
            "isdiffpos": "t",
            "ssdistnr": -999.0,
            "ssnamenr": "null",
            "drb": 0.9999970197677612
        },
        {
            "candid": 1414530590415015011,
            "jd": 2459169.0305903,
            "ra": 158.9912725,
            "dec": 44.9081249,
            "fid": 2,
            "nid": 1414,
            "magpsf": 18.78059959411621,
            "sigmapsf": 0.05761300027370453,
            "magnr": 21.010000228881836,
            "sigmagnr": 0.10599999874830246,
            "magzpsci": 26.3966007232666,
            "isdiffpos": "t",
            "ssdistnr": -999.0,
            "ssnamenr": "null",
            "drb": 0.9999849796295166
        },
        {
            "candid": 1416488980415015010,
            "jd": 2459170.9889815,
            "ra": 158.9912157,
            "dec": 44.9081189,
            "fid": 1,
            "nid": 1416,
            "magpsf": 19.54509925842285,
            "sigmapsf": 0.08705700188875198,
            "magnr": 21.58099937438965,
            "sigmagnr": 0.0949999988079071,
            "magzpsci": 26.406099319458008,
            "isdiffpos": "t",
            "ssdistnr": -999.0,
            "ssnamenr": "null",
            "drb": 0.9999979734420776
        },
        {
            "candid": 1416539620415015005,
            "jd": 2459171.0396296,
            "ra": 158.9912666,
            "dec": 44.9081379,
            "fid": 2,
            "nid": 1416,
            "magpsf": 18.76420021057129,
            "sigmapsf": 0.0659869983792305,
            "magnr": 21.010000228881836,
            "sigmagnr": 0.10599999874830246,
            "magzpsci": 26.358200073242188,
            "isdiffpos": "t",
            "ssdistnr": -999.0,
            "ssnamenr": "null",
            "drb": 1.0
        },
        {
            "candid": 1419471000415025004,
            "jd": 2459173.9710069,
            "ra": 158.9912961,
            "dec": 44.9081368,
            "fid": 1,
            "nid": 1419,
            "magpsf": 19.766700744628906,
            "sigmapsf": 0.11165700107812881,
            "magnr": 21.58099937438965,
            "sigmagnr": 0.0949999988079071,
            "magzpsci": 26.383699417114258,
            "isdiffpos": "t",
            "ssdistnr": -999.0,
            "ssnamenr": "-999.0",
            "drb": null
        },
        {
            "candid": 1419516650415025006,
            "jd": 2459174.0166551,
            "ra": 158.9912937,
            "dec": 44.9080768,
            "fid": 2,
            "nid": 1419,
            "magpsf": 18.84589958190918,
            "sigmapsf": 0.07691100239753723,
            "magnr": 21.010000228881836,
            "sigmagnr": 0.10599999874830246,
            "magzpsci": 25.93589973449707,
            "isdiffpos": "t",
            "ssdistnr": -999.0,
            "ssnamenr": "-999.0",
            "drb": null
        },
        {
            "candid": 1421512300415015028,
            "jd": 2459176.0123032,
            "ra": 158.9913024,
            "dec": 44.9081348,
            "fid": 2,
            "nid": 1421,
            "magpsf": 18.870899200439453,
            "sigmapsf": 0.11510100215673447,
            "magnr": 21.010000228881836,
            "sigmagnr": 0.10599999874830246,
            "magzpsci": 25.474899291992188,
            "isdiffpos": "t",
            "ssdistnr": -999.0,
            "ssnamenr": "null",
            "drb": 0.9888899922370911
        },
        {
            "candid": 1421531570415015012,
            "jd": 2459176.0315741,
            "ra": 158.9911508,
            "dec": 44.907979,
            "fid": 1,
            "nid": 1421,
            "magpsf": 19.641599655151367,
            "sigmapsf": 0.2703140079975128,
            "magnr": 21.58099937438965,
            "sigmagnr": 0.0949999988079071,
            "magzpsci": 25.390600204467773,
            "isdiffpos": "t",
            "ssdistnr": -999.0,
            "ssnamenr": "-999.0",
            "drb": null
        },
        {
            "candid": 1423499730415015002,
            "jd": 2459177.9997338,
            "ra": 158.9912789,
            "dec": 44.9081337,
            "fid": 2,
            "nid": 1423,
            "magpsf": 19.053600311279297,
            "sigmapsf": 0.08017099648714066,
            "magnr": 21.010000228881836,
            "sigmagnr": 0.10599999874830246,
            "magzpsci": 26.379600524902344,
            "isdiffpos": "t",
            "ssdistnr": -999.0,
            "ssnamenr": "null",
            "drb": 1.0
        },
        {
            "candid": 1426527840415015003,
            "jd": 2459181.0278472,
            "ra": 158.9912123,
            "dec": 44.9080713,
            "fid": 2,
            "nid": 1426,
            "magpsf": 19.144100189208984,
            "sigmapsf": 0.1636829972267151,
            "magnr": 21.010000228881836,
            "sigmagnr": 0.10599999874830246,
            "magzpsci": 26.318099975585938,
            "isdiffpos": "t",
            "ssdistnr": -999.0,
            "ssnamenr": "-999.0",
            "drb": null
        },
        {
            "candid": 1428489100415015001,
            "jd": 2459182.9891088,
            "ra": 158.9912932,
            "dec": 44.9081158,
            "fid": 2,
            "nid": 1428,
            "magpsf": 19.19879913330078,
            "sigmapsf": 0.11056400090456009,
            "magnr": 21.010000228881836,
            "sigmagnr": 0.10599999874830246,
            "magzpsci": 26.335800170898438,
            "isdiffpos": "t",
            "ssdistnr": -999.0,
            "ssnamenr": "null",
            "drb": 0.9998130202293396
        },
        {
            "candid": 1431477540415015002,
            "jd": 2459185.9775463,
            "ra": 158.9913054,
            "dec": 44.9081284,
            "fid": 2,
            "nid": 1431,
            "magpsf": 19.449800491333008,
            "sigmapsf": 0.1201850026845932,
            "magnr": 21.010000228881836,
            "sigmagnr": 0.10599999874830246,
            "magzpsci": 26.346799850463867,
            "isdiffpos": "t",
            "ssdistnr": -999.0,
            "ssnamenr": "null",
            "drb": 0.9997550249099731
        },
        {
            "candid": 1433498760415015001,
            "jd": 2459187.9987616,
            "ra": 158.9914251,
            "dec": 44.908154,
            "fid": 2,
            "nid": 1433,
            "magpsf": 19.421499252319336,
            "sigmapsf": 0.26941901445388794,
            "magnr": 21.010000228881836,
            "sigmagnr": 0.10599999874830246,
            "magzpsci": 26.324499130249023,
            "isdiffpos": "t",
            "ssdistnr": -999.0,
            "ssnamenr": "-999.0",
            "drb": null
        },
        {
            "candid": 1435478910415015009,
            "jd": 2459189.978912,
            "ra": 158.9913153,
            "dec": 44.9081345,
            "fid": 2,
            "nid": 1435,
            "magpsf": 19.72599983215332,
            "sigmapsf": 0.11737199872732162,
            "magnr": 21.010000228881836,
            "sigmagnr": 0.10599999874830246,
            "magzpsci": 26.4060001373291,
            "isdiffpos": "t",
            "ssdistnr": -999.0,
            "ssnamenr": "null",
            "drb": 0.9999840259552002
        },
        {
            "candid": 1440493630415015003,
            "jd": 2459194.9936343,
            "ra": 158.9913028,
            "dec": 44.9080858,
            "fid": 2,
            "nid": 1440,
            "magpsf": 19.74209976196289,
            "sigmapsf": 0.12996600568294525,
            "magnr": 21.010000228881836,
            "sigmagnr": 0.10599999874830246,
            "magzpsci": 26.33810043334961,
            "isdiffpos": "t",
            "ssdistnr": -999.0,
            "ssnamenr": "null",
            "drb": 0.9999979734420776
        },
        {
            "candid": 1444471670415015002,
            "jd": 2459198.9716782,
            "ra": 158.9912074,
            "dec": 44.9080983,
            "fid": 2,
            "nid": 1444,
            "magpsf": 19.88990020751953,
            "sigmapsf": 0.13320299983024597,
            "magnr": 21.010000228881836,
            "sigmagnr": 0.10599999874830246,
            "magzpsci": 26.362899780273438,
            "isdiffpos": "t",
            "ssdistnr": -999.0,
            "ssnamenr": "null",
            "drb": 0.9999989867210388
        },
        {
            "candid": 1446511110415015002,
            "jd": 2459201.0111111,
            "ra": 158.9913284,
            "dec": 44.9081125,
            "fid": 2,
            "nid": 1446,
            "magpsf": 20.050500869750977,
            "sigmapsf": 0.2303909957408905,
            "magnr": 21.010000228881836,
            "sigmagnr": 0.10599999874830246,
            "magzpsci": 25.97949981689453,
            "isdiffpos": "t",
            "ssdistnr": -999.0,
            "ssnamenr": "-999.0",
            "drb": null
        },
        {
            "candid": 1449470040415015004,
            "jd": 2459203.9700463,
            "ra": 158.9912453,
            "dec": 44.9081392,
            "fid": 2,
            "nid": 1449,
            "magpsf": 19.896799087524414,
            "sigmapsf": 0.23892299830913544,
            "magnr": 21.010000228881836,
            "sigmagnr": 0.10599999874830246,
            "magzpsci": 26.31879997253418,
            "isdiffpos": "t",
            "ssdistnr": -999.0,
            "ssnamenr": "-999.0",
            "drb": null
        },
        {
            "candid": 1456429400415015020,
            "jd": 2459210.9294097,
            "ra": 158.9911416,
            "dec": 44.9081091,
            "fid": 2,
            "nid": 1456,
            "magpsf": 19.780500411987305,
            "sigmapsf": 0.1954279989004135,
            "magnr": 21.010000228881836,
            "sigmagnr": 0.10599999874830246,
            "magzpsci": 26.256500244140625,
            "isdiffpos": "t",
            "ssdistnr": -999.0,
            "ssnamenr": "null",
            "drb": 0.9995989799499512
        },
        {
            "candid": 1464451300415015005,
            "jd": 2459218.9513079,
            "ra": 158.9911714,
            "dec": 44.9080707,
            "fid": 2,
            "nid": 1464,
            "magpsf": 20.11750030517578,
            "sigmapsf": 0.21848300099372864,
            "magnr": 21.010000228881836,
            "sigmagnr": 0.10599999874830246,
            "magzpsci": 26.381500244140625,
            "isdiffpos": "t",
            "ssdistnr": -999.0,
            "ssnamenr": "-999.0",
            "drb": null
        },
        {
            "candid": 1468394080415015007,
            "jd": 2459222.8940856,
            "ra": 158.991377,
            "dec": 44.9081937,
            "fid": 1,
            "nid": 1468,
            "magpsf": 21.288999557495117,
            "sigmapsf": 0.34734201431274414,
            "magnr": 21.58099937438965,
            "sigmagnr": 0.0949999988079071,
            "magzpsci": 26.42300033569336,
            "isdiffpos": "t",
            "ssdistnr": -999.0,
            "ssnamenr": "-999.0",
            "drb": null
        },
        {
            "candid": 1468443030415015007,
            "jd": 2459222.9430324,
            "ra": 158.9912863,
            "dec": 44.9081264,
            "fid": 2,
            "nid": 1468,
            "magpsf": 20.12649917602539,
            "sigmapsf": 0.15503999590873718,
            "magnr": 21.010000228881836,
            "sigmagnr": 0.10599999874830246,
            "magzpsci": 26.387500762939453,
            "isdiffpos": "t",
            "ssdistnr": -999.0,
            "ssnamenr": "null",
            "drb": 0.9945709705352783
        },
        {
            "candid": 1470492800415015003,
            "jd": 2459224.9928009,
            "ra": 158.9913306,
            "dec": 44.9081496,
            "fid": 2,
            "nid": 1470,
            "magpsf": 20.105600357055664,
            "sigmapsf": 0.18493600189685822,
            "magnr": 21.010000228881836,
            "sigmagnr": 0.10599999874830246,
            "magzpsci": 26.32659912109375,
            "isdiffpos": "t",
            "ssdistnr": -999.0,
            "ssnamenr": "null",
            "drb": 0.9999330043792725
        },
        {
            "candid": 1472489910415015007,
            "jd": 2459226.989919,
            "ra": 158.9912332,
            "dec": 44.908147,
            "fid": 2,
            "nid": 1472,
            "magpsf": 20.005699157714844,
            "sigmapsf": 0.15713100135326385,
            "magnr": 21.010000228881836,
            "sigmagnr": 0.10599999874830246,
            "magzpsci": 26.31369972229004,
            "isdiffpos": "t",
            "ssdistnr": -999.0,
            "ssnamenr": "null",
            "drb": 0.9986590147018433
        },
        {
            "candid": 1474491590415015003,
            "jd": 2459228.9915972,
            "ra": 158.99126,
            "dec": 44.908106,
            "fid": 2,
            "nid": 1474,
            "magpsf": 20.108299255371094,
            "sigmapsf": 0.15539099276065826,
            "magnr": 21.010000228881836,
            "sigmagnr": 0.10599999874830246,
            "magzpsci": 26.37529945373535,
            "isdiffpos": "t",
            "ssdistnr": -999.0,
            "ssnamenr": "null",
            "drb": 0.9999920129776001
        },
        {
            "candid": 1476457690415015014,
            "jd": 2459230.9576968,
            "ra": 158.9912535,
            "dec": 44.9081339,
            "fid": 2,
            "nid": 1476,
            "magpsf": 20.062400817871094,
            "sigmapsf": 0.12800200283527374,
            "magnr": 21.010000228881836,
            "sigmagnr": 0.10599999874830246,
            "magzpsci": 26.401399612426758,
            "isdiffpos": "t",
            "ssdistnr": -999.0,
            "ssnamenr": "null",
            "drb": 1.0
        },
        {
            "candid": 1478414680415015017,
            "jd": 2459232.9146875,
            "ra": 158.9912172,
            "dec": 44.9081189,
            "fid": 2,
            "nid": 1478,
            "magpsf": 20.209800720214844,
            "sigmapsf": 0.13234500586986542,
            "magnr": 21.010000228881836,
            "sigmagnr": 0.10599999874830246,
            "magzpsci": 26.400800704956055,
            "isdiffpos": "t",
            "ssdistnr": -999.0,
            "ssnamenr": "null",
            "drb": 0.9985389709472656
        },
        {
            "candid": 1497452250415015005,
            "jd": 2459251.9522569,
            "ra": 158.9911796,
            "dec": 44.9080973,
            "fid": 2,
            "nid": 1497,
            "magpsf": 20.28190040588379,
            "sigmapsf": 0.164110004901886,
            "magnr": 21.010000228881836,
            "sigmagnr": 0.10599999874830246,
            "magzpsci": 26.374900817871094,
            "isdiffpos": "t",
            "ssdistnr": -999.0,
            "ssnamenr": "null",
            "drb": 0.999983012676239
        },
        {
            "jd": 2459147.02856,
            "fid": 2,
            "diffmaglim": 17.990999221801758
        },
        {
            "jd": 2459160.01266,
            "fid": 1,
            "diffmaglim": 20.020999908447266
        },
        {
            "jd": 2459180.98578,
            "fid": 1,
            "diffmaglim": 19.80900001525879
        },
        {
            "jd": 2459183.05465,
            "fid": 1,
            "diffmaglim": 20.04599952697754
        },
        {
            "jd": 2459185.99678,
            "fid": 1,
            "diffmaglim": 19.8439998626709
        },
        {
            "jd": 2459188.01637,
            "fid": 1,
            "diffmaglim": 19.47800064086914
        },
        {
            "jd": 2459189.99729,
            "fid": 1,
            "diffmaglim": 19.704999923706055
        },
        {
            "jd": 2459192.90273,
            "fid": 1,
            "diffmaglim": 18.52400016784668
        },
        {
            "jd": 2459193.02125,
            "fid": 2,
            "diffmaglim": 18.201000213623047
        },
        {
            "jd": 2459194.94866,
            "fid": 1,
            "diffmaglim": 20.558000564575195
        },
        {
            "jd": 2459199.0112,
            "fid": 1,
            "diffmaglim": 20.684999465942383
        },
        {
            "jd": 2459200.97235,
            "fid": 1,
            "diffmaglim": 19.952999114990234
        },
        {
            "jd": 2459203.88858,
            "fid": 1,
            "diffmaglim": 20.488000869750977
        },
        {
            "jd": 2459205.92662,
            "fid": 1,
            "diffmaglim": 20.26799964904785
        },
        {
            "jd": 2459216.90779,
            "fid": 2,
            "diffmaglim": 18.621000289916992
        },
        {
            "jd": 2459216.95206,
            "fid": 1,
            "diffmaglim": 19.583999633789062
        },
        {
            "jd": 2459218.84052,
            "fid": 1,
            "diffmaglim": 20.0310001373291
        },
        {
            "jd": 2459220.93013,
            "fid": 2,
            "diffmaglim": 19.006999969482422
        },
        {
            "jd": 2459220.9505,
            "fid": 1,
            "diffmaglim": 18.659000396728516
        },
        {
            "jd": 2459224.95132,
            "fid": 1,
            "diffmaglim": 20.43199920654297
        }
    ],
    "forcedphot": []
}