{
    "objectId": "ZTF24aaxnvou",
    "candidates": [
        {
            "candid": 2765489363315015004,
            "jd": 2460519.9893634,
            "ra": 96.923091,
            "dec": 52.7278623,
            "fid": 2,
            "nid": 2765,
            "magpsf": 18.44729995727539,
            "sigmapsf": 0.10348200052976608,
            "magnr": 17.94700050354004,
            "sigmagnr": 0.10199999809265137,
            "magzpsci": 26.206300735473633,
            "isdiffpos": "t",
            "ssdistnr": null,
            "ssnamenr": null,
            "drb": 0.9999997615814209
        },
        {
            "candid": 2766485653315015005,
            "jd": 2460520.9856597,
            "ra": 96.9230042,
            "dec": 52.7278651,
            "fid": 2,
            "nid": 2766,
            "magpsf": 18.415700912475586,
            "sigmapsf": 0.0981379970908165,
            "magnr": 17.94700050354004,
            "sigmagnr": 0.10199999809265137,
            "magzpsci": 26.183700561523438,
            "isdiffpos": "t",
            "ssdistnr": null,
            "ssnamenr": null,
            "drb": null
        },
        {
            "candid": 2766489583315015004,
            "jd": 2460520.9895833,
            "ra": 96.9229613,
            "dec": 52.7278692,
            "fid": 2,
            "nid": 2766,
            "magpsf": 18.391300201416016,
            "sigmapsf": 0.08626800030469894,
            "magnr": 17.94700050354004,
            "sigmagnr": 0.10199999809265137,
            "magzpsci": 26.19930076599121,
            "isdiffpos": "t",
            "ssdistnr": null,
            "ssnamenr": null,
            "drb": null
        },
        {
            "candid": 2767482343315015004,
            "jd": 2460521.9823495,
            "ra": 96.9229901,
            "dec": 52.7278397,
            "fid": 2,
            "nid": 2767,
            "magpsf": 18.333999633789062,
            "sigmapsf": 0.0999779999256134,
            "magnr": 17.94700050354004,
            "sigmagnr": 0.10199999809265137,
            "magzpsci": 26.14299964904785,
            "isdiffpos": "t",
            "ssdistnr": null,
            "ssnamenr": null,
            "drb": null
        },
        {
            "candid": 2767485853315015004,
            "jd": 2460521.9858565,
            "ra": 96.9231114,
            "dec": 52.727838,
            "fid": 2,
            "nid": 2767,
            "magpsf": 18.331600189208984,
            "sigmapsf": 0.10407999902963638,
            "magnr": 17.94700050354004,
            "sigmagnr": 0.10199999809265137,
            "magzpsci": 26.151599884033203,
            "isdiffpos": "t",
            "ssdistnr": null,
            "ssnamenr": null,
            "drb": null
        },
        {
            "candid": 2767489373315015003,
            "jd": 2460521.989375,
            "ra": 96.9230694,
            "dec": 52.7278655,
            "fid": 2,
            "nid": 2767,
            "magpsf": 18.34749984741211,
            "sigmapsf": 0.09027499705553055,
            "magnr": 17.94700050354004,
            "sigmagnr": 0.10199999809265137,
            "magzpsci": 26.157499313354492,
            "isdiffpos": "t",
            "ssdistnr": null,
            "ssnamenr": null,
            "drb": null
        },
        {
            "candid": 2768482100115015002,
            "jd": 2460522.9821065,
            "ra": 96.923007,
            "dec": 52.7278226,
            "fid": 2,
            "nid": 2768,
            "magpsf": 18.282400131225586,
            "sigmapsf": 0.0728290006518364,
            "magnr": 18.045000076293945,
            "sigmagnr": 0.10700000077486038,
            "magzpsci": 26.08839988708496,
            "isdiffpos": "t",
            "ssdistnr": null,
            "ssnamenr": null,
            "drb": null
        },
        {
            "candid": 2768485180115015000,
            "jd": 2460522.9851852,
            "ra": 96.9229872,
            "dec": 52.7278248,
            "fid": 2,
            "nid": 2768,
            "magpsf": 18.308500289916992,
            "sigmapsf": 0.08269599825143814,
            "magnr": 18.045000076293945,
            "sigmagnr": 0.10700000077486038,
            "magzpsci": 26.0935001373291,
            "isdiffpos": "t",
            "ssdistnr": null,
            "ssnamenr": null,
            "drb": null
        },
        {
            "candid": 2768488270115015000,
            "jd": 2460522.9882755,
            "ra": 96.9230493,
            "dec": 52.7278461,
            "fid": 2,
            "nid": 2768,
            "magpsf": 18.275691986083984,
            "sigmapsf": 0.07650664448738098,
            "magnr": 18.045000076293945,
            "sigmagnr": 0.10700000077486038,
            "magzpsci": 26.10769271850586,
            "isdiffpos": "t",
            "ssdistnr": -999.0,
            "ssnamenr": "null",
            "drb": null
        },
        {
            "candid": 2800451190115015004,
            "jd": 2460554.9511921,
            "ra": 96.9229971,
            "dec": 52.7278549,
            "fid": 2,
            "nid": 2800,
            "magpsf": 18.600400924682617,
            "sigmapsf": 0.07570700347423553,
            "magnr": 18.045000076293945,
            "sigmagnr": 0.10700000077486038,
            "magzpsci": 26.163400650024414,
            "isdiffpos": "t",
            "ssdistnr": null,
            "ssnamenr": null,
            "drb": 1.0
        },
        {
            "candid": 2800491700115015002,
            "jd": 2460554.9917014,
            "ra": 96.922982,
            "dec": 52.727868,
            "fid": 1,
            "nid": 2800,
            "magpsf": 19.18120002746582,
            "sigmapsf": 0.1073329970240593,
            "magnr": 18.417999267578125,
            "sigmagnr": 0.07800000160932541,
            "magzpsci": 26.24220085144043,
            "isdiffpos": "t",
            "ssdistnr": null,
            "ssnamenr": null,
            "drb": null
        },
        {
            "candid": 2803455330115015001,
            "jd": 2460557.9553356,
            "ra": 96.9229925,
            "dec": 52.7278599,
            "fid": 2,
            "nid": 2803,
            "magpsf": 18.664400100708008,
            "sigmapsf": 0.07289300113916397,
            "magnr": 18.045000076293945,
            "sigmagnr": 0.10700000077486038,
            "magzpsci": 26.163299560546875,
            "isdiffpos": "t",
            "ssdistnr": null,
            "ssnamenr": null,
            "drb": null
        },
        {
            "candid": 2803487390115015002,
            "jd": 2460557.9873958,
            "ra": 96.9230019,
            "dec": 52.727865,
            "fid": 1,
            "nid": 2803,
            "magpsf": 19.22570037841797,
            "sigmapsf": 0.13532499969005585,
            "magnr": 18.417999267578125,
            "sigmagnr": 0.07800000160932541,
            "magzpsci": 26.222700119018555,
            "isdiffpos": "t",
            "ssdistnr": null,
            "ssnamenr": null,
            "drb": null
        },
        {
            "candid": 2805392910115015002,
            "jd": 2460559.8929167,
            "ra": 96.9230663,
            "dec": 52.7278589,
            "fid": 2,
            "nid": 2805,
            "magpsf": 18.64780044555664,
            "sigmapsf": 0.09195400029420853,
            "magnr": 18.045000076293945,
            "sigmagnr": 0.10700000077486038,
            "magzpsci": 26.03380012512207,
            "isdiffpos": "t",
            "ssdistnr": null,
            "ssnamenr": null,
            "drb": null
        },
        {
            "candid": 2808427250115015005,
            "jd": 2460562.9272569,
            "ra": 96.9229532,
            "dec": 52.7278943,
            "fid": 2,
            "nid": 2808,
            "magpsf": 18.766399383544922,
            "sigmapsf": 0.08356799930334091,
            "magnr": 18.045000076293945,
            "sigmagnr": 0.10700000077486038,
            "magzpsci": 25.975400924682617,
            "isdiffpos": "t",
            "ssdistnr": null,
            "ssnamenr": null,
            "drb": null
        },
        {
            "candid": 2808427250115025005,
            "jd": 2460562.9272569,
            "ra": 96.9229532,
            "dec": 52.7278943,
            "fid": 2,
            "nid": 2808,
            "magpsf": 18.766399383544922,
            "sigmapsf": 0.08356799930334091,
            "magnr": 18.045000076293945,
            "sigmagnr": 0.10700000077486038,
            "magzpsci": 25.975400924682617,
            "isdiffpos": "t",
            "ssdistnr": null,
            "ssnamenr": null,
            "drb": null
        },
        {
            "candid": 2808468430115015004,
            "jd": 2460562.9684375,
            "ra": 96.9230395,
            "dec": 52.7278759,
            "fid": 1,
            "nid": 2808,
            "magpsf": 19.361000061035156,
            "sigmapsf": 0.13202600181102753,
            "magnr": 18.417999267578125,
            "sigmagnr": 0.07800000160932541,
            "magzpsci": 26.042999267578125,
            "isdiffpos": "t",
            "ssdistnr": null,
            "ssnamenr": null,
            "drb": null
        },
        {
            "candid": 2811425570115015004,
            "jd": 2460565.9255787,
            "ra": 96.9229979,
            "dec": 52.7278687,
            "fid": 1,
            "nid": 2811,
            "magpsf": 19.427499771118164,
            "sigmapsf": 0.11419399827718735,
            "magnr": 18.417999267578125,
            "sigmagnr": 0.07800000160932541,
            "magzpsci": 26.202499389648438,
            "isdiffpos": "t",
            "ssdistnr": null,
            "ssnamenr": null,
            "drb": null
        },
        {
            "candid": 2811466950115015008,
            "jd": 2460565.966956,
            "ra": 96.9229904,
            "dec": 52.7278623,
            "fid": 2,
            "nid": 2811,
            "magpsf": 18.806499481201172,
            "sigmapsf": 0.08389200270175934,
            "magnr": 18.045000076293945,
            "sigmagnr": 0.10700000077486038,
            "magzpsci": 26.21649932861328,
            "isdiffpos": "t",
            "ssdistnr": null,
            "ssnamenr": null,
            "drb": null
        },
        {
            "candid": 2814411000115015001,
            "jd": 2460568.9110069,
            "ra": 96.9229915,
            "dec": 52.7278506,
            "fid": 2,
            "nid": 2814,
            "magpsf": 18.72610092163086,
            "sigmapsf": 0.07771000266075134,
            "magnr": 18.045000076293945,
            "sigmagnr": 0.10700000077486038,
            "magzpsci": 26.204099655151367,
            "isdiffpos": "t",
            "ssdistnr": null,
            "ssnamenr": null,
            "drb": null
        },
        {
            "candid": 2814411000115025001,
            "jd": 2460568.9110069,
            "ra": 96.92299,
            "dec": 52.7278504,
            "fid": 2,
            "nid": 2814,
            "magpsf": 18.72089958190918,
            "sigmapsf": 0.0765409991145134,
            "magnr": 18.045000076293945,
            "sigmagnr": 0.10700000077486038,
            "magzpsci": 26.200899124145508,
            "isdiffpos": "t",
            "ssdistnr": null,
            "ssnamenr": null,
            "drb": null
        },
        {
            "candid": 2814495790115015005,
            "jd": 2460568.9957986,
            "ra": 96.9230138,
            "dec": 52.72784,
            "fid": 1,
            "nid": 2814,
            "magpsf": 19.47610092163086,
            "sigmapsf": 0.12269099801778793,
            "magnr": 18.417999267578125,
            "sigmagnr": 0.07800000160932541,
            "magzpsci": 26.300100326538086,
            "isdiffpos": "t",
            "ssdistnr": null,
            "ssnamenr": null,
            "drb": null
        },
        {
            "candid": 2818405450115015002,
            "jd": 2460572.9054514,
            "ra": 96.9229361,
            "dec": 52.7279301,
            "fid": 1,
            "nid": 2818,
            "magpsf": 19.44860076904297,
            "sigmapsf": 0.25018200278282166,
            "magnr": 18.417999267578125,
            "sigmagnr": 0.07800000160932541,
            "magzpsci": 26.241600036621094,
            "isdiffpos": "t",
            "ssdistnr": null,
            "ssnamenr": null,
            "drb": null
        },
        {
            "candid": 2818473310115015002,
            "jd": 2460572.9733102,
            "ra": 96.9230193,
            "dec": 52.7278375,
            "fid": 2,
            "nid": 2818,
            "magpsf": 18.90329933166504,
            "sigmapsf": 0.11158400028944016,
            "magnr": 18.045000076293945,
            "sigmagnr": 0.10700000077486038,
            "magzpsci": 26.225299835205078,
            "isdiffpos": "t",
            "ssdistnr": null,
            "ssnamenr": null,
            "drb": null
        },
        {
            "candid": 2818473310115025002,
            "jd": 2460572.9733102,
            "ra": 96.9230193,
            "dec": 52.7278375,
            "fid": 2,
            "nid": 2818,
            "magpsf": 18.90329933166504,
            "sigmapsf": 0.11158400028944016,
            "magnr": 18.045000076293945,
            "sigmagnr": 0.10700000077486038,
            "magzpsci": 26.225299835205078,
            "isdiffpos": "t",
            "ssdistnr": null,
            "ssnamenr": null,
            "drb": null
        },
        {
            "candid": 2821372240115015003,
            "jd": 2460575.8722454,
            "ra": 96.9229513,
            "dec": 52.7278572,
            "fid": 2,
            "nid": 2821,
            "magpsf": 18.808300018310547,
            "sigmapsf": 0.09962400048971176,
            "magnr": 18.045000076293945,
            "sigmagnr": 0.10700000077486038,
            "magzpsci": 26.146299362182617,
            "isdiffpos": "t",
            "ssdistnr": null,
            "ssnamenr": null,
            "drb": null
        },
        {
            "candid": 2821408240115015002,
            "jd": 2460575.9082407,
            "ra": 96.9230798,
            "dec": 52.7277847,
            "fid": 1,
            "nid": 2821,
            "magpsf": 19.438199996948242,
            "sigmapsf": 0.18624700605869293,
            "magnr": 18.417999267578125,
            "sigmagnr": 0.07800000160932541,
            "magzpsci": 26.213199615478516,
            "isdiffpos": "t",
            "ssdistnr": null,
            "ssnamenr": null,
            "drb": null
        },
        {
            "candid": 2822485010115015003,
            "jd": 2460576.9850116,
            "ra": 96.9229869,
            "dec": 52.7279144,
            "fid": 1,
            "nid": 2822,
            "magpsf": 19.749399185180664,
            "sigmapsf": 0.18623100221157074,
            "magnr": 18.417999267578125,
            "sigmagnr": 0.07800000160932541,
            "magzpsci": 26.28339958190918,
            "isdiffpos": "t",
            "ssdistnr": null,
            "ssnamenr": null,
            "drb": null
        },
        {
            "candid": 2823385110115015002,
            "jd": 2460577.8851157,
            "ra": 96.9229949,
            "dec": 52.7279137,
            "fid": 1,
            "nid": 2823,
            "magpsf": 19.675100326538086,
            "sigmapsf": 0.3351899981498718,
            "magnr": 18.417999267578125,
            "sigmagnr": 0.07800000160932541,
            "magzpsci": 26.19809913635254,
            "isdiffpos": "t",
            "ssdistnr": null,
            "ssnamenr": null,
            "drb": null
        },
        {
            "candid": 2823475180115015002,
            "jd": 2460577.9751852,
            "ra": 96.9229978,
            "dec": 52.7278504,
            "fid": 2,
            "nid": 2823,
            "magpsf": 18.81130027770996,
            "sigmapsf": 0.09003199636936188,
            "magnr": 18.045000076293945,
            "sigmagnr": 0.10700000077486038,
            "magzpsci": 26.217300415039062,
            "isdiffpos": "t",
            "ssdistnr": null,
            "ssnamenr": null,
            "drb": null
        },
        {
            "candid": 2837430820115015013,
            "jd": 2460591.9308218,
            "ra": 96.9230191,
            "dec": 52.7278562,
            "fid": 1,
            "nid": 2837,
            "magpsf": 19.715700149536133,
            "sigmapsf": 0.17583100497722626,
            "magnr": 18.417999267578125,
            "sigmagnr": 0.07800000160932541,
            "magzpsci": 26.252700805664062,
            "isdiffpos": "t",
            "ssdistnr": null,
            "ssnamenr": null,
            "drb": null
        },
        {
            "candid": 2837507600115015003,
            "jd": 2460592.0076042,
            "ra": 96.9230346,
            "dec": 52.7278825,
            "fid": 2,
            "nid": 2837,
            "magpsf": 18.972700119018555,
            "sigmapsf": 0.09506700187921524,
            "magnr": 18.045000076293945,
            "sigmagnr": 0.10700000077486038,
            "magzpsci": 26.07069969177246,
            "isdiffpos": "t",
            "ssdistnr": null,
            "ssnamenr": null,
            "drb": null
        },
        {
            "candid": 2840470570115015007,
            "jd": 2460594.9705787,
            "ra": 96.9229485,
            "dec": 52.7278597,
            "fid": 1,
            "nid": 2840,
            "magpsf": 19.71780014038086,
            "sigmapsf": 0.16966000199317932,
            "magnr": 18.417999267578125,
            "sigmagnr": 0.07800000160932541,
            "magzpsci": 26.322799682617188,
            "isdiffpos": "t",
            "ssdistnr": null,
            "ssnamenr": null,
            "drb": null
        },
        {
            "candid": 2840506210115015003,
            "jd": 2460595.0062153,
            "ra": 96.9230019,
            "dec": 52.7278689,
            "fid": 2,
            "nid": 2840,
            "magpsf": 18.96969985961914,
            "sigmapsf": 0.09896600246429443,
            "magnr": 18.045000076293945,
            "sigmagnr": 0.10700000077486038,
            "magzpsci": 26.25469970703125,
            "isdiffpos": "t",
            "ssdistnr": null,
            "ssnamenr": null,
            "drb": null
        },
        {
            "candid": 2841435640115015001,
            "jd": 2460595.9356481,
            "ra": 96.9230548,
            "dec": 52.7278877,
            "fid": 1,
            "nid": 2841,
            "magpsf": 19.97330093383789,
            "sigmapsf": 0.17802399396896362,
            "magnr": 18.417999267578125,
            "sigmagnr": 0.07800000160932541,
            "magzpsci": 26.21430015563965,
            "isdiffpos": "t",
            "ssdistnr": null,
            "ssnamenr": null,
            "drb": null
        },
        {
            "candid": 2841492210115015004,
            "jd": 2460595.9922106,
            "ra": 96.9230008,
            "dec": 52.7278653,
            "fid": 2,
            "nid": 2841,
            "magpsf": 18.97640037536621,
            "sigmapsf": 0.08644100278615952,
            "magnr": 18.045000076293945,
            "sigmagnr": 0.10700000077486038,
            "magzpsci": 26.265399932861328,
            "isdiffpos": "t",
            "ssdistnr": null,
            "ssnamenr": null,
            "drb": null
        },
        {
            "candid": 2843429820115015002,
            "jd": 2460597.9298264,
            "ra": 96.9230762,
            "dec": 52.7278272,
            "fid": 1,
            "nid": 2843,
            "magpsf": 19.94879913330078,
            "sigmapsf": 0.1821810007095337,
            "magnr": 18.417999267578125,
            "sigmagnr": 0.07800000160932541,
            "magzpsci": 26.334800720214844,
            "isdiffpos": "t",
            "ssdistnr": null,
            "ssnamenr": null,
            "drb": null
        },
        {
            "candid": 2843486310115015002,
            "jd": 2460597.9863194,
            "ra": 96.9229695,
            "dec": 52.7278794,
            "fid": 2,
            "nid": 2843,
            "magpsf": 18.95840072631836,
            "sigmapsf": 0.07738500088453293,
            "magnr": 18.045000076293945,
            "sigmagnr": 0.10700000077486038,
            "magzpsci": 26.27239990234375,
            "isdiffpos": "t",
            "ssdistnr": null,
            "ssnamenr": null,
            "drb": null
        },
        {
            "candid": 2845406580115015002,
            "jd": 2460599.9065856,
            "ra": 96.9230219,
            "dec": 52.7279001,
            "fid": 2,
            "nid": 2845,
            "magpsf": 18.946199417114258,
            "sigmapsf": 0.09816300123929977,
            "magnr": 18.045000076293945,
            "sigmagnr": 0.10700000077486038,
            "magzpsci": 26.243200302124023,
            "isdiffpos": "t",
            "ssdistnr": null,
            "ssnamenr": null,
            "drb": null
        },
        {
            "candid": 2850411140115015004,
            "jd": 2460604.9111458,
            "ra": 96.9230055,
            "dec": 52.7278837,
            "fid": 2,
            "nid": 2850,
            "magpsf": 18.941200256347656,
            "sigmapsf": 0.08833300322294235,
            "magnr": 18.045000076293945,
            "sigmagnr": 0.10700000077486038,
            "magzpsci": 26.26420021057129,
            "isdiffpos": "t",
            "ssdistnr": null,
            "ssnamenr": null,
            "drb": null
        },
        {
            "candid": 2850411140115025004,
            "jd": 2460604.9111458,
            "ra": 96.9230055,
            "dec": 52.7278837,
            "fid": 2,
            "nid": 2850,
            "magpsf": 18.941200256347656,
            "sigmapsf": 0.08833300322294235,
            "magnr": 18.045000076293945,
            "sigmagnr": 0.10700000077486038,
            "magzpsci": 26.26420021057129,
            "isdiffpos": "t",
            "ssdistnr": null,
            "ssnamenr": null,
            "drb": null
        },
        {
            "candid": 2852340670115015000,
            "jd": 2460606.8406713,
            "ra": 96.922981,
            "dec": 52.7278693,
            "fid": 2,
            "nid": 2852,
            "magpsf": 18.92650032043457,
            "sigmapsf": 0.10473799705505371,
            "magnr": 18.045000076293945,
            "sigmagnr": 0.10700000077486038,
            "magzpsci": 26.24650001525879,
            "isdiffpos": "t",
            "ssdistnr": null,
            "ssnamenr": null,
            "drb": null
        },
        {
            "candid": 2854363440115015001,
            "jd": 2460608.8634491,
            "ra": 96.9230895,
            "dec": 52.7278883,
            "fid": 1,
            "nid": 2854,
            "magpsf": 20.1648006439209,
            "sigmapsf": 0.20778299868106842,
            "magnr": 18.417999267578125,
            "sigmagnr": 0.07800000160932541,
            "magzpsci": 26.303800582885742,
            "isdiffpos": "t",
            "ssdistnr": null,
            "ssnamenr": null,
            "drb": null
        },
        {
            "candid": 2854430280115015001,
            "jd": 2460608.9302894,
            "ra": 96.9229996,
            "dec": 52.7278587,
            "fid": 2,
            "nid": 2854,
            "magpsf": 19.02869987487793,
            "sigmapsf": 0.08831900358200073,
            "magnr": 18.045000076293945,
            "sigmagnr": 0.10700000077486038,
            "magzpsci": 26.25469970703125,
            "isdiffpos": "t",
            "ssdistnr": null,
            "ssnamenr": null,
            "drb": null
        },
        {
            "candid": 2856382310115015008,
            "jd": 2460610.8823148,
            "ra": 96.9229526,
            "dec": 52.7278708,
            "fid": 2,
            "nid": 2856,
            "magpsf": 19.095500946044922,
            "sigmapsf": 0.11574400216341019,
            "magnr": 18.045000076293945,
            "sigmagnr": 0.10700000077486038,
            "magzpsci": 25.772499084472656,
            "isdiffpos": "t",
            "ssdistnr": null,
            "ssnamenr": null,
            "drb": null
        },
        {
            "candid": 2860445750115015004,
            "jd": 2460614.9457523,
            "ra": 96.9229928,
            "dec": 52.727845,
            "fid": 2,
            "nid": 2860,
            "magpsf": 19.00119972229004,
            "sigmapsf": 0.0712909996509552,
            "magnr": 18.045000076293945,
            "sigmagnr": 0.10700000077486038,
            "magzpsci": 26.252199172973633,
            "isdiffpos": "t",
            "ssdistnr": null,
            "ssnamenr": null,
            "drb": null
        },
        {
            "candid": 2864323750115015002,
            "jd": 2460618.82375,
            "ra": 96.9231159,
            "dec": 52.72782,
            "fid": 2,
            "nid": 2864,
            "magpsf": 19.093799591064453,
            "sigmapsf": 0.1262110024690628,
            "magnr": 18.045000076293945,
            "sigmagnr": 0.10700000077486038,
            "magzpsci": 26.212799072265625,
            "isdiffpos": "t",
            "ssdistnr": null,
            "ssnamenr": null,
            "drb": null
        },
        {
            "candid": 2867389020115015008,
            "jd": 2460621.8890278,
            "ra": 96.9230784,
            "dec": 52.7278366,
            "fid": 2,
            "nid": 2867,
            "magpsf": 19.091999053955078,
            "sigmapsf": 0.17991900444030762,
            "magnr": 18.045000076293945,
            "sigmagnr": 0.10700000077486038,
            "magzpsci": 26.243000030517578,
            "isdiffpos": "t",
            "ssdistnr": null,
            "ssnamenr": null,
            "drb": null
        },
        {
            "candid": 2867389020115025008,
            "jd": 2460621.8890278,
            "ra": 96.9230784,
            "dec": 52.7278366,
            "fid": 2,
            "nid": 2867,
            "magpsf": 19.091999053955078,
            "sigmapsf": 0.17991900444030762,
            "magnr": 18.045000076293945,
            "sigmagnr": 0.10700000077486038,
            "magzpsci": 26.243000030517578,
            "isdiffpos": "t",
            "ssdistnr": null,
            "ssnamenr": null,
            "drb": null
        },
        {
            "candid": 2869425900115015003,
            "jd": 2460623.9259028,
            "ra": 96.9230018,
            "dec": 52.7278675,
            "fid": 2,
            "nid": 2869,
            "magpsf": 19.111799240112305,
            "sigmapsf": 0.0818059965968132,
            "magnr": 18.045000076293945,
            "sigmagnr": 0.10700000077486038,
            "magzpsci": 26.269800186157227,
            "isdiffpos": "t",
            "ssdistnr": null,
            "ssnamenr": null,
            "drb": null
        },
        {
            "candid": 2871339510115015002,
            "jd": 2460625.8395139,
            "ra": 96.922963,
            "dec": 52.7278329,
            "fid": 2,
            "nid": 2871,
            "magpsf": 19.167699813842773,
            "sigmapsf": 0.11208800226449966,
            "magnr": 18.045000076293945,
            "sigmagnr": 0.10700000077486038,
            "magzpsci": 26.239700317382812,
            "isdiffpos": "t",
            "ssdistnr": null,
            "ssnamenr": null,
            "drb": null
        },
        {
            "candid": 2874282320115015001,
            "jd": 2460628.7823264,
            "ra": 96.9229407,
            "dec": 52.7279166,
            "fid": 2,
            "nid": 2874,
            "magpsf": 19.29129981994629,
            "sigmapsf": 0.15737099945545197,
            "magnr": 18.045000076293945,
            "sigmagnr": 0.10700000077486038,
            "magzpsci": 26.238300323486328,
            "isdiffpos": "t",
            "ssdistnr": null,
            "ssnamenr": null,
            "drb": null
        },
        {
            "candid": 2877312650115015005,
            "jd": 2460631.8126505,
            "ra": 96.9229808,
            "dec": 52.7278028,
            "fid": 2,
            "nid": 2877,
            "magpsf": 19.144699096679688,
            "sigmapsf": 0.14758799970149994,
            "magnr": 18.045000076293945,
            "sigmagnr": 0.10700000077486038,
            "magzpsci": 26.247699737548828,
            "isdiffpos": "t",
            "ssdistnr": null,
            "ssnamenr": null,
            "drb": null
        },
        {
            "candid": 2880383910115015002,
            "jd": 2460634.883912,
            "ra": 96.9230103,
            "dec": 52.7278481,
            "fid": 2,
            "nid": 2880,
            "magpsf": 19.434600830078125,
            "sigmapsf": 0.14395900070667267,
            "magnr": 18.045000076293945,
            "sigmagnr": 0.10700000077486038,
            "magzpsci": 26.25160026550293,
            "isdiffpos": "t",
            "ssdistnr": null,
            "ssnamenr": null,
            "drb": null
        },
        {
            "candid": 2881433700115015003,
            "jd": 2460635.9337037,
            "ra": 96.9229704,
            "dec": 52.7279825,
            "fid": 2,
            "nid": 2881,
            "magpsf": 19.08300018310547,
            "sigmapsf": 0.22691099345684052,
            "magnr": 18.045000076293945,
            "sigmagnr": 0.10700000077486038,
            "magzpsci": 25.735000610351562,
            "isdiffpos": "t",
            "ssdistnr": null,
            "ssnamenr": null,
            "drb": null
        },
        {
            "candid": 2883362020115015003,
            "jd": 2460637.8620255,
            "ra": 96.9229286,
            "dec": 52.7278802,
            "fid": 2,
            "nid": 2883,
            "magpsf": 19.49250030517578,
            "sigmapsf": 0.11896499991416931,
            "magnr": 18.045000076293945,
            "sigmagnr": 0.10700000077486038,
            "magzpsci": 26.260499954223633,
            "isdiffpos": "t",
            "ssdistnr": null,
            "ssnamenr": null,
            "drb": null
        },
        {
            "candid": 2890343800115015003,
            "jd": 2460644.8438079,
            "ra": 96.9230259,
            "dec": 52.7278947,
            "fid": 2,
            "nid": 2890,
            "magpsf": 20.087127685546875,
            "sigmapsf": 0.19519156217575073,
            "magnr": 18.045000076293945,
            "sigmagnr": 0.10700000077486038,
            "magzpsci": 26.26312828063965,
            "isdiffpos": "t",
            "ssdistnr": -999.0,
            "ssnamenr": "null",
            "drb": null
        },
        {
            "jd": 2460568.9957986,
            "fid": 1,
            "diffmaglim": 20.8700008392334
        },
        {
            "jd": 2460599.854456,
            "fid": 1,
            "diffmaglim": 19.364500045776367
        },
        {
            "jd": 2460602.9518634,
            "fid": 1,
            "diffmaglim": 19.20789909362793
        },
        {
            "jd": 2460604.8398727,
            "fid": 1,
            "diffmaglim": 19.611099243164062
        },
        {
            "jd": 2460606.8676389,
            "fid": 1,
            "diffmaglim": 20.040700912475586
        },
        {
            "jd": 2460610.9477894,
            "fid": 1,
            "diffmaglim": 19.712799072265625
        },
        {
            "jd": 2460614.98625,
            "fid": 1,
            "diffmaglim": 20.55900001525879
        },
        {
            "jd": 2460618.8703588,
            "fid": 1,
            "diffmaglim": 20.256399154663086
        },
        {
            "jd": 2460621.9253009,
            "fid": 1,
            "diffmaglim": 20.078500747680664
        },
        {
            "jd": 2460623.9466782,
            "fid": 1,
            "diffmaglim": 20.486799240112305
        },
        {
            "jd": 2460625.9129514,
            "fid": 1,
            "diffmaglim": 20.567800521850586
        },
        {
            "jd": 2460626.7450116,
            "fid": 1,
            "diffmaglim": 18.414400100708008
        },
        {
            "jd": 2460628.9081597,
            "fid": 1,
            "diffmaglim": 18.740800857543945
        },
        {
            "jd": 2460631.7386574,
            "fid": 1,
            "diffmaglim": 18.553800582885742
        },
        {
            "jd": 2460634.9063194,
            "fid": 1,
            "diffmaglim": 19.811899185180664
        },
        {
            "jd": 2460635.8673148,
            "fid": 1,
            "diffmaglim": 20.837499618530273
        },
        {
            "jd": 2460637.7591435,
            "fid": 1,
            "diffmaglim": 19.216400146484375
        },
        {
            "jd": 2460640.8045718,
            "fid": 1,
            "diffmaglim": 20.412900924682617
        },
        {
            "jd": 2460640.8642824,
            "fid": 2,
            "diffmaglim": 19.95599937438965
        }
    ],
    "forcedphot": [
        {
            "objectid": "ZTF24aaxnvou",
            "jd": 2460519.9893634,
            "ranr": -99999.0,
            "decnr": -99999.0,
            "fid": 2,
            "forcediffimflux": -99999.0,
            "forcediffimfluxunc": -99999.0,
            "magzpsci": 26.216400146484375
        },
        {
            "objectid": "ZTF24aaxnvou",
            "jd": 2460520.9856597,
            "ranr": 96.9223489,
            "decnr": 52.7277086,
            "fid": 2,
            "forcediffimflux": 1293.6982421875,
            "forcediffimfluxunc": 55.2131462097168,
            "magzpsci": 26.183700561523438
        },
        {
            "objectid": "ZTF24aaxnvou",
            "jd": 2460520.9895833,
            "ranr": -99999.0,
            "decnr": -99999.0,
            "fid": 2,
            "forcediffimflux": -99999.0,
            "forcediffimfluxunc": -99999.0,
            "magzpsci": 26.226600646972656
        },
        {
            "objectid": "ZTF24aaxnvou",
            "jd": 2460521.9823495,
            "ranr": 96.9223489,
            "decnr": 52.7277086,
            "fid": 2,
            "forcediffimflux": 1269.546875,
            "forcediffimfluxunc": 68.34550476074219,
            "magzpsci": 26.14299964904785
        },
        {
            "objectid": "ZTF24aaxnvou",
            "jd": 2460521.9858565,
            "ranr": 96.9223489,
            "decnr": 52.7277086,
            "fid": 2,
            "forcediffimflux": 1282.6641845703125,
            "forcediffimfluxunc": 72.86224365234375,
            "magzpsci": 26.151599884033203
        },
        {
            "objectid": "ZTF24aaxnvou",
            "jd": 2460521.989375,
            "ranr": -99999.0,
            "decnr": -99999.0,
            "fid": 2,
            "forcediffimflux": -99999.0,
            "forcediffimfluxunc": -99999.0,
            "magzpsci": 26.169099807739258
        },
        {
            "objectid": "ZTF24aaxnvou",
            "jd": 2460522.9821065,
            "ranr": 96.9223838,
            "decnr": 52.7277375,
            "fid": 2,
            "forcediffimflux": 1314.7530517578125,
            "forcediffimfluxunc": 43.65294647216797,
            "magzpsci": 26.08839988708496
        },
        {
            "objectid": "ZTF24aaxnvou",
            "jd": 2460522.9851852,
            "ranr": 96.9223838,
            "decnr": 52.7277375,
            "fid": 2,
            "forcediffimflux": 1315.170166015625,
            "forcediffimfluxunc": 45.229148864746094,
            "magzpsci": 26.0935001373291
        },
        {
            "objectid": "ZTF24aaxnvou",
            "jd": 2460526.9990509,
            "ranr": -99999.0,
            "decnr": -99999.0,
            "fid": 2,
            "forcediffimflux": -99999.0,
            "forcediffimfluxunc": -99999.0,
            "magzpsci": 25.98390007019043
        },
        {
            "objectid": "ZTF24aaxnvou",
            "jd": 2460532.9936921,
            "ranr": -99999.0,
            "decnr": -99999.0,
            "fid": 2,
            "forcediffimflux": -99999.0,
            "forcediffimfluxunc": -99999.0,
            "magzpsci": 26.08970069885254
        },
        {
            "objectid": "ZTF24aaxnvou",
            "jd": 2460554.9511921,
            "ranr": 96.9223838,
            "decnr": 52.7277375,
            "fid": 2,
            "forcediffimflux": 1086.80078125,
            "forcediffimfluxunc": 28.808889389038086,
            "magzpsci": 26.163400650024414
        },
        {
            "objectid": "ZTF24aaxnvou",
            "jd": 2460554.9917014,
            "ranr": 96.9224914,
            "decnr": 52.7277118,
            "fid": 1,
            "forcediffimflux": 692.0555419921875,
            "forcediffimfluxunc": 28.766082763671875,
            "magzpsci": 26.24220085144043
        },
        {
            "objectid": "ZTF24aaxnvou",
            "jd": 2460557.9553356,
            "ranr": 96.9223838,
            "decnr": 52.7277375,
            "fid": 2,
            "forcediffimflux": 1058.7528076171875,
            "forcediffimfluxunc": 28.877330780029297,
            "magzpsci": 26.163299560546875
        },
        {
            "objectid": "ZTF24aaxnvou",
            "jd": 2460557.9873958,
            "ranr": 96.9224914,
            "decnr": 52.7277118,
            "fid": 1,
            "forcediffimflux": 672.1054077148438,
            "forcediffimfluxunc": 25.642959594726562,
            "magzpsci": 26.222700119018555
        },
        {
            "objectid": "ZTF24aaxnvou",
            "jd": 2460559.8929167,
            "ranr": 96.9223838,
            "decnr": 52.7277375,
            "fid": 2,
            "forcediffimflux": 883.7108764648438,
            "forcediffimfluxunc": 37.93684005737305,
            "magzpsci": 26.03380012512207
        },
        {
            "objectid": "ZTF24aaxnvou",
            "jd": 2460562.9272569,
            "ranr": 96.9223838,
            "decnr": 52.7277375,
            "fid": 2,
            "forcediffimflux": 801.1600952148438,
            "forcediffimfluxunc": 28.465900421142578,
            "magzpsci": 25.975400924682617
        },
        {
            "objectid": "ZTF24aaxnvou",
            "jd": 2460562.9684375,
            "ranr": 96.9224914,
            "decnr": 52.7277118,
            "fid": 1,
            "forcediffimflux": 495.90924072265625,
            "forcediffimfluxunc": 24.384313583374023,
            "magzpsci": 26.042999267578125
        },
        {
            "objectid": "ZTF24aaxnvou",
            "jd": 2460565.9255787,
            "ranr": 96.9224914,
            "decnr": 52.7277118,
            "fid": 1,
            "forcediffimflux": 540.0104370117188,
            "forcediffimfluxunc": 26.620800018310547,
            "magzpsci": 26.202499389648438
        },
        {
            "objectid": "ZTF24aaxnvou",
            "jd": 2460565.966956,
            "ranr": 96.9223838,
            "decnr": 52.7277375,
            "fid": 2,
            "forcediffimflux": 935.4526977539062,
            "forcediffimfluxunc": 26.99591827392578,
            "magzpsci": 26.21649932861328
        },
        {
            "objectid": "ZTF24aaxnvou",
            "jd": 2460568.9110069,
            "ranr": 96.9223838,
            "decnr": 52.7277375,
            "fid": 2,
            "forcediffimflux": 1040.5836181640625,
            "forcediffimfluxunc": 40.43818664550781,
            "magzpsci": 26.200899124145508
        },
        {
            "objectid": "ZTF24aaxnvou",
            "jd": 2460568.9957986,
            "ranr": 96.9224914,
            "decnr": 52.7277118,
            "fid": 1,
            "forcediffimflux": 565.0720825195312,
            "forcediffimfluxunc": 23.548397064208984,
            "magzpsci": 26.300100326538086
        },
        {
            "objectid": "ZTF24aaxnvou",
            "jd": 2460572.9054514,
            "ranr": 96.9224914,
            "decnr": 52.7277118,
            "fid": 1,
            "forcediffimflux": 487.53704833984375,
            "forcediffimfluxunc": 79.68013763427734,
            "magzpsci": 26.241600036621094
        },
        {
            "objectid": "ZTF24aaxnvou",
            "jd": 2460572.9733102,
            "ranr": 96.9223838,
            "decnr": 52.7277375,
            "fid": 2,
            "forcediffimflux": 931.0819702148438,
            "forcediffimfluxunc": 46.83245849609375,
            "magzpsci": 26.225299835205078
        },
        {
            "objectid": "ZTF24aaxnvou",
            "jd": 2460575.8722454,
            "ranr": 96.9223838,
            "decnr": 52.7277375,
            "fid": 2,
            "forcediffimflux": 875.7744750976562,
            "forcediffimfluxunc": 56.09697723388672,
            "magzpsci": 26.146299362182617
        },
        {
            "objectid": "ZTF24aaxnvou",
            "jd": 2460575.9082407,
            "ranr": 96.9224914,
            "decnr": 52.7277118,
            "fid": 1,
            "forcediffimflux": 523.814453125,
            "forcediffimfluxunc": 58.94240951538086,
            "magzpsci": 26.213199615478516
        },
        {
            "objectid": "ZTF24aaxnvou",
            "jd": 2460576.9850116,
            "ranr": 96.9224914,
            "decnr": 52.7277118,
            "fid": 1,
            "forcediffimflux": 460.08154296875,
            "forcediffimfluxunc": 43.62015914916992,
            "magzpsci": 26.28339958190918
        },
        {
            "objectid": "ZTF24aaxnvou",
            "jd": 2460577.8851157,
            "ranr": 96.9224914,
            "decnr": 52.7277118,
            "fid": 1,
            "forcediffimflux": 399.6710205078125,
            "forcediffimfluxunc": 54.87540817260742,
            "magzpsci": 26.19809913635254
        },
        {
            "objectid": "ZTF24aaxnvou",
            "jd": 2460577.9751852,
            "ranr": 96.9223838,
            "decnr": 52.7277375,
            "fid": 2,
            "forcediffimflux": 999.649169921875,
            "forcediffimfluxunc": 36.376373291015625,
            "magzpsci": 26.217300415039062
        },
        {
            "objectid": "ZTF24aaxnvou",
            "jd": 2460591.9308218,
            "ranr": 96.9224914,
            "decnr": 52.7277118,
            "fid": 1,
            "forcediffimflux": 439.6191101074219,
            "forcediffimfluxunc": 26.994192123413086,
            "magzpsci": 26.252700805664062
        },
        {
            "objectid": "ZTF24aaxnvou",
            "jd": 2460592.0076042,
            "ranr": 96.9223838,
            "decnr": 52.7277375,
            "fid": 2,
            "forcediffimflux": 741.4044799804688,
            "forcediffimfluxunc": 28.295185089111328,
            "magzpsci": 26.07069969177246
        },
        {
            "objectid": "ZTF24aaxnvou",
            "jd": 2460594.9705787,
            "ranr": 96.9224914,
            "decnr": 52.7277118,
            "fid": 1,
            "forcediffimflux": 438.328857421875,
            "forcediffimfluxunc": 33.478816986083984,
            "magzpsci": 26.322799682617188
        },
        {
            "objectid": "ZTF24aaxnvou",
            "jd": 2460595.0062153,
            "ranr": 96.9223838,
            "decnr": 52.7277375,
            "fid": 2,
            "forcediffimflux": 796.5824584960938,
            "forcediffimfluxunc": 35.440399169921875,
            "magzpsci": 26.25469970703125
        },
        {
            "objectid": "ZTF24aaxnvou",
            "jd": 2460595.9356481,
            "ranr": 96.9224914,
            "decnr": 52.7277118,
            "fid": 1,
            "forcediffimflux": 332.2173156738281,
            "forcediffimfluxunc": 25.642196655273438,
            "magzpsci": 26.21430015563965
        },
        {
            "objectid": "ZTF24aaxnvou",
            "jd": 2460595.9922106,
            "ranr": 96.9223838,
            "decnr": 52.7277375,
            "fid": 2,
            "forcediffimflux": 886.0140991210938,
            "forcediffimfluxunc": 27.51253890991211,
            "magzpsci": 26.265399932861328
        },
        {
            "objectid": "ZTF24aaxnvou",
            "jd": 2460597.9298264,
            "ranr": 96.9224914,
            "decnr": 52.7277118,
            "fid": 1,
            "forcediffimflux": 368.0075988769531,
            "forcediffimfluxunc": 29.6495418548584,
            "magzpsci": 26.334800720214844
        },
        {
            "objectid": "ZTF24aaxnvou",
            "jd": 2460597.9863194,
            "ranr": 96.9223838,
            "decnr": 52.7277375,
            "fid": 2,
            "forcediffimflux": 895.2064208984375,
            "forcediffimfluxunc": 26.731548309326172,
            "magzpsci": 26.27239990234375
        },
        {
            "objectid": "ZTF24aaxnvou",
            "jd": 2460599.854456,
            "ranr": 96.9224914,
            "decnr": 52.7277118,
            "fid": 1,
            "forcediffimflux": 320.2436218261719,
            "forcediffimfluxunc": 72.67212677001953,
            "magzpsci": 26.273500442504883
        },
        {
            "objectid": "ZTF24aaxnvou",
            "jd": 2460599.9065856,
            "ranr": 96.9223838,
            "decnr": 52.7277375,
            "fid": 2,
            "forcediffimflux": 916.87890625,
            "forcediffimfluxunc": 44.98310852050781,
            "magzpsci": 26.243200302124023
        },
        {
            "objectid": "ZTF24aaxnvou",
            "jd": 2460602.9518634,
            "ranr": 96.9224914,
            "decnr": 52.7277118,
            "fid": 1,
            "forcediffimflux": 409.4884033203125,
            "forcediffimfluxunc": 85.40972137451172,
            "magzpsci": 26.32830047607422
        },
        {
            "objectid": "ZTF24aaxnvou",
            "jd": 2460604.8398727,
            "ranr": 96.9224914,
            "decnr": 52.7277118,
            "fid": 1,
            "forcediffimflux": 328.4341735839844,
            "forcediffimfluxunc": 54.9311408996582,
            "magzpsci": 26.294099807739258
        },
        {
            "objectid": "ZTF24aaxnvou",
            "jd": 2460604.9111458,
            "ranr": 96.9223838,
            "decnr": 52.7277375,
            "fid": 2,
            "forcediffimflux": 934.621337890625,
            "forcediffimfluxunc": 40.11528396606445,
            "magzpsci": 26.26420021057129
        },
        {
            "objectid": "ZTF24aaxnvou",
            "jd": 2460606.8406713,
            "ranr": 96.9223838,
            "decnr": 52.7277375,
            "fid": 2,
            "forcediffimflux": 861.201416015625,
            "forcediffimfluxunc": 42.450462341308594,
            "magzpsci": 26.24650001525879
        },
        {
            "objectid": "ZTF24aaxnvou",
            "jd": 2460606.8676389,
            "ranr": 96.9224914,
            "decnr": 52.7277118,
            "fid": 1,
            "forcediffimflux": 329.506591796875,
            "forcediffimfluxunc": 41.80048751831055,
            "magzpsci": 26.30940055847168
        },
        {
            "objectid": "ZTF24aaxnvou",
            "jd": 2460608.8634491,
            "ranr": 96.9224914,
            "decnr": 52.7277118,
            "fid": 1,
            "forcediffimflux": 304.2370300292969,
            "forcediffimfluxunc": 28.045852661132812,
            "magzpsci": 26.303800582885742
        },
        {
            "objectid": "ZTF24aaxnvou",
            "jd": 2460608.9302894,
            "ranr": 96.9223838,
            "decnr": 52.7277375,
            "fid": 2,
            "forcediffimflux": 822.4408569335938,
            "forcediffimfluxunc": 30.309946060180664,
            "magzpsci": 26.25469970703125
        },
        {
            "objectid": "ZTF24aaxnvou",
            "jd": 2460610.8823148,
            "ranr": 96.9223838,
            "decnr": 52.7277375,
            "fid": 2,
            "forcediffimflux": 493.42962646484375,
            "forcediffimfluxunc": 32.372718811035156,
            "magzpsci": 25.772499084472656
        },
        {
            "objectid": "ZTF24aaxnvou",
            "jd": 2460610.9477894,
            "ranr": 96.9224914,
            "decnr": 52.7277118,
            "fid": 1,
            "forcediffimflux": 186.99118041992188,
            "forcediffimfluxunc": 31.320276260375977,
            "magzpsci": 25.790800094604492
        },
        {
            "objectid": "ZTF24aaxnvou",
            "jd": 2460614.9457523,
            "ranr": 96.9223838,
            "decnr": 52.7277375,
            "fid": 2,
            "forcediffimflux": 843.54833984375,
            "forcediffimfluxunc": 28.990156173706055,
            "magzpsci": 26.252199172973633
        },
        {
            "objectid": "ZTF24aaxnvou",
            "jd": 2460614.98625,
            "ranr": 96.9224914,
            "decnr": 52.7277118,
            "fid": 1,
            "forcediffimflux": 330.2012634277344,
            "forcediffimfluxunc": 28.204830169677734,
            "magzpsci": 26.344999313354492
        },
        {
            "objectid": "ZTF24aaxnvou",
            "jd": 2460618.82375,
            "ranr": 96.9223838,
            "decnr": 52.7277375,
            "fid": 2,
            "forcediffimflux": 687.2303466796875,
            "forcediffimfluxunc": 40.826663970947266,
            "magzpsci": 26.212799072265625
        },
        {
            "objectid": "ZTF24aaxnvou",
            "jd": 2460618.8703588,
            "ranr": 96.9224914,
            "decnr": 52.7277118,
            "fid": 1,
            "forcediffimflux": 258.2159118652344,
            "forcediffimfluxunc": 34.240543365478516,
            "magzpsci": 26.30929946899414
        },
        {
            "objectid": "ZTF24aaxnvou",
            "jd": 2460621.8890278,
            "ranr": 96.9223838,
            "decnr": 52.7277375,
            "fid": 2,
            "forcediffimflux": 695.8118896484375,
            "forcediffimfluxunc": 54.47679138183594,
            "magzpsci": 26.243000030517578
        },
        {
            "objectid": "ZTF24aaxnvou",
            "jd": 2460621.9253009,
            "ranr": 96.9224914,
            "decnr": 52.7277118,
            "fid": 1,
            "forcediffimflux": 192.0114288330078,
            "forcediffimfluxunc": 40.649253845214844,
            "magzpsci": 26.340099334716797
        },
        {
            "objectid": "ZTF24aaxnvou",
            "jd": 2460623.9259028,
            "ranr": 96.9223838,
            "decnr": 52.7277375,
            "fid": 2,
            "forcediffimflux": 755.229736328125,
            "forcediffimfluxunc": 28.762584686279297,
            "magzpsci": 26.269800186157227
        },
        {
            "objectid": "ZTF24aaxnvou",
            "jd": 2460623.9466782,
            "ranr": 96.9224914,
            "decnr": 52.7277118,
            "fid": 1,
            "forcediffimflux": 247.9044189453125,
            "forcediffimfluxunc": 25.756933212280273,
            "magzpsci": 26.276100158691406
        },
        {
            "objectid": "ZTF24aaxnvou",
            "jd": 2460625.8395139,
            "ranr": 96.9223838,
            "decnr": 52.7277375,
            "fid": 2,
            "forcediffimflux": 698.2691040039062,
            "forcediffimfluxunc": 33.75532913208008,
            "magzpsci": 26.239700317382812
        },
        {
            "objectid": "ZTF24aaxnvou",
            "jd": 2460625.9129514,
            "ranr": 96.9224914,
            "decnr": 52.7277118,
            "fid": 1,
            "forcediffimflux": 250.79364013671875,
            "forcediffimfluxunc": 27.349891662597656,
            "magzpsci": 26.340200424194336
        },
        {
            "objectid": "ZTF24aaxnvou",
            "jd": 2460628.7823264,
            "ranr": 96.9223838,
            "decnr": 52.7277375,
            "fid": 2,
            "forcediffimflux": 620.7675170898438,
            "forcediffimfluxunc": 50.909183502197266,
            "magzpsci": 26.238300323486328
        },
        {
            "objectid": "ZTF24aaxnvou",
            "jd": 2460631.7386574,
            "ranr": 96.9224914,
            "decnr": 52.7277118,
            "fid": 1,
            "forcediffimflux": 391.7389221191406,
            "forcediffimfluxunc": 135.70143127441406,
            "magzpsci": 26.22909927368164
        },
        {
            "objectid": "ZTF24aaxnvou",
            "jd": 2460631.8126505,
            "ranr": 96.9223838,
            "decnr": 52.7277375,
            "fid": 2,
            "forcediffimflux": 677.4236450195312,
            "forcediffimfluxunc": 79.40827178955078,
            "magzpsci": 26.247699737548828
        },
        {
            "objectid": "ZTF24aaxnvou",
            "jd": 2460634.883912,
            "ranr": 96.9223838,
            "decnr": 52.7277375,
            "fid": 2,
            "forcediffimflux": 532.9031372070312,
            "forcediffimfluxunc": 50.1349983215332,
            "magzpsci": 26.25160026550293
        },
        {
            "objectid": "ZTF24aaxnvou",
            "jd": 2460634.9063194,
            "ranr": 96.9224914,
            "decnr": 52.7277118,
            "fid": 1,
            "forcediffimflux": 102.44535064697266,
            "forcediffimfluxunc": 48.057743072509766,
            "magzpsci": 26.347299575805664
        },
        {
            "objectid": "ZTF24aaxnvou",
            "jd": 2460635.9337037,
            "ranr": 96.9223838,
            "decnr": 52.7277375,
            "fid": 2,
            "forcediffimflux": 440.316162109375,
            "forcediffimfluxunc": 61.75740432739258,
            "magzpsci": 25.735000610351562
        },
        {
            "objectid": "ZTF24aaxnvou",
            "jd": 2460637.8620255,
            "ranr": 96.9223838,
            "decnr": 52.7277375,
            "fid": 2,
            "forcediffimflux": 502.94769287109375,
            "forcediffimfluxunc": 32.12106704711914,
            "magzpsci": 26.260499954223633
        },
        {
            "objectid": "ZTF24aaxnvou",
            "jd": 2460640.8045718,
            "ranr": 96.9224914,
            "decnr": 52.7277118,
            "fid": 1,
            "forcediffimflux": 127.63139343261719,
            "forcediffimfluxunc": 30.120351791381836,
            "magzpsci": 26.324199676513672
        },
        {
            "objectid": "ZTF24aaxnvou",
            "jd": 2460640.8642824,
            "ranr": 96.9223838,
            "decnr": 52.7277375,
            "fid": 2,
            "forcediffimflux": 448.8779296875,
            "forcediffimfluxunc": 41.88021469116211,
            "magzpsci": 25.990999221801758
        }
    ]
}