{
    "objectId": "ZTF24abqwodi",
    "candidates": [
        {
            "candid": 2853515374015015071,
            "jd": 2460608.0153704,
            "ra": 174.803524,
            "dec": 48.8978099,
            "fid": 1,
            "nid": 2853,
            "magpsf": 19.90559959411621,
            "sigmapsf": 0.2261829972267151,
            "magnr": 22.99799919128418,
            "sigmagnr": 0.35600000619888306,
            "magzpsci": 26.319599151611328,
            "isdiffpos": "t",
            "ssdistnr": null,
            "ssnamenr": null,
            "drb": null
        },
        {
            "candid": 2865469104015015010,
            "jd": 2460619.9691088,
            "ra": 174.8035177,
            "dec": 48.8977748,
            "fid": 2,
            "nid": 2865,
            "magpsf": 19.42770004272461,
            "sigmapsf": 0.21322199702262878,
            "magnr": 22.424999237060547,
            "sigmagnr": 0.19300000369548798,
            "magzpsci": 26.34269905090332,
            "isdiffpos": "t",
            "ssdistnr": null,
            "ssnamenr": null,
            "drb": null
        },
        {
            "candid": 2865512374015015006,
            "jd": 2460620.0123727,
            "ra": 174.8034835,
            "dec": 48.897889,
            "fid": 1,
            "nid": 2865,
            "magpsf": 20.038799285888672,
            "sigmapsf": 0.24051199853420258,
            "magnr": 22.99799919128418,
            "sigmagnr": 0.35600000619888306,
            "magzpsci": 26.31879997253418,
            "isdiffpos": "t",
            "ssdistnr": null,
            "ssnamenr": null,
            "drb": null
        },
        {
            "candid": 2867470634015015001,
            "jd": 2460621.9706366,
            "ra": 174.8035725,
            "dec": 48.8977464,
            "fid": 1,
            "nid": 2867,
            "magpsf": 19.87350082397461,
            "sigmapsf": 0.37980198860168457,
            "magnr": 22.99799919128418,
            "sigmagnr": 0.35600000619888306,
            "magzpsci": 26.297500610351562,
            "isdiffpos": "t",
            "ssdistnr": null,
            "ssnamenr": null,
            "drb": null
        },
        {
            "candid": 2867528764015015006,
            "jd": 2460622.0287616,
            "ra": 174.8034546,
            "dec": 48.8978028,
            "fid": 2,
            "nid": 2867,
            "magpsf": 19.610599517822266,
            "sigmapsf": 0.24299800395965576,
            "magnr": 22.424999237060547,
            "sigmagnr": 0.19300000369548798,
            "magzpsci": 26.384599685668945,
            "isdiffpos": "t",
            "ssdistnr": null,
            "ssnamenr": null,
            "drb": null
        },
        {
            "candid": 2869493844015015008,
            "jd": 2460623.9938426,
            "ra": 174.8034713,
            "dec": 48.8978123,
            "fid": 1,
            "nid": 2869,
            "magpsf": 19.880699157714844,
            "sigmapsf": 0.23595499992370605,
            "magnr": 22.99799919128418,
            "sigmagnr": 0.35600000619888306,
            "magzpsci": 26.31570053100586,
            "isdiffpos": "t",
            "ssdistnr": null,
            "ssnamenr": null,
            "drb": null
        },
        {
            "candid": 2871510374015015009,
            "jd": 2460626.0103704,
            "ra": 174.8035869,
            "dec": 48.897918,
            "fid": 1,
            "nid": 2871,
            "magpsf": 19.9237003326416,
            "sigmapsf": 0.22368000447750092,
            "magnr": 22.99799919128418,
            "sigmagnr": 0.35600000619888306,
            "magzpsci": 26.338699340820312,
            "isdiffpos": "t",
            "ssdistnr": null,
            "ssnamenr": null,
            "drb": null
        },
        {
            "candid": 2874531594015015003,
            "jd": 2460629.0315972,
            "ra": 174.8033586,
            "dec": 48.8978409,
            "fid": 1,
            "nid": 2874,
            "magpsf": 20.04960060119629,
            "sigmapsf": 0.21870000660419464,
            "magnr": 22.99799919128418,
            "sigmagnr": 0.35600000619888306,
            "magzpsci": 26.388599395751953,
            "isdiffpos": "t",
            "ssdistnr": null,
            "ssnamenr": null,
            "drb": null
        },
        {
            "candid": 2881463114015015002,
            "jd": 2460635.9631134,
            "ra": 174.8035282,
            "dec": 48.8977443,
            "fid": 1,
            "nid": 2881,
            "magpsf": 19.297800064086914,
            "sigmapsf": 0.2854529917240143,
            "magnr": 22.99799919128418,
            "sigmagnr": 0.35600000619888306,
            "magzpsci": 25.835800170898438,
            "isdiffpos": "t",
            "ssdistnr": null,
            "ssnamenr": null,
            "drb": null
        },
        {
            "candid": 2883447634015015009,
            "jd": 2460637.9476389,
            "ra": 174.8034287,
            "dec": 48.8977978,
            "fid": 1,
            "nid": 2883,
            "magpsf": 19.737600326538086,
            "sigmapsf": 0.18893299996852875,
            "magnr": 22.99799919128418,
            "sigmagnr": 0.35600000619888306,
            "magzpsci": 26.327600479125977,
            "isdiffpos": "t",
            "ssdistnr": null,
            "ssnamenr": null,
            "drb": null
        },
        {
            "candid": 2886507544015015010,
            "jd": 2460641.0075463,
            "ra": 174.8035618,
            "dec": 48.8978434,
            "fid": 1,
            "nid": 2886,
            "magpsf": 19.803699493408203,
            "sigmapsf": 0.16148599982261658,
            "magnr": 22.99799919128418,
            "sigmagnr": 0.35600000619888306,
            "magzpsci": 26.387699127197266,
            "isdiffpos": "t",
            "ssdistnr": null,
            "ssnamenr": null,
            "drb": null
        },
        {
            "candid": 2890458324015015003,
            "jd": 2460644.9583218,
            "ra": 174.8034134,
            "dec": 48.8978247,
            "fid": 1,
            "nid": 2890,
            "magpsf": 19.82659912109375,
            "sigmapsf": 0.16314999759197235,
            "magnr": 22.99799919128418,
            "sigmagnr": 0.35600000619888306,
            "magzpsci": 26.36359977722168,
            "isdiffpos": "t",
            "ssdistnr": null,
            "ssnamenr": null,
            "drb": null
        },
        {
            "candid": 2895536624015015006,
            "jd": 2460650.0366204,
            "ra": 174.8035161,
            "dec": 48.8978597,
            "fid": 1,
            "nid": 2895,
            "magpsf": 19.7637996673584,
            "sigmapsf": 0.16221000254154205,
            "magnr": 22.99799919128418,
            "sigmagnr": 0.35600000619888306,
            "magzpsci": 26.38479995727539,
            "isdiffpos": "t",
            "ssdistnr": null,
            "ssnamenr": null,
            "drb": null
        },
        {
            "candid": 2897538934015015010,
            "jd": 2460652.0389352,
            "ra": 174.8034698,
            "dec": 48.8977877,
            "fid": 1,
            "nid": 2897,
            "magpsf": 19.789100646972656,
            "sigmapsf": 0.13893400132656097,
            "magnr": 22.99799919128418,
            "sigmagnr": 0.35600000619888306,
            "magzpsci": 26.398099899291992,
            "isdiffpos": "t",
            "ssdistnr": null,
            "ssnamenr": null,
            "drb": null
        },
        {
            "candid": 2899511064015015012,
            "jd": 2460654.0110648,
            "ra": 174.8034767,
            "dec": 48.8978073,
            "fid": 1,
            "nid": 2899,
            "magpsf": 19.77720069885254,
            "sigmapsf": 0.15075799822807312,
            "magnr": 22.99799919128418,
            "sigmagnr": 0.35600000619888306,
            "magzpsci": 26.42020034790039,
            "isdiffpos": "t",
            "ssdistnr": null,
            "ssnamenr": null,
            "drb": null
        },
        {
            "candid": 2901513064015015006,
            "jd": 2460656.0130671,
            "ra": 174.8034348,
            "dec": 48.8978363,
            "fid": 2,
            "nid": 2901,
            "magpsf": 19.33049964904785,
            "sigmapsf": 0.23269900679588318,
            "magnr": 22.424999237060547,
            "sigmagnr": 0.19300000369548798,
            "magzpsci": 25.64150047302246,
            "isdiffpos": "t",
            "ssdistnr": null,
            "ssnamenr": null,
            "drb": null
        },
        {
            "candid": 2910434864015015004,
            "jd": 2460664.9348611,
            "ra": 174.8035163,
            "dec": 48.8978426,
            "fid": 1,
            "nid": 2910,
            "magpsf": 19.74519920349121,
            "sigmapsf": 0.24248500168323517,
            "magnr": 22.99799919128418,
            "sigmagnr": 0.35600000619888306,
            "magzpsci": 26.37019920349121,
            "isdiffpos": "t",
            "ssdistnr": null,
            "ssnamenr": null,
            "drb": null
        },
        {
            "candid": 2912445304015015009,
            "jd": 2460666.9453009,
            "ra": 174.8035142,
            "dec": 48.8977627,
            "fid": 1,
            "nid": 2912,
            "magpsf": 19.706899642944336,
            "sigmapsf": 0.2229200005531311,
            "magnr": 22.99799919128418,
            "sigmagnr": 0.35600000619888306,
            "magzpsci": 26.20989990234375,
            "isdiffpos": "t",
            "ssdistnr": null,
            "ssnamenr": null,
            "drb": null
        },
        {
            "candid": 2914431804015015007,
            "jd": 2460668.9318056,
            "ra": 174.8035826,
            "dec": 48.8978514,
            "fid": 1,
            "nid": 2914,
            "magpsf": 19.905399322509766,
            "sigmapsf": 0.17175200581550598,
            "magnr": 22.99799919128418,
            "sigmagnr": 0.35600000619888306,
            "magzpsci": 26.380399703979492,
            "isdiffpos": "t",
            "ssdistnr": null,
            "ssnamenr": null,
            "drb": null
        },
        {
            "candid": 2920532544015015007,
            "jd": 2460675.0325463,
            "ra": 174.8035472,
            "dec": 48.8977433,
            "fid": 1,
            "nid": 2920,
            "magpsf": 19.955799102783203,
            "sigmapsf": 0.20299899578094482,
            "magnr": 22.99799919128418,
            "sigmagnr": 0.35600000619888306,
            "magzpsci": 26.423799514770508,
            "isdiffpos": "t",
            "ssdistnr": null,
            "ssnamenr": null,
            "drb": null
        },
        {
            "candid": 2922469884015015014,
            "jd": 2460676.9698843,
            "ra": 174.8034843,
            "dec": 48.8978354,
            "fid": 1,
            "nid": 2922,
            "magpsf": 19.986934661865234,
            "sigmapsf": 0.1679239422082901,
            "magnr": 22.99799919128418,
            "sigmagnr": 0.35600000619888306,
            "magzpsci": 26.4139347076416,
            "isdiffpos": "t",
            "ssdistnr": -999.0,
            "ssnamenr": "null",
            "drb": null
        },
        {
            "candid": 2922469884015025014,
            "jd": 2460676.9698843,
            "ra": 174.8034843,
            "dec": 48.8978354,
            "fid": 1,
            "nid": 2922,
            "magpsf": 19.986900329589844,
            "sigmapsf": 0.16792400181293488,
            "magnr": 22.99799919128418,
            "sigmagnr": 0.35600000619888306,
            "magzpsci": 26.41390037536621,
            "isdiffpos": "t",
            "ssdistnr": null,
            "ssnamenr": null,
            "drb": null
        },
        {
            "candid": 2926352844015015007,
            "jd": 2460680.8528472,
            "ra": 174.803623,
            "dec": 48.8978852,
            "fid": 1,
            "nid": 2926,
            "magpsf": 19.941499710083008,
            "sigmapsf": 0.23066000640392303,
            "magnr": 22.99799919128418,
            "sigmagnr": 0.35600000619888306,
            "magzpsci": 26.3435001373291,
            "isdiffpos": "t",
            "ssdistnr": null,
            "ssnamenr": null,
            "drb": null
        },
        {
            "candid": 2926402924015015011,
            "jd": 2460680.9029282,
            "ra": 174.8035653,
            "dec": 48.8979073,
            "fid": 2,
            "nid": 2926,
            "magpsf": 19.065900802612305,
            "sigmapsf": 0.14691899716854095,
            "magnr": 22.424999237060547,
            "sigmagnr": 0.19300000369548798,
            "magzpsci": 26.221900939941406,
            "isdiffpos": "t",
            "ssdistnr": null,
            "ssnamenr": null,
            "drb": null
        },
        {
            "candid": 2930455034015015003,
            "jd": 2460684.9550347,
            "ra": 174.8034581,
            "dec": 48.8978676,
            "fid": 1,
            "nid": 2930,
            "magpsf": 20.011199951171875,
            "sigmapsf": 0.29552799463272095,
            "magnr": 22.99799919128418,
            "sigmagnr": 0.35600000619888306,
            "magzpsci": 26.417200088500977,
            "isdiffpos": "t",
            "ssdistnr": null,
            "ssnamenr": null,
            "drb": null
        },
        {
            "candid": 2935426044015015003,
            "jd": 2460689.9260417,
            "ra": 174.8033621,
            "dec": 48.8979014,
            "fid": 2,
            "nid": 2935,
            "magpsf": 18.865022659301758,
            "sigmapsf": 0.2063341587781906,
            "magnr": 22.424999237060547,
            "sigmagnr": 0.19300000369548798,
            "magzpsci": 26.40502166748047,
            "isdiffpos": "t",
            "ssdistnr": -999.0,
            "ssnamenr": "null",
            "drb": null
        },
        {
            "jd": 2460610.983831,
            "fid": 2,
            "diffmaglim": 17.74690055847168
        },
        {
            "jd": 2460616.0087616,
            "fid": 1,
            "diffmaglim": 20.41309928894043
        },
        {
            "jd": 2460626.0337616,
            "fid": 2,
            "diffmaglim": 20.429800033569336
        },
        {
            "jd": 2460628.0447106,
            "fid": 2,
            "diffmaglim": 20.100400924682617
        },
        {
            "jd": 2460628.9954398,
            "fid": 2,
            "diffmaglim": 19.763900756835938
        },
        {
            "jd": 2460632.9436806,
            "fid": 2,
            "diffmaglim": 18.79960060119629
        },
        {
            "jd": 2460632.9986227,
            "fid": 1,
            "diffmaglim": 19.40760040283203
        },
        {
            "jd": 2460638.0106366,
            "fid": 2,
            "diffmaglim": 20.29520034790039
        },
        {
            "jd": 2460640.9252431,
            "fid": 2,
            "diffmaglim": 19.968700408935547
        },
        {
            "jd": 2460644.9927431,
            "fid": 2,
            "diffmaglim": 20.416900634765625
        },
        {
            "jd": 2460648.0397106,
            "fid": 2,
            "diffmaglim": 20.248699188232422
        },
        {
            "jd": 2460649.9853125,
            "fid": 2,
            "diffmaglim": 20.622699737548828
        },
        {
            "jd": 2460651.9515278,
            "fid": 2,
            "diffmaglim": 19.03339958190918
        },
        {
            "jd": 2460654.0404167,
            "fid": 2,
            "diffmaglim": 20.49920082092285
        },
        {
            "jd": 2460660.0523958,
            "fid": 2,
            "diffmaglim": 19.867599487304688
        },
        {
            "jd": 2460661.9868981,
            "fid": 1,
            "diffmaglim": 17.237899780273438
        },
        {
            "jd": 2460664.9064583,
            "fid": 2,
            "diffmaglim": 20.129600524902344
        },
        {
            "jd": 2460667.0404977,
            "fid": 2,
            "diffmaglim": 20.281999588012695
        },
        {
            "jd": 2460668.9727778,
            "fid": 2,
            "diffmaglim": 19.585399627685547
        },
        {
            "jd": 2460675.018669,
            "fid": 2,
            "diffmaglim": 20.41900062561035
        },
        {
            "jd": 2460677.0184954,
            "fid": 2,
            "diffmaglim": 20.31100082397461
        },
        {
            "jd": 2460678.9098958,
            "fid": 1,
            "diffmaglim": 19.515100479125977
        },
        {
            "jd": 2460682.949919,
            "fid": 2,
            "diffmaglim": 20.329999923706055
        },
        {
            "jd": 2460684.8857986,
            "fid": 2,
            "diffmaglim": 19.940500259399414
        },
        {
            "jd": 2460687.8406597,
            "fid": 2,
            "diffmaglim": 18.695199966430664
        },
        {
            "jd": 2460687.9692824,
            "fid": 1,
            "diffmaglim": 19.4237003326416
        },
        {
            "jd": 2460689.9063426,
            "fid": 1,
            "diffmaglim": 18.403200149536133
        }
    ],
    "forcedphot": [
        {
            "objectid": "ZTF24abqwodi",
            "jd": 2460608.0153704,
            "ranr": 174.8024027,
            "decnr": 48.8975472,
            "fid": 1,
            "forcediffimflux": 378.459228515625,
            "forcediffimfluxunc": 50.741668701171875,
            "magzpsci": 26.319599151611328
        },
        {
            "objectid": "ZTF24abqwodi",
            "jd": 2460616.0087616,
            "ranr": 174.8024027,
            "decnr": 48.8975472,
            "fid": 1,
            "forcediffimflux": 332.74017333984375,
            "forcediffimfluxunc": 35.216102600097656,
            "magzpsci": 26.318099975585938
        },
        {
            "objectid": "ZTF24abqwodi",
            "jd": 2460619.9691088,
            "ranr": 174.8038189,
            "decnr": 48.8978531,
            "fid": 2,
            "forcediffimflux": 531.8299560546875,
            "forcediffimfluxunc": 64.4717788696289,
            "magzpsci": 26.34269905090332
        },
        {
            "objectid": "ZTF24abqwodi",
            "jd": 2460620.0123727,
            "ranr": 174.8024027,
            "decnr": 48.8975472,
            "fid": 1,
            "forcediffimflux": 317.3910217285156,
            "forcediffimfluxunc": 46.18392562866211,
            "magzpsci": 26.31879997253418
        },
        {
            "objectid": "ZTF24abqwodi",
            "jd": 2460621.9706366,
            "ranr": 174.8024027,
            "decnr": 48.8975472,
            "fid": 1,
            "forcediffimflux": 346.14862060546875,
            "forcediffimfluxunc": 66.68997192382812,
            "magzpsci": 26.297500610351562
        },
        {
            "objectid": "ZTF24abqwodi",
            "jd": 2460622.0287616,
            "ranr": 174.8038189,
            "decnr": 48.8978531,
            "fid": 2,
            "forcediffimflux": 395.98675537109375,
            "forcediffimfluxunc": 62.82023239135742,
            "magzpsci": 26.384599685668945
        },
        {
            "objectid": "ZTF24abqwodi",
            "jd": 2460623.9938426,
            "ranr": 174.8024027,
            "decnr": 48.8975472,
            "fid": 1,
            "forcediffimflux": 373.25408935546875,
            "forcediffimfluxunc": 44.48954391479492,
            "magzpsci": 26.31570053100586
        },
        {
            "objectid": "ZTF24abqwodi",
            "jd": 2460626.0103704,
            "ranr": 174.8024027,
            "decnr": 48.8975472,
            "fid": 1,
            "forcediffimflux": 371.4985046386719,
            "forcediffimfluxunc": 34.988582611083984,
            "magzpsci": 26.338699340820312
        },
        {
            "objectid": "ZTF24abqwodi",
            "jd": 2460626.0337616,
            "ranr": 174.8038189,
            "decnr": 48.8978531,
            "fid": 2,
            "forcediffimflux": 708.1996459960938,
            "forcediffimfluxunc": 36.5390510559082,
            "magzpsci": 26.404300689697266
        },
        {
            "objectid": "ZTF24abqwodi",
            "jd": 2460628.0447106,
            "ranr": 174.8038189,
            "decnr": 48.8978531,
            "fid": 2,
            "forcediffimflux": 693.4210205078125,
            "forcediffimfluxunc": 46.46894454956055,
            "magzpsci": 26.399200439453125
        },
        {
            "objectid": "ZTF24abqwodi",
            "jd": 2460628.9954398,
            "ranr": 174.8038189,
            "decnr": 48.8978531,
            "fid": 2,
            "forcediffimflux": 678.158203125,
            "forcediffimfluxunc": 66.91123962402344,
            "magzpsci": 26.3843994140625
        },
        {
            "objectid": "ZTF24abqwodi",
            "jd": 2460629.0315972,
            "ranr": 174.8024027,
            "decnr": 48.8975472,
            "fid": 1,
            "forcediffimflux": 350.9905700683594,
            "forcediffimfluxunc": 47.32445526123047,
            "magzpsci": 26.388599395751953
        },
        {
            "objectid": "ZTF24abqwodi",
            "jd": 2460632.9986227,
            "ranr": 174.8024027,
            "decnr": 48.8975472,
            "fid": 1,
            "forcediffimflux": 335.70819091796875,
            "forcediffimfluxunc": 79.99722290039062,
            "magzpsci": 26.355300903320312
        },
        {
            "objectid": "ZTF24abqwodi",
            "jd": 2460635.9631134,
            "ranr": 174.8024027,
            "decnr": 48.8975472,
            "fid": 1,
            "forcediffimflux": 395.14739990234375,
            "forcediffimfluxunc": 85.69246673583984,
            "magzpsci": 25.835800170898438
        },
        {
            "objectid": "ZTF24abqwodi",
            "jd": 2460637.9476389,
            "ranr": 174.8024027,
            "decnr": 48.8975472,
            "fid": 1,
            "forcediffimflux": 447.20330810546875,
            "forcediffimfluxunc": 51.807708740234375,
            "magzpsci": 26.327600479125977
        },
        {
            "objectid": "ZTF24abqwodi",
            "jd": 2460638.0106366,
            "ranr": 174.8038189,
            "decnr": 48.8978531,
            "fid": 2,
            "forcediffimflux": 788.6033935546875,
            "forcediffimfluxunc": 40.848697662353516,
            "magzpsci": 26.403799057006836
        },
        {
            "objectid": "ZTF24abqwodi",
            "jd": 2460640.9252431,
            "ranr": 174.8038189,
            "decnr": 48.8978531,
            "fid": 2,
            "forcediffimflux": 755.9508056640625,
            "forcediffimfluxunc": 49.71037292480469,
            "magzpsci": 26.341400146484375
        },
        {
            "objectid": "ZTF24abqwodi",
            "jd": 2460641.0075463,
            "ranr": 174.8024027,
            "decnr": 48.8975472,
            "fid": 1,
            "forcediffimflux": 459.6934814453125,
            "forcediffimfluxunc": 32.301666259765625,
            "magzpsci": 26.387699127197266
        },
        {
            "objectid": "ZTF24abqwodi",
            "jd": 2460644.9583218,
            "ranr": 174.8024027,
            "decnr": 48.8975472,
            "fid": 1,
            "forcediffimflux": 430.439697265625,
            "forcediffimfluxunc": 35.28302001953125,
            "magzpsci": 26.36359977722168
        },
        {
            "objectid": "ZTF24abqwodi",
            "jd": 2460644.9927431,
            "ranr": 174.8038189,
            "decnr": 48.8978531,
            "fid": 2,
            "forcediffimflux": 780.4791870117188,
            "forcediffimfluxunc": 37.77695846557617,
            "magzpsci": 26.407400131225586
        },
        {
            "objectid": "ZTF24abqwodi",
            "jd": 2460648.0397106,
            "ranr": 174.8038189,
            "decnr": 48.8978531,
            "fid": 2,
            "forcediffimflux": 645.9273681640625,
            "forcediffimfluxunc": 33.66251754760742,
            "magzpsci": 26.087900161743164
        },
        {
            "objectid": "ZTF24abqwodi",
            "jd": 2460649.9853125,
            "ranr": 174.8038189,
            "decnr": 48.8978531,
            "fid": 2,
            "forcediffimflux": 779.8384399414062,
            "forcediffimfluxunc": 30.85569953918457,
            "magzpsci": 26.412399291992188
        },
        {
            "objectid": "ZTF24abqwodi",
            "jd": 2460650.0366204,
            "ranr": 174.8024027,
            "decnr": 48.8975472,
            "fid": 1,
            "forcediffimflux": 438.153076171875,
            "forcediffimfluxunc": 37.564109802246094,
            "magzpsci": 26.38479995727539
        },
        {
            "objectid": "ZTF24abqwodi",
            "jd": 2460652.0389352,
            "ranr": 174.8024027,
            "decnr": 48.8975472,
            "fid": 1,
            "forcediffimflux": 451.7934265136719,
            "forcediffimfluxunc": 36.635833740234375,
            "magzpsci": 26.398099899291992
        },
        {
            "objectid": "ZTF24abqwodi",
            "jd": 2460654.0110648,
            "ranr": 174.8024027,
            "decnr": 48.8975472,
            "fid": 1,
            "forcediffimflux": 461.8473815917969,
            "forcediffimfluxunc": 35.16559600830078,
            "magzpsci": 26.42020034790039
        },
        {
            "objectid": "ZTF24abqwodi",
            "jd": 2460654.0404167,
            "ranr": 174.8038189,
            "decnr": 48.8978531,
            "fid": 2,
            "forcediffimflux": 829.3614501953125,
            "forcediffimfluxunc": 33.77311706542969,
            "magzpsci": 26.371200561523438
        },
        {
            "objectid": "ZTF24abqwodi",
            "jd": 2460660.0523958,
            "ranr": 174.8038189,
            "decnr": 48.8978531,
            "fid": 2,
            "forcediffimflux": 798.65673828125,
            "forcediffimfluxunc": 62.23616409301758,
            "magzpsci": 26.413799285888672
        },
        {
            "objectid": "ZTF24abqwodi",
            "jd": 2460664.9064583,
            "ranr": 174.8038189,
            "decnr": 48.8978531,
            "fid": 2,
            "forcediffimflux": 899.2025146484375,
            "forcediffimfluxunc": 47.4472770690918,
            "magzpsci": 26.405899047851562
        },
        {
            "objectid": "ZTF24abqwodi",
            "jd": 2460664.9348611,
            "ranr": 174.8024027,
            "decnr": 48.8975472,
            "fid": 1,
            "forcediffimflux": 474.3525695800781,
            "forcediffimfluxunc": 51.2088623046875,
            "magzpsci": 26.37019920349121
        },
        {
            "objectid": "ZTF24abqwodi",
            "jd": 2460666.9453009,
            "ranr": 174.8024027,
            "decnr": 48.8975472,
            "fid": 1,
            "forcediffimflux": 421.44287109375,
            "forcediffimfluxunc": 46.69195556640625,
            "magzpsci": 26.20989990234375
        },
        {
            "objectid": "ZTF24abqwodi",
            "jd": 2460667.0404977,
            "ranr": 174.8038189,
            "decnr": 48.8978531,
            "fid": 2,
            "forcediffimflux": 910.4519653320312,
            "forcediffimfluxunc": 40.25454330444336,
            "magzpsci": 26.337299346923828
        },
        {
            "objectid": "ZTF24abqwodi",
            "jd": 2460668.9318056,
            "ranr": 174.8024027,
            "decnr": 48.8975472,
            "fid": 1,
            "forcediffimflux": 378.1031799316406,
            "forcediffimfluxunc": 35.542972564697266,
            "magzpsci": 26.380399703979492
        },
        {
            "objectid": "ZTF24abqwodi",
            "jd": 2460675.018669,
            "ranr": 174.8038189,
            "decnr": 48.8978531,
            "fid": 2,
            "forcediffimflux": 817.2816162109375,
            "forcediffimfluxunc": 37.164939880371094,
            "magzpsci": 26.412099838256836
        },
        {
            "objectid": "ZTF24abqwodi",
            "jd": 2460675.0325463,
            "ranr": 174.8024027,
            "decnr": 48.8975472,
            "fid": 1,
            "forcediffimflux": 380.03253173828125,
            "forcediffimfluxunc": 30.747352600097656,
            "magzpsci": 26.423799514770508
        },
        {
            "objectid": "ZTF24abqwodi",
            "jd": 2460676.9698843,
            "ranr": 174.8024027,
            "decnr": 48.8975472,
            "fid": 1,
            "forcediffimflux": 387.9891052246094,
            "forcediffimfluxunc": 30.785053253173828,
            "magzpsci": 26.41390037536621
        },
        {
            "objectid": "ZTF24abqwodi",
            "jd": 2460677.0184954,
            "ranr": 174.8038189,
            "decnr": 48.8978531,
            "fid": 2,
            "forcediffimflux": 573.4969482421875,
            "forcediffimfluxunc": 30.56313133239746,
            "magzpsci": 26.0664005279541
        },
        {
            "objectid": "ZTF24abqwodi",
            "jd": 2460680.8528472,
            "ranr": 174.8024027,
            "decnr": 48.8975472,
            "fid": 1,
            "forcediffimflux": 366.1481018066406,
            "forcediffimfluxunc": 42.73640060424805,
            "magzpsci": 26.3435001373291
        },
        {
            "objectid": "ZTF24abqwodi",
            "jd": 2460680.9029282,
            "ranr": 174.8038189,
            "decnr": 48.8978531,
            "fid": 2,
            "forcediffimflux": 632.5440063476562,
            "forcediffimfluxunc": 61.69149398803711,
            "magzpsci": 26.221900939941406
        },
        {
            "objectid": "ZTF24abqwodi",
            "jd": 2460682.949919,
            "ranr": 174.8038189,
            "decnr": 48.8978531,
            "fid": 2,
            "forcediffimflux": 776.6165161132812,
            "forcediffimfluxunc": 38.76886749267578,
            "magzpsci": 26.398500442504883
        },
        {
            "objectid": "ZTF24abqwodi",
            "jd": 2460684.8857986,
            "ranr": 174.8038189,
            "decnr": 48.8978531,
            "fid": 2,
            "forcediffimflux": 792.8790893554688,
            "forcediffimfluxunc": 49.226139068603516,
            "magzpsci": 26.403200149536133
        },
        {
            "objectid": "ZTF24abqwodi",
            "jd": 2460684.9550347,
            "ranr": 174.8024027,
            "decnr": 48.8975472,
            "fid": 1,
            "forcediffimflux": 316.689208984375,
            "forcediffimfluxunc": 46.02505874633789,
            "magzpsci": 26.417200088500977
        },
        {
            "objectid": "ZTF24abqwodi",
            "jd": 2460687.9692824,
            "ranr": 174.8024027,
            "decnr": 48.8975472,
            "fid": 1,
            "forcediffimflux": 326.1985778808594,
            "forcediffimfluxunc": 82.9067611694336,
            "magzpsci": 26.4158992767334
        }
    ]
}