{
    "objectId": "ZTF21aagtqpn",
    "candidates": [
        {
            "candid": 1494514494715015006,
            "jd": 2459249.0144907,
            "ra": 275.1451547,
            "dec": 40.9434421,
            "fid": 1,
            "nid": 1494,
            "magpsf": 19.07509994506836,
            "sigmapsf": 0.12819300591945648,
            "magnr": 21.413999557495117,
            "sigmagnr": 0.13500000536441803,
            "magzpsci": 26.254100799560547,
            "isdiffpos": "t",
            "ssdistnr": -999.0,
            "ssnamenr": "null",
            "drb": 1.0
        },
        {
            "candid": 1494543334715015012,
            "jd": 2459249.0433333,
            "ra": 275.1451651,
            "dec": 40.9434242,
            "fid": 2,
            "nid": 1494,
            "magpsf": 18.614099502563477,
            "sigmapsf": 0.08890300244092941,
            "magnr": 20.666000366210938,
            "sigmagnr": 0.10300000011920929,
            "magzpsci": 26.32710075378418,
            "isdiffpos": "t",
            "ssdistnr": -999.0,
            "ssnamenr": "null",
            "drb": 1.0
        },
        {
            "candid": 1496496314715015019,
            "jd": 2459250.9963194,
            "ra": 275.1452459,
            "dec": 40.9434693,
            "fid": 1,
            "nid": 1496,
            "magpsf": 19.05579948425293,
            "sigmapsf": 0.10652899742126465,
            "magnr": 20.71500015258789,
            "sigmagnr": 0.10000000149011612,
            "magzpsci": 26.22279930114746,
            "isdiffpos": "t",
            "ssdistnr": -999.0,
            "ssnamenr": "null",
            "drb": 1.0
        },
        {
            "candid": 1496543764715015014,
            "jd": 2459251.0437616,
            "ra": 275.1451467,
            "dec": 40.9434242,
            "fid": 2,
            "nid": 1496,
            "magpsf": 18.700899124145508,
            "sigmapsf": 0.09595199674367905,
            "magnr": 20.666000366210938,
            "sigmagnr": 0.10300000011920929,
            "magzpsci": 26.33989906311035,
            "isdiffpos": "t",
            "ssdistnr": -999.0,
            "ssnamenr": "null",
            "drb": 1.0
        },
        {
            "candid": 1498536854715015018,
            "jd": 2459253.0368519,
            "ra": 275.1451536,
            "dec": 40.9434189,
            "fid": 1,
            "nid": 1498,
            "magpsf": 19.085899353027344,
            "sigmapsf": 0.10456299781799316,
            "magnr": 21.413999557495117,
            "sigmagnr": 0.13500000536441803,
            "magzpsci": 26.304899215698242,
            "isdiffpos": "t",
            "ssdistnr": -999.0,
            "ssnamenr": "null",
            "drb": 1.0
        },
        {
            "candid": 1504532094715015009,
            "jd": 2459259.0320949,
            "ra": 275.1451864,
            "dec": 40.9434194,
            "fid": 1,
            "nid": 1504,
            "magpsf": 19.22920036315918,
            "sigmapsf": 0.1258540004491806,
            "magnr": 20.71500015258789,
            "sigmagnr": 0.10000000149011612,
            "magzpsci": 26.162200927734375,
            "isdiffpos": "t",
            "ssdistnr": null,
            "ssnamenr": null,
            "drb": null
        },
        {
            "candid": 1509471494715015003,
            "jd": 2459263.9714931,
            "ra": 275.1451829,
            "dec": 40.943399,
            "fid": 2,
            "nid": 1509,
            "magpsf": 18.803199768066406,
            "sigmapsf": 0.15296800434589386,
            "magnr": 20.666000366210938,
            "sigmagnr": 0.10300000011920929,
            "magzpsci": 26.31719970703125,
            "isdiffpos": "t",
            "ssdistnr": null,
            "ssnamenr": null,
            "drb": null
        },
        {
            "candid": 1511515464715015015,
            "jd": 2459266.015463,
            "ra": 275.1451663,
            "dec": 40.9433845,
            "fid": 1,
            "nid": 1511,
            "magpsf": 19.357799530029297,
            "sigmapsf": 0.14776700735092163,
            "magnr": 20.71500015258789,
            "sigmagnr": 0.10000000149011612,
            "magzpsci": 26.33679962158203,
            "isdiffpos": "t",
            "ssdistnr": null,
            "ssnamenr": null,
            "drb": null
        },
        {
            "candid": 1511528534715015015,
            "jd": 2459266.0285301,
            "ra": 275.1451461,
            "dec": 40.943408,
            "fid": 2,
            "nid": 1511,
            "magpsf": 18.78860092163086,
            "sigmapsf": 0.06250199675559998,
            "magnr": 20.666000366210938,
            "sigmagnr": 0.10300000011920929,
            "magzpsci": 26.361600875854492,
            "isdiffpos": "t",
            "ssdistnr": null,
            "ssnamenr": null,
            "drb": null
        },
        {
            "candid": 1515473924715015004,
            "jd": 2459269.9739236,
            "ra": 275.1451778,
            "dec": 40.9434247,
            "fid": 1,
            "nid": 1515,
            "magpsf": 19.248699188232422,
            "sigmapsf": 0.15703900158405304,
            "magnr": 21.413999557495117,
            "sigmagnr": 0.13500000536441803,
            "magzpsci": 26.264699935913086,
            "isdiffpos": "t",
            "ssdistnr": null,
            "ssnamenr": null,
            "drb": null
        },
        {
            "candid": 1515532854715015053,
            "jd": 2459270.0328588,
            "ra": 275.1451401,
            "dec": 40.9434274,
            "fid": 2,
            "nid": 1515,
            "magpsf": 18.74679946899414,
            "sigmapsf": 0.07852999866008759,
            "magnr": 20.666000366210938,
            "sigmagnr": 0.10300000011920929,
            "magzpsci": 26.36079978942871,
            "isdiffpos": "t",
            "ssdistnr": null,
            "ssnamenr": null,
            "drb": null
        },
        {
            "candid": 1518496674715015007,
            "jd": 2459272.9966782,
            "ra": 275.1451224,
            "dec": 40.9434529,
            "fid": 2,
            "nid": 1518,
            "magpsf": 18.78689956665039,
            "sigmapsf": 0.1650010049343109,
            "magnr": 20.666000366210938,
            "sigmagnr": 0.10300000011920929,
            "magzpsci": 26.320899963378906,
            "isdiffpos": "t",
            "ssdistnr": null,
            "ssnamenr": null,
            "drb": null
        },
        {
            "candid": 1521469874715015006,
            "jd": 2459275.9698727,
            "ra": 275.1451769,
            "dec": 40.9434013,
            "fid": 1,
            "nid": 1521,
            "magpsf": 19.595300674438477,
            "sigmapsf": 0.2582559883594513,
            "magnr": 20.71500015258789,
            "sigmagnr": 0.10000000149011612,
            "magzpsci": 26.29829978942871,
            "isdiffpos": "t",
            "ssdistnr": null,
            "ssnamenr": null,
            "drb": null
        },
        {
            "candid": 1521528254715015010,
            "jd": 2459276.0282523,
            "ra": 275.1451256,
            "dec": 40.9434225,
            "fid": 2,
            "nid": 1521,
            "magpsf": 18.729299545288086,
            "sigmapsf": 0.09173700213432312,
            "magnr": 20.666000366210938,
            "sigmagnr": 0.10300000011920929,
            "magzpsci": 26.361299514770508,
            "isdiffpos": "t",
            "ssdistnr": null,
            "ssnamenr": null,
            "drb": null
        },
        {
            "candid": 1526407714715015029,
            "jd": 2459280.9077199,
            "ra": 275.1451154,
            "dec": 40.9434139,
            "fid": 1,
            "nid": 1526,
            "magpsf": 19.515499114990234,
            "sigmapsf": 0.21330800652503967,
            "magnr": 21.413999557495117,
            "sigmagnr": 0.13500000536441803,
            "magzpsci": 26.082500457763672,
            "isdiffpos": "t",
            "ssdistnr": null,
            "ssnamenr": null,
            "drb": null
        },
        {
            "candid": 1537385374715015011,
            "jd": 2459291.8853704,
            "ra": 275.145177,
            "dec": 40.9434002,
            "fid": 2,
            "nid": 1537,
            "magpsf": 18.686500549316406,
            "sigmapsf": 0.10200700163841248,
            "magnr": 20.666000366210938,
            "sigmagnr": 0.10300000011920929,
            "magzpsci": 26.245500564575195,
            "isdiffpos": "t",
            "ssdistnr": null,
            "ssnamenr": null,
            "drb": null
        },
        {
            "candid": 1537513194715015020,
            "jd": 2459292.0131944,
            "ra": 275.1451567,
            "dec": 40.9434175,
            "fid": 1,
            "nid": 1537,
            "magpsf": 19.398099899291992,
            "sigmapsf": 0.08772800117731094,
            "magnr": 21.413999557495117,
            "sigmagnr": 0.13500000536441803,
            "magzpsci": 26.34910011291504,
            "isdiffpos": "t",
            "ssdistnr": null,
            "ssnamenr": null,
            "drb": null
        },
        {
            "candid": 1541505874715015010,
            "jd": 2459296.0058796,
            "ra": 275.1451475,
            "dec": 40.9433999,
            "fid": 2,
            "nid": 1541,
            "magpsf": 18.755399703979492,
            "sigmapsf": 0.07924400269985199,
            "magnr": 20.666000366210938,
            "sigmagnr": 0.10300000011920929,
            "magzpsci": 26.295400619506836,
            "isdiffpos": "t",
            "ssdistnr": null,
            "ssnamenr": null,
            "drb": null
        },
        {
            "candid": 1544406274715015005,
            "jd": 2459298.9062731,
            "ra": 275.145153,
            "dec": 40.9433742,
            "fid": 2,
            "nid": 1544,
            "magpsf": 18.87619972229004,
            "sigmapsf": 0.1261110007762909,
            "magnr": 20.666000366210938,
            "sigmagnr": 0.10300000011920929,
            "magzpsci": 25.961200714111328,
            "isdiffpos": "t",
            "ssdistnr": null,
            "ssnamenr": null,
            "drb": null
        },
        {
            "candid": 1544429894715015011,
            "jd": 2459298.9298958,
            "ra": 275.1451677,
            "dec": 40.9434777,
            "fid": 1,
            "nid": 1544,
            "magpsf": 19.30590057373047,
            "sigmapsf": 0.13569100201129913,
            "magnr": 21.413999557495117,
            "sigmagnr": 0.13500000536441803,
            "magzpsci": 26.205900192260742,
            "isdiffpos": "t",
            "ssdistnr": null,
            "ssnamenr": null,
            "drb": null
        },
        {
            "candid": 1550470234715015008,
            "jd": 2459304.9702315,
            "ra": 275.1450429,
            "dec": 40.9432803,
            "fid": 2,
            "nid": 1550,
            "magpsf": 18.92840003967285,
            "sigmapsf": 0.13964299857616425,
            "magnr": 20.666000366210938,
            "sigmagnr": 0.10300000011920929,
            "magzpsci": 26.32740020751953,
            "isdiffpos": "t",
            "ssdistnr": null,
            "ssnamenr": null,
            "drb": null
        },
        {
            "candid": 1550489954715015008,
            "jd": 2459304.9899537,
            "ra": 275.1451437,
            "dec": 40.9433883,
            "fid": 1,
            "nid": 1550,
            "magpsf": 19.43939971923828,
            "sigmapsf": 0.2716369926929474,
            "magnr": 20.71500015258789,
            "sigmagnr": 0.10000000149011612,
            "magzpsci": 26.33839988708496,
            "isdiffpos": "t",
            "ssdistnr": null,
            "ssnamenr": null,
            "drb": null
        },
        {
            "candid": 1553444644715015015,
            "jd": 2459307.9446412,
            "ra": 275.1451396,
            "dec": 40.9434315,
            "fid": 2,
            "nid": 1553,
            "magpsf": 18.82830047607422,
            "sigmapsf": 0.10006599873304367,
            "magnr": 20.666000366210938,
            "sigmagnr": 0.10300000011920929,
            "magzpsci": 26.351299285888672,
            "isdiffpos": "t",
            "ssdistnr": null,
            "ssnamenr": null,
            "drb": null
        },
        {
            "candid": 1553498854715015016,
            "jd": 2459307.9988542,
            "ra": 275.1451162,
            "dec": 40.9434286,
            "fid": 1,
            "nid": 1553,
            "magpsf": 19.632400512695312,
            "sigmapsf": 0.1270889937877655,
            "magnr": 21.413999557495117,
            "sigmagnr": 0.13500000536441803,
            "magzpsci": 26.36240005493164,
            "isdiffpos": "t",
            "ssdistnr": null,
            "ssnamenr": null,
            "drb": null
        },
        {
            "candid": 1556474424715015008,
            "jd": 2459310.9744213,
            "ra": 275.1451225,
            "dec": 40.9433882,
            "fid": 1,
            "nid": 1556,
            "magpsf": 19.717500686645508,
            "sigmapsf": 0.14329500496387482,
            "magnr": 21.413999557495117,
            "sigmagnr": 0.13500000536441803,
            "magzpsci": 26.346500396728516,
            "isdiffpos": "t",
            "ssdistnr": null,
            "ssnamenr": null,
            "drb": null
        },
        {
            "candid": 1556499894715015008,
            "jd": 2459310.9998958,
            "ra": 275.1451536,
            "dec": 40.9434162,
            "fid": 2,
            "nid": 1556,
            "magpsf": 18.883699417114258,
            "sigmapsf": 0.09460200369358063,
            "magnr": 20.666000366210938,
            "sigmagnr": 0.10300000011920929,
            "magzpsci": 26.33769989013672,
            "isdiffpos": "t",
            "ssdistnr": null,
            "ssnamenr": null,
            "drb": null
        },
        {
            "candid": 1559454544715015018,
            "jd": 2459313.9545486,
            "ra": 275.1451225,
            "dec": 40.9434148,
            "fid": 2,
            "nid": 1559,
            "magpsf": 18.93269920349121,
            "sigmapsf": 0.07851400226354599,
            "magnr": 20.666000366210938,
            "sigmagnr": 0.10300000011920929,
            "magzpsci": 26.31170082092285,
            "isdiffpos": "t",
            "ssdistnr": null,
            "ssnamenr": null,
            "drb": null
        },
        {
            "candid": 1559489054715015024,
            "jd": 2459313.9890509,
            "ra": 275.1451187,
            "dec": 40.9434401,
            "fid": 1,
            "nid": 1559,
            "magpsf": 19.820199966430664,
            "sigmapsf": 0.16626699268817902,
            "magnr": 21.413999557495117,
            "sigmagnr": 0.13500000536441803,
            "magzpsci": 26.263200759887695,
            "isdiffpos": "t",
            "ssdistnr": null,
            "ssnamenr": null,
            "drb": null
        },
        {
            "candid": 1561446744715015047,
            "jd": 2459315.9467477,
            "ra": 275.1451559,
            "dec": 40.9434154,
            "fid": 2,
            "nid": 1561,
            "magpsf": 19.05299949645996,
            "sigmapsf": 0.09585899859666824,
            "magnr": 20.666000366210938,
            "sigmagnr": 0.10300000011920929,
            "magzpsci": 26.027999877929688,
            "isdiffpos": "t",
            "ssdistnr": null,
            "ssnamenr": null,
            "drb": null
        },
        {
            "candid": 1561473904715015013,
            "jd": 2459315.9739005,
            "ra": 275.1451416,
            "dec": 40.9434361,
            "fid": 1,
            "nid": 1561,
            "magpsf": 19.921300888061523,
            "sigmapsf": 0.1455959975719452,
            "magnr": 21.413999557495117,
            "sigmagnr": 0.13500000536441803,
            "magzpsci": 26.13330078125,
            "isdiffpos": "t",
            "ssdistnr": null,
            "ssnamenr": null,
            "drb": null
        },
        {
            "candid": 1563452604715015023,
            "jd": 2459317.9526042,
            "ra": 275.1451751,
            "dec": 40.9434366,
            "fid": 2,
            "nid": 1563,
            "magpsf": 19.078699111938477,
            "sigmapsf": 0.0921970009803772,
            "magnr": 20.666000366210938,
            "sigmagnr": 0.10300000011920929,
            "magzpsci": 26.327699661254883,
            "isdiffpos": "t",
            "ssdistnr": null,
            "ssnamenr": null,
            "drb": null
        },
        {
            "candid": 1563465324715015018,
            "jd": 2459317.9653241,
            "ra": 275.1450596,
            "dec": 40.9433725,
            "fid": 1,
            "nid": 1563,
            "magpsf": 19.99970054626465,
            "sigmapsf": 0.14498600363731384,
            "magnr": 21.413999557495117,
            "sigmagnr": 0.13500000536441803,
            "magzpsci": 26.351699829101562,
            "isdiffpos": "t",
            "ssdistnr": null,
            "ssnamenr": null,
            "drb": null
        },
        {
            "candid": 1566445914715015040,
            "jd": 2459320.9459144,
            "ra": 275.1451511,
            "dec": 40.9434363,
            "fid": 1,
            "nid": 1566,
            "magpsf": 20.293699264526367,
            "sigmapsf": 0.19793500006198883,
            "magnr": 21.413999557495117,
            "sigmagnr": 0.13500000536441803,
            "magzpsci": 26.259700775146484,
            "isdiffpos": "t",
            "ssdistnr": null,
            "ssnamenr": null,
            "drb": null
        },
        {
            "candid": 1566464724715015069,
            "jd": 2459320.9647222,
            "ra": 275.1451361,
            "dec": 40.9434183,
            "fid": 2,
            "nid": 1566,
            "magpsf": 19.223100662231445,
            "sigmapsf": 0.10521300137042999,
            "magnr": 20.666000366210938,
            "sigmagnr": 0.10300000011920929,
            "magzpsci": 26.190099716186523,
            "isdiffpos": "t",
            "ssdistnr": null,
            "ssnamenr": null,
            "drb": null
        },
        {
            "candid": 1568447524715015013,
            "jd": 2459322.9475231,
            "ra": 275.1451124,
            "dec": 40.9434512,
            "fid": 1,
            "nid": 1568,
            "magpsf": 20.476499557495117,
            "sigmapsf": 0.21426700055599213,
            "magnr": 21.413999557495117,
            "sigmagnr": 0.13500000536441803,
            "magzpsci": 26.340499877929688,
            "isdiffpos": "t",
            "ssdistnr": null,
            "ssnamenr": null,
            "drb": null
        },
        {
            "candid": 1568476294715015011,
            "jd": 2459322.9762963,
            "ra": 275.1452005,
            "dec": 40.9434166,
            "fid": 2,
            "nid": 1568,
            "magpsf": 19.399099349975586,
            "sigmapsf": 0.121117003262043,
            "magnr": 20.666000366210938,
            "sigmagnr": 0.10300000011920929,
            "magzpsci": 26.346099853515625,
            "isdiffpos": "t",
            "ssdistnr": null,
            "ssnamenr": null,
            "drb": null
        },
        {
            "candid": 1570281364715015006,
            "jd": 2459324.7813657,
            "ra": 275.1451578,
            "dec": 40.9434146,
            "fid": 2,
            "nid": 1570,
            "magpsf": 19.4389705657959,
            "sigmapsf": 0.19257499277591705,
            "magnr": 20.666000366210938,
            "sigmagnr": 0.10300000011920929,
            "magzpsci": 26.196969985961914,
            "isdiffpos": "t",
            "ssdistnr": -999.0,
            "ssnamenr": "null",
            "drb": null
        },
        {
            "candid": 1570281364715065006,
            "jd": 2459324.7813657,
            "ra": 275.1451578,
            "dec": 40.9434146,
            "fid": 2,
            "nid": 1570,
            "magpsf": 19.43899917602539,
            "sigmapsf": 0.19257499277591705,
            "magnr": 20.666000366210938,
            "sigmagnr": 0.10300000011920929,
            "magzpsci": 26.19700050354004,
            "isdiffpos": "t",
            "ssdistnr": null,
            "ssnamenr": null,
            "drb": null
        },
        {
            "candid": 1570410134715015019,
            "jd": 2459324.9101389,
            "ra": 275.1451591,
            "dec": 40.9434547,
            "fid": 1,
            "nid": 1570,
            "magpsf": 20.7716007232666,
            "sigmapsf": 0.26233699917793274,
            "magnr": 21.413999557495117,
            "sigmagnr": 0.13500000536441803,
            "magzpsci": 26.325599670410156,
            "isdiffpos": "t",
            "ssdistnr": null,
            "ssnamenr": null,
            "drb": null
        },
        {
            "candid": 1574307484715015010,
            "jd": 2459328.8074884,
            "ra": 275.1451024,
            "dec": 40.9434034,
            "fid": 2,
            "nid": 1574,
            "magpsf": 19.641799926757812,
            "sigmapsf": 0.24042700231075287,
            "magnr": 20.666000366210938,
            "sigmagnr": 0.10300000011920929,
            "magzpsci": 26.26180076599121,
            "isdiffpos": "t",
            "ssdistnr": null,
            "ssnamenr": null,
            "drb": null
        },
        {
            "candid": 1580405114715015014,
            "jd": 2459334.9051157,
            "ra": 275.145065,
            "dec": 40.9434383,
            "fid": 2,
            "nid": 1580,
            "magpsf": 20.370800018310547,
            "sigmapsf": 0.2634739875793457,
            "magnr": 20.666000366210938,
            "sigmagnr": 0.10300000011920929,
            "magzpsci": 26.35379981994629,
            "isdiffpos": "t",
            "ssdistnr": null,
            "ssnamenr": null,
            "drb": null
        },
        {
            "candid": 1583455484715015007,
            "jd": 2459337.9554861,
            "ra": 275.1449624,
            "dec": 40.9433722,
            "fid": 2,
            "nid": 1583,
            "magpsf": 20.406700134277344,
            "sigmapsf": 0.3045960068702698,
            "magnr": 20.666000366210938,
            "sigmagnr": 0.10300000011920929,
            "magzpsci": 26.308700561523438,
            "isdiffpos": "t",
            "ssdistnr": null,
            "ssnamenr": null,
            "drb": null
        },
        {
            "candid": 1585446314715015016,
            "jd": 2459339.9463194,
            "ra": 275.1451565,
            "dec": 40.9434295,
            "fid": 2,
            "nid": 1585,
            "magpsf": 20.267000198364258,
            "sigmapsf": 0.17840899527072906,
            "magnr": 20.666000366210938,
            "sigmagnr": 0.10300000011920929,
            "magzpsci": 26.322999954223633,
            "isdiffpos": "t",
            "ssdistnr": null,
            "ssnamenr": null,
            "drb": null
        },
        {
            "candid": 1587429624715015012,
            "jd": 2459341.9296296,
            "ra": 275.1450256,
            "dec": 40.9433882,
            "fid": 2,
            "nid": 1587,
            "magpsf": 20.06060028076172,
            "sigmapsf": 0.19404399394989014,
            "magnr": 20.666000366210938,
            "sigmagnr": 0.10300000011920929,
            "magzpsci": 26.325599670410156,
            "isdiffpos": "t",
            "ssdistnr": null,
            "ssnamenr": null,
            "drb": null
        },
        {
            "candid": 1589365914715015017,
            "jd": 2459343.8659144,
            "ra": 275.1451569,
            "dec": 40.9434218,
            "fid": 2,
            "nid": 1589,
            "magpsf": 20.360700607299805,
            "sigmapsf": 0.1763550043106079,
            "magnr": 20.666000366210938,
            "sigmagnr": 0.10300000011920929,
            "magzpsci": 26.262699127197266,
            "isdiffpos": "t",
            "ssdistnr": null,
            "ssnamenr": null,
            "drb": null
        },
        {
            "candid": 1591456744715015021,
            "jd": 2459345.9567477,
            "ra": 275.1451871,
            "dec": 40.9434469,
            "fid": 2,
            "nid": 1591,
            "magpsf": 20.3075008392334,
            "sigmapsf": 0.17703700065612793,
            "magnr": 20.666000366210938,
            "sigmagnr": 0.10300000011920929,
            "magzpsci": 26.316499710083008,
            "isdiffpos": "t",
            "ssdistnr": null,
            "ssnamenr": null,
            "drb": null
        },
        {
            "candid": 1595408264715015017,
            "jd": 2459349.9082639,
            "ra": 275.1449888,
            "dec": 40.9433957,
            "fid": 1,
            "nid": 1595,
            "magpsf": 21.233600616455078,
            "sigmapsf": 0.31452101469039917,
            "magnr": 21.413999557495117,
            "sigmagnr": 0.13500000536441803,
            "magzpsci": 26.3346004486084,
            "isdiffpos": "t",
            "ssdistnr": null,
            "ssnamenr": null,
            "drb": null
        },
        {
            "candid": 1595451994715015022,
            "jd": 2459349.9519907,
            "ra": 275.1451056,
            "dec": 40.9433253,
            "fid": 2,
            "nid": 1595,
            "magpsf": 20.36720085144043,
            "sigmapsf": 0.2160400003194809,
            "magnr": 20.666000366210938,
            "sigmagnr": 0.10300000011920929,
            "magzpsci": 26.329200744628906,
            "isdiffpos": "t",
            "ssdistnr": null,
            "ssnamenr": null,
            "drb": null
        },
        {
            "candid": 1599450824715015012,
            "jd": 2459353.9508218,
            "ra": 275.1451702,
            "dec": 40.9434345,
            "fid": 2,
            "nid": 1599,
            "magpsf": 20.308300018310547,
            "sigmapsf": 0.21329699456691742,
            "magnr": 20.666000366210938,
            "sigmagnr": 0.10300000011920929,
            "magzpsci": 26.329299926757812,
            "isdiffpos": "t",
            "ssdistnr": null,
            "ssnamenr": null,
            "drb": null
        },
        {
            "candid": 1602391254715015020,
            "jd": 2459356.89125,
            "ra": 275.1450773,
            "dec": 40.9433643,
            "fid": 2,
            "nid": 1602,
            "magpsf": 20.03730010986328,
            "sigmapsf": 0.16939499974250793,
            "magnr": 20.666000366210938,
            "sigmagnr": 0.10300000011920929,
            "magzpsci": 26.32830047607422,
            "isdiffpos": "t",
            "ssdistnr": null,
            "ssnamenr": null,
            "drb": null
        },
        {
            "candid": 1608323184715015009,
            "jd": 2459362.8231829,
            "ra": 275.1451214,
            "dec": 40.9434259,
            "fid": 2,
            "nid": 1608,
            "magpsf": 20.182100296020508,
            "sigmapsf": 0.26458099484443665,
            "magnr": 20.666000366210938,
            "sigmagnr": 0.10300000011920929,
            "magzpsci": 26.366100311279297,
            "isdiffpos": "t",
            "ssdistnr": null,
            "ssnamenr": null,
            "drb": null
        },
        {
            "candid": 1616364614715015008,
            "jd": 2459370.8646181,
            "ra": 275.1451136,
            "dec": 40.9433759,
            "fid": 2,
            "nid": 1616,
            "magpsf": 20.488800048828125,
            "sigmapsf": 0.22160199284553528,
            "magnr": 20.666000366210938,
            "sigmagnr": 0.10300000011920929,
            "magzpsci": 26.32979965209961,
            "isdiffpos": "t",
            "ssdistnr": null,
            "ssnamenr": null,
            "drb": null
        },
        {
            "candid": 1619380054715015020,
            "jd": 2459373.8800579,
            "ra": 275.1451338,
            "dec": 40.9433076,
            "fid": 2,
            "nid": 1619,
            "magpsf": 20.522199630737305,
            "sigmapsf": 0.16877199709415436,
            "magnr": 20.666000366210938,
            "sigmagnr": 0.10300000011920929,
            "magzpsci": 26.356199264526367,
            "isdiffpos": "t",
            "ssdistnr": null,
            "ssnamenr": null,
            "drb": null
        },
        {
            "candid": 1619430934715015020,
            "jd": 2459373.9309375,
            "ra": 275.1451011,
            "dec": 40.9433925,
            "fid": 1,
            "nid": 1619,
            "magpsf": 21.249300003051758,
            "sigmapsf": 0.3360939919948578,
            "magnr": 21.413999557495117,
            "sigmagnr": 0.13500000536441803,
            "magzpsci": 26.363300323486328,
            "isdiffpos": "t",
            "ssdistnr": null,
            "ssnamenr": null,
            "drb": null
        },
        {
            "candid": 1621390764715015021,
            "jd": 2459375.8907639,
            "ra": 275.1451335,
            "dec": 40.9433771,
            "fid": 2,
            "nid": 1621,
            "magpsf": 20.600400924682617,
            "sigmapsf": 0.23381300270557404,
            "magnr": 20.666000366210938,
            "sigmagnr": 0.10300000011920929,
            "magzpsci": 26.365400314331055,
            "isdiffpos": "t",
            "ssdistnr": null,
            "ssnamenr": null,
            "drb": null
        },
        {
            "candid": 1623385984715015020,
            "jd": 2459377.8859838,
            "ra": 275.1451601,
            "dec": 40.9433187,
            "fid": 2,
            "nid": 1623,
            "magpsf": 20.56570053100586,
            "sigmapsf": 0.24420300126075745,
            "magnr": 20.666000366210938,
            "sigmagnr": 0.10300000011920929,
            "magzpsci": 26.36669921875,
            "isdiffpos": "t",
            "ssdistnr": null,
            "ssnamenr": null,
            "drb": null
        },
        {
            "candid": 1625366194715015014,
            "jd": 2459379.8661921,
            "ra": 275.1450445,
            "dec": 40.9433715,
            "fid": 2,
            "nid": 1625,
            "magpsf": 20.5898494720459,
            "sigmapsf": 0.18425700068473816,
            "magnr": 20.666000366210938,
            "sigmagnr": 0.10300000011920929,
            "magzpsci": 26.369850158691406,
            "isdiffpos": "t",
            "ssdistnr": -999.0,
            "ssnamenr": "null",
            "drb": null
        },
        {
            "jd": 2459255.0388889,
            "fid": 1,
            "diffmaglim": 17.507200241088867
        },
        {
            "jd": 2459273.0115278,
            "fid": 1,
            "diffmaglim": 19.200599670410156
        },
        {
            "jd": 2459302.9471412,
            "fid": 2,
            "diffmaglim": 19.612199783325195
        },
        {
            "jd": 2459302.9890278,
            "fid": 1,
            "diffmaglim": 19.461599349975586
        },
        {
            "jd": 2459328.8677083,
            "fid": 1,
            "diffmaglim": 19.548200607299805
        },
        {
            "jd": 2459334.9687384,
            "fid": 1,
            "diffmaglim": 20.109399795532227
        },
        {
            "jd": 2459337.906412,
            "fid": 1,
            "diffmaglim": 20.322900772094727
        },
        {
            "jd": 2459339.9093403,
            "fid": 1,
            "diffmaglim": 20.989200592041016
        },
        {
            "jd": 2459341.8672917,
            "fid": 1,
            "diffmaglim": 20.728700637817383
        },
        {
            "jd": 2459345.9363079,
            "fid": 1,
            "diffmaglim": 20.942899703979492
        },
        {
            "jd": 2459347.8734838,
            "fid": 2,
            "diffmaglim": 20.605499267578125
        },
        {
            "jd": 2459347.9437384,
            "fid": 1,
            "diffmaglim": 19.5625
        },
        {
            "jd": 2459353.870463,
            "fid": 1,
            "diffmaglim": 20.628799438476562
        },
        {
            "jd": 2459356.9353704,
            "fid": 1,
            "diffmaglim": 20.674400329589844
        },
        {
            "jd": 2459359.8022338,
            "fid": 1,
            "diffmaglim": 19.61400032043457
        },
        {
            "jd": 2459359.9110764,
            "fid": 2,
            "diffmaglim": 19.853300094604492
        },
        {
            "jd": 2459362.9051968,
            "fid": 1,
            "diffmaglim": 19.992300033569336
        },
        {
            "jd": 2459364.850625,
            "fid": 2,
            "diffmaglim": 20.528200149536133
        },
        {
            "jd": 2459364.8730556,
            "fid": 1,
            "diffmaglim": 20.372900009155273
        },
        {
            "jd": 2459366.8287731,
            "fid": 1,
            "diffmaglim": 20.989999771118164
        },
        {
            "jd": 2459366.8686111,
            "fid": 2,
            "diffmaglim": 20.67650032043457
        },
        {
            "jd": 2459368.8675463,
            "fid": 1,
            "diffmaglim": 21.024999618530273
        },
        {
            "jd": 2459370.8874884,
            "fid": 1,
            "diffmaglim": 21.034799575805664
        },
        {
            "jd": 2459375.9233796,
            "fid": 1,
            "diffmaglim": 20.73900032043457
        },
        {
            "jd": 2459377.8704398,
            "fid": 1,
            "diffmaglim": 21.001699447631836
        },
        {
            "jd": 2459379.830625,
            "fid": 1,
            "diffmaglim": 20.719600677490234
        }
    ],
    "forcedphot": []
}