{
    "objectId": "ZTF24aaxobdu",
    "candidates": [
        {
            "candid": 2764222761215015018,
            "jd": 2460518.7227662,
            "ra": 238.6834659,
            "dec": 23.6156087,
            "fid": 1,
            "nid": 2764,
            "magpsf": 20.845300674438477,
            "sigmapsf": 0.2641110122203827,
            "magnr": 20.952999114990234,
            "sigmagnr": 0.09099999815225601,
            "magzpsci": 26.230300903320312,
            "isdiffpos": "t",
            "ssdistnr": null,
            "ssnamenr": null,
            "drb": null
        },
        {
            "candid": 2766196221215015023,
            "jd": 2460520.6962269,
            "ra": 238.6836013,
            "dec": 23.6156098,
            "fid": 1,
            "nid": 2766,
            "magpsf": 19.695600509643555,
            "sigmapsf": 0.1326110064983368,
            "magnr": 20.952999114990234,
            "sigmagnr": 0.09099999815225601,
            "magzpsci": 26.32859992980957,
            "isdiffpos": "t",
            "ssdistnr": null,
            "ssnamenr": null,
            "drb": null
        },
        {
            "candid": 2766266071215015016,
            "jd": 2460520.7660764,
            "ra": 238.6835866,
            "dec": 23.6155656,
            "fid": 2,
            "nid": 2766,
            "magpsf": 19.736900329589844,
            "sigmapsf": 0.22318199276924133,
            "magnr": 20.447999954223633,
            "sigmagnr": 0.07900000363588333,
            "magzpsci": 26.213899612426758,
            "isdiffpos": "t",
            "ssdistnr": null,
            "ssnamenr": null,
            "drb": null
        },
        {
            "candid": 2770205061215015021,
            "jd": 2460524.7050694,
            "ra": 238.6836143,
            "dec": 23.6156042,
            "fid": 1,
            "nid": 2770,
            "magpsf": 19.458900451660156,
            "sigmapsf": 0.12978200614452362,
            "magnr": 20.952999114990234,
            "sigmagnr": 0.09099999815225601,
            "magzpsci": 26.200899124145508,
            "isdiffpos": "t",
            "ssdistnr": null,
            "ssnamenr": null,
            "drb": null
        },
        {
            "candid": 2770237591215015022,
            "jd": 2460524.7375926,
            "ra": 238.6835753,
            "dec": 23.6155699,
            "fid": 2,
            "nid": 2770,
            "magpsf": 19.544200897216797,
            "sigmapsf": 0.176363006234169,
            "magnr": 20.447999954223633,
            "sigmagnr": 0.07900000363588333,
            "magzpsci": 26.164199829101562,
            "isdiffpos": "t",
            "ssdistnr": null,
            "ssnamenr": null,
            "drb": null
        },
        {
            "candid": 2772244161215015016,
            "jd": 2460526.7441667,
            "ra": 238.6836037,
            "dec": 23.6156257,
            "fid": 2,
            "nid": 2772,
            "magpsf": 19.500900268554688,
            "sigmapsf": 0.1496250033378601,
            "magnr": 20.447999954223633,
            "sigmagnr": 0.07900000363588333,
            "magzpsci": 26.1968994140625,
            "isdiffpos": "t",
            "ssdistnr": null,
            "ssnamenr": null,
            "drb": null
        },
        {
            "candid": 2772300471215015018,
            "jd": 2460526.8004745,
            "ra": 238.6836212,
            "dec": 23.615652,
            "fid": 1,
            "nid": 2772,
            "magpsf": 19.530500411987305,
            "sigmapsf": 0.14894400537014008,
            "magnr": 20.952999114990234,
            "sigmagnr": 0.09099999815225601,
            "magzpsci": 26.135499954223633,
            "isdiffpos": "t",
            "ssdistnr": null,
            "ssnamenr": null,
            "drb": null
        },
        {
            "candid": 2772300471215035018,
            "jd": 2460526.8004745,
            "ra": 238.6836212,
            "dec": 23.615652,
            "fid": 1,
            "nid": 2772,
            "magpsf": 19.530500411987305,
            "sigmapsf": 0.14894400537014008,
            "magnr": 20.952999114990234,
            "sigmagnr": 0.09099999815225601,
            "magzpsci": 26.135499954223633,
            "isdiffpos": "t",
            "ssdistnr": null,
            "ssnamenr": null,
            "drb": null
        },
        {
            "candid": 2774225961215015015,
            "jd": 2460528.7259606,
            "ra": 238.6836329,
            "dec": 23.615612,
            "fid": 1,
            "nid": 2774,
            "magpsf": 19.34869956970215,
            "sigmapsf": 0.10403099656105042,
            "magnr": 20.952999114990234,
            "sigmagnr": 0.09099999815225601,
            "magzpsci": 26.130699157714844,
            "isdiffpos": "t",
            "ssdistnr": null,
            "ssnamenr": null,
            "drb": null
        },
        {
            "candid": 2776196431215015018,
            "jd": 2460530.6964352,
            "ra": 238.6835618,
            "dec": 23.6156192,
            "fid": 1,
            "nid": 2776,
            "magpsf": 19.36680030822754,
            "sigmapsf": 0.11134599894285202,
            "magnr": 20.952999114990234,
            "sigmagnr": 0.09099999815225601,
            "magzpsci": 26.221799850463867,
            "isdiffpos": "t",
            "ssdistnr": null,
            "ssnamenr": null,
            "drb": null
        },
        {
            "candid": 2776246071215015020,
            "jd": 2460530.7460764,
            "ra": 238.6836533,
            "dec": 23.6156067,
            "fid": 2,
            "nid": 2776,
            "magpsf": 19.438899993896484,
            "sigmapsf": 0.15714600682258606,
            "magnr": 20.447999954223633,
            "sigmagnr": 0.07900000363588333,
            "magzpsci": 26.127899169921875,
            "isdiffpos": "t",
            "ssdistnr": null,
            "ssnamenr": null,
            "drb": null
        },
        {
            "candid": 2778181031215015015,
            "jd": 2460532.6810301,
            "ra": 238.6835987,
            "dec": 23.6156224,
            "fid": 2,
            "nid": 2778,
            "magpsf": 19.457700729370117,
            "sigmapsf": 0.11517100036144257,
            "magnr": 20.447999954223633,
            "sigmagnr": 0.07900000363588333,
            "magzpsci": 26.90570068359375,
            "isdiffpos": "t",
            "ssdistnr": null,
            "ssnamenr": null,
            "drb": null
        },
        {
            "candid": 2778225481215015018,
            "jd": 2460532.7254861,
            "ra": 238.6835817,
            "dec": 23.6156173,
            "fid": 1,
            "nid": 2778,
            "magpsf": 19.409000396728516,
            "sigmapsf": 0.101951003074646,
            "magnr": 20.952999114990234,
            "sigmagnr": 0.09099999815225601,
            "magzpsci": 26.889999389648438,
            "isdiffpos": "t",
            "ssdistnr": null,
            "ssnamenr": null,
            "drb": null
        },
        {
            "candid": 2779180961215015051,
            "jd": 2460533.6809606,
            "ra": 238.683604,
            "dec": 23.615536,
            "fid": 2,
            "nid": 2779,
            "magpsf": 19.387300491333008,
            "sigmapsf": 0.22862599790096283,
            "magnr": 20.447999954223633,
            "sigmagnr": 0.07900000363588333,
            "magzpsci": 26.044300079345703,
            "isdiffpos": "t",
            "ssdistnr": null,
            "ssnamenr": null,
            "drb": null
        },
        {
            "candid": 2779223051215015008,
            "jd": 2460533.7230556,
            "ra": 238.6835566,
            "dec": 23.6156242,
            "fid": 1,
            "nid": 2779,
            "magpsf": 19.51919937133789,
            "sigmapsf": 0.09054499864578247,
            "magnr": 20.952999114990234,
            "sigmagnr": 0.09099999815225601,
            "magzpsci": 26.80419921875,
            "isdiffpos": "t",
            "ssdistnr": null,
            "ssnamenr": null,
            "drb": null
        },
        {
            "candid": 2786223401215015005,
            "jd": 2460540.7234028,
            "ra": 238.6835388,
            "dec": 23.615597,
            "fid": 1,
            "nid": 2786,
            "magpsf": 19.499900817871094,
            "sigmapsf": 0.15943799912929535,
            "magnr": 20.952999114990234,
            "sigmagnr": 0.09099999815225601,
            "magzpsci": 26.307899475097656,
            "isdiffpos": "t",
            "ssdistnr": null,
            "ssnamenr": null,
            "drb": null
        },
        {
            "candid": 2786237611215015011,
            "jd": 2460540.7376157,
            "ra": 238.6835859,
            "dec": 23.6155798,
            "fid": 2,
            "nid": 2786,
            "magpsf": 19.33989906311035,
            "sigmapsf": 0.2363400012254715,
            "magnr": 20.447999954223633,
            "sigmagnr": 0.07900000363588333,
            "magzpsci": 26.20789909362793,
            "isdiffpos": "t",
            "ssdistnr": null,
            "ssnamenr": null,
            "drb": null
        },
        {
            "candid": 2790200621215015009,
            "jd": 2460544.700625,
            "ra": 238.6835702,
            "dec": 23.6156339,
            "fid": 1,
            "nid": 2790,
            "magpsf": 19.663400650024414,
            "sigmapsf": 0.17365500330924988,
            "magnr": 20.952999114990234,
            "sigmagnr": 0.09099999815225601,
            "magzpsci": 26.282400131225586,
            "isdiffpos": "t",
            "ssdistnr": null,
            "ssnamenr": null,
            "drb": null
        },
        {
            "candid": 2790259651215015001,
            "jd": 2460544.7596528,
            "ra": 238.6835779,
            "dec": 23.6156089,
            "fid": 2,
            "nid": 2790,
            "magpsf": 19.26759910583496,
            "sigmapsf": 0.1487099975347519,
            "magnr": 20.447999954223633,
            "sigmagnr": 0.07900000363588333,
            "magzpsci": 26.165599822998047,
            "isdiffpos": "t",
            "ssdistnr": null,
            "ssnamenr": null,
            "drb": null
        },
        {
            "candid": 2792169511215015009,
            "jd": 2460546.6695139,
            "ra": 238.6835769,
            "dec": 23.6155869,
            "fid": 1,
            "nid": 2792,
            "magpsf": 19.670499801635742,
            "sigmapsf": 0.14205600321292877,
            "magnr": 20.952999114990234,
            "sigmagnr": 0.09099999815225601,
            "magzpsci": 26.297500610351562,
            "isdiffpos": "t",
            "ssdistnr": null,
            "ssnamenr": null,
            "drb": null
        },
        {
            "candid": 2792241841215015005,
            "jd": 2460546.7418403,
            "ra": 238.6836293,
            "dec": 23.615644,
            "fid": 2,
            "nid": 2792,
            "magpsf": 19.442399978637695,
            "sigmapsf": 0.2416979968547821,
            "magnr": 20.447999954223633,
            "sigmagnr": 0.07900000363588333,
            "magzpsci": 26.130399703979492,
            "isdiffpos": "t",
            "ssdistnr": null,
            "ssnamenr": null,
            "drb": null
        },
        {
            "candid": 2794175531215015018,
            "jd": 2460548.6755324,
            "ra": 238.6835828,
            "dec": 23.6155805,
            "fid": 1,
            "nid": 2794,
            "magpsf": 19.805299758911133,
            "sigmapsf": 0.12088599801063538,
            "magnr": 20.952999114990234,
            "sigmagnr": 0.09099999815225601,
            "magzpsci": 26.248300552368164,
            "isdiffpos": "t",
            "ssdistnr": null,
            "ssnamenr": null,
            "drb": null
        },
        {
            "candid": 2794204491215015010,
            "jd": 2460548.7044907,
            "ra": 238.6835716,
            "dec": 23.6156103,
            "fid": 2,
            "nid": 2794,
            "magpsf": 19.260400772094727,
            "sigmapsf": 0.13031700253486633,
            "magnr": 20.447999954223633,
            "sigmagnr": 0.07900000363588333,
            "magzpsci": 26.175399780273438,
            "isdiffpos": "t",
            "ssdistnr": null,
            "ssnamenr": null,
            "drb": null
        },
        {
            "candid": 2796184871215015008,
            "jd": 2460550.6848727,
            "ra": 238.6836469,
            "dec": 23.6155588,
            "fid": 1,
            "nid": 2796,
            "magpsf": 19.781299591064453,
            "sigmapsf": 0.14306600391864777,
            "magnr": 20.952999114990234,
            "sigmagnr": 0.09099999815225601,
            "magzpsci": 26.26129913330078,
            "isdiffpos": "t",
            "ssdistnr": null,
            "ssnamenr": null,
            "drb": null
        },
        {
            "candid": 2796196481215015006,
            "jd": 2460550.6964815,
            "ra": 238.6835399,
            "dec": 23.6155904,
            "fid": 2,
            "nid": 2796,
            "magpsf": 19.236600875854492,
            "sigmapsf": 0.1291780024766922,
            "magnr": 20.447999954223633,
            "sigmagnr": 0.07900000363588333,
            "magzpsci": 26.212600708007812,
            "isdiffpos": "t",
            "ssdistnr": null,
            "ssnamenr": null,
            "drb": null
        },
        {
            "candid": 2800173871215015008,
            "jd": 2460554.6738773,
            "ra": 238.6835901,
            "dec": 23.615611,
            "fid": 2,
            "nid": 2800,
            "magpsf": 19.324800491333008,
            "sigmapsf": 0.155676007270813,
            "magnr": 20.447999954223633,
            "sigmagnr": 0.07900000363588333,
            "magzpsci": 26.186800003051758,
            "isdiffpos": "t",
            "ssdistnr": null,
            "ssnamenr": null,
            "drb": null
        },
        {
            "candid": 2800222311215015007,
            "jd": 2460554.7223148,
            "ra": 238.6835065,
            "dec": 23.6155776,
            "fid": 1,
            "nid": 2800,
            "magpsf": 19.811399459838867,
            "sigmapsf": 0.2303909957408905,
            "magnr": 20.952999114990234,
            "sigmagnr": 0.09099999815225601,
            "magzpsci": 26.153400421142578,
            "isdiffpos": "t",
            "ssdistnr": null,
            "ssnamenr": null,
            "drb": null
        },
        {
            "candid": 2802161301215015021,
            "jd": 2460556.6613079,
            "ra": 238.6836292,
            "dec": 23.6156072,
            "fid": 2,
            "nid": 2802,
            "magpsf": 19.268800735473633,
            "sigmapsf": 0.13899199664592743,
            "magnr": 20.447999954223633,
            "sigmagnr": 0.07900000363588333,
            "magzpsci": 26.144800186157227,
            "isdiffpos": "t",
            "ssdistnr": null,
            "ssnamenr": null,
            "drb": null
        },
        {
            "candid": 2802206561215015006,
            "jd": 2460556.7065625,
            "ra": 238.683667,
            "dec": 23.6155811,
            "fid": 1,
            "nid": 2802,
            "magpsf": 19.864999771118164,
            "sigmapsf": 0.2028760015964508,
            "magnr": 20.952999114990234,
            "sigmagnr": 0.09099999815225601,
            "magzpsci": 26.08799934387207,
            "isdiffpos": "t",
            "ssdistnr": null,
            "ssnamenr": null,
            "drb": null
        },
        {
            "candid": 2804165051215015014,
            "jd": 2460558.6650579,
            "ra": 238.6835869,
            "dec": 23.6156158,
            "fid": 1,
            "nid": 2804,
            "magpsf": 19.90410041809082,
            "sigmapsf": 0.16732199490070343,
            "magnr": 20.952999114990234,
            "sigmagnr": 0.09099999815225601,
            "magzpsci": 26.193099975585938,
            "isdiffpos": "t",
            "ssdistnr": null,
            "ssnamenr": null,
            "drb": null
        },
        {
            "candid": 2804173401215015019,
            "jd": 2460558.6734028,
            "ra": 238.6835888,
            "dec": 23.6155361,
            "fid": 2,
            "nid": 2804,
            "magpsf": 19.26110076904297,
            "sigmapsf": 0.21155300736427307,
            "magnr": 20.447999954223633,
            "sigmagnr": 0.07900000363588333,
            "magzpsci": 26.168100357055664,
            "isdiffpos": "t",
            "ssdistnr": null,
            "ssnamenr": null,
            "drb": null
        },
        {
            "candid": 2807180371215015012,
            "jd": 2460561.6803704,
            "ra": 238.6835811,
            "dec": 23.6156079,
            "fid": 2,
            "nid": 2807,
            "magpsf": 19.34760093688965,
            "sigmapsf": 0.17036999762058258,
            "magnr": 20.447999954223633,
            "sigmagnr": 0.07900000363588333,
            "magzpsci": 26.07859992980957,
            "isdiffpos": "t",
            "ssdistnr": null,
            "ssnamenr": null,
            "drb": null
        },
        {
            "candid": 2811174901215015006,
            "jd": 2460565.6749074,
            "ra": 238.6837002,
            "dec": 23.6155874,
            "fid": 2,
            "nid": 2811,
            "magpsf": 19.398799896240234,
            "sigmapsf": 0.1848360002040863,
            "magnr": 20.447999954223633,
            "sigmagnr": 0.07900000363588333,
            "magzpsci": 26.150800704956055,
            "isdiffpos": "t",
            "ssdistnr": null,
            "ssnamenr": null,
            "drb": null
        },
        {
            "candid": 2813166051215015007,
            "jd": 2460567.6660532,
            "ra": 238.6835969,
            "dec": 23.6156019,
            "fid": 2,
            "nid": 2813,
            "magpsf": 19.252599716186523,
            "sigmapsf": 0.14965400099754333,
            "magnr": 20.447999954223633,
            "sigmagnr": 0.07900000363588333,
            "magzpsci": 26.17460060119629,
            "isdiffpos": "t",
            "ssdistnr": null,
            "ssnamenr": null,
            "drb": null
        },
        {
            "candid": 2815136631215015011,
            "jd": 2460569.6366319,
            "ra": 238.6836556,
            "dec": 23.6157041,
            "fid": 1,
            "nid": 2815,
            "magpsf": 19.814300537109375,
            "sigmapsf": 0.2781670093536377,
            "magnr": 20.952999114990234,
            "sigmagnr": 0.09099999815225601,
            "magzpsci": 26.266300201416016,
            "isdiffpos": "t",
            "ssdistnr": null,
            "ssnamenr": null,
            "drb": null
        },
        {
            "candid": 2815175761215015005,
            "jd": 2460569.6757639,
            "ra": 238.6836937,
            "dec": 23.6156403,
            "fid": 2,
            "nid": 2815,
            "magpsf": 19.227697372436523,
            "sigmapsf": 0.2145564705133438,
            "magnr": 20.447999954223633,
            "sigmagnr": 0.07900000363588333,
            "magzpsci": 26.1846981048584,
            "isdiffpos": "t",
            "ssdistnr": -999.0,
            "ssnamenr": "null",
            "drb": null
        },
        {
            "jd": 2460491.7658681,
            "fid": 2,
            "diffmaglim": 20.475000381469727
        },
        {
            "jd": 2460491.7877778,
            "fid": 1,
            "diffmaglim": 20.648000717163086
        },
        {
            "jd": 2460498.7152662,
            "fid": 1,
            "diffmaglim": 20.783199310302734
        },
        {
            "jd": 2460501.746956,
            "fid": 1,
            "diffmaglim": 20.743600845336914
        },
        {
            "jd": 2460501.7634259,
            "fid": 2,
            "diffmaglim": 20.321199417114258
        },
        {
            "jd": 2460503.7156597,
            "fid": 1,
            "diffmaglim": 20.08169937133789
        },
        {
            "jd": 2460503.7650463,
            "fid": 2,
            "diffmaglim": 19.944700241088867
        },
        {
            "jd": 2460505.7145139,
            "fid": 2,
            "diffmaglim": 20.11590003967285
        },
        {
            "jd": 2460505.8293056,
            "fid": 1,
            "diffmaglim": 20.32349967956543
        },
        {
            "jd": 2460508.7071644,
            "fid": 1,
            "diffmaglim": 19.761499404907227
        },
        {
            "jd": 2460508.7703356,
            "fid": 2,
            "diffmaglim": 19.474700927734375
        },
        {
            "jd": 2460510.7135417,
            "fid": 1,
            "diffmaglim": 19.72369956970215
        },
        {
            "jd": 2460510.7679398,
            "fid": 2,
            "diffmaglim": 19.696399688720703
        },
        {
            "jd": 2460512.7251157,
            "fid": 1,
            "diffmaglim": 19.66119956970215
        },
        {
            "jd": 2460512.829838,
            "fid": 2,
            "diffmaglim": 18.997400283813477
        },
        {
            "jd": 2460514.7840856,
            "fid": 2,
            "diffmaglim": 19.069700241088867
        },
        {
            "jd": 2460516.6933218,
            "fid": 1,
            "diffmaglim": 20.605300903320312
        },
        {
            "jd": 2460516.7192014,
            "fid": 2,
            "diffmaglim": 19.9768009185791
        },
        {
            "jd": 2460518.7784838,
            "fid": 2,
            "diffmaglim": 19.97480010986328
        },
        {
            "jd": 2460528.7673611,
            "fid": 2,
            "diffmaglim": 17.55780029296875
        },
        {
            "jd": 2460534.7058218,
            "fid": 2,
            "diffmaglim": 17.499099731445312
        },
        {
            "jd": 2460534.7238079,
            "fid": 1,
            "diffmaglim": 18.533300399780273
        },
        {
            "jd": 2460565.7240509,
            "fid": 1,
            "diffmaglim": 19.090200424194336
        },
        {
            "jd": 2460567.7192708,
            "fid": 1,
            "diffmaglim": 19.23240089416504
        }
    ],
    "forcedphot": [
        {
            "objectid": "ZTF24aaxobdu",
            "jd": 2460491.7658681,
            "ranr": 238.6834748,
            "decnr": 23.6153424,
            "fid": 2,
            "forcediffimflux": 9.6992769241333,
            "forcediffimfluxunc": 25.90960693359375,
            "magzpsci": 26.21929931640625
        },
        {
            "objectid": "ZTF24aaxobdu",
            "jd": 2460491.7877778,
            "ranr": 238.6830512,
            "decnr": 23.6158161,
            "fid": 1,
            "forcediffimflux": 35.186527252197266,
            "forcediffimfluxunc": 24.678924560546875,
            "magzpsci": 26.32040023803711
        },
        {
            "objectid": "ZTF24aaxobdu",
            "jd": 2460498.7152662,
            "ranr": 238.6830512,
            "decnr": 23.6158161,
            "fid": 1,
            "forcediffimflux": -15.224915504455566,
            "forcediffimfluxunc": 21.83698272705078,
            "magzpsci": 26.271799087524414
        },
        {
            "objectid": "ZTF24aaxobdu",
            "jd": 2460501.746956,
            "ranr": 238.6830512,
            "decnr": 23.6158161,
            "fid": 1,
            "forcediffimflux": 1.9829148054122925,
            "forcediffimfluxunc": 22.193405151367188,
            "magzpsci": 26.225799560546875
        },
        {
            "objectid": "ZTF24aaxobdu",
            "jd": 2460501.7634259,
            "ranr": 238.6834748,
            "decnr": 23.6153424,
            "fid": 2,
            "forcediffimflux": -9.56957721710205,
            "forcediffimfluxunc": 28.705720901489258,
            "magzpsci": 26.148300170898438
        },
        {
            "objectid": "ZTF24aaxobdu",
            "jd": 2460503.7156597,
            "ranr": 238.6830512,
            "decnr": 23.6158161,
            "fid": 1,
            "forcediffimflux": -52.80281066894531,
            "forcediffimfluxunc": 34.48303985595703,
            "magzpsci": 26.06760025024414
        },
        {
            "objectid": "ZTF24aaxobdu",
            "jd": 2460503.7650463,
            "ranr": 238.6834748,
            "decnr": 23.6153424,
            "fid": 2,
            "forcediffimflux": -34.58497619628906,
            "forcediffimfluxunc": 37.4025764465332,
            "magzpsci": 26.063199996948242
        },
        {
            "objectid": "ZTF24aaxobdu",
            "jd": 2460505.7145139,
            "ranr": 238.6834748,
            "decnr": 23.6153424,
            "fid": 2,
            "forcediffimflux": -6.732558250427246,
            "forcediffimfluxunc": 33.3653678894043,
            "magzpsci": 26.154300689697266
        },
        {
            "objectid": "ZTF24aaxobdu",
            "jd": 2460505.8293056,
            "ranr": 238.6830512,
            "decnr": 23.6158161,
            "fid": 1,
            "forcediffimflux": 17.79175567626953,
            "forcediffimfluxunc": 29.085878372192383,
            "magzpsci": 26.075199127197266
        },
        {
            "objectid": "ZTF24aaxobdu",
            "jd": 2460508.7071644,
            "ranr": 238.6830512,
            "decnr": 23.6158161,
            "fid": 1,
            "forcediffimflux": 18.77696990966797,
            "forcediffimfluxunc": 51.5340576171875,
            "magzpsci": 26.24519920349121
        },
        {
            "objectid": "ZTF24aaxobdu",
            "jd": 2460508.7703356,
            "ranr": 238.6834748,
            "decnr": 23.6153424,
            "fid": 2,
            "forcediffimflux": -60.468345642089844,
            "forcediffimfluxunc": 60.23984909057617,
            "magzpsci": 26.172100067138672
        },
        {
            "objectid": "ZTF24aaxobdu",
            "jd": 2460510.7135417,
            "ranr": 238.6830512,
            "decnr": 23.6158161,
            "fid": 1,
            "forcediffimflux": 97.22765350341797,
            "forcediffimfluxunc": 54.372108459472656,
            "magzpsci": 26.288299560546875
        },
        {
            "objectid": "ZTF24aaxobdu",
            "jd": 2460510.7679398,
            "ranr": 238.6834748,
            "decnr": 23.6153424,
            "fid": 2,
            "forcediffimflux": 47.65681076049805,
            "forcediffimfluxunc": 55.186622619628906,
            "magzpsci": 26.19540023803711
        },
        {
            "objectid": "ZTF24aaxobdu",
            "jd": 2460512.7251157,
            "ranr": 238.6830512,
            "decnr": 23.6158161,
            "fid": 1,
            "forcediffimflux": -29.879003524780273,
            "forcediffimfluxunc": 63.63976287841797,
            "magzpsci": 26.286399841308594
        },
        {
            "objectid": "ZTF24aaxobdu",
            "jd": 2460512.829838,
            "ranr": 238.6834748,
            "decnr": 23.6153424,
            "fid": 2,
            "forcediffimflux": 8.222341537475586,
            "forcediffimfluxunc": 85.48324584960938,
            "magzpsci": 26.086000442504883
        },
        {
            "objectid": "ZTF24aaxobdu",
            "jd": 2460514.7840856,
            "ranr": 238.6834748,
            "decnr": 23.6153424,
            "fid": 2,
            "forcediffimflux": -171.1995849609375,
            "forcediffimfluxunc": 83.61385345458984,
            "magzpsci": 26.112699508666992
        },
        {
            "objectid": "ZTF24aaxobdu",
            "jd": 2460516.6933218,
            "ranr": 238.6830512,
            "decnr": 23.6158161,
            "fid": 1,
            "forcediffimflux": 2.700808048248291,
            "forcediffimfluxunc": 24.775039672851562,
            "magzpsci": 26.171300888061523
        },
        {
            "objectid": "ZTF24aaxobdu",
            "jd": 2460516.7192014,
            "ranr": 238.6834748,
            "decnr": 23.6153424,
            "fid": 2,
            "forcediffimflux": 8.267862319946289,
            "forcediffimfluxunc": 36.86227798461914,
            "magzpsci": 26.047700881958008
        },
        {
            "objectid": "ZTF24aaxobdu",
            "jd": 2460518.7227662,
            "ranr": 238.6830512,
            "decnr": 23.6158161,
            "fid": 1,
            "forcediffimflux": 152.69117736816406,
            "forcediffimfluxunc": 26.04657554626465,
            "magzpsci": 26.230300903320312
        },
        {
            "objectid": "ZTF24aaxobdu",
            "jd": 2460518.7784838,
            "ranr": 238.6834748,
            "decnr": 23.6153424,
            "fid": 2,
            "forcediffimflux": 66.967529296875,
            "forcediffimfluxunc": 40.54683303833008,
            "magzpsci": 26.149700164794922
        },
        {
            "objectid": "ZTF24aaxobdu",
            "jd": 2460520.6962269,
            "ranr": 238.6830512,
            "decnr": 23.6158161,
            "fid": 1,
            "forcediffimflux": 452.6412048339844,
            "forcediffimfluxunc": 29.32520866394043,
            "magzpsci": 26.32859992980957
        },
        {
            "objectid": "ZTF24aaxobdu",
            "jd": 2460520.7660764,
            "ranr": 238.6834748,
            "decnr": 23.6153424,
            "fid": 2,
            "forcediffimflux": 389.4503173828125,
            "forcediffimfluxunc": 39.665740966796875,
            "magzpsci": 26.213899612426758
        },
        {
            "objectid": "ZTF24aaxobdu",
            "jd": 2460524.7050694,
            "ranr": 238.6830512,
            "decnr": 23.6158161,
            "fid": 1,
            "forcediffimflux": 507.7592468261719,
            "forcediffimfluxunc": 30.2591609954834,
            "magzpsci": 26.200899124145508
        },
        {
            "objectid": "ZTF24aaxobdu",
            "jd": 2460524.7375926,
            "ranr": 238.6834748,
            "decnr": 23.6153424,
            "fid": 2,
            "forcediffimflux": 454.5301818847656,
            "forcediffimfluxunc": 32.46855545043945,
            "magzpsci": 26.164199829101562
        },
        {
            "objectid": "ZTF24aaxobdu",
            "jd": 2460526.7441667,
            "ranr": 238.6834748,
            "decnr": 23.6153424,
            "fid": 2,
            "forcediffimflux": 483.8211669921875,
            "forcediffimfluxunc": 32.205055236816406,
            "magzpsci": 26.1968994140625
        },
        {
            "objectid": "ZTF24aaxobdu",
            "jd": 2460526.8004745,
            "ranr": 238.6830512,
            "decnr": 23.6158161,
            "fid": 1,
            "forcediffimflux": 419.7982177734375,
            "forcediffimfluxunc": 38.21951675415039,
            "magzpsci": 26.135499954223633
        },
        {
            "objectid": "ZTF24aaxobdu",
            "jd": 2460528.7259606,
            "ranr": 238.6830512,
            "decnr": 23.6158161,
            "fid": 1,
            "forcediffimflux": 524.1718139648438,
            "forcediffimfluxunc": 28.311399459838867,
            "magzpsci": 26.130699157714844
        },
        {
            "objectid": "ZTF24aaxobdu",
            "jd": 2460530.6964352,
            "ranr": 238.6830512,
            "decnr": 23.6158161,
            "fid": 1,
            "forcediffimflux": 569.915771484375,
            "forcediffimfluxunc": 26.871212005615234,
            "magzpsci": 26.221799850463867
        },
        {
            "objectid": "ZTF24aaxobdu",
            "jd": 2460530.7460764,
            "ranr": 238.6834748,
            "decnr": 23.6153424,
            "fid": 2,
            "forcediffimflux": 467.8554992675781,
            "forcediffimfluxunc": 39.74769592285156,
            "magzpsci": 26.127899169921875
        },
        {
            "objectid": "ZTF24aaxobdu",
            "jd": 2460532.6810301,
            "ranr": 238.6834748,
            "decnr": 23.6153424,
            "fid": 2,
            "forcediffimflux": 1032.7330322265625,
            "forcediffimfluxunc": 48.0785026550293,
            "magzpsci": 26.90570068359375
        },
        {
            "objectid": "ZTF24aaxobdu",
            "jd": 2460532.7254861,
            "ranr": 238.6830512,
            "decnr": 23.6158161,
            "fid": 1,
            "forcediffimflux": 1037.146728515625,
            "forcediffimfluxunc": 38.55727005004883,
            "magzpsci": 26.889999389648438
        },
        {
            "objectid": "ZTF24aaxobdu",
            "jd": 2460533.7230556,
            "ranr": 238.6830512,
            "decnr": 23.6158161,
            "fid": 1,
            "forcediffimflux": 863.47265625,
            "forcediffimfluxunc": 45.562103271484375,
            "magzpsci": 26.80419921875
        },
        {
            "objectid": "ZTF24aaxobdu",
            "jd": 2460540.7234028,
            "ranr": 238.6830512,
            "decnr": 23.6158161,
            "fid": 1,
            "forcediffimflux": 547.7147216796875,
            "forcediffimfluxunc": 59.30713653564453,
            "magzpsci": 26.307899475097656
        },
        {
            "objectid": "ZTF24aaxobdu",
            "jd": 2460540.7376157,
            "ranr": 238.6834748,
            "decnr": 23.6153424,
            "fid": 2,
            "forcediffimflux": 505.0016174316406,
            "forcediffimfluxunc": 70.47590637207031,
            "magzpsci": 26.20789909362793
        },
        {
            "objectid": "ZTF24aaxobdu",
            "jd": 2460544.700625,
            "ranr": 238.6830512,
            "decnr": 23.6158161,
            "fid": 1,
            "forcediffimflux": 447.38592529296875,
            "forcediffimfluxunc": 48.876991271972656,
            "magzpsci": 26.282400131225586
        },
        {
            "objectid": "ZTF24aaxobdu",
            "jd": 2460544.7596528,
            "ranr": 238.6834748,
            "decnr": 23.6153424,
            "fid": 2,
            "forcediffimflux": 576.1881103515625,
            "forcediffimfluxunc": 66.03421020507812,
            "magzpsci": 26.165599822998047
        },
        {
            "objectid": "ZTF24aaxobdu",
            "jd": 2460546.6695139,
            "ranr": 238.6830512,
            "decnr": 23.6158161,
            "fid": 1,
            "forcediffimflux": 436.1959228515625,
            "forcediffimfluxunc": 34.67334747314453,
            "magzpsci": 26.297500610351562
        },
        {
            "objectid": "ZTF24aaxobdu",
            "jd": 2460546.7418403,
            "ranr": 238.6834748,
            "decnr": 23.6153424,
            "fid": 2,
            "forcediffimflux": 418.6064453125,
            "forcediffimfluxunc": 69.32805633544922,
            "magzpsci": 26.130399703979492
        },
        {
            "objectid": "ZTF24aaxobdu",
            "jd": 2460548.6755324,
            "ranr": 238.6830512,
            "decnr": 23.6158161,
            "fid": 1,
            "forcediffimflux": 369.0841979980469,
            "forcediffimfluxunc": 27.023265838623047,
            "magzpsci": 26.248300552368164
        },
        {
            "objectid": "ZTF24aaxobdu",
            "jd": 2460548.7044907,
            "ranr": 238.6834748,
            "decnr": 23.6153424,
            "fid": 2,
            "forcediffimflux": 555.6148681640625,
            "forcediffimfluxunc": 37.384857177734375,
            "magzpsci": 26.175399780273438
        },
        {
            "objectid": "ZTF24aaxobdu",
            "jd": 2460550.6848727,
            "ranr": 238.6830512,
            "decnr": 23.6158161,
            "fid": 1,
            "forcediffimflux": 381.8761901855469,
            "forcediffimfluxunc": 33.80974578857422,
            "magzpsci": 26.26129913330078
        },
        {
            "objectid": "ZTF24aaxobdu",
            "jd": 2460550.6964815,
            "ranr": 238.6834748,
            "decnr": 23.6153424,
            "fid": 2,
            "forcediffimflux": 591.42138671875,
            "forcediffimfluxunc": 39.545650482177734,
            "magzpsci": 26.212600708007812
        },
        {
            "objectid": "ZTF24aaxobdu",
            "jd": 2460554.6738773,
            "ranr": 238.6834748,
            "decnr": 23.6153424,
            "fid": 2,
            "forcediffimflux": 558.5569458007812,
            "forcediffimfluxunc": 38.52503967285156,
            "magzpsci": 26.186800003051758
        },
        {
            "objectid": "ZTF24aaxobdu",
            "jd": 2460554.7223148,
            "ranr": 238.6830512,
            "decnr": 23.6158161,
            "fid": 1,
            "forcediffimflux": 318.10247802734375,
            "forcediffimfluxunc": 42.29213333129883,
            "magzpsci": 26.153400421142578
        },
        {
            "objectid": "ZTF24aaxobdu",
            "jd": 2460556.6613079,
            "ranr": 238.6834748,
            "decnr": 23.6153424,
            "fid": 2,
            "forcediffimflux": 584.8199462890625,
            "forcediffimfluxunc": 38.99755859375,
            "magzpsci": 26.144800186157227
        },
        {
            "objectid": "ZTF24aaxobdu",
            "jd": 2460556.7065625,
            "ranr": 238.6830512,
            "decnr": 23.6158161,
            "fid": 1,
            "forcediffimflux": 286.1445007324219,
            "forcediffimfluxunc": 45.99853515625,
            "magzpsci": 26.08799934387207
        },
        {
            "objectid": "ZTF24aaxobdu",
            "jd": 2460558.6650579,
            "ranr": 238.6830512,
            "decnr": 23.6158161,
            "fid": 1,
            "forcediffimflux": 310.9029541015625,
            "forcediffimfluxunc": 34.14765167236328,
            "magzpsci": 26.193099975585938
        },
        {
            "objectid": "ZTF24aaxobdu",
            "jd": 2460558.6734028,
            "ranr": 238.6834748,
            "decnr": 23.6153424,
            "fid": 2,
            "forcediffimflux": 496.84576416015625,
            "forcediffimfluxunc": 52.762786865234375,
            "magzpsci": 26.168100357055664
        },
        {
            "objectid": "ZTF24aaxobdu",
            "jd": 2460561.6803704,
            "ranr": 238.6834748,
            "decnr": 23.6153424,
            "fid": 2,
            "forcediffimflux": 477.74560546875,
            "forcediffimfluxunc": 47.574005126953125,
            "magzpsci": 26.07859992980957
        },
        {
            "objectid": "ZTF24aaxobdu",
            "jd": 2460565.6749074,
            "ranr": 238.6834748,
            "decnr": 23.6153424,
            "fid": 2,
            "forcediffimflux": 468.9189758300781,
            "forcediffimfluxunc": 57.241722106933594,
            "magzpsci": 26.150800704956055
        },
        {
            "objectid": "ZTF24aaxobdu",
            "jd": 2460565.7240509,
            "ranr": 238.6830512,
            "decnr": 23.6158161,
            "fid": 1,
            "forcediffimflux": 247.90919494628906,
            "forcediffimfluxunc": 77.49227905273438,
            "magzpsci": 26.08769989013672
        },
        {
            "objectid": "ZTF24aaxobdu",
            "jd": 2460567.6660532,
            "ranr": 238.6834748,
            "decnr": 23.6153424,
            "fid": 2,
            "forcediffimflux": 592.9176025390625,
            "forcediffimfluxunc": 53.14911651611328,
            "magzpsci": 26.17460060119629
        },
        {
            "objectid": "ZTF24aaxobdu",
            "jd": 2460567.7192708,
            "ranr": 238.6830512,
            "decnr": 23.6158161,
            "fid": 1,
            "forcediffimflux": 311.0795593261719,
            "forcediffimfluxunc": 68.9269027709961,
            "magzpsci": 26.03230094909668
        },
        {
            "objectid": "ZTF24aaxobdu",
            "jd": 2460569.6366319,
            "ranr": 238.6830512,
            "decnr": 23.6158161,
            "fid": 1,
            "forcediffimflux": 368.3181457519531,
            "forcediffimfluxunc": 66.12284851074219,
            "magzpsci": 26.266300201416016
        }
    ]
}