{
    "objectId": "ZTF22abgbhjs",
    "candidates": [
        {
            "candid": 2085514680015015001,
            "jd": 2459840.0146875,
            "ra": 139.4613503,
            "dec": 9.6978953,
            "fid": 1,
            "nid": 2085,
            "magpsf": 19.01129913330078,
            "sigmapsf": 0.2032569944858551,
            "magnr": 21.469999313354492,
            "sigmagnr": 0.10100000351667404,
            "magzpsci": 25.917299270629883,
            "isdiffpos": "t",
            "ssdistnr": null,
            "ssnamenr": null,
            "drb": 0.9999668598175049
        },
        {
            "candid": 2085517120015015001,
            "jd": 2459840.0171296,
            "ra": 139.4614802,
            "dec": 9.6979625,
            "fid": 1,
            "nid": 2085,
            "magpsf": 18.79400062561035,
            "sigmapsf": 0.18861700594425201,
            "magnr": 21.469999313354492,
            "sigmagnr": 0.10100000351667404,
            "magzpsci": 25.93600082397461,
            "isdiffpos": "t",
            "ssdistnr": null,
            "ssnamenr": null,
            "drb": null
        },
        {
            "candid": 2085519560015015003,
            "jd": 2459840.0195602,
            "ra": 139.4614524,
            "dec": 9.6977856,
            "fid": 1,
            "nid": 2085,
            "magpsf": 18.808700561523438,
            "sigmapsf": 0.20075799524784088,
            "magnr": 21.04800033569336,
            "sigmagnr": 0.11699999868869781,
            "magzpsci": 25.94770050048828,
            "isdiffpos": "t",
            "ssdistnr": null,
            "ssnamenr": null,
            "drb": null
        },
        {
            "candid": 2086515060015015002,
            "jd": 2459841.0150694,
            "ra": 139.4613903,
            "dec": 9.697784,
            "fid": 1,
            "nid": 2086,
            "magpsf": 18.9060001373291,
            "sigmapsf": 0.24201700091362,
            "magnr": 21.04800033569336,
            "sigmagnr": 0.11699999868869781,
            "magzpsci": 25.920000076293945,
            "isdiffpos": "t",
            "ssdistnr": null,
            "ssnamenr": null,
            "drb": null
        },
        {
            "candid": 2086517510015015003,
            "jd": 2459841.0175116,
            "ra": 139.4613558,
            "dec": 9.6976513,
            "fid": 1,
            "nid": 2086,
            "magpsf": 18.818199157714844,
            "sigmapsf": 0.17199000716209412,
            "magnr": 21.04800033569336,
            "sigmagnr": 0.11699999868869781,
            "magzpsci": 25.934200286865234,
            "isdiffpos": "t",
            "ssdistnr": null,
            "ssnamenr": null,
            "drb": null
        },
        {
            "candid": 2087515930015015001,
            "jd": 2459842.0159375,
            "ra": 139.4612719,
            "dec": 9.6977278,
            "fid": 1,
            "nid": 2087,
            "magpsf": 19.03700065612793,
            "sigmapsf": 0.1739960014820099,
            "magnr": 21.04800033569336,
            "sigmagnr": 0.11699999868869781,
            "magzpsci": 25.952999114990234,
            "isdiffpos": "t",
            "ssdistnr": null,
            "ssnamenr": null,
            "drb": null
        },
        {
            "candid": 2087520810015015002,
            "jd": 2459842.0208102,
            "ra": 139.4614717,
            "dec": 9.6978732,
            "fid": 1,
            "nid": 2087,
            "magpsf": 18.97089958190918,
            "sigmapsf": 0.17339499294757843,
            "magnr": 21.04800033569336,
            "sigmagnr": 0.11699999868869781,
            "magzpsci": 25.992900848388672,
            "isdiffpos": "t",
            "ssdistnr": null,
            "ssnamenr": null,
            "drb": null
        },
        {
            "candid": 2087523260015015002,
            "jd": 2459842.0232639,
            "ra": 139.4614448,
            "dec": 9.697846,
            "fid": 1,
            "nid": 2087,
            "magpsf": 18.896400451660156,
            "sigmapsf": 0.1844179928302765,
            "magnr": 21.04800033569336,
            "sigmagnr": 0.11699999868869781,
            "magzpsci": 26.003400802612305,
            "isdiffpos": "t",
            "ssdistnr": null,
            "ssnamenr": null,
            "drb": null
        },
        {
            "candid": 2088516460015015000,
            "jd": 2459843.0164699,
            "ra": 139.4614823,
            "dec": 9.6978235,
            "fid": 2,
            "nid": 2088,
            "magpsf": 18.813199996948242,
            "sigmapsf": 0.12401200085878372,
            "magnr": 22.534000396728516,
            "sigmagnr": 0.24199999868869781,
            "magzpsci": 26.041200637817383,
            "isdiffpos": "t",
            "ssdistnr": null,
            "ssnamenr": null,
            "drb": null
        },
        {
            "candid": 2088518830015015000,
            "jd": 2459843.018831,
            "ra": 139.461446,
            "dec": 9.6978736,
            "fid": 2,
            "nid": 2088,
            "magpsf": 18.789199829101562,
            "sigmapsf": 0.13891500234603882,
            "magnr": 22.534000396728516,
            "sigmagnr": 0.24199999868869781,
            "magzpsci": 26.039199829101562,
            "isdiffpos": "t",
            "ssdistnr": null,
            "ssnamenr": null,
            "drb": null
        },
        {
            "candid": 2088521190015015002,
            "jd": 2459843.0211921,
            "ra": 139.4614532,
            "dec": 9.6978291,
            "fid": 2,
            "nid": 2088,
            "magpsf": 18.74250030517578,
            "sigmapsf": 0.11378200352191925,
            "magnr": 22.534000396728516,
            "sigmagnr": 0.24199999868869781,
            "magzpsci": 26.061500549316406,
            "isdiffpos": "t",
            "ssdistnr": null,
            "ssnamenr": null,
            "drb": null
        },
        {
            "candid": 2088523560015015002,
            "jd": 2459843.0235648,
            "ra": 139.4614673,
            "dec": 9.6977651,
            "fid": 2,
            "nid": 2088,
            "magpsf": 18.933700561523438,
            "sigmapsf": 0.16791999340057373,
            "magnr": 20.910999298095703,
            "sigmagnr": 0.08299999684095383,
            "magzpsci": 26.067699432373047,
            "isdiffpos": "t",
            "ssdistnr": null,
            "ssnamenr": null,
            "drb": null
        },
        {
            "candid": 2093508290015015000,
            "jd": 2459848.0082986,
            "ra": 139.4613923,
            "dec": 9.6978106,
            "fid": 2,
            "nid": 2093,
            "magpsf": 18.955699920654297,
            "sigmapsf": 0.12330199778079987,
            "magnr": 20.910999298095703,
            "sigmagnr": 0.08299999684095383,
            "magzpsci": 25.981700897216797,
            "isdiffpos": "t",
            "ssdistnr": null,
            "ssnamenr": null,
            "drb": null
        },
        {
            "candid": 2093510770015015000,
            "jd": 2459848.0107755,
            "ra": 139.461487,
            "dec": 9.6978586,
            "fid": 2,
            "nid": 2093,
            "magpsf": 18.87310028076172,
            "sigmapsf": 0.1296979933977127,
            "magnr": 22.534000396728516,
            "sigmagnr": 0.24199999868869781,
            "magzpsci": 25.997100830078125,
            "isdiffpos": "t",
            "ssdistnr": null,
            "ssnamenr": null,
            "drb": null
        },
        {
            "candid": 2093513260015015000,
            "jd": 2459848.0132639,
            "ra": 139.4614494,
            "dec": 9.6978358,
            "fid": 2,
            "nid": 2093,
            "magpsf": 18.93400001525879,
            "sigmapsf": 0.14056900143623352,
            "magnr": 22.534000396728516,
            "sigmagnr": 0.24199999868869781,
            "magzpsci": 25.99799919128418,
            "isdiffpos": "t",
            "ssdistnr": null,
            "ssnamenr": null,
            "drb": null
        },
        {
            "candid": 2093515740015015000,
            "jd": 2459848.0157407,
            "ra": 139.4614759,
            "dec": 9.6977991,
            "fid": 2,
            "nid": 2093,
            "magpsf": 18.82900047302246,
            "sigmapsf": 0.10071499645709991,
            "magnr": 22.534000396728516,
            "sigmagnr": 0.24199999868869781,
            "magzpsci": 26.007999420166016,
            "isdiffpos": "t",
            "ssdistnr": null,
            "ssnamenr": null,
            "drb": null
        },
        {
            "candid": 2094507520015015000,
            "jd": 2459849.0075231,
            "ra": 139.4614751,
            "dec": 9.6978646,
            "fid": 2,
            "nid": 2094,
            "magpsf": 18.93429946899414,
            "sigmapsf": 0.09994299709796906,
            "magnr": 22.534000396728516,
            "sigmagnr": 0.24199999868869781,
            "magzpsci": 26.012300491333008,
            "isdiffpos": "t",
            "ssdistnr": null,
            "ssnamenr": null,
            "drb": null
        },
        {
            "candid": 2094509970015015000,
            "jd": 2459849.0099769,
            "ra": 139.4614247,
            "dec": 9.697823,
            "fid": 2,
            "nid": 2094,
            "magpsf": 18.918100357055664,
            "sigmapsf": 0.10342700034379959,
            "magnr": 20.910999298095703,
            "sigmagnr": 0.08299999684095383,
            "magzpsci": 26.00909996032715,
            "isdiffpos": "t",
            "ssdistnr": null,
            "ssnamenr": null,
            "drb": null
        },
        {
            "candid": 2094512440015015000,
            "jd": 2459849.0124421,
            "ra": 139.4615149,
            "dec": 9.6977745,
            "fid": 2,
            "nid": 2094,
            "magpsf": 18.84440040588379,
            "sigmapsf": 0.10593900084495544,
            "magnr": 22.534000396728516,
            "sigmagnr": 0.24199999868869781,
            "magzpsci": 26.014400482177734,
            "isdiffpos": "t",
            "ssdistnr": null,
            "ssnamenr": null,
            "drb": null
        },
        {
            "candid": 2094514900015015000,
            "jd": 2459849.0149074,
            "ra": 139.4614142,
            "dec": 9.6978208,
            "fid": 2,
            "nid": 2094,
            "magpsf": 18.856199264526367,
            "sigmapsf": 0.13379600644111633,
            "magnr": 20.910999298095703,
            "sigmagnr": 0.08299999684095383,
            "magzpsci": 26.020200729370117,
            "isdiffpos": "t",
            "ssdistnr": null,
            "ssnamenr": null,
            "drb": null
        },
        {
            "candid": 2094517360015015000,
            "jd": 2459849.0173611,
            "ra": 139.4614246,
            "dec": 9.6978339,
            "fid": 2,
            "nid": 2094,
            "magpsf": 18.90180015563965,
            "sigmapsf": 0.10731299966573715,
            "magnr": 20.910999298095703,
            "sigmagnr": 0.08299999684095383,
            "magzpsci": 26.0398006439209,
            "isdiffpos": "t",
            "ssdistnr": null,
            "ssnamenr": null,
            "drb": null
        },
        {
            "candid": 2095505960015015000,
            "jd": 2459850.0059606,
            "ra": 139.4614355,
            "dec": 9.6978569,
            "fid": 2,
            "nid": 2095,
            "magpsf": 18.839399337768555,
            "sigmapsf": 0.11934000253677368,
            "magnr": 22.534000396728516,
            "sigmagnr": 0.24199999868869781,
            "magzpsci": 26.02440071105957,
            "isdiffpos": "t",
            "ssdistnr": null,
            "ssnamenr": null,
            "drb": null
        },
        {
            "candid": 2095508400015015000,
            "jd": 2459850.0084028,
            "ra": 139.4614173,
            "dec": 9.6978117,
            "fid": 2,
            "nid": 2095,
            "magpsf": 18.915199279785156,
            "sigmapsf": 0.12018000334501266,
            "magnr": 20.910999298095703,
            "sigmagnr": 0.08299999684095383,
            "magzpsci": 26.028200149536133,
            "isdiffpos": "t",
            "ssdistnr": null,
            "ssnamenr": null,
            "drb": null
        },
        {
            "candid": 2095510840015015000,
            "jd": 2459850.0108449,
            "ra": 139.4614813,
            "dec": 9.6978681,
            "fid": 2,
            "nid": 2095,
            "magpsf": 18.83099937438965,
            "sigmapsf": 0.09521999955177307,
            "magnr": 22.534000396728516,
            "sigmagnr": 0.24199999868869781,
            "magzpsci": 26.030000686645508,
            "isdiffpos": "t",
            "ssdistnr": null,
            "ssnamenr": null,
            "drb": null
        },
        {
            "candid": 2095513280015015000,
            "jd": 2459850.013287,
            "ra": 139.4614224,
            "dec": 9.6977916,
            "fid": 2,
            "nid": 2095,
            "magpsf": 18.975099563598633,
            "sigmapsf": 0.10946899652481079,
            "magnr": 20.910999298095703,
            "sigmagnr": 0.08299999684095383,
            "magzpsci": 26.039100646972656,
            "isdiffpos": "t",
            "ssdistnr": null,
            "ssnamenr": null,
            "drb": null
        },
        {
            "candid": 2095515740015015000,
            "jd": 2459850.0157407,
            "ra": 139.4615017,
            "dec": 9.6977928,
            "fid": 2,
            "nid": 2095,
            "magpsf": 18.97209930419922,
            "sigmapsf": 0.14000999927520752,
            "magnr": 22.534000396728516,
            "sigmagnr": 0.24199999868869781,
            "magzpsci": 26.048099517822266,
            "isdiffpos": "t",
            "ssdistnr": null,
            "ssnamenr": null,
            "drb": null
        },
        {
            "candid": 2104471930015015000,
            "jd": 2459858.9719329,
            "ra": 139.4614842,
            "dec": 9.6977991,
            "fid": 1,
            "nid": 2104,
            "magpsf": 19.699100494384766,
            "sigmapsf": 0.2284030020236969,
            "magnr": 21.04800033569336,
            "sigmagnr": 0.11699999868869781,
            "magzpsci": 25.874099731445312,
            "isdiffpos": "t",
            "ssdistnr": null,
            "ssnamenr": null,
            "drb": null
        },
        {
            "candid": 2111513720015015000,
            "jd": 2459866.0137269,
            "ra": 139.4614359,
            "dec": 9.6978241,
            "fid": 2,
            "nid": 2111,
            "magpsf": 19.087099075317383,
            "sigmapsf": 0.11838900297880173,
            "magnr": 20.910999298095703,
            "sigmagnr": 0.08299999684095383,
            "magzpsci": 26.122100830078125,
            "isdiffpos": "t",
            "ssdistnr": null,
            "ssnamenr": null,
            "drb": null
        },
        {
            "candid": 2119482610015015000,
            "jd": 2459873.9826157,
            "ra": 139.4614371,
            "dec": 9.6978355,
            "fid": 2,
            "nid": 2119,
            "magpsf": 19.298799514770508,
            "sigmapsf": 0.12017100304365158,
            "magnr": 20.910999298095703,
            "sigmagnr": 0.08299999684095383,
            "magzpsci": 26.067800521850586,
            "isdiffpos": "t",
            "ssdistnr": null,
            "ssnamenr": null,
            "drb": null
        },
        {
            "candid": 2122496700015015000,
            "jd": 2459876.9967014,
            "ra": 139.461394,
            "dec": 9.6978985,
            "fid": 2,
            "nid": 2122,
            "magpsf": 19.244400024414062,
            "sigmapsf": 0.1959889978170395,
            "magnr": 20.910999298095703,
            "sigmagnr": 0.08299999684095383,
            "magzpsci": 26.121400833129883,
            "isdiffpos": "t",
            "ssdistnr": null,
            "ssnamenr": null,
            "drb": null
        },
        {
            "candid": 2122508880015015000,
            "jd": 2459877.0088889,
            "ra": 139.4614944,
            "dec": 9.6978465,
            "fid": 1,
            "nid": 2122,
            "magpsf": 20.105899810791016,
            "sigmapsf": 0.27932101488113403,
            "magnr": 21.04800033569336,
            "sigmagnr": 0.11699999868869781,
            "magzpsci": 26.203899383544922,
            "isdiffpos": "t",
            "ssdistnr": null,
            "ssnamenr": null,
            "drb": null
        },
        {
            "candid": 2124455450015015000,
            "jd": 2459878.9554514,
            "ra": 139.4613239,
            "dec": 9.6978117,
            "fid": 1,
            "nid": 2124,
            "magpsf": 20.26460075378418,
            "sigmapsf": 0.2897549867630005,
            "magnr": 21.469999313354492,
            "sigmagnr": 0.10100000351667404,
            "magzpsci": 26.118600845336914,
            "isdiffpos": "t",
            "ssdistnr": null,
            "ssnamenr": null,
            "drb": null
        },
        {
            "candid": 2124497170015015001,
            "jd": 2459878.9971759,
            "ra": 139.4614527,
            "dec": 9.6978696,
            "fid": 2,
            "nid": 2124,
            "magpsf": 19.330900192260742,
            "sigmapsf": 0.1159529983997345,
            "magnr": 22.534000396728516,
            "sigmagnr": 0.24199999868869781,
            "magzpsci": 26.13990020751953,
            "isdiffpos": "t",
            "ssdistnr": null,
            "ssnamenr": null,
            "drb": null
        },
        {
            "candid": 2126435420015015000,
            "jd": 2459880.9354282,
            "ra": 139.4614652,
            "dec": 9.6978742,
            "fid": 1,
            "nid": 2126,
            "magpsf": 20.045499801635742,
            "sigmapsf": 0.24318000674247742,
            "magnr": 21.04800033569336,
            "sigmagnr": 0.11699999868869781,
            "magzpsci": 26.0674991607666,
            "isdiffpos": "t",
            "ssdistnr": null,
            "ssnamenr": null,
            "drb": null
        },
        {
            "candid": 2126481820015015001,
            "jd": 2459880.9818287,
            "ra": 139.4614408,
            "dec": 9.6978655,
            "fid": 2,
            "nid": 2126,
            "magpsf": 19.44930076599121,
            "sigmapsf": 0.15061500668525696,
            "magnr": 22.534000396728516,
            "sigmagnr": 0.24199999868869781,
            "magzpsci": 26.12529945373535,
            "isdiffpos": "t",
            "ssdistnr": null,
            "ssnamenr": null,
            "drb": null
        },
        {
            "candid": 2128486220015015000,
            "jd": 2459882.9862269,
            "ra": 139.4613666,
            "dec": 9.6980684,
            "fid": 2,
            "nid": 2128,
            "magpsf": 19.366100311279297,
            "sigmapsf": 0.28879600763320923,
            "magnr": 22.534000396728516,
            "sigmagnr": 0.24199999868869781,
            "magzpsci": 25.973100662231445,
            "isdiffpos": "t",
            "ssdistnr": null,
            "ssnamenr": null,
            "drb": null
        },
        {
            "candid": 2128510720015015000,
            "jd": 2459883.0107292,
            "ra": 139.4616008,
            "dec": 9.697893,
            "fid": 1,
            "nid": 2128,
            "magpsf": 20.1742000579834,
            "sigmapsf": 0.27721700072288513,
            "magnr": 20.9689998626709,
            "sigmagnr": 0.09000000357627869,
            "magzpsci": 26.162200927734375,
            "isdiffpos": "t",
            "ssdistnr": null,
            "ssnamenr": null,
            "drb": null
        },
        {
            "candid": 2133474930015015000,
            "jd": 2459887.9749306,
            "ra": 139.4614212,
            "dec": 9.6978298,
            "fid": 2,
            "nid": 2133,
            "magpsf": 19.4237003326416,
            "sigmapsf": 0.1262509971857071,
            "magnr": 20.910999298095703,
            "sigmagnr": 0.08299999684095383,
            "magzpsci": 26.1427001953125,
            "isdiffpos": "t",
            "ssdistnr": null,
            "ssnamenr": null,
            "drb": null
        },
        {
            "candid": 2135488840015015001,
            "jd": 2459889.9888426,
            "ra": 139.4612877,
            "dec": 9.6976417,
            "fid": 1,
            "nid": 2135,
            "magpsf": 20.01919937133789,
            "sigmapsf": 0.30918800830841064,
            "magnr": 21.04800033569336,
            "sigmagnr": 0.11699999868869781,
            "magzpsci": 26.2362003326416,
            "isdiffpos": "t",
            "ssdistnr": null,
            "ssnamenr": null,
            "drb": null
        },
        {
            "candid": 2135523100015015000,
            "jd": 2459890.0231019,
            "ra": 139.4614649,
            "dec": 9.6978624,
            "fid": 2,
            "nid": 2135,
            "magpsf": 19.331899642944336,
            "sigmapsf": 0.12004200369119644,
            "magnr": 22.534000396728516,
            "sigmagnr": 0.24199999868869781,
            "magzpsci": 26.15690040588379,
            "isdiffpos": "t",
            "ssdistnr": null,
            "ssnamenr": null,
            "drb": null
        },
        {
            "candid": 2150486330015015001,
            "jd": 2459904.986331,
            "ra": 139.4614552,
            "dec": 9.6977887,
            "fid": 2,
            "nid": 2150,
            "magpsf": 19.844499588012695,
            "sigmapsf": 0.16837500035762787,
            "magnr": 20.910999298095703,
            "sigmagnr": 0.08299999684095383,
            "magzpsci": 26.157499313354492,
            "isdiffpos": "t",
            "ssdistnr": null,
            "ssnamenr": null,
            "drb": null
        },
        {
            "candid": 2152443870015015000,
            "jd": 2459906.9438773,
            "ra": 139.4614159,
            "dec": 9.6978448,
            "fid": 2,
            "nid": 2152,
            "magpsf": 19.96397590637207,
            "sigmapsf": 0.1755891740322113,
            "magnr": 20.910999298095703,
            "sigmagnr": 0.08299999684095383,
            "magzpsci": 26.161975860595703,
            "isdiffpos": "t",
            "ssdistnr": -999.0,
            "ssnamenr": "null",
            "drb": null
        },
        {
            "jd": 2459840.0219907,
            "fid": 1,
            "diffmaglim": 18.65180015563965
        },
        {
            "jd": 2459840.0244329,
            "fid": 1,
            "diffmaglim": 18.452899932861328
        },
        {
            "jd": 2459841.0199537,
            "fid": 1,
            "diffmaglim": 18.941200256347656
        },
        {
            "jd": 2459841.0223843,
            "fid": 1,
            "diffmaglim": 18.742300033569336
        },
        {
            "jd": 2459841.0248264,
            "fid": 1,
            "diffmaglim": 18.445199966430664
        },
        {
            "jd": 2459842.0183681,
            "fid": 1,
            "diffmaglim": 19.235300064086914
        },
        {
            "jd": 2459842.025706,
            "fid": 1,
            "diffmaglim": 18.611400604248047
        },
        {
            "jd": 2459843.0259375,
            "fid": 2,
            "diffmaglim": 18.773700714111328
        },
        {
            "jd": 2459848.0182292,
            "fid": 2,
            "diffmaglim": 19.758499145507812
        },
        {
            "jd": 2459860.9853125,
            "fid": 1,
            "diffmaglim": 19.141399383544922
        },
        {
            "jd": 2459862.9906944,
            "fid": 2,
            "diffmaglim": 19.23110008239746
        },
        {
            "jd": 2459865.9635417,
            "fid": 1,
            "diffmaglim": 19.11400032043457
        },
        {
            "jd": 2459900.9116088,
            "fid": 2,
            "diffmaglim": 18.824899673461914
        },
        {
            "jd": 2459900.9616088,
            "fid": 1,
            "diffmaglim": 19.280500411987305
        },
        {
            "jd": 2459902.9444676,
            "fid": 1,
            "diffmaglim": 19.75480079650879
        },
        {
            "jd": 2459903.0079745,
            "fid": 2,
            "diffmaglim": 19.766000747680664
        },
        {
            "jd": 2459904.9198843,
            "fid": 1,
            "diffmaglim": 19.92300033569336
        },
        {
            "jd": 2459906.8426042,
            "fid": 1,
            "diffmaglim": 19.8080997467041
        }
    ],
    "forcedphot": []
}