{
    "objectId": "ZTF22aavpkwo",
    "candidates": [
        {
            "candid": 2030303400015015005,
            "jd": 2459784.8034028,
            "ra": 270.1910679,
            "dec": 31.072328,
            "fid": 2,
            "nid": 2030,
            "magpsf": 18.77720069885254,
            "sigmapsf": 0.08533000200986862,
            "magnr": 20.648000717163086,
            "sigmagnr": 0.10700000077486038,
            "magzpsci": 26.118200302124023,
            "isdiffpos": "t",
            "ssdistnr": null,
            "ssnamenr": null,
            "drb": null
        },
        {
            "candid": 2030349890015015003,
            "jd": 2459784.8498958,
            "ra": 270.1910886,
            "dec": 31.0723167,
            "fid": 1,
            "nid": 2030,
            "magpsf": 18.420799255371094,
            "sigmapsf": 0.07084300369024277,
            "magnr": 20.895999908447266,
            "sigmagnr": 0.0860000029206276,
            "magzpsci": 26.153799057006836,
            "isdiffpos": "t",
            "ssdistnr": null,
            "ssnamenr": null,
            "drb": null
        },
        {
            "candid": 2032279970015015004,
            "jd": 2459786.7799769,
            "ra": 270.191047,
            "dec": 31.0723161,
            "fid": 2,
            "nid": 2032,
            "magpsf": 18.465299606323242,
            "sigmapsf": 0.06852699816226959,
            "magnr": 20.648000717163086,
            "sigmagnr": 0.10700000077486038,
            "magzpsci": 26.095300674438477,
            "isdiffpos": "t",
            "ssdistnr": null,
            "ssnamenr": null,
            "drb": null
        },
        {
            "candid": 2032299800015015017,
            "jd": 2459786.7998032,
            "ra": 270.1910777,
            "dec": 31.0723282,
            "fid": 1,
            "nid": 2032,
            "magpsf": 18.2455997467041,
            "sigmapsf": 0.07051599770784378,
            "magnr": 20.895999908447266,
            "sigmagnr": 0.0860000029206276,
            "magzpsci": 26.177600860595703,
            "isdiffpos": "t",
            "ssdistnr": null,
            "ssnamenr": null,
            "drb": null
        },
        {
            "candid": 2034278320015015002,
            "jd": 2459788.7783218,
            "ra": 270.1910914,
            "dec": 31.0723131,
            "fid": 2,
            "nid": 2034,
            "magpsf": 18.2903995513916,
            "sigmapsf": 0.05738399922847748,
            "magnr": 20.648000717163086,
            "sigmagnr": 0.10700000077486038,
            "magzpsci": 26.115400314331055,
            "isdiffpos": "t",
            "ssdistnr": null,
            "ssnamenr": null,
            "drb": null
        },
        {
            "candid": 2036258960015015005,
            "jd": 2459790.7589699,
            "ra": 270.191068,
            "dec": 31.0723297,
            "fid": 2,
            "nid": 2036,
            "magpsf": 18.26099967956543,
            "sigmapsf": 0.07986900210380554,
            "magnr": 20.648000717163086,
            "sigmagnr": 0.10700000077486038,
            "magzpsci": 25.827999114990234,
            "isdiffpos": "t",
            "ssdistnr": null,
            "ssnamenr": null,
            "drb": null
        },
        {
            "candid": 2036307990015015006,
            "jd": 2459790.8079977,
            "ra": 270.191093,
            "dec": 31.0723276,
            "fid": 1,
            "nid": 2036,
            "magpsf": 18.21500015258789,
            "sigmapsf": 0.062196001410484314,
            "magnr": 20.895999908447266,
            "sigmagnr": 0.0860000029206276,
            "magzpsci": 26.135000228881836,
            "isdiffpos": "t",
            "ssdistnr": null,
            "ssnamenr": null,
            "drb": null
        },
        {
            "candid": 2039258540015015016,
            "jd": 2459793.7585417,
            "ra": 270.1910729,
            "dec": 31.0723186,
            "fid": 1,
            "nid": 2039,
            "magpsf": 18.285400390625,
            "sigmapsf": 0.06722500175237656,
            "magnr": 20.895999908447266,
            "sigmagnr": 0.0860000029206276,
            "magzpsci": 26.212400436401367,
            "isdiffpos": "t",
            "ssdistnr": null,
            "ssnamenr": null,
            "drb": null
        },
        {
            "candid": 2043298910015015002,
            "jd": 2459797.798912,
            "ra": 270.1910782,
            "dec": 31.0723233,
            "fid": 1,
            "nid": 2043,
            "magpsf": 18.4375,
            "sigmapsf": 0.07395999878644943,
            "magnr": 20.895999908447266,
            "sigmagnr": 0.0860000029206276,
            "magzpsci": 26.260499954223633,
            "isdiffpos": "t",
            "ssdistnr": null,
            "ssnamenr": null,
            "drb": null
        },
        {
            "candid": 2043330900015015007,
            "jd": 2459797.8309028,
            "ra": 270.1910658,
            "dec": 31.0723253,
            "fid": 2,
            "nid": 2043,
            "magpsf": 18.419200897216797,
            "sigmapsf": 0.08048500120639801,
            "magnr": 20.648000717163086,
            "sigmagnr": 0.10700000077486038,
            "magzpsci": 26.18120002746582,
            "isdiffpos": "t",
            "ssdistnr": null,
            "ssnamenr": null,
            "drb": null
        },
        {
            "candid": 2045220690015015002,
            "jd": 2459799.7206944,
            "ra": 270.1910739,
            "dec": 31.072335,
            "fid": 2,
            "nid": 2045,
            "magpsf": 18.38719940185547,
            "sigmapsf": 0.09624800086021423,
            "magnr": 20.648000717163086,
            "sigmagnr": 0.10700000077486038,
            "magzpsci": 26.12420082092285,
            "isdiffpos": "t",
            "ssdistnr": null,
            "ssnamenr": null,
            "drb": null
        },
        {
            "candid": 2048236960015015041,
            "jd": 2459802.7369676,
            "ra": 270.1911113,
            "dec": 31.0723236,
            "fid": 2,
            "nid": 2048,
            "magpsf": 18.42729949951172,
            "sigmapsf": 0.10332699865102768,
            "magnr": 20.648000717163086,
            "sigmagnr": 0.10700000077486038,
            "magzpsci": 25.955299377441406,
            "isdiffpos": "t",
            "ssdistnr": null,
            "ssnamenr": null,
            "drb": null
        },
        {
            "candid": 2048299680015015002,
            "jd": 2459802.7996875,
            "ra": 270.1910925,
            "dec": 31.0723158,
            "fid": 1,
            "nid": 2048,
            "magpsf": 18.602100372314453,
            "sigmapsf": 0.09156899899244308,
            "magnr": 20.895999908447266,
            "sigmagnr": 0.0860000029206276,
            "magzpsci": 26.24810028076172,
            "isdiffpos": "t",
            "ssdistnr": null,
            "ssnamenr": null,
            "drb": null
        },
        {
            "candid": 2051176890015015001,
            "jd": 2459805.6768981,
            "ra": 270.1910896,
            "dec": 31.0723238,
            "fid": 2,
            "nid": 2051,
            "magpsf": 18.491199493408203,
            "sigmapsf": 0.0835840031504631,
            "magnr": 20.648000717163086,
            "sigmagnr": 0.10700000077486038,
            "magzpsci": 25.88920021057129,
            "isdiffpos": "t",
            "ssdistnr": null,
            "ssnamenr": null,
            "drb": null
        },
        {
            "candid": 2053281670015015003,
            "jd": 2459807.7816782,
            "ra": 270.1910477,
            "dec": 31.0723182,
            "fid": 2,
            "nid": 2053,
            "magpsf": 18.498199462890625,
            "sigmapsf": 0.06445900350809097,
            "magnr": 20.648000717163086,
            "sigmagnr": 0.10700000077486038,
            "magzpsci": 26.131200790405273,
            "isdiffpos": "t",
            "ssdistnr": null,
            "ssnamenr": null,
            "drb": null
        },
        {
            "candid": 2055180110015015004,
            "jd": 2459809.6801157,
            "ra": 270.1910761,
            "dec": 31.0723121,
            "fid": 2,
            "nid": 2055,
            "magpsf": 18.554000854492188,
            "sigmapsf": 0.05713900178670883,
            "magnr": 20.648000717163086,
            "sigmagnr": 0.10700000077486038,
            "magzpsci": 26.128000259399414,
            "isdiffpos": "t",
            "ssdistnr": null,
            "ssnamenr": null,
            "drb": null
        },
        {
            "candid": 2055236230015015010,
            "jd": 2459809.7362384,
            "ra": 270.1910774,
            "dec": 31.0723198,
            "fid": 1,
            "nid": 2055,
            "magpsf": 18.775400161743164,
            "sigmapsf": 0.09411299973726273,
            "magnr": 20.895999908447266,
            "sigmagnr": 0.0860000029206276,
            "magzpsci": 26.16939926147461,
            "isdiffpos": "t",
            "ssdistnr": null,
            "ssnamenr": null,
            "drb": null
        },
        {
            "candid": 2058246010015015004,
            "jd": 2459812.7460185,
            "ra": 270.191089,
            "dec": 31.0723293,
            "fid": 1,
            "nid": 2058,
            "magpsf": 18.86280059814453,
            "sigmapsf": 0.09029500186443329,
            "magnr": 20.895999908447266,
            "sigmagnr": 0.0860000029206276,
            "magzpsci": 26.162799835205078,
            "isdiffpos": "t",
            "ssdistnr": null,
            "ssnamenr": null,
            "drb": null
        },
        {
            "candid": 2060281900015015008,
            "jd": 2459814.7819097,
            "ra": 270.1910974,
            "dec": 31.0723312,
            "fid": 1,
            "nid": 2060,
            "magpsf": 18.95509910583496,
            "sigmapsf": 0.11363500356674194,
            "magnr": 20.895999908447266,
            "sigmagnr": 0.0860000029206276,
            "magzpsci": 26.142099380493164,
            "isdiffpos": "t",
            "ssdistnr": null,
            "ssnamenr": null,
            "drb": null
        },
        {
            "candid": 2062179500015015013,
            "jd": 2459816.6795023,
            "ra": 270.1910461,
            "dec": 31.0723306,
            "fid": 2,
            "nid": 2062,
            "magpsf": 18.581600189208984,
            "sigmapsf": 0.08214300125837326,
            "magnr": 20.648000717163086,
            "sigmagnr": 0.10700000077486038,
            "magzpsci": 26.128599166870117,
            "isdiffpos": "t",
            "ssdistnr": null,
            "ssnamenr": null,
            "drb": null
        },
        {
            "candid": 2062211000015015006,
            "jd": 2459816.7110069,
            "ra": 270.1910661,
            "dec": 31.0723111,
            "fid": 1,
            "nid": 2062,
            "magpsf": 19.070199966430664,
            "sigmapsf": 0.09155599772930145,
            "magnr": 20.895999908447266,
            "sigmagnr": 0.0860000029206276,
            "magzpsci": 26.194299697875977,
            "isdiffpos": "t",
            "ssdistnr": null,
            "ssnamenr": null,
            "drb": null
        },
        {
            "candid": 2064198290015015012,
            "jd": 2459818.6982986,
            "ra": 270.1910483,
            "dec": 31.0723124,
            "fid": 1,
            "nid": 2064,
            "magpsf": 19.06410026550293,
            "sigmapsf": 0.0833669975399971,
            "magnr": 20.895999908447266,
            "sigmagnr": 0.0860000029206276,
            "magzpsci": 26.227100372314453,
            "isdiffpos": "t",
            "ssdistnr": null,
            "ssnamenr": null,
            "drb": null
        },
        {
            "candid": 2064225370015015008,
            "jd": 2459818.7253704,
            "ra": 270.1910722,
            "dec": 31.0723122,
            "fid": 2,
            "nid": 2064,
            "magpsf": 18.642000198364258,
            "sigmapsf": 0.05488700047135353,
            "magnr": 20.648000717163086,
            "sigmagnr": 0.10700000077486038,
            "magzpsci": 26.16200065612793,
            "isdiffpos": "t",
            "ssdistnr": null,
            "ssnamenr": null,
            "drb": null
        },
        {
            "candid": 2066164120015015004,
            "jd": 2459820.6641204,
            "ra": 270.1910527,
            "dec": 31.0723148,
            "fid": 2,
            "nid": 2066,
            "magpsf": 18.694000244140625,
            "sigmapsf": 0.07847200334072113,
            "magnr": 20.648000717163086,
            "sigmagnr": 0.10700000077486038,
            "magzpsci": 26.155000686645508,
            "isdiffpos": "t",
            "ssdistnr": null,
            "ssnamenr": null,
            "drb": null
        },
        {
            "candid": 2066178460015015011,
            "jd": 2459820.6784606,
            "ra": 270.1910491,
            "dec": 31.0723241,
            "fid": 1,
            "nid": 2066,
            "magpsf": 19.141799926757812,
            "sigmapsf": 0.10266199707984924,
            "magnr": 20.895999908447266,
            "sigmagnr": 0.0860000029206276,
            "magzpsci": 26.232799530029297,
            "isdiffpos": "t",
            "ssdistnr": null,
            "ssnamenr": null,
            "drb": null
        },
        {
            "candid": 2069173620015015008,
            "jd": 2459823.6736227,
            "ra": 270.191063,
            "dec": 31.0723226,
            "fid": 2,
            "nid": 2069,
            "magpsf": 18.709699630737305,
            "sigmapsf": 0.07795500010251999,
            "magnr": 20.648000717163086,
            "sigmagnr": 0.10700000077486038,
            "magzpsci": 26.148700714111328,
            "isdiffpos": "t",
            "ssdistnr": null,
            "ssnamenr": null,
            "drb": null
        },
        {
            "candid": 2071181600015015005,
            "jd": 2459825.6816088,
            "ra": 270.1910531,
            "dec": 31.0723317,
            "fid": 2,
            "nid": 2071,
            "magpsf": 18.701799392700195,
            "sigmapsf": 0.07299800217151642,
            "magnr": 20.648000717163086,
            "sigmagnr": 0.10700000077486038,
            "magzpsci": 26.12579917907715,
            "isdiffpos": "t",
            "ssdistnr": null,
            "ssnamenr": null,
            "drb": null
        },
        {
            "candid": 2071244590015015007,
            "jd": 2459825.7445949,
            "ra": 270.1910862,
            "dec": 31.0723416,
            "fid": 1,
            "nid": 2071,
            "magpsf": 19.303199768066406,
            "sigmapsf": 0.10894999653100967,
            "magnr": 20.895999908447266,
            "sigmagnr": 0.0860000029206276,
            "magzpsci": 26.172199249267578,
            "isdiffpos": "t",
            "ssdistnr": null,
            "ssnamenr": null,
            "drb": null
        },
        {
            "candid": 2073299510015015003,
            "jd": 2459827.7995139,
            "ra": 270.1911005,
            "dec": 31.0723354,
            "fid": 2,
            "nid": 2073,
            "magpsf": 18.737699508666992,
            "sigmapsf": 0.11302500218153,
            "magnr": 20.648000717163086,
            "sigmagnr": 0.10700000077486038,
            "magzpsci": 26.042699813842773,
            "isdiffpos": "t",
            "ssdistnr": null,
            "ssnamenr": null,
            "drb": null
        },
        {
            "candid": 2075155540015015008,
            "jd": 2459829.655544,
            "ra": 270.1910572,
            "dec": 31.0723303,
            "fid": 2,
            "nid": 2075,
            "magpsf": 18.63800048828125,
            "sigmapsf": 0.09589400142431259,
            "magnr": 20.648000717163086,
            "sigmagnr": 0.10700000077486038,
            "magzpsci": 26.128999710083008,
            "isdiffpos": "t",
            "ssdistnr": null,
            "ssnamenr": null,
            "drb": null
        },
        {
            "candid": 2086165600015015011,
            "jd": 2459840.6656019,
            "ra": 270.1910824,
            "dec": 31.0723096,
            "fid": 1,
            "nid": 2086,
            "magpsf": 19.627899169921875,
            "sigmapsf": 0.11542099714279175,
            "magnr": 20.895999908447266,
            "sigmagnr": 0.0860000029206276,
            "magzpsci": 26.27790069580078,
            "isdiffpos": "t",
            "ssdistnr": null,
            "ssnamenr": null,
            "drb": null
        },
        {
            "candid": 2086202140015015009,
            "jd": 2459840.7021412,
            "ra": 270.1910897,
            "dec": 31.0723017,
            "fid": 1,
            "nid": 2086,
            "magpsf": 19.556699752807617,
            "sigmapsf": 0.10068099945783615,
            "magnr": 20.895999908447266,
            "sigmagnr": 0.0860000029206276,
            "magzpsci": 26.244600296020508,
            "isdiffpos": "t",
            "ssdistnr": null,
            "ssnamenr": null,
            "drb": null
        },
        {
            "candid": 2088156800015015007,
            "jd": 2459842.6568056,
            "ra": 270.1910448,
            "dec": 31.0723295,
            "fid": 1,
            "nid": 2088,
            "magpsf": 19.5674991607666,
            "sigmapsf": 0.11694200336933136,
            "magnr": 20.895999908447266,
            "sigmagnr": 0.0860000029206276,
            "magzpsci": 26.27549934387207,
            "isdiffpos": "t",
            "ssdistnr": null,
            "ssnamenr": null,
            "drb": null
        },
        {
            "candid": 2088175550015015009,
            "jd": 2459842.6755556,
            "ra": 270.1910458,
            "dec": 31.0723311,
            "fid": 2,
            "nid": 2088,
            "magpsf": 18.898799896240234,
            "sigmapsf": 0.09511099755764008,
            "magnr": 20.648000717163086,
            "sigmagnr": 0.10700000077486038,
            "magzpsci": 26.190799713134766,
            "isdiffpos": "t",
            "ssdistnr": null,
            "ssnamenr": null,
            "drb": null
        },
        {
            "candid": 2090146050015015011,
            "jd": 2459844.6460532,
            "ra": 270.1910787,
            "dec": 31.0723318,
            "fid": 2,
            "nid": 2090,
            "magpsf": 18.845199584960938,
            "sigmapsf": 0.09171699732542038,
            "magnr": 20.648000717163086,
            "sigmagnr": 0.10700000077486038,
            "magzpsci": 26.2101993560791,
            "isdiffpos": "t",
            "ssdistnr": null,
            "ssnamenr": null,
            "drb": null
        },
        {
            "candid": 2090172810015015012,
            "jd": 2459844.6728125,
            "ra": 270.1911151,
            "dec": 31.0723185,
            "fid": 1,
            "nid": 2090,
            "magpsf": 19.612499237060547,
            "sigmapsf": 0.1552180051803589,
            "magnr": 20.895999908447266,
            "sigmagnr": 0.0860000029206276,
            "magzpsci": 26.267499923706055,
            "isdiffpos": "t",
            "ssdistnr": null,
            "ssnamenr": null,
            "drb": null
        },
        {
            "candid": 2092141040015015005,
            "jd": 2459846.6410417,
            "ra": 270.191046,
            "dec": 31.0723409,
            "fid": 2,
            "nid": 2092,
            "magpsf": 18.86549949645996,
            "sigmapsf": 0.08682800084352493,
            "magnr": 20.648000717163086,
            "sigmagnr": 0.10700000077486038,
            "magzpsci": 26.164499282836914,
            "isdiffpos": "t",
            "ssdistnr": null,
            "ssnamenr": null,
            "drb": null
        },
        {
            "candid": 2092176700015015006,
            "jd": 2459846.6767014,
            "ra": 270.1910393,
            "dec": 31.0723258,
            "fid": 1,
            "nid": 2092,
            "magpsf": 19.65290069580078,
            "sigmapsf": 0.1445620059967041,
            "magnr": 20.895999908447266,
            "sigmagnr": 0.0860000029206276,
            "magzpsci": 26.202899932861328,
            "isdiffpos": "t",
            "ssdistnr": null,
            "ssnamenr": null,
            "drb": null
        },
        {
            "candid": 2094140830015015006,
            "jd": 2459848.6408333,
            "ra": 270.1910043,
            "dec": 31.0723337,
            "fid": 1,
            "nid": 2094,
            "magpsf": 19.73419952392578,
            "sigmapsf": 0.1206590011715889,
            "magnr": 20.895999908447266,
            "sigmagnr": 0.0860000029206276,
            "magzpsci": 26.2052001953125,
            "isdiffpos": "t",
            "ssdistnr": null,
            "ssnamenr": null,
            "drb": null
        },
        {
            "candid": 2094176600015015003,
            "jd": 2459848.6766088,
            "ra": 270.191052,
            "dec": 31.0723115,
            "fid": 2,
            "nid": 2094,
            "magpsf": 18.94610023498535,
            "sigmapsf": 0.10276799649000168,
            "magnr": 20.648000717163086,
            "sigmagnr": 0.10700000077486038,
            "magzpsci": 26.12310028076172,
            "isdiffpos": "t",
            "ssdistnr": null,
            "ssnamenr": null,
            "drb": null
        },
        {
            "candid": 2096136570015015010,
            "jd": 2459850.6365741,
            "ra": 270.191071,
            "dec": 31.0723015,
            "fid": 2,
            "nid": 2096,
            "magpsf": 18.900400161743164,
            "sigmapsf": 0.07455399632453918,
            "magnr": 20.648000717163086,
            "sigmagnr": 0.10700000077486038,
            "magzpsci": 26.15839958190918,
            "isdiffpos": "t",
            "ssdistnr": null,
            "ssnamenr": null,
            "drb": null
        },
        {
            "candid": 2096163110015015003,
            "jd": 2459850.6631134,
            "ra": 270.1910338,
            "dec": 31.0723157,
            "fid": 1,
            "nid": 2096,
            "magpsf": 19.76289939880371,
            "sigmapsf": 0.15931400656700134,
            "magnr": 20.895999908447266,
            "sigmagnr": 0.0860000029206276,
            "magzpsci": 26.218900680541992,
            "isdiffpos": "t",
            "ssdistnr": null,
            "ssnamenr": null,
            "drb": null
        },
        {
            "candid": 2099163070015015004,
            "jd": 2459853.6630787,
            "ra": 270.190992,
            "dec": 31.0723041,
            "fid": 1,
            "nid": 2099,
            "magpsf": 19.87529945373535,
            "sigmapsf": 0.14715099334716797,
            "magnr": 20.895999908447266,
            "sigmagnr": 0.0860000029206276,
            "magzpsci": 26.25429916381836,
            "isdiffpos": "t",
            "ssdistnr": null,
            "ssnamenr": null,
            "drb": null
        },
        {
            "candid": 2099185500015015006,
            "jd": 2459853.6855093,
            "ra": 270.1910733,
            "dec": 31.0723405,
            "fid": 2,
            "nid": 2099,
            "magpsf": 18.987300872802734,
            "sigmapsf": 0.10376600176095963,
            "magnr": 20.648000717163086,
            "sigmagnr": 0.10700000077486038,
            "magzpsci": 26.17729949951172,
            "isdiffpos": "t",
            "ssdistnr": null,
            "ssnamenr": null,
            "drb": null
        },
        {
            "candid": 2101153610015015003,
            "jd": 2459855.6536111,
            "ra": 270.1910607,
            "dec": 31.0723355,
            "fid": 2,
            "nid": 2101,
            "magpsf": 19.097000122070312,
            "sigmapsf": 0.1260479986667633,
            "magnr": 20.648000717163086,
            "sigmagnr": 0.10700000077486038,
            "magzpsci": 26.11400032043457,
            "isdiffpos": "t",
            "ssdistnr": null,
            "ssnamenr": null,
            "drb": null
        },
        {
            "candid": 2101223710015015008,
            "jd": 2459855.7237153,
            "ra": 270.1910693,
            "dec": 31.0722589,
            "fid": 1,
            "nid": 2101,
            "magpsf": 20.04990005493164,
            "sigmapsf": 0.22643700242042542,
            "magnr": 20.895999908447266,
            "sigmagnr": 0.0860000029206276,
            "magzpsci": 26.011899948120117,
            "isdiffpos": "t",
            "ssdistnr": null,
            "ssnamenr": null,
            "drb": null
        },
        {
            "candid": 2103172260015015003,
            "jd": 2459857.6722685,
            "ra": 270.1910297,
            "dec": 31.072338,
            "fid": 2,
            "nid": 2103,
            "magpsf": 19.082199096679688,
            "sigmapsf": 0.1226940006017685,
            "magnr": 20.648000717163086,
            "sigmagnr": 0.10700000077486038,
            "magzpsci": 26.050199508666992,
            "isdiffpos": "t",
            "ssdistnr": null,
            "ssnamenr": null,
            "drb": null
        },
        {
            "candid": 2105137780015015004,
            "jd": 2459859.6377894,
            "ra": 270.1910783,
            "dec": 31.0723183,
            "fid": 2,
            "nid": 2105,
            "magpsf": 19.188199996948242,
            "sigmapsf": 0.11208000034093857,
            "magnr": 20.648000717163086,
            "sigmagnr": 0.10700000077486038,
            "magzpsci": 26.160200119018555,
            "isdiffpos": "t",
            "ssdistnr": null,
            "ssnamenr": null,
            "drb": null
        },
        {
            "candid": 2105162260015015007,
            "jd": 2459859.6622685,
            "ra": 270.1911312,
            "dec": 31.0723928,
            "fid": 1,
            "nid": 2105,
            "magpsf": 19.994400024414062,
            "sigmapsf": 0.29162299633026123,
            "magnr": 20.895999908447266,
            "sigmagnr": 0.0860000029206276,
            "magzpsci": 26.187400817871094,
            "isdiffpos": "t",
            "ssdistnr": null,
            "ssnamenr": null,
            "drb": null
        },
        {
            "candid": 2108140030015015012,
            "jd": 2459862.6400347,
            "ra": 270.1910976,
            "dec": 31.0723091,
            "fid": 2,
            "nid": 2108,
            "magpsf": 19.260799407958984,
            "sigmapsf": 0.13575400412082672,
            "magnr": 20.648000717163086,
            "sigmagnr": 0.10700000077486038,
            "magzpsci": 26.166799545288086,
            "isdiffpos": "t",
            "ssdistnr": null,
            "ssnamenr": null,
            "drb": null
        },
        {
            "candid": 2110131510015015004,
            "jd": 2459864.6315162,
            "ra": 270.191167,
            "dec": 31.0722458,
            "fid": 1,
            "nid": 2110,
            "magpsf": 20.25149917602539,
            "sigmapsf": 0.33087798953056335,
            "magnr": 20.895999908447266,
            "sigmagnr": 0.0860000029206276,
            "magzpsci": 26.170499801635742,
            "isdiffpos": "t",
            "ssdistnr": null,
            "ssnamenr": null,
            "drb": null
        },
        {
            "candid": 2112141410015015001,
            "jd": 2459866.641412,
            "ra": 270.1909879,
            "dec": 31.0722625,
            "fid": 1,
            "nid": 2112,
            "magpsf": 20.34779930114746,
            "sigmapsf": 0.24961799383163452,
            "magnr": 20.895999908447266,
            "sigmagnr": 0.0860000029206276,
            "magzpsci": 26.21579933166504,
            "isdiffpos": "t",
            "ssdistnr": null,
            "ssnamenr": null,
            "drb": null
        },
        {
            "candid": 2112183680015015007,
            "jd": 2459866.6836806,
            "ra": 270.1910475,
            "dec": 31.0723528,
            "fid": 2,
            "nid": 2112,
            "magpsf": 19.185300827026367,
            "sigmapsf": 0.14874500036239624,
            "magnr": 20.648000717163086,
            "sigmagnr": 0.10700000077486038,
            "magzpsci": 26.13129997253418,
            "isdiffpos": "t",
            "ssdistnr": null,
            "ssnamenr": null,
            "drb": null
        },
        {
            "candid": 2119137910015015004,
            "jd": 2459873.6379167,
            "ra": 270.1911364,
            "dec": 31.07227,
            "fid": 2,
            "nid": 2119,
            "magpsf": 20.042200088500977,
            "sigmapsf": 0.21307337284088135,
            "magnr": 20.648000717163086,
            "sigmagnr": 0.10700000077486038,
            "magzpsci": 26.151199340820312,
            "isdiffpos": "t",
            "ssdistnr": -999.0,
            "ssnamenr": "null",
            "drb": null
        },
        {
            "jd": 2459756.8082407,
            "fid": 1,
            "diffmaglim": 20.723400115966797
        },
        {
            "jd": 2459756.859919,
            "fid": 2,
            "diffmaglim": 20.657499313354492
        },
        {
            "jd": 2459758.8484144,
            "fid": 2,
            "diffmaglim": 18.647499084472656
        },
        {
            "jd": 2459758.8843287,
            "fid": 2,
            "diffmaglim": 18.59239959716797
        },
        {
            "jd": 2459760.8055324,
            "fid": 2,
            "diffmaglim": 20.42289924621582
        },
        {
            "jd": 2459760.8417477,
            "fid": 2,
            "diffmaglim": 18.760099411010742
        },
        {
            "jd": 2459762.7878125,
            "fid": 2,
            "diffmaglim": 20.688600540161133
        },
        {
            "jd": 2459762.8222338,
            "fid": 1,
            "diffmaglim": 20.592899322509766
        },
        {
            "jd": 2459764.7957755,
            "fid": 2,
            "diffmaglim": 20.552799224853516
        },
        {
            "jd": 2459764.8231366,
            "fid": 1,
            "diffmaglim": 20.822599411010742
        },
        {
            "jd": 2459766.8268866,
            "fid": 1,
            "diffmaglim": 21.00119972229004
        },
        {
            "jd": 2459766.848831,
            "fid": 2,
            "diffmaglim": 20.75
        },
        {
            "jd": 2459769.8033681,
            "fid": 1,
            "diffmaglim": 20.244699478149414
        },
        {
            "jd": 2459769.8443056,
            "fid": 1,
            "diffmaglim": 20.511999130249023
        },
        {
            "jd": 2459771.7822106,
            "fid": 1,
            "diffmaglim": 19.941699981689453
        },
        {
            "jd": 2459771.8710995,
            "fid": 1,
            "diffmaglim": 19.922300338745117
        },
        {
            "jd": 2459773.7586921,
            "fid": 2,
            "diffmaglim": 19.591800689697266
        },
        {
            "jd": 2459773.8468866,
            "fid": 2,
            "diffmaglim": 19.56679916381836
        },
        {
            "jd": 2459775.7988773,
            "fid": 2,
            "diffmaglim": 19.943199157714844
        },
        {
            "jd": 2459775.8312847,
            "fid": 2,
            "diffmaglim": 19.897199630737305
        },
        {
            "jd": 2459778.7252894,
            "fid": 2,
            "diffmaglim": 20.56410026550293
        },
        {
            "jd": 2459778.7555556,
            "fid": 2,
            "diffmaglim": 17.472400665283203
        },
        {
            "jd": 2459780.7880208,
            "fid": 1,
            "diffmaglim": 17.417699813842773
        },
        {
            "jd": 2459782.7797685,
            "fid": 1,
            "diffmaglim": 20.63050079345703
        },
        {
            "jd": 2459782.8687037,
            "fid": 2,
            "diffmaglim": 20.29789924621582
        },
        {
            "jd": 2459788.8090046,
            "fid": 1,
            "diffmaglim": 17.857900619506836
        },
        {
            "jd": 2459805.7194329,
            "fid": 1,
            "diffmaglim": 18.576900482177734
        },
        {
            "jd": 2459812.6992593,
            "fid": 2,
            "diffmaglim": 17.596900939941406
        },
        {
            "jd": 2459837.6772917,
            "fid": 2,
            "diffmaglim": 19.32990074157715
        },
        {
            "jd": 2459857.6361227,
            "fid": 1,
            "diffmaglim": 19.841100692749023
        },
        {
            "jd": 2459862.6794329,
            "fid": 1,
            "diffmaglim": 19.228099822998047
        },
        {
            "jd": 2459871.6243056,
            "fid": 1,
            "diffmaglim": 20.54319953918457
        },
        {
            "jd": 2459871.661412,
            "fid": 2,
            "diffmaglim": 19.993799209594727
        },
        {
            "jd": 2459873.6200231,
            "fid": 1,
            "diffmaglim": 20.42449951171875
        }
    ],
    "forcedphot": []
}