{
    "objectId": "ZTF24abgvkwg",
    "candidates": [
        {
            "candid": 2814493421815015012,
            "jd": 2460568.9934259,
            "ra": 122.5203903,
            "dec": 46.1925648,
            "fid": 1,
            "nid": 2814,
            "magpsf": 18.463699340820312,
            "sigmapsf": 0.06164899840950966,
            "magnr": 19.766000747680664,
            "sigmagnr": 0.10100000351667404,
            "magzpsci": 26.240699768066406,
            "isdiffpos": "t",
            "ssdistnr": null,
            "ssnamenr": null,
            "drb": 0.9999996423721313
        },
        {
            "candid": 2818432901815015008,
            "jd": 2460572.9329051,
            "ra": 122.5203227,
            "dec": 46.1924895,
            "fid": 1,
            "nid": 2818,
            "magpsf": 18.38279914855957,
            "sigmapsf": 0.11025500297546387,
            "magnr": 19.766000747680664,
            "sigmagnr": 0.10100000351667404,
            "magzpsci": 26.096799850463867,
            "isdiffpos": "t",
            "ssdistnr": null,
            "ssnamenr": null,
            "drb": 0.999997615814209
        },
        {
            "candid": 2818470861815015001,
            "jd": 2460572.9708681,
            "ra": 122.5203882,
            "dec": 46.1925417,
            "fid": 2,
            "nid": 2818,
            "magpsf": 18.341299057006836,
            "sigmapsf": 0.07830099761486053,
            "magnr": 18.857999801635742,
            "sigmagnr": 0.09399999678134918,
            "magzpsci": 26.248300552368164,
            "isdiffpos": "t",
            "ssdistnr": null,
            "ssnamenr": null,
            "drb": null
        },
        {
            "candid": 2821428951815015004,
            "jd": 2460575.9289583,
            "ra": 122.5203359,
            "dec": 46.1925456,
            "fid": 1,
            "nid": 2821,
            "magpsf": 18.524099349975586,
            "sigmapsf": 0.11895199865102768,
            "magnr": 19.766000747680664,
            "sigmagnr": 0.10100000351667404,
            "magzpsci": 26.056100845336914,
            "isdiffpos": "t",
            "ssdistnr": null,
            "ssnamenr": null,
            "drb": null
        },
        {
            "candid": 2821486531815015012,
            "jd": 2460575.9865394,
            "ra": 122.5203823,
            "dec": 46.1925712,
            "fid": 3,
            "nid": 2821,
            "magpsf": 18.686100006103516,
            "sigmapsf": 0.1477919965982437,
            "magnr": 19.099000930786133,
            "sigmagnr": 0.08699999749660492,
            "magzpsci": 25.692100524902344,
            "isdiffpos": "t",
            "ssdistnr": null,
            "ssnamenr": null,
            "drb": null
        },
        {
            "candid": 2822449131815015015,
            "jd": 2460576.9491319,
            "ra": 122.5203498,
            "dec": 46.1925482,
            "fid": 3,
            "nid": 2822,
            "magpsf": 18.70009994506836,
            "sigmapsf": 0.11990199983119965,
            "magnr": 19.099000930786133,
            "sigmagnr": 0.08699999749660492,
            "magzpsci": 25.684099197387695,
            "isdiffpos": "t",
            "ssdistnr": null,
            "ssnamenr": null,
            "drb": null
        },
        {
            "candid": 2822449131815025015,
            "jd": 2460576.9491319,
            "ra": 122.5203498,
            "dec": 46.1925482,
            "fid": 3,
            "nid": 2822,
            "magpsf": 18.70009994506836,
            "sigmapsf": 0.11990199983119965,
            "magnr": 19.099000930786133,
            "sigmagnr": 0.08699999749660492,
            "magzpsci": 25.684099197387695,
            "isdiffpos": "t",
            "ssdistnr": null,
            "ssnamenr": null,
            "drb": null
        },
        {
            "candid": 2822490771815015004,
            "jd": 2460576.9907755,
            "ra": 122.5203789,
            "dec": 46.1925389,
            "fid": 1,
            "nid": 2822,
            "magpsf": 18.555999755859375,
            "sigmapsf": 0.07209999859333038,
            "magnr": 19.766000747680664,
            "sigmagnr": 0.10100000351667404,
            "magzpsci": 26.209999084472656,
            "isdiffpos": "t",
            "ssdistnr": null,
            "ssnamenr": null,
            "drb": null
        },
        {
            "candid": 2823472361815015007,
            "jd": 2460577.9723611,
            "ra": 122.5203796,
            "dec": 46.1925581,
            "fid": 2,
            "nid": 2823,
            "magpsf": 18.5132999420166,
            "sigmapsf": 0.07925300300121307,
            "magnr": 18.857999801635742,
            "sigmagnr": 0.09399999678134918,
            "magzpsci": 26.238300323486328,
            "isdiffpos": "t",
            "ssdistnr": null,
            "ssnamenr": null,
            "drb": null
        },
        {
            "candid": 2823491901815015012,
            "jd": 2460577.9919097,
            "ra": 122.520378,
            "dec": 46.1925391,
            "fid": 1,
            "nid": 2823,
            "magpsf": 18.592300415039062,
            "sigmapsf": 0.08300500363111496,
            "magnr": 19.766000747680664,
            "sigmagnr": 0.10100000351667404,
            "magzpsci": 26.22330093383789,
            "isdiffpos": "t",
            "ssdistnr": null,
            "ssnamenr": null,
            "drb": null
        },
        {
            "candid": 2839452151815015006,
            "jd": 2460593.9521528,
            "ra": 122.5204411,
            "dec": 46.1925182,
            "fid": 2,
            "nid": 2839,
            "magpsf": 18.628599166870117,
            "sigmapsf": 0.07701800018548965,
            "magnr": 18.857999801635742,
            "sigmagnr": 0.09399999678134918,
            "magzpsci": 26.270599365234375,
            "isdiffpos": "t",
            "ssdistnr": null,
            "ssnamenr": null,
            "drb": null
        },
        {
            "candid": 2839510211815015009,
            "jd": 2460594.0102199,
            "ra": 122.5203424,
            "dec": 46.1924904,
            "fid": 1,
            "nid": 2839,
            "magpsf": 19.298999786376953,
            "sigmapsf": 0.15067100524902344,
            "magnr": 19.766000747680664,
            "sigmagnr": 0.10100000351667404,
            "magzpsci": 26.285999298095703,
            "isdiffpos": "t",
            "ssdistnr": null,
            "ssnamenr": null,
            "drb": null
        },
        {
            "candid": 2841474511815015010,
            "jd": 2460595.9745139,
            "ra": 122.5203887,
            "dec": 46.1925754,
            "fid": 1,
            "nid": 2841,
            "magpsf": 19.347999572753906,
            "sigmapsf": 0.11636099964380264,
            "magnr": 19.766000747680664,
            "sigmagnr": 0.10100000351667404,
            "magzpsci": 26.31100082397461,
            "isdiffpos": "t",
            "ssdistnr": null,
            "ssnamenr": null,
            "drb": null
        },
        {
            "candid": 2841489361815015014,
            "jd": 2460595.9893634,
            "ra": 122.5204012,
            "dec": 46.1925618,
            "fid": 2,
            "nid": 2841,
            "magpsf": 18.664199829101562,
            "sigmapsf": 0.0705690011382103,
            "magnr": 18.857999801635742,
            "sigmagnr": 0.09399999678134918,
            "magzpsci": 26.314199447631836,
            "isdiffpos": "t",
            "ssdistnr": null,
            "ssnamenr": null,
            "drb": null
        },
        {
            "candid": 2843469691815015021,
            "jd": 2460597.9696991,
            "ra": 122.5204177,
            "dec": 46.1925445,
            "fid": 1,
            "nid": 2843,
            "magpsf": 19.280099868774414,
            "sigmapsf": 0.08500500023365021,
            "magnr": 19.766000747680664,
            "sigmagnr": 0.10100000351667404,
            "magzpsci": 26.31909942626953,
            "isdiffpos": "t",
            "ssdistnr": null,
            "ssnamenr": null,
            "drb": null
        },
        {
            "candid": 2843513811815015009,
            "jd": 2460598.0138194,
            "ra": 122.5204097,
            "dec": 46.1925577,
            "fid": 2,
            "nid": 2843,
            "magpsf": 18.66469955444336,
            "sigmapsf": 0.06705799698829651,
            "magnr": 18.857999801635742,
            "sigmagnr": 0.09399999678134918,
            "magzpsci": 26.329700469970703,
            "isdiffpos": "t",
            "ssdistnr": null,
            "ssnamenr": null,
            "drb": null
        },
        {
            "candid": 2845426301815015009,
            "jd": 2460599.9263079,
            "ra": 122.5203774,
            "dec": 46.1925766,
            "fid": 2,
            "nid": 2845,
            "magpsf": 18.79319953918457,
            "sigmapsf": 0.12047699838876724,
            "magnr": 18.857999801635742,
            "sigmagnr": 0.09399999678134918,
            "magzpsci": 26.285200119018555,
            "isdiffpos": "t",
            "ssdistnr": null,
            "ssnamenr": null,
            "drb": null
        },
        {
            "candid": 2845497681815015010,
            "jd": 2460599.9976852,
            "ra": 122.5203531,
            "dec": 46.1925504,
            "fid": 1,
            "nid": 2845,
            "magpsf": 19.384199142456055,
            "sigmapsf": 0.14356599748134613,
            "magnr": 19.766000747680664,
            "sigmagnr": 0.10100000351667404,
            "magzpsci": 26.321199417114258,
            "isdiffpos": "t",
            "ssdistnr": null,
            "ssnamenr": null,
            "drb": null
        },
        {
            "candid": 2850452321815015004,
            "jd": 2460604.9523264,
            "ra": 122.5203733,
            "dec": 46.1925641,
            "fid": 2,
            "nid": 2850,
            "magpsf": 18.73870086669922,
            "sigmapsf": 0.09256000071763992,
            "magnr": 18.857999801635742,
            "sigmagnr": 0.09399999678134918,
            "magzpsci": 26.316699981689453,
            "isdiffpos": "t",
            "ssdistnr": null,
            "ssnamenr": null,
            "drb": null
        },
        {
            "candid": 2852408321815015014,
            "jd": 2460606.9083218,
            "ra": 122.5203809,
            "dec": 46.1925581,
            "fid": 1,
            "nid": 2852,
            "magpsf": 19.55340003967285,
            "sigmapsf": 0.20519499480724335,
            "magnr": 19.766000747680664,
            "sigmagnr": 0.10100000351667404,
            "magzpsci": 26.266399383544922,
            "isdiffpos": "t",
            "ssdistnr": null,
            "ssnamenr": null,
            "drb": null
        },
        {
            "candid": 2852446931815015010,
            "jd": 2460606.9469329,
            "ra": 122.5204031,
            "dec": 46.1925673,
            "fid": 2,
            "nid": 2852,
            "magpsf": 18.81209945678711,
            "sigmapsf": 0.08673200011253357,
            "magnr": 18.857999801635742,
            "sigmagnr": 0.09399999678134918,
            "magzpsci": 26.304100036621094,
            "isdiffpos": "t",
            "ssdistnr": null,
            "ssnamenr": null,
            "drb": null
        },
        {
            "candid": 2854485371815015013,
            "jd": 2460608.9853704,
            "ra": 122.5204177,
            "dec": 46.1925382,
            "fid": 1,
            "nid": 2854,
            "magpsf": 19.572399139404297,
            "sigmapsf": 0.11134699732065201,
            "magnr": 19.766000747680664,
            "sigmagnr": 0.10100000351667404,
            "magzpsci": 26.346399307250977,
            "isdiffpos": "t",
            "ssdistnr": null,
            "ssnamenr": null,
            "drb": null
        },
        {
            "candid": 2854509031815015004,
            "jd": 2460609.0090394,
            "ra": 122.5203847,
            "dec": 46.1925565,
            "fid": 2,
            "nid": 2854,
            "magpsf": 18.800800323486328,
            "sigmapsf": 0.07741899788379669,
            "magnr": 18.857999801635742,
            "sigmagnr": 0.09399999678134918,
            "magzpsci": 26.332799911499023,
            "isdiffpos": "t",
            "ssdistnr": null,
            "ssnamenr": null,
            "drb": null
        },
        {
            "candid": 2856429501815015006,
            "jd": 2460610.9295023,
            "ra": 122.5203658,
            "dec": 46.1925755,
            "fid": 1,
            "nid": 2856,
            "magpsf": 19.683900833129883,
            "sigmapsf": 0.14685900509357452,
            "magnr": 19.766000747680664,
            "sigmagnr": 0.10100000351667404,
            "magzpsci": 26.22089958190918,
            "isdiffpos": "t",
            "ssdistnr": null,
            "ssnamenr": null,
            "drb": null
        },
        {
            "candid": 2856489571815015005,
            "jd": 2460610.9895718,
            "ra": 122.5203811,
            "dec": 46.1925591,
            "fid": 2,
            "nid": 2856,
            "magpsf": 18.759000778198242,
            "sigmapsf": 0.07179400324821472,
            "magnr": 18.857999801635742,
            "sigmagnr": 0.09399999678134918,
            "magzpsci": 26.301000595092773,
            "isdiffpos": "t",
            "ssdistnr": null,
            "ssnamenr": null,
            "drb": null
        },
        {
            "candid": 2860472981815015007,
            "jd": 2460614.9729861,
            "ra": 122.5203779,
            "dec": 46.1925816,
            "fid": 2,
            "nid": 2860,
            "magpsf": 18.836700439453125,
            "sigmapsf": 0.10460100322961807,
            "magnr": 18.857999801635742,
            "sigmagnr": 0.09399999678134918,
            "magzpsci": 26.318700790405273,
            "isdiffpos": "t",
            "ssdistnr": null,
            "ssnamenr": null,
            "drb": null
        },
        {
            "candid": 2860505251815015024,
            "jd": 2460615.0052546,
            "ra": 122.5204171,
            "dec": 46.192566,
            "fid": 1,
            "nid": 2860,
            "magpsf": 19.718700408935547,
            "sigmapsf": 0.10668099671602249,
            "magnr": 19.766000747680664,
            "sigmagnr": 0.10100000351667404,
            "magzpsci": 26.349700927734375,
            "isdiffpos": "t",
            "ssdistnr": null,
            "ssnamenr": null,
            "drb": null
        },
        {
            "candid": 2864340811815015003,
            "jd": 2460618.8408102,
            "ra": 122.5204567,
            "dec": 46.1925517,
            "fid": 2,
            "nid": 2864,
            "magpsf": 18.86359977722168,
            "sigmapsf": 0.13007700443267822,
            "magnr": 18.857999801635742,
            "sigmagnr": 0.09399999678134918,
            "magzpsci": 26.22260093688965,
            "isdiffpos": "t",
            "ssdistnr": null,
            "ssnamenr": null,
            "drb": null
        },
        {
            "candid": 2864383261815015016,
            "jd": 2460618.8832639,
            "ra": 122.5206036,
            "dec": 46.1925024,
            "fid": 1,
            "nid": 2864,
            "magpsf": 19.77239990234375,
            "sigmapsf": 0.2731980085372925,
            "magnr": 19.766000747680664,
            "sigmagnr": 0.10100000351667404,
            "magzpsci": 25.26740074157715,
            "isdiffpos": "t",
            "ssdistnr": null,
            "ssnamenr": null,
            "drb": null
        },
        {
            "candid": 2869478421815015007,
            "jd": 2460623.9784259,
            "ra": 122.5204052,
            "dec": 46.1926004,
            "fid": 1,
            "nid": 2869,
            "magpsf": 19.84910011291504,
            "sigmapsf": 0.18142099678516388,
            "magnr": 19.766000747680664,
            "sigmagnr": 0.10100000351667404,
            "magzpsci": 26.34309959411621,
            "isdiffpos": "t",
            "ssdistnr": null,
            "ssnamenr": null,
            "drb": null
        },
        {
            "candid": 2869511811815015005,
            "jd": 2460624.0118171,
            "ra": 122.5204198,
            "dec": 46.1925626,
            "fid": 2,
            "nid": 2869,
            "magpsf": 18.925800323486328,
            "sigmapsf": 0.09162600338459015,
            "magnr": 18.857999801635742,
            "sigmagnr": 0.09399999678134918,
            "magzpsci": 26.324800491333008,
            "isdiffpos": "t",
            "ssdistnr": null,
            "ssnamenr": null,
            "drb": null
        },
        {
            "candid": 2874381191815015004,
            "jd": 2460628.8811921,
            "ra": 122.5204374,
            "dec": 46.1925267,
            "fid": 2,
            "nid": 2874,
            "magpsf": 19.073200225830078,
            "sigmapsf": 0.13226500153541565,
            "magnr": 18.857999801635742,
            "sigmagnr": 0.09399999678134918,
            "magzpsci": 26.300199508666992,
            "isdiffpos": "t",
            "ssdistnr": null,
            "ssnamenr": null,
            "drb": null
        },
        {
            "candid": 2880448991815015012,
            "jd": 2460634.9489931,
            "ra": 122.5204307,
            "dec": 46.192621,
            "fid": 2,
            "nid": 2880,
            "magpsf": 19.034799575805664,
            "sigmapsf": 0.11977899819612503,
            "magnr": 18.857999801635742,
            "sigmagnr": 0.09399999678134918,
            "magzpsci": 26.309799194335938,
            "isdiffpos": "t",
            "ssdistnr": null,
            "ssnamenr": null,
            "drb": null
        },
        {
            "candid": 2886309151815015007,
            "jd": 2460640.8091551,
            "ra": 122.5204895,
            "dec": 46.1925068,
            "fid": 1,
            "nid": 2886,
            "magpsf": 20.32080078125,
            "sigmapsf": 0.22381000220775604,
            "magnr": 19.766000747680664,
            "sigmagnr": 0.10100000351667404,
            "magzpsci": 26.253799438476562,
            "isdiffpos": "t",
            "ssdistnr": null,
            "ssnamenr": null,
            "drb": null
        },
        {
            "candid": 2886309151815025007,
            "jd": 2460640.8091551,
            "ra": 122.5204895,
            "dec": 46.1925068,
            "fid": 1,
            "nid": 2886,
            "magpsf": 20.32080078125,
            "sigmapsf": 0.22381000220775604,
            "magnr": 19.766000747680664,
            "sigmagnr": 0.10100000351667404,
            "magzpsci": 26.253799438476562,
            "isdiffpos": "t",
            "ssdistnr": null,
            "ssnamenr": null,
            "drb": null
        },
        {
            "candid": 2886344981815015012,
            "jd": 2460640.8449884,
            "ra": 122.5203598,
            "dec": 46.1925736,
            "fid": 2,
            "nid": 2886,
            "magpsf": 19.082012176513672,
            "sigmapsf": 0.09326563030481339,
            "magnr": 18.857999801635742,
            "sigmagnr": 0.09399999678134918,
            "magzpsci": 26.295013427734375,
            "isdiffpos": "t",
            "ssdistnr": -999.0,
            "ssnamenr": "null",
            "drb": null
        },
        {
            "candid": 2886344981815025012,
            "jd": 2460640.8449884,
            "ra": 122.5203598,
            "dec": 46.1925736,
            "fid": 2,
            "nid": 2886,
            "magpsf": 19.082000732421875,
            "sigmapsf": 0.09326600283384323,
            "magnr": 18.857999801635742,
            "sigmagnr": 0.09399999678134918,
            "magzpsci": 26.295000076293945,
            "isdiffpos": "t",
            "ssdistnr": null,
            "ssnamenr": null,
            "drb": null
        },
        {
            "candid": 2890393751815015014,
            "jd": 2460644.89375,
            "ra": 122.5204489,
            "dec": 46.1925889,
            "fid": 1,
            "nid": 2890,
            "magpsf": 20.178199768066406,
            "sigmapsf": 0.16957299411296844,
            "magnr": 19.766000747680664,
            "sigmagnr": 0.10100000351667404,
            "magzpsci": 26.333200454711914,
            "isdiffpos": "t",
            "ssdistnr": null,
            "ssnamenr": null,
            "drb": null
        },
        {
            "candid": 2890433851815015007,
            "jd": 2460644.9338542,
            "ra": 122.5203818,
            "dec": 46.1925514,
            "fid": 2,
            "nid": 2890,
            "magpsf": 19.114900588989258,
            "sigmapsf": 0.11849399656057358,
            "magnr": 18.857999801635742,
            "sigmagnr": 0.09399999678134918,
            "magzpsci": 26.3218994140625,
            "isdiffpos": "t",
            "ssdistnr": null,
            "ssnamenr": null,
            "drb": null
        },
        {
            "candid": 2895387411815015015,
            "jd": 2460649.887419,
            "ra": 122.5203971,
            "dec": 46.1925629,
            "fid": 2,
            "nid": 2895,
            "magpsf": 19.287599563598633,
            "sigmapsf": 0.10947500169277191,
            "magnr": 18.857999801635742,
            "sigmagnr": 0.09399999678134918,
            "magzpsci": 26.3085994720459,
            "isdiffpos": "t",
            "ssdistnr": null,
            "ssnamenr": null,
            "drb": null
        },
        {
            "candid": 2895434131815015017,
            "jd": 2460649.9341319,
            "ra": 122.520479,
            "dec": 46.1925829,
            "fid": 1,
            "nid": 2895,
            "magpsf": 20.576200485229492,
            "sigmapsf": 0.22387899458408356,
            "magnr": 19.766000747680664,
            "sigmagnr": 0.10100000351667404,
            "magzpsci": 26.342199325561523,
            "isdiffpos": "t",
            "ssdistnr": null,
            "ssnamenr": null,
            "drb": null
        },
        {
            "candid": 2897444761815015010,
            "jd": 2460651.9447685,
            "ra": 122.5203829,
            "dec": 46.1925764,
            "fid": 2,
            "nid": 2897,
            "magpsf": 19.337900161743164,
            "sigmapsf": 0.11782000213861465,
            "magnr": 18.857999801635742,
            "sigmagnr": 0.09399999678134918,
            "magzpsci": 26.320899963378906,
            "isdiffpos": "t",
            "ssdistnr": null,
            "ssnamenr": null,
            "drb": null
        },
        {
            "candid": 2899263341815015006,
            "jd": 2460653.7633449,
            "ra": 122.5203569,
            "dec": 46.1924786,
            "fid": 2,
            "nid": 2899,
            "magpsf": 19.37470054626465,
            "sigmapsf": 0.17874400317668915,
            "magnr": 19.597999572753906,
            "sigmagnr": 0.10700000077486038,
            "magzpsci": 26.27669906616211,
            "isdiffpos": "t",
            "ssdistnr": null,
            "ssnamenr": null,
            "drb": null
        },
        {
            "candid": 2901364301815015026,
            "jd": 2460655.8643056,
            "ra": 122.5203709,
            "dec": 46.1925658,
            "fid": 2,
            "nid": 2901,
            "magpsf": 19.443199157714844,
            "sigmapsf": 0.12163200229406357,
            "magnr": 18.857999801635742,
            "sigmagnr": 0.09399999678134918,
            "magzpsci": 26.202199935913086,
            "isdiffpos": "t",
            "ssdistnr": null,
            "ssnamenr": null,
            "drb": null
        },
        {
            "candid": 2912246081815015009,
            "jd": 2460666.746088,
            "ra": 122.5205645,
            "dec": 46.1925515,
            "fid": 2,
            "nid": 2912,
            "magpsf": 19.66806411743164,
            "sigmapsf": 0.20660734176635742,
            "magnr": 18.857999801635742,
            "sigmagnr": 0.09399999678134918,
            "magzpsci": 26.22406578063965,
            "isdiffpos": "t",
            "ssdistnr": -999.0,
            "ssnamenr": "null",
            "drb": null
        },
        {
            "jd": 2460540.0015972,
            "fid": 2,
            "diffmaglim": 19.38949966430664
        },
        {
            "jd": 2460541.0008449,
            "fid": 2,
            "diffmaglim": 19.15920066833496
        },
        {
            "jd": 2460543.9954167,
            "fid": 2,
            "diffmaglim": 18.868600845336914
        },
        {
            "jd": 2460543.9984144,
            "fid": 2,
            "diffmaglim": 18.82670021057129
        },
        {
            "jd": 2460544.0029282,
            "fid": 2,
            "diffmaglim": 18.87339973449707
        },
        {
            "jd": 2460544.9949769,
            "fid": 2,
            "diffmaglim": 19.237300872802734
        },
        {
            "jd": 2460544.9989236,
            "fid": 2,
            "diffmaglim": 19.17180061340332
        },
        {
            "jd": 2460545.0023495,
            "fid": 2,
            "diffmaglim": 19.276599884033203
        },
        {
            "jd": 2460545.9954282,
            "fid": 2,
            "diffmaglim": 18.95549964904785
        },
        {
            "jd": 2460545.9987963,
            "fid": 2,
            "diffmaglim": 19.004199981689453
        },
        {
            "jd": 2460546.0021644,
            "fid": 2,
            "diffmaglim": 19.094100952148438
        },
        {
            "jd": 2460547.9973843,
            "fid": 2,
            "diffmaglim": 19.271099090576172
        },
        {
            "jd": 2460548.0002894,
            "fid": 2,
            "diffmaglim": 19.426599502563477
        },
        {
            "jd": 2460548.0032292,
            "fid": 2,
            "diffmaglim": 19.33009910583496
        },
        {
            "jd": 2460548.0062037,
            "fid": 2,
            "diffmaglim": 19.39430046081543
        },
        {
            "jd": 2460548.9968634,
            "fid": 2,
            "diffmaglim": 19.366600036621094
        },
        {
            "jd": 2460548.999294,
            "fid": 2,
            "diffmaglim": 19.388200759887695
        },
        {
            "jd": 2460549.001713,
            "fid": 2,
            "diffmaglim": 19.405899047851562
        },
        {
            "jd": 2460549.0046181,
            "fid": 2,
            "diffmaglim": 19.640199661254883
        },
        {
            "jd": 2460551.9996875,
            "fid": 2,
            "diffmaglim": 20.06730079650879
        },
        {
            "jd": 2460552.0036227,
            "fid": 2,
            "diffmaglim": 20.091100692749023
        },
        {
            "jd": 2460552.0075694,
            "fid": 2,
            "diffmaglim": 19.864900588989258
        },
        {
            "jd": 2460552.9998958,
            "fid": 2,
            "diffmaglim": 20.105499267578125
        },
        {
            "jd": 2460553.0038426,
            "fid": 2,
            "diffmaglim": 20.150299072265625
        },
        {
            "jd": 2460553.0077894,
            "fid": 2,
            "diffmaglim": 20.029699325561523
        },
        {
            "jd": 2460553.9994213,
            "fid": 2,
            "diffmaglim": 19.959699630737305
        },
        {
            "jd": 2460554.0022917,
            "fid": 2,
            "diffmaglim": 20.171300888061523
        },
        {
            "jd": 2460554.005162,
            "fid": 2,
            "diffmaglim": 20.108299255371094
        },
        {
            "jd": 2460568.9934259,
            "fid": 1,
            "diffmaglim": 20.68280029296875
        },
        {
            "jd": 2460578.0304167,
            "fid": 3,
            "diffmaglim": 18.959699630737305
        },
        {
            "jd": 2460602.9464005,
            "fid": 1,
            "diffmaglim": 19.20639991760254
        },
        {
            "jd": 2460603.0096875,
            "fid": 2,
            "diffmaglim": 19.430200576782227
        },
        {
            "jd": 2460604.8899306,
            "fid": 1,
            "diffmaglim": 19.710800170898438
        },
        {
            "jd": 2460628.928044,
            "fid": 1,
            "diffmaglim": 19.829999923706055
        },
        {
            "jd": 2460631.9504977,
            "fid": 1,
            "diffmaglim": 19.31909942626953
        },
        {
            "jd": 2460634.9291551,
            "fid": 1,
            "diffmaglim": 19.493900299072266
        },
        {
            "jd": 2460635.8415046,
            "fid": 1,
            "diffmaglim": 18.429100036621094
        },
        {
            "jd": 2460635.9356481,
            "fid": 2,
            "diffmaglim": 15.687800407409668
        },
        {
            "jd": 2460637.7858912,
            "fid": 1,
            "diffmaglim": 20.15850067138672
        },
        {
            "jd": 2460637.9011806,
            "fid": 2,
            "diffmaglim": 20.7544002532959
        },
        {
            "jd": 2460647.8927546,
            "fid": 2,
            "diffmaglim": 20.23579978942871
        },
        {
            "jd": 2460653.8259838,
            "fid": 1,
            "diffmaglim": 20.208900451660156
        },
        {
            "jd": 2460655.7122685,
            "fid": 1,
            "diffmaglim": 18.423799514770508
        },
        {
            "jd": 2460659.9715509,
            "fid": 2,
            "diffmaglim": 19.081199645996094
        },
        {
            "jd": 2460661.8388542,
            "fid": 2,
            "diffmaglim": 16.515100479125977
        },
        {
            "jd": 2460664.7813773,
            "fid": 1,
            "diffmaglim": 19.964500427246094
        },
        {
            "jd": 2460664.8847801,
            "fid": 2,
            "diffmaglim": 20.217199325561523
        },
        {
            "jd": 2460666.7048264,
            "fid": 1,
            "diffmaglim": 20.147899627685547
        }
    ],
    "forcedphot": [
        {
            "objectid": "ZTF24abgvkwg",
            "jd": 2460540.0015972,
            "ranr": 122.5193962,
            "decnr": 46.1921677,
            "fid": 2,
            "forcediffimflux": 5.957371711730957,
            "forcediffimfluxunc": 7.047929763793945,
            "magzpsci": 26.010900497436523
        },
        {
            "objectid": "ZTF24abgvkwg",
            "jd": 2460541.0008449,
            "ranr": -99999.0,
            "decnr": -99999.0,
            "fid": 2,
            "forcediffimflux": -99999.0,
            "forcediffimfluxunc": -99999.0,
            "magzpsci": 26.13010025024414
        },
        {
            "objectid": "ZTF24abgvkwg",
            "jd": 2460544.0029282,
            "ranr": -99999.0,
            "decnr": -99999.0,
            "fid": 2,
            "forcediffimflux": -99999.0,
            "forcediffimfluxunc": -99999.0,
            "magzpsci": 26.095800399780273
        },
        {
            "objectid": "ZTF24abgvkwg",
            "jd": 2460545.0023495,
            "ranr": -99999.0,
            "decnr": -99999.0,
            "fid": 2,
            "forcediffimflux": -99999.0,
            "forcediffimfluxunc": -99999.0,
            "magzpsci": 26.179500579833984
        },
        {
            "objectid": "ZTF24abgvkwg",
            "jd": 2460546.0021644,
            "ranr": 122.5193962,
            "decnr": 46.1921677,
            "fid": 2,
            "forcediffimflux": -16.980714797973633,
            "forcediffimfluxunc": 81.1502914428711,
            "magzpsci": 26.083999633789062
        },
        {
            "objectid": "ZTF24abgvkwg",
            "jd": 2460548.0062037,
            "ranr": -99999.0,
            "decnr": -99999.0,
            "fid": 2,
            "forcediffimflux": -99999.0,
            "forcediffimfluxunc": -99999.0,
            "magzpsci": 26.189199447631836
        },
        {
            "objectid": "ZTF24abgvkwg",
            "jd": 2460549.0046181,
            "ranr": -99999.0,
            "decnr": -99999.0,
            "fid": 2,
            "forcediffimflux": -99999.0,
            "forcediffimfluxunc": -99999.0,
            "magzpsci": 26.17799949645996
        },
        {
            "objectid": "ZTF24abgvkwg",
            "jd": 2460550.0054745,
            "ranr": -99999.0,
            "decnr": -99999.0,
            "fid": 2,
            "forcediffimflux": -99999.0,
            "forcediffimfluxunc": -99999.0,
            "magzpsci": 26.203699111938477
        },
        {
            "objectid": "ZTF24abgvkwg",
            "jd": 2460551.0042824,
            "ranr": -99999.0,
            "decnr": -99999.0,
            "fid": 2,
            "forcediffimflux": -99999.0,
            "forcediffimfluxunc": -99999.0,
            "magzpsci": 26.205400466918945
        },
        {
            "objectid": "ZTF24abgvkwg",
            "jd": 2460552.0075694,
            "ranr": -99999.0,
            "decnr": -99999.0,
            "fid": 2,
            "forcediffimflux": -99999.0,
            "forcediffimfluxunc": -99999.0,
            "magzpsci": 26.264999389648438
        },
        {
            "objectid": "ZTF24abgvkwg",
            "jd": 2460553.0077894,
            "ranr": 122.5189085,
            "decnr": 46.192655,
            "fid": 2,
            "forcediffimflux": -10.553671836853027,
            "forcediffimfluxunc": 34.14873504638672,
            "magzpsci": 26.06450080871582
        },
        {
            "objectid": "ZTF24abgvkwg",
            "jd": 2460554.005162,
            "ranr": -99999.0,
            "decnr": -99999.0,
            "fid": 2,
            "forcediffimflux": -99999.0,
            "forcediffimfluxunc": -99999.0,
            "magzpsci": 26.229299545288086
        },
        {
            "objectid": "ZTF24abgvkwg",
            "jd": 2460569.025081,
            "ranr": -99999.0,
            "decnr": -99999.0,
            "fid": 1,
            "forcediffimflux": -99999.0,
            "forcediffimfluxunc": -99999.0,
            "magzpsci": 26.32659912109375
        },
        {
            "objectid": "ZTF24abgvkwg",
            "jd": 2460572.9329051,
            "ranr": 122.5186406,
            "decnr": 46.1922122,
            "fid": 1,
            "forcediffimflux": 1197.4111328125,
            "forcediffimfluxunc": 88.71315002441406,
            "magzpsci": 26.096799850463867
        },
        {
            "objectid": "ZTF24abgvkwg",
            "jd": 2460572.9713426,
            "ranr": -99999.0,
            "decnr": -99999.0,
            "fid": 2,
            "forcediffimflux": -99999.0,
            "forcediffimfluxunc": -99999.0,
            "magzpsci": 26.233200073242188
        },
        {
            "objectid": "ZTF24abgvkwg",
            "jd": 2460572.990162,
            "ranr": -99999.0,
            "decnr": -99999.0,
            "fid": 1,
            "forcediffimflux": -99999.0,
            "forcediffimfluxunc": -99999.0,
            "magzpsci": 26.265300750732422
        },
        {
            "objectid": "ZTF24abgvkwg",
            "jd": 2460575.9289583,
            "ranr": 122.5186406,
            "decnr": 46.1922122,
            "fid": 1,
            "forcediffimflux": 1013.2403564453125,
            "forcediffimfluxunc": 66.19856262207031,
            "magzpsci": 26.056100845336914
        },
        {
            "objectid": "ZTF24abgvkwg",
            "jd": 2460575.9865394,
            "ranr": 122.5215399,
            "decnr": 46.1921601,
            "fid": 3,
            "forcediffimflux": 656.9456176757812,
            "forcediffimfluxunc": 44.10627746582031,
            "magzpsci": 25.692100524902344
        },
        {
            "objectid": "ZTF24abgvkwg",
            "jd": 2460576.9491319,
            "ranr": 122.5215399,
            "decnr": 46.1921601,
            "fid": 3,
            "forcediffimflux": 676.7246704101562,
            "forcediffimfluxunc": 39.20005798339844,
            "magzpsci": 25.684099197387695
        },
        {
            "objectid": "ZTF24abgvkwg",
            "jd": 2460576.9907755,
            "ranr": 122.5186406,
            "decnr": 46.1922122,
            "fid": 1,
            "forcediffimflux": 1187.9193115234375,
            "forcediffimfluxunc": 45.18875503540039,
            "magzpsci": 26.209999084472656
        },
        {
            "objectid": "ZTF24abgvkwg",
            "jd": 2460577.9723611,
            "ranr": 122.5194947,
            "decnr": 46.1922631,
            "fid": 2,
            "forcediffimflux": 1305.3363037109375,
            "forcediffimfluxunc": 45.147666931152344,
            "magzpsci": 26.238300323486328
        },
        {
            "objectid": "ZTF24abgvkwg",
            "jd": 2460577.9919097,
            "ranr": 122.5186406,
            "decnr": 46.1922122,
            "fid": 1,
            "forcediffimflux": 1120.0592041015625,
            "forcediffimfluxunc": 51.659156799316406,
            "magzpsci": 26.22330093383789
        },
        {
            "objectid": "ZTF24abgvkwg",
            "jd": 2460578.0304167,
            "ranr": 122.5215399,
            "decnr": 46.1921601,
            "fid": 3,
            "forcediffimflux": 638.7220458984375,
            "forcediffimfluxunc": 63.18079376220703,
            "magzpsci": 25.73550033569336
        },
        {
            "objectid": "ZTF24abgvkwg",
            "jd": 2460593.9521528,
            "ranr": 122.5194947,
            "decnr": 46.1922631,
            "fid": 2,
            "forcediffimflux": 1114.663818359375,
            "forcediffimfluxunc": 45.21741485595703,
            "magzpsci": 26.270599365234375
        },
        {
            "objectid": "ZTF24abgvkwg",
            "jd": 2460594.0102199,
            "ranr": 122.5186406,
            "decnr": 46.1922122,
            "fid": 1,
            "forcediffimflux": 590.3510131835938,
            "forcediffimfluxunc": 44.02944564819336,
            "magzpsci": 26.285999298095703
        },
        {
            "objectid": "ZTF24abgvkwg",
            "jd": 2460595.9740394,
            "ranr": -99999.0,
            "decnr": -99999.0,
            "fid": 1,
            "forcediffimflux": -99999.0,
            "forcediffimfluxunc": -99999.0,
            "magzpsci": 26.330799102783203
        },
        {
            "objectid": "ZTF24abgvkwg",
            "jd": 2460595.9745139,
            "ranr": 122.5186406,
            "decnr": 46.1922122,
            "fid": 1,
            "forcediffimflux": 634.7273559570312,
            "forcediffimfluxunc": 27.819156646728516,
            "magzpsci": 26.31100082397461
        },
        {
            "objectid": "ZTF24abgvkwg",
            "jd": 2460596.0090394,
            "ranr": -99999.0,
            "decnr": -99999.0,
            "fid": 2,
            "forcediffimflux": -99999.0,
            "forcediffimfluxunc": -99999.0,
            "magzpsci": 26.306100845336914
        },
        {
            "objectid": "ZTF24abgvkwg",
            "jd": 2460597.9701736,
            "ranr": -99999.0,
            "decnr": -99999.0,
            "fid": 1,
            "forcediffimflux": -99999.0,
            "forcediffimfluxunc": -99999.0,
            "magzpsci": 26.338600158691406
        },
        {
            "objectid": "ZTF24abgvkwg",
            "jd": 2460598.014294,
            "ranr": -99999.0,
            "decnr": -99999.0,
            "fid": 2,
            "forcediffimflux": -99999.0,
            "forcediffimfluxunc": -99999.0,
            "magzpsci": 26.3257999420166
        },
        {
            "objectid": "ZTF24abgvkwg",
            "jd": 2460599.9489815,
            "ranr": -99999.0,
            "decnr": -99999.0,
            "fid": 2,
            "forcediffimflux": -99999.0,
            "forcediffimfluxunc": -99999.0,
            "magzpsci": 26.289199829101562
        },
        {
            "objectid": "ZTF24abgvkwg",
            "jd": 2460599.9765856,
            "ranr": -99999.0,
            "decnr": -99999.0,
            "fid": 1,
            "forcediffimflux": -99999.0,
            "forcediffimfluxunc": -99999.0,
            "magzpsci": 26.29400062561035
        },
        {
            "objectid": "ZTF24abgvkwg",
            "jd": 2460599.9976852,
            "ranr": 122.5186406,
            "decnr": 46.1922122,
            "fid": 1,
            "forcediffimflux": 614.359375,
            "forcediffimfluxunc": 50.70847702026367,
            "magzpsci": 26.321199417114258
        },
        {
            "objectid": "ZTF24abgvkwg",
            "jd": 2460602.946875,
            "ranr": -99999.0,
            "decnr": -99999.0,
            "fid": 1,
            "forcediffimflux": -99999.0,
            "forcediffimfluxunc": -99999.0,
            "magzpsci": 26.292400360107422
        },
        {
            "objectid": "ZTF24abgvkwg",
            "jd": 2460603.0096875,
            "ranr": 122.5194947,
            "decnr": 46.1922631,
            "fid": 2,
            "forcediffimflux": 924.9978637695312,
            "forcediffimfluxunc": 73.1220474243164,
            "magzpsci": 26.307199478149414
        },
        {
            "objectid": "ZTF24abgvkwg",
            "jd": 2460604.8899306,
            "ranr": 122.5186406,
            "decnr": 46.1922122,
            "fid": 1,
            "forcediffimflux": 520.961181640625,
            "forcediffimfluxunc": 50.1765022277832,
            "magzpsci": 26.209299087524414
        },
        {
            "objectid": "ZTF24abgvkwg",
            "jd": 2460604.926794,
            "ranr": -99999.0,
            "decnr": -99999.0,
            "fid": 2,
            "forcediffimflux": -99999.0,
            "forcediffimfluxunc": -99999.0,
            "magzpsci": 26.303199768066406
        },
        {
            "objectid": "ZTF24abgvkwg",
            "jd": 2460604.9523264,
            "ranr": 122.5194947,
            "decnr": 46.1922631,
            "fid": 2,
            "forcediffimflux": 1197.6572265625,
            "forcediffimfluxunc": 42.71865463256836,
            "magzpsci": 26.316699981689453
        },
        {
            "objectid": "ZTF24abgvkwg",
            "jd": 2460606.9362616,
            "ranr": -99999.0,
            "decnr": -99999.0,
            "fid": 1,
            "forcediffimflux": -99999.0,
            "forcediffimfluxunc": -99999.0,
            "magzpsci": 26.307300567626953
        },
        {
            "objectid": "ZTF24abgvkwg",
            "jd": 2460606.9743171,
            "ranr": -99999.0,
            "decnr": -99999.0,
            "fid": 2,
            "forcediffimflux": -99999.0,
            "forcediffimfluxunc": -99999.0,
            "magzpsci": 26.289499282836914
        },
        {
            "objectid": "ZTF24abgvkwg",
            "jd": 2460608.9705093,
            "ranr": -99999.0,
            "decnr": -99999.0,
            "fid": 1,
            "forcediffimflux": -99999.0,
            "forcediffimfluxunc": -99999.0,
            "magzpsci": 26.36479949951172
        },
        {
            "objectid": "ZTF24abgvkwg",
            "jd": 2460608.9853704,
            "ranr": 122.5186406,
            "decnr": 46.1922122,
            "fid": 1,
            "forcediffimflux": 514.6043701171875,
            "forcediffimfluxunc": 32.79425811767578,
            "magzpsci": 26.346399307250977
        },
        {
            "objectid": "ZTF24abgvkwg",
            "jd": 2460609.0124306,
            "ranr": -99999.0,
            "decnr": -99999.0,
            "fid": 2,
            "forcediffimflux": -99999.0,
            "forcediffimfluxunc": -99999.0,
            "magzpsci": 26.30940055847168
        },
        {
            "objectid": "ZTF24abgvkwg",
            "jd": 2460610.9309259,
            "ranr": -99999.0,
            "decnr": -99999.0,
            "fid": 1,
            "forcediffimflux": -99999.0,
            "forcediffimfluxunc": -99999.0,
            "magzpsci": 26.041400909423828
        },
        {
            "objectid": "ZTF24abgvkwg",
            "jd": 2460610.9895718,
            "ranr": 122.5194947,
            "decnr": 46.1922631,
            "fid": 2,
            "forcediffimflux": 1100.4898681640625,
            "forcediffimfluxunc": 37.55556106567383,
            "magzpsci": 26.301000595092773
        },
        {
            "objectid": "ZTF24abgvkwg",
            "jd": 2460614.9687037,
            "ranr": -99999.0,
            "decnr": -99999.0,
            "fid": 2,
            "forcediffimflux": -99999.0,
            "forcediffimfluxunc": -99999.0,
            "magzpsci": 26.29330062866211
        },
        {
            "objectid": "ZTF24abgvkwg",
            "jd": 2460614.9729861,
            "ranr": 122.5194947,
            "decnr": 46.1922631,
            "fid": 2,
            "forcediffimflux": 1062.3670654296875,
            "forcediffimfluxunc": 34.08773422241211,
            "magzpsci": 26.318700790405273
        },
        {
            "objectid": "ZTF24abgvkwg",
            "jd": 2460615.0109259,
            "ranr": -99999.0,
            "decnr": -99999.0,
            "fid": 1,
            "forcediffimflux": -99999.0,
            "forcediffimfluxunc": -99999.0,
            "magzpsci": 26.34040069580078
        },
        {
            "objectid": "ZTF24abgvkwg",
            "jd": 2460618.8422685,
            "ranr": -99999.0,
            "decnr": -99999.0,
            "fid": 2,
            "forcediffimflux": -99999.0,
            "forcediffimfluxunc": -99999.0,
            "magzpsci": 26.20840072631836
        },
        {
            "objectid": "ZTF24abgvkwg",
            "jd": 2460621.0274884,
            "ranr": -99999.0,
            "decnr": -99999.0,
            "fid": 2,
            "forcediffimflux": -99999.0,
            "forcediffimfluxunc": -99999.0,
            "magzpsci": 25.808900833129883
        },
        {
            "objectid": "ZTF24abgvkwg",
            "jd": 2460622.9776968,
            "ranr": -99999.0,
            "decnr": -99999.0,
            "fid": 1,
            "forcediffimflux": -99999.0,
            "forcediffimfluxunc": -99999.0,
            "magzpsci": 26.356599807739258
        },
        {
            "objectid": "ZTF24abgvkwg",
            "jd": 2460623.9784259,
            "ranr": 122.5186406,
            "decnr": 46.1922122,
            "fid": 1,
            "forcediffimflux": 368.09454345703125,
            "forcediffimfluxunc": 32.44863510131836,
            "magzpsci": 26.34309959411621
        },
        {
            "objectid": "ZTF24abgvkwg",
            "jd": 2460624.0118171,
            "ranr": 122.5194947,
            "decnr": 46.1922631,
            "fid": 2,
            "forcediffimflux": 896.7542114257812,
            "forcediffimfluxunc": 42.603816986083984,
            "magzpsci": 26.324800491333008
        },
        {
            "objectid": "ZTF24abgvkwg",
            "jd": 2460624.9773611,
            "ranr": -99999.0,
            "decnr": -99999.0,
            "fid": 1,
            "forcediffimflux": -99999.0,
            "forcediffimfluxunc": -99999.0,
            "magzpsci": 26.29439926147461
        },
        {
            "objectid": "ZTF24abgvkwg",
            "jd": 2460625.0289699,
            "ranr": -99999.0,
            "decnr": -99999.0,
            "fid": 2,
            "forcediffimflux": -99999.0,
            "forcediffimfluxunc": -99999.0,
            "magzpsci": 26.31170082092285
        },
        {
            "objectid": "ZTF24abgvkwg",
            "jd": 2460627.9998495,
            "ranr": -99999.0,
            "decnr": -99999.0,
            "fid": 1,
            "forcediffimflux": -99999.0,
            "forcediffimfluxunc": -99999.0,
            "magzpsci": 26.371000289916992
        },
        {
            "objectid": "ZTF24abgvkwg",
            "jd": 2460628.0121296,
            "ranr": -99999.0,
            "decnr": -99999.0,
            "fid": 2,
            "forcediffimflux": -99999.0,
            "forcediffimfluxunc": -99999.0,
            "magzpsci": 26.31679916381836
        },
        {
            "objectid": "ZTF24abgvkwg",
            "jd": 2460628.9879977,
            "ranr": -99999.0,
            "decnr": -99999.0,
            "fid": 2,
            "forcediffimflux": -99999.0,
            "forcediffimfluxunc": -99999.0,
            "magzpsci": 26.3085994720459
        },
        {
            "objectid": "ZTF24abgvkwg",
            "jd": 2460629.0359028,
            "ranr": -99999.0,
            "decnr": -99999.0,
            "fid": 1,
            "forcediffimflux": -99999.0,
            "forcediffimfluxunc": -99999.0,
            "magzpsci": 26.36389923095703
        },
        {
            "objectid": "ZTF24abgvkwg",
            "jd": 2460631.9504977,
            "ranr": 122.5186406,
            "decnr": 46.1922122,
            "fid": 1,
            "forcediffimflux": 304.32147216796875,
            "forcediffimfluxunc": 81.6019287109375,
            "magzpsci": 26.336299896240234
        },
        {
            "objectid": "ZTF24abgvkwg",
            "jd": 2460632.8719213,
            "ranr": -99999.0,
            "decnr": -99999.0,
            "fid": 1,
            "forcediffimflux": -99999.0,
            "forcediffimfluxunc": -99999.0,
            "magzpsci": 26.30660057067871
        },
        {
            "objectid": "ZTF24abgvkwg",
            "jd": 2460634.9291551,
            "ranr": 122.5186406,
            "decnr": 46.1922122,
            "fid": 1,
            "forcediffimflux": 284.0250549316406,
            "forcediffimfluxunc": 71.42868041992188,
            "magzpsci": 26.258899688720703
        },
        {
            "objectid": "ZTF24abgvkwg",
            "jd": 2460634.9489931,
            "ranr": 122.5194947,
            "decnr": 46.1922631,
            "fid": 2,
            "forcediffimflux": 810.0253295898438,
            "forcediffimfluxunc": 63.76313018798828,
            "magzpsci": 26.309799194335938
        },
        {
            "objectid": "ZTF24abgvkwg",
            "jd": 2460637.8840856,
            "ranr": -99999.0,
            "decnr": -99999.0,
            "fid": 2,
            "forcediffimflux": -99999.0,
            "forcediffimfluxunc": -99999.0,
            "magzpsci": 26.2908992767334
        },
        {
            "objectid": "ZTF24abgvkwg",
            "jd": 2460637.9347917,
            "ranr": -99999.0,
            "decnr": -99999.0,
            "fid": 1,
            "forcediffimflux": -99999.0,
            "forcediffimfluxunc": -99999.0,
            "magzpsci": 26.345800399780273
        },
        {
            "objectid": "ZTF24abgvkwg",
            "jd": 2460640.8243056,
            "ranr": -99999.0,
            "decnr": -99999.0,
            "fid": 1,
            "forcediffimflux": -99999.0,
            "forcediffimfluxunc": -99999.0,
            "magzpsci": 26.28059959411621
        },
        {
            "objectid": "ZTF24abgvkwg",
            "jd": 2460640.9460417,
            "ranr": -99999.0,
            "decnr": -99999.0,
            "fid": 2,
            "forcediffimflux": -99999.0,
            "forcediffimfluxunc": -99999.0,
            "magzpsci": 26.297399520874023
        },
        {
            "objectid": "ZTF24abgvkwg",
            "jd": 2460644.8641782,
            "ranr": -99999.0,
            "decnr": -99999.0,
            "fid": 1,
            "forcediffimflux": -99999.0,
            "forcediffimfluxunc": -99999.0,
            "magzpsci": 26.05660057067871
        },
        {
            "objectid": "ZTF24abgvkwg",
            "jd": 2460644.89375,
            "ranr": 122.5186406,
            "decnr": 46.1922122,
            "fid": 1,
            "forcediffimflux": 288.4956970214844,
            "forcediffimfluxunc": 28.552671432495117,
            "magzpsci": 26.333200454711914
        },
        {
            "objectid": "ZTF24abgvkwg",
            "jd": 2460644.969919,
            "ranr": -99999.0,
            "decnr": -99999.0,
            "fid": 2,
            "forcediffimflux": -99999.0,
            "forcediffimfluxunc": -99999.0,
            "magzpsci": 26.308900833129883
        },
        {
            "objectid": "ZTF24abgvkwg",
            "jd": 2460647.9308912,
            "ranr": -99999.0,
            "decnr": -99999.0,
            "fid": 2,
            "forcediffimflux": -99999.0,
            "forcediffimfluxunc": -99999.0,
            "magzpsci": 25.97369956970215
        },
        {
            "objectid": "ZTF24abgvkwg",
            "jd": 2460649.9346065,
            "ranr": -99999.0,
            "decnr": -99999.0,
            "fid": 1,
            "forcediffimflux": -99999.0,
            "forcediffimfluxunc": -99999.0,
            "magzpsci": 26.339500427246094
        },
        {
            "objectid": "ZTF24abgvkwg",
            "jd": 2460649.9715509,
            "ranr": -99999.0,
            "decnr": -99999.0,
            "fid": 2,
            "forcediffimflux": -99999.0,
            "forcediffimfluxunc": -99999.0,
            "magzpsci": 26.30299949645996
        },
        {
            "objectid": "ZTF24abgvkwg",
            "jd": 2460651.9480787,
            "ranr": -99999.0,
            "decnr": -99999.0,
            "fid": 2,
            "forcediffimflux": -99999.0,
            "forcediffimfluxunc": -99999.0,
            "magzpsci": 26.308000564575195
        },
        {
            "objectid": "ZTF24abgvkwg",
            "jd": 2460651.9910995,
            "ranr": -99999.0,
            "decnr": -99999.0,
            "fid": 1,
            "forcediffimflux": -99999.0,
            "forcediffimfluxunc": -99999.0,
            "magzpsci": 26.29990005493164
        },
        {
            "objectid": "ZTF24abgvkwg",
            "jd": 2460653.7624074,
            "ranr": -99999.0,
            "decnr": -99999.0,
            "fid": 2,
            "forcediffimflux": -99999.0,
            "forcediffimfluxunc": -99999.0,
            "magzpsci": 26.265199661254883
        },
        {
            "objectid": "ZTF24abgvkwg",
            "jd": 2460653.7633449,
            "ranr": 122.5194947,
            "decnr": 46.1922631,
            "fid": 2,
            "forcediffimflux": 527.5856323242188,
            "forcediffimfluxunc": 51.89459228515625,
            "magzpsci": 26.27669906616211
        },
        {
            "objectid": "ZTF24abgvkwg",
            "jd": 2460653.8259838,
            "ranr": 122.5186406,
            "decnr": 46.1922122,
            "fid": 1,
            "forcediffimflux": 154.13531494140625,
            "forcediffimfluxunc": 38.00080490112305,
            "magzpsci": 26.308300018310547
        },
        {
            "objectid": "ZTF24abgvkwg",
            "jd": 2460655.7122685,
            "ranr": 122.5186406,
            "decnr": 46.1922122,
            "fid": 1,
            "forcediffimflux": 81.55567932128906,
            "forcediffimfluxunc": 113.95426940917969,
            "magzpsci": 25.851600646972656
        },
        {
            "objectid": "ZTF24abgvkwg",
            "jd": 2460655.8804282,
            "ranr": -99999.0,
            "decnr": -99999.0,
            "fid": 2,
            "forcediffimflux": -99999.0,
            "forcediffimfluxunc": -99999.0,
            "magzpsci": 26.201099395751953
        },
        {
            "objectid": "ZTF24abgvkwg",
            "jd": 2460659.9715509,
            "ranr": 122.5194947,
            "decnr": 46.1922631,
            "fid": 2,
            "forcediffimflux": 619.5509643554688,
            "forcediffimfluxunc": 95.51085662841797,
            "magzpsci": 26.26930046081543
        },
        {
            "objectid": "ZTF24abgvkwg",
            "jd": 2460664.7813773,
            "ranr": 122.5186406,
            "decnr": 46.1922122,
            "fid": 1,
            "forcediffimflux": 67.3650894165039,
            "forcediffimfluxunc": 43.58680725097656,
            "magzpsci": 26.297000885009766
        },
        {
            "objectid": "ZTF24abgvkwg",
            "jd": 2460664.8847801,
            "ranr": 122.5194947,
            "decnr": 46.1922631,
            "fid": 2,
            "forcediffimflux": 351.1752014160156,
            "forcediffimfluxunc": 38.24633026123047,
            "magzpsci": 26.332300186157227
        },
        {
            "objectid": "ZTF24abgvkwg",
            "jd": 2460666.7057755,
            "ranr": -99999.0,
            "decnr": -99999.0,
            "fid": 1,
            "forcediffimflux": -99999.0,
            "forcediffimfluxunc": -99999.0,
            "magzpsci": 26.118900299072266
        }
    ]
}