{
    "objectId": "ZTF21aamwqim",
    "candidates": [
        {
            "candid": 1512376650415015004,
            "jd": 2459266.8766551,
            "ra": 186.1861354,
            "dec": -4.7686519,
            "fid": 2,
            "nid": 1512,
            "magpsf": 20.1658992767334,
            "sigmapsf": 0.28707900643348694,
            "magnr": 20.267000198364258,
            "sigmagnr": 0.1080000028014183,
            "magzpsci": 26.291900634765625,
            "isdiffpos": "t",
            "ssdistnr": null,
            "ssnamenr": null,
            "drb": null
        },
        {
            "candid": 1514436500415015003,
            "jd": 2459268.9365046,
            "ra": 186.186087,
            "dec": -4.7685992,
            "fid": 1,
            "nid": 1514,
            "magpsf": 19.902000427246094,
            "sigmapsf": 0.18429499864578247,
            "magnr": 20.77400016784668,
            "sigmagnr": 0.09099999815225601,
            "magzpsci": 26.371999740600586,
            "isdiffpos": "t",
            "ssdistnr": null,
            "ssnamenr": null,
            "drb": null
        },
        {
            "candid": 1516387250415015004,
            "jd": 2459270.8872569,
            "ra": 186.1862013,
            "dec": -4.7685507,
            "fid": 2,
            "nid": 1516,
            "magpsf": 19.353200912475586,
            "sigmapsf": 0.18786199390888214,
            "magnr": 20.267000198364258,
            "sigmagnr": 0.1080000028014183,
            "magzpsci": 26.294200897216797,
            "isdiffpos": "t",
            "ssdistnr": null,
            "ssnamenr": null,
            "drb": null
        },
        {
            "candid": 1518316770415015001,
            "jd": 2459272.8167708,
            "ra": 186.1861682,
            "dec": -4.7685235,
            "fid": 2,
            "nid": 1518,
            "magpsf": 19.080799102783203,
            "sigmapsf": 0.20782800018787384,
            "magnr": 20.267000198364258,
            "sigmagnr": 0.1080000028014183,
            "magzpsci": 26.284799575805664,
            "isdiffpos": "t",
            "ssdistnr": null,
            "ssnamenr": null,
            "drb": null
        },
        {
            "candid": 1522355410415015003,
            "jd": 2459276.8554167,
            "ra": 186.186131,
            "dec": -4.7685636,
            "fid": 2,
            "nid": 1522,
            "magpsf": 18.60770034790039,
            "sigmapsf": 0.09267500042915344,
            "magnr": 20.267000198364258,
            "sigmagnr": 0.1080000028014183,
            "magzpsci": 26.277700424194336,
            "isdiffpos": "t",
            "ssdistnr": null,
            "ssnamenr": null,
            "drb": null
        },
        {
            "candid": 1522420020415015005,
            "jd": 2459276.9200231,
            "ra": 186.1860942,
            "dec": -4.7686065,
            "fid": 1,
            "nid": 1522,
            "magpsf": 18.947599411010742,
            "sigmapsf": 0.1450520008802414,
            "magnr": 20.77400016784668,
            "sigmagnr": 0.09099999815225601,
            "magzpsci": 26.349599838256836,
            "isdiffpos": "t",
            "ssdistnr": null,
            "ssnamenr": null,
            "drb": null
        },
        {
            "candid": 1526285500415015005,
            "jd": 2459280.7855093,
            "ra": 186.1860942,
            "dec": -4.7685857,
            "fid": 2,
            "nid": 1526,
            "magpsf": 18.351720809936523,
            "sigmapsf": 0.04938900098204613,
            "magnr": 20.267000198364258,
            "sigmagnr": 0.1080000028014183,
            "magzpsci": 26.26572036743164,
            "isdiffpos": "t",
            "ssdistnr": -999.0,
            "ssnamenr": "null",
            "drb": null
        },
        {
            "candid": 1526285500415025005,
            "jd": 2459280.7855093,
            "ra": 186.1860942,
            "dec": -4.7685857,
            "fid": 2,
            "nid": 1526,
            "magpsf": 18.351699829101562,
            "sigmapsf": 0.04938900098204613,
            "magnr": 20.267000198364258,
            "sigmagnr": 0.1080000028014183,
            "magzpsci": 26.26569938659668,
            "isdiffpos": "t",
            "ssdistnr": null,
            "ssnamenr": null,
            "drb": null
        },
        {
            "candid": 1536328320415015005,
            "jd": 2459290.8283218,
            "ra": 186.1860971,
            "dec": -4.7685654,
            "fid": 1,
            "nid": 1536,
            "magpsf": 19.729400634765625,
            "sigmapsf": 0.11740200221538544,
            "magnr": 20.77400016784668,
            "sigmagnr": 0.09099999815225601,
            "magzpsci": 26.35140037536621,
            "isdiffpos": "t",
            "ssdistnr": null,
            "ssnamenr": null,
            "drb": null
        },
        {
            "candid": 1536339570415015005,
            "jd": 2459290.8395718,
            "ra": 186.186104,
            "dec": -4.7685892,
            "fid": 2,
            "nid": 1536,
            "magpsf": 18.54560089111328,
            "sigmapsf": 0.07090499997138977,
            "magnr": 20.267000198364258,
            "sigmagnr": 0.1080000028014183,
            "magzpsci": 26.29159927368164,
            "isdiffpos": "t",
            "ssdistnr": null,
            "ssnamenr": null,
            "drb": null
        },
        {
            "candid": 1538354460415015008,
            "jd": 2459292.8544676,
            "ra": 186.18611,
            "dec": -4.7685873,
            "fid": 2,
            "nid": 1538,
            "magpsf": 18.662599563598633,
            "sigmapsf": 0.06756799668073654,
            "magnr": 20.267000198364258,
            "sigmagnr": 0.1080000028014183,
            "magzpsci": 26.24959945678711,
            "isdiffpos": "t",
            "ssdistnr": null,
            "ssnamenr": null,
            "drb": null
        },
        {
            "candid": 1541236850415015002,
            "jd": 2459295.7368519,
            "ra": 186.1861316,
            "dec": -4.7685638,
            "fid": 2,
            "nid": 1541,
            "magpsf": 18.794099807739258,
            "sigmapsf": 0.10245499759912491,
            "magnr": 20.267000198364258,
            "sigmagnr": 0.1080000028014183,
            "magzpsci": 26.174100875854492,
            "isdiffpos": "t",
            "ssdistnr": null,
            "ssnamenr": null,
            "drb": null
        },
        {
            "candid": 1541273290415015001,
            "jd": 2459295.7732986,
            "ra": 186.18645,
            "dec": -4.7686781,
            "fid": 1,
            "nid": 1541,
            "magpsf": 19.850099563598633,
            "sigmapsf": 0.29159098863601685,
            "magnr": 20.77400016784668,
            "sigmagnr": 0.09099999815225601,
            "magzpsci": 26.239099502563477,
            "isdiffpos": "t",
            "ssdistnr": null,
            "ssnamenr": null,
            "drb": null
        },
        {
            "candid": 1543273510415015004,
            "jd": 2459297.7735185,
            "ra": 186.1861024,
            "dec": -4.7686115,
            "fid": 2,
            "nid": 1543,
            "magpsf": 18.766599655151367,
            "sigmapsf": 0.09384600073099136,
            "magnr": 20.267000198364258,
            "sigmagnr": 0.1080000028014183,
            "magzpsci": 26.207599639892578,
            "isdiffpos": "t",
            "ssdistnr": null,
            "ssnamenr": null,
            "drb": null
        },
        {
            "candid": 1549335450415015001,
            "jd": 2459303.8354514,
            "ra": 186.1861197,
            "dec": -4.7685278,
            "fid": 2,
            "nid": 1549,
            "magpsf": 19.22369956970215,
            "sigmapsf": 0.16794699430465698,
            "magnr": 20.267000198364258,
            "sigmagnr": 0.1080000028014183,
            "magzpsci": 26.26569938659668,
            "isdiffpos": "t",
            "ssdistnr": null,
            "ssnamenr": null,
            "drb": null
        },
        {
            "candid": 1553452630415015003,
            "jd": 2459307.9526389,
            "ra": 186.1861043,
            "dec": -4.7686096,
            "fid": 2,
            "nid": 1553,
            "magpsf": 19.372299194335938,
            "sigmapsf": 0.1435060054063797,
            "magnr": 20.267000198364258,
            "sigmagnr": 0.1080000028014183,
            "magzpsci": 26.176300048828125,
            "isdiffpos": "t",
            "ssdistnr": null,
            "ssnamenr": null,
            "drb": null
        },
        {
            "candid": 1555275910415015004,
            "jd": 2459309.7759144,
            "ra": 186.1861487,
            "dec": -4.7686115,
            "fid": 2,
            "nid": 1555,
            "magpsf": 19.457199096679688,
            "sigmapsf": 0.08591700345277786,
            "magnr": 20.267000198364258,
            "sigmagnr": 0.1080000028014183,
            "magzpsci": 26.28019905090332,
            "isdiffpos": "t",
            "ssdistnr": null,
            "ssnamenr": null,
            "drb": null
        },
        {
            "candid": 1557312740415015008,
            "jd": 2459311.8127431,
            "ra": 186.1860764,
            "dec": -4.7685439,
            "fid": 2,
            "nid": 1557,
            "magpsf": 19.543699264526367,
            "sigmapsf": 0.11007899791002274,
            "magnr": 20.267000198364258,
            "sigmagnr": 0.1080000028014183,
            "magzpsci": 26.262699127197266,
            "isdiffpos": "t",
            "ssdistnr": null,
            "ssnamenr": null,
            "drb": null
        },
        {
            "candid": 1559253290415015006,
            "jd": 2459313.7532986,
            "ra": 186.186186,
            "dec": -4.7685607,
            "fid": 1,
            "nid": 1559,
            "magpsf": 20.837600708007812,
            "sigmapsf": 0.3568660020828247,
            "magnr": 20.77400016784668,
            "sigmagnr": 0.09099999815225601,
            "magzpsci": 26.224599838256836,
            "isdiffpos": "t",
            "ssdistnr": null,
            "ssnamenr": null,
            "drb": null
        },
        {
            "candid": 1559299360415015003,
            "jd": 2459313.7993634,
            "ra": 186.1861137,
            "dec": -4.7685997,
            "fid": 2,
            "nid": 1559,
            "magpsf": 19.573299407958984,
            "sigmapsf": 0.20474499464035034,
            "magnr": 20.267000198364258,
            "sigmagnr": 0.1080000028014183,
            "magzpsci": 25.755300521850586,
            "isdiffpos": "t",
            "ssdistnr": null,
            "ssnamenr": null,
            "drb": null
        },
        {
            "candid": 1563331300415015006,
            "jd": 2459317.8313079,
            "ra": 186.1861096,
            "dec": -4.7686403,
            "fid": 2,
            "nid": 1563,
            "magpsf": 19.798599243164062,
            "sigmapsf": 0.13700400292873383,
            "magnr": 20.267000198364258,
            "sigmagnr": 0.1080000028014183,
            "magzpsci": 26.253599166870117,
            "isdiffpos": "t",
            "ssdistnr": null,
            "ssnamenr": null,
            "drb": null
        },
        {
            "candid": 1563331300415025006,
            "jd": 2459317.8313079,
            "ra": 186.1861096,
            "dec": -4.7686403,
            "fid": 2,
            "nid": 1563,
            "magpsf": 19.798599243164062,
            "sigmapsf": 0.13700400292873383,
            "magnr": 20.267000198364258,
            "sigmagnr": 0.1080000028014183,
            "magzpsci": 26.253599166870117,
            "isdiffpos": "t",
            "ssdistnr": null,
            "ssnamenr": null,
            "drb": null
        },
        {
            "candid": 1569277900415015005,
            "jd": 2459323.7779051,
            "ra": 186.185984,
            "dec": -4.7685133,
            "fid": 1,
            "nid": 1569,
            "magpsf": 20.70549964904785,
            "sigmapsf": 0.3281959891319275,
            "magnr": 20.77400016784668,
            "sigmagnr": 0.09099999815225601,
            "magzpsci": 26.28350067138672,
            "isdiffpos": "t",
            "ssdistnr": null,
            "ssnamenr": null,
            "drb": null
        },
        {
            "candid": 1569315570415015004,
            "jd": 2459323.8155787,
            "ra": 186.1860703,
            "dec": -4.7685888,
            "fid": 2,
            "nid": 1569,
            "magpsf": 19.889699935913086,
            "sigmapsf": 0.153672993183136,
            "magnr": 20.267000198364258,
            "sigmagnr": 0.1080000028014183,
            "magzpsci": 26.242700576782227,
            "isdiffpos": "t",
            "ssdistnr": null,
            "ssnamenr": null,
            "drb": null
        },
        {
            "candid": 1580211600415015004,
            "jd": 2459334.7116088,
            "ra": 186.1861463,
            "dec": -4.7686196,
            "fid": 1,
            "nid": 1580,
            "magpsf": 21.050500869750977,
            "sigmapsf": 0.2701059877872467,
            "magnr": 20.77400016784668,
            "sigmagnr": 0.09099999815225601,
            "magzpsci": 26.304500579833984,
            "isdiffpos": "t",
            "ssdistnr": null,
            "ssnamenr": null,
            "drb": null
        },
        {
            "candid": 1580268920415015004,
            "jd": 2459334.7689236,
            "ra": 186.1861479,
            "dec": -4.7686298,
            "fid": 2,
            "nid": 1580,
            "magpsf": 20.187000274658203,
            "sigmapsf": 0.1866140067577362,
            "magnr": 20.267000198364258,
            "sigmagnr": 0.1080000028014183,
            "magzpsci": 26.23900032043457,
            "isdiffpos": "t",
            "ssdistnr": null,
            "ssnamenr": null,
            "drb": null
        },
        {
            "candid": 1582311010415015007,
            "jd": 2459336.8110185,
            "ra": 186.1860664,
            "dec": -4.7686186,
            "fid": 2,
            "nid": 1582,
            "magpsf": 20.288089752197266,
            "sigmapsf": 0.187172994017601,
            "magnr": 20.267000198364258,
            "sigmagnr": 0.1080000028014183,
            "magzpsci": 26.20808982849121,
            "isdiffpos": "t",
            "ssdistnr": -999.0,
            "ssnamenr": "null",
            "drb": null
        },
        {
            "candid": 1582311010415025007,
            "jd": 2459336.8110185,
            "ra": 186.1860664,
            "dec": -4.7686186,
            "fid": 2,
            "nid": 1582,
            "magpsf": 20.28809928894043,
            "sigmapsf": 0.187172994017601,
            "magnr": 20.267000198364258,
            "sigmagnr": 0.1080000028014183,
            "magzpsci": 26.208099365234375,
            "isdiffpos": "t",
            "ssdistnr": null,
            "ssnamenr": null,
            "drb": null
        },
        {
            "candid": 1582311010415035007,
            "jd": 2459336.8110185,
            "ra": 186.1860664,
            "dec": -4.7686186,
            "fid": 2,
            "nid": 1582,
            "magpsf": 20.28809928894043,
            "sigmapsf": 0.187172994017601,
            "magnr": 20.267000198364258,
            "sigmagnr": 0.1080000028014183,
            "magzpsci": 26.208099365234375,
            "isdiffpos": "t",
            "ssdistnr": null,
            "ssnamenr": null,
            "drb": null
        },
        {
            "candid": 1584232480415015004,
            "jd": 2459338.7324884,
            "ra": 186.1860295,
            "dec": -4.7685587,
            "fid": 2,
            "nid": 1584,
            "magpsf": 20.077299118041992,
            "sigmapsf": 0.16069699823856354,
            "magnr": 20.267000198364258,
            "sigmagnr": 0.1080000028014183,
            "magzpsci": 26.238300323486328,
            "isdiffpos": "t",
            "ssdistnr": null,
            "ssnamenr": null,
            "drb": null
        },
        {
            "candid": 1588274600415015002,
            "jd": 2459342.7746065,
            "ra": 186.1861653,
            "dec": -4.7687017,
            "fid": 2,
            "nid": 1588,
            "magpsf": 20.260099411010742,
            "sigmapsf": 0.21494700014591217,
            "magnr": 20.267000198364258,
            "sigmagnr": 0.1080000028014183,
            "magzpsci": 26.19809913635254,
            "isdiffpos": "t",
            "ssdistnr": null,
            "ssnamenr": null,
            "drb": null
        },
        {
            "candid": 1590246720415015004,
            "jd": 2459344.7467245,
            "ra": 186.1861258,
            "dec": -4.7685919,
            "fid": 2,
            "nid": 1590,
            "magpsf": 20.297639846801758,
            "sigmapsf": 0.19356299936771393,
            "magnr": 20.267000198364258,
            "sigmagnr": 0.1080000028014183,
            "magzpsci": 26.21664047241211,
            "isdiffpos": "t",
            "ssdistnr": -999.0,
            "ssnamenr": "null",
            "drb": null
        },
        {
            "jd": 2459249.9134,
            "fid": 2,
            "diffmaglim": 19.687999725341797
        },
        {
            "jd": 2459249.9134028,
            "fid": 2,
            "diffmaglim": 19.688100814819336
        },
        {
            "jd": 2459249.9406366,
            "fid": 1,
            "diffmaglim": 19.64080047607422
        },
        {
            "jd": 2459249.94064,
            "fid": 1,
            "diffmaglim": 19.641000747680664
        },
        {
            "jd": 2459251.9194097,
            "fid": 1,
            "diffmaglim": 20.455799102783203
        },
        {
            "jd": 2459251.91941,
            "fid": 1,
            "diffmaglim": 20.45599937438965
        },
        {
            "jd": 2459251.962338,
            "fid": 2,
            "diffmaglim": 20.371200561523438
        },
        {
            "jd": 2459251.96234,
            "fid": 2,
            "diffmaglim": 20.371000289916992
        },
        {
            "jd": 2459253.87951,
            "fid": 1,
            "diffmaglim": 20.33099937438965
        },
        {
            "jd": 2459253.8795139,
            "fid": 1,
            "diffmaglim": 20.33139991760254
        },
        {
            "jd": 2459253.9875,
            "fid": 2,
            "diffmaglim": 20.55500030517578
        },
        {
            "jd": 2459255.8774306,
            "fid": 1,
            "diffmaglim": 20.77669906616211
        },
        {
            "jd": 2459255.9184028,
            "fid": 2,
            "diffmaglim": 20.48150062561035
        },
        {
            "jd": 2459257.8795139,
            "fid": 1,
            "diffmaglim": 19.653499603271484
        },
        {
            "jd": 2459262.8606713,
            "fid": 2,
            "diffmaglim": 20.246000289916992
        },
        {
            "jd": 2459264.8738657,
            "fid": 2,
            "diffmaglim": 20.610300064086914
        },
        {
            "jd": 2459268.9159954,
            "fid": 2,
            "diffmaglim": 20.07360076904297
        },
        {
            "jd": 2459270.899919,
            "fid": 1,
            "diffmaglim": 19.39739990234375
        },
        {
            "jd": 2459272.908206,
            "fid": 1,
            "diffmaglim": 18.782100677490234
        },
        {
            "jd": 2459297.7976389,
            "fid": 1,
            "diffmaglim": 19.3523006439209
        },
        {
            "jd": 2459303.7934144,
            "fid": 1,
            "diffmaglim": 18.917400360107422
        },
        {
            "jd": 2459305.8155671,
            "fid": 1,
            "diffmaglim": 19.483200073242188
        },
        {
            "jd": 2459307.7953588,
            "fid": 1,
            "diffmaglim": 20.61520004272461
        },
        {
            "jd": 2459309.8096181,
            "fid": 1,
            "diffmaglim": 20.29010009765625
        },
        {
            "jd": 2459311.733044,
            "fid": 1,
            "diffmaglim": 19.876699447631836
        },
        {
            "jd": 2459315.7525231,
            "fid": 2,
            "diffmaglim": 16.935199737548828
        },
        {
            "jd": 2459315.7758681,
            "fid": 1,
            "diffmaglim": 18.669099807739258
        },
        {
            "jd": 2459317.7519329,
            "fid": 1,
            "diffmaglim": 20.776100158691406
        },
        {
            "jd": 2459321.752338,
            "fid": 1,
            "diffmaglim": 20.637500762939453
        },
        {
            "jd": 2459321.7979861,
            "fid": 2,
            "diffmaglim": 20.6835994720459
        },
        {
            "jd": 2459325.8265972,
            "fid": 1,
            "diffmaglim": 19.92490005493164
        },
        {
            "jd": 2459336.7568981,
            "fid": 1,
            "diffmaglim": 20.6830997467041
        },
        {
            "jd": 2459338.8126157,
            "fid": 1,
            "diffmaglim": 20.18869972229004
        },
        {
            "jd": 2459340.7290972,
            "fid": 1,
            "diffmaglim": 20.515899658203125
        },
        {
            "jd": 2459342.7327083,
            "fid": 1,
            "diffmaglim": 20.61199951171875
        }
    ],
    "forcedphot": []
}