{
    "objectId": "ZTF23aawyiyk",
    "candidates": [
        {
            "candid": 2414334835215015019,
            "jd": 2460168.834838,
            "ra": 318.382516,
            "dec": -20.9691194,
            "fid": 2,
            "nid": 2414,
            "magpsf": 19.3617000579834,
            "sigmapsf": 0.1209229975938797,
            "magnr": 19.44499969482422,
            "sigmagnr": 0.08799999952316284,
            "magzpsci": 26.198699951171875,
            "isdiffpos": "t",
            "ssdistnr": null,
            "ssnamenr": null,
            "drb": 0.9999885559082031
        },
        {
            "candid": 2414356905215015017,
            "jd": 2460168.8569097,
            "ra": 318.3824833,
            "dec": -20.9691042,
            "fid": 1,
            "nid": 2414,
            "magpsf": 19.042499542236328,
            "sigmapsf": 0.15379099547863007,
            "magnr": 19.965999603271484,
            "sigmagnr": 0.07699999958276749,
            "magzpsci": 26.188499450683594,
            "isdiffpos": "t",
            "ssdistnr": null,
            "ssnamenr": null,
            "drb": null
        },
        {
            "candid": 2416334685215015013,
            "jd": 2460170.8346875,
            "ra": 318.3825091,
            "dec": -20.9690977,
            "fid": 1,
            "nid": 2416,
            "magpsf": 18.519800186157227,
            "sigmapsf": 0.0834449976682663,
            "magnr": 19.965999603271484,
            "sigmagnr": 0.07699999958276749,
            "magzpsci": 26.144800186157227,
            "isdiffpos": "t",
            "ssdistnr": null,
            "ssnamenr": null,
            "drb": null
        },
        {
            "candid": 2416391635215015022,
            "jd": 2460170.8916319,
            "ra": 318.382476,
            "dec": -20.9690879,
            "fid": 2,
            "nid": 2416,
            "magpsf": 18.762500762939453,
            "sigmapsf": 0.09905199706554413,
            "magnr": 19.44499969482422,
            "sigmagnr": 0.08799999952316284,
            "magzpsci": 26.09749984741211,
            "isdiffpos": "t",
            "ssdistnr": null,
            "ssnamenr": null,
            "drb": null
        },
        {
            "candid": 2420314095215015013,
            "jd": 2460174.8140972,
            "ra": 318.3824876,
            "dec": -20.9691172,
            "fid": 1,
            "nid": 2420,
            "magpsf": 18.45599937438965,
            "sigmapsf": 0.10363700240850449,
            "magnr": 19.965999603271484,
            "sigmagnr": 0.07699999958276749,
            "magzpsci": 26.18899917602539,
            "isdiffpos": "t",
            "ssdistnr": null,
            "ssnamenr": null,
            "drb": null
        },
        {
            "candid": 2420388045215015012,
            "jd": 2460174.888044,
            "ra": 318.3824896,
            "dec": -20.9690944,
            "fid": 2,
            "nid": 2420,
            "magpsf": 18.657499313354492,
            "sigmapsf": 0.10796999931335449,
            "magnr": 19.44499969482422,
            "sigmagnr": 0.08799999952316284,
            "magzpsci": 26.137500762939453,
            "isdiffpos": "t",
            "ssdistnr": null,
            "ssnamenr": null,
            "drb": null
        },
        {
            "candid": 2427314965215015013,
            "jd": 2460181.8149653,
            "ra": 318.3824737,
            "dec": -20.9690883,
            "fid": 1,
            "nid": 2427,
            "magpsf": 18.71500015258789,
            "sigmapsf": 0.14230899512767792,
            "magnr": 19.965999603271484,
            "sigmagnr": 0.07699999958276749,
            "magzpsci": 26.20400047302246,
            "isdiffpos": "t",
            "ssdistnr": null,
            "ssnamenr": null,
            "drb": null
        },
        {
            "candid": 2429315235215015005,
            "jd": 2460183.8152315,
            "ra": 318.3825316,
            "dec": -20.9691568,
            "fid": 1,
            "nid": 2429,
            "magpsf": 18.84000015258789,
            "sigmapsf": 0.17568999528884888,
            "magnr": 19.965999603271484,
            "sigmagnr": 0.07699999958276749,
            "magzpsci": 26.209999084472656,
            "isdiffpos": "t",
            "ssdistnr": null,
            "ssnamenr": null,
            "drb": null
        },
        {
            "candid": 2439293025215015019,
            "jd": 2460193.7930208,
            "ra": 318.3825097,
            "dec": -20.9691113,
            "fid": 2,
            "nid": 2439,
            "magpsf": 18.785600662231445,
            "sigmapsf": 0.08630699664354324,
            "magnr": 19.44499969482422,
            "sigmagnr": 0.08799999952316284,
            "magzpsci": 26.13159942626953,
            "isdiffpos": "t",
            "ssdistnr": null,
            "ssnamenr": null,
            "drb": null
        },
        {
            "candid": 2441271955215015014,
            "jd": 2460195.771956,
            "ra": 318.382485,
            "dec": -20.9691142,
            "fid": 2,
            "nid": 2441,
            "magpsf": 18.77050018310547,
            "sigmapsf": 0.1392049938440323,
            "magnr": 19.44499969482422,
            "sigmagnr": 0.08799999952316284,
            "magzpsci": 26.092500686645508,
            "isdiffpos": "t",
            "ssdistnr": null,
            "ssnamenr": null,
            "drb": null
        },
        {
            "candid": 2444252255215015080,
            "jd": 2460198.7522569,
            "ra": 318.3824839,
            "dec": -20.9691259,
            "fid": 2,
            "nid": 2444,
            "magpsf": 18.845500946044922,
            "sigmapsf": 0.08228299766778946,
            "magnr": 19.44499969482422,
            "sigmagnr": 0.08799999952316284,
            "magzpsci": 26.083499908447266,
            "isdiffpos": "t",
            "ssdistnr": null,
            "ssnamenr": null,
            "drb": null
        },
        {
            "candid": 2447252775215015011,
            "jd": 2460201.7527778,
            "ra": 318.3824659,
            "dec": -20.9690873,
            "fid": 2,
            "nid": 2447,
            "magpsf": 19.01449966430664,
            "sigmapsf": 0.12584799528121948,
            "magnr": 19.44499969482422,
            "sigmagnr": 0.08799999952316284,
            "magzpsci": 26.15850067138672,
            "isdiffpos": "t",
            "ssdistnr": null,
            "ssnamenr": null,
            "drb": null
        },
        {
            "candid": 2449230625215015011,
            "jd": 2460203.730625,
            "ra": 318.3824552,
            "dec": -20.9691039,
            "fid": 2,
            "nid": 2449,
            "magpsf": 19.208099365234375,
            "sigmapsf": 0.10522399842739105,
            "magnr": 19.44499969482422,
            "sigmagnr": 0.08799999952316284,
            "magzpsci": 26.177099227905273,
            "isdiffpos": "t",
            "ssdistnr": null,
            "ssnamenr": null,
            "drb": null
        },
        {
            "candid": 2449252395215015017,
            "jd": 2460203.7523958,
            "ra": 318.3824331,
            "dec": -20.9691161,
            "fid": 1,
            "nid": 2449,
            "magpsf": 19.60930061340332,
            "sigmapsf": 0.1292790025472641,
            "magnr": 19.965999603271484,
            "sigmagnr": 0.07699999958276749,
            "magzpsci": 26.171300888061523,
            "isdiffpos": "t",
            "ssdistnr": null,
            "ssnamenr": null,
            "drb": null
        },
        {
            "candid": 2451239105215015017,
            "jd": 2460205.7391088,
            "ra": 318.3824877,
            "dec": -20.9690975,
            "fid": 2,
            "nid": 2451,
            "magpsf": 19.32659912109375,
            "sigmapsf": 0.138032004237175,
            "magnr": 19.44499969482422,
            "sigmagnr": 0.08799999952316284,
            "magzpsci": 26.184600830078125,
            "isdiffpos": "t",
            "ssdistnr": null,
            "ssnamenr": null,
            "drb": null
        },
        {
            "candid": 2451255155215015016,
            "jd": 2460205.7551505,
            "ra": 318.382465,
            "dec": -20.9691311,
            "fid": 1,
            "nid": 2451,
            "magpsf": 19.842899322509766,
            "sigmapsf": 0.23156900703907013,
            "magnr": 19.965999603271484,
            "sigmagnr": 0.07699999958276749,
            "magzpsci": 26.18589973449707,
            "isdiffpos": "t",
            "ssdistnr": null,
            "ssnamenr": null,
            "drb": null
        },
        {
            "candid": 2453210635215015017,
            "jd": 2460207.7106366,
            "ra": 318.3825106,
            "dec": -20.9691521,
            "fid": 1,
            "nid": 2453,
            "magpsf": 19.81089973449707,
            "sigmapsf": 0.2035280019044876,
            "magnr": 19.965999603271484,
            "sigmagnr": 0.07699999958276749,
            "magzpsci": 26.234899520874023,
            "isdiffpos": "t",
            "ssdistnr": null,
            "ssnamenr": null,
            "drb": null
        },
        {
            "candid": 2453295395215015010,
            "jd": 2460207.7953935,
            "ra": 318.3825113,
            "dec": -20.9690671,
            "fid": 2,
            "nid": 2453,
            "magpsf": 19.39171028137207,
            "sigmapsf": 0.1429409235715866,
            "magnr": 19.44499969482422,
            "sigmagnr": 0.08799999952316284,
            "magzpsci": 26.16071128845215,
            "isdiffpos": "t",
            "ssdistnr": -999.0,
            "ssnamenr": "null",
            "drb": null
        },
        {
            "jd": 2460138.911875,
            "fid": 1,
            "diffmaglim": 19.788299560546875
        },
        {
            "jd": 2460138.9396875,
            "fid": 2,
            "diffmaglim": 19.6697998046875
        },
        {
            "jd": 2460140.8779977,
            "fid": 1,
            "diffmaglim": 20.03179931640625
        },
        {
            "jd": 2460142.8546875,
            "fid": 1,
            "diffmaglim": 20.103900909423828
        },
        {
            "jd": 2460142.9345023,
            "fid": 2,
            "diffmaglim": 19.926000595092773
        },
        {
            "jd": 2460144.8516204,
            "fid": 2,
            "diffmaglim": 20.27079963684082
        },
        {
            "jd": 2460144.8994444,
            "fid": 1,
            "diffmaglim": 20.260900497436523
        },
        {
            "jd": 2460146.8345949,
            "fid": 2,
            "diffmaglim": 20.13949966430664
        },
        {
            "jd": 2460146.9195139,
            "fid": 2,
            "diffmaglim": 19.938100814819336
        },
        {
            "jd": 2460148.9190046,
            "fid": 1,
            "diffmaglim": 20.236799240112305
        },
        {
            "jd": 2460150.8983449,
            "fid": 1,
            "diffmaglim": 19.78059959411621
        },
        {
            "jd": 2460152.8158681,
            "fid": 2,
            "diffmaglim": 19.9773006439209
        },
        {
            "jd": 2460155.8737384,
            "fid": 2,
            "diffmaglim": 19.28580093383789
        },
        {
            "jd": 2460155.9185069,
            "fid": 1,
            "diffmaglim": 19.58919906616211
        },
        {
            "jd": 2460159.8455208,
            "fid": 1,
            "diffmaglim": 18.70330047607422
        },
        {
            "jd": 2460159.876875,
            "fid": 2,
            "diffmaglim": 18.912099838256836
        },
        {
            "jd": 2460161.8554167,
            "fid": 2,
            "diffmaglim": 19.789100646972656
        },
        {
            "jd": 2460161.896875,
            "fid": 1,
            "diffmaglim": 19.467899322509766
        },
        {
            "jd": 2460179.8151273,
            "fid": 1,
            "diffmaglim": 16.288299560546875
        },
        {
            "jd": 2460187.752662,
            "fid": 2,
            "diffmaglim": 19.002099990844727
        }
    ],
    "forcedphot": []
}