{
    "objectId": "ZTF24aaxxegw",
    "candidates": [
        {
            "candid": 2771366002715015002,
            "jd": 2460525.8660069,
            "ra": 352.3965419,
            "dec": 32.3396693,
            "fid": 1,
            "nid": 2771,
            "magpsf": 19.157899856567383,
            "sigmapsf": 0.07723300158977509,
            "magnr": 22.31599998474121,
            "sigmagnr": 0.31700000166893005,
            "magzpsci": 26.239900588989258,
            "isdiffpos": "t",
            "ssdistnr": null,
            "ssnamenr": null,
            "drb": 0.9999996423721313
        },
        {
            "candid": 2771412552715015003,
            "jd": 2460525.9125579,
            "ra": 352.3965501,
            "dec": 32.3396746,
            "fid": 2,
            "nid": 2771,
            "magpsf": 19.301700592041016,
            "sigmapsf": 0.09570500254631042,
            "magnr": 21.597999572753906,
            "sigmagnr": 0.13699999451637268,
            "magzpsci": 26.277700424194336,
            "isdiffpos": "t",
            "ssdistnr": null,
            "ssnamenr": null,
            "drb": null
        },
        {
            "candid": 2773343662715015002,
            "jd": 2460527.843669,
            "ra": 352.3965364,
            "dec": 32.3396791,
            "fid": 1,
            "nid": 2773,
            "magpsf": 19.091400146484375,
            "sigmapsf": 0.08396200090646744,
            "magnr": 22.31599998474121,
            "sigmagnr": 0.31700000166893005,
            "magzpsci": 26.2544002532959,
            "isdiffpos": "t",
            "ssdistnr": null,
            "ssnamenr": null,
            "drb": null
        },
        {
            "candid": 2773411142715015000,
            "jd": 2460527.9111458,
            "ra": 352.3965605,
            "dec": 32.3396828,
            "fid": 2,
            "nid": 2773,
            "magpsf": 19.22279930114746,
            "sigmapsf": 0.06834600120782852,
            "magnr": 21.597999572753906,
            "sigmagnr": 0.13699999451637268,
            "magzpsci": 26.269800186157227,
            "isdiffpos": "t",
            "ssdistnr": null,
            "ssnamenr": null,
            "drb": null
        },
        {
            "candid": 2775412392715015000,
            "jd": 2460529.9123958,
            "ra": 352.3965591,
            "dec": 32.3396567,
            "fid": 2,
            "nid": 2775,
            "magpsf": 19.168800354003906,
            "sigmapsf": 0.08461199700832367,
            "magnr": 21.597999572753906,
            "sigmagnr": 0.13699999451637268,
            "magzpsci": 26.196800231933594,
            "isdiffpos": "t",
            "ssdistnr": null,
            "ssnamenr": null,
            "drb": null
        },
        {
            "candid": 2777367562715015000,
            "jd": 2460531.8675694,
            "ra": 352.3965665,
            "dec": 32.3396818,
            "fid": 2,
            "nid": 2777,
            "magpsf": 19.028799057006836,
            "sigmapsf": 0.08907800167798996,
            "magnr": 21.597999572753906,
            "sigmagnr": 0.13699999451637268,
            "magzpsci": 26.236799240112305,
            "isdiffpos": "t",
            "ssdistnr": null,
            "ssnamenr": null,
            "drb": null
        },
        {
            "candid": 2778302932715015001,
            "jd": 2460532.8029398,
            "ra": 352.3965708,
            "dec": 32.339692,
            "fid": 1,
            "nid": 2778,
            "magpsf": 19.175100326538086,
            "sigmapsf": 0.0758960023522377,
            "magnr": 22.31599998474121,
            "sigmagnr": 0.31700000166893005,
            "magzpsci": 26.89109992980957,
            "isdiffpos": "t",
            "ssdistnr": null,
            "ssnamenr": null,
            "drb": null
        },
        {
            "candid": 2778340082715015002,
            "jd": 2460532.840081,
            "ra": 352.3965675,
            "dec": 32.3396692,
            "fid": 2,
            "nid": 2778,
            "magpsf": 19.03689956665039,
            "sigmapsf": 0.0719119980931282,
            "magnr": 21.597999572753906,
            "sigmagnr": 0.13699999451637268,
            "magzpsci": 26.9778995513916,
            "isdiffpos": "t",
            "ssdistnr": null,
            "ssnamenr": null,
            "drb": null
        },
        {
            "candid": 2779305942715015000,
            "jd": 2460533.8059491,
            "ra": 352.3966277,
            "dec": 32.3397102,
            "fid": 1,
            "nid": 2779,
            "magpsf": 18.981399536132812,
            "sigmapsf": 0.21371200680732727,
            "magnr": 22.31599998474121,
            "sigmagnr": 0.31700000166893005,
            "magzpsci": 25.106399536132812,
            "isdiffpos": "t",
            "ssdistnr": null,
            "ssnamenr": null,
            "drb": null
        },
        {
            "candid": 2779346742715015003,
            "jd": 2460533.8467477,
            "ra": 352.3965709,
            "dec": 32.3396881,
            "fid": 2,
            "nid": 2779,
            "magpsf": 19.082599639892578,
            "sigmapsf": 0.07637199759483337,
            "magnr": 21.597999572753906,
            "sigmagnr": 0.13699999451637268,
            "magzpsci": 26.973600387573242,
            "isdiffpos": "t",
            "ssdistnr": null,
            "ssnamenr": null,
            "drb": null
        },
        {
            "candid": 2780328642715015003,
            "jd": 2460534.8286458,
            "ra": 352.3965728,
            "dec": 32.3396665,
            "fid": 2,
            "nid": 2780,
            "magpsf": 19.058799743652344,
            "sigmapsf": 0.07222700119018555,
            "magnr": 21.597999572753906,
            "sigmagnr": 0.13699999451637268,
            "magzpsci": 26.88479995727539,
            "isdiffpos": "t",
            "ssdistnr": null,
            "ssnamenr": null,
            "drb": null
        },
        {
            "candid": 2782327742715015000,
            "jd": 2460536.8277431,
            "ra": 352.3965624,
            "dec": 32.3396726,
            "fid": 1,
            "nid": 2782,
            "magpsf": 19.311500549316406,
            "sigmapsf": 0.10193800181150436,
            "magnr": 22.31599998474121,
            "sigmagnr": 0.31700000166893005,
            "magzpsci": 26.329500198364258,
            "isdiffpos": "t",
            "ssdistnr": null,
            "ssnamenr": null,
            "drb": null
        },
        {
            "candid": 2782386582715015003,
            "jd": 2460536.8865856,
            "ra": 352.3965515,
            "dec": 32.3396471,
            "fid": 2,
            "nid": 2782,
            "magpsf": 19.121599197387695,
            "sigmapsf": 0.08640199899673462,
            "magnr": 21.597999572753906,
            "sigmagnr": 0.13699999451637268,
            "magzpsci": 26.31760025024414,
            "isdiffpos": "t",
            "ssdistnr": null,
            "ssnamenr": null,
            "drb": null
        },
        {
            "candid": 2784384182715015002,
            "jd": 2460538.8841898,
            "ra": 352.3965685,
            "dec": 32.3396828,
            "fid": 2,
            "nid": 2784,
            "magpsf": 19.225000381469727,
            "sigmapsf": 0.0926859974861145,
            "magnr": 21.597999572753906,
            "sigmagnr": 0.13699999451637268,
            "magzpsci": 26.319000244140625,
            "isdiffpos": "t",
            "ssdistnr": null,
            "ssnamenr": null,
            "drb": null
        },
        {
            "candid": 2784426462715015002,
            "jd": 2460538.9264699,
            "ra": 352.3965704,
            "dec": 32.339677,
            "fid": 1,
            "nid": 2784,
            "magpsf": 19.3700008392334,
            "sigmapsf": 0.10151000320911407,
            "magnr": 22.31599998474121,
            "sigmagnr": 0.31700000166893005,
            "magzpsci": 26.329999923706055,
            "isdiffpos": "t",
            "ssdistnr": null,
            "ssnamenr": null,
            "drb": null
        },
        {
            "candid": 2789372302715015001,
            "jd": 2460543.8723032,
            "ra": 352.3965902,
            "dec": 32.3396174,
            "fid": 1,
            "nid": 2789,
            "magpsf": 19.700000762939453,
            "sigmapsf": 0.23961299657821655,
            "magnr": 22.31599998474121,
            "sigmagnr": 0.31700000166893005,
            "magzpsci": 26.315000534057617,
            "isdiffpos": "t",
            "ssdistnr": null,
            "ssnamenr": null,
            "drb": null
        },
        {
            "candid": 2789437902715015000,
            "jd": 2460543.9379051,
            "ra": 352.3966302,
            "dec": 32.3396635,
            "fid": 2,
            "nid": 2789,
            "magpsf": 19.399700164794922,
            "sigmapsf": 0.1546570062637329,
            "magnr": 21.597999572753906,
            "sigmagnr": 0.13699999451637268,
            "magzpsci": 26.30270004272461,
            "isdiffpos": "t",
            "ssdistnr": null,
            "ssnamenr": null,
            "drb": null
        },
        {
            "candid": 2791358512715015000,
            "jd": 2460545.8585185,
            "ra": 352.3966405,
            "dec": 32.3396422,
            "fid": 2,
            "nid": 2791,
            "magpsf": 19.30270004272461,
            "sigmapsf": 0.125218003988266,
            "magnr": 21.597999572753906,
            "sigmagnr": 0.13699999451637268,
            "magzpsci": 26.32670021057129,
            "isdiffpos": "t",
            "ssdistnr": null,
            "ssnamenr": null,
            "drb": null
        },
        {
            "candid": 2791422412715015000,
            "jd": 2460545.922419,
            "ra": 352.3965116,
            "dec": 32.3396015,
            "fid": 1,
            "nid": 2791,
            "magpsf": 19.97920036315918,
            "sigmapsf": 0.27889901399612427,
            "magnr": 22.31599998474121,
            "sigmagnr": 0.31700000166893005,
            "magzpsci": 26.33919906616211,
            "isdiffpos": "t",
            "ssdistnr": null,
            "ssnamenr": null,
            "drb": null
        },
        {
            "candid": 2794309622715015000,
            "jd": 2460548.8096296,
            "ra": 352.3965737,
            "dec": 32.3396895,
            "fid": 1,
            "nid": 2794,
            "magpsf": 19.843399047851562,
            "sigmapsf": 0.16222000122070312,
            "magnr": 22.31599998474121,
            "sigmagnr": 0.31700000166893005,
            "magzpsci": 26.276399612426758,
            "isdiffpos": "t",
            "ssdistnr": null,
            "ssnamenr": null,
            "drb": null
        },
        {
            "candid": 2794394312715015001,
            "jd": 2460548.8943171,
            "ra": 352.396612,
            "dec": 32.339676,
            "fid": 2,
            "nid": 2794,
            "magpsf": 19.457599639892578,
            "sigmapsf": 0.12722699344158173,
            "magnr": 21.597999572753906,
            "sigmagnr": 0.13699999451637268,
            "magzpsci": 26.29560089111328,
            "isdiffpos": "t",
            "ssdistnr": null,
            "ssnamenr": null,
            "drb": null
        },
        {
            "candid": 2796305402715015000,
            "jd": 2460550.8054051,
            "ra": 352.3965686,
            "dec": 32.3396489,
            "fid": 1,
            "nid": 2796,
            "magpsf": 19.929500579833984,
            "sigmapsf": 0.1436150074005127,
            "magnr": 22.31599998474121,
            "sigmagnr": 0.31700000166893005,
            "magzpsci": 26.309499740600586,
            "isdiffpos": "t",
            "ssdistnr": null,
            "ssnamenr": null,
            "drb": null
        },
        {
            "candid": 2796382832715015001,
            "jd": 2460550.8828356,
            "ra": 352.3965938,
            "dec": 32.339679,
            "fid": 2,
            "nid": 2796,
            "magpsf": 19.528900146484375,
            "sigmapsf": 0.09979700297117233,
            "magnr": 21.597999572753906,
            "sigmagnr": 0.13699999451637268,
            "magzpsci": 26.328899383544922,
            "isdiffpos": "t",
            "ssdistnr": null,
            "ssnamenr": null,
            "drb": null
        },
        {
            "candid": 2798371852715015000,
            "jd": 2460552.8718519,
            "ra": 352.3965389,
            "dec": 32.3396695,
            "fid": 2,
            "nid": 2798,
            "magpsf": 19.513900756835938,
            "sigmapsf": 0.09021200239658356,
            "magnr": 21.597999572753906,
            "sigmagnr": 0.13699999451637268,
            "magzpsci": 26.313899993896484,
            "isdiffpos": "t",
            "ssdistnr": null,
            "ssnamenr": null,
            "drb": null
        },
        {
            "candid": 2798406072715015000,
            "jd": 2460552.9060764,
            "ra": 352.3965399,
            "dec": 32.339658,
            "fid": 1,
            "nid": 2798,
            "magpsf": 20.23390007019043,
            "sigmapsf": 0.20841799676418304,
            "magnr": 22.31599998474121,
            "sigmagnr": 0.31700000166893005,
            "magzpsci": 26.322900772094727,
            "isdiffpos": "t",
            "ssdistnr": null,
            "ssnamenr": null,
            "drb": null
        },
        {
            "candid": 2801311572715015000,
            "jd": 2460555.8115741,
            "ra": 352.3965497,
            "dec": 32.3396869,
            "fid": 1,
            "nid": 2801,
            "magpsf": 20.156700134277344,
            "sigmapsf": 0.1987829953432083,
            "magnr": 22.31599998474121,
            "sigmagnr": 0.31700000166893005,
            "magzpsci": 26.306699752807617,
            "isdiffpos": "t",
            "ssdistnr": null,
            "ssnamenr": null,
            "drb": null
        },
        {
            "candid": 2801367252715015000,
            "jd": 2460555.8672569,
            "ra": 352.3965536,
            "dec": 32.3396865,
            "fid": 2,
            "nid": 2801,
            "magpsf": 19.542299270629883,
            "sigmapsf": 0.10712800174951553,
            "magnr": 21.597999572753906,
            "sigmagnr": 0.13699999451637268,
            "magzpsci": 26.30030059814453,
            "isdiffpos": "t",
            "ssdistnr": null,
            "ssnamenr": null,
            "drb": null
        },
        {
            "candid": 2803322912715015001,
            "jd": 2460557.8229167,
            "ra": 352.3965666,
            "dec": 32.3396745,
            "fid": 2,
            "nid": 2803,
            "magpsf": 19.587400436401367,
            "sigmapsf": 0.11194399744272232,
            "magnr": 21.597999572753906,
            "sigmagnr": 0.13699999451637268,
            "magzpsci": 26.281400680541992,
            "isdiffpos": "t",
            "ssdistnr": null,
            "ssnamenr": null,
            "drb": null
        },
        {
            "candid": 2803368882715015002,
            "jd": 2460557.8688889,
            "ra": 352.3965289,
            "dec": 32.3397094,
            "fid": 1,
            "nid": 2803,
            "magpsf": 20.397499084472656,
            "sigmapsf": 0.20681500434875488,
            "magnr": 22.31599998474121,
            "sigmagnr": 0.31700000166893005,
            "magzpsci": 26.286500930786133,
            "isdiffpos": "t",
            "ssdistnr": null,
            "ssnamenr": null,
            "drb": null
        },
        {
            "candid": 2805264282715015001,
            "jd": 2460559.7642824,
            "ra": 352.3965608,
            "dec": 32.3396697,
            "fid": 2,
            "nid": 2805,
            "magpsf": 19.719499588012695,
            "sigmapsf": 0.13771499693393707,
            "magnr": 21.597999572753906,
            "sigmagnr": 0.13699999451637268,
            "magzpsci": 26.26849937438965,
            "isdiffpos": "t",
            "ssdistnr": null,
            "ssnamenr": null,
            "drb": null
        },
        {
            "candid": 2807310052715015001,
            "jd": 2460561.8100579,
            "ra": 352.3965971,
            "dec": 32.339678,
            "fid": 2,
            "nid": 2807,
            "magpsf": 19.65130043029785,
            "sigmapsf": 0.09132900089025497,
            "magnr": 21.597999572753906,
            "sigmagnr": 0.13699999451637268,
            "magzpsci": 26.146299362182617,
            "isdiffpos": "t",
            "ssdistnr": null,
            "ssnamenr": null,
            "drb": null
        },
        {
            "candid": 2807322612715015000,
            "jd": 2460561.8226157,
            "ra": 352.396592,
            "dec": 32.3396913,
            "fid": 1,
            "nid": 2807,
            "magpsf": 20.390499114990234,
            "sigmapsf": 0.33642101287841797,
            "magnr": 22.31599998474121,
            "sigmagnr": 0.31700000166893005,
            "magzpsci": 25.982500076293945,
            "isdiffpos": "t",
            "ssdistnr": null,
            "ssnamenr": null,
            "drb": null
        },
        {
            "candid": 2810256652715015000,
            "jd": 2460564.7566551,
            "ra": 352.3964442,
            "dec": 32.3396527,
            "fid": 1,
            "nid": 2810,
            "magpsf": 20.492300033569336,
            "sigmapsf": 0.2636300027370453,
            "magnr": 22.31599998474121,
            "sigmagnr": 0.31700000166893005,
            "magzpsci": 26.28529930114746,
            "isdiffpos": "t",
            "ssdistnr": null,
            "ssnamenr": null,
            "drb": null
        },
        {
            "candid": 2810373392715015000,
            "jd": 2460564.8733912,
            "ra": 352.3965553,
            "dec": 32.339654,
            "fid": 2,
            "nid": 2810,
            "magpsf": 19.67930030822754,
            "sigmapsf": 0.11843899637460709,
            "magnr": 21.597999572753906,
            "sigmagnr": 0.13699999451637268,
            "magzpsci": 26.321300506591797,
            "isdiffpos": "t",
            "ssdistnr": null,
            "ssnamenr": null,
            "drb": null
        },
        {
            "candid": 2812345562715015000,
            "jd": 2460566.8455671,
            "ra": 352.3966432,
            "dec": 32.3395571,
            "fid": 1,
            "nid": 2812,
            "magpsf": 20.784000396728516,
            "sigmapsf": 0.323650985956192,
            "magnr": 22.31599998474121,
            "sigmagnr": 0.31700000166893005,
            "magzpsci": 25.915000915527344,
            "isdiffpos": "t",
            "ssdistnr": null,
            "ssnamenr": null,
            "drb": null
        },
        {
            "candid": 2812383342715015001,
            "jd": 2460566.8833449,
            "ra": 352.3965289,
            "dec": 32.3396372,
            "fid": 2,
            "nid": 2812,
            "magpsf": 19.7273006439209,
            "sigmapsf": 0.166936993598938,
            "magnr": 21.597999572753906,
            "sigmagnr": 0.13699999451637268,
            "magzpsci": 26.092300415039062,
            "isdiffpos": "t",
            "ssdistnr": null,
            "ssnamenr": null,
            "drb": null
        },
        {
            "candid": 2818288312715015000,
            "jd": 2460572.7883102,
            "ra": 352.3965726,
            "dec": 32.3397028,
            "fid": 2,
            "nid": 2818,
            "magpsf": 19.948299407958984,
            "sigmapsf": 0.20049799978733063,
            "magnr": 21.597999572753906,
            "sigmagnr": 0.13699999451637268,
            "magzpsci": 26.318300247192383,
            "isdiffpos": "t",
            "ssdistnr": null,
            "ssnamenr": null,
            "drb": null
        },
        {
            "candid": 2822218462715015000,
            "jd": 2460576.7184606,
            "ra": 352.3965777,
            "dec": 32.3396788,
            "fid": 2,
            "nid": 2822,
            "magpsf": 19.816699981689453,
            "sigmapsf": 0.15300700068473816,
            "magnr": 21.597999572753906,
            "sigmagnr": 0.13699999451637268,
            "magzpsci": 26.281700134277344,
            "isdiffpos": "t",
            "ssdistnr": null,
            "ssnamenr": null,
            "drb": null
        },
        {
            "candid": 2823265762715015002,
            "jd": 2460577.7657639,
            "ra": 352.3965497,
            "dec": 32.3396784,
            "fid": 2,
            "nid": 2823,
            "magpsf": 19.917400360107422,
            "sigmapsf": 0.13495300710201263,
            "magnr": 21.597999572753906,
            "sigmagnr": 0.13699999451637268,
            "magzpsci": 26.310400009155273,
            "isdiffpos": "t",
            "ssdistnr": null,
            "ssnamenr": null,
            "drb": null
        },
        {
            "candid": 2823291162715015000,
            "jd": 2460577.791169,
            "ra": 352.3965333,
            "dec": 32.3396409,
            "fid": 3,
            "nid": 2823,
            "magpsf": 20.011499404907227,
            "sigmapsf": 0.22066600620746613,
            "magnr": 21.326000213623047,
            "sigmagnr": 0.13500000536441803,
            "magzpsci": 25.738500595092773,
            "isdiffpos": "t",
            "ssdistnr": null,
            "ssnamenr": null,
            "drb": null
        },
        {
            "candid": 2824302462715015000,
            "jd": 2460578.8024653,
            "ra": 352.3965314,
            "dec": 32.3395886,
            "fid": 1,
            "nid": 2824,
            "magpsf": 20.942399978637695,
            "sigmapsf": 0.3147909939289093,
            "magnr": 22.31599998474121,
            "sigmagnr": 0.31700000166893005,
            "magzpsci": 26.310400009155273,
            "isdiffpos": "t",
            "ssdistnr": null,
            "ssnamenr": null,
            "drb": null
        },
        {
            "candid": 2824349292715015000,
            "jd": 2460578.849294,
            "ra": 352.3965838,
            "dec": 32.3396565,
            "fid": 2,
            "nid": 2824,
            "magpsf": 19.825700759887695,
            "sigmapsf": 0.11546599864959717,
            "magnr": 21.597999572753906,
            "sigmagnr": 0.13699999451637268,
            "magzpsci": 26.306699752807617,
            "isdiffpos": "t",
            "ssdistnr": null,
            "ssnamenr": null,
            "drb": null
        },
        {
            "candid": 2826407972715015001,
            "jd": 2460580.9079745,
            "ra": 352.3965811,
            "dec": 32.3396761,
            "fid": 2,
            "nid": 2826,
            "magpsf": 19.901500701904297,
            "sigmapsf": 0.15830999612808228,
            "magnr": 21.597999572753906,
            "sigmagnr": 0.13699999451637268,
            "magzpsci": 26.286500930786133,
            "isdiffpos": "t",
            "ssdistnr": null,
            "ssnamenr": null,
            "drb": null
        },
        {
            "candid": 2838238362715015002,
            "jd": 2460592.7383681,
            "ra": 352.3965259,
            "dec": 32.3396842,
            "fid": 2,
            "nid": 2838,
            "magpsf": 20.43889617919922,
            "sigmapsf": 0.16347619891166687,
            "magnr": 21.597999572753906,
            "sigmagnr": 0.13699999451637268,
            "magzpsci": 26.327896118164062,
            "isdiffpos": "t",
            "ssdistnr": -999.0,
            "ssnamenr": "null",
            "drb": null
        },
        {
            "jd": 2460501.873287,
            "fid": 2,
            "diffmaglim": 20.4143009185791
        },
        {
            "jd": 2460501.9218519,
            "fid": 1,
            "diffmaglim": 20.44860076904297
        },
        {
            "jd": 2460504.9118634,
            "fid": 2,
            "diffmaglim": 20.636600494384766
        },
        {
            "jd": 2460504.9276736,
            "fid": 1,
            "diffmaglim": 20.60930061340332
        },
        {
            "jd": 2460507.871169,
            "fid": 2,
            "diffmaglim": 20.62310028076172
        },
        {
            "jd": 2460507.9052083,
            "fid": 1,
            "diffmaglim": 20.731700897216797
        },
        {
            "jd": 2460509.9082755,
            "fid": 1,
            "diffmaglim": 20.66819953918457
        },
        {
            "jd": 2460511.8699653,
            "fid": 2,
            "diffmaglim": 19.72319984436035
        },
        {
            "jd": 2460511.9322917,
            "fid": 1,
            "diffmaglim": 19.534700393676758
        },
        {
            "jd": 2460514.8636343,
            "fid": 2,
            "diffmaglim": 19.679100036621094
        },
        {
            "jd": 2460514.9313426,
            "fid": 1,
            "diffmaglim": 19.47960090637207
        },
        {
            "jd": 2460516.8295023,
            "fid": 1,
            "diffmaglim": 18.925399780273438
        },
        {
            "jd": 2460516.9050694,
            "fid": 2,
            "diffmaglim": 19.58839988708496
        },
        {
            "jd": 2460519.8651273,
            "fid": 2,
            "diffmaglim": 20.422000885009766
        },
        {
            "jd": 2460519.9274306,
            "fid": 1,
            "diffmaglim": 20.25189971923828
        },
        {
            "jd": 2460521.8670139,
            "fid": 1,
            "diffmaglim": 20.473100662231445
        },
        {
            "jd": 2460521.9296528,
            "fid": 2,
            "diffmaglim": 20.23430061340332
        },
        {
            "jd": 2460529.8415856,
            "fid": 1,
            "diffmaglim": 18.797199249267578
        },
        {
            "jd": 2460569.7792014,
            "fid": 1,
            "diffmaglim": 19.408000946044922
        },
        {
            "jd": 2460569.8221644,
            "fid": 2,
            "diffmaglim": 19.797000885009766
        },
        {
            "jd": 2460575.7572106,
            "fid": 3,
            "diffmaglim": 20.06220054626465
        },
        {
            "jd": 2460575.8109028,
            "fid": 1,
            "diffmaglim": 20.219600677490234
        },
        {
            "jd": 2460575.8242361,
            "fid": 2,
            "diffmaglim": 20.307600021362305
        },
        {
            "jd": 2460576.7621296,
            "fid": 1,
            "diffmaglim": 20.336999893188477
        },
        {
            "jd": 2460576.8254977,
            "fid": 3,
            "diffmaglim": 19.905399322509766
        },
        {
            "jd": 2460577.8485995,
            "fid": 1,
            "diffmaglim": 20.35700035095215
        },
        {
            "jd": 2460580.976713,
            "fid": 1,
            "diffmaglim": 19.86750030517578
        },
        {
            "jd": 2460583.9126157,
            "fid": 2,
            "diffmaglim": 20.395999908447266
        },
        {
            "jd": 2460592.6967593,
            "fid": 1,
            "diffmaglim": 20.524900436401367
        }
    ],
    "forcedphot": [
        {
            "objectid": "ZTF24aaxxegw",
            "jd": 2460501.873287,
            "ranr": 352.3967586,
            "decnr": 32.3394421,
            "fid": 2,
            "forcediffimflux": -36.08414840698242,
            "forcediffimfluxunc": 25.590700149536133,
            "magzpsci": 26.204099655151367
        },
        {
            "objectid": "ZTF24aaxxegw",
            "jd": 2460501.9218519,
            "ranr": 352.3966609,
            "decnr": 32.3399302,
            "fid": 1,
            "forcediffimflux": 17.09711456298828,
            "forcediffimfluxunc": 26.7761173248291,
            "magzpsci": 26.19729995727539
        },
        {
            "objectid": "ZTF24aaxxegw",
            "jd": 2460504.9118634,
            "ranr": 352.3967586,
            "decnr": 32.3394421,
            "fid": 2,
            "forcediffimflux": -3.3499433994293213,
            "forcediffimfluxunc": 21.650829315185547,
            "magzpsci": 26.176700592041016
        },
        {
            "objectid": "ZTF24aaxxegw",
            "jd": 2460504.9276736,
            "ranr": 352.3966609,
            "decnr": 32.3399302,
            "fid": 1,
            "forcediffimflux": 32.45983123779297,
            "forcediffimfluxunc": 21.18222999572754,
            "magzpsci": 26.169200897216797
        },
        {
            "objectid": "ZTF24aaxxegw",
            "jd": 2460507.871169,
            "ranr": 352.3967586,
            "decnr": 32.3394421,
            "fid": 2,
            "forcediffimflux": 31.058494567871094,
            "forcediffimfluxunc": 22.377771377563477,
            "magzpsci": 26.253400802612305
        },
        {
            "objectid": "ZTF24aaxxegw",
            "jd": 2460507.9052083,
            "ranr": 352.3966609,
            "decnr": 32.3399302,
            "fid": 1,
            "forcediffimflux": 56.173274993896484,
            "forcediffimfluxunc": 20.91343879699707,
            "magzpsci": 26.271099090576172
        },
        {
            "objectid": "ZTF24aaxxegw",
            "jd": 2460509.9082755,
            "ranr": 352.3966609,
            "decnr": 32.3399302,
            "fid": 1,
            "forcediffimflux": 6.770975589752197,
            "forcediffimfluxunc": 20.915239334106445,
            "magzpsci": 26.184999465942383
        },
        {
            "objectid": "ZTF24aaxxegw",
            "jd": 2460511.8699653,
            "ranr": 352.3967586,
            "decnr": 32.3394421,
            "fid": 2,
            "forcediffimflux": 54.35205841064453,
            "forcediffimfluxunc": 52.383663177490234,
            "magzpsci": 26.213699340820312
        },
        {
            "objectid": "ZTF24aaxxegw",
            "jd": 2460511.9322917,
            "ranr": 352.3966609,
            "decnr": 32.3399302,
            "fid": 1,
            "forcediffimflux": 143.20457458496094,
            "forcediffimfluxunc": 55.11845397949219,
            "magzpsci": 26.19300079345703
        },
        {
            "objectid": "ZTF24aaxxegw",
            "jd": 2460514.8636343,
            "ranr": 352.3967586,
            "decnr": 32.3394421,
            "fid": 2,
            "forcediffimflux": 81.42875671386719,
            "forcediffimfluxunc": 51.856224060058594,
            "magzpsci": 26.23189926147461
        },
        {
            "objectid": "ZTF24aaxxegw",
            "jd": 2460514.9313426,
            "ranr": 352.3966609,
            "decnr": 32.3399302,
            "fid": 1,
            "forcediffimflux": 90.56062316894531,
            "forcediffimfluxunc": 64.82536315917969,
            "magzpsci": 26.228099822998047
        },
        {
            "objectid": "ZTF24aaxxegw",
            "jd": 2460516.8295023,
            "ranr": 352.3966609,
            "decnr": 32.3399302,
            "fid": 1,
            "forcediffimflux": 84.83245849609375,
            "forcediffimfluxunc": 78.69072723388672,
            "magzpsci": 25.898000717163086
        },
        {
            "objectid": "ZTF24aaxxegw",
            "jd": 2460516.9050694,
            "ranr": 352.3967586,
            "decnr": 32.3394421,
            "fid": 2,
            "forcediffimflux": -50.03347396850586,
            "forcediffimfluxunc": 58.033573150634766,
            "magzpsci": 26.197099685668945
        },
        {
            "objectid": "ZTF24aaxxegw",
            "jd": 2460519.8651273,
            "ranr": 352.3967586,
            "decnr": 32.3394421,
            "fid": 2,
            "forcediffimflux": 7.314041614532471,
            "forcediffimfluxunc": 29.650814056396484,
            "magzpsci": 26.311899185180664
        },
        {
            "objectid": "ZTF24aaxxegw",
            "jd": 2460519.9274306,
            "ranr": 352.3966609,
            "decnr": 32.3399302,
            "fid": 1,
            "forcediffimflux": 33.4580078125,
            "forcediffimfluxunc": 36.125797271728516,
            "magzpsci": 26.336000442504883
        },
        {
            "objectid": "ZTF24aaxxegw",
            "jd": 2460521.8670139,
            "ranr": 352.3966609,
            "decnr": 32.3399302,
            "fid": 1,
            "forcediffimflux": 28.013959884643555,
            "forcediffimfluxunc": 26.868162155151367,
            "magzpsci": 26.26919937133789
        },
        {
            "objectid": "ZTF24aaxxegw",
            "jd": 2460521.9296528,
            "ranr": 352.3967586,
            "decnr": 32.3394421,
            "fid": 2,
            "forcediffimflux": 46.4217529296875,
            "forcediffimfluxunc": 33.55223083496094,
            "magzpsci": 26.291200637817383
        },
        {
            "objectid": "ZTF24aaxxegw",
            "jd": 2460525.8660069,
            "ranr": 352.3966609,
            "decnr": 32.3399302,
            "fid": 1,
            "forcediffimflux": 721.109130859375,
            "forcediffimfluxunc": 26.637889862060547,
            "magzpsci": 26.239900588989258
        },
        {
            "objectid": "ZTF24aaxxegw",
            "jd": 2460525.9125579,
            "ranr": 352.3967586,
            "decnr": 32.3394421,
            "fid": 2,
            "forcediffimflux": 650.392333984375,
            "forcediffimfluxunc": 25.83950424194336,
            "magzpsci": 26.277700424194336
        },
        {
            "objectid": "ZTF24aaxxegw",
            "jd": 2460527.843669,
            "ranr": 352.3966609,
            "decnr": 32.3399302,
            "fid": 1,
            "forcediffimflux": 760.8021240234375,
            "forcediffimfluxunc": 27.426843643188477,
            "magzpsci": 26.2544002532959
        },
        {
            "objectid": "ZTF24aaxxegw",
            "jd": 2460527.9111458,
            "ranr": 352.3967586,
            "decnr": 32.3394421,
            "fid": 2,
            "forcediffimflux": 709.9977416992188,
            "forcediffimfluxunc": 24.992427825927734,
            "magzpsci": 26.269800186157227
        },
        {
            "objectid": "ZTF24aaxxegw",
            "jd": 2460529.9123958,
            "ranr": 352.3967586,
            "decnr": 32.3394421,
            "fid": 2,
            "forcediffimflux": 688.3038330078125,
            "forcediffimfluxunc": 25.085832595825195,
            "magzpsci": 26.196800231933594
        },
        {
            "objectid": "ZTF24aaxxegw",
            "jd": 2460531.8675694,
            "ranr": 352.3967586,
            "decnr": 32.3394421,
            "fid": 2,
            "forcediffimflux": 821.1508178710938,
            "forcediffimfluxunc": 25.132171630859375,
            "magzpsci": 26.236799240112305
        },
        {
            "objectid": "ZTF24aaxxegw",
            "jd": 2460532.8029398,
            "ranr": 352.3966609,
            "decnr": 32.3399302,
            "fid": 1,
            "forcediffimflux": 1265.9771728515625,
            "forcediffimfluxunc": 37.788726806640625,
            "magzpsci": 26.89109992980957
        },
        {
            "objectid": "ZTF24aaxxegw",
            "jd": 2460532.840081,
            "ranr": 352.3967586,
            "decnr": 32.3394421,
            "fid": 2,
            "forcediffimflux": 1560.551513671875,
            "forcediffimfluxunc": 38.508914947509766,
            "magzpsci": 26.9778995513916
        },
        {
            "objectid": "ZTF24aaxxegw",
            "jd": 2460533.8467477,
            "ranr": 352.3967586,
            "decnr": 32.3394421,
            "fid": 2,
            "forcediffimflux": 1527.3272705078125,
            "forcediffimfluxunc": 36.68117141723633,
            "magzpsci": 26.973600387573242
        },
        {
            "objectid": "ZTF24aaxxegw",
            "jd": 2460534.8286458,
            "ranr": 352.3967586,
            "decnr": 32.3394421,
            "fid": 2,
            "forcediffimflux": 1356.535888671875,
            "forcediffimfluxunc": 47.85125732421875,
            "magzpsci": 26.88479995727539
        },
        {
            "objectid": "ZTF24aaxxegw",
            "jd": 2460536.8277431,
            "ranr": 352.3966609,
            "decnr": 32.3399302,
            "fid": 1,
            "forcediffimflux": 646.6888427734375,
            "forcediffimfluxunc": 28.69036102294922,
            "magzpsci": 26.329500198364258
        },
        {
            "objectid": "ZTF24aaxxegw",
            "jd": 2460536.8865856,
            "ranr": 352.3967586,
            "decnr": 32.3394421,
            "fid": 2,
            "forcediffimflux": 743.2210083007812,
            "forcediffimfluxunc": 30.2366886138916,
            "magzpsci": 26.31760025024414
        },
        {
            "objectid": "ZTF24aaxxegw",
            "jd": 2460538.8841898,
            "ranr": 352.3967586,
            "decnr": 32.3394421,
            "fid": 2,
            "forcediffimflux": 719.822998046875,
            "forcediffimfluxunc": 28.886764526367188,
            "magzpsci": 26.319000244140625
        },
        {
            "objectid": "ZTF24aaxxegw",
            "jd": 2460538.9264699,
            "ranr": 352.3966609,
            "decnr": 32.3399302,
            "fid": 1,
            "forcediffimflux": 633.9860229492188,
            "forcediffimfluxunc": 24.492921829223633,
            "magzpsci": 26.329999923706055
        },
        {
            "objectid": "ZTF24aaxxegw",
            "jd": 2460543.8723032,
            "ranr": 352.3966609,
            "decnr": 32.3399302,
            "fid": 1,
            "forcediffimflux": 429.1421203613281,
            "forcediffimfluxunc": 65.8482894897461,
            "magzpsci": 26.315000534057617
        },
        {
            "objectid": "ZTF24aaxxegw",
            "jd": 2460543.9379051,
            "ranr": 352.3967586,
            "decnr": 32.3394421,
            "fid": 2,
            "forcediffimflux": 591.4358520507812,
            "forcediffimfluxunc": 61.3262939453125,
            "magzpsci": 26.30270004272461
        },
        {
            "objectid": "ZTF24aaxxegw",
            "jd": 2460545.8585185,
            "ranr": 352.3967586,
            "decnr": 32.3394421,
            "fid": 2,
            "forcediffimflux": 637.720947265625,
            "forcediffimfluxunc": 49.10149002075195,
            "magzpsci": 26.32670021057129
        },
        {
            "objectid": "ZTF24aaxxegw",
            "jd": 2460545.922419,
            "ranr": 352.3966609,
            "decnr": 32.3399302,
            "fid": 1,
            "forcediffimflux": 331.28802490234375,
            "forcediffimfluxunc": 59.8326301574707,
            "magzpsci": 26.33919906616211
        },
        {
            "objectid": "ZTF24aaxxegw",
            "jd": 2460548.8096296,
            "ranr": 352.3966609,
            "decnr": 32.3399302,
            "fid": 1,
            "forcediffimflux": 396.5294494628906,
            "forcediffimfluxunc": 28.87739372253418,
            "magzpsci": 26.276399612426758
        },
        {
            "objectid": "ZTF24aaxxegw",
            "jd": 2460548.8943171,
            "ranr": 352.3967586,
            "decnr": 32.3394421,
            "fid": 2,
            "forcediffimflux": 552.7906494140625,
            "forcediffimfluxunc": 30.678434371948242,
            "magzpsci": 26.29560089111328
        },
        {
            "objectid": "ZTF24aaxxegw",
            "jd": 2460550.8054051,
            "ranr": 352.3966609,
            "decnr": 32.3399302,
            "fid": 1,
            "forcediffimflux": 375.481201171875,
            "forcediffimfluxunc": 22.697607040405273,
            "magzpsci": 26.309499740600586
        },
        {
            "objectid": "ZTF24aaxxegw",
            "jd": 2460550.8828356,
            "ranr": 352.3967586,
            "decnr": 32.3394421,
            "fid": 2,
            "forcediffimflux": 582.8231201171875,
            "forcediffimfluxunc": 24.160737991333008,
            "magzpsci": 26.328899383544922
        },
        {
            "objectid": "ZTF24aaxxegw",
            "jd": 2460552.8718519,
            "ranr": 352.3967586,
            "decnr": 32.3394421,
            "fid": 2,
            "forcediffimflux": 563.8157958984375,
            "forcediffimfluxunc": 24.04032325744629,
            "magzpsci": 26.313899993896484
        },
        {
            "objectid": "ZTF24aaxxegw",
            "jd": 2460552.9060764,
            "ranr": 352.3966609,
            "decnr": 32.3399302,
            "fid": 1,
            "forcediffimflux": 281.5281982421875,
            "forcediffimfluxunc": 20.118173599243164,
            "magzpsci": 26.322900772094727
        },
        {
            "objectid": "ZTF24aaxxegw",
            "jd": 2460555.8115741,
            "ranr": 352.3966609,
            "decnr": 32.3399302,
            "fid": 1,
            "forcediffimflux": 299.6023864746094,
            "forcediffimfluxunc": 26.466354370117188,
            "magzpsci": 26.306699752807617
        },
        {
            "objectid": "ZTF24aaxxegw",
            "jd": 2460555.8672569,
            "ranr": 352.3967586,
            "decnr": 32.3394421,
            "fid": 2,
            "forcediffimflux": 532.9640502929688,
            "forcediffimfluxunc": 23.48362159729004,
            "magzpsci": 26.30030059814453
        },
        {
            "objectid": "ZTF24aaxxegw",
            "jd": 2460557.8229167,
            "ranr": 352.3967586,
            "decnr": 32.3394421,
            "fid": 2,
            "forcediffimflux": 508.7976379394531,
            "forcediffimfluxunc": 25.379547119140625,
            "magzpsci": 26.281400680541992
        },
        {
            "objectid": "ZTF24aaxxegw",
            "jd": 2460557.8688889,
            "ranr": 352.3966609,
            "decnr": 32.3399302,
            "fid": 1,
            "forcediffimflux": 246.4558563232422,
            "forcediffimfluxunc": 20.797258377075195,
            "magzpsci": 26.286500930786133
        },
        {
            "objectid": "ZTF24aaxxegw",
            "jd": 2460559.7642824,
            "ranr": 352.3967586,
            "decnr": 32.3394421,
            "fid": 2,
            "forcediffimflux": 433.5624694824219,
            "forcediffimfluxunc": 28.515539169311523,
            "magzpsci": 26.26849937438965
        },
        {
            "objectid": "ZTF24aaxxegw",
            "jd": 2460561.8100579,
            "ranr": 352.3967586,
            "decnr": 32.3394421,
            "fid": 2,
            "forcediffimflux": 425.6436767578125,
            "forcediffimfluxunc": 28.355119705200195,
            "magzpsci": 26.146299362182617
        },
        {
            "objectid": "ZTF24aaxxegw",
            "jd": 2460561.8226157,
            "ranr": 352.3966609,
            "decnr": 32.3399302,
            "fid": 1,
            "forcediffimflux": 173.2779083251953,
            "forcediffimfluxunc": 22.411407470703125,
            "magzpsci": 25.982500076293945
        },
        {
            "objectid": "ZTF24aaxxegw",
            "jd": 2460564.7566551,
            "ranr": 352.3966609,
            "decnr": 32.3399302,
            "fid": 1,
            "forcediffimflux": 207.15072631835938,
            "forcediffimfluxunc": 29.525171279907227,
            "magzpsci": 26.28529930114746
        },
        {
            "objectid": "ZTF24aaxxegw",
            "jd": 2460564.8733912,
            "ranr": 352.3967586,
            "decnr": 32.3394421,
            "fid": 2,
            "forcediffimflux": 458.9762268066406,
            "forcediffimfluxunc": 25.951610565185547,
            "magzpsci": 26.321300506591797
        },
        {
            "objectid": "ZTF24aaxxegw",
            "jd": 2460566.8455671,
            "ranr": 352.3966609,
            "decnr": 32.3399302,
            "fid": 1,
            "forcediffimflux": 110.02375793457031,
            "forcediffimfluxunc": 24.088314056396484,
            "magzpsci": 25.915000915527344
        },
        {
            "objectid": "ZTF24aaxxegw",
            "jd": 2460566.8833449,
            "ranr": 352.3967586,
            "decnr": 32.3394421,
            "fid": 2,
            "forcediffimflux": 344.05926513671875,
            "forcediffimfluxunc": 29.203847885131836,
            "magzpsci": 26.092300415039062
        },
        {
            "objectid": "ZTF24aaxxegw",
            "jd": 2460569.7792014,
            "ranr": 352.3966609,
            "decnr": 32.3399302,
            "fid": 1,
            "forcediffimflux": 114.337158203125,
            "forcediffimfluxunc": 70.25874328613281,
            "magzpsci": 26.339000701904297
        },
        {
            "objectid": "ZTF24aaxxegw",
            "jd": 2460569.8221644,
            "ranr": 352.3967586,
            "decnr": 32.3394421,
            "fid": 2,
            "forcediffimflux": 484.6528015136719,
            "forcediffimfluxunc": 54.8096923828125,
            "magzpsci": 26.319400787353516
        },
        {
            "objectid": "ZTF24aaxxegw",
            "jd": 2460572.7883102,
            "ranr": 352.3967586,
            "decnr": 32.3394421,
            "fid": 2,
            "forcediffimflux": 395.2474670410156,
            "forcediffimfluxunc": 55.392494201660156,
            "magzpsci": 26.318300247192383
        },
        {
            "objectid": "ZTF24aaxxegw",
            "jd": 2460575.7572106,
            "ranr": 352.3966289,
            "decnr": 32.3397427,
            "fid": 3,
            "forcediffimflux": 223.49400329589844,
            "forcediffimfluxunc": 25.313199996948242,
            "magzpsci": 25.731700897216797
        },
        {
            "objectid": "ZTF24aaxxegw",
            "jd": 2460575.8109028,
            "ranr": 352.3966609,
            "decnr": 32.3399302,
            "fid": 1,
            "forcediffimflux": 110.29806518554688,
            "forcediffimfluxunc": 34.12439727783203,
            "magzpsci": 26.294700622558594
        },
        {
            "objectid": "ZTF24aaxxegw",
            "jd": 2460575.8242361,
            "ranr": 352.3967586,
            "decnr": 32.3394421,
            "fid": 2,
            "forcediffimflux": 438.1971435546875,
            "forcediffimfluxunc": 34.34443283081055,
            "magzpsci": 26.286800384521484
        },
        {
            "objectid": "ZTF24aaxxegw",
            "jd": 2460576.7184606,
            "ranr": 352.3967586,
            "decnr": 32.3394421,
            "fid": 2,
            "forcediffimflux": 406.7035217285156,
            "forcediffimfluxunc": 26.512441635131836,
            "magzpsci": 26.281700134277344
        },
        {
            "objectid": "ZTF24aaxxegw",
            "jd": 2460576.7621296,
            "ranr": 352.3966609,
            "decnr": 32.3399302,
            "fid": 1,
            "forcediffimflux": 152.06256103515625,
            "forcediffimfluxunc": 32.48017120361328,
            "magzpsci": 26.281999588012695
        },
        {
            "objectid": "ZTF24aaxxegw",
            "jd": 2460576.8254977,
            "ranr": 352.3966289,
            "decnr": 32.3397427,
            "fid": 3,
            "forcediffimflux": 173.21388244628906,
            "forcediffimfluxunc": 28.9011173248291,
            "magzpsci": 25.733600616455078
        },
        {
            "objectid": "ZTF24aaxxegw",
            "jd": 2460577.7657639,
            "ranr": 352.3967586,
            "decnr": 32.3394421,
            "fid": 2,
            "forcediffimflux": 387.4046325683594,
            "forcediffimfluxunc": 23.636083602905273,
            "magzpsci": 26.310400009155273
        },
        {
            "objectid": "ZTF24aaxxegw",
            "jd": 2460577.791169,
            "ranr": 352.3966289,
            "decnr": 32.3397427,
            "fid": 3,
            "forcediffimflux": 206.35238647460938,
            "forcediffimfluxunc": 26.405803680419922,
            "magzpsci": 25.738500595092773
        },
        {
            "objectid": "ZTF24aaxxegw",
            "jd": 2460577.8485995,
            "ranr": 352.3966609,
            "decnr": 32.3399302,
            "fid": 1,
            "forcediffimflux": 119.81059265136719,
            "forcediffimfluxunc": 31.324068069458008,
            "magzpsci": 26.30120086669922
        },
        {
            "objectid": "ZTF24aaxxegw",
            "jd": 2460578.8024653,
            "ranr": 352.3966609,
            "decnr": 32.3399302,
            "fid": 1,
            "forcediffimflux": 139.64671325683594,
            "forcediffimfluxunc": 25.583574295043945,
            "magzpsci": 26.310400009155273
        },
        {
            "objectid": "ZTF24aaxxegw",
            "jd": 2460578.849294,
            "ranr": 352.3967586,
            "decnr": 32.3394421,
            "fid": 2,
            "forcediffimflux": 416.647705078125,
            "forcediffimfluxunc": 27.031049728393555,
            "magzpsci": 26.306699752807617
        },
        {
            "objectid": "ZTF24aaxxegw",
            "jd": 2460580.9079745,
            "ranr": 352.3967586,
            "decnr": 32.3394421,
            "fid": 2,
            "forcediffimflux": 375.842529296875,
            "forcediffimfluxunc": 28.216468811035156,
            "magzpsci": 26.286500930786133
        },
        {
            "objectid": "ZTF24aaxxegw",
            "jd": 2460580.976713,
            "ranr": 352.3966609,
            "decnr": 32.3399302,
            "fid": 1,
            "forcediffimflux": 46.55827331542969,
            "forcediffimfluxunc": 40.021400451660156,
            "magzpsci": 26.137300491333008
        },
        {
            "objectid": "ZTF24aaxxegw",
            "jd": 2460583.9126157,
            "ranr": 352.3967586,
            "decnr": 32.3394421,
            "fid": 2,
            "forcediffimflux": 369.5054626464844,
            "forcediffimfluxunc": 32.661869049072266,
            "magzpsci": 26.296300888061523
        },
        {
            "objectid": "ZTF24aaxxegw",
            "jd": 2460592.6967593,
            "ranr": 352.3966609,
            "decnr": 32.3399302,
            "fid": 1,
            "forcediffimflux": 90.03498840332031,
            "forcediffimfluxunc": 26.39838981628418,
            "magzpsci": 26.33639907836914
        }
    ]
}