{
    "objectId": "ZTF24aafqzur",
    "candidates": [
        {
            "candid": 2601520353515015014,
            "jd": 2460356.0203588,
            "ra": 216.4883835,
            "dec": -2.3923458,
            "fid": 1,
            "nid": 2601,
            "magpsf": 19.74139976501465,
            "sigmapsf": 0.15693800151348114,
            "magnr": 21.464000701904297,
            "sigmagnr": 0.1379999965429306,
            "magzpsci": 26.32740020751953,
            "isdiffpos": "t",
            "ssdistnr": null,
            "ssnamenr": null,
            "drb": 0.9994785785675049
        },
        {
            "candid": 2620466283515015016,
            "jd": 2460374.9662847,
            "ra": 216.4883736,
            "dec": -2.3922905,
            "fid": 2,
            "nid": 2620,
            "magpsf": 19.231300354003906,
            "sigmapsf": 0.09126800298690796,
            "magnr": 21.464000701904297,
            "sigmagnr": 0.14499999582767487,
            "magzpsci": 26.306299209594727,
            "isdiffpos": "t",
            "ssdistnr": null,
            "ssnamenr": null,
            "drb": null
        },
        {
            "candid": 2620532673515015013,
            "jd": 2460375.0326736,
            "ra": 216.4884847,
            "dec": -2.3922899,
            "fid": 1,
            "nid": 2620,
            "magpsf": 19.491300582885742,
            "sigmapsf": 0.2286899983882904,
            "magnr": 21.464000701904297,
            "sigmagnr": 0.1379999965429306,
            "magzpsci": 25.911300659179688,
            "isdiffpos": "t",
            "ssdistnr": null,
            "ssnamenr": null,
            "drb": null
        },
        {
            "candid": 2636431663515015019,
            "jd": 2460390.9316667,
            "ra": 216.4883861,
            "dec": -2.3923149,
            "fid": 2,
            "nid": 2636,
            "magpsf": 19.13789939880371,
            "sigmapsf": 0.10585899651050568,
            "magnr": 21.464000701904297,
            "sigmagnr": 0.14499999582767487,
            "magzpsci": 26.29789924621582,
            "isdiffpos": "t",
            "ssdistnr": null,
            "ssnamenr": null,
            "drb": null
        },
        {
            "candid": 2636448263515015014,
            "jd": 2460390.9482639,
            "ra": 216.488389,
            "dec": -2.3922953,
            "fid": 1,
            "nid": 2636,
            "magpsf": 19.709299087524414,
            "sigmapsf": 0.21840499341487885,
            "magnr": 21.464000701904297,
            "sigmagnr": 0.1379999965429306,
            "magzpsci": 26.28730010986328,
            "isdiffpos": "t",
            "ssdistnr": null,
            "ssnamenr": null,
            "drb": null
        },
        {
            "candid": 2644431733515015015,
            "jd": 2460398.9317361,
            "ra": 216.4883958,
            "dec": -2.3922353,
            "fid": 2,
            "nid": 2644,
            "magpsf": 19.159000396728516,
            "sigmapsf": 0.1726509928703308,
            "magnr": 21.464000701904297,
            "sigmagnr": 0.14499999582767487,
            "magzpsci": 26.297000885009766,
            "isdiffpos": "t",
            "ssdistnr": null,
            "ssnamenr": null,
            "drb": null
        },
        {
            "candid": 2650356653515015016,
            "jd": 2460404.8566551,
            "ra": 216.488343,
            "dec": -2.3922907,
            "fid": 2,
            "nid": 2650,
            "magpsf": 19.236099243164062,
            "sigmapsf": 0.11562500149011612,
            "magnr": 21.464000701904297,
            "sigmagnr": 0.14499999582767487,
            "magzpsci": 26.297100067138672,
            "isdiffpos": "t",
            "ssdistnr": null,
            "ssnamenr": null,
            "drb": null
        },
        {
            "candid": 2650377933515015020,
            "jd": 2460404.8779398,
            "ra": 216.4883925,
            "dec": -2.3924152,
            "fid": 1,
            "nid": 2650,
            "magpsf": 20.11720085144043,
            "sigmapsf": 0.20574499666690826,
            "magnr": 21.464000701904297,
            "sigmagnr": 0.1379999965429306,
            "magzpsci": 26.28820037841797,
            "isdiffpos": "t",
            "ssdistnr": null,
            "ssnamenr": null,
            "drb": null
        },
        {
            "candid": 2654354103515015013,
            "jd": 2460408.8541088,
            "ra": 216.4883614,
            "dec": -2.3923008,
            "fid": 1,
            "nid": 2654,
            "magpsf": 19.953399658203125,
            "sigmapsf": 0.19209499657154083,
            "magnr": 21.464000701904297,
            "sigmagnr": 0.1379999965429306,
            "magzpsci": 26.2593994140625,
            "isdiffpos": "t",
            "ssdistnr": null,
            "ssnamenr": null,
            "drb": null
        },
        {
            "candid": 2654402293515015016,
            "jd": 2460408.9022917,
            "ra": 216.4883803,
            "dec": -2.3923243,
            "fid": 2,
            "nid": 2654,
            "magpsf": 19.16360092163086,
            "sigmapsf": 0.11081700026988983,
            "magnr": 21.464000701904297,
            "sigmagnr": 0.14499999582767487,
            "magzpsci": 26.259599685668945,
            "isdiffpos": "t",
            "ssdistnr": null,
            "ssnamenr": null,
            "drb": null
        },
        {
            "candid": 2659353213515015037,
            "jd": 2460413.8532176,
            "ra": 216.4883717,
            "dec": -2.3923526,
            "fid": 1,
            "nid": 2659,
            "magpsf": 20.10059928894043,
            "sigmapsf": 0.16472899913787842,
            "magnr": 21.464000701904297,
            "sigmagnr": 0.1379999965429306,
            "magzpsci": 26.270599365234375,
            "isdiffpos": "t",
            "ssdistnr": null,
            "ssnamenr": null,
            "drb": null
        },
        {
            "candid": 2659377673515015020,
            "jd": 2460413.8776736,
            "ra": 216.4883592,
            "dec": -2.392301,
            "fid": 2,
            "nid": 2659,
            "magpsf": 19.237499237060547,
            "sigmapsf": 0.11177100241184235,
            "magnr": 21.464000701904297,
            "sigmagnr": 0.14499999582767487,
            "magzpsci": 26.28350067138672,
            "isdiffpos": "t",
            "ssdistnr": null,
            "ssnamenr": null,
            "drb": null
        },
        {
            "candid": 2663358403515015017,
            "jd": 2460417.8584028,
            "ra": 216.4883555,
            "dec": -2.3922809,
            "fid": 2,
            "nid": 2663,
            "magpsf": 19.215999603271484,
            "sigmapsf": 0.132860004901886,
            "magnr": 21.464000701904297,
            "sigmagnr": 0.14499999582767487,
            "magzpsci": 26.299999237060547,
            "isdiffpos": "t",
            "ssdistnr": null,
            "ssnamenr": null,
            "drb": null
        },
        {
            "candid": 2665269173515015023,
            "jd": 2460419.7691782,
            "ra": 216.4883843,
            "dec": -2.3922516,
            "fid": 2,
            "nid": 2665,
            "magpsf": 19.24850082397461,
            "sigmapsf": 0.1511089950799942,
            "magnr": 21.464000701904297,
            "sigmagnr": 0.14499999582767487,
            "magzpsci": 26.287500381469727,
            "isdiffpos": "t",
            "ssdistnr": null,
            "ssnamenr": null,
            "drb": null
        },
        {
            "candid": 2675294473515015012,
            "jd": 2460429.7944792,
            "ra": 216.4884132,
            "dec": -2.3923607,
            "fid": 1,
            "nid": 2675,
            "magpsf": 19.907800674438477,
            "sigmapsf": 0.1559170037508011,
            "magnr": 21.464000701904297,
            "sigmagnr": 0.1379999965429306,
            "magzpsci": 26.277799606323242,
            "isdiffpos": "t",
            "ssdistnr": null,
            "ssnamenr": null,
            "drb": null
        },
        {
            "candid": 2675335763515015021,
            "jd": 2460429.8357639,
            "ra": 216.4883633,
            "dec": -2.3922729,
            "fid": 2,
            "nid": 2675,
            "magpsf": 19.278499603271484,
            "sigmapsf": 0.11734200268983841,
            "magnr": 21.464000701904297,
            "sigmagnr": 0.14499999582767487,
            "magzpsci": 26.302499771118164,
            "isdiffpos": "t",
            "ssdistnr": null,
            "ssnamenr": null,
            "drb": null
        },
        {
            "candid": 2677252973515015016,
            "jd": 2460431.7529745,
            "ra": 216.4883677,
            "dec": -2.3922782,
            "fid": 2,
            "nid": 2677,
            "magpsf": 19.164199829101562,
            "sigmapsf": 0.07572100311517715,
            "magnr": 21.464000701904297,
            "sigmagnr": 0.14499999582767487,
            "magzpsci": 26.287200927734375,
            "isdiffpos": "t",
            "ssdistnr": null,
            "ssnamenr": null,
            "drb": null
        },
        {
            "candid": 2679340753515015025,
            "jd": 2460433.8407523,
            "ra": 216.48839,
            "dec": -2.3923222,
            "fid": 1,
            "nid": 2679,
            "magpsf": 19.969499588012695,
            "sigmapsf": 0.16126300394535065,
            "magnr": 21.464000701904297,
            "sigmagnr": 0.1379999965429306,
            "magzpsci": 26.197500228881836,
            "isdiffpos": "t",
            "ssdistnr": null,
            "ssnamenr": null,
            "drb": null
        },
        {
            "candid": 2683256003515015019,
            "jd": 2460437.7560069,
            "ra": 216.4884224,
            "dec": -2.3923089,
            "fid": 2,
            "nid": 2683,
            "magpsf": 19.26810073852539,
            "sigmapsf": 0.13006000220775604,
            "magnr": 21.464000701904297,
            "sigmagnr": 0.14499999582767487,
            "magzpsci": 26.298099517822266,
            "isdiffpos": "t",
            "ssdistnr": null,
            "ssnamenr": null,
            "drb": null
        },
        {
            "candid": 2683316403515015014,
            "jd": 2460437.8164005,
            "ra": 216.4883299,
            "dec": -2.3922515,
            "fid": 3,
            "nid": 2683,
            "magpsf": 19.1560001373291,
            "sigmapsf": 0.1665010005235672,
            "magnr": 20.719999313354492,
            "sigmagnr": 0.17800000309944153,
            "magzpsci": 25.750999450683594,
            "isdiffpos": "t",
            "ssdistnr": null,
            "ssnamenr": null,
            "drb": null
        },
        {
            "candid": 2684265553515015038,
            "jd": 2460438.7655556,
            "ra": 216.4883674,
            "dec": -2.392274,
            "fid": 2,
            "nid": 2684,
            "magpsf": 19.290300369262695,
            "sigmapsf": 0.11640100181102753,
            "magnr": 21.464000701904297,
            "sigmagnr": 0.14499999582767487,
            "magzpsci": 26.28030014038086,
            "isdiffpos": "t",
            "ssdistnr": null,
            "ssnamenr": null,
            "drb": null
        },
        {
            "candid": 2686294103515015011,
            "jd": 2460440.7941088,
            "ra": 216.4884322,
            "dec": -2.3923919,
            "fid": 1,
            "nid": 2686,
            "magpsf": 20.057899475097656,
            "sigmapsf": 0.22694799304008484,
            "magnr": 21.464000701904297,
            "sigmagnr": 0.1379999965429306,
            "magzpsci": 26.26490020751953,
            "isdiffpos": "t",
            "ssdistnr": null,
            "ssnamenr": null,
            "drb": null
        },
        {
            "candid": 2686366513515015013,
            "jd": 2460440.8665162,
            "ra": 216.4883494,
            "dec": -2.3922682,
            "fid": 2,
            "nid": 2686,
            "magpsf": 19.38050079345703,
            "sigmapsf": 0.13709500432014465,
            "magnr": 21.464000701904297,
            "sigmagnr": 0.14499999582767487,
            "magzpsci": 26.267499923706055,
            "isdiffpos": "t",
            "ssdistnr": null,
            "ssnamenr": null,
            "drb": null
        },
        {
            "candid": 2688270533515015016,
            "jd": 2460442.7705324,
            "ra": 216.4883652,
            "dec": -2.392276,
            "fid": 2,
            "nid": 2688,
            "magpsf": 19.315399169921875,
            "sigmapsf": 0.13486699759960175,
            "magnr": 21.464000701904297,
            "sigmagnr": 0.14499999582767487,
            "magzpsci": 26.286399841308594,
            "isdiffpos": "t",
            "ssdistnr": null,
            "ssnamenr": null,
            "drb": null
        },
        {
            "candid": 2688338793515015043,
            "jd": 2460442.8387963,
            "ra": 216.4883963,
            "dec": -2.3922775,
            "fid": 1,
            "nid": 2688,
            "magpsf": 20.30470085144043,
            "sigmapsf": 0.1936360001564026,
            "magnr": 21.464000701904297,
            "sigmagnr": 0.1379999965429306,
            "magzpsci": 26.25469970703125,
            "isdiffpos": "t",
            "ssdistnr": null,
            "ssnamenr": null,
            "drb": null
        },
        {
            "candid": 2690274323515015018,
            "jd": 2460444.7743287,
            "ra": 216.4883612,
            "dec": -2.3922858,
            "fid": 2,
            "nid": 2690,
            "magpsf": 19.306800842285156,
            "sigmapsf": 0.1157120019197464,
            "magnr": 21.464000701904297,
            "sigmagnr": 0.14499999582767487,
            "magzpsci": 26.280799865722656,
            "isdiffpos": "t",
            "ssdistnr": null,
            "ssnamenr": null,
            "drb": null
        },
        {
            "candid": 2690324613515015016,
            "jd": 2460444.8246181,
            "ra": 216.4883448,
            "dec": -2.3922634,
            "fid": 1,
            "nid": 2690,
            "magpsf": 20.08970069885254,
            "sigmapsf": 0.1758970022201538,
            "magnr": 21.464000701904297,
            "sigmagnr": 0.1379999965429306,
            "magzpsci": 26.281700134277344,
            "isdiffpos": "t",
            "ssdistnr": null,
            "ssnamenr": null,
            "drb": null
        },
        {
            "candid": 2692291953515015015,
            "jd": 2460446.791956,
            "ra": 216.4884079,
            "dec": -2.3922756,
            "fid": 2,
            "nid": 2692,
            "magpsf": 19.420400619506836,
            "sigmapsf": 0.13873900473117828,
            "magnr": 21.464000701904297,
            "sigmagnr": 0.14499999582767487,
            "magzpsci": 26.257400512695312,
            "isdiffpos": "t",
            "ssdistnr": null,
            "ssnamenr": null,
            "drb": null
        },
        {
            "candid": 2694270933515015007,
            "jd": 2460448.7709375,
            "ra": 216.4884491,
            "dec": -2.3922902,
            "fid": 2,
            "nid": 2694,
            "magpsf": 19.30660057067871,
            "sigmapsf": 0.20046000182628632,
            "magnr": 21.464000701904297,
            "sigmagnr": 0.14499999582767487,
            "magzpsci": 26.164600372314453,
            "isdiffpos": "t",
            "ssdistnr": null,
            "ssnamenr": null,
            "drb": null
        },
        {
            "candid": 2702314433515015005,
            "jd": 2460456.8144329,
            "ra": 216.4883808,
            "dec": -2.3922873,
            "fid": 2,
            "nid": 2702,
            "magpsf": 19.59760093688965,
            "sigmapsf": 0.19485799968242645,
            "magnr": 21.464000701904297,
            "sigmagnr": 0.14499999582767487,
            "magzpsci": 26.287599563598633,
            "isdiffpos": "t",
            "ssdistnr": null,
            "ssnamenr": null,
            "drb": null
        },
        {
            "candid": 2704250203515015016,
            "jd": 2460458.7502083,
            "ra": 216.4883458,
            "dec": -2.3923235,
            "fid": 1,
            "nid": 2704,
            "magpsf": 20.54210090637207,
            "sigmapsf": 0.1879809945821762,
            "magnr": 21.464000701904297,
            "sigmagnr": 0.1379999965429306,
            "magzpsci": 26.287099838256836,
            "isdiffpos": "t",
            "ssdistnr": null,
            "ssnamenr": null,
            "drb": null
        },
        {
            "candid": 2704338863515015010,
            "jd": 2460458.8388657,
            "ra": 216.4883835,
            "dec": -2.3922757,
            "fid": 2,
            "nid": 2704,
            "magpsf": 19.6023006439209,
            "sigmapsf": 0.15626199543476105,
            "magnr": 21.464000701904297,
            "sigmagnr": 0.14499999582767487,
            "magzpsci": 26.265300750732422,
            "isdiffpos": "t",
            "ssdistnr": null,
            "ssnamenr": null,
            "drb": null
        },
        {
            "candid": 2706250233515025012,
            "jd": 2460460.7502315,
            "ra": 216.4883574,
            "dec": -2.3922193,
            "fid": 1,
            "nid": 2706,
            "magpsf": 20.65570068359375,
            "sigmapsf": 0.31575798988342285,
            "magnr": 21.464000701904297,
            "sigmagnr": 0.1379999965429306,
            "magzpsci": 26.251699447631836,
            "isdiffpos": "t",
            "ssdistnr": null,
            "ssnamenr": null,
            "drb": null
        },
        {
            "candid": 2708208293515015014,
            "jd": 2460462.7082986,
            "ra": 216.4883407,
            "dec": -2.3922951,
            "fid": 2,
            "nid": 2708,
            "magpsf": 19.661800384521484,
            "sigmapsf": 0.10429900139570236,
            "magnr": 21.464000701904297,
            "sigmagnr": 0.14499999582767487,
            "magzpsci": 26.287799835205078,
            "isdiffpos": "t",
            "ssdistnr": null,
            "ssnamenr": null,
            "drb": null
        },
        {
            "candid": 2715276273515015015,
            "jd": 2460469.7762731,
            "ra": 216.4883578,
            "dec": -2.3922913,
            "fid": 2,
            "nid": 2715,
            "magpsf": 20.23189926147461,
            "sigmapsf": 0.19271500408649445,
            "magnr": 21.464000701904297,
            "sigmagnr": 0.14499999582767487,
            "magzpsci": 26.256900787353516,
            "isdiffpos": "t",
            "ssdistnr": null,
            "ssnamenr": null,
            "drb": null
        },
        {
            "candid": 2717292113515015016,
            "jd": 2460471.7921181,
            "ra": 216.4883924,
            "dec": -2.3922096,
            "fid": 2,
            "nid": 2717,
            "magpsf": 20.33379554748535,
            "sigmapsf": 0.15946327149868011,
            "magnr": 21.464000701904297,
            "sigmagnr": 0.14499999582767487,
            "magzpsci": 26.26079559326172,
            "isdiffpos": "t",
            "ssdistnr": -999.0,
            "ssnamenr": "null",
            "drb": null
        },
        {
            "jd": 2460326.0279861,
            "fid": 1,
            "diffmaglim": 20.207000732421875
        },
        {
            "jd": 2460351.923669,
            "fid": 1,
            "diffmaglim": 20.10759925842285
        },
        {
            "jd": 2460352.0012153,
            "fid": 2,
            "diffmaglim": 20.07550048828125
        },
        {
            "jd": 2460353.9712731,
            "fid": 2,
            "diffmaglim": 20.252700805664062
        },
        {
            "jd": 2460353.9839236,
            "fid": 1,
            "diffmaglim": 20.15920066833496
        },
        {
            "jd": 2460363.9003588,
            "fid": 1,
            "diffmaglim": 18.455900192260742
        },
        {
            "jd": 2460363.9607407,
            "fid": 2,
            "diffmaglim": 17.451000213623047
        },
        {
            "jd": 2460383.8711343,
            "fid": 1,
            "diffmaglim": 19.35420036315918
        },
        {
            "jd": 2460383.9362037,
            "fid": 2,
            "diffmaglim": 17.805099487304688
        },
        {
            "jd": 2460392.8781829,
            "fid": 2,
            "diffmaglim": 18.060400009155273
        },
        {
            "jd": 2460398.8095949,
            "fid": 1,
            "diffmaglim": 19.239500045776367
        },
        {
            "jd": 2460417.8521181,
            "fid": 1,
            "diffmaglim": 19.997499465942383
        },
        {
            "jd": 2460419.8171644,
            "fid": 1,
            "diffmaglim": 19.637699127197266
        },
        {
            "jd": 2460421.8127431,
            "fid": 1,
            "diffmaglim": 19.215499877929688
        },
        {
            "jd": 2460421.8829167,
            "fid": 2,
            "diffmaglim": 19.435400009155273
        },
        {
            "jd": 2460431.8161343,
            "fid": 1,
            "diffmaglim": 20.721399307250977
        },
        {
            "jd": 2460437.9456597,
            "fid": 1,
            "diffmaglim": 19.81920051574707
        },
        {
            "jd": 2460446.8386921,
            "fid": 1,
            "diffmaglim": 19.85059928894043
        },
        {
            "jd": 2460448.8446296,
            "fid": 1,
            "diffmaglim": 19.633399963378906
        },
        {
            "jd": 2460452.8583333,
            "fid": 2,
            "diffmaglim": 18.03019905090332
        },
        {
            "jd": 2460462.7503009,
            "fid": 1,
            "diffmaglim": 20.780099868774414
        },
        {
            "jd": 2460464.7907176,
            "fid": 1,
            "diffmaglim": 20.02079963684082
        },
        {
            "jd": 2460469.7282176,
            "fid": 1,
            "diffmaglim": 20.56100082397461
        },
        {
            "jd": 2460471.7287616,
            "fid": 1,
            "diffmaglim": 20.637800216674805
        }
    ],
    "forcedphot": [
        {
            "objectid": "ZTF24aafqzur",
            "jd": 2460326.0279861,
            "ranr": 216.4881248,
            "decnr": -2.392376,
            "fid": 1,
            "forcediffimflux": -17.5614070892334,
            "forcediffimfluxunc": 37.381309509277344,
            "magzpsci": 26.28459930419922
        },
        {
            "objectid": "ZTF24aafqzur",
            "jd": 2460351.923669,
            "ranr": 216.4881248,
            "decnr": -2.392376,
            "fid": 1,
            "forcediffimflux": -14.493715286254883,
            "forcediffimfluxunc": 40.445281982421875,
            "magzpsci": 26.240999221801758
        },
        {
            "objectid": "ZTF24aafqzur",
            "jd": 2460352.0012153,
            "ranr": 216.4876635,
            "decnr": -2.3911952,
            "fid": 2,
            "forcediffimflux": 2.9858739376068115,
            "forcediffimfluxunc": 40.986324310302734,
            "magzpsci": 26.315099716186523
        },
        {
            "objectid": "ZTF24aafqzur",
            "jd": 2460353.9712731,
            "ranr": 216.4876635,
            "decnr": -2.3911952,
            "fid": 2,
            "forcediffimflux": 3.7201950550079346,
            "forcediffimfluxunc": 38.7950553894043,
            "magzpsci": 26.315900802612305
        },
        {
            "objectid": "ZTF24aafqzur",
            "jd": 2460353.9858102,
            "ranr": -99999.0,
            "decnr": -99999.0,
            "fid": 1,
            "forcediffimflux": -99999.0,
            "forcediffimfluxunc": -99999.0,
            "magzpsci": 26.32900047302246
        },
        {
            "objectid": "ZTF24aafqzur",
            "jd": 2460355.9776157,
            "ranr": -99999.0,
            "decnr": -99999.0,
            "fid": 2,
            "forcediffimflux": -99999.0,
            "forcediffimfluxunc": -99999.0,
            "magzpsci": 26.27090072631836
        },
        {
            "objectid": "ZTF24aafqzur",
            "jd": 2460356.0198843,
            "ranr": -99999.0,
            "decnr": -99999.0,
            "fid": 1,
            "forcediffimflux": -99999.0,
            "forcediffimfluxunc": -99999.0,
            "magzpsci": 26.3356990814209
        },
        {
            "objectid": "ZTF24aafqzur",
            "jd": 2460356.0203588,
            "ranr": 216.4881248,
            "decnr": -2.392376,
            "fid": 1,
            "forcediffimflux": 411.2917175292969,
            "forcediffimfluxunc": 36.6087646484375,
            "magzpsci": 26.32740020751953
        },
        {
            "objectid": "ZTF24aafqzur",
            "jd": 2460363.9027199,
            "ranr": -99999.0,
            "decnr": -99999.0,
            "fid": 1,
            "forcediffimflux": -99999.0,
            "forcediffimfluxunc": -99999.0,
            "magzpsci": 26.115400314331055
        },
        {
            "objectid": "ZTF24aafqzur",
            "jd": 2460374.9667593,
            "ranr": -99999.0,
            "decnr": -99999.0,
            "fid": 2,
            "forcediffimflux": -99999.0,
            "forcediffimfluxunc": -99999.0,
            "magzpsci": 26.28569984436035
        },
        {
            "objectid": "ZTF24aafqzur",
            "jd": 2460375.0326736,
            "ranr": 216.4881248,
            "decnr": -2.392376,
            "fid": 1,
            "forcediffimflux": 345.4890441894531,
            "forcediffimfluxunc": 41.98657989501953,
            "magzpsci": 25.911300659179688
        },
        {
            "objectid": "ZTF24aafqzur",
            "jd": 2460383.8711343,
            "ranr": 216.4881248,
            "decnr": -2.392376,
            "fid": 1,
            "forcediffimflux": 160.761962890625,
            "forcediffimfluxunc": 40.476783752441406,
            "magzpsci": 25.690000534057617
        },
        {
            "objectid": "ZTF24aafqzur",
            "jd": 2460390.873206,
            "ranr": -99999.0,
            "decnr": -99999.0,
            "fid": 2,
            "forcediffimflux": -99999.0,
            "forcediffimfluxunc": -99999.0,
            "magzpsci": 26.25749969482422
        },
        {
            "objectid": "ZTF24aafqzur",
            "jd": 2460390.9316667,
            "ranr": 216.4876635,
            "decnr": -2.3911952,
            "fid": 2,
            "forcediffimflux": 760.26318359375,
            "forcediffimfluxunc": 43.468345642089844,
            "magzpsci": 26.29789924621582
        },
        {
            "objectid": "ZTF24aafqzur",
            "jd": 2460390.9482639,
            "ranr": 216.4881248,
            "decnr": -2.392376,
            "fid": 1,
            "forcediffimflux": 433.8141174316406,
            "forcediffimfluxunc": 49.85110092163086,
            "magzpsci": 26.28730010986328
        },
        {
            "objectid": "ZTF24aafqzur",
            "jd": 2460392.8655208,
            "ranr": -99999.0,
            "decnr": -99999.0,
            "fid": 2,
            "forcediffimflux": -99999.0,
            "forcediffimfluxunc": -99999.0,
            "magzpsci": 25.856399536132812
        },
        {
            "objectid": "ZTF24aafqzur",
            "jd": 2460398.8095949,
            "ranr": 216.4881248,
            "decnr": -2.392376,
            "fid": 1,
            "forcediffimflux": 336.9572448730469,
            "forcediffimfluxunc": 83.79154205322266,
            "magzpsci": 26.24850082397461
        },
        {
            "objectid": "ZTF24aafqzur",
            "jd": 2460398.930787,
            "ranr": -99999.0,
            "decnr": -99999.0,
            "fid": 2,
            "forcediffimflux": -99999.0,
            "forcediffimfluxunc": -99999.0,
            "magzpsci": 26.274099349975586
        },
        {
            "objectid": "ZTF24aafqzur",
            "jd": 2460398.9317361,
            "ranr": 216.4876635,
            "decnr": -2.3911952,
            "fid": 2,
            "forcediffimflux": 689.3438110351562,
            "forcediffimfluxunc": 71.94400024414062,
            "magzpsci": 26.297000885009766
        },
        {
            "objectid": "ZTF24aafqzur",
            "jd": 2460404.8571296,
            "ranr": -99999.0,
            "decnr": -99999.0,
            "fid": 2,
            "forcediffimflux": -99999.0,
            "forcediffimfluxunc": -99999.0,
            "magzpsci": 26.27549934387207
        },
        {
            "objectid": "ZTF24aafqzur",
            "jd": 2460404.8789005,
            "ranr": -99999.0,
            "decnr": -99999.0,
            "fid": 1,
            "forcediffimflux": -99999.0,
            "forcediffimfluxunc": -99999.0,
            "magzpsci": 26.326000213623047
        },
        {
            "objectid": "ZTF24aafqzur",
            "jd": 2460408.8350463,
            "ranr": -99999.0,
            "decnr": -99999.0,
            "fid": 1,
            "forcediffimflux": -99999.0,
            "forcediffimfluxunc": -99999.0,
            "magzpsci": 26.26740074157715
        },
        {
            "objectid": "ZTF24aafqzur",
            "jd": 2460408.8541088,
            "ranr": 216.4881248,
            "decnr": -2.392376,
            "fid": 1,
            "forcediffimflux": 334.7528991699219,
            "forcediffimfluxunc": 31.577728271484375,
            "magzpsci": 26.2593994140625
        },
        {
            "objectid": "ZTF24aafqzur",
            "jd": 2460408.9018287,
            "ranr": -99999.0,
            "decnr": -99999.0,
            "fid": 2,
            "forcediffimflux": -99999.0,
            "forcediffimfluxunc": -99999.0,
            "magzpsci": 26.22879981994629
        },
        {
            "objectid": "ZTF24aafqzur",
            "jd": 2460408.9022917,
            "ranr": 216.4876635,
            "decnr": -2.3911952,
            "fid": 2,
            "forcediffimflux": 710.230224609375,
            "forcediffimfluxunc": 33.8036003112793,
            "magzpsci": 26.259599685668945
        },
        {
            "objectid": "ZTF24aafqzur",
            "jd": 2460413.8373264,
            "ranr": -99999.0,
            "decnr": -99999.0,
            "fid": 1,
            "forcediffimflux": -99999.0,
            "forcediffimfluxunc": -99999.0,
            "magzpsci": 26.271099090576172
        },
        {
            "objectid": "ZTF24aafqzur",
            "jd": 2460413.8532176,
            "ranr": 216.4881248,
            "decnr": -2.392376,
            "fid": 1,
            "forcediffimflux": 293.15814208984375,
            "forcediffimfluxunc": 24.732452392578125,
            "magzpsci": 26.270599365234375
        },
        {
            "objectid": "ZTF24aafqzur",
            "jd": 2460413.8990394,
            "ranr": -99999.0,
            "decnr": -99999.0,
            "fid": 2,
            "forcediffimflux": -99999.0,
            "forcediffimfluxunc": -99999.0,
            "magzpsci": 26.25079917907715
        },
        {
            "objectid": "ZTF24aafqzur",
            "jd": 2460417.8521181,
            "ranr": 216.4881248,
            "decnr": -2.392376,
            "fid": 1,
            "forcediffimflux": 293.62078857421875,
            "forcediffimfluxunc": 42.72395706176758,
            "magzpsci": 26.291799545288086
        },
        {
            "objectid": "ZTF24aafqzur",
            "jd": 2460417.8593519,
            "ranr": -99999.0,
            "decnr": -99999.0,
            "fid": 2,
            "forcediffimflux": -99999.0,
            "forcediffimfluxunc": -99999.0,
            "magzpsci": 26.27589988708496
        },
        {
            "objectid": "ZTF24aafqzur",
            "jd": 2460419.8181019,
            "ranr": -99999.0,
            "decnr": -99999.0,
            "fid": 1,
            "forcediffimflux": -99999.0,
            "forcediffimfluxunc": -99999.0,
            "magzpsci": 26.315500259399414
        },
        {
            "objectid": "ZTF24aafqzur",
            "jd": 2460419.902419,
            "ranr": -99999.0,
            "decnr": -99999.0,
            "fid": 2,
            "forcediffimflux": -99999.0,
            "forcediffimfluxunc": -99999.0,
            "magzpsci": 26.267200469970703
        },
        {
            "objectid": "ZTF24aafqzur",
            "jd": 2460421.8127431,
            "ranr": 216.4881248,
            "decnr": -2.392376,
            "fid": 1,
            "forcediffimflux": 304.83709716796875,
            "forcediffimfluxunc": 82.92765045166016,
            "magzpsci": 26.234899520874023
        },
        {
            "objectid": "ZTF24aafqzur",
            "jd": 2460421.8829167,
            "ranr": 216.4876635,
            "decnr": -2.3911952,
            "fid": 2,
            "forcediffimflux": 748.9569091796875,
            "forcediffimfluxunc": 70.77069854736328,
            "magzpsci": 26.2810001373291
        },
        {
            "objectid": "ZTF24aafqzur",
            "jd": 2460422.7949884,
            "ranr": -99999.0,
            "decnr": -99999.0,
            "fid": 2,
            "forcediffimflux": -99999.0,
            "forcediffimfluxunc": -99999.0,
            "magzpsci": 26.270599365234375
        },
        {
            "objectid": "ZTF24aafqzur",
            "jd": 2460422.8265972,
            "ranr": -99999.0,
            "decnr": -99999.0,
            "fid": 1,
            "forcediffimflux": -99999.0,
            "forcediffimfluxunc": -99999.0,
            "magzpsci": 26.28420066833496
        },
        {
            "objectid": "ZTF24aafqzur",
            "jd": 2460429.7954167,
            "ranr": -99999.0,
            "decnr": -99999.0,
            "fid": 1,
            "forcediffimflux": -99999.0,
            "forcediffimfluxunc": -99999.0,
            "magzpsci": 26.289199829101562
        },
        {
            "objectid": "ZTF24aafqzur",
            "jd": 2460429.8568519,
            "ranr": -99999.0,
            "decnr": -99999.0,
            "fid": 2,
            "forcediffimflux": -99999.0,
            "forcediffimfluxunc": -99999.0,
            "magzpsci": 26.26580047607422
        },
        {
            "objectid": "ZTF24aafqzur",
            "jd": 2460431.7534491,
            "ranr": -99999.0,
            "decnr": -99999.0,
            "fid": 2,
            "forcediffimflux": -99999.0,
            "forcediffimfluxunc": -99999.0,
            "magzpsci": 26.26609992980957
        },
        {
            "objectid": "ZTF24aafqzur",
            "jd": 2460431.829456,
            "ranr": -99999.0,
            "decnr": -99999.0,
            "fid": 1,
            "forcediffimflux": -99999.0,
            "forcediffimfluxunc": -99999.0,
            "magzpsci": 26.31410026550293
        },
        {
            "objectid": "ZTF24aafqzur",
            "jd": 2460433.8407523,
            "ranr": 216.4881248,
            "decnr": -2.392376,
            "fid": 1,
            "forcediffimflux": 308.7484436035156,
            "forcediffimfluxunc": 25.287548065185547,
            "magzpsci": 26.197500228881836
        },
        {
            "objectid": "ZTF24aafqzur",
            "jd": 2460434.8329514,
            "ranr": -99999.0,
            "decnr": -99999.0,
            "fid": 1,
            "forcediffimflux": -99999.0,
            "forcediffimfluxunc": -99999.0,
            "magzpsci": 26.256399154663086
        },
        {
            "objectid": "ZTF24aafqzur",
            "jd": 2460434.8381829,
            "ranr": -99999.0,
            "decnr": -99999.0,
            "fid": 2,
            "forcediffimflux": -99999.0,
            "forcediffimfluxunc": -99999.0,
            "magzpsci": 26.23590087890625
        },
        {
            "objectid": "ZTF24aafqzur",
            "jd": 2460437.7569444,
            "ranr": -99999.0,
            "decnr": -99999.0,
            "fid": 2,
            "forcediffimflux": -99999.0,
            "forcediffimfluxunc": -99999.0,
            "magzpsci": 26.27829933166504
        },
        {
            "objectid": "ZTF24aafqzur",
            "jd": 2460437.8164005,
            "ranr": 216.4873669,
            "decnr": -2.3923401,
            "fid": 3,
            "forcediffimflux": 439.36614990234375,
            "forcediffimfluxunc": 31.739778518676758,
            "magzpsci": 25.750999450683594
        },
        {
            "objectid": "ZTF24aafqzur",
            "jd": 2460437.9456597,
            "ranr": 216.4881248,
            "decnr": -2.392376,
            "fid": 1,
            "forcediffimflux": 169.31353759765625,
            "forcediffimfluxunc": 40.89970016479492,
            "magzpsci": 26.09000015258789
        },
        {
            "objectid": "ZTF24aafqzur",
            "jd": 2460438.7521528,
            "ranr": -99999.0,
            "decnr": -99999.0,
            "fid": 2,
            "forcediffimflux": -99999.0,
            "forcediffimfluxunc": -99999.0,
            "magzpsci": 26.249500274658203
        },
        {
            "objectid": "ZTF24aafqzur",
            "jd": 2460438.7655556,
            "ranr": 216.4876635,
            "decnr": -2.3911952,
            "fid": 2,
            "forcediffimflux": 642.6712036132812,
            "forcediffimfluxunc": 31.956031799316406,
            "magzpsci": 26.28030014038086
        },
        {
            "objectid": "ZTF24aafqzur",
            "jd": 2460438.8388079,
            "ranr": -99999.0,
            "decnr": -99999.0,
            "fid": 3,
            "forcediffimflux": -99999.0,
            "forcediffimfluxunc": -99999.0,
            "magzpsci": 25.718599319458008
        },
        {
            "objectid": "ZTF24aafqzur",
            "jd": 2460440.7941088,
            "ranr": 216.4881248,
            "decnr": -2.392376,
            "fid": 1,
            "forcediffimflux": 288.81097412109375,
            "forcediffimfluxunc": 38.21437072753906,
            "magzpsci": 26.26490020751953
        },
        {
            "objectid": "ZTF24aafqzur",
            "jd": 2460440.8636921,
            "ranr": -99999.0,
            "decnr": -99999.0,
            "fid": 2,
            "forcediffimflux": -99999.0,
            "forcediffimfluxunc": -99999.0,
            "magzpsci": 26.236000061035156
        },
        {
            "objectid": "ZTF24aafqzur",
            "jd": 2460440.8665162,
            "ranr": 216.4876635,
            "decnr": -2.3911952,
            "fid": 2,
            "forcediffimflux": 575.0773315429688,
            "forcediffimfluxunc": 37.95438766479492,
            "magzpsci": 26.267499923706055
        },
        {
            "objectid": "ZTF24aafqzur",
            "jd": 2460442.7695949,
            "ranr": -99999.0,
            "decnr": -99999.0,
            "fid": 2,
            "forcediffimflux": -99999.0,
            "forcediffimfluxunc": -99999.0,
            "magzpsci": 26.25119972229004
        },
        {
            "objectid": "ZTF24aafqzur",
            "jd": 2460442.7705324,
            "ranr": 216.4876635,
            "decnr": -2.3911952,
            "fid": 2,
            "forcediffimflux": 611.194580078125,
            "forcediffimfluxunc": 33.876426696777344,
            "magzpsci": 26.286399841308594
        },
        {
            "objectid": "ZTF24aafqzur",
            "jd": 2460442.8187731,
            "ranr": -99999.0,
            "decnr": -99999.0,
            "fid": 1,
            "forcediffimflux": -99999.0,
            "forcediffimfluxunc": -99999.0,
            "magzpsci": 26.281200408935547
        },
        {
            "objectid": "ZTF24aafqzur",
            "jd": 2460442.8387963,
            "ranr": 216.4881248,
            "decnr": -2.392376,
            "fid": 1,
            "forcediffimflux": 242.91998291015625,
            "forcediffimfluxunc": 29.60127830505371,
            "magzpsci": 26.25469970703125
        },
        {
            "objectid": "ZTF24aafqzur",
            "jd": 2460444.796088,
            "ranr": -99999.0,
            "decnr": -99999.0,
            "fid": 2,
            "forcediffimflux": -99999.0,
            "forcediffimfluxunc": -99999.0,
            "magzpsci": 26.27519989013672
        },
        {
            "objectid": "ZTF24aafqzur",
            "jd": 2460444.8255671,
            "ranr": -99999.0,
            "decnr": -99999.0,
            "fid": 1,
            "forcediffimflux": -99999.0,
            "forcediffimfluxunc": -99999.0,
            "magzpsci": 26.285400390625
        },
        {
            "objectid": "ZTF24aafqzur",
            "jd": 2460446.7939699,
            "ranr": -99999.0,
            "decnr": -99999.0,
            "fid": 2,
            "forcediffimflux": -99999.0,
            "forcediffimfluxunc": -99999.0,
            "magzpsci": 26.270299911499023
        },
        {
            "objectid": "ZTF24aafqzur",
            "jd": 2460446.8386921,
            "ranr": 216.4881248,
            "decnr": -2.392376,
            "fid": 1,
            "forcediffimflux": 203.75228881835938,
            "forcediffimfluxunc": 44.335269927978516,
            "magzpsci": 26.24370002746582
        },
        {
            "objectid": "ZTF24aafqzur",
            "jd": 2460448.7699884,
            "ranr": -99999.0,
            "decnr": -99999.0,
            "fid": 2,
            "forcediffimflux": -99999.0,
            "forcediffimfluxunc": -99999.0,
            "magzpsci": 26.189300537109375
        },
        {
            "objectid": "ZTF24aafqzur",
            "jd": 2460448.7709375,
            "ranr": 216.4876635,
            "decnr": -2.3911952,
            "fid": 2,
            "forcediffimflux": 546.0953369140625,
            "forcediffimfluxunc": 55.62702178955078,
            "magzpsci": 26.164600372314453
        },
        {
            "objectid": "ZTF24aafqzur",
            "jd": 2460448.8696296,
            "ranr": -99999.0,
            "decnr": -99999.0,
            "fid": 1,
            "forcediffimflux": -99999.0,
            "forcediffimfluxunc": -99999.0,
            "magzpsci": 26.232099533081055
        },
        {
            "objectid": "ZTF24aafqzur",
            "jd": 2460450.7521759,
            "ranr": -99999.0,
            "decnr": -99999.0,
            "fid": 2,
            "forcediffimflux": -99999.0,
            "forcediffimfluxunc": -99999.0,
            "magzpsci": 26.237899780273438
        },
        {
            "objectid": "ZTF24aafqzur",
            "jd": 2460450.7944444,
            "ranr": -99999.0,
            "decnr": -99999.0,
            "fid": 1,
            "forcediffimflux": -99999.0,
            "forcediffimfluxunc": -99999.0,
            "magzpsci": 26.260700225830078
        },
        {
            "objectid": "ZTF24aafqzur",
            "jd": 2460455.731794,
            "ranr": -99999.0,
            "decnr": -99999.0,
            "fid": 1,
            "forcediffimflux": -99999.0,
            "forcediffimfluxunc": -99999.0,
            "magzpsci": 26.29640007019043
        },
        {
            "objectid": "ZTF24aafqzur",
            "jd": 2460456.8144329,
            "ranr": 216.4876635,
            "decnr": -2.3911952,
            "fid": 2,
            "forcediffimflux": 473.8646240234375,
            "forcediffimfluxunc": 44.42642593383789,
            "magzpsci": 26.287599563598633
        },
        {
            "objectid": "ZTF24aafqzur",
            "jd": 2460457.7514931,
            "ranr": -99999.0,
            "decnr": -99999.0,
            "fid": 1,
            "forcediffimflux": -99999.0,
            "forcediffimfluxunc": -99999.0,
            "magzpsci": 26.30340003967285
        },
        {
            "objectid": "ZTF24aafqzur",
            "jd": 2460457.8153935,
            "ranr": -99999.0,
            "decnr": -99999.0,
            "fid": 2,
            "forcediffimflux": -99999.0,
            "forcediffimfluxunc": -99999.0,
            "magzpsci": 26.260900497436523
        },
        {
            "objectid": "ZTF24aafqzur",
            "jd": 2460458.7502083,
            "ranr": 216.4881248,
            "decnr": -2.392376,
            "fid": 1,
            "forcediffimflux": 196.56651306152344,
            "forcediffimfluxunc": 25.852359771728516,
            "magzpsci": 26.287099838256836
        },
        {
            "objectid": "ZTF24aafqzur",
            "jd": 2460458.8388657,
            "ranr": 216.4876635,
            "decnr": -2.3911952,
            "fid": 2,
            "forcediffimflux": 490.7660827636719,
            "forcediffimfluxunc": 35.96613311767578,
            "magzpsci": 26.265300750732422
        },
        {
            "objectid": "ZTF24aafqzur",
            "jd": 2460459.8568981,
            "ranr": -99999.0,
            "decnr": -99999.0,
            "fid": 2,
            "forcediffimflux": -99999.0,
            "forcediffimfluxunc": -99999.0,
            "magzpsci": 26.222299575805664
        },
        {
            "objectid": "ZTF24aafqzur",
            "jd": 2460460.7502315,
            "ranr": 216.4881248,
            "decnr": -2.392376,
            "fid": 1,
            "forcediffimflux": 171.9678192138672,
            "forcediffimfluxunc": 30.567821502685547,
            "magzpsci": 26.251699447631836
        },
        {
            "objectid": "ZTF24aafqzur",
            "jd": 2460461.7709606,
            "ranr": -99999.0,
            "decnr": -99999.0,
            "fid": 1,
            "forcediffimflux": -99999.0,
            "forcediffimfluxunc": -99999.0,
            "magzpsci": 26.253299713134766
        },
        {
            "objectid": "ZTF24aafqzur",
            "jd": 2460461.7916435,
            "ranr": -99999.0,
            "decnr": -99999.0,
            "fid": 2,
            "forcediffimflux": -99999.0,
            "forcediffimfluxunc": -99999.0,
            "magzpsci": 26.22909927368164
        },
        {
            "objectid": "ZTF24aafqzur",
            "jd": 2460462.7082986,
            "ranr": 216.4876635,
            "decnr": -2.3911952,
            "fid": 2,
            "forcediffimflux": 450.5424499511719,
            "forcediffimfluxunc": 25.987751007080078,
            "magzpsci": 26.287799835205078
        },
        {
            "objectid": "ZTF24aafqzur",
            "jd": 2460462.7503009,
            "ranr": 216.4881248,
            "decnr": -2.392376,
            "fid": 1,
            "forcediffimflux": 160.70106506347656,
            "forcediffimfluxunc": 21.025909423828125,
            "magzpsci": 26.263200759887695
        },
        {
            "objectid": "ZTF24aafqzur",
            "jd": 2460463.7548611,
            "ranr": -99999.0,
            "decnr": -99999.0,
            "fid": 2,
            "forcediffimflux": -99999.0,
            "forcediffimfluxunc": -99999.0,
            "magzpsci": 26.245100021362305
        },
        {
            "objectid": "ZTF24aafqzur",
            "jd": 2460463.7951157,
            "ranr": -99999.0,
            "decnr": -99999.0,
            "fid": 1,
            "forcediffimflux": -99999.0,
            "forcediffimfluxunc": -99999.0,
            "magzpsci": 26.247699737548828
        },
        {
            "objectid": "ZTF24aafqzur",
            "jd": 2460464.7907176,
            "ranr": 216.4881248,
            "decnr": -2.392376,
            "fid": 1,
            "forcediffimflux": 94.6484146118164,
            "forcediffimfluxunc": 27.604961395263672,
            "magzpsci": 25.93320083618164
        },
        {
            "objectid": "ZTF24aafqzur",
            "jd": 2460469.7282176,
            "ranr": 216.4881248,
            "decnr": -2.392376,
            "fid": 1,
            "forcediffimflux": 109.45713806152344,
            "forcediffimfluxunc": 24.774002075195312,
            "magzpsci": 26.250499725341797
        },
        {
            "objectid": "ZTF24aafqzur",
            "jd": 2460469.7762731,
            "ranr": 216.4876635,
            "decnr": -2.3911952,
            "fid": 2,
            "forcediffimflux": 257.040771484375,
            "forcediffimfluxunc": 27.298646926879883,
            "magzpsci": 26.256900787353516
        },
        {
            "objectid": "ZTF24aafqzur",
            "jd": 2460471.7287616,
            "ranr": 216.4881248,
            "decnr": -2.392376,
            "fid": 1,
            "forcediffimflux": 39.37474822998047,
            "forcediffimfluxunc": 24.622102737426758,
            "magzpsci": 26.26759910583496
        }
    ]
}