{
    "objectId": "ZTF23abhzxwm",
    "candidates": [
        {
            "candid": 2468151444215015013,
            "jd": 2460222.6514468,
            "ra": 285.4249652,
            "dec": 40.7516357,
            "fid": 2,
            "nid": 2468,
            "magpsf": 17.901500701904297,
            "sigmapsf": 0.04907400161027908,
            "magnr": 16.21500015258789,
            "sigmagnr": 0.0989999994635582,
            "magzpsci": 26.441499710083008,
            "isdiffpos": "t",
            "ssdistnr": null,
            "ssnamenr": null,
            "drb": 0.9999562501907349
        },
        {
            "candid": 2468172744215015013,
            "jd": 2460222.6727431,
            "ra": 285.424997,
            "dec": 40.7516401,
            "fid": 1,
            "nid": 2468,
            "magpsf": 17.473100662231445,
            "sigmapsf": 0.06189500167965889,
            "magnr": 16.392000198364258,
            "sigmagnr": 0.07500000298023224,
            "magzpsci": 26.381099700927734,
            "isdiffpos": "t",
            "ssdistnr": null,
            "ssnamenr": null,
            "drb": null
        },
        {
            "candid": 2470185874215015029,
            "jd": 2460224.6858796,
            "ra": 285.4249233,
            "dec": 40.7516274,
            "fid": 2,
            "nid": 2470,
            "magpsf": 16.93470001220703,
            "sigmapsf": 0.031612999737262726,
            "magnr": 16.21500015258789,
            "sigmagnr": 0.0989999994635582,
            "magzpsci": 26.42569923400879,
            "isdiffpos": "t",
            "ssdistnr": null,
            "ssnamenr": null,
            "drb": null
        },
        {
            "candid": 2470193874215015014,
            "jd": 2460224.6938773,
            "ra": 285.4249799,
            "dec": 40.7516237,
            "fid": 1,
            "nid": 2470,
            "magpsf": 16.723499298095703,
            "sigmapsf": 0.023910999298095703,
            "magnr": 16.392000198364258,
            "sigmagnr": 0.07500000298023224,
            "magzpsci": 26.34149932861328,
            "isdiffpos": "t",
            "ssdistnr": null,
            "ssnamenr": null,
            "drb": null
        },
        {
            "candid": 2474158224215015009,
            "jd": 2460228.6582292,
            "ra": 285.424964,
            "dec": 40.7515695,
            "fid": 2,
            "nid": 2474,
            "magpsf": 16.693599700927734,
            "sigmapsf": 0.028745999559760094,
            "magnr": 16.21500015258789,
            "sigmagnr": 0.0989999994635582,
            "magzpsci": 26.43560028076172,
            "isdiffpos": "t",
            "ssdistnr": null,
            "ssnamenr": null,
            "drb": null
        },
        {
            "candid": 2474268144215015024,
            "jd": 2460228.7681481,
            "ra": 285.4250229,
            "dec": 40.7515907,
            "fid": 1,
            "nid": 2474,
            "magpsf": 16.711299896240234,
            "sigmapsf": 0.021622000262141228,
            "magnr": 16.392000198364258,
            "sigmagnr": 0.07500000298023224,
            "magzpsci": 26.268299102783203,
            "isdiffpos": "t",
            "ssdistnr": null,
            "ssnamenr": null,
            "drb": null
        },
        {
            "candid": 2477141664215015007,
            "jd": 2460231.6416667,
            "ra": 285.424965,
            "dec": 40.7516191,
            "fid": 2,
            "nid": 2477,
            "magpsf": 16.657699584960938,
            "sigmapsf": 0.03456899896264076,
            "magnr": 16.21500015258789,
            "sigmagnr": 0.0989999994635582,
            "magzpsci": 26.426700592041016,
            "isdiffpos": "t",
            "ssdistnr": null,
            "ssnamenr": null,
            "drb": null
        },
        {
            "candid": 2477179734215015012,
            "jd": 2460231.6797338,
            "ra": 285.424947,
            "dec": 40.7516405,
            "fid": 1,
            "nid": 2477,
            "magpsf": 16.699199676513672,
            "sigmapsf": 0.026348000392317772,
            "magnr": 16.392000198364258,
            "sigmagnr": 0.07500000298023224,
            "magzpsci": 26.356199264526367,
            "isdiffpos": "t",
            "ssdistnr": null,
            "ssnamenr": null,
            "drb": null
        },
        {
            "candid": 2479124684215015015,
            "jd": 2460233.6246875,
            "ra": 285.4249415,
            "dec": 40.7516387,
            "fid": 1,
            "nid": 2479,
            "magpsf": 16.754899978637695,
            "sigmapsf": 0.038697998970746994,
            "magnr": 16.392000198364258,
            "sigmagnr": 0.07500000298023224,
            "magzpsci": 26.38990020751953,
            "isdiffpos": "t",
            "ssdistnr": null,
            "ssnamenr": null,
            "drb": null
        },
        {
            "candid": 2479138124215015016,
            "jd": 2460233.638125,
            "ra": 285.4249398,
            "dec": 40.7516301,
            "fid": 2,
            "nid": 2479,
            "magpsf": 16.690200805664062,
            "sigmapsf": 0.02071000076830387,
            "magnr": 16.21500015258789,
            "sigmagnr": 0.0989999994635582,
            "magzpsci": 26.43320083618164,
            "isdiffpos": "t",
            "ssdistnr": null,
            "ssnamenr": null,
            "drb": null
        },
        {
            "candid": 2481133134215015014,
            "jd": 2460235.6331366,
            "ra": 285.4249414,
            "dec": 40.7516204,
            "fid": 2,
            "nid": 2481,
            "magpsf": 16.73780059814453,
            "sigmapsf": 0.02314699999988079,
            "magnr": 16.21500015258789,
            "sigmagnr": 0.0989999994635582,
            "magzpsci": 26.431800842285156,
            "isdiffpos": "t",
            "ssdistnr": null,
            "ssnamenr": null,
            "drb": null
        },
        {
            "candid": 2481173594215015014,
            "jd": 2460235.6735995,
            "ra": 285.4249462,
            "dec": 40.7516332,
            "fid": 1,
            "nid": 2481,
            "magpsf": 16.787599563598633,
            "sigmapsf": 0.021618999540805817,
            "magnr": 16.392000198364258,
            "sigmagnr": 0.07500000298023224,
            "magzpsci": 26.360599517822266,
            "isdiffpos": "t",
            "ssdistnr": null,
            "ssnamenr": null,
            "drb": null
        },
        {
            "candid": 2483139184215015014,
            "jd": 2460237.6391898,
            "ra": 285.4249508,
            "dec": 40.7516388,
            "fid": 1,
            "nid": 2483,
            "magpsf": 16.88010025024414,
            "sigmapsf": 0.021524999290704727,
            "magnr": 16.392000198364258,
            "sigmagnr": 0.07500000298023224,
            "magzpsci": 26.348100662231445,
            "isdiffpos": "t",
            "ssdistnr": null,
            "ssnamenr": null,
            "drb": null
        },
        {
            "candid": 2483162984215015009,
            "jd": 2460237.6629861,
            "ra": 285.4249189,
            "dec": 40.7516196,
            "fid": 2,
            "nid": 2483,
            "magpsf": 16.796899795532227,
            "sigmapsf": 0.028387999162077904,
            "magnr": 16.21500015258789,
            "sigmagnr": 0.0989999994635582,
            "magzpsci": 26.384899139404297,
            "isdiffpos": "t",
            "ssdistnr": null,
            "ssnamenr": null,
            "drb": null
        },
        {
            "candid": 2485116514215015013,
            "jd": 2460239.6165162,
            "ra": 285.4249166,
            "dec": 40.7516311,
            "fid": 2,
            "nid": 2485,
            "magpsf": 16.812000274658203,
            "sigmapsf": 0.0269009992480278,
            "magnr": 16.21500015258789,
            "sigmagnr": 0.0989999994635582,
            "magzpsci": 26.440000534057617,
            "isdiffpos": "t",
            "ssdistnr": null,
            "ssnamenr": null,
            "drb": null
        },
        {
            "candid": 2485159474215015009,
            "jd": 2460239.6594792,
            "ra": 285.4249681,
            "dec": 40.7516272,
            "fid": 1,
            "nid": 2485,
            "magpsf": 16.916099548339844,
            "sigmapsf": 0.027883000671863556,
            "magnr": 16.392000198364258,
            "sigmagnr": 0.07500000298023224,
            "magzpsci": 26.38010025024414,
            "isdiffpos": "t",
            "ssdistnr": null,
            "ssnamenr": null,
            "drb": null
        },
        {
            "candid": 2488120784215015014,
            "jd": 2460242.620787,
            "ra": 285.4249429,
            "dec": 40.7516295,
            "fid": 2,
            "nid": 2488,
            "magpsf": 16.84589958190918,
            "sigmapsf": 0.03192500025033951,
            "magnr": 16.21500015258789,
            "sigmagnr": 0.0989999994635582,
            "magzpsci": 26.421899795532227,
            "isdiffpos": "t",
            "ssdistnr": null,
            "ssnamenr": null,
            "drb": null
        },
        {
            "candid": 2488139154215015016,
            "jd": 2460242.6391551,
            "ra": 285.4249601,
            "dec": 40.7516256,
            "fid": 1,
            "nid": 2488,
            "magpsf": 17.014999389648438,
            "sigmapsf": 0.03618700057268143,
            "magnr": 16.392000198364258,
            "sigmagnr": 0.07500000298023224,
            "magzpsci": 26.37299919128418,
            "isdiffpos": "t",
            "ssdistnr": null,
            "ssnamenr": null,
            "drb": null
        },
        {
            "candid": 2491123434215015013,
            "jd": 2460245.6234375,
            "ra": 285.424972,
            "dec": 40.7516347,
            "fid": 1,
            "nid": 2491,
            "magpsf": 17.106399536132812,
            "sigmapsf": 0.046957001090049744,
            "magnr": 16.392000198364258,
            "sigmagnr": 0.07500000298023224,
            "magzpsci": 26.39539909362793,
            "isdiffpos": "t",
            "ssdistnr": null,
            "ssnamenr": null,
            "drb": null
        },
        {
            "candid": 2491172484215015022,
            "jd": 2460245.6724884,
            "ra": 285.4249734,
            "dec": 40.7515953,
            "fid": 2,
            "nid": 2491,
            "magpsf": 16.847000122070312,
            "sigmapsf": 0.038419000804424286,
            "magnr": 16.21500015258789,
            "sigmagnr": 0.0989999994635582,
            "magzpsci": 26.417999267578125,
            "isdiffpos": "t",
            "ssdistnr": null,
            "ssnamenr": null,
            "drb": null
        },
        {
            "candid": 2493155394215015009,
            "jd": 2460247.6553935,
            "ra": 285.4249976,
            "dec": 40.7515636,
            "fid": 2,
            "nid": 2493,
            "magpsf": 16.852699279785156,
            "sigmapsf": 0.03511599823832512,
            "magnr": 16.21500015258789,
            "sigmagnr": 0.0989999994635582,
            "magzpsci": 26.417699813842773,
            "isdiffpos": "t",
            "ssdistnr": null,
            "ssnamenr": null,
            "drb": null
        },
        {
            "candid": 2493178694215015003,
            "jd": 2460247.6786921,
            "ra": 285.4250148,
            "dec": 40.7515508,
            "fid": 1,
            "nid": 2493,
            "magpsf": 17.224000930786133,
            "sigmapsf": 0.0758029967546463,
            "magnr": 16.392000198364258,
            "sigmagnr": 0.07500000298023224,
            "magzpsci": 26.35099983215332,
            "isdiffpos": "t",
            "ssdistnr": null,
            "ssnamenr": null,
            "drb": null
        },
        {
            "candid": 2495138774215015005,
            "jd": 2460249.6387731,
            "ra": 285.4250515,
            "dec": 40.751571,
            "fid": 1,
            "nid": 2495,
            "magpsf": 17.217599868774414,
            "sigmapsf": 0.03390900045633316,
            "magnr": 16.392000198364258,
            "sigmagnr": 0.07500000298023224,
            "magzpsci": 26.3705997467041,
            "isdiffpos": "t",
            "ssdistnr": null,
            "ssnamenr": null,
            "drb": null
        },
        {
            "candid": 2495177344215015016,
            "jd": 2460249.6773495,
            "ra": 285.4249896,
            "dec": 40.7515855,
            "fid": 2,
            "nid": 2495,
            "magpsf": 16.77790069580078,
            "sigmapsf": 0.04153300076723099,
            "magnr": 16.21500015258789,
            "sigmagnr": 0.0989999994635582,
            "magzpsci": 26.349899291992188,
            "isdiffpos": "t",
            "ssdistnr": null,
            "ssnamenr": null,
            "drb": null
        },
        {
            "candid": 2497119314215015020,
            "jd": 2460251.6193171,
            "ra": 285.4249667,
            "dec": 40.7516343,
            "fid": 1,
            "nid": 2497,
            "magpsf": 17.24449920654297,
            "sigmapsf": 0.03136499971151352,
            "magnr": 16.392000198364258,
            "sigmagnr": 0.07500000298023224,
            "magzpsci": 26.368499755859375,
            "isdiffpos": "t",
            "ssdistnr": null,
            "ssnamenr": null,
            "drb": null
        },
        {
            "candid": 2497161344215015015,
            "jd": 2460251.6613426,
            "ra": 285.4249209,
            "dec": 40.7516313,
            "fid": 2,
            "nid": 2497,
            "magpsf": 16.899900436401367,
            "sigmapsf": 0.03122200071811676,
            "magnr": 16.21500015258789,
            "sigmagnr": 0.0989999994635582,
            "magzpsci": 26.411800384521484,
            "isdiffpos": "t",
            "ssdistnr": null,
            "ssnamenr": null,
            "drb": null
        },
        {
            "candid": 2499160494215015012,
            "jd": 2460253.6604977,
            "ra": 285.4249339,
            "dec": 40.7516176,
            "fid": 2,
            "nid": 2499,
            "magpsf": 16.868200302124023,
            "sigmapsf": 0.03607900068163872,
            "magnr": 16.21500015258789,
            "sigmagnr": 0.0989999994635582,
            "magzpsci": 26.346200942993164,
            "isdiffpos": "t",
            "ssdistnr": null,
            "ssnamenr": null,
            "drb": null
        },
        {
            "candid": 2499195194215015015,
            "jd": 2460253.6951968,
            "ra": 285.425012,
            "dec": 40.7516122,
            "fid": 1,
            "nid": 2499,
            "magpsf": 17.27239990234375,
            "sigmapsf": 0.05526699870824814,
            "magnr": 16.392000198364258,
            "sigmagnr": 0.07500000298023224,
            "magzpsci": 26.263399124145508,
            "isdiffpos": "t",
            "ssdistnr": null,
            "ssnamenr": null,
            "drb": null
        },
        {
            "candid": 2501120064215015013,
            "jd": 2460255.6200694,
            "ra": 285.4249673,
            "dec": 40.7516245,
            "fid": 1,
            "nid": 2501,
            "magpsf": 17.357099533081055,
            "sigmapsf": 0.032304998487234116,
            "magnr": 16.392000198364258,
            "sigmagnr": 0.07500000298023224,
            "magzpsci": 26.385099411010742,
            "isdiffpos": "t",
            "ssdistnr": null,
            "ssnamenr": null,
            "drb": null
        },
        {
            "candid": 2501138724215015032,
            "jd": 2460255.6387269,
            "ra": 285.4249286,
            "dec": 40.7516411,
            "fid": 2,
            "nid": 2501,
            "magpsf": 16.934099197387695,
            "sigmapsf": 0.047377001494169235,
            "magnr": 16.21500015258789,
            "sigmagnr": 0.0989999994635582,
            "magzpsci": 26.431100845336914,
            "isdiffpos": "t",
            "ssdistnr": null,
            "ssnamenr": null,
            "drb": null
        },
        {
            "candid": 2504113964215015005,
            "jd": 2460258.6139699,
            "ra": 285.424949,
            "dec": 40.7516203,
            "fid": 2,
            "nid": 2504,
            "magpsf": 16.93600082397461,
            "sigmapsf": 0.04450700059533119,
            "magnr": 16.21500015258789,
            "sigmagnr": 0.0989999994635582,
            "magzpsci": 25.93400001525879,
            "isdiffpos": "t",
            "ssdistnr": null,
            "ssnamenr": null,
            "drb": null
        },
        {
            "candid": 2504136564215015009,
            "jd": 2460258.6365625,
            "ra": 285.4250252,
            "dec": 40.7516139,
            "fid": 1,
            "nid": 2504,
            "magpsf": 17.37540054321289,
            "sigmapsf": 0.053164999932050705,
            "magnr": 16.392000198364258,
            "sigmagnr": 0.07500000298023224,
            "magzpsci": 26.091400146484375,
            "isdiffpos": "t",
            "ssdistnr": null,
            "ssnamenr": null,
            "drb": null
        },
        {
            "candid": 2506139254215015016,
            "jd": 2460260.6392593,
            "ra": 285.4250107,
            "dec": 40.7516017,
            "fid": 1,
            "nid": 2506,
            "magpsf": 17.43720054626465,
            "sigmapsf": 0.04502199962735176,
            "magnr": 16.392000198364258,
            "sigmagnr": 0.07500000298023224,
            "magzpsci": 26.342199325561523,
            "isdiffpos": "t",
            "ssdistnr": null,
            "ssnamenr": null,
            "drb": null
        },
        {
            "candid": 2506206734215015007,
            "jd": 2460260.7067361,
            "ra": 285.4249369,
            "dec": 40.7515896,
            "fid": 2,
            "nid": 2506,
            "magpsf": 16.93829917907715,
            "sigmapsf": 0.045545998960733414,
            "magnr": 16.21500015258789,
            "sigmagnr": 0.0989999994635582,
            "magzpsci": 26.336299896240234,
            "isdiffpos": "t",
            "ssdistnr": null,
            "ssnamenr": null,
            "drb": null
        },
        {
            "candid": 2508158414215015013,
            "jd": 2460262.6584144,
            "ra": 285.424974,
            "dec": 40.751614,
            "fid": 1,
            "nid": 2508,
            "magpsf": 17.474899291992188,
            "sigmapsf": 0.053098998963832855,
            "magnr": 16.392000198364258,
            "sigmagnr": 0.07500000298023224,
            "magzpsci": 26.27090072631836,
            "isdiffpos": "t",
            "ssdistnr": null,
            "ssnamenr": null,
            "drb": null
        },
        {
            "candid": 2514123364215015014,
            "jd": 2460268.6233681,
            "ra": 285.4250261,
            "dec": 40.7516027,
            "fid": 1,
            "nid": 2514,
            "magpsf": 17.608400344848633,
            "sigmapsf": 0.06609100103378296,
            "magnr": 16.392000198364258,
            "sigmagnr": 0.07500000298023224,
            "magzpsci": 26.335399627685547,
            "isdiffpos": "t",
            "ssdistnr": null,
            "ssnamenr": null,
            "drb": null
        },
        {
            "candid": 2514142334215015017,
            "jd": 2460268.642338,
            "ra": 285.4249768,
            "dec": 40.7515899,
            "fid": 2,
            "nid": 2514,
            "magpsf": 16.98550033569336,
            "sigmapsf": 0.04040199890732765,
            "magnr": 16.21500015258789,
            "sigmagnr": 0.0989999994635582,
            "magzpsci": 26.39550018310547,
            "isdiffpos": "t",
            "ssdistnr": null,
            "ssnamenr": null,
            "drb": null
        },
        {
            "candid": 2531123944215015018,
            "jd": 2460285.6239468,
            "ra": 285.4250032,
            "dec": 40.7516059,
            "fid": 1,
            "nid": 2531,
            "magpsf": 17.803499221801758,
            "sigmapsf": 0.07260700315237045,
            "magnr": 16.392000198364258,
            "sigmagnr": 0.07500000298023224,
            "magzpsci": 26.23550033569336,
            "isdiffpos": "t",
            "ssdistnr": null,
            "ssnamenr": null,
            "drb": null
        },
        {
            "candid": 2531137264215015022,
            "jd": 2460285.6372685,
            "ra": 285.4249607,
            "dec": 40.7515776,
            "fid": 2,
            "nid": 2531,
            "magpsf": 16.97369956970215,
            "sigmapsf": 0.045205000787973404,
            "magnr": 16.21500015258789,
            "sigmagnr": 0.0989999994635582,
            "magzpsci": 26.356700897216797,
            "isdiffpos": "t",
            "ssdistnr": null,
            "ssnamenr": null,
            "drb": null
        },
        {
            "candid": 2534120324215015010,
            "jd": 2460288.6203241,
            "ra": 285.4251778,
            "dec": 40.7515604,
            "fid": 1,
            "nid": 2534,
            "magpsf": 18.22369956970215,
            "sigmapsf": 0.14421699941158295,
            "magnr": 16.392000198364258,
            "sigmagnr": 0.07500000298023224,
            "magzpsci": 26.23069953918457,
            "isdiffpos": "t",
            "ssdistnr": null,
            "ssnamenr": null,
            "drb": null
        },
        {
            "candid": 2536139684215015010,
            "jd": 2460290.6396875,
            "ra": 285.4249165,
            "dec": 40.7516167,
            "fid": 2,
            "nid": 2536,
            "magpsf": 17.05141830444336,
            "sigmapsf": 0.04691362753510475,
            "magnr": 16.21500015258789,
            "sigmagnr": 0.0989999994635582,
            "magzpsci": 26.296419143676758,
            "isdiffpos": "t",
            "ssdistnr": -999.0,
            "ssnamenr": "null",
            "drb": null
        },
        {
            "jd": 2460193.7442245,
            "fid": 1,
            "diffmaglim": 20.748199462890625
        },
        {
            "jd": 2460193.7789699,
            "fid": 2,
            "diffmaglim": 20.33650016784668
        },
        {
            "jd": 2460195.6731713,
            "fid": 1,
            "diffmaglim": 20.555400848388672
        },
        {
            "jd": 2460195.7172685,
            "fid": 2,
            "diffmaglim": 20.484699249267578
        },
        {
            "jd": 2460198.674375,
            "fid": 2,
            "diffmaglim": 20.590299606323242
        },
        {
            "jd": 2460198.7246065,
            "fid": 1,
            "diffmaglim": 20.57069969177246
        },
        {
            "jd": 2460201.6602662,
            "fid": 2,
            "diffmaglim": 20.536500930786133
        },
        {
            "jd": 2460201.7033333,
            "fid": 1,
            "diffmaglim": 20.733699798583984
        },
        {
            "jd": 2460203.6849769,
            "fid": 1,
            "diffmaglim": 20.78809928894043
        },
        {
            "jd": 2460203.7034838,
            "fid": 2,
            "diffmaglim": 20.54330062866211
        },
        {
            "jd": 2460205.6852199,
            "fid": 2,
            "diffmaglim": 20.82040023803711
        },
        {
            "jd": 2460205.779456,
            "fid": 1,
            "diffmaglim": 20.75790023803711
        },
        {
            "jd": 2460207.6751736,
            "fid": 2,
            "diffmaglim": 20.716899871826172
        },
        {
            "jd": 2460207.6983796,
            "fid": 1,
            "diffmaglim": 20.784700393676758
        },
        {
            "jd": 2460209.6556134,
            "fid": 1,
            "diffmaglim": 20.129100799560547
        },
        {
            "jd": 2460209.6997917,
            "fid": 2,
            "diffmaglim": 19.688800811767578
        },
        {
            "jd": 2460212.6749653,
            "fid": 2,
            "diffmaglim": 20.173999786376953
        },
        {
            "jd": 2460212.7059838,
            "fid": 1,
            "diffmaglim": 20.0231990814209
        },
        {
            "jd": 2460214.6551505,
            "fid": 1,
            "diffmaglim": 19.790599822998047
        },
        {
            "jd": 2460214.700162,
            "fid": 2,
            "diffmaglim": 19.934999465942383
        },
        {
            "jd": 2460216.6518056,
            "fid": 2,
            "diffmaglim": 20.013099670410156
        },
        {
            "jd": 2460216.7047338,
            "fid": 1,
            "diffmaglim": 19.460100173950195
        },
        {
            "jd": 2460220.6983218,
            "fid": 1,
            "diffmaglim": 19.90679931640625
        }
    ],
    "forcedphot": [
        {
            "objectid": "ZTF23abhzxwm",
            "jd": 2460205.6852199,
            "ranr": 285.4248068,
            "decnr": 40.7516513,
            "fid": 2,
            "forcediffimflux": -108.31867980957031,
            "forcediffimfluxunc": 27.580184936523438,
            "magzpsci": 26.43199920654297
        },
        {
            "objectid": "ZTF23abhzxwm",
            "jd": 2460205.779456,
            "ranr": 285.4247736,
            "decnr": 40.75164,
            "fid": 1,
            "forcediffimflux": 181.95675659179688,
            "forcediffimfluxunc": 28.684633255004883,
            "magzpsci": 26.334299087524414
        },
        {
            "objectid": "ZTF23abhzxwm",
            "jd": 2460207.6751736,
            "ranr": 285.4248068,
            "decnr": 40.7516513,
            "fid": 2,
            "forcediffimflux": 54.605472564697266,
            "forcediffimfluxunc": 31.7845516204834,
            "magzpsci": 26.448299407958984
        },
        {
            "objectid": "ZTF23abhzxwm",
            "jd": 2460207.6983796,
            "ranr": 285.4247736,
            "decnr": 40.75164,
            "fid": 1,
            "forcediffimflux": 163.33456420898438,
            "forcediffimfluxunc": 30.738859176635742,
            "magzpsci": 26.407899856567383
        },
        {
            "objectid": "ZTF23abhzxwm",
            "jd": 2460209.6556134,
            "ranr": 285.4247736,
            "decnr": 40.75164,
            "fid": 1,
            "forcediffimflux": 80.61621856689453,
            "forcediffimfluxunc": 49.88011169433594,
            "magzpsci": 26.417400360107422
        },
        {
            "objectid": "ZTF23abhzxwm",
            "jd": 2460209.6997917,
            "ranr": 285.4248068,
            "decnr": 40.7516513,
            "fid": 2,
            "forcediffimflux": -151.3604278564453,
            "forcediffimfluxunc": 52.93096923828125,
            "magzpsci": 26.19099998474121
        },
        {
            "objectid": "ZTF23abhzxwm",
            "jd": 2460212.6749653,
            "ranr": 285.4248068,
            "decnr": 40.7516513,
            "fid": 2,
            "forcediffimflux": -127.71033477783203,
            "forcediffimfluxunc": 44.815948486328125,
            "magzpsci": 26.44070053100586
        },
        {
            "objectid": "ZTF23abhzxwm",
            "jd": 2460212.7059838,
            "ranr": 285.4247736,
            "decnr": 40.75164,
            "fid": 1,
            "forcediffimflux": 346.91265869140625,
            "forcediffimfluxunc": 46.05860900878906,
            "magzpsci": 26.39780044555664
        },
        {
            "objectid": "ZTF23abhzxwm",
            "jd": 2460214.6551505,
            "ranr": 285.4247736,
            "decnr": 40.75164,
            "fid": 1,
            "forcediffimflux": 440.50689697265625,
            "forcediffimfluxunc": 69.25906372070312,
            "magzpsci": 26.403499603271484
        },
        {
            "objectid": "ZTF23abhzxwm",
            "jd": 2460214.700162,
            "ranr": 285.4248068,
            "decnr": 40.7516513,
            "fid": 2,
            "forcediffimflux": -50.9308967590332,
            "forcediffimfluxunc": 50.8178825378418,
            "magzpsci": 26.43939971923828
        },
        {
            "objectid": "ZTF23abhzxwm",
            "jd": 2460216.6518056,
            "ranr": 285.4248068,
            "decnr": 40.7516513,
            "fid": 2,
            "forcediffimflux": -207.5841064453125,
            "forcediffimfluxunc": 54.81985855102539,
            "magzpsci": 26.450599670410156
        },
        {
            "objectid": "ZTF23abhzxwm",
            "jd": 2460216.7047338,
            "ranr": 285.4247736,
            "decnr": 40.75164,
            "fid": 1,
            "forcediffimflux": 214.1180877685547,
            "forcediffimfluxunc": 78.63822174072266,
            "magzpsci": 26.398700714111328
        },
        {
            "objectid": "ZTF23abhzxwm",
            "jd": 2460220.6983218,
            "ranr": 285.4247736,
            "decnr": 40.75164,
            "fid": 1,
            "forcediffimflux": 287.8006591796875,
            "forcediffimfluxunc": 51.04510498046875,
            "magzpsci": 26.34869956970215
        },
        {
            "objectid": "ZTF23abhzxwm",
            "jd": 2460222.6514468,
            "ranr": 285.4248068,
            "decnr": 40.7516513,
            "fid": 2,
            "forcediffimflux": 2628.93896484375,
            "forcediffimfluxunc": 51.817264556884766,
            "magzpsci": 26.441499710083008
        },
        {
            "objectid": "ZTF23abhzxwm",
            "jd": 2460222.6727431,
            "ranr": 285.4247736,
            "decnr": 40.75164,
            "fid": 1,
            "forcediffimflux": 3541.394775390625,
            "forcediffimfluxunc": 57.36660385131836,
            "magzpsci": 26.381099700927734
        },
        {
            "objectid": "ZTF23abhzxwm",
            "jd": 2460224.6858796,
            "ranr": 285.4248068,
            "decnr": 40.7516513,
            "fid": 2,
            "forcediffimflux": 6407.423828125,
            "forcediffimfluxunc": 56.51240158081055,
            "magzpsci": 26.42569923400879
        },
        {
            "objectid": "ZTF23abhzxwm",
            "jd": 2460224.6938773,
            "ranr": 285.4247736,
            "decnr": 40.75164,
            "fid": 1,
            "forcediffimflux": 7138.4169921875,
            "forcediffimfluxunc": 60.54431915283203,
            "magzpsci": 26.34149932861328
        },
        {
            "objectid": "ZTF23abhzxwm",
            "jd": 2460228.6582292,
            "ranr": 285.4248068,
            "decnr": 40.7516513,
            "fid": 2,
            "forcediffimflux": 7256.7587890625,
            "forcediffimfluxunc": 78.1787109375,
            "magzpsci": 26.43560028076172
        },
        {
            "objectid": "ZTF23abhzxwm",
            "jd": 2460228.7681481,
            "ranr": 285.4247736,
            "decnr": 40.75164,
            "fid": 1,
            "forcediffimflux": 6390.79638671875,
            "forcediffimfluxunc": 63.576148986816406,
            "magzpsci": 26.268299102783203
        },
        {
            "objectid": "ZTF23abhzxwm",
            "jd": 2460231.6416667,
            "ranr": 285.4248068,
            "decnr": 40.7516513,
            "fid": 2,
            "forcediffimflux": 8720.1943359375,
            "forcediffimfluxunc": 62.337013244628906,
            "magzpsci": 26.426700592041016
        },
        {
            "objectid": "ZTF23abhzxwm",
            "jd": 2460231.6797338,
            "ranr": 285.4247736,
            "decnr": 40.75164,
            "fid": 1,
            "forcediffimflux": 7605.02197265625,
            "forcediffimfluxunc": 57.63154983520508,
            "magzpsci": 26.356199264526367
        },
        {
            "objectid": "ZTF23abhzxwm",
            "jd": 2460233.6246875,
            "ranr": 285.4247736,
            "decnr": 40.75164,
            "fid": 1,
            "forcediffimflux": 7346.962890625,
            "forcediffimfluxunc": 59.539913177490234,
            "magzpsci": 26.38990020751953
        },
        {
            "objectid": "ZTF23abhzxwm",
            "jd": 2460233.638125,
            "ranr": 285.4248068,
            "decnr": 40.7516513,
            "fid": 2,
            "forcediffimflux": 8368.650390625,
            "forcediffimfluxunc": 62.98551559448242,
            "magzpsci": 26.43320083618164
        },
        {
            "objectid": "ZTF23abhzxwm",
            "jd": 2460235.6331366,
            "ranr": 285.4248068,
            "decnr": 40.7516513,
            "fid": 2,
            "forcediffimflux": 8342.69921875,
            "forcediffimfluxunc": 60.81593704223633,
            "magzpsci": 26.431800842285156
        },
        {
            "objectid": "ZTF23abhzxwm",
            "jd": 2460235.6735995,
            "ranr": 285.4247736,
            "decnr": 40.75164,
            "fid": 1,
            "forcediffimflux": 6972.30859375,
            "forcediffimfluxunc": 56.145652770996094,
            "magzpsci": 26.360599517822266
        },
        {
            "objectid": "ZTF23abhzxwm",
            "jd": 2460237.6391898,
            "ranr": 285.4247736,
            "decnr": 40.75164,
            "fid": 1,
            "forcediffimflux": 6557.52587890625,
            "forcediffimfluxunc": 57.59680938720703,
            "magzpsci": 26.348100662231445
        },
        {
            "objectid": "ZTF23abhzxwm",
            "jd": 2460237.6629861,
            "ranr": 285.4248068,
            "decnr": 40.7516513,
            "fid": 2,
            "forcediffimflux": 7594.5908203125,
            "forcediffimfluxunc": 58.61507797241211,
            "magzpsci": 26.384899139404297
        },
        {
            "objectid": "ZTF23abhzxwm",
            "jd": 2460239.6165162,
            "ranr": 285.4248068,
            "decnr": 40.7516513,
            "fid": 2,
            "forcediffimflux": 7539.1591796875,
            "forcediffimfluxunc": 64.0237045288086,
            "magzpsci": 26.440000534057617
        },
        {
            "objectid": "ZTF23abhzxwm",
            "jd": 2460239.6594792,
            "ranr": 285.4247736,
            "decnr": 40.75164,
            "fid": 1,
            "forcediffimflux": 6448.62939453125,
            "forcediffimfluxunc": 57.854644775390625,
            "magzpsci": 26.38010025024414
        },
        {
            "objectid": "ZTF23abhzxwm",
            "jd": 2460242.620787,
            "ranr": 285.4248068,
            "decnr": 40.7516513,
            "fid": 2,
            "forcediffimflux": 7221.16748046875,
            "forcediffimfluxunc": 64.26514434814453,
            "magzpsci": 26.421899795532227
        },
        {
            "objectid": "ZTF23abhzxwm",
            "jd": 2460242.6391551,
            "ranr": 285.4247736,
            "decnr": 40.75164,
            "fid": 1,
            "forcediffimflux": 5885.28466796875,
            "forcediffimfluxunc": 65.06487274169922,
            "magzpsci": 26.37299919128418
        },
        {
            "objectid": "ZTF23abhzxwm",
            "jd": 2460245.6234375,
            "ranr": 285.4247736,
            "decnr": 40.75164,
            "fid": 1,
            "forcediffimflux": 5421.00634765625,
            "forcediffimfluxunc": 91.25886535644531,
            "magzpsci": 26.39539909362793
        },
        {
            "objectid": "ZTF23abhzxwm",
            "jd": 2460245.6724884,
            "ranr": 285.4248068,
            "decnr": 40.7516513,
            "fid": 2,
            "forcediffimflux": 6702.193359375,
            "forcediffimfluxunc": 88.0114974975586,
            "magzpsci": 26.417999267578125
        },
        {
            "objectid": "ZTF23abhzxwm",
            "jd": 2460247.6553935,
            "ranr": 285.4248068,
            "decnr": 40.7516513,
            "fid": 2,
            "forcediffimflux": 6244.96484375,
            "forcediffimfluxunc": 114.77519226074219,
            "magzpsci": 26.417699813842773
        },
        {
            "objectid": "ZTF23abhzxwm",
            "jd": 2460247.6786921,
            "ranr": 285.4247736,
            "decnr": 40.75164,
            "fid": 1,
            "forcediffimflux": 4176.40283203125,
            "forcediffimfluxunc": 155.30918884277344,
            "magzpsci": 26.35099983215332
        },
        {
            "objectid": "ZTF23abhzxwm",
            "jd": 2460249.6387731,
            "ranr": 285.4247736,
            "decnr": 40.75164,
            "fid": 1,
            "forcediffimflux": 4259.4873046875,
            "forcediffimfluxunc": 81.4345474243164,
            "magzpsci": 26.3705997467041
        },
        {
            "objectid": "ZTF23abhzxwm",
            "jd": 2460249.6773495,
            "ranr": 285.4248068,
            "decnr": 40.7516513,
            "fid": 2,
            "forcediffimflux": 6459.3251953125,
            "forcediffimfluxunc": 90.64579010009766,
            "magzpsci": 26.349899291992188
        },
        {
            "objectid": "ZTF23abhzxwm",
            "jd": 2460251.6193171,
            "ranr": 285.4247736,
            "decnr": 40.75164,
            "fid": 1,
            "forcediffimflux": 4610.57470703125,
            "forcediffimfluxunc": 51.034706115722656,
            "magzpsci": 26.368499755859375
        },
        {
            "objectid": "ZTF23abhzxwm",
            "jd": 2460251.6613426,
            "ranr": 285.4248068,
            "decnr": 40.7516513,
            "fid": 2,
            "forcediffimflux": 6334.41259765625,
            "forcediffimfluxunc": 63.791751861572266,
            "magzpsci": 26.411800384521484
        },
        {
            "objectid": "ZTF23abhzxwm",
            "jd": 2460253.6604977,
            "ranr": 285.4248068,
            "decnr": 40.7516513,
            "fid": 2,
            "forcediffimflux": 6253.220703125,
            "forcediffimfluxunc": 62.34125518798828,
            "magzpsci": 26.346200942993164
        },
        {
            "objectid": "ZTF23abhzxwm",
            "jd": 2460253.6951968,
            "ranr": 285.4247736,
            "decnr": 40.75164,
            "fid": 1,
            "forcediffimflux": 4026.256591796875,
            "forcediffimfluxunc": 60.325077056884766,
            "magzpsci": 26.263399124145508
        },
        {
            "objectid": "ZTF23abhzxwm",
            "jd": 2460255.6200694,
            "ranr": 285.4247736,
            "decnr": 40.75164,
            "fid": 1,
            "forcediffimflux": 4317.03369140625,
            "forcediffimfluxunc": 50.428688049316406,
            "magzpsci": 26.385099411010742
        },
        {
            "objectid": "ZTF23abhzxwm",
            "jd": 2460255.6387269,
            "ranr": 285.4248068,
            "decnr": 40.7516513,
            "fid": 2,
            "forcediffimflux": 6602.77294921875,
            "forcediffimfluxunc": 58.230228424072266,
            "magzpsci": 26.431100845336914
        },
        {
            "objectid": "ZTF23abhzxwm",
            "jd": 2460258.6139699,
            "ranr": 285.4248068,
            "decnr": 40.7516513,
            "fid": 2,
            "forcediffimflux": 4056.135498046875,
            "forcediffimfluxunc": 71.48379516601562,
            "magzpsci": 25.93400001525879
        },
        {
            "objectid": "ZTF23abhzxwm",
            "jd": 2460258.6365625,
            "ranr": 285.4247736,
            "decnr": 40.75164,
            "fid": 1,
            "forcediffimflux": 2831.945068359375,
            "forcediffimfluxunc": 66.17192840576172,
            "magzpsci": 26.091400146484375
        },
        {
            "objectid": "ZTF23abhzxwm",
            "jd": 2460260.6392593,
            "ranr": 285.4247736,
            "decnr": 40.75164,
            "fid": 1,
            "forcediffimflux": 3458.89111328125,
            "forcediffimfluxunc": 57.58964920043945,
            "magzpsci": 26.342199325561523
        },
        {
            "objectid": "ZTF23abhzxwm",
            "jd": 2460260.7067361,
            "ranr": 285.4248068,
            "decnr": 40.7516513,
            "fid": 2,
            "forcediffimflux": 5600.3564453125,
            "forcediffimfluxunc": 79.25431060791016,
            "magzpsci": 26.336299896240234
        },
        {
            "objectid": "ZTF23abhzxwm",
            "jd": 2460262.6584144,
            "ranr": 285.4247736,
            "decnr": 40.75164,
            "fid": 1,
            "forcediffimflux": 3440.746337890625,
            "forcediffimfluxunc": 54.64553451538086,
            "magzpsci": 26.27090072631836
        },
        {
            "objectid": "ZTF23abhzxwm",
            "jd": 2460268.6233681,
            "ranr": 285.4247736,
            "decnr": 40.75164,
            "fid": 1,
            "forcediffimflux": 3077.796142578125,
            "forcediffimfluxunc": 61.072593688964844,
            "magzpsci": 26.335399627685547
        },
        {
            "objectid": "ZTF23abhzxwm",
            "jd": 2460268.642338,
            "ranr": 285.4248068,
            "decnr": 40.7516513,
            "fid": 2,
            "forcediffimflux": 5523.56005859375,
            "forcediffimfluxunc": 79.85543823242188,
            "magzpsci": 26.39550018310547
        },
        {
            "objectid": "ZTF23abhzxwm",
            "jd": 2460285.6239468,
            "ranr": 285.4247736,
            "decnr": 40.75164,
            "fid": 1,
            "forcediffimflux": 2391.72021484375,
            "forcediffimfluxunc": 59.53734588623047,
            "magzpsci": 26.23550033569336
        },
        {
            "objectid": "ZTF23abhzxwm",
            "jd": 2460285.6372685,
            "ranr": 285.4248068,
            "decnr": 40.7516513,
            "fid": 2,
            "forcediffimflux": 5342.8505859375,
            "forcediffimfluxunc": 94.61406707763672,
            "magzpsci": 26.356700897216797
        },
        {
            "objectid": "ZTF23abhzxwm",
            "jd": 2460288.6203241,
            "ranr": 285.4247736,
            "decnr": 40.75164,
            "fid": 1,
            "forcediffimflux": 1471.6275634765625,
            "forcediffimfluxunc": 104.51419067382812,
            "magzpsci": 26.23069953918457
        }
    ]
}