{
    "objectId": "ZTF20actnzxm",
    "candidates": [
        {
            "candid": 1423526354015015001,
            "jd": 2459178.0263542,
            "ra": 184.4676068,
            "dec": -0.9080421,
            "fid": 1,
            "nid": 1423,
            "magpsf": 18.090499877929688,
            "sigmapsf": 0.0762220025062561,
            "magnr": 19.124000549316406,
            "sigmagnr": 0.09799999743700027,
            "magzpsci": 26.28849983215332,
            "isdiffpos": "t",
            "ssdistnr": 12.0,
            "ssnamenr": "30722",
            "drb": 0.9999989867210388
        },
        {
            "candid": 1426481274015015000,
            "jd": 2459180.9812731,
            "ra": 184.4674887,
            "dec": -0.9079399,
            "fid": 1,
            "nid": 1426,
            "magpsf": 17.94420051574707,
            "sigmapsf": 0.1819249987602234,
            "magnr": 19.124000549316406,
            "sigmagnr": 0.09799999743700027,
            "magzpsci": 26.189199447631836,
            "isdiffpos": "t",
            "ssdistnr": -999.0,
            "ssnamenr": "-999.0",
            "drb": null
        },
        {
            "candid": 1426561814015015001,
            "jd": 2459181.0618171,
            "ra": 184.4676598,
            "dec": -0.9080324,
            "fid": 2,
            "nid": 1426,
            "magpsf": 18.093399047851562,
            "sigmapsf": 0.11742699891328812,
            "magnr": 18.909000396728516,
            "sigmagnr": 0.12200000137090683,
            "magzpsci": 26.4153995513916,
            "isdiffpos": "t",
            "ssdistnr": -999.0,
            "ssnamenr": "null",
            "drb": 0.9671429991722107
        },
        {
            "candid": 1430504354015015002,
            "jd": 2459185.0043519,
            "ra": 184.4676434,
            "dec": -0.908044,
            "fid": 2,
            "nid": 1430,
            "magpsf": 18.08839988708496,
            "sigmapsf": 0.06073400005698204,
            "magnr": 18.909000396728516,
            "sigmagnr": 0.12200000137090683,
            "magzpsci": 26.36639976501465,
            "isdiffpos": "t",
            "ssdistnr": -999.0,
            "ssnamenr": "null",
            "drb": 1.0
        },
        {
            "candid": 1430525774015015001,
            "jd": 2459185.0257755,
            "ra": 184.4676125,
            "dec": -0.9080116,
            "fid": 1,
            "nid": 1430,
            "magpsf": 18.09309959411621,
            "sigmapsf": 0.08340799808502197,
            "magnr": 19.124000549316406,
            "sigmagnr": 0.09799999743700027,
            "magzpsci": 26.322099685668945,
            "isdiffpos": "t",
            "ssdistnr": -999.0,
            "ssnamenr": "null",
            "drb": 0.9999979734420776
        },
        {
            "candid": 1431510984015015000,
            "jd": 2459186.0109838,
            "ra": 184.4676419,
            "dec": -0.9080063,
            "fid": 1,
            "nid": 1431,
            "magpsf": 18.21940040588379,
            "sigmapsf": 0.08952199667692184,
            "magnr": 19.124000549316406,
            "sigmagnr": 0.09799999743700027,
            "magzpsci": 26.306400299072266,
            "isdiffpos": "t",
            "ssdistnr": -999.0,
            "ssnamenr": "null",
            "drb": 1.0
        },
        {
            "candid": 1431537074015015002,
            "jd": 2459186.0370718,
            "ra": 184.4676313,
            "dec": -0.9080372,
            "fid": 2,
            "nid": 1431,
            "magpsf": 18.0856990814209,
            "sigmapsf": 0.07166700065135956,
            "magnr": 18.909000396728516,
            "sigmagnr": 0.12200000137090683,
            "magzpsci": 26.419700622558594,
            "isdiffpos": "t",
            "ssdistnr": -999.0,
            "ssnamenr": "null",
            "drb": 0.9999989867210388
        },
        {
            "candid": 1433485574015015001,
            "jd": 2459187.9855787,
            "ra": 184.4675066,
            "dec": -0.9080557,
            "fid": 2,
            "nid": 1433,
            "magpsf": 18.019100189208984,
            "sigmapsf": 0.09718000143766403,
            "magnr": 18.909000396728516,
            "sigmagnr": 0.12200000137090683,
            "magzpsci": 26.35110092163086,
            "isdiffpos": "t",
            "ssdistnr": -999.0,
            "ssnamenr": "-999.0",
            "drb": null
        },
        {
            "candid": 1433529284015015000,
            "jd": 2459188.0292824,
            "ra": 184.4676008,
            "dec": -0.9079946,
            "fid": 1,
            "nid": 1433,
            "magpsf": 18.194700241088867,
            "sigmapsf": 0.12054400146007538,
            "magnr": 19.124000549316406,
            "sigmagnr": 0.09799999743700027,
            "magzpsci": 26.34469985961914,
            "isdiffpos": "t",
            "ssdistnr": -999.0,
            "ssnamenr": "-999.0",
            "drb": null
        },
        {
            "candid": 1435468004015015028,
            "jd": 2459189.9680093,
            "ra": 184.4677225,
            "dec": -0.9080008,
            "fid": 2,
            "nid": 1435,
            "magpsf": 17.75279998779297,
            "sigmapsf": 0.23066900670528412,
            "magnr": 18.909000396728516,
            "sigmagnr": 0.12200000137090683,
            "magzpsci": 25.02280044555664,
            "isdiffpos": "t",
            "ssdistnr": -999.0,
            "ssnamenr": "-999.0",
            "drb": null
        },
        {
            "candid": 1435508394015015002,
            "jd": 2459190.0083912,
            "ra": 184.4676372,
            "dec": -0.9080367,
            "fid": 1,
            "nid": 1435,
            "magpsf": 18.258100509643555,
            "sigmapsf": 0.09683500230312347,
            "magnr": 19.124000549316406,
            "sigmagnr": 0.09799999743700027,
            "magzpsci": 26.092100143432617,
            "isdiffpos": "t",
            "ssdistnr": -999.0,
            "ssnamenr": "null",
            "drb": 0.9999989867210388
        },
        {
            "candid": 1440515634015015001,
            "jd": 2459195.0156366,
            "ra": 184.4676475,
            "dec": -0.9080337,
            "fid": 2,
            "nid": 1440,
            "magpsf": 18.095699310302734,
            "sigmapsf": 0.05041300132870674,
            "magnr": 18.909000396728516,
            "sigmagnr": 0.12200000137090683,
            "magzpsci": 26.336700439453125,
            "isdiffpos": "t",
            "ssdistnr": -999.0,
            "ssnamenr": "null",
            "drb": 0.9999930262565613
        },
        {
            "candid": 1442510794015015005,
            "jd": 2459197.0107986,
            "ra": 184.4676338,
            "dec": -0.9080457,
            "fid": 2,
            "nid": 1442,
            "magpsf": 18.107200622558594,
            "sigmapsf": 0.06490500271320343,
            "magnr": 18.909000396728516,
            "sigmagnr": 0.12200000137090683,
            "magzpsci": 26.40519905090332,
            "isdiffpos": "t",
            "ssdistnr": -999.0,
            "ssnamenr": "null",
            "drb": 0.9999979734420776
        },
        {
            "candid": 1445519844015015004,
            "jd": 2459200.0198495,
            "ra": 184.467641,
            "dec": -0.9080223,
            "fid": 2,
            "nid": 1445,
            "magpsf": 18.146299362182617,
            "sigmapsf": 0.061083998531103134,
            "magnr": 18.909000396728516,
            "sigmagnr": 0.12200000137090683,
            "magzpsci": 26.415300369262695,
            "isdiffpos": "t",
            "ssdistnr": -999.0,
            "ssnamenr": "null",
            "drb": 0.9999989867210388
        },
        {
            "candid": 1447513954015015003,
            "jd": 2459202.0139583,
            "ra": 184.4676191,
            "dec": -0.9080199,
            "fid": 2,
            "nid": 1447,
            "magpsf": 18.13680076599121,
            "sigmapsf": 0.04957599937915802,
            "magnr": 18.909000396728516,
            "sigmagnr": 0.12200000137090683,
            "magzpsci": 26.409799575805664,
            "isdiffpos": "t",
            "ssdistnr": -999.0,
            "ssnamenr": "null",
            "drb": 0.9999989867210388
        },
        {
            "candid": 1450466874015015005,
            "jd": 2459204.966875,
            "ra": 184.4676404,
            "dec": -0.908006,
            "fid": 1,
            "nid": 1450,
            "magpsf": 18.729299545288086,
            "sigmapsf": 0.07946500182151794,
            "magnr": 19.124000549316406,
            "sigmagnr": 0.09799999743700027,
            "magzpsci": 26.319299697875977,
            "isdiffpos": "t",
            "ssdistnr": -999.0,
            "ssnamenr": "-999.0",
            "drb": null
        },
        {
            "candid": 1450505194015015002,
            "jd": 2459205.0051968,
            "ra": 184.4676441,
            "dec": -0.9080402,
            "fid": 2,
            "nid": 1450,
            "magpsf": 18.186399459838867,
            "sigmapsf": 0.047203000634908676,
            "magnr": 18.909000396728516,
            "sigmagnr": 0.12200000137090683,
            "magzpsci": 26.418399810791016,
            "isdiffpos": "t",
            "ssdistnr": -999.0,
            "ssnamenr": "-999.0",
            "drb": null
        },
        {
            "candid": 1461484524015015000,
            "jd": 2459215.9845255,
            "ra": 184.4676878,
            "dec": -0.9080218,
            "fid": 1,
            "nid": 1461,
            "magpsf": 18.946300506591797,
            "sigmapsf": 0.17932699620723724,
            "magnr": 19.124000549316406,
            "sigmagnr": 0.09799999743700027,
            "magzpsci": 26.364299774169922,
            "isdiffpos": "t",
            "ssdistnr": -999.0,
            "ssnamenr": "-999.0",
            "drb": null
        },
        {
            "candid": 1462503134015015000,
            "jd": 2459217.0031366,
            "ra": 184.4676615,
            "dec": -0.9080308,
            "fid": 2,
            "nid": 1462,
            "magpsf": 18.341699600219727,
            "sigmapsf": 0.0882129967212677,
            "magnr": 18.909000396728516,
            "sigmagnr": 0.12200000137090683,
            "magzpsci": 26.354700088500977,
            "isdiffpos": "t",
            "ssdistnr": -999.0,
            "ssnamenr": "null",
            "drb": 0.9998930096626282
        },
        {
            "candid": 1467443344015015000,
            "jd": 2459221.9433449,
            "ra": 184.4676439,
            "dec": -0.9079833,
            "fid": 2,
            "nid": 1467,
            "magpsf": 18.417800903320312,
            "sigmapsf": 0.07517199963331223,
            "magnr": 18.909000396728516,
            "sigmagnr": 0.12200000137090683,
            "magzpsci": 26.346799850463867,
            "isdiffpos": "t",
            "ssdistnr": -999.0,
            "ssnamenr": "null",
            "drb": 1.0
        },
        {
            "candid": 1467473874015015004,
            "jd": 2459221.9738773,
            "ra": 184.4676232,
            "dec": -0.9080539,
            "fid": 1,
            "nid": 1467,
            "magpsf": 19.044200897216797,
            "sigmapsf": 0.1840679943561554,
            "magnr": 19.124000549316406,
            "sigmagnr": 0.09799999743700027,
            "magzpsci": 26.042200088500977,
            "isdiffpos": "t",
            "ssdistnr": -999.0,
            "ssnamenr": "null",
            "drb": 0.9999499917030334
        },
        {
            "candid": 1469467514015015004,
            "jd": 2459223.9675116,
            "ra": 184.4676147,
            "dec": -0.9080468,
            "fid": 2,
            "nid": 1469,
            "magpsf": 18.37969970703125,
            "sigmapsf": 0.07753700017929077,
            "magnr": 18.909000396728516,
            "sigmagnr": 0.12200000137090683,
            "magzpsci": 26.41670036315918,
            "isdiffpos": "t",
            "ssdistnr": -999.0,
            "ssnamenr": "null",
            "drb": 0.9999709725379944
        },
        {
            "candid": 1471463614015015003,
            "jd": 2459225.9636111,
            "ra": 184.4676513,
            "dec": -0.9080512,
            "fid": 1,
            "nid": 1471,
            "magpsf": 19.03350067138672,
            "sigmapsf": 0.12015599757432938,
            "magnr": 19.124000549316406,
            "sigmagnr": 0.09799999743700027,
            "magzpsci": 26.345500946044922,
            "isdiffpos": "t",
            "ssdistnr": -999.0,
            "ssnamenr": "null",
            "drb": 0.9999979734420776
        },
        {
            "candid": 1471503464015015006,
            "jd": 2459226.0034606,
            "ra": 184.4676573,
            "dec": -0.9080855,
            "fid": 2,
            "nid": 1471,
            "magpsf": 18.440000534057617,
            "sigmapsf": 0.13581499457359314,
            "magnr": 18.909000396728516,
            "sigmagnr": 0.12200000137090683,
            "magzpsci": 25.99799919128418,
            "isdiffpos": "t",
            "ssdistnr": -999.0,
            "ssnamenr": "-999.0",
            "drb": null
        },
        {
            "candid": 1473378494015015000,
            "jd": 2459227.8784954,
            "ra": 184.4676336,
            "dec": -0.9080298,
            "fid": 2,
            "nid": 1473,
            "magpsf": 18.41710090637207,
            "sigmapsf": 0.07368399947881699,
            "magnr": 18.909000396728516,
            "sigmagnr": 0.12200000137090683,
            "magzpsci": 26.324100494384766,
            "isdiffpos": "t",
            "ssdistnr": -999.0,
            "ssnamenr": "-999.0",
            "drb": null
        },
        {
            "candid": 1473480914015015004,
            "jd": 2459227.9809144,
            "ra": 184.4676412,
            "dec": -0.9080543,
            "fid": 1,
            "nid": 1473,
            "magpsf": 19.09239959716797,
            "sigmapsf": 0.10197599977254868,
            "magnr": 19.124000549316406,
            "sigmagnr": 0.09799999743700027,
            "magzpsci": 26.33340072631836,
            "isdiffpos": "t",
            "ssdistnr": -999.0,
            "ssnamenr": "-999.0",
            "drb": null
        },
        {
            "candid": 1475503464015015000,
            "jd": 2459230.0034606,
            "ra": 184.4676534,
            "dec": -0.9080088,
            "fid": 2,
            "nid": 1475,
            "magpsf": 18.384300231933594,
            "sigmapsf": 0.12979300320148468,
            "magnr": 18.909000396728516,
            "sigmagnr": 0.12200000137090683,
            "magzpsci": 26.409299850463867,
            "isdiffpos": "t",
            "ssdistnr": -999.0,
            "ssnamenr": "null",
            "drb": 0.9965620040893555
        },
        {
            "candid": 1477481634015015002,
            "jd": 2459231.9816319,
            "ra": 184.4676266,
            "dec": -0.9080297,
            "fid": 2,
            "nid": 1477,
            "magpsf": 18.451799392700195,
            "sigmapsf": 0.06529500335454941,
            "magnr": 18.909000396728516,
            "sigmagnr": 0.12200000137090683,
            "magzpsci": 26.40180015563965,
            "isdiffpos": "t",
            "ssdistnr": -999.0,
            "ssnamenr": "null",
            "drb": 1.0
        },
        {
            "candid": 1480449684015015025,
            "jd": 2459234.9496875,
            "ra": 184.4676945,
            "dec": -0.9081502,
            "fid": 1,
            "nid": 1480,
            "magpsf": 19.062700271606445,
            "sigmapsf": 0.16371500492095947,
            "magnr": 19.124000549316406,
            "sigmagnr": 0.09799999743700027,
            "magzpsci": 26.356700897216797,
            "isdiffpos": "t",
            "ssdistnr": -999.0,
            "ssnamenr": "null",
            "drb": 0.9988909959793091
        },
        {
            "candid": 1495413404015015000,
            "jd": 2459249.9134028,
            "ra": 184.4676561,
            "dec": -0.9080667,
            "fid": 2,
            "nid": 1495,
            "magpsf": 18.467599868774414,
            "sigmapsf": 0.10535699874162674,
            "magnr": 18.909000396728516,
            "sigmagnr": 0.12200000137090683,
            "magzpsci": 26.40959930419922,
            "isdiffpos": "t",
            "ssdistnr": -999.0,
            "ssnamenr": "null",
            "drb": 0.9999210238456726
        },
        {
            "candid": 1495440634015015000,
            "jd": 2459249.9406366,
            "ra": 184.4676117,
            "dec": -0.908176,
            "fid": 1,
            "nid": 1495,
            "magpsf": 19.230300903320312,
            "sigmapsf": 0.2642799913883209,
            "magnr": 19.124000549316406,
            "sigmagnr": 0.09799999743700027,
            "magzpsci": 26.36829948425293,
            "isdiffpos": "t",
            "ssdistnr": -999.0,
            "ssnamenr": "-999.0",
            "drb": null
        },
        {
            "candid": 1497419404015015000,
            "jd": 2459251.9194097,
            "ra": 184.4676346,
            "dec": -0.9080287,
            "fid": 1,
            "nid": 1497,
            "magpsf": 19.30030059814453,
            "sigmapsf": 0.09998899698257446,
            "magnr": 19.124000549316406,
            "sigmagnr": 0.09799999743700027,
            "magzpsci": 26.396299362182617,
            "isdiffpos": "t",
            "ssdistnr": -999.0,
            "ssnamenr": "null",
            "drb": 0.9999979734420776
        },
        {
            "candid": 1497462334015015001,
            "jd": 2459251.962338,
            "ra": 184.4676273,
            "dec": -0.9080432,
            "fid": 2,
            "nid": 1497,
            "magpsf": 18.50189971923828,
            "sigmapsf": 0.05560100078582764,
            "magnr": 18.909000396728516,
            "sigmagnr": 0.12200000137090683,
            "magzpsci": 26.42490005493164,
            "isdiffpos": "t",
            "ssdistnr": -999.0,
            "ssnamenr": "null",
            "drb": 1.0
        },
        {
            "candid": 1499379514015015047,
            "jd": 2459253.8795139,
            "ra": 184.4676314,
            "dec": -0.9080199,
            "fid": 1,
            "nid": 1499,
            "magpsf": 19.390399932861328,
            "sigmapsf": 0.16097800433635712,
            "magnr": 19.124000549316406,
            "sigmagnr": 0.09799999743700027,
            "magzpsci": 26.0403995513916,
            "isdiffpos": "t",
            "ssdistnr": -999.0,
            "ssnamenr": "null",
            "drb": 0.9999179840087891
        },
        {
            "candid": 1499487504015015000,
            "jd": 2459253.9875,
            "ra": 184.4676437,
            "dec": -0.908031,
            "fid": 2,
            "nid": 1499,
            "magpsf": 18.528099060058594,
            "sigmapsf": 0.06333400309085846,
            "magnr": 18.909000396728516,
            "sigmagnr": 0.12200000137090683,
            "magzpsci": 26.396099090576172,
            "isdiffpos": "t",
            "ssdistnr": -999.0,
            "ssnamenr": "null",
            "drb": 0.9999989867210388
        },
        {
            "candid": 1501377434015015007,
            "jd": 2459255.8774306,
            "ra": 184.4676295,
            "dec": -0.9080167,
            "fid": 1,
            "nid": 1501,
            "magpsf": 19.388700485229492,
            "sigmapsf": 0.11842899769544601,
            "magnr": 19.124000549316406,
            "sigmagnr": 0.09799999743700027,
            "magzpsci": 26.365699768066406,
            "isdiffpos": "t",
            "ssdistnr": null,
            "ssnamenr": null,
            "drb": null
        },
        {
            "candid": 1501418404015015002,
            "jd": 2459255.9184028,
            "ra": 184.4676461,
            "dec": -0.9080398,
            "fid": 2,
            "nid": 1501,
            "magpsf": 18.578500747680664,
            "sigmapsf": 0.07150500267744064,
            "magnr": 18.909000396728516,
            "sigmagnr": 0.12200000137090683,
            "magzpsci": 26.41349983215332,
            "isdiffpos": "t",
            "ssdistnr": null,
            "ssnamenr": null,
            "drb": null
        },
        {
            "candid": 1503379514015015005,
            "jd": 2459257.8795139,
            "ra": 184.4675197,
            "dec": -0.9080861,
            "fid": 1,
            "nid": 1503,
            "magpsf": 19.347400665283203,
            "sigmapsf": 0.2255910038948059,
            "magnr": 19.124000549316406,
            "sigmagnr": 0.09799999743700027,
            "magzpsci": 25.846399307250977,
            "isdiffpos": "t",
            "ssdistnr": null,
            "ssnamenr": null,
            "drb": null
        },
        {
            "candid": 1508360674015015004,
            "jd": 2459262.8606713,
            "ra": 184.467633,
            "dec": -0.9080109,
            "fid": 2,
            "nid": 1508,
            "magpsf": 18.596399307250977,
            "sigmapsf": 0.07853300124406815,
            "magnr": 18.909000396728516,
            "sigmagnr": 0.12200000137090683,
            "magzpsci": 26.39240074157715,
            "isdiffpos": "t",
            "ssdistnr": null,
            "ssnamenr": null,
            "drb": null
        },
        {
            "candid": 1510373864015015005,
            "jd": 2459264.8738657,
            "ra": 184.4676163,
            "dec": -0.9080388,
            "fid": 2,
            "nid": 1510,
            "magpsf": 18.60219955444336,
            "sigmapsf": 0.05634399875998497,
            "magnr": 18.909000396728516,
            "sigmagnr": 0.12200000137090683,
            "magzpsci": 26.432199478149414,
            "isdiffpos": "t",
            "ssdistnr": null,
            "ssnamenr": null,
            "drb": null
        },
        {
            "candid": 1512376654015015002,
            "jd": 2459266.8766551,
            "ra": 184.4676374,
            "dec": -0.908026,
            "fid": 2,
            "nid": 1512,
            "magpsf": 18.669099807739258,
            "sigmapsf": 0.08043000102043152,
            "magnr": 18.909000396728516,
            "sigmagnr": 0.12200000137090683,
            "magzpsci": 26.41710090637207,
            "isdiffpos": "t",
            "ssdistnr": null,
            "ssnamenr": null,
            "drb": null
        },
        {
            "candid": 1514415994015015002,
            "jd": 2459268.9159954,
            "ra": 184.4676261,
            "dec": -0.9080462,
            "fid": 2,
            "nid": 1514,
            "magpsf": 18.676700592041016,
            "sigmapsf": 0.08259599655866623,
            "magnr": 18.909000396728516,
            "sigmagnr": 0.12200000137090683,
            "magzpsci": 26.446699142456055,
            "isdiffpos": "t",
            "ssdistnr": null,
            "ssnamenr": null,
            "drb": null
        },
        {
            "candid": 1514436504015015000,
            "jd": 2459268.9365046,
            "ra": 184.4676914,
            "dec": -0.9080846,
            "fid": 1,
            "nid": 1514,
            "magpsf": 19.58930015563965,
            "sigmapsf": 0.19216600060462952,
            "magnr": 19.124000549316406,
            "sigmagnr": 0.09799999743700027,
            "magzpsci": 26.39929962158203,
            "isdiffpos": "t",
            "ssdistnr": null,
            "ssnamenr": null,
            "drb": null
        },
        {
            "candid": 1516387254015015001,
            "jd": 2459270.8872569,
            "ra": 184.4677031,
            "dec": -0.9081238,
            "fid": 2,
            "nid": 1516,
            "magpsf": 18.687999725341797,
            "sigmapsf": 0.1085129976272583,
            "magnr": 18.909000396728516,
            "sigmagnr": 0.12200000137090683,
            "magzpsci": 26.415000915527344,
            "isdiffpos": "t",
            "ssdistnr": null,
            "ssnamenr": null,
            "drb": null
        },
        {
            "candid": 1516399914015015000,
            "jd": 2459270.899919,
            "ra": 184.4675301,
            "dec": -0.9080761,
            "fid": 1,
            "nid": 1516,
            "magpsf": 19.5846004486084,
            "sigmapsf": 0.2633250057697296,
            "magnr": 19.124000549316406,
            "sigmagnr": 0.09799999743700027,
            "magzpsci": 26.362600326538086,
            "isdiffpos": "t",
            "ssdistnr": null,
            "ssnamenr": null,
            "drb": null
        },
        {
            "candid": 1522355414015015000,
            "jd": 2459276.8554167,
            "ra": 184.4676379,
            "dec": -0.9079937,
            "fid": 2,
            "nid": 1522,
            "magpsf": 19.133899688720703,
            "sigmapsf": 0.16504700481891632,
            "magnr": 18.909000396728516,
            "sigmagnr": 0.12200000137090683,
            "magzpsci": 26.412900924682617,
            "isdiffpos": "t",
            "ssdistnr": null,
            "ssnamenr": null,
            "drb": null
        },
        {
            "candid": 1526285504015015002,
            "jd": 2459280.7855093,
            "ra": 184.4676231,
            "dec": -0.9080071,
            "fid": 2,
            "nid": 1526,
            "magpsf": 19.3351993560791,
            "sigmapsf": 0.0786999985575676,
            "magnr": 18.909000396728516,
            "sigmagnr": 0.12200000137090683,
            "magzpsci": 26.402189254760742,
            "isdiffpos": "t",
            "ssdistnr": -999.0,
            "ssnamenr": "null",
            "drb": null
        },
        {
            "candid": 1526285504015025002,
            "jd": 2459280.7855093,
            "ra": 184.4676231,
            "dec": -0.9080071,
            "fid": 2,
            "nid": 1526,
            "magpsf": 19.3351993560791,
            "sigmapsf": 0.0786999985575676,
            "magnr": 18.909000396728516,
            "sigmagnr": 0.12200000137090683,
            "magzpsci": 26.40220069885254,
            "isdiffpos": "t",
            "ssdistnr": null,
            "ssnamenr": null,
            "drb": null
        },
        {
            "candid": 1536339574015015004,
            "jd": 2459290.8395718,
            "ra": 184.4675887,
            "dec": -0.9080381,
            "fid": 2,
            "nid": 1536,
            "magpsf": 19.849700927734375,
            "sigmapsf": 0.16030000150203705,
            "magnr": 18.909000396728516,
            "sigmagnr": 0.12200000137090683,
            "magzpsci": 26.41670036315918,
            "isdiffpos": "t",
            "ssdistnr": null,
            "ssnamenr": null,
            "drb": null
        },
        {
            "candid": 1541236854015015001,
            "jd": 2459295.7368519,
            "ra": 184.4676295,
            "dec": -0.9079974,
            "fid": 2,
            "nid": 1541,
            "magpsf": 19.704500198364258,
            "sigmapsf": 0.20405800640583038,
            "magnr": 18.909000396728516,
            "sigmagnr": 0.12200000137090683,
            "magzpsci": 26.306499481201172,
            "isdiffpos": "t",
            "ssdistnr": null,
            "ssnamenr": null,
            "drb": null
        },
        {
            "candid": 1553452634015015002,
            "jd": 2459307.9526389,
            "ra": 184.4676561,
            "dec": -0.90805,
            "fid": 2,
            "nid": 1553,
            "magpsf": 19.843799591064453,
            "sigmapsf": 0.18329599499702454,
            "magnr": 18.909000396728516,
            "sigmagnr": 0.12200000137090683,
            "magzpsci": 26.314800262451172,
            "isdiffpos": "t",
            "ssdistnr": null,
            "ssnamenr": null,
            "drb": null
        },
        {
            "candid": 1555275914015015004,
            "jd": 2459309.7759144,
            "ra": 184.4675891,
            "dec": -0.9079925,
            "fid": 2,
            "nid": 1555,
            "magpsf": 19.90019989013672,
            "sigmapsf": 0.16716299951076508,
            "magnr": 18.909000396728516,
            "sigmagnr": 0.12200000137090683,
            "magzpsci": 26.403200149536133,
            "isdiffpos": "t",
            "ssdistnr": null,
            "ssnamenr": null,
            "drb": null
        },
        {
            "candid": 1569315574015015000,
            "jd": 2459323.8155787,
            "ra": 184.4676432,
            "dec": -0.9079617,
            "fid": 2,
            "nid": 1569,
            "magpsf": 19.961299896240234,
            "sigmapsf": 0.18235500156879425,
            "magnr": 18.909000396728516,
            "sigmagnr": 0.12200000137090683,
            "magzpsci": 26.374300003051758,
            "isdiffpos": "t",
            "ssdistnr": null,
            "ssnamenr": null,
            "drb": null
        },
        {
            "candid": 1580268924015015002,
            "jd": 2459334.7689236,
            "ra": 184.4675966,
            "dec": -0.9079894,
            "fid": 2,
            "nid": 1580,
            "magpsf": 20.34950065612793,
            "sigmapsf": 0.21161499619483948,
            "magnr": 18.909000396728516,
            "sigmagnr": 0.12200000137090683,
            "magzpsci": 26.374500274658203,
            "isdiffpos": "t",
            "ssdistnr": null,
            "ssnamenr": null,
            "drb": null
        },
        {
            "candid": 1584232484015015005,
            "jd": 2459338.7324884,
            "ra": 184.4676168,
            "dec": -0.9079928,
            "fid": 2,
            "nid": 1584,
            "magpsf": 19.994400024414062,
            "sigmapsf": 0.19280299544334412,
            "magnr": 18.909000396728516,
            "sigmagnr": 0.12200000137090683,
            "magzpsci": 26.371400833129883,
            "isdiffpos": "t",
            "ssdistnr": null,
            "ssnamenr": null,
            "drb": null
        },
        {
            "candid": 1590246724015015003,
            "jd": 2459344.7467245,
            "ra": 184.467612,
            "dec": -0.9080545,
            "fid": 2,
            "nid": 1590,
            "magpsf": 20.256200790405273,
            "sigmapsf": 0.16700099408626556,
            "magnr": 18.909000396728516,
            "sigmagnr": 0.12200000137090683,
            "magzpsci": 26.344200134277344,
            "isdiffpos": "t",
            "ssdistnr": null,
            "ssnamenr": null,
            "drb": null
        },
        {
            "candid": 1592278654015015000,
            "jd": 2459346.7786574,
            "ra": 184.4676013,
            "dec": -0.9080228,
            "fid": 2,
            "nid": 1592,
            "magpsf": 20.29680061340332,
            "sigmapsf": 0.24103499948978424,
            "magnr": 18.909000396728516,
            "sigmagnr": 0.12200000137090683,
            "magzpsci": 26.304800033569336,
            "isdiffpos": "t",
            "ssdistnr": null,
            "ssnamenr": null,
            "drb": null
        },
        {
            "candid": 1594190124015015001,
            "jd": 2459348.6901273,
            "ra": 184.4676146,
            "dec": -0.9080391,
            "fid": 2,
            "nid": 1594,
            "magpsf": 20.333820343017578,
            "sigmapsf": 0.21705499291419983,
            "magnr": 18.909000396728516,
            "sigmagnr": 0.12200000137090683,
            "magzpsci": 26.370819091796875,
            "isdiffpos": "t",
            "ssdistnr": -999.0,
            "ssnamenr": "null",
            "drb": null
        },
        {
            "jd": 2459217.03804,
            "fid": 1,
            "diffmaglim": 18.923999786376953
        },
        {
            "jd": 2459272.8167708,
            "fid": 2,
            "diffmaglim": 18.89459991455078
        },
        {
            "jd": 2459272.908206,
            "fid": 1,
            "diffmaglim": 18.673999786376953
        },
        {
            "jd": 2459276.9200231,
            "fid": 1,
            "diffmaglim": 19.667499542236328
        },
        {
            "jd": 2459290.8283218,
            "fid": 1,
            "diffmaglim": 20.541900634765625
        },
        {
            "jd": 2459292.8544676,
            "fid": 2,
            "diffmaglim": 20.497600555419922
        },
        {
            "jd": 2459295.7732986,
            "fid": 1,
            "diffmaglim": 19.526599884033203
        },
        {
            "jd": 2459297.7735185,
            "fid": 2,
            "diffmaglim": 19.56920051574707
        },
        {
            "jd": 2459297.7976389,
            "fid": 1,
            "diffmaglim": 19.28219985961914
        },
        {
            "jd": 2459303.7934144,
            "fid": 1,
            "diffmaglim": 18.960800170898438
        },
        {
            "jd": 2459303.8354514,
            "fid": 2,
            "diffmaglim": 19.221200942993164
        },
        {
            "jd": 2459305.8155671,
            "fid": 1,
            "diffmaglim": 20.968299865722656
        },
        {
            "jd": 2459307.7953588,
            "fid": 1,
            "diffmaglim": 20.627099990844727
        },
        {
            "jd": 2459309.8096181,
            "fid": 1,
            "diffmaglim": 20.36669921875
        },
        {
            "jd": 2459311.733044,
            "fid": 1,
            "diffmaglim": 20.16950035095215
        },
        {
            "jd": 2459311.8127431,
            "fid": 2,
            "diffmaglim": 20.50589942932129
        },
        {
            "jd": 2459313.7532986,
            "fid": 1,
            "diffmaglim": 20.42009925842285
        },
        {
            "jd": 2459313.7993634,
            "fid": 2,
            "diffmaglim": 19.77549934387207
        },
        {
            "jd": 2459315.7525231,
            "fid": 2,
            "diffmaglim": 16.965999603271484
        },
        {
            "jd": 2459315.7758681,
            "fid": 1,
            "diffmaglim": 18.698200225830078
        },
        {
            "jd": 2459317.7519329,
            "fid": 1,
            "diffmaglim": 20.81089973449707
        },
        {
            "jd": 2459317.8313079,
            "fid": 2,
            "diffmaglim": 20.520000457763672
        },
        {
            "jd": 2459321.752338,
            "fid": 1,
            "diffmaglim": 20.58609962463379
        },
        {
            "jd": 2459321.7979861,
            "fid": 2,
            "diffmaglim": 20.63249969482422
        },
        {
            "jd": 2459323.7779051,
            "fid": 1,
            "diffmaglim": 20.155899047851562
        },
        {
            "jd": 2459325.8265972,
            "fid": 1,
            "diffmaglim": 19.870800018310547
        },
        {
            "jd": 2459334.7116088,
            "fid": 1,
            "diffmaglim": 20.505699157714844
        },
        {
            "jd": 2459336.7568981,
            "fid": 1,
            "diffmaglim": 20.66830062866211
        },
        {
            "jd": 2459336.8110185,
            "fid": 2,
            "diffmaglim": 20.294700622558594
        },
        {
            "jd": 2459338.8126157,
            "fid": 1,
            "diffmaglim": 20.19300079345703
        },
        {
            "jd": 2459340.7290972,
            "fid": 1,
            "diffmaglim": 20.51740074157715
        },
        {
            "jd": 2459342.7327083,
            "fid": 1,
            "diffmaglim": 20.64299964904785
        },
        {
            "jd": 2459342.7746065,
            "fid": 2,
            "diffmaglim": 20.297300338745117
        }
    ],
    "forcedphot": []
}