{
    "objectId": "ZTF20aarbktd",
    "candidates": [
        {
            "candid": 1150524225415015012,
            "jd": 2458905.0242245,
            "ra": 256.0970855,
            "dec": 28.4629282,
            "fid": 2,
            "nid": 1150,
            "magpsf": 18.072399139404297,
            "sigmapsf": 0.08827999979257584,
            "magnr": 15.86400032043457,
            "sigmagnr": 0.08500000089406967,
            "magzpsci": 26.23040008544922,
            "isdiffpos": "t",
            "ssdistnr": -999.0,
            "ssnamenr": "-999.0",
            "drb": null
        },
        {
            "candid": 1150552545415015011,
            "jd": 2458905.0525463,
            "ra": 256.0970998,
            "dec": 28.4628954,
            "fid": 1,
            "nid": 1150,
            "magpsf": 18.059200286865234,
            "sigmapsf": 0.08909700065851212,
            "magnr": 16.792999267578125,
            "sigmagnr": 0.05299999937415123,
            "magzpsci": 26.300199508666992,
            "isdiffpos": "t",
            "ssdistnr": -999.0,
            "ssnamenr": "-999.0",
            "drb": null
        },
        {
            "candid": 1154513865415015019,
            "jd": 2458909.0138657,
            "ra": 256.097095,
            "dec": 28.4629361,
            "fid": 2,
            "nid": 1154,
            "magpsf": 17.960500717163086,
            "sigmapsf": 0.07087700068950653,
            "magnr": 15.86400032043457,
            "sigmagnr": 0.08500000089406967,
            "magzpsci": 26.225500106811523,
            "isdiffpos": "t",
            "ssdistnr": -999.0,
            "ssnamenr": "-999.0",
            "drb": null
        },
        {
            "candid": 1157503795415015007,
            "jd": 2458912.0037963,
            "ra": 256.0970976,
            "dec": 28.4629028,
            "fid": 2,
            "nid": 1157,
            "magpsf": 17.963300704956055,
            "sigmapsf": 0.07939299941062927,
            "magnr": 15.86400032043457,
            "sigmagnr": 0.08500000089406967,
            "magzpsci": 26.21430015563965,
            "isdiffpos": "t",
            "ssdistnr": -999.0,
            "ssnamenr": "null",
            "drb": 0.9999970197677612
        },
        {
            "candid": 1157537435415015015,
            "jd": 2458912.0374306,
            "ra": 256.0971182,
            "dec": 28.462936,
            "fid": 1,
            "nid": 1157,
            "magpsf": 18.212200164794922,
            "sigmapsf": 0.07932200282812119,
            "magnr": 16.792999267578125,
            "sigmagnr": 0.05299999937415123,
            "magzpsci": 26.2992000579834,
            "isdiffpos": "t",
            "ssdistnr": -999.0,
            "ssnamenr": "null",
            "drb": 0.9999989867210388
        },
        {
            "candid": 1160464055415015010,
            "jd": 2458914.9640509,
            "ra": 256.0970851,
            "dec": 28.4629274,
            "fid": 1,
            "nid": 1160,
            "magpsf": 18.22610092163086,
            "sigmapsf": 0.0679280012845993,
            "magnr": 16.792999267578125,
            "sigmagnr": 0.05299999937415123,
            "magzpsci": 26.24209976196289,
            "isdiffpos": "t",
            "ssdistnr": -999.0,
            "ssnamenr": "null",
            "drb": 1.0
        },
        {
            "candid": 1160535985415015017,
            "jd": 2458915.0359838,
            "ra": 256.0970798,
            "dec": 28.4629177,
            "fid": 2,
            "nid": 1160,
            "magpsf": 18.157499313354492,
            "sigmapsf": 0.07713600248098373,
            "magnr": 15.86400032043457,
            "sigmagnr": 0.08500000089406967,
            "magzpsci": 26.234500885009766,
            "isdiffpos": "t",
            "ssdistnr": -999.0,
            "ssnamenr": "null",
            "drb": 0.999235987663269
        },
        {
            "candid": 1182498435415015030,
            "jd": 2458936.9984375,
            "ra": 256.0971612,
            "dec": 28.4629085,
            "fid": 1,
            "nid": 1182,
            "magpsf": 19.262300491333008,
            "sigmapsf": 0.1651799976825714,
            "magnr": 16.792999267578125,
            "sigmagnr": 0.05299999937415123,
            "magzpsci": 26.265300750732422,
            "isdiffpos": "t",
            "ssdistnr": -999.0,
            "ssnamenr": "null",
            "drb": 0.9999889731407166
        },
        {
            "candid": 1182507005415015008,
            "jd": 2458937.0070023,
            "ra": 256.0970863,
            "dec": 28.4629328,
            "fid": 2,
            "nid": 1182,
            "magpsf": 18.46769905090332,
            "sigmapsf": 0.09962199628353119,
            "magnr": 15.86400032043457,
            "sigmagnr": 0.08500000089406967,
            "magzpsci": 26.200700759887695,
            "isdiffpos": "t",
            "ssdistnr": -999.0,
            "ssnamenr": "null",
            "drb": 0.9998980164527893
        },
        {
            "candid": 1189443715415015005,
            "jd": 2458943.9437153,
            "ra": 256.0970859,
            "dec": 28.462908,
            "fid": 1,
            "nid": 1189,
            "magpsf": 19.482900619506836,
            "sigmapsf": 0.1867540031671524,
            "magnr": 16.792999267578125,
            "sigmagnr": 0.05299999937415123,
            "magzpsci": 26.26889991760254,
            "isdiffpos": "t",
            "ssdistnr": -999.0,
            "ssnamenr": "null",
            "drb": 0.999987006187439
        },
        {
            "candid": 1189481455415015003,
            "jd": 2458943.9814583,
            "ra": 256.0970856,
            "dec": 28.462932,
            "fid": 2,
            "nid": 1189,
            "magpsf": 18.571800231933594,
            "sigmapsf": 0.09137299656867981,
            "magnr": 15.86400032043457,
            "sigmagnr": 0.08500000089406967,
            "magzpsci": 26.207799911499023,
            "isdiffpos": "t",
            "ssdistnr": -999.0,
            "ssnamenr": "null",
            "drb": 0.9999859929084778
        },
        {
            "candid": 1199456515415015004,
            "jd": 2458953.9565162,
            "ra": 256.097066,
            "dec": 28.4629421,
            "fid": 2,
            "nid": 1199,
            "magpsf": 18.64299964904785,
            "sigmapsf": 0.11221999675035477,
            "magnr": 15.86400032043457,
            "sigmagnr": 0.08500000089406967,
            "magzpsci": 26.20400047302246,
            "isdiffpos": "t",
            "ssdistnr": -999.0,
            "ssnamenr": "-999.0",
            "drb": null
        },
        {
            "candid": 1200432615415015018,
            "jd": 2458954.9326157,
            "ra": 256.0970781,
            "dec": 28.4629599,
            "fid": 1,
            "nid": 1200,
            "magpsf": 19.59149932861328,
            "sigmapsf": 0.21267299354076385,
            "magnr": 16.792999267578125,
            "sigmagnr": 0.05299999937415123,
            "magzpsci": 26.273500442504883,
            "isdiffpos": "t",
            "ssdistnr": -999.0,
            "ssnamenr": "null",
            "drb": 0.9993590116500854
        },
        {
            "candid": 1202485455415015059,
            "jd": 2458956.9854514,
            "ra": 256.0971437,
            "dec": 28.4629236,
            "fid": 2,
            "nid": 1202,
            "magpsf": 18.315200805664062,
            "sigmapsf": 0.13276900351047516,
            "magnr": 15.86400032043457,
            "sigmagnr": 0.08500000089406967,
            "magzpsci": 25.37220001220703,
            "isdiffpos": "t",
            "ssdistnr": -999.0,
            "ssnamenr": "-999.0",
            "drb": null
        },
        {
            "candid": 1207457965415015019,
            "jd": 2458961.957963,
            "ra": 256.0970985,
            "dec": 28.4629227,
            "fid": 2,
            "nid": 1207,
            "magpsf": 18.547800064086914,
            "sigmapsf": 0.09119399636983871,
            "magnr": 15.86400032043457,
            "sigmagnr": 0.08500000089406967,
            "magzpsci": 26.18779945373535,
            "isdiffpos": "t",
            "ssdistnr": -999.0,
            "ssnamenr": "null",
            "drb": 0.9999979734420776
        },
        {
            "candid": 1210422735415015007,
            "jd": 2458964.9227315,
            "ra": 256.0970638,
            "dec": 28.4629305,
            "fid": 2,
            "nid": 1210,
            "magpsf": 18.675600051879883,
            "sigmapsf": 0.0950779989361763,
            "magnr": 15.86400032043457,
            "sigmagnr": 0.08500000089406967,
            "magzpsci": 26.224599838256836,
            "isdiffpos": "t",
            "ssdistnr": -999.0,
            "ssnamenr": "null",
            "drb": 0.9823819994926453
        },
        {
            "candid": 1216414305415015012,
            "jd": 2458970.9143056,
            "ra": 256.0970876,
            "dec": 28.4629314,
            "fid": 2,
            "nid": 1216,
            "magpsf": 18.675899505615234,
            "sigmapsf": 0.1063150018453598,
            "magnr": 15.86400032043457,
            "sigmagnr": 0.08500000089406967,
            "magzpsci": 26.27090072631836,
            "isdiffpos": "t",
            "ssdistnr": -999.0,
            "ssnamenr": "null",
            "drb": 0.9999560117721558
        },
        {
            "candid": 1219353985415015006,
            "jd": 2458973.8539815,
            "ra": 256.0970613,
            "dec": 28.4629531,
            "fid": 2,
            "nid": 1219,
            "magpsf": 18.848800659179688,
            "sigmapsf": 0.13011600077152252,
            "magnr": 15.86400032043457,
            "sigmagnr": 0.08500000089406967,
            "magzpsci": 26.25480079650879,
            "isdiffpos": "t",
            "ssdistnr": -999.0,
            "ssnamenr": "null",
            "drb": 0.9999949932098389
        },
        {
            "candid": 1223398665415015032,
            "jd": 2458977.898669,
            "ra": 256.0970295,
            "dec": 28.462888,
            "fid": 2,
            "nid": 1223,
            "magpsf": 18.853200912475586,
            "sigmapsf": 0.20113199949264526,
            "magnr": 15.86400032043457,
            "sigmagnr": 0.08500000089406967,
            "magzpsci": 25.987199783325195,
            "isdiffpos": "t",
            "ssdistnr": -999.0,
            "ssnamenr": "null",
            "drb": 0.9554309844970703
        },
        {
            "candid": 1226314355415015010,
            "jd": 2458980.8143519,
            "ra": 256.0970864,
            "dec": 28.4629497,
            "fid": 2,
            "nid": 1226,
            "magpsf": 18.840900421142578,
            "sigmapsf": 0.12074600160121918,
            "magnr": 15.86400032043457,
            "sigmagnr": 0.08500000089406967,
            "magzpsci": 26.242900848388672,
            "isdiffpos": "t",
            "ssdistnr": -999.0,
            "ssnamenr": "null",
            "drb": 0.9999549984931946
        },
        {
            "candid": 1230402065415015005,
            "jd": 2458984.9020602,
            "ra": 256.0970805,
            "dec": 28.4629293,
            "fid": 2,
            "nid": 1230,
            "magpsf": 19.090700149536133,
            "sigmapsf": 0.10029199719429016,
            "magnr": 15.86400032043457,
            "sigmagnr": 0.08500000089406967,
            "magzpsci": 26.250699996948242,
            "isdiffpos": "t",
            "ssdistnr": -999.0,
            "ssnamenr": "null",
            "drb": 0.9987930059432983
        },
        {
            "candid": 1233331465415015008,
            "jd": 2458987.8314699,
            "ra": 256.0971073,
            "dec": 28.4629667,
            "fid": 2,
            "nid": 1233,
            "magpsf": 19.26180076599121,
            "sigmapsf": 0.10910700261592865,
            "magnr": 15.86400032043457,
            "sigmagnr": 0.08500000089406967,
            "magzpsci": 26.262800216674805,
            "isdiffpos": "t",
            "ssdistnr": -999.0,
            "ssnamenr": "null",
            "drb": 0.995818018913269
        },
        {
            "jd": 2458885.96679,
            "fid": 1,
            "diffmaglim": 19.027000427246094
        },
        {
            "jd": 2458886.04353,
            "fid": 2,
            "diffmaglim": 20.389999389648438
        },
        {
            "jd": 2458889.01025,
            "fid": 2,
            "diffmaglim": 18.913999557495117
        },
        {
            "jd": 2458891.97466,
            "fid": 1,
            "diffmaglim": 19.39299964904785
        },
        {
            "jd": 2458895.04086,
            "fid": 2,
            "diffmaglim": 20.1299991607666
        },
        {
            "jd": 2458895.05931,
            "fid": 1,
            "diffmaglim": 20.089000701904297
        },
        {
            "jd": 2458899.02376,
            "fid": 2,
            "diffmaglim": 20.575000762939453
        },
        {
            "jd": 2458899.06166,
            "fid": 1,
            "diffmaglim": 20.172000885009766
        },
        {
            "jd": 2458917.90123,
            "fid": 1,
            "diffmaglim": 16.097000122070312
        },
        {
            "jd": 2458939.96558,
            "fid": 1,
            "diffmaglim": 18.54800033569336
        },
        {
            "jd": 2458939.98762,
            "fid": 2,
            "diffmaglim": 17.797000885009766
        },
        {
            "jd": 2458956.89479,
            "fid": 1,
            "diffmaglim": 18.665000915527344
        },
        {
            "jd": 2458964.88245,
            "fid": 1,
            "diffmaglim": 20.7549991607666
        },
        {
            "jd": 2458967.88309,
            "fid": 2,
            "diffmaglim": 20.63599967956543
        },
        {
            "jd": 2458967.93628,
            "fid": 1,
            "diffmaglim": 20.836000442504883
        }
    ],
    "forcedphot": []
}