{
    "objectId": "ZTF20abvtybi",
    "candidates": [
        {
            "candid": 1338517114915015001,
            "jd": 2459093.0171181,
            "ra": 120.3613275,
            "dec": 36.8190644,
            "fid": 1,
            "nid": 1338,
            "magpsf": 19.216899871826172,
            "sigmapsf": 0.265300989151001,
            "magnr": 20.73699951171875,
            "sigmagnr": 0.10000000149011612,
            "magzpsci": 26.092899322509766,
            "isdiffpos": "t",
            "ssdistnr": -999.0,
            "ssnamenr": "-999.0",
            "drb": null
        },
        {
            "candid": 1368509894915015002,
            "jd": 2459123.0098958,
            "ra": 120.3613783,
            "dec": 36.8191854,
            "fid": 2,
            "nid": 1368,
            "magpsf": 19.218700408935547,
            "sigmapsf": 0.1310189962387085,
            "magnr": 19.43899917602539,
            "sigmagnr": 0.07599999755620956,
            "magzpsci": 26.138700485229492,
            "isdiffpos": "t",
            "ssdistnr": -999.0,
            "ssnamenr": "null",
            "drb": 0.9999859929084778
        },
        {
            "candid": 1368510831515015005,
            "jd": 2459123.0108333,
            "ra": 120.3613175,
            "dec": 36.8191937,
            "fid": 2,
            "nid": 1368,
            "magpsf": 19.111400604248047,
            "sigmapsf": 0.11625300347805023,
            "magnr": 19.472000122070312,
            "sigmagnr": 0.09600000083446503,
            "magzpsci": 26.131399154663086,
            "isdiffpos": "t",
            "ssdistnr": -999.0,
            "ssnamenr": "null",
            "drb": 0.98894202709198
        },
        {
            "candid": 1370406714915015003,
            "jd": 2459124.906713,
            "ra": 120.3614936,
            "dec": 36.8191271,
            "fid": 2,
            "nid": 1370,
            "magpsf": 19.138399124145508,
            "sigmapsf": 0.181536003947258,
            "magnr": 19.43899917602539,
            "sigmagnr": 0.07599999755620956,
            "magzpsci": 26.06439971923828,
            "isdiffpos": "t",
            "ssdistnr": -999.0,
            "ssnamenr": "-999.0",
            "drb": null
        },
        {
            "candid": 1370408201515015004,
            "jd": 2459124.908206,
            "ra": 120.3613663,
            "dec": 36.8192311,
            "fid": 2,
            "nid": 1370,
            "magpsf": 19.139999389648438,
            "sigmapsf": 0.1515129953622818,
            "magnr": 19.472000122070312,
            "sigmagnr": 0.09600000083446503,
            "magzpsci": 26.054000854492188,
            "isdiffpos": "t",
            "ssdistnr": -999.0,
            "ssnamenr": "null",
            "drb": 0.9996309876441956
        },
        {
            "candid": 1370470081515015005,
            "jd": 2459124.970081,
            "ra": 120.3613637,
            "dec": 36.819166,
            "fid": 2,
            "nid": 1370,
            "magpsf": 19.173200607299805,
            "sigmapsf": 0.137253999710083,
            "magnr": 19.472000122070312,
            "sigmagnr": 0.09600000083446503,
            "magzpsci": 26.15519905090332,
            "isdiffpos": "t",
            "ssdistnr": -999.0,
            "ssnamenr": "null",
            "drb": 0.9999960064888
        },
        {
            "candid": 1370475714915015003,
            "jd": 2459124.9757176,
            "ra": 120.3613355,
            "dec": 36.819196,
            "fid": 2,
            "nid": 1370,
            "magpsf": 18.95330047607422,
            "sigmapsf": 0.12948499619960785,
            "magnr": 19.43899917602539,
            "sigmagnr": 0.07599999755620956,
            "magzpsci": 26.14929962158203,
            "isdiffpos": "t",
            "ssdistnr": -999.0,
            "ssnamenr": "null",
            "drb": 0.9999430179595947
        },
        {
            "candid": 1372497844915015001,
            "jd": 2459126.9978472,
            "ra": 120.3614581,
            "dec": 36.8192793,
            "fid": 1,
            "nid": 1372,
            "magpsf": 19.876399993896484,
            "sigmapsf": 0.34766098856925964,
            "magnr": 20.73699951171875,
            "sigmagnr": 0.10000000149011612,
            "magzpsci": 26.236400604248047,
            "isdiffpos": "t",
            "ssdistnr": -999.0,
            "ssnamenr": "-999.0",
            "drb": null
        },
        {
            "candid": 1372509184915015005,
            "jd": 2459127.0091898,
            "ra": 120.3614303,
            "dec": 36.819193,
            "fid": 2,
            "nid": 1372,
            "magpsf": 19.16119956970215,
            "sigmapsf": 0.11697600036859512,
            "magnr": 19.43899917602539,
            "sigmagnr": 0.07599999755620956,
            "magzpsci": 26.1742000579834,
            "isdiffpos": "t",
            "ssdistnr": -999.0,
            "ssnamenr": "null",
            "drb": 0.9999989867210388
        },
        {
            "candid": 1374449874915015003,
            "jd": 2459128.9498727,
            "ra": 120.3613206,
            "dec": 36.8191331,
            "fid": 1,
            "nid": 1374,
            "magpsf": 19.709400177001953,
            "sigmapsf": 0.36184799671173096,
            "magnr": 20.73699951171875,
            "sigmagnr": 0.10000000149011612,
            "magzpsci": 25.917400360107422,
            "isdiffpos": "t",
            "ssdistnr": -999.0,
            "ssnamenr": "-999.0",
            "drb": null
        },
        {
            "candid": 1374505921515015005,
            "jd": 2459129.0059259,
            "ra": 120.3613704,
            "dec": 36.8191942,
            "fid": 2,
            "nid": 1374,
            "magpsf": 19.167999267578125,
            "sigmapsf": 0.16061000525951385,
            "magnr": 19.472000122070312,
            "sigmagnr": 0.09600000083446503,
            "magzpsci": 26.091999053955078,
            "isdiffpos": "t",
            "ssdistnr": -999.0,
            "ssnamenr": "null",
            "drb": 0.99993497133255
        },
        {
            "candid": 1374525504915015029,
            "jd": 2459129.0255093,
            "ra": 120.3613342,
            "dec": 36.8192143,
            "fid": 2,
            "nid": 1374,
            "magpsf": 19.116500854492188,
            "sigmapsf": 0.15933099389076233,
            "magnr": 19.43899917602539,
            "sigmagnr": 0.07599999755620956,
            "magzpsci": 25.831499099731445,
            "isdiffpos": "t",
            "ssdistnr": -999.0,
            "ssnamenr": "null",
            "drb": 0.9959890246391296
        },
        {
            "candid": 1376470124915015005,
            "jd": 2459130.9701273,
            "ra": 120.3614054,
            "dec": 36.8191864,
            "fid": 2,
            "nid": 1376,
            "magpsf": 19.072500228881836,
            "sigmapsf": 0.10803099721670151,
            "magnr": 19.43899917602539,
            "sigmagnr": 0.07599999755620956,
            "magzpsci": 26.179500579833984,
            "isdiffpos": "t",
            "ssdistnr": -999.0,
            "ssnamenr": "null",
            "drb": 0.9999949932098389
        },
        {
            "candid": 1376472001515015008,
            "jd": 2459130.9720023,
            "ra": 120.361384,
            "dec": 36.8191605,
            "fid": 2,
            "nid": 1376,
            "magpsf": 19.107799530029297,
            "sigmapsf": 0.11672099679708481,
            "magnr": 19.472000122070312,
            "sigmagnr": 0.09600000083446503,
            "magzpsci": 26.179800033569336,
            "isdiffpos": "t",
            "ssdistnr": -999.0,
            "ssnamenr": "null",
            "drb": 0.9999970197677612
        },
        {
            "candid": 1376487364915015002,
            "jd": 2459130.9873611,
            "ra": 120.3614809,
            "dec": 36.8191575,
            "fid": 1,
            "nid": 1376,
            "magpsf": 19.79450035095215,
            "sigmapsf": 0.25096699595451355,
            "magnr": 20.73699951171875,
            "sigmagnr": 0.10000000149011612,
            "magzpsci": 26.252500534057617,
            "isdiffpos": "t",
            "ssdistnr": -999.0,
            "ssnamenr": "-999.0",
            "drb": null
        },
        {
            "candid": 1376495051515015008,
            "jd": 2459130.9950579,
            "ra": 120.3613001,
            "dec": 36.8191293,
            "fid": 1,
            "nid": 1376,
            "magpsf": 19.902999877929688,
            "sigmapsf": 0.19695499539375305,
            "magnr": 20.363000869750977,
            "sigmagnr": 0.07100000232458115,
            "magzpsci": 26.309999465942383,
            "isdiffpos": "t",
            "ssdistnr": -999.0,
            "ssnamenr": "null",
            "drb": 0.9998970031738281
        },
        {
            "candid": 1381443934915015007,
            "jd": 2459135.9439352,
            "ra": 120.3615338,
            "dec": 36.8191479,
            "fid": 1,
            "nid": 1381,
            "magpsf": 20.11090087890625,
            "sigmapsf": 0.19644999504089355,
            "magnr": 20.73699951171875,
            "sigmagnr": 0.10000000149011612,
            "magzpsci": 26.203899383544922,
            "isdiffpos": "t",
            "ssdistnr": -999.0,
            "ssnamenr": "null",
            "drb": 0.9985229969024658
        },
        {
            "candid": 1381471871515015016,
            "jd": 2459135.971875,
            "ra": 120.3613664,
            "dec": 36.8191265,
            "fid": 1,
            "nid": 1381,
            "magpsf": 20.063400268554688,
            "sigmapsf": 0.15599800646305084,
            "magnr": 20.363000869750977,
            "sigmagnr": 0.07100000232458115,
            "magzpsci": 26.268400192260742,
            "isdiffpos": "t",
            "ssdistnr": -999.0,
            "ssnamenr": "-999.0",
            "drb": null
        },
        {
            "candid": 1381493791515015008,
            "jd": 2459135.9937963,
            "ra": 120.3613724,
            "dec": 36.8191944,
            "fid": 2,
            "nid": 1381,
            "magpsf": 19.168399810791016,
            "sigmapsf": 0.0838719978928566,
            "magnr": 19.472000122070312,
            "sigmagnr": 0.09600000083446503,
            "magzpsci": 26.17840003967285,
            "isdiffpos": "t",
            "ssdistnr": -999.0,
            "ssnamenr": "null",
            "drb": 1.0
        },
        {
            "candid": 1381505714915015002,
            "jd": 2459136.0057176,
            "ra": 120.3614188,
            "dec": 36.8191692,
            "fid": 2,
            "nid": 1381,
            "magpsf": 19.266399383544922,
            "sigmapsf": 0.12929700314998627,
            "magnr": 19.43899917602539,
            "sigmagnr": 0.07599999755620956,
            "magzpsci": 26.172399520874023,
            "isdiffpos": "t",
            "ssdistnr": -999.0,
            "ssnamenr": "null",
            "drb": 0.9999979734420776
        },
        {
            "candid": 1383465714915015015,
            "jd": 2459137.9657176,
            "ra": 120.3615054,
            "dec": 36.8192102,
            "fid": 1,
            "nid": 1383,
            "magpsf": 20.246700286865234,
            "sigmapsf": 0.26200300455093384,
            "magnr": 20.73699951171875,
            "sigmagnr": 0.10000000149011612,
            "magzpsci": 26.15169906616211,
            "isdiffpos": "t",
            "ssdistnr": -999.0,
            "ssnamenr": "-999.0",
            "drb": null
        },
        {
            "candid": 1383467591515015012,
            "jd": 2459137.9675926,
            "ra": 120.3613468,
            "dec": 36.8191434,
            "fid": 1,
            "nid": 1383,
            "magpsf": 20.096900939941406,
            "sigmapsf": 0.19142599403858185,
            "magnr": 20.363000869750977,
            "sigmagnr": 0.07100000232458115,
            "magzpsci": 26.179899215698242,
            "isdiffpos": "t",
            "ssdistnr": -999.0,
            "ssnamenr": "null",
            "drb": 0.9999899864196777
        },
        {
            "candid": 1383504684915015006,
            "jd": 2459138.0046875,
            "ra": 120.3613741,
            "dec": 36.8192102,
            "fid": 2,
            "nid": 1383,
            "magpsf": 19.244400024414062,
            "sigmapsf": 0.13457100093364716,
            "magnr": 19.43899917602539,
            "sigmagnr": 0.07599999755620956,
            "magzpsci": 26.11240005493164,
            "isdiffpos": "t",
            "ssdistnr": -999.0,
            "ssnamenr": "-999.0",
            "drb": null
        },
        {
            "candid": 1383505151515015017,
            "jd": 2459138.0051505,
            "ra": 120.3613599,
            "dec": 36.8192004,
            "fid": 2,
            "nid": 1383,
            "magpsf": 19.163000106811523,
            "sigmapsf": 0.0988060012459755,
            "magnr": 19.472000122070312,
            "sigmagnr": 0.09600000083446503,
            "magzpsci": 26.1200008392334,
            "isdiffpos": "t",
            "ssdistnr": -999.0,
            "ssnamenr": "null",
            "drb": 0.9999079704284668
        },
        {
            "candid": 1385427651515015024,
            "jd": 2459139.9276505,
            "ra": 120.3613276,
            "dec": 36.8191761,
            "fid": 1,
            "nid": 1385,
            "magpsf": 19.942699432373047,
            "sigmapsf": 0.22019900381565094,
            "magnr": 20.363000869750977,
            "sigmagnr": 0.07100000232458115,
            "magzpsci": 25.72369956970215,
            "isdiffpos": "t",
            "ssdistnr": -999.0,
            "ssnamenr": "-999.0",
            "drb": null
        },
        {
            "candid": 1385447844915015013,
            "jd": 2459139.9478472,
            "ra": 120.3614983,
            "dec": 36.8192193,
            "fid": 1,
            "nid": 1385,
            "magpsf": 20.15850067138672,
            "sigmapsf": 0.281792014837265,
            "magnr": 20.73699951171875,
            "sigmagnr": 0.10000000149011612,
            "magzpsci": 25.813499450683594,
            "isdiffpos": "t",
            "ssdistnr": -999.0,
            "ssnamenr": "-999.0",
            "drb": null
        },
        {
            "candid": 1385486034915015005,
            "jd": 2459139.9860301,
            "ra": 120.3614469,
            "dec": 36.8192069,
            "fid": 2,
            "nid": 1385,
            "magpsf": 19.165199279785156,
            "sigmapsf": 0.10479599982500076,
            "magnr": 19.43899917602539,
            "sigmagnr": 0.07599999755620956,
            "magzpsci": 25.982200622558594,
            "isdiffpos": "t",
            "ssdistnr": -999.0,
            "ssnamenr": "null",
            "drb": 0.9999909996986389
        },
        {
            "candid": 1385508871515015013,
            "jd": 2459140.0088773,
            "ra": 120.3613568,
            "dec": 36.819213,
            "fid": 2,
            "nid": 1385,
            "magpsf": 19.04680061340332,
            "sigmapsf": 0.09220899641513824,
            "magnr": 19.472000122070312,
            "sigmagnr": 0.09600000083446503,
            "magzpsci": 26.012800216674805,
            "isdiffpos": "t",
            "ssdistnr": -999.0,
            "ssnamenr": "null",
            "drb": 0.999845027923584
        },
        {
            "candid": 1387445374915015022,
            "jd": 2459141.9453704,
            "ra": 120.3615978,
            "dec": 36.8191706,
            "fid": 1,
            "nid": 1387,
            "magpsf": 20.286100387573242,
            "sigmapsf": 0.22245599329471588,
            "magnr": 20.73699951171875,
            "sigmagnr": 0.10000000149011612,
            "magzpsci": 26.243099212646484,
            "isdiffpos": "t",
            "ssdistnr": -999.0,
            "ssnamenr": "-999.0",
            "drb": null
        },
        {
            "candid": 1387468371515015017,
            "jd": 2459141.9683796,
            "ra": 120.3613726,
            "dec": 36.8191222,
            "fid": 1,
            "nid": 1387,
            "magpsf": 20.09670066833496,
            "sigmapsf": 0.19689199328422546,
            "magnr": 20.363000869750977,
            "sigmagnr": 0.07100000232458115,
            "magzpsci": 26.29669952392578,
            "isdiffpos": "t",
            "ssdistnr": -999.0,
            "ssnamenr": "-999.0",
            "drb": null
        },
        {
            "candid": 1387492034915015011,
            "jd": 2459141.992037,
            "ra": 120.3614101,
            "dec": 36.8191877,
            "fid": 2,
            "nid": 1387,
            "magpsf": 19.308000564575195,
            "sigmapsf": 0.10506399720907211,
            "magnr": 19.43899917602539,
            "sigmagnr": 0.07599999755620956,
            "magzpsci": 26.19099998474121,
            "isdiffpos": "t",
            "ssdistnr": -999.0,
            "ssnamenr": "-999.0",
            "drb": null
        },
        {
            "candid": 1387505671515015012,
            "jd": 2459142.0056713,
            "ra": 120.3613581,
            "dec": 36.8191949,
            "fid": 2,
            "nid": 1387,
            "magpsf": 19.14859962463379,
            "sigmapsf": 0.10301899909973145,
            "magnr": 19.472000122070312,
            "sigmagnr": 0.09600000083446503,
            "magzpsci": 26.19059944152832,
            "isdiffpos": "t",
            "ssdistnr": -999.0,
            "ssnamenr": "null",
            "drb": 0.9998980164527893
        },
        {
            "candid": 1389475241515015019,
            "jd": 2459143.9752431,
            "ra": 120.3613541,
            "dec": 36.8191858,
            "fid": 2,
            "nid": 1389,
            "magpsf": 19.176599502563477,
            "sigmapsf": 0.10072500258684158,
            "magnr": 19.472000122070312,
            "sigmagnr": 0.09600000083446503,
            "magzpsci": 26.187599182128906,
            "isdiffpos": "t",
            "ssdistnr": -999.0,
            "ssnamenr": "null",
            "drb": 0.9999989867210388
        },
        {
            "candid": 1389497104915015012,
            "jd": 2459143.9971065,
            "ra": 120.3613977,
            "dec": 36.8191808,
            "fid": 2,
            "nid": 1389,
            "magpsf": 19.37380027770996,
            "sigmapsf": 0.11274900287389755,
            "magnr": 19.43899917602539,
            "sigmagnr": 0.07599999755620956,
            "magzpsci": 26.189800262451172,
            "isdiffpos": "t",
            "ssdistnr": -999.0,
            "ssnamenr": "null",
            "drb": 0.9999930262565613
        },
        {
            "candid": 1389512694915015029,
            "jd": 2459144.0126968,
            "ra": 120.3615547,
            "dec": 36.8191893,
            "fid": 1,
            "nid": 1389,
            "magpsf": 20.369699478149414,
            "sigmapsf": 0.21974700689315796,
            "magnr": 20.73699951171875,
            "sigmagnr": 0.10000000149011612,
            "magzpsci": 26.319700241088867,
            "isdiffpos": "t",
            "ssdistnr": -999.0,
            "ssnamenr": "-999.0",
            "drb": null
        },
        {
            "candid": 1389514101515015013,
            "jd": 2459144.0141088,
            "ra": 120.3613462,
            "dec": 36.8191838,
            "fid": 1,
            "nid": 1389,
            "magpsf": 20.15049934387207,
            "sigmapsf": 0.15270400047302246,
            "magnr": 20.363000869750977,
            "sigmagnr": 0.07100000232458115,
            "magzpsci": 26.331499099731445,
            "isdiffpos": "t",
            "ssdistnr": -999.0,
            "ssnamenr": "null",
            "drb": 0.9999619722366333
        },
        {
            "candid": 1391454341515015016,
            "jd": 2459145.9543403,
            "ra": 120.3612801,
            "dec": 36.819186,
            "fid": 1,
            "nid": 1391,
            "magpsf": 20.16510009765625,
            "sigmapsf": 0.17558500170707703,
            "magnr": 20.363000869750977,
            "sigmagnr": 0.07100000232458115,
            "magzpsci": 26.251100540161133,
            "isdiffpos": "t",
            "ssdistnr": -999.0,
            "ssnamenr": "-999.0",
            "drb": null
        },
        {
            "candid": 1391490561515015012,
            "jd": 2459145.9905671,
            "ra": 120.3613475,
            "dec": 36.8191879,
            "fid": 2,
            "nid": 1391,
            "magpsf": 19.257200241088867,
            "sigmapsf": 0.10236100107431412,
            "magnr": 19.472000122070312,
            "sigmagnr": 0.09600000083446503,
            "magzpsci": 26.164199829101562,
            "isdiffpos": "t",
            "ssdistnr": -999.0,
            "ssnamenr": "-999.0",
            "drb": null
        },
        {
            "candid": 1391499684915015008,
            "jd": 2459145.9996875,
            "ra": 120.3614052,
            "dec": 36.8191901,
            "fid": 2,
            "nid": 1391,
            "magpsf": 19.29960060119629,
            "sigmapsf": 0.092009998857975,
            "magnr": 19.43899917602539,
            "sigmagnr": 0.07599999755620956,
            "magzpsci": 26.162599563598633,
            "isdiffpos": "t",
            "ssdistnr": -999.0,
            "ssnamenr": "-999.0",
            "drb": null
        },
        {
            "candid": 1395344914915015003,
            "jd": 2459149.844919,
            "ra": 120.3614263,
            "dec": 36.8191516,
            "fid": 2,
            "nid": 1395,
            "magpsf": 19.07029914855957,
            "sigmapsf": 0.1944199949502945,
            "magnr": 19.43899917602539,
            "sigmagnr": 0.07599999755620956,
            "magzpsci": 26.05430030822754,
            "isdiffpos": "t",
            "ssdistnr": -999.0,
            "ssnamenr": "-999.0",
            "drb": null
        },
        {
            "candid": 1395495841515015009,
            "jd": 2459149.9958449,
            "ra": 120.361397,
            "dec": 36.8191471,
            "fid": 1,
            "nid": 1395,
            "magpsf": 20.228900909423828,
            "sigmapsf": 0.18794700503349304,
            "magnr": 20.363000869750977,
            "sigmagnr": 0.07100000232458115,
            "magzpsci": 26.31089973449707,
            "isdiffpos": "t",
            "ssdistnr": -999.0,
            "ssnamenr": "null",
            "drb": 0.9976810216903687
        },
        {
            "candid": 1395497714915015006,
            "jd": 2459149.9977199,
            "ra": 120.3613967,
            "dec": 36.8191764,
            "fid": 1,
            "nid": 1395,
            "magpsf": 20.516399383544922,
            "sigmapsf": 0.3070639967918396,
            "magnr": 20.73699951171875,
            "sigmagnr": 0.10000000149011612,
            "magzpsci": 26.284400939941406,
            "isdiffpos": "t",
            "ssdistnr": -999.0,
            "ssnamenr": "-999.0",
            "drb": null
        },
        {
            "candid": 1396435234915015001,
            "jd": 2459150.9352315,
            "ra": 120.3613196,
            "dec": 36.8190724,
            "fid": 1,
            "nid": 1396,
            "magpsf": 20.01490020751953,
            "sigmapsf": 0.36942899227142334,
            "magnr": 20.73699951171875,
            "sigmagnr": 0.10000000149011612,
            "magzpsci": 26.296899795532227,
            "isdiffpos": "t",
            "ssdistnr": -999.0,
            "ssnamenr": "-999.0",
            "drb": null
        },
        {
            "candid": 1396449711515015003,
            "jd": 2459150.9497106,
            "ra": 120.3614858,
            "dec": 36.819208,
            "fid": 1,
            "nid": 1396,
            "magpsf": 20.516599655151367,
            "sigmapsf": 0.2841010093688965,
            "magnr": 20.363000869750977,
            "sigmagnr": 0.07100000232458115,
            "magzpsci": 26.353599548339844,
            "isdiffpos": "t",
            "ssdistnr": -999.0,
            "ssnamenr": "-999.0",
            "drb": null
        },
        {
            "candid": 1396487414915015014,
            "jd": 2459150.987419,
            "ra": 120.3614364,
            "dec": 36.8192087,
            "fid": 2,
            "nid": 1396,
            "magpsf": 19.386699676513672,
            "sigmapsf": 0.11560499668121338,
            "magnr": 19.43899917602539,
            "sigmagnr": 0.07599999755620956,
            "magzpsci": 26.242700576782227,
            "isdiffpos": "t",
            "ssdistnr": -999.0,
            "ssnamenr": "null",
            "drb": 0.9999899864196777
        },
        {
            "candid": 1396497731515015012,
            "jd": 2459150.9977315,
            "ra": 120.3613375,
            "dec": 36.8192116,
            "fid": 2,
            "nid": 1396,
            "magpsf": 19.135000228881836,
            "sigmapsf": 0.11852800101041794,
            "magnr": 19.472000122070312,
            "sigmagnr": 0.09600000083446503,
            "magzpsci": 26.236000061035156,
            "isdiffpos": "t",
            "ssdistnr": -999.0,
            "ssnamenr": "null",
            "drb": 0.9999359846115112
        },
        {
            "candid": 1398464724915015036,
            "jd": 2459152.9647222,
            "ra": 120.3613721,
            "dec": 36.8191806,
            "fid": 2,
            "nid": 1398,
            "magpsf": 19.191999435424805,
            "sigmapsf": 0.14056900143623352,
            "magnr": 19.43899917602539,
            "sigmagnr": 0.07599999755620956,
            "magzpsci": 26.23200035095215,
            "isdiffpos": "t",
            "ssdistnr": -999.0,
            "ssnamenr": "null",
            "drb": 0.9999989867210388
        },
        {
            "candid": 1398465691515015006,
            "jd": 2459152.9656944,
            "ra": 120.3613776,
            "dec": 36.8192302,
            "fid": 2,
            "nid": 1398,
            "magpsf": 19.226699829101562,
            "sigmapsf": 0.11811000108718872,
            "magnr": 19.472000122070312,
            "sigmagnr": 0.09600000083446503,
            "magzpsci": 26.229700088500977,
            "isdiffpos": "t",
            "ssdistnr": -999.0,
            "ssnamenr": "null",
            "drb": 0.9999189972877502
        },
        {
            "candid": 1398531221515015010,
            "jd": 2459153.0312269,
            "ra": 120.3613715,
            "dec": 36.819215,
            "fid": 1,
            "nid": 1398,
            "magpsf": 20.442800521850586,
            "sigmapsf": 0.33868101239204407,
            "magnr": 20.363000869750977,
            "sigmagnr": 0.07100000232458115,
            "magzpsci": 26.378799438476562,
            "isdiffpos": "t",
            "ssdistnr": -999.0,
            "ssnamenr": "-999.0",
            "drb": null
        },
        {
            "candid": 1398536454915015003,
            "jd": 2459153.0364583,
            "ra": 120.361581,
            "dec": 36.8191577,
            "fid": 1,
            "nid": 1398,
            "magpsf": 20.32270050048828,
            "sigmapsf": 0.3290790021419525,
            "magnr": 20.73699951171875,
            "sigmagnr": 0.10000000149011612,
            "magzpsci": 26.352699279785156,
            "isdiffpos": "t",
            "ssdistnr": -999.0,
            "ssnamenr": "-999.0",
            "drb": null
        },
        {
            "candid": 1401465914915015003,
            "jd": 2459155.9659144,
            "ra": 120.3613852,
            "dec": 36.8191833,
            "fid": 2,
            "nid": 1401,
            "magpsf": 19.499500274658203,
            "sigmapsf": 0.16186299920082092,
            "magnr": 19.43899917602539,
            "sigmagnr": 0.07599999755620956,
            "magzpsci": 26.221500396728516,
            "isdiffpos": "t",
            "ssdistnr": -999.0,
            "ssnamenr": "null",
            "drb": 0.9994990229606628
        },
        {
            "candid": 1401466851515015009,
            "jd": 2459155.9668519,
            "ra": 120.3613565,
            "dec": 36.819194,
            "fid": 2,
            "nid": 1401,
            "magpsf": 19.31450080871582,
            "sigmapsf": 0.11674199998378754,
            "magnr": 19.472000122070312,
            "sigmagnr": 0.09600000083446503,
            "magzpsci": 26.226499557495117,
            "isdiffpos": "t",
            "ssdistnr": -999.0,
            "ssnamenr": "-999.0",
            "drb": null
        },
        {
            "candid": 1403477041515015003,
            "jd": 2459157.9770486,
            "ra": 120.3613965,
            "dec": 36.8192316,
            "fid": 2,
            "nid": 1403,
            "magpsf": 19.433900833129883,
            "sigmapsf": 0.17917899787425995,
            "magnr": 19.472000122070312,
            "sigmagnr": 0.09600000083446503,
            "magzpsci": 26.218900680541992,
            "isdiffpos": "t",
            "ssdistnr": -999.0,
            "ssnamenr": "null",
            "drb": 0.9999849796295166
        },
        {
            "candid": 1403477984915015001,
            "jd": 2459157.9779861,
            "ra": 120.3614541,
            "dec": 36.8191774,
            "fid": 2,
            "nid": 1403,
            "magpsf": 19.40959930419922,
            "sigmapsf": 0.2022940069437027,
            "magnr": 19.43899917602539,
            "sigmagnr": 0.07599999755620956,
            "magzpsci": 26.21660041809082,
            "isdiffpos": "t",
            "ssdistnr": -999.0,
            "ssnamenr": "null",
            "drb": 0.999983012676239
        },
        {
            "candid": 1409443291515015020,
            "jd": 2459163.9432986,
            "ra": 120.3612924,
            "dec": 36.8190835,
            "fid": 1,
            "nid": 1409,
            "magpsf": 20.479700088500977,
            "sigmapsf": 0.23549699783325195,
            "magnr": 20.363000869750977,
            "sigmagnr": 0.07100000232458115,
            "magzpsci": 26.367700576782227,
            "isdiffpos": "t",
            "ssdistnr": -999.0,
            "ssnamenr": "-999.0",
            "drb": null
        },
        {
            "candid": 1409518391515015020,
            "jd": 2459164.0183912,
            "ra": 120.361357,
            "dec": 36.8191892,
            "fid": 2,
            "nid": 1409,
            "magpsf": 19.525100708007812,
            "sigmapsf": 0.1146790012717247,
            "magnr": 19.472000122070312,
            "sigmagnr": 0.09600000083446503,
            "magzpsci": 26.245100021362305,
            "isdiffpos": "t",
            "ssdistnr": -999.0,
            "ssnamenr": "null",
            "drb": 0.999983012676239
        },
        {
            "candid": 1409520564915015003,
            "jd": 2459164.0205671,
            "ra": 120.3613911,
            "dec": 36.8192377,
            "fid": 2,
            "nid": 1409,
            "magpsf": 19.53730010986328,
            "sigmapsf": 0.14985600113868713,
            "magnr": 19.43899917602539,
            "sigmagnr": 0.07599999755620956,
            "magzpsci": 26.235300064086914,
            "isdiffpos": "t",
            "ssdistnr": -999.0,
            "ssnamenr": "null",
            "drb": 0.9999859929084778
        },
        {
            "candid": 1411423034915015010,
            "jd": 2459165.9230324,
            "ra": 120.3614727,
            "dec": 36.8192124,
            "fid": 2,
            "nid": 1411,
            "magpsf": 19.65760040283203,
            "sigmapsf": 0.15460899472236633,
            "magnr": 19.43899917602539,
            "sigmagnr": 0.07599999755620956,
            "magzpsci": 26.22559928894043,
            "isdiffpos": "t",
            "ssdistnr": -999.0,
            "ssnamenr": "null",
            "drb": 0.9986850023269653
        },
        {
            "candid": 1411447381515015015,
            "jd": 2459165.9473843,
            "ra": 120.3613199,
            "dec": 36.8191453,
            "fid": 1,
            "nid": 1411,
            "magpsf": 20.850500106811523,
            "sigmapsf": 0.2902730107307434,
            "magnr": 20.363000869750977,
            "sigmagnr": 0.07100000232458115,
            "magzpsci": 26.368499755859375,
            "isdiffpos": "t",
            "ssdistnr": -999.0,
            "ssnamenr": "-999.0",
            "drb": null
        },
        {
            "candid": 1411466071515015025,
            "jd": 2459165.9660764,
            "ra": 120.3613804,
            "dec": 36.8191855,
            "fid": 2,
            "nid": 1411,
            "magpsf": 19.58690071105957,
            "sigmapsf": 0.10529500246047974,
            "magnr": 19.472000122070312,
            "sigmagnr": 0.09600000083446503,
            "magzpsci": 26.239900588989258,
            "isdiffpos": "t",
            "ssdistnr": -999.0,
            "ssnamenr": "null",
            "drb": 0.9999949932098389
        },
        {
            "candid": 1414433581515015012,
            "jd": 2459168.933588,
            "ra": 120.3613541,
            "dec": 36.8191818,
            "fid": 2,
            "nid": 1414,
            "magpsf": 19.726900100708008,
            "sigmapsf": 0.13918200135231018,
            "magnr": 19.472000122070312,
            "sigmagnr": 0.09600000083446503,
            "magzpsci": 26.237899780273438,
            "isdiffpos": "t",
            "ssdistnr": -999.0,
            "ssnamenr": "null",
            "drb": 0.9999949932098389
        },
        {
            "candid": 1414434984915015002,
            "jd": 2459168.9349884,
            "ra": 120.361448,
            "dec": 36.8192243,
            "fid": 2,
            "nid": 1414,
            "magpsf": 19.824600219726562,
            "sigmapsf": 0.21814300119876862,
            "magnr": 19.43899917602539,
            "sigmagnr": 0.07599999755620956,
            "magzpsci": 26.226600646972656,
            "isdiffpos": "t",
            "ssdistnr": -999.0,
            "ssnamenr": "-999.0",
            "drb": null
        },
        {
            "candid": 1416405184915015002,
            "jd": 2459170.9051852,
            "ra": 120.3614267,
            "dec": 36.8192628,
            "fid": 2,
            "nid": 1416,
            "magpsf": 19.994800567626953,
            "sigmapsf": 0.21038900315761566,
            "magnr": 19.43899917602539,
            "sigmagnr": 0.07599999755620956,
            "magzpsci": 26.227800369262695,
            "isdiffpos": "t",
            "ssdistnr": -999.0,
            "ssnamenr": "-999.0",
            "drb": null
        },
        {
            "candid": 1416512451515015017,
            "jd": 2459171.0124537,
            "ra": 120.3613374,
            "dec": 36.8191893,
            "fid": 2,
            "nid": 1416,
            "magpsf": 19.821800231933594,
            "sigmapsf": 0.14687800407409668,
            "magnr": 19.472000122070312,
            "sigmagnr": 0.09600000083446503,
            "magzpsci": 26.234800338745117,
            "isdiffpos": "t",
            "ssdistnr": -999.0,
            "ssnamenr": "null",
            "drb": 0.9999989867210388
        },
        {
            "jd": 2459125.01397,
            "fid": 1,
            "diffmaglim": 19.691999435424805
        },
        {
            "jd": 2459125.02667,
            "fid": 1,
            "diffmaglim": 19.496000289916992
        },
        {
            "jd": 2459125.03426,
            "fid": 1,
            "diffmaglim": 19.447999954223633
        },
        {
            "jd": 2459128.96976,
            "fid": 1,
            "diffmaglim": 19.52400016784668
        },
        {
            "jd": 2459145.94431,
            "fid": 1,
            "diffmaglim": 20.84600067138672
        },
        {
            "jd": 2459149.84446,
            "fid": 2,
            "diffmaglim": 19.18899917602539
        },
        {
            "jd": 2459150.98742,
            "fid": 2,
            "diffmaglim": 20.406999588012695
        },
        {
            "jd": 2459150.99773,
            "fid": 2,
            "diffmaglim": 20.555999755859375
        }
    ],
    "forcedphot": []
}