{
    "objectId": "ZTF21acjtrpl",
    "candidates": [
        {
            "candid": 1764319970515015007,
            "jd": 2459518.8199769,
            "ra": 62.1392746,
            "dec": -12.5788622,
            "fid": 2,
            "nid": 1764,
            "magpsf": 20.166400909423828,
            "sigmapsf": 0.17914199829101562,
            "magnr": 21.900999069213867,
            "sigmagnr": 0.1120000034570694,
            "magzpsci": 26.30340003967285,
            "isdiffpos": "t",
            "ssdistnr": null,
            "ssnamenr": null,
            "drb": 0.9996079802513123
        },
        {
            "candid": 1767361430515015018,
            "jd": 2459521.8614352,
            "ra": 62.1392735,
            "dec": -12.5788324,
            "fid": 2,
            "nid": 1767,
            "magpsf": 20.283300399780273,
            "sigmapsf": 0.18536600470542908,
            "magnr": 21.900999069213867,
            "sigmagnr": 0.1120000034570694,
            "magzpsci": 26.321300506591797,
            "isdiffpos": "t",
            "ssdistnr": null,
            "ssnamenr": null,
            "drb": null
        },
        {
            "candid": 1769291490515015010,
            "jd": 2459523.7914931,
            "ra": 62.1393201,
            "dec": -12.5788752,
            "fid": 2,
            "nid": 1769,
            "magpsf": 20.30069923400879,
            "sigmapsf": 0.18800899386405945,
            "magnr": 21.900999069213867,
            "sigmagnr": 0.1120000034570694,
            "magzpsci": 26.287700653076172,
            "isdiffpos": "t",
            "ssdistnr": null,
            "ssnamenr": null,
            "drb": null
        },
        {
            "candid": 1769335230515015016,
            "jd": 2459523.8352315,
            "ra": 62.1392467,
            "dec": -12.5788543,
            "fid": 1,
            "nid": 1769,
            "magpsf": 20.40999984741211,
            "sigmapsf": 0.1843869984149933,
            "magnr": 22.259000778198242,
            "sigmagnr": 0.21299999952316284,
            "magzpsci": 26.357999801635742,
            "isdiffpos": "t",
            "ssdistnr": null,
            "ssnamenr": null,
            "drb": null
        },
        {
            "candid": 1771335060515015012,
            "jd": 2459525.8350694,
            "ra": 62.1393095,
            "dec": -12.5788289,
            "fid": 1,
            "nid": 1771,
            "magpsf": 20.497499465942383,
            "sigmapsf": 0.2680869996547699,
            "magnr": 22.259000778198242,
            "sigmagnr": 0.21299999952316284,
            "magzpsci": 26.348499298095703,
            "isdiffpos": "t",
            "ssdistnr": null,
            "ssnamenr": null,
            "drb": null
        },
        {
            "candid": 1771357770515015008,
            "jd": 2459525.8577778,
            "ra": 62.1392722,
            "dec": -12.5789215,
            "fid": 2,
            "nid": 1771,
            "magpsf": 20.291269302368164,
            "sigmapsf": 0.20733100175857544,
            "magnr": 21.900999069213867,
            "sigmagnr": 0.1120000034570694,
            "magzpsci": 26.307270050048828,
            "isdiffpos": "t",
            "ssdistnr": -999.0,
            "ssnamenr": "null",
            "drb": null
        },
        {
            "jd": 2459489.8828704,
            "fid": 1,
            "diffmaglim": 20.36870002746582
        },
        {
            "jd": 2459489.9391204,
            "fid": 2,
            "diffmaglim": 20.29010009765625
        },
        {
            "jd": 2459496.8777431,
            "fid": 1,
            "diffmaglim": 20.244600296020508
        },
        {
            "jd": 2459496.9226505,
            "fid": 2,
            "diffmaglim": 20.247299194335938
        },
        {
            "jd": 2459498.8808218,
            "fid": 2,
            "diffmaglim": 20.154300689697266
        },
        {
            "jd": 2459502.8560648,
            "fid": 2,
            "diffmaglim": 19.714799880981445
        },
        {
            "jd": 2459502.9383102,
            "fid": 1,
            "diffmaglim": 20.07200050354004
        },
        {
            "jd": 2459503.8975116,
            "fid": 2,
            "diffmaglim": 19.818599700927734
        },
        {
            "jd": 2459503.9411806,
            "fid": 1,
            "diffmaglim": 20.247400283813477
        },
        {
            "jd": 2459509.8371759,
            "fid": 2,
            "diffmaglim": 19.574100494384766
        },
        {
            "jd": 2459509.8949074,
            "fid": 1,
            "diffmaglim": 19.399999618530273
        },
        {
            "jd": 2459511.8566898,
            "fid": 1,
            "diffmaglim": 19.401500701904297
        }
    ],
    "forcedphot": []
}