{
    "objectId": "ZTF23ablcgvp",
    "candidates": [
        {
            "candid": 2496472410115015003,
            "jd": 2460250.972419,
            "ra": 178.012003,
            "dec": 38.0230485,
            "fid": 1,
            "nid": 2496,
            "magpsf": 19.067800521850586,
            "sigmapsf": 0.17100299894809723,
            "magnr": 21.53499984741211,
            "sigmagnr": 0.12399999797344208,
            "magzpsci": 26.130800247192383,
            "isdiffpos": "t",
            "ssdistnr": null,
            "ssnamenr": null,
            "drb": 0.999309778213501
        },
        {
            "candid": 2500463660115015001,
            "jd": 2460254.963669,
            "ra": 178.0119537,
            "dec": 38.0230365,
            "fid": 1,
            "nid": 2500,
            "magpsf": 19.042999267578125,
            "sigmapsf": 0.12404700368642807,
            "magnr": 21.53499984741211,
            "sigmagnr": 0.12399999797344208,
            "magzpsci": 26.0939998626709,
            "isdiffpos": "t",
            "ssdistnr": null,
            "ssnamenr": null,
            "drb": null
        },
        {
            "candid": 2504526160115015004,
            "jd": 2460259.026169,
            "ra": 178.0119266,
            "dec": 38.0230616,
            "fid": 1,
            "nid": 2504,
            "magpsf": 19.182300567626953,
            "sigmapsf": 0.0919409990310669,
            "magnr": 21.53499984741211,
            "sigmagnr": 0.12399999797344208,
            "magzpsci": 26.26129913330078,
            "isdiffpos": "t",
            "ssdistnr": null,
            "ssnamenr": null,
            "drb": null
        },
        {
            "candid": 2533469840115015006,
            "jd": 2460287.9698495,
            "ra": 178.0118594,
            "dec": 38.0229112,
            "fid": 1,
            "nid": 2533,
            "magpsf": 19.40519905090332,
            "sigmapsf": 0.21627700328826904,
            "magnr": 21.53499984741211,
            "sigmagnr": 0.12399999797344208,
            "magzpsci": 26.29520034790039,
            "isdiffpos": "t",
            "ssdistnr": null,
            "ssnamenr": null,
            "drb": null
        },
        {
            "candid": 2535415160115015003,
            "jd": 2460289.915162,
            "ra": 178.0119867,
            "dec": 38.0230718,
            "fid": 1,
            "nid": 2535,
            "magpsf": 19.373899459838867,
            "sigmapsf": 0.2322389930486679,
            "magnr": 21.53499984741211,
            "sigmagnr": 0.12399999797344208,
            "magzpsci": 25.399900436401367,
            "isdiffpos": "t",
            "ssdistnr": null,
            "ssnamenr": null,
            "drb": null
        },
        {
            "candid": 2537471810115015021,
            "jd": 2460291.9718171,
            "ra": 178.0119627,
            "dec": 38.0230526,
            "fid": 1,
            "nid": 2537,
            "magpsf": 19.599599838256836,
            "sigmapsf": 0.12822400033473969,
            "magnr": 21.53499984741211,
            "sigmagnr": 0.12399999797344208,
            "magzpsci": 26.336599349975586,
            "isdiffpos": "t",
            "ssdistnr": null,
            "ssnamenr": null,
            "drb": null
        },
        {
            "candid": 2557429380115015006,
            "jd": 2460311.9293866,
            "ra": 178.0118924,
            "dec": 38.0230431,
            "fid": 1,
            "nid": 2557,
            "magpsf": 19.732900619506836,
            "sigmapsf": 0.17780299484729767,
            "magnr": 21.53499984741211,
            "sigmagnr": 0.12399999797344208,
            "magzpsci": 26.33489990234375,
            "isdiffpos": "t",
            "ssdistnr": null,
            "ssnamenr": null,
            "drb": null
        },
        {
            "candid": 2561449450115015014,
            "jd": 2460315.949456,
            "ra": 178.0119967,
            "dec": 38.0230651,
            "fid": 1,
            "nid": 2561,
            "magpsf": 19.729900360107422,
            "sigmapsf": 0.18564899265766144,
            "magnr": 21.53499984741211,
            "sigmagnr": 0.12399999797344208,
            "magzpsci": 26.333900451660156,
            "isdiffpos": "t",
            "ssdistnr": null,
            "ssnamenr": null,
            "drb": null
        },
        {
            "candid": 2569443940115015015,
            "jd": 2460323.9439468,
            "ra": 178.0118819,
            "dec": 38.0230162,
            "fid": 1,
            "nid": 2569,
            "magpsf": 19.698999404907227,
            "sigmapsf": 0.16169500350952148,
            "magnr": 21.53499984741211,
            "sigmagnr": 0.12399999797344208,
            "magzpsci": 26.354000091552734,
            "isdiffpos": "t",
            "ssdistnr": null,
            "ssnamenr": null,
            "drb": null
        },
        {
            "candid": 2572487900115015015,
            "jd": 2460326.9879051,
            "ra": 178.0119327,
            "dec": 38.023024,
            "fid": 1,
            "nid": 2572,
            "magpsf": 19.725400924682617,
            "sigmapsf": 0.13746799528598785,
            "magnr": 21.53499984741211,
            "sigmagnr": 0.12399999797344208,
            "magzpsci": 26.11039924621582,
            "isdiffpos": "t",
            "ssdistnr": null,
            "ssnamenr": null,
            "drb": null
        },
        {
            "candid": 2587275670115015008,
            "jd": 2460341.7756713,
            "ra": 178.0118789,
            "dec": 38.0230428,
            "fid": 1,
            "nid": 2587,
            "magpsf": 19.80838966369629,
            "sigmapsf": 0.21072760224342346,
            "magnr": 21.53499984741211,
            "sigmagnr": 0.12399999797344208,
            "magzpsci": 26.1923885345459,
            "isdiffpos": "t",
            "ssdistnr": -999.0,
            "ssnamenr": "null",
            "drb": null
        },
        {
            "jd": 2460252.9889699,
            "fid": 1,
            "diffmaglim": 19.650800704956055
        },
        {
            "jd": 2460253.0123843,
            "fid": 2,
            "diffmaglim": 19.655500411987305
        },
        {
            "jd": 2460255.0072917,
            "fid": 2,
            "diffmaglim": 20.01740074157715
        },
        {
            "jd": 2460258.9963426,
            "fid": 2,
            "diffmaglim": 20.034000396728516
        },
        {
            "jd": 2460261.9728588,
            "fid": 1,
            "diffmaglim": 20.23979949951172
        },
        {
            "jd": 2460262.0211921,
            "fid": 2,
            "diffmaglim": 20.256099700927734
        },
        {
            "jd": 2460287.8642477,
            "fid": 2,
            "diffmaglim": 19.068500518798828
        },
        {
            "jd": 2460290.0104977,
            "fid": 2,
            "diffmaglim": 18.67259979248047
        },
        {
            "jd": 2460292.0111343,
            "fid": 2,
            "diffmaglim": 20.656400680541992
        },
        {
            "jd": 2460305.9681366,
            "fid": 2,
            "diffmaglim": 18.553499221801758
        },
        {
            "jd": 2460311.8002546,
            "fid": 2,
            "diffmaglim": 18.89579963684082
        },
        {
            "jd": 2460315.9837731,
            "fid": 2,
            "diffmaglim": 20.361799240112305
        },
        {
            "jd": 2460324.0209722,
            "fid": 2,
            "diffmaglim": 20.259300231933594
        },
        {
            "jd": 2460326.9270255,
            "fid": 2,
            "diffmaglim": 19.649900436401367
        },
        {
            "jd": 2460338.8525,
            "fid": 2,
            "diffmaglim": 17.472900390625
        }
    ],
    "forcedphot": [
        {
            "objectid": "ZTF23ablcgvp",
            "jd": 2460250.972419,
            "ranr": 178.0107233,
            "decnr": 38.0230324,
            "fid": 1,
            "forcediffimflux": 658.2293090820312,
            "forcediffimfluxunc": 68.65867614746094,
            "magzpsci": 26.130800247192383
        },
        {
            "objectid": "ZTF23ablcgvp",
            "jd": 2460252.9889699,
            "ranr": 178.0107233,
            "decnr": 38.0230324,
            "fid": 1,
            "forcediffimflux": 655.9431762695312,
            "forcediffimfluxunc": 48.9653205871582,
            "magzpsci": 26.18120002746582
        },
        {
            "objectid": "ZTF23ablcgvp",
            "jd": 2460253.0123843,
            "ranr": 178.010985,
            "decnr": 38.0227736,
            "fid": 2,
            "forcediffimflux": 1329.228759765625,
            "forcediffimfluxunc": 54.57185363769531,
            "magzpsci": 26.200700759887695
        },
        {
            "objectid": "ZTF23ablcgvp",
            "jd": 2460254.963669,
            "ranr": 178.0107233,
            "decnr": 38.0230324,
            "fid": 1,
            "forcediffimflux": 648.698486328125,
            "forcediffimfluxunc": 48.53660583496094,
            "magzpsci": 26.0939998626709
        },
        {
            "objectid": "ZTF23ablcgvp",
            "jd": 2460255.0072917,
            "ranr": 178.010985,
            "decnr": 38.0227736,
            "fid": 2,
            "forcediffimflux": 1329.7890625,
            "forcediffimfluxunc": 43.44902420043945,
            "magzpsci": 26.20709991455078
        },
        {
            "objectid": "ZTF23ablcgvp",
            "jd": 2460258.9963426,
            "ranr": 178.010985,
            "decnr": 38.0227736,
            "fid": 2,
            "forcediffimflux": 1208.1236572265625,
            "forcediffimfluxunc": 41.177947998046875,
            "magzpsci": 26.175199508666992
        },
        {
            "objectid": "ZTF23ablcgvp",
            "jd": 2460259.026169,
            "ranr": 178.0117618,
            "decnr": 38.022876,
            "fid": 1,
            "forcediffimflux": 634.3333740234375,
            "forcediffimfluxunc": 34.490379333496094,
            "magzpsci": 26.26129913330078
        },
        {
            "objectid": "ZTF23ablcgvp",
            "jd": 2460261.9728588,
            "ranr": 178.0107233,
            "decnr": 38.0230324,
            "fid": 1,
            "forcediffimflux": 630.88427734375,
            "forcediffimfluxunc": 31.23302459716797,
            "magzpsci": 26.184799194335938
        },
        {
            "objectid": "ZTF23ablcgvp",
            "jd": 2460262.0211921,
            "ranr": 178.010985,
            "decnr": 38.0227736,
            "fid": 2,
            "forcediffimflux": 1281.5343017578125,
            "forcediffimfluxunc": 35.93274688720703,
            "magzpsci": 26.144699096679688
        },
        {
            "objectid": "ZTF23ablcgvp",
            "jd": 2460287.9698495,
            "ranr": 178.0107233,
            "decnr": 38.0230324,
            "fid": 1,
            "forcediffimflux": 504.914306640625,
            "forcediffimfluxunc": 47.32228469848633,
            "magzpsci": 26.29520034790039
        },
        {
            "objectid": "ZTF23ablcgvp",
            "jd": 2460291.9718171,
            "ranr": 178.0107233,
            "decnr": 38.0230324,
            "fid": 1,
            "forcediffimflux": 477.19061279296875,
            "forcediffimfluxunc": 27.661169052124023,
            "magzpsci": 26.336599349975586
        },
        {
            "objectid": "ZTF23ablcgvp",
            "jd": 2460292.0111343,
            "ranr": 178.010985,
            "decnr": 38.0227736,
            "fid": 2,
            "forcediffimflux": 1132.45263671875,
            "forcediffimfluxunc": 27.840015411376953,
            "magzpsci": 26.265100479125977
        },
        {
            "objectid": "ZTF23ablcgvp",
            "jd": 2460305.9681366,
            "ranr": 178.010985,
            "decnr": 38.0227736,
            "fid": 2,
            "forcediffimflux": 466.4565734863281,
            "forcediffimfluxunc": 99.03636932373047,
            "magzpsci": 25.68670082092285
        },
        {
            "objectid": "ZTF23ablcgvp",
            "jd": 2460311.8002546,
            "ranr": 178.010985,
            "decnr": 38.0227736,
            "fid": 2,
            "forcediffimflux": 954.1673583984375,
            "forcediffimfluxunc": 100.04423522949219,
            "magzpsci": 26.10110092163086
        },
        {
            "objectid": "ZTF23ablcgvp",
            "jd": 2460311.9293866,
            "ranr": 178.0107233,
            "decnr": 38.0230324,
            "fid": 1,
            "forcediffimflux": 426.0176086425781,
            "forcediffimfluxunc": 48.3875617980957,
            "magzpsci": 26.33489990234375
        },
        {
            "objectid": "ZTF23ablcgvp",
            "jd": 2460315.949456,
            "ranr": 178.0107233,
            "decnr": 38.0230324,
            "fid": 1,
            "forcediffimflux": 427.6187438964844,
            "forcediffimfluxunc": 30.72121810913086,
            "magzpsci": 26.333900451660156
        },
        {
            "objectid": "ZTF23ablcgvp",
            "jd": 2460315.9837731,
            "ranr": 178.010985,
            "decnr": 38.0227736,
            "fid": 2,
            "forcediffimflux": 974.2811279296875,
            "forcediffimfluxunc": 34.194435119628906,
            "magzpsci": 26.241899490356445
        },
        {
            "objectid": "ZTF23ablcgvp",
            "jd": 2460323.9439468,
            "ranr": 178.0107233,
            "decnr": 38.0230324,
            "fid": 1,
            "forcediffimflux": 430.5497741699219,
            "forcediffimfluxunc": 35.394588470458984,
            "magzpsci": 26.354000091552734
        },
        {
            "objectid": "ZTF23ablcgvp",
            "jd": 2460324.0209722,
            "ranr": 178.010985,
            "decnr": 38.0227736,
            "fid": 2,
            "forcediffimflux": 852.0737915039062,
            "forcediffimfluxunc": 37.18321228027344,
            "magzpsci": 26.243999481201172
        },
        {
            "objectid": "ZTF23ablcgvp",
            "jd": 2460326.9879051,
            "ranr": 178.0107233,
            "decnr": 38.0230324,
            "fid": 1,
            "forcediffimflux": 363.4718322753906,
            "forcediffimfluxunc": 23.730806350708008,
            "magzpsci": 26.11039924621582
        }
    ]
}