{
    "objectId": "ZTF22aaayceh",
    "candidates": [
        {
            "candid": 1867469973315025006,
            "jd": 2459621.9699769,
            "ra": 192.6980993,
            "dec": 77.3139011,
            "fid": 1,
            "nid": 1867,
            "magpsf": 17.266000747680664,
            "sigmapsf": 0.04637499898672104,
            "magnr": 19.152999877929688,
            "sigmagnr": 0.10499999672174454,
            "magzpsci": 26.288999557495117,
            "isdiffpos": "t",
            "ssdistnr": null,
            "ssnamenr": null,
            "drb": null
        },
        {
            "candid": 1868465534415015003,
            "jd": 2459622.9655324,
            "ra": 192.698224,
            "dec": 77.3138965,
            "fid": 1,
            "nid": 1868,
            "magpsf": 17.30139923095703,
            "sigmapsf": 0.04600000008940697,
            "magnr": 19.04199981689453,
            "sigmagnr": 0.11999999731779099,
            "magzpsci": 26.363399505615234,
            "isdiffpos": "t",
            "ssdistnr": null,
            "ssnamenr": null,
            "drb": null
        },
        {
            "candid": 1868529304415015004,
            "jd": 2459623.0293056,
            "ra": 192.6981063,
            "dec": 77.3139319,
            "fid": 2,
            "nid": 1868,
            "magpsf": 17.189899444580078,
            "sigmapsf": 0.03753700107336044,
            "magnr": 19.51799964904785,
            "sigmagnr": 0.11999999731779099,
            "magzpsci": 26.349899291992188,
            "isdiffpos": "t",
            "ssdistnr": null,
            "ssnamenr": null,
            "drb": null
        },
        {
            "candid": 1869238363315015007,
            "jd": 2459623.7383681,
            "ra": 192.6979729,
            "dec": 77.3139348,
            "fid": 1,
            "nid": 1869,
            "magpsf": 17.28030014038086,
            "sigmapsf": 0.053769998252391815,
            "magnr": 19.152999877929688,
            "sigmagnr": 0.10499999672174454,
            "magzpsci": 26.215299606323242,
            "isdiffpos": "t",
            "ssdistnr": null,
            "ssnamenr": null,
            "drb": null
        },
        {
            "candid": 1869362293315015000,
            "jd": 2459623.8622917,
            "ra": 192.6981225,
            "dec": 77.3139421,
            "fid": 2,
            "nid": 1869,
            "magpsf": 17.162599563598633,
            "sigmapsf": 0.0447859987616539,
            "magnr": 18.52899932861328,
            "sigmagnr": 0.09700000286102295,
            "magzpsci": 26.285600662231445,
            "isdiffpos": "t",
            "ssdistnr": null,
            "ssnamenr": null,
            "drb": null
        },
        {
            "candid": 1870407974415015004,
            "jd": 2459624.9079745,
            "ra": 192.6981543,
            "dec": 77.3139355,
            "fid": 2,
            "nid": 1870,
            "magpsf": 17.177799224853516,
            "sigmapsf": 0.037742000073194504,
            "magnr": 19.51799964904785,
            "sigmagnr": 0.11999999731779099,
            "magzpsci": 26.332799911499023,
            "isdiffpos": "t",
            "ssdistnr": null,
            "ssnamenr": null,
            "drb": null
        },
        {
            "candid": 1870513244415015003,
            "jd": 2459625.0132407,
            "ra": 192.6981173,
            "dec": 77.3139334,
            "fid": 1,
            "nid": 1870,
            "magpsf": 17.3031005859375,
            "sigmapsf": 0.051614999771118164,
            "magnr": 19.04199981689453,
            "sigmagnr": 0.11999999731779099,
            "magzpsci": 26.370100021362305,
            "isdiffpos": "t",
            "ssdistnr": null,
            "ssnamenr": null,
            "drb": null
        },
        {
            "candid": 1871221703315015001,
            "jd": 2459625.7217014,
            "ra": 192.6979532,
            "dec": 77.313928,
            "fid": 1,
            "nid": 1871,
            "magpsf": 17.342599868774414,
            "sigmapsf": 0.052232999354600906,
            "magnr": 19.152999877929688,
            "sigmagnr": 0.10499999672174454,
            "magzpsci": 26.215599060058594,
            "isdiffpos": "t",
            "ssdistnr": null,
            "ssnamenr": null,
            "drb": null
        },
        {
            "candid": 1871284373315015004,
            "jd": 2459625.784375,
            "ra": 192.6981539,
            "dec": 77.3139292,
            "fid": 2,
            "nid": 1871,
            "magpsf": 17.246200561523438,
            "sigmapsf": 0.05327000096440315,
            "magnr": 18.52899932861328,
            "sigmagnr": 0.09700000286102295,
            "magzpsci": 26.287200927734375,
            "isdiffpos": "t",
            "ssdistnr": null,
            "ssnamenr": null,
            "drb": null
        },
        {
            "candid": 1873448874415015002,
            "jd": 2459627.9488773,
            "ra": 192.6978728,
            "dec": 77.3138314,
            "fid": 1,
            "nid": 1873,
            "magpsf": 17.43269920349121,
            "sigmapsf": 0.0675320029258728,
            "magnr": 19.04199981689453,
            "sigmagnr": 0.11999999731779099,
            "magzpsci": 26.330699920654297,
            "isdiffpos": "t",
            "ssdistnr": null,
            "ssnamenr": null,
            "drb": null
        },
        {
            "candid": 1873513314415015003,
            "jd": 2459628.0133102,
            "ra": 192.6981423,
            "dec": 77.3139303,
            "fid": 2,
            "nid": 1873,
            "magpsf": 17.2593994140625,
            "sigmapsf": 0.079196996986866,
            "magnr": 19.51799964904785,
            "sigmagnr": 0.11999999731779099,
            "magzpsci": 26.32740020751953,
            "isdiffpos": "t",
            "ssdistnr": null,
            "ssnamenr": null,
            "drb": null
        },
        {
            "candid": 1874198173315015004,
            "jd": 2459628.6981713,
            "ra": 192.6980717,
            "dec": 77.3139339,
            "fid": 1,
            "nid": 1874,
            "magpsf": 17.468900680541992,
            "sigmapsf": 0.05327500030398369,
            "magnr": 19.152999877929688,
            "sigmagnr": 0.10499999672174454,
            "magzpsci": 26.212900161743164,
            "isdiffpos": "t",
            "ssdistnr": null,
            "ssnamenr": null,
            "drb": null
        },
        {
            "candid": 1874410993315015001,
            "jd": 2459628.9109954,
            "ra": 192.6981657,
            "dec": 77.3138719,
            "fid": 2,
            "nid": 1874,
            "magpsf": 17.29360008239746,
            "sigmapsf": 0.05550200119614601,
            "magnr": 18.52899932861328,
            "sigmagnr": 0.09700000286102295,
            "magzpsci": 26.234600067138672,
            "isdiffpos": "t",
            "ssdistnr": null,
            "ssnamenr": null,
            "drb": null
        },
        {
            "candid": 1875451194415015005,
            "jd": 2459629.9511921,
            "ra": 192.6979361,
            "dec": 77.3138848,
            "fid": 1,
            "nid": 1875,
            "magpsf": 17.488100051879883,
            "sigmapsf": 0.04202599823474884,
            "magnr": 19.04199981689453,
            "sigmagnr": 0.11999999731779099,
            "magzpsci": 26.377099990844727,
            "isdiffpos": "t",
            "ssdistnr": null,
            "ssnamenr": null,
            "drb": null
        },
        {
            "candid": 1875464824415015005,
            "jd": 2459629.9648264,
            "ra": 192.6981172,
            "dec": 77.3139378,
            "fid": 2,
            "nid": 1875,
            "magpsf": 17.33139991760254,
            "sigmapsf": 0.045841000974178314,
            "magnr": 19.51799964904785,
            "sigmagnr": 0.11999999731779099,
            "magzpsci": 26.33340072631836,
            "isdiffpos": "t",
            "ssdistnr": null,
            "ssnamenr": null,
            "drb": null
        },
        {
            "candid": 1882405423315015004,
            "jd": 2459636.9054282,
            "ra": 192.6982057,
            "dec": 77.3139379,
            "fid": 2,
            "nid": 1882,
            "magpsf": 17.55430030822754,
            "sigmapsf": 0.05548100173473358,
            "magnr": 18.52899932861328,
            "sigmagnr": 0.09700000286102295,
            "magzpsci": 26.279300689697266,
            "isdiffpos": "t",
            "ssdistnr": null,
            "ssnamenr": null,
            "drb": null
        },
        {
            "candid": 1882446783315015002,
            "jd": 2459636.9467824,
            "ra": 192.6981654,
            "dec": 77.313915,
            "fid": 1,
            "nid": 1882,
            "magpsf": 17.856300354003906,
            "sigmapsf": 0.08131799846887589,
            "magnr": 19.152999877929688,
            "sigmagnr": 0.10499999672174454,
            "magzpsci": 26.26129913330078,
            "isdiffpos": "t",
            "ssdistnr": null,
            "ssnamenr": null,
            "drb": null
        },
        {
            "candid": 1882510094415015004,
            "jd": 2459637.0100926,
            "ra": 192.6981517,
            "dec": 77.3139195,
            "fid": 1,
            "nid": 1882,
            "magpsf": 17.80900001525879,
            "sigmapsf": 0.08460800349712372,
            "magnr": 19.04199981689453,
            "sigmagnr": 0.11999999731779099,
            "magzpsci": 26.32900047302246,
            "isdiffpos": "t",
            "ssdistnr": null,
            "ssnamenr": null,
            "drb": null
        },
        {
            "candid": 1882531964415015002,
            "jd": 2459637.0319676,
            "ra": 192.6981209,
            "dec": 77.3139173,
            "fid": 2,
            "nid": 1882,
            "magpsf": 17.60409927368164,
            "sigmapsf": 0.0512549988925457,
            "magnr": 19.51799964904785,
            "sigmagnr": 0.11999999731779099,
            "magzpsci": 26.32110023498535,
            "isdiffpos": "t",
            "ssdistnr": null,
            "ssnamenr": null,
            "drb": null
        },
        {
            "candid": 1885189743315015006,
            "jd": 2459639.6897454,
            "ra": 192.6980453,
            "dec": 77.3139217,
            "fid": 1,
            "nid": 1885,
            "magpsf": 18.00349998474121,
            "sigmapsf": 0.07229600101709366,
            "magnr": 19.152999877929688,
            "sigmagnr": 0.10499999672174454,
            "magzpsci": 26.191499710083008,
            "isdiffpos": "t",
            "ssdistnr": null,
            "ssnamenr": null,
            "drb": null
        },
        {
            "candid": 1885240873315015003,
            "jd": 2459639.7408796,
            "ra": 192.6981286,
            "dec": 77.3138507,
            "fid": 2,
            "nid": 1885,
            "magpsf": 17.669200897216797,
            "sigmapsf": 0.05393600091338158,
            "magnr": 18.52899932861328,
            "sigmagnr": 0.09700000286102295,
            "magzpsci": 26.265199661254883,
            "isdiffpos": "t",
            "ssdistnr": null,
            "ssnamenr": null,
            "drb": null
        },
        {
            "candid": 1885260914415015004,
            "jd": 2459639.7609144,
            "ra": 192.6980659,
            "dec": 77.3138969,
            "fid": 2,
            "nid": 1885,
            "magpsf": 17.67650032043457,
            "sigmapsf": 0.048333000391721725,
            "magnr": 19.51799964904785,
            "sigmagnr": 0.11999999731779099,
            "magzpsci": 26.31450080871582,
            "isdiffpos": "t",
            "ssdistnr": null,
            "ssnamenr": null,
            "drb": null
        },
        {
            "candid": 1887303864415015006,
            "jd": 2459641.8038657,
            "ra": 192.6981009,
            "dec": 77.3139396,
            "fid": 2,
            "nid": 1887,
            "magpsf": 17.7216796875,
            "sigmapsf": 0.04850799962878227,
            "magnr": 19.51799964904785,
            "sigmagnr": 0.11999999731779099,
            "magzpsci": 26.238679885864258,
            "isdiffpos": "t",
            "ssdistnr": -999.0,
            "ssnamenr": "null",
            "drb": null
        },
        {
            "candid": 1917363483315015007,
            "jd": 2459671.8634838,
            "ra": 192.6982419,
            "dec": 77.3139609,
            "fid": 2,
            "nid": 1917,
            "magpsf": 18.629600524902344,
            "sigmapsf": 0.07646500319242477,
            "magnr": 18.52899932861328,
            "sigmagnr": 0.09700000286102295,
            "magzpsci": 26.26059913635254,
            "isdiffpos": "t",
            "ssdistnr": null,
            "ssnamenr": null,
            "drb": null
        },
        {
            "candid": 1917434934415015007,
            "jd": 2459671.9349306,
            "ra": 192.6980844,
            "dec": 77.3139546,
            "fid": 1,
            "nid": 1917,
            "magpsf": 19.651500701904297,
            "sigmapsf": 0.15263299643993378,
            "magnr": 19.04199981689453,
            "sigmagnr": 0.11999999731779099,
            "magzpsci": 26.296499252319336,
            "isdiffpos": "t",
            "ssdistnr": null,
            "ssnamenr": null,
            "drb": null
        },
        {
            "candid": 1917439423315015009,
            "jd": 2459671.9394213,
            "ra": 192.6983266,
            "dec": 77.3139099,
            "fid": 1,
            "nid": 1917,
            "magpsf": 19.56329917907715,
            "sigmapsf": 0.12912100553512573,
            "magnr": 19.152999877929688,
            "sigmagnr": 0.10499999672174454,
            "magzpsci": 26.217300415039062,
            "isdiffpos": "t",
            "ssdistnr": null,
            "ssnamenr": null,
            "drb": null
        },
        {
            "candid": 1917493154415015011,
            "jd": 2459671.9931597,
            "ra": 192.6981432,
            "dec": 77.3139402,
            "fid": 2,
            "nid": 1917,
            "magpsf": 18.624099731445312,
            "sigmapsf": 0.06723500043153763,
            "magnr": 19.51799964904785,
            "sigmagnr": 0.11999999731779099,
            "magzpsci": 26.273099899291992,
            "isdiffpos": "t",
            "ssdistnr": null,
            "ssnamenr": null,
            "drb": null
        },
        {
            "candid": 1920407234415015008,
            "jd": 2459674.9072338,
            "ra": 192.6978229,
            "dec": 77.313967,
            "fid": 1,
            "nid": 1920,
            "magpsf": 19.897199630737305,
            "sigmapsf": 0.18102799355983734,
            "magnr": 19.04199981689453,
            "sigmagnr": 0.11999999731779099,
            "magzpsci": 26.291200637817383,
            "isdiffpos": "t",
            "ssdistnr": null,
            "ssnamenr": null,
            "drb": null
        },
        {
            "candid": 1920413593315015003,
            "jd": 2459674.9135995,
            "ra": 192.6980706,
            "dec": 77.313866,
            "fid": 1,
            "nid": 1920,
            "magpsf": 19.87070083618164,
            "sigmapsf": 0.23027899861335754,
            "magnr": 19.152999877929688,
            "sigmagnr": 0.10499999672174454,
            "magzpsci": 26.20669937133789,
            "isdiffpos": "t",
            "ssdistnr": null,
            "ssnamenr": null,
            "drb": null
        },
        {
            "candid": 1920453833315015009,
            "jd": 2459674.953831,
            "ra": 192.6981475,
            "dec": 77.3139509,
            "fid": 2,
            "nid": 1920,
            "magpsf": 18.652799606323242,
            "sigmapsf": 0.07692699879407883,
            "magnr": 18.52899932861328,
            "sigmagnr": 0.09700000286102295,
            "magzpsci": 26.221799850463867,
            "isdiffpos": "t",
            "ssdistnr": null,
            "ssnamenr": null,
            "drb": null
        },
        {
            "candid": 1920464144415015006,
            "jd": 2459674.9641435,
            "ra": 192.6981376,
            "dec": 77.3139401,
            "fid": 2,
            "nid": 1920,
            "magpsf": 18.77079963684082,
            "sigmapsf": 0.10135900229215622,
            "magnr": 19.51799964904785,
            "sigmagnr": 0.11999999731779099,
            "magzpsci": 26.25079917907715,
            "isdiffpos": "t",
            "ssdistnr": null,
            "ssnamenr": null,
            "drb": null
        },
        {
            "candid": 1922454694415015008,
            "jd": 2459676.9546991,
            "ra": 192.6983305,
            "dec": 77.3138467,
            "fid": 2,
            "nid": 1922,
            "magpsf": 18.695499420166016,
            "sigmapsf": 0.12000899761915207,
            "magnr": 19.51799964904785,
            "sigmagnr": 0.11999999731779099,
            "magzpsci": 26.204500198364258,
            "isdiffpos": "t",
            "ssdistnr": null,
            "ssnamenr": null,
            "drb": null
        },
        {
            "candid": 1924262703315015006,
            "jd": 2459678.7627083,
            "ra": 192.6982388,
            "dec": 77.313946,
            "fid": 2,
            "nid": 1924,
            "magpsf": 18.986900329589844,
            "sigmapsf": 0.10159000009298325,
            "magnr": 18.52899932861328,
            "sigmagnr": 0.09700000286102295,
            "magzpsci": 26.19879913330078,
            "isdiffpos": "t",
            "ssdistnr": null,
            "ssnamenr": null,
            "drb": null
        },
        {
            "candid": 1924329783315015008,
            "jd": 2459678.8297801,
            "ra": 192.6981386,
            "dec": 77.3139333,
            "fid": 1,
            "nid": 1924,
            "magpsf": 19.832300186157227,
            "sigmapsf": 0.22031399607658386,
            "magnr": 19.152999877929688,
            "sigmagnr": 0.10499999672174454,
            "magzpsci": 26.174299240112305,
            "isdiffpos": "t",
            "ssdistnr": null,
            "ssnamenr": null,
            "drb": null
        },
        {
            "candid": 1924330774415015005,
            "jd": 2459678.8307755,
            "ra": 192.6980437,
            "dec": 77.3139298,
            "fid": 1,
            "nid": 1924,
            "magpsf": 20.369600296020508,
            "sigmapsf": 0.25408101081848145,
            "magnr": 19.04199981689453,
            "sigmagnr": 0.11999999731779099,
            "magzpsci": 26.263599395751953,
            "isdiffpos": "t",
            "ssdistnr": null,
            "ssnamenr": null,
            "drb": null
        },
        {
            "candid": 1924388294415015005,
            "jd": 2459678.8882986,
            "ra": 192.6981555,
            "dec": 77.3139482,
            "fid": 2,
            "nid": 1924,
            "magpsf": 18.96500015258789,
            "sigmapsf": 0.07790099829435349,
            "magnr": 19.51799964904785,
            "sigmagnr": 0.11999999731779099,
            "magzpsci": 26.2549991607666,
            "isdiffpos": "t",
            "ssdistnr": null,
            "ssnamenr": null,
            "drb": null
        },
        {
            "candid": 1926342993315015012,
            "jd": 2459680.8429977,
            "ra": 192.6980309,
            "dec": 77.3139722,
            "fid": 2,
            "nid": 1926,
            "magpsf": 19.102699279785156,
            "sigmapsf": 0.14559400081634521,
            "magnr": 18.52899932861328,
            "sigmagnr": 0.09700000286102295,
            "magzpsci": 26.255699157714844,
            "isdiffpos": "t",
            "ssdistnr": null,
            "ssnamenr": null,
            "drb": null
        },
        {
            "candid": 1930327453315015009,
            "jd": 2459684.8274537,
            "ra": 192.6981329,
            "dec": 77.3139166,
            "fid": 2,
            "nid": 1930,
            "magpsf": 19.239700317382812,
            "sigmapsf": 0.14034700393676758,
            "magnr": 18.52899932861328,
            "sigmagnr": 0.09700000286102295,
            "magzpsci": 26.255699157714844,
            "isdiffpos": "t",
            "ssdistnr": null,
            "ssnamenr": null,
            "drb": null
        },
        {
            "candid": 1930327994415015005,
            "jd": 2459684.8279977,
            "ra": 192.6980645,
            "dec": 77.3139537,
            "fid": 2,
            "nid": 1930,
            "magpsf": 19.496829986572266,
            "sigmapsf": 0.1983339935541153,
            "magnr": 19.51799964904785,
            "sigmagnr": 0.11999999731779099,
            "magzpsci": 26.30282974243164,
            "isdiffpos": "t",
            "ssdistnr": -999.0,
            "ssnamenr": "null",
            "drb": null
        },
        {
            "jd": 2459641.7468634,
            "fid": 2,
            "diffmaglim": 19.353700637817383
        },
        {
            "jd": 2459676.8939005,
            "fid": 1,
            "diffmaglim": 19.792999267578125
        },
        {
            "jd": 2459676.8953472,
            "fid": 1,
            "diffmaglim": 19.951000213623047
        },
        {
            "jd": 2459682.6973958,
            "fid": 1,
            "diffmaglim": 19.545400619506836
        },
        {
            "jd": 2459682.821794,
            "fid": 2,
            "diffmaglim": 19.89150047302246
        },
        {
            "jd": 2459684.785463,
            "fid": 1,
            "diffmaglim": 19.216999053955078
        }
    ],
    "forcedphot": []
}