{
    "objectId": "ZTF20abfcdkj",
    "candidates": [
        {
            "candid": 1259250243115015006,
            "jd": 2459013.7502431,
            "ra": 281.7937571,
            "dec": 60.4968505,
            "fid": 1,
            "nid": 1259,
            "magpsf": 20.827999114990234,
            "sigmapsf": 0.29262301325798035,
            "magnr": 21.735000610351562,
            "sigmagnr": 0.19200000166893005,
            "magzpsci": 26.283000946044922,
            "isdiffpos": "t",
            "ssdistnr": -999.0,
            "ssnamenr": "-999.0",
            "drb": null
        },
        {
            "candid": 1259338373115015016,
            "jd": 2459013.8383796,
            "ra": 281.7939927,
            "dec": 60.4967537,
            "fid": 2,
            "nid": 1259,
            "magpsf": 20.754899978637695,
            "sigmapsf": 0.29885900020599365,
            "magnr": 22.642000198364258,
            "sigmagnr": 0.2529999911785126,
            "magzpsci": 26.30389976501465,
            "isdiffpos": "t",
            "ssdistnr": -999.0,
            "ssnamenr": "-999.0",
            "drb": null
        },
        {
            "candid": 1260357173115015023,
            "jd": 2459014.8571759,
            "ra": 281.793894,
            "dec": 60.4968086,
            "fid": 1,
            "nid": 1260,
            "magpsf": 19.828100204467773,
            "sigmapsf": 0.13120600581169128,
            "magnr": 21.735000610351562,
            "sigmagnr": 0.19200000166893005,
            "magzpsci": 26.32710075378418,
            "isdiffpos": "t",
            "ssdistnr": -999.0,
            "ssnamenr": "null",
            "drb": 0.9999939799308777
        },
        {
            "candid": 1260465933115015006,
            "jd": 2459014.9659375,
            "ra": 281.7939955,
            "dec": 60.4968051,
            "fid": 2,
            "nid": 1260,
            "magpsf": 20.0575008392334,
            "sigmapsf": 0.20087799429893494,
            "magnr": 22.642000198364258,
            "sigmagnr": 0.2529999911785126,
            "magzpsci": 26.289499282836914,
            "isdiffpos": "t",
            "ssdistnr": -999.0,
            "ssnamenr": "-999.0",
            "drb": null
        },
        {
            "candid": 1262368243115015014,
            "jd": 2459016.8682407,
            "ra": 281.7939008,
            "dec": 60.4967869,
            "fid": 1,
            "nid": 1262,
            "magpsf": 19.43899917602539,
            "sigmapsf": 0.10630399733781815,
            "magnr": 21.735000610351562,
            "sigmagnr": 0.19200000166893005,
            "magzpsci": 26.155000686645508,
            "isdiffpos": "t",
            "ssdistnr": -999.0,
            "ssnamenr": "null",
            "drb": 0.9999989867210388
        },
        {
            "candid": 1263321933115015021,
            "jd": 2459017.8219329,
            "ra": 281.7939012,
            "dec": 60.4967908,
            "fid": 1,
            "nid": 1263,
            "magpsf": 19.464099884033203,
            "sigmapsf": 0.10856900364160538,
            "magnr": 21.735000610351562,
            "sigmagnr": 0.19200000166893005,
            "magzpsci": 26.3080997467041,
            "isdiffpos": "t",
            "ssdistnr": -999.0,
            "ssnamenr": "null",
            "drb": 0.9999989867210388
        },
        {
            "candid": 1264364523115015014,
            "jd": 2459018.8645255,
            "ra": 281.7939291,
            "dec": 60.4967812,
            "fid": 1,
            "nid": 1264,
            "magpsf": 19.313600540161133,
            "sigmapsf": 0.08230999857187271,
            "magnr": 21.735000610351562,
            "sigmagnr": 0.19200000166893005,
            "magzpsci": 26.29759979248047,
            "isdiffpos": "t",
            "ssdistnr": -999.0,
            "ssnamenr": "null",
            "drb": 1.0
        },
        {
            "candid": 1265284963115015021,
            "jd": 2459019.7849653,
            "ra": 281.7939196,
            "dec": 60.496774,
            "fid": 1,
            "nid": 1265,
            "magpsf": 19.32229995727539,
            "sigmapsf": 0.11497499793767929,
            "magnr": 21.735000610351562,
            "sigmagnr": 0.19200000166893005,
            "magzpsci": 26.268299102783203,
            "isdiffpos": "t",
            "ssdistnr": -999.0,
            "ssnamenr": "-999.0",
            "drb": null
        },
        {
            "candid": 1265365613115015008,
            "jd": 2459019.8656134,
            "ra": 281.7939464,
            "dec": 60.4968004,
            "fid": 2,
            "nid": 1265,
            "magpsf": 19.350299835205078,
            "sigmapsf": 0.09712100028991699,
            "magnr": 22.642000198364258,
            "sigmagnr": 0.2529999911785126,
            "magzpsci": 26.27829933166504,
            "isdiffpos": "t",
            "ssdistnr": -999.0,
            "ssnamenr": "-999.0",
            "drb": null
        },
        {
            "candid": 1266371503115015023,
            "jd": 2459020.8715046,
            "ra": 281.7939061,
            "dec": 60.4967698,
            "fid": 1,
            "nid": 1266,
            "magpsf": 19.344499588012695,
            "sigmapsf": 0.0982389971613884,
            "magnr": 21.735000610351562,
            "sigmagnr": 0.19200000166893005,
            "magzpsci": 26.274499893188477,
            "isdiffpos": "t",
            "ssdistnr": -999.0,
            "ssnamenr": "-999.0",
            "drb": null
        },
        {
            "candid": 1266463153115015016,
            "jd": 2459020.9631597,
            "ra": 281.7940104,
            "dec": 60.4968269,
            "fid": 2,
            "nid": 1266,
            "magpsf": 19.378700256347656,
            "sigmapsf": 0.09010399878025055,
            "magnr": 22.642000198364258,
            "sigmagnr": 0.2529999911785126,
            "magzpsci": 26.25670051574707,
            "isdiffpos": "t",
            "ssdistnr": -999.0,
            "ssnamenr": "null",
            "drb": 0.9999529719352722
        },
        {
            "candid": 1268263513115015009,
            "jd": 2459022.7635185,
            "ra": 281.7940085,
            "dec": 60.4968016,
            "fid": 2,
            "nid": 1268,
            "magpsf": 19.31329917907715,
            "sigmapsf": 0.09636899828910828,
            "magnr": 22.642000198364258,
            "sigmagnr": 0.2529999911785126,
            "magzpsci": 26.288299560546875,
            "isdiffpos": "t",
            "ssdistnr": -999.0,
            "ssnamenr": "null",
            "drb": 0.9999970197677612
        },
        {
            "candid": 1268350543115015017,
            "jd": 2459022.850544,
            "ra": 281.7939132,
            "dec": 60.496763,
            "fid": 1,
            "nid": 1268,
            "magpsf": 19.279499053955078,
            "sigmapsf": 0.0937340036034584,
            "magnr": 21.735000610351562,
            "sigmagnr": 0.19200000166893005,
            "magzpsci": 26.313499450683594,
            "isdiffpos": "t",
            "ssdistnr": -999.0,
            "ssnamenr": "null",
            "drb": 0.9999970197677612
        },
        {
            "candid": 1269392173115015016,
            "jd": 2459023.8921759,
            "ra": 281.7939896,
            "dec": 60.4967906,
            "fid": 2,
            "nid": 1269,
            "magpsf": 19.310300827026367,
            "sigmapsf": 0.0973770022392273,
            "magnr": 22.642000198364258,
            "sigmagnr": 0.2529999911785126,
            "magzpsci": 26.295299530029297,
            "isdiffpos": "t",
            "ssdistnr": -999.0,
            "ssnamenr": "null",
            "drb": 0.9999330043792725
        },
        {
            "candid": 1270264883115015025,
            "jd": 2459024.7648843,
            "ra": 281.7939761,
            "dec": 60.4968296,
            "fid": 2,
            "nid": 1270,
            "magpsf": 19.25469970703125,
            "sigmapsf": 0.09483099728822708,
            "magnr": 22.642000198364258,
            "sigmagnr": 0.2529999911785126,
            "magzpsci": 26.06570053100586,
            "isdiffpos": "t",
            "ssdistnr": -999.0,
            "ssnamenr": "null",
            "drb": 0.9987949728965759
        },
        {
            "candid": 1270367233115015026,
            "jd": 2459024.8672338,
            "ra": 281.7939195,
            "dec": 60.4967866,
            "fid": 1,
            "nid": 1270,
            "magpsf": 19.259899139404297,
            "sigmapsf": 0.10225299745798111,
            "magnr": 21.735000610351562,
            "sigmagnr": 0.19200000166893005,
            "magzpsci": 25.912900924682617,
            "isdiffpos": "t",
            "ssdistnr": -999.0,
            "ssnamenr": "null",
            "drb": 0.9999989867210388
        },
        {
            "candid": 1271329753115015012,
            "jd": 2459025.8297569,
            "ra": 281.7939494,
            "dec": 60.4967989,
            "fid": 1,
            "nid": 1271,
            "magpsf": 19.328500747680664,
            "sigmapsf": 0.08427800238132477,
            "magnr": 21.735000610351562,
            "sigmagnr": 0.19200000166893005,
            "magzpsci": 26.295499801635742,
            "isdiffpos": "t",
            "ssdistnr": -999.0,
            "ssnamenr": "null",
            "drb": 0.9999979734420776
        },
        {
            "candid": 1271361793115015023,
            "jd": 2459025.861794,
            "ra": 281.7939922,
            "dec": 60.4968215,
            "fid": 2,
            "nid": 1271,
            "magpsf": 19.32469940185547,
            "sigmapsf": 0.09638699889183044,
            "magnr": 22.642000198364258,
            "sigmagnr": 0.2529999911785126,
            "magzpsci": 26.2726993560791,
            "isdiffpos": "t",
            "ssdistnr": -999.0,
            "ssnamenr": "null",
            "drb": 0.9991859793663025
        },
        {
            "candid": 1272388733115015020,
            "jd": 2459026.8887384,
            "ra": 281.793934,
            "dec": 60.4967797,
            "fid": 1,
            "nid": 1272,
            "magpsf": 19.232099533081055,
            "sigmapsf": 0.09106999635696411,
            "magnr": 21.735000610351562,
            "sigmagnr": 0.19200000166893005,
            "magzpsci": 26.278099060058594,
            "isdiffpos": "t",
            "ssdistnr": -999.0,
            "ssnamenr": "null",
            "drb": 1.0
        },
        {
            "candid": 1273362033115015021,
            "jd": 2459027.862037,
            "ra": 281.7939689,
            "dec": 60.4968022,
            "fid": 1,
            "nid": 1273,
            "magpsf": 19.374500274658203,
            "sigmapsf": 0.11124099791049957,
            "magnr": 21.735000610351562,
            "sigmagnr": 0.19200000166893005,
            "magzpsci": 26.183500289916992,
            "isdiffpos": "t",
            "ssdistnr": -999.0,
            "ssnamenr": "null",
            "drb": 1.0
        },
        {
            "candid": 1273387003115015016,
            "jd": 2459027.8870023,
            "ra": 281.7939772,
            "dec": 60.4968231,
            "fid": 2,
            "nid": 1273,
            "magpsf": 19.215299606323242,
            "sigmapsf": 0.10375799983739853,
            "magnr": 22.642000198364258,
            "sigmagnr": 0.2529999911785126,
            "magzpsci": 26.187299728393555,
            "isdiffpos": "t",
            "ssdistnr": -999.0,
            "ssnamenr": "null",
            "drb": 1.0
        },
        {
            "candid": 1274267833115015010,
            "jd": 2459028.7678356,
            "ra": 281.7940362,
            "dec": 60.4968091,
            "fid": 2,
            "nid": 1274,
            "magpsf": 19.284099578857422,
            "sigmapsf": 0.10410799831151962,
            "magnr": 22.642000198364258,
            "sigmagnr": 0.2529999911785126,
            "magzpsci": 26.201099395751953,
            "isdiffpos": "t",
            "ssdistnr": -999.0,
            "ssnamenr": "null",
            "drb": 0.9999979734420776
        },
        {
            "candid": 1274343343115015009,
            "jd": 2459028.8433449,
            "ra": 281.7939733,
            "dec": 60.4967911,
            "fid": 1,
            "nid": 1274,
            "magpsf": 19.37969970703125,
            "sigmapsf": 0.1013529971241951,
            "magnr": 21.735000610351562,
            "sigmagnr": 0.19200000166893005,
            "magzpsci": 26.216699600219727,
            "isdiffpos": "t",
            "ssdistnr": -999.0,
            "ssnamenr": "null",
            "drb": 0.9999909996986389
        },
        {
            "candid": 1275260773115015013,
            "jd": 2459029.7607755,
            "ra": 281.7940054,
            "dec": 60.4967281,
            "fid": 1,
            "nid": 1275,
            "magpsf": 19.34939956665039,
            "sigmapsf": 0.16185200214385986,
            "magnr": 21.735000610351562,
            "sigmagnr": 0.19200000166893005,
            "magzpsci": 26.268400192260742,
            "isdiffpos": "t",
            "ssdistnr": -999.0,
            "ssnamenr": "null",
            "drb": 0.9999480247497559
        },
        {
            "candid": 1276363723115015010,
            "jd": 2459030.8637269,
            "ra": 281.7939298,
            "dec": 60.4967786,
            "fid": 1,
            "nid": 1276,
            "magpsf": 19.370100021362305,
            "sigmapsf": 0.12222900241613388,
            "magnr": 21.735000610351562,
            "sigmagnr": 0.19200000166893005,
            "magzpsci": 26.230100631713867,
            "isdiffpos": "t",
            "ssdistnr": -999.0,
            "ssnamenr": "null",
            "drb": 1.0
        },
        {
            "candid": 1277328213115015014,
            "jd": 2459031.8282176,
            "ra": 281.7939653,
            "dec": 60.4968306,
            "fid": 1,
            "nid": 1277,
            "magpsf": 19.35650062561035,
            "sigmapsf": 0.13126499950885773,
            "magnr": 21.735000610351562,
            "sigmagnr": 0.19200000166893005,
            "magzpsci": 26.23349952697754,
            "isdiffpos": "t",
            "ssdistnr": -999.0,
            "ssnamenr": "null",
            "drb": 0.9999949932098389
        },
        {
            "candid": 1277361033115015012,
            "jd": 2459031.8610301,
            "ra": 281.7939454,
            "dec": 60.4967994,
            "fid": 2,
            "nid": 1277,
            "magpsf": 19.25189971923828,
            "sigmapsf": 0.0926159992814064,
            "magnr": 22.642000198364258,
            "sigmagnr": 0.2529999911785126,
            "magzpsci": 26.226900100708008,
            "isdiffpos": "t",
            "ssdistnr": -999.0,
            "ssnamenr": "null",
            "drb": 0.9999989867210388
        },
        {
            "candid": 1278325563115015006,
            "jd": 2459032.8255671,
            "ra": 281.7940162,
            "dec": 60.4968117,
            "fid": 2,
            "nid": 1278,
            "magpsf": 19.271799087524414,
            "sigmapsf": 0.15267300605773926,
            "magnr": 22.642000198364258,
            "sigmagnr": 0.2529999911785126,
            "magzpsci": 26.24880027770996,
            "isdiffpos": "t",
            "ssdistnr": -999.0,
            "ssnamenr": "null",
            "drb": 0.9999189972877502
        },
        {
            "candid": 1278471333115015014,
            "jd": 2459032.971331,
            "ra": 281.7939818,
            "dec": 60.4968062,
            "fid": 1,
            "nid": 1278,
            "magpsf": 19.41230010986328,
            "sigmapsf": 0.10521200299263,
            "magnr": 21.735000610351562,
            "sigmagnr": 0.19200000166893005,
            "magzpsci": 26.222299575805664,
            "isdiffpos": "t",
            "ssdistnr": -999.0,
            "ssnamenr": "null",
            "drb": 0.9999989867210388
        },
        {
            "candid": 1279348373115015011,
            "jd": 2459033.8483796,
            "ra": 281.7939757,
            "dec": 60.4968163,
            "fid": 2,
            "nid": 1279,
            "magpsf": 19.34939956665039,
            "sigmapsf": 0.1315940022468567,
            "magnr": 22.642000198364258,
            "sigmagnr": 0.2529999911785126,
            "magzpsci": 26.27239990234375,
            "isdiffpos": "t",
            "ssdistnr": -999.0,
            "ssnamenr": "null",
            "drb": 1.0
        },
        {
            "candid": 1284223073115015017,
            "jd": 2459038.7230787,
            "ra": 281.7940355,
            "dec": 60.496802,
            "fid": 2,
            "nid": 1284,
            "magpsf": 19.303300857543945,
            "sigmapsf": 0.09464199841022491,
            "magnr": 22.642000198364258,
            "sigmagnr": 0.2529999911785126,
            "magzpsci": 26.26129913330078,
            "isdiffpos": "t",
            "ssdistnr": -999.0,
            "ssnamenr": "null",
            "drb": 0.9996910095214844
        },
        {
            "candid": 1284395833115015020,
            "jd": 2459038.8958333,
            "ra": 281.794056,
            "dec": 60.496816,
            "fid": 2,
            "nid": 1284,
            "magpsf": 19.201900482177734,
            "sigmapsf": 0.11086799949407578,
            "magnr": 22.642000198364258,
            "sigmagnr": 0.2529999911785126,
            "magzpsci": 26.267900466918945,
            "isdiffpos": "t",
            "ssdistnr": -999.0,
            "ssnamenr": "null",
            "drb": 1.0
        },
        {
            "candid": 1287275933115015019,
            "jd": 2459041.7759375,
            "ra": 281.7939512,
            "dec": 60.4968245,
            "fid": 2,
            "nid": 1287,
            "magpsf": 19.327800750732422,
            "sigmapsf": 0.08498699963092804,
            "magnr": 22.642000198364258,
            "sigmagnr": 0.2529999911785126,
            "magzpsci": 26.236799240112305,
            "isdiffpos": "t",
            "ssdistnr": -999.0,
            "ssnamenr": "null",
            "drb": 0.9999529719352722
        },
        {
            "candid": 1290346423115015018,
            "jd": 2459044.8464236,
            "ra": 281.7938858,
            "dec": 60.4968012,
            "fid": 1,
            "nid": 1290,
            "magpsf": 19.784500122070312,
            "sigmapsf": 0.12794199585914612,
            "magnr": 21.735000610351562,
            "sigmagnr": 0.19200000166893005,
            "magzpsci": 26.316499710083008,
            "isdiffpos": "t",
            "ssdistnr": -999.0,
            "ssnamenr": "null",
            "drb": 0.9999989867210388
        },
        {
            "candid": 1293285813115015014,
            "jd": 2459047.7858102,
            "ra": 281.7939512,
            "dec": 60.4967828,
            "fid": 1,
            "nid": 1293,
            "magpsf": 19.848800659179688,
            "sigmapsf": 0.14192600548267365,
            "magnr": 21.735000610351562,
            "sigmagnr": 0.19200000166893005,
            "magzpsci": 26.330799102783203,
            "isdiffpos": "t",
            "ssdistnr": -999.0,
            "ssnamenr": "null",
            "drb": 0.9999979734420776
        },
        {
            "candid": 1293411433115015011,
            "jd": 2459047.9114352,
            "ra": 281.7940184,
            "dec": 60.496803,
            "fid": 2,
            "nid": 1293,
            "magpsf": 19.395700454711914,
            "sigmapsf": 0.09881799668073654,
            "magnr": 22.642000198364258,
            "sigmagnr": 0.2529999911785126,
            "magzpsci": 26.286699295043945,
            "isdiffpos": "t",
            "ssdistnr": -999.0,
            "ssnamenr": "null",
            "drb": 0.9999960064888
        },
        {
            "candid": 1296300563115015015,
            "jd": 2459050.8005671,
            "ra": 281.793987,
            "dec": 60.4968151,
            "fid": 2,
            "nid": 1296,
            "magpsf": 19.48870086669922,
            "sigmapsf": 0.11116199940443039,
            "magnr": 22.642000198364258,
            "sigmagnr": 0.2529999911785126,
            "magzpsci": 26.292699813842773,
            "isdiffpos": "t",
            "ssdistnr": -999.0,
            "ssnamenr": "null",
            "drb": 0.9998840093612671
        },
        {
            "candid": 1299332043115015016,
            "jd": 2459053.8320486,
            "ra": 281.7939901,
            "dec": 60.4968069,
            "fid": 2,
            "nid": 1299,
            "magpsf": 19.458799362182617,
            "sigmapsf": 0.1063539981842041,
            "magnr": 22.642000198364258,
            "sigmagnr": 0.2529999911785126,
            "magzpsci": 26.301799774169922,
            "isdiffpos": "t",
            "ssdistnr": -999.0,
            "ssnamenr": "null",
            "drb": 0.9999989867210388
        },
        {
            "candid": 1299365533115015023,
            "jd": 2459053.8655324,
            "ra": 281.7938776,
            "dec": 60.4968192,
            "fid": 1,
            "nid": 1299,
            "magpsf": 20.00659942626953,
            "sigmapsf": 0.1179559975862503,
            "magnr": 21.735000610351562,
            "sigmagnr": 0.19200000166893005,
            "magzpsci": 26.29560089111328,
            "isdiffpos": "t",
            "ssdistnr": -999.0,
            "ssnamenr": "null",
            "drb": 0.9999639987945557
        },
        {
            "candid": 1302360703115015012,
            "jd": 2459056.860706,
            "ra": 281.7940051,
            "dec": 60.4967982,
            "fid": 2,
            "nid": 1302,
            "magpsf": 19.510799407958984,
            "sigmapsf": 0.12249000370502472,
            "magnr": 22.642000198364258,
            "sigmagnr": 0.2529999911785126,
            "magzpsci": 26.271799087524414,
            "isdiffpos": "t",
            "ssdistnr": -999.0,
            "ssnamenr": "null",
            "drb": 0.9997860193252563
        },
        {
            "candid": 1305311313115015004,
            "jd": 2459059.8113194,
            "ra": 281.7938401,
            "dec": 60.4967597,
            "fid": 1,
            "nid": 1305,
            "magpsf": 20.295499801635742,
            "sigmapsf": 0.22672900557518005,
            "magnr": 21.735000610351562,
            "sigmagnr": 0.19200000166893005,
            "magzpsci": 26.315500259399414,
            "isdiffpos": "t",
            "ssdistnr": -999.0,
            "ssnamenr": "-999.0",
            "drb": null
        },
        {
            "candid": 1306363153115015010,
            "jd": 2459060.8631597,
            "ra": 281.7938701,
            "dec": 60.4967866,
            "fid": 1,
            "nid": 1306,
            "magpsf": 20.286500930786133,
            "sigmapsf": 0.28077301383018494,
            "magnr": 21.735000610351562,
            "sigmagnr": 0.19200000166893005,
            "magzpsci": 26.258499145507812,
            "isdiffpos": "t",
            "ssdistnr": -999.0,
            "ssnamenr": "-999.0",
            "drb": null
        },
        {
            "candid": 1307296993115015017,
            "jd": 2459061.7969907,
            "ra": 281.7940071,
            "dec": 60.4968215,
            "fid": 2,
            "nid": 1307,
            "magpsf": 19.551000595092773,
            "sigmapsf": 0.14686599373817444,
            "magnr": 22.642000198364258,
            "sigmagnr": 0.2529999911785126,
            "magzpsci": 26.274999618530273,
            "isdiffpos": "t",
            "ssdistnr": -999.0,
            "ssnamenr": "null",
            "drb": 0.9995819926261902
        },
        {
            "candid": 1308270753115015017,
            "jd": 2459062.7707523,
            "ra": 281.7939551,
            "dec": 60.4967778,
            "fid": 2,
            "nid": 1308,
            "magpsf": 19.462600708007812,
            "sigmapsf": 0.1357019990682602,
            "magnr": 22.642000198364258,
            "sigmagnr": 0.2529999911785126,
            "magzpsci": 26.28059959411621,
            "isdiffpos": "t",
            "ssdistnr": -999.0,
            "ssnamenr": "null",
            "drb": 0.9996399879455566
        },
        {
            "candid": 1308302303115015014,
            "jd": 2459062.8023032,
            "ra": 281.7939546,
            "dec": 60.4968357,
            "fid": 2,
            "nid": 1308,
            "magpsf": 19.618200302124023,
            "sigmapsf": 0.15990500152111053,
            "magnr": 22.642000198364258,
            "sigmagnr": 0.2529999911785126,
            "magzpsci": 26.28619956970215,
            "isdiffpos": "t",
            "ssdistnr": -999.0,
            "ssnamenr": "null",
            "drb": 0.9993469715118408
        },
        {
            "candid": 1308358463115015012,
            "jd": 2459062.8584606,
            "ra": 281.7938185,
            "dec": 60.4968069,
            "fid": 1,
            "nid": 1308,
            "magpsf": 20.25149917602539,
            "sigmapsf": 0.29048699140548706,
            "magnr": 21.735000610351562,
            "sigmagnr": 0.19200000166893005,
            "magzpsci": 26.262500762939453,
            "isdiffpos": "t",
            "ssdistnr": -999.0,
            "ssnamenr": "-999.0",
            "drb": null
        },
        {
            "candid": 1309298093115015012,
            "jd": 2459063.7980903,
            "ra": 281.7940701,
            "dec": 60.4967912,
            "fid": 2,
            "nid": 1309,
            "magpsf": 19.544300079345703,
            "sigmapsf": 0.12597300112247467,
            "magnr": 22.642000198364258,
            "sigmagnr": 0.2529999911785126,
            "magzpsci": 26.296300888061523,
            "isdiffpos": "t",
            "ssdistnr": -999.0,
            "ssnamenr": "null",
            "drb": 0.9997950196266174
        },
        {
            "candid": 1311312343115015007,
            "jd": 2459065.8123495,
            "ra": 281.7939025,
            "dec": 60.4967389,
            "fid": 2,
            "nid": 1311,
            "magpsf": 19.60140037536621,
            "sigmapsf": 0.22002899646759033,
            "magnr": 22.642000198364258,
            "sigmagnr": 0.2529999911785126,
            "magzpsci": 26.253400802612305,
            "isdiffpos": "t",
            "ssdistnr": -999.0,
            "ssnamenr": "-999.0",
            "drb": null
        },
        {
            "candid": 1311342313115015004,
            "jd": 2459065.8423148,
            "ra": 281.7939789,
            "dec": 60.4968561,
            "fid": 2,
            "nid": 1311,
            "magpsf": 19.604299545288086,
            "sigmapsf": 0.25846800208091736,
            "magnr": 22.642000198364258,
            "sigmagnr": 0.2529999911785126,
            "magzpsci": 26.246299743652344,
            "isdiffpos": "t",
            "ssdistnr": -999.0,
            "ssnamenr": "-999.0",
            "drb": null
        },
        {
            "candid": 1312344473115015006,
            "jd": 2459066.8444792,
            "ra": 281.7937305,
            "dec": 60.4969563,
            "fid": 1,
            "nid": 1312,
            "magpsf": 20.133100509643555,
            "sigmapsf": 0.2999669909477234,
            "magnr": 21.735000610351562,
            "sigmagnr": 0.19200000166893005,
            "magzpsci": 26.26609992980957,
            "isdiffpos": "t",
            "ssdistnr": -999.0,
            "ssnamenr": "-999.0",
            "drb": null
        },
        {
            "candid": 1314342333115015008,
            "jd": 2459068.842338,
            "ra": 281.7939555,
            "dec": 60.496768,
            "fid": 2,
            "nid": 1314,
            "magpsf": 19.55500030517578,
            "sigmapsf": 0.14524300396442413,
            "magnr": 22.642000198364258,
            "sigmagnr": 0.2529999911785126,
            "magzpsci": 26.28700065612793,
            "isdiffpos": "t",
            "ssdistnr": -999.0,
            "ssnamenr": "null",
            "drb": 0.9999949932098389
        },
        {
            "candid": 1317347323115015007,
            "jd": 2459071.8473264,
            "ra": 281.7940235,
            "dec": 60.4968118,
            "fid": 2,
            "nid": 1317,
            "magpsf": 19.546600341796875,
            "sigmapsf": 0.14430800080299377,
            "magnr": 22.642000198364258,
            "sigmagnr": 0.2529999911785126,
            "magzpsci": 26.276599884033203,
            "isdiffpos": "t",
            "ssdistnr": -999.0,
            "ssnamenr": "null",
            "drb": 0.999180018901825
        },
        {
            "candid": 1320300493115015051,
            "jd": 2459074.8004977,
            "ra": 281.7939077,
            "dec": 60.4968772,
            "fid": 2,
            "nid": 1320,
            "magpsf": 19.877700805664062,
            "sigmapsf": 0.2278279960155487,
            "magnr": 22.642000198364258,
            "sigmagnr": 0.2529999911785126,
            "magzpsci": 25.71470069885254,
            "isdiffpos": "t",
            "ssdistnr": -999.0,
            "ssnamenr": "-999.0",
            "drb": null
        },
        {
            "candid": 1323276743115015121,
            "jd": 2459077.7767477,
            "ra": 281.7939123,
            "dec": 60.4968152,
            "fid": 2,
            "nid": 1323,
            "magpsf": 19.759899139404297,
            "sigmapsf": 0.19217100739479065,
            "magnr": 22.642000198364258,
            "sigmagnr": 0.2529999911785126,
            "magzpsci": 25.77389907836914,
            "isdiffpos": "t",
            "ssdistnr": -999.0,
            "ssnamenr": "null",
            "drb": 0.9591050148010254
        },
        {
            "candid": 1326305453115015015,
            "jd": 2459080.8054514,
            "ra": 281.7940273,
            "dec": 60.4968107,
            "fid": 2,
            "nid": 1326,
            "magpsf": 19.633899688720703,
            "sigmapsf": 0.1314689964056015,
            "magnr": 22.642000198364258,
            "sigmagnr": 0.2529999911785126,
            "magzpsci": 26.116899490356445,
            "isdiffpos": "t",
            "ssdistnr": -999.0,
            "ssnamenr": "null",
            "drb": 0.9999690055847168
        },
        {
            "candid": 1336303623115015009,
            "jd": 2459090.8036227,
            "ra": 281.7938417,
            "dec": 60.4968478,
            "fid": 1,
            "nid": 1336,
            "magpsf": 20.415599822998047,
            "sigmapsf": 0.34903499484062195,
            "magnr": 21.735000610351562,
            "sigmagnr": 0.19200000166893005,
            "magzpsci": 26.149599075317383,
            "isdiffpos": "t",
            "ssdistnr": -999.0,
            "ssnamenr": "-999.0",
            "drb": null
        },
        {
            "candid": 1338227973115015006,
            "jd": 2459092.7279745,
            "ra": 281.7939709,
            "dec": 60.4967121,
            "fid": 2,
            "nid": 1338,
            "magpsf": 19.72610092163086,
            "sigmapsf": 0.20333899557590485,
            "magnr": 22.642000198364258,
            "sigmagnr": 0.2529999911785126,
            "magzpsci": 26.26609992980957,
            "isdiffpos": "t",
            "ssdistnr": -999.0,
            "ssnamenr": "-999.0",
            "drb": null
        },
        {
            "candid": 1340280203115015006,
            "jd": 2459094.7802083,
            "ra": 281.7939715,
            "dec": 60.4968255,
            "fid": 2,
            "nid": 1340,
            "magpsf": 19.719900131225586,
            "sigmapsf": 0.24099700152873993,
            "magnr": 22.642000198364258,
            "sigmagnr": 0.2529999911785126,
            "magzpsci": 26.17289924621582,
            "isdiffpos": "t",
            "ssdistnr": -999.0,
            "ssnamenr": "-999.0",
            "drb": null
        },
        {
            "candid": 1342331733115015004,
            "jd": 2459096.8317361,
            "ra": 281.7938155,
            "dec": 60.4968558,
            "fid": 2,
            "nid": 1342,
            "magpsf": 19.844999313354492,
            "sigmapsf": 0.2051829993724823,
            "magnr": 22.642000198364258,
            "sigmagnr": 0.2529999911785126,
            "magzpsci": 26.224000930786133,
            "isdiffpos": "t",
            "ssdistnr": -999.0,
            "ssnamenr": "null",
            "drb": 0.9996020197868347
        },
        {
            "candid": 1357221793115015011,
            "jd": 2459111.721794,
            "ra": 281.7939687,
            "dec": 60.4968004,
            "fid": 2,
            "nid": 1357,
            "magpsf": 19.84119987487793,
            "sigmapsf": 0.15313799679279327,
            "magnr": 22.642000198364258,
            "sigmagnr": 0.2529999911785126,
            "magzpsci": 26.116199493408203,
            "isdiffpos": "t",
            "ssdistnr": -999.0,
            "ssnamenr": "null",
            "drb": 0.9999979734420776
        },
        {
            "candid": 1360288063115015009,
            "jd": 2459114.7880671,
            "ra": 281.7940087,
            "dec": 60.4967964,
            "fid": 2,
            "nid": 1360,
            "magpsf": 19.759700775146484,
            "sigmapsf": 0.15014399588108063,
            "magnr": 22.642000198364258,
            "sigmagnr": 0.2529999911785126,
            "magzpsci": 26.099700927734375,
            "isdiffpos": "t",
            "ssdistnr": -999.0,
            "ssnamenr": "null",
            "drb": 0.9999819993972778
        },
        {
            "candid": 1368220383115015004,
            "jd": 2459122.7203819,
            "ra": 281.7938359,
            "dec": 60.4967895,
            "fid": 2,
            "nid": 1368,
            "magpsf": 19.789600372314453,
            "sigmapsf": 0.2762730121612549,
            "magnr": 22.642000198364258,
            "sigmagnr": 0.2529999911785126,
            "magzpsci": 26.17959976196289,
            "isdiffpos": "t",
            "ssdistnr": -999.0,
            "ssnamenr": "-999.0",
            "drb": null
        },
        {
            "candid": 1370307313115015006,
            "jd": 2459124.8073148,
            "ra": 281.7938804,
            "dec": 60.4968689,
            "fid": 2,
            "nid": 1370,
            "magpsf": 19.808300018310547,
            "sigmapsf": 0.3253819942474365,
            "magnr": 22.642000198364258,
            "sigmagnr": 0.2529999911785126,
            "magzpsci": 26.1643009185791,
            "isdiffpos": "t",
            "ssdistnr": -999.0,
            "ssnamenr": "-999.0",
            "drb": null
        },
        {
            "candid": 1375212303115015012,
            "jd": 2459129.7123032,
            "ra": 281.7939585,
            "dec": 60.4967952,
            "fid": 2,
            "nid": 1375,
            "magpsf": 19.993600845336914,
            "sigmapsf": 0.2420320063829422,
            "magnr": 22.642000198364258,
            "sigmagnr": 0.2529999911785126,
            "magzpsci": 26.153600692749023,
            "isdiffpos": "t",
            "ssdistnr": -999.0,
            "ssnamenr": "-999.0",
            "drb": null
        },
        {
            "candid": 1381259513115015013,
            "jd": 2459135.7595139,
            "ra": 281.7939432,
            "dec": 60.4967637,
            "fid": 2,
            "nid": 1381,
            "magpsf": 20.04159927368164,
            "sigmapsf": 0.2088949978351593,
            "magnr": 22.642000198364258,
            "sigmagnr": 0.2529999911785126,
            "magzpsci": 26.18160057067871,
            "isdiffpos": "t",
            "ssdistnr": -999.0,
            "ssnamenr": "null",
            "drb": 0.9993559718132019
        },
        {
            "candid": 1391110023115015011,
            "jd": 2459145.6100231,
            "ra": 281.7941045,
            "dec": 60.4967887,
            "fid": 2,
            "nid": 1391,
            "magpsf": 20.117799758911133,
            "sigmapsf": 0.15909700095653534,
            "magnr": 22.642000198364258,
            "sigmagnr": 0.2529999911785126,
            "magzpsci": 26.27680015563965,
            "isdiffpos": "t",
            "ssdistnr": -999.0,
            "ssnamenr": "null",
            "drb": 0.9999780058860779
        },
        {
            "jd": 2458985.90596,
            "fid": 2,
            "diffmaglim": 20.85300064086914
        },
        {
            "jd": 2458985.93668,
            "fid": 1,
            "diffmaglim": 20.72100067138672
        },
        {
            "jd": 2458986.90256,
            "fid": 1,
            "diffmaglim": 20.91200065612793
        },
        {
            "jd": 2458986.97041,
            "fid": 2,
            "diffmaglim": 20.667999267578125
        },
        {
            "jd": 2458987.86479,
            "fid": 2,
            "diffmaglim": 20.947999954223633
        },
        {
            "jd": 2458987.93484,
            "fid": 1,
            "diffmaglim": 21.09000015258789
        },
        {
            "jd": 2458991.93381,
            "fid": 1,
            "diffmaglim": 20.92799949645996
        },
        {
            "jd": 2458991.95958,
            "fid": 2,
            "diffmaglim": 20.885000228881836
        },
        {
            "jd": 2458992.84644,
            "fid": 1,
            "diffmaglim": 20.750999450683594
        },
        {
            "jd": 2458992.9266,
            "fid": 2,
            "diffmaglim": 20.797000885009766
        },
        {
            "jd": 2458994.92352,
            "fid": 1,
            "diffmaglim": 20.85300064086914
        },
        {
            "jd": 2458995.84156,
            "fid": 1,
            "diffmaglim": 20.854999542236328
        },
        {
            "jd": 2458995.94094,
            "fid": 2,
            "diffmaglim": 20.90999984741211
        },
        {
            "jd": 2458996.80228,
            "fid": 2,
            "diffmaglim": 20.711000442504883
        },
        {
            "jd": 2458996.92867,
            "fid": 1,
            "diffmaglim": 20.856000900268555
        },
        {
            "jd": 2458997.91253,
            "fid": 1,
            "diffmaglim": 20.89299964904785
        },
        {
            "jd": 2458997.95487,
            "fid": 2,
            "diffmaglim": 20.704999923706055
        },
        {
            "jd": 2458998.82466,
            "fid": 2,
            "diffmaglim": 20.790000915527344
        },
        {
            "jd": 2458998.93619,
            "fid": 1,
            "diffmaglim": 20.993999481201172
        },
        {
            "jd": 2458999.84825,
            "fid": 2,
            "diffmaglim": 20.57900047302246
        },
        {
            "jd": 2458999.90714,
            "fid": 1,
            "diffmaglim": 20.649999618530273
        },
        {
            "jd": 2459000.92837,
            "fid": 1,
            "diffmaglim": 17.8700008392334
        },
        {
            "jd": 2459001.88091,
            "fid": 1,
            "diffmaglim": 20.47100067138672
        },
        {
            "jd": 2459001.93924,
            "fid": 2,
            "diffmaglim": 20.74799919128418
        },
        {
            "jd": 2459002.93464,
            "fid": 1,
            "diffmaglim": 20.090999603271484
        },
        {
            "jd": 2459003.73875,
            "fid": 2,
            "diffmaglim": 16.22599983215332
        },
        {
            "jd": 2459004.80211,
            "fid": 2,
            "diffmaglim": 19.961999893188477
        },
        {
            "jd": 2459004.98191,
            "fid": 1,
            "diffmaglim": 19.667999267578125
        },
        {
            "jd": 2459005.71671,
            "fid": 1,
            "diffmaglim": 19.202999114990234
        },
        {
            "jd": 2459005.80002,
            "fid": 2,
            "diffmaglim": 17.915000915527344
        },
        {
            "jd": 2459005.83304,
            "fid": 2,
            "diffmaglim": 17.10700035095215
        },
        {
            "jd": 2459008.8539,
            "fid": 2,
            "diffmaglim": 20.040000915527344
        },
        {
            "jd": 2459009.7876,
            "fid": 1,
            "diffmaglim": 19.827999114990234
        },
        {
            "jd": 2459009.86981,
            "fid": 2,
            "diffmaglim": 20.11199951171875
        },
        {
            "jd": 2459011.81145,
            "fid": 1,
            "diffmaglim": 20.5939998626709
        },
        {
            "jd": 2459011.83152,
            "fid": 2,
            "diffmaglim": 20.47100067138672
        },
        {
            "jd": 2459012.78535,
            "fid": 2,
            "diffmaglim": 20.85099983215332
        },
        {
            "jd": 2459012.81608,
            "fid": 1,
            "diffmaglim": 20.920000076293945
        },
        {
            "jd": 2459013.9585,
            "fid": 2,
            "diffmaglim": 20.388999938964844
        },
        {
            "jd": 2459015.83891,
            "fid": 2,
            "diffmaglim": 20.805999755859375
        },
        {
            "jd": 2459016.76201,
            "fid": 2,
            "diffmaglim": 19.670000076293945
        },
        {
            "jd": 2459023.85178,
            "fid": 1,
            "diffmaglim": 20.884000778198242
        },
        {
            "jd": 2459026.78035,
            "fid": 2,
            "diffmaglim": 18.87299919128418
        },
        {
            "jd": 2459033.73755,
            "fid": 1,
            "diffmaglim": 19.792999267578125
        },
        {
            "jd": 2459034.73863,
            "fid": 1,
            "diffmaglim": 19.66699981689453
        },
        {
            "jd": 2459034.85229,
            "fid": 2,
            "diffmaglim": 20.100000381469727
        },
        {
            "jd": 2459034.86509,
            "fid": 2,
            "diffmaglim": 20.058000564575195
        },
        {
            "jd": 2459035.84789,
            "fid": 2,
            "diffmaglim": 20.04599952697754
        },
        {
            "jd": 2459038.76564,
            "fid": 1,
            "diffmaglim": 20.283000946044922
        },
        {
            "jd": 2459041.72189,
            "fid": 1,
            "diffmaglim": 20.732999801635742
        },
        {
            "jd": 2459044.88824,
            "fid": 2,
            "diffmaglim": 20.66699981689453
        },
        {
            "jd": 2459050.88819,
            "fid": 1,
            "diffmaglim": 20.79400062561035
        },
        {
            "jd": 2459056.90939,
            "fid": 1,
            "diffmaglim": 20.649999618530273
        },
        {
            "jd": 2459064.83132,
            "fid": 2,
            "diffmaglim": 19.547000885009766
        },
        {
            "jd": 2459065.74359,
            "fid": 1,
            "diffmaglim": 19.41900062561035
        },
        {
            "jd": 2459068.71818,
            "fid": 1,
            "diffmaglim": 20.55699920654297
        },
        {
            "jd": 2459085.76913,
            "fid": 1,
            "diffmaglim": 20.799999237060547
        },
        {
            "jd": 2459089.83578,
            "fid": 1,
            "diffmaglim": 19.84000015258789
        },
        {
            "jd": 2459091.75745,
            "fid": 1,
            "diffmaglim": 19.850000381469727
        },
        {
            "jd": 2459092.78449,
            "fid": 1,
            "diffmaglim": 19.604000091552734
        },
        {
            "jd": 2459094.69346,
            "fid": 1,
            "diffmaglim": 19.354999542236328
        },
        {
            "jd": 2459097.76171,
            "fid": 2,
            "diffmaglim": 19.875999450683594
        },
        {
            "jd": 2459108.78049,
            "fid": 1,
            "diffmaglim": 19.95199966430664
        },
        {
            "jd": 2459111.64091,
            "fid": 1,
            "diffmaglim": 20.540000915527344
        },
        {
            "jd": 2459117.6386,
            "fid": 2,
            "diffmaglim": 20.402999877929688
        },
        {
            "jd": 2459117.73267,
            "fid": 1,
            "diffmaglim": 20.243999481201172
        },
        {
            "jd": 2459119.76524,
            "fid": 1,
            "diffmaglim": 19.929000854492188
        },
        {
            "jd": 2459122.82398,
            "fid": 1,
            "diffmaglim": 18.983999252319336
        },
        {
            "jd": 2459123.62116,
            "fid": 1,
            "diffmaglim": 19.628000259399414
        },
        {
            "jd": 2459123.76578,
            "fid": 2,
            "diffmaglim": 19.326000213623047
        },
        {
            "jd": 2459125.67799,
            "fid": 1,
            "diffmaglim": 19.792999267578125
        },
        {
            "jd": 2459125.76344,
            "fid": 2,
            "diffmaglim": 19.760000228881836
        },
        {
            "jd": 2459127.76417,
            "fid": 2,
            "diffmaglim": 18.80500030517578
        },
        {
            "jd": 2459129.80487,
            "fid": 1,
            "diffmaglim": 19.599000930786133
        },
        {
            "jd": 2459131.68236,
            "fid": 1,
            "diffmaglim": 20.68600082397461
        },
        {
            "jd": 2459135.74434,
            "fid": 1,
            "diffmaglim": 20.42300033569336
        },
        {
            "jd": 2459137.70122,
            "fid": 2,
            "diffmaglim": 20.42300033569336
        },
        {
            "jd": 2459137.71687,
            "fid": 1,
            "diffmaglim": 20.356000900268555
        },
        {
            "jd": 2459139.70318,
            "fid": 1,
            "diffmaglim": 20.516000747680664
        },
        {
            "jd": 2459139.73853,
            "fid": 2,
            "diffmaglim": 20.281999588012695
        },
        {
            "jd": 2459141.63171,
            "fid": 2,
            "diffmaglim": 20.04800033569336
        },
        {
            "jd": 2459141.72292,
            "fid": 1,
            "diffmaglim": 20.406999588012695
        },
        {
            "jd": 2459143.6208,
            "fid": 2,
            "diffmaglim": 20.89299964904785
        },
        {
            "jd": 2459143.67794,
            "fid": 1,
            "diffmaglim": 20.617000579833984
        }
    ],
    "forcedphot": []
}