{
    "objectId": "ZTF24aahestt",
    "candidates": [
        {
            "candid": 2635461702215015000,
            "jd": 2460389.9617014,
            "ra": 236.8370589,
            "dec": 10.7826494,
            "fid": 1,
            "nid": 2635,
            "magpsf": 19.656400680541992,
            "sigmapsf": 0.14990200102329254,
            "magnr": 18.197999954223633,
            "sigmagnr": 0.10599999874830246,
            "magzpsci": 26.343399047851562,
            "isdiffpos": "t",
            "ssdistnr": null,
            "ssnamenr": null,
            "drb": 0.999997615814209
        },
        {
            "candid": 2637386062215015000,
            "jd": 2460391.8860648,
            "ra": 236.8370056,
            "dec": 10.7825429,
            "fid": 1,
            "nid": 2637,
            "magpsf": 19.494800567626953,
            "sigmapsf": 0.20865799486637115,
            "magnr": 18.197999954223633,
            "sigmagnr": 0.10599999874830246,
            "magzpsci": 26.313800811767578,
            "isdiffpos": "t",
            "ssdistnr": null,
            "ssnamenr": null,
            "drb": null
        },
        {
            "candid": 2637440752215015000,
            "jd": 2460391.9407523,
            "ra": 236.8370418,
            "dec": 10.782589,
            "fid": 2,
            "nid": 2637,
            "magpsf": 19.385700225830078,
            "sigmapsf": 0.1547359973192215,
            "magnr": 18.791000366210938,
            "sigmagnr": 0.1469999998807907,
            "magzpsci": 26.314699172973633,
            "isdiffpos": "t",
            "ssdistnr": null,
            "ssnamenr": null,
            "drb": null
        },
        {
            "candid": 2642458422215015001,
            "jd": 2460396.9584259,
            "ra": 236.8370544,
            "dec": 10.7826992,
            "fid": 2,
            "nid": 2642,
            "magpsf": 19.59600067138672,
            "sigmapsf": 0.21273599565029144,
            "magnr": 18.791000366210938,
            "sigmagnr": 0.1469999998807907,
            "magzpsci": 26.36400032043457,
            "isdiffpos": "t",
            "ssdistnr": null,
            "ssnamenr": null,
            "drb": null
        },
        {
            "candid": 2644428412215015001,
            "jd": 2460398.9284144,
            "ra": 236.8370541,
            "dec": 10.7825183,
            "fid": 2,
            "nid": 2644,
            "magpsf": 19.36389923095703,
            "sigmapsf": 0.19080300629138947,
            "magnr": 18.791000366210938,
            "sigmagnr": 0.1469999998807907,
            "magzpsci": 26.36989974975586,
            "isdiffpos": "t",
            "ssdistnr": null,
            "ssnamenr": null,
            "drb": null
        },
        {
            "candid": 2650399242215015001,
            "jd": 2460404.8992477,
            "ra": 236.8370724,
            "dec": 10.7826244,
            "fid": 1,
            "nid": 2650,
            "magpsf": 19.94409942626953,
            "sigmapsf": 0.1984969973564148,
            "magnr": 18.197999954223633,
            "sigmagnr": 0.10599999874830246,
            "magzpsci": 26.33209991455078,
            "isdiffpos": "t",
            "ssdistnr": null,
            "ssnamenr": null,
            "drb": null
        },
        {
            "candid": 2654407222215015000,
            "jd": 2460408.9072222,
            "ra": 236.837077,
            "dec": 10.7826181,
            "fid": 2,
            "nid": 2654,
            "magpsf": 19.511999130249023,
            "sigmapsf": 0.11870399862527847,
            "magnr": 18.791000366210938,
            "sigmagnr": 0.1469999998807907,
            "magzpsci": 26.347000122070312,
            "isdiffpos": "t",
            "ssdistnr": null,
            "ssnamenr": null,
            "drb": null
        },
        {
            "candid": 2654464992215015001,
            "jd": 2460408.965,
            "ra": 236.8371426,
            "dec": 10.7825693,
            "fid": 1,
            "nid": 2654,
            "magpsf": 20.161300659179688,
            "sigmapsf": 0.1517370045185089,
            "magnr": 18.197999954223633,
            "sigmagnr": 0.10599999874830246,
            "magzpsci": 26.31329917907715,
            "isdiffpos": "t",
            "ssdistnr": null,
            "ssnamenr": null,
            "drb": null
        },
        {
            "candid": 2667362742215015000,
            "jd": 2460421.8627431,
            "ra": 236.8370338,
            "dec": 10.7826748,
            "fid": 1,
            "nid": 2667,
            "magpsf": 20.160999298095703,
            "sigmapsf": 0.30196499824523926,
            "magnr": 18.197999954223633,
            "sigmagnr": 0.10599999874830246,
            "magzpsci": 26.34000015258789,
            "isdiffpos": "t",
            "ssdistnr": null,
            "ssnamenr": null,
            "drb": null
        },
        {
            "candid": 2667412742215015000,
            "jd": 2460421.9127431,
            "ra": 236.8370843,
            "dec": 10.782636,
            "fid": 2,
            "nid": 2667,
            "magpsf": 19.369600296020508,
            "sigmapsf": 0.11833599954843521,
            "magnr": 18.791000366210938,
            "sigmagnr": 0.1469999998807907,
            "magzpsci": 26.340599060058594,
            "isdiffpos": "t",
            "ssdistnr": null,
            "ssnamenr": null,
            "drb": null
        },
        {
            "candid": 2669399122215015000,
            "jd": 2460423.8991204,
            "ra": 236.8370803,
            "dec": 10.782578,
            "fid": 2,
            "nid": 2669,
            "magpsf": 19.472900390625,
            "sigmapsf": 0.17623600363731384,
            "magnr": 18.791000366210938,
            "sigmagnr": 0.1469999998807907,
            "magzpsci": 26.385900497436523,
            "isdiffpos": "t",
            "ssdistnr": null,
            "ssnamenr": null,
            "drb": null
        },
        {
            "candid": 2675356332215015000,
            "jd": 2460429.856331,
            "ra": 236.8370504,
            "dec": 10.7826197,
            "fid": 2,
            "nid": 2675,
            "magpsf": 19.430200576782227,
            "sigmapsf": 0.13322900235652924,
            "magnr": 18.791000366210938,
            "sigmagnr": 0.1469999998807907,
            "magzpsci": 26.381200790405273,
            "isdiffpos": "t",
            "ssdistnr": null,
            "ssnamenr": null,
            "drb": null
        },
        {
            "candid": 2677372892215015001,
            "jd": 2460431.8728935,
            "ra": 236.8371379,
            "dec": 10.7826253,
            "fid": 1,
            "nid": 2677,
            "magpsf": 20.249000549316406,
            "sigmapsf": 0.2539460062980652,
            "magnr": 18.197999954223633,
            "sigmagnr": 0.10599999874830246,
            "magzpsci": 25.57200050354004,
            "isdiffpos": "t",
            "ssdistnr": null,
            "ssnamenr": null,
            "drb": null
        },
        {
            "candid": 2682392152215015000,
            "jd": 2460436.8921528,
            "ra": 236.8370467,
            "dec": 10.7826565,
            "fid": 3,
            "nid": 2682,
            "magpsf": 19.241899490356445,
            "sigmapsf": 0.16405799984931946,
            "magnr": 17.336000442504883,
            "sigmagnr": 0.11500000208616257,
            "magzpsci": 25.8169002532959,
            "isdiffpos": "t",
            "ssdistnr": null,
            "ssnamenr": null,
            "drb": null
        },
        {
            "candid": 2683338572215015000,
            "jd": 2460437.8385764,
            "ra": 236.8371226,
            "dec": 10.7826433,
            "fid": 3,
            "nid": 2683,
            "magpsf": 19.4335994720459,
            "sigmapsf": 0.15540699660778046,
            "magnr": 17.336000442504883,
            "sigmagnr": 0.11500000208616257,
            "magzpsci": 25.816600799560547,
            "isdiffpos": "t",
            "ssdistnr": null,
            "ssnamenr": null,
            "drb": null
        },
        {
            "candid": 2683382342215015000,
            "jd": 2460437.8823495,
            "ra": 236.8370748,
            "dec": 10.7826258,
            "fid": 2,
            "nid": 2683,
            "magpsf": 19.61910057067871,
            "sigmapsf": 0.1509069949388504,
            "magnr": 18.791000366210938,
            "sigmagnr": 0.1469999998807907,
            "magzpsci": 26.34709930419922,
            "isdiffpos": "t",
            "ssdistnr": null,
            "ssnamenr": null,
            "drb": null
        },
        {
            "candid": 2684336892215015000,
            "jd": 2460438.8368981,
            "ra": 236.8370632,
            "dec": 10.7825672,
            "fid": 3,
            "nid": 2684,
            "magpsf": 19.380599975585938,
            "sigmapsf": 0.16787900030612946,
            "magnr": 17.336000442504883,
            "sigmagnr": 0.11500000208616257,
            "magzpsci": 25.811599731445312,
            "isdiffpos": "t",
            "ssdistnr": null,
            "ssnamenr": null,
            "drb": null
        },
        {
            "candid": 2688351552215015001,
            "jd": 2460442.8515509,
            "ra": 236.837032,
            "dec": 10.7826093,
            "fid": 1,
            "nid": 2688,
            "magpsf": 20.840599060058594,
            "sigmapsf": 0.26595601439476013,
            "magnr": 18.197999954223633,
            "sigmagnr": 0.10599999874830246,
            "magzpsci": 26.3346004486084,
            "isdiffpos": "t",
            "ssdistnr": null,
            "ssnamenr": null,
            "drb": null
        },
        {
            "candid": 2688403782215015000,
            "jd": 2460442.9037847,
            "ra": 236.8370761,
            "dec": 10.7826124,
            "fid": 2,
            "nid": 2688,
            "magpsf": 19.495399475097656,
            "sigmapsf": 0.09567900002002716,
            "magnr": 18.791000366210938,
            "sigmagnr": 0.1469999998807907,
            "magzpsci": 26.35140037536621,
            "isdiffpos": "t",
            "ssdistnr": null,
            "ssnamenr": null,
            "drb": null
        },
        {
            "candid": 2692322932215015000,
            "jd": 2460446.8229398,
            "ra": 236.837032,
            "dec": 10.782647,
            "fid": 2,
            "nid": 2692,
            "magpsf": 19.507400512695312,
            "sigmapsf": 0.11511500179767609,
            "magnr": 18.791000366210938,
            "sigmagnr": 0.1469999998807907,
            "magzpsci": 26.332399368286133,
            "isdiffpos": "t",
            "ssdistnr": null,
            "ssnamenr": null,
            "drb": null
        },
        {
            "candid": 2692371152215015005,
            "jd": 2460446.8711574,
            "ra": 236.8369425,
            "dec": 10.7825909,
            "fid": 1,
            "nid": 2692,
            "magpsf": 20.47209930419922,
            "sigmapsf": 0.2311830073595047,
            "magnr": 18.197999954223633,
            "sigmagnr": 0.10599999874830246,
            "magzpsci": 26.320100784301758,
            "isdiffpos": "t",
            "ssdistnr": null,
            "ssnamenr": null,
            "drb": null
        },
        {
            "candid": 2694276662215015000,
            "jd": 2460448.7766667,
            "ra": 236.837035,
            "dec": 10.7826263,
            "fid": 2,
            "nid": 2694,
            "magpsf": 19.332799911499023,
            "sigmapsf": 0.1463409960269928,
            "magnr": 18.791000366210938,
            "sigmagnr": 0.1469999998807907,
            "magzpsci": 26.12980079650879,
            "isdiffpos": "t",
            "ssdistnr": null,
            "ssnamenr": null,
            "drb": null
        },
        {
            "candid": 2694371512215015000,
            "jd": 2460448.8715162,
            "ra": 236.8370497,
            "dec": 10.7825443,
            "fid": 1,
            "nid": 2694,
            "magpsf": 20.465599060058594,
            "sigmapsf": 0.28047698736190796,
            "magnr": 18.197999954223633,
            "sigmagnr": 0.10599999874830246,
            "magzpsci": 26.344600677490234,
            "isdiffpos": "t",
            "ssdistnr": null,
            "ssnamenr": null,
            "drb": null
        },
        {
            "candid": 2704350132215015000,
            "jd": 2460458.8501389,
            "ra": 236.8370798,
            "dec": 10.7826373,
            "fid": 2,
            "nid": 2704,
            "magpsf": 19.606599807739258,
            "sigmapsf": 0.1660510003566742,
            "magnr": 18.791000366210938,
            "sigmagnr": 0.1469999998807907,
            "magzpsci": 26.3705997467041,
            "isdiffpos": "t",
            "ssdistnr": null,
            "ssnamenr": null,
            "drb": null
        },
        {
            "candid": 2706290772215015000,
            "jd": 2460460.7907755,
            "ra": 236.8370901,
            "dec": 10.7825977,
            "fid": 2,
            "nid": 2706,
            "magpsf": 19.577768325805664,
            "sigmapsf": 0.12004999816417694,
            "magnr": 18.791000366210938,
            "sigmagnr": 0.1469999998807907,
            "magzpsci": 26.341768264770508,
            "isdiffpos": "t",
            "ssdistnr": -999.0,
            "ssnamenr": "null",
            "drb": null
        },
        {
            "candid": 2706290772215025000,
            "jd": 2460460.7907755,
            "ra": 236.8370901,
            "dec": 10.7825977,
            "fid": 2,
            "nid": 2706,
            "magpsf": 19.577800750732422,
            "sigmapsf": 0.12004999816417694,
            "magnr": 18.791000366210938,
            "sigmagnr": 0.1469999998807907,
            "magzpsci": 26.341800689697266,
            "isdiffpos": "t",
            "ssdistnr": null,
            "ssnamenr": null,
            "drb": null
        },
        {
            "candid": 2706294682215025000,
            "jd": 2460460.7946875,
            "ra": 236.8369624,
            "dec": 10.7826695,
            "fid": 1,
            "nid": 2706,
            "magpsf": 20.800399780273438,
            "sigmapsf": 0.24149300158023834,
            "magnr": 18.197999954223633,
            "sigmagnr": 0.10599999874830246,
            "magzpsci": 26.33639907836914,
            "isdiffpos": "t",
            "ssdistnr": null,
            "ssnamenr": null,
            "drb": null
        },
        {
            "candid": 2710331132215015000,
            "jd": 2460464.8311343,
            "ra": 236.8370969,
            "dec": 10.7826324,
            "fid": 2,
            "nid": 2710,
            "magpsf": 19.70829963684082,
            "sigmapsf": 0.1467600017786026,
            "magnr": 18.791000366210938,
            "sigmagnr": 0.1469999998807907,
            "magzpsci": 26.323299407958984,
            "isdiffpos": "t",
            "ssdistnr": null,
            "ssnamenr": null,
            "drb": null
        },
        {
            "candid": 2721269862215015000,
            "jd": 2460475.7698611,
            "ra": 236.8370847,
            "dec": 10.7826075,
            "fid": 2,
            "nid": 2721,
            "magpsf": 19.72687530517578,
            "sigmapsf": 0.16636797785758972,
            "magnr": 18.791000366210938,
            "sigmagnr": 0.1469999998807907,
            "magzpsci": 26.371875762939453,
            "isdiffpos": "t",
            "ssdistnr": -999.0,
            "ssnamenr": "null",
            "drb": null
        },
        {
            "jd": 2460363.9626736,
            "fid": 2,
            "diffmaglim": 17.491300582885742
        },
        {
            "jd": 2460364.0384259,
            "fid": 1,
            "diffmaglim": 17.86750030517578
        },
        {
            "jd": 2460368.964919,
            "fid": 1,
            "diffmaglim": 19.47279930114746
        },
        {
            "jd": 2460369.0184375,
            "fid": 2,
            "diffmaglim": 19.83060073852539
        },
        {
            "jd": 2460383.9328935,
            "fid": 2,
            "diffmaglim": 19.74340057373047
        },
        {
            "jd": 2460389.9984954,
            "fid": 2,
            "diffmaglim": 20.462499618530273
        },
        {
            "jd": 2460396.9020833,
            "fid": 1,
            "diffmaglim": 19.19809913635254
        },
        {
            "jd": 2460398.8464815,
            "fid": 1,
            "diffmaglim": 19.39229965209961
        },
        {
            "jd": 2460404.9661458,
            "fid": 2,
            "diffmaglim": 20.7007999420166
        },
        {
            "jd": 2460416.837662,
            "fid": 1,
            "diffmaglim": 18.52199935913086
        },
        {
            "jd": 2460416.9525,
            "fid": 2,
            "diffmaglim": 20.243900299072266
        },
        {
            "jd": 2460418.8874653,
            "fid": 2,
            "diffmaglim": 18.807199478149414
        },
        {
            "jd": 2460423.8399769,
            "fid": 1,
            "diffmaglim": 19.328100204467773
        },
        {
            "jd": 2460429.8112269,
            "fid": 1,
            "diffmaglim": 20.67889976501465
        },
        {
            "jd": 2460434.8525,
            "fid": 2,
            "diffmaglim": 20.833499908447266
        },
        {
            "jd": 2460434.9008565,
            "fid": 1,
            "diffmaglim": 20.618900299072266
        },
        {
            "jd": 2460436.902419,
            "fid": 1,
            "diffmaglim": 20.316699981689453
        },
        {
            "jd": 2460437.8000926,
            "fid": 1,
            "diffmaglim": 20.491600036621094
        },
        {
            "jd": 2460438.831088,
            "fid": 1,
            "diffmaglim": 20.532100677490234
        },
        {
            "jd": 2460438.8883796,
            "fid": 2,
            "diffmaglim": 20.62470054626465
        },
        {
            "jd": 2460440.8375579,
            "fid": 1,
            "diffmaglim": 20.558700561523438
        },
        {
            "jd": 2460440.8833333,
            "fid": 2,
            "diffmaglim": 20.52869987487793
        },
        {
            "jd": 2460444.8017593,
            "fid": 2,
            "diffmaglim": 20.61639976501465
        },
        {
            "jd": 2460444.8940509,
            "fid": 1,
            "diffmaglim": 20.778499603271484
        },
        {
            "jd": 2460450.8388657,
            "fid": 1,
            "diffmaglim": 19.430599212646484
        },
        {
            "jd": 2460450.8600579,
            "fid": 2,
            "diffmaglim": 19.534500122070312
        },
        {
            "jd": 2460452.7946644,
            "fid": 1,
            "diffmaglim": 19.009899139404297
        },
        {
            "jd": 2460452.8573495,
            "fid": 2,
            "diffmaglim": 18.702600479125977
        },
        {
            "jd": 2460456.8278241,
            "fid": 2,
            "diffmaglim": 19.904800415039062
        },
        {
            "jd": 2460458.7704745,
            "fid": 1,
            "diffmaglim": 20.659400939941406
        },
        {
            "jd": 2460462.8104398,
            "fid": 1,
            "diffmaglim": 20.984800338745117
        },
        {
            "jd": 2460462.8618171,
            "fid": 2,
            "diffmaglim": 20.735200881958008
        },
        {
            "jd": 2460464.7745486,
            "fid": 1,
            "diffmaglim": 20.48270034790039
        },
        {
            "jd": 2460469.8541319,
            "fid": 1,
            "diffmaglim": 20.62929916381836
        },
        {
            "jd": 2460469.9120023,
            "fid": 2,
            "diffmaglim": 20.37619972229004
        },
        {
            "jd": 2460471.7484144,
            "fid": 1,
            "diffmaglim": 20.721599578857422
        },
        {
            "jd": 2460473.7512963,
            "fid": 2,
            "diffmaglim": 20.433399200439453
        },
        {
            "jd": 2460473.8165856,
            "fid": 1,
            "diffmaglim": 20.86479949951172
        }
    ],
    "forcedphot": [
        {
            "objectid": "ZTF24aahestt",
            "jd": 2460368.964919,
            "ranr": 236.8383191,
            "decnr": 10.7839071,
            "fid": 1,
            "forcediffimflux": -11.68619155883789,
            "forcediffimfluxunc": 68.59767150878906,
            "magzpsci": 26.31209945678711
        },
        {
            "objectid": "ZTF24aahestt",
            "jd": 2460369.0184375,
            "ranr": 236.8367718,
            "decnr": 10.7834102,
            "fid": 2,
            "forcediffimflux": -70.55437469482422,
            "forcediffimfluxunc": 54.660030364990234,
            "magzpsci": 26.34269905090332
        },
        {
            "objectid": "ZTF24aahestt",
            "jd": 2460383.9328935,
            "ranr": 236.8367718,
            "decnr": 10.7834102,
            "fid": 2,
            "forcediffimflux": 261.30596923828125,
            "forcediffimfluxunc": 48.96748733520508,
            "magzpsci": 26.219999313354492
        },
        {
            "objectid": "ZTF24aahestt",
            "jd": 2460389.9617014,
            "ranr": 236.8383191,
            "decnr": 10.7839071,
            "fid": 1,
            "forcediffimflux": 456.151123046875,
            "forcediffimfluxunc": 37.77033615112305,
            "magzpsci": 26.343399047851562
        },
        {
            "objectid": "ZTF24aahestt",
            "jd": 2460389.9984954,
            "ranr": 236.8367718,
            "decnr": 10.7834102,
            "fid": 2,
            "forcediffimflux": 530.9348754882812,
            "forcediffimfluxunc": 37.36151885986328,
            "magzpsci": 26.36910057067871
        },
        {
            "objectid": "ZTF24aahestt",
            "jd": 2460391.8860648,
            "ranr": 236.8383191,
            "decnr": 10.7839071,
            "fid": 1,
            "forcediffimflux": 499.8784484863281,
            "forcediffimfluxunc": 62.74309539794922,
            "magzpsci": 26.313800811767578
        },
        {
            "objectid": "ZTF24aahestt",
            "jd": 2460391.9407523,
            "ranr": 236.8367718,
            "decnr": 10.7834102,
            "fid": 2,
            "forcediffimflux": 629.8886108398438,
            "forcediffimfluxunc": 52.476287841796875,
            "magzpsci": 26.314699172973633
        },
        {
            "objectid": "ZTF24aahestt",
            "jd": 2460396.9020833,
            "ranr": 236.8383191,
            "decnr": 10.7839071,
            "fid": 1,
            "forcediffimflux": 385.1865539550781,
            "forcediffimfluxunc": 90.7503890991211,
            "magzpsci": 26.348800659179688
        },
        {
            "objectid": "ZTF24aahestt",
            "jd": 2460396.9584259,
            "ranr": 236.8367718,
            "decnr": 10.7834102,
            "fid": 2,
            "forcediffimflux": 461.280517578125,
            "forcediffimfluxunc": 78.51754760742188,
            "magzpsci": 26.36400032043457
        },
        {
            "objectid": "ZTF24aahestt",
            "jd": 2460398.8464815,
            "ranr": 236.8383191,
            "decnr": 10.7839071,
            "fid": 1,
            "forcediffimflux": 286.5404357910156,
            "forcediffimfluxunc": 69.54308319091797,
            "magzpsci": 26.30820083618164
        },
        {
            "objectid": "ZTF24aahestt",
            "jd": 2460398.9284144,
            "ranr": 236.8367718,
            "decnr": 10.7834102,
            "fid": 2,
            "forcediffimflux": 638.828857421875,
            "forcediffimfluxunc": 63.68967056274414,
            "magzpsci": 26.36989974975586
        },
        {
            "objectid": "ZTF24aahestt",
            "jd": 2460404.8992477,
            "ranr": 236.8383191,
            "decnr": 10.7839071,
            "fid": 1,
            "forcediffimflux": 337.9097900390625,
            "forcediffimfluxunc": 36.726802825927734,
            "magzpsci": 26.33209991455078
        },
        {
            "objectid": "ZTF24aahestt",
            "jd": 2460404.9661458,
            "ranr": 236.8367718,
            "decnr": 10.7834102,
            "fid": 2,
            "forcediffimflux": 564.2818603515625,
            "forcediffimfluxunc": 33.174713134765625,
            "magzpsci": 26.37579917907715
        },
        {
            "objectid": "ZTF24aahestt",
            "jd": 2460408.9072222,
            "ranr": 236.8367718,
            "decnr": 10.7834102,
            "fid": 2,
            "forcediffimflux": 587.5997924804688,
            "forcediffimfluxunc": 32.07515335083008,
            "magzpsci": 26.347000122070312
        },
        {
            "objectid": "ZTF24aahestt",
            "jd": 2460408.965,
            "ranr": 236.8383191,
            "decnr": 10.7839071,
            "fid": 1,
            "forcediffimflux": 283.16552734375,
            "forcediffimfluxunc": 27.233015060424805,
            "magzpsci": 26.31329917907715
        },
        {
            "objectid": "ZTF24aahestt",
            "jd": 2460416.9525,
            "ranr": 236.8367718,
            "decnr": 10.7834102,
            "fid": 2,
            "forcediffimflux": 539.2002563476562,
            "forcediffimfluxunc": 40.875892639160156,
            "magzpsci": 26.322399139404297
        },
        {
            "objectid": "ZTF24aahestt",
            "jd": 2460421.8627431,
            "ranr": 236.8383191,
            "decnr": 10.7839071,
            "fid": 1,
            "forcediffimflux": 291.44873046875,
            "forcediffimfluxunc": 62.39989471435547,
            "magzpsci": 26.34000015258789
        },
        {
            "objectid": "ZTF24aahestt",
            "jd": 2460421.9127431,
            "ranr": 236.8367718,
            "decnr": 10.7834102,
            "fid": 2,
            "forcediffimflux": 676.6664428710938,
            "forcediffimfluxunc": 52.6762809753418,
            "magzpsci": 26.340599060058594
        },
        {
            "objectid": "ZTF24aahestt",
            "jd": 2460423.8399769,
            "ranr": 236.8383191,
            "decnr": 10.7839071,
            "fid": 1,
            "forcediffimflux": 424.9873046875,
            "forcediffimfluxunc": 84.95384216308594,
            "magzpsci": 26.353500366210938
        },
        {
            "objectid": "ZTF24aahestt",
            "jd": 2460423.8991204,
            "ranr": 236.8367718,
            "decnr": 10.7834102,
            "fid": 2,
            "forcediffimflux": 667.687255859375,
            "forcediffimfluxunc": 62.07719802856445,
            "magzpsci": 26.385900497436523
        },
        {
            "objectid": "ZTF24aahestt",
            "jd": 2460429.8112269,
            "ranr": 236.8383191,
            "decnr": 10.7839071,
            "fid": 1,
            "forcediffimflux": 262.85211181640625,
            "forcediffimfluxunc": 28.189617156982422,
            "magzpsci": 26.32469940185547
        },
        {
            "objectid": "ZTF24aahestt",
            "jd": 2460429.856331,
            "ranr": 236.8367718,
            "decnr": 10.7834102,
            "fid": 2,
            "forcediffimflux": 660.1676025390625,
            "forcediffimfluxunc": 36.64299774169922,
            "magzpsci": 26.381200790405273
        },
        {
            "objectid": "ZTF24aahestt",
            "jd": 2460434.8525,
            "ranr": 236.8367718,
            "decnr": 10.7834102,
            "fid": 2,
            "forcediffimflux": 538.1526489257812,
            "forcediffimfluxunc": 28.88935089111328,
            "magzpsci": 26.343399047851562
        },
        {
            "objectid": "ZTF24aahestt",
            "jd": 2460434.9008565,
            "ranr": 236.8383191,
            "decnr": 10.7839071,
            "fid": 1,
            "forcediffimflux": 167.6698455810547,
            "forcediffimfluxunc": 28.092105865478516,
            "magzpsci": 26.29800033569336
        },
        {
            "objectid": "ZTF24aahestt",
            "jd": 2460436.8921528,
            "ranr": 236.8382443,
            "decnr": 10.7838988,
            "fid": 3,
            "forcediffimflux": 411.86431884765625,
            "forcediffimfluxunc": 44.56313705444336,
            "magzpsci": 25.8169002532959
        },
        {
            "objectid": "ZTF24aahestt",
            "jd": 2460436.902419,
            "ranr": 236.8383191,
            "decnr": 10.7839071,
            "fid": 1,
            "forcediffimflux": 145.259521484375,
            "forcediffimfluxunc": 35.05047607421875,
            "magzpsci": 26.357900619506836
        },
        {
            "objectid": "ZTF24aahestt",
            "jd": 2460437.8000926,
            "ranr": 236.8383191,
            "decnr": 10.7839071,
            "fid": 1,
            "forcediffimflux": 216.99996948242188,
            "forcediffimfluxunc": 31.505126953125,
            "magzpsci": 26.351499557495117
        },
        {
            "objectid": "ZTF24aahestt",
            "jd": 2460437.8385764,
            "ranr": 236.8382443,
            "decnr": 10.7838988,
            "fid": 3,
            "forcediffimflux": 390.376708984375,
            "forcediffimfluxunc": 30.995594024658203,
            "magzpsci": 25.816600799560547
        },
        {
            "objectid": "ZTF24aahestt",
            "jd": 2460437.8823495,
            "ranr": 236.8367718,
            "decnr": 10.7834102,
            "fid": 2,
            "forcediffimflux": 507.7757873535156,
            "forcediffimfluxunc": 37.03558349609375,
            "magzpsci": 26.34709930419922
        },
        {
            "objectid": "ZTF24aahestt",
            "jd": 2460438.831088,
            "ranr": 236.8383191,
            "decnr": 10.7839071,
            "fid": 1,
            "forcediffimflux": 212.54013061523438,
            "forcediffimfluxunc": 32.142608642578125,
            "magzpsci": 26.33370018005371
        },
        {
            "objectid": "ZTF24aahestt",
            "jd": 2460438.8368981,
            "ranr": 236.8382443,
            "decnr": 10.7838988,
            "fid": 3,
            "forcediffimflux": 369.17254638671875,
            "forcediffimfluxunc": 41.14966583251953,
            "magzpsci": 25.811599731445312
        },
        {
            "objectid": "ZTF24aahestt",
            "jd": 2460438.8883796,
            "ranr": 236.8367718,
            "decnr": 10.7834102,
            "fid": 2,
            "forcediffimflux": 529.775390625,
            "forcediffimfluxunc": 30.616283416748047,
            "magzpsci": 26.347000122070312
        },
        {
            "objectid": "ZTF24aahestt",
            "jd": 2460440.8375579,
            "ranr": 236.8383191,
            "decnr": 10.7839071,
            "fid": 1,
            "forcediffimflux": 217.40484619140625,
            "forcediffimfluxunc": 29.84198760986328,
            "magzpsci": 26.34079933166504
        },
        {
            "objectid": "ZTF24aahestt",
            "jd": 2460440.8833333,
            "ranr": 236.8367718,
            "decnr": 10.7834102,
            "fid": 2,
            "forcediffimflux": 574.1532592773438,
            "forcediffimfluxunc": 33.75981903076172,
            "magzpsci": 26.344600677490234
        },
        {
            "objectid": "ZTF24aahestt",
            "jd": 2460442.8515509,
            "ranr": 236.8383191,
            "decnr": 10.7839071,
            "fid": 1,
            "forcediffimflux": 154.1590118408203,
            "forcediffimfluxunc": 24.97336769104004,
            "magzpsci": 26.3346004486084
        },
        {
            "objectid": "ZTF24aahestt",
            "jd": 2460442.9037847,
            "ranr": 236.8367718,
            "decnr": 10.7834102,
            "fid": 2,
            "forcediffimflux": 588.191162109375,
            "forcediffimfluxunc": 30.037567138671875,
            "magzpsci": 26.35140037536621
        },
        {
            "objectid": "ZTF24aahestt",
            "jd": 2460444.8017593,
            "ranr": 236.8367718,
            "decnr": 10.7834102,
            "fid": 2,
            "forcediffimflux": 503.3577880859375,
            "forcediffimfluxunc": 31.556360244750977,
            "magzpsci": 26.361900329589844
        },
        {
            "objectid": "ZTF24aahestt",
            "jd": 2460444.8940509,
            "ranr": 236.8383191,
            "decnr": 10.7839071,
            "fid": 1,
            "forcediffimflux": 154.8189239501953,
            "forcediffimfluxunc": 25.26547622680664,
            "magzpsci": 26.342300415039062
        },
        {
            "objectid": "ZTF24aahestt",
            "jd": 2460446.8229398,
            "ranr": 236.8367718,
            "decnr": 10.7834102,
            "fid": 2,
            "forcediffimflux": 541.031494140625,
            "forcediffimfluxunc": 40.17336654663086,
            "magzpsci": 26.332399368286133
        },
        {
            "objectid": "ZTF24aahestt",
            "jd": 2460446.8711574,
            "ranr": 236.8383191,
            "decnr": 10.7839071,
            "fid": 1,
            "forcediffimflux": 180.23106384277344,
            "forcediffimfluxunc": 33.96607971191406,
            "magzpsci": 26.320100784301758
        },
        {
            "objectid": "ZTF24aahestt",
            "jd": 2460448.7766667,
            "ranr": 236.8367718,
            "decnr": 10.7834102,
            "fid": 2,
            "forcediffimflux": 522.9360961914062,
            "forcediffimfluxunc": 51.69150924682617,
            "magzpsci": 26.12980079650879
        },
        {
            "objectid": "ZTF24aahestt",
            "jd": 2460448.8715162,
            "ranr": 236.8383191,
            "decnr": 10.7839071,
            "fid": 1,
            "forcediffimflux": 210.5215606689453,
            "forcediffimfluxunc": 45.98557662963867,
            "magzpsci": 26.344600677490234
        },
        {
            "objectid": "ZTF24aahestt",
            "jd": 2460450.8388657,
            "ranr": 236.8383191,
            "decnr": 10.7839071,
            "fid": 1,
            "forcediffimflux": 152.2388458251953,
            "forcediffimfluxunc": 72.06840515136719,
            "magzpsci": 26.338199615478516
        },
        {
            "objectid": "ZTF24aahestt",
            "jd": 2460450.8600579,
            "ranr": 236.8367718,
            "decnr": 10.7834102,
            "fid": 2,
            "forcediffimflux": 472.3614501953125,
            "forcediffimfluxunc": 72.3310775756836,
            "magzpsci": 26.346399307250977
        },
        {
            "objectid": "ZTF24aahestt",
            "jd": 2460452.7946644,
            "ranr": 236.8383191,
            "decnr": 10.7839071,
            "fid": 1,
            "forcediffimflux": 200.9985809326172,
            "forcediffimfluxunc": 97.26457977294922,
            "magzpsci": 26.26289939880371
        },
        {
            "objectid": "ZTF24aahestt",
            "jd": 2460452.8573495,
            "ranr": 236.8367718,
            "decnr": 10.7834102,
            "fid": 2,
            "forcediffimflux": 391.4657897949219,
            "forcediffimfluxunc": 124.05070495605469,
            "magzpsci": 26.30699920654297
        },
        {
            "objectid": "ZTF24aahestt",
            "jd": 2460456.8278241,
            "ranr": 236.8367718,
            "decnr": 10.7834102,
            "fid": 2,
            "forcediffimflux": 542.0074462890625,
            "forcediffimfluxunc": 50.70961380004883,
            "magzpsci": 26.362199783325195
        },
        {
            "objectid": "ZTF24aahestt",
            "jd": 2460458.7704745,
            "ranr": 236.8383191,
            "decnr": 10.7839071,
            "fid": 1,
            "forcediffimflux": 130.36346435546875,
            "forcediffimfluxunc": 30.942707061767578,
            "magzpsci": 26.34830093383789
        },
        {
            "objectid": "ZTF24aahestt",
            "jd": 2460458.8501389,
            "ranr": 236.8367718,
            "decnr": 10.7834102,
            "fid": 2,
            "forcediffimflux": 551.9317626953125,
            "forcediffimfluxunc": 37.199153900146484,
            "magzpsci": 26.3705997467041
        },
        {
            "objectid": "ZTF24aahestt",
            "jd": 2460460.7907755,
            "ranr": 236.8367718,
            "decnr": 10.7834102,
            "fid": 2,
            "forcediffimflux": 520.174072265625,
            "forcediffimfluxunc": 32.892887115478516,
            "magzpsci": 26.341800689697266
        },
        {
            "objectid": "ZTF24aahestt",
            "jd": 2460460.7946875,
            "ranr": 236.8383191,
            "decnr": 10.7839071,
            "fid": 1,
            "forcediffimflux": 171.0711212158203,
            "forcediffimfluxunc": 28.437862396240234,
            "magzpsci": 26.33639907836914
        },
        {
            "objectid": "ZTF24aahestt",
            "jd": 2460462.8104398,
            "ranr": 236.8383191,
            "decnr": 10.7839071,
            "fid": 1,
            "forcediffimflux": 112.54852294921875,
            "forcediffimfluxunc": 21.70677375793457,
            "magzpsci": 26.344200134277344
        },
        {
            "objectid": "ZTF24aahestt",
            "jd": 2460462.8618171,
            "ranr": 236.8367718,
            "decnr": 10.7834102,
            "fid": 2,
            "forcediffimflux": 457.82366943359375,
            "forcediffimfluxunc": 27.95450782775879,
            "magzpsci": 26.344200134277344
        },
        {
            "objectid": "ZTF24aahestt",
            "jd": 2460464.7745486,
            "ranr": 236.8383191,
            "decnr": 10.7839071,
            "fid": 1,
            "forcediffimflux": 105.82701873779297,
            "forcediffimfluxunc": 24.709115982055664,
            "magzpsci": 26.140899658203125
        },
        {
            "objectid": "ZTF24aahestt",
            "jd": 2460464.8311343,
            "ranr": 236.8367718,
            "decnr": 10.7834102,
            "fid": 2,
            "forcediffimflux": 473.6421813964844,
            "forcediffimfluxunc": 27.68910026550293,
            "magzpsci": 26.323299407958984
        },
        {
            "objectid": "ZTF24aahestt",
            "jd": 2460469.8541319,
            "ranr": 236.8383191,
            "decnr": 10.7839071,
            "fid": 1,
            "forcediffimflux": 118.3802719116211,
            "forcediffimfluxunc": 26.436748504638672,
            "magzpsci": 26.279399871826172
        },
        {
            "objectid": "ZTF24aahestt",
            "jd": 2460469.9120023,
            "ranr": 236.8367718,
            "decnr": 10.7834102,
            "fid": 2,
            "forcediffimflux": 339.8909912109375,
            "forcediffimfluxunc": 34.040382385253906,
            "magzpsci": 26.231199264526367
        },
        {
            "objectid": "ZTF24aahestt",
            "jd": 2460471.7484144,
            "ranr": 236.8383191,
            "decnr": 10.7839071,
            "fid": 1,
            "forcediffimflux": 126.59485626220703,
            "forcediffimfluxunc": 27.32039451599121,
            "magzpsci": 26.35260009765625
        },
        {
            "objectid": "ZTF24aahestt",
            "jd": 2460473.7512963,
            "ranr": 236.8367718,
            "decnr": 10.7834102,
            "fid": 2,
            "forcediffimflux": 429.29931640625,
            "forcediffimfluxunc": 34.70664596557617,
            "magzpsci": 26.316299438476562
        },
        {
            "objectid": "ZTF24aahestt",
            "jd": 2460473.8165856,
            "ranr": 236.8383191,
            "decnr": 10.7839071,
            "fid": 1,
            "forcediffimflux": 100.1596450805664,
            "forcediffimfluxunc": 22.27443504333496,
            "magzpsci": 26.30940055847168
        }
    ]
}