{
    "objectId": "ZTF23abvnmam",
    "candidates": [
        {
            "candid": 2551228810015015035,
            "jd": 2460305.7288194,
            "ra": 41.0212581,
            "dec": 16.6691303,
            "fid": 1,
            "nid": 2551,
            "magpsf": 18.36750030517578,
            "sigmapsf": 0.1954669952392578,
            "magnr": 19.530000686645508,
            "sigmagnr": 0.04800000041723251,
            "magzpsci": 25.728500366210938,
            "isdiffpos": "t",
            "ssdistnr": null,
            "ssnamenr": null,
            "drb": 0.9951958060264587
        },
        {
            "candid": 2553129710015015002,
            "jd": 2460307.6297106,
            "ra": 41.0212545,
            "dec": 16.6691505,
            "fid": 1,
            "nid": 2553,
            "magpsf": 18.319900512695312,
            "sigmapsf": 0.07351399958133698,
            "magnr": 19.530000686645508,
            "sigmagnr": 0.04800000041723251,
            "magzpsci": 26.2908992767334,
            "isdiffpos": "t",
            "ssdistnr": null,
            "ssnamenr": null,
            "drb": null
        },
        {
            "candid": 2553176190015015004,
            "jd": 2460307.6761921,
            "ra": 41.0212593,
            "dec": 16.6691416,
            "fid": 2,
            "nid": 2553,
            "magpsf": 18.382200241088867,
            "sigmapsf": 0.05723100155591965,
            "magnr": 19.111000061035156,
            "sigmagnr": 0.07699999958276749,
            "magzpsci": 26.17919921875,
            "isdiffpos": "t",
            "ssdistnr": null,
            "ssnamenr": null,
            "drb": null
        },
        {
            "candid": 2560122290015015008,
            "jd": 2460314.6222917,
            "ra": 41.0212501,
            "dec": 16.6691431,
            "fid": 1,
            "nid": 2560,
            "magpsf": 19.305400848388672,
            "sigmapsf": 0.105103999376297,
            "magnr": 19.530000686645508,
            "sigmagnr": 0.04800000041723251,
            "magzpsci": 26.293399810791016,
            "isdiffpos": "t",
            "ssdistnr": null,
            "ssnamenr": null,
            "drb": null
        },
        {
            "candid": 2560175120015015011,
            "jd": 2460314.6751273,
            "ra": 41.0212027,
            "dec": 16.6691687,
            "fid": 2,
            "nid": 2560,
            "magpsf": 18.991100311279297,
            "sigmapsf": 0.07949099689722061,
            "magnr": 19.111000061035156,
            "sigmagnr": 0.07699999958276749,
            "magzpsci": 26.180099487304688,
            "isdiffpos": "t",
            "ssdistnr": null,
            "ssnamenr": null,
            "drb": null
        },
        {
            "candid": 2568239470015015005,
            "jd": 2460322.7394792,
            "ra": 41.021234,
            "dec": 16.6691003,
            "fid": 2,
            "nid": 2568,
            "magpsf": 18.718700408935547,
            "sigmapsf": 0.08744800090789795,
            "magnr": 19.111000061035156,
            "sigmagnr": 0.07699999958276749,
            "magzpsci": 26.139699935913086,
            "isdiffpos": "t",
            "ssdistnr": null,
            "ssnamenr": null,
            "drb": null
        },
        {
            "candid": 2568286110015015001,
            "jd": 2460322.7861111,
            "ra": 41.0213983,
            "dec": 16.6691069,
            "fid": 1,
            "nid": 2568,
            "magpsf": 19.069700241088867,
            "sigmapsf": 0.18720799684524536,
            "magnr": 19.530000686645508,
            "sigmagnr": 0.04800000041723251,
            "magzpsci": 26.17169952392578,
            "isdiffpos": "t",
            "ssdistnr": null,
            "ssnamenr": null,
            "drb": null
        },
        {
            "candid": 2570131670015015003,
            "jd": 2460324.6316782,
            "ra": 41.0212991,
            "dec": 16.6690707,
            "fid": 2,
            "nid": 2570,
            "magpsf": 18.627300262451172,
            "sigmapsf": 0.18185800313949585,
            "magnr": 19.111000061035156,
            "sigmagnr": 0.07699999958276749,
            "magzpsci": 24.965299606323242,
            "isdiffpos": "t",
            "ssdistnr": null,
            "ssnamenr": null,
            "drb": null
        },
        {
            "candid": 2572118460015015003,
            "jd": 2460326.6184606,
            "ra": 41.0212702,
            "dec": 16.6691463,
            "fid": 2,
            "nid": 2572,
            "magpsf": 18.5137996673584,
            "sigmapsf": 0.08008400350809097,
            "magnr": 19.111000061035156,
            "sigmagnr": 0.07699999958276749,
            "magzpsci": 26.080799102783203,
            "isdiffpos": "t",
            "ssdistnr": null,
            "ssnamenr": null,
            "drb": null
        },
        {
            "candid": 2580155750015015012,
            "jd": 2460334.6557523,
            "ra": 41.0212642,
            "dec": 16.6691754,
            "fid": 2,
            "nid": 2580,
            "magpsf": 18.600500106811523,
            "sigmapsf": 0.13947300612926483,
            "magnr": 19.111000061035156,
            "sigmagnr": 0.07699999958276749,
            "magzpsci": 25.80150032043457,
            "isdiffpos": "t",
            "ssdistnr": null,
            "ssnamenr": null,
            "drb": null
        },
        {
            "candid": 2586205420015015003,
            "jd": 2460340.7054282,
            "ra": 41.0212318,
            "dec": 16.6691112,
            "fid": 1,
            "nid": 2586,
            "magpsf": 19.62929916381836,
            "sigmapsf": 0.17083700001239777,
            "magnr": 19.530000686645508,
            "sigmagnr": 0.04800000041723251,
            "magzpsci": 26.182300567626953,
            "isdiffpos": "t",
            "ssdistnr": null,
            "ssnamenr": null,
            "drb": null
        },
        {
            "candid": 2587120670015015002,
            "jd": 2460341.6206713,
            "ra": 41.0212118,
            "dec": 16.6691835,
            "fid": 1,
            "nid": 2587,
            "magpsf": 19.738399505615234,
            "sigmapsf": 0.15063300728797913,
            "magnr": 19.530000686645508,
            "sigmagnr": 0.04800000041723251,
            "magzpsci": 26.253400802612305,
            "isdiffpos": "t",
            "ssdistnr": null,
            "ssnamenr": null,
            "drb": null
        },
        {
            "candid": 2587152850015015003,
            "jd": 2460341.6528588,
            "ra": 41.02128,
            "dec": 16.6691569,
            "fid": 2,
            "nid": 2587,
            "magpsf": 19.040700912475586,
            "sigmapsf": 0.09928999841213226,
            "magnr": 19.111000061035156,
            "sigmagnr": 0.07699999958276749,
            "magzpsci": 26.144699096679688,
            "isdiffpos": "t",
            "ssdistnr": null,
            "ssnamenr": null,
            "drb": null
        },
        {
            "candid": 2598134610015015007,
            "jd": 2460352.6346181,
            "ra": 41.0212754,
            "dec": 16.6691549,
            "fid": 1,
            "nid": 2598,
            "magpsf": 20.509199142456055,
            "sigmapsf": 0.29251301288604736,
            "magnr": 19.530000686645508,
            "sigmagnr": 0.04800000041723251,
            "magzpsci": 26.255199432373047,
            "isdiffpos": "t",
            "ssdistnr": null,
            "ssnamenr": null,
            "drb": null
        },
        {
            "candid": 2598202490015015005,
            "jd": 2460352.7025,
            "ra": 41.0213268,
            "dec": 16.6690926,
            "fid": 2,
            "nid": 2598,
            "magpsf": 19.33340072631836,
            "sigmapsf": 0.15624800324440002,
            "magnr": 19.111000061035156,
            "sigmagnr": 0.07699999958276749,
            "magzpsci": 26.109399795532227,
            "isdiffpos": "t",
            "ssdistnr": null,
            "ssnamenr": null,
            "drb": null
        },
        {
            "candid": 2604132780015015004,
            "jd": 2460358.6327894,
            "ra": 41.0213095,
            "dec": 16.6691471,
            "fid": 2,
            "nid": 2604,
            "magpsf": 19.528867721557617,
            "sigmapsf": 0.16186246275901794,
            "magnr": 19.111000061035156,
            "sigmagnr": 0.07699999958276749,
            "magzpsci": 26.12586784362793,
            "isdiffpos": "t",
            "ssdistnr": -999.0,
            "ssnamenr": "null",
            "drb": null
        },
        {
            "jd": 2460287.6546181,
            "fid": 2,
            "diffmaglim": 19.607500076293945
        },
        {
            "jd": 2460287.7160417,
            "fid": 1,
            "diffmaglim": 20.37980079650879
        },
        {
            "jd": 2460289.6596528,
            "fid": 2,
            "diffmaglim": 19.20439910888672
        },
        {
            "jd": 2460289.6917245,
            "fid": 1,
            "diffmaglim": 20.459999084472656
        },
        {
            "jd": 2460291.657037,
            "fid": 2,
            "diffmaglim": 20.069700241088867
        },
        {
            "jd": 2460291.6879398,
            "fid": 1,
            "diffmaglim": 20.736099243164062
        },
        {
            "jd": 2460292.6251042,
            "fid": 2,
            "diffmaglim": 20.952800750732422
        },
        {
            "jd": 2460292.6287153,
            "fid": 1,
            "diffmaglim": 21.031299591064453
        },
        {
            "jd": 2460292.6493403,
            "fid": 1,
            "diffmaglim": 21.160999298095703
        },
        {
            "jd": 2460292.6711806,
            "fid": 1,
            "diffmaglim": 21.179399490356445
        },
        {
            "jd": 2460293.6003588,
            "fid": 2,
            "diffmaglim": 20.122100830078125
        },
        {
            "jd": 2460293.6276157,
            "fid": 1,
            "diffmaglim": 20.27989959716797
        },
        {
            "jd": 2460293.6495139,
            "fid": 1,
            "diffmaglim": 20.913999557495117
        },
        {
            "jd": 2460293.6908681,
            "fid": 1,
            "diffmaglim": 20.675399780273438
        },
        {
            "jd": 2460294.5835417,
            "fid": 2,
            "diffmaglim": 20.018299102783203
        },
        {
            "jd": 2460294.6098727,
            "fid": 1,
            "diffmaglim": 20.423500061035156
        },
        {
            "jd": 2460294.6284606,
            "fid": 1,
            "diffmaglim": 20.583200454711914
        },
        {
            "jd": 2460294.6710648,
            "fid": 1,
            "diffmaglim": 20.688400268554688
        },
        {
            "jd": 2460305.6319907,
            "fid": 2,
            "diffmaglim": 16.009199142456055
        },
        {
            "jd": 2460324.6553241,
            "fid": 1,
            "diffmaglim": 18.930700302124023
        },
        {
            "jd": 2460326.7591088,
            "fid": 1,
            "diffmaglim": 19.964000701904297
        },
        {
            "jd": 2460338.733831,
            "fid": 2,
            "diffmaglim": 17.85610008239746
        }
    ],
    "forcedphot": [
        {
            "objectid": "ZTF23abvnmam",
            "jd": 2460287.6546181,
            "ranr": 41.0211887,
            "decnr": 16.6691198,
            "fid": 2,
            "forcediffimflux": -2.8839192390441895,
            "forcediffimfluxunc": 50.32255935668945,
            "magzpsci": 26.139699935913086
        },
        {
            "objectid": "ZTF23abvnmam",
            "jd": 2460287.7160417,
            "ranr": 41.0211453,
            "decnr": 16.6691989,
            "fid": 1,
            "forcediffimflux": 40.189796447753906,
            "forcediffimfluxunc": 29.62478256225586,
            "magzpsci": 26.295000076293945
        },
        {
            "objectid": "ZTF23abvnmam",
            "jd": 2460288.7519907,
            "ranr": -99999.0,
            "decnr": -99999.0,
            "fid": 2,
            "forcediffimflux": -99999.0,
            "forcediffimfluxunc": -99999.0,
            "magzpsci": 26.20639991760254
        },
        {
            "objectid": "ZTF23abvnmam",
            "jd": 2460288.8126157,
            "ranr": -99999.0,
            "decnr": -99999.0,
            "fid": 1,
            "forcediffimflux": -99999.0,
            "forcediffimfluxunc": -99999.0,
            "magzpsci": 26.283100128173828
        },
        {
            "objectid": "ZTF23abvnmam",
            "jd": 2460289.6917245,
            "ranr": 41.0211453,
            "decnr": 16.6691989,
            "fid": 1,
            "forcediffimflux": 59.62074661254883,
            "forcediffimfluxunc": 27.91143035888672,
            "magzpsci": 26.200700759887695
        },
        {
            "objectid": "ZTF23abvnmam",
            "jd": 2460290.7038079,
            "ranr": -99999.0,
            "decnr": -99999.0,
            "fid": 2,
            "forcediffimflux": -99999.0,
            "forcediffimfluxunc": -99999.0,
            "magzpsci": 26.0841007232666
        },
        {
            "objectid": "ZTF23abvnmam",
            "jd": 2460290.7115046,
            "ranr": -99999.0,
            "decnr": -99999.0,
            "fid": 1,
            "forcediffimflux": -99999.0,
            "forcediffimfluxunc": -99999.0,
            "magzpsci": 26.34510040283203
        },
        {
            "objectid": "ZTF23abvnmam",
            "jd": 2460291.657037,
            "ranr": 41.0211887,
            "decnr": 16.6691198,
            "fid": 2,
            "forcediffimflux": -9.914570808410645,
            "forcediffimfluxunc": 35.361412048339844,
            "magzpsci": 26.16939926147461
        },
        {
            "objectid": "ZTF23abvnmam",
            "jd": 2460291.6879398,
            "ranr": 41.0211453,
            "decnr": 16.6691989,
            "fid": 1,
            "forcediffimflux": 10.567505836486816,
            "forcediffimfluxunc": 22.099254608154297,
            "magzpsci": 26.265399932861328
        },
        {
            "objectid": "ZTF23abvnmam",
            "jd": 2460292.6251042,
            "ranr": 41.0211887,
            "decnr": 16.6691198,
            "fid": 2,
            "forcediffimflux": 59.90541458129883,
            "forcediffimfluxunc": 44.04065704345703,
            "magzpsci": 27.362499237060547
        },
        {
            "objectid": "ZTF23abvnmam",
            "jd": 2460292.6919329,
            "ranr": -99999.0,
            "decnr": -99999.0,
            "fid": 1,
            "forcediffimflux": -99999.0,
            "forcediffimfluxunc": -99999.0,
            "magzpsci": 27.35379981994629
        },
        {
            "objectid": "ZTF23abvnmam",
            "jd": 2460293.6086921,
            "ranr": -99999.0,
            "decnr": -99999.0,
            "fid": 2,
            "forcediffimflux": -99999.0,
            "forcediffimfluxunc": -99999.0,
            "magzpsci": 27.216299057006836
        },
        {
            "objectid": "ZTF23abvnmam",
            "jd": 2460293.6931944,
            "ranr": -99999.0,
            "decnr": -99999.0,
            "fid": 1,
            "forcediffimflux": -99999.0,
            "forcediffimfluxunc": -99999.0,
            "magzpsci": 27.377700805664062
        },
        {
            "objectid": "ZTF23abvnmam",
            "jd": 2460294.6733912,
            "ranr": -99999.0,
            "decnr": -99999.0,
            "fid": 1,
            "forcediffimflux": -99999.0,
            "forcediffimfluxunc": -99999.0,
            "magzpsci": 27.367399215698242
        },
        {
            "objectid": "ZTF23abvnmam",
            "jd": 2460294.7663079,
            "ranr": -99999.0,
            "decnr": -99999.0,
            "fid": 2,
            "forcediffimflux": -99999.0,
            "forcediffimfluxunc": -99999.0,
            "magzpsci": 27.306299209594727
        },
        {
            "objectid": "ZTF23abvnmam",
            "jd": 2460295.6915625,
            "ranr": -99999.0,
            "decnr": -99999.0,
            "fid": 1,
            "forcediffimflux": -99999.0,
            "forcediffimfluxunc": -99999.0,
            "magzpsci": 26.16309928894043
        },
        {
            "objectid": "ZTF23abvnmam",
            "jd": 2460295.7767708,
            "ranr": -99999.0,
            "decnr": -99999.0,
            "fid": 2,
            "forcediffimflux": -99999.0,
            "forcediffimfluxunc": -99999.0,
            "magzpsci": 26.06410026550293
        },
        {
            "objectid": "ZTF23abvnmam",
            "jd": 2460305.729294,
            "ranr": -99999.0,
            "decnr": -99999.0,
            "fid": 1,
            "forcediffimflux": -99999.0,
            "forcediffimfluxunc": -99999.0,
            "magzpsci": 25.74489974975586
        },
        {
            "objectid": "ZTF23abvnmam",
            "jd": 2460307.6311227,
            "ranr": -99999.0,
            "decnr": -99999.0,
            "fid": 1,
            "forcediffimflux": -99999.0,
            "forcediffimfluxunc": -99999.0,
            "magzpsci": 26.310300827026367
        },
        {
            "objectid": "ZTF23abvnmam",
            "jd": 2460307.6968171,
            "ranr": -99999.0,
            "decnr": -99999.0,
            "fid": 2,
            "forcediffimflux": -99999.0,
            "forcediffimfluxunc": -99999.0,
            "magzpsci": 26.21809959411621
        },
        {
            "objectid": "ZTF23abvnmam",
            "jd": 2460314.6222917,
            "ranr": 41.0211453,
            "decnr": 16.6691989,
            "fid": 1,
            "forcediffimflux": 637.6982421875,
            "forcediffimfluxunc": 33.63152313232422,
            "magzpsci": 26.293399810791016
        },
        {
            "objectid": "ZTF23abvnmam",
            "jd": 2460314.6365625,
            "ranr": -99999.0,
            "decnr": -99999.0,
            "fid": 2,
            "forcediffimflux": -99999.0,
            "forcediffimfluxunc": -99999.0,
            "magzpsci": 26.189899444580078
        },
        {
            "objectid": "ZTF23abvnmam",
            "jd": 2460314.6751273,
            "ranr": 41.0211887,
            "decnr": 16.6691198,
            "fid": 2,
            "forcediffimflux": 746.5752563476562,
            "forcediffimfluxunc": 36.670650482177734,
            "magzpsci": 26.180099487304688
        },
        {
            "objectid": "ZTF23abvnmam",
            "jd": 2460314.7202083,
            "ranr": -99999.0,
            "decnr": -99999.0,
            "fid": 1,
            "forcediffimflux": -99999.0,
            "forcediffimfluxunc": -99999.0,
            "magzpsci": 26.311899185180664
        },
        {
            "objectid": "ZTF23abvnmam",
            "jd": 2460321.6850116,
            "ranr": -99999.0,
            "decnr": -99999.0,
            "fid": 2,
            "forcediffimflux": -99999.0,
            "forcediffimfluxunc": -99999.0,
            "magzpsci": 26.134199142456055
        },
        {
            "objectid": "ZTF23abvnmam",
            "jd": 2460322.7394792,
            "ranr": 41.0211887,
            "decnr": 16.6691198,
            "fid": 2,
            "forcediffimflux": 905.6036376953125,
            "forcediffimfluxunc": 46.70437240600586,
            "magzpsci": 26.139699935913086
        },
        {
            "objectid": "ZTF23abvnmam",
            "jd": 2460322.7861111,
            "ranr": 41.0211453,
            "decnr": 16.6691989,
            "fid": 1,
            "forcediffimflux": 590.597412109375,
            "forcediffimfluxunc": 66.96929168701172,
            "magzpsci": 26.17169952392578
        },
        {
            "objectid": "ZTF23abvnmam",
            "jd": 2460323.800463,
            "ranr": -99999.0,
            "decnr": -99999.0,
            "fid": 2,
            "forcediffimflux": -99999.0,
            "forcediffimfluxunc": -99999.0,
            "magzpsci": 26.132999420166016
        },
        {
            "objectid": "ZTF23abvnmam",
            "jd": 2460325.6999421,
            "ranr": -99999.0,
            "decnr": -99999.0,
            "fid": 2,
            "forcediffimflux": -99999.0,
            "forcediffimfluxunc": -99999.0,
            "magzpsci": 25.92300033569336
        },
        {
            "objectid": "ZTF23abvnmam",
            "jd": 2460325.7426273,
            "ranr": -99999.0,
            "decnr": -99999.0,
            "fid": 1,
            "forcediffimflux": -99999.0,
            "forcediffimfluxunc": -99999.0,
            "magzpsci": 26.083099365234375
        },
        {
            "objectid": "ZTF23abvnmam",
            "jd": 2460326.6184606,
            "ranr": 41.0211887,
            "decnr": 16.6691198,
            "fid": 2,
            "forcediffimflux": 1075.0731201171875,
            "forcediffimfluxunc": 37.93555450439453,
            "magzpsci": 26.080799102783203
        },
        {
            "objectid": "ZTF23abvnmam",
            "jd": 2460326.7591088,
            "ranr": 41.0211453,
            "decnr": 16.6691989,
            "fid": 1,
            "forcediffimflux": 911.7442016601562,
            "forcediffimfluxunc": 43.86634063720703,
            "magzpsci": 26.183399200439453
        },
        {
            "objectid": "ZTF23abvnmam",
            "jd": 2460327.6194329,
            "ranr": -99999.0,
            "decnr": -99999.0,
            "fid": 1,
            "forcediffimflux": -99999.0,
            "forcediffimfluxunc": -99999.0,
            "magzpsci": 26.341699600219727
        },
        {
            "objectid": "ZTF23abvnmam",
            "jd": 2460327.6513542,
            "ranr": -99999.0,
            "decnr": -99999.0,
            "fid": 2,
            "forcediffimflux": -99999.0,
            "forcediffimfluxunc": -99999.0,
            "magzpsci": 26.207700729370117
        },
        {
            "objectid": "ZTF23abvnmam",
            "jd": 2460334.6557523,
            "ranr": 41.0211887,
            "decnr": 16.6691198,
            "fid": 2,
            "forcediffimflux": 756.6158447265625,
            "forcediffimfluxunc": 79.99789428710938,
            "magzpsci": 25.80150032043457
        },
        {
            "objectid": "ZTF23abvnmam",
            "jd": 2460336.7651157,
            "ranr": -99999.0,
            "decnr": -99999.0,
            "fid": 1,
            "forcediffimflux": -99999.0,
            "forcediffimfluxunc": -99999.0,
            "magzpsci": 26.128400802612305
        },
        {
            "objectid": "ZTF23abvnmam",
            "jd": 2460340.7909838,
            "ranr": -99999.0,
            "decnr": -99999.0,
            "fid": 1,
            "forcediffimflux": -99999.0,
            "forcediffimfluxunc": -99999.0,
            "magzpsci": 25.975000381469727
        },
        {
            "objectid": "ZTF23abvnmam",
            "jd": 2460341.6206713,
            "ranr": 41.0211453,
            "decnr": 16.6691989,
            "fid": 1,
            "forcediffimflux": 427.5654602050781,
            "forcediffimfluxunc": 37.1735954284668,
            "magzpsci": 26.253400802612305
        },
        {
            "objectid": "ZTF23abvnmam",
            "jd": 2460341.6528588,
            "ranr": 41.0211887,
            "decnr": 16.6691198,
            "fid": 2,
            "forcediffimflux": 714.5014038085938,
            "forcediffimfluxunc": 34.78736114501953,
            "magzpsci": 26.144699096679688
        },
        {
            "objectid": "ZTF23abvnmam",
            "jd": 2460351.6510417,
            "ranr": -99999.0,
            "decnr": -99999.0,
            "fid": 2,
            "forcediffimflux": -99999.0,
            "forcediffimfluxunc": -99999.0,
            "magzpsci": 26.058399200439453
        },
        {
            "objectid": "ZTF23abvnmam",
            "jd": 2460351.6972569,
            "ranr": -99999.0,
            "decnr": -99999.0,
            "fid": 1,
            "forcediffimflux": -99999.0,
            "forcediffimfluxunc": -99999.0,
            "magzpsci": 26.210899353027344
        },
        {
            "objectid": "ZTF23abvnmam",
            "jd": 2460352.6346181,
            "ranr": 41.0211453,
            "decnr": 16.6691989,
            "fid": 1,
            "forcediffimflux": 202.4800567626953,
            "forcediffimfluxunc": 33.69770050048828,
            "magzpsci": 26.255199432373047
        },
        {
            "objectid": "ZTF23abvnmam",
            "jd": 2460352.7025,
            "ranr": 41.0211887,
            "decnr": 16.6691198,
            "fid": 2,
            "forcediffimflux": 494.6942443847656,
            "forcediffimfluxunc": 47.9718132019043,
            "magzpsci": 26.109399795532227
        },
        {
            "objectid": "ZTF23abvnmam",
            "jd": 2460353.6717708,
            "ranr": -99999.0,
            "decnr": -99999.0,
            "fid": 1,
            "forcediffimflux": -99999.0,
            "forcediffimfluxunc": -99999.0,
            "magzpsci": 26.143299102783203
        }
    ]
}