{
    "objectId": "ZTF21abhqhqb",
    "candidates": [
        {
            "candid": 1631202263215015009,
            "jd": 2459385.7022685,
            "ra": 196.9497961,
            "dec": 42.0968253,
            "fid": 1,
            "nid": 1631,
            "magpsf": 18.914400100708008,
            "sigmapsf": 0.1464889943599701,
            "magnr": 19.829999923706055,
            "sigmagnr": 0.10499999672174454,
            "magzpsci": 26.199399948120117,
            "isdiffpos": "t",
            "ssdistnr": null,
            "ssnamenr": null,
            "drb": 0.9999909996986389
        },
        {
            "candid": 1631282404515015000,
            "jd": 2459385.7824074,
            "ra": 196.9497951,
            "dec": 42.096864,
            "fid": 1,
            "nid": 1631,
            "magpsf": 18.800600051879883,
            "sigmapsf": 0.11463800072669983,
            "magnr": 19.857999801635742,
            "sigmagnr": 0.07400000095367432,
            "magzpsci": 26.22760009765625,
            "isdiffpos": "t",
            "ssdistnr": null,
            "ssnamenr": null,
            "drb": 0.9999669790267944
        },
        {
            "candid": 1633200613215015013,
            "jd": 2459387.7006134,
            "ra": 196.9497336,
            "dec": 42.0968506,
            "fid": 2,
            "nid": 1633,
            "magpsf": 18.76810073852539,
            "sigmapsf": 0.10874299705028534,
            "magnr": 20.145999908447266,
            "sigmagnr": 0.09099999815225601,
            "magzpsci": 26.179100036621094,
            "isdiffpos": "t",
            "ssdistnr": null,
            "ssnamenr": null,
            "drb": null
        },
        {
            "candid": 1633218854515015004,
            "jd": 2459387.7188542,
            "ra": 196.9497146,
            "dec": 42.0968528,
            "fid": 2,
            "nid": 1633,
            "magpsf": 18.735200881958008,
            "sigmapsf": 0.09316500276327133,
            "magnr": 19.27899932861328,
            "sigmagnr": 0.0820000022649765,
            "magzpsci": 26.25320053100586,
            "isdiffpos": "t",
            "ssdistnr": null,
            "ssnamenr": null,
            "drb": null
        },
        {
            "candid": 1633285763215015001,
            "jd": 2459387.7857639,
            "ra": 196.9497321,
            "dec": 42.096918,
            "fid": 1,
            "nid": 1633,
            "magpsf": 18.47960090637207,
            "sigmapsf": 0.13022500276565552,
            "magnr": 19.829999923706055,
            "sigmagnr": 0.10499999672174454,
            "magzpsci": 26.07659912109375,
            "isdiffpos": "t",
            "ssdistnr": null,
            "ssnamenr": null,
            "drb": null
        },
        {
            "candid": 1633303474515015002,
            "jd": 2459387.8034722,
            "ra": 196.9497303,
            "dec": 42.0968333,
            "fid": 1,
            "nid": 1633,
            "magpsf": 18.460899353027344,
            "sigmapsf": 0.11544100195169449,
            "magnr": 19.857999801635742,
            "sigmagnr": 0.07400000095367432,
            "magzpsci": 26.074899673461914,
            "isdiffpos": "t",
            "ssdistnr": null,
            "ssnamenr": null,
            "drb": null
        },
        {
            "candid": 1637205784515015001,
            "jd": 2459391.705787,
            "ra": 196.9497213,
            "dec": 42.0968352,
            "fid": 1,
            "nid": 1637,
            "magpsf": 18.26740074157715,
            "sigmapsf": 0.07651399821043015,
            "magnr": 19.857999801635742,
            "sigmagnr": 0.07400000095367432,
            "magzpsci": 26.312400817871094,
            "isdiffpos": "t",
            "ssdistnr": null,
            "ssnamenr": null,
            "drb": null
        },
        {
            "candid": 1637218773215015006,
            "jd": 2459391.7187731,
            "ra": 196.949741,
            "dec": 42.0968246,
            "fid": 1,
            "nid": 1637,
            "magpsf": 18.330299377441406,
            "sigmapsf": 0.10307399928569794,
            "magnr": 19.829999923706055,
            "sigmagnr": 0.10499999672174454,
            "magzpsci": 26.248300552368164,
            "isdiffpos": "t",
            "ssdistnr": null,
            "ssnamenr": null,
            "drb": null
        },
        {
            "candid": 1637264674515015013,
            "jd": 2459391.7646759,
            "ra": 196.9497042,
            "dec": 42.0968521,
            "fid": 2,
            "nid": 1637,
            "magpsf": 18.329299926757812,
            "sigmapsf": 0.08528999984264374,
            "magnr": 19.27899932861328,
            "sigmagnr": 0.0820000022649765,
            "magzpsci": 26.248300552368164,
            "isdiffpos": "t",
            "ssdistnr": null,
            "ssnamenr": null,
            "drb": null
        },
        {
            "candid": 1637283923215015019,
            "jd": 2459391.7839236,
            "ra": 196.9497119,
            "dec": 42.0968454,
            "fid": 2,
            "nid": 1637,
            "magpsf": 18.455900192260742,
            "sigmapsf": 0.09955599904060364,
            "magnr": 20.145999908447266,
            "sigmagnr": 0.09099999815225601,
            "magzpsci": 26.195899963378906,
            "isdiffpos": "t",
            "ssdistnr": null,
            "ssnamenr": null,
            "drb": null
        },
        {
            "candid": 1639197564515015001,
            "jd": 2459393.6975694,
            "ra": 196.949685,
            "dec": 42.0968593,
            "fid": 2,
            "nid": 1639,
            "magpsf": 18.421100616455078,
            "sigmapsf": 0.07653599977493286,
            "magnr": 19.27899932861328,
            "sigmagnr": 0.0820000022649765,
            "magzpsci": 26.298099517822266,
            "isdiffpos": "t",
            "ssdistnr": null,
            "ssnamenr": null,
            "drb": null
        },
        {
            "candid": 1639218983215015004,
            "jd": 2459393.7189815,
            "ra": 196.9496727,
            "dec": 42.096826,
            "fid": 2,
            "nid": 1639,
            "magpsf": 18.472700119018555,
            "sigmapsf": 0.05759900063276291,
            "magnr": 20.145999908447266,
            "sigmagnr": 0.09099999815225601,
            "magzpsci": 26.205699920654297,
            "isdiffpos": "t",
            "ssdistnr": null,
            "ssnamenr": null,
            "drb": null
        },
        {
            "candid": 1639308943215015001,
            "jd": 2459393.8089468,
            "ra": 196.9497303,
            "dec": 42.0968734,
            "fid": 1,
            "nid": 1639,
            "magpsf": 18.313899993896484,
            "sigmapsf": 0.10241600126028061,
            "magnr": 19.829999923706055,
            "sigmagnr": 0.10499999672174454,
            "magzpsci": 26.087900161743164,
            "isdiffpos": "t",
            "ssdistnr": null,
            "ssnamenr": null,
            "drb": null
        },
        {
            "candid": 1639310834515015003,
            "jd": 2459393.8108333,
            "ra": 196.949795,
            "dec": 42.0968509,
            "fid": 1,
            "nid": 1639,
            "magpsf": 18.35449981689453,
            "sigmapsf": 0.09046100080013275,
            "magnr": 19.857999801635742,
            "sigmagnr": 0.07400000095367432,
            "magzpsci": 26.166500091552734,
            "isdiffpos": "t",
            "ssdistnr": null,
            "ssnamenr": null,
            "drb": null
        },
        {
            "candid": 1641224563215015003,
            "jd": 2459395.7245602,
            "ra": 196.9496889,
            "dec": 42.0968301,
            "fid": 2,
            "nid": 1641,
            "magpsf": 18.430200576782227,
            "sigmapsf": 0.07625500112771988,
            "magnr": 20.145999908447266,
            "sigmagnr": 0.09099999815225601,
            "magzpsci": 26.081199645996094,
            "isdiffpos": "t",
            "ssdistnr": null,
            "ssnamenr": null,
            "drb": null
        },
        {
            "candid": 1641242614515015002,
            "jd": 2459395.7426157,
            "ra": 196.9497207,
            "dec": 42.096829,
            "fid": 1,
            "nid": 1641,
            "magpsf": 18.328800201416016,
            "sigmapsf": 0.12477599829435349,
            "magnr": 19.857999801635742,
            "sigmagnr": 0.07400000095367432,
            "magzpsci": 25.667800903320312,
            "isdiffpos": "t",
            "ssdistnr": null,
            "ssnamenr": null,
            "drb": null
        },
        {
            "candid": 1641245913215015000,
            "jd": 2459395.7459144,
            "ra": 196.9497128,
            "dec": 42.0968871,
            "fid": 1,
            "nid": 1641,
            "magpsf": 18.3031005859375,
            "sigmapsf": 0.12464600056409836,
            "magnr": 19.829999923706055,
            "sigmagnr": 0.10499999672174454,
            "magzpsci": 25.387100219726562,
            "isdiffpos": "t",
            "ssdistnr": null,
            "ssnamenr": null,
            "drb": null
        },
        {
            "candid": 1643202923215015005,
            "jd": 2459397.7029282,
            "ra": 196.9496902,
            "dec": 42.0968478,
            "fid": 2,
            "nid": 1643,
            "magpsf": 18.548200607299805,
            "sigmapsf": 0.06649799644947052,
            "magnr": 20.145999908447266,
            "sigmagnr": 0.09099999815225601,
            "magzpsci": 26.2052001953125,
            "isdiffpos": "t",
            "ssdistnr": null,
            "ssnamenr": null,
            "drb": null
        },
        {
            "candid": 1643220084515015003,
            "jd": 2459397.720081,
            "ra": 196.9496946,
            "dec": 42.0968237,
            "fid": 2,
            "nid": 1643,
            "magpsf": 18.46769905090332,
            "sigmapsf": 0.06072700023651123,
            "magnr": 19.27899932861328,
            "sigmagnr": 0.0820000022649765,
            "magzpsci": 26.269699096679688,
            "isdiffpos": "t",
            "ssdistnr": null,
            "ssnamenr": null,
            "drb": null
        },
        {
            "candid": 1643242543215015003,
            "jd": 2459397.7425463,
            "ra": 196.9497026,
            "dec": 42.0968419,
            "fid": 1,
            "nid": 1643,
            "magpsf": 18.468650817871094,
            "sigmapsf": 0.08464500308036804,
            "magnr": 19.829999923706055,
            "sigmagnr": 0.10499999672174454,
            "magzpsci": 26.142650604248047,
            "isdiffpos": "t",
            "ssdistnr": -999.0,
            "ssnamenr": "null",
            "drb": null
        },
        {
            "candid": 1643265814515015007,
            "jd": 2459397.7658102,
            "ra": 196.9498002,
            "dec": 42.0968279,
            "fid": 1,
            "nid": 1643,
            "magpsf": 18.535499572753906,
            "sigmapsf": 0.10317300260066986,
            "magnr": 19.857999801635742,
            "sigmagnr": 0.07400000095367432,
            "magzpsci": 26.210500717163086,
            "isdiffpos": "t",
            "ssdistnr": null,
            "ssnamenr": null,
            "drb": null
        },
        {
            "candid": 1646201344515015002,
            "jd": 2459400.7013426,
            "ra": 196.9497199,
            "dec": 42.0968338,
            "fid": 2,
            "nid": 1646,
            "magpsf": 18.476900100708008,
            "sigmapsf": 0.07321400195360184,
            "magnr": 19.27899932861328,
            "sigmagnr": 0.0820000022649765,
            "magzpsci": 26.254899978637695,
            "isdiffpos": "t",
            "ssdistnr": null,
            "ssnamenr": null,
            "drb": null
        },
        {
            "candid": 1646276184515015002,
            "jd": 2459400.7761806,
            "ra": 196.949795,
            "dec": 42.0968114,
            "fid": 1,
            "nid": 1646,
            "magpsf": 18.59510040283203,
            "sigmapsf": 0.09898000210523605,
            "magnr": 19.857999801635742,
            "sigmagnr": 0.07400000095367432,
            "magzpsci": 26.151100158691406,
            "isdiffpos": "t",
            "ssdistnr": null,
            "ssnamenr": null,
            "drb": null
        },
        {
            "candid": 1648198424515015006,
            "jd": 2459402.6984259,
            "ra": 196.9496979,
            "dec": 42.0968256,
            "fid": 1,
            "nid": 1648,
            "magpsf": 18.646400451660156,
            "sigmapsf": 0.08563999831676483,
            "magnr": 19.857999801635742,
            "sigmagnr": 0.07400000095367432,
            "magzpsci": 26.313400268554688,
            "isdiffpos": "t",
            "ssdistnr": null,
            "ssnamenr": null,
            "drb": null
        },
        {
            "candid": 1648228214515015002,
            "jd": 2459402.7282176,
            "ra": 196.9497057,
            "dec": 42.0968437,
            "fid": 2,
            "nid": 1648,
            "magpsf": 18.52120018005371,
            "sigmapsf": 0.08661399781703949,
            "magnr": 19.27899932861328,
            "sigmagnr": 0.0820000022649765,
            "magzpsci": 26.25819969177246,
            "isdiffpos": "t",
            "ssdistnr": null,
            "ssnamenr": null,
            "drb": null
        },
        {
            "candid": 1654228704515015002,
            "jd": 2459408.7287037,
            "ra": 196.9497213,
            "dec": 42.0968582,
            "fid": 2,
            "nid": 1654,
            "magpsf": 18.750999450683594,
            "sigmapsf": 0.12014800310134888,
            "magnr": 19.27899932861328,
            "sigmagnr": 0.0820000022649765,
            "magzpsci": 25.952999114990234,
            "isdiffpos": "t",
            "ssdistnr": null,
            "ssnamenr": null,
            "drb": null
        },
        {
            "candid": 1656218534515015002,
            "jd": 2459410.7185301,
            "ra": 196.9496991,
            "dec": 42.0968212,
            "fid": 2,
            "nid": 1656,
            "magpsf": 18.7544002532959,
            "sigmapsf": 0.12954600155353546,
            "magnr": 19.27899932861328,
            "sigmagnr": 0.0820000022649765,
            "magzpsci": 26.037399291992188,
            "isdiffpos": "t",
            "ssdistnr": null,
            "ssnamenr": null,
            "drb": null
        },
        {
            "candid": 1658218284515015002,
            "jd": 2459412.718287,
            "ra": 196.9497195,
            "dec": 42.0968498,
            "fid": 2,
            "nid": 1658,
            "magpsf": 18.900299072265625,
            "sigmapsf": 0.12982699275016785,
            "magnr": 19.27899932861328,
            "sigmagnr": 0.0820000022649765,
            "magzpsci": 26.141300201416016,
            "isdiffpos": "t",
            "ssdistnr": null,
            "ssnamenr": null,
            "drb": null
        },
        {
            "candid": 1661187854515015004,
            "jd": 2459415.6878588,
            "ra": 196.9497396,
            "dec": 42.0968397,
            "fid": 2,
            "nid": 1661,
            "magpsf": 18.89320945739746,
            "sigmapsf": 0.11544899642467499,
            "magnr": 19.27899932861328,
            "sigmagnr": 0.0820000022649765,
            "magzpsci": 26.23720932006836,
            "isdiffpos": "t",
            "ssdistnr": -999.0,
            "ssnamenr": "null",
            "drb": null
        },
        {
            "jd": 2459356.6927546,
            "fid": 1,
            "diffmaglim": 19.502399444580078
        },
        {
            "jd": 2459356.7624537,
            "fid": 2,
            "diffmaglim": 19.9606990814209
        },
        {
            "jd": 2459356.7778819,
            "fid": 2,
            "diffmaglim": 19.912200927734375
        },
        {
            "jd": 2459359.7059606,
            "fid": 2,
            "diffmaglim": 19.414899826049805
        },
        {
            "jd": 2459359.7494097,
            "fid": 2,
            "diffmaglim": 19.642200469970703
        },
        {
            "jd": 2459359.7626389,
            "fid": 1,
            "diffmaglim": 19.46339988708496
        },
        {
            "jd": 2459359.7879861,
            "fid": 1,
            "diffmaglim": 19.329599380493164
        },
        {
            "jd": 2459362.6941088,
            "fid": 1,
            "diffmaglim": 20.67620086669922
        },
        {
            "jd": 2459362.7017245,
            "fid": 1,
            "diffmaglim": 20.44580078125
        },
        {
            "jd": 2459362.7453472,
            "fid": 2,
            "diffmaglim": 20.115400314331055
        },
        {
            "jd": 2459362.7612269,
            "fid": 2,
            "diffmaglim": 19.928499221801758
        },
        {
            "jd": 2459364.8069907,
            "fid": 2,
            "diffmaglim": 20.36039924621582
        },
        {
            "jd": 2459364.8246644,
            "fid": 2,
            "diffmaglim": 20.275400161743164
        },
        {
            "jd": 2459366.6963542,
            "fid": 2,
            "diffmaglim": 20.634300231933594
        },
        {
            "jd": 2459366.7150463,
            "fid": 2,
            "diffmaglim": 20.60759925842285
        },
        {
            "jd": 2459366.739294,
            "fid": 1,
            "diffmaglim": 20.85890007019043
        },
        {
            "jd": 2459366.7609491,
            "fid": 1,
            "diffmaglim": 20.709699630737305
        },
        {
            "jd": 2459368.696169,
            "fid": 1,
            "diffmaglim": 20.887399673461914
        },
        {
            "jd": 2459368.6971296,
            "fid": 1,
            "diffmaglim": 20.819799423217773
        },
        {
            "jd": 2459368.7238426,
            "fid": 2,
            "diffmaglim": 20.67889976501465
        },
        {
            "jd": 2459368.7243056,
            "fid": 2,
            "diffmaglim": 20.80590057373047
        },
        {
            "jd": 2459370.7257176,
            "fid": 1,
            "diffmaglim": 20.808000564575195
        },
        {
            "jd": 2459370.7261921,
            "fid": 1,
            "diffmaglim": 20.754199981689453
        },
        {
            "jd": 2459370.7613079,
            "fid": 2,
            "diffmaglim": 20.628299713134766
        },
        {
            "jd": 2459370.7617708,
            "fid": 2,
            "diffmaglim": 20.611099243164062
        },
        {
            "jd": 2459372.6975,
            "fid": 1,
            "diffmaglim": 20.521499633789062
        },
        {
            "jd": 2459372.697963,
            "fid": 1,
            "diffmaglim": 20.557300567626953
        },
        {
            "jd": 2459372.8041551,
            "fid": 2,
            "diffmaglim": 19.746700286865234
        },
        {
            "jd": 2459372.8046296,
            "fid": 2,
            "diffmaglim": 19.75779914855957
        },
        {
            "jd": 2459375.7189815,
            "fid": 2,
            "diffmaglim": 20.60379981994629
        },
        {
            "jd": 2459375.7439699,
            "fid": 2,
            "diffmaglim": 20.506999969482422
        },
        {
            "jd": 2459375.7634954,
            "fid": 1,
            "diffmaglim": 20.288999557495117
        },
        {
            "jd": 2459375.7792708,
            "fid": 1,
            "diffmaglim": 20.314899444580078
        },
        {
            "jd": 2459377.7218866,
            "fid": 2,
            "diffmaglim": 20.69300079345703
        },
        {
            "jd": 2459377.7223495,
            "fid": 2,
            "diffmaglim": 20.62529945373535
        },
        {
            "jd": 2459377.8010764,
            "fid": 1,
            "diffmaglim": 20.53499984741211
        },
        {
            "jd": 2459377.8058565,
            "fid": 1,
            "diffmaglim": 20.503000259399414
        },
        {
            "jd": 2459379.7010069,
            "fid": 1,
            "diffmaglim": 20.68440055847168
        },
        {
            "jd": 2459379.7014815,
            "fid": 1,
            "diffmaglim": 20.69610023498535
        },
        {
            "jd": 2459379.7227662,
            "fid": 2,
            "diffmaglim": 20.55820083618164
        },
        {
            "jd": 2459379.7379282,
            "fid": 2,
            "diffmaglim": 20.62150001525879
        },
        {
            "jd": 2459381.7044329,
            "fid": 2,
            "diffmaglim": 19.699600219726562
        },
        {
            "jd": 2459381.7048958,
            "fid": 2,
            "diffmaglim": 19.765899658203125
        },
        {
            "jd": 2459381.7828472,
            "fid": 1,
            "diffmaglim": 19.378299713134766
        },
        {
            "jd": 2459381.8018981,
            "fid": 1,
            "diffmaglim": 18.994800567626953
        },
        {
            "jd": 2459383.6989352,
            "fid": 2,
            "diffmaglim": 19.659700393676758
        },
        {
            "jd": 2459383.6994097,
            "fid": 2,
            "diffmaglim": 18.699800491333008
        },
        {
            "jd": 2459383.740787,
            "fid": 1,
            "diffmaglim": 19.59160041809082
        },
        {
            "jd": 2459383.7629167,
            "fid": 1,
            "diffmaglim": 19.350200653076172
        },
        {
            "jd": 2459385.7388773,
            "fid": 2,
            "diffmaglim": 19.79199981689453
        },
        {
            "jd": 2459412.7441782,
            "fid": 1,
            "diffmaglim": 19.616199493408203
        }
    ],
    "forcedphot": []
}