{
    "objectId": "ZTF20aagjpmt",
    "candidates": [
        {
            "candid": 1112234780515015001,
            "jd": 2458866.7347801,
            "ra": 72.1476466,
            "dec": -4.8221897,
            "fid": 2,
            "nid": 1112,
            "magpsf": 17.87190055847168,
            "sigmapsf": 0.06379599869251251,
            "magnr": 17.819000244140625,
            "sigmagnr": 0.10999999940395355,
            "magzpsci": 26.28890037536621,
            "isdiffpos": "t",
            "ssdistnr": -999.0,
            "ssnamenr": "null",
            "drb": 1.0
        },
        {
            "candid": 1113203140515015000,
            "jd": 2458867.7031481,
            "ra": 72.1476291,
            "dec": -4.8221458,
            "fid": 1,
            "nid": 1113,
            "magpsf": 17.800399780273438,
            "sigmapsf": 0.053077999502420425,
            "magnr": 18.14299964904785,
            "sigmagnr": 0.08900000154972076,
            "magzpsci": 26.30739974975586,
            "isdiffpos": "t",
            "ssdistnr": -999.0,
            "ssnamenr": "null",
            "drb": 0.9999989867210388
        },
        {
            "candid": 1117205050515015001,
            "jd": 2458871.7050579,
            "ra": 72.1476199,
            "dec": -4.8221454,
            "fid": 1,
            "nid": 1117,
            "magpsf": 17.763599395751953,
            "sigmapsf": 0.05157899856567383,
            "magnr": 18.14299964904785,
            "sigmagnr": 0.08900000154972076,
            "magzpsci": 26.35059928894043,
            "isdiffpos": "t",
            "ssdistnr": -999.0,
            "ssnamenr": "null",
            "drb": 1.0
        },
        {
            "candid": 1117233150515015000,
            "jd": 2458871.7331597,
            "ra": 72.1476207,
            "dec": -4.8221683,
            "fid": 2,
            "nid": 1117,
            "magpsf": 17.75149917602539,
            "sigmapsf": 0.04411400109529495,
            "magnr": 17.819000244140625,
            "sigmagnr": 0.10999999940395355,
            "magzpsci": 26.28350067138672,
            "isdiffpos": "t",
            "ssdistnr": -999.0,
            "ssnamenr": "null",
            "drb": 0.9999989867210388
        },
        {
            "candid": 1119201190515015003,
            "jd": 2458873.7011921,
            "ra": 72.1476242,
            "dec": -4.822144,
            "fid": 2,
            "nid": 1119,
            "magpsf": 17.73900032043457,
            "sigmapsf": 0.0465489998459816,
            "magnr": 17.819000244140625,
            "sigmagnr": 0.10999999940395355,
            "magzpsci": 26.277000427246094,
            "isdiffpos": "t",
            "ssdistnr": -999.0,
            "ssnamenr": "null",
            "drb": 1.0
        },
        {
            "candid": 1120189620515015000,
            "jd": 2458874.6896296,
            "ra": 72.1476149,
            "dec": -4.822131,
            "fid": 1,
            "nid": 1120,
            "magpsf": 17.804000854492188,
            "sigmapsf": 0.0654589980840683,
            "magnr": 18.14299964904785,
            "sigmagnr": 0.08900000154972076,
            "magzpsci": 25.777999877929688,
            "isdiffpos": "t",
            "ssdistnr": -999.0,
            "ssnamenr": "null",
            "drb": 1.0
        },
        {
            "candid": 1122161230515015001,
            "jd": 2458876.6612384,
            "ra": 72.1476231,
            "dec": -4.8221338,
            "fid": 1,
            "nid": 1122,
            "magpsf": 17.906200408935547,
            "sigmapsf": 0.06865999847650528,
            "magnr": 18.14299964904785,
            "sigmagnr": 0.08900000154972076,
            "magzpsci": 26.35219955444336,
            "isdiffpos": "t",
            "ssdistnr": -999.0,
            "ssnamenr": "null",
            "drb": 0.9999960064888
        },
        {
            "candid": 1122161230515025001,
            "jd": 2458876.6612384,
            "ra": 72.1476223,
            "dec": -4.8221347,
            "fid": 1,
            "nid": 1122,
            "magpsf": 17.903600692749023,
            "sigmapsf": 0.06809599697589874,
            "magnr": 18.14299964904785,
            "sigmagnr": 0.08900000154972076,
            "magzpsci": 26.35059928894043,
            "isdiffpos": "t",
            "ssdistnr": -999.0,
            "ssnamenr": "-999.0",
            "drb": null
        },
        {
            "candid": 1123161050515015001,
            "jd": 2458877.6610532,
            "ra": 72.1476194,
            "dec": -4.8221556,
            "fid": 2,
            "nid": 1123,
            "magpsf": 17.72570037841797,
            "sigmapsf": 0.059151001274585724,
            "magnr": 17.819000244140625,
            "sigmagnr": 0.10999999940395355,
            "magzpsci": 26.255699157714844,
            "isdiffpos": "t",
            "ssdistnr": -999.0,
            "ssnamenr": "null",
            "drb": 0.9999979734420776
        },
        {
            "candid": 1123206640515015004,
            "jd": 2458877.7066435,
            "ra": 72.1476286,
            "dec": -4.8221657,
            "fid": 1,
            "nid": 1123,
            "magpsf": 17.867300033569336,
            "sigmapsf": 0.05611800029873848,
            "magnr": 18.14299964904785,
            "sigmagnr": 0.08900000154972076,
            "magzpsci": 26.31730079650879,
            "isdiffpos": "t",
            "ssdistnr": -999.0,
            "ssnamenr": "null",
            "drb": 0.9999989867210388
        },
        {
            "candid": 1125131670515015002,
            "jd": 2458879.6316782,
            "ra": 72.1476552,
            "dec": -4.8221596,
            "fid": 1,
            "nid": 1125,
            "magpsf": 17.918800354003906,
            "sigmapsf": 0.10056400299072266,
            "magnr": 18.14299964904785,
            "sigmagnr": 0.08900000154972076,
            "magzpsci": 25.55780029296875,
            "isdiffpos": "t",
            "ssdistnr": -999.0,
            "ssnamenr": "null",
            "drb": 1.0
        },
        {
            "candid": 1126127230515015002,
            "jd": 2458880.6272338,
            "ra": 72.1476168,
            "dec": -4.8221435,
            "fid": 1,
            "nid": 1126,
            "magpsf": 17.950700759887695,
            "sigmapsf": 0.057016000151634216,
            "magnr": 18.14299964904785,
            "sigmagnr": 0.08900000154972076,
            "magzpsci": 26.329700469970703,
            "isdiffpos": "t",
            "ssdistnr": -999.0,
            "ssnamenr": "null",
            "drb": 1.0
        },
        {
            "candid": 1126183420515015003,
            "jd": 2458880.6834259,
            "ra": 72.1476262,
            "dec": -4.8221672,
            "fid": 2,
            "nid": 1126,
            "magpsf": 17.707199096679688,
            "sigmapsf": 0.06043199822306633,
            "magnr": 17.819000244140625,
            "sigmagnr": 0.10999999940395355,
            "magzpsci": 26.274200439453125,
            "isdiffpos": "t",
            "ssdistnr": -999.0,
            "ssnamenr": "null",
            "drb": 1.0
        },
        {
            "candid": 1129174310515015002,
            "jd": 2458883.6743171,
            "ra": 72.1476336,
            "dec": -4.8222445,
            "fid": 2,
            "nid": 1129,
            "magpsf": 17.708799362182617,
            "sigmapsf": 0.09391099959611893,
            "magnr": 17.819000244140625,
            "sigmagnr": 0.10999999940395355,
            "magzpsci": 26.181800842285156,
            "isdiffpos": "t",
            "ssdistnr": -999.0,
            "ssnamenr": "null",
            "drb": 0.9979680180549622
        },
        {
            "candid": 1129186680515015035,
            "jd": 2458883.6866898,
            "ra": 72.1477031,
            "dec": -4.8222766,
            "fid": 2,
            "nid": 1129,
            "magpsf": 18.03529930114746,
            "sigmapsf": 0.09983299672603607,
            "magnr": 17.819000244140625,
            "sigmagnr": 0.10999999940395355,
            "magzpsci": 26.228300094604492,
            "isdiffpos": "t",
            "ssdistnr": -999.0,
            "ssnamenr": "null",
            "drb": 0.9992250204086304
        },
        {
            "candid": 1132131370515015001,
            "jd": 2458886.6313773,
            "ra": 72.1476346,
            "dec": -4.8221588,
            "fid": 2,
            "nid": 1132,
            "magpsf": 17.73349952697754,
            "sigmapsf": 0.04765599966049194,
            "magnr": 17.819000244140625,
            "sigmagnr": 0.10999999940395355,
            "magzpsci": 26.28350067138672,
            "isdiffpos": "t",
            "ssdistnr": -999.0,
            "ssnamenr": "null",
            "drb": 1.0
        },
        {
            "candid": 1132164530515015002,
            "jd": 2458886.664537,
            "ra": 72.147607,
            "dec": -4.8222137,
            "fid": 1,
            "nid": 1132,
            "magpsf": 17.975900650024414,
            "sigmapsf": 0.10022299736738205,
            "magnr": 18.14299964904785,
            "sigmagnr": 0.08900000154972076,
            "magzpsci": 26.319900512695312,
            "isdiffpos": "t",
            "ssdistnr": -999.0,
            "ssnamenr": "null",
            "drb": 0.9999989867210388
        },
        {
            "candid": 1136147850515015001,
            "jd": 2458890.6478588,
            "ra": 72.1476251,
            "dec": -4.8221832,
            "fid": 2,
            "nid": 1136,
            "magpsf": 17.775800704956055,
            "sigmapsf": 0.054767999798059464,
            "magnr": 17.819000244140625,
            "sigmagnr": 0.10999999940395355,
            "magzpsci": 26.255800247192383,
            "isdiffpos": "t",
            "ssdistnr": -999.0,
            "ssnamenr": "null",
            "drb": 0.9999979734420776
        },
        {
            "candid": 1136246950515015002,
            "jd": 2458890.746956,
            "ra": 72.1476081,
            "dec": -4.8221768,
            "fid": 1,
            "nid": 1136,
            "magpsf": 18.442800521850586,
            "sigmapsf": 0.17285700142383575,
            "magnr": 18.14299964904785,
            "sigmagnr": 0.08900000154972076,
            "magzpsci": 26.255800247192383,
            "isdiffpos": "t",
            "ssdistnr": -999.0,
            "ssnamenr": "null",
            "drb": 0.983896017074585
        },
        {
            "candid": 1140144090515015002,
            "jd": 2458894.6440972,
            "ra": 72.1476173,
            "dec": -4.8221409,
            "fid": 2,
            "nid": 1140,
            "magpsf": 17.819499969482422,
            "sigmapsf": 0.05015899986028671,
            "magnr": 17.819000244140625,
            "sigmagnr": 0.10999999940395355,
            "magzpsci": 26.262500762939453,
            "isdiffpos": "t",
            "ssdistnr": -999.0,
            "ssnamenr": "null",
            "drb": 1.0
        },
        {
            "candid": 1144131030515015003,
            "jd": 2458898.6310301,
            "ra": 72.1476114,
            "dec": -4.8221481,
            "fid": 2,
            "nid": 1144,
            "magpsf": 17.809099197387695,
            "sigmapsf": 0.05208799988031387,
            "magnr": 17.819000244140625,
            "sigmagnr": 0.10999999940395355,
            "magzpsci": 26.16710090637207,
            "isdiffpos": "t",
            "ssdistnr": -999.0,
            "ssnamenr": "-999.0",
            "drb": null
        },
        {
            "candid": 1144178180515015002,
            "jd": 2458898.6781829,
            "ra": 72.1476154,
            "dec": -4.8221539,
            "fid": 1,
            "nid": 1144,
            "magpsf": 18.38789939880371,
            "sigmapsf": 0.07428500056266785,
            "magnr": 18.14299964904785,
            "sigmagnr": 0.08900000154972076,
            "magzpsci": 26.29490089416504,
            "isdiffpos": "t",
            "ssdistnr": -999.0,
            "ssnamenr": "null",
            "drb": 1.0
        },
        {
            "candid": 1150133090515015002,
            "jd": 2458904.6330903,
            "ra": 72.1476257,
            "dec": -4.8221572,
            "fid": 1,
            "nid": 1150,
            "magpsf": 18.397499084472656,
            "sigmapsf": 0.06282199919223785,
            "magnr": 18.14299964904785,
            "sigmagnr": 0.08900000154972076,
            "magzpsci": 26.280500411987305,
            "isdiffpos": "t",
            "ssdistnr": -999.0,
            "ssnamenr": "null",
            "drb": 1.0
        },
        {
            "candid": 1150172630515015001,
            "jd": 2458904.6726389,
            "ra": 72.1476142,
            "dec": -4.8221547,
            "fid": 2,
            "nid": 1150,
            "magpsf": 17.773300170898438,
            "sigmapsf": 0.05157199874520302,
            "magnr": 17.819000244140625,
            "sigmagnr": 0.10999999940395355,
            "magzpsci": 26.21430015563965,
            "isdiffpos": "t",
            "ssdistnr": -999.0,
            "ssnamenr": "null",
            "drb": 1.0
        },
        {
            "candid": 1157175330515015001,
            "jd": 2458911.6753356,
            "ra": 72.1475788,
            "dec": -4.8222484,
            "fid": 2,
            "nid": 1157,
            "magpsf": 17.899499893188477,
            "sigmapsf": 0.08308500051498413,
            "magnr": 17.819000244140625,
            "sigmagnr": 0.10999999940395355,
            "magzpsci": 26.20549964904785,
            "isdiffpos": "t",
            "ssdistnr": -999.0,
            "ssnamenr": "null",
            "drb": 0.9999849796295166
        },
        {
            "candid": 1160138190515015001,
            "jd": 2458914.6381944,
            "ra": 72.1476234,
            "dec": -4.8221164,
            "fid": 2,
            "nid": 1160,
            "magpsf": 17.732999801635742,
            "sigmapsf": 0.11006999760866165,
            "magnr": 17.819000244140625,
            "sigmagnr": 0.10999999940395355,
            "magzpsci": 25.40399932861328,
            "isdiffpos": "t",
            "ssdistnr": -999.0,
            "ssnamenr": "null",
            "drb": 0.9996669888496399
        },
        {
            "jd": 2458836.92095,
            "fid": 2,
            "diffmaglim": 19.829999923706055
        },
        {
            "jd": 2458846.73086,
            "fid": 1,
            "diffmaglim": 20.34000015258789
        },
        {
            "jd": 2458846.75167,
            "fid": 2,
            "diffmaglim": 20.03499984741211
        },
        {
            "jd": 2458850.64258,
            "fid": 2,
            "diffmaglim": 19.007999420166016
        },
        {
            "jd": 2458850.6822,
            "fid": 1,
            "diffmaglim": 20.025999069213867
        },
        {
            "jd": 2458853.61127,
            "fid": 1,
            "diffmaglim": 18.91900062561035
        },
        {
            "jd": 2458853.67014,
            "fid": 2,
            "diffmaglim": 19.378000259399414
        },
        {
            "jd": 2458856.62163,
            "fid": 1,
            "diffmaglim": 19.069000244140625
        },
        {
            "jd": 2458859.77097,
            "fid": 2,
            "diffmaglim": 19.47800064086914
        },
        {
            "jd": 2458860.68925,
            "fid": 2,
            "diffmaglim": 19.4689998626709
        },
        {
            "jd": 2458860.7125,
            "fid": 2,
            "diffmaglim": 19.16699981689453
        },
        {
            "jd": 2458861.69226,
            "fid": 2,
            "diffmaglim": 19.63599967956543
        },
        {
            "jd": 2458863.66862,
            "fid": 1,
            "diffmaglim": 18.375999450683594
        }
    ],
    "forcedphot": []
}