{
    "objectId": "ZTF23abvgvab",
    "candidates": [
        {
            "candid": 2551468135515015001,
            "jd": 2460305.9681366,
            "ra": 177.3028126,
            "dec": 43.1247665,
            "fid": 2,
            "nid": 2551,
            "magpsf": 17.8351993560791,
            "sigmapsf": 0.14654600620269775,
            "magnr": 20.695999145507812,
            "sigmagnr": 0.10599999874830246,
            "magzpsci": 25.719200134277344,
            "isdiffpos": "t",
            "ssdistnr": null,
            "ssnamenr": null,
            "drb": 0.9992349147796631
        },
        {
            "candid": 2557300255515015000,
            "jd": 2460311.8002546,
            "ra": 177.3028411,
            "dec": 43.1246746,
            "fid": 2,
            "nid": 2557,
            "magpsf": 17.6072998046875,
            "sigmapsf": 0.07360800355672836,
            "magnr": 20.695999145507812,
            "sigmagnr": 0.10599999874830246,
            "magzpsci": 26.143299102783203,
            "isdiffpos": "t",
            "ssdistnr": null,
            "ssnamenr": null,
            "drb": null
        },
        {
            "candid": 2557429385515015006,
            "jd": 2460311.9293866,
            "ra": 177.302826,
            "dec": 43.1246746,
            "fid": 1,
            "nid": 2557,
            "magpsf": 17.739299774169922,
            "sigmapsf": 0.0663980022072792,
            "magnr": 21.115999221801758,
            "sigmagnr": 0.09600000083446503,
            "magzpsci": 26.334299087524414,
            "isdiffpos": "t",
            "ssdistnr": null,
            "ssnamenr": null,
            "drb": null
        },
        {
            "candid": 2561449455515015008,
            "jd": 2460315.949456,
            "ra": 177.3028332,
            "dec": 43.124693,
            "fid": 1,
            "nid": 2561,
            "magpsf": 17.908700942993164,
            "sigmapsf": 0.06023300066590309,
            "magnr": 21.115999221801758,
            "sigmagnr": 0.09600000083446503,
            "magzpsci": 26.35569953918457,
            "isdiffpos": "t",
            "ssdistnr": null,
            "ssnamenr": null,
            "drb": null
        },
        {
            "candid": 2569443945515015008,
            "jd": 2460323.9439468,
            "ra": 177.3028367,
            "dec": 43.1246582,
            "fid": 1,
            "nid": 2569,
            "magpsf": 18.20210075378418,
            "sigmapsf": 0.09312999993562698,
            "magnr": 21.115999221801758,
            "sigmagnr": 0.09600000083446503,
            "magzpsci": 26.355100631713867,
            "isdiffpos": "t",
            "ssdistnr": null,
            "ssnamenr": null,
            "drb": null
        },
        {
            "candid": 2569520975515015006,
            "jd": 2460324.0209722,
            "ra": 177.302826,
            "dec": 43.1246843,
            "fid": 2,
            "nid": 2569,
            "magpsf": 17.79490089416504,
            "sigmapsf": 0.06774000078439713,
            "magnr": 20.695999145507812,
            "sigmagnr": 0.10599999874830246,
            "magzpsci": 26.263900756835938,
            "isdiffpos": "t",
            "ssdistnr": null,
            "ssnamenr": null,
            "drb": null
        },
        {
            "candid": 2572427025515015002,
            "jd": 2460326.9270255,
            "ra": 177.3028311,
            "dec": 43.1247075,
            "fid": 2,
            "nid": 2572,
            "magpsf": 17.78339958190918,
            "sigmapsf": 0.08237600326538086,
            "magnr": 20.695999145507812,
            "sigmagnr": 0.10599999874830246,
            "magzpsci": 25.640399932861328,
            "isdiffpos": "t",
            "ssdistnr": null,
            "ssnamenr": null,
            "drb": null
        },
        {
            "candid": 2572487905515015006,
            "jd": 2460326.9879051,
            "ra": 177.3028427,
            "dec": 43.1247072,
            "fid": 1,
            "nid": 2572,
            "magpsf": 18.271499633789062,
            "sigmapsf": 0.09897500276565552,
            "magnr": 21.115999221801758,
            "sigmagnr": 0.09600000083446503,
            "magzpsci": 26.00149917602539,
            "isdiffpos": "t",
            "ssdistnr": null,
            "ssnamenr": null,
            "drb": null
        },
        {
            "candid": 2584352505515015031,
            "jd": 2460338.8525,
            "ra": 177.3029153,
            "dec": 43.1245712,
            "fid": 2,
            "nid": 2584,
            "magpsf": 17.7455997467041,
            "sigmapsf": 0.18584999442100525,
            "magnr": 20.695999145507812,
            "sigmagnr": 0.10599999874830246,
            "magzpsci": 25.493600845336914,
            "isdiffpos": "t",
            "ssdistnr": null,
            "ssnamenr": null,
            "drb": null
        },
        {
            "candid": 2587275675515015009,
            "jd": 2460341.7756713,
            "ra": 177.3029006,
            "dec": 43.1246706,
            "fid": 1,
            "nid": 2587,
            "magpsf": 18.665700912475586,
            "sigmapsf": 0.09464900195598602,
            "magnr": 21.115999221801758,
            "sigmagnr": 0.09600000083446503,
            "magzpsci": 26.22570037841797,
            "isdiffpos": "t",
            "ssdistnr": null,
            "ssnamenr": null,
            "drb": null
        },
        {
            "candid": 2587383685515015013,
            "jd": 2460341.8836806,
            "ra": 177.3027566,
            "dec": 43.124663,
            "fid": 2,
            "nid": 2587,
            "magpsf": 18.051799774169922,
            "sigmapsf": 0.16724799573421478,
            "magnr": 20.695999145507812,
            "sigmagnr": 0.10599999874830246,
            "magzpsci": 25.150800704956055,
            "isdiffpos": "t",
            "ssdistnr": null,
            "ssnamenr": null,
            "drb": null
        },
        {
            "candid": 2598483355515015006,
            "jd": 2460352.9833565,
            "ra": 177.3028147,
            "dec": 43.1246653,
            "fid": 1,
            "nid": 2598,
            "magpsf": 18.805999755859375,
            "sigmapsf": 0.0956680029630661,
            "magnr": 21.115999221801758,
            "sigmagnr": 0.09600000083446503,
            "magzpsci": 26.354999542236328,
            "isdiffpos": "t",
            "ssdistnr": null,
            "ssnamenr": null,
            "drb": null
        },
        {
            "candid": 2600451685515015006,
            "jd": 2460354.9516898,
            "ra": 177.3028124,
            "dec": 43.1247164,
            "fid": 1,
            "nid": 2600,
            "magpsf": 18.857099533081055,
            "sigmapsf": 0.08389800041913986,
            "magnr": 21.115999221801758,
            "sigmagnr": 0.09600000083446503,
            "magzpsci": 26.35110092163086,
            "isdiffpos": "t",
            "ssdistnr": null,
            "ssnamenr": null,
            "drb": null
        },
        {
            "candid": 2602452825515015008,
            "jd": 2460356.9528241,
            "ra": 177.3028265,
            "dec": 43.1246875,
            "fid": 1,
            "nid": 2602,
            "magpsf": 18.87470054626465,
            "sigmapsf": 0.07964300364255905,
            "magnr": 21.115999221801758,
            "sigmagnr": 0.09600000083446503,
            "magzpsci": 26.36669921875,
            "isdiffpos": "t",
            "ssdistnr": null,
            "ssnamenr": null,
            "drb": null
        },
        {
            "candid": 2609287375515015001,
            "jd": 2460363.7873727,
            "ra": 177.3028026,
            "dec": 43.1247443,
            "fid": 2,
            "nid": 2609,
            "magpsf": 18.227699279785156,
            "sigmapsf": 0.13657499849796295,
            "magnr": 20.695999145507812,
            "sigmagnr": 0.10599999874830246,
            "magzpsci": 25.953699111938477,
            "isdiffpos": "t",
            "ssdistnr": null,
            "ssnamenr": null,
            "drb": null
        },
        {
            "candid": 2609364935515015008,
            "jd": 2460363.8649306,
            "ra": 177.3026845,
            "dec": 43.124731,
            "fid": 1,
            "nid": 2609,
            "magpsf": 18.83049964904785,
            "sigmapsf": 0.23744499683380127,
            "magnr": 21.115999221801758,
            "sigmagnr": 0.09600000083446503,
            "magzpsci": 26.17650032043457,
            "isdiffpos": "t",
            "ssdistnr": null,
            "ssnamenr": null,
            "drb": null
        },
        {
            "candid": 2620410505515015005,
            "jd": 2460374.9105093,
            "ra": 177.3028228,
            "dec": 43.1246857,
            "fid": 1,
            "nid": 2620,
            "magpsf": 19.16320037841797,
            "sigmapsf": 0.1032710000872612,
            "magnr": 21.115999221801758,
            "sigmagnr": 0.09600000083446503,
            "magzpsci": 26.347200393676758,
            "isdiffpos": "t",
            "ssdistnr": null,
            "ssnamenr": null,
            "drb": null
        },
        {
            "candid": 2626309585515015004,
            "jd": 2460380.8095833,
            "ra": 177.3028603,
            "dec": 43.124723,
            "fid": 1,
            "nid": 2626,
            "magpsf": 19.411449432373047,
            "sigmapsf": 0.1617453545331955,
            "magnr": 21.115999221801758,
            "sigmagnr": 0.09600000083446503,
            "magzpsci": 25.935449600219727,
            "isdiffpos": "t",
            "ssdistnr": -999.0,
            "ssnamenr": "null",
            "drb": null
        },
        {
            "jd": 2460287.8642477,
            "fid": 2,
            "diffmaglim": 19.03689956665039
        },
        {
            "jd": 2460287.9698495,
            "fid": 1,
            "diffmaglim": 19.896099090576172
        },
        {
            "jd": 2460289.915162,
            "fid": 1,
            "diffmaglim": 19.678699493408203
        },
        {
            "jd": 2460290.0104977,
            "fid": 2,
            "diffmaglim": 18.399599075317383
        },
        {
            "jd": 2460291.9718171,
            "fid": 1,
            "diffmaglim": 20.802000045776367
        },
        {
            "jd": 2460292.0111343,
            "fid": 2,
            "diffmaglim": 20.548999786376953
        },
        {
            "jd": 2460315.9837731,
            "fid": 2,
            "diffmaglim": 20.420900344848633
        },
        {
            "jd": 2460352.8827662,
            "fid": 2,
            "diffmaglim": 20.41069984436035
        },
        {
            "jd": 2460354.9129051,
            "fid": 2,
            "diffmaglim": 20.501800537109375
        },
        {
            "jd": 2460356.8672569,
            "fid": 2,
            "diffmaglim": 20.85540008544922
        },
        {
            "jd": 2460374.9508449,
            "fid": 2,
            "diffmaglim": 20.557199478149414
        }
    ],
    "forcedphot": [
        {
            "objectid": "ZTF23abvgvab",
            "jd": 2460287.9698495,
            "ranr": 177.3026222,
            "decnr": 43.1246282,
            "fid": 1,
            "forcediffimflux": 11.257956504821777,
            "forcediffimfluxunc": 48.754119873046875,
            "magzpsci": 26.335599899291992
        },
        {
            "objectid": "ZTF23abvgvab",
            "jd": 2460291.9718171,
            "ranr": 177.3026222,
            "decnr": 43.1246282,
            "fid": 1,
            "forcediffimflux": -22.36943817138672,
            "forcediffimfluxunc": 20.960695266723633,
            "magzpsci": 26.356000900268555
        },
        {
            "objectid": "ZTF23abvgvab",
            "jd": 2460292.0111343,
            "ranr": 177.3026757,
            "decnr": 43.1245495,
            "fid": 2,
            "forcediffimflux": 21.860614776611328,
            "forcediffimfluxunc": 25.464214324951172,
            "magzpsci": 26.24340057373047
        },
        {
            "objectid": "ZTF23abvgvab",
            "jd": 2460305.9681366,
            "ranr": 177.3026757,
            "decnr": 43.1245495,
            "fid": 2,
            "forcediffimflux": 1471.0789794921875,
            "forcediffimfluxunc": 115.17898559570312,
            "magzpsci": 25.719200134277344
        },
        {
            "objectid": "ZTF23abvgvab",
            "jd": 2460311.8002546,
            "ranr": 177.3026757,
            "decnr": 43.1245495,
            "fid": 2,
            "forcediffimflux": 2405.81689453125,
            "forcediffimfluxunc": 80.1081771850586,
            "magzpsci": 26.143299102783203
        },
        {
            "objectid": "ZTF23abvgvab",
            "jd": 2460311.9293866,
            "ranr": 177.3026222,
            "decnr": 43.1246282,
            "fid": 1,
            "forcediffimflux": 2650.375732421875,
            "forcediffimfluxunc": 61.85394287109375,
            "magzpsci": 26.334299087524414
        },
        {
            "objectid": "ZTF23abvgvab",
            "jd": 2460315.949456,
            "ranr": 177.3026222,
            "decnr": 43.1246282,
            "fid": 1,
            "forcediffimflux": 2325.049072265625,
            "forcediffimfluxunc": 41.5972785949707,
            "magzpsci": 26.35569953918457
        },
        {
            "objectid": "ZTF23abvgvab",
            "jd": 2460315.9837731,
            "ranr": 177.3026757,
            "decnr": 43.1245495,
            "fid": 2,
            "forcediffimflux": 2732.53955078125,
            "forcediffimfluxunc": 38.55216979980469,
            "magzpsci": 26.26020050048828
        },
        {
            "objectid": "ZTF23abvgvab",
            "jd": 2460323.9439468,
            "ranr": 177.3026222,
            "decnr": 43.1246282,
            "fid": 1,
            "forcediffimflux": 1698.4862060546875,
            "forcediffimfluxunc": 44.05621337890625,
            "magzpsci": 26.355100631713867
        },
        {
            "objectid": "ZTF23abvgvab",
            "jd": 2460324.0209722,
            "ranr": 177.3026757,
            "decnr": 43.1245495,
            "fid": 2,
            "forcediffimflux": 2303.3984375,
            "forcediffimfluxunc": 44.35176467895508,
            "magzpsci": 26.263900756835938
        },
        {
            "objectid": "ZTF23abvgvab",
            "jd": 2460326.9879051,
            "ranr": 177.3026222,
            "decnr": 43.1246282,
            "fid": 1,
            "forcediffimflux": 1306.9388427734375,
            "forcediffimfluxunc": 30.892438888549805,
            "magzpsci": 26.00149917602539
        },
        {
            "objectid": "ZTF23abvgvab",
            "jd": 2460341.7756713,
            "ranr": 177.3026222,
            "decnr": 43.1246282,
            "fid": 1,
            "forcediffimflux": 994.2862548828125,
            "forcediffimfluxunc": 40.72893142700195,
            "magzpsci": 26.22570037841797
        },
        {
            "objectid": "ZTF23abvgvab",
            "jd": 2460352.8827662,
            "ranr": 177.3026757,
            "decnr": 43.1245495,
            "fid": 2,
            "forcediffimflux": 1879.7247314453125,
            "forcediffimfluxunc": 35.977901458740234,
            "magzpsci": 26.263599395751953
        },
        {
            "objectid": "ZTF23abvgvab",
            "jd": 2460352.9833565,
            "ranr": 177.3026222,
            "decnr": 43.1246282,
            "fid": 1,
            "forcediffimflux": 1068.2105712890625,
            "forcediffimfluxunc": 33.331825256347656,
            "magzpsci": 26.354999542236328
        },
        {
            "objectid": "ZTF23abvgvab",
            "jd": 2460354.9129051,
            "ranr": 177.3026757,
            "decnr": 43.1245495,
            "fid": 2,
            "forcediffimflux": 1929.9676513671875,
            "forcediffimfluxunc": 35.56046676635742,
            "magzpsci": 26.2450008392334
        },
        {
            "objectid": "ZTF23abvgvab",
            "jd": 2460354.9516898,
            "ranr": 177.3026222,
            "decnr": 43.1246282,
            "fid": 1,
            "forcediffimflux": 1052.4254150390625,
            "forcediffimfluxunc": 29.374500274658203,
            "magzpsci": 26.35110092163086
        },
        {
            "objectid": "ZTF23abvgvab",
            "jd": 2460356.8672569,
            "ranr": 177.3026757,
            "decnr": 43.1245495,
            "fid": 2,
            "forcediffimflux": 1897.287109375,
            "forcediffimfluxunc": 29.544559478759766,
            "magzpsci": 26.2726993560791
        },
        {
            "objectid": "ZTF23abvgvab",
            "jd": 2460356.9528241,
            "ranr": 177.3026222,
            "decnr": 43.1246282,
            "fid": 1,
            "forcediffimflux": 1032.9100341796875,
            "forcediffimfluxunc": 25.658523559570312,
            "magzpsci": 26.36669921875
        },
        {
            "objectid": "ZTF23abvgvab",
            "jd": 2460363.7873727,
            "ranr": 177.3026757,
            "decnr": 43.1245495,
            "fid": 2,
            "forcediffimflux": 1266.0772705078125,
            "forcediffimfluxunc": 109.87938690185547,
            "magzpsci": 25.953699111938477
        },
        {
            "objectid": "ZTF23abvgvab",
            "jd": 2460363.8649306,
            "ranr": 177.3026222,
            "decnr": 43.1246282,
            "fid": 1,
            "forcediffimflux": 758.57666015625,
            "forcediffimfluxunc": 150.86843872070312,
            "magzpsci": 26.17650032043457
        },
        {
            "objectid": "ZTF23abvgvab",
            "jd": 2460374.9105093,
            "ranr": 177.3026222,
            "decnr": 43.1246282,
            "fid": 1,
            "forcediffimflux": 752.0166015625,
            "forcediffimfluxunc": 29.227590560913086,
            "magzpsci": 26.347200393676758
        },
        {
            "objectid": "ZTF23abvgvab",
            "jd": 2460374.9508449,
            "ranr": 177.3026757,
            "decnr": 43.1245495,
            "fid": 2,
            "forcediffimflux": 1526.4976806640625,
            "forcediffimfluxunc": 32.44964599609375,
            "magzpsci": 26.244300842285156
        }
    ]
}