{
    "objectId": "ZTF20abjatqy",
    "candidates": [
        {
            "candid": 1275275301315015007,
            "jd": 2459029.7753009,
            "ra": 298.9591664,
            "dec": 2.1975422,
            "fid": 1,
            "nid": 1275,
            "magpsf": 18.940099716186523,
            "sigmapsf": 0.16644999384880066,
            "magnr": 18.961000442504883,
            "sigmagnr": 0.08900000154972076,
            "magzpsci": 26.192100524902344,
            "isdiffpos": "t",
            "ssdistnr": -999.0,
            "ssnamenr": "null",
            "drb": 0.9991220235824585
        },
        {
            "candid": 1278336951315015008,
            "jd": 2459032.836956,
            "ra": 298.9591459,
            "dec": 2.1976007,
            "fid": 2,
            "nid": 1278,
            "magpsf": 18.378000259399414,
            "sigmapsf": 0.07902900129556656,
            "magnr": 17.9950008392334,
            "sigmagnr": 0.10000000149011612,
            "magzpsci": 26.18400001525879,
            "isdiffpos": "t",
            "ssdistnr": -999.0,
            "ssnamenr": "null",
            "drb": 1.0
        },
        {
            "candid": 1278463661315015011,
            "jd": 2459032.963669,
            "ra": 298.9591599,
            "dec": 2.197596,
            "fid": 1,
            "nid": 1278,
            "magpsf": 18.637699127197266,
            "sigmapsf": 0.07513199746608734,
            "magnr": 18.961000442504883,
            "sigmagnr": 0.08900000154972076,
            "magzpsci": 26.247699737548828,
            "isdiffpos": "t",
            "ssdistnr": -999.0,
            "ssnamenr": "null",
            "drb": 1.0
        },
        {
            "candid": 1281334721315015001,
            "jd": 2459035.8347222,
            "ra": 298.9591106,
            "dec": 2.1975597,
            "fid": 2,
            "nid": 1281,
            "magpsf": 18.29490089416504,
            "sigmapsf": 0.10736999660730362,
            "magnr": 17.9950008392334,
            "sigmagnr": 0.10000000149011612,
            "magzpsci": 26.20490074157715,
            "isdiffpos": "t",
            "ssdistnr": -999.0,
            "ssnamenr": "null",
            "drb": 1.0
        },
        {
            "candid": 1281443851315015009,
            "jd": 2459035.9438542,
            "ra": 298.9591337,
            "dec": 2.19761,
            "fid": 1,
            "nid": 1281,
            "magpsf": 18.468900680541992,
            "sigmapsf": 0.09881799668073654,
            "magnr": 18.961000442504883,
            "sigmagnr": 0.08900000154972076,
            "magzpsci": 26.26490020751953,
            "isdiffpos": "t",
            "ssdistnr": -999.0,
            "ssnamenr": "null",
            "drb": 0.9999949932098389
        },
        {
            "candid": 1284374801315015005,
            "jd": 2459038.8748032,
            "ra": 298.9591401,
            "dec": 2.1975795,
            "fid": 2,
            "nid": 1284,
            "magpsf": 18.094100952148438,
            "sigmapsf": 0.08565600216388702,
            "magnr": 17.9950008392334,
            "sigmagnr": 0.10000000149011612,
            "magzpsci": 26.21109962463379,
            "isdiffpos": "t",
            "ssdistnr": -999.0,
            "ssnamenr": "null",
            "drb": 0.9998210072517395
        },
        {
            "candid": 1287294201315015013,
            "jd": 2459041.7942014,
            "ra": 298.9591134,
            "dec": 2.1975866,
            "fid": 2,
            "nid": 1287,
            "magpsf": 17.909900665283203,
            "sigmapsf": 0.08853200078010559,
            "magnr": 17.9950008392334,
            "sigmagnr": 0.10000000149011612,
            "magzpsci": 25.02389907836914,
            "isdiffpos": "t",
            "ssdistnr": -999.0,
            "ssnamenr": "null",
            "drb": 0.9999989867210388
        },
        {
            "candid": 1290334471315015010,
            "jd": 2459044.8344792,
            "ra": 298.95915,
            "dec": 2.1975823,
            "fid": 1,
            "nid": 1290,
            "magpsf": 18.450899124145508,
            "sigmapsf": 0.07465299963951111,
            "magnr": 18.961000442504883,
            "sigmagnr": 0.08900000154972076,
            "magzpsci": 26.333900451660156,
            "isdiffpos": "t",
            "ssdistnr": -999.0,
            "ssnamenr": "null",
            "drb": 1.0
        },
        {
            "candid": 1290377931315015007,
            "jd": 2459044.8779398,
            "ra": 298.9591468,
            "dec": 2.1975813,
            "fid": 2,
            "nid": 1290,
            "magpsf": 18.039199829101562,
            "sigmapsf": 0.068231001496315,
            "magnr": 17.9950008392334,
            "sigmagnr": 0.10000000149011612,
            "magzpsci": 26.24220085144043,
            "isdiffpos": "t",
            "ssdistnr": -999.0,
            "ssnamenr": "null",
            "drb": 1.0
        },
        {
            "candid": 1293276901315015011,
            "jd": 2459047.7769097,
            "ra": 298.9591541,
            "dec": 2.1975846,
            "fid": 1,
            "nid": 1293,
            "magpsf": 18.49810028076172,
            "sigmapsf": 0.0662899985909462,
            "magnr": 18.961000442504883,
            "sigmagnr": 0.08900000154972076,
            "magzpsci": 26.326099395751953,
            "isdiffpos": "t",
            "ssdistnr": -999.0,
            "ssnamenr": "null",
            "drb": 1.0
        },
        {
            "candid": 1293398101315015005,
            "jd": 2459047.8981019,
            "ra": 298.9591452,
            "dec": 2.1975749,
            "fid": 2,
            "nid": 1293,
            "magpsf": 17.951400756835938,
            "sigmapsf": 0.0811299979686737,
            "magnr": 17.9950008392334,
            "sigmagnr": 0.10000000149011612,
            "magzpsci": 26.246400833129883,
            "isdiffpos": "t",
            "ssdistnr": -999.0,
            "ssnamenr": "null",
            "drb": 0.9999790191650391
        },
        {
            "candid": 1296295891315015014,
            "jd": 2459050.7958912,
            "ra": 298.9591257,
            "dec": 2.1975765,
            "fid": 2,
            "nid": 1296,
            "magpsf": 17.988800048828125,
            "sigmapsf": 0.06913000345230103,
            "magnr": 17.9950008392334,
            "sigmagnr": 0.10000000149011612,
            "magzpsci": 26.240800857543945,
            "isdiffpos": "t",
            "ssdistnr": -999.0,
            "ssnamenr": "null",
            "drb": 1.0
        },
        {
            "candid": 1296380081315015008,
            "jd": 2459050.880081,
            "ra": 298.9591381,
            "dec": 2.1975814,
            "fid": 1,
            "nid": 1296,
            "magpsf": 18.504100799560547,
            "sigmapsf": 0.08661899715662003,
            "magnr": 18.961000442504883,
            "sigmagnr": 0.08900000154972076,
            "magzpsci": 26.299100875854492,
            "isdiffpos": "t",
            "ssdistnr": -999.0,
            "ssnamenr": "null",
            "drb": 0.9999989867210388
        },
        {
            "candid": 1299358461315015015,
            "jd": 2459053.8584606,
            "ra": 298.9591445,
            "dec": 2.1975847,
            "fid": 1,
            "nid": 1299,
            "magpsf": 18.627599716186523,
            "sigmapsf": 0.0839880034327507,
            "magnr": 18.961000442504883,
            "sigmagnr": 0.08900000154972076,
            "magzpsci": 26.320600509643555,
            "isdiffpos": "t",
            "ssdistnr": -999.0,
            "ssnamenr": "null",
            "drb": 0.9999989867210388
        },
        {
            "candid": 1302367281315015008,
            "jd": 2459056.8672801,
            "ra": 298.9591592,
            "dec": 2.197551,
            "fid": 2,
            "nid": 1302,
            "magpsf": 17.88909912109375,
            "sigmapsf": 0.07497599720954895,
            "magnr": 17.9950008392334,
            "sigmagnr": 0.10000000149011612,
            "magzpsci": 26.22010040283203,
            "isdiffpos": "t",
            "ssdistnr": -999.0,
            "ssnamenr": "null",
            "drb": 0.9999309778213501
        },
        {
            "candid": 1302400321315015005,
            "jd": 2459056.9003241,
            "ra": 298.9591544,
            "dec": 2.1975699,
            "fid": 1,
            "nid": 1302,
            "magpsf": 18.72010040283203,
            "sigmapsf": 0.08695899695158005,
            "magnr": 18.961000442504883,
            "sigmagnr": 0.08900000154972076,
            "magzpsci": 26.25309944152832,
            "isdiffpos": "t",
            "ssdistnr": -999.0,
            "ssnamenr": "null",
            "drb": 1.0
        },
        {
            "candid": 1306326771315015004,
            "jd": 2459060.8267708,
            "ra": 298.9591337,
            "dec": 2.1975776,
            "fid": 1,
            "nid": 1306,
            "magpsf": 18.88450050354004,
            "sigmapsf": 0.11209800094366074,
            "magnr": 18.961000442504883,
            "sigmagnr": 0.08900000154972076,
            "magzpsci": 26.302499771118164,
            "isdiffpos": "t",
            "ssdistnr": -999.0,
            "ssnamenr": "null",
            "drb": 1.0
        },
        {
            "candid": 1307397221315015009,
            "jd": 2459061.8972222,
            "ra": 298.9591284,
            "dec": 2.1975942,
            "fid": 2,
            "nid": 1307,
            "magpsf": 17.99209976196289,
            "sigmapsf": 0.07279600203037262,
            "magnr": 17.9950008392334,
            "sigmagnr": 0.10000000149011612,
            "magzpsci": 26.201099395751953,
            "isdiffpos": "t",
            "ssdistnr": -999.0,
            "ssnamenr": "null",
            "drb": 1.0
        },
        {
            "candid": 1309423031315015008,
            "jd": 2459063.9230324,
            "ra": 298.9591164,
            "dec": 2.1975729,
            "fid": 1,
            "nid": 1309,
            "magpsf": 19.021299362182617,
            "sigmapsf": 0.2322389930486679,
            "magnr": 18.961000442504883,
            "sigmagnr": 0.08900000154972076,
            "magzpsci": 26.196300506591797,
            "isdiffpos": "t",
            "ssdistnr": -999.0,
            "ssnamenr": "-999.0",
            "drb": null
        },
        {
            "candid": 1313325791315015003,
            "jd": 2459067.8257986,
            "ra": 298.9591373,
            "dec": 2.1975848,
            "fid": 1,
            "nid": 1313,
            "magpsf": 19.09429931640625,
            "sigmapsf": 0.157368004322052,
            "magnr": 18.961000442504883,
            "sigmagnr": 0.08900000154972076,
            "magzpsci": 26.312299728393555,
            "isdiffpos": "t",
            "ssdistnr": -999.0,
            "ssnamenr": "null",
            "drb": 0.9997329711914062
        },
        {
            "candid": 1316297961315015018,
            "jd": 2459070.797963,
            "ra": 298.9591345,
            "dec": 2.1975686,
            "fid": 2,
            "nid": 1316,
            "magpsf": 18.06679916381836,
            "sigmapsf": 0.06784600019454956,
            "magnr": 17.9950008392334,
            "sigmagnr": 0.10000000149011612,
            "magzpsci": 26.251800537109375,
            "isdiffpos": "t",
            "ssdistnr": -999.0,
            "ssnamenr": "-999.0",
            "drb": null
        },
        {
            "candid": 1316316161315015004,
            "jd": 2459070.816169,
            "ra": 298.9591414,
            "dec": 2.1975776,
            "fid": 1,
            "nid": 1316,
            "magpsf": 19.038999557495117,
            "sigmapsf": 0.11169400066137314,
            "magnr": 18.961000442504883,
            "sigmagnr": 0.08900000154972076,
            "magzpsci": 26.32200050354004,
            "isdiffpos": "t",
            "ssdistnr": -999.0,
            "ssnamenr": "-999.0",
            "drb": null
        },
        {
            "candid": 1319297741315015011,
            "jd": 2459073.7977431,
            "ra": 298.9591183,
            "dec": 2.1975797,
            "fid": 2,
            "nid": 1319,
            "magpsf": 18.096500396728516,
            "sigmapsf": 0.07168400287628174,
            "magnr": 17.9950008392334,
            "sigmagnr": 0.10000000149011612,
            "magzpsci": 26.237499237060547,
            "isdiffpos": "t",
            "ssdistnr": -999.0,
            "ssnamenr": "null",
            "drb": 1.0
        },
        {
            "candid": 1319315281315015009,
            "jd": 2459073.8152894,
            "ra": 298.9591658,
            "dec": 2.197571,
            "fid": 1,
            "nid": 1319,
            "magpsf": 19.208499908447266,
            "sigmapsf": 0.10469599813222885,
            "magnr": 18.961000442504883,
            "sigmagnr": 0.08900000154972076,
            "magzpsci": 26.29450035095215,
            "isdiffpos": "t",
            "ssdistnr": -999.0,
            "ssnamenr": "null",
            "drb": 0.999983012676239
        },
        {
            "candid": 1322273481315015068,
            "jd": 2459076.7734838,
            "ra": 298.9591401,
            "dec": 2.1975149,
            "fid": 1,
            "nid": 1322,
            "magpsf": 19.339099884033203,
            "sigmapsf": 0.23056699335575104,
            "magnr": 18.961000442504883,
            "sigmagnr": 0.08900000154972076,
            "magzpsci": 25.374099731445312,
            "isdiffpos": "t",
            "ssdistnr": -999.0,
            "ssnamenr": "-999.0",
            "drb": null
        },
        {
            "candid": 1324328341315015009,
            "jd": 2459078.8283449,
            "ra": 298.9591342,
            "dec": 2.1975771,
            "fid": 2,
            "nid": 1324,
            "magpsf": 18.10260009765625,
            "sigmapsf": 0.07778800278902054,
            "magnr": 17.9950008392334,
            "sigmagnr": 0.10000000149011612,
            "magzpsci": 26.143600463867188,
            "isdiffpos": "t",
            "ssdistnr": -999.0,
            "ssnamenr": "null",
            "drb": 0.9998430013656616
        },
        {
            "candid": 1325296971315015013,
            "jd": 2459079.7969792,
            "ra": 298.9591191,
            "dec": 2.197591,
            "fid": 2,
            "nid": 1325,
            "magpsf": 18.180700302124023,
            "sigmapsf": 0.08118300139904022,
            "magnr": 17.9950008392334,
            "sigmagnr": 0.10000000149011612,
            "magzpsci": 26.122699737548828,
            "isdiffpos": "t",
            "ssdistnr": -999.0,
            "ssnamenr": "null",
            "drb": 0.9999520182609558
        },
        {
            "candid": 1325320681315015007,
            "jd": 2459079.8206829,
            "ra": 298.9591412,
            "dec": 2.1975958,
            "fid": 1,
            "nid": 1325,
            "magpsf": 19.276199340820312,
            "sigmapsf": 0.13874900341033936,
            "magnr": 18.961000442504883,
            "sigmagnr": 0.08900000154972076,
            "magzpsci": 26.119199752807617,
            "isdiffpos": "t",
            "ssdistnr": -999.0,
            "ssnamenr": "null",
            "drb": 0.9999970197677612
        },
        {
            "candid": 1328274641315015011,
            "jd": 2459082.7746412,
            "ra": 298.9591393,
            "dec": 2.1975608,
            "fid": 1,
            "nid": 1328,
            "magpsf": 19.583999633789062,
            "sigmapsf": 0.1357640027999878,
            "magnr": 18.961000442504883,
            "sigmagnr": 0.08900000154972076,
            "magzpsci": 25.927000045776367,
            "isdiffpos": "t",
            "ssdistnr": -999.0,
            "ssnamenr": "null",
            "drb": 1.0
        },
        {
            "candid": 1331256081315015014,
            "jd": 2459085.756088,
            "ra": 298.9591796,
            "dec": 2.1975774,
            "fid": 1,
            "nid": 1331,
            "magpsf": 19.47559928894043,
            "sigmapsf": 0.122748002409935,
            "magnr": 18.961000442504883,
            "sigmagnr": 0.08900000154972076,
            "magzpsci": 26.292600631713867,
            "isdiffpos": "t",
            "ssdistnr": -999.0,
            "ssnamenr": "null",
            "drb": 1.0
        },
        {
            "candid": 1340209651315015006,
            "jd": 2459094.7096528,
            "ra": 298.9592497,
            "dec": 2.1975751,
            "fid": 1,
            "nid": 1340,
            "magpsf": 19.36639976501465,
            "sigmapsf": 0.2722029983997345,
            "magnr": 18.961000442504883,
            "sigmagnr": 0.08900000154972076,
            "magzpsci": 26.132400512695312,
            "isdiffpos": "t",
            "ssdistnr": -999.0,
            "ssnamenr": "-999.0",
            "drb": null
        },
        {
            "candid": 1340310201315015003,
            "jd": 2459094.8102083,
            "ra": 298.9591667,
            "dec": 2.1975434,
            "fid": 2,
            "nid": 1340,
            "magpsf": 18.215099334716797,
            "sigmapsf": 0.12275499850511551,
            "magnr": 17.9950008392334,
            "sigmagnr": 0.10000000149011612,
            "magzpsci": 26.052099227905273,
            "isdiffpos": "t",
            "ssdistnr": -999.0,
            "ssnamenr": "null",
            "drb": 0.9999729990959167
        },
        {
            "candid": 1354268931315015010,
            "jd": 2459108.7689352,
            "ra": 298.9591316,
            "dec": 2.1975184,
            "fid": 1,
            "nid": 1354,
            "magpsf": 19.6200008392334,
            "sigmapsf": 0.2537879943847656,
            "magnr": 18.961000442504883,
            "sigmagnr": 0.08900000154972076,
            "magzpsci": 25.273000717163086,
            "isdiffpos": "t",
            "ssdistnr": -999.0,
            "ssnamenr": "-999.0",
            "drb": null
        },
        {
            "candid": 1357148781315015014,
            "jd": 2459111.6487847,
            "ra": 298.9591491,
            "dec": 2.1975579,
            "fid": 1,
            "nid": 1357,
            "magpsf": 19.80820083618164,
            "sigmapsf": 0.1726199984550476,
            "magnr": 18.961000442504883,
            "sigmagnr": 0.08900000154972076,
            "magzpsci": 26.07819938659668,
            "isdiffpos": "t",
            "ssdistnr": -999.0,
            "ssnamenr": "null",
            "drb": 0.9999759793281555
        },
        {
            "candid": 1357244761315015005,
            "jd": 2459111.7447685,
            "ra": 298.9591389,
            "dec": 2.1975775,
            "fid": 2,
            "nid": 1357,
            "magpsf": 18.348400115966797,
            "sigmapsf": 0.090939000248909,
            "magnr": 17.9950008392334,
            "sigmagnr": 0.10000000149011612,
            "magzpsci": 26.035400390625,
            "isdiffpos": "t",
            "ssdistnr": -999.0,
            "ssnamenr": "null",
            "drb": 0.9999889731407166
        },
        {
            "candid": 1360212121315015012,
            "jd": 2459114.7121296,
            "ra": 298.9591641,
            "dec": 2.1975934,
            "fid": 1,
            "nid": 1360,
            "magpsf": 19.72800064086914,
            "sigmapsf": 0.1641860008239746,
            "magnr": 18.961000442504883,
            "sigmagnr": 0.08900000154972076,
            "magzpsci": 26.132999420166016,
            "isdiffpos": "t",
            "ssdistnr": -999.0,
            "ssnamenr": "null",
            "drb": 0.999983012676239
        },
        {
            "candid": 1360281851315015014,
            "jd": 2459114.7818519,
            "ra": 298.9591428,
            "dec": 2.1975669,
            "fid": 2,
            "nid": 1360,
            "magpsf": 18.36910057067871,
            "sigmapsf": 0.0987740010023117,
            "magnr": 17.9950008392334,
            "sigmagnr": 0.10000000149011612,
            "magzpsci": 26.023099899291992,
            "isdiffpos": "t",
            "ssdistnr": -999.0,
            "ssnamenr": "null",
            "drb": 1.0
        },
        {
            "candid": 1369277331315015004,
            "jd": 2459123.777338,
            "ra": 298.9590734,
            "dec": 2.1975545,
            "fid": 2,
            "nid": 1369,
            "magpsf": 18.522899627685547,
            "sigmapsf": 0.21592800319194794,
            "magnr": 17.9950008392334,
            "sigmagnr": 0.10000000149011612,
            "magzpsci": 26.017900466918945,
            "isdiffpos": "t",
            "ssdistnr": -999.0,
            "ssnamenr": "null",
            "drb": 0.9998869895935059
        },
        {
            "candid": 1374182711315015006,
            "jd": 2459128.6827199,
            "ra": 298.9591564,
            "dec": 2.1975283,
            "fid": 1,
            "nid": 1374,
            "magpsf": 19.817899703979492,
            "sigmapsf": 0.23106800019741058,
            "magnr": 18.961000442504883,
            "sigmagnr": 0.08900000154972076,
            "magzpsci": 26.117900848388672,
            "isdiffpos": "t",
            "ssdistnr": -999.0,
            "ssnamenr": "-999.0",
            "drb": null
        },
        {
            "candid": 1374245721315015007,
            "jd": 2459128.7457292,
            "ra": 298.9591336,
            "dec": 2.1975856,
            "fid": 2,
            "nid": 1374,
            "magpsf": 18.455799102783203,
            "sigmapsf": 0.10359500348567963,
            "magnr": 17.9950008392334,
            "sigmagnr": 0.10000000149011612,
            "magzpsci": 26.036800384521484,
            "isdiffpos": "t",
            "ssdistnr": -999.0,
            "ssnamenr": "null",
            "drb": 0.9999989867210388
        },
        {
            "candid": 1376202871315015005,
            "jd": 2459130.7028704,
            "ra": 298.9591129,
            "dec": 2.1975536,
            "fid": 2,
            "nid": 1376,
            "magpsf": 18.534400939941406,
            "sigmapsf": 0.08237399905920029,
            "magnr": 17.9950008392334,
            "sigmagnr": 0.10000000149011612,
            "magzpsci": 26.20639991760254,
            "isdiffpos": "t",
            "ssdistnr": -999.0,
            "ssnamenr": "null",
            "drb": 1.0
        },
        {
            "candid": 1381170461315015007,
            "jd": 2459135.670463,
            "ra": 298.9591537,
            "dec": 2.1975764,
            "fid": 2,
            "nid": 1381,
            "magpsf": 18.51729965209961,
            "sigmapsf": 0.0893239974975586,
            "magnr": 17.9950008392334,
            "sigmagnr": 0.10000000149011612,
            "magzpsci": 26.17329978942871,
            "isdiffpos": "t",
            "ssdistnr": -999.0,
            "ssnamenr": "null",
            "drb": 0.9999520182609558
        },
        {
            "candid": 1381213731315015008,
            "jd": 2459135.7137384,
            "ra": 298.9591047,
            "dec": 2.1975309,
            "fid": 1,
            "nid": 1381,
            "magpsf": 20.302900314331055,
            "sigmapsf": 0.2283809930086136,
            "magnr": 18.961000442504883,
            "sigmagnr": 0.08900000154972076,
            "magzpsci": 26.18790054321289,
            "isdiffpos": "t",
            "ssdistnr": -999.0,
            "ssnamenr": "-999.0",
            "drb": null
        },
        {
            "candid": 1383165591315015007,
            "jd": 2459137.6655903,
            "ra": 298.9591094,
            "dec": 2.1975271,
            "fid": 1,
            "nid": 1383,
            "magpsf": 20.430299758911133,
            "sigmapsf": 0.2513749897480011,
            "magnr": 18.961000442504883,
            "sigmagnr": 0.08900000154972076,
            "magzpsci": 26.230300903320312,
            "isdiffpos": "t",
            "ssdistnr": -999.0,
            "ssnamenr": "-999.0",
            "drb": null
        },
        {
            "candid": 1383180021315015010,
            "jd": 2459137.6800231,
            "ra": 298.9591603,
            "dec": 2.1975961,
            "fid": 2,
            "nid": 1383,
            "magpsf": 18.62470054626465,
            "sigmapsf": 0.09132800251245499,
            "magnr": 17.9950008392334,
            "sigmagnr": 0.10000000149011612,
            "magzpsci": 26.17970085144043,
            "isdiffpos": "t",
            "ssdistnr": -999.0,
            "ssnamenr": "null",
            "drb": 0.9999979734420776
        },
        {
            "candid": 1385248391315015011,
            "jd": 2459139.7483912,
            "ra": 298.9591669,
            "dec": 2.1975814,
            "fid": 2,
            "nid": 1385,
            "magpsf": 18.66469955444336,
            "sigmapsf": 0.12066499888896942,
            "magnr": 17.9950008392334,
            "sigmagnr": 0.10000000149011612,
            "magzpsci": 25.94969940185547,
            "isdiffpos": "t",
            "ssdistnr": -999.0,
            "ssnamenr": "null",
            "drb": 0.9999989867210388
        },
        {
            "candid": 1387149431315015007,
            "jd": 2459141.6494329,
            "ra": 298.959124,
            "dec": 2.1975299,
            "fid": 2,
            "nid": 1387,
            "magpsf": 18.632999420166016,
            "sigmapsf": 0.10470999777317047,
            "magnr": 17.9950008392334,
            "sigmagnr": 0.10000000149011612,
            "magzpsci": 26.06800079345703,
            "isdiffpos": "t",
            "ssdistnr": -999.0,
            "ssnamenr": "null",
            "drb": 0.9999549984931946
        },
        {
            "candid": 1389184121315015006,
            "jd": 2459143.6841204,
            "ra": 298.9591218,
            "dec": 2.1976002,
            "fid": 1,
            "nid": 1389,
            "magpsf": 20.32040023803711,
            "sigmapsf": 0.19766999781131744,
            "magnr": 18.961000442504883,
            "sigmagnr": 0.08900000154972076,
            "magzpsci": 26.222400665283203,
            "isdiffpos": "t",
            "ssdistnr": -999.0,
            "ssnamenr": "null",
            "drb": 0.9999729990959167
        },
        {
            "candid": 1391122001315015010,
            "jd": 2459145.6220023,
            "ra": 298.9591397,
            "dec": 2.1975793,
            "fid": 2,
            "nid": 1391,
            "magpsf": 18.760400772094727,
            "sigmapsf": 0.14108699560165405,
            "magnr": 17.9950008392334,
            "sigmagnr": 0.10000000149011612,
            "magzpsci": 26.20240020751953,
            "isdiffpos": "t",
            "ssdistnr": -999.0,
            "ssnamenr": "null",
            "drb": 0.9999549984931946
        },
        {
            "candid": 1396197961315015006,
            "jd": 2459150.697963,
            "ra": 298.9591126,
            "dec": 2.1974565,
            "fid": 2,
            "nid": 1396,
            "magpsf": 18.770000457763672,
            "sigmapsf": 0.16249099373817444,
            "magnr": 17.9950008392334,
            "sigmagnr": 0.10000000149011612,
            "magzpsci": 26.19300079345703,
            "isdiffpos": "t",
            "ssdistnr": -999.0,
            "ssnamenr": "null",
            "drb": 0.9998909831047058
        },
        {
            "candid": 1400141621315015008,
            "jd": 2459154.6416204,
            "ra": 298.9591446,
            "dec": 2.1975493,
            "fid": 2,
            "nid": 1400,
            "magpsf": 19.213499069213867,
            "sigmapsf": 0.17843900620937347,
            "magnr": 17.9950008392334,
            "sigmagnr": 0.10000000149011612,
            "magzpsci": 26.24850082397461,
            "isdiffpos": "t",
            "ssdistnr": -999.0,
            "ssnamenr": "null",
            "drb": 0.9999979734420776
        },
        {
            "candid": 1403107381315015013,
            "jd": 2459157.6073843,
            "ra": 298.9591673,
            "dec": 2.1976012,
            "fid": 2,
            "nid": 1403,
            "magpsf": 19.33370018005371,
            "sigmapsf": 0.11994799971580505,
            "magnr": 17.9950008392334,
            "sigmagnr": 0.10000000149011612,
            "magzpsci": 26.207700729370117,
            "isdiffpos": "t",
            "ssdistnr": -999.0,
            "ssnamenr": "null",
            "drb": 0.9999920129776001
        },
        {
            "jd": 2459001.8999,
            "fid": 1,
            "diffmaglim": 20.125999450683594
        },
        {
            "jd": 2459001.95356,
            "fid": 2,
            "diffmaglim": 20.219999313354492
        },
        {
            "jd": 2459010.96051,
            "fid": 1,
            "diffmaglim": 19.677000045776367
        },
        {
            "jd": 2459013.88845,
            "fid": 1,
            "diffmaglim": 20.374000549316406
        },
        {
            "jd": 2459016.86115,
            "fid": 1,
            "diffmaglim": 19.482999801635742
        },
        {
            "jd": 2459016.96145,
            "fid": 2,
            "diffmaglim": 20.594999313354492
        },
        {
            "jd": 2459019.87462,
            "fid": 2,
            "diffmaglim": 20.77899932861328
        },
        {
            "jd": 2459022.87278,
            "fid": 1,
            "diffmaglim": 20.611000061035156
        },
        {
            "jd": 2459022.96181,
            "fid": 2,
            "diffmaglim": 20.816999435424805
        },
        {
            "jd": 2459025.87907,
            "fid": 2,
            "diffmaglim": 20.440000534057617
        },
        {
            "jd": 2459070.79796,
            "fid": 2,
            "diffmaglim": 20.5939998626709
        },
        {
            "jd": 2459070.81617,
            "fid": 1,
            "diffmaglim": 20.398000717163086
        },
        {
            "jd": 2459097.69243,
            "fid": 1,
            "diffmaglim": 19.882999420166016
        },
        {
            "jd": 2459126.68539,
            "fid": 2,
            "diffmaglim": 18.548999786376953
        },
        {
            "jd": 2459130.68557,
            "fid": 1,
            "diffmaglim": 20.391000747680664
        },
        {
            "jd": 2459139.68669,
            "fid": 1,
            "diffmaglim": 20.350000381469727
        },
        {
            "jd": 2459141.72955,
            "fid": 1,
            "diffmaglim": 18.02400016784668
        },
        {
            "jd": 2459149.61764,
            "fid": 2,
            "diffmaglim": 18.68600082397461
        },
        {
            "jd": 2459150.64564,
            "fid": 1,
            "diffmaglim": 19.615999221801758
        },
        {
            "jd": 2459152.62381,
            "fid": 1,
            "diffmaglim": 19.759000778198242
        },
        {
            "jd": 2459152.67226,
            "fid": 2,
            "diffmaglim": 18.565000534057617
        },
        {
            "jd": 2459154.7035,
            "fid": 1,
            "diffmaglim": 18.020999908447266
        }
    ],
    "forcedphot": []
}