{
    "objectId": "ZTF24acaeozu",
    "candidates": [
        {
            "candid": 2919278325715015006,
            "jd": 2460673.7783218,
            "ra": 78.8079122,
            "dec": 58.3622456,
            "fid": 2,
            "nid": 2919,
            "magpsf": 20.77199935913086,
            "sigmapsf": 0.2794620096683502,
            "magnr": 21.46500015258789,
            "sigmagnr": 0.13300000131130219,
            "magzpsci": 26.20599937438965,
            "isdiffpos": "t",
            "ssdistnr": null,
            "ssnamenr": null,
            "drb": null
        },
        {
            "candid": 2921195260315015015,
            "jd": 2460675.6952662,
            "ra": 78.8081703,
            "dec": 58.3623127,
            "fid": 2,
            "nid": 2921,
            "magpsf": 20.276399612426758,
            "sigmapsf": 0.23284800350666046,
            "magnr": 21.343000411987305,
            "sigmagnr": 0.11900000274181366,
            "magzpsci": 26.071399688720703,
            "isdiffpos": "t",
            "ssdistnr": null,
            "ssnamenr": null,
            "drb": null
        },
        {
            "candid": 2923241060315025011,
            "jd": 2460677.7410648,
            "ra": 78.8080142,
            "dec": 58.3622604,
            "fid": 2,
            "nid": 2923,
            "magpsf": 20.15880012512207,
            "sigmapsf": 0.2243259996175766,
            "magnr": 21.343000411987305,
            "sigmagnr": 0.11900000274181366,
            "magzpsci": 26.07080078125,
            "isdiffpos": "t",
            "ssdistnr": null,
            "ssnamenr": null,
            "drb": null
        },
        {
            "candid": 2923263045715025002,
            "jd": 2460677.763044,
            "ra": 78.8080096,
            "dec": 58.3622164,
            "fid": 2,
            "nid": 2923,
            "magpsf": 20.048999786376953,
            "sigmapsf": 0.20468400418758392,
            "magnr": 21.46500015258789,
            "sigmagnr": 0.13300000131130219,
            "magzpsci": 26.201000213623047,
            "isdiffpos": "t",
            "ssdistnr": null,
            "ssnamenr": null,
            "drb": null
        },
        {
            "candid": 2923325645715035004,
            "jd": 2460677.8256481,
            "ra": 78.8080054,
            "dec": 58.3622987,
            "fid": 1,
            "nid": 2923,
            "magpsf": 20.36520004272461,
            "sigmapsf": 0.2847749888896942,
            "magnr": 22.83099937438965,
            "sigmagnr": 0.28299999237060547,
            "magzpsci": 26.141199111938477,
            "isdiffpos": "t",
            "ssdistnr": null,
            "ssnamenr": null,
            "drb": null
        },
        {
            "candid": 2925177000315015015,
            "jd": 2460679.6770023,
            "ra": 78.8080414,
            "dec": 58.3622795,
            "fid": 2,
            "nid": 2925,
            "magpsf": 19.882099151611328,
            "sigmapsf": 0.1629430055618286,
            "magnr": 21.343000411987305,
            "sigmagnr": 0.11900000274181366,
            "magzpsci": 26.089099884033203,
            "isdiffpos": "t",
            "ssdistnr": null,
            "ssnamenr": null,
            "drb": null
        },
        {
            "candid": 2925224370315015022,
            "jd": 2460679.724375,
            "ra": 78.8079473,
            "dec": 58.3623626,
            "fid": 1,
            "nid": 2925,
            "magpsf": 20.314300537109375,
            "sigmapsf": 0.21084600687026978,
            "magnr": 21.461999893188477,
            "sigmagnr": 0.09799999743700027,
            "magzpsci": 26.205299377441406,
            "isdiffpos": "t",
            "ssdistnr": null,
            "ssnamenr": null,
            "drb": null
        },
        {
            "candid": 2925244025715015008,
            "jd": 2460679.7440278,
            "ra": 78.8081507,
            "dec": 58.3622479,
            "fid": 1,
            "nid": 2925,
            "magpsf": 20.39620018005371,
            "sigmapsf": 0.26956498622894287,
            "magnr": 22.83099937438965,
            "sigmagnr": 0.28299999237060547,
            "magzpsci": 26.31220054626465,
            "isdiffpos": "t",
            "ssdistnr": null,
            "ssnamenr": null,
            "drb": null
        },
        {
            "candid": 2925329245715015009,
            "jd": 2460679.8292477,
            "ra": 78.8080913,
            "dec": 58.3622798,
            "fid": 2,
            "nid": 2925,
            "magpsf": 19.87929916381836,
            "sigmapsf": 0.1929129958152771,
            "magnr": 21.46500015258789,
            "sigmagnr": 0.13300000131130219,
            "magzpsci": 26.20829963684082,
            "isdiffpos": "t",
            "ssdistnr": null,
            "ssnamenr": null,
            "drb": null
        },
        {
            "candid": 2927220945715015011,
            "jd": 2460681.7209491,
            "ra": 78.8082461,
            "dec": 58.3623512,
            "fid": 1,
            "nid": 2927,
            "magpsf": 20.23189926147461,
            "sigmapsf": 0.2737630009651184,
            "magnr": 22.83099937438965,
            "sigmagnr": 0.28299999237060547,
            "magzpsci": 26.269899368286133,
            "isdiffpos": "t",
            "ssdistnr": null,
            "ssnamenr": null,
            "drb": null
        },
        {
            "candid": 2932320105715015003,
            "jd": 2460686.8201042,
            "ra": 78.8080555,
            "dec": 58.3622219,
            "fid": 2,
            "nid": 2932,
            "magpsf": 19.489299774169922,
            "sigmapsf": 0.1872369945049286,
            "magnr": 21.46500015258789,
            "sigmagnr": 0.13300000131130219,
            "magzpsci": 26.202299118041992,
            "isdiffpos": "t",
            "ssdistnr": null,
            "ssnamenr": null,
            "drb": null
        },
        {
            "candid": 2933332040315015044,
            "jd": 2460687.8320486,
            "ra": 78.8080094,
            "dec": 58.362107,
            "fid": 2,
            "nid": 2933,
            "magpsf": 19.317399978637695,
            "sigmapsf": 0.2880539894104004,
            "magnr": 21.343000411987305,
            "sigmagnr": 0.11900000274181366,
            "magzpsci": 26.069400787353516,
            "isdiffpos": "t",
            "ssdistnr": null,
            "ssnamenr": null,
            "drb": null
        },
        {
            "candid": 2934238925715015003,
            "jd": 2460688.7389236,
            "ra": 78.8078796,
            "dec": 58.3621796,
            "fid": 2,
            "nid": 2934,
            "magpsf": 19.125099182128906,
            "sigmapsf": 0.25289198756217957,
            "magnr": 21.46500015258789,
            "sigmagnr": 0.13300000131130219,
            "magzpsci": 26.19610023498535,
            "isdiffpos": "t",
            "ssdistnr": null,
            "ssnamenr": null,
            "drb": null
        },
        {
            "candid": 2936182445715015001,
            "jd": 2460690.6824421,
            "ra": 78.8077876,
            "dec": 58.3621754,
            "fid": 2,
            "nid": 2936,
            "magpsf": 19.083900451660156,
            "sigmapsf": 0.24862700700759888,
            "magnr": 21.46500015258789,
            "sigmagnr": 0.13300000131130219,
            "magzpsci": 26.192899703979492,
            "isdiffpos": "t",
            "ssdistnr": null,
            "ssnamenr": null,
            "drb": null
        },
        {
            "candid": 2937183340315015137,
            "jd": 2460691.6833449,
            "ra": 78.8079626,
            "dec": 58.3621733,
            "fid": 1,
            "nid": 2937,
            "magpsf": 19.514699935913086,
            "sigmapsf": 0.19845999777317047,
            "magnr": 21.461999893188477,
            "sigmagnr": 0.09799999743700027,
            "magzpsci": 26.066699981689453,
            "isdiffpos": "t",
            "ssdistnr": null,
            "ssnamenr": null,
            "drb": null
        },
        {
            "candid": 2938202665715015004,
            "jd": 2460692.702662,
            "ra": 78.8079712,
            "dec": 58.3623268,
            "fid": 2,
            "nid": 2938,
            "magpsf": 18.978500366210938,
            "sigmapsf": 0.15334899723529816,
            "magnr": 21.46500015258789,
            "sigmagnr": 0.13300000131130219,
            "magzpsci": 25.91550064086914,
            "isdiffpos": "t",
            "ssdistnr": null,
            "ssnamenr": null,
            "drb": null
        },
        {
            "candid": 2938402405715015005,
            "jd": 2460692.9024074,
            "ra": 78.8081012,
            "dec": 58.3622219,
            "fid": 1,
            "nid": 2938,
            "magpsf": 19.670000076293945,
            "sigmapsf": 0.2521679997444153,
            "magnr": 22.83099937438965,
            "sigmagnr": 0.28299999237060547,
            "magzpsci": 26.195999145507812,
            "isdiffpos": "t",
            "ssdistnr": null,
            "ssnamenr": null,
            "drb": null
        },
        {
            "candid": 2939206370315015008,
            "jd": 2460693.7063773,
            "ra": 78.8080236,
            "dec": 58.3622682,
            "fid": 1,
            "nid": 2939,
            "magpsf": 19.56800079345703,
            "sigmapsf": 0.1368270069360733,
            "magnr": 21.461999893188477,
            "sigmagnr": 0.09799999743700027,
            "magzpsci": 26.195999145507812,
            "isdiffpos": "t",
            "ssdistnr": null,
            "ssnamenr": null,
            "drb": null
        },
        {
            "candid": 2939287750315015013,
            "jd": 2460693.7877546,
            "ra": 78.8080074,
            "dec": 58.3622693,
            "fid": 2,
            "nid": 2939,
            "magpsf": 19.006099700927734,
            "sigmapsf": 0.11280599981546402,
            "magnr": 21.343000411987305,
            "sigmagnr": 0.11900000274181366,
            "magzpsci": 26.081199645996094,
            "isdiffpos": "t",
            "ssdistnr": null,
            "ssnamenr": null,
            "drb": null
        },
        {
            "candid": 2940220335715015004,
            "jd": 2460694.7203356,
            "ra": 78.808072,
            "dec": 58.362275,
            "fid": 1,
            "nid": 2940,
            "magpsf": 19.611000061035156,
            "sigmapsf": 0.14326299726963043,
            "magnr": 22.83099937438965,
            "sigmagnr": 0.28299999237060547,
            "magzpsci": 26.28700065612793,
            "isdiffpos": "t",
            "ssdistnr": null,
            "ssnamenr": null,
            "drb": null
        },
        {
            "candid": 2941177930315015007,
            "jd": 2460695.6779398,
            "ra": 78.8080496,
            "dec": 58.3622655,
            "fid": 1,
            "nid": 2941,
            "magpsf": 19.7012996673584,
            "sigmapsf": 0.13261300325393677,
            "magnr": 21.461999893188477,
            "sigmagnr": 0.09799999743700027,
            "magzpsci": 26.207300186157227,
            "isdiffpos": "t",
            "ssdistnr": null,
            "ssnamenr": null,
            "drb": null
        },
        {
            "candid": 2944136680315015007,
            "jd": 2460698.6366898,
            "ra": 78.80816,
            "dec": 58.3622012,
            "fid": 1,
            "nid": 2944,
            "magpsf": 19.657699584960938,
            "sigmapsf": 0.2026900053024292,
            "magnr": 21.461999893188477,
            "sigmagnr": 0.09799999743700027,
            "magzpsci": 26.178699493408203,
            "isdiffpos": "t",
            "ssdistnr": null,
            "ssnamenr": null,
            "drb": null
        },
        {
            "candid": 2944182250315015010,
            "jd": 2460698.6822569,
            "ra": 78.8079608,
            "dec": 58.362198,
            "fid": 2,
            "nid": 2944,
            "magpsf": 19.094200134277344,
            "sigmapsf": 0.1488330066204071,
            "magnr": 21.343000411987305,
            "sigmagnr": 0.11900000274181366,
            "magzpsci": 26.06719970703125,
            "isdiffpos": "t",
            "ssdistnr": null,
            "ssnamenr": null,
            "drb": null
        },
        {
            "candid": 2945217835715015000,
            "jd": 2460699.7178356,
            "ra": 78.8079613,
            "dec": 58.3621762,
            "fid": 2,
            "nid": 2945,
            "magpsf": 19.113500595092773,
            "sigmapsf": 0.19612500071525574,
            "magnr": 21.46500015258789,
            "sigmagnr": 0.13300000131130219,
            "magzpsci": 26.197500228881836,
            "isdiffpos": "t",
            "ssdistnr": null,
            "ssnamenr": null,
            "drb": null
        },
        {
            "candid": 2945217835715025000,
            "jd": 2460699.7178356,
            "ra": 78.8079613,
            "dec": 58.3621762,
            "fid": 2,
            "nid": 2945,
            "magpsf": 19.113500595092773,
            "sigmapsf": 0.19612500071525574,
            "magnr": 21.46500015258789,
            "sigmagnr": 0.13300000131130219,
            "magzpsci": 26.197500228881836,
            "isdiffpos": "t",
            "ssdistnr": null,
            "ssnamenr": null,
            "drb": null
        },
        {
            "candid": 2945370525715015008,
            "jd": 2460699.8705208,
            "ra": 78.8079377,
            "dec": 58.3621672,
            "fid": 1,
            "nid": 2945,
            "magpsf": 19.760099411010742,
            "sigmapsf": 0.34880200028419495,
            "magnr": 22.83099937438965,
            "sigmagnr": 0.28299999237060547,
            "magzpsci": 26.252099990844727,
            "isdiffpos": "t",
            "ssdistnr": null,
            "ssnamenr": null,
            "drb": null
        },
        {
            "candid": 2952267030315015015,
            "jd": 2460706.767037,
            "ra": 78.8080828,
            "dec": 58.3622773,
            "fid": 2,
            "nid": 2952,
            "magpsf": 19.09440040588379,
            "sigmapsf": 0.12325499951839447,
            "magnr": 21.343000411987305,
            "sigmagnr": 0.11900000274181366,
            "magzpsci": 26.0664005279541,
            "isdiffpos": "t",
            "ssdistnr": null,
            "ssnamenr": null,
            "drb": null
        },
        {
            "candid": 2956157105715015004,
            "jd": 2460710.6571065,
            "ra": 78.8081124,
            "dec": 58.3622387,
            "fid": 2,
            "nid": 2956,
            "magpsf": 19.216800689697266,
            "sigmapsf": 0.10344699770212173,
            "magnr": 21.46500015258789,
            "sigmagnr": 0.13300000131130219,
            "magzpsci": 26.20680046081543,
            "isdiffpos": "t",
            "ssdistnr": null,
            "ssnamenr": null,
            "drb": null
        },
        {
            "candid": 2956172095715015005,
            "jd": 2460710.6720949,
            "ra": 78.8080675,
            "dec": 58.3622551,
            "fid": 2,
            "nid": 2956,
            "magpsf": 19.11870002746582,
            "sigmapsf": 0.11242199689149857,
            "magnr": 21.46500015258789,
            "sigmagnr": 0.13300000131130219,
            "magzpsci": 26.205699920654297,
            "isdiffpos": "t",
            "ssdistnr": null,
            "ssnamenr": null,
            "drb": null
        },
        {
            "candid": 2969179025715015009,
            "jd": 2460723.6790278,
            "ra": 78.8080427,
            "dec": 58.3623237,
            "fid": 1,
            "nid": 2969,
            "magpsf": 19.815099716186523,
            "sigmapsf": 0.36689499020576477,
            "magnr": 22.83099937438965,
            "sigmagnr": 0.28299999237060547,
            "magzpsci": 25.780099868774414,
            "isdiffpos": "t",
            "ssdistnr": null,
            "ssnamenr": null,
            "drb": null
        },
        {
            "candid": 2969179500315015002,
            "jd": 2460723.6795023,
            "ra": 78.8081977,
            "dec": 58.3621926,
            "fid": 1,
            "nid": 2969,
            "magpsf": 19.830699920654297,
            "sigmapsf": 0.2826650142669678,
            "magnr": 21.461999893188477,
            "sigmagnr": 0.09799999743700027,
            "magzpsci": 25.60770034790039,
            "isdiffpos": "t",
            "ssdistnr": null,
            "ssnamenr": null,
            "drb": null
        },
        {
            "candid": 2969263315715015003,
            "jd": 2460723.7633102,
            "ra": 78.8080786,
            "dec": 58.3622598,
            "fid": 2,
            "nid": 2969,
            "magpsf": 19.228700637817383,
            "sigmapsf": 0.2556360065937042,
            "magnr": 21.46500015258789,
            "sigmagnr": 0.13300000131130219,
            "magzpsci": 25.593700408935547,
            "isdiffpos": "t",
            "ssdistnr": null,
            "ssnamenr": null,
            "drb": null
        },
        {
            "candid": 2971139075715015003,
            "jd": 2460725.6390741,
            "ra": 78.8081219,
            "dec": 58.3623036,
            "fid": 2,
            "nid": 2971,
            "magpsf": 19.0580997467041,
            "sigmapsf": 0.1560399979352951,
            "magnr": 21.46500015258789,
            "sigmagnr": 0.13300000131130219,
            "magzpsci": 25.86210060119629,
            "isdiffpos": "t",
            "ssdistnr": null,
            "ssnamenr": null,
            "drb": null
        },
        {
            "candid": 2971197510315015005,
            "jd": 2460725.6975116,
            "ra": 78.8080853,
            "dec": 58.362223,
            "fid": 1,
            "nid": 2971,
            "magpsf": 19.851299285888672,
            "sigmapsf": 0.1753389984369278,
            "magnr": 21.461999893188477,
            "sigmagnr": 0.09799999743700027,
            "magzpsci": 26.12030029296875,
            "isdiffpos": "t",
            "ssdistnr": null,
            "ssnamenr": null,
            "drb": null
        },
        {
            "candid": 2971197985715015007,
            "jd": 2460725.6979861,
            "ra": 78.8081014,
            "dec": 58.3622148,
            "fid": 1,
            "nid": 2971,
            "magpsf": 19.87019920349121,
            "sigmapsf": 0.19951499998569489,
            "magnr": 22.83099937438965,
            "sigmagnr": 0.28299999237060547,
            "magzpsci": 26.239200592041016,
            "isdiffpos": "t",
            "ssdistnr": null,
            "ssnamenr": null,
            "drb": null
        },
        {
            "candid": 2973153815715015007,
            "jd": 2460727.6538194,
            "ra": 78.8081247,
            "dec": 58.3622454,
            "fid": 1,
            "nid": 2973,
            "magpsf": 19.635499954223633,
            "sigmapsf": 0.1695290058851242,
            "magnr": 22.83099937438965,
            "sigmagnr": 0.28299999237060547,
            "magzpsci": 26.27549934387207,
            "isdiffpos": "t",
            "ssdistnr": null,
            "ssnamenr": null,
            "drb": null
        },
        {
            "candid": 2973156800315015010,
            "jd": 2460727.6568056,
            "ra": 78.8080739,
            "dec": 58.3622764,
            "fid": 1,
            "nid": 2973,
            "magpsf": 19.80270004272461,
            "sigmapsf": 0.169405996799469,
            "magnr": 21.461999893188477,
            "sigmagnr": 0.09799999743700027,
            "magzpsci": 26.167699813842773,
            "isdiffpos": "t",
            "ssdistnr": null,
            "ssnamenr": null,
            "drb": null
        },
        {
            "candid": 2973215280315015012,
            "jd": 2460727.7152894,
            "ra": 78.8080521,
            "dec": 58.3622651,
            "fid": 2,
            "nid": 2973,
            "magpsf": 19.093599319458008,
            "sigmapsf": 0.12432199716567993,
            "magnr": 21.343000411987305,
            "sigmagnr": 0.11900000274181366,
            "magzpsci": 26.044599533081055,
            "isdiffpos": "t",
            "ssdistnr": null,
            "ssnamenr": null,
            "drb": null
        },
        {
            "candid": 2973329895715015007,
            "jd": 2460727.8298958,
            "ra": 78.8080518,
            "dec": 58.3622722,
            "fid": 2,
            "nid": 2973,
            "magpsf": 19.097299575805664,
            "sigmapsf": 0.11507199704647064,
            "magnr": 21.46500015258789,
            "sigmagnr": 0.13300000131130219,
            "magzpsci": 26.119300842285156,
            "isdiffpos": "t",
            "ssdistnr": null,
            "ssnamenr": null,
            "drb": null
        },
        {
            "candid": 2975178270315015009,
            "jd": 2460729.6782755,
            "ra": 78.8080255,
            "dec": 58.362253,
            "fid": 2,
            "nid": 2975,
            "magpsf": 19.11840057373047,
            "sigmapsf": 0.10594300180673599,
            "magnr": 21.343000411987305,
            "sigmagnr": 0.11900000274181366,
            "magzpsci": 25.995399475097656,
            "isdiffpos": "t",
            "ssdistnr": null,
            "ssnamenr": null,
            "drb": null
        },
        {
            "candid": 2975178745715015005,
            "jd": 2460729.67875,
            "ra": 78.8080364,
            "dec": 58.3622741,
            "fid": 2,
            "nid": 2975,
            "magpsf": 19.13909912109375,
            "sigmapsf": 0.16398799419403076,
            "magnr": 21.46500015258789,
            "sigmagnr": 0.13300000131130219,
            "magzpsci": 26.107099533081055,
            "isdiffpos": "t",
            "ssdistnr": null,
            "ssnamenr": null,
            "drb": null
        },
        {
            "candid": 2975223765715015088,
            "jd": 2460729.7237616,
            "ra": 78.8080594,
            "dec": 58.3622882,
            "fid": 1,
            "nid": 2975,
            "magpsf": 19.840700149536133,
            "sigmapsf": 0.1722390055656433,
            "magnr": 22.83099937438965,
            "sigmagnr": 0.28299999237060547,
            "magzpsci": 26.138700485229492,
            "isdiffpos": "t",
            "ssdistnr": null,
            "ssnamenr": null,
            "drb": null
        },
        {
            "candid": 2975275840315015016,
            "jd": 2460729.7758449,
            "ra": 78.8079797,
            "dec": 58.362333,
            "fid": 1,
            "nid": 2975,
            "magpsf": 19.75309944152832,
            "sigmapsf": 0.19020399451255798,
            "magnr": 21.461999893188477,
            "sigmagnr": 0.09799999743700027,
            "magzpsci": 26.116100311279297,
            "isdiffpos": "t",
            "ssdistnr": null,
            "ssnamenr": null,
            "drb": null
        },
        {
            "candid": 2977135850315015008,
            "jd": 2460731.6358565,
            "ra": 78.8080285,
            "dec": 58.362224,
            "fid": 1,
            "nid": 2977,
            "magpsf": 19.720600128173828,
            "sigmapsf": 0.12606899440288544,
            "magnr": 21.461999893188477,
            "sigmagnr": 0.09799999743700027,
            "magzpsci": 26.17259979248047,
            "isdiffpos": "t",
            "ssdistnr": null,
            "ssnamenr": null,
            "drb": null
        },
        {
            "candid": 2977139655715015012,
            "jd": 2460731.6396528,
            "ra": 78.8080718,
            "dec": 58.3622261,
            "fid": 1,
            "nid": 2977,
            "magpsf": 19.7101993560791,
            "sigmapsf": 0.12610399723052979,
            "magnr": 22.83099937438965,
            "sigmagnr": 0.28299999237060547,
            "magzpsci": 26.29319953918457,
            "isdiffpos": "t",
            "ssdistnr": null,
            "ssnamenr": null,
            "drb": null
        },
        {
            "candid": 2977199300315015009,
            "jd": 2460731.6993056,
            "ra": 78.8080251,
            "dec": 58.3622734,
            "fid": 2,
            "nid": 2977,
            "magpsf": 19.018199920654297,
            "sigmapsf": 0.11558700352907181,
            "magnr": 21.343000411987305,
            "sigmagnr": 0.11900000274181366,
            "magzpsci": 26.065200805664062,
            "isdiffpos": "t",
            "ssdistnr": null,
            "ssnamenr": null,
            "drb": null
        },
        {
            "candid": 2977246455715015005,
            "jd": 2460731.7464583,
            "ra": 78.8080504,
            "dec": 58.3622883,
            "fid": 2,
            "nid": 2977,
            "magpsf": 19.10569953918457,
            "sigmapsf": 0.10742499679327011,
            "magnr": 21.46500015258789,
            "sigmagnr": 0.13300000131130219,
            "magzpsci": 26.183700561523438,
            "isdiffpos": "t",
            "ssdistnr": null,
            "ssnamenr": null,
            "drb": null
        },
        {
            "candid": 2979261410315015012,
            "jd": 2460733.761412,
            "ra": 78.8081131,
            "dec": 58.3622918,
            "fid": 2,
            "nid": 2979,
            "magpsf": 19.103900909423828,
            "sigmapsf": 0.1078300029039383,
            "magnr": 21.343000411987305,
            "sigmagnr": 0.11900000274181366,
            "magzpsci": 26.0408992767334,
            "isdiffpos": "t",
            "ssdistnr": null,
            "ssnamenr": null,
            "drb": null
        },
        {
            "candid": 2979261885715015004,
            "jd": 2460733.7618866,
            "ra": 78.8080371,
            "dec": 58.3622673,
            "fid": 2,
            "nid": 2979,
            "magpsf": 19.09980010986328,
            "sigmapsf": 0.15434099733829498,
            "magnr": 21.46500015258789,
            "sigmagnr": 0.13300000131130219,
            "magzpsci": 26.16080093383789,
            "isdiffpos": "t",
            "ssdistnr": null,
            "ssnamenr": null,
            "drb": null
        },
        {
            "candid": 2979286180315015010,
            "jd": 2460733.7861806,
            "ra": 78.8083238,
            "dec": 58.3622691,
            "fid": 1,
            "nid": 2979,
            "magpsf": 19.809600830078125,
            "sigmapsf": 0.20620299875736237,
            "magnr": 21.461999893188477,
            "sigmagnr": 0.09799999743700027,
            "magzpsci": 26.066600799560547,
            "isdiffpos": "t",
            "ssdistnr": null,
            "ssnamenr": null,
            "drb": null
        },
        {
            "candid": 2979287145715015006,
            "jd": 2460733.7871412,
            "ra": 78.8081424,
            "dec": 58.3622725,
            "fid": 1,
            "nid": 2979,
            "magpsf": 19.759899139404297,
            "sigmapsf": 0.2678149938583374,
            "magnr": 22.83099937438965,
            "sigmagnr": 0.28299999237060547,
            "magzpsci": 26.202899932861328,
            "isdiffpos": "t",
            "ssdistnr": null,
            "ssnamenr": null,
            "drb": null
        },
        {
            "candid": 2985129795715015002,
            "jd": 2460739.6297917,
            "ra": 78.8080624,
            "dec": 58.3622791,
            "fid": 1,
            "nid": 2985,
            "magpsf": 19.827800750732422,
            "sigmapsf": 0.2607330083847046,
            "magnr": 22.83099937438965,
            "sigmagnr": 0.28299999237060547,
            "magzpsci": 26.042800903320312,
            "isdiffpos": "t",
            "ssdistnr": null,
            "ssnamenr": null,
            "drb": null
        },
        {
            "candid": 2985202080315015003,
            "jd": 2460739.7020833,
            "ra": 78.808074,
            "dec": 58.3623194,
            "fid": 2,
            "nid": 2985,
            "magpsf": 19.011600494384766,
            "sigmapsf": 0.2352380007505417,
            "magnr": 21.343000411987305,
            "sigmagnr": 0.11900000274181366,
            "magzpsci": 25.316600799560547,
            "isdiffpos": "t",
            "ssdistnr": null,
            "ssnamenr": null,
            "drb": null
        },
        {
            "candid": 2989143170315015007,
            "jd": 2460743.6431713,
            "ra": 78.8080149,
            "dec": 58.3622615,
            "fid": 2,
            "nid": 2989,
            "magpsf": 19.12070083618164,
            "sigmapsf": 0.12007500231266022,
            "magnr": 21.343000411987305,
            "sigmagnr": 0.11900000274181366,
            "magzpsci": 26.07069969177246,
            "isdiffpos": "t",
            "ssdistnr": null,
            "ssnamenr": null,
            "drb": null
        },
        {
            "candid": 2989155575715015002,
            "jd": 2460743.6555787,
            "ra": 78.8080449,
            "dec": 58.3622666,
            "fid": 2,
            "nid": 2989,
            "magpsf": 19.08209991455078,
            "sigmapsf": 0.1526930034160614,
            "magnr": 21.46500015258789,
            "sigmagnr": 0.13300000131130219,
            "magzpsci": 26.168100357055664,
            "isdiffpos": "t",
            "ssdistnr": null,
            "ssnamenr": null,
            "drb": null
        },
        {
            "candid": 2991156060315015002,
            "jd": 2460745.6560648,
            "ra": 78.8080239,
            "dec": 58.3623316,
            "fid": 2,
            "nid": 2991,
            "magpsf": 19.149099349975586,
            "sigmapsf": 0.21672500669956207,
            "magnr": 21.343000411987305,
            "sigmagnr": 0.11900000274181366,
            "magzpsci": 25.864099502563477,
            "isdiffpos": "t",
            "ssdistnr": null,
            "ssnamenr": null,
            "drb": null
        },
        {
            "candid": 2997196955715015005,
            "jd": 2460751.696956,
            "ra": 78.8081791,
            "dec": 58.3623026,
            "fid": 1,
            "nid": 2997,
            "magpsf": 19.69700050354004,
            "sigmapsf": 0.18089799582958221,
            "magnr": 22.83099937438965,
            "sigmagnr": 0.28299999237060547,
            "magzpsci": 26.25,
            "isdiffpos": "t",
            "ssdistnr": null,
            "ssnamenr": null,
            "drb": null
        },
        {
            "candid": 2999200940315015006,
            "jd": 2460753.7009491,
            "ra": 78.808041,
            "dec": 58.362325,
            "fid": 1,
            "nid": 2999,
            "magpsf": 19.917400360107422,
            "sigmapsf": 0.20522500574588776,
            "magnr": 21.461999893188477,
            "sigmagnr": 0.09799999743700027,
            "magzpsci": 26.069400787353516,
            "isdiffpos": "t",
            "ssdistnr": null,
            "ssnamenr": null,
            "drb": null
        },
        {
            "candid": 3000267265715015002,
            "jd": 2460754.7672685,
            "ra": 78.8080921,
            "dec": 58.3622521,
            "fid": 2,
            "nid": 3000,
            "magpsf": 19.038000106811523,
            "sigmapsf": 0.1339700073003769,
            "magnr": 21.46500015258789,
            "sigmagnr": 0.13300000131130219,
            "magzpsci": 26.027000427246094,
            "isdiffpos": "t",
            "ssdistnr": null,
            "ssnamenr": null,
            "drb": null
        },
        {
            "candid": 3000283625715015006,
            "jd": 2460754.7836227,
            "ra": 78.8080225,
            "dec": 58.3622542,
            "fid": 1,
            "nid": 3000,
            "magpsf": 19.82349967956543,
            "sigmapsf": 0.22654899954795837,
            "magnr": 22.83099937438965,
            "sigmagnr": 0.28299999237060547,
            "magzpsci": 26.066499710083008,
            "isdiffpos": "t",
            "ssdistnr": null,
            "ssnamenr": null,
            "drb": null
        },
        {
            "candid": 3001262440315015008,
            "jd": 2460755.7624421,
            "ra": 78.8082717,
            "dec": 58.3623847,
            "fid": 2,
            "nid": 3001,
            "magpsf": 19.11370086669922,
            "sigmapsf": 0.23650400340557098,
            "magnr": 21.343000411987305,
            "sigmagnr": 0.11900000274181366,
            "magzpsci": 25.84670066833496,
            "isdiffpos": "t",
            "ssdistnr": null,
            "ssnamenr": null,
            "drb": null
        },
        {
            "candid": 3002273635715015005,
            "jd": 2460756.7736343,
            "ra": 78.8080742,
            "dec": 58.3621942,
            "fid": 2,
            "nid": 3002,
            "magpsf": 18.91080093383789,
            "sigmapsf": 0.12347199767827988,
            "magnr": 21.46500015258789,
            "sigmagnr": 0.13300000131130219,
            "magzpsci": 26.07080078125,
            "isdiffpos": "t",
            "ssdistnr": null,
            "ssnamenr": null,
            "drb": null
        },
        {
            "candid": 3003159720315015012,
            "jd": 2460757.6597222,
            "ra": 78.8080805,
            "dec": 58.3623015,
            "fid": 2,
            "nid": 3003,
            "magpsf": 19.199399948120117,
            "sigmapsf": 0.10760600119829178,
            "magnr": 21.343000411987305,
            "sigmagnr": 0.11900000274181366,
            "magzpsci": 26.04439926147461,
            "isdiffpos": "t",
            "ssdistnr": null,
            "ssnamenr": null,
            "drb": null
        },
        {
            "candid": 3003200650315015007,
            "jd": 2460757.7006597,
            "ra": 78.8080378,
            "dec": 58.36226,
            "fid": 1,
            "nid": 3003,
            "magpsf": 19.915199279785156,
            "sigmapsf": 0.16823700070381165,
            "magnr": 21.461999893188477,
            "sigmagnr": 0.09799999743700027,
            "magzpsci": 26.129199981689453,
            "isdiffpos": "t",
            "ssdistnr": null,
            "ssnamenr": null,
            "drb": null
        },
        {
            "candid": 3004143295715015008,
            "jd": 2460758.6432986,
            "ra": 78.8080529,
            "dec": 58.3622657,
            "fid": 2,
            "nid": 3004,
            "magpsf": 19.11750030517578,
            "sigmapsf": 0.09611500054597855,
            "magnr": 21.46500015258789,
            "sigmagnr": 0.13300000131130219,
            "magzpsci": 26.153499603271484,
            "isdiffpos": "t",
            "ssdistnr": null,
            "ssnamenr": null,
            "drb": null
        },
        {
            "candid": 3004244615715015008,
            "jd": 2460758.7446181,
            "ra": 78.8080343,
            "dec": 58.3622654,
            "fid": 1,
            "nid": 3004,
            "magpsf": 19.956199645996094,
            "sigmapsf": 0.23489999771118164,
            "magnr": 22.83099937438965,
            "sigmagnr": 0.28299999237060547,
            "magzpsci": 26.166200637817383,
            "isdiffpos": "t",
            "ssdistnr": null,
            "ssnamenr": null,
            "drb": null
        },
        {
            "candid": 3005157950315015007,
            "jd": 2460759.6579514,
            "ra": 78.8080744,
            "dec": 58.3622464,
            "fid": 1,
            "nid": 3005,
            "magpsf": 19.826499938964844,
            "sigmapsf": 0.16086900234222412,
            "magnr": 21.461999893188477,
            "sigmagnr": 0.09799999743700027,
            "magzpsci": 26.10650062561035,
            "isdiffpos": "t",
            "ssdistnr": null,
            "ssnamenr": null,
            "drb": null
        },
        {
            "candid": 3006143405715015005,
            "jd": 2460760.6434028,
            "ra": 78.8080344,
            "dec": 58.3622913,
            "fid": 2,
            "nid": 3006,
            "magpsf": 19.12420082092285,
            "sigmapsf": 0.11293300241231918,
            "magnr": 21.46500015258789,
            "sigmagnr": 0.13300000131130219,
            "magzpsci": 26.162200927734375,
            "isdiffpos": "t",
            "ssdistnr": null,
            "ssnamenr": null,
            "drb": null
        },
        {
            "candid": 3006243265715015004,
            "jd": 2460760.7432639,
            "ra": 78.8081115,
            "dec": 58.362224,
            "fid": 1,
            "nid": 3006,
            "magpsf": 20.041900634765625,
            "sigmapsf": 0.23200799524784088,
            "magnr": 22.83099937438965,
            "sigmagnr": 0.28299999237060547,
            "magzpsci": 26.1289005279541,
            "isdiffpos": "t",
            "ssdistnr": null,
            "ssnamenr": null,
            "drb": null
        },
        {
            "candid": 3007159860315015012,
            "jd": 2460761.6598611,
            "ra": 78.8080773,
            "dec": 58.3622705,
            "fid": 1,
            "nid": 3007,
            "magpsf": 19.99180030822754,
            "sigmapsf": 0.14503100514411926,
            "magnr": 21.461999893188477,
            "sigmagnr": 0.09799999743700027,
            "magzpsci": 26.143800735473633,
            "isdiffpos": "t",
            "ssdistnr": null,
            "ssnamenr": null,
            "drb": null
        },
        {
            "candid": 3007198170315015013,
            "jd": 2460761.6981713,
            "ra": 78.8080413,
            "dec": 58.3622955,
            "fid": 2,
            "nid": 3007,
            "magpsf": 19.16128158569336,
            "sigmapsf": 0.1036144345998764,
            "magnr": 21.343000411987305,
            "sigmagnr": 0.11900000274181366,
            "magzpsci": 26.04328155517578,
            "isdiffpos": "t",
            "ssdistnr": -999.0,
            "ssnamenr": "null",
            "drb": null
        },
        {
            "jd": 2460649.8716551,
            "fid": 2,
            "diffmaglim": 20.30660057067871
        },
        {
            "jd": 2460650.7565162,
            "fid": 2,
            "diffmaglim": 20.418699264526367
        },
        {
            "jd": 2460650.8719097,
            "fid": 1,
            "diffmaglim": 20.63610076904297
        },
        {
            "jd": 2460651.6819792,
            "fid": 2,
            "diffmaglim": 19.776399612426758
        },
        {
            "jd": 2460651.7399884,
            "fid": 1,
            "diffmaglim": 20.208599090576172
        },
        {
            "jd": 2460652.6592824,
            "fid": 2,
            "diffmaglim": 18.45829963684082
        },
        {
            "jd": 2460652.7402894,
            "fid": 1,
            "diffmaglim": 20.368600845336914
        },
        {
            "jd": 2460653.7030903,
            "fid": 1,
            "diffmaglim": 19.906200408935547
        },
        {
            "jd": 2460653.7408681,
            "fid": 2,
            "diffmaglim": 19.795900344848633
        },
        {
            "jd": 2460654.7605787,
            "fid": 1,
            "diffmaglim": 17.883499145507812
        },
        {
            "jd": 2460654.7843056,
            "fid": 2,
            "diffmaglim": 18.673999786376953
        },
        {
            "jd": 2460655.6957755,
            "fid": 1,
            "diffmaglim": 18.643800735473633
        },
        {
            "jd": 2460655.8588079,
            "fid": 2,
            "diffmaglim": 17.521400451660156
        },
        {
            "jd": 2460658.7573495,
            "fid": 1,
            "diffmaglim": 19.24449920654297
        },
        {
            "jd": 2460658.7578241,
            "fid": 1,
            "diffmaglim": 19.36520004272461
        },
        {
            "jd": 2460658.8066551,
            "fid": 2,
            "diffmaglim": 18.52910041809082
        },
        {
            "jd": 2460658.817037,
            "fid": 2,
            "diffmaglim": 18.142499923706055
        },
        {
            "jd": 2460660.8119097,
            "fid": 2,
            "diffmaglim": 19.29450035095215
        },
        {
            "jd": 2460660.8326273,
            "fid": 2,
            "diffmaglim": 19.26889991760254
        },
        {
            "jd": 2460660.8521991,
            "fid": 1,
            "diffmaglim": 19.055599212646484
        },
        {
            "jd": 2460660.862037,
            "fid": 1,
            "diffmaglim": 19.238800048828125
        },
        {
            "jd": 2460663.8273264,
            "fid": 2,
            "diffmaglim": 20.093000411987305
        },
        {
            "jd": 2460663.8749074,
            "fid": 2,
            "diffmaglim": 19.91699981689453
        },
        {
            "jd": 2460663.8920833,
            "fid": 1,
            "diffmaglim": 19.799699783325195
        },
        {
            "jd": 2460663.9112963,
            "fid": 1,
            "diffmaglim": 19.743999481201172
        },
        {
            "jd": 2460665.8015278,
            "fid": 1,
            "diffmaglim": 20.399099349975586
        },
        {
            "jd": 2460665.8538079,
            "fid": 2,
            "diffmaglim": 20.300199508666992
        },
        {
            "jd": 2460665.8542824,
            "fid": 2,
            "diffmaglim": 20.32990074157715
        },
        {
            "jd": 2460665.8886458,
            "fid": 1,
            "diffmaglim": 20.27989959716797
        },
        {
            "jd": 2460667.7208102,
            "fid": 2,
            "diffmaglim": 20.16860008239746
        },
        {
            "jd": 2460667.7227315,
            "fid": 2,
            "diffmaglim": 19.955400466918945
        },
        {
            "jd": 2460667.8425579,
            "fid": 1,
            "diffmaglim": 20.399499893188477
        },
        {
            "jd": 2460667.8651852,
            "fid": 1,
            "diffmaglim": 19.995399475097656
        },
        {
            "jd": 2460671.7425231,
            "fid": 2,
            "diffmaglim": 17.901599884033203
        },
        {
            "jd": 2460673.740081,
            "fid": 1,
            "diffmaglim": 20.425800323486328
        },
        {
            "jd": 2460673.7410417,
            "fid": 1,
            "diffmaglim": 20.50480079650879
        },
        {
            "jd": 2460673.8014931,
            "fid": 2,
            "diffmaglim": 20.397199630737305
        },
        {
            "jd": 2460677.763044,
            "fid": 2,
            "diffmaglim": 20.456199645996094
        },
        {
            "jd": 2460677.8256481,
            "fid": 1,
            "diffmaglim": 20.37540054321289
        },
        {
            "jd": 2460677.8293403,
            "fid": 1,
            "diffmaglim": 20.20949935913086
        },
        {
            "jd": 2460681.6803356,
            "fid": 1,
            "diffmaglim": 19.249500274658203
        },
        {
            "jd": 2460681.7388657,
            "fid": 2,
            "diffmaglim": 20.375900268554688
        },
        {
            "jd": 2460681.7403125,
            "fid": 2,
            "diffmaglim": 23.523799896240234
        },
        {
            "jd": 2460683.7483912,
            "fid": 2,
            "diffmaglim": 18.797199249267578
        },
        {
            "jd": 2460683.7861921,
            "fid": 1,
            "diffmaglim": 18.12030029296875
        },
        {
            "jd": 2460685.6879514,
            "fid": 2,
            "diffmaglim": 18.899700164794922
        },
        {
            "jd": 2460686.6919676,
            "fid": 1,
            "diffmaglim": 19.542800903320312
        },
        {
            "jd": 2460687.7238194,
            "fid": 1,
            "diffmaglim": 18.137399673461914
        },
        {
            "jd": 2460688.8121065,
            "fid": 1,
            "diffmaglim": 18.855899810791016
        },
        {
            "jd": 2460689.7341898,
            "fid": 1,
            "diffmaglim": 18.733600616455078
        },
        {
            "jd": 2460689.7791667,
            "fid": 2,
            "diffmaglim": 18.263200759887695
        },
        {
            "jd": 2460690.7467708,
            "fid": 1,
            "diffmaglim": 18.82710075378418
        },
        {
            "jd": 2460691.7612616,
            "fid": 2,
            "diffmaglim": 18.97410011291504
        },
        {
            "jd": 2460694.7794329,
            "fid": 2,
            "diffmaglim": 17.751300811767578
        },
        {
            "jd": 2460695.7485648,
            "fid": 2,
            "diffmaglim": 13.413399696350098
        },
        {
            "jd": 2460697.7262153,
            "fid": 1,
            "diffmaglim": 18.544099807739258
        },
        {
            "jd": 2460706.8041088,
            "fid": 1,
            "diffmaglim": 19.297300338745117
        },
        {
            "jd": 2460714.8234375,
            "fid": 1,
            "diffmaglim": 18.89109992980957
        },
        {
            "jd": 2460714.8856829,
            "fid": 1,
            "diffmaglim": 18.6875
        },
        {
            "jd": 2460717.8459722,
            "fid": 2,
            "diffmaglim": 17.13680076599121
        },
        {
            "jd": 2460717.8679861,
            "fid": 1,
            "diffmaglim": 18.58180046081543
        },
        {
            "jd": 2460717.8689468,
            "fid": 1,
            "diffmaglim": 18.665199279785156
        },
        {
            "jd": 2460723.7642593,
            "fid": 2,
            "diffmaglim": 18.786100387573242
        },
        {
            "jd": 2460739.6745255,
            "fid": 1,
            "diffmaglim": 19.147199630737305
        },
        {
            "jd": 2460739.7016088,
            "fid": 2,
            "diffmaglim": 19.011899948120117
        },
        {
            "jd": 2460743.7136921,
            "fid": 1,
            "diffmaglim": 18.534799575805664
        },
        {
            "jd": 2460745.6409491,
            "fid": 2,
            "diffmaglim": 18.119800567626953
        },
        {
            "jd": 2460745.7024884,
            "fid": 1,
            "diffmaglim": 16.135700225830078
        },
        {
            "jd": 2460751.7396412,
            "fid": 2,
            "diffmaglim": 19.3612003326416
        }
    ],
    "forcedphot": [
        {
            "objectid": "ZTF24acaeozu",
            "jd": 2460649.8716551,
            "ranr": 78.8086328,
            "decnr": 58.3624354,
            "fid": 2,
            "forcediffimflux": 11.277070045471191,
            "forcediffimfluxunc": 26.627517700195312,
            "magzpsci": 26.064300537109375
        },
        {
            "objectid": "ZTF24acaeozu",
            "jd": 2460650.8719097,
            "ranr": 78.8098041,
            "decnr": 58.362263,
            "fid": 1,
            "forcediffimflux": 24.492677688598633,
            "forcediffimfluxunc": 24.025070190429688,
            "magzpsci": 26.27899932861328
        },
        {
            "objectid": "ZTF24acaeozu",
            "jd": 2460650.9485185,
            "ranr": -99999.0,
            "decnr": -99999.0,
            "fid": 2,
            "forcediffimflux": -99999.0,
            "forcediffimfluxunc": -99999.0,
            "magzpsci": 26.054500579833984
        },
        {
            "objectid": "ZTF24acaeozu",
            "jd": 2460651.6819792,
            "ranr": 78.8086328,
            "decnr": 58.3624354,
            "fid": 2,
            "forcediffimflux": 20.159818649291992,
            "forcediffimfluxunc": 39.025943756103516,
            "magzpsci": 26.05470085144043
        },
        {
            "objectid": "ZTF24acaeozu",
            "jd": 2460651.7399884,
            "ranr": 78.8099267,
            "decnr": 58.3625777,
            "fid": 1,
            "forcediffimflux": -43.9370231628418,
            "forcediffimfluxunc": 32.258941650390625,
            "magzpsci": 26.148000717163086
        },
        {
            "objectid": "ZTF24acaeozu",
            "jd": 2460652.6787731,
            "ranr": -99999.0,
            "decnr": -99999.0,
            "fid": 2,
            "forcediffimflux": -99999.0,
            "forcediffimfluxunc": -99999.0,
            "magzpsci": 26.04599952697754
        },
        {
            "objectid": "ZTF24acaeozu",
            "jd": 2460652.7576505,
            "ranr": -99999.0,
            "decnr": -99999.0,
            "fid": 1,
            "forcediffimflux": -99999.0,
            "forcediffimfluxunc": -99999.0,
            "magzpsci": 26.219499588012695
        },
        {
            "objectid": "ZTF24acaeozu",
            "jd": 2460653.7030903,
            "ranr": 78.8099267,
            "decnr": 58.3625777,
            "fid": 1,
            "forcediffimflux": -40.92375564575195,
            "forcediffimfluxunc": 40.469139099121094,
            "magzpsci": 26.171100616455078
        },
        {
            "objectid": "ZTF24acaeozu",
            "jd": 2460653.7408681,
            "ranr": 78.8086328,
            "decnr": 58.3624354,
            "fid": 2,
            "forcediffimflux": -24.822219848632812,
            "forcediffimfluxunc": 43.20920181274414,
            "magzpsci": 26.080799102783203
        },
        {
            "objectid": "ZTF24acaeozu",
            "jd": 2460654.7492014,
            "ranr": -99999.0,
            "decnr": -99999.0,
            "fid": 1,
            "forcediffimflux": -99999.0,
            "forcediffimfluxunc": -99999.0,
            "magzpsci": 26.176700592041016
        },
        {
            "objectid": "ZTF24acaeozu",
            "jd": 2460654.7871875,
            "ranr": -99999.0,
            "decnr": -99999.0,
            "fid": 2,
            "forcediffimflux": -99999.0,
            "forcediffimfluxunc": -99999.0,
            "magzpsci": 26.119300842285156
        },
        {
            "objectid": "ZTF24acaeozu",
            "jd": 2460655.6957755,
            "ranr": 78.8099267,
            "decnr": 58.3625777,
            "fid": 1,
            "forcediffimflux": 184.03489685058594,
            "forcediffimfluxunc": 72.86483764648438,
            "magzpsci": 25.54290008544922
        },
        {
            "objectid": "ZTF24acaeozu",
            "jd": 2460658.7578241,
            "ranr": 78.8098041,
            "decnr": 58.362263,
            "fid": 1,
            "forcediffimflux": 158.6087188720703,
            "forcediffimfluxunc": 89.75752258300781,
            "magzpsci": 26.28260040283203
        },
        {
            "objectid": "ZTF24acaeozu",
            "jd": 2460658.8395255,
            "ranr": -99999.0,
            "decnr": -99999.0,
            "fid": 2,
            "forcediffimflux": -99999.0,
            "forcediffimfluxunc": -99999.0,
            "magzpsci": 25.67329978942871
        },
        {
            "objectid": "ZTF24acaeozu",
            "jd": 2460660.8326273,
            "ranr": -99999.0,
            "decnr": -99999.0,
            "fid": 2,
            "forcediffimflux": -99999.0,
            "forcediffimfluxunc": -99999.0,
            "magzpsci": 26.18829917907715
        },
        {
            "objectid": "ZTF24acaeozu",
            "jd": 2460660.8630324,
            "ranr": -99999.0,
            "decnr": -99999.0,
            "fid": 1,
            "forcediffimflux": -99999.0,
            "forcediffimfluxunc": -99999.0,
            "magzpsci": 26.213699340820312
        },
        {
            "objectid": "ZTF24acaeozu",
            "jd": 2460663.8749074,
            "ranr": 78.8100055,
            "decnr": 58.3624971,
            "fid": 2,
            "forcediffimflux": -26.259597778320312,
            "forcediffimfluxunc": 44.443485260009766,
            "magzpsci": 26.212299346923828
        },
        {
            "objectid": "ZTF24acaeozu",
            "jd": 2460663.9251042,
            "ranr": -99999.0,
            "decnr": -99999.0,
            "fid": 1,
            "forcediffimflux": -99999.0,
            "forcediffimfluxunc": -99999.0,
            "magzpsci": 26.276100158691406
        },
        {
            "objectid": "ZTF24acaeozu",
            "jd": 2460665.8617477,
            "ranr": -99999.0,
            "decnr": -99999.0,
            "fid": 2,
            "forcediffimflux": -99999.0,
            "forcediffimfluxunc": -99999.0,
            "magzpsci": 26.07509994506836
        },
        {
            "objectid": "ZTF24acaeozu",
            "jd": 2460665.9105324,
            "ranr": -99999.0,
            "decnr": -99999.0,
            "fid": 1,
            "forcediffimflux": -99999.0,
            "forcediffimfluxunc": -99999.0,
            "magzpsci": 26.214000701904297
        },
        {
            "objectid": "ZTF24acaeozu",
            "jd": 2460667.7227315,
            "ranr": 78.8100055,
            "decnr": 58.3624971,
            "fid": 2,
            "forcediffimflux": 35.817928314208984,
            "forcediffimfluxunc": 36.377418518066406,
            "magzpsci": 26.1289005279541
        },
        {
            "objectid": "ZTF24acaeozu",
            "jd": 2460667.8651852,
            "ranr": 78.8099267,
            "decnr": 58.3625777,
            "fid": 1,
            "forcediffimflux": 8.34581184387207,
            "forcediffimfluxunc": 38.01512908935547,
            "magzpsci": 26.181499481201172
        },
        {
            "objectid": "ZTF24acaeozu",
            "jd": 2460673.7410417,
            "ranr": 78.8098041,
            "decnr": 58.362263,
            "fid": 1,
            "forcediffimflux": 150.6280517578125,
            "forcediffimfluxunc": 29.843677520751953,
            "magzpsci": 26.29170036315918
        },
        {
            "objectid": "ZTF24acaeozu",
            "jd": 2460673.8014931,
            "ranr": 78.8086328,
            "decnr": 58.3624354,
            "fid": 2,
            "forcediffimflux": 146.75921630859375,
            "forcediffimfluxunc": 26.366355895996094,
            "magzpsci": 26.090700149536133
        },
        {
            "objectid": "ZTF24acaeozu",
            "jd": 2460675.6952662,
            "ranr": 78.8086328,
            "decnr": 58.3624354,
            "fid": 2,
            "forcediffimflux": 199.2812042236328,
            "forcediffimfluxunc": 23.109060287475586,
            "magzpsci": 26.071399688720703
        },
        {
            "objectid": "ZTF24acaeozu",
            "jd": 2460675.882662,
            "ranr": -99999.0,
            "decnr": -99999.0,
            "fid": 1,
            "forcediffimflux": -99999.0,
            "forcediffimfluxunc": -99999.0,
            "magzpsci": 26.275999069213867
        },
        {
            "objectid": "ZTF24acaeozu",
            "jd": 2460677.763044,
            "ranr": 78.8100055,
            "decnr": 58.3624971,
            "fid": 2,
            "forcediffimflux": 293.6104736328125,
            "forcediffimfluxunc": 29.5299015045166,
            "magzpsci": 26.201000213623047
        },
        {
            "objectid": "ZTF24acaeozu",
            "jd": 2460677.8293403,
            "ranr": 78.8099267,
            "decnr": 58.3625777,
            "fid": 1,
            "forcediffimflux": 92.35724639892578,
            "forcediffimfluxunc": 26.087291717529297,
            "magzpsci": 25.97480010986328
        },
        {
            "objectid": "ZTF24acaeozu",
            "jd": 2460678.7013889,
            "ranr": -99999.0,
            "decnr": -99999.0,
            "fid": 1,
            "forcediffimflux": -99999.0,
            "forcediffimfluxunc": -99999.0,
            "magzpsci": 25.604000091552734
        },
        {
            "objectid": "ZTF24acaeozu",
            "jd": 2460679.6770023,
            "ranr": -99999.0,
            "decnr": -99999.0,
            "fid": 2,
            "forcediffimflux": -99999.0,
            "forcediffimfluxunc": -99999.0,
            "magzpsci": 26.21430015563965
        },
        {
            "objectid": "ZTF24acaeozu",
            "jd": 2460679.7440278,
            "ranr": -99999.0,
            "decnr": -99999.0,
            "fid": 1,
            "forcediffimflux": -99999.0,
            "forcediffimfluxunc": -99999.0,
            "magzpsci": 26.350799560546875
        },
        {
            "objectid": "ZTF24acaeozu",
            "jd": 2460679.8292477,
            "ranr": 78.8100055,
            "decnr": 58.3624971,
            "fid": 2,
            "forcediffimflux": 343.0766906738281,
            "forcediffimfluxunc": 32.07395553588867,
            "magzpsci": 26.20829963684082
        },
        {
            "objectid": "ZTF24acaeozu",
            "jd": 2460681.7209491,
            "ranr": 78.8098041,
            "decnr": 58.362263,
            "fid": 1,
            "forcediffimflux": 248.41612243652344,
            "forcediffimfluxunc": 36.36008834838867,
            "magzpsci": 26.269899368286133
        },
        {
            "objectid": "ZTF24acaeozu",
            "jd": 2460683.7709838,
            "ranr": -99999.0,
            "decnr": -99999.0,
            "fid": 2,
            "forcediffimflux": -99999.0,
            "forcediffimfluxunc": -99999.0,
            "magzpsci": 26.031600952148438
        },
        {
            "objectid": "ZTF24acaeozu",
            "jd": 2460685.6879514,
            "ranr": 78.8086328,
            "decnr": 58.3624354,
            "fid": 2,
            "forcediffimflux": 481.55712890625,
            "forcediffimfluxunc": 95.70283508300781,
            "magzpsci": 26.060100555419922
        },
        {
            "objectid": "ZTF24acaeozu",
            "jd": 2460686.6919676,
            "ranr": 78.8098041,
            "decnr": 58.362263,
            "fid": 1,
            "forcediffimflux": 262.6794128417969,
            "forcediffimfluxunc": 79.3382339477539,
            "magzpsci": 26.31599998474121
        },
        {
            "objectid": "ZTF24acaeozu",
            "jd": 2460686.8079398,
            "ranr": -99999.0,
            "decnr": -99999.0,
            "fid": 2,
            "forcediffimflux": -99999.0,
            "forcediffimfluxunc": -99999.0,
            "magzpsci": 26.114999771118164
        },
        {
            "objectid": "ZTF24acaeozu",
            "jd": 2460686.8201042,
            "ranr": 78.8100055,
            "decnr": 58.3624971,
            "fid": 2,
            "forcediffimflux": 544.4599609375,
            "forcediffimfluxunc": 54.902584075927734,
            "magzpsci": 26.202299118041992
        },
        {
            "objectid": "ZTF24acaeozu",
            "jd": 2460687.7238194,
            "ranr": 78.8099267,
            "decnr": 58.3625777,
            "fid": 1,
            "forcediffimflux": 261.1683044433594,
            "forcediffimfluxunc": 109.50331115722656,
            "magzpsci": 25.62380027770996
        },
        {
            "objectid": "ZTF24acaeozu",
            "jd": 2460687.8320486,
            "ranr": -99999.0,
            "decnr": -99999.0,
            "fid": 2,
            "forcediffimflux": -99999.0,
            "forcediffimfluxunc": -99999.0,
            "magzpsci": 26.183399200439453
        },
        {
            "objectid": "ZTF24acaeozu",
            "jd": 2460688.7389236,
            "ranr": 78.8100055,
            "decnr": 58.3624971,
            "fid": 2,
            "forcediffimflux": 668.8278198242188,
            "forcediffimfluxunc": 100.81200408935547,
            "magzpsci": 26.19610023498535
        },
        {
            "objectid": "ZTF24acaeozu",
            "jd": 2460688.8121065,
            "ranr": 78.8098041,
            "decnr": 58.362263,
            "fid": 1,
            "forcediffimflux": 489.095703125,
            "forcediffimfluxunc": 130.0396270751953,
            "magzpsci": 26.26959991455078
        },
        {
            "objectid": "ZTF24acaeozu",
            "jd": 2460689.7341898,
            "ranr": 78.8099267,
            "decnr": 58.3625777,
            "fid": 1,
            "forcediffimflux": 331.8241882324219,
            "forcediffimfluxunc": 111.83221435546875,
            "magzpsci": 26.194499969482422
        },
        {
            "objectid": "ZTF24acaeozu",
            "jd": 2460690.7467708,
            "ranr": 78.8098041,
            "decnr": 58.362263,
            "fid": 1,
            "forcediffimflux": 345.9678039550781,
            "forcediffimfluxunc": 124.72449493408203,
            "magzpsci": 26.291400909423828
        },
        {
            "objectid": "ZTF24acaeozu",
            "jd": 2460690.7774074,
            "ranr": -99999.0,
            "decnr": -99999.0,
            "fid": 2,
            "forcediffimflux": -99999.0,
            "forcediffimfluxunc": -99999.0,
            "magzpsci": 26.094999313354492
        },
        {
            "objectid": "ZTF24acaeozu",
            "jd": 2460691.6833449,
            "ranr": 78.8099267,
            "decnr": 58.3625777,
            "fid": 1,
            "forcediffimflux": 414.5181884765625,
            "forcediffimfluxunc": 52.10341262817383,
            "magzpsci": 26.066699981689453
        },
        {
            "objectid": "ZTF24acaeozu",
            "jd": 2460691.7612616,
            "ranr": 78.8086328,
            "decnr": 58.3624354,
            "fid": 2,
            "forcediffimflux": 359.9595947265625,
            "forcediffimfluxunc": 54.116790771484375,
            "magzpsci": 25.63960075378418
        },
        {
            "objectid": "ZTF24acaeozu",
            "jd": 2460692.703125,
            "ranr": -99999.0,
            "decnr": -99999.0,
            "fid": 2,
            "forcediffimflux": -99999.0,
            "forcediffimfluxunc": -99999.0,
            "magzpsci": 25.707000732421875
        },
        {
            "objectid": "ZTF24acaeozu",
            "jd": 2460692.9024074,
            "ranr": 78.8098041,
            "decnr": 58.362263,
            "fid": 1,
            "forcediffimflux": 453.2098388671875,
            "forcediffimfluxunc": 69.90718078613281,
            "magzpsci": 26.195999145507812
        },
        {
            "objectid": "ZTF24acaeozu",
            "jd": 2460693.7063773,
            "ranr": 78.8099267,
            "decnr": 58.3625777,
            "fid": 1,
            "forcediffimflux": 448.84771728515625,
            "forcediffimfluxunc": 24.892711639404297,
            "magzpsci": 26.195999145507812
        },
        {
            "objectid": "ZTF24acaeozu",
            "jd": 2460693.7877546,
            "ranr": 78.8086328,
            "decnr": 58.3624354,
            "fid": 2,
            "forcediffimflux": 679.3952026367188,
            "forcediffimfluxunc": 29.21427345275879,
            "magzpsci": 26.081199645996094
        },
        {
            "objectid": "ZTF24acaeozu",
            "jd": 2460694.7198727,
            "ranr": -99999.0,
            "decnr": -99999.0,
            "fid": 1,
            "forcediffimflux": -99999.0,
            "forcediffimfluxunc": -99999.0,
            "magzpsci": 26.250900268554688
        },
        {
            "objectid": "ZTF24acaeozu",
            "jd": 2460694.7203356,
            "ranr": 78.8098041,
            "decnr": 58.362263,
            "fid": 1,
            "forcediffimflux": 490.6834411621094,
            "forcediffimfluxunc": 32.4117317199707,
            "magzpsci": 26.28700065612793
        },
        {
            "objectid": "ZTF24acaeozu",
            "jd": 2460694.797662,
            "ranr": -99999.0,
            "decnr": -99999.0,
            "fid": 2,
            "forcediffimflux": -99999.0,
            "forcediffimfluxunc": -99999.0,
            "magzpsci": 26.077199935913086
        },
        {
            "objectid": "ZTF24acaeozu",
            "jd": 2460695.6779398,
            "ranr": -99999.0,
            "decnr": -99999.0,
            "fid": 1,
            "forcediffimflux": -99999.0,
            "forcediffimfluxunc": -99999.0,
            "magzpsci": 26.318700790405273
        },
        {
            "objectid": "ZTF24acaeozu",
            "jd": 2460698.6366898,
            "ranr": 78.8099267,
            "decnr": 58.3625777,
            "fid": 1,
            "forcediffimflux": 372.54449462890625,
            "forcediffimfluxunc": 40.54100036621094,
            "magzpsci": 26.178699493408203
        },
        {
            "objectid": "ZTF24acaeozu",
            "jd": 2460698.6822569,
            "ranr": 78.8086328,
            "decnr": 58.3624354,
            "fid": 2,
            "forcediffimflux": 585.6599731445312,
            "forcediffimfluxunc": 48.29936599731445,
            "magzpsci": 26.06719970703125
        },
        {
            "objectid": "ZTF24acaeozu",
            "jd": 2460699.7178356,
            "ranr": 78.8100055,
            "decnr": 58.3624971,
            "fid": 2,
            "forcediffimflux": 656.9341430664062,
            "forcediffimfluxunc": 54.745521545410156,
            "magzpsci": 26.197500228881836
        },
        {
            "objectid": "ZTF24acaeozu",
            "jd": 2460699.8705208,
            "ranr": -99999.0,
            "decnr": -99999.0,
            "fid": 1,
            "forcediffimflux": -99999.0,
            "forcediffimfluxunc": -99999.0,
            "magzpsci": 26.300100326538086
        },
        {
            "objectid": "ZTF24acaeozu",
            "jd": 2460706.7748958,
            "ranr": -99999.0,
            "decnr": -99999.0,
            "fid": 2,
            "forcediffimflux": -99999.0,
            "forcediffimfluxunc": -99999.0,
            "magzpsci": 26.070100784301758
        },
        {
            "objectid": "ZTF24acaeozu",
            "jd": 2460710.6571065,
            "ranr": 78.8100055,
            "decnr": 58.3624971,
            "fid": 2,
            "forcediffimflux": 658.4950561523438,
            "forcediffimfluxunc": 32.1159782409668,
            "magzpsci": 26.20680046081543
        },
        {
            "objectid": "ZTF24acaeozu",
            "jd": 2460710.6720949,
            "ranr": 78.8100055,
            "decnr": 58.3624971,
            "fid": 2,
            "forcediffimflux": 703.2144775390625,
            "forcediffimfluxunc": 31.434799194335938,
            "magzpsci": 26.205699920654297
        },
        {
            "objectid": "ZTF24acaeozu",
            "jd": 2460714.8861574,
            "ranr": -99999.0,
            "decnr": -99999.0,
            "fid": 1,
            "forcediffimflux": -99999.0,
            "forcediffimfluxunc": -99999.0,
            "magzpsci": 25.871200561523438
        },
        {
            "objectid": "ZTF24acaeozu",
            "jd": 2460717.9133218,
            "ranr": -99999.0,
            "decnr": -99999.0,
            "fid": 1,
            "forcediffimflux": -99999.0,
            "forcediffimfluxunc": -99999.0,
            "magzpsci": 25.990999221801758
        },
        {
            "objectid": "ZTF24acaeozu",
            "jd": 2460723.6795023,
            "ranr": -99999.0,
            "decnr": -99999.0,
            "fid": 1,
            "forcediffimflux": -99999.0,
            "forcediffimfluxunc": -99999.0,
            "magzpsci": 25.707599639892578
        },
        {
            "objectid": "ZTF24acaeozu",
            "jd": 2460723.7651968,
            "ranr": -99999.0,
            "decnr": -99999.0,
            "fid": 2,
            "forcediffimflux": -99999.0,
            "forcediffimfluxunc": -99999.0,
            "magzpsci": 25.70549964904785
        },
        {
            "objectid": "ZTF24acaeozu",
            "jd": 2460725.639537,
            "ranr": -99999.0,
            "decnr": -99999.0,
            "fid": 2,
            "forcediffimflux": -99999.0,
            "forcediffimfluxunc": -99999.0,
            "magzpsci": 25.797700881958008
        },
        {
            "objectid": "ZTF24acaeozu",
            "jd": 2460725.6946181,
            "ranr": -99999.0,
            "decnr": -99999.0,
            "fid": 1,
            "forcediffimflux": -99999.0,
            "forcediffimfluxunc": -99999.0,
            "magzpsci": 26.20210075378418
        },
        {
            "objectid": "ZTF24acaeozu",
            "jd": 2460725.6975116,
            "ranr": -99999.0,
            "decnr": -99999.0,
            "fid": 1,
            "forcediffimflux": -99999.0,
            "forcediffimfluxunc": -99999.0,
            "magzpsci": 26.236400604248047
        },
        {
            "objectid": "ZTF24acaeozu",
            "jd": 2460725.6979861,
            "ranr": 78.8098041,
            "decnr": 58.362263,
            "fid": 1,
            "forcediffimflux": 364.9896545410156,
            "forcediffimfluxunc": 33.51477813720703,
            "magzpsci": 26.239200592041016
        },
        {
            "objectid": "ZTF24acaeozu",
            "jd": 2460727.6538194,
            "ranr": -99999.0,
            "decnr": -99999.0,
            "fid": 1,
            "forcediffimflux": -99999.0,
            "forcediffimfluxunc": -99999.0,
            "magzpsci": 26.32040023803711
        },
        {
            "objectid": "ZTF24acaeozu",
            "jd": 2460727.6568056,
            "ranr": 78.8099267,
            "decnr": 58.3625777,
            "fid": 1,
            "forcediffimflux": 355.3287353515625,
            "forcediffimfluxunc": 26.239761352539062,
            "magzpsci": 26.167699813842773
        },
        {
            "objectid": "ZTF24acaeozu",
            "jd": 2460727.7157755,
            "ranr": -99999.0,
            "decnr": -99999.0,
            "fid": 2,
            "forcediffimflux": -99999.0,
            "forcediffimfluxunc": -99999.0,
            "magzpsci": 26.054500579833984
        },
        {
            "objectid": "ZTF24acaeozu",
            "jd": 2460727.8298958,
            "ranr": 78.8100055,
            "decnr": 58.3624971,
            "fid": 2,
            "forcediffimflux": 643.9246826171875,
            "forcediffimfluxunc": 45.00480651855469,
            "magzpsci": 26.119300842285156
        },
        {
            "objectid": "ZTF24acaeozu",
            "jd": 2460729.6666088,
            "ranr": -99999.0,
            "decnr": -99999.0,
            "fid": 2,
            "forcediffimflux": -99999.0,
            "forcediffimfluxunc": -99999.0,
            "magzpsci": 25.9685001373291
        },
        {
            "objectid": "ZTF24acaeozu",
            "jd": 2460729.6782755,
            "ranr": 78.8086328,
            "decnr": 58.3624354,
            "fid": 2,
            "forcediffimflux": 575.23388671875,
            "forcediffimfluxunc": 27.335813522338867,
            "magzpsci": 25.995399475097656
        },
        {
            "objectid": "ZTF24acaeozu",
            "jd": 2460729.67875,
            "ranr": 78.8100055,
            "decnr": 58.3624971,
            "fid": 2,
            "forcediffimflux": 629.286865234375,
            "forcediffimfluxunc": 37.81087112426758,
            "magzpsci": 26.107099533081055
        },
        {
            "objectid": "ZTF24acaeozu",
            "jd": 2460729.6977315,
            "ranr": -99999.0,
            "decnr": -99999.0,
            "fid": 1,
            "forcediffimflux": -99999.0,
            "forcediffimfluxunc": -99999.0,
            "magzpsci": 26.156299591064453
        },
        {
            "objectid": "ZTF24acaeozu",
            "jd": 2460729.7237616,
            "ranr": 78.8098041,
            "decnr": 58.362263,
            "fid": 1,
            "forcediffimflux": 334.4137878417969,
            "forcediffimfluxunc": 36.14167785644531,
            "magzpsci": 26.138700485229492
        },
        {
            "objectid": "ZTF24acaeozu",
            "jd": 2460729.7758449,
            "ranr": 78.8099267,
            "decnr": 58.3625777,
            "fid": 1,
            "forcediffimflux": 335.4537048339844,
            "forcediffimfluxunc": 33.3759880065918,
            "magzpsci": 26.116100311279297
        },
        {
            "objectid": "ZTF24acaeozu",
            "jd": 2460731.6391898,
            "ranr": -99999.0,
            "decnr": -99999.0,
            "fid": 1,
            "forcediffimflux": -99999.0,
            "forcediffimfluxunc": -99999.0,
            "magzpsci": 26.2185001373291
        },
        {
            "objectid": "ZTF24acaeozu",
            "jd": 2460731.6396528,
            "ranr": 78.8098041,
            "decnr": 58.362263,
            "fid": 1,
            "forcediffimflux": 470.53204345703125,
            "forcediffimfluxunc": 28.195594787597656,
            "magzpsci": 26.29319953918457
        },
        {
            "objectid": "ZTF24acaeozu",
            "jd": 2460731.7002431,
            "ranr": -99999.0,
            "decnr": -99999.0,
            "fid": 2,
            "forcediffimflux": -99999.0,
            "forcediffimfluxunc": -99999.0,
            "magzpsci": 26.077699661254883
        },
        {
            "objectid": "ZTF24acaeozu",
            "jd": 2460731.7464583,
            "ranr": -99999.0,
            "decnr": -99999.0,
            "fid": 2,
            "forcediffimflux": -99999.0,
            "forcediffimfluxunc": -99999.0,
            "magzpsci": 26.231000900268555
        },
        {
            "objectid": "ZTF24acaeozu",
            "jd": 2460733.761412,
            "ranr": 78.8086328,
            "decnr": 58.3624354,
            "fid": 2,
            "forcediffimflux": 575.6196899414062,
            "forcediffimfluxunc": 39.421958923339844,
            "magzpsci": 26.0408992767334
        },
        {
            "objectid": "ZTF24acaeozu",
            "jd": 2460733.7618866,
            "ranr": -99999.0,
            "decnr": -99999.0,
            "fid": 2,
            "forcediffimflux": -99999.0,
            "forcediffimfluxunc": -99999.0,
            "magzpsci": 26.2091007232666
        },
        {
            "objectid": "ZTF24acaeozu",
            "jd": 2460733.7871412,
            "ranr": -99999.0,
            "decnr": -99999.0,
            "fid": 1,
            "forcediffimflux": -99999.0,
            "forcediffimfluxunc": -99999.0,
            "magzpsci": 26.257600784301758
        },
        {
            "objectid": "ZTF24acaeozu",
            "jd": 2460739.6745255,
            "ranr": 78.8099267,
            "decnr": 58.3625777,
            "fid": 1,
            "forcediffimflux": 183.58084106445312,
            "forcediffimfluxunc": 41.56663131713867,
            "magzpsci": 25.529399871826172
        },
        {
            "objectid": "ZTF24acaeozu",
            "jd": 2460743.6431713,
            "ranr": 78.8086328,
            "decnr": 58.3624354,
            "fid": 2,
            "forcediffimflux": 623.5411987304688,
            "forcediffimfluxunc": 46.36400604248047,
            "magzpsci": 26.07069969177246
        },
        {
            "objectid": "ZTF24acaeozu",
            "jd": 2460743.6555787,
            "ranr": -99999.0,
            "decnr": -99999.0,
            "fid": 2,
            "forcediffimflux": -99999.0,
            "forcediffimfluxunc": -99999.0,
            "magzpsci": 26.221200942993164
        },
        {
            "objectid": "ZTF24acaeozu",
            "jd": 2460744.7080671,
            "ranr": -99999.0,
            "decnr": -99999.0,
            "fid": 1,
            "forcediffimflux": -99999.0,
            "forcediffimfluxunc": -99999.0,
            "magzpsci": 26.255699157714844
        },
        {
            "objectid": "ZTF24acaeozu",
            "jd": 2460744.7765856,
            "ranr": -99999.0,
            "decnr": -99999.0,
            "fid": 2,
            "forcediffimflux": -99999.0,
            "forcediffimfluxunc": -99999.0,
            "magzpsci": 26.04050064086914
        },
        {
            "objectid": "ZTF24acaeozu",
            "jd": 2460745.6560648,
            "ranr": 78.8086328,
            "decnr": 58.3624354,
            "fid": 2,
            "forcediffimflux": 506.0555419921875,
            "forcediffimfluxunc": 57.56721878051758,
            "magzpsci": 25.864099502563477
        },
        {
            "objectid": "ZTF24acaeozu",
            "jd": 2460751.6964815,
            "ranr": -99999.0,
            "decnr": -99999.0,
            "fid": 1,
            "forcediffimflux": -99999.0,
            "forcediffimfluxunc": -99999.0,
            "magzpsci": 26.14299964904785
        },
        {
            "objectid": "ZTF24acaeozu",
            "jd": 2460751.696956,
            "ranr": -99999.0,
            "decnr": -99999.0,
            "fid": 1,
            "forcediffimflux": -99999.0,
            "forcediffimfluxunc": -99999.0,
            "magzpsci": 26.28689956665039
        },
        {
            "objectid": "ZTF24acaeozu",
            "jd": 2460751.7602315,
            "ranr": -99999.0,
            "decnr": -99999.0,
            "fid": 2,
            "forcediffimflux": -99999.0,
            "forcediffimfluxunc": -99999.0,
            "magzpsci": 26.02989959716797
        },
        {
            "objectid": "ZTF24acaeozu",
            "jd": 2460753.7009491,
            "ranr": 78.8099267,
            "decnr": 58.3625777,
            "fid": 1,
            "forcediffimflux": 303.2139892578125,
            "forcediffimfluxunc": 36.15785217285156,
            "magzpsci": 26.069400787353516
        },
        {
            "objectid": "ZTF24acaeozu",
            "jd": 2460754.7677315,
            "ranr": -99999.0,
            "decnr": -99999.0,
            "fid": 2,
            "forcediffimflux": -99999.0,
            "forcediffimfluxunc": -99999.0,
            "magzpsci": 25.914400100708008
        },
        {
            "objectid": "ZTF24acaeozu",
            "jd": 2460754.7836227,
            "ranr": 78.8098041,
            "decnr": 58.362263,
            "fid": 1,
            "forcediffimflux": 327.6295166015625,
            "forcediffimfluxunc": 41.79343032836914,
            "magzpsci": 26.066499710083008
        },
        {
            "objectid": "ZTF24acaeozu",
            "jd": 2460755.7624421,
            "ranr": 78.8086328,
            "decnr": 58.3624354,
            "fid": 2,
            "forcediffimflux": 457.94793701171875,
            "forcediffimfluxunc": 59.691810607910156,
            "magzpsci": 25.84670066833496
        },
        {
            "objectid": "ZTF24acaeozu",
            "jd": 2460756.7392361,
            "ranr": -99999.0,
            "decnr": -99999.0,
            "fid": 1,
            "forcediffimflux": -99999.0,
            "forcediffimfluxunc": -99999.0,
            "magzpsci": 26.148700714111328
        },
        {
            "objectid": "ZTF24acaeozu",
            "jd": 2460756.7731597,
            "ranr": -99999.0,
            "decnr": -99999.0,
            "fid": 2,
            "forcediffimflux": -99999.0,
            "forcediffimfluxunc": -99999.0,
            "magzpsci": 25.98080062866211
        },
        {
            "objectid": "ZTF24acaeozu",
            "jd": 2460756.7736343,
            "ranr": -99999.0,
            "decnr": -99999.0,
            "fid": 2,
            "forcediffimflux": -99999.0,
            "forcediffimfluxunc": -99999.0,
            "magzpsci": 26.1289005279541
        },
        {
            "objectid": "ZTF24acaeozu",
            "jd": 2460757.6597222,
            "ranr": 78.8086328,
            "decnr": 58.3624354,
            "fid": 2,
            "forcediffimflux": 572.64794921875,
            "forcediffimfluxunc": 25.34310531616211,
            "magzpsci": 26.04439926147461
        },
        {
            "objectid": "ZTF24acaeozu",
            "jd": 2460757.7006597,
            "ranr": 78.8099267,
            "decnr": 58.3625777,
            "fid": 1,
            "forcediffimflux": 307.5732727050781,
            "forcediffimfluxunc": 27.38839340209961,
            "magzpsci": 26.129199981689453
        },
        {
            "objectid": "ZTF24acaeozu",
            "jd": 2460758.6432986,
            "ranr": -99999.0,
            "decnr": -99999.0,
            "fid": 2,
            "forcediffimflux": -99999.0,
            "forcediffimfluxunc": -99999.0,
            "magzpsci": 26.207599639892578
        },
        {
            "objectid": "ZTF24acaeozu",
            "jd": 2460758.7450926,
            "ranr": -99999.0,
            "decnr": -99999.0,
            "fid": 1,
            "forcediffimflux": -99999.0,
            "forcediffimfluxunc": -99999.0,
            "magzpsci": 26.162700653076172
        },
        {
            "objectid": "ZTF24acaeozu",
            "jd": 2460759.6579514,
            "ranr": 78.8099267,
            "decnr": 58.3625777,
            "fid": 1,
            "forcediffimflux": 322.2338562011719,
            "forcediffimfluxunc": 28.218385696411133,
            "magzpsci": 26.10650062561035
        },
        {
            "objectid": "ZTF24acaeozu",
            "jd": 2460760.7437384,
            "ranr": -99999.0,
            "decnr": -99999.0,
            "fid": 1,
            "forcediffimflux": -99999.0,
            "forcediffimfluxunc": -99999.0,
            "magzpsci": 26.122900009155273
        },
        {
            "objectid": "ZTF24acaeozu",
            "jd": 2460760.7812037,
            "ranr": -99999.0,
            "decnr": -99999.0,
            "fid": 2,
            "forcediffimflux": -99999.0,
            "forcediffimfluxunc": -99999.0,
            "magzpsci": 26.11240005493164
        },
        {
            "objectid": "ZTF24acaeozu",
            "jd": 2460761.6598611,
            "ranr": 78.8099267,
            "decnr": 58.3625777,
            "fid": 1,
            "forcediffimflux": 287.33740234375,
            "forcediffimfluxunc": 20.29244041442871,
            "magzpsci": 26.143800735473633
        }
    ]
}