{
    "objectId": "ZTF22aavcvgd",
    "candidates": [
        {
            "candid": 2029297702515015007,
            "jd": 2459783.7977083,
            "ra": 270.9677725,
            "dec": 61.8939648,
            "fid": 1,
            "nid": 2029,
            "magpsf": 18.832700729370117,
            "sigmapsf": 0.07929100096225739,
            "magnr": 18.077999114990234,
            "sigmagnr": 0.07000000029802322,
            "magzpsci": 26.33370018005371,
            "isdiffpos": "t",
            "ssdistnr": null,
            "ssnamenr": null,
            "drb": 0.9999986886978149
        },
        {
            "candid": 2031283562515015001,
            "jd": 2459785.7835648,
            "ra": 270.9677761,
            "dec": 61.8939872,
            "fid": 2,
            "nid": 2031,
            "magpsf": 17.997400283813477,
            "sigmapsf": 0.06754299998283386,
            "magnr": 17.465999603271484,
            "sigmagnr": 0.0729999989271164,
            "magzpsci": 26.126399993896484,
            "isdiffpos": "t",
            "ssdistnr": null,
            "ssnamenr": null,
            "drb": null
        },
        {
            "candid": 2031326162515015007,
            "jd": 2459785.826169,
            "ra": 270.9678005,
            "dec": 61.8939759,
            "fid": 1,
            "nid": 2031,
            "magpsf": 18.07659912109375,
            "sigmapsf": 0.055955998599529266,
            "magnr": 18.077999114990234,
            "sigmagnr": 0.07000000029802322,
            "magzpsci": 26.212600708007812,
            "isdiffpos": "t",
            "ssdistnr": null,
            "ssnamenr": null,
            "drb": null
        },
        {
            "candid": 2033265722515015008,
            "jd": 2459787.7657292,
            "ra": 270.9678088,
            "dec": 61.8939817,
            "fid": 1,
            "nid": 2033,
            "magpsf": 17.964399337768555,
            "sigmapsf": 0.0658629983663559,
            "magnr": 18.077999114990234,
            "sigmagnr": 0.07000000029802322,
            "magzpsci": 26.26740074157715,
            "isdiffpos": "t",
            "ssdistnr": null,
            "ssnamenr": null,
            "drb": null
        },
        {
            "candid": 2033312882515015001,
            "jd": 2459787.8128819,
            "ra": 270.9677961,
            "dec": 61.8939844,
            "fid": 2,
            "nid": 2033,
            "magpsf": 17.789400100708008,
            "sigmapsf": 0.06667900085449219,
            "magnr": 17.465999603271484,
            "sigmagnr": 0.0729999989271164,
            "magzpsci": 26.258399963378906,
            "isdiffpos": "t",
            "ssdistnr": null,
            "ssnamenr": null,
            "drb": null
        },
        {
            "candid": 2035265422515015005,
            "jd": 2459789.7654282,
            "ra": 270.9677944,
            "dec": 61.8939728,
            "fid": 2,
            "nid": 2035,
            "magpsf": 17.741199493408203,
            "sigmapsf": 0.05012400075793266,
            "magnr": 17.465999603271484,
            "sigmagnr": 0.0729999989271164,
            "magzpsci": 26.26020050048828,
            "isdiffpos": "t",
            "ssdistnr": null,
            "ssnamenr": null,
            "drb": null
        },
        {
            "candid": 2035281312515015006,
            "jd": 2459789.7813194,
            "ra": 270.9677719,
            "dec": 61.8939724,
            "fid": 1,
            "nid": 2035,
            "magpsf": 17.954700469970703,
            "sigmapsf": 0.05359499901533127,
            "magnr": 18.077999114990234,
            "sigmagnr": 0.07000000029802322,
            "magzpsci": 26.21470069885254,
            "isdiffpos": "t",
            "ssdistnr": null,
            "ssnamenr": null,
            "drb": null
        },
        {
            "candid": 2038283002515015001,
            "jd": 2459792.7830093,
            "ra": 270.9678204,
            "dec": 61.8940025,
            "fid": 1,
            "nid": 2038,
            "magpsf": 17.97879981994629,
            "sigmapsf": 0.07912500202655792,
            "magnr": 18.077999114990234,
            "sigmagnr": 0.07000000029802322,
            "magzpsci": 25.672800064086914,
            "isdiffpos": "t",
            "ssdistnr": null,
            "ssnamenr": null,
            "drb": null
        },
        {
            "candid": 2040283592515015009,
            "jd": 2459794.7835995,
            "ra": 270.9678144,
            "dec": 61.893968,
            "fid": 2,
            "nid": 2040,
            "magpsf": 17.739599227905273,
            "sigmapsf": 0.0521089993417263,
            "magnr": 17.465999603271484,
            "sigmagnr": 0.0729999989271164,
            "magzpsci": 26.243600845336914,
            "isdiffpos": "t",
            "ssdistnr": null,
            "ssnamenr": null,
            "drb": null
        },
        {
            "candid": 2040326522515015006,
            "jd": 2459794.8265278,
            "ra": 270.9677996,
            "dec": 61.8939838,
            "fid": 1,
            "nid": 2040,
            "magpsf": 18.10070037841797,
            "sigmapsf": 0.07971300184726715,
            "magnr": 18.077999114990234,
            "sigmagnr": 0.07000000029802322,
            "magzpsci": 26.003700256347656,
            "isdiffpos": "t",
            "ssdistnr": null,
            "ssnamenr": null,
            "drb": null
        },
        {
            "candid": 2043346712515015006,
            "jd": 2459797.846713,
            "ra": 270.9678161,
            "dec": 61.8939797,
            "fid": 2,
            "nid": 2043,
            "magpsf": 17.8085994720459,
            "sigmapsf": 0.05665300041437149,
            "magnr": 17.465999603271484,
            "sigmagnr": 0.0729999989271164,
            "magzpsci": 26.333599090576172,
            "isdiffpos": "t",
            "ssdistnr": null,
            "ssnamenr": null,
            "drb": null
        },
        {
            "candid": 2043385382515015004,
            "jd": 2459797.8853819,
            "ra": 270.9678106,
            "dec": 61.8939888,
            "fid": 1,
            "nid": 2043,
            "magpsf": 18.27829933166504,
            "sigmapsf": 0.07805000245571136,
            "magnr": 18.077999114990234,
            "sigmagnr": 0.07000000029802322,
            "magzpsci": 26.284299850463867,
            "isdiffpos": "t",
            "ssdistnr": null,
            "ssnamenr": null,
            "drb": null
        },
        {
            "candid": 2048245542515015002,
            "jd": 2459802.745544,
            "ra": 270.9678068,
            "dec": 61.8939373,
            "fid": 2,
            "nid": 2048,
            "magpsf": 17.95199966430664,
            "sigmapsf": 0.08300500363111496,
            "magnr": 17.465999603271484,
            "sigmagnr": 0.0729999989271164,
            "magzpsci": 25.945999145507812,
            "isdiffpos": "t",
            "ssdistnr": null,
            "ssnamenr": null,
            "drb": null
        },
        {
            "candid": 2048306902515015002,
            "jd": 2459802.8069097,
            "ra": 270.9677852,
            "dec": 61.8940049,
            "fid": 1,
            "nid": 2048,
            "magpsf": 18.610200881958008,
            "sigmapsf": 0.08646100014448166,
            "magnr": 18.077999114990234,
            "sigmagnr": 0.07000000029802322,
            "magzpsci": 26.3302001953125,
            "isdiffpos": "t",
            "ssdistnr": null,
            "ssnamenr": null,
            "drb": null
        },
        {
            "candid": 2051201402515015001,
            "jd": 2459805.7014005,
            "ra": 270.9677783,
            "dec": 61.8939618,
            "fid": 2,
            "nid": 2051,
            "magpsf": 18.010299682617188,
            "sigmapsf": 0.06272800266742706,
            "magnr": 17.465999603271484,
            "sigmagnr": 0.0729999989271164,
            "magzpsci": 26.268299102783203,
            "isdiffpos": "t",
            "ssdistnr": null,
            "ssnamenr": null,
            "drb": null
        },
        {
            "candid": 2053284812515015002,
            "jd": 2459807.7848148,
            "ra": 270.9678343,
            "dec": 61.8939989,
            "fid": 2,
            "nid": 2053,
            "magpsf": 18.122600555419922,
            "sigmapsf": 0.072113998234272,
            "magnr": 17.465999603271484,
            "sigmagnr": 0.0729999989271164,
            "magzpsci": 26.301599502563477,
            "isdiffpos": "t",
            "ssdistnr": null,
            "ssnamenr": null,
            "drb": null
        },
        {
            "candid": 2055264462515015004,
            "jd": 2459809.7644676,
            "ra": 270.9677792,
            "dec": 61.893964,
            "fid": 2,
            "nid": 2055,
            "magpsf": 18.167999267578125,
            "sigmapsf": 0.07387100160121918,
            "magnr": 17.465999603271484,
            "sigmagnr": 0.0729999989271164,
            "magzpsci": 26.29599952697754,
            "isdiffpos": "t",
            "ssdistnr": null,
            "ssnamenr": null,
            "drb": null
        },
        {
            "candid": 2055327312515015004,
            "jd": 2459809.8273148,
            "ra": 270.9677787,
            "dec": 61.8939867,
            "fid": 1,
            "nid": 2055,
            "magpsf": 18.994400024414062,
            "sigmapsf": 0.13240499794483185,
            "magnr": 18.077999114990234,
            "sigmagnr": 0.07000000029802322,
            "magzpsci": 26.174400329589844,
            "isdiffpos": "t",
            "ssdistnr": null,
            "ssnamenr": null,
            "drb": null
        },
        {
            "candid": 2057323772515015002,
            "jd": 2459811.8237731,
            "ra": 270.9677913,
            "dec": 61.8939739,
            "fid": 2,
            "nid": 2057,
            "magpsf": 18.274700164794922,
            "sigmapsf": 0.07000499963760376,
            "magnr": 17.465999603271484,
            "sigmagnr": 0.0729999989271164,
            "magzpsci": 26.237699508666992,
            "isdiffpos": "t",
            "ssdistnr": null,
            "ssnamenr": null,
            "drb": null
        },
        {
            "candid": 2059185812515015005,
            "jd": 2459813.6858102,
            "ra": 270.9677779,
            "dec": 61.8940029,
            "fid": 2,
            "nid": 2059,
            "magpsf": 18.293899536132812,
            "sigmapsf": 0.08882900327444077,
            "magnr": 17.465999603271484,
            "sigmagnr": 0.0729999989271164,
            "magzpsci": 26.287900924682617,
            "isdiffpos": "t",
            "ssdistnr": null,
            "ssnamenr": null,
            "drb": null
        },
        {
            "candid": 2059283712515015006,
            "jd": 2459813.7837153,
            "ra": 270.9678685,
            "dec": 61.8939752,
            "fid": 1,
            "nid": 2059,
            "magpsf": 19.2726993560791,
            "sigmapsf": 0.14033900201320648,
            "magnr": 18.077999114990234,
            "sigmagnr": 0.07000000029802322,
            "magzpsci": 26.233699798583984,
            "isdiffpos": "t",
            "ssdistnr": null,
            "ssnamenr": null,
            "drb": null
        },
        {
            "candid": 2061185452515015005,
            "jd": 2459815.6854514,
            "ra": 270.9678112,
            "dec": 61.8939622,
            "fid": 2,
            "nid": 2061,
            "magpsf": 18.341999053955078,
            "sigmapsf": 0.0718040019273758,
            "magnr": 17.465999603271484,
            "sigmagnr": 0.0729999989271164,
            "magzpsci": 26.28700065612793,
            "isdiffpos": "t",
            "ssdistnr": null,
            "ssnamenr": null,
            "drb": null
        },
        {
            "candid": 2061203072515015005,
            "jd": 2459815.7030787,
            "ra": 270.9677849,
            "dec": 61.8939904,
            "fid": 1,
            "nid": 2061,
            "magpsf": 19.26650047302246,
            "sigmapsf": 0.09743700176477432,
            "magnr": 18.077999114990234,
            "sigmagnr": 0.07000000029802322,
            "magzpsci": 26.24850082397461,
            "isdiffpos": "t",
            "ssdistnr": null,
            "ssnamenr": null,
            "drb": null
        },
        {
            "candid": 2065161842515015004,
            "jd": 2459819.6618403,
            "ra": 270.9678791,
            "dec": 61.8940317,
            "fid": 1,
            "nid": 2065,
            "magpsf": 19.661399841308594,
            "sigmapsf": 0.1548279970884323,
            "magnr": 18.077999114990234,
            "sigmagnr": 0.07000000029802322,
            "magzpsci": 26.341400146484375,
            "isdiffpos": "t",
            "ssdistnr": null,
            "ssnamenr": null,
            "drb": null
        },
        {
            "candid": 2065202332515015005,
            "jd": 2459819.702338,
            "ra": 270.9677664,
            "dec": 61.893988,
            "fid": 2,
            "nid": 2065,
            "magpsf": 18.488300323486328,
            "sigmapsf": 0.0717030018568039,
            "magnr": 17.465999603271484,
            "sigmagnr": 0.0729999989271164,
            "magzpsci": 26.353300094604492,
            "isdiffpos": "t",
            "ssdistnr": null,
            "ssnamenr": null,
            "drb": null
        },
        {
            "candid": 2067165602515015010,
            "jd": 2459821.6656019,
            "ra": 270.9678298,
            "dec": 61.8939911,
            "fid": 1,
            "nid": 2067,
            "magpsf": 19.842899322509766,
            "sigmapsf": 0.1682180017232895,
            "magnr": 18.077999114990234,
            "sigmagnr": 0.07000000029802322,
            "magzpsci": 26.311899185180664,
            "isdiffpos": "t",
            "ssdistnr": null,
            "ssnamenr": null,
            "drb": null
        },
        {
            "candid": 2067247582515015004,
            "jd": 2459821.747581,
            "ra": 270.9678179,
            "dec": 61.8939792,
            "fid": 2,
            "nid": 2067,
            "magpsf": 18.514299392700195,
            "sigmapsf": 0.10476899892091751,
            "magnr": 17.465999603271484,
            "sigmagnr": 0.0729999989271164,
            "magzpsci": 26.330299377441406,
            "isdiffpos": "t",
            "ssdistnr": null,
            "ssnamenr": null,
            "drb": null
        },
        {
            "candid": 2069278132515015003,
            "jd": 2459823.7781366,
            "ra": 270.9677071,
            "dec": 61.8939562,
            "fid": 2,
            "nid": 2069,
            "magpsf": 18.35919952392578,
            "sigmapsf": 0.08480100333690643,
            "magnr": 17.465999603271484,
            "sigmagnr": 0.0729999989271164,
            "magzpsci": 26.28820037841797,
            "isdiffpos": "t",
            "ssdistnr": null,
            "ssnamenr": null,
            "drb": null
        },
        {
            "candid": 2069322412515015003,
            "jd": 2459823.822419,
            "ra": 270.9678407,
            "dec": 61.8939267,
            "fid": 1,
            "nid": 2069,
            "magpsf": 19.796499252319336,
            "sigmapsf": 0.15175700187683105,
            "magnr": 18.077999114990234,
            "sigmagnr": 0.07000000029802322,
            "magzpsci": 26.213499069213867,
            "isdiffpos": "t",
            "ssdistnr": null,
            "ssnamenr": null,
            "drb": null
        },
        {
            "candid": 2071288632515015003,
            "jd": 2459825.7886343,
            "ra": 270.9677929,
            "dec": 61.8939848,
            "fid": 1,
            "nid": 2071,
            "magpsf": 19.97960090637207,
            "sigmapsf": 0.17567500472068787,
            "magnr": 18.077999114990234,
            "sigmagnr": 0.07000000029802322,
            "magzpsci": 26.22559928894043,
            "isdiffpos": "t",
            "ssdistnr": null,
            "ssnamenr": null,
            "drb": null
        },
        {
            "candid": 2071326012515015001,
            "jd": 2459825.8260185,
            "ra": 270.9679105,
            "dec": 61.8939368,
            "fid": 2,
            "nid": 2071,
            "magpsf": 18.610300064086914,
            "sigmapsf": 0.09858299791812897,
            "magnr": 17.465999603271484,
            "sigmagnr": 0.0729999989271164,
            "magzpsci": 26.236299514770508,
            "isdiffpos": "t",
            "ssdistnr": null,
            "ssnamenr": null,
            "drb": null
        },
        {
            "candid": 2073256262515015002,
            "jd": 2459827.7562616,
            "ra": 270.9679534,
            "dec": 61.8938043,
            "fid": 1,
            "nid": 2073,
            "magpsf": 19.934099197387695,
            "sigmapsf": 0.23544399440288544,
            "magnr": 18.077999114990234,
            "sigmagnr": 0.07000000029802322,
            "magzpsci": 26.203100204467773,
            "isdiffpos": "t",
            "ssdistnr": null,
            "ssnamenr": null,
            "drb": null
        },
        {
            "candid": 2073323562515015002,
            "jd": 2459827.8235648,
            "ra": 270.9678529,
            "dec": 61.893957,
            "fid": 2,
            "nid": 2073,
            "magpsf": 18.635700225830078,
            "sigmapsf": 0.08684899657964706,
            "magnr": 17.465999603271484,
            "sigmagnr": 0.0729999989271164,
            "magzpsci": 26.205699920654297,
            "isdiffpos": "t",
            "ssdistnr": null,
            "ssnamenr": null,
            "drb": null
        },
        {
            "candid": 2086198782515015005,
            "jd": 2459840.6987847,
            "ra": 270.9677385,
            "dec": 61.8939525,
            "fid": 1,
            "nid": 2086,
            "magpsf": 20.134300231933594,
            "sigmapsf": 0.14983400702476501,
            "magnr": 18.077999114990234,
            "sigmagnr": 0.07000000029802322,
            "magzpsci": 26.340299606323242,
            "isdiffpos": "t",
            "ssdistnr": null,
            "ssnamenr": null,
            "drb": null
        },
        {
            "candid": 2086305942515015002,
            "jd": 2459840.8059491,
            "ra": 270.9678777,
            "dec": 61.8939355,
            "fid": 1,
            "nid": 2086,
            "magpsf": 20.106300354003906,
            "sigmapsf": 0.28042900562286377,
            "magnr": 18.077999114990234,
            "sigmagnr": 0.07000000029802322,
            "magzpsci": 26.25429916381836,
            "isdiffpos": "t",
            "ssdistnr": null,
            "ssnamenr": null,
            "drb": null
        },
        {
            "candid": 2088160702515015003,
            "jd": 2459842.660706,
            "ra": 270.9678074,
            "dec": 61.8940393,
            "fid": 1,
            "nid": 2088,
            "magpsf": 20.335599899291992,
            "sigmapsf": 0.21637199819087982,
            "magnr": 18.077999114990234,
            "sigmagnr": 0.07000000029802322,
            "magzpsci": 26.356599807739258,
            "isdiffpos": "t",
            "ssdistnr": null,
            "ssnamenr": null,
            "drb": null
        },
        {
            "candid": 2088180322515015003,
            "jd": 2459842.6803241,
            "ra": 270.9678276,
            "dec": 61.89399,
            "fid": 2,
            "nid": 2088,
            "magpsf": 18.807600021362305,
            "sigmapsf": 0.1150439977645874,
            "magnr": 17.465999603271484,
            "sigmagnr": 0.0729999989271164,
            "magzpsci": 26.351600646972656,
            "isdiffpos": "t",
            "ssdistnr": null,
            "ssnamenr": null,
            "drb": null
        },
        {
            "candid": 2090236272515015003,
            "jd": 2459844.7362731,
            "ra": 270.9677407,
            "dec": 61.8940031,
            "fid": 1,
            "nid": 2090,
            "magpsf": 20.040599822998047,
            "sigmapsf": 0.18446199595928192,
            "magnr": 18.077999114990234,
            "sigmagnr": 0.07000000029802322,
            "magzpsci": 26.3085994720459,
            "isdiffpos": "t",
            "ssdistnr": null,
            "ssnamenr": null,
            "drb": null
        },
        {
            "candid": 2090281852515015003,
            "jd": 2459844.7818519,
            "ra": 270.9677909,
            "dec": 61.8939772,
            "fid": 2,
            "nid": 2090,
            "magpsf": 18.899900436401367,
            "sigmapsf": 0.09599199891090393,
            "magnr": 17.465999603271484,
            "sigmagnr": 0.0729999989271164,
            "magzpsci": 26.31089973449707,
            "isdiffpos": "t",
            "ssdistnr": null,
            "ssnamenr": null,
            "drb": null
        },
        {
            "candid": 2093161452515015002,
            "jd": 2459847.6614583,
            "ra": 270.9677338,
            "dec": 61.8936031,
            "fid": 1,
            "nid": 2093,
            "magpsf": 20.19260025024414,
            "sigmapsf": 0.2664560079574585,
            "magnr": 18.077999114990234,
            "sigmagnr": 0.07000000029802322,
            "magzpsci": 26.313600540161133,
            "isdiffpos": "t",
            "ssdistnr": null,
            "ssnamenr": null,
            "drb": null
        },
        {
            "candid": 2093182002515015003,
            "jd": 2459847.6820023,
            "ra": 270.9678034,
            "dec": 61.8939739,
            "fid": 2,
            "nid": 2093,
            "magpsf": 19.063600540161133,
            "sigmapsf": 0.12688300013542175,
            "magnr": 17.465999603271484,
            "sigmagnr": 0.0729999989271164,
            "magzpsci": 26.344600677490234,
            "isdiffpos": "t",
            "ssdistnr": null,
            "ssnamenr": null,
            "drb": null
        },
        {
            "candid": 2095130842515015005,
            "jd": 2459849.6308449,
            "ra": 270.967812,
            "dec": 61.8939683,
            "fid": 2,
            "nid": 2095,
            "magpsf": 18.970300674438477,
            "sigmapsf": 0.10014499723911285,
            "magnr": 17.465999603271484,
            "sigmagnr": 0.0729999989271164,
            "magzpsci": 26.22130012512207,
            "isdiffpos": "t",
            "ssdistnr": null,
            "ssnamenr": null,
            "drb": null
        },
        {
            "candid": 2097132212515015004,
            "jd": 2459851.6322106,
            "ra": 270.9678057,
            "dec": 61.8939543,
            "fid": 2,
            "nid": 2097,
            "magpsf": 19.019100189208984,
            "sigmapsf": 0.11708000302314758,
            "magnr": 17.465999603271484,
            "sigmagnr": 0.0729999989271164,
            "magzpsci": 26.316099166870117,
            "isdiffpos": "t",
            "ssdistnr": null,
            "ssnamenr": null,
            "drb": null
        },
        {
            "candid": 2097195102515015005,
            "jd": 2459851.6951042,
            "ra": 270.9676766,
            "dec": 61.8939221,
            "fid": 1,
            "nid": 2097,
            "magpsf": 20.436899185180664,
            "sigmapsf": 0.23876500129699707,
            "magnr": 18.077999114990234,
            "sigmagnr": 0.07000000029802322,
            "magzpsci": 26.2539005279541,
            "isdiffpos": "t",
            "ssdistnr": null,
            "ssnamenr": null,
            "drb": null
        },
        {
            "candid": 2099265652515015006,
            "jd": 2459853.7656597,
            "ra": 270.9677171,
            "dec": 61.893969,
            "fid": 2,
            "nid": 2099,
            "magpsf": 19.237699508666992,
            "sigmapsf": 0.1240449994802475,
            "magnr": 17.465999603271484,
            "sigmagnr": 0.0729999989271164,
            "magzpsci": 26.30769920349121,
            "isdiffpos": "t",
            "ssdistnr": null,
            "ssnamenr": null,
            "drb": null
        },
        {
            "candid": 2101158882515015004,
            "jd": 2459855.6588889,
            "ra": 270.9678532,
            "dec": 61.8939873,
            "fid": 2,
            "nid": 2101,
            "magpsf": 19.444400787353516,
            "sigmapsf": 0.1500449925661087,
            "magnr": 17.465999603271484,
            "sigmagnr": 0.0729999989271164,
            "magzpsci": 26.273399353027344,
            "isdiffpos": "t",
            "ssdistnr": null,
            "ssnamenr": null,
            "drb": null
        },
        {
            "candid": 2105217532515015004,
            "jd": 2459859.7175347,
            "ra": 270.967806,
            "dec": 61.8939676,
            "fid": 2,
            "nid": 2105,
            "magpsf": 19.47949981689453,
            "sigmapsf": 0.15775500237941742,
            "magnr": 17.465999603271484,
            "sigmagnr": 0.0729999989271164,
            "magzpsci": 26.25349998474121,
            "isdiffpos": "t",
            "ssdistnr": null,
            "ssnamenr": null,
            "drb": null
        },
        {
            "candid": 2116205322515015003,
            "jd": 2459870.7053241,
            "ra": 270.9677174,
            "dec": 61.8939728,
            "fid": 2,
            "nid": 2116,
            "magpsf": 19.770099639892578,
            "sigmapsf": 0.2004069983959198,
            "magnr": 17.465999603271484,
            "sigmagnr": 0.0729999989271164,
            "magzpsci": 26.283100128173828,
            "isdiffpos": "t",
            "ssdistnr": null,
            "ssnamenr": null,
            "drb": null
        },
        {
            "candid": 2118120252515015003,
            "jd": 2459872.6202546,
            "ra": 270.9678221,
            "dec": 61.8938745,
            "fid": 2,
            "nid": 2118,
            "magpsf": 19.92449951171875,
            "sigmapsf": 0.1853410005569458,
            "magnr": 17.465999603271484,
            "sigmagnr": 0.0729999989271164,
            "magzpsci": 26.340499877929688,
            "isdiffpos": "t",
            "ssdistnr": null,
            "ssnamenr": null,
            "drb": null
        },
        {
            "candid": 2120137012515015005,
            "jd": 2459874.6370139,
            "ra": 270.9678247,
            "dec": 61.8939955,
            "fid": 2,
            "nid": 2120,
            "magpsf": 19.978443145751953,
            "sigmapsf": 0.1952299326658249,
            "magnr": 17.465999603271484,
            "sigmagnr": 0.0729999989271164,
            "magzpsci": 26.316444396972656,
            "isdiffpos": "t",
            "ssdistnr": -999.0,
            "ssnamenr": "null",
            "drb": null
        },
        {
            "jd": 2459755.8471875,
            "fid": 2,
            "diffmaglim": 20.708499908447266
        },
        {
            "jd": 2459755.8883565,
            "fid": 1,
            "diffmaglim": 20.608200073242188
        },
        {
            "jd": 2459757.8018866,
            "fid": 1,
            "diffmaglim": 20.680400848388672
        },
        {
            "jd": 2459757.8437847,
            "fid": 1,
            "diffmaglim": 20.660200119018555
        },
        {
            "jd": 2459759.7816898,
            "fid": 1,
            "diffmaglim": 20.812700271606445
        },
        {
            "jd": 2459759.8238773,
            "fid": 2,
            "diffmaglim": 20.707700729370117
        },
        {
            "jd": 2459761.8081597,
            "fid": 1,
            "diffmaglim": 19.691499710083008
        },
        {
            "jd": 2459761.8526273,
            "fid": 2,
            "diffmaglim": 20.727399826049805
        },
        {
            "jd": 2459763.8184954,
            "fid": 2,
            "diffmaglim": 20.646099090576172
        },
        {
            "jd": 2459763.8826273,
            "fid": 1,
            "diffmaglim": 20.7810001373291
        },
        {
            "jd": 2459765.8415394,
            "fid": 2,
            "diffmaglim": 20.694900512695312
        },
        {
            "jd": 2459765.8896296,
            "fid": 1,
            "diffmaglim": 20.75119972229004
        },
        {
            "jd": 2459768.8446296,
            "fid": 1,
            "diffmaglim": 20.7322998046875
        },
        {
            "jd": 2459768.8702083,
            "fid": 1,
            "diffmaglim": 20.790599822998047
        },
        {
            "jd": 2459770.8044329,
            "fid": 1,
            "diffmaglim": 20.07830047607422
        },
        {
            "jd": 2459770.8676968,
            "fid": 1,
            "diffmaglim": 20.224300384521484
        },
        {
            "jd": 2459772.8127662,
            "fid": 2,
            "diffmaglim": 20.164899826049805
        },
        {
            "jd": 2459772.9079514,
            "fid": 2,
            "diffmaglim": 20.008499145507812
        },
        {
            "jd": 2459774.8000347,
            "fid": 2,
            "diffmaglim": 19.762399673461914
        },
        {
            "jd": 2459774.8822569,
            "fid": 2,
            "diffmaglim": 19.85540008544922
        },
        {
            "jd": 2459776.7360185,
            "fid": 2,
            "diffmaglim": 20.383800506591797
        },
        {
            "jd": 2459776.8434144,
            "fid": 2,
            "diffmaglim": 20.218700408935547
        },
        {
            "jd": 2459779.7679514,
            "fid": 2,
            "diffmaglim": 20.570999145507812
        },
        {
            "jd": 2459781.783125,
            "fid": 1,
            "diffmaglim": 20.63610076904297
        },
        {
            "jd": 2459781.8451389,
            "fid": 1,
            "diffmaglim": 20.148500442504883
        },
        {
            "jd": 2459783.8823843,
            "fid": 2,
            "diffmaglim": 19.56760025024414
        },
        {
            "jd": 2459830.6764699,
            "fid": 1,
            "diffmaglim": 19.548999786376953
        },
        {
            "jd": 2459849.6972569,
            "fid": 1,
            "diffmaglim": 20.51580047607422
        },
        {
            "jd": 2459853.6573611,
            "fid": 1,
            "diffmaglim": 20.556800842285156
        },
        {
            "jd": 2459855.7270255,
            "fid": 1,
            "diffmaglim": 20.106599807739258
        },
        {
            "jd": 2459857.7029398,
            "fid": 2,
            "diffmaglim": 19.966899871826172
        },
        {
            "jd": 2459857.7603356,
            "fid": 1,
            "diffmaglim": 19.669200897216797
        },
        {
            "jd": 2459859.6844329,
            "fid": 1,
            "diffmaglim": 19.689199447631836
        },
        {
            "jd": 2459862.6823727,
            "fid": 1,
            "diffmaglim": 19.400999069213867
        },
        {
            "jd": 2459864.6349537,
            "fid": 1,
            "diffmaglim": 19.98189926147461
        },
        {
            "jd": 2459866.7174074,
            "fid": 1,
            "diffmaglim": 19.742700576782227
        },
        {
            "jd": 2459870.6231713,
            "fid": 1,
            "diffmaglim": 20.533199310302734
        }
    ],
    "forcedphot": []
}