{
    "objectId": "ZTF21aarytbc",
    "candidates": [
        {
            "candid": 1553253950415015011,
            "jd": 2459307.7539583,
            "ra": 186.9092972,
            "dec": 1.9179923,
            "fid": 2,
            "nid": 1553,
            "magpsf": 20.320600509643555,
            "sigmapsf": 0.2073339968919754,
            "magnr": 20.264999389648438,
            "sigmagnr": 0.11599999666213989,
            "magzpsci": 26.287599563598633,
            "isdiffpos": "t",
            "ssdistnr": null,
            "ssnamenr": null,
            "drb": null
        },
        {
            "candid": 1553297230415015017,
            "jd": 2459307.7972338,
            "ra": 186.909229,
            "dec": 1.9179617,
            "fid": 1,
            "nid": 1553,
            "magpsf": 20.531299591064453,
            "sigmapsf": 0.1978680044412613,
            "magnr": 20.679000854492188,
            "sigmagnr": 0.10599999874830246,
            "magzpsci": 26.499300003051758,
            "isdiffpos": "t",
            "ssdistnr": null,
            "ssnamenr": null,
            "drb": null
        },
        {
            "candid": 1555277320415015020,
            "jd": 2459309.7773264,
            "ra": 186.9092133,
            "dec": 1.9180514,
            "fid": 2,
            "nid": 1555,
            "magpsf": 20.48040008544922,
            "sigmapsf": 0.24159400165081024,
            "magnr": 20.264999389648438,
            "sigmagnr": 0.11599999666213989,
            "magzpsci": 26.291400909423828,
            "isdiffpos": "t",
            "ssdistnr": null,
            "ssnamenr": null,
            "drb": null
        },
        {
            "candid": 1555309150415015013,
            "jd": 2459309.8091551,
            "ra": 186.9093059,
            "dec": 1.9178848,
            "fid": 1,
            "nid": 1555,
            "magpsf": 20.531200408935547,
            "sigmapsf": 0.1950960010290146,
            "magnr": 20.679000854492188,
            "sigmagnr": 0.10599999874830246,
            "magzpsci": 26.353200912475586,
            "isdiffpos": "t",
            "ssdistnr": null,
            "ssnamenr": null,
            "drb": null
        },
        {
            "candid": 1557233500415015014,
            "jd": 2459311.7335069,
            "ra": 186.909267,
            "dec": 1.917995,
            "fid": 1,
            "nid": 1557,
            "magpsf": 20.169099807739258,
            "sigmapsf": 0.1976740062236786,
            "magnr": 20.679000854492188,
            "sigmagnr": 0.10599999874830246,
            "magzpsci": 26.133100509643555,
            "isdiffpos": "t",
            "ssdistnr": null,
            "ssnamenr": null,
            "drb": null
        },
        {
            "candid": 1557312260415015022,
            "jd": 2459311.8122685,
            "ra": 186.9092403,
            "dec": 1.917968,
            "fid": 2,
            "nid": 1557,
            "magpsf": 20.111900329589844,
            "sigmapsf": 0.1460600048303604,
            "magnr": 20.264999389648438,
            "sigmagnr": 0.11599999666213989,
            "magzpsci": 26.27589988708496,
            "isdiffpos": "t",
            "ssdistnr": null,
            "ssnamenr": null,
            "drb": null
        },
        {
            "candid": 1559255640415015020,
            "jd": 2459313.7556481,
            "ra": 186.9092088,
            "dec": 1.9179214,
            "fid": 1,
            "nid": 1559,
            "magpsf": 20.19179916381836,
            "sigmapsf": 0.16141700744628906,
            "magnr": 20.679000854492188,
            "sigmagnr": 0.10599999874830246,
            "magzpsci": 26.2637996673584,
            "isdiffpos": "t",
            "ssdistnr": null,
            "ssnamenr": null,
            "drb": null
        },
        {
            "candid": 1559298410415015014,
            "jd": 2459313.7984144,
            "ra": 186.9092313,
            "dec": 1.9179648,
            "fid": 2,
            "nid": 1559,
            "magpsf": 20.00119972229004,
            "sigmapsf": 0.20258699357509613,
            "magnr": 20.264999389648438,
            "sigmagnr": 0.11599999666213989,
            "magzpsci": 25.88920021057129,
            "isdiffpos": "t",
            "ssdistnr": null,
            "ssnamenr": null,
            "drb": null
        },
        {
            "candid": 1563252400415015024,
            "jd": 2459317.7524074,
            "ra": 186.9092664,
            "dec": 1.9179369,
            "fid": 1,
            "nid": 1563,
            "magpsf": 20.328100204467773,
            "sigmapsf": 0.17409400641918182,
            "magnr": 20.679000854492188,
            "sigmagnr": 0.10599999874830246,
            "magzpsci": 26.348100662231445,
            "isdiffpos": "t",
            "ssdistnr": null,
            "ssnamenr": null,
            "drb": null
        },
        {
            "candid": 1563252400415025024,
            "jd": 2459317.7524074,
            "ra": 186.9092664,
            "dec": 1.9179369,
            "fid": 1,
            "nid": 1563,
            "magpsf": 20.328100204467773,
            "sigmapsf": 0.17409400641918182,
            "magnr": 20.679000854492188,
            "sigmagnr": 0.10599999874830246,
            "magzpsci": 26.348100662231445,
            "isdiffpos": "t",
            "ssdistnr": null,
            "ssnamenr": null,
            "drb": null
        },
        {
            "candid": 1563330830415015019,
            "jd": 2459317.8308333,
            "ra": 186.9093,
            "dec": 1.9179681,
            "fid": 2,
            "nid": 1563,
            "magpsf": 20.118999481201172,
            "sigmapsf": 0.1462409943342209,
            "magnr": 20.264999389648438,
            "sigmagnr": 0.11599999666213989,
            "magzpsci": 26.266000747680664,
            "isdiffpos": "t",
            "ssdistnr": null,
            "ssnamenr": null,
            "drb": null
        },
        {
            "candid": 1563330830415025019,
            "jd": 2459317.8308333,
            "ra": 186.9093,
            "dec": 1.9179681,
            "fid": 2,
            "nid": 1563,
            "magpsf": 20.118999481201172,
            "sigmapsf": 0.1462409943342209,
            "magnr": 20.264999389648438,
            "sigmagnr": 0.11599999666213989,
            "magzpsci": 26.266000747680664,
            "isdiffpos": "t",
            "ssdistnr": null,
            "ssnamenr": null,
            "drb": null
        },
        {
            "candid": 1567270930415015018,
            "jd": 2459321.7709375,
            "ra": 186.9092562,
            "dec": 1.9179384,
            "fid": 1,
            "nid": 1567,
            "magpsf": 20.425800323486328,
            "sigmapsf": 0.1826619952917099,
            "magnr": 20.679000854492188,
            "sigmagnr": 0.10599999874830246,
            "magzpsci": 26.314800262451172,
            "isdiffpos": "t",
            "ssdistnr": null,
            "ssnamenr": null,
            "drb": null
        },
        {
            "candid": 1567298440415015022,
            "jd": 2459321.7984491,
            "ra": 186.9092915,
            "dec": 1.917925,
            "fid": 2,
            "nid": 1567,
            "magpsf": 20.106700897216797,
            "sigmapsf": 0.16039399802684784,
            "magnr": 20.264999389648438,
            "sigmagnr": 0.11599999666213989,
            "magzpsci": 26.271699905395508,
            "isdiffpos": "t",
            "ssdistnr": null,
            "ssnamenr": null,
            "drb": null
        },
        {
            "candid": 1569278360415015014,
            "jd": 2459323.7783681,
            "ra": 186.9091108,
            "dec": 1.9178895,
            "fid": 1,
            "nid": 1569,
            "magpsf": 20.54199981689453,
            "sigmapsf": 0.2832379937171936,
            "magnr": 20.679000854492188,
            "sigmagnr": 0.10599999874830246,
            "magzpsci": 26.32699966430664,
            "isdiffpos": "t",
            "ssdistnr": null,
            "ssnamenr": null,
            "drb": null
        },
        {
            "candid": 1569316040415015031,
            "jd": 2459323.8160417,
            "ra": 186.9092953,
            "dec": 1.9179292,
            "fid": 2,
            "nid": 1569,
            "magpsf": 20.002199172973633,
            "sigmapsf": 0.14756399393081665,
            "magnr": 20.264999389648438,
            "sigmagnr": 0.11599999666213989,
            "magzpsci": 26.276199340820312,
            "isdiffpos": "t",
            "ssdistnr": null,
            "ssnamenr": null,
            "drb": null
        },
        {
            "candid": 1571325180415015008,
            "jd": 2459325.8251852,
            "ra": 186.9093276,
            "dec": 1.9179515,
            "fid": 1,
            "nid": 1571,
            "magpsf": 20.374900817871094,
            "sigmapsf": 0.24584700167179108,
            "magnr": 20.679000854492188,
            "sigmagnr": 0.10599999874830246,
            "magzpsci": 26.324899673461914,
            "isdiffpos": "t",
            "ssdistnr": null,
            "ssnamenr": null,
            "drb": null
        },
        {
            "candid": 1580272910415015012,
            "jd": 2459334.7729167,
            "ra": 186.9092442,
            "dec": 1.9179375,
            "fid": 2,
            "nid": 1580,
            "magpsf": 20.45359992980957,
            "sigmapsf": 0.3159179985523224,
            "magnr": 20.264999389648438,
            "sigmagnr": 0.11599999666213989,
            "magzpsci": 26.2716007232666,
            "isdiffpos": "t",
            "ssdistnr": null,
            "ssnamenr": null,
            "drb": null
        },
        {
            "candid": 1582256430415015019,
            "jd": 2459336.7564352,
            "ra": 186.9091892,
            "dec": 1.9179887,
            "fid": 1,
            "nid": 1582,
            "magpsf": 20.72170066833496,
            "sigmapsf": 0.2795160114765167,
            "magnr": 20.679000854492188,
            "sigmagnr": 0.10599999874830246,
            "magzpsci": 26.325700759887695,
            "isdiffpos": "t",
            "ssdistnr": 14.0,
            "ssnamenr": "296061",
            "drb": null
        },
        {
            "candid": 1582256430415035019,
            "jd": 2459336.7564352,
            "ra": 186.9091892,
            "dec": 1.9179887,
            "fid": 1,
            "nid": 1582,
            "magpsf": 20.72170066833496,
            "sigmapsf": 0.2795160114765167,
            "magnr": 20.679000854492188,
            "sigmagnr": 0.10599999874830246,
            "magzpsci": 26.325700759887695,
            "isdiffpos": "t",
            "ssdistnr": 14.0,
            "ssnamenr": "296061",
            "drb": null
        },
        {
            "candid": 1582310540415015015,
            "jd": 2459336.810544,
            "ra": 186.9092777,
            "dec": 1.9179694,
            "fid": 2,
            "nid": 1582,
            "magpsf": 20.109939575195312,
            "sigmapsf": 0.1740500032901764,
            "magnr": 20.264999389648438,
            "sigmagnr": 0.11599999666213989,
            "magzpsci": 26.234939575195312,
            "isdiffpos": "t",
            "ssdistnr": -999.0,
            "ssnamenr": "null",
            "drb": null
        },
        {
            "candid": 1582310540415035015,
            "jd": 2459336.810544,
            "ra": 186.9092777,
            "dec": 1.9179694,
            "fid": 2,
            "nid": 1582,
            "magpsf": 20.109899520874023,
            "sigmapsf": 0.1740500032901764,
            "magnr": 20.264999389648438,
            "sigmagnr": 0.11599999666213989,
            "magzpsci": 26.234899520874023,
            "isdiffpos": "t",
            "ssdistnr": null,
            "ssnamenr": null,
            "drb": null
        },
        {
            "candid": 1588275060415015020,
            "jd": 2459342.7750694,
            "ra": 186.9092612,
            "dec": 1.9179944,
            "fid": 2,
            "nid": 1588,
            "magpsf": 20.19610023498535,
            "sigmapsf": 0.19181300699710846,
            "magnr": 20.264999389648438,
            "sigmagnr": 0.11599999666213989,
            "magzpsci": 26.221099853515625,
            "isdiffpos": "t",
            "ssdistnr": null,
            "ssnamenr": null,
            "drb": null
        },
        {
            "candid": 1588316720415015016,
            "jd": 2459342.8167245,
            "ra": 186.9092025,
            "dec": 1.917956,
            "fid": 1,
            "nid": 1588,
            "magpsf": 20.930599212646484,
            "sigmapsf": 0.3211260139942169,
            "magnr": 20.679000854492188,
            "sigmagnr": 0.10599999874830246,
            "magzpsci": 26.242599487304688,
            "isdiffpos": "t",
            "ssdistnr": null,
            "ssnamenr": null,
            "drb": null
        },
        {
            "candid": 1590246240415015021,
            "jd": 2459344.74625,
            "ra": 186.9092613,
            "dec": 1.9179156,
            "fid": 2,
            "nid": 1590,
            "magpsf": 20.256999969482422,
            "sigmapsf": 0.15275399386882782,
            "magnr": 20.264999389648438,
            "sigmagnr": 0.11599999666213989,
            "magzpsci": 26.23900032043457,
            "isdiffpos": "t",
            "ssdistnr": null,
            "ssnamenr": null,
            "drb": null
        },
        {
            "candid": 1590254450415015025,
            "jd": 2459344.754456,
            "ra": 186.9092078,
            "dec": 1.9178683,
            "fid": 1,
            "nid": 1590,
            "magpsf": 21.283199310302734,
            "sigmapsf": 0.3065569996833801,
            "magnr": 20.679000854492188,
            "sigmagnr": 0.10599999874830246,
            "magzpsci": 26.30419921875,
            "isdiffpos": "t",
            "ssdistnr": null,
            "ssnamenr": null,
            "drb": null
        },
        {
            "candid": 1595176120415015026,
            "jd": 2459349.6761227,
            "ra": 186.9092879,
            "dec": 1.9179477,
            "fid": 2,
            "nid": 1595,
            "magpsf": 20.064300537109375,
            "sigmapsf": 0.16994599997997284,
            "magnr": 20.264999389648438,
            "sigmagnr": 0.11599999666213989,
            "magzpsci": 26.268299102783203,
            "isdiffpos": "t",
            "ssdistnr": null,
            "ssnamenr": null,
            "drb": null
        },
        {
            "candid": 1598238180415015011,
            "jd": 2459352.7381829,
            "ra": 186.9094386,
            "dec": 1.9178498,
            "fid": 2,
            "nid": 1598,
            "magpsf": 20.04520034790039,
            "sigmapsf": 0.25345098972320557,
            "magnr": 20.264999389648438,
            "sigmagnr": 0.11599999666213989,
            "magzpsci": 26.196199417114258,
            "isdiffpos": "t",
            "ssdistnr": null,
            "ssnamenr": null,
            "drb": null
        },
        {
            "candid": 1600211340415015013,
            "jd": 2459354.7113426,
            "ra": 186.9091949,
            "dec": 1.917877,
            "fid": 2,
            "nid": 1600,
            "magpsf": 19.86400032043457,
            "sigmapsf": 0.2030639946460724,
            "magnr": 20.264999389648438,
            "sigmagnr": 0.11599999666213989,
            "magzpsci": 26.277000427246094,
            "isdiffpos": "t",
            "ssdistnr": null,
            "ssnamenr": null,
            "drb": null
        },
        {
            "candid": 1607213950415015014,
            "jd": 2459361.7139583,
            "ra": 186.9092178,
            "dec": 1.9178592,
            "fid": 2,
            "nid": 1607,
            "magpsf": 20.336200714111328,
            "sigmapsf": 0.27479299902915955,
            "magnr": 20.264999389648438,
            "sigmagnr": 0.11599999666213989,
            "magzpsci": 26.314199447631836,
            "isdiffpos": "t",
            "ssdistnr": null,
            "ssnamenr": null,
            "drb": null
        },
        {
            "candid": 1609206720415015015,
            "jd": 2459363.7067245,
            "ra": 186.9092846,
            "dec": 1.9179761,
            "fid": 2,
            "nid": 1609,
            "magpsf": 20.31329917907715,
            "sigmapsf": 0.18588300049304962,
            "magnr": 20.264999389648438,
            "sigmagnr": 0.11599999666213989,
            "magzpsci": 26.31730079650879,
            "isdiffpos": "t",
            "ssdistnr": null,
            "ssnamenr": null,
            "drb": null
        },
        {
            "candid": 1613192190415015010,
            "jd": 2459367.6921991,
            "ra": 186.9092829,
            "dec": 1.9179498,
            "fid": 2,
            "nid": 1613,
            "magpsf": 20.39389991760254,
            "sigmapsf": 0.2232149988412857,
            "magnr": 20.264999389648438,
            "sigmagnr": 0.11599999666213989,
            "magzpsci": 26.138900756835938,
            "isdiffpos": "t",
            "ssdistnr": null,
            "ssnamenr": null,
            "drb": null
        },
        {
            "candid": 1615207220415015016,
            "jd": 2459369.7072222,
            "ra": 186.9092059,
            "dec": 1.9178438,
            "fid": 2,
            "nid": 1615,
            "magpsf": 20.40155029296875,
            "sigmapsf": 0.21195800602436066,
            "magnr": 20.264999389648438,
            "sigmagnr": 0.11599999666213989,
            "magzpsci": 26.269550323486328,
            "isdiffpos": "t",
            "ssdistnr": -999.0,
            "ssnamenr": "null",
            "drb": null
        },
        {
            "jd": 2459278.8166667,
            "fid": 1,
            "diffmaglim": 20.43670082092285
        },
        {
            "jd": 2459278.924537,
            "fid": 2,
            "diffmaglim": 20.07379913330078
        },
        {
            "jd": 2459281.7878356,
            "fid": 2,
            "diffmaglim": 20.381399154663086
        },
        {
            "jd": 2459291.7891204,
            "fid": 1,
            "diffmaglim": 20.469100952148438
        },
        {
            "jd": 2459291.8504167,
            "fid": 2,
            "diffmaglim": 20.644500732421875
        },
        {
            "jd": 2459293.753831,
            "fid": 2,
            "diffmaglim": 20.366100311279297
        },
        {
            "jd": 2459293.794838,
            "fid": 1,
            "diffmaglim": 20.453100204467773
        },
        {
            "jd": 2459296.8577431,
            "fid": 2,
            "diffmaglim": 19.739099502563477
        },
        {
            "jd": 2459298.83375,
            "fid": 1,
            "diffmaglim": 19.147600173950195
        },
        {
            "jd": 2459298.8785069,
            "fid": 2,
            "diffmaglim": 19.34510040283203
        },
        {
            "jd": 2459303.8589005,
            "fid": 1,
            "diffmaglim": 19.035200119018555
        },
        {
            "jd": 2459305.7771296,
            "fid": 1,
            "diffmaglim": 17.992700576782227
        },
        {
            "jd": 2459315.7763426,
            "fid": 1,
            "diffmaglim": 18.62929916381836
        },
        {
            "jd": 2459325.7776389,
            "fid": 2,
            "diffmaglim": 20.125200271606445
        },
        {
            "jd": 2459338.7548264,
            "fid": 2,
            "diffmaglim": 20.456899642944336
        },
        {
            "jd": 2459338.8121528,
            "fid": 1,
            "diffmaglim": 20.3533992767334
        },
        {
            "jd": 2459340.7286343,
            "fid": 1,
            "diffmaglim": 20.689599990844727
        },
        {
            "jd": 2459347.6781829,
            "fid": 1,
            "diffmaglim": 20.797399520874023
        },
        {
            "jd": 2459349.710162,
            "fid": 1,
            "diffmaglim": 20.66629981994629
        },
        {
            "jd": 2459352.7085417,
            "fid": 1,
            "diffmaglim": 20.053600311279297
        },
        {
            "jd": 2459354.6790278,
            "fid": 1,
            "diffmaglim": 19.816699981689453
        },
        {
            "jd": 2459358.7537963,
            "fid": 1,
            "diffmaglim": 19.028799057006836
        },
        {
            "jd": 2459358.8100694,
            "fid": 2,
            "diffmaglim": 18.814300537109375
        },
        {
            "jd": 2459361.7541667,
            "fid": 1,
            "diffmaglim": 19.457199096679688
        },
        {
            "jd": 2459363.7116088,
            "fid": 1,
            "diffmaglim": 20.52739906311035
        },
        {
            "jd": 2459365.6909375,
            "fid": 1,
            "diffmaglim": 20.531299591064453
        }
    ],
    "forcedphot": []
}