{
    "objectId": "ZTF23abaibbk",
    "candidates": [
        {
            "candid": 2428474085115015011,
            "jd": 2460182.9740856,
            "ra": 74.5261826,
            "dec": 35.5642534,
            "fid": 2,
            "nid": 2428,
            "magpsf": 20.42020034790039,
            "sigmapsf": 0.26807901263237,
            "magnr": 20.719999313354492,
            "sigmagnr": 0.14100000262260437,
            "magzpsci": 26.204200744628906,
            "isdiffpos": "t",
            "ssdistnr": null,
            "ssnamenr": null,
            "drb": null
        },
        {
            "candid": 2428475976215015018,
            "jd": 2460182.9759722,
            "ra": 74.5261818,
            "dec": 35.5642275,
            "fid": 2,
            "nid": 2428,
            "magpsf": 20.19499969482422,
            "sigmapsf": 0.22540199756622314,
            "magnr": 22.214000701904297,
            "sigmagnr": 0.26499998569488525,
            "magzpsci": 26.176000595092773,
            "isdiffpos": "t",
            "ssdistnr": null,
            "ssnamenr": null,
            "drb": null
        },
        {
            "candid": 2430475905115015017,
            "jd": 2460184.9759028,
            "ra": 74.5261824,
            "dec": 35.5642807,
            "fid": 2,
            "nid": 2430,
            "magpsf": 20.15169906616211,
            "sigmapsf": 0.21563799679279327,
            "magnr": 20.719999313354492,
            "sigmagnr": 0.14100000262260437,
            "magzpsci": 26.19569969177246,
            "isdiffpos": "t",
            "ssdistnr": null,
            "ssnamenr": null,
            "drb": null
        },
        {
            "candid": 2430484666215015007,
            "jd": 2460184.9846644,
            "ra": 74.5261493,
            "dec": 35.5642574,
            "fid": 2,
            "nid": 2430,
            "magpsf": 20.350900650024414,
            "sigmapsf": 0.21480700373649597,
            "magnr": 22.214000701904297,
            "sigmagnr": 0.26499998569488525,
            "magzpsci": 26.175899505615234,
            "isdiffpos": "t",
            "ssdistnr": null,
            "ssnamenr": null,
            "drb": null
        },
        {
            "candid": 2442447036215015008,
            "jd": 2460196.947037,
            "ra": 74.5261113,
            "dec": 35.5642296,
            "fid": 2,
            "nid": 2442,
            "magpsf": 20.58489990234375,
            "sigmapsf": 0.24774999916553497,
            "magnr": 22.091999053955078,
            "sigmagnr": 0.2029999941587448,
            "magzpsci": 26.118900299072266,
            "isdiffpos": "t",
            "ssdistnr": null,
            "ssnamenr": null,
            "drb": null
        },
        {
            "candid": 2445437025115015009,
            "jd": 2460199.9370255,
            "ra": 74.526191,
            "dec": 35.5641882,
            "fid": 2,
            "nid": 2445,
            "magpsf": 20.55229949951172,
            "sigmapsf": 0.28341299295425415,
            "magnr": 20.719999313354492,
            "sigmagnr": 0.14100000262260437,
            "magzpsci": 26.171300888061523,
            "isdiffpos": "t",
            "ssdistnr": null,
            "ssnamenr": null,
            "drb": null
        },
        {
            "candid": 2447432045115015012,
            "jd": 2460201.9320486,
            "ra": 74.5260885,
            "dec": 35.5642305,
            "fid": 2,
            "nid": 2447,
            "magpsf": 20.410600662231445,
            "sigmapsf": 0.2852349877357483,
            "magnr": 20.719999313354492,
            "sigmagnr": 0.14100000262260437,
            "magzpsci": 26.177600860595703,
            "isdiffpos": "t",
            "ssdistnr": null,
            "ssnamenr": null,
            "drb": null
        },
        {
            "candid": 2450429796215015012,
            "jd": 2460204.9297917,
            "ra": 74.5262154,
            "dec": 35.5642552,
            "fid": 2,
            "nid": 2450,
            "magpsf": 20.553335189819336,
            "sigmapsf": 0.20419000089168549,
            "magnr": 22.214000701904297,
            "sigmagnr": 0.26499998569488525,
            "magzpsci": 26.169336318969727,
            "isdiffpos": "t",
            "ssdistnr": -999.0,
            "ssnamenr": "null",
            "drb": null
        },
        {
            "candid": 2451431655115015016,
            "jd": 2460205.9316551,
            "ra": 74.5261727,
            "dec": 35.5642898,
            "fid": 2,
            "nid": 2451,
            "magpsf": 20.700599670410156,
            "sigmapsf": 0.27218499779701233,
            "magnr": 20.719999313354492,
            "sigmagnr": 0.14100000262260437,
            "magzpsci": 26.19260025024414,
            "isdiffpos": "t",
            "ssdistnr": null,
            "ssnamenr": null,
            "drb": null
        },
        {
            "candid": 2452474826215015010,
            "jd": 2460206.9748264,
            "ra": 74.5262198,
            "dec": 35.5642246,
            "fid": 2,
            "nid": 2452,
            "magpsf": 20.464599609375,
            "sigmapsf": 0.22850100696086884,
            "magnr": 22.214000701904297,
            "sigmagnr": 0.26499998569488525,
            "magzpsci": 26.19059944152832,
            "isdiffpos": "t",
            "ssdistnr": null,
            "ssnamenr": null,
            "drb": null
        },
        {
            "candid": 2453502035115015020,
            "jd": 2460208.002037,
            "ra": 74.5261531,
            "dec": 35.5642596,
            "fid": 2,
            "nid": 2453,
            "magpsf": 20.490234375,
            "sigmapsf": 0.20842483639717102,
            "magnr": 20.719999313354492,
            "sigmagnr": 0.14100000262260437,
            "magzpsci": 26.224233627319336,
            "isdiffpos": "t",
            "ssdistnr": -999.0,
            "ssnamenr": "null",
            "drb": null
        },
        {
            "jd": 2460157.9764931,
            "fid": 2,
            "diffmaglim": 19.29599952697754
        },
        {
            "jd": 2460157.9789236,
            "fid": 2,
            "diffmaglim": 19.316099166870117
        },
        {
            "jd": 2460157.9813542,
            "fid": 2,
            "diffmaglim": 19.304500579833984
        },
        {
            "jd": 2460157.9837731,
            "fid": 2,
            "diffmaglim": 19.254199981689453
        },
        {
            "jd": 2460157.9862153,
            "fid": 2,
            "diffmaglim": 19.354400634765625
        },
        {
            "jd": 2460159.9766319,
            "fid": 2,
            "diffmaglim": 19.423200607299805
        },
        {
            "jd": 2460159.9790972,
            "fid": 2,
            "diffmaglim": 19.556499481201172
        },
        {
            "jd": 2460159.9815625,
            "fid": 2,
            "diffmaglim": 19.481800079345703
        },
        {
            "jd": 2460159.9840278,
            "fid": 2,
            "diffmaglim": 19.52739906311035
        },
        {
            "jd": 2460159.9864931,
            "fid": 2,
            "diffmaglim": 19.573400497436523
        },
        {
            "jd": 2460160.9779167,
            "fid": 2,
            "diffmaglim": 19.670499801635742
        },
        {
            "jd": 2460160.9803819,
            "fid": 2,
            "diffmaglim": 19.84309959411621
        },
        {
            "jd": 2460160.9828472,
            "fid": 2,
            "diffmaglim": 19.847200393676758
        },
        {
            "jd": 2460160.9853125,
            "fid": 2,
            "diffmaglim": 19.83139991760254
        },
        {
            "jd": 2460160.9877778,
            "fid": 2,
            "diffmaglim": 19.751100540161133
        },
        {
            "jd": 2460162.9495833,
            "fid": 2,
            "diffmaglim": 19.723100662231445
        },
        {
            "jd": 2460162.9723611,
            "fid": 1,
            "diffmaglim": 19.707399368286133
        },
        {
            "jd": 2460162.9732986,
            "fid": 1,
            "diffmaglim": 19.88249969482422
        },
        {
            "jd": 2460165.9791088,
            "fid": 1,
            "diffmaglim": 18.174699783325195
        },
        {
            "jd": 2460168.929213,
            "fid": 1,
            "diffmaglim": 20.008800506591797
        },
        {
            "jd": 2460168.9733333,
            "fid": 2,
            "diffmaglim": 20.273099899291992
        },
        {
            "jd": 2460169.9506481,
            "fid": 2,
            "diffmaglim": 20.21109962463379
        },
        {
            "jd": 2460171.9467245,
            "fid": 2,
            "diffmaglim": 20.269100189208984
        },
        {
            "jd": 2460171.9693981,
            "fid": 1,
            "diffmaglim": 20.532699584960938
        },
        {
            "jd": 2460171.981412,
            "fid": 1,
            "diffmaglim": 20.305200576782227
        },
        {
            "jd": 2460174.9500116,
            "fid": 1,
            "diffmaglim": 20.25510025024414
        },
        {
            "jd": 2460174.9509606,
            "fid": 1,
            "diffmaglim": 20.241500854492188
        },
        {
            "jd": 2460174.9752315,
            "fid": 2,
            "diffmaglim": 20.35420036315918
        },
        {
            "jd": 2460174.9761806,
            "fid": 2,
            "diffmaglim": 20.23069953918457
        },
        {
            "jd": 2460182.9150116,
            "fid": 1,
            "diffmaglim": 20.05940055847168
        },
        {
            "jd": 2460182.9238426,
            "fid": 1,
            "diffmaglim": 20.21299934387207
        },
        {
            "jd": 2460184.9528472,
            "fid": 1,
            "diffmaglim": 20.259899139404297
        },
        {
            "jd": 2460184.9547338,
            "fid": 1,
            "diffmaglim": 20.35300064086914
        },
        {
            "jd": 2460186.922419,
            "fid": 2,
            "diffmaglim": 19.409700393676758
        },
        {
            "jd": 2460186.9228819,
            "fid": 2,
            "diffmaglim": 19.55699920654297
        },
        {
            "jd": 2460186.9783681,
            "fid": 1,
            "diffmaglim": 19.48509979248047
        },
        {
            "jd": 2460186.9788426,
            "fid": 1,
            "diffmaglim": 19.6564998626709
        },
        {
            "jd": 2460191.9060301,
            "fid": 1,
            "diffmaglim": 19.41010093688965
        },
        {
            "jd": 2460191.9253125,
            "fid": 1,
            "diffmaglim": 19.555500030517578
        },
        {
            "jd": 2460191.9709028,
            "fid": 2,
            "diffmaglim": 20.00950050354004
        },
        {
            "jd": 2460191.9713657,
            "fid": 2,
            "diffmaglim": 19.8218994140625
        },
        {
            "jd": 2460195.9058218,
            "fid": 1,
            "diffmaglim": 19.702299118041992
        },
        {
            "jd": 2460195.9923727,
            "fid": 2,
            "diffmaglim": 20.135700225830078
        },
        {
            "jd": 2460196.9952894,
            "fid": 1,
            "diffmaglim": 20.455400466918945
        },
        {
            "jd": 2460200.96125,
            "fid": 2,
            "diffmaglim": 20.597999572753906
        },
        {
            "jd": 2460200.9917708,
            "fid": 1,
            "diffmaglim": 20.84160041809082
        },
        {
            "jd": 2460201.9935995,
            "fid": 1,
            "diffmaglim": 20.689899444580078
        },
        {
            "jd": 2460202.9289352,
            "fid": 1,
            "diffmaglim": 20.71139907836914
        },
        {
            "jd": 2460202.9875347,
            "fid": 2,
            "diffmaglim": 20.644800186157227
        },
        {
            "jd": 2460203.9279051,
            "fid": 1,
            "diffmaglim": 20.624000549316406
        },
        {
            "jd": 2460204.950463,
            "fid": 1,
            "diffmaglim": 20.94379997253418
        },
        {
            "jd": 2460205.9501968,
            "fid": 1,
            "diffmaglim": 20.662099838256836
        },
        {
            "jd": 2460206.9934491,
            "fid": 1,
            "diffmaglim": 20.67340087890625
        },
        {
            "jd": 2460207.9413542,
            "fid": 1,
            "diffmaglim": 20.829999923706055
        }
    ],
    "forcedphot": []
}