{
    "objectId": "ZTF23abolyrl",
    "candidates": [
        {
            "candid": 2497359814815015011,
            "jd": 2460251.8598148,
            "ra": 81.875939,
            "dec": 0.6351564,
            "fid": 1,
            "nid": 2497,
            "magpsf": 18.515899658203125,
            "sigmapsf": 0.0931989997625351,
            "magnr": 19.615999221801758,
            "sigmagnr": 0.11800000071525574,
            "magzpsci": 26.1289005279541,
            "isdiffpos": "t",
            "ssdistnr": null,
            "ssnamenr": null,
            "drb": 0.9999977350234985
        },
        {
            "candid": 2497412194815015011,
            "jd": 2460251.9121991,
            "ra": 81.8759637,
            "dec": 0.6351631,
            "fid": 2,
            "nid": 2497,
            "magpsf": 18.797199249267578,
            "sigmapsf": 0.10936799645423889,
            "magnr": 18.777999877929688,
            "sigmagnr": 0.11900000274181366,
            "magzpsci": 26.103200912475586,
            "isdiffpos": "t",
            "ssdistnr": null,
            "ssnamenr": null,
            "drb": null
        },
        {
            "candid": 2499392014815015011,
            "jd": 2460253.8920139,
            "ra": 81.8759477,
            "dec": 0.6351616,
            "fid": 2,
            "nid": 2499,
            "magpsf": 18.34760093688965,
            "sigmapsf": 0.07915399968624115,
            "magnr": 18.777999877929688,
            "sigmagnr": 0.11900000274181366,
            "magzpsci": 26.095600128173828,
            "isdiffpos": "t",
            "ssdistnr": null,
            "ssnamenr": null,
            "drb": null
        },
        {
            "candid": 2499435894815015011,
            "jd": 2460253.9358912,
            "ra": 81.8759574,
            "dec": 0.635166,
            "fid": 1,
            "nid": 2499,
            "magpsf": 18.16200065612793,
            "sigmapsf": 0.062212999910116196,
            "magnr": 19.615999221801758,
            "sigmagnr": 0.11800000071525574,
            "magzpsci": 26.166000366210938,
            "isdiffpos": "t",
            "ssdistnr": null,
            "ssnamenr": null,
            "drb": null
        },
        {
            "candid": 2503376904815015010,
            "jd": 2460257.8769097,
            "ra": 81.8759532,
            "dec": 0.6351078,
            "fid": 1,
            "nid": 2503,
            "magpsf": 18.037399291992188,
            "sigmapsf": 0.07691600173711777,
            "magnr": 19.615999221801758,
            "sigmagnr": 0.11800000071525574,
            "magzpsci": 26.126399993896484,
            "isdiffpos": "t",
            "ssdistnr": null,
            "ssnamenr": null,
            "drb": null
        },
        {
            "candid": 2503428034815015012,
            "jd": 2460257.9280324,
            "ra": 81.875954,
            "dec": 0.6351496,
            "fid": 2,
            "nid": 2503,
            "magpsf": 18.06049919128418,
            "sigmapsf": 0.07487399876117706,
            "magnr": 18.777999877929688,
            "sigmagnr": 0.11900000274181366,
            "magzpsci": 26.079500198364258,
            "isdiffpos": "t",
            "ssdistnr": null,
            "ssnamenr": null,
            "drb": null
        },
        {
            "candid": 2505399014815015014,
            "jd": 2460259.8990162,
            "ra": 81.8759611,
            "dec": 0.6351391,
            "fid": 1,
            "nid": 2505,
            "magpsf": 17.986099243164062,
            "sigmapsf": 0.06728599965572357,
            "magnr": 19.615999221801758,
            "sigmagnr": 0.11800000071525574,
            "magzpsci": 26.125099182128906,
            "isdiffpos": "t",
            "ssdistnr": null,
            "ssnamenr": null,
            "drb": null
        },
        {
            "candid": 2505443844815015014,
            "jd": 2460259.9438426,
            "ra": 81.8759429,
            "dec": 0.6351705,
            "fid": 2,
            "nid": 2505,
            "magpsf": 17.932300567626953,
            "sigmapsf": 0.06308899819850922,
            "magnr": 18.777999877929688,
            "sigmagnr": 0.11900000274181366,
            "magzpsci": 26.07229995727539,
            "isdiffpos": "t",
            "ssdistnr": null,
            "ssnamenr": null,
            "drb": null
        },
        {
            "candid": 2507424024815015014,
            "jd": 2460261.9240278,
            "ra": 81.875958,
            "dec": 0.6351662,
            "fid": 1,
            "nid": 2507,
            "magpsf": 17.997400283813477,
            "sigmapsf": 0.06315500289201736,
            "magnr": 19.615999221801758,
            "sigmagnr": 0.11800000071525574,
            "magzpsci": 26.06839942932129,
            "isdiffpos": "t",
            "ssdistnr": null,
            "ssnamenr": null,
            "drb": null
        },
        {
            "candid": 2507453924815015013,
            "jd": 2460261.9539236,
            "ra": 81.8759549,
            "dec": 0.6351788,
            "fid": 2,
            "nid": 2507,
            "magpsf": 17.956100463867188,
            "sigmapsf": 0.06540100276470184,
            "magnr": 18.777999877929688,
            "sigmagnr": 0.11900000274181366,
            "magzpsci": 26.065099716186523,
            "isdiffpos": "t",
            "ssdistnr": null,
            "ssnamenr": null,
            "drb": null
        },
        {
            "candid": 2534257064815015018,
            "jd": 2460288.7570602,
            "ra": 81.8759415,
            "dec": 0.6351925,
            "fid": 2,
            "nid": 2534,
            "magpsf": 18.2367000579834,
            "sigmapsf": 0.07568500190973282,
            "magnr": 18.777999877929688,
            "sigmagnr": 0.11900000274181366,
            "magzpsci": 26.06369972229004,
            "isdiffpos": "t",
            "ssdistnr": null,
            "ssnamenr": null,
            "drb": null
        },
        {
            "candid": 2534326454815015014,
            "jd": 2460288.8264583,
            "ra": 81.8759406,
            "dec": 0.6351282,
            "fid": 1,
            "nid": 2534,
            "magpsf": 18.842500686645508,
            "sigmapsf": 0.11022499948740005,
            "magnr": 19.615999221801758,
            "sigmagnr": 0.11800000071525574,
            "magzpsci": 26.13949966430664,
            "isdiffpos": "t",
            "ssdistnr": null,
            "ssnamenr": null,
            "drb": null
        },
        {
            "candid": 2536340844815015023,
            "jd": 2460290.8408449,
            "ra": 81.8759375,
            "dec": 0.635165,
            "fid": 1,
            "nid": 2536,
            "magpsf": 18.792299270629883,
            "sigmapsf": 0.08809100091457367,
            "magnr": 19.615999221801758,
            "sigmagnr": 0.11800000071525574,
            "magzpsci": 26.135299682617188,
            "isdiffpos": "t",
            "ssdistnr": null,
            "ssnamenr": null,
            "drb": null
        },
        {
            "candid": 2536392634815015020,
            "jd": 2460290.8926389,
            "ra": 81.8759454,
            "dec": 0.635182,
            "fid": 2,
            "nid": 2536,
            "magpsf": 18.18239974975586,
            "sigmapsf": 0.06538800150156021,
            "magnr": 18.777999877929688,
            "sigmagnr": 0.11900000274181366,
            "magzpsci": 26.0403995513916,
            "isdiffpos": "t",
            "ssdistnr": null,
            "ssnamenr": null,
            "drb": null
        },
        {
            "candid": 2541256034815015021,
            "jd": 2460295.7560301,
            "ra": 81.8759608,
            "dec": 0.6351428,
            "fid": 2,
            "nid": 2541,
            "magpsf": 18.292600631713867,
            "sigmapsf": 0.08284399658441544,
            "magnr": 18.777999877929688,
            "sigmagnr": 0.11900000274181366,
            "magzpsci": 25.993600845336914,
            "isdiffpos": "t",
            "ssdistnr": null,
            "ssnamenr": null,
            "drb": null
        },
        {
            "candid": 2541428954815015012,
            "jd": 2460295.9289583,
            "ra": 81.8758741,
            "dec": 0.6351954,
            "fid": 1,
            "nid": 2541,
            "magpsf": 18.8080997467041,
            "sigmapsf": 0.16133999824523926,
            "magnr": 19.615999221801758,
            "sigmagnr": 0.11800000071525574,
            "magzpsci": 25.45009994506836,
            "isdiffpos": "t",
            "ssdistnr": null,
            "ssnamenr": null,
            "drb": null
        },
        {
            "candid": 2552218204815015013,
            "jd": 2460306.718206,
            "ra": 81.8759593,
            "dec": 0.6351042,
            "fid": 1,
            "nid": 2552,
            "magpsf": 19.146799087524414,
            "sigmapsf": 0.21401000022888184,
            "magnr": 19.615999221801758,
            "sigmagnr": 0.11800000071525574,
            "magzpsci": 26.13279914855957,
            "isdiffpos": "t",
            "ssdistnr": null,
            "ssnamenr": null,
            "drb": null
        },
        {
            "candid": 2554171864815015008,
            "jd": 2460308.6718634,
            "ra": 81.8760048,
            "dec": 0.6352145,
            "fid": 1,
            "nid": 2554,
            "magpsf": 19.28459930419922,
            "sigmapsf": 0.24855299293994904,
            "magnr": 19.615999221801758,
            "sigmagnr": 0.11800000071525574,
            "magzpsci": 25.700599670410156,
            "isdiffpos": "t",
            "ssdistnr": null,
            "ssnamenr": null,
            "drb": null
        },
        {
            "candid": 2560201484815015015,
            "jd": 2460314.7014815,
            "ra": 81.8759629,
            "dec": 0.6351158,
            "fid": 2,
            "nid": 2560,
            "magpsf": 18.494300842285156,
            "sigmapsf": 0.11330399662256241,
            "magnr": 18.777999877929688,
            "sigmagnr": 0.11900000274181366,
            "magzpsci": 26.05929946899414,
            "isdiffpos": "t",
            "ssdistnr": null,
            "ssnamenr": null,
            "drb": null
        },
        {
            "candid": 2560239584815015011,
            "jd": 2460314.7395833,
            "ra": 81.8760044,
            "dec": 0.635074,
            "fid": 1,
            "nid": 2560,
            "magpsf": 19.39109992980957,
            "sigmapsf": 0.1686760038137436,
            "magnr": 19.615999221801758,
            "sigmagnr": 0.11800000071525574,
            "magzpsci": 26.14109992980957,
            "isdiffpos": "t",
            "ssdistnr": null,
            "ssnamenr": null,
            "drb": null
        },
        {
            "candid": 2569235754815015012,
            "jd": 2460323.7357523,
            "ra": 81.875873,
            "dec": 0.6351578,
            "fid": 1,
            "nid": 2569,
            "magpsf": 19.678800582885742,
            "sigmapsf": 0.15999199450016022,
            "magnr": 19.615999221801758,
            "sigmagnr": 0.11800000071525574,
            "magzpsci": 26.109800338745117,
            "isdiffpos": "t",
            "ssdistnr": null,
            "ssnamenr": null,
            "drb": null
        },
        {
            "candid": 2569297514815015022,
            "jd": 2460323.7975116,
            "ra": 81.8759737,
            "dec": 0.6350476,
            "fid": 2,
            "nid": 2569,
            "magpsf": 18.5802001953125,
            "sigmapsf": 0.10516700148582458,
            "magnr": 18.777999877929688,
            "sigmagnr": 0.11900000274181366,
            "magzpsci": 26.050199508666992,
            "isdiffpos": "t",
            "ssdistnr": null,
            "ssnamenr": null,
            "drb": null
        },
        {
            "candid": 2571178864815015018,
            "jd": 2460325.6788657,
            "ra": 81.8759487,
            "dec": 0.6352004,
            "fid": 2,
            "nid": 2571,
            "magpsf": 18.617599487304688,
            "sigmapsf": 0.09769300371408463,
            "magnr": 18.777999877929688,
            "sigmagnr": 0.11900000274181366,
            "magzpsci": 26.01460075378418,
            "isdiffpos": "t",
            "ssdistnr": null,
            "ssnamenr": null,
            "drb": null
        },
        {
            "candid": 2571254344815015014,
            "jd": 2460325.7543403,
            "ra": 81.8759896,
            "dec": 0.6350935,
            "fid": 1,
            "nid": 2571,
            "magpsf": 19.680599212646484,
            "sigmapsf": 0.2582249939441681,
            "magnr": 19.615999221801758,
            "sigmagnr": 0.11800000071525574,
            "magzpsci": 25.83060073852539,
            "isdiffpos": "t",
            "ssdistnr": null,
            "ssnamenr": null,
            "drb": null
        },
        {
            "candid": 2573245154815015014,
            "jd": 2460327.7451505,
            "ra": 81.875952,
            "dec": 0.6351385,
            "fid": 2,
            "nid": 2573,
            "magpsf": 18.68341827392578,
            "sigmapsf": 0.07455314695835114,
            "magnr": 18.777999877929688,
            "sigmagnr": 0.11900000274181366,
            "magzpsci": 26.081418991088867,
            "isdiffpos": "t",
            "ssdistnr": -999.0,
            "ssnamenr": "null",
            "drb": null
        },
        {
            "jd": 2460221.9275579,
            "fid": 1,
            "diffmaglim": 19.050800323486328
        },
        {
            "jd": 2460221.9871875,
            "fid": 2,
            "diffmaglim": 19.33180046081543
        },
        {
            "jd": 2460223.9061343,
            "fid": 1,
            "diffmaglim": 19.62660026550293
        },
        {
            "jd": 2460223.9601852,
            "fid": 2,
            "diffmaglim": 19.53230094909668
        },
        {
            "jd": 2460225.9246065,
            "fid": 1,
            "diffmaglim": 20.19420051574707
        },
        {
            "jd": 2460225.9966667,
            "fid": 2,
            "diffmaglim": 20.3080997467041
        },
        {
            "jd": 2460228.9423727,
            "fid": 1,
            "diffmaglim": 20.22879981994629
        },
        {
            "jd": 2460231.9430208,
            "fid": 1,
            "diffmaglim": 20.503700256347656
        },
        {
            "jd": 2460231.9620833,
            "fid": 2,
            "diffmaglim": 19.932600021362305
        },
        {
            "jd": 2460233.9023264,
            "fid": 1,
            "diffmaglim": 20.35379981994629
        },
        {
            "jd": 2460233.9407755,
            "fid": 2,
            "diffmaglim": 20.202499389648438
        },
        {
            "jd": 2460235.8929745,
            "fid": 1,
            "diffmaglim": 20.375600814819336
        },
        {
            "jd": 2460237.8657986,
            "fid": 2,
            "diffmaglim": 20.159500122070312
        },
        {
            "jd": 2460237.9419907,
            "fid": 1,
            "diffmaglim": 20.23390007019043
        },
        {
            "jd": 2460239.9196065,
            "fid": 2,
            "diffmaglim": 20.288999557495117
        },
        {
            "jd": 2460239.9650926,
            "fid": 1,
            "diffmaglim": 20.54990005493164
        },
        {
            "jd": 2460244.8500926,
            "fid": 2,
            "diffmaglim": 19.395700454711914
        },
        {
            "jd": 2460244.8804977,
            "fid": 1,
            "diffmaglim": 19.223600387573242
        },
        {
            "jd": 2460246.8396065,
            "fid": 2,
            "diffmaglim": 18.85650062561035
        },
        {
            "jd": 2460246.9293981,
            "fid": 1,
            "diffmaglim": 18.654199600219727
        },
        {
            "jd": 2460249.8743171,
            "fid": 1,
            "diffmaglim": 19.052200317382812
        },
        {
            "jd": 2460249.9430556,
            "fid": 2,
            "diffmaglim": 19.0575008392334
        },
        {
            "jd": 2460268.8575116,
            "fid": 2,
            "diffmaglim": 19.106599807739258
        },
        {
            "jd": 2460268.9018981,
            "fid": 1,
            "diffmaglim": 18.890399932861328
        },
        {
            "jd": 2460308.8824074,
            "fid": 2,
            "diffmaglim": 17.5757999420166
        },
        {
            "jd": 2460321.7372222,
            "fid": 2,
            "diffmaglim": 19.012399673461914
        },
        {
            "jd": 2460321.7534722,
            "fid": 1,
            "diffmaglim": 16.617300033569336
        }
    ],
    "forcedphot": [
        {
            "objectid": "ZTF23abolyrl",
            "jd": 2460221.9285069,
            "ranr": -99999.0,
            "decnr": -99999.0,
            "fid": 1,
            "forcediffimflux": -99999.0,
            "forcediffimfluxunc": -99999.0,
            "magzpsci": 26.308500289916992
        },
        {
            "objectid": "ZTF23abolyrl",
            "jd": 2460222.0017824,
            "ranr": -99999.0,
            "decnr": -99999.0,
            "fid": 2,
            "forcediffimflux": -99999.0,
            "forcediffimfluxunc": -99999.0,
            "magzpsci": 26.072200775146484
        },
        {
            "objectid": "ZTF23abolyrl",
            "jd": 2460223.9212269,
            "ranr": -99999.0,
            "decnr": -99999.0,
            "fid": 1,
            "forcediffimflux": -99999.0,
            "forcediffimfluxunc": -99999.0,
            "magzpsci": 26.31999969482422
        },
        {
            "objectid": "ZTF23abolyrl",
            "jd": 2460223.9860995,
            "ranr": -99999.0,
            "decnr": -99999.0,
            "fid": 2,
            "forcediffimflux": -99999.0,
            "forcediffimfluxunc": -99999.0,
            "magzpsci": 26.065500259399414
        },
        {
            "objectid": "ZTF23abolyrl",
            "jd": 2460225.9361806,
            "ranr": -99999.0,
            "decnr": -99999.0,
            "fid": 1,
            "forcediffimflux": -99999.0,
            "forcediffimfluxunc": -99999.0,
            "magzpsci": 26.106399536132812
        },
        {
            "objectid": "ZTF23abolyrl",
            "jd": 2460226.0023148,
            "ranr": -99999.0,
            "decnr": -99999.0,
            "fid": 2,
            "forcediffimflux": -99999.0,
            "forcediffimfluxunc": -99999.0,
            "magzpsci": 26.03499984741211
        },
        {
            "objectid": "ZTF23abolyrl",
            "jd": 2460228.9423727,
            "ranr": 81.8753912,
            "decnr": 0.6359547,
            "fid": 1,
            "forcediffimflux": -42.33844757080078,
            "forcediffimfluxunc": 34.844642639160156,
            "magzpsci": 26.10569953918457
        },
        {
            "objectid": "ZTF23abolyrl",
            "jd": 2460231.9453935,
            "ranr": -99999.0,
            "decnr": -99999.0,
            "fid": 1,
            "forcediffimflux": -99999.0,
            "forcediffimfluxunc": -99999.0,
            "magzpsci": 26.224199295043945
        },
        {
            "objectid": "ZTF23abolyrl",
            "jd": 2460231.9635185,
            "ranr": -99999.0,
            "decnr": -99999.0,
            "fid": 2,
            "forcediffimflux": -99999.0,
            "forcediffimfluxunc": -99999.0,
            "magzpsci": 26.283300399780273
        },
        {
            "objectid": "ZTF23abolyrl",
            "jd": 2460233.9837153,
            "ranr": -99999.0,
            "decnr": -99999.0,
            "fid": 2,
            "forcediffimflux": -99999.0,
            "forcediffimfluxunc": -99999.0,
            "magzpsci": 26.291500091552734
        },
        {
            "objectid": "ZTF23abolyrl",
            "jd": 2460234.0033218,
            "ranr": -99999.0,
            "decnr": -99999.0,
            "fid": 1,
            "forcediffimflux": -99999.0,
            "forcediffimfluxunc": -99999.0,
            "magzpsci": 26.23819923400879
        },
        {
            "objectid": "ZTF23abolyrl",
            "jd": 2460235.9580324,
            "ranr": -99999.0,
            "decnr": -99999.0,
            "fid": 2,
            "forcediffimflux": -99999.0,
            "forcediffimfluxunc": -99999.0,
            "magzpsci": 26.086700439453125
        },
        {
            "objectid": "ZTF23abolyrl",
            "jd": 2460235.9908333,
            "ranr": -99999.0,
            "decnr": -99999.0,
            "fid": 1,
            "forcediffimflux": -99999.0,
            "forcediffimfluxunc": -99999.0,
            "magzpsci": 26.24020004272461
        },
        {
            "objectid": "ZTF23abolyrl",
            "jd": 2460237.8835648,
            "ranr": -99999.0,
            "decnr": -99999.0,
            "fid": 2,
            "forcediffimflux": -99999.0,
            "forcediffimfluxunc": -99999.0,
            "magzpsci": 26.246000289916992
        },
        {
            "objectid": "ZTF23abolyrl",
            "jd": 2460237.9424537,
            "ranr": -99999.0,
            "decnr": -99999.0,
            "fid": 1,
            "forcediffimflux": -99999.0,
            "forcediffimfluxunc": -99999.0,
            "magzpsci": 26.400800704956055
        },
        {
            "objectid": "ZTF23abolyrl",
            "jd": 2460239.9258565,
            "ranr": -99999.0,
            "decnr": -99999.0,
            "fid": 2,
            "forcediffimflux": -99999.0,
            "forcediffimfluxunc": -99999.0,
            "magzpsci": 26.183300018310547
        },
        {
            "objectid": "ZTF23abolyrl",
            "jd": 2460239.9650926,
            "ranr": 81.8753912,
            "decnr": 0.6359547,
            "fid": 1,
            "forcediffimflux": -11.424593925476074,
            "forcediffimfluxunc": 24.558971405029297,
            "magzpsci": 26.14109992980957
        },
        {
            "objectid": "ZTF23abolyrl",
            "jd": 2460244.8500926,
            "ranr": 81.8754705,
            "decnr": 0.636054,
            "fid": 2,
            "forcediffimflux": 11.741476058959961,
            "forcediffimfluxunc": 52.2580680847168,
            "magzpsci": 26.077299118041992
        },
        {
            "objectid": "ZTF23abolyrl",
            "jd": 2460244.8987963,
            "ranr": -99999.0,
            "decnr": -99999.0,
            "fid": 1,
            "forcediffimflux": -99999.0,
            "forcediffimfluxunc": -99999.0,
            "magzpsci": 26.133499145507812
        },
        {
            "objectid": "ZTF23abolyrl",
            "jd": 2460246.943287,
            "ranr": -99999.0,
            "decnr": -99999.0,
            "fid": 1,
            "forcediffimflux": -99999.0,
            "forcediffimfluxunc": -99999.0,
            "magzpsci": 26.239099502563477
        },
        {
            "objectid": "ZTF23abolyrl",
            "jd": 2460246.987662,
            "ranr": -99999.0,
            "decnr": -99999.0,
            "fid": 2,
            "forcediffimflux": -99999.0,
            "forcediffimfluxunc": -99999.0,
            "magzpsci": 26.150800704956055
        },
        {
            "objectid": "ZTF23abolyrl",
            "jd": 2460249.8778125,
            "ranr": -99999.0,
            "decnr": -99999.0,
            "fid": 1,
            "forcediffimflux": -99999.0,
            "forcediffimfluxunc": -99999.0,
            "magzpsci": 26.205799102783203
        },
        {
            "objectid": "ZTF23abolyrl",
            "jd": 2460249.9430556,
            "ranr": 81.8754705,
            "decnr": 0.636054,
            "fid": 2,
            "forcediffimflux": 90.26590728759766,
            "forcediffimfluxunc": 84.34188079833984,
            "magzpsci": 26.093900680541992
        },
        {
            "objectid": "ZTF23abolyrl",
            "jd": 2460251.8612153,
            "ranr": -99999.0,
            "decnr": -99999.0,
            "fid": 1,
            "forcediffimflux": -99999.0,
            "forcediffimfluxunc": -99999.0,
            "magzpsci": 26.226200103759766
        },
        {
            "objectid": "ZTF23abolyrl",
            "jd": 2460251.9117245,
            "ranr": -99999.0,
            "decnr": -99999.0,
            "fid": 2,
            "forcediffimflux": -99999.0,
            "forcediffimfluxunc": -99999.0,
            "magzpsci": 26.282499313354492
        },
        {
            "objectid": "ZTF23abolyrl",
            "jd": 2460251.9197338,
            "ranr": -99999.0,
            "decnr": -99999.0,
            "fid": 2,
            "forcediffimflux": -99999.0,
            "forcediffimfluxunc": -99999.0,
            "magzpsci": 26.08060073852539
        },
        {
            "objectid": "ZTF23abolyrl",
            "jd": 2460253.8915509,
            "ranr": -99999.0,
            "decnr": -99999.0,
            "fid": 2,
            "forcediffimflux": -99999.0,
            "forcediffimfluxunc": -99999.0,
            "magzpsci": 26.172300338745117
        },
        {
            "objectid": "ZTF23abolyrl",
            "jd": 2460253.8920139,
            "ranr": 81.8754705,
            "decnr": 0.636054,
            "fid": 2,
            "forcediffimflux": 1247.9747314453125,
            "forcediffimfluxunc": 40.51836013793945,
            "magzpsci": 26.095600128173828
        },
        {
            "objectid": "ZTF23abolyrl",
            "jd": 2460253.9354282,
            "ranr": -99999.0,
            "decnr": -99999.0,
            "fid": 1,
            "forcediffimflux": -99999.0,
            "forcediffimfluxunc": -99999.0,
            "magzpsci": 26.398399353027344
        },
        {
            "objectid": "ZTF23abolyrl",
            "jd": 2460253.939838,
            "ranr": -99999.0,
            "decnr": -99999.0,
            "fid": 1,
            "forcediffimflux": -99999.0,
            "forcediffimfluxunc": -99999.0,
            "magzpsci": 26.248899459838867
        },
        {
            "objectid": "ZTF23abolyrl",
            "jd": 2460257.868831,
            "ranr": -99999.0,
            "decnr": -99999.0,
            "fid": 1,
            "forcediffimflux": -99999.0,
            "forcediffimfluxunc": -99999.0,
            "magzpsci": 26.345699310302734
        },
        {
            "objectid": "ZTF23abolyrl",
            "jd": 2460257.8769097,
            "ranr": 81.8753912,
            "decnr": 0.6359547,
            "fid": 1,
            "forcediffimflux": 1671.1385498046875,
            "forcediffimfluxunc": 48.17726516723633,
            "magzpsci": 26.126399993896484
        },
        {
            "objectid": "ZTF23abolyrl",
            "jd": 2460257.9275694,
            "ranr": -99999.0,
            "decnr": -99999.0,
            "fid": 2,
            "forcediffimflux": -99999.0,
            "forcediffimfluxunc": -99999.0,
            "magzpsci": 26.29129981994629
        },
        {
            "objectid": "ZTF23abolyrl",
            "jd": 2460257.9280324,
            "ranr": 81.8754705,
            "decnr": 0.636054,
            "fid": 2,
            "forcediffimflux": 1567.5098876953125,
            "forcediffimfluxunc": 55.18764877319336,
            "magzpsci": 26.079500198364258
        },
        {
            "objectid": "ZTF23abolyrl",
            "jd": 2460257.9671528,
            "ranr": -99999.0,
            "decnr": -99999.0,
            "fid": 1,
            "forcediffimflux": -99999.0,
            "forcediffimfluxunc": -99999.0,
            "magzpsci": 26.110599517822266
        },
        {
            "objectid": "ZTF23abolyrl",
            "jd": 2460259.9352315,
            "ranr": -99999.0,
            "decnr": -99999.0,
            "fid": 1,
            "forcediffimflux": -99999.0,
            "forcediffimfluxunc": -99999.0,
            "magzpsci": 26.37660026550293
        },
        {
            "objectid": "ZTF23abolyrl",
            "jd": 2460259.9414699,
            "ranr": -99999.0,
            "decnr": -99999.0,
            "fid": 2,
            "forcediffimflux": -99999.0,
            "forcediffimfluxunc": -99999.0,
            "magzpsci": 26.056499481201172
        },
        {
            "objectid": "ZTF23abolyrl",
            "jd": 2460259.9630556,
            "ranr": -99999.0,
            "decnr": -99999.0,
            "fid": 2,
            "forcediffimflux": -99999.0,
            "forcediffimfluxunc": -99999.0,
            "magzpsci": 26.267499923706055
        },
        {
            "objectid": "ZTF23abolyrl",
            "jd": 2460259.9992824,
            "ranr": -99999.0,
            "decnr": -99999.0,
            "fid": 1,
            "forcediffimflux": -99999.0,
            "forcediffimfluxunc": -99999.0,
            "magzpsci": 26.18320083618164
        },
        {
            "objectid": "ZTF23abolyrl",
            "jd": 2460261.9240278,
            "ranr": 81.8753912,
            "decnr": 0.6359547,
            "fid": 1,
            "forcediffimflux": 1723.0797119140625,
            "forcediffimfluxunc": 37.192020416259766,
            "magzpsci": 26.06839942932129
        },
        {
            "objectid": "ZTF23abolyrl",
            "jd": 2460261.9543981,
            "ranr": -99999.0,
            "decnr": -99999.0,
            "fid": 2,
            "forcediffimflux": -99999.0,
            "forcediffimfluxunc": -99999.0,
            "magzpsci": 26.27829933166504
        },
        {
            "objectid": "ZTF23abolyrl",
            "jd": 2460261.9606597,
            "ranr": -99999.0,
            "decnr": -99999.0,
            "fid": 1,
            "forcediffimflux": -99999.0,
            "forcediffimfluxunc": -99999.0,
            "magzpsci": 26.37190055847168
        },
        {
            "objectid": "ZTF23abolyrl",
            "jd": 2460262.9246528,
            "ranr": -99999.0,
            "decnr": -99999.0,
            "fid": 1,
            "forcediffimflux": -99999.0,
            "forcediffimfluxunc": -99999.0,
            "magzpsci": 26.252099990844727
        },
        {
            "objectid": "ZTF23abolyrl",
            "jd": 2460262.9637616,
            "ranr": -99999.0,
            "decnr": -99999.0,
            "fid": 2,
            "forcediffimflux": -99999.0,
            "forcediffimfluxunc": -99999.0,
            "magzpsci": 26.165599822998047
        },
        {
            "objectid": "ZTF23abolyrl",
            "jd": 2460268.8579861,
            "ranr": -99999.0,
            "decnr": -99999.0,
            "fid": 2,
            "forcediffimflux": -99999.0,
            "forcediffimfluxunc": -99999.0,
            "magzpsci": 25.802499771118164
        },
        {
            "objectid": "ZTF23abolyrl",
            "jd": 2460268.9014236,
            "ranr": -99999.0,
            "decnr": -99999.0,
            "fid": 1,
            "forcediffimflux": -99999.0,
            "forcediffimfluxunc": -99999.0,
            "magzpsci": 25.68910026550293
        },
        {
            "objectid": "ZTF23abolyrl",
            "jd": 2460287.7323264,
            "ranr": -99999.0,
            "decnr": -99999.0,
            "fid": 1,
            "forcediffimflux": -99999.0,
            "forcediffimfluxunc": -99999.0,
            "magzpsci": 26.061100006103516
        },
        {
            "objectid": "ZTF23abolyrl",
            "jd": 2460287.8152778,
            "ranr": -99999.0,
            "decnr": -99999.0,
            "fid": 2,
            "forcediffimflux": -99999.0,
            "forcediffimfluxunc": -99999.0,
            "magzpsci": 26.060199737548828
        },
        {
            "objectid": "ZTF23abolyrl",
            "jd": 2460288.7570602,
            "ranr": 81.8754705,
            "decnr": 0.636054,
            "fid": 2,
            "forcediffimflux": 1292.5172119140625,
            "forcediffimfluxunc": 51.5750846862793,
            "magzpsci": 26.06369972229004
        },
        {
            "objectid": "ZTF23abolyrl",
            "jd": 2460288.8259954,
            "ranr": -99999.0,
            "decnr": -99999.0,
            "fid": 1,
            "forcediffimflux": -99999.0,
            "forcediffimfluxunc": -99999.0,
            "magzpsci": 26.39229965209961
        },
        {
            "objectid": "ZTF23abolyrl",
            "jd": 2460288.8264583,
            "ranr": 81.8753912,
            "decnr": 0.6359547,
            "fid": 1,
            "forcediffimflux": 806.61279296875,
            "forcediffimfluxunc": 41.48479461669922,
            "magzpsci": 26.13949966430664
        },
        {
            "objectid": "ZTF23abolyrl",
            "jd": 2460288.9070255,
            "ranr": -99999.0,
            "decnr": -99999.0,
            "fid": 2,
            "forcediffimflux": -99999.0,
            "forcediffimfluxunc": -99999.0,
            "magzpsci": 26.271299362182617
        },
        {
            "objectid": "ZTF23abolyrl",
            "jd": 2460289.8599306,
            "ranr": -99999.0,
            "decnr": -99999.0,
            "fid": 1,
            "forcediffimflux": -99999.0,
            "forcediffimfluxunc": -99999.0,
            "magzpsci": 26.0231990814209
        },
        {
            "objectid": "ZTF23abolyrl",
            "jd": 2460290.8608565,
            "ranr": -99999.0,
            "decnr": -99999.0,
            "fid": 1,
            "forcediffimflux": -99999.0,
            "forcediffimfluxunc": -99999.0,
            "magzpsci": 26.35759925842285
        },
        {
            "objectid": "ZTF23abolyrl",
            "jd": 2460290.8921644,
            "ranr": -99999.0,
            "decnr": -99999.0,
            "fid": 2,
            "forcediffimflux": -99999.0,
            "forcediffimfluxunc": -99999.0,
            "magzpsci": 26.267499923706055
        },
        {
            "objectid": "ZTF23abolyrl",
            "jd": 2460290.8926389,
            "ranr": 81.8754705,
            "decnr": 0.636054,
            "fid": 2,
            "forcediffimflux": 1345.6729736328125,
            "forcediffimfluxunc": 34.50441360473633,
            "magzpsci": 26.0403995513916
        },
        {
            "objectid": "ZTF23abolyrl",
            "jd": 2460291.7165394,
            "ranr": -99999.0,
            "decnr": -99999.0,
            "fid": 1,
            "forcediffimflux": -99999.0,
            "forcediffimfluxunc": -99999.0,
            "magzpsci": 26.17009925842285
        },
        {
            "objectid": "ZTF23abolyrl",
            "jd": 2460291.7422917,
            "ranr": -99999.0,
            "decnr": -99999.0,
            "fid": 2,
            "forcediffimflux": -99999.0,
            "forcediffimfluxunc": -99999.0,
            "magzpsci": 26.1387996673584
        },
        {
            "objectid": "ZTF23abolyrl",
            "jd": 2460293.8167245,
            "ranr": -99999.0,
            "decnr": -99999.0,
            "fid": 1,
            "forcediffimflux": -99999.0,
            "forcediffimfluxunc": -99999.0,
            "magzpsci": 27.093399047851562
        },
        {
            "objectid": "ZTF23abolyrl",
            "jd": 2460293.8775463,
            "ranr": -99999.0,
            "decnr": -99999.0,
            "fid": 2,
            "forcediffimflux": -99999.0,
            "forcediffimfluxunc": -99999.0,
            "magzpsci": 27.295400619506836
        },
        {
            "objectid": "ZTF23abolyrl",
            "jd": 2460294.7890046,
            "ranr": -99999.0,
            "decnr": -99999.0,
            "fid": 2,
            "forcediffimflux": -99999.0,
            "forcediffimfluxunc": -99999.0,
            "magzpsci": 27.16160011291504
        },
        {
            "objectid": "ZTF23abolyrl",
            "jd": 2460294.8356713,
            "ranr": -99999.0,
            "decnr": -99999.0,
            "fid": 1,
            "forcediffimflux": -99999.0,
            "forcediffimfluxunc": -99999.0,
            "magzpsci": 27.270099639892578
        },
        {
            "objectid": "ZTF23abolyrl",
            "jd": 2460295.8252083,
            "ranr": -99999.0,
            "decnr": -99999.0,
            "fid": 2,
            "forcediffimflux": -99999.0,
            "forcediffimfluxunc": -99999.0,
            "magzpsci": 25.97909927368164
        },
        {
            "objectid": "ZTF23abolyrl",
            "jd": 2460295.9294329,
            "ranr": -99999.0,
            "decnr": -99999.0,
            "fid": 1,
            "forcediffimflux": -99999.0,
            "forcediffimfluxunc": -99999.0,
            "magzpsci": 25.699499130249023
        },
        {
            "objectid": "ZTF23abolyrl",
            "jd": 2460306.7172685,
            "ranr": -99999.0,
            "decnr": -99999.0,
            "fid": 1,
            "forcediffimflux": -99999.0,
            "forcediffimfluxunc": -99999.0,
            "magzpsci": 26.100099563598633
        },
        {
            "objectid": "ZTF23abolyrl",
            "jd": 2460306.718206,
            "ranr": 81.8753912,
            "decnr": 0.6359547,
            "fid": 1,
            "forcediffimflux": 652.1437377929688,
            "forcediffimfluxunc": 75.35163879394531,
            "magzpsci": 26.13279914855957
        },
        {
            "objectid": "ZTF23abolyrl",
            "jd": 2460308.7549306,
            "ranr": -99999.0,
            "decnr": -99999.0,
            "fid": 1,
            "forcediffimflux": -99999.0,
            "forcediffimfluxunc": -99999.0,
            "magzpsci": 26.26729965209961
        },
        {
            "objectid": "ZTF23abolyrl",
            "jd": 2460314.6986458,
            "ranr": -99999.0,
            "decnr": -99999.0,
            "fid": 2,
            "forcediffimflux": -99999.0,
            "forcediffimfluxunc": -99999.0,
            "magzpsci": 26.145000457763672
        },
        {
            "objectid": "ZTF23abolyrl",
            "jd": 2460314.7014815,
            "ranr": 81.8754705,
            "decnr": 0.636054,
            "fid": 2,
            "forcediffimflux": 1016.575927734375,
            "forcediffimfluxunc": 50.27894592285156,
            "magzpsci": 26.05929946899414
        },
        {
            "objectid": "ZTF23abolyrl",
            "jd": 2460314.7546991,
            "ranr": -99999.0,
            "decnr": -99999.0,
            "fid": 1,
            "forcediffimflux": -99999.0,
            "forcediffimfluxunc": -99999.0,
            "magzpsci": 26.119400024414062
        },
        {
            "objectid": "ZTF23abolyrl",
            "jd": 2460321.772581,
            "ranr": -99999.0,
            "decnr": -99999.0,
            "fid": 1,
            "forcediffimflux": -99999.0,
            "forcediffimfluxunc": -99999.0,
            "magzpsci": 25.86709976196289
        },
        {
            "objectid": "ZTF23abolyrl",
            "jd": 2460323.7352778,
            "ranr": -99999.0,
            "decnr": -99999.0,
            "fid": 1,
            "forcediffimflux": -99999.0,
            "forcediffimfluxunc": -99999.0,
            "magzpsci": 26.384899139404297
        },
        {
            "objectid": "ZTF23abolyrl",
            "jd": 2460323.7357523,
            "ranr": 81.8753912,
            "decnr": 0.6359547,
            "fid": 1,
            "forcediffimflux": 371.0923767089844,
            "forcediffimfluxunc": 37.11100387573242,
            "magzpsci": 26.109800338745117
        },
        {
            "objectid": "ZTF23abolyrl",
            "jd": 2460323.7914236,
            "ranr": -99999.0,
            "decnr": -99999.0,
            "fid": 2,
            "forcediffimflux": -99999.0,
            "forcediffimfluxunc": -99999.0,
            "magzpsci": 26.278400421142578
        },
        {
            "objectid": "ZTF23abolyrl",
            "jd": 2460323.7975116,
            "ranr": 81.8754705,
            "decnr": 0.636054,
            "fid": 2,
            "forcediffimflux": 902.1005859375,
            "forcediffimfluxunc": 55.18638229370117,
            "magzpsci": 26.050199508666992
        },
        {
            "objectid": "ZTF23abolyrl",
            "jd": 2460325.8127315,
            "ranr": -99999.0,
            "decnr": -99999.0,
            "fid": 2,
            "forcediffimflux": -99999.0,
            "forcediffimfluxunc": -99999.0,
            "magzpsci": 25.885900497436523
        },
        {
            "objectid": "ZTF23abolyrl",
            "jd": 2460325.8668287,
            "ranr": -99999.0,
            "decnr": -99999.0,
            "fid": 1,
            "forcediffimflux": -99999.0,
            "forcediffimfluxunc": -99999.0,
            "magzpsci": 26.02680015563965
        },
        {
            "objectid": "ZTF23abolyrl",
            "jd": 2460327.6795139,
            "ranr": -99999.0,
            "decnr": -99999.0,
            "fid": 2,
            "forcediffimflux": -99999.0,
            "forcediffimfluxunc": -99999.0,
            "magzpsci": 26.277099609375
        }
    ]
}