{
    "objectId": "ZTF22aaxzzoc",
    "candidates": [
        {
            "candid": 2037228025815015003,
            "jd": 2459791.7280208,
            "ra": 259.1464041,
            "dec": 7.3290332,
            "fid": 2,
            "nid": 2037,
            "magpsf": 19.152000427246094,
            "sigmapsf": 0.11834599822759628,
            "magnr": 18.56599998474121,
            "sigmagnr": 0.04500000178813934,
            "magzpsci": 26.13599967956543,
            "isdiffpos": "t",
            "ssdistnr": null,
            "ssnamenr": null,
            "drb": 0.999990701675415
        },
        {
            "candid": 2040232535815015004,
            "jd": 2459794.7325347,
            "ra": 259.1464237,
            "dec": 7.3289689,
            "fid": 2,
            "nid": 2040,
            "magpsf": 18.8262996673584,
            "sigmapsf": 0.0871329978108406,
            "magnr": 18.56599998474121,
            "sigmagnr": 0.04500000178813934,
            "magzpsci": 26.225299835205078,
            "isdiffpos": "t",
            "ssdistnr": null,
            "ssnamenr": null,
            "drb": null
        },
        {
            "candid": 2040312445815015002,
            "jd": 2459794.8124421,
            "ra": 259.1464449,
            "dec": 7.3289991,
            "fid": 1,
            "nid": 2040,
            "magpsf": 19.165700912475586,
            "sigmapsf": 0.12375699728727341,
            "magnr": 20.184999465942383,
            "sigmagnr": 0.10599999874830246,
            "magzpsci": 25.974700927734375,
            "isdiffpos": "t",
            "ssdistnr": null,
            "ssnamenr": null,
            "drb": null
        },
        {
            "candid": 2043233185815015002,
            "jd": 2459797.7331829,
            "ra": 259.1464403,
            "dec": 7.3290237,
            "fid": 1,
            "nid": 2043,
            "magpsf": 19.039100646972656,
            "sigmapsf": 0.11563199758529663,
            "magnr": 20.184999465942383,
            "sigmagnr": 0.10599999874830246,
            "magzpsci": 26.361099243164062,
            "isdiffpos": "t",
            "ssdistnr": null,
            "ssnamenr": null,
            "drb": null
        },
        {
            "candid": 2043338195815015003,
            "jd": 2459797.8381944,
            "ra": 259.146406,
            "dec": 7.3290294,
            "fid": 2,
            "nid": 2043,
            "magpsf": 18.737699508666992,
            "sigmapsf": 0.10406800359487534,
            "magnr": 18.56599998474121,
            "sigmagnr": 0.04500000178813934,
            "magzpsci": 26.228700637817383,
            "isdiffpos": "t",
            "ssdistnr": null,
            "ssnamenr": null,
            "drb": null
        },
        {
            "candid": 2045216435815015000,
            "jd": 2459799.7164352,
            "ra": 259.146425,
            "dec": 7.3290346,
            "fid": 2,
            "nid": 2045,
            "magpsf": 18.693199157714844,
            "sigmapsf": 0.09985999763011932,
            "magnr": 18.56599998474121,
            "sigmagnr": 0.04500000178813934,
            "magzpsci": 26.231199264526367,
            "isdiffpos": "t",
            "ssdistnr": null,
            "ssnamenr": null,
            "drb": null
        },
        {
            "candid": 2048220525815015000,
            "jd": 2459802.7205208,
            "ra": 259.1463877,
            "dec": 7.328989,
            "fid": 2,
            "nid": 2048,
            "magpsf": 18.73430061340332,
            "sigmapsf": 0.11319000273942947,
            "magnr": 19.06800079345703,
            "sigmagnr": 0.1080000028014183,
            "magzpsci": 26.06529998779297,
            "isdiffpos": "t",
            "ssdistnr": null,
            "ssnamenr": null,
            "drb": null
        },
        {
            "candid": 2050184185815015000,
            "jd": 2459804.6841898,
            "ra": 259.1464139,
            "dec": 7.3289708,
            "fid": 2,
            "nid": 2050,
            "magpsf": 18.608699798583984,
            "sigmapsf": 0.10989800095558167,
            "magnr": 18.56599998474121,
            "sigmagnr": 0.04500000178813934,
            "magzpsci": 26.104700088500977,
            "isdiffpos": "t",
            "ssdistnr": null,
            "ssnamenr": null,
            "drb": null
        },
        {
            "candid": 2052174505815015005,
            "jd": 2459806.6745023,
            "ra": 259.1464008,
            "dec": 7.3290102,
            "fid": 1,
            "nid": 2052,
            "magpsf": 19.110300064086914,
            "sigmapsf": 0.12174899876117706,
            "magnr": 20.184999465942383,
            "sigmagnr": 0.10599999874830246,
            "magzpsci": 26.321300506591797,
            "isdiffpos": "t",
            "ssdistnr": null,
            "ssnamenr": null,
            "drb": null
        },
        {
            "candid": 2052192525815015002,
            "jd": 2459806.6925231,
            "ra": 259.1464088,
            "dec": 7.3290094,
            "fid": 2,
            "nid": 2052,
            "magpsf": 18.56290054321289,
            "sigmapsf": 0.08647400140762329,
            "magnr": 18.56599998474121,
            "sigmagnr": 0.04500000178813934,
            "magzpsci": 26.254899978637695,
            "isdiffpos": "t",
            "ssdistnr": null,
            "ssnamenr": null,
            "drb": null
        },
        {
            "candid": 2054223335815015002,
            "jd": 2459808.7233333,
            "ra": 259.146419,
            "dec": 7.3290129,
            "fid": 2,
            "nid": 2054,
            "magpsf": 18.473400115966797,
            "sigmapsf": 0.08798100054264069,
            "magnr": 18.56599998474121,
            "sigmagnr": 0.04500000178813934,
            "magzpsci": 26.161399841308594,
            "isdiffpos": "t",
            "ssdistnr": null,
            "ssnamenr": null,
            "drb": null
        },
        {
            "candid": 2054235275815015000,
            "jd": 2459808.7352778,
            "ra": 259.1464033,
            "dec": 7.3290272,
            "fid": 1,
            "nid": 2054,
            "magpsf": 19.249300003051758,
            "sigmapsf": 0.1295579969882965,
            "magnr": 20.184999465942383,
            "sigmagnr": 0.10599999874830246,
            "magzpsci": 26.171300888061523,
            "isdiffpos": "t",
            "ssdistnr": null,
            "ssnamenr": null,
            "drb": null
        },
        {
            "candid": 2056176705815015001,
            "jd": 2459810.6767014,
            "ra": 259.1464182,
            "dec": 7.328999,
            "fid": 2,
            "nid": 2056,
            "magpsf": 18.579200744628906,
            "sigmapsf": 0.08944299817085266,
            "magnr": 18.56599998474121,
            "sigmagnr": 0.04500000178813934,
            "magzpsci": 26.20319938659668,
            "isdiffpos": "t",
            "ssdistnr": null,
            "ssnamenr": null,
            "drb": null
        },
        {
            "candid": 2056194595815015001,
            "jd": 2459810.6945949,
            "ra": 259.146385,
            "dec": 7.3289883,
            "fid": 1,
            "nid": 2056,
            "magpsf": 19.295299530029297,
            "sigmapsf": 0.1453229933977127,
            "magnr": 20.184999465942383,
            "sigmagnr": 0.10599999874830246,
            "magzpsci": 26.182300567626953,
            "isdiffpos": "t",
            "ssdistnr": null,
            "ssnamenr": null,
            "drb": null
        },
        {
            "candid": 2059170235815015001,
            "jd": 2459813.6702315,
            "ra": 259.1463995,
            "dec": 7.3290066,
            "fid": 2,
            "nid": 2059,
            "magpsf": 18.6564998626709,
            "sigmapsf": 0.0825909972190857,
            "magnr": 18.56599998474121,
            "sigmagnr": 0.04500000178813934,
            "magzpsci": 26.228500366210938,
            "isdiffpos": "t",
            "ssdistnr": null,
            "ssnamenr": null,
            "drb": null
        },
        {
            "candid": 2059278435815015002,
            "jd": 2459813.7784375,
            "ra": 259.1464384,
            "dec": 7.3290349,
            "fid": 1,
            "nid": 2059,
            "magpsf": 19.396699905395508,
            "sigmapsf": 0.14744199812412262,
            "magnr": 20.184999465942383,
            "sigmagnr": 0.10599999874830246,
            "magzpsci": 26.136699676513672,
            "isdiffpos": "t",
            "ssdistnr": null,
            "ssnamenr": null,
            "drb": null
        },
        {
            "candid": 2061171685815015004,
            "jd": 2459815.6716898,
            "ra": 259.1464065,
            "dec": 7.3290018,
            "fid": 2,
            "nid": 2061,
            "magpsf": 18.66119956970215,
            "sigmapsf": 0.08482100069522858,
            "magnr": 18.56599998474121,
            "sigmagnr": 0.04500000178813934,
            "magzpsci": 26.25320053100586,
            "isdiffpos": "t",
            "ssdistnr": null,
            "ssnamenr": null,
            "drb": null
        },
        {
            "candid": 2061206135815015005,
            "jd": 2459815.7061343,
            "ra": 259.146405,
            "dec": 7.3290304,
            "fid": 1,
            "nid": 2061,
            "magpsf": 19.482200622558594,
            "sigmapsf": 0.1216370016336441,
            "magnr": 20.184999465942383,
            "sigmagnr": 0.10599999874830246,
            "magzpsci": 26.241199493408203,
            "isdiffpos": "t",
            "ssdistnr": null,
            "ssnamenr": null,
            "drb": null
        },
        {
            "candid": 2063171355815015003,
            "jd": 2459817.6713542,
            "ra": 259.1464242,
            "dec": 7.3289982,
            "fid": 1,
            "nid": 2063,
            "magpsf": 19.57670021057129,
            "sigmapsf": 0.148389995098114,
            "magnr": 20.184999465942383,
            "sigmagnr": 0.10599999874830246,
            "magzpsci": 26.308700561523438,
            "isdiffpos": "t",
            "ssdistnr": null,
            "ssnamenr": null,
            "drb": null
        },
        {
            "candid": 2063197975815015001,
            "jd": 2459817.6979745,
            "ra": 259.1463952,
            "dec": 7.3289934,
            "fid": 2,
            "nid": 2063,
            "magpsf": 18.660600662231445,
            "sigmapsf": 0.07354100048542023,
            "magnr": 18.56599998474121,
            "sigmagnr": 0.04500000178813934,
            "magzpsci": 26.2455997467041,
            "isdiffpos": "t",
            "ssdistnr": null,
            "ssnamenr": null,
            "drb": null
        },
        {
            "candid": 2065158545815015002,
            "jd": 2459819.6585417,
            "ra": 259.1464188,
            "dec": 7.3289859,
            "fid": 1,
            "nid": 2065,
            "magpsf": 19.62540054321289,
            "sigmapsf": 0.1362909972667694,
            "magnr": 20.184999465942383,
            "sigmagnr": 0.10599999874830246,
            "magzpsci": 26.3533992767334,
            "isdiffpos": "t",
            "ssdistnr": null,
            "ssnamenr": null,
            "drb": null
        },
        {
            "candid": 2065206345815015004,
            "jd": 2459819.7063426,
            "ra": 259.1464084,
            "dec": 7.3290104,
            "fid": 2,
            "nid": 2065,
            "magpsf": 18.704099655151367,
            "sigmapsf": 0.09102299809455872,
            "magnr": 18.56599998474121,
            "sigmagnr": 0.04500000178813934,
            "magzpsci": 26.287099838256836,
            "isdiffpos": "t",
            "ssdistnr": null,
            "ssnamenr": null,
            "drb": null
        },
        {
            "candid": 2067240375815015003,
            "jd": 2459821.7403704,
            "ra": 259.1464219,
            "dec": 7.3289997,
            "fid": 2,
            "nid": 2067,
            "magpsf": 18.719900131225586,
            "sigmapsf": 0.09553900361061096,
            "magnr": 18.56599998474121,
            "sigmagnr": 0.04500000178813934,
            "magzpsci": 26.243900299072266,
            "isdiffpos": "t",
            "ssdistnr": null,
            "ssnamenr": null,
            "drb": null
        },
        {
            "candid": 2069170765815015002,
            "jd": 2459823.6707639,
            "ra": 259.1464275,
            "dec": 7.3289889,
            "fid": 2,
            "nid": 2069,
            "magpsf": 18.746999740600586,
            "sigmapsf": 0.11052300035953522,
            "magnr": 18.56599998474121,
            "sigmagnr": 0.04500000178813934,
            "magzpsci": 26.26300048828125,
            "isdiffpos": "t",
            "ssdistnr": null,
            "ssnamenr": null,
            "drb": null
        },
        {
            "candid": 2071153655815015002,
            "jd": 2459825.6536574,
            "ra": 259.1464061,
            "dec": 7.3289929,
            "fid": 2,
            "nid": 2071,
            "magpsf": 18.801300048828125,
            "sigmapsf": 0.11636199802160263,
            "magnr": 18.56599998474121,
            "sigmagnr": 0.04500000178813934,
            "magzpsci": 26.236299514770508,
            "isdiffpos": "t",
            "ssdistnr": null,
            "ssnamenr": null,
            "drb": null
        },
        {
            "candid": 2071211775815015000,
            "jd": 2459825.7117708,
            "ra": 259.1463617,
            "dec": 7.3290291,
            "fid": 1,
            "nid": 2071,
            "magpsf": 19.75279998779297,
            "sigmapsf": 0.18685300648212433,
            "magnr": 20.184999465942383,
            "sigmagnr": 0.10599999874830246,
            "magzpsci": 26.218799591064453,
            "isdiffpos": "t",
            "ssdistnr": null,
            "ssnamenr": null,
            "drb": null
        },
        {
            "candid": 2086152345815015002,
            "jd": 2459840.6523495,
            "ra": 259.1464273,
            "dec": 7.3289928,
            "fid": 1,
            "nid": 2086,
            "magpsf": 20.095699310302734,
            "sigmapsf": 0.1741189956665039,
            "magnr": 20.184999465942383,
            "sigmagnr": 0.10599999874830246,
            "magzpsci": 26.345699310302734,
            "isdiffpos": "t",
            "ssdistnr": null,
            "ssnamenr": null,
            "drb": null
        },
        {
            "candid": 2086204035815015004,
            "jd": 2459840.7040394,
            "ra": 259.1463727,
            "dec": 7.3290099,
            "fid": 1,
            "nid": 2086,
            "magpsf": 20.188899993896484,
            "sigmapsf": 0.2197519987821579,
            "magnr": 20.184999465942383,
            "sigmagnr": 0.10599999874830246,
            "magzpsci": 26.263900756835938,
            "isdiffpos": "t",
            "ssdistnr": null,
            "ssnamenr": null,
            "drb": null
        },
        {
            "candid": 2088173195815015001,
            "jd": 2459842.6731944,
            "ra": 259.1463619,
            "dec": 7.3289839,
            "fid": 2,
            "nid": 2088,
            "magpsf": 18.952800750732422,
            "sigmapsf": 0.086667001247406,
            "magnr": 19.06800079345703,
            "sigmagnr": 0.1080000028014183,
            "magzpsci": 26.293800354003906,
            "isdiffpos": "t",
            "ssdistnr": null,
            "ssnamenr": null,
            "drb": null
        },
        {
            "candid": 2090184185815015008,
            "jd": 2459844.6841898,
            "ra": 259.1464419,
            "dec": 7.3290235,
            "fid": 1,
            "nid": 2090,
            "magpsf": 20.018800735473633,
            "sigmapsf": 0.19450999796390533,
            "magnr": 20.184999465942383,
            "sigmagnr": 0.10599999874830246,
            "magzpsci": 26.291799545288086,
            "isdiffpos": "t",
            "ssdistnr": null,
            "ssnamenr": null,
            "drb": null
        },
        {
            "candid": 2092174295815015000,
            "jd": 2459846.674294,
            "ra": 259.1462889,
            "dec": 7.3290368,
            "fid": 1,
            "nid": 2092,
            "magpsf": 20.2987003326416,
            "sigmapsf": 0.2625730037689209,
            "magnr": 20.184999465942383,
            "sigmagnr": 0.10599999874830246,
            "magzpsci": 26.220699310302734,
            "isdiffpos": "t",
            "ssdistnr": null,
            "ssnamenr": null,
            "drb": null
        },
        {
            "candid": 2094144135815015004,
            "jd": 2459848.6441319,
            "ra": 259.1464441,
            "dec": 7.329038,
            "fid": 1,
            "nid": 2094,
            "magpsf": 20.271900177001953,
            "sigmapsf": 0.23372399806976318,
            "magnr": 20.184999465942383,
            "sigmagnr": 0.10599999874830246,
            "magzpsci": 26.229900360107422,
            "isdiffpos": "t",
            "ssdistnr": null,
            "ssnamenr": null,
            "drb": null
        },
        {
            "candid": 2094184655815015001,
            "jd": 2459848.6846528,
            "ra": 259.1464179,
            "dec": 7.3289805,
            "fid": 2,
            "nid": 2094,
            "magpsf": 19.065000534057617,
            "sigmapsf": 0.12119700014591217,
            "magnr": 18.56599998474121,
            "sigmagnr": 0.04500000178813934,
            "magzpsci": 26.17300033569336,
            "isdiffpos": "t",
            "ssdistnr": null,
            "ssnamenr": null,
            "drb": null
        },
        {
            "candid": 2096165465815015000,
            "jd": 2459850.665463,
            "ra": 259.1464042,
            "dec": 7.3290439,
            "fid": 1,
            "nid": 2096,
            "magpsf": 20.159299850463867,
            "sigmapsf": 0.2700920104980469,
            "magnr": 20.184999465942383,
            "sigmagnr": 0.10599999874830246,
            "magzpsci": 26.2273006439209,
            "isdiffpos": "t",
            "ssdistnr": null,
            "ssnamenr": null,
            "drb": null
        },
        {
            "candid": 2099171825815015001,
            "jd": 2459853.6718287,
            "ra": 259.1463907,
            "dec": 7.3289845,
            "fid": 2,
            "nid": 2099,
            "magpsf": 18.992000579833984,
            "sigmapsf": 0.09703399986028671,
            "magnr": 19.06800079345703,
            "sigmagnr": 0.1080000028014183,
            "magzpsci": 26.256000518798828,
            "isdiffpos": "t",
            "ssdistnr": null,
            "ssnamenr": null,
            "drb": null
        },
        {
            "candid": 2103170385815015001,
            "jd": 2459857.6703819,
            "ra": 259.1464157,
            "dec": 7.3289748,
            "fid": 2,
            "nid": 2103,
            "magpsf": 19.327899932861328,
            "sigmapsf": 0.27056199312210083,
            "magnr": 18.56599998474121,
            "sigmagnr": 0.04500000178813934,
            "magzpsci": 26.02989959716797,
            "isdiffpos": "t",
            "ssdistnr": null,
            "ssnamenr": null,
            "drb": null
        },
        {
            "candid": 2105143025815015002,
            "jd": 2459859.6430208,
            "ra": 259.1464101,
            "dec": 7.3289852,
            "fid": 2,
            "nid": 2105,
            "magpsf": 19.19529914855957,
            "sigmapsf": 0.17001600563526154,
            "magnr": 18.56599998474121,
            "sigmagnr": 0.04500000178813934,
            "magzpsci": 26.207300186157227,
            "isdiffpos": "t",
            "ssdistnr": null,
            "ssnamenr": null,
            "drb": null
        },
        {
            "candid": 2108123005815015000,
            "jd": 2459862.6230093,
            "ra": 259.1464269,
            "dec": 7.3289684,
            "fid": 2,
            "nid": 2108,
            "magpsf": 18.998706817626953,
            "sigmapsf": 0.12895727157592773,
            "magnr": 18.56599998474121,
            "sigmagnr": 0.04500000178813934,
            "magzpsci": 26.227706909179688,
            "isdiffpos": "t",
            "ssdistnr": -999.0,
            "ssnamenr": "null",
            "drb": null
        },
        {
            "jd": 2459761.793912,
            "fid": 1,
            "diffmaglim": 20.61709976196289
        },
        {
            "jd": 2459761.8393287,
            "fid": 2,
            "diffmaglim": 20.47760009765625
        },
        {
            "jd": 2459763.7961458,
            "fid": 2,
            "diffmaglim": 20.50040054321289
        },
        {
            "jd": 2459763.8583912,
            "fid": 1,
            "diffmaglim": 20.583999633789062
        },
        {
            "jd": 2459765.8190625,
            "fid": 2,
            "diffmaglim": 20.564199447631836
        },
        {
            "jd": 2459768.7958449,
            "fid": 1,
            "diffmaglim": 20.313199996948242
        },
        {
            "jd": 2459770.7283102,
            "fid": 1,
            "diffmaglim": 19.766799926757812
        },
        {
            "jd": 2459770.8151157,
            "fid": 1,
            "diffmaglim": 19.87619972229004
        },
        {
            "jd": 2459772.7950116,
            "fid": 2,
            "diffmaglim": 19.70240020751953
        },
        {
            "jd": 2459774.7284838,
            "fid": 2,
            "diffmaglim": 19.59950065612793
        },
        {
            "jd": 2459776.7333449,
            "fid": 2,
            "diffmaglim": 20.30769920349121
        },
        {
            "jd": 2459776.8324884,
            "fid": 2,
            "diffmaglim": 19.983400344848633
        },
        {
            "jd": 2459779.7543634,
            "fid": 2,
            "diffmaglim": 20.53059959411621
        },
        {
            "jd": 2459779.8164236,
            "fid": 2,
            "diffmaglim": 20.236000061035156
        },
        {
            "jd": 2459781.7512037,
            "fid": 1,
            "diffmaglim": 20.42009925842285
        },
        {
            "jd": 2459781.8364236,
            "fid": 1,
            "diffmaglim": 19.576499938964844
        },
        {
            "jd": 2459783.7704398,
            "fid": 2,
            "diffmaglim": 20.56909942626953
        },
        {
            "jd": 2459785.7309838,
            "fid": 1,
            "diffmaglim": 20.73069953918457
        },
        {
            "jd": 2459785.7754977,
            "fid": 2,
            "diffmaglim": 20.23780059814453
        },
        {
            "jd": 2459787.8007986,
            "fid": 2,
            "diffmaglim": 20.47439956665039
        },
        {
            "jd": 2459789.6905787,
            "fid": 1,
            "diffmaglim": 20.60070037841797
        },
        {
            "jd": 2459802.7733449,
            "fid": 1,
            "diffmaglim": 17.494199752807617
        },
        {
            "jd": 2459828.7114005,
            "fid": 1,
            "diffmaglim": 19.290700912475586
        },
        {
            "jd": 2459830.6523611,
            "fid": 1,
            "diffmaglim": 19.349300384521484
        },
        {
            "jd": 2459855.6697454,
            "fid": 1,
            "diffmaglim": 19.374099731445312
        },
        {
            "jd": 2459857.632338,
            "fid": 1,
            "diffmaglim": 19.41320037841797
        },
        {
            "jd": 2459859.6503125,
            "fid": 1,
            "diffmaglim": 19.261600494384766
        }
    ],
    "forcedphot": []
}