{
    "objectId": "ZTF22abtspsw",
    "candidates": [
        {
            "candid": 2143392805415015003,
            "jd": 2459897.8928009,
            "ra": 137.6746476,
            "dec": 7.205684,
            "fid": 2,
            "nid": 2143,
            "magpsf": 15.764900207519531,
            "sigmapsf": 0.025939999148249626,
            "magnr": 16.511999130249023,
            "sigmagnr": 0.09099999815225601,
            "magzpsci": 26.1658992767334,
            "isdiffpos": "t",
            "ssdistnr": null,
            "ssnamenr": null,
            "drb": 0.9999908208847046
        },
        {
            "candid": 2143482525415015007,
            "jd": 2459897.9825231,
            "ra": 137.674607,
            "dec": 7.205669,
            "fid": 1,
            "nid": 2143,
            "magpsf": 15.475899696350098,
            "sigmapsf": 0.028258999809622765,
            "magnr": 16.72100067138672,
            "sigmagnr": 0.08399999886751175,
            "magzpsci": 26.300899505615234,
            "isdiffpos": "t",
            "ssdistnr": null,
            "ssnamenr": null,
            "drb": null
        },
        {
            "candid": 2146412075415015017,
            "jd": 2459900.9120718,
            "ra": 137.6745909,
            "dec": 7.2055739,
            "fid": 2,
            "nid": 2146,
            "magpsf": 15.268799781799316,
            "sigmapsf": 0.02974499948322773,
            "magnr": 16.511999130249023,
            "sigmagnr": 0.09099999815225601,
            "magzpsci": 26.243799209594727,
            "isdiffpos": "t",
            "ssdistnr": null,
            "ssnamenr": null,
            "drb": null
        },
        {
            "candid": 2146484805415015005,
            "jd": 2459900.9848032,
            "ra": 137.6745869,
            "dec": 7.2056669,
            "fid": 1,
            "nid": 2146,
            "magpsf": 15.08530044555664,
            "sigmapsf": 0.023395000025629997,
            "magnr": 16.72100067138672,
            "sigmagnr": 0.08399999886751175,
            "magzpsci": 26.330299377441406,
            "isdiffpos": "t",
            "ssdistnr": null,
            "ssnamenr": null,
            "drb": null
        },
        {
            "candid": 2148443995415015001,
            "jd": 2459902.9439931,
            "ra": 137.6746066,
            "dec": 7.205666,
            "fid": 1,
            "nid": 2148,
            "magpsf": 14.961199760437012,
            "sigmapsf": 0.03225100040435791,
            "magnr": 16.72100067138672,
            "sigmagnr": 0.08399999886751175,
            "magzpsci": 26.281200408935547,
            "isdiffpos": "t",
            "ssdistnr": null,
            "ssnamenr": null,
            "drb": null
        },
        {
            "candid": 2148507495415015001,
            "jd": 2459903.0075,
            "ra": 137.6745997,
            "dec": 7.2056602,
            "fid": 2,
            "nid": 2148,
            "magpsf": 15.09060001373291,
            "sigmapsf": 0.021145999431610107,
            "magnr": 16.511999130249023,
            "sigmagnr": 0.09099999815225601,
            "magzpsci": 26.26959991455078,
            "isdiffpos": "t",
            "ssdistnr": null,
            "ssnamenr": null,
            "drb": null
        },
        {
            "candid": 2150467705415015004,
            "jd": 2459904.9677083,
            "ra": 137.6746047,
            "dec": 7.2056561,
            "fid": 2,
            "nid": 2150,
            "magpsf": 15.0108003616333,
            "sigmapsf": 0.034442998468875885,
            "magnr": 16.511999130249023,
            "sigmagnr": 0.09099999815225601,
            "magzpsci": 26.258800506591797,
            "isdiffpos": "t",
            "ssdistnr": null,
            "ssnamenr": null,
            "drb": null
        },
        {
            "candid": 2152443405415015060,
            "jd": 2459906.9434028,
            "ra": 137.6746048,
            "dec": 7.2056555,
            "fid": 2,
            "nid": 2152,
            "magpsf": 15.025500297546387,
            "sigmapsf": 0.024840999394655228,
            "magnr": 16.511999130249023,
            "sigmagnr": 0.09099999815225601,
            "magzpsci": 26.25950050354004,
            "isdiffpos": "t",
            "ssdistnr": null,
            "ssnamenr": null,
            "drb": null
        },
        {
            "candid": 2155425815415015005,
            "jd": 2459909.9258102,
            "ra": 137.6746028,
            "dec": 7.2056506,
            "fid": 2,
            "nid": 2155,
            "magpsf": 15.053999900817871,
            "sigmapsf": 0.027279000729322433,
            "magnr": 16.511999130249023,
            "sigmagnr": 0.09099999815225601,
            "magzpsci": 26.26099967956543,
            "isdiffpos": "t",
            "ssdistnr": null,
            "ssnamenr": null,
            "drb": null
        },
        {
            "candid": 2155464915415015005,
            "jd": 2459909.964919,
            "ra": 137.6745959,
            "dec": 7.2056732,
            "fid": 1,
            "nid": 2155,
            "magpsf": 15.093600273132324,
            "sigmapsf": 0.03351299837231636,
            "magnr": 16.72100067138672,
            "sigmagnr": 0.08399999886751175,
            "magzpsci": 26.313600540161133,
            "isdiffpos": "t",
            "ssdistnr": null,
            "ssnamenr": null,
            "drb": null
        },
        {
            "candid": 2159352005415015005,
            "jd": 2459913.8520023,
            "ra": 137.674594,
            "dec": 7.2056578,
            "fid": 1,
            "nid": 2159,
            "magpsf": 15.25879955291748,
            "sigmapsf": 0.026990000158548355,
            "magnr": 16.72100067138672,
            "sigmagnr": 0.08399999886751175,
            "magzpsci": 26.176799774169922,
            "isdiffpos": "t",
            "ssdistnr": null,
            "ssnamenr": null,
            "drb": null
        },
        {
            "candid": 2159429495415015005,
            "jd": 2459913.9294907,
            "ra": 137.6745951,
            "dec": 7.2056812,
            "fid": 2,
            "nid": 2159,
            "magpsf": 15.130900382995605,
            "sigmapsf": 0.02806599996984005,
            "magnr": 16.511999130249023,
            "sigmagnr": 0.09099999815225601,
            "magzpsci": 26.25589942932129,
            "isdiffpos": "t",
            "ssdistnr": null,
            "ssnamenr": null,
            "drb": null
        },
        {
            "candid": 2168425095415015002,
            "jd": 2459922.9250926,
            "ra": 137.674603,
            "dec": 7.2056707,
            "fid": 1,
            "nid": 2168,
            "magpsf": 15.444999694824219,
            "sigmapsf": 0.030417999252676964,
            "magnr": 16.72100067138672,
            "sigmagnr": 0.08399999886751175,
            "magzpsci": 26.326000213623047,
            "isdiffpos": "t",
            "ssdistnr": null,
            "ssnamenr": null,
            "drb": null
        },
        {
            "candid": 2174477185415015005,
            "jd": 2459928.9771875,
            "ra": 137.6746029,
            "dec": 7.2056545,
            "fid": 2,
            "nid": 2174,
            "magpsf": 15.17650032043457,
            "sigmapsf": 0.028051000088453293,
            "magnr": 16.511999130249023,
            "sigmagnr": 0.09099999815225601,
            "magzpsci": 26.112499237060547,
            "isdiffpos": "t",
            "ssdistnr": null,
            "ssnamenr": null,
            "drb": null
        },
        {
            "candid": 2174525615415015000,
            "jd": 2459929.0256134,
            "ra": 137.6746088,
            "dec": 7.2056756,
            "fid": 1,
            "nid": 2174,
            "magpsf": 15.67650032043457,
            "sigmapsf": 0.04108700156211853,
            "magnr": 16.72100067138672,
            "sigmagnr": 0.08399999886751175,
            "magzpsci": 25.642499923706055,
            "isdiffpos": "t",
            "ssdistnr": null,
            "ssnamenr": null,
            "drb": null
        },
        {
            "candid": 2180523245415015002,
            "jd": 2459935.0232407,
            "ra": 137.6746021,
            "dec": 7.2056561,
            "fid": 1,
            "nid": 2180,
            "magpsf": 15.903400421142578,
            "sigmapsf": 0.037980999797582626,
            "magnr": 16.72100067138672,
            "sigmagnr": 0.08399999886751175,
            "magzpsci": 26.317399978637695,
            "isdiffpos": "t",
            "ssdistnr": null,
            "ssnamenr": null,
            "drb": null
        },
        {
            "candid": 2182420155415015004,
            "jd": 2459936.9201505,
            "ra": 137.6745954,
            "dec": 7.2056519,
            "fid": 2,
            "nid": 2182,
            "magpsf": 15.258199691772461,
            "sigmapsf": 0.037429001182317734,
            "magnr": 16.511999130249023,
            "sigmagnr": 0.09099999815225601,
            "magzpsci": 26.256200790405273,
            "isdiffpos": "t",
            "ssdistnr": null,
            "ssnamenr": null,
            "drb": null
        },
        {
            "candid": 2182445285415015005,
            "jd": 2459936.9452894,
            "ra": 137.674606,
            "dec": 7.2056524,
            "fid": 1,
            "nid": 2182,
            "magpsf": 15.944100379943848,
            "sigmapsf": 0.04688600078225136,
            "magnr": 16.72100067138672,
            "sigmagnr": 0.08399999886751175,
            "magzpsci": 26.33609962463379,
            "isdiffpos": "t",
            "ssdistnr": null,
            "ssnamenr": null,
            "drb": null
        },
        {
            "candid": 2197320415415015000,
            "jd": 2459951.8204167,
            "ra": 137.674603,
            "dec": 7.2056624,
            "fid": 2,
            "nid": 2197,
            "magpsf": 15.422800064086914,
            "sigmapsf": 0.033789001405239105,
            "magnr": 16.511999130249023,
            "sigmagnr": 0.09099999815225601,
            "magzpsci": 26.267799377441406,
            "isdiffpos": "t",
            "ssdistnr": null,
            "ssnamenr": null,
            "drb": null
        },
        {
            "candid": 2211360835415015002,
            "jd": 2459965.8608333,
            "ra": 137.6747063,
            "dec": 7.205745,
            "fid": 1,
            "nid": 2211,
            "magpsf": 16.704700469970703,
            "sigmapsf": 0.05343100056052208,
            "magnr": 16.72100067138672,
            "sigmagnr": 0.08399999886751175,
            "magzpsci": 26.36669921875,
            "isdiffpos": "t",
            "ssdistnr": null,
            "ssnamenr": null,
            "drb": null
        },
        {
            "candid": 2216234085415015000,
            "jd": 2459970.7340856,
            "ra": 137.6746341,
            "dec": 7.205657,
            "fid": 2,
            "nid": 2216,
            "magpsf": 15.589357376098633,
            "sigmapsf": 0.038921285420656204,
            "magnr": 16.512001037597656,
            "sigmagnr": 0.09099999815225601,
            "magzpsci": 26.247356414794922,
            "isdiffpos": "t",
            "ssdistnr": -999.0,
            "ssnamenr": "null",
            "drb": null
        },
        {
            "candid": 2259246725415015000,
            "jd": 2460013.7467245,
            "ra": 137.6745936,
            "dec": 7.2056476,
            "fid": 2,
            "nid": 2259,
            "magpsf": 16.015399932861328,
            "sigmapsf": 0.04273200035095215,
            "magnr": 16.511999130249023,
            "sigmagnr": 0.09099999815225601,
            "magzpsci": 26.240400314331055,
            "isdiffpos": "t",
            "ssdistnr": null,
            "ssnamenr": null,
            "drb": 0.9999973773956299
        },
        {
            "candid": 2259297195415015001,
            "jd": 2460013.7971991,
            "ra": 137.674589,
            "dec": 7.2056502,
            "fid": 1,
            "nid": 2259,
            "magpsf": 17.20829963684082,
            "sigmapsf": 0.06528200209140778,
            "magnr": 16.72100067138672,
            "sigmagnr": 0.08399999886751175,
            "magzpsci": 26.046300888061523,
            "isdiffpos": "t",
            "ssdistnr": null,
            "ssnamenr": null,
            "drb": null
        },
        {
            "candid": 2263214465415015005,
            "jd": 2460017.7144676,
            "ra": 137.6746015,
            "dec": 7.2056663,
            "fid": 1,
            "nid": 2263,
            "magpsf": 17.26219940185547,
            "sigmapsf": 0.07220900058746338,
            "magnr": 16.72100067138672,
            "sigmagnr": 0.08399999886751175,
            "magzpsci": 26.303199768066406,
            "isdiffpos": "t",
            "ssdistnr": null,
            "ssnamenr": null,
            "drb": null
        },
        {
            "candid": 2267215065415015000,
            "jd": 2460021.7150694,
            "ra": 137.6746073,
            "dec": 7.2056826,
            "fid": 2,
            "nid": 2267,
            "magpsf": 16.249099731445312,
            "sigmapsf": 0.04791099950671196,
            "magnr": 16.511999130249023,
            "sigmagnr": 0.09099999815225601,
            "magzpsci": 25.758100509643555,
            "isdiffpos": "t",
            "ssdistnr": null,
            "ssnamenr": null,
            "drb": null
        },
        {
            "candid": 2277261645415015003,
            "jd": 2460031.7616435,
            "ra": 137.674597,
            "dec": 7.2056564,
            "fid": 2,
            "nid": 2277,
            "magpsf": 17.18079948425293,
            "sigmapsf": 0.04432789236307144,
            "magnr": 16.512001037597656,
            "sigmagnr": 0.09099999815225601,
            "magzpsci": 26.21179962158203,
            "isdiffpos": "t",
            "ssdistnr": -999.0,
            "ssnamenr": "null",
            "drb": null
        },
        {
            "jd": 2459867.9628704,
            "fid": 1,
            "diffmaglim": 19.082399368286133
        },
        {
            "jd": 2459873.9821412,
            "fid": 2,
            "diffmaglim": 20.09779930114746
        },
        {
            "jd": 2459876.9971759,
            "fid": 2,
            "diffmaglim": 19.463499069213867
        },
        {
            "jd": 2459877.0084144,
            "fid": 1,
            "diffmaglim": 19.710800170898438
        },
        {
            "jd": 2459878.9559144,
            "fid": 1,
            "diffmaglim": 20.003799438476562
        },
        {
            "jd": 2459881.9658565,
            "fid": 1,
            "diffmaglim": 20.326900482177734
        },
        {
            "jd": 2459881.9977315,
            "fid": 2,
            "diffmaglim": 20.286800384521484
        },
        {
            "jd": 2459883.9482292,
            "fid": 2,
            "diffmaglim": 20.042200088500977
        },
        {
            "jd": 2459888.9037037,
            "fid": 2,
            "diffmaglim": 16.708999633789062
        },
        {
            "jd": 2459893.9266319,
            "fid": 1,
            "diffmaglim": 19.040599822998047
        },
        {
            "jd": 2459893.9751042,
            "fid": 2,
            "diffmaglim": 19.45400047302246
        }
    ],
    "forcedphot": []
}