{
    "objectId": "ZTF20aahqbsr",
    "candidates": [
        {
            "candid": 1118444802415015003,
            "jd": 2458872.9448032,
            "ra": 225.4777136,
            "dec": 25.9664322,
            "fid": 1,
            "nid": 1118,
            "magpsf": 19.024099349975586,
            "sigmapsf": 0.09868299961090088,
            "magnr": 18.66699981689453,
            "sigmagnr": 0.09300000220537186,
            "magzpsci": 26.007099151611328,
            "isdiffpos": "t",
            "ssdistnr": -999.0,
            "ssnamenr": "null",
            "drb": 0.9999989867210388
        },
        {
            "candid": 1118559132415015002,
            "jd": 2458873.0591319,
            "ra": 225.4777704,
            "dec": 25.9664012,
            "fid": 2,
            "nid": 1118,
            "magpsf": 18.74839973449707,
            "sigmapsf": 0.09581699967384338,
            "magnr": 18.26300048828125,
            "sigmagnr": 0.11900000274181366,
            "magzpsci": 25.96940040588379,
            "isdiffpos": "t",
            "ssdistnr": -999.0,
            "ssnamenr": "null",
            "drb": 0.9999989867210388
        },
        {
            "candid": 1121483242415015003,
            "jd": 2458875.9832407,
            "ra": 225.4777466,
            "dec": 25.9663826,
            "fid": 1,
            "nid": 1121,
            "magpsf": 18.90239906311035,
            "sigmapsf": 0.07783400267362595,
            "magnr": 18.66699981689453,
            "sigmagnr": 0.09300000220537186,
            "magzpsci": 26.253400802612305,
            "isdiffpos": "t",
            "ssdistnr": -999.0,
            "ssnamenr": "-999.0",
            "drb": null
        },
        {
            "candid": 1121554612415015002,
            "jd": 2458876.0546181,
            "ra": 225.4777823,
            "dec": 25.9663786,
            "fid": 2,
            "nid": 1121,
            "magpsf": 18.679899215698242,
            "sigmapsf": 0.06337299942970276,
            "magnr": 18.26300048828125,
            "sigmagnr": 0.11900000274181366,
            "magzpsci": 26.298900604248047,
            "isdiffpos": "t",
            "ssdistnr": -999.0,
            "ssnamenr": "-999.0",
            "drb": null
        },
        {
            "candid": 1124540462415015002,
            "jd": 2458879.040463,
            "ra": 225.4777215,
            "dec": 25.9663654,
            "fid": 1,
            "nid": 1124,
            "magpsf": 18.908300399780273,
            "sigmapsf": 0.09549400210380554,
            "magnr": 18.66699981689453,
            "sigmagnr": 0.09300000220537186,
            "magzpsci": 26.303300857543945,
            "isdiffpos": "t",
            "ssdistnr": -999.0,
            "ssnamenr": "null",
            "drb": 0.999987006187439
        },
        {
            "candid": 1124560012415015003,
            "jd": 2458879.0600116,
            "ra": 225.4777891,
            "dec": 25.9664333,
            "fid": 2,
            "nid": 1124,
            "magpsf": 18.56100082397461,
            "sigmapsf": 0.07105600088834763,
            "magnr": 18.26300048828125,
            "sigmagnr": 0.11900000274181366,
            "magzpsci": 26.302000045776367,
            "isdiffpos": "t",
            "ssdistnr": -999.0,
            "ssnamenr": "null",
            "drb": 0.9999579787254333
        },
        {
            "candid": 1127520722415015007,
            "jd": 2458882.0207292,
            "ra": 225.4777472,
            "dec": 25.966396,
            "fid": 1,
            "nid": 1127,
            "magpsf": 18.9281005859375,
            "sigmapsf": 0.07487999647855759,
            "magnr": 18.66699981689453,
            "sigmagnr": 0.09300000220537186,
            "magzpsci": 26.298099517822266,
            "isdiffpos": "t",
            "ssdistnr": -999.0,
            "ssnamenr": "null",
            "drb": 1.0
        },
        {
            "candid": 1127545242415015003,
            "jd": 2458882.0452431,
            "ra": 225.4777379,
            "dec": 25.9663934,
            "fid": 2,
            "nid": 1127,
            "magpsf": 18.6294002532959,
            "sigmapsf": 0.04772099852561951,
            "magnr": 18.26300048828125,
            "sigmagnr": 0.11900000274181366,
            "magzpsci": 26.317399978637695,
            "isdiffpos": "t",
            "ssdistnr": -999.0,
            "ssnamenr": "null",
            "drb": 0.9999960064888
        },
        {
            "candid": 1130465842415015002,
            "jd": 2458884.9658449,
            "ra": 225.4777401,
            "dec": 25.9663694,
            "fid": 1,
            "nid": 1130,
            "magpsf": 18.91309928894043,
            "sigmapsf": 0.09172900021076202,
            "magnr": 18.66699981689453,
            "sigmagnr": 0.09300000220537186,
            "magzpsci": 26.289100646972656,
            "isdiffpos": "t",
            "ssdistnr": -999.0,
            "ssnamenr": "null",
            "drb": 1.0
        },
        {
            "candid": 1130557602415015004,
            "jd": 2458885.0576042,
            "ra": 225.4777678,
            "dec": 25.9663962,
            "fid": 2,
            "nid": 1130,
            "magpsf": 18.598899841308594,
            "sigmapsf": 0.058866001665592194,
            "magnr": 18.26300048828125,
            "sigmagnr": 0.11900000274181366,
            "magzpsci": 26.295900344848633,
            "isdiffpos": "t",
            "ssdistnr": -999.0,
            "ssnamenr": "null",
            "drb": 1.0
        },
        {
            "candid": 1133462002415015001,
            "jd": 2458887.9620023,
            "ra": 225.4776993,
            "dec": 25.9664013,
            "fid": 1,
            "nid": 1133,
            "magpsf": 19.020099639892578,
            "sigmapsf": 0.1474670022726059,
            "magnr": 18.66699981689453,
            "sigmagnr": 0.09300000220537186,
            "magzpsci": 26.275100708007812,
            "isdiffpos": "t",
            "ssdistnr": -999.0,
            "ssnamenr": "null",
            "drb": 0.9999750256538391
        },
        {
            "candid": 1133534292415015001,
            "jd": 2458888.034294,
            "ra": 225.4777665,
            "dec": 25.9663835,
            "fid": 2,
            "nid": 1133,
            "magpsf": 18.599000930786133,
            "sigmapsf": 0.06225299835205078,
            "magnr": 18.26300048828125,
            "sigmagnr": 0.11900000274181366,
            "magzpsci": 26.301000595092773,
            "isdiffpos": "t",
            "ssdistnr": -999.0,
            "ssnamenr": "null",
            "drb": 0.9999780058860779
        },
        {
            "candid": 1136498832415015000,
            "jd": 2458890.998831,
            "ra": 225.4777988,
            "dec": 25.9662427,
            "fid": 2,
            "nid": 1136,
            "magpsf": 18.53459930419922,
            "sigmapsf": 0.12706300616264343,
            "magnr": 18.26300048828125,
            "sigmagnr": 0.11900000274181366,
            "magzpsci": 26.268600463867188,
            "isdiffpos": "t",
            "ssdistnr": -999.0,
            "ssnamenr": "null",
            "drb": 0.9767680168151855
        },
        {
            "candid": 1136544062415015000,
            "jd": 2458891.0440625,
            "ra": 225.4777779,
            "dec": 25.9663627,
            "fid": 1,
            "nid": 1136,
            "magpsf": 19.138500213623047,
            "sigmapsf": 0.18457500636577606,
            "magnr": 18.66699981689453,
            "sigmagnr": 0.09300000220537186,
            "magzpsci": 26.26449966430664,
            "isdiffpos": "t",
            "ssdistnr": -999.0,
            "ssnamenr": "null",
            "drb": 0.9993429780006409
        },
        {
            "candid": 1139523872415015000,
            "jd": 2458894.0238773,
            "ra": 225.4777384,
            "dec": 25.9664012,
            "fid": 2,
            "nid": 1139,
            "magpsf": 18.58169937133789,
            "sigmapsf": 0.05935800075531006,
            "magnr": 18.26300048828125,
            "sigmagnr": 0.11900000274181366,
            "magzpsci": 26.29170036315918,
            "isdiffpos": "t",
            "ssdistnr": -999.0,
            "ssnamenr": "null",
            "drb": 0.9999979734420776
        },
        {
            "candid": 1144498482415015004,
            "jd": 2458898.9984838,
            "ra": 225.4777415,
            "dec": 25.9664051,
            "fid": 2,
            "nid": 1144,
            "magpsf": 18.62820053100586,
            "sigmapsf": 0.04609600082039833,
            "magnr": 18.26300048828125,
            "sigmagnr": 0.11900000274181366,
            "magzpsci": 26.310199737548828,
            "isdiffpos": "t",
            "ssdistnr": -999.0,
            "ssnamenr": "-999.0",
            "drb": null
        },
        {
            "candid": 1149459522415015003,
            "jd": 2458903.9595255,
            "ra": 225.477777,
            "dec": 25.9664248,
            "fid": 2,
            "nid": 1149,
            "magpsf": 18.604700088500977,
            "sigmapsf": 0.05414799973368645,
            "magnr": 18.26300048828125,
            "sigmagnr": 0.11900000274181366,
            "magzpsci": 26.281700134277344,
            "isdiffpos": "t",
            "ssdistnr": -999.0,
            "ssnamenr": "null",
            "drb": 1.0
        },
        {
            "candid": 1157429382415015004,
            "jd": 2458911.9293866,
            "ra": 225.4777882,
            "dec": 25.9663836,
            "fid": 1,
            "nid": 1157,
            "magpsf": 19.570199966430664,
            "sigmapsf": 0.12288399785757065,
            "magnr": 18.66699981689453,
            "sigmagnr": 0.09300000220537186,
            "magzpsci": 26.268199920654297,
            "isdiffpos": "t",
            "ssdistnr": -999.0,
            "ssnamenr": "null",
            "drb": 0.9999819993972778
        },
        {
            "candid": 1157496812415015005,
            "jd": 2458911.9968171,
            "ra": 225.4777655,
            "dec": 25.9663454,
            "fid": 2,
            "nid": 1157,
            "magpsf": 18.5531005859375,
            "sigmapsf": 0.05995500087738037,
            "magnr": 18.26300048828125,
            "sigmagnr": 0.11900000274181366,
            "magzpsci": 26.26609992980957,
            "isdiffpos": "t",
            "ssdistnr": -999.0,
            "ssnamenr": "null",
            "drb": 1.0
        },
        {
            "candid": 1160481032415015001,
            "jd": 2458914.9810301,
            "ra": 225.4777302,
            "dec": 25.9664506,
            "fid": 1,
            "nid": 1160,
            "magpsf": 19.37540054321289,
            "sigmapsf": 0.13923799991607666,
            "magnr": 18.66699981689453,
            "sigmagnr": 0.09300000220537186,
            "magzpsci": 25.97439956665039,
            "isdiffpos": "t",
            "ssdistnr": -999.0,
            "ssnamenr": "null",
            "drb": 0.9999750256538391
        },
        {
            "candid": 1160506682415015001,
            "jd": 2458915.0066898,
            "ra": 225.4777453,
            "dec": 25.966392,
            "fid": 2,
            "nid": 1160,
            "magpsf": 18.604400634765625,
            "sigmapsf": 0.046140000224113464,
            "magnr": 18.26300048828125,
            "sigmagnr": 0.11900000274181366,
            "magzpsci": 26.284400939941406,
            "isdiffpos": "t",
            "ssdistnr": -999.0,
            "ssnamenr": "null",
            "drb": 0.9999549984931946
        },
        {
            "candid": 1182456522415015004,
            "jd": 2458936.9565278,
            "ra": 225.4777627,
            "dec": 25.9663975,
            "fid": 2,
            "nid": 1182,
            "magpsf": 18.75860023498535,
            "sigmapsf": 0.05456700176000595,
            "magnr": 18.26300048828125,
            "sigmagnr": 0.11900000274181366,
            "magzpsci": 26.25860023498535,
            "isdiffpos": "t",
            "ssdistnr": -999.0,
            "ssnamenr": "null",
            "drb": 0.9999989867210388
        },
        {
            "candid": 1185433942415015002,
            "jd": 2458939.9339468,
            "ra": 225.4777266,
            "dec": 25.966415,
            "fid": 2,
            "nid": 1185,
            "magpsf": 18.7632999420166,
            "sigmapsf": 0.1613280028104782,
            "magnr": 18.26300048828125,
            "sigmagnr": 0.11900000274181366,
            "magzpsci": 25.16629981994629,
            "isdiffpos": "t",
            "ssdistnr": -999.0,
            "ssnamenr": "null",
            "drb": 0.9997389912605286
        },
        {
            "candid": 1187422172415015001,
            "jd": 2458941.9221759,
            "ra": 225.477764,
            "dec": 25.9663891,
            "fid": 2,
            "nid": 1187,
            "magpsf": 18.735599517822266,
            "sigmapsf": 0.048468999564647675,
            "magnr": 18.26300048828125,
            "sigmagnr": 0.11900000274181366,
            "magzpsci": 26.253599166870117,
            "isdiffpos": "t",
            "ssdistnr": -999.0,
            "ssnamenr": "null",
            "drb": 0.9999939799308777
        },
        {
            "candid": 1187478512415015003,
            "jd": 2458941.9785185,
            "ra": 225.4777209,
            "dec": 25.9663786,
            "fid": 1,
            "nid": 1187,
            "magpsf": 19.923099517822266,
            "sigmapsf": 0.13293099403381348,
            "magnr": 18.66699981689453,
            "sigmagnr": 0.09300000220537186,
            "magzpsci": 26.256099700927734,
            "isdiffpos": "t",
            "ssdistnr": -999.0,
            "ssnamenr": "null",
            "drb": 0.9997739791870117
        },
        {
            "candid": 1189421742415015000,
            "jd": 2458943.9217477,
            "ra": 225.4778409,
            "dec": 25.9664056,
            "fid": 1,
            "nid": 1189,
            "magpsf": 19.844600677490234,
            "sigmapsf": 0.16541899740695953,
            "magnr": 18.66699981689453,
            "sigmagnr": 0.09300000220537186,
            "magzpsci": 26.247600555419922,
            "isdiffpos": "t",
            "ssdistnr": -999.0,
            "ssnamenr": "-999.0",
            "drb": null
        },
        {
            "candid": 1189464832415015001,
            "jd": 2458943.964838,
            "ra": 225.4777554,
            "dec": 25.966427,
            "fid": 2,
            "nid": 1189,
            "magpsf": 18.714799880981445,
            "sigmapsf": 0.06715600192546844,
            "magnr": 18.26300048828125,
            "sigmagnr": 0.11900000274181366,
            "magzpsci": 26.25979995727539,
            "isdiffpos": "t",
            "ssdistnr": -999.0,
            "ssnamenr": "null",
            "drb": 1.0
        },
        {
            "candid": 1190402362415015001,
            "jd": 2458944.9023611,
            "ra": 225.4777619,
            "dec": 25.9663796,
            "fid": 2,
            "nid": 1190,
            "magpsf": 18.72920036315918,
            "sigmapsf": 0.0802220031619072,
            "magnr": 18.26300048828125,
            "sigmagnr": 0.11900000274181366,
            "magzpsci": 26.26219940185547,
            "isdiffpos": "t",
            "ssdistnr": -999.0,
            "ssnamenr": "null",
            "drb": 0.9999979734420776
        },
        {
            "candid": 1200461732415015000,
            "jd": 2458954.9617361,
            "ra": 225.4777289,
            "dec": 25.9663543,
            "fid": 2,
            "nid": 1200,
            "magpsf": 18.830699920654297,
            "sigmapsf": 0.08306100219488144,
            "magnr": 18.26300048828125,
            "sigmagnr": 0.11900000274181366,
            "magzpsci": 26.259700775146484,
            "isdiffpos": "t",
            "ssdistnr": -999.0,
            "ssnamenr": "null",
            "drb": 0.9999939799308777
        },
        {
            "candid": 1201399172415015005,
            "jd": 2458955.8991782,
            "ra": 225.4777135,
            "dec": 25.9663835,
            "fid": 1,
            "nid": 1201,
            "magpsf": 20.275699615478516,
            "sigmapsf": 0.16457800567150116,
            "magnr": 18.66699981689453,
            "sigmagnr": 0.09300000220537186,
            "magzpsci": 26.2726993560791,
            "isdiffpos": "t",
            "ssdistnr": -999.0,
            "ssnamenr": "null",
            "drb": 0.9999899864196777
        },
        {
            "candid": 1201421942415015001,
            "jd": 2458955.9219444,
            "ra": 225.4777577,
            "dec": 25.9663993,
            "fid": 2,
            "nid": 1201,
            "magpsf": 18.745399475097656,
            "sigmapsf": 0.060426000505685806,
            "magnr": 18.26300048828125,
            "sigmagnr": 0.11900000274181366,
            "magzpsci": 26.26140022277832,
            "isdiffpos": "t",
            "ssdistnr": -999.0,
            "ssnamenr": "null",
            "drb": 1.0
        },
        {
            "candid": 1207422822415015004,
            "jd": 2458961.9228241,
            "ra": 225.4777331,
            "dec": 25.9663707,
            "fid": 2,
            "nid": 1207,
            "magpsf": 18.87380027770996,
            "sigmapsf": 0.07493200153112411,
            "magnr": 18.26300048828125,
            "sigmagnr": 0.11900000274181366,
            "magzpsci": 26.2268009185791,
            "isdiffpos": "t",
            "ssdistnr": -999.0,
            "ssnamenr": "null",
            "drb": 1.0
        },
        {
            "candid": 1208306272415015002,
            "jd": 2458962.8062731,
            "ra": 225.4777357,
            "dec": 25.9663952,
            "fid": 2,
            "nid": 1208,
            "magpsf": 18.9153995513916,
            "sigmapsf": 0.07892599701881409,
            "magnr": 18.26300048828125,
            "sigmagnr": 0.11900000274181366,
            "magzpsci": 26.27039909362793,
            "isdiffpos": "t",
            "ssdistnr": -999.0,
            "ssnamenr": "null",
            "drb": 1.0
        },
        {
            "candid": 1208375012415015002,
            "jd": 2458962.8750116,
            "ra": 225.4778081,
            "dec": 25.9663908,
            "fid": 1,
            "nid": 1208,
            "magpsf": 20.275299072265625,
            "sigmapsf": 0.19647499918937683,
            "magnr": 18.66699981689453,
            "sigmagnr": 0.09300000220537186,
            "magzpsci": 26.262300491333008,
            "isdiffpos": "t",
            "ssdistnr": -999.0,
            "ssnamenr": "null",
            "drb": 0.9971809983253479
        },
        {
            "candid": 1209294872415015004,
            "jd": 2458963.7948727,
            "ra": 225.4777726,
            "dec": 25.9663652,
            "fid": 1,
            "nid": 1209,
            "magpsf": 20.138099670410156,
            "sigmapsf": 0.13436199724674225,
            "magnr": 18.66699981689453,
            "sigmagnr": 0.09300000220537186,
            "magzpsci": 26.23310089111328,
            "isdiffpos": "t",
            "ssdistnr": -999.0,
            "ssnamenr": "null",
            "drb": 0.9999979734420776
        },
        {
            "candid": 1210356582415015002,
            "jd": 2458964.8565856,
            "ra": 225.4778271,
            "dec": 25.966411,
            "fid": 1,
            "nid": 1210,
            "magpsf": 20.254499435424805,
            "sigmapsf": 0.19435499608516693,
            "magnr": 18.66699981689453,
            "sigmagnr": 0.09300000220537186,
            "magzpsci": 26.243499755859375,
            "isdiffpos": "t",
            "ssdistnr": -999.0,
            "ssnamenr": "null",
            "drb": 0.9986379742622375
        },
        {
            "candid": 1210405872415015001,
            "jd": 2458964.9058796,
            "ra": 225.4777486,
            "dec": 25.9663934,
            "fid": 2,
            "nid": 1210,
            "magpsf": 18.89940071105957,
            "sigmapsf": 0.07575099915266037,
            "magnr": 18.26300048828125,
            "sigmagnr": 0.11900000274181366,
            "magzpsci": 26.263399124145508,
            "isdiffpos": "t",
            "ssdistnr": -999.0,
            "ssnamenr": "null",
            "drb": 0.9993829727172852
        },
        {
            "candid": 1211350622415015002,
            "jd": 2458965.850625,
            "ra": 225.4777548,
            "dec": 25.9663846,
            "fid": 2,
            "nid": 1211,
            "magpsf": 18.877300262451172,
            "sigmapsf": 0.044470999389886856,
            "magnr": 18.26300048828125,
            "sigmagnr": 0.11900000274181366,
            "magzpsci": 26.27829933166504,
            "isdiffpos": "t",
            "ssdistnr": -999.0,
            "ssnamenr": "null",
            "drb": 1.0
        },
        {
            "candid": 1211402262415015005,
            "jd": 2458965.9022685,
            "ra": 225.4777179,
            "dec": 25.9663492,
            "fid": 1,
            "nid": 1211,
            "magpsf": 20.056800842285156,
            "sigmapsf": 0.17086300253868103,
            "magnr": 18.66699981689453,
            "sigmagnr": 0.09300000220537186,
            "magzpsci": 26.269800186157227,
            "isdiffpos": "t",
            "ssdistnr": -999.0,
            "ssnamenr": "null",
            "drb": 0.9999750256538391
        },
        {
            "candid": 1212372592415015000,
            "jd": 2458966.8725926,
            "ra": 225.4777324,
            "dec": 25.9663831,
            "fid": 2,
            "nid": 1212,
            "magpsf": 18.90920066833496,
            "sigmapsf": 0.04863400012254715,
            "magnr": 18.26300048828125,
            "sigmagnr": 0.11900000274181366,
            "magzpsci": 26.257200241088867,
            "isdiffpos": "t",
            "ssdistnr": -999.0,
            "ssnamenr": "null",
            "drb": 0.9999989867210388
        },
        {
            "candid": 1212415972415015002,
            "jd": 2458966.9159722,
            "ra": 225.4777658,
            "dec": 25.9664303,
            "fid": 1,
            "nid": 1212,
            "magpsf": 20.134300231933594,
            "sigmapsf": 0.17437200248241425,
            "magnr": 18.66699981689453,
            "sigmagnr": 0.09300000220537186,
            "magzpsci": 26.251300811767578,
            "isdiffpos": "t",
            "ssdistnr": -999.0,
            "ssnamenr": "null",
            "drb": 0.9999809861183167
        },
        {
            "candid": 1213275842415015003,
            "jd": 2458967.7758449,
            "ra": 225.4778296,
            "dec": 25.9663973,
            "fid": 1,
            "nid": 1213,
            "magpsf": 20.155099868774414,
            "sigmapsf": 0.19163000583648682,
            "magnr": 18.66699981689453,
            "sigmagnr": 0.09300000220537186,
            "magzpsci": 26.239099502563477,
            "isdiffpos": "t",
            "ssdistnr": -999.0,
            "ssnamenr": "null",
            "drb": 0.9998930096626282
        },
        {
            "candid": 1213352482415015000,
            "jd": 2458967.8524884,
            "ra": 225.4777506,
            "dec": 25.9664087,
            "fid": 2,
            "nid": 1213,
            "magpsf": 18.933700561523438,
            "sigmapsf": 0.06246799975633621,
            "magnr": 18.26300048828125,
            "sigmagnr": 0.11900000274181366,
            "magzpsci": 26.274700164794922,
            "isdiffpos": "t",
            "ssdistnr": -999.0,
            "ssnamenr": "null",
            "drb": 0.9999070167541504
        },
        {
            "candid": 1214290022415015000,
            "jd": 2458968.7900231,
            "ra": 225.4777824,
            "dec": 25.9663464,
            "fid": 1,
            "nid": 1214,
            "magpsf": 20.32819938659668,
            "sigmapsf": 0.17897799611091614,
            "magnr": 18.66699981689453,
            "sigmagnr": 0.09300000220537186,
            "magzpsci": 26.30120086669922,
            "isdiffpos": "t",
            "ssdistnr": -999.0,
            "ssnamenr": "null",
            "drb": 0.9932940006256104
        },
        {
            "candid": 1216312662415015000,
            "jd": 2458970.812662,
            "ra": 225.4777889,
            "dec": 25.9663893,
            "fid": 1,
            "nid": 1216,
            "magpsf": 20.20009994506836,
            "sigmapsf": 0.18001699447631836,
            "magnr": 18.66699981689453,
            "sigmagnr": 0.09300000220537186,
            "magzpsci": 26.337099075317383,
            "isdiffpos": "t",
            "ssdistnr": -999.0,
            "ssnamenr": "null",
            "drb": 0.9988030195236206
        },
        {
            "candid": 1216397042415015003,
            "jd": 2458970.8970486,
            "ra": 225.4777531,
            "dec": 25.9663725,
            "fid": 2,
            "nid": 1216,
            "magpsf": 18.903200149536133,
            "sigmapsf": 0.045643001794815063,
            "magnr": 18.26300048828125,
            "sigmagnr": 0.11900000274181366,
            "magzpsci": 26.332199096679688,
            "isdiffpos": "t",
            "ssdistnr": -999.0,
            "ssnamenr": "null",
            "drb": 1.0
        },
        {
            "candid": 1217360752415015002,
            "jd": 2458971.8607523,
            "ra": 225.4777652,
            "dec": 25.966383,
            "fid": 2,
            "nid": 1217,
            "magpsf": 18.96269989013672,
            "sigmapsf": 0.0953110009431839,
            "magnr": 18.26300048828125,
            "sigmagnr": 0.11900000274181366,
            "magzpsci": 26.31170082092285,
            "isdiffpos": "t",
            "ssdistnr": -999.0,
            "ssnamenr": "null",
            "drb": 0.9999949932098389
        },
        {
            "candid": 1218287912415015001,
            "jd": 2458972.7879167,
            "ra": 225.4778525,
            "dec": 25.9664371,
            "fid": 1,
            "nid": 1218,
            "magpsf": 20.25189971923828,
            "sigmapsf": 0.26455700397491455,
            "magnr": 18.66699981689453,
            "sigmagnr": 0.09300000220537186,
            "magzpsci": 26.315900802612305,
            "isdiffpos": "t",
            "ssdistnr": -999.0,
            "ssnamenr": "-999.0",
            "drb": null
        },
        {
            "candid": 1219268842415015001,
            "jd": 2458973.7688426,
            "ra": 225.4778162,
            "dec": 25.9663914,
            "fid": 1,
            "nid": 1219,
            "magpsf": 20.12220001220703,
            "sigmapsf": 0.2663100063800812,
            "magnr": 18.66699981689453,
            "sigmagnr": 0.09300000220537186,
            "magzpsci": 26.315200805664062,
            "isdiffpos": "t",
            "ssdistnr": -999.0,
            "ssnamenr": "-999.0",
            "drb": null
        },
        {
            "candid": 1219333712415015000,
            "jd": 2458973.8337153,
            "ra": 225.4777704,
            "dec": 25.9663945,
            "fid": 2,
            "nid": 1219,
            "magpsf": 18.94580078125,
            "sigmapsf": 0.09416799992322922,
            "magnr": 18.26300048828125,
            "sigmagnr": 0.11900000274181366,
            "magzpsci": 26.32080078125,
            "isdiffpos": "t",
            "ssdistnr": -999.0,
            "ssnamenr": "null",
            "drb": 0.9997900128364563
        },
        {
            "candid": 1220282532415015002,
            "jd": 2458974.7825347,
            "ra": 225.4777653,
            "dec": 25.9663838,
            "fid": 2,
            "nid": 1220,
            "magpsf": 18.980600357055664,
            "sigmapsf": 0.11684300005435944,
            "magnr": 18.26300048828125,
            "sigmagnr": 0.11900000274181366,
            "magzpsci": 26.302600860595703,
            "isdiffpos": "t",
            "ssdistnr": -999.0,
            "ssnamenr": "null",
            "drb": 0.9994840025901794
        },
        {
            "candid": 1220317002415015000,
            "jd": 2458974.8170023,
            "ra": 225.4777273,
            "dec": 25.9663967,
            "fid": 2,
            "nid": 1220,
            "magpsf": 18.96579933166504,
            "sigmapsf": 0.12885600328445435,
            "magnr": 18.26300048828125,
            "sigmagnr": 0.11900000274181366,
            "magzpsci": 26.317800521850586,
            "isdiffpos": "t",
            "ssdistnr": -999.0,
            "ssnamenr": "null",
            "drb": 0.9999809861183167
        },
        {
            "candid": 1225314272415015001,
            "jd": 2458979.8142708,
            "ra": 225.4777466,
            "dec": 25.9664132,
            "fid": 2,
            "nid": 1225,
            "magpsf": 19.08340072631836,
            "sigmapsf": 0.11292099952697754,
            "magnr": 18.26300048828125,
            "sigmagnr": 0.11900000274181366,
            "magzpsci": 26.25040054321289,
            "isdiffpos": "t",
            "ssdistnr": -999.0,
            "ssnamenr": "null",
            "drb": 0.9999939799308777
        },
        {
            "candid": 1226269572415015001,
            "jd": 2458980.7695718,
            "ra": 225.4777519,
            "dec": 25.9663938,
            "fid": 2,
            "nid": 1226,
            "magpsf": 19.08099937438965,
            "sigmapsf": 0.0610169991850853,
            "magnr": 18.26300048828125,
            "sigmagnr": 0.11900000274181366,
            "magzpsci": 26.302000045776367,
            "isdiffpos": "t",
            "ssdistnr": -999.0,
            "ssnamenr": "null",
            "drb": 0.9988070130348206
        },
        {
            "candid": 1238291942415015002,
            "jd": 2458992.7919444,
            "ra": 225.4777737,
            "dec": 25.9663864,
            "fid": 2,
            "nid": 1238,
            "magpsf": 19.371700286865234,
            "sigmapsf": 0.10028500109910965,
            "magnr": 18.26300048828125,
            "sigmagnr": 0.11900000274181366,
            "magzpsci": 26.299699783325195,
            "isdiffpos": "t",
            "ssdistnr": -999.0,
            "ssnamenr": "null",
            "drb": 0.9993709921836853
        },
        {
            "candid": 1244264472415015002,
            "jd": 2458998.7644792,
            "ra": 225.4777342,
            "dec": 25.9664089,
            "fid": 2,
            "nid": 1244,
            "magpsf": 19.62420082092285,
            "sigmapsf": 0.134770005941391,
            "magnr": 18.26300048828125,
            "sigmagnr": 0.11900000274181366,
            "magzpsci": 26.32819938659668,
            "isdiffpos": "t",
            "ssdistnr": -999.0,
            "ssnamenr": "null",
            "drb": 0.9906920194625854
        },
        {
            "jd": 2458851.00817,
            "fid": 2,
            "diffmaglim": 19.86400032043457
        },
        {
            "jd": 2458851.05881,
            "fid": 1,
            "diffmaglim": 20.316999435424805
        },
        {
            "jd": 2458854.03829,
            "fid": 1,
            "diffmaglim": 20.51799964904785
        },
        {
            "jd": 2458857.04726,
            "fid": 1,
            "diffmaglim": 20.476999282836914
        },
        {
            "jd": 2458857.0662,
            "fid": 2,
            "diffmaglim": 20.437999725341797
        },
        {
            "jd": 2458862.00492,
            "fid": 1,
            "diffmaglim": 19.239999771118164
        },
        {
            "jd": 2458864.96308,
            "fid": 1,
            "diffmaglim": 19.459999084472656
        },
        {
            "jd": 2458865.01986,
            "fid": 2,
            "diffmaglim": 20.283000946044922
        },
        {
            "jd": 2458898.94324,
            "fid": 1,
            "diffmaglim": 20.893999099731445
        },
        {
            "jd": 2458907.02065,
            "fid": 2,
            "diffmaglim": 19.711000442504883
        },
        {
            "jd": 2458936.96561,
            "fid": 1,
            "diffmaglim": 20.840999603271484
        },
        {
            "jd": 2458939.95594,
            "fid": 1,
            "diffmaglim": 19.23900032043457
        },
        {
            "jd": 2458940.94198,
            "fid": 2,
            "diffmaglim": 15.949999809265137
        },
        {
            "jd": 2458956.82015,
            "fid": 2,
            "diffmaglim": 20.680999755859375
        },
        {
            "jd": 2458956.8778,
            "fid": 1,
            "diffmaglim": 20.91900062561035
        },
        {
            "jd": 2458969.88278,
            "fid": 1,
            "diffmaglim": 19.336000442504883
        },
        {
            "jd": 2458974.95084,
            "fid": 1,
            "diffmaglim": 19.483999252319336
        },
        {
            "jd": 2458975.88159,
            "fid": 2,
            "diffmaglim": 19.482999801635742
        },
        {
            "jd": 2458976.70259,
            "fid": 1,
            "diffmaglim": 19.104000091552734
        },
        {
            "jd": 2458976.81477,
            "fid": 2,
            "diffmaglim": 19.246000289916992
        },
        {
            "jd": 2458977.8563,
            "fid": 1,
            "diffmaglim": 18.59000015258789
        },
        {
            "jd": 2458978.77171,
            "fid": 2,
            "diffmaglim": 19.97800064086914
        },
        {
            "jd": 2458978.88248,
            "fid": 1,
            "diffmaglim": 19.29400062561035
        },
        {
            "jd": 2458979.7459,
            "fid": 1,
            "diffmaglim": 20.18000030517578
        },
        {
            "jd": 2458980.72554,
            "fid": 1,
            "diffmaglim": 20.95400047302246
        },
        {
            "jd": 2458981.75177,
            "fid": 2,
            "diffmaglim": 20.660999298095703
        },
        {
            "jd": 2458981.79448,
            "fid": 1,
            "diffmaglim": 20.58799934387207
        },
        {
            "jd": 2458985.77428,
            "fid": 2,
            "diffmaglim": 20.726999282836914
        },
        {
            "jd": 2458991.77003,
            "fid": 2,
            "diffmaglim": 20.729999542236328
        }
    ],
    "forcedphot": []
}