{
    "objectId": "ZTF22aaokebo",
    "candidates": [
        {
            "candid": 1989309955615015004,
            "jd": 2459743.8099537,
            "ra": 277.3295699,
            "dec": 29.4789837,
            "fid": 2,
            "nid": 1989,
            "magpsf": 19.907400131225586,
            "sigmapsf": 0.22597800195217133,
            "magnr": 19.923999786376953,
            "sigmagnr": 0.0989999994635582,
            "magzpsci": 26.287399291992188,
            "isdiffpos": "t",
            "ssdistnr": null,
            "ssnamenr": null,
            "drb": null
        },
        {
            "candid": 1994276795615015010,
            "jd": 2459748.776794,
            "ra": 277.3296754,
            "dec": 29.4790095,
            "fid": 1,
            "nid": 1994,
            "magpsf": 19.66469955444336,
            "sigmapsf": 0.16207000613212585,
            "magnr": 20.878000259399414,
            "sigmagnr": 0.12300000339746475,
            "magzpsci": 26.34869956970215,
            "isdiffpos": "t",
            "ssdistnr": null,
            "ssnamenr": null,
            "drb": null
        },
        {
            "candid": 1994338465615015010,
            "jd": 2459748.8384606,
            "ra": 277.3296971,
            "dec": 29.4789259,
            "fid": 2,
            "nid": 1994,
            "magpsf": 19.560199737548828,
            "sigmapsf": 0.1714410036802292,
            "magnr": 19.923999786376953,
            "sigmagnr": 0.0989999994635582,
            "magzpsci": 26.283199310302734,
            "isdiffpos": "t",
            "ssdistnr": null,
            "ssnamenr": null,
            "drb": null
        },
        {
            "candid": 1996276225615015009,
            "jd": 2459750.7762269,
            "ra": 277.329639,
            "dec": 29.4789858,
            "fid": 1,
            "nid": 1996,
            "magpsf": 19.426799774169922,
            "sigmapsf": 0.10658799856901169,
            "magnr": 20.878000259399414,
            "sigmagnr": 0.12300000339746475,
            "magzpsci": 26.322799682617188,
            "isdiffpos": "t",
            "ssdistnr": null,
            "ssnamenr": null,
            "drb": null
        },
        {
            "candid": 1999299175615015013,
            "jd": 2459753.7991782,
            "ra": 277.329696,
            "dec": 29.4789965,
            "fid": 1,
            "nid": 1999,
            "magpsf": 19.159500122070312,
            "sigmapsf": 0.087957002222538,
            "magnr": 20.878000259399414,
            "sigmagnr": 0.12300000339746475,
            "magzpsci": 26.305500030517578,
            "isdiffpos": "t",
            "ssdistnr": null,
            "ssnamenr": null,
            "drb": null
        },
        {
            "candid": 1999340945615015015,
            "jd": 2459753.8409491,
            "ra": 277.3296454,
            "dec": 29.478976,
            "fid": 2,
            "nid": 1999,
            "magpsf": 19.3302001953125,
            "sigmapsf": 0.09570399671792984,
            "magnr": 19.923999786376953,
            "sigmagnr": 0.0989999994635582,
            "magzpsci": 26.23819923400879,
            "isdiffpos": "t",
            "ssdistnr": null,
            "ssnamenr": null,
            "drb": null
        },
        {
            "candid": 2002309295615015011,
            "jd": 2459756.809294,
            "ra": 277.3296958,
            "dec": 29.4790111,
            "fid": 1,
            "nid": 2002,
            "magpsf": 19.08769989013672,
            "sigmapsf": 0.10267499834299088,
            "magnr": 20.878000259399414,
            "sigmagnr": 0.12300000339746475,
            "magzpsci": 26.36669921875,
            "isdiffpos": "t",
            "ssdistnr": null,
            "ssnamenr": null,
            "drb": null
        },
        {
            "candid": 2002357085615015010,
            "jd": 2459756.8570833,
            "ra": 277.3296679,
            "dec": 29.4789873,
            "fid": 2,
            "nid": 2002,
            "magpsf": 19.11079978942871,
            "sigmapsf": 0.08839400112628937,
            "magnr": 19.923999786376953,
            "sigmagnr": 0.0989999994635582,
            "magzpsci": 26.288799285888672,
            "isdiffpos": "t",
            "ssdistnr": null,
            "ssnamenr": null,
            "drb": null
        },
        {
            "candid": 2008354815615015011,
            "jd": 2459762.8548148,
            "ra": 277.329693,
            "dec": 29.4789861,
            "fid": 1,
            "nid": 2008,
            "magpsf": 18.924299240112305,
            "sigmapsf": 0.07948999851942062,
            "magnr": 20.878000259399414,
            "sigmagnr": 0.12300000339746475,
            "magzpsci": 26.363300323486328,
            "isdiffpos": "t",
            "ssdistnr": null,
            "ssnamenr": null,
            "drb": null
        },
        {
            "candid": 2008381595615015012,
            "jd": 2459762.8815972,
            "ra": 277.3296707,
            "dec": 29.4789682,
            "fid": 2,
            "nid": 2008,
            "magpsf": 18.992900848388672,
            "sigmapsf": 0.0943320021033287,
            "magnr": 19.923999786376953,
            "sigmagnr": 0.0989999994635582,
            "magzpsci": 26.285900115966797,
            "isdiffpos": "t",
            "ssdistnr": null,
            "ssnamenr": null,
            "drb": null
        },
        {
            "candid": 2010340105615015016,
            "jd": 2459764.8401042,
            "ra": 277.3296903,
            "dec": 29.4789868,
            "fid": 1,
            "nid": 2010,
            "magpsf": 18.8794002532959,
            "sigmapsf": 0.06625500321388245,
            "magnr": 20.878000259399414,
            "sigmagnr": 0.12300000339746475,
            "magzpsci": 26.372400283813477,
            "isdiffpos": "t",
            "ssdistnr": null,
            "ssnamenr": null,
            "drb": null
        },
        {
            "candid": 2010359095615015019,
            "jd": 2459764.8590972,
            "ra": 277.3296591,
            "dec": 29.478974,
            "fid": 2,
            "nid": 2010,
            "magpsf": 18.906600952148438,
            "sigmapsf": 0.07918500155210495,
            "magnr": 19.923999786376953,
            "sigmagnr": 0.0989999994635582,
            "magzpsci": 26.285600662231445,
            "isdiffpos": "t",
            "ssdistnr": null,
            "ssnamenr": null,
            "drb": null
        },
        {
            "candid": 2012330215615015014,
            "jd": 2459766.8302199,
            "ra": 277.3296883,
            "dec": 29.4789798,
            "fid": 1,
            "nid": 2012,
            "magpsf": 18.94930076599121,
            "sigmapsf": 0.07236099988222122,
            "magnr": 20.878000259399414,
            "sigmagnr": 0.12300000339746475,
            "magzpsci": 26.37030029296875,
            "isdiffpos": "t",
            "ssdistnr": null,
            "ssnamenr": null,
            "drb": null
        },
        {
            "candid": 2012342195615015010,
            "jd": 2459766.8421991,
            "ra": 277.3296733,
            "dec": 29.4789704,
            "fid": 2,
            "nid": 2012,
            "magpsf": 18.91550064086914,
            "sigmapsf": 0.0780550017952919,
            "magnr": 19.923999786376953,
            "sigmagnr": 0.0989999994635582,
            "magzpsci": 26.28849983215332,
            "isdiffpos": "t",
            "ssdistnr": null,
            "ssnamenr": null,
            "drb": null
        },
        {
            "candid": 2015297215615015009,
            "jd": 2459769.7972106,
            "ra": 277.3297453,
            "dec": 29.4789965,
            "fid": 1,
            "nid": 2015,
            "magpsf": 18.82990074157715,
            "sigmapsf": 0.10590700060129166,
            "magnr": 20.878000259399414,
            "sigmagnr": 0.12300000339746475,
            "magzpsci": 26.38290023803711,
            "isdiffpos": "t",
            "ssdistnr": null,
            "ssnamenr": null,
            "drb": null
        },
        {
            "candid": 2017296535615015007,
            "jd": 2459771.7965394,
            "ra": 277.3296962,
            "dec": 29.4789866,
            "fid": 1,
            "nid": 2017,
            "magpsf": 19.026199340820312,
            "sigmapsf": 0.11426299810409546,
            "magnr": 20.878000259399414,
            "sigmagnr": 0.12300000339746475,
            "magzpsci": 26.358200073242188,
            "isdiffpos": "t",
            "ssdistnr": null,
            "ssnamenr": null,
            "drb": null
        },
        {
            "candid": 2017372975615015003,
            "jd": 2459771.8729745,
            "ra": 277.3297289,
            "dec": 29.4789882,
            "fid": 1,
            "nid": 2017,
            "magpsf": 18.985700607299805,
            "sigmapsf": 0.09822700172662735,
            "magnr": 20.878000259399414,
            "sigmagnr": 0.12300000339746475,
            "magzpsci": 26.359699249267578,
            "isdiffpos": "t",
            "ssdistnr": null,
            "ssnamenr": null,
            "drb": null
        },
        {
            "candid": 2019265465615015006,
            "jd": 2459773.765463,
            "ra": 277.3296906,
            "dec": 29.4789539,
            "fid": 2,
            "nid": 2019,
            "magpsf": 18.809499740600586,
            "sigmapsf": 0.13948699831962585,
            "magnr": 19.923999786376953,
            "sigmagnr": 0.0989999994635582,
            "magzpsci": 26.245500564575195,
            "isdiffpos": "t",
            "ssdistnr": null,
            "ssnamenr": null,
            "drb": null
        },
        {
            "candid": 2019348785615015002,
            "jd": 2459773.8487847,
            "ra": 277.3296692,
            "dec": 29.4789709,
            "fid": 2,
            "nid": 2019,
            "magpsf": 18.738000869750977,
            "sigmapsf": 0.12030299752950668,
            "magnr": 19.923999786376953,
            "sigmagnr": 0.0989999994635582,
            "magzpsci": 26.231000900268555,
            "isdiffpos": "t",
            "ssdistnr": null,
            "ssnamenr": null,
            "drb": null
        },
        {
            "candid": 2021296485615015006,
            "jd": 2459775.7964815,
            "ra": 277.3297015,
            "dec": 29.4790193,
            "fid": 2,
            "nid": 2021,
            "magpsf": 18.85689926147461,
            "sigmapsf": 0.10634200274944305,
            "magnr": 19.923999786376953,
            "sigmagnr": 0.0989999994635582,
            "magzpsci": 26.20989990234375,
            "isdiffpos": "t",
            "ssdistnr": null,
            "ssnamenr": null,
            "drb": null
        },
        {
            "candid": 2021339055615015011,
            "jd": 2459775.8390509,
            "ra": 277.3296835,
            "dec": 29.4790146,
            "fid": 2,
            "nid": 2021,
            "magpsf": 18.885799407958984,
            "sigmapsf": 0.10548699647188187,
            "magnr": 19.923999786376953,
            "sigmagnr": 0.0989999994635582,
            "magzpsci": 26.22879981994629,
            "isdiffpos": "t",
            "ssdistnr": null,
            "ssnamenr": null,
            "drb": null
        },
        {
            "candid": 2024226275615015012,
            "jd": 2459778.7262731,
            "ra": 277.3296984,
            "dec": 29.4789816,
            "fid": 2,
            "nid": 2024,
            "magpsf": 18.89579963684082,
            "sigmapsf": 0.08779499679803848,
            "magnr": 19.923999786376953,
            "sigmagnr": 0.0989999994635582,
            "magzpsci": 26.162799835205078,
            "isdiffpos": "t",
            "ssdistnr": null,
            "ssnamenr": null,
            "drb": null
        },
        {
            "candid": 2028310035615015010,
            "jd": 2459782.8100347,
            "ra": 277.3296893,
            "dec": 29.478987,
            "fid": 1,
            "nid": 2028,
            "magpsf": 19.085399627685547,
            "sigmapsf": 0.08070699870586395,
            "magnr": 20.878000259399414,
            "sigmagnr": 0.12300000339746475,
            "magzpsci": 26.313400268554688,
            "isdiffpos": "t",
            "ssdistnr": null,
            "ssnamenr": null,
            "drb": null
        },
        {
            "candid": 2028372995615015010,
            "jd": 2459782.8729977,
            "ra": 277.3297192,
            "dec": 29.478991,
            "fid": 2,
            "nid": 2028,
            "magpsf": 18.943500518798828,
            "sigmapsf": 0.12724700570106506,
            "magnr": 19.923999786376953,
            "sigmagnr": 0.0989999994635582,
            "magzpsci": 26.196500778198242,
            "isdiffpos": "t",
            "ssdistnr": null,
            "ssnamenr": null,
            "drb": null
        },
        {
            "candid": 2030305305615015016,
            "jd": 2459784.8053009,
            "ra": 277.3297075,
            "dec": 29.4789848,
            "fid": 2,
            "nid": 2030,
            "magpsf": 18.946300506591797,
            "sigmapsf": 0.08787299692630768,
            "magnr": 19.923999786376953,
            "sigmagnr": 0.0989999994635582,
            "magzpsci": 26.222299575805664,
            "isdiffpos": "t",
            "ssdistnr": null,
            "ssnamenr": null,
            "drb": null
        },
        {
            "candid": 2030339385615015019,
            "jd": 2459784.8393866,
            "ra": 277.329689,
            "dec": 29.4789862,
            "fid": 1,
            "nid": 2030,
            "magpsf": 19.151399612426758,
            "sigmapsf": 0.08023600280284882,
            "magnr": 20.878000259399414,
            "sigmagnr": 0.12300000339746475,
            "magzpsci": 26.275400161743164,
            "isdiffpos": "t",
            "ssdistnr": null,
            "ssnamenr": null,
            "drb": null
        },
        {
            "candid": 2032276645615015019,
            "jd": 2459786.7766435,
            "ra": 277.3296753,
            "dec": 29.4790035,
            "fid": 2,
            "nid": 2032,
            "magpsf": 19.04170036315918,
            "sigmapsf": 0.09100399911403656,
            "magnr": 19.923999786376953,
            "sigmagnr": 0.0989999994635582,
            "magzpsci": 26.215700149536133,
            "isdiffpos": "t",
            "ssdistnr": null,
            "ssnamenr": null,
            "drb": null
        },
        {
            "candid": 2032298345615015021,
            "jd": 2459786.7983449,
            "ra": 277.3296929,
            "dec": 29.4789865,
            "fid": 1,
            "nid": 2032,
            "magpsf": 19.16189956665039,
            "sigmapsf": 0.09489999711513519,
            "magnr": 20.878000259399414,
            "sigmagnr": 0.12300000339746475,
            "magzpsci": 26.28190040588379,
            "isdiffpos": "t",
            "ssdistnr": null,
            "ssnamenr": null,
            "drb": null
        },
        {
            "candid": 2034275005615015011,
            "jd": 2459788.775,
            "ra": 277.3296795,
            "dec": 29.4789766,
            "fid": 2,
            "nid": 2034,
            "magpsf": 19.025800704956055,
            "sigmapsf": 0.07390200346708298,
            "magnr": 19.923999786376953,
            "sigmagnr": 0.0989999994635582,
            "magzpsci": 26.225799560546875,
            "isdiffpos": "t",
            "ssdistnr": null,
            "ssnamenr": null,
            "drb": null
        },
        {
            "candid": 2036257085615015008,
            "jd": 2459790.7570833,
            "ra": 277.3296892,
            "dec": 29.47901,
            "fid": 2,
            "nid": 2036,
            "magpsf": 18.965499877929688,
            "sigmapsf": 0.15526099503040314,
            "magnr": 19.923999786376953,
            "sigmagnr": 0.0989999994635582,
            "magzpsci": 25.918500900268555,
            "isdiffpos": "t",
            "ssdistnr": null,
            "ssnamenr": null,
            "drb": null
        },
        {
            "candid": 2036309455615015015,
            "jd": 2459790.809456,
            "ra": 277.3296747,
            "dec": 29.4790025,
            "fid": 1,
            "nid": 2036,
            "magpsf": 19.282699584960938,
            "sigmapsf": 0.09166400134563446,
            "magnr": 20.878000259399414,
            "sigmagnr": 0.12300000339746475,
            "magzpsci": 26.218700408935547,
            "isdiffpos": "t",
            "ssdistnr": null,
            "ssnamenr": null,
            "drb": null
        },
        {
            "candid": 2039221535615015014,
            "jd": 2459793.7215394,
            "ra": 277.3296916,
            "dec": 29.4789896,
            "fid": 2,
            "nid": 2039,
            "magpsf": 19.07379913330078,
            "sigmapsf": 0.14302900433540344,
            "magnr": 19.923999786376953,
            "sigmagnr": 0.0989999994635582,
            "magzpsci": 26.23579978942871,
            "isdiffpos": "t",
            "ssdistnr": null,
            "ssnamenr": null,
            "drb": null
        },
        {
            "candid": 2039271925615015009,
            "jd": 2459793.7719213,
            "ra": 277.3297041,
            "dec": 29.4789912,
            "fid": 1,
            "nid": 2039,
            "magpsf": 19.509199142456055,
            "sigmapsf": 0.12428899854421616,
            "magnr": 20.878000259399414,
            "sigmagnr": 0.12300000339746475,
            "magzpsci": 26.31719970703125,
            "isdiffpos": "t",
            "ssdistnr": null,
            "ssnamenr": null,
            "drb": null
        },
        {
            "candid": 2043307955615015015,
            "jd": 2459797.8079514,
            "ra": 277.3297324,
            "dec": 29.4789722,
            "fid": 1,
            "nid": 2043,
            "magpsf": 19.608999252319336,
            "sigmapsf": 0.10183700174093246,
            "magnr": 20.878000259399414,
            "sigmagnr": 0.12300000339746475,
            "magzpsci": 26.3700008392334,
            "isdiffpos": "t",
            "ssdistnr": null,
            "ssnamenr": null,
            "drb": null
        },
        {
            "candid": 2043351055615015018,
            "jd": 2459797.8510532,
            "ra": 277.32971,
            "dec": 29.4790076,
            "fid": 2,
            "nid": 2043,
            "magpsf": 19.22100067138672,
            "sigmapsf": 0.12768299877643585,
            "magnr": 19.923999786376953,
            "sigmagnr": 0.0989999994635582,
            "magzpsci": 26.267000198364258,
            "isdiffpos": "t",
            "ssdistnr": null,
            "ssnamenr": null,
            "drb": null
        },
        {
            "candid": 2045214545615015008,
            "jd": 2459799.7145486,
            "ra": 277.3296827,
            "dec": 29.4790237,
            "fid": 2,
            "nid": 2045,
            "magpsf": 19.13290023803711,
            "sigmapsf": 0.12831099331378937,
            "magnr": 19.923999786376953,
            "sigmagnr": 0.0989999994635582,
            "magzpsci": 26.21489906311035,
            "isdiffpos": "t",
            "ssdistnr": null,
            "ssnamenr": null,
            "drb": null
        },
        {
            "candid": 2053247155615015008,
            "jd": 2459807.7471528,
            "ra": 277.3297221,
            "dec": 29.4789701,
            "fid": 1,
            "nid": 2053,
            "magpsf": 19.870500564575195,
            "sigmapsf": 0.1468620002269745,
            "magnr": 20.878000259399414,
            "sigmagnr": 0.12300000339746475,
            "magzpsci": 26.322500228881836,
            "isdiffpos": "t",
            "ssdistnr": null,
            "ssnamenr": null,
            "drb": null
        },
        {
            "candid": 2053290705615015010,
            "jd": 2459807.790706,
            "ra": 277.3296937,
            "dec": 29.4789749,
            "fid": 2,
            "nid": 2053,
            "magpsf": 19.358200073242188,
            "sigmapsf": 0.10481999814510345,
            "magnr": 19.923999786376953,
            "sigmagnr": 0.0989999994635582,
            "magzpsci": 26.24220085144043,
            "isdiffpos": "t",
            "ssdistnr": null,
            "ssnamenr": null,
            "drb": null
        },
        {
            "candid": 2055249975615015026,
            "jd": 2459809.7499769,
            "ra": 277.3297374,
            "dec": 29.4789994,
            "fid": 1,
            "nid": 2055,
            "magpsf": 19.939199447631836,
            "sigmapsf": 0.14987300336360931,
            "magnr": 20.878000259399414,
            "sigmagnr": 0.12300000339746475,
            "magzpsci": 26.279199600219727,
            "isdiffpos": "t",
            "ssdistnr": null,
            "ssnamenr": null,
            "drb": null
        },
        {
            "candid": 2055255895615015011,
            "jd": 2459809.7558912,
            "ra": 277.3296829,
            "dec": 29.4789852,
            "fid": 2,
            "nid": 2055,
            "magpsf": 19.42770004272461,
            "sigmapsf": 0.11087500303983688,
            "magnr": 19.923999786376953,
            "sigmagnr": 0.0989999994635582,
            "magzpsci": 26.22570037841797,
            "isdiffpos": "t",
            "ssdistnr": null,
            "ssnamenr": null,
            "drb": null
        },
        {
            "candid": 2058196405615015014,
            "jd": 2459812.6964005,
            "ra": 277.3296855,
            "dec": 29.4789758,
            "fid": 2,
            "nid": 2058,
            "magpsf": 19.488800048828125,
            "sigmapsf": 0.12751400470733643,
            "magnr": 19.923999786376953,
            "sigmagnr": 0.0989999994635582,
            "magzpsci": 26.186800003051758,
            "isdiffpos": "t",
            "ssdistnr": null,
            "ssnamenr": null,
            "drb": null
        },
        {
            "candid": 2058247445615015012,
            "jd": 2459812.7474421,
            "ra": 277.3296639,
            "dec": 29.4790144,
            "fid": 1,
            "nid": 2058,
            "magpsf": 20.078699111938477,
            "sigmapsf": 0.17878100275993347,
            "magnr": 20.878000259399414,
            "sigmagnr": 0.12300000339746475,
            "magzpsci": 26.266700744628906,
            "isdiffpos": "t",
            "ssdistnr": null,
            "ssnamenr": null,
            "drb": null
        },
        {
            "candid": 2060246555615015017,
            "jd": 2459814.7465509,
            "ra": 277.329669,
            "dec": 29.4790062,
            "fid": 2,
            "nid": 2060,
            "magpsf": 19.643699645996094,
            "sigmapsf": 0.13211899995803833,
            "magnr": 19.923999786376953,
            "sigmagnr": 0.0989999994635582,
            "magzpsci": 26.24370002746582,
            "isdiffpos": "t",
            "ssdistnr": null,
            "ssnamenr": null,
            "drb": null
        },
        {
            "candid": 2060290905615015014,
            "jd": 2459814.7909028,
            "ra": 277.3296982,
            "dec": 29.4789922,
            "fid": 1,
            "nid": 2060,
            "magpsf": 20.126800537109375,
            "sigmapsf": 0.1608390063047409,
            "magnr": 20.878000259399414,
            "sigmagnr": 0.12300000339746475,
            "magzpsci": 26.2637996673584,
            "isdiffpos": "t",
            "ssdistnr": null,
            "ssnamenr": null,
            "drb": null
        },
        {
            "candid": 2062173815615015011,
            "jd": 2459816.6738194,
            "ra": 277.3296846,
            "dec": 29.4789963,
            "fid": 2,
            "nid": 2062,
            "magpsf": 19.636999130249023,
            "sigmapsf": 0.13415400683879852,
            "magnr": 19.923999786376953,
            "sigmagnr": 0.0989999994635582,
            "magzpsci": 26.229999542236328,
            "isdiffpos": "t",
            "ssdistnr": null,
            "ssnamenr": null,
            "drb": null
        },
        {
            "candid": 2062216075615015015,
            "jd": 2459816.7160764,
            "ra": 277.3296978,
            "dec": 29.4790125,
            "fid": 1,
            "nid": 2062,
            "magpsf": 20.273300170898438,
            "sigmapsf": 0.21650199592113495,
            "magnr": 20.878000259399414,
            "sigmagnr": 0.12300000339746475,
            "magzpsci": 26.297300338745117,
            "isdiffpos": "t",
            "ssdistnr": null,
            "ssnamenr": null,
            "drb": null
        },
        {
            "candid": 2064226785615015013,
            "jd": 2459818.7267824,
            "ra": 277.3297061,
            "dec": 29.4790283,
            "fid": 2,
            "nid": 2064,
            "magpsf": 19.666000366210938,
            "sigmapsf": 0.13589100539684296,
            "magnr": 19.923999786376953,
            "sigmagnr": 0.0989999994635582,
            "magzpsci": 26.249000549316406,
            "isdiffpos": "t",
            "ssdistnr": null,
            "ssnamenr": null,
            "drb": null
        },
        {
            "candid": 2064316735615015010,
            "jd": 2459818.8167361,
            "ra": 277.3297532,
            "dec": 29.4790337,
            "fid": 1,
            "nid": 2064,
            "magpsf": 20.297399520874023,
            "sigmapsf": 0.22267800569534302,
            "magnr": 20.878000259399414,
            "sigmagnr": 0.12300000339746475,
            "magzpsci": 26.234399795532227,
            "isdiffpos": "t",
            "ssdistnr": null,
            "ssnamenr": null,
            "drb": null
        },
        {
            "candid": 2066228715615015006,
            "jd": 2459820.7287153,
            "ra": 277.3296798,
            "dec": 29.4789854,
            "fid": 1,
            "nid": 2066,
            "magpsf": 20.48150062561035,
            "sigmapsf": 0.2560659945011139,
            "magnr": 20.878000259399414,
            "sigmagnr": 0.12300000339746475,
            "magzpsci": 26.30150032043457,
            "isdiffpos": "t",
            "ssdistnr": null,
            "ssnamenr": null,
            "drb": null
        },
        {
            "candid": 2069261055615015006,
            "jd": 2459823.7610532,
            "ra": 277.3297113,
            "dec": 29.4789447,
            "fid": 2,
            "nid": 2069,
            "magpsf": 19.690200805664062,
            "sigmapsf": 0.13848599791526794,
            "magnr": 19.923999786376953,
            "sigmagnr": 0.0989999994635582,
            "magzpsci": 26.23819923400879,
            "isdiffpos": "t",
            "ssdistnr": null,
            "ssnamenr": null,
            "drb": null
        },
        {
            "candid": 2069302755615015006,
            "jd": 2459823.8027546,
            "ra": 277.3297039,
            "dec": 29.4790392,
            "fid": 1,
            "nid": 2069,
            "magpsf": 20.596500396728516,
            "sigmapsf": 0.2885200083255768,
            "magnr": 20.878000259399414,
            "sigmagnr": 0.12300000339746475,
            "magzpsci": 26.245500564575195,
            "isdiffpos": "t",
            "ssdistnr": null,
            "ssnamenr": null,
            "drb": null
        },
        {
            "candid": 2071183985615015009,
            "jd": 2459825.6839815,
            "ra": 277.329683,
            "dec": 29.4789655,
            "fid": 2,
            "nid": 2071,
            "magpsf": 19.871469497680664,
            "sigmapsf": 0.15538518130779266,
            "magnr": 19.923999786376953,
            "sigmagnr": 0.0989999994635582,
            "magzpsci": 26.22146987915039,
            "isdiffpos": "t",
            "ssdistnr": -999.0,
            "ssnamenr": "null",
            "drb": null
        },
        {
            "jd": 2459721.8300926,
            "fid": 2,
            "diffmaglim": 20.627500534057617
        },
        {
            "jd": 2459721.8930787,
            "fid": 2,
            "diffmaglim": 20.451099395751953
        },
        {
            "jd": 2459723.8495949,
            "fid": 2,
            "diffmaglim": 20.739099502563477
        },
        {
            "jd": 2459723.8922338,
            "fid": 1,
            "diffmaglim": 20.780099868774414
        },
        {
            "jd": 2459725.871956,
            "fid": 1,
            "diffmaglim": 20.90169906616211
        },
        {
            "jd": 2459725.9107639,
            "fid": 2,
            "diffmaglim": 20.889699935913086
        },
        {
            "jd": 2459727.892419,
            "fid": 2,
            "diffmaglim": 20.324800491333008
        },
        {
            "jd": 2459731.8496875,
            "fid": 1,
            "diffmaglim": 20.70400047302246
        },
        {
            "jd": 2459731.8734028,
            "fid": 2,
            "diffmaglim": 20.781400680541992
        },
        {
            "jd": 2459733.8304167,
            "fid": 1,
            "diffmaglim": 20.908100128173828
        },
        {
            "jd": 2459733.8411343,
            "fid": 2,
            "diffmaglim": 20.59269905090332
        },
        {
            "jd": 2459735.9326389,
            "fid": 1,
            "diffmaglim": 20.85759925842285
        },
        {
            "jd": 2459737.7833565,
            "fid": 2,
            "diffmaglim": 20.55900001525879
        },
        {
            "jd": 2459737.8310532,
            "fid": 1,
            "diffmaglim": 20.825300216674805
        },
        {
            "jd": 2459739.7999884,
            "fid": 2,
            "diffmaglim": 20.43199920654297
        },
        {
            "jd": 2459739.879375,
            "fid": 1,
            "diffmaglim": 20.85219955444336
        },
        {
            "jd": 2459741.8394213,
            "fid": 2,
            "diffmaglim": 20.13290023803711
        },
        {
            "jd": 2459741.9376157,
            "fid": 1,
            "diffmaglim": 20.77239990234375
        },
        {
            "jd": 2459743.900463,
            "fid": 1,
            "diffmaglim": 19.43670082092285
        },
        {
            "jd": 2459758.8619444,
            "fid": 2,
            "diffmaglim": 19.423799514770508
        },
        {
            "jd": 2459758.8857407,
            "fid": 2,
            "diffmaglim": 19.45050048828125
        },
        {
            "jd": 2459760.8650231,
            "fid": 2,
            "diffmaglim": 19.366899490356445
        },
        {
            "jd": 2459760.9006713,
            "fid": 2,
            "diffmaglim": 19.598899841308594
        },
        {
            "jd": 2459788.8118403,
            "fid": 1,
            "diffmaglim": 15.733599662780762
        },
        {
            "jd": 2459802.7341204,
            "fid": 2,
            "diffmaglim": 18.714799880981445
        },
        {
            "jd": 2459802.7752431,
            "fid": 1,
            "diffmaglim": 17.63960075378418
        },
        {
            "jd": 2459805.7387847,
            "fid": 1,
            "diffmaglim": 18.478099822998047
        }
    ],
    "forcedphot": []
}