{
    "objectId": "ZTF23aaejumk",
    "candidates": [
        {
            "candid": 2288391144715015001,
            "jd": 2460042.8911458,
            "ra": 259.4032393,
            "dec": 48.6383121,
            "fid": 1,
            "nid": 2288,
            "magpsf": 19.590700149536133,
            "sigmapsf": 0.20323100686073303,
            "magnr": 17.33099937438965,
            "sigmagnr": 0.07699999958276749,
            "magzpsci": 26.28070068359375,
            "isdiffpos": "t",
            "ssdistnr": null,
            "ssnamenr": null,
            "drb": 0.9658412933349609
        },
        {
            "candid": 2290427894715015000,
            "jd": 2460044.9278935,
            "ra": 259.4032286,
            "dec": 48.6383258,
            "fid": 2,
            "nid": 2290,
            "magpsf": 19.270700454711914,
            "sigmapsf": 0.1430010050535202,
            "magnr": 16.738000869750977,
            "sigmagnr": 0.09200000017881393,
            "magzpsci": 26.347700119018555,
            "isdiffpos": "t",
            "ssdistnr": null,
            "ssnamenr": null,
            "drb": null
        },
        {
            "candid": 2290469344715015000,
            "jd": 2460044.9693403,
            "ra": 259.4032466,
            "dec": 48.6382744,
            "fid": 1,
            "nid": 2290,
            "magpsf": 19.340599060058594,
            "sigmapsf": 0.15531200170516968,
            "magnr": 17.33099937438965,
            "sigmagnr": 0.07699999958276749,
            "magzpsci": 26.372600555419922,
            "isdiffpos": "t",
            "ssdistnr": null,
            "ssnamenr": null,
            "drb": null
        },
        {
            "candid": 2292381744715015000,
            "jd": 2460046.8817477,
            "ra": 259.403214,
            "dec": 48.6383282,
            "fid": 2,
            "nid": 2292,
            "magpsf": 19.433500289916992,
            "sigmapsf": 0.18396200239658356,
            "magnr": 16.738000869750977,
            "sigmagnr": 0.09200000017881393,
            "magzpsci": 26.236499786376953,
            "isdiffpos": "t",
            "ssdistnr": null,
            "ssnamenr": null,
            "drb": null
        },
        {
            "candid": 2296451854715015000,
            "jd": 2460050.9518519,
            "ra": 259.403208,
            "dec": 48.6383378,
            "fid": 2,
            "nid": 2296,
            "magpsf": 19.154399871826172,
            "sigmapsf": 0.181427001953125,
            "magnr": 16.738000869750977,
            "sigmagnr": 0.09200000017881393,
            "magzpsci": 26.308399200439453,
            "isdiffpos": "t",
            "ssdistnr": null,
            "ssnamenr": null,
            "drb": null
        },
        {
            "candid": 2296471654715015001,
            "jd": 2460050.9716551,
            "ra": 259.4032445,
            "dec": 48.638298,
            "fid": 1,
            "nid": 2296,
            "magpsf": 19.44890022277832,
            "sigmapsf": 0.1339070051908493,
            "magnr": 17.33099937438965,
            "sigmagnr": 0.07699999958276749,
            "magzpsci": 26.33289909362793,
            "isdiffpos": "t",
            "ssdistnr": null,
            "ssnamenr": null,
            "drb": null
        },
        {
            "candid": 2299442984715015001,
            "jd": 2460053.9429861,
            "ra": 259.4032199,
            "dec": 48.6383006,
            "fid": 2,
            "nid": 2299,
            "magpsf": 18.999799728393555,
            "sigmapsf": 0.1080159991979599,
            "magnr": 16.738000869750977,
            "sigmagnr": 0.09200000017881393,
            "magzpsci": 26.333799362182617,
            "isdiffpos": "t",
            "ssdistnr": null,
            "ssnamenr": null,
            "drb": null
        },
        {
            "candid": 2299472614715015001,
            "jd": 2460053.9726157,
            "ra": 259.4031461,
            "dec": 48.6382819,
            "fid": 1,
            "nid": 2299,
            "magpsf": 19.41200065612793,
            "sigmapsf": 0.1400340050458908,
            "magnr": 17.33099937438965,
            "sigmagnr": 0.07699999958276749,
            "magzpsci": 26.350000381469727,
            "isdiffpos": "t",
            "ssdistnr": null,
            "ssnamenr": null,
            "drb": null
        },
        {
            "candid": 2302450034715015000,
            "jd": 2460056.9500347,
            "ra": 259.4031683,
            "dec": 48.6382337,
            "fid": 1,
            "nid": 2302,
            "magpsf": 19.374099731445312,
            "sigmapsf": 0.1159920021891594,
            "magnr": 17.33099937438965,
            "sigmagnr": 0.07699999958276749,
            "magzpsci": 26.363100051879883,
            "isdiffpos": "t",
            "ssdistnr": null,
            "ssnamenr": null,
            "drb": null
        },
        {
            "candid": 2302473854715015000,
            "jd": 2460056.9738542,
            "ra": 259.403218,
            "dec": 48.6382917,
            "fid": 2,
            "nid": 2302,
            "magpsf": 18.884700775146484,
            "sigmapsf": 0.09195400029420853,
            "magnr": 16.738000869750977,
            "sigmagnr": 0.09200000017881393,
            "magzpsci": 26.33970069885254,
            "isdiffpos": "t",
            "ssdistnr": null,
            "ssnamenr": null,
            "drb": null
        },
        {
            "candid": 2304447534715015000,
            "jd": 2460058.9475347,
            "ra": 259.403191,
            "dec": 48.6382815,
            "fid": 2,
            "nid": 2304,
            "magpsf": 18.951499938964844,
            "sigmapsf": 0.09028799831867218,
            "magnr": 16.738000869750977,
            "sigmagnr": 0.09200000017881393,
            "magzpsci": 26.24449920654297,
            "isdiffpos": "t",
            "ssdistnr": null,
            "ssnamenr": null,
            "drb": null
        },
        {
            "candid": 2304474894715015000,
            "jd": 2460058.9748958,
            "ra": 259.4032206,
            "dec": 48.6382762,
            "fid": 1,
            "nid": 2304,
            "magpsf": 19.394800186157227,
            "sigmapsf": 0.1284569948911667,
            "magnr": 17.33099937438965,
            "sigmagnr": 0.07699999958276749,
            "magzpsci": 26.238800048828125,
            "isdiffpos": "t",
            "ssdistnr": null,
            "ssnamenr": null,
            "drb": null
        },
        {
            "candid": 2306435894715015001,
            "jd": 2460060.9358912,
            "ra": 259.4032258,
            "dec": 48.638268,
            "fid": 1,
            "nid": 2306,
            "magpsf": 19.41629981994629,
            "sigmapsf": 0.15234500169754028,
            "magnr": 17.33099937438965,
            "sigmagnr": 0.07699999958276749,
            "magzpsci": 26.310300827026367,
            "isdiffpos": "t",
            "ssdistnr": null,
            "ssnamenr": null,
            "drb": null
        },
        {
            "candid": 2306465614715015000,
            "jd": 2460060.9656134,
            "ra": 259.403198,
            "dec": 48.6382694,
            "fid": 2,
            "nid": 2306,
            "magpsf": 18.983299255371094,
            "sigmapsf": 0.1111069992184639,
            "magnr": 16.738000869750977,
            "sigmagnr": 0.09200000017881393,
            "magzpsci": 26.294300079345703,
            "isdiffpos": "t",
            "ssdistnr": null,
            "ssnamenr": null,
            "drb": null
        },
        {
            "candid": 2308452184715015000,
            "jd": 2460062.9521875,
            "ra": 259.4032263,
            "dec": 48.6382419,
            "fid": 1,
            "nid": 2308,
            "magpsf": 19.667200088500977,
            "sigmapsf": 0.17059800028800964,
            "magnr": 17.33099937438965,
            "sigmagnr": 0.07699999958276749,
            "magzpsci": 26.333200454711914,
            "isdiffpos": "t",
            "ssdistnr": null,
            "ssnamenr": null,
            "drb": null
        },
        {
            "candid": 2310472894715015000,
            "jd": 2460064.9728935,
            "ra": 259.4032321,
            "dec": 48.6382673,
            "fid": 1,
            "nid": 2310,
            "magpsf": 19.445100784301758,
            "sigmapsf": 0.12095300108194351,
            "magnr": 17.33099937438965,
            "sigmagnr": 0.07699999958276749,
            "magzpsci": 26.335100173950195,
            "isdiffpos": "t",
            "ssdistnr": null,
            "ssnamenr": null,
            "drb": null
        },
        {
            "candid": 2318431524715015000,
            "jd": 2460072.9315278,
            "ra": 259.4033094,
            "dec": 48.6382575,
            "fid": 1,
            "nid": 2318,
            "magpsf": 19.683399200439453,
            "sigmapsf": 0.2080959975719452,
            "magnr": 17.33099937438965,
            "sigmagnr": 0.07699999958276749,
            "magzpsci": 26.339399337768555,
            "isdiffpos": "t",
            "ssdistnr": null,
            "ssnamenr": null,
            "drb": null
        },
        {
            "candid": 2318465844715015000,
            "jd": 2460072.9658449,
            "ra": 259.4032308,
            "dec": 48.6382796,
            "fid": 2,
            "nid": 2318,
            "magpsf": 18.981599807739258,
            "sigmapsf": 0.12046699970960617,
            "magnr": 16.738000869750977,
            "sigmagnr": 0.09200000017881393,
            "magzpsci": 26.316600799560547,
            "isdiffpos": "t",
            "ssdistnr": null,
            "ssnamenr": null,
            "drb": null
        },
        {
            "candid": 2322384934715015000,
            "jd": 2460076.8849306,
            "ra": 259.4031962,
            "dec": 48.6382568,
            "fid": 1,
            "nid": 2322,
            "magpsf": 19.78890037536621,
            "sigmapsf": 0.14676499366760254,
            "magnr": 17.33099937438965,
            "sigmagnr": 0.07699999958276749,
            "magzpsci": 26.351900100708008,
            "isdiffpos": "t",
            "ssdistnr": null,
            "ssnamenr": null,
            "drb": null
        },
        {
            "candid": 2322457604715015000,
            "jd": 2460076.9576042,
            "ra": 259.4032227,
            "dec": 48.6383035,
            "fid": 2,
            "nid": 2322,
            "magpsf": 19.108699798583984,
            "sigmapsf": 0.1288439929485321,
            "magnr": 16.738000869750977,
            "sigmagnr": 0.09200000017881393,
            "magzpsci": 26.317699432373047,
            "isdiffpos": "t",
            "ssdistnr": null,
            "ssnamenr": null,
            "drb": null
        },
        {
            "candid": 2324365844715015000,
            "jd": 2460078.8658449,
            "ra": 259.4032343,
            "dec": 48.6383354,
            "fid": 1,
            "nid": 2324,
            "magpsf": 19.827699661254883,
            "sigmapsf": 0.14274099469184875,
            "magnr": 17.33099937438965,
            "sigmagnr": 0.07699999958276749,
            "magzpsci": 26.314699172973633,
            "isdiffpos": "t",
            "ssdistnr": null,
            "ssnamenr": null,
            "drb": null
        },
        {
            "candid": 2324407444715015000,
            "jd": 2460078.9074421,
            "ra": 259.4031838,
            "dec": 48.6383237,
            "fid": 2,
            "nid": 2324,
            "magpsf": 19.1299991607666,
            "sigmapsf": 0.11204700171947479,
            "magnr": 16.738000869750977,
            "sigmagnr": 0.09200000017881393,
            "magzpsci": 26.29599952697754,
            "isdiffpos": "t",
            "ssdistnr": null,
            "ssnamenr": null,
            "drb": null
        },
        {
            "candid": 2327386734715015000,
            "jd": 2460081.8867361,
            "ra": 259.4031611,
            "dec": 48.6382919,
            "fid": 2,
            "nid": 2327,
            "magpsf": 19.017900466918945,
            "sigmapsf": 0.12876400351524353,
            "magnr": 16.738000869750977,
            "sigmagnr": 0.09200000017881393,
            "magzpsci": 26.29990005493164,
            "isdiffpos": "t",
            "ssdistnr": null,
            "ssnamenr": null,
            "drb": null
        },
        {
            "candid": 2329452104715015000,
            "jd": 2460083.9521065,
            "ra": 259.4032172,
            "dec": 48.6382874,
            "fid": 2,
            "nid": 2329,
            "magpsf": 19.159299850463867,
            "sigmapsf": 0.1276489943265915,
            "magnr": 16.738000869750977,
            "sigmagnr": 0.09200000017881393,
            "magzpsci": 26.28730010986328,
            "isdiffpos": "t",
            "ssdistnr": null,
            "ssnamenr": null,
            "drb": null
        },
        {
            "candid": 2331393154715015000,
            "jd": 2460085.8931597,
            "ra": 259.4032764,
            "dec": 48.6382575,
            "fid": 1,
            "nid": 2331,
            "magpsf": 19.927499771118164,
            "sigmapsf": 0.15109099447727203,
            "magnr": 17.33099937438965,
            "sigmagnr": 0.07699999958276749,
            "magzpsci": 26.338499069213867,
            "isdiffpos": "t",
            "ssdistnr": null,
            "ssnamenr": null,
            "drb": null
        },
        {
            "candid": 2331443514715015000,
            "jd": 2460085.9435185,
            "ra": 259.4032641,
            "dec": 48.6383091,
            "fid": 2,
            "nid": 2331,
            "magpsf": 19.1387996673584,
            "sigmapsf": 0.11313699930906296,
            "magnr": 16.738000869750977,
            "sigmagnr": 0.09200000017881393,
            "magzpsci": 26.302799224853516,
            "isdiffpos": "t",
            "ssdistnr": null,
            "ssnamenr": null,
            "drb": null
        },
        {
            "candid": 2333413534715015000,
            "jd": 2460087.9135301,
            "ra": 259.403202,
            "dec": 48.6383176,
            "fid": 2,
            "nid": 2333,
            "magpsf": 19.038400650024414,
            "sigmapsf": 0.10438399761915207,
            "magnr": 16.738000869750977,
            "sigmagnr": 0.09200000017881393,
            "magzpsci": 26.31439971923828,
            "isdiffpos": "t",
            "ssdistnr": null,
            "ssnamenr": null,
            "drb": null
        },
        {
            "candid": 2333431594715015001,
            "jd": 2460087.9315972,
            "ra": 259.4033008,
            "dec": 48.6382772,
            "fid": 1,
            "nid": 2333,
            "magpsf": 19.90239906311035,
            "sigmapsf": 0.16601799428462982,
            "magnr": 17.33099937438965,
            "sigmagnr": 0.07699999958276749,
            "magzpsci": 26.323400497436523,
            "isdiffpos": "t",
            "ssdistnr": null,
            "ssnamenr": null,
            "drb": null
        },
        {
            "candid": 2335389424715015000,
            "jd": 2460089.8894213,
            "ra": 259.4032136,
            "dec": 48.638301,
            "fid": 2,
            "nid": 2335,
            "magpsf": 19.02750015258789,
            "sigmapsf": 0.10518500208854675,
            "magnr": 16.738000869750977,
            "sigmagnr": 0.09200000017881393,
            "magzpsci": 26.305500030517578,
            "isdiffpos": "t",
            "ssdistnr": null,
            "ssnamenr": null,
            "drb": null
        },
        {
            "candid": 2335408154715015000,
            "jd": 2460089.9081597,
            "ra": 259.4031439,
            "dec": 48.6382955,
            "fid": 1,
            "nid": 2335,
            "magpsf": 19.930599212646484,
            "sigmapsf": 0.1695220023393631,
            "magnr": 17.33099937438965,
            "sigmagnr": 0.07699999958276749,
            "magzpsci": 26.32159996032715,
            "isdiffpos": "t",
            "ssdistnr": null,
            "ssnamenr": null,
            "drb": null
        },
        {
            "candid": 2337388684715015000,
            "jd": 2460091.8886806,
            "ra": 259.403228,
            "dec": 48.6382941,
            "fid": 2,
            "nid": 2337,
            "magpsf": 19.114500045776367,
            "sigmapsf": 0.11079700291156769,
            "magnr": 16.738000869750977,
            "sigmagnr": 0.09200000017881393,
            "magzpsci": 26.327499389648438,
            "isdiffpos": "t",
            "ssdistnr": null,
            "ssnamenr": null,
            "drb": null
        },
        {
            "candid": 2339409434715015000,
            "jd": 2460093.9094329,
            "ra": 259.4032078,
            "dec": 48.6382929,
            "fid": 2,
            "nid": 2339,
            "magpsf": 19.177799224853516,
            "sigmapsf": 0.13697700202465057,
            "magnr": 16.738000869750977,
            "sigmagnr": 0.09200000017881393,
            "magzpsci": 26.31279945373535,
            "isdiffpos": "t",
            "ssdistnr": null,
            "ssnamenr": null,
            "drb": null
        },
        {
            "candid": 2339448054715015001,
            "jd": 2460093.9480556,
            "ra": 259.4032105,
            "dec": 48.6382762,
            "fid": 1,
            "nid": 2339,
            "magpsf": 20.15719985961914,
            "sigmapsf": 0.1802230030298233,
            "magnr": 17.33099937438965,
            "sigmagnr": 0.07699999958276749,
            "magzpsci": 26.31719970703125,
            "isdiffpos": "t",
            "ssdistnr": null,
            "ssnamenr": null,
            "drb": null
        },
        {
            "candid": 2346286294715015000,
            "jd": 2460100.7862963,
            "ra": 259.4032242,
            "dec": 48.638256,
            "fid": 2,
            "nid": 2346,
            "magpsf": 19.107200622558594,
            "sigmapsf": 0.11305700242519379,
            "magnr": 16.738000869750977,
            "sigmagnr": 0.09200000017881393,
            "magzpsci": 26.310199737548828,
            "isdiffpos": "t",
            "ssdistnr": null,
            "ssnamenr": null,
            "drb": null
        },
        {
            "candid": 2350344574715015000,
            "jd": 2460104.8445718,
            "ra": 259.4032366,
            "dec": 48.6382895,
            "fid": 2,
            "nid": 2350,
            "magpsf": 19.16629981994629,
            "sigmapsf": 0.11190000176429749,
            "magnr": 16.738000869750977,
            "sigmagnr": 0.09200000017881393,
            "magzpsci": 26.336299896240234,
            "isdiffpos": "t",
            "ssdistnr": null,
            "ssnamenr": null,
            "drb": null
        },
        {
            "candid": 2355309454715015000,
            "jd": 2460109.809456,
            "ra": 259.4031594,
            "dec": 48.6382061,
            "fid": 1,
            "nid": 2355,
            "magpsf": 20.13960075378418,
            "sigmapsf": 0.20899200439453125,
            "magnr": 17.33099937438965,
            "sigmagnr": 0.07699999958276749,
            "magzpsci": 26.332599639892578,
            "isdiffpos": "t",
            "ssdistnr": null,
            "ssnamenr": null,
            "drb": null
        },
        {
            "candid": 2355343054715015000,
            "jd": 2460109.8430556,
            "ra": 259.4031966,
            "dec": 48.638315,
            "fid": 2,
            "nid": 2355,
            "magpsf": 19.09819984436035,
            "sigmapsf": 0.13198399543762207,
            "magnr": 16.738000869750977,
            "sigmagnr": 0.09200000017881393,
            "magzpsci": 26.315200805664062,
            "isdiffpos": "t",
            "ssdistnr": null,
            "ssnamenr": null,
            "drb": null
        },
        {
            "candid": 2357455644715015001,
            "jd": 2460111.9556481,
            "ra": 259.4032,
            "dec": 48.6382718,
            "fid": 2,
            "nid": 2357,
            "magpsf": 19.04319953918457,
            "sigmapsf": 0.10720500349998474,
            "magnr": 16.738000869750977,
            "sigmagnr": 0.09200000017881393,
            "magzpsci": 26.28619956970215,
            "isdiffpos": "t",
            "ssdistnr": null,
            "ssnamenr": null,
            "drb": null
        },
        {
            "candid": 2360346294715015001,
            "jd": 2460114.8462963,
            "ra": 259.4032353,
            "dec": 48.6382717,
            "fid": 2,
            "nid": 2360,
            "magpsf": 19.167600631713867,
            "sigmapsf": 0.13710300624370575,
            "magnr": 16.738000869750977,
            "sigmagnr": 0.09200000017881393,
            "magzpsci": 26.345600128173828,
            "isdiffpos": "t",
            "ssdistnr": null,
            "ssnamenr": null,
            "drb": null
        },
        {
            "candid": 2363364284715015000,
            "jd": 2460117.8642824,
            "ra": 259.4032251,
            "dec": 48.638281,
            "fid": 2,
            "nid": 2363,
            "magpsf": 19.21660041809082,
            "sigmapsf": 0.13207699358463287,
            "magnr": 16.738000869750977,
            "sigmagnr": 0.09200000017881393,
            "magzpsci": 26.34760093688965,
            "isdiffpos": "t",
            "ssdistnr": null,
            "ssnamenr": null,
            "drb": null
        },
        {
            "candid": 2365280834715015000,
            "jd": 2460119.7808333,
            "ra": 259.4032929,
            "dec": 48.6382193,
            "fid": 1,
            "nid": 2365,
            "magpsf": 20.17340087890625,
            "sigmapsf": 0.23092100024223328,
            "magnr": 17.33099937438965,
            "sigmagnr": 0.07699999958276749,
            "magzpsci": 26.36840057373047,
            "isdiffpos": "t",
            "ssdistnr": null,
            "ssnamenr": null,
            "drb": null
        },
        {
            "candid": 2365332934715015000,
            "jd": 2460119.8329398,
            "ra": 259.403175,
            "dec": 48.6382216,
            "fid": 2,
            "nid": 2365,
            "magpsf": 19.158199310302734,
            "sigmapsf": 0.09976900368928909,
            "magnr": 16.738000869750977,
            "sigmagnr": 0.09200000017881393,
            "magzpsci": 26.351200103759766,
            "isdiffpos": "t",
            "ssdistnr": null,
            "ssnamenr": null,
            "drb": null
        },
        {
            "candid": 2367301824715015000,
            "jd": 2460121.8018287,
            "ra": 259.4032609,
            "dec": 48.638308,
            "fid": 2,
            "nid": 2367,
            "magpsf": 19.337099075317383,
            "sigmapsf": 0.1482599973678589,
            "magnr": 16.738000869750977,
            "sigmagnr": 0.09200000017881393,
            "magzpsci": 26.357099533081055,
            "isdiffpos": "t",
            "ssdistnr": null,
            "ssnamenr": null,
            "drb": null
        },
        {
            "candid": 2371276604715015000,
            "jd": 2460125.7766088,
            "ra": 259.4031964,
            "dec": 48.6382818,
            "fid": 2,
            "nid": 2371,
            "magpsf": 19.336999893188477,
            "sigmapsf": 0.16271300613880157,
            "magnr": 16.738000869750977,
            "sigmagnr": 0.09200000017881393,
            "magzpsci": 26.305999755859375,
            "isdiffpos": "t",
            "ssdistnr": null,
            "ssnamenr": null,
            "drb": null
        },
        {
            "candid": 2373280164715015000,
            "jd": 2460127.780162,
            "ra": 259.403237,
            "dec": 48.6382965,
            "fid": 2,
            "nid": 2373,
            "magpsf": 19.209674835205078,
            "sigmapsf": 0.15598361194133759,
            "magnr": 16.738000869750977,
            "sigmagnr": 0.09200000017881393,
            "magzpsci": 26.321674346923828,
            "isdiffpos": "t",
            "ssdistnr": -999.0,
            "ssnamenr": "null",
            "drb": null
        },
        {
            "jd": 2460020.8878125,
            "fid": 2,
            "diffmaglim": 20.545799255371094
        },
        {
            "jd": 2460021.0071528,
            "fid": 1,
            "diffmaglim": 20.503000259399414
        },
        {
            "jd": 2460029.9632986,
            "fid": 2,
            "diffmaglim": 20.503799438476562
        },
        {
            "jd": 2460029.9990278,
            "fid": 1,
            "diffmaglim": 20.592199325561523
        },
        {
            "jd": 2460032.9687153,
            "fid": 1,
            "diffmaglim": 20.62980079650879
        },
        {
            "jd": 2460042.9484144,
            "fid": 2,
            "diffmaglim": 20.136999130249023
        },
        {
            "jd": 2460046.9435069,
            "fid": 1,
            "diffmaglim": 20.250099182128906
        },
        {
            "jd": 2460064.9548264,
            "fid": 2,
            "diffmaglim": 20.133100509643555
        },
        {
            "jd": 2460081.8405903,
            "fid": 1,
            "diffmaglim": 20.766399383544922
        },
        {
            "jd": 2460083.8464931,
            "fid": 1,
            "diffmaglim": 20.942800521850586
        },
        {
            "jd": 2460098.8608796,
            "fid": 2,
            "diffmaglim": 19.788400650024414
        },
        {
            "jd": 2460098.9307176,
            "fid": 1,
            "diffmaglim": 19.632600784301758
        },
        {
            "jd": 2460100.7044097,
            "fid": 1,
            "diffmaglim": 19.752899169921875
        },
        {
            "jd": 2460102.7614352,
            "fid": 1,
            "diffmaglim": 19.611099243164062
        },
        {
            "jd": 2460114.8957523,
            "fid": 1,
            "diffmaglim": 20.598400115966797
        },
        {
            "jd": 2460117.8287963,
            "fid": 1,
            "diffmaglim": 20.769500732421875
        },
        {
            "jd": 2460121.8936343,
            "fid": 1,
            "diffmaglim": 20.658199310302734
        },
        {
            "jd": 2460123.7766088,
            "fid": 1,
            "diffmaglim": 20.456199645996094
        },
        {
            "jd": 2460125.915787,
            "fid": 1,
            "diffmaglim": 20.286500930786133
        },
        {
            "jd": 2460127.7205671,
            "fid": 1,
            "diffmaglim": 19.739200592041016
        }
    ],
    "forcedphot": []
}