{
    "objectId": "ZTF24aaybafr",
    "candidates": [
        {
            "candid": 2770181746115015001,
            "jd": 2460524.6817477,
            "ra": 229.7800058,
            "dec": 8.2746202,
            "fid": 1,
            "nid": 2770,
            "magpsf": 19.089099884033203,
            "sigmapsf": 0.13718000054359436,
            "magnr": 20.264999389648438,
            "sigmagnr": 0.10400000214576721,
            "magzpsci": 25.92609977722168,
            "isdiffpos": "t",
            "ssdistnr": null,
            "ssnamenr": null,
            "drb": 0.999665379524231
        },
        {
            "candid": 2770183150615015005,
            "jd": 2460524.6831597,
            "ra": 229.7800427,
            "dec": 8.2746479,
            "fid": 1,
            "nid": 2770,
            "magpsf": 19.014699935913086,
            "sigmapsf": 0.10367400199174881,
            "magnr": 20.214000701904297,
            "sigmagnr": 0.10599999874830246,
            "magzpsci": 26.144699096679688,
            "isdiffpos": "t",
            "ssdistnr": null,
            "ssnamenr": null,
            "drb": null
        },
        {
            "candid": 2770227500615015012,
            "jd": 2460524.7275,
            "ra": 229.7800281,
            "dec": 8.2746331,
            "fid": 2,
            "nid": 2770,
            "magpsf": 19.285999298095703,
            "sigmapsf": 0.12786799669265747,
            "magnr": 19.94099998474121,
            "sigmagnr": 0.12700000405311584,
            "magzpsci": 26.142000198364258,
            "isdiffpos": "t",
            "ssdistnr": null,
            "ssnamenr": null,
            "drb": null
        },
        {
            "candid": 2770234736115015001,
            "jd": 2460524.7347338,
            "ra": 229.77994,
            "dec": 8.274608,
            "fid": 2,
            "nid": 2770,
            "magpsf": 19.13409996032715,
            "sigmapsf": 0.1367029994726181,
            "magnr": 19.89299964904785,
            "sigmagnr": 0.12200000137090683,
            "magzpsci": 25.901100158691406,
            "isdiffpos": "t",
            "ssdistnr": null,
            "ssnamenr": null,
            "drb": null
        },
        {
            "candid": 2772175830615015017,
            "jd": 2460526.6758333,
            "ra": 229.7800119,
            "dec": 8.274637,
            "fid": 1,
            "nid": 2772,
            "magpsf": 18.746599197387695,
            "sigmapsf": 0.07626800239086151,
            "magnr": 20.214000701904297,
            "sigmagnr": 0.10599999874830246,
            "magzpsci": 26.319599151611328,
            "isdiffpos": "t",
            "ssdistnr": null,
            "ssnamenr": null,
            "drb": null
        },
        {
            "candid": 2772245570615015005,
            "jd": 2460526.7455787,
            "ra": 229.7799889,
            "dec": 8.2746212,
            "fid": 2,
            "nid": 2772,
            "magpsf": 18.99090003967285,
            "sigmapsf": 0.10036599636077881,
            "magnr": 19.94099998474121,
            "sigmagnr": 0.12700000405311584,
            "magzpsci": 26.186899185180664,
            "isdiffpos": "t",
            "ssdistnr": null,
            "ssnamenr": null,
            "drb": null
        },
        {
            "candid": 2772272906115015000,
            "jd": 2460526.7729051,
            "ra": 229.7799557,
            "dec": 8.2745906,
            "fid": 2,
            "nid": 2772,
            "magpsf": 18.953699111938477,
            "sigmapsf": 0.1569869965314865,
            "magnr": 19.89299964904785,
            "sigmagnr": 0.12200000137090683,
            "magzpsci": 25.889699935913086,
            "isdiffpos": "t",
            "ssdistnr": null,
            "ssnamenr": null,
            "drb": null
        },
        {
            "candid": 2774192216115015000,
            "jd": 2460528.6922106,
            "ra": 229.7800008,
            "dec": 8.2746196,
            "fid": 1,
            "nid": 2774,
            "magpsf": 18.704299926757812,
            "sigmapsf": 0.08747600018978119,
            "magnr": 20.264999389648438,
            "sigmagnr": 0.10400000214576721,
            "magzpsci": 25.9822998046875,
            "isdiffpos": "t",
            "ssdistnr": null,
            "ssnamenr": null,
            "drb": null
        },
        {
            "candid": 2774205550615015009,
            "jd": 2460528.7055556,
            "ra": 229.7800064,
            "dec": 8.2746433,
            "fid": 1,
            "nid": 2774,
            "magpsf": 18.68939971923828,
            "sigmapsf": 0.08235300332307816,
            "magnr": 20.214000701904297,
            "sigmagnr": 0.10599999874830246,
            "magzpsci": 26.18939971923828,
            "isdiffpos": "t",
            "ssdistnr": null,
            "ssnamenr": null,
            "drb": null
        },
        {
            "candid": 2776187656115015000,
            "jd": 2460530.6876505,
            "ra": 229.7799405,
            "dec": 8.2745588,
            "fid": 1,
            "nid": 2776,
            "magpsf": 18.771299362182617,
            "sigmapsf": 0.1373240053653717,
            "magnr": 20.264999389648438,
            "sigmagnr": 0.10400000214576721,
            "magzpsci": 25.950300216674805,
            "isdiffpos": "t",
            "ssdistnr": null,
            "ssnamenr": null,
            "drb": null
        },
        {
            "candid": 2776216846115015000,
            "jd": 2460530.7168403,
            "ra": 229.779961,
            "dec": 8.2745765,
            "fid": 2,
            "nid": 2776,
            "magpsf": 18.715700149536133,
            "sigmapsf": 0.11220800131559372,
            "magnr": 19.89299964904785,
            "sigmagnr": 0.12200000137090683,
            "magzpsci": 25.902700424194336,
            "isdiffpos": "t",
            "ssdistnr": null,
            "ssnamenr": null,
            "drb": null
        },
        {
            "candid": 2776234570615015005,
            "jd": 2460530.7345718,
            "ra": 229.7800098,
            "dec": 8.2746416,
            "fid": 2,
            "nid": 2776,
            "magpsf": 18.722200393676758,
            "sigmapsf": 0.08386299759149551,
            "magnr": 19.94099998474121,
            "sigmagnr": 0.12700000405311584,
            "magzpsci": 26.095199584960938,
            "isdiffpos": "t",
            "ssdistnr": null,
            "ssnamenr": null,
            "drb": null
        },
        {
            "candid": 2778166724815015000,
            "jd": 2460532.6667245,
            "ra": 229.7799855,
            "dec": 8.2745906,
            "fid": 2,
            "nid": 2778,
            "magpsf": 18.75510025024414,
            "sigmapsf": 0.08671099692583084,
            "magnr": 19.8799991607666,
            "sigmagnr": 0.12700000405311584,
            "magzpsci": 26.685100555419922,
            "isdiffpos": "t",
            "ssdistnr": null,
            "ssnamenr": null,
            "drb": null
        },
        {
            "candid": 2778167546115015000,
            "jd": 2460532.6675463,
            "ra": 229.7799958,
            "dec": 8.27461,
            "fid": 2,
            "nid": 2778,
            "magpsf": 18.694599151611328,
            "sigmapsf": 0.08297699689865112,
            "magnr": 19.89299964904785,
            "sigmagnr": 0.12200000137090683,
            "magzpsci": 26.63960075378418,
            "isdiffpos": "t",
            "ssdistnr": null,
            "ssnamenr": null,
            "drb": null
        },
        {
            "candid": 2778169180615015014,
            "jd": 2460532.6691898,
            "ra": 229.7799976,
            "dec": 8.2746331,
            "fid": 2,
            "nid": 2778,
            "magpsf": 18.60689926147461,
            "sigmapsf": 0.07619599997997284,
            "magnr": 19.94099998474121,
            "sigmagnr": 0.12700000405311584,
            "magzpsci": 26.868900299072266,
            "isdiffpos": "t",
            "ssdistnr": null,
            "ssnamenr": null,
            "drb": null
        },
        {
            "candid": 2778211346115015001,
            "jd": 2460532.7113426,
            "ra": 229.7800092,
            "dec": 8.2746237,
            "fid": 1,
            "nid": 2778,
            "magpsf": 18.711999893188477,
            "sigmapsf": 0.06426499783992767,
            "magnr": 20.264999389648438,
            "sigmagnr": 0.10400000214576721,
            "magzpsci": 26.55500030517578,
            "isdiffpos": "t",
            "ssdistnr": null,
            "ssnamenr": null,
            "drb": null
        },
        {
            "candid": 2778214610615015024,
            "jd": 2460532.7146181,
            "ra": 229.7799999,
            "dec": 8.2746237,
            "fid": 1,
            "nid": 2778,
            "magpsf": 18.653600692749023,
            "sigmapsf": 0.07805799692869186,
            "magnr": 20.214000701904297,
            "sigmagnr": 0.10599999874830246,
            "magzpsci": 26.778600692749023,
            "isdiffpos": "t",
            "ssdistnr": null,
            "ssnamenr": null,
            "drb": null
        },
        {
            "candid": 2779166234815015000,
            "jd": 2460533.6662384,
            "ra": 229.7799919,
            "dec": 8.2745877,
            "fid": 2,
            "nid": 2779,
            "magpsf": 18.839599609375,
            "sigmapsf": 0.19122399389743805,
            "magnr": 19.8799991607666,
            "sigmagnr": 0.12700000405311584,
            "magzpsci": 25.912599563598633,
            "isdiffpos": "t",
            "ssdistnr": null,
            "ssnamenr": null,
            "drb": null
        },
        {
            "candid": 2779170050615015071,
            "jd": 2460533.6700579,
            "ra": 229.7799718,
            "dec": 8.2746139,
            "fid": 2,
            "nid": 2779,
            "magpsf": 18.537700653076172,
            "sigmapsf": 0.1550389975309372,
            "magnr": 19.94099998474121,
            "sigmagnr": 0.12700000405311584,
            "magzpsci": 25.902700424194336,
            "isdiffpos": "t",
            "ssdistnr": null,
            "ssnamenr": null,
            "drb": null
        },
        {
            "candid": 2779211316115015000,
            "jd": 2460533.7113194,
            "ra": 229.7799889,
            "dec": 8.2745847,
            "fid": 1,
            "nid": 2779,
            "magpsf": 18.779300689697266,
            "sigmapsf": 0.08320499956607819,
            "magnr": 20.264999389648438,
            "sigmagnr": 0.10400000214576721,
            "magzpsci": 26.533300399780273,
            "isdiffpos": "t",
            "ssdistnr": null,
            "ssnamenr": null,
            "drb": null
        },
        {
            "candid": 2779225500615015012,
            "jd": 2460533.7255093,
            "ra": 229.7799943,
            "dec": 8.2746169,
            "fid": 1,
            "nid": 2779,
            "magpsf": 18.631099700927734,
            "sigmapsf": 0.07297799736261368,
            "magnr": 20.214000701904297,
            "sigmagnr": 0.10599999874830246,
            "magzpsci": 26.68709945678711,
            "isdiffpos": "t",
            "ssdistnr": null,
            "ssnamenr": null,
            "drb": null
        },
        {
            "candid": 2792194516115015000,
            "jd": 2460546.6945139,
            "ra": 229.780043,
            "dec": 8.2746433,
            "fid": 1,
            "nid": 2792,
            "magpsf": 18.976699829101562,
            "sigmapsf": 0.1652050018310547,
            "magnr": 20.264999389648438,
            "sigmagnr": 0.10400000214576721,
            "magzpsci": 25.989700317382812,
            "isdiffpos": "t",
            "ssdistnr": null,
            "ssnamenr": null,
            "drb": null
        },
        {
            "candid": 2792194980615015004,
            "jd": 2460546.6949884,
            "ra": 229.7800231,
            "dec": 8.2746183,
            "fid": 1,
            "nid": 2792,
            "magpsf": 18.916400909423828,
            "sigmapsf": 0.13396300375461578,
            "magnr": 20.214000701904297,
            "sigmagnr": 0.10599999874830246,
            "magzpsci": 26.21940040588379,
            "isdiffpos": "t",
            "ssdistnr": null,
            "ssnamenr": null,
            "drb": null
        },
        {
            "candid": 2794205900615015003,
            "jd": 2460548.7059028,
            "ra": 229.7799978,
            "dec": 8.2746252,
            "fid": 2,
            "nid": 2794,
            "magpsf": 18.741600036621094,
            "sigmapsf": 0.08732400089502335,
            "magnr": 19.94099998474121,
            "sigmagnr": 0.12700000405311584,
            "magzpsci": 26.125600814819336,
            "isdiffpos": "t",
            "ssdistnr": null,
            "ssnamenr": null,
            "drb": null
        },
        {
            "candid": 2794206376115015001,
            "jd": 2460548.7063773,
            "ra": 229.7799294,
            "dec": 8.2746003,
            "fid": 2,
            "nid": 2794,
            "magpsf": 18.64780044555664,
            "sigmapsf": 0.13368399441242218,
            "magnr": 19.89299964904785,
            "sigmagnr": 0.12200000137090683,
            "magzpsci": 25.88680076599121,
            "isdiffpos": "t",
            "ssdistnr": null,
            "ssnamenr": null,
            "drb": null
        },
        {
            "candid": 2800175286115015000,
            "jd": 2460554.6752894,
            "ra": 229.7799837,
            "dec": 8.2746017,
            "fid": 2,
            "nid": 2800,
            "magpsf": 18.766199111938477,
            "sigmapsf": 0.1305380016565323,
            "magnr": 19.89299964904785,
            "sigmagnr": 0.12200000137090683,
            "magzpsci": 25.90920066833496,
            "isdiffpos": "t",
            "ssdistnr": null,
            "ssnamenr": null,
            "drb": null
        },
        {
            "candid": 2800175760615015008,
            "jd": 2460554.6757639,
            "ra": 229.7800083,
            "dec": 8.2746187,
            "fid": 2,
            "nid": 2800,
            "magpsf": 18.85759925842285,
            "sigmapsf": 0.08538900315761566,
            "magnr": 19.94099998474121,
            "sigmagnr": 0.12700000405311584,
            "magzpsci": 26.1466007232666,
            "isdiffpos": "t",
            "ssdistnr": null,
            "ssnamenr": null,
            "drb": null
        },
        {
            "candid": 2802149826115015000,
            "jd": 2460556.6498264,
            "ra": 229.7799478,
            "dec": 8.2746617,
            "fid": 2,
            "nid": 2802,
            "magpsf": 18.811100006103516,
            "sigmapsf": 0.14778800308704376,
            "magnr": 19.89299964904785,
            "sigmagnr": 0.12200000137090683,
            "magzpsci": 25.888099670410156,
            "isdiffpos": "t",
            "ssdistnr": null,
            "ssnamenr": null,
            "drb": null
        },
        {
            "candid": 2802150760615015004,
            "jd": 2460556.6507639,
            "ra": 229.7799855,
            "dec": 8.2746457,
            "fid": 2,
            "nid": 2802,
            "magpsf": 18.83169937133789,
            "sigmapsf": 0.10007499903440475,
            "magnr": 19.94099998474121,
            "sigmagnr": 0.12700000405311584,
            "magzpsci": 26.115699768066406,
            "isdiffpos": "t",
            "ssdistnr": null,
            "ssnamenr": null,
            "drb": null
        },
        {
            "candid": 2802205150615015008,
            "jd": 2460556.7051505,
            "ra": 229.780012,
            "dec": 8.2745748,
            "fid": 1,
            "nid": 2802,
            "magpsf": 19.230741500854492,
            "sigmapsf": 0.21601679921150208,
            "magnr": 20.214000701904297,
            "sigmagnr": 0.10599999874830246,
            "magzpsci": 25.847742080688477,
            "isdiffpos": "t",
            "ssdistnr": -999.0,
            "ssnamenr": "null",
            "drb": null
        },
        {
            "jd": 2460494.7288773,
            "fid": 1,
            "diffmaglim": 20.510099411010742
        },
        {
            "jd": 2460494.7333912,
            "fid": 2,
            "diffmaglim": 20.408100128173828
        },
        {
            "jd": 2460500.6952083,
            "fid": 1,
            "diffmaglim": 20.286100387573242
        },
        {
            "jd": 2460501.6902083,
            "fid": 1,
            "diffmaglim": 20.4596004486084
        },
        {
            "jd": 2460501.7270255,
            "fid": 1,
            "diffmaglim": 20.36009979248047
        },
        {
            "jd": 2460501.7529167,
            "fid": 2,
            "diffmaglim": 20.27389907836914
        },
        {
            "jd": 2460501.7533796,
            "fid": 2,
            "diffmaglim": 20.364900588989258
        },
        {
            "jd": 2460502.6937153,
            "fid": 1,
            "diffmaglim": 20.205799102783203
        },
        {
            "jd": 2460502.7492593,
            "fid": 2,
            "diffmaglim": 20.055500030517578
        },
        {
            "jd": 2460503.6897222,
            "fid": 1,
            "diffmaglim": 19.675800323486328
        },
        {
            "jd": 2460503.7147106,
            "fid": 1,
            "diffmaglim": 19.742000579833984
        },
        {
            "jd": 2460504.7766782,
            "fid": 2,
            "diffmaglim": 19.99880027770996
        },
        {
            "jd": 2460505.7045139,
            "fid": 1,
            "diffmaglim": 19.851999282836914
        },
        {
            "jd": 2460505.7049884,
            "fid": 1,
            "diffmaglim": 19.928300857543945
        },
        {
            "jd": 2460505.7135648,
            "fid": 2,
            "diffmaglim": 19.853700637817383
        },
        {
            "jd": 2460505.7140278,
            "fid": 2,
            "diffmaglim": 19.991300582885742
        },
        {
            "jd": 2460507.7820718,
            "fid": 2,
            "diffmaglim": 19.668899536132812
        },
        {
            "jd": 2460507.7825347,
            "fid": 2,
            "diffmaglim": 19.48819923400879
        },
        {
            "jd": 2460507.7830093,
            "fid": 2,
            "diffmaglim": 19.378000259399414
        },
        {
            "jd": 2460507.8173727,
            "fid": 1,
            "diffmaglim": 19.324499130249023
        },
        {
            "jd": 2460507.8178356,
            "fid": 1,
            "diffmaglim": 19.3572998046875
        },
        {
            "jd": 2460509.7127315,
            "fid": 1,
            "diffmaglim": 19.129600524902344
        },
        {
            "jd": 2460509.7131944,
            "fid": 1,
            "diffmaglim": 19.09749984741211
        },
        {
            "jd": 2460509.713669,
            "fid": 1,
            "diffmaglim": 19.22450065612793
        },
        {
            "jd": 2460509.7708681,
            "fid": 2,
            "diffmaglim": 18.662700653076172
        },
        {
            "jd": 2460509.7903704,
            "fid": 2,
            "diffmaglim": 18.78860092163086
        },
        {
            "jd": 2460509.7908449,
            "fid": 2,
            "diffmaglim": 18.847299575805664
        },
        {
            "jd": 2460511.6914005,
            "fid": 1,
            "diffmaglim": 19.41990089416504
        },
        {
            "jd": 2460511.7257292,
            "fid": 1,
            "diffmaglim": 19.164400100708008
        },
        {
            "jd": 2460511.7262037,
            "fid": 1,
            "diffmaglim": 19.175899505615234
        },
        {
            "jd": 2460511.7767014,
            "fid": 2,
            "diffmaglim": 19.14900016784668
        },
        {
            "jd": 2460511.7771759,
            "fid": 2,
            "diffmaglim": 18.93079948425293
        },
        {
            "jd": 2460511.7977662,
            "fid": 2,
            "diffmaglim": 18.789199829101562
        },
        {
            "jd": 2460513.7143403,
            "fid": 1,
            "diffmaglim": 19.646299362182617
        },
        {
            "jd": 2460513.7343981,
            "fid": 1,
            "diffmaglim": 19.395200729370117
        },
        {
            "jd": 2460513.7545023,
            "fid": 2,
            "diffmaglim": 19.403499603271484
        },
        {
            "jd": 2460513.7563889,
            "fid": 2,
            "diffmaglim": 19.602100372314453
        },
        {
            "jd": 2460515.6905787,
            "fid": 1,
            "diffmaglim": 20.2406005859375
        },
        {
            "jd": 2460515.6910532,
            "fid": 1,
            "diffmaglim": 20.1033992767334
        },
        {
            "jd": 2460515.6915162,
            "fid": 1,
            "diffmaglim": 20.375499725341797
        },
        {
            "jd": 2460515.7675694,
            "fid": 2,
            "diffmaglim": 19.583599090576172
        },
        {
            "jd": 2460515.7689815,
            "fid": 2,
            "diffmaglim": 19.48859977722168
        },
        {
            "jd": 2460517.7027315,
            "fid": 1,
            "diffmaglim": 20.23979949951172
        },
        {
            "jd": 2460517.703206,
            "fid": 1,
            "diffmaglim": 20.08810043334961
        },
        {
            "jd": 2460517.7946181,
            "fid": 2,
            "diffmaglim": 19.24410057067871
        },
        {
            "jd": 2460519.6898958,
            "fid": 1,
            "diffmaglim": 20.297100067138672
        },
        {
            "jd": 2460519.6903588,
            "fid": 1,
            "diffmaglim": 20.264400482177734
        },
        {
            "jd": 2460520.715787,
            "fid": 2,
            "diffmaglim": 20.212499618530273
        },
        {
            "jd": 2460521.6818287,
            "fid": 1,
            "diffmaglim": 20.236900329589844
        },
        {
            "jd": 2460521.6949769,
            "fid": 1,
            "diffmaglim": 20.266799926757812
        },
        {
            "jd": 2460521.7619213,
            "fid": 2,
            "diffmaglim": 19.980100631713867
        },
        {
            "jd": 2460521.7623958,
            "fid": 2,
            "diffmaglim": 20.13800048828125
        },
        {
            "jd": 2460528.6926852,
            "fid": 1,
            "diffmaglim": 20.136999130249023
        },
        {
            "jd": 2460528.766875,
            "fid": 2,
            "diffmaglim": 18.874900817871094
        },
        {
            "jd": 2460530.6732407,
            "fid": 1,
            "diffmaglim": 20.15220069885254
        },
        {
            "jd": 2460530.7173148,
            "fid": 2,
            "diffmaglim": 19.654399871826172
        },
        {
            "jd": 2460532.7154398,
            "fid": 1,
            "diffmaglim": 20.303199768066406
        },
        {
            "jd": 2460533.6684259,
            "fid": 2,
            "diffmaglim": 18.701900482177734
        },
        {
            "jd": 2460533.7121412,
            "fid": 1,
            "diffmaglim": 20.002700805664062
        },
        {
            "jd": 2460534.6814699,
            "fid": 2,
            "diffmaglim": 17.365800857543945
        },
        {
            "jd": 2460534.6822801,
            "fid": 2,
            "diffmaglim": 17.39150047302246
        },
        {
            "jd": 2460534.6831019,
            "fid": 2,
            "diffmaglim": 17.61720085144043
        },
        {
            "jd": 2460534.7120718,
            "fid": 1,
            "diffmaglim": 17.311500549316406
        },
        {
            "jd": 2460534.7128935,
            "fid": 1,
            "diffmaglim": 17.384199142456055
        },
        {
            "jd": 2460534.7262616,
            "fid": 1,
            "diffmaglim": 18.339599609375
        },
        {
            "jd": 2460544.6980671,
            "fid": 1,
            "diffmaglim": 19.440099716186523
        }
    ],
    "forcedphot": [
        {
            "objectid": "ZTF24aaybafr",
            "jd": 2460494.7288773,
            "ranr": 229.7800715,
            "decnr": 8.2745402,
            "fid": 1,
            "forcediffimflux": -99999.0,
            "forcediffimfluxunc": -99999.0,
            "magzpsci": 26.129100799560547
        },
        {
            "objectid": "ZTF24aaybafr",
            "jd": 2460494.7333912,
            "ranr": -99999.0,
            "decnr": -99999.0,
            "fid": 2,
            "forcediffimflux": -99999.0,
            "forcediffimfluxunc": -99999.0,
            "magzpsci": 26.176300048828125
        },
        {
            "objectid": "ZTF24aaybafr",
            "jd": 2460500.6952083,
            "ranr": 229.78018,
            "decnr": 8.2745266,
            "fid": 1,
            "forcediffimflux": 36.663455963134766,
            "forcediffimfluxunc": 28.306259155273438,
            "magzpsci": 26.014999389648438
        },
        {
            "objectid": "ZTF24aaybafr",
            "jd": 2460501.7270255,
            "ranr": 229.7800715,
            "decnr": 8.2745402,
            "fid": 1,
            "forcediffimflux": -99999.0,
            "forcediffimfluxunc": -99999.0,
            "magzpsci": 26.014299392700195
        },
        {
            "objectid": "ZTF24aaybafr",
            "jd": 2460501.7533796,
            "ranr": 229.7801682,
            "decnr": 8.2745844,
            "fid": 2,
            "forcediffimflux": -24.03740882873535,
            "forcediffimfluxunc": 27.87774085998535,
            "magzpsci": 26.18549919128418
        },
        {
            "objectid": "ZTF24aaybafr",
            "jd": 2460502.6937153,
            "ranr": 229.78018,
            "decnr": 8.2745266,
            "fid": 1,
            "forcediffimflux": 41.26694869995117,
            "forcediffimfluxunc": 31.43655776977539,
            "magzpsci": 25.947200775146484
        },
        {
            "objectid": "ZTF24aaybafr",
            "jd": 2460502.7492593,
            "ranr": 229.7804337,
            "decnr": 8.2744241,
            "fid": 2,
            "forcediffimflux": 23.071683883666992,
            "forcediffimfluxunc": 31.138710021972656,
            "magzpsci": 25.908000946044922
        },
        {
            "objectid": "ZTF24aaybafr",
            "jd": 2460503.7147106,
            "ranr": -99999.0,
            "decnr": -99999.0,
            "fid": 1,
            "forcediffimflux": -99999.0,
            "forcediffimfluxunc": -99999.0,
            "magzpsci": 25.96739959716797
        },
        {
            "objectid": "ZTF24aaybafr",
            "jd": 2460503.7900926,
            "ranr": 229.7803031,
            "decnr": 8.2745056,
            "fid": 2,
            "forcediffimflux": -99999.0,
            "forcediffimfluxunc": -99999.0,
            "magzpsci": 25.807100296020508
        },
        {
            "objectid": "ZTF24aaybafr",
            "jd": 2460504.7766782,
            "ranr": 229.7804337,
            "decnr": 8.2744241,
            "fid": 2,
            "forcediffimflux": -47.86123275756836,
            "forcediffimfluxunc": 34.1350212097168,
            "magzpsci": 25.818599700927734
        },
        {
            "objectid": "ZTF24aaybafr",
            "jd": 2460505.7049884,
            "ranr": 229.7802215,
            "decnr": 8.2744872,
            "fid": 1,
            "forcediffimflux": 61.697906494140625,
            "forcediffimfluxunc": 38.13853073120117,
            "magzpsci": 26.2273006439209
        },
        {
            "objectid": "ZTF24aaybafr",
            "jd": 2460505.7140278,
            "ranr": 229.7801682,
            "decnr": 8.2745844,
            "fid": 2,
            "forcediffimflux": -33.314002990722656,
            "forcediffimfluxunc": 37.334686279296875,
            "magzpsci": 26.160900115966797
        },
        {
            "objectid": "ZTF24aaybafr",
            "jd": 2460507.7830093,
            "ranr": 229.7804337,
            "decnr": 8.2744241,
            "fid": 2,
            "forcediffimflux": -37.79945373535156,
            "forcediffimfluxunc": 64.3548583984375,
            "magzpsci": 25.92889976501465
        },
        {
            "objectid": "ZTF24aaybafr",
            "jd": 2460507.8178356,
            "ranr": 229.7802215,
            "decnr": 8.2744872,
            "fid": 1,
            "forcediffimflux": 18.933298110961914,
            "forcediffimfluxunc": 56.676727294921875,
            "magzpsci": 26.063199996948242
        },
        {
            "objectid": "ZTF24aaybafr",
            "jd": 2460509.713669,
            "ranr": 229.7802215,
            "decnr": 8.2744872,
            "fid": 1,
            "forcediffimflux": -50.84640121459961,
            "forcediffimfluxunc": 79.1651611328125,
            "magzpsci": 26.214599609375
        },
        {
            "objectid": "ZTF24aaybafr",
            "jd": 2460509.7908449,
            "ranr": 229.7804337,
            "decnr": 8.2744241,
            "fid": 2,
            "forcediffimflux": 40.186553955078125,
            "forcediffimfluxunc": 91.57745361328125,
            "magzpsci": 25.84630012512207
        },
        {
            "objectid": "ZTF24aaybafr",
            "jd": 2460511.7262037,
            "ranr": 229.78018,
            "decnr": 8.2745266,
            "fid": 1,
            "forcediffimflux": -94.87686157226562,
            "forcediffimfluxunc": 77.14212036132812,
            "magzpsci": 25.960399627685547
        },
        {
            "objectid": "ZTF24aaybafr",
            "jd": 2460511.7977662,
            "ranr": 229.7804337,
            "decnr": 8.2744241,
            "fid": 2,
            "forcediffimflux": 46.95235061645508,
            "forcediffimfluxunc": 98.50537109375,
            "magzpsci": 25.806400299072266
        },
        {
            "objectid": "ZTF24aaybafr",
            "jd": 2460513.7343981,
            "ranr": 229.78018,
            "decnr": 8.2745266,
            "fid": 1,
            "forcediffimflux": -21.938861846923828,
            "forcediffimfluxunc": 73.07075500488281,
            "magzpsci": 25.975500106811523
        },
        {
            "objectid": "ZTF24aaybafr",
            "jd": 2460513.789919,
            "ranr": 229.7803031,
            "decnr": 8.2745056,
            "fid": 2,
            "forcediffimflux": -99999.0,
            "forcediffimfluxunc": -99999.0,
            "magzpsci": 25.895299911499023
        },
        {
            "objectid": "ZTF24aaybafr",
            "jd": 2460515.6915162,
            "ranr": 229.7802215,
            "decnr": 8.2744872,
            "fid": 1,
            "forcediffimflux": 3.1253421306610107,
            "forcediffimfluxunc": 23.994977951049805,
            "magzpsci": 26.172300338745117
        },
        {
            "objectid": "ZTF24aaybafr",
            "jd": 2460515.7689815,
            "ranr": 229.7804337,
            "decnr": 8.2744241,
            "fid": 2,
            "forcediffimflux": 17.54544448852539,
            "forcediffimfluxunc": 52.222293853759766,
            "magzpsci": 25.846200942993164
        },
        {
            "objectid": "ZTF24aaybafr",
            "jd": 2460517.703206,
            "ranr": 229.7800715,
            "decnr": 8.2745402,
            "fid": 1,
            "forcediffimflux": -99999.0,
            "forcediffimfluxunc": -99999.0,
            "magzpsci": 25.934799194335938
        },
        {
            "objectid": "ZTF24aaybafr",
            "jd": 2460517.7946181,
            "ranr": -99999.0,
            "decnr": -99999.0,
            "fid": 2,
            "forcediffimflux": -99999.0,
            "forcediffimfluxunc": -99999.0,
            "magzpsci": 25.91860008239746
        },
        {
            "objectid": "ZTF24aaybafr",
            "jd": 2460519.6903588,
            "ranr": -99999.0,
            "decnr": -99999.0,
            "fid": 1,
            "forcediffimflux": -99999.0,
            "forcediffimfluxunc": -99999.0,
            "magzpsci": 26.330299377441406
        },
        {
            "objectid": "ZTF24aaybafr",
            "jd": 2460520.715787,
            "ranr": 229.7803031,
            "decnr": 8.2745056,
            "fid": 2,
            "forcediffimflux": -3.2908620834350586,
            "forcediffimfluxunc": 29.900482177734375,
            "magzpsci": 26.037099838256836
        },
        {
            "objectid": "ZTF24aaybafr",
            "jd": 2460521.6949769,
            "ranr": 229.7802215,
            "decnr": 8.2744872,
            "fid": 1,
            "forcediffimflux": -8.611255645751953,
            "forcediffimfluxunc": 29.419475555419922,
            "magzpsci": 26.319900512695312
        },
        {
            "objectid": "ZTF24aaybafr",
            "jd": 2460521.7623958,
            "ranr": 229.7801682,
            "decnr": 8.2745844,
            "fid": 2,
            "forcediffimflux": -44.85231018066406,
            "forcediffimfluxunc": 30.924942016601562,
            "magzpsci": 26.181100845336914
        },
        {
            "objectid": "ZTF24aaybafr",
            "jd": 2460524.6817477,
            "ranr": 229.78018,
            "decnr": 8.2745266,
            "fid": 1,
            "forcediffimflux": 536.453857421875,
            "forcediffimfluxunc": 33.0870475769043,
            "magzpsci": 25.92609977722168
        },
        {
            "objectid": "ZTF24aaybafr",
            "jd": 2460524.6831597,
            "ranr": 229.7802215,
            "decnr": 8.2744872,
            "fid": 1,
            "forcediffimflux": 714.8982543945312,
            "forcediffimfluxunc": 32.15946960449219,
            "magzpsci": 26.144699096679688
        },
        {
            "objectid": "ZTF24aaybafr",
            "jd": 2460524.7279745,
            "ranr": -99999.0,
            "decnr": -99999.0,
            "fid": 2,
            "forcediffimflux": -99999.0,
            "forcediffimfluxunc": -99999.0,
            "magzpsci": 26.068300247192383
        },
        {
            "objectid": "ZTF24aaybafr",
            "jd": 2460524.7347338,
            "ranr": 229.7804337,
            "decnr": 8.2744241,
            "fid": 2,
            "forcediffimflux": 552.4901123046875,
            "forcediffimfluxunc": 39.19492721557617,
            "magzpsci": 25.901100158691406
        },
        {
            "objectid": "ZTF24aaybafr",
            "jd": 2460526.6758333,
            "ranr": 229.7802215,
            "decnr": 8.2744872,
            "fid": 1,
            "forcediffimflux": 1094.2705078125,
            "forcediffimfluxunc": 30.555864334106445,
            "magzpsci": 26.319599151611328
        },
        {
            "objectid": "ZTF24aaybafr",
            "jd": 2460526.765,
            "ranr": 229.7803031,
            "decnr": 8.2745056,
            "fid": 2,
            "forcediffimflux": -99999.0,
            "forcediffimfluxunc": -99999.0,
            "magzpsci": 25.968299865722656
        },
        {
            "objectid": "ZTF24aaybafr",
            "jd": 2460526.7729051,
            "ranr": 229.7804337,
            "decnr": 8.2744241,
            "fid": 2,
            "forcediffimflux": 620.1614379882812,
            "forcediffimfluxunc": 46.853179931640625,
            "magzpsci": 25.889699935913086
        },
        {
            "objectid": "ZTF24aaybafr",
            "jd": 2460528.6926852,
            "ranr": 229.7800715,
            "decnr": 8.2745402,
            "fid": 1,
            "forcediffimflux": -99999.0,
            "forcediffimfluxunc": -99999.0,
            "magzpsci": 25.986900329589844
        },
        {
            "objectid": "ZTF24aaybafr",
            "jd": 2460528.7055556,
            "ranr": 229.7802215,
            "decnr": 8.2744872,
            "fid": 1,
            "forcediffimflux": 1022.4419555664062,
            "forcediffimfluxunc": 37.527610778808594,
            "magzpsci": 26.18939971923828
        },
        {
            "objectid": "ZTF24aaybafr",
            "jd": 2460530.6876505,
            "ranr": 229.78018,
            "decnr": 8.2745266,
            "fid": 1,
            "forcediffimflux": 742.6311645507812,
            "forcediffimfluxunc": 36.05202102661133,
            "magzpsci": 25.950300216674805
        },
        {
            "objectid": "ZTF24aaybafr",
            "jd": 2460530.7173148,
            "ranr": -99999.0,
            "decnr": -99999.0,
            "fid": 2,
            "forcediffimflux": -99999.0,
            "forcediffimfluxunc": -99999.0,
            "magzpsci": 26.05139923095703
        },
        {
            "objectid": "ZTF24aaybafr",
            "jd": 2460530.7345718,
            "ranr": 229.7801682,
            "decnr": 8.2745844,
            "fid": 2,
            "forcediffimflux": 890.10009765625,
            "forcediffimfluxunc": 39.09694290161133,
            "magzpsci": 26.095199584960938
        },
        {
            "objectid": "ZTF24aaybafr",
            "jd": 2460532.6667245,
            "ranr": -99999.0,
            "decnr": -99999.0,
            "fid": 2,
            "forcediffimflux": -99999.0,
            "forcediffimfluxunc": -99999.0,
            "magzpsci": 26.793100357055664
        },
        {
            "objectid": "ZTF24aaybafr",
            "jd": 2460532.6675463,
            "ranr": 229.7804337,
            "decnr": 8.2744241,
            "fid": 2,
            "forcediffimflux": 1632.22900390625,
            "forcediffimfluxunc": 54.22028350830078,
            "magzpsci": 26.63960075378418
        },
        {
            "objectid": "ZTF24aaybafr",
            "jd": 2460532.6691898,
            "ranr": 229.7801682,
            "decnr": 8.2745844,
            "fid": 2,
            "forcediffimflux": 2091.88623046875,
            "forcediffimfluxunc": 47.32476806640625,
            "magzpsci": 26.868900299072266
        },
        {
            "objectid": "ZTF24aaybafr",
            "jd": 2460532.7113426,
            "ranr": 229.78018,
            "decnr": 8.2745266,
            "fid": 1,
            "forcediffimflux": 1444.240966796875,
            "forcediffimfluxunc": 53.581809997558594,
            "magzpsci": 26.55500030517578
        },
        {
            "objectid": "ZTF24aaybafr",
            "jd": 2460532.7154398,
            "ranr": -99999.0,
            "decnr": -99999.0,
            "fid": 1,
            "forcediffimflux": -99999.0,
            "forcediffimfluxunc": -99999.0,
            "magzpsci": 26.68000030517578
        },
        {
            "objectid": "ZTF24aaybafr",
            "jd": 2460533.7121412,
            "ranr": -99999.0,
            "decnr": -99999.0,
            "fid": 1,
            "forcediffimflux": -99999.0,
            "forcediffimfluxunc": -99999.0,
            "magzpsci": 26.63949966430664
        },
        {
            "objectid": "ZTF24aaybafr",
            "jd": 2460533.7255093,
            "ranr": 229.7802215,
            "decnr": 8.2744872,
            "fid": 1,
            "forcediffimflux": 1673.747314453125,
            "forcediffimfluxunc": 61.576942443847656,
            "magzpsci": 26.68709945678711
        },
        {
            "objectid": "ZTF24aaybafr",
            "jd": 2460544.6980671,
            "ranr": 229.78018,
            "decnr": 8.2745266,
            "fid": 1,
            "forcediffimflux": 797.1580200195312,
            "forcediffimfluxunc": 67.18766021728516,
            "magzpsci": 25.999900817871094
        },
        {
            "objectid": "ZTF24aaybafr",
            "jd": 2460546.6945139,
            "ranr": 229.78018,
            "decnr": 8.2745266,
            "fid": 1,
            "forcediffimflux": 637.0721435546875,
            "forcediffimfluxunc": 45.99014663696289,
            "magzpsci": 25.989700317382812
        },
        {
            "objectid": "ZTF24aaybafr",
            "jd": 2460546.6949884,
            "ranr": 229.7802215,
            "decnr": 8.2744872,
            "fid": 1,
            "forcediffimflux": 791.7028198242188,
            "forcediffimfluxunc": 46.646602630615234,
            "magzpsci": 26.21940040588379
        },
        {
            "objectid": "ZTF24aaybafr",
            "jd": 2460548.7059028,
            "ranr": 229.7801682,
            "decnr": 8.2745844,
            "fid": 2,
            "forcediffimflux": 890.779052734375,
            "forcediffimfluxunc": 46.980003356933594,
            "magzpsci": 26.125600814819336
        },
        {
            "objectid": "ZTF24aaybafr",
            "jd": 2460548.7063773,
            "ranr": 229.7804337,
            "decnr": 8.2744241,
            "fid": 2,
            "forcediffimflux": 780.33935546875,
            "forcediffimfluxunc": 56.418785095214844,
            "magzpsci": 25.88680076599121
        },
        {
            "objectid": "ZTF24aaybafr",
            "jd": 2460554.6752894,
            "ranr": 229.7804337,
            "decnr": 8.2744241,
            "fid": 2,
            "forcediffimflux": 758.4656372070312,
            "forcediffimfluxunc": 42.90837097167969,
            "magzpsci": 25.90920066833496
        },
        {
            "objectid": "ZTF24aaybafr",
            "jd": 2460554.6757639,
            "ranr": 229.7801682,
            "decnr": 8.2745844,
            "fid": 2,
            "forcediffimflux": 847.6038818359375,
            "forcediffimfluxunc": 36.55760192871094,
            "magzpsci": 26.1466007232666
        },
        {
            "objectid": "ZTF24aaybafr",
            "jd": 2460556.6498264,
            "ranr": 229.7804337,
            "decnr": 8.2744241,
            "fid": 2,
            "forcediffimflux": 724.8104248046875,
            "forcediffimfluxunc": 41.04377746582031,
            "magzpsci": 25.888099670410156
        },
        {
            "objectid": "ZTF24aaybafr",
            "jd": 2460556.6507639,
            "ranr": 229.7801682,
            "decnr": 8.2745844,
            "fid": 2,
            "forcediffimflux": 877.4512329101562,
            "forcediffimfluxunc": 36.76731491088867,
            "magzpsci": 26.115699768066406
        }
    ]
}