{
    "objectId": "ZTF20acoplqe",
    "candidates": [
        {
            "candid": 1401105694015015006,
            "jd": 2459155.6056944,
            "ra": 312.0416316,
            "dec": -1.2111435,
            "fid": 2,
            "nid": 1401,
            "magpsf": 19.775400161743164,
            "sigmapsf": 0.1795399934053421,
            "magnr": 18.72100067138672,
            "sigmagnr": 0.1550000011920929,
            "magzpsci": 26.44540023803711,
            "isdiffpos": "t",
            "ssdistnr": -999.0,
            "ssnamenr": "null",
            "drb": 0.999305009841919
        },
        {
            "candid": 1401127624015015009,
            "jd": 2459155.6276273,
            "ra": 312.0416589,
            "dec": -1.2111355,
            "fid": 1,
            "nid": 1401,
            "magpsf": 19.472200393676758,
            "sigmapsf": 0.1755409985780716,
            "magnr": 17.641000747680664,
            "sigmagnr": 0.050999999046325684,
            "magzpsci": 26.39620018005371,
            "isdiffpos": "t",
            "ssdistnr": -999.0,
            "ssnamenr": "null",
            "drb": 0.9999669790267944
        },
        {
            "candid": 1404154964015015011,
            "jd": 2459158.6549653,
            "ra": 312.0415917,
            "dec": -1.211161,
            "fid": 1,
            "nid": 1404,
            "magpsf": 19.069400787353516,
            "sigmapsf": 0.11038599908351898,
            "magnr": 17.641000747680664,
            "sigmagnr": 0.050999999046325684,
            "magzpsci": 26.347400665283203,
            "isdiffpos": "t",
            "ssdistnr": -999.0,
            "ssnamenr": "null",
            "drb": 0.9999880194664001
        },
        {
            "candid": 1410106554015015006,
            "jd": 2459164.6065509,
            "ra": 312.041561,
            "dec": -1.2112409,
            "fid": 2,
            "nid": 1410,
            "magpsf": 19.08650016784668,
            "sigmapsf": 0.109825000166893,
            "magnr": 18.72100067138672,
            "sigmagnr": 0.1550000011920929,
            "magzpsci": 26.449499130249023,
            "isdiffpos": "t",
            "ssdistnr": -999.0,
            "ssnamenr": "null",
            "drb": 0.999222993850708
        },
        {
            "candid": 1413108324015015011,
            "jd": 2459167.6083218,
            "ra": 312.041659,
            "dec": -1.2111615,
            "fid": 2,
            "nid": 1413,
            "magpsf": 19.101200103759766,
            "sigmapsf": 0.11410900205373764,
            "magnr": 18.72100067138672,
            "sigmagnr": 0.1550000011920929,
            "magzpsci": 26.451200485229492,
            "isdiffpos": "t",
            "ssdistnr": -999.0,
            "ssnamenr": "null",
            "drb": 1.0
        },
        {
            "candid": 1413164474015015012,
            "jd": 2459167.6644792,
            "ra": 312.0415901,
            "dec": -1.2112137,
            "fid": 1,
            "nid": 1413,
            "magpsf": 18.938400268554688,
            "sigmapsf": 0.12325599789619446,
            "magnr": 17.641000747680664,
            "sigmagnr": 0.050999999046325684,
            "magzpsci": 26.326400756835938,
            "isdiffpos": "t",
            "ssdistnr": -999.0,
            "ssnamenr": "null",
            "drb": 0.9997079968452454
        },
        {
            "candid": 1415107064015015012,
            "jd": 2459169.6070602,
            "ra": 312.0416626,
            "dec": -1.211208,
            "fid": 1,
            "nid": 1415,
            "magpsf": 18.94849967956543,
            "sigmapsf": 0.09534399956464767,
            "magnr": 17.641000747680664,
            "sigmagnr": 0.050999999046325684,
            "magzpsci": 26.385499954223633,
            "isdiffpos": "t",
            "ssdistnr": -999.0,
            "ssnamenr": "null",
            "drb": 0.9999989867210388
        },
        {
            "candid": 1417087664015015010,
            "jd": 2459171.587662,
            "ra": 312.0416219,
            "dec": -1.2111711,
            "fid": 2,
            "nid": 1417,
            "magpsf": 18.97330093383789,
            "sigmapsf": 0.09712199866771698,
            "magnr": 18.72100067138672,
            "sigmagnr": 0.1550000011920929,
            "magzpsci": 26.44029998779297,
            "isdiffpos": "t",
            "ssdistnr": -999.0,
            "ssnamenr": "null",
            "drb": 0.9998310208320618
        },
        {
            "candid": 1417152234015015013,
            "jd": 2459171.6522338,
            "ra": 312.0416403,
            "dec": -1.2111685,
            "fid": 1,
            "nid": 1417,
            "magpsf": 18.929500579833984,
            "sigmapsf": 0.08425600081682205,
            "magnr": 17.641000747680664,
            "sigmagnr": 0.050999999046325684,
            "magzpsci": 26.31450080871582,
            "isdiffpos": "t",
            "ssdistnr": -999.0,
            "ssnamenr": "null",
            "drb": 1.0
        },
        {
            "candid": 1419084254015025011,
            "jd": 2459173.5842593,
            "ra": 312.0416175,
            "dec": -1.2111541,
            "fid": 2,
            "nid": 1419,
            "magpsf": 18.883699417114258,
            "sigmapsf": 0.06808000057935715,
            "magnr": 18.72100067138672,
            "sigmagnr": 0.1550000011920929,
            "magzpsci": 26.444700241088867,
            "isdiffpos": "t",
            "ssdistnr": -999.0,
            "ssnamenr": "null",
            "drb": 1.0
        },
        {
            "candid": 1423068664015015008,
            "jd": 2459177.568669,
            "ra": 312.0416358,
            "dec": -1.2112183,
            "fid": 2,
            "nid": 1423,
            "magpsf": 18.977800369262695,
            "sigmapsf": 0.13595199584960938,
            "magnr": 18.72100067138672,
            "sigmagnr": 0.1550000011920929,
            "magzpsci": 26.43079948425293,
            "isdiffpos": "t",
            "ssdistnr": -999.0,
            "ssnamenr": "null",
            "drb": 0.9999989867210388
        },
        {
            "candid": 1423111354015015010,
            "jd": 2459177.6113542,
            "ra": 312.041674,
            "dec": -1.2111686,
            "fid": 1,
            "nid": 1423,
            "magpsf": 18.9906005859375,
            "sigmapsf": 0.14812499284744263,
            "magnr": 17.641000747680664,
            "sigmagnr": 0.050999999046325684,
            "magzpsci": 26.303600311279297,
            "isdiffpos": "t",
            "ssdistnr": -999.0,
            "ssnamenr": "null",
            "drb": 0.9985529780387878
        },
        {
            "candid": 1425122224015015012,
            "jd": 2459179.6222222,
            "ra": 312.0416183,
            "dec": -1.2111697,
            "fid": 2,
            "nid": 1425,
            "magpsf": 19.033000946044922,
            "sigmapsf": 0.09578400105237961,
            "magnr": 18.72100067138672,
            "sigmagnr": 0.1550000011920929,
            "magzpsci": 26.410999298095703,
            "isdiffpos": "t",
            "ssdistnr": -999.0,
            "ssnamenr": "null",
            "drb": 0.9970129728317261
        },
        {
            "candid": 1425166154015015006,
            "jd": 2459179.6661574,
            "ra": 312.0416747,
            "dec": -1.2112107,
            "fid": 1,
            "nid": 1425,
            "magpsf": 19.04640007019043,
            "sigmapsf": 0.23383699357509613,
            "magnr": 17.641000747680664,
            "sigmagnr": 0.050999999046325684,
            "magzpsci": 26.20840072631836,
            "isdiffpos": "t",
            "ssdistnr": -999.0,
            "ssnamenr": "-999.0",
            "drb": null
        },
        {
            "candid": 1427081134015015005,
            "jd": 2459181.5811343,
            "ra": 312.0416551,
            "dec": -1.2111934,
            "fid": 2,
            "nid": 1427,
            "magpsf": 18.707199096679688,
            "sigmapsf": 0.1263819932937622,
            "magnr": 18.72100067138672,
            "sigmagnr": 0.1550000011920929,
            "magzpsci": 26.43120002746582,
            "isdiffpos": "t",
            "ssdistnr": -999.0,
            "ssnamenr": "null",
            "drb": 0.9985380172729492
        },
        {
            "candid": 1427127124015015009,
            "jd": 2459181.6271296,
            "ra": 312.0416556,
            "dec": -1.2111958,
            "fid": 1,
            "nid": 1427,
            "magpsf": 19.101699829101562,
            "sigmapsf": 0.2734079957008362,
            "magnr": 17.641000747680664,
            "sigmagnr": 0.050999999046325684,
            "magzpsci": 26.31369972229004,
            "isdiffpos": "t",
            "ssdistnr": -999.0,
            "ssnamenr": "-999.0",
            "drb": null
        },
        {
            "candid": 1430092534015015004,
            "jd": 2459184.5925347,
            "ra": 312.0416592,
            "dec": -1.2111432,
            "fid": 2,
            "nid": 1430,
            "magpsf": 18.94809913635254,
            "sigmapsf": 0.11456800252199173,
            "magnr": 18.72100067138672,
            "sigmagnr": 0.1550000011920929,
            "magzpsci": 26.41510009765625,
            "isdiffpos": "t",
            "ssdistnr": -999.0,
            "ssnamenr": "null",
            "drb": 0.9912329912185669
        },
        {
            "candid": 1432094524015015005,
            "jd": 2459186.5945255,
            "ra": 312.0416233,
            "dec": -1.2112089,
            "fid": 2,
            "nid": 1432,
            "magpsf": 18.89620018005371,
            "sigmapsf": 0.13159100711345673,
            "magnr": 18.72100067138672,
            "sigmagnr": 0.1550000011920929,
            "magzpsci": 26.40220069885254,
            "isdiffpos": "t",
            "ssdistnr": -999.0,
            "ssnamenr": "null",
            "drb": 0.999006986618042
        },
        {
            "candid": 1434093804015015008,
            "jd": 2459188.5938079,
            "ra": 312.0416371,
            "dec": -1.2112072,
            "fid": 2,
            "nid": 1434,
            "magpsf": 18.96969985961914,
            "sigmapsf": 0.0957380011677742,
            "magnr": 18.72100067138672,
            "sigmagnr": 0.1550000011920929,
            "magzpsci": 26.42970085144043,
            "isdiffpos": "t",
            "ssdistnr": -999.0,
            "ssnamenr": "null",
            "drb": 0.9999769926071167
        },
        {
            "candid": 1436114764015015006,
            "jd": 2459190.6147685,
            "ra": 312.0416177,
            "dec": -1.2111509,
            "fid": 2,
            "nid": 1436,
            "magpsf": 18.935400009155273,
            "sigmapsf": 0.10357800126075745,
            "magnr": 18.72100067138672,
            "sigmagnr": 0.1550000011920929,
            "magzpsci": 26.396400451660156,
            "isdiffpos": "t",
            "ssdistnr": -999.0,
            "ssnamenr": "null",
            "drb": 0.999888002872467
        },
        {
            "jd": 2459125.76924,
            "fid": 2,
            "diffmaglim": 19.700000762939453
        },
        {
            "jd": 2459127.67041,
            "fid": 1,
            "diffmaglim": 17.611000061035156
        },
        {
            "jd": 2459127.75443,
            "fid": 2,
            "diffmaglim": 15.881999969482422
        },
        {
            "jd": 2459130.68747,
            "fid": 1,
            "diffmaglim": 20.55299949645996
        },
        {
            "jd": 2459130.70838,
            "fid": 2,
            "diffmaglim": 20.509000778198242
        },
        {
            "jd": 2459135.65448,
            "fid": 2,
            "diffmaglim": 20.459999084472656
        },
        {
            "jd": 2459135.72899,
            "fid": 1,
            "diffmaglim": 20.31100082397461
        },
        {
            "jd": 2459137.70331,
            "fid": 2,
            "diffmaglim": 20.24799919128418
        },
        {
            "jd": 2459137.72694,
            "fid": 1,
            "diffmaglim": 20.232999801635742
        },
        {
            "jd": 2459139.74887,
            "fid": 2,
            "diffmaglim": 20.15999984741211
        },
        {
            "jd": 2459141.64556,
            "fid": 2,
            "diffmaglim": 20.461000442504883
        },
        {
            "jd": 2459143.63454,
            "fid": 2,
            "diffmaglim": 20.64699935913086
        },
        {
            "jd": 2459143.68693,
            "fid": 1,
            "diffmaglim": 20.606000900268555
        },
        {
            "jd": 2459145.62458,
            "fid": 2,
            "diffmaglim": 20.417999267578125
        },
        {
            "jd": 2459145.69006,
            "fid": 1,
            "diffmaglim": 20.17300033569336
        },
        {
            "jd": 2459149.6214,
            "fid": 2,
            "diffmaglim": 19.03700065612793
        },
        {
            "jd": 2459149.6862,
            "fid": 1,
            "diffmaglim": 19.08099937438965
        },
        {
            "jd": 2459150.66416,
            "fid": 1,
            "diffmaglim": 19.49799919128418
        },
        {
            "jd": 2459150.69515,
            "fid": 2,
            "diffmaglim": 19.43899917602539
        },
        {
            "jd": 2459151.60939,
            "fid": 2,
            "diffmaglim": 19.815000534057617
        },
        {
            "jd": 2459151.6497,
            "fid": 1,
            "diffmaglim": 19.41699981689453
        },
        {
            "jd": 2459153.58667,
            "fid": 2,
            "diffmaglim": 19.92799949645996
        },
        {
            "jd": 2459153.66403,
            "fid": 1,
            "diffmaglim": 19.351999282836914
        },
        {
            "jd": 2459169.63051,
            "fid": 2,
            "diffmaglim": 19.69099998474121
        },
        {
            "jd": 2459175.63056,
            "fid": 2,
            "diffmaglim": 18.19099998474121
        }
    ],
    "forcedphot": []
}