{
    "objectId": "ZTF20abkkuhh",
    "candidates": [
        {
            "candid": 1287211675515015015,
            "jd": 2459041.7116782,
            "ra": 234.6433902,
            "dec": 6.6505065,
            "fid": 1,
            "nid": 1287,
            "magpsf": 19.416900634765625,
            "sigmapsf": 0.11668399721384048,
            "magnr": 19.297000885009766,
            "sigmagnr": 0.12399999797344208,
            "magzpsci": 26.006900787353516,
            "isdiffpos": "t",
            "ssdistnr": -999.0,
            "ssnamenr": "null",
            "drb": 0.9999939799308777
        },
        {
            "candid": 1290211845515015010,
            "jd": 2459044.7118403,
            "ra": 234.6434112,
            "dec": 6.6504429,
            "fid": 2,
            "nid": 1290,
            "magpsf": 18.94969940185547,
            "sigmapsf": 0.09732799977064133,
            "magnr": 18.708999633789062,
            "sigmagnr": 0.12999999523162842,
            "magzpsci": 26.268699645996094,
            "isdiffpos": "t",
            "ssdistnr": -999.0,
            "ssnamenr": "null",
            "drb": 1.0
        },
        {
            "candid": 1293214355515015013,
            "jd": 2459047.7143519,
            "ra": 234.6433692,
            "dec": 6.6504706,
            "fid": 2,
            "nid": 1293,
            "magpsf": 18.878999710083008,
            "sigmapsf": 0.06665299832820892,
            "magnr": 18.708999633789062,
            "sigmagnr": 0.12999999523162842,
            "magzpsci": 26.270999908447266,
            "isdiffpos": "t",
            "ssdistnr": -999.0,
            "ssnamenr": "null",
            "drb": 1.0
        },
        {
            "candid": 1297169495515015007,
            "jd": 2459051.6694907,
            "ra": 234.6433974,
            "dec": 6.6504768,
            "fid": 1,
            "nid": 1297,
            "magpsf": 18.88249969482422,
            "sigmapsf": 0.08885099738836288,
            "magnr": 19.297000885009766,
            "sigmagnr": 0.12399999797344208,
            "magzpsci": 26.322500228881836,
            "isdiffpos": "t",
            "ssdistnr": -999.0,
            "ssnamenr": "null",
            "drb": 1.0
        },
        {
            "candid": 1310193245515015008,
            "jd": 2459064.6932407,
            "ra": 234.6433828,
            "dec": 6.650515,
            "fid": 1,
            "nid": 1310,
            "magpsf": 19.13319969177246,
            "sigmapsf": 0.21290899813175201,
            "magnr": 19.297000885009766,
            "sigmagnr": 0.12399999797344208,
            "magzpsci": 26.190200805664062,
            "isdiffpos": "t",
            "ssdistnr": -999.0,
            "ssnamenr": "-999.0",
            "drb": null
        },
        {
            "candid": 1310274915515015002,
            "jd": 2459064.774919,
            "ra": 234.6434015,
            "dec": 6.6504598,
            "fid": 2,
            "nid": 1310,
            "magpsf": 18.921600341796875,
            "sigmapsf": 0.2003049999475479,
            "magnr": 18.708999633789062,
            "sigmagnr": 0.12999999523162842,
            "magzpsci": 26.13360023498535,
            "isdiffpos": "t",
            "ssdistnr": -999.0,
            "ssnamenr": "null",
            "drb": 0.9999949932098389
        },
        {
            "jd": 2459011.75506,
            "fid": 2,
            "diffmaglim": 20.576000213623047
        },
        {
            "jd": 2459011.79112,
            "fid": 1,
            "diffmaglim": 20.62299919128418
        },
        {
            "jd": 2459014.73479,
            "fid": 2,
            "diffmaglim": 20.5310001373291
        },
        {
            "jd": 2459017.71177,
            "fid": 1,
            "diffmaglim": 20.840999603271484
        },
        {
            "jd": 2459017.7551,
            "fid": 2,
            "diffmaglim": 20.684999465942383
        },
        {
            "jd": 2459020.72045,
            "fid": 1,
            "diffmaglim": 20.84000015258789
        },
        {
            "jd": 2459020.75171,
            "fid": 2,
            "diffmaglim": 20.743000030517578
        },
        {
            "jd": 2459023.69515,
            "fid": 2,
            "diffmaglim": 20.59000015258789
        },
        {
            "jd": 2459023.7349,
            "fid": 1,
            "diffmaglim": 20.94300079345703
        },
        {
            "jd": 2459026.73201,
            "fid": 1,
            "diffmaglim": 20.450000762939453
        },
        {
            "jd": 2459026.75501,
            "fid": 2,
            "diffmaglim": 17.02899932861328
        },
        {
            "jd": 2459029.71297,
            "fid": 2,
            "diffmaglim": 19.809999465942383
        },
        {
            "jd": 2459032.74876,
            "fid": 2,
            "diffmaglim": 19.735000610351562
        },
        {
            "jd": 2459032.86263,
            "fid": 1,
            "diffmaglim": 19.007999420166016
        },
        {
            "jd": 2459035.70498,
            "fid": 1,
            "diffmaglim": 19.2450008392334
        },
        {
            "jd": 2459035.79429,
            "fid": 2,
            "diffmaglim": 19.25200080871582
        },
        {
            "jd": 2459038.71269,
            "fid": 2,
            "diffmaglim": 20.43899917602539
        },
        {
            "jd": 2459038.73101,
            "fid": 1,
            "diffmaglim": 20.47100067138672
        }
    ],
    "forcedphot": []
}