{
    "objectId": "ZTF24abnepdg",
    "candidates": [
        {
            "candid": 2844462063815015005,
            "jd": 2460598.9620602,
            "ra": 65.790771,
            "dec": -2.5203222,
            "fid": 1,
            "nid": 2844,
            "magpsf": 19.65250015258789,
            "sigmapsf": 0.1668969988822937,
            "magnr": 19.472999572753906,
            "sigmagnr": 0.09200000017881393,
            "magzpsci": 26.311500549316406,
            "isdiffpos": "t",
            "ssdistnr": null,
            "ssnamenr": null,
            "drb": 0.9999974370002747
        },
        {
            "candid": 2846398513815015002,
            "jd": 2460600.8985185,
            "ra": 65.7908242,
            "dec": -2.5202605,
            "fid": 1,
            "nid": 2846,
            "magpsf": 19.213899612426758,
            "sigmapsf": 0.2550320029258728,
            "magnr": 19.472999572753906,
            "sigmagnr": 0.09200000017881393,
            "magzpsci": 26.307899475097656,
            "isdiffpos": "t",
            "ssdistnr": null,
            "ssnamenr": null,
            "drb": null
        },
        {
            "candid": 2846441753815015003,
            "jd": 2460600.9417593,
            "ra": 65.7907983,
            "dec": -2.5203004,
            "fid": 2,
            "nid": 2846,
            "magpsf": 19.3262996673584,
            "sigmapsf": 0.22344699501991272,
            "magnr": 18.841999053955078,
            "sigmagnr": 0.09200000017881393,
            "magzpsci": 26.331300735473633,
            "isdiffpos": "t",
            "ssdistnr": null,
            "ssnamenr": null,
            "drb": null
        },
        {
            "candid": 2849374343815015006,
            "jd": 2460603.8743403,
            "ra": 65.7906812,
            "dec": -2.5202159,
            "fid": 2,
            "nid": 2849,
            "magpsf": 18.962200164794922,
            "sigmapsf": 0.12714900076389313,
            "magnr": 18.841999053955078,
            "sigmagnr": 0.09200000017881393,
            "magzpsci": 26.311199188232422,
            "isdiffpos": "t",
            "ssdistnr": null,
            "ssnamenr": null,
            "drb": null
        },
        {
            "candid": 2853377953815015007,
            "jd": 2460607.8779514,
            "ra": 65.7907523,
            "dec": -2.5201904,
            "fid": 1,
            "nid": 2853,
            "magpsf": 18.937000274658203,
            "sigmapsf": 0.08534900099039078,
            "magnr": 19.472999572753906,
            "sigmagnr": 0.09200000017881393,
            "magzpsci": 26.305999755859375,
            "isdiffpos": "t",
            "ssdistnr": null,
            "ssnamenr": null,
            "drb": null
        },
        {
            "candid": 2853440653815015005,
            "jd": 2460607.9406597,
            "ra": 65.7907294,
            "dec": -2.5202368,
            "fid": 2,
            "nid": 2853,
            "magpsf": 18.908700942993164,
            "sigmapsf": 0.08376500010490417,
            "magnr": 18.841999053955078,
            "sigmagnr": 0.09200000017881393,
            "magzpsci": 26.32270050048828,
            "isdiffpos": "t",
            "ssdistnr": null,
            "ssnamenr": null,
            "drb": null
        },
        {
            "candid": 2855377733815015008,
            "jd": 2460609.8777315,
            "ra": 65.7907538,
            "dec": -2.5202185,
            "fid": 1,
            "nid": 2855,
            "magpsf": 19.02519989013672,
            "sigmapsf": 0.10332600027322769,
            "magnr": 19.472999572753906,
            "sigmagnr": 0.09200000017881393,
            "magzpsci": 26.17020034790039,
            "isdiffpos": "t",
            "ssdistnr": null,
            "ssnamenr": null,
            "drb": null
        },
        {
            "candid": 2855463323815015009,
            "jd": 2460609.9633218,
            "ra": 65.7907356,
            "dec": -2.520244,
            "fid": 2,
            "nid": 2855,
            "magpsf": 18.865999221801758,
            "sigmapsf": 0.08405400067567825,
            "magnr": 18.841999053955078,
            "sigmagnr": 0.09200000017881393,
            "magzpsci": 26.23699951171875,
            "isdiffpos": "t",
            "ssdistnr": null,
            "ssnamenr": null,
            "drb": null
        },
        {
            "candid": 2857341003815015020,
            "jd": 2460611.8410069,
            "ra": 65.7908024,
            "dec": -2.5202769,
            "fid": 2,
            "nid": 2857,
            "magpsf": 18.885099411010742,
            "sigmapsf": 0.11847099661827087,
            "magnr": 18.841999053955078,
            "sigmagnr": 0.09200000017881393,
            "magzpsci": 25.822099685668945,
            "isdiffpos": "t",
            "ssdistnr": null,
            "ssnamenr": null,
            "drb": null
        },
        {
            "candid": 2861442303815015008,
            "jd": 2460615.9423032,
            "ra": 65.7906881,
            "dec": -2.5202172,
            "fid": 2,
            "nid": 2861,
            "magpsf": 18.94569969177246,
            "sigmapsf": 0.0807730033993721,
            "magnr": 18.841999053955078,
            "sigmagnr": 0.09200000017881393,
            "magzpsci": 26.310699462890625,
            "isdiffpos": "t",
            "ssdistnr": null,
            "ssnamenr": null,
            "drb": null
        },
        {
            "candid": 2864312233815015014,
            "jd": 2460618.8122338,
            "ra": 65.7907212,
            "dec": -2.5202392,
            "fid": 2,
            "nid": 2864,
            "magpsf": 19.04170036315918,
            "sigmapsf": 0.1315300017595291,
            "magnr": 18.841999053955078,
            "sigmagnr": 0.09200000017881393,
            "magzpsci": 26.292699813842773,
            "isdiffpos": "t",
            "ssdistnr": null,
            "ssnamenr": null,
            "drb": null
        },
        {
            "candid": 2864363943815015021,
            "jd": 2460618.8639468,
            "ra": 65.7907882,
            "dec": -2.5202391,
            "fid": 1,
            "nid": 2864,
            "magpsf": 19.26449966430664,
            "sigmapsf": 0.13060100376605988,
            "magnr": 19.472999572753906,
            "sigmagnr": 0.09200000017881393,
            "magzpsci": 26.28849983215332,
            "isdiffpos": "t",
            "ssdistnr": null,
            "ssnamenr": null,
            "drb": null
        },
        {
            "candid": 2866331083815015006,
            "jd": 2460620.831088,
            "ra": 65.7907728,
            "dec": -2.5201899,
            "fid": 2,
            "nid": 2866,
            "magpsf": 19.03179931640625,
            "sigmapsf": 0.25605300068855286,
            "magnr": 18.841999053955078,
            "sigmagnr": 0.09200000017881393,
            "magzpsci": 25.39780044555664,
            "isdiffpos": "t",
            "ssdistnr": null,
            "ssnamenr": null,
            "drb": null
        },
        {
            "candid": 2866353593815015015,
            "jd": 2460620.8535995,
            "ra": 65.7907149,
            "dec": -2.5202542,
            "fid": 1,
            "nid": 2866,
            "magpsf": 19.272899627685547,
            "sigmapsf": 0.15689100325107574,
            "magnr": 19.472999572753906,
            "sigmagnr": 0.09200000017881393,
            "magzpsci": 26.000900268554688,
            "isdiffpos": "t",
            "ssdistnr": null,
            "ssnamenr": null,
            "drb": null
        },
        {
            "candid": 2868414443815015019,
            "jd": 2460622.9144444,
            "ra": 65.7906775,
            "dec": -2.5201509,
            "fid": 2,
            "nid": 2868,
            "magpsf": 18.909900665283203,
            "sigmapsf": 0.11038299649953842,
            "magnr": 18.841999053955078,
            "sigmagnr": 0.09200000017881393,
            "magzpsci": 26.313899993896484,
            "isdiffpos": "t",
            "ssdistnr": null,
            "ssnamenr": null,
            "drb": null
        },
        {
            "candid": 2868445453815015012,
            "jd": 2460622.9454514,
            "ra": 65.7908611,
            "dec": -2.5202042,
            "fid": 1,
            "nid": 2868,
            "magpsf": 19.295499801635742,
            "sigmapsf": 0.1738010048866272,
            "magnr": 19.472999572753906,
            "sigmagnr": 0.09200000017881393,
            "magzpsci": 26.26650047302246,
            "isdiffpos": "t",
            "ssdistnr": null,
            "ssnamenr": null,
            "drb": null
        },
        {
            "candid": 2872241133815015005,
            "jd": 2460626.7411343,
            "ra": 65.7906165,
            "dec": -2.5202502,
            "fid": 1,
            "nid": 2872,
            "magpsf": 19.280099868774414,
            "sigmapsf": 0.2919580042362213,
            "magnr": 19.472999572753906,
            "sigmagnr": 0.09200000017881393,
            "magzpsci": 26.209199905395508,
            "isdiffpos": "t",
            "ssdistnr": null,
            "ssnamenr": null,
            "drb": null
        },
        {
            "candid": 2874290483815015006,
            "jd": 2460628.7904861,
            "ra": 65.7907326,
            "dec": -2.5202414,
            "fid": 2,
            "nid": 2874,
            "magpsf": 18.926300048828125,
            "sigmapsf": 0.14813800156116486,
            "magnr": 18.841999053955078,
            "sigmagnr": 0.09200000017881393,
            "magzpsci": 26.303300857543945,
            "isdiffpos": "t",
            "ssdistnr": null,
            "ssnamenr": null,
            "drb": null
        },
        {
            "candid": 2878339953815015007,
            "jd": 2460632.8399537,
            "ra": 65.7906918,
            "dec": -2.5203937,
            "fid": 1,
            "nid": 2878,
            "magpsf": 19.707000732421875,
            "sigmapsf": 0.25574299693107605,
            "magnr": 19.472999572753906,
            "sigmagnr": 0.09200000017881393,
            "magzpsci": 26.302000045776367,
            "isdiffpos": "t",
            "ssdistnr": null,
            "ssnamenr": null,
            "drb": null
        },
        {
            "candid": 2883327403815015007,
            "jd": 2460637.8274074,
            "ra": 65.7907293,
            "dec": -2.520243,
            "fid": 2,
            "nid": 2883,
            "magpsf": 19.078100204467773,
            "sigmapsf": 0.10622499883174896,
            "magnr": 18.841999053955078,
            "sigmagnr": 0.09200000017881393,
            "magzpsci": 26.31209945678711,
            "isdiffpos": "t",
            "ssdistnr": null,
            "ssnamenr": null,
            "drb": null
        },
        {
            "candid": 2886265503815015011,
            "jd": 2460640.7655093,
            "ra": 65.7907057,
            "dec": -2.5202316,
            "fid": 2,
            "nid": 2886,
            "magpsf": 18.903600692749023,
            "sigmapsf": 0.0837780013680458,
            "magnr": 18.841999053955078,
            "sigmagnr": 0.09200000017881393,
            "magzpsci": 26.29759979248047,
            "isdiffpos": "t",
            "ssdistnr": null,
            "ssnamenr": null,
            "drb": null
        },
        {
            "candid": 2886265503815025011,
            "jd": 2460640.7655093,
            "ra": 65.7907057,
            "dec": -2.5202316,
            "fid": 2,
            "nid": 2886,
            "magpsf": 18.903600692749023,
            "sigmapsf": 0.0837780013680458,
            "magnr": 18.841999053955078,
            "sigmagnr": 0.09200000017881393,
            "magzpsci": 26.29759979248047,
            "isdiffpos": "t",
            "ssdistnr": null,
            "ssnamenr": null,
            "drb": null
        },
        {
            "candid": 2886296213815015011,
            "jd": 2460640.7962153,
            "ra": 65.7907415,
            "dec": -2.5202178,
            "fid": 1,
            "nid": 2886,
            "magpsf": 19.58982276916504,
            "sigmapsf": 0.1497209072113037,
            "magnr": 19.472999572753906,
            "sigmagnr": 0.09200000017881393,
            "magzpsci": 26.286821365356445,
            "isdiffpos": "t",
            "ssdistnr": -999.0,
            "ssnamenr": "null",
            "drb": null
        },
        {
            "candid": 2886296213815025011,
            "jd": 2460640.7962153,
            "ra": 65.7907415,
            "dec": -2.5202178,
            "fid": 1,
            "nid": 2886,
            "magpsf": 19.589799880981445,
            "sigmapsf": 0.14972099661827087,
            "magnr": 19.472999572753906,
            "sigmagnr": 0.09200000017881393,
            "magzpsci": 26.286800384521484,
            "isdiffpos": "t",
            "ssdistnr": null,
            "ssnamenr": null,
            "drb": null
        },
        {
            "candid": 2890299033815015023,
            "jd": 2460644.7990394,
            "ra": 65.7906836,
            "dec": -2.5202393,
            "fid": 2,
            "nid": 2890,
            "magpsf": 18.98780059814453,
            "sigmapsf": 0.11232800036668777,
            "magnr": 18.841999053955078,
            "sigmagnr": 0.09200000017881393,
            "magzpsci": 26.299800872802734,
            "isdiffpos": "t",
            "ssdistnr": null,
            "ssnamenr": null,
            "drb": null
        },
        {
            "candid": 2892273263815015014,
            "jd": 2460646.7732639,
            "ra": 65.790697,
            "dec": -2.5202784,
            "fid": 1,
            "nid": 2892,
            "magpsf": 19.73080062866211,
            "sigmapsf": 0.15356799960136414,
            "magnr": 19.472999572753906,
            "sigmagnr": 0.09200000017881393,
            "magzpsci": 26.287799835205078,
            "isdiffpos": "t",
            "ssdistnr": null,
            "ssnamenr": null,
            "drb": null
        },
        {
            "candid": 2894242713815015010,
            "jd": 2460648.7427199,
            "ra": 65.7907502,
            "dec": -2.5202299,
            "fid": 2,
            "nid": 2894,
            "magpsf": 19.037900924682617,
            "sigmapsf": 0.0825980007648468,
            "magnr": 18.841999053955078,
            "sigmagnr": 0.09200000017881393,
            "magzpsci": 26.28890037536621,
            "isdiffpos": "t",
            "ssdistnr": null,
            "ssnamenr": null,
            "drb": null
        },
        {
            "candid": 2896354343815015004,
            "jd": 2460650.8543403,
            "ra": 65.7907853,
            "dec": -2.5202632,
            "fid": 1,
            "nid": 2896,
            "magpsf": 19.747299194335938,
            "sigmapsf": 0.17340700328350067,
            "magnr": 19.472999572753906,
            "sigmagnr": 0.09200000017881393,
            "magzpsci": 26.25830078125,
            "isdiffpos": "t",
            "ssdistnr": null,
            "ssnamenr": null,
            "drb": null
        },
        {
            "candid": 2898191363815015012,
            "jd": 2460652.6913657,
            "ra": 65.7907371,
            "dec": -2.5202405,
            "fid": 2,
            "nid": 2898,
            "magpsf": 19.14109992980957,
            "sigmapsf": 0.12056999653577805,
            "magnr": 18.841999053955078,
            "sigmagnr": 0.09200000017881393,
            "magzpsci": 26.29509925842285,
            "isdiffpos": "t",
            "ssdistnr": null,
            "ssnamenr": null,
            "drb": null
        },
        {
            "candid": 2900276743815015015,
            "jd": 2460654.7767477,
            "ra": 65.7909359,
            "dec": -2.5202907,
            "fid": 2,
            "nid": 2900,
            "magpsf": 19.01729965209961,
            "sigmapsf": 0.342833012342453,
            "magnr": 18.841999053955078,
            "sigmagnr": 0.09200000017881393,
            "magzpsci": 26.341299057006836,
            "isdiffpos": "t",
            "ssdistnr": null,
            "ssnamenr": null,
            "drb": null
        },
        {
            "candid": 2909312543815015010,
            "jd": 2460663.8125463,
            "ra": 65.7907314,
            "dec": -2.5202167,
            "fid": 2,
            "nid": 2909,
            "magpsf": 19.063800811767578,
            "sigmapsf": 0.10612799972295761,
            "magnr": 18.841999053955078,
            "sigmagnr": 0.09200000017881393,
            "magzpsci": 26.315799713134766,
            "isdiffpos": "t",
            "ssdistnr": null,
            "ssnamenr": null,
            "drb": null
        },
        {
            "candid": 2910285483815015039,
            "jd": 2460664.7854861,
            "ra": 65.7907037,
            "dec": -2.5201374,
            "fid": 1,
            "nid": 2910,
            "magpsf": 19.966400146484375,
            "sigmapsf": 0.21119500696659088,
            "magnr": 19.472999572753906,
            "sigmagnr": 0.09200000017881393,
            "magzpsci": 26.263399124145508,
            "isdiffpos": "t",
            "ssdistnr": null,
            "ssnamenr": null,
            "drb": null
        },
        {
            "candid": 2910332663815015005,
            "jd": 2460664.832662,
            "ra": 65.7907318,
            "dec": -2.520236,
            "fid": 2,
            "nid": 2910,
            "magpsf": 19.104000091552734,
            "sigmapsf": 0.11130400002002716,
            "magnr": 18.841999053955078,
            "sigmagnr": 0.09200000017881393,
            "magzpsci": 26.298999786376953,
            "isdiffpos": "t",
            "ssdistnr": null,
            "ssnamenr": null,
            "drb": null
        },
        {
            "candid": 2912193003815015010,
            "jd": 2460666.6930093,
            "ra": 65.7908127,
            "dec": -2.5202493,
            "fid": 1,
            "nid": 2912,
            "magpsf": 19.9867000579834,
            "sigmapsf": 0.17381499707698822,
            "magnr": 19.472999572753906,
            "sigmagnr": 0.09200000017881393,
            "magzpsci": 26.24970054626465,
            "isdiffpos": "t",
            "ssdistnr": null,
            "ssnamenr": null,
            "drb": null
        },
        {
            "candid": 2912219683815015010,
            "jd": 2460666.7196875,
            "ra": 65.790722,
            "dec": -2.5202122,
            "fid": 2,
            "nid": 2912,
            "magpsf": 19.06399917602539,
            "sigmapsf": 0.11380299925804138,
            "magnr": 18.841999053955078,
            "sigmagnr": 0.09200000017881393,
            "magzpsci": 26.159000396728516,
            "isdiffpos": "t",
            "ssdistnr": null,
            "ssnamenr": null,
            "drb": null
        },
        {
            "candid": 2920191013815015010,
            "jd": 2460674.6910185,
            "ra": 65.7907347,
            "dec": -2.520261,
            "fid": 2,
            "nid": 2920,
            "magpsf": 19.172399520874023,
            "sigmapsf": 0.1368270069360733,
            "magnr": 18.841999053955078,
            "sigmagnr": 0.09200000017881393,
            "magzpsci": 26.32740020751953,
            "isdiffpos": "t",
            "ssdistnr": null,
            "ssnamenr": null,
            "drb": null
        },
        {
            "candid": 2920221673815015013,
            "jd": 2460674.7216782,
            "ra": 65.7905977,
            "dec": -2.5201919,
            "fid": 1,
            "nid": 2920,
            "magpsf": 20.053800582885742,
            "sigmapsf": 0.20167799293994904,
            "magnr": 19.472999572753906,
            "sigmagnr": 0.09200000017881393,
            "magzpsci": 26.319799423217773,
            "isdiffpos": "t",
            "ssdistnr": null,
            "ssnamenr": null,
            "drb": null
        },
        {
            "candid": 2923234543815015007,
            "jd": 2460677.7345486,
            "ra": 65.7907388,
            "dec": -2.5202321,
            "fid": 2,
            "nid": 2923,
            "magpsf": 19.270130157470703,
            "sigmapsf": 0.11270088702440262,
            "magnr": 18.841999053955078,
            "sigmagnr": 0.09200000017881393,
            "magzpsci": 26.3281307220459,
            "isdiffpos": "t",
            "ssdistnr": -999.0,
            "ssnamenr": "null",
            "drb": null
        },
        {
            "candid": 2923234543815025007,
            "jd": 2460677.7345486,
            "ra": 65.7907388,
            "dec": -2.5202321,
            "fid": 2,
            "nid": 2923,
            "magpsf": 19.270099639892578,
            "sigmapsf": 0.11270099878311157,
            "magnr": 18.841999053955078,
            "sigmagnr": 0.09200000017881393,
            "magzpsci": 26.328100204467773,
            "isdiffpos": "t",
            "ssdistnr": null,
            "ssnamenr": null,
            "drb": null
        },
        {
            "candid": 2925191363815015007,
            "jd": 2460679.6913657,
            "ra": 65.7907572,
            "dec": -2.5202432,
            "fid": 2,
            "nid": 2925,
            "magpsf": 19.212400436401367,
            "sigmapsf": 0.09639599919319153,
            "magnr": 18.841999053955078,
            "sigmagnr": 0.09200000017881393,
            "magzpsci": 26.32740020751953,
            "isdiffpos": "t",
            "ssdistnr": null,
            "ssnamenr": null,
            "drb": null
        },
        {
            "candid": 2935150503815015005,
            "jd": 2460689.6505093,
            "ra": 65.7906827,
            "dec": -2.5200965,
            "fid": 2,
            "nid": 2935,
            "magpsf": 19.495399475097656,
            "sigmapsf": 0.3237920105457306,
            "magnr": 18.841999053955078,
            "sigmagnr": 0.09200000017881393,
            "magzpsci": 26.30940055847168,
            "isdiffpos": "t",
            "ssdistnr": null,
            "ssnamenr": null,
            "drb": null
        },
        {
            "candid": 2937213963815015009,
            "jd": 2460691.7139699,
            "ra": 65.7905994,
            "dec": -2.5202526,
            "fid": 2,
            "nid": 2937,
            "magpsf": 19.589000701904297,
            "sigmapsf": 0.17791900038719177,
            "magnr": 18.841999053955078,
            "sigmagnr": 0.09200000017881393,
            "magzpsci": 26.30900001525879,
            "isdiffpos": "t",
            "ssdistnr": null,
            "ssnamenr": null,
            "drb": null
        },
        {
            "candid": 2940193243815015012,
            "jd": 2460694.6932407,
            "ra": 65.7906972,
            "dec": -2.520256,
            "fid": 2,
            "nid": 2940,
            "magpsf": 19.69805335998535,
            "sigmapsf": 0.11502435803413391,
            "magnr": 18.841999053955078,
            "sigmagnr": 0.09200000017881393,
            "magzpsci": 26.306053161621094,
            "isdiffpos": "t",
            "ssdistnr": -999.0,
            "ssnamenr": "null",
            "drb": null
        },
        {
            "jd": 2460571.8658218,
            "fid": 1,
            "diffmaglim": 18.743099212646484
        },
        {
            "jd": 2460571.955162,
            "fid": 2,
            "diffmaglim": 19.58449935913086
        },
        {
            "jd": 2460575.874294,
            "fid": 2,
            "diffmaglim": 19.425100326538086
        },
        {
            "jd": 2460575.9222685,
            "fid": 1,
            "diffmaglim": 19.356300354003906
        },
        {
            "jd": 2460575.9710532,
            "fid": 3,
            "diffmaglim": 19.439699172973633
        },
        {
            "jd": 2460576.9255208,
            "fid": 2,
            "diffmaglim": 19.88680076599121
        },
        {
            "jd": 2460576.9792245,
            "fid": 3,
            "diffmaglim": 19.688600540161133
        },
        {
            "jd": 2460577.9602778,
            "fid": 2,
            "diffmaglim": 20.17340087890625
        },
        {
            "jd": 2460577.9846065,
            "fid": 1,
            "diffmaglim": 19.912200927734375
        },
        {
            "jd": 2460578.0208796,
            "fid": 3,
            "diffmaglim": 19.347700119018555
        },
        {
            "jd": 2460579.9414352,
            "fid": 1,
            "diffmaglim": 20.27280044555664
        },
        {
            "jd": 2460579.9828009,
            "fid": 2,
            "diffmaglim": 20.277099609375
        },
        {
            "jd": 2460591.9375579,
            "fid": 1,
            "diffmaglim": 20.38789939880371
        },
        {
            "jd": 2460591.9822569,
            "fid": 2,
            "diffmaglim": 20.45400047302246
        },
        {
            "jd": 2460593.9369676,
            "fid": 2,
            "diffmaglim": 20.20050048828125
        },
        {
            "jd": 2460593.9624884,
            "fid": 1,
            "diffmaglim": 20.155099868774414
        },
        {
            "jd": 2460596.8982523,
            "fid": 2,
            "diffmaglim": 20.51490020751953
        },
        {
            "jd": 2460596.9420486,
            "fid": 1,
            "diffmaglim": 20.597999572753906
        },
        {
            "jd": 2460598.9086574,
            "fid": 2,
            "diffmaglim": 19.743999481201172
        },
        {
            "jd": 2460623.7913889,
            "fid": 1,
            "diffmaglim": 20.19070053100586
        },
        {
            "jd": 2460628.7463079,
            "fid": 1,
            "diffmaglim": 19.168800354003906
        },
        {
            "jd": 2460650.7595833,
            "fid": 2,
            "diffmaglim": 20.084699630737305
        },
        {
            "jd": 2460654.7533449,
            "fid": 1,
            "diffmaglim": 18.88050079345703
        },
        {
            "jd": 2460658.7671296,
            "fid": 1,
            "diffmaglim": 19.065099716186523
        },
        {
            "jd": 2460658.8367708,
            "fid": 2,
            "diffmaglim": 18.12299919128418
        },
        {
            "jd": 2460660.7950694,
            "fid": 2,
            "diffmaglim": 19.527599334716797
        },
        {
            "jd": 2460660.8583102,
            "fid": 1,
            "diffmaglim": 18.95639991760254
        },
        {
            "jd": 2460668.6320949,
            "fid": 1,
            "diffmaglim": 18.34440040588379
        },
        {
            "jd": 2460668.7539699,
            "fid": 2,
            "diffmaglim": 18.907100677490234
        },
        {
            "jd": 2460672.6862731,
            "fid": 1,
            "diffmaglim": 19.725000381469727
        },
        {
            "jd": 2460677.7167361,
            "fid": 1,
            "diffmaglim": 20.428800582885742
        },
        {
            "jd": 2460680.6718171,
            "fid": 1,
            "diffmaglim": 18.668800354003906
        },
        {
            "jd": 2460683.7328356,
            "fid": 2,
            "diffmaglim": 18.18630027770996
        },
        {
            "jd": 2460683.7780556,
            "fid": 1,
            "diffmaglim": 18.745500564575195
        },
        {
            "jd": 2460687.7152662,
            "fid": 1,
            "diffmaglim": 18.728200912475586
        },
        {
            "jd": 2460687.7604861,
            "fid": 2,
            "diffmaglim": 19.04199981689453
        },
        {
            "jd": 2460689.7081944,
            "fid": 1,
            "diffmaglim": 18.62540054321289
        },
        {
            "jd": 2460691.6455093,
            "fid": 1,
            "diffmaglim": 19.70009994506836
        }
    ],
    "forcedphot": [
        {
            "objectid": "ZTF24abnepdg",
            "jd": 2460571.8658218,
            "ranr": 65.7900792,
            "decnr": -2.5202298,
            "fid": 1,
            "forcediffimflux": -52.26015853881836,
            "forcediffimfluxunc": 114.60660552978516,
            "magzpsci": 26.15999984741211
        },
        {
            "objectid": "ZTF24abnepdg",
            "jd": 2460571.955162,
            "ranr": 65.7897278,
            "decnr": -2.5199816,
            "fid": 2,
            "forcediffimflux": -95.02201843261719,
            "forcediffimfluxunc": 59.77021026611328,
            "magzpsci": 26.327999114990234
        },
        {
            "objectid": "ZTF24abnepdg",
            "jd": 2460575.874294,
            "ranr": 65.7897278,
            "decnr": -2.5199816,
            "fid": 2,
            "forcediffimflux": 0.7924914956092834,
            "forcediffimfluxunc": 71.96520233154297,
            "magzpsci": 26.216299057006836
        },
        {
            "objectid": "ZTF24abnepdg",
            "jd": 2460575.9222685,
            "ranr": 65.7900792,
            "decnr": -2.5202298,
            "fid": 1,
            "forcediffimflux": 93.80170440673828,
            "forcediffimfluxunc": 74.0985107421875,
            "magzpsci": 26.229900360107422
        },
        {
            "objectid": "ZTF24abnepdg",
            "jd": 2460575.9710532,
            "ranr": 65.7906252,
            "decnr": -2.5205895,
            "fid": 3,
            "forcediffimflux": 26.65766716003418,
            "forcediffimfluxunc": 42.817543029785156,
            "magzpsci": 25.752199172973633
        },
        {
            "objectid": "ZTF24abnepdg",
            "jd": 2460576.9255208,
            "ranr": 65.7897278,
            "decnr": -2.5199816,
            "fid": 2,
            "forcediffimflux": -15.430798530578613,
            "forcediffimfluxunc": 42.08677291870117,
            "magzpsci": 26.26810073852539
        },
        {
            "objectid": "ZTF24abnepdg",
            "jd": 2460576.9792245,
            "ranr": 65.7906252,
            "decnr": -2.5205895,
            "fid": 3,
            "forcediffimflux": -51.88795471191406,
            "forcediffimfluxunc": 35.25732421875,
            "magzpsci": 25.7406005859375
        },
        {
            "objectid": "ZTF24abnepdg",
            "jd": 2460577.9602778,
            "ranr": 65.7897278,
            "decnr": -2.5199816,
            "fid": 2,
            "forcediffimflux": -30.814674377441406,
            "forcediffimfluxunc": 37.471771240234375,
            "magzpsci": 26.300100326538086
        },
        {
            "objectid": "ZTF24abnepdg",
            "jd": 2460577.9846065,
            "ranr": 65.7900792,
            "decnr": -2.5202298,
            "fid": 1,
            "forcediffimflux": 61.654945373535156,
            "forcediffimfluxunc": 43.66010284423828,
            "magzpsci": 26.251399993896484
        },
        {
            "objectid": "ZTF24abnepdg",
            "jd": 2460578.0208796,
            "ranr": 65.7906252,
            "decnr": -2.5205895,
            "fid": 3,
            "forcediffimflux": -14.60228157043457,
            "forcediffimfluxunc": 46.3459587097168,
            "magzpsci": 25.757600784301758
        },
        {
            "objectid": "ZTF24abnepdg",
            "jd": 2460579.9414352,
            "ranr": 65.7900792,
            "decnr": -2.5202298,
            "fid": 1,
            "forcediffimflux": 43.66463851928711,
            "forcediffimfluxunc": 33.91453552246094,
            "magzpsci": 26.26180076599121
        },
        {
            "objectid": "ZTF24abnepdg",
            "jd": 2460579.9828009,
            "ranr": 65.7897278,
            "decnr": -2.5199816,
            "fid": 2,
            "forcediffimflux": 7.204098224639893,
            "forcediffimfluxunc": 34.552608489990234,
            "magzpsci": 26.291400909423828
        },
        {
            "objectid": "ZTF24abnepdg",
            "jd": 2460591.9375579,
            "ranr": 65.7900792,
            "decnr": -2.5202298,
            "fid": 1,
            "forcediffimflux": 26.278593063354492,
            "forcediffimfluxunc": 29.61749839782715,
            "magzpsci": 26.265600204467773
        },
        {
            "objectid": "ZTF24abnepdg",
            "jd": 2460591.9822569,
            "ranr": 65.7897278,
            "decnr": -2.5199816,
            "fid": 2,
            "forcediffimflux": 9.973966598510742,
            "forcediffimfluxunc": 29.346879959106445,
            "magzpsci": 26.294099807739258
        },
        {
            "objectid": "ZTF24abnepdg",
            "jd": 2460593.9369676,
            "ranr": 65.7897278,
            "decnr": -2.5199816,
            "fid": 2,
            "forcediffimflux": 53.90088653564453,
            "forcediffimfluxunc": 33.13275146484375,
            "magzpsci": 26.306699752807617
        },
        {
            "objectid": "ZTF24abnepdg",
            "jd": 2460593.9624884,
            "ranr": 65.7900792,
            "decnr": -2.5202298,
            "fid": 1,
            "forcediffimflux": -25.73391342163086,
            "forcediffimfluxunc": 35.43306350708008,
            "magzpsci": 26.282699584960938
        },
        {
            "objectid": "ZTF24abnepdg",
            "jd": 2460596.8982523,
            "ranr": 65.7897278,
            "decnr": -2.5199816,
            "fid": 2,
            "forcediffimflux": -7.599547386169434,
            "forcediffimfluxunc": 29.296627044677734,
            "magzpsci": 26.321300506591797
        },
        {
            "objectid": "ZTF24abnepdg",
            "jd": 2460596.9420486,
            "ranr": 65.7900792,
            "decnr": -2.5202298,
            "fid": 1,
            "forcediffimflux": 23.305200576782227,
            "forcediffimfluxunc": 25.83009147644043,
            "magzpsci": 26.31049919128418
        },
        {
            "objectid": "ZTF24abnepdg",
            "jd": 2460598.9086574,
            "ranr": 65.7897278,
            "decnr": -2.5199816,
            "fid": 2,
            "forcediffimflux": 325.9014892578125,
            "forcediffimfluxunc": 53.30610656738281,
            "magzpsci": 26.336999893188477
        },
        {
            "objectid": "ZTF24abnepdg",
            "jd": 2460598.9620602,
            "ranr": 65.7900792,
            "decnr": -2.5202298,
            "fid": 1,
            "forcediffimflux": 474.8519287109375,
            "forcediffimfluxunc": 53.876487731933594,
            "magzpsci": 26.311500549316406
        },
        {
            "objectid": "ZTF24abnepdg",
            "jd": 2460600.8985185,
            "ranr": 65.7900792,
            "decnr": -2.5202298,
            "fid": 1,
            "forcediffimflux": 750.026123046875,
            "forcediffimfluxunc": 143.49197387695312,
            "magzpsci": 26.307899475097656
        },
        {
            "objectid": "ZTF24abnepdg",
            "jd": 2460600.9417593,
            "ranr": 65.7897278,
            "decnr": -2.5199816,
            "fid": 2,
            "forcediffimflux": 599.1321411132812,
            "forcediffimfluxunc": 97.52141571044922,
            "magzpsci": 26.331300735473633
        },
        {
            "objectid": "ZTF24abnepdg",
            "jd": 2460603.8743403,
            "ranr": 65.7897278,
            "decnr": -2.5199816,
            "fid": 2,
            "forcediffimflux": 894.9757690429688,
            "forcediffimfluxunc": 69.58352661132812,
            "magzpsci": 26.311199188232422
        },
        {
            "objectid": "ZTF24abnepdg",
            "jd": 2460603.9218171,
            "ranr": 65.7900792,
            "decnr": -2.5202298,
            "fid": 1,
            "forcediffimflux": -99999.0,
            "forcediffimfluxunc": -99999.0,
            "magzpsci": 26.29129981994629
        },
        {
            "objectid": "ZTF24abnepdg",
            "jd": 2460607.8779514,
            "ranr": 65.7900792,
            "decnr": -2.5202298,
            "fid": 1,
            "forcediffimflux": 888.9855346679688,
            "forcediffimfluxunc": 40.782958984375,
            "magzpsci": 26.305999755859375
        },
        {
            "objectid": "ZTF24abnepdg",
            "jd": 2460607.9406597,
            "ranr": 65.7897278,
            "decnr": -2.5199816,
            "fid": 2,
            "forcediffimflux": 924.173095703125,
            "forcediffimfluxunc": 41.0928840637207,
            "magzpsci": 26.32270050048828
        },
        {
            "objectid": "ZTF24abnepdg",
            "jd": 2460609.8777315,
            "ranr": 65.7900792,
            "decnr": -2.5202298,
            "fid": 1,
            "forcediffimflux": 707.0269165039062,
            "forcediffimfluxunc": 38.0733757019043,
            "magzpsci": 26.17020034790039
        },
        {
            "objectid": "ZTF24abnepdg",
            "jd": 2460609.9633218,
            "ranr": 65.7897278,
            "decnr": -2.5199816,
            "fid": 2,
            "forcediffimflux": 913.5814819335938,
            "forcediffimfluxunc": 36.36500549316406,
            "magzpsci": 26.23699951171875
        },
        {
            "objectid": "ZTF24abnepdg",
            "jd": 2460611.8410069,
            "ranr": 65.7897278,
            "decnr": -2.5199816,
            "fid": 2,
            "forcediffimflux": 580.062255859375,
            "forcediffimfluxunc": 48.41944885253906,
            "magzpsci": 25.822099685668945
        },
        {
            "objectid": "ZTF24abnepdg",
            "jd": 2460615.9423032,
            "ranr": 65.7897278,
            "decnr": -2.5199816,
            "fid": 2,
            "forcediffimflux": 926.1952514648438,
            "forcediffimfluxunc": 34.8441276550293,
            "magzpsci": 26.310699462890625
        },
        {
            "objectid": "ZTF24abnepdg",
            "jd": 2460618.8122338,
            "ranr": 65.7897278,
            "decnr": -2.5199816,
            "fid": 2,
            "forcediffimflux": 769.3829345703125,
            "forcediffimfluxunc": 47.90970230102539,
            "magzpsci": 26.292699813842773
        },
        {
            "objectid": "ZTF24abnepdg",
            "jd": 2460618.8639468,
            "ranr": 65.7900792,
            "decnr": -2.5202298,
            "fid": 1,
            "forcediffimflux": 614.8768920898438,
            "forcediffimfluxunc": 38.8180046081543,
            "magzpsci": 26.28849983215332
        },
        {
            "objectid": "ZTF24abnepdg",
            "jd": 2460620.8535995,
            "ranr": 65.7900792,
            "decnr": -2.5202298,
            "fid": 1,
            "forcediffimflux": 485.2751770019531,
            "forcediffimfluxunc": 42.62724685668945,
            "magzpsci": 26.000900268554688
        },
        {
            "objectid": "ZTF24abnepdg",
            "jd": 2460622.9144444,
            "ranr": 65.7897278,
            "decnr": -2.5199816,
            "fid": 2,
            "forcediffimflux": 866.0236206054688,
            "forcediffimfluxunc": 57.047203063964844,
            "magzpsci": 26.313899993896484
        },
        {
            "objectid": "ZTF24abnepdg",
            "jd": 2460622.9454514,
            "ranr": 65.7900792,
            "decnr": -2.5202298,
            "fid": 1,
            "forcediffimflux": 562.8199462890625,
            "forcediffimfluxunc": 51.52991485595703,
            "magzpsci": 26.26650047302246
        },
        {
            "objectid": "ZTF24abnepdg",
            "jd": 2460623.7913889,
            "ranr": 65.7900792,
            "decnr": -2.5202298,
            "fid": 1,
            "forcediffimflux": -99999.0,
            "forcediffimfluxunc": -99999.0,
            "magzpsci": 26.274200439453125
        },
        {
            "objectid": "ZTF24abnepdg",
            "jd": 2460623.821331,
            "ranr": 65.7897278,
            "decnr": -2.5199816,
            "fid": 2,
            "forcediffimflux": -99999.0,
            "forcediffimfluxunc": -99999.0,
            "magzpsci": 26.30699920654297
        },
        {
            "objectid": "ZTF24abnepdg",
            "jd": 2460626.7411343,
            "ranr": 65.7900792,
            "decnr": -2.5202298,
            "fid": 1,
            "forcediffimflux": 572.5115966796875,
            "forcediffimfluxunc": 90.73365783691406,
            "magzpsci": 26.2091007232666
        },
        {
            "objectid": "ZTF24abnepdg",
            "jd": 2460628.7463079,
            "ranr": 65.7900792,
            "decnr": -2.5202298,
            "fid": 1,
            "forcediffimflux": 574.7362060546875,
            "forcediffimfluxunc": 93.73094940185547,
            "magzpsci": 26.23940086364746
        },
        {
            "objectid": "ZTF24abnepdg",
            "jd": 2460628.7904861,
            "ranr": 65.7897278,
            "decnr": -2.5199816,
            "fid": 2,
            "forcediffimflux": 932.0054931640625,
            "forcediffimfluxunc": 67.13712310791016,
            "magzpsci": 26.303300857543945
        },
        {
            "objectid": "ZTF24abnepdg",
            "jd": 2460632.8399537,
            "ranr": 65.7900792,
            "decnr": -2.5202298,
            "fid": 1,
            "forcediffimflux": 400.7564392089844,
            "forcediffimfluxunc": 75.27706146240234,
            "magzpsci": 26.302000045776367
        },
        {
            "objectid": "ZTF24abnepdg",
            "jd": 2460637.8274074,
            "ranr": 65.7897278,
            "decnr": -2.5199816,
            "fid": 2,
            "forcediffimflux": 770.5223999023438,
            "forcediffimfluxunc": 35.27041244506836,
            "magzpsci": 26.31209945678711
        },
        {
            "objectid": "ZTF24abnepdg",
            "jd": 2460640.7655093,
            "ranr": 65.7897278,
            "decnr": -2.5199816,
            "fid": 2,
            "forcediffimflux": 884.154296875,
            "forcediffimfluxunc": 37.93016815185547,
            "magzpsci": 26.29759979248047
        },
        {
            "objectid": "ZTF24abnepdg",
            "jd": 2460640.7962153,
            "ranr": 65.7900792,
            "decnr": -2.5202298,
            "fid": 1,
            "forcediffimflux": 459.36322021484375,
            "forcediffimfluxunc": 36.54536819458008,
            "magzpsci": 26.286800384521484
        },
        {
            "objectid": "ZTF24abnepdg",
            "jd": 2460644.7990394,
            "ranr": 65.7897278,
            "decnr": -2.5199816,
            "fid": 2,
            "forcediffimflux": 819.7169189453125,
            "forcediffimfluxunc": 40.501216888427734,
            "magzpsci": 26.299800872802734
        },
        {
            "objectid": "ZTF24abnepdg",
            "jd": 2460646.7732639,
            "ranr": 65.7900792,
            "decnr": -2.5202298,
            "fid": 1,
            "forcediffimflux": 406.30938720703125,
            "forcediffimfluxunc": 30.416133880615234,
            "magzpsci": 26.287799835205078
        },
        {
            "objectid": "ZTF24abnepdg",
            "jd": 2460648.7427199,
            "ranr": 65.7897278,
            "decnr": -2.5199816,
            "fid": 2,
            "forcediffimflux": 802.2003784179688,
            "forcediffimfluxunc": 28.91719627380371,
            "magzpsci": 26.28890037536621
        },
        {
            "objectid": "ZTF24abnepdg",
            "jd": 2460650.7595833,
            "ranr": 65.7897278,
            "decnr": -2.5199816,
            "fid": 2,
            "forcediffimflux": -99999.0,
            "forcediffimfluxunc": -99999.0,
            "magzpsci": 26.08169937133789
        },
        {
            "objectid": "ZTF24abnepdg",
            "jd": 2460650.8543403,
            "ranr": 65.7900792,
            "decnr": -2.5202298,
            "fid": 1,
            "forcediffimflux": 397.216064453125,
            "forcediffimfluxunc": 33.74880599975586,
            "magzpsci": 26.25830078125
        },
        {
            "objectid": "ZTF24abnepdg",
            "jd": 2460652.6913657,
            "ranr": 65.7897278,
            "decnr": -2.5199816,
            "fid": 2,
            "forcediffimflux": 723.3289794921875,
            "forcediffimfluxunc": 43.252784729003906,
            "magzpsci": 26.29509925842285
        },
        {
            "objectid": "ZTF24abnepdg",
            "jd": 2460654.7533449,
            "ranr": 65.7900792,
            "decnr": -2.5202298,
            "fid": 1,
            "forcediffimflux": 302.99310302734375,
            "forcediffimfluxunc": 114.09563446044922,
            "magzpsci": 26.29290008544922
        },
        {
            "objectid": "ZTF24abnepdg",
            "jd": 2460654.7767477,
            "ranr": 65.7897278,
            "decnr": -2.5199816,
            "fid": 2,
            "forcediffimflux": 556.9415283203125,
            "forcediffimfluxunc": 110.86857604980469,
            "magzpsci": 26.341299057006836
        },
        {
            "objectid": "ZTF24abnepdg",
            "jd": 2460658.7671296,
            "ranr": 65.7900792,
            "decnr": -2.5202298,
            "fid": 1,
            "forcediffimflux": 317.9294738769531,
            "forcediffimfluxunc": 98.108642578125,
            "magzpsci": 26.332399368286133
        },
        {
            "objectid": "ZTF24abnepdg",
            "jd": 2460658.8367708,
            "ranr": 65.7897278,
            "decnr": -2.5199816,
            "fid": 2,
            "forcediffimflux": 151.32249450683594,
            "forcediffimfluxunc": 169.2435302734375,
            "magzpsci": 25.94099998474121
        },
        {
            "objectid": "ZTF24abnepdg",
            "jd": 2460660.7950694,
            "ranr": 65.7897278,
            "decnr": -2.5199816,
            "fid": 2,
            "forcediffimflux": 730.4612426757812,
            "forcediffimfluxunc": 68.36064147949219,
            "magzpsci": 26.313600540161133
        },
        {
            "objectid": "ZTF24abnepdg",
            "jd": 2460660.8583102,
            "ranr": 65.7900792,
            "decnr": -2.5202298,
            "fid": 1,
            "forcediffimflux": 304.99884033203125,
            "forcediffimfluxunc": 106.34229278564453,
            "magzpsci": 26.247900009155273
        },
        {
            "objectid": "ZTF24abnepdg",
            "jd": 2460663.8125463,
            "ranr": 65.7897278,
            "decnr": -2.5199816,
            "fid": 2,
            "forcediffimflux": 743.9879760742188,
            "forcediffimfluxunc": 40.62164306640625,
            "magzpsci": 26.315799713134766
        },
        {
            "objectid": "ZTF24abnepdg",
            "jd": 2460664.7854861,
            "ranr": 65.7900792,
            "decnr": -2.5202298,
            "fid": 1,
            "forcediffimflux": 321.45172119140625,
            "forcediffimfluxunc": 48.265647888183594,
            "magzpsci": 26.263399124145508
        },
        {
            "objectid": "ZTF24abnepdg",
            "jd": 2460664.832662,
            "ranr": 65.7897278,
            "decnr": -2.5199816,
            "fid": 2,
            "forcediffimflux": 779.9906005859375,
            "forcediffimfluxunc": 42.118186950683594,
            "magzpsci": 26.298999786376953
        },
        {
            "objectid": "ZTF24abnepdg",
            "jd": 2460666.6930093,
            "ranr": 65.7900792,
            "decnr": -2.5202298,
            "fid": 1,
            "forcediffimflux": 321.3099365234375,
            "forcediffimfluxunc": 31.754241943359375,
            "magzpsci": 26.24970054626465
        },
        {
            "objectid": "ZTF24abnepdg",
            "jd": 2460666.7196875,
            "ranr": 65.7897278,
            "decnr": -2.5199816,
            "fid": 2,
            "forcediffimflux": 703.9828491210938,
            "forcediffimfluxunc": 35.65470886230469,
            "magzpsci": 26.159000396728516
        },
        {
            "objectid": "ZTF24abnepdg",
            "jd": 2460672.6862731,
            "ranr": 65.7900792,
            "decnr": -2.5202298,
            "fid": 1,
            "forcediffimflux": 197.21482849121094,
            "forcediffimfluxunc": 38.29634475708008,
            "magzpsci": 25.94099998474121
        },
        {
            "objectid": "ZTF24abnepdg",
            "jd": 2460674.6910185,
            "ranr": 65.7897278,
            "decnr": -2.5199816,
            "fid": 2,
            "forcediffimflux": 658.2069702148438,
            "forcediffimfluxunc": 53.62022399902344,
            "magzpsci": 26.32740020751953
        },
        {
            "objectid": "ZTF24abnepdg",
            "jd": 2460674.7216782,
            "ranr": 65.7900792,
            "decnr": -2.5202298,
            "fid": 1,
            "forcediffimflux": 287.01007080078125,
            "forcediffimfluxunc": 37.21731948852539,
            "magzpsci": 26.319799423217773
        },
        {
            "objectid": "ZTF24abnepdg",
            "jd": 2460677.7167361,
            "ranr": 65.7900792,
            "decnr": -2.5202298,
            "fid": 1,
            "forcediffimflux": 312.1830749511719,
            "forcediffimfluxunc": 31.17318344116211,
            "magzpsci": 26.308799743652344
        },
        {
            "objectid": "ZTF24abnepdg",
            "jd": 2460677.7345486,
            "ranr": 65.7897278,
            "decnr": -2.5199816,
            "fid": 2,
            "forcediffimflux": 650.303955078125,
            "forcediffimfluxunc": 36.17440414428711,
            "magzpsci": 26.328100204467773
        },
        {
            "objectid": "ZTF24abnepdg",
            "jd": 2460679.6913657,
            "ranr": 65.7897278,
            "decnr": -2.5199816,
            "fid": 2,
            "forcediffimflux": 691.7118530273438,
            "forcediffimfluxunc": 30.630491256713867,
            "magzpsci": 26.32740020751953
        },
        {
            "objectid": "ZTF24abnepdg",
            "jd": 2460683.7780556,
            "ranr": 65.7900792,
            "decnr": -2.5202298,
            "fid": 1,
            "forcediffimflux": 60.592960357666016,
            "forcediffimfluxunc": 117.76769256591797,
            "magzpsci": 26.1875
        },
        {
            "objectid": "ZTF24abnepdg",
            "jd": 2460685.6826042,
            "ranr": 65.7897278,
            "decnr": -2.5199816,
            "fid": 2,
            "forcediffimflux": -99999.0,
            "forcediffimfluxunc": -99999.0,
            "magzpsci": 26.310100555419922
        },
        {
            "objectid": "ZTF24abnepdg",
            "jd": 2460685.7112384,
            "ranr": 65.7900792,
            "decnr": -2.5202298,
            "fid": 1,
            "forcediffimflux": -99999.0,
            "forcediffimfluxunc": -99999.0,
            "magzpsci": 26.311599731445312
        },
        {
            "objectid": "ZTF24abnepdg",
            "jd": 2460687.7152662,
            "ranr": 65.7900792,
            "decnr": -2.5202298,
            "fid": 1,
            "forcediffimflux": 327.51751708984375,
            "forcediffimfluxunc": 127.26007080078125,
            "magzpsci": 26.271400451660156
        },
        {
            "objectid": "ZTF24abnepdg",
            "jd": 2460687.7604861,
            "ranr": 65.7897278,
            "decnr": -2.5199816,
            "fid": 2,
            "forcediffimflux": 376.8642578125,
            "forcediffimfluxunc": 101.9728012084961,
            "magzpsci": 26.309900283813477
        },
        {
            "objectid": "ZTF24abnepdg",
            "jd": 2460689.6505093,
            "ranr": 65.7897278,
            "decnr": -2.5199816,
            "fid": 2,
            "forcediffimflux": 527.62890625,
            "forcediffimfluxunc": 94.64665222167969,
            "magzpsci": 26.30940055847168
        },
        {
            "objectid": "ZTF24abnepdg",
            "jd": 2460689.7081944,
            "ranr": 65.7900792,
            "decnr": -2.5202298,
            "fid": 1,
            "forcediffimflux": -99999.0,
            "forcediffimfluxunc": -99999.0,
            "magzpsci": 26.283100128173828
        },
        {
            "objectid": "ZTF24abnepdg",
            "jd": 2460691.6455093,
            "ranr": 65.7900792,
            "decnr": -2.5202298,
            "fid": 1,
            "forcediffimflux": 218.36582946777344,
            "forcediffimfluxunc": 54.47267150878906,
            "magzpsci": 26.287799835205078
        },
        {
            "objectid": "ZTF24abnepdg",
            "jd": 2460691.7139699,
            "ranr": 65.7897278,
            "decnr": -2.5199816,
            "fid": 2,
            "forcediffimflux": 489.73992919921875,
            "forcediffimfluxunc": 53.41847229003906,
            "magzpsci": 26.30900001525879
        }
    ]
}