{
    "objectId": "ZTF24abcbmug",
    "candidates": [
        {
            "candid": 2793455773515015000,
            "jd": 2460547.9557755,
            "ra": 78.7210157,
            "dec": 5.4151585,
            "fid": 2,
            "nid": 2793,
            "magpsf": 18.8981990814209,
            "sigmapsf": 0.12195999920368195,
            "magnr": 18.149999618530273,
            "sigmagnr": 0.11299999803304672,
            "magzpsci": 26.24720001220703,
            "isdiffpos": "t",
            "ssdistnr": null,
            "ssnamenr": null,
            "drb": 0.999468207359314
        },
        {
            "candid": 2795515233515015000,
            "jd": 2460550.0152315,
            "ra": 78.7210265,
            "dec": 5.4152158,
            "fid": 1,
            "nid": 2795,
            "magpsf": 19.07509994506836,
            "sigmapsf": 0.19251400232315063,
            "magnr": 19.368999481201172,
            "sigmagnr": 0.10599999874830246,
            "magzpsci": 26.28510093688965,
            "isdiffpos": "t",
            "ssdistnr": null,
            "ssnamenr": null,
            "drb": null
        },
        {
            "candid": 2800458743515015002,
            "jd": 2460554.95875,
            "ra": 78.7209906,
            "dec": 5.4152234,
            "fid": 2,
            "nid": 2800,
            "magpsf": 18.600200653076172,
            "sigmapsf": 0.07649599760770798,
            "magnr": 18.149999618530273,
            "sigmagnr": 0.11299999803304672,
            "magzpsci": 26.24220085144043,
            "isdiffpos": "t",
            "ssdistnr": null,
            "ssnamenr": null,
            "drb": null
        },
        {
            "candid": 2802451793515015000,
            "jd": 2460556.951794,
            "ra": 78.7210073,
            "dec": 5.4152296,
            "fid": 1,
            "nid": 2802,
            "magpsf": 18.507699966430664,
            "sigmapsf": 0.0803619995713234,
            "magnr": 19.368999481201172,
            "sigmagnr": 0.10599999874830246,
            "magzpsci": 26.16670036315918,
            "isdiffpos": "t",
            "ssdistnr": null,
            "ssnamenr": null,
            "drb": null
        },
        {
            "candid": 2802467243515015000,
            "jd": 2460556.9672454,
            "ra": 78.7209856,
            "dec": 5.4152066,
            "fid": 2,
            "nid": 2802,
            "magpsf": 18.61370086669922,
            "sigmapsf": 0.07769100368022919,
            "magnr": 18.149999618530273,
            "sigmagnr": 0.11299999803304672,
            "magzpsci": 26.248699188232422,
            "isdiffpos": "t",
            "ssdistnr": null,
            "ssnamenr": null,
            "drb": null
        },
        {
            "candid": 2804449653515015000,
            "jd": 2460558.9496528,
            "ra": 78.7210082,
            "dec": 5.4151878,
            "fid": 2,
            "nid": 2804,
            "magpsf": 18.391700744628906,
            "sigmapsf": 0.08545400202274323,
            "magnr": 18.149999618530273,
            "sigmagnr": 0.11299999803304672,
            "magzpsci": 26.25469970703125,
            "isdiffpos": "t",
            "ssdistnr": null,
            "ssnamenr": null,
            "drb": null
        },
        {
            "candid": 2804487693515015001,
            "jd": 2460558.9876968,
            "ra": 78.7210123,
            "dec": 5.4151575,
            "fid": 1,
            "nid": 2804,
            "magpsf": 18.391300201416016,
            "sigmapsf": 0.09299899637699127,
            "magnr": 19.368999481201172,
            "sigmagnr": 0.10599999874830246,
            "magzpsci": 26.252300262451172,
            "isdiffpos": "t",
            "ssdistnr": null,
            "ssnamenr": null,
            "drb": null
        },
        {
            "candid": 2807448573515015001,
            "jd": 2460561.9485764,
            "ra": 78.7209612,
            "dec": 5.4152188,
            "fid": 2,
            "nid": 2807,
            "magpsf": 18.2450008392334,
            "sigmapsf": 0.0843140035867691,
            "magnr": 18.149999618530273,
            "sigmagnr": 0.11299999803304672,
            "magzpsci": 25.941999435424805,
            "isdiffpos": "t",
            "ssdistnr": null,
            "ssnamenr": null,
            "drb": null
        },
        {
            "candid": 2807477123515015000,
            "jd": 2460561.9771296,
            "ra": 78.7209831,
            "dec": 5.4151956,
            "fid": 1,
            "nid": 2807,
            "magpsf": 18.300600051879883,
            "sigmapsf": 0.09314300119876862,
            "magnr": 19.368999481201172,
            "sigmagnr": 0.10599999874830246,
            "magzpsci": 25.95159912109375,
            "isdiffpos": "t",
            "ssdistnr": null,
            "ssnamenr": null,
            "drb": null
        },
        {
            "candid": 2810471513515015000,
            "jd": 2460564.9715162,
            "ra": 78.7210226,
            "dec": 5.4152046,
            "fid": 2,
            "nid": 2810,
            "magpsf": 18.233200073242188,
            "sigmapsf": 0.06605000048875809,
            "magnr": 18.149999618530273,
            "sigmagnr": 0.11299999803304672,
            "magzpsci": 26.31220054626465,
            "isdiffpos": "t",
            "ssdistnr": null,
            "ssnamenr": null,
            "drb": null
        },
        {
            "candid": 2814401993515015000,
            "jd": 2460568.9019907,
            "ra": 78.7210208,
            "dec": 5.4152253,
            "fid": 2,
            "nid": 2814,
            "magpsf": 18.164100646972656,
            "sigmapsf": 0.07516200095415115,
            "magnr": 18.149999618530273,
            "sigmagnr": 0.11299999803304672,
            "magzpsci": 26.273099899291992,
            "isdiffpos": "t",
            "ssdistnr": null,
            "ssnamenr": null,
            "drb": null
        },
        {
            "candid": 2817366773515015000,
            "jd": 2460571.8667708,
            "ra": 78.721036,
            "dec": 5.4152567,
            "fid": 1,
            "nid": 2817,
            "magpsf": 18.08289909362793,
            "sigmapsf": 0.13061000406742096,
            "magnr": 19.368999481201172,
            "sigmagnr": 0.10599999874830246,
            "magzpsci": 26.099899291992188,
            "isdiffpos": "t",
            "ssdistnr": null,
            "ssnamenr": null,
            "drb": null
        },
        {
            "candid": 2817457523515015000,
            "jd": 2460571.9575231,
            "ra": 78.7209885,
            "dec": 5.4152247,
            "fid": 2,
            "nid": 2817,
            "magpsf": 18.139999389648438,
            "sigmapsf": 0.06475400179624557,
            "magnr": 18.149999618530273,
            "sigmagnr": 0.11299999803304672,
            "magzpsci": 26.329999923706055,
            "isdiffpos": "t",
            "ssdistnr": null,
            "ssnamenr": null,
            "drb": null
        },
        {
            "candid": 2817457994615015001,
            "jd": 2460571.9579977,
            "ra": 78.7210336,
            "dec": 5.4152247,
            "fid": 2,
            "nid": 2817,
            "magpsf": 18.183700561523438,
            "sigmapsf": 0.07168199867010117,
            "magnr": 18.29400062561035,
            "sigmagnr": 0.11500000208616257,
            "magzpsci": 26.292699813842773,
            "isdiffpos": "t",
            "ssdistnr": null,
            "ssnamenr": null,
            "drb": null
        },
        {
            "candid": 2820476924615015001,
            "jd": 2460574.9769213,
            "ra": 78.7209981,
            "dec": 5.4152086,
            "fid": 2,
            "nid": 2820,
            "magpsf": 18.093700408935547,
            "sigmapsf": 0.08262500166893005,
            "magnr": 18.29400062561035,
            "sigmagnr": 0.11500000208616257,
            "magzpsci": 26.273700714111328,
            "isdiffpos": "t",
            "ssdistnr": null,
            "ssnamenr": null,
            "drb": null
        },
        {
            "candid": 2820484884615015002,
            "jd": 2460574.9848843,
            "ra": 78.7210173,
            "dec": 5.4152453,
            "fid": 1,
            "nid": 2820,
            "magpsf": 18.202199935913086,
            "sigmapsf": 0.07989200204610825,
            "magnr": 19.290000915527344,
            "sigmagnr": 0.1080000028014183,
            "magzpsci": 26.313199996948242,
            "isdiffpos": "t",
            "ssdistnr": null,
            "ssnamenr": null,
            "drb": null
        },
        {
            "candid": 2821373343515015001,
            "jd": 2460575.8733449,
            "ra": 78.7210239,
            "dec": 5.4152464,
            "fid": 2,
            "nid": 2821,
            "magpsf": 18.103900909423828,
            "sigmapsf": 0.11730899661779404,
            "magnr": 18.149999618530273,
            "sigmagnr": 0.11299999803304672,
            "magzpsci": 26.199899673461914,
            "isdiffpos": "t",
            "ssdistnr": null,
            "ssnamenr": null,
            "drb": null
        },
        {
            "candid": 2821425093515015000,
            "jd": 2460575.9250926,
            "ra": 78.7210052,
            "dec": 5.4152465,
            "fid": 1,
            "nid": 2821,
            "magpsf": 18.171300888061523,
            "sigmapsf": 0.1121010035276413,
            "magnr": 19.368999481201172,
            "sigmagnr": 0.10599999874830246,
            "magzpsci": 26.239299774169922,
            "isdiffpos": "t",
            "ssdistnr": null,
            "ssnamenr": null,
            "drb": null
        },
        {
            "candid": 2821443214615015003,
            "jd": 2460575.9432176,
            "ra": 78.721019,
            "dec": 5.4152397,
            "fid": 1,
            "nid": 2821,
            "magpsf": 18.17180061340332,
            "sigmapsf": 0.08946800231933594,
            "magnr": 19.290000915527344,
            "sigmagnr": 0.1080000028014183,
            "magzpsci": 26.26580047607422,
            "isdiffpos": "t",
            "ssdistnr": null,
            "ssnamenr": null,
            "drb": null
        },
        {
            "candid": 2821469623515015000,
            "jd": 2460575.9696296,
            "ra": 78.7210515,
            "dec": 5.4152263,
            "fid": 3,
            "nid": 2821,
            "magpsf": 18.18199920654297,
            "sigmapsf": 0.09127099812030792,
            "magnr": 17.72599983215332,
            "sigmagnr": 0.12700000405311584,
            "magzpsci": 25.73699951171875,
            "isdiffpos": "t",
            "ssdistnr": null,
            "ssnamenr": null,
            "drb": null
        },
        {
            "candid": 2822424563515015002,
            "jd": 2460576.9245602,
            "ra": 78.7210067,
            "dec": 5.4152362,
            "fid": 2,
            "nid": 2822,
            "magpsf": 18.041799545288086,
            "sigmapsf": 0.07394099980592728,
            "magnr": 18.149999618530273,
            "sigmagnr": 0.11299999803304672,
            "magzpsci": 26.287799835205078,
            "isdiffpos": "t",
            "ssdistnr": null,
            "ssnamenr": null,
            "drb": null
        },
        {
            "candid": 2822497063515015000,
            "jd": 2460576.9970602,
            "ra": 78.7210157,
            "dec": 5.4151967,
            "fid": 1,
            "nid": 2822,
            "magpsf": 18.075300216674805,
            "sigmapsf": 0.07596699893474579,
            "magnr": 19.368999481201172,
            "sigmagnr": 0.10599999874830246,
            "magzpsci": 26.29330062866211,
            "isdiffpos": "t",
            "ssdistnr": null,
            "ssnamenr": null,
            "drb": null
        },
        {
            "candid": 2823478243515015000,
            "jd": 2460577.9782407,
            "ra": 78.7210395,
            "dec": 5.4152066,
            "fid": 2,
            "nid": 2823,
            "magpsf": 18.114099502563477,
            "sigmapsf": 0.09907999634742737,
            "magnr": 18.149999618530273,
            "sigmagnr": 0.11299999803304672,
            "magzpsci": 26.304100036621094,
            "isdiffpos": "t",
            "ssdistnr": null,
            "ssnamenr": null,
            "drb": null
        },
        {
            "candid": 2823488843515015001,
            "jd": 2460577.9888426,
            "ra": 78.7210444,
            "dec": 5.4152063,
            "fid": 1,
            "nid": 2823,
            "magpsf": 18.098899841308594,
            "sigmapsf": 0.06936299800872803,
            "magnr": 19.368999481201172,
            "sigmagnr": 0.10599999874830246,
            "magzpsci": 26.304899215698242,
            "isdiffpos": "t",
            "ssdistnr": null,
            "ssnamenr": null,
            "drb": null
        },
        {
            "candid": 2823524203515015001,
            "jd": 2460578.0242014,
            "ra": 78.7210082,
            "dec": 5.4152473,
            "fid": 3,
            "nid": 2823,
            "magpsf": 18.197099685668945,
            "sigmapsf": 0.08351600170135498,
            "magnr": 17.72599983215332,
            "sigmagnr": 0.12700000405311584,
            "magzpsci": 25.760099411010742,
            "isdiffpos": "t",
            "ssdistnr": null,
            "ssnamenr": null,
            "drb": null
        },
        {
            "candid": 2837436133515015000,
            "jd": 2460591.9361343,
            "ra": 78.7209763,
            "dec": 5.415184,
            "fid": 1,
            "nid": 2837,
            "magpsf": 18.170900344848633,
            "sigmapsf": 0.06732200086116791,
            "magnr": 19.368999481201172,
            "sigmagnr": 0.10599999874830246,
            "magzpsci": 26.261899948120117,
            "isdiffpos": "t",
            "ssdistnr": null,
            "ssnamenr": null,
            "drb": null
        },
        {
            "candid": 2839420023515015003,
            "jd": 2460593.9200231,
            "ra": 78.7209825,
            "dec": 5.4151898,
            "fid": 2,
            "nid": 2839,
            "magpsf": 18.079299926757812,
            "sigmapsf": 0.05821799859404564,
            "magnr": 18.149999618530273,
            "sigmagnr": 0.11299999803304672,
            "magzpsci": 26.31730079650879,
            "isdiffpos": "t",
            "ssdistnr": null,
            "ssnamenr": null,
            "drb": null
        },
        {
            "candid": 2839479563515015000,
            "jd": 2460593.9795602,
            "ra": 78.7209377,
            "dec": 5.4151644,
            "fid": 1,
            "nid": 2839,
            "magpsf": 18.190799713134766,
            "sigmapsf": 0.08316799998283386,
            "magnr": 19.368999481201172,
            "sigmagnr": 0.10599999874830246,
            "magzpsci": 26.30579948425293,
            "isdiffpos": "t",
            "ssdistnr": null,
            "ssnamenr": null,
            "drb": null
        },
        {
            "candid": 2841381783515015002,
            "jd": 2460595.8817824,
            "ra": 78.7210137,
            "dec": 5.4152173,
            "fid": 2,
            "nid": 2841,
            "magpsf": 18.088699340820312,
            "sigmapsf": 0.05716099962592125,
            "magnr": 18.149999618530273,
            "sigmagnr": 0.11299999803304672,
            "magzpsci": 26.284700393676758,
            "isdiffpos": "t",
            "ssdistnr": null,
            "ssnamenr": null,
            "drb": null
        },
        {
            "candid": 2841421343515015002,
            "jd": 2460595.9213426,
            "ra": 78.7209967,
            "dec": 5.4152101,
            "fid": 1,
            "nid": 2841,
            "magpsf": 18.186800003051758,
            "sigmapsf": 0.06491000205278397,
            "magnr": 19.368999481201172,
            "sigmagnr": 0.10599999874830246,
            "magzpsci": 26.12980079650879,
            "isdiffpos": "t",
            "ssdistnr": null,
            "ssnamenr": null,
            "drb": null
        },
        {
            "candid": 2841426054615015005,
            "jd": 2460595.9260532,
            "ra": 78.7210198,
            "dec": 5.4152203,
            "fid": 1,
            "nid": 2841,
            "magpsf": 18.229700088500977,
            "sigmapsf": 0.06298600137233734,
            "magnr": 19.290000915527344,
            "sigmagnr": 0.1080000028014183,
            "magzpsci": 26.27669906616211,
            "isdiffpos": "t",
            "ssdistnr": null,
            "ssnamenr": null,
            "drb": null
        },
        {
            "candid": 2843392833515015001,
            "jd": 2460597.8928356,
            "ra": 78.7210055,
            "dec": 5.4152,
            "fid": 2,
            "nid": 2843,
            "magpsf": 18.123699188232422,
            "sigmapsf": 0.07179199904203415,
            "magnr": 18.149999618530273,
            "sigmagnr": 0.11299999803304672,
            "magzpsci": 26.334699630737305,
            "isdiffpos": "t",
            "ssdistnr": null,
            "ssnamenr": null,
            "drb": null
        },
        {
            "candid": 2843420343515015001,
            "jd": 2460597.9203472,
            "ra": 78.7210097,
            "dec": 5.4151878,
            "fid": 1,
            "nid": 2843,
            "magpsf": 18.237899780273438,
            "sigmapsf": 0.07329600304365158,
            "magnr": 19.368999481201172,
            "sigmagnr": 0.10599999874830246,
            "magzpsci": 26.32390022277832,
            "isdiffpos": "t",
            "ssdistnr": null,
            "ssnamenr": null,
            "drb": null
        },
        {
            "candid": 2845345923515015001,
            "jd": 2460599.8459259,
            "ra": 78.7210292,
            "dec": 5.4152445,
            "fid": 1,
            "nid": 2845,
            "magpsf": 18.280000686645508,
            "sigmapsf": 0.12304099649190903,
            "magnr": 19.368999481201172,
            "sigmagnr": 0.10599999874830246,
            "magzpsci": 26.242000579833984,
            "isdiffpos": "t",
            "ssdistnr": null,
            "ssnamenr": null,
            "drb": null
        },
        {
            "candid": 2845411783515015000,
            "jd": 2460599.9117824,
            "ra": 78.7210017,
            "dec": 5.4152171,
            "fid": 2,
            "nid": 2845,
            "magpsf": 18.090099334716797,
            "sigmapsf": 0.06449499726295471,
            "magnr": 18.149999618530273,
            "sigmagnr": 0.11299999803304672,
            "magzpsci": 26.324100494384766,
            "isdiffpos": "t",
            "ssdistnr": null,
            "ssnamenr": null,
            "drb": null
        },
        {
            "candid": 2848373704615015001,
            "jd": 2460602.8737037,
            "ra": 78.7210027,
            "dec": 5.4152319,
            "fid": 2,
            "nid": 2848,
            "magpsf": 18.301300048828125,
            "sigmapsf": 0.11918800324201584,
            "magnr": 18.29400062561035,
            "sigmagnr": 0.11500000208616257,
            "magzpsci": 26.28529930114746,
            "isdiffpos": "t",
            "ssdistnr": null,
            "ssnamenr": null,
            "drb": null
        },
        {
            "candid": 2848374173515015000,
            "jd": 2460602.8741782,
            "ra": 78.7209331,
            "dec": 5.4152326,
            "fid": 2,
            "nid": 2848,
            "magpsf": 18.159900665283203,
            "sigmapsf": 0.1013299971818924,
            "magnr": 18.149999618530273,
            "sigmagnr": 0.11299999803304672,
            "magzpsci": 26.32390022277832,
            "isdiffpos": "t",
            "ssdistnr": null,
            "ssnamenr": null,
            "drb": null
        },
        {
            "candid": 2848457564615015001,
            "jd": 2460602.9575694,
            "ra": 78.7209984,
            "dec": 5.4152334,
            "fid": 1,
            "nid": 2848,
            "magpsf": 18.42009925842285,
            "sigmapsf": 0.11932899802923203,
            "magnr": 19.290000915527344,
            "sigmagnr": 0.1080000028014183,
            "magzpsci": 26.346099853515625,
            "isdiffpos": "t",
            "ssdistnr": null,
            "ssnamenr": null,
            "drb": null
        },
        {
            "candid": 2848458033515015001,
            "jd": 2460602.9580324,
            "ra": 78.721022,
            "dec": 5.4151861,
            "fid": 1,
            "nid": 2848,
            "magpsf": 18.33810043334961,
            "sigmapsf": 0.12537899613380432,
            "magnr": 19.368999481201172,
            "sigmagnr": 0.10599999874830246,
            "magzpsci": 26.340099334716797,
            "isdiffpos": "t",
            "ssdistnr": null,
            "ssnamenr": null,
            "drb": null
        },
        {
            "candid": 2848458033515025001,
            "jd": 2460602.9580324,
            "ra": 78.721022,
            "dec": 5.4151861,
            "fid": 1,
            "nid": 2848,
            "magpsf": 18.33810043334961,
            "sigmapsf": 0.12537899613380432,
            "magnr": 19.368999481201172,
            "sigmagnr": 0.10599999874830246,
            "magzpsci": 26.340099334716797,
            "isdiffpos": "t",
            "ssdistnr": null,
            "ssnamenr": null,
            "drb": null
        },
        {
            "candid": 2850373803515015000,
            "jd": 2460604.8738079,
            "ra": 78.7209913,
            "dec": 5.415217,
            "fid": 1,
            "nid": 2850,
            "magpsf": 18.322200775146484,
            "sigmapsf": 0.09464800357818604,
            "magnr": 19.368999481201172,
            "sigmagnr": 0.10599999874830246,
            "magzpsci": 26.31220054626465,
            "isdiffpos": "t",
            "ssdistnr": null,
            "ssnamenr": null,
            "drb": null
        },
        {
            "candid": 2850404303515015000,
            "jd": 2460604.9043056,
            "ra": 78.7210276,
            "dec": 5.415221,
            "fid": 2,
            "nid": 2850,
            "magpsf": 18.236099243164062,
            "sigmapsf": 0.0805630013346672,
            "magnr": 18.149999618530273,
            "sigmagnr": 0.11299999803304672,
            "magzpsci": 26.340099334716797,
            "isdiffpos": "t",
            "ssdistnr": null,
            "ssnamenr": null,
            "drb": null
        },
        {
            "candid": 2852349724615015002,
            "jd": 2460606.8497222,
            "ra": 78.7210132,
            "dec": 5.4152067,
            "fid": 2,
            "nid": 2852,
            "magpsf": 18.32200050354004,
            "sigmapsf": 0.07256100326776505,
            "magnr": 18.29400062561035,
            "sigmagnr": 0.11500000208616257,
            "magzpsci": 26.295000076293945,
            "isdiffpos": "t",
            "ssdistnr": null,
            "ssnamenr": null,
            "drb": null
        },
        {
            "candid": 2852350193515015001,
            "jd": 2460606.8501968,
            "ra": 78.7210006,
            "dec": 5.4152227,
            "fid": 2,
            "nid": 2852,
            "magpsf": 18.278900146484375,
            "sigmapsf": 0.09205800294876099,
            "magnr": 18.149999618530273,
            "sigmagnr": 0.11299999803304672,
            "magzpsci": 26.3169002532959,
            "isdiffpos": "t",
            "ssdistnr": null,
            "ssnamenr": null,
            "drb": null
        },
        {
            "candid": 2852399303515015002,
            "jd": 2460606.8993056,
            "ra": 78.7210011,
            "dec": 5.4152216,
            "fid": 1,
            "nid": 2852,
            "magpsf": 18.33180046081543,
            "sigmapsf": 0.08701299875974655,
            "magnr": 19.368999481201172,
            "sigmagnr": 0.10599999874830246,
            "magzpsci": 26.33679962158203,
            "isdiffpos": "t",
            "ssdistnr": null,
            "ssnamenr": null,
            "drb": null
        },
        {
            "candid": 2854357653515015000,
            "jd": 2460608.8576505,
            "ra": 78.7210153,
            "dec": 5.4152042,
            "fid": 1,
            "nid": 2854,
            "magpsf": 18.341100692749023,
            "sigmapsf": 0.0828929990530014,
            "magnr": 19.368999481201172,
            "sigmagnr": 0.10599999874830246,
            "magzpsci": 26.306100845336914,
            "isdiffpos": "t",
            "ssdistnr": null,
            "ssnamenr": null,
            "drb": null
        },
        {
            "candid": 2854542613515015000,
            "jd": 2460609.0426157,
            "ra": 78.7210186,
            "dec": 5.4152149,
            "fid": 2,
            "nid": 2854,
            "magpsf": 18.244400024414062,
            "sigmapsf": 0.06323699653148651,
            "magnr": 18.149999618530273,
            "sigmagnr": 0.11299999803304672,
            "magzpsci": 26.348400115966797,
            "isdiffpos": "t",
            "ssdistnr": null,
            "ssnamenr": null,
            "drb": null
        },
        {
            "candid": 2856365593515015000,
            "jd": 2460610.8655903,
            "ra": 78.7210069,
            "dec": 5.415201,
            "fid": 2,
            "nid": 2856,
            "magpsf": 18.256099700927734,
            "sigmapsf": 0.09387499839067459,
            "magnr": 18.149999618530273,
            "sigmagnr": 0.11299999803304672,
            "magzpsci": 26.167200088500977,
            "isdiffpos": "t",
            "ssdistnr": null,
            "ssnamenr": null,
            "drb": null
        },
        {
            "candid": 2856402973515015000,
            "jd": 2460610.9029745,
            "ra": 78.7210346,
            "dec": 5.4152025,
            "fid": 1,
            "nid": 2856,
            "magpsf": 18.402599334716797,
            "sigmapsf": 0.08627499639987946,
            "magnr": 19.368999481201172,
            "sigmagnr": 0.10599999874830246,
            "magzpsci": 26.17259979248047,
            "isdiffpos": "t",
            "ssdistnr": null,
            "ssnamenr": null,
            "drb": null
        },
        {
            "candid": 2859420693515015000,
            "jd": 2460613.9206944,
            "ra": 78.7210063,
            "dec": 5.415178,
            "fid": 1,
            "nid": 2859,
            "magpsf": 18.50550079345703,
            "sigmapsf": 0.0857120007276535,
            "magnr": 19.368999481201172,
            "sigmagnr": 0.10599999874830246,
            "magzpsci": 26.316499710083008,
            "isdiffpos": "t",
            "ssdistnr": null,
            "ssnamenr": null,
            "drb": null
        },
        {
            "candid": 2859441014615015003,
            "jd": 2460613.9410185,
            "ra": 78.7210084,
            "dec": 5.4152323,
            "fid": 2,
            "nid": 2859,
            "magpsf": 18.35420036315918,
            "sigmapsf": 0.05986199900507927,
            "magnr": 18.29400062561035,
            "sigmagnr": 0.11500000208616257,
            "magzpsci": 26.2992000579834,
            "isdiffpos": "t",
            "ssdistnr": null,
            "ssnamenr": null,
            "drb": null
        },
        {
            "candid": 2859476623515015001,
            "jd": 2460613.9766204,
            "ra": 78.7209936,
            "dec": 5.4152132,
            "fid": 2,
            "nid": 2859,
            "magpsf": 18.33180046081543,
            "sigmapsf": 0.07462400197982788,
            "magnr": 18.149999618530273,
            "sigmagnr": 0.11299999803304672,
            "magzpsci": 26.332799911499023,
            "isdiffpos": "t",
            "ssdistnr": null,
            "ssnamenr": null,
            "drb": null
        },
        {
            "candid": 2862397404615015003,
            "jd": 2460616.8974074,
            "ra": 78.7210107,
            "dec": 5.4152066,
            "fid": 1,
            "nid": 2862,
            "magpsf": 18.66390037536621,
            "sigmapsf": 0.07101500034332275,
            "magnr": 19.290000915527344,
            "sigmagnr": 0.1080000028014183,
            "magzpsci": 26.347900390625,
            "isdiffpos": "t",
            "ssdistnr": null,
            "ssnamenr": null,
            "drb": null
        },
        {
            "candid": 2862398363515015000,
            "jd": 2460616.8983681,
            "ra": 78.7210048,
            "dec": 5.4152083,
            "fid": 1,
            "nid": 2862,
            "magpsf": 18.58340072631836,
            "sigmapsf": 0.07797499746084213,
            "magnr": 19.368999481201172,
            "sigmagnr": 0.10599999874830246,
            "magzpsci": 26.317399978637695,
            "isdiffpos": "t",
            "ssdistnr": null,
            "ssnamenr": null,
            "drb": null
        },
        {
            "candid": 2862421454615015002,
            "jd": 2460616.9214583,
            "ra": 78.7210145,
            "dec": 5.4152203,
            "fid": 2,
            "nid": 2862,
            "magpsf": 18.454200744628906,
            "sigmapsf": 0.08000800013542175,
            "magnr": 18.29400062561035,
            "sigmagnr": 0.11500000208616257,
            "magzpsci": 26.182199478149414,
            "isdiffpos": "t",
            "ssdistnr": null,
            "ssnamenr": null,
            "drb": null
        },
        {
            "candid": 2862422433515015000,
            "jd": 2460616.9224306,
            "ra": 78.7210079,
            "dec": 5.4152238,
            "fid": 2,
            "nid": 2862,
            "magpsf": 18.368900299072266,
            "sigmapsf": 0.06994300335645676,
            "magnr": 18.149999618530273,
            "sigmagnr": 0.11299999803304672,
            "magzpsci": 26.212900161743164,
            "isdiffpos": "t",
            "ssdistnr": null,
            "ssnamenr": null,
            "drb": null
        },
        {
            "candid": 2865416033515015000,
            "jd": 2460619.9160301,
            "ra": 78.7209709,
            "dec": 5.4152331,
            "fid": 1,
            "nid": 2865,
            "magpsf": 18.619600296020508,
            "sigmapsf": 0.10592900216579437,
            "magnr": 19.368999481201172,
            "sigmagnr": 0.10599999874830246,
            "magzpsci": 26.332599639892578,
            "isdiffpos": "t",
            "ssdistnr": null,
            "ssnamenr": null,
            "drb": null
        },
        {
            "candid": 2867382524615015003,
            "jd": 2460621.8825231,
            "ra": 78.7210233,
            "dec": 5.4152136,
            "fid": 2,
            "nid": 2867,
            "magpsf": 18.41990089416504,
            "sigmapsf": 0.09713400155305862,
            "magnr": 18.29400062561035,
            "sigmagnr": 0.11500000208616257,
            "magzpsci": 26.311899185180664,
            "isdiffpos": "t",
            "ssdistnr": null,
            "ssnamenr": null,
            "drb": null
        },
        {
            "candid": 2867399813515015001,
            "jd": 2460621.8998148,
            "ra": 78.720917,
            "dec": 5.4151553,
            "fid": 1,
            "nid": 2867,
            "magpsf": 18.70009994506836,
            "sigmapsf": 0.14427000284194946,
            "magnr": 19.368999481201172,
            "sigmagnr": 0.10599999874830246,
            "magzpsci": 26.348100662231445,
            "isdiffpos": "t",
            "ssdistnr": null,
            "ssnamenr": null,
            "drb": null
        },
        {
            "candid": 2867399813515025001,
            "jd": 2460621.8998148,
            "ra": 78.720917,
            "dec": 5.4151553,
            "fid": 1,
            "nid": 2867,
            "magpsf": 18.70009994506836,
            "sigmapsf": 0.14427000284194946,
            "magnr": 19.368999481201172,
            "sigmagnr": 0.10599999874830246,
            "magzpsci": 26.348100662231445,
            "isdiffpos": "t",
            "ssdistnr": null,
            "ssnamenr": null,
            "drb": null
        },
        {
            "candid": 2868419224615015017,
            "jd": 2460622.9192245,
            "ra": 78.7210791,
            "dec": 5.4152101,
            "fid": 2,
            "nid": 2868,
            "magpsf": 18.513099670410156,
            "sigmapsf": 0.10368400067090988,
            "magnr": 18.29400062561035,
            "sigmagnr": 0.11500000208616257,
            "magzpsci": 26.10409927368164,
            "isdiffpos": "t",
            "ssdistnr": null,
            "ssnamenr": null,
            "drb": null
        },
        {
            "candid": 2868420173515015014,
            "jd": 2460622.9201736,
            "ra": 78.7210083,
            "dec": 5.4152212,
            "fid": 2,
            "nid": 2868,
            "magpsf": 18.535600662231445,
            "sigmapsf": 0.12379299849271774,
            "magnr": 18.149999618530273,
            "sigmagnr": 0.11299999803304672,
            "magzpsci": 26.096599578857422,
            "isdiffpos": "t",
            "ssdistnr": null,
            "ssnamenr": null,
            "drb": null
        },
        {
            "candid": 2868461513515015000,
            "jd": 2460622.9615162,
            "ra": 78.7210155,
            "dec": 5.4152031,
            "fid": 1,
            "nid": 2868,
            "magpsf": 18.693700790405273,
            "sigmapsf": 0.0913349986076355,
            "magnr": 19.368999481201172,
            "sigmagnr": 0.10599999874830246,
            "magzpsci": 26.328699111938477,
            "isdiffpos": "t",
            "ssdistnr": null,
            "ssnamenr": null,
            "drb": null
        },
        {
            "candid": 2868461974615015002,
            "jd": 2460622.9619792,
            "ra": 78.721007,
            "dec": 5.4152266,
            "fid": 1,
            "nid": 2868,
            "magpsf": 18.829099655151367,
            "sigmapsf": 0.09408000111579895,
            "magnr": 19.290000915527344,
            "sigmagnr": 0.1080000028014183,
            "magzpsci": 26.34709930419922,
            "isdiffpos": "t",
            "ssdistnr": null,
            "ssnamenr": null,
            "drb": null
        },
        {
            "candid": 2870318443515015000,
            "jd": 2460624.8184491,
            "ra": 78.721004,
            "dec": 5.4152145,
            "fid": 2,
            "nid": 2870,
            "magpsf": 18.537900924682617,
            "sigmapsf": 0.07338599860668182,
            "magnr": 18.149999618530273,
            "sigmagnr": 0.11299999803304672,
            "magzpsci": 26.298900604248047,
            "isdiffpos": "t",
            "ssdistnr": null,
            "ssnamenr": null,
            "drb": null
        },
        {
            "candid": 2870370983515015000,
            "jd": 2460624.8709838,
            "ra": 78.7210081,
            "dec": 5.4152191,
            "fid": 1,
            "nid": 2870,
            "magpsf": 18.841899871826172,
            "sigmapsf": 0.11137299984693527,
            "magnr": 19.368999481201172,
            "sigmagnr": 0.10599999874830246,
            "magzpsci": 26.202899932861328,
            "isdiffpos": "t",
            "ssdistnr": null,
            "ssnamenr": null,
            "drb": null
        },
        {
            "candid": 2873292404615015003,
            "jd": 2460627.7924074,
            "ra": 78.7210052,
            "dec": 5.4151813,
            "fid": 2,
            "nid": 2873,
            "magpsf": 18.699800491333008,
            "sigmapsf": 0.10785900056362152,
            "magnr": 18.29400062561035,
            "sigmagnr": 0.11500000208616257,
            "magzpsci": 26.290800094604492,
            "isdiffpos": "t",
            "ssdistnr": null,
            "ssnamenr": null,
            "drb": null
        },
        {
            "candid": 2874286713515015000,
            "jd": 2460628.786713,
            "ra": 78.7210051,
            "dec": 5.4152014,
            "fid": 2,
            "nid": 2874,
            "magpsf": 18.518800735473633,
            "sigmapsf": 0.09408099949359894,
            "magnr": 18.149999618530273,
            "sigmagnr": 0.11299999803304672,
            "magzpsci": 26.33180046081543,
            "isdiffpos": "t",
            "ssdistnr": null,
            "ssnamenr": null,
            "drb": null
        },
        {
            "candid": 2874411273515015001,
            "jd": 2460628.9112731,
            "ra": 78.7210089,
            "dec": 5.4152108,
            "fid": 1,
            "nid": 2874,
            "magpsf": 18.948200225830078,
            "sigmapsf": 0.12960900366306305,
            "magnr": 19.368999481201172,
            "sigmagnr": 0.10599999874830246,
            "magzpsci": 26.375200271606445,
            "isdiffpos": "t",
            "ssdistnr": null,
            "ssnamenr": null,
            "drb": null
        },
        {
            "candid": 2877352853515015001,
            "jd": 2460631.8528588,
            "ra": 78.7209589,
            "dec": 5.4151768,
            "fid": 2,
            "nid": 2877,
            "magpsf": 18.612600326538086,
            "sigmapsf": 0.13618400692939758,
            "magnr": 18.149999618530273,
            "sigmagnr": 0.11299999803304672,
            "magzpsci": 26.331600189208984,
            "isdiffpos": "t",
            "ssdistnr": null,
            "ssnamenr": null,
            "drb": null
        },
        {
            "candid": 2880399143515015000,
            "jd": 2460634.8991435,
            "ra": 78.7209705,
            "dec": 5.4151316,
            "fid": 1,
            "nid": 2880,
            "magpsf": 19.008499145507812,
            "sigmapsf": 0.12113600224256516,
            "magnr": 19.368999481201172,
            "sigmagnr": 0.10599999874830246,
            "magzpsci": 26.329500198364258,
            "isdiffpos": "t",
            "ssdistnr": null,
            "ssnamenr": null,
            "drb": null
        },
        {
            "candid": 2881337564615015002,
            "jd": 2460635.8375694,
            "ra": 78.721011,
            "dec": 5.4152225,
            "fid": 1,
            "nid": 2881,
            "magpsf": 19.114500045776367,
            "sigmapsf": 0.13162299990653992,
            "magnr": 19.290000915527344,
            "sigmagnr": 0.1080000028014183,
            "magzpsci": 25.785499572753906,
            "isdiffpos": "t",
            "ssdistnr": null,
            "ssnamenr": null,
            "drb": null
        },
        {
            "candid": 2882348573515015002,
            "jd": 2460636.8485764,
            "ra": 78.7210103,
            "dec": 5.4151941,
            "fid": 2,
            "nid": 2882,
            "magpsf": 18.734100341796875,
            "sigmapsf": 0.08724100142717361,
            "magnr": 18.149999618530273,
            "sigmagnr": 0.11299999803304672,
            "magzpsci": 26.33209991455078,
            "isdiffpos": "t",
            "ssdistnr": null,
            "ssnamenr": null,
            "drb": null
        },
        {
            "candid": 2882419913515015002,
            "jd": 2460636.919919,
            "ra": 78.7209853,
            "dec": 5.4151876,
            "fid": 1,
            "nid": 2882,
            "magpsf": 19.219999313354492,
            "sigmapsf": 0.11683099716901779,
            "magnr": 19.368999481201172,
            "sigmagnr": 0.10599999874830246,
            "magzpsci": 26.320999145507812,
            "isdiffpos": "t",
            "ssdistnr": null,
            "ssnamenr": null,
            "drb": null
        },
        {
            "candid": 2883275354615015002,
            "jd": 2460637.7753588,
            "ra": 78.7210192,
            "dec": 5.4152072,
            "fid": 1,
            "nid": 2883,
            "magpsf": 19.451400756835938,
            "sigmapsf": 0.12572599947452545,
            "magnr": 19.290000915527344,
            "sigmagnr": 0.1080000028014183,
            "magzpsci": 26.30940055847168,
            "isdiffpos": "t",
            "ssdistnr": null,
            "ssnamenr": null,
            "drb": null
        },
        {
            "candid": 2885416423515015001,
            "jd": 2460639.9164236,
            "ra": 78.7210154,
            "dec": 5.4151451,
            "fid": 1,
            "nid": 2885,
            "magpsf": 19.364299774169922,
            "sigmapsf": 0.27991798520088196,
            "magnr": 19.368999481201172,
            "sigmagnr": 0.10599999874830246,
            "magzpsci": 25.783300399780273,
            "isdiffpos": "t",
            "ssdistnr": null,
            "ssnamenr": null,
            "drb": null
        },
        {
            "candid": 2889293943515015000,
            "jd": 2460643.7939468,
            "ra": 78.7209835,
            "dec": 5.4151437,
            "fid": 1,
            "nid": 2889,
            "magpsf": 19.743200302124023,
            "sigmapsf": 0.26364898681640625,
            "magnr": 19.368999481201172,
            "sigmagnr": 0.10599999874830246,
            "magzpsci": 26.100200653076172,
            "isdiffpos": "t",
            "ssdistnr": null,
            "ssnamenr": null,
            "drb": null
        },
        {
            "candid": 2889416003515015000,
            "jd": 2460643.9160069,
            "ra": 78.7209928,
            "dec": 5.4152262,
            "fid": 2,
            "nid": 2889,
            "magpsf": 18.969900131225586,
            "sigmapsf": 0.248416006565094,
            "magnr": 18.149999618530273,
            "sigmagnr": 0.11299999803304672,
            "magzpsci": 25.769899368286133,
            "isdiffpos": "t",
            "ssdistnr": null,
            "ssnamenr": null,
            "drb": null
        },
        {
            "candid": 2891350343515015002,
            "jd": 2460645.8503472,
            "ra": 78.720972,
            "dec": 5.4152305,
            "fid": 2,
            "nid": 2891,
            "magpsf": 18.954700469970703,
            "sigmapsf": 0.09449300169944763,
            "magnr": 18.149999618530273,
            "sigmagnr": 0.11299999803304672,
            "magzpsci": 26.319700241088867,
            "isdiffpos": "t",
            "ssdistnr": null,
            "ssnamenr": null,
            "drb": null
        },
        {
            "candid": 2895329383515015000,
            "jd": 2460649.8293866,
            "ra": 78.7210255,
            "dec": 5.4151393,
            "fid": 1,
            "nid": 2895,
            "magpsf": 19.801599502563477,
            "sigmapsf": 0.1887200027704239,
            "magnr": 19.368999481201172,
            "sigmagnr": 0.10599999874830246,
            "magzpsci": 26.307600021362305,
            "isdiffpos": "t",
            "ssdistnr": null,
            "ssnamenr": null,
            "drb": null
        },
        {
            "candid": 2895361883515015001,
            "jd": 2460649.8618866,
            "ra": 78.7209948,
            "dec": 5.4152162,
            "fid": 2,
            "nid": 2895,
            "magpsf": 19.12380027770996,
            "sigmapsf": 0.1140270009636879,
            "magnr": 18.149999618530273,
            "sigmagnr": 0.11299999803304672,
            "magzpsci": 26.332799911499023,
            "isdiffpos": "t",
            "ssdistnr": null,
            "ssnamenr": null,
            "drb": null
        },
        {
            "candid": 2896253544615015002,
            "jd": 2460650.7535417,
            "ra": 78.7210375,
            "dec": 5.4152851,
            "fid": 2,
            "nid": 2896,
            "magpsf": 19.240400314331055,
            "sigmapsf": 0.14847299456596375,
            "magnr": 18.29400062561035,
            "sigmagnr": 0.11500000208616257,
            "magzpsci": 26.282400131225586,
            "isdiffpos": "t",
            "ssdistnr": null,
            "ssnamenr": null,
            "drb": null
        },
        {
            "candid": 2897255213515015000,
            "jd": 2460651.7552199,
            "ra": 78.7210378,
            "dec": 5.4151809,
            "fid": 1,
            "nid": 2897,
            "magpsf": 19.926799774169922,
            "sigmapsf": 0.1820099949836731,
            "magnr": 19.368999481201172,
            "sigmagnr": 0.10599999874830246,
            "magzpsci": 26.303800582885742,
            "isdiffpos": "t",
            "ssdistnr": null,
            "ssnamenr": null,
            "drb": null
        },
        {
            "candid": 2899268243515015001,
            "jd": 2460653.7682407,
            "ra": 78.7209803,
            "dec": 5.4152549,
            "fid": 2,
            "nid": 2899,
            "magpsf": 19.1697998046875,
            "sigmapsf": 0.12959399819374084,
            "magnr": 18.149999618530273,
            "sigmagnr": 0.11299999803304672,
            "magzpsci": 26.34480094909668,
            "isdiffpos": "t",
            "ssdistnr": null,
            "ssnamenr": null,
            "drb": null
        },
        {
            "candid": 2899299463515015002,
            "jd": 2460653.7994676,
            "ra": 78.7210022,
            "dec": 5.4150937,
            "fid": 1,
            "nid": 2899,
            "magpsf": 19.94930076599121,
            "sigmapsf": 0.2768869996070862,
            "magnr": 19.368999481201172,
            "sigmagnr": 0.10599999874830246,
            "magzpsci": 26.350299835205078,
            "isdiffpos": "t",
            "ssdistnr": null,
            "ssnamenr": null,
            "drb": null
        },
        {
            "candid": 2909313983515015002,
            "jd": 2460663.8139815,
            "ra": 78.7209941,
            "dec": 5.4152515,
            "fid": 2,
            "nid": 2909,
            "magpsf": 19.628997802734375,
            "sigmapsf": 0.13994625210762024,
            "magnr": 18.149999618530273,
            "sigmagnr": 0.11299999803304672,
            "magzpsci": 26.356996536254883,
            "isdiffpos": "t",
            "ssdistnr": -999.0,
            "ssnamenr": "null",
            "drb": null
        },
        {
            "jd": 2460548.9741898,
            "fid": 1,
            "diffmaglim": 19.38089942932129
        },
        {
            "jd": 2460549.0129514,
            "fid": 2,
            "diffmaglim": 19.811500549316406
        },
        {
            "jd": 2460556.9522685,
            "fid": 1,
            "diffmaglim": 20.181499481201172
        },
        {
            "jd": 2460556.9677083,
            "fid": 2,
            "diffmaglim": 20.243799209594727
        },
        {
            "jd": 2460558.9872222,
            "fid": 1,
            "diffmaglim": 20.12459945678711
        },
        {
            "jd": 2460564.9710417,
            "fid": 2,
            "diffmaglim": 20.515199661254883
        },
        {
            "jd": 2460568.9024653,
            "fid": 2,
            "diffmaglim": 19.94569969177246
        },
        {
            "jd": 2460577.9897917,
            "fid": 1,
            "diffmaglim": 20.069700241088867
        },
        {
            "jd": 2460595.8929051,
            "fid": 2,
            "diffmaglim": 20.59480094909668
        },
        {
            "jd": 2460597.8837616,
            "fid": 2,
            "diffmaglim": 20.09630012512207
        },
        {
            "jd": 2460597.9217593,
            "fid": 1,
            "diffmaglim": 20.257099151611328
        },
        {
            "jd": 2460599.918287,
            "fid": 2,
            "diffmaglim": 19.884899139404297
        },
        {
            "jd": 2460599.9886574,
            "fid": 1,
            "diffmaglim": 19.73859977722168
        },
        {
            "jd": 2460604.8728704,
            "fid": 1,
            "diffmaglim": 19.76740074157715
        },
        {
            "jd": 2460604.9196875,
            "fid": 2,
            "diffmaglim": 19.696399688720703
        },
        {
            "jd": 2460606.8988426,
            "fid": 1,
            "diffmaglim": 20.000499725341797
        },
        {
            "jd": 2460608.9106134,
            "fid": 2,
            "diffmaglim": 20.483200073242188
        },
        {
            "jd": 2460610.9039931,
            "fid": 1,
            "diffmaglim": 20.466100692749023
        },
        {
            "jd": 2460613.9211574,
            "fid": 1,
            "diffmaglim": 20.52400016784668
        },
        {
            "jd": 2460619.9328241,
            "fid": 2,
            "diffmaglim": 20.11590003967285
        },
        {
            "jd": 2460621.8796875,
            "fid": 2,
            "diffmaglim": 19.422399520874023
        },
        {
            "jd": 2460624.8676852,
            "fid": 1,
            "diffmaglim": 20.533100128173828
        },
        {
            "jd": 2460626.7430208,
            "fid": 1,
            "diffmaglim": 18.691999435424805
        },
        {
            "jd": 2460627.9374074,
            "fid": 1,
            "diffmaglim": 19.7721004486084
        },
        {
            "jd": 2460628.7857639,
            "fid": 2,
            "diffmaglim": 19.662200927734375
        },
        {
            "jd": 2460628.9131597,
            "fid": 1,
            "diffmaglim": 19.62809944152832
        },
        {
            "jd": 2460634.8777083,
            "fid": 2,
            "diffmaglim": 20.675800323486328
        },
        {
            "jd": 2460634.8791319,
            "fid": 2,
            "diffmaglim": 19.533300399780273
        },
        {
            "jd": 2460634.9205324,
            "fid": 1,
            "diffmaglim": 19.61549949645996
        },
        {
            "jd": 2460637.8374653,
            "fid": 2,
            "diffmaglim": 20.284799575805664
        },
        {
            "jd": 2460639.8724306,
            "fid": 2,
            "diffmaglim": 18.239299774169922
        },
        {
            "jd": 2460640.841794,
            "fid": 2,
            "diffmaglim": 20.524599075317383
        },
        {
            "jd": 2460644.837037,
            "fid": 2,
            "diffmaglim": 20.50480079650879
        },
        {
            "jd": 2460646.9130556,
            "fid": 1,
            "diffmaglim": 20.551700592041016
        },
        {
            "jd": 2460647.7471296,
            "fid": 1,
            "diffmaglim": 16.891399383544922
        },
        {
            "jd": 2460648.8583218,
            "fid": 1,
            "diffmaglim": 20.741899490356445
        },
        {
            "jd": 2460648.9167708,
            "fid": 2,
            "diffmaglim": 20.40180015563965
        },
        {
            "jd": 2460650.8873032,
            "fid": 1,
            "diffmaglim": 20.538299560546875
        },
        {
            "jd": 2460651.6744792,
            "fid": 2,
            "diffmaglim": 19.798999786376953
        },
        {
            "jd": 2460652.6960764,
            "fid": 2,
            "diffmaglim": 20.13360023498535
        },
        {
            "jd": 2460652.7452894,
            "fid": 1,
            "diffmaglim": 20.299299240112305
        },
        {
            "jd": 2460654.7675463,
            "fid": 1,
            "diffmaglim": 19.025699615478516
        },
        {
            "jd": 2460654.7810069,
            "fid": 2,
            "diffmaglim": 19.17140007019043
        },
        {
            "jd": 2460655.8010417,
            "fid": 1,
            "diffmaglim": 18.90180015563965
        },
        {
            "jd": 2460655.8576042,
            "fid": 2,
            "diffmaglim": 18.747600555419922
        },
        {
            "jd": 2460658.7733912,
            "fid": 1,
            "diffmaglim": 18.08799934387207
        },
        {
            "jd": 2460658.7753819,
            "fid": 1,
            "diffmaglim": 15.714500427246094
        },
        {
            "jd": 2460658.7998958,
            "fid": 2,
            "diffmaglim": 18.479999542236328
        },
        {
            "jd": 2460660.795544,
            "fid": 2,
            "diffmaglim": 19.26740074157715
        },
        {
            "jd": 2460660.838125,
            "fid": 1,
            "diffmaglim": 19.196199417114258
        },
        {
            "jd": 2460660.8578356,
            "fid": 1,
            "diffmaglim": 18.996599197387695
        },
        {
            "jd": 2460660.881331,
            "fid": 2,
            "diffmaglim": 19.234100341796875
        }
    ],
    "forcedphot": [
        {
            "objectid": "ZTF24abcbmug",
            "jd": 2460547.9557755,
            "ranr": 78.7216032,
            "decnr": 5.4152681,
            "fid": 2,
            "forcediffimflux": 877.6095581054688,
            "forcediffimfluxunc": 59.21915054321289,
            "magzpsci": 26.24720001220703
        },
        {
            "objectid": "ZTF24abcbmug",
            "jd": 2460548.9741898,
            "ranr": 78.7214671,
            "decnr": 5.4152687,
            "fid": 1,
            "forcediffimflux": 738.308837890625,
            "forcediffimfluxunc": 73.71263885498047,
            "magzpsci": 26.184900283813477
        },
        {
            "objectid": "ZTF24abcbmug",
            "jd": 2460549.0129514,
            "ranr": 78.7215497,
            "decnr": 5.4151101,
            "fid": 2,
            "forcediffimflux": 882.3718872070312,
            "forcediffimfluxunc": 71.43193817138672,
            "magzpsci": 26.26140022277832
        },
        {
            "objectid": "ZTF24abcbmug",
            "jd": 2460550.0152315,
            "ranr": 78.7209036,
            "decnr": 5.4152197,
            "fid": 1,
            "forcediffimflux": 791.5240478515625,
            "forcediffimfluxunc": 85.03852081298828,
            "magzpsci": 26.28510093688965
        },
        {
            "objectid": "ZTF24abcbmug",
            "jd": 2460554.9582755,
            "ranr": 78.7215497,
            "decnr": 5.4151101,
            "fid": 2,
            "forcediffimflux": -99999.0,
            "forcediffimfluxunc": -99999.0,
            "magzpsci": 26.226999282836914
        },
        {
            "objectid": "ZTF24abcbmug",
            "jd": 2460554.95875,
            "ranr": 78.7216032,
            "decnr": 5.4152681,
            "fid": 2,
            "forcediffimflux": 1149.48583984375,
            "forcediffimfluxunc": 39.9232292175293,
            "magzpsci": 26.24220085144043
        },
        {
            "objectid": "ZTF24abcbmug",
            "jd": 2460556.9522685,
            "ranr": 78.7214671,
            "decnr": 5.4152687,
            "fid": 1,
            "forcediffimflux": -99999.0,
            "forcediffimfluxunc": -99999.0,
            "magzpsci": 26.188800811767578
        },
        {
            "objectid": "ZTF24abcbmug",
            "jd": 2460556.9677083,
            "ranr": -99999.0,
            "decnr": -99999.0,
            "fid": 2,
            "forcediffimflux": -99999.0,
            "forcediffimfluxunc": -99999.0,
            "magzpsci": 26.240800857543945
        },
        {
            "objectid": "ZTF24abcbmug",
            "jd": 2460558.9501273,
            "ranr": 78.7215497,
            "decnr": 5.4151101,
            "fid": 2,
            "forcediffimflux": -99999.0,
            "forcediffimfluxunc": -99999.0,
            "magzpsci": 26.234899520874023
        },
        {
            "objectid": "ZTF24abcbmug",
            "jd": 2460558.9872222,
            "ranr": -99999.0,
            "decnr": -99999.0,
            "fid": 1,
            "forcediffimflux": -99999.0,
            "forcediffimfluxunc": -99999.0,
            "magzpsci": 26.284099578857422
        },
        {
            "objectid": "ZTF24abcbmug",
            "jd": 2460558.9876968,
            "ranr": 78.7209036,
            "decnr": 5.4152197,
            "fid": 1,
            "forcediffimflux": 1323.1356201171875,
            "forcediffimfluxunc": 45.24341583251953,
            "magzpsci": 26.252300262451172
        },
        {
            "objectid": "ZTF24abcbmug",
            "jd": 2460561.9490509,
            "ranr": 78.7215497,
            "decnr": 5.4151101,
            "fid": 2,
            "forcediffimflux": -99999.0,
            "forcediffimfluxunc": -99999.0,
            "magzpsci": 25.739099502563477
        },
        {
            "objectid": "ZTF24abcbmug",
            "jd": 2460561.9837269,
            "ranr": -99999.0,
            "decnr": -99999.0,
            "fid": 1,
            "forcediffimflux": -99999.0,
            "forcediffimfluxunc": -99999.0,
            "magzpsci": 25.976600646972656
        },
        {
            "objectid": "ZTF24abcbmug",
            "jd": 2460564.9710417,
            "ranr": -99999.0,
            "decnr": -99999.0,
            "fid": 2,
            "forcediffimflux": -99999.0,
            "forcediffimfluxunc": -99999.0,
            "magzpsci": 26.311500549316406
        },
        {
            "objectid": "ZTF24abcbmug",
            "jd": 2460564.9715162,
            "ranr": 78.7216032,
            "decnr": 5.4152681,
            "fid": 2,
            "forcediffimflux": 1698.1431884765625,
            "forcediffimfluxunc": 38.292884826660156,
            "magzpsci": 26.31220054626465
        },
        {
            "objectid": "ZTF24abcbmug",
            "jd": 2460564.997581,
            "ranr": -99999.0,
            "decnr": -99999.0,
            "fid": 1,
            "forcediffimflux": -99999.0,
            "forcediffimfluxunc": -99999.0,
            "magzpsci": 26.359699249267578
        },
        {
            "objectid": "ZTF24abcbmug",
            "jd": 2460564.9980556,
            "ranr": -99999.0,
            "decnr": -99999.0,
            "fid": 1,
            "forcediffimflux": -99999.0,
            "forcediffimfluxunc": -99999.0,
            "magzpsci": 26.251399993896484
        },
        {
            "objectid": "ZTF24abcbmug",
            "jd": 2460568.9024653,
            "ranr": 78.7215497,
            "decnr": 5.4151101,
            "fid": 2,
            "forcediffimflux": 1763.7567138671875,
            "forcediffimfluxunc": 51.266395568847656,
            "magzpsci": 26.239500045776367
        },
        {
            "objectid": "ZTF24abcbmug",
            "jd": 2460571.8667708,
            "ranr": 78.7209036,
            "decnr": 5.4152197,
            "fid": 1,
            "forcediffimflux": 1545.4853515625,
            "forcediffimfluxunc": 127.4865951538086,
            "magzpsci": 26.099899291992188
        },
        {
            "objectid": "ZTF24abcbmug",
            "jd": 2460571.9575231,
            "ranr": 78.7216032,
            "decnr": 5.4152681,
            "fid": 2,
            "forcediffimflux": 1949.8814697265625,
            "forcediffimfluxunc": 68.06773376464844,
            "magzpsci": 26.329999923706055
        },
        {
            "objectid": "ZTF24abcbmug",
            "jd": 2460571.9579977,
            "ranr": 78.7215497,
            "decnr": 5.4151101,
            "fid": 2,
            "forcediffimflux": 1787.9835205078125,
            "forcediffimfluxunc": 71.11117553710938,
            "magzpsci": 26.292699813842773
        },
        {
            "objectid": "ZTF24abcbmug",
            "jd": 2460574.9769213,
            "ranr": 78.7215497,
            "decnr": 5.4151101,
            "fid": 2,
            "forcediffimflux": 1848.511474609375,
            "forcediffimfluxunc": 74.14352416992188,
            "magzpsci": 26.273700714111328
        },
        {
            "objectid": "ZTF24abcbmug",
            "jd": 2460574.9848843,
            "ranr": -99999.0,
            "decnr": -99999.0,
            "fid": 1,
            "forcediffimflux": -99999.0,
            "forcediffimfluxunc": -99999.0,
            "magzpsci": 26.32040023803711
        },
        {
            "objectid": "ZTF24abcbmug",
            "jd": 2460575.8733449,
            "ranr": 78.7216032,
            "decnr": 5.4152681,
            "fid": 2,
            "forcediffimflux": 1729.272216796875,
            "forcediffimfluxunc": 77.64685821533203,
            "magzpsci": 26.199899673461914
        },
        {
            "objectid": "ZTF24abcbmug",
            "jd": 2460575.9250926,
            "ranr": 78.7209036,
            "decnr": 5.4152197,
            "fid": 1,
            "forcediffimflux": 1736.458251953125,
            "forcediffimfluxunc": 75.08467102050781,
            "magzpsci": 26.239299774169922
        },
        {
            "objectid": "ZTF24abcbmug",
            "jd": 2460575.9432176,
            "ranr": 78.7224194,
            "decnr": 5.4152106,
            "fid": 1,
            "forcediffimflux": 1760.3941650390625,
            "forcediffimfluxunc": 72.49192810058594,
            "magzpsci": 26.26580047607422
        },
        {
            "objectid": "ZTF24abcbmug",
            "jd": 2460575.9696296,
            "ranr": 78.7214362,
            "decnr": 5.4152925,
            "fid": 3,
            "forcediffimflux": 1030.841552734375,
            "forcediffimfluxunc": 62.13533401489258,
            "magzpsci": 25.73699951171875
        },
        {
            "objectid": "ZTF24abcbmug",
            "jd": 2460576.0283333,
            "ranr": -99999.0,
            "decnr": -99999.0,
            "fid": 2,
            "forcediffimflux": -99999.0,
            "forcediffimfluxunc": -99999.0,
            "magzpsci": 26.30150032043457
        },
        {
            "objectid": "ZTF24abcbmug",
            "jd": 2460576.9245602,
            "ranr": 78.7216032,
            "decnr": 5.4152681,
            "fid": 2,
            "forcediffimflux": 2023.9102783203125,
            "forcediffimfluxunc": 64.94483947753906,
            "magzpsci": 26.287799835205078
        },
        {
            "objectid": "ZTF24abcbmug",
            "jd": 2460576.9951852,
            "ranr": -99999.0,
            "decnr": -99999.0,
            "fid": 1,
            "forcediffimflux": -99999.0,
            "forcediffimfluxunc": -99999.0,
            "magzpsci": 26.34079933166504
        },
        {
            "objectid": "ZTF24abcbmug",
            "jd": 2460576.9970602,
            "ranr": 78.7209036,
            "decnr": 5.4152197,
            "fid": 1,
            "forcediffimflux": 1968.0755615234375,
            "forcediffimfluxunc": 61.537376403808594,
            "magzpsci": 26.29330062866211
        },
        {
            "objectid": "ZTF24abcbmug",
            "jd": 2460577.0248032,
            "ranr": 78.7215497,
            "decnr": 5.4151101,
            "fid": 2,
            "forcediffimflux": -99999.0,
            "forcediffimfluxunc": -99999.0,
            "magzpsci": 26.28569984436035
        },
        {
            "objectid": "ZTF24abcbmug",
            "jd": 2460577.9763542,
            "ranr": 78.7215497,
            "decnr": 5.4151101,
            "fid": 2,
            "forcediffimflux": -99999.0,
            "forcediffimfluxunc": -99999.0,
            "magzpsci": 26.289400100708008
        },
        {
            "objectid": "ZTF24abcbmug",
            "jd": 2460577.9782407,
            "ranr": 78.7216032,
            "decnr": 5.4152681,
            "fid": 2,
            "forcediffimflux": 1897.8709716796875,
            "forcediffimfluxunc": 54.16496276855469,
            "magzpsci": 26.304100036621094
        },
        {
            "objectid": "ZTF24abcbmug",
            "jd": 2460577.9897917,
            "ranr": 78.7214671,
            "decnr": 5.4152687,
            "fid": 1,
            "forcediffimflux": -99999.0,
            "forcediffimfluxunc": -99999.0,
            "magzpsci": 26.31909942626953
        },
        {
            "objectid": "ZTF24abcbmug",
            "jd": 2460578.0242014,
            "ranr": 78.7214362,
            "decnr": 5.4152925,
            "fid": 3,
            "forcediffimflux": 1051.0120849609375,
            "forcediffimfluxunc": 54.48082733154297,
            "magzpsci": 25.760099411010742
        },
        {
            "objectid": "ZTF24abcbmug",
            "jd": 2460591.9411227,
            "ranr": -99999.0,
            "decnr": -99999.0,
            "fid": 1,
            "forcediffimflux": -99999.0,
            "forcediffimfluxunc": -99999.0,
            "magzpsci": 26.324399948120117
        },
        {
            "objectid": "ZTF24abcbmug",
            "jd": 2460593.9204977,
            "ranr": 78.7215497,
            "decnr": 5.4151101,
            "fid": 2,
            "forcediffimflux": -99999.0,
            "forcediffimfluxunc": -99999.0,
            "magzpsci": 26.29640007019043
        },
        {
            "objectid": "ZTF24abcbmug",
            "jd": 2460593.9815509,
            "ranr": -99999.0,
            "decnr": -99999.0,
            "fid": 1,
            "forcediffimflux": -99999.0,
            "forcediffimfluxunc": -99999.0,
            "magzpsci": 26.352100372314453
        },
        {
            "objectid": "ZTF24abcbmug",
            "jd": 2460595.8929051,
            "ranr": -99999.0,
            "decnr": -99999.0,
            "fid": 2,
            "forcediffimflux": -99999.0,
            "forcediffimfluxunc": -99999.0,
            "magzpsci": 26.30970001220703
        },
        {
            "objectid": "ZTF24abcbmug",
            "jd": 2460595.9213426,
            "ranr": -99999.0,
            "decnr": -99999.0,
            "fid": 1,
            "forcediffimflux": -99999.0,
            "forcediffimfluxunc": -99999.0,
            "magzpsci": 26.065200805664062
        },
        {
            "objectid": "ZTF24abcbmug",
            "jd": 2460595.9260532,
            "ranr": -99999.0,
            "decnr": -99999.0,
            "fid": 1,
            "forcediffimflux": -99999.0,
            "forcediffimfluxunc": -99999.0,
            "magzpsci": 26.310199737548828
        },
        {
            "objectid": "ZTF24abcbmug",
            "jd": 2460597.8837616,
            "ranr": -99999.0,
            "decnr": -99999.0,
            "fid": 2,
            "forcediffimflux": -99999.0,
            "forcediffimfluxunc": -99999.0,
            "magzpsci": 26.30660057067871
        },
        {
            "objectid": "ZTF24abcbmug",
            "jd": 2460597.8928356,
            "ranr": -99999.0,
            "decnr": -99999.0,
            "fid": 2,
            "forcediffimflux": -99999.0,
            "forcediffimfluxunc": -99999.0,
            "magzpsci": 26.264299392700195
        },
        {
            "objectid": "ZTF24abcbmug",
            "jd": 2460597.9217593,
            "ranr": 78.7214671,
            "decnr": 5.4152687,
            "fid": 1,
            "forcediffimflux": -99999.0,
            "forcediffimfluxunc": -99999.0,
            "magzpsci": 26.35740089416504
        },
        {
            "objectid": "ZTF24abcbmug",
            "jd": 2460599.8459259,
            "ranr": 78.7209036,
            "decnr": 5.4152197,
            "fid": 1,
            "forcediffimflux": 1518.7420654296875,
            "forcediffimfluxunc": 98.12271881103516,
            "magzpsci": 26.242000579833984
        },
        {
            "objectid": "ZTF24abcbmug",
            "jd": 2460599.918287,
            "ranr": -99999.0,
            "decnr": -99999.0,
            "fid": 2,
            "forcediffimflux": -99999.0,
            "forcediffimfluxunc": -99999.0,
            "magzpsci": 26.313199996948242
        },
        {
            "objectid": "ZTF24abcbmug",
            "jd": 2460599.9886574,
            "ranr": -99999.0,
            "decnr": -99999.0,
            "fid": 1,
            "forcediffimflux": -99999.0,
            "forcediffimfluxunc": -99999.0,
            "magzpsci": 26.36050033569336
        },
        {
            "objectid": "ZTF24abcbmug",
            "jd": 2460602.8737037,
            "ranr": 78.7215497,
            "decnr": 5.4151101,
            "fid": 2,
            "forcediffimflux": 1538.1873779296875,
            "forcediffimfluxunc": 112.10678100585938,
            "magzpsci": 26.28529930114746
        },
        {
            "objectid": "ZTF24abcbmug",
            "jd": 2460602.8741782,
            "ranr": 78.7216032,
            "decnr": 5.4152681,
            "fid": 2,
            "forcediffimflux": 1764.8134765625,
            "forcediffimfluxunc": 105.74040222167969,
            "magzpsci": 26.32390022277832
        },
        {
            "objectid": "ZTF24abcbmug",
            "jd": 2460602.9575694,
            "ranr": 78.7214671,
            "decnr": 5.4152687,
            "fid": 1,
            "forcediffimflux": 1436.32666015625,
            "forcediffimfluxunc": 103.82332611083984,
            "magzpsci": 26.346099853515625
        },
        {
            "objectid": "ZTF24abcbmug",
            "jd": 2460602.9580324,
            "ranr": 78.721776,
            "decnr": 5.4152093,
            "fid": 1,
            "forcediffimflux": 1517.01416015625,
            "forcediffimfluxunc": 121.3639907836914,
            "magzpsci": 26.340099334716797
        },
        {
            "objectid": "ZTF24abcbmug",
            "jd": 2460604.8728704,
            "ranr": -99999.0,
            "decnr": -99999.0,
            "fid": 1,
            "forcediffimflux": -99999.0,
            "forcediffimfluxunc": -99999.0,
            "magzpsci": 26.337299346923828
        },
        {
            "objectid": "ZTF24abcbmug",
            "jd": 2460604.8738079,
            "ranr": 78.721776,
            "decnr": 5.4152093,
            "fid": 1,
            "forcediffimflux": 1631.3426513671875,
            "forcediffimfluxunc": 67.91663360595703,
            "magzpsci": 26.31220054626465
        },
        {
            "objectid": "ZTF24abcbmug",
            "jd": 2460604.9196875,
            "ranr": -99999.0,
            "decnr": -99999.0,
            "fid": 2,
            "forcediffimflux": -99999.0,
            "forcediffimfluxunc": -99999.0,
            "magzpsci": 26.157899856567383
        },
        {
            "objectid": "ZTF24abcbmug",
            "jd": 2460606.8497222,
            "ranr": -99999.0,
            "decnr": -99999.0,
            "fid": 2,
            "forcediffimflux": -99999.0,
            "forcediffimfluxunc": -99999.0,
            "magzpsci": 26.308300018310547
        },
        {
            "objectid": "ZTF24abcbmug",
            "jd": 2460606.8501968,
            "ranr": 78.7216032,
            "decnr": 5.4152681,
            "fid": 2,
            "forcediffimflux": 1634.6444091796875,
            "forcediffimfluxunc": 52.21076965332031,
            "magzpsci": 26.3169002532959
        },
        {
            "objectid": "ZTF24abcbmug",
            "jd": 2460606.8988426,
            "ranr": -99999.0,
            "decnr": -99999.0,
            "fid": 1,
            "forcediffimflux": -99999.0,
            "forcediffimfluxunc": -99999.0,
            "magzpsci": 26.34939956665039
        },
        {
            "objectid": "ZTF24abcbmug",
            "jd": 2460606.8993056,
            "ranr": 78.721776,
            "decnr": 5.4152093,
            "fid": 1,
            "forcediffimflux": 1529.0169677734375,
            "forcediffimfluxunc": 57.8489875793457,
            "magzpsci": 26.33679962158203
        },
        {
            "objectid": "ZTF24abcbmug",
            "jd": 2460608.9106134,
            "ranr": -99999.0,
            "decnr": -99999.0,
            "fid": 2,
            "forcediffimflux": -99999.0,
            "forcediffimfluxunc": -99999.0,
            "magzpsci": 26.336700439453125
        },
        {
            "objectid": "ZTF24abcbmug",
            "jd": 2460608.9580208,
            "ranr": 78.7214671,
            "decnr": 5.4152687,
            "fid": 1,
            "forcediffimflux": -99999.0,
            "forcediffimfluxunc": -99999.0,
            "magzpsci": 26.37420082092285
        },
        {
            "objectid": "ZTF24abcbmug",
            "jd": 2460609.0426157,
            "ranr": -99999.0,
            "decnr": -99999.0,
            "fid": 2,
            "forcediffimflux": -99999.0,
            "forcediffimfluxunc": -99999.0,
            "magzpsci": 26.279499053955078
        },
        {
            "objectid": "ZTF24abcbmug",
            "jd": 2460610.8655903,
            "ranr": 78.7216032,
            "decnr": 5.4152681,
            "fid": 2,
            "forcediffimflux": 1506.9932861328125,
            "forcediffimfluxunc": 42.51499557495117,
            "magzpsci": 26.167200088500977
        },
        {
            "objectid": "ZTF24abcbmug",
            "jd": 2460610.9039931,
            "ranr": 78.7214671,
            "decnr": 5.4152687,
            "fid": 1,
            "forcediffimflux": -99999.0,
            "forcediffimfluxunc": -99999.0,
            "magzpsci": 26.247299194335938
        },
        {
            "objectid": "ZTF24abcbmug",
            "jd": 2460613.9211574,
            "ranr": 78.7214671,
            "decnr": 5.4152687,
            "fid": 1,
            "forcediffimflux": 1348.27978515625,
            "forcediffimfluxunc": 36.57493591308594,
            "magzpsci": 26.335800170898438
        },
        {
            "objectid": "ZTF24abcbmug",
            "jd": 2460613.9410185,
            "ranr": 78.7215497,
            "decnr": 5.4151101,
            "fid": 2,
            "forcediffimflux": 1522.2781982421875,
            "forcediffimfluxunc": 44.764949798583984,
            "magzpsci": 26.2992000579834
        },
        {
            "objectid": "ZTF24abcbmug",
            "jd": 2460613.9766204,
            "ranr": 78.7216032,
            "decnr": 5.4152681,
            "fid": 2,
            "forcediffimflux": 1573.4639892578125,
            "forcediffimfluxunc": 45.059349060058594,
            "magzpsci": 26.332799911499023
        },
        {
            "objectid": "ZTF24abcbmug",
            "jd": 2460616.8974074,
            "ranr": -99999.0,
            "decnr": -99999.0,
            "fid": 1,
            "forcediffimflux": -99999.0,
            "forcediffimfluxunc": -99999.0,
            "magzpsci": 26.351900100708008
        },
        {
            "objectid": "ZTF24abcbmug",
            "jd": 2460616.8983681,
            "ranr": 78.7209036,
            "decnr": 5.4152197,
            "fid": 1,
            "forcediffimflux": 1283.9190673828125,
            "forcediffimfluxunc": 31.288429260253906,
            "magzpsci": 26.317399978637695
        },
        {
            "objectid": "ZTF24abcbmug",
            "jd": 2460616.9214583,
            "ranr": -99999.0,
            "decnr": -99999.0,
            "fid": 2,
            "forcediffimflux": -99999.0,
            "forcediffimfluxunc": -99999.0,
            "magzpsci": 26.189699172973633
        },
        {
            "objectid": "ZTF24abcbmug",
            "jd": 2460616.9224306,
            "ranr": 78.7216032,
            "decnr": 5.4152681,
            "fid": 2,
            "forcediffimflux": 1417.304443359375,
            "forcediffimfluxunc": 38.86769104003906,
            "magzpsci": 26.212900161743164
        },
        {
            "objectid": "ZTF24abcbmug",
            "jd": 2460619.9160301,
            "ranr": 78.7209036,
            "decnr": 5.4152197,
            "fid": 1,
            "forcediffimflux": 1146.4825439453125,
            "forcediffimfluxunc": 53.105926513671875,
            "magzpsci": 26.332599639892578
        },
        {
            "objectid": "ZTF24abcbmug",
            "jd": 2460619.9328241,
            "ranr": 78.7215497,
            "decnr": 5.4151101,
            "fid": 2,
            "forcediffimflux": 1334.569580078125,
            "forcediffimfluxunc": 47.008270263671875,
            "magzpsci": 26.312999725341797
        },
        {
            "objectid": "ZTF24abcbmug",
            "jd": 2460621.8796875,
            "ranr": 78.7216032,
            "decnr": 5.4152681,
            "fid": 2,
            "forcediffimflux": 1301.2237548828125,
            "forcediffimfluxunc": 86.72676086425781,
            "magzpsci": 26.3523006439209
        },
        {
            "objectid": "ZTF24abcbmug",
            "jd": 2460621.8825231,
            "ranr": 78.7215497,
            "decnr": 5.4151101,
            "fid": 2,
            "forcediffimflux": 1354.7396240234375,
            "forcediffimfluxunc": 60.41578674316406,
            "magzpsci": 26.311899185180664
        },
        {
            "objectid": "ZTF24abcbmug",
            "jd": 2460621.8998148,
            "ranr": -99999.0,
            "decnr": -99999.0,
            "fid": 1,
            "forcediffimflux": -99999.0,
            "forcediffimfluxunc": -99999.0,
            "magzpsci": 26.287799835205078
        },
        {
            "objectid": "ZTF24abcbmug",
            "jd": 2460622.9192245,
            "ranr": 78.7215497,
            "decnr": 5.4151101,
            "fid": 2,
            "forcediffimflux": 1034.61279296875,
            "forcediffimfluxunc": 59.03268814086914,
            "magzpsci": 26.10409927368164
        },
        {
            "objectid": "ZTF24abcbmug",
            "jd": 2460622.9615162,
            "ranr": -99999.0,
            "decnr": -99999.0,
            "fid": 1,
            "forcediffimflux": -99999.0,
            "forcediffimfluxunc": -99999.0,
            "magzpsci": 26.275299072265625
        },
        {
            "objectid": "ZTF24abcbmug",
            "jd": 2460622.9619792,
            "ranr": -99999.0,
            "decnr": -99999.0,
            "fid": 1,
            "forcediffimflux": -99999.0,
            "forcediffimfluxunc": -99999.0,
            "magzpsci": 26.34779930114746
        },
        {
            "objectid": "ZTF24abcbmug",
            "jd": 2460624.8184491,
            "ranr": 78.7216032,
            "decnr": 5.4152681,
            "fid": 2,
            "forcediffimflux": 1289.5255126953125,
            "forcediffimfluxunc": 43.92387390136719,
            "magzpsci": 26.298900604248047
        },
        {
            "objectid": "ZTF24abcbmug",
            "jd": 2460624.8676852,
            "ranr": 78.7214671,
            "decnr": 5.4152687,
            "fid": 1,
            "forcediffimflux": 976.3224487304688,
            "forcediffimfluxunc": 34.980525970458984,
            "magzpsci": 26.3710994720459
        },
        {
            "objectid": "ZTF24abcbmug",
            "jd": 2460624.8709838,
            "ranr": 78.7209036,
            "decnr": 5.4152197,
            "fid": 1,
            "forcediffimflux": 914.6914672851562,
            "forcediffimfluxunc": 35.720943450927734,
            "magzpsci": 26.202899932861328
        },
        {
            "objectid": "ZTF24abcbmug",
            "jd": 2460626.7430208,
            "ranr": 78.7209036,
            "decnr": 5.4152197,
            "fid": 1,
            "forcediffimflux": 894.1849975585938,
            "forcediffimfluxunc": 118.46289825439453,
            "magzpsci": 26.206499099731445
        },
        {
            "objectid": "ZTF24abcbmug",
            "jd": 2460627.7924074,
            "ranr": 78.7215497,
            "decnr": 5.4151101,
            "fid": 2,
            "forcediffimflux": 1088.0645751953125,
            "forcediffimfluxunc": 70.54871368408203,
            "magzpsci": 26.290800094604492
        },
        {
            "objectid": "ZTF24abcbmug",
            "jd": 2460627.9374074,
            "ranr": 78.7214671,
            "decnr": 5.4152687,
            "fid": 1,
            "forcediffimflux": -99999.0,
            "forcediffimfluxunc": -99999.0,
            "magzpsci": 26.347299575805664
        },
        {
            "objectid": "ZTF24abcbmug",
            "jd": 2460628.7857639,
            "ranr": 78.7215497,
            "decnr": 5.4151101,
            "fid": 2,
            "forcediffimflux": 1215.68408203125,
            "forcediffimfluxunc": 63.57232666015625,
            "magzpsci": 26.295499801635742
        },
        {
            "objectid": "ZTF24abcbmug",
            "jd": 2460628.786713,
            "ranr": 78.7216032,
            "decnr": 5.4152681,
            "fid": 2,
            "forcediffimflux": 1330.254638671875,
            "forcediffimfluxunc": 64.70769500732422,
            "magzpsci": 26.33180046081543
        },
        {
            "objectid": "ZTF24abcbmug",
            "jd": 2460628.9131597,
            "ranr": 78.7214671,
            "decnr": 5.4152687,
            "fid": 1,
            "forcediffimflux": 829.508544921875,
            "forcediffimfluxunc": 72.27040100097656,
            "magzpsci": 26.356599807739258
        },
        {
            "objectid": "ZTF24abcbmug",
            "jd": 2460631.8528588,
            "ranr": 78.7216032,
            "decnr": 5.4152681,
            "fid": 2,
            "forcediffimflux": 1201.3922119140625,
            "forcediffimfluxunc": 108.94381713867188,
            "magzpsci": 26.331600189208984
        },
        {
            "objectid": "ZTF24abcbmug",
            "jd": 2460634.9205324,
            "ranr": -99999.0,
            "decnr": -99999.0,
            "fid": 1,
            "forcediffimflux": -99999.0,
            "forcediffimfluxunc": -99999.0,
            "magzpsci": 26.333599090576172
        },
        {
            "objectid": "ZTF24abcbmug",
            "jd": 2460635.8375694,
            "ranr": -99999.0,
            "decnr": -99999.0,
            "fid": 1,
            "forcediffimflux": -99999.0,
            "forcediffimfluxunc": -99999.0,
            "magzpsci": 25.922700881958008
        },
        {
            "objectid": "ZTF24abcbmug",
            "jd": 2460636.8485764,
            "ranr": 78.7216032,
            "decnr": 5.4152681,
            "fid": 2,
            "forcediffimflux": 1074.27392578125,
            "forcediffimfluxunc": 42.026519775390625,
            "magzpsci": 26.33209991455078
        },
        {
            "objectid": "ZTF24abcbmug",
            "jd": 2460636.919919,
            "ranr": 78.7209036,
            "decnr": 5.4152197,
            "fid": 1,
            "forcediffimflux": 692.0758666992188,
            "forcediffimfluxunc": 43.866477966308594,
            "magzpsci": 26.320999145507812
        },
        {
            "objectid": "ZTF24abcbmug",
            "jd": 2460637.7753588,
            "ranr": -99999.0,
            "decnr": -99999.0,
            "fid": 1,
            "forcediffimflux": -99999.0,
            "forcediffimfluxunc": -99999.0,
            "magzpsci": 26.316099166870117
        },
        {
            "objectid": "ZTF24abcbmug",
            "jd": 2460637.8374653,
            "ranr": -99999.0,
            "decnr": -99999.0,
            "fid": 2,
            "forcediffimflux": -99999.0,
            "forcediffimfluxunc": -99999.0,
            "magzpsci": 26.330799102783203
        },
        {
            "objectid": "ZTF24abcbmug",
            "jd": 2460639.9164236,
            "ranr": 78.7209036,
            "decnr": 5.4152197,
            "fid": 1,
            "forcediffimflux": 381.2689208984375,
            "forcediffimfluxunc": 41.218414306640625,
            "magzpsci": 25.783300399780273
        },
        {
            "objectid": "ZTF24abcbmug",
            "jd": 2460640.841794,
            "ranr": -99999.0,
            "decnr": -99999.0,
            "fid": 2,
            "forcediffimflux": -99999.0,
            "forcediffimfluxunc": -99999.0,
            "magzpsci": 26.318500518798828
        },
        {
            "objectid": "ZTF24abcbmug",
            "jd": 2460643.7939468,
            "ranr": 78.7209036,
            "decnr": 5.4152197,
            "fid": 1,
            "forcediffimflux": 344.8248291015625,
            "forcediffimfluxunc": 47.782413482666016,
            "magzpsci": 26.100200653076172
        },
        {
            "objectid": "ZTF24abcbmug",
            "jd": 2460643.9160069,
            "ranr": 78.7216032,
            "decnr": 5.4152681,
            "fid": 2,
            "forcediffimflux": 517.523681640625,
            "forcediffimfluxunc": 59.09049606323242,
            "magzpsci": 25.769899368286133
        },
        {
            "objectid": "ZTF24abcbmug",
            "jd": 2460644.837037,
            "ranr": -99999.0,
            "decnr": -99999.0,
            "fid": 2,
            "forcediffimflux": -99999.0,
            "forcediffimfluxunc": -99999.0,
            "magzpsci": 26.312599182128906
        },
        {
            "objectid": "ZTF24abcbmug",
            "jd": 2460645.8503472,
            "ranr": 78.7216032,
            "decnr": 5.4152681,
            "fid": 2,
            "forcediffimflux": 895.8157958984375,
            "forcediffimfluxunc": 35.913299560546875,
            "magzpsci": 26.319700241088867
        },
        {
            "objectid": "ZTF24abcbmug",
            "jd": 2460646.9130556,
            "ranr": -99999.0,
            "decnr": -99999.0,
            "fid": 1,
            "forcediffimflux": -99999.0,
            "forcediffimfluxunc": -99999.0,
            "magzpsci": 26.3439998626709
        },
        {
            "objectid": "ZTF24abcbmug",
            "jd": 2460648.8583218,
            "ranr": -99999.0,
            "decnr": -99999.0,
            "fid": 1,
            "forcediffimflux": -99999.0,
            "forcediffimfluxunc": -99999.0,
            "magzpsci": 26.32509994506836
        },
        {
            "objectid": "ZTF24abcbmug",
            "jd": 2460648.9167708,
            "ranr": -99999.0,
            "decnr": -99999.0,
            "fid": 2,
            "forcediffimflux": -99999.0,
            "forcediffimfluxunc": -99999.0,
            "magzpsci": 26.289100646972656
        },
        {
            "objectid": "ZTF24abcbmug",
            "jd": 2460649.8293866,
            "ranr": 78.7209036,
            "decnr": 5.4152197,
            "fid": 1,
            "forcediffimflux": 390.2471618652344,
            "forcediffimfluxunc": 35.42734146118164,
            "magzpsci": 26.307600021362305
        },
        {
            "objectid": "ZTF24abcbmug",
            "jd": 2460649.8618866,
            "ranr": 78.7216032,
            "decnr": 5.4152681,
            "fid": 2,
            "forcediffimflux": 795.8395385742188,
            "forcediffimfluxunc": 32.542362213134766,
            "magzpsci": 26.332799911499023
        },
        {
            "objectid": "ZTF24abcbmug",
            "jd": 2460650.7535417,
            "ranr": -99999.0,
            "decnr": -99999.0,
            "fid": 2,
            "forcediffimflux": -99999.0,
            "forcediffimfluxunc": -99999.0,
            "magzpsci": 26.297500610351562
        },
        {
            "objectid": "ZTF24abcbmug",
            "jd": 2460650.8873032,
            "ranr": -99999.0,
            "decnr": -99999.0,
            "fid": 1,
            "forcediffimflux": -99999.0,
            "forcediffimfluxunc": -99999.0,
            "magzpsci": 26.312000274658203
        },
        {
            "objectid": "ZTF24abcbmug",
            "jd": 2460651.6744792,
            "ranr": 78.7216032,
            "decnr": 5.4152681,
            "fid": 2,
            "forcediffimflux": 675.515380859375,
            "forcediffimfluxunc": 51.72100067138672,
            "magzpsci": 26.256399154663086
        },
        {
            "objectid": "ZTF24abcbmug",
            "jd": 2460651.7552199,
            "ranr": 78.7209036,
            "decnr": 5.4152197,
            "fid": 1,
            "forcediffimflux": 352.3617248535156,
            "forcediffimfluxunc": 37.651756286621094,
            "magzpsci": 26.303800582885742
        },
        {
            "objectid": "ZTF24abcbmug",
            "jd": 2460652.6960764,
            "ranr": -99999.0,
            "decnr": -99999.0,
            "fid": 2,
            "forcediffimflux": -99999.0,
            "forcediffimfluxunc": -99999.0,
            "magzpsci": 26.265600204467773
        },
        {
            "objectid": "ZTF24abcbmug",
            "jd": 2460652.7452894,
            "ranr": 78.7214671,
            "decnr": 5.4152687,
            "fid": 1,
            "forcediffimflux": 362.2376403808594,
            "forcediffimfluxunc": 34.55067443847656,
            "magzpsci": 26.31399917602539
        },
        {
            "objectid": "ZTF24abcbmug",
            "jd": 2460653.7682407,
            "ranr": 78.7216032,
            "decnr": 5.4152681,
            "fid": 2,
            "forcediffimflux": 723.3570556640625,
            "forcediffimfluxunc": 51.182167053222656,
            "magzpsci": 26.34480094909668
        },
        {
            "objectid": "ZTF24abcbmug",
            "jd": 2460653.7994676,
            "ranr": 78.7209036,
            "decnr": 5.4152197,
            "fid": 1,
            "forcediffimflux": 334.981689453125,
            "forcediffimfluxunc": 50.59182357788086,
            "magzpsci": 26.350299835205078
        },
        {
            "objectid": "ZTF24abcbmug",
            "jd": 2460654.7675463,
            "ranr": 78.7214671,
            "decnr": 5.4152687,
            "fid": 1,
            "forcediffimflux": 54.303314208984375,
            "forcediffimfluxunc": 112.33097076416016,
            "magzpsci": 26.35610008239746
        },
        {
            "objectid": "ZTF24abcbmug",
            "jd": 2460654.7810069,
            "ranr": 78.7215497,
            "decnr": 5.4151101,
            "fid": 2,
            "forcediffimflux": 268.0933532714844,
            "forcediffimfluxunc": 100.80236053466797,
            "magzpsci": 26.324600219726562
        },
        {
            "objectid": "ZTF24abcbmug",
            "jd": 2460655.8010417,
            "ranr": 78.7209036,
            "decnr": 5.4152197,
            "fid": 1,
            "forcediffimflux": 243.02334594726562,
            "forcediffimfluxunc": 86.07904052734375,
            "magzpsci": 25.95330047607422
        },
        {
            "objectid": "ZTF24abcbmug",
            "jd": 2460655.8576042,
            "ranr": 78.7216032,
            "decnr": 5.4152681,
            "fid": 2,
            "forcediffimflux": 508.0139465332031,
            "forcediffimfluxunc": 86.00579833984375,
            "magzpsci": 25.80430030822754
        },
        {
            "objectid": "ZTF24abcbmug",
            "jd": 2460658.7998958,
            "ranr": 78.7215497,
            "decnr": 5.4151101,
            "fid": 2,
            "forcediffimflux": 164.84201049804688,
            "forcediffimfluxunc": 137.2695770263672,
            "magzpsci": 26.142799377441406
        },
        {
            "objectid": "ZTF24abcbmug",
            "jd": 2460660.8578356,
            "ranr": 78.7209036,
            "decnr": 5.4152197,
            "fid": 1,
            "forcediffimflux": 331.710693359375,
            "forcediffimfluxunc": 116.59673309326172,
            "magzpsci": 26.330699920654297
        },
        {
            "objectid": "ZTF24abcbmug",
            "jd": 2460660.881331,
            "ranr": 78.7215497,
            "decnr": 5.4151101,
            "fid": 2,
            "forcediffimflux": 552.205322265625,
            "forcediffimfluxunc": 84.88677215576172,
            "magzpsci": 26.281600952148438
        }
    ]
}