{
    "objectId": "ZTF23aaxadel",
    "candidates": [
        {
            "candid": 2414384403415015026,
            "jd": 2460168.8844097,
            "ra": 3.7287721,
            "dec": 26.3334616,
            "fid": 1,
            "nid": 2414,
            "magpsf": 18.7283992767334,
            "sigmapsf": 0.0778530016541481,
            "magnr": 19.523000717163086,
            "sigmagnr": 0.12600000202655792,
            "magzpsci": 26.388399124145508,
            "isdiffpos": "t",
            "ssdistnr": null,
            "ssnamenr": null,
            "drb": 0.9999980926513672
        },
        {
            "candid": 2414453883415015026,
            "jd": 2460168.9538889,
            "ra": 3.7287906,
            "dec": 26.3334693,
            "fid": 2,
            "nid": 2414,
            "magpsf": 18.97949981689453,
            "sigmapsf": 0.06843099743127823,
            "magnr": 19.31100082397461,
            "sigmagnr": 0.11100000143051147,
            "magzpsci": 26.404499053955078,
            "isdiffpos": "t",
            "ssdistnr": null,
            "ssnamenr": null,
            "drb": null
        },
        {
            "candid": 2416361423415015031,
            "jd": 2460170.8614236,
            "ra": 3.7287953,
            "dec": 26.3334541,
            "fid": 1,
            "nid": 2416,
            "magpsf": 18.608200073242188,
            "sigmapsf": 0.07518800348043442,
            "magnr": 19.523000717163086,
            "sigmagnr": 0.12600000202655792,
            "magzpsci": 26.334199905395508,
            "isdiffpos": "t",
            "ssdistnr": null,
            "ssnamenr": null,
            "drb": null
        },
        {
            "candid": 2416402963415015026,
            "jd": 2460170.902963,
            "ra": 3.7287844,
            "dec": 26.3334693,
            "fid": 2,
            "nid": 2416,
            "magpsf": 18.756999969482422,
            "sigmapsf": 0.05561099946498871,
            "magnr": 19.31100082397461,
            "sigmagnr": 0.11100000143051147,
            "magzpsci": 26.343000411987305,
            "isdiffpos": "t",
            "ssdistnr": null,
            "ssnamenr": null,
            "drb": null
        },
        {
            "candid": 2419340503415015018,
            "jd": 2460173.8405093,
            "ra": 3.7287717,
            "dec": 26.3334693,
            "fid": 2,
            "nid": 2419,
            "magpsf": 18.5575008392334,
            "sigmapsf": 0.06717099994421005,
            "magnr": 19.31100082397461,
            "sigmagnr": 0.11100000143051147,
            "magzpsci": 26.352500915527344,
            "isdiffpos": "t",
            "ssdistnr": null,
            "ssnamenr": null,
            "drb": null
        },
        {
            "candid": 2419468283415015023,
            "jd": 2460173.968287,
            "ra": 3.7287847,
            "dec": 26.3334548,
            "fid": 1,
            "nid": 2419,
            "magpsf": 18.568500518798828,
            "sigmapsf": 0.07016099989414215,
            "magnr": 19.523000717163086,
            "sigmagnr": 0.12600000202655792,
            "magzpsci": 26.36050033569336,
            "isdiffpos": "t",
            "ssdistnr": null,
            "ssnamenr": null,
            "drb": null
        },
        {
            "candid": 2426441923415015019,
            "jd": 2460180.9419213,
            "ra": 3.7288397,
            "dec": 26.3334484,
            "fid": 1,
            "nid": 2426,
            "magpsf": 18.704599380493164,
            "sigmapsf": 0.14616000652313232,
            "magnr": 19.523000717163086,
            "sigmagnr": 0.12600000202655792,
            "magzpsci": 25.202600479125977,
            "isdiffpos": "t",
            "ssdistnr": null,
            "ssnamenr": null,
            "drb": null
        },
        {
            "candid": 2428341083415015016,
            "jd": 2460182.841088,
            "ra": 3.7287631,
            "dec": 26.3334573,
            "fid": 2,
            "nid": 2428,
            "magpsf": 18.470399856567383,
            "sigmapsf": 0.06935799866914749,
            "magnr": 19.31100082397461,
            "sigmagnr": 0.11100000143051147,
            "magzpsci": 26.387399673461914,
            "isdiffpos": "t",
            "ssdistnr": null,
            "ssnamenr": null,
            "drb": null
        },
        {
            "candid": 2428405163415015020,
            "jd": 2460182.905162,
            "ra": 3.7287887,
            "dec": 26.3334574,
            "fid": 1,
            "nid": 2428,
            "magpsf": 18.62470054626465,
            "sigmapsf": 0.08416300266981125,
            "magnr": 19.523000717163086,
            "sigmagnr": 0.12600000202655792,
            "magzpsci": 26.391700744628906,
            "isdiffpos": "t",
            "ssdistnr": null,
            "ssnamenr": null,
            "drb": null
        },
        {
            "candid": 2430424513415015017,
            "jd": 2460184.9245139,
            "ra": 3.7287798,
            "dec": 26.3334577,
            "fid": 1,
            "nid": 2430,
            "magpsf": 18.684900283813477,
            "sigmapsf": 0.08836299926042557,
            "magnr": 19.523000717163086,
            "sigmagnr": 0.12600000202655792,
            "magzpsci": 26.392900466918945,
            "isdiffpos": "t",
            "ssdistnr": null,
            "ssnamenr": null,
            "drb": null
        },
        {
            "candid": 2430467693415015018,
            "jd": 2460184.9676968,
            "ra": 3.7287666,
            "dec": 26.3334629,
            "fid": 2,
            "nid": 2430,
            "magpsf": 18.47760009765625,
            "sigmapsf": 0.051231998950242996,
            "magnr": 19.31100082397461,
            "sigmagnr": 0.11100000143051147,
            "magzpsci": 26.375600814819336,
            "isdiffpos": "t",
            "ssdistnr": null,
            "ssnamenr": null,
            "drb": null
        },
        {
            "candid": 2432436493415015005,
            "jd": 2460186.9364931,
            "ra": 3.7287426,
            "dec": 26.3334741,
            "fid": 2,
            "nid": 2432,
            "magpsf": 18.459699630737305,
            "sigmapsf": 0.07358500361442566,
            "magnr": 19.31100082397461,
            "sigmagnr": 0.11100000143051147,
            "magzpsci": 26.362699508666992,
            "isdiffpos": "t",
            "ssdistnr": null,
            "ssnamenr": null,
            "drb": null
        },
        {
            "candid": 2432465753415015010,
            "jd": 2460186.9657523,
            "ra": 3.7287613,
            "dec": 26.3334754,
            "fid": 1,
            "nid": 2432,
            "magpsf": 18.71619987487793,
            "sigmapsf": 0.13190500438213348,
            "magnr": 19.523000717163086,
            "sigmagnr": 0.12600000202655792,
            "magzpsci": 26.333200454711914,
            "isdiffpos": "t",
            "ssdistnr": null,
            "ssnamenr": null,
            "drb": null
        },
        {
            "candid": 2437437483415015011,
            "jd": 2460191.9374884,
            "ra": 3.7287755,
            "dec": 26.3334898,
            "fid": 1,
            "nid": 2437,
            "magpsf": 18.87470054626465,
            "sigmapsf": 0.11447100341320038,
            "magnr": 19.523000717163086,
            "sigmagnr": 0.12600000202655792,
            "magzpsci": 26.384700775146484,
            "isdiffpos": "t",
            "ssdistnr": null,
            "ssnamenr": null,
            "drb": null
        },
        {
            "candid": 2440309823415015011,
            "jd": 2460194.8098264,
            "ra": 3.7287873,
            "dec": 26.3334784,
            "fid": 1,
            "nid": 2440,
            "magpsf": 18.937599182128906,
            "sigmapsf": 0.08427300304174423,
            "magnr": 19.523000717163086,
            "sigmagnr": 0.12600000202655792,
            "magzpsci": 26.38360023498535,
            "isdiffpos": "t",
            "ssdistnr": null,
            "ssnamenr": null,
            "drb": null
        },
        {
            "candid": 2440322323415015026,
            "jd": 2460194.8223264,
            "ra": 3.7287458,
            "dec": 26.3334615,
            "fid": 2,
            "nid": 2440,
            "magpsf": 18.500600814819336,
            "sigmapsf": 0.048020001500844955,
            "magnr": 19.31100082397461,
            "sigmagnr": 0.11100000143051147,
            "magzpsci": 26.393600463867188,
            "isdiffpos": "t",
            "ssdistnr": null,
            "ssnamenr": null,
            "drb": null
        },
        {
            "candid": 2442275983415015028,
            "jd": 2460196.7759838,
            "ra": 3.7288076,
            "dec": 26.3334598,
            "fid": 1,
            "nid": 2442,
            "magpsf": 18.70199966430664,
            "sigmapsf": 0.13932499289512634,
            "magnr": 19.523000717163086,
            "sigmagnr": 0.12600000202655792,
            "magzpsci": 25.26799964904785,
            "isdiffpos": "t",
            "ssdistnr": null,
            "ssnamenr": null,
            "drb": null
        },
        {
            "candid": 2442342163415015014,
            "jd": 2460196.8421644,
            "ra": 3.7287725,
            "dec": 26.3334649,
            "fid": 2,
            "nid": 2442,
            "magpsf": 18.486600875854492,
            "sigmapsf": 0.05244600027799606,
            "magnr": 19.31100082397461,
            "sigmagnr": 0.11100000143051147,
            "magzpsci": 26.331600189208984,
            "isdiffpos": "t",
            "ssdistnr": null,
            "ssnamenr": null,
            "drb": null
        },
        {
            "candid": 2446388723415015014,
            "jd": 2460200.8887269,
            "ra": 3.7288115,
            "dec": 26.333452,
            "fid": 1,
            "nid": 2446,
            "magpsf": 19.13279914855957,
            "sigmapsf": 0.10674300044775009,
            "magnr": 19.523000717163086,
            "sigmagnr": 0.12600000202655792,
            "magzpsci": 26.394800186157227,
            "isdiffpos": "t",
            "ssdistnr": null,
            "ssnamenr": null,
            "drb": null
        },
        {
            "candid": 2446412663415015019,
            "jd": 2460200.912662,
            "ra": 3.7287754,
            "dec": 26.3334671,
            "fid": 2,
            "nid": 2446,
            "magpsf": 18.52359962463379,
            "sigmapsf": 0.05459199845790863,
            "magnr": 19.31100082397461,
            "sigmagnr": 0.11100000143051147,
            "magzpsci": 26.39459991455078,
            "isdiffpos": "t",
            "ssdistnr": null,
            "ssnamenr": null,
            "drb": null
        },
        {
            "candid": 2448268033415015016,
            "jd": 2460202.7680324,
            "ra": 3.7287718,
            "dec": 26.3334693,
            "fid": 2,
            "nid": 2448,
            "magpsf": 18.530799865722656,
            "sigmapsf": 0.07262299954891205,
            "magnr": 19.31100082397461,
            "sigmagnr": 0.11100000143051147,
            "magzpsci": 26.34480094909668,
            "isdiffpos": "t",
            "ssdistnr": null,
            "ssnamenr": null,
            "drb": null
        },
        {
            "candid": 2448412113415015037,
            "jd": 2460202.9121181,
            "ra": 3.7288116,
            "dec": 26.3334747,
            "fid": 1,
            "nid": 2448,
            "magpsf": 19.033199310302734,
            "sigmapsf": 0.10152100026607513,
            "magnr": 19.523000717163086,
            "sigmagnr": 0.12600000202655792,
            "magzpsci": 26.344200134277344,
            "isdiffpos": "t",
            "ssdistnr": null,
            "ssnamenr": null,
            "drb": null
        },
        {
            "candid": 2450339213415015034,
            "jd": 2460204.839213,
            "ra": 3.7288038,
            "dec": 26.3334431,
            "fid": 1,
            "nid": 2450,
            "magpsf": 19.14349937438965,
            "sigmapsf": 0.09970699995756149,
            "magnr": 19.523000717163086,
            "sigmagnr": 0.12600000202655792,
            "magzpsci": 26.379499435424805,
            "isdiffpos": "t",
            "ssdistnr": null,
            "ssnamenr": null,
            "drb": null
        },
        {
            "candid": 2450381403415015020,
            "jd": 2460204.8814005,
            "ra": 3.7287882,
            "dec": 26.3334572,
            "fid": 2,
            "nid": 2450,
            "magpsf": 18.581600189208984,
            "sigmapsf": 0.06640499830245972,
            "magnr": 19.31100082397461,
            "sigmagnr": 0.11100000143051147,
            "magzpsci": 26.391599655151367,
            "isdiffpos": "t",
            "ssdistnr": null,
            "ssnamenr": null,
            "drb": null
        },
        {
            "candid": 2452404753415015026,
            "jd": 2460206.9047569,
            "ra": 3.72879,
            "dec": 26.3334425,
            "fid": 1,
            "nid": 2452,
            "magpsf": 19.133100509643555,
            "sigmapsf": 0.09261199831962585,
            "magnr": 19.523000717163086,
            "sigmagnr": 0.12600000202655792,
            "magzpsci": 26.405099868774414,
            "isdiffpos": "t",
            "ssdistnr": null,
            "ssnamenr": null,
            "drb": null
        },
        {
            "candid": 2452434303415015016,
            "jd": 2460206.9343056,
            "ra": 3.7287706,
            "dec": 26.3334535,
            "fid": 2,
            "nid": 2452,
            "magpsf": 18.604700088500977,
            "sigmapsf": 0.05684499815106392,
            "magnr": 19.31100082397461,
            "sigmagnr": 0.11100000143051147,
            "magzpsci": 26.3927001953125,
            "isdiffpos": "t",
            "ssdistnr": null,
            "ssnamenr": null,
            "drb": null
        },
        {
            "candid": 2455270963415015021,
            "jd": 2460209.7709606,
            "ra": 3.7287834,
            "dec": 26.3334443,
            "fid": 2,
            "nid": 2455,
            "magpsf": 18.474300384521484,
            "sigmapsf": 0.07668600231409073,
            "magnr": 19.31100082397461,
            "sigmagnr": 0.11100000143051147,
            "magzpsci": 26.342300415039062,
            "isdiffpos": "t",
            "ssdistnr": null,
            "ssnamenr": null,
            "drb": null
        },
        {
            "candid": 2455318763415015019,
            "jd": 2460209.8187616,
            "ra": 3.7288303,
            "dec": 26.3334361,
            "fid": 1,
            "nid": 2455,
            "magpsf": 19.102399826049805,
            "sigmapsf": 0.09172700345516205,
            "magnr": 19.523000717163086,
            "sigmagnr": 0.12600000202655792,
            "magzpsci": 26.23940086364746,
            "isdiffpos": "t",
            "ssdistnr": null,
            "ssnamenr": null,
            "drb": null
        },
        {
            "candid": 2458391493415015017,
            "jd": 2460212.8914931,
            "ra": 3.7287891,
            "dec": 26.3334619,
            "fid": 2,
            "nid": 2458,
            "magpsf": 18.605100631713867,
            "sigmapsf": 0.0763470008969307,
            "magnr": 19.31100082397461,
            "sigmagnr": 0.11100000143051147,
            "magzpsci": 26.403099060058594,
            "isdiffpos": "t",
            "ssdistnr": null,
            "ssnamenr": null,
            "drb": null
        },
        {
            "candid": 2458413903415015012,
            "jd": 2460212.9139005,
            "ra": 3.728819,
            "dec": 26.3334549,
            "fid": 1,
            "nid": 2458,
            "magpsf": 19.29360008239746,
            "sigmapsf": 0.11555899679660797,
            "magnr": 19.523000717163086,
            "sigmagnr": 0.12600000202655792,
            "magzpsci": 26.37660026550293,
            "isdiffpos": "t",
            "ssdistnr": null,
            "ssnamenr": null,
            "drb": null
        },
        {
            "candid": 2460295963415015012,
            "jd": 2460214.7959606,
            "ra": 3.7287617,
            "dec": 26.3334867,
            "fid": 2,
            "nid": 2460,
            "magpsf": 18.550600051879883,
            "sigmapsf": 0.09337099641561508,
            "magnr": 19.31100082397461,
            "sigmagnr": 0.11100000143051147,
            "magzpsci": 26.39859962463379,
            "isdiffpos": "t",
            "ssdistnr": null,
            "ssnamenr": null,
            "drb": null
        },
        {
            "candid": 2460380123415015007,
            "jd": 2460214.8801273,
            "ra": 3.7287485,
            "dec": 26.3334509,
            "fid": 1,
            "nid": 2460,
            "magpsf": 19.193300247192383,
            "sigmapsf": 0.14506399631500244,
            "magnr": 19.523000717163086,
            "sigmagnr": 0.12600000202655792,
            "magzpsci": 26.366300582885742,
            "isdiffpos": "t",
            "ssdistnr": null,
            "ssnamenr": null,
            "drb": null
        },
        {
            "candid": 2462334353415015002,
            "jd": 2460216.8343519,
            "ra": 3.7287441,
            "dec": 26.3334263,
            "fid": 1,
            "nid": 2462,
            "magpsf": 19.439699172973633,
            "sigmapsf": 0.238305002450943,
            "magnr": 19.523000717163086,
            "sigmagnr": 0.12600000202655792,
            "magzpsci": 26.413700103759766,
            "isdiffpos": "t",
            "ssdistnr": null,
            "ssnamenr": null,
            "drb": null
        },
        {
            "candid": 2467293473415015009,
            "jd": 2460221.7934722,
            "ra": 3.7287896,
            "dec": 26.333469,
            "fid": 2,
            "nid": 2467,
            "magpsf": 18.481700897216797,
            "sigmapsf": 0.07077600061893463,
            "magnr": 19.31100082397461,
            "sigmagnr": 0.11100000143051147,
            "magzpsci": 26.376699447631836,
            "isdiffpos": "t",
            "ssdistnr": null,
            "ssnamenr": null,
            "drb": null
        },
        {
            "candid": 2467362263415015011,
            "jd": 2460221.8622685,
            "ra": 3.7287618,
            "dec": 26.3334358,
            "fid": 1,
            "nid": 2467,
            "magpsf": 19.420299530029297,
            "sigmapsf": 0.19416099786758423,
            "magnr": 19.523000717163086,
            "sigmagnr": 0.12600000202655792,
            "magzpsci": 26.362300872802734,
            "isdiffpos": "t",
            "ssdistnr": null,
            "ssnamenr": null,
            "drb": null
        },
        {
            "candid": 2469225433415015011,
            "jd": 2460223.7254398,
            "ra": 3.7287655,
            "dec": 26.3334437,
            "fid": 2,
            "nid": 2469,
            "magpsf": 18.589099884033203,
            "sigmapsf": 0.05686400085687637,
            "magnr": 19.31100082397461,
            "sigmagnr": 0.11100000143051147,
            "magzpsci": 26.365100860595703,
            "isdiffpos": "t",
            "ssdistnr": null,
            "ssnamenr": null,
            "drb": null
        },
        {
            "candid": 2469315783415015009,
            "jd": 2460223.815787,
            "ra": 3.7287928,
            "dec": 26.3334528,
            "fid": 1,
            "nid": 2469,
            "magpsf": 19.401500701904297,
            "sigmapsf": 0.13640399277210236,
            "magnr": 19.523000717163086,
            "sigmagnr": 0.12600000202655792,
            "magzpsci": 26.353500366210938,
            "isdiffpos": "t",
            "ssdistnr": null,
            "ssnamenr": null,
            "drb": null
        },
        {
            "candid": 2472290183415015011,
            "jd": 2460226.7901852,
            "ra": 3.7287797,
            "dec": 26.3334633,
            "fid": 2,
            "nid": 2472,
            "magpsf": 18.58139991760254,
            "sigmapsf": 0.0689530000090599,
            "magnr": 19.31100082397461,
            "sigmagnr": 0.11100000143051147,
            "magzpsci": 26.377399444580078,
            "isdiffpos": "t",
            "ssdistnr": null,
            "ssnamenr": null,
            "drb": null
        },
        {
            "candid": 2474247293415015033,
            "jd": 2460228.7472917,
            "ra": 3.7287636,
            "dec": 26.3334282,
            "fid": 1,
            "nid": 2474,
            "magpsf": 19.436199188232422,
            "sigmapsf": 0.1240369975566864,
            "magnr": 19.523000717163086,
            "sigmagnr": 0.12600000202655792,
            "magzpsci": 26.393199920654297,
            "isdiffpos": "t",
            "ssdistnr": null,
            "ssnamenr": null,
            "drb": null
        },
        {
            "candid": 2474276843415015012,
            "jd": 2460228.7768403,
            "ra": 3.7287815,
            "dec": 26.3334217,
            "fid": 2,
            "nid": 2474,
            "magpsf": 18.46430015563965,
            "sigmapsf": 0.05958100035786629,
            "magnr": 19.31100082397461,
            "sigmagnr": 0.11100000143051147,
            "magzpsci": 26.37929916381836,
            "isdiffpos": "t",
            "ssdistnr": null,
            "ssnamenr": null,
            "drb": null
        },
        {
            "candid": 2477217633415015031,
            "jd": 2460231.7176389,
            "ra": 3.7288026,
            "dec": 26.3334002,
            "fid": 1,
            "nid": 2477,
            "magpsf": 19.421899795532227,
            "sigmapsf": 0.11478900164365768,
            "magnr": 19.523000717163086,
            "sigmagnr": 0.12600000202655792,
            "magzpsci": 26.351900100708008,
            "isdiffpos": "t",
            "ssdistnr": null,
            "ssnamenr": null,
            "drb": null
        },
        {
            "candid": 2477339223415015012,
            "jd": 2460231.8392245,
            "ra": 3.7287606,
            "dec": 26.3334482,
            "fid": 2,
            "nid": 2477,
            "magpsf": 18.523300170898438,
            "sigmapsf": 0.06098499894142151,
            "magnr": 19.31100082397461,
            "sigmagnr": 0.11100000143051147,
            "magzpsci": 26.373300552368164,
            "isdiffpos": "t",
            "ssdistnr": null,
            "ssnamenr": null,
            "drb": null
        },
        {
            "candid": 2479171373415015015,
            "jd": 2460233.6713773,
            "ra": 3.7287772,
            "dec": 26.3335025,
            "fid": 2,
            "nid": 2479,
            "magpsf": 18.572399139404297,
            "sigmapsf": 0.06325100362300873,
            "magnr": 19.31100082397461,
            "sigmagnr": 0.11100000143051147,
            "magzpsci": 26.36039924621582,
            "isdiffpos": "t",
            "ssdistnr": null,
            "ssnamenr": null,
            "drb": null
        },
        {
            "candid": 2479216573415015017,
            "jd": 2460233.7165741,
            "ra": 3.7287692,
            "dec": 26.3334676,
            "fid": 1,
            "nid": 2479,
            "magpsf": 19.523799896240234,
            "sigmapsf": 0.15491299331188202,
            "magnr": 19.523000717163086,
            "sigmagnr": 0.12600000202655792,
            "magzpsci": 26.369800567626953,
            "isdiffpos": "t",
            "ssdistnr": null,
            "ssnamenr": null,
            "drb": null
        },
        {
            "candid": 2481196893415015018,
            "jd": 2460235.6968981,
            "ra": 3.7288018,
            "dec": 26.3334443,
            "fid": 1,
            "nid": 2481,
            "magpsf": 19.465999603271484,
            "sigmapsf": 0.11418899893760681,
            "magnr": 19.523000717163086,
            "sigmagnr": 0.12600000202655792,
            "magzpsci": 26.361000061035156,
            "isdiffpos": "t",
            "ssdistnr": null,
            "ssnamenr": null,
            "drb": null
        },
        {
            "candid": 2481294473415015031,
            "jd": 2460235.7944792,
            "ra": 3.7287728,
            "dec": 26.333479,
            "fid": 2,
            "nid": 2481,
            "magpsf": 18.504199981689453,
            "sigmapsf": 0.05382600054144859,
            "magnr": 19.31100082397461,
            "sigmagnr": 0.11100000143051147,
            "magzpsci": 26.38520050048828,
            "isdiffpos": "t",
            "ssdistnr": null,
            "ssnamenr": null,
            "drb": null
        },
        {
            "candid": 2483204403415015021,
            "jd": 2460237.7044097,
            "ra": 3.7287569,
            "dec": 26.3334542,
            "fid": 2,
            "nid": 2483,
            "magpsf": 18.486099243164062,
            "sigmapsf": 0.06723000109195709,
            "magnr": 19.31100082397461,
            "sigmagnr": 0.11100000143051147,
            "magzpsci": 26.34709930419922,
            "isdiffpos": "t",
            "ssdistnr": null,
            "ssnamenr": null,
            "drb": null
        },
        {
            "candid": 2483245933415015030,
            "jd": 2460237.7459375,
            "ra": 3.7287955,
            "dec": 26.333451,
            "fid": 1,
            "nid": 2483,
            "magpsf": 19.496700286865234,
            "sigmapsf": 0.12471400201320648,
            "magnr": 19.523000717163086,
            "sigmagnr": 0.12600000202655792,
            "magzpsci": 26.356700897216797,
            "isdiffpos": "t",
            "ssdistnr": null,
            "ssnamenr": null,
            "drb": null
        },
        {
            "candid": 2485412633415015017,
            "jd": 2460239.9126389,
            "ra": 3.72876,
            "dec": 26.3334703,
            "fid": 2,
            "nid": 2485,
            "magpsf": 18.556699752807617,
            "sigmapsf": 0.0619719997048378,
            "magnr": 19.31100082397461,
            "sigmagnr": 0.11100000143051147,
            "magzpsci": 26.351699829101562,
            "isdiffpos": "t",
            "ssdistnr": null,
            "ssnamenr": null,
            "drb": null
        },
        {
            "candid": 2488198563415015013,
            "jd": 2460242.6985648,
            "ra": 3.7287756,
            "dec": 26.3334492,
            "fid": 2,
            "nid": 2488,
            "magpsf": 18.590700149536133,
            "sigmapsf": 0.08431900292634964,
            "magnr": 19.31100082397461,
            "sigmagnr": 0.11100000143051147,
            "magzpsci": 26.38170051574707,
            "isdiffpos": "t",
            "ssdistnr": null,
            "ssnamenr": null,
            "drb": null
        },
        {
            "candid": 2488336793415015004,
            "jd": 2460242.836794,
            "ra": 3.7287826,
            "dec": 26.3334934,
            "fid": 1,
            "nid": 2488,
            "magpsf": 19.531099319458008,
            "sigmapsf": 0.1774740070104599,
            "magnr": 19.523000717163086,
            "sigmagnr": 0.12600000202655792,
            "magzpsci": 26.337099075317383,
            "isdiffpos": "t",
            "ssdistnr": null,
            "ssnamenr": null,
            "drb": null
        },
        {
            "candid": 2491216853415015005,
            "jd": 2460245.7168519,
            "ra": 3.7287827,
            "dec": 26.3334828,
            "fid": 2,
            "nid": 2491,
            "magpsf": 18.513700485229492,
            "sigmapsf": 0.08982700109481812,
            "magnr": 19.31100082397461,
            "sigmagnr": 0.11100000143051147,
            "magzpsci": 26.378700256347656,
            "isdiffpos": "t",
            "ssdistnr": null,
            "ssnamenr": null,
            "drb": null
        },
        {
            "candid": 2496173113415015011,
            "jd": 2460250.6731134,
            "ra": 3.7286793,
            "dec": 26.3334265,
            "fid": 1,
            "nid": 2496,
            "magpsf": 19.6294002532959,
            "sigmapsf": 0.1971450001001358,
            "magnr": 19.523000717163086,
            "sigmagnr": 0.12600000202655792,
            "magzpsci": 26.382400512695312,
            "isdiffpos": "t",
            "ssdistnr": null,
            "ssnamenr": null,
            "drb": null
        },
        {
            "candid": 2496255873415015008,
            "jd": 2460250.7558796,
            "ra": 3.7287511,
            "dec": 26.3334462,
            "fid": 2,
            "nid": 2496,
            "magpsf": 18.605300903320312,
            "sigmapsf": 0.06788299977779388,
            "magnr": 19.31100082397461,
            "sigmagnr": 0.11100000143051147,
            "magzpsci": 26.400299072265625,
            "isdiffpos": "t",
            "ssdistnr": null,
            "ssnamenr": null,
            "drb": null
        },
        {
            "candid": 2498191293415015024,
            "jd": 2460252.6912963,
            "ra": 3.7287827,
            "dec": 26.3334417,
            "fid": 1,
            "nid": 2498,
            "magpsf": 19.61910057067871,
            "sigmapsf": 0.1663230061531067,
            "magnr": 19.523000717163086,
            "sigmagnr": 0.12600000202655792,
            "magzpsci": 26.36910057067871,
            "isdiffpos": "t",
            "ssdistnr": null,
            "ssnamenr": null,
            "drb": null
        },
        {
            "candid": 2498278343415015015,
            "jd": 2460252.7783449,
            "ra": 3.7287537,
            "dec": 26.3334397,
            "fid": 2,
            "nid": 2498,
            "magpsf": 18.55929946899414,
            "sigmapsf": 0.07199899852275848,
            "magnr": 19.31100082397461,
            "sigmagnr": 0.11100000143051147,
            "magzpsci": 26.38330078125,
            "isdiffpos": "t",
            "ssdistnr": null,
            "ssnamenr": null,
            "drb": null
        },
        {
            "candid": 2500134223415015013,
            "jd": 2460254.6342245,
            "ra": 3.7287772,
            "dec": 26.3334634,
            "fid": 2,
            "nid": 2500,
            "magpsf": 18.6466007232666,
            "sigmapsf": 0.07202000170946121,
            "magnr": 19.31100082397461,
            "sigmagnr": 0.11100000143051147,
            "magzpsci": 26.395599365234375,
            "isdiffpos": "t",
            "ssdistnr": null,
            "ssnamenr": null,
            "drb": null
        },
        {
            "candid": 2500198093415015019,
            "jd": 2460254.6980903,
            "ra": 3.7288066,
            "dec": 26.3334195,
            "fid": 1,
            "nid": 2500,
            "magpsf": 19.703500747680664,
            "sigmapsf": 0.16336500644683838,
            "magnr": 19.523000717163086,
            "sigmagnr": 0.12600000202655792,
            "magzpsci": 26.399499893188477,
            "isdiffpos": "t",
            "ssdistnr": null,
            "ssnamenr": null,
            "drb": null
        },
        {
            "candid": 2503171963415015011,
            "jd": 2460257.6719676,
            "ra": 3.7287805,
            "dec": 26.3334302,
            "fid": 2,
            "nid": 2503,
            "magpsf": 18.617799758911133,
            "sigmapsf": 0.08872199803590775,
            "magnr": 19.31100082397461,
            "sigmagnr": 0.11100000143051147,
            "magzpsci": 26.3887996673584,
            "isdiffpos": "t",
            "ssdistnr": null,
            "ssnamenr": null,
            "drb": null
        },
        {
            "candid": 2503216193415015025,
            "jd": 2460257.7161921,
            "ra": 3.7287984,
            "dec": 26.3334753,
            "fid": 1,
            "nid": 2503,
            "magpsf": 19.623600006103516,
            "sigmapsf": 0.1547500044107437,
            "magnr": 19.523000717163086,
            "sigmagnr": 0.12600000202655792,
            "magzpsci": 26.375600814819336,
            "isdiffpos": "t",
            "ssdistnr": null,
            "ssnamenr": null,
            "drb": null
        },
        {
            "candid": 2505134103415015014,
            "jd": 2460259.6341088,
            "ra": 3.7287673,
            "dec": 26.3334575,
            "fid": 2,
            "nid": 2505,
            "magpsf": 18.67609977722168,
            "sigmapsf": 0.07903800159692764,
            "magnr": 19.31100082397461,
            "sigmagnr": 0.11100000143051147,
            "magzpsci": 26.37809944152832,
            "isdiffpos": "t",
            "ssdistnr": null,
            "ssnamenr": null,
            "drb": null
        },
        {
            "candid": 2505193643415015017,
            "jd": 2460259.6936458,
            "ra": 3.7287668,
            "dec": 26.3334455,
            "fid": 1,
            "nid": 2505,
            "magpsf": 19.731399536132812,
            "sigmapsf": 0.13792100548744202,
            "magnr": 19.523000717163086,
            "sigmagnr": 0.12600000202655792,
            "magzpsci": 26.361400604248047,
            "isdiffpos": "t",
            "ssdistnr": null,
            "ssnamenr": null,
            "drb": null
        },
        {
            "candid": 2507156403415015017,
            "jd": 2460261.6564005,
            "ra": 3.7287658,
            "dec": 26.3334568,
            "fid": 2,
            "nid": 2507,
            "magpsf": 18.597999572753906,
            "sigmapsf": 0.06192599982023239,
            "magnr": 19.31100082397461,
            "sigmagnr": 0.11100000143051147,
            "magzpsci": 26.381000518798828,
            "isdiffpos": "t",
            "ssdistnr": null,
            "ssnamenr": null,
            "drb": null
        },
        {
            "candid": 2507300863415015017,
            "jd": 2460261.8008681,
            "ra": 3.7287335,
            "dec": 26.333401,
            "fid": 1,
            "nid": 2507,
            "magpsf": 19.606000900268555,
            "sigmapsf": 0.16778099536895752,
            "magnr": 19.523000717163086,
            "sigmagnr": 0.12600000202655792,
            "magzpsci": 26.339000701904297,
            "isdiffpos": "t",
            "ssdistnr": null,
            "ssnamenr": null,
            "drb": null
        },
        {
            "candid": 2514150053415015014,
            "jd": 2460268.6500579,
            "ra": 3.7288294,
            "dec": 26.3334035,
            "fid": 2,
            "nid": 2514,
            "magpsf": 18.60059928894043,
            "sigmapsf": 0.12395499646663666,
            "magnr": 19.31100082397461,
            "sigmagnr": 0.11100000143051147,
            "magzpsci": 26.38159942626953,
            "isdiffpos": "t",
            "ssdistnr": null,
            "ssnamenr": null,
            "drb": null
        },
        {
            "candid": 2533113783415015013,
            "jd": 2460287.6137847,
            "ra": 3.7287603,
            "dec": 26.3334129,
            "fid": 2,
            "nid": 2533,
            "magpsf": 19.108200073242188,
            "sigmapsf": 0.10813199728727341,
            "magnr": 19.31100082397461,
            "sigmagnr": 0.11100000143051147,
            "magzpsci": 26.386199951171875,
            "isdiffpos": "t",
            "ssdistnr": null,
            "ssnamenr": null,
            "drb": null
        },
        {
            "candid": 2535131283415015005,
            "jd": 2460289.6312847,
            "ra": 3.7287945,
            "dec": 26.3335197,
            "fid": 2,
            "nid": 2535,
            "magpsf": 19.283700942993164,
            "sigmapsf": 0.14698000252246857,
            "magnr": 19.31100082397461,
            "sigmagnr": 0.11100000143051147,
            "magzpsci": 25.917699813842773,
            "isdiffpos": "t",
            "ssdistnr": null,
            "ssnamenr": null,
            "drb": null
        },
        {
            "candid": 2537110603415015012,
            "jd": 2460291.6106019,
            "ra": 3.7288006,
            "dec": 26.3334384,
            "fid": 2,
            "nid": 2537,
            "magpsf": 19.384971618652344,
            "sigmapsf": 0.09885645657777786,
            "magnr": 19.310998916625977,
            "sigmagnr": 0.11100000143051147,
            "magzpsci": 26.374971389770508,
            "isdiffpos": "t",
            "ssdistnr": -999.0,
            "ssnamenr": "null",
            "drb": null
        },
        {
            "jd": 2460139.8932639,
            "fid": 2,
            "diffmaglim": 20.453500747680664
        },
        {
            "jd": 2460139.9553819,
            "fid": 1,
            "diffmaglim": 20.637699127197266
        },
        {
            "jd": 2460142.8587269,
            "fid": 1,
            "diffmaglim": 20.51289939880371
        },
        {
            "jd": 2460142.9462963,
            "fid": 2,
            "diffmaglim": 20.674400329589844
        },
        {
            "jd": 2460144.8893981,
            "fid": 2,
            "diffmaglim": 20.65850067138672
        },
        {
            "jd": 2460144.9248611,
            "fid": 1,
            "diffmaglim": 20.792999267578125
        },
        {
            "jd": 2460146.8870139,
            "fid": 2,
            "diffmaglim": 20.604900360107422
        },
        {
            "jd": 2460146.9276852,
            "fid": 2,
            "diffmaglim": 20.604299545288086
        },
        {
            "jd": 2460148.8866088,
            "fid": 2,
            "diffmaglim": 20.666400909423828
        },
        {
            "jd": 2460148.9566667,
            "fid": 1,
            "diffmaglim": 20.761199951171875
        },
        {
            "jd": 2460150.9151389,
            "fid": 1,
            "diffmaglim": 20.79129981994629
        },
        {
            "jd": 2460150.9471296,
            "fid": 2,
            "diffmaglim": 20.677499771118164
        },
        {
            "jd": 2460152.9079514,
            "fid": 2,
            "diffmaglim": 20.53070068359375
        },
        {
            "jd": 2460152.9711227,
            "fid": 1,
            "diffmaglim": 20.60140037536621
        },
        {
            "jd": 2460155.9336806,
            "fid": 1,
            "diffmaglim": 20.78380012512207
        },
        {
            "jd": 2460155.9728009,
            "fid": 2,
            "diffmaglim": 20.6924991607666
        },
        {
            "jd": 2460159.8921412,
            "fid": 2,
            "diffmaglim": 19.871700286865234
        },
        {
            "jd": 2460162.9009028,
            "fid": 1,
            "diffmaglim": 20.032899856567383
        },
        {
            "jd": 2460162.944294,
            "fid": 2,
            "diffmaglim": 20.184900283813477
        },
        {
            "jd": 2460216.6751389,
            "fid": 2,
            "diffmaglim": 19.40959930419922
        },
        {
            "jd": 2460239.7653125,
            "fid": 1,
            "diffmaglim": 20.720800399780273
        },
        {
            "jd": 2460245.7908333,
            "fid": 1,
            "diffmaglim": 19.08799934387207
        },
        {
            "jd": 2460268.8329398,
            "fid": 1,
            "diffmaglim": 19.842199325561523
        },
        {
            "jd": 2460287.7070486,
            "fid": 1,
            "diffmaglim": 20.370500564575195
        },
        {
            "jd": 2460289.6837269,
            "fid": 1,
            "diffmaglim": 20.154699325561523
        }
    ],
    "forcedphot": [
        {
            "objectid": "ZTF23aaxadel",
            "jd": 2460206.9047569,
            "ranr": 3.729343,
            "decnr": 26.3340553,
            "fid": 1,
            "forcediffimflux": 834.2684936523438,
            "forcediffimfluxunc": 32.753990173339844,
            "magzpsci": 26.405099868774414
        },
        {
            "objectid": "ZTF23aaxadel",
            "jd": 2460206.9343056,
            "ranr": 3.7275149,
            "decnr": 26.3339055,
            "fid": 2,
            "forcediffimflux": 1339.4146728515625,
            "forcediffimfluxunc": 35.240455627441406,
            "magzpsci": 26.3927001953125
        },
        {
            "objectid": "ZTF23aaxadel",
            "jd": 2460209.7709606,
            "ranr": 3.7275149,
            "decnr": 26.3339055,
            "fid": 2,
            "forcediffimflux": 1362.4556884765625,
            "forcediffimfluxunc": 43.83883285522461,
            "magzpsci": 26.342300415039062
        },
        {
            "objectid": "ZTF23aaxadel",
            "jd": 2460209.8187616,
            "ranr": 3.729343,
            "decnr": 26.3340553,
            "fid": 1,
            "forcediffimflux": 701.763427734375,
            "forcediffimfluxunc": 40.246402740478516,
            "magzpsci": 26.23940086364746
        },
        {
            "objectid": "ZTF23aaxadel",
            "jd": 2460212.8914931,
            "ranr": 3.7275149,
            "decnr": 26.3339055,
            "fid": 2,
            "forcediffimflux": 1420.8553466796875,
            "forcediffimfluxunc": 32.4952392578125,
            "magzpsci": 26.403099060058594
        },
        {
            "objectid": "ZTF23aaxadel",
            "jd": 2460212.9139005,
            "ranr": 3.729343,
            "decnr": 26.3340553,
            "fid": 1,
            "forcediffimflux": 711.0205688476562,
            "forcediffimfluxunc": 28.786556243896484,
            "magzpsci": 26.37660026550293
        },
        {
            "objectid": "ZTF23aaxadel",
            "jd": 2460214.7959606,
            "ranr": 3.7275149,
            "decnr": 26.3339055,
            "fid": 2,
            "forcediffimflux": 1410.533203125,
            "forcediffimfluxunc": 59.51226806640625,
            "magzpsci": 26.39859962463379
        },
        {
            "objectid": "ZTF23aaxadel",
            "jd": 2460214.8801273,
            "ranr": 3.729343,
            "decnr": 26.3340553,
            "fid": 1,
            "forcediffimflux": 745.1245727539062,
            "forcediffimfluxunc": 69.03167724609375,
            "magzpsci": 26.366300582885742
        },
        {
            "objectid": "ZTF23aaxadel",
            "jd": 2460216.6751389,
            "ranr": 3.7275149,
            "decnr": 26.3339055,
            "fid": 2,
            "forcediffimflux": 1431.1470947265625,
            "forcediffimfluxunc": 83.17668914794922,
            "magzpsci": 26.36639976501465
        },
        {
            "objectid": "ZTF23aaxadel",
            "jd": 2460216.8343519,
            "ranr": 3.729343,
            "decnr": 26.3340553,
            "fid": 1,
            "forcediffimflux": 603.8300170898438,
            "forcediffimfluxunc": 101.89549255371094,
            "magzpsci": 26.413700103759766
        },
        {
            "objectid": "ZTF23aaxadel",
            "jd": 2460221.7934722,
            "ranr": 3.7275149,
            "decnr": 26.3339055,
            "fid": 2,
            "forcediffimflux": 1435.3262939453125,
            "forcediffimfluxunc": 49.563899993896484,
            "magzpsci": 26.376699447631836
        },
        {
            "objectid": "ZTF23aaxadel",
            "jd": 2460221.8622685,
            "ranr": 3.729343,
            "decnr": 26.3340553,
            "fid": 1,
            "forcediffimflux": 606.0626220703125,
            "forcediffimfluxunc": 52.15486526489258,
            "magzpsci": 26.362300872802734
        },
        {
            "objectid": "ZTF23aaxadel",
            "jd": 2460223.7254398,
            "ranr": 3.7275149,
            "decnr": 26.3339055,
            "fid": 2,
            "forcediffimflux": 1277.3917236328125,
            "forcediffimfluxunc": 38.52701187133789,
            "magzpsci": 26.365100860595703
        },
        {
            "objectid": "ZTF23aaxadel",
            "jd": 2460223.815787,
            "ranr": 3.729343,
            "decnr": 26.3340553,
            "fid": 1,
            "forcediffimflux": 616.1514282226562,
            "forcediffimfluxunc": 38.31769943237305,
            "magzpsci": 26.353500366210938
        },
        {
            "objectid": "ZTF23aaxadel",
            "jd": 2460226.7901852,
            "ranr": 3.7275149,
            "decnr": 26.3339055,
            "fid": 2,
            "forcediffimflux": 1427.5128173828125,
            "forcediffimfluxunc": 33.8721809387207,
            "magzpsci": 26.377399444580078
        },
        {
            "objectid": "ZTF23aaxadel",
            "jd": 2460228.7472917,
            "ranr": 3.729343,
            "decnr": 26.3340553,
            "fid": 1,
            "forcediffimflux": 595.2389526367188,
            "forcediffimfluxunc": 33.19183349609375,
            "magzpsci": 26.393199920654297
        },
        {
            "objectid": "ZTF23aaxadel",
            "jd": 2460228.7768403,
            "ranr": 3.7275149,
            "decnr": 26.3339055,
            "fid": 2,
            "forcediffimflux": 1425.359375,
            "forcediffimfluxunc": 41.964839935302734,
            "magzpsci": 26.37929916381836
        },
        {
            "objectid": "ZTF23aaxadel",
            "jd": 2460231.7176389,
            "ranr": 3.729343,
            "decnr": 26.3340553,
            "fid": 1,
            "forcediffimflux": 588.4464111328125,
            "forcediffimfluxunc": 34.4924201965332,
            "magzpsci": 26.351900100708008
        },
        {
            "objectid": "ZTF23aaxadel",
            "jd": 2460231.8392245,
            "ranr": 3.7275149,
            "decnr": 26.3339055,
            "fid": 2,
            "forcediffimflux": 1401.4705810546875,
            "forcediffimfluxunc": 36.600215911865234,
            "magzpsci": 26.373300552368164
        },
        {
            "objectid": "ZTF23aaxadel",
            "jd": 2460233.6713773,
            "ranr": 3.7275149,
            "decnr": 26.3339055,
            "fid": 2,
            "forcediffimflux": 1299.53955078125,
            "forcediffimfluxunc": 38.46512985229492,
            "magzpsci": 26.36039924621582
        },
        {
            "objectid": "ZTF23aaxadel",
            "jd": 2460233.7165741,
            "ranr": 3.729343,
            "decnr": 26.3340553,
            "fid": 1,
            "forcediffimflux": 555.0878295898438,
            "forcediffimfluxunc": 36.601802825927734,
            "magzpsci": 26.369800567626953
        },
        {
            "objectid": "ZTF23aaxadel",
            "jd": 2460235.6968981,
            "ranr": 3.729343,
            "decnr": 26.3340553,
            "fid": 1,
            "forcediffimflux": 551.8793334960938,
            "forcediffimfluxunc": 32.4763069152832,
            "magzpsci": 26.361000061035156
        },
        {
            "objectid": "ZTF23aaxadel",
            "jd": 2460235.7944792,
            "ranr": 3.7275149,
            "decnr": 26.3339055,
            "fid": 2,
            "forcediffimflux": 1408.0054931640625,
            "forcediffimfluxunc": 36.50804138183594,
            "magzpsci": 26.38520050048828
        },
        {
            "objectid": "ZTF23aaxadel",
            "jd": 2460237.7044097,
            "ranr": 3.7275149,
            "decnr": 26.3339055,
            "fid": 2,
            "forcediffimflux": 1397.7589111328125,
            "forcediffimfluxunc": 40.12703323364258,
            "magzpsci": 26.34709930419922
        },
        {
            "objectid": "ZTF23aaxadel",
            "jd": 2460237.7459375,
            "ranr": 3.729343,
            "decnr": 26.3340553,
            "fid": 1,
            "forcediffimflux": 577.5261840820312,
            "forcediffimfluxunc": 26.01255989074707,
            "magzpsci": 26.356700897216797
        },
        {
            "objectid": "ZTF23aaxadel",
            "jd": 2460239.7653125,
            "ranr": 3.729343,
            "decnr": 26.3340553,
            "fid": 1,
            "forcediffimflux": 575.79833984375,
            "forcediffimfluxunc": 33.43379211425781,
            "magzpsci": 26.404800415039062
        },
        {
            "objectid": "ZTF23aaxadel",
            "jd": 2460239.9126389,
            "ranr": 3.7275149,
            "decnr": 26.3339055,
            "fid": 2,
            "forcediffimflux": 1280.4371337890625,
            "forcediffimfluxunc": 42.59238815307617,
            "magzpsci": 26.351699829101562
        },
        {
            "objectid": "ZTF23aaxadel",
            "jd": 2460242.6985648,
            "ranr": 3.7275149,
            "decnr": 26.3339055,
            "fid": 2,
            "forcediffimflux": 1279.853759765625,
            "forcediffimfluxunc": 55.377079010009766,
            "magzpsci": 26.38170051574707
        },
        {
            "objectid": "ZTF23aaxadel",
            "jd": 2460242.836794,
            "ranr": 3.729343,
            "decnr": 26.3340553,
            "fid": 1,
            "forcediffimflux": 541.4075927734375,
            "forcediffimfluxunc": 58.336185455322266,
            "magzpsci": 26.337099075317383
        },
        {
            "objectid": "ZTF23aaxadel",
            "jd": 2460245.7168519,
            "ranr": 3.7275149,
            "decnr": 26.3339055,
            "fid": 2,
            "forcediffimflux": 1375.5230712890625,
            "forcediffimfluxunc": 87.07024383544922,
            "magzpsci": 26.378700256347656
        },
        {
            "objectid": "ZTF23aaxadel",
            "jd": 2460245.7908333,
            "ranr": 3.729343,
            "decnr": 26.3340553,
            "fid": 1,
            "forcediffimflux": 576.599365234375,
            "forcediffimfluxunc": 114.32347869873047,
            "magzpsci": 26.369699478149414
        },
        {
            "objectid": "ZTF23aaxadel",
            "jd": 2460250.6731134,
            "ranr": 3.729343,
            "decnr": 26.3340553,
            "fid": 1,
            "forcediffimflux": 460.8979187011719,
            "forcediffimfluxunc": 47.13236999511719,
            "magzpsci": 26.382400512695312
        },
        {
            "objectid": "ZTF23aaxadel",
            "jd": 2460250.7558796,
            "ranr": 3.7275149,
            "decnr": 26.3339055,
            "fid": 2,
            "forcediffimflux": 1309.332275390625,
            "forcediffimfluxunc": 40.87275695800781,
            "magzpsci": 26.400299072265625
        },
        {
            "objectid": "ZTF23aaxadel",
            "jd": 2460252.6912963,
            "ranr": 3.729343,
            "decnr": 26.3340553,
            "fid": 1,
            "forcediffimflux": 516.9901733398438,
            "forcediffimfluxunc": 31.56968116760254,
            "magzpsci": 26.36910057067871
        },
        {
            "objectid": "ZTF23aaxadel",
            "jd": 2460252.7783449,
            "ranr": 3.7275149,
            "decnr": 26.3339055,
            "fid": 2,
            "forcediffimflux": 1335.7493896484375,
            "forcediffimfluxunc": 43.93609619140625,
            "magzpsci": 26.38330078125
        },
        {
            "objectid": "ZTF23aaxadel",
            "jd": 2460254.6342245,
            "ranr": 3.7275149,
            "decnr": 26.3339055,
            "fid": 2,
            "forcediffimflux": 1340.454833984375,
            "forcediffimfluxunc": 36.29145812988281,
            "magzpsci": 26.395599365234375
        },
        {
            "objectid": "ZTF23aaxadel",
            "jd": 2460254.6980903,
            "ranr": 3.729343,
            "decnr": 26.3340553,
            "fid": 1,
            "forcediffimflux": 484.31494140625,
            "forcediffimfluxunc": 31.495817184448242,
            "magzpsci": 26.399499893188477
        },
        {
            "objectid": "ZTF23aaxadel",
            "jd": 2460257.6719676,
            "ranr": 3.7275149,
            "decnr": 26.3339055,
            "fid": 2,
            "forcediffimflux": 1220.1827392578125,
            "forcediffimfluxunc": 52.242149353027344,
            "magzpsci": 26.3887996673584
        },
        {
            "objectid": "ZTF23aaxadel",
            "jd": 2460257.7161921,
            "ranr": 3.729343,
            "decnr": 26.3340553,
            "fid": 1,
            "forcediffimflux": 453.47991943359375,
            "forcediffimfluxunc": 50.15266036987305,
            "magzpsci": 26.375600814819336
        },
        {
            "objectid": "ZTF23aaxadel",
            "jd": 2460259.6341088,
            "ranr": 3.7275149,
            "decnr": 26.3339055,
            "fid": 2,
            "forcediffimflux": 1244.788818359375,
            "forcediffimfluxunc": 37.9720573425293,
            "magzpsci": 26.37809944152832
        },
        {
            "objectid": "ZTF23aaxadel",
            "jd": 2460259.6936458,
            "ranr": 3.729343,
            "decnr": 26.3340553,
            "fid": 1,
            "forcediffimflux": 460.806884765625,
            "forcediffimfluxunc": 35.677555084228516,
            "magzpsci": 26.361400604248047
        },
        {
            "objectid": "ZTF23aaxadel",
            "jd": 2460261.6564005,
            "ranr": 3.7275149,
            "decnr": 26.3339055,
            "fid": 2,
            "forcediffimflux": 1321.9002685546875,
            "forcediffimfluxunc": 35.52553939819336,
            "magzpsci": 26.381000518798828
        },
        {
            "objectid": "ZTF23aaxadel",
            "jd": 2460261.8008681,
            "ranr": 3.729343,
            "decnr": 26.3340553,
            "fid": 1,
            "forcediffimflux": 499.8017578125,
            "forcediffimfluxunc": 32.45457077026367,
            "magzpsci": 26.339000701904297
        },
        {
            "objectid": "ZTF23aaxadel",
            "jd": 2460268.6500579,
            "ranr": 3.7275149,
            "decnr": 26.3339055,
            "fid": 2,
            "forcediffimflux": 1213.1644287109375,
            "forcediffimfluxunc": 63.366607666015625,
            "magzpsci": 26.38159942626953
        },
        {
            "objectid": "ZTF23aaxadel",
            "jd": 2460268.8329398,
            "ranr": 3.729343,
            "decnr": 26.3340553,
            "fid": 1,
            "forcediffimflux": 351.7140197753906,
            "forcediffimfluxunc": 52.309364318847656,
            "magzpsci": 26.266199111938477
        },
        {
            "objectid": "ZTF23aaxadel",
            "jd": 2460287.6137847,
            "ranr": 3.7275149,
            "decnr": 26.3339055,
            "fid": 2,
            "forcediffimflux": 817.8704833984375,
            "forcediffimfluxunc": 37.83073425292969,
            "magzpsci": 26.386199951171875
        },
        {
            "objectid": "ZTF23aaxadel",
            "jd": 2460287.7070486,
            "ranr": 3.729343,
            "decnr": 26.3340553,
            "fid": 1,
            "forcediffimflux": 215.78408813476562,
            "forcediffimfluxunc": 35.95125961303711,
            "magzpsci": 26.364099502563477
        },
        {
            "objectid": "ZTF23aaxadel",
            "jd": 2460289.6312847,
            "ranr": 3.7275149,
            "decnr": 26.3339055,
            "fid": 2,
            "forcediffimflux": 446.7425537109375,
            "forcediffimfluxunc": 46.625396728515625,
            "magzpsci": 25.917699813842773
        },
        {
            "objectid": "ZTF23aaxadel",
            "jd": 2460289.6837269,
            "ranr": 3.729343,
            "decnr": 26.3340553,
            "fid": 1,
            "forcediffimflux": 212.60592651367188,
            "forcediffimfluxunc": 37.87828063964844,
            "magzpsci": 26.220199584960938
        }
    ]
}