{
    "objectId": "ZTF21abcmtev",
    "candidates": [
        {
            "candid": 1608227144715015006,
            "jd": 2459362.7271412,
            "ra": 219.5740019,
            "dec": 12.0336348,
            "fid": 1,
            "nid": 1608,
            "magpsf": 18.27090072631836,
            "sigmapsf": 0.06832099705934525,
            "magnr": 18.763999938964844,
            "sigmagnr": 0.09700000286102295,
            "magzpsci": 26.367900848388672,
            "isdiffpos": "t",
            "ssdistnr": null,
            "ssnamenr": null,
            "drb": 1.0
        },
        {
            "candid": 1608275124715015008,
            "jd": 2459362.7751273,
            "ra": 219.5739911,
            "dec": 12.0336191,
            "fid": 2,
            "nid": 1608,
            "magpsf": 18.523500442504883,
            "sigmapsf": 0.0957299992442131,
            "magnr": 18.07200050354004,
            "sigmagnr": 0.09600000083446503,
            "magzpsci": 26.34749984741211,
            "isdiffpos": "t",
            "ssdistnr": null,
            "ssnamenr": null,
            "drb": null
        },
        {
            "candid": 1610284214715015010,
            "jd": 2459364.784213,
            "ra": 219.5740144,
            "dec": 12.0336416,
            "fid": 1,
            "nid": 1610,
            "magpsf": 18.033000946044922,
            "sigmapsf": 0.05745900049805641,
            "magnr": 18.763999938964844,
            "sigmagnr": 0.09700000286102295,
            "magzpsci": 26.333999633789062,
            "isdiffpos": "t",
            "ssdistnr": null,
            "ssnamenr": null,
            "drb": null
        },
        {
            "candid": 1610298564715015011,
            "jd": 2459364.7985648,
            "ra": 219.5740029,
            "dec": 12.033645,
            "fid": 2,
            "nid": 1610,
            "magpsf": 18.175899505615234,
            "sigmapsf": 0.055358998477458954,
            "magnr": 18.07200050354004,
            "sigmagnr": 0.09600000083446503,
            "magzpsci": 26.309900283813477,
            "isdiffpos": "t",
            "ssdistnr": null,
            "ssnamenr": null,
            "drb": null
        },
        {
            "candid": 1612226974715015020,
            "jd": 2459366.7269792,
            "ra": 219.5740184,
            "dec": 12.0336178,
            "fid": 2,
            "nid": 1612,
            "magpsf": 17.95330047607422,
            "sigmapsf": 0.04696499928832054,
            "magnr": 18.07200050354004,
            "sigmagnr": 0.09600000083446503,
            "magzpsci": 26.283300399780273,
            "isdiffpos": "t",
            "ssdistnr": null,
            "ssnamenr": null,
            "drb": null
        },
        {
            "candid": 1612275654715015011,
            "jd": 2459366.7756597,
            "ra": 219.5739868,
            "dec": 12.0336363,
            "fid": 1,
            "nid": 1612,
            "magpsf": 17.93910026550293,
            "sigmapsf": 0.05034499987959862,
            "magnr": 18.763999938964844,
            "sigmagnr": 0.09700000286102295,
            "magzpsci": 26.091100692749023,
            "isdiffpos": "t",
            "ssdistnr": null,
            "ssnamenr": null,
            "drb": null
        },
        {
            "candid": 1614208244715015009,
            "jd": 2459368.7082407,
            "ra": 219.5740044,
            "dec": 12.0336395,
            "fid": 1,
            "nid": 1614,
            "magpsf": 17.903900146484375,
            "sigmapsf": 0.044985998421907425,
            "magnr": 18.763999938964844,
            "sigmagnr": 0.09700000286102295,
            "magzpsci": 26.29789924621582,
            "isdiffpos": "t",
            "ssdistnr": null,
            "ssnamenr": null,
            "drb": null
        },
        {
            "candid": 1616246554715015015,
            "jd": 2459370.7465509,
            "ra": 219.5740081,
            "dec": 12.0336498,
            "fid": 1,
            "nid": 1616,
            "magpsf": 17.928199768066406,
            "sigmapsf": 0.047228001058101654,
            "magnr": 18.763999938964844,
            "sigmagnr": 0.09700000286102295,
            "magzpsci": 26.318199157714844,
            "isdiffpos": "t",
            "ssdistnr": null,
            "ssnamenr": null,
            "drb": null
        },
        {
            "candid": 1616256184715015012,
            "jd": 2459370.7561806,
            "ra": 219.5740062,
            "dec": 12.0336343,
            "fid": 2,
            "nid": 1616,
            "magpsf": 17.88409996032715,
            "sigmapsf": 0.055883001536130905,
            "magnr": 18.07200050354004,
            "sigmagnr": 0.09600000083446503,
            "magzpsci": 26.302099227905273,
            "isdiffpos": "t",
            "ssdistnr": null,
            "ssnamenr": null,
            "drb": null
        },
        {
            "candid": 1620190214715015011,
            "jd": 2459374.6902199,
            "ra": 219.5739855,
            "dec": 12.0336199,
            "fid": 2,
            "nid": 1620,
            "magpsf": 17.90679931640625,
            "sigmapsf": 0.057013001292943954,
            "magnr": 18.07200050354004,
            "sigmagnr": 0.09600000083446503,
            "magzpsci": 26.2007999420166,
            "isdiffpos": "t",
            "ssdistnr": null,
            "ssnamenr": null,
            "drb": null
        },
        {
            "candid": 1620232884715015009,
            "jd": 2459374.7328819,
            "ra": 219.5740163,
            "dec": 12.0336458,
            "fid": 1,
            "nid": 1620,
            "magpsf": 18.0625,
            "sigmapsf": 0.06185699999332428,
            "magnr": 18.763999938964844,
            "sigmagnr": 0.09700000286102295,
            "magzpsci": 26.096500396728516,
            "isdiffpos": "t",
            "ssdistnr": null,
            "ssnamenr": null,
            "drb": null
        },
        {
            "candid": 1622249764715015008,
            "jd": 2459376.7497685,
            "ra": 219.574009,
            "dec": 12.0336347,
            "fid": 1,
            "nid": 1622,
            "magpsf": 18.10700035095215,
            "sigmapsf": 0.057858001440763474,
            "magnr": 18.763999938964844,
            "sigmagnr": 0.09700000286102295,
            "magzpsci": 26.351999282836914,
            "isdiffpos": "t",
            "ssdistnr": null,
            "ssnamenr": null,
            "drb": null
        },
        {
            "candid": 1624271194715015016,
            "jd": 2459378.7711921,
            "ra": 219.5740109,
            "dec": 12.0336236,
            "fid": 2,
            "nid": 1624,
            "magpsf": 18.059600830078125,
            "sigmapsf": 0.05747700110077858,
            "magnr": 18.07200050354004,
            "sigmagnr": 0.09600000083446503,
            "magzpsci": 26.3346004486084,
            "isdiffpos": "t",
            "ssdistnr": null,
            "ssnamenr": null,
            "drb": null
        },
        {
            "candid": 1626212634715015007,
            "jd": 2459380.7126389,
            "ra": 219.5740232,
            "dec": 12.0336429,
            "fid": 2,
            "nid": 1626,
            "magpsf": 17.97260093688965,
            "sigmapsf": 0.08727499842643738,
            "magnr": 18.07200050354004,
            "sigmagnr": 0.09600000083446503,
            "magzpsci": 25.84160041809082,
            "isdiffpos": "t",
            "ssdistnr": null,
            "ssnamenr": null,
            "drb": null
        },
        {
            "candid": 1626253654715015007,
            "jd": 2459380.7536574,
            "ra": 219.5739971,
            "dec": 12.0336033,
            "fid": 1,
            "nid": 1626,
            "magpsf": 18.31060028076172,
            "sigmapsf": 0.12359900027513504,
            "magnr": 18.763999938964844,
            "sigmagnr": 0.09700000286102295,
            "magzpsci": 24.97260093688965,
            "isdiffpos": "t",
            "ssdistnr": null,
            "ssnamenr": null,
            "drb": null
        },
        {
            "candid": 1628208054715015006,
            "jd": 2459382.7080556,
            "ra": 219.5740118,
            "dec": 12.0336106,
            "fid": 2,
            "nid": 1628,
            "magpsf": 18.137800216674805,
            "sigmapsf": 0.11012300103902817,
            "magnr": 18.07200050354004,
            "sigmagnr": 0.09600000083446503,
            "magzpsci": 25.63479995727539,
            "isdiffpos": "t",
            "ssdistnr": null,
            "ssnamenr": null,
            "drb": null
        },
        {
            "candid": 1628212064715015007,
            "jd": 2459382.7120602,
            "ra": 219.5739972,
            "dec": 12.0336474,
            "fid": 1,
            "nid": 1628,
            "magpsf": 18.294200897216797,
            "sigmapsf": 0.06721600145101547,
            "magnr": 18.763999938964844,
            "sigmagnr": 0.09700000286102295,
            "magzpsci": 25.961200714111328,
            "isdiffpos": "t",
            "ssdistnr": null,
            "ssnamenr": null,
            "drb": null
        },
        {
            "candid": 1630191554715015065,
            "jd": 2459384.6915509,
            "ra": 219.5740192,
            "dec": 12.0336442,
            "fid": 2,
            "nid": 1630,
            "magpsf": 18.027799606323242,
            "sigmapsf": 0.06403200328350067,
            "magnr": 18.07200050354004,
            "sigmagnr": 0.09600000083446503,
            "magzpsci": 26.153799057006836,
            "isdiffpos": "t",
            "ssdistnr": null,
            "ssnamenr": null,
            "drb": null
        },
        {
            "candid": 1632189754715015005,
            "jd": 2459386.6897569,
            "ra": 219.5739902,
            "dec": 12.0336498,
            "fid": 2,
            "nid": 1632,
            "magpsf": 18.195199966430664,
            "sigmapsf": 0.07757700234651566,
            "magnr": 18.07200050354004,
            "sigmagnr": 0.09600000083446503,
            "magzpsci": 26.287200927734375,
            "isdiffpos": "t",
            "ssdistnr": null,
            "ssnamenr": null,
            "drb": null
        },
        {
            "candid": 1636295694715015004,
            "jd": 2459390.7956944,
            "ra": 219.5739914,
            "dec": 12.0336311,
            "fid": 2,
            "nid": 1636,
            "magpsf": 18.124900817871094,
            "sigmapsf": 0.0787070021033287,
            "magnr": 18.07200050354004,
            "sigmagnr": 0.09600000083446503,
            "magzpsci": 26.30190086364746,
            "isdiffpos": "t",
            "ssdistnr": null,
            "ssnamenr": null,
            "drb": null
        },
        {
            "candid": 1638190824715015013,
            "jd": 2459392.6908218,
            "ra": 219.5739945,
            "dec": 12.033638,
            "fid": 2,
            "nid": 1638,
            "magpsf": 18.16900062561035,
            "sigmapsf": 0.057238999754190445,
            "magnr": 18.07200050354004,
            "sigmagnr": 0.09600000083446503,
            "magzpsci": 26.30299949645996,
            "isdiffpos": "t",
            "ssdistnr": null,
            "ssnamenr": null,
            "drb": null
        },
        {
            "candid": 1638212704715015015,
            "jd": 2459392.7127083,
            "ra": 219.5739877,
            "dec": 12.0336183,
            "fid": 1,
            "nid": 1638,
            "magpsf": 18.713899612426758,
            "sigmapsf": 0.06541799753904343,
            "magnr": 18.763999938964844,
            "sigmagnr": 0.09700000286102295,
            "magzpsci": 26.30389976501465,
            "isdiffpos": "t",
            "ssdistnr": null,
            "ssnamenr": null,
            "drb": null
        },
        {
            "candid": 1640191944715015025,
            "jd": 2459394.6919444,
            "ra": 219.5740001,
            "dec": 12.0336342,
            "fid": 1,
            "nid": 1640,
            "magpsf": 18.78619956970215,
            "sigmapsf": 0.07092399895191193,
            "magnr": 18.763999938964844,
            "sigmagnr": 0.09700000286102295,
            "magzpsci": 26.142200469970703,
            "isdiffpos": "t",
            "ssdistnr": null,
            "ssnamenr": null,
            "drb": null
        },
        {
            "candid": 1640276304715015011,
            "jd": 2459394.7763079,
            "ra": 219.5739848,
            "dec": 12.0336478,
            "fid": 2,
            "nid": 1640,
            "magpsf": 18.158100128173828,
            "sigmapsf": 0.08351600170135498,
            "magnr": 18.07200050354004,
            "sigmagnr": 0.09600000083446503,
            "magzpsci": 25.988100051879883,
            "isdiffpos": "t",
            "ssdistnr": null,
            "ssnamenr": null,
            "drb": null
        },
        {
            "candid": 1642208254715015019,
            "jd": 2459396.7082523,
            "ra": 219.5740061,
            "dec": 12.0336116,
            "fid": 2,
            "nid": 1642,
            "magpsf": 18.320499420166016,
            "sigmapsf": 0.06791599839925766,
            "magnr": 18.07200050354004,
            "sigmagnr": 0.09600000083446503,
            "magzpsci": 26.3075008392334,
            "isdiffpos": "t",
            "ssdistnr": null,
            "ssnamenr": null,
            "drb": null
        },
        {
            "candid": 1642270604715015010,
            "jd": 2459396.7706019,
            "ra": 219.5740051,
            "dec": 12.0336328,
            "fid": 1,
            "nid": 1642,
            "magpsf": 18.832300186157227,
            "sigmapsf": 0.08630699664354324,
            "magnr": 18.763999938964844,
            "sigmagnr": 0.09700000286102295,
            "magzpsci": 26.17329978942871,
            "isdiffpos": "t",
            "ssdistnr": null,
            "ssnamenr": null,
            "drb": null
        },
        {
            "candid": 1645192164715015017,
            "jd": 2459399.6921644,
            "ra": 219.5740135,
            "dec": 12.033635,
            "fid": 2,
            "nid": 1645,
            "magpsf": 18.288999557495117,
            "sigmapsf": 0.07414200156927109,
            "magnr": 18.07200050354004,
            "sigmagnr": 0.09600000083446503,
            "magzpsci": 26.291000366210938,
            "isdiffpos": "t",
            "ssdistnr": null,
            "ssnamenr": null,
            "drb": null
        },
        {
            "candid": 1645234874715015010,
            "jd": 2459399.7348727,
            "ra": 219.574,
            "dec": 12.0336171,
            "fid": 1,
            "nid": 1645,
            "magpsf": 18.918699264526367,
            "sigmapsf": 0.07599499821662903,
            "magnr": 18.763999938964844,
            "sigmagnr": 0.09700000286102295,
            "magzpsci": 26.275699615478516,
            "isdiffpos": "t",
            "ssdistnr": null,
            "ssnamenr": null,
            "drb": null
        },
        {
            "candid": 1647234034715015013,
            "jd": 2459401.7340394,
            "ra": 219.5740144,
            "dec": 12.0336276,
            "fid": 1,
            "nid": 1647,
            "magpsf": 19.06369972229004,
            "sigmapsf": 0.0833979994058609,
            "magnr": 18.763999938964844,
            "sigmagnr": 0.09700000286102295,
            "magzpsci": 26.318700790405273,
            "isdiffpos": "t",
            "ssdistnr": null,
            "ssnamenr": null,
            "drb": null
        },
        {
            "candid": 1647277404715015007,
            "jd": 2459401.7774074,
            "ra": 219.5740015,
            "dec": 12.0336395,
            "fid": 2,
            "nid": 1647,
            "magpsf": 18.306499481201172,
            "sigmapsf": 0.06196900084614754,
            "magnr": 18.07200050354004,
            "sigmagnr": 0.09600000083446503,
            "magzpsci": 26.265499114990234,
            "isdiffpos": "t",
            "ssdistnr": null,
            "ssnamenr": null,
            "drb": null
        },
        {
            "candid": 1649190604715015015,
            "jd": 2459403.6906019,
            "ra": 219.5739972,
            "dec": 12.0336446,
            "fid": 2,
            "nid": 1649,
            "magpsf": 18.34480094909668,
            "sigmapsf": 0.08425000309944153,
            "magnr": 18.07200050354004,
            "sigmagnr": 0.09600000083446503,
            "magzpsci": 26.280799865722656,
            "isdiffpos": "t",
            "ssdistnr": null,
            "ssnamenr": null,
            "drb": null
        },
        {
            "candid": 1651196204715015014,
            "jd": 2459405.6962037,
            "ra": 219.5740254,
            "dec": 12.033628,
            "fid": 2,
            "nid": 1651,
            "magpsf": 18.378000259399414,
            "sigmapsf": 0.061827000230550766,
            "magnr": 18.07200050354004,
            "sigmagnr": 0.09600000083446503,
            "magzpsci": 26.239999771118164,
            "isdiffpos": "t",
            "ssdistnr": null,
            "ssnamenr": null,
            "drb": null
        },
        {
            "candid": 1651228364715015008,
            "jd": 2459405.7283681,
            "ra": 219.574016,
            "dec": 12.0335983,
            "fid": 1,
            "nid": 1651,
            "magpsf": 19.174800872802734,
            "sigmapsf": 0.10029199719429016,
            "magnr": 18.763999938964844,
            "sigmagnr": 0.09700000286102295,
            "magzpsci": 26.205799102783203,
            "isdiffpos": "t",
            "ssdistnr": null,
            "ssnamenr": null,
            "drb": null
        },
        {
            "candid": 1653248174715015013,
            "jd": 2459407.7481713,
            "ra": 219.5740101,
            "dec": 12.0336337,
            "fid": 1,
            "nid": 1653,
            "magpsf": 19.28849983215332,
            "sigmapsf": 0.15233199298381805,
            "magnr": 18.763999938964844,
            "sigmagnr": 0.09700000286102295,
            "magzpsci": 26.02750015258789,
            "isdiffpos": "t",
            "ssdistnr": null,
            "ssnamenr": null,
            "drb": null
        },
        {
            "candid": 1655186674715015015,
            "jd": 2459409.6866782,
            "ra": 219.5740088,
            "dec": 12.0336418,
            "fid": 2,
            "nid": 1655,
            "magpsf": 18.408100128173828,
            "sigmapsf": 0.07454899698495865,
            "magnr": 18.07200050354004,
            "sigmagnr": 0.09600000083446503,
            "magzpsci": 26.162099838256836,
            "isdiffpos": "t",
            "ssdistnr": null,
            "ssnamenr": null,
            "drb": null
        },
        {
            "candid": 1655216644715015010,
            "jd": 2459409.7166435,
            "ra": 219.5740152,
            "dec": 12.0336402,
            "fid": 1,
            "nid": 1655,
            "magpsf": 19.409000396728516,
            "sigmapsf": 0.13050499558448792,
            "magnr": 18.763999938964844,
            "sigmagnr": 0.09700000286102295,
            "magzpsci": 26.09000015258789,
            "isdiffpos": "t",
            "ssdistnr": null,
            "ssnamenr": null,
            "drb": null
        },
        {
            "candid": 1657194094715015004,
            "jd": 2459411.6940972,
            "ra": 219.5740813,
            "dec": 12.033653,
            "fid": 1,
            "nid": 1657,
            "magpsf": 19.258899688720703,
            "sigmapsf": 0.16315899789333344,
            "magnr": 18.763999938964844,
            "sigmagnr": 0.09700000286102295,
            "magzpsci": 26.087900161743164,
            "isdiffpos": "t",
            "ssdistnr": null,
            "ssnamenr": null,
            "drb": null
        },
        {
            "candid": 1657217614715015004,
            "jd": 2459411.7176157,
            "ra": 219.5739723,
            "dec": 12.033642,
            "fid": 2,
            "nid": 1657,
            "magpsf": 18.414400100708008,
            "sigmapsf": 0.09647999703884125,
            "magnr": 18.07200050354004,
            "sigmagnr": 0.09600000083446503,
            "magzpsci": 26.10740089416504,
            "isdiffpos": "t",
            "ssdistnr": null,
            "ssnamenr": null,
            "drb": null
        },
        {
            "candid": 1660245834715015007,
            "jd": 2459414.7458333,
            "ra": 219.5741372,
            "dec": 12.0335822,
            "fid": 1,
            "nid": 1660,
            "magpsf": 19.327600479125977,
            "sigmapsf": 0.23727400600910187,
            "magnr": 18.763999938964844,
            "sigmagnr": 0.09700000286102295,
            "magzpsci": 26.063600540161133,
            "isdiffpos": "t",
            "ssdistnr": null,
            "ssnamenr": null,
            "drb": null
        },
        {
            "candid": 1665205354715015008,
            "jd": 2459419.7053588,
            "ra": 219.5739666,
            "dec": 12.033606,
            "fid": 1,
            "nid": 1665,
            "magpsf": 19.591400146484375,
            "sigmapsf": 0.23973800241947174,
            "magnr": 18.763999938964844,
            "sigmagnr": 0.09700000286102295,
            "magzpsci": 26.104400634765625,
            "isdiffpos": "t",
            "ssdistnr": null,
            "ssnamenr": null,
            "drb": null
        },
        {
            "candid": 1665256514715015003,
            "jd": 2459419.7565162,
            "ra": 219.574044,
            "dec": 12.0336682,
            "fid": 2,
            "nid": 1665,
            "magpsf": 18.750900268554688,
            "sigmapsf": 0.2691499888896942,
            "magnr": 18.07200050354004,
            "sigmagnr": 0.09600000083446503,
            "magzpsci": 25.600900650024414,
            "isdiffpos": "t",
            "ssdistnr": null,
            "ssnamenr": null,
            "drb": null
        },
        {
            "candid": 1669206374715015009,
            "jd": 2459423.7063773,
            "ra": 219.5739996,
            "dec": 12.0336609,
            "fid": 1,
            "nid": 1669,
            "magpsf": 19.461999893188477,
            "sigmapsf": 0.1642100065946579,
            "magnr": 18.763999938964844,
            "sigmagnr": 0.09700000286102295,
            "magzpsci": 26.17099952697754,
            "isdiffpos": "t",
            "ssdistnr": null,
            "ssnamenr": null,
            "drb": null
        },
        {
            "candid": 1671213764715015009,
            "jd": 2459425.7137616,
            "ra": 219.5740221,
            "dec": 12.0336533,
            "fid": 1,
            "nid": 1671,
            "magpsf": 19.46190071105957,
            "sigmapsf": 0.10704900324344635,
            "magnr": 18.763999938964844,
            "sigmagnr": 0.09700000286102295,
            "magzpsci": 26.17289924621582,
            "isdiffpos": "t",
            "ssdistnr": null,
            "ssnamenr": null,
            "drb": null
        },
        {
            "candid": 1673207304715015008,
            "jd": 2459427.7073032,
            "ra": 219.5739878,
            "dec": 12.0336207,
            "fid": 2,
            "nid": 1673,
            "magpsf": 18.48740005493164,
            "sigmapsf": 0.08496899902820587,
            "magnr": 18.07200050354004,
            "sigmagnr": 0.09600000083446503,
            "magzpsci": 26.223400115966797,
            "isdiffpos": "t",
            "ssdistnr": null,
            "ssnamenr": null,
            "drb": null
        },
        {
            "candid": 1673248354715015006,
            "jd": 2459427.7483565,
            "ra": 219.574018,
            "dec": 12.033661,
            "fid": 1,
            "nid": 1673,
            "magpsf": 19.385900497436523,
            "sigmapsf": 0.15665799379348755,
            "magnr": 18.763999938964844,
            "sigmagnr": 0.09700000286102295,
            "magzpsci": 26.03689956665039,
            "isdiffpos": "t",
            "ssdistnr": null,
            "ssnamenr": null,
            "drb": null
        },
        {
            "candid": 1675265474715015010,
            "jd": 2459429.7654745,
            "ra": 219.5739961,
            "dec": 12.0336203,
            "fid": 1,
            "nid": 1675,
            "magpsf": 19.595699310302734,
            "sigmapsf": 0.2228280007839203,
            "magnr": 18.763999938964844,
            "sigmagnr": 0.09700000286102295,
            "magzpsci": 26.002700805664062,
            "isdiffpos": "t",
            "ssdistnr": null,
            "ssnamenr": null,
            "drb": null
        },
        {
            "candid": 1680176584715015008,
            "jd": 2459434.6765856,
            "ra": 219.5740032,
            "dec": 12.0336446,
            "fid": 2,
            "nid": 1680,
            "magpsf": 18.644500732421875,
            "sigmapsf": 0.08612000197172165,
            "magnr": 18.07200050354004,
            "sigmagnr": 0.09600000083446503,
            "magzpsci": 26.267499923706055,
            "isdiffpos": "t",
            "ssdistnr": null,
            "ssnamenr": null,
            "drb": null
        },
        {
            "candid": 1680229354715015008,
            "jd": 2459434.7293519,
            "ra": 219.5739838,
            "dec": 12.0335936,
            "fid": 1,
            "nid": 1680,
            "magpsf": 19.6289005279541,
            "sigmapsf": 0.1526390016078949,
            "magnr": 18.763999938964844,
            "sigmagnr": 0.09700000286102295,
            "magzpsci": 26.114900588989258,
            "isdiffpos": "t",
            "ssdistnr": null,
            "ssnamenr": null,
            "drb": null
        },
        {
            "candid": 1682195204715015004,
            "jd": 2459436.6952083,
            "ra": 219.5739921,
            "dec": 12.0336197,
            "fid": 2,
            "nid": 1682,
            "magpsf": 18.619300842285156,
            "sigmapsf": 0.09667100012302399,
            "magnr": 18.07200050354004,
            "sigmagnr": 0.09600000083446503,
            "magzpsci": 26.148300170898438,
            "isdiffpos": "t",
            "ssdistnr": null,
            "ssnamenr": null,
            "drb": null
        },
        {
            "candid": 1685197454715015008,
            "jd": 2459439.6974537,
            "ra": 219.57399,
            "dec": 12.0335792,
            "fid": 2,
            "nid": 1685,
            "magpsf": 18.600900650024414,
            "sigmapsf": 0.10234200209379196,
            "magnr": 18.07200050354004,
            "sigmagnr": 0.09600000083446503,
            "magzpsci": 25.966899871826172,
            "isdiffpos": "t",
            "ssdistnr": null,
            "ssnamenr": null,
            "drb": null
        },
        {
            "candid": 1687167024715015007,
            "jd": 2459441.6670255,
            "ra": 219.5739547,
            "dec": 12.0336379,
            "fid": 2,
            "nid": 1687,
            "magpsf": 18.636199951171875,
            "sigmapsf": 0.12614700198173523,
            "magnr": 18.07200050354004,
            "sigmagnr": 0.09600000083446503,
            "magzpsci": 26.114200592041016,
            "isdiffpos": "t",
            "ssdistnr": null,
            "ssnamenr": null,
            "drb": null
        },
        {
            "candid": 1696183704715015003,
            "jd": 2459450.6837037,
            "ra": 219.5740268,
            "dec": 12.0336195,
            "fid": 2,
            "nid": 1696,
            "magpsf": 18.791799545288086,
            "sigmapsf": 0.13899900019168854,
            "magnr": 18.07200050354004,
            "sigmagnr": 0.09600000083446503,
            "magzpsci": 25.892799377441406,
            "isdiffpos": "t",
            "ssdistnr": null,
            "ssnamenr": null,
            "drb": null
        },
        {
            "candid": 1699171944715015009,
            "jd": 2459453.6719444,
            "ra": 219.5739732,
            "dec": 12.0336293,
            "fid": 1,
            "nid": 1699,
            "magpsf": 19.940689086914062,
            "sigmapsf": 0.19819499552249908,
            "magnr": 18.763999938964844,
            "sigmagnr": 0.09700000286102295,
            "magzpsci": 26.177690505981445,
            "isdiffpos": "t",
            "ssdistnr": -999.0,
            "ssnamenr": "null",
            "drb": null
        },
        {
            "jd": 2459335.7898958,
            "fid": 1,
            "diffmaglim": 20.41860008239746
        },
        {
            "jd": 2459335.8178241,
            "fid": 2,
            "diffmaglim": 19.346599578857422
        },
        {
            "jd": 2459338.894919,
            "fid": 2,
            "diffmaglim": 20.311899185180664
        },
        {
            "jd": 2459341.7783565,
            "fid": 2,
            "diffmaglim": 20.802000045776367
        },
        {
            "jd": 2459343.7759838,
            "fid": 1,
            "diffmaglim": 20.81060028076172
        },
        {
            "jd": 2459343.8161574,
            "fid": 2,
            "diffmaglim": 20.55389976501465
        },
        {
            "jd": 2459345.8173264,
            "fid": 2,
            "diffmaglim": 20.73270034790039
        },
        {
            "jd": 2459345.8625116,
            "fid": 1,
            "diffmaglim": 20.81410026550293
        },
        {
            "jd": 2459347.8174074,
            "fid": 2,
            "diffmaglim": 21.822500228881836
        },
        {
            "jd": 2459349.7351389,
            "fid": 1,
            "diffmaglim": 20.783100128173828
        },
        {
            "jd": 2459353.7953704,
            "fid": 2,
            "diffmaglim": 20.252500534057617
        },
        {
            "jd": 2459353.8514236,
            "fid": 1,
            "diffmaglim": 20.590999603271484
        },
        {
            "jd": 2459356.7889468,
            "fid": 2,
            "diffmaglim": 19.87660026550293
        },
        {
            "jd": 2459356.7989583,
            "fid": 1,
            "diffmaglim": 19.71980094909668
        },
        {
            "jd": 2459359.7354282,
            "fid": 2,
            "diffmaglim": 19.26289939880371
        },
        {
            "jd": 2459359.8061227,
            "fid": 1,
            "diffmaglim": 19.085899353027344
        },
        {
            "jd": 2459403.7330903,
            "fid": 1,
            "diffmaglim": 19.018299102783203
        },
        {
            "jd": 2459417.7046065,
            "fid": 1,
            "diffmaglim": 18.689599990844727
        },
        {
            "jd": 2459417.7358796,
            "fid": 2,
            "diffmaglim": 16.961200714111328
        },
        {
            "jd": 2459423.7694444,
            "fid": 2,
            "diffmaglim": 17.602500915527344
        },
        {
            "jd": 2459436.745,
            "fid": 1,
            "diffmaglim": 19.026599884033203
        },
        {
            "jd": 2459441.7179398,
            "fid": 1,
            "diffmaglim": 19.16629981994629
        },
        {
            "jd": 2459443.6659375,
            "fid": 1,
            "diffmaglim": 19.05150032043457
        },
        {
            "jd": 2459447.7158449,
            "fid": 2,
            "diffmaglim": 18.768600463867188
        },
        {
            "jd": 2459450.7072801,
            "fid": 1,
            "diffmaglim": 18.343000411987305
        }
    ],
    "forcedphot": []
}