{
    "objectId": "ZTF19abddqhy",
    "candidates": [
        {
            "candid": 907192321615015019,
            "jd": 2458661.6923264,
            "ra": 216.4357355,
            "dec": -3.232909,
            "fid": 2,
            "nid": 907,
            "magpsf": 20.62420082092285,
            "sigmapsf": 0.2996320128440857,
            "magnr": 21.086000442504883,
            "sigmagnr": 0.13199999928474426,
            "magzpsci": 26.119199752807617,
            "isdiffpos": "t",
            "ssdistnr": -999.0,
            "ssnamenr": "-999.0",
            "drb": null
        },
        {
            "candid": 913192701615015022,
            "jd": 2458667.6927083,
            "ra": 216.4357373,
            "dec": -3.2330436,
            "fid": 1,
            "nid": 913,
            "magpsf": 19.25160026550293,
            "sigmapsf": 0.09914799779653549,
            "magnr": 21.25200080871582,
            "sigmagnr": 0.12300000339746475,
            "magzpsci": 26.13159942626953,
            "isdiffpos": "t",
            "ssdistnr": -999.0,
            "ssnamenr": "null",
            "drb": null
        },
        {
            "candid": 913213251615015016,
            "jd": 2458667.7132523,
            "ra": 216.4357447,
            "dec": -3.2330468,
            "fid": 2,
            "nid": 913,
            "magpsf": 19.33370018005371,
            "sigmapsf": 0.11574800312519073,
            "magnr": 21.086000442504883,
            "sigmagnr": 0.13199999928474426,
            "magzpsci": 26.132699966430664,
            "isdiffpos": "t",
            "ssdistnr": -999.0,
            "ssnamenr": "null",
            "drb": null
        },
        {
            "candid": 916174461615015015,
            "jd": 2458670.6744676,
            "ra": 216.4357334,
            "dec": -3.2330455,
            "fid": 2,
            "nid": 916,
            "magpsf": 18.92259979248047,
            "sigmapsf": 0.08250100165605545,
            "magnr": 21.086000442504883,
            "sigmagnr": 0.13199999928474426,
            "magzpsci": 26.10759925842285,
            "isdiffpos": "t",
            "ssdistnr": -999.0,
            "ssnamenr": "null",
            "drb": null
        },
        {
            "candid": 916191011615015020,
            "jd": 2458670.6910185,
            "ra": 216.4357673,
            "dec": -3.233036,
            "fid": 1,
            "nid": 916,
            "magpsf": 18.87150001525879,
            "sigmapsf": 0.09289199858903885,
            "magnr": 21.25200080871582,
            "sigmagnr": 0.12300000339746475,
            "magzpsci": 26.095500946044922,
            "isdiffpos": "t",
            "ssdistnr": -999.0,
            "ssnamenr": "null",
            "drb": null
        },
        {
            "candid": 919174791615015007,
            "jd": 2458673.6747917,
            "ra": 216.4357273,
            "dec": -3.2330213,
            "fid": 1,
            "nid": 919,
            "magpsf": 18.59000015258789,
            "sigmapsf": 0.08606600016355515,
            "magnr": 21.25200080871582,
            "sigmagnr": 0.12300000339746475,
            "magzpsci": 26.113000869750977,
            "isdiffpos": "t",
            "ssdistnr": -999.0,
            "ssnamenr": "null",
            "drb": null
        },
        {
            "candid": 919190941615015009,
            "jd": 2458673.6909491,
            "ra": 216.4357344,
            "dec": -3.2330331,
            "fid": 2,
            "nid": 919,
            "magpsf": 18.709699630737305,
            "sigmapsf": 0.08601000159978867,
            "magnr": 21.086000442504883,
            "sigmagnr": 0.13199999928474426,
            "magzpsci": 26.121700286865234,
            "isdiffpos": "t",
            "ssdistnr": -999.0,
            "ssnamenr": "null",
            "drb": null
        },
        {
            "candid": 923170541615015001,
            "jd": 2458677.670544,
            "ra": 216.4357592,
            "dec": -3.2330271,
            "fid": 1,
            "nid": 923,
            "magpsf": 18.56559944152832,
            "sigmapsf": 0.1158600002527237,
            "magnr": 21.25200080871582,
            "sigmagnr": 0.12300000339746475,
            "magzpsci": 26.14259910583496,
            "isdiffpos": "t",
            "ssdistnr": -999.0,
            "ssnamenr": "null",
            "drb": null
        },
        {
            "candid": 923190811615015016,
            "jd": 2458677.6908102,
            "ra": 216.4357526,
            "dec": -3.2330451,
            "fid": 2,
            "nid": 923,
            "magpsf": 18.571399688720703,
            "sigmapsf": 0.08143699914216995,
            "magnr": 21.086000442504883,
            "sigmagnr": 0.13199999928474426,
            "magzpsci": 26.102399826049805,
            "isdiffpos": "t",
            "ssdistnr": -999.0,
            "ssnamenr": "null",
            "drb": null
        },
        {
            "candid": 926170461615015004,
            "jd": 2458680.670463,
            "ra": 216.4357091,
            "dec": -3.2330588,
            "fid": 1,
            "nid": 926,
            "magpsf": 18.62849998474121,
            "sigmapsf": 0.1422179937362671,
            "magnr": 21.25200080871582,
            "sigmagnr": 0.12300000339746475,
            "magzpsci": 26.140499114990234,
            "isdiffpos": "t",
            "ssdistnr": -999.0,
            "ssnamenr": "null",
            "drb": null
        },
        {
            "candid": 926235101615015015,
            "jd": 2458680.7351042,
            "ra": 216.4357474,
            "dec": -3.2330466,
            "fid": 2,
            "nid": 926,
            "magpsf": 18.595500946044922,
            "sigmapsf": 0.1064700037240982,
            "magnr": 21.086000442504883,
            "sigmagnr": 0.13199999928474426,
            "magzpsci": 26.113500595092773,
            "isdiffpos": "t",
            "ssdistnr": -999.0,
            "ssnamenr": "null",
            "drb": null
        },
        {
            "candid": 929180651615015023,
            "jd": 2458683.6806597,
            "ra": 216.4357376,
            "dec": -3.2330193,
            "fid": 1,
            "nid": 929,
            "magpsf": 18.658599853515625,
            "sigmapsf": 0.08006799966096878,
            "magnr": 21.25200080871582,
            "sigmagnr": 0.12300000339746475,
            "magzpsci": 26.10260009765625,
            "isdiffpos": "t",
            "ssdistnr": -999.0,
            "ssnamenr": "null",
            "drb": null
        },
        {
            "candid": 932165191615015010,
            "jd": 2458686.6651968,
            "ra": 216.435757,
            "dec": -3.2330295,
            "fid": 2,
            "nid": 932,
            "magpsf": 18.791099548339844,
            "sigmapsf": 0.09987299889326096,
            "magnr": 21.086000442504883,
            "sigmagnr": 0.13199999928474426,
            "magzpsci": 26.09309959411621,
            "isdiffpos": "t",
            "ssdistnr": -999.0,
            "ssnamenr": "null",
            "drb": null
        },
        {
            "candid": 932192431615015032,
            "jd": 2458686.6924306,
            "ra": 216.4357246,
            "dec": -3.2330391,
            "fid": 1,
            "nid": 932,
            "magpsf": 18.872499465942383,
            "sigmapsf": 0.08154299855232239,
            "magnr": 21.25200080871582,
            "sigmagnr": 0.12300000339746475,
            "magzpsci": 26.04050064086914,
            "isdiffpos": "t",
            "ssdistnr": -999.0,
            "ssnamenr": "null",
            "drb": null
        },
        {
            "jd": 2458637.70587,
            "fid": 2,
            "diffmaglim": 20.57200050354004
        },
        {
            "jd": 2458637.73115,
            "fid": 1,
            "diffmaglim": 20.60099983215332
        },
        {
            "jd": 2458640.68963,
            "fid": 1,
            "diffmaglim": 20.56399917602539
        },
        {
            "jd": 2458640.73169,
            "fid": 2,
            "diffmaglim": 20.47100067138672
        },
        {
            "jd": 2458643.69061,
            "fid": 1,
            "diffmaglim": 20.131000518798828
        },
        {
            "jd": 2458643.73201,
            "fid": 2,
            "diffmaglim": 20.231000900268555
        },
        {
            "jd": 2458649.70823,
            "fid": 1,
            "diffmaglim": 18.94099998474121
        },
        {
            "jd": 2458649.71157,
            "fid": 2,
            "diffmaglim": 19.1200008392334
        },
        {
            "jd": 2458652.68943,
            "fid": 1,
            "diffmaglim": 19.577999114990234
        },
        {
            "jd": 2458652.7733,
            "fid": 2,
            "diffmaglim": 19.406999588012695
        },
        {
            "jd": 2458655.68916,
            "fid": 2,
            "diffmaglim": 20.378000259399414
        },
        {
            "jd": 2458655.73333,
            "fid": 1,
            "diffmaglim": 20.297000885009766
        },
        {
            "jd": 2458658.67272,
            "fid": 2,
            "diffmaglim": 20.159000396728516
        }
    ],
    "forcedphot": []
}