{
    "objectId": "ZTF19aczeomw",
    "candidates": [
        {
            "candid": 1082410900915015022,
            "jd": 2458836.9109028,
            "ra": 97.0701119,
            "dec": 23.6085924,
            "fid": 1,
            "nid": 1082,
            "magpsf": 19.36479949951172,
            "sigmapsf": 0.10781200230121613,
            "magnr": 20.128999710083008,
            "sigmagnr": 0.10199999809265137,
            "magzpsci": 26.37179946899414,
            "isdiffpos": "t",
            "ssdistnr": -999.0,
            "ssnamenr": "null",
            "drb": 0.9999979734420776
        },
        {
            "candid": 1082436200915015039,
            "jd": 2458836.9362037,
            "ra": 97.070099,
            "dec": 23.6085905,
            "fid": 2,
            "nid": 1082,
            "magpsf": 19.029800415039062,
            "sigmapsf": 0.10453899949789047,
            "magnr": 17.1299991607666,
            "sigmagnr": 0.05000000074505806,
            "magzpsci": 26.25979995727539,
            "isdiffpos": "t",
            "ssdistnr": -999.0,
            "ssnamenr": "null",
            "drb": 0.9999740123748779
        },
        {
            "candid": 1092235380915015025,
            "jd": 2458846.7353819,
            "ra": 97.0701187,
            "dec": 23.6086016,
            "fid": 1,
            "nid": 1092,
            "magpsf": 18.276899337768555,
            "sigmapsf": 0.06751099973917007,
            "magnr": 20.128999710083008,
            "sigmagnr": 0.10199999809265137,
            "magzpsci": 26.362899780273438,
            "isdiffpos": "t",
            "ssdistnr": -999.0,
            "ssnamenr": "null",
            "drb": 1.0
        },
        {
            "candid": 1092277770915015022,
            "jd": 2458846.7777778,
            "ra": 97.0701095,
            "dec": 23.608599,
            "fid": 2,
            "nid": 1092,
            "magpsf": 18.015399932861328,
            "sigmapsf": 0.05665599927306175,
            "magnr": 17.1299991607666,
            "sigmagnr": 0.05000000074505806,
            "magzpsci": 26.20840072631836,
            "isdiffpos": "t",
            "ssdistnr": -999.0,
            "ssnamenr": "null",
            "drb": 0.9999949932098389
        },
        {
            "candid": 1096453810915015039,
            "jd": 2458850.9538194,
            "ra": 97.0701518,
            "dec": 23.6085698,
            "fid": 2,
            "nid": 1096,
            "magpsf": 18.164100646972656,
            "sigmapsf": 0.08294600248336792,
            "magnr": 17.1299991607666,
            "sigmagnr": 0.05000000074505806,
            "magzpsci": 26.247100830078125,
            "isdiffpos": "t",
            "ssdistnr": -999.0,
            "ssnamenr": "null",
            "drb": 0.9999989867210388
        },
        {
            "candid": 1099445590915015022,
            "jd": 2458853.9455903,
            "ra": 97.0701154,
            "dec": 23.6085936,
            "fid": 1,
            "nid": 1099,
            "magpsf": 18.75950050354004,
            "sigmapsf": 0.08794800192117691,
            "magnr": 20.128999710083008,
            "sigmagnr": 0.10199999809265137,
            "magzpsci": 26.322500228881836,
            "isdiffpos": "t",
            "ssdistnr": -999.0,
            "ssnamenr": "null",
            "drb": 1.0
        },
        {
            "candid": 1106226200915015017,
            "jd": 2458860.7262037,
            "ra": 97.07008,
            "dec": 23.6086143,
            "fid": 2,
            "nid": 1106,
            "magpsf": 18.690399169921875,
            "sigmapsf": 0.09524399787187576,
            "magnr": 17.1299991607666,
            "sigmagnr": 0.05000000074505806,
            "magzpsci": 26.275400161743164,
            "isdiffpos": "t",
            "ssdistnr": -999.0,
            "ssnamenr": "null",
            "drb": 1.0
        },
        {
            "candid": 1106274170915015017,
            "jd": 2458860.7741782,
            "ra": 97.0701026,
            "dec": 23.6085806,
            "fid": 2,
            "nid": 1106,
            "magpsf": 18.55229949951172,
            "sigmapsf": 0.10065200179815292,
            "magnr": 17.1299991607666,
            "sigmagnr": 0.05000000074505806,
            "magzpsci": 26.26729965209961,
            "isdiffpos": "t",
            "ssdistnr": -999.0,
            "ssnamenr": "null",
            "drb": 0.9999989867210388
        },
        {
            "candid": 1107203690915015022,
            "jd": 2458861.7036921,
            "ra": 97.0701014,
            "dec": 23.6085672,
            "fid": 2,
            "nid": 1107,
            "magpsf": 18.7455997467041,
            "sigmapsf": 0.13488200306892395,
            "magnr": 17.1299991607666,
            "sigmagnr": 0.05000000074505806,
            "magzpsci": 26.266599655151367,
            "isdiffpos": "t",
            "ssdistnr": -999.0,
            "ssnamenr": "null",
            "drb": 0.999983012676239
        },
        {
            "candid": 1108351730915015018,
            "jd": 2458862.8517361,
            "ra": 97.0701395,
            "dec": 23.6085557,
            "fid": 2,
            "nid": 1108,
            "magpsf": 18.68589973449707,
            "sigmapsf": 0.09322799742221832,
            "magnr": 17.1299991607666,
            "sigmagnr": 0.05000000074505806,
            "magzpsci": 26.271900177001953,
            "isdiffpos": "t",
            "ssdistnr": -999.0,
            "ssnamenr": "null",
            "drb": 1.0
        },
        {
            "candid": 1110160120915015024,
            "jd": 2458864.6601273,
            "ra": 97.0701174,
            "dec": 23.6086215,
            "fid": 1,
            "nid": 1110,
            "magpsf": 20.042800903320312,
            "sigmapsf": 0.1716039925813675,
            "magnr": 20.128999710083008,
            "sigmagnr": 0.10199999809265137,
            "magzpsci": 26.326799392700195,
            "isdiffpos": "t",
            "ssdistnr": -999.0,
            "ssnamenr": "null",
            "drb": 0.9999610185623169
        },
        {
            "candid": 1113254210915015022,
            "jd": 2458867.754213,
            "ra": 97.0701053,
            "dec": 23.6086181,
            "fid": 2,
            "nid": 1113,
            "magpsf": 18.929800033569336,
            "sigmapsf": 0.10863800346851349,
            "magnr": 17.1299991607666,
            "sigmagnr": 0.05000000074505806,
            "magzpsci": 26.19379997253418,
            "isdiffpos": "t",
            "ssdistnr": -999.0,
            "ssnamenr": "null",
            "drb": 0.992235004901886
        },
        {
            "candid": 1117193140915015039,
            "jd": 2458871.6931481,
            "ra": 97.0701078,
            "dec": 23.6085568,
            "fid": 1,
            "nid": 1117,
            "magpsf": 20.770099639892578,
            "sigmapsf": 0.27027401328086853,
            "magnr": 20.128999710083008,
            "sigmagnr": 0.10199999809265137,
            "magzpsci": 26.376100540161133,
            "isdiffpos": "t",
            "ssdistnr": -999.0,
            "ssnamenr": "-999.0",
            "drb": null
        },
        {
            "candid": 1117243940915015030,
            "jd": 2458871.7439468,
            "ra": 97.0701218,
            "dec": 23.6086066,
            "fid": 2,
            "nid": 1117,
            "magpsf": 19.355499267578125,
            "sigmapsf": 0.1355839967727661,
            "magnr": 17.1299991607666,
            "sigmagnr": 0.05000000074505806,
            "magzpsci": 26.278499603271484,
            "isdiffpos": "t",
            "ssdistnr": -999.0,
            "ssnamenr": "null",
            "drb": 0.9999809861183167
        },
        {
            "candid": 1119173690915015027,
            "jd": 2458873.6736921,
            "ra": 97.070108,
            "dec": 23.608591,
            "fid": 2,
            "nid": 1119,
            "magpsf": 19.40239906311035,
            "sigmapsf": 0.10652799904346466,
            "magnr": 17.1299991607666,
            "sigmagnr": 0.05000000074505806,
            "magzpsci": 26.265399932861328,
            "isdiffpos": "t",
            "ssdistnr": -999.0,
            "ssnamenr": "null",
            "drb": 0.9999179840087891
        },
        {
            "candid": 1121222100915015017,
            "jd": 2458875.7221065,
            "ra": 97.0701128,
            "dec": 23.6085567,
            "fid": 2,
            "nid": 1121,
            "magpsf": 19.730600357055664,
            "sigmapsf": 0.18979400396347046,
            "magnr": 17.1299991607666,
            "sigmagnr": 0.05000000074505806,
            "magzpsci": 26.263599395751953,
            "isdiffpos": "t",
            "ssdistnr": -999.0,
            "ssnamenr": "-999.0",
            "drb": null
        },
        {
            "candid": 1123256840915015026,
            "jd": 2458877.7568403,
            "ra": 97.0701341,
            "dec": 23.608639,
            "fid": 2,
            "nid": 1123,
            "magpsf": 19.781200408935547,
            "sigmapsf": 0.15675699710845947,
            "magnr": 17.1299991607666,
            "sigmagnr": 0.05000000074505806,
            "magzpsci": 26.263200759887695,
            "isdiffpos": "t",
            "ssdistnr": -999.0,
            "ssnamenr": "null",
            "drb": 0.9999979734420776
        },
        {
            "candid": 1126225990915015026,
            "jd": 2458880.7259954,
            "ra": 97.0700792,
            "dec": 23.608633,
            "fid": 2,
            "nid": 1126,
            "magpsf": 19.93939971923828,
            "sigmapsf": 0.15696799755096436,
            "magnr": 17.1299991607666,
            "sigmagnr": 0.05000000074505806,
            "magzpsci": 26.27739906311035,
            "isdiffpos": "t",
            "ssdistnr": -999.0,
            "ssnamenr": "null",
            "drb": 0.9995570182800293
        },
        {
            "jd": 2458806.99719,
            "fid": 2,
            "diffmaglim": 19.886999130249023
        },
        {
            "jd": 2458811.91958,
            "fid": 1,
            "diffmaglim": 20.285999298095703
        },
        {
            "jd": 2458820.73635,
            "fid": 1,
            "diffmaglim": 20.062999725341797
        },
        {
            "jd": 2458823.86282,
            "fid": 2,
            "diffmaglim": 17.891000747680664
        },
        {
            "jd": 2458823.92758,
            "fid": 1,
            "diffmaglim": 19.281999588012695
        },
        {
            "jd": 2458827.78727,
            "fid": 2,
            "diffmaglim": 19.31399917602539
        },
        {
            "jd": 2458828.81998,
            "fid": 2,
            "diffmaglim": 19.57200050354004
        },
        {
            "jd": 2458828.94503,
            "fid": 1,
            "diffmaglim": 19.238000869750977
        },
        {
            "jd": 2458833.80095,
            "fid": 2,
            "diffmaglim": 18.98200035095215
        },
        {
            "jd": 2458833.8014,
            "fid": 2,
            "diffmaglim": 19.170000076293945
        },
        {
            "jd": 2458834.00352,
            "fid": 1,
            "diffmaglim": 19.114999771118164
        },
        {
            "jd": 2458860.61238,
            "fid": 1,
            "diffmaglim": 18.770999908447266
        },
        {
            "jd": 2458863.67275,
            "fid": 1,
            "diffmaglim": 17.83799934387207
        },
        {
            "jd": 2458863.71594,
            "fid": 2,
            "diffmaglim": 18.35300064086914
        }
    ],
    "forcedphot": []
}