{
    "objectId": "ZTF19abtsrup",
    "candidates": [
        {
            "candid": 968474781015015011,
            "jd": 2458722.9747801,
            "ra": 56.5065674,
            "dec": -20.5077566,
            "fid": 1,
            "nid": 968,
            "magpsf": 18.98579978942871,
            "sigmapsf": 0.08955900371074677,
            "magnr": 21.437000274658203,
            "sigmagnr": 0.09300000220537186,
            "magzpsci": 26.023799896240234,
            "isdiffpos": "t",
            "ssdistnr": -999.0,
            "ssnamenr": "null",
            "drb": 0.9999939799308777
        },
        {
            "candid": 971500901015015015,
            "jd": 2458726.0009028,
            "ra": 56.5065552,
            "dec": -20.5077534,
            "fid": 2,
            "nid": 971,
            "magpsf": 17.963499069213867,
            "sigmapsf": 0.042472999542951584,
            "magnr": 21.226999282836914,
            "sigmagnr": 0.10700000077486038,
            "magzpsci": 26.01449966430664,
            "isdiffpos": "t",
            "ssdistnr": -999.0,
            "ssnamenr": "null",
            "drb": 0.9999949932098389
        },
        {
            "candid": 978500831015015018,
            "jd": 2458733.0008333,
            "ra": 56.5065765,
            "dec": -20.507759,
            "fid": 2,
            "nid": 978,
            "magpsf": 17.182100296020508,
            "sigmapsf": 0.02964399941265583,
            "magnr": 21.226999282836914,
            "sigmagnr": 0.10700000077486038,
            "magzpsci": 25.980100631713867,
            "isdiffpos": "t",
            "ssdistnr": -999.0,
            "ssnamenr": "null",
            "drb": 1.0
        },
        {
            "candid": 979480184815015001,
            "jd": 2458733.9801852,
            "ra": 56.5065522,
            "dec": -20.5077702,
            "fid": 1,
            "nid": 979,
            "magpsf": 17.009599685668945,
            "sigmapsf": 0.055528998374938965,
            "magnr": 21.288999557495117,
            "sigmagnr": 0.10400000214576721,
            "magzpsci": 25.928600311279297,
            "isdiffpos": "t",
            "ssdistnr": -999.0,
            "ssnamenr": "null",
            "drb": 0.9999989867210388
        },
        {
            "candid": 979504144815015000,
            "jd": 2458734.0041435,
            "ra": 56.5065653,
            "dec": -20.5077773,
            "fid": 2,
            "nid": 979,
            "magpsf": 17.437400817871094,
            "sigmapsf": 0.06394899636507034,
            "magnr": 21.15999984741211,
            "sigmagnr": 0.09600000083446503,
            "magzpsci": 26.161399841308594,
            "isdiffpos": "t",
            "ssdistnr": -999.0,
            "ssnamenr": "null",
            "drb": 0.9996989965438843
        },
        {
            "candid": 980479936115015000,
            "jd": 2458734.9799306,
            "ra": 56.5065571,
            "dec": -20.5077677,
            "fid": 1,
            "nid": 980,
            "magpsf": 16.998699188232422,
            "sigmapsf": 0.049699001014232635,
            "magnr": 21.209999084472656,
            "sigmagnr": 0.08900000154972076,
            "magzpsci": 25.899700164794922,
            "isdiffpos": "t",
            "ssdistnr": -999.0,
            "ssnamenr": "null",
            "drb": 0.9999669790267944
        },
        {
            "candid": 981443571015015014,
            "jd": 2458735.9435764,
            "ra": 56.506571,
            "dec": -20.5077486,
            "fid": 1,
            "nid": 981,
            "magpsf": 16.96969985961914,
            "sigmapsf": 0.03504600003361702,
            "magnr": 21.437000274658203,
            "sigmagnr": 0.09300000220537186,
            "magzpsci": 26.02669906616211,
            "isdiffpos": "t",
            "ssdistnr": -999.0,
            "ssnamenr": "null",
            "drb": 1.0
        },
        {
            "candid": 981501801015015011,
            "jd": 2458736.0018056,
            "ra": 56.5065708,
            "dec": -20.5077649,
            "fid": 2,
            "nid": 981,
            "magpsf": 17.12019920349121,
            "sigmapsf": 0.029234999790787697,
            "magnr": 21.226999282836914,
            "sigmagnr": 0.10700000077486038,
            "magzpsci": 26.00819969177246,
            "isdiffpos": "t",
            "ssdistnr": -999.0,
            "ssnamenr": "null",
            "drb": 1.0
        },
        {
            "candid": 982479834815015002,
            "jd": 2458736.979838,
            "ra": 56.5065543,
            "dec": -20.5077535,
            "fid": 1,
            "nid": 982,
            "magpsf": 16.95989990234375,
            "sigmapsf": 0.04768500104546547,
            "magnr": 21.288999557495117,
            "sigmagnr": 0.10400000214576721,
            "magzpsci": 25.923900604248047,
            "isdiffpos": "t",
            "ssdistnr": -999.0,
            "ssnamenr": "null",
            "drb": 1.0
        },
        {
            "candid": 982501754815015001,
            "jd": 2458737.0017593,
            "ra": 56.5065752,
            "dec": -20.5077851,
            "fid": 2,
            "nid": 982,
            "magpsf": 17.160400390625,
            "sigmapsf": 0.053300000727176666,
            "magnr": 21.15999984741211,
            "sigmagnr": 0.09600000083446503,
            "magzpsci": 25.904399871826172,
            "isdiffpos": "t",
            "ssdistnr": -999.0,
            "ssnamenr": "null",
            "drb": 0.9999930262565613
        },
        {
            "candid": 983479816115015000,
            "jd": 2458737.9798148,
            "ra": 56.5065789,
            "dec": -20.5077401,
            "fid": 1,
            "nid": 983,
            "magpsf": 17.05109977722168,
            "sigmapsf": 0.0501290000975132,
            "magnr": 21.209999084472656,
            "sigmagnr": 0.08900000154972076,
            "magzpsci": 25.90410041809082,
            "isdiffpos": "t",
            "ssdistnr": -999.0,
            "ssnamenr": "null",
            "drb": 0.9999989867210388
        },
        {
            "candid": 983522666115015000,
            "jd": 2458738.022662,
            "ra": 56.5065828,
            "dec": -20.5077626,
            "fid": 2,
            "nid": 983,
            "magpsf": 17.08930015563965,
            "sigmapsf": 0.049077000468969345,
            "magnr": 21.31599998474121,
            "sigmagnr": 0.12600000202655792,
            "magzpsci": 25.849300384521484,
            "isdiffpos": "t",
            "ssdistnr": -999.0,
            "ssnamenr": "null",
            "drb": 0.9999989867210388
        },
        {
            "candid": 984441671015015003,
            "jd": 2458738.9416782,
            "ra": 56.5065622,
            "dec": -20.5077499,
            "fid": 1,
            "nid": 984,
            "magpsf": 16.992599487304688,
            "sigmapsf": 0.03759099915623665,
            "magnr": 21.437000274658203,
            "sigmagnr": 0.09300000220537186,
            "magzpsci": 26.052600860595703,
            "isdiffpos": "t",
            "ssdistnr": -999.0,
            "ssnamenr": "null",
            "drb": 1.0
        },
        {
            "candid": 984523191015015015,
            "jd": 2458739.0231944,
            "ra": 56.5065813,
            "dec": -20.5077541,
            "fid": 2,
            "nid": 984,
            "magpsf": 17.05500030517578,
            "sigmapsf": 0.04938000068068504,
            "magnr": 21.226999282836914,
            "sigmagnr": 0.10700000077486038,
            "magzpsci": 26.003000259399414,
            "isdiffpos": "t",
            "ssdistnr": -999.0,
            "ssnamenr": "null",
            "drb": 1.0
        },
        {
            "candid": 985460644815015001,
            "jd": 2458739.9606481,
            "ra": 56.5065556,
            "dec": -20.5077841,
            "fid": 2,
            "nid": 985,
            "magpsf": 17.12849998474121,
            "sigmapsf": 0.05319700017571449,
            "magnr": 21.15999984741211,
            "sigmagnr": 0.09600000083446503,
            "magzpsci": 25.881500244140625,
            "isdiffpos": "t",
            "ssdistnr": -999.0,
            "ssnamenr": "null",
            "drb": 0.9999989867210388
        },
        {
            "candid": 985481084815015000,
            "jd": 2458739.981088,
            "ra": 56.5065605,
            "dec": -20.507767,
            "fid": 1,
            "nid": 985,
            "magpsf": 17.050899505615234,
            "sigmapsf": 0.07135199755430222,
            "magnr": 21.288999557495117,
            "sigmagnr": 0.10400000214576721,
            "magzpsci": 25.923900604248047,
            "isdiffpos": "t",
            "ssdistnr": -999.0,
            "ssnamenr": "null",
            "drb": 0.9999979734420776
        },
        {
            "candid": 988502716115015005,
            "jd": 2458743.0027199,
            "ra": 56.5065817,
            "dec": -20.5077448,
            "fid": 1,
            "nid": 988,
            "magpsf": 17.28969955444336,
            "sigmapsf": 0.06827499717473984,
            "magnr": 21.209999084472656,
            "sigmagnr": 0.08900000154972076,
            "magzpsci": 25.65570068359375,
            "isdiffpos": "t",
            "ssdistnr": -999.0,
            "ssnamenr": "null",
            "drb": 0.9999989867210388
        },
        {
            "candid": 988521944815015003,
            "jd": 2458743.0219444,
            "ra": 56.5065709,
            "dec": -20.5077458,
            "fid": 1,
            "nid": 988,
            "magpsf": 17.254600524902344,
            "sigmapsf": 0.12431800365447998,
            "magnr": 21.288999557495117,
            "sigmagnr": 0.10400000214576721,
            "magzpsci": 25.16860008239746,
            "isdiffpos": "t",
            "ssdistnr": -999.0,
            "ssnamenr": "null",
            "drb": 0.999987006187439
        },
        {
            "candid": 990439661015015004,
            "jd": 2458744.9396644,
            "ra": 56.5065952,
            "dec": -20.5077566,
            "fid": 2,
            "nid": 990,
            "magpsf": 17.346200942993164,
            "sigmapsf": 0.04434800148010254,
            "magnr": 21.226999282836914,
            "sigmagnr": 0.10700000077486038,
            "magzpsci": 26.005199432373047,
            "isdiffpos": "t",
            "ssdistnr": -999.0,
            "ssnamenr": "null",
            "drb": 1.0
        },
        {
            "candid": 990480771015015004,
            "jd": 2458744.9807755,
            "ra": 56.5065695,
            "dec": -20.5077737,
            "fid": 1,
            "nid": 990,
            "magpsf": 17.277700424194336,
            "sigmapsf": 0.04471300169825554,
            "magnr": 21.437000274658203,
            "sigmagnr": 0.09300000220537186,
            "magzpsci": 26.078699111938477,
            "isdiffpos": "t",
            "ssdistnr": -999.0,
            "ssnamenr": "null",
            "drb": 1.0
        },
        {
            "candid": 991460214815015001,
            "jd": 2458745.9602199,
            "ra": 56.5065515,
            "dec": -20.5077643,
            "fid": 2,
            "nid": 991,
            "magpsf": 17.412500381469727,
            "sigmapsf": 0.06484399735927582,
            "magnr": 21.15999984741211,
            "sigmagnr": 0.09600000083446503,
            "magzpsci": 25.870500564575195,
            "isdiffpos": "t",
            "ssdistnr": -999.0,
            "ssnamenr": "-999.0",
            "drb": null
        },
        {
            "candid": 991521634815015000,
            "jd": 2458746.0216319,
            "ra": 56.5065932,
            "dec": -20.5077802,
            "fid": 1,
            "nid": 991,
            "magpsf": 17.422500610351562,
            "sigmapsf": 0.08381599932909012,
            "magnr": 21.288999557495117,
            "sigmagnr": 0.10400000214576721,
            "magzpsci": 25.9375,
            "isdiffpos": "t",
            "ssdistnr": -999.0,
            "ssnamenr": "null",
            "drb": 1.0
        },
        {
            "candid": 993458936115015000,
            "jd": 2458747.9589352,
            "ra": 56.506559,
            "dec": -20.5077617,
            "fid": 2,
            "nid": 993,
            "magpsf": 17.571699142456055,
            "sigmapsf": 0.06546500325202942,
            "magnr": 21.31599998474121,
            "sigmagnr": 0.12600000202655792,
            "magzpsci": 25.816699981689453,
            "isdiffpos": "t",
            "ssdistnr": -999.0,
            "ssnamenr": "-999.0",
            "drb": null
        },
        {
            "candid": 993459861015015016,
            "jd": 2458747.9598611,
            "ra": 56.5065812,
            "dec": -20.5077449,
            "fid": 2,
            "nid": 993,
            "magpsf": 17.568099975585938,
            "sigmapsf": 0.0512939989566803,
            "magnr": 21.226999282836914,
            "sigmagnr": 0.10700000077486038,
            "magzpsci": 25.990100860595703,
            "isdiffpos": "t",
            "ssdistnr": -999.0,
            "ssnamenr": "-999.0",
            "drb": null
        },
        {
            "candid": 993483441015015003,
            "jd": 2458747.9834491,
            "ra": 56.5065827,
            "dec": -20.5077811,
            "fid": 1,
            "nid": 993,
            "magpsf": 17.479799270629883,
            "sigmapsf": 0.05997699871659279,
            "magnr": 21.437000274658203,
            "sigmagnr": 0.09300000220537186,
            "magzpsci": 26.069799423217773,
            "isdiffpos": "t",
            "ssdistnr": -999.0,
            "ssnamenr": "-999.0",
            "drb": null
        },
        {
            "candid": 994438694815015005,
            "jd": 2458748.9386921,
            "ra": 56.5065334,
            "dec": -20.5077608,
            "fid": 2,
            "nid": 994,
            "magpsf": 17.5841007232666,
            "sigmapsf": 0.143777996301651,
            "magnr": 21.15999984741211,
            "sigmagnr": 0.09600000083446503,
            "magzpsci": 24.88909912109375,
            "isdiffpos": "t",
            "ssdistnr": -999.0,
            "ssnamenr": "-999.0",
            "drb": null
        },
        {
            "candid": 994501494815015000,
            "jd": 2458749.0014931,
            "ra": 56.5065586,
            "dec": -20.5077638,
            "fid": 1,
            "nid": 994,
            "magpsf": 17.613000869750977,
            "sigmapsf": 0.07445599883794785,
            "magnr": 21.288999557495117,
            "sigmagnr": 0.10400000214576721,
            "magzpsci": 25.833999633789062,
            "isdiffpos": "t",
            "ssdistnr": -999.0,
            "ssnamenr": "-999.0",
            "drb": null
        },
        {
            "candid": 996438516115015000,
            "jd": 2458750.9385185,
            "ra": 56.506579,
            "dec": -20.5077631,
            "fid": 1,
            "nid": 996,
            "magpsf": 17.802099227905273,
            "sigmapsf": 0.08223199844360352,
            "magnr": 21.209999084472656,
            "sigmagnr": 0.08900000154972076,
            "magzpsci": 25.76409912109375,
            "isdiffpos": "t",
            "ssdistnr": -999.0,
            "ssnamenr": "-999.0",
            "drb": null
        },
        {
            "candid": 996438981015015011,
            "jd": 2458750.9389815,
            "ra": 56.5065846,
            "dec": -20.507803,
            "fid": 1,
            "nid": 996,
            "magpsf": 17.76289939880371,
            "sigmapsf": 0.06347999721765518,
            "magnr": 21.437000274658203,
            "sigmagnr": 0.09300000220537186,
            "magzpsci": 25.9468994140625,
            "isdiffpos": "t",
            "ssdistnr": -999.0,
            "ssnamenr": "null",
            "drb": 0.9999859929084778
        },
        {
            "candid": 996462246115015000,
            "jd": 2458750.9622454,
            "ra": 56.5065796,
            "dec": -20.5077744,
            "fid": 2,
            "nid": 996,
            "magpsf": 17.780000686645508,
            "sigmapsf": 0.0835459977388382,
            "magnr": 21.31599998474121,
            "sigmagnr": 0.12600000202655792,
            "magzpsci": 25.773000717163086,
            "isdiffpos": "t",
            "ssdistnr": -999.0,
            "ssnamenr": "-999.0",
            "drb": null
        },
        {
            "candid": 996462691015015003,
            "jd": 2458750.9626968,
            "ra": 56.5065977,
            "dec": -20.5077677,
            "fid": 2,
            "nid": 996,
            "magpsf": 17.772899627685547,
            "sigmapsf": 0.048482999205589294,
            "magnr": 21.226999282836914,
            "sigmagnr": 0.10700000077486038,
            "magzpsci": 25.934900283813477,
            "isdiffpos": "t",
            "ssdistnr": -999.0,
            "ssnamenr": "null",
            "drb": 1.0
        },
        {
            "candid": 997417824815015002,
            "jd": 2458751.9178241,
            "ra": 56.5065649,
            "dec": -20.5077878,
            "fid": 1,
            "nid": 997,
            "magpsf": 17.866199493408203,
            "sigmapsf": 0.07888499647378922,
            "magnr": 21.288999557495117,
            "sigmagnr": 0.10400000214576721,
            "magzpsci": 25.77720069885254,
            "isdiffpos": "t",
            "ssdistnr": -999.0,
            "ssnamenr": "null",
            "drb": 1.0
        },
        {
            "candid": 997503864815015003,
            "jd": 2458752.0038657,
            "ra": 56.506555,
            "dec": -20.5077621,
            "fid": 2,
            "nid": 997,
            "magpsf": 17.854799270629883,
            "sigmapsf": 0.08487199991941452,
            "magnr": 21.15999984741211,
            "sigmagnr": 0.09600000083446503,
            "magzpsci": 25.814800262451172,
            "isdiffpos": "t",
            "ssdistnr": -999.0,
            "ssnamenr": "null",
            "drb": 0.9999939799308777
        },
        {
            "candid": 1002417564815015001,
            "jd": 2458756.9175694,
            "ra": 56.5065516,
            "dec": -20.5077935,
            "fid": 1,
            "nid": 1002,
            "magpsf": 18.257400512695312,
            "sigmapsf": 0.09183300286531448,
            "magnr": 21.288999557495117,
            "sigmagnr": 0.10400000214576721,
            "magzpsci": 25.901399612426758,
            "isdiffpos": "t",
            "ssdistnr": -999.0,
            "ssnamenr": "null",
            "drb": 0.9999979734420776
        },
        {
            "candid": 1002418471015015012,
            "jd": 2458756.9184722,
            "ra": 56.5065726,
            "dec": -20.5077835,
            "fid": 1,
            "nid": 1002,
            "magpsf": 18.275400161743164,
            "sigmapsf": 0.05785699933767319,
            "magnr": 21.437000274658203,
            "sigmagnr": 0.09300000220537186,
            "magzpsci": 26.09040069580078,
            "isdiffpos": "t",
            "ssdistnr": -999.0,
            "ssnamenr": "null",
            "drb": 1.0
        },
        {
            "candid": 1002438726115015000,
            "jd": 2458756.9387269,
            "ra": 56.5065846,
            "dec": -20.5077719,
            "fid": 1,
            "nid": 1002,
            "magpsf": 18.392499923706055,
            "sigmapsf": 0.10472799837589264,
            "magnr": 21.209999084472656,
            "sigmagnr": 0.08900000154972076,
            "magzpsci": 25.894500732421875,
            "isdiffpos": "t",
            "ssdistnr": -999.0,
            "ssnamenr": "null",
            "drb": 0.9999859929084778
        },
        {
            "candid": 1002521586115015000,
            "jd": 2458757.0215856,
            "ra": 56.5065594,
            "dec": -20.5077755,
            "fid": 2,
            "nid": 1002,
            "magpsf": 17.877700805664062,
            "sigmapsf": 0.08078700304031372,
            "magnr": 21.31599998474121,
            "sigmagnr": 0.12600000202655792,
            "magzpsci": 25.819700241088867,
            "isdiffpos": "t",
            "ssdistnr": -999.0,
            "ssnamenr": "null",
            "drb": 0.9999939799308777
        },
        {
            "candid": 1002522044815015001,
            "jd": 2458757.0220486,
            "ra": 56.5065917,
            "dec": -20.5077854,
            "fid": 2,
            "nid": 1002,
            "magpsf": 17.931699752807617,
            "sigmapsf": 0.07051800191402435,
            "magnr": 21.15999984741211,
            "sigmagnr": 0.09600000083446503,
            "magzpsci": 25.852699279785156,
            "isdiffpos": "t",
            "ssdistnr": -999.0,
            "ssnamenr": "null",
            "drb": 0.9999989867210388
        },
        {
            "candid": 1002522491015015014,
            "jd": 2458757.0225,
            "ra": 56.5065583,
            "dec": -20.5077678,
            "fid": 2,
            "nid": 1002,
            "magpsf": 17.900100708007812,
            "sigmapsf": 0.06120999902486801,
            "magnr": 21.226999282836914,
            "sigmagnr": 0.10700000077486038,
            "magzpsci": 25.986099243164062,
            "isdiffpos": "t",
            "ssdistnr": -999.0,
            "ssnamenr": "null",
            "drb": 1.0
        },
        {
            "candid": 1005384811015015017,
            "jd": 2458759.8848148,
            "ra": 56.5065602,
            "dec": -20.5077718,
            "fid": 2,
            "nid": 1005,
            "magpsf": 17.920400619506836,
            "sigmapsf": 0.05770999938249588,
            "magnr": 21.226999282836914,
            "sigmagnr": 0.10700000077486038,
            "magzpsci": 25.992399215698242,
            "isdiffpos": "t",
            "ssdistnr": -999.0,
            "ssnamenr": "null",
            "drb": 1.0
        },
        {
            "candid": 1006417514815015003,
            "jd": 2458760.9175116,
            "ra": 56.5065884,
            "dec": -20.5077689,
            "fid": 1,
            "nid": 1006,
            "magpsf": 18.680400848388672,
            "sigmapsf": 0.09742400050163269,
            "magnr": 21.288999557495117,
            "sigmagnr": 0.10400000214576721,
            "magzpsci": 25.913400650024414,
            "isdiffpos": "t",
            "ssdistnr": -999.0,
            "ssnamenr": "null",
            "drb": 1.0
        },
        {
            "candid": 1006438816115015000,
            "jd": 2458760.9388194,
            "ra": 56.5065756,
            "dec": -20.5077475,
            "fid": 1,
            "nid": 1006,
            "magpsf": 18.633399963378906,
            "sigmapsf": 0.11845800280570984,
            "magnr": 21.209999084472656,
            "sigmagnr": 0.08900000154972076,
            "magzpsci": 25.89739990234375,
            "isdiffpos": "t",
            "ssdistnr": -999.0,
            "ssnamenr": "null",
            "drb": 1.0
        },
        {
            "candid": 1006502594815015012,
            "jd": 2458761.0025926,
            "ra": 56.5065462,
            "dec": -20.5077832,
            "fid": 2,
            "nid": 1006,
            "magpsf": 17.90570068359375,
            "sigmapsf": 0.07788600027561188,
            "magnr": 21.15999984741211,
            "sigmagnr": 0.09600000083446503,
            "magzpsci": 25.856700897216797,
            "isdiffpos": "t",
            "ssdistnr": -999.0,
            "ssnamenr": "-999.0",
            "drb": null
        },
        {
            "candid": 1006503056115015000,
            "jd": 2458761.0030556,
            "ra": 56.5065438,
            "dec": -20.5077727,
            "fid": 2,
            "nid": 1006,
            "magpsf": 17.96820068359375,
            "sigmapsf": 0.10963299870491028,
            "magnr": 21.31599998474121,
            "sigmagnr": 0.12600000202655792,
            "magzpsci": 25.87420082092285,
            "isdiffpos": "t",
            "ssdistnr": -999.0,
            "ssnamenr": "null",
            "drb": 0.9998760223388672
        },
        {
            "candid": 1010439426115015000,
            "jd": 2458764.9394213,
            "ra": 56.5065841,
            "dec": -20.5077774,
            "fid": 2,
            "nid": 1010,
            "magpsf": 17.99690055847168,
            "sigmapsf": 0.07697799801826477,
            "magnr": 21.31599998474121,
            "sigmagnr": 0.12600000202655792,
            "magzpsci": 25.807899475097656,
            "isdiffpos": "t",
            "ssdistnr": -999.0,
            "ssnamenr": "null",
            "drb": 0.9999939799308777
        },
        {
            "candid": 1010439871015015014,
            "jd": 2458764.9398727,
            "ra": 56.5065609,
            "dec": -20.5077595,
            "fid": 2,
            "nid": 1010,
            "magpsf": 17.99370002746582,
            "sigmapsf": 0.04556899890303612,
            "magnr": 21.226999282836914,
            "sigmagnr": 0.10700000077486038,
            "magzpsci": 25.98270034790039,
            "isdiffpos": "t",
            "ssdistnr": -999.0,
            "ssnamenr": "null",
            "drb": 0.9999989867210388
        },
        {
            "candid": 1010440324815015001,
            "jd": 2458764.9403241,
            "ra": 56.5065631,
            "dec": -20.5077747,
            "fid": 2,
            "nid": 1010,
            "magpsf": 17.99679946899414,
            "sigmapsf": 0.06684000045061111,
            "magnr": 21.15999984741211,
            "sigmagnr": 0.09600000083446503,
            "magzpsci": 25.863800048828125,
            "isdiffpos": "t",
            "ssdistnr": -999.0,
            "ssnamenr": "null",
            "drb": 1.0
        },
        {
            "candid": 1010501924815015001,
            "jd": 2458765.0019213,
            "ra": 56.506511,
            "dec": -20.5077617,
            "fid": 1,
            "nid": 1010,
            "magpsf": 19.029499053955078,
            "sigmapsf": 0.15766899287700653,
            "magnr": 21.288999557495117,
            "sigmagnr": 0.10400000214576721,
            "magzpsci": 25.855499267578125,
            "isdiffpos": "t",
            "ssdistnr": -999.0,
            "ssnamenr": "null",
            "drb": 0.9998819828033447
        },
        {
            "candid": 1010502386115015000,
            "jd": 2458765.0023843,
            "ra": 56.5065603,
            "dec": -20.5077433,
            "fid": 1,
            "nid": 1010,
            "magpsf": 18.946199417114258,
            "sigmapsf": 0.1255190074443817,
            "magnr": 21.209999084472656,
            "sigmagnr": 0.08900000154972076,
            "magzpsci": 25.842199325561523,
            "isdiffpos": "t",
            "ssdistnr": -999.0,
            "ssnamenr": "null",
            "drb": 0.9995570182800293
        },
        {
            "candid": 1013459294815015001,
            "jd": 2458767.959294,
            "ra": 56.5064583,
            "dec": -20.5077313,
            "fid": 1,
            "nid": 1013,
            "magpsf": 19.107900619506836,
            "sigmapsf": 0.19805000722408295,
            "magnr": 21.288999557495117,
            "sigmagnr": 0.10400000214576721,
            "magzpsci": 25.888900756835938,
            "isdiffpos": "t",
            "ssdistnr": -999.0,
            "ssnamenr": "-999.0",
            "drb": null
        },
        {
            "candid": 1013459741015015002,
            "jd": 2458767.9597454,
            "ra": 56.5067058,
            "dec": -20.5078382,
            "fid": 1,
            "nid": 1013,
            "magpsf": 19.237199783325195,
            "sigmapsf": 0.18997399508953094,
            "magnr": 21.437000274658203,
            "sigmagnr": 0.09300000220537186,
            "magzpsci": 26.099199295043945,
            "isdiffpos": "t",
            "ssdistnr": -999.0,
            "ssnamenr": "null",
            "drb": 0.9984089732170105
        },
        {
            "candid": 1013460196115015000,
            "jd": 2458767.9601968,
            "ra": 56.5065718,
            "dec": -20.5078749,
            "fid": 1,
            "nid": 1013,
            "magpsf": 19.21579933166504,
            "sigmapsf": 0.2730720043182373,
            "magnr": 21.209999084472656,
            "sigmagnr": 0.08900000154972076,
            "magzpsci": 25.858800888061523,
            "isdiffpos": "t",
            "ssdistnr": -999.0,
            "ssnamenr": "-999.0",
            "drb": null
        },
        {
            "candid": 1013505026115015000,
            "jd": 2458768.0050231,
            "ra": 56.5065941,
            "dec": -20.5077834,
            "fid": 2,
            "nid": 1013,
            "magpsf": 18.107500076293945,
            "sigmapsf": 0.07982400059700012,
            "magnr": 21.31599998474121,
            "sigmagnr": 0.12600000202655792,
            "magzpsci": 25.791500091552734,
            "isdiffpos": "t",
            "ssdistnr": -999.0,
            "ssnamenr": "null",
            "drb": 0.9999989867210388
        },
        {
            "candid": 1013505471015015028,
            "jd": 2458768.0054745,
            "ra": 56.5065805,
            "dec": -20.5077987,
            "fid": 2,
            "nid": 1013,
            "magpsf": 18.168699264526367,
            "sigmapsf": 0.07486400008201599,
            "magnr": 21.226999282836914,
            "sigmagnr": 0.10700000077486038,
            "magzpsci": 25.954700469970703,
            "isdiffpos": "t",
            "ssdistnr": -999.0,
            "ssnamenr": "null",
            "drb": 1.0
        },
        {
            "candid": 1013505924815015001,
            "jd": 2458768.0059259,
            "ra": 56.5065796,
            "dec": -20.5078047,
            "fid": 2,
            "nid": 1013,
            "magpsf": 18.059099197387695,
            "sigmapsf": 0.07552500069141388,
            "magnr": 21.15999984741211,
            "sigmagnr": 0.09600000083446503,
            "magzpsci": 25.811100006103516,
            "isdiffpos": "t",
            "ssdistnr": -999.0,
            "ssnamenr": "null",
            "drb": 1.0
        },
        {
            "candid": 1016396671015015006,
            "jd": 2458770.8966782,
            "ra": 56.5065574,
            "dec": -20.5077928,
            "fid": 2,
            "nid": 1016,
            "magpsf": 18.18779945373535,
            "sigmapsf": 0.13342100381851196,
            "magnr": 21.226999282836914,
            "sigmagnr": 0.10700000077486038,
            "magzpsci": 25.982799530029297,
            "isdiffpos": "t",
            "ssdistnr": -999.0,
            "ssnamenr": "null",
            "drb": 0.9999430179595947
        },
        {
            "candid": 1016417636115015000,
            "jd": 2458770.9176389,
            "ra": 56.50654,
            "dec": -20.5077753,
            "fid": 2,
            "nid": 1016,
            "magpsf": 18.282800674438477,
            "sigmapsf": 0.1496649980545044,
            "magnr": 21.31599998474121,
            "sigmagnr": 0.12600000202655792,
            "magzpsci": 25.81879997253418,
            "isdiffpos": "t",
            "ssdistnr": -999.0,
            "ssnamenr": "null",
            "drb": 0.9999799728393555
        },
        {
            "candid": 1021355024815015002,
            "jd": 2458775.8550231,
            "ra": 56.5065374,
            "dec": -20.5077786,
            "fid": 2,
            "nid": 1021,
            "magpsf": 18.48240089416504,
            "sigmapsf": 0.10539200156927109,
            "magnr": 21.15999984741211,
            "sigmagnr": 0.09600000083446503,
            "magzpsci": 25.86840057373047,
            "isdiffpos": "t",
            "ssdistnr": -999.0,
            "ssnamenr": "null",
            "drb": 0.9999989867210388
        },
        {
            "candid": 1021355471015015010,
            "jd": 2458775.8554745,
            "ra": 56.506562,
            "dec": -20.5077462,
            "fid": 2,
            "nid": 1021,
            "magpsf": 18.510499954223633,
            "sigmapsf": 0.1003979966044426,
            "magnr": 21.226999282836914,
            "sigmagnr": 0.10700000077486038,
            "magzpsci": 25.991500854492188,
            "isdiffpos": "t",
            "ssdistnr": -999.0,
            "ssnamenr": "null",
            "drb": 0.999879002571106
        },
        {
            "candid": 1021398041015015006,
            "jd": 2458775.898044,
            "ra": 56.506581,
            "dec": -20.5078696,
            "fid": 1,
            "nid": 1021,
            "magpsf": 19.46339988708496,
            "sigmapsf": 0.1591310054063797,
            "magnr": 21.437000274658203,
            "sigmagnr": 0.09300000220537186,
            "magzpsci": 26.09939956665039,
            "isdiffpos": "t",
            "ssdistnr": -999.0,
            "ssnamenr": "null",
            "drb": 0.999983012676239
        },
        {
            "candid": 1023417416115015000,
            "jd": 2458777.917419,
            "ra": 56.5064971,
            "dec": -20.5077442,
            "fid": 2,
            "nid": 1023,
            "magpsf": 18.629899978637695,
            "sigmapsf": 0.18199799954891205,
            "magnr": 21.31599998474121,
            "sigmagnr": 0.12600000202655792,
            "magzpsci": 25.820899963378906,
            "isdiffpos": "t",
            "ssdistnr": -999.0,
            "ssnamenr": "null",
            "drb": 0.994035005569458
        },
        {
            "candid": 1024376091015015023,
            "jd": 2458778.8760995,
            "ra": 56.5065566,
            "dec": -20.5078092,
            "fid": 2,
            "nid": 1024,
            "magpsf": 18.721399307250977,
            "sigmapsf": 0.13112099468708038,
            "magnr": 21.226999282836914,
            "sigmagnr": 0.10700000077486038,
            "magzpsci": 26.0093994140625,
            "isdiffpos": "t",
            "ssdistnr": -999.0,
            "ssnamenr": "null",
            "drb": 0.9993370175361633
        },
        {
            "candid": 1027373744815015001,
            "jd": 2458781.87375,
            "ra": 56.506491,
            "dec": -20.5078332,
            "fid": 2,
            "nid": 1027,
            "magpsf": 18.90130043029785,
            "sigmapsf": 0.26733601093292236,
            "magnr": 21.15999984741211,
            "sigmagnr": 0.09600000083446503,
            "magzpsci": 25.871299743652344,
            "isdiffpos": "t",
            "ssdistnr": -999.0,
            "ssnamenr": "-999.0",
            "drb": null
        },
        {
            "candid": 1030376046115015000,
            "jd": 2458784.8760417,
            "ra": 56.506665,
            "dec": -20.5077812,
            "fid": 2,
            "nid": 1030,
            "magpsf": 18.951400756835938,
            "sigmapsf": 0.24524100124835968,
            "magnr": 21.31599998474121,
            "sigmagnr": 0.12600000202655792,
            "magzpsci": 25.7903995513916,
            "isdiffpos": "t",
            "ssdistnr": -999.0,
            "ssnamenr": "-999.0",
            "drb": null
        },
        {
            "candid": 1030376491015015016,
            "jd": 2458784.8764931,
            "ra": 56.5065465,
            "dec": -20.5078454,
            "fid": 2,
            "nid": 1030,
            "magpsf": 18.890199661254883,
            "sigmapsf": 0.20623600482940674,
            "magnr": 21.226999282836914,
            "sigmagnr": 0.10700000077486038,
            "magzpsci": 25.96619987487793,
            "isdiffpos": "t",
            "ssdistnr": -999.0,
            "ssnamenr": "null",
            "drb": 0.9926210045814514
        },
        {
            "candid": 1030376944815015000,
            "jd": 2458784.8769444,
            "ra": 56.5065327,
            "dec": -20.5076734,
            "fid": 2,
            "nid": 1030,
            "magpsf": 18.906099319458008,
            "sigmapsf": 0.19411499798297882,
            "magnr": 21.15999984741211,
            "sigmagnr": 0.09600000083446503,
            "magzpsci": 25.79509925842285,
            "isdiffpos": "t",
            "ssdistnr": -999.0,
            "ssnamenr": "null",
            "drb": 0.9729419946670532
        },
        {
            "candid": 1033347374815015000,
            "jd": 2458787.8473727,
            "ra": 56.5063655,
            "dec": -20.5078124,
            "fid": 2,
            "nid": 1033,
            "magpsf": 18.93280029296875,
            "sigmapsf": 0.28061801195144653,
            "magnr": 21.15999984741211,
            "sigmagnr": 0.09600000083446503,
            "magzpsci": 25.845800399780273,
            "isdiffpos": "t",
            "ssdistnr": -999.0,
            "ssnamenr": "-999.0",
            "drb": null
        },
        {
            "candid": 1033366354815015003,
            "jd": 2458787.8663542,
            "ra": 56.5065572,
            "dec": -20.5075881,
            "fid": 1,
            "nid": 1033,
            "magpsf": 19.712299346923828,
            "sigmapsf": 0.28934401273727417,
            "magnr": 21.288999557495117,
            "sigmagnr": 0.10400000214576721,
            "magzpsci": 25.906299591064453,
            "isdiffpos": "t",
            "ssdistnr": -999.0,
            "ssnamenr": "-999.0",
            "drb": null
        },
        {
            "candid": 1036313324815015003,
            "jd": 2458790.8133218,
            "ra": 56.5064179,
            "dec": -20.5077344,
            "fid": 1,
            "nid": 1036,
            "magpsf": 19.906200408935547,
            "sigmapsf": 0.24379099905490875,
            "magnr": 21.288999557495117,
            "sigmagnr": 0.10400000214576721,
            "magzpsci": 25.88920021057129,
            "isdiffpos": "t",
            "ssdistnr": -999.0,
            "ssnamenr": "-999.0",
            "drb": null
        },
        {
            "candid": 1036334176115015000,
            "jd": 2458790.8341782,
            "ra": 56.5065249,
            "dec": -20.5077445,
            "fid": 1,
            "nid": 1036,
            "magpsf": 19.766199111938477,
            "sigmapsf": 0.17600099742412567,
            "magnr": 21.209999084472656,
            "sigmagnr": 0.08900000154972076,
            "magzpsci": 25.893199920654297,
            "isdiffpos": "t",
            "ssdistnr": -999.0,
            "ssnamenr": "null",
            "drb": 0.9999769926071167
        },
        {
            "candid": 1037314011015015009,
            "jd": 2458791.8140162,
            "ra": 56.5065634,
            "dec": -20.5077792,
            "fid": 1,
            "nid": 1037,
            "magpsf": 20.023399353027344,
            "sigmapsf": 0.20072700083255768,
            "magnr": 21.437000274658203,
            "sigmagnr": 0.09300000220537186,
            "magzpsci": 26.074399948120117,
            "isdiffpos": "t",
            "ssdistnr": -999.0,
            "ssnamenr": "null",
            "drb": 0.9998530149459839
        },
        {
            "candid": 1037355391015015012,
            "jd": 2458791.8553935,
            "ra": 56.5065481,
            "dec": -20.5077319,
            "fid": 2,
            "nid": 1037,
            "magpsf": 19.219600677490234,
            "sigmapsf": 0.11826899647712708,
            "magnr": 21.226999282836914,
            "sigmagnr": 0.10700000077486038,
            "magzpsci": 26.018600463867188,
            "isdiffpos": "t",
            "ssdistnr": -999.0,
            "ssnamenr": "null",
            "drb": 0.9999610185623169
        },
        {
            "candid": 1040315261015015006,
            "jd": 2458794.8152662,
            "ra": 56.5065366,
            "dec": -20.507779,
            "fid": 2,
            "nid": 1040,
            "magpsf": 19.118099212646484,
            "sigmapsf": 0.13032099604606628,
            "magnr": 21.226999282836914,
            "sigmagnr": 0.10700000077486038,
            "magzpsci": 26.0221004486084,
            "isdiffpos": "t",
            "ssdistnr": -999.0,
            "ssnamenr": "null",
            "drb": 0.9999909996986389
        },
        {
            "candid": 1050324836115015001,
            "jd": 2458804.824838,
            "ra": 56.5068353,
            "dec": -20.5075891,
            "fid": 2,
            "nid": 1050,
            "magpsf": 18.98310089111328,
            "sigmapsf": 0.2386550009250641,
            "magnr": 21.31599998474121,
            "sigmagnr": 0.12600000202655792,
            "magzpsci": 25.81209945678711,
            "isdiffpos": "t",
            "ssdistnr": -999.0,
            "ssnamenr": "-999.0",
            "drb": null
        },
        {
            "candid": 1052315521015015107,
            "jd": 2458806.8155208,
            "ra": 56.5065586,
            "dec": -20.5076972,
            "fid": 2,
            "nid": 1052,
            "magpsf": 19.572200775146484,
            "sigmapsf": 0.20783500373363495,
            "magnr": 21.226999282836914,
            "sigmagnr": 0.10700000077486038,
            "magzpsci": 25.80419921875,
            "isdiffpos": "t",
            "ssdistnr": -999.0,
            "ssnamenr": "-999.0",
            "drb": null
        },
        {
            "candid": 1052355411015015007,
            "jd": 2458806.8554167,
            "ra": 56.5065475,
            "dec": -20.5077791,
            "fid": 1,
            "nid": 1052,
            "magpsf": 20.029499053955078,
            "sigmapsf": 0.2302899956703186,
            "magnr": 21.437000274658203,
            "sigmagnr": 0.09300000220537186,
            "magzpsci": 26.0575008392334,
            "isdiffpos": "t",
            "ssdistnr": -999.0,
            "ssnamenr": "-999.0",
            "drb": null
        },
        {
            "candid": 1058271956115015000,
            "jd": 2458812.771956,
            "ra": 56.5067097,
            "dec": -20.5077467,
            "fid": 2,
            "nid": 1058,
            "magpsf": 19.756799697875977,
            "sigmapsf": 0.21824300289154053,
            "magnr": 21.31599998474121,
            "sigmagnr": 0.12600000202655792,
            "magzpsci": 25.809799194335938,
            "isdiffpos": "t",
            "ssdistnr": -999.0,
            "ssnamenr": "-999.0",
            "drb": null
        },
        {
            "candid": 1058314296115015000,
            "jd": 2458812.814294,
            "ra": 56.5065843,
            "dec": -20.5077216,
            "fid": 1,
            "nid": 1058,
            "magpsf": 20.069299697875977,
            "sigmapsf": 0.2901880145072937,
            "magnr": 21.209999084472656,
            "sigmagnr": 0.08900000154972076,
            "magzpsci": 25.85930061340332,
            "isdiffpos": "t",
            "ssdistnr": -999.0,
            "ssnamenr": "-999.0",
            "drb": null
        },
        {
            "candid": 1058319281015015006,
            "jd": 2458812.8192824,
            "ra": 56.5066351,
            "dec": -20.507825,
            "fid": 1,
            "nid": 1058,
            "magpsf": 20.11370086669922,
            "sigmapsf": 0.2102150022983551,
            "magnr": 21.437000274658203,
            "sigmagnr": 0.09300000220537186,
            "magzpsci": 26.08169937133789,
            "isdiffpos": "t",
            "ssdistnr": -999.0,
            "ssnamenr": "null",
            "drb": 0.9996860027313232
        },
        {
            "jd": 2458708.97613,
            "fid": 1,
            "diffmaglim": 20.167999267578125
        },
        {
            "jd": 2458713.9835,
            "fid": 1,
            "diffmaglim": 18.934999465942383
        },
        {
            "jd": 2458714.00627,
            "fid": 2,
            "diffmaglim": 19.35700035095215
        },
        {
            "jd": 2458716.98039,
            "fid": 2,
            "diffmaglim": 19.44099998474121
        },
        {
            "jd": 2458717.00174,
            "fid": 1,
            "diffmaglim": 19.420000076293945
        },
        {
            "jd": 2458719.97818,
            "fid": 2,
            "diffmaglim": 19.60700035095215
        },
        {
            "jd": 2458738.02266,
            "fid": 2,
            "diffmaglim": 19.357999801635742
        },
        {
            "jd": 2458771.00611,
            "fid": 1,
            "diffmaglim": 18.466999053955078
        },
        {
            "jd": 2458787.84692,
            "fid": 2,
            "diffmaglim": 18.83300018310547
        },
        {
            "jd": 2458787.86681,
            "fid": 1,
            "diffmaglim": 19.402999877929688
        },
        {
            "jd": 2458787.86772,
            "fid": 1,
            "diffmaglim": 19.47800064086914
        },
        {
            "jd": 2458794.7715,
            "fid": 1,
            "diffmaglim": 19.347000122070312
        },
        {
            "jd": 2458803.72671,
            "fid": 1,
            "diffmaglim": 17.284000396728516
        },
        {
            "jd": 2458803.79222,
            "fid": 2,
            "diffmaglim": 18.92799949645996
        },
        {
            "jd": 2458804.87757,
            "fid": 1,
            "diffmaglim": 19.0939998626709
        },
        {
            "jd": 2458812.75402,
            "fid": 2,
            "diffmaglim": 20.065000534057617
        }
    ],
    "forcedphot": []
}