{
    "objectId": "ZTF19acblhgq",
    "candidates": [
        {
            "candid": 1002391355615015001,
            "jd": 2458756.8913542,
            "ra": 30.391576,
            "dec": -20.6193717,
            "fid": 2,
            "nid": 1002,
            "magpsf": 19.509599685668945,
            "sigmapsf": 0.21159599721431732,
            "magnr": 19.665000915527344,
            "sigmagnr": 0.07999999821186066,
            "magzpsci": 26.009599685668945,
            "isdiffpos": "t",
            "ssdistnr": -999.0,
            "ssnamenr": "null",
            "drb": 0.9980229735374451
        },
        {
            "candid": 1002391800615015003,
            "jd": 2458756.8918056,
            "ra": 30.3917812,
            "dec": -20.6193219,
            "fid": 2,
            "nid": 1002,
            "magpsf": 19.434499740600586,
            "sigmapsf": 0.15492500364780426,
            "magnr": 19.69099998474121,
            "sigmagnr": 0.08799999952316284,
            "magzpsci": 26.046499252319336,
            "isdiffpos": "t",
            "ssdistnr": -999.0,
            "ssnamenr": "null",
            "drb": 0.9998199939727783
        },
        {
            "candid": 1002399285615015001,
            "jd": 2458756.8992824,
            "ra": 30.3917617,
            "dec": -20.6192651,
            "fid": 1,
            "nid": 1002,
            "magpsf": 19.378999710083008,
            "sigmapsf": 0.13214099407196045,
            "magnr": 20.018999099731445,
            "sigmagnr": 0.09000000357627869,
            "magzpsci": 26.097000122070312,
            "isdiffpos": "t",
            "ssdistnr": -999.0,
            "ssnamenr": "null",
            "drb": 0.9999979734420776
        },
        {
            "candid": 1002399730615015006,
            "jd": 2458756.8997338,
            "ra": 30.3918069,
            "dec": -20.6193466,
            "fid": 1,
            "nid": 1002,
            "magpsf": 19.51849937438965,
            "sigmapsf": 0.14857299625873566,
            "magnr": 20.048999786376953,
            "sigmagnr": 0.08799999952316284,
            "magzpsci": 26.095500946044922,
            "isdiffpos": "t",
            "ssdistnr": -999.0,
            "ssnamenr": "null",
            "drb": 0.9999769926071167
        },
        {
            "candid": 1006330270615015013,
            "jd": 2458760.8302778,
            "ra": 30.3918121,
            "dec": -20.6193065,
            "fid": 2,
            "nid": 1006,
            "magpsf": 19.373300552368164,
            "sigmapsf": 0.15742699801921844,
            "magnr": 19.69099998474121,
            "sigmagnr": 0.08799999952316284,
            "magzpsci": 26.051300048828125,
            "isdiffpos": "t",
            "ssdistnr": -999.0,
            "ssnamenr": "null",
            "drb": 0.9996280074119568
        },
        {
            "candid": 1006354695615015000,
            "jd": 2458760.8546991,
            "ra": 30.3918003,
            "dec": -20.6192927,
            "fid": 1,
            "nid": 1006,
            "magpsf": 19.228500366210938,
            "sigmapsf": 0.1377509981393814,
            "magnr": 20.018999099731445,
            "sigmagnr": 0.09000000357627869,
            "magzpsci": 26.08650016784668,
            "isdiffpos": "t",
            "ssdistnr": -999.0,
            "ssnamenr": "null",
            "drb": 0.9994810223579407
        },
        {
            "candid": 1006355150615015005,
            "jd": 2458760.8551505,
            "ra": 30.3918067,
            "dec": -20.6193425,
            "fid": 1,
            "nid": 1006,
            "magpsf": 19.171199798583984,
            "sigmapsf": 0.1409360021352768,
            "magnr": 20.048999786376953,
            "sigmagnr": 0.08799999952316284,
            "magzpsci": 26.09320068359375,
            "isdiffpos": "t",
            "ssdistnr": -999.0,
            "ssnamenr": "null",
            "drb": 0.9998419880867004
        },
        {
            "candid": 1009334310615015011,
            "jd": 2458763.8343171,
            "ra": 30.391735,
            "dec": -20.6192989,
            "fid": 2,
            "nid": 1009,
            "magpsf": 19.319000244140625,
            "sigmapsf": 0.10845199972391129,
            "magnr": 19.69099998474121,
            "sigmagnr": 0.08799999952316284,
            "magzpsci": 26.048999786376953,
            "isdiffpos": "t",
            "ssdistnr": -999.0,
            "ssnamenr": "null",
            "drb": 1.0
        },
        {
            "candid": 1009396490615015006,
            "jd": 2458763.8964931,
            "ra": 30.3917879,
            "dec": -20.6193144,
            "fid": 1,
            "nid": 1009,
            "magpsf": 19.146299362182617,
            "sigmapsf": 0.11426600068807602,
            "magnr": 20.048999786376953,
            "sigmagnr": 0.08799999952316284,
            "magzpsci": 26.090299606323242,
            "isdiffpos": "t",
            "ssdistnr": -999.0,
            "ssnamenr": "null",
            "drb": 0.9999989867210388
        },
        {
            "candid": 1010377225615015000,
            "jd": 2458764.8772222,
            "ra": 30.3917151,
            "dec": -20.6192993,
            "fid": 1,
            "nid": 1010,
            "magpsf": 19.091100692749023,
            "sigmapsf": 0.11968299746513367,
            "magnr": 20.018999099731445,
            "sigmagnr": 0.09000000357627869,
            "magzpsci": 26.08209991455078,
            "isdiffpos": "t",
            "ssdistnr": -999.0,
            "ssnamenr": "null",
            "drb": 0.9901739954948425
        },
        {
            "candid": 1010416385615015004,
            "jd": 2458764.9163889,
            "ra": 30.3917415,
            "dec": -20.6192906,
            "fid": 2,
            "nid": 1010,
            "magpsf": 19.47559928894043,
            "sigmapsf": 0.13416899740695953,
            "magnr": 19.665000915527344,
            "sigmagnr": 0.07999999821186066,
            "magzpsci": 25.9906005859375,
            "isdiffpos": "t",
            "ssdistnr": -999.0,
            "ssnamenr": "null",
            "drb": 0.9999359846115112
        },
        {
            "candid": 1015355460615015003,
            "jd": 2458769.855463,
            "ra": 30.3919891,
            "dec": -20.6192702,
            "fid": 2,
            "nid": 1015,
            "magpsf": 19.195600509643555,
            "sigmapsf": 0.2798140048980713,
            "magnr": 19.69099998474121,
            "sigmagnr": 0.08799999952316284,
            "magzpsci": 26.03860092163086,
            "isdiffpos": "t",
            "ssdistnr": -999.0,
            "ssnamenr": "-999.0",
            "drb": null
        },
        {
            "candid": 1024293635615015000,
            "jd": 2458778.7936343,
            "ra": 30.3916475,
            "dec": -20.6194705,
            "fid": 1,
            "nid": 1024,
            "magpsf": 19.87420082092285,
            "sigmapsf": 0.23599199950695038,
            "magnr": 20.018999099731445,
            "sigmagnr": 0.09000000357627869,
            "magzpsci": 26.075199127197266,
            "isdiffpos": "t",
            "ssdistnr": -999.0,
            "ssnamenr": "-999.0",
            "drb": null
        },
        {
            "candid": 1025314160615015000,
            "jd": 2458779.8141667,
            "ra": 30.3917268,
            "dec": -20.619299,
            "fid": 2,
            "nid": 1025,
            "magpsf": 19.73150062561035,
            "sigmapsf": 0.2064570039510727,
            "magnr": 19.69099998474121,
            "sigmagnr": 0.08799999952316284,
            "magzpsci": 26.058500289916992,
            "isdiffpos": "t",
            "ssdistnr": -999.0,
            "ssnamenr": "null",
            "drb": 0.9999960064888
        },
        {
            "jd": 2458732.89745,
            "fid": 1,
            "diffmaglim": 20.34000015258789
        },
        {
            "jd": 2458732.91773,
            "fid": 1,
            "diffmaglim": 20.28499984741211
        },
        {
            "jd": 2458732.96037,
            "fid": 2,
            "diffmaglim": 19.45400047302246
        },
        {
            "jd": 2458735.91803,
            "fid": 1,
            "diffmaglim": 20.285999298095703
        },
        {
            "jd": 2458735.91939,
            "fid": 1,
            "diffmaglim": 20.44499969482422
        },
        {
            "jd": 2458736.02175,
            "fid": 2,
            "diffmaglim": 19.357999801635742
        },
        {
            "jd": 2458738.9184,
            "fid": 1,
            "diffmaglim": 19.13599967956543
        },
        {
            "jd": 2458738.91885,
            "fid": 1,
            "diffmaglim": 19.190000534057617
        },
        {
            "jd": 2458741.91779,
            "fid": 2,
            "diffmaglim": 18.875999450683594
        },
        {
            "jd": 2458741.91824,
            "fid": 2,
            "diffmaglim": 18.954999923706055
        },
        {
            "jd": 2458741.98082,
            "fid": 1,
            "diffmaglim": 18.530000686645508
        },
        {
            "jd": 2458741.99797,
            "fid": 1,
            "diffmaglim": 18.541000366210938
        },
        {
            "jd": 2458744.87674,
            "fid": 2,
            "diffmaglim": 19.047000885009766
        },
        {
            "jd": 2458744.87719,
            "fid": 2,
            "diffmaglim": 19.235000610351562
        },
        {
            "jd": 2458744.98442,
            "fid": 1,
            "diffmaglim": 18.927000045776367
        },
        {
            "jd": 2458747.81413,
            "fid": 1,
            "diffmaglim": 19.60300064086914
        },
        {
            "jd": 2458747.89787,
            "fid": 2,
            "diffmaglim": 19.733999252319336
        },
        {
            "jd": 2458747.91785,
            "fid": 2,
            "diffmaglim": 19.81599998474121
        },
        {
            "jd": 2458747.98073,
            "fid": 1,
            "diffmaglim": 19.666000366210938
        },
        {
            "jd": 2458750.82714,
            "fid": 2,
            "diffmaglim": 19.648000717163086
        },
        {
            "jd": 2458750.85603,
            "fid": 1,
            "diffmaglim": 19.57699966430664
        },
        {
            "jd": 2458750.85648,
            "fid": 1,
            "diffmaglim": 19.635000228881836
        }
    ],
    "forcedphot": []
}