{
    "objectId": "ZTF19aaurhox",
    "candidates": [
        {
            "candid": 862370025115015013,
            "jd": 2458616.8700231,
            "ra": 248.0165309,
            "dec": 42.5117116,
            "fid": 2,
            "nid": 862,
            "magpsf": 20.03070068359375,
            "sigmapsf": 0.2046460062265396,
            "magnr": 21.17300033569336,
            "sigmagnr": 0.09600000083446503,
            "magzpsci": 26.042699813842773,
            "isdiffpos": "t",
            "ssdistnr": -999.0,
            "ssnamenr": "null",
            "drb": null
        },
        {
            "candid": 862387616215015007,
            "jd": 2458616.8876157,
            "ra": 248.0166175,
            "dec": 42.5117363,
            "fid": 2,
            "nid": 862,
            "magpsf": 20.115699768066406,
            "sigmapsf": 0.17640799283981323,
            "magnr": 21.084999084472656,
            "sigmagnr": 0.12200000137090683,
            "magzpsci": 26.023700714111328,
            "isdiffpos": "t",
            "ssdistnr": -999.0,
            "ssnamenr": "null",
            "drb": null
        },
        {
            "candid": 862449646215015012,
            "jd": 2458616.9496412,
            "ra": 248.0165912,
            "dec": 42.511688,
            "fid": 1,
            "nid": 862,
            "magpsf": 19.91629981994629,
            "sigmapsf": 0.14517900347709656,
            "magnr": 21.493000030517578,
            "sigmagnr": 0.12600000202655792,
            "magzpsci": 26.08329963684082,
            "isdiffpos": "t",
            "ssdistnr": -999.0,
            "ssnamenr": "null",
            "drb": null
        },
        {
            "candid": 862450105115015028,
            "jd": 2458616.9501042,
            "ra": 248.016622,
            "dec": 42.5117254,
            "fid": 1,
            "nid": 862,
            "magpsf": 19.87310028076172,
            "sigmapsf": 0.15127800405025482,
            "magnr": 21.523000717163086,
            "sigmagnr": 0.17399999499320984,
            "magzpsci": 26.111099243164062,
            "isdiffpos": "t",
            "ssdistnr": -999.0,
            "ssnamenr": "null",
            "drb": null
        },
        {
            "candid": 863284242215015013,
            "jd": 2458617.7842477,
            "ra": 248.0165939,
            "dec": 42.5116961,
            "fid": 2,
            "nid": 863,
            "magpsf": 19.647600173950195,
            "sigmapsf": 0.16120700538158417,
            "magnr": 20.940000534057617,
            "sigmagnr": 0.11900000274181366,
            "magzpsci": 26.2406005859375,
            "isdiffpos": "t",
            "ssdistnr": -999.0,
            "ssnamenr": "null",
            "drb": null
        },
        {
            "candid": 864228342215015006,
            "jd": 2458618.7283449,
            "ra": 248.0165652,
            "dec": 42.5117054,
            "fid": 2,
            "nid": 864,
            "magpsf": 19.392799377441406,
            "sigmapsf": 0.1611279994249344,
            "magnr": 20.940000534057617,
            "sigmagnr": 0.11900000274181366,
            "magzpsci": 26.21780014038086,
            "isdiffpos": "t",
            "ssdistnr": -999.0,
            "ssnamenr": "null",
            "drb": null
        },
        {
            "candid": 865267085115015013,
            "jd": 2458619.7670833,
            "ra": 248.0165804,
            "dec": 42.5117199,
            "fid": 1,
            "nid": 865,
            "magpsf": 18.8789005279541,
            "sigmapsf": 0.15177400410175323,
            "magnr": 21.523000717163086,
            "sigmagnr": 0.17399999499320984,
            "magzpsci": 26.028900146484375,
            "isdiffpos": "t",
            "ssdistnr": -999.0,
            "ssnamenr": "null",
            "drb": null
        },
        {
            "candid": 865346005115015008,
            "jd": 2458619.8460069,
            "ra": 248.0165566,
            "dec": 42.511704,
            "fid": 2,
            "nid": 865,
            "magpsf": 19.03660011291504,
            "sigmapsf": 0.18223699927330017,
            "magnr": 21.17300033569336,
            "sigmagnr": 0.09600000083446503,
            "magzpsci": 25.970600128173828,
            "isdiffpos": "t",
            "ssdistnr": -999.0,
            "ssnamenr": "null",
            "drb": null
        },
        {
            "candid": 873368816215015010,
            "jd": 2458627.8688194,
            "ra": 248.0165796,
            "dec": 42.511706,
            "fid": 2,
            "nid": 873,
            "magpsf": 18.355600357055664,
            "sigmapsf": 0.09077200293540955,
            "magnr": 21.084999084472656,
            "sigmagnr": 0.12200000137090683,
            "magzpsci": 26.028600692749023,
            "isdiffpos": "t",
            "ssdistnr": -999.0,
            "ssnamenr": "null",
            "drb": null
        },
        {
            "candid": 878297815115015009,
            "jd": 2458632.7978125,
            "ra": 248.0165363,
            "dec": 42.5117088,
            "fid": 2,
            "nid": 878,
            "magpsf": 18.150800704956055,
            "sigmapsf": 0.06927099823951721,
            "magnr": 21.17300033569336,
            "sigmagnr": 0.09600000083446503,
            "magzpsci": 26.061800003051758,
            "isdiffpos": "t",
            "ssdistnr": -999.0,
            "ssnamenr": "null",
            "drb": null
        },
        {
            "candid": 878324516215015011,
            "jd": 2458632.8245139,
            "ra": 248.0165779,
            "dec": 42.5117206,
            "fid": 2,
            "nid": 878,
            "magpsf": 18.292499542236328,
            "sigmapsf": 0.0835070013999939,
            "magnr": 21.084999084472656,
            "sigmagnr": 0.12200000137090683,
            "magzpsci": 26.024499893188477,
            "isdiffpos": "t",
            "ssdistnr": -999.0,
            "ssnamenr": "null",
            "drb": null
        },
        {
            "candid": 878350545115015026,
            "jd": 2458632.850544,
            "ra": 248.0165387,
            "dec": 42.5117097,
            "fid": 1,
            "nid": 878,
            "magpsf": 18.093599319458008,
            "sigmapsf": 0.045864999294281006,
            "magnr": 21.523000717163086,
            "sigmagnr": 0.17399999499320984,
            "magzpsci": 26.141599655151367,
            "isdiffpos": "t",
            "ssdistnr": -999.0,
            "ssnamenr": "null",
            "drb": null
        },
        {
            "candid": 878353806215015011,
            "jd": 2458632.8538079,
            "ra": 248.0165852,
            "dec": 42.5116927,
            "fid": 1,
            "nid": 878,
            "magpsf": 18.121999740600586,
            "sigmapsf": 0.07391999661922455,
            "magnr": 21.493000030517578,
            "sigmagnr": 0.12600000202655792,
            "magzpsci": 26.107999801635742,
            "isdiffpos": "t",
            "ssdistnr": -999.0,
            "ssnamenr": "null",
            "drb": null
        },
        {
            "candid": 881220175115015027,
            "jd": 2458635.7201736,
            "ra": 248.0165275,
            "dec": 42.5117032,
            "fid": 1,
            "nid": 881,
            "magpsf": 18.179000854492188,
            "sigmapsf": 0.06157900020480156,
            "magnr": 21.523000717163086,
            "sigmagnr": 0.17399999499320984,
            "magzpsci": 26.114999771118164,
            "isdiffpos": "t",
            "ssdistnr": -999.0,
            "ssnamenr": "null",
            "drb": null
        },
        {
            "candid": 881280085115015021,
            "jd": 2458635.780081,
            "ra": 248.0165356,
            "dec": 42.511713,
            "fid": 2,
            "nid": 881,
            "magpsf": 18.24679946899414,
            "sigmapsf": 0.06337200105190277,
            "magnr": 21.17300033569336,
            "sigmagnr": 0.09600000083446503,
            "magzpsci": 26.069799423217773,
            "isdiffpos": "t",
            "ssdistnr": -999.0,
            "ssnamenr": "null",
            "drb": null
        },
        {
            "candid": 881280546215015015,
            "jd": 2458635.780544,
            "ra": 248.0165464,
            "dec": 42.5116889,
            "fid": 2,
            "nid": 881,
            "magpsf": 18.34980010986328,
            "sigmapsf": 0.07948700338602066,
            "magnr": 21.084999084472656,
            "sigmagnr": 0.12200000137090683,
            "magzpsci": 26.030799865722656,
            "isdiffpos": "t",
            "ssdistnr": -999.0,
            "ssnamenr": "null",
            "drb": null
        },
        {
            "candid": 881423276215015016,
            "jd": 2458635.9232755,
            "ra": 248.0165995,
            "dec": 42.5116932,
            "fid": 1,
            "nid": 881,
            "magpsf": 18.20989990234375,
            "sigmapsf": 0.06004500016570091,
            "magnr": 21.493000030517578,
            "sigmagnr": 0.12600000202655792,
            "magzpsci": 26.077899932861328,
            "isdiffpos": "t",
            "ssdistnr": -999.0,
            "ssnamenr": "null",
            "drb": null
        },
        {
            "candid": 884279845115015016,
            "jd": 2458638.7798495,
            "ra": 248.0165387,
            "dec": 42.5117115,
            "fid": 2,
            "nid": 884,
            "magpsf": 18.32979965209961,
            "sigmapsf": 0.07361099869012833,
            "magnr": 21.17300033569336,
            "sigmagnr": 0.09600000083446503,
            "magzpsci": 26.051799774169922,
            "isdiffpos": "t",
            "ssdistnr": -999.0,
            "ssnamenr": "null",
            "drb": null
        },
        {
            "candid": 884282696215015006,
            "jd": 2458638.7826968,
            "ra": 248.01659,
            "dec": 42.5117038,
            "fid": 2,
            "nid": 884,
            "magpsf": 18.514999389648438,
            "sigmapsf": 0.09347400069236755,
            "magnr": 21.084999084472656,
            "sigmagnr": 0.12200000137090683,
            "magzpsci": 26.05699920654297,
            "isdiffpos": "t",
            "ssdistnr": -999.0,
            "ssnamenr": "null",
            "drb": null
        },
        {
            "candid": 884340496215015011,
            "jd": 2458638.8404977,
            "ra": 248.0165815,
            "dec": 42.5117012,
            "fid": 1,
            "nid": 884,
            "magpsf": 18.322200775146484,
            "sigmapsf": 0.07623700052499771,
            "magnr": 21.493000030517578,
            "sigmagnr": 0.12600000202655792,
            "magzpsci": 26.100200653076172,
            "isdiffpos": "t",
            "ssdistnr": -999.0,
            "ssnamenr": "null",
            "drb": null
        },
        {
            "candid": 884341895115015029,
            "jd": 2458638.8418981,
            "ra": 248.0165417,
            "dec": 42.5117004,
            "fid": 1,
            "nid": 884,
            "magpsf": 18.356800079345703,
            "sigmapsf": 0.06400000303983688,
            "magnr": 21.523000717163086,
            "sigmagnr": 0.17399999499320984,
            "magzpsci": 26.142799377441406,
            "isdiffpos": "t",
            "ssdistnr": -999.0,
            "ssnamenr": "null",
            "drb": null
        },
        {
            "candid": 887228345115015025,
            "jd": 2458641.7283449,
            "ra": 248.0165165,
            "dec": 42.5116958,
            "fid": 1,
            "nid": 887,
            "magpsf": 18.500900268554688,
            "sigmapsf": 0.05969800055027008,
            "magnr": 21.523000717163086,
            "sigmagnr": 0.17399999499320984,
            "magzpsci": 26.067899703979492,
            "isdiffpos": "t",
            "ssdistnr": -999.0,
            "ssnamenr": "null",
            "drb": null
        },
        {
            "candid": 887244186215015028,
            "jd": 2458641.7441898,
            "ra": 248.0165603,
            "dec": 42.5117124,
            "fid": 1,
            "nid": 887,
            "magpsf": 18.517099380493164,
            "sigmapsf": 0.051895998418331146,
            "magnr": 21.493000030517578,
            "sigmagnr": 0.12600000202655792,
            "magzpsci": 25.966100692749023,
            "isdiffpos": "t",
            "ssdistnr": -999.0,
            "ssnamenr": "null",
            "drb": null
        },
        {
            "candid": 887305415115015024,
            "jd": 2458641.8054167,
            "ra": 248.0165547,
            "dec": 42.5117032,
            "fid": 2,
            "nid": 887,
            "magpsf": 18.478700637817383,
            "sigmapsf": 0.07406900078058243,
            "magnr": 21.17300033569336,
            "sigmagnr": 0.09600000083446503,
            "magzpsci": 26.08169937133789,
            "isdiffpos": "t",
            "ssdistnr": -999.0,
            "ssnamenr": "null",
            "drb": null
        },
        {
            "candid": 887321856215015007,
            "jd": 2458641.8218519,
            "ra": 248.0165894,
            "dec": 42.5117108,
            "fid": 2,
            "nid": 887,
            "magpsf": 18.688400268554688,
            "sigmapsf": 0.09486400336027145,
            "magnr": 21.084999084472656,
            "sigmagnr": 0.12200000137090683,
            "magzpsci": 26.167400360107422,
            "isdiffpos": "t",
            "ssdistnr": -999.0,
            "ssnamenr": "null",
            "drb": null
        },
        {
            "candid": 890220946215015008,
            "jd": 2458644.7209491,
            "ra": 248.016563,
            "dec": 42.5117119,
            "fid": 1,
            "nid": 890,
            "magpsf": 18.76289939880371,
            "sigmapsf": 0.09284300357103348,
            "magnr": 21.493000030517578,
            "sigmagnr": 0.12600000202655792,
            "magzpsci": 26.123899459838867,
            "isdiffpos": "t",
            "ssdistnr": -999.0,
            "ssnamenr": "-999.0",
            "drb": null
        },
        {
            "candid": 890221415115015016,
            "jd": 2458644.721412,
            "ra": 248.0165599,
            "dec": 42.5117233,
            "fid": 1,
            "nid": 890,
            "magpsf": 18.749099731445312,
            "sigmapsf": 0.09539899975061417,
            "magnr": 21.523000717163086,
            "sigmagnr": 0.17399999499320984,
            "magzpsci": 26.157100677490234,
            "isdiffpos": "t",
            "ssdistnr": -999.0,
            "ssnamenr": "null",
            "drb": null
        },
        {
            "candid": 890285615115015016,
            "jd": 2458644.7856134,
            "ra": 248.0165293,
            "dec": 42.5117127,
            "fid": 2,
            "nid": 890,
            "magpsf": 18.66160011291504,
            "sigmapsf": 0.09007400274276733,
            "magnr": 21.17300033569336,
            "sigmagnr": 0.09600000083446503,
            "magzpsci": 26.086599349975586,
            "isdiffpos": "t",
            "ssdistnr": -999.0,
            "ssnamenr": "null",
            "drb": null
        },
        {
            "candid": 890307246215015005,
            "jd": 2458644.8072454,
            "ra": 248.016562,
            "dec": 42.5116803,
            "fid": 2,
            "nid": 890,
            "magpsf": 18.763399124145508,
            "sigmapsf": 0.09776099771261215,
            "magnr": 21.084999084472656,
            "sigmagnr": 0.12200000137090683,
            "magzpsci": 26.061399459838867,
            "isdiffpos": "t",
            "ssdistnr": -999.0,
            "ssnamenr": "null",
            "drb": null
        },
        {
            "candid": 893223805115015009,
            "jd": 2458647.7238079,
            "ra": 248.0165326,
            "dec": 42.5117143,
            "fid": 1,
            "nid": 893,
            "magpsf": 19.06439971923828,
            "sigmapsf": 0.13032899796962738,
            "magnr": 21.523000717163086,
            "sigmagnr": 0.17399999499320984,
            "magzpsci": 26.161399841308594,
            "isdiffpos": "t",
            "ssdistnr": -999.0,
            "ssnamenr": "null",
            "drb": null
        },
        {
            "candid": 893261265115015009,
            "jd": 2458647.7612616,
            "ra": 248.0165476,
            "dec": 42.5117358,
            "fid": 2,
            "nid": 893,
            "magpsf": 18.84760093688965,
            "sigmapsf": 0.11456099897623062,
            "magnr": 21.17300033569336,
            "sigmagnr": 0.09600000083446503,
            "magzpsci": 26.093599319458008,
            "isdiffpos": "t",
            "ssdistnr": -999.0,
            "ssnamenr": "null",
            "drb": null
        },
        {
            "candid": 893284836215015006,
            "jd": 2458647.784838,
            "ra": 248.0165531,
            "dec": 42.5116442,
            "fid": 2,
            "nid": 893,
            "magpsf": 18.87179946899414,
            "sigmapsf": 0.09991200268268585,
            "magnr": 21.084999084472656,
            "sigmagnr": 0.12200000137090683,
            "magzpsci": 26.054800033569336,
            "isdiffpos": "t",
            "ssdistnr": -999.0,
            "ssnamenr": "null",
            "drb": null
        },
        {
            "candid": 893347776215015005,
            "jd": 2458647.8477778,
            "ra": 248.0165682,
            "dec": 42.5116998,
            "fid": 1,
            "nid": 893,
            "magpsf": 19.05699920654297,
            "sigmapsf": 0.14325299859046936,
            "magnr": 21.493000030517578,
            "sigmagnr": 0.12600000202655792,
            "magzpsci": 26.145000457763672,
            "isdiffpos": "t",
            "ssdistnr": -999.0,
            "ssnamenr": "null",
            "drb": null
        },
        {
            "candid": 896218115115015017,
            "jd": 2458650.7181134,
            "ra": 248.0164934,
            "dec": 42.5117021,
            "fid": 1,
            "nid": 896,
            "magpsf": 19.146900177001953,
            "sigmapsf": 0.1581529974937439,
            "magnr": 21.523000717163086,
            "sigmagnr": 0.17399999499320984,
            "magzpsci": 26.131900787353516,
            "isdiffpos": "t",
            "ssdistnr": -999.0,
            "ssnamenr": "null",
            "drb": null
        },
        {
            "candid": 896218576215015007,
            "jd": 2458650.7185764,
            "ra": 248.0164386,
            "dec": 42.5117028,
            "fid": 1,
            "nid": 896,
            "magpsf": 19.355199813842773,
            "sigmapsf": 0.19265399873256683,
            "magnr": 21.493000030517578,
            "sigmagnr": 0.12600000202655792,
            "magzpsci": 26.12220001220703,
            "isdiffpos": "t",
            "ssdistnr": -999.0,
            "ssnamenr": "-999.0",
            "drb": null
        },
        {
            "candid": 896271125115015015,
            "jd": 2458650.7711227,
            "ra": 248.0165434,
            "dec": 42.5116885,
            "fid": 2,
            "nid": 896,
            "magpsf": 19.019699096679688,
            "sigmapsf": 0.1241459995508194,
            "magnr": 21.17300033569336,
            "sigmagnr": 0.09600000083446503,
            "magzpsci": 26.088699340820312,
            "isdiffpos": "t",
            "ssdistnr": -999.0,
            "ssnamenr": "null",
            "drb": null
        },
        {
            "candid": 896284536215015005,
            "jd": 2458650.784537,
            "ra": 248.0165511,
            "dec": 42.5116891,
            "fid": 2,
            "nid": 896,
            "magpsf": 18.917299270629883,
            "sigmapsf": 0.1298390030860901,
            "magnr": 21.084999084472656,
            "sigmagnr": 0.12200000137090683,
            "magzpsci": 26.07229995727539,
            "isdiffpos": "t",
            "ssdistnr": -999.0,
            "ssnamenr": "null",
            "drb": null
        },
        {
            "candid": 899202116215015004,
            "jd": 2458653.7021181,
            "ra": 248.0165332,
            "dec": 42.5117103,
            "fid": 2,
            "nid": 899,
            "magpsf": 18.98110008239746,
            "sigmapsf": 0.1030919998884201,
            "magnr": 21.084999084472656,
            "sigmagnr": 0.12200000137090683,
            "magzpsci": 26.000099182128906,
            "isdiffpos": "t",
            "ssdistnr": -999.0,
            "ssnamenr": "null",
            "drb": null
        },
        {
            "candid": 899203515115015015,
            "jd": 2458653.7035185,
            "ra": 248.0165628,
            "dec": 42.5117222,
            "fid": 2,
            "nid": 899,
            "magpsf": 18.918500900268555,
            "sigmapsf": 0.09505999833345413,
            "magnr": 21.17300033569336,
            "sigmagnr": 0.09600000083446503,
            "magzpsci": 26.032499313354492,
            "isdiffpos": "t",
            "ssdistnr": -999.0,
            "ssnamenr": "null",
            "drb": null
        },
        {
            "candid": 899302935115015014,
            "jd": 2458653.8029398,
            "ra": 248.0165823,
            "dec": 42.511697,
            "fid": 1,
            "nid": 899,
            "magpsf": 19.32939910888672,
            "sigmapsf": 0.15919500589370728,
            "magnr": 21.523000717163086,
            "sigmagnr": 0.17399999499320984,
            "magzpsci": 26.127399444580078,
            "isdiffpos": "t",
            "ssdistnr": -999.0,
            "ssnamenr": "null",
            "drb": null
        },
        {
            "candid": 899304346215015012,
            "jd": 2458653.8043403,
            "ra": 248.0165215,
            "dec": 42.5117035,
            "fid": 1,
            "nid": 899,
            "magpsf": 19.517000198364258,
            "sigmapsf": 0.17631199955940247,
            "magnr": 21.493000030517578,
            "sigmagnr": 0.12600000202655792,
            "magzpsci": 26.106000900268555,
            "isdiffpos": "t",
            "ssdistnr": -999.0,
            "ssnamenr": "null",
            "drb": null
        },
        {
            "candid": 903222975115015060,
            "jd": 2458657.7229745,
            "ra": 248.0165663,
            "dec": 42.5117167,
            "fid": 1,
            "nid": 903,
            "magpsf": 19.817699432373047,
            "sigmapsf": 0.1365099996328354,
            "magnr": 21.523000717163086,
            "sigmagnr": 0.17399999499320984,
            "magzpsci": 26.136699676513672,
            "isdiffpos": "t",
            "ssdistnr": -999.0,
            "ssnamenr": "null",
            "drb": null
        },
        {
            "candid": 903243846215015015,
            "jd": 2458657.7438426,
            "ra": 248.0166357,
            "dec": 42.5116835,
            "fid": 1,
            "nid": 903,
            "magpsf": 19.85849952697754,
            "sigmapsf": 0.17858999967575073,
            "magnr": 21.493000030517578,
            "sigmagnr": 0.12600000202655792,
            "magzpsci": 26.107500076293945,
            "isdiffpos": "t",
            "ssdistnr": -999.0,
            "ssnamenr": "null",
            "drb": null
        },
        {
            "candid": 903263265115015014,
            "jd": 2458657.7632639,
            "ra": 248.0165437,
            "dec": 42.5117015,
            "fid": 2,
            "nid": 903,
            "magpsf": 19.004600524902344,
            "sigmapsf": 0.10142599791288376,
            "magnr": 21.17300033569336,
            "sigmagnr": 0.09600000083446503,
            "magzpsci": 26.062599182128906,
            "isdiffpos": "t",
            "ssdistnr": -999.0,
            "ssnamenr": "null",
            "drb": null
        },
        {
            "candid": 903372816215015011,
            "jd": 2458657.8728125,
            "ra": 248.0166584,
            "dec": 42.5116586,
            "fid": 2,
            "nid": 903,
            "magpsf": 18.994699478149414,
            "sigmapsf": 0.08876200020313263,
            "magnr": 21.084999084472656,
            "sigmagnr": 0.12200000137090683,
            "magzpsci": 26.029699325561523,
            "isdiffpos": "t",
            "ssdistnr": -999.0,
            "ssnamenr": "null",
            "drb": null
        },
        {
            "candid": 906201085115015037,
            "jd": 2458660.701088,
            "ra": 248.0165196,
            "dec": 42.5117423,
            "fid": 1,
            "nid": 906,
            "magpsf": 20.012399673461914,
            "sigmapsf": 0.11983399838209152,
            "magnr": 21.523000717163086,
            "sigmagnr": 0.17399999499320984,
            "magzpsci": 26.174400329589844,
            "isdiffpos": "t",
            "ssdistnr": -999.0,
            "ssnamenr": "null",
            "drb": null
        },
        {
            "candid": 906201556215015018,
            "jd": 2458660.7015509,
            "ra": 248.0165639,
            "dec": 42.5117054,
            "fid": 1,
            "nid": 906,
            "magpsf": 20.125099182128906,
            "sigmapsf": 0.11883500218391418,
            "magnr": 21.493000030517578,
            "sigmagnr": 0.12600000202655792,
            "magzpsci": 26.138099670410156,
            "isdiffpos": "t",
            "ssdistnr": -999.0,
            "ssnamenr": "null",
            "drb": null
        },
        {
            "candid": 906245035115015025,
            "jd": 2458660.7450347,
            "ra": 248.0165346,
            "dec": 42.5116986,
            "fid": 2,
            "nid": 906,
            "magpsf": 19.08679962158203,
            "sigmapsf": 0.08353099972009659,
            "magnr": 21.17300033569336,
            "sigmagnr": 0.09600000083446503,
            "magzpsci": 26.08880043029785,
            "isdiffpos": "t",
            "ssdistnr": -999.0,
            "ssnamenr": "null",
            "drb": null
        },
        {
            "candid": 909312235115015015,
            "jd": 2458663.8122338,
            "ra": 248.0165654,
            "dec": 42.5117162,
            "fid": 2,
            "nid": 909,
            "magpsf": 19.157699584960938,
            "sigmapsf": 0.0935479998588562,
            "magnr": 21.17300033569336,
            "sigmagnr": 0.09600000083446503,
            "magzpsci": 26.067699432373047,
            "isdiffpos": "t",
            "ssdistnr": -999.0,
            "ssnamenr": "null",
            "drb": null
        },
        {
            "candid": 909320526215015024,
            "jd": 2458663.8205208,
            "ra": 248.0165675,
            "dec": 42.5116931,
            "fid": 2,
            "nid": 909,
            "magpsf": 19.19969940185547,
            "sigmapsf": 0.09590599685907364,
            "magnr": 21.084999084472656,
            "sigmagnr": 0.12200000137090683,
            "magzpsci": 26.018699645996094,
            "isdiffpos": "t",
            "ssdistnr": -999.0,
            "ssnamenr": "null",
            "drb": null
        },
        {
            "candid": 912249365115015040,
            "jd": 2458666.7493634,
            "ra": 248.0165474,
            "dec": 42.5117131,
            "fid": 1,
            "nid": 912,
            "magpsf": 20.437299728393555,
            "sigmapsf": 0.1628589928150177,
            "magnr": 21.523000717163086,
            "sigmagnr": 0.17399999499320984,
            "magzpsci": 26.17530059814453,
            "isdiffpos": "t",
            "ssdistnr": -999.0,
            "ssnamenr": "null",
            "drb": null
        },
        {
            "candid": 912263615115015034,
            "jd": 2458666.7636111,
            "ra": 248.0165702,
            "dec": 42.5117228,
            "fid": 2,
            "nid": 912,
            "magpsf": 19.41230010986328,
            "sigmapsf": 0.11372599750757217,
            "magnr": 21.17300033569336,
            "sigmagnr": 0.09600000083446503,
            "magzpsci": 26.095300674438477,
            "isdiffpos": "t",
            "ssdistnr": -999.0,
            "ssnamenr": "null",
            "drb": null
        },
        {
            "candid": 912266416215015023,
            "jd": 2458666.766412,
            "ra": 248.0165642,
            "dec": 42.5116724,
            "fid": 2,
            "nid": 912,
            "magpsf": 19.402799606323242,
            "sigmapsf": 0.11950500309467316,
            "magnr": 21.084999084472656,
            "sigmagnr": 0.12200000137090683,
            "magzpsci": 26.06879997253418,
            "isdiffpos": "t",
            "ssdistnr": -999.0,
            "ssnamenr": "null",
            "drb": null
        },
        {
            "candid": 915318375115015015,
            "jd": 2458669.8183796,
            "ra": 248.016503,
            "dec": 42.5117034,
            "fid": 2,
            "nid": 915,
            "magpsf": 19.64240074157715,
            "sigmapsf": 0.1219019964337349,
            "magnr": 21.17300033569336,
            "sigmagnr": 0.09600000083446503,
            "magzpsci": 26.082399368286133,
            "isdiffpos": "t",
            "ssdistnr": -999.0,
            "ssnamenr": "null",
            "drb": null
        },
        {
            "candid": 915320236215015012,
            "jd": 2458669.8202315,
            "ra": 248.016538,
            "dec": 42.5116754,
            "fid": 2,
            "nid": 915,
            "magpsf": 19.693300247192383,
            "sigmapsf": 0.15919500589370728,
            "magnr": 21.084999084472656,
            "sigmagnr": 0.12200000137090683,
            "magzpsci": 26.047300338745117,
            "isdiffpos": "t",
            "ssdistnr": -999.0,
            "ssnamenr": "null",
            "drb": null
        },
        {
            "candid": 918216245115015021,
            "jd": 2458672.71625,
            "ra": 248.0165209,
            "dec": 42.5117177,
            "fid": 2,
            "nid": 918,
            "magpsf": 19.789499282836914,
            "sigmapsf": 0.14984799921512604,
            "magnr": 21.17300033569336,
            "sigmagnr": 0.09600000083446503,
            "magzpsci": 26.0625,
            "isdiffpos": "t",
            "ssdistnr": -999.0,
            "ssnamenr": "null",
            "drb": null
        },
        {
            "candid": 918219966215015012,
            "jd": 2458672.7199653,
            "ra": 248.0166084,
            "dec": 42.5116899,
            "fid": 2,
            "nid": 918,
            "magpsf": 19.805299758911133,
            "sigmapsf": 0.17329199612140656,
            "magnr": 21.084999084472656,
            "sigmagnr": 0.12200000137090683,
            "magzpsci": 26.018299102783203,
            "isdiffpos": "t",
            "ssdistnr": -999.0,
            "ssnamenr": "null",
            "drb": null
        },
        {
            "candid": 918312075115015027,
            "jd": 2458672.8120718,
            "ra": 248.0165661,
            "dec": 42.5117435,
            "fid": 1,
            "nid": 918,
            "magpsf": 20.72100067138672,
            "sigmapsf": 0.2690039873123169,
            "magnr": 21.523000717163086,
            "sigmagnr": 0.17399999499320984,
            "magzpsci": 26.118000030517578,
            "isdiffpos": "t",
            "ssdistnr": -999.0,
            "ssnamenr": "-999.0",
            "drb": null
        },
        {
            "candid": 918312536215015020,
            "jd": 2458672.8125347,
            "ra": 248.0166038,
            "dec": 42.5116957,
            "fid": 1,
            "nid": 918,
            "magpsf": 20.801000595092773,
            "sigmapsf": 0.2614609897136688,
            "magnr": 21.493000030517578,
            "sigmagnr": 0.12600000202655792,
            "magzpsci": 26.075000762939453,
            "isdiffpos": "t",
            "ssdistnr": -999.0,
            "ssnamenr": "-999.0",
            "drb": null
        },
        {
            "candid": 921239685115015008,
            "jd": 2458675.7396875,
            "ra": 248.0165045,
            "dec": 42.5117428,
            "fid": 2,
            "nid": 921,
            "magpsf": 19.963600158691406,
            "sigmapsf": 0.1824900060892105,
            "magnr": 21.17300033569336,
            "sigmagnr": 0.09600000083446503,
            "magzpsci": 26.073699951171875,
            "isdiffpos": "t",
            "ssdistnr": -999.0,
            "ssnamenr": "null",
            "drb": null
        },
        {
            "candid": 921256246215015011,
            "jd": 2458675.75625,
            "ra": 248.0165833,
            "dec": 42.5117059,
            "fid": 2,
            "nid": 921,
            "magpsf": 19.910400390625,
            "sigmapsf": 0.19594599306583405,
            "magnr": 21.084999084472656,
            "sigmagnr": 0.12200000137090683,
            "magzpsci": 26.030399322509766,
            "isdiffpos": "t",
            "ssdistnr": -999.0,
            "ssnamenr": "null",
            "drb": null
        },
        {
            "candid": 924199606215015014,
            "jd": 2458678.6996065,
            "ra": 248.0165104,
            "dec": 42.511652,
            "fid": 2,
            "nid": 924,
            "magpsf": 19.894399642944336,
            "sigmapsf": 0.1798969954252243,
            "magnr": 21.084999084472656,
            "sigmagnr": 0.12200000137090683,
            "magzpsci": 26.078399658203125,
            "isdiffpos": "t",
            "ssdistnr": -999.0,
            "ssnamenr": "-999.0",
            "drb": null
        },
        {
            "candid": 924226495115015012,
            "jd": 2458678.7264931,
            "ra": 248.0165625,
            "dec": 42.5117461,
            "fid": 2,
            "nid": 924,
            "magpsf": 19.94409942626953,
            "sigmapsf": 0.19760900735855103,
            "magnr": 21.17300033569336,
            "sigmagnr": 0.09600000083446503,
            "magzpsci": 26.089099884033203,
            "isdiffpos": "t",
            "ssdistnr": -999.0,
            "ssnamenr": "null",
            "drb": null
        },
        {
            "candid": 927265406215015010,
            "jd": 2458681.7654051,
            "ra": 248.0165507,
            "dec": 42.5116591,
            "fid": 2,
            "nid": 927,
            "magpsf": 19.881200790405273,
            "sigmapsf": 0.24193799495697021,
            "magnr": 21.084999084472656,
            "sigmagnr": 0.12200000137090683,
            "magzpsci": 26.066200256347656,
            "isdiffpos": "t",
            "ssdistnr": -999.0,
            "ssnamenr": "-999.0",
            "drb": null
        },
        {
            "candid": 930178936215015034,
            "jd": 2458684.6789352,
            "ra": 248.0165142,
            "dec": 42.5117107,
            "fid": 2,
            "nid": 930,
            "magpsf": 20.255599975585938,
            "sigmapsf": 0.19158799946308136,
            "magnr": 21.084999084472656,
            "sigmagnr": 0.12200000137090683,
            "magzpsci": 26.061599731445312,
            "isdiffpos": "t",
            "ssdistnr": -999.0,
            "ssnamenr": "-999.0",
            "drb": null
        },
        {
            "candid": 930181255115015027,
            "jd": 2458684.68125,
            "ra": 248.0165287,
            "dec": 42.5117018,
            "fid": 2,
            "nid": 930,
            "magpsf": 20.166799545288086,
            "sigmapsf": 0.1792449951171875,
            "magnr": 21.17300033569336,
            "sigmagnr": 0.09600000083446503,
            "magzpsci": 26.084800720214844,
            "isdiffpos": "t",
            "ssdistnr": -999.0,
            "ssnamenr": "null",
            "drb": null
        },
        {
            "candid": 930197376215015029,
            "jd": 2458684.6973727,
            "ra": 248.0165895,
            "dec": 42.5116893,
            "fid": 1,
            "nid": 930,
            "magpsf": 20.753999710083008,
            "sigmapsf": 0.24642300605773926,
            "magnr": 21.493000030517578,
            "sigmagnr": 0.12600000202655792,
            "magzpsci": 26.14699935913086,
            "isdiffpos": "t",
            "ssdistnr": -999.0,
            "ssnamenr": "-999.0",
            "drb": null
        },
        {
            "candid": 930199225115015030,
            "jd": 2458684.6992245,
            "ra": 248.0166856,
            "dec": 42.5117459,
            "fid": 1,
            "nid": 930,
            "magpsf": 20.99850082397461,
            "sigmapsf": 0.35644298791885376,
            "magnr": 21.523000717163086,
            "sigmagnr": 0.17399999499320984,
            "magzpsci": 26.173500061035156,
            "isdiffpos": "t",
            "ssdistnr": -999.0,
            "ssnamenr": "-999.0",
            "drb": null
        },
        {
            "candid": 937206925115015024,
            "jd": 2458691.7069213,
            "ra": 248.0164644,
            "dec": 42.5117371,
            "fid": 2,
            "nid": 937,
            "magpsf": 20.45709991455078,
            "sigmapsf": 0.19283199310302734,
            "magnr": 21.17300033569336,
            "sigmagnr": 0.09600000083446503,
            "magzpsci": 26.044099807739258,
            "isdiffpos": "t",
            "ssdistnr": -999.0,
            "ssnamenr": "null",
            "drb": null
        },
        {
            "jd": 2458586.88344,
            "fid": 2,
            "diffmaglim": 20.094999313354492
        },
        {
            "jd": 2458586.8839,
            "fid": 2,
            "diffmaglim": 20.19499969482422
        },
        {
            "jd": 2458586.94509,
            "fid": 1,
            "diffmaglim": 20.834999084472656
        },
        {
            "jd": 2458586.95013,
            "fid": 1,
            "diffmaglim": 20.645000457763672
        },
        {
            "jd": 2458589.78935,
            "fid": 2,
            "diffmaglim": 18.06100082397461
        },
        {
            "jd": 2458589.84134,
            "fid": 2,
            "diffmaglim": 17.884000778198242
        },
        {
            "jd": 2458592.86351,
            "fid": 2,
            "diffmaglim": 18.575000762939453
        },
        {
            "jd": 2458592.97225,
            "fid": 1,
            "diffmaglim": 19.37299919128418
        },
        {
            "jd": 2458592.99508,
            "fid": 1,
            "diffmaglim": 17.562999725341797
        },
        {
            "jd": 2458593.80637,
            "fid": 2,
            "diffmaglim": 19.617000579833984
        },
        {
            "jd": 2458596.81535,
            "fid": 2,
            "diffmaglim": 19.937999725341797
        },
        {
            "jd": 2458596.93016,
            "fid": 2,
            "diffmaglim": 20.093000411987305
        },
        {
            "jd": 2458596.95735,
            "fid": 1,
            "diffmaglim": 20.04199981689453
        },
        {
            "jd": 2458596.96808,
            "fid": 1,
            "diffmaglim": 20.020999908447266
        },
        {
            "jd": 2458602.80278,
            "fid": 2,
            "diffmaglim": 20.509000778198242
        },
        {
            "jd": 2458605.88551,
            "fid": 2,
            "diffmaglim": 20.444000244140625
        },
        {
            "jd": 2458605.90836,
            "fid": 2,
            "diffmaglim": 20.57200050354004
        },
        {
            "jd": 2458606.78334,
            "fid": 2,
            "diffmaglim": 20.549999237060547
        },
        {
            "jd": 2458608.79899,
            "fid": 1,
            "diffmaglim": 20.506000518798828
        },
        {
            "jd": 2458608.82082,
            "fid": 1,
            "diffmaglim": 20.457000732421875
        },
        {
            "jd": 2458608.86427,
            "fid": 2,
            "diffmaglim": 19.989999771118164
        },
        {
            "jd": 2458608.86934,
            "fid": 2,
            "diffmaglim": 20.27400016784668
        },
        {
            "jd": 2458612.85417,
            "fid": 2,
            "diffmaglim": 20.860000610351562
        },
        {
            "jd": 2458612.92766,
            "fid": 2,
            "diffmaglim": 20.738000869750977
        },
        {
            "jd": 2458666.74527,
            "fid": 1,
            "diffmaglim": 19.632999420166016
        }
    ],
    "forcedphot": []
}