{
    "objectId": "ZTF19abajuqh",
    "candidates": [
        {
            "candid": 901461775015015002,
            "jd": 2458655.9617708,
            "ra": 325.4425252,
            "dec": 7.2025599,
            "fid": 1,
            "nid": 901,
            "magpsf": 18.839399337768555,
            "sigmapsf": 0.18738199770450592,
            "magnr": 18.520000457763672,
            "sigmagnr": 0.050999999046325684,
            "magzpsci": 26.253400802612305,
            "isdiffpos": "t",
            "ssdistnr": -999.0,
            "ssnamenr": "null",
            "drb": null
        },
        {
            "candid": 904398775015015001,
            "jd": 2458658.8987731,
            "ra": 325.442512,
            "dec": 7.2026421,
            "fid": 2,
            "nid": 904,
            "magpsf": 18.226900100708008,
            "sigmapsf": 0.09842199832201004,
            "magnr": 17.604000091552734,
            "sigmagnr": 0.04399999976158142,
            "magzpsci": 26.14389991760254,
            "isdiffpos": "t",
            "ssdistnr": -999.0,
            "ssnamenr": "null",
            "drb": null
        },
        {
            "candid": 904460165015015000,
            "jd": 2458658.960162,
            "ra": 325.442533,
            "dec": 7.2026738,
            "fid": 1,
            "nid": 904,
            "magpsf": 18.305200576782227,
            "sigmapsf": 0.09679800271987915,
            "magnr": 18.520000457763672,
            "sigmagnr": 0.050999999046325684,
            "magzpsci": 26.23419952392578,
            "isdiffpos": "t",
            "ssdistnr": -999.0,
            "ssnamenr": "null",
            "drb": null
        },
        {
            "candid": 907423105015015002,
            "jd": 2458661.9231019,
            "ra": 325.442516,
            "dec": 7.2026617,
            "fid": 2,
            "nid": 907,
            "magpsf": 18.011999130249023,
            "sigmapsf": 0.06911499798297882,
            "magnr": 17.604000091552734,
            "sigmagnr": 0.04399999976158142,
            "magzpsci": 26.163000106811523,
            "isdiffpos": "t",
            "ssdistnr": -999.0,
            "ssnamenr": "null",
            "drb": null
        },
        {
            "candid": 907461335015015001,
            "jd": 2458661.961331,
            "ra": 325.4425256,
            "dec": 7.2026529,
            "fid": 1,
            "nid": 907,
            "magpsf": 18.013200759887695,
            "sigmapsf": 0.05945200100541115,
            "magnr": 18.520000457763672,
            "sigmagnr": 0.050999999046325684,
            "magzpsci": 26.246200561523438,
            "isdiffpos": "t",
            "ssdistnr": -999.0,
            "ssnamenr": "null",
            "drb": null
        },
        {
            "candid": 912460615015015004,
            "jd": 2458666.9606134,
            "ra": 325.4425242,
            "dec": 7.202663,
            "fid": 1,
            "nid": 912,
            "magpsf": 17.938499450683594,
            "sigmapsf": 0.04572699964046478,
            "magnr": 18.520000457763672,
            "sigmagnr": 0.050999999046325684,
            "magzpsci": 26.262500762939453,
            "isdiffpos": "t",
            "ssdistnr": -999.0,
            "ssnamenr": "null",
            "drb": null
        },
        {
            "candid": 915418195015015004,
            "jd": 2458669.9181944,
            "ra": 325.4425253,
            "dec": 7.2026649,
            "fid": 2,
            "nid": 915,
            "magpsf": 17.920700073242188,
            "sigmapsf": 0.06195899844169617,
            "magnr": 17.604000091552734,
            "sigmagnr": 0.04399999976158142,
            "magzpsci": 26.167699813842773,
            "isdiffpos": "t",
            "ssdistnr": -999.0,
            "ssnamenr": "null",
            "drb": null
        },
        {
            "candid": 915441235015015001,
            "jd": 2458669.9412384,
            "ra": 325.4425105,
            "dec": 7.202652,
            "fid": 1,
            "nid": 915,
            "magpsf": 17.98550033569336,
            "sigmapsf": 0.08417099714279175,
            "magnr": 18.520000457763672,
            "sigmagnr": 0.050999999046325684,
            "magzpsci": 26.237499237060547,
            "isdiffpos": "t",
            "ssdistnr": -999.0,
            "ssnamenr": "null",
            "drb": null
        },
        {
            "candid": 918423125015015001,
            "jd": 2458672.923125,
            "ra": 325.4425314,
            "dec": 7.202655,
            "fid": 1,
            "nid": 918,
            "magpsf": 18.12459945678711,
            "sigmapsf": 0.0744979977607727,
            "magnr": 18.520000457763672,
            "sigmagnr": 0.050999999046325684,
            "magzpsci": 26.219600677490234,
            "isdiffpos": "t",
            "ssdistnr": -999.0,
            "ssnamenr": "null",
            "drb": null
        },
        {
            "candid": 921461205015015003,
            "jd": 2458675.9612037,
            "ra": 325.4425392,
            "dec": 7.2026274,
            "fid": 2,
            "nid": 921,
            "magpsf": 18.17009925842285,
            "sigmapsf": 0.07483100146055222,
            "magnr": 17.604000091552734,
            "sigmagnr": 0.04399999976158142,
            "magzpsci": 26.172100067138672,
            "isdiffpos": "t",
            "ssdistnr": -999.0,
            "ssnamenr": "null",
            "drb": null
        },
        {
            "candid": 924423955015015005,
            "jd": 2458678.9239583,
            "ra": 325.442514,
            "dec": 7.2026686,
            "fid": 1,
            "nid": 924,
            "magpsf": 18.498600006103516,
            "sigmapsf": 0.07849299907684326,
            "magnr": 18.520000457763672,
            "sigmagnr": 0.050999999046325684,
            "magzpsci": 26.223600387573242,
            "isdiffpos": "t",
            "ssdistnr": -999.0,
            "ssnamenr": "null",
            "drb": null
        },
        {
            "candid": 924460815015015001,
            "jd": 2458678.9608102,
            "ra": 325.4425097,
            "dec": 7.2026329,
            "fid": 2,
            "nid": 924,
            "magpsf": 18.39459991455078,
            "sigmapsf": 0.0854400023818016,
            "magnr": 17.604000091552734,
            "sigmagnr": 0.04399999976158142,
            "magzpsci": 26.177600860595703,
            "isdiffpos": "t",
            "ssdistnr": -999.0,
            "ssnamenr": "null",
            "drb": null
        },
        {
            "candid": 927421055015015001,
            "jd": 2458681.9210532,
            "ra": 325.4424997,
            "dec": 7.2026459,
            "fid": 2,
            "nid": 927,
            "magpsf": 18.563100814819336,
            "sigmapsf": 0.1132740005850792,
            "magnr": 17.604000091552734,
            "sigmagnr": 0.04399999976158142,
            "magzpsci": 26.193099975585938,
            "isdiffpos": "t",
            "ssdistnr": -999.0,
            "ssnamenr": "null",
            "drb": null
        },
        {
            "candid": 930385025015015000,
            "jd": 2458684.8850231,
            "ra": 325.4425661,
            "dec": 7.2027128,
            "fid": 1,
            "nid": 930,
            "magpsf": 19.11669921875,
            "sigmapsf": 0.22015999257564545,
            "magnr": 18.520000457763672,
            "sigmagnr": 0.050999999046325684,
            "magzpsci": 26.252700805664062,
            "isdiffpos": "t",
            "ssdistnr": -999.0,
            "ssnamenr": "-999.0",
            "drb": null
        },
        {
            "candid": 934397305015015003,
            "jd": 2458688.8973032,
            "ra": 325.4425026,
            "dec": 7.2026387,
            "fid": 2,
            "nid": 934,
            "magpsf": 18.686599731445312,
            "sigmapsf": 0.11004599928855896,
            "magnr": 17.604000091552734,
            "sigmagnr": 0.04399999976158142,
            "magzpsci": 26.12459945678711,
            "isdiffpos": "t",
            "ssdistnr": -999.0,
            "ssnamenr": "-999.0",
            "drb": null
        },
        {
            "candid": 934458195015015008,
            "jd": 2458688.9581944,
            "ra": 325.4424886,
            "dec": 7.2026511,
            "fid": 1,
            "nid": 934,
            "magpsf": 19.36840057373047,
            "sigmapsf": 0.14299699664115906,
            "magnr": 18.520000457763672,
            "sigmagnr": 0.050999999046325684,
            "magzpsci": 26.038400650024414,
            "isdiffpos": "t",
            "ssdistnr": -999.0,
            "ssnamenr": "-999.0",
            "drb": null
        },
        {
            "candid": 937392415015015005,
            "jd": 2458691.892419,
            "ra": 325.4424977,
            "dec": 7.2026408,
            "fid": 2,
            "nid": 937,
            "magpsf": 18.7677001953125,
            "sigmapsf": 0.09917700290679932,
            "magnr": 17.604000091552734,
            "sigmagnr": 0.04399999976158142,
            "magzpsci": 26.135700225830078,
            "isdiffpos": "t",
            "ssdistnr": -999.0,
            "ssnamenr": "null",
            "drb": null
        },
        {
            "candid": 937442735015015002,
            "jd": 2458691.9427315,
            "ra": 325.4424918,
            "dec": 7.2026457,
            "fid": 1,
            "nid": 937,
            "magpsf": 19.7450008392334,
            "sigmapsf": 0.18494799733161926,
            "magnr": 18.520000457763672,
            "sigmagnr": 0.050999999046325684,
            "magzpsci": 26.18600082397461,
            "isdiffpos": "t",
            "ssdistnr": -999.0,
            "ssnamenr": "null",
            "drb": null
        },
        {
            "candid": 940329285015015002,
            "jd": 2458694.8292824,
            "ra": 325.4425419,
            "dec": 7.2026422,
            "fid": 1,
            "nid": 940,
            "magpsf": 19.903099060058594,
            "sigmapsf": 0.1696760058403015,
            "magnr": 18.520000457763672,
            "sigmagnr": 0.050999999046325684,
            "magzpsci": 26.23110008239746,
            "isdiffpos": "t",
            "ssdistnr": -999.0,
            "ssnamenr": "null",
            "drb": null
        },
        {
            "candid": 940358345015015005,
            "jd": 2458694.8583449,
            "ra": 325.4425081,
            "dec": 7.2026452,
            "fid": 2,
            "nid": 940,
            "magpsf": 18.776199340820312,
            "sigmapsf": 0.09477300196886063,
            "magnr": 17.604000091552734,
            "sigmagnr": 0.04399999976158142,
            "magzpsci": 26.15920066833496,
            "isdiffpos": "t",
            "ssdistnr": -999.0,
            "ssnamenr": "null",
            "drb": null
        },
        {
            "candid": 944402685015015003,
            "jd": 2458698.9026852,
            "ra": 325.4425068,
            "dec": 7.2026825,
            "fid": 2,
            "nid": 944,
            "magpsf": 19.031700134277344,
            "sigmapsf": 0.09222400188446045,
            "magnr": 17.604000091552734,
            "sigmagnr": 0.04399999976158142,
            "magzpsci": 26.12470054626465,
            "isdiffpos": "t",
            "ssdistnr": -999.0,
            "ssnamenr": "null",
            "drb": null
        },
        {
            "candid": 947372035015015000,
            "jd": 2458701.872037,
            "ra": 325.4425308,
            "dec": 7.2026404,
            "fid": 1,
            "nid": 947,
            "magpsf": 20.680400848388672,
            "sigmapsf": 0.34306100010871887,
            "magnr": 18.520000457763672,
            "sigmagnr": 0.050999999046325684,
            "magzpsci": 26.174400329589844,
            "isdiffpos": "t",
            "ssdistnr": -999.0,
            "ssnamenr": "-999.0",
            "drb": null
        },
        {
            "candid": 947384515015015002,
            "jd": 2458701.8845139,
            "ra": 325.4425073,
            "dec": 7.2026351,
            "fid": 2,
            "nid": 947,
            "magpsf": 19.234899520874023,
            "sigmapsf": 0.1537420004606247,
            "magnr": 17.604000091552734,
            "sigmagnr": 0.04399999976158142,
            "magzpsci": 26.11090087890625,
            "isdiffpos": "t",
            "ssdistnr": -999.0,
            "ssnamenr": "null",
            "drb": null
        },
        {
            "candid": 951171005015015002,
            "jd": 2458705.6710069,
            "ra": 325.4425289,
            "dec": 7.2025672,
            "fid": 2,
            "nid": 951,
            "magpsf": 19.420799255371094,
            "sigmapsf": 0.1803469955921173,
            "magnr": 17.604000091552734,
            "sigmagnr": 0.04399999976158142,
            "magzpsci": 26.029800415039062,
            "isdiffpos": "t",
            "ssdistnr": -999.0,
            "ssnamenr": "null",
            "drb": null
        },
        {
            "candid": 964374355015015012,
            "jd": 2458718.8743519,
            "ra": 325.4425887,
            "dec": 7.2026194,
            "fid": 2,
            "nid": 964,
            "magpsf": 19.561800003051758,
            "sigmapsf": 0.16731199622154236,
            "magnr": 17.604000091552734,
            "sigmagnr": 0.04399999976158142,
            "magzpsci": 26.13279914855957,
            "isdiffpos": "t",
            "ssdistnr": -999.0,
            "ssnamenr": "null",
            "drb": 0.9998970031738281
        },
        {
            "jd": 2458634.96219,
            "fid": 1,
            "diffmaglim": 20.857999801635742
        },
        {
            "jd": 2458637.96265,
            "fid": 1,
            "diffmaglim": 20.875
        },
        {
            "jd": 2458640.96417,
            "fid": 2,
            "diffmaglim": 20.701000213623047
        },
        {
            "jd": 2458643.94079,
            "fid": 1,
            "diffmaglim": 20.628999710083008
        },
        {
            "jd": 2458643.97853,
            "fid": 2,
            "diffmaglim": 20.246999740600586
        },
        {
            "jd": 2458646.92087,
            "fid": 1,
            "diffmaglim": 20.590999603271484
        },
        {
            "jd": 2458646.96216,
            "fid": 2,
            "diffmaglim": 20.604000091552734
        },
        {
            "jd": 2458649.96663,
            "fid": 1,
            "diffmaglim": 20.29800033569336
        },
        {
            "jd": 2458652.94002,
            "fid": 2,
            "diffmaglim": 19.527999877929688
        },
        {
            "jd": 2458708.9237,
            "fid": 1,
            "diffmaglim": 19.47599983215332
        },
        {
            "jd": 2458711.75524,
            "fid": 1,
            "diffmaglim": 19.187999725341797
        },
        {
            "jd": 2458711.85286,
            "fid": 2,
            "diffmaglim": 18.965999603271484
        },
        {
            "jd": 2458714.7347,
            "fid": 1,
            "diffmaglim": 19.8700008392334
        },
        {
            "jd": 2458714.87086,
            "fid": 2,
            "diffmaglim": 19.76300048828125
        }
    ],
    "forcedphot": []
}