{
    "objectId": "ZTF19aadyoqz",
    "candidates": [
        {
            "candid": 751464592415015000,
            "jd": 2458505.9645949,
            "ra": 200.1256916,
            "dec": 11.5462177,
            "fid": 1,
            "nid": 751,
            "magpsf": 19.068700790405273,
            "sigmapsf": 0.21274299919605255,
            "magnr": 20.343000411987305,
            "sigmagnr": 0.09799999743700027,
            "magzpsci": 26.222700119018555,
            "isdiffpos": "t",
            "ssdistnr": -999.0,
            "ssnamenr": "-999.0",
            "drb": null
        },
        {
            "candid": 751545112415015001,
            "jd": 2458506.0451157,
            "ra": 200.1257839,
            "dec": 11.5465507,
            "fid": 2,
            "nid": 751,
            "magpsf": 18.978300094604492,
            "sigmapsf": 0.1705469936132431,
            "magnr": 18.062000274658203,
            "sigmagnr": 0.0820000022649765,
            "magzpsci": 26.268299102783203,
            "isdiffpos": "t",
            "ssdistnr": -999.0,
            "ssnamenr": "null",
            "drb": null
        },
        {
            "candid": 753489752415015008,
            "jd": 2458507.9897569,
            "ra": 200.1257135,
            "dec": 11.5465273,
            "fid": 1,
            "nid": 753,
            "magpsf": 18.964500427246094,
            "sigmapsf": 0.11832799762487411,
            "magnr": 20.343000411987305,
            "sigmagnr": 0.09799999743700027,
            "magzpsci": 26.262500762939453,
            "isdiffpos": "t",
            "ssdistnr": -999.0,
            "ssnamenr": "null",
            "drb": null
        },
        {
            "candid": 757481662415015001,
            "jd": 2458511.9816667,
            "ra": 200.1256796,
            "dec": 11.5464814,
            "fid": 1,
            "nid": 757,
            "magpsf": 18.632299423217773,
            "sigmapsf": 0.0682850033044815,
            "magnr": 20.343000411987305,
            "sigmagnr": 0.09799999743700027,
            "magzpsci": 26.187299728393555,
            "isdiffpos": "t",
            "ssdistnr": -999.0,
            "ssnamenr": "null",
            "drb": null
        },
        {
            "candid": 757495752415015002,
            "jd": 2458511.9957523,
            "ra": 200.1256677,
            "dec": 11.5464928,
            "fid": 1,
            "nid": 757,
            "magpsf": 18.596500396728516,
            "sigmapsf": 0.08109500259160995,
            "magnr": 20.343000411987305,
            "sigmagnr": 0.09799999743700027,
            "magzpsci": 26.09149932861328,
            "isdiffpos": "t",
            "ssdistnr": -999.0,
            "ssnamenr": "null",
            "drb": null
        },
        {
            "candid": 757539802415015001,
            "jd": 2458512.0398032,
            "ra": 200.1257179,
            "dec": 11.5464748,
            "fid": 2,
            "nid": 757,
            "magpsf": 18.560800552368164,
            "sigmapsf": 0.10103800147771835,
            "magnr": 18.062000274658203,
            "sigmagnr": 0.0820000022649765,
            "magzpsci": 26.09980010986328,
            "isdiffpos": "t",
            "ssdistnr": -999.0,
            "ssnamenr": "null",
            "drb": null
        },
        {
            "candid": 768470012415015005,
            "jd": 2458522.9700116,
            "ra": 200.125701,
            "dec": 11.5464904,
            "fid": 1,
            "nid": 768,
            "magpsf": 18.92970085144043,
            "sigmapsf": 0.08708799630403519,
            "magnr": 20.343000411987305,
            "sigmagnr": 0.09799999743700027,
            "magzpsci": 26.22369956970215,
            "isdiffpos": "t",
            "ssdistnr": -999.0,
            "ssnamenr": "null",
            "drb": null
        },
        {
            "candid": 768492012415015009,
            "jd": 2458522.9920139,
            "ra": 200.1257132,
            "dec": 11.5464884,
            "fid": 1,
            "nid": 768,
            "magpsf": 18.98940086364746,
            "sigmapsf": 0.07945600152015686,
            "magnr": 20.343000411987305,
            "sigmagnr": 0.09799999743700027,
            "magzpsci": 26.227399826049805,
            "isdiffpos": "t",
            "ssdistnr": -999.0,
            "ssnamenr": "null",
            "drb": null
        },
        {
            "candid": 768523282415015002,
            "jd": 2458523.023287,
            "ra": 200.1257139,
            "dec": 11.5464907,
            "fid": 2,
            "nid": 768,
            "magpsf": 18.863000869750977,
            "sigmapsf": 0.1019740030169487,
            "magnr": 18.062000274658203,
            "sigmagnr": 0.0820000022649765,
            "magzpsci": 26.253000259399414,
            "isdiffpos": "t",
            "ssdistnr": -999.0,
            "ssnamenr": "null",
            "drb": null
        },
        {
            "candid": 770455792415015005,
            "jd": 2458524.9557986,
            "ra": 200.1256967,
            "dec": 11.5465036,
            "fid": 2,
            "nid": 770,
            "magpsf": 18.92289924621582,
            "sigmapsf": 0.08384300023317337,
            "magnr": 18.062000274658203,
            "sigmagnr": 0.0820000022649765,
            "magzpsci": 26.248899459838867,
            "isdiffpos": "t",
            "ssdistnr": -999.0,
            "ssnamenr": "null",
            "drb": null
        },
        {
            "candid": 772454952415015006,
            "jd": 2458526.9549537,
            "ra": 200.1256845,
            "dec": 11.5464073,
            "fid": 1,
            "nid": 772,
            "magpsf": 19.197799682617188,
            "sigmapsf": 0.14171700179576874,
            "magnr": 20.343000411987305,
            "sigmagnr": 0.09799999743700027,
            "magzpsci": 25.920799255371094,
            "isdiffpos": "t",
            "ssdistnr": -999.0,
            "ssnamenr": "null",
            "drb": null
        },
        {
            "jd": 2458476.9897,
            "fid": 2,
            "diffmaglim": 19.69700050354004
        },
        {
            "jd": 2458481.04186,
            "fid": 1,
            "diffmaglim": 19.610000610351562
        },
        {
            "jd": 2458488.01905,
            "fid": 1,
            "diffmaglim": 20.71299934387207
        },
        {
            "jd": 2458488.04507,
            "fid": 2,
            "diffmaglim": 20.548999786376953
        },
        {
            "jd": 2458491.99698,
            "fid": 1,
            "diffmaglim": 20.486000061035156
        },
        {
            "jd": 2458492.04888,
            "fid": 2,
            "diffmaglim": 20.18000030517578
        },
        {
            "jd": 2458493.99412,
            "fid": 2,
            "diffmaglim": 20.649999618530273
        },
        {
            "jd": 2458495.04942,
            "fid": 2,
            "diffmaglim": 20.74799919128418
        },
        {
            "jd": 2458502.96483,
            "fid": 1,
            "diffmaglim": 19.402000427246094
        }
    ],
    "forcedphot": []
}