{
    "objectId": "ZTF19achqzdy",
    "candidates": [
        {
            "candid": 2031454764715015007,
            "jd": 2459785.9547685,
            "ra": 31.2140039,
            "dec": 4.6685962,
            "fid": 1,
            "nid": 2031,
            "magpsf": 18.906999588012695,
            "sigmapsf": 0.07782299816608429,
            "magnr": 20.024999618530273,
            "sigmagnr": 0.09700000286102295,
            "magzpsci": 26.195999145507812,
            "isdiffpos": "t",
            "ssdistnr": null,
            "ssnamenr": null,
            "drb": 0.9999996423721313
        },
        {
            "candid": 2033434394715015014,
            "jd": 2459787.9343981,
            "ra": 31.2140111,
            "dec": 4.6685509,
            "fid": 2,
            "nid": 2033,
            "magpsf": 18.96980094909668,
            "sigmapsf": 0.07618899643421173,
            "magnr": 21.29199981689453,
            "sigmagnr": 0.10999999940395355,
            "magzpsci": 26.21980094909668,
            "isdiffpos": "t",
            "ssdistnr": null,
            "ssnamenr": null,
            "drb": null
        },
        {
            "candid": 2033455974715015009,
            "jd": 2459787.9559722,
            "ra": 31.2139796,
            "dec": 4.6686033,
            "fid": 1,
            "nid": 2033,
            "magpsf": 19.002700805664062,
            "sigmapsf": 0.08451300114393234,
            "magnr": 20.024999618530273,
            "sigmagnr": 0.09700000286102295,
            "magzpsci": 26.204700469970703,
            "isdiffpos": "t",
            "ssdistnr": null,
            "ssnamenr": null,
            "drb": null
        },
        {
            "candid": 2039462414715015017,
            "jd": 2459793.962419,
            "ra": 31.2139762,
            "dec": 4.6686199,
            "fid": 1,
            "nid": 2039,
            "magpsf": 19.51140022277832,
            "sigmapsf": 0.10728300362825394,
            "magnr": 20.024999618530273,
            "sigmagnr": 0.09700000286102295,
            "magzpsci": 26.276399612426758,
            "isdiffpos": "t",
            "ssdistnr": null,
            "ssnamenr": null,
            "drb": null
        },
        {
            "candid": 2044434734715015011,
            "jd": 2459798.9347338,
            "ra": 31.2140003,
            "dec": 4.6685651,
            "fid": 1,
            "nid": 2044,
            "magpsf": 19.91189956665039,
            "sigmapsf": 0.1766739934682846,
            "magnr": 20.024999618530273,
            "sigmagnr": 0.09700000286102295,
            "magzpsci": 26.27090072631836,
            "isdiffpos": "t",
            "ssdistnr": null,
            "ssnamenr": null,
            "drb": null
        },
        {
            "candid": 2044461454715015012,
            "jd": 2459798.9614583,
            "ra": 31.2139891,
            "dec": 4.6685955,
            "fid": 2,
            "nid": 2044,
            "magpsf": 19.52050018310547,
            "sigmapsf": 0.11383599787950516,
            "magnr": 21.29199981689453,
            "sigmagnr": 0.10999999940395355,
            "magzpsci": 26.284500122070312,
            "isdiffpos": "t",
            "ssdistnr": null,
            "ssnamenr": null,
            "drb": null
        },
        {
            "candid": 2047478574715015019,
            "jd": 2459801.9785764,
            "ra": 31.213999,
            "dec": 4.6685708,
            "fid": 2,
            "nid": 2047,
            "magpsf": 19.5718994140625,
            "sigmapsf": 0.1054069995880127,
            "magnr": 21.29199981689453,
            "sigmagnr": 0.10999999940395355,
            "magzpsci": 26.327899932861328,
            "isdiffpos": "t",
            "ssdistnr": null,
            "ssnamenr": null,
            "drb": null
        },
        {
            "candid": 2052400764715015007,
            "jd": 2459806.9007639,
            "ra": 31.2139874,
            "dec": 4.6685731,
            "fid": 2,
            "nid": 2052,
            "magpsf": 19.717599868774414,
            "sigmapsf": 0.24706900119781494,
            "magnr": 21.29199981689453,
            "sigmagnr": 0.10999999940395355,
            "magzpsci": 26.26460075378418,
            "isdiffpos": "t",
            "ssdistnr": null,
            "ssnamenr": null,
            "drb": null
        },
        {
            "candid": 2056453794715015012,
            "jd": 2459810.9537963,
            "ra": 31.2139733,
            "dec": 4.6685744,
            "fid": 2,
            "nid": 2056,
            "magpsf": 19.827600479125977,
            "sigmapsf": 0.14257000386714935,
            "magnr": 21.29199981689453,
            "sigmagnr": 0.10999999940395355,
            "magzpsci": 26.25860023498535,
            "isdiffpos": "t",
            "ssdistnr": null,
            "ssnamenr": null,
            "drb": null
        },
        {
            "candid": 2059441454715015016,
            "jd": 2459813.9414583,
            "ra": 31.2140042,
            "dec": 4.6685535,
            "fid": 2,
            "nid": 2059,
            "magpsf": 19.889299392700195,
            "sigmapsf": 0.1474519968032837,
            "magnr": 21.29199981689453,
            "sigmagnr": 0.10999999940395355,
            "magzpsci": 26.28230094909668,
            "isdiffpos": "t",
            "ssdistnr": null,
            "ssnamenr": null,
            "drb": null
        },
        {
            "candid": 2061476054715015022,
            "jd": 2459815.9760532,
            "ra": 31.2139825,
            "dec": 4.6686225,
            "fid": 2,
            "nid": 2061,
            "magpsf": 19.9330997467041,
            "sigmapsf": 0.14703799784183502,
            "magnr": 21.29199981689453,
            "sigmagnr": 0.10999999940395355,
            "magzpsci": 26.300100326538086,
            "isdiffpos": "t",
            "ssdistnr": null,
            "ssnamenr": null,
            "drb": null
        },
        {
            "candid": 2063443464715015011,
            "jd": 2459817.9434606,
            "ra": 31.2139126,
            "dec": 4.6685639,
            "fid": 1,
            "nid": 2063,
            "magpsf": 21.210399627685547,
            "sigmapsf": 0.2974739968776703,
            "magnr": 20.024999618530273,
            "sigmagnr": 0.09700000286102295,
            "magzpsci": 26.249399185180664,
            "isdiffpos": "t",
            "ssdistnr": null,
            "ssnamenr": null,
            "drb": null
        },
        {
            "candid": 2063463424715015014,
            "jd": 2459817.9634259,
            "ra": 31.2139734,
            "dec": 4.6685793,
            "fid": 2,
            "nid": 2063,
            "magpsf": 20.18600082397461,
            "sigmapsf": 0.1776369959115982,
            "magnr": 21.29199981689453,
            "sigmagnr": 0.10999999940395355,
            "magzpsci": 26.26300048828125,
            "isdiffpos": "t",
            "ssdistnr": null,
            "ssnamenr": null,
            "drb": null
        },
        {
            "candid": 2068484124715015019,
            "jd": 2459822.9841204,
            "ra": 31.2140042,
            "dec": 4.6686363,
            "fid": 2,
            "nid": 2068,
            "magpsf": 20.219127655029297,
            "sigmapsf": 0.16783013939857483,
            "magnr": 21.29199981689453,
            "sigmagnr": 0.10999999940395355,
            "magzpsci": 26.304126739501953,
            "isdiffpos": "t",
            "ssdistnr": -999.0,
            "ssnamenr": "null",
            "drb": null
        },
        {
            "jd": 2459793.9000926,
            "fid": 2,
            "diffmaglim": 20.39349937438965
        },
        {
            "jd": 2459795.9240162,
            "fid": 1,
            "diffmaglim": 18.655799865722656
        },
        {
            "jd": 2459795.9523148,
            "fid": 2,
            "diffmaglim": 17.933700561523438
        },
        {
            "jd": 2459801.9028935,
            "fid": 1,
            "diffmaglim": 19.662900924682617
        },
        {
            "jd": 2459804.9015046,
            "fid": 2,
            "diffmaglim": 19.075599670410156
        },
        {
            "jd": 2459806.9619444,
            "fid": 1,
            "diffmaglim": 19.310199737548828
        },
        {
            "jd": 2459810.9010417,
            "fid": 1,
            "diffmaglim": 19.62380027770996
        },
        {
            "jd": 2459815.9560995,
            "fid": 1,
            "diffmaglim": 20.73040008544922
        },
        {
            "jd": 2459819.941713,
            "fid": 1,
            "diffmaglim": 20.927000045776367
        },
        {
            "jd": 2459822.941412,
            "fid": 1,
            "diffmaglim": 20.640100479125977
        }
    ],
    "forcedphot": []
}