{
    "objectId": "ZTF19acngsnb",
    "candidates": [
        {
            "candid": 1034192435315015000,
            "jd": 2458788.6924306,
            "ra": 15.9174679,
            "dec": 1.0546352,
            "fid": 1,
            "nid": 1034,
            "magpsf": 20.091299057006836,
            "sigmapsf": 0.3008140027523041,
            "magnr": 21.975000381469727,
            "sigmagnr": 0.1469999998807907,
            "magzpsci": 26.15329933166504,
            "isdiffpos": "t",
            "ssdistnr": -999.0,
            "ssnamenr": "-999.0",
            "drb": null
        },
        {
            "candid": 1034193331415015017,
            "jd": 2458788.6933333,
            "ra": 15.9175184,
            "dec": 1.0546105,
            "fid": 1,
            "nid": 1034,
            "magpsf": 19.714599609375,
            "sigmapsf": 0.22733700275421143,
            "magnr": 22.17799949645996,
            "sigmagnr": 0.11699999868869781,
            "magzpsci": 26.00659942626953,
            "isdiffpos": "t",
            "ssdistnr": -999.0,
            "ssnamenr": "-999.0",
            "drb": null
        },
        {
            "candid": 1034250935315015001,
            "jd": 2458788.7509375,
            "ra": 15.9174218,
            "dec": 1.0546919,
            "fid": 2,
            "nid": 1034,
            "magpsf": 20.05430030822754,
            "sigmapsf": 0.3043600022792816,
            "magnr": 21.982999801635742,
            "sigmagnr": 0.16099999845027924,
            "magzpsci": 26.077299118041992,
            "isdiffpos": "t",
            "ssdistnr": -999.0,
            "ssnamenr": "-999.0",
            "drb": null
        },
        {
            "candid": 1034252751415015017,
            "jd": 2458788.7527546,
            "ra": 15.9174415,
            "dec": 1.054614,
            "fid": 2,
            "nid": 1034,
            "magpsf": 20.09149932861328,
            "sigmapsf": 0.3073759973049164,
            "magnr": 22.0049991607666,
            "sigmagnr": 0.12300000339746475,
            "magzpsci": 25.907499313354492,
            "isdiffpos": "t",
            "ssdistnr": -999.0,
            "ssnamenr": "-999.0",
            "drb": null
        },
        {
            "candid": 1036202211415015021,
            "jd": 2458790.7022106,
            "ra": 15.9174487,
            "dec": 1.0545928,
            "fid": 2,
            "nid": 1036,
            "magpsf": 19.772600173950195,
            "sigmapsf": 0.21973900496959686,
            "magnr": 22.0049991607666,
            "sigmagnr": 0.12300000339746475,
            "magzpsci": 25.9335994720459,
            "isdiffpos": "t",
            "ssdistnr": -999.0,
            "ssnamenr": "-999.0",
            "drb": null
        },
        {
            "candid": 1037272931415015017,
            "jd": 2458791.7729398,
            "ra": 15.9174231,
            "dec": 1.0545889,
            "fid": 1,
            "nid": 1037,
            "magpsf": 19.47249984741211,
            "sigmapsf": 0.12951800227165222,
            "magnr": 22.17799949645996,
            "sigmagnr": 0.11699999868869781,
            "magzpsci": 26.008499145507812,
            "isdiffpos": "t",
            "ssdistnr": -999.0,
            "ssnamenr": "null",
            "drb": 0.9999909996986389
        },
        {
            "candid": 1037273395315015001,
            "jd": 2458791.7733912,
            "ra": 15.917448,
            "dec": 1.0546042,
            "fid": 1,
            "nid": 1037,
            "magpsf": 19.497800827026367,
            "sigmapsf": 0.179407000541687,
            "magnr": 21.975000381469727,
            "sigmagnr": 0.1469999998807907,
            "magzpsci": 26.172800064086914,
            "isdiffpos": "t",
            "ssdistnr": -999.0,
            "ssnamenr": "null",
            "drb": 0.9999920129776001
        },
        {
            "candid": 1037340415315015001,
            "jd": 2458791.8404167,
            "ra": 15.9173766,
            "dec": 1.0546099,
            "fid": 2,
            "nid": 1037,
            "magpsf": 19.625699996948242,
            "sigmapsf": 0.1829259991645813,
            "magnr": 21.982999801635742,
            "sigmagnr": 0.16099999845027924,
            "magzpsci": 26.060699462890625,
            "isdiffpos": "t",
            "ssdistnr": -999.0,
            "ssnamenr": "null",
            "drb": 0.8429620265960693
        },
        {
            "candid": 1037340861415015018,
            "jd": 2458791.8408681,
            "ra": 15.9174252,
            "dec": 1.0546753,
            "fid": 2,
            "nid": 1037,
            "magpsf": 19.534900665283203,
            "sigmapsf": 0.15340100228786469,
            "magnr": 22.0049991607666,
            "sigmagnr": 0.12300000339746475,
            "magzpsci": 25.88089942932129,
            "isdiffpos": "t",
            "ssdistnr": -999.0,
            "ssnamenr": "null",
            "drb": 0.9999859929084778
        },
        {
            "candid": 1040298285315015000,
            "jd": 2458794.798287,
            "ra": 15.9174735,
            "dec": 1.0546121,
            "fid": 2,
            "nid": 1040,
            "magpsf": 19.561100006103516,
            "sigmapsf": 0.16005800664424896,
            "magnr": 21.982999801635742,
            "sigmagnr": 0.16099999845027924,
            "magzpsci": 26.100099563598633,
            "isdiffpos": "t",
            "ssdistnr": -999.0,
            "ssnamenr": "-999.0",
            "drb": null
        },
        {
            "candid": 1040298731415015012,
            "jd": 2458794.7987384,
            "ra": 15.9174726,
            "dec": 1.0546161,
            "fid": 2,
            "nid": 1040,
            "magpsf": 19.34469985961914,
            "sigmapsf": 0.1958799958229065,
            "magnr": 22.0049991607666,
            "sigmagnr": 0.12300000339746475,
            "magzpsci": 25.912700653076172,
            "isdiffpos": "t",
            "ssdistnr": -999.0,
            "ssnamenr": "null",
            "drb": 0.9964060187339783
        },
        {
            "candid": 1045209885315015000,
            "jd": 2458799.7098843,
            "ra": 15.9175139,
            "dec": 1.0546747,
            "fid": 2,
            "nid": 1045,
            "magpsf": 19.345500946044922,
            "sigmapsf": 0.23704299330711365,
            "magnr": 21.982999801635742,
            "sigmagnr": 0.16099999845027924,
            "magzpsci": 26.09950065612793,
            "isdiffpos": "t",
            "ssdistnr": -999.0,
            "ssnamenr": "-999.0",
            "drb": null
        },
        {
            "candid": 1048188765315015001,
            "jd": 2458802.6887616,
            "ra": 15.9174587,
            "dec": 1.0546496,
            "fid": 1,
            "nid": 1048,
            "magpsf": 18.997299194335938,
            "sigmapsf": 0.14588600397109985,
            "magnr": 21.975000381469727,
            "sigmagnr": 0.1469999998807907,
            "magzpsci": 26.172300338745117,
            "isdiffpos": "t",
            "ssdistnr": -999.0,
            "ssnamenr": "null",
            "drb": 0.9997869729995728
        },
        {
            "candid": 1049288921415015012,
            "jd": 2458803.7889236,
            "ra": 15.9174155,
            "dec": 1.0546626,
            "fid": 2,
            "nid": 1049,
            "magpsf": 19.266199111938477,
            "sigmapsf": 0.13514499366283417,
            "magnr": 22.0049991607666,
            "sigmagnr": 0.12300000339746475,
            "magzpsci": 25.856199264526367,
            "isdiffpos": "t",
            "ssdistnr": -999.0,
            "ssnamenr": "null",
            "drb": 0.9999139904975891
        },
        {
            "candid": 1051210525315015001,
            "jd": 2458805.7105208,
            "ra": 15.9173997,
            "dec": 1.054677,
            "fid": 2,
            "nid": 1051,
            "magpsf": 19.36680030822754,
            "sigmapsf": 0.118756003677845,
            "magnr": 21.982999801635742,
            "sigmagnr": 0.16099999845027924,
            "magzpsci": 26.102800369262695,
            "isdiffpos": "t",
            "ssdistnr": -999.0,
            "ssnamenr": "null",
            "drb": 0.9998570084571838
        },
        {
            "candid": 1052190851415015018,
            "jd": 2458806.6908565,
            "ra": 15.9174634,
            "dec": 1.054635,
            "fid": 1,
            "nid": 1052,
            "magpsf": 19.478099822998047,
            "sigmapsf": 0.1489730030298233,
            "magnr": 22.17799949645996,
            "sigmagnr": 0.11699999868869781,
            "magzpsci": 25.958099365234375,
            "isdiffpos": "t",
            "ssdistnr": -999.0,
            "ssnamenr": "null",
            "drb": 0.9994490146636963
        },
        {
            "candid": 1052250391415015024,
            "jd": 2458806.7503935,
            "ra": 15.9173952,
            "dec": 1.0546169,
            "fid": 2,
            "nid": 1052,
            "magpsf": 19.23889923095703,
            "sigmapsf": 0.1265210062265396,
            "magnr": 22.0049991607666,
            "sigmagnr": 0.12300000339746475,
            "magzpsci": 25.886899948120117,
            "isdiffpos": "t",
            "ssdistnr": -999.0,
            "ssnamenr": "null",
            "drb": 0.9999970197677612
        },
        {
            "candid": 1057148065315015003,
            "jd": 2458811.6480671,
            "ra": 15.9174621,
            "dec": 1.0546024,
            "fid": 2,
            "nid": 1057,
            "magpsf": 19.60740089416504,
            "sigmapsf": 0.19467300176620483,
            "magnr": 21.982999801635742,
            "sigmagnr": 0.16099999845027924,
            "magzpsci": 26.071399688720703,
            "isdiffpos": "t",
            "ssdistnr": -999.0,
            "ssnamenr": "null",
            "drb": 0.999813973903656
        },
        {
            "candid": 1057148961415015018,
            "jd": 2458811.6489699,
            "ra": 15.9175267,
            "dec": 1.0546966,
            "fid": 2,
            "nid": 1057,
            "magpsf": 19.52199935913086,
            "sigmapsf": 0.2068839967250824,
            "magnr": 22.0049991607666,
            "sigmagnr": 0.12300000339746475,
            "magzpsci": 25.881999969482422,
            "isdiffpos": "t",
            "ssdistnr": -999.0,
            "ssnamenr": "null",
            "drb": 0.9979810118675232
        },
        {
            "candid": 1057169165315015000,
            "jd": 2458811.6691667,
            "ra": 15.9174507,
            "dec": 1.0546122,
            "fid": 1,
            "nid": 1057,
            "magpsf": 19.821300506591797,
            "sigmapsf": 0.2821030020713806,
            "magnr": 21.975000381469727,
            "sigmagnr": 0.1469999998807907,
            "magzpsci": 26.141300201416016,
            "isdiffpos": "t",
            "ssdistnr": -999.0,
            "ssnamenr": "-999.0",
            "drb": null
        },
        {
            "candid": 1057189291415015016,
            "jd": 2458811.689294,
            "ra": 15.9175842,
            "dec": 1.0546893,
            "fid": 1,
            "nid": 1057,
            "magpsf": 19.76460075378418,
            "sigmapsf": 0.22366200387477875,
            "magnr": 22.17799949645996,
            "sigmagnr": 0.11699999868869781,
            "magzpsci": 25.862600326538086,
            "isdiffpos": "t",
            "ssdistnr": -999.0,
            "ssnamenr": "-999.0",
            "drb": null
        },
        {
            "candid": 1058225691415015015,
            "jd": 2458812.7256944,
            "ra": 15.9174566,
            "dec": 1.0546075,
            "fid": 2,
            "nid": 1058,
            "magpsf": 19.75,
            "sigmapsf": 0.15528899431228638,
            "magnr": 22.0049991607666,
            "sigmagnr": 0.12300000339746475,
            "magzpsci": 25.915000915527344,
            "isdiffpos": "t",
            "ssdistnr": -999.0,
            "ssnamenr": "null",
            "drb": 0.9799309968948364
        },
        {
            "candid": 1058227045315015000,
            "jd": 2458812.7270486,
            "ra": 15.9174338,
            "dec": 1.0546492,
            "fid": 2,
            "nid": 1058,
            "magpsf": 19.617399215698242,
            "sigmapsf": 0.16165000200271606,
            "magnr": 21.982999801635742,
            "sigmagnr": 0.16099999845027924,
            "magzpsci": 26.09440040588379,
            "isdiffpos": "t",
            "ssdistnr": -999.0,
            "ssnamenr": "null",
            "drb": 0.999538004398346
        },
        {
            "jd": 2458763.83584,
            "fid": 2,
            "diffmaglim": 20.32200050354004
        },
        {
            "jd": 2458763.87708,
            "fid": 1,
            "diffmaglim": 20.2549991607666
        },
        {
            "jd": 2458766.87603,
            "fid": 1,
            "diffmaglim": 19.503999710083008
        },
        {
            "jd": 2458766.89957,
            "fid": 1,
            "diffmaglim": 19.52400016784668
        },
        {
            "jd": 2458771.69174,
            "fid": 1,
            "diffmaglim": 18.52899932861328
        },
        {
            "jd": 2458771.79315,
            "fid": 2,
            "diffmaglim": 18.71500015258789
        },
        {
            "jd": 2458772.75196,
            "fid": 1,
            "diffmaglim": 19.084999084472656
        },
        {
            "jd": 2458772.85975,
            "fid": 2,
            "diffmaglim": 18.201000213623047
        },
        {
            "jd": 2458774.77223,
            "fid": 2,
            "diffmaglim": 19.410999298095703
        },
        {
            "jd": 2458775.6861,
            "fid": 1,
            "diffmaglim": 20.413000106811523
        },
        {
            "jd": 2458775.69336,
            "fid": 2,
            "diffmaglim": 19.829999923706055
        },
        {
            "jd": 2458777.7836,
            "fid": 2,
            "diffmaglim": 19.808000564575195
        },
        {
            "jd": 2458779.73177,
            "fid": 2,
            "diffmaglim": 20.132999420166016
        },
        {
            "jd": 2458781.71479,
            "fid": 1,
            "diffmaglim": 19.834999084472656
        },
        {
            "jd": 2458781.79211,
            "fid": 2,
            "diffmaglim": 19.476999282836914
        },
        {
            "jd": 2458782.73112,
            "fid": 1,
            "diffmaglim": 20.253999710083008
        },
        {
            "jd": 2458782.8291,
            "fid": 2,
            "diffmaglim": 20.084999084472656
        },
        {
            "jd": 2458785.81882,
            "fid": 1,
            "diffmaglim": 20.072999954223633
        },
        {
            "jd": 2458785.82351,
            "fid": 1,
            "diffmaglim": 20.033000946044922
        }
    ],
    "forcedphot": []
}