{
    "objectId": "ZTF19acyiqnw",
    "candidates": [
        {
            "candid": 1079464860215015003,
            "jd": 2458833.9648611,
            "ra": 193.2004433,
            "dec": 80.3236221,
            "fid": 2,
            "nid": 1079,
            "magpsf": 17.151599884033203,
            "sigmapsf": 0.041783999651670456,
            "magnr": 15.847000122070312,
            "sigmagnr": 0.07000000029802322,
            "magzpsci": 26.10260009765625,
            "isdiffpos": "t",
            "ssdistnr": -999.0,
            "ssnamenr": "null",
            "drb": 0.9999570250511169
        },
        {
            "candid": 1079523660215015002,
            "jd": 2458834.023669,
            "ra": 193.200228,
            "dec": 80.323564,
            "fid": 1,
            "nid": 1079,
            "magpsf": 17.064599990844727,
            "sigmapsf": 0.04681999981403351,
            "magnr": 17.937999725341797,
            "sigmagnr": 0.1120000034570694,
            "magzpsci": 26.177600860595703,
            "isdiffpos": "t",
            "ssdistnr": -999.0,
            "ssnamenr": "null",
            "drb": 0.9997190237045288
        },
        {
            "candid": 1082510720215015000,
            "jd": 2458837.0107292,
            "ra": 193.2006111,
            "dec": 80.3236103,
            "fid": 2,
            "nid": 1082,
            "magpsf": 16.823200225830078,
            "sigmapsf": 0.03375500068068504,
            "magnr": 15.847000122070312,
            "sigmagnr": 0.07000000029802322,
            "magzpsci": 26.107200622558594,
            "isdiffpos": "t",
            "ssdistnr": -999.0,
            "ssnamenr": "null",
            "drb": 0.9999979734420776
        },
        {
            "candid": 1083498060215015002,
            "jd": 2458837.9980671,
            "ra": 193.2004299,
            "dec": 80.3236012,
            "fid": 1,
            "nid": 1083,
            "magpsf": 16.58810043334961,
            "sigmapsf": 0.037769000977277756,
            "magnr": 17.937999725341797,
            "sigmagnr": 0.1120000034570694,
            "magzpsci": 26.159099578857422,
            "isdiffpos": "t",
            "ssdistnr": -999.0,
            "ssnamenr": "null",
            "drb": 0.9999639987945557
        },
        {
            "candid": 1084467840215015006,
            "jd": 2458838.9678472,
            "ra": 193.2004735,
            "dec": 80.3236012,
            "fid": 1,
            "nid": 1084,
            "magpsf": 16.46929931640625,
            "sigmapsf": 0.0637499988079071,
            "magnr": 17.937999725341797,
            "sigmagnr": 0.1120000034570694,
            "magzpsci": 24.50029945373535,
            "isdiffpos": "t",
            "ssdistnr": -999.0,
            "ssnamenr": "null",
            "drb": 0.9999939799308777
        },
        {
            "candid": 1084514280215015001,
            "jd": 2458839.0142824,
            "ra": 193.2005393,
            "dec": 80.3236023,
            "fid": 2,
            "nid": 1084,
            "magpsf": 16.707000732421875,
            "sigmapsf": 0.05667499825358391,
            "magnr": 15.847000122070312,
            "sigmagnr": 0.07000000029802322,
            "magzpsci": 25.562999725341797,
            "isdiffpos": "t",
            "ssdistnr": -999.0,
            "ssnamenr": "null",
            "drb": 1.0
        },
        {
            "candid": 1095508330215015001,
            "jd": 2458850.0083333,
            "ra": 193.2006056,
            "dec": 80.3235947,
            "fid": 1,
            "nid": 1095,
            "magpsf": 16.68670082092285,
            "sigmapsf": 0.04103400185704231,
            "magnr": 17.937999725341797,
            "sigmagnr": 0.1120000034570694,
            "magzpsci": 26.21470069885254,
            "isdiffpos": "t",
            "ssdistnr": -999.0,
            "ssnamenr": "null",
            "drb": 0.9999989867210388
        },
        {
            "candid": 1096479360215015001,
            "jd": 2458850.9793634,
            "ra": 193.2004871,
            "dec": 80.3236006,
            "fid": 2,
            "nid": 1096,
            "magpsf": 16.862199783325195,
            "sigmapsf": 0.036639001220464706,
            "magnr": 15.847000122070312,
            "sigmagnr": 0.07000000029802322,
            "magzpsci": 26.11720085144043,
            "isdiffpos": "t",
            "ssdistnr": -999.0,
            "ssnamenr": "null",
            "drb": 0.9999279975891113
        },
        {
            "candid": 1096532830215015003,
            "jd": 2458851.0328356,
            "ra": 193.2006185,
            "dec": 80.3235887,
            "fid": 1,
            "nid": 1096,
            "magpsf": 16.745399475097656,
            "sigmapsf": 0.02612599916756153,
            "magnr": 17.937999725341797,
            "sigmagnr": 0.1120000034570694,
            "magzpsci": 26.196399688720703,
            "isdiffpos": "t",
            "ssdistnr": -999.0,
            "ssnamenr": "null",
            "drb": 0.9999809861183167
        },
        {
            "candid": 1097495030215015001,
            "jd": 2458851.9950347,
            "ra": 193.2005319,
            "dec": 80.3236141,
            "fid": 2,
            "nid": 1097,
            "magpsf": 16.90049934387207,
            "sigmapsf": 0.034182000905275345,
            "magnr": 15.847000122070312,
            "sigmagnr": 0.07000000029802322,
            "magzpsci": 26.032499313354492,
            "isdiffpos": "t",
            "ssdistnr": -999.0,
            "ssnamenr": "null",
            "drb": 1.0
        },
        {
            "candid": 1097510390215015003,
            "jd": 2458852.0103935,
            "ra": 193.2005428,
            "dec": 80.3236016,
            "fid": 1,
            "nid": 1097,
            "magpsf": 16.78820037841797,
            "sigmapsf": 0.0377269983291626,
            "magnr": 17.937999725341797,
            "sigmagnr": 0.1120000034570694,
            "magzpsci": 25.831199645996094,
            "isdiffpos": "t",
            "ssdistnr": -999.0,
            "ssnamenr": "null",
            "drb": 1.0
        },
        {
            "candid": 1098446560215015001,
            "jd": 2458852.9465625,
            "ra": 193.2005461,
            "dec": 80.3236109,
            "fid": 2,
            "nid": 1098,
            "magpsf": 16.964799880981445,
            "sigmapsf": 0.04924900084733963,
            "magnr": 15.847000122070312,
            "sigmagnr": 0.07000000029802322,
            "magzpsci": 26.12380027770996,
            "isdiffpos": "t",
            "ssdistnr": -999.0,
            "ssnamenr": "null",
            "drb": 0.9999970197677612
        },
        {
            "candid": 1098505050215015001,
            "jd": 2458853.0050579,
            "ra": 193.2005488,
            "dec": 80.3236032,
            "fid": 1,
            "nid": 1098,
            "magpsf": 16.835599899291992,
            "sigmapsf": 0.035151999443769455,
            "magnr": 17.937999725341797,
            "sigmagnr": 0.1120000034570694,
            "magzpsci": 26.223600387573242,
            "isdiffpos": "t",
            "ssdistnr": -999.0,
            "ssnamenr": "null",
            "drb": 1.0
        },
        {
            "candid": 1099484020215015004,
            "jd": 2458853.9840278,
            "ra": 193.2005582,
            "dec": 80.3236039,
            "fid": 1,
            "nid": 1099,
            "magpsf": 16.92729949951172,
            "sigmapsf": 0.0318170003592968,
            "magnr": 17.937999725341797,
            "sigmagnr": 0.1120000034570694,
            "magzpsci": 26.217300415039062,
            "isdiffpos": "t",
            "ssdistnr": -999.0,
            "ssnamenr": "null",
            "drb": 0.9999930262565613
        },
        {
            "candid": 1100475720215015002,
            "jd": 2458854.9757292,
            "ra": 193.2003526,
            "dec": 80.3235877,
            "fid": 2,
            "nid": 1100,
            "magpsf": 17.208099365234375,
            "sigmapsf": 0.06235700100660324,
            "magnr": 15.847000122070312,
            "sigmagnr": 0.07000000029802322,
            "magzpsci": 26.11910057067871,
            "isdiffpos": "t",
            "ssdistnr": -999.0,
            "ssnamenr": "-999.0",
            "drb": null
        },
        {
            "candid": 1101321330215015001,
            "jd": 2458855.821331,
            "ra": 193.2004522,
            "dec": 80.3235993,
            "fid": 2,
            "nid": 1101,
            "magpsf": 17.183500289916992,
            "sigmapsf": 0.043292999267578125,
            "magnr": 15.847000122070312,
            "sigmagnr": 0.07000000029802322,
            "magzpsci": 26.09950065612793,
            "isdiffpos": "t",
            "ssdistnr": -999.0,
            "ssnamenr": "null",
            "drb": 1.0
        },
        {
            "candid": 1101425710215015002,
            "jd": 2458855.9257176,
            "ra": 193.2004795,
            "dec": 80.3236015,
            "fid": 1,
            "nid": 1101,
            "magpsf": 17.082500457763672,
            "sigmapsf": 0.0404059998691082,
            "magnr": 17.937999725341797,
            "sigmagnr": 0.1120000034570694,
            "magzpsci": 26.18950080871582,
            "isdiffpos": "t",
            "ssdistnr": -999.0,
            "ssnamenr": "null",
            "drb": 0.9999989867210388
        },
        {
            "candid": 1105283460215015001,
            "jd": 2458859.7834606,
            "ra": 193.2004635,
            "dec": 80.3236127,
            "fid": 2,
            "nid": 1105,
            "magpsf": 17.409500122070312,
            "sigmapsf": 0.06983499974012375,
            "magnr": 15.847000122070312,
            "sigmagnr": 0.07000000029802322,
            "magzpsci": 26.074499130249023,
            "isdiffpos": "t",
            "ssdistnr": -999.0,
            "ssnamenr": "null",
            "drb": 0.9999989867210388
        },
        {
            "candid": 1105430420215015004,
            "jd": 2458859.9304282,
            "ra": 193.2006009,
            "dec": 80.3236134,
            "fid": 2,
            "nid": 1105,
            "magpsf": 17.367900848388672,
            "sigmapsf": 0.042785000056028366,
            "magnr": 15.847000122070312,
            "sigmagnr": 0.07000000029802322,
            "magzpsci": 26.117900848388672,
            "isdiffpos": "t",
            "ssdistnr": -999.0,
            "ssnamenr": "null",
            "drb": 0.9999960064888
        },
        {
            "candid": 1106309380215015000,
            "jd": 2458860.8093866,
            "ra": 193.2003085,
            "dec": 80.3235536,
            "fid": 2,
            "nid": 1106,
            "magpsf": 17.401899337768555,
            "sigmapsf": 0.07016299664974213,
            "magnr": 15.847000122070312,
            "sigmagnr": 0.07000000029802322,
            "magzpsci": 26.0718994140625,
            "isdiffpos": "t",
            "ssdistnr": -999.0,
            "ssnamenr": "null",
            "drb": 0.9999840259552002
        },
        {
            "candid": 1106366180215015001,
            "jd": 2458860.8661806,
            "ra": 193.2005124,
            "dec": 80.3235917,
            "fid": 2,
            "nid": 1106,
            "magpsf": 17.383100509643555,
            "sigmapsf": 0.05186700075864792,
            "magnr": 15.847000122070312,
            "sigmagnr": 0.07000000029802322,
            "magzpsci": 26.091100692749023,
            "isdiffpos": "t",
            "ssdistnr": -999.0,
            "ssnamenr": "null",
            "drb": 1.0
        },
        {
            "candid": 1107310040215015001,
            "jd": 2458861.8100463,
            "ra": 193.2003793,
            "dec": 80.3235712,
            "fid": 2,
            "nid": 1107,
            "magpsf": 17.44860076904297,
            "sigmapsf": 0.05120699852705002,
            "magnr": 15.847000122070312,
            "sigmagnr": 0.07000000029802322,
            "magzpsci": 26.087600708007812,
            "isdiffpos": "t",
            "ssdistnr": -999.0,
            "ssnamenr": "null",
            "drb": 0.9998679757118225
        },
        {
            "candid": 1107449320215015002,
            "jd": 2458861.9493287,
            "ra": 193.2002841,
            "dec": 80.3235233,
            "fid": 1,
            "nid": 1107,
            "magpsf": 17.637500762939453,
            "sigmapsf": 0.08068600296974182,
            "magnr": 17.937999725341797,
            "sigmagnr": 0.1120000034570694,
            "magzpsci": 26.161500930786133,
            "isdiffpos": "t",
            "ssdistnr": -999.0,
            "ssnamenr": "null",
            "drb": 0.9988960027694702
        },
        {
            "candid": 1108362870215015001,
            "jd": 2458862.8628704,
            "ra": 193.2005015,
            "dec": 80.3236053,
            "fid": 2,
            "nid": 1108,
            "magpsf": 17.37310028076172,
            "sigmapsf": 0.057169001549482346,
            "magnr": 15.847000122070312,
            "sigmagnr": 0.07000000029802322,
            "magzpsci": 26.09910011291504,
            "isdiffpos": "t",
            "ssdistnr": -999.0,
            "ssnamenr": "null",
            "drb": 1.0
        },
        {
            "candid": 1108444400215015004,
            "jd": 2458862.9444097,
            "ra": 193.2006185,
            "dec": 80.3235964,
            "fid": 1,
            "nid": 1108,
            "magpsf": 17.765199661254883,
            "sigmapsf": 0.0582519993185997,
            "magnr": 17.937999725341797,
            "sigmagnr": 0.1120000034570694,
            "magzpsci": 26.18320083618164,
            "isdiffpos": "t",
            "ssdistnr": -999.0,
            "ssnamenr": "null",
            "drb": 0.9999979734420776
        },
        {
            "candid": 1110332800215015004,
            "jd": 2458864.8328009,
            "ra": 193.2005987,
            "dec": 80.3236132,
            "fid": 2,
            "nid": 1110,
            "magpsf": 17.369400024414062,
            "sigmapsf": 0.05189400166273117,
            "magnr": 15.847000122070312,
            "sigmagnr": 0.07000000029802322,
            "magzpsci": 26.087400436401367,
            "isdiffpos": "t",
            "ssdistnr": -999.0,
            "ssnamenr": "null",
            "drb": 0.999987006187439
        },
        {
            "candid": 1110405590215015001,
            "jd": 2458864.9055903,
            "ra": 193.2004957,
            "dec": 80.3236172,
            "fid": 1,
            "nid": 1110,
            "magpsf": 17.986099243164062,
            "sigmapsf": 0.07740899920463562,
            "magnr": 17.937999725341797,
            "sigmagnr": 0.1120000034570694,
            "magzpsci": 26.166099548339844,
            "isdiffpos": "t",
            "ssdistnr": -999.0,
            "ssnamenr": "null",
            "drb": 0.9948830008506775
        },
        {
            "candid": 1112353200215015001,
            "jd": 2458866.853206,
            "ra": 193.2005656,
            "dec": 80.3236143,
            "fid": 2,
            "nid": 1112,
            "magpsf": 17.391000747680664,
            "sigmapsf": 0.04136500135064125,
            "magnr": 15.847000122070312,
            "sigmagnr": 0.07000000029802322,
            "magzpsci": 26.107999801635742,
            "isdiffpos": "t",
            "ssdistnr": -999.0,
            "ssnamenr": "null",
            "drb": 0.9999989867210388
        },
        {
            "candid": 1112406070215015001,
            "jd": 2458866.9060764,
            "ra": 193.2004747,
            "dec": 80.3235971,
            "fid": 1,
            "nid": 1112,
            "magpsf": 18.229400634765625,
            "sigmapsf": 0.06057799980044365,
            "magnr": 17.937999725341797,
            "sigmagnr": 0.1120000034570694,
            "magzpsci": 26.185400009155273,
            "isdiffpos": "t",
            "ssdistnr": -999.0,
            "ssnamenr": "null",
            "drb": 0.9999989867210388
        },
        {
            "candid": 1113352470215015002,
            "jd": 2458867.8524769,
            "ra": 193.2005474,
            "dec": 80.3236161,
            "fid": 2,
            "nid": 1113,
            "magpsf": 17.390899658203125,
            "sigmapsf": 0.04257100075483322,
            "magnr": 15.847000122070312,
            "sigmagnr": 0.07000000029802322,
            "magzpsci": 26.11389923095703,
            "isdiffpos": "t",
            "ssdistnr": -999.0,
            "ssnamenr": "null",
            "drb": 0.9999989867210388
        },
        {
            "candid": 1117323200215015005,
            "jd": 2458871.823206,
            "ra": 193.2005616,
            "dec": 80.3236135,
            "fid": 2,
            "nid": 1117,
            "magpsf": 17.611000061035156,
            "sigmapsf": 0.05130299925804138,
            "magnr": 15.847000122070312,
            "sigmagnr": 0.07000000029802322,
            "magzpsci": 26.10099983215332,
            "isdiffpos": "t",
            "ssdistnr": -999.0,
            "ssnamenr": "null",
            "drb": 0.9999459981918335
        },
        {
            "candid": 1117409310215015004,
            "jd": 2458871.9093171,
            "ra": 193.2005878,
            "dec": 80.3235608,
            "fid": 1,
            "nid": 1117,
            "magpsf": 18.63249969482422,
            "sigmapsf": 0.07547800242900848,
            "magnr": 17.937999725341797,
            "sigmagnr": 0.1120000034570694,
            "magzpsci": 26.1924991607666,
            "isdiffpos": "t",
            "ssdistnr": -999.0,
            "ssnamenr": "null",
            "drb": 1.0
        },
        {
            "candid": 1118330900215015002,
            "jd": 2458872.8309028,
            "ra": 193.2004943,
            "dec": 80.3236451,
            "fid": 2,
            "nid": 1118,
            "magpsf": 17.78350067138672,
            "sigmapsf": 0.11959400027990341,
            "magnr": 15.847000122070312,
            "sigmagnr": 0.07000000029802322,
            "magzpsci": 24.550500869750977,
            "isdiffpos": "t",
            "ssdistnr": -999.0,
            "ssnamenr": "null",
            "drb": 0.9999939799308777
        },
        {
            "candid": 1119261450215015002,
            "jd": 2458873.7614583,
            "ra": 193.2006283,
            "dec": 80.3235974,
            "fid": 2,
            "nid": 1119,
            "magpsf": 17.752399444580078,
            "sigmapsf": 0.0525830015540123,
            "magnr": 15.847000122070312,
            "sigmagnr": 0.07000000029802322,
            "magzpsci": 26.08639907836914,
            "isdiffpos": "t",
            "ssdistnr": -999.0,
            "ssnamenr": "-999.0",
            "drb": null
        },
        {
            "candid": 1119348850215015001,
            "jd": 2458873.8488542,
            "ra": 193.2006747,
            "dec": 80.3235875,
            "fid": 1,
            "nid": 1119,
            "magpsf": 18.887300491333008,
            "sigmapsf": 0.06952500343322754,
            "magnr": 17.937999725341797,
            "sigmagnr": 0.1120000034570694,
            "magzpsci": 26.15130043029785,
            "isdiffpos": "t",
            "ssdistnr": -999.0,
            "ssnamenr": "null",
            "drb": 0.9999989867210388
        },
        {
            "candid": 1120265390215015003,
            "jd": 2458874.7653935,
            "ra": 193.2007371,
            "dec": 80.3235988,
            "fid": 2,
            "nid": 1120,
            "magpsf": 17.927400588989258,
            "sigmapsf": 0.06613899767398834,
            "magnr": 15.847000122070312,
            "sigmagnr": 0.07000000029802322,
            "magzpsci": 26.07539939880371,
            "isdiffpos": "t",
            "ssdistnr": -999.0,
            "ssnamenr": "null",
            "drb": 0.9997429847717285
        },
        {
            "candid": 1120370840215015003,
            "jd": 2458874.8708449,
            "ra": 193.2005878,
            "dec": 80.323593,
            "fid": 1,
            "nid": 1120,
            "magpsf": 18.947599411010742,
            "sigmapsf": 0.06455499678850174,
            "magnr": 17.937999725341797,
            "sigmagnr": 0.1120000034570694,
            "magzpsci": 26.194599151611328,
            "isdiffpos": "t",
            "ssdistnr": -999.0,
            "ssnamenr": "null",
            "drb": 0.9999529719352722
        },
        {
            "candid": 1121237380215015001,
            "jd": 2458875.7373843,
            "ra": 193.2003752,
            "dec": 80.3236391,
            "fid": 2,
            "nid": 1121,
            "magpsf": 17.942800521850586,
            "sigmapsf": 0.07103800028562546,
            "magnr": 15.847000122070312,
            "sigmagnr": 0.07000000029802322,
            "magzpsci": 26.03179931640625,
            "isdiffpos": "t",
            "ssdistnr": -999.0,
            "ssnamenr": "-999.0",
            "drb": null
        },
        {
            "candid": 1122238640215015001,
            "jd": 2458876.7386458,
            "ra": 193.2003283,
            "dec": 80.3236305,
            "fid": 1,
            "nid": 1122,
            "magpsf": 19.047700881958008,
            "sigmapsf": 0.09834600239992142,
            "magnr": 17.937999725341797,
            "sigmagnr": 0.1120000034570694,
            "magzpsci": 26.101699829101562,
            "isdiffpos": "t",
            "ssdistnr": -999.0,
            "ssnamenr": "null",
            "drb": 0.9999989867210388
        },
        {
            "candid": 1122238640215025001,
            "jd": 2458876.7386458,
            "ra": 193.2003186,
            "dec": 80.3236318,
            "fid": 1,
            "nid": 1122,
            "magpsf": 19.048200607299805,
            "sigmapsf": 0.09725499898195267,
            "magnr": 17.937999725341797,
            "sigmagnr": 0.1120000034570694,
            "magzpsci": 26.10219955444336,
            "isdiffpos": "t",
            "ssdistnr": -999.0,
            "ssnamenr": "-999.0",
            "drb": null
        },
        {
            "candid": 1122263350215015003,
            "jd": 2458876.7633565,
            "ra": 193.2006293,
            "dec": 80.3236253,
            "fid": 2,
            "nid": 1122,
            "magpsf": 18.008399963378906,
            "sigmapsf": 0.06908100098371506,
            "magnr": 15.847000122070312,
            "sigmagnr": 0.07000000029802322,
            "magzpsci": 26.067399978637695,
            "isdiffpos": "t",
            "ssdistnr": -999.0,
            "ssnamenr": "null",
            "drb": 0.9998850226402283
        },
        {
            "candid": 1124326860215015003,
            "jd": 2458878.8268634,
            "ra": 193.2004608,
            "dec": 80.3236908,
            "fid": 2,
            "nid": 1124,
            "magpsf": 18.17329978942871,
            "sigmapsf": 0.11176300048828125,
            "magnr": 15.847000122070312,
            "sigmagnr": 0.07000000029802322,
            "magzpsci": 26.09630012512207,
            "isdiffpos": "t",
            "ssdistnr": -999.0,
            "ssnamenr": "null",
            "drb": 0.9460430145263672
        },
        {
            "candid": 1125323270215015001,
            "jd": 2458879.8232755,
            "ra": 193.2007458,
            "dec": 80.3236232,
            "fid": 2,
            "nid": 1125,
            "magpsf": 18.398000717163086,
            "sigmapsf": 0.19702200591564178,
            "magnr": 15.847000122070312,
            "sigmagnr": 0.07000000029802322,
            "magzpsci": 26.073999404907227,
            "isdiffpos": "t",
            "ssdistnr": -999.0,
            "ssnamenr": "null",
            "drb": 0.4965269863605499
        },
        {
            "candid": 1126237630215015001,
            "jd": 2458880.7376389,
            "ra": 193.2004869,
            "dec": 80.3235812,
            "fid": 1,
            "nid": 1126,
            "magpsf": 19.24049949645996,
            "sigmapsf": 0.13455599546432495,
            "magnr": 17.937999725341797,
            "sigmagnr": 0.1120000034570694,
            "magzpsci": 26.10849952697754,
            "isdiffpos": "t",
            "ssdistnr": -999.0,
            "ssnamenr": "-999.0",
            "drb": null
        },
        {
            "candid": 1126276920215015003,
            "jd": 2458880.7769213,
            "ra": 193.2005758,
            "dec": 80.3236004,
            "fid": 2,
            "nid": 1126,
            "magpsf": 18.232999801635742,
            "sigmapsf": 0.08129800111055374,
            "magnr": 15.847000122070312,
            "sigmagnr": 0.07000000029802322,
            "magzpsci": 26.091999053955078,
            "isdiffpos": "t",
            "ssdistnr": -999.0,
            "ssnamenr": "null",
            "drb": 1.0
        },
        {
            "candid": 1127241240215015002,
            "jd": 2458881.74125,
            "ra": 193.2001273,
            "dec": 80.3235688,
            "fid": 1,
            "nid": 1127,
            "magpsf": 19.185100555419922,
            "sigmapsf": 0.15127800405025482,
            "magnr": 17.937999725341797,
            "sigmagnr": 0.1120000034570694,
            "magzpsci": 26.11210060119629,
            "isdiffpos": "t",
            "ssdistnr": -999.0,
            "ssnamenr": "null",
            "drb": 0.993569016456604
        },
        {
            "candid": 1127298340215015000,
            "jd": 2458881.7983449,
            "ra": 193.2005432,
            "dec": 80.3236341,
            "fid": 2,
            "nid": 1127,
            "magpsf": 18.2007999420166,
            "sigmapsf": 0.0685340017080307,
            "magnr": 15.847000122070312,
            "sigmagnr": 0.07000000029802322,
            "magzpsci": 26.09779930114746,
            "isdiffpos": "t",
            "ssdistnr": -999.0,
            "ssnamenr": "null",
            "drb": 1.0
        },
        {
            "candid": 1131221780215015003,
            "jd": 2458885.7217824,
            "ra": 193.2002989,
            "dec": 80.3236554,
            "fid": 2,
            "nid": 1131,
            "magpsf": 18.372299194335938,
            "sigmapsf": 0.09169799834489822,
            "magnr": 15.847000122070312,
            "sigmagnr": 0.07000000029802322,
            "magzpsci": 25.900299072265625,
            "isdiffpos": "t",
            "ssdistnr": -999.0,
            "ssnamenr": "null",
            "drb": 0.9999989867210388
        },
        {
            "candid": 1131301280215015001,
            "jd": 2458885.8012847,
            "ra": 193.2005415,
            "dec": 80.3235874,
            "fid": 1,
            "nid": 1131,
            "magpsf": 19.17340087890625,
            "sigmapsf": 0.18928000330924988,
            "magnr": 17.937999725341797,
            "sigmagnr": 0.1120000034570694,
            "magzpsci": 26.036399841308594,
            "isdiffpos": "t",
            "ssdistnr": -999.0,
            "ssnamenr": "null",
            "drb": 0.9999390244483948
        },
        {
            "candid": 1132265860215015002,
            "jd": 2458886.7658681,
            "ra": 193.2005864,
            "dec": 80.3236224,
            "fid": 2,
            "nid": 1132,
            "magpsf": 18.355100631713867,
            "sigmapsf": 0.094480000436306,
            "magnr": 15.847000122070312,
            "sigmagnr": 0.07000000029802322,
            "magzpsci": 26.107099533081055,
            "isdiffpos": "t",
            "ssdistnr": -999.0,
            "ssnamenr": "null",
            "drb": 0.9999819993972778
        },
        {
            "candid": 1136404090215015002,
            "jd": 2458890.9040972,
            "ra": 193.2004143,
            "dec": 80.3236133,
            "fid": 2,
            "nid": 1136,
            "magpsf": 18.53689956665039,
            "sigmapsf": 0.1075349971652031,
            "magnr": 15.847000122070312,
            "sigmagnr": 0.07000000029802322,
            "magzpsci": 26.098899841308594,
            "isdiffpos": "t",
            "ssdistnr": -999.0,
            "ssnamenr": "null",
            "drb": 0.9999859929084778
        },
        {
            "candid": 1137203570215015003,
            "jd": 2458891.7035764,
            "ra": 193.2007956,
            "dec": 80.3235384,
            "fid": 1,
            "nid": 1137,
            "magpsf": 19.35919952392578,
            "sigmapsf": 0.14489999413490295,
            "magnr": 17.937999725341797,
            "sigmagnr": 0.1120000034570694,
            "magzpsci": 26.09819984436035,
            "isdiffpos": "t",
            "ssdistnr": -999.0,
            "ssnamenr": "null",
            "drb": 0.9999989867210388
        },
        {
            "candid": 1137284130215015002,
            "jd": 2458891.7841319,
            "ra": 193.2007436,
            "dec": 80.3236235,
            "fid": 2,
            "nid": 1137,
            "magpsf": 18.548099517822266,
            "sigmapsf": 0.08573099970817566,
            "magnr": 15.847000122070312,
            "sigmagnr": 0.07000000029802322,
            "magzpsci": 26.105100631713867,
            "isdiffpos": "t",
            "ssdistnr": -999.0,
            "ssnamenr": "null",
            "drb": 0.9999979734420776
        },
        {
            "candid": 1139199020215015002,
            "jd": 2458893.6990278,
            "ra": 193.2003343,
            "dec": 80.3235865,
            "fid": 1,
            "nid": 1139,
            "magpsf": 19.3966007232666,
            "sigmapsf": 0.13715699315071106,
            "magnr": 17.937999725341797,
            "sigmagnr": 0.1120000034570694,
            "magzpsci": 26.087600708007812,
            "isdiffpos": "t",
            "ssdistnr": -999.0,
            "ssnamenr": "null",
            "drb": 0.9999939799308777
        },
        {
            "candid": 1139317340215015002,
            "jd": 2458893.8173495,
            "ra": 193.2005738,
            "dec": 80.3236308,
            "fid": 2,
            "nid": 1139,
            "magpsf": 18.64419937133789,
            "sigmapsf": 0.09776200354099274,
            "magnr": 15.847000122070312,
            "sigmagnr": 0.07000000029802322,
            "magzpsci": 26.082199096679688,
            "isdiffpos": "t",
            "ssdistnr": -999.0,
            "ssnamenr": "null",
            "drb": 0.9945240020751953
        },
        {
            "candid": 1140199560215015002,
            "jd": 2458894.6995602,
            "ra": 193.2002764,
            "dec": 80.323597,
            "fid": 1,
            "nid": 1140,
            "magpsf": 19.444799423217773,
            "sigmapsf": 0.09774599969387054,
            "magnr": 17.937999725341797,
            "sigmagnr": 0.1120000034570694,
            "magzpsci": 26.09980010986328,
            "isdiffpos": "t",
            "ssdistnr": -999.0,
            "ssnamenr": "null",
            "drb": 1.0
        },
        {
            "candid": 1140263860215015001,
            "jd": 2458894.7638657,
            "ra": 193.2007077,
            "dec": 80.3236011,
            "fid": 2,
            "nid": 1140,
            "magpsf": 18.600299835205078,
            "sigmapsf": 0.07720299810171127,
            "magnr": 15.847000122070312,
            "sigmagnr": 0.07000000029802322,
            "magzpsci": 26.080299377441406,
            "isdiffpos": "t",
            "ssdistnr": -999.0,
            "ssnamenr": "null",
            "drb": 0.9999179840087891
        },
        {
            "candid": 1141193730215015001,
            "jd": 2458895.6937384,
            "ra": 193.2007775,
            "dec": 80.3235849,
            "fid": 1,
            "nid": 1141,
            "magpsf": 19.465099334716797,
            "sigmapsf": 0.13032999634742737,
            "magnr": 17.937999725341797,
            "sigmagnr": 0.1120000034570694,
            "magzpsci": 26.10610008239746,
            "isdiffpos": "t",
            "ssdistnr": -999.0,
            "ssnamenr": "null",
            "drb": 0.9925450086593628
        },
        {
            "candid": 1141282770215015002,
            "jd": 2458895.7827778,
            "ra": 193.2005884,
            "dec": 80.3236139,
            "fid": 2,
            "nid": 1141,
            "magpsf": 18.68869972229004,
            "sigmapsf": 0.07303900271654129,
            "magnr": 15.847000122070312,
            "sigmagnr": 0.07000000029802322,
            "magzpsci": 26.09670066833496,
            "isdiffpos": "t",
            "ssdistnr": -999.0,
            "ssnamenr": "null",
            "drb": 1.0
        },
        {
            "candid": 1142216380215015004,
            "jd": 2458896.7163889,
            "ra": 193.2005937,
            "dec": 80.3235865,
            "fid": 1,
            "nid": 1142,
            "magpsf": 19.625099182128906,
            "sigmapsf": 0.13931900262832642,
            "magnr": 17.937999725341797,
            "sigmagnr": 0.1120000034570694,
            "magzpsci": 26.133100509643555,
            "isdiffpos": "t",
            "ssdistnr": -999.0,
            "ssnamenr": "null",
            "drb": 0.9999589920043945
        },
        {
            "candid": 1142274820215015002,
            "jd": 2458896.7748264,
            "ra": 193.2006023,
            "dec": 80.3236221,
            "fid": 2,
            "nid": 1142,
            "magpsf": 18.680099487304688,
            "sigmapsf": 0.06668200343847275,
            "magnr": 15.847000122070312,
            "sigmagnr": 0.07000000029802322,
            "magzpsci": 26.091100692749023,
            "isdiffpos": "t",
            "ssdistnr": -999.0,
            "ssnamenr": "null",
            "drb": 0.9999669790267944
        },
        {
            "candid": 1209262630215015002,
            "jd": 2458963.7626389,
            "ra": 193.2004987,
            "dec": 80.3236135,
            "fid": 1,
            "nid": 1209,
            "magpsf": 20.3218994140625,
            "sigmapsf": 0.21410900354385376,
            "magnr": 17.937999725341797,
            "sigmagnr": 0.1120000034570694,
            "magzpsci": 26.118900299072266,
            "isdiffpos": "t",
            "ssdistnr": -999.0,
            "ssnamenr": "null",
            "drb": 0.9990720152854919
        },
        {
            "jd": 2458804.97558,
            "fid": 1,
            "diffmaglim": 18.996000289916992
        },
        {
            "jd": 2458805.02932,
            "fid": 2,
            "diffmaglim": 19.358999252319336
        },
        {
            "jd": 2458812.92944,
            "fid": 1,
            "diffmaglim": 20.315000534057617
        },
        {
            "jd": 2458835.00878,
            "fid": 2,
            "diffmaglim": 18.694000244140625
        },
        {
            "jd": 2458835.97389,
            "fid": 2,
            "diffmaglim": 19.472999572753906
        },
        {
            "jd": 2458837.92257,
            "fid": 2,
            "diffmaglim": 19.503000259399414
        },
        {
            "jd": 2458855.02573,
            "fid": 1,
            "diffmaglim": 19.474000930786133
        },
        {
            "jd": 2458875.82483,
            "fid": 1,
            "diffmaglim": 19.819000244140625
        },
        {
            "jd": 2458877.7424,
            "fid": 1,
            "diffmaglim": 19.82900047302246
        },
        {
            "jd": 2458878.76207,
            "fid": 1,
            "diffmaglim": 19.336999893188477
        },
        {
            "jd": 2458879.74554,
            "fid": 1,
            "diffmaglim": 19.2549991607666
        },
        {
            "jd": 2458882.71343,
            "fid": 2,
            "diffmaglim": 18.945999145507812
        },
        {
            "jd": 2458883.71755,
            "fid": 2,
            "diffmaglim": 19.13599967956543
        },
        {
            "jd": 2458883.91233,
            "fid": 1,
            "diffmaglim": 19.655000686645508
        },
        {
            "jd": 2458884.72628,
            "fid": 2,
            "diffmaglim": 19.236000061035156
        },
        {
            "jd": 2458884.80437,
            "fid": 1,
            "diffmaglim": 19.17799949645996
        },
        {
            "jd": 2458940.84603,
            "fid": 1,
            "diffmaglim": 18.726999282836914
        },
        {
            "jd": 2458941.02406,
            "fid": 2,
            "diffmaglim": 19.6560001373291
        },
        {
            "jd": 2458944.95145,
            "fid": 1,
            "diffmaglim": 19.367000579833984
        },
        {
            "jd": 2458956.73898,
            "fid": 1,
            "diffmaglim": 20.485000610351562
        },
        {
            "jd": 2458956.8003,
            "fid": 2,
            "diffmaglim": 20.073999404907227
        },
        {
            "jd": 2458963.71858,
            "fid": 1,
            "diffmaglim": 20.427000045776367
        }
    ],
    "forcedphot": []
}