{
    "objectId": "ZTF19abzfmak",
    "candidates": [
        {
            "candid": 989145783115015023,
            "jd": 2458743.645787,
            "ra": 267.7864939,
            "dec": 24.8034065,
            "fid": 1,
            "nid": 989,
            "magpsf": 20.030000686645508,
            "sigmapsf": 0.20635800063610077,
            "magnr": 19.30500030517578,
            "sigmagnr": 0.10199999809265137,
            "magzpsci": 26.025999069213867,
            "isdiffpos": "t",
            "ssdistnr": -999.0,
            "ssnamenr": "null",
            "drb": 1.0
        },
        {
            "candid": 993144653115015040,
            "jd": 2458747.6446528,
            "ra": 267.7864714,
            "dec": 24.8034925,
            "fid": 1,
            "nid": 993,
            "magpsf": 19.074499130249023,
            "sigmapsf": 0.11015100032091141,
            "magnr": 19.30500030517578,
            "sigmagnr": 0.10199999809265137,
            "magzpsci": 26.107500076293945,
            "isdiffpos": "t",
            "ssdistnr": -999.0,
            "ssnamenr": "null",
            "drb": 1.0
        },
        {
            "candid": 993208623115015019,
            "jd": 2458747.7086227,
            "ra": 267.7865398,
            "dec": 24.8034581,
            "fid": 2,
            "nid": 993,
            "magpsf": 19.208599090576172,
            "sigmapsf": 0.11795700341463089,
            "magnr": 20.583999633789062,
            "sigmagnr": 0.057999998331069946,
            "magzpsci": 26.074600219726562,
            "isdiffpos": "t",
            "ssdistnr": -999.0,
            "ssnamenr": "-999.0",
            "drb": null
        },
        {
            "candid": 996135043115015037,
            "jd": 2458750.6350463,
            "ra": 267.7865142,
            "dec": 24.8034546,
            "fid": 1,
            "nid": 996,
            "magpsf": 18.725200653076172,
            "sigmapsf": 0.09278299659490585,
            "magnr": 20.959999084472656,
            "sigmagnr": 0.057999998331069946,
            "magzpsci": 26.11520004272461,
            "isdiffpos": "t",
            "ssdistnr": -999.0,
            "ssnamenr": "null",
            "drb": 1.0
        },
        {
            "candid": 1006131003115015024,
            "jd": 2458760.6310069,
            "ra": 267.7865042,
            "dec": 24.8034906,
            "fid": 1,
            "nid": 1006,
            "magpsf": 18.263200759887695,
            "sigmapsf": 0.06575199961662292,
            "magnr": 19.30500030517578,
            "sigmagnr": 0.10199999809265137,
            "magzpsci": 26.141199111938477,
            "isdiffpos": "t",
            "ssdistnr": -999.0,
            "ssnamenr": "null",
            "drb": 1.0
        },
        {
            "candid": 1010116993115015003,
            "jd": 2458764.6169907,
            "ra": 267.7864639,
            "dec": 24.8034888,
            "fid": 2,
            "nid": 1010,
            "magpsf": 18.480899810791016,
            "sigmapsf": 0.08212000131607056,
            "magnr": 18.77199935913086,
            "sigmagnr": 0.10100000351667404,
            "magzpsci": 26.134899139404297,
            "isdiffpos": "t",
            "ssdistnr": -999.0,
            "ssnamenr": "null",
            "drb": 0.9999979734420776
        },
        {
            "candid": 1010194963115015004,
            "jd": 2458764.6949653,
            "ra": 267.7865267,
            "dec": 24.8034868,
            "fid": 1,
            "nid": 1010,
            "magpsf": 18.423599243164062,
            "sigmapsf": 0.09139800071716309,
            "magnr": 20.959999084472656,
            "sigmagnr": 0.057999998331069946,
            "magzpsci": 25.971599578857422,
            "isdiffpos": "t",
            "ssdistnr": -999.0,
            "ssnamenr": "null",
            "drb": 0.9999989867210388
        },
        {
            "candid": 1013112473115015002,
            "jd": 2458767.6124769,
            "ra": 267.7865237,
            "dec": 24.8034862,
            "fid": 2,
            "nid": 1013,
            "magpsf": 18.639400482177734,
            "sigmapsf": 0.11234399676322937,
            "magnr": 20.583999633789062,
            "sigmagnr": 0.057999998331069946,
            "magzpsci": 26.104400634765625,
            "isdiffpos": "t",
            "ssdistnr": -999.0,
            "ssnamenr": "null",
            "drb": 1.0
        },
        {
            "candid": 1019112603115015014,
            "jd": 2458773.6126042,
            "ra": 267.7865001,
            "dec": 24.8034542,
            "fid": 1,
            "nid": 1019,
            "magpsf": 18.975900650024414,
            "sigmapsf": 0.15705299377441406,
            "magnr": 19.30500030517578,
            "sigmagnr": 0.10199999809265137,
            "magzpsci": 25.625900268554688,
            "isdiffpos": "t",
            "ssdistnr": -999.0,
            "ssnamenr": "null",
            "drb": 0.9999970197677612
        },
        {
            "candid": 1022112253115015019,
            "jd": 2458776.6122569,
            "ra": 267.7865207,
            "dec": 24.8034831,
            "fid": 1,
            "nid": 1022,
            "magpsf": 19.296199798583984,
            "sigmapsf": 0.12099699676036835,
            "magnr": 20.959999084472656,
            "sigmagnr": 0.057999998331069946,
            "magzpsci": 26.082199096679688,
            "isdiffpos": "t",
            "ssdistnr": -999.0,
            "ssnamenr": "null",
            "drb": 1.0
        },
        {
            "candid": 1025088353115015010,
            "jd": 2458779.5883565,
            "ra": 267.7864676,
            "dec": 24.8035079,
            "fid": 2,
            "nid": 1025,
            "magpsf": 19.086999893188477,
            "sigmapsf": 0.15145400166511536,
            "magnr": 18.77199935913086,
            "sigmagnr": 0.10100000351667404,
            "magzpsci": 26.139999389648438,
            "isdiffpos": "t",
            "ssdistnr": -999.0,
            "ssnamenr": "null",
            "drb": 0.9999970197677612
        },
        {
            "candid": 1025112093115015011,
            "jd": 2458779.6120949,
            "ra": 267.7864613,
            "dec": 24.8034961,
            "fid": 1,
            "nid": 1025,
            "magpsf": 19.593900680541992,
            "sigmapsf": 0.2112330049276352,
            "magnr": 19.30500030517578,
            "sigmagnr": 0.10199999809265137,
            "magzpsci": 26.093900680541992,
            "isdiffpos": "t",
            "ssdistnr": -999.0,
            "ssnamenr": "null",
            "drb": 0.9999960064888
        },
        {
            "candid": 1028118363115015002,
            "jd": 2458782.6183681,
            "ra": 267.7865242,
            "dec": 24.8034609,
            "fid": 2,
            "nid": 1028,
            "magpsf": 19.044599533081055,
            "sigmapsf": 0.15248799324035645,
            "magnr": 20.583999633789062,
            "sigmagnr": 0.057999998331069946,
            "magzpsci": 26.122600555419922,
            "isdiffpos": "t",
            "ssdistnr": -999.0,
            "ssnamenr": "null",
            "drb": 1.0
        },
        {
            "candid": 1031102473115015002,
            "jd": 2458785.6024769,
            "ra": 267.7864746,
            "dec": 24.8034969,
            "fid": 2,
            "nid": 1031,
            "magpsf": 19.246400833129883,
            "sigmapsf": 0.14131799340248108,
            "magnr": 18.77199935913086,
            "sigmagnr": 0.10100000351667404,
            "magzpsci": 26.11639976501465,
            "isdiffpos": "t",
            "ssdistnr": -999.0,
            "ssnamenr": "null",
            "drb": 0.9999979734420776
        },
        {
            "candid": 1031112753115015010,
            "jd": 2458785.6127546,
            "ra": 267.7864549,
            "dec": 24.803494,
            "fid": 1,
            "nid": 1031,
            "magpsf": 20.0447998046875,
            "sigmapsf": 0.32295098900794983,
            "magnr": 19.30500030517578,
            "sigmagnr": 0.10199999809265137,
            "magzpsci": 26.058799743652344,
            "isdiffpos": "t",
            "ssdistnr": -999.0,
            "ssnamenr": "-999.0",
            "drb": null
        },
        {
            "candid": 1036121573115015002,
            "jd": 2458790.6215741,
            "ra": 267.7864918,
            "dec": 24.8035023,
            "fid": 2,
            "nid": 1036,
            "magpsf": 19.330900192260742,
            "sigmapsf": 0.17194899916648865,
            "magnr": 20.583999633789062,
            "sigmagnr": 0.057999998331069946,
            "magzpsci": 26.092899322509766,
            "isdiffpos": "t",
            "ssdistnr": -999.0,
            "ssnamenr": "null",
            "drb": 1.0
        },
        {
            "jd": 2458713.73523,
            "fid": 2,
            "diffmaglim": 19.496999740600586
        },
        {
            "jd": 2458716.68642,
            "fid": 1,
            "diffmaglim": 20.85300064086914
        },
        {
            "jd": 2458719.82212,
            "fid": 2,
            "diffmaglim": 19.45199966430664
        },
        {
            "jd": 2458722.81199,
            "fid": 2,
            "diffmaglim": 20.19700050354004
        },
        {
            "jd": 2458725.67141,
            "fid": 1,
            "diffmaglim": 20.677000045776367
        },
        {
            "jd": 2458725.73478,
            "fid": 2,
            "diffmaglim": 20.631999969482422
        },
        {
            "jd": 2458731.65206,
            "fid": 2,
            "diffmaglim": 16.482999801635742
        },
        {
            "jd": 2458731.67095,
            "fid": 1,
            "diffmaglim": 16.836000442504883
        },
        {
            "jd": 2458734.64509,
            "fid": 2,
            "diffmaglim": 20.191999435424805
        },
        {
            "jd": 2458734.72763,
            "fid": 1,
            "diffmaglim": 19.79800033569336
        },
        {
            "jd": 2458737.68733,
            "fid": 2,
            "diffmaglim": 19.67799949645996
        },
        {
            "jd": 2458740.75493,
            "fid": 2,
            "diffmaglim": 19.364999771118164
        },
        {
            "jd": 2458767.71743,
            "fid": 1,
            "diffmaglim": 18.187000274658203
        },
        {
            "jd": 2458770.70398,
            "fid": 2,
            "diffmaglim": 19.006999969482422
        },
        {
            "jd": 2458773.59696,
            "fid": 2,
            "diffmaglim": 17.482999801635742
        }
    ],
    "forcedphot": []
}