{
    "objectId": "ZTF19aazzpje",
    "candidates": [
        {
            "candid": 893215463115015008,
            "jd": 2458647.715463,
            "ra": 238.6583648,
            "dec": 24.6907864,
            "fid": 1,
            "nid": 893,
            "magpsf": 20.013399124145508,
            "sigmapsf": 0.2971560060977936,
            "magnr": 19.524999618530273,
            "sigmagnr": 0.04800000041723251,
            "magzpsci": 26.17840003967285,
            "isdiffpos": "t",
            "ssdistnr": -999.0,
            "ssnamenr": "-999.0",
            "drb": null
        },
        {
            "candid": 896211533115015005,
            "jd": 2458650.7115394,
            "ra": 238.6584823,
            "dec": 24.6907964,
            "fid": 1,
            "nid": 896,
            "magpsf": 19.51259994506836,
            "sigmapsf": 0.2974950075149536,
            "magnr": 19.524999618530273,
            "sigmagnr": 0.04800000041723251,
            "magzpsci": 26.178600311279297,
            "isdiffpos": "t",
            "ssdistnr": -999.0,
            "ssnamenr": "-999.0",
            "drb": null
        },
        {
            "candid": 899207243115015012,
            "jd": 2458653.7072454,
            "ra": 238.658534,
            "dec": 24.6908221,
            "fid": 2,
            "nid": 899,
            "magpsf": 19.140100479125977,
            "sigmapsf": 0.1578570008277893,
            "magnr": 18.59600067138672,
            "sigmagnr": 0.04399999976158142,
            "magzpsci": 26.118099212646484,
            "isdiffpos": "t",
            "ssdistnr": -999.0,
            "ssnamenr": "null",
            "drb": null
        },
        {
            "candid": 899274823115015008,
            "jd": 2458653.7748264,
            "ra": 238.6585137,
            "dec": 24.6907992,
            "fid": 1,
            "nid": 899,
            "magpsf": 19.028099060058594,
            "sigmapsf": 0.10828399658203125,
            "magnr": 19.524999618530273,
            "sigmagnr": 0.04800000041723251,
            "magzpsci": 26.1471004486084,
            "isdiffpos": "t",
            "ssdistnr": -999.0,
            "ssnamenr": "null",
            "drb": null
        },
        {
            "candid": 901312903115015003,
            "jd": 2458655.8129051,
            "ra": 238.6585617,
            "dec": 24.6907411,
            "fid": 1,
            "nid": 901,
            "magpsf": 18.769500732421875,
            "sigmapsf": 0.13939599692821503,
            "magnr": 19.524999618530273,
            "sigmagnr": 0.04800000041723251,
            "magzpsci": 26.18950080871582,
            "isdiffpos": "t",
            "ssdistnr": -999.0,
            "ssnamenr": "null",
            "drb": null
        },
        {
            "candid": 903213723115015014,
            "jd": 2458657.7137269,
            "ra": 238.6585405,
            "dec": 24.6907993,
            "fid": 1,
            "nid": 903,
            "magpsf": 18.71649932861328,
            "sigmapsf": 0.07879000157117844,
            "magnr": 19.524999618530273,
            "sigmagnr": 0.04800000041723251,
            "magzpsci": 26.15850067138672,
            "isdiffpos": "t",
            "ssdistnr": -999.0,
            "ssnamenr": "null",
            "drb": null
        },
        {
            "candid": 903254873115015016,
            "jd": 2458657.7548727,
            "ra": 238.6585362,
            "dec": 24.6907809,
            "fid": 2,
            "nid": 903,
            "magpsf": 18.890100479125977,
            "sigmapsf": 0.10001400113105774,
            "magnr": 18.59600067138672,
            "sigmagnr": 0.04399999976158142,
            "magzpsci": 26.150100708007812,
            "isdiffpos": "t",
            "ssdistnr": -999.0,
            "ssnamenr": "null",
            "drb": null
        },
        {
            "candid": 906204353115015009,
            "jd": 2458660.7043519,
            "ra": 238.6585355,
            "dec": 24.6907937,
            "fid": 1,
            "nid": 906,
            "magpsf": 18.792999267578125,
            "sigmapsf": 0.09117700159549713,
            "magnr": 19.524999618530273,
            "sigmagnr": 0.04800000041723251,
            "magzpsci": 26.20400047302246,
            "isdiffpos": "t",
            "ssdistnr": -999.0,
            "ssnamenr": "null",
            "drb": null
        },
        {
            "candid": 906231893115015004,
            "jd": 2458660.7318981,
            "ra": 238.6585144,
            "dec": 24.690793,
            "fid": 2,
            "nid": 906,
            "magpsf": 18.795700073242188,
            "sigmapsf": 0.08476100116968155,
            "magnr": 18.59600067138672,
            "sigmagnr": 0.04399999976158142,
            "magzpsci": 26.161699295043945,
            "isdiffpos": "t",
            "ssdistnr": -999.0,
            "ssnamenr": "null",
            "drb": null
        },
        {
            "candid": 909304813115015006,
            "jd": 2458663.8048148,
            "ra": 238.6585561,
            "dec": 24.6907894,
            "fid": 2,
            "nid": 909,
            "magpsf": 19.027599334716797,
            "sigmapsf": 0.09508000314235687,
            "magnr": 18.59600067138672,
            "sigmagnr": 0.04399999976158142,
            "magzpsci": 26.140600204467773,
            "isdiffpos": "t",
            "ssdistnr": -999.0,
            "ssnamenr": "null",
            "drb": null
        },
        {
            "candid": 912209983115015023,
            "jd": 2458666.7099884,
            "ra": 238.6585336,
            "dec": 24.6907794,
            "fid": 1,
            "nid": 912,
            "magpsf": 19.103900909423828,
            "sigmapsf": 0.10580399632453918,
            "magnr": 19.524999618530273,
            "sigmagnr": 0.04800000041723251,
            "magzpsci": 26.208900451660156,
            "isdiffpos": "t",
            "ssdistnr": -999.0,
            "ssnamenr": "null",
            "drb": null
        },
        {
            "candid": 912258033115015014,
            "jd": 2458666.7580324,
            "ra": 238.6585309,
            "dec": 24.6908188,
            "fid": 2,
            "nid": 912,
            "magpsf": 19.17289924621582,
            "sigmapsf": 0.10405900329351425,
            "magnr": 18.59600067138672,
            "sigmagnr": 0.04399999976158142,
            "magzpsci": 26.17889976501465,
            "isdiffpos": "t",
            "ssdistnr": -999.0,
            "ssnamenr": "null",
            "drb": null
        },
        {
            "candid": 915180983115015009,
            "jd": 2458669.6809838,
            "ra": 238.6585812,
            "dec": 24.6908046,
            "fid": 2,
            "nid": 915,
            "magpsf": 19.394699096679688,
            "sigmapsf": 0.14275899529457092,
            "magnr": 18.59600067138672,
            "sigmagnr": 0.04399999976158142,
            "magzpsci": 26.150699615478516,
            "isdiffpos": "t",
            "ssdistnr": -999.0,
            "ssnamenr": "null",
            "drb": null
        },
        {
            "candid": 918213423115015010,
            "jd": 2458672.7134259,
            "ra": 238.6585375,
            "dec": 24.6908213,
            "fid": 2,
            "nid": 918,
            "magpsf": 19.51740074157715,
            "sigmapsf": 0.13358700275421143,
            "magnr": 18.59600067138672,
            "sigmagnr": 0.04399999976158142,
            "magzpsci": 26.1343994140625,
            "isdiffpos": "t",
            "ssdistnr": -999.0,
            "ssnamenr": "null",
            "drb": null
        },
        {
            "candid": 918302193115015008,
            "jd": 2458672.8021991,
            "ra": 238.6584854,
            "dec": 24.6907853,
            "fid": 1,
            "nid": 918,
            "magpsf": 19.67140007019043,
            "sigmapsf": 0.11533000320196152,
            "magnr": 19.524999618530273,
            "sigmagnr": 0.04800000041723251,
            "magzpsci": 26.12339973449707,
            "isdiffpos": "t",
            "ssdistnr": -999.0,
            "ssnamenr": "null",
            "drb": null
        },
        {
            "candid": 921242963115015007,
            "jd": 2458675.742963,
            "ra": 238.6585392,
            "dec": 24.6908384,
            "fid": 2,
            "nid": 921,
            "magpsf": 19.465299606323242,
            "sigmapsf": 0.1671929955482483,
            "magnr": 18.59600067138672,
            "sigmagnr": 0.04399999976158142,
            "magzpsci": 26.139299392700195,
            "isdiffpos": "t",
            "ssdistnr": -999.0,
            "ssnamenr": "null",
            "drb": null
        },
        {
            "candid": 921298103115015002,
            "jd": 2458675.7981019,
            "ra": 238.6584852,
            "dec": 24.6907766,
            "fid": 1,
            "nid": 921,
            "magpsf": 19.984399795532227,
            "sigmapsf": 0.22751900553703308,
            "magnr": 19.524999618530273,
            "sigmagnr": 0.04800000041723251,
            "magzpsci": 26.14539909362793,
            "isdiffpos": "t",
            "ssdistnr": -999.0,
            "ssnamenr": "-999.0",
            "drb": null
        },
        {
            "candid": 927248123115015002,
            "jd": 2458681.748125,
            "ra": 238.6585798,
            "dec": 24.6907918,
            "fid": 2,
            "nid": 927,
            "magpsf": 19.782499313354492,
            "sigmapsf": 0.225942000746727,
            "magnr": 18.59600067138672,
            "sigmagnr": 0.04399999976158142,
            "magzpsci": 26.16950035095215,
            "isdiffpos": "t",
            "ssdistnr": -999.0,
            "ssnamenr": "-999.0",
            "drb": null
        },
        {
            "candid": 930187343115015013,
            "jd": 2458684.6873495,
            "ra": 238.6585116,
            "dec": 24.6908044,
            "fid": 2,
            "nid": 930,
            "magpsf": 20.065500259399414,
            "sigmapsf": 0.18785999715328217,
            "magnr": 18.59600067138672,
            "sigmagnr": 0.04399999976158142,
            "magzpsci": 26.164499282836914,
            "isdiffpos": "t",
            "ssdistnr": -999.0,
            "ssnamenr": "null",
            "drb": null
        },
        {
            "jd": 2458632.80251,
            "fid": 2,
            "diffmaglim": 20.639999389648438
        },
        {
            "jd": 2458632.80924,
            "fid": 2,
            "diffmaglim": 20.516000747680664
        },
        {
            "jd": 2458632.8426,
            "fid": 1,
            "diffmaglim": 20.72599983215332
        },
        {
            "jd": 2458633.85137,
            "fid": 2,
            "diffmaglim": 20.820999145507812
        },
        {
            "jd": 2458635.71601,
            "fid": 1,
            "diffmaglim": 21.079999923706055
        },
        {
            "jd": 2458635.78801,
            "fid": 2,
            "diffmaglim": 20.93400001525879
        },
        {
            "jd": 2458638.76909,
            "fid": 2,
            "diffmaglim": 20.867000579833984
        },
        {
            "jd": 2458638.84936,
            "fid": 1,
            "diffmaglim": 20.839000701904297
        },
        {
            "jd": 2458641.73359,
            "fid": 1,
            "diffmaglim": 20.54800033569336
        },
        {
            "jd": 2458644.71308,
            "fid": 1,
            "diffmaglim": 20.483999252319336
        },
        {
            "jd": 2458644.7726,
            "fid": 2,
            "diffmaglim": 20.392000198364258
        },
        {
            "jd": 2458645.7215,
            "fid": 1,
            "diffmaglim": 20.06800079345703
        },
        {
            "jd": 2458647.75374,
            "fid": 2,
            "diffmaglim": 20.113000869750977
        },
        {
            "jd": 2458650.75325,
            "fid": 2,
            "diffmaglim": 19.809999465942383
        },
        {
            "jd": 2458678.69308,
            "fid": 2,
            "diffmaglim": 20.14299964904785
        },
        {
            "jd": 2458678.76965,
            "fid": 1,
            "diffmaglim": 19.80299949645996
        }
    ],
    "forcedphot": []
}