{
    "objectId": "ZTF19abzulhk",
    "candidates": [
        {
            "candid": 993174870815015011,
            "jd": 2458747.6748727,
            "ra": 354.7253846,
            "dec": 38.1940671,
            "fid": 2,
            "nid": 993,
            "magpsf": 20.392900466918945,
            "sigmapsf": 0.20795300602912903,
            "magnr": 18.118000030517578,
            "sigmagnr": 0.07900000363588333,
            "magzpsci": 26.075899124145508,
            "isdiffpos": "t",
            "ssdistnr": -999.0,
            "ssnamenr": "null",
            "drb": 0.9999859929084778
        },
        {
            "candid": 993203570815015012,
            "jd": 2458747.7035764,
            "ra": 354.7253455,
            "dec": 38.1940504,
            "fid": 1,
            "nid": 993,
            "magpsf": 20.635700225830078,
            "sigmapsf": 0.19665899872779846,
            "magnr": 18.836999893188477,
            "sigmagnr": 0.07900000363588333,
            "magzpsci": 26.18670082092285,
            "isdiffpos": "t",
            "ssdistnr": -999.0,
            "ssnamenr": "-999.0",
            "drb": null
        },
        {
            "candid": 994202460815015004,
            "jd": 2458748.7024653,
            "ra": 354.7253552,
            "dec": 38.1939834,
            "fid": 1,
            "nid": 994,
            "magpsf": 20.37299919128418,
            "sigmapsf": 0.20178499817848206,
            "magnr": 18.836999893188477,
            "sigmagnr": 0.07900000363588333,
            "magzpsci": 26.18000030517578,
            "isdiffpos": "t",
            "ssdistnr": -999.0,
            "ssnamenr": "-999.0",
            "drb": null
        },
        {
            "candid": 995175520815015009,
            "jd": 2458749.6755208,
            "ra": 354.7253908,
            "dec": 38.1940931,
            "fid": 2,
            "nid": 995,
            "magpsf": 19.67530059814453,
            "sigmapsf": 0.15931500494480133,
            "magnr": 18.118000030517578,
            "sigmagnr": 0.07900000363588333,
            "magzpsci": 26.080299377441406,
            "isdiffpos": "t",
            "ssdistnr": -999.0,
            "ssnamenr": "-999.0",
            "drb": null
        },
        {
            "candid": 995204310815015011,
            "jd": 2458749.7043171,
            "ra": 354.7253891,
            "dec": 38.1939808,
            "fid": 1,
            "nid": 995,
            "magpsf": 19.909000396728516,
            "sigmapsf": 0.13692200183868408,
            "magnr": 18.836999893188477,
            "sigmagnr": 0.07900000363588333,
            "magzpsci": 26.18000030517578,
            "isdiffpos": "t",
            "ssdistnr": -999.0,
            "ssnamenr": "null",
            "drb": 0.9999989867210388
        },
        {
            "candid": 996175840815015003,
            "jd": 2458750.6758449,
            "ra": 354.7254738,
            "dec": 38.1940856,
            "fid": 2,
            "nid": 996,
            "magpsf": 19.539499282836914,
            "sigmapsf": 0.1467220038175583,
            "magnr": 18.118000030517578,
            "sigmagnr": 0.07900000363588333,
            "magzpsci": 26.079500198364258,
            "isdiffpos": "t",
            "ssdistnr": -999.0,
            "ssnamenr": "null",
            "drb": 1.0
        },
        {
            "candid": 996204660815015013,
            "jd": 2458750.7046644,
            "ra": 354.7254179,
            "dec": 38.1940509,
            "fid": 1,
            "nid": 996,
            "magpsf": 19.529399871826172,
            "sigmapsf": 0.18703599274158478,
            "magnr": 18.836999893188477,
            "sigmagnr": 0.07900000363588333,
            "magzpsci": 26.144399642944336,
            "isdiffpos": "t",
            "ssdistnr": -999.0,
            "ssnamenr": "-999.0",
            "drb": null
        },
        {
            "candid": 997173470815015013,
            "jd": 2458751.6734722,
            "ra": 354.7253813,
            "dec": 38.1940335,
            "fid": 2,
            "nid": 997,
            "magpsf": 19.128400802612305,
            "sigmapsf": 0.10965000092983246,
            "magnr": 18.118000030517578,
            "sigmagnr": 0.07900000363588333,
            "magzpsci": 26.069400787353516,
            "isdiffpos": "t",
            "ssdistnr": -999.0,
            "ssnamenr": "null",
            "drb": 0.9999989867210388
        },
        {
            "candid": 997202290815015026,
            "jd": 2458751.7022917,
            "ra": 354.725386,
            "dec": 38.1939999,
            "fid": 1,
            "nid": 997,
            "magpsf": 19.281600952148438,
            "sigmapsf": 0.09481500089168549,
            "magnr": 18.836999893188477,
            "sigmagnr": 0.07900000363588333,
            "magzpsci": 26.191600799560547,
            "isdiffpos": "t",
            "ssdistnr": -999.0,
            "ssnamenr": "null",
            "drb": 0.9999989867210388
        },
        {
            "candid": 1000173170815015004,
            "jd": 2458754.6731713,
            "ra": 354.7254147,
            "dec": 38.1940043,
            "fid": 2,
            "nid": 1000,
            "magpsf": 18.735700607299805,
            "sigmapsf": 0.06182900071144104,
            "magnr": 18.118000030517578,
            "sigmagnr": 0.07900000363588333,
            "magzpsci": 26.114700317382812,
            "isdiffpos": "t",
            "ssdistnr": -999.0,
            "ssnamenr": "null",
            "drb": 1.0
        },
        {
            "candid": 1000202110815015004,
            "jd": 2458754.7021181,
            "ra": 354.7253492,
            "dec": 38.1940049,
            "fid": 1,
            "nid": 1000,
            "magpsf": 18.861799240112305,
            "sigmapsf": 0.08584900200366974,
            "magnr": 18.836999893188477,
            "sigmagnr": 0.07900000363588333,
            "magzpsci": 26.24880027770996,
            "isdiffpos": "t",
            "ssdistnr": -999.0,
            "ssnamenr": "null",
            "drb": 1.0
        },
        {
            "candid": 1004182400815015004,
            "jd": 2458758.6824074,
            "ra": 354.7253791,
            "dec": 38.1940225,
            "fid": 2,
            "nid": 1004,
            "magpsf": 18.328399658203125,
            "sigmapsf": 0.0625929981470108,
            "magnr": 18.118000030517578,
            "sigmagnr": 0.07900000363588333,
            "magzpsci": 26.11840057373047,
            "isdiffpos": "t",
            "ssdistnr": -999.0,
            "ssnamenr": "null",
            "drb": 0.9999930262565613
        },
        {
            "candid": 1006174820815015022,
            "jd": 2458760.6748264,
            "ra": 354.7253983,
            "dec": 38.1940255,
            "fid": 2,
            "nid": 1006,
            "magpsf": 18.314199447631836,
            "sigmapsf": 0.05347000062465668,
            "magnr": 18.118000030517578,
            "sigmagnr": 0.07900000363588333,
            "magzpsci": 26.143199920654297,
            "isdiffpos": "t",
            "ssdistnr": -999.0,
            "ssnamenr": "null",
            "drb": 0.999970018863678
        },
        {
            "candid": 1006203660815015010,
            "jd": 2458760.703669,
            "ra": 354.7253724,
            "dec": 38.1940023,
            "fid": 1,
            "nid": 1006,
            "magpsf": 18.460899353027344,
            "sigmapsf": 0.05963300168514252,
            "magnr": 18.836999893188477,
            "sigmagnr": 0.07900000363588333,
            "magzpsci": 26.28190040588379,
            "isdiffpos": "t",
            "ssdistnr": -999.0,
            "ssnamenr": "null",
            "drb": 1.0
        },
        {
            "candid": 1007173850815015013,
            "jd": 2458761.6738542,
            "ra": 354.7254088,
            "dec": 38.1940247,
            "fid": 2,
            "nid": 1007,
            "magpsf": 18.319799423217773,
            "sigmapsf": 0.056790001690387726,
            "magnr": 18.118000030517578,
            "sigmagnr": 0.07900000363588333,
            "magzpsci": 26.135799407958984,
            "isdiffpos": "t",
            "ssdistnr": -999.0,
            "ssnamenr": "null",
            "drb": 1.0
        },
        {
            "candid": 1007202730815015008,
            "jd": 2458761.7027315,
            "ra": 354.7253901,
            "dec": 38.1940099,
            "fid": 1,
            "nid": 1007,
            "magpsf": 18.42930030822754,
            "sigmapsf": 0.06894999742507935,
            "magnr": 18.836999893188477,
            "sigmagnr": 0.07900000363588333,
            "magzpsci": 26.240299224853516,
            "isdiffpos": "t",
            "ssdistnr": -999.0,
            "ssnamenr": "null",
            "drb": 0.9999989867210388
        },
        {
            "candid": 1008173610815015009,
            "jd": 2458762.6736111,
            "ra": 354.7253942,
            "dec": 38.1940359,
            "fid": 2,
            "nid": 1008,
            "magpsf": 18.261999130249023,
            "sigmapsf": 0.07408399879932404,
            "magnr": 18.118000030517578,
            "sigmagnr": 0.07900000363588333,
            "magzpsci": 26.148000717163086,
            "isdiffpos": "t",
            "ssdistnr": -999.0,
            "ssnamenr": "null",
            "drb": 1.0
        },
        {
            "candid": 1008201970815015008,
            "jd": 2458762.7019792,
            "ra": 354.7253615,
            "dec": 38.1940267,
            "fid": 1,
            "nid": 1008,
            "magpsf": 18.458099365234375,
            "sigmapsf": 0.07057700306177139,
            "magnr": 18.836999893188477,
            "sigmagnr": 0.07900000363588333,
            "magzpsci": 26.27910041809082,
            "isdiffpos": "t",
            "ssdistnr": -999.0,
            "ssnamenr": "null",
            "drb": 1.0
        },
        {
            "candid": 1009174950815015015,
            "jd": 2458763.6749537,
            "ra": 354.7254205,
            "dec": 38.1940554,
            "fid": 2,
            "nid": 1009,
            "magpsf": 18.270200729370117,
            "sigmapsf": 0.053693000227212906,
            "magnr": 18.118000030517578,
            "sigmagnr": 0.07900000363588333,
            "magzpsci": 26.142200469970703,
            "isdiffpos": "t",
            "ssdistnr": -999.0,
            "ssnamenr": "null",
            "drb": 1.0
        },
        {
            "candid": 1009203460815015004,
            "jd": 2458763.7034606,
            "ra": 354.7253863,
            "dec": 38.1940206,
            "fid": 1,
            "nid": 1009,
            "magpsf": 18.444400787353516,
            "sigmapsf": 0.06619200110435486,
            "magnr": 18.836999893188477,
            "sigmagnr": 0.07900000363588333,
            "magzpsci": 26.255399703979492,
            "isdiffpos": "t",
            "ssdistnr": -999.0,
            "ssnamenr": "null",
            "drb": 1.0
        },
        {
            "candid": 1010152680815015007,
            "jd": 2458764.6526852,
            "ra": 354.7253932,
            "dec": 38.1940346,
            "fid": 2,
            "nid": 1010,
            "magpsf": 18.276500701904297,
            "sigmapsf": 0.05121000111103058,
            "magnr": 18.118000030517578,
            "sigmagnr": 0.07900000363588333,
            "magzpsci": 26.116500854492188,
            "isdiffpos": "t",
            "ssdistnr": -999.0,
            "ssnamenr": "null",
            "drb": 0.9999129772186279
        },
        {
            "candid": 1010184270815015008,
            "jd": 2458764.6842708,
            "ra": 354.7253788,
            "dec": 38.1940016,
            "fid": 1,
            "nid": 1010,
            "magpsf": 18.5231990814209,
            "sigmapsf": 0.06909999996423721,
            "magnr": 18.836999893188477,
            "sigmagnr": 0.07900000363588333,
            "magzpsci": 26.206199645996094,
            "isdiffpos": "t",
            "ssdistnr": -999.0,
            "ssnamenr": "null",
            "drb": 1.0
        },
        {
            "candid": 1011153310815015002,
            "jd": 2458765.6533102,
            "ra": 354.7253738,
            "dec": 38.1940476,
            "fid": 2,
            "nid": 1011,
            "magpsf": 18.261199951171875,
            "sigmapsf": 0.056425999850034714,
            "magnr": 18.118000030517578,
            "sigmagnr": 0.07900000363588333,
            "magzpsci": 26.129199981689453,
            "isdiffpos": "t",
            "ssdistnr": -999.0,
            "ssnamenr": "null",
            "drb": 0.9999949932098389
        },
        {
            "candid": 1011184950815015005,
            "jd": 2458765.6849537,
            "ra": 354.725383,
            "dec": 38.1940243,
            "fid": 1,
            "nid": 1011,
            "magpsf": 18.488800048828125,
            "sigmapsf": 0.0595880001783371,
            "magnr": 18.836999893188477,
            "sigmagnr": 0.07900000363588333,
            "magzpsci": 26.23579978942871,
            "isdiffpos": "t",
            "ssdistnr": -999.0,
            "ssnamenr": "null",
            "drb": 1.0
        },
        {
            "candid": 1012151940815015002,
            "jd": 2458766.6519444,
            "ra": 354.7254183,
            "dec": 38.1940438,
            "fid": 2,
            "nid": 1012,
            "magpsf": 18.31999969482422,
            "sigmapsf": 0.07098100334405899,
            "magnr": 18.118000030517578,
            "sigmagnr": 0.07900000363588333,
            "magzpsci": 26.134000778198242,
            "isdiffpos": "t",
            "ssdistnr": -999.0,
            "ssnamenr": "null",
            "drb": 1.0
        },
        {
            "candid": 1012183510815015002,
            "jd": 2458766.6835185,
            "ra": 354.7253673,
            "dec": 38.1940057,
            "fid": 1,
            "nid": 1012,
            "magpsf": 18.614500045776367,
            "sigmapsf": 0.08160600066184998,
            "magnr": 18.836999893188477,
            "sigmagnr": 0.07900000363588333,
            "magzpsci": 26.248600006103516,
            "isdiffpos": "t",
            "ssdistnr": -999.0,
            "ssnamenr": "null",
            "drb": 1.0
        },
        {
            "candid": 1013153170815015001,
            "jd": 2458767.6531713,
            "ra": 354.7254608,
            "dec": 38.1940359,
            "fid": 2,
            "nid": 1013,
            "magpsf": 18.318700790405273,
            "sigmapsf": 0.0950080007314682,
            "magnr": 18.118000030517578,
            "sigmagnr": 0.07900000363588333,
            "magzpsci": 26.09469985961914,
            "isdiffpos": "t",
            "ssdistnr": -999.0,
            "ssnamenr": "null",
            "drb": 1.0
        },
        {
            "candid": 1013181030815015000,
            "jd": 2458767.6810301,
            "ra": 354.7253063,
            "dec": 38.1939471,
            "fid": 1,
            "nid": 1013,
            "magpsf": 18.76300048828125,
            "sigmapsf": 0.18996700644493103,
            "magnr": 18.836999893188477,
            "sigmagnr": 0.07900000363588333,
            "magzpsci": 26.197999954223633,
            "isdiffpos": "t",
            "ssdistnr": -999.0,
            "ssnamenr": "-999.0",
            "drb": null
        },
        {
            "candid": 1014153740815015004,
            "jd": 2458768.65375,
            "ra": 354.7253521,
            "dec": 38.1940351,
            "fid": 2,
            "nid": 1014,
            "magpsf": 18.402099609375,
            "sigmapsf": 0.09431800246238708,
            "magnr": 18.118000030517578,
            "sigmagnr": 0.07900000363588333,
            "magzpsci": 26.129100799560547,
            "isdiffpos": "t",
            "ssdistnr": -999.0,
            "ssnamenr": "null",
            "drb": 0.9999989867210388
        },
        {
            "candid": 1014181620815015002,
            "jd": 2458768.6816204,
            "ra": 354.7253442,
            "dec": 38.1940282,
            "fid": 1,
            "nid": 1014,
            "magpsf": 18.77280044555664,
            "sigmapsf": 0.16835300624370575,
            "magnr": 18.836999893188477,
            "sigmagnr": 0.07900000363588333,
            "magzpsci": 26.258800506591797,
            "isdiffpos": "t",
            "ssdistnr": -999.0,
            "ssnamenr": "null",
            "drb": 0.9999970197677612
        },
        {
            "candid": 1015153640815015000,
            "jd": 2458769.6536458,
            "ra": 354.7254161,
            "dec": 38.194046,
            "fid": 2,
            "nid": 1015,
            "magpsf": 18.54170036315918,
            "sigmapsf": 0.08708299696445465,
            "magnr": 18.118000030517578,
            "sigmagnr": 0.07900000363588333,
            "magzpsci": 26.119699478149414,
            "isdiffpos": "t",
            "ssdistnr": -999.0,
            "ssnamenr": "null",
            "drb": 1.0
        },
        {
            "candid": 1016153710815015002,
            "jd": 2458770.6537153,
            "ra": 354.7253419,
            "dec": 38.1940674,
            "fid": 2,
            "nid": 1016,
            "magpsf": 18.477500915527344,
            "sigmapsf": 0.09027799963951111,
            "magnr": 18.118000030517578,
            "sigmagnr": 0.07900000363588333,
            "magzpsci": 26.114500045776367,
            "isdiffpos": "t",
            "ssdistnr": -999.0,
            "ssnamenr": "null",
            "drb": 0.9999989867210388
        },
        {
            "candid": 1016181590815015001,
            "jd": 2458770.6815972,
            "ra": 354.7253354,
            "dec": 38.1939527,
            "fid": 1,
            "nid": 1016,
            "magpsf": 19.002899169921875,
            "sigmapsf": 0.17227700352668762,
            "magnr": 18.836999893188477,
            "sigmagnr": 0.07900000363588333,
            "magzpsci": 26.2278995513916,
            "isdiffpos": "t",
            "ssdistnr": -999.0,
            "ssnamenr": "null",
            "drb": 0.9999979734420776
        },
        {
            "candid": 1017153930815015001,
            "jd": 2458771.6539352,
            "ra": 354.7254246,
            "dec": 38.1940172,
            "fid": 2,
            "nid": 1017,
            "magpsf": 18.422300338745117,
            "sigmapsf": 0.08256399631500244,
            "magnr": 18.118000030517578,
            "sigmagnr": 0.07900000363588333,
            "magzpsci": 26.097299575805664,
            "isdiffpos": "t",
            "ssdistnr": -999.0,
            "ssnamenr": "null",
            "drb": 0.9999970197677612
        },
        {
            "candid": 1017181810815015000,
            "jd": 2458771.6818171,
            "ra": 354.7254427,
            "dec": 38.193975,
            "fid": 1,
            "nid": 1017,
            "magpsf": 19.027599334716797,
            "sigmapsf": 0.17282499372959137,
            "magnr": 18.836999893188477,
            "sigmagnr": 0.07900000363588333,
            "magzpsci": 26.202600479125977,
            "isdiffpos": "t",
            "ssdistnr": -999.0,
            "ssnamenr": "null",
            "drb": 1.0
        },
        {
            "candid": 1018154250815015004,
            "jd": 2458772.6542593,
            "ra": 354.7253832,
            "dec": 38.1940301,
            "fid": 2,
            "nid": 1018,
            "magpsf": 18.6825008392334,
            "sigmapsf": 0.07506299763917923,
            "magnr": 18.118000030517578,
            "sigmagnr": 0.07900000363588333,
            "magzpsci": 26.12649917602539,
            "isdiffpos": "t",
            "ssdistnr": -999.0,
            "ssnamenr": "null",
            "drb": 0.9999979734420776
        },
        {
            "candid": 1018182190815015004,
            "jd": 2458772.6821991,
            "ra": 354.7253707,
            "dec": 38.1940183,
            "fid": 1,
            "nid": 1018,
            "magpsf": 18.993499755859375,
            "sigmapsf": 0.11773200333118439,
            "magnr": 18.836999893188477,
            "sigmagnr": 0.07900000363588333,
            "magzpsci": 26.221500396728516,
            "isdiffpos": "t",
            "ssdistnr": -999.0,
            "ssnamenr": "null",
            "drb": 1.0
        },
        {
            "candid": 1019152880815015000,
            "jd": 2458773.6528819,
            "ra": 354.7253793,
            "dec": 38.1940421,
            "fid": 2,
            "nid": 1019,
            "magpsf": 18.73550033569336,
            "sigmapsf": 0.1256289929151535,
            "magnr": 18.118000030517578,
            "sigmagnr": 0.07900000363588333,
            "magzpsci": 25.75349998474121,
            "isdiffpos": "t",
            "ssdistnr": -999.0,
            "ssnamenr": "null",
            "drb": 0.9999889731407166
        },
        {
            "candid": 1020152780815015006,
            "jd": 2458774.6527894,
            "ra": 354.7253971,
            "dec": 38.1940502,
            "fid": 2,
            "nid": 1020,
            "magpsf": 18.806499481201172,
            "sigmapsf": 0.09075800329446793,
            "magnr": 18.118000030517578,
            "sigmagnr": 0.07900000363588333,
            "magzpsci": 26.13450050354004,
            "isdiffpos": "t",
            "ssdistnr": -999.0,
            "ssnamenr": "null",
            "drb": 0.9999740123748779
        },
        {
            "candid": 1020180720815015005,
            "jd": 2458774.6807292,
            "ra": 354.7254327,
            "dec": 38.1940041,
            "fid": 1,
            "nid": 1020,
            "magpsf": 19.243200302124023,
            "sigmapsf": 0.1014999970793724,
            "magnr": 18.836999893188477,
            "sigmagnr": 0.07900000363588333,
            "magzpsci": 26.228200912475586,
            "isdiffpos": "t",
            "ssdistnr": -999.0,
            "ssnamenr": "null",
            "drb": 1.0
        },
        {
            "candid": 1021152900815015015,
            "jd": 2458775.6529051,
            "ra": 354.7254011,
            "dec": 38.1940309,
            "fid": 2,
            "nid": 1021,
            "magpsf": 18.8843994140625,
            "sigmapsf": 0.06272400170564651,
            "magnr": 18.118000030517578,
            "sigmagnr": 0.07900000363588333,
            "magzpsci": 26.111400604248047,
            "isdiffpos": "t",
            "ssdistnr": -999.0,
            "ssnamenr": "null",
            "drb": 1.0
        },
        {
            "candid": 1021180830815015006,
            "jd": 2458775.6808333,
            "ra": 354.7253569,
            "dec": 38.194004,
            "fid": 1,
            "nid": 1021,
            "magpsf": 19.333200454711914,
            "sigmapsf": 0.09120500087738037,
            "magnr": 18.836999893188477,
            "sigmagnr": 0.07900000363588333,
            "magzpsci": 26.266199111938477,
            "isdiffpos": "t",
            "ssdistnr": -999.0,
            "ssnamenr": "null",
            "drb": 1.0
        },
        {
            "candid": 1022152120815015006,
            "jd": 2458776.6521296,
            "ra": 354.7253876,
            "dec": 38.1940323,
            "fid": 2,
            "nid": 1022,
            "magpsf": 18.896799087524414,
            "sigmapsf": 0.07184900343418121,
            "magnr": 18.118000030517578,
            "sigmagnr": 0.07900000363588333,
            "magzpsci": 26.126800537109375,
            "isdiffpos": "t",
            "ssdistnr": -999.0,
            "ssnamenr": "null",
            "drb": 0.9999849796295166
        },
        {
            "candid": 1022180050815015008,
            "jd": 2458776.6800579,
            "ra": 354.7253926,
            "dec": 38.1940173,
            "fid": 1,
            "nid": 1022,
            "magpsf": 19.44930076599121,
            "sigmapsf": 0.08932799845933914,
            "magnr": 18.836999893188477,
            "sigmagnr": 0.07900000363588333,
            "magzpsci": 26.252300262451172,
            "isdiffpos": "t",
            "ssdistnr": -999.0,
            "ssnamenr": "null",
            "drb": 1.0
        },
        {
            "candid": 1023152540815015004,
            "jd": 2458777.6525463,
            "ra": 354.7253992,
            "dec": 38.1940529,
            "fid": 2,
            "nid": 1023,
            "magpsf": 18.822200775146484,
            "sigmapsf": 0.07527600228786469,
            "magnr": 18.118000030517578,
            "sigmagnr": 0.07900000363588333,
            "magzpsci": 26.140199661254883,
            "isdiffpos": "t",
            "ssdistnr": -999.0,
            "ssnamenr": "null",
            "drb": 0.9999979734420776
        },
        {
            "candid": 1023180520815015004,
            "jd": 2458777.6805208,
            "ra": 354.7254012,
            "dec": 38.1940098,
            "fid": 1,
            "nid": 1023,
            "magpsf": 19.594900131225586,
            "sigmapsf": 0.12030299752950668,
            "magnr": 18.836999893188477,
            "sigmagnr": 0.07900000363588333,
            "magzpsci": 26.248899459838867,
            "isdiffpos": "t",
            "ssdistnr": -999.0,
            "ssnamenr": "null",
            "drb": 0.9999920129776001
        },
        {
            "candid": 1024152740815015005,
            "jd": 2458778.6527431,
            "ra": 354.7254149,
            "dec": 38.1940257,
            "fid": 2,
            "nid": 1024,
            "magpsf": 18.899499893188477,
            "sigmapsf": 0.09007100015878677,
            "magnr": 18.118000030517578,
            "sigmagnr": 0.07900000363588333,
            "magzpsci": 26.14150047302246,
            "isdiffpos": "t",
            "ssdistnr": -999.0,
            "ssnamenr": "null",
            "drb": 1.0
        },
        {
            "candid": 1024180710815015005,
            "jd": 2458778.6807176,
            "ra": 354.7253726,
            "dec": 38.1939738,
            "fid": 1,
            "nid": 1024,
            "magpsf": 19.758800506591797,
            "sigmapsf": 0.133433997631073,
            "magnr": 18.836999893188477,
            "sigmagnr": 0.07900000363588333,
            "magzpsci": 26.2637996673584,
            "isdiffpos": "t",
            "ssdistnr": -999.0,
            "ssnamenr": "null",
            "drb": 1.0
        },
        {
            "candid": 1025180520815015009,
            "jd": 2458779.6805208,
            "ra": 354.7253541,
            "dec": 38.1940047,
            "fid": 1,
            "nid": 1025,
            "magpsf": 19.829200744628906,
            "sigmapsf": 0.11965499818325043,
            "magnr": 18.836999893188477,
            "sigmagnr": 0.07900000363588333,
            "magzpsci": 26.24519920349121,
            "isdiffpos": "t",
            "ssdistnr": -999.0,
            "ssnamenr": "null",
            "drb": 0.9999989867210388
        },
        {
            "candid": 1027152440815015003,
            "jd": 2458781.6524421,
            "ra": 354.7254386,
            "dec": 38.1939956,
            "fid": 2,
            "nid": 1027,
            "magpsf": 19.046899795532227,
            "sigmapsf": 0.12191300094127655,
            "magnr": 18.118000030517578,
            "sigmagnr": 0.07900000363588333,
            "magzpsci": 26.158899307250977,
            "isdiffpos": "t",
            "ssdistnr": -999.0,
            "ssnamenr": "null",
            "drb": 1.0
        },
        {
            "candid": 1027180000815015002,
            "jd": 2458781.68,
            "ra": 354.7254156,
            "dec": 38.1938763,
            "fid": 1,
            "nid": 1027,
            "magpsf": 19.7716007232666,
            "sigmapsf": 0.23623299598693848,
            "magnr": 18.836999893188477,
            "sigmagnr": 0.07900000363588333,
            "magzpsci": 26.246599197387695,
            "isdiffpos": "t",
            "ssdistnr": -999.0,
            "ssnamenr": "-999.0",
            "drb": null
        },
        {
            "candid": 1028151550815015004,
            "jd": 2458782.6515509,
            "ra": 354.72539,
            "dec": 38.1940526,
            "fid": 2,
            "nid": 1028,
            "magpsf": 18.95240020751953,
            "sigmapsf": 0.09713900089263916,
            "magnr": 18.118000030517578,
            "sigmagnr": 0.07900000363588333,
            "magzpsci": 26.161399841308594,
            "isdiffpos": "t",
            "ssdistnr": -999.0,
            "ssnamenr": "null",
            "drb": 0.9999939799308777
        },
        {
            "candid": 1028178830815015005,
            "jd": 2458782.678831,
            "ra": 354.7253611,
            "dec": 38.1939879,
            "fid": 1,
            "nid": 1028,
            "magpsf": 19.887699127197266,
            "sigmapsf": 0.13882499933242798,
            "magnr": 18.836999893188477,
            "sigmagnr": 0.07900000363588333,
            "magzpsci": 26.26569938659668,
            "isdiffpos": "t",
            "ssdistnr": -999.0,
            "ssnamenr": "null",
            "drb": 0.9999930262565613
        },
        {
            "candid": 1029152750815015005,
            "jd": 2458783.6527546,
            "ra": 354.7253855,
            "dec": 38.1940545,
            "fid": 2,
            "nid": 1029,
            "magpsf": 19.0137996673584,
            "sigmapsf": 0.10228200256824493,
            "magnr": 18.118000030517578,
            "sigmagnr": 0.07900000363588333,
            "magzpsci": 26.168800354003906,
            "isdiffpos": "t",
            "ssdistnr": -999.0,
            "ssnamenr": "null",
            "drb": 0.9999920129776001
        },
        {
            "candid": 1029179880815015005,
            "jd": 2458783.6798843,
            "ra": 354.7254148,
            "dec": 38.1939932,
            "fid": 1,
            "nid": 1029,
            "magpsf": 20.182300567626953,
            "sigmapsf": 0.18651099503040314,
            "magnr": 18.836999893188477,
            "sigmagnr": 0.07900000363588333,
            "magzpsci": 26.262300491333008,
            "isdiffpos": "t",
            "ssdistnr": -999.0,
            "ssnamenr": "-999.0",
            "drb": null
        },
        {
            "candid": 1031152390815015006,
            "jd": 2458785.6523958,
            "ra": 354.7254053,
            "dec": 38.1940413,
            "fid": 2,
            "nid": 1031,
            "magpsf": 19.063800811767578,
            "sigmapsf": 0.100211001932621,
            "magnr": 18.118000030517578,
            "sigmagnr": 0.07900000363588333,
            "magzpsci": 26.161800384521484,
            "isdiffpos": "t",
            "ssdistnr": -999.0,
            "ssnamenr": "null",
            "drb": 0.9999880194664001
        },
        {
            "candid": 1031179590815015005,
            "jd": 2458785.6795949,
            "ra": 354.7253671,
            "dec": 38.1940259,
            "fid": 1,
            "nid": 1031,
            "magpsf": 20.214599609375,
            "sigmapsf": 0.18017800152301788,
            "magnr": 18.836999893188477,
            "sigmagnr": 0.07900000363588333,
            "magzpsci": 26.265600204467773,
            "isdiffpos": "t",
            "ssdistnr": -999.0,
            "ssnamenr": "null",
            "drb": 0.9999989867210388
        },
        {
            "candid": 1032159290815015006,
            "jd": 2458786.659294,
            "ra": 354.7253836,
            "dec": 38.1940497,
            "fid": 2,
            "nid": 1032,
            "magpsf": 19.136600494384766,
            "sigmapsf": 0.0873659998178482,
            "magnr": 18.118000030517578,
            "sigmagnr": 0.07900000363588333,
            "magzpsci": 26.13559913635254,
            "isdiffpos": "t",
            "ssdistnr": -999.0,
            "ssnamenr": "null",
            "drb": 1.0
        },
        {
            "candid": 1032188390815015007,
            "jd": 2458786.6883912,
            "ra": 354.7253135,
            "dec": 38.193951,
            "fid": 1,
            "nid": 1032,
            "magpsf": 20.435100555419922,
            "sigmapsf": 0.19880199432373047,
            "magnr": 18.836999893188477,
            "sigmagnr": 0.07900000363588333,
            "magzpsci": 26.236099243164062,
            "isdiffpos": "t",
            "ssdistnr": -999.0,
            "ssnamenr": "null",
            "drb": 0.9999989867210388
        },
        {
            "candid": 1033151650815015003,
            "jd": 2458787.6516551,
            "ra": 354.7253935,
            "dec": 38.1940192,
            "fid": 2,
            "nid": 1033,
            "magpsf": 19.056699752807617,
            "sigmapsf": 0.09595099836587906,
            "magnr": 18.118000030517578,
            "sigmagnr": 0.07900000363588333,
            "magzpsci": 26.159700393676758,
            "isdiffpos": "t",
            "ssdistnr": -999.0,
            "ssnamenr": "null",
            "drb": 0.9999989867210388
        },
        {
            "candid": 1033178350815015005,
            "jd": 2458787.6783565,
            "ra": 354.7253882,
            "dec": 38.1939291,
            "fid": 1,
            "nid": 1033,
            "magpsf": 20.32229995727539,
            "sigmapsf": 0.23802199959754944,
            "magnr": 18.836999893188477,
            "sigmagnr": 0.07900000363588333,
            "magzpsci": 26.260299682617188,
            "isdiffpos": "t",
            "ssdistnr": -999.0,
            "ssnamenr": "-999.0",
            "drb": null
        },
        {
            "candid": 1034152540815015007,
            "jd": 2458788.6525463,
            "ra": 354.725393,
            "dec": 38.1940041,
            "fid": 2,
            "nid": 1034,
            "magpsf": 19.240800857543945,
            "sigmapsf": 0.11896499991416931,
            "magnr": 18.118000030517578,
            "sigmagnr": 0.07900000363588333,
            "magzpsci": 26.153799057006836,
            "isdiffpos": "t",
            "ssdistnr": -999.0,
            "ssnamenr": "null",
            "drb": 0.9999989867210388
        },
        {
            "candid": 1034179280815015003,
            "jd": 2458788.6792824,
            "ra": 354.7254164,
            "dec": 38.1939317,
            "fid": 1,
            "nid": 1034,
            "magpsf": 20.544099807739258,
            "sigmapsf": 0.24560900032520294,
            "magnr": 18.836999893188477,
            "sigmagnr": 0.07900000363588333,
            "magzpsci": 26.26110076904297,
            "isdiffpos": "t",
            "ssdistnr": -999.0,
            "ssnamenr": "-999.0",
            "drb": null
        },
        {
            "candid": 1035152910815015000,
            "jd": 2458789.6529167,
            "ra": 354.7254026,
            "dec": 38.1940558,
            "fid": 2,
            "nid": 1035,
            "magpsf": 19.22719955444336,
            "sigmapsf": 0.099651999771595,
            "magnr": 18.118000030517578,
            "sigmagnr": 0.07900000363588333,
            "magzpsci": 26.156200408935547,
            "isdiffpos": "t",
            "ssdistnr": -999.0,
            "ssnamenr": "null",
            "drb": 0.9999989867210388
        },
        {
            "candid": 1035179690815015005,
            "jd": 2458789.6796991,
            "ra": 354.7253161,
            "dec": 38.1940668,
            "fid": 1,
            "nid": 1035,
            "magpsf": 20.606599807739258,
            "sigmapsf": 0.22541500627994537,
            "magnr": 18.836999893188477,
            "sigmagnr": 0.07900000363588333,
            "magzpsci": 26.265600204467773,
            "isdiffpos": "t",
            "ssdistnr": -999.0,
            "ssnamenr": "-999.0",
            "drb": null
        },
        {
            "candid": 1035258960815015006,
            "jd": 2458789.7589699,
            "ra": 354.7253556,
            "dec": 38.1939978,
            "fid": 2,
            "nid": 1035,
            "magpsf": 19.13010025024414,
            "sigmapsf": 0.11952300369739532,
            "magnr": 18.118000030517578,
            "sigmagnr": 0.07900000363588333,
            "magzpsci": 26.149099349975586,
            "isdiffpos": "t",
            "ssdistnr": -999.0,
            "ssnamenr": "null",
            "drb": 0.9999989867210388
        },
        {
            "candid": 1036141510815015003,
            "jd": 2458790.6415162,
            "ra": 354.7254029,
            "dec": 38.1940042,
            "fid": 2,
            "nid": 1036,
            "magpsf": 19.203800201416016,
            "sigmapsf": 0.09673800319433212,
            "magnr": 18.118000030517578,
            "sigmagnr": 0.07900000363588333,
            "magzpsci": 26.16080093383789,
            "isdiffpos": "t",
            "ssdistnr": -999.0,
            "ssnamenr": "null",
            "drb": 0.9999979734420776
        },
        {
            "candid": 1036170750815015003,
            "jd": 2458790.6707523,
            "ra": 354.7253594,
            "dec": 38.1940496,
            "fid": 2,
            "nid": 1036,
            "magpsf": 19.19300079345703,
            "sigmapsf": 0.1501159965991974,
            "magnr": 18.118000030517578,
            "sigmagnr": 0.07900000363588333,
            "magzpsci": 26.163999557495117,
            "isdiffpos": "t",
            "ssdistnr": -999.0,
            "ssnamenr": "null",
            "drb": 0.9998970031738281
        },
        {
            "candid": 1036259600815015004,
            "jd": 2458790.7596065,
            "ra": 354.725372,
            "dec": 38.1940392,
            "fid": 1,
            "nid": 1036,
            "magpsf": 20.607500076293945,
            "sigmapsf": 0.2465289980173111,
            "magnr": 18.836999893188477,
            "sigmagnr": 0.07900000363588333,
            "magzpsci": 26.25550079345703,
            "isdiffpos": "t",
            "ssdistnr": -999.0,
            "ssnamenr": "-999.0",
            "drb": null
        },
        {
            "candid": 1038159570815015003,
            "jd": 2458792.6595718,
            "ra": 354.7254171,
            "dec": 38.1940176,
            "fid": 2,
            "nid": 1038,
            "magpsf": 19.44529914855957,
            "sigmapsf": 0.12093599885702133,
            "magnr": 18.118000030517578,
            "sigmagnr": 0.07900000363588333,
            "magzpsci": 26.132299423217773,
            "isdiffpos": "t",
            "ssdistnr": -999.0,
            "ssnamenr": "null",
            "drb": 0.9999989867210388
        },
        {
            "candid": 1039107800815015001,
            "jd": 2458793.6078009,
            "ra": 354.7253991,
            "dec": 38.1940466,
            "fid": 2,
            "nid": 1039,
            "magpsf": 19.428600311279297,
            "sigmapsf": 0.13705900311470032,
            "magnr": 18.118000030517578,
            "sigmagnr": 0.07900000363588333,
            "magzpsci": 26.151599884033203,
            "isdiffpos": "t",
            "ssdistnr": -999.0,
            "ssnamenr": "null",
            "drb": 0.9999939799308777
        },
        {
            "candid": 1039201480815015006,
            "jd": 2458793.7014815,
            "ra": 354.7254321,
            "dec": 38.1939962,
            "fid": 1,
            "nid": 1039,
            "magpsf": 20.270599365234375,
            "sigmapsf": 0.24004599452018738,
            "magnr": 18.836999893188477,
            "sigmagnr": 0.07900000363588333,
            "magzpsci": 26.236600875854492,
            "isdiffpos": "t",
            "ssdistnr": -999.0,
            "ssnamenr": "-999.0",
            "drb": null
        },
        {
            "candid": 1042110940815015005,
            "jd": 2458796.6109491,
            "ra": 354.7253423,
            "dec": 38.194045,
            "fid": 2,
            "nid": 1042,
            "magpsf": 19.857799530029297,
            "sigmapsf": 0.255048006772995,
            "magnr": 18.118000030517578,
            "sigmagnr": 0.07900000363588333,
            "magzpsci": 26.15679931640625,
            "isdiffpos": "t",
            "ssdistnr": -999.0,
            "ssnamenr": "-999.0",
            "drb": null
        },
        {
            "candid": 1052221510815015004,
            "jd": 2458806.7215162,
            "ra": 354.7253592,
            "dec": 38.1941107,
            "fid": 2,
            "nid": 1052,
            "magpsf": 20.013999938964844,
            "sigmapsf": 0.1485700011253357,
            "magnr": 18.118000030517578,
            "sigmagnr": 0.07900000363588333,
            "magzpsci": 26.13599967956543,
            "isdiffpos": "t",
            "ssdistnr": -999.0,
            "ssnamenr": "null",
            "drb": 0.9999420046806335
        },
        {
            "jd": 2458718.97596,
            "fid": 2,
            "diffmaglim": 20.3700008392334
        },
        {
            "jd": 2458721.8216,
            "fid": 2,
            "diffmaglim": 18.98900032043457
        },
        {
            "jd": 2458724.93139,
            "fid": 1,
            "diffmaglim": 20.756000518798828
        },
        {
            "jd": 2458727.83112,
            "fid": 2,
            "diffmaglim": 20.763999938964844
        },
        {
            "jd": 2458727.90289,
            "fid": 1,
            "diffmaglim": 20.929000854492188
        },
        {
            "jd": 2458730.81858,
            "fid": 1,
            "diffmaglim": 20.660999298095703
        },
        {
            "jd": 2458730.90954,
            "fid": 2,
            "diffmaglim": 20.652999877929688
        },
        {
            "jd": 2458733.88794,
            "fid": 2,
            "diffmaglim": 20.68199920654297
        },
        {
            "jd": 2458736.92351,
            "fid": 2,
            "diffmaglim": 20.440000534057617
        },
        {
            "jd": 2458736.97241,
            "fid": 1,
            "diffmaglim": 20.722000122070312
        },
        {
            "jd": 2458738.67521,
            "fid": 2,
            "diffmaglim": 19.479999542236328
        },
        {
            "jd": 2458738.70808,
            "fid": 1,
            "diffmaglim": 19.39900016784668
        },
        {
            "jd": 2458739.67413,
            "fid": 2,
            "diffmaglim": 19.299999237060547
        },
        {
            "jd": 2458739.70714,
            "fid": 1,
            "diffmaglim": 19.41900062561035
        },
        {
            "jd": 2458740.67456,
            "fid": 2,
            "diffmaglim": 19.183000564575195
        },
        {
            "jd": 2458740.70692,
            "fid": 1,
            "diffmaglim": 19.104999542236328
        },
        {
            "jd": 2458741.67522,
            "fid": 2,
            "diffmaglim": 19.51300048828125
        },
        {
            "jd": 2458741.7038,
            "fid": 1,
            "diffmaglim": 19.312000274658203
        },
        {
            "jd": 2458742.70409,
            "fid": 1,
            "diffmaglim": 17.31399917602539
        },
        {
            "jd": 2458743.67582,
            "fid": 2,
            "diffmaglim": 19.542999267578125
        },
        {
            "jd": 2458743.70443,
            "fid": 1,
            "diffmaglim": 19.459999084472656
        },
        {
            "jd": 2458744.67483,
            "fid": 2,
            "diffmaglim": 20.200000762939453
        },
        {
            "jd": 2458744.70346,
            "fid": 1,
            "diffmaglim": 19.784000396728516
        },
        {
            "jd": 2458745.67495,
            "fid": 2,
            "diffmaglim": 20.482999801635742
        },
        {
            "jd": 2458745.70361,
            "fid": 1,
            "diffmaglim": 20.285999298095703
        },
        {
            "jd": 2458746.69955,
            "fid": 2,
            "diffmaglim": 20.187000274658203
        },
        {
            "jd": 2458748.67399,
            "fid": 2,
            "diffmaglim": 19.80500030517578
        },
        {
            "jd": 2458769.68154,
            "fid": 1,
            "diffmaglim": 19.284000396728516
        },
        {
            "jd": 2458773.6808,
            "fid": 1,
            "diffmaglim": 17.868000030517578
        },
        {
            "jd": 2458791.6834,
            "fid": 1,
            "diffmaglim": 20.426000595092773
        },
        {
            "jd": 2458793.68226,
            "fid": 1,
            "diffmaglim": 20.020999908447266
        },
        {
            "jd": 2458795.68376,
            "fid": 1,
            "diffmaglim": 19.819000244140625
        },
        {
            "jd": 2458796.67762,
            "fid": 1,
            "diffmaglim": 19.577999114990234
        },
        {
            "jd": 2458798.64882,
            "fid": 1,
            "diffmaglim": 19.479999542236328
        },
        {
            "jd": 2458798.75576,
            "fid": 2,
            "diffmaglim": 19.424999237060547
        },
        {
            "jd": 2458799.72434,
            "fid": 2,
            "diffmaglim": 19.280000686645508
        },
        {
            "jd": 2458800.68145,
            "fid": 1,
            "diffmaglim": 19.483999252319336
        },
        {
            "jd": 2458800.77628,
            "fid": 2,
            "diffmaglim": 19.638999938964844
        },
        {
            "jd": 2458800.81995,
            "fid": 2,
            "diffmaglim": 19.395000457763672
        },
        {
            "jd": 2458801.76947,
            "fid": 2,
            "diffmaglim": 19.10700035095215
        },
        {
            "jd": 2458802.71588,
            "fid": 1,
            "diffmaglim": 19.983999252319336
        },
        {
            "jd": 2458803.68205,
            "fid": 1,
            "diffmaglim": 19.535999298095703
        },
        {
            "jd": 2458803.73909,
            "fid": 2,
            "diffmaglim": 19.924999237060547
        },
        {
            "jd": 2458806.68503,
            "fid": 1,
            "diffmaglim": 20.52899932861328
        }
    ],
    "forcedphot": []
}