{
    "objectId": "ZTF23aadszza",
    "candidates": [
        {
            "candid": 2276162510815015003,
            "jd": 2460030.6625116,
            "ra": 102.6545195,
            "dec": 16.5655409,
            "fid": 1,
            "nid": 2276,
            "magpsf": 19.05660057067871,
            "sigmapsf": 0.09102900326251984,
            "magnr": 19.434999465942383,
            "sigmagnr": 0.11500000208616257,
            "magzpsci": 26.40959930419922,
            "isdiffpos": "t",
            "ssdistnr": null,
            "ssnamenr": null,
            "drb": 0.9999998807907104
        },
        {
            "candid": 2282198400815015027,
            "jd": 2460036.6984028,
            "ra": 102.6544821,
            "dec": 16.5655597,
            "fid": 2,
            "nid": 2282,
            "magpsf": 18.3887996673584,
            "sigmapsf": 0.08290699869394302,
            "magnr": 18.565000534057617,
            "sigmagnr": 0.09300000220537186,
            "magzpsci": 26.284799575805664,
            "isdiffpos": "t",
            "ssdistnr": null,
            "ssnamenr": null,
            "drb": null
        },
        {
            "candid": 2282286260815015004,
            "jd": 2460036.7862616,
            "ra": 102.6545947,
            "dec": 16.5655209,
            "fid": 1,
            "nid": 2282,
            "magpsf": 18.466800689697266,
            "sigmapsf": 0.16017700731754303,
            "magnr": 19.434999465942383,
            "sigmagnr": 0.11500000208616257,
            "magzpsci": 26.08180046081543,
            "isdiffpos": "t",
            "ssdistnr": null,
            "ssnamenr": null,
            "drb": null
        },
        {
            "candid": 2289158550815015006,
            "jd": 2460043.6585532,
            "ra": 102.6545179,
            "dec": 16.5655558,
            "fid": 1,
            "nid": 2289,
            "magpsf": 18.244300842285156,
            "sigmapsf": 0.06479199975728989,
            "magnr": 19.434999465942383,
            "sigmagnr": 0.11500000208616257,
            "magzpsci": 26.233299255371094,
            "isdiffpos": "t",
            "ssdistnr": null,
            "ssnamenr": null,
            "drb": null
        },
        {
            "candid": 2289185500815015007,
            "jd": 2460043.6855093,
            "ra": 102.6544908,
            "dec": 16.5655482,
            "fid": 2,
            "nid": 2289,
            "magpsf": 18.155399322509766,
            "sigmapsf": 0.08360199630260468,
            "magnr": 18.565000534057617,
            "sigmagnr": 0.09300000220537186,
            "magzpsci": 26.073400497436523,
            "isdiffpos": "t",
            "ssdistnr": null,
            "ssnamenr": null,
            "drb": null
        },
        {
            "candid": 2291219800815015010,
            "jd": 2460045.7198032,
            "ra": 102.6544747,
            "dec": 16.565537,
            "fid": 2,
            "nid": 2291,
            "magpsf": 18.21809959411621,
            "sigmapsf": 0.06690400093793869,
            "magnr": 18.565000534057617,
            "sigmagnr": 0.09300000220537186,
            "magzpsci": 26.240100860595703,
            "isdiffpos": "t",
            "ssdistnr": null,
            "ssnamenr": null,
            "drb": null
        },
        {
            "candid": 2296160320815015010,
            "jd": 2460050.6603241,
            "ra": 102.6544815,
            "dec": 16.5655441,
            "fid": 1,
            "nid": 2296,
            "magpsf": 18.589599609375,
            "sigmapsf": 0.07331900298595428,
            "magnr": 19.434999465942383,
            "sigmagnr": 0.11500000208616257,
            "magzpsci": 26.29560089111328,
            "isdiffpos": "t",
            "ssdistnr": null,
            "ssnamenr": null,
            "drb": null
        },
        {
            "candid": 2296194120815015006,
            "jd": 2460050.6941204,
            "ra": 102.6544904,
            "dec": 16.5655569,
            "fid": 2,
            "nid": 2296,
            "magpsf": 18.347700119018555,
            "sigmapsf": 0.07714399695396423,
            "magnr": 18.565000534057617,
            "sigmagnr": 0.09300000220537186,
            "magzpsci": 26.210800170898438,
            "isdiffpos": "t",
            "ssdistnr": null,
            "ssnamenr": null,
            "drb": null
        },
        {
            "candid": 2298158310815015010,
            "jd": 2460052.6583102,
            "ra": 102.6544768,
            "dec": 16.5655282,
            "fid": 2,
            "nid": 2298,
            "magpsf": 18.547300338745117,
            "sigmapsf": 0.07081999629735947,
            "magnr": 18.565000534057617,
            "sigmagnr": 0.09300000220537186,
            "magzpsci": 26.251300811767578,
            "isdiffpos": "t",
            "ssdistnr": null,
            "ssnamenr": null,
            "drb": null
        },
        {
            "candid": 2298229430815015005,
            "jd": 2460052.7294329,
            "ra": 102.6545175,
            "dec": 16.5655497,
            "fid": 1,
            "nid": 2298,
            "magpsf": 18.785810470581055,
            "sigmapsf": 0.09601814299821854,
            "magnr": 19.434999465942383,
            "sigmagnr": 0.11500000208616257,
            "magzpsci": 26.12080955505371,
            "isdiffpos": "t",
            "ssdistnr": -999.0,
            "ssnamenr": "null",
            "drb": null
        },
        {
            "jd": 2460013.6709028,
            "fid": 2,
            "diffmaglim": 20.316200256347656
        },
        {
            "jd": 2460013.7571644,
            "fid": 1,
            "diffmaglim": 19.236900329589844
        },
        {
            "jd": 2460017.6929861,
            "fid": 1,
            "diffmaglim": 19.467100143432617
        },
        {
            "jd": 2460021.6840972,
            "fid": 2,
            "diffmaglim": 20.447900772094727
        },
        {
            "jd": 2460021.6969907,
            "fid": 1,
            "diffmaglim": 20.19260025024414
        }
    ],
    "forcedphot": []
}