{
    "objectId": "ZTF23aakrngt",
    "candidates": [
        {
            "candid": 2330338940215015001,
            "jd": 2460084.8389468,
            "ra": 220.7870107,
            "dec": 22.8768863,
            "fid": 1,
            "nid": 2330,
            "magpsf": 19.3518009185791,
            "sigmapsf": 0.1200139969587326,
            "magnr": 18.268999099731445,
            "sigmagnr": 0.05000000074505806,
            "magzpsci": 26.157800674438477,
            "isdiffpos": "t",
            "ssdistnr": null,
            "ssnamenr": null,
            "drb": 0.9999958872795105
        },
        {
            "candid": 2332252300215015008,
            "jd": 2460086.7523032,
            "ra": 220.7869948,
            "dec": 22.8769068,
            "fid": 1,
            "nid": 2332,
            "magpsf": 18.829999923706055,
            "sigmapsf": 0.07166299968957901,
            "magnr": 18.268999099731445,
            "sigmagnr": 0.05000000074505806,
            "magzpsci": 26.18199920654297,
            "isdiffpos": "t",
            "ssdistnr": null,
            "ssnamenr": null,
            "drb": null
        },
        {
            "candid": 2334321670215015002,
            "jd": 2460088.8216782,
            "ra": 220.7870048,
            "dec": 22.8769062,
            "fid": 1,
            "nid": 2334,
            "magpsf": 18.489700317382812,
            "sigmapsf": 0.06587400287389755,
            "magnr": 18.268999099731445,
            "sigmagnr": 0.05000000074505806,
            "magzpsci": 26.271699905395508,
            "isdiffpos": "t",
            "ssdistnr": null,
            "ssnamenr": null,
            "drb": null
        },
        {
            "candid": 2336290100215015002,
            "jd": 2460090.7901042,
            "ra": 220.7869926,
            "dec": 22.8769141,
            "fid": 1,
            "nid": 2336,
            "magpsf": 18.287799835205078,
            "sigmapsf": 0.06935100257396698,
            "magnr": 18.268999099731445,
            "sigmagnr": 0.05000000074505806,
            "magzpsci": 26.243799209594727,
            "isdiffpos": "t",
            "ssdistnr": null,
            "ssnamenr": null,
            "drb": null
        },
        {
            "candid": 2336324020215015003,
            "jd": 2460090.8240278,
            "ra": 220.7869842,
            "dec": 22.8768804,
            "fid": 2,
            "nid": 2336,
            "magpsf": 18.365800857543945,
            "sigmapsf": 0.0711359977722168,
            "magnr": 17.334999084472656,
            "sigmagnr": 0.050999999046325684,
            "magzpsci": 26.113800048828125,
            "isdiffpos": "t",
            "ssdistnr": null,
            "ssnamenr": null,
            "drb": null
        },
        {
            "candid": 2338325610215015002,
            "jd": 2460092.8256134,
            "ra": 220.7869989,
            "dec": 22.8769112,
            "fid": 1,
            "nid": 2338,
            "magpsf": 18.180200576782227,
            "sigmapsf": 0.06671199947595596,
            "magnr": 18.268999099731445,
            "sigmagnr": 0.05000000074505806,
            "magzpsci": 26.26219940185547,
            "isdiffpos": "t",
            "ssdistnr": null,
            "ssnamenr": null,
            "drb": null
        },
        {
            "candid": 2344203330215015000,
            "jd": 2460098.7033333,
            "ra": 220.7869727,
            "dec": 22.8768868,
            "fid": 1,
            "nid": 2344,
            "magpsf": 18.177099227905273,
            "sigmapsf": 0.07748699933290482,
            "magnr": 18.268999099731445,
            "sigmagnr": 0.05000000074505806,
            "magzpsci": 26.24810028076172,
            "isdiffpos": "t",
            "ssdistnr": null,
            "ssnamenr": null,
            "drb": null
        },
        {
            "candid": 2344297740215015005,
            "jd": 2460098.7977431,
            "ra": 220.7869888,
            "dec": 22.8768823,
            "fid": 2,
            "nid": 2344,
            "magpsf": 18.261999130249023,
            "sigmapsf": 0.09745600074529648,
            "magnr": 17.334999084472656,
            "sigmagnr": 0.050999999046325684,
            "magzpsci": 26.160999298095703,
            "isdiffpos": "t",
            "ssdistnr": null,
            "ssnamenr": null,
            "drb": null
        },
        {
            "candid": 2346187440215015002,
            "jd": 2460100.6874421,
            "ra": 220.7869879,
            "dec": 22.8769106,
            "fid": 1,
            "nid": 2346,
            "magpsf": 18.240100860595703,
            "sigmapsf": 0.07166100293397903,
            "magnr": 18.268999099731445,
            "sigmagnr": 0.05000000074505806,
            "magzpsci": 26.23509979248047,
            "isdiffpos": "t",
            "ssdistnr": null,
            "ssnamenr": null,
            "drb": null
        },
        {
            "candid": 2348210750215015002,
            "jd": 2460102.7107523,
            "ra": 220.7870158,
            "dec": 22.87691,
            "fid": 2,
            "nid": 2348,
            "magpsf": 18.27669906616211,
            "sigmapsf": 0.09982199966907501,
            "magnr": 17.334999084472656,
            "sigmagnr": 0.050999999046325684,
            "magzpsci": 25.637699127197266,
            "isdiffpos": "t",
            "ssdistnr": null,
            "ssnamenr": null,
            "drb": null
        },
        {
            "candid": 2348233640215015003,
            "jd": 2460102.7336458,
            "ra": 220.7870502,
            "dec": 22.8769003,
            "fid": 1,
            "nid": 2348,
            "magpsf": 18.33449935913086,
            "sigmapsf": 0.08910699933767319,
            "magnr": 18.268999099731445,
            "sigmagnr": 0.05000000074505806,
            "magzpsci": 26.037500381469727,
            "isdiffpos": "t",
            "ssdistnr": null,
            "ssnamenr": null,
            "drb": null
        },
        {
            "candid": 2350274350215015001,
            "jd": 2460104.7743519,
            "ra": 220.7870033,
            "dec": 22.8768995,
            "fid": 1,
            "nid": 2350,
            "magpsf": 18.548099517822266,
            "sigmapsf": 0.08411899954080582,
            "magnr": 18.268999099731445,
            "sigmagnr": 0.05000000074505806,
            "magzpsci": 26.311100006103516,
            "isdiffpos": "t",
            "ssdistnr": null,
            "ssnamenr": null,
            "drb": null
        },
        {
            "candid": 2355291520215015001,
            "jd": 2460109.7915278,
            "ra": 220.786996,
            "dec": 22.8768982,
            "fid": 1,
            "nid": 2355,
            "magpsf": 18.96820068359375,
            "sigmapsf": 0.07388100028038025,
            "magnr": 18.268999099731445,
            "sigmagnr": 0.05000000074505806,
            "magzpsci": 26.239200592041016,
            "isdiffpos": "t",
            "ssdistnr": null,
            "ssnamenr": null,
            "drb": null
        },
        {
            "candid": 2357278740215015004,
            "jd": 2460111.77875,
            "ra": 220.7870063,
            "dec": 22.876905,
            "fid": 1,
            "nid": 2357,
            "magpsf": 19.199100494384766,
            "sigmapsf": 0.11076200008392334,
            "magnr": 18.268999099731445,
            "sigmagnr": 0.05000000074505806,
            "magzpsci": 26.20210075378418,
            "isdiffpos": "t",
            "ssdistnr": null,
            "ssnamenr": null,
            "drb": null
        },
        {
            "candid": 2359256130215015004,
            "jd": 2460113.7561343,
            "ra": 220.7870008,
            "dec": 22.8769086,
            "fid": 1,
            "nid": 2359,
            "magpsf": 19.36639976501465,
            "sigmapsf": 0.10362900048494339,
            "magnr": 18.268999099731445,
            "sigmagnr": 0.05000000074505806,
            "magzpsci": 26.266399383544922,
            "isdiffpos": "t",
            "ssdistnr": null,
            "ssnamenr": null,
            "drb": null
        },
        {
            "candid": 2362205090215015004,
            "jd": 2460116.7050926,
            "ra": 220.7870267,
            "dec": 22.876876,
            "fid": 1,
            "nid": 2362,
            "magpsf": 19.729799270629883,
            "sigmapsf": 0.13443399965763092,
            "magnr": 18.268999099731445,
            "sigmagnr": 0.05000000074505806,
            "magzpsci": 26.31279945373535,
            "isdiffpos": "t",
            "ssdistnr": null,
            "ssnamenr": null,
            "drb": null
        },
        {
            "candid": 2364215170215015010,
            "jd": 2460118.7151736,
            "ra": 220.7869965,
            "dec": 22.8768905,
            "fid": 2,
            "nid": 2364,
            "magpsf": 18.927499771118164,
            "sigmapsf": 0.11094199866056442,
            "magnr": 17.334999084472656,
            "sigmagnr": 0.050999999046325684,
            "magzpsci": 26.167499542236328,
            "isdiffpos": "t",
            "ssdistnr": null,
            "ssnamenr": null,
            "drb": null
        },
        {
            "candid": 2366238560215015005,
            "jd": 2460120.7385648,
            "ra": 220.7869866,
            "dec": 22.8768758,
            "fid": 2,
            "nid": 2366,
            "magpsf": 18.84542465209961,
            "sigmapsf": 0.1174275130033493,
            "magnr": 17.33500099182129,
            "sigmagnr": 0.050999999046325684,
            "magzpsci": 26.173423767089844,
            "isdiffpos": "t",
            "ssdistnr": -999.0,
            "ssnamenr": "null",
            "drb": null
        },
        {
            "jd": 2460054.8593519,
            "fid": 1,
            "diffmaglim": 20.49340057373047
        },
        {
            "jd": 2460056.8298843,
            "fid": 2,
            "diffmaglim": 20.54789924621582
        },
        {
            "jd": 2460056.9317245,
            "fid": 1,
            "diffmaglim": 20.43910026550293
        },
        {
            "jd": 2460058.8344444,
            "fid": 1,
            "diffmaglim": 20.7185001373291
        },
        {
            "jd": 2460058.8818171,
            "fid": 2,
            "diffmaglim": 20.56279945373535
        },
        {
            "jd": 2460060.829919,
            "fid": 2,
            "diffmaglim": 20.376800537109375
        },
        {
            "jd": 2460060.8807407,
            "fid": 1,
            "diffmaglim": 20.439800262451172
        },
        {
            "jd": 2460062.8785995,
            "fid": 2,
            "diffmaglim": 20.421600341796875
        },
        {
            "jd": 2460062.9254398,
            "fid": 1,
            "diffmaglim": 20.717500686645508
        },
        {
            "jd": 2460064.7606366,
            "fid": 1,
            "diffmaglim": 19.440900802612305
        },
        {
            "jd": 2460064.814537,
            "fid": 2,
            "diffmaglim": 20.15920066833496
        },
        {
            "jd": 2460067.796875,
            "fid": 1,
            "diffmaglim": 19.173799514770508
        },
        {
            "jd": 2460067.8624306,
            "fid": 2,
            "diffmaglim": 19.302900314331055
        },
        {
            "jd": 2460076.8723032,
            "fid": 2,
            "diffmaglim": 20.541099548339844
        },
        {
            "jd": 2460076.895787,
            "fid": 1,
            "diffmaglim": 20.297800064086914
        },
        {
            "jd": 2460078.7735185,
            "fid": 2,
            "diffmaglim": 20.457300186157227
        },
        {
            "jd": 2460078.8426736,
            "fid": 1,
            "diffmaglim": 20.571500778198242
        },
        {
            "jd": 2460080.7781481,
            "fid": 1,
            "diffmaglim": 20.627099990844727
        },
        {
            "jd": 2460082.8528356,
            "fid": 2,
            "diffmaglim": 20.399599075317383
        },
        {
            "jd": 2460082.8844097,
            "fid": 1,
            "diffmaglim": 20.391799926757812
        },
        {
            "jd": 2460084.7304282,
            "fid": 2,
            "diffmaglim": 20.524900436401367
        },
        {
            "jd": 2460086.8284144,
            "fid": 2,
            "diffmaglim": 20.64539909362793
        },
        {
            "jd": 2460088.7709259,
            "fid": 2,
            "diffmaglim": 20.71500015258789
        },
        {
            "jd": 2460092.9042593,
            "fid": 2,
            "diffmaglim": 20.52050018310547
        },
        {
            "jd": 2460100.7341088,
            "fid": 2,
            "diffmaglim": 19.87339973449707
        },
        {
            "jd": 2460109.8323611,
            "fid": 2,
            "diffmaglim": 20.380300521850586
        },
        {
            "jd": 2460113.8734028,
            "fid": 2,
            "diffmaglim": 20.2549991607666
        },
        {
            "jd": 2460116.7338773,
            "fid": 2,
            "diffmaglim": 20.555500030517578
        },
        {
            "jd": 2460118.752963,
            "fid": 1,
            "diffmaglim": 20.237499237060547
        }
    ],
    "forcedphot": []
}