{
    "objectId": "ZTF21aagyxgr",
    "candidates": [
        {
            "candid": 1495523753215015005,
            "jd": 2459250.02375,
            "ra": 203.0298435,
            "dec": -22.9549177,
            "fid": 1,
            "nid": 1495,
            "magpsf": 19.074399948120117,
            "sigmapsf": 0.17317600548267365,
            "magnr": 20.777999877929688,
            "sigmagnr": 0.09300000220537186,
            "magzpsci": 26.18239974975586,
            "isdiffpos": "t",
            "ssdistnr": -999.0,
            "ssnamenr": "null",
            "drb": 0.9996560215950012
        },
        {
            "candid": 1496523694515015004,
            "jd": 2459251.0236921,
            "ra": 203.0298012,
            "dec": -22.9548135,
            "fid": 2,
            "nid": 1496,
            "magpsf": 19.10219955444336,
            "sigmapsf": 0.15685899555683136,
            "magnr": 20.17799949645996,
            "sigmagnr": 0.09799999743700027,
            "magzpsci": 26.266199111938477,
            "isdiffpos": "t",
            "ssdistnr": -999.0,
            "ssnamenr": "null",
            "drb": 0.9994999766349792
        },
        {
            "candid": 1497523343215015008,
            "jd": 2459252.0233449,
            "ra": 203.0299097,
            "dec": -22.9548789,
            "fid": 1,
            "nid": 1497,
            "magpsf": 19.338300704956055,
            "sigmapsf": 0.17725799977779388,
            "magnr": 20.777999877929688,
            "sigmagnr": 0.09300000220537186,
            "magzpsci": 26.17930030822754,
            "isdiffpos": "t",
            "ssdistnr": -999.0,
            "ssnamenr": "-999.0",
            "drb": null
        },
        {
            "candid": 1498520764515015015,
            "jd": 2459253.0207639,
            "ra": 203.0298019,
            "dec": -22.9549046,
            "fid": 2,
            "nid": 1498,
            "magpsf": 19.13290023803711,
            "sigmapsf": 0.14307500422000885,
            "magnr": 20.17799949645996,
            "sigmagnr": 0.09799999743700027,
            "magzpsci": 26.3218994140625,
            "isdiffpos": "t",
            "ssdistnr": -999.0,
            "ssnamenr": "null",
            "drb": 0.9973390102386475
        },
        {
            "candid": 1499481403215015027,
            "jd": 2459253.9814005,
            "ra": 203.0298279,
            "dec": -22.9548472,
            "fid": 2,
            "nid": 1499,
            "magpsf": 19.086200714111328,
            "sigmapsf": 0.10432399809360504,
            "magnr": 21.167999267578125,
            "sigmagnr": 0.14499999582767487,
            "magzpsci": 26.14620018005371,
            "isdiffpos": "t",
            "ssdistnr": -999.0,
            "ssnamenr": "null",
            "drb": 0.999983012676239
        },
        {
            "candid": 1499523493215015008,
            "jd": 2459254.0234954,
            "ra": 203.0298164,
            "dec": -22.9548812,
            "fid": 1,
            "nid": 1499,
            "magpsf": 19.224000930786133,
            "sigmapsf": 0.11606399714946747,
            "magnr": 21.18400001525879,
            "sigmagnr": 0.19599999487400055,
            "magzpsci": 26.149999618530273,
            "isdiffpos": "t",
            "ssdistnr": -999.0,
            "ssnamenr": "null",
            "drb": 0.9998220205307007
        },
        {
            "candid": 1502440453215015012,
            "jd": 2459256.9404514,
            "ra": 203.0298383,
            "dec": -22.9548611,
            "fid": 2,
            "nid": 1502,
            "magpsf": 19.20319938659668,
            "sigmapsf": 0.09566599875688553,
            "magnr": 21.167999267578125,
            "sigmagnr": 0.14499999582767487,
            "magzpsci": 26.206199645996094,
            "isdiffpos": "t",
            "ssdistnr": null,
            "ssnamenr": null,
            "drb": null
        },
        {
            "candid": 1502486163215015004,
            "jd": 2459256.986169,
            "ra": 203.0298137,
            "dec": -22.9548681,
            "fid": 1,
            "nid": 1502,
            "magpsf": 19.266700744628906,
            "sigmapsf": 0.0961190015077591,
            "magnr": 21.18400001525879,
            "sigmagnr": 0.19599999487400055,
            "magzpsci": 26.152700424194336,
            "isdiffpos": "t",
            "ssdistnr": null,
            "ssnamenr": null,
            "drb": null
        },
        {
            "candid": 1502487104515015008,
            "jd": 2459256.9871065,
            "ra": 203.0298632,
            "dec": -22.9548188,
            "fid": 1,
            "nid": 1502,
            "magpsf": 19.24799919128418,
            "sigmapsf": 0.12447600066661835,
            "magnr": 21.229000091552734,
            "sigmagnr": 0.1509999930858612,
            "magzpsci": 26.253999710083008,
            "isdiffpos": "t",
            "ssdistnr": null,
            "ssnamenr": null,
            "drb": null
        },
        {
            "candid": 1510502104515015006,
            "jd": 2459265.0021065,
            "ra": 203.0298605,
            "dec": -22.9548674,
            "fid": 2,
            "nid": 1510,
            "magpsf": 19.428699493408203,
            "sigmapsf": 0.17309099435806274,
            "magnr": 20.17799949645996,
            "sigmagnr": 0.09799999743700027,
            "magzpsci": 26.293699264526367,
            "isdiffpos": "t",
            "ssdistnr": null,
            "ssnamenr": null,
            "drb": null
        },
        {
            "candid": 1510506843215015021,
            "jd": 2459265.0068403,
            "ra": 203.0298553,
            "dec": -22.9548771,
            "fid": 2,
            "nid": 1510,
            "magpsf": 19.41510009765625,
            "sigmapsf": 0.16687199473381042,
            "magnr": 21.167999267578125,
            "sigmagnr": 0.14499999582767487,
            "magzpsci": 26.236099243164062,
            "isdiffpos": "t",
            "ssdistnr": null,
            "ssnamenr": null,
            "drb": null
        },
        {
            "candid": 1513417673215015012,
            "jd": 2459267.9176736,
            "ra": 203.0298488,
            "dec": -22.9549052,
            "fid": 2,
            "nid": 1513,
            "magpsf": 19.715700149536133,
            "sigmapsf": 0.21938499808311462,
            "magnr": 21.167999267578125,
            "sigmagnr": 0.14499999582767487,
            "magzpsci": 26.235700607299805,
            "isdiffpos": "t",
            "ssdistnr": null,
            "ssnamenr": null,
            "drb": null
        },
        {
            "candid": 1513523224515015004,
            "jd": 2459268.0232292,
            "ra": 203.0299197,
            "dec": -22.954783,
            "fid": 1,
            "nid": 1513,
            "magpsf": 19.368600845336914,
            "sigmapsf": 0.1384280025959015,
            "magnr": 21.229000091552734,
            "sigmagnr": 0.1509999930858612,
            "magzpsci": 26.2406005859375,
            "isdiffpos": "t",
            "ssdistnr": null,
            "ssnamenr": null,
            "drb": null
        },
        {
            "candid": 1515501803215015010,
            "jd": 2459270.0018056,
            "ra": 203.0298172,
            "dec": -22.9550204,
            "fid": 2,
            "nid": 1515,
            "magpsf": 19.40570068359375,
            "sigmapsf": 0.20953699946403503,
            "magnr": 21.167999267578125,
            "sigmagnr": 0.14499999582767487,
            "magzpsci": 26.19770050048828,
            "isdiffpos": "t",
            "ssdistnr": null,
            "ssnamenr": null,
            "drb": null
        },
        {
            "candid": 1536397804515015010,
            "jd": 2459290.8978009,
            "ra": 203.0298684,
            "dec": -22.9548289,
            "fid": 1,
            "nid": 1536,
            "magpsf": 19.62660026550293,
            "sigmapsf": 0.15939100086688995,
            "magnr": 21.229000091552734,
            "sigmagnr": 0.1509999930858612,
            "magzpsci": 26.208599090576172,
            "isdiffpos": "t",
            "ssdistnr": null,
            "ssnamenr": null,
            "drb": null
        },
        {
            "candid": 1538376034515015012,
            "jd": 2459292.8760301,
            "ra": 203.0297353,
            "dec": -22.9548905,
            "fid": 2,
            "nid": 1538,
            "magpsf": 20.259000778198242,
            "sigmapsf": 0.3503659963607788,
            "magnr": 20.17799949645996,
            "sigmagnr": 0.09799999743700027,
            "magzpsci": 26.17300033569336,
            "isdiffpos": "t",
            "ssdistnr": null,
            "ssnamenr": null,
            "drb": null
        },
        {
            "candid": 1538419934515015006,
            "jd": 2459292.9199306,
            "ra": 203.0298611,
            "dec": -22.9548399,
            "fid": 1,
            "nid": 1538,
            "magpsf": 19.88520050048828,
            "sigmapsf": 0.2166540026664734,
            "magnr": 21.229000091552734,
            "sigmagnr": 0.1509999930858612,
            "magzpsci": 26.11720085144043,
            "isdiffpos": "t",
            "ssdistnr": null,
            "ssnamenr": null,
            "drb": null
        },
        {
            "candid": 1538420863215015005,
            "jd": 2459292.9208681,
            "ra": 203.0298271,
            "dec": -22.9548711,
            "fid": 1,
            "nid": 1538,
            "magpsf": 19.500900268554688,
            "sigmapsf": 0.15494799613952637,
            "magnr": 21.18400001525879,
            "sigmagnr": 0.19599999487400055,
            "magzpsci": 26.02989959716797,
            "isdiffpos": "t",
            "ssdistnr": null,
            "ssnamenr": null,
            "drb": null
        },
        {
            "candid": 1543439164515015011,
            "jd": 2459297.9391667,
            "ra": 203.0295494,
            "dec": -22.9549067,
            "fid": 1,
            "nid": 1543,
            "magpsf": 19.533300399780273,
            "sigmapsf": 0.23356999456882477,
            "magnr": 21.229000091552734,
            "sigmagnr": 0.1509999930858612,
            "magzpsci": 26.16029930114746,
            "isdiffpos": "t",
            "ssdistnr": null,
            "ssnamenr": null,
            "drb": null
        },
        {
            "candid": 1553377413215015008,
            "jd": 2459307.877419,
            "ra": 203.0298417,
            "dec": -22.9547515,
            "fid": 1,
            "nid": 1553,
            "magpsf": 19.906700134277344,
            "sigmapsf": 0.27024999260902405,
            "magnr": 21.18400001525879,
            "sigmagnr": 0.19599999487400055,
            "magzpsci": 26.123699188232422,
            "isdiffpos": "t",
            "ssdistnr": null,
            "ssnamenr": null,
            "drb": null
        },
        {
            "candid": 1555313514515015003,
            "jd": 2459309.8135185,
            "ra": 203.0297953,
            "dec": -22.9548654,
            "fid": 1,
            "nid": 1555,
            "magpsf": 19.856300354003906,
            "sigmapsf": 0.2812789976596832,
            "magnr": 21.229000091552734,
            "sigmagnr": 0.1509999930858612,
            "magzpsci": 26.172300338745117,
            "isdiffpos": "t",
            "ssdistnr": null,
            "ssnamenr": null,
            "drb": null
        },
        {
            "candid": 1557356284515015014,
            "jd": 2459311.8562847,
            "ra": 203.0298336,
            "dec": -22.9548301,
            "fid": 1,
            "nid": 1557,
            "magpsf": 19.932600021362305,
            "sigmapsf": 0.197610005736351,
            "magnr": 21.229000091552734,
            "sigmagnr": 0.1509999930858612,
            "magzpsci": 26.199600219726562,
            "isdiffpos": "t",
            "ssdistnr": null,
            "ssnamenr": null,
            "drb": null
        },
        {
            "candid": 1558314683215015005,
            "jd": 2459312.8146875,
            "ra": 203.0298162,
            "dec": -22.9548918,
            "fid": 1,
            "nid": 1558,
            "magpsf": 19.92020034790039,
            "sigmapsf": 0.19565099477767944,
            "magnr": 21.18400001525879,
            "sigmagnr": 0.19599999487400055,
            "magzpsci": 26.132200241088867,
            "isdiffpos": "t",
            "ssdistnr": null,
            "ssnamenr": null,
            "drb": null
        },
        {
            "candid": 1562348514515015009,
            "jd": 2459316.8485185,
            "ra": 203.0298413,
            "dec": -22.9548301,
            "fid": 1,
            "nid": 1562,
            "magpsf": 20.033000946044922,
            "sigmapsf": 0.16962799429893494,
            "magnr": 21.229000091552734,
            "sigmagnr": 0.1509999930858612,
            "magzpsci": 26.142000198364258,
            "isdiffpos": "t",
            "ssdistnr": null,
            "ssnamenr": null,
            "drb": null
        },
        {
            "candid": 1563272323215015009,
            "jd": 2459317.7723264,
            "ra": 203.0298668,
            "dec": -22.9548688,
            "fid": 1,
            "nid": 1563,
            "magpsf": 20.256399154663086,
            "sigmapsf": 0.20327700674533844,
            "magnr": 20.777999877929688,
            "sigmagnr": 0.09300000220537186,
            "magzpsci": 26.065399169921875,
            "isdiffpos": "t",
            "ssdistnr": null,
            "ssnamenr": null,
            "drb": null
        },
        {
            "candid": 1565399504515015007,
            "jd": 2459319.8995023,
            "ra": 203.0298597,
            "dec": -22.9547697,
            "fid": 1,
            "nid": 1565,
            "magpsf": 19.96038055419922,
            "sigmapsf": 0.2162960022687912,
            "magnr": 21.229000091552734,
            "sigmagnr": 0.1509999930858612,
            "magzpsci": 26.121379852294922,
            "isdiffpos": "t",
            "ssdistnr": -999.0,
            "ssnamenr": "null",
            "drb": null
        },
        {
            "jd": 2459250.98034,
            "fid": 1,
            "diffmaglim": 19.691999435424805
        },
        {
            "jd": 2459260.9817593,
            "fid": 1,
            "diffmaglim": 18.14419937133789
        },
        {
            "jd": 2459260.9822222,
            "fid": 1,
            "diffmaglim": 18.485300064086914
        },
        {
            "jd": 2459266.9821412,
            "fid": 1,
            "diffmaglim": 19.232799530029297
        },
        {
            "jd": 2459269.9371875,
            "fid": 1,
            "diffmaglim": 19.428300857543945
        },
        {
            "jd": 2459270.0022685,
            "fid": 2,
            "diffmaglim": 19.734100341796875
        },
        {
            "jd": 2459271.9190509,
            "fid": 1,
            "diffmaglim": 18.560199737548828
        },
        {
            "jd": 2459271.9195255,
            "fid": 1,
            "diffmaglim": 18.456199645996094
        },
        {
            "jd": 2459273.8972222,
            "fid": 1,
            "diffmaglim": 18.069599151611328
        },
        {
            "jd": 2459273.9433912,
            "fid": 2,
            "diffmaglim": 18.564699172973633
        },
        {
            "jd": 2459273.9438657,
            "fid": 2,
            "diffmaglim": 18.472000122070312
        },
        {
            "jd": 2459276.8978935,
            "fid": 2,
            "diffmaglim": 18.850500106811523
        },
        {
            "jd": 2459278.9394792,
            "fid": 2,
            "diffmaglim": 19.49020004272461
        },
        {
            "jd": 2459280.8765509,
            "fid": 1,
            "diffmaglim": 18.444000244140625
        },
        {
            "jd": 2459280.9190162,
            "fid": 2,
            "diffmaglim": 19.42799949645996
        },
        {
            "jd": 2459290.8759375,
            "fid": 2,
            "diffmaglim": 20.202499389648438
        },
        {
            "jd": 2459296.8562963,
            "fid": 2,
            "diffmaglim": 18.999900817871094
        },
        {
            "jd": 2459297.8774306,
            "fid": 2,
            "diffmaglim": 19.36669921875
        },
        {
            "jd": 2459298.8770486,
            "fid": 2,
            "diffmaglim": 17.921199798583984
        },
        {
            "jd": 2459298.9186343,
            "fid": 1,
            "diffmaglim": 16.72949981689453
        },
        {
            "jd": 2459301.8769676,
            "fid": 2,
            "diffmaglim": 18.242000579833984
        },
        {
            "jd": 2459302.8345833,
            "fid": 1,
            "diffmaglim": 18.322200775146484
        },
        {
            "jd": 2459302.8981366,
            "fid": 2,
            "diffmaglim": 18.593799591064453
        },
        {
            "jd": 2459304.8162731,
            "fid": 2,
            "diffmaglim": 18.461299896240234
        },
        {
            "jd": 2459304.9092014,
            "fid": 1,
            "diffmaglim": 17.81909942626953
        },
        {
            "jd": 2459305.8353704,
            "fid": 2,
            "diffmaglim": 16.671300888061523
        },
        {
            "jd": 2459305.8981134,
            "fid": 1,
            "diffmaglim": 18.848100662231445
        },
        {
            "jd": 2459307.8553935,
            "fid": 2,
            "diffmaglim": 19.864900588989258
        },
        {
            "jd": 2459307.8979977,
            "fid": 2,
            "diffmaglim": 19.658599853515625
        },
        {
            "jd": 2459310.8141435,
            "fid": 2,
            "diffmaglim": 19.581300735473633
        },
        {
            "jd": 2459310.8565046,
            "fid": 1,
            "diffmaglim": 16.827699661254883
        },
        {
            "jd": 2459311.81375,
            "fid": 2,
            "diffmaglim": 20.051700592041016
        },
        {
            "jd": 2459312.793206,
            "fid": 2,
            "diffmaglim": 20.077899932861328
        },
        {
            "jd": 2459313.835787,
            "fid": 2,
            "diffmaglim": 20.030500411987305
        },
        {
            "jd": 2459315.8358218,
            "fid": 2,
            "diffmaglim": 19.500900268554688
        },
        {
            "jd": 2459317.8145949,
            "fid": 2,
            "diffmaglim": 20.38629913330078
        }
    ],
    "forcedphot": []
}