{
    "objectId": "ZTF23aansctq",
    "candidates": [
        {
            "candid": 2356277915715015021,
            "jd": 2460110.7779167,
            "ra": 248.7122205,
            "dec": 14.9457635,
            "fid": 1,
            "nid": 2356,
            "magpsf": 19.48270034790039,
            "sigmapsf": 0.13808999955654144,
            "magnr": 20.16699981689453,
            "sigmagnr": 0.12800000607967377,
            "magzpsci": 26.20669937133789,
            "isdiffpos": "t",
            "ssdistnr": null,
            "ssnamenr": null,
            "drb": 0.9999998807907104
        },
        {
            "candid": 2356316625715015022,
            "jd": 2460110.8166204,
            "ra": 248.7121768,
            "dec": 14.9457369,
            "fid": 2,
            "nid": 2356,
            "magpsf": 19.455400466918945,
            "sigmapsf": 0.12005499750375748,
            "magnr": 19.847000122070312,
            "sigmagnr": 0.12399999797344208,
            "magzpsci": 26.1343994140625,
            "isdiffpos": "t",
            "ssdistnr": null,
            "ssnamenr": null,
            "drb": null
        },
        {
            "candid": 2358298215715015016,
            "jd": 2460112.7982176,
            "ra": 248.7121698,
            "dec": 14.9457406,
            "fid": 2,
            "nid": 2358,
            "magpsf": 18.839500427246094,
            "sigmapsf": 0.07204499840736389,
            "magnr": 19.847000122070312,
            "sigmagnr": 0.12399999797344208,
            "magzpsci": 26.13050079345703,
            "isdiffpos": "t",
            "ssdistnr": null,
            "ssnamenr": null,
            "drb": null
        },
        {
            "candid": 2358358435715015007,
            "jd": 2460112.8584375,
            "ra": 248.7122015,
            "dec": 14.94575,
            "fid": 1,
            "nid": 2358,
            "magpsf": 18.690799713134766,
            "sigmapsf": 0.0824500024318695,
            "magnr": 20.16699981689453,
            "sigmagnr": 0.12800000607967377,
            "magzpsci": 26.17180061340332,
            "isdiffpos": "t",
            "ssdistnr": null,
            "ssnamenr": null,
            "drb": null
        },
        {
            "candid": 2361270745715015016,
            "jd": 2460115.7707407,
            "ra": 248.7121896,
            "dec": 14.9457477,
            "fid": 1,
            "nid": 2361,
            "magpsf": 18.200300216674805,
            "sigmapsf": 0.07012800127267838,
            "magnr": 20.16699981689453,
            "sigmagnr": 0.12800000607967377,
            "magzpsci": 26.31730079650879,
            "isdiffpos": "t",
            "ssdistnr": null,
            "ssnamenr": null,
            "drb": null
        },
        {
            "candid": 2363338215715015020,
            "jd": 2460117.8382176,
            "ra": 248.7121701,
            "dec": 14.9457535,
            "fid": 2,
            "nid": 2363,
            "magpsf": 18.04170036315918,
            "sigmapsf": 0.05601799860596657,
            "magnr": 19.847000122070312,
            "sigmagnr": 0.12399999797344208,
            "magzpsci": 26.176700592041016,
            "isdiffpos": "t",
            "ssdistnr": null,
            "ssnamenr": null,
            "drb": null
        },
        {
            "candid": 2363414505715015012,
            "jd": 2460117.9145023,
            "ra": 248.7121933,
            "dec": 14.9457364,
            "fid": 1,
            "nid": 2363,
            "magpsf": 17.951000213623047,
            "sigmapsf": 0.08298999816179276,
            "magnr": 20.16699981689453,
            "sigmagnr": 0.12800000607967377,
            "magzpsci": 26.190000534057617,
            "isdiffpos": "t",
            "ssdistnr": null,
            "ssnamenr": null,
            "drb": null
        },
        {
            "candid": 2365291265715015008,
            "jd": 2460119.7912616,
            "ra": 248.7121867,
            "dec": 14.9457451,
            "fid": 1,
            "nid": 2365,
            "magpsf": 17.779300689697266,
            "sigmapsf": 0.04941499978303909,
            "magnr": 20.16699981689453,
            "sigmagnr": 0.12800000607967377,
            "magzpsci": 26.312299728393555,
            "isdiffpos": "t",
            "ssdistnr": null,
            "ssnamenr": null,
            "drb": null
        },
        {
            "candid": 2365319395715015013,
            "jd": 2460119.8193981,
            "ra": 248.7121712,
            "dec": 14.9457557,
            "fid": 2,
            "nid": 2365,
            "magpsf": 17.90060043334961,
            "sigmapsf": 0.055615998804569244,
            "magnr": 19.847000122070312,
            "sigmagnr": 0.12399999797344208,
            "magzpsci": 26.20359992980957,
            "isdiffpos": "t",
            "ssdistnr": null,
            "ssnamenr": null,
            "drb": null
        },
        {
            "candid": 2367276335715015026,
            "jd": 2460121.776331,
            "ra": 248.7121715,
            "dec": 14.9457385,
            "fid": 2,
            "nid": 2367,
            "magpsf": 17.793899536132812,
            "sigmapsf": 0.05009400099515915,
            "magnr": 19.847000122070312,
            "sigmagnr": 0.12399999797344208,
            "magzpsci": 26.217899322509766,
            "isdiffpos": "t",
            "ssdistnr": null,
            "ssnamenr": null,
            "drb": null
        },
        {
            "candid": 2367387025715015008,
            "jd": 2460121.8870255,
            "ra": 248.7121864,
            "dec": 14.9457446,
            "fid": 1,
            "nid": 2367,
            "magpsf": 17.6653995513916,
            "sigmapsf": 0.0529789999127388,
            "magnr": 20.16699981689453,
            "sigmagnr": 0.12800000607967377,
            "magzpsci": 26.247400283813477,
            "isdiffpos": "t",
            "ssdistnr": null,
            "ssnamenr": null,
            "drb": null
        },
        {
            "candid": 2369256055715015010,
            "jd": 2460123.7560532,
            "ra": 248.7121705,
            "dec": 14.9457562,
            "fid": 1,
            "nid": 2369,
            "magpsf": 17.619800567626953,
            "sigmapsf": 0.05830400064587593,
            "magnr": 20.16699981689453,
            "sigmagnr": 0.12800000607967377,
            "magzpsci": 26.291799545288086,
            "isdiffpos": "t",
            "ssdistnr": null,
            "ssnamenr": null,
            "drb": null
        },
        {
            "candid": 2371289175715015008,
            "jd": 2460125.7891782,
            "ra": 248.7121708,
            "dec": 14.9457575,
            "fid": 2,
            "nid": 2371,
            "magpsf": 17.617300033569336,
            "sigmapsf": 0.06208899989724159,
            "magnr": 19.847000122070312,
            "sigmagnr": 0.12399999797344208,
            "magzpsci": 26.16029930114746,
            "isdiffpos": "t",
            "ssdistnr": null,
            "ssnamenr": null,
            "drb": null
        },
        {
            "candid": 2371315965715015009,
            "jd": 2460125.8159606,
            "ra": 248.7121782,
            "dec": 14.9457539,
            "fid": 1,
            "nid": 2371,
            "magpsf": 17.624099731445312,
            "sigmapsf": 0.05661400035023689,
            "magnr": 20.16699981689453,
            "sigmagnr": 0.12800000607967377,
            "magzpsci": 26.254100799560547,
            "isdiffpos": "t",
            "ssdistnr": null,
            "ssnamenr": null,
            "drb": null
        },
        {
            "candid": 2373206555715015006,
            "jd": 2460127.7065509,
            "ra": 248.712175,
            "dec": 14.9457227,
            "fid": 1,
            "nid": 2373,
            "magpsf": 17.638599395751953,
            "sigmapsf": 0.07328499853610992,
            "magnr": 20.16699981689453,
            "sigmagnr": 0.12800000607967377,
            "magzpsci": 26.248600006103516,
            "isdiffpos": "t",
            "ssdistnr": null,
            "ssnamenr": null,
            "drb": null
        },
        {
            "candid": 2373274055715015013,
            "jd": 2460127.7740509,
            "ra": 248.7121606,
            "dec": 14.9457537,
            "fid": 2,
            "nid": 2373,
            "magpsf": 17.58169937133789,
            "sigmapsf": 0.053373001515865326,
            "magnr": 19.847000122070312,
            "sigmagnr": 0.12399999797344208,
            "magzpsci": 26.174699783325195,
            "isdiffpos": "t",
            "ssdistnr": null,
            "ssnamenr": null,
            "drb": null
        },
        {
            "candid": 2378208035715015023,
            "jd": 2460132.7080324,
            "ra": 248.7121772,
            "dec": 14.9457522,
            "fid": 2,
            "nid": 2378,
            "magpsf": 17.759300231933594,
            "sigmapsf": 0.03419499844312668,
            "magnr": 19.847000122070312,
            "sigmagnr": 0.12399999797344208,
            "magzpsci": 26.21929931640625,
            "isdiffpos": "t",
            "ssdistnr": null,
            "ssnamenr": null,
            "drb": null
        },
        {
            "candid": 2381297455715015014,
            "jd": 2460135.7974537,
            "ra": 248.7121555,
            "dec": 14.9457471,
            "fid": 2,
            "nid": 2381,
            "magpsf": 17.899999618530273,
            "sigmapsf": 0.04579399898648262,
            "magnr": 19.847000122070312,
            "sigmagnr": 0.12399999797344208,
            "magzpsci": 26.209999084472656,
            "isdiffpos": "t",
            "ssdistnr": null,
            "ssnamenr": null,
            "drb": null
        },
        {
            "candid": 2383213065715015010,
            "jd": 2460137.7130671,
            "ra": 248.7121618,
            "dec": 14.9457663,
            "fid": 1,
            "nid": 2383,
            "magpsf": 18.159099578857422,
            "sigmapsf": 0.06387700140476227,
            "magnr": 20.16699981689453,
            "sigmagnr": 0.12800000607967377,
            "magzpsci": 26.28809928894043,
            "isdiffpos": "t",
            "ssdistnr": null,
            "ssnamenr": null,
            "drb": null
        },
        {
            "candid": 2383257555715015022,
            "jd": 2460137.7575579,
            "ra": 248.712168,
            "dec": 14.9457474,
            "fid": 2,
            "nid": 2383,
            "magpsf": 18.054399490356445,
            "sigmapsf": 0.04558899998664856,
            "magnr": 19.847000122070312,
            "sigmagnr": 0.12399999797344208,
            "magzpsci": 26.190399169921875,
            "isdiffpos": "t",
            "ssdistnr": null,
            "ssnamenr": null,
            "drb": null
        },
        {
            "candid": 2385232075715015013,
            "jd": 2460139.7320718,
            "ra": 248.7121544,
            "dec": 14.9457742,
            "fid": 1,
            "nid": 2385,
            "magpsf": 18.327199935913086,
            "sigmapsf": 0.07328300178050995,
            "magnr": 20.16699981689453,
            "sigmagnr": 0.12800000607967377,
            "magzpsci": 26.265199661254883,
            "isdiffpos": "t",
            "ssdistnr": null,
            "ssnamenr": null,
            "drb": null
        },
        {
            "candid": 2385268465715015012,
            "jd": 2460139.7684606,
            "ra": 248.7121595,
            "dec": 14.945755,
            "fid": 2,
            "nid": 2385,
            "magpsf": 18.157100677490234,
            "sigmapsf": 0.047366999089717865,
            "magnr": 19.847000122070312,
            "sigmagnr": 0.12399999797344208,
            "magzpsci": 26.1830997467041,
            "isdiffpos": "t",
            "ssdistnr": null,
            "ssnamenr": null,
            "drb": null
        },
        {
            "candid": 2387217245715015008,
            "jd": 2460141.7172454,
            "ra": 248.7121811,
            "dec": 14.9459037,
            "fid": 1,
            "nid": 2387,
            "magpsf": 18.444599151611328,
            "sigmapsf": 0.19628800451755524,
            "magnr": 20.16699981689453,
            "sigmagnr": 0.12800000607967377,
            "magzpsci": 26.236600875854492,
            "isdiffpos": "t",
            "ssdistnr": null,
            "ssnamenr": null,
            "drb": null
        },
        {
            "candid": 2387234935715015004,
            "jd": 2460141.7349306,
            "ra": 248.7121665,
            "dec": 14.945828,
            "fid": 2,
            "nid": 2387,
            "magpsf": 18.1919002532959,
            "sigmapsf": 0.2994360029697418,
            "magnr": 19.847000122070312,
            "sigmagnr": 0.12399999797344208,
            "magzpsci": 26.15290069580078,
            "isdiffpos": "t",
            "ssdistnr": null,
            "ssnamenr": null,
            "drb": null
        },
        {
            "candid": 2389200155715015021,
            "jd": 2460143.7001505,
            "ra": 248.71218,
            "dec": 14.9457627,
            "fid": 1,
            "nid": 2389,
            "magpsf": 18.713499069213867,
            "sigmapsf": 0.07407800108194351,
            "magnr": 20.16699981689453,
            "sigmagnr": 0.12800000607967377,
            "magzpsci": 26.295499801635742,
            "isdiffpos": "t",
            "ssdistnr": null,
            "ssnamenr": null,
            "drb": null
        },
        {
            "candid": 2389247655715015013,
            "jd": 2460143.7476505,
            "ra": 248.7121553,
            "dec": 14.9457615,
            "fid": 2,
            "nid": 2389,
            "magpsf": 18.38610076904297,
            "sigmapsf": 0.059512000530958176,
            "magnr": 19.847000122070312,
            "sigmagnr": 0.12399999797344208,
            "magzpsci": 26.192100524902344,
            "isdiffpos": "t",
            "ssdistnr": null,
            "ssnamenr": null,
            "drb": null
        },
        {
            "candid": 2391246625715015016,
            "jd": 2460145.7466204,
            "ra": 248.7121844,
            "dec": 14.9457725,
            "fid": 1,
            "nid": 2391,
            "magpsf": 18.814800262451172,
            "sigmapsf": 0.08169399946928024,
            "magnr": 20.16699981689453,
            "sigmagnr": 0.12800000607967377,
            "magzpsci": 26.295799255371094,
            "isdiffpos": "t",
            "ssdistnr": null,
            "ssnamenr": null,
            "drb": null
        },
        {
            "candid": 2391269585715015019,
            "jd": 2460145.7695833,
            "ra": 248.7121732,
            "dec": 14.9457366,
            "fid": 2,
            "nid": 2391,
            "magpsf": 18.421300888061523,
            "sigmapsf": 0.060798998922109604,
            "magnr": 19.847000122070312,
            "sigmagnr": 0.12399999797344208,
            "magzpsci": 26.204299926757812,
            "isdiffpos": "t",
            "ssdistnr": null,
            "ssnamenr": null,
            "drb": null
        },
        {
            "candid": 2393268835715015022,
            "jd": 2460147.768831,
            "ra": 248.7121665,
            "dec": 14.9457463,
            "fid": 2,
            "nid": 2393,
            "magpsf": 18.396900177001953,
            "sigmapsf": 0.05855400115251541,
            "magnr": 19.847000122070312,
            "sigmagnr": 0.12399999797344208,
            "magzpsci": 26.168899536132812,
            "isdiffpos": "t",
            "ssdistnr": null,
            "ssnamenr": null,
            "drb": null
        },
        {
            "candid": 2393339885715015011,
            "jd": 2460147.8398843,
            "ra": 248.7121661,
            "dec": 14.9457228,
            "fid": 1,
            "nid": 2393,
            "magpsf": 18.97640037536621,
            "sigmapsf": 0.13399599492549896,
            "magnr": 20.16699981689453,
            "sigmagnr": 0.12800000607967377,
            "magzpsci": 26.10540008544922,
            "isdiffpos": "t",
            "ssdistnr": null,
            "ssnamenr": null,
            "drb": null
        },
        {
            "candid": 2395248655715015015,
            "jd": 2460149.7486574,
            "ra": 248.7121616,
            "dec": 14.9457395,
            "fid": 2,
            "nid": 2395,
            "magpsf": 18.395000457763672,
            "sigmapsf": 0.07191000133752823,
            "magnr": 19.847000122070312,
            "sigmagnr": 0.12399999797344208,
            "magzpsci": 25.97599983215332,
            "isdiffpos": "t",
            "ssdistnr": null,
            "ssnamenr": null,
            "drb": null
        },
        {
            "candid": 2395290595715015012,
            "jd": 2460149.7905903,
            "ra": 248.712183,
            "dec": 14.9457529,
            "fid": 1,
            "nid": 2395,
            "magpsf": 19.099000930786133,
            "sigmapsf": 0.11398900300264359,
            "magnr": 20.16699981689453,
            "sigmagnr": 0.12800000607967377,
            "magzpsci": 26.22800064086914,
            "isdiffpos": "t",
            "ssdistnr": null,
            "ssnamenr": null,
            "drb": null
        },
        {
            "candid": 2397199465715015019,
            "jd": 2460151.6994676,
            "ra": 248.7121708,
            "dec": 14.9457599,
            "fid": 2,
            "nid": 2397,
            "magpsf": 18.412200927734375,
            "sigmapsf": 0.06864599883556366,
            "magnr": 19.847000122070312,
            "sigmagnr": 0.12399999797344208,
            "magzpsci": 26.166200637817383,
            "isdiffpos": "t",
            "ssdistnr": null,
            "ssnamenr": null,
            "drb": null
        },
        {
            "candid": 2397274005715015014,
            "jd": 2460151.7740046,
            "ra": 248.7122035,
            "dec": 14.945788,
            "fid": 1,
            "nid": 2397,
            "magpsf": 19.35070037841797,
            "sigmapsf": 0.13736000657081604,
            "magnr": 20.16699981689453,
            "sigmagnr": 0.12800000607967377,
            "magzpsci": 26.21969985961914,
            "isdiffpos": "t",
            "ssdistnr": null,
            "ssnamenr": null,
            "drb": null
        },
        {
            "candid": 2399228805715015012,
            "jd": 2460153.7288079,
            "ra": 248.712156,
            "dec": 14.9457671,
            "fid": 2,
            "nid": 2399,
            "magpsf": 18.390100479125977,
            "sigmapsf": 0.08757200092077255,
            "magnr": 19.847000122070312,
            "sigmagnr": 0.12399999797344208,
            "magzpsci": 26.172100067138672,
            "isdiffpos": "t",
            "ssdistnr": null,
            "ssnamenr": null,
            "drb": null
        },
        {
            "candid": 2399275555715015012,
            "jd": 2460153.7755556,
            "ra": 248.7121996,
            "dec": 14.9457535,
            "fid": 1,
            "nid": 2399,
            "magpsf": 19.377199172973633,
            "sigmapsf": 0.1655389964580536,
            "magnr": 20.16699981689453,
            "sigmagnr": 0.12800000607967377,
            "magzpsci": 26.221200942993164,
            "isdiffpos": "t",
            "ssdistnr": null,
            "ssnamenr": null,
            "drb": null
        },
        {
            "candid": 2401254495715015009,
            "jd": 2460155.7544907,
            "ra": 248.7121447,
            "dec": 14.9457488,
            "fid": 1,
            "nid": 2401,
            "magpsf": 19.717899322509766,
            "sigmapsf": 0.3348129987716675,
            "magnr": 20.16699981689453,
            "sigmagnr": 0.12800000607967377,
            "magzpsci": 26.223899841308594,
            "isdiffpos": "t",
            "ssdistnr": null,
            "ssnamenr": null,
            "drb": null
        },
        {
            "candid": 2401275195715015008,
            "jd": 2460155.7751968,
            "ra": 248.7121536,
            "dec": 14.9457498,
            "fid": 2,
            "nid": 2401,
            "magpsf": 18.41860008239746,
            "sigmapsf": 0.0994269996881485,
            "magnr": 19.847000122070312,
            "sigmagnr": 0.12399999797344208,
            "magzpsci": 26.13759994506836,
            "isdiffpos": "t",
            "ssdistnr": null,
            "ssnamenr": null,
            "drb": null
        },
        {
            "candid": 2404232085715015096,
            "jd": 2460158.7320833,
            "ra": 248.7122316,
            "dec": 14.9458053,
            "fid": 2,
            "nid": 2404,
            "magpsf": 18.623199462890625,
            "sigmapsf": 0.24277600646018982,
            "magnr": 19.847000122070312,
            "sigmagnr": 0.12399999797344208,
            "magzpsci": 25.241199493408203,
            "isdiffpos": "t",
            "ssdistnr": null,
            "ssnamenr": null,
            "drb": null
        },
        {
            "candid": 2407179385715015023,
            "jd": 2460161.6793866,
            "ra": 248.7121694,
            "dec": 14.9457264,
            "fid": 2,
            "nid": 2407,
            "magpsf": 18.622400283813477,
            "sigmapsf": 0.0672760009765625,
            "magnr": 19.847000122070312,
            "sigmagnr": 0.12399999797344208,
            "magzpsci": 26.209400177001953,
            "isdiffpos": "t",
            "ssdistnr": null,
            "ssnamenr": null,
            "drb": null
        },
        {
            "candid": 2407193335715015023,
            "jd": 2460161.6933333,
            "ra": 248.7122164,
            "dec": 14.9457126,
            "fid": 1,
            "nid": 2407,
            "magpsf": 19.868000030517578,
            "sigmapsf": 0.15568700432777405,
            "magnr": 20.16699981689453,
            "sigmagnr": 0.12800000607967377,
            "magzpsci": 26.302000045776367,
            "isdiffpos": "t",
            "ssdistnr": null,
            "ssnamenr": null,
            "drb": null
        },
        {
            "candid": 2409249765715015012,
            "jd": 2460163.7497685,
            "ra": 248.7121591,
            "dec": 14.9457576,
            "fid": 1,
            "nid": 2409,
            "magpsf": 20.14240074157715,
            "sigmapsf": 0.22665299475193024,
            "magnr": 20.16699981689453,
            "sigmagnr": 0.12800000607967377,
            "magzpsci": 26.27440071105957,
            "isdiffpos": "t",
            "ssdistnr": null,
            "ssnamenr": null,
            "drb": null
        },
        {
            "candid": 2409257995715015013,
            "jd": 2460163.7579977,
            "ra": 248.7121524,
            "dec": 14.9457565,
            "fid": 2,
            "nid": 2409,
            "magpsf": 18.77519989013672,
            "sigmapsf": 0.08701399713754654,
            "magnr": 19.847000122070312,
            "sigmagnr": 0.12399999797344208,
            "magzpsci": 26.19420051574707,
            "isdiffpos": "t",
            "ssdistnr": null,
            "ssnamenr": null,
            "drb": null
        },
        {
            "candid": 2411213935715015025,
            "jd": 2460165.7139352,
            "ra": 248.7121739,
            "dec": 14.9457548,
            "fid": 2,
            "nid": 2411,
            "magpsf": 18.90290069580078,
            "sigmapsf": 0.08305700123310089,
            "magnr": 19.847000122070312,
            "sigmagnr": 0.12399999797344208,
            "magzpsci": 26.170900344848633,
            "isdiffpos": "t",
            "ssdistnr": null,
            "ssnamenr": null,
            "drb": null
        },
        {
            "candid": 2415291005715015019,
            "jd": 2460169.7910069,
            "ra": 248.7121467,
            "dec": 14.9457229,
            "fid": 2,
            "nid": 2415,
            "magpsf": 19.064899444580078,
            "sigmapsf": 0.13394500315189362,
            "magnr": 19.847000122070312,
            "sigmagnr": 0.12399999797344208,
            "magzpsci": 26.03890037536621,
            "isdiffpos": "t",
            "ssdistnr": null,
            "ssnamenr": null,
            "drb": null
        },
        {
            "candid": 2417195615715015013,
            "jd": 2460171.6956134,
            "ra": 248.7121752,
            "dec": 14.9458011,
            "fid": 1,
            "nid": 2417,
            "magpsf": 20.429800033569336,
            "sigmapsf": 0.2682900130748749,
            "magnr": 20.16699981689453,
            "sigmagnr": 0.12800000607967377,
            "magzpsci": 26.267799377441406,
            "isdiffpos": "t",
            "ssdistnr": null,
            "ssnamenr": null,
            "drb": null
        },
        {
            "candid": 2417249645715015022,
            "jd": 2460171.7496412,
            "ra": 248.7121564,
            "dec": 14.9457062,
            "fid": 2,
            "nid": 2417,
            "magpsf": 19.20159912109375,
            "sigmapsf": 0.09366799890995026,
            "magnr": 19.847000122070312,
            "sigmagnr": 0.12399999797344208,
            "magzpsci": 26.14459991455078,
            "isdiffpos": "t",
            "ssdistnr": null,
            "ssnamenr": null,
            "drb": null
        },
        {
            "candid": 2419166045715015019,
            "jd": 2460173.6660417,
            "ra": 248.7121591,
            "dec": 14.9457469,
            "fid": 2,
            "nid": 2419,
            "magpsf": 19.311199188232422,
            "sigmapsf": 0.10539200156927109,
            "magnr": 19.847000122070312,
            "sigmagnr": 0.12399999797344208,
            "magzpsci": 26.18720054626465,
            "isdiffpos": "t",
            "ssdistnr": null,
            "ssnamenr": null,
            "drb": null
        },
        {
            "candid": 2419193705715015018,
            "jd": 2460173.6937037,
            "ra": 248.7121449,
            "dec": 14.9457234,
            "fid": 1,
            "nid": 2419,
            "magpsf": 20.356399536132812,
            "sigmapsf": 0.2088640034198761,
            "magnr": 20.16699981689453,
            "sigmagnr": 0.12800000607967377,
            "magzpsci": 26.260400772094727,
            "isdiffpos": "t",
            "ssdistnr": null,
            "ssnamenr": null,
            "drb": null
        },
        {
            "candid": 2428276905715015016,
            "jd": 2460182.7769097,
            "ra": 248.7122377,
            "dec": 14.9458141,
            "fid": 2,
            "nid": 2428,
            "magpsf": 19.793800354003906,
            "sigmapsf": 0.2475080043077469,
            "magnr": 19.847000122070312,
            "sigmagnr": 0.12399999797344208,
            "magzpsci": 26.13479995727539,
            "isdiffpos": "t",
            "ssdistnr": null,
            "ssnamenr": null,
            "drb": null
        },
        {
            "candid": 2430175335715015014,
            "jd": 2460184.6753356,
            "ra": 248.7121594,
            "dec": 14.9457816,
            "fid": 2,
            "nid": 2430,
            "magpsf": 19.491313934326172,
            "sigmapsf": 0.18616218864917755,
            "magnr": 19.847000122070312,
            "sigmagnr": 0.12399999797344208,
            "magzpsci": 26.195314407348633,
            "isdiffpos": "t",
            "ssdistnr": -999.0,
            "ssnamenr": "null",
            "drb": null
        },
        {
            "jd": 2460081.8480324,
            "fid": 1,
            "diffmaglim": 20.630300521850586
        },
        {
            "jd": 2460081.8930787,
            "fid": 2,
            "diffmaglim": 20.558500289916992
        },
        {
            "jd": 2460084.874456,
            "fid": 1,
            "diffmaglim": 20.653200149536133
        },
        {
            "jd": 2460084.9165741,
            "fid": 2,
            "diffmaglim": 20.147199630737305
        },
        {
            "jd": 2460086.7875694,
            "fid": 1,
            "diffmaglim": 20.652799606323242
        },
        {
            "jd": 2460086.8395023,
            "fid": 2,
            "diffmaglim": 20.624500274658203
        },
        {
            "jd": 2460088.8324421,
            "fid": 1,
            "diffmaglim": 20.837799072265625
        },
        {
            "jd": 2460088.8901852,
            "fid": 2,
            "diffmaglim": 20.478700637817383
        },
        {
            "jd": 2460090.8377199,
            "fid": 2,
            "diffmaglim": 19.986600875854492
        },
        {
            "jd": 2460092.8293981,
            "fid": 1,
            "diffmaglim": 20.401100158691406
        },
        {
            "jd": 2460092.8730671,
            "fid": 2,
            "diffmaglim": 20.672100067138672
        },
        {
            "jd": 2460094.9121065,
            "fid": 1,
            "diffmaglim": 20.723899841308594
        },
        {
            "jd": 2460099.8702199,
            "fid": 2,
            "diffmaglim": 19.28230094909668
        },
        {
            "jd": 2460099.9293287,
            "fid": 1,
            "diffmaglim": 18.957500457763672
        },
        {
            "jd": 2460101.7908565,
            "fid": 1,
            "diffmaglim": 19.6117000579834
        },
        {
            "jd": 2460103.7963426,
            "fid": 2,
            "diffmaglim": 20.409500122070312
        },
        {
            "jd": 2460105.7790509,
            "fid": 2,
            "diffmaglim": 19.697599411010742
        },
        {
            "jd": 2460165.8166204,
            "fid": 1,
            "diffmaglim": 19.618900299072266
        },
        {
            "jd": 2460175.6810069,
            "fid": 1,
            "diffmaglim": 19.308700561523438
        },
        {
            "jd": 2460182.749919,
            "fid": 1,
            "diffmaglim": 19.59939956665039
        }
    ],
    "forcedphot": []
}