{
    "objectId": "ZTF22abubnqs",
    "candidates": [
        {
            "candid": 2145147702915015007,
            "jd": 2459899.6477083,
            "ra": 355.2069052,
            "dec": -10.7150868,
            "fid": 1,
            "nid": 2145,
            "magpsf": 19.391599655151367,
            "sigmapsf": 0.14296500384807587,
            "magnr": 19.118999481201172,
            "sigmagnr": 0.11900000274181366,
            "magzpsci": 26.289600372314453,
            "isdiffpos": "t",
            "ssdistnr": null,
            "ssnamenr": null,
            "drb": 0.9979113936424255
        },
        {
            "candid": 2152148042915015013,
            "jd": 2459906.648044,
            "ra": 355.2069524,
            "dec": -10.7150809,
            "fid": 2,
            "nid": 2152,
            "magpsf": 19.00480079650879,
            "sigmapsf": 0.1033250018954277,
            "magnr": 18.547000885009766,
            "sigmagnr": 0.12999999523162842,
            "magzpsci": 26.28580093383789,
            "isdiffpos": "t",
            "ssdistnr": null,
            "ssnamenr": null,
            "drb": null
        },
        {
            "candid": 2152170022915015017,
            "jd": 2459906.6700231,
            "ra": 355.2069661,
            "dec": -10.7151141,
            "fid": 1,
            "nid": 2152,
            "magpsf": 18.917299270629883,
            "sigmapsf": 0.09913299977779388,
            "magnr": 19.118999481201172,
            "sigmagnr": 0.11900000274181366,
            "magzpsci": 26.301300048828125,
            "isdiffpos": "t",
            "ssdistnr": null,
            "ssnamenr": null,
            "drb": null
        },
        {
            "candid": 2155126632915015018,
            "jd": 2459909.6266319,
            "ra": 355.2069615,
            "dec": -10.7152126,
            "fid": 2,
            "nid": 2155,
            "magpsf": 18.922800064086914,
            "sigmapsf": 0.10437799990177155,
            "magnr": 18.547000885009766,
            "sigmagnr": 0.12999999523162842,
            "magzpsci": 26.293800354003906,
            "isdiffpos": "t",
            "ssdistnr": null,
            "ssnamenr": null,
            "drb": null
        },
        {
            "candid": 2155193212915015012,
            "jd": 2459909.6932176,
            "ra": 355.2069531,
            "dec": -10.7150954,
            "fid": 1,
            "nid": 2155,
            "magpsf": 18.877899169921875,
            "sigmapsf": 0.09283100068569183,
            "magnr": 19.118999481201172,
            "sigmagnr": 0.11900000274181366,
            "magzpsci": 26.291900634765625,
            "isdiffpos": "t",
            "ssdistnr": null,
            "ssnamenr": null,
            "drb": null
        },
        {
            "candid": 2159105562915015005,
            "jd": 2459913.6055671,
            "ra": 355.2068074,
            "dec": -10.7150757,
            "fid": 1,
            "nid": 2159,
            "magpsf": 18.87689971923828,
            "sigmapsf": 0.13433699309825897,
            "magnr": 19.118999481201172,
            "sigmagnr": 0.11900000274181366,
            "magzpsci": 26.27389907836914,
            "isdiffpos": "t",
            "ssdistnr": null,
            "ssnamenr": null,
            "drb": null
        },
        {
            "candid": 2168153712915015005,
            "jd": 2459922.6537153,
            "ra": 355.2069462,
            "dec": -10.715091,
            "fid": 1,
            "nid": 2168,
            "magpsf": 19.6914005279541,
            "sigmapsf": 0.23399800062179565,
            "magnr": 19.118999481201172,
            "sigmagnr": 0.11900000274181366,
            "magzpsci": 26.26740074157715,
            "isdiffpos": "t",
            "ssdistnr": null,
            "ssnamenr": null,
            "drb": null
        },
        {
            "candid": 2168188752915015008,
            "jd": 2459922.68875,
            "ra": 355.2069352,
            "dec": -10.7150609,
            "fid": 2,
            "nid": 2168,
            "magpsf": 19.42609977722168,
            "sigmapsf": 0.13636499643325806,
            "magnr": 18.547000885009766,
            "sigmagnr": 0.12999999523162842,
            "magzpsci": 26.273099899291992,
            "isdiffpos": "t",
            "ssdistnr": null,
            "ssnamenr": null,
            "drb": null
        },
        {
            "candid": 2170170042915015004,
            "jd": 2459924.6700463,
            "ra": 355.207006,
            "dec": -10.7150736,
            "fid": 2,
            "nid": 2170,
            "magpsf": 19.44070053100586,
            "sigmapsf": 0.14963699877262115,
            "magnr": 18.547000885009766,
            "sigmagnr": 0.12999999523162842,
            "magzpsci": 26.244699478149414,
            "isdiffpos": "t",
            "ssdistnr": null,
            "ssnamenr": null,
            "drb": null
        },
        {
            "candid": 2176108212915015010,
            "jd": 2459930.6082176,
            "ra": 355.2069565,
            "dec": -10.7151812,
            "fid": 2,
            "nid": 2176,
            "magpsf": 19.800350189208984,
            "sigmapsf": 0.17735517024993896,
            "magnr": 18.546998977661133,
            "sigmagnr": 0.12999999523162842,
            "magzpsci": 26.276351928710938,
            "isdiffpos": "t",
            "ssdistnr": -999.0,
            "ssnamenr": "null",
            "drb": null
        },
        {
            "jd": 2459869.7767824,
            "fid": 1,
            "diffmaglim": 20.14419937133789
        },
        {
            "jd": 2459871.7008333,
            "fid": 2,
            "diffmaglim": 19.98740005493164
        },
        {
            "jd": 2459873.6692824,
            "fid": 2,
            "diffmaglim": 20.084999084472656
        },
        {
            "jd": 2459873.7105903,
            "fid": 1,
            "diffmaglim": 20.44499969482422
        },
        {
            "jd": 2459877.7324769,
            "fid": 1,
            "diffmaglim": 20.203899383544922
        },
        {
            "jd": 2459877.7958681,
            "fid": 2,
            "diffmaglim": 20.026399612426758
        },
        {
            "jd": 2459879.7750926,
            "fid": 2,
            "diffmaglim": 20.233400344848633
        },
        {
            "jd": 2459879.7949769,
            "fid": 1,
            "diffmaglim": 20.126399993896484
        },
        {
            "jd": 2459881.7739815,
            "fid": 2,
            "diffmaglim": 20.2273006439209
        },
        {
            "jd": 2459881.8150463,
            "fid": 1,
            "diffmaglim": 20.148300170898438
        },
        {
            "jd": 2459883.7957407,
            "fid": 2,
            "diffmaglim": 19.981800079345703
        },
        {
            "jd": 2459889.7748264,
            "fid": 2,
            "diffmaglim": 19.129600524902344
        },
        {
            "jd": 2459894.6507986,
            "fid": 2,
            "diffmaglim": 19.380599975585938
        },
        {
            "jd": 2459894.7483218,
            "fid": 1,
            "diffmaglim": 19.112199783325195
        },
        {
            "jd": 2459896.7695602,
            "fid": 2,
            "diffmaglim": 19.51930046081543
        },
        {
            "jd": 2459897.6482176,
            "fid": 1,
            "diffmaglim": 20.24679946899414
        },
        {
            "jd": 2459897.7291088,
            "fid": 2,
            "diffmaglim": 19.867700576782227
        },
        {
            "jd": 2459899.6725694,
            "fid": 2,
            "diffmaglim": 19.528499603271484
        },
        {
            "jd": 2459901.6701505,
            "fid": 2,
            "diffmaglim": 18.88960075378418
        },
        {
            "jd": 2459901.7156134,
            "fid": 1,
            "diffmaglim": 19.94260025024414
        },
        {
            "jd": 2459904.6866667,
            "fid": 1,
            "diffmaglim": 19.719999313354492
        },
        {
            "jd": 2459913.6470833,
            "fid": 2,
            "diffmaglim": 19.59980010986328
        }
    ],
    "forcedphot": []
}