{
    "objectId": "ZTF22aafqamd",
    "candidates": [
        {
            "candid": 1929161433315015003,
            "jd": 2459683.6614352,
            "ra": 125.9865297,
            "dec": 42.1119089,
            "fid": 2,
            "nid": 1929,
            "magpsf": 19.496299743652344,
            "sigmapsf": 0.1972550004720688,
            "magnr": 21.77899932861328,
            "sigmagnr": 0.11400000005960464,
            "magzpsci": 26.29330062866211,
            "isdiffpos": "t",
            "ssdistnr": null,
            "ssnamenr": null,
            "drb": 0.9998059868812561
        },
        {
            "candid": 1929265903315015001,
            "jd": 2459683.7659028,
            "ra": 125.9863113,
            "dec": 42.1118391,
            "fid": 1,
            "nid": 1929,
            "magpsf": 19.611099243164062,
            "sigmapsf": 0.325221985578537,
            "magnr": 21.850000381469727,
            "sigmagnr": 0.1340000033378601,
            "magzpsci": 26.22909927368164,
            "isdiffpos": "t",
            "ssdistnr": null,
            "ssnamenr": null,
            "drb": null
        },
        {
            "candid": 1931219103315015003,
            "jd": 2459685.7191088,
            "ra": 125.9864752,
            "dec": 42.1119027,
            "fid": 2,
            "nid": 1931,
            "magpsf": 18.940799713134766,
            "sigmapsf": 0.13036400079727173,
            "magnr": 21.77899932861328,
            "sigmagnr": 0.11400000005960464,
            "magzpsci": 26.295799255371094,
            "isdiffpos": "t",
            "ssdistnr": null,
            "ssnamenr": null,
            "drb": null
        },
        {
            "candid": 1931327683315015000,
            "jd": 2459685.8276852,
            "ra": 125.9864111,
            "dec": 42.1118732,
            "fid": 1,
            "nid": 1931,
            "magpsf": 19.031600952148438,
            "sigmapsf": 0.25250500440597534,
            "magnr": 21.850000381469727,
            "sigmagnr": 0.1340000033378601,
            "magzpsci": 26.128599166870117,
            "isdiffpos": "t",
            "ssdistnr": null,
            "ssnamenr": null,
            "drb": null
        },
        {
            "candid": 1934178843315015001,
            "jd": 2459688.6788426,
            "ra": 125.9864373,
            "dec": 42.1119141,
            "fid": 1,
            "nid": 1934,
            "magpsf": 18.390600204467773,
            "sigmapsf": 0.06744900345802307,
            "magnr": 21.850000381469727,
            "sigmagnr": 0.1340000033378601,
            "magzpsci": 26.305599212646484,
            "isdiffpos": "t",
            "ssdistnr": null,
            "ssnamenr": null,
            "drb": null
        },
        {
            "candid": 1936262893315015002,
            "jd": 2459690.7628935,
            "ra": 125.9864529,
            "dec": 42.1119349,
            "fid": 1,
            "nid": 1936,
            "magpsf": 18.183399200439453,
            "sigmapsf": 0.06390800327062607,
            "magnr": 21.850000381469727,
            "sigmagnr": 0.1340000033378601,
            "magzpsci": 26.19540023803711,
            "isdiffpos": "t",
            "ssdistnr": null,
            "ssnamenr": null,
            "drb": null
        },
        {
            "candid": 1940165083315015001,
            "jd": 2459694.665081,
            "ra": 125.9864285,
            "dec": 42.1119102,
            "fid": 2,
            "nid": 1940,
            "magpsf": 18.19540023803711,
            "sigmapsf": 0.06035900115966797,
            "magnr": 21.77899932861328,
            "sigmagnr": 0.11400000005960464,
            "magzpsci": 26.20439910888672,
            "isdiffpos": "t",
            "ssdistnr": null,
            "ssnamenr": null,
            "drb": null
        },
        {
            "candid": 1940263653315015001,
            "jd": 2459694.7636574,
            "ra": 125.9864429,
            "dec": 42.1119134,
            "fid": 1,
            "nid": 1940,
            "magpsf": 18.126800537109375,
            "sigmapsf": 0.07749400287866592,
            "magnr": 21.850000381469727,
            "sigmagnr": 0.1340000033378601,
            "magzpsci": 26.03580093383789,
            "isdiffpos": "t",
            "ssdistnr": null,
            "ssnamenr": null,
            "drb": null
        },
        {
            "candid": 1942177383315015006,
            "jd": 2459696.6773843,
            "ra": 125.9864581,
            "dec": 42.1119054,
            "fid": 1,
            "nid": 1942,
            "magpsf": 18.19260025024414,
            "sigmapsf": 0.07087600231170654,
            "magnr": 21.850000381469727,
            "sigmagnr": 0.1340000033378601,
            "magzpsci": 26.233600616455078,
            "isdiffpos": "t",
            "ssdistnr": null,
            "ssnamenr": null,
            "drb": null
        },
        {
            "candid": 1946164973315015000,
            "jd": 2459700.6649769,
            "ra": 125.9864303,
            "dec": 42.1119231,
            "fid": 2,
            "nid": 1946,
            "magpsf": 18.35070037841797,
            "sigmapsf": 0.073512002825737,
            "magnr": 21.77899932861328,
            "sigmagnr": 0.11400000005960464,
            "magzpsci": 26.255699157714844,
            "isdiffpos": "t",
            "ssdistnr": null,
            "ssnamenr": null,
            "drb": null
        },
        {
            "candid": 1946195933315015000,
            "jd": 2459700.6959375,
            "ra": 125.9864568,
            "dec": 42.1119079,
            "fid": 1,
            "nid": 1946,
            "magpsf": 18.398399353027344,
            "sigmapsf": 0.07770700007677078,
            "magnr": 21.850000381469727,
            "sigmagnr": 0.1340000033378601,
            "magzpsci": 26.22439956665039,
            "isdiffpos": "t",
            "ssdistnr": null,
            "ssnamenr": null,
            "drb": null
        },
        {
            "candid": 1948176243315015001,
            "jd": 2459702.67625,
            "ra": 125.9864352,
            "dec": 42.1119161,
            "fid": 2,
            "nid": 1948,
            "magpsf": 18.492300033569336,
            "sigmapsf": 0.07025100290775299,
            "magnr": 21.77899932861328,
            "sigmagnr": 0.11400000005960464,
            "magzpsci": 26.215299606323242,
            "isdiffpos": "t",
            "ssdistnr": null,
            "ssnamenr": null,
            "drb": null
        },
        {
            "candid": 1954195313315015013,
            "jd": 2459708.6953125,
            "ra": 125.9864106,
            "dec": 42.1118747,
            "fid": 2,
            "nid": 1954,
            "magpsf": 18.717199325561523,
            "sigmapsf": 0.10050400346517563,
            "magnr": 21.77899932861328,
            "sigmagnr": 0.11400000005960464,
            "magzpsci": 26.274200439453125,
            "isdiffpos": "t",
            "ssdistnr": null,
            "ssnamenr": null,
            "drb": null
        },
        {
            "candid": 1954219573315015009,
            "jd": 2459708.7195718,
            "ra": 125.9863987,
            "dec": 42.111797,
            "fid": 2,
            "nid": 1954,
            "magpsf": 18.778900146484375,
            "sigmapsf": 0.12473800033330917,
            "magnr": 21.77899932861328,
            "sigmagnr": 0.11400000005960464,
            "magzpsci": 26.258899688720703,
            "isdiffpos": "t",
            "ssdistnr": null,
            "ssnamenr": null,
            "drb": null
        },
        {
            "candid": 1956181923315015002,
            "jd": 2459710.6819213,
            "ra": 125.9865379,
            "dec": 42.1117032,
            "fid": 1,
            "nid": 1956,
            "magpsf": 19.569700241088867,
            "sigmapsf": 0.22640299797058105,
            "magnr": 21.850000381469727,
            "sigmagnr": 0.1340000033378601,
            "magzpsci": 26.234699249267578,
            "isdiffpos": "t",
            "ssdistnr": null,
            "ssnamenr": null,
            "drb": null
        },
        {
            "candid": 1958183683315015005,
            "jd": 2459712.6836806,
            "ra": 125.9864311,
            "dec": 42.1119091,
            "fid": 1,
            "nid": 1958,
            "magpsf": 19.914499282836914,
            "sigmapsf": 0.2661980092525482,
            "magnr": 21.850000381469727,
            "sigmagnr": 0.1340000033378601,
            "magzpsci": 26.215499877929688,
            "isdiffpos": "t",
            "ssdistnr": null,
            "ssnamenr": null,
            "drb": null
        },
        {
            "candid": 1958205533315015004,
            "jd": 2459712.7055324,
            "ra": 125.9864443,
            "dec": 42.1119131,
            "fid": 2,
            "nid": 1958,
            "magpsf": 18.92007064819336,
            "sigmapsf": 0.11150799691677094,
            "magnr": 21.77899932861328,
            "sigmagnr": 0.11400000005960464,
            "magzpsci": 26.24506950378418,
            "isdiffpos": "t",
            "ssdistnr": -999.0,
            "ssnamenr": "null",
            "drb": null
        },
        {
            "jd": 2459671.7831597,
            "fid": 1,
            "diffmaglim": 20.591400146484375
        },
        {
            "jd": 2459673.8290278,
            "fid": 1,
            "diffmaglim": 19.89430046081543
        },
        {
            "jd": 2459675.6952778,
            "fid": 2,
            "diffmaglim": 20.413000106811523
        },
        {
            "jd": 2459677.6526273,
            "fid": 2,
            "diffmaglim": 20.05069923400879
        },
        {
            "jd": 2459677.7458218,
            "fid": 1,
            "diffmaglim": 19.65329933166504
        },
        {
            "jd": 2459680.7047569,
            "fid": 2,
            "diffmaglim": 18.013900756835938
        },
        {
            "jd": 2459710.7163194,
            "fid": 2,
            "diffmaglim": 19.645000457763672
        }
    ],
    "forcedphot": []
}