{
    "objectId": "ZTF21acdtosh",
    "candidates": [
        {
            "candid": 1734267735515015050,
            "jd": 2459488.7677315,
            "ra": 10.4571839,
            "dec": -0.4122442,
            "fid": 1,
            "nid": 1734,
            "magpsf": 18.7637996673584,
            "sigmapsf": 0.07580599933862686,
            "magnr": 19.55299949645996,
            "sigmagnr": 0.15000000596046448,
            "magzpsci": 26.32979965209961,
            "isdiffpos": "t",
            "ssdistnr": null,
            "ssnamenr": null,
            "drb": 0.9999679923057556
        },
        {
            "candid": 1736331585515015021,
            "jd": 2459490.8315856,
            "ra": 10.4571907,
            "dec": -0.4122527,
            "fid": 1,
            "nid": 1736,
            "magpsf": 18.569900512695312,
            "sigmapsf": 0.07089100033044815,
            "magnr": 19.55299949645996,
            "sigmagnr": 0.15000000596046448,
            "magzpsci": 26.32390022277832,
            "isdiffpos": "t",
            "ssdistnr": null,
            "ssnamenr": null,
            "drb": null
        },
        {
            "candid": 1744337605515015025,
            "jd": 2459498.8376042,
            "ra": 10.4571925,
            "dec": -0.4122147,
            "fid": 1,
            "nid": 1744,
            "magpsf": 18.609699249267578,
            "sigmapsf": 0.07130599766969681,
            "magnr": 19.55299949645996,
            "sigmagnr": 0.15000000596046448,
            "magzpsci": 26.31170082092285,
            "isdiffpos": "t",
            "ssdistnr": null,
            "ssnamenr": null,
            "drb": null
        },
        {
            "candid": 1748353515515015024,
            "jd": 2459502.8535185,
            "ra": 10.4572085,
            "dec": -0.4122948,
            "fid": 2,
            "nid": 1748,
            "magpsf": 18.787599563598633,
            "sigmapsf": 0.080935999751091,
            "magnr": 19.430999755859375,
            "sigmagnr": 0.14499999582767487,
            "magzpsci": 26.2406005859375,
            "isdiffpos": "t",
            "ssdistnr": null,
            "ssnamenr": null,
            "drb": null
        },
        {
            "candid": 1748398955515015010,
            "jd": 2459502.8989583,
            "ra": 10.4571642,
            "dec": -0.4122851,
            "fid": 1,
            "nid": 1748,
            "magpsf": 18.927400588989258,
            "sigmapsf": 0.12933999300003052,
            "magnr": 19.55299949645996,
            "sigmagnr": 0.15000000596046448,
            "magzpsci": 26.23940086364746,
            "isdiffpos": "t",
            "ssdistnr": null,
            "ssnamenr": null,
            "drb": null
        },
        {
            "candid": 1750255305515015013,
            "jd": 2459504.7553009,
            "ra": 10.4572061,
            "dec": -0.4122128,
            "fid": 1,
            "nid": 1750,
            "magpsf": 19.016599655151367,
            "sigmapsf": 0.17007799446582794,
            "magnr": 19.55299949645996,
            "sigmagnr": 0.15000000596046448,
            "magzpsci": 26.296600341796875,
            "isdiffpos": "t",
            "ssdistnr": null,
            "ssnamenr": null,
            "drb": null
        },
        {
            "candid": 1757257265515015032,
            "jd": 2459511.7572685,
            "ra": 10.4571847,
            "dec": -0.412238,
            "fid": 2,
            "nid": 1757,
            "magpsf": 19.38450050354004,
            "sigmapsf": 0.11379899829626083,
            "magnr": 19.430999755859375,
            "sigmagnr": 0.14499999582767487,
            "magzpsci": 26.292499542236328,
            "isdiffpos": "t",
            "ssdistnr": null,
            "ssnamenr": null,
            "drb": null
        },
        {
            "candid": 1763211375515015028,
            "jd": 2459517.7113773,
            "ra": 10.4572246,
            "dec": -0.4122027,
            "fid": 1,
            "nid": 1763,
            "magpsf": 20.518600463867188,
            "sigmapsf": 0.22631900012493134,
            "magnr": 19.55299949645996,
            "sigmagnr": 0.15000000596046448,
            "magzpsci": 26.35759925842285,
            "isdiffpos": "t",
            "ssdistnr": null,
            "ssnamenr": null,
            "drb": null
        },
        {
            "candid": 1763235175515015044,
            "jd": 2459517.7351736,
            "ra": 10.4571767,
            "dec": -0.412235,
            "fid": 2,
            "nid": 1763,
            "magpsf": 19.551799774169922,
            "sigmapsf": 0.1043270006775856,
            "magnr": 19.430999755859375,
            "sigmagnr": 0.14499999582767487,
            "magzpsci": 26.301799774169922,
            "isdiffpos": "t",
            "ssdistnr": null,
            "ssnamenr": null,
            "drb": null
        },
        {
            "candid": 1766253155515015035,
            "jd": 2459520.7531597,
            "ra": 10.457198,
            "dec": -0.4122572,
            "fid": 2,
            "nid": 1766,
            "magpsf": 19.59670066833496,
            "sigmapsf": 0.09856999665498734,
            "magnr": 19.430999755859375,
            "sigmagnr": 0.14499999582767487,
            "magzpsci": 26.290700912475586,
            "isdiffpos": "t",
            "ssdistnr": null,
            "ssnamenr": null,
            "drb": null
        },
        {
            "candid": 1768263215515015031,
            "jd": 2459522.7632176,
            "ra": 10.4572193,
            "dec": -0.4121775,
            "fid": 1,
            "nid": 1768,
            "magpsf": 20.883699417114258,
            "sigmapsf": 0.3099679946899414,
            "magnr": 19.55299949645996,
            "sigmagnr": 0.15000000596046448,
            "magzpsci": 26.367700576782227,
            "isdiffpos": "t",
            "ssdistnr": null,
            "ssnamenr": null,
            "drb": null
        },
        {
            "candid": 1768310495515015052,
            "jd": 2459522.8104977,
            "ra": 10.4571844,
            "dec": -0.4122563,
            "fid": 2,
            "nid": 1768,
            "magpsf": 19.63409996032715,
            "sigmapsf": 0.12555499374866486,
            "magnr": 19.430999755859375,
            "sigmagnr": 0.14499999582767487,
            "magzpsci": 26.26810073852539,
            "isdiffpos": "t",
            "ssdistnr": null,
            "ssnamenr": null,
            "drb": null
        },
        {
            "candid": 1770231445515015024,
            "jd": 2459524.7314468,
            "ra": 10.4571974,
            "dec": -0.4122512,
            "fid": 2,
            "nid": 1770,
            "magpsf": 19.697200775146484,
            "sigmapsf": 0.10829299688339233,
            "magnr": 19.430999755859375,
            "sigmagnr": 0.14499999582767487,
            "magzpsci": 26.29520034790039,
            "isdiffpos": "t",
            "ssdistnr": null,
            "ssnamenr": null,
            "drb": null
        },
        {
            "candid": 1770297775515015035,
            "jd": 2459524.7977778,
            "ra": 10.4572002,
            "dec": -0.4121929,
            "fid": 1,
            "nid": 1770,
            "magpsf": 21.030099868774414,
            "sigmapsf": 0.24198199808597565,
            "magnr": 19.55299949645996,
            "sigmagnr": 0.15000000596046448,
            "magzpsci": 26.34309959411621,
            "isdiffpos": "t",
            "ssdistnr": null,
            "ssnamenr": null,
            "drb": null
        },
        {
            "candid": 1775187145515015027,
            "jd": 2459529.6871412,
            "ra": 10.4571701,
            "dec": -0.4122422,
            "fid": 2,
            "nid": 1775,
            "magpsf": 20.09153938293457,
            "sigmapsf": 0.20842400193214417,
            "magnr": 19.430999755859375,
            "sigmagnr": 0.14499999582767487,
            "magzpsci": 26.283540725708008,
            "isdiffpos": "t",
            "ssdistnr": -999.0,
            "ssnamenr": "null",
            "drb": null
        },
        {
            "jd": 2459459.8354977,
            "fid": 1,
            "diffmaglim": 20.77429962158203
        },
        {
            "jd": 2459459.8929861,
            "fid": 2,
            "diffmaglim": 20.756500244140625
        },
        {
            "jd": 2459461.8754398,
            "fid": 2,
            "diffmaglim": 20.607200622558594
        },
        {
            "jd": 2459461.9166088,
            "fid": 1,
            "diffmaglim": 20.770700454711914
        },
        {
            "jd": 2459463.8855324,
            "fid": 2,
            "diffmaglim": 20.512800216674805
        },
        {
            "jd": 2459465.8585185,
            "fid": 2,
            "diffmaglim": 20.421100616455078
        },
        {
            "jd": 2459465.9023611,
            "fid": 1,
            "diffmaglim": 20.59079933166504
        },
        {
            "jd": 2459467.8784028,
            "fid": 2,
            "diffmaglim": 20.594499588012695
        },
        {
            "jd": 2459467.9240278,
            "fid": 1,
            "diffmaglim": 20.68869972229004
        },
        {
            "jd": 2459469.8786458,
            "fid": 2,
            "diffmaglim": 20.59280014038086
        },
        {
            "jd": 2459471.9248727,
            "fid": 2,
            "diffmaglim": 20.33329963684082
        },
        {
            "jd": 2459474.7777083,
            "fid": 2,
            "diffmaglim": 19.878700256347656
        },
        {
            "jd": 2459474.8601968,
            "fid": 1,
            "diffmaglim": 20.004100799560547
        },
        {
            "jd": 2459476.7792245,
            "fid": 1,
            "diffmaglim": 19.214500427246094
        },
        {
            "jd": 2459476.837662,
            "fid": 2,
            "diffmaglim": 19.551700592041016
        },
        {
            "jd": 2459480.8384606,
            "fid": 1,
            "diffmaglim": 19.13089942932129
        },
        {
            "jd": 2459480.9500231,
            "fid": 2,
            "diffmaglim": 18.96380043029785
        },
        {
            "jd": 2459485.7962037,
            "fid": 1,
            "diffmaglim": 19.00480079650879
        },
        {
            "jd": 2459485.8622454,
            "fid": 2,
            "diffmaglim": 18.154199600219727
        },
        {
            "jd": 2459488.8172917,
            "fid": 2,
            "diffmaglim": 20.42959976196289
        },
        {
            "jd": 2459504.7983449,
            "fid": 2,
            "diffmaglim": 18.749399185180664
        },
        {
            "jd": 2459526.7367477,
            "fid": 2,
            "diffmaglim": 20.58609962463379
        }
    ],
    "forcedphot": []
}