{
    "objectId": "ZTF24aaueuzb",
    "candidates": [
        {
            "candid": 2745300622615015006,
            "jd": 2460499.800625,
            "ra": 257.4548853,
            "dec": 32.2980997,
            "fid": 2,
            "nid": 2745,
            "magpsf": 18.608699798583984,
            "sigmapsf": 0.06636899709701538,
            "magnr": 19.7810001373291,
            "sigmagnr": 0.10199999809265137,
            "magzpsci": 26.282699584960938,
            "isdiffpos": "t",
            "ssdistnr": null,
            "ssnamenr": null,
            "drb": 0.9999998211860657
        },
        {
            "candid": 2745342102615015004,
            "jd": 2460499.8421065,
            "ra": 257.4549008,
            "dec": 32.29809,
            "fid": 1,
            "nid": 2745,
            "magpsf": 18.426300048828125,
            "sigmapsf": 0.06404999643564224,
            "magnr": 20.850000381469727,
            "sigmagnr": 0.09099999815225601,
            "magzpsci": 26.251300811767578,
            "isdiffpos": "t",
            "ssdistnr": null,
            "ssnamenr": null,
            "drb": null
        },
        {
            "candid": 2747235712615015014,
            "jd": 2460501.7357176,
            "ra": 257.4548828,
            "dec": 32.2981086,
            "fid": 1,
            "nid": 2747,
            "magpsf": 18.216899871826172,
            "sigmapsf": 0.055535998195409775,
            "magnr": 20.850000381469727,
            "sigmagnr": 0.09099999815225601,
            "magzpsci": 26.25790023803711,
            "isdiffpos": "t",
            "ssdistnr": null,
            "ssnamenr": null,
            "drb": null
        },
        {
            "candid": 2747273992615015005,
            "jd": 2460501.7739931,
            "ra": 257.4548737,
            "dec": 32.2980955,
            "fid": 2,
            "nid": 2747,
            "magpsf": 18.402700424194336,
            "sigmapsf": 0.0633770003914833,
            "magnr": 19.7810001373291,
            "sigmagnr": 0.10199999809265137,
            "magzpsci": 26.27869987487793,
            "isdiffpos": "t",
            "ssdistnr": null,
            "ssnamenr": null,
            "drb": null
        },
        {
            "candid": 2749266952615015004,
            "jd": 2460503.766956,
            "ra": 257.454859,
            "dec": 32.298104,
            "fid": 2,
            "nid": 2749,
            "magpsf": 18.218700408935547,
            "sigmapsf": 0.07870099693536758,
            "magnr": 19.7810001373291,
            "sigmagnr": 0.10199999809265137,
            "magzpsci": 26.181699752807617,
            "isdiffpos": "t",
            "ssdistnr": null,
            "ssnamenr": null,
            "drb": null
        },
        {
            "candid": 2749324102615015004,
            "jd": 2460503.8241088,
            "ra": 257.4549239,
            "dec": 32.2980932,
            "fid": 1,
            "nid": 2749,
            "magpsf": 18.055299758911133,
            "sigmapsf": 0.0784119963645935,
            "magnr": 20.850000381469727,
            "sigmagnr": 0.09099999815225601,
            "magzpsci": 25.895299911499023,
            "isdiffpos": "t",
            "ssdistnr": null,
            "ssnamenr": null,
            "drb": null
        },
        {
            "candid": 2751236872615015002,
            "jd": 2460505.736875,
            "ra": 257.4548582,
            "dec": 32.2981191,
            "fid": 2,
            "nid": 2751,
            "magpsf": 18.15690040588379,
            "sigmapsf": 0.06281200051307678,
            "magnr": 19.7810001373291,
            "sigmagnr": 0.10199999809265137,
            "magzpsci": 26.230899810791016,
            "isdiffpos": "t",
            "ssdistnr": null,
            "ssnamenr": null,
            "drb": null
        },
        {
            "candid": 2751322222615015006,
            "jd": 2460505.8222222,
            "ra": 257.4548883,
            "dec": 32.2981133,
            "fid": 1,
            "nid": 2751,
            "magpsf": 17.93950080871582,
            "sigmapsf": 0.051718998700380325,
            "magnr": 20.850000381469727,
            "sigmagnr": 0.09099999815225601,
            "magzpsci": 26.197500228881836,
            "isdiffpos": "t",
            "ssdistnr": null,
            "ssnamenr": null,
            "drb": null
        },
        {
            "candid": 2754288852615015002,
            "jd": 2460508.7888542,
            "ra": 257.4548583,
            "dec": 32.2981077,
            "fid": 2,
            "nid": 2754,
            "magpsf": 18.082500457763672,
            "sigmapsf": 0.06133599951863289,
            "magnr": 19.7810001373291,
            "sigmagnr": 0.10199999809265137,
            "magzpsci": 26.280500411987305,
            "isdiffpos": "t",
            "ssdistnr": null,
            "ssnamenr": null,
            "drb": null
        },
        {
            "candid": 2754344652615015012,
            "jd": 2460508.8446528,
            "ra": 257.4548867,
            "dec": 32.2981338,
            "fid": 1,
            "nid": 2754,
            "magpsf": 17.919645309448242,
            "sigmapsf": 0.07881171256303787,
            "magnr": 20.850000381469727,
            "sigmagnr": 0.09099999815225601,
            "magzpsci": 25.964645385742188,
            "isdiffpos": "t",
            "ssdistnr": -999.0,
            "ssnamenr": "null",
            "drb": null
        },
        {
            "candid": 2754344652615025012,
            "jd": 2460508.8446528,
            "ra": 257.4548867,
            "dec": 32.2981338,
            "fid": 1,
            "nid": 2754,
            "magpsf": 17.919599533081055,
            "sigmapsf": 0.07881200313568115,
            "magnr": 20.850000381469727,
            "sigmagnr": 0.09099999815225601,
            "magzpsci": 25.964599609375,
            "isdiffpos": "t",
            "ssdistnr": null,
            "ssnamenr": null,
            "drb": null
        },
        {
            "candid": 2756243862615015003,
            "jd": 2460510.7438657,
            "ra": 257.4548543,
            "dec": 32.2981048,
            "fid": 1,
            "nid": 2756,
            "magpsf": 17.992799758911133,
            "sigmapsf": 0.06803400069475174,
            "magnr": 20.850000381469727,
            "sigmagnr": 0.09099999815225601,
            "magzpsci": 26.309799194335938,
            "isdiffpos": "t",
            "ssdistnr": null,
            "ssnamenr": null,
            "drb": null
        },
        {
            "candid": 2756275912615015002,
            "jd": 2460510.7759144,
            "ra": 257.4548452,
            "dec": 32.2981324,
            "fid": 2,
            "nid": 2756,
            "magpsf": 18.069000244140625,
            "sigmapsf": 0.07665599882602692,
            "magnr": 19.7810001373291,
            "sigmagnr": 0.10199999809265137,
            "magzpsci": 26.302000045776367,
            "isdiffpos": "t",
            "ssdistnr": null,
            "ssnamenr": null,
            "drb": null
        },
        {
            "candid": 2758243342615015003,
            "jd": 2460512.7433449,
            "ra": 257.4548544,
            "dec": 32.2981176,
            "fid": 1,
            "nid": 2758,
            "magpsf": 18.052400588989258,
            "sigmapsf": 0.07605999708175659,
            "magnr": 20.850000381469727,
            "sigmagnr": 0.09099999815225601,
            "magzpsci": 26.257400512695312,
            "isdiffpos": "t",
            "ssdistnr": null,
            "ssnamenr": null,
            "drb": null
        },
        {
            "candid": 2758319822615015001,
            "jd": 2460512.8198264,
            "ra": 257.4548496,
            "dec": 32.2981151,
            "fid": 2,
            "nid": 2758,
            "magpsf": 18.11720085144043,
            "sigmapsf": 0.09939999878406525,
            "magnr": 19.7810001373291,
            "sigmagnr": 0.10199999809265137,
            "magzpsci": 26.257200241088867,
            "isdiffpos": "t",
            "ssdistnr": null,
            "ssnamenr": null,
            "drb": null
        },
        {
            "candid": 2760282672615015001,
            "jd": 2460514.7826736,
            "ra": 257.4548662,
            "dec": 32.2980946,
            "fid": 2,
            "nid": 2760,
            "magpsf": 18.1781005859375,
            "sigmapsf": 0.08144699782133102,
            "magnr": 19.7810001373291,
            "sigmagnr": 0.10199999809265137,
            "magzpsci": 26.23710060119629,
            "isdiffpos": "t",
            "ssdistnr": null,
            "ssnamenr": null,
            "drb": null
        },
        {
            "candid": 2760403432615015000,
            "jd": 2460514.9034375,
            "ra": 257.4548801,
            "dec": 32.2981062,
            "fid": 1,
            "nid": 2760,
            "magpsf": 18.15180015563965,
            "sigmapsf": 0.10370299965143204,
            "magnr": 20.850000381469727,
            "sigmagnr": 0.09099999815225601,
            "magzpsci": 25.981800079345703,
            "isdiffpos": "t",
            "ssdistnr": null,
            "ssnamenr": null,
            "drb": null
        },
        {
            "candid": 2762220152615015005,
            "jd": 2460516.7201505,
            "ra": 257.4548713,
            "dec": 32.2981157,
            "fid": 2,
            "nid": 2762,
            "magpsf": 18.26810073852539,
            "sigmapsf": 0.06097299978137016,
            "magnr": 19.7810001373291,
            "sigmagnr": 0.10199999809265137,
            "magzpsci": 26.243099212646484,
            "isdiffpos": "t",
            "ssdistnr": null,
            "ssnamenr": null,
            "drb": null
        },
        {
            "candid": 2762286372615015003,
            "jd": 2460516.7863773,
            "ra": 257.454881,
            "dec": 32.2981151,
            "fid": 1,
            "nid": 2762,
            "magpsf": 18.246400833129883,
            "sigmapsf": 0.07982300221920013,
            "magnr": 20.850000381469727,
            "sigmagnr": 0.09099999815225601,
            "magzpsci": 26.067399978637695,
            "isdiffpos": "t",
            "ssdistnr": null,
            "ssnamenr": null,
            "drb": null
        },
        {
            "candid": 2764266462615015002,
            "jd": 2460518.7664699,
            "ra": 257.4548976,
            "dec": 32.2981128,
            "fid": 1,
            "nid": 2764,
            "magpsf": 18.359399795532227,
            "sigmapsf": 0.09627799689769745,
            "magnr": 20.850000381469727,
            "sigmagnr": 0.09099999815225601,
            "magzpsci": 26.30739974975586,
            "isdiffpos": "t",
            "ssdistnr": null,
            "ssnamenr": null,
            "drb": null
        },
        {
            "candid": 2764288642615015005,
            "jd": 2460518.7886458,
            "ra": 257.4548697,
            "dec": 32.2981165,
            "fid": 2,
            "nid": 2764,
            "magpsf": 18.390300750732422,
            "sigmapsf": 0.06738200038671494,
            "magnr": 19.7810001373291,
            "sigmagnr": 0.10199999809265137,
            "magzpsci": 26.281299591064453,
            "isdiffpos": "t",
            "ssdistnr": null,
            "ssnamenr": null,
            "drb": null
        },
        {
            "candid": 2766258862615015005,
            "jd": 2460520.7588657,
            "ra": 257.4548943,
            "dec": 32.2981089,
            "fid": 2,
            "nid": 2766,
            "magpsf": 18.57830047607422,
            "sigmapsf": 0.0900069996714592,
            "magnr": 19.7810001373291,
            "sigmagnr": 0.10199999809265137,
            "magzpsci": 26.319299697875977,
            "isdiffpos": "t",
            "ssdistnr": null,
            "ssnamenr": null,
            "drb": null
        },
        {
            "candid": 2766308952615015009,
            "jd": 2460520.8089583,
            "ra": 257.4548492,
            "dec": 32.2981084,
            "fid": 1,
            "nid": 2766,
            "magpsf": 18.625099182128906,
            "sigmapsf": 0.07819300144910812,
            "magnr": 20.850000381469727,
            "sigmagnr": 0.09099999815225601,
            "magzpsci": 26.29210090637207,
            "isdiffpos": "t",
            "ssdistnr": null,
            "ssnamenr": null,
            "drb": null
        },
        {
            "candid": 2766308952615025009,
            "jd": 2460520.8089583,
            "ra": 257.4548492,
            "dec": 32.2981084,
            "fid": 1,
            "nid": 2766,
            "magpsf": 18.625099182128906,
            "sigmapsf": 0.07819300144910812,
            "magnr": 20.850000381469727,
            "sigmagnr": 0.09099999815225601,
            "magzpsci": 26.29210090637207,
            "isdiffpos": "t",
            "ssdistnr": null,
            "ssnamenr": null,
            "drb": null
        },
        {
            "candid": 2768270872615015008,
            "jd": 2460522.7708796,
            "ra": 257.4548942,
            "dec": 32.2981009,
            "fid": 2,
            "nid": 2768,
            "magpsf": 18.693700790405273,
            "sigmapsf": 0.08112599700689316,
            "magnr": 19.7810001373291,
            "sigmagnr": 0.10199999809265137,
            "magzpsci": 26.2677001953125,
            "isdiffpos": "t",
            "ssdistnr": null,
            "ssnamenr": null,
            "drb": null
        },
        {
            "candid": 2771225032615015016,
            "jd": 2460525.7250347,
            "ra": 257.4548705,
            "dec": 32.2981365,
            "fid": 1,
            "nid": 2771,
            "magpsf": 18.98150062561035,
            "sigmapsf": 0.0893779993057251,
            "magnr": 20.850000381469727,
            "sigmagnr": 0.09099999815225601,
            "magzpsci": 26.27050018310547,
            "isdiffpos": "t",
            "ssdistnr": null,
            "ssnamenr": null,
            "drb": null
        },
        {
            "candid": 2771263952615015004,
            "jd": 2460525.7639583,
            "ra": 257.4548772,
            "dec": 32.2981127,
            "fid": 2,
            "nid": 2771,
            "magpsf": 18.809799194335938,
            "sigmapsf": 0.08462800085544586,
            "magnr": 19.7810001373291,
            "sigmagnr": 0.10199999809265137,
            "magzpsci": 26.27680015563965,
            "isdiffpos": "t",
            "ssdistnr": null,
            "ssnamenr": null,
            "drb": null
        },
        {
            "candid": 2773220322615015019,
            "jd": 2460527.7203241,
            "ra": 257.4548783,
            "dec": 32.2981007,
            "fid": 1,
            "nid": 2773,
            "magpsf": 19.14259910583496,
            "sigmapsf": 0.0893779993057251,
            "magnr": 20.850000381469727,
            "sigmagnr": 0.09099999815225601,
            "magzpsci": 26.27359962463379,
            "isdiffpos": "t",
            "ssdistnr": null,
            "ssnamenr": null,
            "drb": null
        },
        {
            "candid": 2773240012615015002,
            "jd": 2460527.7400116,
            "ra": 257.4548478,
            "dec": 32.298102,
            "fid": 2,
            "nid": 2773,
            "magpsf": 18.919300079345703,
            "sigmapsf": 0.08357600122690201,
            "magnr": 19.7810001373291,
            "sigmagnr": 0.10199999809265137,
            "magzpsci": 26.284299850463867,
            "isdiffpos": "t",
            "ssdistnr": null,
            "ssnamenr": null,
            "drb": null
        },
        {
            "candid": 2773240012615025002,
            "jd": 2460527.7400116,
            "ra": 257.4548478,
            "dec": 32.298102,
            "fid": 2,
            "nid": 2773,
            "magpsf": 18.919300079345703,
            "sigmapsf": 0.08357600122690201,
            "magnr": 19.7810001373291,
            "sigmagnr": 0.10199999809265137,
            "magzpsci": 26.284299850463867,
            "isdiffpos": "t",
            "ssdistnr": null,
            "ssnamenr": null,
            "drb": null
        },
        {
            "candid": 2775222042615015017,
            "jd": 2460529.7220486,
            "ra": 257.4548673,
            "dec": 32.2981329,
            "fid": 1,
            "nid": 2775,
            "magpsf": 19.282699584960938,
            "sigmapsf": 0.09835299849510193,
            "magnr": 20.850000381469727,
            "sigmagnr": 0.09099999815225601,
            "magzpsci": 26.233699798583984,
            "isdiffpos": "t",
            "ssdistnr": null,
            "ssnamenr": null,
            "drb": null
        },
        {
            "candid": 2775268272615015004,
            "jd": 2460529.7682755,
            "ra": 257.454852,
            "dec": 32.2981017,
            "fid": 2,
            "nid": 2775,
            "magpsf": 18.881399154663086,
            "sigmapsf": 0.09788499772548676,
            "magnr": 19.7810001373291,
            "sigmagnr": 0.10199999809265137,
            "magzpsci": 26.22640037536621,
            "isdiffpos": "t",
            "ssdistnr": null,
            "ssnamenr": null,
            "drb": null
        },
        {
            "candid": 2777203512615015022,
            "jd": 2460531.7035185,
            "ra": 257.4548941,
            "dec": 32.2981128,
            "fid": 1,
            "nid": 2777,
            "magpsf": 19.530000686645508,
            "sigmapsf": 0.12001200020313263,
            "magnr": 20.850000381469727,
            "sigmagnr": 0.09099999815225601,
            "magzpsci": 26.249000549316406,
            "isdiffpos": "t",
            "ssdistnr": null,
            "ssnamenr": null,
            "drb": null
        },
        {
            "candid": 2777245912615015005,
            "jd": 2460531.7459144,
            "ra": 257.4548718,
            "dec": 32.2981088,
            "fid": 2,
            "nid": 2777,
            "magpsf": 18.940099716186523,
            "sigmapsf": 0.11408799886703491,
            "magnr": 19.7810001373291,
            "sigmagnr": 0.10199999809265137,
            "magzpsci": 26.24810028076172,
            "isdiffpos": "t",
            "ssdistnr": null,
            "ssnamenr": null,
            "drb": null
        },
        {
            "candid": 2778194982615015014,
            "jd": 2460532.6949884,
            "ra": 257.4548625,
            "dec": 32.2981054,
            "fid": 2,
            "nid": 2778,
            "magpsf": 19.0137996673584,
            "sigmapsf": 0.06799300014972687,
            "magnr": 19.7810001373291,
            "sigmagnr": 0.10199999809265137,
            "magzpsci": 26.99880027770996,
            "isdiffpos": "t",
            "ssdistnr": null,
            "ssnamenr": null,
            "drb": null
        },
        {
            "candid": 2778235902615015020,
            "jd": 2460532.7359028,
            "ra": 257.4548527,
            "dec": 32.2981301,
            "fid": 1,
            "nid": 2778,
            "magpsf": 19.611299514770508,
            "sigmapsf": 0.0889120027422905,
            "magnr": 20.850000381469727,
            "sigmagnr": 0.09099999815225601,
            "magzpsci": 26.952299118041992,
            "isdiffpos": "t",
            "ssdistnr": null,
            "ssnamenr": null,
            "drb": null
        },
        {
            "candid": 2779196222615015004,
            "jd": 2460533.6962269,
            "ra": 257.4548461,
            "dec": 32.2980828,
            "fid": 2,
            "nid": 2779,
            "magpsf": 18.70840072631836,
            "sigmapsf": 0.12084700167179108,
            "magnr": 19.7810001373291,
            "sigmagnr": 0.10199999809265137,
            "magzpsci": 26.17340087890625,
            "isdiffpos": "t",
            "ssdistnr": null,
            "ssnamenr": null,
            "drb": null
        },
        {
            "candid": 2779238922615015017,
            "jd": 2460533.7389236,
            "ra": 257.4548698,
            "dec": 32.2981282,
            "fid": 1,
            "nid": 2779,
            "magpsf": 19.693099975585938,
            "sigmapsf": 0.12333499640226364,
            "magnr": 20.850000381469727,
            "sigmagnr": 0.09099999815225601,
            "magzpsci": 26.855100631713867,
            "isdiffpos": "t",
            "ssdistnr": null,
            "ssnamenr": null,
            "drb": null
        },
        {
            "candid": 2780258542615015013,
            "jd": 2460534.7585417,
            "ra": 257.4548729,
            "dec": 32.2981246,
            "fid": 1,
            "nid": 2780,
            "magpsf": 19.771699905395508,
            "sigmapsf": 0.16471600532531738,
            "magnr": 20.850000381469727,
            "sigmagnr": 0.09099999815225601,
            "magzpsci": 26.66670036315918,
            "isdiffpos": "t",
            "ssdistnr": null,
            "ssnamenr": null,
            "drb": null
        },
        {
            "candid": 2783223282615015002,
            "jd": 2460537.723287,
            "ra": 257.4548188,
            "dec": 32.2981146,
            "fid": 2,
            "nid": 2783,
            "magpsf": 19.107799530029297,
            "sigmapsf": 0.09546999633312225,
            "magnr": 19.7810001373291,
            "sigmagnr": 0.10199999809265137,
            "magzpsci": 26.33679962158203,
            "isdiffpos": "t",
            "ssdistnr": null,
            "ssnamenr": null,
            "drb": null
        },
        {
            "candid": 2786262112615015005,
            "jd": 2460540.7621181,
            "ra": 257.4548235,
            "dec": 32.2980918,
            "fid": 2,
            "nid": 2786,
            "magpsf": 19.222999572753906,
            "sigmapsf": 0.14753100275993347,
            "magnr": 19.7810001373291,
            "sigmagnr": 0.10199999809265137,
            "magzpsci": 26.309999465942383,
            "isdiffpos": "t",
            "ssdistnr": null,
            "ssnamenr": null,
            "drb": null
        },
        {
            "candid": 2790201582615015004,
            "jd": 2460544.7015856,
            "ra": 257.4548279,
            "dec": 32.2981002,
            "fid": 1,
            "nid": 2790,
            "magpsf": 20.29560089111328,
            "sigmapsf": 0.2749370038509369,
            "magnr": 20.850000381469727,
            "sigmagnr": 0.09099999815225601,
            "magzpsci": 26.32360076904297,
            "isdiffpos": "t",
            "ssdistnr": null,
            "ssnamenr": null,
            "drb": null
        },
        {
            "candid": 2790248782615015007,
            "jd": 2460544.7487847,
            "ra": 257.454827,
            "dec": 32.2981504,
            "fid": 2,
            "nid": 2790,
            "magpsf": 19.565799713134766,
            "sigmapsf": 0.16809700429439545,
            "magnr": 19.7810001373291,
            "sigmagnr": 0.10199999809265137,
            "magzpsci": 26.321800231933594,
            "isdiffpos": "t",
            "ssdistnr": null,
            "ssnamenr": null,
            "drb": null
        },
        {
            "candid": 2792226002615015001,
            "jd": 2460546.7260069,
            "ra": 257.4548708,
            "dec": 32.2981424,
            "fid": 2,
            "nid": 2792,
            "magpsf": 19.3882999420166,
            "sigmapsf": 0.1437159925699234,
            "magnr": 19.7810001373291,
            "sigmagnr": 0.10199999809265137,
            "magzpsci": 26.327299118041992,
            "isdiffpos": "t",
            "ssdistnr": null,
            "ssnamenr": null,
            "drb": null
        },
        {
            "candid": 2794194512615015005,
            "jd": 2460548.6945139,
            "ra": 257.4548538,
            "dec": 32.2980918,
            "fid": 2,
            "nid": 2794,
            "magpsf": 19.530799865722656,
            "sigmapsf": 0.10998400300741196,
            "magnr": 19.7810001373291,
            "sigmagnr": 0.10199999809265137,
            "magzpsci": 26.306800842285156,
            "isdiffpos": "t",
            "ssdistnr": null,
            "ssnamenr": null,
            "drb": null
        },
        {
            "candid": 2794260592615015005,
            "jd": 2460548.7605903,
            "ra": 257.454927,
            "dec": 32.2981303,
            "fid": 1,
            "nid": 2794,
            "magpsf": 20.6205997467041,
            "sigmapsf": 0.29718801379203796,
            "magnr": 20.850000381469727,
            "sigmagnr": 0.09099999815225601,
            "magzpsci": 26.22760009765625,
            "isdiffpos": "t",
            "ssdistnr": null,
            "ssnamenr": null,
            "drb": null
        },
        {
            "candid": 2796173392615015013,
            "jd": 2460550.6733912,
            "ra": 257.4549461,
            "dec": 32.2981326,
            "fid": 1,
            "nid": 2796,
            "magpsf": 20.651199340820312,
            "sigmapsf": 0.2561520040035248,
            "magnr": 20.850000381469727,
            "sigmagnr": 0.09099999815225601,
            "magzpsci": 26.326200485229492,
            "isdiffpos": "t",
            "ssdistnr": null,
            "ssnamenr": null,
            "drb": null
        },
        {
            "candid": 2796205932615015002,
            "jd": 2460550.7059375,
            "ra": 257.4549663,
            "dec": 32.2980708,
            "fid": 2,
            "nid": 2796,
            "magpsf": 19.74410057067871,
            "sigmapsf": 0.1770150065422058,
            "magnr": 19.7810001373291,
            "sigmagnr": 0.10199999809265137,
            "magzpsci": 26.32509994506836,
            "isdiffpos": "t",
            "ssdistnr": null,
            "ssnamenr": null,
            "drb": null
        },
        {
            "candid": 2798226922615015003,
            "jd": 2460552.7269213,
            "ra": 257.4548595,
            "dec": 32.2980717,
            "fid": 2,
            "nid": 2798,
            "magpsf": 19.830400466918945,
            "sigmapsf": 0.1816750019788742,
            "magnr": 19.7810001373291,
            "sigmagnr": 0.10199999809265137,
            "magzpsci": 26.299400329589844,
            "isdiffpos": "t",
            "ssdistnr": null,
            "ssnamenr": null,
            "drb": null
        },
        {
            "candid": 2800267182615015004,
            "jd": 2460554.7671875,
            "ra": 257.454948,
            "dec": 32.2980497,
            "fid": 2,
            "nid": 2800,
            "magpsf": 19.91828727722168,
            "sigmapsf": 0.17439384758472443,
            "magnr": 19.7810001373291,
            "sigmagnr": 0.10199999809265137,
            "magzpsci": 26.250286102294922,
            "isdiffpos": "t",
            "ssdistnr": -999.0,
            "ssnamenr": "null",
            "drb": null
        },
        {
            "jd": 2460470.8483102,
            "fid": 2,
            "diffmaglim": 20.547399520874023
        },
        {
            "jd": 2460470.9046759,
            "fid": 1,
            "diffmaglim": 20.583900451660156
        },
        {
            "jd": 2460472.8284606,
            "fid": 2,
            "diffmaglim": 20.7278995513916
        },
        {
            "jd": 2460472.9129514,
            "fid": 1,
            "diffmaglim": 20.774099349975586
        },
        {
            "jd": 2460475.8224306,
            "fid": 2,
            "diffmaglim": 20.55229949951172
        },
        {
            "jd": 2460475.8672801,
            "fid": 1,
            "diffmaglim": 20.730600357055664
        },
        {
            "jd": 2460477.8510532,
            "fid": 2,
            "diffmaglim": 20.462200164794922
        },
        {
            "jd": 2460477.8905093,
            "fid": 1,
            "diffmaglim": 20.66830062866211
        },
        {
            "jd": 2460480.8447685,
            "fid": 2,
            "diffmaglim": 19.97450065612793
        },
        {
            "jd": 2460480.9359606,
            "fid": 1,
            "diffmaglim": 20.361600875854492
        },
        {
            "jd": 2460482.7436574,
            "fid": 1,
            "diffmaglim": 19.505399703979492
        },
        {
            "jd": 2460482.8293171,
            "fid": 2,
            "diffmaglim": 20.05340003967285
        },
        {
            "jd": 2460484.8201273,
            "fid": 2,
            "diffmaglim": 20.13249969482422
        },
        {
            "jd": 2460484.8897569,
            "fid": 1,
            "diffmaglim": 19.73889923095703
        },
        {
            "jd": 2460487.9156713,
            "fid": 2,
            "diffmaglim": 20.09040069580078
        },
        {
            "jd": 2460489.7570023,
            "fid": 1,
            "diffmaglim": 20.741300582885742
        },
        {
            "jd": 2460489.8499306,
            "fid": 2,
            "diffmaglim": 20.26930046081543
        },
        {
            "jd": 2460491.7778241,
            "fid": 1,
            "diffmaglim": 20.757099151611328
        },
        {
            "jd": 2460491.8914468,
            "fid": 2,
            "diffmaglim": 20.578100204467773
        },
        {
            "jd": 2460534.6943056,
            "fid": 2,
            "diffmaglim": 17.881200790405273
        },
        {
            "jd": 2460537.6976968,
            "fid": 1,
            "diffmaglim": 20.132400512695312
        },
        {
            "jd": 2460540.694456,
            "fid": 1,
            "diffmaglim": 19.886199951171875
        },
        {
            "jd": 2460546.7013657,
            "fid": 1,
            "diffmaglim": 20.4148006439209
        },
        {
            "jd": 2460552.6762153,
            "fid": 1,
            "diffmaglim": 20.595800399780273
        },
        {
            "jd": 2460554.7140741,
            "fid": 1,
            "diffmaglim": 20.462900161743164
        }
    ],
    "forcedphot": [
        {
            "objectid": "ZTF24aaueuzb",
            "jd": 2460470.8483102,
            "ranr": 257.453498,
            "decnr": 32.2974721,
            "fid": 2,
            "forcediffimflux": -11.984292030334473,
            "forcediffimfluxunc": 26.134136199951172,
            "magzpsci": 26.297500610351562
        },
        {
            "objectid": "ZTF24aaueuzb",
            "jd": 2460470.9046759,
            "ranr": 257.4540159,
            "decnr": 32.2980492,
            "fid": 1,
            "forcediffimflux": -30.97287368774414,
            "forcediffimfluxunc": 22.810287475585938,
            "magzpsci": 26.302900314331055
        },
        {
            "objectid": "ZTF24aaueuzb",
            "jd": 2460472.8284606,
            "ranr": 257.453498,
            "decnr": 32.2974721,
            "fid": 2,
            "forcediffimflux": -22.945322036743164,
            "forcediffimfluxunc": 20.082000732421875,
            "magzpsci": 26.305400848388672
        },
        {
            "objectid": "ZTF24aaueuzb",
            "jd": 2460472.9129514,
            "ranr": 257.4540159,
            "decnr": 32.2980492,
            "fid": 1,
            "forcediffimflux": -3.001291275024414,
            "forcediffimfluxunc": 17.527647018432617,
            "magzpsci": 26.284799575805664
        },
        {
            "objectid": "ZTF24aaueuzb",
            "jd": 2460475.8224306,
            "ranr": 257.453498,
            "decnr": 32.2974721,
            "fid": 2,
            "forcediffimflux": 20.708045959472656,
            "forcediffimfluxunc": 28.25005531311035,
            "magzpsci": 26.34079933166504
        },
        {
            "objectid": "ZTF24aaueuzb",
            "jd": 2460475.8672801,
            "ranr": 257.4540159,
            "decnr": 32.2980492,
            "fid": 1,
            "forcediffimflux": 16.49397850036621,
            "forcediffimfluxunc": 18.994537353515625,
            "magzpsci": 26.34429931640625
        },
        {
            "objectid": "ZTF24aaueuzb",
            "jd": 2460477.8510532,
            "ranr": 257.453498,
            "decnr": 32.2974721,
            "fid": 2,
            "forcediffimflux": 10.363325119018555,
            "forcediffimfluxunc": 29.875659942626953,
            "magzpsci": 26.343599319458008
        },
        {
            "objectid": "ZTF24aaueuzb",
            "jd": 2460477.8905093,
            "ranr": 257.4540159,
            "decnr": 32.2980492,
            "fid": 1,
            "forcediffimflux": 39.66782760620117,
            "forcediffimfluxunc": 22.182432174682617,
            "magzpsci": 26.3518009185791
        },
        {
            "objectid": "ZTF24aaueuzb",
            "jd": 2460480.8447685,
            "ranr": 257.453498,
            "decnr": 32.2974721,
            "fid": 2,
            "forcediffimflux": -96.92327880859375,
            "forcediffimfluxunc": 40.937583923339844,
            "magzpsci": 26.296499252319336
        },
        {
            "objectid": "ZTF24aaueuzb",
            "jd": 2460480.9359606,
            "ranr": 257.4540159,
            "decnr": 32.2980492,
            "fid": 1,
            "forcediffimflux": -6.679239273071289,
            "forcediffimfluxunc": 29.151424407958984,
            "magzpsci": 26.25309944152832
        },
        {
            "objectid": "ZTF24aaueuzb",
            "jd": 2460482.7436574,
            "ranr": 257.4540159,
            "decnr": 32.2980492,
            "fid": 1,
            "forcediffimflux": -32.587799072265625,
            "forcediffimfluxunc": 69.36402130126953,
            "magzpsci": 26.345300674438477
        },
        {
            "objectid": "ZTF24aaueuzb",
            "jd": 2460482.8293171,
            "ranr": 257.453498,
            "decnr": 32.2974721,
            "fid": 2,
            "forcediffimflux": -52.310977935791016,
            "forcediffimfluxunc": 42.470619201660156,
            "magzpsci": 26.341299057006836
        },
        {
            "objectid": "ZTF24aaueuzb",
            "jd": 2460484.8201273,
            "ranr": 257.453498,
            "decnr": 32.2974721,
            "fid": 2,
            "forcediffimflux": 2.8432865142822266,
            "forcediffimfluxunc": 38.31589889526367,
            "magzpsci": 26.33769989013672
        },
        {
            "objectid": "ZTF24aaueuzb",
            "jd": 2460484.8897569,
            "ranr": 257.4540159,
            "decnr": 32.2980492,
            "fid": 1,
            "forcediffimflux": 45.10938262939453,
            "forcediffimfluxunc": 52.21922302246094,
            "magzpsci": 26.315099716186523
        },
        {
            "objectid": "ZTF24aaueuzb",
            "jd": 2460487.9156713,
            "ranr": 257.453498,
            "decnr": 32.2974721,
            "fid": 2,
            "forcediffimflux": -21.889833450317383,
            "forcediffimfluxunc": 35.070556640625,
            "magzpsci": 26.279199600219727
        },
        {
            "objectid": "ZTF24aaueuzb",
            "jd": 2460489.7570023,
            "ranr": 257.4540159,
            "decnr": 32.2980492,
            "fid": 1,
            "forcediffimflux": 40.891849517822266,
            "forcediffimfluxunc": 19.27190399169922,
            "magzpsci": 26.351900100708008
        },
        {
            "objectid": "ZTF24aaueuzb",
            "jd": 2460489.8499306,
            "ranr": 257.453498,
            "decnr": 32.2974721,
            "fid": 2,
            "forcediffimflux": 43.093502044677734,
            "forcediffimfluxunc": 31.92777442932129,
            "magzpsci": 26.333799362182617
        },
        {
            "objectid": "ZTF24aaueuzb",
            "jd": 2460491.7778241,
            "ranr": 257.4540159,
            "decnr": 32.2980492,
            "fid": 1,
            "forcediffimflux": 101.72513580322266,
            "forcediffimfluxunc": 20.28588104248047,
            "magzpsci": 26.337400436401367
        },
        {
            "objectid": "ZTF24aaueuzb",
            "jd": 2460491.8914468,
            "ranr": 257.453498,
            "decnr": 32.2974721,
            "fid": 2,
            "forcediffimflux": 130.9276580810547,
            "forcediffimfluxunc": 23.938037872314453,
            "magzpsci": 26.313499450683594
        },
        {
            "objectid": "ZTF24aaueuzb",
            "jd": 2460499.800625,
            "ranr": 257.453498,
            "decnr": 32.2974721,
            "fid": 2,
            "forcediffimflux": 1199.234375,
            "forcediffimfluxunc": 30.499595642089844,
            "magzpsci": 26.282699584960938
        },
        {
            "objectid": "ZTF24aaueuzb",
            "jd": 2460499.8421065,
            "ranr": 257.4540159,
            "decnr": 32.2980492,
            "fid": 1,
            "forcediffimflux": 1312.359619140625,
            "forcediffimfluxunc": 34.71334457397461,
            "magzpsci": 26.251300811767578
        },
        {
            "objectid": "ZTF24aaueuzb",
            "jd": 2460501.7357176,
            "ranr": 257.4540159,
            "decnr": 32.2980492,
            "fid": 1,
            "forcediffimflux": 1724.0709228515625,
            "forcediffimfluxunc": 28.94691276550293,
            "magzpsci": 26.25790023803711
        },
        {
            "objectid": "ZTF24aaueuzb",
            "jd": 2460501.7739931,
            "ranr": 257.453498,
            "decnr": 32.2974721,
            "fid": 2,
            "forcediffimflux": 1537.843017578125,
            "forcediffimfluxunc": 29.06983184814453,
            "magzpsci": 26.27869987487793
        },
        {
            "objectid": "ZTF24aaueuzb",
            "jd": 2460503.766956,
            "ranr": 257.453498,
            "decnr": 32.2974721,
            "fid": 2,
            "forcediffimflux": 1589.721923828125,
            "forcediffimfluxunc": 32.541385650634766,
            "magzpsci": 26.181699752807617
        },
        {
            "objectid": "ZTF24aaueuzb",
            "jd": 2460503.8241088,
            "ranr": 257.4540159,
            "decnr": 32.2980492,
            "fid": 1,
            "forcediffimflux": 1321.6588134765625,
            "forcediffimfluxunc": 37.8701286315918,
            "magzpsci": 25.895299911499023
        },
        {
            "objectid": "ZTF24aaueuzb",
            "jd": 2460505.736875,
            "ranr": 257.453498,
            "decnr": 32.2974721,
            "fid": 2,
            "forcediffimflux": 1909.5841064453125,
            "forcediffimfluxunc": 35.66539764404297,
            "magzpsci": 26.230899810791016
        },
        {
            "objectid": "ZTF24aaueuzb",
            "jd": 2460505.8222222,
            "ranr": 257.4540159,
            "decnr": 32.2980492,
            "fid": 1,
            "forcediffimflux": 2094.756103515625,
            "forcediffimfluxunc": 32.64356231689453,
            "magzpsci": 26.197500228881836
        },
        {
            "objectid": "ZTF24aaueuzb",
            "jd": 2460508.7888542,
            "ranr": 257.453498,
            "decnr": 32.2974721,
            "fid": 2,
            "forcediffimflux": 2004.5458984375,
            "forcediffimfluxunc": 47.075016021728516,
            "magzpsci": 26.280500411987305
        },
        {
            "objectid": "ZTF24aaueuzb",
            "jd": 2460508.8446528,
            "ranr": 257.4540159,
            "decnr": 32.2980492,
            "fid": 1,
            "forcediffimflux": 1606.45947265625,
            "forcediffimfluxunc": 56.32743835449219,
            "magzpsci": 25.964599609375
        },
        {
            "objectid": "ZTF24aaueuzb",
            "jd": 2460510.7438657,
            "ranr": 257.4540159,
            "decnr": 32.2980492,
            "fid": 1,
            "forcediffimflux": 2192.69384765625,
            "forcediffimfluxunc": 51.00791931152344,
            "magzpsci": 26.309799194335938
        },
        {
            "objectid": "ZTF24aaueuzb",
            "jd": 2460510.7759144,
            "ranr": 257.453498,
            "decnr": 32.2974721,
            "fid": 2,
            "forcediffimflux": 2155.69482421875,
            "forcediffimfluxunc": 45.99033737182617,
            "magzpsci": 26.302000045776367
        },
        {
            "objectid": "ZTF24aaueuzb",
            "jd": 2460512.7433449,
            "ranr": 257.4540159,
            "decnr": 32.2980492,
            "fid": 1,
            "forcediffimflux": 2078.7353515625,
            "forcediffimfluxunc": 58.596527099609375,
            "magzpsci": 26.257400512695312
        },
        {
            "objectid": "ZTF24aaueuzb",
            "jd": 2460512.8198264,
            "ranr": 257.453498,
            "decnr": 32.2974721,
            "fid": 2,
            "forcediffimflux": 1928.3536376953125,
            "forcediffimfluxunc": 62.43583297729492,
            "magzpsci": 26.257200241088867
        },
        {
            "objectid": "ZTF24aaueuzb",
            "jd": 2460514.7826736,
            "ranr": 257.453498,
            "decnr": 32.2974721,
            "fid": 2,
            "forcediffimflux": 1754.9193115234375,
            "forcediffimfluxunc": 55.42927932739258,
            "magzpsci": 26.23710060119629
        },
        {
            "objectid": "ZTF24aaueuzb",
            "jd": 2460514.9034375,
            "ranr": 257.4540159,
            "decnr": 32.2980492,
            "fid": 1,
            "forcediffimflux": 1381.0872802734375,
            "forcediffimfluxunc": 79.2051010131836,
            "magzpsci": 25.981800079345703
        },
        {
            "objectid": "ZTF24aaueuzb",
            "jd": 2460516.7201505,
            "ranr": 257.453498,
            "decnr": 32.2974721,
            "fid": 2,
            "forcediffimflux": 1673.795654296875,
            "forcediffimfluxunc": 30.825895309448242,
            "magzpsci": 26.243099212646484
        },
        {
            "objectid": "ZTF24aaueuzb",
            "jd": 2460516.7863773,
            "ranr": 257.4540159,
            "decnr": 32.2980492,
            "fid": 1,
            "forcediffimflux": 1429.697509765625,
            "forcediffimfluxunc": 42.80177307128906,
            "magzpsci": 26.067399978637695
        },
        {
            "objectid": "ZTF24aaueuzb",
            "jd": 2460518.7664699,
            "ranr": 257.4540159,
            "decnr": 32.2980492,
            "fid": 1,
            "forcediffimflux": 1520.975830078125,
            "forcediffimfluxunc": 35.453346252441406,
            "magzpsci": 26.30739974975586
        },
        {
            "objectid": "ZTF24aaueuzb",
            "jd": 2460518.7886458,
            "ranr": 257.453498,
            "decnr": 32.2974721,
            "fid": 2,
            "forcediffimflux": 1559.4957275390625,
            "forcediffimfluxunc": 35.67129898071289,
            "magzpsci": 26.281299591064453
        },
        {
            "objectid": "ZTF24aaueuzb",
            "jd": 2460520.7588657,
            "ranr": 257.453498,
            "decnr": 32.2974721,
            "fid": 2,
            "forcediffimflux": 1259.728759765625,
            "forcediffimfluxunc": 32.816505432128906,
            "magzpsci": 26.319299697875977
        },
        {
            "objectid": "ZTF24aaueuzb",
            "jd": 2460520.8089583,
            "ranr": 257.4540159,
            "decnr": 32.2980492,
            "fid": 1,
            "forcediffimflux": 1123.5352783203125,
            "forcediffimfluxunc": 32.69267654418945,
            "magzpsci": 26.29210090637207
        },
        {
            "objectid": "ZTF24aaueuzb",
            "jd": 2460522.7708796,
            "ranr": 257.453498,
            "decnr": 32.2974721,
            "fid": 2,
            "forcediffimflux": 1120.8118896484375,
            "forcediffimfluxunc": 33.35054397583008,
            "magzpsci": 26.2677001953125
        },
        {
            "objectid": "ZTF24aaueuzb",
            "jd": 2460525.7250347,
            "ranr": 257.4540159,
            "decnr": 32.2980492,
            "fid": 1,
            "forcediffimflux": 819.864501953125,
            "forcediffimfluxunc": 25.416284561157227,
            "magzpsci": 26.27050018310547
        },
        {
            "objectid": "ZTF24aaueuzb",
            "jd": 2460525.7639583,
            "ranr": 257.453498,
            "decnr": 32.2974721,
            "fid": 2,
            "forcediffimflux": 1044.5684814453125,
            "forcediffimfluxunc": 29.58793830871582,
            "magzpsci": 26.27680015563965
        },
        {
            "objectid": "ZTF24aaueuzb",
            "jd": 2460527.7203241,
            "ranr": 257.4540159,
            "decnr": 32.2980492,
            "fid": 1,
            "forcediffimflux": 725.3467407226562,
            "forcediffimfluxunc": 23.273042678833008,
            "magzpsci": 26.27359962463379
        },
        {
            "objectid": "ZTF24aaueuzb",
            "jd": 2460527.7400116,
            "ranr": 257.453498,
            "decnr": 32.2974721,
            "fid": 2,
            "forcediffimflux": 957.2208862304688,
            "forcediffimfluxunc": 28.967422485351562,
            "magzpsci": 26.284299850463867
        },
        {
            "objectid": "ZTF24aaueuzb",
            "jd": 2460529.7220486,
            "ranr": 257.4540159,
            "decnr": 32.2980492,
            "fid": 1,
            "forcediffimflux": 605.7247924804688,
            "forcediffimfluxunc": 22.702659606933594,
            "magzpsci": 26.233699798583984
        },
        {
            "objectid": "ZTF24aaueuzb",
            "jd": 2460529.7682755,
            "ranr": 257.453498,
            "decnr": 32.2974721,
            "fid": 2,
            "forcediffimflux": 927.714111328125,
            "forcediffimfluxunc": 30.540557861328125,
            "magzpsci": 26.22640037536621
        },
        {
            "objectid": "ZTF24aaueuzb",
            "jd": 2460531.7035185,
            "ranr": 257.4540159,
            "decnr": 32.2980492,
            "fid": 1,
            "forcediffimflux": 505.5260009765625,
            "forcediffimfluxunc": 23.524768829345703,
            "magzpsci": 26.249000549316406
        },
        {
            "objectid": "ZTF24aaueuzb",
            "jd": 2460531.7459144,
            "ranr": 257.453498,
            "decnr": 32.2974721,
            "fid": 2,
            "forcediffimflux": 917.184814453125,
            "forcediffimfluxunc": 26.23140525817871,
            "magzpsci": 26.24810028076172
        },
        {
            "objectid": "ZTF24aaueuzb",
            "jd": 2460532.6949884,
            "ranr": 257.453498,
            "decnr": 32.2974721,
            "fid": 2,
            "forcediffimflux": 1697.5103759765625,
            "forcediffimfluxunc": 39.81756591796875,
            "magzpsci": 26.99880027770996
        },
        {
            "objectid": "ZTF24aaueuzb",
            "jd": 2460532.7359028,
            "ranr": 257.4540159,
            "decnr": 32.2980492,
            "fid": 1,
            "forcediffimflux": 873.1185913085938,
            "forcediffimfluxunc": 33.968017578125,
            "magzpsci": 26.952299118041992
        },
        {
            "objectid": "ZTF24aaueuzb",
            "jd": 2460533.7389236,
            "ranr": 257.4540159,
            "decnr": 32.2980492,
            "fid": 1,
            "forcediffimflux": 751.3670043945312,
            "forcediffimfluxunc": 35.2187614440918,
            "magzpsci": 26.855100631713867
        },
        {
            "objectid": "ZTF24aaueuzb",
            "jd": 2460534.7585417,
            "ranr": 257.4540159,
            "decnr": 32.2980492,
            "fid": 1,
            "forcediffimflux": 586.1981201171875,
            "forcediffimfluxunc": 39.63629150390625,
            "magzpsci": 26.66670036315918
        },
        {
            "objectid": "ZTF24aaueuzb",
            "jd": 2460537.6976968,
            "ranr": 257.4540159,
            "decnr": 32.2980492,
            "fid": 1,
            "forcediffimflux": 358.9865417480469,
            "forcediffimfluxunc": 38.28499221801758,
            "magzpsci": 26.37529945373535
        },
        {
            "objectid": "ZTF24aaueuzb",
            "jd": 2460537.723287,
            "ranr": 257.453498,
            "decnr": 32.2974721,
            "fid": 2,
            "forcediffimflux": 834.7597045898438,
            "forcediffimfluxunc": 34.16664123535156,
            "magzpsci": 26.33679962158203
        },
        {
            "objectid": "ZTF24aaueuzb",
            "jd": 2460540.694456,
            "ranr": 257.4540159,
            "decnr": 32.2980492,
            "fid": 1,
            "forcediffimflux": 276.7565002441406,
            "forcediffimfluxunc": 49.227725982666016,
            "magzpsci": 26.367300033569336
        },
        {
            "objectid": "ZTF24aaueuzb",
            "jd": 2460540.7621181,
            "ranr": 257.453498,
            "decnr": 32.2974721,
            "fid": 2,
            "forcediffimflux": 692.8359985351562,
            "forcediffimfluxunc": 52.891510009765625,
            "magzpsci": 26.309999465942383
        },
        {
            "objectid": "ZTF24aaueuzb",
            "jd": 2460544.7015856,
            "ranr": 257.4540159,
            "decnr": 32.2980492,
            "fid": 1,
            "forcediffimflux": 260.8977966308594,
            "forcediffimfluxunc": 36.68407440185547,
            "magzpsci": 26.32360076904297
        },
        {
            "objectid": "ZTF24aaueuzb",
            "jd": 2460544.7487847,
            "ranr": 257.453498,
            "decnr": 32.2974721,
            "fid": 2,
            "forcediffimflux": 560.0291137695312,
            "forcediffimfluxunc": 41.087406158447266,
            "magzpsci": 26.321800231933594
        },
        {
            "objectid": "ZTF24aaueuzb",
            "jd": 2460546.7013657,
            "ranr": 257.4540159,
            "decnr": 32.2980492,
            "fid": 1,
            "forcediffimflux": 158.56704711914062,
            "forcediffimfluxunc": 29.796396255493164,
            "magzpsci": 26.338199615478516
        },
        {
            "objectid": "ZTF24aaueuzb",
            "jd": 2460546.7260069,
            "ranr": 257.453498,
            "decnr": 32.2974721,
            "fid": 2,
            "forcediffimflux": 573.1359252929688,
            "forcediffimfluxunc": 43.61128616333008,
            "magzpsci": 26.327299118041992
        },
        {
            "objectid": "ZTF24aaueuzb",
            "jd": 2460548.6945139,
            "ranr": 257.453498,
            "decnr": 32.2974721,
            "fid": 2,
            "forcediffimflux": 569.5841064453125,
            "forcediffimfluxunc": 28.29564094543457,
            "magzpsci": 26.306800842285156
        },
        {
            "objectid": "ZTF24aaueuzb",
            "jd": 2460548.7605903,
            "ranr": 257.4540159,
            "decnr": 32.2980492,
            "fid": 1,
            "forcediffimflux": 181.9976806640625,
            "forcediffimfluxunc": 30.041187286376953,
            "magzpsci": 26.22760009765625
        },
        {
            "objectid": "ZTF24aaueuzb",
            "jd": 2460550.6733912,
            "ranr": 257.4540159,
            "decnr": 32.2980492,
            "fid": 1,
            "forcediffimflux": 181.986083984375,
            "forcediffimfluxunc": 26.6019287109375,
            "magzpsci": 26.326200485229492
        },
        {
            "objectid": "ZTF24aaueuzb",
            "jd": 2460550.7059375,
            "ranr": 257.453498,
            "decnr": 32.2974721,
            "fid": 2,
            "forcediffimflux": 434.9305419921875,
            "forcediffimfluxunc": 33.51910400390625,
            "magzpsci": 26.32509994506836
        },
        {
            "objectid": "ZTF24aaueuzb",
            "jd": 2460552.6762153,
            "ranr": 257.4540159,
            "decnr": 32.2980492,
            "fid": 1,
            "forcediffimflux": 147.2079315185547,
            "forcediffimfluxunc": 25.652854919433594,
            "magzpsci": 26.316099166870117
        },
        {
            "objectid": "ZTF24aaueuzb",
            "jd": 2460552.7269213,
            "ranr": 257.453498,
            "decnr": 32.2974721,
            "fid": 2,
            "forcediffimflux": 397.8427734375,
            "forcediffimfluxunc": 29.03495979309082,
            "magzpsci": 26.299400329589844
        },
        {
            "objectid": "ZTF24aaueuzb",
            "jd": 2460554.7140741,
            "ranr": 257.4540159,
            "decnr": 32.2980492,
            "fid": 1,
            "forcediffimflux": 117.5805435180664,
            "forcediffimfluxunc": 24.472572326660156,
            "magzpsci": 26.28190040588379
        }
    ]
}