{
    "objectId": "ZTF21aavxruq",
    "candidates": [
        {
            "candid": 1567186592715015006,
            "jd": 2459321.6865972,
            "ra": 135.305817,
            "dec": 10.4373885,
            "fid": 1,
            "nid": 1567,
            "magpsf": 19.503999710083008,
            "sigmapsf": 0.15452000498771667,
            "magnr": 18.788000106811523,
            "sigmagnr": 0.07999999821186066,
            "magzpsci": 26.226999282836914,
            "isdiffpos": "t",
            "ssdistnr": null,
            "ssnamenr": null,
            "drb": 0.9999439716339111
        },
        {
            "candid": 1567219032715015012,
            "jd": 2459321.7190394,
            "ra": 135.30583,
            "dec": 10.4373876,
            "fid": 2,
            "nid": 1567,
            "magpsf": 19.46269989013672,
            "sigmapsf": 0.09342899918556213,
            "magnr": 18.214000701904297,
            "sigmagnr": 0.07100000232458115,
            "magzpsci": 26.22170066833496,
            "isdiffpos": "t",
            "ssdistnr": null,
            "ssnamenr": null,
            "drb": null
        },
        {
            "candid": 1569176902715015005,
            "jd": 2459323.6769097,
            "ra": 135.3058362,
            "dec": 10.4374078,
            "fid": 1,
            "nid": 1569,
            "magpsf": 18.626800537109375,
            "sigmapsf": 0.08168900012969971,
            "magnr": 18.788000106811523,
            "sigmagnr": 0.07999999821186066,
            "magzpsci": 26.24679946899414,
            "isdiffpos": "t",
            "ssdistnr": null,
            "ssnamenr": null,
            "drb": null
        },
        {
            "candid": 1569214322715015013,
            "jd": 2459323.7143287,
            "ra": 135.3058314,
            "dec": 10.4374146,
            "fid": 2,
            "nid": 1569,
            "magpsf": 18.58810043334961,
            "sigmapsf": 0.07549399882555008,
            "magnr": 18.214000701904297,
            "sigmagnr": 0.07100000232458115,
            "magzpsci": 26.234100341796875,
            "isdiffpos": "t",
            "ssdistnr": null,
            "ssnamenr": null,
            "drb": null
        },
        {
            "candid": 1574162112715015005,
            "jd": 2459328.6621181,
            "ra": 135.3058293,
            "dec": 10.4373936,
            "fid": 2,
            "nid": 1574,
            "magpsf": 17.46489906311035,
            "sigmapsf": 0.04077799990773201,
            "magnr": 18.214000701904297,
            "sigmagnr": 0.07100000232458115,
            "magzpsci": 26.232900619506836,
            "isdiffpos": "t",
            "ssdistnr": null,
            "ssnamenr": null,
            "drb": null
        },
        {
            "candid": 1574192682715015003,
            "jd": 2459328.6926852,
            "ra": 135.3058374,
            "dec": 10.4374023,
            "fid": 1,
            "nid": 1574,
            "magpsf": 17.444900512695312,
            "sigmapsf": 0.055456001311540604,
            "magnr": 18.788000106811523,
            "sigmagnr": 0.07999999821186066,
            "magzpsci": 26.231800079345703,
            "isdiffpos": "t",
            "ssdistnr": null,
            "ssnamenr": null,
            "drb": null
        },
        {
            "candid": 1580174012715015009,
            "jd": 2459334.6740162,
            "ra": 135.3058388,
            "dec": 10.4374131,
            "fid": 1,
            "nid": 1580,
            "magpsf": 17.032699584960938,
            "sigmapsf": 0.03719199821352959,
            "magnr": 18.788000106811523,
            "sigmagnr": 0.07999999821186066,
            "magzpsci": 26.227699279785156,
            "isdiffpos": "t",
            "ssdistnr": null,
            "ssnamenr": null,
            "drb": null
        },
        {
            "candid": 1580290352715015006,
            "jd": 2459334.7903588,
            "ra": 135.3058442,
            "dec": 10.4374057,
            "fid": 2,
            "nid": 1580,
            "magpsf": 17.13789939880371,
            "sigmapsf": 0.05249800160527229,
            "magnr": 18.214000701904297,
            "sigmagnr": 0.07100000232458115,
            "magzpsci": 26.13290023803711,
            "isdiffpos": "t",
            "ssdistnr": null,
            "ssnamenr": null,
            "drb": null
        },
        {
            "candid": 1582207672715015008,
            "jd": 2459336.7076736,
            "ra": 135.3058333,
            "dec": 10.4373988,
            "fid": 2,
            "nid": 1582,
            "magpsf": 17.104000091552734,
            "sigmapsf": 0.03550500050187111,
            "magnr": 18.214000701904297,
            "sigmagnr": 0.07100000232458115,
            "magzpsci": 26.23900032043457,
            "isdiffpos": "t",
            "ssdistnr": null,
            "ssnamenr": null,
            "drb": null
        },
        {
            "candid": 1582207672715025008,
            "jd": 2459336.7076736,
            "ra": 135.3058333,
            "dec": 10.4373988,
            "fid": 2,
            "nid": 1582,
            "magpsf": 17.104000091552734,
            "sigmapsf": 0.03550500050187111,
            "magnr": 18.214000701904297,
            "sigmagnr": 0.07100000232458115,
            "magzpsci": 26.23900032043457,
            "isdiffpos": "t",
            "ssdistnr": null,
            "ssnamenr": null,
            "drb": null
        },
        {
            "candid": 1582207672715035008,
            "jd": 2459336.7076736,
            "ra": 135.3058333,
            "dec": 10.4373988,
            "fid": 2,
            "nid": 1582,
            "magpsf": 17.104000091552734,
            "sigmapsf": 0.03550500050187111,
            "magnr": 18.214000701904297,
            "sigmagnr": 0.07100000232458115,
            "magzpsci": 26.23900032043457,
            "isdiffpos": "t",
            "ssdistnr": null,
            "ssnamenr": null,
            "drb": null
        },
        {
            "candid": 1582225132715015004,
            "jd": 2459336.7251389,
            "ra": 135.3058472,
            "dec": 10.437401,
            "fid": 1,
            "nid": 1582,
            "magpsf": 17.074459075927734,
            "sigmapsf": 0.04034800082445145,
            "magnr": 18.788000106811523,
            "sigmagnr": 0.07999999821186066,
            "magzpsci": 26.173460006713867,
            "isdiffpos": "t",
            "ssdistnr": -999.0,
            "ssnamenr": "null",
            "drb": null
        },
        {
            "candid": 1582225132715025004,
            "jd": 2459336.7251389,
            "ra": 135.3058472,
            "dec": 10.437401,
            "fid": 1,
            "nid": 1582,
            "magpsf": 17.074499130249023,
            "sigmapsf": 0.04034800082445145,
            "magnr": 18.788000106811523,
            "sigmagnr": 0.07999999821186066,
            "magzpsci": 26.173500061035156,
            "isdiffpos": "t",
            "ssdistnr": null,
            "ssnamenr": null,
            "drb": null
        },
        {
            "candid": 1582225132715035004,
            "jd": 2459336.7251389,
            "ra": 135.3058472,
            "dec": 10.437401,
            "fid": 1,
            "nid": 1582,
            "magpsf": 17.074499130249023,
            "sigmapsf": 0.04034800082445145,
            "magnr": 18.788000106811523,
            "sigmagnr": 0.07999999821186066,
            "magzpsci": 26.173500061035156,
            "isdiffpos": "t",
            "ssdistnr": null,
            "ssnamenr": null,
            "drb": null
        },
        {
            "candid": 1584186452715015007,
            "jd": 2459338.6864583,
            "ra": 135.3058485,
            "dec": 10.4374092,
            "fid": 1,
            "nid": 1584,
            "magpsf": 17.043899536132812,
            "sigmapsf": 0.039712999016046524,
            "magnr": 18.788000106811523,
            "sigmagnr": 0.07999999821186066,
            "magzpsci": 26.18589973449707,
            "isdiffpos": "t",
            "ssdistnr": null,
            "ssnamenr": null,
            "drb": null
        },
        {
            "candid": 1584226302715015005,
            "jd": 2459338.7263079,
            "ra": 135.3058438,
            "dec": 10.4373914,
            "fid": 2,
            "nid": 1584,
            "magpsf": 17.13010025024414,
            "sigmapsf": 0.0420290008187294,
            "magnr": 18.214000701904297,
            "sigmagnr": 0.07100000232458115,
            "magzpsci": 26.184099197387695,
            "isdiffpos": "t",
            "ssdistnr": null,
            "ssnamenr": null,
            "drb": null
        },
        {
            "candid": 1586171952715015010,
            "jd": 2459340.671956,
            "ra": 135.305843,
            "dec": 10.4374119,
            "fid": 1,
            "nid": 1586,
            "magpsf": 17.13629913330078,
            "sigmapsf": 0.04396099969744682,
            "magnr": 18.788000106811523,
            "sigmagnr": 0.07999999821186066,
            "magzpsci": 26.19029998779297,
            "isdiffpos": "t",
            "ssdistnr": null,
            "ssnamenr": null,
            "drb": null
        },
        {
            "candid": 1586269162715015007,
            "jd": 2459340.7691667,
            "ra": 135.3058347,
            "dec": 10.4374086,
            "fid": 2,
            "nid": 1586,
            "magpsf": 17.201499938964844,
            "sigmapsf": 0.049821000546216965,
            "magnr": 18.214000701904297,
            "sigmagnr": 0.07100000232458115,
            "magzpsci": 26.069499969482422,
            "isdiffpos": "t",
            "ssdistnr": null,
            "ssnamenr": null,
            "drb": null
        },
        {
            "candid": 1588215612715015004,
            "jd": 2459342.7156134,
            "ra": 135.3058504,
            "dec": 10.4373644,
            "fid": 1,
            "nid": 1588,
            "magpsf": 17.245399475097656,
            "sigmapsf": 0.05059399828314781,
            "magnr": 18.788000106811523,
            "sigmagnr": 0.07999999821186066,
            "magzpsci": 26.106399536132812,
            "isdiffpos": "t",
            "ssdistnr": null,
            "ssnamenr": null,
            "drb": null
        },
        {
            "candid": 1588265492715015007,
            "jd": 2459342.7654977,
            "ra": 135.3058434,
            "dec": 10.4373768,
            "fid": 2,
            "nid": 1588,
            "magpsf": 17.238800048828125,
            "sigmapsf": 0.0446459986269474,
            "magnr": 18.214000701904297,
            "sigmagnr": 0.07100000232458115,
            "magzpsci": 26.018800735473633,
            "isdiffpos": "t",
            "ssdistnr": null,
            "ssnamenr": null,
            "drb": null
        },
        {
            "candid": 1590196362715015007,
            "jd": 2459344.6963657,
            "ra": 135.3058309,
            "dec": 10.4374016,
            "fid": 2,
            "nid": 1590,
            "magpsf": 17.36639976501465,
            "sigmapsf": 0.04256699979305267,
            "magnr": 18.214000701904297,
            "sigmagnr": 0.07100000232458115,
            "magzpsci": 26.159400939941406,
            "isdiffpos": "t",
            "ssdistnr": null,
            "ssnamenr": null,
            "drb": null
        },
        {
            "candid": 1592187892715015009,
            "jd": 2459346.6878935,
            "ra": 135.3058449,
            "dec": 10.4374076,
            "fid": 1,
            "nid": 1592,
            "magpsf": 17.509599685668945,
            "sigmapsf": 0.04822099953889847,
            "magnr": 18.788000106811523,
            "sigmagnr": 0.07999999821186066,
            "magzpsci": 26.05459976196289,
            "isdiffpos": "t",
            "ssdistnr": null,
            "ssnamenr": null,
            "drb": null
        },
        {
            "candid": 1592205092715015012,
            "jd": 2459346.7050926,
            "ra": 135.3058347,
            "dec": 10.4374004,
            "fid": 2,
            "nid": 1592,
            "magpsf": 17.541900634765625,
            "sigmapsf": 0.04094500094652176,
            "magnr": 18.214000701904297,
            "sigmagnr": 0.07100000232458115,
            "magzpsci": 26.099899291992188,
            "isdiffpos": "t",
            "ssdistnr": null,
            "ssnamenr": null,
            "drb": null
        },
        {
            "candid": 1594187952715015011,
            "jd": 2459348.6879514,
            "ra": 135.3058309,
            "dec": 10.4374233,
            "fid": 2,
            "nid": 1594,
            "magpsf": 17.693599700927734,
            "sigmapsf": 0.05251200124621391,
            "magnr": 18.214000701904297,
            "sigmagnr": 0.07100000232458115,
            "magzpsci": 26.194599151611328,
            "isdiffpos": "t",
            "ssdistnr": null,
            "ssnamenr": null,
            "drb": null
        },
        {
            "candid": 1594216842715015007,
            "jd": 2459348.7168403,
            "ra": 135.3058416,
            "dec": 10.437381,
            "fid": 1,
            "nid": 1594,
            "magpsf": 17.7268009185791,
            "sigmapsf": 0.05664899945259094,
            "magnr": 18.788000106811523,
            "sigmagnr": 0.07999999821186066,
            "magzpsci": 26.083799362182617,
            "isdiffpos": "t",
            "ssdistnr": null,
            "ssnamenr": null,
            "drb": null
        },
        {
            "candid": 1596187592715015005,
            "jd": 2459350.6875926,
            "ra": 135.3058389,
            "dec": 10.4373876,
            "fid": 1,
            "nid": 1596,
            "magpsf": 17.855499267578125,
            "sigmapsf": 0.06093500182032585,
            "magnr": 18.788000106811523,
            "sigmagnr": 0.07999999821186066,
            "magzpsci": 26.120500564575195,
            "isdiffpos": "t",
            "ssdistnr": null,
            "ssnamenr": null,
            "drb": null
        },
        {
            "candid": 1596217732715015007,
            "jd": 2459350.7177315,
            "ra": 135.3058243,
            "dec": 10.4373755,
            "fid": 2,
            "nid": 1596,
            "magpsf": 17.824899673461914,
            "sigmapsf": 0.07107900083065033,
            "magnr": 18.214000701904297,
            "sigmagnr": 0.07100000232458115,
            "magzpsci": 26.11389923095703,
            "isdiffpos": "t",
            "ssdistnr": null,
            "ssnamenr": null,
            "drb": null
        },
        {
            "candid": 1600228282715015005,
            "jd": 2459354.728287,
            "ra": 135.305842,
            "dec": 10.4374124,
            "fid": 2,
            "nid": 1600,
            "magpsf": 17.923900604248047,
            "sigmapsf": 0.09577599912881851,
            "magnr": 18.214000701904297,
            "sigmagnr": 0.07100000232458115,
            "magzpsci": 26.11989974975586,
            "isdiffpos": "t",
            "ssdistnr": null,
            "ssnamenr": null,
            "drb": null
        },
        {
            "candid": 1602186032715015002,
            "jd": 2459356.6860301,
            "ra": 135.3058616,
            "dec": 10.437367,
            "fid": 1,
            "nid": 1602,
            "magpsf": 18.496259689331055,
            "sigmapsf": 0.19106100499629974,
            "magnr": 18.788000106811523,
            "sigmagnr": 0.07999999821186066,
            "magzpsci": 26.12626075744629,
            "isdiffpos": "t",
            "ssdistnr": -999.0,
            "ssnamenr": "null",
            "drb": null
        },
        {
            "jd": 2459292.6872338,
            "fid": 1,
            "diffmaglim": 20.55270004272461
        },
        {
            "jd": 2459292.7378472,
            "fid": 2,
            "diffmaglim": 20.564899444580078
        },
        {
            "jd": 2459294.7279051,
            "fid": 2,
            "diffmaglim": 20.201000213623047
        },
        {
            "jd": 2459294.7320833,
            "fid": 1,
            "diffmaglim": 20.040599822998047
        },
        {
            "jd": 2459296.7352315,
            "fid": 2,
            "diffmaglim": 19.268600463867188
        },
        {
            "jd": 2459296.7876968,
            "fid": 1,
            "diffmaglim": 19.134199142456055
        },
        {
            "jd": 2459301.7571412,
            "fid": 1,
            "diffmaglim": 18.897300720214844
        },
        {
            "jd": 2459301.7827894,
            "fid": 2,
            "diffmaglim": 18.958499908447266
        },
        {
            "jd": 2459303.739456,
            "fid": 2,
            "diffmaglim": 19.85919952392578
        },
        {
            "jd": 2459303.7574074,
            "fid": 1,
            "diffmaglim": 19.629499435424805
        },
        {
            "jd": 2459306.7135764,
            "fid": 2,
            "diffmaglim": 20.474300384521484
        },
        {
            "jd": 2459306.790463,
            "fid": 1,
            "diffmaglim": 20.29840087890625
        },
        {
            "jd": 2459308.7139583,
            "fid": 2,
            "diffmaglim": 20.559499740600586
        },
        {
            "jd": 2459308.7525116,
            "fid": 1,
            "diffmaglim": 20.56049919128418
        },
        {
            "jd": 2459310.6939005,
            "fid": 2,
            "diffmaglim": 20.567399978637695
        },
        {
            "jd": 2459310.7195255,
            "fid": 1,
            "diffmaglim": 20.087600708007812
        },
        {
            "jd": 2459312.7572917,
            "fid": 2,
            "diffmaglim": 20.319599151611328
        },
        {
            "jd": 2459314.6720718,
            "fid": 2,
            "diffmaglim": 20.619600296020508
        },
        {
            "jd": 2459314.7083449,
            "fid": 1,
            "diffmaglim": 20.48150062561035
        },
        {
            "jd": 2459316.6744792,
            "fid": 2,
            "diffmaglim": 20.631099700927734
        },
        {
            "jd": 2459316.7162731,
            "fid": 1,
            "diffmaglim": 20.76129913330078
        },
        {
            "jd": 2459319.6940856,
            "fid": 2,
            "diffmaglim": 20.46969985961914
        },
        {
            "jd": 2459319.7359954,
            "fid": 1,
            "diffmaglim": 20.361000061035156
        }
    ],
    "forcedphot": []
}