{
    "objectId": "ZTF24absznsg",
    "candidates": [
        {
            "candid": 2881474360415015074,
            "jd": 2460635.9743634,
            "ra": 172.1708848,
            "dec": 52.2247791,
            "fid": 1,
            "nid": 2881,
            "magpsf": 18.697799682617188,
            "sigmapsf": 0.18054699897766113,
            "magnr": 22.20599937438965,
            "sigmagnr": 0.12399999797344208,
            "magzpsci": 25.643800735473633,
            "isdiffpos": "t",
            "ssdistnr": null,
            "ssnamenr": null,
            "drb": 0.9814753532409668
        },
        {
            "candid": 2886491590415015005,
            "jd": 2460640.9915972,
            "ra": 172.1706501,
            "dec": 52.2247845,
            "fid": 1,
            "nid": 2886,
            "magpsf": 17.750600814819336,
            "sigmapsf": 0.04781299829483032,
            "magnr": 22.20599937438965,
            "sigmagnr": 0.12399999797344208,
            "magzpsci": 26.380599975585938,
            "isdiffpos": "t",
            "ssdistnr": null,
            "ssnamenr": null,
            "drb": null
        },
        {
            "candid": 2890382810415015010,
            "jd": 2460644.8828125,
            "ra": 172.1706418,
            "dec": 52.2248029,
            "fid": 1,
            "nid": 2890,
            "magpsf": 17.58609962463379,
            "sigmapsf": 0.04912300035357475,
            "magnr": 21.965999603271484,
            "sigmagnr": 0.12200000137090683,
            "magzpsci": 26.250099182128906,
            "isdiffpos": "t",
            "ssdistnr": null,
            "ssnamenr": null,
            "drb": null
        },
        {
            "candid": 2893534230415015019,
            "jd": 2460648.0342361,
            "ra": 172.1706945,
            "dec": 52.2247893,
            "fid": 2,
            "nid": 2893,
            "magpsf": 17.65880012512207,
            "sigmapsf": 0.058281999081373215,
            "magnr": 21.43000030517578,
            "sigmagnr": 0.12800000607967377,
            "magzpsci": 25.28179931640625,
            "isdiffpos": "t",
            "ssdistnr": null,
            "ssnamenr": null,
            "drb": null
        },
        {
            "candid": 2895535670415015012,
            "jd": 2460650.0356713,
            "ra": 172.170657,
            "dec": 52.2247827,
            "fid": 1,
            "nid": 2895,
            "magpsf": 17.65399932861328,
            "sigmapsf": 0.04929099977016449,
            "magnr": 22.20599937438965,
            "sigmagnr": 0.12399999797344208,
            "magzpsci": 26.399999618530273,
            "isdiffpos": "t",
            "ssdistnr": null,
            "ssnamenr": null,
            "drb": null
        },
        {
            "candid": 2897539880415015018,
            "jd": 2460652.0398843,
            "ra": 172.1706725,
            "dec": 52.224783,
            "fid": 1,
            "nid": 2897,
            "magpsf": 17.809999465942383,
            "sigmapsf": 0.04733800143003464,
            "magnr": 22.20599937438965,
            "sigmagnr": 0.12399999797344208,
            "magzpsci": 26.41699981689453,
            "isdiffpos": "t",
            "ssdistnr": null,
            "ssnamenr": null,
            "drb": null
        },
        {
            "candid": 2899512010415015009,
            "jd": 2460654.0120139,
            "ra": 172.170674,
            "dec": 52.224764,
            "fid": 1,
            "nid": 2899,
            "magpsf": 17.962799072265625,
            "sigmapsf": 0.06045899912714958,
            "magnr": 22.20599937438965,
            "sigmagnr": 0.12399999797344208,
            "magzpsci": 26.431800842285156,
            "isdiffpos": "t",
            "ssdistnr": null,
            "ssnamenr": null,
            "drb": null
        },
        {
            "candid": 2901511350415015010,
            "jd": 2460656.0113542,
            "ra": 172.170683,
            "dec": 52.2247785,
            "fid": 2,
            "nid": 2901,
            "magpsf": 18.1382999420166,
            "sigmapsf": 0.08517500013113022,
            "magnr": 21.43000030517578,
            "sigmagnr": 0.12800000607967377,
            "magzpsci": 25.610300064086914,
            "isdiffpos": "t",
            "ssdistnr": null,
            "ssnamenr": null,
            "drb": null
        },
        {
            "candid": 2905511220415015005,
            "jd": 2460660.0112269,
            "ra": 172.1706883,
            "dec": 52.2247854,
            "fid": 2,
            "nid": 2905,
            "magpsf": 18.38520050048828,
            "sigmapsf": 0.08856900036334991,
            "magnr": 21.43000030517578,
            "sigmagnr": 0.12800000607967377,
            "magzpsci": 26.278200149536133,
            "isdiffpos": "t",
            "ssdistnr": null,
            "ssnamenr": null,
            "drb": null
        },
        {
            "candid": 2910427690415015008,
            "jd": 2460664.9276968,
            "ra": 172.1706666,
            "dec": 52.2248008,
            "fid": 1,
            "nid": 2910,
            "magpsf": 19.072099685668945,
            "sigmapsf": 0.08059100061655045,
            "magnr": 22.20599937438965,
            "sigmagnr": 0.12399999797344208,
            "magzpsci": 26.396099090576172,
            "isdiffpos": "t",
            "ssdistnr": null,
            "ssnamenr": null,
            "drb": null
        },
        {
            "candid": 2912430080415015004,
            "jd": 2460666.930081,
            "ra": 172.1706569,
            "dec": 52.2248902,
            "fid": 1,
            "nid": 2912,
            "magpsf": 19.15880012512207,
            "sigmapsf": 0.24524900317192078,
            "magnr": 21.965999603271484,
            "sigmagnr": 0.12200000137090683,
            "magzpsci": 25.512800216674805,
            "isdiffpos": "t",
            "ssdistnr": null,
            "ssnamenr": null,
            "drb": null
        },
        {
            "candid": 2914428000415015007,
            "jd": 2460668.9280093,
            "ra": 172.1706508,
            "dec": 52.2248047,
            "fid": 1,
            "nid": 2914,
            "magpsf": 19.569299697875977,
            "sigmapsf": 0.13184800744056702,
            "magnr": 21.965999603271484,
            "sigmagnr": 0.12200000137090683,
            "magzpsci": 26.380300521850586,
            "isdiffpos": "t",
            "ssdistnr": null,
            "ssnamenr": null,
            "drb": null
        },
        {
            "candid": 2920470700415015008,
            "jd": 2460674.970706,
            "ra": 172.1706339,
            "dec": 52.2247886,
            "fid": 1,
            "nid": 2920,
            "magpsf": 20.06089973449707,
            "sigmapsf": 0.1776130050420761,
            "magnr": 21.965999603271484,
            "sigmagnr": 0.12200000137090683,
            "magzpsci": 26.429899215698242,
            "isdiffpos": "t",
            "ssdistnr": null,
            "ssnamenr": null,
            "drb": null
        },
        {
            "candid": 2922466070415015012,
            "jd": 2460676.9660764,
            "ra": 172.1706971,
            "dec": 52.2247651,
            "fid": 1,
            "nid": 2922,
            "magpsf": 20.08597755432129,
            "sigmapsf": 0.14514398574829102,
            "magnr": 22.20599937438965,
            "sigmagnr": 0.12399999797344208,
            "magzpsci": 26.39397621154785,
            "isdiffpos": "t",
            "ssdistnr": -999.0,
            "ssnamenr": "null",
            "drb": null
        },
        {
            "candid": 2922466070415025012,
            "jd": 2460676.9660764,
            "ra": 172.1706971,
            "dec": 52.2247651,
            "fid": 1,
            "nid": 2922,
            "magpsf": 20.086000442504883,
            "sigmapsf": 0.1451440006494522,
            "magnr": 22.20599937438965,
            "sigmagnr": 0.12399999797344208,
            "magzpsci": 26.393999099731445,
            "isdiffpos": "t",
            "ssdistnr": null,
            "ssnamenr": null,
            "drb": null
        },
        {
            "candid": 2925422700415015008,
            "jd": 2460679.9227083,
            "ra": 172.1707159,
            "dec": 52.2246386,
            "fid": 1,
            "nid": 2925,
            "magpsf": 20.24850082397461,
            "sigmapsf": 0.1949000060558319,
            "magnr": 22.20599937438965,
            "sigmagnr": 0.12399999797344208,
            "magzpsci": 26.386499404907227,
            "isdiffpos": "t",
            "ssdistnr": null,
            "ssnamenr": null,
            "drb": null
        },
        {
            "candid": 2927412170415015012,
            "jd": 2460681.9121759,
            "ra": 172.1706156,
            "dec": 52.2247245,
            "fid": 1,
            "nid": 2927,
            "magpsf": 20.36949920654297,
            "sigmapsf": 0.19036899507045746,
            "magnr": 22.20599937438965,
            "sigmagnr": 0.12399999797344208,
            "magzpsci": 26.431499481201172,
            "isdiffpos": "t",
            "ssdistnr": null,
            "ssnamenr": null,
            "drb": null
        },
        {
            "candid": 2930329370415015005,
            "jd": 2460684.829375,
            "ra": 172.1706082,
            "dec": 52.2247934,
            "fid": 2,
            "nid": 2930,
            "magpsf": 19.65130043029785,
            "sigmapsf": 0.16782599687576294,
            "magnr": 21.43000030517578,
            "sigmagnr": 0.12800000607967377,
            "magzpsci": 26.30030059814453,
            "isdiffpos": "t",
            "ssdistnr": null,
            "ssnamenr": null,
            "drb": null
        },
        {
            "candid": 2932428180415015008,
            "jd": 2460686.9281829,
            "ra": 172.1706577,
            "dec": 52.2247651,
            "fid": 2,
            "nid": 2932,
            "magpsf": 19.620975494384766,
            "sigmapsf": 0.20569491386413574,
            "magnr": 21.43000030517578,
            "sigmagnr": 0.12800000607967377,
            "magzpsci": 26.317974090576172,
            "isdiffpos": "t",
            "ssdistnr": -999.0,
            "ssnamenr": "null",
            "drb": null
        },
        {
            "jd": 2460607.9689583,
            "fid": 2,
            "diffmaglim": 19.9143009185791
        },
        {
            "jd": 2460608.0149074,
            "fid": 1,
            "diffmaglim": 19.917499542236328
        },
        {
            "jd": 2460610.9696644,
            "fid": 2,
            "diffmaglim": 19.092300415039062
        },
        {
            "jd": 2460611.0160069,
            "fid": 1,
            "diffmaglim": 19.349700927734375
        },
        {
            "jd": 2460615.9682176,
            "fid": 2,
            "diffmaglim": 20.124799728393555
        },
        {
            "jd": 2460616.0092245,
            "fid": 1,
            "diffmaglim": 20.306699752807617
        },
        {
            "jd": 2460619.9471065,
            "fid": 2,
            "diffmaglim": 19.721500396728516
        },
        {
            "jd": 2460619.9863773,
            "fid": 1,
            "diffmaglim": 19.981800079345703
        },
        {
            "jd": 2460621.9711111,
            "fid": 1,
            "diffmaglim": 19.574899673461914
        },
        {
            "jd": 2460626.0098958,
            "fid": 1,
            "diffmaglim": 20.311500549316406
        },
        {
            "jd": 2460626.032338,
            "fid": 2,
            "diffmaglim": 20.196500778198242
        },
        {
            "jd": 2460628.0301736,
            "fid": 2,
            "diffmaglim": 19.997900009155273
        },
        {
            "jd": 2460628.9908449,
            "fid": 2,
            "diffmaglim": 19.61079978942871
        },
        {
            "jd": 2460629.0320718,
            "fid": 1,
            "diffmaglim": 19.995500564575195
        },
        {
            "jd": 2460632.9296412,
            "fid": 2,
            "diffmaglim": 19.313499450683594
        },
        {
            "jd": 2460632.9701389,
            "fid": 1,
            "diffmaglim": 19.22760009765625
        },
        {
            "jd": 2460635.926794,
            "fid": 2,
            "diffmaglim": 18.786100387573242
        },
        {
            "jd": 2460637.9079051,
            "fid": 2,
            "diffmaglim": 19.880599975585938
        },
        {
            "jd": 2460637.9726968,
            "fid": 1,
            "diffmaglim": 19.71969985961914
        },
        {
            "jd": 2460640.9257176,
            "fid": 2,
            "diffmaglim": 20.039100646972656
        },
        {
            "jd": 2460645.0330671,
            "fid": 2,
            "diffmaglim": 20.35930061340332
        },
        {
            "jd": 2460649.9877662,
            "fid": 2,
            "diffmaglim": 20.489599227905273
        },
        {
            "jd": 2460651.9760764,
            "fid": 2,
            "diffmaglim": 20.231700897216797
        },
        {
            "jd": 2460654.0374884,
            "fid": 2,
            "diffmaglim": 20.374900817871094
        },
        {
            "jd": 2460661.8668056,
            "fid": 1,
            "diffmaglim": 16.808700561523438
        },
        {
            "jd": 2460664.9093056,
            "fid": 2,
            "diffmaglim": 20.04360008239746
        },
        {
            "jd": 2460666.9964815,
            "fid": 2,
            "diffmaglim": 19.47480010986328
        },
        {
            "jd": 2460668.9723032,
            "fid": 2,
            "diffmaglim": 19.553499221801758
        },
        {
            "jd": 2460672.9100463,
            "fid": 1,
            "diffmaglim": 17.87809944152832
        },
        {
            "jd": 2460674.8266782,
            "fid": 2,
            "diffmaglim": 20.159799575805664
        },
        {
            "jd": 2460684.769375,
            "fid": 1,
            "diffmaglim": 19.20829963684082
        },
        {
            "jd": 2460686.7627546,
            "fid": 1,
            "diffmaglim": 19.058900833129883
        }
    ],
    "forcedphot": [
        {
            "objectid": "ZTF24absznsg",
            "jd": 2460607.9689583,
            "ranr": 172.1720943,
            "decnr": 52.2252627,
            "fid": 2,
            "forcediffimflux": 12.535811424255371,
            "forcediffimfluxunc": 41.56772232055664,
            "magzpsci": 26.229799270629883
        },
        {
            "objectid": "ZTF24absznsg",
            "jd": 2460608.0149074,
            "ranr": 172.1688239,
            "decnr": 52.2251431,
            "fid": 1,
            "forcediffimflux": -4.6723127365112305,
            "forcediffimfluxunc": 39.942691802978516,
            "magzpsci": 26.337799072265625
        },
        {
            "objectid": "ZTF24absznsg",
            "jd": 2460610.9696644,
            "ranr": 172.1720943,
            "decnr": 52.2252627,
            "fid": 2,
            "forcediffimflux": -7.181607723236084,
            "forcediffimfluxunc": 57.251766204833984,
            "magzpsci": 25.746700286865234
        },
        {
            "objectid": "ZTF24absznsg",
            "jd": 2460615.9682176,
            "ranr": 172.1720943,
            "decnr": 52.2252627,
            "fid": 2,
            "forcediffimflux": -36.36158752441406,
            "forcediffimfluxunc": 35.21552658081055,
            "magzpsci": 26.229299545288086
        },
        {
            "objectid": "ZTF24absznsg",
            "jd": 2460616.0092245,
            "ranr": 172.1688239,
            "decnr": 52.2251431,
            "fid": 1,
            "forcediffimflux": -27.84577751159668,
            "forcediffimfluxunc": 30.162765502929688,
            "magzpsci": 26.336599349975586
        },
        {
            "objectid": "ZTF24absznsg",
            "jd": 2460619.9471065,
            "ranr": 172.1720943,
            "decnr": 52.2252627,
            "fid": 2,
            "forcediffimflux": -47.13075256347656,
            "forcediffimfluxunc": 51.07668685913086,
            "magzpsci": 26.227800369262695
        },
        {
            "objectid": "ZTF24absznsg",
            "jd": 2460619.9863773,
            "ranr": 172.1688239,
            "decnr": 52.2251431,
            "fid": 1,
            "forcediffimflux": -71.51486206054688,
            "forcediffimfluxunc": 41.72924041748047,
            "magzpsci": 26.312599182128906
        },
        {
            "objectid": "ZTF24absznsg",
            "jd": 2460621.9711111,
            "ranr": 172.1688239,
            "decnr": 52.2251431,
            "fid": 1,
            "forcediffimflux": -46.083587646484375,
            "forcediffimfluxunc": 58.81199264526367,
            "magzpsci": 26.28230094909668
        },
        {
            "objectid": "ZTF24absznsg",
            "jd": 2460626.0098958,
            "ranr": 172.1695253,
            "decnr": 52.2243944,
            "fid": 1,
            "forcediffimflux": -39.37362289428711,
            "forcediffimfluxunc": 29.64508819580078,
            "magzpsci": 26.37579917907715
        },
        {
            "objectid": "ZTF24absznsg",
            "jd": 2460626.032338,
            "ranr": 172.1720943,
            "decnr": 52.2252627,
            "fid": 2,
            "forcediffimflux": 10.26153564453125,
            "forcediffimfluxunc": 32.6514892578125,
            "magzpsci": 26.326200485229492
        },
        {
            "objectid": "ZTF24absznsg",
            "jd": 2460628.0301736,
            "ranr": 172.1720943,
            "decnr": 52.2252627,
            "fid": 2,
            "forcediffimflux": 55.85712432861328,
            "forcediffimfluxunc": 36.67407989501953,
            "magzpsci": 26.308500289916992
        },
        {
            "objectid": "ZTF24absznsg",
            "jd": 2460628.9908449,
            "ranr": 172.1720943,
            "decnr": 52.2252627,
            "fid": 2,
            "forcediffimflux": -24.506620407104492,
            "forcediffimfluxunc": 51.31082534790039,
            "magzpsci": 26.30970001220703
        },
        {
            "objectid": "ZTF24absznsg",
            "jd": 2460629.0320718,
            "ranr": 172.1688239,
            "decnr": 52.2251431,
            "fid": 1,
            "forcediffimflux": -0.3857974708080292,
            "forcediffimfluxunc": 45.032859802246094,
            "magzpsci": 26.390300750732422
        },
        {
            "objectid": "ZTF24absznsg",
            "jd": 2460632.9296412,
            "ranr": 172.1720943,
            "decnr": 52.2252627,
            "fid": 2,
            "forcediffimflux": 327.8623962402344,
            "forcediffimfluxunc": 73.6841812133789,
            "magzpsci": 26.258100509643555
        },
        {
            "objectid": "ZTF24absznsg",
            "jd": 2460632.9701389,
            "ranr": 172.1688239,
            "decnr": 52.2251431,
            "fid": 1,
            "forcediffimflux": 287.64794921875,
            "forcediffimfluxunc": 86.67354583740234,
            "magzpsci": 26.346500396728516
        },
        {
            "objectid": "ZTF24absznsg",
            "jd": 2460637.9079051,
            "ranr": 172.1720943,
            "decnr": 52.2252627,
            "fid": 2,
            "forcediffimflux": 1390.5220947265625,
            "forcediffimfluxunc": 49.02883529663086,
            "magzpsci": 26.250600814819336
        },
        {
            "objectid": "ZTF24absznsg",
            "jd": 2460637.9726968,
            "ranr": 172.1688239,
            "decnr": 52.2251431,
            "fid": 1,
            "forcediffimflux": 1404.7938232421875,
            "forcediffimfluxunc": 43.37153625488281,
            "magzpsci": 26.119699478149414
        },
        {
            "objectid": "ZTF24absznsg",
            "jd": 2460640.9257176,
            "ranr": 172.1720943,
            "decnr": 52.2252627,
            "fid": 2,
            "forcediffimflux": 2078.870849609375,
            "forcediffimfluxunc": 45.69611740112305,
            "magzpsci": 26.25909996032715
        },
        {
            "objectid": "ZTF24absznsg",
            "jd": 2460640.9915972,
            "ranr": 172.1688239,
            "decnr": 52.2251431,
            "fid": 1,
            "forcediffimflux": 2895.516845703125,
            "forcediffimfluxunc": 37.51504898071289,
            "magzpsci": 26.380599975585938
        },
        {
            "objectid": "ZTF24absznsg",
            "jd": 2460644.8828125,
            "ranr": 172.1688239,
            "decnr": 52.2251431,
            "fid": 1,
            "forcediffimflux": 2887.94580078125,
            "forcediffimfluxunc": 48.42110824584961,
            "magzpsci": 26.250099182128906
        },
        {
            "objectid": "ZTF24absznsg",
            "jd": 2460645.0330671,
            "ranr": 172.1720943,
            "decnr": 52.2252627,
            "fid": 2,
            "forcediffimflux": 2667.078369140625,
            "forcediffimfluxunc": 41.9183349609375,
            "magzpsci": 26.330699920654297
        },
        {
            "objectid": "ZTF24absznsg",
            "jd": 2460649.9877662,
            "ranr": 172.1699043,
            "decnr": 52.2242095,
            "fid": 2,
            "forcediffimflux": 2440.681884765625,
            "forcediffimfluxunc": 36.59601593017578,
            "magzpsci": 26.313499450683594
        },
        {
            "objectid": "ZTF24absznsg",
            "jd": 2460650.0356713,
            "ranr": 172.1695253,
            "decnr": 52.2243944,
            "fid": 1,
            "forcediffimflux": 2983.39990234375,
            "forcediffimfluxunc": 39.84113311767578,
            "magzpsci": 26.399999618530273
        },
        {
            "objectid": "ZTF24absznsg",
            "jd": 2460651.9760764,
            "ranr": 172.1699043,
            "decnr": 52.2242095,
            "fid": 2,
            "forcediffimflux": 2320.175048828125,
            "forcediffimfluxunc": 39.59730911254883,
            "magzpsci": 26.3346004486084
        },
        {
            "objectid": "ZTF24absznsg",
            "jd": 2460652.0398843,
            "ranr": 172.1695253,
            "decnr": 52.2243944,
            "fid": 1,
            "forcediffimflux": 2705.40869140625,
            "forcediffimfluxunc": 38.33123016357422,
            "magzpsci": 26.41699981689453
        },
        {
            "objectid": "ZTF24absznsg",
            "jd": 2460654.0120139,
            "ranr": 172.1695253,
            "decnr": 52.2243944,
            "fid": 1,
            "forcediffimflux": 2351.212890625,
            "forcediffimfluxunc": 34.991737365722656,
            "magzpsci": 26.431800842285156
        },
        {
            "objectid": "ZTF24absznsg",
            "jd": 2460654.0374884,
            "ranr": 172.1699043,
            "decnr": 52.2242095,
            "fid": 2,
            "forcediffimflux": 2062.9345703125,
            "forcediffimfluxunc": 36.43486785888672,
            "magzpsci": 26.287799835205078
        },
        {
            "objectid": "ZTF24absznsg",
            "jd": 2460660.0112269,
            "ranr": 172.1720943,
            "decnr": 52.2252627,
            "fid": 2,
            "forcediffimflux": 1468.714111328125,
            "forcediffimfluxunc": 62.57386779785156,
            "magzpsci": 26.278200149536133
        },
        {
            "objectid": "ZTF24absznsg",
            "jd": 2460664.9093056,
            "ranr": 172.1720943,
            "decnr": 52.2252627,
            "fid": 2,
            "forcediffimflux": 1400.953125,
            "forcediffimfluxunc": 45.50177001953125,
            "magzpsci": 26.279800415039062
        },
        {
            "objectid": "ZTF24absznsg",
            "jd": 2460664.9276968,
            "ranr": 172.1695253,
            "decnr": 52.2243944,
            "fid": 1,
            "forcediffimflux": 845.7017211914062,
            "forcediffimfluxunc": 49.39153289794922,
            "magzpsci": 26.396099090576172
        },
        {
            "objectid": "ZTF24absznsg",
            "jd": 2460666.9964815,
            "ranr": 172.1720943,
            "decnr": 52.2252627,
            "fid": 2,
            "forcediffimflux": 924.5731811523438,
            "forcediffimfluxunc": 46.610374450683594,
            "magzpsci": 25.89620018005371
        },
        {
            "objectid": "ZTF24absznsg",
            "jd": 2460668.9280093,
            "ranr": 172.1695253,
            "decnr": 52.2243944,
            "fid": 1,
            "forcediffimflux": 529.5278930664062,
            "forcediffimfluxunc": 33.44223403930664,
            "magzpsci": 26.380300521850586
        },
        {
            "objectid": "ZTF24absznsg",
            "jd": 2460668.9723032,
            "ranr": 172.1720943,
            "decnr": 52.2252627,
            "fid": 2,
            "forcediffimflux": 756.5831909179688,
            "forcediffimfluxunc": 39.168148040771484,
            "magzpsci": 25.756500244140625
        },
        {
            "objectid": "ZTF24absznsg",
            "jd": 2460674.8266782,
            "ranr": 172.1720943,
            "decnr": 52.2252627,
            "fid": 2,
            "forcediffimflux": 794.86376953125,
            "forcediffimfluxunc": 37.07008361816406,
            "magzpsci": 26.27429962158203
        },
        {
            "objectid": "ZTF24absznsg",
            "jd": 2460674.970706,
            "ranr": 172.1695253,
            "decnr": 52.2243944,
            "fid": 1,
            "forcediffimflux": 342.7419738769531,
            "forcediffimfluxunc": 24.324689865112305,
            "magzpsci": 26.429899215698242
        },
        {
            "objectid": "ZTF24absznsg",
            "jd": 2460676.9660764,
            "ranr": 172.1695253,
            "decnr": 52.2243944,
            "fid": 1,
            "forcediffimflux": 338.9254150390625,
            "forcediffimfluxunc": 23.83323097229004,
            "magzpsci": 26.393999099731445
        },
        {
            "objectid": "ZTF24absznsg",
            "jd": 2460679.9227083,
            "ranr": 172.1695253,
            "decnr": 52.2243944,
            "fid": 1,
            "forcediffimflux": 274.5343017578125,
            "forcediffimfluxunc": 34.586883544921875,
            "magzpsci": 26.386499404907227
        },
        {
            "objectid": "ZTF24absznsg",
            "jd": 2460681.9121759,
            "ranr": 172.1695253,
            "decnr": 52.2243944,
            "fid": 1,
            "forcediffimflux": 264.5222473144531,
            "forcediffimfluxunc": 29.046424865722656,
            "magzpsci": 26.431499481201172
        },
        {
            "objectid": "ZTF24absznsg",
            "jd": 2460684.769375,
            "ranr": 172.1695253,
            "decnr": 52.2243944,
            "fid": 1,
            "forcediffimflux": 285.41156005859375,
            "forcediffimfluxunc": 76.28181457519531,
            "magzpsci": 26.2450008392334
        },
        {
            "objectid": "ZTF24absznsg",
            "jd": 2460684.829375,
            "ranr": 172.1720943,
            "decnr": 52.2252627,
            "fid": 2,
            "forcediffimflux": 436.4362487792969,
            "forcediffimfluxunc": 52.74609375,
            "magzpsci": 26.30030059814453
        },
        {
            "objectid": "ZTF24absznsg",
            "jd": 2460686.7627546,
            "ranr": 172.1695253,
            "decnr": 52.2243944,
            "fid": 1,
            "forcediffimflux": 159.1440887451172,
            "forcediffimfluxunc": 93.17479705810547,
            "magzpsci": 26.26930046081543
        }
    ]
}