{
    "objectId": "ZTF21aaeoxfd",
    "candidates": [
        {
            "candid": 1471463612715015014,
            "jd": 2459225.9636111,
            "ra": 184.5368056,
            "dec": -4.4229453,
            "fid": 1,
            "nid": 1471,
            "magpsf": 20.24169921875,
            "sigmapsf": 0.3072499930858612,
            "magnr": 19.62700080871582,
            "sigmagnr": 0.06800000369548798,
            "magzpsci": 26.215700149536133,
            "isdiffpos": "t",
            "ssdistnr": -999.0,
            "ssnamenr": "-999.0",
            "drb": null
        },
        {
            "candid": 1473480912715015011,
            "jd": 2459227.9809144,
            "ra": 184.5369157,
            "dec": -4.4229573,
            "fid": 1,
            "nid": 1473,
            "magpsf": 19.846099853515625,
            "sigmapsf": 0.1444620043039322,
            "magnr": 19.62700080871582,
            "sigmagnr": 0.06800000369548798,
            "magzpsci": 26.210100173950195,
            "isdiffpos": "t",
            "ssdistnr": -999.0,
            "ssnamenr": "-999.0",
            "drb": null
        },
        {
            "candid": 1475503462715015011,
            "jd": 2459230.0034606,
            "ra": 184.5368882,
            "dec": -4.4228948,
            "fid": 2,
            "nid": 1475,
            "magpsf": 19.69930076599121,
            "sigmapsf": 0.2608349919319153,
            "magnr": 19.16200065612793,
            "sigmagnr": 0.0820000022649765,
            "magzpsci": 26.27829933166504,
            "isdiffpos": "t",
            "ssdistnr": -999.0,
            "ssnamenr": "-999.0",
            "drb": null
        },
        {
            "candid": 1477481632715015014,
            "jd": 2459231.9816319,
            "ra": 184.5369193,
            "dec": -4.4229579,
            "fid": 2,
            "nid": 1477,
            "magpsf": 19.346599578857422,
            "sigmapsf": 0.09227699786424637,
            "magnr": 19.16200065612793,
            "sigmagnr": 0.0820000022649765,
            "magzpsci": 26.281600952148438,
            "isdiffpos": "t",
            "ssdistnr": -999.0,
            "ssnamenr": "null",
            "drb": 1.0
        },
        {
            "candid": 1495413402715015014,
            "jd": 2459249.9134028,
            "ra": 184.5369388,
            "dec": -4.4230184,
            "fid": 2,
            "nid": 1495,
            "magpsf": 18.993799209594727,
            "sigmapsf": 0.14262300729751587,
            "magnr": 21.277000427246094,
            "sigmagnr": 0.17599999904632568,
            "magzpsci": 26.27079963684082,
            "isdiffpos": "t",
            "ssdistnr": -999.0,
            "ssnamenr": "null",
            "drb": 0.9963139891624451
        },
        {
            "candid": 1495440632715015007,
            "jd": 2459249.9406366,
            "ra": 184.5368548,
            "dec": -4.4230623,
            "fid": 1,
            "nid": 1495,
            "magpsf": 19.204200744628906,
            "sigmapsf": 0.2032569944858551,
            "magnr": 19.62700080871582,
            "sigmagnr": 0.06800000369548798,
            "magzpsci": 26.23819923400879,
            "isdiffpos": "t",
            "ssdistnr": -999.0,
            "ssnamenr": "-999.0",
            "drb": null
        },
        {
            "candid": 1497419402715015004,
            "jd": 2459251.9194097,
            "ra": 184.5369616,
            "dec": -4.422962,
            "fid": 1,
            "nid": 1497,
            "magpsf": 19.525800704956055,
            "sigmapsf": 0.127592995762825,
            "magnr": 19.62700080871582,
            "sigmagnr": 0.06800000369548798,
            "magzpsci": 26.275800704956055,
            "isdiffpos": "t",
            "ssdistnr": -999.0,
            "ssnamenr": "null",
            "drb": 0.7394850254058838
        },
        {
            "candid": 1497462332715015016,
            "jd": 2459251.962338,
            "ra": 184.5369191,
            "dec": -4.4230033,
            "fid": 2,
            "nid": 1497,
            "magpsf": 19.123199462890625,
            "sigmapsf": 0.08653099834918976,
            "magnr": 21.277000427246094,
            "sigmagnr": 0.17599999904632568,
            "magzpsci": 26.30820083618164,
            "isdiffpos": "t",
            "ssdistnr": -999.0,
            "ssnamenr": "null",
            "drb": 1.0
        },
        {
            "candid": 1499379512715015015,
            "jd": 2459253.8795139,
            "ra": 184.5369299,
            "dec": -4.4229739,
            "fid": 1,
            "nid": 1499,
            "magpsf": 19.875999450683594,
            "sigmapsf": 0.18021999299526215,
            "magnr": 19.62700080871582,
            "sigmagnr": 0.06800000369548798,
            "magzpsci": 25.972999572753906,
            "isdiffpos": "t",
            "ssdistnr": -999.0,
            "ssnamenr": "null",
            "drb": 0.05891700088977814
        },
        {
            "candid": 1499487502715015026,
            "jd": 2459253.9875,
            "ra": 184.5369071,
            "dec": -4.4229764,
            "fid": 2,
            "nid": 1499,
            "magpsf": 19.16699981689453,
            "sigmapsf": 0.09577299654483795,
            "magnr": 19.16200065612793,
            "sigmagnr": 0.0820000022649765,
            "magzpsci": 26.259000778198242,
            "isdiffpos": "t",
            "ssdistnr": -999.0,
            "ssnamenr": "null",
            "drb": 0.9999880194664001
        },
        {
            "candid": 1501377432715015019,
            "jd": 2459255.8774306,
            "ra": 184.5369073,
            "dec": -4.4229909,
            "fid": 1,
            "nid": 1501,
            "magpsf": 20.00510025024414,
            "sigmapsf": 0.14487099647521973,
            "magnr": 19.62700080871582,
            "sigmagnr": 0.06800000369548798,
            "magzpsci": 26.25510025024414,
            "isdiffpos": "t",
            "ssdistnr": null,
            "ssnamenr": null,
            "drb": null
        },
        {
            "candid": 1501418402715015020,
            "jd": 2459255.9184028,
            "ra": 184.5368906,
            "dec": -4.4230121,
            "fid": 2,
            "nid": 1501,
            "magpsf": 19.36199951171875,
            "sigmapsf": 0.08535800129175186,
            "magnr": 21.277000427246094,
            "sigmagnr": 0.17599999904632568,
            "magzpsci": 26.280000686645508,
            "isdiffpos": "t",
            "ssdistnr": null,
            "ssnamenr": null,
            "drb": null
        },
        {
            "candid": 1508360672715015022,
            "jd": 2459262.8606713,
            "ra": 184.5369863,
            "dec": -4.423003,
            "fid": 2,
            "nid": 1508,
            "magpsf": 19.556499481201172,
            "sigmapsf": 0.12324099987745285,
            "magnr": 21.277000427246094,
            "sigmagnr": 0.17599999904632568,
            "magzpsci": 26.262500762939453,
            "isdiffpos": "t",
            "ssdistnr": null,
            "ssnamenr": null,
            "drb": null
        },
        {
            "candid": 1510373862715015039,
            "jd": 2459264.8738657,
            "ra": 184.5369098,
            "dec": -4.4229679,
            "fid": 2,
            "nid": 1510,
            "magpsf": 19.6737003326416,
            "sigmapsf": 0.10014499723911285,
            "magnr": 19.16200065612793,
            "sigmagnr": 0.0820000022649765,
            "magzpsci": 26.316699981689453,
            "isdiffpos": "t",
            "ssdistnr": null,
            "ssnamenr": null,
            "drb": null
        },
        {
            "candid": 1512376652715015017,
            "jd": 2459266.8766551,
            "ra": 184.5369285,
            "dec": -4.4230167,
            "fid": 2,
            "nid": 1512,
            "magpsf": 19.664400100708008,
            "sigmapsf": 0.23169800639152527,
            "magnr": 21.277000427246094,
            "sigmagnr": 0.17599999904632568,
            "magzpsci": 26.292400360107422,
            "isdiffpos": "t",
            "ssdistnr": null,
            "ssnamenr": null,
            "drb": null
        },
        {
            "candid": 1514415992715015017,
            "jd": 2459268.9159954,
            "ra": 184.5369067,
            "dec": -4.4229879,
            "fid": 2,
            "nid": 1514,
            "magpsf": 19.793039321899414,
            "sigmapsf": 0.1569640040397644,
            "magnr": 21.277000427246094,
            "sigmagnr": 0.17599999904632568,
            "magzpsci": 26.317039489746094,
            "isdiffpos": "t",
            "ssdistnr": -999.0,
            "ssnamenr": "null",
            "drb": null
        },
        {
            "jd": 2459202.01396,
            "fid": 2,
            "diffmaglim": 20.047000885009766
        },
        {
            "jd": 2459204.96687,
            "fid": 1,
            "diffmaglim": 20.327999114990234
        },
        {
            "jd": 2459205.0052,
            "fid": 2,
            "diffmaglim": 20.3439998626709
        },
        {
            "jd": 2459215.98453,
            "fid": 1,
            "diffmaglim": 19.048999786376953
        },
        {
            "jd": 2459217.00314,
            "fid": 2,
            "diffmaglim": 19.34600067138672
        },
        {
            "jd": 2459217.03804,
            "fid": 1,
            "diffmaglim": 18.974000930786133
        },
        {
            "jd": 2459221.94334,
            "fid": 2,
            "diffmaglim": 19.601999282836914
        },
        {
            "jd": 2459221.97388,
            "fid": 1,
            "diffmaglim": 19.29400062561035
        },
        {
            "jd": 2459223.96751,
            "fid": 2,
            "diffmaglim": 20.00200080871582
        },
        {
            "jd": 2459226.00346,
            "fid": 2,
            "diffmaglim": 19.135000228881836
        },
        {
            "jd": 2459227.8785,
            "fid": 2,
            "diffmaglim": 20.10300064086914
        },
        {
            "jd": 2459234.94969,
            "fid": 1,
            "diffmaglim": 19.809999465942383
        }
    ],
    "forcedphot": []
}