{
    "objectId": "ZTF22aahaufu",
    "candidates": [
        {
            "candid": 1935259025815015010,
            "jd": 2459689.7590278,
            "ra": 164.4646555,
            "dec": 21.056583,
            "fid": 2,
            "nid": 1935,
            "magpsf": 19.57200050354004,
            "sigmapsf": 0.16902199387550354,
            "magnr": 22.582000732421875,
            "sigmagnr": 0.210999995470047,
            "magzpsci": 26.264999389648438,
            "isdiffpos": "t",
            "ssdistnr": null,
            "ssnamenr": null,
            "drb": 0.9912170171737671
        },
        {
            "candid": 1935276895815015007,
            "jd": 2459689.7768981,
            "ra": 164.4646623,
            "dec": 21.0566379,
            "fid": 1,
            "nid": 1935,
            "magpsf": 19.705900192260742,
            "sigmapsf": 0.2009509950876236,
            "magnr": 22.270000457763672,
            "sigmagnr": 0.210999995470047,
            "magzpsci": 26.366899490356445,
            "isdiffpos": "t",
            "ssdistnr": null,
            "ssnamenr": null,
            "drb": null
        },
        {
            "candid": 1939246405815015026,
            "jd": 2459693.7464005,
            "ra": 164.4646489,
            "dec": 21.0566315,
            "fid": 1,
            "nid": 1939,
            "magpsf": 18.6200008392334,
            "sigmapsf": 0.09729799628257751,
            "magnr": 22.270000457763672,
            "sigmagnr": 0.210999995470047,
            "magzpsci": 26.32200050354004,
            "isdiffpos": "t",
            "ssdistnr": null,
            "ssnamenr": null,
            "drb": null
        },
        {
            "candid": 1941212525815015013,
            "jd": 2459695.7125231,
            "ra": 164.4646143,
            "dec": 21.0566136,
            "fid": 2,
            "nid": 1941,
            "magpsf": 18.40399932861328,
            "sigmapsf": 0.07015500217676163,
            "magnr": 22.582000732421875,
            "sigmagnr": 0.210999995470047,
            "magzpsci": 26.195999145507812,
            "isdiffpos": "t",
            "ssdistnr": null,
            "ssnamenr": null,
            "drb": null
        },
        {
            "candid": 1941254505815015008,
            "jd": 2459695.7545023,
            "ra": 164.4646602,
            "dec": 21.056634,
            "fid": 1,
            "nid": 1941,
            "magpsf": 18.297300338745117,
            "sigmapsf": 0.13019399344921112,
            "magnr": 22.270000457763672,
            "sigmagnr": 0.210999995470047,
            "magzpsci": 25.489299774169922,
            "isdiffpos": "t",
            "ssdistnr": null,
            "ssnamenr": null,
            "drb": null
        },
        {
            "candid": 1943184685815015023,
            "jd": 2459697.6846875,
            "ra": 164.464629,
            "dec": 21.056629,
            "fid": 2,
            "nid": 1943,
            "magpsf": 18.206199645996094,
            "sigmapsf": 0.07917600125074387,
            "magnr": 22.582000732421875,
            "sigmagnr": 0.210999995470047,
            "magzpsci": 26.228200912475586,
            "isdiffpos": "t",
            "ssdistnr": null,
            "ssnamenr": null,
            "drb": null
        },
        {
            "candid": 1943213815815015026,
            "jd": 2459697.7138194,
            "ra": 164.4646527,
            "dec": 21.0566179,
            "fid": 1,
            "nid": 1943,
            "magpsf": 18.13789939880371,
            "sigmapsf": 0.06187399849295616,
            "magnr": 22.270000457763672,
            "sigmagnr": 0.210999995470047,
            "magzpsci": 26.341899871826172,
            "isdiffpos": "t",
            "ssdistnr": null,
            "ssnamenr": null,
            "drb": null
        },
        {
            "candid": 1945239005815015019,
            "jd": 2459699.7390046,
            "ra": 164.4646534,
            "dec": 21.0566114,
            "fid": 1,
            "nid": 1945,
            "magpsf": 17.990400314331055,
            "sigmapsf": 0.05856600031256676,
            "magnr": 22.270000457763672,
            "sigmagnr": 0.210999995470047,
            "magzpsci": 26.33839988708496,
            "isdiffpos": "t",
            "ssdistnr": null,
            "ssnamenr": null,
            "drb": null
        },
        {
            "candid": 1945263145815015016,
            "jd": 2459699.7631481,
            "ra": 164.4646069,
            "dec": 21.0566238,
            "fid": 2,
            "nid": 1945,
            "magpsf": 18.143299102783203,
            "sigmapsf": 0.06199900060892105,
            "magnr": 22.582000732421875,
            "sigmagnr": 0.210999995470047,
            "magzpsci": 26.236299514770508,
            "isdiffpos": "t",
            "ssdistnr": null,
            "ssnamenr": null,
            "drb": null
        },
        {
            "candid": 1947216465815015020,
            "jd": 2459701.7164699,
            "ra": 164.4646422,
            "dec": 21.0566085,
            "fid": 2,
            "nid": 1947,
            "magpsf": 18.01110076904297,
            "sigmapsf": 0.07288999855518341,
            "magnr": 22.582000732421875,
            "sigmagnr": 0.210999995470047,
            "magzpsci": 26.249099731445312,
            "isdiffpos": "t",
            "ssdistnr": 21.0,
            "ssnamenr": "478608",
            "drb": null
        },
        {
            "candid": 1947260695815015017,
            "jd": 2459701.7606944,
            "ra": 164.4646667,
            "dec": 21.0566269,
            "fid": 1,
            "nid": 1947,
            "magpsf": 17.95989990234375,
            "sigmapsf": 0.05916300043463707,
            "magnr": 22.270000457763672,
            "sigmagnr": 0.210999995470047,
            "magzpsci": 26.327899932861328,
            "isdiffpos": "t",
            "ssdistnr": 16.0,
            "ssnamenr": "478608",
            "drb": null
        },
        {
            "candid": 1949259315815015007,
            "jd": 2459703.7593171,
            "ra": 164.4646625,
            "dec": 21.0565937,
            "fid": 1,
            "nid": 1949,
            "magpsf": 18.003000259399414,
            "sigmapsf": 0.07345099747180939,
            "magnr": 22.270000457763672,
            "sigmagnr": 0.210999995470047,
            "magzpsci": 26.332000732421875,
            "isdiffpos": "t",
            "ssdistnr": null,
            "ssnamenr": null,
            "drb": null
        },
        {
            "candid": 1954228815815015007,
            "jd": 2459708.7288194,
            "ra": 164.4646401,
            "dec": 21.0566053,
            "fid": 2,
            "nid": 1954,
            "magpsf": 18.067100524902344,
            "sigmapsf": 0.07174599915742874,
            "magnr": 22.582000732421875,
            "sigmagnr": 0.210999995470047,
            "magzpsci": 26.28510093688965,
            "isdiffpos": "t",
            "ssdistnr": null,
            "ssnamenr": null,
            "drb": null
        },
        {
            "candid": 1954268095815015019,
            "jd": 2459708.7680903,
            "ra": 164.4646593,
            "dec": 21.0565628,
            "fid": 2,
            "nid": 1954,
            "magpsf": 18.044099807739258,
            "sigmapsf": 0.07976599782705307,
            "magnr": 22.582000732421875,
            "sigmagnr": 0.210999995470047,
            "magzpsci": 26.265100479125977,
            "isdiffpos": "t",
            "ssdistnr": null,
            "ssnamenr": null,
            "drb": null
        },
        {
            "candid": 1957227595815015009,
            "jd": 2459711.7275926,
            "ra": 164.4646786,
            "dec": 21.0566138,
            "fid": 1,
            "nid": 1957,
            "magpsf": 18.380699157714844,
            "sigmapsf": 0.11266099661588669,
            "magnr": 22.270000457763672,
            "sigmagnr": 0.210999995470047,
            "magzpsci": 26.36370086669922,
            "isdiffpos": "t",
            "ssdistnr": null,
            "ssnamenr": null,
            "drb": null
        },
        {
            "candid": 1957258135815015008,
            "jd": 2459711.7581366,
            "ra": 164.4646232,
            "dec": 21.0566394,
            "fid": 2,
            "nid": 1957,
            "magpsf": 18.16360092163086,
            "sigmapsf": 0.0919400006532669,
            "magnr": 22.582000732421875,
            "sigmagnr": 0.210999995470047,
            "magzpsci": 26.250600814819336,
            "isdiffpos": "t",
            "ssdistnr": null,
            "ssnamenr": null,
            "drb": null
        },
        {
            "candid": 1959195095815015009,
            "jd": 2459713.6950926,
            "ra": 164.4646438,
            "dec": 21.0566185,
            "fid": 1,
            "nid": 1959,
            "magpsf": 18.480100631713867,
            "sigmapsf": 0.12037699669599533,
            "magnr": 22.270000457763672,
            "sigmagnr": 0.210999995470047,
            "magzpsci": 26.340099334716797,
            "isdiffpos": "t",
            "ssdistnr": null,
            "ssnamenr": null,
            "drb": null
        },
        {
            "candid": 1959235785815015007,
            "jd": 2459713.735787,
            "ra": 164.4646165,
            "dec": 21.0566267,
            "fid": 2,
            "nid": 1959,
            "magpsf": 18.34709930419922,
            "sigmapsf": 0.09163700044155121,
            "magnr": 22.582000732421875,
            "sigmagnr": 0.210999995470047,
            "magzpsci": 26.243099212646484,
            "isdiffpos": "t",
            "ssdistnr": null,
            "ssnamenr": null,
            "drb": null
        },
        {
            "candid": 1961236355815015006,
            "jd": 2459715.7363542,
            "ra": 164.4646419,
            "dec": 21.0566051,
            "fid": 1,
            "nid": 1961,
            "magpsf": 18.706100463867188,
            "sigmapsf": 0.10770300030708313,
            "magnr": 22.270000457763672,
            "sigmagnr": 0.210999995470047,
            "magzpsci": 26.35810089111328,
            "isdiffpos": "t",
            "ssdistnr": null,
            "ssnamenr": null,
            "drb": null
        },
        {
            "candid": 1964206855815015009,
            "jd": 2459718.7068519,
            "ra": 164.4646409,
            "dec": 21.0566234,
            "fid": 2,
            "nid": 1964,
            "magpsf": 18.520999908447266,
            "sigmapsf": 0.07063800096511841,
            "magnr": 22.582000732421875,
            "sigmagnr": 0.210999995470047,
            "magzpsci": 26.22599983215332,
            "isdiffpos": "t",
            "ssdistnr": null,
            "ssnamenr": null,
            "drb": null
        },
        {
            "candid": 1964238515815015017,
            "jd": 2459718.7385185,
            "ra": 164.4646429,
            "dec": 21.0566358,
            "fid": 2,
            "nid": 1964,
            "magpsf": 18.596200942993164,
            "sigmapsf": 0.09472700208425522,
            "magnr": 22.582000732421875,
            "sigmagnr": 0.210999995470047,
            "magzpsci": 26.217199325561523,
            "isdiffpos": "t",
            "ssdistnr": null,
            "ssnamenr": null,
            "drb": null
        },
        {
            "candid": 1969178115815015012,
            "jd": 2459723.6781134,
            "ra": 164.4646102,
            "dec": 21.0566123,
            "fid": 2,
            "nid": 1969,
            "magpsf": 18.694000244140625,
            "sigmapsf": 0.07572700083255768,
            "magnr": 22.582000732421875,
            "sigmagnr": 0.210999995470047,
            "magzpsci": 26.17300033569336,
            "isdiffpos": "t",
            "ssdistnr": null,
            "ssnamenr": null,
            "drb": null
        },
        {
            "candid": 1969234275815015019,
            "jd": 2459723.7342708,
            "ra": 164.464698,
            "dec": 21.0565714,
            "fid": 1,
            "nid": 1969,
            "magpsf": 19.438100814819336,
            "sigmapsf": 0.1629129946231842,
            "magnr": 22.270000457763672,
            "sigmagnr": 0.210999995470047,
            "magzpsci": 26.16309928894043,
            "isdiffpos": "t",
            "ssdistnr": null,
            "ssnamenr": null,
            "drb": null
        },
        {
            "candid": 1972237035815015014,
            "jd": 2459726.737037,
            "ra": 164.4646331,
            "dec": 21.0566184,
            "fid": 1,
            "nid": 1972,
            "magpsf": 19.814800262451172,
            "sigmapsf": 0.23151299357414246,
            "magnr": 22.270000457763672,
            "sigmagnr": 0.210999995470047,
            "magzpsci": 26.32379913330078,
            "isdiffpos": "t",
            "ssdistnr": null,
            "ssnamenr": null,
            "drb": null
        },
        {
            "candid": 1977193365815015013,
            "jd": 2459731.6933681,
            "ra": 164.464676,
            "dec": 21.0565405,
            "fid": 1,
            "nid": 1977,
            "magpsf": 19.906299591064453,
            "sigmapsf": 0.19301800429821014,
            "magnr": 22.270000457763672,
            "sigmagnr": 0.210999995470047,
            "magzpsci": 26.332300186157227,
            "isdiffpos": "t",
            "ssdistnr": null,
            "ssnamenr": null,
            "drb": null
        },
        {
            "candid": 1977238555815015006,
            "jd": 2459731.7385532,
            "ra": 164.4646101,
            "dec": 21.0566404,
            "fid": 2,
            "nid": 1977,
            "magpsf": 18.841699600219727,
            "sigmapsf": 0.11204300075769424,
            "magnr": 22.582000732421875,
            "sigmagnr": 0.210999995470047,
            "magzpsci": 26.205699920654297,
            "isdiffpos": "t",
            "ssdistnr": null,
            "ssnamenr": null,
            "drb": null
        },
        {
            "candid": 1979223735815015017,
            "jd": 2459733.7237384,
            "ra": 164.4646792,
            "dec": 21.0565599,
            "fid": 2,
            "nid": 1979,
            "magpsf": 18.878700256347656,
            "sigmapsf": 0.09969499707221985,
            "magnr": 22.582000732421875,
            "sigmagnr": 0.210999995470047,
            "magzpsci": 26.25469970703125,
            "isdiffpos": "t",
            "ssdistnr": null,
            "ssnamenr": null,
            "drb": null
        },
        {
            "candid": 1981238845815015013,
            "jd": 2459735.7388426,
            "ra": 164.4646337,
            "dec": 21.0566014,
            "fid": 2,
            "nid": 1981,
            "magpsf": 18.96339988708496,
            "sigmapsf": 0.12354599684476852,
            "magnr": 22.582000732421875,
            "sigmagnr": 0.210999995470047,
            "magzpsci": 26.20639991760254,
            "isdiffpos": "t",
            "ssdistnr": null,
            "ssnamenr": null,
            "drb": null
        },
        {
            "candid": 1985238205815015004,
            "jd": 2459739.738206,
            "ra": 164.4646327,
            "dec": 21.0565848,
            "fid": 2,
            "nid": 1985,
            "magpsf": 19.188430786132812,
            "sigmapsf": 0.12684699892997742,
            "magnr": 22.582000732421875,
            "sigmagnr": 0.210999995470047,
            "magzpsci": 26.20842933654785,
            "isdiffpos": "t",
            "ssdistnr": -999.0,
            "ssnamenr": "null",
            "drb": null
        },
        {
            "jd": 2459671.8201968,
            "fid": 2,
            "diffmaglim": 20.66309928894043
        },
        {
            "jd": 2459671.9013542,
            "fid": 1,
            "diffmaglim": 20.603599548339844
        },
        {
            "jd": 2459674.8048958,
            "fid": 2,
            "diffmaglim": 20.527000427246094
        },
        {
            "jd": 2459676.8534259,
            "fid": 2,
            "diffmaglim": 19.800399780273438
        },
        {
            "jd": 2459678.7346296,
            "fid": 2,
            "diffmaglim": 20.32360076904297
        },
        {
            "jd": 2459678.8122338,
            "fid": 1,
            "diffmaglim": 20.2677001953125
        },
        {
            "jd": 2459680.7473264,
            "fid": 2,
            "diffmaglim": 19.53059959411621
        },
        {
            "jd": 2459684.7784144,
            "fid": 1,
            "diffmaglim": 19.109600067138672
        },
        {
            "jd": 2459684.820787,
            "fid": 2,
            "diffmaglim": 19.180599212646484
        },
        {
            "jd": 2459687.7613773,
            "fid": 1,
            "diffmaglim": 19.65169906616211
        },
        {
            "jd": 2459687.8530556,
            "fid": 2,
            "diffmaglim": 19.432600021362305
        },
        {
            "jd": 2459726.6829051,
            "fid": 2,
            "diffmaglim": 20.62470054626465
        }
    ],
    "forcedphot": []
}