{
    "objectId": "ZTF23aawmuis",
    "candidates": [
        {
            "candid": 2410286124115015000,
            "jd": 2460164.7861227,
            "ra": 280.4998356,
            "dec": 35.1155699,
            "fid": 2,
            "nid": 2410,
            "magpsf": 20.16990089416504,
            "sigmapsf": 0.17584599554538727,
            "magnr": 19.65999984741211,
            "sigmagnr": 0.14800000190734863,
            "magzpsci": 26.394899368286133,
            "isdiffpos": "t",
            "ssdistnr": null,
            "ssnamenr": null,
            "drb": 0.9965813159942627
        },
        {
            "candid": 2415296844115015000,
            "jd": 2460169.7968403,
            "ra": 280.4999111,
            "dec": 35.1154967,
            "fid": 2,
            "nid": 2415,
            "magpsf": 19.363500595092773,
            "sigmapsf": 0.11361400038003922,
            "magnr": 19.65999984741211,
            "sigmagnr": 0.14800000190734863,
            "magzpsci": 26.41349983215332,
            "isdiffpos": "t",
            "ssdistnr": null,
            "ssnamenr": null,
            "drb": null
        },
        {
            "candid": 2417235184115015000,
            "jd": 2460171.7351852,
            "ra": 280.4998779,
            "dec": 35.1155463,
            "fid": 2,
            "nid": 2417,
            "magpsf": 19.168500900268555,
            "sigmapsf": 0.1015390008687973,
            "magnr": 19.65999984741211,
            "sigmagnr": 0.14800000190734863,
            "magzpsci": 26.409500122070312,
            "isdiffpos": "t",
            "ssdistnr": null,
            "ssnamenr": null,
            "drb": null
        },
        {
            "candid": 2417331924115015000,
            "jd": 2460171.8319213,
            "ra": 280.49998,
            "dec": 35.1156068,
            "fid": 1,
            "nid": 2417,
            "magpsf": 19.214399337768555,
            "sigmapsf": 0.09195499867200851,
            "magnr": 18.472999572753906,
            "sigmagnr": 0.04500000178813934,
            "magzpsci": 26.330400466918945,
            "isdiffpos": "t",
            "ssdistnr": null,
            "ssnamenr": null,
            "drb": null
        },
        {
            "candid": 2419214444115015000,
            "jd": 2460173.7144444,
            "ra": 280.499908,
            "dec": 35.1155475,
            "fid": 1,
            "nid": 2419,
            "magpsf": 19.136499404907227,
            "sigmapsf": 0.1109130010008812,
            "magnr": 18.472999572753906,
            "sigmagnr": 0.04500000178813934,
            "magzpsci": 26.366500854492188,
            "isdiffpos": "t",
            "ssdistnr": null,
            "ssnamenr": null,
            "drb": null
        },
        {
            "candid": 2419241154115015003,
            "jd": 2460173.7411574,
            "ra": 280.4999129,
            "dec": 35.115536,
            "fid": 2,
            "nid": 2419,
            "magpsf": 19.088499069213867,
            "sigmapsf": 0.09766300022602081,
            "magnr": 19.65999984741211,
            "sigmagnr": 0.14800000190734863,
            "magzpsci": 26.41349983215332,
            "isdiffpos": "t",
            "ssdistnr": null,
            "ssnamenr": null,
            "drb": null
        },
        {
            "candid": 2424205644115015001,
            "jd": 2460178.7056481,
            "ra": 280.4999047,
            "dec": 35.1155288,
            "fid": 1,
            "nid": 2424,
            "magpsf": 19.3164005279541,
            "sigmapsf": 0.1064860001206398,
            "magnr": 18.472999572753906,
            "sigmagnr": 0.04500000178813934,
            "magzpsci": 26.390399932861328,
            "isdiffpos": "t",
            "ssdistnr": null,
            "ssnamenr": null,
            "drb": null
        },
        {
            "candid": 2428235084115015001,
            "jd": 2460182.735081,
            "ra": 280.4998956,
            "dec": 35.1155822,
            "fid": 1,
            "nid": 2428,
            "magpsf": 19.88279914855957,
            "sigmapsf": 0.16695000231266022,
            "magnr": 18.472999572753906,
            "sigmagnr": 0.04500000178813934,
            "magzpsci": 26.40180015563965,
            "isdiffpos": "t",
            "ssdistnr": null,
            "ssnamenr": null,
            "drb": null
        },
        {
            "candid": 2430180624115015001,
            "jd": 2460184.680625,
            "ra": 280.4999611,
            "dec": 35.1154959,
            "fid": 2,
            "nid": 2430,
            "magpsf": 19.279300689697266,
            "sigmapsf": 0.16361799836158752,
            "magnr": 19.65999984741211,
            "sigmagnr": 0.14800000190734863,
            "magzpsci": 26.426300048828125,
            "isdiffpos": "t",
            "ssdistnr": null,
            "ssnamenr": null,
            "drb": null
        },
        {
            "candid": 2439245714115015002,
            "jd": 2460193.7457176,
            "ra": 280.5000495,
            "dec": 35.1154376,
            "fid": 1,
            "nid": 2439,
            "magpsf": 20.852699279785156,
            "sigmapsf": 0.3296689987182617,
            "magnr": 18.472999572753906,
            "sigmagnr": 0.04500000178813934,
            "magzpsci": 26.34269905090332,
            "isdiffpos": "t",
            "ssdistnr": null,
            "ssnamenr": null,
            "drb": null
        },
        {
            "candid": 2439263644115015000,
            "jd": 2460193.7636458,
            "ra": 280.4999618,
            "dec": 35.1155455,
            "fid": 2,
            "nid": 2439,
            "magpsf": 19.811500549316406,
            "sigmapsf": 0.13496099412441254,
            "magnr": 19.65999984741211,
            "sigmagnr": 0.14800000190734863,
            "magzpsci": 26.39349937438965,
            "isdiffpos": "t",
            "ssdistnr": null,
            "ssnamenr": null,
            "drb": null
        },
        {
            "candid": 2441166504115015002,
            "jd": 2460195.6665046,
            "ra": 280.4998817,
            "dec": 35.1156294,
            "fid": 1,
            "nid": 2441,
            "magpsf": 20.800100326538086,
            "sigmapsf": 0.3762510120868683,
            "magnr": 18.472999572753906,
            "sigmagnr": 0.04500000178813934,
            "magzpsci": 26.309099197387695,
            "isdiffpos": "t",
            "ssdistnr": null,
            "ssnamenr": null,
            "drb": null
        },
        {
            "candid": 2441216314115015001,
            "jd": 2460195.7163194,
            "ra": 280.4999165,
            "dec": 35.115596,
            "fid": 2,
            "nid": 2441,
            "magpsf": 19.78745460510254,
            "sigmapsf": 0.14239676296710968,
            "magnr": 19.65999984741211,
            "sigmagnr": 0.14800000190734863,
            "magzpsci": 26.38045310974121,
            "isdiffpos": "t",
            "ssdistnr": -999.0,
            "ssnamenr": "null",
            "drb": null
        },
        {
            "candid": 2441216314115025001,
            "jd": 2460195.7163194,
            "ra": 280.4999165,
            "dec": 35.115596,
            "fid": 2,
            "nid": 2441,
            "magpsf": 19.787500381469727,
            "sigmapsf": 0.14239700138568878,
            "magnr": 19.65999984741211,
            "sigmagnr": 0.14800000190734863,
            "magzpsci": 26.38050079345703,
            "isdiffpos": "t",
            "ssdistnr": null,
            "ssnamenr": null,
            "drb": null
        },
        {
            "candid": 2449204914115015001,
            "jd": 2460203.704919,
            "ra": 280.4999204,
            "dec": 35.1155227,
            "fid": 2,
            "nid": 2449,
            "magpsf": 20.38610076904297,
            "sigmapsf": 0.20207799971103668,
            "magnr": 19.65999984741211,
            "sigmagnr": 0.14800000190734863,
            "magzpsci": 26.409099578857422,
            "isdiffpos": "t",
            "ssdistnr": null,
            "ssnamenr": null,
            "drb": null
        },
        {
            "candid": 2451175134115015000,
            "jd": 2460205.6751389,
            "ra": 280.4999031,
            "dec": 35.1155481,
            "fid": 2,
            "nid": 2451,
            "magpsf": 20.49637794494629,
            "sigmapsf": 0.17715542018413544,
            "magnr": 19.65999984741211,
            "sigmagnr": 0.14800000190734863,
            "magzpsci": 26.430376052856445,
            "isdiffpos": "t",
            "ssdistnr": -999.0,
            "ssnamenr": "null",
            "drb": null
        },
        {
            "jd": 2460134.8737384,
            "fid": 1,
            "diffmaglim": 20.532899856567383
        },
        {
            "jd": 2460134.9276852,
            "fid": 2,
            "diffmaglim": 20.68280029296875
        },
        {
            "jd": 2460136.8534144,
            "fid": 1,
            "diffmaglim": 20.74489974975586
        },
        {
            "jd": 2460138.869213,
            "fid": 2,
            "diffmaglim": 20.673500061035156
        },
        {
            "jd": 2460138.8878819,
            "fid": 1,
            "diffmaglim": 20.543699264526367
        },
        {
            "jd": 2460140.850162,
            "fid": 1,
            "diffmaglim": 20.885799407958984
        },
        {
            "jd": 2460140.8603935,
            "fid": 1,
            "diffmaglim": 20.851900100708008
        },
        {
            "jd": 2460143.8577662,
            "fid": 2,
            "diffmaglim": 20.809499740600586
        },
        {
            "jd": 2460143.9064352,
            "fid": 1,
            "diffmaglim": 20.53350067138672
        },
        {
            "jd": 2460145.7992477,
            "fid": 2,
            "diffmaglim": 20.844999313354492
        },
        {
            "jd": 2460145.836956,
            "fid": 1,
            "diffmaglim": 20.87179946899414
        },
        {
            "jd": 2460147.7893634,
            "fid": 2,
            "diffmaglim": 20.70330047607422
        },
        {
            "jd": 2460147.8203009,
            "fid": 1,
            "diffmaglim": 20.693599700927734
        },
        {
            "jd": 2460149.8502778,
            "fid": 1,
            "diffmaglim": 20.74180030822754
        },
        {
            "jd": 2460149.8837153,
            "fid": 2,
            "diffmaglim": 20.747800827026367
        },
        {
            "jd": 2460151.8521065,
            "fid": 1,
            "diffmaglim": 20.79400062561035
        },
        {
            "jd": 2460151.8781944,
            "fid": 2,
            "diffmaglim": 20.77720069885254
        },
        {
            "jd": 2460153.7599769,
            "fid": 2,
            "diffmaglim": 20.409799575805664
        },
        {
            "jd": 2460155.816956,
            "fid": 2,
            "diffmaglim": 20.287900924682617
        },
        {
            "jd": 2460155.9530787,
            "fid": 1,
            "diffmaglim": 20.172300338745117
        },
        {
            "jd": 2460159.7627083,
            "fid": 2,
            "diffmaglim": 20.11039924621582
        },
        {
            "jd": 2460159.7952778,
            "fid": 1,
            "diffmaglim": 19.834299087524414
        },
        {
            "jd": 2460161.8673843,
            "fid": 2,
            "diffmaglim": 20.42799949645996
        },
        {
            "jd": 2460161.8897454,
            "fid": 1,
            "diffmaglim": 19.87649917602539
        },
        {
            "jd": 2460169.8417361,
            "fid": 1,
            "diffmaglim": 18.486000061035156
        },
        {
            "jd": 2460182.8011343,
            "fid": 2,
            "diffmaglim": 20.1825008392334
        },
        {
            "jd": 2460184.7415509,
            "fid": 1,
            "diffmaglim": 19.865400314331055
        },
        {
            "jd": 2460186.7008796,
            "fid": 1,
            "diffmaglim": 19.748699188232422
        },
        {
            "jd": 2460186.7473958,
            "fid": 2,
            "diffmaglim": 20.049299240112305
        },
        {
            "jd": 2460188.6805903,
            "fid": 1,
            "diffmaglim": 16.2362003326416
        },
        {
            "jd": 2460198.6724421,
            "fid": 2,
            "diffmaglim": 20.67650032043457
        },
        {
            "jd": 2460198.725544,
            "fid": 1,
            "diffmaglim": 20.626300811767578
        },
        {
            "jd": 2460201.6564583,
            "fid": 2,
            "diffmaglim": 20.816099166870117
        },
        {
            "jd": 2460201.6976273,
            "fid": 1,
            "diffmaglim": 20.791799545288086
        },
        {
            "jd": 2460203.6758681,
            "fid": 1,
            "diffmaglim": 20.78459930419922
        },
        {
            "jd": 2460205.6425579,
            "fid": 1,
            "diffmaglim": 20.935199737548828
        }
    ],
    "forcedphot": []
}