{
    "objectId": "ZTF20abnwldu",
    "candidates": [
        {
            "candid": 1297452064715015013,
            "jd": 2459051.9520602,
            "ra": 5.6270523,
            "dec": 26.7023271,
            "fid": 1,
            "nid": 1297,
            "magpsf": 21.233299255371094,
            "sigmapsf": 0.2922300100326538,
            "magnr": 20.875,
            "sigmagnr": 0.08900000154972076,
            "magzpsci": 26.362300872802734,
            "isdiffpos": "t",
            "ssdistnr": -999.0,
            "ssnamenr": "-999.0",
            "drb": null
        },
        {
            "candid": 1298484394715015011,
            "jd": 2459052.9843981,
            "ra": 5.6268565,
            "dec": 26.7023025,
            "fid": 1,
            "nid": 1298,
            "magpsf": 21.078100204467773,
            "sigmapsf": 0.2991830110549927,
            "magnr": 20.875,
            "sigmagnr": 0.08900000154972076,
            "magzpsci": 26.412099838256836,
            "isdiffpos": "t",
            "ssdistnr": -999.0,
            "ssnamenr": "-999.0",
            "drb": null
        },
        {
            "candid": 1300394744715015005,
            "jd": 2459054.8947454,
            "ra": 5.626822,
            "dec": 26.7023967,
            "fid": 2,
            "nid": 1300,
            "magpsf": 20.440900802612305,
            "sigmapsf": 0.1522350013256073,
            "magnr": 20.402000427246094,
            "sigmagnr": 0.08500000089406967,
            "magzpsci": 26.325899124145508,
            "isdiffpos": "t",
            "ssdistnr": -999.0,
            "ssnamenr": "null",
            "drb": 0.9999499917030334
        },
        {
            "candid": 1300434224715015008,
            "jd": 2459054.9342245,
            "ra": 5.6268041,
            "dec": 26.7023717,
            "fid": 2,
            "nid": 1300,
            "magpsf": 20.407400131225586,
            "sigmapsf": 0.15008500218391418,
            "magnr": 20.402000427246094,
            "sigmagnr": 0.08500000089406967,
            "magzpsci": 26.33839988708496,
            "isdiffpos": "t",
            "ssdistnr": -999.0,
            "ssnamenr": "null",
            "drb": 0.9999690055847168
        },
        {
            "candid": 1300477294715015007,
            "jd": 2459054.9772917,
            "ra": 5.626838,
            "dec": 26.7023538,
            "fid": 1,
            "nid": 1300,
            "magpsf": 20.17609977722168,
            "sigmapsf": 0.1669519990682602,
            "magnr": 20.875,
            "sigmagnr": 0.08900000154972076,
            "magzpsci": 26.40410041809082,
            "isdiffpos": "t",
            "ssdistnr": -999.0,
            "ssnamenr": "null",
            "drb": 0.9999979734420776
        },
        {
            "candid": 1301496624715015004,
            "jd": 2459055.9966204,
            "ra": 5.6267832,
            "dec": 26.7024052,
            "fid": 2,
            "nid": 1301,
            "magpsf": 20.08989906311035,
            "sigmapsf": 0.17048299312591553,
            "magnr": 20.402000427246094,
            "sigmagnr": 0.08500000089406967,
            "magzpsci": 26.338899612426758,
            "isdiffpos": "t",
            "ssdistnr": -999.0,
            "ssnamenr": "null",
            "drb": 0.9999610185623169
        },
        {
            "candid": 1302481604715015012,
            "jd": 2459056.9816088,
            "ra": 5.6268234,
            "dec": 26.7023569,
            "fid": 2,
            "nid": 1302,
            "magpsf": 19.85420036315918,
            "sigmapsf": 0.12008500099182129,
            "magnr": 20.402000427246094,
            "sigmagnr": 0.08500000089406967,
            "magzpsci": 26.338199615478516,
            "isdiffpos": "t",
            "ssdistnr": -999.0,
            "ssnamenr": "null",
            "drb": 0.9999939799308777
        },
        {
            "candid": 1303434154715015013,
            "jd": 2459057.9341551,
            "ra": 5.6268294,
            "dec": 26.7023548,
            "fid": 1,
            "nid": 1303,
            "magpsf": 19.634700775146484,
            "sigmapsf": 0.08815000206232071,
            "magnr": 20.875,
            "sigmagnr": 0.08900000154972076,
            "magzpsci": 26.37969970703125,
            "isdiffpos": "t",
            "ssdistnr": -999.0,
            "ssnamenr": "null",
            "drb": 1.0
        },
        {
            "candid": 1303440554715015009,
            "jd": 2459057.9405556,
            "ra": 5.6268159,
            "dec": 26.702363,
            "fid": 2,
            "nid": 1303,
            "magpsf": 19.795499801635742,
            "sigmapsf": 0.10464499890804291,
            "magnr": 20.402000427246094,
            "sigmagnr": 0.08500000089406967,
            "magzpsci": 26.33650016784668,
            "isdiffpos": "t",
            "ssdistnr": -999.0,
            "ssnamenr": "null",
            "drb": 0.9962589740753174
        },
        {
            "candid": 1306432474715015004,
            "jd": 2459060.9324769,
            "ra": 5.6268095,
            "dec": 26.7023583,
            "fid": 2,
            "nid": 1306,
            "magpsf": 19.47599983215332,
            "sigmapsf": 0.08424299955368042,
            "magnr": 20.402000427246094,
            "sigmagnr": 0.08500000089406967,
            "magzpsci": 26.33300018310547,
            "isdiffpos": "t",
            "ssdistnr": -999.0,
            "ssnamenr": "null",
            "drb": 1.0
        },
        {
            "candid": 1306442904715015008,
            "jd": 2459060.9429051,
            "ra": 5.6268301,
            "dec": 26.7023646,
            "fid": 2,
            "nid": 1306,
            "magpsf": 19.50040054321289,
            "sigmapsf": 0.09027399867773056,
            "magnr": 20.402000427246094,
            "sigmagnr": 0.08500000089406967,
            "magzpsci": 26.330400466918945,
            "isdiffpos": "t",
            "ssdistnr": -999.0,
            "ssnamenr": "null",
            "drb": 0.9999979734420776
        },
        {
            "candid": 1306465464715015013,
            "jd": 2459060.965463,
            "ra": 5.6268334,
            "dec": 26.7023529,
            "fid": 1,
            "nid": 1306,
            "magpsf": 19.31839942932129,
            "sigmapsf": 0.09134799987077713,
            "magnr": 20.875,
            "sigmagnr": 0.08900000154972076,
            "magzpsci": 26.372400283813477,
            "isdiffpos": "t",
            "ssdistnr": -999.0,
            "ssnamenr": "null",
            "drb": 1.0
        },
        {
            "candid": 1309354314715015005,
            "jd": 2459063.8543171,
            "ra": 5.6268202,
            "dec": 26.702296,
            "fid": 2,
            "nid": 1309,
            "magpsf": 19.354299545288086,
            "sigmapsf": 0.15248699486255646,
            "magnr": 20.402000427246094,
            "sigmagnr": 0.08500000089406967,
            "magzpsci": 26.310300827026367,
            "isdiffpos": "t",
            "ssdistnr": -999.0,
            "ssnamenr": "null",
            "drb": 0.9996749758720398
        },
        {
            "candid": 1309413324715015011,
            "jd": 2459063.9133218,
            "ra": 5.626818,
            "dec": 26.7023746,
            "fid": 2,
            "nid": 1309,
            "magpsf": 19.364099502563477,
            "sigmapsf": 0.11601100116968155,
            "magnr": 20.402000427246094,
            "sigmagnr": 0.08500000089406967,
            "magzpsci": 26.339099884033203,
            "isdiffpos": "t",
            "ssdistnr": -999.0,
            "ssnamenr": "-999.0",
            "drb": null
        },
        {
            "candid": 1309461424715015012,
            "jd": 2459063.9614236,
            "ra": 5.6268263,
            "dec": 26.7023763,
            "fid": 1,
            "nid": 1309,
            "magpsf": 19.15920066833496,
            "sigmapsf": 0.09601899981498718,
            "magnr": 20.875,
            "sigmagnr": 0.08900000154972076,
            "magzpsci": 26.386199951171875,
            "isdiffpos": "t",
            "ssdistnr": -999.0,
            "ssnamenr": "null",
            "drb": 0.9999989867210388
        },
        {
            "candid": 1310366684715015005,
            "jd": 2459064.8666898,
            "ra": 5.626875,
            "dec": 26.7023157,
            "fid": 2,
            "nid": 1310,
            "magpsf": 19.31999969482422,
            "sigmapsf": 0.1543090045452118,
            "magnr": 20.402000427246094,
            "sigmagnr": 0.08500000089406967,
            "magzpsci": 26.32699966430664,
            "isdiffpos": "t",
            "ssdistnr": -999.0,
            "ssnamenr": "null",
            "drb": 0.9999359846115112
        },
        {
            "candid": 1311387014715015001,
            "jd": 2459065.8870139,
            "ra": 5.6268292,
            "dec": 26.7024014,
            "fid": 2,
            "nid": 1311,
            "magpsf": 19.134000778198242,
            "sigmapsf": 0.1661040037870407,
            "magnr": 20.402000427246094,
            "sigmagnr": 0.08500000089406967,
            "magzpsci": 26.298999786376953,
            "isdiffpos": "t",
            "ssdistnr": -999.0,
            "ssnamenr": "null",
            "drb": 0.9999920129776001
        },
        {
            "candid": 1312420054715015001,
            "jd": 2459066.9200579,
            "ra": 5.6268455,
            "dec": 26.7023265,
            "fid": 1,
            "nid": 1312,
            "magpsf": 19.170499801635742,
            "sigmapsf": 0.12987400591373444,
            "magnr": 20.875,
            "sigmagnr": 0.08900000154972076,
            "magzpsci": 26.36549949645996,
            "isdiffpos": "t",
            "ssdistnr": -999.0,
            "ssnamenr": "null",
            "drb": 0.9999989867210388
        },
        {
            "candid": 1315381344715015002,
            "jd": 2459069.8813426,
            "ra": 5.6268112,
            "dec": 26.7023556,
            "fid": 1,
            "nid": 1315,
            "magpsf": 19.055200576782227,
            "sigmapsf": 0.10019300132989883,
            "magnr": 20.875,
            "sigmagnr": 0.08900000154972076,
            "magzpsci": 26.379199981689453,
            "isdiffpos": "t",
            "ssdistnr": -999.0,
            "ssnamenr": "null",
            "drb": 1.0
        },
        {
            "candid": 1315426874715015008,
            "jd": 2459069.926875,
            "ra": 5.626836,
            "dec": 26.702391,
            "fid": 2,
            "nid": 1315,
            "magpsf": 19.17959976196289,
            "sigmapsf": 0.09230799973011017,
            "magnr": 20.402000427246094,
            "sigmagnr": 0.08500000089406967,
            "magzpsci": 26.351600646972656,
            "isdiffpos": "t",
            "ssdistnr": -999.0,
            "ssnamenr": "null",
            "drb": 0.999468982219696
        },
        {
            "candid": 1317482234715015006,
            "jd": 2459071.9822338,
            "ra": 5.6268301,
            "dec": 26.7023825,
            "fid": 1,
            "nid": 1317,
            "magpsf": 19.212299346923828,
            "sigmapsf": 0.1053130030632019,
            "magnr": 20.875,
            "sigmagnr": 0.08900000154972076,
            "magzpsci": 26.38129997253418,
            "isdiffpos": "t",
            "ssdistnr": -999.0,
            "ssnamenr": "null",
            "drb": 0.999796986579895
        },
        {
            "candid": 1318376784715015007,
            "jd": 2459072.8767824,
            "ra": 5.6268367,
            "dec": 26.7023709,
            "fid": 1,
            "nid": 1318,
            "magpsf": 19.30579948425293,
            "sigmapsf": 0.09918300062417984,
            "magnr": 20.875,
            "sigmagnr": 0.08900000154972076,
            "magzpsci": 26.346799850463867,
            "isdiffpos": "t",
            "ssdistnr": -999.0,
            "ssnamenr": "null",
            "drb": 0.9999979734420776
        },
        {
            "candid": 1318455414715015004,
            "jd": 2459072.9554167,
            "ra": 5.6268352,
            "dec": 26.7023412,
            "fid": 1,
            "nid": 1318,
            "magpsf": 19.237199783325195,
            "sigmapsf": 0.07475800067186356,
            "magnr": 20.875,
            "sigmagnr": 0.08900000154972076,
            "magzpsci": 26.373199462890625,
            "isdiffpos": "t",
            "ssdistnr": -999.0,
            "ssnamenr": "null",
            "drb": 1.0
        },
        {
            "candid": 1318478584715015007,
            "jd": 2459072.978588,
            "ra": 5.6268089,
            "dec": 26.702377,
            "fid": 2,
            "nid": 1318,
            "magpsf": 19.3351993560791,
            "sigmapsf": 0.10543899983167648,
            "magnr": 20.402000427246094,
            "sigmagnr": 0.08500000089406967,
            "magzpsci": 26.325199127197266,
            "isdiffpos": "t",
            "ssdistnr": -999.0,
            "ssnamenr": "null",
            "drb": 0.9999899864196777
        },
        {
            "candid": 1319383424715015005,
            "jd": 2459073.8834259,
            "ra": 5.6268688,
            "dec": 26.7023433,
            "fid": 1,
            "nid": 1319,
            "magpsf": 19.28580093383789,
            "sigmapsf": 0.10725200176239014,
            "magnr": 20.875,
            "sigmagnr": 0.08900000154972076,
            "magzpsci": 26.369800567626953,
            "isdiffpos": "t",
            "ssdistnr": -999.0,
            "ssnamenr": "null",
            "drb": 0.9999989867210388
        },
        {
            "candid": 1319484304715015008,
            "jd": 2459073.9843056,
            "ra": 5.6268409,
            "dec": 26.7023436,
            "fid": 2,
            "nid": 1319,
            "magpsf": 19.250499725341797,
            "sigmapsf": 0.10205300152301788,
            "magnr": 20.402000427246094,
            "sigmagnr": 0.08500000089406967,
            "magzpsci": 26.308500289916992,
            "isdiffpos": "t",
            "ssdistnr": -999.0,
            "ssnamenr": "null",
            "drb": 0.9996740221977234
        },
        {
            "candid": 1320386684715015007,
            "jd": 2459074.8866898,
            "ra": 5.6267906,
            "dec": 26.7023418,
            "fid": 2,
            "nid": 1320,
            "magpsf": 19.187000274658203,
            "sigmapsf": 0.2049970030784607,
            "magnr": 20.402000427246094,
            "sigmagnr": 0.08500000089406967,
            "magzpsci": 25.03700065612793,
            "isdiffpos": "t",
            "ssdistnr": -999.0,
            "ssnamenr": "null",
            "drb": 0.9996650218963623
        },
        {
            "candid": 1320463404715015018,
            "jd": 2459074.9634028,
            "ra": 5.6268448,
            "dec": 26.7023525,
            "fid": 1,
            "nid": 1320,
            "magpsf": 19.363100051879883,
            "sigmapsf": 0.15434500575065613,
            "magnr": 20.875,
            "sigmagnr": 0.08900000154972076,
            "magzpsci": 25.512100219726562,
            "isdiffpos": "t",
            "ssdistnr": -999.0,
            "ssnamenr": "null",
            "drb": 0.9999359846115112
        },
        {
            "candid": 1321378584715015013,
            "jd": 2459075.878588,
            "ra": 5.6268428,
            "dec": 26.7023778,
            "fid": 1,
            "nid": 1321,
            "magpsf": 19.322399139404297,
            "sigmapsf": 0.11717800050973892,
            "magnr": 20.875,
            "sigmagnr": 0.08900000154972076,
            "magzpsci": 26.266399383544922,
            "isdiffpos": "t",
            "ssdistnr": -999.0,
            "ssnamenr": "null",
            "drb": 0.9999989867210388
        },
        {
            "candid": 1321379064715015007,
            "jd": 2459075.8790625,
            "ra": 5.6268292,
            "dec": 26.702348,
            "fid": 1,
            "nid": 1321,
            "magpsf": 19.29949951171875,
            "sigmapsf": 0.10231500118970871,
            "magnr": 20.875,
            "sigmagnr": 0.08900000154972076,
            "magzpsci": 26.26849937438965,
            "isdiffpos": "t",
            "ssdistnr": -999.0,
            "ssnamenr": "null",
            "drb": 1.0
        },
        {
            "candid": 1321462324715015016,
            "jd": 2459075.9623264,
            "ra": 5.626822,
            "dec": 26.7023656,
            "fid": 2,
            "nid": 1321,
            "magpsf": 19.216100692749023,
            "sigmapsf": 0.09098400175571442,
            "magnr": 20.402000427246094,
            "sigmagnr": 0.08500000089406967,
            "magzpsci": 26.2721004486084,
            "isdiffpos": "t",
            "ssdistnr": -999.0,
            "ssnamenr": "null",
            "drb": 0.9999849796295166
        },
        {
            "candid": 1322364714715015009,
            "jd": 2459076.8647106,
            "ra": 5.6268333,
            "dec": 26.702373,
            "fid": 2,
            "nid": 1322,
            "magpsf": 19.356800079345703,
            "sigmapsf": 0.10385800153017044,
            "magnr": 20.402000427246094,
            "sigmagnr": 0.08500000089406967,
            "magzpsci": 26.24880027770996,
            "isdiffpos": "t",
            "ssdistnr": -999.0,
            "ssnamenr": "null",
            "drb": 0.9999520182609558
        },
        {
            "candid": 1322441674715015008,
            "jd": 2459076.9416782,
            "ra": 5.6268731,
            "dec": 26.7023706,
            "fid": 1,
            "nid": 1322,
            "magpsf": 19.369199752807617,
            "sigmapsf": 0.10474500060081482,
            "magnr": 20.875,
            "sigmagnr": 0.08900000154972076,
            "magzpsci": 26.318199157714844,
            "isdiffpos": "t",
            "ssdistnr": -999.0,
            "ssnamenr": "null",
            "drb": 0.9999989867210388
        },
        {
            "candid": 1322496514715015014,
            "jd": 2459076.9965162,
            "ra": 5.6268564,
            "dec": 26.7023528,
            "fid": 1,
            "nid": 1322,
            "magpsf": 19.393600463867188,
            "sigmapsf": 0.10266999900341034,
            "magnr": 20.875,
            "sigmagnr": 0.08900000154972076,
            "magzpsci": 26.30660057067871,
            "isdiffpos": "t",
            "ssdistnr": -999.0,
            "ssnamenr": "null",
            "drb": 1.0
        },
        {
            "candid": 1323392414715015011,
            "jd": 2459077.892419,
            "ra": 5.6268146,
            "dec": 26.7023632,
            "fid": 1,
            "nid": 1323,
            "magpsf": 19.44499969482422,
            "sigmapsf": 0.09774299710988998,
            "magnr": 20.875,
            "sigmagnr": 0.08900000154972076,
            "magzpsci": 26.302000045776367,
            "isdiffpos": "t",
            "ssdistnr": -999.0,
            "ssnamenr": "null",
            "drb": 0.9999750256538391
        },
        {
            "candid": 1323404254715015007,
            "jd": 2459077.9042593,
            "ra": 5.6268608,
            "dec": 26.7023402,
            "fid": 1,
            "nid": 1323,
            "magpsf": 19.41900062561035,
            "sigmapsf": 0.11105000227689743,
            "magnr": 20.875,
            "sigmagnr": 0.08900000154972076,
            "magzpsci": 26.31599998474121,
            "isdiffpos": "t",
            "ssdistnr": -999.0,
            "ssnamenr": "null",
            "drb": 1.0
        },
        {
            "candid": 1323457284715015010,
            "jd": 2459077.9572801,
            "ra": 5.6268316,
            "dec": 26.702357,
            "fid": 2,
            "nid": 1323,
            "magpsf": 19.38290023803711,
            "sigmapsf": 0.09306000173091888,
            "magnr": 20.402000427246094,
            "sigmagnr": 0.08500000089406967,
            "magzpsci": 26.300899505615234,
            "isdiffpos": "t",
            "ssdistnr": -999.0,
            "ssnamenr": "null",
            "drb": 0.9999960064888
        },
        {
            "candid": 1323469544715015006,
            "jd": 2459077.9695486,
            "ra": 5.6268221,
            "dec": 26.702347,
            "fid": 2,
            "nid": 1323,
            "magpsf": 19.485300064086914,
            "sigmapsf": 0.08508999645709991,
            "magnr": 20.402000427246094,
            "sigmagnr": 0.08500000089406967,
            "magzpsci": 26.25029945373535,
            "isdiffpos": "t",
            "ssdistnr": -999.0,
            "ssnamenr": "null",
            "drb": 0.9999949932098389
        },
        {
            "candid": 1324404344715015013,
            "jd": 2459078.9043403,
            "ra": 5.6268587,
            "dec": 26.7023649,
            "fid": 1,
            "nid": 1324,
            "magpsf": 19.473400115966797,
            "sigmapsf": 0.11899399757385254,
            "magnr": 20.875,
            "sigmagnr": 0.08900000154972076,
            "magzpsci": 26.175399780273438,
            "isdiffpos": "t",
            "ssdistnr": -999.0,
            "ssnamenr": "null",
            "drb": 1.0
        },
        {
            "candid": 1324404344715025013,
            "jd": 2459078.9043403,
            "ra": 5.6268587,
            "dec": 26.7023649,
            "fid": 1,
            "nid": 1324,
            "magpsf": 19.473400115966797,
            "sigmapsf": 0.11899399757385254,
            "magnr": 20.875,
            "sigmagnr": 0.08900000154972076,
            "magzpsci": 26.175399780273438,
            "isdiffpos": "t",
            "ssdistnr": -999.0,
            "ssnamenr": "-999.0",
            "drb": null
        },
        {
            "candid": 1325399284715015005,
            "jd": 2459079.8992824,
            "ra": 5.6268228,
            "dec": 26.702349,
            "fid": 2,
            "nid": 1325,
            "magpsf": 19.448999404907227,
            "sigmapsf": 0.09544199705123901,
            "magnr": 20.402000427246094,
            "sigmagnr": 0.08500000089406967,
            "magzpsci": 26.246999740600586,
            "isdiffpos": "t",
            "ssdistnr": -999.0,
            "ssnamenr": "null",
            "drb": 0.9996950030326843
        },
        {
            "candid": 1325422924715015006,
            "jd": 2459079.9229282,
            "ra": 5.6268079,
            "dec": 26.7023657,
            "fid": 2,
            "nid": 1325,
            "magpsf": 19.502399444580078,
            "sigmapsf": 0.10757400095462799,
            "magnr": 20.402000427246094,
            "sigmagnr": 0.08500000089406967,
            "magzpsci": 26.234399795532227,
            "isdiffpos": "t",
            "ssdistnr": -999.0,
            "ssnamenr": "null",
            "drb": 0.9999979734420776
        },
        {
            "candid": 1325466154715015011,
            "jd": 2459079.9661574,
            "ra": 5.6268266,
            "dec": 26.7023595,
            "fid": 1,
            "nid": 1325,
            "magpsf": 19.61319923400879,
            "sigmapsf": 0.126801997423172,
            "magnr": 20.875,
            "sigmagnr": 0.08900000154972076,
            "magzpsci": 26.198200225830078,
            "isdiffpos": "t",
            "ssdistnr": -999.0,
            "ssnamenr": "null",
            "drb": 0.9999970197677612
        },
        {
            "candid": 1326343044715015004,
            "jd": 2459080.843044,
            "ra": 5.6268334,
            "dec": 26.7023839,
            "fid": 2,
            "nid": 1326,
            "magpsf": 19.663799285888672,
            "sigmapsf": 0.09746900200843811,
            "magnr": 20.402000427246094,
            "sigmagnr": 0.08500000089406967,
            "magzpsci": 26.183799743652344,
            "isdiffpos": "t",
            "ssdistnr": -999.0,
            "ssnamenr": "null",
            "drb": 0.9999539852142334
        },
        {
            "candid": 1326368494715015010,
            "jd": 2459080.8684954,
            "ra": 5.6268266,
            "dec": 26.7023883,
            "fid": 2,
            "nid": 1326,
            "magpsf": 19.636499404907227,
            "sigmapsf": 0.125109001994133,
            "magnr": 20.402000427246094,
            "sigmagnr": 0.08500000089406967,
            "magzpsci": 26.195499420166016,
            "isdiffpos": "t",
            "ssdistnr": -999.0,
            "ssnamenr": "null",
            "drb": 0.9998630285263062
        },
        {
            "candid": 1326415914715015015,
            "jd": 2459080.9159144,
            "ra": 5.6268487,
            "dec": 26.7023524,
            "fid": 1,
            "nid": 1326,
            "magpsf": 19.74650001525879,
            "sigmapsf": 0.1277489960193634,
            "magnr": 20.875,
            "sigmagnr": 0.08900000154972076,
            "magzpsci": 26.069499969482422,
            "isdiffpos": "t",
            "ssdistnr": -999.0,
            "ssnamenr": "null",
            "drb": 0.9999939799308777
        },
        {
            "candid": 1326417334715015011,
            "jd": 2459080.917338,
            "ra": 5.6268508,
            "dec": 26.7023343,
            "fid": 1,
            "nid": 1326,
            "magpsf": 19.619400024414062,
            "sigmapsf": 0.14123399555683136,
            "magnr": 20.875,
            "sigmagnr": 0.08900000154972076,
            "magzpsci": 26.07040023803711,
            "isdiffpos": "t",
            "ssdistnr": -999.0,
            "ssnamenr": "null",
            "drb": 0.9999970197677612
        },
        {
            "candid": 1327354254715015007,
            "jd": 2459081.8542593,
            "ra": 5.626854,
            "dec": 26.7023509,
            "fid": 1,
            "nid": 1327,
            "magpsf": 19.701200485229492,
            "sigmapsf": 0.12923899292945862,
            "magnr": 20.875,
            "sigmagnr": 0.08900000154972076,
            "magzpsci": 26.073200225830078,
            "isdiffpos": "t",
            "ssdistnr": -999.0,
            "ssnamenr": "null",
            "drb": 0.9999989867210388
        },
        {
            "candid": 1327398434715015007,
            "jd": 2459081.8984375,
            "ra": 5.6268503,
            "dec": 26.7023546,
            "fid": 2,
            "nid": 1327,
            "magpsf": 19.655000686645508,
            "sigmapsf": 0.1494929939508438,
            "magnr": 20.402000427246094,
            "sigmagnr": 0.08500000089406967,
            "magzpsci": 26.18899917602539,
            "isdiffpos": "t",
            "ssdistnr": -999.0,
            "ssnamenr": "-999.0",
            "drb": null
        },
        {
            "candid": 1327421804715015005,
            "jd": 2459081.9218056,
            "ra": 5.6268297,
            "dec": 26.7023916,
            "fid": 2,
            "nid": 1327,
            "magpsf": 19.58209991455078,
            "sigmapsf": 0.1086840033531189,
            "magnr": 20.402000427246094,
            "sigmagnr": 0.08500000089406967,
            "magzpsci": 26.20709991455078,
            "isdiffpos": "t",
            "ssdistnr": -999.0,
            "ssnamenr": "null",
            "drb": 0.9997770190238953
        },
        {
            "candid": 1327465314715015008,
            "jd": 2459081.9653125,
            "ra": 5.6268611,
            "dec": 26.7023529,
            "fid": 1,
            "nid": 1327,
            "magpsf": 19.720399856567383,
            "sigmapsf": 0.11667399853467941,
            "magnr": 20.875,
            "sigmagnr": 0.08900000154972076,
            "magzpsci": 26.1294002532959,
            "isdiffpos": "t",
            "ssdistnr": -999.0,
            "ssnamenr": "null",
            "drb": 1.0
        },
        {
            "candid": 1328377884715015025,
            "jd": 2459082.8778819,
            "ra": 5.626837,
            "dec": 26.7023181,
            "fid": 1,
            "nid": 1328,
            "magpsf": 19.84320068359375,
            "sigmapsf": 0.21262699365615845,
            "magnr": 20.875,
            "sigmagnr": 0.08900000154972076,
            "magzpsci": 25.41320037841797,
            "isdiffpos": "t",
            "ssdistnr": -999.0,
            "ssnamenr": "null",
            "drb": 0.9980419874191284
        },
        {
            "candid": 1328465654715015008,
            "jd": 2459082.9656597,
            "ra": 5.6268148,
            "dec": 26.7023063,
            "fid": 2,
            "nid": 1328,
            "magpsf": 19.74690055847168,
            "sigmapsf": 0.1503099948167801,
            "magnr": 20.402000427246094,
            "sigmagnr": 0.08500000089406967,
            "magzpsci": 26.18790054321289,
            "isdiffpos": "t",
            "ssdistnr": -999.0,
            "ssnamenr": "null",
            "drb": 0.9999949932098389
        },
        {
            "candid": 1330459104715015013,
            "jd": 2459084.9591088,
            "ra": 5.6268272,
            "dec": 26.7023131,
            "fid": 1,
            "nid": 1330,
            "magpsf": 20.164400100708008,
            "sigmapsf": 0.15132200717926025,
            "magnr": 20.875,
            "sigmagnr": 0.08900000154972076,
            "magzpsci": 26.300399780273438,
            "isdiffpos": "t",
            "ssdistnr": -999.0,
            "ssnamenr": "null",
            "drb": 0.9994750022888184
        },
        {
            "candid": 1330487804715015007,
            "jd": 2459084.9878009,
            "ra": 5.6268304,
            "dec": 26.7023598,
            "fid": 2,
            "nid": 1330,
            "magpsf": 19.750200271606445,
            "sigmapsf": 0.1320679932832718,
            "magnr": 20.402000427246094,
            "sigmagnr": 0.08500000089406967,
            "magzpsci": 26.281200408935547,
            "isdiffpos": "t",
            "ssdistnr": -999.0,
            "ssnamenr": "null",
            "drb": 0.9999970197677612
        },
        {
            "candid": 1331359154715015013,
            "jd": 2459085.8591551,
            "ra": 5.6268483,
            "dec": 26.7023239,
            "fid": 1,
            "nid": 1331,
            "magpsf": 20.112300872802734,
            "sigmapsf": 0.11921700090169907,
            "magnr": 20.875,
            "sigmagnr": 0.08900000154972076,
            "magzpsci": 26.312299728393555,
            "isdiffpos": "t",
            "ssdistnr": -999.0,
            "ssnamenr": "null",
            "drb": 1.0
        },
        {
            "candid": 1331379604715015013,
            "jd": 2459085.8796065,
            "ra": 5.6268281,
            "dec": 26.7023588,
            "fid": 1,
            "nid": 1331,
            "magpsf": 20.196300506591797,
            "sigmapsf": 0.14514699578285217,
            "magnr": 20.875,
            "sigmagnr": 0.08900000154972076,
            "magzpsci": 26.32029914855957,
            "isdiffpos": "t",
            "ssdistnr": -999.0,
            "ssnamenr": "null",
            "drb": 0.9999790191650391
        },
        {
            "candid": 1331464954715015004,
            "jd": 2459085.9649537,
            "ra": 5.6267829,
            "dec": 26.7023932,
            "fid": 2,
            "nid": 1331,
            "magpsf": 19.82740020751953,
            "sigmapsf": 0.15278999507427216,
            "magnr": 20.402000427246094,
            "sigmagnr": 0.08500000089406967,
            "magzpsci": 26.252399444580078,
            "isdiffpos": "t",
            "ssdistnr": -999.0,
            "ssnamenr": "null",
            "drb": 0.9910690188407898
        },
        {
            "candid": 1332338854715015008,
            "jd": 2459086.8388542,
            "ra": 5.6268328,
            "dec": 26.7023448,
            "fid": 2,
            "nid": 1332,
            "magpsf": 19.858699798583984,
            "sigmapsf": 0.12959200143814087,
            "magnr": 20.402000427246094,
            "sigmagnr": 0.08500000089406967,
            "magzpsci": 26.279699325561523,
            "isdiffpos": "t",
            "ssdistnr": -999.0,
            "ssnamenr": "null",
            "drb": 0.9999939799308777
        },
        {
            "candid": 1332398264715015009,
            "jd": 2459086.8982639,
            "ra": 5.6268078,
            "dec": 26.7023591,
            "fid": 2,
            "nid": 1332,
            "magpsf": 20.029499053955078,
            "sigmapsf": 0.17121200263500214,
            "magnr": 20.402000427246094,
            "sigmagnr": 0.08500000089406967,
            "magzpsci": 26.284500122070312,
            "isdiffpos": "t",
            "ssdistnr": -999.0,
            "ssnamenr": "null",
            "drb": 0.9894149899482727
        },
        {
            "candid": 1332467304715015008,
            "jd": 2459086.9673032,
            "ra": 5.6268167,
            "dec": 26.7023602,
            "fid": 1,
            "nid": 1332,
            "magpsf": 20.3533992767334,
            "sigmapsf": 0.176473006606102,
            "magnr": 20.875,
            "sigmagnr": 0.08900000154972076,
            "magzpsci": 26.221399307250977,
            "isdiffpos": "t",
            "ssdistnr": -999.0,
            "ssnamenr": "null",
            "drb": 0.9999880194664001
        },
        {
            "candid": 1333383154715015009,
            "jd": 2459087.8831597,
            "ra": 5.6268428,
            "dec": 26.7023557,
            "fid": 2,
            "nid": 1333,
            "magpsf": 19.95439910888672,
            "sigmapsf": 0.14238500595092773,
            "magnr": 20.402000427246094,
            "sigmagnr": 0.08500000089406967,
            "magzpsci": 26.209400177001953,
            "isdiffpos": "t",
            "ssdistnr": -999.0,
            "ssnamenr": "null",
            "drb": 0.9982990026473999
        },
        {
            "candid": 1333478904715015005,
            "jd": 2459087.9789005,
            "ra": 5.6267851,
            "dec": 26.7024122,
            "fid": 1,
            "nid": 1333,
            "magpsf": 20.412399291992188,
            "sigmapsf": 0.24324999749660492,
            "magnr": 20.875,
            "sigmagnr": 0.08900000154972076,
            "magzpsci": 26.120399475097656,
            "isdiffpos": "t",
            "ssdistnr": -999.0,
            "ssnamenr": "-999.0",
            "drb": null
        },
        {
            "candid": 1334394324715015009,
            "jd": 2459088.8943287,
            "ra": 5.6268493,
            "dec": 26.7023215,
            "fid": 2,
            "nid": 1334,
            "magpsf": 20.087900161743164,
            "sigmapsf": 0.1587280035018921,
            "magnr": 20.402000427246094,
            "sigmagnr": 0.08500000089406967,
            "magzpsci": 26.200899124145508,
            "isdiffpos": "t",
            "ssdistnr": -999.0,
            "ssnamenr": "null",
            "drb": 0.999576985836029
        },
        {
            "candid": 1335328044715015008,
            "jd": 2459089.828044,
            "ra": 5.6268329,
            "dec": 26.7023461,
            "fid": 1,
            "nid": 1335,
            "magpsf": 20.504100799560547,
            "sigmapsf": 0.30135300755500793,
            "magnr": 20.875,
            "sigmagnr": 0.08900000154972076,
            "magzpsci": 26.21109962463379,
            "isdiffpos": "t",
            "ssdistnr": -999.0,
            "ssnamenr": "-999.0",
            "drb": null
        },
        {
            "candid": 1335377114715015010,
            "jd": 2459089.8771181,
            "ra": 5.6268309,
            "dec": 26.7023163,
            "fid": 1,
            "nid": 1335,
            "magpsf": 20.625499725341797,
            "sigmapsf": 0.2547299861907959,
            "magnr": 20.875,
            "sigmagnr": 0.08900000154972076,
            "magzpsci": 26.241500854492188,
            "isdiffpos": "t",
            "ssdistnr": -999.0,
            "ssnamenr": "-999.0",
            "drb": null
        },
        {
            "candid": 1335437554715015009,
            "jd": 2459089.9375579,
            "ra": 5.6268864,
            "dec": 26.7023147,
            "fid": 2,
            "nid": 1335,
            "magpsf": 19.91950035095215,
            "sigmapsf": 0.1665630042552948,
            "magnr": 20.402000427246094,
            "sigmagnr": 0.08500000089406967,
            "magzpsci": 26.24250030517578,
            "isdiffpos": "t",
            "ssdistnr": -999.0,
            "ssnamenr": "null",
            "drb": 0.9999949932098389
        },
        {
            "candid": 1335458784715015008,
            "jd": 2459089.9587847,
            "ra": 5.6268121,
            "dec": 26.7023624,
            "fid": 2,
            "nid": 1335,
            "magpsf": 20.030399322509766,
            "sigmapsf": 0.15992799401283264,
            "magnr": 20.402000427246094,
            "sigmagnr": 0.08500000089406967,
            "magzpsci": 26.23940086364746,
            "isdiffpos": "t",
            "ssdistnr": -999.0,
            "ssnamenr": "null",
            "drb": 0.9999970197677612
        },
        {
            "candid": 1336489564715015005,
            "jd": 2459090.9895602,
            "ra": 5.6268171,
            "dec": 26.7023544,
            "fid": 2,
            "nid": 1336,
            "magpsf": 20.150699615478516,
            "sigmapsf": 0.13314999639987946,
            "magnr": 20.402000427246094,
            "sigmagnr": 0.08500000089406967,
            "magzpsci": 26.284700393676758,
            "isdiffpos": "t",
            "ssdistnr": -999.0,
            "ssnamenr": "null",
            "drb": 0.9999989867210388
        },
        {
            "jd": 2459024.97222,
            "fid": 2,
            "diffmaglim": 20.551000595092773
        },
        {
            "jd": 2459030.85917,
            "fid": 1,
            "diffmaglim": 19.40999984741211
        },
        {
            "jd": 2459033.8614,
            "fid": 2,
            "diffmaglim": 19.545000076293945
        },
        {
            "jd": 2459033.95001,
            "fid": 1,
            "diffmaglim": 19.993999481201172
        },
        {
            "jd": 2459035.85771,
            "fid": 2,
            "diffmaglim": 19.172000885009766
        },
        {
            "jd": 2459036.88488,
            "fid": 2,
            "diffmaglim": 19.788999557495117
        },
        {
            "jd": 2459036.98088,
            "fid": 1,
            "diffmaglim": 19.55900001525879
        },
        {
            "jd": 2459037.84998,
            "fid": 1,
            "diffmaglim": 19.170000076293945
        },
        {
            "jd": 2459037.95278,
            "fid": 2,
            "diffmaglim": 19.83300018310547
        },
        {
            "jd": 2459038.8797,
            "fid": 2,
            "diffmaglim": 19.70199966430664
        },
        {
            "jd": 2459038.96228,
            "fid": 1,
            "diffmaglim": 19.763999938964844
        },
        {
            "jd": 2459039.86083,
            "fid": 1,
            "diffmaglim": 19.5
        },
        {
            "jd": 2459039.95307,
            "fid": 2,
            "diffmaglim": 20.047000885009766
        },
        {
            "jd": 2459040.89008,
            "fid": 2,
            "diffmaglim": 20.066999435424805
        },
        {
            "jd": 2459040.97564,
            "fid": 1,
            "diffmaglim": 20.1299991607666
        },
        {
            "jd": 2459040.98565,
            "fid": 1,
            "diffmaglim": 19.926000595092773
        },
        {
            "jd": 2459042.86477,
            "fid": 1,
            "diffmaglim": 19.81399917602539
        },
        {
            "jd": 2459042.96513,
            "fid": 2,
            "diffmaglim": 20.243999481201172
        },
        {
            "jd": 2459043.86316,
            "fid": 1,
            "diffmaglim": 20.093000411987305
        },
        {
            "jd": 2459043.96131,
            "fid": 2,
            "diffmaglim": 20.562999725341797
        },
        {
            "jd": 2459044.86016,
            "fid": 1,
            "diffmaglim": 20.40399932861328
        },
        {
            "jd": 2459045.86315,
            "fid": 2,
            "diffmaglim": 20.599000930786133
        },
        {
            "jd": 2459045.94774,
            "fid": 1,
            "diffmaglim": 20.882999420166016
        },
        {
            "jd": 2459046.94611,
            "fid": 2,
            "diffmaglim": 20.767000198364258
        },
        {
            "jd": 2459046.96557,
            "fid": 1,
            "diffmaglim": 20.874000549316406
        },
        {
            "jd": 2459047.92368,
            "fid": 2,
            "diffmaglim": 20.875999450683594
        },
        {
            "jd": 2459047.95187,
            "fid": 1,
            "diffmaglim": 21.05900001525879
        },
        {
            "jd": 2459047.99104,
            "fid": 1,
            "diffmaglim": 20.031999588012695
        },
        {
            "jd": 2459048.92772,
            "fid": 2,
            "diffmaglim": 20.829999923706055
        },
        {
            "jd": 2459048.95583,
            "fid": 1,
            "diffmaglim": 20.93600082397461
        },
        {
            "jd": 2459048.98337,
            "fid": 1,
            "diffmaglim": 20.7810001373291
        },
        {
            "jd": 2459050.98074,
            "fid": 2,
            "diffmaglim": 20.81599998474121
        },
        {
            "jd": 2459051.92795,
            "fid": 2,
            "diffmaglim": 20.881999969482422
        },
        {
            "jd": 2459061.85094,
            "fid": 2,
            "diffmaglim": 20.309999465942383
        },
        {
            "jd": 2459066.9158,
            "fid": 1,
            "diffmaglim": 19.72599983215332
        },
        {
            "jd": 2459074.90347,
            "fid": 2,
            "diffmaglim": 16.94499969482422
        }
    ],
    "forcedphot": []
}