{
    "objectId": "ZTF20aadcitq",
    "candidates": [
        {
            "candid": 1098537061915015013,
            "jd": 2458853.0370602,
            "ra": 204.8106193,
            "dec": 38.9961569,
            "fid": 1,
            "nid": 1098,
            "magpsf": 20.04129981994629,
            "sigmapsf": 0.15055400133132935,
            "magnr": 20.326000213623047,
            "sigmagnr": 0.09799999743700027,
            "magzpsci": 26.318300247192383,
            "isdiffpos": "t",
            "ssdistnr": -999.0,
            "ssnamenr": "null",
            "drb": 0.9998900294303894
        },
        {
            "candid": 1098548411915015009,
            "jd": 2458853.0484144,
            "ra": 204.8105689,
            "dec": 38.9961824,
            "fid": 2,
            "nid": 1098,
            "magpsf": 20.212499618530273,
            "sigmapsf": 0.19799399375915527,
            "magnr": 19.531999588012695,
            "sigmagnr": 0.11699999868869781,
            "magzpsci": 26.27050018310547,
            "isdiffpos": "t",
            "ssdistnr": -999.0,
            "ssnamenr": "-999.0",
            "drb": null
        },
        {
            "candid": 1098571991915015006,
            "jd": 2458853.0719907,
            "ra": 204.8107095,
            "dec": 38.9962109,
            "fid": 2,
            "nid": 1098,
            "magpsf": 20.21540069580078,
            "sigmapsf": 0.19832800328731537,
            "magnr": 19.531999588012695,
            "sigmagnr": 0.11699999868869781,
            "magzpsci": 26.280399322509766,
            "isdiffpos": "t",
            "ssdistnr": -999.0,
            "ssnamenr": "null",
            "drb": 0.9999930262565613
        },
        {
            "candid": 1101509031915015016,
            "jd": 2458856.0090394,
            "ra": 204.8106111,
            "dec": 38.9961513,
            "fid": 1,
            "nid": 1101,
            "magpsf": 19.235599517822266,
            "sigmapsf": 0.0842130035161972,
            "magnr": 20.326000213623047,
            "sigmagnr": 0.09799999743700027,
            "magzpsci": 26.27560043334961,
            "isdiffpos": "t",
            "ssdistnr": -999.0,
            "ssnamenr": "null",
            "drb": 0.9999970197677612
        },
        {
            "candid": 1101546963015015009,
            "jd": 2458856.0469676,
            "ra": 204.8107558,
            "dec": 38.9961738,
            "fid": 2,
            "nid": 1101,
            "magpsf": 19.513599395751953,
            "sigmapsf": 0.13697299361228943,
            "magnr": 20.035999298095703,
            "sigmagnr": 0.12600000202655792,
            "magzpsci": 26.29960060119629,
            "isdiffpos": "t",
            "ssdistnr": -999.0,
            "ssnamenr": "null",
            "drb": 0.8979060053825378
        },
        {
            "candid": 1101547431915015013,
            "jd": 2458856.0474306,
            "ra": 204.8106716,
            "dec": 38.9961541,
            "fid": 2,
            "nid": 1101,
            "magpsf": 19.438400268554688,
            "sigmapsf": 0.08398599922657013,
            "magnr": 19.531999588012695,
            "sigmagnr": 0.11699999868869781,
            "magzpsci": 26.29439926147461,
            "isdiffpos": "t",
            "ssdistnr": -999.0,
            "ssnamenr": "null",
            "drb": 0.9999709725379944
        },
        {
            "candid": 1105468493015015002,
            "jd": 2458859.9684954,
            "ra": 204.8107701,
            "dec": 38.9961413,
            "fid": 2,
            "nid": 1105,
            "magpsf": 18.871200561523438,
            "sigmapsf": 0.11242599785327911,
            "magnr": 20.035999298095703,
            "sigmagnr": 0.12600000202655792,
            "magzpsci": 26.22319984436035,
            "isdiffpos": "t",
            "ssdistnr": -999.0,
            "ssnamenr": "null",
            "drb": 0.9998379945755005
        },
        {
            "candid": 1105485331915015009,
            "jd": 2458859.9853356,
            "ra": 204.8107025,
            "dec": 38.9961896,
            "fid": 2,
            "nid": 1105,
            "magpsf": 18.914600372314453,
            "sigmapsf": 0.08951400220394135,
            "magnr": 19.531999588012695,
            "sigmagnr": 0.11699999868869781,
            "magzpsci": 26.27560043334961,
            "isdiffpos": "t",
            "ssdistnr": -999.0,
            "ssnamenr": "null",
            "drb": 1.0
        },
        {
            "candid": 1108400601915015010,
            "jd": 2458862.9006019,
            "ra": 204.810655,
            "dec": 38.9961438,
            "fid": 2,
            "nid": 1108,
            "magpsf": 18.545000076293945,
            "sigmapsf": 0.10458700358867645,
            "magnr": 19.531999588012695,
            "sigmagnr": 0.11699999868869781,
            "magzpsci": 26.179000854492188,
            "isdiffpos": "t",
            "ssdistnr": -999.0,
            "ssnamenr": "null",
            "drb": 0.9999539852142334
        },
        {
            "candid": 1108402403015015001,
            "jd": 2458862.9024074,
            "ra": 204.8107176,
            "dec": 38.996214,
            "fid": 2,
            "nid": 1108,
            "magpsf": 18.686399459838867,
            "sigmapsf": 0.15565499663352966,
            "magnr": 20.035999298095703,
            "sigmagnr": 0.12600000202655792,
            "magzpsci": 26.18440055847168,
            "isdiffpos": "t",
            "ssdistnr": -999.0,
            "ssnamenr": "null",
            "drb": 0.999396026134491
        },
        {
            "candid": 1108478343015015003,
            "jd": 2458862.9783449,
            "ra": 204.8107078,
            "dec": 38.9962082,
            "fid": 1,
            "nid": 1108,
            "magpsf": 18.545900344848633,
            "sigmapsf": 0.11246100068092346,
            "magnr": 20.34600067138672,
            "sigmagnr": 0.10499999672174454,
            "magzpsci": 26.283899307250977,
            "isdiffpos": "t",
            "ssdistnr": -999.0,
            "ssnamenr": "null",
            "drb": 0.9998589754104614
        },
        {
            "candid": 1108482961915015013,
            "jd": 2458862.982963,
            "ra": 204.8106823,
            "dec": 38.9961901,
            "fid": 1,
            "nid": 1108,
            "magpsf": 18.37070083618164,
            "sigmapsf": 0.0921270027756691,
            "magnr": 20.326000213623047,
            "sigmagnr": 0.09799999743700027,
            "magzpsci": 26.258699417114258,
            "isdiffpos": "t",
            "ssdistnr": -999.0,
            "ssnamenr": "null",
            "drb": 1.0
        },
        {
            "candid": 1112540921915015007,
            "jd": 2458867.0409259,
            "ra": 204.8106701,
            "dec": 38.996156,
            "fid": 2,
            "nid": 1112,
            "magpsf": 18.595399856567383,
            "sigmapsf": 0.05950000137090683,
            "magnr": 19.531999588012695,
            "sigmagnr": 0.11699999868869781,
            "magzpsci": 26.282400131225586,
            "isdiffpos": "t",
            "ssdistnr": -999.0,
            "ssnamenr": "null",
            "drb": 0.9999949932098389
        },
        {
            "candid": 1112558921915015014,
            "jd": 2458867.0589236,
            "ra": 204.8106721,
            "dec": 38.9961724,
            "fid": 1,
            "nid": 1112,
            "magpsf": 18.445100784301758,
            "sigmapsf": 0.065591000020504,
            "magnr": 20.326000213623047,
            "sigmagnr": 0.09799999743700027,
            "magzpsci": 26.29509925842285,
            "isdiffpos": "t",
            "ssdistnr": -999.0,
            "ssnamenr": "null",
            "drb": 1.0
        },
        {
            "candid": 1117463421915015017,
            "jd": 2458871.9634259,
            "ra": 204.8106331,
            "dec": 38.9961502,
            "fid": 1,
            "nid": 1117,
            "magpsf": 18.698400497436523,
            "sigmapsf": 0.0830409973859787,
            "magnr": 20.326000213623047,
            "sigmagnr": 0.09799999743700027,
            "magzpsci": 26.264400482177734,
            "isdiffpos": "t",
            "ssdistnr": -999.0,
            "ssnamenr": "null",
            "drb": 0.9999979734420776
        },
        {
            "candid": 1117536811915015008,
            "jd": 2458872.0368171,
            "ra": 204.8107,
            "dec": 38.9961752,
            "fid": 2,
            "nid": 1117,
            "magpsf": 18.675899505615234,
            "sigmapsf": 0.06601499766111374,
            "magnr": 19.531999588012695,
            "sigmagnr": 0.11699999868869781,
            "magzpsci": 26.224899291992188,
            "isdiffpos": "t",
            "ssdistnr": -999.0,
            "ssnamenr": "null",
            "drb": 1.0
        },
        {
            "candid": 1121462231915015013,
            "jd": 2458875.9622338,
            "ra": 204.81065,
            "dec": 38.996145,
            "fid": 1,
            "nid": 1121,
            "magpsf": 18.944900512695312,
            "sigmapsf": 0.08558099716901779,
            "magnr": 20.326000213623047,
            "sigmagnr": 0.09799999743700027,
            "magzpsci": 26.245899200439453,
            "isdiffpos": "t",
            "ssdistnr": -999.0,
            "ssnamenr": "-999.0",
            "drb": null
        },
        {
            "candid": 1121536781915015017,
            "jd": 2458876.0367824,
            "ra": 204.8106689,
            "dec": 38.9961542,
            "fid": 2,
            "nid": 1121,
            "magpsf": 18.911100387573242,
            "sigmapsf": 0.06339699774980545,
            "magnr": 19.531999588012695,
            "sigmagnr": 0.11699999868869781,
            "magzpsci": 26.30109977722168,
            "isdiffpos": "t",
            "ssdistnr": -999.0,
            "ssnamenr": "-999.0",
            "drb": null
        },
        {
            "candid": 1124507313015015005,
            "jd": 2458879.0073148,
            "ra": 204.8108076,
            "dec": 38.9961011,
            "fid": 1,
            "nid": 1124,
            "magpsf": 19.362499237060547,
            "sigmapsf": 0.19857600331306458,
            "magnr": 20.34600067138672,
            "sigmagnr": 0.10499999672174454,
            "magzpsci": 26.297500610351562,
            "isdiffpos": "t",
            "ssdistnr": -999.0,
            "ssnamenr": "null",
            "drb": 0.9862650036811829
        },
        {
            "candid": 1124531561915015014,
            "jd": 2458879.0315625,
            "ra": 204.8106163,
            "dec": 38.9961885,
            "fid": 1,
            "nid": 1124,
            "magpsf": 19.153200149536133,
            "sigmapsf": 0.10787399858236313,
            "magnr": 20.326000213623047,
            "sigmagnr": 0.09799999743700027,
            "magzpsci": 26.241199493408203,
            "isdiffpos": "t",
            "ssdistnr": -999.0,
            "ssnamenr": "null",
            "drb": 0.9999790191650391
        },
        {
            "candid": 1124547221915015009,
            "jd": 2458879.0472222,
            "ra": 204.8106394,
            "dec": 38.9961717,
            "fid": 2,
            "nid": 1124,
            "magpsf": 19.05590057373047,
            "sigmapsf": 0.09562700241804123,
            "magnr": 19.531999588012695,
            "sigmagnr": 0.11699999868869781,
            "magzpsci": 26.09589958190918,
            "isdiffpos": "t",
            "ssdistnr": -999.0,
            "ssnamenr": "null",
            "drb": 0.9999210238456726
        },
        {
            "candid": 1124548623015015003,
            "jd": 2458879.0486227,
            "ra": 204.8108107,
            "dec": 38.9962541,
            "fid": 2,
            "nid": 1124,
            "magpsf": 19.18429946899414,
            "sigmapsf": 0.15659299492835999,
            "magnr": 20.035999298095703,
            "sigmagnr": 0.12600000202655792,
            "magzpsci": 26.092300415039062,
            "isdiffpos": "t",
            "ssdistnr": -999.0,
            "ssnamenr": "-999.0",
            "drb": null
        },
        {
            "candid": 1127493561915015018,
            "jd": 2458881.9935648,
            "ra": 204.8106609,
            "dec": 38.9961636,
            "fid": 1,
            "nid": 1127,
            "magpsf": 19.504899978637695,
            "sigmapsf": 0.11089300364255905,
            "magnr": 20.326000213623047,
            "sigmagnr": 0.09799999743700027,
            "magzpsci": 26.276899337768555,
            "isdiffpos": "t",
            "ssdistnr": -999.0,
            "ssnamenr": "null",
            "drb": 0.9998779892921448
        },
        {
            "candid": 1127533051915015015,
            "jd": 2458882.0330556,
            "ra": 204.8107003,
            "dec": 38.9961359,
            "fid": 2,
            "nid": 1127,
            "magpsf": 19.18720054626465,
            "sigmapsf": 0.07539600133895874,
            "magnr": 19.531999588012695,
            "sigmagnr": 0.11699999868869781,
            "magzpsci": 26.27720069885254,
            "isdiffpos": "t",
            "ssdistnr": -999.0,
            "ssnamenr": "null",
            "drb": 0.9999989867210388
        },
        {
            "candid": 1130469503015015009,
            "jd": 2458884.9695023,
            "ra": 204.8107069,
            "dec": 38.9961268,
            "fid": 1,
            "nid": 1130,
            "magpsf": 19.79560089111328,
            "sigmapsf": 0.23113499581813812,
            "magnr": 20.34600067138672,
            "sigmagnr": 0.10499999672174454,
            "magzpsci": 26.30459976196289,
            "isdiffpos": "t",
            "ssdistnr": -999.0,
            "ssnamenr": "-999.0",
            "drb": null
        },
        {
            "candid": 1130469961915015010,
            "jd": 2458884.9699653,
            "ra": 204.8107271,
            "dec": 38.9961183,
            "fid": 1,
            "nid": 1130,
            "magpsf": 19.68910026550293,
            "sigmapsf": 0.184689000248909,
            "magnr": 20.326000213623047,
            "sigmagnr": 0.09799999743700027,
            "magzpsci": 26.286100387573242,
            "isdiffpos": "t",
            "ssdistnr": -999.0,
            "ssnamenr": "null",
            "drb": 0.9911289811134338
        },
        {
            "candid": 1130532531915015007,
            "jd": 2458885.0325347,
            "ra": 204.8107078,
            "dec": 38.9961841,
            "fid": 2,
            "nid": 1130,
            "magpsf": 19.274499893188477,
            "sigmapsf": 0.11967399716377258,
            "magnr": 19.531999588012695,
            "sigmagnr": 0.11699999868869781,
            "magzpsci": 26.24250030517578,
            "isdiffpos": "t",
            "ssdistnr": -999.0,
            "ssnamenr": "null",
            "drb": 0.999888002872467
        },
        {
            "candid": 1130535723015015008,
            "jd": 2458885.0357292,
            "ra": 204.8107233,
            "dec": 38.9961609,
            "fid": 2,
            "nid": 1130,
            "magpsf": 19.332599639892578,
            "sigmapsf": 0.12502199411392212,
            "magnr": 20.035999298095703,
            "sigmagnr": 0.12600000202655792,
            "magzpsci": 26.239599227905273,
            "isdiffpos": "t",
            "ssdistnr": -999.0,
            "ssnamenr": "null",
            "drb": 0.9999849796295166
        },
        {
            "candid": 1133469021915015004,
            "jd": 2458887.9690278,
            "ra": 204.8106332,
            "dec": 38.9962363,
            "fid": 1,
            "nid": 1133,
            "magpsf": 19.91160011291504,
            "sigmapsf": 0.2384680062532425,
            "magnr": 20.326000213623047,
            "sigmagnr": 0.09799999743700027,
            "magzpsci": 26.296600341796875,
            "isdiffpos": "t",
            "ssdistnr": -999.0,
            "ssnamenr": "-999.0",
            "drb": null
        },
        {
            "candid": 1133494741915015007,
            "jd": 2458887.9947454,
            "ra": 204.8107071,
            "dec": 38.9961702,
            "fid": 2,
            "nid": 1133,
            "magpsf": 19.380199432373047,
            "sigmapsf": 0.12380900233983994,
            "magnr": 19.531999588012695,
            "sigmagnr": 0.11699999868869781,
            "magzpsci": 26.255199432373047,
            "isdiffpos": "t",
            "ssdistnr": -999.0,
            "ssnamenr": "null",
            "drb": 0.9831979870796204
        },
        {
            "candid": 1139508701915015009,
            "jd": 2458894.0087037,
            "ra": 204.8107308,
            "dec": 38.9961787,
            "fid": 2,
            "nid": 1139,
            "magpsf": 19.675800323486328,
            "sigmapsf": 0.16003599762916565,
            "magnr": 19.531999588012695,
            "sigmagnr": 0.11699999868869781,
            "magzpsci": 26.25480079650879,
            "isdiffpos": "t",
            "ssdistnr": -999.0,
            "ssnamenr": "null",
            "drb": 0.999987006187439
        },
        {
            "candid": 1139515123015015005,
            "jd": 2458894.0151273,
            "ra": 204.8107775,
            "dec": 38.9961851,
            "fid": 2,
            "nid": 1139,
            "magpsf": 19.58099937438965,
            "sigmapsf": 0.14440399408340454,
            "magnr": 20.035999298095703,
            "sigmagnr": 0.12600000202655792,
            "magzpsci": 26.222000122070312,
            "isdiffpos": "t",
            "ssdistnr": -999.0,
            "ssnamenr": "-999.0",
            "drb": null
        },
        {
            "candid": 1144453981915015013,
            "jd": 2458898.9539815,
            "ra": 204.8106079,
            "dec": 38.9961844,
            "fid": 1,
            "nid": 1144,
            "magpsf": 20.994699478149414,
            "sigmapsf": 0.2958889901638031,
            "magnr": 20.326000213623047,
            "sigmagnr": 0.09799999743700027,
            "magzpsci": 26.279699325561523,
            "isdiffpos": "t",
            "ssdistnr": -999.0,
            "ssnamenr": "-999.0",
            "drb": null
        },
        {
            "candid": 1144470821915015022,
            "jd": 2458898.9708218,
            "ra": 204.8106467,
            "dec": 38.9961764,
            "fid": 2,
            "nid": 1144,
            "magpsf": 19.960500717163086,
            "sigmapsf": 0.10563600063323975,
            "magnr": 19.531999588012695,
            "sigmagnr": 0.11699999868869781,
            "magzpsci": 26.335500717163086,
            "isdiffpos": "t",
            "ssdistnr": -999.0,
            "ssnamenr": "-999.0",
            "drb": null
        },
        {
            "candid": 1145434271915015012,
            "jd": 2458899.9342708,
            "ra": 204.8106885,
            "dec": 38.9962081,
            "fid": 1,
            "nid": 1145,
            "magpsf": 21.01919937133789,
            "sigmapsf": 0.3238460123538971,
            "magnr": 20.326000213623047,
            "sigmagnr": 0.09799999743700027,
            "magzpsci": 26.259199142456055,
            "isdiffpos": "t",
            "ssdistnr": -999.0,
            "ssnamenr": "-999.0",
            "drb": null
        },
        {
            "candid": 1145451651915015011,
            "jd": 2458899.9516551,
            "ra": 204.8106774,
            "dec": 38.9961958,
            "fid": 2,
            "nid": 1145,
            "magpsf": 19.97610092163086,
            "sigmapsf": 0.13921000063419342,
            "magnr": 19.531999588012695,
            "sigmagnr": 0.11699999868869781,
            "magzpsci": 26.294099807739258,
            "isdiffpos": "t",
            "ssdistnr": -999.0,
            "ssnamenr": "-999.0",
            "drb": null
        },
        {
            "candid": 1146381781915015019,
            "jd": 2458900.8817824,
            "ra": 204.8105928,
            "dec": 38.9962015,
            "fid": 1,
            "nid": 1146,
            "magpsf": 20.949499130249023,
            "sigmapsf": 0.3341299891471863,
            "magnr": 20.326000213623047,
            "sigmagnr": 0.09799999743700027,
            "magzpsci": 26.22949981689453,
            "isdiffpos": "t",
            "ssdistnr": -999.0,
            "ssnamenr": "-999.0",
            "drb": null
        },
        {
            "candid": 1147430831915015015,
            "jd": 2458901.9308333,
            "ra": 204.8106395,
            "dec": 38.9961944,
            "fid": 2,
            "nid": 1147,
            "magpsf": 20.070999145507812,
            "sigmapsf": 0.14565099775791168,
            "magnr": 19.531999588012695,
            "sigmagnr": 0.11699999868869781,
            "magzpsci": 26.27199935913086,
            "isdiffpos": "t",
            "ssdistnr": -999.0,
            "ssnamenr": "null",
            "drb": 0.9999250173568726
        },
        {
            "candid": 1149452301915015014,
            "jd": 2458903.9523032,
            "ra": 204.8106961,
            "dec": 38.996203,
            "fid": 2,
            "nid": 1149,
            "magpsf": 20.215900421142578,
            "sigmapsf": 0.15130600333213806,
            "magnr": 19.531999588012695,
            "sigmagnr": 0.11699999868869781,
            "magzpsci": 26.23889923095703,
            "isdiffpos": "t",
            "ssdistnr": -999.0,
            "ssnamenr": "-999.0",
            "drb": null
        },
        {
            "candid": 1150483941915015005,
            "jd": 2458904.9839468,
            "ra": 204.8106255,
            "dec": 38.9961568,
            "fid": 2,
            "nid": 1150,
            "magpsf": 20.316999435424805,
            "sigmapsf": 0.21300199627876282,
            "magnr": 19.531999588012695,
            "sigmagnr": 0.11699999868869781,
            "magzpsci": 26.22100067138672,
            "isdiffpos": "t",
            "ssdistnr": -999.0,
            "ssnamenr": "-999.0",
            "drb": null
        },
        {
            "candid": 1152467741915025006,
            "jd": 2458906.9677431,
            "ra": 204.8106304,
            "dec": 38.9961276,
            "fid": 2,
            "nid": 1152,
            "magpsf": 20.13610076904297,
            "sigmapsf": 0.27414798736572266,
            "magnr": 19.531999588012695,
            "sigmagnr": 0.11699999868869781,
            "magzpsci": 26.124099731445312,
            "isdiffpos": "t",
            "ssdistnr": -999.0,
            "ssnamenr": "-999.0",
            "drb": null
        },
        {
            "candid": 1157467001915015009,
            "jd": 2458911.9670023,
            "ra": 204.8107749,
            "dec": 38.9962757,
            "fid": 2,
            "nid": 1157,
            "magpsf": 20.316999435424805,
            "sigmapsf": 0.25284698605537415,
            "magnr": 19.531999588012695,
            "sigmagnr": 0.11699999868869781,
            "magzpsci": 26.2189998626709,
            "isdiffpos": "t",
            "ssdistnr": -999.0,
            "ssnamenr": "-999.0",
            "drb": null
        },
        {
            "candid": 1158465941915015010,
            "jd": 2458912.9659491,
            "ra": 204.8106442,
            "dec": 38.9961079,
            "fid": 2,
            "nid": 1158,
            "magpsf": 20.406400680541992,
            "sigmapsf": 0.19433200359344482,
            "magnr": 19.531999588012695,
            "sigmagnr": 0.11699999868869781,
            "magzpsci": 26.2544002532959,
            "isdiffpos": "t",
            "ssdistnr": -999.0,
            "ssnamenr": "null",
            "drb": 0.9956849813461304
        },
        {
            "jd": 2458829.05426,
            "fid": 1,
            "diffmaglim": 19.474000930786133
        },
        {
            "jd": 2458829.05816,
            "fid": 1,
            "diffmaglim": 19.687999725341797
        },
        {
            "jd": 2458832.0508,
            "fid": 1,
            "diffmaglim": 19.393999099731445
        },
        {
            "jd": 2458832.05988,
            "fid": 1,
            "diffmaglim": 19.388999938964844
        },
        {
            "jd": 2458835.98677,
            "fid": 2,
            "diffmaglim": 19.17799949645996
        },
        {
            "jd": 2458835.99084,
            "fid": 2,
            "diffmaglim": 19.364999771118164
        },
        {
            "jd": 2458838.99359,
            "fid": 1,
            "diffmaglim": 18.468000411987305
        },
        {
            "jd": 2458838.99494,
            "fid": 1,
            "diffmaglim": 18.652000427246094
        },
        {
            "jd": 2458839.05429,
            "fid": 2,
            "diffmaglim": 18.610000610351562
        },
        {
            "jd": 2458839.05476,
            "fid": 2,
            "diffmaglim": 18.454999923706055
        },
        {
            "jd": 2458847.05352,
            "fid": 1,
            "diffmaglim": 20.75200080871582
        },
        {
            "jd": 2458847.05399,
            "fid": 1,
            "diffmaglim": 20.833999633789062
        },
        {
            "jd": 2458853.03604,
            "fid": 1,
            "diffmaglim": 20.808000564575195
        },
        {
            "jd": 2458856.00753,
            "fid": 1,
            "diffmaglim": 20.482999801635742
        },
        {
            "jd": 2458863.0,
            "fid": 1,
            "diffmaglim": 19.920000076293945
        },
        {
            "jd": 2458873.05218,
            "fid": 2,
            "diffmaglim": 20.44700050354004
        },
        {
            "jd": 2458875.96177,
            "fid": 1,
            "diffmaglim": 20.590999603271484
        },
        {
            "jd": 2458876.02904,
            "fid": 2,
            "diffmaglim": 20.586999893188477
        },
        {
            "jd": 2458890.97105,
            "fid": 2,
            "diffmaglim": 19.020999908447266
        },
        {
            "jd": 2458890.97522,
            "fid": 2,
            "diffmaglim": 18.965999603271484
        },
        {
            "jd": 2458891.03271,
            "fid": 1,
            "diffmaglim": 19.038999557495117
        },
        {
            "jd": 2458891.03501,
            "fid": 1,
            "diffmaglim": 19.079999923706055
        },
        {
            "jd": 2458893.95411,
            "fid": 1,
            "diffmaglim": 20.270999908447266
        },
        {
            "jd": 2458893.97199,
            "fid": 1,
            "diffmaglim": 20.270999908447266
        },
        {
            "jd": 2458898.95535,
            "fid": 1,
            "diffmaglim": 20.966999053955078
        },
        {
            "jd": 2458898.99279,
            "fid": 2,
            "diffmaglim": 20.819000244140625
        },
        {
            "jd": 2458899.93473,
            "fid": 1,
            "diffmaglim": 20.73200035095215
        },
        {
            "jd": 2458900.94959,
            "fid": 2,
            "diffmaglim": 17.847999572753906
        },
        {
            "jd": 2458901.02937,
            "fid": 1,
            "diffmaglim": 18.732999801635742
        },
        {
            "jd": 2458903.86979,
            "fid": 1,
            "diffmaglim": 20.952999114990234
        },
        {
            "jd": 2458904.04138,
            "fid": 1,
            "diffmaglim": 20.77400016784668
        },
        {
            "jd": 2458904.92677,
            "fid": 1,
            "diffmaglim": 20.354999542236328
        },
        {
            "jd": 2458904.98764,
            "fid": 2,
            "diffmaglim": 20.493000030517578
        },
        {
            "jd": 2458906.01808,
            "fid": 1,
            "diffmaglim": 19.871999740600586
        },
        {
            "jd": 2458906.01948,
            "fid": 1,
            "diffmaglim": 19.812999725341797
        },
        {
            "jd": 2458906.83156,
            "fid": 1,
            "diffmaglim": 20.440000534057617
        },
        {
            "jd": 2458907.03859,
            "fid": 1,
            "diffmaglim": 19.97599983215332
        },
        {
            "jd": 2458908.84549,
            "fid": 1,
            "diffmaglim": 20.597999572753906
        },
        {
            "jd": 2458908.96951,
            "fid": 2,
            "diffmaglim": 20.79199981689453
        },
        {
            "jd": 2458911.91251,
            "fid": 1,
            "diffmaglim": 20.312000274658203
        },
        {
            "jd": 2458911.92516,
            "fid": 1,
            "diffmaglim": 20.388999938964844
        },
        {
            "jd": 2458911.97157,
            "fid": 2,
            "diffmaglim": 20.298999786376953
        }
    ],
    "forcedphot": []
}