{
    "objectId": "ZTF23aajsemu",
    "candidates": [
        {
            "candid": 2325337173015015006,
            "jd": 2460079.8371759,
            "ra": 231.3551631,
            "dec": -18.1270246,
            "fid": 1,
            "nid": 2325,
            "magpsf": 19.008899688720703,
            "sigmapsf": 0.09605900198221207,
            "magnr": 22.018999099731445,
            "sigmagnr": 0.31700000166893005,
            "magzpsci": 26.133899688720703,
            "isdiffpos": "t",
            "ssdistnr": null,
            "ssnamenr": null,
            "drb": 1.0
        },
        {
            "candid": 2325413693015015007,
            "jd": 2460079.9136921,
            "ra": 231.3552032,
            "dec": -18.1271185,
            "fid": 2,
            "nid": 2325,
            "magpsf": 19.00979995727539,
            "sigmapsf": 0.13288499414920807,
            "magnr": 21.604000091552734,
            "sigmagnr": 0.19499999284744263,
            "magzpsci": 26.10379981994629,
            "isdiffpos": "t",
            "ssdistnr": null,
            "ssnamenr": null,
            "drb": null
        },
        {
            "candid": 2328373413015015003,
            "jd": 2460082.8734144,
            "ra": 231.3551751,
            "dec": -18.1270613,
            "fid": 2,
            "nid": 2328,
            "magpsf": 17.510499954223633,
            "sigmapsf": 0.05868599936366081,
            "magnr": 21.604000091552734,
            "sigmagnr": 0.19499999284744263,
            "magzpsci": 26.077499389648438,
            "isdiffpos": "t",
            "ssdistnr": null,
            "ssnamenr": null,
            "drb": null
        },
        {
            "candid": 2330346363015015003,
            "jd": 2460084.8463657,
            "ra": 231.3552029,
            "dec": -18.1270175,
            "fid": 1,
            "nid": 2330,
            "magpsf": 16.855199813842773,
            "sigmapsf": 0.03737900033593178,
            "magnr": 22.018999099731445,
            "sigmagnr": 0.31700000166893005,
            "magzpsci": 26.007200241088867,
            "isdiffpos": "t",
            "ssdistnr": null,
            "ssnamenr": null,
            "drb": null
        },
        {
            "candid": 2330395213015015004,
            "jd": 2460084.8952199,
            "ra": 231.3552199,
            "dec": -18.1270884,
            "fid": 2,
            "nid": 2330,
            "magpsf": 16.968900680541992,
            "sigmapsf": 0.038492001593112946,
            "magnr": 21.604000091552734,
            "sigmagnr": 0.19499999284744263,
            "magzpsci": 25.966899871826172,
            "isdiffpos": "t",
            "ssdistnr": null,
            "ssnamenr": null,
            "drb": null
        },
        {
            "candid": 2332298583015015006,
            "jd": 2460086.798588,
            "ra": 231.3551868,
            "dec": -18.1270278,
            "fid": 1,
            "nid": 2332,
            "magpsf": 16.525100708007812,
            "sigmapsf": 0.028387999162077904,
            "magnr": 22.018999099731445,
            "sigmagnr": 0.31700000166893005,
            "magzpsci": 26.10110092163086,
            "isdiffpos": "t",
            "ssdistnr": null,
            "ssnamenr": null,
            "drb": null
        },
        {
            "candid": 2332316433015015005,
            "jd": 2460086.8164352,
            "ra": 231.3551718,
            "dec": -18.1270639,
            "fid": 2,
            "nid": 2332,
            "magpsf": 16.60770034790039,
            "sigmapsf": 0.04302600026130676,
            "magnr": 21.604000091552734,
            "sigmagnr": 0.19499999284744263,
            "magzpsci": 26.152700424194336,
            "isdiffpos": "t",
            "ssdistnr": null,
            "ssnamenr": null,
            "drb": null
        },
        {
            "candid": 2334314493015015003,
            "jd": 2460088.8144907,
            "ra": 231.3551738,
            "dec": -18.1270354,
            "fid": 1,
            "nid": 2334,
            "magpsf": 16.271699905395508,
            "sigmapsf": 0.02629699930548668,
            "magnr": 22.018999099731445,
            "sigmagnr": 0.31700000166893005,
            "magzpsci": 26.165700912475586,
            "isdiffpos": "t",
            "ssdistnr": null,
            "ssnamenr": null,
            "drb": null
        },
        {
            "candid": 2334369693015015004,
            "jd": 2460088.8696991,
            "ra": 231.3551946,
            "dec": -18.1270599,
            "fid": 2,
            "nid": 2334,
            "magpsf": 16.408300399780273,
            "sigmapsf": 0.033434998244047165,
            "magnr": 21.604000091552734,
            "sigmagnr": 0.19499999284744263,
            "magzpsci": 26.16029930114746,
            "isdiffpos": "t",
            "ssdistnr": null,
            "ssnamenr": null,
            "drb": null
        },
        {
            "candid": 2336273493015015001,
            "jd": 2460090.7734954,
            "ra": 231.3551863,
            "dec": -18.1270447,
            "fid": 1,
            "nid": 2336,
            "magpsf": 16.14859962463379,
            "sigmapsf": 0.03329699859023094,
            "magnr": 22.018999099731445,
            "sigmagnr": 0.31700000166893005,
            "magzpsci": 26.13360023498535,
            "isdiffpos": "t",
            "ssdistnr": null,
            "ssnamenr": null,
            "drb": null
        },
        {
            "candid": 2336327383015015001,
            "jd": 2460090.8273843,
            "ra": 231.3552059,
            "dec": -18.1270775,
            "fid": 2,
            "nid": 2336,
            "magpsf": 16.294700622558594,
            "sigmapsf": 0.03101699985563755,
            "magnr": 21.604000091552734,
            "sigmagnr": 0.19499999284744263,
            "magzpsci": 26.156700134277344,
            "isdiffpos": "t",
            "ssdistnr": null,
            "ssnamenr": null,
            "drb": null
        },
        {
            "candid": 2338354083015015004,
            "jd": 2460092.8540856,
            "ra": 231.3551762,
            "dec": -18.1270642,
            "fid": 1,
            "nid": 2338,
            "magpsf": 16.093700408935547,
            "sigmapsf": 0.03401999920606613,
            "magnr": 22.018999099731445,
            "sigmagnr": 0.31700000166893005,
            "magzpsci": 26.09670066833496,
            "isdiffpos": "t",
            "ssdistnr": null,
            "ssnamenr": null,
            "drb": null
        },
        {
            "candid": 2345382753015015028,
            "jd": 2460099.8827546,
            "ra": 231.3552059,
            "dec": -18.1270527,
            "fid": 2,
            "nid": 2345,
            "magpsf": 16.188400268554688,
            "sigmapsf": 0.04196999967098236,
            "magnr": 21.604000091552734,
            "sigmagnr": 0.19499999284744263,
            "magzpsci": 26.052400588989258,
            "isdiffpos": "t",
            "ssdistnr": null,
            "ssnamenr": null,
            "drb": null
        },
        {
            "candid": 2347335483015015003,
            "jd": 2460101.8354861,
            "ra": 231.3551945,
            "dec": -18.1270394,
            "fid": 2,
            "nid": 2347,
            "magpsf": 16.253700256347656,
            "sigmapsf": 0.02666899934411049,
            "magnr": 21.604000091552734,
            "sigmagnr": 0.19499999284744263,
            "magzpsci": 26.161699295043945,
            "isdiffpos": "t",
            "ssdistnr": null,
            "ssnamenr": null,
            "drb": null
        },
        {
            "candid": 2349267153015015003,
            "jd": 2460103.7671528,
            "ra": 231.3551753,
            "dec": -18.1270514,
            "fid": 1,
            "nid": 2349,
            "magpsf": 16.347299575805664,
            "sigmapsf": 0.03468799963593483,
            "magnr": 22.018999099731445,
            "sigmagnr": 0.31700000166893005,
            "magzpsci": 26.148300170898438,
            "isdiffpos": "t",
            "ssdistnr": null,
            "ssnamenr": null,
            "drb": null
        },
        {
            "candid": 2351271943015015027,
            "jd": 2460105.7719444,
            "ra": 231.3551772,
            "dec": -18.1270374,
            "fid": 2,
            "nid": 2351,
            "magpsf": 16.506200790405273,
            "sigmapsf": 0.040605999529361725,
            "magnr": 21.604000091552734,
            "sigmagnr": 0.19499999284744263,
            "magzpsci": 25.356199264526367,
            "isdiffpos": "t",
            "ssdistnr": null,
            "ssnamenr": null,
            "drb": null
        },
        {
            "candid": 2351358393015015060,
            "jd": 2460105.8583912,
            "ra": 231.3552159,
            "dec": -18.1270623,
            "fid": 1,
            "nid": 2351,
            "magpsf": 16.336700439453125,
            "sigmapsf": 0.048622000962495804,
            "magnr": 22.018999099731445,
            "sigmagnr": 0.31700000166893005,
            "magzpsci": 25.825700759887695,
            "isdiffpos": "t",
            "ssdistnr": null,
            "ssnamenr": null,
            "drb": null
        },
        {
            "candid": 2356230643015015002,
            "jd": 2460110.7306481,
            "ra": 231.3551864,
            "dec": -18.1270487,
            "fid": 2,
            "nid": 2356,
            "magpsf": 16.838899612426758,
            "sigmapsf": 0.0353039987385273,
            "magnr": 21.604000091552734,
            "sigmagnr": 0.19499999284744263,
            "magzpsci": 26.133899688720703,
            "isdiffpos": "t",
            "ssdistnr": null,
            "ssnamenr": null,
            "drb": null
        },
        {
            "candid": 2356253753015015004,
            "jd": 2460110.75375,
            "ra": 231.3551695,
            "dec": -18.1270295,
            "fid": 1,
            "nid": 2356,
            "magpsf": 16.772600173950195,
            "sigmapsf": 0.0517520010471344,
            "magnr": 22.018999099731445,
            "sigmagnr": 0.31700000166893005,
            "magzpsci": 26.096599578857422,
            "isdiffpos": "t",
            "ssdistnr": null,
            "ssnamenr": null,
            "drb": null
        },
        {
            "candid": 2358272823015015012,
            "jd": 2460112.7728241,
            "ra": 231.3551586,
            "dec": -18.127061,
            "fid": 2,
            "nid": 2358,
            "magpsf": 16.93429946899414,
            "sigmapsf": 0.055776000022888184,
            "magnr": 21.604000091552734,
            "sigmagnr": 0.19499999284744263,
            "magzpsci": 26.08329963684082,
            "isdiffpos": "t",
            "ssdistnr": null,
            "ssnamenr": null,
            "drb": null
        },
        {
            "candid": 2360325683015015003,
            "jd": 2460114.8256829,
            "ra": 231.3551849,
            "dec": -18.1270503,
            "fid": 2,
            "nid": 2360,
            "magpsf": 16.978200912475586,
            "sigmapsf": 0.04068500176072121,
            "magnr": 21.604000091552734,
            "sigmagnr": 0.19499999284744263,
            "magzpsci": 26.185199737548828,
            "isdiffpos": "t",
            "ssdistnr": null,
            "ssnamenr": null,
            "drb": null
        },
        {
            "candid": 2362292123015015006,
            "jd": 2460116.7921296,
            "ra": 231.3551794,
            "dec": -18.1270626,
            "fid": 2,
            "nid": 2362,
            "magpsf": 16.985300064086914,
            "sigmapsf": 0.04452100023627281,
            "magnr": 21.604000091552734,
            "sigmagnr": 0.19499999284744263,
            "magzpsci": 26.185300827026367,
            "isdiffpos": "t",
            "ssdistnr": null,
            "ssnamenr": null,
            "drb": null
        },
        {
            "candid": 2362351063015015000,
            "jd": 2460116.8510648,
            "ra": 231.3551719,
            "dec": -18.1270667,
            "fid": 1,
            "nid": 2362,
            "magpsf": 17.178600311279297,
            "sigmapsf": 0.049352001398801804,
            "magnr": 22.018999099731445,
            "sigmagnr": 0.31700000166893005,
            "magzpsci": 25.819599151611328,
            "isdiffpos": "t",
            "ssdistnr": null,
            "ssnamenr": null,
            "drb": null
        },
        {
            "candid": 2365210203015015008,
            "jd": 2460119.7102083,
            "ra": 231.3551578,
            "dec": -18.1270359,
            "fid": 2,
            "nid": 2365,
            "magpsf": 17.00830078125,
            "sigmapsf": 0.038940999656915665,
            "magnr": 21.604000091552734,
            "sigmagnr": 0.19499999284744263,
            "magzpsci": 26.21929931640625,
            "isdiffpos": "t",
            "ssdistnr": null,
            "ssnamenr": null,
            "drb": null
        },
        {
            "candid": 2365231703015015004,
            "jd": 2460119.7317014,
            "ra": 231.3551686,
            "dec": -18.1270713,
            "fid": 1,
            "nid": 2365,
            "magpsf": 17.410200119018555,
            "sigmapsf": 0.04997599869966507,
            "magnr": 22.018999099731445,
            "sigmagnr": 0.31700000166893005,
            "magzpsci": 26.19219970703125,
            "isdiffpos": "t",
            "ssdistnr": null,
            "ssnamenr": null,
            "drb": null
        },
        {
            "candid": 2367192113015015002,
            "jd": 2460121.6921181,
            "ra": 231.3551631,
            "dec": -18.1270619,
            "fid": 1,
            "nid": 2367,
            "magpsf": 17.55579948425293,
            "sigmapsf": 0.06906899809837341,
            "magnr": 22.018999099731445,
            "sigmagnr": 0.31700000166893005,
            "magzpsci": 26.24180030822754,
            "isdiffpos": "t",
            "ssdistnr": null,
            "ssnamenr": null,
            "drb": null
        },
        {
            "candid": 2367231753015015003,
            "jd": 2460121.7317593,
            "ra": 231.3551686,
            "dec": -18.1270534,
            "fid": 2,
            "nid": 2367,
            "magpsf": 17.024999618530273,
            "sigmapsf": 0.03594300150871277,
            "magnr": 21.604000091552734,
            "sigmagnr": 0.19499999284744263,
            "magzpsci": 26.246999740600586,
            "isdiffpos": "t",
            "ssdistnr": null,
            "ssnamenr": null,
            "drb": null
        },
        {
            "candid": 2369246223015015003,
            "jd": 2460123.7462269,
            "ra": 231.3551657,
            "dec": -18.1270688,
            "fid": 1,
            "nid": 2369,
            "magpsf": 17.686599731445312,
            "sigmapsf": 0.05538700148463249,
            "magnr": 22.018999099731445,
            "sigmagnr": 0.31700000166893005,
            "magzpsci": 26.191600799560547,
            "isdiffpos": "t",
            "ssdistnr": null,
            "ssnamenr": null,
            "drb": null
        },
        {
            "candid": 2378189663015015006,
            "jd": 2460132.6896644,
            "ra": 231.3551825,
            "dec": -18.1270539,
            "fid": 2,
            "nid": 2378,
            "magpsf": 17.356399536132812,
            "sigmapsf": 0.03998500108718872,
            "magnr": 21.604000091552734,
            "sigmagnr": 0.19499999284744263,
            "magzpsci": 26.262399673461914,
            "isdiffpos": "t",
            "ssdistnr": null,
            "ssnamenr": null,
            "drb": null
        },
        {
            "candid": 2380190063015015009,
            "jd": 2460134.6900694,
            "ra": 231.3551792,
            "dec": -18.1270722,
            "fid": 2,
            "nid": 2380,
            "magpsf": 17.47209930419922,
            "sigmapsf": 0.04017600044608116,
            "magnr": 21.604000091552734,
            "sigmagnr": 0.19499999284744263,
            "magzpsci": 26.250099182128906,
            "isdiffpos": "t",
            "ssdistnr": null,
            "ssnamenr": null,
            "drb": null
        },
        {
            "candid": 2382188693015015004,
            "jd": 2460136.6886921,
            "ra": 231.3551751,
            "dec": -18.1270552,
            "fid": 1,
            "nid": 2382,
            "magpsf": 18.487199783325195,
            "sigmapsf": 0.06562600284814835,
            "magnr": 22.018999099731445,
            "sigmagnr": 0.31700000166893005,
            "magzpsci": 26.206199645996094,
            "isdiffpos": "t",
            "ssdistnr": null,
            "ssnamenr": null,
            "drb": null
        },
        {
            "candid": 2382272813015015002,
            "jd": 2460136.7728125,
            "ra": 231.3551751,
            "dec": -18.1270485,
            "fid": 2,
            "nid": 2382,
            "magpsf": 17.594100952148438,
            "sigmapsf": 0.06369300186634064,
            "magnr": 21.604000091552734,
            "sigmagnr": 0.19499999284744263,
            "magzpsci": 26.1471004486084,
            "isdiffpos": "t",
            "ssdistnr": null,
            "ssnamenr": null,
            "drb": null
        },
        {
            "candid": 2385185623015015005,
            "jd": 2460139.685625,
            "ra": 231.3551628,
            "dec": -18.127046,
            "fid": 2,
            "nid": 2385,
            "magpsf": 17.742900848388672,
            "sigmapsf": 0.05249899998307228,
            "magnr": 21.604000091552734,
            "sigmagnr": 0.19499999284744263,
            "magzpsci": 26.189899444580078,
            "isdiffpos": "t",
            "ssdistnr": null,
            "ssnamenr": null,
            "drb": null
        },
        {
            "candid": 2385212803015015002,
            "jd": 2460139.7128009,
            "ra": 231.3551797,
            "dec": -18.127049,
            "fid": 1,
            "nid": 2385,
            "magpsf": 18.593599319458008,
            "sigmapsf": 0.0844080001115799,
            "magnr": 22.018999099731445,
            "sigmagnr": 0.31700000166893005,
            "magzpsci": 26.13360023498535,
            "isdiffpos": "t",
            "ssdistnr": null,
            "ssnamenr": null,
            "drb": null
        },
        {
            "candid": 2387212973015015005,
            "jd": 2460141.7129745,
            "ra": 231.3551719,
            "dec": -18.1270499,
            "fid": 1,
            "nid": 2387,
            "magpsf": 18.62030029296875,
            "sigmapsf": 0.1044979989528656,
            "magnr": 22.018999099731445,
            "sigmagnr": 0.31700000166893005,
            "magzpsci": 26.003299713134766,
            "isdiffpos": "t",
            "ssdistnr": null,
            "ssnamenr": null,
            "drb": null
        },
        {
            "candid": 2387270993015015001,
            "jd": 2460141.7709954,
            "ra": 231.3551928,
            "dec": -18.1270554,
            "fid": 2,
            "nid": 2387,
            "magpsf": 17.848800659179688,
            "sigmapsf": 0.06696700304746628,
            "magnr": 21.604000091552734,
            "sigmagnr": 0.19499999284744263,
            "magzpsci": 25.984800338745117,
            "isdiffpos": "t",
            "ssdistnr": null,
            "ssnamenr": null,
            "drb": null
        },
        {
            "candid": 2389203933015015001,
            "jd": 2460143.7039352,
            "ra": 231.3551688,
            "dec": -18.1270564,
            "fid": 1,
            "nid": 2389,
            "magpsf": 18.71809959411621,
            "sigmapsf": 0.09664800018072128,
            "magnr": 22.018999099731445,
            "sigmagnr": 0.31700000166893005,
            "magzpsci": 26.157100677490234,
            "isdiffpos": "t",
            "ssdistnr": null,
            "ssnamenr": null,
            "drb": null
        },
        {
            "candid": 2389211633015015002,
            "jd": 2460143.7116319,
            "ra": 231.3552059,
            "dec": -18.1270332,
            "fid": 2,
            "nid": 2389,
            "magpsf": 17.877099990844727,
            "sigmapsf": 0.06182600185275078,
            "magnr": 21.604000091552734,
            "sigmagnr": 0.19499999284744263,
            "magzpsci": 26.192100524902344,
            "isdiffpos": "t",
            "ssdistnr": null,
            "ssnamenr": null,
            "drb": null
        },
        {
            "candid": 2391215413015015005,
            "jd": 2460145.7154167,
            "ra": 231.3551682,
            "dec": -18.1270768,
            "fid": 1,
            "nid": 2391,
            "magpsf": 18.760900497436523,
            "sigmapsf": 0.09617400169372559,
            "magnr": 22.018999099731445,
            "sigmagnr": 0.31700000166893005,
            "magzpsci": 26.164899826049805,
            "isdiffpos": "t",
            "ssdistnr": null,
            "ssnamenr": null,
            "drb": null
        },
        {
            "candid": 2393182633015015002,
            "jd": 2460147.6826389,
            "ra": 231.3551831,
            "dec": -18.1270555,
            "fid": 1,
            "nid": 2393,
            "magpsf": 18.80725860595703,
            "sigmapsf": 0.10582323372364044,
            "magnr": 22.018999099731445,
            "sigmagnr": 0.31700000166893005,
            "magzpsci": 26.1402587890625,
            "isdiffpos": "t",
            "ssdistnr": -999.0,
            "ssnamenr": "null",
            "drb": null
        },
        {
            "jd": 2460049.919294,
            "fid": 2,
            "diffmaglim": 20.332599639892578
        },
        {
            "jd": 2460049.940162,
            "fid": 1,
            "diffmaglim": 20.246400833129883
        },
        {
            "jd": 2460051.8985069,
            "fid": 2,
            "diffmaglim": 20.52050018310547
        },
        {
            "jd": 2460053.9200694,
            "fid": 2,
            "diffmaglim": 20.077600479125977
        },
        {
            "jd": 2460055.8290972,
            "fid": 1,
            "diffmaglim": 20.149799346923828
        },
        {
            "jd": 2460055.8934838,
            "fid": 2,
            "diffmaglim": 20.36370086669922
        },
        {
            "jd": 2460057.8705556,
            "fid": 1,
            "diffmaglim": 20.071800231933594
        },
        {
            "jd": 2460057.8952662,
            "fid": 2,
            "diffmaglim": 19.297199249267578
        },
        {
            "jd": 2460059.8884722,
            "fid": 1,
            "diffmaglim": 20.074399948120117
        },
        {
            "jd": 2460059.9205208,
            "fid": 2,
            "diffmaglim": 20.083900451660156
        },
        {
            "jd": 2460061.826794,
            "fid": 2,
            "diffmaglim": 19.946500778198242
        },
        {
            "jd": 2460063.8791435,
            "fid": 2,
            "diffmaglim": 20.167299270629883
        },
        {
            "jd": 2460063.9195023,
            "fid": 1,
            "diffmaglim": 20.153600692749023
        },
        {
            "jd": 2460065.8141204,
            "fid": 1,
            "diffmaglim": 19.378599166870117
        },
        {
            "jd": 2460072.8781019,
            "fid": 1,
            "diffmaglim": 18.985599517822266
        },
        {
            "jd": 2460075.8159838,
            "fid": 2,
            "diffmaglim": 20.255300521850586
        },
        {
            "jd": 2460077.8140741,
            "fid": 2,
            "diffmaglim": 19.982099533081055
        },
        {
            "jd": 2460077.9137847,
            "fid": 1,
            "diffmaglim": 19.87779998779297
        },
        {
            "jd": 2460127.710463,
            "fid": 1,
            "diffmaglim": 18.964399337768555
        }
    ],
    "forcedphot": []
}