{
    "objectId": "ZTF23aaqjrsx",
    "candidates": [
        {
            "candid": 2370231846315015000,
            "jd": 2460124.7318403,
            "ra": 235.8606919,
            "dec": -7.0388639,
            "fid": 2,
            "nid": 2370,
            "magpsf": 19.58009910583496,
            "sigmapsf": 0.2786960005760193,
            "magnr": 19.819000244140625,
            "sigmagnr": 0.11800000071525574,
            "magzpsci": 26.1830997467041,
            "isdiffpos": "t",
            "ssdistnr": null,
            "ssnamenr": null,
            "drb": null
        },
        {
            "candid": 2370271166315015001,
            "jd": 2460124.771169,
            "ra": 235.8606534,
            "dec": -7.0385626,
            "fid": 1,
            "nid": 2370,
            "magpsf": 19.462099075317383,
            "sigmapsf": 0.2343589961528778,
            "magnr": 20.816999435424805,
            "sigmagnr": 0.09700000286102295,
            "magzpsci": 26.20210075378418,
            "isdiffpos": "t",
            "ssdistnr": null,
            "ssnamenr": null,
            "drb": null
        },
        {
            "candid": 2374278176315015000,
            "jd": 2460128.7781713,
            "ra": 235.8606474,
            "dec": -7.0387971,
            "fid": 1,
            "nid": 2374,
            "magpsf": 18.72450065612793,
            "sigmapsf": 0.1830199956893921,
            "magnr": 20.816999435424805,
            "sigmagnr": 0.09700000286102295,
            "magzpsci": 26.166500091552734,
            "isdiffpos": "t",
            "ssdistnr": null,
            "ssnamenr": null,
            "drb": null
        },
        {
            "candid": 2374319346315015000,
            "jd": 2460128.8193403,
            "ra": 235.8606468,
            "dec": -7.0387274,
            "fid": 2,
            "nid": 2374,
            "magpsf": 18.921300888061523,
            "sigmapsf": 0.1709820032119751,
            "magnr": 19.819000244140625,
            "sigmagnr": 0.11800000071525574,
            "magzpsci": 26.121299743652344,
            "isdiffpos": "t",
            "ssdistnr": null,
            "ssnamenr": null,
            "drb": null
        },
        {
            "candid": 2380191486315015002,
            "jd": 2460134.6914815,
            "ra": 235.860581,
            "dec": -7.0387551,
            "fid": 2,
            "nid": 2380,
            "magpsf": 18.553499221801758,
            "sigmapsf": 0.07055599987506866,
            "magnr": 19.819000244140625,
            "sigmagnr": 0.11800000071525574,
            "magzpsci": 26.203500747680664,
            "isdiffpos": "t",
            "ssdistnr": null,
            "ssnamenr": null,
            "drb": null
        },
        {
            "candid": 2380319296315015000,
            "jd": 2460134.819294,
            "ra": 235.8606104,
            "dec": -7.0387411,
            "fid": 1,
            "nid": 2380,
            "magpsf": 18.55120086669922,
            "sigmapsf": 0.08654499799013138,
            "magnr": 20.816999435424805,
            "sigmagnr": 0.09700000286102295,
            "magzpsci": 26.114200592041016,
            "isdiffpos": "t",
            "ssdistnr": null,
            "ssnamenr": null,
            "drb": null
        },
        {
            "candid": 2382272336315015004,
            "jd": 2460136.772338,
            "ra": 235.8605845,
            "dec": -7.0387471,
            "fid": 2,
            "nid": 2382,
            "magpsf": 18.49139976501465,
            "sigmapsf": 0.07405500113964081,
            "magnr": 19.819000244140625,
            "sigmagnr": 0.11800000071525574,
            "magzpsci": 26.143400192260742,
            "isdiffpos": "t",
            "ssdistnr": null,
            "ssnamenr": null,
            "drb": null
        },
        {
            "candid": 2384249886315015001,
            "jd": 2460138.7498843,
            "ra": 235.8605965,
            "dec": -7.0387563,
            "fid": 1,
            "nid": 2384,
            "magpsf": 18.61199951171875,
            "sigmapsf": 0.09795500338077545,
            "magnr": 20.816999435424805,
            "sigmagnr": 0.09700000286102295,
            "magzpsci": 25.87700080871582,
            "isdiffpos": "t",
            "ssdistnr": null,
            "ssnamenr": null,
            "drb": null
        },
        {
            "candid": 2386190996315015001,
            "jd": 2460140.6909954,
            "ra": 235.8605716,
            "dec": -7.0387353,
            "fid": 1,
            "nid": 2386,
            "magpsf": 18.736900329589844,
            "sigmapsf": 0.08088900148868561,
            "magnr": 20.816999435424805,
            "sigmagnr": 0.09700000286102295,
            "magzpsci": 26.200899124145508,
            "isdiffpos": "t",
            "ssdistnr": null,
            "ssnamenr": null,
            "drb": null
        },
        {
            "candid": 2386232196315015001,
            "jd": 2460140.7321991,
            "ra": 235.8605932,
            "dec": -7.0387354,
            "fid": 2,
            "nid": 2386,
            "magpsf": 18.584400177001953,
            "sigmapsf": 0.0755160003900528,
            "magnr": 19.819000244140625,
            "sigmagnr": 0.11800000071525574,
            "magzpsci": 26.161399841308594,
            "isdiffpos": "t",
            "ssdistnr": null,
            "ssnamenr": null,
            "drb": null
        },
        {
            "candid": 2389203466315015002,
            "jd": 2460143.7034606,
            "ra": 235.860599,
            "dec": -7.038745,
            "fid": 1,
            "nid": 2389,
            "magpsf": 18.940099716186523,
            "sigmapsf": 0.08712100237607956,
            "magnr": 20.816999435424805,
            "sigmagnr": 0.09700000286102295,
            "magzpsci": 26.199199676513672,
            "isdiffpos": "t",
            "ssdistnr": null,
            "ssnamenr": null,
            "drb": null
        },
        {
            "candid": 2389213986315015005,
            "jd": 2460143.7139815,
            "ra": 235.8605758,
            "dec": -7.0387433,
            "fid": 2,
            "nid": 2389,
            "magpsf": 18.718599319458008,
            "sigmapsf": 0.0945959985256195,
            "magnr": 19.819000244140625,
            "sigmagnr": 0.11800000071525574,
            "magzpsci": 26.152599334716797,
            "isdiffpos": "t",
            "ssdistnr": null,
            "ssnamenr": null,
            "drb": null
        },
        {
            "candid": 2392182006315015000,
            "jd": 2460146.6820023,
            "ra": 235.8606183,
            "dec": -7.0387334,
            "fid": 2,
            "nid": 2392,
            "magpsf": 18.98069953918457,
            "sigmapsf": 0.08553200215101242,
            "magnr": 19.819000244140625,
            "sigmagnr": 0.11800000071525574,
            "magzpsci": 26.187700271606445,
            "isdiffpos": "t",
            "ssdistnr": null,
            "ssnamenr": null,
            "drb": null
        },
        {
            "candid": 2392254496315015002,
            "jd": 2460146.7544907,
            "ra": 235.8605593,
            "dec": -7.038795,
            "fid": 2,
            "nid": 2392,
            "magpsf": 18.978300094604492,
            "sigmapsf": 0.11546199768781662,
            "magnr": 19.819000244140625,
            "sigmagnr": 0.11800000071525574,
            "magzpsci": 26.1382999420166,
            "isdiffpos": "t",
            "ssdistnr": null,
            "ssnamenr": null,
            "drb": null
        },
        {
            "candid": 2394257046315015001,
            "jd": 2460148.7570486,
            "ra": 235.8605568,
            "dec": -7.0387753,
            "fid": 2,
            "nid": 2394,
            "magpsf": 19.081899642944336,
            "sigmapsf": 0.10014300048351288,
            "magnr": 19.819000244140625,
            "sigmagnr": 0.11800000071525574,
            "magzpsci": 26.064899444580078,
            "isdiffpos": "t",
            "ssdistnr": null,
            "ssnamenr": null,
            "drb": null
        },
        {
            "candid": 2394277216315015000,
            "jd": 2460148.7772106,
            "ra": 235.860534,
            "dec": -7.038731,
            "fid": 1,
            "nid": 2394,
            "magpsf": 19.427400588989258,
            "sigmapsf": 0.14360900223255157,
            "magnr": 20.816999435424805,
            "sigmagnr": 0.09700000286102295,
            "magzpsci": 25.98539924621582,
            "isdiffpos": "t",
            "ssdistnr": null,
            "ssnamenr": null,
            "drb": null
        },
        {
            "candid": 2396212046315015001,
            "jd": 2460150.7120486,
            "ra": 235.8605936,
            "dec": -7.038712,
            "fid": 1,
            "nid": 2396,
            "magpsf": 19.440799713134766,
            "sigmapsf": 0.16175700724124908,
            "magnr": 20.816999435424805,
            "sigmagnr": 0.09700000286102295,
            "magzpsci": 26.146900177001953,
            "isdiffpos": "t",
            "ssdistnr": null,
            "ssnamenr": null,
            "drb": null
        },
        {
            "candid": 2405231626315015001,
            "jd": 2460159.7316204,
            "ra": 235.8605887,
            "dec": -7.0387903,
            "fid": 2,
            "nid": 2405,
            "magpsf": 19.300100326538086,
            "sigmapsf": 0.17094799876213074,
            "magnr": 19.819000244140625,
            "sigmagnr": 0.11800000071525574,
            "magzpsci": 26.146099090576172,
            "isdiffpos": "t",
            "ssdistnr": null,
            "ssnamenr": null,
            "drb": null
        },
        {
            "candid": 2408232676315015001,
            "jd": 2460162.7326736,
            "ra": 235.8606422,
            "dec": -7.038744,
            "fid": 2,
            "nid": 2408,
            "magpsf": 19.39622688293457,
            "sigmapsf": 0.13189788162708282,
            "magnr": 19.819000244140625,
            "sigmagnr": 0.11800000071525574,
            "magzpsci": 26.1622257232666,
            "isdiffpos": "t",
            "ssdistnr": -999.0,
            "ssnamenr": "null",
            "drb": null
        },
        {
            "jd": 2460099.8832176,
            "fid": 2,
            "diffmaglim": 18.540199279785156
        },
        {
            "jd": 2460099.9307523,
            "fid": 1,
            "diffmaglim": 18.052600860595703
        },
        {
            "jd": 2460101.7755787,
            "fid": 1,
            "diffmaglim": 19.459999084472656
        },
        {
            "jd": 2460101.8350116,
            "fid": 2,
            "diffmaglim": 19.453699111938477
        },
        {
            "jd": 2460103.7676273,
            "fid": 1,
            "diffmaglim": 20.53499984741211
        },
        {
            "jd": 2460105.772419,
            "fid": 2,
            "diffmaglim": 19.984100341796875
        },
        {
            "jd": 2460109.7733333,
            "fid": 1,
            "diffmaglim": 20.534000396728516
        },
        {
            "jd": 2460111.7725694,
            "fid": 1,
            "diffmaglim": 20.60540008544922
        },
        {
            "jd": 2460113.7729514,
            "fid": 1,
            "diffmaglim": 20.63990020751953
        },
        {
            "jd": 2460113.8722801,
            "fid": 2,
            "diffmaglim": 20.23859977722168
        },
        {
            "jd": 2460116.836169,
            "fid": 1,
            "diffmaglim": 19.709400177001953
        },
        {
            "jd": 2460118.7113889,
            "fid": 2,
            "diffmaglim": 19.931800842285156
        },
        {
            "jd": 2460120.7108218,
            "fid": 2,
            "diffmaglim": 20.269500732421875
        },
        {
            "jd": 2460120.7522917,
            "fid": 1,
            "diffmaglim": 20.069700241088867
        },
        {
            "jd": 2460122.7968403,
            "fid": 1,
            "diffmaglim": 19.523300170898438
        },
        {
            "jd": 2460155.7321412,
            "fid": 1,
            "diffmaglim": 19.11669921875
        }
    ],
    "forcedphot": []
}