{
    "objectId": "ZTF24abmffcf",
    "candidates": [
        {
            "candid": 2840137921315015039,
            "jd": 2460594.6379282,
            "ra": 263.235807,
            "dec": 52.2158873,
            "fid": 1,
            "nid": 2840,
            "magpsf": 18.466800689697266,
            "sigmapsf": 0.09872700273990631,
            "magnr": 16.856000900268555,
            "sigmagnr": 0.03799999877810478,
            "magzpsci": 26.25279998779297,
            "isdiffpos": "t",
            "ssdistnr": null,
            "ssnamenr": null,
            "drb": null
        },
        {
            "candid": 2841121680015015023,
            "jd": 2460595.6216898,
            "ra": 263.2357816,
            "dec": 52.2160076,
            "fid": 1,
            "nid": 2841,
            "magpsf": 18.484800338745117,
            "sigmapsf": 0.09657499939203262,
            "magnr": 16.8439998626709,
            "sigmagnr": 0.03200000151991844,
            "magzpsci": 26.141799926757812,
            "isdiffpos": "t",
            "ssdistnr": null,
            "ssnamenr": null,
            "drb": null
        },
        {
            "candid": 2841139081315015056,
            "jd": 2460595.6390856,
            "ra": 263.2358222,
            "dec": 52.2158605,
            "fid": 1,
            "nid": 2841,
            "magpsf": 18.302799224853516,
            "sigmapsf": 0.08064799755811691,
            "magnr": 16.856000900268555,
            "sigmagnr": 0.03799999877810478,
            "magzpsci": 26.244800567626953,
            "isdiffpos": "t",
            "ssdistnr": null,
            "ssnamenr": null,
            "drb": null
        },
        {
            "candid": 2841162671315015040,
            "jd": 2460595.6626736,
            "ra": 263.2357422,
            "dec": 52.2157198,
            "fid": 2,
            "nid": 2841,
            "magpsf": 18.024099349975586,
            "sigmapsf": 0.10901699960231781,
            "magnr": 16.115999221801758,
            "sigmagnr": 0.06400000303983688,
            "magzpsci": 26.177099227905273,
            "isdiffpos": "t",
            "ssdistnr": null,
            "ssnamenr": null,
            "drb": null
        },
        {
            "candid": 2843118101315015046,
            "jd": 2460597.6181019,
            "ra": 263.2359848,
            "dec": 52.2157484,
            "fid": 2,
            "nid": 2843,
            "magpsf": 18.10700035095215,
            "sigmapsf": 0.13463400304317474,
            "magnr": 16.115999221801758,
            "sigmagnr": 0.06400000303983688,
            "magzpsci": 26.202999114990234,
            "isdiffpos": "t",
            "ssdistnr": null,
            "ssnamenr": null,
            "drb": null
        },
        {
            "candid": 2843141180015015018,
            "jd": 2460597.6411806,
            "ra": 263.2356912,
            "dec": 52.2159327,
            "fid": 2,
            "nid": 2843,
            "magpsf": 18.422100067138672,
            "sigmapsf": 0.055702999234199524,
            "magnr": 16.177000045776367,
            "sigmagnr": 0.05000000074505806,
            "magzpsci": 26.157100677490234,
            "isdiffpos": "t",
            "ssdistnr": null,
            "ssnamenr": null,
            "drb": null
        },
        {
            "candid": 2845137980015015011,
            "jd": 2460599.6379861,
            "ra": 263.2357798,
            "dec": 52.2159152,
            "fid": 2,
            "nid": 2845,
            "magpsf": 18.196399688720703,
            "sigmapsf": 0.04873599857091904,
            "magnr": 16.177000045776367,
            "sigmagnr": 0.05000000074505806,
            "magzpsci": 26.14240074157715,
            "isdiffpos": "t",
            "ssdistnr": null,
            "ssnamenr": null,
            "drb": null
        },
        {
            "candid": 2845160481315015030,
            "jd": 2460599.6604861,
            "ra": 263.2357746,
            "dec": 52.2158281,
            "fid": 2,
            "nid": 2845,
            "magpsf": 18.00629997253418,
            "sigmapsf": 0.0879800021648407,
            "magnr": 16.115999221801758,
            "sigmagnr": 0.06400000303983688,
            "magzpsci": 26.205299377441406,
            "isdiffpos": "t",
            "ssdistnr": null,
            "ssnamenr": null,
            "drb": null
        },
        {
            "candid": 2850121510015015017,
            "jd": 2460604.6215162,
            "ra": 263.2358108,
            "dec": 52.2158906,
            "fid": 1,
            "nid": 2850,
            "magpsf": 18.142099380493164,
            "sigmapsf": 0.0781090036034584,
            "magnr": 16.8439998626709,
            "sigmagnr": 0.03200000151991844,
            "magzpsci": 26.210100173950195,
            "isdiffpos": "t",
            "ssdistnr": null,
            "ssnamenr": null,
            "drb": null
        },
        {
            "candid": 2850124881315015113,
            "jd": 2460604.6248843,
            "ra": 263.2358327,
            "dec": 52.2159196,
            "fid": 1,
            "nid": 2850,
            "magpsf": 18.06719970703125,
            "sigmapsf": 0.0689140036702156,
            "magnr": 16.856000900268555,
            "sigmagnr": 0.03799999877810478,
            "magzpsci": 26.246200561523438,
            "isdiffpos": "t",
            "ssdistnr": null,
            "ssnamenr": null,
            "drb": null
        },
        {
            "candid": 2850178830015015013,
            "jd": 2460604.678831,
            "ra": 263.2357432,
            "dec": 52.215896,
            "fid": 2,
            "nid": 2850,
            "magpsf": 18.0669002532959,
            "sigmapsf": 0.04879499971866608,
            "magnr": 16.177000045776367,
            "sigmagnr": 0.05000000074505806,
            "magzpsci": 26.118900299072266,
            "isdiffpos": "t",
            "ssdistnr": null,
            "ssnamenr": null,
            "drb": null
        },
        {
            "candid": 2850197821315015037,
            "jd": 2460604.6978241,
            "ra": 263.235724,
            "dec": 52.2157843,
            "fid": 2,
            "nid": 2850,
            "magpsf": 17.78820037841797,
            "sigmapsf": 0.10733000189065933,
            "magnr": 16.115999221801758,
            "sigmagnr": 0.06400000303983688,
            "magzpsci": 26.11720085144043,
            "isdiffpos": "t",
            "ssdistnr": null,
            "ssnamenr": null,
            "drb": null
        },
        {
            "candid": 2852136341315015025,
            "jd": 2460606.6363426,
            "ra": 263.2358051,
            "dec": 52.2158283,
            "fid": 2,
            "nid": 2852,
            "magpsf": 17.891199111938477,
            "sigmapsf": 0.0903870016336441,
            "magnr": 16.115999221801758,
            "sigmagnr": 0.06400000303983688,
            "magzpsci": 26.149200439453125,
            "isdiffpos": "t",
            "ssdistnr": null,
            "ssnamenr": null,
            "drb": null
        },
        {
            "candid": 2852175820015015008,
            "jd": 2460606.6758218,
            "ra": 263.235868,
            "dec": 52.2159391,
            "fid": 1,
            "nid": 2852,
            "magpsf": 18.252300262451172,
            "sigmapsf": 0.09211499989032745,
            "magnr": 16.8439998626709,
            "sigmagnr": 0.03200000151991844,
            "magzpsci": 26.143299102783203,
            "isdiffpos": "t",
            "ssdistnr": null,
            "ssnamenr": null,
            "drb": null
        },
        {
            "candid": 2852199211315015080,
            "jd": 2460606.699213,
            "ra": 263.2357865,
            "dec": 52.2158826,
            "fid": 1,
            "nid": 2852,
            "magpsf": 18.191299438476562,
            "sigmapsf": 0.07609199732542038,
            "magnr": 16.856000900268555,
            "sigmagnr": 0.03799999877810478,
            "magzpsci": 26.135299682617188,
            "isdiffpos": "t",
            "ssdistnr": null,
            "ssnamenr": null,
            "drb": null
        },
        {
            "candid": 2854158311315015045,
            "jd": 2460608.6583102,
            "ra": 263.2358522,
            "dec": 52.2158296,
            "fid": 2,
            "nid": 2854,
            "magpsf": 18.03730010986328,
            "sigmapsf": 0.13429799675941467,
            "magnr": 16.115999221801758,
            "sigmagnr": 0.06400000303983688,
            "magzpsci": 26.156299591064453,
            "isdiffpos": "t",
            "ssdistnr": null,
            "ssnamenr": null,
            "drb": null
        },
        {
            "candid": 2856133701315025048,
            "jd": 2460610.6337037,
            "ra": 263.2358023,
            "dec": 52.2158661,
            "fid": 1,
            "nid": 2856,
            "magpsf": 18.3976993560791,
            "sigmapsf": 0.10723599791526794,
            "magnr": 16.856000900268555,
            "sigmagnr": 0.03799999877810478,
            "magzpsci": 26.167699813842773,
            "isdiffpos": "t",
            "ssdistnr": null,
            "ssnamenr": null,
            "drb": null
        },
        {
            "candid": 2856134650015025011,
            "jd": 2460610.6346528,
            "ra": 263.2357112,
            "dec": 52.2159433,
            "fid": 1,
            "nid": 2856,
            "magpsf": 18.569299697875977,
            "sigmapsf": 0.08586899936199188,
            "magnr": 16.8439998626709,
            "sigmagnr": 0.03200000151991844,
            "magzpsci": 26.137300491333008,
            "isdiffpos": "t",
            "ssdistnr": null,
            "ssnamenr": null,
            "drb": null
        },
        {
            "candid": 2865102180015015027,
            "jd": 2460619.6021875,
            "ra": 263.2356863,
            "dec": 52.2157474,
            "fid": 2,
            "nid": 2865,
            "magpsf": 18.45439910888672,
            "sigmapsf": 0.08926200121641159,
            "magnr": 16.177000045776367,
            "sigmagnr": 0.05000000074505806,
            "magzpsci": 26.130399703979492,
            "isdiffpos": "t",
            "ssdistnr": null,
            "ssnamenr": null,
            "drb": null
        },
        {
            "candid": 2865116791315015076,
            "jd": 2460619.616794,
            "ra": 263.2357417,
            "dec": 52.2158161,
            "fid": 1,
            "nid": 2865,
            "magpsf": 19.166900634765625,
            "sigmapsf": 0.1358869969844818,
            "magnr": 16.856000900268555,
            "sigmagnr": 0.03799999877810478,
            "magzpsci": 26.1968994140625,
            "isdiffpos": "t",
            "ssdistnr": null,
            "ssnamenr": null,
            "drb": null
        },
        {
            "candid": 2867103650015015032,
            "jd": 2460621.6036574,
            "ra": 263.2356903,
            "dec": 52.2158833,
            "fid": 2,
            "nid": 2867,
            "magpsf": 18.504562377929688,
            "sigmapsf": 0.08355123549699783,
            "magnr": 16.177000045776367,
            "sigmagnr": 0.05000000074505806,
            "magzpsci": 26.137563705444336,
            "isdiffpos": "t",
            "ssdistnr": -999.0,
            "ssnamenr": "null",
            "drb": null
        },
        {
            "jd": 2460566.6544213,
            "fid": 1,
            "diffmaglim": 20.11829948425293
        },
        {
            "jd": 2460566.6553588,
            "fid": 1,
            "diffmaglim": 20.127899169921875
        },
        {
            "jd": 2460566.6781713,
            "fid": 2,
            "diffmaglim": 19.78569984436035
        },
        {
            "jd": 2460566.6951042,
            "fid": 2,
            "diffmaglim": 19.429500579833984
        },
        {
            "jd": 2460568.6593981,
            "fid": 1,
            "diffmaglim": 20.013200759887695
        },
        {
            "jd": 2460568.678125,
            "fid": 2,
            "diffmaglim": 19.792800903320312
        },
        {
            "jd": 2460568.6804977,
            "fid": 2,
            "diffmaglim": 19.93670082092285
        },
        {
            "jd": 2460568.7629282,
            "fid": 1,
            "diffmaglim": 19.513599395751953
        },
        {
            "jd": 2460571.6869792,
            "fid": 2,
            "diffmaglim": 19.355899810791016
        },
        {
            "jd": 2460571.6983333,
            "fid": 2,
            "diffmaglim": 19.34980010986328
        },
        {
            "jd": 2460571.7664468,
            "fid": 1,
            "diffmaglim": 19.215200424194336
        },
        {
            "jd": 2460571.7674653,
            "fid": 1,
            "diffmaglim": 19.03219985961914
        },
        {
            "jd": 2460575.6336458,
            "fid": 1,
            "diffmaglim": 20.65019989013672
        },
        {
            "jd": 2460575.6345833,
            "fid": 1,
            "diffmaglim": 20.514299392700195
        },
        {
            "jd": 2460575.6766898,
            "fid": 2,
            "diffmaglim": 20.191999435424805
        },
        {
            "jd": 2460575.6824769,
            "fid": 2,
            "diffmaglim": 19.81679916381836
        },
        {
            "jd": 2460575.7183218,
            "fid": 3,
            "diffmaglim": 19.607200622558594
        },
        {
            "jd": 2460575.7216204,
            "fid": 3,
            "diffmaglim": 19.788700103759766
        },
        {
            "jd": 2460576.6356713,
            "fid": 1,
            "diffmaglim": 20.440099716186523
        },
        {
            "jd": 2460576.6366204,
            "fid": 1,
            "diffmaglim": 20.632699966430664
        },
        {
            "jd": 2460576.6597454,
            "fid": 3,
            "diffmaglim": 19.85219955444336
        },
        {
            "jd": 2460576.6840046,
            "fid": 2,
            "diffmaglim": 19.84950065612793
        },
        {
            "jd": 2460576.6849537,
            "fid": 2,
            "diffmaglim": 20.332399368286133
        },
        {
            "jd": 2460576.7856481,
            "fid": 3,
            "diffmaglim": 19.302900314331055
        },
        {
            "jd": 2460595.6579514,
            "fid": 2,
            "diffmaglim": 19.14229965209961
        },
        {
            "jd": 2460597.6604282,
            "fid": 1,
            "diffmaglim": 19.910400390625
        },
        {
            "jd": 2460597.6759259,
            "fid": 1,
            "diffmaglim": 19.86709976196289
        },
        {
            "jd": 2460602.7036574,
            "fid": 2,
            "diffmaglim": 17.91119956970215
        },
        {
            "jd": 2460602.7041319,
            "fid": 2,
            "diffmaglim": 17.66710090637207
        },
        {
            "jd": 2460606.6372917,
            "fid": 2,
            "diffmaglim": 19.928199768066406
        },
        {
            "jd": 2460608.6592477,
            "fid": 2,
            "diffmaglim": 19.719999313354492
        },
        {
            "jd": 2460610.6564583,
            "fid": 2,
            "diffmaglim": 19.864099502563477
        },
        {
            "jd": 2460610.6569329,
            "fid": 2,
            "diffmaglim": 19.86669921875
        },
        {
            "jd": 2460615.599456,
            "fid": 2,
            "diffmaglim": 20.170900344848633
        },
        {
            "jd": 2460619.5995255,
            "fid": 2,
            "diffmaglim": 19.520599365234375
        },
        {
            "jd": 2460619.6153241,
            "fid": 1,
            "diffmaglim": 19.896400451660156
        }
    ],
    "forcedphot": [
        {
            "objectid": "ZTF24abmffcf",
            "jd": 2460566.6553588,
            "ranr": -99999.0,
            "decnr": -99999.0,
            "fid": 1,
            "forcediffimflux": -99999.0,
            "forcediffimfluxunc": -99999.0,
            "magzpsci": 26.011199951171875
        },
        {
            "objectid": "ZTF24abmffcf",
            "jd": 2460566.6951042,
            "ranr": 263.2378691,
            "decnr": 52.2156491,
            "fid": 2,
            "forcediffimflux": 196.1775360107422,
            "forcediffimfluxunc": 60.76084899902344,
            "magzpsci": 26.063499450683594
        },
        {
            "objectid": "ZTF24abmffcf",
            "jd": 2460568.6804977,
            "ranr": -99999.0,
            "decnr": -99999.0,
            "fid": 2,
            "forcediffimflux": -99999.0,
            "forcediffimfluxunc": -99999.0,
            "magzpsci": 26.071399688720703
        },
        {
            "objectid": "ZTF24abmffcf",
            "jd": 2460568.7629282,
            "ranr": -99999.0,
            "decnr": -99999.0,
            "fid": 1,
            "forcediffimflux": -99999.0,
            "forcediffimfluxunc": -99999.0,
            "magzpsci": 26.112600326538086
        },
        {
            "objectid": "ZTF24abmffcf",
            "jd": 2460571.6983333,
            "ranr": -99999.0,
            "decnr": -99999.0,
            "fid": 2,
            "forcediffimflux": -99999.0,
            "forcediffimfluxunc": -99999.0,
            "magzpsci": 26.04050064086914
        },
        {
            "objectid": "ZTF24abmffcf",
            "jd": 2460571.7674653,
            "ranr": 263.2359003,
            "decnr": 52.2155909,
            "fid": 1,
            "forcediffimflux": 183.73004150390625,
            "forcediffimfluxunc": 99.8711166381836,
            "magzpsci": 26.177200317382812
        },
        {
            "objectid": "ZTF24abmffcf",
            "jd": 2460575.6345833,
            "ranr": 263.236861,
            "decnr": 52.2161494,
            "fid": 1,
            "forcediffimflux": -9.275988578796387,
            "forcediffimfluxunc": 23.066177368164062,
            "magzpsci": 26.23710060119629
        },
        {
            "objectid": "ZTF24abmffcf",
            "jd": 2460575.6824769,
            "ranr": 263.2370404,
            "decnr": 52.2161369,
            "fid": 2,
            "forcediffimflux": -27.461437225341797,
            "forcediffimfluxunc": 21.89827537536621,
            "magzpsci": 26.122699737548828
        },
        {
            "objectid": "ZTF24abmffcf",
            "jd": 2460575.7216204,
            "ranr": -99999.0,
            "decnr": -99999.0,
            "fid": 3,
            "forcediffimflux": -99999.0,
            "forcediffimfluxunc": -99999.0,
            "magzpsci": 25.350799560546875
        },
        {
            "objectid": "ZTF24abmffcf",
            "jd": 2460576.6366204,
            "ranr": 263.2359003,
            "decnr": 52.2155909,
            "fid": 1,
            "forcediffimflux": 43.705772399902344,
            "forcediffimfluxunc": 25.94144630432129,
            "magzpsci": 26.20840072631836
        },
        {
            "objectid": "ZTF24abmffcf",
            "jd": 2460576.6849537,
            "ranr": -99999.0,
            "decnr": -99999.0,
            "fid": 2,
            "forcediffimflux": -99999.0,
            "forcediffimfluxunc": -99999.0,
            "magzpsci": 26.025999069213867
        },
        {
            "objectid": "ZTF24abmffcf",
            "jd": 2460576.7856481,
            "ranr": 263.2358545,
            "decnr": 52.2155929,
            "fid": 3,
            "forcediffimflux": 8.433780670166016,
            "forcediffimfluxunc": 38.40685272216797,
            "magzpsci": 25.479999542236328
        },
        {
            "objectid": "ZTF24abmffcf",
            "jd": 2460594.6379282,
            "ranr": -99999.0,
            "decnr": -99999.0,
            "fid": 1,
            "forcediffimflux": -99999.0,
            "forcediffimfluxunc": -99999.0,
            "magzpsci": 26.177400588989258
        },
        {
            "objectid": "ZTF24abmffcf",
            "jd": 2460595.6216898,
            "ranr": -99999.0,
            "decnr": -99999.0,
            "fid": 1,
            "forcediffimflux": -99999.0,
            "forcediffimfluxunc": -99999.0,
            "magzpsci": 26.060800552368164
        },
        {
            "objectid": "ZTF24abmffcf",
            "jd": 2460595.6390856,
            "ranr": -99999.0,
            "decnr": -99999.0,
            "fid": 1,
            "forcediffimflux": -99999.0,
            "forcediffimfluxunc": -99999.0,
            "magzpsci": 26.153200149536133
        },
        {
            "objectid": "ZTF24abmffcf",
            "jd": 2460595.6626736,
            "ranr": -99999.0,
            "decnr": -99999.0,
            "fid": 2,
            "forcediffimflux": -99999.0,
            "forcediffimfluxunc": -99999.0,
            "magzpsci": 26.04520034790039
        },
        {
            "objectid": "ZTF24abmffcf",
            "jd": 2460597.6181019,
            "ranr": -99999.0,
            "decnr": -99999.0,
            "fid": 2,
            "forcediffimflux": -99999.0,
            "forcediffimfluxunc": -99999.0,
            "magzpsci": 26.08530044555664
        },
        {
            "objectid": "ZTF24abmffcf",
            "jd": 2460597.6411806,
            "ranr": 263.2359514,
            "decnr": 52.2156521,
            "fid": 2,
            "forcediffimflux": 1297.961669921875,
            "forcediffimfluxunc": 28.522706985473633,
            "magzpsci": 26.157100677490234
        },
        {
            "objectid": "ZTF24abmffcf",
            "jd": 2460597.6759259,
            "ranr": -99999.0,
            "decnr": -99999.0,
            "fid": 1,
            "forcediffimflux": -99999.0,
            "forcediffimfluxunc": -99999.0,
            "magzpsci": 26.171300888061523
        },
        {
            "objectid": "ZTF24abmffcf",
            "jd": 2460599.6379861,
            "ranr": 263.2359514,
            "decnr": 52.2156521,
            "fid": 2,
            "forcediffimflux": 1517.9259033203125,
            "forcediffimfluxunc": 33.34388732910156,
            "magzpsci": 26.14240074157715
        },
        {
            "objectid": "ZTF24abmffcf",
            "jd": 2460599.6604861,
            "ranr": -99999.0,
            "decnr": -99999.0,
            "fid": 2,
            "forcediffimflux": -99999.0,
            "forcediffimfluxunc": -99999.0,
            "magzpsci": 26.021900177001953
        },
        {
            "objectid": "ZTF24abmffcf",
            "jd": 2460604.6215162,
            "ranr": -99999.0,
            "decnr": -99999.0,
            "fid": 1,
            "forcediffimflux": -99999.0,
            "forcediffimfluxunc": -99999.0,
            "magzpsci": 26.12070083618164
        },
        {
            "objectid": "ZTF24abmffcf",
            "jd": 2460604.6248843,
            "ranr": 263.2359003,
            "decnr": 52.2155909,
            "fid": 1,
            "forcediffimflux": 1844.201416015625,
            "forcediffimfluxunc": 37.030330657958984,
            "magzpsci": 26.246200561523438
        },
        {
            "objectid": "ZTF24abmffcf",
            "jd": 2460604.6978241,
            "ranr": -99999.0,
            "decnr": -99999.0,
            "fid": 2,
            "forcediffimflux": -99999.0,
            "forcediffimfluxunc": -99999.0,
            "magzpsci": 25.99489974975586
        },
        {
            "objectid": "ZTF24abmffcf",
            "jd": 2460606.6372917,
            "ranr": 263.2359514,
            "decnr": 52.2156521,
            "fid": 2,
            "forcediffimflux": 1411.782470703125,
            "forcediffimfluxunc": 29.79953384399414,
            "magzpsci": 26.14419937133789
        },
        {
            "objectid": "ZTF24abmffcf",
            "jd": 2460606.6758218,
            "ranr": -99999.0,
            "decnr": -99999.0,
            "fid": 1,
            "forcediffimflux": -99999.0,
            "forcediffimfluxunc": -99999.0,
            "magzpsci": 26.037399291992188
        },
        {
            "objectid": "ZTF24abmffcf",
            "jd": 2460606.699213,
            "ranr": -99999.0,
            "decnr": -99999.0,
            "fid": 1,
            "forcediffimflux": -99999.0,
            "forcediffimfluxunc": -99999.0,
            "magzpsci": 26.028400421142578
        },
        {
            "objectid": "ZTF24abmffcf",
            "jd": 2460608.6592477,
            "ranr": 263.2359514,
            "decnr": 52.2156521,
            "fid": 2,
            "forcediffimflux": 1449.9083251953125,
            "forcediffimfluxunc": 35.54775619506836,
            "magzpsci": 26.130800247192383
        },
        {
            "objectid": "ZTF24abmffcf",
            "jd": 2460610.6346528,
            "ranr": 263.2359896,
            "decnr": 52.2156262,
            "fid": 1,
            "forcediffimflux": 1070.817626953125,
            "forcediffimfluxunc": 28.666006088256836,
            "magzpsci": 26.137300491333008
        },
        {
            "objectid": "ZTF24abmffcf",
            "jd": 2460610.6569329,
            "ranr": 263.2359514,
            "decnr": 52.2156521,
            "fid": 2,
            "forcediffimflux": 1296.526123046875,
            "forcediffimfluxunc": 31.077884674072266,
            "magzpsci": 26.080400466918945
        },
        {
            "objectid": "ZTF24abmffcf",
            "jd": 2460615.599456,
            "ranr": 263.2378691,
            "decnr": 52.2156491,
            "fid": 2,
            "forcediffimflux": 1627.9146728515625,
            "forcediffimfluxunc": 43.46595001220703,
            "magzpsci": 26.161300659179688
        },
        {
            "objectid": "ZTF24abmffcf",
            "jd": 2460619.6021875,
            "ranr": 263.2359514,
            "decnr": 52.2156521,
            "fid": 2,
            "forcediffimflux": 1047.4647216796875,
            "forcediffimfluxunc": 70.89727020263672,
            "magzpsci": 26.130399703979492
        },
        {
            "objectid": "ZTF24abmffcf",
            "jd": 2460619.6153241,
            "ranr": -99999.0,
            "decnr": -99999.0,
            "fid": 1,
            "forcediffimflux": -99999.0,
            "forcediffimfluxunc": -99999.0,
            "magzpsci": 26.070899963378906
        },
        {
            "objectid": "ZTF24abmffcf",
            "jd": 2460619.616794,
            "ranr": -99999.0,
            "decnr": -99999.0,
            "fid": 1,
            "forcediffimflux": -99999.0,
            "forcediffimfluxunc": -99999.0,
            "magzpsci": 26.098800659179688
        }
    ]
}