{
    "objectId": "ZTF21aawiwqh",
    "candidates": [
        {
            "candid": 1568306822315015001,
            "jd": 2459322.8068287,
            "ra": 244.473644,
            "dec": 32.1090873,
            "fid": 2,
            "nid": 1568,
            "magpsf": 19.316200256347656,
            "sigmapsf": 0.14839200675487518,
            "magnr": 16.481000900268555,
            "sigmagnr": 0.07500000298023224,
            "magzpsci": 26.302200317382812,
            "isdiffpos": "t",
            "ssdistnr": null,
            "ssnamenr": null,
            "drb": 0.9307990074157715
        },
        {
            "candid": 1568350382315015006,
            "jd": 2459322.8503819,
            "ra": 244.4733585,
            "dec": 32.1090284,
            "fid": 1,
            "nid": 1568,
            "magpsf": 19.519800186157227,
            "sigmapsf": 0.14047400653362274,
            "magnr": 17.445999145507812,
            "sigmagnr": 0.061000000685453415,
            "magzpsci": 26.326799392700195,
            "isdiffpos": "t",
            "ssdistnr": null,
            "ssnamenr": null,
            "drb": null
        },
        {
            "candid": 1570384652315015012,
            "jd": 2459324.8846528,
            "ra": 244.4734174,
            "dec": 32.1090842,
            "fid": 1,
            "nid": 1570,
            "magpsf": 19.189699172973633,
            "sigmapsf": 0.10687500238418579,
            "magnr": 17.445999145507812,
            "sigmagnr": 0.061000000685453415,
            "magzpsci": 26.345699310302734,
            "isdiffpos": "t",
            "ssdistnr": null,
            "ssnamenr": null,
            "drb": null
        },
        {
            "candid": 1574299782315015002,
            "jd": 2459328.7997801,
            "ra": 244.4735069,
            "dec": 32.1091234,
            "fid": 2,
            "nid": 1574,
            "magpsf": 18.586999893188477,
            "sigmapsf": 0.09537699818611145,
            "magnr": 16.481000900268555,
            "sigmagnr": 0.07500000298023224,
            "magzpsci": 26.34000015258789,
            "isdiffpos": "t",
            "ssdistnr": null,
            "ssnamenr": null,
            "drb": null
        },
        {
            "candid": 1574348612315015001,
            "jd": 2459328.8486111,
            "ra": 244.4735719,
            "dec": 32.1091181,
            "fid": 1,
            "nid": 1574,
            "magpsf": 18.575700759887695,
            "sigmapsf": 0.1193540021777153,
            "magnr": 17.445999145507812,
            "sigmagnr": 0.061000000685453415,
            "magzpsci": 26.33769989013672,
            "isdiffpos": "t",
            "ssdistnr": null,
            "ssnamenr": null,
            "drb": null
        },
        {
            "candid": 1580243002315015004,
            "jd": 2459334.7430093,
            "ra": 244.4734293,
            "dec": 32.1090919,
            "fid": 1,
            "nid": 1580,
            "magpsf": 18.71969985961914,
            "sigmapsf": 0.07649099826812744,
            "magnr": 17.445999145507812,
            "sigmagnr": 0.061000000685453415,
            "magzpsci": 26.270700454711914,
            "isdiffpos": "t",
            "ssdistnr": null,
            "ssnamenr": null,
            "drb": null
        },
        {
            "candid": 1580362042315015000,
            "jd": 2459334.8620486,
            "ra": 244.4735143,
            "dec": 32.109089,
            "fid": 2,
            "nid": 1580,
            "magpsf": 18.486299514770508,
            "sigmapsf": 0.07925599813461304,
            "magnr": 16.481000900268555,
            "sigmagnr": 0.07500000298023224,
            "magzpsci": 26.37529945373535,
            "isdiffpos": "t",
            "ssdistnr": null,
            "ssnamenr": null,
            "drb": null
        },
        {
            "candid": 1582342592315015007,
            "jd": 2459336.8425926,
            "ra": 244.4735179,
            "dec": 32.1090828,
            "fid": 2,
            "nid": 1582,
            "magpsf": 18.549800872802734,
            "sigmapsf": 0.09304100275039673,
            "magnr": 16.481000900268555,
            "sigmagnr": 0.07500000298023224,
            "magzpsci": 26.333799362182617,
            "isdiffpos": "t",
            "ssdistnr": null,
            "ssnamenr": null,
            "drb": null
        },
        {
            "candid": 1582342592315025007,
            "jd": 2459336.8425926,
            "ra": 244.4735179,
            "dec": 32.1090828,
            "fid": 2,
            "nid": 1582,
            "magpsf": 18.549800872802734,
            "sigmapsf": 0.09304100275039673,
            "magnr": 16.481000900268555,
            "sigmagnr": 0.07500000298023224,
            "magzpsci": 26.333799362182617,
            "isdiffpos": "t",
            "ssdistnr": null,
            "ssnamenr": null,
            "drb": null
        },
        {
            "candid": 1582342592315035007,
            "jd": 2459336.8425926,
            "ra": 244.4735179,
            "dec": 32.1090828,
            "fid": 2,
            "nid": 1582,
            "magpsf": 18.549800872802734,
            "sigmapsf": 0.09304100275039673,
            "magnr": 16.481000900268555,
            "sigmagnr": 0.07500000298023224,
            "magzpsci": 26.333799362182617,
            "isdiffpos": "t",
            "ssdistnr": null,
            "ssnamenr": null,
            "drb": null
        },
        {
            "candid": 1582411212315015003,
            "jd": 2459336.9112153,
            "ra": 244.4734297,
            "dec": 32.10911,
            "fid": 1,
            "nid": 1582,
            "magpsf": 18.904449462890625,
            "sigmapsf": 0.09558899700641632,
            "magnr": 17.445999145507812,
            "sigmagnr": 0.061000000685453415,
            "magzpsci": 26.336450576782227,
            "isdiffpos": "t",
            "ssdistnr": -999.0,
            "ssnamenr": "null",
            "drb": null
        },
        {
            "candid": 1582411212315025003,
            "jd": 2459336.9112153,
            "ra": 244.4734297,
            "dec": 32.10911,
            "fid": 1,
            "nid": 1582,
            "magpsf": 18.904499053955078,
            "sigmapsf": 0.09558899700641632,
            "magnr": 17.445999145507812,
            "sigmagnr": 0.061000000685453415,
            "magzpsci": 26.33650016784668,
            "isdiffpos": "t",
            "ssdistnr": null,
            "ssnamenr": null,
            "drb": null
        },
        {
            "candid": 1582411212315035003,
            "jd": 2459336.9112153,
            "ra": 244.4734297,
            "dec": 32.10911,
            "fid": 1,
            "nid": 1582,
            "magpsf": 18.904499053955078,
            "sigmapsf": 0.09558899700641632,
            "magnr": 17.445999145507812,
            "sigmagnr": 0.061000000685453415,
            "magzpsci": 26.33650016784668,
            "isdiffpos": "t",
            "ssdistnr": null,
            "ssnamenr": null,
            "drb": null
        },
        {
            "candid": 1585321432315015004,
            "jd": 2459339.8214352,
            "ra": 244.4735061,
            "dec": 32.1090953,
            "fid": 2,
            "nid": 1585,
            "magpsf": 18.58060073852539,
            "sigmapsf": 0.08122199773788452,
            "magnr": 16.481000900268555,
            "sigmagnr": 0.07500000298023224,
            "magzpsci": 26.3346004486084,
            "isdiffpos": "t",
            "ssdistnr": null,
            "ssnamenr": null,
            "drb": null
        },
        {
            "candid": 1585396192315015009,
            "jd": 2459339.8961921,
            "ra": 244.473443,
            "dec": 32.1090789,
            "fid": 1,
            "nid": 1585,
            "magpsf": 19.192399978637695,
            "sigmapsf": 0.09209299832582474,
            "magnr": 17.445999145507812,
            "sigmagnr": 0.061000000685453415,
            "magzpsci": 26.33839988708496,
            "isdiffpos": "t",
            "ssdistnr": null,
            "ssnamenr": null,
            "drb": null
        },
        {
            "candid": 1587321942315015030,
            "jd": 2459341.8219444,
            "ra": 244.4734307,
            "dec": 32.109074,
            "fid": 1,
            "nid": 1587,
            "magpsf": 19.290300369262695,
            "sigmapsf": 0.10895100235939026,
            "magnr": 17.445999145507812,
            "sigmagnr": 0.061000000685453415,
            "magzpsci": 26.3572998046875,
            "isdiffpos": "t",
            "ssdistnr": null,
            "ssnamenr": null,
            "drb": null
        },
        {
            "candid": 1587404162315015007,
            "jd": 2459341.9041667,
            "ra": 244.4735766,
            "dec": 32.1091271,
            "fid": 2,
            "nid": 1587,
            "magpsf": 18.805599212646484,
            "sigmapsf": 0.09164399653673172,
            "magnr": 16.481000900268555,
            "sigmagnr": 0.07500000298023224,
            "magzpsci": 26.319599151611328,
            "isdiffpos": "t",
            "ssdistnr": null,
            "ssnamenr": null,
            "drb": null
        },
        {
            "candid": 1589283032315015009,
            "jd": 2459343.7830324,
            "ra": 244.4733854,
            "dec": 32.1090537,
            "fid": 1,
            "nid": 1589,
            "magpsf": 19.39430046081543,
            "sigmapsf": 0.11634500324726105,
            "magnr": 17.445999145507812,
            "sigmagnr": 0.061000000685453415,
            "magzpsci": 26.251300811767578,
            "isdiffpos": "t",
            "ssdistnr": null,
            "ssnamenr": null,
            "drb": null
        },
        {
            "candid": 1589351422315015002,
            "jd": 2459343.8514236,
            "ra": 244.4734573,
            "dec": 32.1091017,
            "fid": 2,
            "nid": 1589,
            "magpsf": 18.76300048828125,
            "sigmapsf": 0.1298999935388565,
            "magnr": 16.481000900268555,
            "sigmagnr": 0.07500000298023224,
            "magzpsci": 26.277999877929688,
            "isdiffpos": "t",
            "ssdistnr": null,
            "ssnamenr": null,
            "drb": null
        },
        {
            "candid": 1591348712315015005,
            "jd": 2459345.8487153,
            "ra": 244.4734878,
            "dec": 32.1090662,
            "fid": 2,
            "nid": 1591,
            "magpsf": 18.943700790405273,
            "sigmapsf": 0.13089799880981445,
            "magnr": 16.481000900268555,
            "sigmagnr": 0.07500000298023224,
            "magzpsci": 26.33769989013672,
            "isdiffpos": "t",
            "ssdistnr": null,
            "ssnamenr": null,
            "drb": null
        },
        {
            "candid": 1591390742315015013,
            "jd": 2459345.8907407,
            "ra": 244.4732121,
            "dec": 32.1090868,
            "fid": 1,
            "nid": 1591,
            "magpsf": 19.732900619506836,
            "sigmapsf": 0.17667700350284576,
            "magnr": 17.445999145507812,
            "sigmagnr": 0.061000000685453415,
            "magzpsci": 26.327899932861328,
            "isdiffpos": "t",
            "ssdistnr": null,
            "ssnamenr": null,
            "drb": null
        },
        {
            "candid": 1595323622315015004,
            "jd": 2459349.8236227,
            "ra": 244.4735272,
            "dec": 32.1090769,
            "fid": 2,
            "nid": 1595,
            "magpsf": 19.299400329589844,
            "sigmapsf": 0.15524299442768097,
            "magnr": 16.481000900268555,
            "sigmagnr": 0.07500000298023224,
            "magzpsci": 26.345399856567383,
            "isdiffpos": "t",
            "ssdistnr": null,
            "ssnamenr": null,
            "drb": null
        },
        {
            "candid": 1595367142315015039,
            "jd": 2459349.8671412,
            "ra": 244.4733369,
            "dec": 32.1090803,
            "fid": 1,
            "nid": 1595,
            "magpsf": 20.113500595092773,
            "sigmapsf": 0.16164599359035492,
            "magnr": 17.445999145507812,
            "sigmagnr": 0.061000000685453415,
            "magzpsci": 26.359500885009766,
            "isdiffpos": "t",
            "ssdistnr": null,
            "ssnamenr": null,
            "drb": null
        },
        {
            "candid": 1598303442315015004,
            "jd": 2459352.8034491,
            "ra": 244.4735056,
            "dec": 32.1090707,
            "fid": 2,
            "nid": 1598,
            "magpsf": 19.190900802612305,
            "sigmapsf": 0.1479790061712265,
            "magnr": 16.481000900268555,
            "sigmagnr": 0.07500000298023224,
            "magzpsci": 26.295900344848633,
            "isdiffpos": "t",
            "ssdistnr": null,
            "ssnamenr": null,
            "drb": null
        },
        {
            "candid": 1600403222315015010,
            "jd": 2459354.9032292,
            "ra": 244.4735458,
            "dec": 32.1090618,
            "fid": 2,
            "nid": 1600,
            "magpsf": 19.274860382080078,
            "sigmapsf": 0.12947000563144684,
            "magnr": 16.481000900268555,
            "sigmagnr": 0.07500000298023224,
            "magzpsci": 26.32585906982422,
            "isdiffpos": "t",
            "ssdistnr": -999.0,
            "ssnamenr": "null",
            "drb": null
        },
        {
            "jd": 2459295.8284375,
            "fid": 1,
            "diffmaglim": 19.66790008544922
        },
        {
            "jd": 2459295.8856713,
            "fid": 2,
            "diffmaglim": 20.146699905395508
        },
        {
            "jd": 2459297.8229514,
            "fid": 1,
            "diffmaglim": 19.322200775146484
        },
        {
            "jd": 2459297.9064468,
            "fid": 2,
            "diffmaglim": 19.99720001220703
        },
        {
            "jd": 2459300.9263657,
            "fid": 2,
            "diffmaglim": 19.347299575805664
        },
        {
            "jd": 2459301.0000579,
            "fid": 1,
            "diffmaglim": 19.530399322509766
        },
        {
            "jd": 2459302.8677431,
            "fid": 1,
            "diffmaglim": 19.3700008392334
        },
        {
            "jd": 2459302.907419,
            "fid": 2,
            "diffmaglim": 19.726900100708008
        },
        {
            "jd": 2459304.9251042,
            "fid": 1,
            "diffmaglim": 18.95989990234375
        },
        {
            "jd": 2459304.9460185,
            "fid": 2,
            "diffmaglim": 19.33690071105957
        },
        {
            "jd": 2459307.9084838,
            "fid": 2,
            "diffmaglim": 20.613500595092773
        },
        {
            "jd": 2459307.9270023,
            "fid": 1,
            "diffmaglim": 20.57550048828125
        },
        {
            "jd": 2459309.8473958,
            "fid": 1,
            "diffmaglim": 20.730300903320312
        },
        {
            "jd": 2459309.9120602,
            "fid": 2,
            "diffmaglim": 20.70359992980957
        },
        {
            "jd": 2459311.8720949,
            "fid": 1,
            "diffmaglim": 20.913000106811523
        },
        {
            "jd": 2459311.9678935,
            "fid": 2,
            "diffmaglim": 20.939899444580078
        },
        {
            "jd": 2459313.922037,
            "fid": 2,
            "diffmaglim": 19.704200744628906
        },
        {
            "jd": 2459313.9669907,
            "fid": 1,
            "diffmaglim": 20.705900192260742
        },
        {
            "jd": 2459315.8210301,
            "fid": 1,
            "diffmaglim": 20.001800537109375
        },
        {
            "jd": 2459315.8682986,
            "fid": 2,
            "diffmaglim": 19.306499481201172
        },
        {
            "jd": 2459317.933831,
            "fid": 2,
            "diffmaglim": 20.994199752807617
        },
        {
            "jd": 2459317.9762384,
            "fid": 1,
            "diffmaglim": 21.06170082092285
        },
        {
            "jd": 2459320.9765162,
            "fid": 2,
            "diffmaglim": 20.61400032043457
        },
        {
            "jd": 2459324.7775579,
            "fid": 2,
            "diffmaglim": 20.380399703979492
        },
        {
            "jd": 2459347.8488542,
            "fid": 2,
            "diffmaglim": 18.368099212646484
        },
        {
            "jd": 2459352.8230787,
            "fid": 1,
            "diffmaglim": 21.040599822998047
        }
    ],
    "forcedphot": []
}