{
    "objectId": "ZTF22abkfgrt",
    "candidates": [
        {
            "candid": 2100253102415015030,
            "jd": 2459854.7531019,
            "ra": 336.3034997,
            "dec": -10.5738459,
            "fid": 1,
            "nid": 2100,
            "magpsf": 19.70400047302246,
            "sigmapsf": 0.1223910003900528,
            "magnr": 19.343000411987305,
            "sigmagnr": 0.07500000298023224,
            "magzpsci": 26.246000289916992,
            "isdiffpos": "t",
            "ssdistnr": null,
            "ssnamenr": null,
            "drb": null
        },
        {
            "candid": 2100274762415015035,
            "jd": 2459854.7747685,
            "ra": 336.3035442,
            "dec": -10.5738978,
            "fid": 2,
            "nid": 2100,
            "magpsf": 19.703500747680664,
            "sigmapsf": 0.1474599987268448,
            "magnr": 19.15399932861328,
            "sigmagnr": 0.06300000101327896,
            "magzpsci": 26.295499801635742,
            "isdiffpos": "t",
            "ssdistnr": null,
            "ssnamenr": null,
            "drb": null
        },
        {
            "candid": 2102224732415015016,
            "jd": 2459856.7247338,
            "ra": 336.3035204,
            "dec": -10.573847,
            "fid": 2,
            "nid": 2102,
            "magpsf": 19.403900146484375,
            "sigmapsf": 0.13337600231170654,
            "magnr": 19.15399932861328,
            "sigmagnr": 0.06300000101327896,
            "magzpsci": 26.28689956665039,
            "isdiffpos": "t",
            "ssdistnr": null,
            "ssnamenr": null,
            "drb": null
        },
        {
            "candid": 2102245762415015012,
            "jd": 2459856.7457639,
            "ra": 336.3034989,
            "dec": -10.5738509,
            "fid": 1,
            "nid": 2102,
            "magpsf": 19.143999099731445,
            "sigmapsf": 0.13169799745082855,
            "magnr": 19.343000411987305,
            "sigmagnr": 0.07500000298023224,
            "magzpsci": 26.231000900268555,
            "isdiffpos": "t",
            "ssdistnr": null,
            "ssnamenr": null,
            "drb": null
        },
        {
            "candid": 2107274532415015006,
            "jd": 2459861.774537,
            "ra": 336.3035209,
            "dec": -10.5738178,
            "fid": 2,
            "nid": 2107,
            "magpsf": 18.86240005493164,
            "sigmapsf": 0.1471399962902069,
            "magnr": 19.15399932861328,
            "sigmagnr": 0.06300000101327896,
            "magzpsci": 26.300399780273438,
            "isdiffpos": "t",
            "ssdistnr": null,
            "ssnamenr": null,
            "drb": null
        },
        {
            "candid": 2109239572415015016,
            "jd": 2459863.7395718,
            "ra": 336.303547,
            "dec": -10.5738159,
            "fid": 2,
            "nid": 2109,
            "magpsf": 18.52720069885254,
            "sigmapsf": 0.11316999793052673,
            "magnr": 19.15399932861328,
            "sigmagnr": 0.06300000101327896,
            "magzpsci": 26.28019905090332,
            "isdiffpos": "t",
            "ssdistnr": null,
            "ssnamenr": null,
            "drb": null
        },
        {
            "candid": 2109295992415015269,
            "jd": 2459863.7959954,
            "ra": 336.3035036,
            "dec": -10.5738412,
            "fid": 1,
            "nid": 2109,
            "magpsf": 18.560100555419922,
            "sigmapsf": 0.11757899820804596,
            "magnr": 19.343000411987305,
            "sigmagnr": 0.07500000298023224,
            "magzpsci": 26.191099166870117,
            "isdiffpos": "t",
            "ssdistnr": null,
            "ssnamenr": null,
            "drb": null
        },
        {
            "candid": 2111166082415015022,
            "jd": 2459865.666088,
            "ra": 336.3035435,
            "dec": -10.5738884,
            "fid": 2,
            "nid": 2111,
            "magpsf": 18.564899444580078,
            "sigmapsf": 0.07105600088834763,
            "magnr": 19.15399932861328,
            "sigmagnr": 0.06300000101327896,
            "magzpsci": 26.300899505615234,
            "isdiffpos": "t",
            "ssdistnr": null,
            "ssnamenr": null,
            "drb": null
        },
        {
            "candid": 2111208332415015013,
            "jd": 2459865.7083333,
            "ra": 336.3035172,
            "dec": -10.5738556,
            "fid": 1,
            "nid": 2111,
            "magpsf": 18.55150032043457,
            "sigmapsf": 0.08081900328397751,
            "magnr": 22.047000885009766,
            "sigmagnr": 0.20999999344348907,
            "magzpsci": 26.25950050354004,
            "isdiffpos": "t",
            "ssdistnr": null,
            "ssnamenr": null,
            "drb": null
        },
        {
            "candid": 2113191992415015025,
            "jd": 2459867.6919907,
            "ra": 336.3035226,
            "dec": -10.573832,
            "fid": 2,
            "nid": 2113,
            "magpsf": 18.5664005279541,
            "sigmapsf": 0.0642009973526001,
            "magnr": 19.15399932861328,
            "sigmagnr": 0.06300000101327896,
            "magzpsci": 26.275400161743164,
            "isdiffpos": "t",
            "ssdistnr": null,
            "ssnamenr": null,
            "drb": null
        },
        {
            "candid": 2116210402415015023,
            "jd": 2459870.7104051,
            "ra": 336.3035484,
            "dec": -10.5738696,
            "fid": 2,
            "nid": 2116,
            "magpsf": 18.647499084472656,
            "sigmapsf": 0.062132999300956726,
            "magnr": 19.15399932861328,
            "sigmagnr": 0.06300000101327896,
            "magzpsci": 26.304500579833984,
            "isdiffpos": "t",
            "ssdistnr": null,
            "ssnamenr": null,
            "drb": null
        },
        {
            "candid": 2118191642415015026,
            "jd": 2459872.6916435,
            "ra": 336.3035261,
            "dec": -10.5738602,
            "fid": 2,
            "nid": 2118,
            "magpsf": 18.77039909362793,
            "sigmapsf": 0.08470699936151505,
            "magnr": 19.15399932861328,
            "sigmagnr": 0.06300000101327896,
            "magzpsci": 26.32040023803711,
            "isdiffpos": "t",
            "ssdistnr": null,
            "ssnamenr": null,
            "drb": null
        },
        {
            "candid": 2120189542415015025,
            "jd": 2459874.6895486,
            "ra": 336.3035233,
            "dec": -10.573841,
            "fid": 1,
            "nid": 2120,
            "magpsf": 19.091999053955078,
            "sigmapsf": 0.09371399879455566,
            "magnr": 22.047000885009766,
            "sigmagnr": 0.20999999344348907,
            "magzpsci": 26.238000869750977,
            "isdiffpos": "t",
            "ssdistnr": null,
            "ssnamenr": null,
            "drb": null
        },
        {
            "candid": 2123312882415015010,
            "jd": 2459877.8128819,
            "ra": 336.3035817,
            "dec": -10.5738119,
            "fid": 2,
            "nid": 2123,
            "magpsf": 19.061800003051758,
            "sigmapsf": 0.1013220027089119,
            "magnr": 19.15399932861328,
            "sigmagnr": 0.06300000101327896,
            "magzpsci": 26.242799758911133,
            "isdiffpos": "t",
            "ssdistnr": null,
            "ssnamenr": null,
            "drb": null
        },
        {
            "candid": 2125257442415015015,
            "jd": 2459879.7574421,
            "ra": 336.3035557,
            "dec": -10.5738582,
            "fid": 2,
            "nid": 2125,
            "magpsf": 19.22319984436035,
            "sigmapsf": 0.10810700058937073,
            "magnr": 19.15399932861328,
            "sigmagnr": 0.06300000101327896,
            "magzpsci": 26.283199310302734,
            "isdiffpos": "t",
            "ssdistnr": null,
            "ssnamenr": null,
            "drb": null
        },
        {
            "candid": 2127145672415015013,
            "jd": 2459881.6456713,
            "ra": 336.3035142,
            "dec": -10.5738777,
            "fid": 1,
            "nid": 2127,
            "magpsf": 19.725400924682617,
            "sigmapsf": 0.2151540070772171,
            "magnr": 22.047000885009766,
            "sigmagnr": 0.20999999344348907,
            "magzpsci": 26.275400161743164,
            "isdiffpos": "t",
            "ssdistnr": null,
            "ssnamenr": null,
            "drb": null
        },
        {
            "candid": 2127258842415015019,
            "jd": 2459881.7588426,
            "ra": 336.3035305,
            "dec": -10.5738348,
            "fid": 2,
            "nid": 2127,
            "magpsf": 19.220399856567383,
            "sigmapsf": 0.11887200176715851,
            "magnr": 19.15399932861328,
            "sigmagnr": 0.06300000101327896,
            "magzpsci": 26.280399322509766,
            "isdiffpos": "t",
            "ssdistnr": null,
            "ssnamenr": null,
            "drb": null
        },
        {
            "candid": 2129126992415015023,
            "jd": 2459883.6269907,
            "ra": 336.3035175,
            "dec": -10.5738648,
            "fid": 2,
            "nid": 2129,
            "magpsf": 19.326799392700195,
            "sigmapsf": 0.11265800148248672,
            "magnr": 19.15399932861328,
            "sigmagnr": 0.06300000101327896,
            "magzpsci": 26.310800552368164,
            "isdiffpos": "t",
            "ssdistnr": null,
            "ssnamenr": null,
            "drb": null
        },
        {
            "candid": 2129168582415015008,
            "jd": 2459883.668588,
            "ra": 336.3034398,
            "dec": -10.573933,
            "fid": 1,
            "nid": 2129,
            "magpsf": 19.96208953857422,
            "sigmapsf": 0.21137794852256775,
            "magnr": 22.047000885009766,
            "sigmagnr": 0.20999999344348907,
            "magzpsci": 26.25609016418457,
            "isdiffpos": "t",
            "ssdistnr": -999.0,
            "ssnamenr": "null",
            "drb": null
        },
        {
            "jd": 2459839.7955208,
            "fid": 1,
            "diffmaglim": 20.303199768066406
        },
        {
            "jd": 2459841.8140741,
            "fid": 1,
            "diffmaglim": 20.451499938964844
        },
        {
            "jd": 2459843.7830093,
            "fid": 2,
            "diffmaglim": 20.493099212646484
        },
        {
            "jd": 2459843.8331944,
            "fid": 1,
            "diffmaglim": 20.355600357055664
        },
        {
            "jd": 2459845.7307523,
            "fid": 1,
            "diffmaglim": 20.593299865722656
        },
        {
            "jd": 2459845.7661458,
            "fid": 2,
            "diffmaglim": 20.503000259399414
        },
        {
            "jd": 2459847.7504167,
            "fid": 2,
            "diffmaglim": 20.45359992980957
        },
        {
            "jd": 2459847.7756366,
            "fid": 1,
            "diffmaglim": 20.412200927734375
        },
        {
            "jd": 2459850.6710069,
            "fid": 1,
            "diffmaglim": 20.291400909423828
        },
        {
            "jd": 2459850.7324537,
            "fid": 2,
            "diffmaglim": 20.462600708007812
        },
        {
            "jd": 2459852.6498032,
            "fid": 1,
            "diffmaglim": 20.253299713134766
        },
        {
            "jd": 2459852.711412,
            "fid": 2,
            "diffmaglim": 20.543699264526367
        }
    ],
    "forcedphot": []
}