{
    "objectId": "ZTF20abdxffu",
    "candidates": [
        {
            "candid": 1250188923915015002,
            "jd": 2459004.6889236,
            "ra": 210.355395,
            "dec": 19.5305028,
            "fid": 1,
            "nid": 1250,
            "magpsf": 18.684099197387695,
            "sigmapsf": 0.12598499655723572,
            "magnr": 17.368999481201172,
            "sigmagnr": 0.050999999046325684,
            "magzpsci": 26.28510093688965,
            "isdiffpos": "t",
            "ssdistnr": -999.0,
            "ssnamenr": "null",
            "drb": 0.9986379742622375
        },
        {
            "candid": 1250251743915015000,
            "jd": 2459004.7517477,
            "ra": 210.3554572,
            "dec": 19.5304628,
            "fid": 2,
            "nid": 1250,
            "magpsf": 18.844600677490234,
            "sigmapsf": 0.12422399967908859,
            "magnr": 16.48900032043457,
            "sigmagnr": 0.06400000303983688,
            "magzpsci": 26.333599090576172,
            "isdiffpos": "t",
            "ssdistnr": -999.0,
            "ssnamenr": "null",
            "drb": 0.9997590184211731
        },
        {
            "candid": 1255201463915015005,
            "jd": 2459009.7014699,
            "ra": 210.3554247,
            "dec": 19.5304492,
            "fid": 2,
            "nid": 1255,
            "magpsf": 18.252399444580078,
            "sigmapsf": 0.06416700035333633,
            "magnr": 16.48900032043457,
            "sigmagnr": 0.06400000303983688,
            "magzpsci": 26.335399627685547,
            "isdiffpos": "t",
            "ssdistnr": -999.0,
            "ssnamenr": "null",
            "drb": 0.9999759793281555
        },
        {
            "candid": 1255257153915015004,
            "jd": 2459009.7571528,
            "ra": 210.3553977,
            "dec": 19.5304603,
            "fid": 1,
            "nid": 1255,
            "magpsf": 18.1112003326416,
            "sigmapsf": 0.07538700103759766,
            "magnr": 17.368999481201172,
            "sigmagnr": 0.050999999046325684,
            "magzpsci": 26.3351993560791,
            "isdiffpos": "t",
            "ssdistnr": -999.0,
            "ssnamenr": "null",
            "drb": 0.9994189739227295
        },
        {
            "candid": 1258197893915015008,
            "jd": 2459012.6978935,
            "ra": 210.3553906,
            "dec": 19.5304874,
            "fid": 1,
            "nid": 1258,
            "magpsf": 18.103099822998047,
            "sigmapsf": 0.054646000266075134,
            "magnr": 17.368999481201172,
            "sigmagnr": 0.050999999046325684,
            "magzpsci": 26.348100662231445,
            "isdiffpos": "t",
            "ssdistnr": -999.0,
            "ssnamenr": "null",
            "drb": 0.9989669919013977
        },
        {
            "candid": 1258235053915015007,
            "jd": 2459012.7350579,
            "ra": 210.3554042,
            "dec": 19.5304882,
            "fid": 2,
            "nid": 1258,
            "magpsf": 18.260900497436523,
            "sigmapsf": 0.07061900198459625,
            "magnr": 16.48900032043457,
            "sigmagnr": 0.06400000303983688,
            "magzpsci": 26.357900619506836,
            "isdiffpos": "t",
            "ssdistnr": -999.0,
            "ssnamenr": "null",
            "drb": 0.9999799728393555
        },
        {
            "candid": 1261214983915015008,
            "jd": 2459015.7149884,
            "ra": 210.355412,
            "dec": 19.5304713,
            "fid": 2,
            "nid": 1261,
            "magpsf": 18.246400833129883,
            "sigmapsf": 0.06290099769830704,
            "magnr": 16.48900032043457,
            "sigmagnr": 0.06400000303983688,
            "magzpsci": 26.30739974975586,
            "isdiffpos": "t",
            "ssdistnr": -999.0,
            "ssnamenr": "null",
            "drb": 0.9999840259552002
        },
        {
            "candid": 1264204583915015004,
            "jd": 2459018.7045833,
            "ra": 210.3553806,
            "dec": 19.5305021,
            "fid": 1,
            "nid": 1264,
            "magpsf": 18.35849952697754,
            "sigmapsf": 0.061737000942230225,
            "magnr": 17.368999481201172,
            "sigmagnr": 0.050999999046325684,
            "magzpsci": 26.333499908447266,
            "isdiffpos": "t",
            "ssdistnr": -999.0,
            "ssnamenr": "null",
            "drb": 0.9998900294303894
        },
        {
            "candid": 1265186813915015004,
            "jd": 2459019.6868171,
            "ra": 210.3554586,
            "dec": 19.5304368,
            "fid": 2,
            "nid": 1265,
            "magpsf": 18.45870018005371,
            "sigmapsf": 0.07024700194597244,
            "magnr": 16.48900032043457,
            "sigmagnr": 0.06400000303983688,
            "magzpsci": 26.29669952392578,
            "isdiffpos": "t",
            "ssdistnr": -999.0,
            "ssnamenr": "null",
            "drb": 0.9999930262565613
        },
        {
            "candid": 1267229473915015008,
            "jd": 2459021.7294792,
            "ra": 210.3553465,
            "dec": 19.5305015,
            "fid": 1,
            "nid": 1267,
            "magpsf": 18.784900665283203,
            "sigmapsf": 0.0854090005159378,
            "magnr": 17.368999481201172,
            "sigmagnr": 0.050999999046325684,
            "magzpsci": 26.308900833129883,
            "isdiffpos": "t",
            "ssdistnr": -999.0,
            "ssnamenr": "null",
            "drb": 0.9997079968452454
        },
        {
            "candid": 1267238583915015007,
            "jd": 2459021.738588,
            "ra": 210.355473,
            "dec": 19.530429,
            "fid": 2,
            "nid": 1267,
            "magpsf": 18.580699920654297,
            "sigmapsf": 0.08735799789428711,
            "magnr": 16.48900032043457,
            "sigmagnr": 0.06400000303983688,
            "magzpsci": 26.30769920349121,
            "isdiffpos": "t",
            "ssdistnr": -999.0,
            "ssnamenr": "null",
            "drb": 0.9997519850730896
        },
        {
            "candid": 1270202993915015002,
            "jd": 2459024.7029977,
            "ra": 210.3553832,
            "dec": 19.5304399,
            "fid": 1,
            "nid": 1270,
            "magpsf": 19.095600128173828,
            "sigmapsf": 0.07602900266647339,
            "magnr": 17.368999481201172,
            "sigmagnr": 0.050999999046325684,
            "magzpsci": 26.333599090576172,
            "isdiffpos": "t",
            "ssdistnr": -999.0,
            "ssnamenr": "null",
            "drb": 0.9998930096626282
        },
        {
            "candid": 1270214623915015005,
            "jd": 2459024.7146296,
            "ra": 210.3554818,
            "dec": 19.5304497,
            "fid": 2,
            "nid": 1270,
            "magpsf": 18.778200149536133,
            "sigmapsf": 0.1336970031261444,
            "magnr": 16.48900032043457,
            "sigmagnr": 0.06400000303983688,
            "magzpsci": 25.728200912475586,
            "isdiffpos": "t",
            "ssdistnr": -999.0,
            "ssnamenr": "null",
            "drb": 0.9999889731407166
        },
        {
            "candid": 1273193873915015005,
            "jd": 2459027.6938773,
            "ra": 210.3553951,
            "dec": 19.5304797,
            "fid": 1,
            "nid": 1273,
            "magpsf": 19.46780014038086,
            "sigmapsf": 0.1639000028371811,
            "magnr": 17.368999481201172,
            "sigmagnr": 0.050999999046325684,
            "magzpsci": 26.22879981994629,
            "isdiffpos": "t",
            "ssdistnr": -999.0,
            "ssnamenr": "null",
            "drb": 0.9999210238456726
        },
        {
            "candid": 1273255873915015003,
            "jd": 2459027.7558796,
            "ra": 210.3554962,
            "dec": 19.5304382,
            "fid": 2,
            "nid": 1273,
            "magpsf": 18.804100036621094,
            "sigmapsf": 0.10393700003623962,
            "magnr": 16.48900032043457,
            "sigmagnr": 0.06400000303983688,
            "magzpsci": 26.180099487304688,
            "isdiffpos": "t",
            "ssdistnr": -999.0,
            "ssnamenr": "null",
            "drb": 0.9999129772186279
        },
        {
            "jd": 2458974.70611,
            "fid": 1,
            "diffmaglim": 19.298999786376953
        },
        {
            "jd": 2458974.79333,
            "fid": 2,
            "diffmaglim": 19.507999420166016
        },
        {
            "jd": 2458977.84907,
            "fid": 1,
            "diffmaglim": 18.722999572753906
        },
        {
            "jd": 2458979.78635,
            "fid": 1,
            "diffmaglim": 20.07900047302246
        },
        {
            "jd": 2458979.81257,
            "fid": 2,
            "diffmaglim": 20.09600067138672
        },
        {
            "jd": 2458980.72223,
            "fid": 1,
            "diffmaglim": 21.12700080871582
        },
        {
            "jd": 2458980.77098,
            "fid": 2,
            "diffmaglim": 20.858999252319336
        },
        {
            "jd": 2458985.70549,
            "fid": 1,
            "diffmaglim": 20.913000106811523
        },
        {
            "jd": 2458991.74971,
            "fid": 2,
            "diffmaglim": 20.802000045776367
        },
        {
            "jd": 2458991.79882,
            "fid": 1,
            "diffmaglim": 20.722999572753906
        },
        {
            "jd": 2458994.75388,
            "fid": 1,
            "diffmaglim": 20.927000045776367
        },
        {
            "jd": 2458994.78622,
            "fid": 2,
            "diffmaglim": 20.804000854492188
        },
        {
            "jd": 2458997.71233,
            "fid": 1,
            "diffmaglim": 20.725000381469727
        },
        {
            "jd": 2458997.75397,
            "fid": 2,
            "diffmaglim": 20.790000915527344
        },
        {
            "jd": 2458998.76869,
            "fid": 2,
            "diffmaglim": 20.724000930786133
        },
        {
            "jd": 2459000.73068,
            "fid": 1,
            "diffmaglim": 19.900999069213867
        }
    ],
    "forcedphot": []
}