{
    "objectId": "ZTF21abhyukx",
    "candidates": [
        {
            "candid": 1636269644115015003,
            "jd": 2459390.7696412,
            "ra": 239.5826526,
            "dec": 27.3761061,
            "fid": 1,
            "nid": 1636,
            "magpsf": 19.625999450683594,
            "sigmapsf": 0.2249779999256134,
            "magnr": 21.040000915527344,
            "sigmagnr": 0.11299999803304672,
            "magzpsci": 26.391000747680664,
            "isdiffpos": "t",
            "ssdistnr": null,
            "ssnamenr": null,
            "drb": null
        },
        {
            "candid": 1636294754115015004,
            "jd": 2459390.7947569,
            "ra": 239.5826713,
            "dec": 27.3760939,
            "fid": 2,
            "nid": 1636,
            "magpsf": 19.77090072631836,
            "sigmapsf": 0.2690240144729614,
            "magnr": 20.989999771118164,
            "sigmagnr": 0.10999999940395355,
            "magzpsci": 26.416900634765625,
            "isdiffpos": "t",
            "ssdistnr": null,
            "ssnamenr": null,
            "drb": null
        },
        {
            "candid": 1638232604115015013,
            "jd": 2459392.7326042,
            "ra": 239.5826879,
            "dec": 27.3761188,
            "fid": 1,
            "nid": 1638,
            "magpsf": 19.361900329589844,
            "sigmapsf": 0.1284549981355667,
            "magnr": 21.040000915527344,
            "sigmagnr": 0.11299999803304672,
            "magzpsci": 26.3528995513916,
            "isdiffpos": "t",
            "ssdistnr": null,
            "ssnamenr": null,
            "drb": null
        },
        {
            "candid": 1640228614115015010,
            "jd": 2459394.7286111,
            "ra": 239.5826821,
            "dec": 27.3760622,
            "fid": 1,
            "nid": 1640,
            "magpsf": 19.168100357055664,
            "sigmapsf": 0.10074999928474426,
            "magnr": 21.040000915527344,
            "sigmagnr": 0.11299999803304672,
            "magzpsci": 26.162099838256836,
            "isdiffpos": "t",
            "ssdistnr": null,
            "ssnamenr": null,
            "drb": null
        },
        {
            "candid": 1640290184115015006,
            "jd": 2459394.7901852,
            "ra": 239.5826205,
            "dec": 27.3761573,
            "fid": 2,
            "nid": 1640,
            "magpsf": 19.297700881958008,
            "sigmapsf": 0.1467750072479248,
            "magnr": 20.989999771118164,
            "sigmagnr": 0.10999999940395355,
            "magzpsci": 26.108699798583984,
            "isdiffpos": "t",
            "ssdistnr": null,
            "ssnamenr": null,
            "drb": null
        },
        {
            "candid": 1642288854115015017,
            "jd": 2459396.7888542,
            "ra": 239.5826901,
            "dec": 27.3760809,
            "fid": 1,
            "nid": 1642,
            "magpsf": 19.094600677490234,
            "sigmapsf": 0.11744700372219086,
            "magnr": 21.040000915527344,
            "sigmagnr": 0.11299999803304672,
            "magzpsci": 26.28059959411621,
            "isdiffpos": "t",
            "ssdistnr": null,
            "ssnamenr": null,
            "drb": null
        },
        {
            "candid": 1642324274115015005,
            "jd": 2459396.8242708,
            "ra": 239.5826855,
            "dec": 27.3760997,
            "fid": 2,
            "nid": 1642,
            "magpsf": 19.266700744628906,
            "sigmapsf": 0.11198200285434723,
            "magnr": 20.989999771118164,
            "sigmagnr": 0.10999999940395355,
            "magzpsci": 26.338699340820312,
            "isdiffpos": "t",
            "ssdistnr": null,
            "ssnamenr": null,
            "drb": null
        },
        {
            "candid": 1645212744115015010,
            "jd": 2459399.7127431,
            "ra": 239.5826703,
            "dec": 27.3760859,
            "fid": 2,
            "nid": 1645,
            "magpsf": 19.033899307250977,
            "sigmapsf": 0.08136100322008133,
            "magnr": 20.989999771118164,
            "sigmagnr": 0.10999999940395355,
            "magzpsci": 26.379899978637695,
            "isdiffpos": "t",
            "ssdistnr": null,
            "ssnamenr": null,
            "drb": null
        },
        {
            "candid": 1645281144115015010,
            "jd": 2459399.7811458,
            "ra": 239.5827045,
            "dec": 27.3760759,
            "fid": 1,
            "nid": 1645,
            "magpsf": 18.958900451660156,
            "sigmapsf": 0.10282400250434875,
            "magnr": 21.040000915527344,
            "sigmagnr": 0.11299999803304672,
            "magzpsci": 26.327899932861328,
            "isdiffpos": "t",
            "ssdistnr": null,
            "ssnamenr": null,
            "drb": null
        },
        {
            "candid": 1647252994115015012,
            "jd": 2459401.7529977,
            "ra": 239.5826571,
            "dec": 27.3760536,
            "fid": 1,
            "nid": 1647,
            "magpsf": 19.01289939880371,
            "sigmapsf": 0.10776100307703018,
            "magnr": 21.040000915527344,
            "sigmagnr": 0.11299999803304672,
            "magzpsci": 26.386899948120117,
            "isdiffpos": "t",
            "ssdistnr": null,
            "ssnamenr": null,
            "drb": null
        },
        {
            "candid": 1647315974115015011,
            "jd": 2459401.8159722,
            "ra": 239.5826765,
            "dec": 27.376114,
            "fid": 2,
            "nid": 1647,
            "magpsf": 18.966299057006836,
            "sigmapsf": 0.09324599802494049,
            "magnr": 20.989999771118164,
            "sigmagnr": 0.10999999940395355,
            "magzpsci": 26.390300750732422,
            "isdiffpos": "t",
            "ssdistnr": null,
            "ssnamenr": null,
            "drb": null
        },
        {
            "candid": 1649226664115015021,
            "jd": 2459403.7266667,
            "ra": 239.582661,
            "dec": 27.3760745,
            "fid": 2,
            "nid": 1649,
            "magpsf": 18.91230010986328,
            "sigmapsf": 0.1096310019493103,
            "magnr": 20.989999771118164,
            "sigmagnr": 0.10999999940395355,
            "magzpsci": 26.349300384521484,
            "isdiffpos": "t",
            "ssdistnr": null,
            "ssnamenr": null,
            "drb": null
        },
        {
            "candid": 1649288494115015020,
            "jd": 2459403.7884954,
            "ra": 239.5826811,
            "dec": 27.3761024,
            "fid": 1,
            "nid": 1649,
            "magpsf": 19.104400634765625,
            "sigmapsf": 0.10968799889087677,
            "magnr": 21.040000915527344,
            "sigmagnr": 0.11299999803304672,
            "magzpsci": 26.306400299072266,
            "isdiffpos": "t",
            "ssdistnr": null,
            "ssnamenr": null,
            "drb": null
        },
        {
            "candid": 1651310754115015005,
            "jd": 2459405.8107523,
            "ra": 239.5827029,
            "dec": 27.3760569,
            "fid": 1,
            "nid": 1651,
            "magpsf": 19.180500030517578,
            "sigmapsf": 0.10279099643230438,
            "magnr": 21.040000915527344,
            "sigmagnr": 0.11299999803304672,
            "magzpsci": 26.188499450683594,
            "isdiffpos": "t",
            "ssdistnr": null,
            "ssnamenr": null,
            "drb": null
        },
        {
            "candid": 1653207834115015022,
            "jd": 2459407.7078356,
            "ra": 239.5826622,
            "dec": 27.3761092,
            "fid": 2,
            "nid": 1653,
            "magpsf": 19.007999420166016,
            "sigmapsf": 0.10488499701023102,
            "magnr": 20.989999771118164,
            "sigmagnr": 0.10999999940395355,
            "magzpsci": 26.28700065612793,
            "isdiffpos": "t",
            "ssdistnr": null,
            "ssnamenr": null,
            "drb": null
        },
        {
            "candid": 1653262564115015009,
            "jd": 2459407.7625694,
            "ra": 239.5826906,
            "dec": 27.3761248,
            "fid": 1,
            "nid": 1653,
            "magpsf": 19.14620018005371,
            "sigmapsf": 0.11822599917650223,
            "magnr": 21.040000915527344,
            "sigmagnr": 0.11299999803304672,
            "magzpsci": 26.173200607299805,
            "isdiffpos": "t",
            "ssdistnr": null,
            "ssnamenr": null,
            "drb": null
        },
        {
            "candid": 1655205154115015009,
            "jd": 2459409.7051505,
            "ra": 239.5826691,
            "dec": 27.3760936,
            "fid": 2,
            "nid": 1655,
            "magpsf": 19.158000946044922,
            "sigmapsf": 0.11164899915456772,
            "magnr": 20.989999771118164,
            "sigmagnr": 0.10999999940395355,
            "magzpsci": 26.274999618530273,
            "isdiffpos": "t",
            "ssdistnr": null,
            "ssnamenr": null,
            "drb": null
        },
        {
            "candid": 1657193144115015016,
            "jd": 2459411.6931481,
            "ra": 239.5827166,
            "dec": 27.3761358,
            "fid": 1,
            "nid": 1657,
            "magpsf": 19.529600143432617,
            "sigmapsf": 0.1851769983768463,
            "magnr": 21.040000915527344,
            "sigmagnr": 0.11299999803304672,
            "magzpsci": 26.178600311279297,
            "isdiffpos": "t",
            "ssdistnr": null,
            "ssnamenr": null,
            "drb": null
        },
        {
            "candid": 1657215254115015006,
            "jd": 2459411.7152546,
            "ra": 239.5826955,
            "dec": 27.3761212,
            "fid": 2,
            "nid": 1657,
            "magpsf": 19.27090072631836,
            "sigmapsf": 0.13720600306987762,
            "magnr": 20.989999771118164,
            "sigmagnr": 0.10999999940395355,
            "magzpsci": 26.24090003967285,
            "isdiffpos": "t",
            "ssdistnr": null,
            "ssnamenr": null,
            "drb": null
        },
        {
            "candid": 1660234314115015005,
            "jd": 2459414.7343171,
            "ra": 239.5827179,
            "dec": 27.3761,
            "fid": 1,
            "nid": 1660,
            "magpsf": 19.80139923095703,
            "sigmapsf": 0.2419860064983368,
            "magnr": 21.040000915527344,
            "sigmagnr": 0.11299999803304672,
            "magzpsci": 26.221399307250977,
            "isdiffpos": "t",
            "ssdistnr": null,
            "ssnamenr": null,
            "drb": null
        },
        {
            "candid": 1669216534115015015,
            "jd": 2459423.7165394,
            "ra": 239.5827122,
            "dec": 27.3760279,
            "fid": 1,
            "nid": 1669,
            "magpsf": 20.544099807739258,
            "sigmapsf": 0.25708499550819397,
            "magnr": 21.040000915527344,
            "sigmagnr": 0.11299999803304672,
            "magzpsci": 26.3080997467041,
            "isdiffpos": "t",
            "ssdistnr": null,
            "ssnamenr": null,
            "drb": null
        },
        {
            "candid": 1671198214115015010,
            "jd": 2459425.6982176,
            "ra": 239.5826363,
            "dec": 27.3760965,
            "fid": 2,
            "nid": 1671,
            "magpsf": 19.756900787353516,
            "sigmapsf": 0.15472599864006042,
            "magnr": 20.989999771118164,
            "sigmagnr": 0.10999999940395355,
            "magzpsci": 26.375900268554688,
            "isdiffpos": "t",
            "ssdistnr": null,
            "ssnamenr": null,
            "drb": null
        },
        {
            "candid": 1671224254115015013,
            "jd": 2459425.7242593,
            "ra": 239.5825818,
            "dec": 27.3760402,
            "fid": 1,
            "nid": 1671,
            "magpsf": 20.558399200439453,
            "sigmapsf": 0.2845749855041504,
            "magnr": 21.040000915527344,
            "sigmagnr": 0.11299999803304672,
            "magzpsci": 26.29439926147461,
            "isdiffpos": "t",
            "ssdistnr": null,
            "ssnamenr": null,
            "drb": null
        },
        {
            "candid": 1673195204115015017,
            "jd": 2459427.6952083,
            "ra": 239.5826565,
            "dec": 27.3761291,
            "fid": 2,
            "nid": 1673,
            "magpsf": 19.59992027282715,
            "sigmapsf": 0.13986699283123016,
            "magnr": 20.989999771118164,
            "sigmagnr": 0.10999999940395355,
            "magzpsci": 26.361919403076172,
            "isdiffpos": "t",
            "ssdistnr": -999.0,
            "ssnamenr": "null",
            "drb": null
        },
        {
            "jd": 2459363.7782407,
            "fid": 1,
            "diffmaglim": 20.243200302124023
        },
        {
            "jd": 2459363.8772106,
            "fid": 2,
            "diffmaglim": 20.23200035095215
        },
        {
            "jd": 2459365.8304398,
            "fid": 1,
            "diffmaglim": 20.351200103759766
        },
        {
            "jd": 2459365.8536227,
            "fid": 2,
            "diffmaglim": 20.268999099731445
        },
        {
            "jd": 2459367.7948264,
            "fid": 1,
            "diffmaglim": 20.739900588989258
        },
        {
            "jd": 2459367.8748264,
            "fid": 2,
            "diffmaglim": 20.523000717163086
        },
        {
            "jd": 2459369.8195023,
            "fid": 2,
            "diffmaglim": 20.821300506591797
        },
        {
            "jd": 2459369.8686806,
            "fid": 1,
            "diffmaglim": 20.803699493408203
        },
        {
            "jd": 2459371.8696296,
            "fid": 1,
            "diffmaglim": 20.889299392700195
        },
        {
            "jd": 2459374.775463,
            "fid": 2,
            "diffmaglim": 18.888700485229492
        },
        {
            "jd": 2459376.7980093,
            "fid": 2,
            "diffmaglim": 20.760099411010742
        },
        {
            "jd": 2459376.8377546,
            "fid": 1,
            "diffmaglim": 20.69879913330078
        },
        {
            "jd": 2459378.7970602,
            "fid": 2,
            "diffmaglim": 20.531099319458008
        },
        {
            "jd": 2459378.8498843,
            "fid": 1,
            "diffmaglim": 20.72570037841797
        },
        {
            "jd": 2459380.7983449,
            "fid": 1,
            "diffmaglim": 19.319299697875977
        },
        {
            "jd": 2459380.851412,
            "fid": 2,
            "diffmaglim": 20.204999923706055
        },
        {
            "jd": 2459382.8021065,
            "fid": 1,
            "diffmaglim": 20.311800003051758
        },
        {
            "jd": 2459382.8302083,
            "fid": 2,
            "diffmaglim": 20.462299346923828
        },
        {
            "jd": 2459384.8266319,
            "fid": 2,
            "diffmaglim": 19.977800369262695
        },
        {
            "jd": 2459386.7112847,
            "fid": 2,
            "diffmaglim": 19.4242000579834
        },
        {
            "jd": 2459386.8208218,
            "fid": 1,
            "diffmaglim": 19.61639976501465
        },
        {
            "jd": 2459392.8386806,
            "fid": 2,
            "diffmaglim": 19.91550064086914
        },
        {
            "jd": 2459417.7349306,
            "fid": 2,
            "diffmaglim": 17.420299530029297
        },
        {
            "jd": 2459419.7044097,
            "fid": 1,
            "diffmaglim": 18.985599517822266
        },
        {
            "jd": 2459419.7703125,
            "fid": 2,
            "diffmaglim": 17.7012996673584
        },
        {
            "jd": 2459423.7592593,
            "fid": 2,
            "diffmaglim": 16.677099227905273
        }
    ],
    "forcedphot": []
}