{
    "objectId": "ZTF22aalmrqp",
    "candidates": [
        {
            "candid": 1972199080615015005,
            "jd": 2459726.6990856,
            "ra": 180.8189749,
            "dec": 51.8317733,
            "fid": 2,
            "nid": 1972,
            "magpsf": 20.28969955444336,
            "sigmapsf": 0.1742659956216812,
            "magnr": 21.92099952697754,
            "sigmagnr": 0.13500000536441803,
            "magzpsci": 26.31369972229004,
            "isdiffpos": "t",
            "ssdistnr": null,
            "ssnamenr": null,
            "drb": 0.9999840259552002
        },
        {
            "candid": 1972304800615015001,
            "jd": 2459726.8048032,
            "ra": 180.8189242,
            "dec": 51.8317289,
            "fid": 1,
            "nid": 1972,
            "magpsf": 20.147899627685547,
            "sigmapsf": 0.20310600101947784,
            "magnr": 23.094999313354492,
            "sigmagnr": 0.3490000069141388,
            "magzpsci": 26.381900787353516,
            "isdiffpos": "t",
            "ssdistnr": null,
            "ssnamenr": null,
            "drb": null
        },
        {
            "candid": 1977204300615015005,
            "jd": 2459731.7043056,
            "ra": 180.8189579,
            "dec": 51.8317145,
            "fid": 1,
            "nid": 1977,
            "magpsf": 18.61050033569336,
            "sigmapsf": 0.08305499702692032,
            "magnr": 23.094999313354492,
            "sigmagnr": 0.3490000069141388,
            "magzpsci": 26.363500595092773,
            "isdiffpos": "t",
            "ssdistnr": null,
            "ssnamenr": null,
            "drb": null
        },
        {
            "candid": 1977282560615015002,
            "jd": 2459731.7825694,
            "ra": 180.8189604,
            "dec": 51.8317058,
            "fid": 2,
            "nid": 1977,
            "magpsf": 18.684200286865234,
            "sigmapsf": 0.08132699877023697,
            "magnr": 21.92099952697754,
            "sigmagnr": 0.13500000536441803,
            "magzpsci": 26.24920082092285,
            "isdiffpos": "t",
            "ssdistnr": null,
            "ssnamenr": null,
            "drb": null
        },
        {
            "candid": 1979219940615015003,
            "jd": 2459733.7199421,
            "ra": 180.8189761,
            "dec": 51.8317311,
            "fid": 2,
            "nid": 1979,
            "magpsf": 18.434799194335938,
            "sigmapsf": 0.06003599986433983,
            "magnr": 21.92099952697754,
            "sigmagnr": 0.13500000536441803,
            "magzpsci": 26.30579948425293,
            "isdiffpos": "t",
            "ssdistnr": null,
            "ssnamenr": null,
            "drb": null
        },
        {
            "candid": 1982187620615015002,
            "jd": 2459736.6876273,
            "ra": 180.8189487,
            "dec": 51.8317389,
            "fid": 2,
            "nid": 1982,
            "magpsf": 18.168399810791016,
            "sigmapsf": 0.05551400035619736,
            "magnr": 21.92099952697754,
            "sigmagnr": 0.13500000536441803,
            "magzpsci": 26.305400848388672,
            "isdiffpos": "t",
            "ssdistnr": null,
            "ssnamenr": null,
            "drb": null
        },
        {
            "candid": 1982240740615015001,
            "jd": 2459736.7407407,
            "ra": 180.8189763,
            "dec": 51.8317274,
            "fid": 1,
            "nid": 1982,
            "magpsf": 18.04330062866211,
            "sigmapsf": 0.06894899904727936,
            "magnr": 23.094999313354492,
            "sigmagnr": 0.3490000069141388,
            "magzpsci": 26.382299423217773,
            "isdiffpos": "t",
            "ssdistnr": null,
            "ssnamenr": null,
            "drb": null
        },
        {
            "candid": 1984184300615015002,
            "jd": 2459738.6843056,
            "ra": 180.8189563,
            "dec": 51.8317365,
            "fid": 1,
            "nid": 1984,
            "magpsf": 17.93939971923828,
            "sigmapsf": 0.05887800082564354,
            "magnr": 23.094999313354492,
            "sigmagnr": 0.3490000069141388,
            "magzpsci": 26.33839988708496,
            "isdiffpos": "t",
            "ssdistnr": null,
            "ssnamenr": null,
            "drb": null
        },
        {
            "candid": 1984239620615015005,
            "jd": 2459738.7396296,
            "ra": 180.8189574,
            "dec": 51.8317284,
            "fid": 2,
            "nid": 1984,
            "magpsf": 18.128400802612305,
            "sigmapsf": 0.062150001525878906,
            "magnr": 21.92099952697754,
            "sigmagnr": 0.13500000536441803,
            "magzpsci": 26.249399185180664,
            "isdiffpos": "t",
            "ssdistnr": null,
            "ssnamenr": null,
            "drb": null
        },
        {
            "candid": 1986266480615015003,
            "jd": 2459740.7664815,
            "ra": 180.8189995,
            "dec": 51.8317413,
            "fid": 1,
            "nid": 1986,
            "magpsf": 18.002300262451172,
            "sigmapsf": 0.0614360012114048,
            "magnr": 23.094999313354492,
            "sigmagnr": 0.3490000069141388,
            "magzpsci": 26.281299591064453,
            "isdiffpos": "t",
            "ssdistnr": null,
            "ssnamenr": null,
            "drb": null
        },
        {
            "candid": 1988263260615015002,
            "jd": 2459742.7632639,
            "ra": 180.8189259,
            "dec": 51.8317371,
            "fid": 2,
            "nid": 1988,
            "magpsf": 18.072599411010742,
            "sigmapsf": 0.06661000102758408,
            "magnr": 21.92099952697754,
            "sigmagnr": 0.13500000536441803,
            "magzpsci": 26.210599899291992,
            "isdiffpos": "t",
            "ssdistnr": null,
            "ssnamenr": null,
            "drb": null
        },
        {
            "candid": 1988326360615015003,
            "jd": 2459742.8263657,
            "ra": 180.8190088,
            "dec": 51.8317697,
            "fid": 1,
            "nid": 1988,
            "magpsf": 18.060699462890625,
            "sigmapsf": 0.08624500036239624,
            "magnr": 23.094999313354492,
            "sigmagnr": 0.3490000069141388,
            "magzpsci": 26.162700653076172,
            "isdiffpos": "t",
            "ssdistnr": null,
            "ssnamenr": null,
            "drb": null
        },
        {
            "candid": 1993304390615015001,
            "jd": 2459747.8043981,
            "ra": 180.8189456,
            "dec": 51.8317355,
            "fid": 1,
            "nid": 1993,
            "magpsf": 18.312700271606445,
            "sigmapsf": 0.07605800032615662,
            "magnr": 23.094999313354492,
            "sigmagnr": 0.3490000069141388,
            "magzpsci": 26.22570037841797,
            "isdiffpos": "t",
            "ssdistnr": null,
            "ssnamenr": null,
            "drb": null
        },
        {
            "candid": 1995206700615015003,
            "jd": 2459749.7067014,
            "ra": 180.8189671,
            "dec": 51.8317328,
            "fid": 2,
            "nid": 1995,
            "magpsf": 18.50589942932129,
            "sigmapsf": 0.08283499628305435,
            "magnr": 21.92099952697754,
            "sigmagnr": 0.13500000536441803,
            "magzpsci": 26.26889991760254,
            "isdiffpos": "t",
            "ssdistnr": null,
            "ssnamenr": null,
            "drb": null
        },
        {
            "candid": 1995239170615015000,
            "jd": 2459749.7391782,
            "ra": 180.8189687,
            "dec": 51.8317262,
            "fid": 1,
            "nid": 1995,
            "magpsf": 18.4537296295166,
            "sigmapsf": 0.06525599956512451,
            "magnr": 23.094999313354492,
            "sigmagnr": 0.3490000069141388,
            "magzpsci": 26.333730697631836,
            "isdiffpos": "t",
            "ssdistnr": -999.0,
            "ssnamenr": "null",
            "drb": null
        },
        {
            "jd": 2459697.7633796,
            "fid": 1,
            "diffmaglim": 20.68320083618164
        },
        {
            "jd": 2459697.8049074,
            "fid": 2,
            "diffmaglim": 20.62179946899414
        },
        {
            "jd": 2459699.7840856,
            "fid": 2,
            "diffmaglim": 20.513599395751953
        },
        {
            "jd": 2459699.9504398,
            "fid": 1,
            "diffmaglim": 19.95240020751953
        },
        {
            "jd": 2459701.8659491,
            "fid": 1,
            "diffmaglim": 20.312400817871094
        },
        {
            "jd": 2459707.7187037,
            "fid": 2,
            "diffmaglim": 20.138999938964844
        },
        {
            "jd": 2459707.7643519,
            "fid": 2,
            "diffmaglim": 20.21489906311035
        },
        {
            "jd": 2459709.6777778,
            "fid": 2,
            "diffmaglim": 19.937400817871094
        },
        {
            "jd": 2459709.7629167,
            "fid": 2,
            "diffmaglim": 19.913000106811523
        },
        {
            "jd": 2459711.6956713,
            "fid": 1,
            "diffmaglim": 19.66900062561035
        },
        {
            "jd": 2459711.8024537,
            "fid": 2,
            "diffmaglim": 19.361600875854492
        },
        {
            "jd": 2459713.7415046,
            "fid": 2,
            "diffmaglim": 19.8966007232666
        },
        {
            "jd": 2459713.8256829,
            "fid": 1,
            "diffmaglim": 19.41469955444336
        },
        {
            "jd": 2459715.7013426,
            "fid": 2,
            "diffmaglim": 20.460500717163086
        },
        {
            "jd": 2459715.7459375,
            "fid": 1,
            "diffmaglim": 19.59950065612793
        },
        {
            "jd": 2459719.6965046,
            "fid": 2,
            "diffmaglim": 20.535400390625
        },
        {
            "jd": 2459719.7206829,
            "fid": 2,
            "diffmaglim": 20.48349952697754
        },
        {
            "jd": 2459722.7884606,
            "fid": 1,
            "diffmaglim": 20.296199798583984
        },
        {
            "jd": 2459724.7203704,
            "fid": 1,
            "diffmaglim": 20.409299850463867
        },
        {
            "jd": 2459724.765081,
            "fid": 2,
            "diffmaglim": 20.386600494384766
        },
        {
            "jd": 2459747.7042361,
            "fid": 2,
            "diffmaglim": 20.631900787353516
        }
    ],
    "forcedphot": []
}