{
    "objectId": "ZTF23abahlns",
    "candidates": [
        {
            "candid": 2430450023815015005,
            "jd": 2460184.9500231,
            "ra": 79.8582255,
            "dec": -2.4766409,
            "fid": 1,
            "nid": 2430,
            "magpsf": 18.421499252319336,
            "sigmapsf": 0.08537399768829346,
            "magnr": 19.384000778198242,
            "sigmagnr": 0.09300000220537186,
            "magzpsci": 26.08650016784668,
            "isdiffpos": "t",
            "ssdistnr": null,
            "ssnamenr": null,
            "drb": 0.9999982118606567
        },
        {
            "candid": 2430482293815015009,
            "jd": 2460184.9822917,
            "ra": 79.8582666,
            "dec": -2.4766835,
            "fid": 2,
            "nid": 2430,
            "magpsf": 17.909099578857422,
            "sigmapsf": 0.058051999658346176,
            "magnr": 18.621999740600586,
            "sigmagnr": 0.10899999737739563,
            "magzpsci": 26.276100158691406,
            "isdiffpos": "t",
            "ssdistnr": null,
            "ssnamenr": null,
            "drb": null
        },
        {
            "candid": 2432484293815015007,
            "jd": 2460186.984294,
            "ra": 79.8582165,
            "dec": -2.4766804,
            "fid": 1,
            "nid": 2432,
            "magpsf": 18.446800231933594,
            "sigmapsf": 0.1148810014128685,
            "magnr": 19.384000778198242,
            "sigmagnr": 0.09300000220537186,
            "magzpsci": 26.173799514770508,
            "isdiffpos": "t",
            "ssdistnr": null,
            "ssnamenr": null,
            "drb": null
        },
        {
            "candid": 2437444393815015006,
            "jd": 2460191.9443981,
            "ra": 79.8582651,
            "dec": -2.4767019,
            "fid": 1,
            "nid": 2437,
            "magpsf": 18.499000549316406,
            "sigmapsf": 0.14131100475788116,
            "magnr": 19.384000778198242,
            "sigmagnr": 0.09300000220537186,
            "magzpsci": 26.166000366210938,
            "isdiffpos": "t",
            "ssdistnr": null,
            "ssnamenr": null,
            "drb": null
        },
        {
            "candid": 2437480403815015006,
            "jd": 2460191.9804051,
            "ra": 79.8582555,
            "dec": -2.4766439,
            "fid": 2,
            "nid": 2437,
            "magpsf": 17.910499572753906,
            "sigmapsf": 0.05218600109219551,
            "magnr": 18.621999740600586,
            "sigmagnr": 0.10899999737739563,
            "magzpsci": 26.305500030517578,
            "isdiffpos": "t",
            "ssdistnr": null,
            "ssnamenr": null,
            "drb": null
        },
        {
            "candid": 2440444583815015005,
            "jd": 2460194.9445833,
            "ra": 79.8582243,
            "dec": -2.4766549,
            "fid": 1,
            "nid": 2440,
            "magpsf": 18.602800369262695,
            "sigmapsf": 0.1037599965929985,
            "magnr": 19.384000778198242,
            "sigmagnr": 0.09300000220537186,
            "magzpsci": 26.175800323486328,
            "isdiffpos": "t",
            "ssdistnr": null,
            "ssnamenr": null,
            "drb": null
        },
        {
            "candid": 2440491563815015010,
            "jd": 2460194.9915625,
            "ra": 79.8582443,
            "dec": -2.4766402,
            "fid": 2,
            "nid": 2440,
            "magpsf": 18.06060028076172,
            "sigmapsf": 0.05982699990272522,
            "magnr": 18.621999740600586,
            "sigmagnr": 0.10899999737739563,
            "magzpsci": 26.31559944152832,
            "isdiffpos": "t",
            "ssdistnr": null,
            "ssnamenr": null,
            "drb": null
        },
        {
            "candid": 2442442783815015009,
            "jd": 2460196.9427894,
            "ra": 79.8582578,
            "dec": -2.4766399,
            "fid": 2,
            "nid": 2442,
            "magpsf": 18.189599990844727,
            "sigmapsf": 0.06762699782848358,
            "magnr": 18.621999740600586,
            "sigmagnr": 0.10899999737739563,
            "magzpsci": 26.197599411010742,
            "isdiffpos": "t",
            "ssdistnr": null,
            "ssnamenr": null,
            "drb": null
        },
        {
            "candid": 2442483763815015006,
            "jd": 2460196.9837616,
            "ra": 79.8582065,
            "dec": -2.4766433,
            "fid": 1,
            "nid": 2442,
            "magpsf": 18.79990005493164,
            "sigmapsf": 0.11193399876356125,
            "magnr": 19.384000778198242,
            "sigmagnr": 0.09300000220537186,
            "magzpsci": 26.14889907836914,
            "isdiffpos": "t",
            "ssdistnr": null,
            "ssnamenr": null,
            "drb": null
        },
        {
            "candid": 2446465503815015008,
            "jd": 2460200.9655093,
            "ra": 79.8582515,
            "dec": -2.4766748,
            "fid": 2,
            "nid": 2446,
            "magpsf": 18.416900634765625,
            "sigmapsf": 0.057064998894929886,
            "magnr": 18.621999740600586,
            "sigmagnr": 0.10899999737739563,
            "magzpsci": 26.295900344848633,
            "isdiffpos": "t",
            "ssdistnr": null,
            "ssnamenr": null,
            "drb": null
        },
        {
            "candid": 2446496493815015008,
            "jd": 2460200.9964931,
            "ra": 79.8582495,
            "dec": -2.4766695,
            "fid": 1,
            "nid": 2446,
            "magpsf": 19.256399154663086,
            "sigmapsf": 0.09831500053405762,
            "magnr": 19.384000778198242,
            "sigmagnr": 0.09300000220537186,
            "magzpsci": 26.271400451660156,
            "isdiffpos": "t",
            "ssdistnr": null,
            "ssnamenr": null,
            "drb": null
        },
        {
            "candid": 2449425483815015014,
            "jd": 2460203.9254861,
            "ra": 79.8582896,
            "dec": -2.4767069,
            "fid": 1,
            "nid": 2449,
            "magpsf": 19.444700241088867,
            "sigmapsf": 0.13214200735092163,
            "magnr": 19.384000778198242,
            "sigmagnr": 0.09300000220537186,
            "magzpsci": 26.158700942993164,
            "isdiffpos": "t",
            "ssdistnr": null,
            "ssnamenr": null,
            "drb": null
        },
        {
            "candid": 2449497743815015014,
            "jd": 2460203.9977431,
            "ra": 79.8582303,
            "dec": -2.4766768,
            "fid": 2,
            "nid": 2449,
            "magpsf": 18.483299255371094,
            "sigmapsf": 0.05833299830555916,
            "magnr": 18.621999740600586,
            "sigmagnr": 0.10899999737739563,
            "magzpsci": 26.296300888061523,
            "isdiffpos": "t",
            "ssdistnr": null,
            "ssnamenr": null,
            "drb": null
        },
        {
            "candid": 2452463933815015015,
            "jd": 2460206.9639352,
            "ra": 79.8582368,
            "dec": -2.4766346,
            "fid": 2,
            "nid": 2452,
            "magpsf": 18.563899993896484,
            "sigmapsf": 0.056088998913764954,
            "magnr": 18.621999740600586,
            "sigmagnr": 0.10899999737739563,
            "magzpsci": 26.3218994140625,
            "isdiffpos": "t",
            "ssdistnr": null,
            "ssnamenr": null,
            "drb": null
        },
        {
            "candid": 2452490153815015006,
            "jd": 2460206.9901505,
            "ra": 79.8582746,
            "dec": -2.4767444,
            "fid": 1,
            "nid": 2452,
            "magpsf": 19.795000076293945,
            "sigmapsf": 0.16794900596141815,
            "magnr": 19.384000778198242,
            "sigmagnr": 0.09300000220537186,
            "magzpsci": 26.288000106811523,
            "isdiffpos": "t",
            "ssdistnr": null,
            "ssnamenr": null,
            "drb": null
        },
        {
            "candid": 2459457373815015007,
            "jd": 2460213.9573727,
            "ra": 79.8583286,
            "dec": -2.4767587,
            "fid": 1,
            "nid": 2459,
            "magpsf": 20.410900115966797,
            "sigmapsf": 0.29865801334381104,
            "magnr": 19.384000778198242,
            "sigmagnr": 0.09300000220537186,
            "magzpsci": 26.274900436401367,
            "isdiffpos": "t",
            "ssdistnr": null,
            "ssnamenr": null,
            "drb": null
        },
        {
            "candid": 2461441183815015003,
            "jd": 2460215.9411806,
            "ra": 79.8582607,
            "dec": -2.4766352,
            "fid": 2,
            "nid": 2461,
            "magpsf": 19.005578994750977,
            "sigmapsf": 0.15524578094482422,
            "magnr": 18.621999740600586,
            "sigmagnr": 0.10899999737739563,
            "magzpsci": 26.32857894897461,
            "isdiffpos": "t",
            "ssdistnr": -999.0,
            "ssnamenr": "null",
            "drb": null
        },
        {
            "candid": 2461441183815025003,
            "jd": 2460215.9411806,
            "ra": 79.8582607,
            "dec": -2.4766352,
            "fid": 2,
            "nid": 2461,
            "magpsf": 19.005599975585938,
            "sigmapsf": 0.15524600446224213,
            "magnr": 18.621999740600586,
            "sigmagnr": 0.10899999737739563,
            "magzpsci": 26.32859992980957,
            "isdiffpos": "t",
            "ssdistnr": null,
            "ssnamenr": null,
            "drb": null
        },
        {
            "candid": 2463437673815015003,
            "jd": 2460217.9376736,
            "ra": 79.8581742,
            "dec": -2.4766285,
            "fid": 2,
            "nid": 2463,
            "magpsf": 18.99810028076172,
            "sigmapsf": 0.20955899357795715,
            "magnr": 18.621999740600586,
            "sigmagnr": 0.10899999737739563,
            "magzpsci": 26.309099197387695,
            "isdiffpos": "t",
            "ssdistnr": null,
            "ssnamenr": null,
            "drb": null
        },
        {
            "candid": 2471496663815015003,
            "jd": 2460225.9966667,
            "ra": 79.8582085,
            "dec": -2.4766686,
            "fid": 2,
            "nid": 2471,
            "magpsf": 19.435462951660156,
            "sigmapsf": 0.13718710839748383,
            "magnr": 18.621999740600586,
            "sigmagnr": 0.10899999737739563,
            "magzpsci": 26.29546356201172,
            "isdiffpos": "t",
            "ssdistnr": -999.0,
            "ssnamenr": "null",
            "drb": null
        },
        {
            "jd": 2460209.9441667,
            "fid": 1,
            "diffmaglim": 15.551899909973145
        },
        {
            "jd": 2460209.9964699,
            "fid": 2,
            "diffmaglim": 15.31029987335205
        },
        {
            "jd": 2460216.0060764,
            "fid": 1,
            "diffmaglim": 19.832000732421875
        },
        {
            "jd": 2460221.9275579,
            "fid": 1,
            "diffmaglim": 19.125699996948242
        },
        {
            "jd": 2460221.9871875,
            "fid": 2,
            "diffmaglim": 19.55470085144043
        },
        {
            "jd": 2460223.9061343,
            "fid": 1,
            "diffmaglim": 19.74880027770996
        },
        {
            "jd": 2460223.9601852,
            "fid": 2,
            "diffmaglim": 19.743099212646484
        },
        {
            "jd": 2460225.9246065,
            "fid": 1,
            "diffmaglim": 20.335399627685547
        }
    ],
    "forcedphot": []
}