{
    "objectId": "ZTF24aaoxbth",
    "candidates": [
        {
            "candid": 2701256070715015006,
            "jd": 2460455.7560764,
            "ra": 239.5910685,
            "dec": -13.1502184,
            "fid": 1,
            "nid": 2701,
            "magpsf": 19.18720054626465,
            "sigmapsf": 0.254736989736557,
            "magnr": 21.202999114990234,
            "sigmagnr": 0.10700000077486038,
            "magzpsci": 26.252199172973633,
            "isdiffpos": "t",
            "ssdistnr": null,
            "ssnamenr": null,
            "drb": null
        },
        {
            "candid": 2703339560715015013,
            "jd": 2460457.8395602,
            "ra": 239.5910548,
            "dec": -13.1502716,
            "fid": 2,
            "nid": 2703,
            "magpsf": 18.99920082092285,
            "sigmapsf": 0.11315000057220459,
            "magnr": 20.535999298095703,
            "sigmagnr": 0.07400000095367432,
            "magzpsci": 26.2101993560791,
            "isdiffpos": "t",
            "ssdistnr": null,
            "ssnamenr": null,
            "drb": null
        },
        {
            "candid": 2705374950715015014,
            "jd": 2460459.8749537,
            "ra": 239.5910195,
            "dec": -13.1502633,
            "fid": 2,
            "nid": 2705,
            "magpsf": 18.961599349975586,
            "sigmapsf": 0.08934099972248077,
            "magnr": 20.535999298095703,
            "sigmagnr": 0.07400000095367432,
            "magzpsci": 26.186599731445312,
            "isdiffpos": "t",
            "ssdistnr": null,
            "ssnamenr": null,
            "drb": null
        },
        {
            "candid": 2705432650715015005,
            "jd": 2460459.9326505,
            "ra": 239.5910508,
            "dec": -13.1501826,
            "fid": 1,
            "nid": 2705,
            "magpsf": 18.84600067138672,
            "sigmapsf": 0.1267080008983612,
            "magnr": 21.202999114990234,
            "sigmagnr": 0.10700000077486038,
            "magzpsci": 26.042999267578125,
            "isdiffpos": "t",
            "ssdistnr": null,
            "ssnamenr": null,
            "drb": null
        },
        {
            "candid": 2707316850715015019,
            "jd": 2460461.8168519,
            "ra": 239.5910413,
            "dec": -13.1502355,
            "fid": 1,
            "nid": 2707,
            "magpsf": 18.778600692749023,
            "sigmapsf": 0.07488399744033813,
            "magnr": 21.202999114990234,
            "sigmagnr": 0.10700000077486038,
            "magzpsci": 26.188600540161133,
            "isdiffpos": "t",
            "ssdistnr": null,
            "ssnamenr": null,
            "drb": null
        },
        {
            "candid": 2707395670715015014,
            "jd": 2460461.8956713,
            "ra": 239.5910341,
            "dec": -13.1502622,
            "fid": 2,
            "nid": 2707,
            "magpsf": 18.83970069885254,
            "sigmapsf": 0.08111400157213211,
            "magnr": 20.535999298095703,
            "sigmagnr": 0.07400000095367432,
            "magzpsci": 26.119699478149414,
            "isdiffpos": "t",
            "ssdistnr": null,
            "ssnamenr": null,
            "drb": null
        },
        {
            "candid": 2709270450715015014,
            "jd": 2460463.7704514,
            "ra": 239.5910439,
            "dec": -13.1502554,
            "fid": 2,
            "nid": 2709,
            "magpsf": 18.74090003967285,
            "sigmapsf": 0.07765199989080429,
            "magnr": 20.535999298095703,
            "sigmagnr": 0.07400000095367432,
            "magzpsci": 26.188899993896484,
            "isdiffpos": "t",
            "ssdistnr": null,
            "ssnamenr": null,
            "drb": null
        },
        {
            "candid": 2714308030715015017,
            "jd": 2460468.8080324,
            "ra": 239.5910343,
            "dec": -13.1502483,
            "fid": 2,
            "nid": 2714,
            "magpsf": 18.820600509643555,
            "sigmapsf": 0.08263500034809113,
            "magnr": 20.535999298095703,
            "sigmagnr": 0.07400000095367432,
            "magzpsci": 26.191600799560547,
            "isdiffpos": "t",
            "ssdistnr": null,
            "ssnamenr": null,
            "drb": null
        },
        {
            "candid": 2716249450715015017,
            "jd": 2460470.749456,
            "ra": 239.5910395,
            "dec": -13.1502752,
            "fid": 1,
            "nid": 2716,
            "magpsf": 19.02739906311035,
            "sigmapsf": 0.10846299678087234,
            "magnr": 21.202999114990234,
            "sigmagnr": 0.10700000077486038,
            "magzpsci": 26.26740074157715,
            "isdiffpos": "t",
            "ssdistnr": null,
            "ssnamenr": null,
            "drb": null
        },
        {
            "candid": 2716274980715015017,
            "jd": 2460470.7749884,
            "ra": 239.5910327,
            "dec": -13.1502218,
            "fid": 2,
            "nid": 2716,
            "magpsf": 18.87030029296875,
            "sigmapsf": 0.09016499668359756,
            "magnr": 20.535999298095703,
            "sigmagnr": 0.07400000095367432,
            "magzpsci": 26.185300827026367,
            "isdiffpos": "t",
            "ssdistnr": null,
            "ssnamenr": null,
            "drb": null
        },
        {
            "candid": 2718210160715015012,
            "jd": 2460472.710162,
            "ra": 239.5910649,
            "dec": -13.1502301,
            "fid": 1,
            "nid": 2718,
            "magpsf": 19.041000366210938,
            "sigmapsf": 0.09100700169801712,
            "magnr": 21.202999114990234,
            "sigmagnr": 0.10700000077486038,
            "magzpsci": 26.19700050354004,
            "isdiffpos": "t",
            "ssdistnr": null,
            "ssnamenr": null,
            "drb": null
        },
        {
            "candid": 2718315350715015016,
            "jd": 2460472.8153588,
            "ra": 239.5910049,
            "dec": -13.1502591,
            "fid": 2,
            "nid": 2718,
            "magpsf": 18.98430061340332,
            "sigmapsf": 0.09580499678850174,
            "magnr": 20.535999298095703,
            "sigmagnr": 0.07400000095367432,
            "magzpsci": 26.174299240112305,
            "isdiffpos": "t",
            "ssdistnr": null,
            "ssnamenr": null,
            "drb": null
        },
        {
            "candid": 2720251710715015019,
            "jd": 2460474.751713,
            "ra": 239.5910616,
            "dec": -13.1502351,
            "fid": 1,
            "nid": 2720,
            "magpsf": 19.23419952392578,
            "sigmapsf": 0.10600099712610245,
            "magnr": 21.202999114990234,
            "sigmagnr": 0.10700000077486038,
            "magzpsci": 26.246200561523438,
            "isdiffpos": "t",
            "ssdistnr": null,
            "ssnamenr": null,
            "drb": null
        },
        {
            "candid": 2722255500715015012,
            "jd": 2460476.7555093,
            "ra": 239.5910273,
            "dec": -13.1502213,
            "fid": 1,
            "nid": 2722,
            "magpsf": 19.36709976196289,
            "sigmapsf": 0.13175800442695618,
            "magnr": 21.202999114990234,
            "sigmagnr": 0.10700000077486038,
            "magzpsci": 26.269100189208984,
            "isdiffpos": "t",
            "ssdistnr": null,
            "ssnamenr": null,
            "drb": null
        },
        {
            "candid": 2722274650715015018,
            "jd": 2460476.7746528,
            "ra": 239.5910099,
            "dec": -13.1502588,
            "fid": 2,
            "nid": 2722,
            "magpsf": 19.203399658203125,
            "sigmapsf": 0.10585299879312515,
            "magnr": 20.535999298095703,
            "sigmagnr": 0.07400000095367432,
            "magzpsci": 26.210399627685547,
            "isdiffpos": "t",
            "ssdistnr": null,
            "ssnamenr": null,
            "drb": null
        },
        {
            "candid": 2725293190715015010,
            "jd": 2460479.7931944,
            "ra": 239.5910013,
            "dec": -13.1502843,
            "fid": 2,
            "nid": 2725,
            "magpsf": 19.07390022277832,
            "sigmapsf": 0.1228329986333847,
            "magnr": 20.535999298095703,
            "sigmagnr": 0.07400000095367432,
            "magzpsci": 26.236900329589844,
            "isdiffpos": "t",
            "ssdistnr": null,
            "ssnamenr": null,
            "drb": null
        },
        {
            "candid": 2730294870715015007,
            "jd": 2460484.7948727,
            "ra": 239.5910002,
            "dec": -13.1502949,
            "fid": 2,
            "nid": 2730,
            "magpsf": 19.34510040283203,
            "sigmapsf": 0.1952349990606308,
            "magnr": 20.535999298095703,
            "sigmagnr": 0.07400000095367432,
            "magzpsci": 26.199100494384766,
            "isdiffpos": "t",
            "ssdistnr": null,
            "ssnamenr": null,
            "drb": null
        },
        {
            "candid": 2733315640715015015,
            "jd": 2460487.8156481,
            "ra": 239.5910849,
            "dec": -13.1503035,
            "fid": 2,
            "nid": 2733,
            "magpsf": 19.44879913330078,
            "sigmapsf": 0.20417499542236328,
            "magnr": 20.535999298095703,
            "sigmagnr": 0.07400000095367432,
            "magzpsci": 26.040800094604492,
            "isdiffpos": "t",
            "ssdistnr": null,
            "ssnamenr": null,
            "drb": null
        },
        {
            "candid": 2735315700715015010,
            "jd": 2460489.815706,
            "ra": 239.5910091,
            "dec": -13.1502307,
            "fid": 2,
            "nid": 2735,
            "magpsf": 19.538000106811523,
            "sigmapsf": 0.15090900659561157,
            "magnr": 20.535999298095703,
            "sigmagnr": 0.07400000095367432,
            "magzpsci": 26.194000244140625,
            "isdiffpos": "t",
            "ssdistnr": null,
            "ssnamenr": null,
            "drb": null
        },
        {
            "candid": 2737271060715015025,
            "jd": 2460491.7710648,
            "ra": 239.5910359,
            "dec": -13.1502265,
            "fid": 2,
            "nid": 2737,
            "magpsf": 19.499074935913086,
            "sigmapsf": 0.11574822664260864,
            "magnr": 20.535999298095703,
            "sigmagnr": 0.07400000095367432,
            "magzpsci": 26.219074249267578,
            "isdiffpos": "t",
            "ssdistnr": -999.0,
            "ssnamenr": "null",
            "drb": null
        },
        {
            "jd": 2460429.8553704,
            "fid": 2,
            "diffmaglim": 20.012399673461914
        },
        {
            "jd": 2460431.8738542,
            "fid": 1,
            "diffmaglim": 19.687599182128906
        },
        {
            "jd": 2460434.8668981,
            "fid": 2,
            "diffmaglim": 20.56060028076172
        },
        {
            "jd": 2460434.8985069,
            "fid": 1,
            "diffmaglim": 20.42289924621582
        },
        {
            "jd": 2460437.8799884,
            "fid": 2,
            "diffmaglim": 19.99209976196289
        },
        {
            "jd": 2460437.943044,
            "fid": 1,
            "diffmaglim": 20.128400802612305
        },
        {
            "jd": 2460438.8850694,
            "fid": 2,
            "diffmaglim": 20.207500457763672
        },
        {
            "jd": 2460438.9188657,
            "fid": 1,
            "diffmaglim": 20.232099533081055
        },
        {
            "jd": 2460440.854213,
            "fid": 1,
            "diffmaglim": 20.191299438476562
        },
        {
            "jd": 2460442.9009606,
            "fid": 2,
            "diffmaglim": 20.496599197387695
        },
        {
            "jd": 2460444.7782176,
            "fid": 2,
            "diffmaglim": 20.13800048828125
        },
        {
            "jd": 2460444.8584606,
            "fid": 1,
            "diffmaglim": 20.494800567626953
        },
        {
            "jd": 2460446.7996296,
            "fid": 2,
            "diffmaglim": 19.99449920654297
        },
        {
            "jd": 2460448.7738426,
            "fid": 2,
            "diffmaglim": 19.812400817871094
        },
        {
            "jd": 2460450.8379167,
            "fid": 1,
            "diffmaglim": 19.12809944152832
        },
        {
            "jd": 2460450.8567593,
            "fid": 2,
            "diffmaglim": 19.195999145507812
        },
        {
            "jd": 2460479.8801273,
            "fid": 1,
            "diffmaglim": 18.941200256347656
        },
        {
            "jd": 2460482.8400231,
            "fid": 2,
            "diffmaglim": 19.081499099731445
        },
        {
            "jd": 2460484.8483102,
            "fid": 1,
            "diffmaglim": 19.01919937133789
        },
        {
            "jd": 2460489.7329167,
            "fid": 1,
            "diffmaglim": 20.274499893188477
        }
    ],
    "forcedphot": [
        {
            "objectid": "ZTF24aaoxbth",
            "jd": 2460429.8938194,
            "ranr": -99999.0,
            "decnr": -99999.0,
            "fid": 2,
            "forcediffimflux": -99999.0,
            "forcediffimfluxunc": -99999.0,
            "magzpsci": 26.156099319458008
        },
        {
            "objectid": "ZTF24aaoxbth",
            "jd": 2460432.9192708,
            "ranr": -99999.0,
            "decnr": -99999.0,
            "fid": 1,
            "forcediffimflux": -99999.0,
            "forcediffimfluxunc": -99999.0,
            "magzpsci": 26.009899139404297
        },
        {
            "objectid": "ZTF24aaoxbth",
            "jd": 2460434.8673727,
            "ranr": -99999.0,
            "decnr": -99999.0,
            "fid": 2,
            "forcediffimflux": -99999.0,
            "forcediffimfluxunc": -99999.0,
            "magzpsci": 26.06450080871582
        },
        {
            "objectid": "ZTF24aaoxbth",
            "jd": 2460434.8985069,
            "ranr": 239.5910245,
            "decnr": -13.150828,
            "fid": 1,
            "forcediffimflux": -12.227293014526367,
            "forcediffimfluxunc": 27.224353790283203,
            "magzpsci": 26.222000122070312
        },
        {
            "objectid": "ZTF24aaoxbth",
            "jd": 2460437.8799884,
            "ranr": 239.5908932,
            "decnr": -13.1502556,
            "fid": 2,
            "forcediffimflux": -50.240352630615234,
            "forcediffimfluxunc": 38.726173400878906,
            "magzpsci": 26.212900161743164
        },
        {
            "objectid": "ZTF24aaoxbth",
            "jd": 2460437.943044,
            "ranr": 239.5910245,
            "decnr": -13.150828,
            "fid": 1,
            "forcediffimflux": -41.79267120361328,
            "forcediffimfluxunc": 34.74977111816406,
            "magzpsci": 26.184600830078125
        },
        {
            "objectid": "ZTF24aaoxbth",
            "jd": 2460438.8850694,
            "ranr": 239.5908932,
            "decnr": -13.1502556,
            "fid": 2,
            "forcediffimflux": -18.300355911254883,
            "forcediffimfluxunc": 30.80999755859375,
            "magzpsci": 26.207599639892578
        },
        {
            "objectid": "ZTF24aaoxbth",
            "jd": 2460438.9188657,
            "ranr": 239.5910245,
            "decnr": -13.150828,
            "fid": 1,
            "forcediffimflux": 3.483354091644287,
            "forcediffimfluxunc": 31.451679229736328,
            "magzpsci": 26.23430061340332
        },
        {
            "objectid": "ZTF24aaoxbth",
            "jd": 2460440.854213,
            "ranr": 239.5900914,
            "decnr": -13.1496612,
            "fid": 1,
            "forcediffimflux": -2.6314218044281006,
            "forcediffimfluxunc": 32.17976379394531,
            "magzpsci": 26.25040054321289
        },
        {
            "objectid": "ZTF24aaoxbth",
            "jd": 2460440.8781134,
            "ranr": -99999.0,
            "decnr": -99999.0,
            "fid": 2,
            "forcediffimflux": -99999.0,
            "forcediffimfluxunc": -99999.0,
            "magzpsci": 26.074399948120117
        },
        {
            "objectid": "ZTF24aaoxbth",
            "jd": 2460442.9009606,
            "ranr": 239.5908932,
            "decnr": -13.1502556,
            "fid": 2,
            "forcediffimflux": 49.14908218383789,
            "forcediffimfluxunc": 23.466476440429688,
            "magzpsci": 26.18790054321289
        },
        {
            "objectid": "ZTF24aaoxbth",
            "jd": 2460444.7937153,
            "ranr": -99999.0,
            "decnr": -99999.0,
            "fid": 2,
            "forcediffimflux": -99999.0,
            "forcediffimfluxunc": -99999.0,
            "magzpsci": 26.084999084472656
        },
        {
            "objectid": "ZTF24aaoxbth",
            "jd": 2460444.8584606,
            "ranr": 239.5900914,
            "decnr": -13.1496612,
            "fid": 1,
            "forcediffimflux": 52.10361099243164,
            "forcediffimfluxunc": 24.105613708496094,
            "magzpsci": 26.278200149536133
        },
        {
            "objectid": "ZTF24aaoxbth",
            "jd": 2460446.8001042,
            "ranr": -99999.0,
            "decnr": -99999.0,
            "fid": 2,
            "forcediffimflux": -99999.0,
            "forcediffimfluxunc": -99999.0,
            "magzpsci": 26.093000411987305
        },
        {
            "objectid": "ZTF24aaoxbth",
            "jd": 2460448.7743056,
            "ranr": -99999.0,
            "decnr": -99999.0,
            "fid": 2,
            "forcediffimflux": -99999.0,
            "forcediffimfluxunc": -99999.0,
            "magzpsci": 26.132600784301758
        },
        {
            "objectid": "ZTF24aaoxbth",
            "jd": 2460450.8379167,
            "ranr": 239.5910245,
            "decnr": -13.150828,
            "fid": 1,
            "forcediffimflux": 189.5409698486328,
            "forcediffimfluxunc": 87.3420639038086,
            "magzpsci": 26.229299545288086
        },
        {
            "objectid": "ZTF24aaoxbth",
            "jd": 2460450.8789699,
            "ranr": -99999.0,
            "decnr": -99999.0,
            "fid": 2,
            "forcediffimflux": -99999.0,
            "forcediffimfluxunc": -99999.0,
            "magzpsci": 26.130300521850586
        },
        {
            "objectid": "ZTF24aaoxbth",
            "jd": 2460455.7560764,
            "ranr": 239.5910245,
            "decnr": -13.150828,
            "fid": 1,
            "forcediffimflux": 613.5677490234375,
            "forcediffimfluxunc": 106.0148696899414,
            "magzpsci": 26.252199172973633
        },
        {
            "objectid": "ZTF24aaoxbth",
            "jd": 2460457.8409954,
            "ranr": -99999.0,
            "decnr": -99999.0,
            "fid": 2,
            "forcediffimflux": -99999.0,
            "forcediffimfluxunc": -99999.0,
            "magzpsci": 26.146499633789062
        },
        {
            "objectid": "ZTF24aaoxbth",
            "jd": 2460459.8754282,
            "ranr": -99999.0,
            "decnr": -99999.0,
            "fid": 2,
            "forcediffimflux": -99999.0,
            "forcediffimfluxunc": -99999.0,
            "magzpsci": 26.063499450683594
        },
        {
            "objectid": "ZTF24aaoxbth",
            "jd": 2460459.933125,
            "ranr": -99999.0,
            "decnr": -99999.0,
            "fid": 1,
            "forcediffimflux": -99999.0,
            "forcediffimfluxunc": -99999.0,
            "magzpsci": 25.968799591064453
        },
        {
            "objectid": "ZTF24aaoxbth",
            "jd": 2460461.8168519,
            "ranr": 239.5900914,
            "decnr": -13.1496612,
            "fid": 1,
            "forcediffimflux": 941.9322509765625,
            "forcediffimfluxunc": 27.855546951293945,
            "magzpsci": 26.188600540161133
        },
        {
            "objectid": "ZTF24aaoxbth",
            "jd": 2460461.8961458,
            "ranr": -99999.0,
            "decnr": -99999.0,
            "fid": 2,
            "forcediffimflux": -99999.0,
            "forcediffimfluxunc": -99999.0,
            "magzpsci": 26.06049919128418
        },
        {
            "objectid": "ZTF24aaoxbth",
            "jd": 2460463.7699884,
            "ranr": -99999.0,
            "decnr": -99999.0,
            "fid": 2,
            "forcediffimflux": -99999.0,
            "forcediffimfluxunc": -99999.0,
            "magzpsci": 26.122800827026367
        },
        {
            "objectid": "ZTF24aaoxbth",
            "jd": 2460463.7704514,
            "ranr": 239.5908932,
            "decnr": -13.1502556,
            "fid": 2,
            "forcediffimflux": 961.0966796875,
            "forcediffimfluxunc": 30.3242244720459,
            "magzpsci": 26.188899993896484
        },
        {
            "objectid": "ZTF24aaoxbth",
            "jd": 2460468.8080324,
            "ranr": 239.5908932,
            "decnr": -13.1502556,
            "fid": 2,
            "forcediffimflux": 908.2340698242188,
            "forcediffimfluxunc": 31.15155601501465,
            "magzpsci": 26.191600799560547
        },
        {
            "objectid": "ZTF24aaoxbth",
            "jd": 2460470.7302431,
            "ranr": -99999.0,
            "decnr": -99999.0,
            "fid": 1,
            "forcediffimflux": -99999.0,
            "forcediffimfluxunc": -99999.0,
            "magzpsci": 26.088600158691406
        },
        {
            "objectid": "ZTF24aaoxbth",
            "jd": 2460470.749456,
            "ranr": 239.5900914,
            "decnr": -13.1496612,
            "fid": 1,
            "forcediffimflux": 748.2395629882812,
            "forcediffimfluxunc": 34.0922966003418,
            "magzpsci": 26.26740074157715
        },
        {
            "objectid": "ZTF24aaoxbth",
            "jd": 2460470.7745255,
            "ranr": -99999.0,
            "decnr": -99999.0,
            "fid": 2,
            "forcediffimflux": -99999.0,
            "forcediffimfluxunc": -99999.0,
            "magzpsci": 26.081199645996094
        },
        {
            "objectid": "ZTF24aaoxbth",
            "jd": 2460470.7749884,
            "ranr": 239.5908932,
            "decnr": -13.1502556,
            "fid": 2,
            "forcediffimflux": 856.429443359375,
            "forcediffimfluxunc": 30.1242618560791,
            "magzpsci": 26.185300827026367
        },
        {
            "objectid": "ZTF24aaoxbth",
            "jd": 2460472.710162,
            "ranr": 239.5900914,
            "decnr": -13.1496612,
            "fid": 1,
            "forcediffimflux": 733.6336059570312,
            "forcediffimfluxunc": 30.789003372192383,
            "magzpsci": 26.19700050354004
        },
        {
            "objectid": "ZTF24aaoxbth",
            "jd": 2460472.8148843,
            "ranr": -99999.0,
            "decnr": -99999.0,
            "fid": 2,
            "forcediffimflux": -99999.0,
            "forcediffimfluxunc": -99999.0,
            "magzpsci": 26.112300872802734
        },
        {
            "objectid": "ZTF24aaoxbth",
            "jd": 2460472.8153588,
            "ranr": 239.5908932,
            "decnr": -13.1502556,
            "fid": 2,
            "forcediffimflux": 755.260009765625,
            "forcediffimfluxunc": 31.258468627929688,
            "magzpsci": 26.174299240112305
        },
        {
            "objectid": "ZTF24aaoxbth",
            "jd": 2460474.751713,
            "ranr": 239.5900914,
            "decnr": -13.1496612,
            "fid": 1,
            "forcediffimflux": 642.7723388671875,
            "forcediffimfluxunc": 33.377525329589844,
            "magzpsci": 26.246200561523438
        },
        {
            "objectid": "ZTF24aaoxbth",
            "jd": 2460475.7170833,
            "ranr": -99999.0,
            "decnr": -99999.0,
            "fid": 1,
            "forcediffimflux": -99999.0,
            "forcediffimfluxunc": -99999.0,
            "magzpsci": 26.071300506591797
        },
        {
            "objectid": "ZTF24aaoxbth",
            "jd": 2460475.7525926,
            "ranr": -99999.0,
            "decnr": -99999.0,
            "fid": 2,
            "forcediffimflux": -99999.0,
            "forcediffimfluxunc": -99999.0,
            "magzpsci": 26.08839988708496
        },
        {
            "objectid": "ZTF24aaoxbth",
            "jd": 2460476.7555093,
            "ranr": 239.5900914,
            "decnr": -13.1496612,
            "fid": 1,
            "forcediffimflux": 558.9999389648438,
            "forcediffimfluxunc": 46.0422248840332,
            "magzpsci": 26.269100189208984
        },
        {
            "objectid": "ZTF24aaoxbth",
            "jd": 2460476.7746528,
            "ranr": 239.5908932,
            "decnr": -13.1502556,
            "fid": 2,
            "forcediffimflux": 663.6217651367188,
            "forcediffimfluxunc": 34.13978958129883,
            "magzpsci": 26.210399627685547
        },
        {
            "objectid": "ZTF24aaoxbth",
            "jd": 2460477.761331,
            "ranr": -99999.0,
            "decnr": -99999.0,
            "fid": 1,
            "forcediffimflux": -99999.0,
            "forcediffimfluxunc": -99999.0,
            "magzpsci": 26.23509979248047
        },
        {
            "objectid": "ZTF24aaoxbth",
            "jd": 2460477.7941319,
            "ranr": -99999.0,
            "decnr": -99999.0,
            "fid": 2,
            "forcediffimflux": -99999.0,
            "forcediffimfluxunc": -99999.0,
            "magzpsci": 26.125699996948242
        },
        {
            "objectid": "ZTF24aaoxbth",
            "jd": 2460479.7931944,
            "ranr": 239.5908932,
            "decnr": -13.1502556,
            "fid": 2,
            "forcediffimflux": 725.140380859375,
            "forcediffimfluxunc": 56.01375961303711,
            "magzpsci": 26.236900329589844
        },
        {
            "objectid": "ZTF24aaoxbth",
            "jd": 2460479.8801273,
            "ranr": 239.5900914,
            "decnr": -13.1496612,
            "fid": 1,
            "forcediffimflux": 385.293212890625,
            "forcediffimfluxunc": 91.33130645751953,
            "magzpsci": 26.104799270629883
        },
        {
            "objectid": "ZTF24aaoxbth",
            "jd": 2460482.8503125,
            "ranr": -99999.0,
            "decnr": -99999.0,
            "fid": 2,
            "forcediffimflux": -99999.0,
            "forcediffimfluxunc": -99999.0,
            "magzpsci": 26.077299118041992
        },
        {
            "objectid": "ZTF24aaoxbth",
            "jd": 2460484.7929977,
            "ranr": -99999.0,
            "decnr": -99999.0,
            "fid": 2,
            "forcediffimflux": -99999.0,
            "forcediffimfluxunc": -99999.0,
            "magzpsci": 26.142799377441406
        },
        {
            "objectid": "ZTF24aaoxbth",
            "jd": 2460484.7948727,
            "ranr": 239.5908932,
            "decnr": -13.1502556,
            "fid": 2,
            "forcediffimflux": 544.2474365234375,
            "forcediffimfluxunc": 66.26661682128906,
            "magzpsci": 26.199100494384766
        },
        {
            "objectid": "ZTF24aaoxbth",
            "jd": 2460484.8487847,
            "ranr": -99999.0,
            "decnr": -99999.0,
            "fid": 1,
            "forcediffimflux": -99999.0,
            "forcediffimfluxunc": -99999.0,
            "magzpsci": 26.015600204467773
        },
        {
            "objectid": "ZTF24aaoxbth",
            "jd": 2460486.7296528,
            "ranr": -99999.0,
            "decnr": -99999.0,
            "fid": 1,
            "forcediffimflux": -99999.0,
            "forcediffimfluxunc": -99999.0,
            "magzpsci": 26.162399291992188
        },
        {
            "objectid": "ZTF24aaoxbth",
            "jd": 2460487.8156481,
            "ranr": 239.5908932,
            "decnr": -13.1502556,
            "fid": 2,
            "forcediffimflux": 428.7000732421875,
            "forcediffimfluxunc": 40.398231506347656,
            "magzpsci": 26.040800094604492
        },
        {
            "objectid": "ZTF24aaoxbth",
            "jd": 2460488.8137153,
            "ranr": -99999.0,
            "decnr": -99999.0,
            "fid": 2,
            "forcediffimflux": -99999.0,
            "forcediffimfluxunc": -99999.0,
            "magzpsci": 26.104000091552734
        },
        {
            "objectid": "ZTF24aaoxbth",
            "jd": 2460489.7329167,
            "ranr": 239.5900914,
            "decnr": -13.1496612,
            "fid": 1,
            "forcediffimflux": 142.84750366210938,
            "forcediffimfluxunc": 30.504806518554688,
            "magzpsci": 26.278600692749023
        },
        {
            "objectid": "ZTF24aaoxbth",
            "jd": 2460489.815706,
            "ranr": 239.5908932,
            "decnr": -13.1502556,
            "fid": 2,
            "forcediffimflux": 434.446044921875,
            "forcediffimfluxunc": 41.89611053466797,
            "magzpsci": 26.194000244140625
        },
        {
            "objectid": "ZTF24aaoxbth",
            "jd": 2460490.8397454,
            "ranr": -99999.0,
            "decnr": -99999.0,
            "fid": 1,
            "forcediffimflux": -99999.0,
            "forcediffimfluxunc": -99999.0,
            "magzpsci": 26.11669921875
        }
    ]
}