{
    "objectId": "ZTF20abdxouw",
    "candidates": [
        {
            "candid": 1246243784415015010,
            "jd": 2459000.7437847,
            "ra": 200.5352015,
            "dec": 48.9763049,
            "fid": 1,
            "nid": 1246,
            "magpsf": 20.287099838256836,
            "sigmapsf": 0.2993159890174866,
            "magnr": 21.018999099731445,
            "sigmagnr": 0.11699999868869781,
            "magzpsci": 26.352100372314453,
            "isdiffpos": "t",
            "ssdistnr": -999.0,
            "ssnamenr": "-999.0",
            "drb": null
        },
        {
            "candid": 1246266574415015006,
            "jd": 2459000.7665741,
            "ra": 200.5352329,
            "dec": 48.9763332,
            "fid": 1,
            "nid": 1246,
            "magpsf": 19.8976993560791,
            "sigmapsf": 0.1616789996623993,
            "magnr": 21.018999099731445,
            "sigmagnr": 0.11699999868869781,
            "magzpsci": 26.347700119018555,
            "isdiffpos": "t",
            "ssdistnr": -999.0,
            "ssnamenr": "-999.0",
            "drb": null
        },
        {
            "candid": 1250256484415015007,
            "jd": 2459004.7564815,
            "ra": 200.5352071,
            "dec": 48.9763208,
            "fid": 2,
            "nid": 1250,
            "magpsf": 19.22010040283203,
            "sigmapsf": 0.12163899838924408,
            "magnr": 20.72599983215332,
            "sigmagnr": 0.09200000017881393,
            "magzpsci": 26.318099975585938,
            "isdiffpos": "t",
            "ssdistnr": -999.0,
            "ssnamenr": "null",
            "drb": 0.8407059907913208
        },
        {
            "candid": 1255205254415015006,
            "jd": 2459009.7052546,
            "ra": 200.5352463,
            "dec": 48.9762907,
            "fid": 2,
            "nid": 1255,
            "magpsf": 18.747499465942383,
            "sigmapsf": 0.08771499991416931,
            "magnr": 20.72599983215332,
            "sigmagnr": 0.09200000017881393,
            "magzpsci": 26.361499786376953,
            "isdiffpos": "t",
            "ssdistnr": -999.0,
            "ssnamenr": "null",
            "drb": 0.9999939799308777
        },
        {
            "candid": 1255243804415015014,
            "jd": 2459009.7438079,
            "ra": 200.5352248,
            "dec": 48.9763119,
            "fid": 1,
            "nid": 1255,
            "magpsf": 18.497800827026367,
            "sigmapsf": 0.07709000259637833,
            "magnr": 21.018999099731445,
            "sigmagnr": 0.11699999868869781,
            "magzpsci": 26.402799606323242,
            "isdiffpos": "t",
            "ssdistnr": -999.0,
            "ssnamenr": "null",
            "drb": 0.9999960064888
        },
        {
            "candid": 1263229294415015025,
            "jd": 2459017.729294,
            "ra": 200.5351865,
            "dec": 48.9762916,
            "fid": 1,
            "nid": 1263,
            "magpsf": 18.33880043029785,
            "sigmapsf": 0.04817099869251251,
            "magnr": 21.018999099731445,
            "sigmagnr": 0.11699999868869781,
            "magzpsci": 26.396799087524414,
            "isdiffpos": "t",
            "ssdistnr": -999.0,
            "ssnamenr": "null",
            "drb": 0.9999899864196777
        },
        {
            "candid": 1263250414415015011,
            "jd": 2459017.7504167,
            "ra": 200.5351966,
            "dec": 48.9762919,
            "fid": 2,
            "nid": 1263,
            "magpsf": 18.482900619506836,
            "sigmapsf": 0.049045998603105545,
            "magnr": 20.72599983215332,
            "sigmagnr": 0.09200000017881393,
            "magzpsci": 26.38290023803711,
            "isdiffpos": "t",
            "ssdistnr": -999.0,
            "ssnamenr": "null",
            "drb": 0.9999240040779114
        },
        {
            "candid": 1266208654415015012,
            "jd": 2459020.7086574,
            "ra": 200.535185,
            "dec": 48.9762896,
            "fid": 1,
            "nid": 1266,
            "magpsf": 18.413000106811523,
            "sigmapsf": 0.049522001296281815,
            "magnr": 21.018999099731445,
            "sigmagnr": 0.11699999868869781,
            "magzpsci": 26.350000381469727,
            "isdiffpos": "t",
            "ssdistnr": -999.0,
            "ssnamenr": "null",
            "drb": 1.0
        },
        {
            "candid": 1266247484415015007,
            "jd": 2459020.7474884,
            "ra": 200.5352153,
            "dec": 48.976273,
            "fid": 2,
            "nid": 1266,
            "magpsf": 18.560699462890625,
            "sigmapsf": 0.04901700094342232,
            "magnr": 20.72599983215332,
            "sigmagnr": 0.09200000017881393,
            "magzpsci": 26.37470054626465,
            "isdiffpos": "t",
            "ssdistnr": -999.0,
            "ssnamenr": "null",
            "drb": 0.9965350031852722
        },
        {
            "candid": 1269224844415015015,
            "jd": 2459023.7248495,
            "ra": 200.5351989,
            "dec": 48.9762947,
            "fid": 1,
            "nid": 1269,
            "magpsf": 18.553600311279297,
            "sigmapsf": 0.067951999604702,
            "magnr": 21.018999099731445,
            "sigmagnr": 0.11699999868869781,
            "magzpsci": 26.366600036621094,
            "isdiffpos": "t",
            "ssdistnr": -999.0,
            "ssnamenr": "null",
            "drb": 0.9999989867210388
        },
        {
            "candid": 1272203464415015015,
            "jd": 2459026.7034606,
            "ra": 200.5352175,
            "dec": 48.9762891,
            "fid": 2,
            "nid": 1272,
            "magpsf": 18.71109962463379,
            "sigmapsf": 0.07233700156211853,
            "magnr": 20.72599983215332,
            "sigmagnr": 0.09200000017881393,
            "magzpsci": 26.3971004486084,
            "isdiffpos": "t",
            "ssdistnr": -999.0,
            "ssnamenr": "null",
            "drb": 0.9993820190429688
        },
        {
            "candid": 1272225784415015013,
            "jd": 2459026.725787,
            "ra": 200.5353407,
            "dec": 48.9761618,
            "fid": 1,
            "nid": 1272,
            "magpsf": 18.672199249267578,
            "sigmapsf": 0.1686909943819046,
            "magnr": 21.018999099731445,
            "sigmagnr": 0.11699999868869781,
            "magzpsci": 25.257200241088867,
            "isdiffpos": "t",
            "ssdistnr": -999.0,
            "ssnamenr": "-999.0",
            "drb": null
        },
        {
            "candid": 1275240154415015005,
            "jd": 2459029.7401505,
            "ra": 200.5351631,
            "dec": 48.9763254,
            "fid": 1,
            "nid": 1275,
            "magpsf": 18.917499542236328,
            "sigmapsf": 0.1585090011358261,
            "magnr": 21.018999099731445,
            "sigmagnr": 0.11699999868869781,
            "magzpsci": 26.35650062561035,
            "isdiffpos": "t",
            "ssdistnr": -999.0,
            "ssnamenr": "null",
            "drb": 0.8790810108184814
        },
        {
            "candid": 1278206514415015005,
            "jd": 2459032.7065162,
            "ra": 200.535242,
            "dec": 48.9762982,
            "fid": 1,
            "nid": 1278,
            "magpsf": 19.142200469970703,
            "sigmapsf": 0.14677299559116364,
            "magnr": 21.018999099731445,
            "sigmagnr": 0.11699999868869781,
            "magzpsci": 26.366199493408203,
            "isdiffpos": "t",
            "ssdistnr": -999.0,
            "ssnamenr": "null",
            "drb": 0.9999129772186279
        },
        {
            "candid": 1278233064415015008,
            "jd": 2459032.7330671,
            "ra": 200.5352054,
            "dec": 48.976302,
            "fid": 2,
            "nid": 1278,
            "magpsf": 18.95509910583496,
            "sigmapsf": 0.09159199893474579,
            "magnr": 20.72599983215332,
            "sigmagnr": 0.09200000017881393,
            "magzpsci": 26.342100143432617,
            "isdiffpos": "t",
            "ssdistnr": -999.0,
            "ssnamenr": "null",
            "drb": 0.9998270273208618
        },
        {
            "candid": 1281318774415015000,
            "jd": 2459035.8187731,
            "ra": 200.5353211,
            "dec": 48.9763118,
            "fid": 2,
            "nid": 1281,
            "magpsf": 18.960500717163086,
            "sigmapsf": 0.1841910034418106,
            "magnr": 20.72599983215332,
            "sigmagnr": 0.09200000017881393,
            "magzpsci": 26.256500244140625,
            "isdiffpos": "t",
            "ssdistnr": -999.0,
            "ssnamenr": "null",
            "drb": 0.9995120167732239
        },
        {
            "candid": 1284202164415015009,
            "jd": 2459038.7021644,
            "ra": 200.535184,
            "dec": 48.9762796,
            "fid": 2,
            "nid": 1284,
            "magpsf": 19.149900436401367,
            "sigmapsf": 0.07880199700593948,
            "magnr": 20.72599983215332,
            "sigmagnr": 0.09200000017881393,
            "magzpsci": 26.367900848388672,
            "isdiffpos": "t",
            "ssdistnr": -999.0,
            "ssnamenr": "null",
            "drb": 0.9999840259552002
        },
        {
            "candid": 1284239644415015014,
            "jd": 2459038.7396412,
            "ra": 200.5351031,
            "dec": 48.9762889,
            "fid": 1,
            "nid": 1284,
            "magpsf": 19.766300201416016,
            "sigmapsf": 0.18967999517917633,
            "magnr": 21.018999099731445,
            "sigmagnr": 0.11699999868869781,
            "magzpsci": 26.356300354003906,
            "isdiffpos": "t",
            "ssdistnr": -999.0,
            "ssnamenr": "null",
            "drb": 0.9172369837760925
        },
        {
            "candid": 1287208404415015025,
            "jd": 2459041.7084028,
            "ra": 200.5351756,
            "dec": 48.976275,
            "fid": 1,
            "nid": 1287,
            "magpsf": 19.85260009765625,
            "sigmapsf": 0.16578200459480286,
            "magnr": 21.018999099731445,
            "sigmagnr": 0.11699999868869781,
            "magzpsci": 25.996599197387695,
            "isdiffpos": "t",
            "ssdistnr": -999.0,
            "ssnamenr": "null",
            "drb": 0.9999619722366333
        },
        {
            "candid": 1287235014415015016,
            "jd": 2459041.7350116,
            "ra": 200.5352106,
            "dec": 48.9762548,
            "fid": 2,
            "nid": 1287,
            "magpsf": 19.15999984741211,
            "sigmapsf": 0.0887800008058548,
            "magnr": 20.72599983215332,
            "sigmagnr": 0.09200000017881393,
            "magzpsci": 26.090999603271484,
            "isdiffpos": "t",
            "ssdistnr": -999.0,
            "ssnamenr": "-999.0",
            "drb": null
        },
        {
            "candid": 1290224504415015004,
            "jd": 2459044.7245023,
            "ra": 200.5352297,
            "dec": 48.9763162,
            "fid": 2,
            "nid": 1290,
            "magpsf": 19.304800033569336,
            "sigmapsf": 0.08982100337743759,
            "magnr": 20.72599983215332,
            "sigmagnr": 0.09200000017881393,
            "magzpsci": 26.36079978942871,
            "isdiffpos": "t",
            "ssdistnr": -999.0,
            "ssnamenr": "null",
            "drb": 0.9995970129966736
        },
        {
            "candid": 1294196814415015014,
            "jd": 2459048.6968171,
            "ra": 200.5351676,
            "dec": 48.9762852,
            "fid": 2,
            "nid": 1294,
            "magpsf": 19.457599639892578,
            "sigmapsf": 0.08645500242710114,
            "magnr": 20.72599983215332,
            "sigmagnr": 0.09200000017881393,
            "magzpsci": 26.41360092163086,
            "isdiffpos": "t",
            "ssdistnr": -999.0,
            "ssnamenr": "null",
            "drb": 0.9974160194396973
        },
        {
            "jd": 2458974.75845,
            "fid": 2,
            "diffmaglim": 19.97599983215332
        },
        {
            "jd": 2458974.77124,
            "fid": 2,
            "diffmaglim": 20.0049991607666
        },
        {
            "jd": 2458974.95469,
            "fid": 1,
            "diffmaglim": 19.386999130249023
        },
        {
            "jd": 2458976.76201,
            "fid": 2,
            "diffmaglim": 19.83799934387207
        },
        {
            "jd": 2458977.73804,
            "fid": 2,
            "diffmaglim": 17.05699920654297
        },
        {
            "jd": 2458977.84,
            "fid": 1,
            "diffmaglim": 18.090999603271484
        },
        {
            "jd": 2458980.76472,
            "fid": 2,
            "diffmaglim": 21.016000747680664
        },
        {
            "jd": 2458980.83012,
            "fid": 2,
            "diffmaglim": 20.143999099731445
        },
        {
            "jd": 2458985.70174,
            "fid": 1,
            "diffmaglim": 20.937000274658203
        },
        {
            "jd": 2458991.74374,
            "fid": 2,
            "diffmaglim": 20.858999252319336
        },
        {
            "jd": 2458991.80873,
            "fid": 1,
            "diffmaglim": 20.750999450683594
        },
        {
            "jd": 2458994.74308,
            "fid": 1,
            "diffmaglim": 20.90399932861328
        },
        {
            "jd": 2458997.76022,
            "fid": 2,
            "diffmaglim": 20.764999389648438
        },
        {
            "jd": 2459004.69928,
            "fid": 1,
            "diffmaglim": 19.715999603271484
        },
        {
            "jd": 2459012.7394,
            "fid": 2,
            "diffmaglim": 20.871000289916992
        }
    ],
    "forcedphot": []
}