{
    "objectId": "ZTF20aafwbcs",
    "candidates": [
        {
            "candid": 1110143960215015009,
            "jd": 2458864.6439699,
            "ra": 10.5885276,
            "dec": 29.6859261,
            "fid": 1,
            "nid": 1110,
            "magpsf": 19.483600616455078,
            "sigmapsf": 0.1245030015707016,
            "magnr": 21.392000198364258,
            "sigmagnr": 0.0820000022649765,
            "magzpsci": 26.206600189208984,
            "isdiffpos": "t",
            "ssdistnr": -999.0,
            "ssnamenr": "null",
            "drb": 0.9905610084533691
        },
        {
            "candid": 1113141550215015007,
            "jd": 2458867.6415509,
            "ra": 10.5885846,
            "dec": 29.6858548,
            "fid": 1,
            "nid": 1113,
            "magpsf": 18.979400634765625,
            "sigmapsf": 0.13074399530887604,
            "magnr": 21.392000198364258,
            "sigmagnr": 0.0820000022649765,
            "magzpsci": 25.620399475097656,
            "isdiffpos": "t",
            "ssdistnr": -999.0,
            "ssnamenr": "null",
            "drb": 0.9999529719352722
        },
        {
            "candid": 1117163540215015010,
            "jd": 2458871.6635417,
            "ra": 10.5884561,
            "dec": 29.6858949,
            "fid": 1,
            "nid": 1117,
            "magpsf": 18.73040008544922,
            "sigmapsf": 0.1008870005607605,
            "magnr": 21.392000198364258,
            "sigmagnr": 0.0820000022649765,
            "magzpsci": 26.18239974975586,
            "isdiffpos": "t",
            "ssdistnr": -999.0,
            "ssnamenr": "null",
            "drb": 0.9999520182609558
        },
        {
            "candid": 1120114300215015005,
            "jd": 2458874.6143056,
            "ra": 10.5885185,
            "dec": 29.685898,
            "fid": 2,
            "nid": 1120,
            "magpsf": 18.659000396728516,
            "sigmapsf": 0.07703500241041183,
            "magnr": 20.913000106811523,
            "sigmagnr": 0.09099999815225601,
            "magzpsci": 26.047000885009766,
            "isdiffpos": "t",
            "ssdistnr": -999.0,
            "ssnamenr": "null",
            "drb": 0.9838330149650574
        },
        {
            "candid": 1120160740215015017,
            "jd": 2458874.6607407,
            "ra": 10.5885521,
            "dec": 29.6859203,
            "fid": 1,
            "nid": 1120,
            "magpsf": 18.715999603271484,
            "sigmapsf": 0.10345199704170227,
            "magnr": 21.392000198364258,
            "sigmagnr": 0.0820000022649765,
            "magzpsci": 25.833999633789062,
            "isdiffpos": "t",
            "ssdistnr": -999.0,
            "ssnamenr": "null",
            "drb": 1.0
        },
        {
            "candid": 1123180250215015007,
            "jd": 2458877.6802546,
            "ra": 10.5885352,
            "dec": 29.6859119,
            "fid": 1,
            "nid": 1123,
            "magpsf": 18.759899139404297,
            "sigmapsf": 0.10099799931049347,
            "magnr": 21.392000198364258,
            "sigmagnr": 0.0820000022649765,
            "magzpsci": 26.093900680541992,
            "isdiffpos": "t",
            "ssdistnr": -999.0,
            "ssnamenr": "null",
            "drb": 0.9999970197677612
        },
        {
            "candid": 1126112310215015003,
            "jd": 2458880.6123148,
            "ra": 10.5885272,
            "dec": 29.6858999,
            "fid": 1,
            "nid": 1126,
            "magpsf": 18.881799697875977,
            "sigmapsf": 0.08634500205516815,
            "magnr": 21.392000198364258,
            "sigmagnr": 0.0820000022649765,
            "magzpsci": 26.208799362182617,
            "isdiffpos": "t",
            "ssdistnr": -999.0,
            "ssnamenr": "null",
            "drb": 1.0
        },
        {
            "candid": 1126150640215015006,
            "jd": 2458880.6506481,
            "ra": 10.5885343,
            "dec": 29.6859029,
            "fid": 2,
            "nid": 1126,
            "magpsf": 18.8262996673584,
            "sigmapsf": 0.10093899816274643,
            "magnr": 20.913000106811523,
            "sigmagnr": 0.09099999815225601,
            "magzpsci": 26.099300384521484,
            "isdiffpos": "t",
            "ssdistnr": -999.0,
            "ssnamenr": "null",
            "drb": 0.9999989867210388
        },
        {
            "candid": 1128121090215015003,
            "jd": 2458882.6210995,
            "ra": 10.5885265,
            "dec": 29.6858929,
            "fid": 1,
            "nid": 1128,
            "magpsf": 19.10540008544922,
            "sigmapsf": 0.16527099907398224,
            "magnr": 21.392000198364258,
            "sigmagnr": 0.0820000022649765,
            "magzpsci": 26.210399627685547,
            "isdiffpos": "t",
            "ssdistnr": -999.0,
            "ssnamenr": "null",
            "drb": 0.9982799887657166
        },
        {
            "candid": 1130103360215015004,
            "jd": 2458884.6033681,
            "ra": 10.5886558,
            "dec": 29.6858252,
            "fid": 1,
            "nid": 1130,
            "magpsf": 18.883699417114258,
            "sigmapsf": 0.3318760097026825,
            "magnr": 21.392000198364258,
            "sigmagnr": 0.0820000022649765,
            "magzpsci": 26.207700729370117,
            "isdiffpos": "t",
            "ssdistnr": -999.0,
            "ssnamenr": "-999.0",
            "drb": null
        },
        {
            "candid": 1130131330215015004,
            "jd": 2458884.631331,
            "ra": 10.5887976,
            "dec": 29.6859537,
            "fid": 2,
            "nid": 1130,
            "magpsf": 19.120500564575195,
            "sigmapsf": 0.22428500652313232,
            "magnr": 20.913000106811523,
            "sigmagnr": 0.09099999815225601,
            "magzpsci": 26.10650062561035,
            "isdiffpos": "t",
            "ssdistnr": -999.0,
            "ssnamenr": "-999.0",
            "drb": null
        },
        {
            "candid": 1133119250215015002,
            "jd": 2458887.6192593,
            "ra": 10.5884846,
            "dec": 29.685907,
            "fid": 2,
            "nid": 1133,
            "magpsf": 19.193700790405273,
            "sigmapsf": 0.1687919944524765,
            "magnr": 20.913000106811523,
            "sigmagnr": 0.09099999815225601,
            "magzpsci": 26.115699768066406,
            "isdiffpos": "t",
            "ssdistnr": -999.0,
            "ssnamenr": "-999.0",
            "drb": null
        },
        {
            "candid": 1133178330215015003,
            "jd": 2458887.6783333,
            "ra": 10.5884932,
            "dec": 29.6860752,
            "fid": 1,
            "nid": 1133,
            "magpsf": 19.468700408935547,
            "sigmapsf": 0.38690099120140076,
            "magnr": 21.392000198364258,
            "sigmagnr": 0.0820000022649765,
            "magzpsci": 26.079700469970703,
            "isdiffpos": "t",
            "ssdistnr": -999.0,
            "ssnamenr": "-999.0",
            "drb": null
        },
        {
            "candid": 1137112290215015005,
            "jd": 2458891.6122917,
            "ra": 10.5885664,
            "dec": 29.6858739,
            "fid": 2,
            "nid": 1137,
            "magpsf": 19.39539909362793,
            "sigmapsf": 0.1285949945449829,
            "magnr": 20.913000106811523,
            "sigmagnr": 0.09099999815225601,
            "magzpsci": 26.09440040588379,
            "isdiffpos": "t",
            "ssdistnr": -999.0,
            "ssnamenr": "null",
            "drb": 0.9999930262565613
        },
        {
            "candid": 1137159010215015002,
            "jd": 2458891.6590162,
            "ra": 10.5883685,
            "dec": 29.6858392,
            "fid": 1,
            "nid": 1137,
            "magpsf": 20.08919906616211,
            "sigmapsf": 0.3296560049057007,
            "magnr": 21.392000198364258,
            "sigmagnr": 0.0820000022649765,
            "magzpsci": 26.081199645996094,
            "isdiffpos": "t",
            "ssdistnr": -999.0,
            "ssnamenr": "-999.0",
            "drb": null
        },
        {
            "candid": 1140124650215015008,
            "jd": 2458894.6246528,
            "ra": 10.5885355,
            "dec": 29.6859111,
            "fid": 2,
            "nid": 1140,
            "magpsf": 19.581100463867188,
            "sigmapsf": 0.14385400712490082,
            "magnr": 20.913000106811523,
            "sigmagnr": 0.09099999815225601,
            "magzpsci": 26.07309913635254,
            "isdiffpos": "t",
            "ssdistnr": -999.0,
            "ssnamenr": "null",
            "drb": 0.9999030232429504
        },
        {
            "jd": 2458836.59691,
            "fid": 2,
            "diffmaglim": 20.108999252319336
        },
        {
            "jd": 2458837.58336,
            "fid": 2,
            "diffmaglim": 20.295000076293945
        },
        {
            "jd": 2458839.59128,
            "fid": 2,
            "diffmaglim": 18.437999725341797
        },
        {
            "jd": 2458839.60888,
            "fid": 1,
            "diffmaglim": 18.22599983215332
        },
        {
            "jd": 2458846.60118,
            "fid": 1,
            "diffmaglim": 20.400999069213867
        },
        {
            "jd": 2458846.61252,
            "fid": 2,
            "diffmaglim": 20.37700080871582
        },
        {
            "jd": 2458849.58552,
            "fid": 1,
            "diffmaglim": 19.785999298095703
        },
        {
            "jd": 2458849.62125,
            "fid": 1,
            "diffmaglim": 20.204999923706055
        },
        {
            "jd": 2458849.65067,
            "fid": 2,
            "diffmaglim": 20.31599998474121
        },
        {
            "jd": 2458852.60914,
            "fid": 1,
            "diffmaglim": 19.500999450683594
        },
        {
            "jd": 2458852.65493,
            "fid": 2,
            "diffmaglim": 20.048999786376953
        },
        {
            "jd": 2458853.68573,
            "fid": 2,
            "diffmaglim": 19.010000228881836
        },
        {
            "jd": 2458854.63578,
            "fid": 2,
            "diffmaglim": 19.246000289916992
        },
        {
            "jd": 2458855.69267,
            "fid": 2,
            "diffmaglim": 19.4689998626709
        },
        {
            "jd": 2458856.66576,
            "fid": 2,
            "diffmaglim": 19.756000518798828
        },
        {
            "jd": 2458859.59539,
            "fid": 1,
            "diffmaglim": 19.54199981689453
        },
        {
            "jd": 2458859.6544,
            "fid": 2,
            "diffmaglim": 19.673999786376953
        },
        {
            "jd": 2458860.70194,
            "fid": 2,
            "diffmaglim": 19.243000030517578
        },
        {
            "jd": 2458862.61147,
            "fid": 1,
            "diffmaglim": 20.57900047302246
        },
        {
            "jd": 2458867.60044,
            "fid": 2,
            "diffmaglim": 15.526000022888184
        },
        {
            "jd": 2458871.5902,
            "fid": 2,
            "diffmaglim": 19.94499969482422
        },
        {
            "jd": 2458877.62253,
            "fid": 2,
            "diffmaglim": 20.11400032043457
        }
    ],
    "forcedphot": []
}