{
    "objectId": "ZTF22aazjvid",
    "candidates": [
        {
            "candid": 2044414233515015002,
            "jd": 2459798.9142361,
            "ra": 8.4116354,
            "dec": 5.3243779,
            "fid": 1,
            "nid": 2044,
            "magpsf": 20.2726993560791,
            "sigmapsf": 0.24990999698638916,
            "magnr": 22.128000259399414,
            "sigmagnr": 0.12700000405311584,
            "magzpsci": 26.258699417114258,
            "isdiffpos": "t",
            "ssdistnr": null,
            "ssnamenr": null,
            "drb": null
        },
        {
            "candid": 2044442383515015005,
            "jd": 2459798.9423843,
            "ra": 8.4116073,
            "dec": 5.3245182,
            "fid": 2,
            "nid": 2044,
            "magpsf": 20.12649917602539,
            "sigmapsf": 0.20896899700164795,
            "magnr": 21.94099998474121,
            "sigmagnr": 0.10899999737739563,
            "magzpsci": 26.26650047302246,
            "isdiffpos": "t",
            "ssdistnr": null,
            "ssnamenr": null,
            "drb": null
        },
        {
            "candid": 2047416993515015002,
            "jd": 2459801.9169907,
            "ra": 8.4117645,
            "dec": 5.3245077,
            "fid": 1,
            "nid": 2047,
            "magpsf": 19.418899536132812,
            "sigmapsf": 0.16340500116348267,
            "magnr": 22.128000259399414,
            "sigmagnr": 0.12700000405311584,
            "magzpsci": 26.285900115966797,
            "isdiffpos": "t",
            "ssdistnr": null,
            "ssnamenr": null,
            "drb": null
        },
        {
            "candid": 2047457403515015001,
            "jd": 2459801.9574074,
            "ra": 8.4117421,
            "dec": 5.3244881,
            "fid": 2,
            "nid": 2047,
            "magpsf": 19.675199508666992,
            "sigmapsf": 0.1152999997138977,
            "magnr": 21.94099998474121,
            "sigmagnr": 0.10899999737739563,
            "magzpsci": 26.318199157714844,
            "isdiffpos": "t",
            "ssdistnr": null,
            "ssnamenr": null,
            "drb": null
        },
        {
            "candid": 2050408253515015005,
            "jd": 2459804.9082523,
            "ra": 8.4117882,
            "dec": 5.3245235,
            "fid": 2,
            "nid": 2050,
            "magpsf": 19.103900909423828,
            "sigmapsf": 0.2616260051727295,
            "magnr": 21.94099998474121,
            "sigmagnr": 0.10899999737739563,
            "magzpsci": 26.171899795532227,
            "isdiffpos": "t",
            "ssdistnr": null,
            "ssnamenr": null,
            "drb": null
        },
        {
            "candid": 2054436483515015003,
            "jd": 2459808.9364815,
            "ra": 8.4117211,
            "dec": 5.3244808,
            "fid": 2,
            "nid": 2054,
            "magpsf": 19.071399688720703,
            "sigmapsf": 0.12113399803638458,
            "magnr": 21.94099998474121,
            "sigmagnr": 0.10899999737739563,
            "magzpsci": 26.287399291992188,
            "isdiffpos": "t",
            "ssdistnr": null,
            "ssnamenr": null,
            "drb": null
        },
        {
            "candid": 2056367893515015002,
            "jd": 2459810.8678935,
            "ra": 8.411721,
            "dec": 5.3244959,
            "fid": 1,
            "nid": 2056,
            "magpsf": 18.88559913635254,
            "sigmapsf": 0.13646699488162994,
            "magnr": 22.128000259399414,
            "sigmagnr": 0.12700000405311584,
            "magzpsci": 26.130599975585938,
            "isdiffpos": "t",
            "ssdistnr": null,
            "ssnamenr": null,
            "drb": null
        },
        {
            "candid": 2056433463515015004,
            "jd": 2459810.9334606,
            "ra": 8.4117123,
            "dec": 5.3244731,
            "fid": 2,
            "nid": 2056,
            "magpsf": 19.086599349975586,
            "sigmapsf": 0.09806399792432785,
            "magnr": 21.94099998474121,
            "sigmagnr": 0.10899999737739563,
            "magzpsci": 26.220600128173828,
            "isdiffpos": "t",
            "ssdistnr": 27.0,
            "ssnamenr": "2015OZ148",
            "drb": null
        },
        {
            "candid": 2059337043515015000,
            "jd": 2459813.8370486,
            "ra": 8.4116408,
            "dec": 5.3244751,
            "fid": 1,
            "nid": 2059,
            "magpsf": 18.995399475097656,
            "sigmapsf": 0.09932900220155716,
            "magnr": 22.128000259399414,
            "sigmagnr": 0.12700000405311584,
            "magzpsci": 26.196399688720703,
            "isdiffpos": "t",
            "ssdistnr": null,
            "ssnamenr": null,
            "drb": null
        },
        {
            "candid": 2059387343515015007,
            "jd": 2459813.8873495,
            "ra": 8.4116563,
            "dec": 5.3244757,
            "fid": 2,
            "nid": 2059,
            "magpsf": 19.00790023803711,
            "sigmapsf": 0.07678099721670151,
            "magnr": 21.94099998474121,
            "sigmagnr": 0.10899999737739563,
            "magzpsci": 26.25790023803711,
            "isdiffpos": "t",
            "ssdistnr": null,
            "ssnamenr": null,
            "drb": null
        },
        {
            "candid": 2061395643515015005,
            "jd": 2459815.8956481,
            "ra": 8.4116856,
            "dec": 5.3244917,
            "fid": 2,
            "nid": 2061,
            "magpsf": 19.03219985961914,
            "sigmapsf": 0.08294899761676788,
            "magnr": 21.94099998474121,
            "sigmagnr": 0.10899999737739563,
            "magzpsci": 26.254199981689453,
            "isdiffpos": "t",
            "ssdistnr": null,
            "ssnamenr": null,
            "drb": null
        },
        {
            "candid": 2061422233515015006,
            "jd": 2459815.9222338,
            "ra": 8.4116509,
            "dec": 5.3244614,
            "fid": 1,
            "nid": 2061,
            "magpsf": 19.055999755859375,
            "sigmapsf": 0.08688099682331085,
            "magnr": 22.128000259399414,
            "sigmagnr": 0.12700000405311584,
            "magzpsci": 26.225000381469727,
            "isdiffpos": "t",
            "ssdistnr": null,
            "ssnamenr": null,
            "drb": null
        },
        {
            "candid": 2063381123515015002,
            "jd": 2459817.8811227,
            "ra": 8.4116738,
            "dec": 5.3244997,
            "fid": 2,
            "nid": 2063,
            "magpsf": 19.177900314331055,
            "sigmapsf": 0.0896340012550354,
            "magnr": 21.94099998474121,
            "sigmagnr": 0.10899999737739563,
            "magzpsci": 26.228900909423828,
            "isdiffpos": "t",
            "ssdistnr": null,
            "ssnamenr": null,
            "drb": null
        },
        {
            "candid": 2063405393515015003,
            "jd": 2459817.9053935,
            "ra": 8.41164,
            "dec": 5.3244468,
            "fid": 1,
            "nid": 2063,
            "magpsf": 19.013500213623047,
            "sigmapsf": 0.10715100169181824,
            "magnr": 22.128000259399414,
            "sigmagnr": 0.12700000405311584,
            "magzpsci": 26.197500228881836,
            "isdiffpos": "t",
            "ssdistnr": null,
            "ssnamenr": null,
            "drb": null
        },
        {
            "candid": 2065399153515015006,
            "jd": 2459819.8991551,
            "ra": 8.411627,
            "dec": 5.3244726,
            "fid": 1,
            "nid": 2065,
            "magpsf": 19.271699905395508,
            "sigmapsf": 0.1297689974308014,
            "magnr": 22.128000259399414,
            "sigmagnr": 0.12700000405311584,
            "magzpsci": 26.306699752807617,
            "isdiffpos": "t",
            "ssdistnr": null,
            "ssnamenr": null,
            "drb": null
        },
        {
            "candid": 2065465473515015007,
            "jd": 2459819.9654745,
            "ra": 8.4116797,
            "dec": 5.3245037,
            "fid": 2,
            "nid": 2065,
            "magpsf": 19.183399200439453,
            "sigmapsf": 0.06608500331640244,
            "magnr": 21.94099998474121,
            "sigmagnr": 0.10899999737739563,
            "magzpsci": 26.282400131225586,
            "isdiffpos": "t",
            "ssdistnr": null,
            "ssnamenr": null,
            "drb": null
        },
        {
            "candid": 2068399613515015007,
            "jd": 2459822.8996181,
            "ra": 8.4116639,
            "dec": 5.3245038,
            "fid": 1,
            "nid": 2068,
            "magpsf": 19.4330997467041,
            "sigmapsf": 0.13386599719524384,
            "magnr": 22.128000259399414,
            "sigmagnr": 0.12700000405311584,
            "magzpsci": 26.275100708007812,
            "isdiffpos": "t",
            "ssdistnr": null,
            "ssnamenr": null,
            "drb": null
        },
        {
            "candid": 2068471303515015009,
            "jd": 2459822.9713079,
            "ra": 8.4116736,
            "dec": 5.3244937,
            "fid": 2,
            "nid": 2068,
            "magpsf": 19.378999710083008,
            "sigmapsf": 0.1270029991865158,
            "magnr": 21.94099998474121,
            "sigmagnr": 0.10899999737739563,
            "magzpsci": 26.305999755859375,
            "isdiffpos": "t",
            "ssdistnr": null,
            "ssnamenr": null,
            "drb": null
        },
        {
            "candid": 2070362703515015003,
            "jd": 2459824.8627083,
            "ra": 8.4116931,
            "dec": 5.3245162,
            "fid": 2,
            "nid": 2070,
            "magpsf": 19.379499435424805,
            "sigmapsf": 0.13864700496196747,
            "magnr": 21.94099998474121,
            "sigmagnr": 0.10899999737739563,
            "magzpsci": 26.03849983215332,
            "isdiffpos": "t",
            "ssdistnr": null,
            "ssnamenr": null,
            "drb": null
        },
        {
            "candid": 2070400103515015006,
            "jd": 2459824.9001042,
            "ra": 8.4116737,
            "dec": 5.3244716,
            "fid": 1,
            "nid": 2070,
            "magpsf": 19.675199508666992,
            "sigmapsf": 0.14484499394893646,
            "magnr": 22.128000259399414,
            "sigmagnr": 0.12700000405311584,
            "magzpsci": 26.243200302124023,
            "isdiffpos": "t",
            "ssdistnr": null,
            "ssnamenr": null,
            "drb": null
        },
        {
            "candid": 2072373633515015005,
            "jd": 2459826.8736343,
            "ra": 8.411705,
            "dec": 5.3242134,
            "fid": 1,
            "nid": 2072,
            "magpsf": 20.517799377441406,
            "sigmapsf": 0.3269999921321869,
            "magnr": 22.128000259399414,
            "sigmagnr": 0.12700000405311584,
            "magzpsci": 26.777799606323242,
            "isdiffpos": "t",
            "ssdistnr": null,
            "ssnamenr": null,
            "drb": null
        },
        {
            "candid": 2072428213515015002,
            "jd": 2459826.9282176,
            "ra": 8.4116692,
            "dec": 5.3245088,
            "fid": 2,
            "nid": 2072,
            "magpsf": 19.527799606323242,
            "sigmapsf": 0.09632600098848343,
            "magnr": 21.94099998474121,
            "sigmagnr": 0.10899999737739563,
            "magzpsci": 26.25480079650879,
            "isdiffpos": "t",
            "ssdistnr": null,
            "ssnamenr": null,
            "drb": null
        },
        {
            "candid": 2075399093515015002,
            "jd": 2459829.8990972,
            "ra": 8.4116926,
            "dec": 5.3244721,
            "fid": 1,
            "nid": 2075,
            "magpsf": 20.18950080871582,
            "sigmapsf": 0.2945759892463684,
            "magnr": 22.128000259399414,
            "sigmagnr": 0.12700000405311584,
            "magzpsci": 26.273500442504883,
            "isdiffpos": "t",
            "ssdistnr": null,
            "ssnamenr": null,
            "drb": null
        },
        {
            "candid": 2075458153515015004,
            "jd": 2459829.9581597,
            "ra": 8.4116739,
            "dec": 5.3244734,
            "fid": 2,
            "nid": 2075,
            "magpsf": 19.81439971923828,
            "sigmapsf": 0.16413600742816925,
            "magnr": 21.94099998474121,
            "sigmagnr": 0.10899999737739563,
            "magzpsci": 26.276399612426758,
            "isdiffpos": "t",
            "ssdistnr": null,
            "ssnamenr": null,
            "drb": null
        },
        {
            "candid": 2086295333515015010,
            "jd": 2459840.7953356,
            "ra": 8.4117462,
            "dec": 5.3243007,
            "fid": 1,
            "nid": 2086,
            "magpsf": 20.90290069580078,
            "sigmapsf": 0.3533810079097748,
            "magnr": 22.128000259399414,
            "sigmagnr": 0.12700000405311584,
            "magzpsci": 26.306900024414062,
            "isdiffpos": "t",
            "ssdistnr": null,
            "ssnamenr": null,
            "drb": null
        },
        {
            "candid": 2088382843515015002,
            "jd": 2459842.8828472,
            "ra": 8.4117124,
            "dec": 5.324529,
            "fid": 2,
            "nid": 2088,
            "magpsf": 20.171899795532227,
            "sigmapsf": 0.13803699612617493,
            "magnr": 21.94099998474121,
            "sigmagnr": 0.10899999737739563,
            "magzpsci": 26.372900009155273,
            "isdiffpos": "t",
            "ssdistnr": null,
            "ssnamenr": null,
            "drb": null
        },
        {
            "candid": 2090336563515015005,
            "jd": 2459844.8365625,
            "ra": 8.4115993,
            "dec": 5.3244565,
            "fid": 2,
            "nid": 2090,
            "magpsf": 20.281354904174805,
            "sigmapsf": 0.18423451483249664,
            "magnr": 21.94099998474121,
            "sigmagnr": 0.10899999737739563,
            "magzpsci": 26.32435417175293,
            "isdiffpos": "t",
            "ssdistnr": -999.0,
            "ssnamenr": "null",
            "drb": null
        },
        {
            "jd": 2459770.9090046,
            "fid": 1,
            "diffmaglim": 20.43320083618164
        },
        {
            "jd": 2459770.9591782,
            "fid": 1,
            "diffmaglim": 20.685699462890625
        },
        {
            "jd": 2459773.9058912,
            "fid": 2,
            "diffmaglim": 19.24489974975586
        },
        {
            "jd": 2459773.9641782,
            "fid": 2,
            "diffmaglim": 19.815000534057617
        },
        {
            "jd": 2459776.9158681,
            "fid": 2,
            "diffmaglim": 19.561199188232422
        },
        {
            "jd": 2459776.9436343,
            "fid": 2,
            "diffmaglim": 19.683700561523438
        },
        {
            "jd": 2459781.9028356,
            "fid": 1,
            "diffmaglim": 19.321500778198242
        },
        {
            "jd": 2459781.9389931,
            "fid": 1,
            "diffmaglim": 19.348899841308594
        },
        {
            "jd": 2459783.9097454,
            "fid": 2,
            "diffmaglim": 16.679000854492188
        },
        {
            "jd": 2459783.9352431,
            "fid": 1,
            "diffmaglim": 20.447099685668945
        },
        {
            "jd": 2459785.9027431,
            "fid": 2,
            "diffmaglim": 20.46430015563965
        },
        {
            "jd": 2459785.9423958,
            "fid": 1,
            "diffmaglim": 20.770299911499023
        },
        {
            "jd": 2459787.9219676,
            "fid": 2,
            "diffmaglim": 20.588699340820312
        },
        {
            "jd": 2459787.9416782,
            "fid": 1,
            "diffmaglim": 20.32270050048828
        },
        {
            "jd": 2459790.8723495,
            "fid": 1,
            "diffmaglim": 20.103900909423828
        },
        {
            "jd": 2459795.8953472,
            "fid": 2,
            "diffmaglim": 20.58099937438965
        },
        {
            "jd": 2459795.9375926,
            "fid": 1,
            "diffmaglim": 19.277299880981445
        },
        {
            "jd": 2459840.8890972,
            "fid": 1,
            "diffmaglim": 20.553800582885742
        },
        {
            "jd": 2459842.7962963,
            "fid": 1,
            "diffmaglim": 20.59939956665039
        }
    ],
    "forcedphot": []
}