{
    "objectId": "ZTF20aavrukn",
    "candidates": [
        {
            "candid": 1200263314015015010,
            "jd": 2458954.7633102,
            "ra": 201.3025644,
            "dec": 20.166262,
            "fid": 2,
            "nid": 1200,
            "magpsf": 20.74519920349121,
            "sigmapsf": 0.2711229920387268,
            "magnr": 20.79400062561035,
            "sigmagnr": 0.10300000011920929,
            "magzpsci": 26.329200744628906,
            "isdiffpos": "t",
            "ssdistnr": -999.0,
            "ssnamenr": "-999.0",
            "drb": null
        },
        {
            "candid": 1201316674015015008,
            "jd": 2458955.8166782,
            "ra": 201.3025027,
            "dec": 20.1662087,
            "fid": 1,
            "nid": 1201,
            "magpsf": 20.285400390625,
            "sigmapsf": 0.2183769941329956,
            "magnr": 20.708999633789062,
            "sigmagnr": 0.11400000005960464,
            "magzpsci": 26.345399856567383,
            "isdiffpos": "t",
            "ssdistnr": -999.0,
            "ssnamenr": "-999.0",
            "drb": null
        },
        {
            "candid": 1208310014015015025,
            "jd": 2458962.8100116,
            "ra": 201.302484,
            "dec": 20.1662595,
            "fid": 2,
            "nid": 1208,
            "magpsf": 19.068099975585938,
            "sigmapsf": 0.09533900022506714,
            "magnr": 20.79400062561035,
            "sigmagnr": 0.10300000011920929,
            "magzpsci": 26.344100952148438,
            "isdiffpos": "t",
            "ssdistnr": -999.0,
            "ssnamenr": "null",
            "drb": 0.9999979734420776
        },
        {
            "candid": 1208339994015015035,
            "jd": 2458962.84,
            "ra": 201.3024789,
            "dec": 20.1662792,
            "fid": 1,
            "nid": 1208,
            "magpsf": 18.898399353027344,
            "sigmapsf": 0.11034999787807465,
            "magnr": 20.708999633789062,
            "sigmagnr": 0.11400000005960464,
            "magzpsci": 26.31839942932129,
            "isdiffpos": "t",
            "ssdistnr": -999.0,
            "ssnamenr": "null",
            "drb": 1.0
        },
        {
            "candid": 1209290154015015021,
            "jd": 2458963.7901505,
            "ra": 201.3025148,
            "dec": 20.1662675,
            "fid": 1,
            "nid": 1209,
            "magpsf": 18.86050033569336,
            "sigmapsf": 0.0762379989027977,
            "magnr": 20.708999633789062,
            "sigmagnr": 0.11400000005960464,
            "magzpsci": 26.32349967956543,
            "isdiffpos": "t",
            "ssdistnr": -999.0,
            "ssnamenr": "null",
            "drb": 1.0
        },
        {
            "candid": 1211254844015015015,
            "jd": 2458965.7548495,
            "ra": 201.3024907,
            "dec": 20.1662619,
            "fid": 1,
            "nid": 1211,
            "magpsf": 18.70210075378418,
            "sigmapsf": 0.0694350004196167,
            "magnr": 20.708999633789062,
            "sigmagnr": 0.11400000005960464,
            "magzpsci": 26.33209991455078,
            "isdiffpos": "t",
            "ssdistnr": -999.0,
            "ssnamenr": "null",
            "drb": 1.0
        },
        {
            "candid": 1211308104015015012,
            "jd": 2458965.8081019,
            "ra": 201.3024981,
            "dec": 20.1662677,
            "fid": 2,
            "nid": 1211,
            "magpsf": 18.790599822998047,
            "sigmapsf": 0.0666240006685257,
            "magnr": 20.79400062561035,
            "sigmagnr": 0.10300000011920929,
            "magzpsci": 26.371599197387695,
            "isdiffpos": "t",
            "ssdistnr": -999.0,
            "ssnamenr": "null",
            "drb": 0.9997850060462952
        },
        {
            "candid": 1214296674015015016,
            "jd": 2458968.7966782,
            "ra": 201.3025163,
            "dec": 20.1662545,
            "fid": 1,
            "nid": 1214,
            "magpsf": 18.567699432373047,
            "sigmapsf": 0.06586500257253647,
            "magnr": 20.708999633789062,
            "sigmagnr": 0.11400000005960464,
            "magzpsci": 26.385700225830078,
            "isdiffpos": "t",
            "ssdistnr": -999.0,
            "ssnamenr": "null",
            "drb": 1.0
        },
        {
            "candid": 1214372654015015015,
            "jd": 2458968.8726505,
            "ra": 201.3025167,
            "dec": 20.1662395,
            "fid": 2,
            "nid": 1214,
            "magpsf": 18.64419937133789,
            "sigmapsf": 0.07349599897861481,
            "magnr": 20.79400062561035,
            "sigmagnr": 0.10300000011920929,
            "magzpsci": 26.397199630737305,
            "isdiffpos": "t",
            "ssdistnr": -999.0,
            "ssnamenr": "null",
            "drb": 0.9999989867210388
        },
        {
            "candid": 1217216754015015007,
            "jd": 2458971.7167593,
            "ra": 201.3025037,
            "dec": 20.1662487,
            "fid": 2,
            "nid": 1217,
            "magpsf": 18.58300018310547,
            "sigmapsf": 0.06690199673175812,
            "magnr": 20.79400062561035,
            "sigmagnr": 0.10300000011920929,
            "magzpsci": 26.382999420166016,
            "isdiffpos": "t",
            "ssdistnr": -999.0,
            "ssnamenr": "null",
            "drb": 0.999921977519989
        },
        {
            "candid": 1217273254015015007,
            "jd": 2458971.7732523,
            "ra": 201.3025076,
            "dec": 20.1662592,
            "fid": 1,
            "nid": 1217,
            "magpsf": 18.5408992767334,
            "sigmapsf": 0.07841400057077408,
            "magnr": 20.708999633789062,
            "sigmagnr": 0.11400000005960464,
            "magzpsci": 26.39889907836914,
            "isdiffpos": "t",
            "ssdistnr": -999.0,
            "ssnamenr": "null",
            "drb": 1.0
        },
        {
            "candid": 1220206584015015007,
            "jd": 2458974.7065856,
            "ra": 201.3025162,
            "dec": 20.1662886,
            "fid": 1,
            "nid": 1220,
            "magpsf": 18.555500030517578,
            "sigmapsf": 0.1256749927997589,
            "magnr": 20.708999633789062,
            "sigmagnr": 0.11400000005960464,
            "magzpsci": 26.32349967956543,
            "isdiffpos": "t",
            "ssdistnr": -999.0,
            "ssnamenr": "null",
            "drb": 0.9999489784240723
        },
        {
            "candid": 1220251504015015004,
            "jd": 2458974.7515046,
            "ra": 201.3025075,
            "dec": 20.1662719,
            "fid": 2,
            "nid": 1220,
            "magpsf": 18.586700439453125,
            "sigmapsf": 0.11302000284194946,
            "magnr": 20.79400062561035,
            "sigmagnr": 0.10300000011920929,
            "magzpsci": 26.35569953918457,
            "isdiffpos": "t",
            "ssdistnr": -999.0,
            "ssnamenr": "null",
            "drb": 0.9258890151977539
        },
        {
            "candid": 1223336714015015020,
            "jd": 2458977.836713,
            "ra": 201.302514,
            "dec": 20.1662564,
            "fid": 1,
            "nid": 1223,
            "magpsf": 18.787599563598633,
            "sigmapsf": 0.1380240023136139,
            "magnr": 20.708999633789062,
            "sigmagnr": 0.11400000005960464,
            "magzpsci": 26.2406005859375,
            "isdiffpos": "t",
            "ssdistnr": -999.0,
            "ssnamenr": "null",
            "drb": 0.9931489825248718
        },
        {
            "candid": 1225288224015015010,
            "jd": 2458979.7882292,
            "ra": 201.3025154,
            "dec": 20.1662757,
            "fid": 1,
            "nid": 1225,
            "magpsf": 18.808399200439453,
            "sigmapsf": 0.09823700040578842,
            "magnr": 20.708999633789062,
            "sigmagnr": 0.11400000005960464,
            "magzpsci": 26.319400787353516,
            "isdiffpos": "t",
            "ssdistnr": -999.0,
            "ssnamenr": "null",
            "drb": 0.9996780157089233
        },
        {
            "candid": 1226221774015015021,
            "jd": 2458980.7217708,
            "ra": 201.3024847,
            "dec": 20.1662642,
            "fid": 1,
            "nid": 1226,
            "magpsf": 18.886999130249023,
            "sigmapsf": 0.07396099716424942,
            "magnr": 20.708999633789062,
            "sigmagnr": 0.11400000005960464,
            "magzpsci": 26.344999313354492,
            "isdiffpos": "t",
            "ssdistnr": -999.0,
            "ssnamenr": "null",
            "drb": 1.0
        },
        {
            "candid": 1226251164015015012,
            "jd": 2458980.751169,
            "ra": 201.3024933,
            "dec": 20.1662674,
            "fid": 2,
            "nid": 1226,
            "magpsf": 18.791400909423828,
            "sigmapsf": 0.07659800350666046,
            "magnr": 20.79400062561035,
            "sigmagnr": 0.10300000011920929,
            "magzpsci": 26.393400192260742,
            "isdiffpos": "t",
            "ssdistnr": -999.0,
            "ssnamenr": "null",
            "drb": 0.9999979734420776
        },
        {
            "candid": 1231205964015015015,
            "jd": 2458985.7059606,
            "ra": 201.3025018,
            "dec": 20.166261,
            "fid": 1,
            "nid": 1231,
            "magpsf": 19.24410057067871,
            "sigmapsf": 0.08696600049734116,
            "magnr": 20.708999633789062,
            "sigmagnr": 0.11400000005960464,
            "magzpsci": 26.346099853515625,
            "isdiffpos": "t",
            "ssdistnr": -999.0,
            "ssnamenr": "null",
            "drb": 0.9999989867210388
        },
        {
            "candid": 1237298354015015009,
            "jd": 2458991.7983565,
            "ra": 201.3025038,
            "dec": 20.1662501,
            "fid": 1,
            "nid": 1237,
            "magpsf": 19.738000869750977,
            "sigmapsf": 0.12434499710798264,
            "magnr": 20.708999633789062,
            "sigmagnr": 0.11400000005960464,
            "magzpsci": 26.35700035095215,
            "isdiffpos": "t",
            "ssdistnr": -999.0,
            "ssnamenr": "null",
            "drb": 0.9999920129776001
        },
        {
            "candid": 1240256154015015017,
            "jd": 2458994.7561574,
            "ra": 201.302486,
            "dec": 20.1662532,
            "fid": 1,
            "nid": 1240,
            "magpsf": 19.973100662231445,
            "sigmapsf": 0.15518400073051453,
            "magnr": 20.708999633789062,
            "sigmagnr": 0.11400000005960464,
            "magzpsci": 26.353099822998047,
            "isdiffpos": "t",
            "ssdistnr": -999.0,
            "ssnamenr": "null",
            "drb": 0.999983012676239
        },
        {
            "candid": 1240287624015015011,
            "jd": 2458994.7876273,
            "ra": 201.302501,
            "dec": 20.1662626,
            "fid": 2,
            "nid": 1240,
            "magpsf": 19.289899826049805,
            "sigmapsf": 0.11469999700784683,
            "magnr": 20.79400062561035,
            "sigmagnr": 0.10300000011920929,
            "magzpsci": 26.3789005279541,
            "isdiffpos": "t",
            "ssdistnr": -999.0,
            "ssnamenr": "null",
            "drb": 0.9598429799079895
        },
        {
            "candid": 1243213264015015014,
            "jd": 2458997.7132639,
            "ra": 201.3024814,
            "dec": 20.1662752,
            "fid": 1,
            "nid": 1243,
            "magpsf": 20.381900787353516,
            "sigmapsf": 0.253697007894516,
            "magnr": 20.708999633789062,
            "sigmagnr": 0.11400000005960464,
            "magzpsci": 26.348899841308594,
            "isdiffpos": "t",
            "ssdistnr": -999.0,
            "ssnamenr": "-999.0",
            "drb": null
        },
        {
            "candid": 1243254434015015011,
            "jd": 2458997.7544329,
            "ra": 201.302483,
            "dec": 20.1662547,
            "fid": 2,
            "nid": 1243,
            "magpsf": 19.412099838256836,
            "sigmapsf": 0.12092900276184082,
            "magnr": 20.79400062561035,
            "sigmagnr": 0.10300000011920929,
            "magzpsci": 26.38010025024414,
            "isdiffpos": "t",
            "ssdistnr": -999.0,
            "ssnamenr": "null",
            "drb": 0.9298750162124634
        },
        {
            "candid": 1246259514015015006,
            "jd": 2459000.7595139,
            "ra": 201.3026751,
            "dec": 20.1663123,
            "fid": 1,
            "nid": 1246,
            "magpsf": 20.374099731445312,
            "sigmapsf": 0.3433989882469177,
            "magnr": 20.708999633789062,
            "sigmagnr": 0.11400000005960464,
            "magzpsci": 26.372100830078125,
            "isdiffpos": "t",
            "ssdistnr": -999.0,
            "ssnamenr": "-999.0",
            "drb": null
        },
        {
            "candid": 1250233514015015006,
            "jd": 2459004.7335185,
            "ra": 201.3024497,
            "dec": 20.1662009,
            "fid": 2,
            "nid": 1250,
            "magpsf": 19.39929962158203,
            "sigmapsf": 0.2328840047121048,
            "magnr": 20.79400062561035,
            "sigmagnr": 0.10300000011920929,
            "magzpsci": 26.37929916381836,
            "isdiffpos": "t",
            "ssdistnr": -999.0,
            "ssnamenr": "-999.0",
            "drb": null
        },
        {
            "candid": 1255201934015015011,
            "jd": 2459009.7019329,
            "ra": 201.3025103,
            "dec": 20.1662112,
            "fid": 2,
            "nid": 1255,
            "magpsf": 19.75860023498535,
            "sigmapsf": 0.1839040070772171,
            "magnr": 20.79400062561035,
            "sigmagnr": 0.10300000011920929,
            "magzpsci": 26.427600860595703,
            "isdiffpos": "t",
            "ssdistnr": -999.0,
            "ssnamenr": "null",
            "drb": 0.9999909996986389
        },
        {
            "candid": 1258198834015015013,
            "jd": 2459012.698831,
            "ra": 201.3026137,
            "dec": 20.1662948,
            "fid": 1,
            "nid": 1258,
            "magpsf": 21.166000366210938,
            "sigmapsf": 0.4055109918117523,
            "magnr": 20.708999633789062,
            "sigmagnr": 0.11400000005960464,
            "magzpsci": 26.430999755859375,
            "isdiffpos": "t",
            "ssdistnr": -999.0,
            "ssnamenr": "-999.0",
            "drb": null
        },
        {
            "candid": 1258226214015015014,
            "jd": 2459012.7262153,
            "ra": 201.3024652,
            "dec": 20.1662397,
            "fid": 2,
            "nid": 1258,
            "magpsf": 19.986099243164062,
            "sigmapsf": 0.1424109935760498,
            "magnr": 20.79400062561035,
            "sigmagnr": 0.10300000011920929,
            "magzpsci": 26.440099716186523,
            "isdiffpos": "t",
            "ssdistnr": -999.0,
            "ssnamenr": "null",
            "drb": 0.9998369812965393
        },
        {
            "candid": 1261218264015015014,
            "jd": 2459015.7182639,
            "ra": 201.3024884,
            "dec": 20.1662427,
            "fid": 2,
            "nid": 1261,
            "magpsf": 20.104700088500977,
            "sigmapsf": 0.20084600150585175,
            "magnr": 20.79400062561035,
            "sigmagnr": 0.10300000011920929,
            "magzpsci": 26.391700744628906,
            "isdiffpos": "t",
            "ssdistnr": -999.0,
            "ssnamenr": "null",
            "drb": 0.9999840259552002
        },
        {
            "candid": 1267238114015015010,
            "jd": 2459021.7381134,
            "ra": 201.3025321,
            "dec": 20.1662795,
            "fid": 2,
            "nid": 1267,
            "magpsf": 20.376699447631836,
            "sigmapsf": 0.18235300481319427,
            "magnr": 20.79400062561035,
            "sigmagnr": 0.10300000011920929,
            "magzpsci": 26.386699676513672,
            "isdiffpos": "t",
            "ssdistnr": -999.0,
            "ssnamenr": "null",
            "drb": 0.999987006187439
        },
        {
            "jd": 2458936.80745,
            "fid": 1,
            "diffmaglim": 20.836000442504883
        },
        {
            "jd": 2458936.9147,
            "fid": 2,
            "diffmaglim": 20.608999252319336
        },
        {
            "jd": 2458937.89203,
            "fid": 1,
            "diffmaglim": 21.010000228881836
        },
        {
            "jd": 2458939.88499,
            "fid": 2,
            "diffmaglim": 18.71500015258789
        },
        {
            "jd": 2458940.88189,
            "fid": 1,
            "diffmaglim": 20.364999771118164
        },
        {
            "jd": 2458940.91427,
            "fid": 2,
            "diffmaglim": 18.159000396728516
        },
        {
            "jd": 2458941.90427,
            "fid": 2,
            "diffmaglim": 20.31399917602539
        },
        {
            "jd": 2458941.95752,
            "fid": 1,
            "diffmaglim": 20.40399932861328
        },
        {
            "jd": 2458943.91297,
            "fid": 1,
            "diffmaglim": 19.80500030517578
        },
        {
            "jd": 2458944.85803,
            "fid": 2,
            "diffmaglim": 19.607999801635742
        },
        {
            "jd": 2458944.94318,
            "fid": 1,
            "diffmaglim": 19.31800079345703
        },
        {
            "jd": 2458954.79265,
            "fid": 1,
            "diffmaglim": 20.76099967956543
        },
        {
            "jd": 2459004.69032,
            "fid": 1,
            "diffmaglim": 19.496000289916992
        }
    ],
    "forcedphot": []
}