{
    "objectId": "ZTF23aazmqkn",
    "candidates": [
        {
            "candid": 2425315601015015000,
            "jd": 2460179.8156019,
            "ra": 308.2658788,
            "dec": -27.2103085,
            "fid": 1,
            "nid": 2425,
            "magpsf": 18.5580997467041,
            "sigmapsf": 0.10148300230503082,
            "magnr": 18.139999389648438,
            "sigmagnr": 0.04699999839067459,
            "magzpsci": 26.180099487304688,
            "isdiffpos": "t",
            "ssdistnr": null,
            "ssnamenr": null,
            "drb": 0.9999852180480957
        },
        {
            "candid": 2427251861015015002,
            "jd": 2460181.7518634,
            "ra": 308.2658284,
            "dec": -27.2103073,
            "fid": 2,
            "nid": 2427,
            "magpsf": 17.941999435424805,
            "sigmapsf": 0.06305799633264542,
            "magnr": 19.12700080871582,
            "sigmagnr": 0.15000000596046448,
            "magzpsci": 26.132999420166016,
            "isdiffpos": "t",
            "ssdistnr": null,
            "ssnamenr": null,
            "drb": null
        },
        {
            "candid": 2427336581015015000,
            "jd": 2460181.8365856,
            "ra": 308.2658608,
            "dec": -27.2102913,
            "fid": 1,
            "nid": 2427,
            "magpsf": 17.81130027770996,
            "sigmapsf": 0.06553400307893753,
            "magnr": 18.139999389648438,
            "sigmagnr": 0.04699999839067459,
            "magzpsci": 26.132299423217773,
            "isdiffpos": "t",
            "ssdistnr": null,
            "ssnamenr": null,
            "drb": null
        },
        {
            "candid": 2429293711015015000,
            "jd": 2460183.7937153,
            "ra": 308.2658424,
            "dec": -27.2102754,
            "fid": 1,
            "nid": 2429,
            "magpsf": 17.366600036621094,
            "sigmapsf": 0.04522399976849556,
            "magnr": 18.139999389648438,
            "sigmagnr": 0.04699999839067459,
            "magzpsci": 26.2096004486084,
            "isdiffpos": "t",
            "ssdistnr": null,
            "ssnamenr": null,
            "drb": null
        },
        {
            "candid": 2429335401015015001,
            "jd": 2460183.8354051,
            "ra": 308.2658287,
            "dec": -27.2102756,
            "fid": 2,
            "nid": 2429,
            "magpsf": 17.520599365234375,
            "sigmapsf": 0.04392800107598305,
            "magnr": 19.12700080871582,
            "sigmagnr": 0.15000000596046448,
            "magzpsci": 26.12459945678711,
            "isdiffpos": "t",
            "ssdistnr": null,
            "ssnamenr": null,
            "drb": null
        },
        {
            "candid": 2433252181015015001,
            "jd": 2460187.7521875,
            "ra": 308.2658413,
            "dec": -27.2102644,
            "fid": 2,
            "nid": 2433,
            "magpsf": 17.100500106811523,
            "sigmapsf": 0.042688000947237015,
            "magnr": 19.12700080871582,
            "sigmagnr": 0.15000000596046448,
            "magzpsci": 26.12849998474121,
            "isdiffpos": "t",
            "ssdistnr": null,
            "ssnamenr": null,
            "drb": null
        },
        {
            "candid": 2439272281015015001,
            "jd": 2460193.7722801,
            "ra": 308.2658406,
            "dec": -27.2102734,
            "fid": 2,
            "nid": 2439,
            "magpsf": 16.913000106811523,
            "sigmapsf": 0.03708399832248688,
            "magnr": 19.12700080871582,
            "sigmagnr": 0.15000000596046448,
            "magzpsci": 26.097000122070312,
            "isdiffpos": "t",
            "ssdistnr": null,
            "ssnamenr": null,
            "drb": null
        },
        {
            "candid": 2439333441015015000,
            "jd": 2460193.8334491,
            "ra": 308.26585,
            "dec": -27.2102533,
            "fid": 1,
            "nid": 2439,
            "magpsf": 16.788400650024414,
            "sigmapsf": 0.03509199991822243,
            "magnr": 18.139999389648438,
            "sigmagnr": 0.04699999839067459,
            "magzpsci": 25.960399627685547,
            "isdiffpos": "t",
            "ssdistnr": null,
            "ssnamenr": null,
            "drb": null
        },
        {
            "candid": 2441272431015015002,
            "jd": 2460195.7724306,
            "ra": 308.2658444,
            "dec": -27.2102872,
            "fid": 2,
            "nid": 2441,
            "magpsf": 16.88067626953125,
            "sigmapsf": 0.038161296397447586,
            "magnr": 19.12700080871582,
            "sigmagnr": 0.15000000596046448,
            "magzpsci": 26.043676376342773,
            "isdiffpos": "t",
            "ssdistnr": -999.0,
            "ssnamenr": "null",
            "drb": null
        },
        {
            "candid": 2441272431015025002,
            "jd": 2460195.7724306,
            "ra": 308.2658444,
            "dec": -27.2102872,
            "fid": 2,
            "nid": 2441,
            "magpsf": 16.880699157714844,
            "sigmapsf": 0.03816099837422371,
            "magnr": 19.12700080871582,
            "sigmagnr": 0.15000000596046448,
            "magzpsci": 26.043699264526367,
            "isdiffpos": "t",
            "ssdistnr": null,
            "ssnamenr": null,
            "drb": null
        },
        {
            "candid": 2444230341015015001,
            "jd": 2460198.7303472,
            "ra": 308.2658604,
            "dec": -27.2102779,
            "fid": 1,
            "nid": 2444,
            "magpsf": 16.9375,
            "sigmapsf": 0.049848999828100204,
            "magnr": 18.139999389648438,
            "sigmagnr": 0.04699999839067459,
            "magzpsci": 26.076499938964844,
            "isdiffpos": "t",
            "ssdistnr": null,
            "ssnamenr": null,
            "drb": null
        },
        {
            "candid": 2447168471015015002,
            "jd": 2460201.6684722,
            "ra": 308.2658329,
            "dec": -27.210279,
            "fid": 2,
            "nid": 2447,
            "magpsf": 17.1072998046875,
            "sigmapsf": 0.04182400181889534,
            "magnr": 19.12700080871582,
            "sigmagnr": 0.15000000596046448,
            "magzpsci": 26.139299392700195,
            "isdiffpos": "t",
            "ssdistnr": null,
            "ssnamenr": null,
            "drb": null
        },
        {
            "candid": 2447189471015015001,
            "jd": 2460201.6894792,
            "ra": 308.2658387,
            "dec": -27.2102708,
            "fid": 1,
            "nid": 2447,
            "magpsf": 17.07080078125,
            "sigmapsf": 0.0397149994969368,
            "magnr": 18.139999389648438,
            "sigmagnr": 0.04699999839067459,
            "magzpsci": 26.19179916381836,
            "isdiffpos": "t",
            "ssdistnr": null,
            "ssnamenr": null,
            "drb": null
        },
        {
            "candid": 2449255211015015001,
            "jd": 2460203.7552199,
            "ra": 308.2658567,
            "dec": -27.2102925,
            "fid": 1,
            "nid": 2449,
            "magpsf": 17.175199508666992,
            "sigmapsf": 0.050186000764369965,
            "magnr": 18.139999389648438,
            "sigmagnr": 0.04699999839067459,
            "magzpsci": 26.138200759887695,
            "isdiffpos": "t",
            "ssdistnr": null,
            "ssnamenr": null,
            "drb": null
        },
        {
            "candid": 2451147441015015001,
            "jd": 2460205.6474421,
            "ra": 308.2658557,
            "dec": -27.2102791,
            "fid": 1,
            "nid": 2451,
            "magpsf": 17.339799880981445,
            "sigmapsf": 0.03930399939417839,
            "magnr": 18.139999389648438,
            "sigmagnr": 0.04699999839067459,
            "magzpsci": 26.162799835205078,
            "isdiffpos": "t",
            "ssdistnr": null,
            "ssnamenr": null,
            "drb": null
        },
        {
            "candid": 2451238171015015003,
            "jd": 2460205.7381713,
            "ra": 308.265852,
            "dec": -27.2102689,
            "fid": 2,
            "nid": 2451,
            "magpsf": 17.415834426879883,
            "sigmapsf": 0.046304866671562195,
            "magnr": 19.12700080871582,
            "sigmagnr": 0.15000000596046448,
            "magzpsci": 26.15183448791504,
            "isdiffpos": "t",
            "ssdistnr": -999.0,
            "ssnamenr": "null",
            "drb": null
        },
        {
            "candid": 2451238171015025003,
            "jd": 2460205.7381713,
            "ra": 308.265852,
            "dec": -27.2102689,
            "fid": 2,
            "nid": 2451,
            "magpsf": 17.415800094604492,
            "sigmapsf": 0.04630500078201294,
            "magnr": 19.12700080871582,
            "sigmagnr": 0.15000000596046448,
            "magzpsci": 26.15180015563965,
            "isdiffpos": "t",
            "ssdistnr": null,
            "ssnamenr": null,
            "drb": null
        },
        {
            "candid": 2453167901015015000,
            "jd": 2460207.6679051,
            "ra": 308.2658254,
            "dec": -27.2102788,
            "fid": 2,
            "nid": 2453,
            "magpsf": 17.55419921875,
            "sigmapsf": 0.04414200037717819,
            "magnr": 19.12700080871582,
            "sigmagnr": 0.15000000596046448,
            "magzpsci": 26.180200576782227,
            "isdiffpos": "t",
            "ssdistnr": null,
            "ssnamenr": null,
            "drb": null
        },
        {
            "candid": 2453189591015015000,
            "jd": 2460207.6895949,
            "ra": 308.2658447,
            "dec": -27.2102682,
            "fid": 1,
            "nid": 2453,
            "magpsf": 17.5177001953125,
            "sigmapsf": 0.042040999978780746,
            "magnr": 18.139999389648438,
            "sigmagnr": 0.04699999839067459,
            "magzpsci": 26.248699188232422,
            "isdiffpos": "t",
            "ssdistnr": null,
            "ssnamenr": null,
            "drb": null
        },
        {
            "candid": 2455219381015015002,
            "jd": 2460209.7193866,
            "ra": 308.2658873,
            "dec": -27.2102926,
            "fid": 2,
            "nid": 2455,
            "magpsf": 17.559099197387695,
            "sigmapsf": 0.10179200023412704,
            "magnr": 19.12700080871582,
            "sigmagnr": 0.15000000596046448,
            "magzpsci": 25.22909927368164,
            "isdiffpos": "t",
            "ssdistnr": null,
            "ssnamenr": null,
            "drb": null
        },
        {
            "candid": 2460189611015015000,
            "jd": 2460214.6896181,
            "ra": 308.2658337,
            "dec": -27.2102846,
            "fid": 2,
            "nid": 2460,
            "magpsf": 17.71820068359375,
            "sigmapsf": 0.06991799920797348,
            "magnr": 19.12700080871582,
            "sigmagnr": 0.15000000596046448,
            "magzpsci": 26.189199447631836,
            "isdiffpos": "t",
            "ssdistnr": null,
            "ssnamenr": null,
            "drb": null
        },
        {
            "candid": 2460233281015015000,
            "jd": 2460214.733287,
            "ra": 308.2658711,
            "dec": -27.2102548,
            "fid": 1,
            "nid": 2460,
            "magpsf": 18.132400512695312,
            "sigmapsf": 0.11730100214481354,
            "magnr": 18.139999389648438,
            "sigmagnr": 0.04699999839067459,
            "magzpsci": 26.17840003967285,
            "isdiffpos": "t",
            "ssdistnr": null,
            "ssnamenr": null,
            "drb": null
        },
        {
            "candid": 2462184241015015000,
            "jd": 2460216.6842477,
            "ra": 308.2658339,
            "dec": -27.2102908,
            "fid": 2,
            "nid": 2462,
            "magpsf": 17.698200225830078,
            "sigmapsf": 0.053943000733852386,
            "magnr": 19.12700080871582,
            "sigmagnr": 0.15000000596046448,
            "magzpsci": 26.17620086669922,
            "isdiffpos": "t",
            "ssdistnr": null,
            "ssnamenr": null,
            "drb": null
        },
        {
            "candid": 2462190541015015000,
            "jd": 2460216.690544,
            "ra": 308.2659315,
            "dec": -27.2102913,
            "fid": 1,
            "nid": 2462,
            "magpsf": 18.452499389648438,
            "sigmapsf": 0.13988199830055237,
            "magnr": 18.139999389648438,
            "sigmagnr": 0.04699999839067459,
            "magzpsci": 26.263500213623047,
            "isdiffpos": "t",
            "ssdistnr": null,
            "ssnamenr": null,
            "drb": null
        },
        {
            "candid": 2466188701015015000,
            "jd": 2460220.6887037,
            "ra": 308.2659042,
            "dec": -27.2103177,
            "fid": 1,
            "nid": 2466,
            "magpsf": 18.52829933166504,
            "sigmapsf": 0.12596699595451355,
            "magnr": 18.139999389648438,
            "sigmagnr": 0.04699999839067459,
            "magzpsci": 26.121299743652344,
            "isdiffpos": "t",
            "ssdistnr": null,
            "ssnamenr": null,
            "drb": null
        },
        {
            "candid": 2468189281015015000,
            "jd": 2460222.6892824,
            "ra": 308.2657404,
            "dec": -27.2102537,
            "fid": 1,
            "nid": 2468,
            "magpsf": 18.731700897216797,
            "sigmapsf": 0.13928599655628204,
            "magnr": 18.139999389648438,
            "sigmagnr": 0.04699999839067459,
            "magzpsci": 26.17569923400879,
            "isdiffpos": "t",
            "ssdistnr": null,
            "ssnamenr": null,
            "drb": null
        },
        {
            "candid": 2468231871015015000,
            "jd": 2460222.731875,
            "ra": 308.265824,
            "dec": -27.2102818,
            "fid": 2,
            "nid": 2468,
            "magpsf": 17.738000869750977,
            "sigmapsf": 0.06213099882006645,
            "magnr": 19.12700080871582,
            "sigmagnr": 0.15000000596046448,
            "magzpsci": 26.11199951171875,
            "isdiffpos": "t",
            "ssdistnr": null,
            "ssnamenr": null,
            "drb": null
        },
        {
            "candid": 2470189971015015000,
            "jd": 2460224.6899769,
            "ra": 308.2657999,
            "dec": -27.2102694,
            "fid": 1,
            "nid": 2470,
            "magpsf": 18.967599868774414,
            "sigmapsf": 0.1183599978685379,
            "magnr": 18.139999389648438,
            "sigmagnr": 0.04699999839067459,
            "magzpsci": 26.169599533081055,
            "isdiffpos": "t",
            "ssdistnr": null,
            "ssnamenr": null,
            "drb": null
        },
        {
            "candid": 2470212781015015001,
            "jd": 2460224.7127894,
            "ra": 308.2658276,
            "dec": -27.2102807,
            "fid": 2,
            "nid": 2470,
            "magpsf": 17.8971004486084,
            "sigmapsf": 0.0613350011408329,
            "magnr": 19.12700080871582,
            "sigmagnr": 0.15000000596046448,
            "magzpsci": 26.105100631713867,
            "isdiffpos": "t",
            "ssdistnr": null,
            "ssnamenr": null,
            "drb": null
        },
        {
            "candid": 2473212851015015001,
            "jd": 2460227.7128588,
            "ra": 308.2660254,
            "dec": -27.2101355,
            "fid": 1,
            "nid": 2473,
            "magpsf": 18.874900817871094,
            "sigmapsf": 0.2787240147590637,
            "magnr": 18.139999389648438,
            "sigmagnr": 0.04699999839067459,
            "magzpsci": 25.335899353027344,
            "isdiffpos": "t",
            "ssdistnr": null,
            "ssnamenr": null,
            "drb": null
        },
        {
            "candid": 2478128701015015001,
            "jd": 2460232.6287037,
            "ra": 308.2657688,
            "dec": -27.210343,
            "fid": 1,
            "nid": 2478,
            "magpsf": 19.559999465942383,
            "sigmapsf": 0.18521499633789062,
            "magnr": 18.139999389648438,
            "sigmagnr": 0.04699999839067459,
            "magzpsci": 26.21500015258789,
            "isdiffpos": "t",
            "ssdistnr": null,
            "ssnamenr": null,
            "drb": null
        },
        {
            "candid": 2478169351015015001,
            "jd": 2460232.6693519,
            "ra": 308.2658108,
            "dec": -27.2103131,
            "fid": 2,
            "nid": 2478,
            "magpsf": 18.321500778198242,
            "sigmapsf": 0.0784749984741211,
            "magnr": 19.12700080871582,
            "sigmagnr": 0.15000000596046448,
            "magzpsci": 26.13949966430664,
            "isdiffpos": "t",
            "ssdistnr": null,
            "ssnamenr": null,
            "drb": null
        },
        {
            "candid": 2480128071015015001,
            "jd": 2460234.6280787,
            "ra": 308.2658585,
            "dec": -27.2102571,
            "fid": 2,
            "nid": 2480,
            "magpsf": 18.4375,
            "sigmapsf": 0.08648700267076492,
            "magnr": 19.12700080871582,
            "sigmagnr": 0.15000000596046448,
            "magzpsci": 26.167499542236328,
            "isdiffpos": "t",
            "ssdistnr": null,
            "ssnamenr": null,
            "drb": null
        },
        {
            "candid": 2480170251015015000,
            "jd": 2460234.6702546,
            "ra": 308.2657632,
            "dec": -27.2103724,
            "fid": 1,
            "nid": 2480,
            "magpsf": 19.424299240112305,
            "sigmapsf": 0.1567479968070984,
            "magnr": 18.139999389648438,
            "sigmagnr": 0.04699999839067459,
            "magzpsci": 26.169300079345703,
            "isdiffpos": "t",
            "ssdistnr": null,
            "ssnamenr": null,
            "drb": null
        },
        {
            "candid": 2482128571015015001,
            "jd": 2460236.6285764,
            "ra": 308.2658437,
            "dec": -27.2103196,
            "fid": 2,
            "nid": 2482,
            "magpsf": 18.513099670410156,
            "sigmapsf": 0.094370998442173,
            "magnr": 19.12700080871582,
            "sigmagnr": 0.15000000596046448,
            "magzpsci": 26.162099838256836,
            "isdiffpos": "t",
            "ssdistnr": null,
            "ssnamenr": null,
            "drb": null
        },
        {
            "candid": 2484112081015015001,
            "jd": 2460238.6120833,
            "ra": 308.2658418,
            "dec": -27.2102806,
            "fid": 2,
            "nid": 2484,
            "magpsf": 18.664199829101562,
            "sigmapsf": 0.09487099945545197,
            "magnr": 19.12700080871582,
            "sigmagnr": 0.15000000596046448,
            "magzpsci": 26.12619972229004,
            "isdiffpos": "t",
            "ssdistnr": null,
            "ssnamenr": null,
            "drb": null
        },
        {
            "candid": 2488112281015015000,
            "jd": 2460242.6122801,
            "ra": 308.2658388,
            "dec": -27.2102607,
            "fid": 2,
            "nid": 2488,
            "magpsf": 18.695152282714844,
            "sigmapsf": 0.11357138305902481,
            "magnr": 19.12700080871582,
            "sigmagnr": 0.15000000596046448,
            "magzpsci": 26.14615249633789,
            "isdiffpos": "t",
            "ssdistnr": -999.0,
            "ssnamenr": "null",
            "drb": null
        },
        {
            "candid": 2488112281015025000,
            "jd": 2460242.6122801,
            "ra": 308.2658388,
            "dec": -27.2102607,
            "fid": 2,
            "nid": 2488,
            "magpsf": 18.695199966430664,
            "sigmapsf": 0.11357100307941437,
            "magnr": 19.12700080871582,
            "sigmagnr": 0.15000000596046448,
            "magzpsci": 26.14620018005371,
            "isdiffpos": "t",
            "ssdistnr": null,
            "ssnamenr": null,
            "drb": null
        },
        {
            "candid": 2491148061015015000,
            "jd": 2460245.6480671,
            "ra": 308.2658732,
            "dec": -27.2102764,
            "fid": 2,
            "nid": 2491,
            "magpsf": 19.0585994720459,
            "sigmapsf": 0.1603509932756424,
            "magnr": 19.12700080871582,
            "sigmagnr": 0.15000000596046448,
            "magzpsci": 26.154600143432617,
            "isdiffpos": "t",
            "ssdistnr": null,
            "ssnamenr": null,
            "drb": null
        },
        {
            "candid": 2496110341015015004,
            "jd": 2460250.6103472,
            "ra": 308.265817,
            "dec": -27.2102882,
            "fid": 2,
            "nid": 2496,
            "magpsf": 19.0132999420166,
            "sigmapsf": 0.1351500004529953,
            "magnr": 19.12700080871582,
            "sigmagnr": 0.15000000596046448,
            "magzpsci": 26.169300079345703,
            "isdiffpos": "t",
            "ssdistnr": null,
            "ssnamenr": null,
            "drb": null
        },
        {
            "candid": 2497128511015015000,
            "jd": 2460251.6285185,
            "ra": 308.2658923,
            "dec": -27.21035,
            "fid": 1,
            "nid": 2497,
            "magpsf": 19.84600067138672,
            "sigmapsf": 0.26175200939178467,
            "magnr": 18.139999389648438,
            "sigmagnr": 0.04699999839067459,
            "magzpsci": 26.163999557495117,
            "isdiffpos": "t",
            "ssdistnr": null,
            "ssnamenr": null,
            "drb": null
        },
        {
            "candid": 2499151861015015001,
            "jd": 2460253.6518634,
            "ra": 308.2657313,
            "dec": -27.2102821,
            "fid": 2,
            "nid": 2499,
            "magpsf": 19.00160026550293,
            "sigmapsf": 0.1490190029144287,
            "magnr": 19.12700080871582,
            "sigmagnr": 0.15000000596046448,
            "magzpsci": 26.117599487304688,
            "isdiffpos": "t",
            "ssdistnr": null,
            "ssnamenr": null,
            "drb": null
        },
        {
            "candid": 2501107311015015000,
            "jd": 2460255.6073148,
            "ra": 308.2658859,
            "dec": -27.2104609,
            "fid": 1,
            "nid": 2501,
            "magpsf": 19.72480010986328,
            "sigmapsf": 0.1827390044927597,
            "magnr": 18.139999389648438,
            "sigmagnr": 0.04699999839067459,
            "magzpsci": 26.21780014038086,
            "isdiffpos": "t",
            "ssdistnr": null,
            "ssnamenr": null,
            "drb": null
        },
        {
            "candid": 2501126881015015000,
            "jd": 2460255.6268866,
            "ra": 308.2659131,
            "dec": -27.2102144,
            "fid": 2,
            "nid": 2501,
            "magpsf": 19.28230094909668,
            "sigmapsf": 0.14670699834823608,
            "magnr": 19.12700080871582,
            "sigmagnr": 0.15000000596046448,
            "magzpsci": 26.15130043029785,
            "isdiffpos": "t",
            "ssdistnr": null,
            "ssnamenr": null,
            "drb": null
        },
        {
            "candid": 2504106381015015000,
            "jd": 2460258.6063889,
            "ra": 308.2659996,
            "dec": -27.2102039,
            "fid": 2,
            "nid": 2504,
            "magpsf": 18.998796463012695,
            "sigmapsf": 0.15871068835258484,
            "magnr": 19.12700080871582,
            "sigmagnr": 0.15000000596046448,
            "magzpsci": 25.877796173095703,
            "isdiffpos": "t",
            "ssdistnr": -999.0,
            "ssnamenr": "null",
            "drb": null
        },
        {
            "jd": 2460150.8665162,
            "fid": 2,
            "diffmaglim": 18.92959976196289
        },
        {
            "jd": 2460150.8978704,
            "fid": 1,
            "diffmaglim": 19.774700164794922
        },
        {
            "jd": 2460152.8153935,
            "fid": 2,
            "diffmaglim": 19.92690086364746
        },
        {
            "jd": 2460154.8425926,
            "fid": 1,
            "diffmaglim": 17.321399688720703
        },
        {
            "jd": 2460159.8351736,
            "fid": 1,
            "diffmaglim": 18.741899490356445
        },
        {
            "jd": 2460159.8773495,
            "fid": 2,
            "diffmaglim": 18.882200241088867
        },
        {
            "jd": 2460161.8558912,
            "fid": 2,
            "diffmaglim": 19.721200942993164
        },
        {
            "jd": 2460161.8774306,
            "fid": 1,
            "diffmaglim": 19.199899673461914
        },
        {
            "jd": 2460164.7928704,
            "fid": 2,
            "diffmaglim": 19.94569969177246
        },
        {
            "jd": 2460168.8147569,
            "fid": 2,
            "diffmaglim": 20.222700119018555
        },
        {
            "jd": 2460168.8573843,
            "fid": 1,
            "diffmaglim": 19.749399185180664
        },
        {
            "jd": 2460170.7952199,
            "fid": 2,
            "diffmaglim": 19.8966007232666
        },
        {
            "jd": 2460170.8148148,
            "fid": 1,
            "diffmaglim": 19.82200050354004
        },
        {
            "jd": 2460172.7511111,
            "fid": 1,
            "diffmaglim": 19.78339958190918
        },
        {
            "jd": 2460174.8009259,
            "fid": 1,
            "diffmaglim": 19.740699768066406
        },
        {
            "jd": 2460209.6469444,
            "fid": 1,
            "diffmaglim": 17.670799255371094
        },
        {
            "jd": 2460230.6958218,
            "fid": 2,
            "diffmaglim": 18.297399520874023
        },
        {
            "jd": 2460238.6919676,
            "fid": 1,
            "diffmaglim": 19.153499603271484
        },
        {
            "jd": 2460242.6272685,
            "fid": 1,
            "diffmaglim": 18.95949935913086
        },
        {
            "jd": 2460245.6264699,
            "fid": 1,
            "diffmaglim": 18.84980010986328
        },
        {
            "jd": 2460253.6086458,
            "fid": 1,
            "diffmaglim": 19.57080078125
        }
    ],
    "forcedphot": [
        {
            "objectid": "ZTF23aazmqkn",
            "jd": 2460207.6679051,
            "ranr": 308.2663407,
            "decnr": -27.2098431,
            "fid": 2,
            "forcediffimflux": 2897.77978515625,
            "forcediffimfluxunc": 40.668426513671875,
            "magzpsci": 26.180200576782227
        },
        {
            "objectid": "ZTF23aazmqkn",
            "jd": 2460207.6895949,
            "ranr": 308.2669267,
            "decnr": -27.2095494,
            "fid": 1,
            "forcediffimflux": 3096.559326171875,
            "forcediffimfluxunc": 42.19955062866211,
            "magzpsci": 26.248699188232422
        },
        {
            "objectid": "ZTF23aazmqkn",
            "jd": 2460214.6896181,
            "ranr": 308.2663407,
            "decnr": -27.2098431,
            "fid": 2,
            "forcediffimflux": 2528.1298828125,
            "forcediffimfluxunc": 75.654052734375,
            "magzpsci": 26.189199447631836
        },
        {
            "objectid": "ZTF23aazmqkn",
            "jd": 2460214.733287,
            "ranr": 308.2669267,
            "decnr": -27.2095494,
            "fid": 1,
            "forcediffimflux": 1605.4056396484375,
            "forcediffimfluxunc": 107.69458770751953,
            "magzpsci": 26.17840003967285
        },
        {
            "objectid": "ZTF23aazmqkn",
            "jd": 2460216.6842477,
            "ranr": 308.2663407,
            "decnr": -27.2098431,
            "fid": 2,
            "forcediffimflux": 2540.505126953125,
            "forcediffimfluxunc": 75.20580291748047,
            "magzpsci": 26.17620086669922
        },
        {
            "objectid": "ZTF23aazmqkn",
            "jd": 2460216.690544,
            "ranr": 308.2669267,
            "decnr": -27.2095494,
            "fid": 1,
            "forcediffimflux": 1222.3206787109375,
            "forcediffimfluxunc": 115.86679077148438,
            "magzpsci": 26.263500213623047
        },
        {
            "objectid": "ZTF23aazmqkn",
            "jd": 2460220.6887037,
            "ranr": 308.2669267,
            "decnr": -27.2095494,
            "fid": 1,
            "forcediffimflux": 1022.9573974609375,
            "forcediffimfluxunc": 85.3008041381836,
            "magzpsci": 26.121299743652344
        },
        {
            "objectid": "ZTF23aazmqkn",
            "jd": 2460222.6892824,
            "ranr": 308.2669267,
            "decnr": -27.2095494,
            "fid": 1,
            "forcediffimflux": 899.7913208007812,
            "forcediffimfluxunc": 65.82915496826172,
            "magzpsci": 26.17569923400879
        },
        {
            "objectid": "ZTF23aazmqkn",
            "jd": 2460222.731875,
            "ranr": 308.2663407,
            "decnr": -27.2098431,
            "fid": 2,
            "forcediffimflux": 2104.71484375,
            "forcediffimfluxunc": 83.60887145996094,
            "magzpsci": 26.11199951171875
        },
        {
            "objectid": "ZTF23aazmqkn",
            "jd": 2460224.6899769,
            "ranr": 308.2669267,
            "decnr": -27.2095494,
            "fid": 1,
            "forcediffimflux": 751.301025390625,
            "forcediffimfluxunc": 54.23910140991211,
            "magzpsci": 26.169599533081055
        },
        {
            "objectid": "ZTF23aazmqkn",
            "jd": 2460224.7127894,
            "ranr": 308.2663407,
            "decnr": -27.2098431,
            "fid": 2,
            "forcediffimflux": 1909.42724609375,
            "forcediffimfluxunc": 53.687782287597656,
            "magzpsci": 26.105100631713867
        },
        {
            "objectid": "ZTF23aazmqkn",
            "jd": 2460232.6287037,
            "ranr": 308.2669267,
            "decnr": -27.2095494,
            "fid": 1,
            "forcediffimflux": 390.91888427734375,
            "forcediffimfluxunc": 51.015045166015625,
            "magzpsci": 26.21500015258789
        },
        {
            "objectid": "ZTF23aazmqkn",
            "jd": 2460232.6693519,
            "ranr": 308.2663407,
            "decnr": -27.2098431,
            "fid": 2,
            "forcediffimflux": 1192.2998046875,
            "forcediffimfluxunc": 60.45663833618164,
            "magzpsci": 26.13949966430664
        },
        {
            "objectid": "ZTF23aazmqkn",
            "jd": 2460234.6280787,
            "ranr": 308.2663407,
            "decnr": -27.2098431,
            "fid": 2,
            "forcediffimflux": 1175.0745849609375,
            "forcediffimfluxunc": 43.57439041137695,
            "magzpsci": 26.167499542236328
        },
        {
            "objectid": "ZTF23aazmqkn",
            "jd": 2460234.6702546,
            "ranr": 308.2669267,
            "decnr": -27.2095494,
            "fid": 1,
            "forcediffimflux": 434.24249267578125,
            "forcediffimfluxunc": 48.215145111083984,
            "magzpsci": 26.169300079345703
        },
        {
            "objectid": "ZTF23aazmqkn",
            "jd": 2460236.6285764,
            "ranr": 308.2663407,
            "decnr": -27.2098431,
            "fid": 2,
            "forcediffimflux": 1070.642822265625,
            "forcediffimfluxunc": 50.77204895019531,
            "magzpsci": 26.162099838256836
        },
        {
            "objectid": "ZTF23aazmqkn",
            "jd": 2460238.6120833,
            "ranr": 308.2663407,
            "decnr": -27.2098431,
            "fid": 2,
            "forcediffimflux": 945.7491455078125,
            "forcediffimfluxunc": 47.81239318847656,
            "magzpsci": 26.12619972229004
        },
        {
            "objectid": "ZTF23aazmqkn",
            "jd": 2460238.6919676,
            "ranr": 308.2669267,
            "decnr": -27.2095494,
            "fid": 1,
            "forcediffimflux": 350.40606689453125,
            "forcediffimfluxunc": 65.46192169189453,
            "magzpsci": 26.04789924621582
        },
        {
            "objectid": "ZTF23aazmqkn",
            "jd": 2460242.6122801,
            "ranr": 308.2663407,
            "decnr": -27.2098431,
            "fid": 2,
            "forcediffimflux": 892.6478881835938,
            "forcediffimfluxunc": 69.67962646484375,
            "magzpsci": 26.14620018005371
        },
        {
            "objectid": "ZTF23aazmqkn",
            "jd": 2460242.6272685,
            "ranr": 308.2669267,
            "decnr": -27.2095494,
            "fid": 1,
            "forcediffimflux": 495.0589599609375,
            "forcediffimfluxunc": 85.2703857421875,
            "magzpsci": 26.18709945678711
        },
        {
            "objectid": "ZTF23aazmqkn",
            "jd": 2460245.6264699,
            "ranr": 308.2669267,
            "decnr": -27.2095494,
            "fid": 1,
            "forcediffimflux": 268.7037048339844,
            "forcediffimfluxunc": 98.87828826904297,
            "magzpsci": 26.194400787353516
        },
        {
            "objectid": "ZTF23aazmqkn",
            "jd": 2460245.6480671,
            "ranr": 308.2663407,
            "decnr": -27.2098431,
            "fid": 2,
            "forcediffimflux": 684.53369140625,
            "forcediffimfluxunc": 82.1053695678711,
            "magzpsci": 26.154600143432617
        },
        {
            "objectid": "ZTF23aazmqkn",
            "jd": 2460250.6103472,
            "ranr": 308.2663407,
            "decnr": -27.2098431,
            "fid": 2,
            "forcediffimflux": 674.921630859375,
            "forcediffimfluxunc": 42.17683792114258,
            "magzpsci": 26.169300079345703
        },
        {
            "objectid": "ZTF23aazmqkn",
            "jd": 2460251.6285185,
            "ranr": 308.2669267,
            "decnr": -27.2095494,
            "fid": 1,
            "forcediffimflux": 318.76953125,
            "forcediffimfluxunc": 54.99437713623047,
            "magzpsci": 26.163999557495117
        },
        {
            "objectid": "ZTF23aazmqkn",
            "jd": 2460253.6086458,
            "ranr": 308.2669267,
            "decnr": -27.2095494,
            "fid": 1,
            "forcediffimflux": 278.029052734375,
            "forcediffimfluxunc": 54.733123779296875,
            "magzpsci": 26.184999465942383
        },
        {
            "objectid": "ZTF23aazmqkn",
            "jd": 2460255.6073148,
            "ranr": 308.2669267,
            "decnr": -27.2095494,
            "fid": 1,
            "forcediffimflux": 337.1286315917969,
            "forcediffimfluxunc": 48.24293518066406,
            "magzpsci": 26.21780014038086
        },
        {
            "objectid": "ZTF23aazmqkn",
            "jd": 2460255.6268866,
            "ranr": 308.2663407,
            "decnr": -27.2098431,
            "fid": 2,
            "forcediffimflux": 540.5587768554688,
            "forcediffimfluxunc": 49.5078125,
            "magzpsci": 26.15130043029785
        }
    ]
}