{
    "objectId": "ZTF22abemaki",
    "candidates": [
        {
            "candid": 2069442083915015001,
            "jd": 2459823.9420833,
            "ra": 67.0462566,
            "dec": -16.1996992,
            "fid": 1,
            "nid": 2069,
            "magpsf": 19.105199813842773,
            "sigmapsf": 0.14450900256633759,
            "magnr": 19.69700050354004,
            "sigmagnr": 0.07800000160932541,
            "magzpsci": 25.983200073242188,
            "isdiffpos": "t",
            "ssdistnr": null,
            "ssnamenr": null,
            "drb": 0.9999964833259583
        },
        {
            "candid": 2069466043915015003,
            "jd": 2459823.9660417,
            "ra": 67.0463029,
            "dec": -16.1997115,
            "fid": 2,
            "nid": 2069,
            "magpsf": 19.22100067138672,
            "sigmapsf": 0.1386280059814453,
            "magnr": 19.058000564575195,
            "sigmagnr": 0.10199999809265137,
            "magzpsci": 26.173999786376953,
            "isdiffpos": "t",
            "ssdistnr": null,
            "ssnamenr": null,
            "drb": null
        },
        {
            "candid": 2071479823915015002,
            "jd": 2459825.9798264,
            "ra": 67.0462365,
            "dec": -16.1997134,
            "fid": 1,
            "nid": 2071,
            "magpsf": 18.791200637817383,
            "sigmapsf": 0.08057600259780884,
            "magnr": 19.69700050354004,
            "sigmagnr": 0.07800000160932541,
            "magzpsci": 26.07819938659668,
            "isdiffpos": "t",
            "ssdistnr": null,
            "ssnamenr": null,
            "drb": null
        },
        {
            "candid": 2073442193915015000,
            "jd": 2459827.9421991,
            "ra": 67.0462295,
            "dec": -16.1996962,
            "fid": 1,
            "nid": 2073,
            "magpsf": 18.557899475097656,
            "sigmapsf": 0.09978699684143066,
            "magnr": 19.69700050354004,
            "sigmagnr": 0.07800000160932541,
            "magzpsci": 26.01889991760254,
            "isdiffpos": "t",
            "ssdistnr": null,
            "ssnamenr": null,
            "drb": null
        },
        {
            "candid": 2073481593915015001,
            "jd": 2459827.9815972,
            "ra": 67.0462579,
            "dec": -16.1997451,
            "fid": 2,
            "nid": 2073,
            "magpsf": 18.77429962158203,
            "sigmapsf": 0.09910000115633011,
            "magnr": 19.058000564575195,
            "sigmagnr": 0.10199999809265137,
            "magzpsci": 26.189300537109375,
            "isdiffpos": "t",
            "ssdistnr": null,
            "ssnamenr": null,
            "drb": null
        },
        {
            "candid": 2085442063915015000,
            "jd": 2459839.9420602,
            "ra": 67.046271,
            "dec": -16.1997174,
            "fid": 1,
            "nid": 2085,
            "magpsf": 18.305999755859375,
            "sigmapsf": 0.07985900342464447,
            "magnr": 19.69700050354004,
            "sigmagnr": 0.07800000160932541,
            "magzpsci": 26.21299934387207,
            "isdiffpos": "t",
            "ssdistnr": null,
            "ssnamenr": null,
            "drb": null
        },
        {
            "candid": 2087400573915015001,
            "jd": 2459841.9005787,
            "ra": 67.046223,
            "dec": -16.1997038,
            "fid": 1,
            "nid": 2087,
            "magpsf": 18.448999404907227,
            "sigmapsf": 0.07954200357198715,
            "magnr": 19.69700050354004,
            "sigmagnr": 0.07800000160932541,
            "magzpsci": 26.152999877929688,
            "isdiffpos": "t",
            "ssdistnr": null,
            "ssnamenr": null,
            "drb": null
        },
        {
            "candid": 2087482523915015002,
            "jd": 2459841.9825231,
            "ra": 67.0462503,
            "dec": -16.1997171,
            "fid": 1,
            "nid": 2087,
            "magpsf": 18.435400009155273,
            "sigmapsf": 0.06695999950170517,
            "magnr": 19.69700050354004,
            "sigmagnr": 0.07800000160932541,
            "magzpsci": 26.26140022277832,
            "isdiffpos": "t",
            "ssdistnr": null,
            "ssnamenr": null,
            "drb": null
        },
        {
            "candid": 2089440753915015003,
            "jd": 2459843.9407523,
            "ra": 67.0462507,
            "dec": -16.1997414,
            "fid": 2,
            "nid": 2089,
            "magpsf": 18.566299438476562,
            "sigmapsf": 0.07773499935865402,
            "magnr": 19.058000564575195,
            "sigmagnr": 0.10199999809265137,
            "magzpsci": 26.28529930114746,
            "isdiffpos": "t",
            "ssdistnr": null,
            "ssnamenr": null,
            "drb": null
        },
        {
            "candid": 2092444383915015001,
            "jd": 2459846.9443866,
            "ra": 67.0462273,
            "dec": -16.1997165,
            "fid": 2,
            "nid": 2092,
            "magpsf": 18.707799911499023,
            "sigmapsf": 0.0900539979338646,
            "magnr": 19.058000564575195,
            "sigmagnr": 0.10199999809265137,
            "magzpsci": 26.271799087524414,
            "isdiffpos": "t",
            "ssdistnr": null,
            "ssnamenr": null,
            "drb": null
        },
        {
            "candid": 2092482043915015000,
            "jd": 2459846.9820486,
            "ra": 67.0462499,
            "dec": -16.1997315,
            "fid": 1,
            "nid": 2092,
            "magpsf": 18.697900772094727,
            "sigmapsf": 0.09078600257635117,
            "magnr": 19.69700050354004,
            "sigmagnr": 0.07800000160932541,
            "magzpsci": 26.230899810791016,
            "isdiffpos": "t",
            "ssdistnr": null,
            "ssnamenr": null,
            "drb": null
        },
        {
            "candid": 2094440043915015001,
            "jd": 2459848.9400463,
            "ra": 67.0462532,
            "dec": -16.1997274,
            "fid": 1,
            "nid": 2094,
            "magpsf": 18.906999588012695,
            "sigmapsf": 0.09873899817466736,
            "magnr": 19.69700050354004,
            "sigmagnr": 0.07800000160932541,
            "magzpsci": 26.198999404907227,
            "isdiffpos": "t",
            "ssdistnr": null,
            "ssnamenr": null,
            "drb": null
        },
        {
            "candid": 2094462603915015001,
            "jd": 2459848.9626042,
            "ra": 67.0462511,
            "dec": -16.1997322,
            "fid": 2,
            "nid": 2094,
            "magpsf": 18.779499053955078,
            "sigmapsf": 0.08202199637889862,
            "magnr": 19.058000564575195,
            "sigmagnr": 0.10199999809265137,
            "magzpsci": 26.25950050354004,
            "isdiffpos": "t",
            "ssdistnr": null,
            "ssnamenr": null,
            "drb": null
        },
        {
            "candid": 2096448253915015001,
            "jd": 2459850.9482523,
            "ra": 67.0462557,
            "dec": -16.1997403,
            "fid": 1,
            "nid": 2096,
            "magpsf": 19.061599731445312,
            "sigmapsf": 0.10268600285053253,
            "magnr": 19.69700050354004,
            "sigmagnr": 0.07800000160932541,
            "magzpsci": 26.19260025024414,
            "isdiffpos": "t",
            "ssdistnr": null,
            "ssnamenr": null,
            "drb": null
        },
        {
            "candid": 2096483283915015000,
            "jd": 2459850.983287,
            "ra": 67.04624,
            "dec": -16.1997256,
            "fid": 2,
            "nid": 2096,
            "magpsf": 18.899499893188477,
            "sigmapsf": 0.09402699768543243,
            "magnr": 19.058000564575195,
            "sigmagnr": 0.10199999809265137,
            "magzpsci": 26.25149917602539,
            "isdiffpos": "t",
            "ssdistnr": null,
            "ssnamenr": null,
            "drb": null
        },
        {
            "candid": 2098440773915015000,
            "jd": 2459852.9407755,
            "ra": 67.0462149,
            "dec": -16.199721,
            "fid": 1,
            "nid": 2098,
            "magpsf": 19.2322998046875,
            "sigmapsf": 0.11466799676418304,
            "magnr": 19.69700050354004,
            "sigmagnr": 0.07800000160932541,
            "magzpsci": 26.218299865722656,
            "isdiffpos": "t",
            "ssdistnr": null,
            "ssnamenr": null,
            "drb": null
        },
        {
            "candid": 2098484803915015000,
            "jd": 2459852.9848032,
            "ra": 67.0462332,
            "dec": -16.1997302,
            "fid": 2,
            "nid": 2098,
            "magpsf": 18.95680046081543,
            "sigmapsf": 0.09946999698877335,
            "magnr": 19.058000564575195,
            "sigmagnr": 0.10199999809265137,
            "magzpsci": 26.28380012512207,
            "isdiffpos": "t",
            "ssdistnr": null,
            "ssnamenr": null,
            "drb": null
        },
        {
            "candid": 2101420473915015000,
            "jd": 2459855.9204745,
            "ra": 67.0462474,
            "dec": -16.1997408,
            "fid": 2,
            "nid": 2101,
            "magpsf": 19.008499145507812,
            "sigmapsf": 0.08262500166893005,
            "magnr": 19.058000564575195,
            "sigmagnr": 0.10199999809265137,
            "magzpsci": 26.247499465942383,
            "isdiffpos": "t",
            "ssdistnr": null,
            "ssnamenr": null,
            "drb": null
        },
        {
            "candid": 2101441363915015000,
            "jd": 2459855.9413657,
            "ra": 67.0461883,
            "dec": -16.1997361,
            "fid": 1,
            "nid": 2101,
            "magpsf": 19.49169921875,
            "sigmapsf": 0.10495799779891968,
            "magnr": 19.69700050354004,
            "sigmagnr": 0.07800000160932541,
            "magzpsci": 26.170700073242188,
            "isdiffpos": "t",
            "ssdistnr": null,
            "ssnamenr": null,
            "drb": null
        },
        {
            "candid": 2103401853915015001,
            "jd": 2459857.9018519,
            "ra": 67.0462126,
            "dec": -16.1997189,
            "fid": 2,
            "nid": 2103,
            "magpsf": 19.09779930114746,
            "sigmapsf": 0.0968869999051094,
            "magnr": 19.058000564575195,
            "sigmagnr": 0.10199999809265137,
            "magzpsci": 26.21980094909668,
            "isdiffpos": "t",
            "ssdistnr": null,
            "ssnamenr": null,
            "drb": null
        },
        {
            "candid": 2103440423915015004,
            "jd": 2459857.9404282,
            "ra": 67.0463141,
            "dec": -16.199696,
            "fid": 1,
            "nid": 2103,
            "magpsf": 19.670000076293945,
            "sigmapsf": 0.19982600212097168,
            "magnr": 19.69700050354004,
            "sigmagnr": 0.07800000160932541,
            "magzpsci": 26.177000045776367,
            "isdiffpos": "t",
            "ssdistnr": null,
            "ssnamenr": null,
            "drb": null
        },
        {
            "candid": 2106418283915015003,
            "jd": 2459860.918287,
            "ra": 67.0462225,
            "dec": -16.1997407,
            "fid": 2,
            "nid": 2106,
            "magpsf": 19.13920021057129,
            "sigmapsf": 0.16332300007343292,
            "magnr": 19.058000564575195,
            "sigmagnr": 0.10199999809265137,
            "magzpsci": 26.270200729370117,
            "isdiffpos": "t",
            "ssdistnr": null,
            "ssnamenr": null,
            "drb": null
        },
        {
            "candid": 2108440243915015001,
            "jd": 2459862.9402431,
            "ra": 67.0462758,
            "dec": -16.1996826,
            "fid": 2,
            "nid": 2108,
            "magpsf": 19.25589942932129,
            "sigmapsf": 0.2150759994983673,
            "magnr": 19.058000564575195,
            "sigmagnr": 0.10199999809265137,
            "magzpsci": 26.2908992767334,
            "isdiffpos": "t",
            "ssdistnr": null,
            "ssnamenr": null,
            "drb": null
        },
        {
            "candid": 2110372853915015000,
            "jd": 2459864.8728588,
            "ra": 67.046323,
            "dec": -16.199751,
            "fid": 2,
            "nid": 2110,
            "magpsf": 19.157699584960938,
            "sigmapsf": 0.16597899794578552,
            "magnr": 19.058000564575195,
            "sigmagnr": 0.10199999809265137,
            "magzpsci": 26.20669937133789,
            "isdiffpos": "t",
            "ssdistnr": null,
            "ssnamenr": null,
            "drb": null
        },
        {
            "candid": 2112376603915015000,
            "jd": 2459866.8766088,
            "ra": 67.0462888,
            "dec": -16.1997126,
            "fid": 2,
            "nid": 2112,
            "magpsf": 19.373600006103516,
            "sigmapsf": 0.1612360030412674,
            "magnr": 19.058000564575195,
            "sigmagnr": 0.10199999809265137,
            "magzpsci": 26.268600463867188,
            "isdiffpos": "t",
            "ssdistnr": null,
            "ssnamenr": null,
            "drb": null
        },
        {
            "candid": 2115365783915015000,
            "jd": 2459869.865787,
            "ra": 67.0462327,
            "dec": -16.1996778,
            "fid": 2,
            "nid": 2115,
            "magpsf": 19.373899459838867,
            "sigmapsf": 0.16261699795722961,
            "magnr": 19.058000564575195,
            "sigmagnr": 0.10199999809265137,
            "magzpsci": 26.245899200439453,
            "isdiffpos": "t",
            "ssdistnr": null,
            "ssnamenr": null,
            "drb": null
        },
        {
            "candid": 2124336823915015003,
            "jd": 2459878.8368287,
            "ra": 67.0462516,
            "dec": -16.199749,
            "fid": 2,
            "nid": 2124,
            "magpsf": 19.92591667175293,
            "sigmapsf": 0.2148510068655014,
            "magnr": 19.058000564575195,
            "sigmagnr": 0.10199999809265137,
            "magzpsci": 26.2589168548584,
            "isdiffpos": "t",
            "ssdistnr": -999.0,
            "ssnamenr": "null",
            "drb": null
        },
        {
            "jd": 2459819.9450694,
            "fid": 1,
            "diffmaglim": 20.040800094604492
        },
        {
            "jd": 2459860.9795023,
            "fid": 1,
            "diffmaglim": 19.45669937133789
        },
        {
            "jd": 2459862.9065046,
            "fid": 1,
            "diffmaglim": 18.983800888061523
        },
        {
            "jd": 2459864.9182292,
            "fid": 1,
            "diffmaglim": 18.994800567626953
        },
        {
            "jd": 2459866.9395718,
            "fid": 1,
            "diffmaglim": 19.530500411987305
        },
        {
            "jd": 2459869.8969792,
            "fid": 1,
            "diffmaglim": 19.773300170898438
        },
        {
            "jd": 2459871.8767593,
            "fid": 1,
            "diffmaglim": 19.848100662231445
        },
        {
            "jd": 2459873.915544,
            "fid": 1,
            "diffmaglim": 18.870800018310547
        },
        {
            "jd": 2459873.9601736,
            "fid": 2,
            "diffmaglim": 20.082599639892578
        },
        {
            "jd": 2459876.8983102,
            "fid": 2,
            "diffmaglim": 19.716800689697266
        },
        {
            "jd": 2459876.9209606,
            "fid": 1,
            "diffmaglim": 19.771099090576172
        }
    ],
    "forcedphot": []
}