{
    "objectId": "ZTF24abvtjkg",
    "candidates": [
        {
            "candid": 2892109231115015015,
            "jd": 2460646.6092361,
            "ra": 1.0419852,
            "dec": -20.5642988,
            "fid": 1,
            "nid": 2892,
            "magpsf": 20.41710090637207,
            "sigmapsf": 0.3163920044898987,
            "magnr": 19.058000564575195,
            "sigmagnr": 0.07699999958276749,
            "magzpsci": 26.306100845336914,
            "isdiffpos": "t",
            "ssdistnr": null,
            "ssnamenr": null,
            "drb": null
        },
        {
            "candid": 2894168715615015001,
            "jd": 2460648.6687153,
            "ra": 1.0419958,
            "dec": -20.564519,
            "fid": 1,
            "nid": 2894,
            "magpsf": 19.43120002746582,
            "sigmapsf": 0.16509300470352173,
            "magnr": 19.113000869750977,
            "sigmagnr": 0.07199999690055847,
            "magzpsci": 26.169200897216797,
            "isdiffpos": "t",
            "ssdistnr": null,
            "ssnamenr": null,
            "drb": null
        },
        {
            "candid": 2895189885615015001,
            "jd": 2460649.6898843,
            "ra": 1.0420263,
            "dec": -20.5644577,
            "fid": 1,
            "nid": 2895,
            "magpsf": 19.51289939880371,
            "sigmapsf": 0.13837000727653503,
            "magnr": 19.113000869750977,
            "sigmagnr": 0.07199999690055847,
            "magzpsci": 26.173900604248047,
            "isdiffpos": "t",
            "ssdistnr": null,
            "ssnamenr": null,
            "drb": null
        },
        {
            "candid": 2897191865615015001,
            "jd": 2460651.6918634,
            "ra": 1.0419806,
            "dec": -20.5645276,
            "fid": 1,
            "nid": 2897,
            "magpsf": 18.97599983215332,
            "sigmapsf": 0.16002300381660461,
            "magnr": 19.113000869750977,
            "sigmagnr": 0.07199999690055847,
            "magzpsci": 26.158000946044922,
            "isdiffpos": "t",
            "ssdistnr": null,
            "ssnamenr": null,
            "drb": null
        },
        {
            "candid": 2898105985615015000,
            "jd": 2460652.6059838,
            "ra": 1.0420184,
            "dec": -20.5644731,
            "fid": 1,
            "nid": 2898,
            "magpsf": 18.83690071105957,
            "sigmapsf": 0.11314699798822403,
            "magnr": 19.113000869750977,
            "sigmagnr": 0.07199999690055847,
            "magzpsci": 26.23189926147461,
            "isdiffpos": "t",
            "ssdistnr": null,
            "ssnamenr": null,
            "drb": null
        },
        {
            "candid": 2898106451115015003,
            "jd": 2460652.6064583,
            "ra": 1.0420495,
            "dec": -20.5644621,
            "fid": 1,
            "nid": 2898,
            "magpsf": 18.80299949645996,
            "sigmapsf": 0.11672399938106537,
            "magnr": 19.058000564575195,
            "sigmagnr": 0.07699999958276749,
            "magzpsci": 26.28499984741211,
            "isdiffpos": "t",
            "ssdistnr": null,
            "ssnamenr": null,
            "drb": null
        },
        {
            "candid": 2899106145615015000,
            "jd": 2460653.6061458,
            "ra": 1.0419422,
            "dec": -20.5645085,
            "fid": 2,
            "nid": 2899,
            "magpsf": 18.887800216674805,
            "sigmapsf": 0.15224899351596832,
            "magnr": 19.10099983215332,
            "sigmagnr": 0.05700000002980232,
            "magzpsci": 26.065799713134766,
            "isdiffpos": "t",
            "ssdistnr": null,
            "ssnamenr": null,
            "drb": null
        },
        {
            "candid": 2899127455615015000,
            "jd": 2460653.6274537,
            "ra": 1.0419654,
            "dec": -20.5645125,
            "fid": 1,
            "nid": 2899,
            "magpsf": 18.68269920349121,
            "sigmapsf": 0.10673400014638901,
            "magnr": 19.113000869750977,
            "sigmagnr": 0.07199999690055847,
            "magzpsci": 26.246700286865234,
            "isdiffpos": "t",
            "ssdistnr": null,
            "ssnamenr": null,
            "drb": null
        },
        {
            "candid": 2900106385615015000,
            "jd": 2460654.6063889,
            "ra": 1.0418736,
            "dec": -20.564375,
            "fid": 1,
            "nid": 2900,
            "magpsf": 18.456600189208984,
            "sigmapsf": 0.16423499584197998,
            "magnr": 19.113000869750977,
            "sigmagnr": 0.07199999690055847,
            "magzpsci": 26.23259925842285,
            "isdiffpos": "t",
            "ssdistnr": null,
            "ssnamenr": null,
            "drb": null
        },
        {
            "candid": 2900106851115015002,
            "jd": 2460654.6068519,
            "ra": 1.0420431,
            "dec": -20.5643957,
            "fid": 1,
            "nid": 2900,
            "magpsf": 18.464399337768555,
            "sigmapsf": 0.13325700163841248,
            "magnr": 19.058000564575195,
            "sigmagnr": 0.07699999958276749,
            "magzpsci": 26.300399780273438,
            "isdiffpos": "t",
            "ssdistnr": null,
            "ssnamenr": null,
            "drb": null
        },
        {
            "candid": 2900127885615015000,
            "jd": 2460654.6278819,
            "ra": 1.0419218,
            "dec": -20.5645409,
            "fid": 2,
            "nid": 2900,
            "magpsf": 18.66790008544922,
            "sigmapsf": 0.16355399787425995,
            "magnr": 19.10099983215332,
            "sigmagnr": 0.05700000002980232,
            "magzpsci": 26.1919002532959,
            "isdiffpos": "t",
            "ssdistnr": null,
            "ssnamenr": null,
            "drb": null
        },
        {
            "candid": 2900149161115015016,
            "jd": 2460654.6491667,
            "ra": 1.0420447,
            "dec": -20.5645078,
            "fid": 2,
            "nid": 2900,
            "magpsf": 18.516399383544922,
            "sigmapsf": 0.15166600048542023,
            "magnr": 18.17799949645996,
            "sigmagnr": 0.07800000160932541,
            "magzpsci": 26.223400115966797,
            "isdiffpos": "t",
            "ssdistnr": null,
            "ssnamenr": null,
            "drb": null
        },
        {
            "candid": 2906119685615015000,
            "jd": 2460660.6196875,
            "ra": 1.0420015,
            "dec": -20.5644817,
            "fid": 1,
            "nid": 2906,
            "magpsf": 18.329299926757812,
            "sigmapsf": 0.09508900344371796,
            "magnr": 19.113000869750977,
            "sigmagnr": 0.07199999690055847,
            "magzpsci": 26.17930030822754,
            "isdiffpos": "t",
            "ssdistnr": null,
            "ssnamenr": null,
            "drb": null
        },
        {
            "candid": 2906192781115015002,
            "jd": 2460660.6927894,
            "ra": 1.0418858,
            "dec": -20.5643981,
            "fid": 1,
            "nid": 2906,
            "magpsf": 18.42799949645996,
            "sigmapsf": 0.1996700018644333,
            "magnr": 19.058000564575195,
            "sigmagnr": 0.07699999958276749,
            "magzpsci": 26.10700035095215,
            "isdiffpos": "t",
            "ssdistnr": null,
            "ssnamenr": null,
            "drb": null
        },
        {
            "candid": 2909087501115015005,
            "jd": 2460663.5875,
            "ra": 1.0419769,
            "dec": -20.5644737,
            "fid": 1,
            "nid": 2909,
            "magpsf": 18.422199249267578,
            "sigmapsf": 0.0926010012626648,
            "magnr": 19.058000564575195,
            "sigmagnr": 0.07699999958276749,
            "magzpsci": 26.30620002746582,
            "isdiffpos": "t",
            "ssdistnr": null,
            "ssnamenr": null,
            "drb": null
        },
        {
            "candid": 2909087965615015000,
            "jd": 2460663.587963,
            "ra": 1.0419513,
            "dec": -20.5645276,
            "fid": 1,
            "nid": 2909,
            "magpsf": 18.444799423217773,
            "sigmapsf": 0.08834700286388397,
            "magnr": 19.113000869750977,
            "sigmagnr": 0.07199999690055847,
            "magzpsci": 26.21380043029785,
            "isdiffpos": "t",
            "ssdistnr": null,
            "ssnamenr": null,
            "drb": null
        },
        {
            "candid": 2910109245615015000,
            "jd": 2460664.6092477,
            "ra": 1.0420138,
            "dec": -20.5644848,
            "fid": 1,
            "nid": 2910,
            "magpsf": 18.408599853515625,
            "sigmapsf": 0.08020500093698502,
            "magnr": 19.113000869750977,
            "sigmagnr": 0.07199999690055847,
            "magzpsci": 26.180599212646484,
            "isdiffpos": "t",
            "ssdistnr": null,
            "ssnamenr": null,
            "drb": null
        },
        {
            "candid": 2910109711115015006,
            "jd": 2460664.6097106,
            "ra": 1.0419725,
            "dec": -20.5644978,
            "fid": 1,
            "nid": 2910,
            "magpsf": 18.542400360107422,
            "sigmapsf": 0.09566400200128555,
            "magnr": 19.058000564575195,
            "sigmagnr": 0.07699999958276749,
            "magzpsci": 26.260400772094727,
            "isdiffpos": "t",
            "ssdistnr": null,
            "ssnamenr": null,
            "drb": null
        },
        {
            "candid": 2912107075615015000,
            "jd": 2460666.6070718,
            "ra": 1.0420008,
            "dec": -20.5645124,
            "fid": 1,
            "nid": 2912,
            "magpsf": 18.57469940185547,
            "sigmapsf": 0.0894559994339943,
            "magnr": 19.113000869750977,
            "sigmagnr": 0.07199999690055847,
            "magzpsci": 26.200700759887695,
            "isdiffpos": "t",
            "ssdistnr": null,
            "ssnamenr": null,
            "drb": null
        },
        {
            "candid": 2912119751115015005,
            "jd": 2460666.6197569,
            "ra": 1.0420006,
            "dec": -20.5645092,
            "fid": 1,
            "nid": 2912,
            "magpsf": 18.57159996032715,
            "sigmapsf": 0.0844699963927269,
            "magnr": 19.058000564575195,
            "sigmagnr": 0.07699999958276749,
            "magzpsci": 26.29759979248047,
            "isdiffpos": "t",
            "ssdistnr": null,
            "ssnamenr": null,
            "drb": null
        },
        {
            "candid": 2914109805615015000,
            "jd": 2460668.6098032,
            "ra": 1.0419893,
            "dec": -20.5644424,
            "fid": 1,
            "nid": 2914,
            "magpsf": 18.424299240112305,
            "sigmapsf": 0.22987499833106995,
            "magnr": 19.113000869750977,
            "sigmagnr": 0.07199999690055847,
            "magzpsci": 24.722299575805664,
            "isdiffpos": "t",
            "ssdistnr": null,
            "ssnamenr": null,
            "drb": null
        },
        {
            "candid": 2914110271115015004,
            "jd": 2460668.6102778,
            "ra": 1.042122,
            "dec": -20.5645363,
            "fid": 1,
            "nid": 2914,
            "magpsf": 18.83639907836914,
            "sigmapsf": 0.3303009867668152,
            "magnr": 19.058000564575195,
            "sigmagnr": 0.07699999958276749,
            "magzpsci": 24.973400115966797,
            "isdiffpos": "t",
            "ssdistnr": null,
            "ssnamenr": null,
            "drb": null
        },
        {
            "candid": 2918109541115015006,
            "jd": 2460672.6095486,
            "ra": 1.0420711,
            "dec": -20.5645494,
            "fid": 2,
            "nid": 2918,
            "magpsf": 18.757999420166016,
            "sigmapsf": 0.10831300169229507,
            "magnr": 18.17799949645996,
            "sigmagnr": 0.07800000160932541,
            "magzpsci": 26.21500015258789,
            "isdiffpos": "t",
            "ssdistnr": null,
            "ssnamenr": null,
            "drb": null
        },
        {
            "candid": 2918130061115015002,
            "jd": 2460672.6300694,
            "ra": 1.041979,
            "dec": -20.5645176,
            "fid": 1,
            "nid": 2918,
            "magpsf": 18.890499114990234,
            "sigmapsf": 0.21820400655269623,
            "magnr": 19.058000564575195,
            "sigmagnr": 0.07699999958276749,
            "magzpsci": 26.25149917602539,
            "isdiffpos": "t",
            "ssdistnr": null,
            "ssnamenr": null,
            "drb": null
        },
        {
            "candid": 2920093281115015008,
            "jd": 2460674.593287,
            "ra": 1.0419749,
            "dec": -20.5645617,
            "fid": 1,
            "nid": 2920,
            "magpsf": 19.217500686645508,
            "sigmapsf": 0.1327109932899475,
            "magnr": 19.058000564575195,
            "sigmagnr": 0.07699999958276749,
            "magzpsci": 26.316499710083008,
            "isdiffpos": "t",
            "ssdistnr": null,
            "ssnamenr": null,
            "drb": null
        },
        {
            "candid": 2924115555615015000,
            "jd": 2460678.6155556,
            "ra": 1.0420098,
            "dec": -20.5644807,
            "fid": 1,
            "nid": 2924,
            "magpsf": 19.418325424194336,
            "sigmapsf": 0.14325784146785736,
            "magnr": 19.113000869750977,
            "sigmagnr": 0.07199999690055847,
            "magzpsci": 26.157325744628906,
            "isdiffpos": "t",
            "ssdistnr": -999.0,
            "ssnamenr": "null",
            "drb": null
        },
        {
            "jd": 2460619.6896759,
            "fid": 1,
            "diffmaglim": 19.700700759887695
        },
        {
            "jd": 2460619.690625,
            "fid": 1,
            "diffmaglim": 19.768699645996094
        },
        {
            "jd": 2460620.6889005,
            "fid": 1,
            "diffmaglim": 19.33810043334961
        },
        {
            "jd": 2460620.7853241,
            "fid": 1,
            "diffmaglim": 18.760299682617188
        },
        {
            "jd": 2460622.6677431,
            "fid": 2,
            "diffmaglim": 19.439699172973633
        },
        {
            "jd": 2460622.6895833,
            "fid": 1,
            "diffmaglim": 19.674299240112305
        },
        {
            "jd": 2460622.6900463,
            "fid": 1,
            "diffmaglim": 19.54439926147461
        },
        {
            "jd": 2460623.6073843,
            "fid": 1,
            "diffmaglim": 19.44219970703125
        },
        {
            "jd": 2460623.6471991,
            "fid": 2,
            "diffmaglim": 19.571199417114258
        },
        {
            "jd": 2460623.6476736,
            "fid": 2,
            "diffmaglim": 19.587400436401367
        },
        {
            "jd": 2460623.6896759,
            "fid": 1,
            "diffmaglim": 19.685100555419922
        },
        {
            "jd": 2460625.6474653,
            "fid": 2,
            "diffmaglim": 19.399999618530273
        },
        {
            "jd": 2460625.6694097,
            "fid": 1,
            "diffmaglim": 19.23780059814453
        },
        {
            "jd": 2460626.6685648,
            "fid": 2,
            "diffmaglim": 18.766399383544922
        },
        {
            "jd": 2460626.7113194,
            "fid": 1,
            "diffmaglim": 18.8518009185791
        },
        {
            "jd": 2460627.6683681,
            "fid": 1,
            "diffmaglim": 18.55459976196289
        },
        {
            "jd": 2460627.7308102,
            "fid": 2,
            "diffmaglim": 18.875200271606445
        },
        {
            "jd": 2460628.6897801,
            "fid": 1,
            "diffmaglim": 19.055400848388672
        },
        {
            "jd": 2460628.6902546,
            "fid": 1,
            "diffmaglim": 18.965099334716797
        },
        {
            "jd": 2460629.689456,
            "fid": 1,
            "diffmaglim": 18.990699768066406
        },
        {
            "jd": 2460629.7128009,
            "fid": 2,
            "diffmaglim": 18.966800689697266
        },
        {
            "jd": 2460632.6266782,
            "fid": 1,
            "diffmaglim": 18.91990089416504
        },
        {
            "jd": 2460632.6280903,
            "fid": 1,
            "diffmaglim": 19.44659996032715
        },
        {
            "jd": 2460634.712419,
            "fid": 2,
            "diffmaglim": 17.142000198364258
        },
        {
            "jd": 2460634.7272454,
            "fid": 2,
            "diffmaglim": 19.35059928894043
        },
        {
            "jd": 2460634.7320023,
            "fid": 1,
            "diffmaglim": 19.145200729370117
        },
        {
            "jd": 2460634.7324769,
            "fid": 1,
            "diffmaglim": 19.119800567626953
        },
        {
            "jd": 2460635.7702662,
            "fid": 2,
            "diffmaglim": 18.89259910583496
        },
        {
            "jd": 2460637.6898264,
            "fid": 2,
            "diffmaglim": 19.98069953918457
        },
        {
            "jd": 2460637.6903009,
            "fid": 2,
            "diffmaglim": 19.95829963684082
        },
        {
            "jd": 2460637.7105324,
            "fid": 1,
            "diffmaglim": 20.022300720214844
        },
        {
            "jd": 2460637.7110069,
            "fid": 1,
            "diffmaglim": 19.77560043334961
        },
        {
            "jd": 2460639.6901968,
            "fid": 1,
            "diffmaglim": 19.826900482177734
        },
        {
            "jd": 2460639.7523495,
            "fid": 1,
            "diffmaglim": 18.13279914855957
        },
        {
            "jd": 2460640.6479745,
            "fid": 2,
            "diffmaglim": 19.98940086364746
        },
        {
            "jd": 2460640.6637153,
            "fid": 2,
            "diffmaglim": 20.15089988708496
        },
        {
            "jd": 2460644.6255324,
            "fid": 2,
            "diffmaglim": 19.97010040283203
        },
        {
            "jd": 2460644.6260069,
            "fid": 2,
            "diffmaglim": 20.128299713134766
        },
        {
            "jd": 2460646.6097106,
            "fid": 1,
            "diffmaglim": 20.129100799560547
        },
        {
            "jd": 2460648.6484259,
            "fid": 2,
            "diffmaglim": 20.144100189208984
        },
        {
            "jd": 2460649.7112153,
            "fid": 2,
            "diffmaglim": 19.91819953918457
        },
        {
            "jd": 2460650.7325347,
            "fid": 2,
            "diffmaglim": 19.64739990234375
        },
        {
            "jd": 2460652.6291319,
            "fid": 2,
            "diffmaglim": 19.63249969482422
        },
        {
            "jd": 2460652.6295949,
            "fid": 2,
            "diffmaglim": 19.593399047851562
        },
        {
            "jd": 2460660.647037,
            "fid": 2,
            "diffmaglim": 19.054500579833984
        },
        {
            "jd": 2460660.6752546,
            "fid": 2,
            "diffmaglim": 19.058500289916992
        },
        {
            "jd": 2460663.6061806,
            "fid": 2,
            "diffmaglim": 19.732799530029297
        },
        {
            "jd": 2460664.6277778,
            "fid": 2,
            "diffmaglim": 19.8439998626709
        },
        {
            "jd": 2460664.6400694,
            "fid": 2,
            "diffmaglim": 19.975500106811523
        },
        {
            "jd": 2460666.6301157,
            "fid": 2,
            "diffmaglim": 19.641199111938477
        },
        {
            "jd": 2460666.6305903,
            "fid": 2,
            "diffmaglim": 19.765899658203125
        },
        {
            "jd": 2460671.6062153,
            "fid": 2,
            "diffmaglim": 15.657699584960938
        },
        {
            "jd": 2460673.5907639,
            "fid": 1,
            "diffmaglim": 18.72920036315918
        },
        {
            "jd": 2460673.6062731,
            "fid": 2,
            "diffmaglim": 19.191699981689453
        },
        {
            "jd": 2460674.6562037,
            "fid": 2,
            "diffmaglim": 19.749900817871094
        },
        {
            "jd": 2460675.6273727,
            "fid": 2,
            "diffmaglim": 19.72089958190918
        },
        {
            "jd": 2460677.6061227,
            "fid": 2,
            "diffmaglim": 19.8174991607666
        },
        {
            "jd": 2460677.6065972,
            "fid": 2,
            "diffmaglim": 19.69809913635254
        },
        {
            "jd": 2460678.5920718,
            "fid": 2,
            "diffmaglim": 19.573299407958984
        }
    ],
    "forcedphot": [
        {
            "objectid": "ZTF24abvtjkg",
            "jd": 2460619.690625,
            "ranr": 1.0413532,
            "decnr": -20.5646431,
            "fid": 1,
            "forcediffimflux": -6.458215713500977,
            "forcediffimfluxunc": 48.38960647583008,
            "magzpsci": 26.30769920349121
        },
        {
            "objectid": "ZTF24abvtjkg",
            "jd": 2460620.7853241,
            "ranr": 1.0413532,
            "decnr": -20.5646431,
            "fid": 1,
            "forcediffimflux": -93.39425659179688,
            "forcediffimfluxunc": 69.32350158691406,
            "magzpsci": 25.65530014038086
        },
        {
            "objectid": "ZTF24abvtjkg",
            "jd": 2460622.6677431,
            "ranr": -99999.0,
            "decnr": -99999.0,
            "fid": 2,
            "forcediffimflux": -99999.0,
            "forcediffimfluxunc": -99999.0,
            "magzpsci": 26.192800521850586
        },
        {
            "objectid": "ZTF24abvtjkg",
            "jd": 2460622.6900463,
            "ranr": 1.0413532,
            "decnr": -20.5646431,
            "fid": 1,
            "forcediffimflux": 147.27801513671875,
            "forcediffimfluxunc": 57.6418342590332,
            "magzpsci": 26.312599182128906
        },
        {
            "objectid": "ZTF24abvtjkg",
            "jd": 2460623.6476736,
            "ranr": 1.041931,
            "decnr": -20.5641362,
            "fid": 2,
            "forcediffimflux": -126.62556457519531,
            "forcediffimfluxunc": 59.668216705322266,
            "magzpsci": 26.200899124145508
        },
        {
            "objectid": "ZTF24abvtjkg",
            "jd": 2460623.6896759,
            "ranr": 1.041825,
            "decnr": -20.5641377,
            "fid": 1,
            "forcediffimflux": 36.840118408203125,
            "forcediffimfluxunc": 59.17509078979492,
            "magzpsci": 26.225400924682617
        },
        {
            "objectid": "ZTF24abvtjkg",
            "jd": 2460625.6474653,
            "ranr": 1.0414257,
            "decnr": -20.5645149,
            "fid": 2,
            "forcediffimflux": -18.219257354736328,
            "forcediffimfluxunc": 61.206031799316406,
            "magzpsci": 26.17449951171875
        },
        {
            "objectid": "ZTF24abvtjkg",
            "jd": 2460625.6694097,
            "ranr": 1.041825,
            "decnr": -20.5641377,
            "fid": 1,
            "forcediffimflux": -173.75982666015625,
            "forcediffimfluxunc": 90.57113647460938,
            "magzpsci": 26.233200073242188
        },
        {
            "objectid": "ZTF24abvtjkg",
            "jd": 2460626.6685648,
            "ranr": -99999.0,
            "decnr": -99999.0,
            "fid": 2,
            "forcediffimflux": -99999.0,
            "forcediffimfluxunc": -99999.0,
            "magzpsci": 26.18829917907715
        },
        {
            "objectid": "ZTF24abvtjkg",
            "jd": 2460626.7113194,
            "ranr": -99999.0,
            "decnr": -99999.0,
            "fid": 1,
            "forcediffimflux": -99999.0,
            "forcediffimfluxunc": -99999.0,
            "magzpsci": 26.217599868774414
        },
        {
            "objectid": "ZTF24abvtjkg",
            "jd": 2460627.6683681,
            "ranr": 1.0413532,
            "decnr": -20.5646431,
            "fid": 1,
            "forcediffimflux": 339.85638427734375,
            "forcediffimfluxunc": 158.01724243164062,
            "magzpsci": 26.3080997467041
        },
        {
            "objectid": "ZTF24abvtjkg",
            "jd": 2460627.7308102,
            "ranr": 1.041931,
            "decnr": -20.5641362,
            "fid": 2,
            "forcediffimflux": 12.110008239746094,
            "forcediffimfluxunc": 112.62274932861328,
            "magzpsci": 26.22640037536621
        },
        {
            "objectid": "ZTF24abvtjkg",
            "jd": 2460628.6902546,
            "ranr": 1.0413532,
            "decnr": -20.5646431,
            "fid": 1,
            "forcediffimflux": -157.0550994873047,
            "forcediffimfluxunc": 97.02051544189453,
            "magzpsci": 26.312000274658203
        },
        {
            "objectid": "ZTF24abvtjkg",
            "jd": 2460629.689456,
            "ranr": -99999.0,
            "decnr": -99999.0,
            "fid": 1,
            "forcediffimflux": -99999.0,
            "forcediffimfluxunc": -99999.0,
            "magzpsci": 26.24049949645996
        },
        {
            "objectid": "ZTF24abvtjkg",
            "jd": 2460629.7128009,
            "ranr": 1.041931,
            "decnr": -20.5641362,
            "fid": 2,
            "forcediffimflux": -55.09205627441406,
            "forcediffimfluxunc": 99.67381286621094,
            "magzpsci": 26.21769905090332
        },
        {
            "objectid": "ZTF24abvtjkg",
            "jd": 2460632.6280903,
            "ranr": 1.0418802,
            "decnr": -20.5641621,
            "fid": 1,
            "forcediffimflux": 63.02001190185547,
            "forcediffimfluxunc": 62.344024658203125,
            "magzpsci": 26.17650032043457
        },
        {
            "objectid": "ZTF24abvtjkg",
            "jd": 2460634.7272454,
            "ranr": -99999.0,
            "decnr": -99999.0,
            "fid": 2,
            "forcediffimflux": -99999.0,
            "forcediffimfluxunc": -99999.0,
            "magzpsci": 26.1072998046875
        },
        {
            "objectid": "ZTF24abvtjkg",
            "jd": 2460634.7324769,
            "ranr": -99999.0,
            "decnr": -99999.0,
            "fid": 1,
            "forcediffimflux": -99999.0,
            "forcediffimfluxunc": -99999.0,
            "magzpsci": 26.23740005493164
        },
        {
            "objectid": "ZTF24abvtjkg",
            "jd": 2460637.6903009,
            "ranr": 1.041931,
            "decnr": -20.5641362,
            "fid": 2,
            "forcediffimflux": -7.264508247375488,
            "forcediffimfluxunc": 41.454376220703125,
            "magzpsci": 26.242900848388672
        },
        {
            "objectid": "ZTF24abvtjkg",
            "jd": 2460637.7110069,
            "ranr": 1.0413532,
            "decnr": -20.5646431,
            "fid": 1,
            "forcediffimflux": 51.59231185913086,
            "forcediffimfluxunc": 44.07846450805664,
            "magzpsci": 26.293899536132812
        },
        {
            "objectid": "ZTF24abvtjkg",
            "jd": 2460639.6901968,
            "ranr": -99999.0,
            "decnr": -99999.0,
            "fid": 1,
            "forcediffimflux": -99999.0,
            "forcediffimfluxunc": -99999.0,
            "magzpsci": 26.206899642944336
        },
        {
            "objectid": "ZTF24abvtjkg",
            "jd": 2460640.6637153,
            "ranr": 1.041931,
            "decnr": -20.5641362,
            "fid": 2,
            "forcediffimflux": 46.99910354614258,
            "forcediffimfluxunc": 32.95603561401367,
            "magzpsci": 26.22369956970215
        },
        {
            "objectid": "ZTF24abvtjkg",
            "jd": 2460644.6260069,
            "ranr": 1.041931,
            "decnr": -20.5641362,
            "fid": 2,
            "forcediffimflux": 97.93415832519531,
            "forcediffimfluxunc": 37.74324035644531,
            "magzpsci": 26.236099243164062
        },
        {
            "objectid": "ZTF24abvtjkg",
            "jd": 2460646.6097106,
            "ranr": -99999.0,
            "decnr": -99999.0,
            "fid": 1,
            "forcediffimflux": -99999.0,
            "forcediffimfluxunc": -99999.0,
            "magzpsci": 26.202899932861328
        },
        {
            "objectid": "ZTF24abvtjkg",
            "jd": 2460648.6484259,
            "ranr": 1.041931,
            "decnr": -20.5641362,
            "fid": 2,
            "forcediffimflux": 423.2931213378906,
            "forcediffimfluxunc": 35.23843002319336,
            "magzpsci": 26.177000045776367
        },
        {
            "objectid": "ZTF24abvtjkg",
            "jd": 2460648.6687153,
            "ranr": 1.041825,
            "decnr": -20.5641377,
            "fid": 1,
            "forcediffimflux": 491.43096923828125,
            "forcediffimfluxunc": 39.17501449584961,
            "magzpsci": 26.169200897216797
        },
        {
            "objectid": "ZTF24abvtjkg",
            "jd": 2460649.6898843,
            "ranr": 1.041825,
            "decnr": -20.5641377,
            "fid": 1,
            "forcediffimflux": 474.3486633300781,
            "forcediffimfluxunc": 42.924072265625,
            "magzpsci": 26.173900604248047
        },
        {
            "objectid": "ZTF24abvtjkg",
            "jd": 2460649.7112153,
            "ranr": 1.0414257,
            "decnr": -20.5645149,
            "fid": 2,
            "forcediffimflux": 464.50506591796875,
            "forcediffimfluxunc": 43.688987731933594,
            "magzpsci": 26.134700775146484
        },
        {
            "objectid": "ZTF24abvtjkg",
            "jd": 2460650.7325347,
            "ranr": -99999.0,
            "decnr": -99999.0,
            "fid": 2,
            "forcediffimflux": -99999.0,
            "forcediffimfluxunc": -99999.0,
            "magzpsci": 26.114700317382812
        },
        {
            "objectid": "ZTF24abvtjkg",
            "jd": 2460651.6918634,
            "ranr": 1.041825,
            "decnr": -20.5641377,
            "fid": 1,
            "forcediffimflux": 686.4368896484375,
            "forcediffimfluxunc": 78.4197006225586,
            "magzpsci": 26.158000946044922
        },
        {
            "objectid": "ZTF24abvtjkg",
            "jd": 2460652.6059838,
            "ranr": 1.041825,
            "decnr": -20.5641377,
            "fid": 1,
            "forcediffimflux": 925.6140747070312,
            "forcediffimfluxunc": 55.3751106262207,
            "magzpsci": 26.23189926147461
        },
        {
            "objectid": "ZTF24abvtjkg",
            "jd": 2460652.6064583,
            "ranr": -99999.0,
            "decnr": -99999.0,
            "fid": 1,
            "forcediffimflux": -99999.0,
            "forcediffimfluxunc": -99999.0,
            "magzpsci": 26.264400482177734
        },
        {
            "objectid": "ZTF24abvtjkg",
            "jd": 2460652.6295949,
            "ranr": -99999.0,
            "decnr": -99999.0,
            "fid": 2,
            "forcediffimflux": -99999.0,
            "forcediffimfluxunc": -99999.0,
            "magzpsci": 26.208999633789062
        },
        {
            "objectid": "ZTF24abvtjkg",
            "jd": 2460653.6061458,
            "ranr": 1.0414257,
            "decnr": -20.5645149,
            "fid": 2,
            "forcediffimflux": 716.7125854492188,
            "forcediffimfluxunc": 79.27291870117188,
            "magzpsci": 26.065799713134766
        },
        {
            "objectid": "ZTF24abvtjkg",
            "jd": 2460653.6274537,
            "ranr": 1.041825,
            "decnr": -20.5641377,
            "fid": 1,
            "forcediffimflux": 1038.1864013671875,
            "forcediffimfluxunc": 73.96746063232422,
            "magzpsci": 26.246700286865234
        },
        {
            "objectid": "ZTF24abvtjkg",
            "jd": 2460654.6068519,
            "ranr": 1.0413532,
            "decnr": -20.5646431,
            "fid": 1,
            "forcediffimflux": 1146.2421875,
            "forcediffimfluxunc": 108.80802917480469,
            "magzpsci": 26.300399780273438
        },
        {
            "objectid": "ZTF24abvtjkg",
            "jd": 2460654.6278819,
            "ranr": -99999.0,
            "decnr": -99999.0,
            "fid": 2,
            "forcediffimflux": -99999.0,
            "forcediffimfluxunc": -99999.0,
            "magzpsci": 26.196500778198242
        },
        {
            "objectid": "ZTF24abvtjkg",
            "jd": 2460654.6491667,
            "ranr": 1.041931,
            "decnr": -20.5641362,
            "fid": 2,
            "forcediffimflux": 1191.8790283203125,
            "forcediffimfluxunc": 105.79434204101562,
            "magzpsci": 26.223400115966797
        },
        {
            "objectid": "ZTF24abvtjkg",
            "jd": 2460660.6196875,
            "ranr": -99999.0,
            "decnr": -99999.0,
            "fid": 1,
            "forcediffimflux": -99999.0,
            "forcediffimfluxunc": -99999.0,
            "magzpsci": 26.18560028076172
        },
        {
            "objectid": "ZTF24abvtjkg",
            "jd": 2460660.6752546,
            "ranr": 1.041931,
            "decnr": -20.5641362,
            "fid": 2,
            "forcediffimflux": 1079.281494140625,
            "forcediffimfluxunc": 79.619873046875,
            "magzpsci": 26.093700408935547
        },
        {
            "objectid": "ZTF24abvtjkg",
            "jd": 2460660.6927894,
            "ranr": -99999.0,
            "decnr": -99999.0,
            "fid": 1,
            "forcediffimflux": -99999.0,
            "forcediffimfluxunc": -99999.0,
            "magzpsci": 26.108999252319336
        },
        {
            "objectid": "ZTF24abvtjkg",
            "jd": 2460663.5875,
            "ranr": -99999.0,
            "decnr": -99999.0,
            "fid": 1,
            "forcediffimflux": -99999.0,
            "forcediffimfluxunc": -99999.0,
            "magzpsci": 26.2903995513916
        },
        {
            "objectid": "ZTF24abvtjkg",
            "jd": 2460663.587963,
            "ranr": 1.041825,
            "decnr": -20.5641377,
            "fid": 1,
            "forcediffimflux": 1247.6236572265625,
            "forcediffimfluxunc": 60.46271896362305,
            "magzpsci": 26.21380043029785
        },
        {
            "objectid": "ZTF24abvtjkg",
            "jd": 2460663.6061806,
            "ranr": 1.041931,
            "decnr": -20.5641362,
            "fid": 2,
            "forcediffimflux": 1253.1429443359375,
            "forcediffimfluxunc": 52.7450065612793,
            "magzpsci": 26.221200942993164
        },
        {
            "objectid": "ZTF24abvtjkg",
            "jd": 2460664.6092477,
            "ranr": -99999.0,
            "decnr": -99999.0,
            "fid": 1,
            "forcediffimflux": -99999.0,
            "forcediffimfluxunc": -99999.0,
            "magzpsci": 26.184799194335938
        },
        {
            "objectid": "ZTF24abvtjkg",
            "jd": 2460664.6097106,
            "ranr": -99999.0,
            "decnr": -99999.0,
            "fid": 1,
            "forcediffimflux": -99999.0,
            "forcediffimfluxunc": -99999.0,
            "magzpsci": 26.24650001525879
        },
        {
            "objectid": "ZTF24abvtjkg",
            "jd": 2460664.6400694,
            "ranr": -99999.0,
            "decnr": -99999.0,
            "fid": 2,
            "forcediffimflux": -99999.0,
            "forcediffimfluxunc": -99999.0,
            "magzpsci": 26.186899185180664
        },
        {
            "objectid": "ZTF24abvtjkg",
            "jd": 2460666.6070718,
            "ranr": 1.041825,
            "decnr": -20.5641377,
            "fid": 1,
            "forcediffimflux": 1106.1871337890625,
            "forcediffimfluxunc": 50.87799835205078,
            "magzpsci": 26.200700759887695
        },
        {
            "objectid": "ZTF24abvtjkg",
            "jd": 2460666.6197569,
            "ranr": -99999.0,
            "decnr": -99999.0,
            "fid": 1,
            "forcediffimflux": -99999.0,
            "forcediffimfluxunc": -99999.0,
            "magzpsci": 26.252899169921875
        },
        {
            "objectid": "ZTF24abvtjkg",
            "jd": 2460666.6305903,
            "ranr": 1.0414257,
            "decnr": -20.5645149,
            "fid": 2,
            "forcediffimflux": 1031.0174560546875,
            "forcediffimfluxunc": 52.21261215209961,
            "magzpsci": 26.10919952392578
        },
        {
            "objectid": "ZTF24abvtjkg",
            "jd": 2460672.6095486,
            "ranr": 1.041931,
            "decnr": -20.5641362,
            "fid": 2,
            "forcediffimflux": 933.8116455078125,
            "forcediffimfluxunc": 65.9310302734375,
            "magzpsci": 26.21500015258789
        },
        {
            "objectid": "ZTF24abvtjkg",
            "jd": 2460672.6300694,
            "ranr": -99999.0,
            "decnr": -99999.0,
            "fid": 1,
            "forcediffimflux": -99999.0,
            "forcediffimfluxunc": -99999.0,
            "magzpsci": 26.23150062561035
        },
        {
            "objectid": "ZTF24abvtjkg",
            "jd": 2460673.5907639,
            "ranr": 1.041825,
            "decnr": -20.5641377,
            "fid": 1,
            "forcediffimflux": 367.0760192871094,
            "forcediffimfluxunc": 76.64653778076172,
            "magzpsci": 25.676300048828125
        },
        {
            "objectid": "ZTF24abvtjkg",
            "jd": 2460673.6062731,
            "ranr": 1.0414257,
            "decnr": -20.5645149,
            "fid": 2,
            "forcediffimflux": 748.6586303710938,
            "forcediffimfluxunc": 72.9464340209961,
            "magzpsci": 25.995800018310547
        },
        {
            "objectid": "ZTF24abvtjkg",
            "jd": 2460674.593287,
            "ranr": -99999.0,
            "decnr": -99999.0,
            "fid": 1,
            "forcediffimflux": -99999.0,
            "forcediffimfluxunc": -99999.0,
            "magzpsci": 26.288299560546875
        },
        {
            "objectid": "ZTF24abvtjkg",
            "jd": 2460674.6562037,
            "ranr": 1.041931,
            "decnr": -20.5641362,
            "fid": 2,
            "forcediffimflux": 764.1058959960938,
            "forcediffimfluxunc": 47.338871002197266,
            "magzpsci": 26.18560028076172
        },
        {
            "objectid": "ZTF24abvtjkg",
            "jd": 2460675.6273727,
            "ranr": 1.0414257,
            "decnr": -20.5645149,
            "fid": 2,
            "forcediffimflux": 746.4431762695312,
            "forcediffimfluxunc": 56.08267593383789,
            "magzpsci": 26.148099899291992
        },
        {
            "objectid": "ZTF24abvtjkg",
            "jd": 2460677.6065972,
            "ranr": 1.041931,
            "decnr": -20.5641362,
            "fid": 2,
            "forcediffimflux": 657.7469482421875,
            "forcediffimfluxunc": 51.85634994506836,
            "magzpsci": 26.190900802612305
        },
        {
            "objectid": "ZTF24abvtjkg",
            "jd": 2460678.5920718,
            "ranr": 1.0414257,
            "decnr": -20.5645149,
            "fid": 2,
            "forcediffimflux": 601.1744995117188,
            "forcediffimfluxunc": 50.98243713378906,
            "magzpsci": 26.04599952697754
        }
    ]
}