{
    "objectId": "ZTF20acjlkpe",
    "candidates": [
        {
            "candid": 1383216404215015002,
            "jd": 2459137.7164005,
            "ra": 288.9194295,
            "dec": 55.6646365,
            "fid": 1,
            "nid": 1383,
            "magpsf": 19.856300354003906,
            "sigmapsf": 0.19783399999141693,
            "magnr": 17.56800079345703,
            "sigmagnr": 0.04399999976158142,
            "magzpsci": 26.066299438476562,
            "isdiffpos": "t",
            "ssdistnr": -999.0,
            "ssnamenr": "null",
            "drb": 0.9991400241851807
        },
        {
            "candid": 1385181004215015002,
            "jd": 2459139.6810069,
            "ra": 288.919517,
            "dec": 55.6646765,
            "fid": 1,
            "nid": 1385,
            "magpsf": 19.090999603271484,
            "sigmapsf": 0.12447900325059891,
            "magnr": 17.56800079345703,
            "sigmagnr": 0.04399999976158142,
            "magzpsci": 26.267000198364258,
            "isdiffpos": "t",
            "ssdistnr": -999.0,
            "ssnamenr": "null",
            "drb": 0.9999930262565613
        },
        {
            "candid": 1385238054215015004,
            "jd": 2459139.7380556,
            "ra": 288.919371,
            "dec": 55.6646406,
            "fid": 2,
            "nid": 1385,
            "magpsf": 19.087099075317383,
            "sigmapsf": 0.16539399325847626,
            "magnr": 16.711000442504883,
            "sigmagnr": 0.05299999937415123,
            "magzpsci": 26.2460994720459,
            "isdiffpos": "t",
            "ssdistnr": -999.0,
            "ssnamenr": "null",
            "drb": 0.9995359778404236
        },
        {
            "candid": 1387116504215015005,
            "jd": 2459141.6165046,
            "ra": 288.919479,
            "dec": 55.6646564,
            "fid": 2,
            "nid": 1387,
            "magpsf": 18.664499282836914,
            "sigmapsf": 0.11606500297784805,
            "magnr": 16.711000442504883,
            "sigmagnr": 0.05299999937415123,
            "magzpsci": 26.2814998626709,
            "isdiffpos": "t",
            "ssdistnr": -999.0,
            "ssnamenr": "null",
            "drb": 0.9999169707298279
        },
        {
            "candid": 1387200914215015006,
            "jd": 2459141.7009144,
            "ra": 288.9194548,
            "dec": 55.6647365,
            "fid": 1,
            "nid": 1387,
            "magpsf": 18.5447998046875,
            "sigmapsf": 0.08574199676513672,
            "magnr": 17.56800079345703,
            "sigmagnr": 0.04399999976158142,
            "magzpsci": 26.260799407958984,
            "isdiffpos": "t",
            "ssdistnr": -999.0,
            "ssnamenr": "null",
            "drb": 0.9999939799308777
        },
        {
            "candid": 1389153224215015004,
            "jd": 2459143.6532292,
            "ra": 288.9194842,
            "dec": 55.6646995,
            "fid": 1,
            "nid": 1389,
            "magpsf": 18.14259910583496,
            "sigmapsf": 0.06477600336074829,
            "magnr": 17.56800079345703,
            "sigmagnr": 0.04399999976158142,
            "magzpsci": 26.35059928894043,
            "isdiffpos": "t",
            "ssdistnr": -999.0,
            "ssnamenr": "null",
            "drb": 0.9999989867210388
        },
        {
            "candid": 1391198044215015009,
            "jd": 2459145.698044,
            "ra": 288.9194593,
            "dec": 55.6647322,
            "fid": 1,
            "nid": 1391,
            "magpsf": 17.930700302124023,
            "sigmapsf": 0.06273599714040756,
            "magnr": 17.56800079345703,
            "sigmagnr": 0.04399999976158142,
            "magzpsci": 26.32069969177246,
            "isdiffpos": "t",
            "ssdistnr": -999.0,
            "ssnamenr": "null",
            "drb": 0.9999840259552002
        },
        {
            "candid": 1395090974215015005,
            "jd": 2459149.5909722,
            "ra": 288.9193921,
            "dec": 55.6646425,
            "fid": 2,
            "nid": 1395,
            "magpsf": 17.91320037841797,
            "sigmapsf": 0.08635299652814865,
            "magnr": 16.711000442504883,
            "sigmagnr": 0.05299999937415123,
            "magzpsci": 26.393199920654297,
            "isdiffpos": "t",
            "ssdistnr": -999.0,
            "ssnamenr": "null",
            "drb": 0.9998720288276672
        },
        {
            "candid": 1395176194215015001,
            "jd": 2459149.6761921,
            "ra": 288.9193983,
            "dec": 55.6647225,
            "fid": 1,
            "nid": 1395,
            "magpsf": 17.759000778198242,
            "sigmapsf": 0.07763200253248215,
            "magnr": 17.56800079345703,
            "sigmagnr": 0.04399999976158142,
            "magzpsci": 26.277999877929688,
            "isdiffpos": "t",
            "ssdistnr": -999.0,
            "ssnamenr": "null",
            "drb": 0.9997810125350952
        },
        {
            "candid": 1397097444215015004,
            "jd": 2459151.5974421,
            "ra": 288.9194646,
            "dec": 55.6647189,
            "fid": 2,
            "nid": 1397,
            "magpsf": 17.946199417114258,
            "sigmapsf": 0.06078699976205826,
            "magnr": 16.711000442504883,
            "sigmagnr": 0.05299999937415123,
            "magzpsci": 26.44219970703125,
            "isdiffpos": "t",
            "ssdistnr": -999.0,
            "ssnamenr": "null",
            "drb": 0.9999960064888
        },
        {
            "candid": 1397138624215015001,
            "jd": 2459151.6386227,
            "ra": 288.9194467,
            "dec": 55.6647063,
            "fid": 1,
            "nid": 1397,
            "magpsf": 17.75860023498535,
            "sigmapsf": 0.06856100261211395,
            "magnr": 17.56800079345703,
            "sigmagnr": 0.04399999976158142,
            "magzpsci": 26.38159942626953,
            "isdiffpos": "t",
            "ssdistnr": -999.0,
            "ssnamenr": "null",
            "drb": 0.9999889731407166
        },
        {
            "candid": 1399095034215015001,
            "jd": 2459153.5950347,
            "ra": 288.9194435,
            "dec": 55.6647291,
            "fid": 2,
            "nid": 1399,
            "magpsf": 17.97800064086914,
            "sigmapsf": 0.06378799676895142,
            "magnr": 16.711000442504883,
            "sigmagnr": 0.05299999937415123,
            "magzpsci": 26.44099998474121,
            "isdiffpos": "t",
            "ssdistnr": -999.0,
            "ssnamenr": "null",
            "drb": 0.9999750256538391
        },
        {
            "candid": 1399142844215015003,
            "jd": 2459153.6428472,
            "ra": 288.9194201,
            "dec": 55.6647117,
            "fid": 1,
            "nid": 1399,
            "magpsf": 17.765399932861328,
            "sigmapsf": 0.05708099901676178,
            "magnr": 17.56800079345703,
            "sigmagnr": 0.04399999976158142,
            "magzpsci": 26.387399673461914,
            "isdiffpos": "t",
            "ssdistnr": -999.0,
            "ssnamenr": "null",
            "drb": 0.9998570084571838
        },
        {
            "candid": 1401092024215015004,
            "jd": 2459155.5920255,
            "ra": 288.9194021,
            "dec": 55.6646963,
            "fid": 2,
            "nid": 1401,
            "magpsf": 17.986799240112305,
            "sigmapsf": 0.044415999203920364,
            "magnr": 16.711000442504883,
            "sigmagnr": 0.05299999937415123,
            "magzpsci": 26.43280029296875,
            "isdiffpos": "t",
            "ssdistnr": -999.0,
            "ssnamenr": "null",
            "drb": 0.9999979734420776
        },
        {
            "candid": 1401142314215015000,
            "jd": 2459155.6423148,
            "ra": 288.9194569,
            "dec": 55.6647235,
            "fid": 1,
            "nid": 1401,
            "magpsf": 17.83769989013672,
            "sigmapsf": 0.06895200163125992,
            "magnr": 17.56800079345703,
            "sigmagnr": 0.04399999976158142,
            "magzpsci": 26.399700164794922,
            "isdiffpos": "t",
            "ssdistnr": -999.0,
            "ssnamenr": "null",
            "drb": 0.9999709725379944
        },
        {
            "candid": 1410114754215015003,
            "jd": 2459164.6147569,
            "ra": 288.9194602,
            "dec": 55.6647153,
            "fid": 2,
            "nid": 1410,
            "magpsf": 18.49250030517578,
            "sigmapsf": 0.0923599973320961,
            "magnr": 16.711000442504883,
            "sigmagnr": 0.05299999937415123,
            "magzpsci": 26.43560028076172,
            "isdiffpos": "t",
            "ssdistnr": -999.0,
            "ssnamenr": "null",
            "drb": 0.9999949932098389
        },
        {
            "candid": 1410221214215015005,
            "jd": 2459164.7212153,
            "ra": 288.9194129,
            "dec": 55.664673,
            "fid": 1,
            "nid": 1410,
            "magpsf": 18.373699188232422,
            "sigmapsf": 0.11673299968242645,
            "magnr": 17.56800079345703,
            "sigmagnr": 0.04399999976158142,
            "magzpsci": 26.253700256347656,
            "isdiffpos": "t",
            "ssdistnr": -999.0,
            "ssnamenr": "null",
            "drb": 0.9914460182189941
        },
        {
            "candid": 1413094514215015002,
            "jd": 2459167.5945139,
            "ra": 288.9194382,
            "dec": 55.6646524,
            "fid": 2,
            "nid": 1413,
            "magpsf": 18.610599517822266,
            "sigmapsf": 0.09600000083446503,
            "magnr": 16.711000442504883,
            "sigmagnr": 0.05299999937415123,
            "magzpsci": 26.450599670410156,
            "isdiffpos": "t",
            "ssdistnr": -999.0,
            "ssnamenr": "null",
            "drb": 0.9999880194664001
        },
        {
            "candid": 1413178814215015006,
            "jd": 2459167.6788194,
            "ra": 288.9194896,
            "dec": 55.6647077,
            "fid": 1,
            "nid": 1413,
            "magpsf": 18.61370086669922,
            "sigmapsf": 0.1250779926776886,
            "magnr": 17.56800079345703,
            "sigmagnr": 0.04399999976158142,
            "magzpsci": 26.330699920654297,
            "isdiffpos": "t",
            "ssdistnr": -999.0,
            "ssnamenr": "null",
            "drb": 0.9992740154266357
        },
        {
            "candid": 1415099784215015005,
            "jd": 2459169.5997801,
            "ra": 288.9194567,
            "dec": 55.6646624,
            "fid": 1,
            "nid": 1415,
            "magpsf": 18.783199310302734,
            "sigmapsf": 0.09507899731397629,
            "magnr": 17.56800079345703,
            "sigmagnr": 0.04399999976158142,
            "magzpsci": 26.39419937133789,
            "isdiffpos": "t",
            "ssdistnr": -999.0,
            "ssnamenr": "null",
            "drb": 0.9999909996986389
        },
        {
            "candid": 1415155324215015002,
            "jd": 2459169.6553241,
            "ra": 288.9195207,
            "dec": 55.6647013,
            "fid": 2,
            "nid": 1415,
            "magpsf": 18.712400436401367,
            "sigmapsf": 0.08651600033044815,
            "magnr": 16.711000442504883,
            "sigmagnr": 0.05299999937415123,
            "magzpsci": 26.4153995513916,
            "isdiffpos": "t",
            "ssdistnr": -999.0,
            "ssnamenr": "null",
            "drb": 0.9999939799308777
        },
        {
            "candid": 1417095994215015002,
            "jd": 2459171.5959954,
            "ra": 288.9194675,
            "dec": 55.6646731,
            "fid": 2,
            "nid": 1417,
            "magpsf": 18.61829948425293,
            "sigmapsf": 0.13090500235557556,
            "magnr": 16.711000442504883,
            "sigmagnr": 0.05299999937415123,
            "magzpsci": 26.239299774169922,
            "isdiffpos": "t",
            "ssdistnr": -999.0,
            "ssnamenr": "null",
            "drb": 0.999468982219696
        },
        {
            "candid": 1417157124215015002,
            "jd": 2459171.6571296,
            "ra": 288.9194369,
            "dec": 55.6647041,
            "fid": 1,
            "nid": 1417,
            "magpsf": 18.97450065612793,
            "sigmapsf": 0.13876500725746155,
            "magnr": 17.56800079345703,
            "sigmagnr": 0.04399999976158142,
            "magzpsci": 25.938499450683594,
            "isdiffpos": "t",
            "ssdistnr": -999.0,
            "ssnamenr": "null",
            "drb": 0.9999459981918335
        },
        {
            "candid": 1421077154215015002,
            "jd": 2459175.5771528,
            "ra": 288.9194107,
            "dec": 55.6646308,
            "fid": 1,
            "nid": 1421,
            "magpsf": 19.298500061035156,
            "sigmapsf": 0.2088010013103485,
            "magnr": 17.56800079345703,
            "sigmagnr": 0.04399999976158142,
            "magzpsci": 25.909500122070312,
            "isdiffpos": "t",
            "ssdistnr": -999.0,
            "ssnamenr": "null",
            "drb": 0.9825929999351501
        },
        {
            "candid": 1423083364215015005,
            "jd": 2459177.5833681,
            "ra": 288.9194803,
            "dec": 55.6647468,
            "fid": 2,
            "nid": 1423,
            "magpsf": 18.695899963378906,
            "sigmapsf": 0.12975400686264038,
            "magnr": 16.711000442504883,
            "sigmagnr": 0.05299999937415123,
            "magzpsci": 26.39389991760254,
            "isdiffpos": "t",
            "ssdistnr": -999.0,
            "ssnamenr": "null",
            "drb": 0.9999939799308777
        },
        {
            "candid": 1423124084215015001,
            "jd": 2459177.6240856,
            "ra": 288.9195156,
            "dec": 55.6647298,
            "fid": 1,
            "nid": 1423,
            "magpsf": 19.474700927734375,
            "sigmapsf": 0.21228599548339844,
            "magnr": 17.56800079345703,
            "sigmagnr": 0.04399999976158142,
            "magzpsci": 26.263700485229492,
            "isdiffpos": "t",
            "ssdistnr": -999.0,
            "ssnamenr": "null",
            "drb": 0.9980980157852173
        },
        {
            "candid": 1425124844215015001,
            "jd": 2459179.6248495,
            "ra": 288.9194547,
            "dec": 55.6646586,
            "fid": 2,
            "nid": 1425,
            "magpsf": 18.984100341796875,
            "sigmapsf": 0.14967000484466553,
            "magnr": 16.711000442504883,
            "sigmagnr": 0.05299999937415123,
            "magzpsci": 26.403099060058594,
            "isdiffpos": "t",
            "ssdistnr": -999.0,
            "ssnamenr": "null",
            "drb": 0.9999229907989502
        },
        {
            "candid": 1425161734215015000,
            "jd": 2459179.6617361,
            "ra": 288.9193144,
            "dec": 55.6647169,
            "fid": 1,
            "nid": 1425,
            "magpsf": 19.53619956970215,
            "sigmapsf": 0.2228820025920868,
            "magnr": 17.56800079345703,
            "sigmagnr": 0.04399999976158142,
            "magzpsci": 26.283199310302734,
            "isdiffpos": "t",
            "ssdistnr": -999.0,
            "ssnamenr": "-999.0",
            "drb": null
        },
        {
            "candid": 1427097484215015000,
            "jd": 2459181.5974884,
            "ra": 288.9196307,
            "dec": 55.6646675,
            "fid": 2,
            "nid": 1427,
            "magpsf": 18.89240074157715,
            "sigmapsf": 0.14792700111865997,
            "magnr": 16.711000442504883,
            "sigmagnr": 0.05299999937415123,
            "magzpsci": 26.417400360107422,
            "isdiffpos": "t",
            "ssdistnr": -999.0,
            "ssnamenr": "null",
            "drb": 0.9884420037269592
        },
        {
            "candid": 1430100964215015006,
            "jd": 2459184.6009606,
            "ra": 288.9194803,
            "dec": 55.6646498,
            "fid": 2,
            "nid": 1430,
            "magpsf": 19.119800567626953,
            "sigmapsf": 0.15547199547290802,
            "magnr": 16.711000442504883,
            "sigmagnr": 0.05299999937415123,
            "magzpsci": 26.407800674438477,
            "isdiffpos": "t",
            "ssdistnr": -999.0,
            "ssnamenr": "null",
            "drb": 0.9999039769172668
        },
        {
            "candid": 1432116194215015001,
            "jd": 2459186.6161921,
            "ra": 288.9194117,
            "dec": 55.6646597,
            "fid": 2,
            "nid": 1432,
            "magpsf": 19.065900802612305,
            "sigmapsf": 0.21090799570083618,
            "magnr": 16.711000442504883,
            "sigmagnr": 0.05299999937415123,
            "magzpsci": 26.385900497436523,
            "isdiffpos": "t",
            "ssdistnr": -999.0,
            "ssnamenr": "null",
            "drb": 0.9819769859313965
        },
        {
            "candid": 1434118194215015006,
            "jd": 2459188.6181944,
            "ra": 288.919078,
            "dec": 55.6646733,
            "fid": 2,
            "nid": 1434,
            "magpsf": 19.392799377441406,
            "sigmapsf": 0.1689240038394928,
            "magnr": 16.711000442504883,
            "sigmagnr": 0.05299999937415123,
            "magzpsci": 26.403799057006836,
            "isdiffpos": "t",
            "ssdistnr": -999.0,
            "ssnamenr": "null",
            "drb": 0.996628999710083
        },
        {
            "jd": 2459107.76144,
            "fid": 2,
            "diffmaglim": 19.972000122070312
        },
        {
            "jd": 2459110.66279,
            "fid": 1,
            "diffmaglim": 20.466999053955078
        },
        {
            "jd": 2459110.7672,
            "fid": 2,
            "diffmaglim": 19.722999572753906
        },
        {
            "jd": 2459113.65437,
            "fid": 2,
            "diffmaglim": 20.555999755859375
        },
        {
            "jd": 2459117.63907,
            "fid": 2,
            "diffmaglim": 20.375999450683594
        },
        {
            "jd": 2459117.73314,
            "fid": 1,
            "diffmaglim": 20.32699966430664
        },
        {
            "jd": 2459117.76101,
            "fid": 1,
            "diffmaglim": 20.30500030517578
        },
        {
            "jd": 2459119.75863,
            "fid": 1,
            "diffmaglim": 19.801000595092773
        },
        {
            "jd": 2459120.74797,
            "fid": 1,
            "diffmaglim": 19.632999420166016
        },
        {
            "jd": 2459122.71991,
            "fid": 2,
            "diffmaglim": 19.694000244140625
        },
        {
            "jd": 2459122.82208,
            "fid": 1,
            "diffmaglim": 18.975000381469727
        },
        {
            "jd": 2459123.62259,
            "fid": 1,
            "diffmaglim": 19.472999572753906
        },
        {
            "jd": 2459123.7653,
            "fid": 2,
            "diffmaglim": 19.354000091552734
        },
        {
            "jd": 2459124.80778,
            "fid": 2,
            "diffmaglim": 19.48699951171875
        },
        {
            "jd": 2459125.62174,
            "fid": 2,
            "diffmaglim": 19.985000610351562
        },
        {
            "jd": 2459125.6955,
            "fid": 1,
            "diffmaglim": 19.777000427246094
        },
        {
            "jd": 2459127.62161,
            "fid": 2,
            "diffmaglim": 17.812000274658203
        },
        {
            "jd": 2459127.69916,
            "fid": 1,
            "diffmaglim": 18.268999099731445
        },
        {
            "jd": 2459129.62065,
            "fid": 2,
            "diffmaglim": 20.60700035095215
        },
        {
            "jd": 2459129.80534,
            "fid": 1,
            "diffmaglim": 19.597000122070312
        },
        {
            "jd": 2459131.68284,
            "fid": 1,
            "diffmaglim": 20.63800048828125
        },
        {
            "jd": 2459135.63626,
            "fid": 2,
            "diffmaglim": 20.548999786376953
        },
        {
            "jd": 2459135.7175,
            "fid": 1,
            "diffmaglim": 20.461999893188477
        },
        {
            "jd": 2459137.6866,
            "fid": 2,
            "diffmaglim": 20.454999923706055
        },
        {
            "jd": 2459143.62127,
            "fid": 2,
            "diffmaglim": 21.48900032043457
        },
        {
            "jd": 2459157.61396,
            "fid": 2,
            "diffmaglim": 20.155000686645508
        },
        {
            "jd": 2459157.63639,
            "fid": 1,
            "diffmaglim": 20.084999084472656
        },
        {
            "jd": 2459173.59251,
            "fid": 2,
            "diffmaglim": 20.415000915527344
        },
        {
            "jd": 2459173.63426,
            "fid": 1,
            "diffmaglim": 20.05500030517578
        },
        {
            "jd": 2459175.61878,
            "fid": 2,
            "diffmaglim": 19.26799964904785
        },
        {
            "jd": 2459184.6537,
            "fid": 1,
            "diffmaglim": 19.101999282836914
        },
        {
            "jd": 2459186.65541,
            "fid": 1,
            "diffmaglim": 18.74799919128418
        }
    ],
    "forcedphot": []
}