{
    "objectId": "ZTF21aaunadg",
    "candidates": [
        {
            "candid": 1561472964815015008,
            "jd": 2459315.972963,
            "ra": 278.9270308,
            "dec": 51.122166,
            "fid": 1,
            "nid": 1561,
            "magpsf": 19.80620002746582,
            "sigmapsf": 0.23620399832725525,
            "magnr": 20.36400032043457,
            "sigmagnr": 0.07500000298023224,
            "magzpsci": 25.638200759887695,
            "isdiffpos": "t",
            "ssdistnr": null,
            "ssnamenr": null,
            "drb": null
        },
        {
            "candid": 1561473436015015013,
            "jd": 2459315.9734375,
            "ra": 278.9271553,
            "dec": 51.1222107,
            "fid": 1,
            "nid": 1561,
            "magpsf": 19.91860008239746,
            "sigmapsf": 0.20818999409675598,
            "magnr": 20.30900001525879,
            "sigmagnr": 0.0689999982714653,
            "magzpsci": 25.735599517822266,
            "isdiffpos": "t",
            "ssdistnr": null,
            "ssnamenr": null,
            "drb": null
        },
        {
            "candid": 1563451666015015012,
            "jd": 2459317.9516667,
            "ra": 278.9271657,
            "dec": 51.1222025,
            "fid": 2,
            "nid": 1563,
            "magpsf": 18.949899673461914,
            "sigmapsf": 0.08715099841356277,
            "magnr": 20.167999267578125,
            "sigmagnr": 0.09399999678134918,
            "magzpsci": 26.14389991760254,
            "isdiffpos": "t",
            "ssdistnr": null,
            "ssnamenr": null,
            "drb": null
        },
        {
            "candid": 1563452144815015009,
            "jd": 2459317.9521412,
            "ra": 278.9270704,
            "dec": 51.1222103,
            "fid": 2,
            "nid": 1563,
            "magpsf": 19.096599578857422,
            "sigmapsf": 0.0947439968585968,
            "magnr": 20.167999267578125,
            "sigmagnr": 0.07500000298023224,
            "magzpsci": 26.052600860595703,
            "isdiffpos": "t",
            "ssdistnr": null,
            "ssnamenr": null,
            "drb": null
        },
        {
            "candid": 1563467544815015015,
            "jd": 2459317.9675463,
            "ra": 278.9269339,
            "dec": 51.1221811,
            "fid": 1,
            "nid": 1563,
            "magpsf": 19.103900909423828,
            "sigmapsf": 0.13363899290561676,
            "magnr": 20.36400032043457,
            "sigmagnr": 0.07500000298023224,
            "magzpsci": 26.124900817871094,
            "isdiffpos": "t",
            "ssdistnr": null,
            "ssnamenr": null,
            "drb": null
        },
        {
            "candid": 1563490216015015011,
            "jd": 2459317.9902199,
            "ra": 278.9271829,
            "dec": 51.1221537,
            "fid": 1,
            "nid": 1563,
            "magpsf": 19.045799255371094,
            "sigmapsf": 0.10031100362539291,
            "magnr": 20.30900001525879,
            "sigmagnr": 0.0689999982714653,
            "magzpsci": 26.243799209594727,
            "isdiffpos": "t",
            "ssdistnr": null,
            "ssnamenr": null,
            "drb": null
        },
        {
            "candid": 1566447324815015003,
            "jd": 2459320.9473264,
            "ra": 278.9270598,
            "dec": 51.1221579,
            "fid": 1,
            "nid": 1566,
            "magpsf": 18.07830047607422,
            "sigmapsf": 0.07999499887228012,
            "magnr": 20.36400032043457,
            "sigmagnr": 0.07500000298023224,
            "magzpsci": 26.064300537109375,
            "isdiffpos": "t",
            "ssdistnr": null,
            "ssnamenr": null,
            "drb": null
        },
        {
            "candid": 1566467834815015007,
            "jd": 2459320.9678356,
            "ra": 278.9271103,
            "dec": 51.1222025,
            "fid": 2,
            "nid": 1566,
            "magpsf": 18.122699737548828,
            "sigmapsf": 0.07258500158786774,
            "magnr": 20.167999267578125,
            "sigmagnr": 0.07500000298023224,
            "magzpsci": 25.63170051574707,
            "isdiffpos": "t",
            "ssdistnr": null,
            "ssnamenr": null,
            "drb": null
        },
        {
            "candid": 1567390926015015011,
            "jd": 2459321.8909259,
            "ra": 278.9271396,
            "dec": 51.1221913,
            "fid": 1,
            "nid": 1567,
            "magpsf": 17.84630012512207,
            "sigmapsf": 0.05308099836111069,
            "magnr": 20.30900001525879,
            "sigmagnr": 0.0689999982714653,
            "magzpsci": 26.159299850463867,
            "isdiffpos": "t",
            "ssdistnr": null,
            "ssnamenr": null,
            "drb": null
        },
        {
            "candid": 1567486046015015004,
            "jd": 2459321.9860417,
            "ra": 278.9271701,
            "dec": 51.1221795,
            "fid": 2,
            "nid": 1567,
            "magpsf": 17.823699951171875,
            "sigmapsf": 0.04221700131893158,
            "magnr": 20.167999267578125,
            "sigmagnr": 0.09399999678134918,
            "magzpsci": 26.130699157714844,
            "isdiffpos": "t",
            "ssdistnr": null,
            "ssnamenr": null,
            "drb": null
        },
        {
            "candid": 1568282024815015004,
            "jd": 2459322.7820255,
            "ra": 278.9271451,
            "dec": 51.1222042,
            "fid": 2,
            "nid": 1568,
            "magpsf": 17.651599884033203,
            "sigmapsf": 0.05847499892115593,
            "magnr": 20.167999267578125,
            "sigmagnr": 0.07500000298023224,
            "magzpsci": 25.888599395751953,
            "isdiffpos": "t",
            "ssdistnr": null,
            "ssnamenr": null,
            "drb": null
        },
        {
            "candid": 1568428214815015010,
            "jd": 2459322.9282176,
            "ra": 278.9270988,
            "dec": 51.1221574,
            "fid": 1,
            "nid": 1568,
            "magpsf": 17.60420036315918,
            "sigmapsf": 0.06669899821281433,
            "magnr": 20.36400032043457,
            "sigmagnr": 0.07500000298023224,
            "magzpsci": 26.12619972229004,
            "isdiffpos": "t",
            "ssdistnr": null,
            "ssnamenr": null,
            "drb": null
        },
        {
            "candid": 1569468346015015006,
            "jd": 2459323.9683449,
            "ra": 278.9271456,
            "dec": 51.1221729,
            "fid": 1,
            "nid": 1569,
            "magpsf": 17.44300079345703,
            "sigmapsf": 0.04451100155711174,
            "magnr": 20.30900001525879,
            "sigmagnr": 0.0689999982714653,
            "magzpsci": 26.243999481201172,
            "isdiffpos": "t",
            "ssdistnr": null,
            "ssnamenr": null,
            "drb": null
        },
        {
            "candid": 1569486466015015006,
            "jd": 2459323.9864699,
            "ra": 278.9271665,
            "dec": 51.1221782,
            "fid": 2,
            "nid": 1569,
            "magpsf": 17.4281005859375,
            "sigmapsf": 0.03751799836754799,
            "magnr": 20.167999267578125,
            "sigmagnr": 0.09399999678134918,
            "magzpsci": 26.157100677490234,
            "isdiffpos": "t",
            "ssdistnr": null,
            "ssnamenr": null,
            "drb": null
        },
        {
            "candid": 1570281824815015000,
            "jd": 2459324.7818287,
            "ra": 278.9271369,
            "dec": 51.122176,
            "fid": 2,
            "nid": 1570,
            "magpsf": 17.363399505615234,
            "sigmapsf": 0.06712000072002411,
            "magnr": 20.167999267578125,
            "sigmagnr": 0.07500000298023224,
            "magzpsci": 25.960399627685547,
            "isdiffpos": "t",
            "ssdistnr": null,
            "ssnamenr": null,
            "drb": null
        },
        {
            "candid": 1570281824815035000,
            "jd": 2459324.7818287,
            "ra": 278.9271369,
            "dec": 51.122176,
            "fid": 2,
            "nid": 1570,
            "magpsf": 17.363399505615234,
            "sigmapsf": 0.06712000072002411,
            "magnr": 20.167999267578125,
            "sigmagnr": 0.07500000298023224,
            "magzpsci": 25.960399627685547,
            "isdiffpos": "t",
            "ssdistnr": null,
            "ssnamenr": null,
            "drb": null
        },
        {
            "candid": 1570281824815055000,
            "jd": 2459324.7818287,
            "ra": 278.9271369,
            "dec": 51.122176,
            "fid": 2,
            "nid": 1570,
            "magpsf": 17.363399505615234,
            "sigmapsf": 0.06712000072002411,
            "magnr": 20.167999267578125,
            "sigmagnr": 0.07500000298023224,
            "magzpsci": 25.960399627685547,
            "isdiffpos": "t",
            "ssdistnr": null,
            "ssnamenr": null,
            "drb": null
        },
        {
            "candid": 1570281824815065000,
            "jd": 2459324.7818287,
            "ra": 278.9271369,
            "dec": 51.122176,
            "fid": 2,
            "nid": 1570,
            "magpsf": 17.363399505615234,
            "sigmapsf": 0.06712000072002411,
            "magnr": 20.167999267578125,
            "sigmagnr": 0.07500000298023224,
            "magzpsci": 25.960399627685547,
            "isdiffpos": "t",
            "ssdistnr": null,
            "ssnamenr": null,
            "drb": null
        },
        {
            "candid": 1570411554815015009,
            "jd": 2459324.9115509,
            "ra": 278.9270973,
            "dec": 51.1221746,
            "fid": 1,
            "nid": 1570,
            "magpsf": 17.32069969177246,
            "sigmapsf": 0.046921998262405396,
            "magnr": 20.36400032043457,
            "sigmagnr": 0.07500000298023224,
            "magzpsci": 26.115699768066406,
            "isdiffpos": "t",
            "ssdistnr": null,
            "ssnamenr": null,
            "drb": null
        },
        {
            "candid": 1574307016015015006,
            "jd": 2459328.8070139,
            "ra": 278.9271538,
            "dec": 51.1221878,
            "fid": 2,
            "nid": 1574,
            "magpsf": 17.049999237060547,
            "sigmapsf": 0.04509799927473068,
            "magnr": 20.167999267578125,
            "sigmagnr": 0.09399999678134918,
            "magzpsci": 26.07200050354004,
            "isdiffpos": "t",
            "ssdistnr": null,
            "ssnamenr": null,
            "drb": null
        },
        {
            "candid": 1574345776015015002,
            "jd": 2459328.8457755,
            "ra": 278.9271582,
            "dec": 51.1221864,
            "fid": 1,
            "nid": 1574,
            "magpsf": 16.959699630737305,
            "sigmapsf": 0.044950999319553375,
            "magnr": 20.30900001525879,
            "sigmagnr": 0.0689999982714653,
            "magzpsci": 26.16469955444336,
            "isdiffpos": "t",
            "ssdistnr": null,
            "ssnamenr": null,
            "drb": null
        },
        {
            "candid": 1574368174815015004,
            "jd": 2459328.8681713,
            "ra": 278.9271285,
            "dec": 51.1221685,
            "fid": 1,
            "nid": 1574,
            "magpsf": 16.941999435424805,
            "sigmapsf": 0.04683699831366539,
            "magnr": 20.36400032043457,
            "sigmagnr": 0.07500000298023224,
            "magzpsci": 26.118000030517578,
            "isdiffpos": "t",
            "ssdistnr": null,
            "ssnamenr": null,
            "drb": null
        },
        {
            "candid": 1574408474815015002,
            "jd": 2459328.9084722,
            "ra": 278.927147,
            "dec": 51.1221861,
            "fid": 2,
            "nid": 1574,
            "magpsf": 17.034700393676758,
            "sigmapsf": 0.047453999519348145,
            "magnr": 20.167999267578125,
            "sigmagnr": 0.07500000298023224,
            "magzpsci": 26.07069969177246,
            "isdiffpos": "t",
            "ssdistnr": null,
            "ssnamenr": null,
            "drb": null
        },
        {
            "candid": 1577458544815015008,
            "jd": 2459331.9585417,
            "ra": 278.9271675,
            "dec": 51.1221603,
            "fid": 2,
            "nid": 1577,
            "magpsf": 16.99970054626465,
            "sigmapsf": 0.05076200142502785,
            "magnr": 20.167999267578125,
            "sigmagnr": 0.07500000298023224,
            "magzpsci": 26.09269905090332,
            "isdiffpos": "t",
            "ssdistnr": null,
            "ssnamenr": null,
            "drb": null
        },
        {
            "candid": 1577479054815015001,
            "jd": 2459331.9790509,
            "ra": 278.9271182,
            "dec": 51.1221814,
            "fid": 1,
            "nid": 1577,
            "magpsf": 16.943300247192383,
            "sigmapsf": 0.05040900036692619,
            "magnr": 20.36400032043457,
            "sigmagnr": 0.07500000298023224,
            "magzpsci": 26.191299438476562,
            "isdiffpos": "t",
            "ssdistnr": null,
            "ssnamenr": null,
            "drb": null
        },
        {
            "candid": 1580407026015015007,
            "jd": 2459334.9070255,
            "ra": 278.927168,
            "dec": 51.1221811,
            "fid": 2,
            "nid": 1580,
            "magpsf": 16.96299934387207,
            "sigmapsf": 0.04299499839544296,
            "magnr": 20.167999267578125,
            "sigmagnr": 0.09399999678134918,
            "magzpsci": 26.176000595092773,
            "isdiffpos": "t",
            "ssdistnr": null,
            "ssnamenr": null,
            "drb": null
        },
        {
            "candid": 1580468266015015008,
            "jd": 2459334.9682639,
            "ra": 278.9271708,
            "dec": 51.1221725,
            "fid": 1,
            "nid": 1580,
            "magpsf": 16.940099716186523,
            "sigmapsf": 0.04321099817752838,
            "magnr": 20.30900001525879,
            "sigmagnr": 0.0689999982714653,
            "magzpsci": 26.284099578857422,
            "isdiffpos": "t",
            "ssdistnr": null,
            "ssnamenr": null,
            "drb": null
        },
        {
            "candid": 1582385674815015001,
            "jd": 2459336.8856713,
            "ra": 278.9271398,
            "dec": 51.1221817,
            "fid": 2,
            "nid": 1582,
            "magpsf": 17.005599975585938,
            "sigmapsf": 0.045423999428749084,
            "magnr": 20.167999267578125,
            "sigmagnr": 0.07500000298023224,
            "magzpsci": 26.040700912475586,
            "isdiffpos": "t",
            "ssdistnr": null,
            "ssnamenr": null,
            "drb": null
        },
        {
            "candid": 1582385674815025001,
            "jd": 2459336.8856713,
            "ra": 278.9271398,
            "dec": 51.1221817,
            "fid": 2,
            "nid": 1582,
            "magpsf": 17.005599975585938,
            "sigmapsf": 0.045423999428749084,
            "magnr": 20.167999267578125,
            "sigmagnr": 0.07500000298023224,
            "magzpsci": 26.040700912475586,
            "isdiffpos": "t",
            "ssdistnr": null,
            "ssnamenr": null,
            "drb": null
        },
        {
            "candid": 1582385674815035001,
            "jd": 2459336.8856713,
            "ra": 278.9271398,
            "dec": 51.1221817,
            "fid": 2,
            "nid": 1582,
            "magpsf": 17.005599975585938,
            "sigmapsf": 0.045423999428749084,
            "magnr": 20.167999267578125,
            "sigmagnr": 0.07500000298023224,
            "magzpsci": 26.040700912475586,
            "isdiffpos": "t",
            "ssdistnr": null,
            "ssnamenr": null,
            "drb": null
        },
        {
            "candid": 1582449174815015005,
            "jd": 2459336.9491782,
            "ra": 278.9271323,
            "dec": 51.1221714,
            "fid": 1,
            "nid": 1582,
            "magpsf": 17.020660400390625,
            "sigmapsf": 0.045412998646497726,
            "magnr": 20.36400032043457,
            "sigmagnr": 0.07500000298023224,
            "magzpsci": 26.15765953063965,
            "isdiffpos": "t",
            "ssdistnr": -999.0,
            "ssnamenr": "null",
            "drb": null
        },
        {
            "candid": 1582449174815025005,
            "jd": 2459336.9491782,
            "ra": 278.9271323,
            "dec": 51.1221714,
            "fid": 1,
            "nid": 1582,
            "magpsf": 17.020700454711914,
            "sigmapsf": 0.045412998646497726,
            "magnr": 20.36400032043457,
            "sigmagnr": 0.07500000298023224,
            "magzpsci": 26.157699584960938,
            "isdiffpos": "t",
            "ssdistnr": null,
            "ssnamenr": null,
            "drb": null
        },
        {
            "candid": 1582449174815035005,
            "jd": 2459336.9491782,
            "ra": 278.9271323,
            "dec": 51.1221714,
            "fid": 1,
            "nid": 1582,
            "magpsf": 17.020700454711914,
            "sigmapsf": 0.045412998646497726,
            "magnr": 20.36400032043457,
            "sigmagnr": 0.07500000298023224,
            "magzpsci": 26.157699584960938,
            "isdiffpos": "t",
            "ssdistnr": null,
            "ssnamenr": null,
            "drb": null
        },
        {
            "candid": 1583431196015015008,
            "jd": 2459337.9311921,
            "ra": 278.9272033,
            "dec": 51.1221793,
            "fid": 1,
            "nid": 1583,
            "magpsf": 17.034700393676758,
            "sigmapsf": 0.039239998906850815,
            "magnr": 20.30900001525879,
            "sigmagnr": 0.0689999982714653,
            "magzpsci": 26.200700759887695,
            "isdiffpos": "t",
            "ssdistnr": null,
            "ssnamenr": null,
            "drb": null
        },
        {
            "candid": 1583453136015015008,
            "jd": 2459337.9531366,
            "ra": 278.9271725,
            "dec": 51.1221871,
            "fid": 2,
            "nid": 1583,
            "magpsf": 17.03380012512207,
            "sigmapsf": 0.04077000170946121,
            "magnr": 20.167999267578125,
            "sigmagnr": 0.09399999678134918,
            "magzpsci": 26.117799758911133,
            "isdiffpos": "t",
            "ssdistnr": null,
            "ssnamenr": null,
            "drb": null
        },
        {
            "candid": 1585411294815015012,
            "jd": 2459339.9112963,
            "ra": 278.9271289,
            "dec": 51.1221774,
            "fid": 1,
            "nid": 1585,
            "magpsf": 17.221900939941406,
            "sigmapsf": 0.04782000184059143,
            "magnr": 20.36400032043457,
            "sigmagnr": 0.07500000298023224,
            "magzpsci": 26.123899459838867,
            "isdiffpos": "t",
            "ssdistnr": null,
            "ssnamenr": null,
            "drb": null
        },
        {
            "candid": 1585411776015015011,
            "jd": 2459339.9117708,
            "ra": 278.927153,
            "dec": 51.1221888,
            "fid": 1,
            "nid": 1585,
            "magpsf": 17.213600158691406,
            "sigmapsf": 0.039308998733758926,
            "magnr": 20.30900001525879,
            "sigmagnr": 0.0689999982714653,
            "magzpsci": 26.217599868774414,
            "isdiffpos": "t",
            "ssdistnr": null,
            "ssnamenr": null,
            "drb": null
        },
        {
            "candid": 1585446786015015015,
            "jd": 2459339.9467824,
            "ra": 278.9271578,
            "dec": 51.1221856,
            "fid": 2,
            "nid": 1585,
            "magpsf": 17.166000366210938,
            "sigmapsf": 0.046578001230955124,
            "magnr": 20.167999267578125,
            "sigmagnr": 0.09399999678134918,
            "magzpsci": 26.14900016784668,
            "isdiffpos": "t",
            "ssdistnr": null,
            "ssnamenr": null,
            "drb": null
        },
        {
            "candid": 1585451054815015003,
            "jd": 2459339.9510532,
            "ra": 278.9271279,
            "dec": 51.1221925,
            "fid": 2,
            "nid": 1585,
            "magpsf": 17.178699493408203,
            "sigmapsf": 0.04246300086379051,
            "magnr": 20.167999267578125,
            "sigmagnr": 0.07500000298023224,
            "magzpsci": 26.05470085144043,
            "isdiffpos": "t",
            "ssdistnr": null,
            "ssnamenr": null,
            "drb": null
        },
        {
            "candid": 1587365894815015009,
            "jd": 2459341.8658912,
            "ra": 278.9271014,
            "dec": 51.1221711,
            "fid": 1,
            "nid": 1587,
            "magpsf": 17.374900817871094,
            "sigmapsf": 0.059457000344991684,
            "magnr": 20.36400032043457,
            "sigmagnr": 0.07500000298023224,
            "magzpsci": 26.101900100708008,
            "isdiffpos": "t",
            "ssdistnr": null,
            "ssnamenr": null,
            "drb": null
        },
        {
            "candid": 1587366366015015010,
            "jd": 2459341.8663657,
            "ra": 278.9271711,
            "dec": 51.1221784,
            "fid": 1,
            "nid": 1587,
            "magpsf": 17.35700035095215,
            "sigmapsf": 0.053568001836538315,
            "magnr": 20.30900001525879,
            "sigmagnr": 0.0689999982714653,
            "magzpsci": 26.21299934387207,
            "isdiffpos": "t",
            "ssdistnr": null,
            "ssnamenr": null,
            "drb": null
        },
        {
            "candid": 1587430564815015003,
            "jd": 2459341.9305671,
            "ra": 278.9271055,
            "dec": 51.1221697,
            "fid": 2,
            "nid": 1587,
            "magpsf": 17.294200897216797,
            "sigmapsf": 0.04315999895334244,
            "magnr": 20.167999267578125,
            "sigmagnr": 0.07500000298023224,
            "magzpsci": 26.05419921875,
            "isdiffpos": "t",
            "ssdistnr": null,
            "ssnamenr": null,
            "drb": null
        },
        {
            "candid": 1587452006015015012,
            "jd": 2459341.9520023,
            "ra": 278.9271679,
            "dec": 51.1221784,
            "fid": 2,
            "nid": 1587,
            "magpsf": 17.281400680541992,
            "sigmapsf": 0.04457399994134903,
            "magnr": 20.167999267578125,
            "sigmagnr": 0.09399999678134918,
            "magzpsci": 26.150400161743164,
            "isdiffpos": "t",
            "ssdistnr": null,
            "ssnamenr": null,
            "drb": null
        },
        {
            "candid": 1589364974815015005,
            "jd": 2459343.8649769,
            "ra": 278.9271186,
            "dec": 51.1221892,
            "fid": 2,
            "nid": 1589,
            "magpsf": 17.423500061035156,
            "sigmapsf": 0.042002998292446136,
            "magnr": 20.167999267578125,
            "sigmagnr": 0.07500000298023224,
            "magzpsci": 25.98550033569336,
            "isdiffpos": "t",
            "ssdistnr": null,
            "ssnamenr": null,
            "drb": null
        },
        {
            "candid": 1590430676015015004,
            "jd": 2459344.9306713,
            "ra": 278.927153,
            "dec": 51.1221745,
            "fid": 2,
            "nid": 1590,
            "magpsf": 17.491500854492188,
            "sigmapsf": 0.04556100070476532,
            "magnr": 20.167999267578125,
            "sigmagnr": 0.09399999678134918,
            "magzpsci": 26.111499786376953,
            "isdiffpos": "t",
            "ssdistnr": null,
            "ssnamenr": null,
            "drb": null
        },
        {
            "candid": 1590448796015015016,
            "jd": 2459344.9487963,
            "ra": 278.9271627,
            "dec": 51.1221735,
            "fid": 1,
            "nid": 1590,
            "magpsf": 17.59600067138672,
            "sigmapsf": 0.046163998544216156,
            "magnr": 20.30900001525879,
            "sigmagnr": 0.0689999982714653,
            "magzpsci": 26.195999145507812,
            "isdiffpos": "t",
            "ssdistnr": null,
            "ssnamenr": null,
            "drb": null
        },
        {
            "candid": 1591436794815015023,
            "jd": 2459345.936794,
            "ra": 278.9270942,
            "dec": 51.1221715,
            "fid": 1,
            "nid": 1591,
            "magpsf": 17.759700775146484,
            "sigmapsf": 0.05908000096678734,
            "magnr": 20.36400032043457,
            "sigmagnr": 0.07500000298023224,
            "magzpsci": 26.119699478149414,
            "isdiffpos": "t",
            "ssdistnr": null,
            "ssnamenr": null,
            "drb": null
        },
        {
            "candid": 1591454234815015002,
            "jd": 2459345.9542361,
            "ra": 278.9271174,
            "dec": 51.1221907,
            "fid": 2,
            "nid": 1591,
            "magpsf": 17.553199768066406,
            "sigmapsf": 0.05026499927043915,
            "magnr": 20.167999267578125,
            "sigmagnr": 0.07500000298023224,
            "magzpsci": 26.04520034790039,
            "isdiffpos": "t",
            "ssdistnr": null,
            "ssnamenr": null,
            "drb": null
        },
        {
            "candid": 1592428856015015009,
            "jd": 2459346.9288542,
            "ra": 278.9271513,
            "dec": 51.1221832,
            "fid": 2,
            "nid": 1592,
            "magpsf": 17.599000930786133,
            "sigmapsf": 0.04768599942326546,
            "magnr": 20.167999267578125,
            "sigmagnr": 0.09399999678134918,
            "magzpsci": 26.134000778198242,
            "isdiffpos": "t",
            "ssdistnr": null,
            "ssnamenr": null,
            "drb": null
        },
        {
            "candid": 1592455646015015017,
            "jd": 2459346.9556481,
            "ra": 278.9271531,
            "dec": 51.1221865,
            "fid": 1,
            "nid": 1592,
            "magpsf": 17.842500686645508,
            "sigmapsf": 0.05496799945831299,
            "magnr": 20.30900001525879,
            "sigmagnr": 0.0689999982714653,
            "magzpsci": 26.228500366210938,
            "isdiffpos": "t",
            "ssdistnr": null,
            "ssnamenr": null,
            "drb": null
        },
        {
            "candid": 1595348554815015017,
            "jd": 2459349.8485532,
            "ra": 278.9271073,
            "dec": 51.1221897,
            "fid": 2,
            "nid": 1595,
            "magpsf": 17.668500900268555,
            "sigmapsf": 0.03754400089383125,
            "magnr": 20.167999267578125,
            "sigmagnr": 0.07500000298023224,
            "magzpsci": 26.048500061035156,
            "isdiffpos": "t",
            "ssdistnr": null,
            "ssnamenr": null,
            "drb": null
        },
        {
            "candid": 1595409204815015029,
            "jd": 2459349.9092014,
            "ra": 278.9270654,
            "dec": 51.122164,
            "fid": 1,
            "nid": 1595,
            "magpsf": 18.17329978942871,
            "sigmapsf": 0.07830099761486053,
            "magnr": 20.36400032043457,
            "sigmagnr": 0.07500000298023224,
            "magzpsci": 26.135299682617188,
            "isdiffpos": "t",
            "ssdistnr": null,
            "ssnamenr": null,
            "drb": null
        },
        {
            "candid": 1595409676015015007,
            "jd": 2459349.9096759,
            "ra": 278.927161,
            "dec": 51.1221901,
            "fid": 1,
            "nid": 1595,
            "magpsf": 18.13319969177246,
            "sigmapsf": 0.06502600014209747,
            "magnr": 20.30900001525879,
            "sigmagnr": 0.0689999982714653,
            "magzpsci": 26.239200592041016,
            "isdiffpos": "t",
            "ssdistnr": null,
            "ssnamenr": null,
            "drb": null
        },
        {
            "candid": 1595451516015015006,
            "jd": 2459349.9515162,
            "ra": 278.9271562,
            "dec": 51.1221814,
            "fid": 2,
            "nid": 1595,
            "magpsf": 17.61210060119629,
            "sigmapsf": 0.03882399946451187,
            "magnr": 20.167999267578125,
            "sigmagnr": 0.09399999678134918,
            "magzpsci": 26.138099670410156,
            "isdiffpos": "t",
            "ssdistnr": null,
            "ssnamenr": null,
            "drb": null
        },
        {
            "candid": 1599369464815015011,
            "jd": 2459353.8694676,
            "ra": 278.9269921,
            "dec": 51.1221662,
            "fid": 1,
            "nid": 1599,
            "magpsf": 18.479999542236328,
            "sigmapsf": 0.09051399677991867,
            "magnr": 20.36400032043457,
            "sigmagnr": 0.07500000298023224,
            "magzpsci": 26.104999542236328,
            "isdiffpos": "t",
            "ssdistnr": null,
            "ssnamenr": null,
            "drb": null
        },
        {
            "candid": 1599391626015015007,
            "jd": 2459353.8916204,
            "ra": 278.9271732,
            "dec": 51.1221667,
            "fid": 1,
            "nid": 1599,
            "magpsf": 18.50589942932129,
            "sigmapsf": 0.0921040028333664,
            "magnr": 20.30900001525879,
            "sigmagnr": 0.0689999982714653,
            "magzpsci": 26.228900909423828,
            "isdiffpos": "t",
            "ssdistnr": null,
            "ssnamenr": null,
            "drb": null
        },
        {
            "candid": 1599433704815015006,
            "jd": 2459353.9337037,
            "ra": 278.9271068,
            "dec": 51.1221752,
            "fid": 2,
            "nid": 1599,
            "magpsf": 17.70170021057129,
            "sigmapsf": 0.05548200011253357,
            "magnr": 20.167999267578125,
            "sigmagnr": 0.07500000298023224,
            "magzpsci": 26.05069923400879,
            "isdiffpos": "t",
            "ssdistnr": null,
            "ssnamenr": null,
            "drb": null
        },
        {
            "candid": 1599449826015015007,
            "jd": 2459353.9498264,
            "ra": 278.9271643,
            "dec": 51.1221737,
            "fid": 2,
            "nid": 1599,
            "magpsf": 17.71109962463379,
            "sigmapsf": 0.05447600036859512,
            "magnr": 20.167999267578125,
            "sigmagnr": 0.09399999678134918,
            "magzpsci": 26.14310073852539,
            "isdiffpos": "t",
            "ssdistnr": null,
            "ssnamenr": null,
            "drb": null
        },
        {
            "candid": 1602362804815015007,
            "jd": 2459356.8628009,
            "ra": 278.9271689,
            "dec": 51.1221447,
            "fid": 2,
            "nid": 1602,
            "magpsf": 17.7810001373291,
            "sigmapsf": 0.06330599635839462,
            "magnr": 20.167999267578125,
            "sigmagnr": 0.07500000298023224,
            "magzpsci": 26.06599998474121,
            "isdiffpos": "t",
            "ssdistnr": null,
            "ssnamenr": null,
            "drb": null
        },
        {
            "candid": 1602415906015015007,
            "jd": 2459356.9159028,
            "ra": 278.9271568,
            "dec": 51.1221914,
            "fid": 2,
            "nid": 1602,
            "magpsf": 17.73740005493164,
            "sigmapsf": 0.05814899876713753,
            "magnr": 20.167999267578125,
            "sigmagnr": 0.09399999678134918,
            "magzpsci": 26.13640022277832,
            "isdiffpos": "t",
            "ssdistnr": null,
            "ssnamenr": null,
            "drb": null
        },
        {
            "candid": 1602433924815015006,
            "jd": 2459356.9339236,
            "ra": 278.9270139,
            "dec": 51.1221405,
            "fid": 1,
            "nid": 1602,
            "magpsf": 18.848100662231445,
            "sigmapsf": 0.10621500015258789,
            "magnr": 20.36400032043457,
            "sigmagnr": 0.07500000298023224,
            "magzpsci": 26.152099609375,
            "isdiffpos": "t",
            "ssdistnr": null,
            "ssnamenr": null,
            "drb": null
        },
        {
            "candid": 1605317586015015008,
            "jd": 2459359.817581,
            "ra": 278.9270769,
            "dec": 51.1221405,
            "fid": 1,
            "nid": 1605,
            "magpsf": 18.906299591064453,
            "sigmapsf": 0.1416659951210022,
            "magnr": 20.30900001525879,
            "sigmagnr": 0.0689999982714653,
            "magzpsci": 26.170299530029297,
            "isdiffpos": "t",
            "ssdistnr": null,
            "ssnamenr": null,
            "drb": null
        },
        {
            "candid": 1605321804815015004,
            "jd": 2459359.8218056,
            "ra": 278.9270286,
            "dec": 51.1221859,
            "fid": 1,
            "nid": 1605,
            "magpsf": 18.824600219726562,
            "sigmapsf": 0.15798600018024445,
            "magnr": 20.36400032043457,
            "sigmagnr": 0.07500000298023224,
            "magzpsci": 26.096599578857422,
            "isdiffpos": "t",
            "ssdistnr": null,
            "ssnamenr": null,
            "drb": null
        },
        {
            "candid": 1605383426015015013,
            "jd": 2459359.8834259,
            "ra": 278.9271511,
            "dec": 51.1221701,
            "fid": 2,
            "nid": 1605,
            "magpsf": 17.892099380493164,
            "sigmapsf": 0.058577001094818115,
            "magnr": 20.167999267578125,
            "sigmagnr": 0.09399999678134918,
            "magzpsci": 26.126100540161133,
            "isdiffpos": "t",
            "ssdistnr": null,
            "ssnamenr": null,
            "drb": null
        },
        {
            "candid": 1605384374815015016,
            "jd": 2459359.884375,
            "ra": 278.9271909,
            "dec": 51.1221832,
            "fid": 2,
            "nid": 1605,
            "magpsf": 17.895299911499023,
            "sigmapsf": 0.06837800145149231,
            "magnr": 20.167999267578125,
            "sigmagnr": 0.07500000298023224,
            "magzpsci": 26.055299758911133,
            "isdiffpos": "t",
            "ssdistnr": null,
            "ssnamenr": null,
            "drb": null
        },
        {
            "candid": 1608323656015015003,
            "jd": 2459362.8236574,
            "ra": 278.9271652,
            "dec": 51.1221863,
            "fid": 2,
            "nid": 1608,
            "magpsf": 18.00860023498535,
            "sigmapsf": 0.053711000829935074,
            "magnr": 20.167999267578125,
            "sigmagnr": 0.09399999678134918,
            "magzpsci": 26.17959976196289,
            "isdiffpos": "t",
            "ssdistnr": null,
            "ssnamenr": null,
            "drb": null
        },
        {
            "candid": 1608324124815015004,
            "jd": 2459362.8241204,
            "ra": 278.9271519,
            "dec": 51.1222159,
            "fid": 2,
            "nid": 1608,
            "magpsf": 18.053600311279297,
            "sigmapsf": 0.06411399692296982,
            "magnr": 20.167999267578125,
            "sigmagnr": 0.07500000298023224,
            "magzpsci": 26.1156005859375,
            "isdiffpos": "t",
            "ssdistnr": null,
            "ssnamenr": null,
            "drb": null
        },
        {
            "candid": 1608401844815015015,
            "jd": 2459362.9018403,
            "ra": 278.9271253,
            "dec": 51.122173,
            "fid": 1,
            "nid": 1608,
            "magpsf": 19.319299697875977,
            "sigmapsf": 0.18522000312805176,
            "magnr": 20.36400032043457,
            "sigmagnr": 0.07500000298023224,
            "magzpsci": 26.2012996673584,
            "isdiffpos": "t",
            "ssdistnr": null,
            "ssnamenr": null,
            "drb": null
        },
        {
            "candid": 1608404736015015002,
            "jd": 2459362.9047338,
            "ra": 278.9271713,
            "dec": 51.1221978,
            "fid": 1,
            "nid": 1608,
            "magpsf": 19.38520050048828,
            "sigmapsf": 0.14687199890613556,
            "magnr": 20.30900001525879,
            "sigmagnr": 0.0689999982714653,
            "magzpsci": 26.28619956970215,
            "isdiffpos": "t",
            "ssdistnr": null,
            "ssnamenr": null,
            "drb": null
        },
        {
            "candid": 1610349204815015001,
            "jd": 2459364.8492014,
            "ra": 278.9271238,
            "dec": 51.1221937,
            "fid": 2,
            "nid": 1610,
            "magpsf": 18.167800903320312,
            "sigmapsf": 0.05938199907541275,
            "magnr": 20.167999267578125,
            "sigmagnr": 0.07500000298023224,
            "magzpsci": 26.07979965209961,
            "isdiffpos": "t",
            "ssdistnr": null,
            "ssnamenr": null,
            "drb": null
        },
        {
            "candid": 1610349676015015002,
            "jd": 2459364.8496759,
            "ra": 278.9271618,
            "dec": 51.1221861,
            "fid": 2,
            "nid": 1610,
            "magpsf": 18.14459991455078,
            "sigmapsf": 0.06227700039744377,
            "magnr": 20.167999267578125,
            "sigmagnr": 0.09399999678134918,
            "magzpsci": 26.153600692749023,
            "isdiffpos": "t",
            "ssdistnr": null,
            "ssnamenr": null,
            "drb": null
        },
        {
            "candid": 1610371634815015004,
            "jd": 2459364.8716319,
            "ra": 278.9271772,
            "dec": 51.1222121,
            "fid": 1,
            "nid": 1610,
            "magpsf": 19.297500610351562,
            "sigmapsf": 0.18020099401474,
            "magnr": 20.36400032043457,
            "sigmagnr": 0.07500000298023224,
            "magzpsci": 26.154499053955078,
            "isdiffpos": "t",
            "ssdistnr": null,
            "ssnamenr": null,
            "drb": null
        },
        {
            "candid": 1610372596015015005,
            "jd": 2459364.8725926,
            "ra": 278.9271117,
            "dec": 51.122174,
            "fid": 1,
            "nid": 1610,
            "magpsf": 19.353900909423828,
            "sigmapsf": 0.11505299806594849,
            "magnr": 20.30900001525879,
            "sigmagnr": 0.0689999982714653,
            "magzpsci": 26.248899459838867,
            "isdiffpos": "t",
            "ssdistnr": null,
            "ssnamenr": null,
            "drb": null
        },
        {
            "candid": 1612306596015015011,
            "jd": 2459366.8065972,
            "ra": 278.9271507,
            "dec": 51.1221787,
            "fid": 1,
            "nid": 1612,
            "magpsf": 19.50909996032715,
            "sigmapsf": 0.1229889988899231,
            "magnr": 20.30900001525879,
            "sigmagnr": 0.0689999982714653,
            "magzpsci": 26.199100494384766,
            "isdiffpos": "t",
            "ssdistnr": null,
            "ssnamenr": null,
            "drb": null
        },
        {
            "candid": 1612323094815015010,
            "jd": 2459366.8230903,
            "ra": 278.9270542,
            "dec": 51.1221879,
            "fid": 1,
            "nid": 1612,
            "magpsf": 19.453800201416016,
            "sigmapsf": 0.11046800017356873,
            "magnr": 20.36400032043457,
            "sigmagnr": 0.07500000298023224,
            "magzpsci": 26.089799880981445,
            "isdiffpos": "t",
            "ssdistnr": null,
            "ssnamenr": null,
            "drb": null
        },
        {
            "candid": 1612367174815015004,
            "jd": 2459366.8671759,
            "ra": 278.9271104,
            "dec": 51.1221918,
            "fid": 2,
            "nid": 1612,
            "magpsf": 18.330900192260742,
            "sigmapsf": 0.07742100208997726,
            "magnr": 20.167999267578125,
            "sigmagnr": 0.07500000298023224,
            "magzpsci": 26.050899505615234,
            "isdiffpos": "t",
            "ssdistnr": null,
            "ssnamenr": null,
            "drb": null
        },
        {
            "candid": 1612368136015015008,
            "jd": 2459366.8681366,
            "ra": 278.9271569,
            "dec": 51.1221715,
            "fid": 2,
            "nid": 1612,
            "magpsf": 18.28569984436035,
            "sigmapsf": 0.06532400101423264,
            "magnr": 20.167999267578125,
            "sigmagnr": 0.09399999678134918,
            "magzpsci": 26.125699996948242,
            "isdiffpos": "t",
            "ssdistnr": null,
            "ssnamenr": null,
            "drb": null
        },
        {
            "candid": 1614368516015015012,
            "jd": 2459368.8685185,
            "ra": 278.9271581,
            "dec": 51.1221808,
            "fid": 1,
            "nid": 1614,
            "magpsf": 19.540599822998047,
            "sigmapsf": 0.1269499957561493,
            "magnr": 20.30900001525879,
            "sigmagnr": 0.0689999982714653,
            "magzpsci": 26.230600357055664,
            "isdiffpos": "t",
            "ssdistnr": null,
            "ssnamenr": null,
            "drb": null
        },
        {
            "candid": 1614369464815015017,
            "jd": 2459368.8694676,
            "ra": 278.927008,
            "dec": 51.1221902,
            "fid": 1,
            "nid": 1614,
            "magpsf": 19.53730010986328,
            "sigmapsf": 0.16579000651836395,
            "magnr": 20.36400032043457,
            "sigmagnr": 0.07500000298023224,
            "magzpsci": 26.121299743652344,
            "isdiffpos": "t",
            "ssdistnr": null,
            "ssnamenr": null,
            "drb": null
        },
        {
            "candid": 1614395314815015011,
            "jd": 2459368.8953125,
            "ra": 278.9270986,
            "dec": 51.1222064,
            "fid": 2,
            "nid": 1614,
            "magpsf": 18.46430015563965,
            "sigmapsf": 0.06447699666023254,
            "magnr": 20.167999267578125,
            "sigmagnr": 0.07500000298023224,
            "magzpsci": 26.04829978942871,
            "isdiffpos": "t",
            "ssdistnr": null,
            "ssnamenr": null,
            "drb": null
        },
        {
            "candid": 1614396246015015008,
            "jd": 2459368.89625,
            "ra": 278.927167,
            "dec": 51.122193,
            "fid": 2,
            "nid": 1614,
            "magpsf": 18.38789939880371,
            "sigmapsf": 0.06139900162816048,
            "magnr": 20.167999267578125,
            "sigmagnr": 0.09399999678134918,
            "magzpsci": 26.13990020751953,
            "isdiffpos": "t",
            "ssdistnr": null,
            "ssnamenr": null,
            "drb": null
        },
        {
            "candid": 1616362244815015009,
            "jd": 2459370.8622454,
            "ra": 278.9271225,
            "dec": 51.1221978,
            "fid": 2,
            "nid": 1616,
            "magpsf": 18.58289909362793,
            "sigmapsf": 0.06711500138044357,
            "magnr": 20.167999267578125,
            "sigmagnr": 0.07500000298023224,
            "magzpsci": 26.057899475097656,
            "isdiffpos": "t",
            "ssdistnr": null,
            "ssnamenr": null,
            "drb": null
        },
        {
            "candid": 1616364146015015005,
            "jd": 2459370.8641435,
            "ra": 278.9271503,
            "dec": 51.1221906,
            "fid": 2,
            "nid": 1616,
            "magpsf": 18.530099868774414,
            "sigmapsf": 0.06613200157880783,
            "magnr": 20.167999267578125,
            "sigmagnr": 0.09399999678134918,
            "magzpsci": 26.14310073852539,
            "isdiffpos": "t",
            "ssdistnr": null,
            "ssnamenr": null,
            "drb": null
        },
        {
            "candid": 1616387964815015015,
            "jd": 2459370.887963,
            "ra": 278.9269949,
            "dec": 51.1221517,
            "fid": 1,
            "nid": 1616,
            "magpsf": 19.626300811767578,
            "sigmapsf": 0.15837599337100983,
            "magnr": 20.36400032043457,
            "sigmagnr": 0.07500000298023224,
            "magzpsci": 26.137300491333008,
            "isdiffpos": "t",
            "ssdistnr": null,
            "ssnamenr": null,
            "drb": null
        },
        {
            "candid": 1616407486015015019,
            "jd": 2459370.9074884,
            "ra": 278.9271294,
            "dec": 51.1221584,
            "fid": 1,
            "nid": 1616,
            "magpsf": 19.626399993896484,
            "sigmapsf": 0.15403400361537933,
            "magnr": 20.30900001525879,
            "sigmagnr": 0.0689999982714653,
            "magzpsci": 26.244400024414062,
            "isdiffpos": "t",
            "ssdistnr": null,
            "ssnamenr": null,
            "drb": null
        },
        {
            "candid": 1619379594815015004,
            "jd": 2459373.8795949,
            "ra": 278.9270576,
            "dec": 51.1221933,
            "fid": 2,
            "nid": 1619,
            "magpsf": 18.71980094909668,
            "sigmapsf": 0.07654599845409393,
            "magnr": 20.167999267578125,
            "sigmagnr": 0.07500000298023224,
            "magzpsci": 26.076799392700195,
            "isdiffpos": "t",
            "ssdistnr": null,
            "ssnamenr": null,
            "drb": null
        },
        {
            "candid": 1619417086015015009,
            "jd": 2459373.9170833,
            "ra": 278.9271754,
            "dec": 51.1221733,
            "fid": 2,
            "nid": 1619,
            "magpsf": 18.67009925842285,
            "sigmapsf": 0.07126899808645248,
            "magnr": 20.167999267578125,
            "sigmagnr": 0.09399999678134918,
            "magzpsci": 26.16010093688965,
            "isdiffpos": "t",
            "ssdistnr": null,
            "ssnamenr": null,
            "drb": null
        },
        {
            "candid": 1619430474815015007,
            "jd": 2459373.9304745,
            "ra": 278.9267991,
            "dec": 51.1222452,
            "fid": 1,
            "nid": 1619,
            "magpsf": 19.63759994506836,
            "sigmapsf": 0.1965080052614212,
            "magnr": 20.36400032043457,
            "sigmagnr": 0.07500000298023224,
            "magzpsci": 26.16360092163086,
            "isdiffpos": "t",
            "ssdistnr": null,
            "ssnamenr": null,
            "drb": null
        },
        {
            "candid": 1619451136015015011,
            "jd": 2459373.9511343,
            "ra": 278.9271373,
            "dec": 51.1222138,
            "fid": 1,
            "nid": 1619,
            "magpsf": 19.784500122070312,
            "sigmapsf": 0.15213200449943542,
            "magnr": 20.30900001525879,
            "sigmagnr": 0.0689999982714653,
            "magzpsci": 26.25349998474121,
            "isdiffpos": "t",
            "ssdistnr": null,
            "ssnamenr": null,
            "drb": null
        },
        {
            "candid": 1621375154815015005,
            "jd": 2459375.8751505,
            "ra": 278.9270504,
            "dec": 51.1222374,
            "fid": 1,
            "nid": 1621,
            "magpsf": 19.734100341796875,
            "sigmapsf": 0.14711399376392365,
            "magnr": 20.36400032043457,
            "sigmagnr": 0.07500000298023224,
            "magzpsci": 26.181100845336914,
            "isdiffpos": "t",
            "ssdistnr": null,
            "ssnamenr": null,
            "drb": null
        },
        {
            "candid": 1621390304815015009,
            "jd": 2459375.8903009,
            "ra": 278.9271306,
            "dec": 51.1221989,
            "fid": 2,
            "nid": 1621,
            "magpsf": 18.781099319458008,
            "sigmapsf": 0.07680299878120422,
            "magnr": 20.167999267578125,
            "sigmagnr": 0.07500000298023224,
            "magzpsci": 26.092100143432617,
            "isdiffpos": "t",
            "ssdistnr": null,
            "ssnamenr": null,
            "drb": null
        },
        {
            "candid": 1622368296015015010,
            "jd": 2459376.8682986,
            "ra": 278.927157,
            "dec": 51.1221952,
            "fid": 1,
            "nid": 1622,
            "magpsf": 19.8174991607666,
            "sigmapsf": 0.14065399765968323,
            "magnr": 20.30900001525879,
            "sigmagnr": 0.0689999982714653,
            "magzpsci": 26.267499923706055,
            "isdiffpos": "t",
            "ssdistnr": null,
            "ssnamenr": null,
            "drb": null
        },
        {
            "candid": 1622423046015015010,
            "jd": 2459376.923044,
            "ra": 278.9271667,
            "dec": 51.1221848,
            "fid": 2,
            "nid": 1622,
            "magpsf": 18.77869987487793,
            "sigmapsf": 0.08746100217103958,
            "magnr": 20.167999267578125,
            "sigmagnr": 0.09399999678134918,
            "magzpsci": 26.162700653076172,
            "isdiffpos": "t",
            "ssdistnr": null,
            "ssnamenr": null,
            "drb": null
        },
        {
            "candid": 1623369964815015014,
            "jd": 2459377.8699653,
            "ra": 278.9270542,
            "dec": 51.1221531,
            "fid": 1,
            "nid": 1623,
            "magpsf": 19.821300506591797,
            "sigmapsf": 0.18191799521446228,
            "magnr": 20.36400032043457,
            "sigmagnr": 0.07500000298023224,
            "magzpsci": 26.182300567626953,
            "isdiffpos": "t",
            "ssdistnr": null,
            "ssnamenr": null,
            "drb": null
        },
        {
            "candid": 1623386444815015005,
            "jd": 2459377.8864468,
            "ra": 278.9270679,
            "dec": 51.1221901,
            "fid": 2,
            "nid": 1623,
            "magpsf": 18.8523006439209,
            "sigmapsf": 0.09257200360298157,
            "magnr": 20.167999267578125,
            "sigmagnr": 0.07500000298023224,
            "magzpsci": 26.09830093383789,
            "isdiffpos": "t",
            "ssdistnr": null,
            "ssnamenr": null,
            "drb": null
        },
        {
            "candid": 1624366576015015013,
            "jd": 2459378.8665741,
            "ra": 278.9271815,
            "dec": 51.1221619,
            "fid": 1,
            "nid": 1624,
            "magpsf": 19.806100845336914,
            "sigmapsf": 0.13592499494552612,
            "magnr": 20.30900001525879,
            "sigmagnr": 0.0689999982714653,
            "magzpsci": 26.282100677490234,
            "isdiffpos": "t",
            "ssdistnr": null,
            "ssnamenr": null,
            "drb": null
        },
        {
            "candid": 1624383966015015008,
            "jd": 2459378.8839699,
            "ra": 278.9271674,
            "dec": 51.122158,
            "fid": 2,
            "nid": 1624,
            "magpsf": 18.812000274658203,
            "sigmapsf": 0.07134699821472168,
            "magnr": 20.167999267578125,
            "sigmagnr": 0.09399999678134918,
            "magzpsci": 26.187000274658203,
            "isdiffpos": "t",
            "ssdistnr": null,
            "ssnamenr": null,
            "drb": null
        },
        {
            "candid": 1625365714815015007,
            "jd": 2459379.8657176,
            "ra": 278.9271062,
            "dec": 51.1222114,
            "fid": 2,
            "nid": 1625,
            "magpsf": 18.958499908447266,
            "sigmapsf": 0.08786100149154663,
            "magnr": 20.167999267578125,
            "sigmagnr": 0.07500000298023224,
            "magzpsci": 26.090499877929688,
            "isdiffpos": "t",
            "ssdistnr": null,
            "ssnamenr": null,
            "drb": null
        },
        {
            "candid": 1627328494815015003,
            "jd": 2459381.8284954,
            "ra": 278.9268243,
            "dec": 51.1222737,
            "fid": 1,
            "nid": 1627,
            "magpsf": 19.79800033569336,
            "sigmapsf": 0.27130401134490967,
            "magnr": 20.36400032043457,
            "sigmagnr": 0.07500000298023224,
            "magzpsci": 25.652999877929688,
            "isdiffpos": "t",
            "ssdistnr": null,
            "ssnamenr": null,
            "drb": null
        },
        {
            "candid": 1627387074815015005,
            "jd": 2459381.8870718,
            "ra": 278.9271617,
            "dec": 51.1221667,
            "fid": 2,
            "nid": 1627,
            "magpsf": 18.749000549316406,
            "sigmapsf": 0.186039999127388,
            "magnr": 20.167999267578125,
            "sigmagnr": 0.07500000298023224,
            "magzpsci": 25.18899917602539,
            "isdiffpos": "t",
            "ssdistnr": null,
            "ssnamenr": null,
            "drb": null
        },
        {
            "candid": 1628369716015015005,
            "jd": 2459382.8697106,
            "ra": 278.9271863,
            "dec": 51.122199,
            "fid": 2,
            "nid": 1628,
            "magpsf": 19.02630043029785,
            "sigmapsf": 0.12341400235891342,
            "magnr": 20.167999267578125,
            "sigmagnr": 0.09399999678134918,
            "magzpsci": 26.042299270629883,
            "isdiffpos": "t",
            "ssdistnr": null,
            "ssnamenr": null,
            "drb": null
        },
        {
            "candid": 1628387676015015010,
            "jd": 2459382.8876736,
            "ra": 278.9271719,
            "dec": 51.122187,
            "fid": 1,
            "nid": 1628,
            "magpsf": 19.98870086669922,
            "sigmapsf": 0.17973199486732483,
            "magnr": 20.30900001525879,
            "sigmagnr": 0.0689999982714653,
            "magzpsci": 26.055700302124023,
            "isdiffpos": "t",
            "ssdistnr": null,
            "ssnamenr": null,
            "drb": null
        },
        {
            "candid": 1630347746015015009,
            "jd": 2459384.8477431,
            "ra": 278.9271446,
            "dec": 51.12214,
            "fid": 2,
            "nid": 1630,
            "magpsf": 19.018400192260742,
            "sigmapsf": 0.10068699717521667,
            "magnr": 20.167999267578125,
            "sigmagnr": 0.09399999678134918,
            "magzpsci": 26.056400299072266,
            "isdiffpos": "t",
            "ssdistnr": null,
            "ssnamenr": null,
            "drb": null
        },
        {
            "candid": 1632348374815015002,
            "jd": 2459386.8483796,
            "ra": 278.9271505,
            "dec": 51.1222346,
            "fid": 1,
            "nid": 1632,
            "magpsf": 19.74880027770996,
            "sigmapsf": 0.28251200914382935,
            "magnr": 20.36400032043457,
            "sigmagnr": 0.07500000298023224,
            "magzpsci": 26.14579963684082,
            "isdiffpos": "t",
            "ssdistnr": null,
            "ssnamenr": null,
            "drb": null
        },
        {
            "candid": 1632401404815015004,
            "jd": 2459386.9014005,
            "ra": 278.927122,
            "dec": 51.1222098,
            "fid": 2,
            "nid": 1632,
            "magpsf": 19.179100036621094,
            "sigmapsf": 0.10897400230169296,
            "magnr": 20.167999267578125,
            "sigmagnr": 0.07500000298023224,
            "magzpsci": 26.07710075378418,
            "isdiffpos": "t",
            "ssdistnr": null,
            "ssnamenr": null,
            "drb": null
        },
        {
            "candid": 1632401866015015004,
            "jd": 2459386.9018634,
            "ra": 278.9271724,
            "dec": 51.1221715,
            "fid": 2,
            "nid": 1632,
            "magpsf": 19.040000915527344,
            "sigmapsf": 0.10571599751710892,
            "magnr": 20.167999267578125,
            "sigmagnr": 0.09399999678134918,
            "magzpsci": 26.15399932861328,
            "isdiffpos": "t",
            "ssdistnr": null,
            "ssnamenr": null,
            "drb": null
        },
        {
            "candid": 1632428766015015006,
            "jd": 2459386.9287616,
            "ra": 278.927227,
            "dec": 51.12219,
            "fid": 1,
            "nid": 1632,
            "magpsf": 19.87849998474121,
            "sigmapsf": 0.1309790015220642,
            "magnr": 20.30900001525879,
            "sigmagnr": 0.0689999982714653,
            "magzpsci": 26.219499588012695,
            "isdiffpos": "t",
            "ssdistnr": null,
            "ssnamenr": null,
            "drb": null
        },
        {
            "candid": 1636260914815015006,
            "jd": 2459390.7609144,
            "ra": 278.9271575,
            "dec": 51.1223181,
            "fid": 1,
            "nid": 1636,
            "magpsf": 19.755800247192383,
            "sigmapsf": 0.2581140100955963,
            "magnr": 20.36400032043457,
            "sigmagnr": 0.07500000298023224,
            "magzpsci": 26.173799514770508,
            "isdiffpos": "t",
            "ssdistnr": null,
            "ssnamenr": null,
            "drb": null
        },
        {
            "candid": 1636325526015015002,
            "jd": 2459390.8255208,
            "ra": 278.9271673,
            "dec": 51.1221439,
            "fid": 2,
            "nid": 1636,
            "magpsf": 19.002199172973633,
            "sigmapsf": 0.137021005153656,
            "magnr": 20.167999267578125,
            "sigmagnr": 0.09399999678134918,
            "magzpsci": 26.18120002746582,
            "isdiffpos": "t",
            "ssdistnr": null,
            "ssnamenr": null,
            "drb": null
        },
        {
            "candid": 1638266366015015004,
            "jd": 2459392.7663657,
            "ra": 278.9270964,
            "dec": 51.1222123,
            "fid": 1,
            "nid": 1638,
            "magpsf": 19.990800857543945,
            "sigmapsf": 0.19986699521541595,
            "magnr": 20.30900001525879,
            "sigmagnr": 0.0689999982714653,
            "magzpsci": 26.21579933166504,
            "isdiffpos": "t",
            "ssdistnr": null,
            "ssnamenr": null,
            "drb": null
        },
        {
            "candid": 1638342596015015004,
            "jd": 2459392.8425926,
            "ra": 278.927161,
            "dec": 51.1221745,
            "fid": 2,
            "nid": 1638,
            "magpsf": 19.377899169921875,
            "sigmapsf": 0.12714900076389313,
            "magnr": 20.167999267578125,
            "sigmagnr": 0.09399999678134918,
            "magzpsci": 26.140899658203125,
            "isdiffpos": "t",
            "ssdistnr": null,
            "ssnamenr": null,
            "drb": null
        },
        {
            "candid": 1638367294815015004,
            "jd": 2459392.8672917,
            "ra": 278.92716,
            "dec": 51.1221855,
            "fid": 2,
            "nid": 1638,
            "magpsf": 19.453800201416016,
            "sigmapsf": 0.18882699310779572,
            "magnr": 20.167999267578125,
            "sigmagnr": 0.07500000298023224,
            "magzpsci": 26.077800750732422,
            "isdiffpos": "t",
            "ssdistnr": null,
            "ssnamenr": null,
            "drb": null
        },
        {
            "candid": 1640324964815015001,
            "jd": 2459394.8249653,
            "ra": 278.9271534,
            "dec": 51.1221531,
            "fid": 2,
            "nid": 1640,
            "magpsf": 19.185699462890625,
            "sigmapsf": 0.23333999514579773,
            "magnr": 20.167999267578125,
            "sigmagnr": 0.07500000298023224,
            "magzpsci": 25.534700393676758,
            "isdiffpos": "t",
            "ssdistnr": null,
            "ssnamenr": null,
            "drb": null
        },
        {
            "candid": 1640329216015015002,
            "jd": 2459394.829213,
            "ra": 278.9271982,
            "dec": 51.1221753,
            "fid": 2,
            "nid": 1640,
            "magpsf": 19.25,
            "sigmapsf": 0.21081799268722534,
            "magnr": 20.167999267578125,
            "sigmagnr": 0.09399999678134918,
            "magzpsci": 25.68199920654297,
            "isdiffpos": "t",
            "ssdistnr": null,
            "ssnamenr": null,
            "drb": null
        },
        {
            "candid": 1640347184815015004,
            "jd": 2459394.8471875,
            "ra": 278.9271185,
            "dec": 51.1222826,
            "fid": 1,
            "nid": 1640,
            "magpsf": 19.978700637817383,
            "sigmapsf": 0.24748900532722473,
            "magnr": 20.36400032043457,
            "sigmagnr": 0.07500000298023224,
            "magzpsci": 25.984699249267578,
            "isdiffpos": "t",
            "ssdistnr": null,
            "ssnamenr": null,
            "drb": null
        },
        {
            "candid": 1642300356015015009,
            "jd": 2459396.8003588,
            "ra": 278.9271955,
            "dec": 51.1221558,
            "fid": 1,
            "nid": 1642,
            "magpsf": 19.94930076599121,
            "sigmapsf": 0.1919260025024414,
            "magnr": 20.30900001525879,
            "sigmagnr": 0.0689999982714653,
            "magzpsci": 26.16830062866211,
            "isdiffpos": "t",
            "ssdistnr": null,
            "ssnamenr": null,
            "drb": null
        },
        {
            "candid": 1642302284815015006,
            "jd": 2459396.8022801,
            "ra": 278.9269184,
            "dec": 51.122143,
            "fid": 1,
            "nid": 1642,
            "magpsf": 20.0044002532959,
            "sigmapsf": 0.20688800513744354,
            "magnr": 20.36400032043457,
            "sigmagnr": 0.07500000298023224,
            "magzpsci": 26.056400299072266,
            "isdiffpos": "t",
            "ssdistnr": null,
            "ssnamenr": null,
            "drb": null
        },
        {
            "candid": 1642354616015015007,
            "jd": 2459396.8546181,
            "ra": 278.9271668,
            "dec": 51.1221811,
            "fid": 2,
            "nid": 1642,
            "magpsf": 19.398399353027344,
            "sigmapsf": 0.142644003033638,
            "magnr": 20.167999267578125,
            "sigmagnr": 0.09399999678134918,
            "magzpsci": 26.106399536132812,
            "isdiffpos": "t",
            "ssdistnr": null,
            "ssnamenr": null,
            "drb": null
        },
        {
            "candid": 1645291184815015017,
            "jd": 2459399.7911806,
            "ra": 278.9269304,
            "dec": 51.1221651,
            "fid": 1,
            "nid": 1645,
            "magpsf": 20.01930046081543,
            "sigmapsf": 0.18950599431991577,
            "magnr": 20.36400032043457,
            "sigmagnr": 0.07500000298023224,
            "magzpsci": 26.126300811767578,
            "isdiffpos": "t",
            "ssdistnr": null,
            "ssnamenr": null,
            "drb": null
        },
        {
            "candid": 1645305976015015013,
            "jd": 2459399.8059722,
            "ra": 278.9271552,
            "dec": 51.1221854,
            "fid": 1,
            "nid": 1645,
            "magpsf": 20.015100479125977,
            "sigmapsf": 0.16931800544261932,
            "magnr": 20.30900001525879,
            "sigmagnr": 0.0689999982714653,
            "magzpsci": 26.179100036621094,
            "isdiffpos": "t",
            "ssdistnr": null,
            "ssnamenr": null,
            "drb": null
        },
        {
            "candid": 1645345854815015014,
            "jd": 2459399.8458565,
            "ra": 278.9270836,
            "dec": 51.1221781,
            "fid": 2,
            "nid": 1645,
            "magpsf": 19.541099548339844,
            "sigmapsf": 0.14706799387931824,
            "magnr": 20.167999267578125,
            "sigmagnr": 0.07500000298023224,
            "magzpsci": 26.041099548339844,
            "isdiffpos": "t",
            "ssdistnr": null,
            "ssnamenr": null,
            "drb": null
        },
        {
            "candid": 1645349736015015012,
            "jd": 2459399.8497338,
            "ra": 278.9271469,
            "dec": 51.1221778,
            "fid": 2,
            "nid": 1645,
            "magpsf": 19.47010040283203,
            "sigmapsf": 0.10416500270366669,
            "magnr": 20.167999267578125,
            "sigmagnr": 0.09399999678134918,
            "magzpsci": 26.13610076904297,
            "isdiffpos": "t",
            "ssdistnr": null,
            "ssnamenr": null,
            "drb": null
        },
        {
            "candid": 1647347184815015004,
            "jd": 2459401.8471875,
            "ra": 278.9270145,
            "dec": 51.1221872,
            "fid": 2,
            "nid": 1647,
            "magpsf": 19.524499893188477,
            "sigmapsf": 0.12584200501441956,
            "magnr": 20.167999267578125,
            "sigmagnr": 0.07500000298023224,
            "magzpsci": 26.078500747680664,
            "isdiffpos": "t",
            "ssdistnr": null,
            "ssnamenr": null,
            "drb": null
        },
        {
            "candid": 1647353006015015009,
            "jd": 2459401.8530093,
            "ra": 278.9271825,
            "dec": 51.1221866,
            "fid": 2,
            "nid": 1647,
            "magpsf": 19.56760025024414,
            "sigmapsf": 0.11405999958515167,
            "magnr": 20.167999267578125,
            "sigmagnr": 0.09399999678134918,
            "magzpsci": 26.165599822998047,
            "isdiffpos": "t",
            "ssdistnr": null,
            "ssnamenr": null,
            "drb": null
        },
        {
            "candid": 1647368034815015003,
            "jd": 2459401.8680324,
            "ra": 278.9269743,
            "dec": 51.1221683,
            "fid": 1,
            "nid": 1647,
            "magpsf": 20.089500427246094,
            "sigmapsf": 0.2578490078449249,
            "magnr": 20.36400032043457,
            "sigmagnr": 0.07500000298023224,
            "magzpsci": 26.160499572753906,
            "isdiffpos": "t",
            "ssdistnr": null,
            "ssnamenr": null,
            "drb": null
        },
        {
            "candid": 1647378296015015003,
            "jd": 2459401.8782986,
            "ra": 278.9271475,
            "dec": 51.1221308,
            "fid": 1,
            "nid": 1647,
            "magpsf": 20.270599365234375,
            "sigmapsf": 0.22792500257492065,
            "magnr": 20.30900001525879,
            "sigmagnr": 0.0689999982714653,
            "magzpsci": 26.257600784301758,
            "isdiffpos": "t",
            "ssdistnr": null,
            "ssnamenr": null,
            "drb": null
        },
        {
            "candid": 1649324064815015009,
            "jd": 2459403.8240625,
            "ra": 278.9270814,
            "dec": 51.1222345,
            "fid": 2,
            "nid": 1649,
            "magpsf": 19.678800582885742,
            "sigmapsf": 0.10514900088310242,
            "magnr": 20.167999267578125,
            "sigmagnr": 0.07500000298023224,
            "magzpsci": 26.01580047607422,
            "isdiffpos": "t",
            "ssdistnr": null,
            "ssnamenr": null,
            "drb": null
        },
        {
            "candid": 1649341486015015007,
            "jd": 2459403.8414815,
            "ra": 278.9270996,
            "dec": 51.1221454,
            "fid": 2,
            "nid": 1649,
            "magpsf": 19.707000732421875,
            "sigmapsf": 0.1502559930086136,
            "magnr": 20.167999267578125,
            "sigmagnr": 0.09399999678134918,
            "magzpsci": 26.094999313354492,
            "isdiffpos": "t",
            "ssdistnr": null,
            "ssnamenr": null,
            "drb": null
        },
        {
            "candid": 1649374964815015005,
            "jd": 2459403.8749653,
            "ra": 278.9270405,
            "dec": 51.1221917,
            "fid": 1,
            "nid": 1649,
            "magpsf": 20.12470054626465,
            "sigmapsf": 0.227182999253273,
            "magnr": 20.36400032043457,
            "sigmagnr": 0.07500000298023224,
            "magzpsci": 26.014699935913086,
            "isdiffpos": "t",
            "ssdistnr": null,
            "ssnamenr": null,
            "drb": null
        },
        {
            "candid": 1649375436015015006,
            "jd": 2459403.8754398,
            "ra": 278.9272077,
            "dec": 51.122211,
            "fid": 1,
            "nid": 1649,
            "magpsf": 20.152299880981445,
            "sigmapsf": 0.19876599311828613,
            "magnr": 20.30900001525879,
            "sigmagnr": 0.0689999982714653,
            "magzpsci": 26.1382999420166,
            "isdiffpos": "t",
            "ssdistnr": null,
            "ssnamenr": null,
            "drb": null
        },
        {
            "candid": 1651329516015015004,
            "jd": 2459405.8295139,
            "ra": 278.927215,
            "dec": 51.1220984,
            "fid": 1,
            "nid": 1651,
            "magpsf": 20.223100662231445,
            "sigmapsf": 0.19819800555706024,
            "magnr": 20.30900001525879,
            "sigmagnr": 0.0689999982714653,
            "magzpsci": 26.137100219726562,
            "isdiffpos": "t",
            "ssdistnr": null,
            "ssnamenr": null,
            "drb": null
        },
        {
            "candid": 1653287016015015019,
            "jd": 2459407.7870139,
            "ra": 278.92723,
            "dec": 51.1222007,
            "fid": 1,
            "nid": 1653,
            "magpsf": 20.197900772094727,
            "sigmapsf": 0.24234700202941895,
            "magnr": 20.30900001525879,
            "sigmagnr": 0.0689999982714653,
            "magzpsci": 26.05389976501465,
            "isdiffpos": "t",
            "ssdistnr": null,
            "ssnamenr": null,
            "drb": null
        },
        {
            "candid": 1653320254815015003,
            "jd": 2459407.8202546,
            "ra": 278.9270732,
            "dec": 51.1221849,
            "fid": 2,
            "nid": 1653,
            "magpsf": 19.77589988708496,
            "sigmapsf": 0.1576720029115677,
            "magnr": 20.167999267578125,
            "sigmagnr": 0.07500000298023224,
            "magzpsci": 25.923900604248047,
            "isdiffpos": "t",
            "ssdistnr": null,
            "ssnamenr": null,
            "drb": null
        },
        {
            "candid": 1653323136015015009,
            "jd": 2459407.8231366,
            "ra": 278.9271653,
            "dec": 51.1221993,
            "fid": 2,
            "nid": 1653,
            "magpsf": 19.768299102783203,
            "sigmapsf": 0.12891100347042084,
            "magnr": 20.167999267578125,
            "sigmagnr": 0.09399999678134918,
            "magzpsci": 26.00830078125,
            "isdiffpos": "t",
            "ssdistnr": null,
            "ssnamenr": null,
            "drb": null
        },
        {
            "candid": 1655301536015015009,
            "jd": 2459409.8015394,
            "ra": 278.9271505,
            "dec": 51.1221969,
            "fid": 2,
            "nid": 1655,
            "magpsf": 19.796199798583984,
            "sigmapsf": 0.150395005941391,
            "magnr": 20.167999267578125,
            "sigmagnr": 0.09399999678134918,
            "magzpsci": 26.040199279785156,
            "isdiffpos": "t",
            "ssdistnr": null,
            "ssnamenr": null,
            "drb": null
        },
        {
            "candid": 1655324864815015013,
            "jd": 2459409.8248611,
            "ra": 278.9269958,
            "dec": 51.1221793,
            "fid": 1,
            "nid": 1655,
            "magpsf": 20.191299438476562,
            "sigmapsf": 0.23213599622249603,
            "magnr": 20.36400032043457,
            "sigmagnr": 0.07500000298023224,
            "magzpsci": 25.988300323486328,
            "isdiffpos": "t",
            "ssdistnr": null,
            "ssnamenr": null,
            "drb": null
        },
        {
            "candid": 1657263866015015005,
            "jd": 2459411.7638657,
            "ra": 278.9270969,
            "dec": 51.1221904,
            "fid": 2,
            "nid": 1657,
            "magpsf": 19.865299224853516,
            "sigmapsf": 0.1994599997997284,
            "magnr": 20.167999267578125,
            "sigmagnr": 0.09399999678134918,
            "magzpsci": 25.988300323486328,
            "isdiffpos": "t",
            "ssdistnr": null,
            "ssnamenr": null,
            "drb": null
        },
        {
            "candid": 1657319274815015013,
            "jd": 2459411.8192708,
            "ra": 278.9271319,
            "dec": 51.1221094,
            "fid": 1,
            "nid": 1657,
            "magpsf": 20.13559913635254,
            "sigmapsf": 0.2515130043029785,
            "magnr": 20.36400032043457,
            "sigmagnr": 0.07500000298023224,
            "magzpsci": 25.886600494384766,
            "isdiffpos": "t",
            "ssdistnr": null,
            "ssnamenr": null,
            "drb": null
        },
        {
            "candid": 1660305036015015007,
            "jd": 2459414.8050347,
            "ra": 278.927104,
            "dec": 51.1222279,
            "fid": 2,
            "nid": 1660,
            "magpsf": 20.061100006103516,
            "sigmapsf": 0.18769900500774384,
            "magnr": 20.167999267578125,
            "sigmagnr": 0.09399999678134918,
            "magzpsci": 26.11910057067871,
            "isdiffpos": "t",
            "ssdistnr": null,
            "ssnamenr": null,
            "drb": null
        },
        {
            "candid": 1660384836015015011,
            "jd": 2459414.884838,
            "ra": 278.9271409,
            "dec": 51.1222054,
            "fid": 1,
            "nid": 1660,
            "magpsf": 20.39430046081543,
            "sigmapsf": 0.20381000638008118,
            "magnr": 20.30900001525879,
            "sigmagnr": 0.0689999982714653,
            "magzpsci": 26.180299758911133,
            "isdiffpos": "t",
            "ssdistnr": null,
            "ssnamenr": null,
            "drb": null
        },
        {
            "candid": 1660387664815015004,
            "jd": 2459414.887662,
            "ra": 278.9270886,
            "dec": 51.1221354,
            "fid": 1,
            "nid": 1660,
            "magpsf": 20.188940048217773,
            "sigmapsf": 0.18294799327850342,
            "magnr": 20.36400032043457,
            "sigmagnr": 0.07500000298023224,
            "magzpsci": 26.08094024658203,
            "isdiffpos": "t",
            "ssdistnr": -999.0,
            "ssnamenr": "null",
            "drb": null
        },
        {
            "jd": 2459291.8858333,
            "fid": 2,
            "diffmaglim": 20.065799713134766
        },
        {
            "jd": 2459291.9660417,
            "fid": 2,
            "diffmaglim": 20.10740089416504
        },
        {
            "jd": 2459292.0098264,
            "fid": 1,
            "diffmaglim": 20.668899536132812
        },
        {
            "jd": 2459292.0122569,
            "fid": 1,
            "diffmaglim": 20.52669906616211
        },
        {
            "jd": 2459295.9916667,
            "fid": 2,
            "diffmaglim": 20.233999252319336
        },
        {
            "jd": 2459296.0063542,
            "fid": 2,
            "diffmaglim": 20.022199630737305
        },
        {
            "jd": 2459297.9337847,
            "fid": 2,
            "diffmaglim": 19.730199813842773
        },
        {
            "jd": 2459297.9486574,
            "fid": 1,
            "diffmaglim": 19.67460060119629
        },
        {
            "jd": 2459298.9058102,
            "fid": 2,
            "diffmaglim": 19.293699264526367
        },
        {
            "jd": 2459298.9294213,
            "fid": 1,
            "diffmaglim": 19.63719940185547
        },
        {
            "jd": 2459301.9103125,
            "fid": 2,
            "diffmaglim": 19.01810073852539
        },
        {
            "jd": 2459302.0075231,
            "fid": 1,
            "diffmaglim": 19.42169952392578
        },
        {
            "jd": 2459302.8838079,
            "fid": 1,
            "diffmaglim": 19.07710075378418
        },
        {
            "jd": 2459302.9476042,
            "fid": 2,
            "diffmaglim": 19.558300018310547
        },
        {
            "jd": 2459304.9486111,
            "fid": 2,
            "diffmaglim": 19.279399871826172
        },
        {
            "jd": 2459304.9706944,
            "fid": 2,
            "diffmaglim": 19.362300872802734
        },
        {
            "jd": 2459304.9914352,
            "fid": 1,
            "diffmaglim": 18.98259925842285
        },
        {
            "jd": 2459305.0037384,
            "fid": 1,
            "diffmaglim": 19.073999404907227
        },
        {
            "jd": 2459307.9721875,
            "fid": 2,
            "diffmaglim": 20.413400650024414
        },
        {
            "jd": 2459307.972662,
            "fid": 2,
            "diffmaglim": 20.328800201416016
        },
        {
            "jd": 2459307.9983796,
            "fid": 1,
            "diffmaglim": 20.423999786376953
        },
        {
            "jd": 2459309.9502431,
            "fid": 1,
            "diffmaglim": 20.587200164794922
        },
        {
            "jd": 2459309.9871644,
            "fid": 2,
            "diffmaglim": 20.18779945373535
        },
        {
            "jd": 2459310.9734838,
            "fid": 1,
            "diffmaglim": 20.64739990234375
        },
        {
            "jd": 2459310.9994213,
            "fid": 2,
            "diffmaglim": 20.408599853515625
        },
        {
            "jd": 2459311.9504861,
            "fid": 1,
            "diffmaglim": 20.88719940185547
        },
        {
            "jd": 2459311.9880787,
            "fid": 2,
            "diffmaglim": 20.679399490356445
        },
        {
            "jd": 2459313.9487269,
            "fid": 2,
            "diffmaglim": 20.115999221801758
        },
        {
            "jd": 2459313.9501389,
            "fid": 2,
            "diffmaglim": 20.29829978942871
        },
        {
            "jd": 2459313.9881019,
            "fid": 1,
            "diffmaglim": 20.453500747680664
        },
        {
            "jd": 2459313.988588,
            "fid": 1,
            "diffmaglim": 20.624300003051758
        },
        {
            "jd": 2459315.9506134,
            "fid": 2,
            "diffmaglim": 18.877300262451172
        },
        {
            "jd": 2459315.951088,
            "fid": 2,
            "diffmaglim": 18.689699172973633
        },
        {
            "jd": 2459323.9683449,
            "fid": 1,
            "diffmaglim": 20.618600845336914
        },
        {
            "jd": 2459323.9864699,
            "fid": 2,
            "diffmaglim": 20.488399505615234
        },
        {
            "jd": 2459347.8646181,
            "fid": 2,
            "diffmaglim": 21.084299087524414
        },
        {
            "jd": 2459347.9312153,
            "fid": 1,
            "diffmaglim": 21.332000732421875
        },
        {
            "jd": 2459380.806956,
            "fid": 1,
            "diffmaglim": 19.275999069213867
        },
        {
            "jd": 2459380.8903704,
            "fid": 2,
            "diffmaglim": 17.629499435424805
        },
        {
            "jd": 2459384.7342824,
            "fid": 1,
            "diffmaglim": 19.573999404907227
        },
        {
            "jd": 2459390.7408796,
            "fid": 1,
            "diffmaglim": 19.516199111938477
        },
        {
            "jd": 2459390.8240972,
            "fid": 2,
            "diffmaglim": 19.836299896240234
        },
        {
            "jd": 2459394.8453125,
            "fid": 1,
            "diffmaglim": 20.16360092163086
        },
        {
            "jd": 2459405.8256019,
            "fid": 1,
            "diffmaglim": 20.574399948120117
        },
        {
            "jd": 2459409.8258333,
            "fid": 1,
            "diffmaglim": 20.790199279785156
        },
        {
            "jd": 2459411.7629282,
            "fid": 2,
            "diffmaglim": 20.28260040283203
        },
        {
            "jd": 2459414.8007292,
            "fid": 2,
            "diffmaglim": 20.231300354003906
        }
    ],
    "forcedphot": []
}