{
    "objectId": "ZTF22aadetzs",
    "candidates": [
        {
            "candid": 1919349050315015003,
            "jd": 2459673.8490509,
            "ra": 239.4629411,
            "dec": 29.9196793,
            "fid": 1,
            "nid": 1919,
            "magpsf": 19.101900100708008,
            "sigmapsf": 0.09471999853849411,
            "magnr": 22.836000442504883,
            "sigmagnr": 0.35899999737739563,
            "magzpsci": 25.968900680541992,
            "isdiffpos": "t",
            "ssdistnr": null,
            "ssnamenr": null,
            "drb": 0.9999859929084778
        },
        {
            "candid": 1919349050315025004,
            "jd": 2459673.8490509,
            "ra": 239.4629402,
            "dec": 29.9196792,
            "fid": 1,
            "nid": 1919,
            "magpsf": 19.09280014038086,
            "sigmapsf": 0.09387700259685516,
            "magnr": 22.836000442504883,
            "sigmagnr": 0.35899999737739563,
            "magzpsci": 25.97279930114746,
            "isdiffpos": "t",
            "ssdistnr": null,
            "ssnamenr": null,
            "drb": null
        },
        {
            "candid": 1919371810315015003,
            "jd": 2459673.8718171,
            "ra": 239.4630004,
            "dec": 29.9196569,
            "fid": 2,
            "nid": 1919,
            "magpsf": 19.159700393676758,
            "sigmapsf": 0.1324940025806427,
            "magnr": 23.18899917602539,
            "sigmagnr": 0.3160000145435333,
            "magzpsci": 25.92970085144043,
            "isdiffpos": "t",
            "ssdistnr": null,
            "ssnamenr": null,
            "drb": null
        },
        {
            "candid": 1919371810315025003,
            "jd": 2459673.8718171,
            "ra": 239.4630051,
            "dec": 29.9196623,
            "fid": 2,
            "nid": 1919,
            "magpsf": 19.157899856567383,
            "sigmapsf": 0.13227300345897675,
            "magnr": 23.18899917602539,
            "sigmagnr": 0.3160000145435333,
            "magzpsci": 25.93000030517578,
            "isdiffpos": "t",
            "ssdistnr": null,
            "ssnamenr": null,
            "drb": null
        },
        {
            "candid": 1919381121415015010,
            "jd": 2459673.8811227,
            "ra": 239.4630657,
            "dec": 29.9196421,
            "fid": 2,
            "nid": 1919,
            "magpsf": 19.17530059814453,
            "sigmapsf": 0.15792199969291687,
            "magnr": 22.604999542236328,
            "sigmagnr": 0.2639999985694885,
            "magzpsci": 25.94930076599121,
            "isdiffpos": "t",
            "ssdistnr": null,
            "ssnamenr": null,
            "drb": null
        },
        {
            "candid": 1919381121415025015,
            "jd": 2459673.8811227,
            "ra": 239.4630675,
            "dec": 29.9196415,
            "fid": 2,
            "nid": 1919,
            "magpsf": 19.182100296020508,
            "sigmapsf": 0.1603260040283203,
            "magnr": 22.604999542236328,
            "sigmagnr": 0.2639999985694885,
            "magzpsci": 25.95009994506836,
            "isdiffpos": "t",
            "ssdistnr": null,
            "ssnamenr": null,
            "drb": null
        },
        {
            "candid": 1919411581415015011,
            "jd": 2459673.9115856,
            "ra": 239.4630653,
            "dec": 29.9196782,
            "fid": 1,
            "nid": 1919,
            "magpsf": 19.059099197387695,
            "sigmapsf": 0.12167800217866898,
            "magnr": 21.687000274658203,
            "sigmagnr": 0.1720000058412552,
            "magzpsci": 26.08810043334961,
            "isdiffpos": "t",
            "ssdistnr": null,
            "ssnamenr": null,
            "drb": null
        },
        {
            "candid": 1919411581415025013,
            "jd": 2459673.9115856,
            "ra": 239.4630679,
            "dec": 29.9196748,
            "fid": 1,
            "nid": 1919,
            "magpsf": 19.05660057067871,
            "sigmapsf": 0.12324699759483337,
            "magnr": 21.687000274658203,
            "sigmagnr": 0.1720000058412552,
            "magzpsci": 26.090599060058594,
            "isdiffpos": "t",
            "ssdistnr": null,
            "ssnamenr": null,
            "drb": null
        },
        {
            "candid": 1921391450315015005,
            "jd": 2459675.8914583,
            "ra": 239.463003,
            "dec": 29.9196948,
            "fid": 1,
            "nid": 1921,
            "magpsf": 19.04829978942871,
            "sigmapsf": 0.09473299980163574,
            "magnr": 22.836000442504883,
            "sigmagnr": 0.35899999737739563,
            "magzpsci": 26.110300064086914,
            "isdiffpos": "t",
            "ssdistnr": null,
            "ssnamenr": null,
            "drb": null
        },
        {
            "candid": 1921391941415015010,
            "jd": 2459675.8919444,
            "ra": 239.4630327,
            "dec": 29.9196729,
            "fid": 1,
            "nid": 1921,
            "magpsf": 19.066999435424805,
            "sigmapsf": 0.1261889934539795,
            "magnr": 21.687000274658203,
            "sigmagnr": 0.1720000058412552,
            "magzpsci": 26.13800048828125,
            "isdiffpos": "t",
            "ssdistnr": null,
            "ssnamenr": null,
            "drb": null
        },
        {
            "candid": 1921414940315015002,
            "jd": 2459675.9149421,
            "ra": 239.462991,
            "dec": 29.9196687,
            "fid": 2,
            "nid": 1921,
            "magpsf": 19.125999450683594,
            "sigmapsf": 0.09150200337171555,
            "magnr": 23.18899917602539,
            "sigmagnr": 0.3160000145435333,
            "magzpsci": 26.016000747680664,
            "isdiffpos": "t",
            "ssdistnr": null,
            "ssnamenr": null,
            "drb": null
        },
        {
            "candid": 1921425771415015008,
            "jd": 2459675.9257755,
            "ra": 239.4630446,
            "dec": 29.9196753,
            "fid": 2,
            "nid": 1921,
            "magpsf": 18.98270034790039,
            "sigmapsf": 0.10380800068378448,
            "magnr": 22.604999542236328,
            "sigmagnr": 0.2639999985694885,
            "magzpsci": 26.000699996948242,
            "isdiffpos": "t",
            "ssdistnr": null,
            "ssnamenr": null,
            "drb": null
        },
        {
            "candid": 1923338810315015004,
            "jd": 2459677.8388194,
            "ra": 239.4629782,
            "dec": 29.9196641,
            "fid": 1,
            "nid": 1923,
            "magpsf": 18.984899520874023,
            "sigmapsf": 0.10938599705696106,
            "magnr": 22.836000442504883,
            "sigmagnr": 0.35899999737739563,
            "magzpsci": 26.078899383544922,
            "isdiffpos": "t",
            "ssdistnr": null,
            "ssnamenr": null,
            "drb": null
        },
        {
            "candid": 1923339291415015004,
            "jd": 2459677.839294,
            "ra": 239.463026,
            "dec": 29.9196674,
            "fid": 1,
            "nid": 1923,
            "magpsf": 19.067399978637695,
            "sigmapsf": 0.12525400519371033,
            "magnr": 21.687000274658203,
            "sigmagnr": 0.1720000058412552,
            "magzpsci": 26.097400665283203,
            "isdiffpos": "t",
            "ssdistnr": null,
            "ssnamenr": null,
            "drb": null
        },
        {
            "candid": 1923404940315015003,
            "jd": 2459677.9049421,
            "ra": 239.462989,
            "dec": 29.9196174,
            "fid": 2,
            "nid": 1923,
            "magpsf": 19.168800354003906,
            "sigmapsf": 0.12616199254989624,
            "magnr": 23.18899917602539,
            "sigmagnr": 0.3160000145435333,
            "magzpsci": 26.028799057006836,
            "isdiffpos": "t",
            "ssdistnr": null,
            "ssnamenr": null,
            "drb": null
        },
        {
            "candid": 1923424831415015013,
            "jd": 2459677.924838,
            "ra": 239.4630607,
            "dec": 29.9196558,
            "fid": 2,
            "nid": 1923,
            "magpsf": 19.08169937133789,
            "sigmapsf": 0.100102998316288,
            "magnr": 22.604999542236328,
            "sigmagnr": 0.2639999985694885,
            "magzpsci": 26.034700393676758,
            "isdiffpos": "t",
            "ssdistnr": null,
            "ssnamenr": null,
            "drb": null
        },
        {
            "candid": 1925296970315015007,
            "jd": 2459679.7969792,
            "ra": 239.4630336,
            "dec": 29.9196787,
            "fid": 1,
            "nid": 1925,
            "magpsf": 19.15399932861328,
            "sigmapsf": 0.12040600180625916,
            "magnr": 22.836000442504883,
            "sigmagnr": 0.35899999737739563,
            "magzpsci": 26.05900001525879,
            "isdiffpos": "t",
            "ssdistnr": null,
            "ssnamenr": null,
            "drb": null
        },
        {
            "candid": 1925329431415015008,
            "jd": 2459679.8294329,
            "ra": 239.4630026,
            "dec": 29.9196988,
            "fid": 1,
            "nid": 1925,
            "magpsf": 19.04490089416504,
            "sigmapsf": 0.10040000081062317,
            "magnr": 21.687000274658203,
            "sigmagnr": 0.1720000058412552,
            "magzpsci": 26.12689971923828,
            "isdiffpos": "t",
            "ssdistnr": null,
            "ssnamenr": null,
            "drb": null
        },
        {
            "candid": 1925370210315015004,
            "jd": 2459679.8702199,
            "ra": 239.4629836,
            "dec": 29.9196469,
            "fid": 2,
            "nid": 1925,
            "magpsf": 19.00349998474121,
            "sigmapsf": 0.08096399903297424,
            "magnr": 23.18899917602539,
            "sigmagnr": 0.3160000145435333,
            "magzpsci": 26.037500381469727,
            "isdiffpos": "t",
            "ssdistnr": null,
            "ssnamenr": null,
            "drb": null
        },
        {
            "candid": 1925386721415015007,
            "jd": 2459679.8867245,
            "ra": 239.4630359,
            "dec": 29.9196731,
            "fid": 2,
            "nid": 1925,
            "magpsf": 19.034400939941406,
            "sigmapsf": 0.1062769964337349,
            "magnr": 22.604999542236328,
            "sigmagnr": 0.2639999985694885,
            "magzpsci": 26.045400619506836,
            "isdiffpos": "t",
            "ssdistnr": null,
            "ssnamenr": null,
            "drb": null
        },
        {
            "candid": 1929302780315015047,
            "jd": 2459683.8027894,
            "ra": 239.4630038,
            "dec": 29.9195994,
            "fid": 1,
            "nid": 1929,
            "magpsf": 19.0625,
            "sigmapsf": 0.1943719983100891,
            "magnr": 22.836000442504883,
            "sigmagnr": 0.35899999737739563,
            "magzpsci": 26.11750030517578,
            "isdiffpos": "t",
            "ssdistnr": null,
            "ssnamenr": null,
            "drb": null
        },
        {
            "candid": 1929387821415015010,
            "jd": 2459683.8878241,
            "ra": 239.4630294,
            "dec": 29.919672,
            "fid": 2,
            "nid": 1929,
            "magpsf": 19.091299057006836,
            "sigmapsf": 0.12013799697160721,
            "magnr": 22.604999542236328,
            "sigmagnr": 0.2639999985694885,
            "magzpsci": 26.051300048828125,
            "isdiffpos": "t",
            "ssdistnr": null,
            "ssnamenr": null,
            "drb": null
        },
        {
            "candid": 1929388790315015003,
            "jd": 2459683.8887963,
            "ra": 239.4629551,
            "dec": 29.9197047,
            "fid": 2,
            "nid": 1929,
            "magpsf": 19.060300827026367,
            "sigmapsf": 0.1117900013923645,
            "magnr": 23.18899917602539,
            "sigmagnr": 0.3160000145435333,
            "magzpsci": 26.04330062866211,
            "isdiffpos": "t",
            "ssdistnr": null,
            "ssnamenr": null,
            "drb": null
        },
        {
            "candid": 1929442081415015015,
            "jd": 2459683.9420833,
            "ra": 239.4629735,
            "dec": 29.919676,
            "fid": 1,
            "nid": 1929,
            "magpsf": 19.16510009765625,
            "sigmapsf": 0.1220950037240982,
            "magnr": 21.687000274658203,
            "sigmagnr": 0.1720000058412552,
            "magzpsci": 26.186100006103516,
            "isdiffpos": "t",
            "ssdistnr": null,
            "ssnamenr": null,
            "drb": null
        },
        {
            "candid": 1931348371415015025,
            "jd": 2459685.8483796,
            "ra": 239.4629964,
            "dec": 29.9196367,
            "fid": 2,
            "nid": 1931,
            "magpsf": 19.08690071105957,
            "sigmapsf": 0.13190199434757233,
            "magnr": 22.604999542236328,
            "sigmagnr": 0.2639999985694885,
            "magzpsci": 26.06290054321289,
            "isdiffpos": "t",
            "ssdistnr": null,
            "ssnamenr": null,
            "drb": null
        },
        {
            "candid": 1931348850315015004,
            "jd": 2459685.8488542,
            "ra": 239.4629307,
            "dec": 29.9196636,
            "fid": 2,
            "nid": 1931,
            "magpsf": 19.26689910888672,
            "sigmapsf": 0.20553000271320343,
            "magnr": 23.18899917602539,
            "sigmagnr": 0.3160000145435333,
            "magzpsci": 26.056900024414062,
            "isdiffpos": "t",
            "ssdistnr": null,
            "ssnamenr": null,
            "drb": null
        },
        {
            "candid": 1934401360315015007,
            "jd": 2459688.9013657,
            "ra": 239.4629501,
            "dec": 29.9196454,
            "fid": 1,
            "nid": 1934,
            "magpsf": 19.472299575805664,
            "sigmapsf": 0.17660899460315704,
            "magnr": 22.836000442504883,
            "sigmagnr": 0.35899999737739563,
            "magzpsci": 26.03030014038086,
            "isdiffpos": "t",
            "ssdistnr": null,
            "ssnamenr": null,
            "drb": null
        },
        {
            "candid": 1939320570315015007,
            "jd": 2459693.8205787,
            "ra": 239.462985,
            "dec": 29.9196988,
            "fid": 2,
            "nid": 1939,
            "magpsf": 19.53700065612793,
            "sigmapsf": 0.13768599927425385,
            "magnr": 23.18899917602539,
            "sigmagnr": 0.3160000145435333,
            "magzpsci": 25.968000411987305,
            "isdiffpos": "t",
            "ssdistnr": null,
            "ssnamenr": null,
            "drb": null
        },
        {
            "candid": 1939321051415015015,
            "jd": 2459693.8210532,
            "ra": 239.4630647,
            "dec": 29.9196467,
            "fid": 2,
            "nid": 1939,
            "magpsf": 19.468900680541992,
            "sigmapsf": 0.1276160031557083,
            "magnr": 22.604999542236328,
            "sigmagnr": 0.2639999985694885,
            "magzpsci": 25.968900680541992,
            "isdiffpos": "t",
            "ssdistnr": null,
            "ssnamenr": null,
            "drb": null
        },
        {
            "candid": 1939430740315015006,
            "jd": 2459693.9307407,
            "ra": 239.4629644,
            "dec": 29.919762,
            "fid": 1,
            "nid": 1939,
            "magpsf": 19.998699188232422,
            "sigmapsf": 0.16655899584293365,
            "magnr": 22.836000442504883,
            "sigmagnr": 0.35899999737739563,
            "magzpsci": 26.103700637817383,
            "isdiffpos": "t",
            "ssdistnr": null,
            "ssnamenr": null,
            "drb": null
        },
        {
            "candid": 1939431211415015019,
            "jd": 2459693.9312153,
            "ra": 239.4630475,
            "dec": 29.9196574,
            "fid": 1,
            "nid": 1939,
            "magpsf": 19.906999588012695,
            "sigmapsf": 0.1414799988269806,
            "magnr": 21.687000274658203,
            "sigmagnr": 0.1720000058412552,
            "magzpsci": 26.113000869750977,
            "isdiffpos": "t",
            "ssdistnr": null,
            "ssnamenr": null,
            "drb": null
        },
        {
            "candid": 1941361221415015019,
            "jd": 2459695.8612269,
            "ra": 239.4630598,
            "dec": 29.919661,
            "fid": 1,
            "nid": 1941,
            "magpsf": 20.073999404907227,
            "sigmapsf": 0.32416701316833496,
            "magnr": 21.687000274658203,
            "sigmagnr": 0.1720000058412552,
            "magzpsci": 25.145000457763672,
            "isdiffpos": "t",
            "ssdistnr": null,
            "ssnamenr": null,
            "drb": null
        },
        {
            "candid": 1943371650315015046,
            "jd": 2459697.8716551,
            "ra": 239.4629865,
            "dec": 29.9196451,
            "fid": 2,
            "nid": 1943,
            "magpsf": 19.59429931640625,
            "sigmapsf": 0.25791800022125244,
            "magnr": 23.18899917602539,
            "sigmagnr": 0.3160000145435333,
            "magzpsci": 25.198299407958984,
            "isdiffpos": "t",
            "ssdistnr": null,
            "ssnamenr": null,
            "drb": null
        },
        {
            "candid": 1943395411415015010,
            "jd": 2459697.8954167,
            "ra": 239.4630418,
            "dec": 29.9196736,
            "fid": 2,
            "nid": 1943,
            "magpsf": 19.399599075317383,
            "sigmapsf": 0.28372201323509216,
            "magnr": 22.604999542236328,
            "sigmagnr": 0.2639999985694885,
            "magzpsci": 24.689599990844727,
            "isdiffpos": "t",
            "ssdistnr": null,
            "ssnamenr": null,
            "drb": null
        },
        {
            "candid": 1943432010315015016,
            "jd": 2459697.9320139,
            "ra": 239.4629046,
            "dec": 29.9196881,
            "fid": 1,
            "nid": 1943,
            "magpsf": 20.640899658203125,
            "sigmapsf": 0.19889399409294128,
            "magnr": 22.836000442504883,
            "sigmagnr": 0.35899999737739563,
            "magzpsci": 26.1289005279541,
            "isdiffpos": "t",
            "ssdistnr": null,
            "ssnamenr": null,
            "drb": null
        },
        {
            "candid": 1943454361415015017,
            "jd": 2459697.9543634,
            "ra": 239.4629836,
            "dec": 29.9197169,
            "fid": 1,
            "nid": 1943,
            "magpsf": 20.56529998779297,
            "sigmapsf": 0.23848000168800354,
            "magnr": 21.687000274658203,
            "sigmagnr": 0.1720000058412552,
            "magzpsci": 26.119300842285156,
            "isdiffpos": "t",
            "ssdistnr": null,
            "ssnamenr": null,
            "drb": null
        },
        {
            "candid": 1946301071415015006,
            "jd": 2459700.8010764,
            "ra": 239.4630239,
            "dec": 29.9196623,
            "fid": 2,
            "nid": 1946,
            "magpsf": 19.62649917602539,
            "sigmapsf": 0.16821399331092834,
            "magnr": 22.604999542236328,
            "sigmagnr": 0.2639999985694885,
            "magzpsci": 25.99850082397461,
            "isdiffpos": "t",
            "ssdistnr": null,
            "ssnamenr": null,
            "drb": null
        },
        {
            "candid": 1946309750315015005,
            "jd": 2459700.8097569,
            "ra": 239.4629935,
            "dec": 29.9196154,
            "fid": 2,
            "nid": 1946,
            "magpsf": 19.680400848388672,
            "sigmapsf": 0.15901100635528564,
            "magnr": 23.18899917602539,
            "sigmagnr": 0.3160000145435333,
            "magzpsci": 25.999399185180664,
            "isdiffpos": "t",
            "ssdistnr": null,
            "ssnamenr": null,
            "drb": null
        },
        {
            "candid": 1946348731415015011,
            "jd": 2459700.8487384,
            "ra": 239.462914,
            "dec": 29.9196453,
            "fid": 1,
            "nid": 1946,
            "magpsf": 20.7726993560791,
            "sigmapsf": 0.279805988073349,
            "magnr": 21.687000274658203,
            "sigmagnr": 0.1720000058412552,
            "magzpsci": 26.114700317382812,
            "isdiffpos": "t",
            "ssdistnr": null,
            "ssnamenr": null,
            "drb": null
        },
        {
            "candid": 1946349200315015008,
            "jd": 2459700.8492014,
            "ra": 239.4628138,
            "dec": 29.9194767,
            "fid": 1,
            "nid": 1946,
            "magpsf": 20.786300659179688,
            "sigmapsf": 0.33842000365257263,
            "magnr": 22.836000442504883,
            "sigmagnr": 0.35899999737739563,
            "magzpsci": 26.121299743652344,
            "isdiffpos": "t",
            "ssdistnr": null,
            "ssnamenr": null,
            "drb": null
        },
        {
            "candid": 1948303980315015007,
            "jd": 2459702.8039815,
            "ra": 239.4628759,
            "dec": 29.9197595,
            "fid": 1,
            "nid": 1948,
            "magpsf": 20.8356990814209,
            "sigmapsf": 0.2692970037460327,
            "magnr": 22.836000442504883,
            "sigmagnr": 0.35899999737739563,
            "magzpsci": 26.086700439453125,
            "isdiffpos": "t",
            "ssdistnr": null,
            "ssnamenr": null,
            "drb": null
        },
        {
            "candid": 1948330411415015019,
            "jd": 2459702.8304167,
            "ra": 239.4630116,
            "dec": 29.9197395,
            "fid": 1,
            "nid": 1948,
            "magpsf": 20.7721004486084,
            "sigmapsf": 0.24521499872207642,
            "magnr": 21.687000274658203,
            "sigmagnr": 0.1720000058412552,
            "magzpsci": 26.116100311279297,
            "isdiffpos": "t",
            "ssdistnr": null,
            "ssnamenr": null,
            "drb": null
        },
        {
            "candid": 1948370011415015003,
            "jd": 2459702.8700116,
            "ra": 239.4630628,
            "dec": 29.9196634,
            "fid": 2,
            "nid": 1948,
            "magpsf": 19.809200286865234,
            "sigmapsf": 0.17610399425029755,
            "magnr": 22.604999542236328,
            "sigmagnr": 0.2639999985694885,
            "magzpsci": 26.004199981689453,
            "isdiffpos": "t",
            "ssdistnr": null,
            "ssnamenr": null,
            "drb": null
        },
        {
            "candid": 1953308910315015002,
            "jd": 2459707.808912,
            "ra": 239.4628387,
            "dec": 29.9195837,
            "fid": 2,
            "nid": 1953,
            "magpsf": 19.961700439453125,
            "sigmapsf": 0.24873000383377075,
            "magnr": 23.18899917602539,
            "sigmagnr": 0.3160000145435333,
            "magzpsci": 26.062700271606445,
            "isdiffpos": "t",
            "ssdistnr": null,
            "ssnamenr": null,
            "drb": null
        },
        {
            "candid": 1953354050315015004,
            "jd": 2459707.8540509,
            "ra": 239.4630157,
            "dec": 29.9195904,
            "fid": 2,
            "nid": 1953,
            "magpsf": 20.04490089416504,
            "sigmapsf": 0.2034119963645935,
            "magnr": 23.18899917602539,
            "sigmagnr": 0.3160000145435333,
            "magzpsci": 26.058900833129883,
            "isdiffpos": "t",
            "ssdistnr": null,
            "ssnamenr": null,
            "drb": null
        },
        {
            "candid": 1954436721415015015,
            "jd": 2459708.9367245,
            "ra": 239.4630229,
            "dec": 29.9196893,
            "fid": 2,
            "nid": 1954,
            "magpsf": 19.898300170898438,
            "sigmapsf": 0.17101700603961945,
            "magnr": 22.604999542236328,
            "sigmagnr": 0.2639999985694885,
            "magzpsci": 26.04330062866211,
            "isdiffpos": "t",
            "ssdistnr": null,
            "ssnamenr": null,
            "drb": null
        },
        {
            "candid": 1955404440315015003,
            "jd": 2459709.9044444,
            "ra": 239.4629765,
            "dec": 29.9196168,
            "fid": 2,
            "nid": 1955,
            "magpsf": 20.24519920349121,
            "sigmapsf": 0.23196600377559662,
            "magnr": 23.18899917602539,
            "sigmagnr": 0.3160000145435333,
            "magzpsci": 26.022199630737305,
            "isdiffpos": "t",
            "ssdistnr": null,
            "ssnamenr": null,
            "drb": null
        },
        {
            "candid": 1965323001415015010,
            "jd": 2459719.8230093,
            "ra": 239.4630504,
            "dec": 29.9196564,
            "fid": 2,
            "nid": 1965,
            "magpsf": 20.322599411010742,
            "sigmapsf": 0.2811489999294281,
            "magnr": 22.604999542236328,
            "sigmagnr": 0.2639999985694885,
            "magzpsci": 26.050600051879883,
            "isdiffpos": "t",
            "ssdistnr": null,
            "ssnamenr": null,
            "drb": null
        },
        {
            "candid": 1969306441415015009,
            "jd": 2459723.8064468,
            "ra": 239.4629935,
            "dec": 29.9196997,
            "fid": 2,
            "nid": 1969,
            "magpsf": 20.578569412231445,
            "sigmapsf": 0.20739799737930298,
            "magnr": 22.604999542236328,
            "sigmagnr": 0.2639999985694885,
            "magzpsci": 25.997560501098633,
            "isdiffpos": "t",
            "ssdistnr": -999.0,
            "ssnamenr": "null",
            "drb": null
        },
        {
            "jd": 2459685.8914583,
            "fid": 1,
            "diffmaglim": 19.093599319458008
        },
        {
            "jd": 2459685.8919213,
            "fid": 1,
            "diffmaglim": 19.03179931640625
        },
        {
            "jd": 2459688.8809722,
            "fid": 2,
            "diffmaglim": 18.595300674438477
        },
        {
            "jd": 2459688.8814468,
            "fid": 2,
            "diffmaglim": 18.358699798583984
        },
        {
            "jd": 2459695.8786921,
            "fid": 1,
            "diffmaglim": 18.175199508666992
        },
        {
            "jd": 2459695.9259259,
            "fid": 2,
            "diffmaglim": 17.324899673461914
        },
        {
            "jd": 2459695.9263889,
            "fid": 2,
            "diffmaglim": 17.214500427246094
        },
        {
            "jd": 2459710.8718403,
            "fid": 2,
            "diffmaglim": 20.010299682617188
        },
        {
            "jd": 2459710.9308796,
            "fid": 1,
            "diffmaglim": 20.315399169921875
        },
        {
            "jd": 2459711.8433565,
            "fid": 2,
            "diffmaglim": 19.569000244140625
        },
        {
            "jd": 2459711.9118981,
            "fid": 1,
            "diffmaglim": 19.5408992767334
        },
        {
            "jd": 2459712.9477431,
            "fid": 1,
            "diffmaglim": 19.87980079650879
        },
        {
            "jd": 2459713.8072801,
            "fid": 2,
            "diffmaglim": 19.52829933166504
        },
        {
            "jd": 2459713.9573148,
            "fid": 1,
            "diffmaglim": 19.054399490356445
        },
        {
            "jd": 2459714.8090278,
            "fid": 1,
            "diffmaglim": 19.38759994506836
        },
        {
            "jd": 2459714.8456944,
            "fid": 2,
            "diffmaglim": 19.535900115966797
        },
        {
            "jd": 2459715.7841435,
            "fid": 1,
            "diffmaglim": 19.190500259399414
        },
        {
            "jd": 2459717.7609606,
            "fid": 2,
            "diffmaglim": 19.88990020751953
        },
        {
            "jd": 2459717.8211806,
            "fid": 1,
            "diffmaglim": 19.584299087524414
        },
        {
            "jd": 2459719.8530903,
            "fid": 2,
            "diffmaglim": 19.866199493408203
        },
        {
            "jd": 2459719.9116435,
            "fid": 2,
            "diffmaglim": 19.688100814819336
        },
        {
            "jd": 2459719.9121181,
            "fid": 2,
            "diffmaglim": 19.760099411010742
        }
    ],
    "forcedphot": []
}