{
    "objectId": "ZTF20abpeyat",
    "candidates": [
        {
            "candid": 1305160696115015008,
            "jd": 2459059.6606944,
            "ra": 262.2204864,
            "dec": 57.9180841,
            "fid": 2,
            "nid": 1305,
            "magpsf": 19.53459930419922,
            "sigmapsf": 0.1901099979877472,
            "magnr": 19.08099937438965,
            "sigmagnr": 0.0860000029206276,
            "magzpsci": 26.089599609375,
            "isdiffpos": "t",
            "ssdistnr": -999.0,
            "ssnamenr": "null",
            "drb": 0.9999300241470337
        },
        {
            "candid": 1307276786115015017,
            "jd": 2459061.7767824,
            "ra": 262.2204052,
            "dec": 57.9181474,
            "fid": 2,
            "nid": 1307,
            "magpsf": 19.24370002746582,
            "sigmapsf": 0.17192800343036652,
            "magnr": 19.08099937438965,
            "sigmagnr": 0.0860000029206276,
            "magzpsci": 26.060699462890625,
            "isdiffpos": "t",
            "ssdistnr": -999.0,
            "ssnamenr": "null",
            "drb": 0.9999989867210388
        },
        {
            "candid": 1308238766115015011,
            "jd": 2459062.7387616,
            "ra": 262.2204384,
            "dec": 57.9181369,
            "fid": 2,
            "nid": 1308,
            "magpsf": 19.041000366210938,
            "sigmapsf": 0.12389899790287018,
            "magnr": 19.08099937438965,
            "sigmagnr": 0.0860000029206276,
            "magzpsci": 26.06399917602539,
            "isdiffpos": "t",
            "ssdistnr": -999.0,
            "ssnamenr": "null",
            "drb": 1.0
        },
        {
            "candid": 1308240174915015011,
            "jd": 2459062.7401736,
            "ra": 262.2204817,
            "dec": 57.9180905,
            "fid": 2,
            "nid": 1308,
            "magpsf": 19.017799377441406,
            "sigmapsf": 0.12167699635028839,
            "magnr": 19.885000228881836,
            "sigmagnr": 0.07000000029802322,
            "magzpsci": 26.183799743652344,
            "isdiffpos": "t",
            "ssdistnr": -999.0,
            "ssnamenr": "null",
            "drb": 0.9998000264167786
        },
        {
            "candid": 1308348874915015006,
            "jd": 2459062.8488773,
            "ra": 262.2204647,
            "dec": 57.9181588,
            "fid": 1,
            "nid": 1308,
            "magpsf": 19.053300857543945,
            "sigmapsf": 0.15727700293064117,
            "magnr": 20.575000762939453,
            "sigmagnr": 0.08299999684095383,
            "magzpsci": 26.21430015563965,
            "isdiffpos": "t",
            "ssdistnr": -999.0,
            "ssnamenr": "null",
            "drb": 0.999888002872467
        },
        {
            "candid": 1308362286115015007,
            "jd": 2459062.8622801,
            "ra": 262.2205572,
            "dec": 57.9181045,
            "fid": 1,
            "nid": 1308,
            "magpsf": 18.958499908447266,
            "sigmapsf": 0.1291860044002533,
            "magnr": 20.631999969482422,
            "sigmagnr": 0.08299999684095383,
            "magzpsci": 26.096500396728516,
            "isdiffpos": "t",
            "ssdistnr": -999.0,
            "ssnamenr": "null",
            "drb": 0.9999809861183167
        },
        {
            "candid": 1309242634915015006,
            "jd": 2459063.7426389,
            "ra": 262.2204778,
            "dec": 57.9180868,
            "fid": 1,
            "nid": 1309,
            "magpsf": 18.817800521850586,
            "sigmapsf": 0.13811099529266357,
            "magnr": 20.575000762939453,
            "sigmagnr": 0.08299999684095383,
            "magzpsci": 26.310800552368164,
            "isdiffpos": "t",
            "ssdistnr": -999.0,
            "ssnamenr": "null",
            "drb": 1.0
        },
        {
            "candid": 1309287894915015004,
            "jd": 2459063.7878935,
            "ra": 262.2204234,
            "dec": 57.918138,
            "fid": 2,
            "nid": 1309,
            "magpsf": 18.829099655151367,
            "sigmapsf": 0.09938199818134308,
            "magnr": 19.885000228881836,
            "sigmagnr": 0.07000000029802322,
            "magzpsci": 26.206100463867188,
            "isdiffpos": "t",
            "ssdistnr": -999.0,
            "ssnamenr": "null",
            "drb": 1.0
        },
        {
            "candid": 1309318926115015008,
            "jd": 2459063.8189236,
            "ra": 262.220321,
            "dec": 57.9180585,
            "fid": 2,
            "nid": 1309,
            "magpsf": 18.83919906616211,
            "sigmapsf": 0.160303995013237,
            "magnr": 19.08099937438965,
            "sigmagnr": 0.0860000029206276,
            "magzpsci": 26.060199737548828,
            "isdiffpos": "t",
            "ssdistnr": -999.0,
            "ssnamenr": "null",
            "drb": 0.9999949932098389
        },
        {
            "candid": 1309344644915015004,
            "jd": 2459063.8446412,
            "ra": 262.2205586,
            "dec": 57.9181142,
            "fid": 2,
            "nid": 1309,
            "magpsf": 18.91160011291504,
            "sigmapsf": 0.12220200151205063,
            "magnr": 19.885000228881836,
            "sigmagnr": 0.07000000029802322,
            "magzpsci": 26.18560028076172,
            "isdiffpos": "t",
            "ssdistnr": -999.0,
            "ssnamenr": "null",
            "drb": 0.999983012676239
        },
        {
            "candid": 1310205624915015007,
            "jd": 2459064.705625,
            "ra": 262.2204543,
            "dec": 57.9180734,
            "fid": 1,
            "nid": 1310,
            "magpsf": 18.71649932861328,
            "sigmapsf": 0.15580600500106812,
            "magnr": 20.575000762939453,
            "sigmagnr": 0.08299999684095383,
            "magzpsci": 26.21649932861328,
            "isdiffpos": "t",
            "ssdistnr": -999.0,
            "ssnamenr": "null",
            "drb": 0.9999819993972778
        },
        {
            "candid": 1310288574915015002,
            "jd": 2459064.7885764,
            "ra": 262.2204464,
            "dec": 57.9181318,
            "fid": 2,
            "nid": 1310,
            "magpsf": 18.644800186157227,
            "sigmapsf": 0.11331800371408463,
            "magnr": 19.885000228881836,
            "sigmagnr": 0.07000000029802322,
            "magzpsci": 26.153799057006836,
            "isdiffpos": "t",
            "ssdistnr": -999.0,
            "ssnamenr": "null",
            "drb": 1.0
        },
        {
            "candid": 1310336096115015005,
            "jd": 2459064.8360995,
            "ra": 262.2205758,
            "dec": 57.9180472,
            "fid": 2,
            "nid": 1310,
            "magpsf": 18.845800399780273,
            "sigmapsf": 0.17186500132083893,
            "magnr": 19.08099937438965,
            "sigmagnr": 0.0860000029206276,
            "magzpsci": 26.0398006439209,
            "isdiffpos": "t",
            "ssdistnr": -999.0,
            "ssnamenr": "null",
            "drb": 0.9997360110282898
        },
        {
            "candid": 1310384724915015010,
            "jd": 2459064.8847222,
            "ra": 262.2204272,
            "dec": 57.9181243,
            "fid": 2,
            "nid": 1310,
            "magpsf": 18.63159942626953,
            "sigmapsf": 0.1171410009264946,
            "magnr": 19.885000228881836,
            "sigmagnr": 0.07000000029802322,
            "magzpsci": 26.141599655151367,
            "isdiffpos": "t",
            "ssdistnr": -999.0,
            "ssnamenr": "null",
            "drb": 0.9999009966850281
        },
        {
            "candid": 1311212846115015011,
            "jd": 2459065.7128472,
            "ra": 262.2204779,
            "dec": 57.918114,
            "fid": 1,
            "nid": 1311,
            "magpsf": 18.58690071105957,
            "sigmapsf": 0.13186700642108917,
            "magnr": 20.631999969482422,
            "sigmagnr": 0.08299999684095383,
            "magzpsci": 26.170900344848633,
            "isdiffpos": "t",
            "ssdistnr": -999.0,
            "ssnamenr": "null",
            "drb": 0.9999989867210388
        },
        {
            "candid": 1311215274915015009,
            "jd": 2459065.7152778,
            "ra": 262.2203961,
            "dec": 57.918145,
            "fid": 1,
            "nid": 1311,
            "magpsf": 18.57830047607422,
            "sigmapsf": 0.09704100340604782,
            "magnr": 20.575000762939453,
            "sigmagnr": 0.08299999684095383,
            "magzpsci": 26.29829978942871,
            "isdiffpos": "t",
            "ssdistnr": -999.0,
            "ssnamenr": "null",
            "drb": 1.0
        },
        {
            "candid": 1311321296115015009,
            "jd": 2459065.8212963,
            "ra": 262.2204368,
            "dec": 57.9181122,
            "fid": 2,
            "nid": 1311,
            "magpsf": 18.567399978637695,
            "sigmapsf": 0.14929699897766113,
            "magnr": 19.08099937438965,
            "sigmagnr": 0.0860000029206276,
            "magzpsci": 26.019399642944336,
            "isdiffpos": "t",
            "ssdistnr": -999.0,
            "ssnamenr": "null",
            "drb": 1.0
        },
        {
            "candid": 1311324584915015003,
            "jd": 2459065.8245833,
            "ra": 262.2204428,
            "dec": 57.918169,
            "fid": 2,
            "nid": 1311,
            "magpsf": 18.471099853515625,
            "sigmapsf": 0.11077400296926498,
            "magnr": 19.885000228881836,
            "sigmagnr": 0.07000000029802322,
            "magzpsci": 26.155099868774414,
            "isdiffpos": "t",
            "ssdistnr": -999.0,
            "ssnamenr": "null",
            "drb": 0.9999610185623169
        },
        {
            "candid": 1311356246115015015,
            "jd": 2459065.85625,
            "ra": 262.2204073,
            "dec": 57.9180344,
            "fid": 2,
            "nid": 1311,
            "magpsf": 18.495899200439453,
            "sigmapsf": 0.12172900140285492,
            "magnr": 19.08099937438965,
            "sigmagnr": 0.0860000029206276,
            "magzpsci": 25.982900619506836,
            "isdiffpos": "t",
            "ssdistnr": -999.0,
            "ssnamenr": "null",
            "drb": 0.9999979734420776
        },
        {
            "candid": 1312221714915015009,
            "jd": 2459066.721713,
            "ra": 262.2204491,
            "dec": 57.9181389,
            "fid": 2,
            "nid": 1312,
            "magpsf": 18.465099334716797,
            "sigmapsf": 0.08239399641752243,
            "magnr": 19.885000228881836,
            "sigmagnr": 0.07000000029802322,
            "magzpsci": 26.203100204467773,
            "isdiffpos": "t",
            "ssdistnr": -999.0,
            "ssnamenr": "null",
            "drb": 0.9999949932098389
        },
        {
            "candid": 1312304664915015008,
            "jd": 2459066.8046644,
            "ra": 262.2204525,
            "dec": 57.9181126,
            "fid": 1,
            "nid": 1312,
            "magpsf": 18.451499938964844,
            "sigmapsf": 0.10262499749660492,
            "magnr": 20.575000762939453,
            "sigmagnr": 0.08299999684095383,
            "magzpsci": 26.24650001525879,
            "isdiffpos": "t",
            "ssdistnr": -999.0,
            "ssnamenr": "null",
            "drb": 1.0
        },
        {
            "candid": 1313173174915015023,
            "jd": 2459067.6731713,
            "ra": 262.2205098,
            "dec": 57.9181406,
            "fid": 2,
            "nid": 1313,
            "magpsf": 18.53230094909668,
            "sigmapsf": 0.05824799835681915,
            "magnr": 19.885000228881836,
            "sigmagnr": 0.07000000029802322,
            "magzpsci": 26.22130012512207,
            "isdiffpos": "t",
            "ssdistnr": -999.0,
            "ssnamenr": "null",
            "drb": 0.9966109991073608
        },
        {
            "candid": 1314202214915015046,
            "jd": 2459068.7022106,
            "ra": 262.2205034,
            "dec": 57.9181223,
            "fid": 1,
            "nid": 1314,
            "magpsf": 18.388399124145508,
            "sigmapsf": 0.07523199915885925,
            "magnr": 20.575000762939453,
            "sigmagnr": 0.08299999684095383,
            "magzpsci": 26.32040023803711,
            "isdiffpos": "t",
            "ssdistnr": -999.0,
            "ssnamenr": "null",
            "drb": 0.9999989867210388
        },
        {
            "candid": 1314220996115015008,
            "jd": 2459068.7209954,
            "ra": 262.2205023,
            "dec": 57.9181147,
            "fid": 1,
            "nid": 1314,
            "magpsf": 18.31170082092285,
            "sigmapsf": 0.07904499769210815,
            "magnr": 20.631999969482422,
            "sigmagnr": 0.08299999684095383,
            "magzpsci": 26.220699310302734,
            "isdiffpos": "t",
            "ssdistnr": -999.0,
            "ssnamenr": "null",
            "drb": 1.0
        },
        {
            "candid": 1314257844915015010,
            "jd": 2459068.7578472,
            "ra": 262.220426,
            "dec": 57.9181305,
            "fid": 2,
            "nid": 1314,
            "magpsf": 18.45680046081543,
            "sigmapsf": 0.07609400153160095,
            "magnr": 19.885000228881836,
            "sigmagnr": 0.07000000029802322,
            "magzpsci": 26.212799072265625,
            "isdiffpos": "t",
            "ssdistnr": -999.0,
            "ssnamenr": "-999.0",
            "drb": null
        },
        {
            "candid": 1314259806115015007,
            "jd": 2459068.7598032,
            "ra": 262.220475,
            "dec": 57.9181182,
            "fid": 2,
            "nid": 1314,
            "magpsf": 18.351900100708008,
            "sigmapsf": 0.07774300128221512,
            "magnr": 19.08099937438965,
            "sigmagnr": 0.0860000029206276,
            "magzpsci": 26.076900482177734,
            "isdiffpos": "t",
            "ssdistnr": -999.0,
            "ssnamenr": "null",
            "drb": 1.0
        },
        {
            "candid": 1315220634915015025,
            "jd": 2459069.7206366,
            "ra": 262.2204652,
            "dec": 57.918144,
            "fid": 2,
            "nid": 1315,
            "magpsf": 18.43950080871582,
            "sigmapsf": 0.06998500227928162,
            "magnr": 19.885000228881836,
            "sigmagnr": 0.07000000029802322,
            "magzpsci": 26.219499588012695,
            "isdiffpos": "t",
            "ssdistnr": -999.0,
            "ssnamenr": "null",
            "drb": 0.7295539975166321
        },
        {
            "candid": 1316200414915015035,
            "jd": 2459070.7004167,
            "ra": 262.2204522,
            "dec": 57.9181527,
            "fid": 2,
            "nid": 1316,
            "magpsf": 18.380699157714844,
            "sigmapsf": 0.08068399876356125,
            "magnr": 19.885000228881836,
            "sigmagnr": 0.07000000029802322,
            "magzpsci": 26.22570037841797,
            "isdiffpos": "t",
            "ssdistnr": -999.0,
            "ssnamenr": "null",
            "drb": 0.05428300052881241
        },
        {
            "candid": 1316215034915015040,
            "jd": 2459070.7150347,
            "ra": 262.2205242,
            "dec": 57.9181062,
            "fid": 1,
            "nid": 1316,
            "magpsf": 18.397300720214844,
            "sigmapsf": 0.0721450001001358,
            "magnr": 20.575000762939453,
            "sigmagnr": 0.08299999684095383,
            "magzpsci": 26.307300567626953,
            "isdiffpos": "t",
            "ssdistnr": -999.0,
            "ssnamenr": "null",
            "drb": 0.9999989867210388
        },
        {
            "candid": 1317205376115015018,
            "jd": 2459071.7053704,
            "ra": 262.2204638,
            "dec": 57.9181106,
            "fid": 2,
            "nid": 1317,
            "magpsf": 18.241199493408203,
            "sigmapsf": 0.06897100061178207,
            "magnr": 19.08099937438965,
            "sigmagnr": 0.0860000029206276,
            "magzpsci": 26.066200256347656,
            "isdiffpos": "t",
            "ssdistnr": -999.0,
            "ssnamenr": "null",
            "drb": 1.0
        },
        {
            "candid": 1317219514915015060,
            "jd": 2459071.7195139,
            "ra": 262.2205374,
            "dec": 57.9181159,
            "fid": 1,
            "nid": 1317,
            "magpsf": 18.41659927368164,
            "sigmapsf": 0.06771700084209442,
            "magnr": 20.575000762939453,
            "sigmagnr": 0.08299999684095383,
            "magzpsci": 26.29360008239746,
            "isdiffpos": "t",
            "ssdistnr": -999.0,
            "ssnamenr": "null",
            "drb": 0.9999989867210388
        },
        {
            "candid": 1317248916115015012,
            "jd": 2459071.748912,
            "ra": 262.220469,
            "dec": 57.9181137,
            "fid": 1,
            "nid": 1317,
            "magpsf": 18.286699295043945,
            "sigmapsf": 0.0682160034775734,
            "magnr": 20.631999969482422,
            "sigmagnr": 0.08299999684095383,
            "magzpsci": 26.1737003326416,
            "isdiffpos": "t",
            "ssdistnr": -999.0,
            "ssnamenr": "null",
            "drb": 1.0
        },
        {
            "candid": 1318201564915015024,
            "jd": 2459072.7015625,
            "ra": 262.2204843,
            "dec": 57.9181232,
            "fid": 2,
            "nid": 1318,
            "magpsf": 18.32159996032715,
            "sigmapsf": 0.06273400038480759,
            "magnr": 19.885000228881836,
            "sigmagnr": 0.07000000029802322,
            "magzpsci": 26.180599212646484,
            "isdiffpos": "t",
            "ssdistnr": -999.0,
            "ssnamenr": "null",
            "drb": 0.9973459839820862
        },
        {
            "candid": 1318219454915015034,
            "jd": 2459072.719456,
            "ra": 262.2205408,
            "dec": 57.918114,
            "fid": 1,
            "nid": 1318,
            "magpsf": 18.384199142456055,
            "sigmapsf": 0.07058300077915192,
            "magnr": 20.575000762939453,
            "sigmagnr": 0.08299999684095383,
            "magzpsci": 26.266199111938477,
            "isdiffpos": "t",
            "ssdistnr": -999.0,
            "ssnamenr": "null",
            "drb": 0.9999989867210388
        },
        {
            "candid": 1319203984915015016,
            "jd": 2459073.7039815,
            "ra": 262.220461,
            "dec": 57.9181193,
            "fid": 2,
            "nid": 1319,
            "magpsf": 18.253999710083008,
            "sigmapsf": 0.05348699912428856,
            "magnr": 19.885000228881836,
            "sigmagnr": 0.07000000029802322,
            "magzpsci": 26.202999114990234,
            "isdiffpos": "t",
            "ssdistnr": -999.0,
            "ssnamenr": "null",
            "drb": 0.9999920129776001
        },
        {
            "candid": 1319246754915015025,
            "jd": 2459073.7467593,
            "ra": 262.2205376,
            "dec": 57.9181109,
            "fid": 1,
            "nid": 1319,
            "magpsf": 18.37070083618164,
            "sigmapsf": 0.05948299914598465,
            "magnr": 20.575000762939453,
            "sigmagnr": 0.08299999684095383,
            "magzpsci": 26.295700073242188,
            "isdiffpos": "t",
            "ssdistnr": -999.0,
            "ssnamenr": "null",
            "drb": 0.9999989867210388
        },
        {
            "candid": 1320202234915015049,
            "jd": 2459074.7022338,
            "ra": 262.2205505,
            "dec": 57.9181078,
            "fid": 1,
            "nid": 1320,
            "magpsf": 18.41080093383789,
            "sigmapsf": 0.08421900123357773,
            "magnr": 20.575000762939453,
            "sigmagnr": 0.08299999684095383,
            "magzpsci": 26.197799682617188,
            "isdiffpos": "t",
            "ssdistnr": -999.0,
            "ssnamenr": "null",
            "drb": 0.9999989867210388
        },
        {
            "candid": 1320220526115015013,
            "jd": 2459074.7205208,
            "ra": 262.2204987,
            "dec": 57.9181136,
            "fid": 1,
            "nid": 1320,
            "magpsf": 18.371700286865234,
            "sigmapsf": 0.07012300193309784,
            "magnr": 20.631999969482422,
            "sigmagnr": 0.08299999684095383,
            "magzpsci": 26.143699645996094,
            "isdiffpos": "t",
            "ssdistnr": -999.0,
            "ssnamenr": "null",
            "drb": 1.0
        },
        {
            "candid": 1321202494915015037,
            "jd": 2459075.7025,
            "ra": 262.2205032,
            "dec": 57.9180963,
            "fid": 1,
            "nid": 1321,
            "magpsf": 18.475900650024414,
            "sigmapsf": 0.0813940018415451,
            "magnr": 20.575000762939453,
            "sigmagnr": 0.08299999684095383,
            "magzpsci": 26.166900634765625,
            "isdiffpos": "t",
            "ssdistnr": -999.0,
            "ssnamenr": "null",
            "drb": 0.9999989867210388
        },
        {
            "candid": 1321235914915015016,
            "jd": 2459075.7359144,
            "ra": 262.2204863,
            "dec": 57.9181302,
            "fid": 2,
            "nid": 1321,
            "magpsf": 18.22760009765625,
            "sigmapsf": 0.06391900032758713,
            "magnr": 19.885000228881836,
            "sigmagnr": 0.07000000029802322,
            "magzpsci": 26.092599868774414,
            "isdiffpos": "t",
            "ssdistnr": -999.0,
            "ssnamenr": "null",
            "drb": 0.9823629856109619
        },
        {
            "candid": 1323216056115015014,
            "jd": 2459077.7160532,
            "ra": 262.22046,
            "dec": 57.9181152,
            "fid": 1,
            "nid": 1323,
            "magpsf": 18.454700469970703,
            "sigmapsf": 0.06998699903488159,
            "magnr": 20.631999969482422,
            "sigmagnr": 0.08299999684095383,
            "magzpsci": 25.933700561523438,
            "isdiffpos": "t",
            "ssdistnr": -999.0,
            "ssnamenr": "null",
            "drb": 0.9999989867210388
        },
        {
            "candid": 1325173484915015056,
            "jd": 2459079.6734838,
            "ra": 262.2205181,
            "dec": 57.9181135,
            "fid": 1,
            "nid": 1325,
            "magpsf": 18.75979995727539,
            "sigmapsf": 0.09026399999856949,
            "magnr": 20.575000762939453,
            "sigmagnr": 0.08299999684095383,
            "magzpsci": 26.15880012512207,
            "isdiffpos": "t",
            "ssdistnr": -999.0,
            "ssnamenr": "null",
            "drb": 0.9999989867210388
        },
        {
            "candid": 1325197444915015022,
            "jd": 2459079.6974421,
            "ra": 262.2204422,
            "dec": 57.9181409,
            "fid": 2,
            "nid": 1325,
            "magpsf": 18.376800537109375,
            "sigmapsf": 0.060074999928474426,
            "magnr": 19.885000228881836,
            "sigmagnr": 0.07000000029802322,
            "magzpsci": 26.08880043029785,
            "isdiffpos": "t",
            "ssdistnr": -999.0,
            "ssnamenr": "null",
            "drb": 0.9766740202903748
        },
        {
            "candid": 1327196586115015007,
            "jd": 2459081.6965856,
            "ra": 262.2204281,
            "dec": 57.9181025,
            "fid": 2,
            "nid": 1327,
            "magpsf": 18.595699310302734,
            "sigmapsf": 0.13186100125312805,
            "magnr": 19.08099937438965,
            "sigmagnr": 0.0860000029206276,
            "magzpsci": 25.853700637817383,
            "isdiffpos": "t",
            "ssdistnr": -999.0,
            "ssnamenr": "null",
            "drb": 0.9874060153961182
        },
        {
            "candid": 1327213106115015014,
            "jd": 2459081.7131019,
            "ra": 262.2204498,
            "dec": 57.9181238,
            "fid": 1,
            "nid": 1327,
            "magpsf": 18.79990005493164,
            "sigmapsf": 0.08746299892663956,
            "magnr": 20.631999969482422,
            "sigmagnr": 0.08299999684095383,
            "magzpsci": 25.822900772094727,
            "isdiffpos": "t",
            "ssdistnr": -999.0,
            "ssnamenr": "null",
            "drb": 1.0
        },
        {
            "candid": 1331190596115015017,
            "jd": 2459085.6905903,
            "ra": 262.2204634,
            "dec": 57.9181119,
            "fid": 2,
            "nid": 1331,
            "magpsf": 18.680999755859375,
            "sigmapsf": 0.09004700183868408,
            "magnr": 19.08099937438965,
            "sigmagnr": 0.0860000029206276,
            "magzpsci": 26.05699920654297,
            "isdiffpos": "t",
            "ssdistnr": -999.0,
            "ssnamenr": "null",
            "drb": 1.0
        },
        {
            "candid": 1331269646115015013,
            "jd": 2459085.7696412,
            "ra": 262.2204796,
            "dec": 57.9181327,
            "fid": 1,
            "nid": 1331,
            "magpsf": 19.111499786376953,
            "sigmapsf": 0.1098560020327568,
            "magnr": 20.631999969482422,
            "sigmagnr": 0.08299999684095383,
            "magzpsci": 26.13949966430664,
            "isdiffpos": "t",
            "ssdistnr": -999.0,
            "ssnamenr": "null",
            "drb": 1.0
        },
        {
            "candid": 1333143626115015010,
            "jd": 2459087.6436227,
            "ra": 262.2204586,
            "dec": 57.9181068,
            "fid": 2,
            "nid": 1333,
            "magpsf": 18.9419002532959,
            "sigmapsf": 0.12226299941539764,
            "magnr": 19.08099937438965,
            "sigmagnr": 0.0860000029206276,
            "magzpsci": 25.968900680541992,
            "isdiffpos": "t",
            "ssdistnr": -999.0,
            "ssnamenr": "null",
            "drb": 1.0
        },
        {
            "candid": 1334173226115015006,
            "jd": 2459088.6732292,
            "ra": 262.2203753,
            "dec": 57.9181232,
            "fid": 2,
            "nid": 1334,
            "magpsf": 18.808000564575195,
            "sigmapsf": 0.12879100441932678,
            "magnr": 19.08099937438965,
            "sigmagnr": 0.0860000029206276,
            "magzpsci": 25.88800048828125,
            "isdiffpos": "t",
            "ssdistnr": -999.0,
            "ssnamenr": "null",
            "drb": 0.9999960064888
        },
        {
            "candid": 1334253146115015002,
            "jd": 2459088.7531481,
            "ra": 262.2205125,
            "dec": 57.9181963,
            "fid": 1,
            "nid": 1334,
            "magpsf": 19.462799072265625,
            "sigmapsf": 0.2583869993686676,
            "magnr": 20.631999969482422,
            "sigmagnr": 0.08299999684095383,
            "magzpsci": 25.806800842285156,
            "isdiffpos": "t",
            "ssdistnr": -999.0,
            "ssnamenr": "-999.0",
            "drb": null
        },
        {
            "candid": 1336187326115015007,
            "jd": 2459090.6873264,
            "ra": 262.2205006,
            "dec": 57.9180909,
            "fid": 2,
            "nid": 1336,
            "magpsf": 18.917400360107422,
            "sigmapsf": 0.1355780065059662,
            "magnr": 19.08099937438965,
            "sigmagnr": 0.0860000029206276,
            "magzpsci": 25.990400314331055,
            "isdiffpos": "t",
            "ssdistnr": -999.0,
            "ssnamenr": "null",
            "drb": 0.9999769926071167
        },
        {
            "candid": 1339158464915015003,
            "jd": 2459093.6584606,
            "ra": 262.2204771,
            "dec": 57.9180523,
            "fid": 1,
            "nid": 1339,
            "magpsf": 19.831100463867188,
            "sigmapsf": 0.28649699687957764,
            "magnr": 20.575000762939453,
            "sigmagnr": 0.08299999684095383,
            "magzpsci": 26.27910041809082,
            "isdiffpos": "t",
            "ssdistnr": -999.0,
            "ssnamenr": "-999.0",
            "drb": null
        },
        {
            "candid": 1339199754915015006,
            "jd": 2459093.6997569,
            "ra": 262.2204375,
            "dec": 57.9181374,
            "fid": 2,
            "nid": 1339,
            "magpsf": 18.774599075317383,
            "sigmapsf": 0.1079619973897934,
            "magnr": 19.885000228881836,
            "sigmagnr": 0.07000000029802322,
            "magzpsci": 26.176599502563477,
            "isdiffpos": "t",
            "ssdistnr": -999.0,
            "ssnamenr": "null",
            "drb": 0.999908983707428
        },
        {
            "candid": 1340279696115015007,
            "jd": 2459094.7796991,
            "ra": 262.2204418,
            "dec": 57.9181671,
            "fid": 2,
            "nid": 1340,
            "magpsf": 18.983699798583984,
            "sigmapsf": 0.18635499477386475,
            "magnr": 19.08099937438965,
            "sigmagnr": 0.0860000029206276,
            "magzpsci": 25.877700805664062,
            "isdiffpos": "t",
            "ssdistnr": -999.0,
            "ssnamenr": "-999.0",
            "drb": null
        },
        {
            "candid": 1341137744915015007,
            "jd": 2459095.6377431,
            "ra": 262.2204257,
            "dec": 57.9181271,
            "fid": 2,
            "nid": 1341,
            "magpsf": 18.9783992767334,
            "sigmapsf": 0.11337699741125107,
            "magnr": 19.885000228881836,
            "sigmagnr": 0.07000000029802322,
            "magzpsci": 26.140399932861328,
            "isdiffpos": "t",
            "ssdistnr": -999.0,
            "ssnamenr": "null",
            "drb": 0.46783000230789185
        },
        {
            "candid": 1342182484915015016,
            "jd": 2459096.6824884,
            "ra": 262.2204386,
            "dec": 57.9181061,
            "fid": 1,
            "nid": 1342,
            "magpsf": 19.87179946899414,
            "sigmapsf": 0.23305900394916534,
            "magnr": 20.575000762939453,
            "sigmagnr": 0.08299999684095383,
            "magzpsci": 26.234800338745117,
            "isdiffpos": "t",
            "ssdistnr": -999.0,
            "ssnamenr": "-999.0",
            "drb": null
        },
        {
            "candid": 1342199274915015009,
            "jd": 2459096.6992708,
            "ra": 262.2204609,
            "dec": 57.9181518,
            "fid": 2,
            "nid": 1342,
            "magpsf": 18.978099822998047,
            "sigmapsf": 0.11691799759864807,
            "magnr": 19.885000228881836,
            "sigmagnr": 0.07000000029802322,
            "magzpsci": 26.166099548339844,
            "isdiffpos": "t",
            "ssdistnr": -999.0,
            "ssnamenr": "null",
            "drb": 0.9998400211334229
        },
        {
            "candid": 1342280016115015004,
            "jd": 2459096.7800116,
            "ra": 262.2204271,
            "dec": 57.918092,
            "fid": 2,
            "nid": 1342,
            "magpsf": 18.95009994506836,
            "sigmapsf": 0.1347550004720688,
            "magnr": 19.08099937438965,
            "sigmagnr": 0.0860000029206276,
            "magzpsci": 25.989099502563477,
            "isdiffpos": "t",
            "ssdistnr": -999.0,
            "ssnamenr": "null",
            "drb": 0.9999960064888
        },
        {
            "candid": 1343200984915015008,
            "jd": 2459097.7009838,
            "ra": 262.2206824,
            "dec": 57.9180831,
            "fid": 1,
            "nid": 1343,
            "magpsf": 20.149499893188477,
            "sigmapsf": 0.3294830024242401,
            "magnr": 20.575000762939453,
            "sigmagnr": 0.08299999684095383,
            "magzpsci": 26.18950080871582,
            "isdiffpos": "t",
            "ssdistnr": -999.0,
            "ssnamenr": "-999.0",
            "drb": null
        },
        {
            "candid": 1344174604915015013,
            "jd": 2459098.6746065,
            "ra": 262.2204837,
            "dec": 57.9181226,
            "fid": 2,
            "nid": 1344,
            "magpsf": 18.948200225830078,
            "sigmapsf": 0.09288600087165833,
            "magnr": 19.885000228881836,
            "sigmagnr": 0.07000000029802322,
            "magzpsci": 26.16119956970215,
            "isdiffpos": "t",
            "ssdistnr": -999.0,
            "ssnamenr": "null",
            "drb": 0.9999949932098389
        },
        {
            "candid": 1344175546115015006,
            "jd": 2459098.675544,
            "ra": 262.2204096,
            "dec": 57.9181279,
            "fid": 2,
            "nid": 1344,
            "magpsf": 18.96179962158203,
            "sigmapsf": 0.1370300054550171,
            "magnr": 19.08099937438965,
            "sigmagnr": 0.0860000029206276,
            "magzpsci": 26.03179931640625,
            "isdiffpos": "t",
            "ssdistnr": -999.0,
            "ssnamenr": "null",
            "drb": 0.9999989867210388
        },
        {
            "candid": 1345158246115015022,
            "jd": 2459099.6582407,
            "ra": 262.2205054,
            "dec": 57.9181432,
            "fid": 1,
            "nid": 1345,
            "magpsf": 20.25469970703125,
            "sigmapsf": 0.2765839993953705,
            "magnr": 20.631999969482422,
            "sigmagnr": 0.08299999684095383,
            "magzpsci": 26.014699935913086,
            "isdiffpos": "t",
            "ssdistnr": -999.0,
            "ssnamenr": "-999.0",
            "drb": null
        },
        {
            "candid": 1345181374915015047,
            "jd": 2459099.6813773,
            "ra": 262.2207216,
            "dec": 57.9181654,
            "fid": 1,
            "nid": 1345,
            "magpsf": 20.545000076293945,
            "sigmapsf": 0.2570140063762665,
            "magnr": 20.575000762939453,
            "sigmagnr": 0.08299999684095383,
            "magzpsci": 26.15399932861328,
            "isdiffpos": "t",
            "ssdistnr": -999.0,
            "ssnamenr": "-999.0",
            "drb": null
        },
        {
            "candid": 1345196066115015017,
            "jd": 2459099.6960648,
            "ra": 262.2204407,
            "dec": 57.9181285,
            "fid": 2,
            "nid": 1345,
            "magpsf": 18.947799682617188,
            "sigmapsf": 0.1028750017285347,
            "magnr": 19.08099937438965,
            "sigmagnr": 0.0860000029206276,
            "magzpsci": 25.966800689697266,
            "isdiffpos": "t",
            "ssdistnr": -999.0,
            "ssnamenr": "-999.0",
            "drb": null
        },
        {
            "candid": 1345196534915015018,
            "jd": 2459099.6965394,
            "ra": 262.2204789,
            "dec": 57.9181266,
            "fid": 2,
            "nid": 1345,
            "magpsf": 19.050100326538086,
            "sigmapsf": 0.08258099853992462,
            "magnr": 19.885000228881836,
            "sigmagnr": 0.07000000029802322,
            "magzpsci": 26.11009979248047,
            "isdiffpos": "t",
            "ssdistnr": -999.0,
            "ssnamenr": "null",
            "drb": 0.9999909996986389
        },
        {
            "candid": 1352193636115015013,
            "jd": 2459106.6936343,
            "ra": 262.2203867,
            "dec": 57.9180512,
            "fid": 2,
            "nid": 1352,
            "magpsf": 19.30430030822754,
            "sigmapsf": 0.18878600001335144,
            "magnr": 19.08099937438965,
            "sigmagnr": 0.0860000029206276,
            "magzpsci": 25.514299392700195,
            "isdiffpos": "t",
            "ssdistnr": -999.0,
            "ssnamenr": "null",
            "drb": 1.0
        },
        {
            "candid": 1353139386115015005,
            "jd": 2459107.6393866,
            "ra": 262.2203879,
            "dec": 57.9180402,
            "fid": 2,
            "nid": 1353,
            "magpsf": 19.368799209594727,
            "sigmapsf": 0.17279799282550812,
            "magnr": 19.08099937438965,
            "sigmagnr": 0.0860000029206276,
            "magzpsci": 25.50480079650879,
            "isdiffpos": "t",
            "ssdistnr": -999.0,
            "ssnamenr": "null",
            "drb": 1.0
        },
        {
            "candid": 1355150936115015010,
            "jd": 2459109.6509375,
            "ra": 262.2204781,
            "dec": 57.9180938,
            "fid": 2,
            "nid": 1355,
            "magpsf": 19.517499923706055,
            "sigmapsf": 0.1342809945344925,
            "magnr": 19.08099937438965,
            "sigmagnr": 0.0860000029206276,
            "magzpsci": 25.837499618530273,
            "isdiffpos": "t",
            "ssdistnr": -999.0,
            "ssnamenr": "null",
            "drb": 1.0
        },
        {
            "candid": 1356144676115015009,
            "jd": 2459110.6446759,
            "ra": 262.2203554,
            "dec": 57.9181435,
            "fid": 2,
            "nid": 1356,
            "magpsf": 19.60919952392578,
            "sigmapsf": 0.16784900426864624,
            "magnr": 19.08099937438965,
            "sigmagnr": 0.0860000029206276,
            "magzpsci": 25.908199310302734,
            "isdiffpos": "t",
            "ssdistnr": -999.0,
            "ssnamenr": "null",
            "drb": 1.0
        },
        {
            "candid": 1356160826115015052,
            "jd": 2459110.6608218,
            "ra": 262.22044,
            "dec": 57.9181156,
            "fid": 1,
            "nid": 1356,
            "magpsf": 20.8843994140625,
            "sigmapsf": 0.4754529893398285,
            "magnr": 20.631999969482422,
            "sigmagnr": 0.08299999684095383,
            "magzpsci": 25.893400192260742,
            "isdiffpos": "t",
            "ssdistnr": -999.0,
            "ssnamenr": "-999.0",
            "drb": null
        },
        {
            "candid": 1357222306115015008,
            "jd": 2459111.7223032,
            "ra": 262.2204022,
            "dec": 57.9179758,
            "fid": 2,
            "nid": 1357,
            "magpsf": 19.666500091552734,
            "sigmapsf": 0.21081699430942535,
            "magnr": 19.08099937438965,
            "sigmagnr": 0.0860000029206276,
            "magzpsci": 25.853500366210938,
            "isdiffpos": "t",
            "ssdistnr": -999.0,
            "ssnamenr": "-999.0",
            "drb": null
        },
        {
            "candid": 1358180266115015010,
            "jd": 2459112.6802662,
            "ra": 262.2203507,
            "dec": 57.9180992,
            "fid": 2,
            "nid": 1358,
            "magpsf": 19.71649932861328,
            "sigmapsf": 0.23336000740528107,
            "magnr": 19.08099937438965,
            "sigmagnr": 0.0860000029206276,
            "magzpsci": 26.02750015258789,
            "isdiffpos": "t",
            "ssdistnr": -999.0,
            "ssnamenr": "-999.0",
            "drb": null
        },
        {
            "candid": 1359132296115015007,
            "jd": 2459113.6322917,
            "ra": 262.2203831,
            "dec": 57.9180587,
            "fid": 2,
            "nid": 1359,
            "magpsf": 19.629899978637695,
            "sigmapsf": 0.18196600675582886,
            "magnr": 19.08099937438965,
            "sigmagnr": 0.0860000029206276,
            "magzpsci": 25.958900451660156,
            "isdiffpos": "t",
            "ssdistnr": -999.0,
            "ssnamenr": "null",
            "drb": 0.9997979998588562
        },
        {
            "candid": 1360177746115015017,
            "jd": 2459114.6777431,
            "ra": 262.2204283,
            "dec": 57.9180965,
            "fid": 2,
            "nid": 1360,
            "magpsf": 19.75749969482422,
            "sigmapsf": 0.18661199510097504,
            "magnr": 19.08099937438965,
            "sigmagnr": 0.0860000029206276,
            "magzpsci": 25.91349983215332,
            "isdiffpos": "t",
            "ssdistnr": -999.0,
            "ssnamenr": "null",
            "drb": 0.9999960064888
        },
        {
            "candid": 1361159166115015010,
            "jd": 2459115.6591667,
            "ra": 262.2204248,
            "dec": 57.9180869,
            "fid": 2,
            "nid": 1361,
            "magpsf": 19.83060073852539,
            "sigmapsf": 0.20546500384807587,
            "magnr": 19.08099937438965,
            "sigmagnr": 0.0860000029206276,
            "magzpsci": 26.016599655151367,
            "isdiffpos": "t",
            "ssdistnr": -999.0,
            "ssnamenr": "null",
            "drb": 0.9999759793281555
        },
        {
            "candid": 1362200016115015012,
            "jd": 2459116.7000116,
            "ra": 262.2204947,
            "dec": 57.9180728,
            "fid": 2,
            "nid": 1362,
            "magpsf": 19.814599990844727,
            "sigmapsf": 0.1826539933681488,
            "magnr": 19.08099937438965,
            "sigmagnr": 0.0860000029206276,
            "magzpsci": 25.899599075317383,
            "isdiffpos": "t",
            "ssdistnr": -999.0,
            "ssnamenr": "null",
            "drb": 1.0
        },
        {
            "candid": 1363116276115015005,
            "jd": 2459117.6162731,
            "ra": 262.2205085,
            "dec": 57.918098,
            "fid": 2,
            "nid": 1363,
            "magpsf": 19.812599182128906,
            "sigmapsf": 0.23852300643920898,
            "magnr": 19.08099937438965,
            "sigmagnr": 0.0860000029206276,
            "magzpsci": 26.01959991455078,
            "isdiffpos": "t",
            "ssdistnr": -999.0,
            "ssnamenr": "-999.0",
            "drb": null
        },
        {
            "candid": 1364220136115015008,
            "jd": 2459118.7201389,
            "ra": 262.2204637,
            "dec": 57.9180899,
            "fid": 2,
            "nid": 1364,
            "magpsf": 20.087499618530273,
            "sigmapsf": 0.2693279981613159,
            "magnr": 19.08099937438965,
            "sigmagnr": 0.0860000029206276,
            "magzpsci": 26.022499084472656,
            "isdiffpos": "t",
            "ssdistnr": -999.0,
            "ssnamenr": "-999.0",
            "drb": null
        },
        {
            "candid": 1365155016115015015,
            "jd": 2459119.6550116,
            "ra": 262.2204325,
            "dec": 57.9181586,
            "fid": 2,
            "nid": 1365,
            "magpsf": 20.065500259399414,
            "sigmapsf": 0.21305100619792938,
            "magnr": 19.08099937438965,
            "sigmagnr": 0.0860000029206276,
            "magzpsci": 26.03350067138672,
            "isdiffpos": "t",
            "ssdistnr": -999.0,
            "ssnamenr": "null",
            "drb": 0.9999560117721558
        },
        {
            "candid": 1366199886115015006,
            "jd": 2459120.6998843,
            "ra": 262.2204354,
            "dec": 57.9180175,
            "fid": 2,
            "nid": 1366,
            "magpsf": 20.078800201416016,
            "sigmapsf": 0.35489800572395325,
            "magnr": 19.08099937438965,
            "sigmagnr": 0.0860000029206276,
            "magzpsci": 26.00979995727539,
            "isdiffpos": "t",
            "ssdistnr": -999.0,
            "ssnamenr": "-999.0",
            "drb": null
        },
        {
            "candid": 1371120326115015001,
            "jd": 2459125.6203241,
            "ra": 262.2204557,
            "dec": 57.9181542,
            "fid": 2,
            "nid": 1371,
            "magpsf": 20.013999938964844,
            "sigmapsf": 0.2991960048675537,
            "magnr": 19.08099937438965,
            "sigmagnr": 0.0860000029206276,
            "magzpsci": 26.023000717163086,
            "isdiffpos": "t",
            "ssdistnr": -999.0,
            "ssnamenr": "-999.0",
            "drb": null
        },
        {
            "candid": 1372122474915015009,
            "jd": 2459126.6224769,
            "ra": 262.2203845,
            "dec": 57.9180878,
            "fid": 2,
            "nid": 1372,
            "magpsf": 20.268600463867188,
            "sigmapsf": 0.25863298773765564,
            "magnr": 19.885000228881836,
            "sigmagnr": 0.07000000029802322,
            "magzpsci": 26.132600784301758,
            "isdiffpos": "t",
            "ssdistnr": -999.0,
            "ssnamenr": "-999.0",
            "drb": null
        },
        {
            "candid": 1374139804915015019,
            "jd": 2459128.6398032,
            "ra": 262.2203248,
            "dec": 57.9181764,
            "fid": 2,
            "nid": 1374,
            "magpsf": 20.227500915527344,
            "sigmapsf": 0.22204799950122833,
            "magnr": 19.885000228881836,
            "sigmagnr": 0.07000000029802322,
            "magzpsci": 26.066499710083008,
            "isdiffpos": "t",
            "ssdistnr": -999.0,
            "ssnamenr": "-999.0",
            "drb": null
        },
        {
            "candid": 1375119686115015007,
            "jd": 2459129.6196875,
            "ra": 262.2204496,
            "dec": 57.9181235,
            "fid": 2,
            "nid": 1375,
            "magpsf": 20.176700592041016,
            "sigmapsf": 0.21660099923610687,
            "magnr": 19.08099937438965,
            "sigmagnr": 0.0860000029206276,
            "magzpsci": 26.005699157714844,
            "isdiffpos": "t",
            "ssdistnr": -999.0,
            "ssnamenr": "null",
            "drb": 0.9999819993972778
        },
        {
            "jd": 2459029.76221,
            "fid": 1,
            "diffmaglim": 19.74799919128418
        },
        {
            "jd": 2459029.78722,
            "fid": 1,
            "diffmaglim": 19.73200035095215
        },
        {
            "jd": 2459030.86654,
            "fid": 1,
            "diffmaglim": 20.229999542236328
        },
        {
            "jd": 2459030.87097,
            "fid": 1,
            "diffmaglim": 20.437999725341797
        },
        {
            "jd": 2459031.69744,
            "fid": 1,
            "diffmaglim": 19.95800018310547
        },
        {
            "jd": 2459031.74274,
            "fid": 2,
            "diffmaglim": 19.96500015258789
        },
        {
            "jd": 2459031.74367,
            "fid": 2,
            "diffmaglim": 19.94099998474121
        },
        {
            "jd": 2459031.82587,
            "fid": 1,
            "diffmaglim": 19.95800018310547
        },
        {
            "jd": 2459032.73883,
            "fid": 2,
            "diffmaglim": 20.055999755859375
        },
        {
            "jd": 2459032.74028,
            "fid": 2,
            "diffmaglim": 19.95199966430664
        },
        {
            "jd": 2459032.85186,
            "fid": 2,
            "diffmaglim": 20.06100082397461
        },
        {
            "jd": 2459032.88359,
            "fid": 1,
            "diffmaglim": 19.9060001373291
        },
        {
            "jd": 2459032.89169,
            "fid": 1,
            "diffmaglim": 19.98900032043457
        },
        {
            "jd": 2459033.71641,
            "fid": 1,
            "diffmaglim": 19.694000244140625
        },
        {
            "jd": 2459033.73953,
            "fid": 1,
            "diffmaglim": 19.775999069213867
        },
        {
            "jd": 2459033.82307,
            "fid": 2,
            "diffmaglim": 19.829999923706055
        },
        {
            "jd": 2459033.82895,
            "fid": 2,
            "diffmaglim": 19.72100067138672
        },
        {
            "jd": 2459034.71753,
            "fid": 1,
            "diffmaglim": 19.55900001525879
        },
        {
            "jd": 2459034.82679,
            "fid": 2,
            "diffmaglim": 19.75
        },
        {
            "jd": 2459034.84111,
            "fid": 2,
            "diffmaglim": 19.666000366210938
        },
        {
            "jd": 2459034.85041,
            "fid": 2,
            "diffmaglim": 19.69700050354004
        },
        {
            "jd": 2459035.71862,
            "fid": 1,
            "diffmaglim": 19.360000610351562
        },
        {
            "jd": 2459035.76994,
            "fid": 2,
            "diffmaglim": 19.150999069213867
        },
        {
            "jd": 2459035.77088,
            "fid": 2,
            "diffmaglim": 19.458999633789062
        },
        {
            "jd": 2459035.81038,
            "fid": 2,
            "diffmaglim": 19.613000869750977
        },
        {
            "jd": 2459035.82655,
            "fid": 2,
            "diffmaglim": 19.52199935913086
        },
        {
            "jd": 2459037.83115,
            "fid": 2,
            "diffmaglim": 19.954999923706055
        },
        {
            "jd": 2459038.72024,
            "fid": 2,
            "diffmaglim": 20.46299934387207
        },
        {
            "jd": 2459038.72213,
            "fid": 2,
            "diffmaglim": 20.434999465942383
        },
        {
            "jd": 2459038.74483,
            "fid": 1,
            "diffmaglim": 20.32900047302246
        },
        {
            "jd": 2459038.7453,
            "fid": 1,
            "diffmaglim": 20.243000030517578
        },
        {
            "jd": 2459038.89397,
            "fid": 2,
            "diffmaglim": 19.83300018310547
        },
        {
            "jd": 2459041.71905,
            "fid": 1,
            "diffmaglim": 20.72100067138672
        },
        {
            "jd": 2459041.72093,
            "fid": 1,
            "diffmaglim": 20.690000534057617
        },
        {
            "jd": 2459041.76531,
            "fid": 2,
            "diffmaglim": 20.54599952697754
        },
        {
            "jd": 2459041.77454,
            "fid": 2,
            "diffmaglim": 20.527000427246094
        },
        {
            "jd": 2459044.73943,
            "fid": 2,
            "diffmaglim": 20.534000396728516
        },
        {
            "jd": 2459044.7413,
            "fid": 2,
            "diffmaglim": 20.547000885009766
        },
        {
            "jd": 2459044.81815,
            "fid": 1,
            "diffmaglim": 20.656999588012695
        },
        {
            "jd": 2459044.82304,
            "fid": 1,
            "diffmaglim": 20.69499969482422
        },
        {
            "jd": 2459045.79047,
            "fid": 1,
            "diffmaglim": 20.756999969482422
        },
        {
            "jd": 2459047.76634,
            "fid": 1,
            "diffmaglim": 20.725000381469727
        },
        {
            "jd": 2459047.77061,
            "fid": 1,
            "diffmaglim": 20.76099967956543
        },
        {
            "jd": 2459047.82574,
            "fid": 2,
            "diffmaglim": 20.545000076293945
        },
        {
            "jd": 2459047.9066,
            "fid": 2,
            "diffmaglim": 20.40999984741211
        },
        {
            "jd": 2459050.76832,
            "fid": 2,
            "diffmaglim": 20.367000579833984
        },
        {
            "jd": 2459050.80484,
            "fid": 2,
            "diffmaglim": 20.479000091552734
        },
        {
            "jd": 2459050.8685,
            "fid": 1,
            "diffmaglim": 20.551000595092773
        },
        {
            "jd": 2459050.8713,
            "fid": 1,
            "diffmaglim": 20.4689998626709
        },
        {
            "jd": 2459053.80523,
            "fid": 2,
            "diffmaglim": 20.719999313354492
        },
        {
            "jd": 2459053.80667,
            "fid": 2,
            "diffmaglim": 20.591999053955078
        },
        {
            "jd": 2459053.84683,
            "fid": 1,
            "diffmaglim": 20.80299949645996
        },
        {
            "jd": 2459053.84824,
            "fid": 1,
            "diffmaglim": 20.770000457763672
        },
        {
            "jd": 2459056.76343,
            "fid": 1,
            "diffmaglim": 20.597999572753906
        },
        {
            "jd": 2459056.77881,
            "fid": 1,
            "diffmaglim": 20.538999557495117
        },
        {
            "jd": 2459056.8417,
            "fid": 2,
            "diffmaglim": 20.142000198364258
        },
        {
            "jd": 2459056.84498,
            "fid": 2,
            "diffmaglim": 20.0310001373291
        },
        {
            "jd": 2459059.66117,
            "fid": 2,
            "diffmaglim": 19.58799934387207
        },
        {
            "jd": 2459074.78578,
            "fid": 2,
            "diffmaglim": 15.256999969482422
        },
        {
            "jd": 2459074.78625,
            "fid": 2,
            "diffmaglim": 16.47599983215332
        },
        {
            "jd": 2459077.78105,
            "fid": 2,
            "diffmaglim": 18.795000076293945
        },
        {
            "jd": 2459094.69782,
            "fid": 1,
            "diffmaglim": 19.354000091552734
        },
        {
            "jd": 2459095.69986,
            "fid": 1,
            "diffmaglim": 19.327999114990234
        },
        {
            "jd": 2459096.6581,
            "fid": 1,
            "diffmaglim": 20.211999893188477
        },
        {
            "jd": 2459098.71718,
            "fid": 1,
            "diffmaglim": 19.993999481201172
        },
        {
            "jd": 2459106.67278,
            "fid": 1,
            "diffmaglim": 19.820999145507812
        },
        {
            "jd": 2459107.65667,
            "fid": 1,
            "diffmaglim": 19.89900016784668
        },
        {
            "jd": 2459108.7785,
            "fid": 1,
            "diffmaglim": 19.466999053955078
        }
    ],
    "forcedphot": []
}