{
    "objectId": "ZTF22aadevoi",
    "candidates": [
        {
            "candid": 1918329520515015015,
            "jd": 2459672.8295255,
            "ra": 220.2398491,
            "dec": 30.9036332,
            "fid": 1,
            "nid": 1918,
            "magpsf": 18.923900604248047,
            "sigmapsf": 0.11155000329017639,
            "magnr": 18.209999084472656,
            "sigmagnr": 0.054999999701976776,
            "magzpsci": 26.028900146484375,
            "isdiffpos": "t",
            "ssdistnr": null,
            "ssnamenr": null,
            "drb": 0.9999729990959167
        },
        {
            "candid": 1918329520515025014,
            "jd": 2459672.8295255,
            "ra": 220.2398496,
            "dec": 30.9036342,
            "fid": 1,
            "nid": 1918,
            "magpsf": 18.92180061340332,
            "sigmapsf": 0.11239100247621536,
            "magnr": 18.209999084472656,
            "sigmagnr": 0.054999999701976776,
            "magzpsci": 26.028799057006836,
            "isdiffpos": "t",
            "ssdistnr": null,
            "ssnamenr": null,
            "drb": null
        },
        {
            "candid": 1921347080515015013,
            "jd": 2459675.8470833,
            "ra": 220.2398497,
            "dec": 30.9036345,
            "fid": 2,
            "nid": 1921,
            "magpsf": 18.82740020751953,
            "sigmapsf": 0.10470700263977051,
            "magnr": 17.41699981689453,
            "sigmagnr": 0.06199999898672104,
            "magzpsci": 26.27239990234375,
            "isdiffpos": "t",
            "ssdistnr": null,
            "ssnamenr": null,
            "drb": null
        },
        {
            "candid": 1921370110515015012,
            "jd": 2459675.8701157,
            "ra": 220.2398243,
            "dec": 30.9036515,
            "fid": 1,
            "nid": 1921,
            "magpsf": 19.352699279785156,
            "sigmapsf": 0.10862600058317184,
            "magnr": 18.209999084472656,
            "sigmagnr": 0.054999999701976776,
            "magzpsci": 26.369699478149414,
            "isdiffpos": "t",
            "ssdistnr": null,
            "ssnamenr": null,
            "drb": null
        },
        {
            "candid": 1923337850515015006,
            "jd": 2459677.8378588,
            "ra": 220.2398758,
            "dec": 30.903627,
            "fid": 1,
            "nid": 1923,
            "magpsf": 19.45949935913086,
            "sigmapsf": 0.12471400201320648,
            "magnr": 18.209999084472656,
            "sigmagnr": 0.054999999701976776,
            "magzpsci": 26.352500915527344,
            "isdiffpos": "t",
            "ssdistnr": null,
            "ssnamenr": null,
            "drb": null
        },
        {
            "candid": 1923391550515015009,
            "jd": 2459677.8915509,
            "ra": 220.2398654,
            "dec": 30.9036669,
            "fid": 2,
            "nid": 1923,
            "magpsf": 18.820899963378906,
            "sigmapsf": 0.09716600179672241,
            "magnr": 17.41699981689453,
            "sigmagnr": 0.06199999898672104,
            "magzpsci": 26.27790069580078,
            "isdiffpos": "t",
            "ssdistnr": null,
            "ssnamenr": null,
            "drb": null
        },
        {
            "candid": 1925236770515015007,
            "jd": 2459679.7367708,
            "ra": 220.2398543,
            "dec": 30.9036342,
            "fid": 2,
            "nid": 1925,
            "magpsf": 18.865299224853516,
            "sigmapsf": 0.12128199636936188,
            "magnr": 17.41699981689453,
            "sigmagnr": 0.06199999898672104,
            "magzpsci": 26.25429916381836,
            "isdiffpos": "t",
            "ssdistnr": null,
            "ssnamenr": null,
            "drb": null
        },
        {
            "candid": 1925306860515015004,
            "jd": 2459679.8068634,
            "ra": 220.2398185,
            "dec": 30.903572,
            "fid": 1,
            "nid": 1925,
            "magpsf": 19.888399124145508,
            "sigmapsf": 0.17002299427986145,
            "magnr": 18.209999084472656,
            "sigmagnr": 0.054999999701976776,
            "magzpsci": 26.383399963378906,
            "isdiffpos": "t",
            "ssdistnr": null,
            "ssnamenr": null,
            "drb": null
        },
        {
            "candid": 1928341890515015004,
            "jd": 2459682.8418981,
            "ra": 220.2397415,
            "dec": 30.903606,
            "fid": 2,
            "nid": 1928,
            "magpsf": 18.96579933166504,
            "sigmapsf": 0.11827199906110764,
            "magnr": 17.41699981689453,
            "sigmagnr": 0.06199999898672104,
            "magzpsci": 26.310800552368164,
            "isdiffpos": "t",
            "ssdistnr": null,
            "ssnamenr": null,
            "drb": null
        },
        {
            "candid": 1933386630515015009,
            "jd": 2459687.8866319,
            "ra": 220.2398227,
            "dec": 30.9036799,
            "fid": 2,
            "nid": 1933,
            "magpsf": 19.138900756835938,
            "sigmapsf": 0.12749099731445312,
            "magnr": 17.41699981689453,
            "sigmagnr": 0.06199999898672104,
            "magzpsci": 26.261899948120117,
            "isdiffpos": "t",
            "ssdistnr": null,
            "ssnamenr": null,
            "drb": null
        },
        {
            "candid": 1936323810515015008,
            "jd": 2459690.8238194,
            "ra": 220.2398132,
            "dec": 30.903623,
            "fid": 2,
            "nid": 1936,
            "magpsf": 19.401399612426758,
            "sigmapsf": 0.14200499653816223,
            "magnr": 17.41699981689453,
            "sigmagnr": 0.06199999898672104,
            "magzpsci": 26.30739974975586,
            "isdiffpos": "t",
            "ssdistnr": null,
            "ssnamenr": null,
            "drb": null
        },
        {
            "candid": 1940284900515015011,
            "jd": 2459694.7849074,
            "ra": 220.2398296,
            "dec": 30.9036463,
            "fid": 2,
            "nid": 1940,
            "magpsf": 19.557300567626953,
            "sigmapsf": 0.14444799721240997,
            "magnr": 17.41699981689453,
            "sigmagnr": 0.06199999898672104,
            "magzpsci": 26.20330047607422,
            "isdiffpos": "t",
            "ssdistnr": -999.0,
            "ssnamenr": "null",
            "drb": null
        },
        {
            "jd": 2459682.8830903,
            "fid": 1,
            "diffmaglim": 19.63520050048828
        },
        {
            "jd": 2459684.8989931,
            "fid": 2,
            "diffmaglim": 19.820199966430664
        },
        {
            "jd": 2459684.9465509,
            "fid": 1,
            "diffmaglim": 19.418899536132812
        },
        {
            "jd": 2459690.8089699,
            "fid": 1,
            "diffmaglim": 20.355499267578125
        }
    ],
    "forcedphot": []
}