{
    "objectId": "ZTF24abcvach",
    "candidates": [
        {
            "candid": 2793360322915015008,
            "jd": 2460547.8603241,
            "ra": 358.9105215,
            "dec": 11.2963995,
            "fid": 1,
            "nid": 2793,
            "magpsf": 19.124900817871094,
            "sigmapsf": 0.10987699776887894,
            "magnr": 20.011999130249023,
            "sigmagnr": 0.05700000002980232,
            "magzpsci": 26.37689971923828,
            "isdiffpos": "t",
            "ssdistnr": null,
            "ssnamenr": null,
            "drb": 0.9999894499778748
        },
        {
            "candid": 2795456052915015002,
            "jd": 2460549.9560532,
            "ra": 358.9105242,
            "dec": 11.2964116,
            "fid": 1,
            "nid": 2795,
            "magpsf": 18.82659912109375,
            "sigmapsf": 0.07806500047445297,
            "magnr": 20.011999130249023,
            "sigmagnr": 0.05700000002980232,
            "magzpsci": 26.314599990844727,
            "isdiffpos": "t",
            "ssdistnr": null,
            "ssnamenr": null,
            "drb": null
        },
        {
            "candid": 2797353222915015007,
            "jd": 2460551.8532292,
            "ra": 358.9105334,
            "dec": 11.2964056,
            "fid": 1,
            "nid": 2797,
            "magpsf": 18.782499313354492,
            "sigmapsf": 0.06782799959182739,
            "magnr": 20.011999130249023,
            "sigmagnr": 0.05700000002980232,
            "magzpsci": 26.36949920654297,
            "isdiffpos": "t",
            "ssdistnr": null,
            "ssnamenr": null,
            "drb": null
        },
        {
            "candid": 2800341012915015006,
            "jd": 2460554.8410185,
            "ra": 358.9104912,
            "dec": 11.2963809,
            "fid": 1,
            "nid": 2800,
            "magpsf": 18.80900001525879,
            "sigmapsf": 0.0686199963092804,
            "magnr": 20.011999130249023,
            "sigmagnr": 0.05700000002980232,
            "magzpsci": 26.364999771118164,
            "isdiffpos": "t",
            "ssdistnr": null,
            "ssnamenr": null,
            "drb": null
        },
        {
            "candid": 2802412262915015004,
            "jd": 2460556.9122685,
            "ra": 358.9105268,
            "dec": 11.2964076,
            "fid": 1,
            "nid": 2802,
            "magpsf": 18.838699340820312,
            "sigmapsf": 0.08609499782323837,
            "magnr": 20.011999130249023,
            "sigmagnr": 0.05700000002980232,
            "magzpsci": 26.28569984436035,
            "isdiffpos": "t",
            "ssdistnr": null,
            "ssnamenr": null,
            "drb": null
        },
        {
            "candid": 2804400152915015010,
            "jd": 2460558.9001505,
            "ra": 358.9105316,
            "dec": 11.2963715,
            "fid": 1,
            "nid": 2804,
            "magpsf": 19.009700775146484,
            "sigmapsf": 0.0740320011973381,
            "magnr": 20.011999130249023,
            "sigmagnr": 0.05700000002980232,
            "magzpsci": 26.338699340820312,
            "isdiffpos": "t",
            "ssdistnr": null,
            "ssnamenr": null,
            "drb": null
        },
        {
            "candid": 2806329372915015009,
            "jd": 2460560.829375,
            "ra": 358.9105152,
            "dec": 11.296405,
            "fid": 1,
            "nid": 2806,
            "magpsf": 19.131799697875977,
            "sigmapsf": 0.11857499927282333,
            "magnr": 20.011999130249023,
            "sigmagnr": 0.05700000002980232,
            "magzpsci": 26.07979965209961,
            "isdiffpos": "t",
            "ssdistnr": null,
            "ssnamenr": null,
            "drb": null
        },
        {
            "candid": 2808325432915015013,
            "jd": 2460562.8254398,
            "ra": 358.9104807,
            "dec": 11.2964255,
            "fid": 1,
            "nid": 2808,
            "magpsf": 19.326200485229492,
            "sigmapsf": 0.10200099647045135,
            "magnr": 20.011999130249023,
            "sigmagnr": 0.05700000002980232,
            "magzpsci": 26.140199661254883,
            "isdiffpos": "t",
            "ssdistnr": null,
            "ssnamenr": null,
            "drb": null
        },
        {
            "candid": 2810252762915015008,
            "jd": 2460564.7527662,
            "ra": 358.9105135,
            "dec": 11.2964487,
            "fid": 1,
            "nid": 2810,
            "magpsf": 19.4968318939209,
            "sigmapsf": 0.1198616549372673,
            "magnr": 20.011999130249023,
            "sigmagnr": 0.05700000002980232,
            "magzpsci": 26.315832138061523,
            "isdiffpos": "t",
            "ssdistnr": -999.0,
            "ssnamenr": "null",
            "drb": null
        },
        {
            "jd": 2460518.9455093,
            "fid": 1,
            "diffmaglim": 19.901599884033203
        },
        {
            "jd": 2460518.9652083,
            "fid": 2,
            "diffmaglim": 20.045499801635742
        },
        {
            "jd": 2460520.8892361,
            "fid": 2,
            "diffmaglim": 20.469200134277344
        },
        {
            "jd": 2460520.9567245,
            "fid": 1,
            "diffmaglim": 20.380800247192383
        },
        {
            "jd": 2460522.8923958,
            "fid": 2,
            "diffmaglim": 20.396400451660156
        },
        {
            "jd": 2460522.9255787,
            "fid": 1,
            "diffmaglim": 20.445899963378906
        },
        {
            "jd": 2460525.8497685,
            "fid": 1,
            "diffmaglim": 20.57270050048828
        },
        {
            "jd": 2460525.9227662,
            "fid": 2,
            "diffmaglim": 20.5841007232666
        },
        {
            "jd": 2460527.8509259,
            "fid": 1,
            "diffmaglim": 20.50659942626953
        },
        {
            "jd": 2460527.9149769,
            "fid": 2,
            "diffmaglim": 20.513099670410156
        },
        {
            "jd": 2460529.8986574,
            "fid": 2,
            "diffmaglim": 20.207399368286133
        },
        {
            "jd": 2460529.9359375,
            "fid": 1,
            "diffmaglim": 20.104999542236328
        },
        {
            "jd": 2460531.8699537,
            "fid": 2,
            "diffmaglim": 20.616899490356445
        },
        {
            "jd": 2460532.7972222,
            "fid": 1,
            "diffmaglim": 20.501800537109375
        },
        {
            "jd": 2460532.8692708,
            "fid": 2,
            "diffmaglim": 20.77359962463379
        },
        {
            "jd": 2460533.8603241,
            "fid": 2,
            "diffmaglim": 20.66670036315918
        },
        {
            "jd": 2460533.9227315,
            "fid": 1,
            "diffmaglim": 21.108400344848633
        },
        {
            "jd": 2460534.839375,
            "fid": 2,
            "diffmaglim": 20.415199279785156
        },
        {
            "jd": 2460536.8407639,
            "fid": 1,
            "diffmaglim": 20.484899520874023
        },
        {
            "jd": 2460536.8827662,
            "fid": 2,
            "diffmaglim": 20.36709976196289
        },
        {
            "jd": 2460538.9089815,
            "fid": 2,
            "diffmaglim": 20.612199783325195
        },
        {
            "jd": 2460538.9224306,
            "fid": 1,
            "diffmaglim": 20.549299240112305
        },
        {
            "jd": 2460543.7837963,
            "fid": 2,
            "diffmaglim": 19.297000885009766
        },
        {
            "jd": 2460543.8530671,
            "fid": 1,
            "diffmaglim": 18.555299758911133
        },
        {
            "jd": 2460547.9029282,
            "fid": 2,
            "diffmaglim": 20.253400802612305
        },
        {
            "jd": 2460549.8916667,
            "fid": 2,
            "diffmaglim": 20.577699661254883
        },
        {
            "jd": 2460551.9161458,
            "fid": 2,
            "diffmaglim": 20.461299896240234
        },
        {
            "jd": 2460556.8592245,
            "fid": 2,
            "diffmaglim": 20.391300201416016
        },
        {
            "jd": 2460558.8332755,
            "fid": 2,
            "diffmaglim": 20.45829963684082
        },
        {
            "jd": 2460560.8385532,
            "fid": 2,
            "diffmaglim": 20.3533992767334
        },
        {
            "jd": 2460562.8811343,
            "fid": 2,
            "diffmaglim": 20.359500885009766
        }
    ],
    "forcedphot": [
        {
            "objectid": "ZTF24abcvach",
            "jd": 2460518.9455093,
            "ranr": 358.9103653,
            "decnr": 11.2964446,
            "fid": 1,
            "forcediffimflux": 4.387845516204834,
            "forcediffimfluxunc": 43.76032257080078,
            "magzpsci": 26.312999725341797
        },
        {
            "objectid": "ZTF24abcvach",
            "jd": 2460518.9652083,
            "ranr": 358.9103482,
            "decnr": 11.2964606,
            "fid": 2,
            "forcediffimflux": 9.647082328796387,
            "forcediffimfluxunc": 40.400962829589844,
            "magzpsci": 26.292299270629883
        },
        {
            "objectid": "ZTF24abcvach",
            "jd": 2460520.9114468,
            "ranr": -99999.0,
            "decnr": -99999.0,
            "fid": 2,
            "forcediffimflux": -99999.0,
            "forcediffimfluxunc": -99999.0,
            "magzpsci": 26.25040054321289
        },
        {
            "objectid": "ZTF24abcvach",
            "jd": 2460520.9576736,
            "ranr": -99999.0,
            "decnr": -99999.0,
            "fid": 1,
            "forcediffimflux": -99999.0,
            "forcediffimfluxunc": -99999.0,
            "magzpsci": 26.272499084472656
        },
        {
            "objectid": "ZTF24abcvach",
            "jd": 2460522.8923958,
            "ranr": 358.9103482,
            "decnr": 11.2964606,
            "fid": 2,
            "forcediffimflux": 32.910491943359375,
            "forcediffimfluxunc": 26.231109619140625,
            "magzpsci": 26.210899353027344
        },
        {
            "objectid": "ZTF24abcvach",
            "jd": 2460522.9255787,
            "ranr": 358.9103653,
            "decnr": 11.2964446,
            "fid": 1,
            "forcediffimflux": -21.473007202148438,
            "forcediffimfluxunc": 24.015104293823242,
            "magzpsci": 26.281099319458008
        },
        {
            "objectid": "ZTF24abcvach",
            "jd": 2460525.8627199,
            "ranr": -99999.0,
            "decnr": -99999.0,
            "fid": 1,
            "forcediffimflux": -99999.0,
            "forcediffimfluxunc": -99999.0,
            "magzpsci": 26.181699752807617
        },
        {
            "objectid": "ZTF24abcvach",
            "jd": 2460525.9227662,
            "ranr": 358.9103482,
            "decnr": 11.2964606,
            "fid": 2,
            "forcediffimflux": -9.951486587524414,
            "forcediffimfluxunc": 24.459957122802734,
            "magzpsci": 26.269399642944336
        },
        {
            "objectid": "ZTF24abcvach",
            "jd": 2460527.8514005,
            "ranr": -99999.0,
            "decnr": -99999.0,
            "fid": 1,
            "forcediffimflux": -99999.0,
            "forcediffimfluxunc": -99999.0,
            "magzpsci": 26.18269920349121
        },
        {
            "objectid": "ZTF24abcvach",
            "jd": 2460527.9149769,
            "ranr": 358.9103482,
            "decnr": 11.2964606,
            "fid": 2,
            "forcediffimflux": -40.52570724487305,
            "forcediffimfluxunc": 23.735042572021484,
            "magzpsci": 26.265399932861328
        },
        {
            "objectid": "ZTF24abcvach",
            "jd": 2460529.8986574,
            "ranr": 358.9103482,
            "decnr": 11.2964606,
            "fid": 2,
            "forcediffimflux": -4.674823760986328,
            "forcediffimfluxunc": 29.087106704711914,
            "magzpsci": 26.111600875854492
        },
        {
            "objectid": "ZTF24abcvach",
            "jd": 2460529.9359375,
            "ranr": 358.9103653,
            "decnr": 11.2964446,
            "fid": 1,
            "forcediffimflux": 21.060577392578125,
            "forcediffimfluxunc": 23.161182403564453,
            "magzpsci": 25.962099075317383
        },
        {
            "objectid": "ZTF24abcvach",
            "jd": 2460531.850787,
            "ranr": -99999.0,
            "decnr": -99999.0,
            "fid": 1,
            "forcediffimflux": -99999.0,
            "forcediffimfluxunc": -99999.0,
            "magzpsci": 26.148399353027344
        },
        {
            "objectid": "ZTF24abcvach",
            "jd": 2460531.8699537,
            "ranr": 358.9103482,
            "decnr": 11.2964606,
            "fid": 2,
            "forcediffimflux": -28.883743286132812,
            "forcediffimfluxunc": 22.48415756225586,
            "magzpsci": 26.211599349975586
        },
        {
            "objectid": "ZTF24abcvach",
            "jd": 2460532.7972222,
            "ranr": 358.9103653,
            "decnr": 11.2964446,
            "fid": 1,
            "forcediffimflux": 54.828704833984375,
            "forcediffimfluxunc": 38.555816650390625,
            "magzpsci": 26.82270050048828
        },
        {
            "objectid": "ZTF24abcvach",
            "jd": 2460532.8692708,
            "ranr": 358.9103482,
            "decnr": 11.2964606,
            "fid": 2,
            "forcediffimflux": -0.0705026239156723,
            "forcediffimfluxunc": 34.75966262817383,
            "magzpsci": 26.95840072631836
        },
        {
            "objectid": "ZTF24abcvach",
            "jd": 2460533.8603241,
            "ranr": 358.9103482,
            "decnr": 11.2964606,
            "fid": 2,
            "forcediffimflux": 13.537623405456543,
            "forcediffimfluxunc": 13.480344772338867,
            "magzpsci": 26.82229995727539
        },
        {
            "objectid": "ZTF24abcvach",
            "jd": 2460533.9227315,
            "ranr": 358.9103653,
            "decnr": 11.2964446,
            "fid": 1,
            "forcediffimflux": -27.028657913208008,
            "forcediffimfluxunc": 25.23282814025879,
            "magzpsci": 27.02400016784668
        },
        {
            "objectid": "ZTF24abcvach",
            "jd": 2460534.839375,
            "ranr": 358.9103482,
            "decnr": 11.2964606,
            "fid": 2,
            "forcediffimflux": -76.67184448242188,
            "forcediffimfluxunc": 38.732147216796875,
            "magzpsci": 26.77090072631836
        },
        {
            "objectid": "ZTF24abcvach",
            "jd": 2460536.8407639,
            "ranr": 358.9103653,
            "decnr": 11.2964446,
            "fid": 1,
            "forcediffimflux": -6.188765525817871,
            "forcediffimfluxunc": 26.862730026245117,
            "magzpsci": 26.346799850463867
        },
        {
            "objectid": "ZTF24abcvach",
            "jd": 2460536.8827662,
            "ranr": 358.9103482,
            "decnr": 11.2964606,
            "fid": 2,
            "forcediffimflux": 17.838151931762695,
            "forcediffimfluxunc": 27.48755645751953,
            "magzpsci": 26.311599731445312
        },
        {
            "objectid": "ZTF24abcvach",
            "jd": 2460538.9122801,
            "ranr": -99999.0,
            "decnr": -99999.0,
            "fid": 2,
            "forcediffimflux": -99999.0,
            "forcediffimfluxunc": -99999.0,
            "magzpsci": 26.27389907836914
        },
        {
            "objectid": "ZTF24abcvach",
            "jd": 2460538.9224306,
            "ranr": 358.9103653,
            "decnr": 11.2964446,
            "fid": 1,
            "forcediffimflux": 52.002105712890625,
            "forcediffimfluxunc": 23.801326751708984,
            "magzpsci": 26.36829948425293
        },
        {
            "objectid": "ZTF24abcvach",
            "jd": 2460543.8530671,
            "ranr": 358.9103653,
            "decnr": 11.2964446,
            "fid": 1,
            "forcediffimflux": 433.1623229980469,
            "forcediffimfluxunc": 97.7530746459961,
            "magzpsci": 26.36090087890625
        },
        {
            "objectid": "ZTF24abcvach",
            "jd": 2460545.8420486,
            "ranr": -99999.0,
            "decnr": -99999.0,
            "fid": 1,
            "forcediffimflux": -99999.0,
            "forcediffimfluxunc": -99999.0,
            "magzpsci": 26.308000564575195
        },
        {
            "objectid": "ZTF24abcvach",
            "jd": 2460545.8918866,
            "ranr": -99999.0,
            "decnr": -99999.0,
            "fid": 2,
            "forcediffimflux": -99999.0,
            "forcediffimfluxunc": -99999.0,
            "magzpsci": 26.291099548339844
        },
        {
            "objectid": "ZTF24abcvach",
            "jd": 2460547.8603241,
            "ranr": 358.9103653,
            "decnr": 11.2964446,
            "fid": 1,
            "forcediffimflux": 794.15869140625,
            "forcediffimfluxunc": 40.87731170654297,
            "magzpsci": 26.37689971923828
        },
        {
            "objectid": "ZTF24abcvach",
            "jd": 2460547.9029282,
            "ranr": 358.9103482,
            "decnr": 11.2964606,
            "fid": 2,
            "forcediffimflux": 857.8140869140625,
            "forcediffimfluxunc": 34.753753662109375,
            "magzpsci": 26.298900604248047
        },
        {
            "objectid": "ZTF24abcvach",
            "jd": 2460548.84375,
            "ranr": -99999.0,
            "decnr": -99999.0,
            "fid": 1,
            "forcediffimflux": -99999.0,
            "forcediffimfluxunc": -99999.0,
            "magzpsci": 26.249799728393555
        },
        {
            "objectid": "ZTF24abcvach",
            "jd": 2460548.8833912,
            "ranr": -99999.0,
            "decnr": -99999.0,
            "fid": 2,
            "forcediffimflux": -99999.0,
            "forcediffimfluxunc": -99999.0,
            "magzpsci": 26.260400772094727
        },
        {
            "objectid": "ZTF24abcvach",
            "jd": 2460549.8916667,
            "ranr": 358.9103482,
            "decnr": 11.2964606,
            "fid": 2,
            "forcediffimflux": 993.1257934570312,
            "forcediffimfluxunc": 28.761646270751953,
            "magzpsci": 26.308700561523438
        },
        {
            "objectid": "ZTF24abcvach",
            "jd": 2460549.9560532,
            "ranr": 358.9103653,
            "decnr": 11.2964446,
            "fid": 1,
            "forcediffimflux": 1026.59912109375,
            "forcediffimfluxunc": 34.59029006958008,
            "magzpsci": 26.314599990844727
        },
        {
            "objectid": "ZTF24abcvach",
            "jd": 2460550.8292708,
            "ranr": -99999.0,
            "decnr": -99999.0,
            "fid": 1,
            "forcediffimflux": -99999.0,
            "forcediffimfluxunc": -99999.0,
            "magzpsci": 26.2898006439209
        },
        {
            "objectid": "ZTF24abcvach",
            "jd": 2460550.9096991,
            "ranr": -99999.0,
            "decnr": -99999.0,
            "fid": 2,
            "forcediffimflux": -99999.0,
            "forcediffimfluxunc": -99999.0,
            "magzpsci": 26.297300338745117
        },
        {
            "objectid": "ZTF24abcvach",
            "jd": 2460551.8532292,
            "ranr": 358.9103653,
            "decnr": 11.2964446,
            "fid": 1,
            "forcediffimflux": 1099.681884765625,
            "forcediffimfluxunc": 27.93132209777832,
            "magzpsci": 26.36949920654297
        },
        {
            "objectid": "ZTF24abcvach",
            "jd": 2460551.9161458,
            "ranr": 358.9103482,
            "decnr": 11.2964606,
            "fid": 2,
            "forcediffimflux": 1116.065185546875,
            "forcediffimfluxunc": 31.12456512451172,
            "magzpsci": 26.316999435424805
        },
        {
            "objectid": "ZTF24abcvach",
            "jd": 2460552.8604167,
            "ranr": -99999.0,
            "decnr": -99999.0,
            "fid": 2,
            "forcediffimflux": -99999.0,
            "forcediffimfluxunc": -99999.0,
            "magzpsci": 26.273799896240234
        },
        {
            "objectid": "ZTF24abcvach",
            "jd": 2460552.9008681,
            "ranr": -99999.0,
            "decnr": -99999.0,
            "fid": 1,
            "forcediffimflux": -99999.0,
            "forcediffimfluxunc": -99999.0,
            "magzpsci": 26.297100067138672
        },
        {
            "objectid": "ZTF24abcvach",
            "jd": 2460554.8410185,
            "ranr": 358.9103653,
            "decnr": 11.2964446,
            "fid": 1,
            "forcediffimflux": 1077.3994140625,
            "forcediffimfluxunc": 27.89554214477539,
            "magzpsci": 26.364999771118164
        },
        {
            "objectid": "ZTF24abcvach",
            "jd": 2460555.8068056,
            "ranr": -99999.0,
            "decnr": -99999.0,
            "fid": 1,
            "forcediffimflux": -99999.0,
            "forcediffimfluxunc": -99999.0,
            "magzpsci": 26.265899658203125
        },
        {
            "objectid": "ZTF24abcvach",
            "jd": 2460555.8601736,
            "ranr": -99999.0,
            "decnr": -99999.0,
            "fid": 2,
            "forcediffimflux": -99999.0,
            "forcediffimfluxunc": -99999.0,
            "magzpsci": 26.250200271606445
        },
        {
            "objectid": "ZTF24abcvach",
            "jd": 2460556.8592245,
            "ranr": 358.9103482,
            "decnr": 11.2964606,
            "fid": 2,
            "forcediffimflux": 462.504638671875,
            "forcediffimfluxunc": 21.09566307067871,
            "magzpsci": 26.28230094909668
        },
        {
            "objectid": "ZTF24abcvach",
            "jd": 2460556.9122685,
            "ranr": 358.9103653,
            "decnr": 11.2964446,
            "fid": 1,
            "forcediffimflux": 965.3438720703125,
            "forcediffimfluxunc": 30.153961181640625,
            "magzpsci": 26.28569984436035
        },
        {
            "objectid": "ZTF24abcvach",
            "jd": 2460557.8253009,
            "ranr": -99999.0,
            "decnr": -99999.0,
            "fid": 2,
            "forcediffimflux": -99999.0,
            "forcediffimfluxunc": -99999.0,
            "magzpsci": 26.233699798583984
        },
        {
            "objectid": "ZTF24abcvach",
            "jd": 2460557.8958912,
            "ranr": -99999.0,
            "decnr": -99999.0,
            "fid": 1,
            "forcediffimflux": -99999.0,
            "forcediffimfluxunc": -99999.0,
            "magzpsci": 26.289499282836914
        },
        {
            "objectid": "ZTF24abcvach",
            "jd": 2460558.8332755,
            "ranr": 358.9103482,
            "decnr": 11.2964606,
            "fid": 2,
            "forcediffimflux": 957.7228393554688,
            "forcediffimfluxunc": 31.007709503173828,
            "magzpsci": 26.28700065612793
        },
        {
            "objectid": "ZTF24abcvach",
            "jd": 2460558.9001505,
            "ranr": 358.9103653,
            "decnr": 11.2964446,
            "fid": 1,
            "forcediffimflux": 851.0465698242188,
            "forcediffimfluxunc": 28.817420959472656,
            "magzpsci": 26.338699340820312
        },
        {
            "objectid": "ZTF24abcvach",
            "jd": 2460559.7661574,
            "ranr": -99999.0,
            "decnr": -99999.0,
            "fid": 2,
            "forcediffimflux": -99999.0,
            "forcediffimfluxunc": -99999.0,
            "magzpsci": 26.1835994720459
        },
        {
            "objectid": "ZTF24abcvach",
            "jd": 2460559.8043981,
            "ranr": -99999.0,
            "decnr": -99999.0,
            "fid": 1,
            "forcediffimflux": -99999.0,
            "forcediffimfluxunc": -99999.0,
            "magzpsci": 26.175600051879883
        },
        {
            "objectid": "ZTF24abcvach",
            "jd": 2460560.829375,
            "ranr": 358.9103653,
            "decnr": 11.2964446,
            "fid": 1,
            "forcediffimflux": 620.2992553710938,
            "forcediffimfluxunc": 23.64063262939453,
            "magzpsci": 26.07979965209961
        },
        {
            "objectid": "ZTF24abcvach",
            "jd": 2460560.8385532,
            "ranr": 358.9103482,
            "decnr": 11.2964606,
            "fid": 2,
            "forcediffimflux": 816.525634765625,
            "forcediffimfluxunc": 29.726821899414062,
            "magzpsci": 26.16670036315918
        },
        {
            "objectid": "ZTF24abcvach",
            "jd": 2460561.8529398,
            "ranr": -99999.0,
            "decnr": -99999.0,
            "fid": 1,
            "forcediffimflux": -99999.0,
            "forcediffimfluxunc": -99999.0,
            "magzpsci": 25.874000549316406
        },
        {
            "objectid": "ZTF24abcvach",
            "jd": 2460561.9264815,
            "ranr": -99999.0,
            "decnr": -99999.0,
            "fid": 2,
            "forcediffimflux": -99999.0,
            "forcediffimfluxunc": -99999.0,
            "magzpsci": 26.018999099731445
        },
        {
            "objectid": "ZTF24abcvach",
            "jd": 2460562.8254398,
            "ranr": 358.9103653,
            "decnr": 11.2964446,
            "fid": 1,
            "forcediffimflux": 545.4070434570312,
            "forcediffimfluxunc": 27.812759399414062,
            "magzpsci": 26.140199661254883
        },
        {
            "objectid": "ZTF24abcvach",
            "jd": 2460562.8811343,
            "ranr": 358.9103482,
            "decnr": 11.2964606,
            "fid": 2,
            "forcediffimflux": 692.906494140625,
            "forcediffimfluxunc": 30.875457763671875,
            "magzpsci": 26.1742000579834
        },
        {
            "objectid": "ZTF24abcvach",
            "jd": 2460564.7522801,
            "ranr": -99999.0,
            "decnr": -99999.0,
            "fid": 1,
            "forcediffimflux": -99999.0,
            "forcediffimfluxunc": -99999.0,
            "magzpsci": 26.22640037536621
        }
    ]
}