{
    "objectId": "ZTF22aaafeiu",
    "candidates": [
        {
            "candid": 1869456154015015001,
            "jd": 2459623.9561574,
            "ra": 219.0931284,
            "dec": 34.9632537,
            "fid": 2,
            "nid": 1869,
            "magpsf": 17.654300689697266,
            "sigmapsf": 0.040059998631477356,
            "magnr": 17.750999450683594,
            "sigmagnr": 0.07599999755620956,
            "magzpsci": 26.448299407958984,
            "isdiffpos": "t",
            "ssdistnr": null,
            "ssnamenr": null,
            "drb": 0.9999960064888
        },
        {
            "candid": 1869506414015015000,
            "jd": 2459624.006412,
            "ra": 219.0931147,
            "dec": 34.9632384,
            "fid": 1,
            "nid": 1869,
            "magpsf": 17.45479965209961,
            "sigmapsf": 0.04064600169658661,
            "magnr": 18.016000747680664,
            "sigmagnr": 0.0729999989271164,
            "magzpsci": 26.44580078125,
            "isdiffpos": "t",
            "ssdistnr": null,
            "ssnamenr": null,
            "drb": null
        },
        {
            "candid": 1871374424015015000,
            "jd": 2459625.8744213,
            "ra": 219.0931241,
            "dec": 34.963231,
            "fid": 1,
            "nid": 1871,
            "magpsf": 17.02239990234375,
            "sigmapsf": 0.045426998287439346,
            "magnr": 18.016000747680664,
            "sigmagnr": 0.0729999989271164,
            "magzpsci": 26.3794002532959,
            "isdiffpos": "t",
            "ssdistnr": null,
            "ssnamenr": null,
            "drb": null
        },
        {
            "candid": 1871447564015015005,
            "jd": 2459625.9475694,
            "ra": 219.0931317,
            "dec": 34.9632335,
            "fid": 2,
            "nid": 1871,
            "magpsf": 17.149700164794922,
            "sigmapsf": 0.040828999131917953,
            "magnr": 17.750999450683594,
            "sigmagnr": 0.07599999755620956,
            "magzpsci": 26.44569969177246,
            "isdiffpos": "t",
            "ssdistnr": null,
            "ssnamenr": null,
            "drb": null
        },
        {
            "candid": 1874386844015015004,
            "jd": 2459628.8868403,
            "ra": 219.0931201,
            "dec": 34.9632111,
            "fid": 1,
            "nid": 1874,
            "magpsf": 16.60770034790039,
            "sigmapsf": 0.04489300027489662,
            "magnr": 18.016000747680664,
            "sigmagnr": 0.0729999989271164,
            "magzpsci": 26.387699127197266,
            "isdiffpos": "t",
            "ssdistnr": null,
            "ssnamenr": null,
            "drb": null
        },
        {
            "candid": 1874445504015015004,
            "jd": 2459628.9455093,
            "ra": 219.0931098,
            "dec": 34.9632441,
            "fid": 2,
            "nid": 1874,
            "magpsf": 16.78219985961914,
            "sigmapsf": 0.054260000586509705,
            "magnr": 17.750999450683594,
            "sigmagnr": 0.07599999755620956,
            "magzpsci": 25.98419952392578,
            "isdiffpos": "t",
            "ssdistnr": null,
            "ssnamenr": null,
            "drb": null
        },
        {
            "candid": 1876431124015015000,
            "jd": 2459630.9311227,
            "ra": 219.0931147,
            "dec": 34.9632599,
            "fid": 1,
            "nid": 1876,
            "magpsf": 16.41830062866211,
            "sigmapsf": 0.03635700047016144,
            "magnr": 18.016000747680664,
            "sigmagnr": 0.0729999989271164,
            "magzpsci": 26.44230079650879,
            "isdiffpos": "t",
            "ssdistnr": null,
            "ssnamenr": null,
            "drb": null
        },
        {
            "candid": 1876493054015015005,
            "jd": 2459630.9930556,
            "ra": 219.0931183,
            "dec": 34.9632607,
            "fid": 2,
            "nid": 1876,
            "magpsf": 16.607900619506836,
            "sigmapsf": 0.03420000150799751,
            "magnr": 17.750999450683594,
            "sigmagnr": 0.07599999755620956,
            "magzpsci": 26.450899124145508,
            "isdiffpos": "t",
            "ssdistnr": null,
            "ssnamenr": null,
            "drb": null
        },
        {
            "candid": 1883385544015015001,
            "jd": 2459637.885544,
            "ra": 219.0931234,
            "dec": 34.9632271,
            "fid": 1,
            "nid": 1883,
            "magpsf": 16.322099685668945,
            "sigmapsf": 0.03677099943161011,
            "magnr": 18.016000747680664,
            "sigmagnr": 0.0729999989271164,
            "magzpsci": 26.399099349975586,
            "isdiffpos": "t",
            "ssdistnr": null,
            "ssnamenr": null,
            "drb": null
        },
        {
            "candid": 1883427264015015002,
            "jd": 2459637.9272685,
            "ra": 219.09312,
            "dec": 34.963248,
            "fid": 2,
            "nid": 1883,
            "magpsf": 16.414199829101562,
            "sigmapsf": 0.026852000504732132,
            "magnr": 17.750999450683594,
            "sigmagnr": 0.07599999755620956,
            "magzpsci": 26.42919921875,
            "isdiffpos": "t",
            "ssdistnr": null,
            "ssnamenr": null,
            "drb": null
        },
        {
            "candid": 1885405994015015002,
            "jd": 2459639.9059954,
            "ra": 219.0931124,
            "dec": 34.9632166,
            "fid": 1,
            "nid": 1885,
            "magpsf": 16.37179946899414,
            "sigmapsf": 0.03132399916648865,
            "magnr": 18.016000747680664,
            "sigmagnr": 0.0729999989271164,
            "magzpsci": 26.40880012512207,
            "isdiffpos": "t",
            "ssdistnr": null,
            "ssnamenr": null,
            "drb": null
        },
        {
            "candid": 1885465234015015001,
            "jd": 2459639.9652315,
            "ra": 219.0931188,
            "dec": 34.9632279,
            "fid": 2,
            "nid": 1885,
            "magpsf": 16.43470001220703,
            "sigmapsf": 0.029843999072909355,
            "magnr": 17.750999450683594,
            "sigmagnr": 0.07599999755620956,
            "magzpsci": 26.44070053100586,
            "isdiffpos": "t",
            "ssdistnr": null,
            "ssnamenr": null,
            "drb": null
        },
        {
            "candid": 1887407434015015001,
            "jd": 2459641.9074306,
            "ra": 219.0931199,
            "dec": 34.9632514,
            "fid": 2,
            "nid": 1887,
            "magpsf": 16.493499755859375,
            "sigmapsf": 0.03690300136804581,
            "magnr": 17.750999450683594,
            "sigmagnr": 0.07599999755620956,
            "magzpsci": 26.45050048828125,
            "isdiffpos": "t",
            "ssdistnr": null,
            "ssnamenr": null,
            "drb": null
        },
        {
            "candid": 1887431224015015004,
            "jd": 2459641.9312269,
            "ra": 219.0931263,
            "dec": 34.9632483,
            "fid": 1,
            "nid": 1887,
            "magpsf": 16.43770980834961,
            "sigmapsf": 0.03704100102186203,
            "magnr": 18.016000747680664,
            "sigmagnr": 0.0729999989271164,
            "magzpsci": 26.442710876464844,
            "isdiffpos": "t",
            "ssdistnr": -999.0,
            "ssnamenr": "null",
            "drb": null
        },
        {
            "candid": 1918329524015015004,
            "jd": 2459672.8295255,
            "ra": 219.0930622,
            "dec": 34.9632483,
            "fid": 1,
            "nid": 1918,
            "magpsf": 18.724899291992188,
            "sigmapsf": 0.08298099786043167,
            "magnr": 18.016000747680664,
            "sigmagnr": 0.0729999989271164,
            "magzpsci": 26.217899322509766,
            "isdiffpos": "t",
            "ssdistnr": null,
            "ssnamenr": null,
            "drb": 1.0
        },
        {
            "candid": 1918329524015025003,
            "jd": 2459672.8295255,
            "ra": 219.0930612,
            "dec": 34.9632486,
            "fid": 1,
            "nid": 1918,
            "magpsf": 18.71310043334961,
            "sigmapsf": 0.08499400317668915,
            "magnr": 18.016000747680664,
            "sigmagnr": 0.0729999989271164,
            "magzpsci": 26.215099334716797,
            "isdiffpos": "t",
            "ssdistnr": null,
            "ssnamenr": null,
            "drb": null
        },
        {
            "candid": 1921347084015015001,
            "jd": 2459675.8470833,
            "ra": 219.0931162,
            "dec": 34.9632525,
            "fid": 2,
            "nid": 1921,
            "magpsf": 17.8523006439209,
            "sigmapsf": 0.04986400157213211,
            "magnr": 17.750999450683594,
            "sigmagnr": 0.07599999755620956,
            "magzpsci": 26.363300323486328,
            "isdiffpos": "t",
            "ssdistnr": null,
            "ssnamenr": null,
            "drb": null
        },
        {
            "candid": 1921370114015015001,
            "jd": 2459675.8701157,
            "ra": 219.0931008,
            "dec": 34.9632589,
            "fid": 1,
            "nid": 1921,
            "magpsf": 18.865100860595703,
            "sigmapsf": 0.10687699913978577,
            "magnr": 18.016000747680664,
            "sigmagnr": 0.0729999989271164,
            "magzpsci": 26.35110092163086,
            "isdiffpos": "t",
            "ssdistnr": null,
            "ssnamenr": null,
            "drb": null
        },
        {
            "candid": 1923337854015015004,
            "jd": 2459677.8378588,
            "ra": 219.0931171,
            "dec": 34.9632425,
            "fid": 1,
            "nid": 1923,
            "magpsf": 18.8843994140625,
            "sigmapsf": 0.10188599675893784,
            "magnr": 18.016000747680664,
            "sigmagnr": 0.0729999989271164,
            "magzpsci": 26.36840057373047,
            "isdiffpos": "t",
            "ssdistnr": null,
            "ssnamenr": null,
            "drb": null
        },
        {
            "candid": 1923391554015015004,
            "jd": 2459677.8915509,
            "ra": 219.0931247,
            "dec": 34.9632296,
            "fid": 2,
            "nid": 1923,
            "magpsf": 17.956100463867188,
            "sigmapsf": 0.05299700051546097,
            "magnr": 17.750999450683594,
            "sigmagnr": 0.07599999755620956,
            "magzpsci": 26.385099411010742,
            "isdiffpos": "t",
            "ssdistnr": null,
            "ssnamenr": null,
            "drb": null
        },
        {
            "candid": 1925236774015015002,
            "jd": 2459679.7367708,
            "ra": 219.0931204,
            "dec": 34.9632241,
            "fid": 2,
            "nid": 1925,
            "magpsf": 18.01180076599121,
            "sigmapsf": 0.05461300164461136,
            "magnr": 17.750999450683594,
            "sigmagnr": 0.07599999755620956,
            "magzpsci": 26.354799270629883,
            "isdiffpos": "t",
            "ssdistnr": null,
            "ssnamenr": null,
            "drb": null
        },
        {
            "candid": 1925306864015015005,
            "jd": 2459679.8068634,
            "ra": 219.0931004,
            "dec": 34.9632548,
            "fid": 1,
            "nid": 1925,
            "magpsf": 18.954599380493164,
            "sigmapsf": 0.09487699717283249,
            "magnr": 18.016000747680664,
            "sigmagnr": 0.0729999989271164,
            "magzpsci": 26.38759994506836,
            "isdiffpos": "t",
            "ssdistnr": null,
            "ssnamenr": null,
            "drb": null
        },
        {
            "candid": 1928341894015015002,
            "jd": 2459682.8418981,
            "ra": 219.0931176,
            "dec": 34.9632179,
            "fid": 2,
            "nid": 1928,
            "magpsf": 18.163999557495117,
            "sigmapsf": 0.07156000286340714,
            "magnr": 17.750999450683594,
            "sigmagnr": 0.07599999755620956,
            "magzpsci": 26.408000946044922,
            "isdiffpos": "t",
            "ssdistnr": null,
            "ssnamenr": null,
            "drb": null
        },
        {
            "candid": 1928383094015015001,
            "jd": 2459682.8830903,
            "ra": 219.0931111,
            "dec": 34.9631801,
            "fid": 1,
            "nid": 1928,
            "magpsf": 18.986099243164062,
            "sigmapsf": 0.14039799571037292,
            "magnr": 18.016000747680664,
            "sigmagnr": 0.0729999989271164,
            "magzpsci": 26.405099868774414,
            "isdiffpos": "t",
            "ssdistnr": null,
            "ssnamenr": null,
            "drb": null
        },
        {
            "candid": 1930398994015015001,
            "jd": 2459684.8989931,
            "ra": 219.0931175,
            "dec": 34.9632624,
            "fid": 2,
            "nid": 1930,
            "magpsf": 18.17300033569336,
            "sigmapsf": 0.07751200348138809,
            "magnr": 17.750999450683594,
            "sigmagnr": 0.07599999755620956,
            "magzpsci": 26.417999267578125,
            "isdiffpos": "t",
            "ssdistnr": null,
            "ssnamenr": null,
            "drb": null
        },
        {
            "candid": 1933386634015015001,
            "jd": 2459687.8866319,
            "ra": 219.0931161,
            "dec": 34.9632413,
            "fid": 2,
            "nid": 1933,
            "magpsf": 18.299400329589844,
            "sigmapsf": 0.06285999715328217,
            "magnr": 17.750999450683594,
            "sigmagnr": 0.07599999755620956,
            "magzpsci": 26.38640022277832,
            "isdiffpos": "t",
            "ssdistnr": null,
            "ssnamenr": null,
            "drb": null
        },
        {
            "candid": 1936308964015015004,
            "jd": 2459690.8089699,
            "ra": 219.0930686,
            "dec": 34.9632393,
            "fid": 1,
            "nid": 1936,
            "magpsf": 19.178199768066406,
            "sigmapsf": 0.12135399878025055,
            "magnr": 18.016000747680664,
            "sigmagnr": 0.0729999989271164,
            "magzpsci": 26.380199432373047,
            "isdiffpos": "t",
            "ssdistnr": null,
            "ssnamenr": null,
            "drb": null
        },
        {
            "candid": 1936323814015015002,
            "jd": 2459690.8238194,
            "ra": 219.0931233,
            "dec": 34.9632645,
            "fid": 2,
            "nid": 1936,
            "magpsf": 18.462400436401367,
            "sigmapsf": 0.0674699991941452,
            "magnr": 17.750999450683594,
            "sigmagnr": 0.07599999755620956,
            "magzpsci": 26.394399642944336,
            "isdiffpos": "t",
            "ssdistnr": null,
            "ssnamenr": null,
            "drb": null
        },
        {
            "candid": 1940284904015015004,
            "jd": 2459694.7849074,
            "ra": 219.0931193,
            "dec": 34.9632546,
            "fid": 2,
            "nid": 1940,
            "magpsf": 18.570600509643555,
            "sigmapsf": 0.06656800210475922,
            "magnr": 17.750999450683594,
            "sigmagnr": 0.07599999755620956,
            "magzpsci": 26.313600540161133,
            "isdiffpos": "t",
            "ssdistnr": null,
            "ssnamenr": null,
            "drb": null
        },
        {
            "candid": 1940381864015015004,
            "jd": 2459694.8818634,
            "ra": 219.0931218,
            "dec": 34.963245,
            "fid": 1,
            "nid": 1940,
            "magpsf": 19.276599884033203,
            "sigmapsf": 0.11756099760532379,
            "magnr": 18.016000747680664,
            "sigmagnr": 0.0729999989271164,
            "magzpsci": 26.26959991455078,
            "isdiffpos": "t",
            "ssdistnr": null,
            "ssnamenr": null,
            "drb": null
        },
        {
            "candid": 1942351844015015016,
            "jd": 2459696.8518403,
            "ra": 219.0930948,
            "dec": 34.9632404,
            "fid": 1,
            "nid": 1942,
            "magpsf": 19.257099151611328,
            "sigmapsf": 0.10274600237607956,
            "magnr": 18.016000747680664,
            "sigmagnr": 0.0729999989271164,
            "magzpsci": 26.39109992980957,
            "isdiffpos": "t",
            "ssdistnr": null,
            "ssnamenr": null,
            "drb": null
        },
        {
            "candid": 1944371044015015003,
            "jd": 2459698.8710417,
            "ra": 219.0931169,
            "dec": 34.9632454,
            "fid": 2,
            "nid": 1944,
            "magpsf": 18.71299934387207,
            "sigmapsf": 0.07239700108766556,
            "magnr": 17.750999450683594,
            "sigmagnr": 0.07599999755620956,
            "magzpsci": 26.354000091552734,
            "isdiffpos": "t",
            "ssdistnr": null,
            "ssnamenr": null,
            "drb": null
        },
        {
            "candid": 1946266044015015003,
            "jd": 2459700.7660417,
            "ra": 219.0931007,
            "dec": 34.9632505,
            "fid": 1,
            "nid": 1946,
            "magpsf": 19.25510025024414,
            "sigmapsf": 0.10578099638223648,
            "magnr": 18.016000747680664,
            "sigmagnr": 0.0729999989271164,
            "magzpsci": 26.35110092163086,
            "isdiffpos": "t",
            "ssdistnr": null,
            "ssnamenr": null,
            "drb": null
        },
        {
            "candid": 1946310694015015003,
            "jd": 2459700.8106944,
            "ra": 219.0931354,
            "dec": 34.9632503,
            "fid": 2,
            "nid": 1946,
            "magpsf": 18.76020050048828,
            "sigmapsf": 0.07649300247430801,
            "magnr": 17.750999450683594,
            "sigmagnr": 0.07599999755620956,
            "magzpsci": 26.377199172973633,
            "isdiffpos": "t",
            "ssdistnr": null,
            "ssnamenr": null,
            "drb": null
        },
        {
            "candid": 1948287464015015002,
            "jd": 2459702.7874653,
            "ra": 219.0930758,
            "dec": 34.9632221,
            "fid": 1,
            "nid": 1948,
            "magpsf": 19.404800415039062,
            "sigmapsf": 0.12389100342988968,
            "magnr": 18.016000747680664,
            "sigmagnr": 0.0729999989271164,
            "magzpsci": 26.354799270629883,
            "isdiffpos": "t",
            "ssdistnr": null,
            "ssnamenr": null,
            "drb": null
        },
        {
            "candid": 1948346714015015002,
            "jd": 2459702.846713,
            "ra": 219.0930976,
            "dec": 34.9632497,
            "fid": 2,
            "nid": 1948,
            "magpsf": 18.80929946899414,
            "sigmapsf": 0.08990299701690674,
            "magnr": 17.750999450683594,
            "sigmagnr": 0.07599999755620956,
            "magzpsci": 26.374300003051758,
            "isdiffpos": "t",
            "ssdistnr": null,
            "ssnamenr": null,
            "drb": null
        },
        {
            "candid": 1953309424015015006,
            "jd": 2459707.8094213,
            "ra": 219.0930975,
            "dec": 34.9631805,
            "fid": 2,
            "nid": 1953,
            "magpsf": 19.026100158691406,
            "sigmapsf": 0.11099900305271149,
            "magnr": 17.750999450683594,
            "sigmagnr": 0.07599999755620956,
            "magzpsci": 26.42009925842285,
            "isdiffpos": "t",
            "ssdistnr": null,
            "ssnamenr": null,
            "drb": null
        },
        {
            "candid": 1953345844015015006,
            "jd": 2459707.8458449,
            "ra": 219.0931301,
            "dec": 34.9632406,
            "fid": 2,
            "nid": 1953,
            "magpsf": 19.1387996673584,
            "sigmapsf": 0.1025490015745163,
            "magnr": 17.750999450683594,
            "sigmagnr": 0.07599999755620956,
            "magzpsci": 26.425800323486328,
            "isdiffpos": "t",
            "ssdistnr": null,
            "ssnamenr": null,
            "drb": null
        },
        {
            "candid": 1955347244015015005,
            "jd": 2459709.8472454,
            "ra": 219.0931266,
            "dec": 34.9632477,
            "fid": 2,
            "nid": 1955,
            "magpsf": 19.041900634765625,
            "sigmapsf": 0.10514699667692184,
            "magnr": 17.750999450683594,
            "sigmagnr": 0.07599999755620956,
            "magzpsci": 26.340900421142578,
            "isdiffpos": "t",
            "ssdistnr": null,
            "ssnamenr": null,
            "drb": null
        },
        {
            "candid": 1955383834015015001,
            "jd": 2459709.883831,
            "ra": 219.0930937,
            "dec": 34.9632314,
            "fid": 2,
            "nid": 1955,
            "magpsf": 19.04669952392578,
            "sigmapsf": 0.09001100063323975,
            "magnr": 17.750999450683594,
            "sigmagnr": 0.07599999755620956,
            "magzpsci": 26.41469955444336,
            "isdiffpos": "t",
            "ssdistnr": null,
            "ssnamenr": null,
            "drb": null
        },
        {
            "candid": 1957240644015015002,
            "jd": 2459711.7406481,
            "ra": 219.0930345,
            "dec": 34.9632741,
            "fid": 1,
            "nid": 1957,
            "magpsf": 19.411699295043945,
            "sigmapsf": 0.18698500096797943,
            "magnr": 18.016000747680664,
            "sigmagnr": 0.0729999989271164,
            "magzpsci": 26.391700744628906,
            "isdiffpos": "t",
            "ssdistnr": null,
            "ssnamenr": null,
            "drb": null
        },
        {
            "candid": 1957344804015015003,
            "jd": 2459711.8448032,
            "ra": 219.0931122,
            "dec": 34.9631872,
            "fid": 2,
            "nid": 1957,
            "magpsf": 19.131399154663086,
            "sigmapsf": 0.16101199388504028,
            "magnr": 17.750999450683594,
            "sigmagnr": 0.07599999755620956,
            "magzpsci": 26.401399612426758,
            "isdiffpos": "t",
            "ssdistnr": null,
            "ssnamenr": null,
            "drb": null
        },
        {
            "candid": 1959286864015015001,
            "jd": 2459713.7868634,
            "ra": 219.0931291,
            "dec": 34.9633067,
            "fid": 2,
            "nid": 1959,
            "magpsf": 19.009700775146484,
            "sigmapsf": 0.11454100161790848,
            "magnr": 17.750999450683594,
            "sigmagnr": 0.07599999755620956,
            "magzpsci": 26.399700164794922,
            "isdiffpos": "t",
            "ssdistnr": null,
            "ssnamenr": null,
            "drb": null
        },
        {
            "candid": 1959344404015015001,
            "jd": 2459713.8444097,
            "ra": 219.0930835,
            "dec": 34.9632409,
            "fid": 1,
            "nid": 1959,
            "magpsf": 19.576799392700195,
            "sigmapsf": 0.2498989999294281,
            "magnr": 18.016000747680664,
            "sigmagnr": 0.0729999989271164,
            "magzpsci": 26.37980079650879,
            "isdiffpos": "t",
            "ssdistnr": null,
            "ssnamenr": null,
            "drb": null
        },
        {
            "candid": 1963217004015015002,
            "jd": 2459717.7170023,
            "ra": 219.0931488,
            "dec": 34.9632684,
            "fid": 2,
            "nid": 1963,
            "magpsf": 19.247699737548828,
            "sigmapsf": 0.10149899870157242,
            "magnr": 17.750999450683594,
            "sigmagnr": 0.07599999755620956,
            "magzpsci": 26.371700286865234,
            "isdiffpos": "t",
            "ssdistnr": null,
            "ssnamenr": null,
            "drb": null
        },
        {
            "candid": 1965288224015015005,
            "jd": 2459719.7882292,
            "ra": 219.0930935,
            "dec": 34.963217,
            "fid": 2,
            "nid": 1965,
            "magpsf": 19.328399658203125,
            "sigmapsf": 0.1308010071516037,
            "magnr": 17.750999450683594,
            "sigmagnr": 0.07599999755620956,
            "magzpsci": 26.405399322509766,
            "isdiffpos": "t",
            "ssdistnr": null,
            "ssnamenr": null,
            "drb": null
        },
        {
            "candid": 1965352154015015003,
            "jd": 2459719.8521528,
            "ra": 219.0931013,
            "dec": 34.963134,
            "fid": 2,
            "nid": 1965,
            "magpsf": 19.301300048828125,
            "sigmapsf": 0.16057400405406952,
            "magnr": 17.750999450683594,
            "sigmagnr": 0.07599999755620956,
            "magzpsci": 26.39430046081543,
            "isdiffpos": "t",
            "ssdistnr": null,
            "ssnamenr": null,
            "drb": null
        },
        {
            "candid": 1968320824015015004,
            "jd": 2459722.8208218,
            "ra": 219.0931261,
            "dec": 34.9632585,
            "fid": 1,
            "nid": 1968,
            "magpsf": 19.74959945678711,
            "sigmapsf": 0.1373949944972992,
            "magnr": 18.016000747680664,
            "sigmagnr": 0.0729999989271164,
            "magzpsci": 26.362600326538086,
            "isdiffpos": "t",
            "ssdistnr": null,
            "ssnamenr": null,
            "drb": null
        },
        {
            "candid": 1968320824015025004,
            "jd": 2459722.8208218,
            "ra": 219.0931261,
            "dec": 34.9632585,
            "fid": 1,
            "nid": 1968,
            "magpsf": 19.749589920043945,
            "sigmapsf": 0.1373949944972992,
            "magnr": 18.016000747680664,
            "sigmagnr": 0.0729999989271164,
            "magzpsci": 26.362590789794922,
            "isdiffpos": "t",
            "ssdistnr": -999.0,
            "ssnamenr": "null",
            "drb": null
        },
        {
            "candid": 1968342324015015002,
            "jd": 2459722.8423264,
            "ra": 219.093129,
            "dec": 34.9632613,
            "fid": 1,
            "nid": 1968,
            "magpsf": 19.836299896240234,
            "sigmapsf": 0.16067099571228027,
            "magnr": 18.016000747680664,
            "sigmagnr": 0.0729999989271164,
            "magzpsci": 26.367300033569336,
            "isdiffpos": "t",
            "ssdistnr": null,
            "ssnamenr": null,
            "drb": null
        },
        {
            "candid": 1968342324015025002,
            "jd": 2459722.8423264,
            "ra": 219.093129,
            "dec": 34.9632613,
            "fid": 1,
            "nid": 1968,
            "magpsf": 19.836280822753906,
            "sigmapsf": 0.16067099571228027,
            "magnr": 18.016000747680664,
            "sigmagnr": 0.0729999989271164,
            "magzpsci": 26.367279052734375,
            "isdiffpos": "t",
            "ssdistnr": -999.0,
            "ssnamenr": "null",
            "drb": null
        },
        {
            "candid": 1970345244015015004,
            "jd": 2459724.8452431,
            "ra": 219.09307,
            "dec": 34.9632667,
            "fid": 1,
            "nid": 1970,
            "magpsf": 19.66069984436035,
            "sigmapsf": 0.14735199511051178,
            "magnr": 18.016000747680664,
            "sigmagnr": 0.0729999989271164,
            "magzpsci": 26.33769989013672,
            "isdiffpos": "t",
            "ssdistnr": null,
            "ssnamenr": null,
            "drb": null
        },
        {
            "candid": 1972319594015015003,
            "jd": 2459726.8195949,
            "ra": 219.0931072,
            "dec": 34.9632515,
            "fid": 1,
            "nid": 1972,
            "magpsf": 19.65019989013672,
            "sigmapsf": 0.1324010044336319,
            "magnr": 18.016000747680664,
            "sigmagnr": 0.0729999989271164,
            "magzpsci": 26.422199249267578,
            "isdiffpos": "t",
            "ssdistnr": null,
            "ssnamenr": null,
            "drb": null
        },
        {
            "candid": 1972349994015015008,
            "jd": 2459726.85,
            "ra": 219.093098,
            "dec": 34.9632392,
            "fid": 2,
            "nid": 1972,
            "magpsf": 19.629199981689453,
            "sigmapsf": 0.15763500332832336,
            "magnr": 17.750999450683594,
            "sigmagnr": 0.07599999755620956,
            "magzpsci": 26.415199279785156,
            "isdiffpos": "t",
            "ssdistnr": null,
            "ssnamenr": null,
            "drb": null
        },
        {
            "candid": 1975380244015015003,
            "jd": 2459729.8802431,
            "ra": 219.0931757,
            "dec": 34.9632129,
            "fid": 1,
            "nid": 1975,
            "magpsf": 19.75,
            "sigmapsf": 0.21201300621032715,
            "magnr": 18.016000747680664,
            "sigmagnr": 0.0729999989271164,
            "magzpsci": 26.347000122070312,
            "isdiffpos": "t",
            "ssdistnr": null,
            "ssnamenr": null,
            "drb": null
        },
        {
            "candid": 1977323474015015002,
            "jd": 2459731.8234722,
            "ra": 219.0930616,
            "dec": 34.9632366,
            "fid": 1,
            "nid": 1977,
            "magpsf": 19.72879981994629,
            "sigmapsf": 0.1637600064277649,
            "magnr": 18.016000747680664,
            "sigmagnr": 0.0729999989271164,
            "magzpsci": 26.37779998779297,
            "isdiffpos": "t",
            "ssdistnr": null,
            "ssnamenr": null,
            "drb": null
        },
        {
            "candid": 1979252744015015001,
            "jd": 2459733.7527431,
            "ra": 219.0930983,
            "dec": 34.9632535,
            "fid": 2,
            "nid": 1979,
            "magpsf": 19.8523006439209,
            "sigmapsf": 0.1379700005054474,
            "magnr": 17.750999450683594,
            "sigmagnr": 0.07599999755620956,
            "magzpsci": 26.431299209594727,
            "isdiffpos": "t",
            "ssdistnr": null,
            "ssnamenr": null,
            "drb": null
        },
        {
            "candid": 1979304004015015008,
            "jd": 2459733.8040046,
            "ra": 219.0930333,
            "dec": 34.9631865,
            "fid": 1,
            "nid": 1979,
            "magpsf": 19.823200225830078,
            "sigmapsf": 0.18214699625968933,
            "magnr": 18.016000747680664,
            "sigmagnr": 0.0729999989271164,
            "magzpsci": 26.386199951171875,
            "isdiffpos": "t",
            "ssdistnr": null,
            "ssnamenr": null,
            "drb": null
        },
        {
            "candid": 1981275814015015003,
            "jd": 2459735.7758102,
            "ra": 219.0931036,
            "dec": 34.9632739,
            "fid": 1,
            "nid": 1981,
            "magpsf": 19.818099975585938,
            "sigmapsf": 0.15279600024223328,
            "magnr": 18.016000747680664,
            "sigmagnr": 0.0729999989271164,
            "magzpsci": 26.39310073852539,
            "isdiffpos": "t",
            "ssdistnr": null,
            "ssnamenr": null,
            "drb": null
        },
        {
            "candid": 1985342704015015001,
            "jd": 2459739.8427083,
            "ra": 219.0930779,
            "dec": 34.9632691,
            "fid": 1,
            "nid": 1985,
            "magpsf": 19.80579948425293,
            "sigmapsf": 0.17147000133991241,
            "magnr": 18.016000747680664,
            "sigmagnr": 0.0729999989271164,
            "magzpsci": 26.333799362182617,
            "isdiffpos": "t",
            "ssdistnr": null,
            "ssnamenr": null,
            "drb": null
        },
        {
            "candid": 1987300434015015000,
            "jd": 2459741.8004398,
            "ra": 219.0932252,
            "dec": 34.9632238,
            "fid": 2,
            "nid": 1987,
            "magpsf": 19.758800506591797,
            "sigmapsf": 0.1921209990978241,
            "magnr": 17.750999450683594,
            "sigmagnr": 0.07599999755620956,
            "magzpsci": 26.40679931640625,
            "isdiffpos": "t",
            "ssdistnr": null,
            "ssnamenr": null,
            "drb": null
        },
        {
            "candid": 1989223354015015001,
            "jd": 2459743.7233565,
            "ra": 219.0930502,
            "dec": 34.9632738,
            "fid": 2,
            "nid": 1989,
            "magpsf": 20.058500289916992,
            "sigmapsf": 0.26295900344848633,
            "magnr": 17.750999450683594,
            "sigmagnr": 0.07599999755620956,
            "magzpsci": 26.440500259399414,
            "isdiffpos": "t",
            "ssdistnr": null,
            "ssnamenr": null,
            "drb": null
        },
        {
            "candid": 1989262454015015004,
            "jd": 2459743.7624537,
            "ra": 219.0931594,
            "dec": 34.9632044,
            "fid": 1,
            "nid": 1989,
            "magpsf": 19.80270004272461,
            "sigmapsf": 0.2545959949493408,
            "magnr": 18.016000747680664,
            "sigmagnr": 0.0729999989271164,
            "magzpsci": 26.42569923400879,
            "isdiffpos": "t",
            "ssdistnr": null,
            "ssnamenr": null,
            "drb": null
        },
        {
            "candid": 1993217444015015003,
            "jd": 2459747.7174421,
            "ra": 219.0931523,
            "dec": 34.9632466,
            "fid": 2,
            "nid": 1993,
            "magpsf": 20.15239906311035,
            "sigmapsf": 0.1557770073413849,
            "magnr": 17.750999450683594,
            "sigmagnr": 0.07599999755620956,
            "magzpsci": 26.438400268554688,
            "isdiffpos": "t",
            "ssdistnr": null,
            "ssnamenr": null,
            "drb": null
        },
        {
            "candid": 1993289084015015004,
            "jd": 2459747.7890856,
            "ra": 219.0929527,
            "dec": 34.9632327,
            "fid": 1,
            "nid": 1993,
            "magpsf": 20.125600814819336,
            "sigmapsf": 0.2927980124950409,
            "magnr": 18.016000747680664,
            "sigmagnr": 0.0729999989271164,
            "magzpsci": 26.368600845336914,
            "isdiffpos": "t",
            "ssdistnr": null,
            "ssnamenr": null,
            "drb": null
        },
        {
            "candid": 1995223444015015003,
            "jd": 2459749.7234491,
            "ra": 219.0930577,
            "dec": 34.9632787,
            "fid": 2,
            "nid": 1995,
            "magpsf": 20.121700286865234,
            "sigmapsf": 0.2221129983663559,
            "magnr": 17.750999450683594,
            "sigmagnr": 0.07599999755620956,
            "magzpsci": 26.419700622558594,
            "isdiffpos": "t",
            "ssdistnr": null,
            "ssnamenr": null,
            "drb": null
        },
        {
            "candid": 1995280454015015002,
            "jd": 2459749.7804514,
            "ra": 219.0930893,
            "dec": 34.9632853,
            "fid": 1,
            "nid": 1995,
            "magpsf": 19.966999053955078,
            "sigmapsf": 0.19189999997615814,
            "magnr": 18.016000747680664,
            "sigmagnr": 0.0729999989271164,
            "magzpsci": 26.381999969482422,
            "isdiffpos": "t",
            "ssdistnr": null,
            "ssnamenr": null,
            "drb": null
        },
        {
            "candid": 1997226034015015004,
            "jd": 2459751.7260301,
            "ra": 219.0931006,
            "dec": 34.9631632,
            "fid": 1,
            "nid": 1997,
            "magpsf": 20.067169189453125,
            "sigmapsf": 0.1779399961233139,
            "magnr": 18.016000747680664,
            "sigmagnr": 0.0729999989271164,
            "magzpsci": 26.370159149169922,
            "isdiffpos": "t",
            "ssdistnr": -999.0,
            "ssnamenr": "null",
            "drb": null
        },
        {
            "candid": 1997254234015015004,
            "jd": 2459751.7542361,
            "ra": 219.0931472,
            "dec": 34.963276,
            "fid": 2,
            "nid": 1997,
            "magpsf": 20.10569953918457,
            "sigmapsf": 0.15122699737548828,
            "magnr": 17.750999450683594,
            "sigmagnr": 0.07599999755620956,
            "magzpsci": 26.3976993560791,
            "isdiffpos": "t",
            "ssdistnr": null,
            "ssnamenr": null,
            "drb": null
        },
        {
            "candid": 1999265604015015005,
            "jd": 2459753.7656019,
            "ra": 219.0931362,
            "dec": 34.9632785,
            "fid": 1,
            "nid": 1999,
            "magpsf": 19.898000717163086,
            "sigmapsf": 0.16474799811840057,
            "magnr": 18.016000747680664,
            "sigmagnr": 0.0729999989271164,
            "magzpsci": 26.339000701904297,
            "isdiffpos": "t",
            "ssdistnr": null,
            "ssnamenr": null,
            "drb": null
        },
        {
            "candid": 2002264394015015003,
            "jd": 2459756.7643981,
            "ra": 219.0930929,
            "dec": 34.9633168,
            "fid": 1,
            "nid": 2002,
            "magpsf": 20.141000747680664,
            "sigmapsf": 0.22671400010585785,
            "magnr": 18.016000747680664,
            "sigmagnr": 0.0729999989271164,
            "magzpsci": 26.398000717163086,
            "isdiffpos": "t",
            "ssdistnr": null,
            "ssnamenr": null,
            "drb": null
        },
        {
            "candid": 2006239674015015004,
            "jd": 2459760.7396759,
            "ra": 219.0930323,
            "dec": 34.9633165,
            "fid": 1,
            "nid": 2006,
            "magpsf": 20.08049964904785,
            "sigmapsf": 0.1947769969701767,
            "magnr": 18.016000747680664,
            "sigmagnr": 0.0729999989271164,
            "magzpsci": 26.362499237060547,
            "isdiffpos": "t",
            "ssdistnr": null,
            "ssnamenr": null,
            "drb": null
        },
        {
            "candid": 2006286154015015003,
            "jd": 2459760.7861574,
            "ra": 219.0930734,
            "dec": 34.963226,
            "fid": 2,
            "nid": 2006,
            "magpsf": 20.27653694152832,
            "sigmapsf": 0.1756134033203125,
            "magnr": 17.750999450683594,
            "sigmagnr": 0.07599999755620956,
            "magzpsci": 26.378536224365234,
            "isdiffpos": "t",
            "ssdistnr": -999.0,
            "ssnamenr": "null",
            "drb": null
        },
        {
            "jd": 2459600.9320602,
            "fid": 1,
            "diffmaglim": 19.72909927368164
        },
        {
            "jd": 2459601.0156829,
            "fid": 2,
            "diffmaglim": 19.909099578857422
        },
        {
            "jd": 2459684.9465509,
            "fid": 1,
            "diffmaglim": 19.497900009155273
        },
        {
            "jd": 2459722.8208218,
            "fid": 1,
            "diffmaglim": 20.75279998779297
        },
        {
            "jd": 2459724.8009259,
            "fid": 2,
            "diffmaglim": 20.670700073242188
        },
        {
            "jd": 2459737.6926389,
            "fid": 1,
            "diffmaglim": 20.528200149536133
        },
        {
            "jd": 2459737.7246065,
            "fid": 2,
            "diffmaglim": 20.727399826049805
        },
        {
            "jd": 2459739.7553009,
            "fid": 2,
            "diffmaglim": 20.408199310302734
        },
        {
            "jd": 2459741.7370602,
            "fid": 1,
            "diffmaglim": 19.709199905395508
        },
        {
            "jd": 2459753.7247917,
            "fid": 2,
            "diffmaglim": 20.699499130249023
        },
        {
            "jd": 2459756.7192824,
            "fid": 2,
            "diffmaglim": 20.748899459838867
        },
        {
            "jd": 2459758.7841667,
            "fid": 2,
            "diffmaglim": 20.524099349975586
        }
    ],
    "forcedphot": []
}