{
    "objectId": "ZTF23abcufxh",
    "candidates": [
        {
            "candid": 2446379716315015014,
            "jd": 2460200.8797106,
            "ra": 2.984587,
            "dec": -7.7721193,
            "fid": 1,
            "nid": 2446,
            "magpsf": 18.897499084472656,
            "sigmapsf": 0.06932400166988373,
            "magnr": 23.475000381469727,
            "sigmagnr": 0.33500000834465027,
            "magzpsci": 26.262500762939453,
            "isdiffpos": "t",
            "ssdistnr": null,
            "ssnamenr": null,
            "drb": 0.9999971389770508
        },
        {
            "candid": 2448405526315015020,
            "jd": 2460202.9055208,
            "ra": 2.9845731,
            "dec": -7.7720809,
            "fid": 1,
            "nid": 2448,
            "magpsf": 18.596799850463867,
            "sigmapsf": 0.0729449987411499,
            "magnr": 23.475000381469727,
            "sigmagnr": 0.33500000834465027,
            "magzpsci": 26.197799682617188,
            "isdiffpos": "t",
            "ssdistnr": null,
            "ssnamenr": null,
            "drb": null
        },
        {
            "candid": 2450334956315015025,
            "jd": 2460204.8349537,
            "ra": 2.9845855,
            "dec": -7.7720842,
            "fid": 1,
            "nid": 2450,
            "magpsf": 18.393199920654297,
            "sigmapsf": 0.06450899690389633,
            "magnr": 23.475000381469727,
            "sigmagnr": 0.33500000834465027,
            "magzpsci": 26.241199493408203,
            "isdiffpos": "t",
            "ssdistnr": null,
            "ssnamenr": null,
            "drb": null
        },
        {
            "candid": 2450334956315025025,
            "jd": 2460204.8349537,
            "ra": 2.9845855,
            "dec": -7.7720842,
            "fid": 1,
            "nid": 2450,
            "magpsf": 18.393199920654297,
            "sigmapsf": 0.06450899690389633,
            "magnr": 23.475000381469727,
            "sigmagnr": 0.33500000834465027,
            "magzpsci": 26.241199493408203,
            "isdiffpos": "t",
            "ssdistnr": null,
            "ssnamenr": null,
            "drb": null
        },
        {
            "candid": 2452411996315015027,
            "jd": 2460206.9119907,
            "ra": 2.9845986,
            "dec": -7.7720927,
            "fid": 1,
            "nid": 2452,
            "magpsf": 18.215700149536133,
            "sigmapsf": 0.0593780018389225,
            "magnr": 23.475000381469727,
            "sigmagnr": 0.33500000834465027,
            "magzpsci": 26.251699447631836,
            "isdiffpos": "t",
            "ssdistnr": null,
            "ssnamenr": null,
            "drb": null
        },
        {
            "candid": 2455297846315015022,
            "jd": 2460209.7978472,
            "ra": 2.9846076,
            "dec": -7.7721033,
            "fid": 2,
            "nid": 2455,
            "magpsf": 18.350299835205078,
            "sigmapsf": 0.13339300453662872,
            "magnr": 22.5939998626709,
            "sigmagnr": 0.25099998712539673,
            "magzpsci": 25.40130043029785,
            "isdiffpos": "t",
            "ssdistnr": null,
            "ssnamenr": null,
            "drb": null
        },
        {
            "candid": 2455365216315015014,
            "jd": 2460209.8652199,
            "ra": 2.9845793,
            "dec": -7.7720913,
            "fid": 1,
            "nid": 2455,
            "magpsf": 18.175500869750977,
            "sigmapsf": 0.05871700122952461,
            "magnr": 23.475000381469727,
            "sigmagnr": 0.33500000834465027,
            "magzpsci": 26.202499389648438,
            "isdiffpos": "t",
            "ssdistnr": null,
            "ssnamenr": null,
            "drb": null
        },
        {
            "candid": 2458398756315015013,
            "jd": 2460212.89875,
            "ra": 2.9845802,
            "dec": -7.7721032,
            "fid": 1,
            "nid": 2458,
            "magpsf": 18.203100204467773,
            "sigmapsf": 0.06184300035238266,
            "magnr": 23.475000381469727,
            "sigmagnr": 0.33500000834465027,
            "magzpsci": 26.222999572753906,
            "isdiffpos": "t",
            "ssdistnr": null,
            "ssnamenr": null,
            "drb": null
        },
        {
            "candid": 2460419436315015009,
            "jd": 2460214.9194329,
            "ra": 2.9845498,
            "dec": -7.7720465,
            "fid": 1,
            "nid": 2460,
            "magpsf": 18.203800201416016,
            "sigmapsf": 0.08348599821329117,
            "magnr": 23.475000381469727,
            "sigmagnr": 0.33500000834465027,
            "magzpsci": 26.207799911499023,
            "isdiffpos": "t",
            "ssdistnr": null,
            "ssnamenr": null,
            "drb": null
        },
        {
            "candid": 2463293496315015005,
            "jd": 2460217.7934954,
            "ra": 2.9845746,
            "dec": -7.7722026,
            "fid": 2,
            "nid": 2463,
            "magpsf": 18.43239974975586,
            "sigmapsf": 0.3745880126953125,
            "magnr": 22.5939998626709,
            "sigmagnr": 0.25099998712539673,
            "magzpsci": 26.186399459838867,
            "isdiffpos": "t",
            "ssdistnr": 6.0,
            "ssnamenr": "2012MX19",
            "drb": null
        },
        {
            "candid": 2463442066315015014,
            "jd": 2460217.9420602,
            "ra": 2.9845124,
            "dec": -7.7721808,
            "fid": 1,
            "nid": 2463,
            "magpsf": 18.352699279785156,
            "sigmapsf": 0.19590799510478973,
            "magnr": 23.475000381469727,
            "sigmagnr": 0.33500000834465027,
            "magzpsci": 26.150699615478516,
            "isdiffpos": "t",
            "ssdistnr": null,
            "ssnamenr": null,
            "drb": null
        },
        {
            "candid": 2468321336315015009,
            "jd": 2460222.821331,
            "ra": 2.9845753,
            "dec": -7.7721032,
            "fid": 2,
            "nid": 2468,
            "magpsf": 18.777599334716797,
            "sigmapsf": 0.10504599660634995,
            "magnr": 22.5939998626709,
            "sigmagnr": 0.25099998712539673,
            "magzpsci": 26.17959976196289,
            "isdiffpos": "t",
            "ssdistnr": null,
            "ssnamenr": null,
            "drb": null
        },
        {
            "candid": 2468321336315025009,
            "jd": 2460222.821331,
            "ra": 2.9845753,
            "dec": -7.7721032,
            "fid": 2,
            "nid": 2468,
            "magpsf": 18.777599334716797,
            "sigmapsf": 0.10504599660634995,
            "magnr": 22.5939998626709,
            "sigmagnr": 0.25099998712539673,
            "magzpsci": 26.17959976196289,
            "isdiffpos": "t",
            "ssdistnr": null,
            "ssnamenr": null,
            "drb": null
        },
        {
            "candid": 2468427466315015010,
            "jd": 2460222.9274653,
            "ra": 2.9846164,
            "dec": -7.7720989,
            "fid": 1,
            "nid": 2468,
            "magpsf": 18.68269920349121,
            "sigmapsf": 0.14170800149440765,
            "magnr": 23.475000381469727,
            "sigmagnr": 0.33500000834465027,
            "magzpsci": 26.114700317382812,
            "isdiffpos": "t",
            "ssdistnr": null,
            "ssnamenr": null,
            "drb": null
        },
        {
            "candid": 2470308646315015022,
            "jd": 2460224.8086458,
            "ra": 2.9845658,
            "dec": -7.7720868,
            "fid": 1,
            "nid": 2470,
            "magpsf": 18.79199981689453,
            "sigmapsf": 0.0838799998164177,
            "magnr": 23.475000381469727,
            "sigmagnr": 0.33500000834465027,
            "magzpsci": 26.253999710083008,
            "isdiffpos": "t",
            "ssdistnr": null,
            "ssnamenr": null,
            "drb": null
        },
        {
            "candid": 2473369216315015019,
            "jd": 2460227.869213,
            "ra": 2.9845739,
            "dec": -7.7720854,
            "fid": 1,
            "nid": 2473,
            "magpsf": 19.108200073242188,
            "sigmapsf": 0.09245499968528748,
            "magnr": 23.475000381469727,
            "sigmagnr": 0.33500000834465027,
            "magzpsci": 26.212200164794922,
            "isdiffpos": "t",
            "ssdistnr": null,
            "ssnamenr": null,
            "drb": null
        },
        {
            "candid": 2476321356315015021,
            "jd": 2460230.8213542,
            "ra": 2.9845747,
            "dec": -7.7721076,
            "fid": 1,
            "nid": 2476,
            "magpsf": 19.342199325561523,
            "sigmapsf": 0.10724800080060959,
            "magnr": 23.475000381469727,
            "sigmagnr": 0.33500000834465027,
            "magzpsci": 26.211200714111328,
            "isdiffpos": "t",
            "ssdistnr": null,
            "ssnamenr": null,
            "drb": null
        },
        {
            "candid": 2478230936315015019,
            "jd": 2460232.7309375,
            "ra": 2.984574,
            "dec": -7.7721072,
            "fid": 1,
            "nid": 2478,
            "magpsf": 19.592899322509766,
            "sigmapsf": 0.11017300188541412,
            "magnr": 23.475000381469727,
            "sigmagnr": 0.33500000834465027,
            "magzpsci": 26.256900787353516,
            "isdiffpos": "t",
            "ssdistnr": null,
            "ssnamenr": null,
            "drb": null
        },
        {
            "candid": 2480208566315015014,
            "jd": 2460234.7085648,
            "ra": 2.9845686,
            "dec": -7.7721109,
            "fid": 1,
            "nid": 2480,
            "magpsf": 19.801300048828125,
            "sigmapsf": 0.14916999638080597,
            "magnr": 23.475000381469727,
            "sigmagnr": 0.33500000834465027,
            "magzpsci": 26.220300674438477,
            "isdiffpos": "t",
            "ssdistnr": null,
            "ssnamenr": null,
            "drb": null
        },
        {
            "candid": 2482280056315015020,
            "jd": 2460236.7800579,
            "ra": 2.9846218,
            "dec": -7.7720825,
            "fid": 1,
            "nid": 2482,
            "magpsf": 19.62689971923828,
            "sigmapsf": 0.15344500541687012,
            "magnr": 23.475000381469727,
            "sigmagnr": 0.33500000834465027,
            "magzpsci": 26.218900680541992,
            "isdiffpos": "t",
            "ssdistnr": null,
            "ssnamenr": null,
            "drb": null
        },
        {
            "candid": 2484290216315015015,
            "jd": 2460238.7902199,
            "ra": 2.9845457,
            "dec": -7.7721749,
            "fid": 1,
            "nid": 2484,
            "magpsf": 20.01099967956543,
            "sigmapsf": 0.18077699840068817,
            "magnr": 23.475000381469727,
            "sigmagnr": 0.33500000834465027,
            "magzpsci": 26.225000381469727,
            "isdiffpos": "t",
            "ssdistnr": null,
            "ssnamenr": null,
            "drb": null
        },
        {
            "candid": 2488209876315015008,
            "jd": 2460242.7098727,
            "ra": 2.984569,
            "dec": -7.7719753,
            "fid": 2,
            "nid": 2488,
            "magpsf": 19.690500259399414,
            "sigmapsf": 0.2515600025653839,
            "magnr": 22.5939998626709,
            "sigmagnr": 0.25099998712539673,
            "magzpsci": 26.1875,
            "isdiffpos": "t",
            "ssdistnr": null,
            "ssnamenr": null,
            "drb": null
        },
        {
            "candid": 2495191076315015008,
            "jd": 2460249.6910764,
            "ra": 2.9845767,
            "dec": -7.7720862,
            "fid": 2,
            "nid": 2495,
            "magpsf": 19.956300735473633,
            "sigmapsf": 0.3074890077114105,
            "magnr": 22.5939998626709,
            "sigmagnr": 0.25099998712539673,
            "magzpsci": 26.18429946899414,
            "isdiffpos": "t",
            "ssdistnr": 28.0,
            "ssnamenr": "2016PU288",
            "drb": null
        },
        {
            "candid": 2499215756315015019,
            "jd": 2460253.7157523,
            "ra": 2.9845109,
            "dec": -7.7721336,
            "fid": 1,
            "nid": 2499,
            "magpsf": 20.78416633605957,
            "sigmapsf": 0.21638953685760498,
            "magnr": 23.475000381469727,
            "sigmagnr": 0.33500000834465027,
            "magzpsci": 26.261167526245117,
            "isdiffpos": "t",
            "ssdistnr": -999.0,
            "ssnamenr": "null",
            "drb": null
        },
        {
            "jd": 2460170.9327083,
            "fid": 2,
            "diffmaglim": 20.493900299072266
        },
        {
            "jd": 2460170.9775694,
            "fid": 1,
            "diffmaglim": 20.48889923095703
        },
        {
            "jd": 2460173.9616088,
            "fid": 1,
            "diffmaglim": 20.476699829101562
        },
        {
            "jd": 2460182.8787616,
            "fid": 1,
            "diffmaglim": 20.374000549316406
        },
        {
            "jd": 2460182.9464352,
            "fid": 2,
            "diffmaglim": 20.273799896240234
        },
        {
            "jd": 2460184.8916898,
            "fid": 2,
            "diffmaglim": 19.990400314331055
        },
        {
            "jd": 2460184.9009259,
            "fid": 1,
            "diffmaglim": 19.759000778198242
        },
        {
            "jd": 2460186.8556481,
            "fid": 2,
            "diffmaglim": 19.359899520874023
        },
        {
            "jd": 2460186.9434144,
            "fid": 1,
            "diffmaglim": 18.95949935913086
        },
        {
            "jd": 2460191.863044,
            "fid": 2,
            "diffmaglim": 19.714599609375
        },
        {
            "jd": 2460191.9125116,
            "fid": 1,
            "diffmaglim": 19.698999404907227
        },
        {
            "jd": 2460194.8389352,
            "fid": 2,
            "diffmaglim": 20.456600189208984
        },
        {
            "jd": 2460194.9055093,
            "fid": 1,
            "diffmaglim": 20.245899200439453
        },
        {
            "jd": 2460196.8567708,
            "fid": 2,
            "diffmaglim": 20.424299240112305
        },
        {
            "jd": 2460200.9196644,
            "fid": 2,
            "diffmaglim": 20.433300018310547
        },
        {
            "jd": 2460202.817037,
            "fid": 2,
            "diffmaglim": 20.441200256347656
        },
        {
            "jd": 2460204.9114699,
            "fid": 2,
            "diffmaglim": 20.577999114990234
        },
        {
            "jd": 2460206.9543634,
            "fid": 2,
            "diffmaglim": 20.405799865722656
        },
        {
            "jd": 2460214.7940509,
            "fid": 2,
            "diffmaglim": 19.572099685668945
        },
        {
            "jd": 2460224.746794,
            "fid": 2,
            "diffmaglim": 20.353500366210938
        },
        {
            "jd": 2460227.8129977,
            "fid": 2,
            "diffmaglim": 20.41349983215332
        },
        {
            "jd": 2460230.7744097,
            "fid": 2,
            "diffmaglim": 20.29789924621582
        },
        {
            "jd": 2460232.7536806,
            "fid": 2,
            "diffmaglim": 20.38610076904297
        },
        {
            "jd": 2460234.8094676,
            "fid": 2,
            "diffmaglim": 20.319900512695312
        },
        {
            "jd": 2460236.8158912,
            "fid": 2,
            "diffmaglim": 20.167600631713867
        },
        {
            "jd": 2460238.8295949,
            "fid": 2,
            "diffmaglim": 20.295000076293945
        },
        {
            "jd": 2460245.7144792,
            "fid": 2,
            "diffmaglim": 19.146299362182617
        },
        {
            "jd": 2460245.8013889,
            "fid": 1,
            "diffmaglim": 18.762399673461914
        },
        {
            "jd": 2460247.6120139,
            "fid": 1,
            "diffmaglim": 18.59160041809082
        },
        {
            "jd": 2460247.6356019,
            "fid": 2,
            "diffmaglim": 18.979400634765625
        },
        {
            "jd": 2460249.7451968,
            "fid": 1,
            "diffmaglim": 19.422700881958008
        },
        {
            "jd": 2460251.7058449,
            "fid": 2,
            "diffmaglim": 20.191499710083008
        },
        {
            "jd": 2460251.722581,
            "fid": 1,
            "diffmaglim": 20.118900299072266
        }
    ],
    "forcedphot": [
        {
            "objectid": "ZTF23abcufxh",
            "jd": 2460206.9119907,
            "ranr": -99999.0,
            "decnr": -99999.0,
            "fid": 1,
            "forcediffimflux": 1602.3067626953125,
            "forcediffimfluxunc": 34.543243408203125,
            "magzpsci": 26.251699447631836
        },
        {
            "objectid": "ZTF23abcufxh",
            "jd": 2460206.9543634,
            "ranr": 2.9842698,
            "decnr": -7.7721582,
            "fid": 2,
            "forcediffimflux": 1197.560546875,
            "forcediffimfluxunc": 31.381315231323242,
            "magzpsci": 26.169200897216797
        },
        {
            "objectid": "ZTF23abcufxh",
            "jd": 2460209.8652199,
            "ranr": -99999.0,
            "decnr": -99999.0,
            "fid": 1,
            "forcediffimflux": 1524.8448486328125,
            "forcediffimfluxunc": 34.716896057128906,
            "magzpsci": 26.202499389648438
        },
        {
            "objectid": "ZTF23abcufxh",
            "jd": 2460212.89875,
            "ranr": -99999.0,
            "decnr": -99999.0,
            "fid": 1,
            "forcediffimflux": 1579.5272216796875,
            "forcediffimfluxunc": 31.76449966430664,
            "magzpsci": 26.222999572753906
        },
        {
            "objectid": "ZTF23abcufxh",
            "jd": 2460214.7940509,
            "ranr": 2.9842698,
            "decnr": -7.7721582,
            "fid": 2,
            "forcediffimflux": 281.67462158203125,
            "forcediffimfluxunc": 24.459972381591797,
            "magzpsci": 26.20170021057129
        },
        {
            "objectid": "ZTF23abcufxh",
            "jd": 2460214.9194329,
            "ranr": -99999.0,
            "decnr": -99999.0,
            "fid": 1,
            "forcediffimflux": 1504.933837890625,
            "forcediffimfluxunc": 83.97675323486328,
            "magzpsci": 26.207799911499023
        },
        {
            "objectid": "ZTF23abcufxh",
            "jd": 2460217.7934954,
            "ranr": 2.9842698,
            "decnr": -7.7721582,
            "fid": 2,
            "forcediffimflux": 1015.485595703125,
            "forcediffimfluxunc": 109.69483947753906,
            "magzpsci": 26.186399459838867
        },
        {
            "objectid": "ZTF23abcufxh",
            "jd": 2460217.9420602,
            "ranr": -99999.0,
            "decnr": -99999.0,
            "fid": 1,
            "forcediffimflux": 1216.7724609375,
            "forcediffimfluxunc": 195.57290649414062,
            "magzpsci": 26.150699615478516
        },
        {
            "objectid": "ZTF23abcufxh",
            "jd": 2460222.821331,
            "ranr": 2.9842698,
            "decnr": -7.7721582,
            "fid": 2,
            "forcediffimflux": 840.6563720703125,
            "forcediffimfluxunc": 60.271907806396484,
            "magzpsci": 26.17959976196289
        },
        {
            "objectid": "ZTF23abcufxh",
            "jd": 2460222.9274653,
            "ranr": -99999.0,
            "decnr": -99999.0,
            "fid": 1,
            "forcediffimflux": 859.7769165039062,
            "forcediffimfluxunc": 70.12944030761719,
            "magzpsci": 26.114700317382812
        },
        {
            "objectid": "ZTF23abcufxh",
            "jd": 2460224.746794,
            "ranr": 2.9842698,
            "decnr": -7.7721582,
            "fid": 2,
            "forcediffimflux": 872.3875732421875,
            "forcediffimfluxunc": 30.645727157592773,
            "magzpsci": 26.182199478149414
        },
        {
            "objectid": "ZTF23abcufxh",
            "jd": 2460224.8086458,
            "ranr": -99999.0,
            "decnr": -99999.0,
            "fid": 1,
            "forcediffimflux": 959.8995971679688,
            "forcediffimfluxunc": 36.82209777832031,
            "magzpsci": 26.253999710083008
        },
        {
            "objectid": "ZTF23abcufxh",
            "jd": 2460227.8129977,
            "ranr": 2.9842698,
            "decnr": -7.7721582,
            "fid": 2,
            "forcediffimflux": 762.8629760742188,
            "forcediffimfluxunc": 27.517780303955078,
            "magzpsci": 26.191200256347656
        },
        {
            "objectid": "ZTF23abcufxh",
            "jd": 2460227.869213,
            "ranr": -99999.0,
            "decnr": -99999.0,
            "fid": 1,
            "forcediffimflux": 670.82763671875,
            "forcediffimfluxunc": 32.22585678100586,
            "magzpsci": 26.212200164794922
        },
        {
            "objectid": "ZTF23abcufxh",
            "jd": 2460230.7744097,
            "ranr": 2.9842698,
            "decnr": -7.7721582,
            "fid": 2,
            "forcediffimflux": 674.0424194335938,
            "forcediffimfluxunc": 31.330148696899414,
            "magzpsci": 26.17639923095703
        },
        {
            "objectid": "ZTF23abcufxh",
            "jd": 2460230.8213542,
            "ranr": -99999.0,
            "decnr": -99999.0,
            "fid": 1,
            "forcediffimflux": 546.2145385742188,
            "forcediffimfluxunc": 29.563880920410156,
            "magzpsci": 26.211200714111328
        },
        {
            "objectid": "ZTF23abcufxh",
            "jd": 2460232.7309375,
            "ranr": -99999.0,
            "decnr": -99999.0,
            "fid": 1,
            "forcediffimflux": 461.89141845703125,
            "forcediffimfluxunc": 27.676713943481445,
            "magzpsci": 26.256900787353516
        },
        {
            "objectid": "ZTF23abcufxh",
            "jd": 2460232.7536806,
            "ranr": 2.9842698,
            "decnr": -7.7721582,
            "fid": 2,
            "forcediffimflux": 680.81396484375,
            "forcediffimfluxunc": 29.077281951904297,
            "magzpsci": 26.19969940185547
        },
        {
            "objectid": "ZTF23abcufxh",
            "jd": 2460234.7085648,
            "ranr": -99999.0,
            "decnr": -99999.0,
            "fid": 1,
            "forcediffimflux": 366.08868408203125,
            "forcediffimfluxunc": 28.000810623168945,
            "magzpsci": 26.220300674438477
        },
        {
            "objectid": "ZTF23abcufxh",
            "jd": 2460234.8094676,
            "ranr": 2.9842698,
            "decnr": -7.7721582,
            "fid": 2,
            "forcediffimflux": 666.7630615234375,
            "forcediffimfluxunc": 31.41997718811035,
            "magzpsci": 26.185699462890625
        },
        {
            "objectid": "ZTF23abcufxh",
            "jd": 2460236.7800579,
            "ranr": -99999.0,
            "decnr": -99999.0,
            "fid": 1,
            "forcediffimflux": 397.2784729003906,
            "forcediffimfluxunc": 30.94838523864746,
            "magzpsci": 26.218900680541992
        },
        {
            "objectid": "ZTF23abcufxh",
            "jd": 2460236.8158912,
            "ranr": 2.9842698,
            "decnr": -7.7721582,
            "fid": 2,
            "forcediffimflux": 659.9078979492188,
            "forcediffimfluxunc": 33.195587158203125,
            "magzpsci": 26.164199829101562
        },
        {
            "objectid": "ZTF23abcufxh",
            "jd": 2460238.7902199,
            "ranr": -99999.0,
            "decnr": -99999.0,
            "fid": 1,
            "forcediffimflux": 300.11529541015625,
            "forcediffimfluxunc": 30.412317276000977,
            "magzpsci": 26.225000381469727
        },
        {
            "objectid": "ZTF23abcufxh",
            "jd": 2460238.8295949,
            "ranr": 2.9842698,
            "decnr": -7.7721582,
            "fid": 2,
            "forcediffimflux": 652.9839477539062,
            "forcediffimfluxunc": 30.328474044799805,
            "magzpsci": 26.157499313354492
        },
        {
            "objectid": "ZTF23abcufxh",
            "jd": 2460242.7098727,
            "ranr": 2.9842698,
            "decnr": -7.7721582,
            "fid": 2,
            "forcediffimflux": 375.31097412109375,
            "forcediffimfluxunc": 60.845802307128906,
            "magzpsci": 26.1875
        },
        {
            "objectid": "ZTF23abcufxh",
            "jd": 2460245.7144792,
            "ranr": 2.9842698,
            "decnr": -7.7721582,
            "fid": 2,
            "forcediffimflux": 431.6747131347656,
            "forcediffimfluxunc": 84.9538345336914,
            "magzpsci": 26.169200897216797
        },
        {
            "objectid": "ZTF23abcufxh",
            "jd": 2460245.8013889,
            "ranr": -99999.0,
            "decnr": -99999.0,
            "fid": 1,
            "forcediffimflux": 302.7043151855469,
            "forcediffimfluxunc": 126.2053451538086,
            "magzpsci": 26.24139976501465
        },
        {
            "objectid": "ZTF23abcufxh",
            "jd": 2460247.6120139,
            "ranr": -99999.0,
            "decnr": -99999.0,
            "fid": 1,
            "forcediffimflux": -88.8505630493164,
            "forcediffimfluxunc": 134.40707397460938,
            "magzpsci": 26.207799911499023
        },
        {
            "objectid": "ZTF23abcufxh",
            "jd": 2460247.6356019,
            "ranr": 2.9842698,
            "decnr": -7.7721582,
            "fid": 2,
            "forcediffimflux": 358.84735107421875,
            "forcediffimfluxunc": 85.17432403564453,
            "magzpsci": 26.179500579833984
        },
        {
            "objectid": "ZTF23abcufxh",
            "jd": 2460249.6910764,
            "ranr": 2.9842698,
            "decnr": -7.7721582,
            "fid": 2,
            "forcediffimflux": 292.31158447265625,
            "forcediffimfluxunc": 57.47016906738281,
            "magzpsci": 26.18429946899414
        },
        {
            "objectid": "ZTF23abcufxh",
            "jd": 2460249.7451968,
            "ranr": -99999.0,
            "decnr": -99999.0,
            "fid": 1,
            "forcediffimflux": 130.24156188964844,
            "forcediffimfluxunc": 64.28669738769531,
            "magzpsci": 26.1697998046875
        },
        {
            "objectid": "ZTF23abcufxh",
            "jd": 2460251.7058449,
            "ranr": 2.9842698,
            "decnr": -7.7721582,
            "fid": 2,
            "forcediffimflux": 296.1334533691406,
            "forcediffimfluxunc": 32.206687927246094,
            "magzpsci": 26.1968994140625
        },
        {
            "objectid": "ZTF23abcufxh",
            "jd": 2460251.722581,
            "ranr": -99999.0,
            "decnr": -99999.0,
            "fid": 1,
            "forcediffimflux": 167.91567993164062,
            "forcediffimfluxunc": 41.05192947387695,
            "magzpsci": 26.253799438476562
        }
    ]
}