{
    "objectId": "ZTF20acpiywu",
    "candidates": [
        {
            "candid": 1410106551815015009,
            "jd": 2459164.6065509,
            "ra": 315.0458786,
            "dec": -4.0670189,
            "fid": 2,
            "nid": 1410,
            "magpsf": 19.703800201416016,
            "sigmapsf": 0.16077199578285217,
            "magnr": 19.142000198364258,
            "sigmagnr": 0.11299999803304672,
            "magzpsci": 26.321800231933594,
            "isdiffpos": "t",
            "ssdistnr": -999.0,
            "ssnamenr": "null",
            "drb": 0.9999549984931946
        },
        {
            "candid": 1413108321815015007,
            "jd": 2459167.6083218,
            "ra": 315.0458354,
            "dec": -4.0669922,
            "fid": 2,
            "nid": 1413,
            "magpsf": 17.90290069580078,
            "sigmapsf": 0.05571800097823143,
            "magnr": 19.142000198364258,
            "sigmagnr": 0.11299999803304672,
            "magzpsci": 26.326900482177734,
            "isdiffpos": "t",
            "ssdistnr": -999.0,
            "ssnamenr": "null",
            "drb": 1.0
        },
        {
            "candid": 1413164471815015005,
            "jd": 2459167.6644792,
            "ra": 315.0458591,
            "dec": -4.0670042,
            "fid": 1,
            "nid": 1413,
            "magpsf": 17.81279945373535,
            "sigmapsf": 0.0705450028181076,
            "magnr": 19.54199981689453,
            "sigmagnr": 0.0949999988079071,
            "magzpsci": 26.242799758911133,
            "isdiffpos": "t",
            "ssdistnr": -999.0,
            "ssnamenr": "null",
            "drb": 0.9999790191650391
        },
        {
            "candid": 1415107061815015008,
            "jd": 2459169.6070602,
            "ra": 315.0458511,
            "dec": -4.0669899,
            "fid": 1,
            "nid": 1415,
            "magpsf": 17.169599533081055,
            "sigmapsf": 0.046073999255895615,
            "magnr": 19.54199981689453,
            "sigmagnr": 0.0949999988079071,
            "magzpsci": 26.29560089111328,
            "isdiffpos": "t",
            "ssdistnr": -999.0,
            "ssnamenr": "null",
            "drb": 1.0
        },
        {
            "candid": 1415130501815015003,
            "jd": 2459169.6305093,
            "ra": 315.0458553,
            "dec": -4.0670348,
            "fid": 2,
            "nid": 1415,
            "magpsf": 17.228700637817383,
            "sigmapsf": 0.061556000262498856,
            "magnr": 19.142000198364258,
            "sigmagnr": 0.11299999803304672,
            "magzpsci": 26.310699462890625,
            "isdiffpos": "t",
            "ssdistnr": -999.0,
            "ssnamenr": "null",
            "drb": 0.9999989867210388
        },
        {
            "candid": 1417087661815015002,
            "jd": 2459171.587662,
            "ra": 315.0458378,
            "dec": -4.0669838,
            "fid": 2,
            "nid": 1417,
            "magpsf": 16.659900665283203,
            "sigmapsf": 0.04501799866557121,
            "magnr": 19.142000198364258,
            "sigmagnr": 0.11299999803304672,
            "magzpsci": 26.318899154663086,
            "isdiffpos": "t",
            "ssdistnr": -999.0,
            "ssnamenr": "null",
            "drb": 0.9969930052757263
        },
        {
            "candid": 1417152231815015006,
            "jd": 2459171.6522338,
            "ra": 315.0458405,
            "dec": -4.0669765,
            "fid": 1,
            "nid": 1417,
            "magpsf": 16.55459976196289,
            "sigmapsf": 0.029614999890327454,
            "magnr": 19.54199981689453,
            "sigmagnr": 0.0949999988079071,
            "magzpsci": 26.22960090637207,
            "isdiffpos": "t",
            "ssdistnr": -999.0,
            "ssnamenr": "null",
            "drb": 1.0
        },
        {
            "candid": 1419084251815025005,
            "jd": 2459173.5842593,
            "ra": 315.0458449,
            "dec": -4.0669831,
            "fid": 2,
            "nid": 1419,
            "magpsf": 16.249300003051758,
            "sigmapsf": 0.029796000570058823,
            "magnr": 19.142000198364258,
            "sigmagnr": 0.11299999803304672,
            "magzpsci": 26.32430076599121,
            "isdiffpos": "t",
            "ssdistnr": -999.0,
            "ssnamenr": "null",
            "drb": 0.9999430179595947
        },
        {
            "candid": 1421130551815015022,
            "jd": 2459175.6305556,
            "ra": 315.0458316,
            "dec": -4.0669748,
            "fid": 2,
            "nid": 1421,
            "magpsf": 16.002899169921875,
            "sigmapsf": 0.04085899889469147,
            "magnr": 19.142000198364258,
            "sigmagnr": 0.11299999803304672,
            "magzpsci": 25.258899688720703,
            "isdiffpos": "t",
            "ssdistnr": -999.0,
            "ssnamenr": "null",
            "drb": 0.9995219707489014
        },
        {
            "candid": 1423068661815015003,
            "jd": 2459177.568669,
            "ra": 315.0458464,
            "dec": -4.0669835,
            "fid": 2,
            "nid": 1423,
            "magpsf": 15.804800033569336,
            "sigmapsf": 0.029013000428676605,
            "magnr": 19.142000198364258,
            "sigmagnr": 0.11299999803304672,
            "magzpsci": 26.304800033569336,
            "isdiffpos": "t",
            "ssdistnr": -999.0,
            "ssnamenr": "null",
            "drb": 1.0
        },
        {
            "candid": 1423111351815015005,
            "jd": 2459177.6113542,
            "ra": 315.0458445,
            "dec": -4.0669873,
            "fid": 1,
            "nid": 1423,
            "magpsf": 15.66919994354248,
            "sigmapsf": 0.034251000732183456,
            "magnr": 19.54199981689453,
            "sigmagnr": 0.0949999988079071,
            "magzpsci": 26.230199813842773,
            "isdiffpos": "t",
            "ssdistnr": -999.0,
            "ssnamenr": "null",
            "drb": 0.9999729990959167
        },
        {
            "candid": 1425122221815015002,
            "jd": 2459179.6222222,
            "ra": 315.0458421,
            "dec": -4.0669777,
            "fid": 2,
            "nid": 1425,
            "magpsf": 15.681500434875488,
            "sigmapsf": 0.03451300039887428,
            "magnr": 19.142000198364258,
            "sigmagnr": 0.11299999803304672,
            "magzpsci": 26.29050064086914,
            "isdiffpos": "t",
            "ssdistnr": -999.0,
            "ssnamenr": "null",
            "drb": 0.9980800151824951
        },
        {
            "candid": 1425166151815015004,
            "jd": 2459179.6661574,
            "ra": 315.0458641,
            "dec": -4.0669692,
            "fid": 1,
            "nid": 1425,
            "magpsf": 15.555800437927246,
            "sigmapsf": 0.02606699988245964,
            "magnr": 19.54199981689453,
            "sigmagnr": 0.0949999988079071,
            "magzpsci": 26.13680076599121,
            "isdiffpos": "t",
            "ssdistnr": -999.0,
            "ssnamenr": "null",
            "drb": 1.0
        },
        {
            "candid": 1427127121815015002,
            "jd": 2459181.6271296,
            "ra": 315.0458524,
            "dec": -4.0669938,
            "fid": 1,
            "nid": 1427,
            "magpsf": 15.49489974975586,
            "sigmapsf": 0.031582001596689224,
            "magnr": 19.54199981689453,
            "sigmagnr": 0.0949999988079071,
            "magzpsci": 26.245899200439453,
            "isdiffpos": "t",
            "ssdistnr": -999.0,
            "ssnamenr": "null",
            "drb": 0.9999340176582336
        },
        {
            "candid": 1430092531815015004,
            "jd": 2459184.5925347,
            "ra": 315.0458476,
            "dec": -4.0669812,
            "fid": 2,
            "nid": 1430,
            "magpsf": 15.546500205993652,
            "sigmapsf": 0.03190299868583679,
            "magnr": 19.142000198364258,
            "sigmagnr": 0.11299999803304672,
            "magzpsci": 26.300500869750977,
            "isdiffpos": "t",
            "ssdistnr": -999.0,
            "ssnamenr": "null",
            "drb": 0.998520016670227
        },
        {
            "candid": 1430128691815015000,
            "jd": 2459184.6286921,
            "ra": 315.0458399,
            "dec": -4.0669826,
            "fid": 1,
            "nid": 1430,
            "magpsf": 15.464400291442871,
            "sigmapsf": 0.02672399953007698,
            "magnr": 19.54199981689453,
            "sigmagnr": 0.0949999988079071,
            "magzpsci": 26.20240020751953,
            "isdiffpos": "t",
            "ssdistnr": -999.0,
            "ssnamenr": "null",
            "drb": 0.9999989867210388
        },
        {
            "candid": 1432094521815015006,
            "jd": 2459186.5945255,
            "ra": 315.0458393,
            "dec": -4.0670128,
            "fid": 2,
            "nid": 1432,
            "magpsf": 15.55459976196289,
            "sigmapsf": 0.02204900048673153,
            "magnr": 19.142000198364258,
            "sigmagnr": 0.11299999803304672,
            "magzpsci": 26.281600952148438,
            "isdiffpos": "t",
            "ssdistnr": -999.0,
            "ssnamenr": "null",
            "drb": 0.9999979734420776
        },
        {
            "candid": 1432149221815015003,
            "jd": 2459186.6492245,
            "ra": 315.0458291,
            "dec": -4.0670477,
            "fid": 1,
            "nid": 1432,
            "magpsf": 15.480500221252441,
            "sigmapsf": 0.042128998786211014,
            "magnr": 19.54199981689453,
            "sigmagnr": 0.0949999988079071,
            "magzpsci": 26.113500595092773,
            "isdiffpos": "t",
            "ssdistnr": -999.0,
            "ssnamenr": "null",
            "drb": 0.9408599734306335
        },
        {
            "candid": 1434093801815015005,
            "jd": 2459188.5938079,
            "ra": 315.0458506,
            "dec": -4.0669771,
            "fid": 2,
            "nid": 1434,
            "magpsf": 15.56309986114502,
            "sigmapsf": 0.04134799912571907,
            "magnr": 19.142000198364258,
            "sigmagnr": 0.11299999803304672,
            "magzpsci": 26.310100555419922,
            "isdiffpos": "t",
            "ssdistnr": -999.0,
            "ssnamenr": "null",
            "drb": 0.9999989867210388
        },
        {
            "candid": 1436114761815015005,
            "jd": 2459190.6147685,
            "ra": 315.0458508,
            "dec": -4.066978,
            "fid": 2,
            "nid": 1436,
            "magpsf": 15.640800476074219,
            "sigmapsf": 0.027681000530719757,
            "magnr": 19.142000198364258,
            "sigmagnr": 0.11299999803304672,
            "magzpsci": 26.277799606323242,
            "isdiffpos": "t",
            "ssdistnr": -999.0,
            "ssnamenr": "null",
            "drb": 1.0
        },
        {
            "candid": 1571442191815015005,
            "jd": 2459325.9421991,
            "ra": 315.0459096,
            "dec": -4.0670122,
            "fid": 1,
            "nid": 1571,
            "magpsf": 19.32979965209961,
            "sigmapsf": 0.16568100452423096,
            "magnr": 19.54199981689453,
            "sigmagnr": 0.0949999988079071,
            "magzpsci": 25.892799377441406,
            "isdiffpos": "t",
            "ssdistnr": null,
            "ssnamenr": null,
            "drb": 0.9999520182609558
        },
        {
            "candid": 1571481191815015005,
            "jd": 2459325.9811921,
            "ra": 315.0457741,
            "dec": -4.0670835,
            "fid": 2,
            "nid": 1571,
            "magpsf": 19.92340087890625,
            "sigmapsf": 0.2618100047111511,
            "magnr": 19.142000198364258,
            "sigmagnr": 0.11299999803304672,
            "magzpsci": 26.19540023803711,
            "isdiffpos": "t",
            "ssdistnr": null,
            "ssnamenr": null,
            "drb": null
        },
        {
            "candid": 1575476421815035003,
            "jd": 2459329.9764236,
            "ra": 315.0459112,
            "dec": -4.0669565,
            "fid": 1,
            "nid": 1575,
            "magpsf": 19.375200271606445,
            "sigmapsf": 0.23470599949359894,
            "magnr": 19.54199981689453,
            "sigmagnr": 0.0949999988079071,
            "magzpsci": 26.142200469970703,
            "isdiffpos": "t",
            "ssdistnr": null,
            "ssnamenr": null,
            "drb": null
        },
        {
            "candid": 1585427081815015006,
            "jd": 2459339.9270833,
            "ra": 315.0458419,
            "dec": -4.067066,
            "fid": 1,
            "nid": 1585,
            "magpsf": 19.56130027770996,
            "sigmapsf": 0.2351199984550476,
            "magnr": 19.54199981689453,
            "sigmagnr": 0.0949999988079071,
            "magzpsci": 26.007299423217773,
            "isdiffpos": "t",
            "ssdistnr": null,
            "ssnamenr": null,
            "drb": null
        },
        {
            "candid": 1588446271815015009,
            "jd": 2459342.9462731,
            "ra": 315.0458317,
            "dec": -4.0669419,
            "fid": 2,
            "nid": 1588,
            "magpsf": 20.651500701904297,
            "sigmapsf": 0.23677599430084229,
            "magnr": 19.142000198364258,
            "sigmagnr": 0.11299999803304672,
            "magzpsci": 26.183500289916992,
            "isdiffpos": "t",
            "ssdistnr": null,
            "ssnamenr": null,
            "drb": null
        },
        {
            "candid": 1588468001815015022,
            "jd": 2459342.9680093,
            "ra": 315.0458808,
            "dec": -4.0670311,
            "fid": 1,
            "nid": 1588,
            "magpsf": 19.739500045776367,
            "sigmapsf": 0.12680000066757202,
            "magnr": 19.54199981689453,
            "sigmagnr": 0.0949999988079071,
            "magzpsci": 26.167499542236328,
            "isdiffpos": "t",
            "ssdistnr": null,
            "ssnamenr": null,
            "drb": null
        },
        {
            "candid": 1591427071815015006,
            "jd": 2459345.9270718,
            "ra": 315.0458903,
            "dec": -4.0670294,
            "fid": 1,
            "nid": 1591,
            "magpsf": 19.755399703979492,
            "sigmapsf": 0.2119770050048828,
            "magnr": 19.54199981689453,
            "sigmagnr": 0.0949999988079071,
            "magzpsci": 26.056400299072266,
            "isdiffpos": "t",
            "ssdistnr": null,
            "ssnamenr": null,
            "drb": null
        },
        {
            "candid": 1594422041815015004,
            "jd": 2459348.9220486,
            "ra": 315.0458389,
            "dec": -4.0669695,
            "fid": 2,
            "nid": 1594,
            "magpsf": 20.332799911499023,
            "sigmapsf": 0.21193699538707733,
            "magnr": 19.142000198364258,
            "sigmagnr": 0.11299999803304672,
            "magzpsci": 26.15180015563965,
            "isdiffpos": "t",
            "ssdistnr": null,
            "ssnamenr": null,
            "drb": null
        },
        {
            "candid": 1594444021815015017,
            "jd": 2459348.9440278,
            "ra": 315.045888,
            "dec": -4.0669511,
            "fid": 1,
            "nid": 1594,
            "magpsf": 19.78660011291504,
            "sigmapsf": 0.14936600625514984,
            "magnr": 19.54199981689453,
            "sigmagnr": 0.0949999988079071,
            "magzpsci": 26.11359977722168,
            "isdiffpos": "t",
            "ssdistnr": null,
            "ssnamenr": null,
            "drb": null
        },
        {
            "candid": 1598425791815015005,
            "jd": 2459352.9257986,
            "ra": 315.0460127,
            "dec": -4.0670476,
            "fid": 2,
            "nid": 1598,
            "magpsf": 20.566299438476562,
            "sigmapsf": 0.363893985748291,
            "magnr": 19.142000198364258,
            "sigmagnr": 0.11299999803304672,
            "magzpsci": 26.152299880981445,
            "isdiffpos": "t",
            "ssdistnr": null,
            "ssnamenr": null,
            "drb": null
        },
        {
            "candid": 1598463121815015006,
            "jd": 2459352.963125,
            "ra": 315.0458942,
            "dec": -4.0669653,
            "fid": 1,
            "nid": 1598,
            "magpsf": 19.90489959716797,
            "sigmapsf": 0.16905300319194794,
            "magnr": 19.54199981689453,
            "sigmagnr": 0.0949999988079071,
            "magzpsci": 26.136899948120117,
            "isdiffpos": "t",
            "ssdistnr": null,
            "ssnamenr": null,
            "drb": null
        },
        {
            "candid": 1600444201815015007,
            "jd": 2459354.9442014,
            "ra": 315.0458859,
            "dec": -4.0671689,
            "fid": 1,
            "nid": 1600,
            "magpsf": 19.835599899291992,
            "sigmapsf": 0.27877798676490784,
            "magnr": 19.54199981689453,
            "sigmagnr": 0.0949999988079071,
            "magzpsci": 26.184600830078125,
            "isdiffpos": "t",
            "ssdistnr": null,
            "ssnamenr": null,
            "drb": null
        },
        {
            "candid": 1603422301815015003,
            "jd": 2459357.9223032,
            "ra": 315.0459515,
            "dec": -4.0670627,
            "fid": 1,
            "nid": 1603,
            "magpsf": 19.794599533081055,
            "sigmapsf": 0.316089004278183,
            "magnr": 19.54199981689453,
            "sigmagnr": 0.0949999988079071,
            "magzpsci": 26.171600341796875,
            "isdiffpos": "t",
            "ssdistnr": null,
            "ssnamenr": null,
            "drb": null
        },
        {
            "candid": 1615401511815015028,
            "jd": 2459369.9015162,
            "ra": 315.0458486,
            "dec": -4.066924,
            "fid": 1,
            "nid": 1615,
            "magpsf": 20.124099731445312,
            "sigmapsf": 0.1925099939107895,
            "magnr": 19.54199981689453,
            "sigmagnr": 0.0949999988079071,
            "magzpsci": 26.172100067138672,
            "isdiffpos": "t",
            "ssdistnr": null,
            "ssnamenr": null,
            "drb": null
        },
        {
            "candid": 1617399361815015008,
            "jd": 2459371.8993634,
            "ra": 315.0458584,
            "dec": -4.0669703,
            "fid": 1,
            "nid": 1617,
            "magpsf": 20.032400131225586,
            "sigmapsf": 0.18112599849700928,
            "magnr": 19.54199981689453,
            "sigmagnr": 0.0949999988079071,
            "magzpsci": 26.216400146484375,
            "isdiffpos": "t",
            "ssdistnr": null,
            "ssnamenr": null,
            "drb": null
        },
        {
            "candid": 1620399911815015012,
            "jd": 2459374.899919,
            "ra": 315.0458553,
            "dec": -4.0669686,
            "fid": 1,
            "nid": 1620,
            "magpsf": 20.144800186157227,
            "sigmapsf": 0.20508000254631042,
            "magnr": 19.54199981689453,
            "sigmagnr": 0.0949999988079071,
            "magzpsci": 26.21380043029785,
            "isdiffpos": "t",
            "ssdistnr": null,
            "ssnamenr": null,
            "drb": null
        },
        {
            "candid": 1624422501815015020,
            "jd": 2459378.9225,
            "ra": 315.0458685,
            "dec": -4.0670553,
            "fid": 1,
            "nid": 1624,
            "magpsf": 20.197710037231445,
            "sigmapsf": 0.1750909984111786,
            "magnr": 19.54199981689453,
            "sigmagnr": 0.0949999988079071,
            "magzpsci": 26.280710220336914,
            "isdiffpos": "t",
            "ssdistnr": -999.0,
            "ssnamenr": "null",
            "drb": null
        },
        {
            "jd": 2459135.65448,
            "fid": 2,
            "diffmaglim": 20.39900016784668
        },
        {
            "jd": 2459135.72899,
            "fid": 1,
            "diffmaglim": 20.316999435424805
        },
        {
            "jd": 2459137.70331,
            "fid": 2,
            "diffmaglim": 20.263999938964844
        },
        {
            "jd": 2459137.72694,
            "fid": 1,
            "diffmaglim": 20.16900062561035
        },
        {
            "jd": 2459139.74887,
            "fid": 2,
            "diffmaglim": 20.104999542236328
        },
        {
            "jd": 2459141.64556,
            "fid": 2,
            "diffmaglim": 20.461999893188477
        },
        {
            "jd": 2459143.63454,
            "fid": 2,
            "diffmaglim": 20.573999404907227
        },
        {
            "jd": 2459143.68693,
            "fid": 1,
            "diffmaglim": 20.50200080871582
        },
        {
            "jd": 2459145.62458,
            "fid": 2,
            "diffmaglim": 20.35300064086914
        },
        {
            "jd": 2459145.69006,
            "fid": 1,
            "diffmaglim": 20.10300064086914
        },
        {
            "jd": 2459149.6214,
            "fid": 2,
            "diffmaglim": 18.923999786376953
        },
        {
            "jd": 2459149.6862,
            "fid": 1,
            "diffmaglim": 19.020000457763672
        },
        {
            "jd": 2459150.66416,
            "fid": 1,
            "diffmaglim": 19.44300079345703
        },
        {
            "jd": 2459150.69515,
            "fid": 2,
            "diffmaglim": 19.375
        },
        {
            "jd": 2459151.60939,
            "fid": 2,
            "diffmaglim": 19.674999237060547
        },
        {
            "jd": 2459151.6497,
            "fid": 1,
            "diffmaglim": 19.413999557495117
        },
        {
            "jd": 2459153.58667,
            "fid": 2,
            "diffmaglim": 19.88599967956543
        },
        {
            "jd": 2459153.66403,
            "fid": 1,
            "diffmaglim": 19.339000701904297
        },
        {
            "jd": 2459155.60569,
            "fid": 2,
            "diffmaglim": 20.111000061035156
        },
        {
            "jd": 2459155.62763,
            "fid": 1,
            "diffmaglim": 19.690000534057617
        },
        {
            "jd": 2459158.65497,
            "fid": 1,
            "diffmaglim": 19.923999786376953
        },
        {
            "jd": 2459181.58113,
            "fid": 2,
            "diffmaglim": 19.31599998474121
        },
        {
            "jd": 2459329.9445949,
            "fid": 2,
            "diffmaglim": 19.10569953918457
        },
        {
            "jd": 2459335.9401042,
            "fid": 1,
            "diffmaglim": 18.718299865722656
        },
        {
            "jd": 2459337.9198495,
            "fid": 1,
            "diffmaglim": 18.43090057373047
        },
        {
            "jd": 2459337.9654861,
            "fid": 2,
            "diffmaglim": 19.231399536132812
        },
        {
            "jd": 2459339.977419,
            "fid": 2,
            "diffmaglim": 20.216299057006836
        },
        {
            "jd": 2459345.9740741,
            "fid": 2,
            "diffmaglim": 20.2987003326416
        },
        {
            "jd": 2459357.9628009,
            "fid": 2,
            "diffmaglim": 20.411699295043945
        },
        {
            "jd": 2459361.9205903,
            "fid": 2,
            "diffmaglim": 19.465599060058594
        },
        {
            "jd": 2459363.9021296,
            "fid": 2,
            "diffmaglim": 19.695199966430664
        },
        {
            "jd": 2459363.9538194,
            "fid": 1,
            "diffmaglim": 19.38640022277832
        },
        {
            "jd": 2459366.911412,
            "fid": 2,
            "diffmaglim": 19.84980010986328
        },
        {
            "jd": 2459366.9532755,
            "fid": 1,
            "diffmaglim": 19.695100784301758
        },
        {
            "jd": 2459371.9581134,
            "fid": 2,
            "diffmaglim": 20.770299911499023
        },
        {
            "jd": 2459374.940706,
            "fid": 2,
            "diffmaglim": 19.329299926757812
        },
        {
            "jd": 2459376.8998032,
            "fid": 1,
            "diffmaglim": 20.57430076599121
        },
        {
            "jd": 2459376.9403009,
            "fid": 2,
            "diffmaglim": 20.368799209594727
        },
        {
            "jd": 2459378.9011343,
            "fid": 2,
            "diffmaglim": 20.584699630737305
        }
    ],
    "forcedphot": []
}