{
    "objectId": "ZTF22ablviyf",
    "candidates": [
        {
            "candid": 2103443724215015018,
            "jd": 2459857.9437269,
            "ra": 84.0739368,
            "dec": 12.1502349,
            "fid": 1,
            "nid": 2103,
            "magpsf": 20.633699417114258,
            "sigmapsf": 0.2768990099430084,
            "magnr": 22.277999877929688,
            "sigmagnr": 0.18400000035762787,
            "magzpsci": 26.34269905090332,
            "isdiffpos": "t",
            "ssdistnr": null,
            "ssnamenr": null,
            "drb": null
        },
        {
            "candid": 2105463644215015016,
            "jd": 2459859.9636458,
            "ra": 84.0739933,
            "dec": 12.150252,
            "fid": 1,
            "nid": 2105,
            "magpsf": 20.216400146484375,
            "sigmapsf": 0.23200799524784088,
            "magnr": 22.277999877929688,
            "sigmagnr": 0.18400000035762787,
            "magzpsci": 26.381399154663086,
            "isdiffpos": "t",
            "ssdistnr": null,
            "ssnamenr": null,
            "drb": null
        },
        {
            "candid": 2105499124215015029,
            "jd": 2459859.9991204,
            "ra": 84.0739877,
            "dec": 12.1502271,
            "fid": 2,
            "nid": 2105,
            "magpsf": 20.030899047851562,
            "sigmapsf": 0.14510999619960785,
            "magnr": 21.176000595092773,
            "sigmagnr": 0.0949999988079071,
            "magzpsci": 26.41790008544922,
            "isdiffpos": "t",
            "ssdistnr": null,
            "ssnamenr": null,
            "drb": null
        },
        {
            "candid": 2108424174215015007,
            "jd": 2459862.9241782,
            "ra": 84.0739373,
            "dec": 12.1503154,
            "fid": 1,
            "nid": 2108,
            "magpsf": 19.489099502563477,
            "sigmapsf": 0.22602899372577667,
            "magnr": 22.277999877929688,
            "sigmagnr": 0.18400000035762787,
            "magzpsci": 26.39310073852539,
            "isdiffpos": "t",
            "ssdistnr": null,
            "ssnamenr": null,
            "drb": null
        },
        {
            "candid": 2108482014215015009,
            "jd": 2459862.9820139,
            "ra": 84.0739863,
            "dec": 12.1502515,
            "fid": 2,
            "nid": 2108,
            "magpsf": 19.422399520874023,
            "sigmapsf": 0.14963799715042114,
            "magnr": 21.176000595092773,
            "sigmagnr": 0.0949999988079071,
            "magzpsci": 26.43939971923828,
            "isdiffpos": "t",
            "ssdistnr": null,
            "ssnamenr": null,
            "drb": null
        },
        {
            "candid": 2110369514215015011,
            "jd": 2459864.8695139,
            "ra": 84.0740472,
            "dec": 12.1502653,
            "fid": 2,
            "nid": 2110,
            "magpsf": 19.170900344848633,
            "sigmapsf": 0.15146100521087646,
            "magnr": 21.176000595092773,
            "sigmagnr": 0.0949999988079071,
            "magzpsci": 26.364900588989258,
            "isdiffpos": "t",
            "ssdistnr": null,
            "ssnamenr": null,
            "drb": null
        },
        {
            "candid": 2110461564215015009,
            "jd": 2459864.9615625,
            "ra": 84.0739471,
            "dec": 12.1502169,
            "fid": 1,
            "nid": 2110,
            "magpsf": 19.270099639892578,
            "sigmapsf": 0.1753160059452057,
            "magnr": 22.277999877929688,
            "sigmagnr": 0.18400000035762787,
            "magzpsci": 26.388099670410156,
            "isdiffpos": "t",
            "ssdistnr": null,
            "ssnamenr": null,
            "drb": null
        },
        {
            "candid": 2115485794215015020,
            "jd": 2459869.9857986,
            "ra": 84.0739625,
            "dec": 12.1502206,
            "fid": 2,
            "nid": 2115,
            "magpsf": 18.850500106811523,
            "sigmapsf": 0.0874909982085228,
            "magnr": 21.176000595092773,
            "sigmagnr": 0.0949999988079071,
            "magzpsci": 26.42650032043457,
            "isdiffpos": "t",
            "ssdistnr": null,
            "ssnamenr": null,
            "drb": null
        },
        {
            "candid": 2117414054215015016,
            "jd": 2459871.9140509,
            "ra": 84.0740083,
            "dec": 12.1502162,
            "fid": 2,
            "nid": 2117,
            "magpsf": 18.835500717163086,
            "sigmapsf": 0.11158499866724014,
            "magnr": 21.176000595092773,
            "sigmagnr": 0.0949999988079071,
            "magzpsci": 26.433500289916992,
            "isdiffpos": "t",
            "ssdistnr": null,
            "ssnamenr": null,
            "drb": null
        },
        {
            "candid": 2117466344215015028,
            "jd": 2459871.9663426,
            "ra": 84.0738953,
            "dec": 12.150252,
            "fid": 1,
            "nid": 2117,
            "magpsf": 18.901899337768555,
            "sigmapsf": 0.1287810057401657,
            "magnr": 22.277999877929688,
            "sigmagnr": 0.18400000035762787,
            "magzpsci": 26.396900177001953,
            "isdiffpos": "t",
            "ssdistnr": null,
            "ssnamenr": null,
            "drb": null
        },
        {
            "candid": 2119423314215015069,
            "jd": 2459873.9233102,
            "ra": 84.0739822,
            "dec": 12.1502222,
            "fid": 1,
            "nid": 2119,
            "magpsf": 18.83609962463379,
            "sigmapsf": 0.11101599782705307,
            "magnr": 22.277999877929688,
            "sigmagnr": 0.18400000035762787,
            "magzpsci": 25.841100692749023,
            "isdiffpos": "t",
            "ssdistnr": null,
            "ssnamenr": null,
            "drb": null
        },
        {
            "candid": 2119446794215015028,
            "jd": 2459873.946794,
            "ra": 84.0739851,
            "dec": 12.1502326,
            "fid": 2,
            "nid": 2119,
            "magpsf": 18.773500442504883,
            "sigmapsf": 0.0732560008764267,
            "magnr": 21.176000595092773,
            "sigmagnr": 0.0949999988079071,
            "magzpsci": 26.410499572753906,
            "isdiffpos": "t",
            "ssdistnr": null,
            "ssnamenr": null,
            "drb": null
        },
        {
            "candid": 2122403964215015018,
            "jd": 2459876.9039699,
            "ra": 84.0739826,
            "dec": 12.1502137,
            "fid": 2,
            "nid": 2122,
            "magpsf": 18.802600860595703,
            "sigmapsf": 0.10023000091314316,
            "magnr": 21.176000595092773,
            "sigmagnr": 0.0949999988079071,
            "magzpsci": 26.42959976196289,
            "isdiffpos": "t",
            "ssdistnr": null,
            "ssnamenr": null,
            "drb": null
        },
        {
            "candid": 2122444884215015029,
            "jd": 2459876.9448843,
            "ra": 84.0739687,
            "dec": 12.1502114,
            "fid": 1,
            "nid": 2122,
            "magpsf": 18.94230079650879,
            "sigmapsf": 0.0996130034327507,
            "magnr": 22.277999877929688,
            "sigmagnr": 0.18400000035762787,
            "magzpsci": 26.39929962158203,
            "isdiffpos": "t",
            "ssdistnr": null,
            "ssnamenr": null,
            "drb": null
        },
        {
            "candid": 2124421584215015021,
            "jd": 2459878.9215856,
            "ra": 84.0739739,
            "dec": 12.1502318,
            "fid": 1,
            "nid": 2124,
            "magpsf": 18.98270034790039,
            "sigmapsf": 0.08586099743843079,
            "magnr": 22.277999877929688,
            "sigmagnr": 0.18400000035762787,
            "magzpsci": 26.407699584960938,
            "isdiffpos": "t",
            "ssdistnr": null,
            "ssnamenr": null,
            "drb": null
        },
        {
            "candid": 2124466514215015018,
            "jd": 2459878.9665162,
            "ra": 84.0739795,
            "dec": 12.1502327,
            "fid": 2,
            "nid": 2124,
            "magpsf": 18.743600845336914,
            "sigmapsf": 0.0770919993519783,
            "magnr": 21.176000595092773,
            "sigmagnr": 0.0949999988079071,
            "magzpsci": 26.432600021362305,
            "isdiffpos": "t",
            "ssdistnr": null,
            "ssnamenr": null,
            "drb": null
        },
        {
            "candid": 2126417814215015015,
            "jd": 2459880.9178125,
            "ra": 84.0739679,
            "dec": 12.1502435,
            "fid": 1,
            "nid": 2126,
            "magpsf": 19.086599349975586,
            "sigmapsf": 0.09604299813508987,
            "magnr": 22.277999877929688,
            "sigmagnr": 0.18400000035762787,
            "magzpsci": 26.39459991455078,
            "isdiffpos": "t",
            "ssdistnr": null,
            "ssnamenr": null,
            "drb": null
        },
        {
            "candid": 2126445574215015020,
            "jd": 2459880.9455787,
            "ra": 84.0739882,
            "dec": 12.1502466,
            "fid": 2,
            "nid": 2126,
            "magpsf": 18.779499053955078,
            "sigmapsf": 0.0861160010099411,
            "magnr": 21.176000595092773,
            "sigmagnr": 0.0949999988079071,
            "magzpsci": 26.441499710083008,
            "isdiffpos": "t",
            "ssdistnr": null,
            "ssnamenr": null,
            "drb": null
        },
        {
            "candid": 2128421034215015016,
            "jd": 2459882.9210301,
            "ra": 84.0739312,
            "dec": 12.1502108,
            "fid": 1,
            "nid": 2128,
            "magpsf": 19.2052001953125,
            "sigmapsf": 0.14648300409317017,
            "magnr": 22.277999877929688,
            "sigmagnr": 0.18400000035762787,
            "magzpsci": 25.92919921875,
            "isdiffpos": "t",
            "ssdistnr": null,
            "ssnamenr": null,
            "drb": null
        },
        {
            "candid": 2133378654215015008,
            "jd": 2459887.8786574,
            "ra": 84.0739372,
            "dec": 12.1502424,
            "fid": 1,
            "nid": 2133,
            "magpsf": 19.574800491333008,
            "sigmapsf": 0.17504200339317322,
            "magnr": 22.277999877929688,
            "sigmagnr": 0.18400000035762787,
            "magzpsci": 26.393800735473633,
            "isdiffpos": "t",
            "ssdistnr": null,
            "ssnamenr": null,
            "drb": null
        },
        {
            "candid": 2133442744215015031,
            "jd": 2459887.9427431,
            "ra": 84.0739976,
            "dec": 12.150215,
            "fid": 2,
            "nid": 2133,
            "magpsf": 18.989700317382812,
            "sigmapsf": 0.08202999830245972,
            "magnr": 21.176000595092773,
            "sigmagnr": 0.0949999988079071,
            "magzpsci": 26.433700561523438,
            "isdiffpos": "t",
            "ssdistnr": null,
            "ssnamenr": null,
            "drb": null
        },
        {
            "candid": 2135394624215015012,
            "jd": 2459889.8946296,
            "ra": 84.0740051,
            "dec": 12.15025,
            "fid": 2,
            "nid": 2135,
            "magpsf": 19.03809928894043,
            "sigmapsf": 0.11381799727678299,
            "magnr": 21.176000595092773,
            "sigmagnr": 0.0949999988079071,
            "magzpsci": 26.4330997467041,
            "isdiffpos": "t",
            "ssdistnr": null,
            "ssnamenr": null,
            "drb": null
        },
        {
            "candid": 2142346414215015015,
            "jd": 2459896.846412,
            "ra": 84.0738897,
            "dec": 12.1501833,
            "fid": 2,
            "nid": 2142,
            "magpsf": 19.347299575805664,
            "sigmapsf": 0.18714599311351776,
            "magnr": 21.176000595092773,
            "sigmagnr": 0.0949999988079071,
            "magzpsci": 26.41029930114746,
            "isdiffpos": "t",
            "ssdistnr": null,
            "ssnamenr": null,
            "drb": null
        },
        {
            "candid": 2144401724215015030,
            "jd": 2459898.9017245,
            "ra": 84.0740078,
            "dec": 12.1502249,
            "fid": 2,
            "nid": 2144,
            "magpsf": 19.396299362182617,
            "sigmapsf": 0.11605700105428696,
            "magnr": 21.176000595092773,
            "sigmagnr": 0.0949999988079071,
            "magzpsci": 26.452299118041992,
            "isdiffpos": "t",
            "ssdistnr": null,
            "ssnamenr": null,
            "drb": null
        },
        {
            "candid": 2146362554215045011,
            "jd": 2459900.8625579,
            "ra": 84.0737955,
            "dec": 12.1501741,
            "fid": 2,
            "nid": 2146,
            "magpsf": 19.537500381469727,
            "sigmapsf": 0.2496969997882843,
            "magnr": 21.176000595092773,
            "sigmagnr": 0.0949999988079071,
            "magzpsci": 26.44849967956543,
            "isdiffpos": "t",
            "ssdistnr": null,
            "ssnamenr": null,
            "drb": null
        },
        {
            "candid": 2148376574215015027,
            "jd": 2459902.8765741,
            "ra": 84.0739483,
            "dec": 12.1501534,
            "fid": 2,
            "nid": 2148,
            "magpsf": 19.591699600219727,
            "sigmapsf": 0.19182799756526947,
            "magnr": 21.176000595092773,
            "sigmagnr": 0.0949999988079071,
            "magzpsci": 26.441699981689453,
            "isdiffpos": "t",
            "ssdistnr": null,
            "ssnamenr": null,
            "drb": null
        },
        {
            "candid": 2150412584215015019,
            "jd": 2459904.912581,
            "ra": 84.0742088,
            "dec": 12.1500642,
            "fid": 1,
            "nid": 2150,
            "magpsf": 20.581899642944336,
            "sigmapsf": 0.2991960048675537,
            "magnr": 22.277999877929688,
            "sigmagnr": 0.18400000035762787,
            "magzpsci": 26.327899932861328,
            "isdiffpos": "t",
            "ssdistnr": null,
            "ssnamenr": null,
            "drb": null
        },
        {
            "candid": 2152379424215015016,
            "jd": 2459906.8794213,
            "ra": 84.074006,
            "dec": 12.150237,
            "fid": 2,
            "nid": 2152,
            "magpsf": 19.709091186523438,
            "sigmapsf": 0.126641646027565,
            "magnr": 21.176000595092773,
            "sigmagnr": 0.0949999988079071,
            "magzpsci": 26.439090728759766,
            "isdiffpos": "t",
            "ssdistnr": -999.0,
            "ssnamenr": "null",
            "drb": null
        },
        {
            "jd": 2459841.9038773,
            "fid": 1,
            "diffmaglim": 19.972400665283203
        },
        {
            "jd": 2459841.9872454,
            "fid": 1,
            "diffmaglim": 20.42930030822754
        },
        {
            "jd": 2459843.9492824,
            "fid": 2,
            "diffmaglim": 20.514400482177734
        },
        {
            "jd": 2459843.9697454,
            "fid": 1,
            "diffmaglim": 20.378599166870117
        },
        {
            "jd": 2459846.9646644,
            "fid": 2,
            "diffmaglim": 20.549100875854492
        },
        {
            "jd": 2459847.0013194,
            "fid": 1,
            "diffmaglim": 20.50550079345703
        },
        {
            "jd": 2459848.9456944,
            "fid": 1,
            "diffmaglim": 20.60689926147461
        },
        {
            "jd": 2459848.9873843,
            "fid": 2,
            "diffmaglim": 20.589799880981445
        },
        {
            "jd": 2459850.9714583,
            "fid": 1,
            "diffmaglim": 20.697200775146484
        },
        {
            "jd": 2459851.0018171,
            "fid": 2,
            "diffmaglim": 20.695899963378906
        },
        {
            "jd": 2459853.9585417,
            "fid": 2,
            "diffmaglim": 20.763099670410156
        },
        {
            "jd": 2459853.9836227,
            "fid": 1,
            "diffmaglim": 20.951900482177734
        },
        {
            "jd": 2459855.9477662,
            "fid": 1,
            "diffmaglim": 20.667699813842773
        },
        {
            "jd": 2459855.9875694,
            "fid": 2,
            "diffmaglim": 20.692699432373047
        },
        {
            "jd": 2459857.9828819,
            "fid": 2,
            "diffmaglim": 20.648300170898438
        },
        {
            "jd": 2459869.9401389,
            "fid": 1,
            "diffmaglim": 19.8882999420166
        },
        {
            "jd": 2459889.7577778,
            "fid": 1,
            "diffmaglim": 19.062400817871094
        },
        {
            "jd": 2459896.8908449,
            "fid": 1,
            "diffmaglim": 19.43709945678711
        },
        {
            "jd": 2459898.925787,
            "fid": 1,
            "diffmaglim": 20.219999313354492
        },
        {
            "jd": 2459900.8186458,
            "fid": 1,
            "diffmaglim": 19.537799835205078
        },
        {
            "jd": 2459902.91625,
            "fid": 1,
            "diffmaglim": 20.19729995727539
        }
    ],
    "forcedphot": []
}