{
    "objectId": "ZTF24ablflcx",
    "candidates": [
        {
            "candid": 2841116490515015002,
            "jd": 2460595.6164931,
            "ra": 254.8760346,
            "dec": 45.5230981,
            "fid": 1,
            "nid": 2841,
            "magpsf": 17.08049964904785,
            "sigmapsf": 0.04278700053691864,
            "magnr": 17.7189998626709,
            "sigmagnr": 0.05700000002980232,
            "magzpsci": 26.221500396728516,
            "isdiffpos": "t",
            "ssdistnr": null,
            "ssnamenr": null,
            "drb": 0.9999985694885254
        },
        {
            "candid": 2841157470515015032,
            "jd": 2460595.6574769,
            "ra": 254.8760012,
            "dec": 45.5230874,
            "fid": 2,
            "nid": 2841,
            "magpsf": 17.113399505615234,
            "sigmapsf": 0.052108000963926315,
            "magnr": 16.638999938964844,
            "sigmagnr": 0.07999999821186066,
            "magzpsci": 26.17140007019043,
            "isdiffpos": "t",
            "ssdistnr": null,
            "ssnamenr": null,
            "drb": null
        },
        {
            "candid": 2843112410515015001,
            "jd": 2460597.612419,
            "ra": 254.8760068,
            "dec": 45.5231152,
            "fid": 2,
            "nid": 2843,
            "magpsf": 17.022600173950195,
            "sigmapsf": 0.047019001096487045,
            "magnr": 16.638999938964844,
            "sigmagnr": 0.07999999821186066,
            "magzpsci": 26.318599700927734,
            "isdiffpos": "t",
            "ssdistnr": null,
            "ssnamenr": null,
            "drb": null
        },
        {
            "candid": 2843159950515015001,
            "jd": 2460597.6599537,
            "ra": 254.8760274,
            "dec": 45.5231311,
            "fid": 1,
            "nid": 2843,
            "magpsf": 16.881000518798828,
            "sigmapsf": 0.04816899821162224,
            "magnr": 17.7189998626709,
            "sigmagnr": 0.05700000002980232,
            "magzpsci": 26.343000411987305,
            "isdiffpos": "t",
            "ssdistnr": null,
            "ssnamenr": null,
            "drb": null
        },
        {
            "candid": 2845137510515015001,
            "jd": 2460599.6375116,
            "ra": 254.8760124,
            "dec": 45.5231242,
            "fid": 2,
            "nid": 2845,
            "magpsf": 16.97559928894043,
            "sigmapsf": 0.03995100036263466,
            "magnr": 16.638999938964844,
            "sigmagnr": 0.07999999821186066,
            "magzpsci": 26.27560043334961,
            "isdiffpos": "t",
            "ssdistnr": null,
            "ssnamenr": null,
            "drb": null
        },
        {
            "candid": 2853117710515015004,
            "jd": 2460607.6177199,
            "ra": 254.8760141,
            "dec": 45.523121,
            "fid": 1,
            "nid": 2853,
            "magpsf": 17.125999450683594,
            "sigmapsf": 0.04349999874830246,
            "magnr": 17.7189998626709,
            "sigmagnr": 0.05700000002980232,
            "magzpsci": 26.316999435424805,
            "isdiffpos": "t",
            "ssdistnr": null,
            "ssnamenr": null,
            "drb": null
        },
        {
            "candid": 2853160740515015003,
            "jd": 2460607.6607407,
            "ra": 254.8759911,
            "dec": 45.5231149,
            "fid": 2,
            "nid": 2853,
            "magpsf": 17.134000778198242,
            "sigmapsf": 0.04010999947786331,
            "magnr": 16.638999938964844,
            "sigmagnr": 0.07999999821186066,
            "magzpsci": 26.246000289916992,
            "isdiffpos": "t",
            "ssdistnr": null,
            "ssnamenr": null,
            "drb": null
        },
        {
            "candid": 2855117340515015003,
            "jd": 2460609.6173495,
            "ra": 254.8760129,
            "dec": 45.5231148,
            "fid": 1,
            "nid": 2855,
            "magpsf": 17.212900161743164,
            "sigmapsf": 0.03818399831652641,
            "magnr": 17.7189998626709,
            "sigmagnr": 0.05700000002980232,
            "magzpsci": 26.302900314331055,
            "isdiffpos": "t",
            "ssdistnr": null,
            "ssnamenr": null,
            "drb": null
        },
        {
            "candid": 2855138220515015001,
            "jd": 2460609.6382292,
            "ra": 254.8760194,
            "dec": 45.5231105,
            "fid": 2,
            "nid": 2855,
            "magpsf": 17.242799758911133,
            "sigmapsf": 0.049571000039577484,
            "magnr": 16.638999938964844,
            "sigmagnr": 0.07999999821186066,
            "magzpsci": 26.22879981994629,
            "isdiffpos": "t",
            "ssdistnr": null,
            "ssnamenr": null,
            "drb": null
        },
        {
            "candid": 2865102650515015003,
            "jd": 2460619.6026505,
            "ra": 254.8760581,
            "dec": 45.5230138,
            "fid": 2,
            "nid": 2865,
            "magpsf": 17.864900588989258,
            "sigmapsf": 0.07064999639987946,
            "magnr": 16.638999938964844,
            "sigmagnr": 0.07999999821186066,
            "magzpsci": 26.2539005279541,
            "isdiffpos": "t",
            "ssdistnr": null,
            "ssnamenr": null,
            "drb": null
        },
        {
            "candid": 2865114840515015001,
            "jd": 2460619.6148495,
            "ra": 254.8760069,
            "dec": 45.523093,
            "fid": 1,
            "nid": 2865,
            "magpsf": 17.992399215698242,
            "sigmapsf": 0.06029900163412094,
            "magnr": 17.7189998626709,
            "sigmagnr": 0.05700000002980232,
            "magzpsci": 26.242399215698242,
            "isdiffpos": "t",
            "ssdistnr": null,
            "ssnamenr": null,
            "drb": null
        },
        {
            "candid": 2867103190515015001,
            "jd": 2460621.6031944,
            "ra": 254.8760387,
            "dec": 45.5229826,
            "fid": 2,
            "nid": 2867,
            "magpsf": 17.79789924621582,
            "sigmapsf": 0.0913740023970604,
            "magnr": 16.638999938964844,
            "sigmagnr": 0.07999999821186066,
            "magzpsci": 26.260900497436523,
            "isdiffpos": "t",
            "ssdistnr": null,
            "ssnamenr": null,
            "drb": null
        },
        {
            "candid": 2867138960515015005,
            "jd": 2460621.6389699,
            "ra": 254.8760559,
            "dec": 45.5230783,
            "fid": 1,
            "nid": 2867,
            "magpsf": 18.03971290588379,
            "sigmapsf": 0.10327307134866714,
            "magnr": 17.7189998626709,
            "sigmagnr": 0.05700000002980232,
            "magzpsci": 26.141712188720703,
            "isdiffpos": "t",
            "ssdistnr": -999.0,
            "ssnamenr": "null",
            "drb": null
        },
        {
            "jd": 2460566.6567708,
            "fid": 1,
            "diffmaglim": 19.920299530029297
        },
        {
            "jd": 2460566.6805324,
            "fid": 2,
            "diffmaglim": 19.93709945678711
        },
        {
            "jd": 2460568.6584606,
            "fid": 1,
            "diffmaglim": 19.971200942993164
        },
        {
            "jd": 2460568.6951736,
            "fid": 2,
            "diffmaglim": 19.97279930114746
        },
        {
            "jd": 2460571.6387384,
            "fid": 1,
            "diffmaglim": 19.543899536132812
        },
        {
            "jd": 2460571.6832176,
            "fid": 2,
            "diffmaglim": 19.457700729370117
        },
        {
            "jd": 2460575.6369676,
            "fid": 1,
            "diffmaglim": 20.470699310302734
        },
        {
            "jd": 2460575.6820023,
            "fid": 2,
            "diffmaglim": 20.256799697875977
        },
        {
            "jd": 2460575.7178588,
            "fid": 3,
            "diffmaglim": 19.724199295043945
        },
        {
            "jd": 2460576.6347338,
            "fid": 1,
            "diffmaglim": 20.506200790405273
        },
        {
            "jd": 2460576.6602199,
            "fid": 3,
            "diffmaglim": 19.985200881958008
        },
        {
            "jd": 2460576.6835301,
            "fid": 2,
            "diffmaglim": 20.41360092163086
        }
    ],
    "forcedphot": [
        {
            "objectid": "ZTF24ablflcx",
            "jd": 2460566.6567708,
            "ranr": 254.8773935,
            "decnr": 45.5228878,
            "fid": 1,
            "forcediffimflux": 18.919750213623047,
            "forcediffimfluxunc": 44.06098937988281,
            "magzpsci": 26.243200302124023
        },
        {
            "objectid": "ZTF24ablflcx",
            "jd": 2460566.6805324,
            "ranr": 254.8755763,
            "decnr": 45.5217556,
            "fid": 2,
            "forcediffimflux": 6.19634485244751,
            "forcediffimfluxunc": 40.61207962036133,
            "magzpsci": 26.24220085144043
        },
        {
            "objectid": "ZTF24ablflcx",
            "jd": 2460568.6584606,
            "ranr": 254.8773935,
            "decnr": 45.5228878,
            "fid": 1,
            "forcediffimflux": 92.60831451416016,
            "forcediffimfluxunc": 50.265968322753906,
            "magzpsci": 26.38789939880371
        },
        {
            "objectid": "ZTF24ablflcx",
            "jd": 2460568.6951736,
            "ranr": 254.8755763,
            "decnr": 45.5217556,
            "fid": 2,
            "forcediffimflux": 1.389986515045166,
            "forcediffimfluxunc": 48.33219909667969,
            "magzpsci": 26.302499771118164
        },
        {
            "objectid": "ZTF24ablflcx",
            "jd": 2460571.6387384,
            "ranr": 254.8773935,
            "decnr": 45.5228878,
            "fid": 1,
            "forcediffimflux": 8.898916244506836,
            "forcediffimfluxunc": 68.39994812011719,
            "magzpsci": 26.38680076599121
        },
        {
            "objectid": "ZTF24ablflcx",
            "jd": 2460571.6832176,
            "ranr": 254.8755763,
            "decnr": 45.5217556,
            "fid": 2,
            "forcediffimflux": -53.872520446777344,
            "forcediffimfluxunc": 69.31726837158203,
            "magzpsci": 26.313899993896484
        },
        {
            "objectid": "ZTF24ablflcx",
            "jd": 2460575.6369676,
            "ranr": 254.8773935,
            "decnr": 45.5228878,
            "fid": 1,
            "forcediffimflux": 7.90521240234375,
            "forcediffimfluxunc": 26.79956817626953,
            "magzpsci": 26.372900009155273
        },
        {
            "objectid": "ZTF24ablflcx",
            "jd": 2460575.6820023,
            "ranr": 254.8755763,
            "decnr": 45.5217556,
            "fid": 2,
            "forcediffimflux": -3.488386631011963,
            "forcediffimfluxunc": 33.37877655029297,
            "magzpsci": 26.257400512695312
        },
        {
            "objectid": "ZTF24ablflcx",
            "jd": 2460575.7178588,
            "ranr": 254.8766812,
            "decnr": 45.5225925,
            "fid": 3,
            "forcediffimflux": 44.06454086303711,
            "forcediffimfluxunc": 26.92645835876465,
            "magzpsci": 25.58609962463379
        },
        {
            "objectid": "ZTF24ablflcx",
            "jd": 2460576.6347338,
            "ranr": 254.8773935,
            "decnr": 45.5228878,
            "fid": 1,
            "forcediffimflux": -25.029375076293945,
            "forcediffimfluxunc": 27.49588394165039,
            "magzpsci": 26.321199417114258
        },
        {
            "objectid": "ZTF24ablflcx",
            "jd": 2460576.6602199,
            "ranr": 254.8766812,
            "decnr": 45.5225925,
            "fid": 3,
            "forcediffimflux": 19.694623947143555,
            "forcediffimfluxunc": 21.338623046875,
            "magzpsci": 25.58060073852539
        },
        {
            "objectid": "ZTF24ablflcx",
            "jd": 2460576.6835301,
            "ranr": 254.8755763,
            "decnr": 45.5217556,
            "fid": 2,
            "forcediffimflux": -10.235865592956543,
            "forcediffimfluxunc": 29.861425399780273,
            "magzpsci": 26.259199142456055
        },
        {
            "objectid": "ZTF24ablflcx",
            "jd": 2460595.6164931,
            "ranr": 254.8773935,
            "decnr": 45.5228878,
            "fid": 1,
            "forcediffimflux": 4324.1044921875,
            "forcediffimfluxunc": 68.68872833251953,
            "magzpsci": 26.221500396728516
        },
        {
            "objectid": "ZTF24ablflcx",
            "jd": 2460595.6574769,
            "ranr": 254.8755763,
            "decnr": 45.5217556,
            "fid": 2,
            "forcediffimflux": 4177.9931640625,
            "forcediffimfluxunc": 71.5202407836914,
            "magzpsci": 26.17140007019043
        },
        {
            "objectid": "ZTF24ablflcx",
            "jd": 2460597.612419,
            "ranr": 254.8755763,
            "decnr": 45.5217556,
            "fid": 2,
            "forcediffimflux": 5797.78857421875,
            "forcediffimfluxunc": 56.30546569824219,
            "magzpsci": 26.318599700927734
        },
        {
            "objectid": "ZTF24ablflcx",
            "jd": 2460597.6599537,
            "ranr": 254.8773935,
            "decnr": 45.5228878,
            "fid": 1,
            "forcediffimflux": 6249.328125,
            "forcediffimfluxunc": 73.66162109375,
            "magzpsci": 26.343000411987305
        },
        {
            "objectid": "ZTF24ablflcx",
            "jd": 2460599.6375116,
            "ranr": 254.8755763,
            "decnr": 45.5217556,
            "fid": 2,
            "forcediffimflux": 5851.71826171875,
            "forcediffimfluxunc": 63.14866256713867,
            "magzpsci": 26.27560043334961
        },
        {
            "objectid": "ZTF24ablflcx",
            "jd": 2460607.6177199,
            "ranr": 254.8773935,
            "decnr": 45.5228878,
            "fid": 1,
            "forcediffimflux": 4917.65185546875,
            "forcediffimfluxunc": 47.43403625488281,
            "magzpsci": 26.316999435424805
        },
        {
            "objectid": "ZTF24ablflcx",
            "jd": 2460607.6607407,
            "ranr": 254.8755763,
            "decnr": 45.5217556,
            "fid": 2,
            "forcediffimflux": 4713.74951171875,
            "forcediffimfluxunc": 57.865047454833984,
            "magzpsci": 26.246000289916992
        },
        {
            "objectid": "ZTF24ablflcx",
            "jd": 2460609.6173495,
            "ranr": 254.8773935,
            "decnr": 45.5228878,
            "fid": 1,
            "forcediffimflux": 4227.7783203125,
            "forcediffimfluxunc": 51.37208557128906,
            "magzpsci": 26.302900314331055
        },
        {
            "objectid": "ZTF24ablflcx",
            "jd": 2460609.6382292,
            "ranr": 254.8755763,
            "decnr": 45.5217556,
            "fid": 2,
            "forcediffimflux": 4069.656005859375,
            "forcediffimfluxunc": 54.86052703857422,
            "magzpsci": 26.22879981994629
        },
        {
            "objectid": "ZTF24ablflcx",
            "jd": 2460619.6026505,
            "ranr": 254.8755763,
            "decnr": 45.5217556,
            "fid": 2,
            "forcediffimflux": 2195.845947265625,
            "forcediffimfluxunc": 67.4638900756836,
            "magzpsci": 26.2539005279541
        },
        {
            "objectid": "ZTF24ablflcx",
            "jd": 2460619.6148495,
            "ranr": 254.8773935,
            "decnr": 45.5228878,
            "fid": 1,
            "forcediffimflux": 1932.6094970703125,
            "forcediffimfluxunc": 54.97426223754883,
            "magzpsci": 26.242399215698242
        },
        {
            "objectid": "ZTF24ablflcx",
            "jd": 2460621.6031944,
            "ranr": 254.8755763,
            "decnr": 45.5217556,
            "fid": 2,
            "forcediffimflux": 2274.564453125,
            "forcediffimfluxunc": 96.63928985595703,
            "magzpsci": 26.260900497436523
        }
    ]
}