{
    "objectId": "ZTF23abgnfdv",
    "candidates": [
        {
            "candid": 2457460476315015001,
            "jd": 2460211.9604745,
            "ra": 58.6724854,
            "dec": 7.3312792,
            "fid": 2,
            "nid": 2457,
            "magpsf": 20.3164005279541,
            "sigmapsf": 0.19679099321365356,
            "magnr": 22.509000778198242,
            "sigmagnr": 0.3059999942779541,
            "magzpsci": 26.227399826049805,
            "isdiffpos": "t",
            "ssdistnr": null,
            "ssnamenr": null,
            "drb": 0.9998172521591187
        },
        {
            "candid": 2457483846315015000,
            "jd": 2460211.9838426,
            "ra": 58.6723553,
            "dec": 7.3313064,
            "fid": 1,
            "nid": 2457,
            "magpsf": 20.306299209594727,
            "sigmapsf": 0.2579500079154968,
            "magnr": 23.075000762939453,
            "sigmagnr": 0.35899999737739563,
            "magzpsci": 26.27429962158203,
            "isdiffpos": "t",
            "ssdistnr": null,
            "ssnamenr": null,
            "drb": null
        },
        {
            "candid": 2459363486315015002,
            "jd": 2460213.8634838,
            "ra": 58.6723895,
            "dec": 7.3312332,
            "fid": 1,
            "nid": 2459,
            "magpsf": 19.484100341796875,
            "sigmapsf": 0.19852100312709808,
            "magnr": 23.075000762939453,
            "sigmagnr": 0.35899999737739563,
            "magzpsci": 26.23509979248047,
            "isdiffpos": "t",
            "ssdistnr": null,
            "ssnamenr": null,
            "drb": null
        },
        {
            "candid": 2459481796315015003,
            "jd": 2460213.981794,
            "ra": 58.6723912,
            "dec": 7.3312898,
            "fid": 2,
            "nid": 2459,
            "magpsf": 19.3705997467041,
            "sigmapsf": 0.11497899889945984,
            "magnr": 22.509000778198242,
            "sigmagnr": 0.3059999942779541,
            "magzpsci": 26.210599899291992,
            "isdiffpos": "t",
            "ssdistnr": null,
            "ssnamenr": null,
            "drb": null
        },
        {
            "candid": 2461434916315015002,
            "jd": 2460215.934919,
            "ra": 58.6724201,
            "dec": 7.3312695,
            "fid": 2,
            "nid": 2461,
            "magpsf": 19.15410041809082,
            "sigmapsf": 0.11777699738740921,
            "magnr": 22.509000778198242,
            "sigmagnr": 0.3059999942779541,
            "magzpsci": 26.23509979248047,
            "isdiffpos": "t",
            "ssdistnr": null,
            "ssnamenr": null,
            "drb": null
        },
        {
            "candid": 2463420986315015001,
            "jd": 2460217.9209838,
            "ra": 58.6724166,
            "dec": 7.3312176,
            "fid": 2,
            "nid": 2463,
            "magpsf": 18.650999069213867,
            "sigmapsf": 0.11949300020933151,
            "magnr": 22.509000778198242,
            "sigmagnr": 0.3059999942779541,
            "magzpsci": 26.211000442504883,
            "isdiffpos": "t",
            "ssdistnr": null,
            "ssnamenr": null,
            "drb": null
        },
        {
            "candid": 2463451146315015000,
            "jd": 2460217.9511458,
            "ra": 58.6723961,
            "dec": 7.3312601,
            "fid": 1,
            "nid": 2463,
            "magpsf": 18.872800827026367,
            "sigmapsf": 0.2741219997406006,
            "magnr": 23.075000762939453,
            "sigmagnr": 0.35899999737739563,
            "magzpsci": 26.303800582885742,
            "isdiffpos": "t",
            "ssdistnr": null,
            "ssnamenr": null,
            "drb": null
        },
        {
            "candid": 2468411516315015000,
            "jd": 2460222.9115162,
            "ra": 58.6724404,
            "dec": 7.3312907,
            "fid": 2,
            "nid": 2468,
            "magpsf": 18.360700607299805,
            "sigmapsf": 0.09992499649524689,
            "magnr": 22.509000778198242,
            "sigmagnr": 0.3059999942779541,
            "magzpsci": 26.20669937133789,
            "isdiffpos": "t",
            "ssdistnr": null,
            "ssnamenr": null,
            "drb": null
        },
        {
            "candid": 2468452916315015001,
            "jd": 2460222.9529167,
            "ra": 58.6723917,
            "dec": 7.3312413,
            "fid": 1,
            "nid": 2468,
            "magpsf": 18.59670066833496,
            "sigmapsf": 0.09982799738645554,
            "magnr": 23.075000762939453,
            "sigmagnr": 0.35899999737739563,
            "magzpsci": 26.295700073242188,
            "isdiffpos": "t",
            "ssdistnr": null,
            "ssnamenr": null,
            "drb": null
        },
        {
            "candid": 2470392226315015003,
            "jd": 2460224.8922222,
            "ra": 58.6723888,
            "dec": 7.3312788,
            "fid": 2,
            "nid": 2470,
            "magpsf": 18.31599998474121,
            "sigmapsf": 0.06477899849414825,
            "magnr": 22.509000778198242,
            "sigmagnr": 0.3059999942779541,
            "magzpsci": 26.201000213623047,
            "isdiffpos": "t",
            "ssdistnr": null,
            "ssnamenr": null,
            "drb": null
        },
        {
            "candid": 2470420166315015001,
            "jd": 2460224.920162,
            "ra": 58.6724095,
            "dec": 7.3312707,
            "fid": 1,
            "nid": 2470,
            "magpsf": 18.630800247192383,
            "sigmapsf": 0.07406800240278244,
            "magnr": 23.075000762939453,
            "sigmagnr": 0.35899999737739563,
            "magzpsci": 26.288799285888672,
            "isdiffpos": "t",
            "ssdistnr": 24.0,
            "ssnamenr": "2021KT16",
            "drb": null
        },
        {
            "candid": 2476370546315015000,
            "jd": 2460230.870544,
            "ra": 58.6723904,
            "dec": 7.3312929,
            "fid": 2,
            "nid": 2476,
            "magpsf": 18.538400650024414,
            "sigmapsf": 0.07040099799633026,
            "magnr": 22.509000778198242,
            "sigmagnr": 0.3059999942779541,
            "magzpsci": 26.181400299072266,
            "isdiffpos": "t",
            "ssdistnr": null,
            "ssnamenr": null,
            "drb": null
        },
        {
            "candid": 2476439396315015003,
            "jd": 2460230.9393981,
            "ra": 58.6723839,
            "dec": 7.3312665,
            "fid": 1,
            "nid": 2476,
            "magpsf": 18.93600082397461,
            "sigmapsf": 0.11067000031471252,
            "magnr": 23.075000762939453,
            "sigmagnr": 0.35899999737739563,
            "magzpsci": 25.82200050354004,
            "isdiffpos": "t",
            "ssdistnr": null,
            "ssnamenr": null,
            "drb": null
        },
        {
            "candid": 2478420816315015002,
            "jd": 2460232.9208102,
            "ra": 58.672389,
            "dec": 7.3312637,
            "fid": 1,
            "nid": 2478,
            "magpsf": 19.16230010986328,
            "sigmapsf": 0.1088860034942627,
            "magnr": 23.075000762939453,
            "sigmagnr": 0.35899999737739563,
            "magzpsci": 26.2893009185791,
            "isdiffpos": "t",
            "ssdistnr": null,
            "ssnamenr": null,
            "drb": null
        },
        {
            "candid": 2480412496315015001,
            "jd": 2460234.9125,
            "ra": 58.6723455,
            "dec": 7.3312667,
            "fid": 2,
            "nid": 2480,
            "magpsf": 18.78730010986328,
            "sigmapsf": 0.08974400162696838,
            "magnr": 22.509000778198242,
            "sigmagnr": 0.3059999942779541,
            "magzpsci": 26.178300857543945,
            "isdiffpos": "t",
            "ssdistnr": null,
            "ssnamenr": null,
            "drb": null
        },
        {
            "candid": 2480444406315015001,
            "jd": 2460234.9444097,
            "ra": 58.6723916,
            "dec": 7.3312773,
            "fid": 1,
            "nid": 2480,
            "magpsf": 19.371999740600586,
            "sigmapsf": 0.11456900089979172,
            "magnr": 23.075000762939453,
            "sigmagnr": 0.35899999737739563,
            "magzpsci": 26.12700080871582,
            "isdiffpos": "t",
            "ssdistnr": null,
            "ssnamenr": null,
            "drb": null
        },
        {
            "candid": 2482357106315015002,
            "jd": 2460236.8571065,
            "ra": 58.6723736,
            "dec": 7.3312965,
            "fid": 2,
            "nid": 2482,
            "magpsf": 18.898399353027344,
            "sigmapsf": 0.07158699631690979,
            "magnr": 22.509000778198242,
            "sigmagnr": 0.3059999942779541,
            "magzpsci": 26.20039939880371,
            "isdiffpos": "t",
            "ssdistnr": null,
            "ssnamenr": null,
            "drb": null
        },
        {
            "candid": 2482398056315015004,
            "jd": 2460236.8980556,
            "ra": 58.6723997,
            "dec": 7.3313007,
            "fid": 1,
            "nid": 2482,
            "magpsf": 19.69070053100586,
            "sigmapsf": 0.1257379949092865,
            "magnr": 23.075000762939453,
            "sigmagnr": 0.35899999737739563,
            "magzpsci": 26.293699264526367,
            "isdiffpos": "t",
            "ssdistnr": null,
            "ssnamenr": null,
            "drb": null
        },
        {
            "candid": 2484383586315015002,
            "jd": 2460238.883588,
            "ra": 58.6723844,
            "dec": 7.3312872,
            "fid": 2,
            "nid": 2484,
            "magpsf": 19.097999572753906,
            "sigmapsf": 0.07660199701786041,
            "magnr": 22.509000778198242,
            "sigmagnr": 0.3059999942779541,
            "magzpsci": 26.22100067138672,
            "isdiffpos": "t",
            "ssdistnr": null,
            "ssnamenr": null,
            "drb": null
        },
        {
            "candid": 2484436136315015001,
            "jd": 2460238.9361343,
            "ra": 58.6724206,
            "dec": 7.3312652,
            "fid": 1,
            "nid": 2484,
            "magpsf": 19.87350082397461,
            "sigmapsf": 0.14432799816131592,
            "magnr": 23.075000762939453,
            "sigmagnr": 0.35899999737739563,
            "magzpsci": 26.276500701904297,
            "isdiffpos": "t",
            "ssdistnr": null,
            "ssnamenr": null,
            "drb": null
        },
        {
            "candid": 2487415866315015002,
            "jd": 2460241.9158681,
            "ra": 58.6723981,
            "dec": 7.331258,
            "fid": 2,
            "nid": 2487,
            "magpsf": 19.032699584960938,
            "sigmapsf": 0.09288100153207779,
            "magnr": 22.509000778198242,
            "sigmagnr": 0.3059999942779541,
            "magzpsci": 26.191699981689453,
            "isdiffpos": "t",
            "ssdistnr": null,
            "ssnamenr": null,
            "drb": null
        },
        {
            "candid": 2490377176315015001,
            "jd": 2460244.8771759,
            "ra": 58.6724354,
            "dec": 7.3313201,
            "fid": 1,
            "nid": 2490,
            "magpsf": 19.788299560546875,
            "sigmapsf": 0.2721270024776459,
            "magnr": 23.075000762939453,
            "sigmagnr": 0.35899999737739563,
            "magzpsci": 26.295299530029297,
            "isdiffpos": "t",
            "ssdistnr": null,
            "ssnamenr": null,
            "drb": null
        },
        {
            "candid": 2495444956315015002,
            "jd": 2460249.9449537,
            "ra": 58.672262,
            "dec": 7.3311579,
            "fid": 2,
            "nid": 2495,
            "magpsf": 19.325199127197266,
            "sigmapsf": 0.2655239999294281,
            "magnr": 22.509000778198242,
            "sigmagnr": 0.3059999942779541,
            "magzpsci": 26.201200485229492,
            "isdiffpos": "t",
            "ssdistnr": null,
            "ssnamenr": null,
            "drb": null
        },
        {
            "candid": 2497414546315015000,
            "jd": 2460251.9145486,
            "ra": 58.6724061,
            "dec": 7.3312968,
            "fid": 2,
            "nid": 2497,
            "magpsf": 19.605199813842773,
            "sigmapsf": 0.18297399580478668,
            "magnr": 22.509000778198242,
            "sigmagnr": 0.3059999942779541,
            "magzpsci": 26.212200164794922,
            "isdiffpos": "t",
            "ssdistnr": null,
            "ssnamenr": null,
            "drb": null
        },
        {
            "candid": 2499303846315015001,
            "jd": 2460253.8038426,
            "ra": 58.6723703,
            "dec": 7.3312918,
            "fid": 2,
            "nid": 2499,
            "magpsf": 19.675100326538086,
            "sigmapsf": 0.14870299398899078,
            "magnr": 22.509000778198242,
            "sigmagnr": 0.3059999942779541,
            "magzpsci": 26.20009994506836,
            "isdiffpos": "t",
            "ssdistnr": null,
            "ssnamenr": null,
            "drb": null
        },
        {
            "candid": 2505364846315015000,
            "jd": 2460259.8648495,
            "ra": 58.6724432,
            "dec": 7.3312918,
            "fid": 2,
            "nid": 2505,
            "magpsf": 20.057199478149414,
            "sigmapsf": 0.2134000062942505,
            "magnr": 22.509000778198242,
            "sigmagnr": 0.3059999942779541,
            "magzpsci": 26.211200714111328,
            "isdiffpos": "t",
            "ssdistnr": null,
            "ssnamenr": null,
            "drb": null
        },
        {
            "candid": 2507282366315015002,
            "jd": 2460261.7823611,
            "ra": 58.672311,
            "dec": 7.3312296,
            "fid": 2,
            "nid": 2507,
            "magpsf": 20.220300674438477,
            "sigmapsf": 0.2171339988708496,
            "magnr": 22.509000778198242,
            "sigmagnr": 0.3059999942779541,
            "magzpsci": 26.19230079650879,
            "isdiffpos": "t",
            "ssdistnr": null,
            "ssnamenr": null,
            "drb": null
        },
        {
            "candid": 2508324346315015001,
            "jd": 2460262.8243403,
            "ra": 58.6722757,
            "dec": 7.3312675,
            "fid": 2,
            "nid": 2508,
            "magpsf": 20.19151496887207,
            "sigmapsf": 0.19800473749637604,
            "magnr": 22.509000778198242,
            "sigmagnr": 0.3059999942779541,
            "magzpsci": 26.199514389038086,
            "isdiffpos": "t",
            "ssdistnr": -999.0,
            "ssnamenr": "null",
            "drb": null
        },
        {
            "jd": 2460181.9840741,
            "fid": 2,
            "diffmaglim": 20.23940086364746
        },
        {
            "jd": 2460183.9485069,
            "fid": 1,
            "diffmaglim": 20.487300872802734
        },
        {
            "jd": 2460183.9703241,
            "fid": 2,
            "diffmaglim": 20.393400192260742
        },
        {
            "jd": 2460185.9446296,
            "fid": 1,
            "diffmaglim": 19.903799057006836
        },
        {
            "jd": 2460187.9541551,
            "fid": 2,
            "diffmaglim": 19.5531005859375
        },
        {
            "jd": 2460187.9827431,
            "fid": 1,
            "diffmaglim": 19.388399124145508
        },
        {
            "jd": 2460193.9639468,
            "fid": 2,
            "diffmaglim": 20.035600662231445
        },
        {
            "jd": 2460193.984456,
            "fid": 1,
            "diffmaglim": 20.16390037536621
        },
        {
            "jd": 2460196.9566088,
            "fid": 2,
            "diffmaglim": 20.4237003326416
        },
        {
            "jd": 2460201.9422222,
            "fid": 2,
            "diffmaglim": 20.502700805664062
        },
        {
            "jd": 2460201.9836574,
            "fid": 1,
            "diffmaglim": 20.839500427246094
        },
        {
            "jd": 2460203.9002778,
            "fid": 1,
            "diffmaglim": 20.840200424194336
        },
        {
            "jd": 2460203.9860532,
            "fid": 2,
            "diffmaglim": 20.74370002746582
        },
        {
            "jd": 2460205.9359144,
            "fid": 2,
            "diffmaglim": 20.72719955444336
        },
        {
            "jd": 2460205.9473495,
            "fid": 1,
            "diffmaglim": 20.961200714111328
        },
        {
            "jd": 2460207.9398611,
            "fid": 1,
            "diffmaglim": 20.96489906311035
        },
        {
            "jd": 2460215.9779051,
            "fid": 1,
            "diffmaglim": 19.762399673461914
        },
        {
            "jd": 2460246.8358333,
            "fid": 2,
            "diffmaglim": 18.918399810791016
        },
        {
            "jd": 2460246.871331,
            "fid": 1,
            "diffmaglim": 18.863300323486328
        },
        {
            "jd": 2460249.8350579,
            "fid": 1,
            "diffmaglim": 18.388700485229492
        },
        {
            "jd": 2460251.8379282,
            "fid": 1,
            "diffmaglim": 20.08799934387207
        },
        {
            "jd": 2460253.7401852,
            "fid": 1,
            "diffmaglim": 20.42259979248047
        },
        {
            "jd": 2460257.7866435,
            "fid": 2,
            "diffmaglim": 19.25309944152832
        },
        {
            "jd": 2460257.8707292,
            "fid": 1,
            "diffmaglim": 20.30660057067871
        },
        {
            "jd": 2460259.9152894,
            "fid": 1,
            "diffmaglim": 20.176000595092773
        },
        {
            "jd": 2460261.9153819,
            "fid": 1,
            "diffmaglim": 20.326099395751953
        }
    ],
    "forcedphot": [
        {
            "objectid": "ZTF23abgnfdv",
            "jd": 2460207.9398611,
            "ranr": -99999.0,
            "decnr": -99999.0,
            "fid": 1,
            "forcediffimflux": 47.03439712524414,
            "forcediffimfluxunc": 19.93641471862793,
            "magzpsci": 26.295700073242188
        },
        {
            "objectid": "ZTF23abgnfdv",
            "jd": 2460211.9604745,
            "ranr": -99999.0,
            "decnr": -99999.0,
            "fid": 2,
            "forcediffimflux": 229.7930145263672,
            "forcediffimfluxunc": 24.00604820251465,
            "magzpsci": 26.227399826049805
        },
        {
            "objectid": "ZTF23abgnfdv",
            "jd": 2460211.9838426,
            "ranr": -99999.0,
            "decnr": -99999.0,
            "fid": 1,
            "forcediffimflux": 249.12344360351562,
            "forcediffimfluxunc": 24.56212615966797,
            "magzpsci": 26.27429962158203
        },
        {
            "objectid": "ZTF23abgnfdv",
            "jd": 2460213.8634838,
            "ranr": -99999.0,
            "decnr": -99999.0,
            "fid": 1,
            "forcediffimflux": 488.9113464355469,
            "forcediffimfluxunc": 60.60503387451172,
            "magzpsci": 26.23509979248047
        },
        {
            "objectid": "ZTF23abgnfdv",
            "jd": 2460213.981794,
            "ranr": -99999.0,
            "decnr": -99999.0,
            "fid": 2,
            "forcediffimflux": 546.57421875,
            "forcediffimfluxunc": 31.00969886779785,
            "magzpsci": 26.210599899291992
        },
        {
            "objectid": "ZTF23abgnfdv",
            "jd": 2460215.934919,
            "ranr": -99999.0,
            "decnr": -99999.0,
            "fid": 2,
            "forcediffimflux": 697.1495361328125,
            "forcediffimfluxunc": 48.639678955078125,
            "magzpsci": 26.23509979248047
        },
        {
            "objectid": "ZTF23abgnfdv",
            "jd": 2460215.9779051,
            "ranr": -99999.0,
            "decnr": -99999.0,
            "fid": 1,
            "forcediffimflux": 636.030517578125,
            "forcediffimfluxunc": 58.449974060058594,
            "magzpsci": 26.28619956970215
        },
        {
            "objectid": "ZTF23abgnfdv",
            "jd": 2460217.9209838,
            "ranr": -99999.0,
            "decnr": -99999.0,
            "fid": 2,
            "forcediffimflux": 1069.579345703125,
            "forcediffimfluxunc": 85.7082290649414,
            "magzpsci": 26.211000442504883
        },
        {
            "objectid": "ZTF23abgnfdv",
            "jd": 2460217.9511458,
            "ranr": -99999.0,
            "decnr": -99999.0,
            "fid": 1,
            "forcediffimflux": 800.5965576171875,
            "forcediffimfluxunc": 148.95443725585938,
            "magzpsci": 26.303800582885742
        },
        {
            "objectid": "ZTF23abgnfdv",
            "jd": 2460222.9115162,
            "ranr": -99999.0,
            "decnr": -99999.0,
            "fid": 2,
            "forcediffimflux": 1313.892333984375,
            "forcediffimfluxunc": 59.14220428466797,
            "magzpsci": 26.20669937133789
        },
        {
            "objectid": "ZTF23abgnfdv",
            "jd": 2460222.9529167,
            "ranr": -99999.0,
            "decnr": -99999.0,
            "fid": 1,
            "forcediffimflux": 1123.07373046875,
            "forcediffimfluxunc": 59.887149810791016,
            "magzpsci": 26.295700073242188
        },
        {
            "objectid": "ZTF23abgnfdv",
            "jd": 2460224.8922222,
            "ranr": -99999.0,
            "decnr": -99999.0,
            "fid": 2,
            "forcediffimflux": 1422.979736328125,
            "forcediffimfluxunc": 38.265689849853516,
            "magzpsci": 26.201000213623047
        },
        {
            "objectid": "ZTF23abgnfdv",
            "jd": 2460224.920162,
            "ranr": -99999.0,
            "decnr": -99999.0,
            "fid": 1,
            "forcediffimflux": 1146.4932861328125,
            "forcediffimfluxunc": 40.336181640625,
            "magzpsci": 26.288799285888672
        },
        {
            "objectid": "ZTF23abgnfdv",
            "jd": 2460230.870544,
            "ranr": -99999.0,
            "decnr": -99999.0,
            "fid": 2,
            "forcediffimflux": 1158.035400390625,
            "forcediffimfluxunc": 33.515193939208984,
            "magzpsci": 26.181400299072266
        },
        {
            "objectid": "ZTF23abgnfdv",
            "jd": 2460230.9393981,
            "ranr": -99999.0,
            "decnr": -99999.0,
            "fid": 1,
            "forcediffimflux": 567.8621826171875,
            "forcediffimfluxunc": 31.900632858276367,
            "magzpsci": 25.82200050354004
        },
        {
            "objectid": "ZTF23abgnfdv",
            "jd": 2460232.9208102,
            "ranr": -99999.0,
            "decnr": -99999.0,
            "fid": 1,
            "forcediffimflux": 671.35888671875,
            "forcediffimfluxunc": 34.45376205444336,
            "magzpsci": 26.2893009185791
        },
        {
            "objectid": "ZTF23abgnfdv",
            "jd": 2460234.9125,
            "ranr": -99999.0,
            "decnr": -99999.0,
            "fid": 2,
            "forcediffimflux": 882.9597778320312,
            "forcediffimfluxunc": 32.477230072021484,
            "magzpsci": 26.178300857543945
        },
        {
            "objectid": "ZTF23abgnfdv",
            "jd": 2460234.9444097,
            "ranr": -99999.0,
            "decnr": -99999.0,
            "fid": 1,
            "forcediffimflux": 497.11614990234375,
            "forcediffimfluxunc": 27.01765251159668,
            "magzpsci": 26.12700080871582
        },
        {
            "objectid": "ZTF23abgnfdv",
            "jd": 2460236.8571065,
            "ranr": -99999.0,
            "decnr": -99999.0,
            "fid": 2,
            "forcediffimflux": 821.8602905273438,
            "forcediffimfluxunc": 27.953895568847656,
            "magzpsci": 26.20039939880371
        },
        {
            "objectid": "ZTF23abgnfdv",
            "jd": 2460236.8980556,
            "ranr": -99999.0,
            "decnr": -99999.0,
            "fid": 1,
            "forcediffimflux": 421.5562744140625,
            "forcediffimfluxunc": 25.480913162231445,
            "magzpsci": 26.293699264526367
        },
        {
            "objectid": "ZTF23abgnfdv",
            "jd": 2460238.883588,
            "ranr": -99999.0,
            "decnr": -99999.0,
            "fid": 2,
            "forcediffimflux": 711.876708984375,
            "forcediffimfluxunc": 26.217708587646484,
            "magzpsci": 26.22100067138672
        },
        {
            "objectid": "ZTF23abgnfdv",
            "jd": 2460238.9361343,
            "ranr": -99999.0,
            "decnr": -99999.0,
            "fid": 1,
            "forcediffimflux": 346.46575927734375,
            "forcediffimfluxunc": 26.060951232910156,
            "magzpsci": 26.276500701904297
        },
        {
            "objectid": "ZTF23abgnfdv",
            "jd": 2460241.9158681,
            "ranr": -99999.0,
            "decnr": -99999.0,
            "fid": 2,
            "forcediffimflux": 663.9138793945312,
            "forcediffimfluxunc": 36.39113998413086,
            "magzpsci": 26.191699981689453
        },
        {
            "objectid": "ZTF23abgnfdv",
            "jd": 2460244.8771759,
            "ranr": -99999.0,
            "decnr": -99999.0,
            "fid": 1,
            "forcediffimflux": 339.0634765625,
            "forcediffimfluxunc": 77.39375305175781,
            "magzpsci": 26.295299530029297
        },
        {
            "objectid": "ZTF23abgnfdv",
            "jd": 2460246.8358333,
            "ranr": -99999.0,
            "decnr": -99999.0,
            "fid": 2,
            "forcediffimflux": 680.587158203125,
            "forcediffimfluxunc": 114.64088439941406,
            "magzpsci": 26.20840072631836
        },
        {
            "objectid": "ZTF23abgnfdv",
            "jd": 2460246.871331,
            "ranr": -99999.0,
            "decnr": -99999.0,
            "fid": 1,
            "forcediffimflux": 75.44733428955078,
            "forcediffimfluxunc": 109.02618408203125,
            "magzpsci": 26.289400100708008
        },
        {
            "objectid": "ZTF23abgnfdv",
            "jd": 2460249.8350579,
            "ranr": -99999.0,
            "decnr": -99999.0,
            "fid": 1,
            "forcediffimflux": 50.29680633544922,
            "forcediffimfluxunc": 125.72289276123047,
            "magzpsci": 25.756999969482422
        },
        {
            "objectid": "ZTF23abgnfdv",
            "jd": 2460249.9449537,
            "ranr": -99999.0,
            "decnr": -99999.0,
            "fid": 2,
            "forcediffimflux": 529.8343505859375,
            "forcediffimfluxunc": 78.6076889038086,
            "magzpsci": 26.201200485229492
        },
        {
            "objectid": "ZTF23abgnfdv",
            "jd": 2460251.8379282,
            "ranr": -99999.0,
            "decnr": -99999.0,
            "fid": 1,
            "forcediffimflux": 54.622413635253906,
            "forcediffimfluxunc": 43.32151794433594,
            "magzpsci": 26.291799545288086
        },
        {
            "objectid": "ZTF23abgnfdv",
            "jd": 2460251.9145486,
            "ranr": -99999.0,
            "decnr": -99999.0,
            "fid": 2,
            "forcediffimflux": 408.81805419921875,
            "forcediffimfluxunc": 38.160301208496094,
            "magzpsci": 26.212200164794922
        },
        {
            "objectid": "ZTF23abgnfdv",
            "jd": 2460253.7401852,
            "ranr": -99999.0,
            "decnr": -99999.0,
            "fid": 1,
            "forcediffimflux": 102.95758819580078,
            "forcediffimfluxunc": 29.635147094726562,
            "magzpsci": 26.209199905395508
        },
        {
            "objectid": "ZTF23abgnfdv",
            "jd": 2460253.8038426,
            "ranr": -99999.0,
            "decnr": -99999.0,
            "fid": 2,
            "forcediffimflux": 400.16180419921875,
            "forcediffimfluxunc": 29.916091918945312,
            "magzpsci": 26.20009994506836
        },
        {
            "objectid": "ZTF23abgnfdv",
            "jd": 2460257.7866435,
            "ranr": -99999.0,
            "decnr": -99999.0,
            "fid": 2,
            "forcediffimflux": 215.85595703125,
            "forcediffimfluxunc": 78.7324447631836,
            "magzpsci": 26.205699920654297
        },
        {
            "objectid": "ZTF23abgnfdv",
            "jd": 2460257.8707292,
            "ranr": -99999.0,
            "decnr": -99999.0,
            "fid": 1,
            "forcediffimflux": 96.67801666259766,
            "forcediffimfluxunc": 34.08378601074219,
            "magzpsci": 26.277599334716797
        },
        {
            "objectid": "ZTF23abgnfdv",
            "jd": 2460259.8648495,
            "ranr": -99999.0,
            "decnr": -99999.0,
            "fid": 2,
            "forcediffimflux": 261.43157958984375,
            "forcediffimfluxunc": 34.11957931518555,
            "magzpsci": 26.211200714111328
        },
        {
            "objectid": "ZTF23abgnfdv",
            "jd": 2460259.9152894,
            "ranr": -99999.0,
            "decnr": -99999.0,
            "fid": 1,
            "forcediffimflux": 113.40662384033203,
            "forcediffimfluxunc": 39.24781036376953,
            "magzpsci": 26.259700775146484
        },
        {
            "objectid": "ZTF23abgnfdv",
            "jd": 2460261.7823611,
            "ranr": -99999.0,
            "decnr": -99999.0,
            "fid": 2,
            "forcediffimflux": 242.8480682373047,
            "forcediffimfluxunc": 28.610095977783203,
            "magzpsci": 26.19230079650879
        },
        {
            "objectid": "ZTF23abgnfdv",
            "jd": 2460261.9153819,
            "ranr": -99999.0,
            "decnr": -99999.0,
            "fid": 1,
            "forcediffimflux": 60.030799865722656,
            "forcediffimfluxunc": 29.62746238708496,
            "magzpsci": 26.1481990814209
        }
    ]
}