{
    "objectId": "ZTF21aamuniy",
    "candidates": [
        {
            "candid": 1512360183615015004,
            "jd": 2459266.8601852,
            "ra": 186.2393307,
            "dec": 6.0977501,
            "fid": 2,
            "nid": 1512,
            "magpsf": 19.094900131225586,
            "sigmapsf": 0.2192389965057373,
            "magnr": 19.076000213623047,
            "sigmagnr": 0.02199999988079071,
            "magzpsci": 26.300899505615234,
            "isdiffpos": "t",
            "ssdistnr": null,
            "ssnamenr": null,
            "drb": null
        },
        {
            "candid": 1514351583615015005,
            "jd": 2459268.8515856,
            "ra": 186.2393352,
            "dec": 6.0978186,
            "fid": 2,
            "nid": 1514,
            "magpsf": 18.88450050354004,
            "sigmapsf": 0.11039800196886063,
            "magnr": 19.076000213623047,
            "sigmagnr": 0.02199999988079071,
            "magzpsci": 26.311500549316406,
            "isdiffpos": "t",
            "ssdistnr": null,
            "ssnamenr": null,
            "drb": null
        },
        {
            "candid": 1514436043615015011,
            "jd": 2459268.9360417,
            "ra": 186.2393205,
            "dec": 6.0978315,
            "fid": 1,
            "nid": 1514,
            "magpsf": 18.605300903320312,
            "sigmapsf": 0.06655800342559814,
            "magnr": 23.128999710083008,
            "sigmagnr": 0.3019999861717224,
            "magzpsci": 26.325300216674805,
            "isdiffpos": "t",
            "ssdistnr": null,
            "ssnamenr": null,
            "drb": null
        },
        {
            "candid": 1516354843615015004,
            "jd": 2459270.8548495,
            "ra": 186.2393252,
            "dec": 6.0977724,
            "fid": 2,
            "nid": 1516,
            "magpsf": 18.67889976501465,
            "sigmapsf": 0.12746399641036987,
            "magnr": 19.076000213623047,
            "sigmagnr": 0.02199999988079071,
            "magzpsci": 26.295900344848633,
            "isdiffpos": "t",
            "ssdistnr": null,
            "ssnamenr": null,
            "drb": null
        },
        {
            "candid": 1516400383615015003,
            "jd": 2459270.9003819,
            "ra": 186.239318,
            "dec": 6.0978319,
            "fid": 1,
            "nid": 1516,
            "magpsf": 18.57990074157715,
            "sigmapsf": 0.10672499984502792,
            "magnr": 23.128999710083008,
            "sigmagnr": 0.3019999861717224,
            "magzpsci": 26.31290054321289,
            "isdiffpos": "t",
            "ssdistnr": null,
            "ssnamenr": null,
            "drb": null
        },
        {
            "candid": 1518406673615015003,
            "jd": 2459272.9066782,
            "ra": 186.2392469,
            "dec": 6.0978298,
            "fid": 1,
            "nid": 1518,
            "magpsf": 18.543899536132812,
            "sigmapsf": 0.15139000117778778,
            "magnr": 23.128999710083008,
            "sigmagnr": 0.3019999861717224,
            "magzpsci": 26.30389976501465,
            "isdiffpos": "t",
            "ssdistnr": null,
            "ssnamenr": null,
            "drb": null
        },
        {
            "candid": 1518441893615015002,
            "jd": 2459272.9418981,
            "ra": 186.239304,
            "dec": 6.0977799,
            "fid": 2,
            "nid": 1518,
            "magpsf": 18.504199981689453,
            "sigmapsf": 0.12081900238990784,
            "magnr": 19.076000213623047,
            "sigmagnr": 0.02199999988079071,
            "magzpsci": 26.314199447631836,
            "isdiffpos": "t",
            "ssdistnr": null,
            "ssnamenr": null,
            "drb": null
        },
        {
            "candid": 1521383273615015017,
            "jd": 2459275.8832755,
            "ra": 186.2393083,
            "dec": 6.0978258,
            "fid": 2,
            "nid": 1521,
            "magpsf": 18.577899932861328,
            "sigmapsf": 0.10689400136470795,
            "magnr": 19.076000213623047,
            "sigmagnr": 0.02199999988079071,
            "magzpsci": 26.30590057373047,
            "isdiffpos": "t",
            "ssdistnr": null,
            "ssnamenr": null,
            "drb": null
        },
        {
            "candid": 1521443363615015006,
            "jd": 2459275.9433681,
            "ra": 186.2393254,
            "dec": 6.0978352,
            "fid": 1,
            "nid": 1521,
            "magpsf": 18.416460037231445,
            "sigmapsf": 0.10538999736309052,
            "magnr": 23.128999710083008,
            "sigmagnr": 0.3019999861717224,
            "magzpsci": 26.31045913696289,
            "isdiffpos": "t",
            "ssdistnr": -999.0,
            "ssnamenr": "null",
            "drb": null
        }
    ],
    "forcedphot": []
}