{
    "objectId": "ZTF22aallgci",
    "candidates": [
        {
            "candid": 1969435322015015008,
            "jd": 2459723.9353241,
            "ra": 331.4116027,
            "dec": -10.6792807,
            "fid": 1,
            "nid": 1969,
            "magpsf": 20.017799377441406,
            "sigmapsf": 0.29072698950767517,
            "magnr": 19.886999130249023,
            "sigmagnr": 0.09799999743700027,
            "magzpsci": 26.024799346923828,
            "isdiffpos": "t",
            "ssdistnr": null,
            "ssnamenr": null,
            "drb": null
        },
        {
            "candid": 1971461822015015029,
            "jd": 2459725.9618287,
            "ra": 331.4116965,
            "dec": -10.6792529,
            "fid": 1,
            "nid": 1971,
            "magpsf": 19.39109992980957,
            "sigmapsf": 0.11042500287294388,
            "magnr": 19.886999130249023,
            "sigmagnr": 0.09799999743700027,
            "magzpsci": 26.14109992980957,
            "isdiffpos": "t",
            "ssdistnr": null,
            "ssnamenr": null,
            "drb": null
        },
        {
            "candid": 1977399452015015007,
            "jd": 2459731.899456,
            "ra": 331.4116743,
            "dec": -10.6793195,
            "fid": 1,
            "nid": 1977,
            "magpsf": 18.377399444580078,
            "sigmapsf": 0.10626000165939331,
            "magnr": 19.886999130249023,
            "sigmagnr": 0.09799999743700027,
            "magzpsci": 25.99340057373047,
            "isdiffpos": "t",
            "ssdistnr": null,
            "ssnamenr": null,
            "drb": null
        },
        {
            "candid": 1977440192015015022,
            "jd": 2459731.9401968,
            "ra": 331.4117358,
            "dec": -10.6792792,
            "fid": 2,
            "nid": 1977,
            "magpsf": 18.608800888061523,
            "sigmapsf": 0.0816430002450943,
            "magnr": 18.69700050354004,
            "sigmagnr": 0.08799999952316284,
            "magzpsci": 26.223800659179688,
            "isdiffpos": "t",
            "ssdistnr": null,
            "ssnamenr": null,
            "drb": null
        },
        {
            "candid": 1979424722015015016,
            "jd": 2459733.9247222,
            "ra": 331.411735,
            "dec": -10.6792472,
            "fid": 2,
            "nid": 1979,
            "magpsf": 18.52739906311035,
            "sigmapsf": 0.06002600118517876,
            "magnr": 18.69700050354004,
            "sigmagnr": 0.08799999952316284,
            "magzpsci": 26.20439910888672,
            "isdiffpos": "t",
            "ssdistnr": null,
            "ssnamenr": null,
            "drb": null
        },
        {
            "candid": 1979457002015015022,
            "jd": 2459733.9570023,
            "ra": 331.4117041,
            "dec": -10.6792506,
            "fid": 1,
            "nid": 1979,
            "magpsf": 18.363800048828125,
            "sigmapsf": 0.06835000216960907,
            "magnr": 19.886999130249023,
            "sigmagnr": 0.09799999743700027,
            "magzpsci": 26.183799743652344,
            "isdiffpos": "t",
            "ssdistnr": null,
            "ssnamenr": null,
            "drb": null
        },
        {
            "candid": 1983436302015015022,
            "jd": 2459737.9363079,
            "ra": 331.4116756,
            "dec": -10.6792553,
            "fid": 1,
            "nid": 1983,
            "magpsf": 18.33139991760254,
            "sigmapsf": 0.06254900246858597,
            "magnr": 19.886999130249023,
            "sigmagnr": 0.09799999743700027,
            "magzpsci": 26.246400833129883,
            "isdiffpos": "t",
            "ssdistnr": null,
            "ssnamenr": null,
            "drb": null
        },
        {
            "candid": 1983457972015015024,
            "jd": 2459737.9579745,
            "ra": 331.411736,
            "dec": -10.6792626,
            "fid": 2,
            "nid": 1983,
            "magpsf": 18.390600204467773,
            "sigmapsf": 0.05549199879169464,
            "magnr": 18.69700050354004,
            "sigmagnr": 0.08799999952316284,
            "magzpsci": 26.292600631713867,
            "isdiffpos": "t",
            "ssdistnr": null,
            "ssnamenr": null,
            "drb": null
        },
        {
            "candid": 1986420042015015019,
            "jd": 2459740.9200463,
            "ra": 331.411731,
            "dec": -10.6792505,
            "fid": 1,
            "nid": 1986,
            "magpsf": 18.351900100708008,
            "sigmapsf": 0.07463499903678894,
            "magnr": 19.886999130249023,
            "sigmagnr": 0.09799999743700027,
            "magzpsci": 26.123899459838867,
            "isdiffpos": "t",
            "ssdistnr": null,
            "ssnamenr": null,
            "drb": null
        },
        {
            "candid": 1988399522015015012,
            "jd": 2459742.8995255,
            "ra": 331.4118071,
            "dec": -10.6793012,
            "fid": 2,
            "nid": 1988,
            "magpsf": 18.22800064086914,
            "sigmapsf": 0.07931999862194061,
            "magnr": 18.69700050354004,
            "sigmagnr": 0.08799999952316284,
            "magzpsci": 26.21299934387207,
            "isdiffpos": "t",
            "ssdistnr": null,
            "ssnamenr": null,
            "drb": null
        },
        {
            "candid": 1988441422015015012,
            "jd": 2459742.9414236,
            "ra": 331.4117552,
            "dec": -10.6792798,
            "fid": 1,
            "nid": 1988,
            "magpsf": 18.32819938659668,
            "sigmapsf": 0.09503199905157089,
            "magnr": 19.886999130249023,
            "sigmagnr": 0.09799999743700027,
            "magzpsci": 26.207199096679688,
            "isdiffpos": "t",
            "ssdistnr": null,
            "ssnamenr": null,
            "drb": null
        },
        {
            "candid": 1990398882015015008,
            "jd": 2459744.8988889,
            "ra": 331.4117344,
            "dec": -10.6793865,
            "fid": 2,
            "nid": 1990,
            "magpsf": 18.51689910888672,
            "sigmapsf": 0.13103799521923065,
            "magnr": 18.69700050354004,
            "sigmagnr": 0.08799999952316284,
            "magzpsci": 26.269899368286133,
            "isdiffpos": "t",
            "ssdistnr": null,
            "ssnamenr": null,
            "drb": null
        },
        {
            "candid": 1996374832015015009,
            "jd": 2459750.874838,
            "ra": 331.4117135,
            "dec": -10.6792905,
            "fid": 2,
            "nid": 1996,
            "magpsf": 18.709199905395508,
            "sigmapsf": 0.09413199871778488,
            "magnr": 18.69700050354004,
            "sigmagnr": 0.08799999952316284,
            "magzpsci": 26.235200881958008,
            "isdiffpos": "t",
            "ssdistnr": null,
            "ssnamenr": null,
            "drb": null
        },
        {
            "candid": 1996418432015015007,
            "jd": 2459750.9184375,
            "ra": 331.4117992,
            "dec": -10.6792981,
            "fid": 1,
            "nid": 1996,
            "magpsf": 18.863399505615234,
            "sigmapsf": 0.13802599906921387,
            "magnr": 19.886999130249023,
            "sigmagnr": 0.09799999743700027,
            "magzpsci": 26.225400924682617,
            "isdiffpos": "t",
            "ssdistnr": null,
            "ssnamenr": null,
            "drb": null
        },
        {
            "candid": 1998413222015015012,
            "jd": 2459752.9132292,
            "ra": 331.411764,
            "dec": -10.6792714,
            "fid": 2,
            "nid": 1998,
            "magpsf": 18.849599838256836,
            "sigmapsf": 0.08232899755239487,
            "magnr": 18.69700050354004,
            "sigmagnr": 0.08799999952316284,
            "magzpsci": 26.13559913635254,
            "isdiffpos": "t",
            "ssdistnr": null,
            "ssnamenr": null,
            "drb": null
        },
        {
            "candid": 1998433882015015013,
            "jd": 2459752.9338889,
            "ra": 331.4117078,
            "dec": -10.6792974,
            "fid": 1,
            "nid": 1998,
            "magpsf": 19.072200775146484,
            "sigmapsf": 0.15830999612808228,
            "magnr": 19.886999130249023,
            "sigmagnr": 0.09799999743700027,
            "magzpsci": 26.10420036315918,
            "isdiffpos": "t",
            "ssdistnr": null,
            "ssnamenr": null,
            "drb": null
        },
        {
            "candid": 2002389892015015025,
            "jd": 2459756.8898958,
            "ra": 331.4117321,
            "dec": -10.6792474,
            "fid": 2,
            "nid": 2002,
            "magpsf": 19.10409927368164,
            "sigmapsf": 0.09963200241327286,
            "magnr": 18.69700050354004,
            "sigmagnr": 0.08799999952316284,
            "magzpsci": 26.281099319458008,
            "isdiffpos": "t",
            "ssdistnr": null,
            "ssnamenr": null,
            "drb": null
        },
        {
            "candid": 2002458052015015022,
            "jd": 2459756.9580556,
            "ra": 331.4116802,
            "dec": -10.6792929,
            "fid": 1,
            "nid": 2002,
            "magpsf": 19.595199584960938,
            "sigmapsf": 0.11459100246429443,
            "magnr": 19.886999130249023,
            "sigmagnr": 0.09799999743700027,
            "magzpsci": 26.28619956970215,
            "isdiffpos": "t",
            "ssdistnr": null,
            "ssnamenr": null,
            "drb": null
        },
        {
            "candid": 2008420942015015030,
            "jd": 2459762.9209491,
            "ra": 331.4117264,
            "dec": -10.6792688,
            "fid": 3,
            "nid": 2008,
            "magpsf": 19.727500915527344,
            "sigmapsf": 0.22340600192546844,
            "magnr": 19.333999633789062,
            "sigmagnr": 0.12999999523162842,
            "magzpsci": 25.730499267578125,
            "isdiffpos": "t",
            "ssdistnr": null,
            "ssnamenr": null,
            "drb": null
        },
        {
            "candid": 2008440492015015021,
            "jd": 2459762.9404977,
            "ra": 331.4117097,
            "dec": -10.67927,
            "fid": 3,
            "nid": 2008,
            "magpsf": 19.610599517822266,
            "sigmapsf": 0.2054699957370758,
            "magnr": 19.333999633789062,
            "sigmagnr": 0.12999999523162842,
            "magzpsci": 25.717599868774414,
            "isdiffpos": "t",
            "ssdistnr": null,
            "ssnamenr": null,
            "drb": null
        },
        {
            "candid": 2009339662015015026,
            "jd": 2459763.8396644,
            "ra": 331.4117357,
            "dec": -10.6793171,
            "fid": 2,
            "nid": 2009,
            "magpsf": 19.203399658203125,
            "sigmapsf": 0.1255050003528595,
            "magnr": 18.69700050354004,
            "sigmagnr": 0.08799999952316284,
            "magzpsci": 26.247400283813477,
            "isdiffpos": "t",
            "ssdistnr": null,
            "ssnamenr": null,
            "drb": null
        },
        {
            "candid": 2009441062015015020,
            "jd": 2459763.9410648,
            "ra": 331.4115768,
            "dec": -10.6792656,
            "fid": 1,
            "nid": 2009,
            "magpsf": 20.167200088500977,
            "sigmapsf": 0.21397599577903748,
            "magnr": 19.886999130249023,
            "sigmagnr": 0.09799999743700027,
            "magzpsci": 26.267200469970703,
            "isdiffpos": "t",
            "ssdistnr": null,
            "ssnamenr": null,
            "drb": null
        },
        {
            "candid": 2014380852015015036,
            "jd": 2459768.8808565,
            "ra": 331.4116436,
            "dec": -10.6791975,
            "fid": 1,
            "nid": 2014,
            "magpsf": 20.77440071105957,
            "sigmapsf": 0.30128800868988037,
            "magnr": 19.886999130249023,
            "sigmagnr": 0.09799999743700027,
            "magzpsci": 26.242399215698242,
            "isdiffpos": "t",
            "ssdistnr": 3.0,
            "ssnamenr": "301161",
            "drb": null
        },
        {
            "candid": 2014434692015015016,
            "jd": 2459768.9346991,
            "ra": 331.4114124,
            "dec": -10.6793231,
            "fid": 1,
            "nid": 2014,
            "magpsf": 20.75860023498535,
            "sigmapsf": 0.30820900201797485,
            "magnr": 19.886999130249023,
            "sigmagnr": 0.09799999743700027,
            "magzpsci": 26.26759910583496,
            "isdiffpos": "t",
            "ssdistnr": 19.0,
            "ssnamenr": "301161",
            "drb": null
        },
        {
            "candid": 2016396622015015014,
            "jd": 2459770.8966204,
            "ra": 331.4115874,
            "dec": -10.6791886,
            "fid": 1,
            "nid": 2016,
            "magpsf": 20.71339988708496,
            "sigmapsf": 0.31646299362182617,
            "magnr": 19.886999130249023,
            "sigmagnr": 0.09799999743700027,
            "magzpsci": 26.265399932861328,
            "isdiffpos": "t",
            "ssdistnr": null,
            "ssnamenr": null,
            "drb": null
        },
        {
            "candid": 2018359652015015007,
            "jd": 2459772.8596528,
            "ra": 331.4117854,
            "dec": -10.6792267,
            "fid": 2,
            "nid": 2018,
            "magpsf": 19.516799926757812,
            "sigmapsf": 0.20315100252628326,
            "magnr": 18.69700050354004,
            "sigmagnr": 0.08799999952316284,
            "magzpsci": 26.269800186157227,
            "isdiffpos": "t",
            "ssdistnr": null,
            "ssnamenr": null,
            "drb": null
        },
        {
            "candid": 2018418192015015018,
            "jd": 2459772.9181944,
            "ra": 331.4117469,
            "dec": -10.6792384,
            "fid": 2,
            "nid": 2018,
            "magpsf": 19.614700317382812,
            "sigmapsf": 0.17734399437904358,
            "magnr": 18.69700050354004,
            "sigmagnr": 0.08799999952316284,
            "magzpsci": 26.275699615478516,
            "isdiffpos": "t",
            "ssdistnr": null,
            "ssnamenr": null,
            "drb": null
        },
        {
            "candid": 2020397832015015007,
            "jd": 2459774.8978356,
            "ra": 331.4117892,
            "dec": -10.6792467,
            "fid": 2,
            "nid": 2020,
            "magpsf": 19.664400100708008,
            "sigmapsf": 0.29531601071357727,
            "magnr": 18.69700050354004,
            "sigmagnr": 0.08799999952316284,
            "magzpsci": 26.273399353027344,
            "isdiffpos": "t",
            "ssdistnr": null,
            "ssnamenr": null,
            "drb": null
        },
        {
            "candid": 2024457432015015010,
            "jd": 2459778.9574306,
            "ra": 331.4117247,
            "dec": -10.6793154,
            "fid": 2,
            "nid": 2024,
            "magpsf": 19.580400466918945,
            "sigmapsf": 0.21360599994659424,
            "magnr": 18.69700050354004,
            "sigmagnr": 0.08799999952316284,
            "magzpsci": 26.23940086364746,
            "isdiffpos": "t",
            "ssdistnr": null,
            "ssnamenr": null,
            "drb": null
        },
        {
            "candid": 2035351782015015029,
            "jd": 2459789.8517824,
            "ra": 331.4117617,
            "dec": -10.6792636,
            "fid": 2,
            "nid": 2035,
            "magpsf": 20.071819305419922,
            "sigmapsf": 0.18194186687469482,
            "magnr": 18.69700050354004,
            "sigmagnr": 0.08799999952316284,
            "magzpsci": 26.16082000732422,
            "isdiffpos": "t",
            "ssdistnr": -999.0,
            "ssnamenr": "null",
            "drb": null
        },
        {
            "jd": 2459744.9399769,
            "fid": 1,
            "diffmaglim": 18.632099151611328
        },
        {
            "jd": 2459758.9025694,
            "fid": 2,
            "diffmaglim": 18.522199630737305
        },
        {
            "jd": 2459758.9377083,
            "fid": 2,
            "diffmaglim": 18.399200439453125
        },
        {
            "jd": 2459760.8581597,
            "fid": 2,
            "diffmaglim": 18.472400665283203
        },
        {
            "jd": 2459760.9177315,
            "fid": 2,
            "diffmaglim": 18.520299911499023
        },
        {
            "jd": 2459762.9209491,
            "fid": 3,
            "diffmaglim": 20.13629913330078
        },
        {
            "jd": 2459762.9404977,
            "fid": 3,
            "diffmaglim": 19.874300003051758
        },
        {
            "jd": 2459765.9193866,
            "fid": 1,
            "diffmaglim": 20.603500366210938
        },
        {
            "jd": 2459770.9208218,
            "fid": 1,
            "diffmaglim": 20.611499786376953
        },
        {
            "jd": 2459774.8233681,
            "fid": 2,
            "diffmaglim": 18.653099060058594
        },
        {
            "jd": 2459778.9108102,
            "fid": 2,
            "diffmaglim": 19.566600799560547
        },
        {
            "jd": 2459781.8880093,
            "fid": 1,
            "diffmaglim": 19.616199493408203
        },
        {
            "jd": 2459781.926713,
            "fid": 1,
            "diffmaglim": 18.623199462890625
        },
        {
            "jd": 2459783.8927083,
            "fid": 2,
            "diffmaglim": 20.336000442504883
        },
        {
            "jd": 2459785.8788773,
            "fid": 2,
            "diffmaglim": 20.46339988708496
        },
        {
            "jd": 2459785.9219329,
            "fid": 1,
            "diffmaglim": 20.634700775146484
        },
        {
            "jd": 2459787.8520486,
            "fid": 2,
            "diffmaglim": 20.403799057006836
        },
        {
            "jd": 2459787.8582292,
            "fid": 1,
            "diffmaglim": 20.67799949645996
        }
    ],
    "forcedphot": []
}