{
    "objectId": "ZTF23aascudu",
    "candidates": [
        {
            "candid": 2384433943115015021,
            "jd": 2460138.9339468,
            "ra": 356.0789551,
            "dec": 2.954273,
            "fid": 1,
            "nid": 2384,
            "magpsf": 20.254499435424805,
            "sigmapsf": 0.24603800475597382,
            "magnr": 19.12299919128418,
            "sigmagnr": 0.09799999743700027,
            "magzpsci": 26.098499298095703,
            "isdiffpos": "t",
            "ssdistnr": null,
            "ssnamenr": null,
            "drb": null
        },
        {
            "candid": 2386413633115015016,
            "jd": 2460140.9136343,
            "ra": 356.0789416,
            "dec": 2.9542256,
            "fid": 1,
            "nid": 2386,
            "magpsf": 19.823299407958984,
            "sigmapsf": 0.124719999730587,
            "magnr": 19.12299919128418,
            "sigmagnr": 0.09799999743700027,
            "magzpsci": 26.24329948425293,
            "isdiffpos": "t",
            "ssdistnr": null,
            "ssnamenr": null,
            "drb": null
        },
        {
            "candid": 2389418363115015018,
            "jd": 2460143.9183681,
            "ra": 356.0789725,
            "dec": 2.9542418,
            "fid": 1,
            "nid": 2389,
            "magpsf": 19.550899505615234,
            "sigmapsf": 0.10041700303554535,
            "magnr": 19.12299919128418,
            "sigmagnr": 0.09799999743700027,
            "magzpsci": 26.24690055847168,
            "isdiffpos": "t",
            "ssdistnr": null,
            "ssnamenr": null,
            "drb": null
        },
        {
            "candid": 2394436683115015022,
            "jd": 2460148.9366898,
            "ra": 356.0789364,
            "dec": 2.9542311,
            "fid": 1,
            "nid": 2394,
            "magpsf": 19.318899154663086,
            "sigmapsf": 0.11116000264883041,
            "magnr": 19.12299919128418,
            "sigmagnr": 0.09799999743700027,
            "magzpsci": 26.096900939941406,
            "isdiffpos": "t",
            "ssdistnr": null,
            "ssnamenr": null,
            "drb": null
        },
        {
            "candid": 2396434543115015023,
            "jd": 2460150.9345486,
            "ra": 356.0789339,
            "dec": 2.9542305,
            "fid": 1,
            "nid": 2396,
            "magpsf": 19.2903995513916,
            "sigmapsf": 0.09724800288677216,
            "magnr": 19.12299919128418,
            "sigmagnr": 0.09799999743700027,
            "magzpsci": 26.273399353027344,
            "isdiffpos": "t",
            "ssdistnr": null,
            "ssnamenr": null,
            "drb": null
        },
        {
            "candid": 2398449083115015021,
            "jd": 2460152.9490856,
            "ra": 356.0789159,
            "dec": 2.9542145,
            "fid": 1,
            "nid": 2398,
            "magpsf": 19.34939956665039,
            "sigmapsf": 0.1156729981303215,
            "magnr": 19.12299919128418,
            "sigmagnr": 0.09799999743700027,
            "magzpsci": 26.288400650024414,
            "isdiffpos": "t",
            "ssdistnr": null,
            "ssnamenr": null,
            "drb": null
        },
        {
            "candid": 2403431973115015014,
            "jd": 2460157.9319792,
            "ra": 356.078923,
            "dec": 2.9542285,
            "fid": 2,
            "nid": 2403,
            "magpsf": 19.582399368286133,
            "sigmapsf": 0.18892300128936768,
            "magnr": 18.42099952697754,
            "sigmagnr": 0.10100000351667404,
            "magzpsci": 26.212400436401367,
            "isdiffpos": "t",
            "ssdistnr": null,
            "ssnamenr": null,
            "drb": null
        },
        {
            "candid": 2409400263115015014,
            "jd": 2460163.9002662,
            "ra": 356.0789393,
            "dec": 2.954244,
            "fid": 2,
            "nid": 2409,
            "magpsf": 19.601999282836914,
            "sigmapsf": 0.1126990020275116,
            "magnr": 18.42099952697754,
            "sigmagnr": 0.10100000351667404,
            "magzpsci": 26.270000457763672,
            "isdiffpos": "t",
            "ssdistnr": null,
            "ssnamenr": null,
            "drb": null
        },
        {
            "candid": 2414382013115015021,
            "jd": 2460168.8820139,
            "ra": 356.0789502,
            "dec": 2.9542694,
            "fid": 1,
            "nid": 2414,
            "magpsf": 20.467199325561523,
            "sigmapsf": 0.20984800159931183,
            "magnr": 19.12299919128418,
            "sigmagnr": 0.09799999743700027,
            "magzpsci": 26.338199615478516,
            "isdiffpos": "t",
            "ssdistnr": null,
            "ssnamenr": null,
            "drb": null
        },
        {
            "candid": 2416363833115015038,
            "jd": 2460170.863831,
            "ra": 356.0789917,
            "dec": 2.9542006,
            "fid": 1,
            "nid": 2416,
            "magpsf": 20.340404510498047,
            "sigmapsf": 0.18809819221496582,
            "magnr": 19.12299919128418,
            "sigmagnr": 0.09799999743700027,
            "magzpsci": 26.276405334472656,
            "isdiffpos": "t",
            "ssdistnr": -999.0,
            "ssnamenr": "null",
            "drb": null
        },
        {
            "jd": 2460122.9216088,
            "fid": 1,
            "diffmaglim": 20.444000244140625
        },
        {
            "jd": 2460122.9592014,
            "fid": 2,
            "diffmaglim": 20.56290054321289
        },
        {
            "jd": 2460125.8852315,
            "fid": 1,
            "diffmaglim": 19.53820037841797
        },
        {
            "jd": 2460127.9140509,
            "fid": 2,
            "diffmaglim": 19.69029998779297
        },
        {
            "jd": 2460127.9575347,
            "fid": 1,
            "diffmaglim": 19.84079933166504
        },
        {
            "jd": 2460135.902963,
            "fid": 1,
            "diffmaglim": 20.06879997253418
        },
        {
            "jd": 2460135.9601389,
            "fid": 2,
            "diffmaglim": 20.184900283813477
        },
        {
            "jd": 2460143.9502431,
            "fid": 2,
            "diffmaglim": 20.590499877929688
        },
        {
            "jd": 2460146.8980208,
            "fid": 2,
            "diffmaglim": 20.514999389648438
        },
        {
            "jd": 2460146.9461806,
            "fid": 2,
            "diffmaglim": 20.637100219726562
        },
        {
            "jd": 2460148.8828356,
            "fid": 2,
            "diffmaglim": 20.541900634765625
        },
        {
            "jd": 2460150.9418634,
            "fid": 2,
            "diffmaglim": 20.592899322509766
        },
        {
            "jd": 2460168.955787,
            "fid": 2,
            "diffmaglim": 20.743799209594727
        }
    ],
    "forcedphot": []
}