{
    "objectId": "ZTF20aabcouv",
    "candidates": [
        {
            "candid": 1096183551715015004,
            "jd": 2458850.6835532,
            "ra": 56.3441752,
            "dec": 4.2703085,
            "fid": 1,
            "nid": 1096,
            "magpsf": 18.873899459838867,
            "sigmapsf": 0.0709410011768341,
            "magnr": 18.594999313354492,
            "sigmagnr": 0.07500000298023224,
            "magzpsci": 26.249900817871094,
            "isdiffpos": "t",
            "ssdistnr": -999.0,
            "ssnamenr": "null",
            "drb": 0.9999989867210388
        },
        {
            "candid": 1102122991715015027,
            "jd": 2458856.6229977,
            "ra": 56.3441766,
            "dec": 4.2703825,
            "fid": 1,
            "nid": 1102,
            "magpsf": 18.489200592041016,
            "sigmapsf": 0.09543000161647797,
            "magnr": 19.711999893188477,
            "sigmagnr": 0.10899999737739563,
            "magzpsci": 26.272199630737305,
            "isdiffpos": "t",
            "ssdistnr": -999.0,
            "ssnamenr": "null",
            "drb": 0.9999970197677612
        },
        {
            "candid": 1102167931715015001,
            "jd": 2458856.6679398,
            "ra": 56.3441672,
            "dec": 4.2703458,
            "fid": 2,
            "nid": 1102,
            "magpsf": 18.163799285888672,
            "sigmapsf": 0.06075499951839447,
            "magnr": 17.66900062561035,
            "sigmagnr": 0.0729999989271164,
            "magzpsci": 26.269800186157227,
            "isdiffpos": "t",
            "ssdistnr": -999.0,
            "ssnamenr": "null",
            "drb": 0.9999499917030334
        },
        {
            "candid": 1105109561715015000,
            "jd": 2458859.6095602,
            "ra": 56.3441949,
            "dec": 4.2703045,
            "fid": 1,
            "nid": 1105,
            "magpsf": 18.30970001220703,
            "sigmapsf": 0.0994110032916069,
            "magnr": 18.594999313354492,
            "sigmagnr": 0.07500000298023224,
            "magzpsci": 26.253700256347656,
            "isdiffpos": "t",
            "ssdistnr": -999.0,
            "ssnamenr": "null",
            "drb": 1.0
        },
        {
            "candid": 1105189721715015003,
            "jd": 2458859.6897222,
            "ra": 56.3441756,
            "dec": 4.2703426,
            "fid": 2,
            "nid": 1105,
            "magpsf": 18.176000595092773,
            "sigmapsf": 0.07307200133800507,
            "magnr": 17.66900062561035,
            "sigmagnr": 0.0729999989271164,
            "magzpsci": 26.27899932861328,
            "isdiffpos": "t",
            "ssdistnr": -999.0,
            "ssnamenr": "null",
            "drb": 1.0
        },
        {
            "candid": 1105227961715015002,
            "jd": 2458859.727963,
            "ra": 56.3441848,
            "dec": 4.2703199,
            "fid": 2,
            "nid": 1105,
            "magpsf": 18.094100952148438,
            "sigmapsf": 0.06202400103211403,
            "magnr": 17.66900062561035,
            "sigmagnr": 0.0729999989271164,
            "magzpsci": 26.257099151611328,
            "isdiffpos": "t",
            "ssdistnr": -999.0,
            "ssnamenr": "null",
            "drb": 0.9999989867210388
        },
        {
            "candid": 1106182851715015002,
            "jd": 2458860.6828588,
            "ra": 56.3441634,
            "dec": 4.2703208,
            "fid": 2,
            "nid": 1106,
            "magpsf": 18.058900833129883,
            "sigmapsf": 0.06662900000810623,
            "magnr": 17.66900062561035,
            "sigmagnr": 0.0729999989271164,
            "magzpsci": 26.239900588989258,
            "isdiffpos": "t",
            "ssdistnr": -999.0,
            "ssnamenr": "null",
            "drb": 0.9999989867210388
        },
        {
            "candid": 1107102431715015002,
            "jd": 2458861.6024306,
            "ra": 56.3441904,
            "dec": 4.2703174,
            "fid": 1,
            "nid": 1107,
            "magpsf": 18.298099517822266,
            "sigmapsf": 0.07421000301837921,
            "magnr": 18.594999313354492,
            "sigmagnr": 0.07500000298023224,
            "magzpsci": 26.225099563598633,
            "isdiffpos": "t",
            "ssdistnr": -999.0,
            "ssnamenr": "null",
            "drb": 1.0
        },
        {
            "candid": 1107173701715015001,
            "jd": 2458861.6737037,
            "ra": 56.3441846,
            "dec": 4.2703191,
            "fid": 2,
            "nid": 1107,
            "magpsf": 18.062400817871094,
            "sigmapsf": 0.06342200189828873,
            "magnr": 17.66900062561035,
            "sigmagnr": 0.0729999989271164,
            "magzpsci": 26.249399185180664,
            "isdiffpos": "t",
            "ssdistnr": -999.0,
            "ssnamenr": "null",
            "drb": 1.0
        },
        {
            "candid": 1108147901715015003,
            "jd": 2458862.6479051,
            "ra": 56.3441954,
            "dec": 4.2703293,
            "fid": 1,
            "nid": 1108,
            "magpsf": 18.341299057006836,
            "sigmapsf": 0.07929600030183792,
            "magnr": 18.594999313354492,
            "sigmagnr": 0.07500000298023224,
            "magzpsci": 26.237300872802734,
            "isdiffpos": "t",
            "ssdistnr": -999.0,
            "ssnamenr": "null",
            "drb": 1.0
        },
        {
            "candid": 1108197331715015002,
            "jd": 2458862.697338,
            "ra": 56.3441766,
            "dec": 4.2703252,
            "fid": 2,
            "nid": 1108,
            "magpsf": 18.11549949645996,
            "sigmapsf": 0.0643789991736412,
            "magnr": 17.66900062561035,
            "sigmagnr": 0.0729999989271164,
            "magzpsci": 26.239500045776367,
            "isdiffpos": "t",
            "ssdistnr": -999.0,
            "ssnamenr": "null",
            "drb": 0.999987006187439
        },
        {
            "candid": 1113147101715015000,
            "jd": 2458867.6471065,
            "ra": 56.3442113,
            "dec": 4.2702403,
            "fid": 1,
            "nid": 1113,
            "magpsf": 18.489700317382812,
            "sigmapsf": 0.21144400537014008,
            "magnr": 18.594999313354492,
            "sigmagnr": 0.07500000298023224,
            "magzpsci": 24.79170036315918,
            "isdiffpos": "t",
            "ssdistnr": -999.0,
            "ssnamenr": "-999.0",
            "drb": null
        },
        {
            "candid": 1113206741715015006,
            "jd": 2458867.7067477,
            "ra": 56.3441922,
            "dec": 4.2703295,
            "fid": 1,
            "nid": 1113,
            "magpsf": 18.598100662231445,
            "sigmapsf": 0.10441700369119644,
            "magnr": 18.594999313354492,
            "sigmagnr": 0.07500000298023224,
            "magzpsci": 26.230100631713867,
            "isdiffpos": "t",
            "ssdistnr": -999.0,
            "ssnamenr": "null",
            "drb": 0.9999899864196777
        },
        {
            "candid": 1117171681715015002,
            "jd": 2458871.6716898,
            "ra": 56.3442006,
            "dec": 4.2703301,
            "fid": 1,
            "nid": 1117,
            "magpsf": 18.88960075378418,
            "sigmapsf": 0.08460500091314316,
            "magnr": 18.594999313354492,
            "sigmagnr": 0.07500000298023224,
            "magzpsci": 26.26259994506836,
            "isdiffpos": "t",
            "ssdistnr": -999.0,
            "ssnamenr": "null",
            "drb": 0.9999989867210388
        },
        {
            "candid": 1119203431715015001,
            "jd": 2458873.7034375,
            "ra": 56.3441683,
            "dec": 4.2703322,
            "fid": 2,
            "nid": 1119,
            "magpsf": 18.735000610351562,
            "sigmapsf": 0.09837000072002411,
            "magnr": 17.66900062561035,
            "sigmagnr": 0.0729999989271164,
            "magzpsci": 26.249000549316406,
            "isdiffpos": "t",
            "ssdistnr": -999.0,
            "ssnamenr": "null",
            "drb": 0.9999989867210388
        },
        {
            "candid": 1120171281715015004,
            "jd": 2458874.6712847,
            "ra": 56.3442014,
            "dec": 4.2703321,
            "fid": 1,
            "nid": 1120,
            "magpsf": 19.0492000579834,
            "sigmapsf": 0.12034299969673157,
            "magnr": 18.594999313354492,
            "sigmagnr": 0.07500000298023224,
            "magzpsci": 25.7992000579834,
            "isdiffpos": "t",
            "ssdistnr": -999.0,
            "ssnamenr": "null",
            "drb": 0.9999979734420776
        },
        {
            "candid": 1122156251715015003,
            "jd": 2458876.65625,
            "ra": 56.3441843,
            "dec": 4.2703346,
            "fid": 1,
            "nid": 1122,
            "magpsf": 19.258800506591797,
            "sigmapsf": 0.12218800187110901,
            "magnr": 18.594999313354492,
            "sigmagnr": 0.07500000298023224,
            "magzpsci": 26.244800567626953,
            "isdiffpos": "t",
            "ssdistnr": -999.0,
            "ssnamenr": "null",
            "drb": 1.0
        },
        {
            "candid": 1122156251715025003,
            "jd": 2458876.65625,
            "ra": 56.3441849,
            "dec": 4.2703355,
            "fid": 1,
            "nid": 1122,
            "magpsf": 19.26059913635254,
            "sigmapsf": 0.12199799716472626,
            "magnr": 18.594999313354492,
            "sigmagnr": 0.07500000298023224,
            "magzpsci": 26.243600845336914,
            "isdiffpos": "t",
            "ssdistnr": -999.0,
            "ssnamenr": "-999.0",
            "drb": null
        },
        {
            "candid": 1123143551715015008,
            "jd": 2458877.6435532,
            "ra": 56.3441839,
            "dec": 4.2703474,
            "fid": 2,
            "nid": 1123,
            "magpsf": 18.90180015563965,
            "sigmapsf": 0.08906000107526779,
            "magnr": 17.66900062561035,
            "sigmagnr": 0.0729999989271164,
            "magzpsci": 26.236799240112305,
            "isdiffpos": "t",
            "ssdistnr": -999.0,
            "ssnamenr": "null",
            "drb": 0.9999989867210388
        },
        {
            "candid": 1123170551715015002,
            "jd": 2458877.6705556,
            "ra": 56.3441756,
            "dec": 4.2703527,
            "fid": 1,
            "nid": 1123,
            "magpsf": 19.303199768066406,
            "sigmapsf": 0.12130100280046463,
            "magnr": 18.594999313354492,
            "sigmagnr": 0.07500000298023224,
            "magzpsci": 26.222200393676758,
            "isdiffpos": "t",
            "ssdistnr": -999.0,
            "ssnamenr": "null",
            "drb": 0.9999740123748779
        },
        {
            "candid": 1126129941715015004,
            "jd": 2458880.6299421,
            "ra": 56.3441669,
            "dec": 4.2703352,
            "fid": 1,
            "nid": 1126,
            "magpsf": 19.45870018005371,
            "sigmapsf": 0.15835200250148773,
            "magnr": 18.594999313354492,
            "sigmagnr": 0.07500000298023224,
            "magzpsci": 26.239700317382812,
            "isdiffpos": "t",
            "ssdistnr": -999.0,
            "ssnamenr": "null",
            "drb": 0.9999979734420776
        },
        {
            "candid": 1126166301715015001,
            "jd": 2458880.6663079,
            "ra": 56.3441952,
            "dec": 4.2702863,
            "fid": 2,
            "nid": 1126,
            "magpsf": 18.947500228881836,
            "sigmapsf": 0.1306139975786209,
            "magnr": 17.66900062561035,
            "sigmagnr": 0.0729999989271164,
            "magzpsci": 26.243499755859375,
            "isdiffpos": "t",
            "ssdistnr": -999.0,
            "ssnamenr": "null",
            "drb": 1.0
        },
        {
            "candid": 1130148101715015000,
            "jd": 2458884.6481019,
            "ra": 56.3441127,
            "dec": 4.2703011,
            "fid": 2,
            "nid": 1130,
            "magpsf": 18.771499633789062,
            "sigmapsf": 0.13880200684070587,
            "magnr": 17.66900062561035,
            "sigmagnr": 0.0729999989271164,
            "magzpsci": 26.24049949645996,
            "isdiffpos": "t",
            "ssdistnr": -999.0,
            "ssnamenr": "-999.0",
            "drb": null
        },
        {
            "candid": 1133128371715015001,
            "jd": 2458887.6283796,
            "ra": 56.3441851,
            "dec": 4.2703444,
            "fid": 2,
            "nid": 1133,
            "magpsf": 19.1205997467041,
            "sigmapsf": 0.15261699259281158,
            "magnr": 17.66900062561035,
            "sigmagnr": 0.0729999989271164,
            "magzpsci": 26.27560043334961,
            "isdiffpos": "t",
            "ssdistnr": -999.0,
            "ssnamenr": "null",
            "drb": 0.9995729923248291
        },
        {
            "candid": 1136149221715015000,
            "jd": 2458890.6492245,
            "ra": 56.3441552,
            "dec": 4.2702932,
            "fid": 2,
            "nid": 1136,
            "magpsf": 19.164199829101562,
            "sigmapsf": 0.16748300194740295,
            "magnr": 17.66900062561035,
            "sigmagnr": 0.0729999989271164,
            "magzpsci": 26.220199584960938,
            "isdiffpos": "t",
            "ssdistnr": -999.0,
            "ssnamenr": "null",
            "drb": 0.9663450121879578
        },
        {
            "candid": 1142139961715015002,
            "jd": 2458896.6399653,
            "ra": 56.3441809,
            "dec": 4.2703004,
            "fid": 2,
            "nid": 1142,
            "magpsf": 19.599899291992188,
            "sigmapsf": 0.13026200234889984,
            "magnr": 17.66900062561035,
            "sigmagnr": 0.0729999989271164,
            "magzpsci": 26.232900619506836,
            "isdiffpos": "t",
            "ssdistnr": -999.0,
            "ssnamenr": "null",
            "drb": 0.9999920129776001
        },
        {
            "jd": 2458829.73536,
            "fid": 2,
            "diffmaglim": 16.47800064086914
        },
        {
            "jd": 2458831.74742,
            "fid": 1,
            "diffmaglim": 19.18400001525879
        },
        {
            "jd": 2458833.67875,
            "fid": 1,
            "diffmaglim": 19.83300018310547
        },
        {
            "jd": 2458833.76777,
            "fid": 2,
            "diffmaglim": 19.80699920654297
        },
        {
            "jd": 2458836.71575,
            "fid": 1,
            "diffmaglim": 20.43199920654297
        },
        {
            "jd": 2458839.71648,
            "fid": 1,
            "diffmaglim": 17.003000259399414
        },
        {
            "jd": 2458846.75941,
            "fid": 2,
            "diffmaglim": 20.226999282836914
        },
        {
            "jd": 2458850.62994,
            "fid": 2,
            "diffmaglim": 19.05699920654297
        },
        {
            "jd": 2458884.62432,
            "fid": 1,
            "diffmaglim": 19.02199935913086
        }
    ],
    "forcedphot": []
}