{
    "objectId": "ZTF22aartmuz",
    "candidates": [
        {
            "candid": 2009450575815015003,
            "jd": 2459763.9505787,
            "ra": 344.3945662,
            "dec": 28.917552,
            "fid": 1,
            "nid": 2009,
            "magpsf": 19.975000381469727,
            "sigmapsf": 0.19562099874019623,
            "magnr": 18.090999603271484,
            "sigmagnr": 0.04100000113248825,
            "magzpsci": 26.416000366210938,
            "isdiffpos": "t",
            "ssdistnr": null,
            "ssnamenr": null,
            "drb": 0.9977205991744995
        },
        {
            "candid": 2011431895815015002,
            "jd": 2459765.9318981,
            "ra": 344.3946103,
            "dec": 28.9175677,
            "fid": 1,
            "nid": 2011,
            "magpsf": 19.463300704956055,
            "sigmapsf": 0.1344040036201477,
            "magnr": 18.090999603271484,
            "sigmagnr": 0.04100000113248825,
            "magzpsci": 26.421300888061523,
            "isdiffpos": "t",
            "ssdistnr": null,
            "ssnamenr": null,
            "drb": null
        },
        {
            "candid": 2011447125815015008,
            "jd": 2459765.9471296,
            "ra": 344.3946534,
            "dec": 28.9175257,
            "fid": 2,
            "nid": 2011,
            "magpsf": 19.38249969482422,
            "sigmapsf": 0.14291900396347046,
            "magnr": 17.187999725341797,
            "sigmagnr": 0.05000000074505806,
            "magzpsci": 26.31450080871582,
            "isdiffpos": "t",
            "ssdistnr": null,
            "ssnamenr": null,
            "drb": null
        },
        {
            "candid": 2014447585815015005,
            "jd": 2459768.947581,
            "ra": 344.394563,
            "dec": 28.9175747,
            "fid": 1,
            "nid": 2014,
            "magpsf": 19.01569938659668,
            "sigmapsf": 0.06683400273323059,
            "magnr": 18.090999603271484,
            "sigmagnr": 0.04100000113248825,
            "magzpsci": 26.415700912475586,
            "isdiffpos": "t",
            "ssdistnr": null,
            "ssnamenr": null,
            "drb": null
        },
        {
            "candid": 2016413265815015000,
            "jd": 2459770.9132639,
            "ra": 344.3945753,
            "dec": 28.9175656,
            "fid": 1,
            "nid": 2016,
            "magpsf": 18.846500396728516,
            "sigmapsf": 0.0956839993596077,
            "magnr": 18.090999603271484,
            "sigmagnr": 0.04100000113248825,
            "magzpsci": 26.411500930786133,
            "isdiffpos": "t",
            "ssdistnr": null,
            "ssnamenr": null,
            "drb": null
        },
        {
            "candid": 2016444315815015006,
            "jd": 2459770.9443171,
            "ra": 344.3945848,
            "dec": 28.9175672,
            "fid": 1,
            "nid": 2016,
            "magpsf": 18.79840087890625,
            "sigmapsf": 0.0844459980726242,
            "magnr": 18.090999603271484,
            "sigmagnr": 0.04100000113248825,
            "magzpsci": 26.404399871826172,
            "isdiffpos": "t",
            "ssdistnr": null,
            "ssnamenr": null,
            "drb": null
        },
        {
            "candid": 2018364955815015002,
            "jd": 2459772.8649537,
            "ra": 344.3946307,
            "dec": 28.9175495,
            "fid": 2,
            "nid": 2018,
            "magpsf": 18.68790054321289,
            "sigmapsf": 0.09052599966526031,
            "magnr": 17.187999725341797,
            "sigmagnr": 0.05000000074505806,
            "magzpsci": 26.276899337768555,
            "isdiffpos": "t",
            "ssdistnr": null,
            "ssnamenr": null,
            "drb": null
        },
        {
            "candid": 2020422905815015000,
            "jd": 2459774.9229051,
            "ra": 344.3946193,
            "dec": 28.9175878,
            "fid": 2,
            "nid": 2020,
            "magpsf": 18.57229995727539,
            "sigmapsf": 0.11902999877929688,
            "magnr": 17.187999725341797,
            "sigmagnr": 0.05000000074505806,
            "magzpsci": 26.266300201416016,
            "isdiffpos": "t",
            "ssdistnr": null,
            "ssnamenr": null,
            "drb": null
        },
        {
            "candid": 2020456095815015000,
            "jd": 2459774.9560995,
            "ra": 344.3946118,
            "dec": 28.9175624,
            "fid": 2,
            "nid": 2020,
            "magpsf": 18.624799728393555,
            "sigmapsf": 0.1137709990143776,
            "magnr": 17.187999725341797,
            "sigmagnr": 0.05000000074505806,
            "magzpsci": 26.280799865722656,
            "isdiffpos": "t",
            "ssdistnr": null,
            "ssnamenr": null,
            "drb": null
        },
        {
            "candid": 2022388255815015000,
            "jd": 2459776.8882523,
            "ra": 344.394622,
            "dec": 28.9175561,
            "fid": 2,
            "nid": 2022,
            "magpsf": 18.64889907836914,
            "sigmapsf": 0.10639899969100952,
            "magnr": 17.187999725341797,
            "sigmagnr": 0.05000000074505806,
            "magzpsci": 26.280899047851562,
            "isdiffpos": "t",
            "ssdistnr": null,
            "ssnamenr": null,
            "drb": null
        },
        {
            "candid": 2022426135815015001,
            "jd": 2459776.9261343,
            "ra": 344.3945919,
            "dec": 28.9175643,
            "fid": 2,
            "nid": 2022,
            "magpsf": 18.63759994506836,
            "sigmapsf": 0.09272299706935883,
            "magnr": 17.187999725341797,
            "sigmagnr": 0.05000000074505806,
            "magzpsci": 26.294599533081055,
            "isdiffpos": "t",
            "ssdistnr": null,
            "ssnamenr": null,
            "drb": null
        },
        {
            "candid": 2025388575815015001,
            "jd": 2459779.8885764,
            "ra": 344.3946242,
            "dec": 28.917606,
            "fid": 2,
            "nid": 2025,
            "magpsf": 18.8612003326416,
            "sigmapsf": 0.10797999799251556,
            "magnr": 17.187999725341797,
            "sigmagnr": 0.05000000074505806,
            "magzpsci": 26.28019905090332,
            "isdiffpos": "t",
            "ssdistnr": null,
            "ssnamenr": null,
            "drb": null
        },
        {
            "candid": 2025448925815015000,
            "jd": 2459779.9489236,
            "ra": 344.3945929,
            "dec": 28.917578,
            "fid": 2,
            "nid": 2025,
            "magpsf": 18.74139976501465,
            "sigmapsf": 0.10361099988222122,
            "magnr": 17.187999725341797,
            "sigmagnr": 0.05000000074505806,
            "magzpsci": 26.281400680541992,
            "isdiffpos": "t",
            "ssdistnr": null,
            "ssnamenr": null,
            "drb": null
        },
        {
            "candid": 2028405595815015002,
            "jd": 2459782.9055903,
            "ra": 344.3945933,
            "dec": 28.9175791,
            "fid": 2,
            "nid": 2028,
            "magpsf": 18.896499633789062,
            "sigmapsf": 0.10999300330877304,
            "magnr": 17.187999725341797,
            "sigmagnr": 0.05000000074505806,
            "magzpsci": 26.131500244140625,
            "isdiffpos": "t",
            "ssdistnr": null,
            "ssnamenr": null,
            "drb": null
        },
        {
            "candid": 2028443445815015005,
            "jd": 2459782.9434491,
            "ra": 344.3946154,
            "dec": 28.9175932,
            "fid": 1,
            "nid": 2028,
            "magpsf": 19.144899368286133,
            "sigmapsf": 0.1106100007891655,
            "magnr": 18.090999603271484,
            "sigmagnr": 0.04100000113248825,
            "magzpsci": 26.308900833129883,
            "isdiffpos": "t",
            "ssdistnr": null,
            "ssnamenr": null,
            "drb": null
        },
        {
            "candid": 2030387565815015003,
            "jd": 2459784.8875694,
            "ra": 344.3945972,
            "dec": 28.917553,
            "fid": 1,
            "nid": 2030,
            "magpsf": 19.514999389648438,
            "sigmapsf": 0.09346000105142593,
            "magnr": 18.090999603271484,
            "sigmagnr": 0.04100000113248825,
            "magzpsci": 26.29599952697754,
            "isdiffpos": "t",
            "ssdistnr": null,
            "ssnamenr": null,
            "drb": null
        },
        {
            "candid": 2030427265815015001,
            "jd": 2459784.9272685,
            "ra": 344.3947052,
            "dec": 28.9175233,
            "fid": 2,
            "nid": 2030,
            "magpsf": 19.001399993896484,
            "sigmapsf": 0.12660400569438934,
            "magnr": 17.187999725341797,
            "sigmagnr": 0.05000000074505806,
            "magzpsci": 26.2283992767334,
            "isdiffpos": "t",
            "ssdistnr": null,
            "ssnamenr": null,
            "drb": null
        },
        {
            "candid": 2032385185815015002,
            "jd": 2459786.8851852,
            "ra": 344.3946218,
            "dec": 28.9175351,
            "fid": 2,
            "nid": 2032,
            "magpsf": 19.115999221801758,
            "sigmapsf": 0.10037899762392044,
            "magnr": 17.187999725341797,
            "sigmagnr": 0.05000000074505806,
            "magzpsci": 26.235000610351562,
            "isdiffpos": "t",
            "ssdistnr": null,
            "ssnamenr": null,
            "drb": null
        },
        {
            "candid": 2032455815815015003,
            "jd": 2459786.9558102,
            "ra": 344.3946217,
            "dec": 28.9175887,
            "fid": 1,
            "nid": 2032,
            "magpsf": 19.679100036621094,
            "sigmapsf": 0.11222700029611588,
            "magnr": 18.090999603271484,
            "sigmagnr": 0.04100000113248825,
            "magzpsci": 26.3341007232666,
            "isdiffpos": "t",
            "ssdistnr": null,
            "ssnamenr": null,
            "drb": null
        },
        {
            "candid": 2036360915815015005,
            "jd": 2459790.8609144,
            "ra": 344.3946458,
            "dec": 28.9175811,
            "fid": 1,
            "nid": 2036,
            "magpsf": 20.171100616455078,
            "sigmapsf": 0.19567100703716278,
            "magnr": 18.090999603271484,
            "sigmagnr": 0.04100000113248825,
            "magzpsci": 26.280099868774414,
            "isdiffpos": "t",
            "ssdistnr": null,
            "ssnamenr": null,
            "drb": null
        },
        {
            "candid": 2036389915815015003,
            "jd": 2459790.889919,
            "ra": 344.3946502,
            "dec": 28.9175319,
            "fid": 2,
            "nid": 2036,
            "magpsf": 19.210500717163086,
            "sigmapsf": 0.14592400193214417,
            "magnr": 17.187999725341797,
            "sigmagnr": 0.05000000074505806,
            "magzpsci": 26.208499908447266,
            "isdiffpos": "t",
            "ssdistnr": null,
            "ssnamenr": null,
            "drb": null
        },
        {
            "candid": 2043364365815015006,
            "jd": 2459797.8643634,
            "ra": 344.394639,
            "dec": 28.9175309,
            "fid": 2,
            "nid": 2043,
            "magpsf": 19.808399200439453,
            "sigmapsf": 0.2273229956626892,
            "magnr": 17.187999725341797,
            "sigmagnr": 0.05000000074505806,
            "magzpsci": 26.321399688720703,
            "isdiffpos": "t",
            "ssdistnr": null,
            "ssnamenr": null,
            "drb": null
        },
        {
            "candid": 2046446815815015001,
            "jd": 2459800.9468171,
            "ra": 344.3946526,
            "dec": 28.9175826,
            "fid": 2,
            "nid": 2046,
            "magpsf": 19.832916259765625,
            "sigmapsf": 0.177577406167984,
            "magnr": 17.187999725341797,
            "sigmagnr": 0.05000000074505806,
            "magzpsci": 26.279916763305664,
            "isdiffpos": "t",
            "ssdistnr": -999.0,
            "ssnamenr": "null",
            "drb": null
        },
        {
            "jd": 2459737.928287,
            "fid": 1,
            "diffmaglim": 20.706499099731445
        },
        {
            "jd": 2459737.9541898,
            "fid": 2,
            "diffmaglim": 20.676000595092773
        },
        {
            "jd": 2459740.9281019,
            "fid": 1,
            "diffmaglim": 20.73979949951172
        },
        {
            "jd": 2459740.9535301,
            "fid": 2,
            "diffmaglim": 20.581199645996094
        },
        {
            "jd": 2459743.9267593,
            "fid": 1,
            "diffmaglim": 19.564199447631836
        },
        {
            "jd": 2459743.9478819,
            "fid": 2,
            "diffmaglim": 19.68269920349121
        },
        {
            "jd": 2459748.9092361,
            "fid": 1,
            "diffmaglim": 19.753599166870117
        },
        {
            "jd": 2459748.9250463,
            "fid": 2,
            "diffmaglim": 19.891700744628906
        },
        {
            "jd": 2459750.8921181,
            "fid": 2,
            "diffmaglim": 19.99370002746582
        },
        {
            "jd": 2459750.9217477,
            "fid": 1,
            "diffmaglim": 20.138999938964844
        },
        {
            "jd": 2459752.9019097,
            "fid": 2,
            "diffmaglim": 20.243799209594727
        },
        {
            "jd": 2459755.9256366,
            "fid": 1,
            "diffmaglim": 20.618000030517578
        },
        {
            "jd": 2459755.9543056,
            "fid": 2,
            "diffmaglim": 20.606800079345703
        },
        {
            "jd": 2459757.8820718,
            "fid": 1,
            "diffmaglim": 20.621700286865234
        },
        {
            "jd": 2459757.9251042,
            "fid": 1,
            "diffmaglim": 20.78230094909668
        },
        {
            "jd": 2459759.9036343,
            "fid": 2,
            "diffmaglim": 20.529399871826172
        },
        {
            "jd": 2459759.9519792,
            "fid": 1,
            "diffmaglim": 20.874900817871094
        },
        {
            "jd": 2459762.9261806,
            "fid": 3,
            "diffmaglim": 20.13719940185547
        },
        {
            "jd": 2459762.9452199,
            "fid": 3,
            "diffmaglim": 20.012300491333008
        },
        {
            "jd": 2459763.924294,
            "fid": 2,
            "diffmaglim": 20.709800720214844
        },
        {
            "jd": 2459768.9014468,
            "fid": 1,
            "diffmaglim": 20.80120086669922
        },
        {
            "jd": 2459772.9424306,
            "fid": 2,
            "diffmaglim": 20.260499954223633
        },
        {
            "jd": 2459788.9077662,
            "fid": 2,
            "diffmaglim": 20.68790054321289
        },
        {
            "jd": 2459794.8529745,
            "fid": 2,
            "diffmaglim": 20.533000946044922
        },
        {
            "jd": 2459797.9024421,
            "fid": 1,
            "diffmaglim": 20.938499450683594
        },
        {
            "jd": 2459800.8772454,
            "fid": 1,
            "diffmaglim": 19.978099822998047
        }
    ],
    "forcedphot": []
}