{
    "objectId": "ZTF22abswzyp",
    "candidates": [
        {
            "candid": 2134475754715015000,
            "jd": 2459888.9757523,
            "ra": 164.0482673,
            "dec": 19.7152042,
            "fid": 2,
            "nid": 2134,
            "magpsf": 18.87019920349121,
            "sigmapsf": 0.13920100033283234,
            "magnr": 21.968000411987305,
            "sigmagnr": 0.1550000011920929,
            "magzpsci": 25.658199310302734,
            "isdiffpos": "t",
            "ssdistnr": null,
            "ssnamenr": null,
            "drb": 0.9989790320396423
        },
        {
            "candid": 2139443414715015002,
            "jd": 2459893.9434144,
            "ra": 164.0482541,
            "dec": 19.7152303,
            "fid": 1,
            "nid": 2139,
            "magpsf": 18.326099395751953,
            "sigmapsf": 0.20340900123119354,
            "magnr": 21.952999114990234,
            "sigmagnr": 0.17000000178813934,
            "magzpsci": 26.135099411010742,
            "isdiffpos": "t",
            "ssdistnr": null,
            "ssnamenr": null,
            "drb": null
        },
        {
            "candid": 2139494914715015008,
            "jd": 2459893.994919,
            "ra": 164.0483272,
            "dec": 19.715149,
            "fid": 2,
            "nid": 2139,
            "magpsf": 18.50830078125,
            "sigmapsf": 0.12000499665737152,
            "magnr": 21.968000411987305,
            "sigmagnr": 0.1550000011920929,
            "magzpsci": 26.290300369262695,
            "isdiffpos": "t",
            "ssdistnr": null,
            "ssnamenr": null,
            "drb": null
        },
        {
            "candid": 2143476244715015007,
            "jd": 2459897.97625,
            "ra": 164.0481993,
            "dec": 19.7151802,
            "fid": 1,
            "nid": 2143,
            "magpsf": 18.36479949951172,
            "sigmapsf": 0.07484500110149384,
            "magnr": 21.952999114990234,
            "sigmagnr": 0.17000000178813934,
            "magzpsci": 26.260799407958984,
            "isdiffpos": "t",
            "ssdistnr": null,
            "ssnamenr": null,
            "drb": null
        },
        {
            "candid": 2148471584715015002,
            "jd": 2459902.9715856,
            "ra": 164.0482903,
            "dec": 19.7151667,
            "fid": 1,
            "nid": 2148,
            "magpsf": 18.522199630737305,
            "sigmapsf": 0.11810000240802765,
            "magnr": 21.952999114990234,
            "sigmagnr": 0.17000000178813934,
            "magzpsci": 26.28619956970215,
            "isdiffpos": "t",
            "ssdistnr": null,
            "ssnamenr": null,
            "drb": null
        },
        {
            "candid": 2148525504715015007,
            "jd": 2459903.0255093,
            "ra": 164.0483111,
            "dec": 19.7150953,
            "fid": 2,
            "nid": 2148,
            "magpsf": 18.449399948120117,
            "sigmapsf": 0.09371200203895569,
            "magnr": 21.968000411987305,
            "sigmagnr": 0.1550000011920929,
            "magzpsci": 26.334400177001953,
            "isdiffpos": "t",
            "ssdistnr": null,
            "ssnamenr": null,
            "drb": null
        },
        {
            "candid": 2150432784715015002,
            "jd": 2459904.9327894,
            "ra": 164.0482645,
            "dec": 19.7151584,
            "fid": 1,
            "nid": 2150,
            "magpsf": 18.577800750732422,
            "sigmapsf": 0.10878200083971024,
            "magnr": 21.952999114990234,
            "sigmagnr": 0.17000000178813934,
            "magzpsci": 25.990800857543945,
            "isdiffpos": "t",
            "ssdistnr": null,
            "ssnamenr": null,
            "drb": null
        },
        {
            "candid": 2152426034715015001,
            "jd": 2459906.9260301,
            "ra": 164.0482552,
            "dec": 19.7151806,
            "fid": 1,
            "nid": 2152,
            "magpsf": 18.689599990844727,
            "sigmapsf": 0.12379799783229828,
            "magnr": 21.952999114990234,
            "sigmagnr": 0.17000000178813934,
            "magzpsci": 26.22260093688965,
            "isdiffpos": "t",
            "ssdistnr": null,
            "ssnamenr": null,
            "drb": null
        },
        {
            "candid": 2152519024715015001,
            "jd": 2459907.0190278,
            "ra": 164.0482913,
            "dec": 19.7151969,
            "fid": 2,
            "nid": 2152,
            "magpsf": 18.66819953918457,
            "sigmapsf": 0.071881003677845,
            "magnr": 21.968000411987305,
            "sigmagnr": 0.1550000011920929,
            "magzpsci": 26.338199615478516,
            "isdiffpos": "t",
            "ssdistnr": null,
            "ssnamenr": null,
            "drb": null
        },
        {
            "candid": 2155457564715015003,
            "jd": 2459909.9575694,
            "ra": 164.0482782,
            "dec": 19.7151863,
            "fid": 2,
            "nid": 2155,
            "magpsf": 18.89590072631836,
            "sigmapsf": 0.09612499922513962,
            "magnr": 21.968000411987305,
            "sigmagnr": 0.1550000011920929,
            "magzpsci": 26.35890007019043,
            "isdiffpos": "t",
            "ssdistnr": null,
            "ssnamenr": null,
            "drb": null
        },
        {
            "candid": 2155516634715015005,
            "jd": 2459910.0166319,
            "ra": 164.0482786,
            "dec": 19.7151509,
            "fid": 1,
            "nid": 2155,
            "magpsf": 19.051300048828125,
            "sigmapsf": 0.09170199930667877,
            "magnr": 21.952999114990234,
            "sigmagnr": 0.17000000178813934,
            "magzpsci": 26.41629981994629,
            "isdiffpos": "t",
            "ssdistnr": null,
            "ssnamenr": null,
            "drb": null
        },
        {
            "candid": 2159485544715015002,
            "jd": 2459913.985544,
            "ra": 164.0482986,
            "dec": 19.7151404,
            "fid": 2,
            "nid": 2159,
            "magpsf": 19.031400680541992,
            "sigmapsf": 0.09769599884748459,
            "magnr": 21.968000411987305,
            "sigmagnr": 0.1550000011920929,
            "magzpsci": 26.326400756835938,
            "isdiffpos": "t",
            "ssdistnr": null,
            "ssnamenr": null,
            "drb": null
        },
        {
            "candid": 2169456604715015004,
            "jd": 2459923.9566088,
            "ra": 164.0482974,
            "dec": 19.7151397,
            "fid": 2,
            "nid": 2169,
            "magpsf": 19.33009910583496,
            "sigmapsf": 0.15107199549674988,
            "magnr": 21.968000411987305,
            "sigmagnr": 0.1550000011920929,
            "magzpsci": 26.33609962463379,
            "isdiffpos": "t",
            "ssdistnr": null,
            "ssnamenr": null,
            "drb": null
        },
        {
            "candid": 2176487434715015004,
            "jd": 2459930.9874306,
            "ra": 164.0482808,
            "dec": 19.7152573,
            "fid": 1,
            "nid": 2176,
            "magpsf": 20.523300170898438,
            "sigmapsf": 0.26743701100349426,
            "magnr": 21.952999114990234,
            "sigmagnr": 0.17000000178813934,
            "magzpsci": 26.318300247192383,
            "isdiffpos": "t",
            "ssdistnr": null,
            "ssnamenr": null,
            "drb": null
        },
        {
            "candid": 2176508094715015013,
            "jd": 2459931.0080903,
            "ra": 164.0483005,
            "dec": 19.715151,
            "fid": 2,
            "nid": 2176,
            "magpsf": 19.48740005493164,
            "sigmapsf": 0.1507280021905899,
            "magnr": 21.968000411987305,
            "sigmagnr": 0.1550000011920929,
            "magzpsci": 26.346399307250977,
            "isdiffpos": "t",
            "ssdistnr": null,
            "ssnamenr": null,
            "drb": null
        },
        {
            "candid": 2179485714715015020,
            "jd": 2459933.9857176,
            "ra": 164.0482622,
            "dec": 19.7151312,
            "fid": 2,
            "nid": 2179,
            "magpsf": 19.569299697875977,
            "sigmapsf": 0.24842099845409393,
            "magnr": 21.968000411987305,
            "sigmagnr": 0.1550000011920929,
            "magzpsci": 25.707300186157227,
            "isdiffpos": "t",
            "ssdistnr": null,
            "ssnamenr": null,
            "drb": null
        },
        {
            "candid": 2181463844715015001,
            "jd": 2459935.9638426,
            "ra": 164.0482581,
            "dec": 19.7151695,
            "fid": 2,
            "nid": 2181,
            "magpsf": 19.76259994506836,
            "sigmapsf": 0.12917500734329224,
            "magnr": 21.968000411987305,
            "sigmagnr": 0.1550000011920929,
            "magzpsci": 26.390600204467773,
            "isdiffpos": "t",
            "ssdistnr": null,
            "ssnamenr": null,
            "drb": null
        },
        {
            "candid": 2183458274715015003,
            "jd": 2459937.9582755,
            "ra": 164.0481873,
            "dec": 19.7151644,
            "fid": 1,
            "nid": 2183,
            "magpsf": 21.071800231933594,
            "sigmapsf": 0.36581599712371826,
            "magnr": 21.952999114990234,
            "sigmagnr": 0.17000000178813934,
            "magzpsci": 26.369800567626953,
            "isdiffpos": "t",
            "ssdistnr": null,
            "ssnamenr": null,
            "drb": null
        },
        {
            "candid": 2183461854715015007,
            "jd": 2459937.9618519,
            "ra": 164.0482227,
            "dec": 19.7151875,
            "fid": 2,
            "nid": 2183,
            "magpsf": 19.890186309814453,
            "sigmapsf": 0.11878494173288345,
            "magnr": 21.968000411987305,
            "sigmagnr": 0.1550000011920929,
            "magzpsci": 26.368186950683594,
            "isdiffpos": "t",
            "ssdistnr": -999.0,
            "ssnamenr": "null",
            "drb": null
        },
        {
            "jd": 2459861.0272454,
            "fid": 2,
            "diffmaglim": 19.844999313354492
        },
        {
            "jd": 2459861.0296296,
            "fid": 2,
            "diffmaglim": 19.827800750732422
        },
        {
            "jd": 2459861.0320255,
            "fid": 2,
            "diffmaglim": 19.566200256347656
        },
        {
            "jd": 2459861.0344097,
            "fid": 2,
            "diffmaglim": 19.48900032043457
        },
        {
            "jd": 2459861.036794,
            "fid": 2,
            "diffmaglim": 19.136699676513672
        },
        {
            "jd": 2459862.0282639,
            "fid": 2,
            "diffmaglim": 19.1156005859375
        },
        {
            "jd": 2459862.0306366,
            "fid": 2,
            "diffmaglim": 19.154600143432617
        },
        {
            "jd": 2459862.0329977,
            "fid": 2,
            "diffmaglim": 18.998600006103516
        },
        {
            "jd": 2459862.0353704,
            "fid": 2,
            "diffmaglim": 18.99329948425293
        },
        {
            "jd": 2459863.0259144,
            "fid": 2,
            "diffmaglim": 19.137399673461914
        },
        {
            "jd": 2459863.0283102,
            "fid": 2,
            "diffmaglim": 19.057899475097656
        },
        {
            "jd": 2459863.0306944,
            "fid": 2,
            "diffmaglim": 19.10379981994629
        },
        {
            "jd": 2459863.0330903,
            "fid": 2,
            "diffmaglim": 19.003599166870117
        },
        {
            "jd": 2459863.0354745,
            "fid": 2,
            "diffmaglim": 18.87220001220703
        },
        {
            "jd": 2459864.0258218,
            "fid": 2,
            "diffmaglim": 19.411699295043945
        },
        {
            "jd": 2459864.0282176,
            "fid": 2,
            "diffmaglim": 19.354999542236328
        },
        {
            "jd": 2459864.0306019,
            "fid": 2,
            "diffmaglim": 19.382999420166016
        },
        {
            "jd": 2459864.0329977,
            "fid": 2,
            "diffmaglim": 19.323400497436523
        },
        {
            "jd": 2459864.0353819,
            "fid": 2,
            "diffmaglim": 19.168699264526367
        },
        {
            "jd": 2459866.0284954,
            "fid": 2,
            "diffmaglim": 19.603200912475586
        },
        {
            "jd": 2459866.0309375,
            "fid": 2,
            "diffmaglim": 19.564199447631836
        },
        {
            "jd": 2459866.0333681,
            "fid": 2,
            "diffmaglim": 19.461299896240234
        },
        {
            "jd": 2459866.0358102,
            "fid": 2,
            "diffmaglim": 19.390199661254883
        },
        {
            "jd": 2459866.0382523,
            "fid": 2,
            "diffmaglim": 19.100799560546875
        },
        {
            "jd": 2459867.0283102,
            "fid": 2,
            "diffmaglim": 19.7052001953125
        },
        {
            "jd": 2459867.0306713,
            "fid": 2,
            "diffmaglim": 19.726699829101562
        },
        {
            "jd": 2459867.033044,
            "fid": 2,
            "diffmaglim": 19.67609977722168
        },
        {
            "jd": 2459867.0354167,
            "fid": 2,
            "diffmaglim": 19.443099975585938
        },
        {
            "jd": 2459867.0377778,
            "fid": 2,
            "diffmaglim": 19.271499633789062
        },
        {
            "jd": 2459874.0203241,
            "fid": 2,
            "diffmaglim": 17.949399948120117
        },
        {
            "jd": 2459874.0228241,
            "fid": 2,
            "diffmaglim": 17.353300094604492
        },
        {
            "jd": 2459874.0253125,
            "fid": 2,
            "diffmaglim": 18.236799240112305
        },
        {
            "jd": 2459874.0278125,
            "fid": 2,
            "diffmaglim": 18.828800201416016
        },
        {
            "jd": 2459874.0303125,
            "fid": 2,
            "diffmaglim": 19.12150001525879
        },
        {
            "jd": 2459875.0201273,
            "fid": 2,
            "diffmaglim": 20.088699340820312
        },
        {
            "jd": 2459875.0226157,
            "fid": 2,
            "diffmaglim": 20.015600204467773
        },
        {
            "jd": 2459875.0251157,
            "fid": 2,
            "diffmaglim": 20.053300857543945
        },
        {
            "jd": 2459875.0276157,
            "fid": 2,
            "diffmaglim": 20.061800003051758
        },
        {
            "jd": 2459875.0301157,
            "fid": 2,
            "diffmaglim": 20.018699645996094
        },
        {
            "jd": 2459877.0222454,
            "fid": 2,
            "diffmaglim": 19.88610076904297
        },
        {
            "jd": 2459877.0247338,
            "fid": 2,
            "diffmaglim": 19.88599967956543
        },
        {
            "jd": 2459877.0272106,
            "fid": 2,
            "diffmaglim": 19.881000518798828
        },
        {
            "jd": 2459877.0296875,
            "fid": 2,
            "diffmaglim": 19.940799713134766
        },
        {
            "jd": 2459877.0321644,
            "fid": 2,
            "diffmaglim": 19.90250015258789
        },
        {
            "jd": 2459933.9412963,
            "fid": 1,
            "diffmaglim": 20.164100646972656
        },
        {
            "jd": 2459935.8394213,
            "fid": 1,
            "diffmaglim": 19.937000274658203
        }
    ],
    "forcedphot": []
}