{
    "objectId": "ZTF21abmgxyu",
    "candidates": [
        {
            "candid": 1655400774715015003,
            "jd": 2459409.9007755,
            "ra": 327.2381138,
            "dec": -9.0712094,
            "fid": 1,
            "nid": 1655,
            "magpsf": 20.33209991455078,
            "sigmapsf": 0.25037598609924316,
            "magnr": 22.19499969482422,
            "sigmagnr": 0.15600000321865082,
            "magzpsci": 26.061100006103516,
            "isdiffpos": "t",
            "ssdistnr": null,
            "ssnamenr": null,
            "drb": null
        },
        {
            "candid": 1657331894715015005,
            "jd": 2459411.8318981,
            "ra": 327.2381799,
            "dec": -9.0710844,
            "fid": 1,
            "nid": 1657,
            "magpsf": 19.78529930114746,
            "sigmapsf": 0.18595099449157715,
            "magnr": 22.19499969482422,
            "sigmagnr": 0.15600000321865082,
            "magzpsci": 25.851299285888672,
            "isdiffpos": "t",
            "ssdistnr": null,
            "ssnamenr": null,
            "drb": null
        },
        {
            "candid": 1660398414715015008,
            "jd": 2459414.8984144,
            "ra": 327.2382081,
            "dec": -9.0711209,
            "fid": 1,
            "nid": 1660,
            "magpsf": 19.038999557495117,
            "sigmapsf": 0.10793200135231018,
            "magnr": 22.19499969482422,
            "sigmagnr": 0.15600000321865082,
            "magzpsci": 26.222000122070312,
            "isdiffpos": "t",
            "ssdistnr": null,
            "ssnamenr": null,
            "drb": null
        },
        {
            "candid": 1662410944715015003,
            "jd": 2459416.9109491,
            "ra": 327.2382122,
            "dec": -9.0711309,
            "fid": 2,
            "nid": 1662,
            "magpsf": 18.893699645996094,
            "sigmapsf": 0.13826699554920197,
            "magnr": 21.584999084472656,
            "sigmagnr": 0.12700000405311584,
            "magzpsci": 25.810699462890625,
            "isdiffpos": "t",
            "ssdistnr": null,
            "ssnamenr": null,
            "drb": null
        },
        {
            "candid": 1664376534715015001,
            "jd": 2459418.8765394,
            "ra": 327.2381947,
            "dec": -9.0710954,
            "fid": 2,
            "nid": 1664,
            "magpsf": 18.599700927734375,
            "sigmapsf": 0.16863900423049927,
            "magnr": 21.584999084472656,
            "sigmagnr": 0.12700000405311584,
            "magzpsci": 26.07069969177246,
            "isdiffpos": "t",
            "ssdistnr": null,
            "ssnamenr": null,
            "drb": null
        },
        {
            "candid": 1669377414715015012,
            "jd": 2459423.877419,
            "ra": 327.23819,
            "dec": -9.0711423,
            "fid": 1,
            "nid": 1669,
            "magpsf": 18.283000946044922,
            "sigmapsf": 0.10017400234937668,
            "magnr": 22.19499969482422,
            "sigmagnr": 0.15600000321865082,
            "magzpsci": 26.083999633789062,
            "isdiffpos": "t",
            "ssdistnr": null,
            "ssnamenr": null,
            "drb": null
        },
        {
            "candid": 1669420504715015005,
            "jd": 2459423.9205093,
            "ra": 327.2382306,
            "dec": -9.0710996,
            "fid": 2,
            "nid": 1669,
            "magpsf": 18.260900497436523,
            "sigmapsf": 0.100552998483181,
            "magnr": 21.584999084472656,
            "sigmagnr": 0.12700000405311584,
            "magzpsci": 25.90089988708496,
            "isdiffpos": "t",
            "ssdistnr": null,
            "ssnamenr": null,
            "drb": null
        },
        {
            "candid": 1672358294715015011,
            "jd": 2459426.8582986,
            "ra": 327.2382216,
            "dec": -9.0711054,
            "fid": 1,
            "nid": 1672,
            "magpsf": 18.281099319458008,
            "sigmapsf": 0.055431000888347626,
            "magnr": 22.19499969482422,
            "sigmagnr": 0.15600000321865082,
            "magzpsci": 26.223100662231445,
            "isdiffpos": "t",
            "ssdistnr": 18.0,
            "ssnamenr": "532713",
            "drb": null
        },
        {
            "candid": 1672399154715015006,
            "jd": 2459426.8991551,
            "ra": 327.2382283,
            "dec": -9.0711239,
            "fid": 2,
            "nid": 1672,
            "magpsf": 18.357999801635742,
            "sigmapsf": 0.07633999735116959,
            "magnr": 21.584999084472656,
            "sigmagnr": 0.12700000405311584,
            "magzpsci": 26.224000930786133,
            "isdiffpos": "t",
            "ssdistnr": 21.0,
            "ssnamenr": "532713",
            "drb": null
        },
        {
            "candid": 1674358484715015005,
            "jd": 2459428.8584838,
            "ra": 327.2381987,
            "dec": -9.0711285,
            "fid": 2,
            "nid": 1674,
            "magpsf": 18.434799194335938,
            "sigmapsf": 0.06857699900865555,
            "magnr": 21.584999084472656,
            "sigmagnr": 0.12700000405311584,
            "magzpsci": 26.25279998779297,
            "isdiffpos": "t",
            "ssdistnr": null,
            "ssnamenr": null,
            "drb": null
        },
        {
            "candid": 1676318924715015006,
            "jd": 2459430.8189236,
            "ra": 327.238218,
            "dec": -9.0711194,
            "fid": 1,
            "nid": 1676,
            "magpsf": 18.40679931640625,
            "sigmapsf": 0.0692100003361702,
            "magnr": 22.19499969482422,
            "sigmagnr": 0.15600000321865082,
            "magzpsci": 26.256799697875977,
            "isdiffpos": "t",
            "ssdistnr": null,
            "ssnamenr": null,
            "drb": null
        },
        {
            "candid": 1681395764715015010,
            "jd": 2459435.8957639,
            "ra": 327.2382341,
            "dec": -9.0711128,
            "fid": 1,
            "nid": 1681,
            "magpsf": 18.714399337768555,
            "sigmapsf": 0.07888700067996979,
            "magnr": 22.19499969482422,
            "sigmagnr": 0.15600000321865082,
            "magzpsci": 26.170400619506836,
            "isdiffpos": "t",
            "ssdistnr": null,
            "ssnamenr": null,
            "drb": null
        },
        {
            "candid": 1686272654715015006,
            "jd": 2459440.7726505,
            "ra": 327.2381851,
            "dec": -9.0711186,
            "fid": 1,
            "nid": 1686,
            "magpsf": 19.153099060058594,
            "sigmapsf": 0.12165799736976624,
            "magnr": 22.19499969482422,
            "sigmagnr": 0.15600000321865082,
            "magzpsci": 26.01609992980957,
            "isdiffpos": "t",
            "ssdistnr": null,
            "ssnamenr": null,
            "drb": null
        },
        {
            "candid": 1686272654715025006,
            "jd": 2459440.7726505,
            "ra": 327.2381851,
            "dec": -9.0711186,
            "fid": 1,
            "nid": 1686,
            "magpsf": 19.153099060058594,
            "sigmapsf": 0.12165799736976624,
            "magnr": 22.19499969482422,
            "sigmagnr": 0.15600000321865082,
            "magzpsci": 26.01609992980957,
            "isdiffpos": "t",
            "ssdistnr": null,
            "ssnamenr": null,
            "drb": null
        },
        {
            "candid": 1688314904715015006,
            "jd": 2459442.8149074,
            "ra": 327.2382051,
            "dec": -9.0711489,
            "fid": 1,
            "nid": 1688,
            "magpsf": 19.247400283813477,
            "sigmapsf": 0.11348900198936462,
            "magnr": 22.19499969482422,
            "sigmagnr": 0.15600000321865082,
            "magzpsci": 26.154399871826172,
            "isdiffpos": "t",
            "ssdistnr": null,
            "ssnamenr": null,
            "drb": null
        },
        {
            "candid": 1688353734715015011,
            "jd": 2459442.8537384,
            "ra": 327.2382025,
            "dec": -9.0711277,
            "fid": 2,
            "nid": 1688,
            "magpsf": 19.06089973449707,
            "sigmapsf": 0.09433700144290924,
            "magnr": 21.584999084472656,
            "sigmagnr": 0.12700000405311584,
            "magzpsci": 26.181900024414062,
            "isdiffpos": "t",
            "ssdistnr": null,
            "ssnamenr": null,
            "drb": null
        },
        {
            "candid": 1692357804715015001,
            "jd": 2459446.8578009,
            "ra": 327.2382707,
            "dec": -9.0711652,
            "fid": 2,
            "nid": 1692,
            "magpsf": 19.069499969482422,
            "sigmapsf": 0.16354900598526,
            "magnr": 21.584999084472656,
            "sigmagnr": 0.12700000405311584,
            "magzpsci": 26.24449920654297,
            "isdiffpos": "t",
            "ssdistnr": null,
            "ssnamenr": null,
            "drb": null
        },
        {
            "candid": 1699295084715015005,
            "jd": 2459453.795081,
            "ra": 327.2381795,
            "dec": -9.0711203,
            "fid": 2,
            "nid": 1699,
            "magpsf": 19.274700164794922,
            "sigmapsf": 0.09951700270175934,
            "magnr": 21.584999084472656,
            "sigmagnr": 0.12700000405311584,
            "magzpsci": 26.319700241088867,
            "isdiffpos": "t",
            "ssdistnr": null,
            "ssnamenr": null,
            "drb": null
        },
        {
            "candid": 1699361404715015001,
            "jd": 2459453.8614005,
            "ra": 327.2382966,
            "dec": -9.0711935,
            "fid": 1,
            "nid": 1699,
            "magpsf": 20.28070068359375,
            "sigmapsf": 0.25061801075935364,
            "magnr": 22.19499969482422,
            "sigmagnr": 0.15600000321865082,
            "magzpsci": 26.343700408935547,
            "isdiffpos": "t",
            "ssdistnr": null,
            "ssnamenr": null,
            "drb": null
        },
        {
            "candid": 1701277844715015006,
            "jd": 2459455.7778472,
            "ra": 327.2382194,
            "dec": -9.0710969,
            "fid": 2,
            "nid": 1701,
            "magpsf": 19.343900680541992,
            "sigmapsf": 0.11139799654483795,
            "magnr": 21.584999084472656,
            "sigmagnr": 0.12700000405311584,
            "magzpsci": 26.252899169921875,
            "isdiffpos": "t",
            "ssdistnr": null,
            "ssnamenr": null,
            "drb": null
        },
        {
            "candid": 1701320794715015006,
            "jd": 2459455.8207986,
            "ra": 327.238242,
            "dec": -9.0711612,
            "fid": 1,
            "nid": 1701,
            "magpsf": 20.331100463867188,
            "sigmapsf": 0.2067829966545105,
            "magnr": 22.19499969482422,
            "sigmagnr": 0.15600000321865082,
            "magzpsci": 26.239099502563477,
            "isdiffpos": "t",
            "ssdistnr": null,
            "ssnamenr": null,
            "drb": null
        },
        {
            "candid": 1705255204715015011,
            "jd": 2459459.7552083,
            "ra": 327.2382124,
            "dec": -9.0711398,
            "fid": 2,
            "nid": 1705,
            "magpsf": 19.698400497436523,
            "sigmapsf": 0.1617400050163269,
            "magnr": 21.584999084472656,
            "sigmagnr": 0.12700000405311584,
            "magzpsci": 26.297399520874023,
            "isdiffpos": "t",
            "ssdistnr": null,
            "ssnamenr": null,
            "drb": null
        },
        {
            "candid": 1707254244715015005,
            "jd": 2459461.7542477,
            "ra": 327.2382574,
            "dec": -9.071042,
            "fid": 1,
            "nid": 1707,
            "magpsf": 20.83289909362793,
            "sigmapsf": 0.3372800052165985,
            "magnr": 22.19499969482422,
            "sigmagnr": 0.15600000321865082,
            "magzpsci": 26.31290054321289,
            "isdiffpos": "t",
            "ssdistnr": null,
            "ssnamenr": null,
            "drb": null
        },
        {
            "candid": 1707310374715015009,
            "jd": 2459461.8103704,
            "ra": 327.2381855,
            "dec": -9.0711257,
            "fid": 2,
            "nid": 1707,
            "magpsf": 19.58930015563965,
            "sigmapsf": 0.09964500367641449,
            "magnr": 21.584999084472656,
            "sigmagnr": 0.12700000405311584,
            "magzpsci": 26.30229949951172,
            "isdiffpos": "t",
            "ssdistnr": null,
            "ssnamenr": null,
            "drb": null
        },
        {
            "candid": 1709236264715015008,
            "jd": 2459463.7362616,
            "ra": 327.238313,
            "dec": -9.0710629,
            "fid": 1,
            "nid": 1709,
            "magpsf": 20.65220069885254,
            "sigmapsf": 0.2782129943370819,
            "magnr": 22.19499969482422,
            "sigmagnr": 0.15600000321865082,
            "magzpsci": 26.26919937133789,
            "isdiffpos": "t",
            "ssdistnr": null,
            "ssnamenr": null,
            "drb": null
        },
        {
            "candid": 1709273634715015011,
            "jd": 2459463.7736343,
            "ra": 327.2381688,
            "dec": -9.0711527,
            "fid": 2,
            "nid": 1709,
            "magpsf": 19.861000061035156,
            "sigmapsf": 0.13994599878787994,
            "magnr": 21.584999084472656,
            "sigmagnr": 0.12700000405311584,
            "magzpsci": 26.28499984741211,
            "isdiffpos": "t",
            "ssdistnr": null,
            "ssnamenr": null,
            "drb": null
        },
        {
            "candid": 1711337854715015003,
            "jd": 2459465.8378588,
            "ra": 327.2382548,
            "dec": -9.0711924,
            "fid": 2,
            "nid": 1711,
            "magpsf": 19.822599411010742,
            "sigmapsf": 0.15521399676799774,
            "magnr": 21.584999084472656,
            "sigmagnr": 0.12700000405311584,
            "magzpsci": 26.22260093688965,
            "isdiffpos": "t",
            "ssdistnr": null,
            "ssnamenr": null,
            "drb": null
        },
        {
            "candid": 1714318944715015005,
            "jd": 2459468.8189468,
            "ra": 327.2382576,
            "dec": -9.0710505,
            "fid": 2,
            "nid": 1714,
            "magpsf": 19.968900680541992,
            "sigmapsf": 0.17941400408744812,
            "magnr": 21.584999084472656,
            "sigmagnr": 0.12700000405311584,
            "magzpsci": 26.245899200439453,
            "isdiffpos": "t",
            "ssdistnr": null,
            "ssnamenr": null,
            "drb": null
        },
        {
            "candid": 1716253214715015004,
            "jd": 2459470.7532176,
            "ra": 327.2381854,
            "dec": -9.0711231,
            "fid": 2,
            "nid": 1716,
            "magpsf": 20.070709228515625,
            "sigmapsf": 0.13658900558948517,
            "magnr": 21.584999084472656,
            "sigmagnr": 0.12700000405311584,
            "magzpsci": 26.313709259033203,
            "isdiffpos": "t",
            "ssdistnr": -999.0,
            "ssnamenr": "null",
            "drb": null
        },
        {
            "jd": 2459381.8980556,
            "fid": 2,
            "diffmaglim": 18.68160057067871
        },
        {
            "jd": 2459384.8570718,
            "fid": 2,
            "diffmaglim": 19.274599075317383
        },
        {
            "jd": 2459384.8818287,
            "fid": 1,
            "diffmaglim": 19.84869956970215
        },
        {
            "jd": 2459386.8781366,
            "fid": 2,
            "diffmaglim": 19.847400665283203
        },
        {
            "jd": 2459386.9388194,
            "fid": 1,
            "diffmaglim": 20.4143009185791
        },
        {
            "jd": 2459390.8690972,
            "fid": 2,
            "diffmaglim": 19.358800888061523
        },
        {
            "jd": 2459390.938669,
            "fid": 1,
            "diffmaglim": 19.200000762939453
        },
        {
            "jd": 2459395.9000926,
            "fid": 1,
            "diffmaglim": 18.35059928894043
        },
        {
            "jd": 2459397.897581,
            "fid": 2,
            "diffmaglim": 20.29199981689453
        },
        {
            "jd": 2459397.9388657,
            "fid": 1,
            "diffmaglim": 20.2814998626709
        },
        {
            "jd": 2459401.8969792,
            "fid": 1,
            "diffmaglim": 20.451099395751953
        },
        {
            "jd": 2459403.9192245,
            "fid": 2,
            "diffmaglim": 20.499500274658203
        },
        {
            "jd": 2459405.9203356,
            "fid": 2,
            "diffmaglim": 20.36680030822754
        },
        {
            "jd": 2459405.9405556,
            "fid": 1,
            "diffmaglim": 20.417299270629883
        },
        {
            "jd": 2459407.9193287,
            "fid": 2,
            "diffmaglim": 19.938199996948242
        },
        {
            "jd": 2459409.9404167,
            "fid": 2,
            "diffmaglim": 20.409799575805664
        },
        {
            "jd": 2459416.8590856,
            "fid": 1,
            "diffmaglim": 17.735200881958008
        },
        {
            "jd": 2459438.8351736,
            "fid": 2,
            "diffmaglim": 19.625499725341797
        },
        {
            "jd": 2459446.9341435,
            "fid": 1,
            "diffmaglim": 19.029199600219727
        },
        {
            "jd": 2459450.8354977,
            "fid": 2,
            "diffmaglim": 18.124900817871094
        },
        {
            "jd": 2459450.8995718,
            "fid": 1,
            "diffmaglim": 18.161500930786133
        }
    ],
    "forcedphot": []
}