{
    "objectId": "ZTF20actpatx",
    "candidates": [
        {
            "candid": 1424155490715015005,
            "jd": 2459178.6554977,
            "ra": 345.6102944,
            "dec": 1.3066403,
            "fid": 1,
            "nid": 1424,
            "magpsf": 19.3080997467041,
            "sigmapsf": 0.18250200152397156,
            "magnr": 17.888999938964844,
            "sigmagnr": 0.07999999821186066,
            "magzpsci": 26.35810089111328,
            "isdiffpos": "t",
            "ssdistnr": -999.0,
            "ssnamenr": "null",
            "drb": 0.9951919913291931
        },
        {
            "candid": 1424196900715015001,
            "jd": 2459178.6969097,
            "ra": 345.6102921,
            "dec": 1.3066567,
            "fid": 2,
            "nid": 1424,
            "magpsf": 19.301799774169922,
            "sigmapsf": 0.1748889982700348,
            "magnr": 17.398000717163086,
            "sigmagnr": 0.07699999958276749,
            "magzpsci": 26.234800338745117,
            "isdiffpos": "t",
            "ssdistnr": -999.0,
            "ssnamenr": "null",
            "drb": 0.9995710253715515
        },
        {
            "candid": 1426118000715015004,
            "jd": 2459180.6180093,
            "ra": 345.610222,
            "dec": 1.3066442,
            "fid": 2,
            "nid": 1426,
            "magpsf": 19.016000747680664,
            "sigmapsf": 0.1931930035352707,
            "magnr": 17.398000717163086,
            "sigmagnr": 0.07699999958276749,
            "magzpsci": 26.233999252319336,
            "isdiffpos": "t",
            "ssdistnr": -999.0,
            "ssnamenr": "null",
            "drb": 0.9985049962997437
        },
        {
            "candid": 1426160780715015002,
            "jd": 2459180.660787,
            "ra": 345.610262,
            "dec": 1.306587,
            "fid": 1,
            "nid": 1426,
            "magpsf": 18.422800064086914,
            "sigmapsf": 0.17335599660873413,
            "magnr": 17.888999938964844,
            "sigmagnr": 0.07999999821186066,
            "magzpsci": 26.27869987487793,
            "isdiffpos": "t",
            "ssdistnr": -999.0,
            "ssnamenr": "null",
            "drb": 0.955551028251648
        },
        {
            "candid": 1428107680715015004,
            "jd": 2459182.6076852,
            "ra": 345.6102313,
            "dec": 1.3066948,
            "fid": 2,
            "nid": 1428,
            "magpsf": 18.57309913635254,
            "sigmapsf": 0.10470499843358994,
            "magnr": 17.398000717163086,
            "sigmagnr": 0.07699999958276749,
            "magzpsci": 26.275100708007812,
            "isdiffpos": "t",
            "ssdistnr": -999.0,
            "ssnamenr": "null",
            "drb": 0.9998350143432617
        },
        {
            "candid": 1428145190715015003,
            "jd": 2459182.6451968,
            "ra": 345.6102341,
            "dec": 1.306706,
            "fid": 1,
            "nid": 1428,
            "magpsf": 18.48889923095703,
            "sigmapsf": 0.09654500335454941,
            "magnr": 17.888999938964844,
            "sigmagnr": 0.07999999821186066,
            "magzpsci": 26.353900909423828,
            "isdiffpos": "t",
            "ssdistnr": -999.0,
            "ssnamenr": "null",
            "drb": 0.9995970129966736
        },
        {
            "candid": 1430120610715015006,
            "jd": 2459184.6206134,
            "ra": 345.6102976,
            "dec": 1.3066895,
            "fid": 2,
            "nid": 1430,
            "magpsf": 18.43560028076172,
            "sigmapsf": 0.09469400346279144,
            "magnr": 17.398000717163086,
            "sigmagnr": 0.07699999958276749,
            "magzpsci": 26.265600204467773,
            "isdiffpos": "t",
            "ssdistnr": -999.0,
            "ssnamenr": "null",
            "drb": 0.9999150037765503
        },
        {
            "candid": 1430162840715015002,
            "jd": 2459184.6628472,
            "ra": 345.6102348,
            "dec": 1.3067012,
            "fid": 1,
            "nid": 1430,
            "magpsf": 18.279300689697266,
            "sigmapsf": 0.07748699933290482,
            "magnr": 17.888999938964844,
            "sigmagnr": 0.07999999821186066,
            "magzpsci": 26.314300537109375,
            "isdiffpos": "t",
            "ssdistnr": -999.0,
            "ssnamenr": "null",
            "drb": 0.9997360110282898
        },
        {
            "candid": 1432108490715015003,
            "jd": 2459186.6084954,
            "ra": 345.6102666,
            "dec": 1.3066079,
            "fid": 2,
            "nid": 1432,
            "magpsf": 18.287500381469727,
            "sigmapsf": 0.08596400171518326,
            "magnr": 17.398000717163086,
            "sigmagnr": 0.07699999958276749,
            "magzpsci": 26.22949981689453,
            "isdiffpos": "t",
            "ssdistnr": -999.0,
            "ssnamenr": "null",
            "drb": 0.9999229907989502
        },
        {
            "candid": 1435145980715015008,
            "jd": 2459189.6459838,
            "ra": 345.6102865,
            "dec": 1.3067099,
            "fid": 1,
            "nid": 1435,
            "magpsf": 18.008499145507812,
            "sigmapsf": 0.054134998470544815,
            "magnr": 17.888999938964844,
            "sigmagnr": 0.07999999821186066,
            "magzpsci": 26.344499588012695,
            "isdiffpos": "t",
            "ssdistnr": -999.0,
            "ssnamenr": "null",
            "drb": 0.9999120235443115
        },
        {
            "candid": 1435198280715015006,
            "jd": 2459189.698287,
            "ra": 345.6102083,
            "dec": 1.3066251,
            "fid": 2,
            "nid": 1435,
            "magpsf": 18.127700805664062,
            "sigmapsf": 0.05521300062537193,
            "magnr": 17.398000717163086,
            "sigmagnr": 0.07699999958276749,
            "magzpsci": 26.233699798583984,
            "isdiffpos": "t",
            "ssdistnr": -999.0,
            "ssnamenr": "null",
            "drb": 0.9999970197677612
        },
        {
            "candid": 1438131240715015068,
            "jd": 2459192.63125,
            "ra": 345.6102802,
            "dec": 1.3066426,
            "fid": 2,
            "nid": 1438,
            "magpsf": 18.055500030517578,
            "sigmapsf": 0.08995000272989273,
            "magnr": 17.398000717163086,
            "sigmagnr": 0.07699999958276749,
            "magzpsci": 25.886499404907227,
            "isdiffpos": "t",
            "ssdistnr": -999.0,
            "ssnamenr": "null",
            "drb": 0.9974920153617859
        },
        {
            "candid": 1438184940715015001,
            "jd": 2459192.6849421,
            "ra": 345.6102541,
            "dec": 1.3066528,
            "fid": 1,
            "nid": 1438,
            "magpsf": 18.13330078125,
            "sigmapsf": 0.09071999788284302,
            "magnr": 17.888999938964844,
            "sigmagnr": 0.07999999821186066,
            "magzpsci": 26.200300216674805,
            "isdiffpos": "t",
            "ssdistnr": -999.0,
            "ssnamenr": "null",
            "drb": 0.9978960156440735
        },
        {
            "candid": 1440124860715015007,
            "jd": 2459194.6248611,
            "ra": 345.6102589,
            "dec": 1.3066836,
            "fid": 2,
            "nid": 1440,
            "magpsf": 18.153799057006836,
            "sigmapsf": 0.055587999522686005,
            "magnr": 17.398000717163086,
            "sigmagnr": 0.07699999958276749,
            "magzpsci": 26.25480079650879,
            "isdiffpos": "t",
            "ssdistnr": -999.0,
            "ssnamenr": "null",
            "drb": 0.9999570250511169
        },
        {
            "candid": 1440180200715015010,
            "jd": 2459194.6802083,
            "ra": 345.6102347,
            "dec": 1.3066786,
            "fid": 1,
            "nid": 1440,
            "magpsf": 18.10449981689453,
            "sigmapsf": 0.0688759982585907,
            "magnr": 17.888999938964844,
            "sigmagnr": 0.07999999821186066,
            "magzpsci": 26.25349998474121,
            "isdiffpos": "t",
            "ssdistnr": -999.0,
            "ssnamenr": "null",
            "drb": 0.9993680119514465
        },
        {
            "candid": 1443107700715015005,
            "jd": 2459197.6077083,
            "ra": 345.6101958,
            "dec": 1.3066743,
            "fid": 1,
            "nid": 1443,
            "magpsf": 18.071500778198242,
            "sigmapsf": 0.16626299917697906,
            "magnr": 17.888999938964844,
            "sigmagnr": 0.07999999821186066,
            "magzpsci": 24.585500717163086,
            "isdiffpos": "t",
            "ssdistnr": -999.0,
            "ssnamenr": "null",
            "drb": 0.8411870002746582
        },
        {
            "candid": 1445108850715015007,
            "jd": 2459199.6088542,
            "ra": 345.6102583,
            "dec": 1.3066647,
            "fid": 2,
            "nid": 1445,
            "magpsf": 18.209699630737305,
            "sigmapsf": 0.06420300155878067,
            "magnr": 17.398000717163086,
            "sigmagnr": 0.07699999958276749,
            "magzpsci": 26.259700775146484,
            "isdiffpos": "t",
            "ssdistnr": -999.0,
            "ssnamenr": "null",
            "drb": 0.9999269843101501
        },
        {
            "candid": 1445186090715015003,
            "jd": 2459199.6860995,
            "ra": 345.6102578,
            "dec": 1.3066613,
            "fid": 1,
            "nid": 1445,
            "magpsf": 18.271400451660156,
            "sigmapsf": 0.08302599936723709,
            "magnr": 17.888999938964844,
            "sigmagnr": 0.07999999821186066,
            "magzpsci": 26.240400314331055,
            "isdiffpos": "t",
            "ssdistnr": -999.0,
            "ssnamenr": "null",
            "drb": 0.9993630051612854
        },
        {
            "candid": 1448150170715015004,
            "jd": 2459202.6501736,
            "ra": 345.6102093,
            "dec": 1.3066572,
            "fid": 1,
            "nid": 1448,
            "magpsf": 18.403799057006836,
            "sigmapsf": 0.07240699976682663,
            "magnr": 17.888999938964844,
            "sigmagnr": 0.07999999821186066,
            "magzpsci": 26.28580093383789,
            "isdiffpos": "t",
            "ssdistnr": -999.0,
            "ssnamenr": "null",
            "drb": 0.9999589920043945
        },
        {
            "candid": 1451097460715015002,
            "jd": 2459205.5974653,
            "ra": 345.6102642,
            "dec": 1.3066858,
            "fid": 1,
            "nid": 1451,
            "magpsf": 18.716100692749023,
            "sigmapsf": 0.08056800067424774,
            "magnr": 17.888999938964844,
            "sigmagnr": 0.07999999821186066,
            "magzpsci": 26.359100341796875,
            "isdiffpos": "t",
            "ssdistnr": -999.0,
            "ssnamenr": "null",
            "drb": 0.9997320175170898
        },
        {
            "candid": 1451097460715025002,
            "jd": 2459205.5974653,
            "ra": 345.6102642,
            "dec": 1.3066858,
            "fid": 1,
            "nid": 1451,
            "magpsf": 18.716100692749023,
            "sigmapsf": 0.08056800067424774,
            "magnr": 17.888999938964844,
            "sigmagnr": 0.07999999821186066,
            "magzpsci": 26.359100341796875,
            "isdiffpos": "t",
            "ssdistnr": -999.0,
            "ssnamenr": "-999.0",
            "drb": null
        },
        {
            "candid": 1451130940715015001,
            "jd": 2459205.6309491,
            "ra": 345.610252,
            "dec": 1.3066618,
            "fid": 2,
            "nid": 1451,
            "magpsf": 18.55820083618164,
            "sigmapsf": 0.08279000222682953,
            "magnr": 17.398000717163086,
            "sigmagnr": 0.07699999958276749,
            "magzpsci": 26.23419952392578,
            "isdiffpos": "t",
            "ssdistnr": -999.0,
            "ssnamenr": "null",
            "drb": 0.9999939799308777
        },
        {
            "candid": 1451130940715025001,
            "jd": 2459205.6309491,
            "ra": 345.610252,
            "dec": 1.3066618,
            "fid": 2,
            "nid": 1451,
            "magpsf": 18.55820083618164,
            "sigmapsf": 0.08279000222682953,
            "magnr": 17.398000717163086,
            "sigmagnr": 0.07699999958276749,
            "magzpsci": 26.23419952392578,
            "isdiffpos": "t",
            "ssdistnr": -999.0,
            "ssnamenr": "-999.0",
            "drb": null
        },
        {
            "candid": 1457114580715015002,
            "jd": 2459211.6145833,
            "ra": 345.6102972,
            "dec": 1.306661,
            "fid": 1,
            "nid": 1457,
            "magpsf": 19.033700942993164,
            "sigmapsf": 0.20649099349975586,
            "magnr": 17.888999938964844,
            "sigmagnr": 0.07999999821186066,
            "magzpsci": 26.28969955444336,
            "isdiffpos": "t",
            "ssdistnr": -999.0,
            "ssnamenr": "null",
            "drb": 0.9880390167236328
        },
        {
            "candid": 1457140430715015007,
            "jd": 2459211.6404398,
            "ra": 345.610327,
            "dec": 1.3065597,
            "fid": 2,
            "nid": 1457,
            "magpsf": 18.79960060119629,
            "sigmapsf": 0.10952799767255783,
            "magnr": 17.398000717163086,
            "sigmagnr": 0.07699999958276749,
            "magzpsci": 26.219600677490234,
            "isdiffpos": "t",
            "ssdistnr": -999.0,
            "ssnamenr": "null",
            "drb": 0.9964990019798279
        },
        {
            "candid": 1462102430715015001,
            "jd": 2459216.6024306,
            "ra": 345.6102167,
            "dec": 1.3066925,
            "fid": 2,
            "nid": 1462,
            "magpsf": 19.055099487304688,
            "sigmapsf": 0.22968600690364838,
            "magnr": 17.398000717163086,
            "sigmagnr": 0.07699999958276749,
            "magzpsci": 25.379100799560547,
            "isdiffpos": "t",
            "ssdistnr": -999.0,
            "ssnamenr": "-999.0",
            "drb": null
        },
        {
            "candid": 1464132400715015004,
            "jd": 2459218.6324074,
            "ra": 345.6102373,
            "dec": 1.3066889,
            "fid": 2,
            "nid": 1464,
            "magpsf": 18.98900032043457,
            "sigmapsf": 0.08592800050973892,
            "magnr": 17.398000717163086,
            "sigmagnr": 0.07699999958276749,
            "magzpsci": 26.176000595092773,
            "isdiffpos": "t",
            "ssdistnr": -999.0,
            "ssnamenr": "null",
            "drb": 0.9999799728393555
        },
        {
            "candid": 1466145320715015002,
            "jd": 2459220.6453241,
            "ra": 345.6103151,
            "dec": 1.306667,
            "fid": 1,
            "nid": 1466,
            "magpsf": 19.720600128173828,
            "sigmapsf": 0.19115899503231049,
            "magnr": 17.888999938964844,
            "sigmagnr": 0.07999999821186066,
            "magzpsci": 26.123600006103516,
            "isdiffpos": "t",
            "ssdistnr": -999.0,
            "ssnamenr": "null",
            "drb": 0.9914180040359497
        },
        {
            "candid": 1473134340715015003,
            "jd": 2459227.6343403,
            "ra": 345.6102763,
            "dec": 1.306681,
            "fid": 2,
            "nid": 1473,
            "magpsf": 19.27280044555664,
            "sigmapsf": 0.19834400713443756,
            "magnr": 17.398000717163086,
            "sigmagnr": 0.07699999958276749,
            "magzpsci": 25.95479965209961,
            "isdiffpos": "t",
            "ssdistnr": -999.0,
            "ssnamenr": "null",
            "drb": 0.9927470088005066
        },
        {
            "jd": 2459151.71642,
            "fid": 2,
            "diffmaglim": 19.5
        },
        {
            "jd": 2459151.75907,
            "fid": 1,
            "diffmaglim": 19.283000946044922
        },
        {
            "jd": 2459153.60799,
            "fid": 2,
            "diffmaglim": 19.57900047302246
        },
        {
            "jd": 2459153.6925,
            "fid": 1,
            "diffmaglim": 19.333999633789062
        },
        {
            "jd": 2459155.66862,
            "fid": 1,
            "diffmaglim": 19.749000549316406
        },
        {
            "jd": 2459155.74454,
            "fid": 2,
            "diffmaglim": 19.94499969482422
        },
        {
            "jd": 2459157.71461,
            "fid": 2,
            "diffmaglim": 20.05699920654297
        },
        {
            "jd": 2459157.80653,
            "fid": 1,
            "diffmaglim": 19.33300018310547
        },
        {
            "jd": 2459164.73413,
            "fid": 1,
            "diffmaglim": 20.0049991607666
        },
        {
            "jd": 2459167.67265,
            "fid": 1,
            "diffmaglim": 20.4950008392334
        },
        {
            "jd": 2459167.69353,
            "fid": 2,
            "diffmaglim": 20.405000686645508
        },
        {
            "jd": 2459169.72847,
            "fid": 1,
            "diffmaglim": 20.305999755859375
        },
        {
            "jd": 2459169.77066,
            "fid": 2,
            "diffmaglim": 19.878999710083008
        },
        {
            "jd": 2459172.61453,
            "fid": 1,
            "diffmaglim": 20.513999938964844
        },
        {
            "jd": 2459172.77069,
            "fid": 2,
            "diffmaglim": 20.06599998474121
        },
        {
            "jd": 2459174.60676,
            "fid": 2,
            "diffmaglim": 19.597000122070312
        },
        {
            "jd": 2459174.64947,
            "fid": 1,
            "diffmaglim": 20.079999923706055
        },
        {
            "jd": 2459197.68572,
            "fid": 2,
            "diffmaglim": 17.323999404907227
        }
    ],
    "forcedphot": []
}