{
    "objectId": "ZTF21aaufthj",
    "candidates": [
        {
            "candid": 1559207345215015021,
            "jd": 2459313.7073495,
            "ra": 151.8058034,
            "dec": 14.7731456,
            "fid": 2,
            "nid": 1559,
            "magpsf": 20.6924991607666,
            "sigmapsf": 0.3432759940624237,
            "magnr": 20.572999954223633,
            "sigmagnr": 0.10499999672174454,
            "magzpsci": 26.196500778198242,
            "isdiffpos": "t",
            "ssdistnr": null,
            "ssnamenr": null,
            "drb": null
        },
        {
            "candid": 1561192805215015022,
            "jd": 2459315.6928009,
            "ra": 151.8056489,
            "dec": 14.7730585,
            "fid": 1,
            "nid": 1561,
            "magpsf": 19.89240074157715,
            "sigmapsf": 0.17033499479293823,
            "magnr": 21.042999267578125,
            "sigmagnr": 0.0689999982714653,
            "magzpsci": 26.319400787353516,
            "isdiffpos": "t",
            "ssdistnr": null,
            "ssnamenr": null,
            "drb": null
        },
        {
            "candid": 1563172075215015031,
            "jd": 2459317.6720718,
            "ra": 151.8056556,
            "dec": 14.773061,
            "fid": 1,
            "nid": 1563,
            "magpsf": 19.23550033569336,
            "sigmapsf": 0.11227700114250183,
            "magnr": 21.042999267578125,
            "sigmagnr": 0.0689999982714653,
            "magzpsci": 26.344499588012695,
            "isdiffpos": "t",
            "ssdistnr": null,
            "ssnamenr": null,
            "drb": null
        },
        {
            "candid": 1563172075215025031,
            "jd": 2459317.6720718,
            "ra": 151.8056556,
            "dec": 14.773061,
            "fid": 1,
            "nid": 1563,
            "magpsf": 19.23550033569336,
            "sigmapsf": 0.11227700114250183,
            "magnr": 21.042999267578125,
            "sigmagnr": 0.0689999982714653,
            "magzpsci": 26.344499588012695,
            "isdiffpos": "t",
            "ssdistnr": null,
            "ssnamenr": null,
            "drb": null
        },
        {
            "candid": 1566171825215015019,
            "jd": 2459320.6718287,
            "ra": 151.8056877,
            "dec": 14.7730237,
            "fid": 1,
            "nid": 1566,
            "magpsf": 18.589599609375,
            "sigmapsf": 0.07806800305843353,
            "magnr": 21.042999267578125,
            "sigmagnr": 0.0689999982714653,
            "magzpsci": 26.2096004486084,
            "isdiffpos": "t",
            "ssdistnr": null,
            "ssnamenr": null,
            "drb": null
        },
        {
            "candid": 1568192555215015007,
            "jd": 2459322.6925579,
            "ra": 151.8056865,
            "dec": 14.773013,
            "fid": 1,
            "nid": 1568,
            "magpsf": 18.365999221801758,
            "sigmapsf": 0.07842200249433517,
            "magnr": 21.042999267578125,
            "sigmagnr": 0.0689999982714653,
            "magzpsci": 26.219999313354492,
            "isdiffpos": "t",
            "ssdistnr": null,
            "ssnamenr": null,
            "drb": null
        },
        {
            "candid": 1568235615215015013,
            "jd": 2459322.7356134,
            "ra": 151.8056952,
            "dec": 14.7730431,
            "fid": 2,
            "nid": 1568,
            "magpsf": 18.39150047302246,
            "sigmapsf": 0.07069999724626541,
            "magnr": 20.572999954223633,
            "sigmagnr": 0.10499999672174454,
            "magzpsci": 26.15850067138672,
            "isdiffpos": "t",
            "ssdistnr": null,
            "ssnamenr": null,
            "drb": null
        },
        {
            "candid": 1574170545215015009,
            "jd": 2459328.670544,
            "ra": 151.8056847,
            "dec": 14.7730427,
            "fid": 2,
            "nid": 1574,
            "magpsf": 18.14349937438965,
            "sigmapsf": 0.06746599823236465,
            "magnr": 20.572999954223633,
            "sigmagnr": 0.10499999672174454,
            "magzpsci": 26.256500244140625,
            "isdiffpos": "t",
            "ssdistnr": null,
            "ssnamenr": null,
            "drb": null
        },
        {
            "candid": 1574190315215015013,
            "jd": 2459328.6903125,
            "ra": 151.8057046,
            "dec": 14.7730732,
            "fid": 1,
            "nid": 1574,
            "magpsf": 18.112199783325195,
            "sigmapsf": 0.08924800157546997,
            "magnr": 21.042999267578125,
            "sigmagnr": 0.0689999982714653,
            "magzpsci": 26.310199737548828,
            "isdiffpos": "t",
            "ssdistnr": null,
            "ssnamenr": null,
            "drb": null
        },
        {
            "candid": 1580172155215015018,
            "jd": 2459334.6721528,
            "ra": 151.8056752,
            "dec": 14.7730465,
            "fid": 1,
            "nid": 1580,
            "magpsf": 18.260400772094727,
            "sigmapsf": 0.07155899703502655,
            "magnr": 21.042999267578125,
            "sigmagnr": 0.0689999982714653,
            "magzpsci": 26.31439971923828,
            "isdiffpos": "t",
            "ssdistnr": null,
            "ssnamenr": null,
            "drb": null
        },
        {
            "candid": 1580291775215015021,
            "jd": 2459334.7917708,
            "ra": 151.8057112,
            "dec": 14.7730426,
            "fid": 2,
            "nid": 1580,
            "magpsf": 18.125699996948242,
            "sigmapsf": 0.07131800055503845,
            "magnr": 20.572999954223633,
            "sigmagnr": 0.10499999672174454,
            "magzpsci": 26.18269920349121,
            "isdiffpos": "t",
            "ssdistnr": null,
            "ssnamenr": null,
            "drb": null
        },
        {
            "candid": 1582192165215015021,
            "jd": 2459336.6921644,
            "ra": 151.8056733,
            "dec": 14.773037,
            "fid": 2,
            "nid": 1582,
            "magpsf": 18.23961067199707,
            "sigmapsf": 0.06810799986124039,
            "magnr": 20.572999954223633,
            "sigmagnr": 0.10499999672174454,
            "magzpsci": 26.210609436035156,
            "isdiffpos": "t",
            "ssdistnr": -999.0,
            "ssnamenr": "null",
            "drb": null
        },
        {
            "candid": 1582192165215025021,
            "jd": 2459336.6921644,
            "ra": 151.8056733,
            "dec": 14.773037,
            "fid": 2,
            "nid": 1582,
            "magpsf": 18.239599227905273,
            "sigmapsf": 0.06810799986124039,
            "magnr": 20.572999954223633,
            "sigmagnr": 0.10499999672174454,
            "magzpsci": 26.210599899291992,
            "isdiffpos": "t",
            "ssdistnr": null,
            "ssnamenr": null,
            "drb": null
        },
        {
            "candid": 1582192165215035021,
            "jd": 2459336.6921644,
            "ra": 151.8056733,
            "dec": 14.773037,
            "fid": 2,
            "nid": 1582,
            "magpsf": 18.239599227905273,
            "sigmapsf": 0.06810799986124039,
            "magnr": 20.572999954223633,
            "sigmagnr": 0.10499999672174454,
            "magzpsci": 26.210599899291992,
            "isdiffpos": "t",
            "ssdistnr": null,
            "ssnamenr": null,
            "drb": null
        },
        {
            "candid": 1584173285215015012,
            "jd": 2459338.673287,
            "ra": 151.8056921,
            "dec": 14.7730589,
            "fid": 1,
            "nid": 1584,
            "magpsf": 18.458499908447266,
            "sigmapsf": 0.09603500366210938,
            "magnr": 21.042999267578125,
            "sigmagnr": 0.0689999982714653,
            "magzpsci": 26.282499313354492,
            "isdiffpos": "t",
            "ssdistnr": null,
            "ssnamenr": null,
            "drb": null
        },
        {
            "candid": 1584214405215015019,
            "jd": 2459338.7144097,
            "ra": 151.8056846,
            "dec": 14.7730629,
            "fid": 2,
            "nid": 1584,
            "magpsf": 18.34320068359375,
            "sigmapsf": 0.056887999176979065,
            "magnr": 20.572999954223633,
            "sigmagnr": 0.10499999672174454,
            "magzpsci": 26.177200317382812,
            "isdiffpos": "t",
            "ssdistnr": null,
            "ssnamenr": null,
            "drb": null
        },
        {
            "candid": 1586184605215015018,
            "jd": 2459340.6846065,
            "ra": 151.805685,
            "dec": 14.773037,
            "fid": 1,
            "nid": 1586,
            "magpsf": 18.54210090637207,
            "sigmapsf": 0.10302899777889252,
            "magnr": 21.042999267578125,
            "sigmagnr": 0.0689999982714653,
            "magzpsci": 26.28510093688965,
            "isdiffpos": "t",
            "ssdistnr": null,
            "ssnamenr": null,
            "drb": null
        },
        {
            "candid": 1586248995215015015,
            "jd": 2459340.7489931,
            "ra": 151.8057054,
            "dec": 14.7730663,
            "fid": 2,
            "nid": 1586,
            "magpsf": 18.48069953918457,
            "sigmapsf": 0.06745000183582306,
            "magnr": 20.572999954223633,
            "sigmagnr": 0.10499999672174454,
            "magzpsci": 26.148700714111328,
            "isdiffpos": "t",
            "ssdistnr": null,
            "ssnamenr": null,
            "drb": null
        },
        {
            "candid": 1588224985215015008,
            "jd": 2459342.7249884,
            "ra": 151.8056797,
            "dec": 14.773035,
            "fid": 1,
            "nid": 1588,
            "magpsf": 18.770599365234375,
            "sigmapsf": 0.09230600297451019,
            "magnr": 21.042999267578125,
            "sigmagnr": 0.0689999982714653,
            "magzpsci": 26.234600067138672,
            "isdiffpos": "t",
            "ssdistnr": null,
            "ssnamenr": null,
            "drb": null
        },
        {
            "candid": 1588269235215015008,
            "jd": 2459342.7692361,
            "ra": 151.8057081,
            "dec": 14.7730155,
            "fid": 2,
            "nid": 1588,
            "magpsf": 18.646400451660156,
            "sigmapsf": 0.10543099790811539,
            "magnr": 20.572999954223633,
            "sigmagnr": 0.10499999672174454,
            "magzpsci": 26.102399826049805,
            "isdiffpos": "t",
            "ssdistnr": null,
            "ssnamenr": null,
            "drb": null
        },
        {
            "candid": 1590177715215015015,
            "jd": 2459344.6777199,
            "ra": 151.8056908,
            "dec": 14.7730374,
            "fid": 1,
            "nid": 1590,
            "magpsf": 18.89109992980957,
            "sigmapsf": 0.09765200316905975,
            "magnr": 21.042999267578125,
            "sigmagnr": 0.0689999982714653,
            "magzpsci": 26.25909996032715,
            "isdiffpos": "t",
            "ssdistnr": null,
            "ssnamenr": null,
            "drb": null
        },
        {
            "candid": 1590192615215015021,
            "jd": 2459344.6926157,
            "ra": 151.8056804,
            "dec": 14.7730503,
            "fid": 2,
            "nid": 1590,
            "magpsf": 18.674100875854492,
            "sigmapsf": 0.07710400223731995,
            "magnr": 20.572999954223633,
            "sigmagnr": 0.10499999672174454,
            "magzpsci": 26.152099609375,
            "isdiffpos": "t",
            "ssdistnr": null,
            "ssnamenr": null,
            "drb": null
        },
        {
            "candid": 1592177115215015013,
            "jd": 2459346.6771181,
            "ra": 151.8056889,
            "dec": 14.7730443,
            "fid": 1,
            "nid": 1592,
            "magpsf": 19.087900161743164,
            "sigmapsf": 0.11898399889469147,
            "magnr": 21.042999267578125,
            "sigmagnr": 0.0689999982714653,
            "magzpsci": 26.23189926147461,
            "isdiffpos": "t",
            "ssdistnr": 29.0,
            "ssnamenr": "85089",
            "drb": null
        },
        {
            "candid": 1594177585215015014,
            "jd": 2459348.677581,
            "ra": 151.8056963,
            "dec": 14.7730237,
            "fid": 2,
            "nid": 1594,
            "magpsf": 18.877099990844727,
            "sigmapsf": 0.1262570023536682,
            "magnr": 20.572999954223633,
            "sigmagnr": 0.10499999672174454,
            "magzpsci": 26.16510009765625,
            "isdiffpos": "t",
            "ssdistnr": null,
            "ssnamenr": null,
            "drb": null
        },
        {
            "candid": 1594228245215015014,
            "jd": 2459348.7282407,
            "ra": 151.8056983,
            "dec": 14.7730481,
            "fid": 1,
            "nid": 1594,
            "magpsf": 19.219499588012695,
            "sigmapsf": 0.11899200081825256,
            "magnr": 21.042999267578125,
            "sigmagnr": 0.0689999982714653,
            "magzpsci": 26.227500915527344,
            "isdiffpos": "t",
            "ssdistnr": null,
            "ssnamenr": null,
            "drb": null
        },
        {
            "candid": 1596214935215015016,
            "jd": 2459350.7149306,
            "ra": 151.8056891,
            "dec": 14.7730256,
            "fid": 2,
            "nid": 1596,
            "magpsf": 18.89229965209961,
            "sigmapsf": 0.13082699477672577,
            "magnr": 20.572999954223633,
            "sigmagnr": 0.10499999672174454,
            "magzpsci": 26.124300003051758,
            "isdiffpos": "t",
            "ssdistnr": null,
            "ssnamenr": null,
            "drb": null
        },
        {
            "candid": 1602234885215015008,
            "jd": 2459356.7348843,
            "ra": 151.8055641,
            "dec": 14.773111,
            "fid": 2,
            "nid": 1602,
            "magpsf": 18.963300704956055,
            "sigmapsf": 0.19406600296497345,
            "magnr": 20.572999954223633,
            "sigmagnr": 0.10499999672174454,
            "magzpsci": 26.128299713134766,
            "isdiffpos": "t",
            "ssdistnr": null,
            "ssnamenr": null,
            "drb": null
        },
        {
            "candid": 1607195985215015015,
            "jd": 2459361.6959838,
            "ra": 151.8056644,
            "dec": 14.7730619,
            "fid": 2,
            "nid": 1607,
            "magpsf": 19.101259231567383,
            "sigmapsf": 0.1411599963903427,
            "magnr": 20.572999954223633,
            "sigmagnr": 0.10499999672174454,
            "magzpsci": 26.211259841918945,
            "isdiffpos": "t",
            "ssdistnr": -999.0,
            "ssnamenr": "null",
            "drb": null
        },
        {
            "jd": 2459291.7369444,
            "fid": 2,
            "diffmaglim": 20.478700637817383
        },
        {
            "jd": 2459293.7333912,
            "fid": 2,
            "diffmaglim": 20.3075008392334
        },
        {
            "jd": 2459293.7781019,
            "fid": 1,
            "diffmaglim": 20.286300659179688
        },
        {
            "jd": 2459296.7479745,
            "fid": 2,
            "diffmaglim": 19.539199829101562
        },
        {
            "jd": 2459296.809456,
            "fid": 1,
            "diffmaglim": 19.295799255371094
        },
        {
            "jd": 2459301.7547685,
            "fid": 1,
            "diffmaglim": 18.70709991455078
        },
        {
            "jd": 2459301.8114583,
            "fid": 2,
            "diffmaglim": 18.54199981689453
        },
        {
            "jd": 2459303.7559954,
            "fid": 1,
            "diffmaglim": 19.56719970703125
        },
        {
            "jd": 2459303.8190394,
            "fid": 2,
            "diffmaglim": 19.481700897216797
        },
        {
            "jd": 2459305.7708565,
            "fid": 1,
            "diffmaglim": 19.7362003326416
        },
        {
            "jd": 2459307.6565162,
            "fid": 1,
            "diffmaglim": 20.788299560546875
        },
        {
            "jd": 2459307.7289699,
            "fid": 2,
            "diffmaglim": 20.489299774169922
        },
        {
            "jd": 2459309.6709838,
            "fid": 1,
            "diffmaglim": 19.845600128173828
        },
        {
            "jd": 2459309.712419,
            "fid": 2,
            "diffmaglim": 20.14620018005371
        },
        {
            "jd": 2459311.7071528,
            "fid": 1,
            "diffmaglim": 19.65399932861328
        },
        {
            "jd": 2459324.6903125,
            "fid": 2,
            "diffmaglim": 19.97410011291504
        },
        {
            "jd": 2459356.6823032,
            "fid": 1,
            "diffmaglim": 19.36829948425293
        },
        {
            "jd": 2459358.7392824,
            "fid": 1,
            "diffmaglim": 18.845699310302734
        }
    ],
    "forcedphot": []
}