{
    "objectId": "ZTF23abtniaf",
    "candidates": [
        {
            "candid": 2536547331815015002,
            "jd": 2460291.047338,
            "ra": 216.0835387,
            "dec": -3.6976779,
            "fid": 2,
            "nid": 2536,
            "magpsf": 14.14780044555664,
            "sigmapsf": 0.023298999294638634,
            "magnr": 21.69099998474121,
            "sigmagnr": 0.13699999451637268,
            "magzpsci": 26.214799880981445,
            "isdiffpos": "t",
            "ssdistnr": null,
            "ssnamenr": null,
            "drb": 0.9987130165100098
        },
        {
            "candid": 2536549761815015002,
            "jd": 2460291.0497685,
            "ra": 216.0835377,
            "dec": -3.6976721,
            "fid": 2,
            "nid": 2536,
            "magpsf": 14.145500183105469,
            "sigmapsf": 0.020517000928521156,
            "magnr": 21.69099998474121,
            "sigmagnr": 0.13699999451637268,
            "magzpsci": 26.228500366210938,
            "isdiffpos": "t",
            "ssdistnr": null,
            "ssnamenr": null,
            "drb": null
        },
        {
            "candid": 2536552191815015002,
            "jd": 2460291.0521991,
            "ra": 216.0835472,
            "dec": -3.6976649,
            "fid": 2,
            "nid": 2536,
            "magpsf": 14.126700401306152,
            "sigmapsf": 0.024202000349760056,
            "magnr": 21.69099998474121,
            "sigmagnr": 0.13699999451637268,
            "magzpsci": 26.229700088500977,
            "isdiffpos": "t",
            "ssdistnr": null,
            "ssnamenr": null,
            "drb": null
        },
        {
            "candid": 2536554641815015001,
            "jd": 2460291.0546412,
            "ra": 216.083553,
            "dec": -3.6976497,
            "fid": 2,
            "nid": 2536,
            "magpsf": 14.149800300598145,
            "sigmapsf": 0.027351999655365944,
            "magnr": 21.69099998474121,
            "sigmagnr": 0.13699999451637268,
            "magzpsci": 26.234800338745117,
            "isdiffpos": "t",
            "ssdistnr": null,
            "ssnamenr": null,
            "drb": null
        },
        {
            "candid": 2536557071815015001,
            "jd": 2460291.0570718,
            "ra": 216.0835457,
            "dec": -3.6976696,
            "fid": 2,
            "nid": 2536,
            "magpsf": 14.14210033416748,
            "sigmapsf": 0.027317000553011894,
            "magnr": 21.69099998474121,
            "sigmagnr": 0.13699999451637268,
            "magzpsci": 26.23710060119629,
            "isdiffpos": "t",
            "ssdistnr": null,
            "ssnamenr": null,
            "drb": null
        },
        {
            "candid": 2537547701815015002,
            "jd": 2460292.0477083,
            "ra": 216.0835301,
            "dec": -3.6976801,
            "fid": 2,
            "nid": 2537,
            "magpsf": 14.183600425720215,
            "sigmapsf": 0.02512500062584877,
            "magnr": 21.69099998474121,
            "sigmagnr": 0.13699999451637268,
            "magzpsci": 26.22260093688965,
            "isdiffpos": "t",
            "ssdistnr": 15.0,
            "ssnamenr": "361931",
            "drb": null
        },
        {
            "candid": 2537550211815015002,
            "jd": 2460292.0502199,
            "ra": 216.0835423,
            "dec": -3.6976693,
            "fid": 2,
            "nid": 2537,
            "magpsf": 14.180000305175781,
            "sigmapsf": 0.02250099927186966,
            "magnr": 21.69099998474121,
            "sigmagnr": 0.13699999451637268,
            "magzpsci": 26.229000091552734,
            "isdiffpos": "t",
            "ssdistnr": 15.0,
            "ssnamenr": "361931",
            "drb": null
        },
        {
            "candid": 2537552711815015002,
            "jd": 2460292.0527199,
            "ra": 216.0835448,
            "dec": -3.6976753,
            "fid": 2,
            "nid": 2537,
            "magpsf": 14.175700187683105,
            "sigmapsf": 0.02306400053203106,
            "magnr": 21.69099998474121,
            "sigmagnr": 0.13699999451637268,
            "magzpsci": 26.234699249267578,
            "isdiffpos": "t",
            "ssdistnr": 16.0,
            "ssnamenr": "361931",
            "drb": null
        },
        {
            "candid": 2537555231815015003,
            "jd": 2460292.0552315,
            "ra": 216.0835128,
            "dec": -3.6976949,
            "fid": 2,
            "nid": 2537,
            "magpsf": 14.187600135803223,
            "sigmapsf": 0.024500999599695206,
            "magnr": 21.69099998474121,
            "sigmagnr": 0.13699999451637268,
            "magzpsci": 26.236600875854492,
            "isdiffpos": "t",
            "ssdistnr": 18.0,
            "ssnamenr": "361931",
            "drb": null
        },
        {
            "candid": 2537557731815015001,
            "jd": 2460292.0577315,
            "ra": 216.0835512,
            "dec": -3.6976781,
            "fid": 2,
            "nid": 2537,
            "magpsf": 14.175000190734863,
            "sigmapsf": 0.024636000394821167,
            "magnr": 21.69099998474121,
            "sigmagnr": 0.13699999451637268,
            "magzpsci": 26.23699951171875,
            "isdiffpos": "t",
            "ssdistnr": 19.0,
            "ssnamenr": "361931",
            "drb": null
        },
        {
            "candid": 2538551511815015001,
            "jd": 2460293.0515162,
            "ra": 216.0835246,
            "dec": -3.6976616,
            "fid": 2,
            "nid": 2538,
            "magpsf": 14.22029972076416,
            "sigmapsf": 0.025964999571442604,
            "magnr": 21.69099998474121,
            "sigmagnr": 0.13699999451637268,
            "magzpsci": 26.124300003051758,
            "isdiffpos": "t",
            "ssdistnr": null,
            "ssnamenr": null,
            "drb": null
        },
        {
            "candid": 2538554001815015002,
            "jd": 2460293.0540046,
            "ra": 216.0835411,
            "dec": -3.6976658,
            "fid": 2,
            "nid": 2538,
            "magpsf": 14.213500022888184,
            "sigmapsf": 0.028579000383615494,
            "magnr": 21.69099998474121,
            "sigmagnr": 0.13699999451637268,
            "magzpsci": 26.247499465942383,
            "isdiffpos": "t",
            "ssdistnr": null,
            "ssnamenr": null,
            "drb": null
        },
        {
            "candid": 2538556491815015001,
            "jd": 2460293.0564931,
            "ra": 216.0835449,
            "dec": -3.6976664,
            "fid": 2,
            "nid": 2538,
            "magpsf": 14.221599578857422,
            "sigmapsf": 0.022029999643564224,
            "magnr": 21.69099998474121,
            "sigmagnr": 0.13699999451637268,
            "magzpsci": 26.257600784301758,
            "isdiffpos": "t",
            "ssdistnr": null,
            "ssnamenr": null,
            "drb": null
        },
        {
            "candid": 2538558981815015002,
            "jd": 2460293.0589815,
            "ra": 216.0835566,
            "dec": -3.6976701,
            "fid": 2,
            "nid": 2538,
            "magpsf": 14.210700035095215,
            "sigmapsf": 0.026962999254465103,
            "magnr": 21.69099998474121,
            "sigmagnr": 0.13699999451637268,
            "magzpsci": 26.258699417114258,
            "isdiffpos": "t",
            "ssdistnr": null,
            "ssnamenr": null,
            "drb": null
        },
        {
            "candid": 2538561481815015002,
            "jd": 2460293.0614815,
            "ra": 216.083525,
            "dec": -3.697663,
            "fid": 2,
            "nid": 2538,
            "magpsf": 14.222100257873535,
            "sigmapsf": 0.025762999430298805,
            "magnr": 21.69099998474121,
            "sigmagnr": 0.13699999451637268,
            "magzpsci": 26.269100189208984,
            "isdiffpos": "t",
            "ssdistnr": null,
            "ssnamenr": null,
            "drb": null
        },
        {
            "candid": 2557467281815015002,
            "jd": 2460311.9672801,
            "ra": 216.0835356,
            "dec": -3.6976897,
            "fid": 1,
            "nid": 2557,
            "magpsf": 15.411100387573242,
            "sigmapsf": 0.03140199929475784,
            "magnr": 21.698999404907227,
            "sigmagnr": 0.164000004529953,
            "magzpsci": 25.989099502563477,
            "isdiffpos": "t",
            "ssdistnr": null,
            "ssnamenr": null,
            "drb": null
        },
        {
            "candid": 2557536881815015001,
            "jd": 2460312.0368866,
            "ra": 216.0835638,
            "dec": -3.6976688,
            "fid": 2,
            "nid": 2557,
            "magpsf": 15.021300315856934,
            "sigmapsf": 0.02873300015926361,
            "magnr": 21.69099998474121,
            "sigmagnr": 0.13699999451637268,
            "magzpsci": 26.277299880981445,
            "isdiffpos": "t",
            "ssdistnr": null,
            "ssnamenr": null,
            "drb": null
        },
        {
            "candid": 2571489911815015000,
            "jd": 2460325.989919,
            "ra": 216.0835493,
            "dec": -3.6976847,
            "fid": 2,
            "nid": 2571,
            "magpsf": 15.627099990844727,
            "sigmapsf": 0.02928999997675419,
            "magnr": 21.69099998474121,
            "sigmagnr": 0.13699999451637268,
            "magzpsci": 26.267099380493164,
            "isdiffpos": "t",
            "ssdistnr": null,
            "ssnamenr": null,
            "drb": null
        },
        {
            "candid": 2571527981815015002,
            "jd": 2460326.0279861,
            "ra": 216.0835521,
            "dec": -3.69769,
            "fid": 1,
            "nid": 2571,
            "magpsf": 16.340900421142578,
            "sigmapsf": 0.03870299831032753,
            "magnr": 21.698999404907227,
            "sigmagnr": 0.164000004529953,
            "magzpsci": 26.271900177001953,
            "isdiffpos": "t",
            "ssdistnr": null,
            "ssnamenr": null,
            "drb": null
        },
        {
            "candid": 2597423661815015002,
            "jd": 2460351.923669,
            "ra": 216.0835584,
            "dec": -3.6976832,
            "fid": 1,
            "nid": 2597,
            "magpsf": 16.91990089416504,
            "sigmapsf": 0.03236899897456169,
            "magnr": 21.698999404907227,
            "sigmagnr": 0.164000004529953,
            "magzpsci": 26.215900421142578,
            "isdiffpos": "t",
            "ssdistnr": null,
            "ssnamenr": null,
            "drb": null
        },
        {
            "candid": 2597501211815015002,
            "jd": 2460352.0012153,
            "ra": 216.0835502,
            "dec": -3.6976692,
            "fid": 2,
            "nid": 2597,
            "magpsf": 16.653600692749023,
            "sigmapsf": 0.050209999084472656,
            "magnr": 21.69099998474121,
            "sigmagnr": 0.13699999451637268,
            "magzpsci": 26.294599533081055,
            "isdiffpos": "t",
            "ssdistnr": null,
            "ssnamenr": null,
            "drb": null
        },
        {
            "candid": 2599471271815015002,
            "jd": 2460353.9712731,
            "ra": 216.083559,
            "dec": -3.6976525,
            "fid": 2,
            "nid": 2599,
            "magpsf": 16.7189998626709,
            "sigmapsf": 0.03225100040435791,
            "magnr": 21.69099998474121,
            "sigmagnr": 0.13699999451637268,
            "magzpsci": 26.30299949645996,
            "isdiffpos": "t",
            "ssdistnr": null,
            "ssnamenr": null,
            "drb": null
        },
        {
            "candid": 2599483921815015003,
            "jd": 2460353.9839236,
            "ra": 216.0835433,
            "dec": -3.697688,
            "fid": 1,
            "nid": 2599,
            "magpsf": 16.948299407958984,
            "sigmapsf": 0.04426499828696251,
            "magnr": 21.698999404907227,
            "sigmagnr": 0.164000004529953,
            "magzpsci": 26.2893009185791,
            "isdiffpos": "t",
            "ssdistnr": null,
            "ssnamenr": null,
            "drb": null
        },
        {
            "candid": 2601520351815015002,
            "jd": 2460356.0203588,
            "ra": 216.0835569,
            "dec": -3.6976862,
            "fid": 1,
            "nid": 2601,
            "magpsf": 16.955299377441406,
            "sigmapsf": 0.04170500114560127,
            "magnr": 21.698999404907227,
            "sigmagnr": 0.164000004529953,
            "magzpsci": 26.306299209594727,
            "isdiffpos": "t",
            "ssdistnr": null,
            "ssnamenr": null,
            "drb": null
        },
        {
            "candid": 2609400351815015001,
            "jd": 2460363.9003588,
            "ra": 216.0835705,
            "dec": -3.6977189,
            "fid": 1,
            "nid": 2609,
            "magpsf": 17.155099868774414,
            "sigmapsf": 0.0591219998896122,
            "magnr": 21.698999404907227,
            "sigmagnr": 0.164000004529953,
            "magzpsci": 25.98509979248047,
            "isdiffpos": "t",
            "ssdistnr": null,
            "ssnamenr": null,
            "drb": null
        },
        {
            "candid": 2609460741815015002,
            "jd": 2460363.9607407,
            "ra": 216.0835257,
            "dec": -3.6977131,
            "fid": 2,
            "nid": 2609,
            "magpsf": 17.036399841308594,
            "sigmapsf": 0.1024250015616417,
            "magnr": 21.69099998474121,
            "sigmagnr": 0.13699999451637268,
            "magzpsci": 25.148399353027344,
            "isdiffpos": "t",
            "ssdistnr": null,
            "ssnamenr": null,
            "drb": null
        },
        {
            "candid": 2620466281815015001,
            "jd": 2460374.9662847,
            "ra": 216.083556,
            "dec": -3.6976693,
            "fid": 2,
            "nid": 2620,
            "magpsf": 17.354799270629883,
            "sigmapsf": 0.045253001153469086,
            "magnr": 21.69099998474121,
            "sigmagnr": 0.13699999451637268,
            "magzpsci": 26.2947998046875,
            "isdiffpos": "t",
            "ssdistnr": 18.0,
            "ssnamenr": "382177",
            "drb": null
        },
        {
            "candid": 2620532671815015002,
            "jd": 2460375.0326736,
            "ra": 216.0835465,
            "dec": -3.6976775,
            "fid": 1,
            "nid": 2620,
            "magpsf": 17.31730079650879,
            "sigmapsf": 0.04983299970626831,
            "magnr": 21.698999404907227,
            "sigmagnr": 0.164000004529953,
            "magzpsci": 26.03030014038086,
            "isdiffpos": "t",
            "ssdistnr": 17.0,
            "ssnamenr": "382177",
            "drb": null
        },
        {
            "candid": 2629371131815015006,
            "jd": 2460383.8711343,
            "ra": 216.0835783,
            "dec": -3.6977216,
            "fid": 1,
            "nid": 2629,
            "magpsf": 17.38990020751953,
            "sigmapsf": 0.07173699885606766,
            "magnr": 21.698999404907227,
            "sigmagnr": 0.164000004529953,
            "magzpsci": 25.58289909362793,
            "isdiffpos": "t",
            "ssdistnr": null,
            "ssnamenr": null,
            "drb": null
        },
        {
            "candid": 2629436201815015033,
            "jd": 2460383.9362037,
            "ra": 216.0835325,
            "dec": -3.6976539,
            "fid": 2,
            "nid": 2629,
            "magpsf": 17.838300704956055,
            "sigmapsf": 0.30843400955200195,
            "magnr": 21.69099998474121,
            "sigmagnr": 0.13699999451637268,
            "magzpsci": 23.9512996673584,
            "isdiffpos": "t",
            "ssdistnr": null,
            "ssnamenr": null,
            "drb": null
        },
        {
            "candid": 2636431661815015002,
            "jd": 2460390.9316667,
            "ra": 216.0835508,
            "dec": -3.6976549,
            "fid": 2,
            "nid": 2636,
            "magpsf": 17.80459976196289,
            "sigmapsf": 0.051954999566078186,
            "magnr": 21.69099998474121,
            "sigmagnr": 0.13699999451637268,
            "magzpsci": 26.285600662231445,
            "isdiffpos": "t",
            "ssdistnr": null,
            "ssnamenr": null,
            "drb": null
        },
        {
            "candid": 2636448261815015002,
            "jd": 2460390.9482639,
            "ra": 216.0835607,
            "dec": -3.6976684,
            "fid": 1,
            "nid": 2636,
            "magpsf": 17.534799575805664,
            "sigmapsf": 0.0457100011408329,
            "magnr": 21.698999404907227,
            "sigmagnr": 0.164000004529953,
            "magzpsci": 26.28580093383789,
            "isdiffpos": "t",
            "ssdistnr": null,
            "ssnamenr": null,
            "drb": null
        },
        {
            "candid": 2638378181815015001,
            "jd": 2460392.8781829,
            "ra": 216.083547,
            "dec": -3.6976383,
            "fid": 2,
            "nid": 2638,
            "magpsf": 17.959699630737305,
            "sigmapsf": 0.12309899926185608,
            "magnr": 21.69099998474121,
            "sigmagnr": 0.13699999451637268,
            "magzpsci": 25.69569969177246,
            "isdiffpos": "t",
            "ssdistnr": null,
            "ssnamenr": null,
            "drb": null
        },
        {
            "candid": 2644309591815015001,
            "jd": 2460398.8095949,
            "ra": 216.0835416,
            "dec": -3.6977034,
            "fid": 1,
            "nid": 2644,
            "magpsf": 17.642000198364258,
            "sigmapsf": 0.06028199940919876,
            "magnr": 21.698999404907227,
            "sigmagnr": 0.164000004529953,
            "magzpsci": 26.238000869750977,
            "isdiffpos": "t",
            "ssdistnr": null,
            "ssnamenr": null,
            "drb": null
        },
        {
            "candid": 2644431731815015002,
            "jd": 2460398.9317361,
            "ra": 216.0835623,
            "dec": -3.6976516,
            "fid": 2,
            "nid": 2644,
            "magpsf": 18.032800674438477,
            "sigmapsf": 0.07553300261497498,
            "magnr": 21.69099998474121,
            "sigmagnr": 0.13699999451637268,
            "magzpsci": 26.28380012512207,
            "isdiffpos": "t",
            "ssdistnr": null,
            "ssnamenr": null,
            "drb": null
        },
        {
            "candid": 2650356651815015004,
            "jd": 2460404.8566551,
            "ra": 216.0835692,
            "dec": -3.6976623,
            "fid": 2,
            "nid": 2650,
            "magpsf": 18.2012996673584,
            "sigmapsf": 0.0674239993095398,
            "magnr": 21.69099998474121,
            "sigmagnr": 0.13699999451637268,
            "magzpsci": 26.2893009185791,
            "isdiffpos": "t",
            "ssdistnr": null,
            "ssnamenr": null,
            "drb": null
        },
        {
            "candid": 2650377931815015002,
            "jd": 2460404.8779398,
            "ra": 216.0835666,
            "dec": -3.6976874,
            "fid": 1,
            "nid": 2650,
            "magpsf": 17.752099990844727,
            "sigmapsf": 0.044495001435279846,
            "magnr": 21.698999404907227,
            "sigmagnr": 0.164000004529953,
            "magzpsci": 26.281099319458008,
            "isdiffpos": "t",
            "ssdistnr": null,
            "ssnamenr": null,
            "drb": null
        },
        {
            "candid": 2654354101815015003,
            "jd": 2460408.8541088,
            "ra": 216.0835579,
            "dec": -3.6976735,
            "fid": 1,
            "nid": 2654,
            "magpsf": 17.82990074157715,
            "sigmapsf": 0.047839999198913574,
            "magnr": 21.698999404907227,
            "sigmagnr": 0.164000004529953,
            "magzpsci": 26.241899490356445,
            "isdiffpos": "t",
            "ssdistnr": null,
            "ssnamenr": null,
            "drb": null
        },
        {
            "candid": 2654402291815015005,
            "jd": 2460408.9022917,
            "ra": 216.0835591,
            "dec": -3.697659,
            "fid": 2,
            "nid": 2654,
            "magpsf": 18.32229995727539,
            "sigmapsf": 0.06572700291872025,
            "magnr": 21.69099998474121,
            "sigmagnr": 0.13699999451637268,
            "magzpsci": 26.251300811767578,
            "isdiffpos": "t",
            "ssdistnr": null,
            "ssnamenr": null,
            "drb": null
        },
        {
            "candid": 2659353211815015003,
            "jd": 2460413.8532176,
            "ra": 216.0835673,
            "dec": -3.6976656,
            "fid": 1,
            "nid": 2659,
            "magpsf": 17.897300720214844,
            "sigmapsf": 0.05096599832177162,
            "magnr": 21.698999404907227,
            "sigmagnr": 0.164000004529953,
            "magzpsci": 26.264299392700195,
            "isdiffpos": "t",
            "ssdistnr": null,
            "ssnamenr": null,
            "drb": null
        },
        {
            "candid": 2659377671815015022,
            "jd": 2460413.8776736,
            "ra": 216.0835549,
            "dec": -3.6976765,
            "fid": 2,
            "nid": 2659,
            "magpsf": 18.45319938659668,
            "sigmapsf": 0.06798800081014633,
            "magnr": 21.69099998474121,
            "sigmagnr": 0.13699999451637268,
            "magzpsci": 26.27120018005371,
            "isdiffpos": "t",
            "ssdistnr": null,
            "ssnamenr": null,
            "drb": null
        },
        {
            "candid": 2663352111815015002,
            "jd": 2460417.8521181,
            "ra": 216.0835739,
            "dec": -3.6976816,
            "fid": 1,
            "nid": 2663,
            "magpsf": 17.95949935913086,
            "sigmapsf": 0.06140799820423126,
            "magnr": 21.698999404907227,
            "sigmagnr": 0.164000004529953,
            "magzpsci": 26.298500061035156,
            "isdiffpos": "t",
            "ssdistnr": null,
            "ssnamenr": null,
            "drb": null
        },
        {
            "candid": 2663358401815015003,
            "jd": 2460417.8584028,
            "ra": 216.0835814,
            "dec": -3.6976598,
            "fid": 2,
            "nid": 2663,
            "magpsf": 18.47610092163086,
            "sigmapsf": 0.06372399628162384,
            "magnr": 21.69099998474121,
            "sigmagnr": 0.13699999451637268,
            "magzpsci": 26.291099548339844,
            "isdiffpos": "t",
            "ssdistnr": null,
            "ssnamenr": null,
            "drb": null
        },
        {
            "candid": 2665269171815015001,
            "jd": 2460419.7691782,
            "ra": 216.0835454,
            "dec": -3.697652,
            "fid": 2,
            "nid": 2665,
            "magpsf": 18.57200050354004,
            "sigmapsf": 0.08731800317764282,
            "magnr": 21.69099998474121,
            "sigmagnr": 0.13699999451637268,
            "magzpsci": 26.28700065612793,
            "isdiffpos": "t",
            "ssdistnr": null,
            "ssnamenr": null,
            "drb": null
        },
        {
            "candid": 2665317161815015001,
            "jd": 2460419.8171644,
            "ra": 216.0835551,
            "dec": -3.6976605,
            "fid": 1,
            "nid": 2665,
            "magpsf": 17.975200653076172,
            "sigmapsf": 0.06655500084161758,
            "magnr": 21.698999404907227,
            "sigmagnr": 0.164000004529953,
            "magzpsci": 26.2731990814209,
            "isdiffpos": "t",
            "ssdistnr": null,
            "ssnamenr": null,
            "drb": null
        },
        {
            "candid": 2667312741815015001,
            "jd": 2460421.8127431,
            "ra": 216.0835436,
            "dec": -3.6976887,
            "fid": 1,
            "nid": 2667,
            "magpsf": 17.94099998474121,
            "sigmapsf": 0.08968599885702133,
            "magnr": 21.698999404907227,
            "sigmagnr": 0.164000004529953,
            "magzpsci": 26.22100067138672,
            "isdiffpos": "t",
            "ssdistnr": null,
            "ssnamenr": null,
            "drb": null
        },
        {
            "candid": 2667382911815015004,
            "jd": 2460421.8829167,
            "ra": 216.0835601,
            "dec": -3.6976659,
            "fid": 2,
            "nid": 2667,
            "magpsf": 18.67840003967285,
            "sigmapsf": 0.10123699903488159,
            "magnr": 21.69099998474121,
            "sigmagnr": 0.13699999451637268,
            "magzpsci": 26.255399703979492,
            "isdiffpos": "t",
            "ssdistnr": null,
            "ssnamenr": null,
            "drb": null
        },
        {
            "candid": 2675294471815015002,
            "jd": 2460429.7944792,
            "ra": 216.0835793,
            "dec": -3.697673,
            "fid": 1,
            "nid": 2675,
            "magpsf": 18.11319923400879,
            "sigmapsf": 0.066771000623703,
            "magnr": 21.698999404907227,
            "sigmagnr": 0.164000004529953,
            "magzpsci": 26.256200790405273,
            "isdiffpos": "t",
            "ssdistnr": null,
            "ssnamenr": null,
            "drb": null
        },
        {
            "candid": 2675335761815015004,
            "jd": 2460429.8357639,
            "ra": 216.0835613,
            "dec": -3.6976454,
            "fid": 2,
            "nid": 2675,
            "magpsf": 18.821300506591797,
            "sigmapsf": 0.08843900263309479,
            "magnr": 21.69099998474121,
            "sigmagnr": 0.13699999451637268,
            "magzpsci": 26.28730010986328,
            "isdiffpos": "t",
            "ssdistnr": null,
            "ssnamenr": null,
            "drb": null
        },
        {
            "candid": 2677252971815015002,
            "jd": 2460431.7529745,
            "ra": 216.0835571,
            "dec": -3.6976738,
            "fid": 2,
            "nid": 2677,
            "magpsf": 18.98979949951172,
            "sigmapsf": 0.07177799940109253,
            "magnr": 21.69099998474121,
            "sigmagnr": 0.13699999451637268,
            "magzpsci": 26.28380012512207,
            "isdiffpos": "t",
            "ssdistnr": null,
            "ssnamenr": null,
            "drb": null
        },
        {
            "candid": 2677316131815015004,
            "jd": 2460431.8161343,
            "ra": 216.0835745,
            "dec": -3.6976696,
            "fid": 1,
            "nid": 2677,
            "magpsf": 18.15530014038086,
            "sigmapsf": 0.05300299823284149,
            "magnr": 21.698999404907227,
            "sigmagnr": 0.164000004529953,
            "magzpsci": 26.277299880981445,
            "isdiffpos": "t",
            "ssdistnr": null,
            "ssnamenr": null,
            "drb": null
        },
        {
            "candid": 2679340751815015002,
            "jd": 2460433.8407523,
            "ra": 216.0835683,
            "dec": -3.6976774,
            "fid": 1,
            "nid": 2679,
            "magpsf": 18.17770004272461,
            "sigmapsf": 0.05600300058722496,
            "magnr": 21.698999404907227,
            "sigmagnr": 0.164000004529953,
            "magzpsci": 26.192699432373047,
            "isdiffpos": "t",
            "ssdistnr": null,
            "ssnamenr": null,
            "drb": null
        },
        {
            "candid": 2683256001815015002,
            "jd": 2460437.7560069,
            "ra": 216.0835274,
            "dec": -3.697637,
            "fid": 2,
            "nid": 2683,
            "magpsf": 18.97719955444336,
            "sigmapsf": 0.09694699943065643,
            "magnr": 21.69099998474121,
            "sigmagnr": 0.13699999451637268,
            "magzpsci": 26.274200439453125,
            "isdiffpos": "t",
            "ssdistnr": null,
            "ssnamenr": null,
            "drb": null
        },
        {
            "candid": 2683316401815015002,
            "jd": 2460437.8164005,
            "ra": 216.0835501,
            "dec": -3.6976569,
            "fid": 3,
            "nid": 2683,
            "magpsf": 19.399900436401367,
            "sigmapsf": 0.17025400698184967,
            "magnr": 21.00200080871582,
            "sigmagnr": 0.1509999930858612,
            "magzpsci": 25.739900588989258,
            "isdiffpos": "t",
            "ssdistnr": null,
            "ssnamenr": null,
            "drb": null
        },
        {
            "candid": 2683445651815015001,
            "jd": 2460437.9456597,
            "ra": 216.0835582,
            "dec": -3.6976827,
            "fid": 1,
            "nid": 2683,
            "magpsf": 18.197999954223633,
            "sigmapsf": 0.07489100098609924,
            "magnr": 21.698999404907227,
            "sigmagnr": 0.164000004529953,
            "magzpsci": 26.062000274658203,
            "isdiffpos": "t",
            "ssdistnr": null,
            "ssnamenr": null,
            "drb": null
        },
        {
            "candid": 2684265551815015006,
            "jd": 2460438.7655556,
            "ra": 216.0835667,
            "dec": -3.6976543,
            "fid": 2,
            "nid": 2684,
            "magpsf": 19.106700897216797,
            "sigmapsf": 0.10008499771356583,
            "magnr": 21.69099998474121,
            "sigmagnr": 0.13699999451637268,
            "magzpsci": 26.258699417114258,
            "isdiffpos": "t",
            "ssdistnr": null,
            "ssnamenr": null,
            "drb": null
        },
        {
            "candid": 2686294101815015003,
            "jd": 2460440.7941088,
            "ra": 216.0835592,
            "dec": -3.6976678,
            "fid": 1,
            "nid": 2686,
            "magpsf": 18.27630043029785,
            "sigmapsf": 0.06693100184202194,
            "magnr": 21.698999404907227,
            "sigmagnr": 0.164000004529953,
            "magzpsci": 26.249300003051758,
            "isdiffpos": "t",
            "ssdistnr": null,
            "ssnamenr": null,
            "drb": null
        },
        {
            "candid": 2686366511815015005,
            "jd": 2460440.8665162,
            "ra": 216.0835508,
            "dec": -3.6976688,
            "fid": 2,
            "nid": 2686,
            "magpsf": 19.082500457763672,
            "sigmapsf": 0.09345600008964539,
            "magnr": 21.69099998474121,
            "sigmagnr": 0.13699999451637268,
            "magzpsci": 26.241500854492188,
            "isdiffpos": "t",
            "ssdistnr": null,
            "ssnamenr": null,
            "drb": null
        },
        {
            "candid": 2688270531815015003,
            "jd": 2460442.7705324,
            "ra": 216.083563,
            "dec": -3.6977015,
            "fid": 2,
            "nid": 2688,
            "magpsf": 19.125499725341797,
            "sigmapsf": 0.11303000152111053,
            "magnr": 21.69099998474121,
            "sigmagnr": 0.13699999451637268,
            "magzpsci": 26.26849937438965,
            "isdiffpos": "t",
            "ssdistnr": null,
            "ssnamenr": null,
            "drb": null
        },
        {
            "candid": 2688338791815015002,
            "jd": 2460442.8387963,
            "ra": 216.0835591,
            "dec": -3.6976713,
            "fid": 1,
            "nid": 2688,
            "magpsf": 18.28569984436035,
            "sigmapsf": 0.0579800009727478,
            "magnr": 21.698999404907227,
            "sigmagnr": 0.164000004529953,
            "magzpsci": 26.2367000579834,
            "isdiffpos": "t",
            "ssdistnr": null,
            "ssnamenr": null,
            "drb": null
        },
        {
            "candid": 2690274321815015003,
            "jd": 2460444.7743287,
            "ra": 216.0835684,
            "dec": -3.6976544,
            "fid": 2,
            "nid": 2690,
            "magpsf": 19.157899856567383,
            "sigmapsf": 0.1075190007686615,
            "magnr": 21.69099998474121,
            "sigmagnr": 0.13699999451637268,
            "magzpsci": 26.267900466918945,
            "isdiffpos": "t",
            "ssdistnr": null,
            "ssnamenr": null,
            "drb": null
        },
        {
            "candid": 2690324611815015002,
            "jd": 2460444.8246181,
            "ra": 216.0835669,
            "dec": -3.6976778,
            "fid": 1,
            "nid": 2690,
            "magpsf": 18.343799591064453,
            "sigmapsf": 0.06591799855232239,
            "magnr": 21.698999404907227,
            "sigmagnr": 0.164000004529953,
            "magzpsci": 26.273799896240234,
            "isdiffpos": "t",
            "ssdistnr": null,
            "ssnamenr": null,
            "drb": null
        },
        {
            "candid": 2692291951815015004,
            "jd": 2460446.791956,
            "ra": 216.0835589,
            "dec": -3.6976178,
            "fid": 2,
            "nid": 2692,
            "magpsf": 19.21489906311035,
            "sigmapsf": 0.1412300020456314,
            "magnr": 21.69099998474121,
            "sigmagnr": 0.13699999451637268,
            "magzpsci": 26.24090003967285,
            "isdiffpos": "t",
            "ssdistnr": null,
            "ssnamenr": null,
            "drb": null
        },
        {
            "candid": 2692338691815015004,
            "jd": 2460446.8386921,
            "ra": 216.0835579,
            "dec": -3.6976921,
            "fid": 1,
            "nid": 2692,
            "magpsf": 18.282699584960938,
            "sigmapsf": 0.09464699774980545,
            "magnr": 21.698999404907227,
            "sigmagnr": 0.164000004529953,
            "magzpsci": 26.216699600219727,
            "isdiffpos": "t",
            "ssdistnr": null,
            "ssnamenr": null,
            "drb": null
        },
        {
            "candid": 2694344621815015002,
            "jd": 2460448.8446296,
            "ra": 216.0835724,
            "dec": -3.6976521,
            "fid": 1,
            "nid": 2694,
            "magpsf": 18.388700485229492,
            "sigmapsf": 0.1062059998512268,
            "magnr": 21.698999404907227,
            "sigmagnr": 0.164000004529953,
            "magzpsci": 26.127700805664062,
            "isdiffpos": "t",
            "ssdistnr": null,
            "ssnamenr": null,
            "drb": null
        },
        {
            "candid": 2702314431815015003,
            "jd": 2460456.8144329,
            "ra": 216.0835426,
            "dec": -3.697631,
            "fid": 2,
            "nid": 2702,
            "magpsf": 19.54170036315918,
            "sigmapsf": 0.16811299324035645,
            "magnr": 21.69099998474121,
            "sigmagnr": 0.13699999451637268,
            "magzpsci": 26.269699096679688,
            "isdiffpos": "t",
            "ssdistnr": null,
            "ssnamenr": null,
            "drb": null
        },
        {
            "candid": 2704250201815015001,
            "jd": 2460458.7502083,
            "ra": 216.0835591,
            "dec": -3.6976663,
            "fid": 1,
            "nid": 2704,
            "magpsf": 18.50909996032715,
            "sigmapsf": 0.06442099809646606,
            "magnr": 21.698999404907227,
            "sigmagnr": 0.164000004529953,
            "magzpsci": 26.282100677490234,
            "isdiffpos": "t",
            "ssdistnr": null,
            "ssnamenr": null,
            "drb": null
        },
        {
            "candid": 2704338861815015001,
            "jd": 2460458.8388657,
            "ra": 216.0835545,
            "dec": -3.697632,
            "fid": 2,
            "nid": 2704,
            "magpsf": 19.4468994140625,
            "sigmapsf": 0.1126440018415451,
            "magnr": 21.69099998474121,
            "sigmagnr": 0.13699999451637268,
            "magzpsci": 26.261899948120117,
            "isdiffpos": "t",
            "ssdistnr": null,
            "ssnamenr": null,
            "drb": null
        },
        {
            "candid": 2706250231815015002,
            "jd": 2460460.7502315,
            "ra": 216.0835767,
            "dec": -3.6976893,
            "fid": 1,
            "nid": 2706,
            "magpsf": 18.57253074645996,
            "sigmapsf": 0.07180268317461014,
            "magnr": 21.698999404907227,
            "sigmagnr": 0.164000004529953,
            "magzpsci": 26.235530853271484,
            "isdiffpos": "t",
            "ssdistnr": -999.0,
            "ssnamenr": "null",
            "drb": null
        },
        {
            "candid": 2706250231815025002,
            "jd": 2460460.7502315,
            "ra": 216.0835767,
            "dec": -3.6976893,
            "fid": 1,
            "nid": 2706,
            "magpsf": 18.572500228881836,
            "sigmapsf": 0.0718030035495758,
            "magnr": 21.698999404907227,
            "sigmagnr": 0.164000004529953,
            "magzpsci": 26.23550033569336,
            "isdiffpos": "t",
            "ssdistnr": null,
            "ssnamenr": null,
            "drb": null
        },
        {
            "candid": 2708208291815015006,
            "jd": 2460462.7082986,
            "ra": 216.0835636,
            "dec": -3.6976394,
            "fid": 2,
            "nid": 2708,
            "magpsf": 19.62150001525879,
            "sigmapsf": 0.11162099987268448,
            "magnr": 21.69099998474121,
            "sigmagnr": 0.13699999451637268,
            "magzpsci": 26.269500732421875,
            "isdiffpos": "t",
            "ssdistnr": null,
            "ssnamenr": null,
            "drb": null
        },
        {
            "candid": 2708250301815015004,
            "jd": 2460462.7503009,
            "ra": 216.0835696,
            "dec": -3.6976774,
            "fid": 1,
            "nid": 2708,
            "magpsf": 18.619400024414062,
            "sigmapsf": 0.06513799726963043,
            "magnr": 21.698999404907227,
            "sigmagnr": 0.164000004529953,
            "magzpsci": 26.260400772094727,
            "isdiffpos": "t",
            "ssdistnr": null,
            "ssnamenr": null,
            "drb": null
        },
        {
            "candid": 2710290711815015001,
            "jd": 2460464.7907176,
            "ra": 216.0835623,
            "dec": -3.6976892,
            "fid": 1,
            "nid": 2710,
            "magpsf": 18.59980010986328,
            "sigmapsf": 0.10590499639511108,
            "magnr": 21.698999404907227,
            "sigmagnr": 0.164000004529953,
            "magzpsci": 25.815799713134766,
            "isdiffpos": "t",
            "ssdistnr": null,
            "ssnamenr": null,
            "drb": null
        },
        {
            "candid": 2715228211815015003,
            "jd": 2460469.7282176,
            "ra": 216.0835809,
            "dec": -3.6976739,
            "fid": 1,
            "nid": 2715,
            "magpsf": 18.699800491333008,
            "sigmapsf": 0.06997100263834,
            "magnr": 21.698999404907227,
            "sigmagnr": 0.164000004529953,
            "magzpsci": 26.2268009185791,
            "isdiffpos": "t",
            "ssdistnr": null,
            "ssnamenr": null,
            "drb": null
        },
        {
            "candid": 2715276271815015001,
            "jd": 2460469.7762731,
            "ra": 216.0835327,
            "dec": -3.6976385,
            "fid": 2,
            "nid": 2715,
            "magpsf": 19.808900833129883,
            "sigmapsf": 0.14539499580860138,
            "magnr": 21.69099998474121,
            "sigmagnr": 0.13699999451637268,
            "magzpsci": 26.241899490356445,
            "isdiffpos": "t",
            "ssdistnr": null,
            "ssnamenr": null,
            "drb": null
        },
        {
            "candid": 2717228761815015001,
            "jd": 2460471.7287616,
            "ra": 216.0835647,
            "dec": -3.6976664,
            "fid": 1,
            "nid": 2717,
            "magpsf": 18.68670082092285,
            "sigmapsf": 0.08090800046920776,
            "magnr": 21.698999404907227,
            "sigmagnr": 0.164000004529953,
            "magzpsci": 26.246700286865234,
            "isdiffpos": "t",
            "ssdistnr": null,
            "ssnamenr": null,
            "drb": null
        },
        {
            "candid": 2717292111815015002,
            "jd": 2460471.7921181,
            "ra": 216.0835815,
            "dec": -3.6976823,
            "fid": 2,
            "nid": 2717,
            "magpsf": 19.959299087524414,
            "sigmapsf": 0.171998992562294,
            "magnr": 21.69099998474121,
            "sigmagnr": 0.13699999451637268,
            "magzpsci": 26.241300582885742,
            "isdiffpos": "t",
            "ssdistnr": null,
            "ssnamenr": null,
            "drb": null
        },
        {
            "candid": 2719226851815015003,
            "jd": 2460473.7268519,
            "ra": 216.0835833,
            "dec": -3.6976888,
            "fid": 1,
            "nid": 2719,
            "magpsf": 18.71489906311035,
            "sigmapsf": 0.11570099741220474,
            "magnr": 21.698999404907227,
            "sigmagnr": 0.164000004529953,
            "magzpsci": 26.228900909423828,
            "isdiffpos": "t",
            "ssdistnr": null,
            "ssnamenr": null,
            "drb": null
        },
        {
            "candid": 2719247931815015004,
            "jd": 2460473.7479398,
            "ra": 216.0835566,
            "dec": -3.6976413,
            "fid": 2,
            "nid": 2719,
            "magpsf": 19.800500869750977,
            "sigmapsf": 0.16888099908828735,
            "magnr": 21.69099998474121,
            "sigmagnr": 0.13699999451637268,
            "magzpsci": 26.24250030517578,
            "isdiffpos": "t",
            "ssdistnr": null,
            "ssnamenr": null,
            "drb": null
        },
        {
            "candid": 2721212321815015003,
            "jd": 2460475.7123264,
            "ra": 216.0835723,
            "dec": -3.6976987,
            "fid": 1,
            "nid": 2721,
            "magpsf": 18.68630027770996,
            "sigmapsf": 0.08456899970769882,
            "magnr": 21.698999404907227,
            "sigmagnr": 0.164000004529953,
            "magzpsci": 26.235300064086914,
            "isdiffpos": "t",
            "ssdistnr": null,
            "ssnamenr": null,
            "drb": null
        },
        {
            "candid": 2721232601815015001,
            "jd": 2460475.7326042,
            "ra": 216.0835397,
            "dec": -3.6976065,
            "fid": 2,
            "nid": 2721,
            "magpsf": 19.811500549316406,
            "sigmapsf": 0.17552199959754944,
            "magnr": 21.69099998474121,
            "sigmagnr": 0.13699999451637268,
            "magzpsci": 26.265499114990234,
            "isdiffpos": "t",
            "ssdistnr": null,
            "ssnamenr": null,
            "drb": null
        },
        {
            "candid": 2726232531815015001,
            "jd": 2460480.7325347,
            "ra": 216.0835663,
            "dec": -3.6976692,
            "fid": 1,
            "nid": 2726,
            "magpsf": 18.81049919128418,
            "sigmapsf": 0.1229889988899231,
            "magnr": 21.698999404907227,
            "sigmagnr": 0.164000004529953,
            "magzpsci": 26.24250030517578,
            "isdiffpos": "t",
            "ssdistnr": null,
            "ssnamenr": null,
            "drb": null
        },
        {
            "candid": 2728232931815015001,
            "jd": 2460482.7329398,
            "ra": 216.0835777,
            "dec": -3.697652,
            "fid": 1,
            "nid": 2728,
            "magpsf": 18.671600341796875,
            "sigmapsf": 0.13974399864673615,
            "magnr": 21.698999404907227,
            "sigmagnr": 0.164000004529953,
            "magzpsci": 26.265600204467773,
            "isdiffpos": "t",
            "ssdistnr": null,
            "ssnamenr": null,
            "drb": null
        },
        {
            "candid": 2730190181815015004,
            "jd": 2460484.6901852,
            "ra": 216.0835547,
            "dec": -3.6976949,
            "fid": 1,
            "nid": 2730,
            "magpsf": 18.832500457763672,
            "sigmapsf": 0.07530400156974792,
            "magnr": 21.698999404907227,
            "sigmagnr": 0.164000004529953,
            "magzpsci": 26.273500442504883,
            "isdiffpos": "t",
            "ssdistnr": null,
            "ssnamenr": null,
            "drb": null
        },
        {
            "candid": 2732192221815015003,
            "jd": 2460486.6922222,
            "ra": 216.0835747,
            "dec": -3.6976516,
            "fid": 1,
            "nid": 2732,
            "magpsf": 18.912599563598633,
            "sigmapsf": 0.10611999779939651,
            "magnr": 21.698999404907227,
            "sigmagnr": 0.164000004529953,
            "magzpsci": 26.247600555419922,
            "isdiffpos": "t",
            "ssdistnr": null,
            "ssnamenr": null,
            "drb": null
        },
        {
            "candid": 2734297161815015002,
            "jd": 2460488.7971644,
            "ra": 216.0836169,
            "dec": -3.697674,
            "fid": 2,
            "nid": 2734,
            "magpsf": 19.98080062866211,
            "sigmapsf": 0.22146999835968018,
            "magnr": 21.69099998474121,
            "sigmagnr": 0.13699999451637268,
            "magzpsci": 26.189800262451172,
            "isdiffpos": "t",
            "ssdistnr": null,
            "ssnamenr": null,
            "drb": null
        },
        {
            "candid": 2736227461815015005,
            "jd": 2460490.7274653,
            "ra": 216.0835587,
            "dec": -3.6976987,
            "fid": 1,
            "nid": 2736,
            "magpsf": 18.939300537109375,
            "sigmapsf": 0.0858670026063919,
            "magnr": 21.698999404907227,
            "sigmagnr": 0.164000004529953,
            "magzpsci": 26.27829933166504,
            "isdiffpos": "t",
            "ssdistnr": null,
            "ssnamenr": null,
            "drb": null
        },
        {
            "candid": 2736253751815015002,
            "jd": 2460490.75375,
            "ra": 216.0835471,
            "dec": -3.6976483,
            "fid": 2,
            "nid": 2736,
            "magpsf": 19.97949981689453,
            "sigmapsf": 0.19308100640773773,
            "magnr": 21.69099998474121,
            "sigmagnr": 0.13699999451637268,
            "magzpsci": 26.272499084472656,
            "isdiffpos": "t",
            "ssdistnr": null,
            "ssnamenr": null,
            "drb": null
        },
        {
            "candid": 2740190871815015001,
            "jd": 2460494.6908796,
            "ra": 216.0835937,
            "dec": -3.6976701,
            "fid": 1,
            "nid": 2740,
            "magpsf": 19.065399169921875,
            "sigmapsf": 0.0942939966917038,
            "magnr": 21.698999404907227,
            "sigmagnr": 0.164000004529953,
            "magzpsci": 26.263399124145508,
            "isdiffpos": "t",
            "ssdistnr": null,
            "ssnamenr": null,
            "drb": null
        },
        {
            "candid": 2740234321815015002,
            "jd": 2460494.7343287,
            "ra": 216.0835958,
            "dec": -3.6977201,
            "fid": 2,
            "nid": 2740,
            "magpsf": 20.213699340820312,
            "sigmapsf": 0.2122109979391098,
            "magnr": 21.69099998474121,
            "sigmagnr": 0.13699999451637268,
            "magzpsci": 26.275699615478516,
            "isdiffpos": "t",
            "ssdistnr": null,
            "ssnamenr": null,
            "drb": null
        },
        {
            "candid": 2754204731815015001,
            "jd": 2460508.7047338,
            "ra": 216.083566,
            "dec": -3.6977072,
            "fid": 1,
            "nid": 2754,
            "magpsf": 19.49340057373047,
            "sigmapsf": 0.2665669918060303,
            "magnr": 21.698999404907227,
            "sigmagnr": 0.164000004529953,
            "magzpsci": 26.049400329589844,
            "isdiffpos": "t",
            "ssdistnr": null,
            "ssnamenr": null,
            "drb": null
        },
        {
            "candid": 2756226751815015001,
            "jd": 2460510.7267593,
            "ra": 216.083504,
            "dec": -3.6976759,
            "fid": 1,
            "nid": 2756,
            "magpsf": 19.037399291992188,
            "sigmapsf": 0.16446200013160706,
            "magnr": 21.698999404907227,
            "sigmagnr": 0.164000004529953,
            "magzpsci": 26.117399215698242,
            "isdiffpos": "t",
            "ssdistnr": null,
            "ssnamenr": null,
            "drb": null
        },
        {
            "candid": 2758189071815015001,
            "jd": 2460512.6890741,
            "ra": 216.0836115,
            "dec": -3.6977104,
            "fid": 1,
            "nid": 2758,
            "magpsf": 19.288700103759766,
            "sigmapsf": 0.27615898847579956,
            "magnr": 21.698999404907227,
            "sigmagnr": 0.164000004529953,
            "magzpsci": 25.71969985961914,
            "isdiffpos": "t",
            "ssdistnr": null,
            "ssnamenr": null,
            "drb": null
        },
        {
            "candid": 2760191061815015002,
            "jd": 2460514.6910648,
            "ra": 216.0835028,
            "dec": -3.697666,
            "fid": 1,
            "nid": 2760,
            "magpsf": 19.206100463867188,
            "sigmapsf": 0.15120500326156616,
            "magnr": 21.698999404907227,
            "sigmagnr": 0.164000004529953,
            "magzpsci": 26.025100708007812,
            "isdiffpos": "t",
            "ssdistnr": null,
            "ssnamenr": null,
            "drb": null
        },
        {
            "candid": 2762181031815015001,
            "jd": 2460516.6810301,
            "ra": 216.083575,
            "dec": -3.6976387,
            "fid": 1,
            "nid": 2762,
            "magpsf": 19.275400161743164,
            "sigmapsf": 0.14098800718784332,
            "magnr": 21.698999404907227,
            "sigmagnr": 0.164000004529953,
            "magzpsci": 25.988399505615234,
            "isdiffpos": "t",
            "ssdistnr": null,
            "ssnamenr": null,
            "drb": null
        },
        {
            "candid": 2764227121815015003,
            "jd": 2460518.7271296,
            "ra": 216.083554,
            "dec": -3.6977224,
            "fid": 1,
            "nid": 2764,
            "magpsf": 19.387971878051758,
            "sigmapsf": 0.1520768404006958,
            "magnr": 21.698999404907227,
            "sigmagnr": 0.164000004529953,
            "magzpsci": 25.933971405029297,
            "isdiffpos": "t",
            "ssdistnr": -999.0,
            "ssnamenr": "null",
            "drb": null
        },
        {
            "jd": 2460448.7709375,
            "fid": 2,
            "diffmaglim": 19.54640007019043
        },
        {
            "jd": 2460452.8583333,
            "fid": 2,
            "diffmaglim": 17.99519920349121
        },
        {
            "jd": 2460482.8163194,
            "fid": 2,
            "diffmaglim": 19.243999481201172
        },
        {
            "jd": 2460484.7734722,
            "fid": 2,
            "diffmaglim": 19.621400833129883
        },
        {
            "jd": 2460508.7601736,
            "fid": 2,
            "diffmaglim": 18.816200256347656
        }
    ],
    "forcedphot": [
        {
            "objectid": "ZTF23abtniaf",
            "jd": 2460291.047338,
            "ranr": 216.0827791,
            "decnr": -3.6979013,
            "fid": 2,
            "forcediffimflux": 67814.40625,
            "forcediffimfluxunc": 146.32029724121094,
            "magzpsci": 26.214799880981445
        },
        {
            "objectid": "ZTF23abtniaf",
            "jd": 2460291.0497685,
            "ranr": 216.0827791,
            "decnr": -3.6979013,
            "fid": 2,
            "forcediffimflux": 69990.984375,
            "forcediffimfluxunc": 147.19215393066406,
            "magzpsci": 26.228500366210938
        },
        {
            "objectid": "ZTF23abtniaf",
            "jd": 2460291.0521991,
            "ranr": 216.0827791,
            "decnr": -3.6979013,
            "fid": 2,
            "forcediffimflux": 69991.0078125,
            "forcediffimfluxunc": 147.36721801757812,
            "magzpsci": 26.229700088500977
        },
        {
            "objectid": "ZTF23abtniaf",
            "jd": 2460291.0546412,
            "ranr": 216.0827791,
            "decnr": -3.6979013,
            "fid": 2,
            "forcediffimflux": 69138.3984375,
            "forcediffimfluxunc": 145.455078125,
            "magzpsci": 26.234800338745117
        },
        {
            "objectid": "ZTF23abtniaf",
            "jd": 2460291.0570718,
            "ranr": 216.0827791,
            "decnr": -3.6979013,
            "fid": 2,
            "forcediffimflux": 70653.5625,
            "forcediffimfluxunc": 149.37705993652344,
            "magzpsci": 26.23710060119629
        },
        {
            "objectid": "ZTF23abtniaf",
            "jd": 2460292.0477083,
            "ranr": 216.0827791,
            "decnr": -3.6979013,
            "fid": 2,
            "forcediffimflux": 65152.2890625,
            "forcediffimfluxunc": 140.32138061523438,
            "magzpsci": 26.22260093688965
        },
        {
            "objectid": "ZTF23abtniaf",
            "jd": 2460292.0502199,
            "ranr": 216.0827791,
            "decnr": -3.6979013,
            "fid": 2,
            "forcediffimflux": 65446.80859375,
            "forcediffimfluxunc": 142.2518768310547,
            "magzpsci": 26.229000091552734
        },
        {
            "objectid": "ZTF23abtniaf",
            "jd": 2460292.0527199,
            "ranr": 216.0827791,
            "decnr": -3.6979013,
            "fid": 2,
            "forcediffimflux": 65850.1796875,
            "forcediffimfluxunc": 143.66705322265625,
            "magzpsci": 26.234699249267578
        },
        {
            "objectid": "ZTF23abtniaf",
            "jd": 2460292.0552315,
            "ranr": 216.0827791,
            "decnr": -3.6979013,
            "fid": 2,
            "forcediffimflux": 63899.59375,
            "forcediffimfluxunc": 141.90731811523438,
            "magzpsci": 26.236600875854492
        },
        {
            "objectid": "ZTF23abtniaf",
            "jd": 2460292.0577315,
            "ranr": 216.0827791,
            "decnr": -3.6979013,
            "fid": 2,
            "forcediffimflux": 64287.45703125,
            "forcediffimfluxunc": 148.96372985839844,
            "magzpsci": 26.23699951171875
        },
        {
            "objectid": "ZTF23abtniaf",
            "jd": 2460293.0515162,
            "ranr": 216.0827791,
            "decnr": -3.6979013,
            "fid": 2,
            "forcediffimflux": 59789.6640625,
            "forcediffimfluxunc": 138.97291564941406,
            "magzpsci": 26.124300003051758
        },
        {
            "objectid": "ZTF23abtniaf",
            "jd": 2460293.0540046,
            "ranr": 216.0827791,
            "decnr": -3.6979013,
            "fid": 2,
            "forcediffimflux": 65827.109375,
            "forcediffimfluxunc": 142.7700653076172,
            "magzpsci": 26.247499465942383
        },
        {
            "objectid": "ZTF23abtniaf",
            "jd": 2460293.0564931,
            "ranr": 216.0827791,
            "decnr": -3.6979013,
            "fid": 2,
            "forcediffimflux": 67980.515625,
            "forcediffimfluxunc": 144.01608276367188,
            "magzpsci": 26.257600784301758
        },
        {
            "objectid": "ZTF23abtniaf",
            "jd": 2460293.0589815,
            "ranr": 216.0827791,
            "decnr": -3.6979013,
            "fid": 2,
            "forcediffimflux": 68484.046875,
            "forcediffimfluxunc": 144.01388549804688,
            "magzpsci": 26.258699417114258
        },
        {
            "objectid": "ZTF23abtniaf",
            "jd": 2460293.0614815,
            "ranr": 216.0827791,
            "decnr": -3.6979013,
            "fid": 2,
            "forcediffimflux": 68001.15625,
            "forcediffimfluxunc": 146.93080139160156,
            "magzpsci": 26.269100189208984
        },
        {
            "objectid": "ZTF23abtniaf",
            "jd": 2460311.9672801,
            "ranr": 216.0844907,
            "decnr": -3.6978549,
            "fid": 1,
            "forcediffimflux": 16518.96875,
            "forcediffimfluxunc": 92.23432159423828,
            "magzpsci": 25.989099502563477
        },
        {
            "objectid": "ZTF23abtniaf",
            "jd": 2460312.0368866,
            "ranr": 216.0827791,
            "decnr": -3.6979013,
            "fid": 2,
            "forcediffimflux": 32846.05859375,
            "forcediffimfluxunc": 106.3758544921875,
            "magzpsci": 26.277299880981445
        },
        {
            "objectid": "ZTF23abtniaf",
            "jd": 2460325.989919,
            "ranr": 216.0827791,
            "decnr": -3.6979013,
            "fid": 2,
            "forcediffimflux": 17396.390625,
            "forcediffimfluxunc": 86.48951721191406,
            "magzpsci": 26.267099380493164
        },
        {
            "objectid": "ZTF23abtniaf",
            "jd": 2460326.0279861,
            "ranr": 216.0844907,
            "decnr": -3.6978549,
            "fid": 1,
            "forcediffimflux": 9213.6318359375,
            "forcediffimfluxunc": 61.27973556518555,
            "magzpsci": 26.271900177001953
        },
        {
            "objectid": "ZTF23abtniaf",
            "jd": 2460351.923669,
            "ranr": 216.0844907,
            "decnr": -3.6978549,
            "fid": 1,
            "forcediffimflux": 5139.15380859375,
            "forcediffimfluxunc": 51.33820724487305,
            "magzpsci": 26.215900421142578
        },
        {
            "objectid": "ZTF23abtniaf",
            "jd": 2460352.0012153,
            "ranr": 216.0827791,
            "decnr": -3.6979013,
            "fid": 2,
            "forcediffimflux": 7052.1064453125,
            "forcediffimfluxunc": 59.84629821777344,
            "magzpsci": 26.294599533081055
        },
        {
            "objectid": "ZTF23abtniaf",
            "jd": 2460353.9712731,
            "ranr": 216.0827791,
            "decnr": -3.6979013,
            "fid": 2,
            "forcediffimflux": 6861.95263671875,
            "forcediffimfluxunc": 54.477230072021484,
            "magzpsci": 26.30299949645996
        },
        {
            "objectid": "ZTF23abtniaf",
            "jd": 2460353.9839236,
            "ranr": 216.0844907,
            "decnr": -3.6978549,
            "fid": 1,
            "forcediffimflux": 5293.8095703125,
            "forcediffimfluxunc": 51.38215637207031,
            "magzpsci": 26.2893009185791
        },
        {
            "objectid": "ZTF23abtniaf",
            "jd": 2460356.0203588,
            "ranr": 216.0844907,
            "decnr": -3.6978549,
            "fid": 1,
            "forcediffimflux": 5272.3525390625,
            "forcediffimfluxunc": 48.521888732910156,
            "magzpsci": 26.306299209594727
        },
        {
            "objectid": "ZTF23abtniaf",
            "jd": 2460363.9003588,
            "ranr": 216.0844907,
            "decnr": -3.6978549,
            "fid": 1,
            "forcediffimflux": 3154.30615234375,
            "forcediffimfluxunc": 128.95335388183594,
            "magzpsci": 25.98509979248047
        },
        {
            "objectid": "ZTF23abtniaf",
            "jd": 2460374.9662847,
            "ranr": 216.0827791,
            "decnr": -3.6979013,
            "fid": 2,
            "forcediffimflux": 3906.830078125,
            "forcediffimfluxunc": 40.893798828125,
            "magzpsci": 26.2947998046875
        },
        {
            "objectid": "ZTF23abtniaf",
            "jd": 2460375.0326736,
            "ranr": 216.0844907,
            "decnr": -3.6978549,
            "fid": 1,
            "forcediffimflux": 3089.26025390625,
            "forcediffimfluxunc": 46.77642822265625,
            "magzpsci": 26.03030014038086
        },
        {
            "objectid": "ZTF23abtniaf",
            "jd": 2460383.8711343,
            "ranr": 216.0844907,
            "decnr": -3.6978549,
            "fid": 1,
            "forcediffimflux": 1799.3428955078125,
            "forcediffimfluxunc": 41.83624267578125,
            "magzpsci": 25.58289909362793
        },
        {
            "objectid": "ZTF23abtniaf",
            "jd": 2460390.9316667,
            "ranr": 216.0827791,
            "decnr": -3.6979013,
            "fid": 2,
            "forcediffimflux": 2595.720703125,
            "forcediffimfluxunc": 46.41238784790039,
            "magzpsci": 26.285600662231445
        },
        {
            "objectid": "ZTF23abtniaf",
            "jd": 2460390.9482639,
            "ranr": 216.0844907,
            "decnr": -3.6978549,
            "fid": 1,
            "forcediffimflux": 3226.06298828125,
            "forcediffimfluxunc": 53.80320358276367,
            "magzpsci": 26.28580093383789
        },
        {
            "objectid": "ZTF23abtniaf",
            "jd": 2460398.8095949,
            "ranr": 216.0844907,
            "decnr": -3.6978549,
            "fid": 1,
            "forcediffimflux": 2650.044921875,
            "forcediffimfluxunc": 86.51783752441406,
            "magzpsci": 26.238000869750977
        },
        {
            "objectid": "ZTF23abtniaf",
            "jd": 2460398.9317361,
            "ranr": 216.0827791,
            "decnr": -3.6979013,
            "fid": 2,
            "forcediffimflux": 1953.6136474609375,
            "forcediffimfluxunc": 70.93423461914062,
            "magzpsci": 26.28380012512207
        },
        {
            "objectid": "ZTF23abtniaf",
            "jd": 2460404.8566551,
            "ranr": 216.0827791,
            "decnr": -3.6979013,
            "fid": 2,
            "forcediffimflux": 1706.1702880859375,
            "forcediffimfluxunc": 39.240966796875,
            "magzpsci": 26.2893009185791
        },
        {
            "objectid": "ZTF23abtniaf",
            "jd": 2460404.8779398,
            "ranr": 216.0844907,
            "decnr": -3.6978549,
            "fid": 1,
            "forcediffimflux": 2531.840087890625,
            "forcediffimfluxunc": 38.65801239013672,
            "magzpsci": 26.281099319458008
        },
        {
            "objectid": "ZTF23abtniaf",
            "jd": 2460408.8541088,
            "ranr": 216.0844907,
            "decnr": -3.6978549,
            "fid": 1,
            "forcediffimflux": 2341.532470703125,
            "forcediffimfluxunc": 38.98786163330078,
            "magzpsci": 26.241899490356445
        },
        {
            "objectid": "ZTF23abtniaf",
            "jd": 2460408.9022917,
            "ranr": 216.0827791,
            "decnr": -3.6979013,
            "fid": 2,
            "forcediffimflux": 1578.9949951171875,
            "forcediffimfluxunc": 35.71204376220703,
            "magzpsci": 26.251300811767578
        },
        {
            "objectid": "ZTF23abtniaf",
            "jd": 2460413.8532176,
            "ranr": 216.0844907,
            "decnr": -3.6978549,
            "fid": 1,
            "forcediffimflux": 2240.890380859375,
            "forcediffimfluxunc": 32.869720458984375,
            "magzpsci": 26.264299392700195
        },
        {
            "objectid": "ZTF23abtniaf",
            "jd": 2460413.8776736,
            "ranr": 216.0827791,
            "decnr": -3.6979013,
            "fid": 2,
            "forcediffimflux": 1355.870849609375,
            "forcediffimfluxunc": 34.158748626708984,
            "magzpsci": 26.27120018005371
        },
        {
            "objectid": "ZTF23abtniaf",
            "jd": 2460417.8521181,
            "ranr": 216.0844907,
            "decnr": -3.6978549,
            "fid": 1,
            "forcediffimflux": 2228.72607421875,
            "forcediffimfluxunc": 45.35658264160156,
            "magzpsci": 26.298500061035156
        },
        {
            "objectid": "ZTF23abtniaf",
            "jd": 2460417.8584028,
            "ranr": 216.0827791,
            "decnr": -3.6979013,
            "fid": 2,
            "forcediffimflux": 1403.424560546875,
            "forcediffimfluxunc": 38.645103454589844,
            "magzpsci": 26.291099548339844
        },
        {
            "objectid": "ZTF23abtniaf",
            "jd": 2460419.7691782,
            "ranr": 216.0827791,
            "decnr": -3.6979013,
            "fid": 2,
            "forcediffimflux": 1245.9632568359375,
            "forcediffimfluxunc": 48.639713287353516,
            "magzpsci": 26.28700065612793
        },
        {
            "objectid": "ZTF23abtniaf",
            "jd": 2460419.8171644,
            "ranr": 216.0844907,
            "decnr": -3.6978549,
            "fid": 1,
            "forcediffimflux": 2090.99560546875,
            "forcediffimfluxunc": 56.33987808227539,
            "magzpsci": 26.2731990814209
        },
        {
            "objectid": "ZTF23abtniaf",
            "jd": 2460421.8127431,
            "ranr": 216.0844907,
            "decnr": -3.6978549,
            "fid": 1,
            "forcediffimflux": 2057.0185546875,
            "forcediffimfluxunc": 81.3947525024414,
            "magzpsci": 26.22100067138672
        },
        {
            "objectid": "ZTF23abtniaf",
            "jd": 2460421.8829167,
            "ranr": 216.0827791,
            "decnr": -3.6979013,
            "fid": 2,
            "forcediffimflux": 1147.75341796875,
            "forcediffimfluxunc": 67.90928649902344,
            "magzpsci": 26.255399703979492
        },
        {
            "objectid": "ZTF23abtniaf",
            "jd": 2460429.7944792,
            "ranr": 216.0844907,
            "decnr": -3.6978549,
            "fid": 1,
            "forcediffimflux": 1802.9896240234375,
            "forcediffimfluxunc": 37.096492767333984,
            "magzpsci": 26.256200790405273
        },
        {
            "objectid": "ZTF23abtniaf",
            "jd": 2460429.8357639,
            "ranr": 216.0827791,
            "decnr": -3.6979013,
            "fid": 2,
            "forcediffimflux": 1011.0660400390625,
            "forcediffimfluxunc": 34.53349685668945,
            "magzpsci": 26.28730010986328
        },
        {
            "objectid": "ZTF23abtniaf",
            "jd": 2460431.7529745,
            "ranr": 216.0827791,
            "decnr": -3.6979013,
            "fid": 2,
            "forcediffimflux": 887.8213500976562,
            "forcediffimfluxunc": 26.98024559020996,
            "magzpsci": 26.28380012512207
        },
        {
            "objectid": "ZTF23abtniaf",
            "jd": 2460431.8161343,
            "ranr": 216.0844907,
            "decnr": -3.6978549,
            "fid": 1,
            "forcediffimflux": 1823.3079833984375,
            "forcediffimfluxunc": 29.580917358398438,
            "magzpsci": 26.277299880981445
        },
        {
            "objectid": "ZTF23abtniaf",
            "jd": 2460433.8407523,
            "ranr": 216.0844907,
            "decnr": -3.6978549,
            "fid": 1,
            "forcediffimflux": 1646.544189453125,
            "forcediffimfluxunc": 28.777427673339844,
            "magzpsci": 26.192699432373047
        },
        {
            "objectid": "ZTF23abtniaf",
            "jd": 2460437.7560069,
            "ranr": 216.0827791,
            "decnr": -3.6979013,
            "fid": 2,
            "forcediffimflux": 799.6455078125,
            "forcediffimfluxunc": 38.73350524902344,
            "magzpsci": 26.274200439453125
        },
        {
            "objectid": "ZTF23abtniaf",
            "jd": 2460437.8164005,
            "ranr": 216.0828599,
            "decnr": -3.6973306,
            "fid": 3,
            "forcediffimflux": 344.7370300292969,
            "forcediffimfluxunc": 31.2734375,
            "magzpsci": 25.739900588989258
        },
        {
            "objectid": "ZTF23abtniaf",
            "jd": 2460437.9456597,
            "ranr": 216.0844907,
            "decnr": -3.6978549,
            "fid": 1,
            "forcediffimflux": 1384.3343505859375,
            "forcediffimfluxunc": 42.296783447265625,
            "magzpsci": 26.062000274658203
        },
        {
            "objectid": "ZTF23abtniaf",
            "jd": 2460438.7655556,
            "ranr": 216.0827791,
            "decnr": -3.6979013,
            "fid": 2,
            "forcediffimflux": 751.7489624023438,
            "forcediffimfluxunc": 32.098655700683594,
            "magzpsci": 26.258699417114258
        },
        {
            "objectid": "ZTF23abtniaf",
            "jd": 2460440.7941088,
            "ranr": 216.0844907,
            "decnr": -3.6978549,
            "fid": 1,
            "forcediffimflux": 1516.7811279296875,
            "forcediffimfluxunc": 36.18987274169922,
            "magzpsci": 26.249300003051758
        },
        {
            "objectid": "ZTF23abtniaf",
            "jd": 2460440.8665162,
            "ranr": 216.0827791,
            "decnr": -3.6979013,
            "fid": 2,
            "forcediffimflux": 725.7687377929688,
            "forcediffimfluxunc": 37.13711929321289,
            "magzpsci": 26.241500854492188
        },
        {
            "objectid": "ZTF23abtniaf",
            "jd": 2460442.7705324,
            "ranr": 216.0827791,
            "decnr": -3.6979013,
            "fid": 2,
            "forcediffimflux": 714.0839233398438,
            "forcediffimfluxunc": 36.54227828979492,
            "magzpsci": 26.26849937438965
        },
        {
            "objectid": "ZTF23abtniaf",
            "jd": 2460442.8387963,
            "ranr": 216.0844907,
            "decnr": -3.6978549,
            "fid": 1,
            "forcediffimflux": 1529.75,
            "forcediffimfluxunc": 32.98841857910156,
            "magzpsci": 26.2367000579834
        },
        {
            "objectid": "ZTF23abtniaf",
            "jd": 2460444.7743287,
            "ranr": 216.0827791,
            "decnr": -3.6979013,
            "fid": 2,
            "forcediffimflux": 714.9888916015625,
            "forcediffimfluxunc": 33.542484283447266,
            "magzpsci": 26.267900466918945
        },
        {
            "objectid": "ZTF23abtniaf",
            "jd": 2460444.8246181,
            "ranr": 216.0844907,
            "decnr": -3.6978549,
            "fid": 1,
            "forcediffimflux": 1544.0849609375,
            "forcediffimfluxunc": 32.65753173828125,
            "magzpsci": 26.273799896240234
        },
        {
            "objectid": "ZTF23abtniaf",
            "jd": 2460446.791956,
            "ranr": 216.0827791,
            "decnr": -3.6979013,
            "fid": 2,
            "forcediffimflux": 655.0604858398438,
            "forcediffimfluxunc": 38.95844650268555,
            "magzpsci": 26.24090003967285
        },
        {
            "objectid": "ZTF23abtniaf",
            "jd": 2460446.8386921,
            "ranr": 216.0844907,
            "decnr": -3.6978549,
            "fid": 1,
            "forcediffimflux": 1397.003173828125,
            "forcediffimfluxunc": 49.01615905761719,
            "magzpsci": 26.216699600219727
        },
        {
            "objectid": "ZTF23abtniaf",
            "jd": 2460448.7709375,
            "ranr": 216.0827791,
            "decnr": -3.6979013,
            "fid": 2,
            "forcediffimflux": 658.0327758789062,
            "forcediffimfluxunc": 52.79924392700195,
            "magzpsci": 26.143699645996094
        },
        {
            "objectid": "ZTF23abtniaf",
            "jd": 2460448.8446296,
            "ranr": 216.0844907,
            "decnr": -3.6978549,
            "fid": 1,
            "forcediffimflux": 1275.5677490234375,
            "forcediffimfluxunc": 52.33697509765625,
            "magzpsci": 26.127700805664062
        },
        {
            "objectid": "ZTF23abtniaf",
            "jd": 2460452.8583333,
            "ranr": 216.0827791,
            "decnr": -3.6979013,
            "fid": 2,
            "forcediffimflux": 736.8597412109375,
            "forcediffimfluxunc": 203.83050537109375,
            "magzpsci": 26.168100357055664
        },
        {
            "objectid": "ZTF23abtniaf",
            "jd": 2460456.8144329,
            "ranr": 216.0827791,
            "decnr": -3.6979013,
            "fid": 2,
            "forcediffimflux": 521.517578125,
            "forcediffimfluxunc": 45.84590530395508,
            "magzpsci": 26.269699096679688
        },
        {
            "objectid": "ZTF23abtniaf",
            "jd": 2460458.7502083,
            "ranr": 216.0844907,
            "decnr": -3.6978549,
            "fid": 1,
            "forcediffimflux": 1355.783447265625,
            "forcediffimfluxunc": 31.34510040283203,
            "magzpsci": 26.282100677490234
        },
        {
            "objectid": "ZTF23abtniaf",
            "jd": 2460458.8388657,
            "ranr": 216.0827791,
            "decnr": -3.6979013,
            "fid": 2,
            "forcediffimflux": 556.3887939453125,
            "forcediffimfluxunc": 35.490657806396484,
            "magzpsci": 26.261899948120117
        },
        {
            "objectid": "ZTF23abtniaf",
            "jd": 2460460.7502315,
            "ranr": 216.0844907,
            "decnr": -3.6978549,
            "fid": 1,
            "forcediffimflux": 1170.838623046875,
            "forcediffimfluxunc": 31.191375732421875,
            "magzpsci": 26.23550033569336
        },
        {
            "objectid": "ZTF23abtniaf",
            "jd": 2460462.7082986,
            "ranr": 216.0827791,
            "decnr": -3.6979013,
            "fid": 2,
            "forcediffimflux": 476.8840026855469,
            "forcediffimfluxunc": 24.778396606445312,
            "magzpsci": 26.269500732421875
        },
        {
            "objectid": "ZTF23abtniaf",
            "jd": 2460462.7503009,
            "ranr": 216.0844907,
            "decnr": -3.6978549,
            "fid": 1,
            "forcediffimflux": 1175.068603515625,
            "forcediffimfluxunc": 25.17263412475586,
            "magzpsci": 26.260400772094727
        },
        {
            "objectid": "ZTF23abtniaf",
            "jd": 2460464.7907176,
            "ranr": 216.0844907,
            "decnr": -3.6978549,
            "fid": 1,
            "forcediffimflux": 765.9824829101562,
            "forcediffimfluxunc": 31.14274024963379,
            "magzpsci": 25.815799713134766
        },
        {
            "objectid": "ZTF23abtniaf",
            "jd": 2460469.7282176,
            "ranr": 216.0844907,
            "decnr": -3.6978549,
            "fid": 1,
            "forcediffimflux": 1013.0758666992188,
            "forcediffimfluxunc": 29.63843536376953,
            "magzpsci": 26.2268009185791
        },
        {
            "objectid": "ZTF23abtniaf",
            "jd": 2460469.7762731,
            "ranr": 216.0827791,
            "decnr": -3.6979013,
            "fid": 2,
            "forcediffimflux": 375.1722717285156,
            "forcediffimfluxunc": 24.676918029785156,
            "magzpsci": 26.241899490356445
        },
        {
            "objectid": "ZTF23abtniaf",
            "jd": 2460471.7287616,
            "ranr": 216.0844907,
            "decnr": -3.6978549,
            "fid": 1,
            "forcediffimflux": 1124.97216796875,
            "forcediffimfluxunc": 31.35999298095703,
            "magzpsci": 26.246700286865234
        },
        {
            "objectid": "ZTF23abtniaf",
            "jd": 2460471.7921181,
            "ranr": 216.0827791,
            "decnr": -3.6979013,
            "fid": 2,
            "forcediffimflux": 349.49334716796875,
            "forcediffimfluxunc": 25.313100814819336,
            "magzpsci": 26.241300582885742
        },
        {
            "objectid": "ZTF23abtniaf",
            "jd": 2460473.7268519,
            "ranr": 216.0844907,
            "decnr": -3.6978549,
            "fid": 1,
            "forcediffimflux": 974.6607055664062,
            "forcediffimfluxunc": 38.51235580444336,
            "magzpsci": 26.228900909423828
        },
        {
            "objectid": "ZTF23abtniaf",
            "jd": 2460473.7479398,
            "ranr": 216.0827791,
            "decnr": -3.6979013,
            "fid": 2,
            "forcediffimflux": 355.4203186035156,
            "forcediffimfluxunc": 34.61724853515625,
            "magzpsci": 26.24250030517578
        },
        {
            "objectid": "ZTF23abtniaf",
            "jd": 2460475.7123264,
            "ranr": 216.0844907,
            "decnr": -3.6978549,
            "fid": 1,
            "forcediffimflux": 1034.07666015625,
            "forcediffimfluxunc": 47.16627502441406,
            "magzpsci": 26.235300064086914
        },
        {
            "objectid": "ZTF23abtniaf",
            "jd": 2460475.7326042,
            "ranr": 216.0827791,
            "decnr": -3.6979013,
            "fid": 2,
            "forcediffimflux": 365.4808044433594,
            "forcediffimfluxunc": 36.155914306640625,
            "magzpsci": 26.265499114990234
        },
        {
            "objectid": "ZTF23abtniaf",
            "jd": 2460480.7325347,
            "ranr": 216.0844907,
            "decnr": -3.6978549,
            "fid": 1,
            "forcediffimflux": 980.8823852539062,
            "forcediffimfluxunc": 72.34505462646484,
            "magzpsci": 26.24250030517578
        },
        {
            "objectid": "ZTF23abtniaf",
            "jd": 2460482.7329398,
            "ranr": 216.0844907,
            "decnr": -3.6978549,
            "fid": 1,
            "forcediffimflux": 1042.6700439453125,
            "forcediffimfluxunc": 96.65279388427734,
            "magzpsci": 26.265600204467773
        },
        {
            "objectid": "ZTF23abtniaf",
            "jd": 2460482.8163194,
            "ranr": 216.0827791,
            "decnr": -3.6979013,
            "fid": 2,
            "forcediffimflux": 331.31292724609375,
            "forcediffimfluxunc": 73.43921661376953,
            "magzpsci": 26.224899291992188
        },
        {
            "objectid": "ZTF23abtniaf",
            "jd": 2460484.6901852,
            "ranr": 216.0844907,
            "decnr": -3.6978549,
            "fid": 1,
            "forcediffimflux": 998.95947265625,
            "forcediffimfluxunc": 41.385520935058594,
            "magzpsci": 26.273500442504883
        },
        {
            "objectid": "ZTF23abtniaf",
            "jd": 2460484.7734722,
            "ranr": 216.0827791,
            "decnr": -3.6979013,
            "fid": 2,
            "forcediffimflux": 219.52957153320312,
            "forcediffimfluxunc": 54.81572723388672,
            "magzpsci": 26.242399215698242
        },
        {
            "objectid": "ZTF23abtniaf",
            "jd": 2460486.6922222,
            "ranr": 216.0844907,
            "decnr": -3.6978549,
            "fid": 1,
            "forcediffimflux": 889.24755859375,
            "forcediffimfluxunc": 32.10195541381836,
            "magzpsci": 26.247600555419922
        },
        {
            "objectid": "ZTF23abtniaf",
            "jd": 2460488.7971644,
            "ranr": 216.0827791,
            "decnr": -3.6979013,
            "fid": 2,
            "forcediffimflux": 293.2424621582031,
            "forcediffimfluxunc": 41.15132141113281,
            "magzpsci": 26.189800262451172
        },
        {
            "objectid": "ZTF23abtniaf",
            "jd": 2460490.7274653,
            "ranr": 216.0844907,
            "decnr": -3.6978549,
            "fid": 1,
            "forcediffimflux": 881.7769775390625,
            "forcediffimfluxunc": 33.19492721557617,
            "magzpsci": 26.27829933166504
        },
        {
            "objectid": "ZTF23abtniaf",
            "jd": 2460490.75375,
            "ranr": 216.0827791,
            "decnr": -3.6979013,
            "fid": 2,
            "forcediffimflux": 322.7066955566406,
            "forcediffimfluxunc": 31.426713943481445,
            "magzpsci": 26.272499084472656
        },
        {
            "objectid": "ZTF23abtniaf",
            "jd": 2460494.6908796,
            "ranr": 216.0844907,
            "decnr": -3.6978549,
            "fid": 1,
            "forcediffimflux": 753.8902587890625,
            "forcediffimfluxunc": 32.22068786621094,
            "magzpsci": 26.263399124145508
        },
        {
            "objectid": "ZTF23abtniaf",
            "jd": 2460494.7343287,
            "ranr": 216.0827791,
            "decnr": -3.6979013,
            "fid": 2,
            "forcediffimflux": 261.0781555175781,
            "forcediffimfluxunc": 31.999300003051758,
            "magzpsci": 26.275699615478516
        },
        {
            "objectid": "ZTF23abtniaf",
            "jd": 2460508.7047338,
            "ranr": 216.0844907,
            "decnr": -3.6978549,
            "fid": 1,
            "forcediffimflux": 384.1149597167969,
            "forcediffimfluxunc": 84.74012756347656,
            "magzpsci": 26.049400329589844
        },
        {
            "objectid": "ZTF23abtniaf",
            "jd": 2460508.7601736,
            "ranr": 216.0827791,
            "decnr": -3.6979013,
            "fid": 2,
            "forcediffimflux": 201.91163635253906,
            "forcediffimfluxunc": 101.17943572998047,
            "magzpsci": 26.089000701904297
        },
        {
            "objectid": "ZTF23abtniaf",
            "jd": 2460510.7267593,
            "ranr": 216.0844907,
            "decnr": -3.6978549,
            "fid": 1,
            "forcediffimflux": 669.5160522460938,
            "forcediffimfluxunc": 80.91942596435547,
            "magzpsci": 26.117399215698242
        },
        {
            "objectid": "ZTF23abtniaf",
            "jd": 2460512.6890741,
            "ranr": 216.0844907,
            "decnr": -3.6978549,
            "fid": 1,
            "forcediffimflux": 361.0085144042969,
            "forcediffimfluxunc": 77.06221008300781,
            "magzpsci": 25.71969985961914
        },
        {
            "objectid": "ZTF23abtniaf",
            "jd": 2460514.6910648,
            "ranr": 216.0844907,
            "decnr": -3.6978549,
            "fid": 1,
            "forcediffimflux": 542.5173950195312,
            "forcediffimfluxunc": 42.520320892333984,
            "magzpsci": 26.025100708007812
        },
        {
            "objectid": "ZTF23abtniaf",
            "jd": 2460516.6810301,
            "ranr": 216.0844907,
            "decnr": -3.6978549,
            "fid": 1,
            "forcediffimflux": 493.1072082519531,
            "forcediffimfluxunc": 37.01741409301758,
            "magzpsci": 25.988399505615234
        }
    ]
}