{
    "objectId": "ZTF23aaaprnb",
    "candidates": [
        {
            "candid": 2211421945115015000,
            "jd": 2459965.9219444,
            "ra": 185.1938517,
            "dec": -6.9687695,
            "fid": 2,
            "nid": 2211,
            "magpsf": 18.617900848388672,
            "sigmapsf": 0.18561099469661713,
            "magnr": 18.589000701904297,
            "sigmagnr": 0.09700000286102295,
            "magzpsci": 26.171899795532227,
            "isdiffpos": "t",
            "ssdistnr": null,
            "ssnamenr": null,
            "drb": 0.4437299072742462
        },
        {
            "candid": 2212417236215015000,
            "jd": 2459966.9172338,
            "ra": 185.193849,
            "dec": -6.9686707,
            "fid": 1,
            "nid": 2212,
            "magpsf": 18.452699661254883,
            "sigmapsf": 0.08675800263881683,
            "magnr": 19.59000015258789,
            "sigmagnr": 0.09300000220537186,
            "magzpsci": 26.16069984436035,
            "isdiffpos": "t",
            "ssdistnr": null,
            "ssnamenr": null,
            "drb": null
        },
        {
            "candid": 2214524946215015000,
            "jd": 2459969.0249421,
            "ra": 185.1938203,
            "dec": -6.9686825,
            "fid": 1,
            "nid": 2214,
            "magpsf": 17.75589942932129,
            "sigmapsf": 0.06804800033569336,
            "magnr": 19.59000015258789,
            "sigmagnr": 0.09300000220537186,
            "magzpsci": 26.215900421142578,
            "isdiffpos": "t",
            "ssdistnr": null,
            "ssnamenr": null,
            "drb": null
        },
        {
            "candid": 2215378645115015000,
            "jd": 2459969.8786458,
            "ra": 185.1938372,
            "dec": -6.9686984,
            "fid": 1,
            "nid": 2215,
            "magpsf": 17.602100372314453,
            "sigmapsf": 0.07733999937772751,
            "magnr": 19.402000427246094,
            "sigmagnr": 0.0820000022649765,
            "magzpsci": 26.158100128173828,
            "isdiffpos": "t",
            "ssdistnr": null,
            "ssnamenr": null,
            "drb": null
        },
        {
            "candid": 2215464935115015000,
            "jd": 2459969.9649306,
            "ra": 185.1938085,
            "dec": -6.9686946,
            "fid": 2,
            "nid": 2215,
            "magpsf": 17.201000213623047,
            "sigmapsf": 0.0469370000064373,
            "magnr": 18.589000701904297,
            "sigmagnr": 0.09700000286102295,
            "magzpsci": 26.19300079345703,
            "isdiffpos": "t",
            "ssdistnr": null,
            "ssnamenr": null,
            "drb": null
        },
        {
            "candid": 2218444466215015000,
            "jd": 2459972.9444676,
            "ra": 185.1938252,
            "dec": -6.9686763,
            "fid": 1,
            "nid": 2218,
            "magpsf": 17.06679916381836,
            "sigmapsf": 0.05419899895787239,
            "magnr": 19.59000015258789,
            "sigmagnr": 0.09300000220537186,
            "magzpsci": 26.126800537109375,
            "isdiffpos": "t",
            "ssdistnr": null,
            "ssnamenr": null,
            "drb": null
        },
        {
            "candid": 2225445066215015000,
            "jd": 2459979.9450694,
            "ra": 185.193812,
            "dec": -6.96871,
            "fid": 2,
            "nid": 2225,
            "magpsf": 16.467100143432617,
            "sigmapsf": 0.036570001393556595,
            "magnr": 18.684999465942383,
            "sigmagnr": 0.07999999821186066,
            "magzpsci": 26.11210060119629,
            "isdiffpos": "t",
            "ssdistnr": null,
            "ssnamenr": null,
            "drb": null
        },
        {
            "candid": 2242422266215015000,
            "jd": 2459996.9222685,
            "ra": 185.193817,
            "dec": -6.9686961,
            "fid": 1,
            "nid": 2242,
            "magpsf": 17.646799087524414,
            "sigmapsf": 0.07569999992847443,
            "magnr": 19.59000015258789,
            "sigmagnr": 0.09300000220537186,
            "magzpsci": 25.71579933166504,
            "isdiffpos": "t",
            "ssdistnr": null,
            "ssnamenr": null,
            "drb": null
        },
        {
            "candid": 2262319035115015000,
            "jd": 2460016.8190394,
            "ra": 185.1938948,
            "dec": -6.9687413,
            "fid": 1,
            "nid": 2262,
            "magpsf": 19.191600799560547,
            "sigmapsf": 0.2579669952392578,
            "magnr": 19.402000427246094,
            "sigmagnr": 0.0820000022649765,
            "magzpsci": 25.56060028076172,
            "isdiffpos": "t",
            "ssdistnr": null,
            "ssnamenr": null,
            "drb": null
        },
        {
            "candid": 2262321416215015000,
            "jd": 2460016.821412,
            "ra": 185.193909,
            "dec": -6.9686972,
            "fid": 1,
            "nid": 2262,
            "magpsf": 19.138399124145508,
            "sigmapsf": 0.24301600456237793,
            "magnr": 19.59000015258789,
            "sigmagnr": 0.09300000220537186,
            "magzpsci": 25.214399337768555,
            "isdiffpos": "t",
            "ssdistnr": null,
            "ssnamenr": null,
            "drb": null
        },
        {
            "candid": 2266335395115015001,
            "jd": 2460020.8353935,
            "ra": 185.1938342,
            "dec": -6.9686843,
            "fid": 2,
            "nid": 2266,
            "magpsf": 18.163000106811523,
            "sigmapsf": 0.0613970011472702,
            "magnr": 18.589000701904297,
            "sigmagnr": 0.09700000286102295,
            "magzpsci": 26.17490005493164,
            "isdiffpos": "t",
            "ssdistnr": null,
            "ssnamenr": null,
            "drb": null
        },
        {
            "candid": 2266355976215015000,
            "jd": 2460020.8559722,
            "ra": 185.1938027,
            "dec": -6.9686847,
            "fid": 2,
            "nid": 2266,
            "magpsf": 18.176799774169922,
            "sigmapsf": 0.07463300228118896,
            "magnr": 18.684999465942383,
            "sigmagnr": 0.07999999821186066,
            "magzpsci": 26.128799438476562,
            "isdiffpos": "t",
            "ssdistnr": null,
            "ssnamenr": null,
            "drb": null
        },
        {
            "candid": 2266460036215015000,
            "jd": 2460020.9600347,
            "ra": 185.1938159,
            "dec": -6.9687351,
            "fid": 1,
            "nid": 2266,
            "magpsf": 19.453699111938477,
            "sigmapsf": 0.16873300075531006,
            "magnr": 19.59000015258789,
            "sigmagnr": 0.09300000220537186,
            "magzpsci": 26.090700149536133,
            "isdiffpos": "t",
            "ssdistnr": null,
            "ssnamenr": null,
            "drb": null
        },
        {
            "candid": 2276335946215015000,
            "jd": 2460030.8359491,
            "ra": 185.1938339,
            "dec": -6.9686777,
            "fid": 2,
            "nid": 2276,
            "magpsf": 18.564699172973633,
            "sigmapsf": 0.0895019993185997,
            "magnr": 18.684999465942383,
            "sigmagnr": 0.07999999821186066,
            "magzpsci": 26.125699996948242,
            "isdiffpos": "t",
            "ssdistnr": null,
            "ssnamenr": null,
            "drb": null
        },
        {
            "candid": 2277291415115015000,
            "jd": 2460031.791412,
            "ra": 185.1937684,
            "dec": -6.9687169,
            "fid": 1,
            "nid": 2277,
            "magpsf": 19.70669937133789,
            "sigmapsf": 0.27334800362586975,
            "magnr": 19.402000427246094,
            "sigmagnr": 0.0820000022649765,
            "magzpsci": 26.163700103759766,
            "isdiffpos": "t",
            "ssdistnr": null,
            "ssnamenr": null,
            "drb": null
        },
        {
            "candid": 2277313835115015000,
            "jd": 2460031.813831,
            "ra": 185.1938472,
            "dec": -6.9686561,
            "fid": 2,
            "nid": 2277,
            "magpsf": 18.64889907836914,
            "sigmapsf": 0.13865500688552856,
            "magnr": 18.589000701904297,
            "sigmagnr": 0.09700000286102295,
            "magzpsci": 25.993900299072266,
            "isdiffpos": "t",
            "ssdistnr": null,
            "ssnamenr": null,
            "drb": null
        },
        {
            "candid": 2282314786215015000,
            "jd": 2460036.8147801,
            "ra": 185.1937366,
            "dec": -6.9686802,
            "fid": 1,
            "nid": 2282,
            "magpsf": 19.666200637817383,
            "sigmapsf": 0.2931399941444397,
            "magnr": 19.59000015258789,
            "sigmagnr": 0.09300000220537186,
            "magzpsci": 26.17919921875,
            "isdiffpos": "t",
            "ssdistnr": null,
            "ssnamenr": null,
            "drb": null
        },
        {
            "candid": 2282315715115015000,
            "jd": 2460036.8157176,
            "ra": 185.1939889,
            "dec": -6.9687694,
            "fid": 1,
            "nid": 2282,
            "magpsf": 19.333799362182617,
            "sigmapsf": 0.28815600275993347,
            "magnr": 19.402000427246094,
            "sigmagnr": 0.0820000022649765,
            "magzpsci": 26.21980094909668,
            "isdiffpos": "t",
            "ssdistnr": null,
            "ssnamenr": null,
            "drb": null
        },
        {
            "candid": 2282420286215015000,
            "jd": 2460036.9202894,
            "ra": 185.1937984,
            "dec": -6.9686998,
            "fid": 2,
            "nid": 2282,
            "magpsf": 18.717199325561523,
            "sigmapsf": 0.1530500054359436,
            "magnr": 18.684999465942383,
            "sigmagnr": 0.07999999821186066,
            "magzpsci": 26.073200225830078,
            "isdiffpos": "t",
            "ssdistnr": null,
            "ssnamenr": null,
            "drb": null
        },
        {
            "candid": 2289336125115015001,
            "jd": 2460043.8361227,
            "ra": 185.1937721,
            "dec": -6.968597,
            "fid": 2,
            "nid": 2289,
            "magpsf": 19.069700241088867,
            "sigmapsf": 0.17149899899959564,
            "magnr": 18.589000701904297,
            "sigmagnr": 0.09700000286102295,
            "magzpsci": 26.07670021057129,
            "isdiffpos": "t",
            "ssdistnr": null,
            "ssnamenr": null,
            "drb": null
        },
        {
            "candid": 2289357256215015000,
            "jd": 2460043.8572569,
            "ra": 185.1938218,
            "dec": -6.9686609,
            "fid": 2,
            "nid": 2289,
            "magpsf": 19.171199798583984,
            "sigmapsf": 0.19067500531673431,
            "magnr": 18.684999465942383,
            "sigmagnr": 0.07999999821186066,
            "magzpsci": 26.065200805664062,
            "isdiffpos": "t",
            "ssdistnr": null,
            "ssnamenr": null,
            "drb": null
        },
        {
            "candid": 2291284986215015001,
            "jd": 2460045.7849884,
            "ra": 185.1938169,
            "dec": -6.968678,
            "fid": 2,
            "nid": 2291,
            "magpsf": 19.05459976196289,
            "sigmapsf": 0.13026699423789978,
            "magnr": 18.684999465942383,
            "sigmagnr": 0.07999999821186066,
            "magzpsci": 26.125600814819336,
            "isdiffpos": "t",
            "ssdistnr": null,
            "ssnamenr": null,
            "drb": null
        },
        {
            "candid": 2291285935115015001,
            "jd": 2460045.7859375,
            "ra": 185.1938305,
            "dec": -6.9686974,
            "fid": 2,
            "nid": 2291,
            "magpsf": 19.142200469970703,
            "sigmapsf": 0.09623199701309204,
            "magnr": 18.589000701904297,
            "sigmagnr": 0.09700000286102295,
            "magzpsci": 26.167200088500977,
            "isdiffpos": "t",
            "ssdistnr": null,
            "ssnamenr": null,
            "drb": null
        },
        {
            "candid": 2296187345115015000,
            "jd": 2460050.6873495,
            "ra": 185.1938019,
            "dec": -6.9687705,
            "fid": 1,
            "nid": 2296,
            "magpsf": 19.80500030517578,
            "sigmapsf": 0.23272299766540527,
            "magnr": 19.402000427246094,
            "sigmagnr": 0.0820000022649765,
            "magzpsci": 26.111000061035156,
            "isdiffpos": "t",
            "ssdistnr": null,
            "ssnamenr": null,
            "drb": null
        },
        {
            "candid": 2296290465115015000,
            "jd": 2460050.790463,
            "ra": 185.1938174,
            "dec": -6.9687128,
            "fid": 2,
            "nid": 2296,
            "magpsf": 19.37190055847168,
            "sigmapsf": 0.11982200294733047,
            "magnr": 18.589000701904297,
            "sigmagnr": 0.09700000286102295,
            "magzpsci": 26.13789939880371,
            "isdiffpos": "t",
            "ssdistnr": null,
            "ssnamenr": null,
            "drb": null
        },
        {
            "candid": 2296340216215015001,
            "jd": 2460050.8402199,
            "ra": 185.1938156,
            "dec": -6.9687061,
            "fid": 1,
            "nid": 2296,
            "magpsf": 19.78689956665039,
            "sigmapsf": 0.1849289983510971,
            "magnr": 19.59000015258789,
            "sigmagnr": 0.09300000220537186,
            "magzpsci": 26.098899841308594,
            "isdiffpos": "t",
            "ssdistnr": null,
            "ssnamenr": null,
            "drb": null
        },
        {
            "candid": 2298257806215015000,
            "jd": 2460052.7578009,
            "ra": 185.1938445,
            "dec": -6.9687206,
            "fid": 1,
            "nid": 2298,
            "magpsf": 19.8435001373291,
            "sigmapsf": 0.17206799983978271,
            "magnr": 19.59000015258789,
            "sigmagnr": 0.09300000220537186,
            "magzpsci": 26.14150047302246,
            "isdiffpos": "t",
            "ssdistnr": null,
            "ssnamenr": null,
            "drb": null
        },
        {
            "candid": 2300286205115015000,
            "jd": 2460054.7862037,
            "ra": 185.1938084,
            "dec": -6.9686124,
            "fid": 2,
            "nid": 2300,
            "magpsf": 19.376100540161133,
            "sigmapsf": 0.13033699989318848,
            "magnr": 18.589000701904297,
            "sigmagnr": 0.09700000286102295,
            "magzpsci": 26.14310073852539,
            "isdiffpos": "t",
            "ssdistnr": null,
            "ssnamenr": null,
            "drb": null
        },
        {
            "candid": 2302210435115015000,
            "jd": 2460056.7104398,
            "ra": 185.193827,
            "dec": -6.9686676,
            "fid": 1,
            "nid": 2302,
            "magpsf": 19.8789005279541,
            "sigmapsf": 0.22185499966144562,
            "magnr": 19.402000427246094,
            "sigmagnr": 0.0820000022649765,
            "magzpsci": 26.201900482177734,
            "isdiffpos": "t",
            "ssdistnr": null,
            "ssnamenr": null,
            "drb": null
        },
        {
            "candid": 2302274646215015000,
            "jd": 2460056.7746412,
            "ra": 185.1938919,
            "dec": -6.9686103,
            "fid": 1,
            "nid": 2302,
            "magpsf": 20.11709976196289,
            "sigmapsf": 0.21385200321674347,
            "magnr": 19.59000015258789,
            "sigmagnr": 0.09300000220537186,
            "magzpsci": 26.173099517822266,
            "isdiffpos": "t",
            "ssdistnr": null,
            "ssnamenr": null,
            "drb": null
        },
        {
            "candid": 2304295545115015000,
            "jd": 2460058.795544,
            "ra": 185.1936835,
            "dec": -6.9686286,
            "fid": 1,
            "nid": 2304,
            "magpsf": 20.09709930419922,
            "sigmapsf": 0.25754299759864807,
            "magnr": 19.402000427246094,
            "sigmagnr": 0.0820000022649765,
            "magzpsci": 26.109100341796875,
            "isdiffpos": "t",
            "ssdistnr": null,
            "ssnamenr": null,
            "drb": null
        },
        {
            "candid": 2304315846215015000,
            "jd": 2460058.8158449,
            "ra": 185.1937714,
            "dec": -6.9686752,
            "fid": 1,
            "nid": 2304,
            "magpsf": 19.90290069580078,
            "sigmapsf": 0.19722199440002441,
            "magnr": 19.59000015258789,
            "sigmagnr": 0.09300000220537186,
            "magzpsci": 26.06089973449707,
            "isdiffpos": "t",
            "ssdistnr": null,
            "ssnamenr": null,
            "drb": null
        },
        {
            "candid": 2306240095115015001,
            "jd": 2460060.7400926,
            "ra": 185.1937885,
            "dec": -6.9686563,
            "fid": 1,
            "nid": 2306,
            "magpsf": 20.007200241088867,
            "sigmapsf": 0.2992810010910034,
            "magnr": 19.402000427246094,
            "sigmagnr": 0.0820000022649765,
            "magzpsci": 26.10420036315918,
            "isdiffpos": "t",
            "ssdistnr": null,
            "ssnamenr": null,
            "drb": null
        },
        {
            "candid": 2306274476215015001,
            "jd": 2460060.7744792,
            "ra": 185.1938318,
            "dec": -6.9686885,
            "fid": 1,
            "nid": 2306,
            "magpsf": 20.1648006439209,
            "sigmapsf": 0.2487490028142929,
            "magnr": 19.59000015258789,
            "sigmagnr": 0.09300000220537186,
            "magzpsci": 26.0757999420166,
            "isdiffpos": "t",
            "ssdistnr": null,
            "ssnamenr": null,
            "drb": null
        },
        {
            "candid": 2306295346215015002,
            "jd": 2460060.7953472,
            "ra": 185.1937743,
            "dec": -6.9687661,
            "fid": 2,
            "nid": 2306,
            "magpsf": 19.478979110717773,
            "sigmapsf": 0.17413704097270966,
            "magnr": 18.684999465942383,
            "sigmagnr": 0.07999999821186066,
            "magzpsci": 26.018980026245117,
            "isdiffpos": "t",
            "ssdistnr": -999.0,
            "ssnamenr": "null",
            "drb": null
        },
        {
            "candid": 2306296295115015002,
            "jd": 2460060.7962963,
            "ra": 185.1938005,
            "dec": -6.9687161,
            "fid": 2,
            "nid": 2306,
            "magpsf": 19.725826263427734,
            "sigmapsf": 0.2166253924369812,
            "magnr": 18.589000701904297,
            "sigmagnr": 0.09700000286102295,
            "magzpsci": 26.05582618713379,
            "isdiffpos": "t",
            "ssdistnr": -999.0,
            "ssnamenr": "null",
            "drb": null
        },
        {
            "jd": 2459937.0031134,
            "fid": 1,
            "diffmaglim": 20.07159996032715
        },
        {
            "jd": 2459937.003588,
            "fid": 1,
            "diffmaglim": 20.194900512695312
        },
        {
            "jd": 2459951.9342245,
            "fid": 2,
            "diffmaglim": 19.009700775146484
        },
        {
            "jd": 2459951.9390509,
            "fid": 2,
            "diffmaglim": 19.003400802612305
        },
        {
            "jd": 2459951.9650463,
            "fid": 1,
            "diffmaglim": 18.71619987487793
        },
        {
            "jd": 2459951.9819444,
            "fid": 1,
            "diffmaglim": 18.953399658203125
        },
        {
            "jd": 2459965.9436343,
            "fid": 1,
            "diffmaglim": 19.256099700927734
        },
        {
            "jd": 2459970.8920718,
            "fid": 1,
            "diffmaglim": 19.22319984436035
        },
        {
            "jd": 2459992.8809606,
            "fid": 2,
            "diffmaglim": 16.692699432373047
        },
        {
            "jd": 2459996.8996875,
            "fid": 2,
            "diffmaglim": 17.99880027770996
        },
        {
            "jd": 2460043.7929398,
            "fid": 1,
            "diffmaglim": 19.119400024414062
        },
        {
            "jd": 2460050.791412,
            "fid": 2,
            "diffmaglim": 20.311800003051758
        },
        {
            "jd": 2460052.7843519,
            "fid": 2,
            "diffmaglim": 20.253700256347656
        },
        {
            "jd": 2460052.7924769,
            "fid": 2,
            "diffmaglim": 20.16230010986328
        },
        {
            "jd": 2460054.7529745,
            "fid": 1,
            "diffmaglim": 20.050100326538086
        },
        {
            "jd": 2460054.7852662,
            "fid": 2,
            "diffmaglim": 19.993999481201172
        },
        {
            "jd": 2460054.8741435,
            "fid": 1,
            "diffmaglim": 19.903799057006836
        },
        {
            "jd": 2460056.8080671,
            "fid": 2,
            "diffmaglim": 20.14699935913086
        },
        {
            "jd": 2460056.8170949,
            "fid": 2,
            "diffmaglim": 20.158300399780273
        },
        {
            "jd": 2460058.7325694,
            "fid": 2,
            "diffmaglim": 19.903400421142578
        },
        {
            "jd": 2460058.7536806,
            "fid": 2,
            "diffmaglim": 20.164899826049805
        }
    ],
    "forcedphot": []
}