{
    "objectId": "ZTF20abrnvwf",
    "candidates": [
        {
            "candid": 1313443271515015002,
            "jd": 2459067.9432755,
            "ra": 30.668006,
            "dec": 1.570713,
            "fid": 2,
            "nid": 1313,
            "magpsf": 19.90679931640625,
            "sigmapsf": 0.2713940143585205,
            "magnr": 21.454999923706055,
            "sigmagnr": 0.09399999678134918,
            "magzpsci": 26.19179916381836,
            "isdiffpos": "t",
            "ssdistnr": -999.0,
            "ssnamenr": "-999.0",
            "drb": null
        },
        {
            "candid": 1313477871515015003,
            "jd": 2459067.9778704,
            "ra": 30.6679898,
            "dec": 1.5706283,
            "fid": 1,
            "nid": 1313,
            "magpsf": 19.806100845336914,
            "sigmapsf": 0.2857719957828522,
            "magnr": 21.697999954223633,
            "sigmagnr": 0.1080000028014183,
            "magzpsci": 26.310100555419922,
            "isdiffpos": "t",
            "ssdistnr": -999.0,
            "ssnamenr": "-999.0",
            "drb": null
        },
        {
            "candid": 1319423781515015001,
            "jd": 2459073.9237847,
            "ra": 30.6679786,
            "dec": 1.5707204,
            "fid": 1,
            "nid": 1319,
            "magpsf": 18.594900131225586,
            "sigmapsf": 0.09330900013446808,
            "magnr": 21.697999954223633,
            "sigmagnr": 0.1080000028014183,
            "magzpsci": 26.26289939880371,
            "isdiffpos": "t",
            "ssdistnr": -999.0,
            "ssnamenr": "null",
            "drb": 0.9999970197677612
        },
        {
            "candid": 1319461301515015000,
            "jd": 2459073.9613079,
            "ra": 30.6679783,
            "dec": 1.5706867,
            "fid": 2,
            "nid": 1319,
            "magpsf": 18.75779914855957,
            "sigmapsf": 0.07561600208282471,
            "magnr": 21.454999923706055,
            "sigmagnr": 0.09399999678134918,
            "magzpsci": 26.168800354003906,
            "isdiffpos": "t",
            "ssdistnr": -999.0,
            "ssnamenr": "null",
            "drb": 0.999987006187439
        },
        {
            "candid": 1321456331515015001,
            "jd": 2459075.956331,
            "ra": 30.6679765,
            "dec": 1.5707111,
            "fid": 1,
            "nid": 1321,
            "magpsf": 18.475299835205078,
            "sigmapsf": 0.07387500256299973,
            "magnr": 21.697999954223633,
            "sigmagnr": 0.1080000028014183,
            "magzpsci": 26.187299728393555,
            "isdiffpos": "t",
            "ssdistnr": -999.0,
            "ssnamenr": "null",
            "drb": 1.0
        },
        {
            "candid": 1322420461515015002,
            "jd": 2459076.920463,
            "ra": 30.6679927,
            "dec": 1.5707091,
            "fid": 2,
            "nid": 1322,
            "magpsf": 18.632999420166016,
            "sigmapsf": 0.07194600254297256,
            "magnr": 21.454999923706055,
            "sigmagnr": 0.09399999678134918,
            "magzpsci": 26.082000732421875,
            "isdiffpos": "t",
            "ssdistnr": -999.0,
            "ssnamenr": "null",
            "drb": 1.0
        },
        {
            "candid": 1322445931515015007,
            "jd": 2459076.9459375,
            "ra": 30.6680176,
            "dec": 1.5707149,
            "fid": 1,
            "nid": 1322,
            "magpsf": 18.421899795532227,
            "sigmapsf": 0.08599100261926651,
            "magnr": 21.697999954223633,
            "sigmagnr": 0.1080000028014183,
            "magzpsci": 26.164899826049805,
            "isdiffpos": "t",
            "ssdistnr": -999.0,
            "ssnamenr": "null",
            "drb": 0.9999970197677612
        },
        {
            "candid": 1322490901515015001,
            "jd": 2459076.9909028,
            "ra": 30.667986,
            "dec": 1.5707104,
            "fid": 1,
            "nid": 1322,
            "magpsf": 18.458999633789062,
            "sigmapsf": 0.06600400060415268,
            "magnr": 21.697999954223633,
            "sigmagnr": 0.1080000028014183,
            "magzpsci": 26.246999740600586,
            "isdiffpos": "t",
            "ssdistnr": -999.0,
            "ssnamenr": "null",
            "drb": 1.0
        },
        {
            "candid": 1323486511515015003,
            "jd": 2459077.9865162,
            "ra": 30.6679846,
            "dec": 1.5707171,
            "fid": 2,
            "nid": 1323,
            "magpsf": 18.555700302124023,
            "sigmapsf": 0.061875998973846436,
            "magnr": 21.454999923706055,
            "sigmagnr": 0.09399999678134918,
            "magzpsci": 26.09269905090332,
            "isdiffpos": "t",
            "ssdistnr": -999.0,
            "ssnamenr": "null",
            "drb": 0.9999989867210388
        },
        {
            "candid": 1328405331515015003,
            "jd": 2459082.9053356,
            "ra": 30.6679473,
            "dec": 1.5707194,
            "fid": 1,
            "nid": 1328,
            "magpsf": 18.452299118041992,
            "sigmapsf": 0.07767900079488754,
            "magnr": 21.697999954223633,
            "sigmagnr": 0.1080000028014183,
            "magzpsci": 25.94029998779297,
            "isdiffpos": "t",
            "ssdistnr": 15.0,
            "ssnamenr": "389508",
            "drb": 1.0
        },
        {
            "candid": 1328456971515015003,
            "jd": 2459082.9569792,
            "ra": 30.6679721,
            "dec": 1.5706887,
            "fid": 1,
            "nid": 1328,
            "magpsf": 18.383399963378906,
            "sigmapsf": 0.07394000142812729,
            "magnr": 21.697999954223633,
            "sigmagnr": 0.1080000028014183,
            "magzpsci": 26.03339958190918,
            "isdiffpos": "t",
            "ssdistnr": 15.0,
            "ssnamenr": "389508",
            "drb": 0.9999740123748779
        },
        {
            "candid": 1328481841515015002,
            "jd": 2459082.9818403,
            "ra": 30.6680034,
            "dec": 1.5707028,
            "fid": 2,
            "nid": 1328,
            "magpsf": 18.44659996032715,
            "sigmapsf": 0.08332599699497223,
            "magnr": 21.454999923706055,
            "sigmagnr": 0.09399999678134918,
            "magzpsci": 26.03459930419922,
            "isdiffpos": "t",
            "ssdistnr": 16.0,
            "ssnamenr": "389508",
            "drb": 1.0
        },
        {
            "candid": 1330394501515015005,
            "jd": 2459084.8945023,
            "ra": 30.6679586,
            "dec": 1.5707122,
            "fid": 1,
            "nid": 1330,
            "magpsf": 18.520999908447266,
            "sigmapsf": 0.08376400172710419,
            "magnr": 21.697999954223633,
            "sigmagnr": 0.1080000028014183,
            "magzpsci": 26.12299919128418,
            "isdiffpos": "t",
            "ssdistnr": -999.0,
            "ssnamenr": "null",
            "drb": 1.0
        },
        {
            "candid": 1331423771515015005,
            "jd": 2459085.9237731,
            "ra": 30.6679561,
            "dec": 1.5707066,
            "fid": 1,
            "nid": 1331,
            "magpsf": 18.554899215698242,
            "sigmapsf": 0.068852998316288,
            "magnr": 21.697999954223633,
            "sigmagnr": 0.1080000028014183,
            "magzpsci": 26.159900665283203,
            "isdiffpos": "t",
            "ssdistnr": -999.0,
            "ssnamenr": "null",
            "drb": 1.0
        },
        {
            "candid": 1332428761515015000,
            "jd": 2459086.9287616,
            "ra": 30.6679781,
            "dec": 1.5707216,
            "fid": 2,
            "nid": 1332,
            "magpsf": 18.613399505615234,
            "sigmapsf": 0.04958000034093857,
            "magnr": 21.454999923706055,
            "sigmagnr": 0.09399999678134918,
            "magzpsci": 26.11039924621582,
            "isdiffpos": "t",
            "ssdistnr": -999.0,
            "ssnamenr": "null",
            "drb": 0.9999610185623169
        },
        {
            "candid": 1332456781515015003,
            "jd": 2459086.9567824,
            "ra": 30.6679678,
            "dec": 1.5707205,
            "fid": 2,
            "nid": 1332,
            "magpsf": 18.64550018310547,
            "sigmapsf": 0.05770999938249588,
            "magnr": 21.454999923706055,
            "sigmagnr": 0.09399999678134918,
            "magzpsci": 26.101499557495117,
            "isdiffpos": "t",
            "ssdistnr": -999.0,
            "ssnamenr": "null",
            "drb": 0.9999970197677612
        },
        {
            "candid": 1332484591515015005,
            "jd": 2459086.9845949,
            "ra": 30.6679765,
            "dec": 1.570718,
            "fid": 1,
            "nid": 1332,
            "magpsf": 18.603099822998047,
            "sigmapsf": 0.0668879970908165,
            "magnr": 21.697999954223633,
            "sigmagnr": 0.1080000028014183,
            "magzpsci": 26.173099517822266,
            "isdiffpos": "t",
            "ssdistnr": -999.0,
            "ssnamenr": "null",
            "drb": 1.0
        },
        {
            "candid": 1333452931515015005,
            "jd": 2459087.9529398,
            "ra": 30.6679761,
            "dec": 1.5707225,
            "fid": 2,
            "nid": 1333,
            "magpsf": 18.622299194335938,
            "sigmapsf": 0.07353200018405914,
            "magnr": 21.454999923706055,
            "sigmagnr": 0.09399999678134918,
            "magzpsci": 26.034299850463867,
            "isdiffpos": "t",
            "ssdistnr": -999.0,
            "ssnamenr": "null",
            "drb": 0.9999880194664001
        },
        {
            "candid": 1333473691515015003,
            "jd": 2459087.9736921,
            "ra": 30.6679805,
            "dec": 1.5706998,
            "fid": 1,
            "nid": 1333,
            "magpsf": 18.685699462890625,
            "sigmapsf": 0.08073999732732773,
            "magnr": 21.697999954223633,
            "sigmagnr": 0.1080000028014183,
            "magzpsci": 26.045700073242188,
            "isdiffpos": "t",
            "ssdistnr": -999.0,
            "ssnamenr": "null",
            "drb": 1.0
        },
        {
            "candid": 1336389731515015006,
            "jd": 2459090.8897338,
            "ra": 30.667978,
            "dec": 1.5707242,
            "fid": 1,
            "nid": 1336,
            "magpsf": 18.760700225830078,
            "sigmapsf": 0.06827600300312042,
            "magnr": 21.697999954223633,
            "sigmagnr": 0.1080000028014183,
            "magzpsci": 26.176700592041016,
            "isdiffpos": "t",
            "ssdistnr": -999.0,
            "ssnamenr": "null",
            "drb": 0.9999939799308777
        },
        {
            "candid": 1336485811515015003,
            "jd": 2459090.9858102,
            "ra": 30.6679653,
            "dec": 1.5707194,
            "fid": 2,
            "nid": 1336,
            "magpsf": 18.928600311279297,
            "sigmapsf": 0.05963899940252304,
            "magnr": 21.454999923706055,
            "sigmagnr": 0.09399999678134918,
            "magzpsci": 26.184600830078125,
            "isdiffpos": "t",
            "ssdistnr": -999.0,
            "ssnamenr": "null",
            "drb": 1.0
        },
        {
            "candid": 1337372451515015004,
            "jd": 2459091.8724537,
            "ra": 30.6679429,
            "dec": 1.5707706,
            "fid": 1,
            "nid": 1337,
            "magpsf": 18.97760009765625,
            "sigmapsf": 0.0963440015912056,
            "magnr": 21.697999954223633,
            "sigmagnr": 0.1080000028014183,
            "magzpsci": 26.278600692749023,
            "isdiffpos": "t",
            "ssdistnr": -999.0,
            "ssnamenr": "null",
            "drb": 0.9999939799308777
        },
        {
            "candid": 1338385651515015000,
            "jd": 2459092.8856597,
            "ra": 30.6680202,
            "dec": 1.5707133,
            "fid": 1,
            "nid": 1338,
            "magpsf": 18.988300323486328,
            "sigmapsf": 0.13054199516773224,
            "magnr": 21.697999954223633,
            "sigmagnr": 0.1080000028014183,
            "magzpsci": 26.218299865722656,
            "isdiffpos": "t",
            "ssdistnr": -999.0,
            "ssnamenr": "null",
            "drb": 0.9955459833145142
        },
        {
            "candid": 1339379691515015003,
            "jd": 2459093.8796991,
            "ra": 30.6680405,
            "dec": 1.5706384,
            "fid": 2,
            "nid": 1339,
            "magpsf": 18.9960994720459,
            "sigmapsf": 0.135686993598938,
            "magnr": 21.454999923706055,
            "sigmagnr": 0.09399999678134918,
            "magzpsci": 26.1471004486084,
            "isdiffpos": "t",
            "ssdistnr": -999.0,
            "ssnamenr": "null",
            "drb": 0.9998760223388672
        },
        {
            "candid": 1340391961515015000,
            "jd": 2459094.8919676,
            "ra": 30.6679128,
            "dec": 1.5707153,
            "fid": 2,
            "nid": 1340,
            "magpsf": 19.113800048828125,
            "sigmapsf": 0.16218799352645874,
            "magnr": 21.454999923706055,
            "sigmagnr": 0.09399999678134918,
            "magzpsci": 26.05579948425293,
            "isdiffpos": "t",
            "ssdistnr": -999.0,
            "ssnamenr": "null",
            "drb": 0.44554799795150757
        },
        {
            "candid": 1340420741515015000,
            "jd": 2459094.9207407,
            "ra": 30.6679367,
            "dec": 1.5706804,
            "fid": 2,
            "nid": 1340,
            "magpsf": 19.090099334716797,
            "sigmapsf": 0.16873699426651,
            "magnr": 21.454999923706055,
            "sigmagnr": 0.09399999678134918,
            "magzpsci": 26.08810043334961,
            "isdiffpos": "t",
            "ssdistnr": -999.0,
            "ssnamenr": "null",
            "drb": 0.9996539950370789
        },
        {
            "candid": 1341437041515015002,
            "jd": 2459095.9370486,
            "ra": 30.6679504,
            "dec": 1.5707527,
            "fid": 2,
            "nid": 1341,
            "magpsf": 19.15180015563965,
            "sigmapsf": 0.14974799752235413,
            "magnr": 21.454999923706055,
            "sigmagnr": 0.09399999678134918,
            "magzpsci": 26.141799926757812,
            "isdiffpos": "t",
            "ssdistnr": -999.0,
            "ssnamenr": "null",
            "drb": 0.9999989867210388
        },
        {
            "candid": 1341439451515015001,
            "jd": 2459095.939456,
            "ra": 30.667963,
            "dec": 1.5707265,
            "fid": 2,
            "nid": 1341,
            "magpsf": 19.145200729370117,
            "sigmapsf": 0.13031500577926636,
            "magnr": 21.454999923706055,
            "sigmagnr": 0.09399999678134918,
            "magzpsci": 26.121200561523438,
            "isdiffpos": "t",
            "ssdistnr": -999.0,
            "ssnamenr": "null",
            "drb": 0.9999989867210388
        },
        {
            "candid": 1342385901515015004,
            "jd": 2459096.8859028,
            "ra": 30.6680009,
            "dec": 1.570659,
            "fid": 2,
            "nid": 1342,
            "magpsf": 19.223100662231445,
            "sigmapsf": 0.1741030067205429,
            "magnr": 21.454999923706055,
            "sigmagnr": 0.09399999678134918,
            "magzpsci": 26.175100326538086,
            "isdiffpos": "t",
            "ssdistnr": -999.0,
            "ssnamenr": "null",
            "drb": 0.9954400062561035
        },
        {
            "candid": 1350424751515015002,
            "jd": 2459104.9247569,
            "ra": 30.6679821,
            "dec": 1.5707343,
            "fid": 2,
            "nid": 1350,
            "magpsf": 19.38949966430664,
            "sigmapsf": 0.1817460060119629,
            "magnr": 21.454999923706055,
            "sigmagnr": 0.09399999678134918,
            "magzpsci": 25.52750015258789,
            "isdiffpos": "t",
            "ssdistnr": -999.0,
            "ssnamenr": "null",
            "drb": 0.9999629855155945
        },
        {
            "candid": 1353397171515015002,
            "jd": 2459107.8971759,
            "ra": 30.6679638,
            "dec": 1.5707402,
            "fid": 1,
            "nid": 1353,
            "magpsf": 20.381200790405273,
            "sigmapsf": 0.20813299715518951,
            "magnr": 21.697999954223633,
            "sigmagnr": 0.1080000028014183,
            "magzpsci": 25.802200317382812,
            "isdiffpos": "t",
            "ssdistnr": -999.0,
            "ssnamenr": "null",
            "drb": 0.9809629917144775
        },
        {
            "candid": 1353420041515015002,
            "jd": 2459107.9200463,
            "ra": 30.6679778,
            "dec": 1.5707197,
            "fid": 2,
            "nid": 1353,
            "magpsf": 19.440399169921875,
            "sigmapsf": 0.11779599636793137,
            "magnr": 21.454999923706055,
            "sigmagnr": 0.09399999678134918,
            "magzpsci": 25.815399169921875,
            "isdiffpos": "t",
            "ssdistnr": -999.0,
            "ssnamenr": "null",
            "drb": 0.999783992767334
        },
        {
            "candid": 1355407481515015003,
            "jd": 2459109.9074884,
            "ra": 30.6679719,
            "dec": 1.5706769,
            "fid": 2,
            "nid": 1355,
            "magpsf": 19.433900833129883,
            "sigmapsf": 0.13776199519634247,
            "magnr": 21.454999923706055,
            "sigmagnr": 0.09399999678134918,
            "magzpsci": 25.843900680541992,
            "isdiffpos": "t",
            "ssdistnr": -999.0,
            "ssnamenr": "null",
            "drb": 0.9999889731407166
        },
        {
            "candid": 1356439121515015003,
            "jd": 2459110.9391204,
            "ra": 30.6680104,
            "dec": 1.5707027,
            "fid": 2,
            "nid": 1356,
            "magpsf": 19.46809959411621,
            "sigmapsf": 0.12314999848604202,
            "magnr": 21.454999923706055,
            "sigmagnr": 0.09399999678134918,
            "magzpsci": 25.895099639892578,
            "isdiffpos": "t",
            "ssdistnr": -999.0,
            "ssnamenr": "null",
            "drb": 0.9999970197677612
        },
        {
            "candid": 1358406511515015003,
            "jd": 2459112.9065162,
            "ra": 30.6679562,
            "dec": 1.5707049,
            "fid": 2,
            "nid": 1358,
            "magpsf": 19.628599166870117,
            "sigmapsf": 0.10819000005722046,
            "magnr": 21.454999923706055,
            "sigmagnr": 0.09399999678134918,
            "magzpsci": 26.152599334716797,
            "isdiffpos": "t",
            "ssdistnr": -999.0,
            "ssnamenr": "null",
            "drb": 0.9999989867210388
        },
        {
            "candid": 1359344951515015002,
            "jd": 2459113.8449537,
            "ra": 30.6680003,
            "dec": 1.5707009,
            "fid": 2,
            "nid": 1359,
            "magpsf": 19.694299697875977,
            "sigmapsf": 0.12806400656700134,
            "magnr": 21.454999923706055,
            "sigmagnr": 0.09399999678134918,
            "magzpsci": 26.073299407958984,
            "isdiffpos": "t",
            "ssdistnr": -999.0,
            "ssnamenr": "null",
            "drb": 0.9999719858169556
        },
        {
            "candid": 1359419581515015003,
            "jd": 2459113.9195833,
            "ra": 30.6679652,
            "dec": 1.5707455,
            "fid": 2,
            "nid": 1359,
            "magpsf": 19.624799728393555,
            "sigmapsf": 0.12770800292491913,
            "magnr": 21.454999923706055,
            "sigmagnr": 0.09399999678134918,
            "magzpsci": 26.08679962158203,
            "isdiffpos": "t",
            "ssdistnr": -999.0,
            "ssnamenr": "null",
            "drb": 0.9984269738197327
        },
        {
            "candid": 1361349721515015001,
            "jd": 2459115.8497222,
            "ra": 30.667946,
            "dec": 1.5707083,
            "fid": 2,
            "nid": 1361,
            "magpsf": 19.794599533081055,
            "sigmapsf": 0.14012399315834045,
            "magnr": 21.454999923706055,
            "sigmagnr": 0.09399999678134918,
            "magzpsci": 26.14859962463379,
            "isdiffpos": "t",
            "ssdistnr": -999.0,
            "ssnamenr": "null",
            "drb": 0.9998800158500671
        },
        {
            "candid": 1362309691515015003,
            "jd": 2459116.8096991,
            "ra": 30.6679229,
            "dec": 1.5706535,
            "fid": 1,
            "nid": 1362,
            "magpsf": 20.677099227905273,
            "sigmapsf": 0.2504439949989319,
            "magnr": 21.697999954223633,
            "sigmagnr": 0.1080000028014183,
            "magzpsci": 26.20210075378418,
            "isdiffpos": "t",
            "ssdistnr": -999.0,
            "ssnamenr": "-999.0",
            "drb": null
        },
        {
            "candid": 1362381151515015002,
            "jd": 2459116.8811574,
            "ra": 30.667971,
            "dec": 1.5706759,
            "fid": 2,
            "nid": 1362,
            "magpsf": 19.92060089111328,
            "sigmapsf": 0.14184600114822388,
            "magnr": 21.454999923706055,
            "sigmagnr": 0.09399999678134918,
            "magzpsci": 26.165599822998047,
            "isdiffpos": "t",
            "ssdistnr": -999.0,
            "ssnamenr": "null",
            "drb": 0.9998660087585449
        },
        {
            "candid": 1362405571515015002,
            "jd": 2459116.9055787,
            "ra": 30.6679561,
            "dec": 1.5706822,
            "fid": 2,
            "nid": 1362,
            "magpsf": 19.808000564575195,
            "sigmapsf": 0.11334399878978729,
            "magnr": 21.454999923706055,
            "sigmagnr": 0.09399999678134918,
            "magzpsci": 26.183000564575195,
            "isdiffpos": "t",
            "ssdistnr": -999.0,
            "ssnamenr": "null",
            "drb": 0.9906010031700134
        },
        {
            "candid": 1366458681515015002,
            "jd": 2459120.9586806,
            "ra": 30.6679491,
            "dec": 1.5706866,
            "fid": 1,
            "nid": 1366,
            "magpsf": 21.05579948425293,
            "sigmapsf": 0.31742599606513977,
            "magnr": 21.697999954223633,
            "sigmagnr": 0.1080000028014183,
            "magzpsci": 26.243799209594727,
            "isdiffpos": "t",
            "ssdistnr": -999.0,
            "ssnamenr": "-999.0",
            "drb": null
        },
        {
            "candid": 1366499071515015003,
            "jd": 2459120.9990741,
            "ra": 30.6680239,
            "dec": 1.5706707,
            "fid": 2,
            "nid": 1366,
            "magpsf": 20.052499771118164,
            "sigmapsf": 0.2532840073108673,
            "magnr": 21.454999923706055,
            "sigmagnr": 0.09399999678134918,
            "magzpsci": 26.12649917602539,
            "isdiffpos": "t",
            "ssdistnr": -999.0,
            "ssnamenr": "-999.0",
            "drb": null
        },
        {
            "candid": 1376296041515015004,
            "jd": 2459130.7960417,
            "ra": 30.667914,
            "dec": 1.5707408,
            "fid": 2,
            "nid": 1376,
            "magpsf": 20.315799713134766,
            "sigmapsf": 0.21537800133228302,
            "magnr": 21.454999923706055,
            "sigmagnr": 0.09399999678134918,
            "magzpsci": 26.1697998046875,
            "isdiffpos": "t",
            "ssdistnr": -999.0,
            "ssnamenr": "null",
            "drb": 0.9997640252113342
        },
        {
            "candid": 1380331301515015004,
            "jd": 2459134.8313079,
            "ra": 30.6679609,
            "dec": 1.5707025,
            "fid": 2,
            "nid": 1380,
            "magpsf": 20.50670051574707,
            "sigmapsf": 0.26816698908805847,
            "magnr": 21.454999923706055,
            "sigmagnr": 0.09399999678134918,
            "magzpsci": 26.156700134277344,
            "isdiffpos": "t",
            "ssdistnr": -999.0,
            "ssnamenr": "-999.0",
            "drb": null
        },
        {
            "candid": 1382316561515015004,
            "jd": 2459136.8165625,
            "ra": 30.6679763,
            "dec": 1.5707463,
            "fid": 2,
            "nid": 1382,
            "magpsf": 20.479900360107422,
            "sigmapsf": 0.18400399386882782,
            "magnr": 21.454999923706055,
            "sigmagnr": 0.09399999678134918,
            "magzpsci": 26.203899383544922,
            "isdiffpos": "t",
            "ssdistnr": -999.0,
            "ssnamenr": "null",
            "drb": 0.9992009997367859
        },
        {
            "candid": 1384348611515015004,
            "jd": 2459138.8486111,
            "ra": 30.6680489,
            "dec": 1.570679,
            "fid": 2,
            "nid": 1384,
            "magpsf": 20.424999237060547,
            "sigmapsf": 0.27354198694229126,
            "magnr": 21.454999923706055,
            "sigmagnr": 0.09399999678134918,
            "magzpsci": 26.152000427246094,
            "isdiffpos": "t",
            "ssdistnr": -999.0,
            "ssnamenr": "-999.0",
            "drb": null
        },
        {
            "candid": 1386360371515015000,
            "jd": 2459140.8603704,
            "ra": 30.6680119,
            "dec": 1.5706737,
            "fid": 2,
            "nid": 1386,
            "magpsf": 20.535600662231445,
            "sigmapsf": 0.1924089938402176,
            "magnr": 21.454999923706055,
            "sigmagnr": 0.09399999678134918,
            "magzpsci": 26.17060089111328,
            "isdiffpos": "t",
            "ssdistnr": -999.0,
            "ssnamenr": "null",
            "drb": 0.9147350192070007
        },
        {
            "candid": 1388286211515015009,
            "jd": 2459142.7862153,
            "ra": 30.6679655,
            "dec": 1.5706706,
            "fid": 2,
            "nid": 1388,
            "magpsf": 20.682199478149414,
            "sigmapsf": 0.2119559943675995,
            "magnr": 21.454999923706055,
            "sigmagnr": 0.09399999678134918,
            "magzpsci": 26.17020034790039,
            "isdiffpos": "t",
            "ssdistnr": -999.0,
            "ssnamenr": "null",
            "drb": 0.9978399872779846
        },
        {
            "candid": 1388286211515025009,
            "jd": 2459142.7862153,
            "ra": 30.6679655,
            "dec": 1.5706706,
            "fid": 2,
            "nid": 1388,
            "magpsf": 20.682199478149414,
            "sigmapsf": 0.2119559943675995,
            "magnr": 21.454999923706055,
            "sigmagnr": 0.09399999678134918,
            "magzpsci": 26.17020034790039,
            "isdiffpos": "t",
            "ssdistnr": -999.0,
            "ssnamenr": "null",
            "drb": 0.9978399872779846
        },
        {
            "jd": 2459048.92539,
            "fid": 2,
            "diffmaglim": 20.22599983215332
        },
        {
            "jd": 2459048.96539,
            "fid": 1,
            "diffmaglim": 20.48699951171875
        },
        {
            "jd": 2459049.92519,
            "fid": 2,
            "diffmaglim": 20.23699951171875
        },
        {
            "jd": 2459049.99171,
            "fid": 1,
            "diffmaglim": 19.354999542236328
        },
        {
            "jd": 2459050.9205,
            "fid": 1,
            "diffmaglim": 20.200000762939453
        },
        {
            "jd": 2459050.96153,
            "fid": 2,
            "diffmaglim": 20.32699966430664
        },
        {
            "jd": 2459051.92421,
            "fid": 2,
            "diffmaglim": 20.18199920654297
        },
        {
            "jd": 2459052.93625,
            "fid": 2,
            "diffmaglim": 20.445999145507812
        },
        {
            "jd": 2459052.96596,
            "fid": 1,
            "diffmaglim": 20.68600082397461
        },
        {
            "jd": 2459053.93426,
            "fid": 1,
            "diffmaglim": 20.479999542236328
        },
        {
            "jd": 2459053.97002,
            "fid": 2,
            "diffmaglim": 20.599000930786133
        },
        {
            "jd": 2459054.92045,
            "fid": 2,
            "diffmaglim": 20.302000045776367
        },
        {
            "jd": 2459054.96074,
            "fid": 1,
            "diffmaglim": 20.700000762939453
        },
        {
            "jd": 2459055.92497,
            "fid": 1,
            "diffmaglim": 20.441999435424805
        },
        {
            "jd": 2459055.97182,
            "fid": 2,
            "diffmaglim": 20.621000289916992
        },
        {
            "jd": 2459056.94716,
            "fid": 1,
            "diffmaglim": 20.593000411987305
        },
        {
            "jd": 2459057.92146,
            "fid": 1,
            "diffmaglim": 20.468000411987305
        },
        {
            "jd": 2459057.96382,
            "fid": 2,
            "diffmaglim": 20.422000885009766
        },
        {
            "jd": 2459059.92331,
            "fid": 1,
            "diffmaglim": 20.625
        },
        {
            "jd": 2459059.96354,
            "fid": 2,
            "diffmaglim": 20.56999969482422
        },
        {
            "jd": 2459061.91345,
            "fid": 2,
            "diffmaglim": 20.124000549316406
        },
        {
            "jd": 2459062.92046,
            "fid": 1,
            "diffmaglim": 19.458999633789062
        },
        {
            "jd": 2459062.98277,
            "fid": 2,
            "diffmaglim": 20.381000518798828
        },
        {
            "jd": 2459063.89954,
            "fid": 2,
            "diffmaglim": 19.261999130249023
        },
        {
            "jd": 2459063.96331,
            "fid": 1,
            "diffmaglim": 19.756000518798828
        },
        {
            "jd": 2459064.93775,
            "fid": 2,
            "diffmaglim": 19.542999267578125
        },
        {
            "jd": 2459064.9412,
            "fid": 2,
            "diffmaglim": 19.45800018310547
        },
        {
            "jd": 2459064.99869,
            "fid": 1,
            "diffmaglim": 19.264999389648438
        },
        {
            "jd": 2459066.92383,
            "fid": 1,
            "diffmaglim": 19.32900047302246
        },
        {
            "jd": 2459066.98081,
            "fid": 2,
            "diffmaglim": 19.545000076293945
        },
        {
            "jd": 2459079.95543,
            "fid": 2,
            "diffmaglim": 16.62299919128418
        },
        {
            "jd": 2459093.93786,
            "fid": 1,
            "diffmaglim": 19.475000381469727
        },
        {
            "jd": 2459094.96536,
            "fid": 1,
            "diffmaglim": 18.881999969482422
        },
        {
            "jd": 2459095.83664,
            "fid": 1,
            "diffmaglim": 18.635000228881836
        },
        {
            "jd": 2459102.95069,
            "fid": 2,
            "diffmaglim": 18.69300079345703
        },
        {
            "jd": 2459107.01562,
            "fid": 1,
            "diffmaglim": 19.660999298095703
        },
        {
            "jd": 2459107.88897,
            "fid": 1,
            "diffmaglim": 20.295000076293945
        },
        {
            "jd": 2459110.83905,
            "fid": 1,
            "diffmaglim": 20.222999572753906
        },
        {
            "jd": 2459118.7981,
            "fid": 2,
            "diffmaglim": 20.19300079345703
        },
        {
            "jd": 2459120.83926,
            "fid": 1,
            "diffmaglim": 19.572999954223633
        },
        {
            "jd": 2459121.84103,
            "fid": 1,
            "diffmaglim": 19.42300033569336
        },
        {
            "jd": 2459122.8287,
            "fid": 1,
            "diffmaglim": 19.214000701904297
        },
        {
            "jd": 2459123.81352,
            "fid": 2,
            "diffmaglim": 18.964000701904297
        },
        {
            "jd": 2459123.8787,
            "fid": 1,
            "diffmaglim": 18.802000045776367
        },
        {
            "jd": 2459128.8589,
            "fid": 1,
            "diffmaglim": 18.600000381469727
        },
        {
            "jd": 2459128.90083,
            "fid": 2,
            "diffmaglim": 19.23200035095215
        },
        {
            "jd": 2459130.87005,
            "fid": 1,
            "diffmaglim": 20.115999221801758
        },
        {
            "jd": 2459134.78657,
            "fid": 1,
            "diffmaglim": 20.410999298095703
        }
    ],
    "forcedphot": []
}