{
    "objectId": "ZTF21aacvupj",
    "candidates": [
        {
            "candid": 1470218622115015006,
            "jd": 2459224.7186227,
            "ra": 32.6413017,
            "dec": 32.9177184,
            "fid": 2,
            "nid": 1470,
            "magpsf": 20.102399826049805,
            "sigmapsf": 0.215255007147789,
            "magnr": 17.67799949645996,
            "sigmagnr": 0.07599999755620956,
            "magzpsci": 26.31439971923828,
            "isdiffpos": "t",
            "ssdistnr": -999.0,
            "ssnamenr": "null",
            "drb": 0.9571329951286316
        },
        {
            "candid": 1472165412115015003,
            "jd": 2459226.6654167,
            "ra": 32.6413456,
            "dec": 32.9176138,
            "fid": 2,
            "nid": 1472,
            "magpsf": 19.426300048828125,
            "sigmapsf": 0.16009099781513214,
            "magnr": 17.67799949645996,
            "sigmagnr": 0.07599999755620956,
            "magzpsci": 26.286300659179688,
            "isdiffpos": "t",
            "ssdistnr": -999.0,
            "ssnamenr": "null",
            "drb": 0.999455988407135
        },
        {
            "candid": 1472177412115015006,
            "jd": 2459226.677419,
            "ra": 32.6413947,
            "dec": 32.9176883,
            "fid": 1,
            "nid": 1472,
            "magpsf": 19.311199188232422,
            "sigmapsf": 0.16428999602794647,
            "magnr": 18.225000381469727,
            "sigmagnr": 0.10000000149011612,
            "magzpsci": 26.180200576782227,
            "isdiffpos": "t",
            "ssdistnr": -999.0,
            "ssnamenr": "null",
            "drb": 0.9935399889945984
        },
        {
            "candid": 1474184712115015005,
            "jd": 2459228.6847106,
            "ra": 32.6413187,
            "dec": 32.9176907,
            "fid": 1,
            "nid": 1474,
            "magpsf": 19.078699111938477,
            "sigmapsf": 0.12366800010204315,
            "magnr": 18.225000381469727,
            "sigmagnr": 0.10000000149011612,
            "magzpsci": 26.19969940185547,
            "isdiffpos": "t",
            "ssdistnr": -999.0,
            "ssnamenr": "null",
            "drb": 0.9998260140419006
        },
        {
            "candid": 1476143042115015006,
            "jd": 2459230.643044,
            "ra": 32.6412404,
            "dec": 32.9177392,
            "fid": 2,
            "nid": 1476,
            "magpsf": 18.984899520874023,
            "sigmapsf": 0.10455700010061264,
            "magnr": 17.67799949645996,
            "sigmagnr": 0.07599999755620956,
            "magzpsci": 26.331899642944336,
            "isdiffpos": "t",
            "ssdistnr": -999.0,
            "ssnamenr": "null",
            "drb": 0.9987310171127319
        },
        {
            "candid": 1476175092115015018,
            "jd": 2459230.6750926,
            "ra": 32.6412946,
            "dec": 32.9177276,
            "fid": 1,
            "nid": 1476,
            "magpsf": 18.903400421142578,
            "sigmapsf": 0.09881599992513657,
            "magnr": 18.225000381469727,
            "sigmagnr": 0.10000000149011612,
            "magzpsci": 26.310400009155273,
            "isdiffpos": "t",
            "ssdistnr": -999.0,
            "ssnamenr": "null",
            "drb": 0.9999819993972778
        },
        {
            "candid": 1478159982115015018,
            "jd": 2459232.6599884,
            "ra": 32.6412218,
            "dec": 32.9177678,
            "fid": 2,
            "nid": 1478,
            "magpsf": 18.83690071105957,
            "sigmapsf": 0.08188000321388245,
            "magnr": 17.67799949645996,
            "sigmagnr": 0.07599999755620956,
            "magzpsci": 26.33690071105957,
            "isdiffpos": "t",
            "ssdistnr": -999.0,
            "ssnamenr": "null",
            "drb": 0.9999809861183167
        },
        {
            "candid": 1478204822115015005,
            "jd": 2459232.7048264,
            "ra": 32.6412394,
            "dec": 32.9177884,
            "fid": 1,
            "nid": 1478,
            "magpsf": 18.79199981689453,
            "sigmapsf": 0.08387599885463715,
            "magnr": 18.225000381469727,
            "sigmagnr": 0.10000000149011612,
            "magzpsci": 26.316999435424805,
            "isdiffpos": "t",
            "ssdistnr": -999.0,
            "ssnamenr": "null",
            "drb": 0.9999970197677612
        },
        {
            "candid": 1494132542115015012,
            "jd": 2459248.6325463,
            "ra": 32.6412335,
            "dec": 32.917788,
            "fid": 1,
            "nid": 1494,
            "magpsf": 19.31800079345703,
            "sigmapsf": 0.1080079972743988,
            "magnr": 18.225000381469727,
            "sigmagnr": 0.10000000149011612,
            "magzpsci": 26.253999710083008,
            "isdiffpos": "t",
            "ssdistnr": -999.0,
            "ssnamenr": "null",
            "drb": 0.9999930262565613
        },
        {
            "candid": 1494151282115015003,
            "jd": 2459248.6512847,
            "ra": 32.6412083,
            "dec": 32.9177939,
            "fid": 2,
            "nid": 1494,
            "magpsf": 18.899999618530273,
            "sigmapsf": 0.1082099974155426,
            "magnr": 17.67799949645996,
            "sigmagnr": 0.07599999755620956,
            "magzpsci": 26.22599983215332,
            "isdiffpos": "t",
            "ssdistnr": -999.0,
            "ssnamenr": "null",
            "drb": 0.9998530149459839
        },
        {
            "candid": 1496161922115015001,
            "jd": 2459250.6619213,
            "ra": 32.6413036,
            "dec": 32.9177433,
            "fid": 2,
            "nid": 1496,
            "magpsf": 19.002300262451172,
            "sigmapsf": 0.16281099617481232,
            "magnr": 17.67799949645996,
            "sigmagnr": 0.07599999755620956,
            "magzpsci": 26.301300048828125,
            "isdiffpos": "t",
            "ssdistnr": -999.0,
            "ssnamenr": "null",
            "drb": 0.9940249919891357
        },
        {
            "candid": 1498154052115015003,
            "jd": 2459252.6540509,
            "ra": 32.6412453,
            "dec": 32.9177616,
            "fid": 2,
            "nid": 1498,
            "magpsf": 19.015300750732422,
            "sigmapsf": 0.08242999762296677,
            "magnr": 17.67799949645996,
            "sigmagnr": 0.07599999755620956,
            "magzpsci": 26.310300827026367,
            "isdiffpos": "t",
            "ssdistnr": -999.0,
            "ssnamenr": "null",
            "drb": 0.9999060034751892
        },
        {
            "candid": 1500170962115015002,
            "jd": 2459254.6709606,
            "ra": 32.6411887,
            "dec": 32.9178048,
            "fid": 2,
            "nid": 1500,
            "magpsf": 19.24370002746582,
            "sigmapsf": 0.10879799723625183,
            "magnr": 17.67799949645996,
            "sigmagnr": 0.07599999755620956,
            "magzpsci": 26.20170021057129,
            "isdiffpos": "t",
            "ssdistnr": -999.0,
            "ssnamenr": "null",
            "drb": 0.9983119964599609
        },
        {
            "candid": 1500247032115015004,
            "jd": 2459254.747037,
            "ra": 32.6413535,
            "dec": 32.9177654,
            "fid": 1,
            "nid": 1500,
            "magpsf": 19.670700073242188,
            "sigmapsf": 0.184907004237175,
            "magnr": 18.225000381469727,
            "sigmagnr": 0.10000000149011612,
            "magzpsci": 26.103700637817383,
            "isdiffpos": "t",
            "ssdistnr": -999.0,
            "ssnamenr": "null",
            "drb": 0.9994639754295349
        },
        {
            "candid": 1502162612115015003,
            "jd": 2459256.6626157,
            "ra": 32.6412663,
            "dec": 32.9177348,
            "fid": 2,
            "nid": 1502,
            "magpsf": 19.202600479125977,
            "sigmapsf": 0.13198299705982208,
            "magnr": 17.67799949645996,
            "sigmagnr": 0.07599999755620956,
            "magzpsci": 26.27359962463379,
            "isdiffpos": "t",
            "ssdistnr": null,
            "ssnamenr": null,
            "drb": null
        },
        {
            "candid": 1506154572115015003,
            "jd": 2459260.6545718,
            "ra": 32.6411185,
            "dec": 32.9177354,
            "fid": 2,
            "nid": 1506,
            "magpsf": 19.297399520874023,
            "sigmapsf": 0.14658600091934204,
            "magnr": 17.67799949645996,
            "sigmagnr": 0.07599999755620956,
            "magzpsci": 26.203399658203125,
            "isdiffpos": "t",
            "ssdistnr": null,
            "ssnamenr": null,
            "drb": 0.9999930262565613
        },
        {
            "candid": 1511137312115015004,
            "jd": 2459265.6373148,
            "ra": 32.6412197,
            "dec": 32.9177977,
            "fid": 2,
            "nid": 1511,
            "magpsf": 19.677799224853516,
            "sigmapsf": 0.14743000268936157,
            "magnr": 17.67799949645996,
            "sigmagnr": 0.07599999755620956,
            "magzpsci": 26.32080078125,
            "isdiffpos": "t",
            "ssdistnr": null,
            "ssnamenr": null,
            "drb": 0.9999489784240723
        },
        {
            "candid": 1513141312115015005,
            "jd": 2459267.6413194,
            "ra": 32.6411112,
            "dec": 32.9177632,
            "fid": 2,
            "nid": 1513,
            "magpsf": 19.502099990844727,
            "sigmapsf": 0.14631299674510956,
            "magnr": 17.67799949645996,
            "sigmagnr": 0.07599999755620956,
            "magzpsci": 26.309099197387695,
            "isdiffpos": "t",
            "ssdistnr": null,
            "ssnamenr": null,
            "drb": null
        },
        {
            "candid": 1515145842115015001,
            "jd": 2459269.6458449,
            "ra": 32.6411631,
            "dec": 32.9177059,
            "fid": 2,
            "nid": 1515,
            "magpsf": 19.78179931640625,
            "sigmapsf": 0.21106599271297455,
            "magnr": 17.67799949645996,
            "sigmagnr": 0.07599999755620956,
            "magzpsci": 26.28380012512207,
            "isdiffpos": "t",
            "ssdistnr": null,
            "ssnamenr": null,
            "drb": null
        },
        {
            "candid": 1517159592115015002,
            "jd": 2459271.6595949,
            "ra": 32.6410917,
            "dec": 32.9176521,
            "fid": 2,
            "nid": 1517,
            "magpsf": 19.70870018005371,
            "sigmapsf": 0.26038798689842224,
            "magnr": 17.67799949645996,
            "sigmagnr": 0.07599999755620956,
            "magzpsci": 26.282699584960938,
            "isdiffpos": "t",
            "ssdistnr": null,
            "ssnamenr": null,
            "drb": null
        },
        {
            "candid": 1522156432115015004,
            "jd": 2459276.6564352,
            "ra": 32.6412039,
            "dec": 32.9177508,
            "fid": 2,
            "nid": 1522,
            "magpsf": 19.95939064025879,
            "sigmapsf": 0.21526500582695007,
            "magnr": 17.67799949645996,
            "sigmagnr": 0.07599999755620956,
            "magzpsci": 26.23339080810547,
            "isdiffpos": "t",
            "ssdistnr": -999.0,
            "ssnamenr": "null",
            "drb": null
        },
        {
            "jd": 2459197.72362,
            "fid": 2,
            "diffmaglim": 18.961000442504883
        },
        {
            "jd": 2459199.72101,
            "fid": 2,
            "diffmaglim": 20.302000045776367
        },
        {
            "jd": 2459199.78541,
            "fid": 1,
            "diffmaglim": 20.17799949645996
        },
        {
            "jd": 2459202.71476,
            "fid": 1,
            "diffmaglim": 20.44499969482422
        },
        {
            "jd": 2459202.76161,
            "fid": 2,
            "diffmaglim": 20.179000854492188
        },
        {
            "jd": 2459204.68258,
            "fid": 2,
            "diffmaglim": 20.13599967956543
        },
        {
            "jd": 2459204.73866,
            "fid": 1,
            "diffmaglim": 20.25
        },
        {
            "jd": 2459206.66723,
            "fid": 1,
            "diffmaglim": 18.68899917602539
        },
        {
            "jd": 2459206.71545,
            "fid": 2,
            "diffmaglim": 18.003000259399414
        },
        {
            "jd": 2459210.71473,
            "fid": 1,
            "diffmaglim": 19.4060001373291
        },
        {
            "jd": 2459210.78554,
            "fid": 2,
            "diffmaglim": 19.66699981689453
        },
        {
            "jd": 2459216.65362,
            "fid": 1,
            "diffmaglim": 20.177000045776367
        },
        {
            "jd": 2459216.72541,
            "fid": 2,
            "diffmaglim": 19.74799919128418
        },
        {
            "jd": 2459218.66108,
            "fid": 2,
            "diffmaglim": 20.434999465942383
        },
        {
            "jd": 2459218.70154,
            "fid": 1,
            "diffmaglim": 20.479999542236328
        },
        {
            "jd": 2459220.65964,
            "fid": 1,
            "diffmaglim": 20.63599967956543
        },
        {
            "jd": 2459220.72556,
            "fid": 2,
            "diffmaglim": 20.316999435424805
        },
        {
            "jd": 2459222.65155,
            "fid": 1,
            "diffmaglim": 19.76799964904785
        },
        {
            "jd": 2459222.696,
            "fid": 2,
            "diffmaglim": 20.481000900268555
        },
        {
            "jd": 2459224.68407,
            "fid": 1,
            "diffmaglim": 20.05299949645996
        },
        {
            "jd": 2459228.63398,
            "fid": 2,
            "diffmaglim": 19.743000030517578
        },
        {
            "jd": 2459256.6419792,
            "fid": 1,
            "diffmaglim": 20.082500457763672
        },
        {
            "jd": 2459260.6373032,
            "fid": 1,
            "diffmaglim": 20.01689910888672
        },
        {
            "jd": 2459263.6354282,
            "fid": 1,
            "diffmaglim": 19.359899520874023
        },
        {
            "jd": 2459263.6764815,
            "fid": 2,
            "diffmaglim": 19.19969940185547
        },
        {
            "jd": 2459265.6572106,
            "fid": 1,
            "diffmaglim": 19.929100036621094
        },
        {
            "jd": 2459267.6975347,
            "fid": 1,
            "diffmaglim": 19.04439926147461
        },
        {
            "jd": 2459269.6812731,
            "fid": 1,
            "diffmaglim": 19.423200607299805
        },
        {
            "jd": 2459271.6777199,
            "fid": 1,
            "diffmaglim": 19.129100799560547
        },
        {
            "jd": 2459274.6725579,
            "fid": 1,
            "diffmaglim": 18.387800216674805
        }
    ],
    "forcedphot": []
}