{
    "objectId": "ZTF20abkgypx",
    "candidates": [
        {
            "candid": 1286332635615015023,
            "jd": 2459040.8326389,
            "ra": 281.1026086,
            "dec": 22.2183183,
            "fid": 2,
            "nid": 1286,
            "magpsf": 20.256399154663086,
            "sigmapsf": 0.24014799296855927,
            "magnr": 19.969999313354492,
            "sigmagnr": 0.09099999815225601,
            "magzpsci": 26.311399459838867,
            "isdiffpos": "t",
            "ssdistnr": -999.0,
            "ssnamenr": "-999.0",
            "drb": null
        },
        {
            "candid": 1287270435615015012,
            "jd": 2459041.7704398,
            "ra": 281.1025867,
            "dec": 22.2183152,
            "fid": 2,
            "nid": 1287,
            "magpsf": 19.883800506591797,
            "sigmapsf": 0.13052000105381012,
            "magnr": 19.969999313354492,
            "sigmagnr": 0.09099999815225601,
            "magzpsci": 26.266799926757812,
            "isdiffpos": "t",
            "ssdistnr": -999.0,
            "ssnamenr": "null",
            "drb": 0.9998859763145447
        },
        {
            "candid": 1287361425615015017,
            "jd": 2459041.8614236,
            "ra": 281.1026587,
            "dec": 22.2183699,
            "fid": 1,
            "nid": 1287,
            "magpsf": 20.20439910888672,
            "sigmapsf": 0.22084900736808777,
            "magnr": 21.156999588012695,
            "sigmagnr": 0.1459999978542328,
            "magzpsci": 26.280399322509766,
            "isdiffpos": "t",
            "ssdistnr": -999.0,
            "ssnamenr": "-999.0",
            "drb": null
        },
        {
            "candid": 1288333555615015016,
            "jd": 2459042.8335532,
            "ra": 281.1026048,
            "dec": 22.2183384,
            "fid": 1,
            "nid": 1288,
            "magpsf": 19.87809944152832,
            "sigmapsf": 0.15450899302959442,
            "magnr": 21.156999588012695,
            "sigmagnr": 0.1459999978542328,
            "magzpsci": 26.31410026550293,
            "isdiffpos": "t",
            "ssdistnr": -999.0,
            "ssnamenr": "null",
            "drb": 0.9998819828033447
        },
        {
            "candid": 1290246495615015016,
            "jd": 2459044.7464931,
            "ra": 281.1026043,
            "dec": 22.2183141,
            "fid": 2,
            "nid": 1290,
            "magpsf": 19.312000274658203,
            "sigmapsf": 0.09599000215530396,
            "magnr": 19.969999313354492,
            "sigmagnr": 0.09099999815225601,
            "magzpsci": 26.319000244140625,
            "isdiffpos": "t",
            "ssdistnr": -999.0,
            "ssnamenr": "null",
            "drb": 1.0
        },
        {
            "candid": 1290311435615015008,
            "jd": 2459044.8114352,
            "ra": 281.1026225,
            "dec": 22.2182304,
            "fid": 1,
            "nid": 1290,
            "magpsf": 19.57159996032715,
            "sigmapsf": 0.15261299908161163,
            "magnr": 22.14900016784668,
            "sigmagnr": 0.2070000022649765,
            "magzpsci": 26.38159942626953,
            "isdiffpos": "t",
            "ssdistnr": -999.0,
            "ssnamenr": "null",
            "drb": 0.9999459981918335
        },
        {
            "candid": 1293274105615015023,
            "jd": 2459047.7741088,
            "ra": 281.1026226,
            "dec": 22.2183205,
            "fid": 1,
            "nid": 1293,
            "magpsf": 19.01110076904297,
            "sigmapsf": 0.07353100180625916,
            "magnr": 22.14900016784668,
            "sigmagnr": 0.2070000022649765,
            "magzpsci": 26.41309928894043,
            "isdiffpos": "t",
            "ssdistnr": -999.0,
            "ssnamenr": "null",
            "drb": 1.0
        },
        {
            "candid": 1293331355615015017,
            "jd": 2459047.8313542,
            "ra": 281.1026081,
            "dec": 22.2183084,
            "fid": 2,
            "nid": 1293,
            "magpsf": 18.861499786376953,
            "sigmapsf": 0.06982400268316269,
            "magnr": 19.969999313354492,
            "sigmagnr": 0.09099999815225601,
            "magzpsci": 26.324499130249023,
            "isdiffpos": "t",
            "ssdistnr": -999.0,
            "ssnamenr": "null",
            "drb": 0.9999840259552002
        },
        {
            "candid": 1296359435615015019,
            "jd": 2459050.8594329,
            "ra": 281.1026248,
            "dec": 22.2183175,
            "fid": 1,
            "nid": 1296,
            "magpsf": 18.841299057006836,
            "sigmapsf": 0.07626800239086151,
            "magnr": 22.14900016784668,
            "sigmagnr": 0.2070000022649765,
            "magzpsci": 26.384300231933594,
            "isdiffpos": "t",
            "ssdistnr": -999.0,
            "ssnamenr": "null",
            "drb": 1.0
        },
        {
            "candid": 1296359435615025019,
            "jd": 2459050.8594329,
            "ra": 281.1026248,
            "dec": 22.2183175,
            "fid": 1,
            "nid": 1296,
            "magpsf": 18.841299057006836,
            "sigmapsf": 0.07626800239086151,
            "magnr": 22.14900016784668,
            "sigmagnr": 0.2070000022649765,
            "magzpsci": 26.384300231933594,
            "isdiffpos": "t",
            "ssdistnr": -999.0,
            "ssnamenr": "-999.0",
            "drb": null
        },
        {
            "candid": 1299312315615015021,
            "jd": 2459053.8123148,
            "ra": 281.1026129,
            "dec": 22.2183235,
            "fid": 2,
            "nid": 1299,
            "magpsf": 18.5939998626709,
            "sigmapsf": 0.07829099893569946,
            "magnr": 19.969999313354492,
            "sigmagnr": 0.09099999815225601,
            "magzpsci": 26.32900047302246,
            "isdiffpos": "t",
            "ssdistnr": -999.0,
            "ssnamenr": "null",
            "drb": 0.9999709725379944
        },
        {
            "candid": 1302286565615015021,
            "jd": 2459056.7865625,
            "ra": 281.1026228,
            "dec": 22.2183103,
            "fid": 1,
            "nid": 1302,
            "magpsf": 18.83970069885254,
            "sigmapsf": 0.07642299681901932,
            "magnr": 22.14900016784668,
            "sigmagnr": 0.2070000022649765,
            "magzpsci": 26.393699645996094,
            "isdiffpos": "t",
            "ssdistnr": -999.0,
            "ssnamenr": "null",
            "drb": 1.0
        },
        {
            "candid": 1302353095615015009,
            "jd": 2459056.8530903,
            "ra": 281.1026157,
            "dec": 22.2182867,
            "fid": 2,
            "nid": 1302,
            "magpsf": 18.61280059814453,
            "sigmapsf": 0.08514299988746643,
            "magnr": 19.969999313354492,
            "sigmagnr": 0.09099999815225601,
            "magzpsci": 26.302799224853516,
            "isdiffpos": "t",
            "ssdistnr": -999.0,
            "ssnamenr": "null",
            "drb": 0.9999989867210388
        },
        {
            "candid": 1307272535615015017,
            "jd": 2459061.7725347,
            "ra": 281.1026028,
            "dec": 22.2183618,
            "fid": 2,
            "nid": 1307,
            "magpsf": 18.767900466918945,
            "sigmapsf": 0.11128800362348557,
            "magnr": 19.969999313354492,
            "sigmagnr": 0.09099999815225601,
            "magzpsci": 26.289899826049805,
            "isdiffpos": "t",
            "ssdistnr": -999.0,
            "ssnamenr": "null",
            "drb": 0.9993069767951965
        },
        {
            "candid": 1308311745615015008,
            "jd": 2459062.8117477,
            "ra": 281.1026114,
            "dec": 22.2183485,
            "fid": 2,
            "nid": 1308,
            "magpsf": 18.77899932861328,
            "sigmapsf": 0.09606599807739258,
            "magnr": 19.969999313354492,
            "sigmagnr": 0.09099999815225601,
            "magzpsci": 26.28499984741211,
            "isdiffpos": "t",
            "ssdistnr": -999.0,
            "ssnamenr": "null",
            "drb": 0.999567985534668
        },
        {
            "candid": 1308351735615015013,
            "jd": 2459062.8517361,
            "ra": 281.1025863,
            "dec": 22.2183331,
            "fid": 1,
            "nid": 1308,
            "magpsf": 19.074499130249023,
            "sigmapsf": 0.14803199470043182,
            "magnr": 21.156999588012695,
            "sigmagnr": 0.1459999978542328,
            "magzpsci": 26.338499069213867,
            "isdiffpos": "t",
            "ssdistnr": -999.0,
            "ssnamenr": "null",
            "drb": 0.9999960064888
        },
        {
            "candid": 1310389065615015004,
            "jd": 2459064.8890625,
            "ra": 281.1027097,
            "dec": 22.2182892,
            "fid": 2,
            "nid": 1310,
            "magpsf": 19.036800384521484,
            "sigmapsf": 0.147490993142128,
            "magnr": 19.969999313354492,
            "sigmagnr": 0.09099999815225601,
            "magzpsci": 26.249799728393555,
            "isdiffpos": "t",
            "ssdistnr": -999.0,
            "ssnamenr": "null",
            "drb": 0.9998499751091003
        },
        {
            "candid": 1314209515615015015,
            "jd": 2459068.7095139,
            "ra": 281.1026097,
            "dec": 22.2182968,
            "fid": 1,
            "nid": 1314,
            "magpsf": 19.554100036621094,
            "sigmapsf": 0.13392899930477142,
            "magnr": 22.14900016784668,
            "sigmagnr": 0.2070000022649765,
            "magzpsci": 26.395099639892578,
            "isdiffpos": "t",
            "ssdistnr": -999.0,
            "ssnamenr": "null",
            "drb": 1.0
        },
        {
            "candid": 1314252595615015019,
            "jd": 2459068.7525926,
            "ra": 281.1026447,
            "dec": 22.2183018,
            "fid": 2,
            "nid": 1314,
            "magpsf": 19.127099990844727,
            "sigmapsf": 0.11004000157117844,
            "magnr": 19.969999313354492,
            "sigmagnr": 0.09099999815225601,
            "magzpsci": 26.320100784301758,
            "isdiffpos": "t",
            "ssdistnr": -999.0,
            "ssnamenr": "null",
            "drb": 0.9997199773788452
        },
        {
            "candid": 1317239975615015016,
            "jd": 2459071.7399769,
            "ra": 281.1025978,
            "dec": 22.2183326,
            "fid": 1,
            "nid": 1317,
            "magpsf": 19.82080078125,
            "sigmapsf": 0.11480999737977982,
            "magnr": 21.156999588012695,
            "sigmagnr": 0.1459999978542328,
            "magzpsci": 26.404800415039062,
            "isdiffpos": "t",
            "ssdistnr": -999.0,
            "ssnamenr": "null",
            "drb": 0.9999960064888
        },
        {
            "candid": 1320216115615015013,
            "jd": 2459074.7161111,
            "ra": 281.1026469,
            "dec": 22.2183218,
            "fid": 1,
            "nid": 1320,
            "magpsf": 20.075899124145508,
            "sigmapsf": 0.171083003282547,
            "magnr": 22.14900016784668,
            "sigmagnr": 0.2070000022649765,
            "magzpsci": 26.27790069580078,
            "isdiffpos": "t",
            "ssdistnr": -999.0,
            "ssnamenr": "null",
            "drb": 0.9967870116233826
        },
        {
            "candid": 1320291965615015015,
            "jd": 2459074.7919676,
            "ra": 281.1026423,
            "dec": 22.2182864,
            "fid": 2,
            "nid": 1320,
            "magpsf": 19.26650047302246,
            "sigmapsf": 0.08479399979114532,
            "magnr": 19.969999313354492,
            "sigmagnr": 0.09099999815225601,
            "magzpsci": 26.17650032043457,
            "isdiffpos": "t",
            "ssdistnr": -999.0,
            "ssnamenr": "null",
            "drb": 0.9972440004348755
        },
        {
            "candid": 1323265475615015018,
            "jd": 2459077.7654745,
            "ra": 281.1026269,
            "dec": 22.2182932,
            "fid": 2,
            "nid": 1323,
            "magpsf": 19.326900482177734,
            "sigmapsf": 0.10650800168514252,
            "magnr": 19.969999313354492,
            "sigmagnr": 0.09099999815225601,
            "magzpsci": 26.221900939941406,
            "isdiffpos": "t",
            "ssdistnr": -999.0,
            "ssnamenr": "null",
            "drb": 0.9986469745635986
        },
        {
            "candid": 1326212155615015022,
            "jd": 2459080.7121528,
            "ra": 281.1025736,
            "dec": 22.2183114,
            "fid": 1,
            "nid": 1326,
            "magpsf": 20.595500946044922,
            "sigmapsf": 0.31133800745010376,
            "magnr": 21.156999588012695,
            "sigmagnr": 0.1459999978542328,
            "magzpsci": 26.133499145507812,
            "isdiffpos": "t",
            "ssdistnr": -999.0,
            "ssnamenr": "-999.0",
            "drb": null
        },
        {
            "candid": 1326311115615015007,
            "jd": 2459080.8111111,
            "ra": 281.1025927,
            "dec": 22.2182769,
            "fid": 2,
            "nid": 1326,
            "magpsf": 19.299800872802734,
            "sigmapsf": 0.13883399963378906,
            "magnr": 19.969999313354492,
            "sigmagnr": 0.09099999815225601,
            "magzpsci": 26.08880043029785,
            "isdiffpos": "t",
            "ssdistnr": -999.0,
            "ssnamenr": "null",
            "drb": 0.9997339844703674
        },
        {
            "candid": 1332169155615015022,
            "jd": 2459086.6691551,
            "ra": 281.1026424,
            "dec": 22.2183408,
            "fid": 2,
            "nid": 1332,
            "magpsf": 19.580799102783203,
            "sigmapsf": 0.16435900330543518,
            "magnr": 19.969999313354492,
            "sigmagnr": 0.09099999815225601,
            "magzpsci": 26.243799209594727,
            "isdiffpos": "t",
            "ssdistnr": -999.0,
            "ssnamenr": "null",
            "drb": 0.841513991355896
        },
        {
            "jd": 2459011.80341,
            "fid": 1,
            "diffmaglim": 20.634000778198242
        },
        {
            "jd": 2459011.82154,
            "fid": 2,
            "diffmaglim": 20.400999069213867
        },
        {
            "jd": 2459012.83115,
            "fid": 1,
            "diffmaglim": 21.00200080871582
        },
        {
            "jd": 2459013.85015,
            "fid": 2,
            "diffmaglim": 20.86199951171875
        },
        {
            "jd": 2459014.87411,
            "fid": 1,
            "diffmaglim": 20.908000946044922
        },
        {
            "jd": 2459015.85189,
            "fid": 2,
            "diffmaglim": 20.788999557495117
        },
        {
            "jd": 2459016.75537,
            "fid": 2,
            "diffmaglim": 20.114999771118164
        },
        {
            "jd": 2459017.82997,
            "fid": 1,
            "diffmaglim": 21.10300064086914
        },
        {
            "jd": 2459017.89397,
            "fid": 2,
            "diffmaglim": 20.85700035095215
        },
        {
            "jd": 2459018.75888,
            "fid": 2,
            "diffmaglim": 20.87700080871582
        },
        {
            "jd": 2459019.77438,
            "fid": 1,
            "diffmaglim": 20.89900016784668
        },
        {
            "jd": 2459019.85981,
            "fid": 2,
            "diffmaglim": 21.054000854492188
        },
        {
            "jd": 2459020.86057,
            "fid": 1,
            "diffmaglim": 21.16200065612793
        },
        {
            "jd": 2459022.7698,
            "fid": 2,
            "diffmaglim": 20.84000015258789
        },
        {
            "jd": 2459022.83921,
            "fid": 1,
            "diffmaglim": 20.820999145507812
        },
        {
            "jd": 2459023.88661,
            "fid": 2,
            "diffmaglim": 20.868000030517578
        },
        {
            "jd": 2459024.75594,
            "fid": 2,
            "diffmaglim": 20.545000076293945
        },
        {
            "jd": 2459024.87503,
            "fid": 1,
            "diffmaglim": 20.391000747680664
        },
        {
            "jd": 2459025.81716,
            "fid": 1,
            "diffmaglim": 20.893999099731445
        },
        {
            "jd": 2459025.87236,
            "fid": 2,
            "diffmaglim": 20.81399917602539
        },
        {
            "jd": 2459026.86139,
            "fid": 1,
            "diffmaglim": 20.424999237060547
        },
        {
            "jd": 2459027.85767,
            "fid": 1,
            "diffmaglim": 20.250999450683594
        },
        {
            "jd": 2459027.88058,
            "fid": 2,
            "diffmaglim": 20.472000122070312
        },
        {
            "jd": 2459028.75296,
            "fid": 2,
            "diffmaglim": 20.268999099731445
        },
        {
            "jd": 2459028.85671,
            "fid": 1,
            "diffmaglim": 20.447999954223633
        },
        {
            "jd": 2459029.78198,
            "fid": 1,
            "diffmaglim": 19.61400032043457
        },
        {
            "jd": 2459031.81654,
            "fid": 1,
            "diffmaglim": 20.10300064086914
        },
        {
            "jd": 2459031.87347,
            "fid": 2,
            "diffmaglim": 20.45599937438965
        },
        {
            "jd": 2459032.81892,
            "fid": 2,
            "diffmaglim": 20.118000030517578
        },
        {
            "jd": 2459032.88079,
            "fid": 1,
            "diffmaglim": 19.94300079345703
        },
        {
            "jd": 2459033.71758,
            "fid": 1,
            "diffmaglim": 19.5310001373291
        },
        {
            "jd": 2459033.81913,
            "fid": 2,
            "diffmaglim": 20.016000747680664
        },
        {
            "jd": 2459034.7261,
            "fid": 1,
            "diffmaglim": 19.336000442504883
        },
        {
            "jd": 2459034.83544,
            "fid": 2,
            "diffmaglim": 19.850000381469727
        },
        {
            "jd": 2459035.71323,
            "fid": 1,
            "diffmaglim": 19.055999755859375
        },
        {
            "jd": 2459038.79153,
            "fid": 1,
            "diffmaglim": 20.093000411987305
        },
        {
            "jd": 2459038.85903,
            "fid": 2,
            "diffmaglim": 20.167999267578125
        },
        {
            "jd": 2459065.81792,
            "fid": 2,
            "diffmaglim": 19.440000534057617
        }
    ],
    "forcedphot": []
}