{
    "objectId": "ZTF22aaajman",
    "candidates": [
        {
            "candid": 1868444913015015001,
            "jd": 2459622.944919,
            "ra": 162.2007419,
            "dec": 24.7971645,
            "fid": 2,
            "nid": 1868,
            "magpsf": 19.189199447631836,
            "sigmapsf": 0.1281919926404953,
            "magnr": 18.41699981689453,
            "sigmagnr": 0.08900000154972076,
            "magzpsci": 26.285200119018555,
            "isdiffpos": "t",
            "ssdistnr": null,
            "ssnamenr": null,
            "drb": 0.9999300241470337
        },
        {
            "candid": 1868504723015015010,
            "jd": 2459623.0047222,
            "ra": 162.2006494,
            "dec": 24.7971358,
            "fid": 1,
            "nid": 1868,
            "magpsf": 20.319400787353516,
            "sigmapsf": 0.24845699965953827,
            "magnr": 20.093000411987305,
            "sigmagnr": 0.10199999809265137,
            "magzpsci": 26.289400100708008,
            "isdiffpos": "t",
            "ssdistnr": null,
            "ssnamenr": null,
            "drb": null
        },
        {
            "candid": 1869353681915015005,
            "jd": 2459623.8536806,
            "ra": 162.2006983,
            "dec": 24.7971467,
            "fid": 2,
            "nid": 1869,
            "magpsf": 19.269100189208984,
            "sigmapsf": 0.13598500192165375,
            "magnr": 18.54199981689453,
            "sigmagnr": 0.0860000029206276,
            "magzpsci": 26.281099319458008,
            "isdiffpos": "t",
            "ssdistnr": null,
            "ssnamenr": null,
            "drb": null
        },
        {
            "candid": 1870381903015015004,
            "jd": 2459624.8819097,
            "ra": 162.2006827,
            "dec": 24.7971581,
            "fid": 2,
            "nid": 1870,
            "magpsf": 19.315500259399414,
            "sigmapsf": 0.15375299751758575,
            "magnr": 18.41699981689453,
            "sigmagnr": 0.08900000154972076,
            "magzpsci": 26.286500930786133,
            "isdiffpos": "t",
            "ssdistnr": null,
            "ssnamenr": null,
            "drb": null
        },
        {
            "candid": 1871279511915015005,
            "jd": 2459625.7795139,
            "ra": 162.2006537,
            "dec": 24.797207,
            "fid": 2,
            "nid": 1871,
            "magpsf": 19.61840057373047,
            "sigmapsf": 0.2388010025024414,
            "magnr": 18.54199981689453,
            "sigmagnr": 0.0860000029206276,
            "magzpsci": 26.28339958190918,
            "isdiffpos": "t",
            "ssdistnr": null,
            "ssnamenr": null,
            "drb": null
        },
        {
            "candid": 1874403991915015003,
            "jd": 2459628.9039931,
            "ra": 162.2006965,
            "dec": 24.7971296,
            "fid": 2,
            "nid": 1874,
            "magpsf": 19.534500122070312,
            "sigmapsf": 0.260221004486084,
            "magnr": 18.54199981689453,
            "sigmagnr": 0.0860000029206276,
            "magzpsci": 26.284500122070312,
            "isdiffpos": "t",
            "ssdistnr": null,
            "ssnamenr": null,
            "drb": null
        },
        {
            "candid": 1875335393015015005,
            "jd": 2459629.8353935,
            "ra": 162.2007236,
            "dec": 24.797258,
            "fid": 2,
            "nid": 1875,
            "magpsf": 19.435100555419922,
            "sigmapsf": 0.20426300168037415,
            "magnr": 18.41699981689453,
            "sigmagnr": 0.08900000154972076,
            "magzpsci": 26.286100387573242,
            "isdiffpos": "t",
            "ssdistnr": null,
            "ssnamenr": null,
            "drb": null
        },
        {
            "candid": 1882235641915015003,
            "jd": 2459636.7356481,
            "ra": 162.2006114,
            "dec": 24.797116,
            "fid": 1,
            "nid": 1882,
            "magpsf": 21.072099685668945,
            "sigmapsf": 0.33405399322509766,
            "magnr": 19.14900016784668,
            "sigmagnr": 0.08299999684095383,
            "magzpsci": 26.250099182128906,
            "isdiffpos": "t",
            "ssdistnr": null,
            "ssnamenr": null,
            "drb": null
        },
        {
            "candid": 1882353851915015007,
            "jd": 2459636.8538542,
            "ra": 162.2006877,
            "dec": 24.7971531,
            "fid": 2,
            "nid": 1882,
            "magpsf": 19.843120574951172,
            "sigmapsf": 0.11956500262022018,
            "magnr": 18.54199981689453,
            "sigmagnr": 0.0860000029206276,
            "magzpsci": 26.282129287719727,
            "isdiffpos": "t",
            "ssdistnr": -999.0,
            "ssnamenr": "null",
            "drb": null
        },
        {
            "jd": 2459623.800706,
            "fid": 1,
            "diffmaglim": 19.77050018310547
        },
        {
            "jd": 2459624.7979861,
            "fid": 1,
            "diffmaglim": 19.631799697875977
        },
        {
            "jd": 2459625.7476852,
            "fid": 1,
            "diffmaglim": 19.050500869750977
        },
        {
            "jd": 2459628.7044213,
            "fid": 1,
            "diffmaglim": 19.057199478149414
        },
        {
            "jd": 2459629.9035185,
            "fid": 1,
            "diffmaglim": 19.385400772094727
        },
        {
            "jd": 2459636.7462153,
            "fid": 1,
            "diffmaglim": 20.7189998626709
        }
    ],
    "forcedphot": []
}