{
    "objectId": "ZTF24abnyruv",
    "candidates": [
        {
            "candid": 2853174590115015005,
            "jd": 2460607.6745949,
            "ra": 340.7662883,
            "dec": 23.8570109,
            "fid": 2,
            "nid": 2853,
            "magpsf": 19.73110008239746,
            "sigmapsf": 0.16502800583839417,
            "magnr": 17.871999740600586,
            "sigmagnr": 0.0430000014603138,
            "magzpsci": 26.262100219726562,
            "isdiffpos": "t",
            "ssdistnr": null,
            "ssnamenr": null,
            "drb": 0.999936580657959
        },
        {
            "candid": 2853217960115015007,
            "jd": 2460607.717963,
            "ra": 340.7663607,
            "dec": 23.8570418,
            "fid": 1,
            "nid": 2853,
            "magpsf": 19.95639991760254,
            "sigmapsf": 0.13612699508666992,
            "magnr": 18.322999954223633,
            "sigmagnr": 0.03500000014901161,
            "magzpsci": 26.37540054321289,
            "isdiffpos": "t",
            "ssdistnr": null,
            "ssnamenr": null,
            "drb": null
        },
        {
            "candid": 2855165490115015002,
            "jd": 2460609.6654977,
            "ra": 340.7663102,
            "dec": 23.8570441,
            "fid": 2,
            "nid": 2855,
            "magpsf": 19.18400001525879,
            "sigmapsf": 0.10833700001239777,
            "magnr": 17.871999740600586,
            "sigmagnr": 0.0430000014603138,
            "magzpsci": 26.25,
            "isdiffpos": "t",
            "ssdistnr": null,
            "ssnamenr": null,
            "drb": null
        },
        {
            "candid": 2855237710115015004,
            "jd": 2460609.7377199,
            "ra": 340.7663401,
            "dec": 23.8570551,
            "fid": 1,
            "nid": 2855,
            "magpsf": 19.228300094604492,
            "sigmapsf": 0.08843100070953369,
            "magnr": 18.322999954223633,
            "sigmagnr": 0.03500000014901161,
            "magzpsci": 26.345300674438477,
            "isdiffpos": "t",
            "ssdistnr": null,
            "ssnamenr": null,
            "drb": null
        },
        {
            "candid": 2860205640115015005,
            "jd": 2460614.7056481,
            "ra": 340.7663134,
            "dec": 23.8570387,
            "fid": 2,
            "nid": 2860,
            "magpsf": 18.10300064086914,
            "sigmapsf": 0.05008300021290779,
            "magnr": 17.871999740600586,
            "sigmagnr": 0.0430000014603138,
            "magzpsci": 26.25200080871582,
            "isdiffpos": "t",
            "ssdistnr": null,
            "ssnamenr": null,
            "drb": null
        },
        {
            "candid": 2860367460115015003,
            "jd": 2460614.8674653,
            "ra": 340.7663584,
            "dec": 23.8570406,
            "fid": 1,
            "nid": 2860,
            "magpsf": 18.17060089111328,
            "sigmapsf": 0.06934799998998642,
            "magnr": 18.322999954223633,
            "sigmagnr": 0.03500000014901161,
            "magzpsci": 26.10759925842285,
            "isdiffpos": "t",
            "ssdistnr": null,
            "ssnamenr": null,
            "drb": null
        },
        {
            "candid": 2862337630115015004,
            "jd": 2460616.8376389,
            "ra": 340.7663186,
            "dec": 23.8570325,
            "fid": 2,
            "nid": 2862,
            "magpsf": 17.889299392700195,
            "sigmapsf": 0.05008599907159805,
            "magnr": 17.871999740600586,
            "sigmagnr": 0.0430000014603138,
            "magzpsci": 26.183300018310547,
            "isdiffpos": "t",
            "ssdistnr": null,
            "ssnamenr": null,
            "drb": null
        },
        {
            "candid": 2865145860115015003,
            "jd": 2460619.6458681,
            "ra": 340.7663227,
            "dec": 23.857035,
            "fid": 2,
            "nid": 2865,
            "magpsf": 17.67639923095703,
            "sigmapsf": 0.04367800056934357,
            "magnr": 17.871999740600586,
            "sigmagnr": 0.0430000014603138,
            "magzpsci": 26.256399154663086,
            "isdiffpos": "t",
            "ssdistnr": null,
            "ssnamenr": null,
            "drb": null
        },
        {
            "candid": 2867118930115015005,
            "jd": 2460621.6189352,
            "ra": 340.7662846,
            "dec": 23.8570239,
            "fid": 2,
            "nid": 2867,
            "magpsf": 17.651599884033203,
            "sigmapsf": 0.06929100304841995,
            "magnr": 17.871999740600586,
            "sigmagnr": 0.0430000014603138,
            "magzpsci": 26.259599685668945,
            "isdiffpos": "t",
            "ssdistnr": null,
            "ssnamenr": null,
            "drb": null
        },
        {
            "candid": 2869145130115015004,
            "jd": 2460623.6451389,
            "ra": 340.7663086,
            "dec": 23.8570507,
            "fid": 2,
            "nid": 2869,
            "magpsf": 17.59239959716797,
            "sigmapsf": 0.049205001443624496,
            "magnr": 17.871999740600586,
            "sigmagnr": 0.0430000014603138,
            "magzpsci": 26.252399444580078,
            "isdiffpos": "t",
            "ssdistnr": null,
            "ssnamenr": null,
            "drb": null
        },
        {
            "candid": 2871131570115015005,
            "jd": 2460625.6315741,
            "ra": 340.7663073,
            "dec": 23.857042,
            "fid": 2,
            "nid": 2871,
            "magpsf": 17.603300094604492,
            "sigmapsf": 0.045747000724077225,
            "magnr": 17.871999740600586,
            "sigmagnr": 0.0430000014603138,
            "magzpsci": 26.253299713134766,
            "isdiffpos": "t",
            "ssdistnr": null,
            "ssnamenr": null,
            "drb": null
        },
        {
            "candid": 2871193130115015004,
            "jd": 2460625.6931366,
            "ra": 340.7663199,
            "dec": 23.8570505,
            "fid": 1,
            "nid": 2871,
            "magpsf": 17.698299407958984,
            "sigmapsf": 0.05475100129842758,
            "magnr": 18.322999954223633,
            "sigmagnr": 0.03500000014901161,
            "magzpsci": 26.338300704956055,
            "isdiffpos": "t",
            "ssdistnr": null,
            "ssnamenr": null,
            "drb": null
        },
        {
            "candid": 2873177880115015000,
            "jd": 2460627.6778819,
            "ra": 340.7663059,
            "dec": 23.8569911,
            "fid": 1,
            "nid": 2873,
            "magpsf": 17.874399185180664,
            "sigmapsf": 0.07423499971628189,
            "magnr": 18.322999954223633,
            "sigmagnr": 0.03500000014901161,
            "magzpsci": 26.34440040588379,
            "isdiffpos": "t",
            "ssdistnr": null,
            "ssnamenr": null,
            "drb": null
        },
        {
            "candid": 2873313570115015002,
            "jd": 2460627.8135764,
            "ra": 340.7663014,
            "dec": 23.8570489,
            "fid": 2,
            "nid": 2873,
            "magpsf": 17.70949935913086,
            "sigmapsf": 0.07108599692583084,
            "magnr": 17.871999740600586,
            "sigmagnr": 0.0430000014603138,
            "magzpsci": 26.18950080871582,
            "isdiffpos": "t",
            "ssdistnr": null,
            "ssnamenr": null,
            "drb": null
        },
        {
            "candid": 2875153980115015001,
            "jd": 2460629.6539815,
            "ra": 340.7663052,
            "dec": 23.8570555,
            "fid": 2,
            "nid": 2875,
            "magpsf": 17.72450065612793,
            "sigmapsf": 0.04872699826955795,
            "magnr": 17.871999740600586,
            "sigmagnr": 0.0430000014603138,
            "magzpsci": 26.24449920654297,
            "isdiffpos": "t",
            "ssdistnr": null,
            "ssnamenr": null,
            "drb": null
        },
        {
            "candid": 2875194240115015001,
            "jd": 2460629.6942477,
            "ra": 340.7663299,
            "dec": 23.8570153,
            "fid": 1,
            "nid": 2875,
            "magpsf": 17.852699279785156,
            "sigmapsf": 0.06580899655818939,
            "magnr": 18.322999954223633,
            "sigmagnr": 0.03500000014901161,
            "magzpsci": 26.325700759887695,
            "isdiffpos": "t",
            "ssdistnr": null,
            "ssnamenr": null,
            "drb": null
        },
        {
            "candid": 2880181750115015003,
            "jd": 2460634.6817593,
            "ra": 340.7663195,
            "dec": 23.8570303,
            "fid": 1,
            "nid": 2880,
            "magpsf": 18.305400848388672,
            "sigmapsf": 0.06408999860286713,
            "magnr": 18.322999954223633,
            "sigmagnr": 0.03500000014901161,
            "magzpsci": 26.13640022277832,
            "isdiffpos": "t",
            "ssdistnr": null,
            "ssnamenr": null,
            "drb": null
        },
        {
            "candid": 2882197170115015004,
            "jd": 2460636.6971759,
            "ra": 340.7663192,
            "dec": 23.8570294,
            "fid": 2,
            "nid": 2882,
            "magpsf": 18.13990020751953,
            "sigmapsf": 0.06231899932026863,
            "magnr": 17.871999740600586,
            "sigmagnr": 0.0430000014603138,
            "magzpsci": 26.23590087890625,
            "isdiffpos": "t",
            "ssdistnr": null,
            "ssnamenr": null,
            "drb": null
        },
        {
            "candid": 2885145370115015004,
            "jd": 2460639.6453704,
            "ra": 340.7663239,
            "dec": 23.857021,
            "fid": 1,
            "nid": 2885,
            "magpsf": 18.735000610351562,
            "sigmapsf": 0.14131900668144226,
            "magnr": 18.322999954223633,
            "sigmagnr": 0.03500000014901161,
            "magzpsci": 25.732999801635742,
            "isdiffpos": "t",
            "ssdistnr": null,
            "ssnamenr": null,
            "drb": null
        },
        {
            "candid": 2885154600115015001,
            "jd": 2460639.6546065,
            "ra": 340.7663106,
            "dec": 23.8570522,
            "fid": 2,
            "nid": 2885,
            "magpsf": 18.27989959716797,
            "sigmapsf": 0.07921899855136871,
            "magnr": 17.871999740600586,
            "sigmagnr": 0.0430000014603138,
            "magzpsci": 25.952899932861328,
            "isdiffpos": "t",
            "ssdistnr": null,
            "ssnamenr": null,
            "drb": null
        },
        {
            "candid": 2889183810115015003,
            "jd": 2460643.6838194,
            "ra": 340.7663046,
            "dec": 23.8570467,
            "fid": 2,
            "nid": 2889,
            "magpsf": 18.34040069580078,
            "sigmapsf": 0.057454999536275864,
            "magnr": 17.871999740600586,
            "sigmagnr": 0.0430000014603138,
            "magzpsci": 26.14739990234375,
            "isdiffpos": "t",
            "ssdistnr": null,
            "ssnamenr": null,
            "drb": null
        },
        {
            "candid": 2893165680115015003,
            "jd": 2460647.6656829,
            "ra": 340.7663063,
            "dec": 23.8570568,
            "fid": 2,
            "nid": 2893,
            "magpsf": 18.517000198364258,
            "sigmapsf": 0.1317330002784729,
            "magnr": 17.871999740600586,
            "sigmagnr": 0.0430000014603138,
            "magzpsci": 25.507999420166016,
            "isdiffpos": "t",
            "ssdistnr": null,
            "ssnamenr": null,
            "drb": null
        },
        {
            "candid": 2895176220115015003,
            "jd": 2460649.6762269,
            "ra": 340.7663012,
            "dec": 23.8570145,
            "fid": 1,
            "nid": 2895,
            "magpsf": 19.646900177001953,
            "sigmapsf": 0.12204200029373169,
            "magnr": 18.322999954223633,
            "sigmagnr": 0.03500000014901161,
            "magzpsci": 26.308900833129883,
            "isdiffpos": "t",
            "ssdistnr": null,
            "ssnamenr": null,
            "drb": null
        },
        {
            "candid": 2895236510115015003,
            "jd": 2460649.7365162,
            "ra": 340.7662931,
            "dec": 23.8570146,
            "fid": 2,
            "nid": 2895,
            "magpsf": 18.48430061340332,
            "sigmapsf": 0.06661500036716461,
            "magnr": 17.871999740600586,
            "sigmagnr": 0.0430000014603138,
            "magzpsci": 26.185300827026367,
            "isdiffpos": "t",
            "ssdistnr": null,
            "ssnamenr": null,
            "drb": null
        },
        {
            "candid": 2897133340115015005,
            "jd": 2460651.6333449,
            "ra": 340.7663211,
            "dec": 23.8570755,
            "fid": 2,
            "nid": 2897,
            "magpsf": 18.568099975585938,
            "sigmapsf": 0.09203000366687775,
            "magnr": 17.871999740600586,
            "sigmagnr": 0.0430000014603138,
            "magzpsci": 26.236099243164062,
            "isdiffpos": "t",
            "ssdistnr": null,
            "ssnamenr": null,
            "drb": null
        },
        {
            "candid": 2897215940115015010,
            "jd": 2460651.7159491,
            "ra": 340.7665646,
            "dec": 23.8571853,
            "fid": 1,
            "nid": 2897,
            "magpsf": 19.706199645996094,
            "sigmapsf": 0.21926400065422058,
            "magnr": 18.322999954223633,
            "sigmagnr": 0.03500000014901161,
            "magzpsci": 26.259199142456055,
            "isdiffpos": "t",
            "ssdistnr": null,
            "ssnamenr": null,
            "drb": null
        },
        {
            "candid": 2899123020115015003,
            "jd": 2460653.6230208,
            "ra": 340.7663103,
            "dec": 23.8570439,
            "fid": 2,
            "nid": 2899,
            "magpsf": 18.62660026550293,
            "sigmapsf": 0.07720199972391129,
            "magnr": 17.871999740600586,
            "sigmagnr": 0.0430000014603138,
            "magzpsci": 26.257600784301758,
            "isdiffpos": "t",
            "ssdistnr": null,
            "ssnamenr": null,
            "drb": null
        },
        {
            "candid": 2899152630115015004,
            "jd": 2460653.6526389,
            "ra": 340.7663555,
            "dec": 23.8570433,
            "fid": 1,
            "nid": 2899,
            "magpsf": 19.720300674438477,
            "sigmapsf": 0.17362399399280548,
            "magnr": 18.322999954223633,
            "sigmagnr": 0.03500000014901161,
            "magzpsci": 26.330299377441406,
            "isdiffpos": "t",
            "ssdistnr": null,
            "ssnamenr": null,
            "drb": null
        },
        {
            "candid": 2906141700115015004,
            "jd": 2460660.6417014,
            "ra": 340.7662874,
            "dec": 23.8570538,
            "fid": 2,
            "nid": 2906,
            "magpsf": 19.23040008544922,
            "sigmapsf": 0.13405199348926544,
            "magnr": 17.871999740600586,
            "sigmagnr": 0.0430000014603138,
            "magzpsci": 26.234399795532227,
            "isdiffpos": "t",
            "ssdistnr": null,
            "ssnamenr": null,
            "drb": null
        },
        {
            "candid": 2909127620115015001,
            "jd": 2460663.6276273,
            "ra": 340.7663182,
            "dec": 23.8570705,
            "fid": 2,
            "nid": 2909,
            "magpsf": 19.33930015563965,
            "sigmapsf": 0.12925800681114197,
            "magnr": 17.871999740600586,
            "sigmagnr": 0.0430000014603138,
            "magzpsci": 26.246299743652344,
            "isdiffpos": "t",
            "ssdistnr": null,
            "ssnamenr": null,
            "drb": null
        },
        {
            "candid": 2911143330115015005,
            "jd": 2460665.6433333,
            "ra": 340.7662988,
            "dec": 23.8570416,
            "fid": 2,
            "nid": 2911,
            "magpsf": 19.298900604248047,
            "sigmapsf": 0.1099189966917038,
            "magnr": 17.871999740600586,
            "sigmagnr": 0.0430000014603138,
            "magzpsci": 26.15290069580078,
            "isdiffpos": "t",
            "ssdistnr": null,
            "ssnamenr": null,
            "drb": null
        },
        {
            "candid": 2913160390115015004,
            "jd": 2460667.6603935,
            "ra": 340.7662431,
            "dec": 23.8570291,
            "fid": 2,
            "nid": 2913,
            "magpsf": 19.613399505615234,
            "sigmapsf": 0.1521649956703186,
            "magnr": 17.871999740600586,
            "sigmagnr": 0.0430000014603138,
            "magzpsci": 26.227399826049805,
            "isdiffpos": "t",
            "ssdistnr": null,
            "ssnamenr": null,
            "drb": null
        },
        {
            "candid": 2919116190115015024,
            "jd": 2460673.6161921,
            "ra": 340.7663152,
            "dec": 23.8570418,
            "fid": 2,
            "nid": 2919,
            "magpsf": 19.5935001373291,
            "sigmapsf": 0.16941000521183014,
            "magnr": 17.871999740600586,
            "sigmagnr": 0.0430000014603138,
            "magzpsci": 26.13949966430664,
            "isdiffpos": "t",
            "ssdistnr": null,
            "ssnamenr": null,
            "drb": null
        },
        {
            "candid": 2921174440115015005,
            "jd": 2460675.6744444,
            "ra": 340.76636,
            "dec": 23.8569928,
            "fid": 2,
            "nid": 2921,
            "magpsf": 19.65880012512207,
            "sigmapsf": 0.1986909955739975,
            "magnr": 17.871999740600586,
            "sigmagnr": 0.0430000014603138,
            "magzpsci": 26.1648006439209,
            "isdiffpos": "t",
            "ssdistnr": null,
            "ssnamenr": null,
            "drb": null
        },
        {
            "candid": 2923136310115025004,
            "jd": 2460677.6363194,
            "ra": 340.7662752,
            "dec": 23.8570387,
            "fid": 2,
            "nid": 2923,
            "magpsf": 19.79759979248047,
            "sigmapsf": 0.16113999485969543,
            "magnr": 17.871999740600586,
            "sigmagnr": 0.0430000014603138,
            "magzpsci": 26.223600387573242,
            "isdiffpos": "t",
            "ssdistnr": null,
            "ssnamenr": null,
            "drb": null
        },
        {
            "candid": 2925130920115015002,
            "jd": 2460679.6309259,
            "ra": 340.7663172,
            "dec": 23.8569958,
            "fid": 2,
            "nid": 2925,
            "magpsf": 19.86805534362793,
            "sigmapsf": 0.17105188965797424,
            "magnr": 17.871999740600586,
            "sigmagnr": 0.0430000014603138,
            "magzpsci": 26.231054306030273,
            "isdiffpos": "t",
            "ssdistnr": -999.0,
            "ssnamenr": "null",
            "drb": null
        },
        {
            "jd": 2460577.8032639,
            "fid": 3,
            "diffmaglim": 19.880599975585938
        },
        {
            "jd": 2460577.8535532,
            "fid": 1,
            "diffmaglim": 20.23270034790039
        },
        {
            "jd": 2460578.7239931,
            "fid": 2,
            "diffmaglim": 20.677600860595703
        },
        {
            "jd": 2460578.7489815,
            "fid": 1,
            "diffmaglim": 20.800100326538086
        },
        {
            "jd": 2460580.6439236,
            "fid": 1,
            "diffmaglim": 20.625900268554688
        },
        {
            "jd": 2460580.9245718,
            "fid": 2,
            "diffmaglim": 20.191200256347656
        },
        {
            "jd": 2460583.6595255,
            "fid": 2,
            "diffmaglim": 20.57200050354004
        },
        {
            "jd": 2460592.6564352,
            "fid": 2,
            "diffmaglim": 20.520599365234375
        },
        {
            "jd": 2460592.6939352,
            "fid": 1,
            "diffmaglim": 20.743499755859375
        },
        {
            "jd": 2460594.7076852,
            "fid": 2,
            "diffmaglim": 20.095500946044922
        },
        {
            "jd": 2460594.7421759,
            "fid": 1,
            "diffmaglim": 20.10849952697754
        },
        {
            "jd": 2460596.6635069,
            "fid": 2,
            "diffmaglim": 20.292400360107422
        },
        {
            "jd": 2460596.7132986,
            "fid": 1,
            "diffmaglim": 20.213600158691406
        },
        {
            "jd": 2460598.6446528,
            "fid": 2,
            "diffmaglim": 19.855899810791016
        },
        {
            "jd": 2460598.7350694,
            "fid": 1,
            "diffmaglim": 19.56760025024414
        },
        {
            "jd": 2460600.6970833,
            "fid": 2,
            "diffmaglim": 19.332199096679688
        },
        {
            "jd": 2460600.7820949,
            "fid": 1,
            "diffmaglim": 18.953399658203125
        },
        {
            "jd": 2460603.7425,
            "fid": 1,
            "diffmaglim": 19.748699188232422
        },
        {
            "jd": 2460636.8022801,
            "fid": 1,
            "diffmaglim": 18.372299194335938
        },
        {
            "jd": 2460643.6577083,
            "fid": 1,
            "diffmaglim": 20.083900451660156
        },
        {
            "jd": 2460645.6401273,
            "fid": 2,
            "diffmaglim": 15.659799575805664
        },
        {
            "jd": 2460647.6656829,
            "fid": 2,
            "diffmaglim": 19.198400497436523
        },
        {
            "jd": 2460655.6211458,
            "fid": 1,
            "diffmaglim": 19.04129981994629
        },
        {
            "jd": 2460658.7038194,
            "fid": 1,
            "diffmaglim": 19.26460075378418
        },
        {
            "jd": 2460660.5982407,
            "fid": 1,
            "diffmaglim": 19.09239959716797
        },
        {
            "jd": 2460663.7227778,
            "fid": 1,
            "diffmaglim": 19.030099868774414
        },
        {
            "jd": 2460671.6232176,
            "fid": 2,
            "diffmaglim": 18.469499588012695
        },
        {
            "jd": 2460671.6381597,
            "fid": 1,
            "diffmaglim": 15.799799919128418
        },
        {
            "jd": 2460673.5969213,
            "fid": 1,
            "diffmaglim": 19.851900100708008
        },
        {
            "jd": 2460675.6026157,
            "fid": 1,
            "diffmaglim": 20.45800018310547
        }
    ],
    "forcedphot": [
        {
            "objectid": "ZTF24abnyruv",
            "jd": 2460577.8032639,
            "ranr": 340.7665869,
            "decnr": 23.8570238,
            "fid": 3,
            "forcediffimflux": 43.05817794799805,
            "forcediffimfluxunc": 22.982372283935547,
            "magzpsci": 25.539600372314453
        },
        {
            "objectid": "ZTF24abnyruv",
            "jd": 2460577.8535532,
            "ranr": 340.766581,
            "decnr": 23.8570017,
            "fid": 1,
            "forcediffimflux": -14.644192695617676,
            "forcediffimfluxunc": 33.48956298828125,
            "magzpsci": 26.30139923095703
        },
        {
            "objectid": "ZTF24abnyruv",
            "jd": 2460578.7239931,
            "ranr": 340.7665647,
            "decnr": 23.8570278,
            "fid": 2,
            "forcediffimflux": 39.89728546142578,
            "forcediffimfluxunc": 20.67705535888672,
            "magzpsci": 26.22800064086914
        },
        {
            "objectid": "ZTF24abnyruv",
            "jd": 2460578.7489815,
            "ranr": 340.766581,
            "decnr": 23.8570017,
            "fid": 1,
            "forcediffimflux": -4.63524866104126,
            "forcediffimfluxunc": 19.565717697143555,
            "magzpsci": 26.33060073852539
        },
        {
            "objectid": "ZTF24abnyruv",
            "jd": 2460580.6439236,
            "ranr": 340.766581,
            "decnr": 23.8570017,
            "fid": 1,
            "forcediffimflux": -23.552513122558594,
            "forcediffimfluxunc": 23.127315521240234,
            "magzpsci": 26.276100158691406
        },
        {
            "objectid": "ZTF24abnyruv",
            "jd": 2460580.9245718,
            "ranr": 340.7665647,
            "decnr": 23.8570278,
            "fid": 2,
            "forcediffimflux": 75.92598724365234,
            "forcediffimfluxunc": 28.417327880859375,
            "magzpsci": 26.16990089416504
        },
        {
            "objectid": "ZTF24abnyruv",
            "jd": 2460583.6595255,
            "ranr": 340.7665647,
            "decnr": 23.8570278,
            "fid": 2,
            "forcediffimflux": 51.51861572265625,
            "forcediffimfluxunc": 25.813859939575195,
            "magzpsci": 26.237600326538086
        },
        {
            "objectid": "ZTF24abnyruv",
            "jd": 2460592.6564352,
            "ranr": 340.7665647,
            "decnr": 23.8570278,
            "fid": 2,
            "forcediffimflux": 22.891246795654297,
            "forcediffimfluxunc": 24.583478927612305,
            "magzpsci": 26.242900848388672
        },
        {
            "objectid": "ZTF24abnyruv",
            "jd": 2460592.6939352,
            "ranr": 340.766581,
            "decnr": 23.8570017,
            "fid": 1,
            "forcediffimflux": -5.015071392059326,
            "forcediffimfluxunc": 21.5137939453125,
            "magzpsci": 26.33989906311035
        },
        {
            "objectid": "ZTF24abnyruv",
            "jd": 2460594.7076852,
            "ranr": 340.7665647,
            "decnr": 23.8570278,
            "fid": 2,
            "forcediffimflux": 34.745941162109375,
            "forcediffimfluxunc": 37.1225700378418,
            "magzpsci": 26.254100799560547
        },
        {
            "objectid": "ZTF24abnyruv",
            "jd": 2460594.7421759,
            "ranr": 340.766581,
            "decnr": 23.8570017,
            "fid": 1,
            "forcediffimflux": -65.74665832519531,
            "forcediffimfluxunc": 35.891021728515625,
            "magzpsci": 26.355499267578125
        },
        {
            "objectid": "ZTF24abnyruv",
            "jd": 2460596.6635069,
            "ranr": 340.7665647,
            "decnr": 23.8570278,
            "fid": 2,
            "forcediffimflux": 30.350200653076172,
            "forcediffimfluxunc": 32.8690185546875,
            "magzpsci": 26.270599365234375
        },
        {
            "objectid": "ZTF24abnyruv",
            "jd": 2460596.7132986,
            "ranr": 340.766581,
            "decnr": 23.8570017,
            "fid": 1,
            "forcediffimflux": 17.89674949645996,
            "forcediffimfluxunc": 35.12337112426758,
            "magzpsci": 26.36210060119629
        },
        {
            "objectid": "ZTF24abnyruv",
            "jd": 2460598.6446528,
            "ranr": 340.7665647,
            "decnr": 23.8570278,
            "fid": 2,
            "forcediffimflux": -17.125364303588867,
            "forcediffimfluxunc": 45.38664245605469,
            "magzpsci": 26.2544002532959
        },
        {
            "objectid": "ZTF24abnyruv",
            "jd": 2460598.7350694,
            "ranr": 340.766581,
            "decnr": 23.8570017,
            "fid": 1,
            "forcediffimflux": 95.45808410644531,
            "forcediffimfluxunc": 59.73052978515625,
            "magzpsci": 26.353599548339844
        },
        {
            "objectid": "ZTF24abnyruv",
            "jd": 2460600.6970833,
            "ranr": 340.7665647,
            "decnr": 23.8570278,
            "fid": 2,
            "forcediffimflux": 93.86138916015625,
            "forcediffimfluxunc": 75.69719696044922,
            "magzpsci": 26.2539005279541
        },
        {
            "objectid": "ZTF24abnyruv",
            "jd": 2460600.7820949,
            "ranr": 340.766581,
            "decnr": 23.8570017,
            "fid": 1,
            "forcediffimflux": -50.60163116455078,
            "forcediffimfluxunc": 109.11670684814453,
            "magzpsci": 26.316299438476562
        },
        {
            "objectid": "ZTF24abnyruv",
            "jd": 2460603.7425,
            "ranr": 340.766581,
            "decnr": 23.8570017,
            "fid": 1,
            "forcediffimflux": 61.82954406738281,
            "forcediffimfluxunc": 51.930477142333984,
            "magzpsci": 26.371700286865234
        },
        {
            "objectid": "ZTF24abnyruv",
            "jd": 2460607.6745949,
            "ranr": 340.7665647,
            "decnr": 23.8570278,
            "fid": 2,
            "forcediffimflux": 418.46759033203125,
            "forcediffimfluxunc": 24.758975982666016,
            "magzpsci": 26.262100219726562
        },
        {
            "objectid": "ZTF24abnyruv",
            "jd": 2460607.717963,
            "ranr": 340.766581,
            "decnr": 23.8570017,
            "fid": 1,
            "forcediffimflux": 369.6529235839844,
            "forcediffimfluxunc": 25.96320152282715,
            "magzpsci": 26.37540054321289
        },
        {
            "objectid": "ZTF24abnyruv",
            "jd": 2460609.6654977,
            "ranr": 340.7665647,
            "decnr": 23.8570278,
            "fid": 2,
            "forcediffimflux": 720.9459228515625,
            "forcediffimfluxunc": 28.60059356689453,
            "magzpsci": 26.25
        },
        {
            "objectid": "ZTF24abnyruv",
            "jd": 2460609.7377199,
            "ranr": 340.766581,
            "decnr": 23.8570017,
            "fid": 1,
            "forcediffimflux": 721.2533569335938,
            "forcediffimfluxunc": 26.143892288208008,
            "magzpsci": 26.345300674438477
        },
        {
            "objectid": "ZTF24abnyruv",
            "jd": 2460614.7056481,
            "ranr": 340.7665647,
            "decnr": 23.8570278,
            "fid": 2,
            "forcediffimflux": 1917.1968994140625,
            "forcediffimfluxunc": 32.71977233886719,
            "magzpsci": 26.25200080871582
        },
        {
            "objectid": "ZTF24abnyruv",
            "jd": 2460614.8674653,
            "ranr": 340.766581,
            "decnr": 23.8570017,
            "fid": 1,
            "forcediffimflux": 1473.301025390625,
            "forcediffimfluxunc": 47.03728485107422,
            "magzpsci": 26.10759925842285
        },
        {
            "objectid": "ZTF24abnyruv",
            "jd": 2460616.8376389,
            "ranr": 340.7665647,
            "decnr": 23.8570278,
            "fid": 2,
            "forcediffimflux": 2122.840087890625,
            "forcediffimfluxunc": 43.2535400390625,
            "magzpsci": 26.183300018310547
        },
        {
            "objectid": "ZTF24abnyruv",
            "jd": 2460619.6458681,
            "ranr": 340.7665647,
            "decnr": 23.8570278,
            "fid": 2,
            "forcediffimflux": 2834.9814453125,
            "forcediffimfluxunc": 38.4088020324707,
            "magzpsci": 26.256399154663086
        },
        {
            "objectid": "ZTF24abnyruv",
            "jd": 2460621.6189352,
            "ranr": 340.7665647,
            "decnr": 23.8570278,
            "fid": 2,
            "forcediffimflux": 2601.238525390625,
            "forcediffimfluxunc": 55.32797622680664,
            "magzpsci": 26.259599685668945
        },
        {
            "objectid": "ZTF24abnyruv",
            "jd": 2460623.6451389,
            "ranr": 340.7665647,
            "decnr": 23.8570278,
            "fid": 2,
            "forcediffimflux": 3118.12939453125,
            "forcediffimfluxunc": 43.90141296386719,
            "magzpsci": 26.252399444580078
        },
        {
            "objectid": "ZTF24abnyruv",
            "jd": 2460625.6315741,
            "ranr": 340.7665647,
            "decnr": 23.8570278,
            "fid": 2,
            "forcediffimflux": 2977.54248046875,
            "forcediffimfluxunc": 49.43990707397461,
            "magzpsci": 26.253299713134766
        },
        {
            "objectid": "ZTF24abnyruv",
            "jd": 2460625.6931366,
            "ranr": 340.766581,
            "decnr": 23.8570017,
            "fid": 1,
            "forcediffimflux": 2861.960205078125,
            "forcediffimfluxunc": 54.77796936035156,
            "magzpsci": 26.338300704956055
        },
        {
            "objectid": "ZTF24abnyruv",
            "jd": 2460627.6778819,
            "ranr": 340.766581,
            "decnr": 23.8570017,
            "fid": 1,
            "forcediffimflux": 2289.947998046875,
            "forcediffimfluxunc": 88.97134399414062,
            "magzpsci": 26.34440040588379
        },
        {
            "objectid": "ZTF24abnyruv",
            "jd": 2460627.8135764,
            "ranr": 340.7665647,
            "decnr": 23.8570278,
            "fid": 2,
            "forcediffimflux": 2498.310546875,
            "forcediffimfluxunc": 76.27587890625,
            "magzpsci": 26.18950080871582
        },
        {
            "objectid": "ZTF24abnyruv",
            "jd": 2460629.6539815,
            "ranr": 340.7665647,
            "decnr": 23.8570278,
            "fid": 2,
            "forcediffimflux": 2859.422119140625,
            "forcediffimfluxunc": 54.741180419921875,
            "magzpsci": 26.24449920654297
        },
        {
            "objectid": "ZTF24abnyruv",
            "jd": 2460629.6942477,
            "ranr": 340.766581,
            "decnr": 23.8570017,
            "fid": 1,
            "forcediffimflux": 2518.03857421875,
            "forcediffimfluxunc": 78.29918670654297,
            "magzpsci": 26.325700759887695
        },
        {
            "objectid": "ZTF24abnyruv",
            "jd": 2460634.6817593,
            "ranr": 340.766581,
            "decnr": 23.8570017,
            "fid": 1,
            "forcediffimflux": 1370.699951171875,
            "forcediffimfluxunc": 35.32040786743164,
            "magzpsci": 26.13640022277832
        },
        {
            "objectid": "ZTF24abnyruv",
            "jd": 2460636.6971759,
            "ranr": 340.7665647,
            "decnr": 23.8570278,
            "fid": 2,
            "forcediffimflux": 1787.3470458984375,
            "forcediffimfluxunc": 36.798030853271484,
            "magzpsci": 26.23590087890625
        },
        {
            "objectid": "ZTF24abnyruv",
            "jd": 2460639.6453704,
            "ranr": 340.766581,
            "decnr": 23.8570017,
            "fid": 1,
            "forcediffimflux": 603.4281616210938,
            "forcediffimfluxunc": 38.290245056152344,
            "magzpsci": 25.732999801635742
        },
        {
            "objectid": "ZTF24abnyruv",
            "jd": 2460639.6546065,
            "ranr": 340.7665647,
            "decnr": 23.8570278,
            "fid": 2,
            "forcediffimflux": 1176.371826171875,
            "forcediffimfluxunc": 45.17595672607422,
            "magzpsci": 25.952899932861328
        },
        {
            "objectid": "ZTF24abnyruv",
            "jd": 2460643.6577083,
            "ranr": 340.766581,
            "decnr": 23.8570017,
            "fid": 1,
            "forcediffimflux": -99999.0,
            "forcediffimfluxunc": -99999.0,
            "magzpsci": 26.141799926757812
        },
        {
            "objectid": "ZTF24abnyruv",
            "jd": 2460643.6838194,
            "ranr": 340.7665647,
            "decnr": 23.8570278,
            "fid": 2,
            "forcediffimflux": 1336.5042724609375,
            "forcediffimfluxunc": 40.49148941040039,
            "magzpsci": 26.14739990234375
        },
        {
            "objectid": "ZTF24abnyruv",
            "jd": 2460649.6762269,
            "ranr": 340.766581,
            "decnr": 23.8570017,
            "fid": 1,
            "forcediffimflux": 468.7601318359375,
            "forcediffimfluxunc": 26.51396942138672,
            "magzpsci": 26.308900833129883
        },
        {
            "objectid": "ZTF24abnyruv",
            "jd": 2460649.7365162,
            "ranr": 340.7665647,
            "decnr": 23.8570278,
            "fid": 2,
            "forcediffimflux": 1219.2012939453125,
            "forcediffimfluxunc": 39.662071228027344,
            "magzpsci": 26.185300827026367
        },
        {
            "objectid": "ZTF24abnyruv",
            "jd": 2460651.6333449,
            "ranr": 340.7665647,
            "decnr": 23.8570278,
            "fid": 2,
            "forcediffimflux": 1192.1519775390625,
            "forcediffimfluxunc": 36.15809631347656,
            "magzpsci": 26.236099243164062
        },
        {
            "objectid": "ZTF24abnyruv",
            "jd": 2460651.7159491,
            "ranr": 340.766581,
            "decnr": 23.8570017,
            "fid": 1,
            "forcediffimflux": 361.6383056640625,
            "forcediffimfluxunc": 48.6417236328125,
            "magzpsci": 26.259199142456055
        },
        {
            "objectid": "ZTF24abnyruv",
            "jd": 2460653.6230208,
            "ranr": 340.7665647,
            "decnr": 23.8570278,
            "fid": 2,
            "forcediffimflux": 1185.3702392578125,
            "forcediffimfluxunc": 35.746517181396484,
            "magzpsci": 26.257600784301758
        },
        {
            "objectid": "ZTF24abnyruv",
            "jd": 2460653.6526389,
            "ranr": 340.766581,
            "decnr": 23.8570017,
            "fid": 1,
            "forcediffimflux": 431.3060302734375,
            "forcediffimfluxunc": 42.518531799316406,
            "magzpsci": 26.330299377441406
        },
        {
            "objectid": "ZTF24abnyruv",
            "jd": 2460655.6211458,
            "ranr": 340.766581,
            "decnr": 23.8570017,
            "fid": 1,
            "forcediffimflux": 162.14144897460938,
            "forcediffimfluxunc": 66.5223388671875,
            "magzpsci": 25.885400772094727
        },
        {
            "objectid": "ZTF24abnyruv",
            "jd": 2460658.7038194,
            "ranr": 340.766581,
            "decnr": 23.8570017,
            "fid": 1,
            "forcediffimflux": 296.3734436035156,
            "forcediffimfluxunc": 75.08204650878906,
            "magzpsci": 26.271299362182617
        },
        {
            "objectid": "ZTF24abnyruv",
            "jd": 2460660.5982407,
            "ranr": 340.766581,
            "decnr": 23.8570017,
            "fid": 1,
            "forcediffimflux": 72.31034088134766,
            "forcediffimfluxunc": 61.398624420166016,
            "magzpsci": 25.904199600219727
        },
        {
            "objectid": "ZTF24abnyruv",
            "jd": 2460660.6417014,
            "ranr": 340.7665647,
            "decnr": 23.8570278,
            "fid": 2,
            "forcediffimflux": 632.359619140625,
            "forcediffimfluxunc": 54.5708122253418,
            "magzpsci": 26.234399795532227
        },
        {
            "objectid": "ZTF24abnyruv",
            "jd": 2460663.6276273,
            "ranr": 340.7665647,
            "decnr": 23.8570278,
            "fid": 2,
            "forcediffimflux": 573.6014404296875,
            "forcediffimfluxunc": 36.86780548095703,
            "magzpsci": 26.246299743652344
        },
        {
            "objectid": "ZTF24abnyruv",
            "jd": 2460663.7227778,
            "ranr": 340.766581,
            "decnr": 23.8570017,
            "fid": 1,
            "forcediffimflux": 227.1061553955078,
            "forcediffimfluxunc": 88.05812072753906,
            "magzpsci": 26.165599822998047
        },
        {
            "objectid": "ZTF24abnyruv",
            "jd": 2460665.6433333,
            "ranr": 340.7665647,
            "decnr": 23.8570278,
            "fid": 2,
            "forcediffimflux": 580.0057983398438,
            "forcediffimfluxunc": 32.578636169433594,
            "magzpsci": 26.15290069580078
        },
        {
            "objectid": "ZTF24abnyruv",
            "jd": 2460667.6603935,
            "ranr": 340.7665647,
            "decnr": 23.8570278,
            "fid": 2,
            "forcediffimflux": 454.4947204589844,
            "forcediffimfluxunc": 37.523406982421875,
            "magzpsci": 26.227399826049805
        },
        {
            "objectid": "ZTF24abnyruv",
            "jd": 2460673.5969213,
            "ranr": 340.766581,
            "decnr": 23.8570017,
            "fid": 1,
            "forcediffimflux": 195.95916748046875,
            "forcediffimfluxunc": 36.934940338134766,
            "magzpsci": 26.083099365234375
        },
        {
            "objectid": "ZTF24abnyruv",
            "jd": 2460673.6161921,
            "ranr": 340.7665647,
            "decnr": 23.8570278,
            "fid": 2,
            "forcediffimflux": 404.13482666015625,
            "forcediffimfluxunc": 39.96443557739258,
            "magzpsci": 26.13949966430664
        },
        {
            "objectid": "ZTF24abnyruv",
            "jd": 2460675.6026157,
            "ranr": 340.766581,
            "decnr": 23.8570017,
            "fid": 1,
            "forcediffimflux": 129.9501190185547,
            "forcediffimfluxunc": 28.223875045776367,
            "magzpsci": 26.32670021057129
        },
        {
            "objectid": "ZTF24abnyruv",
            "jd": 2460675.6744444,
            "ranr": 340.7665647,
            "decnr": 23.8570278,
            "fid": 2,
            "forcediffimflux": 392.4121398925781,
            "forcediffimfluxunc": 42.31517028808594,
            "magzpsci": 26.1648006439209
        },
        {
            "objectid": "ZTF24abnyruv",
            "jd": 2460677.6363194,
            "ranr": 340.7665647,
            "decnr": 23.8570278,
            "fid": 2,
            "forcediffimflux": 390.7500305175781,
            "forcediffimfluxunc": 27.997974395751953,
            "magzpsci": 26.223600387573242
        }
    ]
}