{
    "objectId": "ZTF23aaedrcn",
    "candidates": [
        {
            "candid": 2282205250015015003,
            "jd": 2460036.7052546,
            "ra": 131.5104323,
            "dec": 52.533169,
            "fid": 2,
            "nid": 2282,
            "magpsf": 18.623699188232422,
            "sigmapsf": 0.08047500252723694,
            "magnr": 16.243999481201172,
            "sigmagnr": 0.07000000029802322,
            "magzpsci": 26.158700942993164,
            "isdiffpos": "t",
            "ssdistnr": null,
            "ssnamenr": null,
            "drb": 0.9999269843101501
        },
        {
            "candid": 2282305051315015001,
            "jd": 2460036.8050579,
            "ra": 131.5104096,
            "dec": 52.53315,
            "fid": 1,
            "nid": 2282,
            "magpsf": 18.576200485229492,
            "sigmapsf": 0.1059890016913414,
            "magnr": 18.264999389648438,
            "sigmagnr": 0.11100000143051147,
            "magzpsci": 26.24519920349121,
            "isdiffpos": "t",
            "ssdistnr": null,
            "ssnamenr": null,
            "drb": null
        },
        {
            "candid": 2282305530015015003,
            "jd": 2460036.8055324,
            "ra": 131.5104852,
            "dec": 52.533193,
            "fid": 1,
            "nid": 2282,
            "magpsf": 18.72949981689453,
            "sigmapsf": 0.11585500091314316,
            "magnr": 16.97800064086914,
            "sigmagnr": 0.061000000685453415,
            "magzpsci": 26.223499298095703,
            "isdiffpos": "t",
            "ssdistnr": null,
            "ssnamenr": null,
            "drb": null
        },
        {
            "candid": 2289178480015015004,
            "jd": 2460043.6784838,
            "ra": 131.5103896,
            "dec": 52.5331621,
            "fid": 2,
            "nid": 2289,
            "magpsf": 18.00979995727539,
            "sigmapsf": 0.06756599992513657,
            "magnr": 16.243999481201172,
            "sigmagnr": 0.07000000029802322,
            "magzpsci": 25.905799865722656,
            "isdiffpos": "t",
            "ssdistnr": null,
            "ssnamenr": null,
            "drb": null
        },
        {
            "candid": 2289306421315015005,
            "jd": 2460043.8064236,
            "ra": 131.510413,
            "dec": 52.5331759,
            "fid": 1,
            "nid": 2289,
            "magpsf": 18.16670036315918,
            "sigmapsf": 0.08525600284337997,
            "magnr": 18.264999389648438,
            "sigmagnr": 0.11100000143051147,
            "magzpsci": 25.94070053100586,
            "isdiffpos": "t",
            "ssdistnr": null,
            "ssnamenr": null,
            "drb": null
        },
        {
            "candid": 2289306890015015000,
            "jd": 2460043.8068981,
            "ra": 131.5103913,
            "dec": 52.5331437,
            "fid": 1,
            "nid": 2289,
            "magpsf": 18.092300415039062,
            "sigmapsf": 0.08161599934101105,
            "magnr": 16.97800064086914,
            "sigmagnr": 0.061000000685453415,
            "magzpsci": 25.92930030822754,
            "isdiffpos": "t",
            "ssdistnr": null,
            "ssnamenr": null,
            "drb": null
        },
        {
            "candid": 2291185010015015002,
            "jd": 2460045.6850116,
            "ra": 131.5104165,
            "dec": 52.5331554,
            "fid": 1,
            "nid": 2291,
            "magpsf": 18.185100555419922,
            "sigmapsf": 0.06624899804592133,
            "magnr": 16.97800064086914,
            "sigmagnr": 0.061000000685453415,
            "magzpsci": 26.28809928894043,
            "isdiffpos": "t",
            "ssdistnr": null,
            "ssnamenr": null,
            "drb": null
        },
        {
            "candid": 2291186901315015012,
            "jd": 2460045.6869097,
            "ra": 131.5104198,
            "dec": 52.5331413,
            "fid": 1,
            "nid": 2291,
            "magpsf": 18.08489990234375,
            "sigmapsf": 0.05985099822282791,
            "magnr": 18.264999389648438,
            "sigmagnr": 0.11100000143051147,
            "magzpsci": 26.26490020751953,
            "isdiffpos": "t",
            "ssdistnr": null,
            "ssnamenr": null,
            "drb": null
        },
        {
            "candid": 2291247260015015002,
            "jd": 2460045.7472685,
            "ra": 131.5103801,
            "dec": 52.5331613,
            "fid": 2,
            "nid": 2291,
            "magpsf": 18.0487003326416,
            "sigmapsf": 0.040196001529693604,
            "magnr": 16.243999481201172,
            "sigmagnr": 0.07000000029802322,
            "magzpsci": 26.1427001953125,
            "isdiffpos": "t",
            "ssdistnr": null,
            "ssnamenr": null,
            "drb": null
        },
        {
            "candid": 2295197501315015004,
            "jd": 2460049.6975,
            "ra": 131.5104361,
            "dec": 52.533164,
            "fid": 2,
            "nid": 2295,
            "magpsf": 18.12820053100586,
            "sigmapsf": 0.08813899755477905,
            "magnr": 16.259000778198242,
            "sigmagnr": 0.07599999755620956,
            "magzpsci": 26.127199172973633,
            "isdiffpos": "t",
            "ssdistnr": null,
            "ssnamenr": null,
            "drb": null
        },
        {
            "candid": 2296167080015015004,
            "jd": 2460050.6670833,
            "ra": 131.5104036,
            "dec": 52.5331662,
            "fid": 1,
            "nid": 2296,
            "magpsf": 18.305500030517578,
            "sigmapsf": 0.061030998826026917,
            "magnr": 16.97800064086914,
            "sigmagnr": 0.061000000685453415,
            "magzpsci": 26.210500717163086,
            "isdiffpos": "t",
            "ssdistnr": null,
            "ssnamenr": null,
            "drb": null
        },
        {
            "candid": 2296202300015015005,
            "jd": 2460050.7023032,
            "ra": 131.5104148,
            "dec": 52.5331496,
            "fid": 2,
            "nid": 2296,
            "magpsf": 18.117700576782227,
            "sigmapsf": 0.0545630007982254,
            "magnr": 16.243999481201172,
            "sigmagnr": 0.07000000029802322,
            "magzpsci": 26.11370086669922,
            "isdiffpos": "t",
            "ssdistnr": null,
            "ssnamenr": null,
            "drb": null
        },
        {
            "candid": 2297198691315015005,
            "jd": 2460051.6986921,
            "ra": 131.5104024,
            "dec": 52.533155,
            "fid": 1,
            "nid": 2297,
            "magpsf": 18.307899475097656,
            "sigmapsf": 0.06340599805116653,
            "magnr": 18.264999389648438,
            "sigmagnr": 0.11100000143051147,
            "magzpsci": 26.314899444580078,
            "isdiffpos": "t",
            "ssdistnr": null,
            "ssnamenr": null,
            "drb": null
        },
        {
            "candid": 2297256001315015005,
            "jd": 2460051.7560069,
            "ra": 131.5104242,
            "dec": 52.5331587,
            "fid": 2,
            "nid": 2297,
            "magpsf": 18.06100082397461,
            "sigmapsf": 0.05510900169610977,
            "magnr": 16.259000778198242,
            "sigmagnr": 0.07599999755620956,
            "magzpsci": 26.138999938964844,
            "isdiffpos": "t",
            "ssdistnr": null,
            "ssnamenr": null,
            "drb": null
        },
        {
            "candid": 2298167260015015008,
            "jd": 2460052.6672685,
            "ra": 131.5104072,
            "dec": 52.533185,
            "fid": 2,
            "nid": 2298,
            "magpsf": 18.123699188232422,
            "sigmapsf": 0.04543299973011017,
            "magnr": 16.243999481201172,
            "sigmagnr": 0.07000000029802322,
            "magzpsci": 26.12470054626465,
            "isdiffpos": "t",
            "ssdistnr": null,
            "ssnamenr": null,
            "drb": null
        },
        {
            "candid": 2298222740015015006,
            "jd": 2460052.7227431,
            "ra": 131.5103937,
            "dec": 52.5331512,
            "fid": 1,
            "nid": 2298,
            "magpsf": 18.390899658203125,
            "sigmapsf": 0.049695998430252075,
            "magnr": 16.97800064086914,
            "sigmagnr": 0.061000000685453415,
            "magzpsci": 26.21190071105957,
            "isdiffpos": "t",
            "ssdistnr": null,
            "ssnamenr": null,
            "drb": null
        },
        {
            "candid": 2299201481315015005,
            "jd": 2460053.7014815,
            "ra": 131.510445,
            "dec": 52.5332131,
            "fid": 2,
            "nid": 2299,
            "magpsf": 18.335399627685547,
            "sigmapsf": 0.10088799893856049,
            "magnr": 16.259000778198242,
            "sigmagnr": 0.07599999755620956,
            "magzpsci": 26.10740089416504,
            "isdiffpos": "t",
            "ssdistnr": null,
            "ssnamenr": null,
            "drb": null
        },
        {
            "candid": 2300178350015015004,
            "jd": 2460054.6783565,
            "ra": 131.5103945,
            "dec": 52.5331575,
            "fid": 1,
            "nid": 2300,
            "magpsf": 18.615100860595703,
            "sigmapsf": 0.07852199673652649,
            "magnr": 16.97800064086914,
            "sigmagnr": 0.061000000685453415,
            "magzpsci": 26.221099853515625,
            "isdiffpos": "t",
            "ssdistnr": null,
            "ssnamenr": null,
            "drb": null
        },
        {
            "candid": 2301278621315015004,
            "jd": 2460055.7786227,
            "ra": 131.5104152,
            "dec": 52.5331623,
            "fid": 1,
            "nid": 2301,
            "magpsf": 18.62019920349121,
            "sigmapsf": 0.0804079994559288,
            "magnr": 18.264999389648438,
            "sigmagnr": 0.11100000143051147,
            "magzpsci": 26.23419952392578,
            "isdiffpos": "t",
            "ssdistnr": null,
            "ssnamenr": null,
            "drb": null
        },
        {
            "candid": 2302165680015015003,
            "jd": 2460056.6656829,
            "ra": 131.5103663,
            "dec": 52.5331661,
            "fid": 2,
            "nid": 2302,
            "magpsf": 18.387500762939453,
            "sigmapsf": 0.0702119991183281,
            "magnr": 16.243999481201172,
            "sigmagnr": 0.07000000029802322,
            "magzpsci": 26.142499923706055,
            "isdiffpos": "t",
            "ssdistnr": null,
            "ssnamenr": null,
            "drb": null
        },
        {
            "candid": 2302200240015015004,
            "jd": 2460056.7002431,
            "ra": 131.510387,
            "dec": 52.533177,
            "fid": 1,
            "nid": 2302,
            "magpsf": 18.73150062561035,
            "sigmapsf": 0.06360200047492981,
            "magnr": 16.97800064086914,
            "sigmagnr": 0.061000000685453415,
            "magzpsci": 26.256500244140625,
            "isdiffpos": "t",
            "ssdistnr": null,
            "ssnamenr": null,
            "drb": null
        },
        {
            "candid": 2303163461315015002,
            "jd": 2460057.6634606,
            "ra": 131.5103937,
            "dec": 52.5331499,
            "fid": 2,
            "nid": 2303,
            "magpsf": 18.478599548339844,
            "sigmapsf": 0.06967499852180481,
            "magnr": 16.259000778198242,
            "sigmagnr": 0.07599999755620956,
            "magzpsci": 26.204599380493164,
            "isdiffpos": "t",
            "ssdistnr": null,
            "ssnamenr": null,
            "drb": null
        },
        {
            "candid": 2303212361315015007,
            "jd": 2460057.7123611,
            "ra": 131.5104285,
            "dec": 52.5331558,
            "fid": 1,
            "nid": 2303,
            "magpsf": 18.804899215698242,
            "sigmapsf": 0.10866300016641617,
            "magnr": 18.264999389648438,
            "sigmagnr": 0.11100000143051147,
            "magzpsci": 26.24090003967285,
            "isdiffpos": "t",
            "ssdistnr": null,
            "ssnamenr": null,
            "drb": null
        },
        {
            "candid": 2304184560015015002,
            "jd": 2460058.6845602,
            "ra": 131.5103916,
            "dec": 52.5331419,
            "fid": 1,
            "nid": 2304,
            "magpsf": 19.0177001953125,
            "sigmapsf": 0.1320669949054718,
            "magnr": 16.97800064086914,
            "sigmagnr": 0.061000000685453415,
            "magzpsci": 26.168699264526367,
            "isdiffpos": "t",
            "ssdistnr": null,
            "ssnamenr": null,
            "drb": null
        },
        {
            "candid": 2304196440015015005,
            "jd": 2460058.6964468,
            "ra": 131.5103494,
            "dec": 52.5331561,
            "fid": 2,
            "nid": 2304,
            "magpsf": 18.51409912109375,
            "sigmapsf": 0.07892999798059464,
            "magnr": 16.243999481201172,
            "sigmagnr": 0.07000000029802322,
            "magzpsci": 26.050100326538086,
            "isdiffpos": "t",
            "ssdistnr": null,
            "ssnamenr": null,
            "drb": null
        },
        {
            "candid": 2305173871315015008,
            "jd": 2460059.6738773,
            "ra": 131.5103947,
            "dec": 52.5331341,
            "fid": 1,
            "nid": 2305,
            "magpsf": 18.922700881958008,
            "sigmapsf": 0.09878399968147278,
            "magnr": 18.264999389648438,
            "sigmagnr": 0.11100000143051147,
            "magzpsci": 26.247699737548828,
            "isdiffpos": "t",
            "ssdistnr": null,
            "ssnamenr": null,
            "drb": null
        },
        {
            "candid": 2307172011315015004,
            "jd": 2460061.6720139,
            "ra": 131.5104775,
            "dec": 52.5331616,
            "fid": 1,
            "nid": 2307,
            "magpsf": 19.30030059814453,
            "sigmapsf": 0.13359899818897247,
            "magnr": 18.264999389648438,
            "sigmagnr": 0.11100000143051147,
            "magzpsci": 26.22130012512207,
            "isdiffpos": "t",
            "ssdistnr": null,
            "ssnamenr": null,
            "drb": null
        },
        {
            "candid": 2309240041315015008,
            "jd": 2460063.7400463,
            "ra": 131.5103903,
            "dec": 52.5331738,
            "fid": 2,
            "nid": 2309,
            "magpsf": 18.5753173828125,
            "sigmapsf": 0.08807089924812317,
            "magnr": 16.259000778198242,
            "sigmagnr": 0.07599999755620956,
            "magzpsci": 26.150318145751953,
            "isdiffpos": "t",
            "ssdistnr": -999.0,
            "ssnamenr": "null",
            "drb": null
        },
        {
            "jd": 2460013.8183449,
            "fid": 1,
            "diffmaglim": 18.18720054626465
        },
        {
            "jd": 2460016.7151968,
            "fid": 2,
            "diffmaglim": 20.409099578857422
        },
        {
            "jd": 2460017.6999769,
            "fid": 1,
            "diffmaglim": 20.534500122070312
        },
        {
            "jd": 2460020.7122685,
            "fid": 1,
            "diffmaglim": 20.757400512695312
        },
        {
            "jd": 2460020.7857755,
            "fid": 2,
            "diffmaglim": 20.340599060058594
        },
        {
            "jd": 2460021.674537,
            "fid": 2,
            "diffmaglim": 20.50979995727539
        },
        {
            "jd": 2460021.7022222,
            "fid": 1,
            "diffmaglim": 20.485700607299805
        },
        {
            "jd": 2460031.6621181,
            "fid": 2,
            "diffmaglim": 20.44059944152832
        },
        {
            "jd": 2460031.6877662,
            "fid": 1,
            "diffmaglim": 20.334199905395508
        },
        {
            "jd": 2460031.7012731,
            "fid": 1,
            "diffmaglim": 20.279600143432617
        },
        {
            "jd": 2460031.8064468,
            "fid": 2,
            "diffmaglim": 19.458999633789062
        },
        {
            "jd": 2460036.742338,
            "fid": 2,
            "diffmaglim": 19.506900787353516
        },
        {
            "jd": 2460053.7680093,
            "fid": 1,
            "diffmaglim": 18.918699264526367
        },
        {
            "jd": 2460055.7147338,
            "fid": 2,
            "diffmaglim": 20.175800323486328
        },
        {
            "jd": 2460059.7139699,
            "fid": 2,
            "diffmaglim": 20.01689910888672
        },
        {
            "jd": 2460060.6749653,
            "fid": 2,
            "diffmaglim": 19.88680076599121
        },
        {
            "jd": 2460061.693912,
            "fid": 2,
            "diffmaglim": 20.062599182128906
        },
        {
            "jd": 2460063.6747569,
            "fid": 1,
            "diffmaglim": 20.050800323486328
        }
    ],
    "forcedphot": []
}