{
    "objectId": "ZTF23abvoqio",
    "candidates": [
        {
            "candid": 2553156565915015002,
            "jd": 2460307.6565625,
            "ra": 43.3213922,
            "dec": -14.5784086,
            "fid": 1,
            "nid": 2553,
            "magpsf": 19.142099380493164,
            "sigmapsf": 0.1359110027551651,
            "magnr": 18.95199966430664,
            "sigmagnr": 0.07599999755620956,
            "magzpsci": 26.335100173950195,
            "isdiffpos": "t",
            "ssdistnr": null,
            "ssnamenr": null,
            "drb": 0.9881189465522766
        },
        {
            "candid": 2553170985915015003,
            "jd": 2460307.6709838,
            "ra": 43.3213743,
            "dec": -14.5784271,
            "fid": 2,
            "nid": 2553,
            "magpsf": 18.945199966430664,
            "sigmapsf": 0.11845000088214874,
            "magnr": 18.398000717163086,
            "sigmagnr": 0.054999999701976776,
            "magzpsci": 26.23419952392578,
            "isdiffpos": "t",
            "ssdistnr": null,
            "ssnamenr": null,
            "drb": null
        },
        {
            "candid": 2560139845915015006,
            "jd": 2460314.6398495,
            "ra": 43.3213493,
            "dec": -14.5783714,
            "fid": 2,
            "nid": 2560,
            "magpsf": 18.74020004272461,
            "sigmapsf": 0.08870700001716614,
            "magnr": 18.398000717163086,
            "sigmagnr": 0.054999999701976776,
            "magzpsci": 26.23419952392578,
            "isdiffpos": "t",
            "ssdistnr": null,
            "ssnamenr": null,
            "drb": null
        },
        {
            "candid": 2560214065915015007,
            "jd": 2460314.7140625,
            "ra": 43.3214294,
            "dec": -14.5784174,
            "fid": 1,
            "nid": 2560,
            "magpsf": 18.720399856567383,
            "sigmapsf": 0.11097200214862823,
            "magnr": 18.95199966430664,
            "sigmagnr": 0.07599999755620956,
            "magzpsci": 26.288400650024414,
            "isdiffpos": "t",
            "ssdistnr": null,
            "ssnamenr": null,
            "drb": null
        },
        {
            "candid": 2567180765915015008,
            "jd": 2460321.6807639,
            "ra": 43.3213782,
            "dec": -14.5784253,
            "fid": 2,
            "nid": 2567,
            "magpsf": 18.89150047302246,
            "sigmapsf": 0.11704999953508377,
            "magnr": 18.398000717163086,
            "sigmagnr": 0.054999999701976776,
            "magzpsci": 26.12849998474121,
            "isdiffpos": "t",
            "ssdistnr": null,
            "ssnamenr": null,
            "drb": null
        },
        {
            "candid": 2569211435915015004,
            "jd": 2460323.7114352,
            "ra": 43.3213742,
            "dec": -14.578386,
            "fid": 1,
            "nid": 2569,
            "magpsf": 18.961700439453125,
            "sigmapsf": 0.23089699447155,
            "magnr": 18.95199966430664,
            "sigmagnr": 0.07599999755620956,
            "magzpsci": 25.82270050048828,
            "isdiffpos": "t",
            "ssdistnr": null,
            "ssnamenr": null,
            "drb": null
        },
        {
            "candid": 2571188005915015008,
            "jd": 2460325.6880093,
            "ra": 43.3213798,
            "dec": -14.5784247,
            "fid": 2,
            "nid": 2571,
            "magpsf": 19.022899627685547,
            "sigmapsf": 0.09634499996900558,
            "magnr": 18.398000717163086,
            "sigmagnr": 0.054999999701976776,
            "magzpsci": 26.21190071105957,
            "isdiffpos": "t",
            "ssdistnr": null,
            "ssnamenr": null,
            "drb": null
        },
        {
            "candid": 2571196435915015007,
            "jd": 2460325.6964352,
            "ra": 43.3214035,
            "dec": -14.5784512,
            "fid": 1,
            "nid": 2571,
            "magpsf": 19.2185001373291,
            "sigmapsf": 0.15578599274158478,
            "magnr": 18.95199966430664,
            "sigmagnr": 0.07599999755620956,
            "magzpsci": 26.258499145507812,
            "isdiffpos": "t",
            "ssdistnr": null,
            "ssnamenr": null,
            "drb": null
        },
        {
            "candid": 2573167785915015002,
            "jd": 2460327.6677894,
            "ra": 43.3213257,
            "dec": -14.5784549,
            "fid": 2,
            "nid": 2573,
            "magpsf": 19.059999465942383,
            "sigmapsf": 0.1342719942331314,
            "magnr": 18.398000717163086,
            "sigmagnr": 0.054999999701976776,
            "magzpsci": 26.229000091552734,
            "isdiffpos": "t",
            "ssdistnr": null,
            "ssnamenr": null,
            "drb": null
        },
        {
            "candid": 2573216855915015003,
            "jd": 2460327.7168519,
            "ra": 43.321344,
            "dec": -14.5783889,
            "fid": 1,
            "nid": 2573,
            "magpsf": 19.298856735229492,
            "sigmapsf": 0.1748937964439392,
            "magnr": 18.95199966430664,
            "sigmagnr": 0.07599999755620956,
            "magzpsci": 26.237855911254883,
            "isdiffpos": "t",
            "ssdistnr": -999.0,
            "ssnamenr": "null",
            "drb": null
        },
        {
            "jd": 2460284.6801968,
            "fid": 2,
            "diffmaglim": 20.245100021362305
        },
        {
            "jd": 2460284.7314352,
            "fid": 1,
            "diffmaglim": 20.175899505615234
        },
        {
            "jd": 2460288.7323495,
            "fid": 2,
            "diffmaglim": 19.324199676513672
        },
        {
            "jd": 2460288.8284375,
            "fid": 1,
            "diffmaglim": 19.808900833129883
        },
        {
            "jd": 2460290.6718287,
            "fid": 2,
            "diffmaglim": 18.789499282836914
        },
        {
            "jd": 2460290.7470833,
            "fid": 1,
            "diffmaglim": 20.384300231933594
        },
        {
            "jd": 2460295.669294,
            "fid": 1,
            "diffmaglim": 19.644500732421875
        },
        {
            "jd": 2460295.7838542,
            "fid": 2,
            "diffmaglim": 19.754600524902344
        },
        {
            "jd": 2460305.6468866,
            "fid": 2,
            "diffmaglim": 16.595199584960938
        },
        {
            "jd": 2460305.6943171,
            "fid": 1,
            "diffmaglim": 18.432100296020508
        }
    ],
    "forcedphot": [
        {
            "objectid": "ZTF23abvoqio",
            "jd": 2460284.6801968,
            "ranr": 43.3206976,
            "decnr": -14.5788443,
            "fid": 2,
            "forcediffimflux": 14.271896362304688,
            "forcediffimfluxunc": 30.284059524536133,
            "magzpsci": 26.235599517822266
        },
        {
            "objectid": "ZTF23abvoqio",
            "jd": 2460284.7314352,
            "ranr": 43.320362,
            "decnr": -14.5782375,
            "fid": 1,
            "forcediffimflux": 44.958091735839844,
            "forcediffimfluxunc": 35.7850227355957,
            "magzpsci": 26.319499969482422
        },
        {
            "objectid": "ZTF23abvoqio",
            "jd": 2460288.7323495,
            "ranr": 43.3206976,
            "decnr": -14.5788443,
            "fid": 2,
            "forcediffimflux": 89.2418441772461,
            "forcediffimfluxunc": 67.34674072265625,
            "magzpsci": 26.233800888061523
        },
        {
            "objectid": "ZTF23abvoqio",
            "jd": 2460288.8284375,
            "ranr": 43.320362,
            "decnr": -14.5782375,
            "fid": 1,
            "forcediffimflux": 43.3397102355957,
            "forcediffimfluxunc": 46.209625244140625,
            "magzpsci": 26.252599716186523
        },
        {
            "objectid": "ZTF23abvoqio",
            "jd": 2460290.7470833,
            "ranr": 43.320362,
            "decnr": -14.5782375,
            "fid": 1,
            "forcediffimflux": -1.8014271259307861,
            "forcediffimfluxunc": 32.878787994384766,
            "magzpsci": 26.31719970703125
        },
        {
            "objectid": "ZTF23abvoqio",
            "jd": 2460295.669294,
            "ranr": 43.320362,
            "decnr": -14.5782375,
            "fid": 1,
            "forcediffimflux": 69.08024597167969,
            "forcediffimfluxunc": 55.005714416503906,
            "magzpsci": 26.03890037536621
        },
        {
            "objectid": "ZTF23abvoqio",
            "jd": 2460295.7838542,
            "ranr": 43.3206976,
            "decnr": -14.5788443,
            "fid": 2,
            "forcediffimflux": 43.01893615722656,
            "forcediffimfluxunc": 49.19890213012695,
            "magzpsci": 26.15489959716797
        },
        {
            "objectid": "ZTF23abvoqio",
            "jd": 2460305.6943171,
            "ranr": 43.320362,
            "decnr": -14.5782375,
            "fid": 1,
            "forcediffimflux": 444.3951110839844,
            "forcediffimfluxunc": 123.21819305419922,
            "magzpsci": 25.812599182128906
        },
        {
            "objectid": "ZTF23abvoqio",
            "jd": 2460307.6565625,
            "ranr": 43.320362,
            "decnr": -14.5782375,
            "fid": 1,
            "forcediffimflux": 762.4133911132812,
            "forcediffimfluxunc": 55.50921630859375,
            "magzpsci": 26.335100173950195
        },
        {
            "objectid": "ZTF23abvoqio",
            "jd": 2460307.6709838,
            "ranr": 43.3206976,
            "decnr": -14.5788443,
            "fid": 2,
            "forcediffimflux": 818.895751953125,
            "forcediffimfluxunc": 43.550689697265625,
            "magzpsci": 26.23419952392578
        },
        {
            "objectid": "ZTF23abvoqio",
            "jd": 2460314.6398495,
            "ranr": 43.3206976,
            "decnr": -14.5788443,
            "fid": 2,
            "forcediffimflux": 971.5361328125,
            "forcediffimfluxunc": 53.43856430053711,
            "magzpsci": 26.23419952392578
        },
        {
            "objectid": "ZTF23abvoqio",
            "jd": 2460314.7140625,
            "ranr": 43.320362,
            "decnr": -14.5782375,
            "fid": 1,
            "forcediffimflux": 998.1614379882812,
            "forcediffimfluxunc": 55.066680908203125,
            "magzpsci": 26.288400650024414
        },
        {
            "objectid": "ZTF23abvoqio",
            "jd": 2460321.6807639,
            "ranr": 43.3206976,
            "decnr": -14.5788443,
            "fid": 2,
            "forcediffimflux": 792.6635131835938,
            "forcediffimfluxunc": 39.88007736206055,
            "magzpsci": 26.12849998474121
        },
        {
            "objectid": "ZTF23abvoqio",
            "jd": 2460323.7114352,
            "ranr": 43.320362,
            "decnr": -14.5782375,
            "fid": 1,
            "forcediffimflux": 479.17291259765625,
            "forcediffimfluxunc": 81.04887390136719,
            "magzpsci": 25.82270050048828
        },
        {
            "objectid": "ZTF23abvoqio",
            "jd": 2460325.6880093,
            "ranr": 43.3206976,
            "decnr": -14.5788443,
            "fid": 2,
            "forcediffimflux": 735.9931030273438,
            "forcediffimfluxunc": 39.081661224365234,
            "magzpsci": 26.21190071105957
        },
        {
            "objectid": "ZTF23abvoqio",
            "jd": 2460325.6964352,
            "ranr": 43.320362,
            "decnr": -14.5782375,
            "fid": 1,
            "forcediffimflux": 638.3825073242188,
            "forcediffimfluxunc": 48.64943313598633,
            "magzpsci": 26.258499145507812
        },
        {
            "objectid": "ZTF23abvoqio",
            "jd": 2460327.6677894,
            "ranr": 43.3206976,
            "decnr": -14.5788443,
            "fid": 2,
            "forcediffimflux": 698.3512573242188,
            "forcediffimfluxunc": 59.98948669433594,
            "magzpsci": 26.229000091552734
        }
    ]
}