{
    "objectId": "ZTF20abcsbux",
    "candidates": [
        {
            "candid": 1241300832515015004,
            "jd": 2458995.8008333,
            "ra": 220.5416585,
            "dec": 11.1559401,
            "fid": 1,
            "nid": 1241,
            "magpsf": 20.278099060058594,
            "sigmapsf": 0.18630999326705933,
            "magnr": 22.121000289916992,
            "sigmagnr": 0.19200000166893005,
            "magzpsci": 26.302099227905273,
            "isdiffpos": "t",
            "ssdistnr": -999.0,
            "ssnamenr": "-999.0",
            "drb": null
        },
        {
            "candid": 1244265412515015009,
            "jd": 2458998.7654167,
            "ra": 220.5416145,
            "dec": 11.1559189,
            "fid": 2,
            "nid": 1244,
            "magpsf": 19.655799865722656,
            "sigmapsf": 0.1467220038175583,
            "magnr": 21.47100067138672,
            "sigmagnr": 0.08699999749660492,
            "magzpsci": 26.31879997253418,
            "isdiffpos": "t",
            "ssdistnr": -999.0,
            "ssnamenr": "null",
            "drb": 0.9999510049819946
        },
        {
            "candid": 1244274712515015011,
            "jd": 2458998.7747106,
            "ra": 220.5416071,
            "dec": 11.1559135,
            "fid": 2,
            "nid": 1244,
            "magpsf": 19.60099983215332,
            "sigmapsf": 0.13394799828529358,
            "magnr": 21.47100067138672,
            "sigmagnr": 0.08699999749660492,
            "magzpsci": 26.29400062561035,
            "isdiffpos": "t",
            "ssdistnr": -999.0,
            "ssnamenr": "null",
            "drb": 0.9752510190010071
        },
        {
            "candid": 1244337782515015011,
            "jd": 2458998.8377894,
            "ra": 220.5416174,
            "dec": 11.1559294,
            "fid": 1,
            "nid": 1244,
            "magpsf": 19.457599639892578,
            "sigmapsf": 0.0882750004529953,
            "magnr": 22.121000289916992,
            "sigmagnr": 0.19200000166893005,
            "magzpsci": 26.272600173950195,
            "isdiffpos": "t",
            "ssdistnr": -999.0,
            "ssnamenr": "null",
            "drb": 1.0
        },
        {
            "candid": 1247231892515015002,
            "jd": 2459001.7318981,
            "ra": 220.5415751,
            "dec": 11.1559156,
            "fid": 2,
            "nid": 1247,
            "magpsf": 19.115100860595703,
            "sigmapsf": 0.12996700406074524,
            "magnr": 21.47100067138672,
            "sigmagnr": 0.08699999749660492,
            "magzpsci": 26.278099060058594,
            "isdiffpos": "t",
            "ssdistnr": -999.0,
            "ssnamenr": "null",
            "drb": 0.9996470212936401
        },
        {
            "candid": 1247371352515015003,
            "jd": 2459001.8713542,
            "ra": 220.5416367,
            "dec": 11.1559276,
            "fid": 1,
            "nid": 1247,
            "magpsf": 18.91860008239746,
            "sigmapsf": 0.11868400126695633,
            "magnr": 22.121000289916992,
            "sigmagnr": 0.19200000166893005,
            "magzpsci": 26.221599578857422,
            "isdiffpos": "t",
            "ssdistnr": -999.0,
            "ssnamenr": "null",
            "drb": 0.9984390139579773
        },
        {
            "candid": 1250188432515015000,
            "jd": 2459004.6884375,
            "ra": 220.5416024,
            "dec": 11.1559677,
            "fid": 1,
            "nid": 1250,
            "magpsf": 18.61210060119629,
            "sigmapsf": 0.10508400201797485,
            "magnr": 22.121000289916992,
            "sigmagnr": 0.19200000166893005,
            "magzpsci": 26.32509994506836,
            "isdiffpos": "t",
            "ssdistnr": -999.0,
            "ssnamenr": "null",
            "drb": 0.9997850060462952
        },
        {
            "candid": 1250250752515015006,
            "jd": 2459004.7507523,
            "ra": 220.5415746,
            "dec": 11.1558881,
            "fid": 2,
            "nid": 1250,
            "magpsf": 18.659000396728516,
            "sigmapsf": 0.13703300058841705,
            "magnr": 21.47100067138672,
            "sigmagnr": 0.08699999749660492,
            "magzpsci": 26.322999954223633,
            "isdiffpos": "t",
            "ssdistnr": -999.0,
            "ssnamenr": "null",
            "drb": 0.9999020099639893
        },
        {
            "candid": 1255211492515015006,
            "jd": 2459009.7114931,
            "ra": 220.5416323,
            "dec": 11.1558907,
            "fid": 2,
            "nid": 1255,
            "magpsf": 18.6210994720459,
            "sigmapsf": 0.12035500258207321,
            "magnr": 21.47100067138672,
            "sigmagnr": 0.08699999749660492,
            "magzpsci": 26.35810089111328,
            "isdiffpos": "t",
            "ssdistnr": -999.0,
            "ssnamenr": "null",
            "drb": 0.9999979734420776
        },
        {
            "candid": 1255254342515015003,
            "jd": 2459009.7543403,
            "ra": 220.5416186,
            "dec": 11.1559307,
            "fid": 1,
            "nid": 1255,
            "magpsf": 18.48889923095703,
            "sigmapsf": 0.0891909971833229,
            "magnr": 22.121000289916992,
            "sigmagnr": 0.19200000166893005,
            "magzpsci": 26.35689926147461,
            "isdiffpos": "t",
            "ssdistnr": -999.0,
            "ssnamenr": "null",
            "drb": 0.9999970197677612
        },
        {
            "candid": 1258193662515015012,
            "jd": 2459012.693669,
            "ra": 220.5416016,
            "dec": 11.1559324,
            "fid": 1,
            "nid": 1258,
            "magpsf": 18.502099990844727,
            "sigmapsf": 0.06798999756574631,
            "magnr": 22.121000289916992,
            "sigmagnr": 0.19200000166893005,
            "magzpsci": 26.36910057067871,
            "isdiffpos": "t",
            "ssdistnr": -999.0,
            "ssnamenr": "null",
            "drb": 0.9999729990959167
        },
        {
            "candid": 1258231282515015006,
            "jd": 2459012.7312847,
            "ra": 220.5416021,
            "dec": 11.1559288,
            "fid": 2,
            "nid": 1258,
            "magpsf": 18.654199600219727,
            "sigmapsf": 0.07407200336456299,
            "magnr": 21.47100067138672,
            "sigmagnr": 0.08699999749660492,
            "magzpsci": 26.371200561523438,
            "isdiffpos": "t",
            "ssdistnr": -999.0,
            "ssnamenr": "null",
            "drb": 1.0
        },
        {
            "candid": 1262199292515015013,
            "jd": 2459016.699294,
            "ra": 220.5416205,
            "dec": 11.1559415,
            "fid": 1,
            "nid": 1262,
            "magpsf": 18.71430015563965,
            "sigmapsf": 0.06861399859189987,
            "magnr": 22.121000289916992,
            "sigmagnr": 0.19200000166893005,
            "magzpsci": 26.344200134277344,
            "isdiffpos": "t",
            "ssdistnr": -999.0,
            "ssnamenr": "null",
            "drb": 1.0
        },
        {
            "candid": 1262237502515015009,
            "jd": 2459016.7375,
            "ra": 220.5416126,
            "dec": 11.1559069,
            "fid": 2,
            "nid": 1262,
            "magpsf": 18.74650001525879,
            "sigmapsf": 0.08844500035047531,
            "magnr": 21.47100067138672,
            "sigmagnr": 0.08699999749660492,
            "magzpsci": 26.24650001525879,
            "isdiffpos": "t",
            "ssdistnr": -999.0,
            "ssnamenr": "null",
            "drb": 0.9999989867210388
        },
        {
            "candid": 1265213242515015011,
            "jd": 2459019.7132407,
            "ra": 220.5415946,
            "dec": 11.1559348,
            "fid": 2,
            "nid": 1265,
            "magpsf": 18.912500381469727,
            "sigmapsf": 0.0828540027141571,
            "magnr": 21.47100067138672,
            "sigmagnr": 0.08699999749660492,
            "magzpsci": 26.320499420166016,
            "isdiffpos": "t",
            "ssdistnr": -999.0,
            "ssnamenr": "null",
            "drb": 1.0
        },
        {
            "candid": 1265255652515015010,
            "jd": 2459019.7556597,
            "ra": 220.5416138,
            "dec": 11.1559445,
            "fid": 1,
            "nid": 1265,
            "magpsf": 18.839799880981445,
            "sigmapsf": 0.0940449982881546,
            "magnr": 22.121000289916992,
            "sigmagnr": 0.19200000166893005,
            "magzpsci": 26.297800064086914,
            "isdiffpos": "t",
            "ssdistnr": -999.0,
            "ssnamenr": "null",
            "drb": 0.9999989867210388
        },
        {
            "candid": 1268201292515015013,
            "jd": 2459022.7012963,
            "ra": 220.5416267,
            "dec": 11.1559228,
            "fid": 1,
            "nid": 1268,
            "magpsf": 19.111099243164062,
            "sigmapsf": 0.09145499765872955,
            "magnr": 22.121000289916992,
            "sigmagnr": 0.19200000166893005,
            "magzpsci": 26.350099563598633,
            "isdiffpos": "t",
            "ssdistnr": -999.0,
            "ssnamenr": "null",
            "drb": 1.0
        },
        {
            "candid": 1268220022515015012,
            "jd": 2459022.7200231,
            "ra": 220.541608,
            "dec": 11.1559278,
            "fid": 2,
            "nid": 1268,
            "magpsf": 19.100299835205078,
            "sigmapsf": 0.09007599949836731,
            "magnr": 21.47100067138672,
            "sigmagnr": 0.08699999749660492,
            "magzpsci": 26.371299743652344,
            "isdiffpos": "t",
            "ssdistnr": -999.0,
            "ssnamenr": "null",
            "drb": 0.9999740123748779
        },
        {
            "candid": 1271188982515015006,
            "jd": 2459025.6889815,
            "ra": 220.5416042,
            "dec": 11.1559268,
            "fid": 2,
            "nid": 1271,
            "magpsf": 19.235599517822266,
            "sigmapsf": 0.11689499765634537,
            "magnr": 21.47100067138672,
            "sigmagnr": 0.08699999749660492,
            "magzpsci": 26.175600051879883,
            "isdiffpos": "t",
            "ssdistnr": -999.0,
            "ssnamenr": "null",
            "drb": 0.9998080134391785
        },
        {
            "candid": 1271228472515015016,
            "jd": 2459025.7284722,
            "ra": 220.541616,
            "dec": 11.1559375,
            "fid": 1,
            "nid": 1271,
            "magpsf": 19.32430076599121,
            "sigmapsf": 0.10022500157356262,
            "magnr": 22.121000289916992,
            "sigmagnr": 0.19200000166893005,
            "magzpsci": 25.997299194335938,
            "isdiffpos": "t",
            "ssdistnr": -999.0,
            "ssnamenr": "null",
            "drb": 0.9999960064888
        },
        {
            "candid": 1274203002515015005,
            "jd": 2459028.7030093,
            "ra": 220.5415835,
            "dec": 11.1559522,
            "fid": 1,
            "nid": 1274,
            "magpsf": 19.650999069213867,
            "sigmapsf": 0.16256700456142426,
            "magnr": 22.121000289916992,
            "sigmagnr": 0.19200000166893005,
            "magzpsci": 26.238000869750977,
            "isdiffpos": "t",
            "ssdistnr": -999.0,
            "ssnamenr": "null",
            "drb": 0.9999989867210388
        },
        {
            "candid": 1274214532515015004,
            "jd": 2459028.714537,
            "ra": 220.5416192,
            "dec": 11.1559461,
            "fid": 2,
            "nid": 1274,
            "magpsf": 19.262800216674805,
            "sigmapsf": 0.11634299904108047,
            "magnr": 21.47100067138672,
            "sigmagnr": 0.08699999749660492,
            "magzpsci": 26.25480079650879,
            "isdiffpos": "t",
            "ssdistnr": -999.0,
            "ssnamenr": "null",
            "drb": 0.9999859929084778
        },
        {
            "candid": 1277211562515015002,
            "jd": 2459031.7115625,
            "ra": 220.5415633,
            "dec": 11.1558791,
            "fid": 2,
            "nid": 1277,
            "magpsf": 19.348400115966797,
            "sigmapsf": 0.1471869945526123,
            "magnr": 21.47100067138672,
            "sigmagnr": 0.08699999749660492,
            "magzpsci": 26.246400833129883,
            "isdiffpos": "t",
            "ssdistnr": -999.0,
            "ssnamenr": "null",
            "drb": 0.9999629855155945
        },
        {
            "candid": 1280313482515015003,
            "jd": 2459034.8134838,
            "ra": 220.5416943,
            "dec": 11.1559927,
            "fid": 2,
            "nid": 1280,
            "magpsf": 19.510799407958984,
            "sigmapsf": 0.24796700477600098,
            "magnr": 21.47100067138672,
            "sigmagnr": 0.08699999749660492,
            "magzpsci": 26.227800369262695,
            "isdiffpos": "t",
            "ssdistnr": -999.0,
            "ssnamenr": "-999.0",
            "drb": null
        },
        {
            "candid": 1283191262515015006,
            "jd": 2459037.6912616,
            "ra": 220.5415929,
            "dec": 11.1559334,
            "fid": 2,
            "nid": 1283,
            "magpsf": 19.64579963684082,
            "sigmapsf": 0.17276600003242493,
            "magnr": 21.47100067138672,
            "sigmagnr": 0.08699999749660492,
            "magzpsci": 26.297800064086914,
            "isdiffpos": "t",
            "ssdistnr": -999.0,
            "ssnamenr": "null",
            "drb": 0.9996510148048401
        },
        {
            "candid": 1286198532515015007,
            "jd": 2459040.6985301,
            "ra": 220.5415908,
            "dec": 11.1558727,
            "fid": 2,
            "nid": 1286,
            "magpsf": 19.63319969177246,
            "sigmapsf": 0.16601000726222992,
            "magnr": 21.47100067138672,
            "sigmagnr": 0.08699999749660492,
            "magzpsci": 26.340200424194336,
            "isdiffpos": "t",
            "ssdistnr": -999.0,
            "ssnamenr": "null",
            "drb": 0.9735379815101624
        },
        {
            "candid": 1289211302515015003,
            "jd": 2459043.7113079,
            "ra": 220.5416284,
            "dec": 11.1559573,
            "fid": 1,
            "nid": 1289,
            "magpsf": 21.152299880981445,
            "sigmapsf": 0.35480400919914246,
            "magnr": 22.121000289916992,
            "sigmagnr": 0.19200000166893005,
            "magzpsci": 26.273300170898438,
            "isdiffpos": "t",
            "ssdistnr": -999.0,
            "ssnamenr": "-999.0",
            "drb": null
        },
        {
            "candid": 1292190472515015008,
            "jd": 2459046.6904745,
            "ra": 220.5415564,
            "dec": 11.1558947,
            "fid": 2,
            "nid": 1292,
            "magpsf": 20.061100006103516,
            "sigmapsf": 0.20357899367809296,
            "magnr": 21.47100067138672,
            "sigmagnr": 0.08699999749660492,
            "magzpsci": 26.346099853515625,
            "isdiffpos": "t",
            "ssdistnr": -999.0,
            "ssnamenr": "null",
            "drb": 0.9998490214347839
        },
        {
            "candid": 1295168362515015007,
            "jd": 2459049.6683681,
            "ra": 220.5416039,
            "dec": 11.1559316,
            "fid": 2,
            "nid": 1295,
            "magpsf": 20.34440040588379,
            "sigmapsf": 0.33449000120162964,
            "magnr": 21.47100067138672,
            "sigmagnr": 0.08699999749660492,
            "magzpsci": 26.34440040588379,
            "isdiffpos": "t",
            "ssdistnr": -999.0,
            "ssnamenr": "-999.0",
            "drb": null
        },
        {
            "candid": 1296257382515025004,
            "jd": 2459050.7573843,
            "ra": 220.5415975,
            "dec": 11.1559288,
            "fid": 2,
            "nid": 1296,
            "magpsf": 20.167400360107422,
            "sigmapsf": 0.2819350063800812,
            "magnr": 21.47100067138672,
            "sigmagnr": 0.08699999749660492,
            "magzpsci": 26.28339958190918,
            "isdiffpos": "t",
            "ssdistnr": -999.0,
            "ssnamenr": "-999.0",
            "drb": null
        },
        {
            "candid": 1297192542515015007,
            "jd": 2459051.6925463,
            "ra": 220.5415579,
            "dec": 11.155944,
            "fid": 2,
            "nid": 1297,
            "magpsf": 20.359399795532227,
            "sigmapsf": 0.25982600450515747,
            "magnr": 21.47100067138672,
            "sigmagnr": 0.08699999749660492,
            "magzpsci": 26.324399948120117,
            "isdiffpos": "t",
            "ssdistnr": -999.0,
            "ssnamenr": "-999.0",
            "drb": null
        },
        {
            "candid": 1298243652515015005,
            "jd": 2459052.7436574,
            "ra": 220.5415905,
            "dec": 11.1558685,
            "fid": 2,
            "nid": 1298,
            "magpsf": 20.013399124145508,
            "sigmapsf": 0.1760140061378479,
            "magnr": 21.47100067138672,
            "sigmagnr": 0.08699999749660492,
            "magzpsci": 26.304399490356445,
            "isdiffpos": "t",
            "ssdistnr": -999.0,
            "ssnamenr": "null",
            "drb": 0.9998689889907837
        },
        {
            "jd": 2458970.79406,
            "fid": 1,
            "diffmaglim": 20.280000686645508
        },
        {
            "jd": 2458970.85941,
            "fid": 2,
            "diffmaglim": 20.493000030517578
        },
        {
            "jd": 2458973.75191,
            "fid": 1,
            "diffmaglim": 19.59000015258789
        },
        {
            "jd": 2458973.81527,
            "fid": 2,
            "diffmaglim": 19.715999603271484
        },
        {
            "jd": 2458976.70493,
            "fid": 1,
            "diffmaglim": 18.799999237060547
        },
        {
            "jd": 2458976.81383,
            "fid": 2,
            "diffmaglim": 18.816999435424805
        },
        {
            "jd": 2458979.76891,
            "fid": 1,
            "diffmaglim": 19.96500015258789
        },
        {
            "jd": 2458979.79803,
            "fid": 2,
            "diffmaglim": 19.986000061035156
        },
        {
            "jd": 2458985.7724,
            "fid": 2,
            "diffmaglim": 20.676000595092773
        },
        {
            "jd": 2458991.77101,
            "fid": 2,
            "diffmaglim": 20.60700035095215
        },
        {
            "jd": 2458991.79508,
            "fid": 1,
            "diffmaglim": 20.650999069213867
        },
        {
            "jd": 2458995.75457,
            "fid": 2,
            "diffmaglim": 20.68000030517578
        },
        {
            "jd": 2459031.68841,
            "fid": 1,
            "diffmaglim": 19.43899917602539
        }
    ],
    "forcedphot": []
}