{
    "objectId": "ZTF24aackkba",
    "candidates": [
        {
            "candid": 2571195963515015001,
            "jd": 2460325.6959606,
            "ra": 41.7444483,
            "dec": -23.318835,
            "fid": 1,
            "nid": 2571,
            "magpsf": 18.814699172973633,
            "sigmapsf": 0.11586400121450424,
            "magnr": 19.513999938964844,
            "sigmagnr": 0.0860000029206276,
            "magzpsci": 26.159700393676758,
            "isdiffpos": "t",
            "ssdistnr": null,
            "ssnamenr": null,
            "drb": 0.9999992847442627
        },
        {
            "candid": 2571196894615015001,
            "jd": 2460325.6968981,
            "ra": 41.7444171,
            "dec": -23.3187982,
            "fid": 1,
            "nid": 2571,
            "magpsf": 18.86240005493164,
            "sigmapsf": 0.11371500045061111,
            "magnr": 19.54800033569336,
            "sigmagnr": 0.09200000017881393,
            "magzpsci": 26.143400192260742,
            "isdiffpos": "t",
            "ssdistnr": null,
            "ssnamenr": null,
            "drb": null
        },
        {
            "candid": 2573117933515015002,
            "jd": 2460327.6179398,
            "ra": 41.744389,
            "dec": -23.3188441,
            "fid": 1,
            "nid": 2573,
            "magpsf": 18.02359962463379,
            "sigmapsf": 0.13923799991607666,
            "magnr": 19.513999938964844,
            "sigmagnr": 0.0860000029206276,
            "magzpsci": 26.072599411010742,
            "isdiffpos": "t",
            "ssdistnr": null,
            "ssnamenr": null,
            "drb": null
        },
        {
            "candid": 2573148044615015000,
            "jd": 2460327.648044,
            "ra": 41.7443835,
            "dec": -23.3188496,
            "fid": 2,
            "nid": 2573,
            "magpsf": 18.03420066833496,
            "sigmapsf": 0.07398799806833267,
            "magnr": 19.402999877929688,
            "sigmagnr": 0.07000000029802322,
            "magzpsci": 26.213199615478516,
            "isdiffpos": "t",
            "ssdistnr": null,
            "ssnamenr": null,
            "drb": null
        },
        {
            "candid": 2573148513515015001,
            "jd": 2460327.6485185,
            "ra": 41.7444344,
            "dec": -23.3188563,
            "fid": 2,
            "nid": 2573,
            "magpsf": 17.95989990234375,
            "sigmapsf": 0.09463399648666382,
            "magnr": 19.201000213623047,
            "sigmagnr": 0.09700000286102295,
            "magzpsci": 26.2539005279541,
            "isdiffpos": "t",
            "ssdistnr": null,
            "ssnamenr": null,
            "drb": null
        },
        {
            "candid": 2573196634615015000,
            "jd": 2460327.6966319,
            "ra": 41.7443789,
            "dec": -23.3188632,
            "fid": 1,
            "nid": 2573,
            "magpsf": 18.069486618041992,
            "sigmapsf": 0.0878167375922203,
            "magnr": 19.54800033569336,
            "sigmagnr": 0.09200000017881393,
            "magzpsci": 26.151485443115234,
            "isdiffpos": "t",
            "ssdistnr": -999.0,
            "ssnamenr": "null",
            "drb": null
        },
        {
            "candid": 2573196634615025000,
            "jd": 2460327.6966319,
            "ra": 41.7443789,
            "dec": -23.3188632,
            "fid": 1,
            "nid": 2573,
            "magpsf": 18.069499969482422,
            "sigmapsf": 0.0878169983625412,
            "magnr": 19.54800033569336,
            "sigmagnr": 0.09200000017881393,
            "magzpsci": 26.151500701904297,
            "isdiffpos": "t",
            "ssdistnr": null,
            "ssnamenr": null,
            "drb": null
        },
        {
            "candid": 2580137043515015000,
            "jd": 2460334.6370486,
            "ra": 41.7443787,
            "dec": -23.3188065,
            "fid": 1,
            "nid": 2580,
            "magpsf": 16.223100662231445,
            "sigmapsf": 0.1044510006904602,
            "magnr": 19.513999938964844,
            "sigmagnr": 0.0860000029206276,
            "magzpsci": 24.75909996032715,
            "isdiffpos": "t",
            "ssdistnr": null,
            "ssnamenr": null,
            "drb": null
        },
        {
            "candid": 2580169013515015000,
            "jd": 2460334.6690162,
            "ra": 41.7444165,
            "dec": -23.3188445,
            "fid": 2,
            "nid": 2580,
            "magpsf": 16.416099548339844,
            "sigmapsf": 0.033385999500751495,
            "magnr": 19.201000213623047,
            "sigmagnr": 0.09700000286102295,
            "magzpsci": 26.214099884033203,
            "isdiffpos": "t",
            "ssdistnr": null,
            "ssnamenr": null,
            "drb": null
        },
        {
            "candid": 2583140894615015017,
            "jd": 2460337.6408912,
            "ra": 41.7443521,
            "dec": -23.3189177,
            "fid": 2,
            "nid": 2583,
            "magpsf": 16.22450065612793,
            "sigmapsf": 0.05165199935436249,
            "magnr": 19.402999877929688,
            "sigmagnr": 0.07000000029802322,
            "magzpsci": 25.90850067138672,
            "isdiffpos": "t",
            "ssdistnr": null,
            "ssnamenr": null,
            "drb": null
        },
        {
            "candid": 2583148294615015000,
            "jd": 2460337.6482986,
            "ra": 41.7444331,
            "dec": -23.3188494,
            "fid": 1,
            "nid": 2583,
            "magpsf": 15.964300155639648,
            "sigmapsf": 0.034933000802993774,
            "magnr": 19.54800033569336,
            "sigmagnr": 0.09200000017881393,
            "magzpsci": 25.864299774169922,
            "isdiffpos": "t",
            "ssdistnr": null,
            "ssnamenr": null,
            "drb": null
        },
        {
            "candid": 2586114143515015017,
            "jd": 2460340.6141435,
            "ra": 41.7444303,
            "dec": -23.3188436,
            "fid": 1,
            "nid": 2586,
            "magpsf": 16.21540069580078,
            "sigmapsf": 0.026458000764250755,
            "magnr": 19.513999938964844,
            "sigmagnr": 0.0860000029206276,
            "magzpsci": 25.7544002532959,
            "isdiffpos": "t",
            "ssdistnr": null,
            "ssnamenr": null,
            "drb": null
        },
        {
            "candid": 2587113684615015000,
            "jd": 2460341.6136806,
            "ra": 41.7444166,
            "dec": -23.3188432,
            "fid": 1,
            "nid": 2587,
            "magpsf": 15.76083755493164,
            "sigmapsf": 0.028345713391900063,
            "magnr": 19.54800033569336,
            "sigmagnr": 0.09200000017881393,
            "magzpsci": 26.211837768554688,
            "isdiffpos": "t",
            "ssdistnr": -999.0,
            "ssnamenr": "null",
            "drb": null
        },
        {
            "jd": 2460295.7833796,
            "fid": 2,
            "diffmaglim": 19.348899841308594
        },
        {
            "jd": 2460296.7590741,
            "fid": 1,
            "diffmaglim": 19.32509994506836
        },
        {
            "jd": 2460305.7335764,
            "fid": 1,
            "diffmaglim": 17.733600616455078
        },
        {
            "jd": 2460306.6676505,
            "fid": 1,
            "diffmaglim": 19.27090072631836
        },
        {
            "jd": 2460306.7596875,
            "fid": 2,
            "diffmaglim": 17.63920021057129
        },
        {
            "jd": 2460307.6593866,
            "fid": 1,
            "diffmaglim": 19.480199813842773
        },
        {
            "jd": 2460307.6690972,
            "fid": 2,
            "diffmaglim": 19.743099212646484
        },
        {
            "jd": 2460308.6681019,
            "fid": 1,
            "diffmaglim": 19.454200744628906
        },
        {
            "jd": 2460314.6297917,
            "fid": 2,
            "diffmaglim": 19.728599548339844
        },
        {
            "jd": 2460314.6302662,
            "fid": 2,
            "diffmaglim": 19.612499237060547
        },
        {
            "jd": 2460314.713125,
            "fid": 1,
            "diffmaglim": 19.556800842285156
        },
        {
            "jd": 2460314.7135995,
            "fid": 1,
            "diffmaglim": 19.456100463867188
        },
        {
            "jd": 2460321.6802894,
            "fid": 2,
            "diffmaglim": 19.628299713134766
        },
        {
            "jd": 2460323.6149537,
            "fid": 2,
            "diffmaglim": 18.387100219726562
        },
        {
            "jd": 2460323.7047454,
            "fid": 1,
            "diffmaglim": 18.783100128173828
        },
        {
            "jd": 2460323.7109722,
            "fid": 1,
            "diffmaglim": 18.4330997467041
        },
        {
            "jd": 2460325.6703125,
            "fid": 2,
            "diffmaglim": 18.036699295043945
        },
        {
            "jd": 2460327.648044,
            "fid": 2,
            "diffmaglim": 19.553800582885742
        }
    ],
    "forcedphot": [
        {
            "objectid": "ZTF24aackkba",
            "jd": 2460295.7833796,
            "ranr": 41.7442406,
            "decnr": -23.318865,
            "fid": 2,
            "forcediffimflux": 1.9059116840362549,
            "forcediffimfluxunc": 63.01649856567383,
            "magzpsci": 26.15999984741211
        },
        {
            "objectid": "ZTF24aackkba",
            "jd": 2460296.7590741,
            "ranr": 41.7441407,
            "decnr": -23.3193323,
            "fid": 1,
            "forcediffimflux": -6.733219623565674,
            "forcediffimfluxunc": 49.18584442138672,
            "magzpsci": 25.83180046081543
        },
        {
            "objectid": "ZTF24aackkba",
            "jd": 2460306.6676505,
            "ranr": -99999.0,
            "decnr": -99999.0,
            "fid": 1,
            "forcediffimflux": -99999.0,
            "forcediffimfluxunc": -99999.0,
            "magzpsci": 26.238000869750977
        },
        {
            "objectid": "ZTF24aackkba",
            "jd": 2460307.6593866,
            "ranr": -99999.0,
            "decnr": -99999.0,
            "fid": 1,
            "forcediffimflux": -99999.0,
            "forcediffimfluxunc": -99999.0,
            "magzpsci": 26.182199478149414
        },
        {
            "objectid": "ZTF24aackkba",
            "jd": 2460307.6690972,
            "ranr": 41.7442406,
            "decnr": -23.318865,
            "fid": 2,
            "forcediffimflux": -18.501924514770508,
            "forcediffimfluxunc": 49.88113021850586,
            "magzpsci": 26.256799697875977
        },
        {
            "objectid": "ZTF24aackkba",
            "jd": 2460308.6681019,
            "ranr": 41.7441407,
            "decnr": -23.3193323,
            "fid": 1,
            "forcediffimflux": 4.769718170166016,
            "forcediffimfluxunc": 45.103477478027344,
            "magzpsci": 25.91860008239746
        },
        {
            "objectid": "ZTF24aackkba",
            "jd": 2460314.6302662,
            "ranr": 41.7444478,
            "decnr": -23.318765,
            "fid": 2,
            "forcediffimflux": -22.333702087402344,
            "forcediffimfluxunc": 54.01611328125,
            "magzpsci": 26.21269989013672
        },
        {
            "objectid": "ZTF24aackkba",
            "jd": 2460314.7135995,
            "ranr": -99999.0,
            "decnr": -99999.0,
            "fid": 1,
            "forcediffimflux": -99999.0,
            "forcediffimfluxunc": -99999.0,
            "magzpsci": 26.137699127197266
        },
        {
            "objectid": "ZTF24aackkba",
            "jd": 2460321.6802894,
            "ranr": 41.7444478,
            "decnr": -23.318765,
            "fid": 2,
            "forcediffimflux": -34.192909240722656,
            "forcediffimfluxunc": 48.8005256652832,
            "magzpsci": 26.076499938964844
        },
        {
            "objectid": "ZTF24aackkba",
            "jd": 2460323.7109722,
            "ranr": 41.7441407,
            "decnr": -23.3193323,
            "fid": 1,
            "forcediffimflux": 23.79985809326172,
            "forcediffimfluxunc": 93.84027862548828,
            "magzpsci": 25.640199661254883
        },
        {
            "objectid": "ZTF24aackkba",
            "jd": 2460325.6959606,
            "ranr": 41.7441163,
            "decnr": -23.3191587,
            "fid": 1,
            "forcediffimflux": 838.1439208984375,
            "forcediffimfluxunc": 52.29840087890625,
            "magzpsci": 26.159700393676758
        },
        {
            "objectid": "ZTF24aackkba",
            "jd": 2460325.6968981,
            "ranr": 41.7441407,
            "decnr": -23.3193323,
            "fid": 1,
            "forcediffimflux": 779.5104370117188,
            "forcediffimfluxunc": 48.109989166259766,
            "magzpsci": 26.143400192260742
        },
        {
            "objectid": "ZTF24aackkba",
            "jd": 2460327.6179398,
            "ranr": -99999.0,
            "decnr": -99999.0,
            "fid": 1,
            "forcediffimflux": -99999.0,
            "forcediffimfluxunc": -99999.0,
            "magzpsci": 26.028900146484375
        },
        {
            "objectid": "ZTF24aackkba",
            "jd": 2460327.648044,
            "ranr": -99999.0,
            "decnr": -99999.0,
            "fid": 2,
            "forcediffimflux": -99999.0,
            "forcediffimfluxunc": -99999.0,
            "magzpsci": 26.22960090637207
        },
        {
            "objectid": "ZTF24aackkba",
            "jd": 2460327.6485185,
            "ranr": 41.7442406,
            "decnr": -23.318865,
            "fid": 2,
            "forcediffimflux": 1895.267578125,
            "forcediffimfluxunc": 93.10177612304688,
            "magzpsci": 26.2539005279541
        },
        {
            "objectid": "ZTF24aackkba",
            "jd": 2460327.6966319,
            "ranr": 41.7441407,
            "decnr": -23.3193323,
            "fid": 1,
            "forcediffimflux": 1621.82861328125,
            "forcediffimfluxunc": 76.01396942138672,
            "magzpsci": 26.151500701904297
        },
        {
            "objectid": "ZTF24aackkba",
            "jd": 2460334.6690162,
            "ranr": 41.7442406,
            "decnr": -23.318865,
            "fid": 2,
            "forcediffimflux": 8021.44091796875,
            "forcediffimfluxunc": 103.40155029296875,
            "magzpsci": 26.214099884033203
        },
        {
            "objectid": "ZTF24aackkba",
            "jd": 2460337.6408912,
            "ranr": 41.7444478,
            "decnr": -23.318765,
            "fid": 2,
            "forcediffimflux": 6568.9580078125,
            "forcediffimfluxunc": 174.8343505859375,
            "magzpsci": 25.90850067138672
        },
        {
            "objectid": "ZTF24aackkba",
            "jd": 2460337.6482986,
            "ranr": 41.7441407,
            "decnr": -23.3193323,
            "fid": 1,
            "forcediffimflux": 8348.0888671875,
            "forcediffimfluxunc": 129.03636169433594,
            "magzpsci": 25.864299774169922
        }
    ]
}