{
    "objectId": "ZTF22aansjuu",
    "candidates": [
        {
            "candid": 1983274734815015020,
            "jd": 2459737.7747338,
            "ra": 251.8618643,
            "dec": 0.3404494,
            "fid": 2,
            "nid": 1983,
            "magpsf": 20.009700775146484,
            "sigmapsf": 0.21336600184440613,
            "magnr": 18.777999877929688,
            "sigmagnr": 0.10400000214576721,
            "magzpsci": 26.051700592041016,
            "isdiffpos": "t",
            "ssdistnr": null,
            "ssnamenr": null,
            "drb": null
        },
        {
            "candid": 1985280824815015004,
            "jd": 2459739.7808218,
            "ra": 251.8617805,
            "dec": 0.34049,
            "fid": 2,
            "nid": 1985,
            "magpsf": 19.595300674438477,
            "sigmapsf": 0.20051899552345276,
            "magnr": 18.777999877929688,
            "sigmagnr": 0.10400000214576721,
            "magzpsci": 26.057300567626953,
            "isdiffpos": "t",
            "ssdistnr": null,
            "ssnamenr": null,
            "drb": null
        },
        {
            "candid": 1985338834815015006,
            "jd": 2459739.838831,
            "ra": 251.861819,
            "dec": 0.3404419,
            "fid": 1,
            "nid": 1985,
            "magpsf": 19.760099411010742,
            "sigmapsf": 0.22319799661636353,
            "magnr": 19.724000930786133,
            "sigmagnr": 0.09399999678134918,
            "magzpsci": 26.10409927368164,
            "isdiffpos": "t",
            "ssdistnr": null,
            "ssnamenr": null,
            "drb": null
        },
        {
            "candid": 1987232784815015010,
            "jd": 2459741.7327894,
            "ra": 251.8618581,
            "dec": 0.3405129,
            "fid": 1,
            "nid": 1987,
            "magpsf": 19.7814998626709,
            "sigmapsf": 0.367033988237381,
            "magnr": 19.724000930786133,
            "sigmagnr": 0.09399999678134918,
            "magzpsci": 26.04450035095215,
            "isdiffpos": "t",
            "ssdistnr": null,
            "ssnamenr": null,
            "drb": null
        },
        {
            "candid": 1987294474815015011,
            "jd": 2459741.7944792,
            "ra": 251.861858,
            "dec": 0.3402928,
            "fid": 2,
            "nid": 1987,
            "magpsf": 19.3700008392334,
            "sigmapsf": 0.26501700282096863,
            "magnr": 18.777999877929688,
            "sigmagnr": 0.10400000214576721,
            "magzpsci": 26.030000686645508,
            "isdiffpos": "t",
            "ssdistnr": null,
            "ssnamenr": null,
            "drb": null
        },
        {
            "candid": 1993338704815015018,
            "jd": 2459747.8387037,
            "ra": 251.861816,
            "dec": 0.3404618,
            "fid": 2,
            "nid": 1993,
            "magpsf": 19.144500732421875,
            "sigmapsf": 0.1419990062713623,
            "magnr": 18.777999877929688,
            "sigmagnr": 0.10400000214576721,
            "magzpsci": 26.078500747680664,
            "isdiffpos": "t",
            "ssdistnr": null,
            "ssnamenr": null,
            "drb": null
        },
        {
            "candid": 1995294934815015004,
            "jd": 2459749.7949306,
            "ra": 251.8617929,
            "dec": 0.3404537,
            "fid": 1,
            "nid": 1995,
            "magpsf": 19.564899444580078,
            "sigmapsf": 0.239206001162529,
            "magnr": 19.724000930786133,
            "sigmagnr": 0.09399999678134918,
            "magzpsci": 26.11090087890625,
            "isdiffpos": "t",
            "ssdistnr": null,
            "ssnamenr": null,
            "drb": null
        },
        {
            "candid": 1995337374815015007,
            "jd": 2459749.8373727,
            "ra": 251.8617391,
            "dec": 0.3403465,
            "fid": 2,
            "nid": 1995,
            "magpsf": 19.1564998626709,
            "sigmapsf": 0.1589210033416748,
            "magnr": 18.777999877929688,
            "sigmagnr": 0.10400000214576721,
            "magzpsci": 26.077499389648438,
            "isdiffpos": "t",
            "ssdistnr": null,
            "ssnamenr": null,
            "drb": null
        },
        {
            "candid": 1997334474815015008,
            "jd": 2459751.8344792,
            "ra": 251.8617866,
            "dec": 0.3404713,
            "fid": 1,
            "nid": 1997,
            "magpsf": 19.734500885009766,
            "sigmapsf": 0.15524399280548096,
            "magnr": 19.724000930786133,
            "sigmagnr": 0.09399999678134918,
            "magzpsci": 26.079500198364258,
            "isdiffpos": "t",
            "ssdistnr": null,
            "ssnamenr": null,
            "drb": null
        },
        {
            "candid": 1997357754815015010,
            "jd": 2459751.8577546,
            "ra": 251.8618603,
            "dec": 0.3404372,
            "fid": 2,
            "nid": 1997,
            "magpsf": 19.306299209594727,
            "sigmapsf": 0.13910900056362152,
            "magnr": 18.777999877929688,
            "sigmagnr": 0.10400000214576721,
            "magzpsci": 26.04330062866211,
            "isdiffpos": "t",
            "ssdistnr": null,
            "ssnamenr": null,
            "drb": null
        },
        {
            "candid": 1999274374815015015,
            "jd": 2459753.774375,
            "ra": 251.8617789,
            "dec": 0.3404744,
            "fid": 1,
            "nid": 1999,
            "magpsf": 19.747400283813477,
            "sigmapsf": 0.15123200416564941,
            "magnr": 19.724000930786133,
            "sigmagnr": 0.09399999678134918,
            "magzpsci": 26.0664005279541,
            "isdiffpos": "t",
            "ssdistnr": null,
            "ssnamenr": null,
            "drb": null
        },
        {
            "candid": 1999332244815015012,
            "jd": 2459753.8322454,
            "ra": 251.861783,
            "dec": 0.3404612,
            "fid": 2,
            "nid": 1999,
            "magpsf": 19.371519088745117,
            "sigmapsf": 0.1632000058889389,
            "magnr": 18.777999877929688,
            "sigmagnr": 0.10400000214576721,
            "magzpsci": 26.02952003479004,
            "isdiffpos": "t",
            "ssdistnr": -999.0,
            "ssnamenr": "null",
            "drb": null
        },
        {
            "candid": 2002291904815015011,
            "jd": 2459756.7919097,
            "ra": 251.8618054,
            "dec": 0.3404446,
            "fid": 1,
            "nid": 2002,
            "magpsf": 19.949499130249023,
            "sigmapsf": 0.2344609946012497,
            "magnr": 19.724000930786133,
            "sigmagnr": 0.09399999678134918,
            "magzpsci": 26.137500762939453,
            "isdiffpos": "t",
            "ssdistnr": null,
            "ssnamenr": null,
            "drb": null
        },
        {
            "candid": 2002339154815015023,
            "jd": 2459756.8391551,
            "ra": 251.8617437,
            "dec": 0.3404629,
            "fid": 2,
            "nid": 2002,
            "magpsf": 19.782499313354492,
            "sigmapsf": 0.16148899495601654,
            "magnr": 18.777999877929688,
            "sigmagnr": 0.10400000214576721,
            "magzpsci": 26.070499420166016,
            "isdiffpos": "t",
            "ssdistnr": null,
            "ssnamenr": null,
            "drb": null
        },
        {
            "candid": 2005254664815015011,
            "jd": 2459759.7546644,
            "ra": 251.8617586,
            "dec": 0.3405643,
            "fid": 1,
            "nid": 2005,
            "magpsf": 20.345500946044922,
            "sigmapsf": 0.3060379922389984,
            "magnr": 19.724000930786133,
            "sigmagnr": 0.09399999678134918,
            "magzpsci": 26.065500259399414,
            "isdiffpos": "t",
            "ssdistnr": null,
            "ssnamenr": null,
            "drb": null
        },
        {
            "candid": 2008253774815015011,
            "jd": 2459762.7537731,
            "ra": 251.8616374,
            "dec": 0.3403923,
            "fid": 2,
            "nid": 2008,
            "magpsf": 19.93311882019043,
            "sigmapsf": 0.2072634994983673,
            "magnr": 18.777999877929688,
            "sigmagnr": 0.10400000214576721,
            "magzpsci": 26.070119857788086,
            "isdiffpos": "t",
            "ssdistnr": -999.0,
            "ssnamenr": "null",
            "drb": null
        },
        {
            "jd": 2459710.877338,
            "fid": 2,
            "diffmaglim": 19.750900268554688
        },
        {
            "jd": 2459710.9370255,
            "fid": 1,
            "diffmaglim": 20.15180015563965
        },
        {
            "jd": 2459712.8789699,
            "fid": 2,
            "diffmaglim": 19.540599822998047
        },
        {
            "jd": 2459712.923287,
            "fid": 1,
            "diffmaglim": 19.45829963684082
        },
        {
            "jd": 2459714.8571991,
            "fid": 2,
            "diffmaglim": 19.084400177001953
        },
        {
            "jd": 2459717.8346065,
            "fid": 1,
            "diffmaglim": 18.96179962158203
        },
        {
            "jd": 2459719.8580324,
            "fid": 2,
            "diffmaglim": 19.56719970703125
        },
        {
            "jd": 2459722.9410417,
            "fid": 1,
            "diffmaglim": 20.29990005493164
        },
        {
            "jd": 2459724.8565046,
            "fid": 1,
            "diffmaglim": 20.323400497436523
        },
        {
            "jd": 2459726.8789815,
            "fid": 2,
            "diffmaglim": 20.34939956665039
        },
        {
            "jd": 2459729.9023495,
            "fid": 1,
            "diffmaglim": 20.274700164794922
        },
        {
            "jd": 2459733.7701505,
            "fid": 2,
            "diffmaglim": 20.131900787353516
        },
        {
            "jd": 2459735.7919444,
            "fid": 1,
            "diffmaglim": 20.513700485229492
        },
        {
            "jd": 2459735.7999306,
            "fid": 2,
            "diffmaglim": 20.39590072631836
        },
        {
            "jd": 2459743.8598264,
            "fid": 1,
            "diffmaglim": 18.911399841308594
        }
    ],
    "forcedphot": []
}