{
    "objectId": "ZTF21abvbhul",
    "candidates": [
        {
            "candid": 1700295030715015005,
            "jd": 2459454.7950347,
            "ra": 276.0237537,
            "dec": 30.2366347,
            "fid": 2,
            "nid": 1700,
            "magpsf": 19.243499755859375,
            "sigmapsf": 0.13017700612545013,
            "magnr": 17.03700065612793,
            "sigmagnr": 0.052000001072883606,
            "magzpsci": 26.236499786376953,
            "isdiffpos": "t",
            "ssdistnr": null,
            "ssnamenr": null,
            "drb": 0.9992169737815857
        },
        {
            "candid": 1704175710715015008,
            "jd": 2459458.6757176,
            "ra": 276.0237078,
            "dec": 30.2366277,
            "fid": 1,
            "nid": 1704,
            "magpsf": 18.975200653076172,
            "sigmapsf": 0.08796100318431854,
            "magnr": 18.082000732421875,
            "sigmagnr": 0.03799999877810478,
            "magzpsci": 26.314199447631836,
            "isdiffpos": "t",
            "ssdistnr": null,
            "ssnamenr": null,
            "drb": null
        },
        {
            "candid": 1704225090715015003,
            "jd": 2459458.7250926,
            "ra": 276.0237033,
            "dec": 30.2366396,
            "fid": 2,
            "nid": 1704,
            "magpsf": 18.76689910888672,
            "sigmapsf": 0.09589800238609314,
            "magnr": 17.03700065612793,
            "sigmagnr": 0.052000001072883606,
            "magzpsci": 26.218900680541992,
            "isdiffpos": "t",
            "ssdistnr": null,
            "ssnamenr": null,
            "drb": null
        },
        {
            "candid": 1706217060715015008,
            "jd": 2459460.7170602,
            "ra": 276.0237249,
            "dec": 30.2366482,
            "fid": 2,
            "nid": 1706,
            "magpsf": 18.614099502563477,
            "sigmapsf": 0.08179499953985214,
            "magnr": 17.03700065612793,
            "sigmagnr": 0.052000001072883606,
            "magzpsci": 26.262100219726562,
            "isdiffpos": "t",
            "ssdistnr": null,
            "ssnamenr": null,
            "drb": null
        },
        {
            "candid": 1706255890715015007,
            "jd": 2459460.7558912,
            "ra": 276.023755,
            "dec": 30.2366194,
            "fid": 1,
            "nid": 1706,
            "magpsf": 18.82550048828125,
            "sigmapsf": 0.10156399756669998,
            "magnr": 18.082000732421875,
            "sigmagnr": 0.03799999877810478,
            "magzpsci": 26.326499938964844,
            "isdiffpos": "t",
            "ssdistnr": null,
            "ssnamenr": null,
            "drb": null
        },
        {
            "candid": 1708215160715015006,
            "jd": 2459462.715162,
            "ra": 276.0237093,
            "dec": 30.2366056,
            "fid": 2,
            "nid": 1708,
            "magpsf": 18.65959930419922,
            "sigmapsf": 0.08231399953365326,
            "magnr": 17.03700065612793,
            "sigmagnr": 0.052000001072883606,
            "magzpsci": 26.2716007232666,
            "isdiffpos": "t",
            "ssdistnr": null,
            "ssnamenr": null,
            "drb": null
        },
        {
            "candid": 1708275870715015005,
            "jd": 2459462.7758796,
            "ra": 276.0237573,
            "dec": 30.2366425,
            "fid": 1,
            "nid": 1708,
            "magpsf": 18.842899322509766,
            "sigmapsf": 0.0827770009636879,
            "magnr": 18.082000732421875,
            "sigmagnr": 0.03799999877810478,
            "magzpsci": 26.30190086364746,
            "isdiffpos": "t",
            "ssdistnr": null,
            "ssnamenr": null,
            "drb": null
        },
        {
            "candid": 1710179540715015012,
            "jd": 2459464.6795486,
            "ra": 276.0237562,
            "dec": 30.2366298,
            "fid": 1,
            "nid": 1710,
            "magpsf": 18.846099853515625,
            "sigmapsf": 0.09171400219202042,
            "magnr": 18.082000732421875,
            "sigmagnr": 0.03799999877810478,
            "magzpsci": 26.32710075378418,
            "isdiffpos": "t",
            "ssdistnr": null,
            "ssnamenr": null,
            "drb": null
        },
        {
            "candid": 1710179540715025012,
            "jd": 2459464.6795486,
            "ra": 276.0237562,
            "dec": 30.2366298,
            "fid": 1,
            "nid": 1710,
            "magpsf": 18.846099853515625,
            "sigmapsf": 0.09171400219202042,
            "magnr": 18.082000732421875,
            "sigmagnr": 0.03799999877810478,
            "magzpsci": 26.32710075378418,
            "isdiffpos": "t",
            "ssdistnr": null,
            "ssnamenr": null,
            "drb": null
        },
        {
            "candid": 1710307870715015003,
            "jd": 2459464.8078704,
            "ra": 276.0237867,
            "dec": 30.2366124,
            "fid": 2,
            "nid": 1710,
            "magpsf": 18.65130043029785,
            "sigmapsf": 0.10376299917697906,
            "magnr": 17.03700065612793,
            "sigmagnr": 0.052000001072883606,
            "magzpsci": 26.172300338745117,
            "isdiffpos": "t",
            "ssdistnr": null,
            "ssnamenr": null,
            "drb": null
        },
        {
            "candid": 1710307870715025003,
            "jd": 2459464.8078704,
            "ra": 276.0237867,
            "dec": 30.2366124,
            "fid": 2,
            "nid": 1710,
            "magpsf": 18.65130043029785,
            "sigmapsf": 0.10376299917697906,
            "magnr": 17.03700065612793,
            "sigmagnr": 0.052000001072883606,
            "magzpsci": 26.172300338745117,
            "isdiffpos": "t",
            "ssdistnr": null,
            "ssnamenr": null,
            "drb": null
        },
        {
            "candid": 1712172410715015005,
            "jd": 2459466.672419,
            "ra": 276.0237245,
            "dec": 30.2366314,
            "fid": 2,
            "nid": 1712,
            "magpsf": 18.59950065612793,
            "sigmapsf": 0.07638099789619446,
            "magnr": 17.03700065612793,
            "sigmagnr": 0.052000001072883606,
            "magzpsci": 26.24250030517578,
            "isdiffpos": "t",
            "ssdistnr": null,
            "ssnamenr": null,
            "drb": null
        },
        {
            "candid": 1712325760715015010,
            "jd": 2459466.8257639,
            "ra": 276.0238105,
            "dec": 30.2366245,
            "fid": 1,
            "nid": 1712,
            "magpsf": 18.911300659179688,
            "sigmapsf": 0.12169700115919113,
            "magnr": 18.082000732421875,
            "sigmagnr": 0.03799999877810478,
            "magzpsci": 26.06730079650879,
            "isdiffpos": "t",
            "ssdistnr": null,
            "ssnamenr": null,
            "drb": null
        },
        {
            "candid": 1714177340715015005,
            "jd": 2459468.6773495,
            "ra": 276.0237345,
            "dec": 30.2366072,
            "fid": 1,
            "nid": 1714,
            "magpsf": 19.136899948120117,
            "sigmapsf": 0.08387500047683716,
            "magnr": 18.082000732421875,
            "sigmagnr": 0.03799999877810478,
            "magzpsci": 26.324899673461914,
            "isdiffpos": "t",
            "ssdistnr": null,
            "ssnamenr": null,
            "drb": null
        },
        {
            "candid": 1714244320715015006,
            "jd": 2459468.7443287,
            "ra": 276.0237411,
            "dec": 30.2366285,
            "fid": 2,
            "nid": 1714,
            "magpsf": 18.765100479125977,
            "sigmapsf": 0.10728300362825394,
            "magnr": 17.03700065612793,
            "sigmagnr": 0.052000001072883606,
            "magzpsci": 26.22010040283203,
            "isdiffpos": "t",
            "ssdistnr": null,
            "ssnamenr": null,
            "drb": null
        },
        {
            "candid": 1716182690715015007,
            "jd": 2459470.6826968,
            "ra": 276.0237815,
            "dec": 30.2366219,
            "fid": 2,
            "nid": 1716,
            "magpsf": 18.86829948425293,
            "sigmapsf": 0.10573200136423111,
            "magnr": 17.03700065612793,
            "sigmagnr": 0.052000001072883606,
            "magzpsci": 26.279300689697266,
            "isdiffpos": "t",
            "ssdistnr": null,
            "ssnamenr": null,
            "drb": null
        },
        {
            "candid": 1716216650715015005,
            "jd": 2459470.7166551,
            "ra": 276.0237495,
            "dec": 30.236642,
            "fid": 1,
            "nid": 1716,
            "magpsf": 19.17009925842285,
            "sigmapsf": 0.09901600331068039,
            "magnr": 18.082000732421875,
            "sigmagnr": 0.03799999877810478,
            "magzpsci": 26.328100204467773,
            "isdiffpos": "t",
            "ssdistnr": null,
            "ssnamenr": null,
            "drb": null
        },
        {
            "candid": 1719164220715015012,
            "jd": 2459473.6642245,
            "ra": 276.0237683,
            "dec": 30.2366448,
            "fid": 2,
            "nid": 1719,
            "magpsf": 19.045700073242188,
            "sigmapsf": 0.11278600245714188,
            "magnr": 17.03700065612793,
            "sigmagnr": 0.052000001072883606,
            "magzpsci": 26.270700454711914,
            "isdiffpos": "t",
            "ssdistnr": null,
            "ssnamenr": null,
            "drb": null
        },
        {
            "candid": 1722204670715015004,
            "jd": 2459476.7046759,
            "ra": 276.0236446,
            "dec": 30.2366583,
            "fid": 2,
            "nid": 1722,
            "magpsf": 19.201900482177734,
            "sigmapsf": 0.19729700684547424,
            "magnr": 17.03700065612793,
            "sigmagnr": 0.052000001072883606,
            "magzpsci": 26.25589942932129,
            "isdiffpos": "t",
            "ssdistnr": null,
            "ssnamenr": null,
            "drb": null
        },
        {
            "candid": 1722222110715015004,
            "jd": 2459476.7221181,
            "ra": 276.0236678,
            "dec": 30.236732,
            "fid": 1,
            "nid": 1722,
            "magpsf": 19.704200744628906,
            "sigmapsf": 0.23592999577522278,
            "magnr": 18.082000732421875,
            "sigmagnr": 0.03799999877810478,
            "magzpsci": 26.300199508666992,
            "isdiffpos": "t",
            "ssdistnr": null,
            "ssnamenr": null,
            "drb": null
        },
        {
            "candid": 1724187550715015007,
            "jd": 2459478.6875579,
            "ra": 276.0237253,
            "dec": 30.236608,
            "fid": 2,
            "nid": 1724,
            "magpsf": 19.332000732421875,
            "sigmapsf": 0.2220650017261505,
            "magnr": 17.03700065612793,
            "sigmagnr": 0.052000001072883606,
            "magzpsci": 26.25200080871582,
            "isdiffpos": "t",
            "ssdistnr": null,
            "ssnamenr": null,
            "drb": null
        },
        {
            "candid": 1726195240715015003,
            "jd": 2459480.6952431,
            "ra": 276.0237737,
            "dec": 30.2366092,
            "fid": 2,
            "nid": 1726,
            "magpsf": 19.183500289916992,
            "sigmapsf": 0.1509000062942505,
            "magnr": 17.03700065612793,
            "sigmagnr": 0.052000001072883606,
            "magzpsci": 26.230499267578125,
            "isdiffpos": "t",
            "ssdistnr": null,
            "ssnamenr": null,
            "drb": null
        },
        {
            "candid": 1731216430715015003,
            "jd": 2459485.7164352,
            "ra": 276.0237125,
            "dec": 30.2365634,
            "fid": 2,
            "nid": 1731,
            "magpsf": 19.58919906616211,
            "sigmapsf": 0.17535200715065002,
            "magnr": 17.03700065612793,
            "sigmagnr": 0.052000001072883606,
            "magzpsci": 25.983200073242188,
            "isdiffpos": "t",
            "ssdistnr": null,
            "ssnamenr": null,
            "drb": null
        },
        {
            "candid": 1733145030715015003,
            "jd": 2459487.6450347,
            "ra": 276.0236616,
            "dec": 30.2366236,
            "fid": 2,
            "nid": 1733,
            "magpsf": 19.54327964782715,
            "sigmapsf": 0.1708569973707199,
            "magnr": 17.03700065612793,
            "sigmagnr": 0.052000001072883606,
            "magzpsci": 26.22127914428711,
            "isdiffpos": "t",
            "ssdistnr": -999.0,
            "ssnamenr": "null",
            "drb": null
        },
        {
            "jd": 2459425.7539468,
            "fid": 1,
            "diffmaglim": 20.75119972229004
        },
        {
            "jd": 2459427.7993866,
            "fid": 1,
            "diffmaglim": 20.79829978942871
        },
        {
            "jd": 2459427.8517361,
            "fid": 2,
            "diffmaglim": 20.515899658203125
        },
        {
            "jd": 2459429.7413079,
            "fid": 2,
            "diffmaglim": 20.774599075317383
        },
        {
            "jd": 2459429.8109375,
            "fid": 1,
            "diffmaglim": 20.818599700927734
        },
        {
            "jd": 2459434.7044329,
            "fid": 2,
            "diffmaglim": 20.75
        },
        {
            "jd": 2459434.7546181,
            "fid": 1,
            "diffmaglim": 20.823200225830078
        },
        {
            "jd": 2459436.7226042,
            "fid": 2,
            "diffmaglim": 20.68939971923828
        },
        {
            "jd": 2459436.7556713,
            "fid": 1,
            "diffmaglim": 20.75349998474121
        },
        {
            "jd": 2459439.7165046,
            "fid": 2,
            "diffmaglim": 20.40329933166504
        },
        {
            "jd": 2459439.7574769,
            "fid": 1,
            "diffmaglim": 20.392099380493164
        },
        {
            "jd": 2459441.756169,
            "fid": 1,
            "diffmaglim": 20.508699417114258
        },
        {
            "jd": 2459443.7021875,
            "fid": 1,
            "diffmaglim": 19.74690055847168
        },
        {
            "jd": 2459443.7559954,
            "fid": 2,
            "diffmaglim": 19.766799926757812
        },
        {
            "jd": 2459447.7251273,
            "fid": 2,
            "diffmaglim": 19.457300186157227
        },
        {
            "jd": 2459447.8013889,
            "fid": 1,
            "diffmaglim": 18.954700469970703
        },
        {
            "jd": 2459450.7254398,
            "fid": 1,
            "diffmaglim": 19.69569969177246
        },
        {
            "jd": 2459450.7880324,
            "fid": 2,
            "diffmaglim": 19.32069969177246
        },
        {
            "jd": 2459452.7211806,
            "fid": 2,
            "diffmaglim": 20.46780014038086
        },
        {
            "jd": 2459452.7885417,
            "fid": 1,
            "diffmaglim": 20.16080093383789
        },
        {
            "jd": 2459454.7132755,
            "fid": 1,
            "diffmaglim": 20.644500732421875
        },
        {
            "jd": 2459473.6730093,
            "fid": 1,
            "diffmaglim": 20.163799285888672
        },
        {
            "jd": 2459478.6385417,
            "fid": 1,
            "diffmaglim": 19.512300491333008
        },
        {
            "jd": 2459480.6423958,
            "fid": 1,
            "diffmaglim": 20.2726993560791
        }
    ],
    "forcedphot": []
}