{
    "objectId": "ZTF24abisbqg",
    "candidates": [
        {
            "candid": 2822414884615015015,
            "jd": 2460576.9148843,
            "ra": 40.7477932,
            "dec": 11.957826,
            "fid": 2,
            "nid": 2822,
            "magpsf": 18.765899658203125,
            "sigmapsf": 0.0612029992043972,
            "magnr": 19.224000930786133,
            "sigmagnr": 0.11400000005960464,
            "magzpsci": 26.296899795532227,
            "isdiffpos": "t",
            "ssdistnr": null,
            "ssnamenr": null,
            "drb": 0.9999982714653015
        },
        {
            "candid": 2822476404615015010,
            "jd": 2460576.9764005,
            "ra": 40.7477983,
            "dec": 11.9578574,
            "fid": 3,
            "nid": 2822,
            "magpsf": 19.0851993560791,
            "sigmapsf": 0.1486400067806244,
            "magnr": 19.0,
            "sigmagnr": 0.15199999511241913,
            "magzpsci": 25.702199935913086,
            "isdiffpos": "t",
            "ssdistnr": null,
            "ssnamenr": null,
            "drb": null
        },
        {
            "candid": 2823324124615015011,
            "jd": 2460577.8241204,
            "ra": 40.7477806,
            "dec": 11.9578611,
            "fid": 3,
            "nid": 2823,
            "magpsf": 18.91659927368164,
            "sigmapsf": 0.10436099767684937,
            "magnr": 19.0,
            "sigmagnr": 0.15199999511241913,
            "magzpsci": 25.697599411010742,
            "isdiffpos": "t",
            "ssdistnr": null,
            "ssnamenr": null,
            "drb": null
        },
        {
            "candid": 2823427484615015017,
            "jd": 2460577.9274884,
            "ra": 40.747795,
            "dec": 11.95783,
            "fid": 2,
            "nid": 2823,
            "magpsf": 18.738100051879883,
            "sigmapsf": 0.08817800134420395,
            "magnr": 19.224000930786133,
            "sigmagnr": 0.11400000005960464,
            "magzpsci": 26.270099639892578,
            "isdiffpos": "t",
            "ssdistnr": null,
            "ssnamenr": null,
            "drb": null
        },
        {
            "candid": 2825477524615015016,
            "jd": 2460579.9775231,
            "ra": 40.7478017,
            "dec": 11.9578175,
            "fid": 2,
            "nid": 2825,
            "magpsf": 18.428300857543945,
            "sigmapsf": 0.06998699903488159,
            "magnr": 19.224000930786133,
            "sigmagnr": 0.11400000005960464,
            "magzpsci": 26.273300170898438,
            "isdiffpos": "t",
            "ssdistnr": null,
            "ssnamenr": null,
            "drb": null
        },
        {
            "candid": 2827474954615015026,
            "jd": 2460581.9749537,
            "ra": 40.7477992,
            "dec": 11.9578389,
            "fid": 2,
            "nid": 2827,
            "magpsf": 18.223400115966797,
            "sigmapsf": 0.0632610023021698,
            "magnr": 19.224000930786133,
            "sigmagnr": 0.11400000005960464,
            "magzpsci": 26.284400939941406,
            "isdiffpos": "t",
            "ssdistnr": null,
            "ssnamenr": null,
            "drb": null
        },
        {
            "candid": 2838422824615015027,
            "jd": 2460592.9228241,
            "ra": 40.7477925,
            "dec": 11.9578263,
            "fid": 2,
            "nid": 2838,
            "magpsf": 18.055400848388672,
            "sigmapsf": 0.04600200057029724,
            "magnr": 19.224000930786133,
            "sigmagnr": 0.11400000005960464,
            "magzpsci": 26.285400390625,
            "isdiffpos": "t",
            "ssdistnr": null,
            "ssnamenr": null,
            "drb": null
        },
        {
            "candid": 2840411284615015021,
            "jd": 2460594.9112847,
            "ra": 40.7477875,
            "dec": 11.9578269,
            "fid": 2,
            "nid": 2840,
            "magpsf": 18.14459991455078,
            "sigmapsf": 0.05256199836730957,
            "magnr": 19.224000930786133,
            "sigmagnr": 0.11400000005960464,
            "magzpsci": 26.292600631713867,
            "isdiffpos": "t",
            "ssdistnr": null,
            "ssnamenr": null,
            "drb": null
        },
        {
            "candid": 2842399224615015025,
            "jd": 2460596.8992245,
            "ra": 40.7477963,
            "dec": 11.9578356,
            "fid": 2,
            "nid": 2842,
            "magpsf": 18.295499801635742,
            "sigmapsf": 0.07417699694633484,
            "magnr": 19.224000930786133,
            "sigmagnr": 0.11400000005960464,
            "magzpsci": 26.304500579833984,
            "isdiffpos": "t",
            "ssdistnr": null,
            "ssnamenr": null,
            "drb": null
        },
        {
            "candid": 2842399224615035025,
            "jd": 2460596.8992245,
            "ra": 40.7477963,
            "dec": 11.9578356,
            "fid": 2,
            "nid": 2842,
            "magpsf": 18.295499801635742,
            "sigmapsf": 0.07417699694633484,
            "magnr": 19.224000930786133,
            "sigmagnr": 0.11400000005960464,
            "magzpsci": 26.304500579833984,
            "isdiffpos": "t",
            "ssdistnr": null,
            "ssnamenr": null,
            "drb": null
        },
        {
            "candid": 2844378544615015016,
            "jd": 2460598.8785417,
            "ra": 40.7477962,
            "dec": 11.9578139,
            "fid": 2,
            "nid": 2844,
            "magpsf": 18.403200149536133,
            "sigmapsf": 0.07740899920463562,
            "magnr": 19.224000930786133,
            "sigmagnr": 0.11400000005960464,
            "magzpsci": 26.29520034790039,
            "isdiffpos": "t",
            "ssdistnr": null,
            "ssnamenr": null,
            "drb": null
        },
        {
            "candid": 2846432694615015018,
            "jd": 2460600.9326968,
            "ra": 40.7477432,
            "dec": 11.9578106,
            "fid": 2,
            "nid": 2846,
            "magpsf": 18.563400268554688,
            "sigmapsf": 0.11488299816846848,
            "magnr": 19.224000930786133,
            "sigmagnr": 0.11400000005960464,
            "magzpsci": 26.312400817871094,
            "isdiffpos": "t",
            "ssdistnr": null,
            "ssnamenr": null,
            "drb": null
        },
        {
            "candid": 2849377764615015014,
            "jd": 2460603.8777662,
            "ra": 40.7477869,
            "dec": 11.9578039,
            "fid": 2,
            "nid": 2849,
            "magpsf": 18.591400146484375,
            "sigmapsf": 0.07835900038480759,
            "magnr": 19.224000930786133,
            "sigmagnr": 0.11400000005960464,
            "magzpsci": 26.304399490356445,
            "isdiffpos": "t",
            "ssdistnr": null,
            "ssnamenr": null,
            "drb": null
        },
        {
            "candid": 2853289864615015029,
            "jd": 2460607.7898611,
            "ra": 40.7477753,
            "dec": 11.9578211,
            "fid": 2,
            "nid": 2853,
            "magpsf": 18.71299934387207,
            "sigmapsf": 0.06639199703931808,
            "magnr": 19.224000930786133,
            "sigmagnr": 0.11400000005960464,
            "magzpsci": 26.299999237060547,
            "isdiffpos": "t",
            "ssdistnr": null,
            "ssnamenr": null,
            "drb": null
        },
        {
            "candid": 2855319884615015028,
            "jd": 2460609.8198843,
            "ra": 40.7477758,
            "dec": 11.9578111,
            "fid": 2,
            "nid": 2855,
            "magpsf": 18.72260093688965,
            "sigmapsf": 0.07197000086307526,
            "magnr": 19.224000930786133,
            "sigmagnr": 0.11400000005960464,
            "magzpsci": 26.250600814819336,
            "isdiffpos": "t",
            "ssdistnr": null,
            "ssnamenr": null,
            "drb": null
        },
        {
            "candid": 2857320794615015024,
            "jd": 2460611.8207986,
            "ra": 40.7477843,
            "dec": 11.957827,
            "fid": 2,
            "nid": 2857,
            "magpsf": 18.69300079345703,
            "sigmapsf": 0.09630999714136124,
            "magnr": 19.224000930786133,
            "sigmagnr": 0.11400000005960464,
            "magzpsci": 26.263999938964844,
            "isdiffpos": "t",
            "ssdistnr": null,
            "ssnamenr": null,
            "drb": null
        },
        {
            "candid": 2861364694615015037,
            "jd": 2460615.8646991,
            "ra": 40.7477957,
            "dec": 11.9578404,
            "fid": 2,
            "nid": 2861,
            "magpsf": 18.822900772094727,
            "sigmapsf": 0.08280900120735168,
            "magnr": 19.224000930786133,
            "sigmagnr": 0.11400000005960464,
            "magzpsci": 26.28689956665039,
            "isdiffpos": "t",
            "ssdistnr": null,
            "ssnamenr": null,
            "drb": null
        },
        {
            "candid": 2864309874615015030,
            "jd": 2460618.8098727,
            "ra": 40.7477842,
            "dec": 11.9578343,
            "fid": 2,
            "nid": 2864,
            "magpsf": 18.90130043029785,
            "sigmapsf": 0.07574799656867981,
            "magnr": 19.224000930786133,
            "sigmagnr": 0.11400000005960464,
            "magzpsci": 26.273300170898438,
            "isdiffpos": "t",
            "ssdistnr": null,
            "ssnamenr": null,
            "drb": null
        },
        {
            "candid": 2868410204615015016,
            "jd": 2460622.9102083,
            "ra": 40.7477774,
            "dec": 11.9576775,
            "fid": 2,
            "nid": 2868,
            "magpsf": 18.97760009765625,
            "sigmapsf": 0.1035510003566742,
            "magnr": 19.224000930786133,
            "sigmagnr": 0.11400000005960464,
            "magzpsci": 26.268600463867188,
            "isdiffpos": "t",
            "ssdistnr": null,
            "ssnamenr": null,
            "drb": null
        },
        {
            "candid": 2870332594615015023,
            "jd": 2460624.8325926,
            "ra": 40.7478627,
            "dec": 11.9578431,
            "fid": 2,
            "nid": 2870,
            "magpsf": 19.25469970703125,
            "sigmapsf": 0.130512997508049,
            "magnr": 19.224000930786133,
            "sigmagnr": 0.11400000005960464,
            "magzpsci": 26.077699661254883,
            "isdiffpos": "t",
            "ssdistnr": null,
            "ssnamenr": null,
            "drb": null
        },
        {
            "candid": 2872291894615015025,
            "jd": 2460626.7918981,
            "ra": 40.7478148,
            "dec": 11.9578416,
            "fid": 2,
            "nid": 2872,
            "magpsf": 19.352800369262695,
            "sigmapsf": 0.17213499546051025,
            "magnr": 19.224000930786133,
            "sigmagnr": 0.11400000005960464,
            "magzpsci": 26.287799835205078,
            "isdiffpos": "t",
            "ssdistnr": null,
            "ssnamenr": null,
            "drb": null
        },
        {
            "candid": 2880276134615015028,
            "jd": 2460634.7761343,
            "ra": 40.7477973,
            "dec": 11.9578283,
            "fid": 2,
            "nid": 2880,
            "magpsf": 19.84950065612793,
            "sigmapsf": 0.20497900247573853,
            "magnr": 19.224000930786133,
            "sigmagnr": 0.11400000005960464,
            "magzpsci": 26.282499313354492,
            "isdiffpos": "t",
            "ssdistnr": null,
            "ssnamenr": null,
            "drb": null
        },
        {
            "candid": 2881258754615015033,
            "jd": 2460635.75875,
            "ra": 40.7478255,
            "dec": 11.9578325,
            "fid": 2,
            "nid": 2881,
            "magpsf": 19.56839942932129,
            "sigmapsf": 0.0991709977388382,
            "magnr": 19.224000930786133,
            "sigmagnr": 0.11400000005960464,
            "magzpsci": 26.284400939941406,
            "isdiffpos": "t",
            "ssdistnr": null,
            "ssnamenr": null,
            "drb": null
        },
        {
            "candid": 2883296634615015015,
            "jd": 2460637.7966319,
            "ra": 40.7478322,
            "dec": 11.9578243,
            "fid": 2,
            "nid": 2883,
            "magpsf": 19.9512996673584,
            "sigmapsf": 0.19069300591945648,
            "magnr": 19.224000930786133,
            "sigmagnr": 0.11400000005960464,
            "magzpsci": 26.290300369262695,
            "isdiffpos": "t",
            "ssdistnr": null,
            "ssnamenr": null,
            "drb": null
        },
        {
            "candid": 2886259764615015213,
            "jd": 2460640.7597685,
            "ra": 40.7477121,
            "dec": 11.9577626,
            "fid": 2,
            "nid": 2886,
            "magpsf": 19.91789436340332,
            "sigmapsf": 0.1716444045305252,
            "magnr": 19.2239990234375,
            "sigmagnr": 0.11400000005960464,
            "magzpsci": 26.208894729614258,
            "isdiffpos": "t",
            "ssdistnr": -999.0,
            "ssnamenr": "null",
            "drb": null
        },
        {
            "candid": 2886259764615025213,
            "jd": 2460640.7597685,
            "ra": 40.7477121,
            "dec": 11.9577626,
            "fid": 2,
            "nid": 2886,
            "magpsf": 19.91790008544922,
            "sigmapsf": 0.17164400219917297,
            "magnr": 19.224000930786133,
            "sigmagnr": 0.11400000005960464,
            "magzpsci": 26.208900451660156,
            "isdiffpos": "t",
            "ssdistnr": null,
            "ssnamenr": null,
            "drb": null
        },
        {
            "candid": 2890301894615015026,
            "jd": 2460644.8018981,
            "ra": 40.7477496,
            "dec": 11.9578416,
            "fid": 2,
            "nid": 2890,
            "magpsf": 19.931888580322266,
            "sigmapsf": 0.1770998239517212,
            "magnr": 19.2239990234375,
            "sigmagnr": 0.11400000005960464,
            "magzpsci": 26.276887893676758,
            "isdiffpos": "t",
            "ssdistnr": -999.0,
            "ssnamenr": "null",
            "drb": null
        },
        {
            "jd": 2460548.9344907,
            "fid": 1,
            "diffmaglim": 19.990400314331055
        },
        {
            "jd": 2460550.9221412,
            "fid": 2,
            "diffmaglim": 20.531099319458008
        },
        {
            "jd": 2460550.9667014,
            "fid": 1,
            "diffmaglim": 20.566299438476562
        },
        {
            "jd": 2460552.8940972,
            "fid": 2,
            "diffmaglim": 20.67009925842285
        },
        {
            "jd": 2460552.9433333,
            "fid": 1,
            "diffmaglim": 20.71980094909668
        },
        {
            "jd": 2460555.9436574,
            "fid": 2,
            "diffmaglim": 20.58060073852539
        },
        {
            "jd": 2460555.9945023,
            "fid": 1,
            "diffmaglim": 20.734399795532227
        },
        {
            "jd": 2460558.9425,
            "fid": 2,
            "diffmaglim": 20.553300857543945
        },
        {
            "jd": 2460558.9640625,
            "fid": 1,
            "diffmaglim": 20.47089958190918
        },
        {
            "jd": 2460560.9056481,
            "fid": 1,
            "diffmaglim": 20.516399383544922
        },
        {
            "jd": 2460560.9331597,
            "fid": 2,
            "diffmaglim": 20.287099838256836
        },
        {
            "jd": 2460562.9210069,
            "fid": 2,
            "diffmaglim": 20.510900497436523
        },
        {
            "jd": 2460562.946794,
            "fid": 1,
            "diffmaglim": 20.574199676513672
        },
        {
            "jd": 2460565.9369444,
            "fid": 1,
            "diffmaglim": 20.832199096679688
        },
        {
            "jd": 2460565.9440972,
            "fid": 2,
            "diffmaglim": 20.687999725341797
        },
        {
            "jd": 2460568.8812616,
            "fid": 2,
            "diffmaglim": 20.25349998474121
        },
        {
            "jd": 2460568.9398958,
            "fid": 1,
            "diffmaglim": 20.882200241088867
        },
        {
            "jd": 2460572.9141782,
            "fid": 1,
            "diffmaglim": 19.2731990814209
        },
        {
            "jd": 2460576.8638773,
            "fid": 1,
            "diffmaglim": 19.742900848388672
        },
        {
            "jd": 2460577.8904514,
            "fid": 1,
            "diffmaglim": 20.196399688720703
        },
        {
            "jd": 2460579.8966898,
            "fid": 1,
            "diffmaglim": 20.586299896240234
        },
        {
            "jd": 2460592.8891667,
            "fid": 1,
            "diffmaglim": 20.592899322509766
        },
        {
            "jd": 2460596.9315509,
            "fid": 1,
            "diffmaglim": 20.787099838256836
        },
        {
            "jd": 2460598.7561921,
            "fid": 1,
            "diffmaglim": 19.503700256347656
        },
        {
            "jd": 2460600.8369444,
            "fid": 1,
            "diffmaglim": 18.87980079650879
        },
        {
            "jd": 2460603.8542245,
            "fid": 1,
            "diffmaglim": 19.531400680541992
        },
        {
            "jd": 2460607.8655324,
            "fid": 1,
            "diffmaglim": 20.284799575805664
        },
        {
            "jd": 2460609.8565162,
            "fid": 1,
            "diffmaglim": 20.69339942932129
        },
        {
            "jd": 2460615.8849306,
            "fid": 1,
            "diffmaglim": 20.572599411010742
        },
        {
            "jd": 2460618.8581829,
            "fid": 1,
            "diffmaglim": 20.23430061340332
        },
        {
            "jd": 2460620.8230556,
            "fid": 2,
            "diffmaglim": 18.43400001525879
        },
        {
            "jd": 2460620.8393981,
            "fid": 1,
            "diffmaglim": 19.235700607299805
        },
        {
            "jd": 2460622.7910069,
            "fid": 1,
            "diffmaglim": 20.326000213623047
        },
        {
            "jd": 2460624.8582986,
            "fid": 1,
            "diffmaglim": 20.400699615478516
        },
        {
            "jd": 2460626.7676273,
            "fid": 1,
            "diffmaglim": 19.378599166870117
        },
        {
            "jd": 2460631.8187616,
            "fid": 2,
            "diffmaglim": 19.447099685668945
        },
        {
            "jd": 2460634.7564815,
            "fid": 1,
            "diffmaglim": 19.91010093688965
        },
        {
            "jd": 2460635.7406829,
            "fid": 1,
            "diffmaglim": 20.035900115966797
        },
        {
            "jd": 2460637.7321644,
            "fid": 1,
            "diffmaglim": 20.533700942993164
        },
        {
            "jd": 2460640.7460417,
            "fid": 1,
            "diffmaglim": 20.578500747680664
        }
    ],
    "forcedphot": [
        {
            "objectid": "ZTF24abisbqg",
            "jd": 2460548.9784722,
            "ranr": -99999.0,
            "decnr": -99999.0,
            "fid": 1,
            "forcediffimflux": -99999.0,
            "forcediffimfluxunc": -99999.0,
            "magzpsci": 26.310100555419922
        },
        {
            "objectid": "ZTF24abisbqg",
            "jd": 2460550.9221412,
            "ranr": 40.7475907,
            "decnr": 11.9571162,
            "fid": 2,
            "forcediffimflux": -34.50050735473633,
            "forcediffimfluxunc": 24.779287338256836,
            "magzpsci": 26.292800903320312
        },
        {
            "objectid": "ZTF24abisbqg",
            "jd": 2460550.9667014,
            "ranr": 40.7475953,
            "decnr": 11.957081,
            "fid": 1,
            "forcediffimflux": 0.1419060081243515,
            "forcediffimfluxunc": 0.18450699746608734,
            "magzpsci": 26.344900131225586
        },
        {
            "objectid": "ZTF24abisbqg",
            "jd": 2460552.8955093,
            "ranr": -99999.0,
            "decnr": -99999.0,
            "fid": 2,
            "forcediffimflux": -99999.0,
            "forcediffimfluxunc": -99999.0,
            "magzpsci": 26.224199295043945
        },
        {
            "objectid": "ZTF24abisbqg",
            "jd": 2460552.9433333,
            "ranr": 40.7476403,
            "decnr": 11.9585953,
            "fid": 1,
            "forcediffimflux": 0.0994081050157547,
            "forcediffimfluxunc": 0.10936500132083893,
            "magzpsci": 26.375
        },
        {
            "objectid": "ZTF24abisbqg",
            "jd": 2460555.9436574,
            "ranr": 40.7475907,
            "decnr": 11.9571162,
            "fid": 2,
            "forcediffimflux": 12.970672607421875,
            "forcediffimfluxunc": 23.44989013671875,
            "magzpsci": 26.266199111938477
        },
        {
            "objectid": "ZTF24abisbqg",
            "jd": 2460555.9987616,
            "ranr": -99999.0,
            "decnr": -99999.0,
            "fid": 1,
            "forcediffimflux": -99999.0,
            "forcediffimfluxunc": -99999.0,
            "magzpsci": 26.242399215698242
        },
        {
            "objectid": "ZTF24abisbqg",
            "jd": 2460558.9425,
            "ranr": 40.7475907,
            "decnr": 11.9571162,
            "fid": 2,
            "forcediffimflux": -15.47917366027832,
            "forcediffimfluxunc": 24.75982666015625,
            "magzpsci": 26.274700164794922
        },
        {
            "objectid": "ZTF24abisbqg",
            "jd": 2460558.9640625,
            "ranr": 40.7476403,
            "decnr": 11.9585953,
            "fid": 1,
            "forcediffimflux": 0.1321135312318802,
            "forcediffimfluxunc": 0.18281100690364838,
            "magzpsci": 26.331100463867188
        },
        {
            "objectid": "ZTF24abisbqg",
            "jd": 2460560.9056481,
            "ranr": 40.7476403,
            "decnr": 11.9585953,
            "fid": 1,
            "forcediffimflux": -0.02268640697002411,
            "forcediffimfluxunc": 0.07587599754333496,
            "magzpsci": 26.080900192260742
        },
        {
            "objectid": "ZTF24abisbqg",
            "jd": 2460560.9341088,
            "ranr": -99999.0,
            "decnr": -99999.0,
            "fid": 2,
            "forcediffimflux": -99999.0,
            "forcediffimfluxunc": -99999.0,
            "magzpsci": 26.121999740600586
        },
        {
            "objectid": "ZTF24abisbqg",
            "jd": 2460562.9210069,
            "ranr": 40.7475907,
            "decnr": 11.9571162,
            "fid": 2,
            "forcediffimflux": 25.326326370239258,
            "forcediffimfluxunc": 23.910728454589844,
            "magzpsci": 26.158700942993164
        },
        {
            "objectid": "ZTF24abisbqg",
            "jd": 2460562.9813657,
            "ranr": -99999.0,
            "decnr": -99999.0,
            "fid": 1,
            "forcediffimflux": -99999.0,
            "forcediffimfluxunc": -99999.0,
            "magzpsci": 26.08489990234375
        },
        {
            "objectid": "ZTF24abisbqg",
            "jd": 2460565.9369444,
            "ranr": 40.7475953,
            "decnr": 11.957081,
            "fid": 1,
            "forcediffimflux": 0.004270107485353947,
            "forcediffimfluxunc": 0.1300390064716339,
            "magzpsci": 26.327600479125977
        },
        {
            "objectid": "ZTF24abisbqg",
            "jd": 2460565.9459838,
            "ranr": -99999.0,
            "decnr": -99999.0,
            "fid": 2,
            "forcediffimflux": -99999.0,
            "forcediffimfluxunc": -99999.0,
            "magzpsci": 26.321699142456055
        },
        {
            "objectid": "ZTF24abisbqg",
            "jd": 2460568.8812616,
            "ranr": 40.7475907,
            "decnr": 11.9571162,
            "fid": 2,
            "forcediffimflux": -3.7486941814422607,
            "forcediffimfluxunc": 35.31316375732422,
            "magzpsci": 26.291400909423828
        },
        {
            "objectid": "ZTF24abisbqg",
            "jd": 2460568.9398958,
            "ranr": 40.7475953,
            "decnr": 11.957081,
            "fid": 1,
            "forcediffimflux": 0.02806943841278553,
            "forcediffimfluxunc": 0.06027799844741821,
            "magzpsci": 26.369400024414062
        },
        {
            "objectid": "ZTF24abisbqg",
            "jd": 2460572.9141782,
            "ranr": 40.7475953,
            "decnr": 11.957081,
            "fid": 1,
            "forcediffimflux": -0.17671503126621246,
            "forcediffimfluxunc": 0.5399969816207886,
            "magzpsci": 26.36590003967285
        },
        {
            "objectid": "ZTF24abisbqg",
            "jd": 2460575.8612037,
            "ranr": -99999.0,
            "decnr": -99999.0,
            "fid": 2,
            "forcediffimflux": -99999.0,
            "forcediffimfluxunc": -99999.0,
            "magzpsci": 26.29520034790039
        },
        {
            "objectid": "ZTF24abisbqg",
            "jd": 2460575.915081,
            "ranr": -99999.0,
            "decnr": -99999.0,
            "fid": 1,
            "forcediffimflux": -99999.0,
            "forcediffimfluxunc": -99999.0,
            "magzpsci": 26.304800033569336
        },
        {
            "objectid": "ZTF24abisbqg",
            "jd": 2460575.9631481,
            "ranr": -99999.0,
            "decnr": -99999.0,
            "fid": 3,
            "forcediffimflux": -99999.0,
            "forcediffimfluxunc": -99999.0,
            "magzpsci": 25.680500030517578
        },
        {
            "objectid": "ZTF24abisbqg",
            "jd": 2460576.8638773,
            "ranr": 40.7475953,
            "decnr": 11.957081,
            "fid": 1,
            "forcediffimflux": 0.03972278907895088,
            "forcediffimfluxunc": 0.23919400572776794,
            "magzpsci": 26.194299697875977
        },
        {
            "objectid": "ZTF24abisbqg",
            "jd": 2460576.9158333,
            "ranr": -99999.0,
            "decnr": -99999.0,
            "fid": 2,
            "forcediffimflux": -99999.0,
            "forcediffimfluxunc": -99999.0,
            "magzpsci": 26.238100051879883
        },
        {
            "objectid": "ZTF24abisbqg",
            "jd": 2460576.9614005,
            "ranr": -99999.0,
            "decnr": -99999.0,
            "fid": 3,
            "forcediffimflux": -99999.0,
            "forcediffimfluxunc": -99999.0,
            "magzpsci": 25.761499404907227
        },
        {
            "objectid": "ZTF24abisbqg",
            "jd": 2460576.9764005,
            "ranr": 40.7476234,
            "decnr": 11.9572776,
            "fid": 3,
            "forcediffimflux": 450.8006591796875,
            "forcediffimfluxunc": 35.794471740722656,
            "magzpsci": 25.702199935913086
        },
        {
            "objectid": "ZTF24abisbqg",
            "jd": 2460577.8241204,
            "ranr": 40.7476234,
            "decnr": 11.9572776,
            "fid": 3,
            "forcediffimflux": 526.1744995117188,
            "forcediffimfluxunc": 33.57413101196289,
            "magzpsci": 25.697599411010742
        },
        {
            "objectid": "ZTF24abisbqg",
            "jd": 2460577.891875,
            "ranr": -99999.0,
            "decnr": -99999.0,
            "fid": 1,
            "forcediffimflux": -99999.0,
            "forcediffimfluxunc": -99999.0,
            "magzpsci": 26.315099716186523
        },
        {
            "objectid": "ZTF24abisbqg",
            "jd": 2460577.9256134,
            "ranr": -99999.0,
            "decnr": -99999.0,
            "fid": 2,
            "forcediffimflux": -99999.0,
            "forcediffimfluxunc": -99999.0,
            "magzpsci": 26.2450008392334
        },
        {
            "objectid": "ZTF24abisbqg",
            "jd": 2460577.9274884,
            "ranr": 40.7475907,
            "decnr": 11.9571162,
            "fid": 2,
            "forcediffimflux": 1072.6173095703125,
            "forcediffimfluxunc": 35.573974609375,
            "magzpsci": 26.270099639892578
        },
        {
            "objectid": "ZTF24abisbqg",
            "jd": 2460578.0127894,
            "ranr": -99999.0,
            "decnr": -99999.0,
            "fid": 3,
            "forcediffimflux": -99999.0,
            "forcediffimfluxunc": -99999.0,
            "magzpsci": 25.682300567626953
        },
        {
            "objectid": "ZTF24abisbqg",
            "jd": 2460579.8966898,
            "ranr": 40.7475953,
            "decnr": 11.957081,
            "fid": 1,
            "forcediffimflux": -0.16458523273468018,
            "forcediffimfluxunc": 0.14941400289535522,
            "magzpsci": 26.31920051574707
        },
        {
            "objectid": "ZTF24abisbqg",
            "jd": 2460579.9911921,
            "ranr": -99999.0,
            "decnr": -99999.0,
            "fid": 2,
            "forcediffimflux": -99999.0,
            "forcediffimfluxunc": -99999.0,
            "magzpsci": 26.326000213623047
        },
        {
            "objectid": "ZTF24abisbqg",
            "jd": 2460581.9749537,
            "ranr": 40.7475907,
            "decnr": 11.9571162,
            "fid": 2,
            "forcediffimflux": 1767.8724365234375,
            "forcediffimfluxunc": 32.46494674682617,
            "magzpsci": 26.284400939941406
        },
        {
            "objectid": "ZTF24abisbqg",
            "jd": 2460582.873044,
            "ranr": -99999.0,
            "decnr": -99999.0,
            "fid": 2,
            "forcediffimflux": -99999.0,
            "forcediffimfluxunc": -99999.0,
            "magzpsci": 26.319599151611328
        },
        {
            "objectid": "ZTF24abisbqg",
            "jd": 2460582.8989815,
            "ranr": -99999.0,
            "decnr": -99999.0,
            "fid": 1,
            "forcediffimflux": -99999.0,
            "forcediffimfluxunc": -99999.0,
            "magzpsci": 26.350000381469727
        },
        {
            "objectid": "ZTF24abisbqg",
            "jd": 2460592.8905903,
            "ranr": -99999.0,
            "decnr": -99999.0,
            "fid": 1,
            "forcediffimflux": -99999.0,
            "forcediffimfluxunc": -99999.0,
            "magzpsci": 26.264400482177734
        },
        {
            "objectid": "ZTF24abisbqg",
            "jd": 2460592.9242477,
            "ranr": -99999.0,
            "decnr": -99999.0,
            "fid": 2,
            "forcediffimflux": -99999.0,
            "forcediffimfluxunc": -99999.0,
            "magzpsci": 26.2549991607666
        },
        {
            "objectid": "ZTF24abisbqg",
            "jd": 2460594.8303704,
            "ranr": -99999.0,
            "decnr": -99999.0,
            "fid": 1,
            "forcediffimflux": -99999.0,
            "forcediffimfluxunc": -99999.0,
            "magzpsci": 26.350299835205078
        },
        {
            "objectid": "ZTF24abisbqg",
            "jd": 2460594.9131713,
            "ranr": -99999.0,
            "decnr": -99999.0,
            "fid": 2,
            "forcediffimflux": -99999.0,
            "forcediffimfluxunc": -99999.0,
            "magzpsci": 26.33989906311035
        },
        {
            "objectid": "ZTF24abisbqg",
            "jd": 2460596.8271875,
            "ranr": -99999.0,
            "decnr": -99999.0,
            "fid": 1,
            "forcediffimflux": -99999.0,
            "forcediffimfluxunc": -99999.0,
            "magzpsci": 26.28070068359375
        },
        {
            "objectid": "ZTF24abisbqg",
            "jd": 2460596.8992245,
            "ranr": 40.7475907,
            "decnr": 11.9571162,
            "fid": 2,
            "forcediffimflux": 1656.4415283203125,
            "forcediffimfluxunc": 32.90656661987305,
            "magzpsci": 26.304500579833984
        },
        {
            "objectid": "ZTF24abisbqg",
            "jd": 2460596.9315509,
            "ranr": 40.7476403,
            "decnr": 11.9585953,
            "fid": 1,
            "forcediffimflux": 0.047353245317935944,
            "forcediffimfluxunc": 0.08572600036859512,
            "magzpsci": 26.339599609375
        },
        {
            "objectid": "ZTF24abisbqg",
            "jd": 2460598.7561921,
            "ranr": 40.7476403,
            "decnr": 11.9585953,
            "fid": 1,
            "forcediffimflux": 0.8728684186935425,
            "forcediffimfluxunc": 0.3668990135192871,
            "magzpsci": 26.309900283813477
        },
        {
            "objectid": "ZTF24abisbqg",
            "jd": 2460598.8642593,
            "ranr": -99999.0,
            "decnr": -99999.0,
            "fid": 2,
            "forcediffimflux": -99999.0,
            "forcediffimfluxunc": -99999.0,
            "magzpsci": 26.33650016784668
        },
        {
            "objectid": "ZTF24abisbqg",
            "jd": 2460598.8785417,
            "ranr": 40.7475907,
            "decnr": 11.9571162,
            "fid": 2,
            "forcediffimflux": 1442.8228759765625,
            "forcediffimfluxunc": 62.075347900390625,
            "magzpsci": 26.29520034790039
        },
        {
            "objectid": "ZTF24abisbqg",
            "jd": 2460600.8369444,
            "ranr": 40.7476403,
            "decnr": 11.9585953,
            "fid": 1,
            "forcediffimflux": 0.08081021159887314,
            "forcediffimfluxunc": 0.6102830171585083,
            "magzpsci": 26.368000030517578
        },
        {
            "objectid": "ZTF24abisbqg",
            "jd": 2460600.9326968,
            "ranr": 40.7475907,
            "decnr": 11.9571162,
            "fid": 2,
            "forcediffimflux": 1301.0513916015625,
            "forcediffimfluxunc": 119.8255615234375,
            "magzpsci": 26.312400817871094
        },
        {
            "objectid": "ZTF24abisbqg",
            "jd": 2460603.8542245,
            "ranr": 40.7476403,
            "decnr": 11.9585953,
            "fid": 1,
            "forcediffimflux": 0.37959906458854675,
            "forcediffimfluxunc": 0.32150501012802124,
            "magzpsci": 26.313400268554688
        },
        {
            "objectid": "ZTF24abisbqg",
            "jd": 2460603.8787037,
            "ranr": -99999.0,
            "decnr": -99999.0,
            "fid": 2,
            "forcediffimflux": -99999.0,
            "forcediffimfluxunc": -99999.0,
            "magzpsci": 26.279499053955078
        },
        {
            "objectid": "ZTF24abisbqg",
            "jd": 2460607.7937269,
            "ranr": -99999.0,
            "decnr": -99999.0,
            "fid": 2,
            "forcediffimflux": -99999.0,
            "forcediffimfluxunc": -99999.0,
            "magzpsci": 26.341400146484375
        },
        {
            "objectid": "ZTF24abisbqg",
            "jd": 2460607.8664815,
            "ranr": -99999.0,
            "decnr": -99999.0,
            "fid": 1,
            "forcediffimflux": -99999.0,
            "forcediffimfluxunc": -99999.0,
            "magzpsci": 26.342899322509766
        },
        {
            "objectid": "ZTF24abisbqg",
            "jd": 2460609.8208218,
            "ranr": -99999.0,
            "decnr": -99999.0,
            "fid": 2,
            "forcediffimflux": -99999.0,
            "forcediffimfluxunc": -99999.0,
            "magzpsci": 26.10540008544922
        },
        {
            "objectid": "ZTF24abisbqg",
            "jd": 2460609.8565162,
            "ranr": 40.7475953,
            "decnr": 11.957081,
            "fid": 1,
            "forcediffimflux": -0.0678776279091835,
            "forcediffimfluxunc": 0.09124299883842468,
            "magzpsci": 26.354400634765625
        },
        {
            "objectid": "ZTF24abisbqg",
            "jd": 2460611.8217361,
            "ranr": -99999.0,
            "decnr": -99999.0,
            "fid": 2,
            "forcediffimflux": -99999.0,
            "forcediffimfluxunc": -99999.0,
            "magzpsci": 26.24970054626465
        },
        {
            "objectid": "ZTF24abisbqg",
            "jd": 2460615.8656366,
            "ranr": -99999.0,
            "decnr": -99999.0,
            "fid": 2,
            "forcediffimflux": -99999.0,
            "forcediffimfluxunc": -99999.0,
            "magzpsci": 26.342599868774414
        },
        {
            "objectid": "ZTF24abisbqg",
            "jd": 2460615.8849306,
            "ranr": 40.7476403,
            "decnr": 11.9585953,
            "fid": 1,
            "forcediffimflux": 0.04736942797899246,
            "forcediffimfluxunc": 0.11653299629688263,
            "magzpsci": 26.33139991760254
        },
        {
            "objectid": "ZTF24abisbqg",
            "jd": 2460618.8094097,
            "ranr": -99999.0,
            "decnr": -99999.0,
            "fid": 2,
            "forcediffimflux": -99999.0,
            "forcediffimfluxunc": -99999.0,
            "magzpsci": 26.320199966430664
        },
        {
            "objectid": "ZTF24abisbqg",
            "jd": 2460618.8098727,
            "ranr": 40.7475907,
            "decnr": 11.9571162,
            "fid": 2,
            "forcediffimflux": 886.4081420898438,
            "forcediffimfluxunc": 38.313045501708984,
            "magzpsci": 26.273300170898438
        },
        {
            "objectid": "ZTF24abisbqg",
            "jd": 2460618.8606481,
            "ranr": -99999.0,
            "decnr": -99999.0,
            "fid": 1,
            "forcediffimflux": -99999.0,
            "forcediffimfluxunc": -99999.0,
            "magzpsci": 26.34589958190918
        },
        {
            "objectid": "ZTF24abisbqg",
            "jd": 2460622.6766898,
            "ranr": -99999.0,
            "decnr": -99999.0,
            "fid": 2,
            "forcediffimflux": -99999.0,
            "forcediffimfluxunc": -99999.0,
            "magzpsci": 26.308700561523438
        },
        {
            "objectid": "ZTF24abisbqg",
            "jd": 2460622.7910069,
            "ranr": 40.7476403,
            "decnr": 11.9585953,
            "fid": 1,
            "forcediffimflux": -0.001197428093291819,
            "forcediffimfluxunc": 0.2186889946460724,
            "magzpsci": 26.351999282836914
        },
        {
            "objectid": "ZTF24abisbqg",
            "jd": 2460622.9102083,
            "ranr": 40.7475907,
            "decnr": 11.9571162,
            "fid": 2,
            "forcediffimflux": 765.7647094726562,
            "forcediffimfluxunc": 53.50594711303711,
            "magzpsci": 26.268600463867188
        },
        {
            "objectid": "ZTF24abisbqg",
            "jd": 2460624.7948495,
            "ranr": -99999.0,
            "decnr": -99999.0,
            "fid": 2,
            "forcediffimflux": -99999.0,
            "forcediffimfluxunc": -99999.0,
            "magzpsci": 26.176799774169922
        },
        {
            "objectid": "ZTF24abisbqg",
            "jd": 2460624.8325926,
            "ranr": 40.7475907,
            "decnr": 11.9571162,
            "fid": 2,
            "forcediffimflux": 527.4564208984375,
            "forcediffimfluxunc": 37.18111801147461,
            "magzpsci": 26.077699661254883
        },
        {
            "objectid": "ZTF24abisbqg",
            "jd": 2460624.8592477,
            "ranr": -99999.0,
            "decnr": -99999.0,
            "fid": 1,
            "forcediffimflux": -99999.0,
            "forcediffimfluxunc": -99999.0,
            "magzpsci": 26.278099060058594
        },
        {
            "objectid": "ZTF24abisbqg",
            "jd": 2460626.7676273,
            "ranr": 40.7476403,
            "decnr": 11.9585953,
            "fid": 1,
            "forcediffimflux": -1.1843857765197754,
            "forcediffimfluxunc": 1.099735975265503,
            "magzpsci": 26.34429931640625
        },
        {
            "objectid": "ZTF24abisbqg",
            "jd": 2460626.7780787,
            "ranr": -99999.0,
            "decnr": -99999.0,
            "fid": 2,
            "forcediffimflux": -99999.0,
            "forcediffimfluxunc": -99999.0,
            "magzpsci": 26.334999084472656
        },
        {
            "objectid": "ZTF24abisbqg",
            "jd": 2460626.7918981,
            "ranr": 40.7475907,
            "decnr": 11.9571162,
            "fid": 2,
            "forcediffimflux": 566.7369995117188,
            "forcediffimfluxunc": 63.866050720214844,
            "magzpsci": 26.287799835205078
        },
        {
            "objectid": "ZTF24abisbqg",
            "jd": 2460631.7710417,
            "ranr": -99999.0,
            "decnr": -99999.0,
            "fid": 1,
            "forcediffimflux": -99999.0,
            "forcediffimfluxunc": -99999.0,
            "magzpsci": 26.275800704956055
        },
        {
            "objectid": "ZTF24abisbqg",
            "jd": 2460631.8187616,
            "ranr": 40.7475907,
            "decnr": 11.9571162,
            "fid": 2,
            "forcediffimflux": 415.6596374511719,
            "forcediffimfluxunc": 71.4915771484375,
            "magzpsci": 26.279499053955078
        },
        {
            "objectid": "ZTF24abisbqg",
            "jd": 2460634.7564815,
            "ranr": 40.7476403,
            "decnr": 11.9585953,
            "fid": 1,
            "forcediffimflux": -0.28424713015556335,
            "forcediffimfluxunc": 0.5038509964942932,
            "magzpsci": 26.326499938964844
        },
        {
            "objectid": "ZTF24abisbqg",
            "jd": 2460634.7780208,
            "ranr": -99999.0,
            "decnr": -99999.0,
            "fid": 2,
            "forcediffimflux": -99999.0,
            "forcediffimfluxunc": -99999.0,
            "magzpsci": 26.330699920654297
        },
        {
            "objectid": "ZTF24abisbqg",
            "jd": 2460635.7406829,
            "ranr": 40.7476403,
            "decnr": 11.9585953,
            "fid": 1,
            "forcediffimflux": -0.10717430710792542,
            "forcediffimfluxunc": 0.13917900621891022,
            "magzpsci": 25.955400466918945
        },
        {
            "objectid": "ZTF24abisbqg",
            "jd": 2460635.7568634,
            "ranr": -99999.0,
            "decnr": -99999.0,
            "fid": 2,
            "forcediffimflux": -99999.0,
            "forcediffimfluxunc": -99999.0,
            "magzpsci": 26.326000213623047
        },
        {
            "objectid": "ZTF24abisbqg",
            "jd": 2460635.75875,
            "ranr": 40.7475907,
            "decnr": 11.9571162,
            "fid": 2,
            "forcediffimflux": 487.35009765625,
            "forcediffimfluxunc": 33.71430587768555,
            "magzpsci": 26.284400939941406
        },
        {
            "objectid": "ZTF24abisbqg",
            "jd": 2460637.7321644,
            "ranr": 40.7476403,
            "decnr": 11.9585953,
            "fid": 1,
            "forcediffimflux": 0.04170861095190048,
            "forcediffimfluxunc": 0.12923699617385864,
            "magzpsci": 26.363000869750977
        },
        {
            "objectid": "ZTF24abisbqg",
            "jd": 2460637.8027546,
            "ranr": -99999.0,
            "decnr": -99999.0,
            "fid": 2,
            "forcediffimflux": -99999.0,
            "forcediffimfluxunc": -99999.0,
            "magzpsci": 26.333200454711914
        },
        {
            "objectid": "ZTF24abisbqg",
            "jd": 2460640.6544907,
            "ranr": -99999.0,
            "decnr": -99999.0,
            "fid": 2,
            "forcediffimflux": -99999.0,
            "forcediffimfluxunc": -99999.0,
            "magzpsci": 26.228200912475586
        },
        {
            "objectid": "ZTF24abisbqg",
            "jd": 2460640.7465046,
            "ranr": -99999.0,
            "decnr": -99999.0,
            "fid": 1,
            "forcediffimflux": -99999.0,
            "forcediffimfluxunc": -99999.0,
            "magzpsci": 26.36280059814453
        },
        {
            "objectid": "ZTF24abisbqg",
            "jd": 2460640.7597685,
            "ranr": 40.7475907,
            "decnr": 11.9571162,
            "fid": 2,
            "forcediffimflux": 328.96673583984375,
            "forcediffimfluxunc": 33.703487396240234,
            "magzpsci": 26.208900451660156
        }
    ]
}