{
    "objectId": "ZTF21aakvhtz",
    "candidates": [
        {
            "candid": 1498504945715015006,
            "jd": 2459253.0049421,
            "ra": 258.556789,
            "dec": 22.3265068,
            "fid": 2,
            "nid": 1498,
            "magpsf": 20.543699264526367,
            "sigmapsf": 0.2945350110530853,
            "magnr": 19.924999237060547,
            "sigmagnr": 0.11599999666213989,
            "magzpsci": 26.196699142456055,
            "isdiffpos": "t",
            "ssdistnr": -999.0,
            "ssnamenr": "-999.0",
            "drb": null
        },
        {
            "candid": 1504493925715015009,
            "jd": 2459258.9939236,
            "ra": 258.5567877,
            "dec": 22.3264648,
            "fid": 2,
            "nid": 1504,
            "magpsf": 19.37070083618164,
            "sigmapsf": 0.200545996427536,
            "magnr": 19.924999237060547,
            "sigmagnr": 0.11599999666213989,
            "magzpsci": 26.07069969177246,
            "isdiffpos": "t",
            "ssdistnr": null,
            "ssnamenr": null,
            "drb": null
        },
        {
            "candid": 1504535385715015007,
            "jd": 2459259.0353819,
            "ra": 258.5568078,
            "dec": 22.3263843,
            "fid": 1,
            "nid": 1504,
            "magpsf": 19.203800201416016,
            "sigmapsf": 0.15443700551986694,
            "magnr": 20.523000717163086,
            "sigmagnr": 0.10599999874830246,
            "magzpsci": 25.898799896240234,
            "isdiffpos": "t",
            "ssdistnr": null,
            "ssnamenr": null,
            "drb": null
        },
        {
            "candid": 1509488155715015003,
            "jd": 2459263.9881597,
            "ra": 258.5568474,
            "dec": 22.3264247,
            "fid": 2,
            "nid": 1509,
            "magpsf": 18.85650062561035,
            "sigmapsf": 0.20035499334335327,
            "magnr": 19.924999237060547,
            "sigmagnr": 0.11599999666213989,
            "magzpsci": 26.22450065612793,
            "isdiffpos": "t",
            "ssdistnr": null,
            "ssnamenr": null,
            "drb": null
        },
        {
            "candid": 1509525405715015002,
            "jd": 2459264.0254051,
            "ra": 258.5568307,
            "dec": 22.3264075,
            "fid": 1,
            "nid": 1509,
            "magpsf": 18.827899932861328,
            "sigmapsf": 0.1339469999074936,
            "magnr": 20.523000717163086,
            "sigmagnr": 0.10599999874830246,
            "magzpsci": 26.33489990234375,
            "isdiffpos": "t",
            "ssdistnr": null,
            "ssnamenr": null,
            "drb": null
        },
        {
            "candid": 1512508805715015006,
            "jd": 2459267.0088079,
            "ra": 258.5568377,
            "dec": 22.3264292,
            "fid": 1,
            "nid": 1512,
            "magpsf": 18.69809913635254,
            "sigmapsf": 0.12942099571228027,
            "magnr": 20.523000717163086,
            "sigmagnr": 0.10599999874830246,
            "magzpsci": 26.31209945678711,
            "isdiffpos": "t",
            "ssdistnr": null,
            "ssnamenr": null,
            "drb": null
        },
        {
            "candid": 1512536995715015005,
            "jd": 2459267.0369907,
            "ra": 258.5567667,
            "dec": 22.3263928,
            "fid": 2,
            "nid": 1512,
            "magpsf": 18.882400512695312,
            "sigmapsf": 0.17835499346256256,
            "magnr": 19.924999237060547,
            "sigmagnr": 0.11599999666213989,
            "magzpsci": 26.227399826049805,
            "isdiffpos": "t",
            "ssdistnr": null,
            "ssnamenr": null,
            "drb": null
        },
        {
            "candid": 1514450535715015005,
            "jd": 2459268.9505324,
            "ra": 258.5567974,
            "dec": 22.326478,
            "fid": 2,
            "nid": 1514,
            "magpsf": 18.901599884033203,
            "sigmapsf": 0.11122000217437744,
            "magnr": 19.924999237060547,
            "sigmagnr": 0.11599999666213989,
            "magzpsci": 26.206600189208984,
            "isdiffpos": "t",
            "ssdistnr": null,
            "ssnamenr": null,
            "drb": null
        },
        {
            "candid": 1514512475715015011,
            "jd": 2459269.0124769,
            "ra": 258.5567973,
            "dec": 22.3264719,
            "fid": 1,
            "nid": 1514,
            "magpsf": 18.787099838256836,
            "sigmapsf": 0.08980900049209595,
            "magnr": 20.523000717163086,
            "sigmagnr": 0.10599999874830246,
            "magzpsci": 26.339099884033203,
            "isdiffpos": "t",
            "ssdistnr": null,
            "ssnamenr": null,
            "drb": null
        },
        {
            "candid": 1516445945715015003,
            "jd": 2459270.9459491,
            "ra": 258.5567652,
            "dec": 22.3264052,
            "fid": 1,
            "nid": 1516,
            "magpsf": 18.978700637817383,
            "sigmapsf": 0.16589699685573578,
            "magnr": 20.523000717163086,
            "sigmagnr": 0.10599999874830246,
            "magzpsci": 26.215700149536133,
            "isdiffpos": "t",
            "ssdistnr": null,
            "ssnamenr": null,
            "drb": null
        },
        {
            "candid": 1516518295715015006,
            "jd": 2459271.0182986,
            "ra": 258.5567538,
            "dec": 22.3264521,
            "fid": 2,
            "nid": 1516,
            "magpsf": 18.927200317382812,
            "sigmapsf": 0.1430719941854477,
            "magnr": 19.924999237060547,
            "sigmagnr": 0.11599999666213989,
            "magzpsci": 26.231199264526367,
            "isdiffpos": "t",
            "ssdistnr": null,
            "ssnamenr": null,
            "drb": null
        },
        {
            "candid": 1518491495715015001,
            "jd": 2459272.9914931,
            "ra": 258.5567627,
            "dec": 22.3264737,
            "fid": 2,
            "nid": 1518,
            "magpsf": 19.080699920654297,
            "sigmapsf": 0.19892700016498566,
            "magnr": 19.924999237060547,
            "sigmagnr": 0.11599999666213989,
            "magzpsci": 26.21969985961914,
            "isdiffpos": "t",
            "ssdistnr": null,
            "ssnamenr": null,
            "drb": null
        },
        {
            "candid": 1518517815715015007,
            "jd": 2459273.0178125,
            "ra": 258.5568317,
            "dec": 22.3265311,
            "fid": 1,
            "nid": 1518,
            "magpsf": 18.990800857543945,
            "sigmapsf": 0.18310299515724182,
            "magnr": 20.523000717163086,
            "sigmagnr": 0.10599999874830246,
            "magzpsci": 26.314800262451172,
            "isdiffpos": "t",
            "ssdistnr": null,
            "ssnamenr": null,
            "drb": null
        },
        {
            "candid": 1521468445715015005,
            "jd": 2459275.9684491,
            "ra": 258.5568205,
            "dec": 22.3265568,
            "fid": 1,
            "nid": 1521,
            "magpsf": 19.20359992980957,
            "sigmapsf": 0.17394299805164337,
            "magnr": 20.523000717163086,
            "sigmagnr": 0.10599999874830246,
            "magzpsci": 26.30459976196289,
            "isdiffpos": "t",
            "ssdistnr": null,
            "ssnamenr": null,
            "drb": null
        },
        {
            "candid": 1521530615715015006,
            "jd": 2459276.0306134,
            "ra": 258.5567628,
            "dec": 22.3264759,
            "fid": 2,
            "nid": 1521,
            "magpsf": 19.20479965209961,
            "sigmapsf": 0.11109499633312225,
            "magnr": 19.924999237060547,
            "sigmagnr": 0.11599999666213989,
            "magzpsci": 26.25279998779297,
            "isdiffpos": "t",
            "ssdistnr": null,
            "ssnamenr": null,
            "drb": null
        },
        {
            "candid": 1526404445715015005,
            "jd": 2459280.9044444,
            "ra": 258.5567835,
            "dec": 22.3262967,
            "fid": 1,
            "nid": 1526,
            "magpsf": 19.483600616455078,
            "sigmapsf": 0.189737007021904,
            "magnr": 20.523000717163086,
            "sigmagnr": 0.10599999874830246,
            "magzpsci": 26.093599319458008,
            "isdiffpos": "t",
            "ssdistnr": null,
            "ssnamenr": null,
            "drb": null
        },
        {
            "candid": 1526447805715015010,
            "jd": 2459280.9478009,
            "ra": 258.5567712,
            "dec": 22.326497,
            "fid": 2,
            "nid": 1526,
            "magpsf": 19.446269989013672,
            "sigmapsf": 0.15030699968338013,
            "magnr": 19.924999237060547,
            "sigmagnr": 0.11599999666213989,
            "magzpsci": 26.11726951599121,
            "isdiffpos": "t",
            "ssdistnr": -999.0,
            "ssnamenr": "null",
            "drb": null
        },
        {
            "jd": 2459249.01074,
            "fid": 1,
            "diffmaglim": 19.844999313354492
        },
        {
            "jd": 2459249.0107407,
            "fid": 1,
            "diffmaglim": 19.844900131225586
        },
        {
            "jd": 2459249.03618,
            "fid": 2,
            "diffmaglim": 20.05500030517578
        },
        {
            "jd": 2459249.0361806,
            "fid": 2,
            "diffmaglim": 20.054899215698242
        },
        {
            "jd": 2459251.00008,
            "fid": 1,
            "diffmaglim": 19.972000122070312
        },
        {
            "jd": 2459251.000081,
            "fid": 1,
            "diffmaglim": 19.97170066833496
        },
        {
            "jd": 2459253.03215,
            "fid": 1,
            "diffmaglim": 20.68400001525879
        },
        {
            "jd": 2459253.0321528,
            "fid": 1,
            "diffmaglim": 20.6835994720459
        },
        {
            "jd": 2459255.0412384,
            "fid": 1,
            "diffmaglim": 18.889400482177734
        }
    ],
    "forcedphot": []
}