{
    "objectId": "ZTF22aajrjrc",
    "candidates": [
        {
            "candid": 1954202590415015001,
            "jd": 2459708.7025926,
            "ra": 166.5819269,
            "dec": 31.18414,
            "fid": 2,
            "nid": 1954,
            "magpsf": 19.90169906616211,
            "sigmapsf": 0.2620350122451782,
            "magnr": 22.875999450683594,
            "sigmagnr": 0.30000001192092896,
            "magzpsci": 26.30970001220703,
            "isdiffpos": "t",
            "ssdistnr": null,
            "ssnamenr": null,
            "drb": null
        },
        {
            "candid": 1954228290415015000,
            "jd": 2459708.7282986,
            "ra": 166.581742,
            "dec": 31.1840464,
            "fid": 2,
            "nid": 1954,
            "magpsf": 19.72319984436035,
            "sigmapsf": 0.19087399542331696,
            "magnr": 22.875999450683594,
            "sigmagnr": 0.30000001192092896,
            "magzpsci": 26.303199768066406,
            "isdiffpos": "t",
            "ssdistnr": null,
            "ssnamenr": null,
            "drb": null
        },
        {
            "candid": 1956222990415015000,
            "jd": 2459710.7229977,
            "ra": 166.5818284,
            "dec": 31.1841152,
            "fid": 2,
            "nid": 1956,
            "magpsf": 19.43000030517578,
            "sigmapsf": 0.15795500576496124,
            "magnr": 22.875999450683594,
            "sigmagnr": 0.30000001192092896,
            "magzpsci": 26.298999786376953,
            "isdiffpos": "t",
            "ssdistnr": null,
            "ssnamenr": null,
            "drb": null
        },
        {
            "candid": 1958227250415015000,
            "jd": 2459712.7272569,
            "ra": 166.5817645,
            "dec": 31.1841155,
            "fid": 2,
            "nid": 1958,
            "magpsf": 18.78890037536621,
            "sigmapsf": 0.08772899955511093,
            "magnr": 22.875999450683594,
            "sigmagnr": 0.30000001192092896,
            "magzpsci": 26.30190086364746,
            "isdiffpos": "t",
            "ssdistnr": null,
            "ssnamenr": null,
            "drb": null
        },
        {
            "candid": 1958237120415015001,
            "jd": 2459712.7371296,
            "ra": 166.581855,
            "dec": 31.1840712,
            "fid": 1,
            "nid": 1958,
            "magpsf": 18.746400833129883,
            "sigmapsf": 0.10595499724149704,
            "magnr": 22.63599967956543,
            "sigmagnr": 0.2549999952316284,
            "magzpsci": 26.367399215698242,
            "isdiffpos": "t",
            "ssdistnr": null,
            "ssnamenr": null,
            "drb": null
        },
        {
            "candid": 1960193860415015001,
            "jd": 2459714.6938657,
            "ra": 166.581774,
            "dec": 31.1841289,
            "fid": 2,
            "nid": 1960,
            "magpsf": 18.42300033569336,
            "sigmapsf": 0.08726800233125687,
            "magnr": 22.875999450683594,
            "sigmagnr": 0.30000001192092896,
            "magzpsci": 26.291000366210938,
            "isdiffpos": "t",
            "ssdistnr": null,
            "ssnamenr": null,
            "drb": null
        },
        {
            "candid": 1960257490415015001,
            "jd": 2459714.7575,
            "ra": 166.5817901,
            "dec": 31.1841054,
            "fid": 1,
            "nid": 1960,
            "magpsf": 18.410999298095703,
            "sigmapsf": 0.08634299784898758,
            "magnr": 22.63599967956543,
            "sigmagnr": 0.2549999952316284,
            "magzpsci": 26.36400032043457,
            "isdiffpos": "t",
            "ssdistnr": null,
            "ssnamenr": null,
            "drb": null
        },
        {
            "candid": 1963183290415015003,
            "jd": 2459717.6832986,
            "ra": 166.5817978,
            "dec": 31.1841208,
            "fid": 1,
            "nid": 1963,
            "magpsf": 18.15250015258789,
            "sigmapsf": 0.04634900018572807,
            "magnr": 22.63599967956543,
            "sigmagnr": 0.2549999952316284,
            "magzpsci": 26.381500244140625,
            "isdiffpos": "t",
            "ssdistnr": null,
            "ssnamenr": null,
            "drb": null
        },
        {
            "candid": 1965182890415015004,
            "jd": 2459719.6828935,
            "ra": 166.5817815,
            "dec": 31.1841033,
            "fid": 2,
            "nid": 1965,
            "magpsf": 18.117300033569336,
            "sigmapsf": 0.05061599984765053,
            "magnr": 22.875999450683594,
            "sigmagnr": 0.30000001192092896,
            "magzpsci": 26.318300247192383,
            "isdiffpos": "t",
            "ssdistnr": null,
            "ssnamenr": null,
            "drb": null
        },
        {
            "candid": 1965216370415015004,
            "jd": 2459719.7163773,
            "ra": 166.5817802,
            "dec": 31.1841156,
            "fid": 2,
            "nid": 1965,
            "magpsf": 18.11910057067871,
            "sigmapsf": 0.05477600172162056,
            "magnr": 22.875999450683594,
            "sigmagnr": 0.30000001192092896,
            "magzpsci": 26.32110023498535,
            "isdiffpos": "t",
            "ssdistnr": null,
            "ssnamenr": null,
            "drb": null
        },
        {
            "candid": 1969179520415015001,
            "jd": 2459723.6795255,
            "ra": 166.5817858,
            "dec": 31.1841197,
            "fid": 2,
            "nid": 1969,
            "magpsf": 18.116899490356445,
            "sigmapsf": 0.049681998789310455,
            "magnr": 22.875999450683594,
            "sigmagnr": 0.30000001192092896,
            "magzpsci": 26.23189926147461,
            "isdiffpos": "t",
            "ssdistnr": null,
            "ssnamenr": null,
            "drb": null
        },
        {
            "candid": 1969238040415015004,
            "jd": 2459723.738044,
            "ra": 166.5817969,
            "dec": 31.1841303,
            "fid": 1,
            "nid": 1969,
            "magpsf": 18.242300033569336,
            "sigmapsf": 0.06678800284862518,
            "magnr": 22.63599967956543,
            "sigmagnr": 0.2549999952316284,
            "magzpsci": 26.255300521850586,
            "isdiffpos": "t",
            "ssdistnr": null,
            "ssnamenr": null,
            "drb": null
        },
        {
            "candid": 1971222780415015001,
            "jd": 2459725.7227894,
            "ra": 166.5817825,
            "dec": 31.1841213,
            "fid": 2,
            "nid": 1971,
            "magpsf": 18.24449920654297,
            "sigmapsf": 0.06460999697446823,
            "magnr": 22.875999450683594,
            "sigmagnr": 0.30000001192092896,
            "magzpsci": 26.305500030517578,
            "isdiffpos": "t",
            "ssdistnr": null,
            "ssnamenr": null,
            "drb": null
        },
        {
            "candid": 1971270740415015001,
            "jd": 2459725.7707407,
            "ra": 166.5818002,
            "dec": 31.1841051,
            "fid": 1,
            "nid": 1971,
            "magpsf": 18.462799072265625,
            "sigmapsf": 0.06505099684000015,
            "magnr": 22.63599967956543,
            "sigmagnr": 0.2549999952316284,
            "magzpsci": 26.299800872802734,
            "isdiffpos": "t",
            "ssdistnr": null,
            "ssnamenr": null,
            "drb": null
        },
        {
            "candid": 1973184030415015000,
            "jd": 2459727.6840394,
            "ra": 166.5818185,
            "dec": 31.1841091,
            "fid": 1,
            "nid": 1973,
            "magpsf": 18.71339988708496,
            "sigmapsf": 0.13500000536441803,
            "magnr": 22.63599967956543,
            "sigmagnr": 0.2549999952316284,
            "magzpsci": 25.455400466918945,
            "isdiffpos": "t",
            "ssdistnr": null,
            "ssnamenr": null,
            "drb": null
        },
        {
            "candid": 1973217610415015001,
            "jd": 2459727.7176157,
            "ra": 166.5818116,
            "dec": 31.1841598,
            "fid": 2,
            "nid": 1973,
            "magpsf": 18.42009925842285,
            "sigmapsf": 0.11168400198221207,
            "magnr": 22.875999450683594,
            "sigmagnr": 0.30000001192092896,
            "magzpsci": 25.67009925842285,
            "isdiffpos": "t",
            "ssdistnr": null,
            "ssnamenr": null,
            "drb": null
        },
        {
            "candid": 1977207120415015003,
            "jd": 2459731.7071296,
            "ra": 166.581802,
            "dec": 31.1840927,
            "fid": 1,
            "nid": 1977,
            "magpsf": 19.27440071105957,
            "sigmapsf": 0.12342199683189392,
            "magnr": 22.63599967956543,
            "sigmagnr": 0.2549999952316284,
            "magzpsci": 26.35540008544922,
            "isdiffpos": "t",
            "ssdistnr": null,
            "ssnamenr": null,
            "drb": null
        },
        {
            "candid": 1977240450415015001,
            "jd": 2459731.7404514,
            "ra": 166.5817885,
            "dec": 31.1840965,
            "fid": 2,
            "nid": 1977,
            "magpsf": 18.56399917602539,
            "sigmapsf": 0.08545999974012375,
            "magnr": 22.875999450683594,
            "sigmagnr": 0.30000001192092896,
            "magzpsci": 26.264999389648438,
            "isdiffpos": "t",
            "ssdistnr": null,
            "ssnamenr": null,
            "drb": null
        },
        {
            "candid": 1979222780415015002,
            "jd": 2459733.7227894,
            "ra": 166.5818074,
            "dec": 31.1840972,
            "fid": 2,
            "nid": 1979,
            "magpsf": 18.62350082397461,
            "sigmapsf": 0.061765000224113464,
            "magnr": 22.875999450683594,
            "sigmagnr": 0.30000001192092896,
            "magzpsci": 26.318500518798828,
            "isdiffpos": "t",
            "ssdistnr": null,
            "ssnamenr": null,
            "drb": null
        },
        {
            "candid": 1982186200415015003,
            "jd": 2459736.6862037,
            "ra": 166.5817884,
            "dec": 31.1840982,
            "fid": 2,
            "nid": 1982,
            "magpsf": 18.732200622558594,
            "sigmapsf": 0.0681539997458458,
            "magnr": 22.875999450683594,
            "sigmagnr": 0.30000001192092896,
            "magzpsci": 26.321199417114258,
            "isdiffpos": "t",
            "ssdistnr": null,
            "ssnamenr": null,
            "drb": null
        },
        {
            "candid": 1982238360415015001,
            "jd": 2459736.7383681,
            "ra": 166.5817819,
            "dec": 31.1842027,
            "fid": 1,
            "nid": 1982,
            "magpsf": 19.903200149536133,
            "sigmapsf": 0.19509199261665344,
            "magnr": 22.63599967956543,
            "sigmagnr": 0.2549999952316284,
            "magzpsci": 26.342199325561523,
            "isdiffpos": "t",
            "ssdistnr": null,
            "ssnamenr": null,
            "drb": null
        },
        {
            "candid": 1984243430415015000,
            "jd": 2459738.7434375,
            "ra": 166.5817798,
            "dec": 31.1841324,
            "fid": 2,
            "nid": 1984,
            "magpsf": 18.94179916381836,
            "sigmapsf": 0.11991699784994125,
            "magnr": 22.875999450683594,
            "sigmagnr": 0.30000001192092896,
            "magzpsci": 26.242799758911133,
            "isdiffpos": "t",
            "ssdistnr": null,
            "ssnamenr": null,
            "drb": null
        },
        {
            "candid": 1988245850415015001,
            "jd": 2459742.7458565,
            "ra": 166.5819029,
            "dec": 31.1841746,
            "fid": 2,
            "nid": 1988,
            "magpsf": 19.18807029724121,
            "sigmapsf": 0.16287800669670105,
            "magnr": 22.875999450683594,
            "sigmagnr": 0.30000001192092896,
            "magzpsci": 26.222070693969727,
            "isdiffpos": "t",
            "ssdistnr": -999.0,
            "ssnamenr": "null",
            "drb": null
        },
        {
            "jd": 2459682.6897222,
            "fid": 1,
            "diffmaglim": 19.37310028076172
        },
        {
            "jd": 2459682.786956,
            "fid": 2,
            "diffmaglim": 19.38920021057129
        },
        {
            "jd": 2459684.7686343,
            "fid": 1,
            "diffmaglim": 19.2987003326416
        },
        {
            "jd": 2459684.8246181,
            "fid": 2,
            "diffmaglim": 19.357500076293945
        },
        {
            "jd": 2459687.7637963,
            "fid": 1,
            "diffmaglim": 19.819799423217773
        },
        {
            "jd": 2459687.84875,
            "fid": 2,
            "diffmaglim": 19.556699752807617
        },
        {
            "jd": 2459689.7609722,
            "fid": 2,
            "diffmaglim": 19.981399536132812
        },
        {
            "jd": 2459689.7784028,
            "fid": 1,
            "diffmaglim": 19.9468994140625
        },
        {
            "jd": 2459693.7430093,
            "fid": 1,
            "diffmaglim": 20.406999588012695
        },
        {
            "jd": 2459695.7188657,
            "fid": 2,
            "diffmaglim": 19.18429946899414
        },
        {
            "jd": 2459695.769294,
            "fid": 1,
            "diffmaglim": 18.619800567626953
        },
        {
            "jd": 2459697.6829398,
            "fid": 2,
            "diffmaglim": 20.60689926147461
        },
        {
            "jd": 2459697.7157755,
            "fid": 1,
            "diffmaglim": 20.882200241088867
        },
        {
            "jd": 2459699.7156713,
            "fid": 1,
            "diffmaglim": 20.70829963684082
        },
        {
            "jd": 2459699.7659838,
            "fid": 2,
            "diffmaglim": 20.63450050354004
        },
        {
            "jd": 2459701.7183565,
            "fid": 2,
            "diffmaglim": 20.53339958190918
        },
        {
            "jd": 2459701.762581,
            "fid": 1,
            "diffmaglim": 20.598400115966797
        },
        {
            "jd": 2459703.7621528,
            "fid": 1,
            "diffmaglim": 20.491600036621094
        },
        {
            "jd": 2459703.7819329,
            "fid": 2,
            "diffmaglim": 20.170000076293945
        },
        {
            "jd": 2459738.7003125,
            "fid": 1,
            "diffmaglim": 19.57900047302246
        },
        {
            "jd": 2459740.7471296,
            "fid": 1,
            "diffmaglim": 19.384899139404297
        }
    ],
    "forcedphot": []
}