{
    "objectId": "ZTF21aatkdcw",
    "candidates": [
        {
            "candid": 1553321191515015016,
            "jd": 2459307.8211921,
            "ra": 206.9098529,
            "dec": 15.5214332,
            "fid": 1,
            "nid": 1553,
            "magpsf": 21.283700942993164,
            "sigmapsf": 0.3620609939098358,
            "magnr": 22.86400032043457,
            "sigmagnr": 0.29899999499320984,
            "magzpsci": 26.306699752807617,
            "isdiffpos": "t",
            "ssdistnr": null,
            "ssnamenr": null,
            "drb": null
        },
        {
            "candid": 1555391681515015008,
            "jd": 2459309.8916898,
            "ra": 206.9099405,
            "dec": 15.5213584,
            "fid": 2,
            "nid": 1555,
            "magpsf": 20.82390022277832,
            "sigmapsf": 0.3097020089626312,
            "magnr": 20.27400016784668,
            "sigmagnr": 0.14900000393390656,
            "magzpsci": 26.18790054321289,
            "isdiffpos": "t",
            "ssdistnr": null,
            "ssnamenr": null,
            "drb": null
        },
        {
            "candid": 1557278291515015009,
            "jd": 2459311.7782986,
            "ra": 206.9098228,
            "dec": 15.5213859,
            "fid": 1,
            "nid": 1557,
            "magpsf": 20.30590057373047,
            "sigmapsf": 0.3248780071735382,
            "magnr": 22.86400032043457,
            "sigmagnr": 0.29899999499320984,
            "magzpsci": 25.933900833129883,
            "isdiffpos": "t",
            "ssdistnr": null,
            "ssnamenr": null,
            "drb": null
        },
        {
            "candid": 1559339081515015034,
            "jd": 2459313.8390856,
            "ra": 206.9098964,
            "dec": 15.521336,
            "fid": 2,
            "nid": 1559,
            "magpsf": 19.806400299072266,
            "sigmapsf": 0.18175199627876282,
            "magnr": 20.27400016784668,
            "sigmagnr": 0.14900000393390656,
            "magzpsci": 26.20240020751953,
            "isdiffpos": "t",
            "ssdistnr": null,
            "ssnamenr": null,
            "drb": null
        },
        {
            "candid": 1563277071515015013,
            "jd": 2459317.7770718,
            "ra": 206.9098855,
            "dec": 15.5213241,
            "fid": 1,
            "nid": 1563,
            "magpsf": 19.232200622558594,
            "sigmapsf": 0.07805600017309189,
            "magnr": 22.86400032043457,
            "sigmagnr": 0.29899999499320984,
            "magzpsci": 26.30120086669922,
            "isdiffpos": "t",
            "ssdistnr": null,
            "ssnamenr": null,
            "drb": null
        },
        {
            "candid": 1563277071515025013,
            "jd": 2459317.7770718,
            "ra": 206.9098855,
            "dec": 15.5213241,
            "fid": 1,
            "nid": 1563,
            "magpsf": 19.232200622558594,
            "sigmapsf": 0.07805600017309189,
            "magnr": 22.86400032043457,
            "sigmagnr": 0.29899999499320984,
            "magzpsci": 26.30120086669922,
            "isdiffpos": "t",
            "ssdistnr": null,
            "ssnamenr": null,
            "drb": null
        },
        {
            "candid": 1563320701515015020,
            "jd": 2459317.820706,
            "ra": 206.9099247,
            "dec": 15.5212855,
            "fid": 2,
            "nid": 1563,
            "magpsf": 19.304500579833984,
            "sigmapsf": 0.0959789976477623,
            "magnr": 20.27400016784668,
            "sigmagnr": 0.14900000393390656,
            "magzpsci": 26.196500778198242,
            "isdiffpos": "t",
            "ssdistnr": null,
            "ssnamenr": null,
            "drb": null
        },
        {
            "candid": 1563320701515025020,
            "jd": 2459317.820706,
            "ra": 206.9099247,
            "dec": 15.5212855,
            "fid": 2,
            "nid": 1563,
            "magpsf": 19.304500579833984,
            "sigmapsf": 0.0959789976477623,
            "magnr": 20.27400016784668,
            "sigmagnr": 0.14900000393390656,
            "magzpsci": 26.196500778198242,
            "isdiffpos": "t",
            "ssdistnr": null,
            "ssnamenr": null,
            "drb": null
        },
        {
            "candid": 1567309591515015017,
            "jd": 2459321.8095949,
            "ra": 206.9098958,
            "dec": 15.5213167,
            "fid": 2,
            "nid": 1567,
            "magpsf": 19.0221004486084,
            "sigmapsf": 0.08957099914550781,
            "magnr": 20.27400016784668,
            "sigmagnr": 0.14900000393390656,
            "magzpsci": 26.175100326538086,
            "isdiffpos": "t",
            "ssdistnr": null,
            "ssnamenr": null,
            "drb": null
        },
        {
            "candid": 1567361291515015022,
            "jd": 2459321.8612963,
            "ra": 206.9098957,
            "dec": 15.5213288,
            "fid": 1,
            "nid": 1567,
            "magpsf": 18.959400177001953,
            "sigmapsf": 0.08632700145244598,
            "magnr": 22.86400032043457,
            "sigmagnr": 0.29899999499320984,
            "magzpsci": 26.280399322509766,
            "isdiffpos": "t",
            "ssdistnr": null,
            "ssnamenr": null,
            "drb": null
        },
        {
            "candid": 1569338291515015023,
            "jd": 2459323.8382986,
            "ra": 206.9098986,
            "dec": 15.5213005,
            "fid": 2,
            "nid": 1569,
            "magpsf": 18.944000244140625,
            "sigmapsf": 0.0877859964966774,
            "magnr": 20.27400016784668,
            "sigmagnr": 0.14900000393390656,
            "magzpsci": 26.179000854492188,
            "isdiffpos": "t",
            "ssdistnr": null,
            "ssnamenr": null,
            "drb": null
        },
        {
            "candid": 1571300101515015014,
            "jd": 2459325.8001042,
            "ra": 206.909908,
            "dec": 15.5212985,
            "fid": 2,
            "nid": 1571,
            "magpsf": 18.93869972229004,
            "sigmapsf": 0.09363699704408646,
            "magnr": 20.27400016784668,
            "sigmagnr": 0.14900000393390656,
            "magzpsci": 26.17970085144043,
            "isdiffpos": "t",
            "ssdistnr": null,
            "ssnamenr": null,
            "drb": null
        },
        {
            "candid": 1571362881515015008,
            "jd": 2459325.8628819,
            "ra": 206.9099024,
            "dec": 15.5212996,
            "fid": 1,
            "nid": 1571,
            "magpsf": 18.97100067138672,
            "sigmapsf": 0.0979669988155365,
            "magnr": 22.86400032043457,
            "sigmagnr": 0.29899999499320984,
            "magzpsci": 26.30699920654297,
            "isdiffpos": "t",
            "ssdistnr": null,
            "ssnamenr": null,
            "drb": null
        },
        {
            "candid": 1575268151515015005,
            "jd": 2459329.7681597,
            "ra": 206.9098867,
            "dec": 15.521355,
            "fid": 2,
            "nid": 1575,
            "magpsf": 18.861600875854492,
            "sigmapsf": 0.14207600057125092,
            "magnr": 20.27400016784668,
            "sigmagnr": 0.14900000393390656,
            "magzpsci": 26.19860076904297,
            "isdiffpos": "t",
            "ssdistnr": null,
            "ssnamenr": null,
            "drb": null
        },
        {
            "candid": 1575268151515035005,
            "jd": 2459329.7681597,
            "ra": 206.9098867,
            "dec": 15.521355,
            "fid": 2,
            "nid": 1575,
            "magpsf": 18.861600875854492,
            "sigmapsf": 0.14207600057125092,
            "magnr": 20.27400016784668,
            "sigmagnr": 0.14900000393390656,
            "magzpsci": 26.19860076904297,
            "isdiffpos": "t",
            "ssdistnr": null,
            "ssnamenr": null,
            "drb": null
        },
        {
            "candid": 1575351731515015004,
            "jd": 2459329.8517361,
            "ra": 206.9099562,
            "dec": 15.5213569,
            "fid": 1,
            "nid": 1575,
            "magpsf": 19.12006950378418,
            "sigmapsf": 0.16800600290298462,
            "magnr": 22.86400032043457,
            "sigmagnr": 0.29899999499320984,
            "magzpsci": 26.292070388793945,
            "isdiffpos": "t",
            "ssdistnr": -999.0,
            "ssnamenr": "null",
            "drb": null
        },
        {
            "candid": 1575351731515035004,
            "jd": 2459329.8517361,
            "ra": 206.9099562,
            "dec": 15.5213569,
            "fid": 1,
            "nid": 1575,
            "magpsf": 19.120100021362305,
            "sigmapsf": 0.16800600290298462,
            "magnr": 22.86400032043457,
            "sigmagnr": 0.29899999499320984,
            "magzpsci": 26.29210090637207,
            "isdiffpos": "t",
            "ssdistnr": null,
            "ssnamenr": null,
            "drb": null
        },
        {
            "candid": 1584275121515015018,
            "jd": 2459338.7751273,
            "ra": 206.9099227,
            "dec": 15.5213063,
            "fid": 2,
            "nid": 1584,
            "magpsf": 19.344100952148438,
            "sigmapsf": 0.09536600112915039,
            "magnr": 20.27400016784668,
            "sigmagnr": 0.14900000393390656,
            "magzpsci": 26.16710090637207,
            "isdiffpos": "t",
            "ssdistnr": null,
            "ssnamenr": null,
            "drb": null
        },
        {
            "candid": 1584317561515015011,
            "jd": 2459338.8175694,
            "ra": 206.9099256,
            "dec": 15.5212975,
            "fid": 1,
            "nid": 1584,
            "magpsf": 19.883899688720703,
            "sigmapsf": 0.1390089988708496,
            "magnr": 22.86400032043457,
            "sigmagnr": 0.29899999499320984,
            "magzpsci": 26.282899856567383,
            "isdiffpos": "t",
            "ssdistnr": null,
            "ssnamenr": null,
            "drb": null
        },
        {
            "candid": 1586295301515015017,
            "jd": 2459340.7953009,
            "ra": 206.9098846,
            "dec": 15.5213362,
            "fid": 2,
            "nid": 1586,
            "magpsf": 19.545700073242188,
            "sigmapsf": 0.10755400359630585,
            "magnr": 20.27400016784668,
            "sigmagnr": 0.14900000393390656,
            "magzpsci": 26.18869972229004,
            "isdiffpos": "t",
            "ssdistnr": null,
            "ssnamenr": null,
            "drb": null
        },
        {
            "candid": 1586337821515015016,
            "jd": 2459340.8378241,
            "ra": 206.9098657,
            "dec": 15.521321,
            "fid": 1,
            "nid": 1586,
            "magpsf": 20.148099899291992,
            "sigmapsf": 0.183461993932724,
            "magnr": 22.86400032043457,
            "sigmagnr": 0.29899999499320984,
            "magzpsci": 26.280099868774414,
            "isdiffpos": "t",
            "ssdistnr": null,
            "ssnamenr": null,
            "drb": null
        },
        {
            "candid": 1588339681515015006,
            "jd": 2459342.8396875,
            "ra": 206.9099183,
            "dec": 15.5212788,
            "fid": 1,
            "nid": 1588,
            "magpsf": 20.315399169921875,
            "sigmapsf": 0.21147100627422333,
            "magnr": 22.86400032043457,
            "sigmagnr": 0.29899999499320984,
            "magzpsci": 26.268400192260742,
            "isdiffpos": "t",
            "ssdistnr": null,
            "ssnamenr": null,
            "drb": null
        },
        {
            "candid": 1590296741515015026,
            "jd": 2459344.7967477,
            "ra": 206.9098891,
            "dec": 15.5213132,
            "fid": 1,
            "nid": 1590,
            "magpsf": 20.461999893188477,
            "sigmapsf": 0.18170799314975739,
            "magnr": 22.86400032043457,
            "sigmagnr": 0.29899999499320984,
            "magzpsci": 26.277999877929688,
            "isdiffpos": "t",
            "ssdistnr": null,
            "ssnamenr": null,
            "drb": null
        },
        {
            "candid": 1590393801515015011,
            "jd": 2459344.8938079,
            "ra": 206.9098796,
            "dec": 15.5213257,
            "fid": 2,
            "nid": 1590,
            "magpsf": 19.585599899291992,
            "sigmapsf": 0.14557099342346191,
            "magnr": 20.27400016784668,
            "sigmagnr": 0.14900000393390656,
            "magzpsci": 26.07659912109375,
            "isdiffpos": "t",
            "ssdistnr": null,
            "ssnamenr": null,
            "drb": null
        },
        {
            "candid": 1592359941515015012,
            "jd": 2459346.8599421,
            "ra": 206.9099113,
            "dec": 15.5213261,
            "fid": 1,
            "nid": 1592,
            "magpsf": 20.549999237060547,
            "sigmapsf": 0.20536300539970398,
            "magnr": 22.86400032043457,
            "sigmagnr": 0.29899999499320984,
            "magzpsci": 26.233999252319336,
            "isdiffpos": "t",
            "ssdistnr": null,
            "ssnamenr": null,
            "drb": null
        },
        {
            "candid": 1594343041515015018,
            "jd": 2459348.843044,
            "ra": 206.9098851,
            "dec": 15.521302,
            "fid": 1,
            "nid": 1594,
            "magpsf": 20.65060043334961,
            "sigmapsf": 0.23439399898052216,
            "magnr": 22.86400032043457,
            "sigmagnr": 0.29899999499320984,
            "magzpsci": 26.241600036621094,
            "isdiffpos": "t",
            "ssdistnr": null,
            "ssnamenr": null,
            "drb": null
        },
        {
            "candid": 1596279391515015009,
            "jd": 2459350.7793981,
            "ra": 206.9099397,
            "dec": 15.5213452,
            "fid": 2,
            "nid": 1596,
            "magpsf": 19.79050064086914,
            "sigmapsf": 0.1532520055770874,
            "magnr": 20.27400016784668,
            "sigmagnr": 0.14900000393390656,
            "magzpsci": 26.140499114990234,
            "isdiffpos": "t",
            "ssdistnr": null,
            "ssnamenr": null,
            "drb": null
        },
        {
            "candid": 1600231871515015006,
            "jd": 2459354.731875,
            "ra": 206.9099355,
            "dec": 15.5212989,
            "fid": 2,
            "nid": 1600,
            "magpsf": 20.04191017150879,
            "sigmapsf": 0.181550994515419,
            "magnr": 20.27400016784668,
            "sigmagnr": 0.14900000393390656,
            "magzpsci": 26.183910369873047,
            "isdiffpos": "t",
            "ssdistnr": -999.0,
            "ssnamenr": "null",
            "drb": null
        },
        {
            "jd": 2459291.800162,
            "fid": 1,
            "diffmaglim": 20.72089958190918
        },
        {
            "jd": 2459291.8743403,
            "fid": 2,
            "diffmaglim": 20.64240074157715
        },
        {
            "jd": 2459294.7682986,
            "fid": 1,
            "diffmaglim": 19.761899948120117
        },
        {
            "jd": 2459297.7867361,
            "fid": 2,
            "diffmaglim": 19.6210994720459
        },
        {
            "jd": 2459297.8038079,
            "fid": 1,
            "diffmaglim": 19.502199172973633
        },
        {
            "jd": 2459300.8458218,
            "fid": 1,
            "diffmaglim": 18.895200729370117
        },
        {
            "jd": 2459300.9014236,
            "fid": 2,
            "diffmaglim": 19.015899658203125
        },
        {
            "jd": 2459302.8380208,
            "fid": 1,
            "diffmaglim": 18.923599243164062
        },
        {
            "jd": 2459304.8774884,
            "fid": 2,
            "diffmaglim": 18.8341007232666
        },
        {
            "jd": 2459304.9111574,
            "fid": 1,
            "diffmaglim": 18.82309913635254
        },
        {
            "jd": 2459307.8436806,
            "fid": 2,
            "diffmaglim": 20.462099075317383
        },
        {
            "jd": 2459309.8293056,
            "fid": 1,
            "diffmaglim": 20.63789939880371
        },
        {
            "jd": 2459311.8296296,
            "fid": 2,
            "diffmaglim": 20.54960060119629
        },
        {
            "jd": 2459313.7608565,
            "fid": 1,
            "diffmaglim": 20.358200073242188
        },
        {
            "jd": 2459315.8115972,
            "fid": 1,
            "diffmaglim": 17.742700576782227
        },
        {
            "jd": 2459315.8542824,
            "fid": 2,
            "diffmaglim": 17.82710075378418
        },
        {
            "jd": 2459335.7944792,
            "fid": 2,
            "diffmaglim": 20.252399444580078
        },
        {
            "jd": 2459342.7964352,
            "fid": 2,
            "diffmaglim": 20.793800354003906
        },
        {
            "jd": 2459346.7975463,
            "fid": 2,
            "diffmaglim": 20.743999481201172
        },
        {
            "jd": 2459348.8090625,
            "fid": 2,
            "diffmaglim": 20.803699493408203
        }
    ],
    "forcedphot": []
}