{
    "objectId": "ZTF21abczuub",
    "candidates": [
        {
            "candid": 1605456084515015002,
            "jd": 2459359.956088,
            "ra": 315.9446787,
            "dec": -0.9602048,
            "fid": 1,
            "nid": 1605,
            "magpsf": 20.00670051574707,
            "sigmapsf": 0.32264500856399536,
            "magnr": 19.701000213623047,
            "sigmagnr": 0.019999999552965164,
            "magzpsci": 26.257699966430664,
            "isdiffpos": "t",
            "ssdistnr": null,
            "ssnamenr": null,
            "drb": null
        },
        {
            "candid": 1607420593215015008,
            "jd": 2459361.9205903,
            "ra": 315.9447162,
            "dec": -0.9599514,
            "fid": 2,
            "nid": 1607,
            "magpsf": 19.97610092163086,
            "sigmapsf": 0.35171398520469666,
            "magnr": 19.13800048828125,
            "sigmagnr": 0.024000000208616257,
            "magzpsci": 26.23710060119629,
            "isdiffpos": "t",
            "ssdistnr": null,
            "ssnamenr": null,
            "drb": null
        },
        {
            "candid": 1608456114515015015,
            "jd": 2459362.9561111,
            "ra": 315.9448515,
            "dec": -0.9601044,
            "fid": 2,
            "nid": 1608,
            "magpsf": 19.82469940185547,
            "sigmapsf": 0.334199994802475,
            "magnr": 19.118999481201172,
            "sigmagnr": 0.02199999988079071,
            "magzpsci": 26.308700561523438,
            "isdiffpos": "t",
            "ssdistnr": null,
            "ssnamenr": null,
            "drb": null
        },
        {
            "candid": 1609402123215015003,
            "jd": 2459363.9021296,
            "ra": 315.9448449,
            "dec": -0.9601072,
            "fid": 2,
            "nid": 1609,
            "magpsf": 19.777700424194336,
            "sigmapsf": 0.2573150098323822,
            "magnr": 19.13800048828125,
            "sigmagnr": 0.024000000208616257,
            "magzpsci": 26.2367000579834,
            "isdiffpos": "t",
            "ssdistnr": null,
            "ssnamenr": null,
            "drb": null
        },
        {
            "candid": 1610400324515015004,
            "jd": 2459364.9003241,
            "ra": 315.944884,
            "dec": -0.9602313,
            "fid": 1,
            "nid": 1610,
            "magpsf": 19.421499252319336,
            "sigmapsf": 0.2523820102214813,
            "magnr": 19.701000213623047,
            "sigmagnr": 0.019999999552965164,
            "magzpsci": 26.111499786376953,
            "isdiffpos": "t",
            "ssdistnr": null,
            "ssnamenr": null,
            "drb": null
        },
        {
            "candid": 1610442344515015012,
            "jd": 2459364.9423495,
            "ra": 315.9448142,
            "dec": -0.9601672,
            "fid": 2,
            "nid": 1610,
            "magpsf": 19.590700149536133,
            "sigmapsf": 0.20610399544239044,
            "magnr": 19.118999481201172,
            "sigmagnr": 0.02199999988079071,
            "magzpsci": 26.258699417114258,
            "isdiffpos": "t",
            "ssdistnr": null,
            "ssnamenr": null,
            "drb": null
        },
        {
            "candid": 1612411413215015001,
            "jd": 2459366.911412,
            "ra": 315.9448497,
            "dec": -0.960171,
            "fid": 2,
            "nid": 1612,
            "magpsf": 19.64699935913086,
            "sigmapsf": 0.16939899325370789,
            "magnr": 19.13800048828125,
            "sigmagnr": 0.024000000208616257,
            "magzpsci": 26.173999786376953,
            "isdiffpos": "t",
            "ssdistnr": null,
            "ssnamenr": null,
            "drb": null
        },
        {
            "candid": 1612453273215015002,
            "jd": 2459366.9532755,
            "ra": 315.9447762,
            "dec": -0.9600383,
            "fid": 1,
            "nid": 1612,
            "magpsf": 19.67329978942871,
            "sigmapsf": 0.19251100718975067,
            "magnr": 19.73900032043457,
            "sigmagnr": 0.03400000184774399,
            "magzpsci": 26.18429946899414,
            "isdiffpos": "t",
            "ssdistnr": null,
            "ssnamenr": null,
            "drb": null
        },
        {
            "candid": 1612453734515015002,
            "jd": 2459366.9537384,
            "ra": 315.9448125,
            "dec": -0.9601309,
            "fid": 1,
            "nid": 1612,
            "magpsf": 19.473800659179688,
            "sigmapsf": 0.15338900685310364,
            "magnr": 19.701000213623047,
            "sigmagnr": 0.019999999552965164,
            "magzpsci": 26.268800735473633,
            "isdiffpos": "t",
            "ssdistnr": null,
            "ssnamenr": null,
            "drb": null
        },
        {
            "candid": 1615401513215015001,
            "jd": 2459369.9015162,
            "ra": 315.9448016,
            "dec": -0.9600897,
            "fid": 1,
            "nid": 1615,
            "magpsf": 19.655399322509766,
            "sigmapsf": 0.1716960072517395,
            "magnr": 19.73900032043457,
            "sigmagnr": 0.03400000184774399,
            "magzpsci": 26.135400772094727,
            "isdiffpos": "t",
            "ssdistnr": null,
            "ssnamenr": null,
            "drb": null
        },
        {
            "candid": 1615401994515015005,
            "jd": 2459369.9019907,
            "ra": 315.9448412,
            "dec": -0.9600815,
            "fid": 1,
            "nid": 1615,
            "magpsf": 19.67259979248047,
            "sigmapsf": 0.1421079933643341,
            "magnr": 19.701000213623047,
            "sigmagnr": 0.019999999552965164,
            "magzpsci": 26.247600555419922,
            "isdiffpos": "t",
            "ssdistnr": null,
            "ssnamenr": null,
            "drb": null
        },
        {
            "candid": 1615457024515015004,
            "jd": 2459369.9570255,
            "ra": 315.9448088,
            "dec": -0.9600787,
            "fid": 2,
            "nid": 1615,
            "magpsf": 19.72279930114746,
            "sigmapsf": 0.19103699922561646,
            "magnr": 19.118999481201172,
            "sigmagnr": 0.02199999988079071,
            "magzpsci": 26.275800704956055,
            "isdiffpos": "t",
            "ssdistnr": null,
            "ssnamenr": null,
            "drb": null
        },
        {
            "candid": 1617399363215015004,
            "jd": 2459371.8993634,
            "ra": 315.9448553,
            "dec": -0.9601224,
            "fid": 1,
            "nid": 1617,
            "magpsf": 19.82699966430664,
            "sigmapsf": 0.18398800492286682,
            "magnr": 19.73900032043457,
            "sigmagnr": 0.03400000184774399,
            "magzpsci": 26.173999786376953,
            "isdiffpos": "t",
            "ssdistnr": null,
            "ssnamenr": null,
            "drb": null
        },
        {
            "candid": 1617405044515015001,
            "jd": 2459371.9050463,
            "ra": 315.9448928,
            "dec": -0.9601132,
            "fid": 1,
            "nid": 1617,
            "magpsf": 19.66790008544922,
            "sigmapsf": 0.12447299808263779,
            "magnr": 19.701000213623047,
            "sigmagnr": 0.019999999552965164,
            "magzpsci": 26.27589988708496,
            "isdiffpos": "t",
            "ssdistnr": null,
            "ssnamenr": null,
            "drb": null
        },
        {
            "candid": 1617456234515015006,
            "jd": 2459371.9562384,
            "ra": 315.944845,
            "dec": -0.9601054,
            "fid": 2,
            "nid": 1617,
            "magpsf": 19.803699493408203,
            "sigmapsf": 0.1409749984741211,
            "magnr": 19.118999481201172,
            "sigmagnr": 0.02199999988079071,
            "magzpsci": 26.282699584960938,
            "isdiffpos": "t",
            "ssdistnr": null,
            "ssnamenr": null,
            "drb": null
        },
        {
            "candid": 1617458113215015004,
            "jd": 2459371.9581134,
            "ra": 315.9448303,
            "dec": -0.9601411,
            "fid": 2,
            "nid": 1617,
            "magpsf": 19.740100860595703,
            "sigmapsf": 0.12079299986362457,
            "magnr": 19.13800048828125,
            "sigmagnr": 0.024000000208616257,
            "magzpsci": 26.214099884033203,
            "isdiffpos": "t",
            "ssdistnr": null,
            "ssnamenr": null,
            "drb": null
        },
        {
            "candid": 1620399913215015001,
            "jd": 2459374.899919,
            "ra": 315.9449057,
            "dec": -0.9600977,
            "fid": 1,
            "nid": 1620,
            "magpsf": 19.962200164794922,
            "sigmapsf": 0.20112000405788422,
            "magnr": 19.73900032043457,
            "sigmagnr": 0.03400000184774399,
            "magzpsci": 26.14620018005371,
            "isdiffpos": "t",
            "ssdistnr": null,
            "ssnamenr": null,
            "drb": null
        },
        {
            "candid": 1620402254515015004,
            "jd": 2459374.9022569,
            "ra": 315.944879,
            "dec": -0.9601417,
            "fid": 1,
            "nid": 1620,
            "magpsf": 19.846099853515625,
            "sigmapsf": 0.16565899550914764,
            "magnr": 19.701000213623047,
            "sigmagnr": 0.019999999552965164,
            "magzpsci": 26.297100067138672,
            "isdiffpos": "t",
            "ssdistnr": null,
            "ssnamenr": null,
            "drb": null
        },
        {
            "candid": 1622399803215015000,
            "jd": 2459376.8998032,
            "ra": 315.9448344,
            "dec": -0.9601884,
            "fid": 1,
            "nid": 1622,
            "magpsf": 20.07939910888672,
            "sigmapsf": 0.1901089996099472,
            "magnr": 19.73900032043457,
            "sigmagnr": 0.03400000184774399,
            "magzpsci": 26.210399627685547,
            "isdiffpos": "t",
            "ssdistnr": null,
            "ssnamenr": null,
            "drb": null
        },
        {
            "candid": 1622416344515015003,
            "jd": 2459376.9163426,
            "ra": 315.9448514,
            "dec": -0.9601055,
            "fid": 1,
            "nid": 1622,
            "magpsf": 19.91860008239746,
            "sigmapsf": 0.1780110001564026,
            "magnr": 19.701000213623047,
            "sigmagnr": 0.019999999552965164,
            "magzpsci": 26.32659912109375,
            "isdiffpos": "t",
            "ssdistnr": null,
            "ssnamenr": null,
            "drb": null
        },
        {
            "candid": 1622440303215015005,
            "jd": 2459376.9403009,
            "ra": 315.944859,
            "dec": -0.9601105,
            "fid": 2,
            "nid": 1622,
            "magpsf": 19.952199935913086,
            "sigmapsf": 0.17531900107860565,
            "magnr": 19.13800048828125,
            "sigmagnr": 0.024000000208616257,
            "magzpsci": 26.2362003326416,
            "isdiffpos": "t",
            "ssdistnr": null,
            "ssnamenr": null,
            "drb": null
        },
        {
            "candid": 1624401133215015004,
            "jd": 2459378.9011343,
            "ra": 315.9448707,
            "dec": -0.9601649,
            "fid": 2,
            "nid": 1624,
            "magpsf": 20.045400619506836,
            "sigmapsf": 0.15163399279117584,
            "magnr": 19.13800048828125,
            "sigmagnr": 0.024000000208616257,
            "magzpsci": 26.246400833129883,
            "isdiffpos": "t",
            "ssdistnr": null,
            "ssnamenr": null,
            "drb": null
        },
        {
            "candid": 1624416284515015003,
            "jd": 2459378.9162847,
            "ra": 315.9448754,
            "dec": -0.9600547,
            "fid": 2,
            "nid": 1624,
            "magpsf": 19.930999755859375,
            "sigmapsf": 0.1673939973115921,
            "magnr": 19.118999481201172,
            "sigmagnr": 0.02199999988079071,
            "magzpsci": 26.312000274658203,
            "isdiffpos": "t",
            "ssdistnr": null,
            "ssnamenr": null,
            "drb": null
        },
        {
            "candid": 1624422503215015002,
            "jd": 2459378.9225,
            "ra": 315.9448767,
            "dec": -0.9601423,
            "fid": 1,
            "nid": 1624,
            "magpsf": 20.260799407958984,
            "sigmapsf": 0.24905799329280853,
            "magnr": 19.73900032043457,
            "sigmagnr": 0.03400000184774399,
            "magzpsci": 26.24679946899414,
            "isdiffpos": "t",
            "ssdistnr": null,
            "ssnamenr": null,
            "drb": null
        },
        {
            "candid": 1628441593215015005,
            "jd": 2459382.9415972,
            "ra": 315.9448243,
            "dec": -0.9601324,
            "fid": 2,
            "nid": 1628,
            "magpsf": 20.223499298095703,
            "sigmapsf": 0.19144900143146515,
            "magnr": 19.13800048828125,
            "sigmagnr": 0.024000000208616257,
            "magzpsci": 26.10650062561035,
            "isdiffpos": "t",
            "ssdistnr": -999.0,
            "ssnamenr": "null",
            "drb": null
        },
        {
            "jd": 2459334.9811921,
            "fid": 1,
            "diffmaglim": 19.507400512695312
        },
        {
            "jd": 2459335.9401042,
            "fid": 1,
            "diffmaglim": 18.794300079345703
        },
        {
            "jd": 2459337.9198495,
            "fid": 1,
            "diffmaglim": 18.53499984741211
        },
        {
            "jd": 2459337.9654861,
            "fid": 2,
            "diffmaglim": 19.272600173950195
        },
        {
            "jd": 2459339.9270833,
            "fid": 1,
            "diffmaglim": 19.927799224853516
        },
        {
            "jd": 2459339.9275463,
            "fid": 1,
            "diffmaglim": 19.780099868774414
        },
        {
            "jd": 2459339.976956,
            "fid": 2,
            "diffmaglim": 20.13909912109375
        },
        {
            "jd": 2459339.977419,
            "fid": 2,
            "diffmaglim": 20.17460060119629
        },
        {
            "jd": 2459342.9462731,
            "fid": 2,
            "diffmaglim": 20.477399826049805
        },
        {
            "jd": 2459342.9472106,
            "fid": 2,
            "diffmaglim": 20.51580047607422
        },
        {
            "jd": 2459342.9680093,
            "fid": 1,
            "diffmaglim": 20.70039939880371
        },
        {
            "jd": 2459342.9689468,
            "fid": 1,
            "diffmaglim": 20.646499633789062
        },
        {
            "jd": 2459345.9270718,
            "fid": 1,
            "diffmaglim": 20.149700164794922
        },
        {
            "jd": 2459345.9280093,
            "fid": 1,
            "diffmaglim": 20.249099731445312
        },
        {
            "jd": 2459345.9726736,
            "fid": 2,
            "diffmaglim": 20.403200149536133
        },
        {
            "jd": 2459345.9740741,
            "fid": 2,
            "diffmaglim": 20.282800674438477
        },
        {
            "jd": 2459348.9220486,
            "fid": 2,
            "diffmaglim": 20.465499877929688
        },
        {
            "jd": 2459348.9229745,
            "fid": 2,
            "diffmaglim": 20.508800506591797
        },
        {
            "jd": 2459348.9440278,
            "fid": 1,
            "diffmaglim": 20.538799285888672
        },
        {
            "jd": 2459348.9449653,
            "fid": 1,
            "diffmaglim": 20.553600311279297
        },
        {
            "jd": 2459352.9257986,
            "fid": 2,
            "diffmaglim": 20.220800399780273
        },
        {
            "jd": 2459352.9271991,
            "fid": 2,
            "diffmaglim": 20.12540054321289
        },
        {
            "jd": 2459352.963125,
            "fid": 1,
            "diffmaglim": 20.433500289916992
        },
        {
            "jd": 2459352.964537,
            "fid": 1,
            "diffmaglim": 20.484800338745117
        },
        {
            "jd": 2459354.9442014,
            "fid": 1,
            "diffmaglim": 19.856000900268555
        },
        {
            "jd": 2459356.8812269,
            "fid": 2,
            "diffmaglim": 19.353599548339844
        },
        {
            "jd": 2459357.9223032,
            "fid": 1,
            "diffmaglim": 19.431299209594727
        },
        {
            "jd": 2459357.9628009,
            "fid": 2,
            "diffmaglim": 20.37150001525879
        },
        {
            "jd": 2459362.9200463,
            "fid": 1,
            "diffmaglim": 19.498600006103516
        },
        {
            "jd": 2459363.9538194,
            "fid": 1,
            "diffmaglim": 19.40060043334961
        },
        {
            "jd": 2459366.9109375,
            "fid": 2,
            "diffmaglim": 19.861099243164062
        },
        {
            "jd": 2459374.940706,
            "fid": 2,
            "diffmaglim": 19.304800033569336
        },
        {
            "jd": 2459380.9191782,
            "fid": 1,
            "diffmaglim": 17.653600692749023
        },
        {
            "jd": 2459380.940081,
            "fid": 2,
            "diffmaglim": 17.598600387573242
        },
        {
            "jd": 2459381.8989931,
            "fid": 2,
            "diffmaglim": 19.51609992980957
        },
        {
            "jd": 2459382.9186574,
            "fid": 1,
            "diffmaglim": 20.28890037536621
        }
    ],
    "forcedphot": []
}