{
    "objectId": "ZTF22aaahbyx",
    "candidates": [
        {
            "candid": 1868201812215015002,
            "jd": 2459622.7018171,
            "ra": 32.5616269,
            "dec": 31.9843295,
            "fid": 2,
            "nid": 1868,
            "magpsf": 17.46579933166504,
            "sigmapsf": 0.050634998828172684,
            "magnr": 20.0310001373291,
            "sigmagnr": 0.12800000607967377,
            "magzpsci": 26.335800170898438,
            "isdiffpos": "t",
            "ssdistnr": null,
            "ssnamenr": null,
            "drb": 1.0
        },
        {
            "candid": 1870161012215015002,
            "jd": 2459624.6610185,
            "ra": 32.5616055,
            "dec": 31.9843664,
            "fid": 2,
            "nid": 1870,
            "magpsf": 17.483600616455078,
            "sigmapsf": 0.05386200174689293,
            "magnr": 20.0310001373291,
            "sigmagnr": 0.12800000607967377,
            "magzpsci": 26.369600296020508,
            "isdiffpos": "t",
            "ssdistnr": null,
            "ssnamenr": null,
            "drb": null
        },
        {
            "candid": 1873140472215015002,
            "jd": 2459627.6404745,
            "ra": 32.5616229,
            "dec": 31.9843533,
            "fid": 2,
            "nid": 1873,
            "magpsf": 17.5310001373291,
            "sigmapsf": 0.040442999452352524,
            "magnr": 20.0310001373291,
            "sigmagnr": 0.12800000607967377,
            "magzpsci": 26.363000869750977,
            "isdiffpos": "t",
            "ssdistnr": null,
            "ssnamenr": null,
            "drb": null
        },
        {
            "candid": 1873201572215015001,
            "jd": 2459627.7015741,
            "ra": 32.5616344,
            "dec": 31.9843475,
            "fid": 1,
            "nid": 1873,
            "magpsf": 17.608400344848633,
            "sigmapsf": 0.05076799914240837,
            "magnr": 20.27899932861328,
            "sigmagnr": 0.125,
            "magzpsci": 26.255399703979492,
            "isdiffpos": "t",
            "ssdistnr": null,
            "ssnamenr": null,
            "drb": null
        },
        {
            "candid": 1875141072215015007,
            "jd": 2459629.6410764,
            "ra": 32.5616509,
            "dec": 31.9843421,
            "fid": 2,
            "nid": 1875,
            "magpsf": 17.610200881958008,
            "sigmapsf": 0.04179700091481209,
            "magnr": 20.0310001373291,
            "sigmagnr": 0.12800000607967377,
            "magzpsci": 26.366199493408203,
            "isdiffpos": "t",
            "ssdistnr": null,
            "ssnamenr": null,
            "drb": null
        },
        {
            "candid": 1875220912215015001,
            "jd": 2459629.7209144,
            "ra": 32.5616536,
            "dec": 31.9843095,
            "fid": 1,
            "nid": 1875,
            "magpsf": 17.666900634765625,
            "sigmapsf": 0.08402799814939499,
            "magnr": 20.27899932861328,
            "sigmagnr": 0.125,
            "magzpsci": 26.16790008544922,
            "isdiffpos": "t",
            "ssdistnr": null,
            "ssnamenr": null,
            "drb": null
        },
        {
            "candid": 1877140472215015017,
            "jd": 2459631.6404745,
            "ra": 32.5616436,
            "dec": 31.9843246,
            "fid": 2,
            "nid": 1877,
            "magpsf": 17.78849983215332,
            "sigmapsf": 0.08728200197219849,
            "magnr": 20.0310001373291,
            "sigmagnr": 0.12800000607967377,
            "magzpsci": 25.109500885009766,
            "isdiffpos": "t",
            "ssdistnr": null,
            "ssnamenr": null,
            "drb": null
        },
        {
            "candid": 1884144062215015018,
            "jd": 2459638.6440625,
            "ra": 32.5616521,
            "dec": 31.9843098,
            "fid": 1,
            "nid": 1884,
            "magpsf": 18.36680030822754,
            "sigmapsf": 0.11444900184869766,
            "magnr": 20.27899932861328,
            "sigmagnr": 0.125,
            "magzpsci": 25.87779998779297,
            "isdiffpos": "t",
            "ssdistnr": null,
            "ssnamenr": null,
            "drb": null
        },
        {
            "candid": 1886145252215015006,
            "jd": 2459640.6452546,
            "ra": 32.5616214,
            "dec": 31.9843276,
            "fid": 2,
            "nid": 1886,
            "magpsf": 18.125699996948242,
            "sigmapsf": 0.0628800019621849,
            "magnr": 20.0310001373291,
            "sigmagnr": 0.12800000607967377,
            "magzpsci": 26.323699951171875,
            "isdiffpos": "t",
            "ssdistnr": null,
            "ssnamenr": null,
            "drb": null
        },
        {
            "candid": 1886159502215015007,
            "jd": 2459640.6595023,
            "ra": 32.5616314,
            "dec": 31.9843372,
            "fid": 1,
            "nid": 1886,
            "magpsf": 18.53050994873047,
            "sigmapsf": 0.08386000245809555,
            "magnr": 20.27899932861328,
            "sigmagnr": 0.125,
            "magzpsci": 26.23451042175293,
            "isdiffpos": "t",
            "ssdistnr": -999.0,
            "ssnamenr": "null",
            "drb": null
        },
        {
            "jd": 2459638.7054514,
            "fid": 2,
            "diffmaglim": 17.04360008239746
        }
    ],
    "forcedphot": []
}