{
    "objectId": "ZTF20acxiyyp",
    "candidates": [
        {
            "candid": 1439435840015015017,
            "jd": 2459193.9358449,
            "ra": 113.4843928,
            "dec": 16.6071937,
            "fid": 1,
            "nid": 1439,
            "magpsf": 20.918899536132812,
            "sigmapsf": 0.22031599283218384,
            "magnr": 21.47800064086914,
            "sigmagnr": 0.1420000046491623,
            "magzpsci": 26.26889991760254,
            "isdiffpos": "t",
            "ssdistnr": -999.0,
            "ssnamenr": "-999.0",
            "drb": null
        },
        {
            "candid": 1440419611315015010,
            "jd": 2459194.9196181,
            "ra": 113.4844971,
            "dec": 16.6073048,
            "fid": 1,
            "nid": 1440,
            "magpsf": 20.38159942626953,
            "sigmapsf": 0.24609699845314026,
            "magnr": 21.593000411987305,
            "sigmagnr": 0.10199999809265137,
            "magzpsci": 26.07360076904297,
            "isdiffpos": "t",
            "ssdistnr": -999.0,
            "ssnamenr": "-999.0",
            "drb": null
        },
        {
            "candid": 1442420631315015011,
            "jd": 2459196.9206366,
            "ra": 113.4844909,
            "dec": 16.6072433,
            "fid": 1,
            "nid": 1442,
            "magpsf": 20.16309928894043,
            "sigmapsf": 0.23502899706363678,
            "magnr": 21.593000411987305,
            "sigmagnr": 0.10199999809265137,
            "magzpsci": 26.33609962463379,
            "isdiffpos": "t",
            "ssdistnr": -999.0,
            "ssnamenr": "-999.0",
            "drb": null
        },
        {
            "candid": 1442422510015015013,
            "jd": 2459196.9225116,
            "ra": 113.4843859,
            "dec": 16.6072779,
            "fid": 1,
            "nid": 1442,
            "magpsf": 20.143600463867188,
            "sigmapsf": 0.18666499853134155,
            "magnr": 21.47800064086914,
            "sigmagnr": 0.1420000046491623,
            "magzpsci": 26.289600372314453,
            "isdiffpos": "t",
            "ssdistnr": -999.0,
            "ssnamenr": "null",
            "drb": 0.995826005935669
        },
        {
            "candid": 1442475201315015022,
            "jd": 2459196.9752083,
            "ra": 113.4846098,
            "dec": 16.607315,
            "fid": 2,
            "nid": 1442,
            "magpsf": 20.12459945678711,
            "sigmapsf": 0.28046199679374695,
            "magnr": 20.79199981689453,
            "sigmagnr": 0.04600000008940697,
            "magzpsci": 26.224599838256836,
            "isdiffpos": "t",
            "ssdistnr": -999.0,
            "ssnamenr": "-999.0",
            "drb": null
        },
        {
            "candid": 1445340390015015020,
            "jd": 2459199.8403935,
            "ra": 113.4844482,
            "dec": 16.6072501,
            "fid": 1,
            "nid": 1445,
            "magpsf": 19.905099868774414,
            "sigmapsf": 0.1300549954175949,
            "magnr": 21.47800064086914,
            "sigmagnr": 0.1420000046491623,
            "magzpsci": 26.291099548339844,
            "isdiffpos": "t",
            "ssdistnr": -999.0,
            "ssnamenr": "null",
            "drb": 0.9999989867210388
        },
        {
            "candid": 1445379420015015013,
            "jd": 2459199.8794213,
            "ra": 113.484535,
            "dec": 16.6073001,
            "fid": 2,
            "nid": 1445,
            "magpsf": 20.18160057067871,
            "sigmapsf": 0.20866599678993225,
            "magnr": 20.761999130249023,
            "sigmagnr": 0.05900000035762787,
            "magzpsci": 26.193599700927734,
            "isdiffpos": "t",
            "ssdistnr": -999.0,
            "ssnamenr": "null",
            "drb": 0.9962419867515564
        },
        {
            "candid": 1445423921315015009,
            "jd": 2459199.9239236,
            "ra": 113.4844875,
            "dec": 16.6072669,
            "fid": 1,
            "nid": 1445,
            "magpsf": 19.90239906311035,
            "sigmapsf": 0.14534999430179596,
            "magnr": 21.593000411987305,
            "sigmagnr": 0.10199999809265137,
            "magzpsci": 26.352399826049805,
            "isdiffpos": "t",
            "ssdistnr": -999.0,
            "ssnamenr": "null",
            "drb": 0.9999970197677612
        },
        {
            "candid": 1447410831315015010,
            "jd": 2459201.9108333,
            "ra": 113.4844515,
            "dec": 16.6073026,
            "fid": 1,
            "nid": 1447,
            "magpsf": 19.900100708007812,
            "sigmapsf": 0.12117999792098999,
            "magnr": 21.593000411987305,
            "sigmagnr": 0.10199999809265137,
            "magzpsci": 26.344100952148438,
            "isdiffpos": "t",
            "ssdistnr": -999.0,
            "ssnamenr": "-999.0",
            "drb": null
        },
        {
            "candid": 1447411290015015017,
            "jd": 2459201.9112963,
            "ra": 113.4844517,
            "dec": 16.6072828,
            "fid": 1,
            "nid": 1447,
            "magpsf": 19.88680076599121,
            "sigmapsf": 0.15982599556446075,
            "magnr": 21.47800064086914,
            "sigmagnr": 0.1420000046491623,
            "magzpsci": 26.28580093383789,
            "isdiffpos": "t",
            "ssdistnr": -999.0,
            "ssnamenr": "null",
            "drb": 0.9993969798088074
        },
        {
            "candid": 1447455380015015109,
            "jd": 2459201.9553819,
            "ra": 113.4843967,
            "dec": 16.6073,
            "fid": 2,
            "nid": 1447,
            "magpsf": 19.991199493408203,
            "sigmapsf": 0.18335400521755219,
            "magnr": 20.761999130249023,
            "sigmagnr": 0.05900000035762787,
            "magzpsci": 26.215200424194336,
            "isdiffpos": "t",
            "ssdistnr": -999.0,
            "ssnamenr": "null",
            "drb": 5.100000066704524e-07
        },
        {
            "candid": 1449374241315015006,
            "jd": 2459203.8742477,
            "ra": 113.4845785,
            "dec": 16.6073034,
            "fid": 1,
            "nid": 1449,
            "magpsf": 19.871200561523438,
            "sigmapsf": 0.1531430035829544,
            "magnr": 21.593000411987305,
            "sigmagnr": 0.10199999809265137,
            "magzpsci": 26.334199905395508,
            "isdiffpos": "t",
            "ssdistnr": -999.0,
            "ssnamenr": "null",
            "drb": 0.9999610185623169
        },
        {
            "candid": 1449430271315015006,
            "jd": 2459203.9302778,
            "ra": 113.4844391,
            "dec": 16.6073346,
            "fid": 2,
            "nid": 1449,
            "magpsf": 19.739099502563477,
            "sigmapsf": 0.15817700326442719,
            "magnr": 20.79199981689453,
            "sigmagnr": 0.04600000008940697,
            "magzpsci": 26.232099533081055,
            "isdiffpos": "t",
            "ssdistnr": -999.0,
            "ssnamenr": "null",
            "drb": 0.9997090101242065
        },
        {
            "candid": 1449431220015015009,
            "jd": 2459203.9312269,
            "ra": 113.4843749,
            "dec": 16.6071934,
            "fid": 2,
            "nid": 1449,
            "magpsf": 19.82710075378418,
            "sigmapsf": 0.16620300710201263,
            "magnr": 20.761999130249023,
            "sigmagnr": 0.05900000035762787,
            "magzpsci": 26.18910026550293,
            "isdiffpos": "t",
            "ssdistnr": -999.0,
            "ssnamenr": "null",
            "drb": 0.9997140169143677
        },
        {
            "candid": 1451367431315015016,
            "jd": 2459205.8674306,
            "ra": 113.484509,
            "dec": 16.6071785,
            "fid": 1,
            "nid": 1451,
            "magpsf": 19.661399841308594,
            "sigmapsf": 0.2482530027627945,
            "magnr": 21.593000411987305,
            "sigmagnr": 0.10199999809265137,
            "magzpsci": 25.1033992767334,
            "isdiffpos": "t",
            "ssdistnr": -999.0,
            "ssnamenr": "-999.0",
            "drb": null
        },
        {
            "candid": 1456264221315015003,
            "jd": 2459210.7642245,
            "ra": 113.4843949,
            "dec": 16.607292,
            "fid": 1,
            "nid": 1456,
            "magpsf": 19.934799194335938,
            "sigmapsf": 0.2871150076389313,
            "magnr": 21.593000411987305,
            "sigmagnr": 0.10199999809265137,
            "magzpsci": 26.309799194335938,
            "isdiffpos": "t",
            "ssdistnr": -999.0,
            "ssnamenr": "-999.0",
            "drb": null
        },
        {
            "candid": 1462382001315015010,
            "jd": 2459216.8820023,
            "ra": 113.4844402,
            "dec": 16.6073485,
            "fid": 2,
            "nid": 1462,
            "magpsf": 20.012699127197266,
            "sigmapsf": 0.26736000180244446,
            "magnr": 20.79199981689453,
            "sigmagnr": 0.04600000008940697,
            "magzpsci": 26.22369956970215,
            "isdiffpos": "t",
            "ssdistnr": -999.0,
            "ssnamenr": "-999.0",
            "drb": null
        },
        {
            "candid": 1462433731315015004,
            "jd": 2459216.9337384,
            "ra": 113.4844935,
            "dec": 16.6073158,
            "fid": 1,
            "nid": 1462,
            "magpsf": 20.163700103759766,
            "sigmapsf": 0.29632699489593506,
            "magnr": 21.593000411987305,
            "sigmagnr": 0.10199999809265137,
            "magzpsci": 26.317699432373047,
            "isdiffpos": "t",
            "ssdistnr": -999.0,
            "ssnamenr": "-999.0",
            "drb": null
        },
        {
            "candid": 1464394431315015012,
            "jd": 2459218.8944329,
            "ra": 113.4844869,
            "dec": 16.6072435,
            "fid": 2,
            "nid": 1464,
            "magpsf": 19.951200485229492,
            "sigmapsf": 0.24556699395179749,
            "magnr": 20.79199981689453,
            "sigmagnr": 0.04600000008940697,
            "magzpsci": 26.211200714111328,
            "isdiffpos": "t",
            "ssdistnr": -999.0,
            "ssnamenr": "-999.0",
            "drb": null
        },
        {
            "candid": 1465277910015015014,
            "jd": 2459219.7779167,
            "ra": 113.4844292,
            "dec": 16.6072303,
            "fid": 1,
            "nid": 1465,
            "magpsf": 20.34600067138672,
            "sigmapsf": 0.19126500189304352,
            "magnr": 21.47800064086914,
            "sigmagnr": 0.1420000046491623,
            "magzpsci": 26.243999481201172,
            "isdiffpos": "t",
            "ssdistnr": -999.0,
            "ssnamenr": "null",
            "drb": 0.9998080134391785
        },
        {
            "candid": 1465331880015015021,
            "jd": 2459219.8318866,
            "ra": 113.4844962,
            "dec": 16.6073126,
            "fid": 2,
            "nid": 1465,
            "magpsf": 20.359699249267578,
            "sigmapsf": 0.23332899808883667,
            "magnr": 20.761999130249023,
            "sigmagnr": 0.05900000035762787,
            "magzpsci": 26.176700592041016,
            "isdiffpos": "t",
            "ssdistnr": -999.0,
            "ssnamenr": "-999.0",
            "drb": null
        },
        {
            "candid": 1466296871315015020,
            "jd": 2459220.796875,
            "ra": 113.4843978,
            "dec": 16.6072781,
            "fid": 2,
            "nid": 1466,
            "magpsf": 20.09440040588379,
            "sigmapsf": 0.17799100279808044,
            "magnr": 20.79199981689453,
            "sigmagnr": 0.04600000008940697,
            "magzpsci": 26.188400268554688,
            "isdiffpos": "t",
            "ssdistnr": -999.0,
            "ssnamenr": "null",
            "drb": 0.9999150037765503
        },
        {
            "candid": 1466339821315015007,
            "jd": 2459220.8398264,
            "ra": 113.4844652,
            "dec": 16.6072833,
            "fid": 1,
            "nid": 1466,
            "magpsf": 20.570899963378906,
            "sigmapsf": 0.2494869977235794,
            "magnr": 21.593000411987305,
            "sigmagnr": 0.10199999809265137,
            "magzpsci": 26.19890022277832,
            "isdiffpos": "t",
            "ssdistnr": -999.0,
            "ssnamenr": "-999.0",
            "drb": null
        },
        {
            "candid": 1467266260015015007,
            "jd": 2459221.7662616,
            "ra": 113.4845054,
            "dec": 16.6073727,
            "fid": 2,
            "nid": 1467,
            "magpsf": 20.192800521850586,
            "sigmapsf": 0.23250199854373932,
            "magnr": 20.761999130249023,
            "sigmagnr": 0.05900000035762787,
            "magzpsci": 26.162799835205078,
            "isdiffpos": "t",
            "ssdistnr": -999.0,
            "ssnamenr": "-999.0",
            "drb": null
        },
        {
            "candid": 1467335630015015024,
            "jd": 2459221.8356366,
            "ra": 113.4844299,
            "dec": 16.6072339,
            "fid": 1,
            "nid": 1467,
            "magpsf": 20.70989990234375,
            "sigmapsf": 0.22905899584293365,
            "magnr": 21.47800064086914,
            "sigmagnr": 0.1420000046491623,
            "magzpsci": 26.28190040588379,
            "isdiffpos": "t",
            "ssdistnr": -999.0,
            "ssnamenr": "-999.0",
            "drb": null
        },
        {
            "candid": 1468339251315015016,
            "jd": 2459222.8392593,
            "ra": 113.4844771,
            "dec": 16.6073433,
            "fid": 2,
            "nid": 1468,
            "magpsf": 20.151899337768555,
            "sigmapsf": 0.17326000332832336,
            "magnr": 20.79199981689453,
            "sigmagnr": 0.04600000008940697,
            "magzpsci": 26.226900100708008,
            "isdiffpos": "t",
            "ssdistnr": -999.0,
            "ssnamenr": "null",
            "drb": 0.9998549818992615
        },
        {
            "candid": 1468382011315015044,
            "jd": 2459222.8820139,
            "ra": 113.4844488,
            "dec": 16.6072569,
            "fid": 1,
            "nid": 1468,
            "magpsf": 20.554399490356445,
            "sigmapsf": 0.2278899997472763,
            "magnr": 21.593000411987305,
            "sigmagnr": 0.10199999809265137,
            "magzpsci": 26.33639907836914,
            "isdiffpos": "t",
            "ssdistnr": 22.0,
            "ssnamenr": "542755",
            "drb": null
        },
        {
            "candid": 1469352760015015023,
            "jd": 2459223.8527662,
            "ra": 113.4844905,
            "dec": 16.6073091,
            "fid": 1,
            "nid": 1469,
            "magpsf": 20.541099548339844,
            "sigmapsf": 0.22937700152397156,
            "magnr": 21.47800064086914,
            "sigmagnr": 0.1420000046491623,
            "magzpsci": 26.2721004486084,
            "isdiffpos": "t",
            "ssdistnr": -999.0,
            "ssnamenr": "-999.0",
            "drb": null
        },
        {
            "candid": 1471216270015015015,
            "jd": 2459225.7162731,
            "ra": 113.4843844,
            "dec": 16.6072644,
            "fid": 1,
            "nid": 1471,
            "magpsf": 20.735599517822266,
            "sigmapsf": 0.28284400701522827,
            "magnr": 21.47800064086914,
            "sigmagnr": 0.1420000046491623,
            "magzpsci": 26.20159912109375,
            "isdiffpos": "t",
            "ssdistnr": -999.0,
            "ssnamenr": "-999.0",
            "drb": null
        },
        {
            "candid": 1471301360015015011,
            "jd": 2459225.8013657,
            "ra": 113.4844293,
            "dec": 16.6073145,
            "fid": 2,
            "nid": 1471,
            "magpsf": 20.600799560546875,
            "sigmapsf": 0.24763700366020203,
            "magnr": 20.761999130249023,
            "sigmagnr": 0.05900000035762787,
            "magzpsci": 26.173799514770508,
            "isdiffpos": "t",
            "ssdistnr": -999.0,
            "ssnamenr": "-999.0",
            "drb": null
        },
        {
            "candid": 1472303861315015010,
            "jd": 2459226.8038657,
            "ra": 113.4845464,
            "dec": 16.6071538,
            "fid": 1,
            "nid": 1472,
            "magpsf": 20.728300094604492,
            "sigmapsf": 0.3170050084590912,
            "magnr": 21.593000411987305,
            "sigmagnr": 0.10199999809265137,
            "magzpsci": 26.331300735473633,
            "isdiffpos": "t",
            "ssdistnr": -999.0,
            "ssnamenr": "-999.0",
            "drb": null
        },
        {
            "candid": 1472399671315015015,
            "jd": 2459226.8996759,
            "ra": 113.4843955,
            "dec": 16.6073262,
            "fid": 2,
            "nid": 1472,
            "magpsf": 20.340700149536133,
            "sigmapsf": 0.2700429856777191,
            "magnr": 20.79199981689453,
            "sigmagnr": 0.04600000008940697,
            "magzpsci": 26.216699600219727,
            "isdiffpos": "t",
            "ssdistnr": -999.0,
            "ssnamenr": "-999.0",
            "drb": null
        },
        {
            "candid": 1474287181315015020,
            "jd": 2459228.7871875,
            "ra": 113.4844337,
            "dec": 16.6072784,
            "fid": 1,
            "nid": 1474,
            "magpsf": 20.851600646972656,
            "sigmapsf": 0.2606709897518158,
            "magnr": 21.593000411987305,
            "sigmagnr": 0.10199999809265137,
            "magzpsci": 26.322599411010742,
            "isdiffpos": "t",
            "ssdistnr": -999.0,
            "ssnamenr": "-999.0",
            "drb": null
        },
        {
            "candid": 1474320031315015010,
            "jd": 2459228.8200347,
            "ra": 113.4844148,
            "dec": 16.607295,
            "fid": 2,
            "nid": 1474,
            "magpsf": 20.305599212646484,
            "sigmapsf": 0.20066800713539124,
            "magnr": 20.79199981689453,
            "sigmagnr": 0.04600000008940697,
            "magzpsci": 26.223600387573242,
            "isdiffpos": "t",
            "ssdistnr": -999.0,
            "ssnamenr": "null",
            "drb": 0.9997209906578064
        },
        {
            "jd": 2459168.93688,
            "fid": 2,
            "diffmaglim": 20.410999298095703
        },
        {
            "jd": 2459168.93782,
            "fid": 2,
            "diffmaglim": 20.222000122070312
        },
        {
            "jd": 2459168.96299,
            "fid": 1,
            "diffmaglim": 20.298999786376953
        },
        {
            "jd": 2459168.9788,
            "fid": 1,
            "diffmaglim": 20.57200050354004
        },
        {
            "jd": 2459170.90378,
            "fid": 2,
            "diffmaglim": 20.339000701904297
        },
        {
            "jd": 2459170.9419,
            "fid": 1,
            "diffmaglim": 20.336999893188477
        },
        {
            "jd": 2459170.94237,
            "fid": 1,
            "diffmaglim": 20.55299949645996
        },
        {
            "jd": 2459171.00537,
            "fid": 2,
            "diffmaglim": 20.36199951171875
        },
        {
            "jd": 2459173.93713,
            "fid": 2,
            "diffmaglim": 19.336000442504883
        },
        {
            "jd": 2459173.9376,
            "fid": 2,
            "diffmaglim": 18.860000610351562
        },
        {
            "jd": 2459173.94079,
            "fid": 1,
            "diffmaglim": 20.80299949645996
        },
        {
            "jd": 2459173.94266,
            "fid": 1,
            "diffmaglim": 20.6560001373291
        },
        {
            "jd": 2459175.921,
            "fid": 1,
            "diffmaglim": 18.7549991607666
        },
        {
            "jd": 2459175.92194,
            "fid": 1,
            "diffmaglim": 18.757999420166016
        },
        {
            "jd": 2459177.91715,
            "fid": 1,
            "diffmaglim": 20.566999435424805
        },
        {
            "jd": 2459178.01384,
            "fid": 1,
            "diffmaglim": 20.209999084472656
        },
        {
            "jd": 2459179.83988,
            "fid": 2,
            "diffmaglim": 19.815000534057617
        },
        {
            "jd": 2459179.93892,
            "fid": 1,
            "diffmaglim": 19.993999481201172
        },
        {
            "jd": 2459180.99862,
            "fid": 1,
            "diffmaglim": 19.83099937438965
        },
        {
            "jd": 2459181.04022,
            "fid": 2,
            "diffmaglim": 18.94099998474121
        },
        {
            "jd": 2459181.9623,
            "fid": 2,
            "diffmaglim": 19.95800018310547
        },
        {
            "jd": 2459182.01971,
            "fid": 1,
            "diffmaglim": 19.749000549316406
        },
        {
            "jd": 2459182.96245,
            "fid": 2,
            "diffmaglim": 19.701000213623047
        },
        {
            "jd": 2459183.02885,
            "fid": 1,
            "diffmaglim": 19.430999755859375
        },
        {
            "jd": 2459183.84009,
            "fid": 1,
            "diffmaglim": 17.722999572753906
        },
        {
            "jd": 2459183.96154,
            "fid": 2,
            "diffmaglim": 16.753999710083008
        },
        {
            "jd": 2459184.94093,
            "fid": 1,
            "diffmaglim": 19.27199935913086
        },
        {
            "jd": 2459184.97829,
            "fid": 2,
            "diffmaglim": 19.569000244140625
        },
        {
            "jd": 2459188.86875,
            "fid": 2,
            "diffmaglim": 19.582000732421875
        },
        {
            "jd": 2459188.92759,
            "fid": 1,
            "diffmaglim": 19.658000946044922
        },
        {
            "jd": 2459189.84603,
            "fid": 2,
            "diffmaglim": 19.913999557495117
        },
        {
            "jd": 2459189.98719,
            "fid": 1,
            "diffmaglim": 19.288999557495117
        },
        {
            "jd": 2459190.87088,
            "fid": 1,
            "diffmaglim": 20.138999938964844
        },
        {
            "jd": 2459190.94484,
            "fid": 2,
            "diffmaglim": 17.347999572753906
        },
        {
            "jd": 2459192.88167,
            "fid": 1,
            "diffmaglim": 17.7549991607666
        },
        {
            "jd": 2459192.95874,
            "fid": 2,
            "diffmaglim": 15.015000343322754
        },
        {
            "jd": 2459193.80848,
            "fid": 2,
            "diffmaglim": 20.57699966430664
        },
        {
            "jd": 2459194.87993,
            "fid": 2,
            "diffmaglim": 20.20800018310547
        },
        {
            "jd": 2459196.89385,
            "fid": 2,
            "diffmaglim": 19.83300018310547
        },
        {
            "jd": 2459199.88037,
            "fid": 2,
            "diffmaglim": 20.101999282836914
        },
        {
            "jd": 2459205.81928,
            "fid": 2,
            "diffmaglim": 18.43400001525879
        },
        {
            "jd": 2459205.86791,
            "fid": 1,
            "diffmaglim": 18.649999618530273
        },
        {
            "jd": 2459205.95167,
            "fid": 2,
            "diffmaglim": 16.988000869750977
        },
        {
            "jd": 2459210.88666,
            "fid": 2,
            "diffmaglim": 19.95199966430664
        },
        {
            "jd": 2459215.85837,
            "fid": 2,
            "diffmaglim": 18.170000076293945
        },
        {
            "jd": 2459217.77972,
            "fid": 1,
            "diffmaglim": 17.13800048828125
        },
        {
            "jd": 2459217.83615,
            "fid": 2,
            "diffmaglim": 20.155000686645508
        },
        {
            "jd": 2459218.83186,
            "fid": 1,
            "diffmaglim": 19.020000457763672
        },
        {
            "jd": 2459223.77373,
            "fid": 2,
            "diffmaglim": 20.17799949645996
        },
        {
            "jd": 2459224.81218,
            "fid": 2,
            "diffmaglim": 20.43000030517578
        },
        {
            "jd": 2459227.81549,
            "fid": 2,
            "diffmaglim": 20.486000061035156
        },
        {
            "jd": 2459227.84117,
            "fid": 1,
            "diffmaglim": 20.79800033569336
        }
    ],
    "forcedphot": []
}