{
    "objectId": "ZTF20acurrzb",
    "candidates": [
        {
            "candid": 1431394841215015003,
            "jd": 2459185.8948495,
            "ra": 126.2483002,
            "dec": -4.8773232,
            "fid": 2,
            "nid": 1431,
            "magpsf": 19.2908992767334,
            "sigmapsf": 0.1759530007839203,
            "magnr": 17.599000930786133,
            "sigmagnr": 0.04800000041723251,
            "magzpsci": 26.23590087890625,
            "isdiffpos": "t",
            "ssdistnr": -999.0,
            "ssnamenr": "null",
            "drb": 0.9998859763145447
        },
        {
            "candid": 1431442441215015000,
            "jd": 2459185.9424421,
            "ra": 126.2482698,
            "dec": -4.8772766,
            "fid": 1,
            "nid": 1431,
            "magpsf": 19.2268009185791,
            "sigmapsf": 0.16332800686359406,
            "magnr": 18.297000885009766,
            "sigmagnr": 0.0560000017285347,
            "magzpsci": 26.358800888061523,
            "isdiffpos": "t",
            "ssdistnr": -999.0,
            "ssnamenr": "null",
            "drb": 0.997651994228363
        },
        {
            "candid": 1433506081215015002,
            "jd": 2459188.006088,
            "ra": 126.2483264,
            "dec": -4.8772752,
            "fid": 1,
            "nid": 1433,
            "magpsf": 18.95949935913086,
            "sigmapsf": 0.16420400142669678,
            "magnr": 18.297000885009766,
            "sigmagnr": 0.0560000017285347,
            "magzpsci": 26.35849952697754,
            "isdiffpos": "t",
            "ssdistnr": -999.0,
            "ssnamenr": "-999.0",
            "drb": null
        },
        {
            "candid": 1435445611215015022,
            "jd": 2459189.9456134,
            "ra": 126.2482122,
            "dec": -4.8773193,
            "fid": 2,
            "nid": 1435,
            "magpsf": 18.894100189208984,
            "sigmapsf": 0.28532400727272034,
            "magnr": 17.599000930786133,
            "sigmagnr": 0.04800000041723251,
            "magzpsci": 25.576099395751953,
            "isdiffpos": "t",
            "ssdistnr": -999.0,
            "ssnamenr": "-999.0",
            "drb": null
        },
        {
            "candid": 1440439121215015007,
            "jd": 2459194.9391204,
            "ra": 126.2482974,
            "dec": -4.8773286,
            "fid": 1,
            "nid": 1440,
            "magpsf": 18.582500457763672,
            "sigmapsf": 0.07563100010156631,
            "magnr": 18.297000885009766,
            "sigmagnr": 0.0560000017285347,
            "magzpsci": 26.35849952697754,
            "isdiffpos": "t",
            "ssdistnr": -999.0,
            "ssnamenr": "null",
            "drb": 0.9999780058860779
        },
        {
            "candid": 1440461051215015005,
            "jd": 2459194.9610532,
            "ra": 126.248313,
            "dec": -4.8773079,
            "fid": 2,
            "nid": 1440,
            "magpsf": 18.576200485229492,
            "sigmapsf": 0.09582500159740448,
            "magnr": 17.599000930786133,
            "sigmagnr": 0.04800000041723251,
            "magzpsci": 26.272199630737305,
            "isdiffpos": "t",
            "ssdistnr": -999.0,
            "ssnamenr": "null",
            "drb": 0.9999989867210388
        },
        {
            "candid": 1442479581215015005,
            "jd": 2459196.9795833,
            "ra": 126.2482926,
            "dec": -4.8773389,
            "fid": 2,
            "nid": 1442,
            "magpsf": 18.501699447631836,
            "sigmapsf": 0.11476700007915497,
            "magnr": 17.599000930786133,
            "sigmagnr": 0.04800000041723251,
            "magzpsci": 26.261699676513672,
            "isdiffpos": "t",
            "ssdistnr": -999.0,
            "ssnamenr": "null",
            "drb": 0.9998469948768616
        },
        {
            "candid": 1445402311215015006,
            "jd": 2459199.9023148,
            "ra": 126.248265,
            "dec": -4.8773334,
            "fid": 2,
            "nid": 1445,
            "magpsf": 18.668800354003906,
            "sigmapsf": 0.09239999949932098,
            "magnr": 17.599000930786133,
            "sigmagnr": 0.04800000041723251,
            "magzpsci": 26.266799926757812,
            "isdiffpos": "t",
            "ssdistnr": -999.0,
            "ssnamenr": "null",
            "drb": 0.9999979734420776
        },
        {
            "candid": 1445454211215015005,
            "jd": 2459199.954213,
            "ra": 126.2483024,
            "dec": -4.8773495,
            "fid": 1,
            "nid": 1445,
            "magpsf": 18.617799758911133,
            "sigmapsf": 0.08122900128364563,
            "magnr": 18.297000885009766,
            "sigmagnr": 0.0560000017285347,
            "magzpsci": 26.370800018310547,
            "isdiffpos": "t",
            "ssdistnr": -999.0,
            "ssnamenr": "null",
            "drb": 0.9999970197677612
        },
        {
            "candid": 1447409871215015008,
            "jd": 2459201.9098727,
            "ra": 126.2482704,
            "dec": -4.877314,
            "fid": 1,
            "nid": 1447,
            "magpsf": 18.765499114990234,
            "sigmapsf": 0.08625300228595734,
            "magnr": 18.297000885009766,
            "sigmagnr": 0.0560000017285347,
            "magzpsci": 26.36750030517578,
            "isdiffpos": "t",
            "ssdistnr": -999.0,
            "ssnamenr": "null",
            "drb": 0.9999949932098389
        },
        {
            "candid": 1449416591215015001,
            "jd": 2459203.9165972,
            "ra": 126.2482953,
            "dec": -4.8773851,
            "fid": 1,
            "nid": 1449,
            "magpsf": 18.756799697875977,
            "sigmapsf": 0.08273100107908249,
            "magnr": 18.297000885009766,
            "sigmagnr": 0.0560000017285347,
            "magzpsci": 26.354799270629883,
            "isdiffpos": "t",
            "ssdistnr": -999.0,
            "ssnamenr": "null",
            "drb": 0.9999970197677612
        },
        {
            "candid": 1449458101215015005,
            "jd": 2459203.9581019,
            "ra": 126.2482659,
            "dec": -4.8773116,
            "fid": 2,
            "nid": 1449,
            "magpsf": 18.657899856567383,
            "sigmapsf": 0.10190600156784058,
            "magnr": 17.599000930786133,
            "sigmagnr": 0.04800000041723251,
            "magzpsci": 26.27090072631836,
            "isdiffpos": "t",
            "ssdistnr": -999.0,
            "ssnamenr": "null",
            "drb": 1.0
        },
        {
            "candid": 1451378831215015001,
            "jd": 2459205.878831,
            "ra": 126.2482731,
            "dec": -4.8773148,
            "fid": 1,
            "nid": 1451,
            "magpsf": 19.193199157714844,
            "sigmapsf": 0.16988599300384521,
            "magnr": 18.297000885009766,
            "sigmagnr": 0.0560000017285347,
            "magzpsci": 25.384199142456055,
            "isdiffpos": "t",
            "ssdistnr": -999.0,
            "ssnamenr": "null",
            "drb": 0.9974179863929749
        },
        {
            "candid": 1456398391215015009,
            "jd": 2459210.8983912,
            "ra": 126.2482934,
            "dec": -4.8773703,
            "fid": 2,
            "nid": 1456,
            "magpsf": 19.080400466918945,
            "sigmapsf": 0.144896000623703,
            "magnr": 17.599000930786133,
            "sigmagnr": 0.04800000041723251,
            "magzpsci": 26.27440071105957,
            "isdiffpos": "t",
            "ssdistnr": -999.0,
            "ssnamenr": "null",
            "drb": 0.9999279975891113
        },
        {
            "candid": 1462437511215015000,
            "jd": 2459216.9375116,
            "ra": 126.2482739,
            "dec": -4.8773166,
            "fid": 1,
            "nid": 1462,
            "magpsf": 19.866199493408203,
            "sigmapsf": 0.2613300085067749,
            "magnr": 18.297000885009766,
            "sigmagnr": 0.0560000017285347,
            "magzpsci": 26.340200424194336,
            "isdiffpos": "t",
            "ssdistnr": -999.0,
            "ssnamenr": "-999.0",
            "drb": null
        },
        {
            "candid": 1464400561215015009,
            "jd": 2459218.9005671,
            "ra": 126.2482962,
            "dec": -4.8773268,
            "fid": 2,
            "nid": 1464,
            "magpsf": 19.38159942626953,
            "sigmapsf": 0.1530269980430603,
            "magnr": 17.599000930786133,
            "sigmagnr": 0.04800000041723251,
            "magzpsci": 26.265600204467773,
            "isdiffpos": "t",
            "ssdistnr": -999.0,
            "ssnamenr": "null",
            "drb": 0.9999740123748779
        },
        {
            "candid": 1468336921215015002,
            "jd": 2459222.8369213,
            "ra": 126.2482464,
            "dec": -4.8773524,
            "fid": 2,
            "nid": 1468,
            "magpsf": 19.409500122070312,
            "sigmapsf": 0.13699600100517273,
            "magnr": 17.599000930786133,
            "sigmagnr": 0.04800000041723251,
            "magzpsci": 26.261499404907227,
            "isdiffpos": "t",
            "ssdistnr": -999.0,
            "ssnamenr": "null",
            "drb": 0.9999909996986389
        },
        {
            "candid": 1470374521215015002,
            "jd": 2459224.8745255,
            "ra": 126.2483853,
            "dec": -4.8773625,
            "fid": 2,
            "nid": 1470,
            "magpsf": 19.449100494384766,
            "sigmapsf": 0.1626559942960739,
            "magnr": 17.599000930786133,
            "sigmagnr": 0.04800000041723251,
            "magzpsci": 26.262100219726562,
            "isdiffpos": "t",
            "ssdistnr": -999.0,
            "ssnamenr": "null",
            "drb": 0.9999459981918335
        },
        {
            "candid": 1472412041215015004,
            "jd": 2459226.9120486,
            "ra": 126.2483126,
            "dec": -4.8774177,
            "fid": 2,
            "nid": 1472,
            "magpsf": 19.563100814819336,
            "sigmapsf": 0.1590840071439743,
            "magnr": 17.599000930786133,
            "sigmagnr": 0.04800000041723251,
            "magzpsci": 26.24810028076172,
            "isdiffpos": "t",
            "ssdistnr": -999.0,
            "ssnamenr": "null",
            "drb": 0.9998869895935059
        },
        {
            "candid": 1474343661215015010,
            "jd": 2459228.843669,
            "ra": 126.2482726,
            "dec": -4.8773455,
            "fid": 2,
            "nid": 1474,
            "magpsf": 19.58769989013672,
            "sigmapsf": 0.1228879988193512,
            "magnr": 17.599000930786133,
            "sigmagnr": 0.04800000041723251,
            "magzpsci": 26.246700286865234,
            "isdiffpos": "t",
            "ssdistnr": -999.0,
            "ssnamenr": "null",
            "drb": 0.9992380142211914
        },
        {
            "candid": 1478352821215015008,
            "jd": 2459232.8528241,
            "ra": 126.2482484,
            "dec": -4.8773702,
            "fid": 2,
            "nid": 1478,
            "magpsf": 19.780399322509766,
            "sigmapsf": 0.16015499830245972,
            "magnr": 17.599000930786133,
            "sigmagnr": 0.04800000041723251,
            "magzpsci": 26.2593994140625,
            "isdiffpos": "t",
            "ssdistnr": -999.0,
            "ssnamenr": "null",
            "drb": 0.9995099902153015
        },
        {
            "jd": 2459156.9838,
            "fid": 1,
            "diffmaglim": 19.378000259399414
        },
        {
            "jd": 2459158.98145,
            "fid": 1,
            "diffmaglim": 19.513999938964844
        },
        {
            "jd": 2459159.04144,
            "fid": 2,
            "diffmaglim": 15.637999534606934
        },
        {
            "jd": 2459165.93546,
            "fid": 2,
            "diffmaglim": 20.4950008392334
        },
        {
            "jd": 2459166.00468,
            "fid": 1,
            "diffmaglim": 20.41900062561035
        },
        {
            "jd": 2459168.92339,
            "fid": 2,
            "diffmaglim": 20.216999053955078
        },
        {
            "jd": 2459169.05598,
            "fid": 1,
            "diffmaglim": 19.632999420166016
        },
        {
            "jd": 2459170.94049,
            "fid": 1,
            "diffmaglim": 20.516000747680664
        },
        {
            "jd": 2459171.02043,
            "fid": 2,
            "diffmaglim": 20.152999877929688
        },
        {
            "jd": 2459173.96233,
            "fid": 1,
            "diffmaglim": 20.583999633789062
        },
        {
            "jd": 2459174.00435,
            "fid": 2,
            "diffmaglim": 19.606000900268555
        },
        {
            "jd": 2459175.98372,
            "fid": 2,
            "diffmaglim": 18.916000366210938
        },
        {
            "jd": 2459176.02391,
            "fid": 1,
            "diffmaglim": 17.69499969482422
        },
        {
            "jd": 2459176.98917,
            "fid": 1,
            "diffmaglim": 20.59000015258789
        },
        {
            "jd": 2459177.02865,
            "fid": 2,
            "diffmaglim": 20.391000747680664
        },
        {
            "jd": 2459178.9822,
            "fid": 1,
            "diffmaglim": 20.680999755859375
        },
        {
            "jd": 2459179.02609,
            "fid": 2,
            "diffmaglim": 20.579999923706055
        },
        {
            "jd": 2459182.0213,
            "fid": 1,
            "diffmaglim": 19.683000564575195
        },
        {
            "jd": 2459183.93517,
            "fid": 1,
            "diffmaglim": 16.326000213623047
        },
        {
            "jd": 2459183.98293,
            "fid": 2,
            "diffmaglim": 16.650999069213867
        },
        {
            "jd": 2459192.982,
            "fid": 2,
            "diffmaglim": 15.552000045776367
        },
        {
            "jd": 2459201.94566,
            "fid": 2,
            "diffmaglim": 20.121000289916992
        },
        {
            "jd": 2459218.85726,
            "fid": 1,
            "diffmaglim": 19.81999969482422
        }
    ],
    "forcedphot": []
}