{
    "objectId": "ZTF23abpedpu",
    "candidates": [
        {
            "candid": 2500196141215015015,
            "jd": 2460254.6961458,
            "ra": 20.9473022,
            "dec": 30.7650425,
            "fid": 1,
            "nid": 2500,
            "magpsf": 20.361799240112305,
            "sigmapsf": 0.20241600275039673,
            "magnr": 19.99799919128418,
            "sigmagnr": 0.06300000101327896,
            "magzpsci": 26.354799270629883,
            "isdiffpos": "t",
            "ssdistnr": null,
            "ssnamenr": null,
            "drb": 0.9999986886978149
        },
        {
            "candid": 2500245721215015014,
            "jd": 2460254.7457292,
            "ra": 20.9473379,
            "dec": 30.7650639,
            "fid": 2,
            "nid": 2500,
            "magpsf": 20.010000228881836,
            "sigmapsf": 0.16562999784946442,
            "magnr": 19.288000106811523,
            "sigmagnr": 0.061000000685453415,
            "magzpsci": 26.22100067138672,
            "isdiffpos": "t",
            "ssdistnr": null,
            "ssnamenr": null,
            "drb": null
        },
        {
            "candid": 2503268221215015015,
            "jd": 2460257.7682292,
            "ra": 20.9472635,
            "dec": 30.7650457,
            "fid": 2,
            "nid": 2503,
            "magpsf": 18.6471004486084,
            "sigmapsf": 0.10114800184965134,
            "magnr": 19.288000106811523,
            "sigmagnr": 0.061000000685453415,
            "magzpsci": 26.2721004486084,
            "isdiffpos": "t",
            "ssdistnr": 24.0,
            "ssnamenr": "2010XF108",
            "drb": null
        },
        {
            "candid": 2503359441215015009,
            "jd": 2460257.8594444,
            "ra": 20.9473002,
            "dec": 30.7650872,
            "fid": 1,
            "nid": 2503,
            "magpsf": 18.65250015258789,
            "sigmapsf": 0.07417400181293488,
            "magnr": 19.99799919128418,
            "sigmagnr": 0.06300000101327896,
            "magzpsci": 26.339500427246094,
            "isdiffpos": "t",
            "ssdistnr": null,
            "ssnamenr": null,
            "drb": null
        },
        {
            "candid": 2505227221215015017,
            "jd": 2460259.7272222,
            "ra": 20.9473155,
            "dec": 30.765066,
            "fid": 1,
            "nid": 2505,
            "magpsf": 18.03190040588379,
            "sigmapsf": 0.042635999619960785,
            "magnr": 19.99799919128418,
            "sigmagnr": 0.06300000101327896,
            "magzpsci": 26.33989906311035,
            "isdiffpos": "t",
            "ssdistnr": null,
            "ssnamenr": null,
            "drb": null
        },
        {
            "candid": 2505275931215015014,
            "jd": 2460259.7759375,
            "ra": 20.9473234,
            "dec": 30.7650744,
            "fid": 2,
            "nid": 2505,
            "magpsf": 17.93549919128418,
            "sigmapsf": 0.05715800076723099,
            "magnr": 19.288000106811523,
            "sigmagnr": 0.061000000685453415,
            "magzpsci": 26.236499786376953,
            "isdiffpos": "t",
            "ssdistnr": null,
            "ssnamenr": null,
            "drb": null
        },
        {
            "candid": 2507248431215015012,
            "jd": 2460261.7484375,
            "ra": 20.9473243,
            "dec": 30.7650722,
            "fid": 2,
            "nid": 2507,
            "magpsf": 17.47480010986328,
            "sigmapsf": 0.045448001474142075,
            "magnr": 19.288000106811523,
            "sigmagnr": 0.061000000685453415,
            "magzpsci": 26.221799850463867,
            "isdiffpos": "t",
            "ssdistnr": null,
            "ssnamenr": null,
            "drb": null
        },
        {
            "candid": 2507320521215015013,
            "jd": 2460261.8205208,
            "ra": 20.9473327,
            "dec": 30.7650789,
            "fid": 1,
            "nid": 2507,
            "magpsf": 17.525299072265625,
            "sigmapsf": 0.04382999986410141,
            "magnr": 19.99799919128418,
            "sigmagnr": 0.06300000101327896,
            "magzpsci": 26.33329963684082,
            "isdiffpos": "t",
            "ssdistnr": null,
            "ssnamenr": null,
            "drb": null
        },
        {
            "candid": 2514175701215015023,
            "jd": 2460268.675706,
            "ra": 20.9473146,
            "dec": 30.7650555,
            "fid": 2,
            "nid": 2514,
            "magpsf": 16.99920082092285,
            "sigmapsf": 0.03737099841237068,
            "magnr": 19.288000106811523,
            "sigmagnr": 0.061000000685453415,
            "magzpsci": 26.279199600219727,
            "isdiffpos": "t",
            "ssdistnr": null,
            "ssnamenr": null,
            "drb": null
        },
        {
            "candid": 2533156061215015013,
            "jd": 2460287.6560648,
            "ra": 20.947311,
            "dec": 30.7650556,
            "fid": 2,
            "nid": 2533,
            "magpsf": 17.84779930114746,
            "sigmapsf": 0.048448000103235245,
            "magnr": 19.288000106811523,
            "sigmagnr": 0.061000000685453415,
            "magzpsci": 26.27280044555664,
            "isdiffpos": "t",
            "ssdistnr": null,
            "ssnamenr": null,
            "drb": null
        },
        {
            "candid": 2533205121215015012,
            "jd": 2460287.7051273,
            "ra": 20.9473099,
            "dec": 30.7650644,
            "fid": 1,
            "nid": 2533,
            "magpsf": 18.274799346923828,
            "sigmapsf": 0.055334001779556274,
            "magnr": 19.99799919128418,
            "sigmagnr": 0.06300000101327896,
            "magzpsci": 26.367799758911133,
            "isdiffpos": "t",
            "ssdistnr": null,
            "ssnamenr": null,
            "drb": null
        },
        {
            "candid": 2535158201215015007,
            "jd": 2460289.658206,
            "ra": 20.9473192,
            "dec": 30.7650728,
            "fid": 2,
            "nid": 2535,
            "magpsf": 17.79599952697754,
            "sigmapsf": 0.08641199767589569,
            "magnr": 19.288000106811523,
            "sigmagnr": 0.061000000685453415,
            "magzpsci": 25.625,
            "isdiffpos": "t",
            "ssdistnr": null,
            "ssnamenr": null,
            "drb": null
        },
        {
            "candid": 2535177181215015014,
            "jd": 2460289.6771875,
            "ra": 20.9473259,
            "dec": 30.7650825,
            "fid": 1,
            "nid": 2535,
            "magpsf": 18.479900360107422,
            "sigmapsf": 0.0768129974603653,
            "magnr": 19.99799919128418,
            "sigmagnr": 0.06300000101327896,
            "magzpsci": 26.054899215698242,
            "isdiffpos": "t",
            "ssdistnr": null,
            "ssnamenr": null,
            "drb": null
        },
        {
            "candid": 2537135171215015016,
            "jd": 2460291.6351736,
            "ra": 20.9473168,
            "dec": 30.765078,
            "fid": 2,
            "nid": 2537,
            "magpsf": 17.74799919128418,
            "sigmapsf": 0.04492900148034096,
            "magnr": 19.288000106811523,
            "sigmagnr": 0.061000000685453415,
            "magzpsci": 26.22100067138672,
            "isdiffpos": "t",
            "ssdistnr": null,
            "ssnamenr": null,
            "drb": null
        },
        {
            "candid": 2537249121215015014,
            "jd": 2460291.7491204,
            "ra": 20.9473199,
            "dec": 30.7650562,
            "fid": 1,
            "nid": 2537,
            "magpsf": 18.70479965209961,
            "sigmapsf": 0.0793519988656044,
            "magnr": 19.99799919128418,
            "sigmagnr": 0.06300000101327896,
            "magzpsci": 26.367799758911133,
            "isdiffpos": "t",
            "ssdistnr": null,
            "ssnamenr": null,
            "drb": null
        },
        {
            "candid": 2553151801215015014,
            "jd": 2460307.6518056,
            "ra": 20.9473001,
            "dec": 30.765048,
            "fid": 1,
            "nid": 2553,
            "magpsf": 19.984399795532227,
            "sigmapsf": 0.17285099625587463,
            "magnr": 19.99799919128418,
            "sigmagnr": 0.06300000101327896,
            "magzpsci": 26.35540008544922,
            "isdiffpos": "t",
            "ssdistnr": null,
            "ssnamenr": null,
            "drb": null
        },
        {
            "candid": 2553179011215015008,
            "jd": 2460307.6790162,
            "ra": 20.9473088,
            "dec": 30.7651016,
            "fid": 2,
            "nid": 2553,
            "magpsf": 18.597299575805664,
            "sigmapsf": 0.09278500080108643,
            "magnr": 19.288000106811523,
            "sigmagnr": 0.061000000685453415,
            "magzpsci": 26.247299194335938,
            "isdiffpos": "t",
            "ssdistnr": null,
            "ssnamenr": null,
            "drb": null
        },
        {
            "candid": 2560155421215015021,
            "jd": 2460314.6554282,
            "ra": 20.947324,
            "dec": 30.7650659,
            "fid": 2,
            "nid": 2560,
            "magpsf": 18.867040634155273,
            "sigmapsf": 0.07719863951206207,
            "magnr": 19.288000106811523,
            "sigmagnr": 0.061000000685453415,
            "magzpsci": 26.262041091918945,
            "isdiffpos": "t",
            "ssdistnr": -999.0,
            "ssnamenr": "null",
            "drb": null
        },
        {
            "jd": 2460228.7610764,
            "fid": 1,
            "diffmaglim": 20.70789909362793
        },
        {
            "jd": 2460228.8711458,
            "fid": 2,
            "diffmaglim": 20.576099395751953
        },
        {
            "jd": 2460231.8103819,
            "fid": 1,
            "diffmaglim": 20.918800354003906
        },
        {
            "jd": 2460231.8543056,
            "fid": 2,
            "diffmaglim": 20.24449920654297
        },
        {
            "jd": 2460233.930544,
            "fid": 2,
            "diffmaglim": 20.19700050354004
        },
        {
            "jd": 2460233.9362616,
            "fid": 1,
            "diffmaglim": 20.562700271606445
        },
        {
            "jd": 2460235.821169,
            "fid": 2,
            "diffmaglim": 20.64069938659668
        },
        {
            "jd": 2460235.858125,
            "fid": 1,
            "diffmaglim": 20.815099716186523
        },
        {
            "jd": 2460237.7357986,
            "fid": 1,
            "diffmaglim": 20.834299087524414
        },
        {
            "jd": 2460237.8304051,
            "fid": 2,
            "diffmaglim": 20.415800094604492
        },
        {
            "jd": 2460239.8547685,
            "fid": 2,
            "diffmaglim": 20.432100296020508
        },
        {
            "jd": 2460239.9150694,
            "fid": 1,
            "diffmaglim": 20.5625
        },
        {
            "jd": 2460242.9492708,
            "fid": 2,
            "diffmaglim": 20.39859962463379
        },
        {
            "jd": 2460242.965463,
            "fid": 1,
            "diffmaglim": 20.864999771118164
        },
        {
            "jd": 2460245.7271991,
            "fid": 2,
            "diffmaglim": 18.913999557495117
        },
        {
            "jd": 2460245.8605556,
            "fid": 1,
            "diffmaglim": 19.142799377441406
        },
        {
            "jd": 2460247.8156019,
            "fid": 2,
            "diffmaglim": 18.304100036621094
        },
        {
            "jd": 2460250.6525926,
            "fid": 1,
            "diffmaglim": 20.437299728393555
        },
        {
            "jd": 2460250.8054282,
            "fid": 2,
            "diffmaglim": 19.993900299072266
        },
        {
            "jd": 2460252.7135764,
            "fid": 1,
            "diffmaglim": 20.79360008239746
        },
        {
            "jd": 2460252.7788889,
            "fid": 2,
            "diffmaglim": 20.353300094604492
        },
        {
            "jd": 2460268.8470139,
            "fid": 1,
            "diffmaglim": 20.031400680541992
        },
        {
            "jd": 2460305.6225926,
            "fid": 2,
            "diffmaglim": 16.382600784301758
        },
        {
            "jd": 2460305.6864815,
            "fid": 1,
            "diffmaglim": 18.83839988708496
        }
    ],
    "forcedphot": [
        {
            "objectid": "ZTF23abpedpu",
            "jd": 2460228.7610764,
            "ranr": 20.9469897,
            "decnr": 30.764982,
            "fid": 1,
            "forcediffimflux": 3.7188446521759033,
            "forcediffimfluxunc": 23.287187576293945,
            "magzpsci": 26.381399154663086
        },
        {
            "objectid": "ZTF23abpedpu",
            "jd": 2460228.8711458,
            "ranr": 20.9469896,
            "decnr": 30.7649331,
            "fid": 2,
            "forcediffimflux": 0.14326615631580353,
            "forcediffimfluxunc": 26.651350021362305,
            "magzpsci": 26.247800827026367
        },
        {
            "objectid": "ZTF23abpedpu",
            "jd": 2460231.8103819,
            "ranr": 20.9469897,
            "decnr": 30.764982,
            "fid": 1,
            "forcediffimflux": 54.04039764404297,
            "forcediffimfluxunc": 19.88483428955078,
            "magzpsci": 26.36009979248047
        },
        {
            "objectid": "ZTF23abpedpu",
            "jd": 2460231.8543056,
            "ranr": 20.9469896,
            "decnr": 30.7649331,
            "fid": 2,
            "forcediffimflux": 56.37797164916992,
            "forcediffimfluxunc": 32.19268035888672,
            "magzpsci": 26.228200912475586
        },
        {
            "objectid": "ZTF23abpedpu",
            "jd": 2460233.930544,
            "ranr": 20.9469896,
            "decnr": 30.7649331,
            "fid": 2,
            "forcediffimflux": 90.3021011352539,
            "forcediffimfluxunc": 33.89978790283203,
            "magzpsci": 26.248199462890625
        },
        {
            "objectid": "ZTF23abpedpu",
            "jd": 2460233.9362616,
            "ranr": 20.9469897,
            "decnr": 30.764982,
            "fid": 1,
            "forcediffimflux": 15.493906021118164,
            "forcediffimfluxunc": 27.82515525817871,
            "magzpsci": 26.3085994720459
        },
        {
            "objectid": "ZTF23abpedpu",
            "jd": 2460235.821169,
            "ranr": 20.9469896,
            "decnr": 30.7649331,
            "fid": 2,
            "forcediffimflux": 21.627939224243164,
            "forcediffimfluxunc": 22.37729263305664,
            "magzpsci": 26.2322998046875
        },
        {
            "objectid": "ZTF23abpedpu",
            "jd": 2460235.858125,
            "ranr": 20.9469897,
            "decnr": 30.764982,
            "fid": 1,
            "forcediffimflux": 12.9647216796875,
            "forcediffimfluxunc": 21.372417449951172,
            "magzpsci": 26.358800888061523
        },
        {
            "objectid": "ZTF23abpedpu",
            "jd": 2460237.7357986,
            "ranr": 20.9469897,
            "decnr": 30.764982,
            "fid": 1,
            "forcediffimflux": 0.9950572848320007,
            "forcediffimfluxunc": 21.312593460083008,
            "magzpsci": 26.314199447631836
        },
        {
            "objectid": "ZTF23abpedpu",
            "jd": 2460237.8304051,
            "ranr": 20.9469896,
            "decnr": 30.7649331,
            "fid": 2,
            "forcediffimflux": 64.93392944335938,
            "forcediffimfluxunc": 29.948877334594727,
            "magzpsci": 26.23349952697754
        },
        {
            "objectid": "ZTF23abpedpu",
            "jd": 2460239.8547685,
            "ranr": 20.9469896,
            "decnr": 30.7649331,
            "fid": 2,
            "forcediffimflux": 47.102073669433594,
            "forcediffimfluxunc": 28.30759620666504,
            "magzpsci": 26.243099212646484
        },
        {
            "objectid": "ZTF23abpedpu",
            "jd": 2460239.9150694,
            "ranr": 20.9469897,
            "decnr": 30.764982,
            "fid": 1,
            "forcediffimflux": -17.803279876708984,
            "forcediffimfluxunc": 25.63861083984375,
            "magzpsci": 26.344600677490234
        },
        {
            "objectid": "ZTF23abpedpu",
            "jd": 2460242.9492708,
            "ranr": 20.9469896,
            "decnr": 30.7649331,
            "fid": 2,
            "forcediffimflux": 15.630574226379395,
            "forcediffimfluxunc": 28.030942916870117,
            "magzpsci": 26.181699752807617
        },
        {
            "objectid": "ZTF23abpedpu",
            "jd": 2460242.965463,
            "ranr": 20.9469897,
            "decnr": 30.764982,
            "fid": 1,
            "forcediffimflux": -23.1832332611084,
            "forcediffimfluxunc": 20.661542892456055,
            "magzpsci": 26.239200592041016
        },
        {
            "objectid": "ZTF23abpedpu",
            "jd": 2460245.7271991,
            "ranr": 20.9469896,
            "decnr": 30.7649331,
            "fid": 2,
            "forcediffimflux": -61.39381790161133,
            "forcediffimfluxunc": 117.9917221069336,
            "magzpsci": 26.271400451660156
        },
        {
            "objectid": "ZTF23abpedpu",
            "jd": 2460245.8605556,
            "ranr": 20.9469897,
            "decnr": 30.764982,
            "fid": 1,
            "forcediffimflux": 28.596824645996094,
            "forcediffimfluxunc": 95.64762115478516,
            "magzpsci": 26.381099700927734
        },
        {
            "objectid": "ZTF23abpedpu",
            "jd": 2460250.6525926,
            "ranr": 20.9469897,
            "decnr": 30.764982,
            "fid": 1,
            "forcediffimflux": 20.768617630004883,
            "forcediffimfluxunc": 32.155731201171875,
            "magzpsci": 26.34869956970215
        },
        {
            "objectid": "ZTF23abpedpu",
            "jd": 2460250.8054282,
            "ranr": 20.9469896,
            "decnr": 30.7649331,
            "fid": 2,
            "forcediffimflux": -77.26819610595703,
            "forcediffimfluxunc": 42.20519256591797,
            "magzpsci": 26.274599075317383
        },
        {
            "objectid": "ZTF23abpedpu",
            "jd": 2460252.7135764,
            "ranr": 20.9469897,
            "decnr": 30.764982,
            "fid": 1,
            "forcediffimflux": 33.97776794433594,
            "forcediffimfluxunc": 24.495338439941406,
            "magzpsci": 26.35059928894043
        },
        {
            "objectid": "ZTF23abpedpu",
            "jd": 2460252.7788889,
            "ranr": 20.9469896,
            "decnr": 30.7649331,
            "fid": 2,
            "forcediffimflux": 56.37360382080078,
            "forcediffimfluxunc": 28.407663345336914,
            "magzpsci": 26.22130012512207
        },
        {
            "objectid": "ZTF23abpedpu",
            "jd": 2460254.6961458,
            "ranr": 20.9469897,
            "decnr": 30.764982,
            "fid": 1,
            "forcediffimflux": 262.2502746582031,
            "forcediffimfluxunc": 24.823238372802734,
            "magzpsci": 26.354799270629883
        },
        {
            "objectid": "ZTF23abpedpu",
            "jd": 2460254.7457292,
            "ranr": 20.9469896,
            "decnr": 30.7649331,
            "fid": 2,
            "forcediffimflux": 310.7584533691406,
            "forcediffimfluxunc": 29.706953048706055,
            "magzpsci": 26.22100067138672
        },
        {
            "objectid": "ZTF23abpedpu",
            "jd": 2460257.7682292,
            "ranr": 20.9469896,
            "decnr": 30.7649331,
            "fid": 2,
            "forcediffimflux": 1009.3466796875,
            "forcediffimfluxunc": 54.874332427978516,
            "magzpsci": 26.2721004486084
        },
        {
            "objectid": "ZTF23abpedpu",
            "jd": 2460257.8594444,
            "ranr": 20.9469897,
            "decnr": 30.764982,
            "fid": 1,
            "forcediffimflux": 1143.67333984375,
            "forcediffimfluxunc": 39.809242248535156,
            "magzpsci": 26.339500427246094
        },
        {
            "objectid": "ZTF23abpedpu",
            "jd": 2460259.7272222,
            "ranr": 20.9469897,
            "decnr": 30.764982,
            "fid": 1,
            "forcediffimflux": 2174.44287109375,
            "forcediffimfluxunc": 32.822818756103516,
            "magzpsci": 26.33989906311035
        },
        {
            "objectid": "ZTF23abpedpu",
            "jd": 2460259.7759375,
            "ranr": 20.9469896,
            "decnr": 30.7649331,
            "fid": 2,
            "forcediffimflux": 2130.874755859375,
            "forcediffimfluxunc": 34.298072814941406,
            "magzpsci": 26.236499786376953
        },
        {
            "objectid": "ZTF23abpedpu",
            "jd": 2460261.7484375,
            "ranr": 20.9469896,
            "decnr": 30.7649331,
            "fid": 2,
            "forcediffimflux": 3175.788330078125,
            "forcediffimfluxunc": 40.63520431518555,
            "magzpsci": 26.221799850463867
        },
        {
            "objectid": "ZTF23abpedpu",
            "jd": 2460261.8205208,
            "ranr": 20.9469897,
            "decnr": 30.764982,
            "fid": 1,
            "forcediffimflux": 3421.7763671875,
            "forcediffimfluxunc": 39.12398910522461,
            "magzpsci": 26.33329963684082
        },
        {
            "objectid": "ZTF23abpedpu",
            "jd": 2460268.675706,
            "ranr": 20.9469896,
            "decnr": 30.7649331,
            "fid": 2,
            "forcediffimflux": 4861.48046875,
            "forcediffimfluxunc": 57.925350189208984,
            "magzpsci": 26.279199600219727
        },
        {
            "objectid": "ZTF23abpedpu",
            "jd": 2460268.8470139,
            "ranr": 20.9469897,
            "decnr": 30.764982,
            "fid": 1,
            "forcediffimflux": 4823.119140625,
            "forcediffimfluxunc": 53.88182830810547,
            "magzpsci": 26.17930030822754
        },
        {
            "objectid": "ZTF23abpedpu",
            "jd": 2460287.6560648,
            "ranr": 20.9469896,
            "decnr": 30.7649331,
            "fid": 2,
            "forcediffimflux": 2226.3603515625,
            "forcediffimfluxunc": 47.23212814331055,
            "magzpsci": 26.27280044555664
        },
        {
            "objectid": "ZTF23abpedpu",
            "jd": 2460287.7051273,
            "ranr": 20.9469897,
            "decnr": 30.764982,
            "fid": 1,
            "forcediffimflux": 1743.5928955078125,
            "forcediffimfluxunc": 33.188602447509766,
            "magzpsci": 26.367799758911133
        },
        {
            "objectid": "ZTF23abpedpu",
            "jd": 2460289.6771875,
            "ranr": 20.9469897,
            "decnr": 30.764982,
            "fid": 1,
            "forcediffimflux": 1084.1083984375,
            "forcediffimfluxunc": 36.3892707824707,
            "magzpsci": 26.054899215698242
        },
        {
            "objectid": "ZTF23abpedpu",
            "jd": 2460291.6351736,
            "ranr": 20.9469896,
            "decnr": 30.7649331,
            "fid": 2,
            "forcediffimflux": 2479.948974609375,
            "forcediffimfluxunc": 38.608428955078125,
            "magzpsci": 26.22100067138672
        },
        {
            "objectid": "ZTF23abpedpu",
            "jd": 2460291.7491204,
            "ranr": 20.9469897,
            "decnr": 30.764982,
            "fid": 1,
            "forcediffimflux": 1171.1129150390625,
            "forcediffimfluxunc": 29.688074111938477,
            "magzpsci": 26.367799758911133
        },
        {
            "objectid": "ZTF23abpedpu",
            "jd": 2460305.6864815,
            "ranr": 20.9469897,
            "decnr": 30.764982,
            "fid": 1,
            "forcediffimflux": 350.0147705078125,
            "forcediffimfluxunc": 88.7627182006836,
            "magzpsci": 25.933399200439453
        },
        {
            "objectid": "ZTF23abpedpu",
            "jd": 2460307.6518056,
            "ranr": 20.9469897,
            "decnr": 30.764982,
            "fid": 1,
            "forcediffimflux": 372.6125183105469,
            "forcediffimfluxunc": 44.71173858642578,
            "magzpsci": 26.35540008544922
        },
        {
            "objectid": "ZTF23abpedpu",
            "jd": 2460307.6790162,
            "ranr": 20.9469896,
            "decnr": 30.7649331,
            "fid": 2,
            "forcediffimflux": 1212.01708984375,
            "forcediffimfluxunc": 40.94999694824219,
            "magzpsci": 26.247299194335938
        }
    ]
}