{
    "objectId": "ZTF24abfnkzm",
    "candidates": [
        {
            "candid": 2801447450515015005,
            "jd": 2460555.9474537,
            "ra": 76.4440744,
            "dec": -12.4275131,
            "fid": 2,
            "nid": 2801,
            "magpsf": 20.02720069885254,
            "sigmapsf": 0.22710800170898438,
            "magnr": 18.79800033569336,
            "sigmagnr": 0.05700000002980232,
            "magzpsci": 26.142200469970703,
            "isdiffpos": "t",
            "ssdistnr": null,
            "ssnamenr": null,
            "drb": null
        },
        {
            "candid": 2803441620515015012,
            "jd": 2460557.9416204,
            "ra": 76.4441722,
            "dec": -12.4273844,
            "fid": 2,
            "nid": 2803,
            "magpsf": 19.620800018310547,
            "sigmapsf": 0.1372089982032776,
            "magnr": 18.79800033569336,
            "sigmagnr": 0.05700000002980232,
            "magzpsci": 26.122800827026367,
            "isdiffpos": "t",
            "ssdistnr": null,
            "ssnamenr": null,
            "drb": null
        },
        {
            "candid": 2806474070515015014,
            "jd": 2460560.9740741,
            "ra": 76.4441763,
            "dec": -12.4273949,
            "fid": 1,
            "nid": 2806,
            "magpsf": 19.010000228881836,
            "sigmapsf": 0.10653000324964523,
            "magnr": 19.674999237060547,
            "sigmagnr": 0.052000001072883606,
            "magzpsci": 25.93000030517578,
            "isdiffpos": "t",
            "ssdistnr": null,
            "ssnamenr": null,
            "drb": null
        },
        {
            "candid": 2808437620515015016,
            "jd": 2460562.9376273,
            "ra": 76.4441509,
            "dec": -12.4274249,
            "fid": 2,
            "nid": 2808,
            "magpsf": 18.703800201416016,
            "sigmapsf": 0.08799900114536285,
            "magnr": 18.79800033569336,
            "sigmagnr": 0.05700000002980232,
            "magzpsci": 25.94879913330078,
            "isdiffpos": "t",
            "ssdistnr": null,
            "ssnamenr": null,
            "drb": null
        },
        {
            "candid": 2812479320515015015,
            "jd": 2460566.9793287,
            "ra": 76.4441754,
            "dec": -12.4274113,
            "fid": 2,
            "nid": 2812,
            "magpsf": 18.599000930786133,
            "sigmapsf": 0.09187600016593933,
            "magnr": 18.79800033569336,
            "sigmagnr": 0.05700000002980232,
            "magzpsci": 26.01799964904785,
            "isdiffpos": "t",
            "ssdistnr": null,
            "ssnamenr": null,
            "drb": null
        },
        {
            "candid": 2812484670515015008,
            "jd": 2460566.9846759,
            "ra": 76.4441795,
            "dec": -12.4273962,
            "fid": 1,
            "nid": 2812,
            "magpsf": 18.577499389648438,
            "sigmapsf": 0.10493700206279755,
            "magnr": 19.674999237060547,
            "sigmagnr": 0.052000001072883606,
            "magzpsci": 25.943500518798828,
            "isdiffpos": "t",
            "ssdistnr": null,
            "ssnamenr": null,
            "drb": null
        },
        {
            "candid": 2817431640515015008,
            "jd": 2460571.9316435,
            "ra": 76.4441753,
            "dec": -12.4273917,
            "fid": 2,
            "nid": 2817,
            "magpsf": 18.47319984436035,
            "sigmapsf": 0.11024899780750275,
            "magnr": 18.79800033569336,
            "sigmagnr": 0.05700000002980232,
            "magzpsci": 26.26219940185547,
            "isdiffpos": "t",
            "ssdistnr": null,
            "ssnamenr": null,
            "drb": null
        },
        {
            "candid": 2820478800515015006,
            "jd": 2460574.9788079,
            "ra": 76.44414,
            "dec": -12.4273948,
            "fid": 2,
            "nid": 2820,
            "magpsf": 18.6210994720459,
            "sigmapsf": 0.13176000118255615,
            "magnr": 18.79800033569336,
            "sigmagnr": 0.05700000002980232,
            "magzpsci": 26.26110076904297,
            "isdiffpos": "t",
            "ssdistnr": null,
            "ssnamenr": null,
            "drb": null
        },
        {
            "candid": 2821423200515015028,
            "jd": 2460575.923206,
            "ra": 76.4441426,
            "dec": -12.4274391,
            "fid": 1,
            "nid": 2821,
            "magpsf": 18.88360023498535,
            "sigmapsf": 0.14247800409793854,
            "magnr": 19.674999237060547,
            "sigmagnr": 0.052000001072883606,
            "magzpsci": 26.18560028076172,
            "isdiffpos": "t",
            "ssdistnr": null,
            "ssnamenr": null,
            "drb": null
        },
        {
            "candid": 2821524500515015008,
            "jd": 2460576.0245023,
            "ra": 76.4441771,
            "dec": -12.4274092,
            "fid": 2,
            "nid": 2821,
            "magpsf": 18.733800888061523,
            "sigmapsf": 0.0998850017786026,
            "magnr": 18.79800033569336,
            "sigmagnr": 0.05700000002980232,
            "magzpsci": 26.26180076599121,
            "isdiffpos": "t",
            "ssdistnr": null,
            "ssnamenr": null,
            "drb": null
        },
        {
            "candid": 2822498470515015006,
            "jd": 2460576.9984722,
            "ra": 76.4441633,
            "dec": -12.4274101,
            "fid": 1,
            "nid": 2822,
            "magpsf": 18.92460060119629,
            "sigmapsf": 0.13604700565338135,
            "magnr": 19.674999237060547,
            "sigmagnr": 0.052000001072883606,
            "magzpsci": 26.287599563598633,
            "isdiffpos": "t",
            "ssdistnr": null,
            "ssnamenr": null,
            "drb": null
        },
        {
            "candid": 2822503760515015008,
            "jd": 2460577.0037616,
            "ra": 76.4441584,
            "dec": -12.4274176,
            "fid": 2,
            "nid": 2822,
            "magpsf": 18.710662841796875,
            "sigmapsf": 0.07922154664993286,
            "magnr": 18.79800033569336,
            "sigmagnr": 0.05700000002980232,
            "magzpsci": 26.27166175842285,
            "isdiffpos": "t",
            "ssdistnr": -999.0,
            "ssnamenr": "null",
            "drb": null
        },
        {
            "candid": 2822503760515025008,
            "jd": 2460577.0037616,
            "ra": 76.4441584,
            "dec": -12.4274176,
            "fid": 2,
            "nid": 2822,
            "magpsf": 18.7106990814209,
            "sigmapsf": 0.07922200113534927,
            "magnr": 18.79800033569336,
            "sigmagnr": 0.05700000002980232,
            "magzpsci": 26.271699905395508,
            "isdiffpos": "t",
            "ssdistnr": null,
            "ssnamenr": null,
            "drb": null
        },
        {
            "candid": 2823500400515015009,
            "jd": 2460578.0004051,
            "ra": 76.4441499,
            "dec": -12.4274358,
            "fid": 1,
            "nid": 2823,
            "magpsf": 18.888099670410156,
            "sigmapsf": 0.0952019989490509,
            "magnr": 19.674999237060547,
            "sigmagnr": 0.052000001072883606,
            "magzpsci": 26.294099807739258,
            "isdiffpos": "t",
            "ssdistnr": null,
            "ssnamenr": null,
            "drb": null
        },
        {
            "candid": 2823522300515015014,
            "jd": 2460578.0223032,
            "ra": 76.4442292,
            "dec": -12.4274442,
            "fid": 3,
            "nid": 2823,
            "magpsf": 19.256399154663086,
            "sigmapsf": 0.18654100596904755,
            "magnr": 18.45800018310547,
            "sigmagnr": 0.06400000303983688,
            "magzpsci": 25.61840057373047,
            "isdiffpos": "t",
            "ssdistnr": null,
            "ssnamenr": null,
            "drb": null
        },
        {
            "candid": 2837437070515015004,
            "jd": 2460591.9370718,
            "ra": 76.4442414,
            "dec": -12.4273596,
            "fid": 1,
            "nid": 2837,
            "magpsf": 20.295299530029297,
            "sigmapsf": 0.23966699838638306,
            "magnr": 19.674999237060547,
            "sigmagnr": 0.052000001072883606,
            "magzpsci": 26.28230094909668,
            "isdiffpos": "t",
            "ssdistnr": null,
            "ssnamenr": null,
            "drb": null
        },
        {
            "candid": 2837481310515015008,
            "jd": 2460591.9813194,
            "ra": 76.4442087,
            "dec": -12.4274162,
            "fid": 2,
            "nid": 2837,
            "magpsf": 19.292200088500977,
            "sigmapsf": 0.12143400311470032,
            "magnr": 18.79800033569336,
            "sigmagnr": 0.05700000002980232,
            "magzpsci": 26.244199752807617,
            "isdiffpos": "t",
            "ssdistnr": null,
            "ssnamenr": null,
            "drb": null
        },
        {
            "candid": 2839436490515015006,
            "jd": 2460593.9364931,
            "ra": 76.4442376,
            "dec": -12.427428,
            "fid": 2,
            "nid": 2839,
            "magpsf": 19.436800003051758,
            "sigmapsf": 0.15045100450515747,
            "magnr": 18.79800033569336,
            "sigmagnr": 0.05700000002980232,
            "magzpsci": 26.271799087524414,
            "isdiffpos": "t",
            "ssdistnr": null,
            "ssnamenr": null,
            "drb": null
        },
        {
            "candid": 2841378480515015010,
            "jd": 2460595.8784838,
            "ra": 76.4441637,
            "dec": -12.427384,
            "fid": 2,
            "nid": 2841,
            "magpsf": 19.47458839416504,
            "sigmapsf": 0.1423262655735016,
            "magnr": 18.79800033569336,
            "sigmagnr": 0.05700000002980232,
            "magzpsci": 26.278589248657227,
            "isdiffpos": "t",
            "ssdistnr": -999.0,
            "ssnamenr": "null",
            "drb": null
        },
        {
            "jd": 2460560.9260532,
            "fid": 2,
            "diffmaglim": 18.882099151611328
        },
        {
            "jd": 2460571.9779167,
            "fid": 1,
            "diffmaglim": 19.197500228881836
        },
        {
            "jd": 2460575.9705787,
            "fid": 3,
            "diffmaglim": 19.21269989013672
        }
    ],
    "forcedphot": [
        {
            "objectid": "ZTF24abfnkzm",
            "jd": 2460555.9474537,
            "ranr": 76.4441936,
            "decnr": -12.4274742,
            "fid": 2,
            "forcediffimflux": 256.6279602050781,
            "forcediffimfluxunc": 36.303932189941406,
            "magzpsci": 26.142200469970703
        },
        {
            "objectid": "ZTF24abfnkzm",
            "jd": 2460557.9416204,
            "ranr": 76.4441936,
            "decnr": -12.4274742,
            "fid": 2,
            "forcediffimflux": 390.1368408203125,
            "forcediffimfluxunc": 28.049551010131836,
            "magzpsci": 26.122800827026367
        },
        {
            "objectid": "ZTF24abfnkzm",
            "jd": 2460560.9740741,
            "ranr": 76.4442033,
            "decnr": -12.4275272,
            "fid": 1,
            "forcediffimflux": 589.5835571289062,
            "forcediffimfluxunc": 26.131763458251953,
            "magzpsci": 25.93000030517578
        },
        {
            "objectid": "ZTF24abfnkzm",
            "jd": 2460562.9376273,
            "ranr": 76.4441936,
            "decnr": -12.4274742,
            "fid": 2,
            "forcediffimflux": 810.923583984375,
            "forcediffimfluxunc": 33.42790222167969,
            "magzpsci": 25.94879913330078
        },
        {
            "objectid": "ZTF24abfnkzm",
            "jd": 2460566.9793287,
            "ranr": 76.4441936,
            "decnr": -12.4274742,
            "fid": 2,
            "forcediffimflux": 940.215087890625,
            "forcediffimfluxunc": 28.127729415893555,
            "magzpsci": 26.01799964904785
        },
        {
            "objectid": "ZTF24abfnkzm",
            "jd": 2460566.9846759,
            "ranr": 76.4442033,
            "decnr": -12.4275272,
            "fid": 1,
            "forcediffimflux": 860.921142578125,
            "forcediffimfluxunc": 28.510610580444336,
            "magzpsci": 25.943500518798828
        },
        {
            "objectid": "ZTF24abfnkzm",
            "jd": 2460571.9316435,
            "ranr": 76.4441936,
            "decnr": -12.4274742,
            "fid": 2,
            "forcediffimflux": 1272.8839111328125,
            "forcediffimfluxunc": 84.85198974609375,
            "magzpsci": 26.26219940185547
        },
        {
            "objectid": "ZTF24abfnkzm",
            "jd": 2460571.9779167,
            "ranr": 76.4442033,
            "decnr": -12.4275272,
            "fid": 1,
            "forcediffimflux": 1203.4903564453125,
            "forcediffimfluxunc": 83.70914459228516,
            "magzpsci": 26.33449935913086
        },
        {
            "objectid": "ZTF24abfnkzm",
            "jd": 2460574.9788079,
            "ranr": 76.4441936,
            "decnr": -12.4274742,
            "fid": 2,
            "forcediffimflux": 1017.7648315429688,
            "forcediffimfluxunc": 78.35812377929688,
            "magzpsci": 26.26110076904297
        },
        {
            "objectid": "ZTF24abfnkzm",
            "jd": 2460575.923206,
            "ranr": 76.4442033,
            "decnr": -12.4275272,
            "fid": 1,
            "forcediffimflux": 852.1279296875,
            "forcediffimfluxunc": 68.52789306640625,
            "magzpsci": 26.18560028076172
        },
        {
            "objectid": "ZTF24abfnkzm",
            "jd": 2460575.9705787,
            "ranr": 76.4441693,
            "decnr": -12.4275372,
            "fid": 3,
            "forcediffimflux": 303.5399169921875,
            "forcediffimfluxunc": 47.533145904541016,
            "magzpsci": 25.59269905090332
        },
        {
            "objectid": "ZTF24abfnkzm",
            "jd": 2460576.0245023,
            "ranr": 76.4441936,
            "decnr": -12.4274742,
            "fid": 2,
            "forcediffimflux": 1049.104736328125,
            "forcediffimfluxunc": 56.62080764770508,
            "magzpsci": 26.26180076599121
        },
        {
            "objectid": "ZTF24abfnkzm",
            "jd": 2460576.9984722,
            "ranr": 76.4442033,
            "decnr": -12.4275272,
            "fid": 1,
            "forcediffimflux": 913.8173828125,
            "forcediffimfluxunc": 45.83503723144531,
            "magzpsci": 26.287599563598633
        },
        {
            "objectid": "ZTF24abfnkzm",
            "jd": 2460577.0037616,
            "ranr": 76.4441936,
            "decnr": -12.4274742,
            "fid": 2,
            "forcediffimflux": 1098.2132568359375,
            "forcediffimfluxunc": 39.822784423828125,
            "magzpsci": 26.271699905395508
        },
        {
            "objectid": "ZTF24abfnkzm",
            "jd": 2460578.0004051,
            "ranr": 76.4442033,
            "decnr": -12.4275272,
            "fid": 1,
            "forcediffimflux": 901.4323120117188,
            "forcediffimfluxunc": 47.370033264160156,
            "magzpsci": 26.294099807739258
        },
        {
            "objectid": "ZTF24abfnkzm",
            "jd": 2460578.0223032,
            "ranr": 76.4441693,
            "decnr": -12.4275372,
            "fid": 3,
            "forcediffimflux": 333.83642578125,
            "forcediffimfluxunc": 42.42675018310547,
            "magzpsci": 25.61840057373047
        },
        {
            "objectid": "ZTF24abfnkzm",
            "jd": 2460591.9370718,
            "ranr": 76.4442033,
            "decnr": -12.4275272,
            "fid": 1,
            "forcediffimflux": 234.96885681152344,
            "forcediffimfluxunc": 29.911428451538086,
            "magzpsci": 26.28230094909668
        },
        {
            "objectid": "ZTF24abfnkzm",
            "jd": 2460591.9813194,
            "ranr": 76.4441936,
            "decnr": -12.4274742,
            "fid": 2,
            "forcediffimflux": 608.7001342773438,
            "forcediffimfluxunc": 32.441654205322266,
            "magzpsci": 26.244199752807617
        },
        {
            "objectid": "ZTF24abfnkzm",
            "jd": 2460593.9364931,
            "ranr": 76.4441936,
            "decnr": -12.4274742,
            "fid": 2,
            "forcediffimflux": 510.4775695800781,
            "forcediffimfluxunc": 36.09270477294922,
            "magzpsci": 26.271799087524414
        }
    ]
}