{
    "objectId": "ZTF21aagtcgb",
    "candidates": [
        {
            "candid": 1494446805715015007,
            "jd": 2459248.9468056,
            "ra": 224.3253615,
            "dec": 43.4597291,
            "fid": 2,
            "nid": 1494,
            "magpsf": 17.686599731445312,
            "sigmapsf": 0.05869099870324135,
            "magnr": 18.43600082397461,
            "sigmagnr": 0.08399999886751175,
            "magzpsci": 26.220600128173828,
            "isdiffpos": "t",
            "ssdistnr": -999.0,
            "ssnamenr": "null",
            "drb": 1.0
        },
        {
            "candid": 1496430415715015005,
            "jd": 2459250.9304167,
            "ra": 224.3253853,
            "dec": 43.4596954,
            "fid": 2,
            "nid": 1496,
            "magpsf": 17.59000015258789,
            "sigmapsf": 0.057225000113248825,
            "magnr": 18.43600082397461,
            "sigmagnr": 0.08399999886751175,
            "magzpsci": 26.214000701904297,
            "isdiffpos": "t",
            "ssdistnr": -999.0,
            "ssnamenr": "null",
            "drb": 0.9999939799308777
        },
        {
            "candid": 1496487505715015009,
            "jd": 2459250.9875,
            "ra": 224.3253657,
            "dec": 43.4597218,
            "fid": 1,
            "nid": 1496,
            "magpsf": 17.633399963378906,
            "sigmapsf": 0.0702430009841919,
            "magnr": 19.15399932861328,
            "sigmagnr": 0.06499999761581421,
            "magzpsci": 26.369400024414062,
            "isdiffpos": "t",
            "ssdistnr": -999.0,
            "ssnamenr": "null",
            "drb": 0.9999979734420776
        },
        {
            "candid": 1498514055715015013,
            "jd": 2459253.0140509,
            "ra": 224.3253632,
            "dec": 43.4597159,
            "fid": 2,
            "nid": 1498,
            "magpsf": 17.475099563598633,
            "sigmapsf": 0.04804699867963791,
            "magnr": 18.43600082397461,
            "sigmagnr": 0.08399999886751175,
            "magzpsci": 26.240100860595703,
            "isdiffpos": "t",
            "ssdistnr": -999.0,
            "ssnamenr": "null",
            "drb": 0.9999909996986389
        },
        {
            "candid": 1500529785715015011,
            "jd": 2459255.0297801,
            "ra": 224.3253852,
            "dec": 43.4597133,
            "fid": 1,
            "nid": 1500,
            "magpsf": 17.52079963684082,
            "sigmapsf": 0.07805299758911133,
            "magnr": 19.15399932861328,
            "sigmagnr": 0.06499999761581421,
            "magzpsci": 25.484800338745117,
            "isdiffpos": "t",
            "ssdistnr": null,
            "ssnamenr": null,
            "drb": null
        },
        {
            "candid": 1502453505715015009,
            "jd": 2459256.9535069,
            "ra": 224.3253729,
            "dec": 43.4597386,
            "fid": 2,
            "nid": 1502,
            "magpsf": 17.40089988708496,
            "sigmapsf": 0.05762600153684616,
            "magnr": 18.43600082397461,
            "sigmagnr": 0.08399999886751175,
            "magzpsci": 26.236900329589844,
            "isdiffpos": "t",
            "ssdistnr": null,
            "ssnamenr": null,
            "drb": null
        },
        {
            "candid": 1502518765715015017,
            "jd": 2459257.0187616,
            "ra": 224.3253639,
            "dec": 43.4597316,
            "fid": 1,
            "nid": 1502,
            "magpsf": 17.559200286865234,
            "sigmapsf": 0.05382699891924858,
            "magnr": 19.15399932861328,
            "sigmagnr": 0.06499999761581421,
            "magzpsci": 26.38319969177246,
            "isdiffpos": "t",
            "ssdistnr": null,
            "ssnamenr": null,
            "drb": null
        },
        {
            "candid": 1506407665715015002,
            "jd": 2459260.907662,
            "ra": 224.325353,
            "dec": 43.4597304,
            "fid": 2,
            "nid": 1506,
            "magpsf": 17.482099533081055,
            "sigmapsf": 0.0740559995174408,
            "magnr": 18.43600082397461,
            "sigmagnr": 0.08399999886751175,
            "magzpsci": 25.57710075378418,
            "isdiffpos": "t",
            "ssdistnr": null,
            "ssnamenr": null,
            "drb": null
        },
        {
            "candid": 1506496285715015002,
            "jd": 2459260.9962847,
            "ra": 224.3253787,
            "dec": 43.4597201,
            "fid": 1,
            "nid": 1506,
            "magpsf": 17.61910057067871,
            "sigmapsf": 0.08819899708032608,
            "magnr": 19.15399932861328,
            "sigmagnr": 0.06499999761581421,
            "magzpsci": 25.22909927368164,
            "isdiffpos": "t",
            "ssdistnr": null,
            "ssnamenr": null,
            "drb": null
        },
        {
            "candid": 1509473045715015000,
            "jd": 2459263.973044,
            "ra": 224.3254486,
            "dec": 43.4596991,
            "fid": 2,
            "nid": 1509,
            "magpsf": 17.65369987487793,
            "sigmapsf": 0.07462800294160843,
            "magnr": 18.43600082397461,
            "sigmagnr": 0.08399999886751175,
            "magzpsci": 26.248699188232422,
            "isdiffpos": "t",
            "ssdistnr": null,
            "ssnamenr": null,
            "drb": null
        },
        {
            "candid": 1509514375715015006,
            "jd": 2459264.014375,
            "ra": 224.3254067,
            "dec": 43.4596741,
            "fid": 1,
            "nid": 1509,
            "magpsf": 17.77199935913086,
            "sigmapsf": 0.07873900234699249,
            "magnr": 19.15399932861328,
            "sigmagnr": 0.06499999761581421,
            "magzpsci": 26.38599967956543,
            "isdiffpos": "t",
            "ssdistnr": null,
            "ssnamenr": null,
            "drb": null
        },
        {
            "candid": 1511363545715015013,
            "jd": 2459265.8635417,
            "ra": 224.3253499,
            "dec": 43.4596916,
            "fid": 2,
            "nid": 1511,
            "magpsf": 17.683000564575195,
            "sigmapsf": 0.04633399844169617,
            "magnr": 18.43600082397461,
            "sigmagnr": 0.08399999886751175,
            "magzpsci": 26.198999404907227,
            "isdiffpos": "t",
            "ssdistnr": null,
            "ssnamenr": null,
            "drb": null
        },
        {
            "candid": 1511427775715015011,
            "jd": 2459265.9277778,
            "ra": 224.3253679,
            "dec": 43.4596983,
            "fid": 1,
            "nid": 1511,
            "magpsf": 17.889699935913086,
            "sigmapsf": 0.0540120005607605,
            "magnr": 19.15399932861328,
            "sigmagnr": 0.06499999761581421,
            "magzpsci": 26.369699478149414,
            "isdiffpos": "t",
            "ssdistnr": null,
            "ssnamenr": null,
            "drb": null
        },
        {
            "candid": 1513386215715015004,
            "jd": 2459267.8862153,
            "ra": 224.3253419,
            "dec": 43.4597038,
            "fid": 1,
            "nid": 1513,
            "magpsf": 17.983200073242188,
            "sigmapsf": 0.06804800033569336,
            "magnr": 19.15399932861328,
            "sigmagnr": 0.06499999761581421,
            "magzpsci": 26.340200424194336,
            "isdiffpos": "t",
            "ssdistnr": null,
            "ssnamenr": null,
            "drb": null
        },
        {
            "candid": 1513433625715015010,
            "jd": 2459267.9336227,
            "ra": 224.3253287,
            "dec": 43.4597258,
            "fid": 2,
            "nid": 1513,
            "magpsf": 17.839799880981445,
            "sigmapsf": 0.06552299857139587,
            "magnr": 18.43600082397461,
            "sigmagnr": 0.08399999886751175,
            "magzpsci": 26.246700286865234,
            "isdiffpos": "t",
            "ssdistnr": null,
            "ssnamenr": null,
            "drb": null
        },
        {
            "candid": 1515389075715015004,
            "jd": 2459269.8890741,
            "ra": 224.3253634,
            "dec": 43.4597347,
            "fid": 2,
            "nid": 1515,
            "magpsf": 17.98740005493164,
            "sigmapsf": 0.07530900090932846,
            "magnr": 18.43600082397461,
            "sigmagnr": 0.08399999886751175,
            "magzpsci": 26.20039939880371,
            "isdiffpos": "t",
            "ssdistnr": null,
            "ssnamenr": null,
            "drb": null
        },
        {
            "candid": 1515453365715015005,
            "jd": 2459269.9533681,
            "ra": 224.3253601,
            "dec": 43.4597066,
            "fid": 1,
            "nid": 1515,
            "magpsf": 18.17180061340332,
            "sigmapsf": 0.07817400246858597,
            "magnr": 19.15399932861328,
            "sigmagnr": 0.06499999761581421,
            "magzpsci": 26.37579917907715,
            "isdiffpos": "t",
            "ssdistnr": null,
            "ssnamenr": null,
            "drb": null
        },
        {
            "candid": 1517428065715015006,
            "jd": 2459271.9280671,
            "ra": 224.3253499,
            "dec": 43.4596994,
            "fid": 1,
            "nid": 1517,
            "magpsf": 18.322799682617188,
            "sigmapsf": 0.09831999987363815,
            "magnr": 19.15399932861328,
            "sigmagnr": 0.06499999761581421,
            "magzpsci": 26.356800079345703,
            "isdiffpos": "t",
            "ssdistnr": null,
            "ssnamenr": null,
            "drb": null
        },
        {
            "candid": 1517453875715015005,
            "jd": 2459271.9538773,
            "ra": 224.3253718,
            "dec": 43.4596948,
            "fid": 2,
            "nid": 1517,
            "magpsf": 18.153900146484375,
            "sigmapsf": 0.07029899954795837,
            "magnr": 18.43600082397461,
            "sigmagnr": 0.08399999886751175,
            "magzpsci": 26.21190071105957,
            "isdiffpos": "t",
            "ssdistnr": null,
            "ssnamenr": null,
            "drb": null
        },
        {
            "candid": 1519436155715015005,
            "jd": 2459273.9361574,
            "ra": 224.3254335,
            "dec": 43.4596542,
            "fid": 1,
            "nid": 1519,
            "magpsf": 18.421499252319336,
            "sigmapsf": 0.15845200419425964,
            "magnr": 19.15399932861328,
            "sigmagnr": 0.06499999761581421,
            "magzpsci": 26.300500869750977,
            "isdiffpos": "t",
            "ssdistnr": null,
            "ssnamenr": null,
            "drb": null
        },
        {
            "candid": 1521429975715015010,
            "jd": 2459275.9299769,
            "ra": 224.3253498,
            "dec": 43.459718,
            "fid": 2,
            "nid": 1521,
            "magpsf": 18.18829917907715,
            "sigmapsf": 0.06133199855685234,
            "magnr": 18.43600082397461,
            "sigmagnr": 0.08399999886751175,
            "magzpsci": 26.22330093383789,
            "isdiffpos": "t",
            "ssdistnr": null,
            "ssnamenr": null,
            "drb": null
        },
        {
            "candid": 1521457185715015005,
            "jd": 2459275.9571875,
            "ra": 224.3253773,
            "dec": 43.4597345,
            "fid": 1,
            "nid": 1521,
            "magpsf": 18.687299728393555,
            "sigmapsf": 0.13862399756908417,
            "magnr": 19.15399932861328,
            "sigmagnr": 0.06499999761581421,
            "magzpsci": 26.364299774169922,
            "isdiffpos": "t",
            "ssdistnr": null,
            "ssnamenr": null,
            "drb": null
        },
        {
            "candid": 1524327045715015008,
            "jd": 2459278.8270486,
            "ra": 224.3254088,
            "dec": 43.4597038,
            "fid": 1,
            "nid": 1524,
            "magpsf": 18.829999923706055,
            "sigmapsf": 0.10739199817180634,
            "magnr": 19.15399932861328,
            "sigmagnr": 0.06499999761581421,
            "magzpsci": 26.281999588012695,
            "isdiffpos": "t",
            "ssdistnr": null,
            "ssnamenr": null,
            "drb": null
        },
        {
            "candid": 1524453105715015007,
            "jd": 2459278.9531019,
            "ra": 224.3254117,
            "dec": 43.4597254,
            "fid": 2,
            "nid": 1524,
            "magpsf": 18.41160011291504,
            "sigmapsf": 0.07265900075435638,
            "magnr": 18.43600082397461,
            "sigmagnr": 0.08399999886751175,
            "magzpsci": 26.22760009765625,
            "isdiffpos": "t",
            "ssdistnr": null,
            "ssnamenr": null,
            "drb": null
        },
        {
            "candid": 1527268445715015055,
            "jd": 2459281.7684491,
            "ra": 224.3253911,
            "dec": 43.4597105,
            "fid": 2,
            "nid": 1527,
            "magpsf": 18.11440086364746,
            "sigmapsf": 0.07624900341033936,
            "magnr": 18.43600082397461,
            "sigmagnr": 0.08399999886751175,
            "magzpsci": 25.764400482177734,
            "isdiffpos": "t",
            "ssdistnr": null,
            "ssnamenr": null,
            "drb": null
        },
        {
            "candid": 1537391115715015009,
            "jd": 2459291.8911111,
            "ra": 224.3253853,
            "dec": 43.4597306,
            "fid": 2,
            "nid": 1537,
            "magpsf": 18.724000930786133,
            "sigmapsf": 0.0953029990196228,
            "magnr": 18.43600082397461,
            "sigmagnr": 0.08399999886751175,
            "magzpsci": 26.121999740600586,
            "isdiffpos": "t",
            "ssdistnr": null,
            "ssnamenr": null,
            "drb": null
        },
        {
            "candid": 1537496275715015016,
            "jd": 2459291.9962731,
            "ra": 224.3253894,
            "dec": 43.4597115,
            "fid": 1,
            "nid": 1537,
            "magpsf": 19.944400787353516,
            "sigmapsf": 0.18424299359321594,
            "magnr": 19.15399932861328,
            "sigmagnr": 0.06499999761581421,
            "magzpsci": 26.29840087890625,
            "isdiffpos": "t",
            "ssdistnr": null,
            "ssnamenr": null,
            "drb": null
        },
        {
            "candid": 1541304575715015004,
            "jd": 2459295.8045718,
            "ra": 224.3256714,
            "dec": 43.4597102,
            "fid": 1,
            "nid": 1541,
            "magpsf": 20.08049964904785,
            "sigmapsf": 0.3681969940662384,
            "magnr": 19.15399932861328,
            "sigmagnr": 0.06499999761581421,
            "magzpsci": 26.199499130249023,
            "isdiffpos": "t",
            "ssdistnr": null,
            "ssnamenr": null,
            "drb": null
        },
        {
            "candid": 1541409345715015009,
            "jd": 2459295.9093403,
            "ra": 224.3254218,
            "dec": 43.4597282,
            "fid": 2,
            "nid": 1541,
            "magpsf": 18.990299224853516,
            "sigmapsf": 0.10229499638080597,
            "magnr": 18.43600082397461,
            "sigmagnr": 0.08399999886751175,
            "magzpsci": 26.16830062866211,
            "isdiffpos": "t",
            "ssdistnr": null,
            "ssnamenr": null,
            "drb": null
        },
        {
            "candid": 1543328265715015009,
            "jd": 2459297.8282639,
            "ra": 224.3254627,
            "dec": 43.4595898,
            "fid": 1,
            "nid": 1543,
            "magpsf": 19.863500595092773,
            "sigmapsf": 0.2907310128211975,
            "magnr": 19.15399932861328,
            "sigmagnr": 0.06499999761581421,
            "magzpsci": 26.28849983215332,
            "isdiffpos": "t",
            "ssdistnr": null,
            "ssnamenr": null,
            "drb": null
        },
        {
            "candid": 1543389795715015002,
            "jd": 2459297.8897917,
            "ra": 224.325438,
            "dec": 43.4597667,
            "fid": 2,
            "nid": 1543,
            "magpsf": 19.102500915527344,
            "sigmapsf": 0.13745099306106567,
            "magnr": 18.43600082397461,
            "sigmagnr": 0.08399999886751175,
            "magzpsci": 26.1924991607666,
            "isdiffpos": "t",
            "ssdistnr": null,
            "ssnamenr": null,
            "drb": null
        },
        {
            "candid": 1546431815715015007,
            "jd": 2459300.9318171,
            "ra": 224.3252861,
            "dec": 43.4596913,
            "fid": 2,
            "nid": 1546,
            "magpsf": 19.259300231933594,
            "sigmapsf": 0.1874759942293167,
            "magnr": 18.43600082397461,
            "sigmagnr": 0.08399999886751175,
            "magzpsci": 26.189300537109375,
            "isdiffpos": "t",
            "ssdistnr": null,
            "ssnamenr": null,
            "drb": null
        },
        {
            "candid": 1548405965715015005,
            "jd": 2459302.9059606,
            "ra": 224.3254411,
            "dec": 43.4597935,
            "fid": 2,
            "nid": 1548,
            "magpsf": 19.28190040588379,
            "sigmapsf": 0.14935800433158875,
            "magnr": 18.43600082397461,
            "sigmagnr": 0.08399999886751175,
            "magzpsci": 26.228900909423828,
            "isdiffpos": "t",
            "ssdistnr": null,
            "ssnamenr": null,
            "drb": null
        },
        {
            "candid": 1551346555715015005,
            "jd": 2459305.8465509,
            "ra": 224.3254537,
            "dec": 43.459708,
            "fid": 2,
            "nid": 1551,
            "magpsf": 19.490699768066406,
            "sigmapsf": 0.14828699827194214,
            "magnr": 18.43600082397461,
            "sigmagnr": 0.08399999886751175,
            "magzpsci": 26.213699340820312,
            "isdiffpos": "t",
            "ssdistnr": null,
            "ssnamenr": null,
            "drb": null
        },
        {
            "candid": 1551411445715015005,
            "jd": 2459305.9114468,
            "ra": 224.32546,
            "dec": 43.4596339,
            "fid": 1,
            "nid": 1551,
            "magpsf": 20.2406005859375,
            "sigmapsf": 0.2762570083141327,
            "magnr": 19.15399932861328,
            "sigmagnr": 0.06499999761581421,
            "magzpsci": 26.345600128173828,
            "isdiffpos": "t",
            "ssdistnr": null,
            "ssnamenr": null,
            "drb": null
        },
        {
            "candid": 1553365275715015007,
            "jd": 2459307.8652778,
            "ra": 224.3254176,
            "dec": 43.4597172,
            "fid": 2,
            "nid": 1553,
            "magpsf": 19.534000396728516,
            "sigmapsf": 0.13770699501037598,
            "magnr": 18.43600082397461,
            "sigmagnr": 0.08399999886751175,
            "magzpsci": 26.21500015258789,
            "isdiffpos": "t",
            "ssdistnr": null,
            "ssnamenr": null,
            "drb": null
        },
        {
            "candid": 1553390175715015023,
            "jd": 2459307.8901736,
            "ra": 224.3254801,
            "dec": 43.4596808,
            "fid": 1,
            "nid": 1553,
            "magpsf": 20.216899871826172,
            "sigmapsf": 0.2394690066576004,
            "magnr": 19.15399932861328,
            "sigmagnr": 0.06499999761581421,
            "magzpsci": 26.353900909423828,
            "isdiffpos": "t",
            "ssdistnr": null,
            "ssnamenr": null,
            "drb": null
        },
        {
            "candid": 1555344095715015013,
            "jd": 2459309.8440972,
            "ra": 224.3254727,
            "dec": 43.4596081,
            "fid": 1,
            "nid": 1555,
            "magpsf": 20.47719955444336,
            "sigmapsf": 0.26413801312446594,
            "magnr": 19.15399932861328,
            "sigmagnr": 0.06499999761581421,
            "magzpsci": 26.331199645996094,
            "isdiffpos": "t",
            "ssdistnr": null,
            "ssnamenr": null,
            "drb": null
        },
        {
            "candid": 1555406865715015009,
            "jd": 2459309.9068634,
            "ra": 224.3254649,
            "dec": 43.4597436,
            "fid": 2,
            "nid": 1555,
            "magpsf": 19.649799346923828,
            "sigmapsf": 0.18815700709819794,
            "magnr": 18.43600082397461,
            "sigmagnr": 0.08399999886751175,
            "magzpsci": 26.20479965209961,
            "isdiffpos": "t",
            "ssdistnr": null,
            "ssnamenr": null,
            "drb": null
        },
        {
            "candid": 1557371155715015013,
            "jd": 2459311.8711574,
            "ra": 224.3254037,
            "dec": 43.4596731,
            "fid": 1,
            "nid": 1557,
            "magpsf": 20.263099670410156,
            "sigmapsf": 0.16099199652671814,
            "magnr": 19.15399932861328,
            "sigmagnr": 0.06499999761581421,
            "magzpsci": 26.353099822998047,
            "isdiffpos": "t",
            "ssdistnr": null,
            "ssnamenr": null,
            "drb": null
        },
        {
            "candid": 1557469305715015013,
            "jd": 2459311.9693056,
            "ra": 224.325388,
            "dec": 43.4597261,
            "fid": 2,
            "nid": 1557,
            "magpsf": 19.69879913330078,
            "sigmapsf": 0.12227199971675873,
            "magnr": 18.43600082397461,
            "sigmagnr": 0.08399999886751175,
            "magzpsci": 26.23579978942871,
            "isdiffpos": "t",
            "ssdistnr": null,
            "ssnamenr": null,
            "drb": null
        },
        {
            "candid": 1559469345715015010,
            "jd": 2459313.9693403,
            "ra": 224.3254776,
            "dec": 43.4597308,
            "fid": 1,
            "nid": 1559,
            "magpsf": 20.48979949951172,
            "sigmapsf": 0.25456300377845764,
            "magnr": 19.15399932861328,
            "sigmagnr": 0.06499999761581421,
            "magzpsci": 26.133800506591797,
            "isdiffpos": "t",
            "ssdistnr": null,
            "ssnamenr": null,
            "drb": null
        },
        {
            "candid": 1561325255715015010,
            "jd": 2459315.8252546,
            "ra": 224.3255113,
            "dec": 43.4597043,
            "fid": 1,
            "nid": 1561,
            "magpsf": 20.778600692749023,
            "sigmapsf": 0.275503009557724,
            "magnr": 19.15399932861328,
            "sigmagnr": 0.06499999761581421,
            "magzpsci": 26.204599380493164,
            "isdiffpos": "t",
            "ssdistnr": null,
            "ssnamenr": null,
            "drb": null
        },
        {
            "candid": 1563287105715015009,
            "jd": 2459317.7871065,
            "ra": 224.3253889,
            "dec": 43.4596255,
            "fid": 1,
            "nid": 1563,
            "magpsf": 20.557300567626953,
            "sigmapsf": 0.2195039987564087,
            "magnr": 19.15399932861328,
            "sigmagnr": 0.06499999761581421,
            "magzpsci": 26.31329917907715,
            "isdiffpos": "t",
            "ssdistnr": null,
            "ssnamenr": null,
            "drb": null
        },
        {
            "candid": 1563287105715025009,
            "jd": 2459317.7871065,
            "ra": 224.3253889,
            "dec": 43.4596255,
            "fid": 1,
            "nid": 1563,
            "magpsf": 20.557300567626953,
            "sigmapsf": 0.2195039987564087,
            "magnr": 19.15399932861328,
            "sigmagnr": 0.06499999761581421,
            "magzpsci": 26.31329917907715,
            "isdiffpos": "t",
            "ssdistnr": null,
            "ssnamenr": null,
            "drb": null
        },
        {
            "candid": 1563415745715015014,
            "jd": 2459317.9157407,
            "ra": 224.3254679,
            "dec": 43.4597068,
            "fid": 2,
            "nid": 1563,
            "magpsf": 19.951099395751953,
            "sigmapsf": 0.21347099542617798,
            "magnr": 18.43600082397461,
            "sigmagnr": 0.08399999886751175,
            "magzpsci": 26.19409942626953,
            "isdiffpos": "t",
            "ssdistnr": null,
            "ssnamenr": null,
            "drb": null
        },
        {
            "candid": 1567412825715015017,
            "jd": 2459321.9128241,
            "ra": 224.325389,
            "dec": 43.4596932,
            "fid": 2,
            "nid": 1567,
            "magpsf": 19.987199783325195,
            "sigmapsf": 0.1653439998626709,
            "magnr": 18.43600082397461,
            "sigmagnr": 0.08399999886751175,
            "magzpsci": 26.18320083618164,
            "isdiffpos": "t",
            "ssdistnr": null,
            "ssnamenr": null,
            "drb": null
        },
        {
            "candid": 1569375035715015012,
            "jd": 2459323.8750347,
            "ra": 224.325418,
            "dec": 43.4597171,
            "fid": 2,
            "nid": 1569,
            "magpsf": 20.129899978637695,
            "sigmapsf": 0.2476699948310852,
            "magnr": 18.43600082397461,
            "sigmagnr": 0.08399999886751175,
            "magzpsci": 26.193899154663086,
            "isdiffpos": "t",
            "ssdistnr": null,
            "ssnamenr": null,
            "drb": null
        },
        {
            "candid": 1571305845715015010,
            "jd": 2459325.8058449,
            "ra": 224.3254031,
            "dec": 43.4597273,
            "fid": 2,
            "nid": 1571,
            "magpsf": 20.041629791259766,
            "sigmapsf": 0.15156300365924835,
            "magnr": 18.43600082397461,
            "sigmagnr": 0.08399999886751175,
            "magzpsci": 26.20063018798828,
            "isdiffpos": "t",
            "ssdistnr": -999.0,
            "ssnamenr": "null",
            "drb": null
        },
        {
            "jd": 2459219.95145,
            "fid": 1,
            "diffmaglim": 19.665000915527344
        },
        {
            "jd": 2459220.01091,
            "fid": 2,
            "diffmaglim": 19.979000091552734
        },
        {
            "jd": 2459221.99576,
            "fid": 1,
            "diffmaglim": 20.277999877929688
        },
        {
            "jd": 2459222.03976,
            "fid": 2,
            "diffmaglim": 19.05699920654297
        },
        {
            "jd": 2459224.00524,
            "fid": 2,
            "diffmaglim": 19.93899917602539
        },
        {
            "jd": 2459224.02896,
            "fid": 1,
            "diffmaglim": 20.479000091552734
        },
        {
            "jd": 2459225.99294,
            "fid": 1,
            "diffmaglim": 19.340999603271484
        },
        {
            "jd": 2459227.98656,
            "fid": 1,
            "diffmaglim": 20.357999801635742
        },
        {
            "jd": 2459228.04772,
            "fid": 2,
            "diffmaglim": 20.309999465942383
        },
        {
            "jd": 2459230.03848,
            "fid": 2,
            "diffmaglim": 19.856000900268555
        },
        {
            "jd": 2459230.05617,
            "fid": 1,
            "diffmaglim": 19.909000396728516
        },
        {
            "jd": 2459231.99509,
            "fid": 2,
            "diffmaglim": 20.55699920654297
        },
        {
            "jd": 2459232.05402,
            "fid": 1,
            "diffmaglim": 20.756999969482422
        },
        {
            "jd": 2459300.8662037,
            "fid": 1,
            "diffmaglim": 19.196500778198242
        },
        {
            "jd": 2459302.8944329,
            "fid": 1,
            "diffmaglim": 19.415800094604492
        },
        {
            "jd": 2459313.930463,
            "fid": 2,
            "diffmaglim": 19.52589988708496
        },
        {
            "jd": 2459315.8659491,
            "fid": 2,
            "diffmaglim": 18.507999420166016
        },
        {
            "jd": 2459323.8026505,
            "fid": 1,
            "diffmaglim": 20.47760009765625
        }
    ],
    "forcedphot": []
}