{
    "objectId": "ZTF20acnviyk",
    "candidates": [
        {
            "candid": 1395499133615015015,
            "jd": 2459149.9991319,
            "ra": 132.4128121,
            "dec": 20.0231571,
            "fid": 1,
            "nid": 1395,
            "magpsf": 19.844200134277344,
            "sigmapsf": 0.17235200107097626,
            "magnr": 19.8700008392334,
            "sigmagnr": 0.04800000041723251,
            "magzpsci": 26.26219940185547,
            "isdiffpos": "t",
            "ssdistnr": -999.0,
            "ssnamenr": "null",
            "drb": 0.9999889731407166
        },
        {
            "candid": 1396434743615015008,
            "jd": 2459150.9347454,
            "ra": 132.412888,
            "dec": 20.0231827,
            "fid": 1,
            "nid": 1396,
            "magpsf": 19.609600067138672,
            "sigmapsf": 0.19273799657821655,
            "magnr": 19.8700008392334,
            "sigmagnr": 0.04800000041723251,
            "magzpsci": 26.248600006103516,
            "isdiffpos": "t",
            "ssdistnr": -999.0,
            "ssnamenr": "null",
            "drb": 0.9998729825019836
        },
        {
            "candid": 1396527593615015044,
            "jd": 2459151.0275926,
            "ra": 132.4128527,
            "dec": 20.0232035,
            "fid": 2,
            "nid": 1396,
            "magpsf": 19.874300003051758,
            "sigmapsf": 0.1992969959974289,
            "magnr": 19.506000518798828,
            "sigmagnr": 0.039000000804662704,
            "magzpsci": 26.323299407958984,
            "isdiffpos": "t",
            "ssdistnr": -999.0,
            "ssnamenr": "null",
            "drb": 0.9999930262565613
        },
        {
            "candid": 1398482853615015007,
            "jd": 2459152.9828588,
            "ra": 132.4129402,
            "dec": 20.0231482,
            "fid": 2,
            "nid": 1398,
            "magpsf": 19.513500213623047,
            "sigmapsf": 0.13352300226688385,
            "magnr": 19.506000518798828,
            "sigmagnr": 0.039000000804662704,
            "magzpsci": 26.31049919128418,
            "isdiffpos": "t",
            "ssdistnr": -999.0,
            "ssnamenr": "null",
            "drb": 0.9998999834060669
        },
        {
            "candid": 1401499753615015015,
            "jd": 2459155.9997569,
            "ra": 132.4128719,
            "dec": 20.0231984,
            "fid": 2,
            "nid": 1401,
            "magpsf": 19.31049919128418,
            "sigmapsf": 0.12148000299930573,
            "magnr": 19.506000518798828,
            "sigmagnr": 0.039000000804662704,
            "magzpsci": 26.31049919128418,
            "isdiffpos": "t",
            "ssdistnr": -999.0,
            "ssnamenr": "null",
            "drb": 0.9994519948959351
        },
        {
            "candid": 1401507543615015007,
            "jd": 2459156.0075463,
            "ra": 132.4128922,
            "dec": 20.0231961,
            "fid": 1,
            "nid": 1401,
            "magpsf": 19.16860008239746,
            "sigmapsf": 0.13201899826526642,
            "magnr": 19.8700008392334,
            "sigmagnr": 0.04800000041723251,
            "magzpsci": 26.32159996032715,
            "isdiffpos": "t",
            "ssdistnr": -999.0,
            "ssnamenr": "null",
            "drb": 0.9999970197677612
        },
        {
            "candid": 1402512363615015018,
            "jd": 2459157.0123611,
            "ra": 132.4129035,
            "dec": 20.0231986,
            "fid": 2,
            "nid": 1402,
            "magpsf": 19.35059928894043,
            "sigmapsf": 0.14948800206184387,
            "magnr": 19.506000518798828,
            "sigmagnr": 0.039000000804662704,
            "magzpsci": 26.31559944152832,
            "isdiffpos": "t",
            "ssdistnr": -999.0,
            "ssnamenr": "null",
            "drb": 0.9999909996986389
        },
        {
            "candid": 1404463883615015010,
            "jd": 2459158.9638889,
            "ra": 132.4128747,
            "dec": 20.0231467,
            "fid": 1,
            "nid": 1404,
            "magpsf": 18.964500427246094,
            "sigmapsf": 0.15072399377822876,
            "magnr": 19.8700008392334,
            "sigmagnr": 0.04800000041723251,
            "magzpsci": 26.282499313354492,
            "isdiffpos": "t",
            "ssdistnr": -999.0,
            "ssnamenr": "null",
            "drb": 0.9999409914016724
        },
        {
            "candid": 1404508613615015021,
            "jd": 2459159.0086111,
            "ra": 132.4129417,
            "dec": 20.023145,
            "fid": 2,
            "nid": 1404,
            "magpsf": 19.070100784301758,
            "sigmapsf": 0.1395850032567978,
            "magnr": 19.506000518798828,
            "sigmagnr": 0.039000000804662704,
            "magzpsci": 26.10110092163086,
            "isdiffpos": "t",
            "ssdistnr": -999.0,
            "ssnamenr": "-999.0",
            "drb": null
        },
        {
            "candid": 1411455613615015019,
            "jd": 2459165.9556134,
            "ra": 132.4128621,
            "dec": 20.0231949,
            "fid": 1,
            "nid": 1411,
            "magpsf": 19.186899185180664,
            "sigmapsf": 0.11911900341510773,
            "magnr": 19.8700008392334,
            "sigmagnr": 0.04800000041723251,
            "magzpsci": 26.319900512695312,
            "isdiffpos": "t",
            "ssdistnr": -999.0,
            "ssnamenr": "null",
            "drb": 1.0
        },
        {
            "candid": 1411499243615015033,
            "jd": 2459165.9992477,
            "ra": 132.4128959,
            "dec": 20.023171,
            "fid": 2,
            "nid": 1411,
            "magpsf": 19.2814998626709,
            "sigmapsf": 0.09428100287914276,
            "magnr": 19.506000518798828,
            "sigmagnr": 0.039000000804662704,
            "magzpsci": 26.33449935913086,
            "isdiffpos": "t",
            "ssdistnr": -999.0,
            "ssnamenr": "null",
            "drb": 0.9999989867210388
        },
        {
            "candid": 1414425333615015028,
            "jd": 2459168.9253356,
            "ra": 132.4128803,
            "dec": 20.0232068,
            "fid": 2,
            "nid": 1414,
            "magpsf": 19.239500045776367,
            "sigmapsf": 0.11240799725055695,
            "magnr": 19.506000518798828,
            "sigmagnr": 0.039000000804662704,
            "magzpsci": 26.30150032043457,
            "isdiffpos": "t",
            "ssdistnr": -999.0,
            "ssnamenr": "null",
            "drb": 1.0
        },
        {
            "candid": 1414485023615015024,
            "jd": 2459168.9850231,
            "ra": 132.4128628,
            "dec": 20.0231646,
            "fid": 1,
            "nid": 1414,
            "magpsf": 19.292600631713867,
            "sigmapsf": 0.0987429991364479,
            "magnr": 19.8700008392334,
            "sigmagnr": 0.04800000041723251,
            "magzpsci": 26.344600677490234,
            "isdiffpos": "t",
            "ssdistnr": -999.0,
            "ssnamenr": "null",
            "drb": 0.9999989867210388
        },
        {
            "candid": 1416465133615015028,
            "jd": 2459170.9651389,
            "ra": 132.4128684,
            "dec": 20.0232004,
            "fid": 1,
            "nid": 1416,
            "magpsf": 19.447399139404297,
            "sigmapsf": 0.1351190060377121,
            "magnr": 19.8700008392334,
            "sigmagnr": 0.04800000041723251,
            "magzpsci": 26.337400436401367,
            "isdiffpos": "t",
            "ssdistnr": -999.0,
            "ssnamenr": "null",
            "drb": 0.9999970197677612
        },
        {
            "candid": 1416523273615015044,
            "jd": 2459171.0232755,
            "ra": 132.4128719,
            "dec": 20.0232246,
            "fid": 2,
            "nid": 1416,
            "magpsf": 19.350299835205078,
            "sigmapsf": 0.10568799823522568,
            "magnr": 19.506000518798828,
            "sigmagnr": 0.039000000804662704,
            "magzpsci": 26.32430076599121,
            "isdiffpos": "t",
            "ssdistnr": -999.0,
            "ssnamenr": "null",
            "drb": 1.0
        },
        {
            "jd": 2459124.96431,
            "fid": 2,
            "diffmaglim": 19.10300064086914
        },
        {
            "jd": 2459125.00976,
            "fid": 1,
            "diffmaglim": 19.28499984741211
        },
        {
            "jd": 2459126.9874,
            "fid": 1,
            "diffmaglim": 19.399999618530273
        },
        {
            "jd": 2459127.02468,
            "fid": 2,
            "diffmaglim": 19.785999298095703
        },
        {
            "jd": 2459128.96881,
            "fid": 1,
            "diffmaglim": 19.253999710083008
        },
        {
            "jd": 2459129.02456,
            "fid": 2,
            "diffmaglim": 19.621999740600586
        },
        {
            "jd": 2459131.00304,
            "fid": 1,
            "diffmaglim": 19.76799964904785
        },
        {
            "jd": 2459131.03149,
            "fid": 2,
            "diffmaglim": 19.856000900268555
        },
        {
            "jd": 2459135.97282,
            "fid": 1,
            "diffmaglim": 20.40399932861328
        },
        {
            "jd": 2459135.99521,
            "fid": 2,
            "diffmaglim": 20.378000259399414
        },
        {
            "jd": 2459137.97532,
            "fid": 1,
            "diffmaglim": 20.496000289916992
        },
        {
            "jd": 2459137.98759,
            "fid": 2,
            "diffmaglim": 20.320999145507812
        },
        {
            "jd": 2459139.95501,
            "fid": 1,
            "diffmaglim": 20.05500030517578
        },
        {
            "jd": 2459140.01554,
            "fid": 2,
            "diffmaglim": 20.3439998626709
        },
        {
            "jd": 2459141.97495,
            "fid": 1,
            "diffmaglim": 20.62700080871582
        },
        {
            "jd": 2459142.00378,
            "fid": 2,
            "diffmaglim": 20.426000595092773
        },
        {
            "jd": 2459143.98483,
            "fid": 2,
            "diffmaglim": 20.57200050354004
        },
        {
            "jd": 2459144.01035,
            "fid": 1,
            "diffmaglim": 20.812999725341797
        },
        {
            "jd": 2459145.96493,
            "fid": 1,
            "diffmaglim": 20.666000366210938
        },
        {
            "jd": 2459146.00017,
            "fid": 2,
            "diffmaglim": 20.524999618530273
        },
        {
            "jd": 2459149.88647,
            "fid": 2,
            "diffmaglim": 19.131000518798828
        }
    ],
    "forcedphot": []
}