{
    "objectId": "ZTF22aakpwqf",
    "candidates": [
        {
            "candid": 1968224801415015012,
            "jd": 2459722.7248032,
            "ra": 177.6019195,
            "dec": 22.7135567,
            "fid": 1,
            "nid": 1968,
            "magpsf": 19.077800750732422,
            "sigmapsf": 0.09570199996232986,
            "magnr": 21.67300033569336,
            "sigmagnr": 0.1469999998807907,
            "magzpsci": 26.111799240112305,
            "isdiffpos": "t",
            "ssdistnr": null,
            "ssnamenr": null,
            "drb": null
        },
        {
            "candid": 1968257491415015004,
            "jd": 2459722.7575,
            "ra": 177.6018941,
            "dec": 22.7135902,
            "fid": 1,
            "nid": 1968,
            "magpsf": 19.005300521850586,
            "sigmapsf": 0.07849399745464325,
            "magnr": 21.67300033569336,
            "sigmagnr": 0.1469999998807907,
            "magzpsci": 26.099300384521484,
            "isdiffpos": "t",
            "ssdistnr": null,
            "ssnamenr": null,
            "drb": null
        },
        {
            "candid": 1970215621415015010,
            "jd": 2459724.715625,
            "ra": 177.6018982,
            "dec": 22.713595,
            "fid": 1,
            "nid": 1970,
            "magpsf": 18.495399475097656,
            "sigmapsf": 0.05378900095820427,
            "magnr": 21.67300033569336,
            "sigmagnr": 0.1469999998807907,
            "magzpsci": 26.0664005279541,
            "isdiffpos": "t",
            "ssdistnr": null,
            "ssnamenr": null,
            "drb": null
        },
        {
            "candid": 1970256051415015007,
            "jd": 2459724.7560532,
            "ra": 177.6018972,
            "dec": 22.7135858,
            "fid": 2,
            "nid": 1970,
            "magpsf": 18.71310043334961,
            "sigmapsf": 0.08173000067472458,
            "magnr": 19.80299949645996,
            "sigmagnr": 0.12600000202655792,
            "magzpsci": 26.000099182128906,
            "isdiffpos": "t",
            "ssdistnr": null,
            "ssnamenr": null,
            "drb": null
        },
        {
            "candid": 1972225931415015006,
            "jd": 2459726.7259375,
            "ra": 177.601884,
            "dec": 22.7135938,
            "fid": 1,
            "nid": 1972,
            "magpsf": 18.103099822998047,
            "sigmapsf": 0.06396099925041199,
            "magnr": 21.67300033569336,
            "sigmagnr": 0.1469999998807907,
            "magzpsci": 26.149099349975586,
            "isdiffpos": "t",
            "ssdistnr": null,
            "ssnamenr": null,
            "drb": null
        },
        {
            "candid": 1976201351415015009,
            "jd": 2459730.7013542,
            "ra": 177.6018968,
            "dec": 22.7135904,
            "fid": 1,
            "nid": 1976,
            "magpsf": 17.750499725341797,
            "sigmapsf": 0.056230999529361725,
            "magnr": 21.67300033569336,
            "sigmagnr": 0.1469999998807907,
            "magzpsci": 26.1875,
            "isdiffpos": "t",
            "ssdistnr": null,
            "ssnamenr": null,
            "drb": null
        },
        {
            "candid": 1976228391415015014,
            "jd": 2459730.7283912,
            "ra": 177.6018697,
            "dec": 22.713576,
            "fid": 2,
            "nid": 1976,
            "magpsf": 17.8971004486084,
            "sigmapsf": 0.05313900113105774,
            "magnr": 19.80299949645996,
            "sigmagnr": 0.12600000202655792,
            "magzpsci": 26.043100357055664,
            "isdiffpos": "t",
            "ssdistnr": null,
            "ssnamenr": null,
            "drb": null
        },
        {
            "candid": 1978185791415015003,
            "jd": 2459732.6857986,
            "ra": 177.601897,
            "dec": 22.7135914,
            "fid": 1,
            "nid": 1978,
            "magpsf": 17.68160057067871,
            "sigmapsf": 0.0620339997112751,
            "magnr": 21.67300033569336,
            "sigmagnr": 0.1469999998807907,
            "magzpsci": 26.149599075317383,
            "isdiffpos": "t",
            "ssdistnr": null,
            "ssnamenr": null,
            "drb": null
        },
        {
            "candid": 1978196521415015013,
            "jd": 2459732.6965278,
            "ra": 177.6018771,
            "dec": 22.7135846,
            "fid": 2,
            "nid": 1978,
            "magpsf": 17.834400177001953,
            "sigmapsf": 0.04312499985098839,
            "magnr": 19.80299949645996,
            "sigmagnr": 0.12600000202655792,
            "magzpsci": 26.049400329589844,
            "isdiffpos": "t",
            "ssdistnr": null,
            "ssnamenr": null,
            "drb": null
        },
        {
            "candid": 1980205611415015006,
            "jd": 2459734.7056134,
            "ra": 177.6018985,
            "dec": 22.7135902,
            "fid": 1,
            "nid": 1980,
            "magpsf": 17.615699768066406,
            "sigmapsf": 0.054304998368024826,
            "magnr": 21.67300033569336,
            "sigmagnr": 0.1469999998807907,
            "magzpsci": 25.937700271606445,
            "isdiffpos": "t",
            "ssdistnr": null,
            "ssnamenr": null,
            "drb": null
        },
        {
            "candid": 1980224501415015007,
            "jd": 2459734.7245023,
            "ra": 177.6018608,
            "dec": 22.7135858,
            "fid": 2,
            "nid": 1980,
            "magpsf": 17.753599166870117,
            "sigmapsf": 0.07099699974060059,
            "magnr": 19.80299949645996,
            "sigmagnr": 0.12600000202655792,
            "magzpsci": 25.69860076904297,
            "isdiffpos": "t",
            "ssdistnr": null,
            "ssnamenr": null,
            "drb": null
        },
        {
            "candid": 1982185261415015013,
            "jd": 2459736.6852662,
            "ra": 177.6018822,
            "dec": 22.7135852,
            "fid": 2,
            "nid": 1982,
            "magpsf": 17.75079917907715,
            "sigmapsf": 0.07043299823999405,
            "magnr": 19.80299949645996,
            "sigmagnr": 0.12600000202655792,
            "magzpsci": 26.049800872802734,
            "isdiffpos": "t",
            "ssdistnr": null,
            "ssnamenr": null,
            "drb": null
        },
        {
            "candid": 1982236001415015013,
            "jd": 2459736.7360069,
            "ra": 177.6019228,
            "dec": 22.7135969,
            "fid": 1,
            "nid": 1982,
            "magpsf": 17.62350082397461,
            "sigmapsf": 0.04080500081181526,
            "magnr": 21.67300033569336,
            "sigmagnr": 0.1469999998807907,
            "magzpsci": 26.12350082397461,
            "isdiffpos": "t",
            "ssdistnr": null,
            "ssnamenr": null,
            "drb": null
        },
        {
            "candid": 1984197391415015010,
            "jd": 2459738.6973958,
            "ra": 177.6019245,
            "dec": 22.7135992,
            "fid": 1,
            "nid": 1984,
            "magpsf": 17.720500946044922,
            "sigmapsf": 0.05639699846506119,
            "magnr": 21.67300033569336,
            "sigmagnr": 0.1469999998807907,
            "magzpsci": 26.112499237060547,
            "isdiffpos": "t",
            "ssdistnr": null,
            "ssnamenr": null,
            "drb": null
        },
        {
            "candid": 1984247211415015006,
            "jd": 2459738.7472106,
            "ra": 177.6018705,
            "dec": 22.7136047,
            "fid": 2,
            "nid": 1984,
            "magpsf": 17.763099670410156,
            "sigmapsf": 0.06483899801969528,
            "magnr": 19.80299949645996,
            "sigmagnr": 0.12600000202655792,
            "magzpsci": 25.969100952148438,
            "isdiffpos": "t",
            "ssdistnr": null,
            "ssnamenr": null,
            "drb": null
        },
        {
            "candid": 1986186271415015016,
            "jd": 2459740.6862731,
            "ra": 177.6018687,
            "dec": 22.7135796,
            "fid": 2,
            "nid": 1986,
            "magpsf": 17.839000701904297,
            "sigmapsf": 0.08672799915075302,
            "magnr": 19.80299949645996,
            "sigmagnr": 0.12600000202655792,
            "magzpsci": 26.003999710083008,
            "isdiffpos": "t",
            "ssdistnr": null,
            "ssnamenr": null,
            "drb": null
        },
        {
            "candid": 1986240501415015004,
            "jd": 2459740.7405093,
            "ra": 177.6018902,
            "dec": 22.71359,
            "fid": 1,
            "nid": 1986,
            "magpsf": 17.782800674438477,
            "sigmapsf": 0.05614500120282173,
            "magnr": 21.67300033569336,
            "sigmagnr": 0.1469999998807907,
            "magzpsci": 26.07080078125,
            "isdiffpos": "t",
            "ssdistnr": null,
            "ssnamenr": null,
            "drb": null
        },
        {
            "candid": 1988260301415015009,
            "jd": 2459742.7603009,
            "ra": 177.6019391,
            "dec": 22.7135695,
            "fid": 2,
            "nid": 1988,
            "magpsf": 17.992399215698242,
            "sigmapsf": 0.08686699718236923,
            "magnr": 19.80299949645996,
            "sigmagnr": 0.12600000202655792,
            "magzpsci": 25.933399200439453,
            "isdiffpos": "t",
            "ssdistnr": null,
            "ssnamenr": null,
            "drb": null
        },
        {
            "candid": 1988297521415015007,
            "jd": 2459742.7975231,
            "ra": 177.6019098,
            "dec": 22.713584,
            "fid": 1,
            "nid": 1988,
            "magpsf": 17.847700119018555,
            "sigmapsf": 0.09992600232362747,
            "magnr": 21.67300033569336,
            "sigmagnr": 0.1469999998807907,
            "magzpsci": 25.867700576782227,
            "isdiffpos": "t",
            "ssdistnr": null,
            "ssnamenr": null,
            "drb": null
        },
        {
            "candid": 1993283691415015006,
            "jd": 2459747.7836921,
            "ra": 177.6018692,
            "dec": 22.7135895,
            "fid": 1,
            "nid": 1993,
            "magpsf": 18.306800842285156,
            "sigmapsf": 0.06949499994516373,
            "magnr": 21.67300033569336,
            "sigmagnr": 0.1469999998807907,
            "magzpsci": 25.983800888061523,
            "isdiffpos": "t",
            "ssdistnr": null,
            "ssnamenr": null,
            "drb": null
        },
        {
            "candid": 1995196121415015016,
            "jd": 2459749.6961227,
            "ra": 177.60187,
            "dec": 22.7135985,
            "fid": 2,
            "nid": 1995,
            "magpsf": 18.350799560546875,
            "sigmapsf": 0.0907910019159317,
            "magnr": 19.80299949645996,
            "sigmagnr": 0.12600000202655792,
            "magzpsci": 26.041799545288086,
            "isdiffpos": "t",
            "ssdistnr": null,
            "ssnamenr": null,
            "drb": null
        },
        {
            "candid": 1995236801415015009,
            "jd": 2459749.7368056,
            "ra": 177.6019171,
            "dec": 22.7135924,
            "fid": 1,
            "nid": 1995,
            "magpsf": 18.4224796295166,
            "sigmapsf": 0.0839499980211258,
            "magnr": 21.67300033569336,
            "sigmagnr": 0.1469999998807907,
            "magzpsci": 26.07547950744629,
            "isdiffpos": "t",
            "ssdistnr": -999.0,
            "ssnamenr": "null",
            "drb": null
        },
        {
            "jd": 2459694.7484838,
            "fid": 2,
            "diffmaglim": 20.40880012512207
        },
        {
            "jd": 2459694.8389931,
            "fid": 1,
            "diffmaglim": 20.11009979248047
        },
        {
            "jd": 2459696.6940625,
            "fid": 1,
            "diffmaglim": 20.56909942626953
        },
        {
            "jd": 2459696.7494676,
            "fid": 2,
            "diffmaglim": 20.380199432373047
        },
        {
            "jd": 2459699.7375926,
            "fid": 1,
            "diffmaglim": 20.57939910888672
        },
        {
            "jd": 2459699.7869792,
            "fid": 2,
            "diffmaglim": 20.475900650024414
        },
        {
            "jd": 2459701.7879861,
            "fid": 1,
            "diffmaglim": 20.357900619506836
        },
        {
            "jd": 2459701.8492014,
            "fid": 1,
            "diffmaglim": 20.13920021057129
        },
        {
            "jd": 2459703.7602662,
            "fid": 1,
            "diffmaglim": 20.355300903320312
        },
        {
            "jd": 2459703.7915162,
            "fid": 2,
            "diffmaglim": 20.067800521850586
        },
        {
            "jd": 2459709.6924306,
            "fid": 2,
            "diffmaglim": 19.807100296020508
        },
        {
            "jd": 2459709.7581481,
            "fid": 2,
            "diffmaglim": 19.211599349975586
        },
        {
            "jd": 2459711.6915625,
            "fid": 1,
            "diffmaglim": 19.44179916381836
        },
        {
            "jd": 2459711.776088,
            "fid": 2,
            "diffmaglim": 19.075000762939453
        },
        {
            "jd": 2459713.7367361,
            "fid": 2,
            "diffmaglim": 19.500499725341797
        },
        {
            "jd": 2459713.8228472,
            "fid": 1,
            "diffmaglim": 18.95240020751953
        },
        {
            "jd": 2459715.7123148,
            "fid": 1,
            "diffmaglim": 20.577499389648438
        },
        {
            "jd": 2459718.7366088,
            "fid": 2,
            "diffmaglim": 20.462799072265625
        },
        {
            "jd": 2459726.7062963,
            "fid": 2,
            "diffmaglim": 20.60070037841797
        },
        {
            "jd": 2459747.6989931,
            "fid": 2,
            "diffmaglim": 20.59510040283203
        }
    ],
    "forcedphot": []
}