{
    "objectId": "ZTF22abfviaz",
    "candidates": [
        {
            "candid": 2084152612515015003,
            "jd": 2459838.6526157,
            "ra": 321.8475918,
            "dec": 4.3322198,
            "fid": 1,
            "nid": 2084,
            "magpsf": 19.634300231933594,
            "sigmapsf": 0.13917900621891022,
            "magnr": 18.670000076293945,
            "sigmagnr": 0.0560000017285347,
            "magzpsci": 26.32029914855957,
            "isdiffpos": "t",
            "ssdistnr": null,
            "ssnamenr": null,
            "drb": 0.9999984502792358
        },
        {
            "candid": 2086287952515015001,
            "jd": 2459840.7879514,
            "ra": 321.8475972,
            "dec": 4.3321752,
            "fid": 1,
            "nid": 2086,
            "magpsf": 19.236000061035156,
            "sigmapsf": 0.08949699997901917,
            "magnr": 18.670000076293945,
            "sigmagnr": 0.0560000017285347,
            "magzpsci": 26.347999572753906,
            "isdiffpos": "t",
            "ssdistnr": null,
            "ssnamenr": null,
            "drb": null
        },
        {
            "candid": 2088290872515015002,
            "jd": 2459842.7908796,
            "ra": 321.8475591,
            "dec": 4.3321882,
            "fid": 1,
            "nid": 2088,
            "magpsf": 19.026399612426758,
            "sigmapsf": 0.094650998711586,
            "magnr": 18.670000076293945,
            "sigmagnr": 0.0560000017285347,
            "magzpsci": 26.345399856567383,
            "isdiffpos": "t",
            "ssdistnr": null,
            "ssnamenr": null,
            "drb": null
        },
        {
            "candid": 2090248842515015001,
            "jd": 2459844.7488426,
            "ra": 321.8475828,
            "dec": 4.3321935,
            "fid": 1,
            "nid": 2090,
            "magpsf": 18.881999969482422,
            "sigmapsf": 0.08102399855852127,
            "magnr": 18.670000076293945,
            "sigmagnr": 0.0560000017285347,
            "magzpsci": 26.356000900268555,
            "isdiffpos": "t",
            "ssdistnr": null,
            "ssnamenr": null,
            "drb": null
        },
        {
            "candid": 2090292042515015002,
            "jd": 2459844.7920486,
            "ra": 321.8475904,
            "dec": 4.3322002,
            "fid": 2,
            "nid": 2090,
            "magpsf": 18.934900283813477,
            "sigmapsf": 0.075314000248909,
            "magnr": 17.697999954223633,
            "sigmagnr": 0.061000000685453415,
            "magzpsci": 26.35890007019043,
            "isdiffpos": "t",
            "ssdistnr": null,
            "ssnamenr": null,
            "drb": null
        },
        {
            "candid": 2093277532515015001,
            "jd": 2459847.7775347,
            "ra": 321.8475806,
            "dec": 4.3322091,
            "fid": 1,
            "nid": 2093,
            "magpsf": 18.865400314331055,
            "sigmapsf": 0.07009399682283401,
            "magnr": 18.670000076293945,
            "sigmagnr": 0.0560000017285347,
            "magzpsci": 26.32040023803711,
            "isdiffpos": "t",
            "ssdistnr": null,
            "ssnamenr": null,
            "drb": null
        },
        {
            "candid": 2095171752515015003,
            "jd": 2459849.6717593,
            "ra": 321.8475927,
            "dec": 4.3321736,
            "fid": 2,
            "nid": 2095,
            "magpsf": 18.82550048828125,
            "sigmapsf": 0.07117699831724167,
            "magnr": 17.697999954223633,
            "sigmagnr": 0.061000000685453415,
            "magzpsci": 26.305500030517578,
            "isdiffpos": "t",
            "ssdistnr": null,
            "ssnamenr": null,
            "drb": null
        },
        {
            "candid": 2095212612515015000,
            "jd": 2459849.7126157,
            "ra": 321.8475702,
            "dec": 4.3322174,
            "fid": 1,
            "nid": 2095,
            "magpsf": 18.89739990234375,
            "sigmapsf": 0.1078839972615242,
            "magnr": 18.670000076293945,
            "sigmagnr": 0.0560000017285347,
            "magzpsci": 26.30739974975586,
            "isdiffpos": "t",
            "ssdistnr": null,
            "ssnamenr": null,
            "drb": null
        },
        {
            "candid": 2097169952515015001,
            "jd": 2459851.6699537,
            "ra": 321.8475786,
            "dec": 4.3321995,
            "fid": 2,
            "nid": 2097,
            "magpsf": 18.855600357055664,
            "sigmapsf": 0.09952600300312042,
            "magnr": 17.697999954223633,
            "sigmagnr": 0.061000000685453415,
            "magzpsci": 26.31760025024414,
            "isdiffpos": "t",
            "ssdistnr": null,
            "ssnamenr": null,
            "drb": null
        },
        {
            "candid": 2097210452515015002,
            "jd": 2459851.7104514,
            "ra": 321.8475748,
            "dec": 4.3322406,
            "fid": 1,
            "nid": 2097,
            "magpsf": 18.917800903320312,
            "sigmapsf": 0.10004899650812149,
            "magnr": 18.670000076293945,
            "sigmagnr": 0.0560000017285347,
            "magzpsci": 26.288799285888672,
            "isdiffpos": "t",
            "ssdistnr": null,
            "ssnamenr": null,
            "drb": null
        },
        {
            "candid": 2099255572515015002,
            "jd": 2459853.7555787,
            "ra": 321.8476121,
            "dec": 4.3322403,
            "fid": 2,
            "nid": 2099,
            "magpsf": 18.954700469970703,
            "sigmapsf": 0.0676800012588501,
            "magnr": 17.697999954223633,
            "sigmagnr": 0.061000000685453415,
            "magzpsci": 26.358699798583984,
            "isdiffpos": "t",
            "ssdistnr": null,
            "ssnamenr": null,
            "drb": null
        },
        {
            "candid": 2099274932515015001,
            "jd": 2459853.7749306,
            "ra": 321.8476053,
            "dec": 4.3321862,
            "fid": 1,
            "nid": 2099,
            "magpsf": 19.056900024414062,
            "sigmapsf": 0.07835900038480759,
            "magnr": 18.670000076293945,
            "sigmagnr": 0.0560000017285347,
            "magzpsci": 26.313899993896484,
            "isdiffpos": "t",
            "ssdistnr": null,
            "ssnamenr": null,
            "drb": null
        },
        {
            "candid": 2101258432515015000,
            "jd": 2459855.7584375,
            "ra": 321.8475992,
            "dec": 4.3322058,
            "fid": 1,
            "nid": 2101,
            "magpsf": 19.0492000579834,
            "sigmapsf": 0.10742700099945068,
            "magnr": 18.670000076293945,
            "sigmagnr": 0.0560000017285347,
            "magzpsci": 26.250200271606445,
            "isdiffpos": "t",
            "ssdistnr": null,
            "ssnamenr": null,
            "drb": null
        },
        {
            "candid": 2101301032515015004,
            "jd": 2459855.8010301,
            "ra": 321.8475589,
            "dec": 4.3321992,
            "fid": 2,
            "nid": 2101,
            "magpsf": 18.97640037536621,
            "sigmapsf": 0.08047699928283691,
            "magnr": 17.697999954223633,
            "sigmagnr": 0.061000000685453415,
            "magzpsci": 26.280399322509766,
            "isdiffpos": "t",
            "ssdistnr": null,
            "ssnamenr": null,
            "drb": null
        },
        {
            "candid": 2103224982515015000,
            "jd": 2459857.7249884,
            "ra": 321.8475891,
            "dec": 4.332197,
            "fid": 2,
            "nid": 2103,
            "magpsf": 19.104000091552734,
            "sigmapsf": 0.1377979964017868,
            "magnr": 17.697999954223633,
            "sigmagnr": 0.061000000685453415,
            "magzpsci": 26.29400062561035,
            "isdiffpos": "t",
            "ssdistnr": null,
            "ssnamenr": null,
            "drb": null
        },
        {
            "candid": 2105192672515015000,
            "jd": 2459859.6926736,
            "ra": 321.8475965,
            "dec": 4.3322729,
            "fid": 1,
            "nid": 2105,
            "magpsf": 19.416200637817383,
            "sigmapsf": 0.19400399923324585,
            "magnr": 18.670000076293945,
            "sigmagnr": 0.0560000017285347,
            "magzpsci": 26.28619956970215,
            "isdiffpos": "t",
            "ssdistnr": null,
            "ssnamenr": null,
            "drb": null
        },
        {
            "candid": 2107190962515015001,
            "jd": 2459861.6909606,
            "ra": 321.8475856,
            "dec": 4.332181,
            "fid": 1,
            "nid": 2107,
            "magpsf": 19.785900115966797,
            "sigmapsf": 0.34091201424598694,
            "magnr": 18.670000076293945,
            "sigmagnr": 0.0560000017285347,
            "magzpsci": 26.300899505615234,
            "isdiffpos": "t",
            "ssdistnr": null,
            "ssnamenr": null,
            "drb": null
        },
        {
            "candid": 2111149322515015000,
            "jd": 2459865.6493287,
            "ra": 321.8475579,
            "dec": 4.3321783,
            "fid": 2,
            "nid": 2111,
            "magpsf": 19.34309959411621,
            "sigmapsf": 0.15918299555778503,
            "magnr": 17.697999954223633,
            "sigmagnr": 0.061000000685453415,
            "magzpsci": 26.32509994506836,
            "isdiffpos": "t",
            "ssdistnr": null,
            "ssnamenr": null,
            "drb": null
        },
        {
            "candid": 2113167592515015000,
            "jd": 2459867.6675926,
            "ra": 321.8476327,
            "dec": 4.3322176,
            "fid": 2,
            "nid": 2113,
            "magpsf": 19.54376983642578,
            "sigmapsf": 0.12103872746229172,
            "magnr": 17.697999954223633,
            "sigmagnr": 0.061000000685453415,
            "magzpsci": 26.33077049255371,
            "isdiffpos": "t",
            "ssdistnr": -999.0,
            "ssnamenr": "null",
            "drb": null
        },
        {
            "jd": 2459809.7791435,
            "fid": 2,
            "diffmaglim": 20.486299514770508
        },
        {
            "jd": 2459809.8695255,
            "fid": 1,
            "diffmaglim": 20.10849952697754
        },
        {
            "jd": 2459811.7739699,
            "fid": 1,
            "diffmaglim": 20.61050033569336
        },
        {
            "jd": 2459811.8545255,
            "fid": 2,
            "diffmaglim": 20.618900299072266
        },
        {
            "jd": 2459813.7694097,
            "fid": 2,
            "diffmaglim": 20.506999969482422
        },
        {
            "jd": 2459813.8185648,
            "fid": 1,
            "diffmaglim": 20.58799934387207
        },
        {
            "jd": 2459815.7589931,
            "fid": 1,
            "diffmaglim": 20.614200592041016
        },
        {
            "jd": 2459815.8011458,
            "fid": 2,
            "diffmaglim": 20.650699615478516
        },
        {
            "jd": 2459819.7560995,
            "fid": 2,
            "diffmaglim": 20.644100189208984
        },
        {
            "jd": 2459821.7589236,
            "fid": 2,
            "diffmaglim": 20.666500091552734
        },
        {
            "jd": 2459823.832037,
            "fid": 1,
            "diffmaglim": 20.308900833129883
        },
        {
            "jd": 2459823.8441088,
            "fid": 2,
            "diffmaglim": 20.346200942993164
        },
        {
            "jd": 2459825.8085648,
            "fid": 1,
            "diffmaglim": 20.5044002532959
        },
        {
            "jd": 2459825.8443403,
            "fid": 2,
            "diffmaglim": 20.36319923400879
        },
        {
            "jd": 2459827.7887269,
            "fid": 1,
            "diffmaglim": 20.169700622558594
        },
        {
            "jd": 2459827.8317824,
            "fid": 2,
            "diffmaglim": 19.65019989013672
        },
        {
            "jd": 2459859.7335417,
            "fid": 2,
            "diffmaglim": 19.650999069213867
        },
        {
            "jd": 2459861.7592245,
            "fid": 2,
            "diffmaglim": 19.475900650024414
        },
        {
            "jd": 2459863.7156944,
            "fid": 2,
            "diffmaglim": 19.43120002746582
        },
        {
            "jd": 2459865.7149884,
            "fid": 1,
            "diffmaglim": 19.901100158691406
        }
    ],
    "forcedphot": []
}