{
    "objectId": "ZTF19aacypbw",
    "candidates": [
        {
            "candid": 739493191715010000,
            "jd": 2458493.9931944,
            "ra": 194.2016297,
            "dec": 3.89095,
            "fid": 2,
            "nid": 739,
            "magpsf": 20.11870002746582,
            "sigmapsf": 0.13377100229263306,
            "magnr": 18.333999633789062,
            "sigmagnr": 0.061000000685453415,
            "magzpsci": 26.19569969177246,
            "isdiffpos": "f",
            "ssdistnr": -999.0,
            "ssnamenr": "null",
            "drb": null
        },
        {
            "candid": 770461081715010003,
            "jd": 2458524.961088,
            "ra": 194.2016285,
            "dec": 3.8908669,
            "fid": 2,
            "nid": 770,
            "magpsf": 20.491899490356445,
            "sigmapsf": 0.3050850033760071,
            "magnr": 18.333999633789062,
            "sigmagnr": 0.061000000685453415,
            "magzpsci": 26.17490005493164,
            "isdiffpos": "f",
            "ssdistnr": -999.0,
            "ssnamenr": "-999.0",
            "drb": null
        },
        {
            "candid": 793312121715010000,
            "jd": 2458547.8121296,
            "ra": 194.2016114,
            "dec": 3.8909332,
            "fid": 2,
            "nid": 793,
            "magpsf": 20.25510025024414,
            "sigmapsf": 0.21368999779224396,
            "magnr": 18.333999633789062,
            "sigmagnr": 0.061000000685453415,
            "magzpsci": 26.168100357055664,
            "isdiffpos": "f",
            "ssdistnr": -999.0,
            "ssnamenr": "null",
            "drb": null
        },
        {
            "candid": 842273101715010002,
            "jd": 2458596.7731019,
            "ra": 194.2015679,
            "dec": 3.8909175,
            "fid": 2,
            "nid": 842,
            "magpsf": 20.1343994140625,
            "sigmapsf": 0.33115801215171814,
            "magnr": 18.333999633789062,
            "sigmagnr": 0.061000000685453415,
            "magzpsci": 26.150400161743164,
            "isdiffpos": "f",
            "ssdistnr": -999.0,
            "ssnamenr": "-999.0",
            "drb": null
        },
        {
            "candid": 846275241715010004,
            "jd": 2458600.7752431,
            "ra": 194.2015651,
            "dec": 3.8908526,
            "fid": 2,
            "nid": 846,
            "magpsf": 20.192899703979492,
            "sigmapsf": 0.2265630066394806,
            "magnr": 18.333999633789062,
            "sigmagnr": 0.061000000685453415,
            "magzpsci": 26.146900177001953,
            "isdiffpos": "f",
            "ssdistnr": -999.0,
            "ssnamenr": "-999.0",
            "drb": null
        },
        {
            "candid": 852209441715010001,
            "jd": 2458606.7094444,
            "ra": 194.2015718,
            "dec": 3.8908809,
            "fid": 2,
            "nid": 852,
            "magpsf": 20.28969955444336,
            "sigmapsf": 0.24141299724578857,
            "magnr": 18.333999633789062,
            "sigmagnr": 0.061000000685453415,
            "magzpsci": 26.114700317382812,
            "isdiffpos": "f",
            "ssdistnr": -999.0,
            "ssnamenr": "-999.0",
            "drb": null
        },
        {
            "candid": 858168711715010005,
            "jd": 2458612.6687153,
            "ra": 194.2015945,
            "dec": 3.8909442,
            "fid": 1,
            "nid": 858,
            "magpsf": 20.65489959716797,
            "sigmapsf": 0.24570199847221375,
            "magnr": 19.042999267578125,
            "sigmagnr": 0.07500000298023224,
            "magzpsci": 26.078899383544922,
            "isdiffpos": "f",
            "ssdistnr": -999.0,
            "ssnamenr": "-999.0",
            "drb": null
        },
        {
            "candid": 858210671715010010,
            "jd": 2458612.7106713,
            "ra": 194.2015728,
            "dec": 3.8909607,
            "fid": 2,
            "nid": 858,
            "magpsf": 20.175199508666992,
            "sigmapsf": 0.20989100635051727,
            "magnr": 18.333999633789062,
            "sigmagnr": 0.061000000685453415,
            "magzpsci": 26.101200103759766,
            "isdiffpos": "f",
            "ssdistnr": -999.0,
            "ssnamenr": "null",
            "drb": null
        },
        {
            "candid": 1121502091715010020,
            "jd": 2458876.0020949,
            "ra": 194.2015912,
            "dec": 3.8908196,
            "fid": 2,
            "nid": 1121,
            "magpsf": 20.212299346923828,
            "sigmapsf": 0.29314300417900085,
            "magnr": 18.333999633789062,
            "sigmagnr": 0.061000000685453415,
            "magzpsci": 26.230300903320312,
            "isdiffpos": "f",
            "ssdistnr": -999.0,
            "ssnamenr": "-999.0",
            "drb": null
        },
        {
            "candid": 1127459661715010009,
            "jd": 2458881.9596644,
            "ra": 194.2015818,
            "dec": 3.89093,
            "fid": 1,
            "nid": 1127,
            "magpsf": 20.765399932861328,
            "sigmapsf": 0.32149800658226013,
            "magnr": 19.042999267578125,
            "sigmagnr": 0.07500000298023224,
            "magzpsci": 26.245399475097656,
            "isdiffpos": "f",
            "ssdistnr": -999.0,
            "ssnamenr": "-999.0",
            "drb": null
        },
        {
            "candid": 1130518531715010005,
            "jd": 2458885.0185301,
            "ra": 194.2015781,
            "dec": 3.890745,
            "fid": 2,
            "nid": 1130,
            "magpsf": 20.120899200439453,
            "sigmapsf": 0.29821398854255676,
            "magnr": 18.333999633789062,
            "sigmagnr": 0.061000000685453415,
            "magzpsci": 26.232900619506836,
            "isdiffpos": "f",
            "ssdistnr": -999.0,
            "ssnamenr": "-999.0",
            "drb": null
        },
        {
            "candid": 1144358501715010003,
            "jd": 2458898.8585069,
            "ra": 194.2016206,
            "dec": 3.8909113,
            "fid": 2,
            "nid": 1144,
            "magpsf": 20.108299255371094,
            "sigmapsf": 0.18929000198841095,
            "magnr": 18.333999633789062,
            "sigmagnr": 0.061000000685453415,
            "magzpsci": 26.200300216674805,
            "isdiffpos": "f",
            "ssdistnr": -999.0,
            "ssnamenr": "null",
            "drb": 0.9992910027503967
        },
        {
            "candid": 1182399311715010006,
            "jd": 2458936.8993171,
            "ra": 194.2015573,
            "dec": 3.8908169,
            "fid": 2,
            "nid": 1182,
            "magpsf": 20.106700897216797,
            "sigmapsf": 0.21289800107479095,
            "magnr": 18.333999633789062,
            "sigmagnr": 0.061000000685453415,
            "magzpsci": 26.192699432373047,
            "isdiffpos": "f",
            "ssdistnr": -999.0,
            "ssnamenr": "null",
            "drb": 0.9983180165290833
        },
        {
            "candid": 1200254441715010008,
            "jd": 2458954.7544444,
            "ra": 194.2016414,
            "dec": 3.8908997,
            "fid": 2,
            "nid": 1200,
            "magpsf": 20.13640022277832,
            "sigmapsf": 0.1952189952135086,
            "magnr": 18.333999633789062,
            "sigmagnr": 0.061000000685453415,
            "magzpsci": 26.1653995513916,
            "isdiffpos": "f",
            "ssdistnr": -999.0,
            "ssnamenr": "null",
            "drb": 0.9999390244483948
        },
        {
            "candid": 1201270061715010011,
            "jd": 2458955.7700694,
            "ra": 194.2015195,
            "dec": 3.8908797,
            "fid": 2,
            "nid": 1201,
            "magpsf": 20.022899627685547,
            "sigmapsf": 0.20889799296855927,
            "magnr": 18.333999633789062,
            "sigmagnr": 0.061000000685453415,
            "magzpsci": 26.197900772094727,
            "isdiffpos": "f",
            "ssdistnr": -999.0,
            "ssnamenr": "null",
            "drb": 0.9939479827880859
        },
        {
            "candid": 1214201311715010003,
            "jd": 2458968.7013194,
            "ra": 194.201579,
            "dec": 3.8908976,
            "fid": 2,
            "nid": 1214,
            "magpsf": 20.209800720214844,
            "sigmapsf": 0.27943098545074463,
            "magnr": 18.333999633789062,
            "sigmagnr": 0.061000000685453415,
            "magzpsci": 26.22879981994629,
            "isdiffpos": "f",
            "ssdistnr": -999.0,
            "ssnamenr": "-999.0",
            "drb": null
        },
        {
            "candid": 1241246851715010004,
            "jd": 2458995.7468519,
            "ra": 194.2015777,
            "dec": 3.8909129,
            "fid": 2,
            "nid": 1241,
            "magpsf": 20.0575008392334,
            "sigmapsf": 0.1687690019607544,
            "magnr": 18.333999633789062,
            "sigmagnr": 0.061000000685453415,
            "magzpsci": 26.219499588012695,
            "isdiffpos": "f",
            "ssdistnr": -999.0,
            "ssnamenr": "null",
            "drb": 0.9997079968452454
        },
        {
            "candid": 2650375421715010010,
            "jd": 2460404.8754282,
            "ra": 194.2014952,
            "dec": 3.890863,
            "fid": 2,
            "nid": 2650,
            "magpsf": 20.072599411010742,
            "sigmapsf": 0.22808900475502014,
            "magnr": 18.333999633789062,
            "sigmagnr": 0.061000000685453415,
            "magzpsci": 26.265600204467773,
            "isdiffpos": "f",
            "ssdistnr": null,
            "ssnamenr": null,
            "drb": null
        },
        {
            "candid": 2655184021715010052,
            "jd": 2460409.6840278,
            "ra": 194.2016273,
            "dec": 3.8908092,
            "fid": 2,
            "nid": 2655,
            "magpsf": 20.22170066833496,
            "sigmapsf": 0.10072299838066101,
            "magnr": 18.333999633789062,
            "sigmagnr": 0.061000000685453415,
            "magzpsci": 28.43269920349121,
            "isdiffpos": "f",
            "ssdistnr": null,
            "ssnamenr": null,
            "drb": null
        },
        {
            "candid": 2656344161715010039,
            "jd": 2460410.8441667,
            "ra": 194.2015883,
            "dec": 3.8908099,
            "fid": 2,
            "nid": 2656,
            "magpsf": 20.143800735473633,
            "sigmapsf": 0.07764600217342377,
            "magnr": 18.333999633789062,
            "sigmagnr": 0.061000000685453415,
            "magzpsci": 28.50079917907715,
            "isdiffpos": "f",
            "ssdistnr": null,
            "ssnamenr": null,
            "drb": null
        },
        {
            "candid": 2656368631715010031,
            "jd": 2460410.8686343,
            "ra": 194.2015716,
            "dec": 3.8908594,
            "fid": 1,
            "nid": 2656,
            "magpsf": 20.8617000579834,
            "sigmapsf": 0.16279800236225128,
            "magnr": 19.042999267578125,
            "sigmagnr": 0.07500000298023224,
            "magzpsci": 28.514699935913086,
            "isdiffpos": "f",
            "ssdistnr": null,
            "ssnamenr": null,
            "drb": null
        },
        {
            "candid": 2657307931715010046,
            "jd": 2460411.8079398,
            "ra": 194.2015971,
            "dec": 3.8908461,
            "fid": 2,
            "nid": 2657,
            "magpsf": 20.1466007232666,
            "sigmapsf": 0.08299200236797333,
            "magnr": 18.333999633789062,
            "sigmagnr": 0.061000000685453415,
            "magzpsci": 28.491600036621094,
            "isdiffpos": "f",
            "ssdistnr": null,
            "ssnamenr": null,
            "drb": null
        },
        {
            "candid": 2657341361715010032,
            "jd": 2460411.8413657,
            "ra": 194.2016326,
            "dec": 3.890886,
            "fid": 1,
            "nid": 2657,
            "magpsf": 20.868799209594727,
            "sigmapsf": 0.18073399364948273,
            "magnr": 19.042999267578125,
            "sigmagnr": 0.07500000298023224,
            "magzpsci": 28.519800186157227,
            "isdiffpos": "f",
            "ssdistnr": null,
            "ssnamenr": null,
            "drb": null
        },
        {
            "candid": 2659361311715010009,
            "jd": 2460413.8613194,
            "ra": 194.2015552,
            "dec": 3.8908578,
            "fid": 2,
            "nid": 2659,
            "magpsf": 20.090999603271484,
            "sigmapsf": 0.2069849967956543,
            "magnr": 18.333999633789062,
            "sigmagnr": 0.061000000685453415,
            "magzpsci": 26.23900032043457,
            "isdiffpos": "f",
            "ssdistnr": null,
            "ssnamenr": null,
            "drb": null
        },
        {
            "candid": 2675227171715010006,
            "jd": 2460429.7271759,
            "ra": 194.2015532,
            "dec": 3.8908336,
            "fid": 2,
            "nid": 2675,
            "magpsf": 20.315000534057617,
            "sigmapsf": 0.2619880139827728,
            "magnr": 18.333999633789062,
            "sigmagnr": 0.061000000685453415,
            "magzpsci": 26.22800064086914,
            "isdiffpos": "f",
            "ssdistnr": null,
            "ssnamenr": null,
            "drb": null
        },
        {
            "candid": 2683247921715010004,
            "jd": 2460437.7479282,
            "ra": 194.2015125,
            "dec": 3.8908625,
            "fid": 2,
            "nid": 2683,
            "magpsf": 20.09950065612793,
            "sigmapsf": 0.19624699652194977,
            "magnr": 18.333999633789062,
            "sigmagnr": 0.061000000685453415,
            "magzpsci": 26.263500213623047,
            "isdiffpos": "f",
            "ssdistnr": null,
            "ssnamenr": null,
            "drb": null
        },
        {
            "candid": 2684250181715010006,
            "jd": 2460438.7501852,
            "ra": 194.2015744,
            "dec": 3.8908859,
            "fid": 2,
            "nid": 2684,
            "magpsf": 19.922399520874023,
            "sigmapsf": 0.21352200210094452,
            "magnr": 18.333999633789062,
            "sigmagnr": 0.061000000685453415,
            "magzpsci": 26.227399826049805,
            "isdiffpos": "f",
            "ssdistnr": null,
            "ssnamenr": null,
            "drb": null
        },
        {
            "candid": 2685268261715010010,
            "jd": 2460439.7682639,
            "ra": 194.2015431,
            "dec": 3.8908321,
            "fid": 2,
            "nid": 2685,
            "magpsf": 20.17020034790039,
            "sigmapsf": 0.2550390064716339,
            "magnr": 18.333999633789062,
            "sigmagnr": 0.061000000685453415,
            "magzpsci": 26.178199768066406,
            "isdiffpos": "f",
            "ssdistnr": null,
            "ssnamenr": null,
            "drb": null
        },
        {
            "candid": 2689246141715010003,
            "jd": 2460443.7461458,
            "ra": 194.2015517,
            "dec": 3.890828,
            "fid": 2,
            "nid": 2689,
            "magpsf": 19.97410011291504,
            "sigmapsf": 0.22806300222873688,
            "magnr": 18.333999633789062,
            "sigmagnr": 0.061000000685453415,
            "magzpsci": 26.227100372314453,
            "isdiffpos": "f",
            "ssdistnr": null,
            "ssnamenr": null,
            "drb": null
        },
        {
            "candid": 2707288791715010005,
            "jd": 2460461.7887963,
            "ra": 194.2016529,
            "dec": 3.8908304,
            "fid": 2,
            "nid": 2707,
            "magpsf": 20.16954231262207,
            "sigmapsf": 0.18776105344295502,
            "magnr": 18.333999633789062,
            "sigmagnr": 0.061000000685453415,
            "magzpsci": 26.178543090820312,
            "isdiffpos": "f",
            "ssdistnr": -999.0,
            "ssnamenr": "null",
            "drb": null
        },
        {
            "jd": 2458466.02089,
            "fid": 2,
            "diffmaglim": 20.111000061035156
        },
        {
            "jd": 2458466.04453,
            "fid": 1,
            "diffmaglim": 20.510000228881836
        },
        {
            "jd": 2458469.02409,
            "fid": 2,
            "diffmaglim": 20.2810001373291
        },
        {
            "jd": 2458472.02028,
            "fid": 1,
            "diffmaglim": 20.32900047302246
        },
        {
            "jd": 2458474.98213,
            "fid": 2,
            "diffmaglim": 19.30900001525879
        },
        {
            "jd": 2458476.98831,
            "fid": 2,
            "diffmaglim": 19.735000610351562
        },
        {
            "jd": 2458488.02045,
            "fid": 1,
            "diffmaglim": 20.555999755859375
        },
        {
            "jd": 2458491.99838,
            "fid": 1,
            "diffmaglim": 20.341999053955078
        },
        {
            "jd": 2458539.85573,
            "fid": 2,
            "diffmaglim": 19.621999740600586
        },
        {
            "jd": 2458539.8799,
            "fid": 1,
            "diffmaglim": 19.493000030517578
        },
        {
            "jd": 2458543.85809,
            "fid": 2,
            "diffmaglim": 19.922000885009766
        },
        {
            "jd": 2458543.87968,
            "fid": 1,
            "diffmaglim": 19.05900001525879
        },
        {
            "jd": 2458583.79828,
            "fid": 2,
            "diffmaglim": 19.823999404907227
        },
        {
            "jd": 2458586.75748,
            "fid": 1,
            "diffmaglim": 20.06800079345703
        },
        {
            "jd": 2458589.75569,
            "fid": 2,
            "diffmaglim": 19.238000869750977
        },
        {
            "jd": 2458593.75161,
            "fid": 2,
            "diffmaglim": 19.15399932861328
        },
        {
            "jd": 2458596.7116,
            "fid": 1,
            "diffmaglim": 20.340999603271484
        },
        {
            "jd": 2458600.73089,
            "fid": 1,
            "diffmaglim": 20.417999267578125
        },
        {
            "jd": 2458609.70985,
            "fid": 1,
            "diffmaglim": 20.461999893188477
        },
        {
            "jd": 2458908.83912,
            "fid": 1,
            "diffmaglim": 20.208999633789062
        },
        {
            "jd": 2458908.95465,
            "fid": 2,
            "diffmaglim": 20.43899917602539
        },
        {
            "jd": 2458911.94863,
            "fid": 2,
            "diffmaglim": 20.101999282836914
        },
        {
            "jd": 2458914.90539,
            "fid": 2,
            "diffmaglim": 19.091999053955078
        },
        {
            "jd": 2458936.81201,
            "fid": 1,
            "diffmaglim": 20.458999633789062
        },
        {
            "jd": 2458965.79079,
            "fid": 2,
            "diffmaglim": 20.488000869750977
        },
        {
            "jd": 2458968.77144,
            "fid": 1,
            "diffmaglim": 20.47599983215332
        },
        {
            "jd": 2458971.75115,
            "fid": 1,
            "diffmaglim": 19.976999282836914
        },
        {
            "jd": 2458975.8831,
            "fid": 2,
            "diffmaglim": 18.964000701904297
        },
        {
            "jd": 2458978.75468,
            "fid": 2,
            "diffmaglim": 19.885000228881836
        },
        {
            "jd": 2458985.70878,
            "fid": 1,
            "diffmaglim": 20.604999542236328
        },
        {
            "jd": 2458992.69134,
            "fid": 1,
            "diffmaglim": 20.628999710083008
        },
        {
            "jd": 2458992.73287,
            "fid": 2,
            "diffmaglim": 20.540000915527344
        },
        {
            "jd": 2460379.7913542,
            "fid": 1,
            "diffmaglim": 20.249300003051758
        },
        {
            "jd": 2460388.894537,
            "fid": 2,
            "diffmaglim": 20.024900436401367
        },
        {
            "jd": 2460388.9002315,
            "fid": 1,
            "diffmaglim": 20.08049964904785
        },
        {
            "jd": 2460391.7921412,
            "fid": 2,
            "diffmaglim": 19.777599334716797
        },
        {
            "jd": 2460391.806169,
            "fid": 1,
            "diffmaglim": 19.593700408935547
        },
        {
            "jd": 2460396.8472222,
            "fid": 1,
            "diffmaglim": 19.12070083618164
        },
        {
            "jd": 2460398.7991898,
            "fid": 1,
            "diffmaglim": 19.643400192260742
        },
        {
            "jd": 2460398.8781366,
            "fid": 2,
            "diffmaglim": 19.59000015258789
        },
        {
            "jd": 2460404.8117245,
            "fid": 1,
            "diffmaglim": 20.434900283813477
        },
        {
            "jd": 2460408.8127315,
            "fid": 1,
            "diffmaglim": 20.48349952697754
        },
        {
            "jd": 2460408.8574884,
            "fid": 2,
            "diffmaglim": 20.36280059814453
        },
        {
            "jd": 2460409.7349306,
            "fid": 1,
            "diffmaglim": 20.70509910583496
        },
        {
            "jd": 2460409.8340162,
            "fid": 3,
            "diffmaglim": 20.614099502563477
        },
        {
            "jd": 2460410.9135301,
            "fid": 3,
            "diffmaglim": 20.42930030822754
        },
        {
            "jd": 2460411.8840162,
            "fid": 3,
            "diffmaglim": 20.601699829101562
        },
        {
            "jd": 2460413.7983912,
            "fid": 1,
            "diffmaglim": 20.610000610351562
        },
        {
            "jd": 2460417.7729514,
            "fid": 2,
            "diffmaglim": 20.02440071105957
        },
        {
            "jd": 2460417.837419,
            "fid": 1,
            "diffmaglim": 19.880699157714844
        },
        {
            "jd": 2460419.7523727,
            "fid": 2,
            "diffmaglim": 19.948400497436523
        },
        {
            "jd": 2460419.7781829,
            "fid": 1,
            "diffmaglim": 19.857200622558594
        },
        {
            "jd": 2460423.8761111,
            "fid": 1,
            "diffmaglim": 18.93079948425293
        },
        {
            "jd": 2460423.909919,
            "fid": 2,
            "diffmaglim": 19.004199981689453
        },
        {
            "jd": 2460429.7915394,
            "fid": 1,
            "diffmaglim": 20.523700714111328
        },
        {
            "jd": 2460431.7702778,
            "fid": 2,
            "diffmaglim": 20.574600219726562
        },
        {
            "jd": 2460431.8043519,
            "fid": 1,
            "diffmaglim": 20.575000762939453
        },
        {
            "jd": 2460433.768125,
            "fid": 1,
            "diffmaglim": 20.658899307250977
        },
        {
            "jd": 2460437.6932176,
            "fid": 3,
            "diffmaglim": 19.944799423217773
        },
        {
            "jd": 2460437.7905208,
            "fid": 1,
            "diffmaglim": 20.293100357055664
        },
        {
            "jd": 2460438.6859144,
            "fid": 3,
            "diffmaglim": 19.78809928894043
        },
        {
            "jd": 2460438.7976273,
            "fid": 1,
            "diffmaglim": 20.459299087524414
        },
        {
            "jd": 2460439.7995139,
            "fid": 1,
            "diffmaglim": 20.155099868774414
        },
        {
            "jd": 2460441.7454977,
            "fid": 2,
            "diffmaglim": 20.267900466918945
        },
        {
            "jd": 2460441.8172569,
            "fid": 1,
            "diffmaglim": 20.044099807739258
        },
        {
            "jd": 2460443.7961111,
            "fid": 1,
            "diffmaglim": 20.146900177001953
        },
        {
            "jd": 2460445.7762847,
            "fid": 1,
            "diffmaglim": 20.08989906311035
        },
        {
            "jd": 2460447.755706,
            "fid": 1,
            "diffmaglim": 19.760299682617188
        },
        {
            "jd": 2460447.8167593,
            "fid": 2,
            "diffmaglim": 19.668500900268555
        },
        {
            "jd": 2460451.7307755,
            "fid": 1,
            "diffmaglim": 19.093299865722656
        },
        {
            "jd": 2460451.8200579,
            "fid": 2,
            "diffmaglim": 18.791099548339844
        },
        {
            "jd": 2460455.7750231,
            "fid": 2,
            "diffmaglim": 19.63249969482422
        },
        {
            "jd": 2460457.7500116,
            "fid": 1,
            "diffmaglim": 20.447599411010742
        },
        {
            "jd": 2460457.8105093,
            "fid": 2,
            "diffmaglim": 19.910200119018555
        },
        {
            "jd": 2460459.7356713,
            "fid": 1,
            "diffmaglim": 20.571300506591797
        },
        {
            "jd": 2460459.8398843,
            "fid": 2,
            "diffmaglim": 20.009899139404297
        },
        {
            "jd": 2460461.7356829,
            "fid": 1,
            "diffmaglim": 20.434799194335938
        }
    ],
    "forcedphot": [
        {
            "objectid": "ZTF19aacypbw",
            "jd": 2460379.7913542,
            "ranr": 194.2015146,
            "decnr": 3.8908975,
            "fid": 1,
            "forcediffimflux": -113.11185455322266,
            "forcediffimfluxunc": 24.53812599182129,
            "magzpsci": 26.048999786376953
        },
        {
            "objectid": "ZTF19aacypbw",
            "jd": 2460388.894537,
            "ranr": 194.2014958,
            "decnr": 3.8908898,
            "fid": 2,
            "forcediffimflux": -280.87091064453125,
            "forcediffimfluxunc": 36.77788162231445,
            "magzpsci": 26.261999130249023
        },
        {
            "objectid": "ZTF19aacypbw",
            "jd": 2460388.9002315,
            "ranr": 194.2015146,
            "decnr": 3.8908975,
            "fid": 1,
            "forcediffimflux": -173.43397521972656,
            "forcediffimfluxunc": 37.23370361328125,
            "magzpsci": 26.26140022277832
        },
        {
            "objectid": "ZTF19aacypbw",
            "jd": 2460391.7921412,
            "ranr": 194.2014958,
            "decnr": 3.8908898,
            "fid": 2,
            "forcediffimflux": -322.6933898925781,
            "forcediffimfluxunc": 50.43712615966797,
            "magzpsci": 26.241600036621094
        },
        {
            "objectid": "ZTF19aacypbw",
            "jd": 2460391.806169,
            "ranr": 194.2015146,
            "decnr": 3.8908975,
            "fid": 1,
            "forcediffimflux": -39.861061096191406,
            "forcediffimfluxunc": 60.10905075073242,
            "magzpsci": 26.254199981689453
        },
        {
            "objectid": "ZTF19aacypbw",
            "jd": 2460396.8472222,
            "ranr": 194.2015146,
            "decnr": 3.8908975,
            "fid": 1,
            "forcediffimflux": 51.63286590576172,
            "forcediffimfluxunc": 91.77005767822266,
            "magzpsci": 26.26799964904785
        },
        {
            "objectid": "ZTF19aacypbw",
            "jd": 2460398.7991898,
            "ranr": 194.2015146,
            "decnr": 3.8908975,
            "fid": 1,
            "forcediffimflux": -51.92991256713867,
            "forcediffimfluxunc": 55.4744987487793,
            "magzpsci": 26.251399993896484
        },
        {
            "objectid": "ZTF19aacypbw",
            "jd": 2460398.8781366,
            "ranr": 194.2014958,
            "decnr": 3.8908898,
            "fid": 2,
            "forcediffimflux": -289.52069091796875,
            "forcediffimfluxunc": 58.85380554199219,
            "magzpsci": 26.25909996032715
        },
        {
            "objectid": "ZTF19aacypbw",
            "jd": 2460404.8117245,
            "ranr": 194.2015146,
            "decnr": 3.8908975,
            "fid": 1,
            "forcediffimflux": -119.2237319946289,
            "forcediffimfluxunc": 26.2386474609375,
            "magzpsci": 26.27549934387207
        },
        {
            "objectid": "ZTF19aacypbw",
            "jd": 2460404.8754282,
            "ranr": 194.2014958,
            "decnr": 3.8908898,
            "fid": 2,
            "forcediffimflux": -305.3475646972656,
            "forcediffimfluxunc": 25.39136505126953,
            "magzpsci": 26.265600204467773
        },
        {
            "objectid": "ZTF19aacypbw",
            "jd": 2460408.8127315,
            "ranr": 194.2015146,
            "decnr": 3.8908975,
            "fid": 1,
            "forcediffimflux": -119.05252075195312,
            "forcediffimfluxunc": 23.072343826293945,
            "magzpsci": 26.242700576782227
        },
        {
            "objectid": "ZTF19aacypbw",
            "jd": 2460408.8574884,
            "ranr": 194.2014958,
            "decnr": 3.8908898,
            "fid": 2,
            "forcediffimflux": -228.79832458496094,
            "forcediffimfluxunc": 25.7720947265625,
            "magzpsci": 26.22010040283203
        },
        {
            "objectid": "ZTF19aacypbw",
            "jd": 2460409.6840278,
            "ranr": 194.2014958,
            "decnr": 3.8908898,
            "fid": 2,
            "forcediffimflux": -1841.92041015625,
            "forcediffimfluxunc": 127.42487335205078,
            "magzpsci": 28.43269920349121
        },
        {
            "objectid": "ZTF19aacypbw",
            "jd": 2460409.7349306,
            "ranr": 194.2015146,
            "decnr": 3.8908975,
            "fid": 1,
            "forcediffimflux": -891.3241577148438,
            "forcediffimfluxunc": 145.33912658691406,
            "magzpsci": 28.48150062561035
        },
        {
            "objectid": "ZTF19aacypbw",
            "jd": 2460409.8340162,
            "ranr": 194.2014858,
            "decnr": 3.8909234,
            "fid": 3,
            "forcediffimflux": -419.07232666015625,
            "forcediffimfluxunc": 126.62741088867188,
            "magzpsci": 28.199800491333008
        },
        {
            "objectid": "ZTF19aacypbw",
            "jd": 2460410.8441667,
            "ranr": 194.2014958,
            "decnr": 3.8908898,
            "fid": 2,
            "forcediffimflux": -2126.43115234375,
            "forcediffimfluxunc": 109.04521942138672,
            "magzpsci": 28.50079917907715
        },
        {
            "objectid": "ZTF19aacypbw",
            "jd": 2460410.8686343,
            "ranr": 194.2015146,
            "decnr": 3.8908975,
            "fid": 1,
            "forcediffimflux": -1132.44921875,
            "forcediffimfluxunc": 112.38739776611328,
            "magzpsci": 28.514699935913086
        },
        {
            "objectid": "ZTF19aacypbw",
            "jd": 2460410.9135301,
            "ranr": 194.2014858,
            "decnr": 3.8909234,
            "fid": 3,
            "forcediffimflux": -438.6820373535156,
            "forcediffimfluxunc": 150.1271209716797,
            "magzpsci": 28.192800521850586
        },
        {
            "objectid": "ZTF19aacypbw",
            "jd": 2460411.8079398,
            "ranr": 194.2014958,
            "decnr": 3.8908898,
            "fid": 2,
            "forcediffimflux": -2151.554443359375,
            "forcediffimfluxunc": 94.86190795898438,
            "magzpsci": 28.491600036621094
        },
        {
            "objectid": "ZTF19aacypbw",
            "jd": 2460411.8413657,
            "ranr": 194.2015146,
            "decnr": 3.8908975,
            "fid": 1,
            "forcediffimflux": -1035.0789794921875,
            "forcediffimfluxunc": 127.86259460449219,
            "magzpsci": 28.519800186157227
        },
        {
            "objectid": "ZTF19aacypbw",
            "jd": 2460411.8840162,
            "ranr": 194.2014858,
            "decnr": 3.8909234,
            "fid": 3,
            "forcediffimflux": -474.2575988769531,
            "forcediffimfluxunc": 128.59567260742188,
            "magzpsci": 28.18720054626465
        },
        {
            "objectid": "ZTF19aacypbw",
            "jd": 2460413.7983912,
            "ranr": 194.2015146,
            "decnr": 3.8908975,
            "fid": 1,
            "forcediffimflux": -130.70611572265625,
            "forcediffimfluxunc": 22.602460861206055,
            "magzpsci": 26.246299743652344
        },
        {
            "objectid": "ZTF19aacypbw",
            "jd": 2460413.8613194,
            "ranr": 194.2014958,
            "decnr": 3.8908898,
            "fid": 2,
            "forcediffimflux": -299.15533447265625,
            "forcediffimfluxunc": 24.391443252563477,
            "magzpsci": 26.23900032043457
        },
        {
            "objectid": "ZTF19aacypbw",
            "jd": 2460417.7729514,
            "ranr": 194.2014958,
            "decnr": 3.8908898,
            "fid": 2,
            "forcediffimflux": -236.83763122558594,
            "forcediffimfluxunc": 34.0200309753418,
            "magzpsci": 26.249799728393555
        },
        {
            "objectid": "ZTF19aacypbw",
            "jd": 2460417.837419,
            "ranr": 194.2015146,
            "decnr": 3.8908975,
            "fid": 1,
            "forcediffimflux": -86.06037902832031,
            "forcediffimfluxunc": 40.82998275756836,
            "magzpsci": 26.210899353027344
        },
        {
            "objectid": "ZTF19aacypbw",
            "jd": 2460419.7523727,
            "ranr": 194.2014958,
            "decnr": 3.8908898,
            "fid": 2,
            "forcediffimflux": -287.7838134765625,
            "forcediffimfluxunc": 42.351417541503906,
            "magzpsci": 26.270599365234375
        },
        {
            "objectid": "ZTF19aacypbw",
            "jd": 2460419.7781829,
            "ranr": 194.2015146,
            "decnr": 3.8908975,
            "fid": 1,
            "forcediffimflux": -119.47077941894531,
            "forcediffimfluxunc": 49.5776252746582,
            "magzpsci": 26.265300750732422
        },
        {
            "objectid": "ZTF19aacypbw",
            "jd": 2460423.8761111,
            "ranr": 194.2015146,
            "decnr": 3.8908975,
            "fid": 1,
            "forcediffimflux": -234.11016845703125,
            "forcediffimfluxunc": 108.73050689697266,
            "magzpsci": 26.20829963684082
        },
        {
            "objectid": "ZTF19aacypbw",
            "jd": 2460423.909919,
            "ranr": 194.2014958,
            "decnr": 3.8908898,
            "fid": 2,
            "forcediffimflux": -478.7662658691406,
            "forcediffimfluxunc": 98.34911346435547,
            "magzpsci": 26.24959945678711
        },
        {
            "objectid": "ZTF19aacypbw",
            "jd": 2460429.7271759,
            "ranr": 194.2014958,
            "decnr": 3.8908898,
            "fid": 2,
            "forcediffimflux": -258.2129211425781,
            "forcediffimfluxunc": 29.49538230895996,
            "magzpsci": 26.22800064086914
        },
        {
            "objectid": "ZTF19aacypbw",
            "jd": 2460429.7915394,
            "ranr": 194.2015146,
            "decnr": 3.8908975,
            "fid": 1,
            "forcediffimflux": -148.4960479736328,
            "forcediffimfluxunc": 22.540864944458008,
            "magzpsci": 26.259700775146484
        },
        {
            "objectid": "ZTF19aacypbw",
            "jd": 2460431.7702778,
            "ranr": 194.2014958,
            "decnr": 3.8908898,
            "fid": 2,
            "forcediffimflux": -99999.0,
            "forcediffimfluxunc": -99999.0,
            "magzpsci": 26.259300231933594
        },
        {
            "objectid": "ZTF19aacypbw",
            "jd": 2460431.8043519,
            "ranr": 194.2015146,
            "decnr": 3.8908975,
            "fid": 1,
            "forcediffimflux": -147.54014587402344,
            "forcediffimfluxunc": 23.965290069580078,
            "magzpsci": 26.28019905090332
        },
        {
            "objectid": "ZTF19aacypbw",
            "jd": 2460433.768125,
            "ranr": 194.2015146,
            "decnr": 3.8908975,
            "fid": 1,
            "forcediffimflux": -136.44277954101562,
            "forcediffimfluxunc": 20.0416202545166,
            "magzpsci": 26.18950080871582
        },
        {
            "objectid": "ZTF19aacypbw",
            "jd": 2460437.6932176,
            "ranr": 194.2014858,
            "decnr": 3.8909234,
            "fid": 3,
            "forcediffimflux": -86.30599212646484,
            "forcediffimfluxunc": 25.32550621032715,
            "magzpsci": 25.686899185180664
        },
        {
            "objectid": "ZTF19aacypbw",
            "jd": 2460437.7479282,
            "ranr": 194.2014958,
            "decnr": 3.8908898,
            "fid": 2,
            "forcediffimflux": -294.0509338378906,
            "forcediffimfluxunc": 26.0831356048584,
            "magzpsci": 26.263500213623047
        },
        {
            "objectid": "ZTF19aacypbw",
            "jd": 2460437.7905208,
            "ranr": 194.2015146,
            "decnr": 3.8908975,
            "fid": 1,
            "forcediffimflux": -143.34837341308594,
            "forcediffimfluxunc": 29.9831600189209,
            "magzpsci": 26.28569984436035
        },
        {
            "objectid": "ZTF19aacypbw",
            "jd": 2460438.6859144,
            "ranr": 194.2014858,
            "decnr": 3.8909234,
            "fid": 3,
            "forcediffimflux": -81.99397277832031,
            "forcediffimfluxunc": 27.870874404907227,
            "magzpsci": 25.693500518798828
        },
        {
            "objectid": "ZTF19aacypbw",
            "jd": 2460438.7501852,
            "ranr": 194.2014958,
            "decnr": 3.8908898,
            "fid": 2,
            "forcediffimflux": -332.36761474609375,
            "forcediffimfluxunc": 25.389978408813477,
            "magzpsci": 26.227399826049805
        },
        {
            "objectid": "ZTF19aacypbw",
            "jd": 2460438.7976273,
            "ranr": 194.2015146,
            "decnr": 3.8908975,
            "fid": 1,
            "forcediffimflux": -93.54883575439453,
            "forcediffimfluxunc": 21.215709686279297,
            "magzpsci": 26.221200942993164
        },
        {
            "objectid": "ZTF19aacypbw",
            "jd": 2460439.7682639,
            "ranr": 194.2014958,
            "decnr": 3.8908898,
            "fid": 2,
            "forcediffimflux": -255.04074096679688,
            "forcediffimfluxunc": 30.798358917236328,
            "magzpsci": 26.178199768066406
        },
        {
            "objectid": "ZTF19aacypbw",
            "jd": 2460439.7995139,
            "ranr": 194.2015146,
            "decnr": 3.8908975,
            "fid": 1,
            "forcediffimflux": -108.66444396972656,
            "forcediffimfluxunc": 30.160892486572266,
            "magzpsci": 26.149200439453125
        },
        {
            "objectid": "ZTF19aacypbw",
            "jd": 2460441.7454977,
            "ranr": 194.2014958,
            "decnr": 3.8908898,
            "fid": 2,
            "forcediffimflux": -221.2783966064453,
            "forcediffimfluxunc": 29.959394454956055,
            "magzpsci": 26.210500717163086
        },
        {
            "objectid": "ZTF19aacypbw",
            "jd": 2460441.8172569,
            "ranr": 194.2015146,
            "decnr": 3.8908975,
            "fid": 1,
            "forcediffimflux": -94.03014373779297,
            "forcediffimfluxunc": 33.79643249511719,
            "magzpsci": 26.180099487304688
        },
        {
            "objectid": "ZTF19aacypbw",
            "jd": 2460443.7461458,
            "ranr": 194.2014958,
            "decnr": 3.8908898,
            "fid": 2,
            "forcediffimflux": -313.160888671875,
            "forcediffimfluxunc": 25.41767692565918,
            "magzpsci": 26.227100372314453
        },
        {
            "objectid": "ZTF19aacypbw",
            "jd": 2460443.7961111,
            "ranr": 194.2015146,
            "decnr": 3.8908975,
            "fid": 1,
            "forcediffimflux": -148.43544006347656,
            "forcediffimfluxunc": 28.50768280029297,
            "magzpsci": 26.173900604248047
        },
        {
            "objectid": "ZTF19aacypbw",
            "jd": 2460445.7762847,
            "ranr": 194.2015146,
            "decnr": 3.8908975,
            "fid": 1,
            "forcediffimflux": -172.16543579101562,
            "forcediffimfluxunc": 36.748878479003906,
            "magzpsci": 26.216299057006836
        },
        {
            "objectid": "ZTF19aacypbw",
            "jd": 2460447.755706,
            "ranr": 194.2015146,
            "decnr": 3.8908975,
            "fid": 1,
            "forcediffimflux": -121.48777770996094,
            "forcediffimfluxunc": 55.04682159423828,
            "magzpsci": 26.242599487304688
        },
        {
            "objectid": "ZTF19aacypbw",
            "jd": 2460447.8167593,
            "ranr": 194.2014958,
            "decnr": 3.8908898,
            "fid": 2,
            "forcediffimflux": -254.75390625,
            "forcediffimfluxunc": 49.45072555541992,
            "magzpsci": 26.206600189208984
        },
        {
            "objectid": "ZTF19aacypbw",
            "jd": 2460451.7307755,
            "ranr": 194.2015146,
            "decnr": 3.8908975,
            "fid": 1,
            "forcediffimflux": -52.25742721557617,
            "forcediffimfluxunc": 93.50829315185547,
            "magzpsci": 26.2273006439209
        },
        {
            "objectid": "ZTF19aacypbw",
            "jd": 2460451.8200579,
            "ranr": 194.2014958,
            "decnr": 3.8908898,
            "fid": 2,
            "forcediffimflux": -273.6972351074219,
            "forcediffimfluxunc": 104.32561492919922,
            "magzpsci": 26.157699584960938
        },
        {
            "objectid": "ZTF19aacypbw",
            "jd": 2460455.7750231,
            "ranr": 194.2014958,
            "decnr": 3.8908898,
            "fid": 2,
            "forcediffimflux": -152.83399963378906,
            "forcediffimfluxunc": 55.26577377319336,
            "magzpsci": 26.21660041809082
        },
        {
            "objectid": "ZTF19aacypbw",
            "jd": 2460457.7500116,
            "ranr": 194.2015146,
            "decnr": 3.8908975,
            "fid": 1,
            "forcediffimflux": -125.88878631591797,
            "forcediffimfluxunc": 26.706764221191406,
            "magzpsci": 26.263200759887695
        },
        {
            "objectid": "ZTF19aacypbw",
            "jd": 2460457.8105093,
            "ranr": 194.2014958,
            "decnr": 3.8908898,
            "fid": 2,
            "forcediffimflux": -269.8322448730469,
            "forcediffimfluxunc": 35.83246612548828,
            "magzpsci": 26.178499221801758
        },
        {
            "objectid": "ZTF19aacypbw",
            "jd": 2460459.7356713,
            "ranr": 194.2015146,
            "decnr": 3.8908975,
            "fid": 1,
            "forcediffimflux": -167.69784545898438,
            "forcediffimfluxunc": 32.562992095947266,
            "magzpsci": 26.2539005279541
        },
        {
            "objectid": "ZTF19aacypbw",
            "jd": 2460459.8398843,
            "ranr": 194.2014958,
            "decnr": 3.8908898,
            "fid": 2,
            "forcediffimflux": -222.44932556152344,
            "forcediffimfluxunc": 34.559078216552734,
            "magzpsci": 26.136899948120117
        },
        {
            "objectid": "ZTF19aacypbw",
            "jd": 2460461.7356829,
            "ranr": 194.2015146,
            "decnr": 3.8908975,
            "fid": 1,
            "forcediffimflux": -129.8402557373047,
            "forcediffimfluxunc": 24.70211410522461,
            "magzpsci": 26.206199645996094
        }
    ]
}