{
    "objectId": "ZTF19acmelor",
    "candidates": [
        {
            "candid": 1035207445115015003,
            "jd": 2458789.7074421,
            "ra": 4.8053705,
            "dec": -14.3979108,
            "fid": 1,
            "nid": 1035,
            "magpsf": 19.59429931640625,
            "sigmapsf": 0.19135800004005432,
            "magnr": 21.349000930786133,
            "sigmagnr": 0.12700000405311584,
            "magzpsci": 26.027299880981445,
            "isdiffpos": "t",
            "ssdistnr": -999.0,
            "ssnamenr": "null",
            "drb": 0.9999439716339111
        },
        {
            "candid": 1038146935115015002,
            "jd": 2458792.6469329,
            "ra": 4.805297,
            "dec": -14.3977811,
            "fid": 2,
            "nid": 1038,
            "magpsf": 18.752700805664062,
            "sigmapsf": 0.12374600023031235,
            "magnr": 21.270000457763672,
            "sigmagnr": 0.16500000655651093,
            "magzpsci": 25.912700653076172,
            "isdiffpos": "t",
            "ssdistnr": -999.0,
            "ssnamenr": "null",
            "drb": 0.9949179887771606
        },
        {
            "candid": 1038190875115015004,
            "jd": 2458792.6908796,
            "ra": 4.8052956,
            "dec": -14.3978262,
            "fid": 1,
            "nid": 1038,
            "magpsf": 19.022199630737305,
            "sigmapsf": 0.13474799692630768,
            "magnr": 21.349000930786133,
            "sigmagnr": 0.12700000405311584,
            "magzpsci": 25.96820068359375,
            "isdiffpos": "t",
            "ssdistnr": -999.0,
            "ssnamenr": "null",
            "drb": 1.0
        },
        {
            "candid": 1043105565115015001,
            "jd": 2458797.6055671,
            "ra": 4.8053451,
            "dec": -14.3978174,
            "fid": 2,
            "nid": 1043,
            "magpsf": 18.14739990234375,
            "sigmapsf": 0.11600100249052048,
            "magnr": 21.270000457763672,
            "sigmagnr": 0.16500000655651093,
            "magzpsci": 25.90839958190918,
            "isdiffpos": "t",
            "ssdistnr": -999.0,
            "ssnamenr": "null",
            "drb": 0.9999989867210388
        },
        {
            "candid": 1043167995115015002,
            "jd": 2458797.6679977,
            "ra": 4.8053539,
            "dec": -14.3977838,
            "fid": 1,
            "nid": 1043,
            "magpsf": 18.69230079650879,
            "sigmapsf": 0.1961130052804947,
            "magnr": 21.349000930786133,
            "sigmagnr": 0.12700000405311584,
            "magzpsci": 26.00029945373535,
            "isdiffpos": "t",
            "ssdistnr": -999.0,
            "ssnamenr": "null",
            "drb": 0.9983879923820496
        },
        {
            "candid": 1049207195115015002,
            "jd": 2458803.7071991,
            "ra": 4.8053164,
            "dec": -14.3977946,
            "fid": 1,
            "nid": 1049,
            "magpsf": 18.4783992767334,
            "sigmapsf": 0.12516799569129944,
            "magnr": 21.349000930786133,
            "sigmagnr": 0.12700000405311584,
            "magzpsci": 25.55139923095703,
            "isdiffpos": "t",
            "ssdistnr": -999.0,
            "ssnamenr": "null",
            "drb": 0.9999960064888
        },
        {
            "candid": 1049230905115015004,
            "jd": 2458803.7309028,
            "ra": 4.8053316,
            "dec": -14.3977968,
            "fid": 2,
            "nid": 1049,
            "magpsf": 17.998199462890625,
            "sigmapsf": 0.05709100142121315,
            "magnr": 21.270000457763672,
            "sigmagnr": 0.16500000655651093,
            "magzpsci": 25.956199645996094,
            "isdiffpos": "t",
            "ssdistnr": -999.0,
            "ssnamenr": "null",
            "drb": 1.0
        },
        {
            "candid": 1052210335115015023,
            "jd": 2458806.7103356,
            "ra": 4.8053114,
            "dec": -14.3978356,
            "fid": 2,
            "nid": 1052,
            "magpsf": 18.098800659179688,
            "sigmapsf": 0.0777209997177124,
            "magnr": 21.270000457763672,
            "sigmagnr": 0.16500000655651093,
            "magzpsci": 25.916799545288086,
            "isdiffpos": "t",
            "ssdistnr": -999.0,
            "ssnamenr": "null",
            "drb": 0.9999979734420776
        },
        {
            "candid": 1058142085115015005,
            "jd": 2458812.6420833,
            "ra": 4.805291,
            "dec": -14.3978072,
            "fid": 1,
            "nid": 1058,
            "magpsf": 19.002099990844727,
            "sigmapsf": 0.16159500181674957,
            "magnr": 21.349000930786133,
            "sigmagnr": 0.12700000405311584,
            "magzpsci": 26.00510025024414,
            "isdiffpos": "t",
            "ssdistnr": -999.0,
            "ssnamenr": "null",
            "drb": 1.0
        },
        {
            "candid": 1058171865115015002,
            "jd": 2458812.6718634,
            "ra": 4.8053282,
            "dec": -14.3978666,
            "fid": 2,
            "nid": 1058,
            "magpsf": 18.17569923400879,
            "sigmapsf": 0.09404099732637405,
            "magnr": 21.270000457763672,
            "sigmagnr": 0.16500000655651093,
            "magzpsci": 25.974700927734375,
            "isdiffpos": "t",
            "ssdistnr": -999.0,
            "ssnamenr": "null",
            "drb": 1.0
        },
        {
            "candid": 1079069885115015000,
            "jd": 2458833.5698843,
            "ra": 4.8053596,
            "dec": -14.3978551,
            "fid": 2,
            "nid": 1079,
            "magpsf": 19.1382999420166,
            "sigmapsf": 0.22234399616718292,
            "magnr": 21.270000457763672,
            "sigmagnr": 0.16500000655651093,
            "magzpsci": 26.105300903320312,
            "isdiffpos": "t",
            "ssdistnr": -999.0,
            "ssnamenr": "-999.0",
            "drb": null
        },
        {
            "candid": 1079126035115015002,
            "jd": 2458833.6260301,
            "ra": 4.8053307,
            "dec": -14.3980393,
            "fid": 1,
            "nid": 1079,
            "magpsf": 20.091899871826172,
            "sigmapsf": 0.23746199905872345,
            "magnr": 21.349000930786133,
            "sigmagnr": 0.12700000405311584,
            "magzpsci": 26.166900634765625,
            "isdiffpos": "t",
            "ssdistnr": -999.0,
            "ssnamenr": "-999.0",
            "drb": null
        },
        {
            "candid": 1083084575115015007,
            "jd": 2458837.5845718,
            "ra": 4.8053806,
            "dec": -14.3978504,
            "fid": 2,
            "nid": 1083,
            "magpsf": 19.160900115966797,
            "sigmapsf": 0.12674500048160553,
            "magnr": 21.270000457763672,
            "sigmagnr": 0.16500000655651093,
            "magzpsci": 26.131900787353516,
            "isdiffpos": "t",
            "ssdistnr": -999.0,
            "ssnamenr": "null",
            "drb": 0.9999880194664001
        },
        {
            "candid": 1083106815115015005,
            "jd": 2458837.6068171,
            "ra": 4.8052641,
            "dec": -14.3978539,
            "fid": 1,
            "nid": 1083,
            "magpsf": 20.256000518798828,
            "sigmapsf": 0.22546400129795074,
            "magnr": 21.349000930786133,
            "sigmagnr": 0.12700000405311584,
            "magzpsci": 26.180999755859375,
            "isdiffpos": "t",
            "ssdistnr": -999.0,
            "ssnamenr": "-999.0",
            "drb": null
        },
        {
            "candid": 1093075745115015000,
            "jd": 2458847.5757407,
            "ra": 4.80532,
            "dec": -14.397818,
            "fid": 2,
            "nid": 1093,
            "magpsf": 19.552600860595703,
            "sigmapsf": 0.15896299481391907,
            "magnr": 21.270000457763672,
            "sigmagnr": 0.16500000655651093,
            "magzpsci": 26.09760093688965,
            "isdiffpos": "t",
            "ssdistnr": -999.0,
            "ssnamenr": "null",
            "drb": 0.9999529719352722
        },
        {
            "candid": 1098150345115015000,
            "jd": 2458852.6503472,
            "ra": 4.8053489,
            "dec": -14.397877,
            "fid": 2,
            "nid": 1098,
            "magpsf": 19.728599548339844,
            "sigmapsf": 0.21466800570487976,
            "magnr": 21.270000457763672,
            "sigmagnr": 0.16500000655651093,
            "magzpsci": 26.072599411010742,
            "isdiffpos": "t",
            "ssdistnr": -999.0,
            "ssnamenr": "null",
            "drb": 0.9928669929504395
        },
        {
            "candid": 1102128075115015000,
            "jd": 2458856.6280787,
            "ra": 4.8053549,
            "dec": -14.397865,
            "fid": 2,
            "nid": 1102,
            "magpsf": 19.3617000579834,
            "sigmapsf": 0.17037099599838257,
            "magnr": 21.270000457763672,
            "sigmagnr": 0.16500000655651093,
            "magzpsci": 26.12470054626465,
            "isdiffpos": "t",
            "ssdistnr": -999.0,
            "ssnamenr": "null",
            "drb": 0.9998170137405396
        },
        {
            "candid": 1106128565115015002,
            "jd": 2458860.6285648,
            "ra": 4.8052627,
            "dec": -14.3978097,
            "fid": 2,
            "nid": 1106,
            "magpsf": 19.381999969482422,
            "sigmapsf": 0.2268809974193573,
            "magnr": 21.270000457763672,
            "sigmagnr": 0.16500000655651093,
            "magzpsci": 26.06800079345703,
            "isdiffpos": "t",
            "ssdistnr": -999.0,
            "ssnamenr": "-999.0",
            "drb": null
        },
        {
            "candid": 1109086585115015000,
            "jd": 2458863.5865856,
            "ra": 4.8053504,
            "dec": -14.3977861,
            "fid": 2,
            "nid": 1109,
            "magpsf": 19.48699951171875,
            "sigmapsf": 0.17816300690174103,
            "magnr": 21.270000457763672,
            "sigmagnr": 0.16500000655651093,
            "magzpsci": 26.099000930786133,
            "isdiffpos": "t",
            "ssdistnr": -999.0,
            "ssnamenr": "null",
            "drb": 0.9999600052833557
        },
        {
            "jd": 2458760.79312,
            "fid": 2,
            "diffmaglim": 20.089000701904297
        },
        {
            "jd": 2458760.83554,
            "fid": 1,
            "diffmaglim": 20.172000885009766
        },
        {
            "jd": 2458764.86455,
            "fid": 1,
            "diffmaglim": 20.024999618530273
        },
        {
            "jd": 2458764.90021,
            "fid": 2,
            "diffmaglim": 19.660999298095703
        },
        {
            "jd": 2458769.7514,
            "fid": 1,
            "diffmaglim": 18.48699951171875
        },
        {
            "jd": 2458769.83582,
            "fid": 2,
            "diffmaglim": 18.33300018310547
        },
        {
            "jd": 2458772.86296,
            "fid": 2,
            "diffmaglim": 18.420000076293945
        },
        {
            "jd": 2458775.68556,
            "fid": 1,
            "diffmaglim": 20.246000289916992
        },
        {
            "jd": 2458775.69282,
            "fid": 2,
            "diffmaglim": 20.224000930786133
        },
        {
            "jd": 2458778.68213,
            "fid": 1,
            "diffmaglim": 20.038000106811523
        },
        {
            "jd": 2458778.81505,
            "fid": 2,
            "diffmaglim": 19.54400062561035
        },
        {
            "jd": 2458781.71068,
            "fid": 1,
            "diffmaglim": 19.655000686645508
        },
        {
            "jd": 2458781.79029,
            "fid": 2,
            "diffmaglim": 19.312000274658203
        },
        {
            "jd": 2458785.71091,
            "fid": 1,
            "diffmaglim": 20.2189998626709
        },
        {
            "jd": 2458829.62669,
            "fid": 1,
            "diffmaglim": 16.986000061035156
        },
        {
            "jd": 2458829.70807,
            "fid": 2,
            "diffmaglim": 17.732999801635742
        },
        {
            "jd": 2458840.59249,
            "fid": 2,
            "diffmaglim": 16.542999267578125
        },
        {
            "jd": 2458840.60797,
            "fid": 1,
            "diffmaglim": 16.570999145507812
        },
        {
            "jd": 2458852.59831,
            "fid": 1,
            "diffmaglim": 19.489999771118164
        },
        {
            "jd": 2458856.58652,
            "fid": 1,
            "diffmaglim": 19.488000869750977
        }
    ],
    "forcedphot": []
}