{
    "objectId": "ZTF19aamgghn",
    "candidates": [
        {
            "candid": 805220655315015009,
            "jd": 2458559.7206597,
            "ra": 141.354254,
            "dec": 65.4675014,
            "fid": 2,
            "nid": 805,
            "magpsf": 18.847700119018555,
            "sigmapsf": 0.09173999726772308,
            "magnr": 21.05900001525879,
            "sigmagnr": 0.16500000655651093,
            "magzpsci": 26.157699584960938,
            "isdiffpos": "t",
            "ssdistnr": -999.0,
            "ssnamenr": "null",
            "drb": null
        },
        {
            "candid": 805301645315015012,
            "jd": 2458559.8016435,
            "ra": 141.3542834,
            "dec": 65.4675116,
            "fid": 1,
            "nid": 805,
            "magpsf": 19.00480079650879,
            "sigmapsf": 0.11547400057315826,
            "magnr": 20.402999877929688,
            "sigmagnr": 0.07999999821186066,
            "magzpsci": 26.24880027770996,
            "isdiffpos": "t",
            "ssdistnr": -999.0,
            "ssnamenr": "null",
            "drb": null
        },
        {
            "candid": 808341525315015002,
            "jd": 2458562.8415278,
            "ra": 141.3542591,
            "dec": 65.4674649,
            "fid": 2,
            "nid": 808,
            "magpsf": 18.400100708007812,
            "sigmapsf": 0.11072699725627899,
            "magnr": 21.05900001525879,
            "sigmagnr": 0.16500000655651093,
            "magzpsci": 26.105100631713867,
            "isdiffpos": "t",
            "ssdistnr": -999.0,
            "ssnamenr": "null",
            "drb": null
        },
        {
            "candid": 813200115315015001,
            "jd": 2458567.7001157,
            "ra": 141.354345,
            "dec": 65.4674478,
            "fid": 1,
            "nid": 813,
            "magpsf": 18.275100708007812,
            "sigmapsf": 0.08191400021314621,
            "magnr": 20.402999877929688,
            "sigmagnr": 0.07999999821186066,
            "magzpsci": 26.173099517822266,
            "isdiffpos": "t",
            "ssdistnr": -999.0,
            "ssnamenr": "null",
            "drb": null
        },
        {
            "candid": 813221005315015010,
            "jd": 2458567.7210069,
            "ra": 141.3542562,
            "dec": 65.4674757,
            "fid": 2,
            "nid": 813,
            "magpsf": 17.976699829101562,
            "sigmapsf": 0.051555000245571136,
            "magnr": 21.05900001525879,
            "sigmagnr": 0.16500000655651093,
            "magzpsci": 26.12070083618164,
            "isdiffpos": "t",
            "ssdistnr": -999.0,
            "ssnamenr": "null",
            "drb": null
        },
        {
            "candid": 818198475315015011,
            "jd": 2458572.6984722,
            "ra": 141.3542572,
            "dec": 65.4674636,
            "fid": 1,
            "nid": 818,
            "magpsf": 18.529199600219727,
            "sigmapsf": 0.08000800013542175,
            "magnr": 20.402999877929688,
            "sigmagnr": 0.07999999821186066,
            "magzpsci": 25.834199905395508,
            "isdiffpos": "t",
            "ssdistnr": -999.0,
            "ssnamenr": "null",
            "drb": null
        },
        {
            "candid": 818221345315015011,
            "jd": 2458572.7213426,
            "ra": 141.3542964,
            "dec": 65.4674644,
            "fid": 2,
            "nid": 818,
            "magpsf": 17.92289924621582,
            "sigmapsf": 0.06639499962329865,
            "magnr": 21.05900001525879,
            "sigmagnr": 0.16500000655651093,
            "magzpsci": 25.737899780273438,
            "isdiffpos": "t",
            "ssdistnr": -999.0,
            "ssnamenr": "null",
            "drb": null
        },
        {
            "candid": 821262895315015013,
            "jd": 2458575.7628935,
            "ra": 141.3542231,
            "dec": 65.46746,
            "fid": 1,
            "nid": 821,
            "magpsf": 18.73349952697754,
            "sigmapsf": 0.08083300292491913,
            "magnr": 20.402999877929688,
            "sigmagnr": 0.07999999821186066,
            "magzpsci": 26.0935001373291,
            "isdiffpos": "t",
            "ssdistnr": -999.0,
            "ssnamenr": "null",
            "drb": null
        },
        {
            "candid": 826319395315015002,
            "jd": 2458580.8193981,
            "ra": 141.3542388,
            "dec": 65.4674676,
            "fid": 2,
            "nid": 826,
            "magpsf": 18.13759994506836,
            "sigmapsf": 0.06609000265598297,
            "magnr": 21.05900001525879,
            "sigmagnr": 0.16500000655651093,
            "magzpsci": 26.116600036621094,
            "isdiffpos": "t",
            "ssdistnr": -999.0,
            "ssnamenr": "null",
            "drb": null
        },
        {
            "candid": 830220975315015003,
            "jd": 2458584.7209722,
            "ra": 141.3542404,
            "dec": 65.4674274,
            "fid": 1,
            "nid": 830,
            "magpsf": 19.45989990234375,
            "sigmapsf": 0.19478599727153778,
            "magnr": 20.402999877929688,
            "sigmagnr": 0.07999999821186066,
            "magzpsci": 26.183900833129883,
            "isdiffpos": "t",
            "ssdistnr": -999.0,
            "ssnamenr": "null",
            "drb": null
        },
        {
            "candid": 833214715315015001,
            "jd": 2458587.7147106,
            "ra": 141.354275,
            "dec": 65.4673707,
            "fid": 1,
            "nid": 833,
            "magpsf": 19.666799545288086,
            "sigmapsf": 0.20831499993801117,
            "magnr": 20.402999877929688,
            "sigmagnr": 0.07999999821186066,
            "magzpsci": 26.189800262451172,
            "isdiffpos": "t",
            "ssdistnr": -999.0,
            "ssnamenr": "null",
            "drb": null
        },
        {
            "candid": 833294495315015005,
            "jd": 2458587.7944907,
            "ra": 141.3542514,
            "dec": 65.4674576,
            "fid": 2,
            "nid": 833,
            "magpsf": 18.496200561523438,
            "sigmapsf": 0.08873999863862991,
            "magnr": 21.05900001525879,
            "sigmagnr": 0.16500000655651093,
            "magzpsci": 26.00119972229004,
            "isdiffpos": "t",
            "ssdistnr": -999.0,
            "ssnamenr": "null",
            "drb": null
        },
        {
            "candid": 837339835315015024,
            "jd": 2458591.839838,
            "ra": 141.3540193,
            "dec": 65.4674929,
            "fid": 2,
            "nid": 837,
            "magpsf": 18.72920036315918,
            "sigmapsf": 0.3110649883747101,
            "magnr": 21.05900001525879,
            "sigmagnr": 0.16500000655651093,
            "magzpsci": 25.575199127197266,
            "isdiffpos": "t",
            "ssdistnr": -999.0,
            "ssnamenr": "-999.0",
            "drb": null
        },
        {
            "candid": 840163405315015005,
            "jd": 2458594.6634028,
            "ra": 141.3543249,
            "dec": 65.4674761,
            "fid": 2,
            "nid": 840,
            "magpsf": 18.926599502563477,
            "sigmapsf": 0.11771000176668167,
            "magnr": 21.05900001525879,
            "sigmagnr": 0.16500000655651093,
            "magzpsci": 26.122600555419922,
            "isdiffpos": "t",
            "ssdistnr": -999.0,
            "ssnamenr": "null",
            "drb": null
        },
        {
            "candid": 840213415315015004,
            "jd": 2458594.7134144,
            "ra": 141.3539296,
            "dec": 65.4674044,
            "fid": 1,
            "nid": 840,
            "magpsf": 20.019100189208984,
            "sigmapsf": 0.27360999584198,
            "magnr": 20.402999877929688,
            "sigmagnr": 0.07999999821186066,
            "magzpsci": 26.20509910583496,
            "isdiffpos": "t",
            "ssdistnr": -999.0,
            "ssnamenr": "-999.0",
            "drb": null
        },
        {
            "candid": 844223775315015007,
            "jd": 2458598.7237731,
            "ra": 141.3542085,
            "dec": 65.4674147,
            "fid": 1,
            "nid": 844,
            "magpsf": 20.04520034790039,
            "sigmapsf": 0.14146700501441956,
            "magnr": 20.402999877929688,
            "sigmagnr": 0.07999999821186066,
            "magzpsci": 26.17620086669922,
            "isdiffpos": "t",
            "ssdistnr": -999.0,
            "ssnamenr": "null",
            "drb": null
        },
        {
            "candid": 847265495315015006,
            "jd": 2458601.7654977,
            "ra": 141.3542485,
            "dec": 65.4674809,
            "fid": 2,
            "nid": 847,
            "magpsf": 19.09040069580078,
            "sigmapsf": 0.09971199929714203,
            "magnr": 21.05900001525879,
            "sigmagnr": 0.16500000655651093,
            "magzpsci": 26.10740089416504,
            "isdiffpos": "t",
            "ssdistnr": -999.0,
            "ssnamenr": "null",
            "drb": null
        },
        {
            "candid": 852182935315015008,
            "jd": 2458606.6829398,
            "ra": 141.3541886,
            "dec": 65.4674727,
            "fid": 2,
            "nid": 852,
            "magpsf": 19.22640037536621,
            "sigmapsf": 0.10434500128030777,
            "magnr": 21.05900001525879,
            "sigmagnr": 0.16500000655651093,
            "magzpsci": 26.074399948120117,
            "isdiffpos": "t",
            "ssdistnr": -999.0,
            "ssnamenr": "null",
            "drb": null
        },
        {
            "candid": 855194915315015003,
            "jd": 2458609.694919,
            "ra": 141.3539705,
            "dec": 65.4674402,
            "fid": 1,
            "nid": 855,
            "magpsf": 20.08690071105957,
            "sigmapsf": 0.20150800049304962,
            "magnr": 20.402999877929688,
            "sigmagnr": 0.07999999821186066,
            "magzpsci": 26.193899154663086,
            "isdiffpos": "t",
            "ssdistnr": -999.0,
            "ssnamenr": "null",
            "drb": null
        },
        {
            "candid": 863221065315015005,
            "jd": 2458617.7210648,
            "ra": 141.3542905,
            "dec": 65.4674827,
            "fid": 2,
            "nid": 863,
            "magpsf": 19.45549964904785,
            "sigmapsf": 0.17600399255752563,
            "magnr": 21.05900001525879,
            "sigmagnr": 0.16500000655651093,
            "magzpsci": 26.053499221801758,
            "isdiffpos": "t",
            "ssdistnr": -999.0,
            "ssnamenr": "null",
            "drb": null
        },
        {
            "candid": 880227035315015008,
            "jd": 2458634.727037,
            "ra": 141.3544249,
            "dec": 65.4674798,
            "fid": 1,
            "nid": 880,
            "magpsf": 20.464399337768555,
            "sigmapsf": 0.29134199023246765,
            "magnr": 20.402999877929688,
            "sigmagnr": 0.07999999821186066,
            "magzpsci": 26.016399383544922,
            "isdiffpos": "t",
            "ssdistnr": -999.0,
            "ssnamenr": "-999.0",
            "drb": null
        },
        {
            "candid": 880260595315015001,
            "jd": 2458634.7605903,
            "ra": 141.3543662,
            "dec": 65.4675066,
            "fid": 2,
            "nid": 880,
            "magpsf": 19.75670051574707,
            "sigmapsf": 0.163783997297287,
            "magnr": 21.05900001525879,
            "sigmagnr": 0.16500000655651093,
            "magzpsci": 25.95669937133789,
            "isdiffpos": "t",
            "ssdistnr": -999.0,
            "ssnamenr": "null",
            "drb": null
        },
        {
            "candid": 883171735315015002,
            "jd": 2458637.6717361,
            "ra": 141.3543324,
            "dec": 65.4675108,
            "fid": 2,
            "nid": 883,
            "magpsf": 19.941600799560547,
            "sigmapsf": 0.1728529930114746,
            "magnr": 21.05900001525879,
            "sigmagnr": 0.16500000655651093,
            "magzpsci": 26.01959991455078,
            "isdiffpos": "t",
            "ssdistnr": -999.0,
            "ssnamenr": "null",
            "drb": null
        },
        {
            "jd": 2458534.76047,
            "fid": 1,
            "diffmaglim": 18.88800048828125
        },
        {
            "jd": 2458534.84369,
            "fid": 2,
            "diffmaglim": 19.038999557495117
        },
        {
            "jd": 2458538.73896,
            "fid": 2,
            "diffmaglim": 17.871000289916992
        },
        {
            "jd": 2458538.76765,
            "fid": 1,
            "diffmaglim": 19.152000427246094
        },
        {
            "jd": 2458541.7423,
            "fid": 1,
            "diffmaglim": 20.472999572753906
        },
        {
            "jd": 2458546.74192,
            "fid": 1,
            "diffmaglim": 18.753000259399414
        },
        {
            "jd": 2458546.8044,
            "fid": 2,
            "diffmaglim": 20.239999771118164
        },
        {
            "jd": 2458556.84488,
            "fid": 1,
            "diffmaglim": 19.649999618530273
        },
        {
            "jd": 2458562.73991,
            "fid": 1,
            "diffmaglim": 17.118000030517578
        },
        {
            "jd": 2458575.74037,
            "fid": 2,
            "diffmaglim": 18.100000381469727
        },
        {
            "jd": 2458591.67331,
            "fid": 1,
            "diffmaglim": 19.582000732421875
        },
        {
            "jd": 2458606.66034,
            "fid": 1,
            "diffmaglim": 20.690000534057617
        },
        {
            "jd": 2458617.684,
            "fid": 1,
            "diffmaglim": 19.85099983215332
        }
    ],
    "forcedphot": []
}