{
    "objectId": "ZTF19aakirwj",
    "candidates": [
        {
            "candid": 772418793715015006,
            "jd": 2458526.9187963,
            "ra": 171.9427984,
            "dec": 6.1463459,
            "fid": 1,
            "nid": 772,
            "magpsf": 19.060199737548828,
            "sigmapsf": 0.14014700055122375,
            "magnr": 19.801000595092773,
            "sigmagnr": 0.09399999678134918,
            "magzpsci": 25.755199432373047,
            "isdiffpos": "t",
            "ssdistnr": -999.0,
            "ssnamenr": "null",
            "drb": null
        },
        {
            "candid": 784295263715015005,
            "jd": 2458538.7952662,
            "ra": 171.9427493,
            "dec": 6.1461913,
            "fid": 1,
            "nid": 784,
            "magpsf": 19.31130027770996,
            "sigmapsf": 0.3163209855556488,
            "magnr": 19.801000595092773,
            "sigmagnr": 0.09399999678134918,
            "magzpsci": 25.007299423217773,
            "isdiffpos": "t",
            "ssdistnr": -999.0,
            "ssnamenr": "-999.0",
            "drb": null
        },
        {
            "candid": 784335373715015006,
            "jd": 2458538.8353704,
            "ra": 171.9428429,
            "dec": 6.1463671,
            "fid": 2,
            "nid": 784,
            "magpsf": 18.59149932861328,
            "sigmapsf": 0.1982250064611435,
            "magnr": 19.277000427246094,
            "sigmagnr": 0.1080000028014183,
            "magzpsci": 25.555500030517578,
            "isdiffpos": "t",
            "ssdistnr": -999.0,
            "ssnamenr": "null",
            "drb": null
        },
        {
            "candid": 789263153715015003,
            "jd": 2458543.7631597,
            "ra": 171.9427865,
            "dec": 6.1462633,
            "fid": 2,
            "nid": 789,
            "magpsf": 18.940200805664062,
            "sigmapsf": 0.1765100061893463,
            "magnr": 19.277000427246094,
            "sigmagnr": 0.1080000028014183,
            "magzpsci": 25.403200149536133,
            "isdiffpos": "t",
            "ssdistnr": -999.0,
            "ssnamenr": "null",
            "drb": null
        },
        {
            "candid": 792272963715015010,
            "jd": 2458546.772963,
            "ra": 171.9428348,
            "dec": 6.1461163,
            "fid": 1,
            "nid": 792,
            "magpsf": 20.231000900268555,
            "sigmapsf": 0.24476799368858337,
            "magnr": 19.801000595092773,
            "sigmagnr": 0.09399999678134918,
            "magzpsci": 26.1560001373291,
            "isdiffpos": "t",
            "ssdistnr": -999.0,
            "ssnamenr": "-999.0",
            "drb": null
        },
        {
            "candid": 805252763715015020,
            "jd": 2458559.7527662,
            "ra": 171.9428704,
            "dec": 6.1463093,
            "fid": 2,
            "nid": 805,
            "magpsf": 18.88129997253418,
            "sigmapsf": 0.10307800024747849,
            "magnr": 19.277000427246094,
            "sigmagnr": 0.1080000028014183,
            "magzpsci": 26.191299438476562,
            "isdiffpos": "t",
            "ssdistnr": -999.0,
            "ssnamenr": "null",
            "drb": null
        },
        {
            "candid": 813314653715015009,
            "jd": 2458567.8146528,
            "ra": 171.9428575,
            "dec": 6.1462737,
            "fid": 2,
            "nid": 813,
            "magpsf": 19.23110008239746,
            "sigmapsf": 0.1771879941225052,
            "magnr": 19.277000427246094,
            "sigmagnr": 0.1080000028014183,
            "magzpsci": 26.14310073852539,
            "isdiffpos": "t",
            "ssdistnr": -999.0,
            "ssnamenr": "null",
            "drb": null
        },
        {
            "candid": 818256233715015009,
            "jd": 2458572.7562384,
            "ra": 171.942838,
            "dec": 6.1463527,
            "fid": 1,
            "nid": 818,
            "magpsf": 19.89550018310547,
            "sigmapsf": 0.2971700131893158,
            "magnr": 19.801000595092773,
            "sigmagnr": 0.09399999678134918,
            "magzpsci": 25.61750030517578,
            "isdiffpos": "t",
            "ssdistnr": -999.0,
            "ssnamenr": "-999.0",
            "drb": null
        },
        {
            "candid": 818273373715015006,
            "jd": 2458572.7733796,
            "ra": 171.9429191,
            "dec": 6.1462874,
            "fid": 2,
            "nid": 818,
            "magpsf": 18.991300582885742,
            "sigmapsf": 0.14378899335861206,
            "magnr": 19.277000427246094,
            "sigmagnr": 0.1080000028014183,
            "magzpsci": 25.619300842285156,
            "isdiffpos": "t",
            "ssdistnr": -999.0,
            "ssnamenr": "null",
            "drb": null
        },
        {
            "candid": 821232003715015004,
            "jd": 2458575.7320023,
            "ra": 171.942851,
            "dec": 6.1463159,
            "fid": 2,
            "nid": 821,
            "magpsf": 18.858800888061523,
            "sigmapsf": 0.18622800707817078,
            "magnr": 19.277000427246094,
            "sigmagnr": 0.1080000028014183,
            "magzpsci": 24.962799072265625,
            "isdiffpos": "t",
            "ssdistnr": -999.0,
            "ssnamenr": "null",
            "drb": null
        },
        {
            "candid": 821272293715015015,
            "jd": 2458575.7722917,
            "ra": 171.9428075,
            "dec": 6.1462671,
            "fid": 1,
            "nid": 821,
            "magpsf": 19.782100677490234,
            "sigmapsf": 0.12475000321865082,
            "magnr": 19.801000595092773,
            "sigmagnr": 0.09399999678134918,
            "magzpsci": 26.135099411010742,
            "isdiffpos": "t",
            "ssdistnr": -999.0,
            "ssnamenr": "null",
            "drb": null
        },
        {
            "candid": 826252663715015004,
            "jd": 2458580.752662,
            "ra": 171.9428415,
            "dec": 6.1462967,
            "fid": 1,
            "nid": 826,
            "magpsf": 19.18440055847168,
            "sigmapsf": 0.11664599925279617,
            "magnr": 19.801000595092773,
            "sigmagnr": 0.09399999678134918,
            "magzpsci": 26.11039924621582,
            "isdiffpos": "t",
            "ssdistnr": -999.0,
            "ssnamenr": "null",
            "drb": null
        },
        {
            "candid": 826273333715015004,
            "jd": 2458580.7733333,
            "ra": 171.9428685,
            "dec": 6.1462914,
            "fid": 2,
            "nid": 826,
            "magpsf": 18.5393009185791,
            "sigmapsf": 0.0762299969792366,
            "magnr": 19.277000427246094,
            "sigmagnr": 0.1080000028014183,
            "magzpsci": 26.183300018310547,
            "isdiffpos": "t",
            "ssdistnr": -999.0,
            "ssnamenr": "null",
            "drb": null
        },
        {
            "candid": 829256893715015007,
            "jd": 2458583.7568981,
            "ra": 171.9428206,
            "dec": 6.1462901,
            "fid": 2,
            "nid": 829,
            "magpsf": 18.6643009185791,
            "sigmapsf": 0.087738998234272,
            "magnr": 19.277000427246094,
            "sigmagnr": 0.1080000028014183,
            "magzpsci": 26.145299911499023,
            "isdiffpos": "t",
            "ssdistnr": -999.0,
            "ssnamenr": "null",
            "drb": null
        },
        {
            "candid": 832170713715015004,
            "jd": 2458586.6707176,
            "ra": 171.9428842,
            "dec": 6.1462661,
            "fid": 1,
            "nid": 832,
            "magpsf": 19.53569984436035,
            "sigmapsf": 0.17430199682712555,
            "magnr": 19.801000595092773,
            "sigmagnr": 0.09399999678134918,
            "magzpsci": 26.108699798583984,
            "isdiffpos": "t",
            "ssdistnr": -999.0,
            "ssnamenr": "null",
            "drb": null
        },
        {
            "candid": 832211203715015008,
            "jd": 2458586.7112037,
            "ra": 171.9428565,
            "dec": 6.1463029,
            "fid": 2,
            "nid": 832,
            "magpsf": 18.799699783325195,
            "sigmapsf": 0.08216399699449539,
            "magnr": 19.277000427246094,
            "sigmagnr": 0.1080000028014183,
            "magzpsci": 26.149700164794922,
            "isdiffpos": "t",
            "ssdistnr": -999.0,
            "ssnamenr": "null",
            "drb": null
        },
        {
            "candid": 837355133715015032,
            "jd": 2458591.8551389,
            "ra": 171.9430217,
            "dec": 6.1463051,
            "fid": 2,
            "nid": 837,
            "magpsf": 18.903900146484375,
            "sigmapsf": 0.3478899896144867,
            "magnr": 19.76799964904785,
            "sigmagnr": 0.12700000405311584,
            "magzpsci": 26.00790023803711,
            "isdiffpos": "t",
            "ssdistnr": -999.0,
            "ssnamenr": "-999.0",
            "drb": null
        },
        {
            "candid": 840316523715015007,
            "jd": 2458594.8165278,
            "ra": 171.9429337,
            "dec": 6.1462634,
            "fid": 2,
            "nid": 840,
            "magpsf": 19.181800842285156,
            "sigmapsf": 0.24505500495433807,
            "magnr": 19.277000427246094,
            "sigmagnr": 0.1080000028014183,
            "magzpsci": 26.142799377441406,
            "isdiffpos": "t",
            "ssdistnr": -999.0,
            "ssnamenr": "-999.0",
            "drb": null
        },
        {
            "candid": 843251803715015008,
            "jd": 2458597.7518056,
            "ra": 171.9427966,
            "dec": 6.1463262,
            "fid": 1,
            "nid": 843,
            "magpsf": 19.721599578857422,
            "sigmapsf": 0.15470899641513824,
            "magnr": 19.801000595092773,
            "sigmagnr": 0.09399999678134918,
            "magzpsci": 26.154600143432617,
            "isdiffpos": "t",
            "ssdistnr": -999.0,
            "ssnamenr": "null",
            "drb": null
        },
        {
            "candid": 843333593715015009,
            "jd": 2458597.8335995,
            "ra": 171.9428366,
            "dec": 6.146334,
            "fid": 2,
            "nid": 843,
            "magpsf": 19.155500411987305,
            "sigmapsf": 0.13575099408626556,
            "magnr": 19.277000427246094,
            "sigmagnr": 0.1080000028014183,
            "magzpsci": 26.12649917602539,
            "isdiffpos": "t",
            "ssdistnr": -999.0,
            "ssnamenr": "null",
            "drb": null
        },
        {
            "candid": 846189493715015006,
            "jd": 2458600.6894907,
            "ra": 171.9428279,
            "dec": 6.1462796,
            "fid": 1,
            "nid": 846,
            "magpsf": 19.9330997467041,
            "sigmapsf": 0.24756599962711334,
            "magnr": 19.801000595092773,
            "sigmagnr": 0.09399999678134918,
            "magzpsci": 26.156099319458008,
            "isdiffpos": "t",
            "ssdistnr": -999.0,
            "ssnamenr": "-999.0",
            "drb": null
        },
        {
            "candid": 851232933715015009,
            "jd": 2458605.7329398,
            "ra": 171.9428204,
            "dec": 6.1462945,
            "fid": 1,
            "nid": 851,
            "magpsf": 19.888500213623047,
            "sigmapsf": 0.17691700160503387,
            "magnr": 19.801000595092773,
            "sigmagnr": 0.09399999678134918,
            "magzpsci": 26.12350082397461,
            "isdiffpos": "t",
            "ssdistnr": -999.0,
            "ssnamenr": "null",
            "drb": null
        },
        {
            "candid": 854232113715015006,
            "jd": 2458608.7321181,
            "ra": 171.9428445,
            "dec": 6.1463348,
            "fid": 2,
            "nid": 854,
            "magpsf": 19.434600830078125,
            "sigmapsf": 0.12425699830055237,
            "magnr": 19.277000427246094,
            "sigmagnr": 0.1080000028014183,
            "magzpsci": 26.13960075378418,
            "isdiffpos": "t",
            "ssdistnr": -999.0,
            "ssnamenr": "null",
            "drb": null
        },
        {
            "candid": 854275183715015008,
            "jd": 2458608.7751852,
            "ra": 171.9428797,
            "dec": 6.1463115,
            "fid": 1,
            "nid": 854,
            "magpsf": 19.87689971923828,
            "sigmapsf": 0.17592300474643707,
            "magnr": 19.801000595092773,
            "sigmagnr": 0.09399999678134918,
            "magzpsci": 26.0718994140625,
            "isdiffpos": "t",
            "ssdistnr": -999.0,
            "ssnamenr": "null",
            "drb": null
        },
        {
            "candid": 858171433715015006,
            "jd": 2458612.6714352,
            "ra": 171.9428426,
            "dec": 6.1463327,
            "fid": 1,
            "nid": 858,
            "magpsf": 19.771900177001953,
            "sigmapsf": 0.1506350040435791,
            "magnr": 19.801000595092773,
            "sigmagnr": 0.09399999678134918,
            "magzpsci": 26.107900619506836,
            "isdiffpos": "t",
            "ssdistnr": -999.0,
            "ssnamenr": "null",
            "drb": null
        },
        {
            "candid": 858190673715015008,
            "jd": 2458612.6906713,
            "ra": 171.942845,
            "dec": 6.146298,
            "fid": 2,
            "nid": 858,
            "magpsf": 19.465599060058594,
            "sigmapsf": 0.12398499995470047,
            "magnr": 19.277000427246094,
            "sigmagnr": 0.1080000028014183,
            "magzpsci": 26.13159942626953,
            "isdiffpos": "t",
            "ssdistnr": -999.0,
            "ssnamenr": "null",
            "drb": null
        },
        {
            "candid": 880168873715015007,
            "jd": 2458634.6688773,
            "ra": 171.9428009,
            "dec": 6.1463031,
            "fid": 2,
            "nid": 880,
            "magpsf": 19.611799240112305,
            "sigmapsf": 0.22984099388122559,
            "magnr": 19.277000427246094,
            "sigmagnr": 0.1080000028014183,
            "magzpsci": 26.08679962158203,
            "isdiffpos": "t",
            "ssdistnr": -999.0,
            "ssnamenr": "-999.0",
            "drb": null
        },
        {
            "candid": 880191623715015011,
            "jd": 2458634.6916204,
            "ra": 171.9428178,
            "dec": 6.1462798,
            "fid": 1,
            "nid": 880,
            "magpsf": 19.94770050048828,
            "sigmapsf": 0.17147499322891235,
            "magnr": 19.801000595092773,
            "sigmagnr": 0.09399999678134918,
            "magzpsci": 26.0487003326416,
            "isdiffpos": "t",
            "ssdistnr": -999.0,
            "ssnamenr": "null",
            "drb": null
        },
        {
            "candid": 883180903715015013,
            "jd": 2458637.6809028,
            "ra": 171.9428326,
            "dec": 6.1463256,
            "fid": 2,
            "nid": 883,
            "magpsf": 19.486499786376953,
            "sigmapsf": 0.11785200238227844,
            "magnr": 19.277000427246094,
            "sigmagnr": 0.1080000028014183,
            "magzpsci": 26.081499099731445,
            "isdiffpos": "t",
            "ssdistnr": -999.0,
            "ssnamenr": "null",
            "drb": null
        },
        {
            "candid": 883216343715015008,
            "jd": 2458637.7163426,
            "ra": 171.9428686,
            "dec": 6.1462889,
            "fid": 1,
            "nid": 883,
            "magpsf": 19.634300231933594,
            "sigmapsf": 0.1439410001039505,
            "magnr": 19.801000595092773,
            "sigmagnr": 0.09399999678134918,
            "magzpsci": 26.00429916381836,
            "isdiffpos": "t",
            "ssdistnr": -999.0,
            "ssnamenr": "null",
            "drb": null
        },
        {
            "jd": 2458503.02553,
            "fid": 2,
            "diffmaglim": 19.708999633789062
        },
        {
            "jd": 2458506.02208,
            "fid": 2,
            "diffmaglim": 18.94700050354004
        },
        {
            "jd": 2458510.00529,
            "fid": 1,
            "diffmaglim": 19.572999954223633
        },
        {
            "jd": 2458511.9985,
            "fid": 1,
            "diffmaglim": 19.815000534057617
        },
        {
            "jd": 2458512.9572,
            "fid": 2,
            "diffmaglim": 18.349000930786133
        },
        {
            "jd": 2458513.92897,
            "fid": 2,
            "diffmaglim": 20.134000778198242
        },
        {
            "jd": 2458523.92058,
            "fid": 1,
            "diffmaglim": 17.993999481201172
        },
        {
            "jd": 2458543.79472,
            "fid": 1,
            "diffmaglim": 19.10300064086914
        },
        {
            "jd": 2458556.83703,
            "fid": 1,
            "diffmaglim": 19.85099983215332
        },
        {
            "jd": 2458591.70929,
            "fid": 1,
            "diffmaglim": 18.884000778198242
        },
        {
            "jd": 2458619.66839,
            "fid": 2,
            "diffmaglim": 16.709999084472656
        }
    ],
    "forcedphot": []
}