{
    "objectId": "ZTF18aablbif",
    "candidates": [
        {
            "candid": 754483555215015003,
            "jd": 2458508.9835532,
            "ra": 172.1284972,
            "dec": 58.5622136,
            "fid": 2,
            "nid": 754,
            "magpsf": 17.368099212646484,
            "sigmapsf": 0.06791999936103821,
            "magnr": 14.48799991607666,
            "sigmagnr": 0.06800000369548798,
            "magzpsci": 26.161100387573242,
            "isdiffpos": "t",
            "ssdistnr": -999.0,
            "ssnamenr": "null",
            "drb": null
        },
        {
            "candid": 754484930315015010,
            "jd": 2458508.9849306,
            "ra": 172.1284276,
            "dec": 58.5623171,
            "fid": 2,
            "nid": 754,
            "magpsf": 17.368099212646484,
            "sigmapsf": 0.0782260000705719,
            "magnr": 14.532999992370605,
            "sigmagnr": 0.05700000002980232,
            "magzpsci": 25.993099212646484,
            "isdiffpos": "t",
            "ssdistnr": -999.0,
            "ssnamenr": "null",
            "drb": null
        },
        {
            "candid": 754533585215015000,
            "jd": 2458509.033588,
            "ra": 172.1282489,
            "dec": 58.5622825,
            "fid": 1,
            "nid": 754,
            "magpsf": 17.420400619506836,
            "sigmapsf": 0.08822999894618988,
            "magnr": 15.026000022888184,
            "sigmagnr": 0.05900000035762787,
            "magzpsci": 26.26140022277832,
            "isdiffpos": "t",
            "ssdistnr": -999.0,
            "ssnamenr": "null",
            "drb": null
        },
        {
            "candid": 754534050315015006,
            "jd": 2458509.0340509,
            "ra": 172.1284033,
            "dec": 58.5622502,
            "fid": 1,
            "nid": 754,
            "magpsf": 17.901199340820312,
            "sigmapsf": 0.08612299710512161,
            "magnr": 15.065999984741211,
            "sigmagnr": 0.07500000298023224,
            "magzpsci": 26.095199584960938,
            "isdiffpos": "t",
            "ssdistnr": -999.0,
            "ssnamenr": "null",
            "drb": null
        },
        {
            "candid": 792245710315010227,
            "jd": 2458546.7457176,
            "ra": 172.1273623,
            "dec": 58.5622893,
            "fid": 1,
            "nid": 792,
            "magpsf": 16.810400009155273,
            "sigmapsf": 0.03389900177717209,
            "magnr": 15.065999984741211,
            "sigmagnr": 0.07500000298023224,
            "magzpsci": 26.231399536132812,
            "isdiffpos": "f",
            "ssdistnr": -999.0,
            "ssnamenr": "null",
            "drb": null
        },
        {
            "candid": 792245710315010233,
            "jd": 2458546.7457176,
            "ra": 172.1272122,
            "dec": 58.5622294,
            "fid": 1,
            "nid": 792,
            "magpsf": 17.561399459838867,
            "sigmapsf": 0.09578199684619904,
            "magnr": 15.065999984741211,
            "sigmagnr": 0.07500000298023224,
            "magzpsci": 26.231399536132812,
            "isdiffpos": "f",
            "ssdistnr": -999.0,
            "ssnamenr": "null",
            "drb": null
        },
        {
            "candid": 1069516210315015018,
            "jd": 2458824.0162153,
            "ra": 172.1282013,
            "dec": 58.5620526,
            "fid": 1,
            "nid": 1069,
            "magpsf": 15.870800018310547,
            "sigmapsf": 0.2101760059595108,
            "magnr": 15.065999984741211,
            "sigmagnr": 0.07500000298023224,
            "magzpsci": 22.409099578857422,
            "isdiffpos": "t",
            "ssdistnr": -999.0,
            "ssnamenr": "null",
            "drb": 0.35442399978637695
        },
        {
            "jd": 2458480.94619,
            "fid": 2,
            "diffmaglim": 19.77400016784668
        },
        {
            "jd": 2458480.99382,
            "fid": 1,
            "diffmaglim": 19.969999313354492
        },
        {
            "jd": 2458480.99428,
            "fid": 1,
            "diffmaglim": 19.900999069213867
        },
        {
            "jd": 2458486.9934,
            "fid": 2,
            "diffmaglim": 20.56399917602539
        },
        {
            "jd": 2458486.99387,
            "fid": 2,
            "diffmaglim": 20.32699966430664
        },
        {
            "jd": 2458487.03156,
            "fid": 1,
            "diffmaglim": 20.7189998626709
        },
        {
            "jd": 2458487.04648,
            "fid": 1,
            "diffmaglim": 20.378000259399414
        },
        {
            "jd": 2458491.96866,
            "fid": 1,
            "diffmaglim": 20.222999572753906
        },
        {
            "jd": 2458491.96911,
            "fid": 1,
            "diffmaglim": 20.354999542236328
        },
        {
            "jd": 2458492.05675,
            "fid": 2,
            "diffmaglim": 20.177000045776367
        },
        {
            "jd": 2458494.98749,
            "fid": 1,
            "diffmaglim": 20.767000198364258
        },
        {
            "jd": 2458494.98887,
            "fid": 1,
            "diffmaglim": 21.097000122070312
        },
        {
            "jd": 2458503.01205,
            "fid": 2,
            "diffmaglim": 19.54800033569336
        },
        {
            "jd": 2458503.03446,
            "fid": 2,
            "diffmaglim": 19.510000228881836
        },
        {
            "jd": 2458505.97608,
            "fid": 1,
            "diffmaglim": 18.993000030517578
        },
        {
            "jd": 2458505.97744,
            "fid": 1,
            "diffmaglim": 19.142000198364258
        },
        {
            "jd": 2458506.00927,
            "fid": 2,
            "diffmaglim": 19.016000747680664
        },
        {
            "jd": 2458506.0334,
            "fid": 2,
            "diffmaglim": 19.1560001373291
        },
        {
            "jd": 2458522.9244,
            "fid": 1,
            "diffmaglim": 20.684999465942383
        },
        {
            "jd": 2458524.9284,
            "fid": 1,
            "diffmaglim": 20.393999099731445
        },
        {
            "jd": 2458524.94738,
            "fid": 2,
            "diffmaglim": 20.358999252319336
        },
        {
            "jd": 2458526.94512,
            "fid": 1,
            "diffmaglim": 20.283000946044922
        },
        {
            "jd": 2458534.76812,
            "fid": 1,
            "diffmaglim": 18.80500030517578
        },
        {
            "jd": 2458534.77881,
            "fid": 1,
            "diffmaglim": 18.90999984741211
        },
        {
            "jd": 2458534.8638,
            "fid": 2,
            "diffmaglim": 19.101999282836914
        },
        {
            "jd": 2458538.71994,
            "fid": 2,
            "diffmaglim": 17.506999969482422
        },
        {
            "jd": 2458538.72322,
            "fid": 2,
            "diffmaglim": 17.4689998626709
        },
        {
            "jd": 2458538.78715,
            "fid": 1,
            "diffmaglim": 19.066999435424805
        },
        {
            "jd": 2458538.80875,
            "fid": 1,
            "diffmaglim": 20.016000747680664
        },
        {
            "jd": 2458541.76086,
            "fid": 1,
            "diffmaglim": 19.509000778198242
        },
        {
            "jd": 2458794.01918,
            "fid": 2,
            "diffmaglim": 19.959999084472656
        },
        {
            "jd": 2458798.93164,
            "fid": 2,
            "diffmaglim": 18.88800048828125
        },
        {
            "jd": 2458799.0538,
            "fid": 1,
            "diffmaglim": 19.36400032043457
        },
        {
            "jd": 2458799.05425,
            "fid": 1,
            "diffmaglim": 19.378000259399414
        },
        {
            "jd": 2458802.03147,
            "fid": 2,
            "diffmaglim": 16.222999572753906
        },
        {
            "jd": 2458804.98483,
            "fid": 1,
            "diffmaglim": 19.177000045776367
        },
        {
            "jd": 2458804.98528,
            "fid": 1,
            "diffmaglim": 19.229999542236328
        },
        {
            "jd": 2458805.02984,
            "fid": 2,
            "diffmaglim": 19.408000946044922
        },
        {
            "jd": 2458805.05193,
            "fid": 2,
            "diffmaglim": 19.461999893188477
        },
        {
            "jd": 2458807.05317,
            "fid": 2,
            "diffmaglim": 19.886999130249023
        },
        {
            "jd": 2458807.05454,
            "fid": 2,
            "diffmaglim": 19.867000579833984
        },
        {
            "jd": 2458813.05948,
            "fid": 2,
            "diffmaglim": 20.155000686645508
        },
        {
            "jd": 2458813.06244,
            "fid": 2,
            "diffmaglim": 19.722000122070312
        },
        {
            "jd": 2458820.01568,
            "fid": 2,
            "diffmaglim": 16.523000717163086
        },
        {
            "jd": 2458820.01613,
            "fid": 2,
            "diffmaglim": 16.30699920654297
        }
    ],
    "forcedphot": []
}