{
    "objectId": "ZTF19acftclq",
    "candidates": [
        {
            "candid": 1017266454515015008,
            "jd": 2458771.7664583,
            "ra": 334.2188557,
            "dec": 5.6164723,
            "fid": 2,
            "nid": 1017,
            "magpsf": 19.63800048828125,
            "sigmapsf": 0.23221200704574585,
            "magnr": 20.479000091552734,
            "sigmagnr": 0.07400000095367432,
            "magzpsci": 26.11199951171875,
            "isdiffpos": "t",
            "ssdistnr": -999.0,
            "ssnamenr": "-999.0",
            "drb": null
        },
        {
            "candid": 1020193834515015019,
            "jd": 2458774.693831,
            "ra": 334.2189157,
            "dec": 5.6165517,
            "fid": 2,
            "nid": 1020,
            "magpsf": 19.577899932861328,
            "sigmapsf": 0.1475680023431778,
            "magnr": 20.479000091552734,
            "sigmagnr": 0.07400000095367432,
            "magzpsci": 26.15089988708496,
            "isdiffpos": "t",
            "ssdistnr": -999.0,
            "ssnamenr": "null",
            "drb": 0.9983360171318054
        },
        {
            "candid": 1023184764515015008,
            "jd": 2458777.6847685,
            "ra": 334.2189162,
            "dec": 5.6164751,
            "fid": 1,
            "nid": 1023,
            "magpsf": 19.885499954223633,
            "sigmapsf": 0.21292899549007416,
            "magnr": 20.88599967956543,
            "sigmagnr": 0.0949999988079071,
            "magzpsci": 26.190500259399414,
            "isdiffpos": "t",
            "ssdistnr": -999.0,
            "ssnamenr": "null",
            "drb": 0.9985799789428711
        },
        {
            "candid": 1023190904515015010,
            "jd": 2458777.6909028,
            "ra": 334.2188436,
            "dec": 5.6165161,
            "fid": 2,
            "nid": 1023,
            "magpsf": 19.272499084472656,
            "sigmapsf": 0.10848899930715561,
            "magnr": 20.479000091552734,
            "sigmagnr": 0.07400000095367432,
            "magzpsci": 26.148500442504883,
            "isdiffpos": "t",
            "ssdistnr": -999.0,
            "ssnamenr": "null",
            "drb": 0.9999989867210388
        },
        {
            "candid": 1027183394515015007,
            "jd": 2458781.6833912,
            "ra": 334.2189283,
            "dec": 5.6165059,
            "fid": 1,
            "nid": 1027,
            "magpsf": 19.638099670410156,
            "sigmapsf": 0.18688300251960754,
            "magnr": 20.88599967956543,
            "sigmagnr": 0.0949999988079071,
            "magzpsci": 26.19610023498535,
            "isdiffpos": "t",
            "ssdistnr": -999.0,
            "ssnamenr": "null",
            "drb": 0.9997249841690063
        },
        {
            "candid": 1027242754515015016,
            "jd": 2458781.7427546,
            "ra": 334.2188402,
            "dec": 5.6164972,
            "fid": 2,
            "nid": 1027,
            "magpsf": 19.099899291992188,
            "sigmapsf": 0.14639699459075928,
            "magnr": 20.479000091552734,
            "sigmagnr": 0.07400000095367432,
            "magzpsci": 26.1028995513916,
            "isdiffpos": "t",
            "ssdistnr": -999.0,
            "ssnamenr": "null",
            "drb": 0.9998739957809448
        },
        {
            "candid": 1031219594515015007,
            "jd": 2458785.7195949,
            "ra": 334.2189141,
            "dec": 5.6165443,
            "fid": 1,
            "nid": 1031,
            "magpsf": 19.5846004486084,
            "sigmapsf": 0.1545259952545166,
            "magnr": 20.88599967956543,
            "sigmagnr": 0.0949999988079071,
            "magzpsci": 26.17060089111328,
            "isdiffpos": "t",
            "ssdistnr": -999.0,
            "ssnamenr": "null",
            "drb": 0.9999989867210388
        },
        {
            "candid": 1031243554515015014,
            "jd": 2458785.7435532,
            "ra": 334.2189338,
            "dec": 5.6165856,
            "fid": 2,
            "nid": 1031,
            "magpsf": 19.162900924682617,
            "sigmapsf": 0.11691500246524811,
            "magnr": 20.479000091552734,
            "sigmagnr": 0.07400000095367432,
            "magzpsci": 26.13089942932129,
            "isdiffpos": "t",
            "ssdistnr": -999.0,
            "ssnamenr": "null",
            "drb": 0.9999539852142334
        },
        {
            "candid": 1034181304515015013,
            "jd": 2458788.6813079,
            "ra": 334.2189087,
            "dec": 5.6165804,
            "fid": 1,
            "nid": 1034,
            "magpsf": 19.67930030822754,
            "sigmapsf": 0.17611800134181976,
            "magnr": 20.88599967956543,
            "sigmagnr": 0.0949999988079071,
            "magzpsci": 26.19529914855957,
            "isdiffpos": "t",
            "ssdistnr": -999.0,
            "ssnamenr": "null",
            "drb": 0.9999989867210388
        },
        {
            "candid": 1034228514515015010,
            "jd": 2458788.7285185,
            "ra": 334.2189021,
            "dec": 5.6165402,
            "fid": 2,
            "nid": 1034,
            "magpsf": 19.18199920654297,
            "sigmapsf": 0.11719399690628052,
            "magnr": 20.479000091552734,
            "sigmagnr": 0.07400000095367432,
            "magzpsci": 26.139999389648438,
            "isdiffpos": "t",
            "ssdistnr": -999.0,
            "ssnamenr": "null",
            "drb": 0.9999759793281555
        },
        {
            "candid": 1044208764515015009,
            "jd": 2458798.7087616,
            "ra": 334.2188761,
            "dec": 5.6165618,
            "fid": 2,
            "nid": 1044,
            "magpsf": 19.18400001525879,
            "sigmapsf": 0.15861600637435913,
            "magnr": 20.479000091552734,
            "sigmagnr": 0.07400000095367432,
            "magzpsci": 26.135000228881836,
            "isdiffpos": "t",
            "ssdistnr": -999.0,
            "ssnamenr": "null",
            "drb": 0.999875009059906
        },
        {
            "candid": 1047174354515015005,
            "jd": 2458801.6743519,
            "ra": 334.2188579,
            "dec": 5.6165574,
            "fid": 1,
            "nid": 1047,
            "magpsf": 19.991199493408203,
            "sigmapsf": 0.33128100633621216,
            "magnr": 20.88599967956543,
            "sigmagnr": 0.0949999988079071,
            "magzpsci": 26.14620018005371,
            "isdiffpos": "t",
            "ssdistnr": -999.0,
            "ssnamenr": "-999.0",
            "drb": null
        },
        {
            "candid": 1050211794515015005,
            "jd": 2458804.711794,
            "ra": 334.2189256,
            "dec": 5.6166819,
            "fid": 2,
            "nid": 1050,
            "magpsf": 19.436399459838867,
            "sigmapsf": 0.2451000064611435,
            "magnr": 20.479000091552734,
            "sigmagnr": 0.07400000095367432,
            "magzpsci": 26.113399505615234,
            "isdiffpos": "t",
            "ssdistnr": -999.0,
            "ssnamenr": "-999.0",
            "drb": null
        },
        {
            "candid": 1057107034515015067,
            "jd": 2458811.607037,
            "ra": 334.2189299,
            "dec": 5.6165764,
            "fid": 2,
            "nid": 1057,
            "magpsf": 18.969100952148438,
            "sigmapsf": 0.17754100263118744,
            "magnr": 20.479000091552734,
            "sigmagnr": 0.07400000095367432,
            "magzpsci": 25.435100555419922,
            "isdiffpos": "t",
            "ssdistnr": -999.0,
            "ssnamenr": "null",
            "drb": 0.9998390078544617
        },
        {
            "jd": 2458744.86139,
            "fid": 2,
            "diffmaglim": 19.839000701904297
        },
        {
            "jd": 2458747.77023,
            "fid": 2,
            "diffmaglim": 20.35300064086914
        },
        {
            "jd": 2458747.79573,
            "fid": 1,
            "diffmaglim": 20.25200080871582
        },
        {
            "jd": 2458750.77612,
            "fid": 2,
            "diffmaglim": 20.14900016784668
        },
        {
            "jd": 2458754.77279,
            "fid": 1,
            "diffmaglim": 20.597999572753906
        },
        {
            "jd": 2458757.79708,
            "fid": 2,
            "diffmaglim": 20.18000030517578
        },
        {
            "jd": 2458761.75287,
            "fid": 1,
            "diffmaglim": 20.256999969482422
        },
        {
            "jd": 2458764.77337,
            "fid": 1,
            "diffmaglim": 19.62700080871582
        },
        {
            "jd": 2458768.69144,
            "fid": 2,
            "diffmaglim": 19.090999603271484
        },
        {
            "jd": 2458772.78337,
            "fid": 1,
            "diffmaglim": 18.023000717163086
        },
        {
            "jd": 2458791.68983,
            "fid": 1,
            "diffmaglim": 19.972999572753906
        },
        {
            "jd": 2458795.66735,
            "fid": 1,
            "diffmaglim": 19.264999389648438
        },
        {
            "jd": 2458798.62546,
            "fid": 1,
            "diffmaglim": 19.486000061035156
        },
        {
            "jd": 2458804.67262,
            "fid": 1,
            "diffmaglim": 19.996000289916992
        },
        {
            "jd": 2458811.58495,
            "fid": 1,
            "diffmaglim": 20.202999114990234
        }
    ],
    "forcedphot": []
}