{
    "objectId": "ZTF18abeamgv",
    "candidates": [
        {
            "candid": 554203720115015010,
            "jd": 2458308.7037269,
            "ra": 255.0740322,
            "dec": 38.3920453,
            "fid": 1,
            "nid": 554,
            "magpsf": 19.36199951171875,
            "sigmapsf": 0.09523200243711472,
            "magnr": 18.923999786376953,
            "sigmagnr": 0.0989999994635582,
            "magzpsci": 0.0,
            "isdiffpos": "t",
            "ssdistnr": -999.0,
            "ssnamenr": "null",
            "drb": null
        },
        {
            "candid": 554243100115015001,
            "jd": 2458308.7431019,
            "ra": 255.0740348,
            "dec": 38.3920493,
            "fid": 2,
            "nid": 554,
            "magpsf": 19.022499084472656,
            "sigmapsf": 0.08963599801063538,
            "magnr": 18.242000579833984,
            "sigmagnr": 0.12700000405311584,
            "magzpsci": 0.0,
            "isdiffpos": "t",
            "ssdistnr": -999.0,
            "ssnamenr": "null",
            "drb": null
        },
        {
            "candid": 560215810115015004,
            "jd": 2458314.7158102,
            "ra": 255.0739942,
            "dec": 38.3920577,
            "fid": 2,
            "nid": 560,
            "magpsf": 18.633100509643555,
            "sigmapsf": 0.07332099974155426,
            "magnr": 18.242000579833984,
            "sigmagnr": 0.12700000405311584,
            "magzpsci": 0.0,
            "isdiffpos": "t",
            "ssdistnr": -999.0,
            "ssnamenr": "null",
            "drb": null
        },
        {
            "candid": 560241000115015007,
            "jd": 2458314.7410069,
            "ra": 255.0740613,
            "dec": 38.392057,
            "fid": 1,
            "nid": 560,
            "magpsf": 19.232500076293945,
            "sigmapsf": 0.11370299756526947,
            "magnr": 18.923999786376953,
            "sigmagnr": 0.0989999994635582,
            "magzpsci": 0.0,
            "isdiffpos": "t",
            "ssdistnr": -999.0,
            "ssnamenr": "null",
            "drb": null
        },
        {
            "candid": 565198200115015006,
            "jd": 2458319.698206,
            "ra": 255.0738883,
            "dec": 38.3920427,
            "fid": 1,
            "nid": 565,
            "magpsf": 19.350500106811523,
            "sigmapsf": 0.14067600667476654,
            "magnr": 18.923999786376953,
            "sigmagnr": 0.0989999994635582,
            "magzpsci": 0.0,
            "isdiffpos": "t",
            "ssdistnr": -999.0,
            "ssnamenr": "null",
            "drb": null
        },
        {
            "candid": 565254790115015002,
            "jd": 2458319.7547917,
            "ra": 255.0739958,
            "dec": 38.3920205,
            "fid": 2,
            "nid": 565,
            "magpsf": 18.673799514770508,
            "sigmapsf": 0.08002699911594391,
            "magnr": 18.242000579833984,
            "sigmagnr": 0.12700000405311584,
            "magzpsci": 0.0,
            "isdiffpos": "t",
            "ssdistnr": -999.0,
            "ssnamenr": "null",
            "drb": null
        },
        {
            "candid": 568254730115015001,
            "jd": 2458322.7547338,
            "ra": 255.0740139,
            "dec": 38.39206,
            "fid": 2,
            "nid": 568,
            "magpsf": 18.822599411010742,
            "sigmapsf": 0.09194699674844742,
            "magnr": 18.242000579833984,
            "sigmagnr": 0.12700000405311584,
            "magzpsci": 0.0,
            "isdiffpos": "t",
            "ssdistnr": -999.0,
            "ssnamenr": "null",
            "drb": null
        },
        {
            "candid": 580164580115015003,
            "jd": 2458334.6645833,
            "ra": 255.0740091,
            "dec": 38.3920743,
            "fid": 2,
            "nid": 580,
            "magpsf": 19.478300094604492,
            "sigmapsf": 0.13049399852752686,
            "magnr": 18.242000579833984,
            "sigmagnr": 0.12700000405311584,
            "magzpsci": 0.0,
            "isdiffpos": "t",
            "ssdistnr": -999.0,
            "ssnamenr": "null",
            "drb": null
        },
        {
            "candid": 583193540115015005,
            "jd": 2458337.6935417,
            "ra": 255.0739836,
            "dec": 38.3920622,
            "fid": 2,
            "nid": 583,
            "magpsf": 19.5762996673584,
            "sigmapsf": 0.12637299299240112,
            "magnr": 18.242000579833984,
            "sigmagnr": 0.12700000405311584,
            "magzpsci": 0.0,
            "isdiffpos": "t",
            "ssdistnr": -999.0,
            "ssnamenr": "null",
            "drb": null
        },
        {
            "candid": 586182880115015006,
            "jd": 2458340.6828819,
            "ra": 255.0739859,
            "dec": 38.3921067,
            "fid": 2,
            "nid": 586,
            "magpsf": 19.699100494384766,
            "sigmapsf": 0.13165299594402313,
            "magnr": 18.242000579833984,
            "sigmagnr": 0.12700000405311584,
            "magzpsci": 0.0,
            "isdiffpos": "t",
            "ssdistnr": -999.0,
            "ssnamenr": "null",
            "drb": null
        },
        {
            "candid": 592179710115015002,
            "jd": 2458346.6797106,
            "ra": 255.0739295,
            "dec": 38.3920559,
            "fid": 2,
            "nid": 592,
            "magpsf": 19.808900833129883,
            "sigmapsf": 0.12131500244140625,
            "magnr": 18.242000579833984,
            "sigmagnr": 0.12700000405311584,
            "magzpsci": 0.0,
            "isdiffpos": "t",
            "ssdistnr": -999.0,
            "ssnamenr": "null",
            "drb": null
        }
    ],
    "forcedphot": []
}