{
    "objectId": "ZTF19abcyqqg",
    "candidates": [
        {
            "candid": 893313763415015000,
            "jd": 2458647.8137616,
            "ra": 303.8713452,
            "dec": -9.0530265,
            "fid": 2,
            "nid": 893,
            "magpsf": 20.07270050048828,
            "sigmapsf": 0.27017301321029663,
            "magnr": 18.93400001525879,
            "sigmagnr": 0.0820000022649765,
            "magzpsci": 26.168699264526367,
            "isdiffpos": "t",
            "ssdistnr": -999.0,
            "ssnamenr": "-999.0",
            "drb": null
        },
        {
            "candid": 912341193415015003,
            "jd": 2458666.8411921,
            "ra": 303.8713317,
            "dec": -9.0529921,
            "fid": 2,
            "nid": 912,
            "magpsf": 18.612699508666992,
            "sigmapsf": 0.07542899996042252,
            "magnr": 18.93400001525879,
            "sigmagnr": 0.0820000022649765,
            "magzpsci": 26.23270034790039,
            "isdiffpos": "t",
            "ssdistnr": -999.0,
            "ssnamenr": "null",
            "drb": null
        },
        {
            "candid": 915399723415015004,
            "jd": 2458669.8997222,
            "ra": 303.8713495,
            "dec": -9.0529904,
            "fid": 2,
            "nid": 915,
            "magpsf": 18.648099899291992,
            "sigmapsf": 0.07596699893474579,
            "magnr": 18.93400001525879,
            "sigmagnr": 0.0820000022649765,
            "magzpsci": 26.22610092163086,
            "isdiffpos": "t",
            "ssdistnr": -999.0,
            "ssnamenr": "null",
            "drb": null
        },
        {
            "candid": 915440273415015001,
            "jd": 2458669.9402778,
            "ra": 303.8713422,
            "dec": -9.0530159,
            "fid": 1,
            "nid": 915,
            "magpsf": 19.677099227905273,
            "sigmapsf": 0.13794200122356415,
            "magnr": 19.54800033569336,
            "sigmagnr": 0.09700000286102295,
            "magzpsci": 26.156099319458008,
            "isdiffpos": "t",
            "ssdistnr": -999.0,
            "ssnamenr": "null",
            "drb": null
        },
        {
            "candid": 918334733415015006,
            "jd": 2458672.8347338,
            "ra": 303.8713638,
            "dec": -9.0530573,
            "fid": 1,
            "nid": 918,
            "magpsf": 20.01219940185547,
            "sigmapsf": 0.18880200386047363,
            "magnr": 19.54800033569336,
            "sigmagnr": 0.09700000286102295,
            "magzpsci": 26.107200622558594,
            "isdiffpos": "t",
            "ssdistnr": -999.0,
            "ssnamenr": "null",
            "drb": null
        },
        {
            "candid": 921273133415015002,
            "jd": 2458675.7731366,
            "ra": 303.8713463,
            "dec": -9.0529949,
            "fid": 2,
            "nid": 921,
            "magpsf": 18.907699584960938,
            "sigmapsf": 0.11321000009775162,
            "magnr": 18.93400001525879,
            "sigmagnr": 0.0820000022649765,
            "magzpsci": 26.176700592041016,
            "isdiffpos": "t",
            "ssdistnr": -999.0,
            "ssnamenr": "null",
            "drb": null
        },
        {
            "candid": 921334503415015003,
            "jd": 2458675.8345023,
            "ra": 303.8713199,
            "dec": -9.0529841,
            "fid": 1,
            "nid": 921,
            "magpsf": 20.309499740600586,
            "sigmapsf": 0.3733690083026886,
            "magnr": 19.54800033569336,
            "sigmagnr": 0.09700000286102295,
            "magzpsci": 26.159500122070312,
            "isdiffpos": "t",
            "ssdistnr": -999.0,
            "ssnamenr": "-999.0",
            "drb": null
        },
        {
            "candid": 924232293415015002,
            "jd": 2458678.7322917,
            "ra": 303.8713409,
            "dec": -9.052982,
            "fid": 2,
            "nid": 924,
            "magpsf": 19.03380012512207,
            "sigmapsf": 0.16183100640773773,
            "magnr": 18.93400001525879,
            "sigmagnr": 0.0820000022649765,
            "magzpsci": 26.170799255371094,
            "isdiffpos": "t",
            "ssdistnr": -999.0,
            "ssnamenr": "null",
            "drb": null
        },
        {
            "candid": 934375573415015005,
            "jd": 2458688.8755787,
            "ra": 303.8713314,
            "dec": -9.0529904,
            "fid": 2,
            "nid": 934,
            "magpsf": 19.383499145507812,
            "sigmapsf": 0.12866200506687164,
            "magnr": 18.93400001525879,
            "sigmagnr": 0.0820000022649765,
            "magzpsci": 26.16349983215332,
            "isdiffpos": "t",
            "ssdistnr": -999.0,
            "ssnamenr": "-999.0",
            "drb": null
        },
        {
            "candid": 937377283415015005,
            "jd": 2458691.8772801,
            "ra": 303.8713034,
            "dec": -9.0529733,
            "fid": 2,
            "nid": 937,
            "magpsf": 19.56130027770996,
            "sigmapsf": 0.16431699693202972,
            "magnr": 18.93400001525879,
            "sigmagnr": 0.0820000022649765,
            "magzpsci": 26.176300048828125,
            "isdiffpos": "t",
            "ssdistnr": -999.0,
            "ssnamenr": "null",
            "drb": null
        },
        {
            "candid": 940314103415015004,
            "jd": 2458694.8141088,
            "ra": 303.8713698,
            "dec": -9.0530354,
            "fid": 1,
            "nid": 940,
            "magpsf": 20.702299118041992,
            "sigmapsf": 0.27077001333236694,
            "magnr": 19.54800033569336,
            "sigmagnr": 0.09700000286102295,
            "magzpsci": 26.171300888061523,
            "isdiffpos": "t",
            "ssdistnr": -999.0,
            "ssnamenr": "-999.0",
            "drb": null
        },
        {
            "candid": 940336163415015002,
            "jd": 2458694.836169,
            "ra": 303.8713811,
            "dec": -9.052955,
            "fid": 2,
            "nid": 940,
            "magpsf": 19.74209976196289,
            "sigmapsf": 0.1782670021057129,
            "magnr": 18.93400001525879,
            "sigmagnr": 0.0820000022649765,
            "magzpsci": 26.186100006103516,
            "isdiffpos": "t",
            "ssdistnr": -999.0,
            "ssnamenr": "null",
            "drb": null
        },
        {
            "candid": 943378633415015002,
            "jd": 2458697.8786343,
            "ra": 303.8713379,
            "dec": -9.0529802,
            "fid": 2,
            "nid": 943,
            "magpsf": 19.553300857543945,
            "sigmapsf": 0.15849600732326508,
            "magnr": 18.93400001525879,
            "sigmagnr": 0.0820000022649765,
            "magzpsci": 26.19729995727539,
            "isdiffpos": "t",
            "ssdistnr": -999.0,
            "ssnamenr": "null",
            "drb": null
        },
        {
            "candid": 946377343415015001,
            "jd": 2458700.8773495,
            "ra": 303.8713653,
            "dec": -9.0530295,
            "fid": 2,
            "nid": 946,
            "magpsf": 19.722900390625,
            "sigmapsf": 0.1991329938173294,
            "magnr": 18.93400001525879,
            "sigmagnr": 0.0820000022649765,
            "magzpsci": 26.157899856567383,
            "isdiffpos": "t",
            "ssdistnr": -999.0,
            "ssnamenr": "null",
            "drb": null
        },
        {
            "jd": 2458638.94302,
            "fid": 1,
            "diffmaglim": 20.486000061035156
        },
        {
            "jd": 2458638.96089,
            "fid": 2,
            "diffmaglim": 20.315000534057617
        },
        {
            "jd": 2458641.91965,
            "fid": 1,
            "diffmaglim": 20.565000534057617
        },
        {
            "jd": 2458641.96008,
            "fid": 2,
            "diffmaglim": 20.650999069213867
        },
        {
            "jd": 2458644.92295,
            "fid": 1,
            "diffmaglim": 20.327999114990234
        },
        {
            "jd": 2458644.96008,
            "fid": 2,
            "diffmaglim": 20.444000244140625
        },
        {
            "jd": 2458647.85513,
            "fid": 1,
            "diffmaglim": 18.72100067138672
        },
        {
            "jd": 2458650.9812,
            "fid": 1,
            "diffmaglim": 19.22800064086914
        },
        {
            "jd": 2458666.98056,
            "fid": 1,
            "diffmaglim": 19.575000762939453
        },
        {
            "jd": 2458678.81488,
            "fid": 1,
            "diffmaglim": 19.51099967956543
        },
        {
            "jd": 2458684.94287,
            "fid": 2,
            "diffmaglim": 19.426000595092773
        },
        {
            "jd": 2458688.81468,
            "fid": 1,
            "diffmaglim": 20.316999435424805
        }
    ],
    "forcedphot": []
}