{
    "objectId": "ZTF19abztknu",
    "candidates": [
        {
            "candid": 993441010415015004,
            "jd": 2458747.9410185,
            "ra": 47.2564463,
            "dec": 24.0438865,
            "fid": 2,
            "nid": 993,
            "magpsf": 19.65880012512207,
            "sigmapsf": 0.12938399612903595,
            "magnr": 18.73699951171875,
            "sigmagnr": 0.07000000029802322,
            "magzpsci": 26.142799377441406,
            "isdiffpos": "t",
            "ssdistnr": -999.0,
            "ssnamenr": "-999.0",
            "drb": null
        },
        {
            "candid": 993487520415015003,
            "jd": 2458747.9875231,
            "ra": 47.2563869,
            "dec": 24.0438241,
            "fid": 1,
            "nid": 993,
            "magpsf": 19.85140037536621,
            "sigmapsf": 0.16357800364494324,
            "magnr": 19.368999481201172,
            "sigmagnr": 0.07599999755620956,
            "magzpsci": 26.227399826049805,
            "isdiffpos": "t",
            "ssdistnr": -999.0,
            "ssnamenr": "-999.0",
            "drb": null
        },
        {
            "candid": 996467250415015004,
            "jd": 2458750.9672569,
            "ra": 47.2564095,
            "dec": 24.0439158,
            "fid": 2,
            "nid": 996,
            "magpsf": 19.172700881958008,
            "sigmapsf": 0.10615099966526031,
            "magnr": 18.73699951171875,
            "sigmagnr": 0.07000000029802322,
            "magzpsci": 26.117700576782227,
            "isdiffpos": "t",
            "ssdistnr": -999.0,
            "ssnamenr": "null",
            "drb": 0.9999909996986389
        },
        {
            "candid": 1002420760415015000,
            "jd": 2458756.9207639,
            "ra": 47.2563724,
            "dec": 24.043923,
            "fid": 1,
            "nid": 1002,
            "magpsf": 18.849599838256836,
            "sigmapsf": 0.07001200318336487,
            "magnr": 19.368999481201172,
            "sigmagnr": 0.07599999755620956,
            "magzpsci": 26.230600357055664,
            "isdiffpos": "t",
            "ssdistnr": -999.0,
            "ssnamenr": "null",
            "drb": 0.9999970197677612
        },
        {
            "candid": 1005371630415015006,
            "jd": 2458759.8716319,
            "ra": 47.2564159,
            "dec": 24.0439559,
            "fid": 2,
            "nid": 1005,
            "magpsf": 18.497600555419922,
            "sigmapsf": 0.059762999415397644,
            "magnr": 18.73699951171875,
            "sigmagnr": 0.07000000029802322,
            "magzpsci": 26.15959930419922,
            "isdiffpos": "t",
            "ssdistnr": -999.0,
            "ssnamenr": "null",
            "drb": 1.0
        },
        {
            "candid": 1005420970415015005,
            "jd": 2458759.9209722,
            "ra": 47.2564094,
            "dec": 24.0439256,
            "fid": 1,
            "nid": 1005,
            "magpsf": 18.677200317382812,
            "sigmapsf": 0.06499499827623367,
            "magnr": 19.368999481201172,
            "sigmagnr": 0.07599999755620956,
            "magzpsci": 26.2101993560791,
            "isdiffpos": "t",
            "ssdistnr": -999.0,
            "ssnamenr": "null",
            "drb": 0.9999920129776001
        },
        {
            "candid": 1009373190415015005,
            "jd": 2458763.8731944,
            "ra": 47.2564157,
            "dec": 24.0439354,
            "fid": 2,
            "nid": 1009,
            "magpsf": 18.352500915527344,
            "sigmapsf": 0.051660001277923584,
            "magnr": 18.73699951171875,
            "sigmagnr": 0.07000000029802322,
            "magzpsci": 26.151500701904297,
            "isdiffpos": "t",
            "ssdistnr": -999.0,
            "ssnamenr": "null",
            "drb": 0.9999989867210388
        },
        {
            "candid": 1012458290415015006,
            "jd": 2458766.9582986,
            "ra": 47.2563883,
            "dec": 24.0439173,
            "fid": 1,
            "nid": 1012,
            "magpsf": 18.73430061340332,
            "sigmapsf": 0.07818599790334702,
            "magnr": 19.368999481201172,
            "sigmagnr": 0.07599999755620956,
            "magzpsci": 26.2273006439209,
            "isdiffpos": "t",
            "ssdistnr": -999.0,
            "ssnamenr": "null",
            "drb": 1.0
        },
        {
            "candid": 1012493040415015003,
            "jd": 2458766.993044,
            "ra": 47.2564093,
            "dec": 24.0439292,
            "fid": 2,
            "nid": 1012,
            "magpsf": 18.339799880981445,
            "sigmapsf": 0.07310599833726883,
            "magnr": 18.73699951171875,
            "sigmagnr": 0.07000000029802322,
            "magzpsci": 26.13680076599121,
            "isdiffpos": "t",
            "ssdistnr": -999.0,
            "ssnamenr": "null",
            "drb": 1.0
        },
        {
            "candid": 1015358270415015001,
            "jd": 2458769.8582755,
            "ra": 47.2564267,
            "dec": 24.0439339,
            "fid": 2,
            "nid": 1015,
            "magpsf": 18.30470085144043,
            "sigmapsf": 0.07417500019073486,
            "magnr": 18.73699951171875,
            "sigmagnr": 0.07000000029802322,
            "magzpsci": 26.138700485229492,
            "isdiffpos": "t",
            "ssdistnr": -999.0,
            "ssnamenr": "null",
            "drb": 0.9999979734420776
        },
        {
            "candid": 1015507180415015000,
            "jd": 2458770.0071875,
            "ra": 47.2563659,
            "dec": 24.0439374,
            "fid": 1,
            "nid": 1015,
            "magpsf": 18.902799606323242,
            "sigmapsf": 0.16491800546646118,
            "magnr": 19.368999481201172,
            "sigmagnr": 0.07599999755620956,
            "magzpsci": 26.163799285888672,
            "isdiffpos": "t",
            "ssdistnr": -999.0,
            "ssnamenr": "null",
            "drb": 0.9983879923820496
        },
        {
            "candid": 1020314910415015001,
            "jd": 2458774.814919,
            "ra": 47.256424,
            "dec": 24.0439369,
            "fid": 2,
            "nid": 1020,
            "magpsf": 18.32430076599121,
            "sigmapsf": 0.09273699671030045,
            "magnr": 18.73699951171875,
            "sigmagnr": 0.07000000029802322,
            "magzpsci": 26.097299575805664,
            "isdiffpos": "t",
            "ssdistnr": -999.0,
            "ssnamenr": "null",
            "drb": 0.9999909996986389
        },
        {
            "candid": 1023293310415015002,
            "jd": 2458777.7933102,
            "ra": 47.2564317,
            "dec": 24.0439423,
            "fid": 2,
            "nid": 1023,
            "magpsf": 18.31049919128418,
            "sigmapsf": 0.06947100162506104,
            "magnr": 18.73699951171875,
            "sigmagnr": 0.07000000029802322,
            "magzpsci": 26.14150047302246,
            "isdiffpos": "t",
            "ssdistnr": -999.0,
            "ssnamenr": "null",
            "drb": 0.9999949932098389
        },
        {
            "candid": 1023483930415015000,
            "jd": 2458777.9839352,
            "ra": 47.2563484,
            "dec": 24.0438997,
            "fid": 1,
            "nid": 1023,
            "magpsf": 19.055999755859375,
            "sigmapsf": 0.09727399796247482,
            "magnr": 19.368999481201172,
            "sigmagnr": 0.07599999755620956,
            "magzpsci": 26.16900062561035,
            "isdiffpos": "t",
            "ssdistnr": -999.0,
            "ssnamenr": "null",
            "drb": 1.0
        },
        {
            "candid": 1027317410415015003,
            "jd": 2458781.817419,
            "ra": 47.2565253,
            "dec": 24.0439957,
            "fid": 2,
            "nid": 1027,
            "magpsf": 18.187000274658203,
            "sigmapsf": 0.16126799583435059,
            "magnr": 18.73699951171875,
            "sigmagnr": 0.07000000029802322,
            "magzpsci": 25.216999053955078,
            "isdiffpos": "t",
            "ssdistnr": -999.0,
            "ssnamenr": "null",
            "drb": 0.9992430210113525
        },
        {
            "candid": 1027402250415015002,
            "jd": 2458781.9022569,
            "ra": 47.2565281,
            "dec": 24.0438132,
            "fid": 1,
            "nid": 1027,
            "magpsf": 19.530099868774414,
            "sigmapsf": 0.2575269937515259,
            "magnr": 19.368999481201172,
            "sigmagnr": 0.07599999755620956,
            "magzpsci": 26.219100952148438,
            "isdiffpos": "t",
            "ssdistnr": -999.0,
            "ssnamenr": "-999.0",
            "drb": null
        },
        {
            "candid": 1030411200415015001,
            "jd": 2458784.9112037,
            "ra": 47.2563308,
            "dec": 24.0439583,
            "fid": 1,
            "nid": 1030,
            "magpsf": 19.52910041809082,
            "sigmapsf": 0.2419700026512146,
            "magnr": 19.368999481201172,
            "sigmagnr": 0.07599999755620956,
            "magzpsci": 26.1830997467041,
            "isdiffpos": "t",
            "ssdistnr": -999.0,
            "ssnamenr": "-999.0",
            "drb": null
        },
        {
            "candid": 1033275150415015001,
            "jd": 2458787.7751505,
            "ra": 47.2563631,
            "dec": 24.0439263,
            "fid": 2,
            "nid": 1033,
            "magpsf": 18.612300872802734,
            "sigmapsf": 0.06499200314283371,
            "magnr": 18.73699951171875,
            "sigmagnr": 0.07000000029802322,
            "magzpsci": 26.167299270629883,
            "isdiffpos": "t",
            "ssdistnr": -999.0,
            "ssnamenr": "null",
            "drb": 0.9999989867210388
        },
        {
            "candid": 1035268340415015007,
            "jd": 2458789.7683449,
            "ra": 47.2564019,
            "dec": 24.0439142,
            "fid": 2,
            "nid": 1035,
            "magpsf": 18.639999389648438,
            "sigmapsf": 0.08045099675655365,
            "magnr": 18.73699951171875,
            "sigmagnr": 0.07000000029802322,
            "magzpsci": 26.160999298095703,
            "isdiffpos": "t",
            "ssdistnr": -999.0,
            "ssnamenr": "null",
            "drb": 1.0
        },
        {
            "candid": 1035344740415015002,
            "jd": 2458789.8447454,
            "ra": 47.2563731,
            "dec": 24.0439143,
            "fid": 1,
            "nid": 1035,
            "magpsf": 19.771099090576172,
            "sigmapsf": 0.19008399546146393,
            "magnr": 19.368999481201172,
            "sigmagnr": 0.07599999755620956,
            "magzpsci": 26.22209930419922,
            "isdiffpos": "t",
            "ssdistnr": -999.0,
            "ssnamenr": "null",
            "drb": 0.9999949932098389
        },
        {
            "candid": 1036302530415015004,
            "jd": 2458790.8025347,
            "ra": 47.2563894,
            "dec": 24.0438878,
            "fid": 1,
            "nid": 1036,
            "magpsf": 19.743099212646484,
            "sigmapsf": 0.13303899765014648,
            "magnr": 19.368999481201172,
            "sigmagnr": 0.07599999755620956,
            "magzpsci": 26.236099243164062,
            "isdiffpos": "t",
            "ssdistnr": -999.0,
            "ssnamenr": "null",
            "drb": 0.9999899864196777
        },
        {
            "candid": 1036303430415015000,
            "jd": 2458790.8034375,
            "ra": 47.2564076,
            "dec": 24.0439513,
            "fid": 1,
            "nid": 1036,
            "magpsf": 19.861900329589844,
            "sigmapsf": 0.12762799859046936,
            "magnr": 19.368999481201172,
            "sigmagnr": 0.07599999755620956,
            "magzpsci": 26.249900817871094,
            "isdiffpos": "t",
            "ssdistnr": -999.0,
            "ssnamenr": "null",
            "drb": 0.9999880194664001
        },
        {
            "candid": 1036303870415015002,
            "jd": 2458790.8038773,
            "ra": 47.2563752,
            "dec": 24.0438904,
            "fid": 1,
            "nid": 1036,
            "magpsf": 19.741300582885742,
            "sigmapsf": 0.1170630007982254,
            "magnr": 19.368999481201172,
            "sigmagnr": 0.07599999755620956,
            "magzpsci": 26.24329948425293,
            "isdiffpos": "t",
            "ssdistnr": -999.0,
            "ssnamenr": "null",
            "drb": 0.9999380111694336
        },
        {
            "candid": 1037297240415015001,
            "jd": 2458791.7972454,
            "ra": 47.2563909,
            "dec": 24.0439229,
            "fid": 1,
            "nid": 1037,
            "magpsf": 19.857999801635742,
            "sigmapsf": 0.1688389927148819,
            "magnr": 19.368999481201172,
            "sigmagnr": 0.07599999755620956,
            "magzpsci": 26.246999740600586,
            "isdiffpos": "t",
            "ssdistnr": -999.0,
            "ssnamenr": "null",
            "drb": 0.9999949932098389
        },
        {
            "candid": 1037298150415015001,
            "jd": 2458791.7981597,
            "ra": 47.256375,
            "dec": 24.0439448,
            "fid": 1,
            "nid": 1037,
            "magpsf": 19.877199172973633,
            "sigmapsf": 0.18828999996185303,
            "magnr": 19.368999481201172,
            "sigmagnr": 0.07599999755620956,
            "magzpsci": 26.231199264526367,
            "isdiffpos": "t",
            "ssdistnr": -999.0,
            "ssnamenr": "null",
            "drb": 0.9998980164527893
        },
        {
            "candid": 1037336740415015000,
            "jd": 2458791.8367477,
            "ra": 47.256421,
            "dec": 24.0439434,
            "fid": 2,
            "nid": 1037,
            "magpsf": 18.662500381469727,
            "sigmapsf": 0.07452099770307541,
            "magnr": 18.73699951171875,
            "sigmagnr": 0.07000000029802322,
            "magzpsci": 26.16349983215332,
            "isdiffpos": "t",
            "ssdistnr": -999.0,
            "ssnamenr": "null",
            "drb": 1.0
        },
        {
            "candid": 1037338130415015001,
            "jd": 2458791.8381366,
            "ra": 47.256428,
            "dec": 24.0439509,
            "fid": 2,
            "nid": 1037,
            "magpsf": 18.68630027770996,
            "sigmapsf": 0.0745910033583641,
            "magnr": 18.73699951171875,
            "sigmagnr": 0.07000000029802322,
            "magzpsci": 26.15730094909668,
            "isdiffpos": "t",
            "ssdistnr": -999.0,
            "ssnamenr": "null",
            "drb": 0.9999880194664001
        },
        {
            "candid": 1038349620415015001,
            "jd": 2458792.8496296,
            "ra": 47.2563788,
            "dec": 24.0439082,
            "fid": 1,
            "nid": 1038,
            "magpsf": 19.848899841308594,
            "sigmapsf": 0.14598600566387177,
            "magnr": 19.368999481201172,
            "sigmagnr": 0.07599999755620956,
            "magzpsci": 26.254899978637695,
            "isdiffpos": "t",
            "ssdistnr": -999.0,
            "ssnamenr": "null",
            "drb": 0.9999989867210388
        },
        {
            "candid": 1038350550415015001,
            "jd": 2458792.8505556,
            "ra": 47.2563698,
            "dec": 24.0439044,
            "fid": 1,
            "nid": 1038,
            "magpsf": 19.872499465942383,
            "sigmapsf": 0.13904599845409393,
            "magnr": 19.368999481201172,
            "sigmagnr": 0.07599999755620956,
            "magzpsci": 26.26849937438965,
            "isdiffpos": "t",
            "ssdistnr": -999.0,
            "ssnamenr": "null",
            "drb": 0.9997559785842896
        },
        {
            "candid": 1038357650415015001,
            "jd": 2458792.8576505,
            "ra": 47.2564054,
            "dec": 24.0439642,
            "fid": 2,
            "nid": 1038,
            "magpsf": 18.720500946044922,
            "sigmapsf": 0.08944100141525269,
            "magnr": 18.73699951171875,
            "sigmagnr": 0.07000000029802322,
            "magzpsci": 26.168500900268555,
            "isdiffpos": "t",
            "ssdistnr": -999.0,
            "ssnamenr": "null",
            "drb": 1.0
        },
        {
            "candid": 1038358570415015002,
            "jd": 2458792.8585764,
            "ra": 47.2563965,
            "dec": 24.0439439,
            "fid": 2,
            "nid": 1038,
            "magpsf": 18.831100463867188,
            "sigmapsf": 0.0887330025434494,
            "magnr": 18.73699951171875,
            "sigmagnr": 0.07000000029802322,
            "magzpsci": 26.185100555419922,
            "isdiffpos": "t",
            "ssdistnr": -999.0,
            "ssnamenr": "null",
            "drb": 1.0
        },
        {
            "candid": 1039366790415015000,
            "jd": 2458793.866794,
            "ra": 47.256429,
            "dec": 24.0439483,
            "fid": 2,
            "nid": 1039,
            "magpsf": 18.83370018005371,
            "sigmapsf": 0.07545000314712524,
            "magnr": 18.73699951171875,
            "sigmagnr": 0.07000000029802322,
            "magzpsci": 26.15169906616211,
            "isdiffpos": "t",
            "ssdistnr": -999.0,
            "ssnamenr": "null",
            "drb": 0.9999949932098389
        },
        {
            "candid": 1039367710415015000,
            "jd": 2458793.8677199,
            "ra": 47.2564434,
            "dec": 24.0439373,
            "fid": 2,
            "nid": 1039,
            "magpsf": 18.737499237060547,
            "sigmapsf": 0.06817299872636795,
            "magnr": 18.73699951171875,
            "sigmagnr": 0.07000000029802322,
            "magzpsci": 26.155500411987305,
            "isdiffpos": "t",
            "ssdistnr": -999.0,
            "ssnamenr": "null",
            "drb": 1.0
        },
        {
            "candid": 1040258140415015000,
            "jd": 2458794.7581481,
            "ra": 47.2564166,
            "dec": 24.0438503,
            "fid": 1,
            "nid": 1040,
            "magpsf": 20.061599731445312,
            "sigmapsf": 0.2525320053100586,
            "magnr": 19.368999481201172,
            "sigmagnr": 0.07599999755620956,
            "magzpsci": 26.246599197387695,
            "isdiffpos": "t",
            "ssdistnr": -999.0,
            "ssnamenr": "-999.0",
            "drb": null
        },
        {
            "candid": 1040270460415015000,
            "jd": 2458794.770463,
            "ra": 47.2564888,
            "dec": 24.0439235,
            "fid": 1,
            "nid": 1040,
            "magpsf": 19.830799102783203,
            "sigmapsf": 0.17197200655937195,
            "magnr": 19.368999481201172,
            "sigmagnr": 0.07599999755620956,
            "magzpsci": 26.22279930114746,
            "isdiffpos": "t",
            "ssdistnr": -999.0,
            "ssnamenr": "-999.0",
            "drb": null
        },
        {
            "candid": 1040270900415015000,
            "jd": 2458794.7709028,
            "ra": 47.2563671,
            "dec": 24.0439151,
            "fid": 1,
            "nid": 1040,
            "magpsf": 19.8799991607666,
            "sigmapsf": 0.17579199373722076,
            "magnr": 19.368999481201172,
            "sigmagnr": 0.07599999755620956,
            "magzpsci": 26.209999084472656,
            "isdiffpos": "t",
            "ssdistnr": -999.0,
            "ssnamenr": "null",
            "drb": 0.9999979734420776
        },
        {
            "candid": 1040316280415015003,
            "jd": 2458794.8162847,
            "ra": 47.2564415,
            "dec": 24.0439567,
            "fid": 2,
            "nid": 1040,
            "magpsf": 18.652599334716797,
            "sigmapsf": 0.08063600212335587,
            "magnr": 18.73699951171875,
            "sigmagnr": 0.07000000029802322,
            "magzpsci": 26.154600143432617,
            "isdiffpos": "t",
            "ssdistnr": -999.0,
            "ssnamenr": "-999.0",
            "drb": null
        },
        {
            "candid": 1040317190415015000,
            "jd": 2458794.8171991,
            "ra": 47.2564366,
            "dec": 24.0439576,
            "fid": 2,
            "nid": 1040,
            "magpsf": 18.7278995513916,
            "sigmapsf": 0.07252400368452072,
            "magnr": 18.73699951171875,
            "sigmagnr": 0.07000000029802322,
            "magzpsci": 26.15690040588379,
            "isdiffpos": "t",
            "ssdistnr": -999.0,
            "ssnamenr": "null",
            "drb": 0.9999979734420776
        },
        {
            "candid": 1041272740415015001,
            "jd": 2458795.7727431,
            "ra": 47.2565046,
            "dec": 24.0439425,
            "fid": 1,
            "nid": 1041,
            "magpsf": 19.77790069580078,
            "sigmapsf": 0.17589899897575378,
            "magnr": 19.368999481201172,
            "sigmagnr": 0.07599999755620956,
            "magzpsci": 26.232900619506836,
            "isdiffpos": "t",
            "ssdistnr": -999.0,
            "ssnamenr": "null",
            "drb": 0.9999060034751892
        },
        {
            "candid": 1041273650415015002,
            "jd": 2458795.7736574,
            "ra": 47.2564606,
            "dec": 24.0439085,
            "fid": 1,
            "nid": 1041,
            "magpsf": 19.93589973449707,
            "sigmapsf": 0.2088329941034317,
            "magnr": 19.368999481201172,
            "sigmagnr": 0.07599999755620956,
            "magzpsci": 26.236900329589844,
            "isdiffpos": "t",
            "ssdistnr": -999.0,
            "ssnamenr": "null",
            "drb": 0.9998779892921448
        },
        {
            "candid": 1041314210415015002,
            "jd": 2458795.814213,
            "ra": 47.2564178,
            "dec": 24.0439335,
            "fid": 2,
            "nid": 1041,
            "magpsf": 18.81570053100586,
            "sigmapsf": 0.09209799766540527,
            "magnr": 18.73699951171875,
            "sigmagnr": 0.07000000029802322,
            "magzpsci": 26.18470001220703,
            "isdiffpos": "t",
            "ssdistnr": -999.0,
            "ssnamenr": "null",
            "drb": 0.9999960064888
        },
        {
            "candid": 1041332120415015001,
            "jd": 2458795.8321296,
            "ra": 47.2564008,
            "dec": 24.0439482,
            "fid": 2,
            "nid": 1041,
            "magpsf": 18.747400283813477,
            "sigmapsf": 0.06967899948358536,
            "magnr": 18.73699951171875,
            "sigmagnr": 0.07000000029802322,
            "magzpsci": 26.164400100708008,
            "isdiffpos": "t",
            "ssdistnr": -999.0,
            "ssnamenr": "-999.0",
            "drb": null
        },
        {
            "candid": 1041332590415015001,
            "jd": 2458795.8325926,
            "ra": 47.2564577,
            "dec": 24.0439702,
            "fid": 2,
            "nid": 1041,
            "magpsf": 18.844200134277344,
            "sigmapsf": 0.07636000216007233,
            "magnr": 18.73699951171875,
            "sigmagnr": 0.07000000029802322,
            "magzpsci": 26.171199798583984,
            "isdiffpos": "t",
            "ssdistnr": -999.0,
            "ssnamenr": "null",
            "drb": 1.0
        },
        {
            "candid": 1043231720415015000,
            "jd": 2458797.7317245,
            "ra": 47.2563621,
            "dec": 24.0440441,
            "fid": 1,
            "nid": 1043,
            "magpsf": 19.736000061035156,
            "sigmapsf": 0.20997099578380585,
            "magnr": 19.368999481201172,
            "sigmagnr": 0.07599999755620956,
            "magzpsci": 26.19099998474121,
            "isdiffpos": "t",
            "ssdistnr": -999.0,
            "ssnamenr": "null",
            "drb": 0.9999809861183167
        },
        {
            "candid": 1043330960415015001,
            "jd": 2458797.8309606,
            "ra": 47.2564201,
            "dec": 24.0439436,
            "fid": 2,
            "nid": 1043,
            "magpsf": 18.809799194335938,
            "sigmapsf": 0.10991699993610382,
            "magnr": 18.73699951171875,
            "sigmagnr": 0.07000000029802322,
            "magzpsci": 26.154800415039062,
            "isdiffpos": "t",
            "ssdistnr": -999.0,
            "ssnamenr": "-999.0",
            "drb": null
        },
        {
            "candid": 1043331860415015002,
            "jd": 2458797.8318634,
            "ra": 47.2564412,
            "dec": 24.0439529,
            "fid": 2,
            "nid": 1043,
            "magpsf": 18.822500228881836,
            "sigmapsf": 0.11521700024604797,
            "magnr": 18.73699951171875,
            "sigmagnr": 0.07000000029802322,
            "magzpsci": 26.178499221801758,
            "isdiffpos": "t",
            "ssdistnr": -999.0,
            "ssnamenr": "null",
            "drb": 0.9999729990959167
        },
        {
            "candid": 1044325770415015001,
            "jd": 2458798.8257755,
            "ra": 47.2563751,
            "dec": 24.0439524,
            "fid": 2,
            "nid": 1044,
            "magpsf": 18.759599685668945,
            "sigmapsf": 0.12690599262714386,
            "magnr": 18.73699951171875,
            "sigmagnr": 0.07000000029802322,
            "magzpsci": 26.208599090576172,
            "isdiffpos": "t",
            "ssdistnr": -999.0,
            "ssnamenr": "null",
            "drb": 0.9970160126686096
        },
        {
            "candid": 1044326220415015002,
            "jd": 2458798.8262269,
            "ra": 47.2564086,
            "dec": 24.0440223,
            "fid": 2,
            "nid": 1044,
            "magpsf": 18.841699600219727,
            "sigmapsf": 0.15409600734710693,
            "magnr": 18.73699951171875,
            "sigmagnr": 0.07000000029802322,
            "magzpsci": 26.18670082092285,
            "isdiffpos": "t",
            "ssdistnr": -999.0,
            "ssnamenr": "null",
            "drb": 0.9959419965744019
        },
        {
            "candid": 1049296920415015002,
            "jd": 2458803.7969213,
            "ra": 47.2563966,
            "dec": 24.0439433,
            "fid": 2,
            "nid": 1049,
            "magpsf": 18.93000030517578,
            "sigmapsf": 0.08812099695205688,
            "magnr": 18.73699951171875,
            "sigmagnr": 0.07000000029802322,
            "magzpsci": 26.12299919128418,
            "isdiffpos": "t",
            "ssdistnr": -999.0,
            "ssnamenr": "null",
            "drb": 0.9999629855155945
        },
        {
            "candid": 1050205620415015004,
            "jd": 2458804.705625,
            "ra": 47.2564098,
            "dec": 24.0438265,
            "fid": 1,
            "nid": 1050,
            "magpsf": 20.267099380493164,
            "sigmapsf": 0.2914310097694397,
            "magnr": 19.368999481201172,
            "sigmagnr": 0.07599999755620956,
            "magzpsci": 26.22209930419922,
            "isdiffpos": "t",
            "ssdistnr": -999.0,
            "ssnamenr": "-999.0",
            "drb": null
        },
        {
            "candid": 1050206530415015001,
            "jd": 2458804.7065394,
            "ra": 47.2564582,
            "dec": 24.0438225,
            "fid": 1,
            "nid": 1050,
            "magpsf": 20.164899826049805,
            "sigmapsf": 0.33797401189804077,
            "magnr": 19.368999481201172,
            "sigmagnr": 0.07599999755620956,
            "magzpsci": 26.210899353027344,
            "isdiffpos": "t",
            "ssdistnr": -999.0,
            "ssnamenr": "-999.0",
            "drb": null
        },
        {
            "candid": 1050247830415015004,
            "jd": 2458804.7478356,
            "ra": 47.2564518,
            "dec": 24.0439329,
            "fid": 2,
            "nid": 1050,
            "magpsf": 19.007699966430664,
            "sigmapsf": 0.13394999504089355,
            "magnr": 18.73699951171875,
            "sigmagnr": 0.07000000029802322,
            "magzpsci": 26.154699325561523,
            "isdiffpos": "t",
            "ssdistnr": -999.0,
            "ssnamenr": "-999.0",
            "drb": null
        },
        {
            "candid": 1050248740415015003,
            "jd": 2458804.74875,
            "ra": 47.2565008,
            "dec": 24.0438963,
            "fid": 2,
            "nid": 1050,
            "magpsf": 18.98539924621582,
            "sigmapsf": 0.11222600191831589,
            "magnr": 18.73699951171875,
            "sigmagnr": 0.07000000029802322,
            "magzpsci": 26.157400131225586,
            "isdiffpos": "t",
            "ssdistnr": -999.0,
            "ssnamenr": "null",
            "drb": 0.9999989867210388
        },
        {
            "candid": 1050351940415015003,
            "jd": 2458804.8519444,
            "ra": 47.2564011,
            "dec": 24.0438826,
            "fid": 2,
            "nid": 1050,
            "magpsf": 19.138500213623047,
            "sigmapsf": 0.13230299949645996,
            "magnr": 18.73699951171875,
            "sigmagnr": 0.07000000029802322,
            "magzpsci": 26.15250015258789,
            "isdiffpos": "t",
            "ssdistnr": -999.0,
            "ssnamenr": "null",
            "drb": 0.9999970197677612
        },
        {
            "candid": 1051191730415015005,
            "jd": 2458805.6917361,
            "ra": 47.2563201,
            "dec": 24.0439355,
            "fid": 1,
            "nid": 1051,
            "magpsf": 20.38050079345703,
            "sigmapsf": 0.17368699610233307,
            "magnr": 19.368999481201172,
            "sigmagnr": 0.07599999755620956,
            "magzpsci": 26.21649932861328,
            "isdiffpos": "t",
            "ssdistnr": -999.0,
            "ssnamenr": "-999.0",
            "drb": null
        },
        {
            "candid": 1051192630415015006,
            "jd": 2458805.6926389,
            "ra": 47.2564246,
            "dec": 24.0438984,
            "fid": 1,
            "nid": 1051,
            "magpsf": 20.2992000579834,
            "sigmapsf": 0.19296300411224365,
            "magnr": 19.368999481201172,
            "sigmagnr": 0.07599999755620956,
            "magzpsci": 26.21619987487793,
            "isdiffpos": "t",
            "ssdistnr": -999.0,
            "ssnamenr": "null",
            "drb": 0.9999899864196777
        },
        {
            "candid": 1051342770415015003,
            "jd": 2458805.8427778,
            "ra": 47.2563568,
            "dec": 24.0439462,
            "fid": 2,
            "nid": 1051,
            "magpsf": 19.100099563598633,
            "sigmapsf": 0.10345599800348282,
            "magnr": 18.73699951171875,
            "sigmagnr": 0.07000000029802322,
            "magzpsci": 26.174100875854492,
            "isdiffpos": "t",
            "ssdistnr": -999.0,
            "ssnamenr": "null",
            "drb": 0.9999970197677612
        },
        {
            "candid": 1052243900415015002,
            "jd": 2458806.7439005,
            "ra": 47.2564113,
            "dec": 24.0439366,
            "fid": 2,
            "nid": 1052,
            "magpsf": 19.05229949951172,
            "sigmapsf": 0.08382599800825119,
            "magnr": 18.73699951171875,
            "sigmagnr": 0.07000000029802322,
            "magzpsci": 26.15130043029785,
            "isdiffpos": "t",
            "ssdistnr": -999.0,
            "ssnamenr": "null",
            "drb": 0.9999989867210388
        },
        {
            "candid": 1052244810415015005,
            "jd": 2458806.7448148,
            "ra": 47.2564008,
            "dec": 24.0439302,
            "fid": 2,
            "nid": 1052,
            "magpsf": 19.012500762939453,
            "sigmapsf": 0.08204799890518188,
            "magnr": 18.73699951171875,
            "sigmagnr": 0.07000000029802322,
            "magzpsci": 26.13450050354004,
            "isdiffpos": "t",
            "ssdistnr": -999.0,
            "ssnamenr": "null",
            "drb": 1.0
        },
        {
            "candid": 1052342710415015002,
            "jd": 2458806.8427199,
            "ra": 47.256484,
            "dec": 24.0438917,
            "fid": 1,
            "nid": 1052,
            "magpsf": 20.302099227905273,
            "sigmapsf": 0.23379400372505188,
            "magnr": 19.368999481201172,
            "sigmagnr": 0.07599999755620956,
            "magzpsci": 26.131099700927734,
            "isdiffpos": "t",
            "ssdistnr": -999.0,
            "ssnamenr": "-999.0",
            "drb": null
        },
        {
            "candid": 1052343630415015001,
            "jd": 2458806.8436343,
            "ra": 47.2563389,
            "dec": 24.0439643,
            "fid": 1,
            "nid": 1052,
            "magpsf": 20.326099395751953,
            "sigmapsf": 0.2584410011768341,
            "magnr": 19.368999481201172,
            "sigmagnr": 0.07599999755620956,
            "magzpsci": 26.21809959411621,
            "isdiffpos": "t",
            "ssdistnr": -999.0,
            "ssnamenr": "-999.0",
            "drb": null
        },
        {
            "candid": 1057215090415015000,
            "jd": 2458811.7150926,
            "ra": 47.2563615,
            "dec": 24.0439316,
            "fid": 1,
            "nid": 1057,
            "magpsf": 20.2903995513916,
            "sigmapsf": 0.21439500153064728,
            "magnr": 19.368999481201172,
            "sigmagnr": 0.07599999755620956,
            "magzpsci": 26.183399200439453,
            "isdiffpos": "t",
            "ssdistnr": -999.0,
            "ssnamenr": "null",
            "drb": 0.9999340176582336
        },
        {
            "candid": 1057216010415015002,
            "jd": 2458811.7160185,
            "ra": 47.2563284,
            "dec": 24.0438769,
            "fid": 1,
            "nid": 1057,
            "magpsf": 20.443899154663086,
            "sigmapsf": 0.26768600940704346,
            "magnr": 19.368999481201172,
            "sigmagnr": 0.07599999755620956,
            "magzpsci": 26.203899383544922,
            "isdiffpos": "t",
            "ssdistnr": -999.0,
            "ssnamenr": "-999.0",
            "drb": null
        },
        {
            "candid": 1057231750415015001,
            "jd": 2458811.7317593,
            "ra": 47.2563095,
            "dec": 24.0439401,
            "fid": 1,
            "nid": 1057,
            "magpsf": 20.518600463867188,
            "sigmapsf": 0.28597700595855713,
            "magnr": 19.368999481201172,
            "sigmagnr": 0.07599999755620956,
            "magzpsci": 26.171600341796875,
            "isdiffpos": "t",
            "ssdistnr": -999.0,
            "ssnamenr": "-999.0",
            "drb": null
        },
        {
            "candid": 1057300590415015000,
            "jd": 2458811.8005903,
            "ra": 47.2563871,
            "dec": 24.0439424,
            "fid": 2,
            "nid": 1057,
            "magpsf": 19.14430046081543,
            "sigmapsf": 0.13015499711036682,
            "magnr": 18.73699951171875,
            "sigmagnr": 0.07000000029802322,
            "magzpsci": 26.13629913330078,
            "isdiffpos": "t",
            "ssdistnr": -999.0,
            "ssnamenr": "-999.0",
            "drb": null
        },
        {
            "candid": 1057301520415015000,
            "jd": 2458811.8015278,
            "ra": 47.2564303,
            "dec": 24.043958,
            "fid": 2,
            "nid": 1057,
            "magpsf": 19.249300003051758,
            "sigmapsf": 0.14017899334430695,
            "magnr": 18.73699951171875,
            "sigmagnr": 0.07000000029802322,
            "magzpsci": 26.073299407958984,
            "isdiffpos": "t",
            "ssdistnr": -999.0,
            "ssnamenr": "-999.0",
            "drb": null
        },
        {
            "candid": 1058201140415015003,
            "jd": 2458812.7011458,
            "ra": 47.2563894,
            "dec": 24.0439523,
            "fid": 2,
            "nid": 1058,
            "magpsf": 19.14590072631836,
            "sigmapsf": 0.09155099838972092,
            "magnr": 18.73699951171875,
            "sigmagnr": 0.07000000029802322,
            "magzpsci": 26.15089988708496,
            "isdiffpos": "t",
            "ssdistnr": -999.0,
            "ssnamenr": "-999.0",
            "drb": null
        },
        {
            "candid": 1058210590415015003,
            "jd": 2458812.7105903,
            "ra": 47.2564425,
            "dec": 24.0439476,
            "fid": 2,
            "nid": 1058,
            "magpsf": 19.20039939880371,
            "sigmapsf": 0.10026399791240692,
            "magnr": 18.73699951171875,
            "sigmagnr": 0.07000000029802322,
            "magzpsci": 26.141399383544922,
            "isdiffpos": "t",
            "ssdistnr": -999.0,
            "ssnamenr": "null",
            "drb": 0.9999420046806335
        },
        {
            "candid": 1058215250415015003,
            "jd": 2458812.7152546,
            "ra": 47.2564152,
            "dec": 24.043945,
            "fid": 2,
            "nid": 1058,
            "magpsf": 19.27199935913086,
            "sigmapsf": 0.11796499788761139,
            "magnr": 18.73699951171875,
            "sigmagnr": 0.07000000029802322,
            "magzpsci": 26.14900016784668,
            "isdiffpos": "t",
            "ssdistnr": -999.0,
            "ssnamenr": "null",
            "drb": 0.9999269843101501
        },
        {
            "candid": 1058321260415015004,
            "jd": 2458812.8212616,
            "ra": 47.256303,
            "dec": 24.0438635,
            "fid": 1,
            "nid": 1058,
            "magpsf": 20.375,
            "sigmapsf": 0.22107699513435364,
            "magnr": 19.368999481201172,
            "sigmagnr": 0.07599999755620956,
            "magzpsci": 26.23900032043457,
            "isdiffpos": "t",
            "ssdistnr": -999.0,
            "ssnamenr": "-999.0",
            "drb": null
        },
        {
            "candid": 1058329720415015003,
            "jd": 2458812.8297222,
            "ra": 47.2563314,
            "dec": 24.0438368,
            "fid": 1,
            "nid": 1058,
            "magpsf": 20.51759910583496,
            "sigmapsf": 0.21633599698543549,
            "magnr": 19.368999481201172,
            "sigmagnr": 0.07599999755620956,
            "magzpsci": 26.22960090637207,
            "isdiffpos": "t",
            "ssdistnr": -999.0,
            "ssnamenr": "null",
            "drb": 0.9999250173568726
        },
        {
            "candid": 1060192970415015003,
            "jd": 2458814.6929745,
            "ra": 47.256389,
            "dec": 24.0439046,
            "fid": 2,
            "nid": 1060,
            "magpsf": 19.452600479125977,
            "sigmapsf": 0.11635100096464157,
            "magnr": 18.73699951171875,
            "sigmagnr": 0.07000000029802322,
            "magzpsci": 25.969600677490234,
            "isdiffpos": "t",
            "ssdistnr": -999.0,
            "ssnamenr": "-999.0",
            "drb": null
        },
        {
            "candid": 1060202730415015007,
            "jd": 2458814.7027315,
            "ra": 47.2563937,
            "dec": 24.0439731,
            "fid": 2,
            "nid": 1060,
            "magpsf": 19.25160026550293,
            "sigmapsf": 0.11987800151109695,
            "magnr": 18.73699951171875,
            "sigmagnr": 0.07000000029802322,
            "magzpsci": 25.84760093688965,
            "isdiffpos": "t",
            "ssdistnr": -999.0,
            "ssnamenr": "-999.0",
            "drb": null
        },
        {
            "candid": 1060204570415015001,
            "jd": 2458814.7045718,
            "ra": 47.2563674,
            "dec": 24.0439932,
            "fid": 2,
            "nid": 1060,
            "magpsf": 19.3612003326416,
            "sigmapsf": 0.12789300084114075,
            "magnr": 18.73699951171875,
            "sigmagnr": 0.07000000029802322,
            "magzpsci": 26.00819969177246,
            "isdiffpos": "t",
            "ssdistnr": -999.0,
            "ssnamenr": "null",
            "drb": 0.9999979734420776
        },
        {
            "candid": 1065226950415015002,
            "jd": 2458819.726956,
            "ra": 47.2564392,
            "dec": 24.0438531,
            "fid": 1,
            "nid": 1065,
            "magpsf": 20.500099182128906,
            "sigmapsf": 0.19295600056648254,
            "magnr": 19.368999481201172,
            "sigmagnr": 0.07599999755620956,
            "magzpsci": 26.23310089111328,
            "isdiffpos": "t",
            "ssdistnr": -999.0,
            "ssnamenr": "-999.0",
            "drb": null
        },
        {
            "candid": 1065252660415015000,
            "jd": 2458819.752662,
            "ra": 47.2564051,
            "dec": 24.0440339,
            "fid": 2,
            "nid": 1065,
            "magpsf": 19.01460075378418,
            "sigmapsf": 0.2018740028142929,
            "magnr": 18.73699951171875,
            "sigmagnr": 0.07000000029802322,
            "magzpsci": 25.29159927368164,
            "isdiffpos": "t",
            "ssdistnr": -999.0,
            "ssnamenr": "-999.0",
            "drb": null
        },
        {
            "candid": 1065253560415015000,
            "jd": 2458819.7535648,
            "ra": 47.2564052,
            "dec": 24.0439298,
            "fid": 2,
            "nid": 1065,
            "magpsf": 19.352800369262695,
            "sigmapsf": 0.16944700479507446,
            "magnr": 18.73699951171875,
            "sigmagnr": 0.07000000029802322,
            "magzpsci": 25.459800720214844,
            "isdiffpos": "t",
            "ssdistnr": -999.0,
            "ssnamenr": "-999.0",
            "drb": null
        },
        {
            "candid": 1074313610415015002,
            "jd": 2458828.8136111,
            "ra": 47.2564799,
            "dec": 24.0439285,
            "fid": 2,
            "nid": 1074,
            "magpsf": 19.25950050354004,
            "sigmapsf": 0.180075004696846,
            "magnr": 18.73699951171875,
            "sigmagnr": 0.07000000029802322,
            "magzpsci": 26.28849983215332,
            "isdiffpos": "t",
            "ssdistnr": -999.0,
            "ssnamenr": "null",
            "drb": 0.9998469948768616
        },
        {
            "candid": 1079226800415015000,
            "jd": 2458833.7268056,
            "ra": 47.2564275,
            "dec": 24.0439682,
            "fid": 2,
            "nid": 1079,
            "magpsf": 19.650800704956055,
            "sigmapsf": 0.15747299790382385,
            "magnr": 18.73699951171875,
            "sigmagnr": 0.07000000029802322,
            "magzpsci": 26.297800064086914,
            "isdiffpos": "t",
            "ssdistnr": -999.0,
            "ssnamenr": "null",
            "drb": 0.9999920129776001
        },
        {
            "candid": 1079270980415015000,
            "jd": 2458833.7709838,
            "ra": 47.2563448,
            "dec": 24.0439076,
            "fid": 2,
            "nid": 1079,
            "magpsf": 19.547500610351562,
            "sigmapsf": 0.17876499891281128,
            "magnr": 18.73699951171875,
            "sigmagnr": 0.07000000029802322,
            "magzpsci": 26.292499542236328,
            "isdiffpos": "t",
            "ssdistnr": -999.0,
            "ssnamenr": "null",
            "drb": 0.9999769926071167
        },
        {
            "candid": 1082099200415015018,
            "jd": 2458836.5992014,
            "ra": 47.2563527,
            "dec": 24.0439181,
            "fid": 2,
            "nid": 1082,
            "magpsf": 19.771900177001953,
            "sigmapsf": 0.2130800038576126,
            "magnr": 18.73699951171875,
            "sigmagnr": 0.07000000029802322,
            "magzpsci": 26.27090072631836,
            "isdiffpos": "t",
            "ssdistnr": -999.0,
            "ssnamenr": "null",
            "drb": 0.9997069835662842
        },
        {
            "candid": 1092132290415015012,
            "jd": 2458846.6322917,
            "ra": 47.2563575,
            "dec": 24.0438377,
            "fid": 2,
            "nid": 1092,
            "magpsf": 19.970600128173828,
            "sigmapsf": 0.20549699664115906,
            "magnr": 18.73699951171875,
            "sigmagnr": 0.07000000029802322,
            "magzpsci": 26.29360008239746,
            "isdiffpos": "t",
            "ssdistnr": -999.0,
            "ssnamenr": "null",
            "drb": 0.9987090229988098
        },
        {
            "candid": 1095130030415015001,
            "jd": 2458849.6300347,
            "ra": 47.2562672,
            "dec": 24.0439072,
            "fid": 1,
            "nid": 1095,
            "magpsf": 20.96269989013672,
            "sigmapsf": 0.33218398690223694,
            "magnr": 19.368999481201172,
            "sigmagnr": 0.07599999755620956,
            "magzpsci": 26.37070083618164,
            "isdiffpos": "t",
            "ssdistnr": -999.0,
            "ssnamenr": "-999.0",
            "drb": null
        },
        {
            "candid": 1095169440415015002,
            "jd": 2458849.6694444,
            "ra": 47.2564671,
            "dec": 24.0439754,
            "fid": 2,
            "nid": 1095,
            "magpsf": 20.04330062866211,
            "sigmapsf": 0.1676979959011078,
            "magnr": 18.73699951171875,
            "sigmagnr": 0.07000000029802322,
            "magzpsci": 26.299299240112305,
            "isdiffpos": "t",
            "ssdistnr": -999.0,
            "ssnamenr": "null",
            "drb": 0.9999949932098389
        },
        {
            "candid": 1096145810415015011,
            "jd": 2458850.6458102,
            "ra": 47.256421,
            "dec": 24.0439451,
            "fid": 2,
            "nid": 1096,
            "magpsf": 19.861600875854492,
            "sigmapsf": 0.16667400300502777,
            "magnr": 18.73699951171875,
            "sigmagnr": 0.07000000029802322,
            "magzpsci": 26.257600784301758,
            "isdiffpos": "t",
            "ssdistnr": -999.0,
            "ssnamenr": "null",
            "drb": 0.9999930262565613
        },
        {
            "candid": 1105174400415015001,
            "jd": 2458859.6744097,
            "ra": 47.2564732,
            "dec": 24.0439897,
            "fid": 2,
            "nid": 1105,
            "magpsf": 19.896799087524414,
            "sigmapsf": 0.21720300614833832,
            "magnr": 18.73699951171875,
            "sigmagnr": 0.07000000029802322,
            "magzpsci": 26.301799774169922,
            "isdiffpos": "t",
            "ssdistnr": -999.0,
            "ssnamenr": "-999.0",
            "drb": null
        },
        {
            "candid": 1106158150415015001,
            "jd": 2458860.6581597,
            "ra": 47.2564733,
            "dec": 24.0439323,
            "fid": 2,
            "nid": 1106,
            "magpsf": 20.009700775146484,
            "sigmapsf": 0.2057339996099472,
            "magnr": 18.73699951171875,
            "sigmagnr": 0.07000000029802322,
            "magzpsci": 26.2726993560791,
            "isdiffpos": "t",
            "ssdistnr": -999.0,
            "ssnamenr": "null",
            "drb": 0.9995660185813904
        },
        {
            "candid": 1107153730415015000,
            "jd": 2458861.6537384,
            "ra": 47.2565129,
            "dec": 24.0439908,
            "fid": 2,
            "nid": 1107,
            "magpsf": 20.193300247192383,
            "sigmapsf": 0.2181600034236908,
            "magnr": 18.73699951171875,
            "sigmagnr": 0.07000000029802322,
            "magzpsci": 26.28030014038086,
            "isdiffpos": "t",
            "ssdistnr": -999.0,
            "ssnamenr": "-999.0",
            "drb": null
        },
        {
            "candid": 1108145980415015005,
            "jd": 2458862.6459838,
            "ra": 47.2561678,
            "dec": 24.0438493,
            "fid": 1,
            "nid": 1108,
            "magpsf": 21.03619956970215,
            "sigmapsf": 0.28488001227378845,
            "magnr": 19.368999481201172,
            "sigmagnr": 0.07599999755620956,
            "magzpsci": 26.36520004272461,
            "isdiffpos": "t",
            "ssdistnr": -999.0,
            "ssnamenr": "-999.0",
            "drb": null
        },
        {
            "candid": 1110138000415015002,
            "jd": 2458864.6380093,
            "ra": 47.2563351,
            "dec": 24.0438263,
            "fid": 1,
            "nid": 1110,
            "magpsf": 21.006200790405273,
            "sigmapsf": 0.26804599165916443,
            "magnr": 19.368999481201172,
            "sigmagnr": 0.07599999755620956,
            "magzpsci": 26.366199493408203,
            "isdiffpos": "t",
            "ssdistnr": -999.0,
            "ssnamenr": "-999.0",
            "drb": null
        },
        {
            "candid": 1113123500415015001,
            "jd": 2458867.6235069,
            "ra": 47.2564642,
            "dec": 24.0439717,
            "fid": 2,
            "nid": 1113,
            "magpsf": 20.041400909423828,
            "sigmapsf": 0.33452799916267395,
            "magnr": 18.73699951171875,
            "sigmagnr": 0.07000000029802322,
            "magzpsci": 25.779399871826172,
            "isdiffpos": "t",
            "ssdistnr": -999.0,
            "ssnamenr": "-999.0",
            "drb": null
        },
        {
            "candid": 1119181850415015001,
            "jd": 2458873.6818519,
            "ra": 47.2563894,
            "dec": 24.0439938,
            "fid": 2,
            "nid": 1119,
            "magpsf": 20.063100814819336,
            "sigmapsf": 0.1430709958076477,
            "magnr": 18.73699951171875,
            "sigmagnr": 0.07000000029802322,
            "magzpsci": 26.281099319458008,
            "isdiffpos": "t",
            "ssdistnr": -999.0,
            "ssnamenr": "null",
            "drb": 0.9999729990959167
        },
        {
            "candid": 1120142360415015001,
            "jd": 2458874.6423611,
            "ra": 47.2564797,
            "dec": 24.0439062,
            "fid": 2,
            "nid": 1120,
            "magpsf": 20.11009979248047,
            "sigmapsf": 0.22711899876594543,
            "magnr": 18.73699951171875,
            "sigmagnr": 0.07000000029802322,
            "magzpsci": 25.924100875854492,
            "isdiffpos": "t",
            "ssdistnr": -999.0,
            "ssnamenr": "-999.0",
            "drb": null
        },
        {
            "candid": 1126163110415015003,
            "jd": 2458880.6631134,
            "ra": 47.2563304,
            "dec": 24.0438662,
            "fid": 2,
            "nid": 1126,
            "magpsf": 20.167400360107422,
            "sigmapsf": 0.2661130130290985,
            "magnr": 18.73699951171875,
            "sigmagnr": 0.07000000029802322,
            "magzpsci": 26.279399871826172,
            "isdiffpos": "t",
            "ssdistnr": -999.0,
            "ssnamenr": "-999.0",
            "drb": null
        },
        {
            "jd": 2458722.94155,
            "fid": 1,
            "diffmaglim": 20.774999618530273
        },
        {
            "jd": 2458722.98735,
            "fid": 2,
            "diffmaglim": 20.718000411987305
        },
        {
            "jd": 2458725.96406,
            "fid": 1,
            "diffmaglim": 20.784000396728516
        },
        {
            "jd": 2458725.99855,
            "fid": 2,
            "diffmaglim": 20.69099998474121
        },
        {
            "jd": 2458732.92179,
            "fid": 1,
            "diffmaglim": 20.766000747680664
        },
        {
            "jd": 2458732.97587,
            "fid": 2,
            "diffmaglim": 20.70400047302246
        },
        {
            "jd": 2458735.94593,
            "fid": 1,
            "diffmaglim": 20.738000869750977
        },
        {
            "jd": 2458735.98348,
            "fid": 2,
            "diffmaglim": 20.658000946044922
        },
        {
            "jd": 2458739.00042,
            "fid": 1,
            "diffmaglim": 20.590999603271484
        },
        {
            "jd": 2458739.00574,
            "fid": 2,
            "diffmaglim": 20.479999542236328
        },
        {
            "jd": 2458741.94215,
            "fid": 2,
            "diffmaglim": 19.604000091552734
        },
        {
            "jd": 2458797.73263,
            "fid": 1,
            "diffmaglim": 19.44300079345703
        },
        {
            "jd": 2458797.80767,
            "fid": 1,
            "diffmaglim": 19.481000900268555
        },
        {
            "jd": 2458798.81363,
            "fid": 2,
            "diffmaglim": 18.94099998474121
        },
        {
            "jd": 2458801.69181,
            "fid": 1,
            "diffmaglim": 18.893999099731445
        },
        {
            "jd": 2458801.70041,
            "fid": 1,
            "diffmaglim": 18.809999465942383
        },
        {
            "jd": 2458801.77815,
            "fid": 2,
            "diffmaglim": 18.395000457763672
        },
        {
            "jd": 2458801.77999,
            "fid": 2,
            "diffmaglim": 18.69499969482422
        },
        {
            "jd": 2458801.78044,
            "fid": 2,
            "diffmaglim": 18.10700035095215
        },
        {
            "jd": 2458802.68987,
            "fid": 1,
            "diffmaglim": 19.399999618530273
        },
        {
            "jd": 2458802.70707,
            "fid": 1,
            "diffmaglim": 19.55699920654297
        },
        {
            "jd": 2458803.71337,
            "fid": 1,
            "diffmaglim": 19.572999954223633
        },
        {
            "jd": 2458803.72481,
            "fid": 1,
            "diffmaglim": 19.16200065612793
        },
        {
            "jd": 2458803.79589,
            "fid": 2,
            "diffmaglim": 19.725000381469727
        },
        {
            "jd": 2458813.68929,
            "fid": 1,
            "diffmaglim": 19.75
        },
        {
            "jd": 2458813.7,
            "fid": 1,
            "diffmaglim": 19.614999771118164
        },
        {
            "jd": 2458814.74701,
            "fid": 1,
            "diffmaglim": 17.777999877929688
        },
        {
            "jd": 2458814.74792,
            "fid": 1,
            "diffmaglim": 18.05299949645996
        },
        {
            "jd": 2458819.72786,
            "fid": 1,
            "diffmaglim": 20.583999633789062
        },
        {
            "jd": 2458820.72752,
            "fid": 1,
            "diffmaglim": 19.61199951171875
        },
        {
            "jd": 2458820.72844,
            "fid": 1,
            "diffmaglim": 19.84000015258789
        },
        {
            "jd": 2458820.75343,
            "fid": 2,
            "diffmaglim": 17.277000427246094
        },
        {
            "jd": 2458820.75438,
            "fid": 2,
            "diffmaglim": 16.96500015258789
        },
        {
            "jd": 2458830.68667,
            "fid": 1,
            "diffmaglim": 19.506999969482422
        },
        {
            "jd": 2458830.74958,
            "fid": 2,
            "diffmaglim": 19.847000122070312
        },
        {
            "jd": 2458831.72858,
            "fid": 1,
            "diffmaglim": 19.18199920654297
        },
        {
            "jd": 2458833.68063,
            "fid": 1,
            "diffmaglim": 20.06100082397461
        },
        {
            "jd": 2458836.63279,
            "fid": 1,
            "diffmaglim": 20.569000244140625
        },
        {
            "jd": 2458839.63053,
            "fid": 1,
            "diffmaglim": 18.562999725341797
        },
        {
            "jd": 2458839.76053,
            "fid": 2,
            "diffmaglim": 15.640000343322754
        },
        {
            "jd": 2458846.71639,
            "fid": 1,
            "diffmaglim": 20.638999938964844
        },
        {
            "jd": 2458849.60248,
            "fid": 1,
            "diffmaglim": 20.638999938964844
        },
        {
            "jd": 2458851.64955,
            "fid": 1,
            "diffmaglim": 19.420000076293945
        },
        {
            "jd": 2458852.60451,
            "fid": 1,
            "diffmaglim": 20.01799964904785
        },
        {
            "jd": 2458852.61477,
            "fid": 1,
            "diffmaglim": 19.67799949645996
        },
        {
            "jd": 2458853.61269,
            "fid": 1,
            "diffmaglim": 19.195999145507812
        },
        {
            "jd": 2458856.62,
            "fid": 1,
            "diffmaglim": 19.56800079345703
        },
        {
            "jd": 2458856.64831,
            "fid": 2,
            "diffmaglim": 19.797000885009766
        },
        {
            "jd": 2458859.61145,
            "fid": 1,
            "diffmaglim": 19.60700035095215
        },
        {
            "jd": 2458859.71722,
            "fid": 2,
            "diffmaglim": 19.64900016784668
        }
    ],
    "forcedphot": []
}