{
    "objectId": "ZTF19ackjjwf",
    "candidates": [
        {
            "candid": 1031502911415015002,
            "jd": 2458786.0029167,
            "ra": 120.7080476,
            "dec": 15.8015095,
            "fid": 2,
            "nid": 1031,
            "magpsf": 19.299299240112305,
            "sigmapsf": 0.1072010025382042,
            "magnr": 20.698999404907227,
            "sigmagnr": 0.12099999934434891,
            "magzpsci": 25.939300537109375,
            "isdiffpos": "t",
            "ssdistnr": -999.0,
            "ssnamenr": "null",
            "drb": 0.9999989867210388
        },
        {
            "candid": 1031525061415015003,
            "jd": 2458786.0250694,
            "ra": 120.7080117,
            "dec": 15.8015334,
            "fid": 1,
            "nid": 1031,
            "magpsf": 19.416799545288086,
            "sigmapsf": 0.15033000707626343,
            "magnr": 20.725000381469727,
            "sigmagnr": 0.07999999821186066,
            "magzpsci": 26.037799835205078,
            "isdiffpos": "t",
            "ssdistnr": -999.0,
            "ssnamenr": "null",
            "drb": 0.9999989867210388
        },
        {
            "candid": 1034504591415015006,
            "jd": 2458789.0045949,
            "ra": 120.7080532,
            "dec": 15.8015127,
            "fid": 1,
            "nid": 1034,
            "magpsf": 18.695100784301758,
            "sigmapsf": 0.09257099777460098,
            "magnr": 20.725000381469727,
            "sigmagnr": 0.07999999821186066,
            "magzpsci": 26.054100036621094,
            "isdiffpos": "t",
            "ssdistnr": -999.0,
            "ssnamenr": "null",
            "drb": 0.9999989867210388
        },
        {
            "candid": 1034525691415015011,
            "jd": 2458789.0256944,
            "ra": 120.7080047,
            "dec": 15.8015204,
            "fid": 2,
            "nid": 1034,
            "magpsf": 18.586700439453125,
            "sigmapsf": 0.08340699970722198,
            "magnr": 20.698999404907227,
            "sigmagnr": 0.12099999934434891,
            "magzpsci": 25.939699172973633,
            "isdiffpos": "t",
            "ssdistnr": -999.0,
            "ssnamenr": "null",
            "drb": 1.0
        },
        {
            "candid": 1036515231415015011,
            "jd": 2458791.0152315,
            "ra": 120.7080292,
            "dec": 15.8015219,
            "fid": 2,
            "nid": 1036,
            "magpsf": 18.337299346923828,
            "sigmapsf": 0.06714700162410736,
            "magnr": 20.698999404907227,
            "sigmagnr": 0.12099999934434891,
            "magzpsci": 25.94029998779297,
            "isdiffpos": "t",
            "ssdistnr": -999.0,
            "ssnamenr": "null",
            "drb": 1.0
        },
        {
            "candid": 1036545501415015004,
            "jd": 2458791.0455093,
            "ra": 120.7080145,
            "dec": 15.8015056,
            "fid": 1,
            "nid": 1036,
            "magpsf": 18.461700439453125,
            "sigmapsf": 0.09183400124311447,
            "magnr": 20.725000381469727,
            "sigmagnr": 0.07999999821186066,
            "magzpsci": 26.06570053100586,
            "isdiffpos": "t",
            "ssdistnr": -999.0,
            "ssnamenr": "null",
            "drb": 1.0
        },
        {
            "candid": 1037517681415015004,
            "jd": 2458792.0176852,
            "ra": 120.7080202,
            "dec": 15.8015199,
            "fid": 2,
            "nid": 1037,
            "magpsf": 18.172000885009766,
            "sigmapsf": 0.07136200368404388,
            "magnr": 20.698999404907227,
            "sigmagnr": 0.12099999934434891,
            "magzpsci": 25.93899917602539,
            "isdiffpos": "t",
            "ssdistnr": -999.0,
            "ssnamenr": "null",
            "drb": 0.9999619722366333
        },
        {
            "candid": 1037525311415015006,
            "jd": 2458792.0253125,
            "ra": 120.7080257,
            "dec": 15.8015135,
            "fid": 1,
            "nid": 1037,
            "magpsf": 18.3710994720459,
            "sigmapsf": 0.07274899631738663,
            "magnr": 20.725000381469727,
            "sigmagnr": 0.07999999821186066,
            "magzpsci": 26.039100646972656,
            "isdiffpos": "t",
            "ssdistnr": -999.0,
            "ssnamenr": "null",
            "drb": 1.0
        },
        {
            "candid": 1040545861415015007,
            "jd": 2458795.0458681,
            "ra": 120.7080208,
            "dec": 15.8015153,
            "fid": 1,
            "nid": 1040,
            "magpsf": 17.96139907836914,
            "sigmapsf": 0.058361999690532684,
            "magnr": 20.725000381469727,
            "sigmagnr": 0.07999999821186066,
            "magzpsci": 26.049400329589844,
            "isdiffpos": "t",
            "ssdistnr": -999.0,
            "ssnamenr": "null",
            "drb": 1.0
        },
        {
            "candid": 1043532431415015019,
            "jd": 2458798.0324306,
            "ra": 120.7080315,
            "dec": 15.8015283,
            "fid": 2,
            "nid": 1043,
            "magpsf": 17.593799591064453,
            "sigmapsf": 0.05219399929046631,
            "magnr": 20.698999404907227,
            "sigmagnr": 0.12099999934434891,
            "magzpsci": 25.922800064086914,
            "isdiffpos": "t",
            "ssdistnr": -999.0,
            "ssnamenr": "null",
            "drb": 1.0
        },
        {
            "candid": 1046526931415015005,
            "jd": 2458801.0269329,
            "ra": 120.7080273,
            "dec": 15.8015186,
            "fid": 2,
            "nid": 1046,
            "magpsf": 17.476999282836914,
            "sigmapsf": 0.05607600137591362,
            "magnr": 20.698999404907227,
            "sigmagnr": 0.12099999934434891,
            "magzpsci": 25.94300079345703,
            "isdiffpos": "t",
            "ssdistnr": -999.0,
            "ssnamenr": "null",
            "drb": 0.9982320070266724
        },
        {
            "candid": 1046548061415015005,
            "jd": 2458801.0480671,
            "ra": 120.70802,
            "dec": 15.8015278,
            "fid": 1,
            "nid": 1046,
            "magpsf": 17.70509910583496,
            "sigmapsf": 0.06731200218200684,
            "magnr": 20.725000381469727,
            "sigmagnr": 0.07999999821186066,
            "magzpsci": 26.090099334716797,
            "isdiffpos": "t",
            "ssdistnr": -999.0,
            "ssnamenr": "null",
            "drb": 1.0
        },
        {
            "candid": 1049426001415015004,
            "jd": 2458803.9260069,
            "ra": 120.7080258,
            "dec": 15.8015396,
            "fid": 2,
            "nid": 1049,
            "magpsf": 17.424100875854492,
            "sigmapsf": 0.055052001029253006,
            "magnr": 20.698999404907227,
            "sigmagnr": 0.12099999934434891,
            "magzpsci": 25.90410041809082,
            "isdiffpos": "t",
            "ssdistnr": -999.0,
            "ssnamenr": "null",
            "drb": 1.0
        },
        {
            "candid": 1052487551415015005,
            "jd": 2458806.9875579,
            "ra": 120.7080054,
            "dec": 15.8015207,
            "fid": 2,
            "nid": 1052,
            "magpsf": 17.635400772094727,
            "sigmapsf": 0.0654899999499321,
            "magnr": 20.698999404907227,
            "sigmagnr": 0.12099999934434891,
            "magzpsci": 25.940399169921875,
            "isdiffpos": "t",
            "ssdistnr": -999.0,
            "ssnamenr": "null",
            "drb": 1.0
        },
        {
            "candid": 1058435901415015013,
            "jd": 2458812.9359028,
            "ra": 120.7080564,
            "dec": 15.8015233,
            "fid": 1,
            "nid": 1058,
            "magpsf": 18.991199493408203,
            "sigmapsf": 0.098812997341156,
            "magnr": 20.725000381469727,
            "sigmagnr": 0.07999999821186066,
            "magzpsci": 26.033199310302734,
            "isdiffpos": "t",
            "ssdistnr": -999.0,
            "ssnamenr": "null",
            "drb": 1.0
        },
        {
            "candid": 1073330551415015005,
            "jd": 2458827.8305556,
            "ra": 120.7080655,
            "dec": 15.8015018,
            "fid": 2,
            "nid": 1073,
            "magpsf": 18.715200424194336,
            "sigmapsf": 0.1260869950056076,
            "magnr": 20.698999404907227,
            "sigmagnr": 0.12099999934434891,
            "magzpsci": 25.914199829101562,
            "isdiffpos": "t",
            "ssdistnr": -999.0,
            "ssnamenr": "null",
            "drb": 0.9999740123748779
        },
        {
            "candid": 1073457261415015004,
            "jd": 2458827.9572685,
            "ra": 120.70803,
            "dec": 15.801544,
            "fid": 2,
            "nid": 1073,
            "magpsf": 18.64349937438965,
            "sigmapsf": 0.09111300110816956,
            "magnr": 20.698999404907227,
            "sigmagnr": 0.12099999934434891,
            "magzpsci": 25.930500030517578,
            "isdiffpos": "t",
            "ssdistnr": -999.0,
            "ssnamenr": "null",
            "drb": 1.0
        },
        {
            "candid": 1076416781415015008,
            "jd": 2458830.9167824,
            "ra": 120.7080089,
            "dec": 15.8015661,
            "fid": 2,
            "nid": 1076,
            "magpsf": 18.72760009765625,
            "sigmapsf": 0.13346900045871735,
            "magnr": 20.698999404907227,
            "sigmagnr": 0.12099999934434891,
            "magzpsci": 26.07659912109375,
            "isdiffpos": "t",
            "ssdistnr": 27.0,
            "ssnamenr": "2015XJ279",
            "drb": 0.9999899864196777
        },
        {
            "candid": 1081441341415015009,
            "jd": 2458835.9413426,
            "ra": 120.7080052,
            "dec": 15.8016066,
            "fid": 2,
            "nid": 1081,
            "magpsf": 18.874900817871094,
            "sigmapsf": 0.11913800239562988,
            "magnr": 20.698999404907227,
            "sigmagnr": 0.12099999934434891,
            "magzpsci": 26.075899124145508,
            "isdiffpos": "t",
            "ssdistnr": -999.0,
            "ssnamenr": "null",
            "drb": 0.9999949932098389
        },
        {
            "candid": 1083437241415015003,
            "jd": 2458837.9372454,
            "ra": 120.7080053,
            "dec": 15.8014967,
            "fid": 2,
            "nid": 1083,
            "magpsf": 19.030500411987305,
            "sigmapsf": 0.13918399810791016,
            "magnr": 20.698999404907227,
            "sigmagnr": 0.12099999934434891,
            "magzpsci": 26.063499450683594,
            "isdiffpos": "t",
            "ssdistnr": -999.0,
            "ssnamenr": "null",
            "drb": 0.9999930262565613
        },
        {
            "candid": 1084436281415015009,
            "jd": 2458838.9362847,
            "ra": 120.7080467,
            "dec": 15.8015761,
            "fid": 2,
            "nid": 1084,
            "magpsf": 19.119600296020508,
            "sigmapsf": 0.27093398571014404,
            "magnr": 20.698999404907227,
            "sigmagnr": 0.12099999934434891,
            "magzpsci": 25.215599060058594,
            "isdiffpos": "t",
            "ssdistnr": -999.0,
            "ssnamenr": "-999.0",
            "drb": null
        },
        {
            "candid": 1084456921415015013,
            "jd": 2458838.9569213,
            "ra": 120.7080134,
            "dec": 15.8017352,
            "fid": 1,
            "nid": 1084,
            "magpsf": 19.506500244140625,
            "sigmapsf": 0.27416300773620605,
            "magnr": 20.725000381469727,
            "sigmagnr": 0.07999999821186066,
            "magzpsci": 25.364500045776367,
            "isdiffpos": "t",
            "ssdistnr": -999.0,
            "ssnamenr": "-999.0",
            "drb": null
        },
        {
            "candid": 1092405721415015005,
            "jd": 2458846.9057292,
            "ra": 120.7080353,
            "dec": 15.8015185,
            "fid": 2,
            "nid": 1092,
            "magpsf": 19.163999557495117,
            "sigmapsf": 0.08854400366544724,
            "magnr": 20.698999404907227,
            "sigmagnr": 0.12099999934434891,
            "magzpsci": 26.075000762939453,
            "isdiffpos": "t",
            "ssdistnr": -999.0,
            "ssnamenr": "null",
            "drb": 1.0
        },
        {
            "candid": 1092440931415015002,
            "jd": 2458846.9409375,
            "ra": 120.7080083,
            "dec": 15.8015042,
            "fid": 2,
            "nid": 1092,
            "magpsf": 19.176700592041016,
            "sigmapsf": 0.11983499675989151,
            "magnr": 20.698999404907227,
            "sigmagnr": 0.12099999934434891,
            "magzpsci": 26.069700241088867,
            "isdiffpos": "t",
            "ssdistnr": -999.0,
            "ssnamenr": "null",
            "drb": 0.9999970197677612
        },
        {
            "candid": 1096444321415015016,
            "jd": 2458850.9443287,
            "ra": 120.7080291,
            "dec": 15.8014897,
            "fid": 2,
            "nid": 1096,
            "magpsf": 19.153099060058594,
            "sigmapsf": 0.15884199738502502,
            "magnr": 20.698999404907227,
            "sigmagnr": 0.12099999934434891,
            "magzpsci": 26.07110023498535,
            "isdiffpos": "t",
            "ssdistnr": 27.0,
            "ssnamenr": "94471",
            "drb": 0.9999210238456726
        },
        {
            "candid": 1099425261415015008,
            "jd": 2458853.9252662,
            "ra": 120.7080027,
            "dec": 15.8014973,
            "fid": 2,
            "nid": 1099,
            "magpsf": 19.4512996673584,
            "sigmapsf": 0.10734499990940094,
            "magnr": 20.698999404907227,
            "sigmagnr": 0.12099999934434891,
            "magzpsci": 26.082300186157227,
            "isdiffpos": "t",
            "ssdistnr": -999.0,
            "ssnamenr": "null",
            "drb": 0.9997910261154175
        },
        {
            "candid": 1107299811415015003,
            "jd": 2458861.7998148,
            "ra": 120.7081643,
            "dec": 15.8016612,
            "fid": 2,
            "nid": 1107,
            "magpsf": 19.562700271606445,
            "sigmapsf": 0.2603060007095337,
            "magnr": 20.698999404907227,
            "sigmagnr": 0.12099999934434891,
            "magzpsci": 26.068700790405273,
            "isdiffpos": "t",
            "ssdistnr": -999.0,
            "ssnamenr": "-999.0",
            "drb": null
        },
        {
            "candid": 1110206551415015009,
            "jd": 2458864.7065509,
            "ra": 120.7080269,
            "dec": 15.8015449,
            "fid": 1,
            "nid": 1110,
            "magpsf": 20.215299606323242,
            "sigmapsf": 0.1915300041437149,
            "magnr": 20.725000381469727,
            "sigmagnr": 0.07999999821186066,
            "magzpsci": 26.128299713134766,
            "isdiffpos": "t",
            "ssdistnr": -999.0,
            "ssnamenr": "null",
            "drb": 0.9999300241470337
        },
        {
            "candid": 1110214591415015003,
            "jd": 2458864.7145949,
            "ra": 120.7080409,
            "dec": 15.8015143,
            "fid": 2,
            "nid": 1110,
            "magpsf": 19.650100708007812,
            "sigmapsf": 0.13785600662231445,
            "magnr": 20.698999404907227,
            "sigmagnr": 0.12099999934434891,
            "magzpsci": 26.03510093688965,
            "isdiffpos": "t",
            "ssdistnr": -999.0,
            "ssnamenr": "null",
            "drb": 0.9999989867210388
        },
        {
            "candid": 1113338981415015010,
            "jd": 2458867.8389815,
            "ra": 120.7080495,
            "dec": 15.8014938,
            "fid": 2,
            "nid": 1113,
            "magpsf": 19.6299991607666,
            "sigmapsf": 0.1414870023727417,
            "magnr": 20.698999404907227,
            "sigmagnr": 0.12099999934434891,
            "magzpsci": 26.059999465942383,
            "isdiffpos": "t",
            "ssdistnr": -999.0,
            "ssnamenr": "null",
            "drb": 0.9999979734420776
        },
        {
            "candid": 1113389221415015008,
            "jd": 2458867.8892245,
            "ra": 120.7080819,
            "dec": 15.8015124,
            "fid": 1,
            "nid": 1113,
            "magpsf": 20.276100158691406,
            "sigmapsf": 0.23520199954509735,
            "magnr": 20.725000381469727,
            "sigmagnr": 0.07999999821186066,
            "magzpsci": 26.192100524902344,
            "isdiffpos": "t",
            "ssdistnr": -999.0,
            "ssnamenr": "-999.0",
            "drb": null
        },
        {
            "candid": 1117216381415015011,
            "jd": 2458871.7163889,
            "ra": 120.7081485,
            "dec": 15.8015879,
            "fid": 1,
            "nid": 1117,
            "magpsf": 20.323200225830078,
            "sigmapsf": 0.2899850010871887,
            "magnr": 20.725000381469727,
            "sigmagnr": 0.07999999821186066,
            "magzpsci": 26.151199340820312,
            "isdiffpos": "t",
            "ssdistnr": -999.0,
            "ssnamenr": "-999.0",
            "drb": null
        },
        {
            "candid": 1117277631415015012,
            "jd": 2458871.7776389,
            "ra": 120.7080203,
            "dec": 15.8015175,
            "fid": 2,
            "nid": 1117,
            "magpsf": 19.754899978637695,
            "sigmapsf": 0.16602499783039093,
            "magnr": 20.698999404907227,
            "sigmagnr": 0.12099999934434891,
            "magzpsci": 26.074899673461914,
            "isdiffpos": "t",
            "ssdistnr": -999.0,
            "ssnamenr": "null",
            "drb": 0.999925971031189
        },
        {
            "candid": 1117334951415015009,
            "jd": 2458871.8349537,
            "ra": 120.7081034,
            "dec": 15.8015737,
            "fid": 2,
            "nid": 1117,
            "magpsf": 19.772300720214844,
            "sigmapsf": 0.19268499314785004,
            "magnr": 20.698999404907227,
            "sigmagnr": 0.12099999934434891,
            "magzpsci": 26.069299697875977,
            "isdiffpos": "t",
            "ssdistnr": -999.0,
            "ssnamenr": "null",
            "drb": 0.9999070167541504
        },
        {
            "candid": 1120291891415015013,
            "jd": 2458874.7918981,
            "ra": 120.7079833,
            "dec": 15.8015428,
            "fid": 2,
            "nid": 1120,
            "magpsf": 19.892900466918945,
            "sigmapsf": 0.15735700726509094,
            "magnr": 20.698999404907227,
            "sigmagnr": 0.12099999934434891,
            "magzpsci": 26.037900924682617,
            "isdiffpos": "t",
            "ssdistnr": -999.0,
            "ssnamenr": "null",
            "drb": 0.9999110102653503
        },
        {
            "candid": 1120356721415015010,
            "jd": 2458874.8567245,
            "ra": 120.7080545,
            "dec": 15.8015068,
            "fid": 1,
            "nid": 1120,
            "magpsf": 20.318099975585938,
            "sigmapsf": 0.1804960072040558,
            "magnr": 20.725000381469727,
            "sigmagnr": 0.07999999821186066,
            "magzpsci": 26.18709945678711,
            "isdiffpos": "t",
            "ssdistnr": -999.0,
            "ssnamenr": "null",
            "drb": 0.9999250173568726
        },
        {
            "candid": 1123231601415015014,
            "jd": 2458877.7316088,
            "ra": 120.7079993,
            "dec": 15.8015619,
            "fid": 1,
            "nid": 1123,
            "magpsf": 20.344100952148438,
            "sigmapsf": 0.29196199774742126,
            "magnr": 20.725000381469727,
            "sigmagnr": 0.07999999821186066,
            "magzpsci": 26.145099639892578,
            "isdiffpos": "t",
            "ssdistnr": -999.0,
            "ssnamenr": "-999.0",
            "drb": null
        },
        {
            "candid": 1125220601415015004,
            "jd": 2458879.7206019,
            "ra": 120.7079759,
            "dec": 15.8015273,
            "fid": 1,
            "nid": 1125,
            "magpsf": 20.363800048828125,
            "sigmapsf": 0.2914780080318451,
            "magnr": 20.725000381469727,
            "sigmagnr": 0.07999999821186066,
            "magzpsci": 26.167800903320312,
            "isdiffpos": "t",
            "ssdistnr": -999.0,
            "ssnamenr": "-999.0",
            "drb": null
        },
        {
            "candid": 1125291271415015008,
            "jd": 2458879.7912731,
            "ra": 120.7080176,
            "dec": 15.801685,
            "fid": 2,
            "nid": 1125,
            "magpsf": 19.815099716186523,
            "sigmapsf": 0.2796820104122162,
            "magnr": 20.698999404907227,
            "sigmagnr": 0.12099999934434891,
            "magzpsci": 26.067100524902344,
            "isdiffpos": "t",
            "ssdistnr": -999.0,
            "ssnamenr": "-999.0",
            "drb": null
        },
        {
            "candid": 1126270901415015006,
            "jd": 2458880.7709028,
            "ra": 120.7080261,
            "dec": 15.8015016,
            "fid": 1,
            "nid": 1126,
            "magpsf": 20.4601993560791,
            "sigmapsf": 0.3125370144844055,
            "magnr": 20.725000381469727,
            "sigmagnr": 0.07999999821186066,
            "magzpsci": 26.185199737548828,
            "isdiffpos": "t",
            "ssdistnr": -999.0,
            "ssnamenr": "-999.0",
            "drb": null
        },
        {
            "candid": 1126289031415015010,
            "jd": 2458880.7890394,
            "ra": 120.7079765,
            "dec": 15.8015,
            "fid": 2,
            "nid": 1126,
            "magpsf": 20.09869956970215,
            "sigmapsf": 0.2370709925889969,
            "magnr": 20.698999404907227,
            "sigmagnr": 0.12099999934434891,
            "magzpsci": 26.069700241088867,
            "isdiffpos": "t",
            "ssdistnr": -999.0,
            "ssnamenr": "-999.0",
            "drb": null
        },
        {
            "candid": 1127265241415015005,
            "jd": 2458881.7652431,
            "ra": 120.7079662,
            "dec": 15.8015506,
            "fid": 2,
            "nid": 1127,
            "magpsf": 19.971500396728516,
            "sigmapsf": 0.20803700387477875,
            "magnr": 20.698999404907227,
            "sigmagnr": 0.12099999934434891,
            "magzpsci": 26.069499969482422,
            "isdiffpos": "t",
            "ssdistnr": -999.0,
            "ssnamenr": "null",
            "drb": 0.999987006187439
        },
        {
            "jd": 2458756.96949,
            "fid": 1,
            "diffmaglim": 20.027999877929688
        },
        {
            "jd": 2458759.01745,
            "fid": 1,
            "diffmaglim": 20.34600067138672
        },
        {
            "jd": 2458759.97244,
            "fid": 1,
            "diffmaglim": 20.090999603271484
        },
        {
            "jd": 2458763.97417,
            "fid": 1,
            "diffmaglim": 20.364999771118164
        },
        {
            "jd": 2458766.96583,
            "fid": 1,
            "diffmaglim": 20.184999465942383
        },
        {
            "jd": 2458768.968,
            "fid": 1,
            "diffmaglim": 19.304000854492188
        },
        {
            "jd": 2458769.97601,
            "fid": 2,
            "diffmaglim": 19.558000564575195
        },
        {
            "jd": 2458770.01959,
            "fid": 1,
            "diffmaglim": 19.437999725341797
        },
        {
            "jd": 2458774.01576,
            "fid": 2,
            "diffmaglim": 18.21500015258789
        },
        {
            "jd": 2458780.00336,
            "fid": 1,
            "diffmaglim": 20.121000289916992
        },
        {
            "jd": 2458821.04846,
            "fid": 1,
            "diffmaglim": 16.0310001373291
        },
        {
            "jd": 2458824.02574,
            "fid": 2,
            "diffmaglim": 15.607999801635742
        },
        {
            "jd": 2458850.92267,
            "fid": 1,
            "diffmaglim": 19.902999877929688
        },
        {
            "jd": 2458853.95848,
            "fid": 1,
            "diffmaglim": 20.479000091552734
        },
        {
            "jd": 2458855.80565,
            "fid": 2,
            "diffmaglim": 19.732999801635742
        },
        {
            "jd": 2458861.84494,
            "fid": 1,
            "diffmaglim": 19.02400016784668
        }
    ],
    "forcedphot": []
}