{
    "objectId": "ZTF18abvkmgw",
    "candidates": [
        {
            "candid": 622327295315015013,
            "jd": 2458376.8272917,
            "ra": 9.3619454,
            "dec": 15.0142466,
            "fid": 1,
            "nid": 622,
            "magpsf": 18.944299697875977,
            "sigmapsf": 0.11108800023794174,
            "magnr": 18.36400032043457,
            "sigmagnr": 0.09000000357627869,
            "magzpsci": 0.0,
            "isdiffpos": "t",
            "ssdistnr": -999.0,
            "ssnamenr": "null",
            "drb": null
        },
        {
            "candid": 622358095315015017,
            "jd": 2458376.8580903,
            "ra": 9.361962,
            "dec": 15.0142644,
            "fid": 2,
            "nid": 622,
            "magpsf": 18.94890022277832,
            "sigmapsf": 0.0861700028181076,
            "magnr": 18.30699920654297,
            "sigmagnr": 0.11400000005960464,
            "magzpsci": 0.0,
            "isdiffpos": "t",
            "ssdistnr": -999.0,
            "ssnamenr": "null",
            "drb": null
        },
        {
            "candid": 625360355315015016,
            "jd": 2458379.8603588,
            "ra": 9.3619806,
            "dec": 15.0142421,
            "fid": 1,
            "nid": 625,
            "magpsf": 18.951499938964844,
            "sigmapsf": 0.08583799749612808,
            "magnr": 18.36400032043457,
            "sigmagnr": 0.09000000357627869,
            "magzpsci": 0.0,
            "isdiffpos": "t",
            "ssdistnr": -999.0,
            "ssnamenr": "null",
            "drb": null
        },
        {
            "candid": 625391125315015017,
            "jd": 2458379.8911227,
            "ra": 9.3620044,
            "dec": 15.0142812,
            "fid": 2,
            "nid": 625,
            "magpsf": 18.857799530029297,
            "sigmapsf": 0.07170700281858444,
            "magnr": 18.30699920654297,
            "sigmagnr": 0.11400000005960464,
            "magzpsci": 0.0,
            "isdiffpos": "t",
            "ssdistnr": -999.0,
            "ssnamenr": "null",
            "drb": null
        },
        {
            "candid": 628353365315015009,
            "jd": 2458382.8533681,
            "ra": 9.3619652,
            "dec": 15.0142472,
            "fid": 2,
            "nid": 628,
            "magpsf": 19.112699508666992,
            "sigmapsf": 0.0967549979686737,
            "magnr": 18.30699920654297,
            "sigmagnr": 0.11400000005960464,
            "magzpsci": 0.0,
            "isdiffpos": "t",
            "ssdistnr": -999.0,
            "ssnamenr": "null",
            "drb": null
        },
        {
            "candid": 628393135315015004,
            "jd": 2458382.8931366,
            "ra": 9.3619386,
            "dec": 15.0142482,
            "fid": 1,
            "nid": 628,
            "magpsf": 19.4783992767334,
            "sigmapsf": 0.19526700675487518,
            "magnr": 18.36400032043457,
            "sigmagnr": 0.09000000357627869,
            "magzpsci": 0.0,
            "isdiffpos": "t",
            "ssdistnr": -999.0,
            "ssnamenr": "null",
            "drb": null
        },
        {
            "candid": 631295195315015007,
            "jd": 2458385.7951968,
            "ra": 9.3619652,
            "dec": 15.0141927,
            "fid": 2,
            "nid": 631,
            "magpsf": 19.383899688720703,
            "sigmapsf": 0.18789300322532654,
            "magnr": 18.30699920654297,
            "sigmagnr": 0.11400000005960464,
            "magzpsci": 0.0,
            "isdiffpos": "t",
            "ssdistnr": -999.0,
            "ssnamenr": "null",
            "drb": null
        },
        {
            "candid": 634275785315015009,
            "jd": 2458388.775787,
            "ra": 9.3619681,
            "dec": 15.014229,
            "fid": 2,
            "nid": 634,
            "magpsf": 19.347400665283203,
            "sigmapsf": 0.2027059942483902,
            "magnr": 18.30699920654297,
            "sigmagnr": 0.11400000005960464,
            "magzpsci": 0.0,
            "isdiffpos": "t",
            "ssdistnr": -999.0,
            "ssnamenr": "null",
            "drb": null
        }
    ],
    "forcedphot": []
}