{
    "objectId": "ZTF19ackjszs",
    "candidates": [
        {
            "candid": 1046529742415015005,
            "jd": 2458801.0297454,
            "ra": 167.1366566,
            "dec": -10.4817793,
            "fid": 2,
            "nid": 1046,
            "magpsf": 17.69700050354004,
            "sigmapsf": 0.051398999989032745,
            "magnr": 21.121999740600586,
            "sigmagnr": 0.10599999874830246,
            "magzpsci": 26.139999389648438,
            "isdiffpos": "t",
            "ssdistnr": -999.0,
            "ssnamenr": "null",
            "drb": 1.0
        },
        {
            "candid": 1050518702415015004,
            "jd": 2458805.0187037,
            "ra": 167.1365417,
            "dec": -10.4817675,
            "fid": 1,
            "nid": 1050,
            "magpsf": 18.474199295043945,
            "sigmapsf": 0.13276000320911407,
            "magnr": 22.086000442504883,
            "sigmagnr": 0.33000001311302185,
            "magzpsci": 26.03820037841797,
            "isdiffpos": "t",
            "ssdistnr": -999.0,
            "ssnamenr": "null",
            "drb": 0.9999470114707947
        },
        {
            "candid": 1060519142415015204,
            "jd": 2458815.0191435,
            "ra": 167.136601,
            "dec": -10.4817996,
            "fid": 1,
            "nid": 1060,
            "magpsf": 18.39620018005371,
            "sigmapsf": 0.0910319983959198,
            "magnr": 22.086000442504883,
            "sigmagnr": 0.33000001311302185,
            "magzpsci": 25.946199417114258,
            "isdiffpos": "t",
            "ssdistnr": -999.0,
            "ssnamenr": "null",
            "drb": 0.999638020992279
        },
        {
            "candid": 1082502212415015005,
            "jd": 2458837.0022106,
            "ra": 167.1366374,
            "dec": -10.4817795,
            "fid": 2,
            "nid": 1082,
            "magpsf": 18.08810043334961,
            "sigmapsf": 0.059831999242305756,
            "magnr": 21.121999740600586,
            "sigmagnr": 0.10599999874830246,
            "magzpsci": 26.269100189208984,
            "isdiffpos": "t",
            "ssdistnr": -999.0,
            "ssnamenr": "null",
            "drb": 1.0
        },
        {
            "candid": 1082546812415015007,
            "jd": 2458837.0468171,
            "ra": 167.1366592,
            "dec": -10.4817865,
            "fid": 1,
            "nid": 1082,
            "magpsf": 18.61039924621582,
            "sigmapsf": 0.1117819994688034,
            "magnr": 22.086000442504883,
            "sigmagnr": 0.33000001311302185,
            "magzpsci": 26.251399993896484,
            "isdiffpos": "t",
            "ssdistnr": -999.0,
            "ssnamenr": "null",
            "drb": 0.9999989867210388
        },
        {
            "candid": 1096481332415015012,
            "jd": 2458850.981331,
            "ra": 167.1366249,
            "dec": -10.4818046,
            "fid": 2,
            "nid": 1096,
            "magpsf": 18.256200790405273,
            "sigmapsf": 0.07674799859523773,
            "magnr": 21.121999740600586,
            "sigmagnr": 0.10599999874830246,
            "magzpsci": 26.285200119018555,
            "isdiffpos": "t",
            "ssdistnr": -999.0,
            "ssnamenr": "null",
            "drb": 0.9999970197677612
        },
        {
            "candid": 1096523962415015014,
            "jd": 2458851.0239699,
            "ra": 167.1366491,
            "dec": -10.4817765,
            "fid": 1,
            "nid": 1096,
            "magpsf": 18.70549964904785,
            "sigmapsf": 0.09461499750614166,
            "magnr": 22.086000442504883,
            "sigmagnr": 0.33000001311302185,
            "magzpsci": 26.258499145507812,
            "isdiffpos": "t",
            "ssdistnr": -999.0,
            "ssnamenr": "null",
            "drb": 0.9999989867210388
        },
        {
            "candid": 1099488482415015007,
            "jd": 2458853.9884838,
            "ra": 167.136635,
            "dec": -10.4817788,
            "fid": 1,
            "nid": 1099,
            "magpsf": 18.655899047851562,
            "sigmapsf": 0.07993999868631363,
            "magnr": 22.086000442504883,
            "sigmagnr": 0.33000001311302185,
            "magzpsci": 26.27989959716797,
            "isdiffpos": "t",
            "ssdistnr": -999.0,
            "ssnamenr": "null",
            "drb": 0.9999989867210388
        },
        {
            "candid": 1099543912415015028,
            "jd": 2458854.043912,
            "ra": 167.1366479,
            "dec": -10.4817738,
            "fid": 2,
            "nid": 1099,
            "magpsf": 18.239099502563477,
            "sigmapsf": 0.051917001605033875,
            "magnr": 21.121999740600586,
            "sigmagnr": 0.10599999874830246,
            "magzpsci": 26.282100677490234,
            "isdiffpos": "t",
            "ssdistnr": -999.0,
            "ssnamenr": "null",
            "drb": 0.9999960064888
        },
        {
            "candid": 1106375552415015003,
            "jd": 2458860.8755556,
            "ra": 167.1366439,
            "dec": -10.4817482,
            "fid": 2,
            "nid": 1106,
            "magpsf": 18.179899215698242,
            "sigmapsf": 0.12431599944829941,
            "magnr": 21.121999740600586,
            "sigmagnr": 0.10599999874830246,
            "magzpsci": 26.242900848388672,
            "isdiffpos": "t",
            "ssdistnr": -999.0,
            "ssnamenr": "null",
            "drb": 0.9999859929084778
        },
        {
            "candid": 1110337062415015005,
            "jd": 2458864.8370602,
            "ra": 167.1366447,
            "dec": -10.4817703,
            "fid": 2,
            "nid": 1110,
            "magpsf": 18.131799697875977,
            "sigmapsf": 0.06171000003814697,
            "magnr": 21.121999740600586,
            "sigmagnr": 0.10599999874830246,
            "magzpsci": 26.209800720214844,
            "isdiffpos": "t",
            "ssdistnr": -999.0,
            "ssnamenr": "null",
            "drb": 0.9999979734420776
        },
        {
            "candid": 1110438842415015008,
            "jd": 2458864.9388426,
            "ra": 167.1366447,
            "dec": -10.4817535,
            "fid": 1,
            "nid": 1110,
            "magpsf": 18.484100341796875,
            "sigmapsf": 0.09143400192260742,
            "magnr": 22.086000442504883,
            "sigmagnr": 0.33000001311302185,
            "magzpsci": 26.243099212646484,
            "isdiffpos": "t",
            "ssdistnr": -999.0,
            "ssnamenr": "null",
            "drb": 0.9999989867210388
        },
        {
            "candid": 1119315052415015012,
            "jd": 2458873.8150579,
            "ra": 167.1366364,
            "dec": -10.4817525,
            "fid": 2,
            "nid": 1119,
            "magpsf": 18.140399932861328,
            "sigmapsf": 0.07097599655389786,
            "magnr": 21.121999740600586,
            "sigmagnr": 0.10599999874830246,
            "magzpsci": 26.14739990234375,
            "isdiffpos": "t",
            "ssdistnr": -999.0,
            "ssnamenr": "null",
            "drb": 1.0
        },
        {
            "candid": 1122380432415015019,
            "jd": 2458876.8804398,
            "ra": 167.1366309,
            "dec": -10.4817756,
            "fid": 1,
            "nid": 1122,
            "magpsf": 18.223899841308594,
            "sigmapsf": 0.06913000345230103,
            "magnr": 22.086000442504883,
            "sigmagnr": 0.33000001311302185,
            "magzpsci": 26.197900772094727,
            "isdiffpos": "t",
            "ssdistnr": -999.0,
            "ssnamenr": "null",
            "drb": 1.0
        },
        {
            "candid": 1122380432415025012,
            "jd": 2458876.8804398,
            "ra": 167.1366308,
            "dec": -10.4817753,
            "fid": 1,
            "nid": 1122,
            "magpsf": 18.282400131225586,
            "sigmapsf": 0.07070200145244598,
            "magnr": 22.086000442504883,
            "sigmagnr": 0.33000001311302185,
            "magzpsci": 26.236400604248047,
            "isdiffpos": "t",
            "ssdistnr": -999.0,
            "ssnamenr": "-999.0",
            "drb": null
        },
        {
            "candid": 1125358842415015009,
            "jd": 2458879.8588426,
            "ra": 167.1366507,
            "dec": -10.4818022,
            "fid": 2,
            "nid": 1125,
            "magpsf": 18.170799255371094,
            "sigmapsf": 0.11058499664068222,
            "magnr": 21.121999740600586,
            "sigmagnr": 0.10599999874830246,
            "magzpsci": 26.267799377441406,
            "isdiffpos": "t",
            "ssdistnr": -999.0,
            "ssnamenr": "-999.0",
            "drb": null
        },
        {
            "candid": 1125466592415015007,
            "jd": 2458879.9665972,
            "ra": 167.1365999,
            "dec": -10.4817598,
            "fid": 1,
            "nid": 1125,
            "magpsf": 18.29829978942871,
            "sigmapsf": 0.11702200025320053,
            "magnr": 22.086000442504883,
            "sigmagnr": 0.33000001311302185,
            "magzpsci": 26.235300064086914,
            "isdiffpos": "t",
            "ssdistnr": -999.0,
            "ssnamenr": "-999.0",
            "drb": null
        },
        {
            "candid": 1131421622415015002,
            "jd": 2458885.9216204,
            "ra": 167.1366789,
            "dec": -10.4817849,
            "fid": 1,
            "nid": 1131,
            "magpsf": 18.40489959716797,
            "sigmapsf": 0.132532000541687,
            "magnr": 22.086000442504883,
            "sigmagnr": 0.33000001311302185,
            "magzpsci": 26.146900177001953,
            "isdiffpos": "t",
            "ssdistnr": -999.0,
            "ssnamenr": "null",
            "drb": 0.9998080134391785
        },
        {
            "candid": 1131485502415015010,
            "jd": 2458885.9855093,
            "ra": 167.1366333,
            "dec": -10.4817738,
            "fid": 2,
            "nid": 1131,
            "magpsf": 18.255399703979492,
            "sigmapsf": 0.09450799971818924,
            "magnr": 21.121999740600586,
            "sigmagnr": 0.10599999874830246,
            "magzpsci": 26.260400772094727,
            "isdiffpos": "t",
            "ssdistnr": -999.0,
            "ssnamenr": "null",
            "drb": 0.9999970197677612
        },
        {
            "candid": 1134293322415015002,
            "jd": 2458888.7933218,
            "ra": 167.1365848,
            "dec": -10.4817218,
            "fid": 1,
            "nid": 1134,
            "magpsf": 18.520099639892578,
            "sigmapsf": 0.15585899353027344,
            "magnr": 22.086000442504883,
            "sigmagnr": 0.33000001311302185,
            "magzpsci": 26.182100296020508,
            "isdiffpos": "t",
            "ssdistnr": -999.0,
            "ssnamenr": "null",
            "drb": 0.9989190101623535
        },
        {
            "candid": 1134419062415015005,
            "jd": 2458888.9190625,
            "ra": 167.136624,
            "dec": -10.4817448,
            "fid": 2,
            "nid": 1134,
            "magpsf": 18.57430076599121,
            "sigmapsf": 0.14020800590515137,
            "magnr": 21.121999740600586,
            "sigmagnr": 0.10599999874830246,
            "magzpsci": 26.30229949951172,
            "isdiffpos": "t",
            "ssdistnr": -999.0,
            "ssnamenr": "null",
            "drb": 0.9997720122337341
        },
        {
            "candid": 1138377302415015004,
            "jd": 2458892.8773032,
            "ra": 167.1366632,
            "dec": -10.4818032,
            "fid": 1,
            "nid": 1138,
            "magpsf": 18.679800033569336,
            "sigmapsf": 0.1307770013809204,
            "magnr": 22.086000442504883,
            "sigmagnr": 0.33000001311302185,
            "magzpsci": 26.216800689697266,
            "isdiffpos": "t",
            "ssdistnr": -999.0,
            "ssnamenr": "null",
            "drb": 0.9998589754104614
        },
        {
            "candid": 1141423032415015011,
            "jd": 2458895.9230324,
            "ra": 167.1366529,
            "dec": -10.4817744,
            "fid": 2,
            "nid": 1141,
            "magpsf": 18.505300521850586,
            "sigmapsf": 0.08907800167798996,
            "magnr": 21.121999740600586,
            "sigmagnr": 0.10599999874830246,
            "magzpsci": 26.25830078125,
            "isdiffpos": "t",
            "ssdistnr": -999.0,
            "ssnamenr": "null",
            "drb": 0.9999849796295166
        },
        {
            "candid": 1144334022415015023,
            "jd": 2458898.8340278,
            "ra": 167.1366328,
            "dec": -10.4817427,
            "fid": 2,
            "nid": 1144,
            "magpsf": 18.592199325561523,
            "sigmapsf": 0.07156799733638763,
            "magnr": 21.121999740600586,
            "sigmagnr": 0.10599999874830246,
            "magzpsci": 26.25819969177246,
            "isdiffpos": "t",
            "ssdistnr": -999.0,
            "ssnamenr": "-999.0",
            "drb": null
        },
        {
            "candid": 1147376512415015017,
            "jd": 2458901.8765162,
            "ra": 167.1366394,
            "dec": -10.4817967,
            "fid": 2,
            "nid": 1147,
            "magpsf": 18.59469985961914,
            "sigmapsf": 0.08799099922180176,
            "magnr": 21.121999740600586,
            "sigmagnr": 0.10599999874830246,
            "magzpsci": 26.2367000579834,
            "isdiffpos": "t",
            "ssdistnr": -999.0,
            "ssnamenr": "null",
            "drb": 0.9999920129776001
        },
        {
            "candid": 1151249032415015012,
            "jd": 2458905.7490394,
            "ra": 167.1365846,
            "dec": -10.4817866,
            "fid": 2,
            "nid": 1151,
            "magpsf": 18.705400466918945,
            "sigmapsf": 0.08094099909067154,
            "magnr": 21.121999740600586,
            "sigmagnr": 0.10599999874830246,
            "magzpsci": 26.20840072631836,
            "isdiffpos": "t",
            "ssdistnr": -999.0,
            "ssnamenr": "null",
            "drb": 0.9999949932098389
        },
        {
            "candid": 1151291362415015011,
            "jd": 2458905.7913657,
            "ra": 167.1366322,
            "dec": -10.481785,
            "fid": 1,
            "nid": 1151,
            "magpsf": 18.795799255371094,
            "sigmapsf": 0.12497600167989731,
            "magnr": 22.086000442504883,
            "sigmagnr": 0.33000001311302185,
            "magzpsci": 26.192800521850586,
            "isdiffpos": "t",
            "ssdistnr": -999.0,
            "ssnamenr": "null",
            "drb": 0.9998679757118225
        },
        {
            "candid": 1154313652415015019,
            "jd": 2458908.8136574,
            "ra": 167.1365908,
            "dec": -10.4817708,
            "fid": 1,
            "nid": 1154,
            "magpsf": 18.868600845336914,
            "sigmapsf": 0.10170499980449677,
            "magnr": 22.086000442504883,
            "sigmagnr": 0.33000001311302185,
            "magzpsci": 26.22260093688965,
            "isdiffpos": "t",
            "ssdistnr": -999.0,
            "ssnamenr": "null",
            "drb": 0.9999989867210388
        },
        {
            "candid": 1159248772415015018,
            "jd": 2458913.7487731,
            "ra": 167.1366362,
            "dec": -10.4817581,
            "fid": 2,
            "nid": 1159,
            "magpsf": 18.773500442504883,
            "sigmapsf": 0.1054380014538765,
            "magnr": 21.121999740600586,
            "sigmagnr": 0.10599999874830246,
            "magzpsci": 26.15850067138672,
            "isdiffpos": "t",
            "ssdistnr": -999.0,
            "ssnamenr": "null",
            "drb": 0.9687970280647278
        },
        {
            "candid": 1159313782415015005,
            "jd": 2458913.8137847,
            "ra": 167.1366855,
            "dec": -10.4817862,
            "fid": 1,
            "nid": 1159,
            "magpsf": 18.86840057373047,
            "sigmapsf": 0.13438500463962555,
            "magnr": 22.086000442504883,
            "sigmagnr": 0.33000001311302185,
            "magzpsci": 26.071399688720703,
            "isdiffpos": "t",
            "ssdistnr": -999.0,
            "ssnamenr": "null",
            "drb": 0.9999960064888
        },
        {
            "candid": 1202231052415015023,
            "jd": 2458956.7310532,
            "ra": 167.1366359,
            "dec": -10.4817844,
            "fid": 1,
            "nid": 1202,
            "magpsf": 19.618499755859375,
            "sigmapsf": 0.1374250054359436,
            "magnr": 22.086000442504883,
            "sigmagnr": 0.33000001311302185,
            "magzpsci": 26.206499099731445,
            "isdiffpos": "t",
            "ssdistnr": -999.0,
            "ssnamenr": "null",
            "drb": 0.9999989867210388
        },
        {
            "candid": 1202263412415015020,
            "jd": 2458956.7634144,
            "ra": 167.1366263,
            "dec": -10.4817565,
            "fid": 2,
            "nid": 1202,
            "magpsf": 19.703800201416016,
            "sigmapsf": 0.17157000303268433,
            "magnr": 21.121999740600586,
            "sigmagnr": 0.10599999874830246,
            "magzpsci": 26.232799530029297,
            "isdiffpos": "t",
            "ssdistnr": -999.0,
            "ssnamenr": "null",
            "drb": 0.9997050166130066
        },
        {
            "candid": 1209211562415015024,
            "jd": 2458963.7115625,
            "ra": 167.1366378,
            "dec": -10.4817969,
            "fid": 1,
            "nid": 1209,
            "magpsf": 19.53350067138672,
            "sigmapsf": 0.17148199677467346,
            "magnr": 22.086000442504883,
            "sigmagnr": 0.33000001311302185,
            "magzpsci": 26.166500091552734,
            "isdiffpos": "t",
            "ssdistnr": -999.0,
            "ssnamenr": "null",
            "drb": 0.9999330043792725
        },
        {
            "candid": 1209253062415015014,
            "jd": 2458963.7530671,
            "ra": 167.1366492,
            "dec": -10.4818092,
            "fid": 1,
            "nid": 1209,
            "magpsf": 19.688800811767578,
            "sigmapsf": 0.13888299465179443,
            "magnr": 22.086000442504883,
            "sigmagnr": 0.33000001311302185,
            "magzpsci": 26.1697998046875,
            "isdiffpos": "t",
            "ssdistnr": -999.0,
            "ssnamenr": "null",
            "drb": 1.0
        },
        {
            "candid": 1212191142415015050,
            "jd": 2458966.6911458,
            "ra": 167.1366166,
            "dec": -10.4817178,
            "fid": 2,
            "nid": 1212,
            "magpsf": 19.65180015563965,
            "sigmapsf": 0.16089099645614624,
            "magnr": 21.121999740600586,
            "sigmagnr": 0.10599999874830246,
            "magzpsci": 25.88479995727539,
            "isdiffpos": "t",
            "ssdistnr": -999.0,
            "ssnamenr": "-999.0",
            "drb": null
        },
        {
            "candid": 1218232072415015004,
            "jd": 2458972.7320718,
            "ra": 167.1366574,
            "dec": -10.4816968,
            "fid": 1,
            "nid": 1218,
            "magpsf": 19.7549991607666,
            "sigmapsf": 0.3584420084953308,
            "magnr": 22.086000442504883,
            "sigmagnr": 0.33000001311302185,
            "magzpsci": 26.222000122070312,
            "isdiffpos": "t",
            "ssdistnr": -999.0,
            "ssnamenr": "-999.0",
            "drb": null
        },
        {
            "candid": 1221230472415015004,
            "jd": 2458975.7304745,
            "ra": 167.1365773,
            "dec": -10.4818542,
            "fid": 1,
            "nid": 1221,
            "magpsf": 19.61440086364746,
            "sigmapsf": 0.30310899019241333,
            "magnr": 22.086000442504883,
            "sigmagnr": 0.33000001311302185,
            "magzpsci": 26.225400924682617,
            "isdiffpos": "t",
            "ssdistnr": -999.0,
            "ssnamenr": "-999.0",
            "drb": null
        },
        {
            "candid": 1224168782415015012,
            "jd": 2458978.6687847,
            "ra": 167.1365868,
            "dec": -10.4817671,
            "fid": 1,
            "nid": 1224,
            "magpsf": 19.681100845336914,
            "sigmapsf": 0.14793699979782104,
            "magnr": 22.086000442504883,
            "sigmagnr": 0.33000001311302185,
            "magzpsci": 26.219100952148438,
            "isdiffpos": "t",
            "ssdistnr": -999.0,
            "ssnamenr": "null",
            "drb": 0.9998940229415894
        },
        {
            "candid": 1224230482415015011,
            "jd": 2458978.7304861,
            "ra": 167.1366542,
            "dec": -10.4816464,
            "fid": 2,
            "nid": 1224,
            "magpsf": 19.98069953918457,
            "sigmapsf": 0.28679999709129333,
            "magnr": 21.121999740600586,
            "sigmagnr": 0.10599999874830246,
            "magzpsci": 26.24970054626465,
            "isdiffpos": "t",
            "ssdistnr": -999.0,
            "ssnamenr": "-999.0",
            "drb": null
        },
        {
            "candid": 1227169742415015008,
            "jd": 2458981.6697454,
            "ra": 167.1366212,
            "dec": -10.4817863,
            "fid": 1,
            "nid": 1227,
            "magpsf": 19.713600158691406,
            "sigmapsf": 0.13805699348449707,
            "magnr": 22.086000442504883,
            "sigmagnr": 0.33000001311302185,
            "magzpsci": 26.246599197387695,
            "isdiffpos": "t",
            "ssdistnr": -999.0,
            "ssnamenr": "null",
            "drb": 0.9999979734420776
        },
        {
            "candid": 1227210622415015011,
            "jd": 2458981.710625,
            "ra": 167.1367294,
            "dec": -10.4817539,
            "fid": 2,
            "nid": 1227,
            "magpsf": 19.69659996032715,
            "sigmapsf": 0.1731559932231903,
            "magnr": 21.121999740600586,
            "sigmagnr": 0.10599999874830246,
            "magzpsci": 26.25160026550293,
            "isdiffpos": "t",
            "ssdistnr": -999.0,
            "ssnamenr": "null",
            "drb": 0.9899100065231323
        },
        {
            "candid": 1233168062415015011,
            "jd": 2458987.6680671,
            "ra": 167.1366536,
            "dec": -10.4817383,
            "fid": 2,
            "nid": 1233,
            "magpsf": 19.866899490356445,
            "sigmapsf": 0.15279099345207214,
            "magnr": 21.121999740600586,
            "sigmagnr": 0.10599999874830246,
            "magzpsci": 26.289899826049805,
            "isdiffpos": "t",
            "ssdistnr": -999.0,
            "ssnamenr": "null",
            "drb": 0.9999579787254333
        },
        {
            "candid": 1233212192415015012,
            "jd": 2458987.7121991,
            "ra": 167.136665,
            "dec": -10.4818087,
            "fid": 1,
            "nid": 1233,
            "magpsf": 19.777599334716797,
            "sigmapsf": 0.13729900121688843,
            "magnr": 22.086000442504883,
            "sigmagnr": 0.33000001311302185,
            "magzpsci": 26.22260093688965,
            "isdiffpos": "t",
            "ssdistnr": -999.0,
            "ssnamenr": "null",
            "drb": 0.9999949932098389
        },
        {
            "jd": 2458940.8359,
            "fid": 1,
            "diffmaglim": 16.860000610351562
        },
        {
            "jd": 2458972.66873,
            "fid": 2,
            "diffmaglim": 19.44300079345703
        },
        {
            "jd": 2458975.66771,
            "fid": 2,
            "diffmaglim": 19.57200050354004
        }
    ],
    "forcedphot": []
}