{
    "objectId": "ZTF19acdabep",
    "candidates": [
        {
            "candid": 1005468812915015009,
            "jd": 2458759.9688194,
            "ra": 127.5624154,
            "dec": 39.8923246,
            "fid": 1,
            "nid": 1005,
            "magpsf": 20.42530059814453,
            "sigmapsf": 0.3017689883708954,
            "magnr": 19.75200080871582,
            "sigmagnr": 0.09000000357627869,
            "magzpsci": 26.090299606323242,
            "isdiffpos": "t",
            "ssdistnr": -999.0,
            "ssnamenr": "-999.0",
            "drb": null
        },
        {
            "candid": 1009469172915015017,
            "jd": 2458763.9691782,
            "ra": 127.5624032,
            "dec": 39.8923901,
            "fid": 1,
            "nid": 1009,
            "magpsf": 20.03380012512207,
            "sigmapsf": 0.23909200727939606,
            "magnr": 19.75200080871582,
            "sigmagnr": 0.09000000357627869,
            "magzpsci": 26.08679962158203,
            "isdiffpos": "t",
            "ssdistnr": -999.0,
            "ssnamenr": "-999.0",
            "drb": null
        },
        {
            "candid": 1009470981615015018,
            "jd": 2458763.9709838,
            "ra": 127.5624668,
            "dec": 39.8923557,
            "fid": 1,
            "nid": 1009,
            "magpsf": 19.96419906616211,
            "sigmapsf": 0.21632300317287445,
            "magnr": 19.70400047302246,
            "sigmagnr": 0.08799999952316284,
            "magzpsci": 26.071199417114258,
            "isdiffpos": "t",
            "ssdistnr": -999.0,
            "ssnamenr": "-999.0",
            "drb": null
        },
        {
            "candid": 1012436572915015006,
            "jd": 2458766.9365741,
            "ra": 127.5624016,
            "dec": 39.8923467,
            "fid": 1,
            "nid": 1012,
            "magpsf": 19.918699264526367,
            "sigmapsf": 0.2624489963054657,
            "magnr": 19.75200080871582,
            "sigmagnr": 0.09000000357627869,
            "magzpsci": 26.03969955444336,
            "isdiffpos": "t",
            "ssdistnr": -999.0,
            "ssnamenr": "-999.0",
            "drb": null
        },
        {
            "candid": 1012467191615015025,
            "jd": 2458766.9671991,
            "ra": 127.5624039,
            "dec": 39.8923263,
            "fid": 1,
            "nid": 1012,
            "magpsf": 19.782699584960938,
            "sigmapsf": 0.16725100576877594,
            "magnr": 19.70400047302246,
            "sigmagnr": 0.08799999952316284,
            "magzpsci": 26.069700241088867,
            "isdiffpos": "t",
            "ssdistnr": -999.0,
            "ssnamenr": "null",
            "drb": 0.9999930262565613
        },
        {
            "candid": 1012531152915015007,
            "jd": 2458767.0311574,
            "ra": 127.5623915,
            "dec": 39.8923614,
            "fid": 2,
            "nid": 1012,
            "magpsf": 19.179800033569336,
            "sigmapsf": 0.11957599967718124,
            "magnr": 19.301000595092773,
            "sigmagnr": 0.0949999988079071,
            "magzpsci": 26.159799575805664,
            "isdiffpos": "t",
            "ssdistnr": -999.0,
            "ssnamenr": "null",
            "drb": 1.0
        },
        {
            "candid": 1015473732915015001,
            "jd": 2458769.9737384,
            "ra": 127.562459,
            "dec": 39.8924098,
            "fid": 2,
            "nid": 1015,
            "magpsf": 19.098600387573242,
            "sigmapsf": 0.12739500403404236,
            "magnr": 19.301000595092773,
            "sigmagnr": 0.0949999988079071,
            "magzpsci": 26.122600555419922,
            "isdiffpos": "t",
            "ssdistnr": -999.0,
            "ssnamenr": "null",
            "drb": 1.0
        },
        {
            "candid": 1019519031615015054,
            "jd": 2458774.0190394,
            "ra": 127.5624042,
            "dec": 39.8924052,
            "fid": 2,
            "nid": 1019,
            "magpsf": 18.85070037841797,
            "sigmapsf": 0.1415109932422638,
            "magnr": 19.19300079345703,
            "sigmagnr": 0.0860000029206276,
            "magzpsci": 25.683700561523438,
            "isdiffpos": "t",
            "ssdistnr": -999.0,
            "ssnamenr": "null",
            "drb": 0.9999989867210388
        },
        {
            "candid": 1022483872915015005,
            "jd": 2458776.9838773,
            "ra": 127.5624827,
            "dec": 39.8923375,
            "fid": 2,
            "nid": 1022,
            "magpsf": 19.12809944152832,
            "sigmapsf": 0.13913600146770477,
            "magnr": 19.301000595092773,
            "sigmagnr": 0.0949999988079071,
            "magzpsci": 26.157100677490234,
            "isdiffpos": "t",
            "ssdistnr": -999.0,
            "ssnamenr": "null",
            "drb": 0.9999989867210388
        },
        {
            "candid": 1022503781615015004,
            "jd": 2458777.0037847,
            "ra": 127.5624462,
            "dec": 39.8923484,
            "fid": 2,
            "nid": 1022,
            "magpsf": 19.074899673461914,
            "sigmapsf": 0.12910999357700348,
            "magnr": 19.19300079345703,
            "sigmagnr": 0.0860000029206276,
            "magzpsci": 26.109899520874023,
            "isdiffpos": "t",
            "ssdistnr": -999.0,
            "ssnamenr": "null",
            "drb": 1.0
        },
        {
            "candid": 1022536701615015007,
            "jd": 2458777.0367014,
            "ra": 127.5624411,
            "dec": 39.8924186,
            "fid": 1,
            "nid": 1022,
            "magpsf": 19.89929962158203,
            "sigmapsf": 0.3151719868183136,
            "magnr": 19.70400047302246,
            "sigmagnr": 0.08799999952316284,
            "magzpsci": 26.171300888061523,
            "isdiffpos": "t",
            "ssdistnr": -999.0,
            "ssnamenr": "-999.0",
            "drb": null
        },
        {
            "candid": 1022537172915015005,
            "jd": 2458777.0371759,
            "ra": 127.5621364,
            "dec": 39.8921741,
            "fid": 1,
            "nid": 1022,
            "magpsf": 19.912399291992188,
            "sigmapsf": 0.2971299886703491,
            "magnr": 19.75200080871582,
            "sigmagnr": 0.09000000357627869,
            "magzpsci": 26.21139907836914,
            "isdiffpos": "t",
            "ssdistnr": -999.0,
            "ssnamenr": "-999.0",
            "drb": null
        },
        {
            "candid": 1025505161615015011,
            "jd": 2458780.005162,
            "ra": 127.5624358,
            "dec": 39.8923797,
            "fid": 1,
            "nid": 1025,
            "magpsf": 20.281700134277344,
            "sigmapsf": 0.25686800479888916,
            "magnr": 19.70400047302246,
            "sigmagnr": 0.08799999952316284,
            "magzpsci": 26.14069938659668,
            "isdiffpos": "t",
            "ssdistnr": -999.0,
            "ssnamenr": "-999.0",
            "drb": null
        },
        {
            "candid": 1031497211615015016,
            "jd": 2458785.9972106,
            "ra": 127.5624376,
            "dec": 39.892362,
            "fid": 2,
            "nid": 1031,
            "magpsf": 19.44580078125,
            "sigmapsf": 0.13874800503253937,
            "magnr": 19.19300079345703,
            "sigmagnr": 0.0860000029206276,
            "magzpsci": 26.11079978942871,
            "isdiffpos": "t",
            "ssdistnr": -999.0,
            "ssnamenr": "null",
            "drb": 1.0
        },
        {
            "candid": 1031504292915015007,
            "jd": 2458786.004294,
            "ra": 127.5624482,
            "dec": 39.892392,
            "fid": 2,
            "nid": 1031,
            "magpsf": 19.47279930114746,
            "sigmapsf": 0.12444599717855453,
            "magnr": 19.301000595092773,
            "sigmagnr": 0.0949999988079071,
            "magzpsci": 26.14579963684082,
            "isdiffpos": "t",
            "ssdistnr": -999.0,
            "ssnamenr": "null",
            "drb": 1.0
        },
        {
            "candid": 1034508272915015020,
            "jd": 2458789.0082755,
            "ra": 127.5626564,
            "dec": 39.8923355,
            "fid": 1,
            "nid": 1034,
            "magpsf": 20.85580062866211,
            "sigmapsf": 0.26005199551582336,
            "magnr": 19.75200080871582,
            "sigmagnr": 0.09000000357627869,
            "magzpsci": 26.19179916381836,
            "isdiffpos": "t",
            "ssdistnr": -999.0,
            "ssnamenr": "-999.0",
            "drb": null
        },
        {
            "candid": 1034538062915015006,
            "jd": 2458789.0380671,
            "ra": 127.5625181,
            "dec": 39.8923832,
            "fid": 2,
            "nid": 1034,
            "magpsf": 19.520599365234375,
            "sigmapsf": 0.1437709927558899,
            "magnr": 19.301000595092773,
            "sigmagnr": 0.0949999988079071,
            "magzpsci": 26.167600631713867,
            "isdiffpos": "t",
            "ssdistnr": -999.0,
            "ssnamenr": "null",
            "drb": 1.0
        },
        {
            "candid": 1037499951615015018,
            "jd": 2458791.9999537,
            "ra": 127.5623664,
            "dec": 39.8924033,
            "fid": 2,
            "nid": 1037,
            "magpsf": 19.78499984741211,
            "sigmapsf": 0.1693820059299469,
            "magnr": 19.19300079345703,
            "sigmagnr": 0.0860000029206276,
            "magzpsci": 26.121999740600586,
            "isdiffpos": "t",
            "ssdistnr": -999.0,
            "ssnamenr": "null",
            "drb": 0.9999989867210388
        },
        {
            "candid": 1037505852915015006,
            "jd": 2458792.0058565,
            "ra": 127.5624136,
            "dec": 39.892403,
            "fid": 2,
            "nid": 1037,
            "magpsf": 19.829500198364258,
            "sigmapsf": 0.18168100714683533,
            "magnr": 19.301000595092773,
            "sigmagnr": 0.0949999988079071,
            "magzpsci": 26.15049934387207,
            "isdiffpos": "t",
            "ssdistnr": -999.0,
            "ssnamenr": "null",
            "drb": 0.9999889731407166
        },
        {
            "candid": 1037506311615015013,
            "jd": 2458792.0063194,
            "ra": 127.5624444,
            "dec": 39.8924069,
            "fid": 2,
            "nid": 1037,
            "magpsf": 19.931800842285156,
            "sigmapsf": 0.21017299592494965,
            "magnr": 19.19300079345703,
            "sigmagnr": 0.0860000029206276,
            "magzpsci": 26.118799209594727,
            "isdiffpos": "t",
            "ssdistnr": -999.0,
            "ssnamenr": "null",
            "drb": 1.0
        },
        {
            "jd": 2458736.98762,
            "fid": 1,
            "diffmaglim": 20.222000122070312
        },
        {
            "jd": 2458736.98852,
            "fid": 1,
            "diffmaglim": 20.238000869750977
        },
        {
            "jd": 2458737.00924,
            "fid": 2,
            "diffmaglim": 19.98699951171875
        },
        {
            "jd": 2458737.01013,
            "fid": 2,
            "diffmaglim": 20.038999557495117
        },
        {
            "jd": 2458739.96799,
            "fid": 2,
            "diffmaglim": 19.093000411987305
        },
        {
            "jd": 2458743.01404,
            "fid": 1,
            "diffmaglim": 17.097999572753906
        },
        {
            "jd": 2458743.02505,
            "fid": 1,
            "diffmaglim": 17.340999603271484
        },
        {
            "jd": 2458745.98696,
            "fid": 2,
            "diffmaglim": 19.413999557495117
        },
        {
            "jd": 2458745.98786,
            "fid": 2,
            "diffmaglim": 19.430999755859375
        },
        {
            "jd": 2458746.01263,
            "fid": 1,
            "diffmaglim": 19.56399917602539
        },
        {
            "jd": 2458746.01721,
            "fid": 1,
            "diffmaglim": 19.458999633789062
        },
        {
            "jd": 2458748.99455,
            "fid": 2,
            "diffmaglim": 19.69499969482422
        },
        {
            "jd": 2458748.99545,
            "fid": 2,
            "diffmaglim": 19.777000427246094
        },
        {
            "jd": 2458749.01281,
            "fid": 1,
            "diffmaglim": 19.80500030517578
        },
        {
            "jd": 2458749.01372,
            "fid": 1,
            "diffmaglim": 19.802000045776367
        },
        {
            "jd": 2458751.98934,
            "fid": 1,
            "diffmaglim": 20.17300033569336
        },
        {
            "jd": 2458751.99024,
            "fid": 1,
            "diffmaglim": 20.240999221801758
        },
        {
            "jd": 2458756.9713,
            "fid": 1,
            "diffmaglim": 20.288999557495117
        },
        {
            "jd": 2458756.97176,
            "fid": 1,
            "diffmaglim": 20.323999404907227
        },
        {
            "jd": 2458757.01508,
            "fid": 2,
            "diffmaglim": 20.17799949645996
        },
        {
            "jd": 2458757.03025,
            "fid": 2,
            "diffmaglim": 19.743999481201172
        },
        {
            "jd": 2458759.97063,
            "fid": 1,
            "diffmaglim": 20.44099998474121
        },
        {
            "jd": 2458760.00898,
            "fid": 2,
            "diffmaglim": 20.280000686645508
        },
        {
            "jd": 2458769.96586,
            "fid": 2,
            "diffmaglim": 19.510000228881836
        },
        {
            "jd": 2458770.01863,
            "fid": 1,
            "diffmaglim": 19.704999923706055
        },
        {
            "jd": 2458774.01951,
            "fid": 2,
            "diffmaglim": 18.658000946044922
        },
        {
            "jd": 2458780.00563,
            "fid": 1,
            "diffmaglim": 20.24799919128418
        },
        {
            "jd": 2458785.9634,
            "fid": 1,
            "diffmaglim": 20.506000518798828
        },
        {
            "jd": 2458786.02745,
            "fid": 1,
            "diffmaglim": 20.70400047302246
        },
        {
            "jd": 2458789.00874,
            "fid": 1,
            "diffmaglim": 20.690000534057617
        },
        {
            "jd": 2458789.03853,
            "fid": 2,
            "diffmaglim": 20.132999420166016
        }
    ],
    "forcedphot": []
}