{
    "objectId": "ZTF19aalahqa",
    "candidates": [
        {
            "candid": 786335430415015005,
            "jd": 2458540.8354398,
            "ra": 221.8711988,
            "dec": -4.9349856,
            "fid": 2,
            "nid": 786,
            "magpsf": 18.811399459838867,
            "sigmapsf": 0.12899799644947052,
            "magnr": 18.75,
            "sigmagnr": 0.08900000154972076,
            "magzpsci": 25.95240020751953,
            "isdiffpos": "t",
            "ssdistnr": -999.0,
            "ssnamenr": "null",
            "drb": null
        },
        {
            "candid": 786461130415015009,
            "jd": 2458540.9611343,
            "ra": 221.8712354,
            "dec": -4.9349558,
            "fid": 1,
            "nid": 786,
            "magpsf": 18.865100860595703,
            "sigmapsf": 0.09665299952030182,
            "magnr": 19.198999404907227,
            "sigmagnr": 0.08799999952316284,
            "magzpsci": 26.234100341796875,
            "isdiffpos": "t",
            "ssdistnr": -999.0,
            "ssnamenr": "null",
            "drb": null
        },
        {
            "candid": 789459420415015056,
            "jd": 2458543.9594213,
            "ra": 221.8712074,
            "dec": -4.9350148,
            "fid": 2,
            "nid": 789,
            "magpsf": 18.577800750732422,
            "sigmapsf": 0.125792995095253,
            "magnr": 18.75,
            "sigmagnr": 0.08900000154972076,
            "magzpsci": 25.564800262451172,
            "isdiffpos": "t",
            "ssdistnr": -999.0,
            "ssnamenr": "null",
            "drb": null
        },
        {
            "candid": 789459420415025056,
            "jd": 2458543.9594213,
            "ra": 221.8712074,
            "dec": -4.9350148,
            "fid": 2,
            "nid": 789,
            "magpsf": 18.577800750732422,
            "sigmapsf": 0.125792995095253,
            "magnr": 18.75,
            "sigmagnr": 0.08900000154972076,
            "magzpsci": 25.564800262451172,
            "isdiffpos": "t",
            "ssdistnr": -999.0,
            "ssnamenr": "-999.0",
            "drb": null
        },
        {
            "candid": 789502010415015004,
            "jd": 2458544.0020139,
            "ra": 221.8712472,
            "dec": -4.9350179,
            "fid": 1,
            "nid": 789,
            "magpsf": 19.01799964904785,
            "sigmapsf": 0.16750100255012512,
            "magnr": 19.198999404907227,
            "sigmagnr": 0.08799999952316284,
            "magzpsci": 25.1200008392334,
            "isdiffpos": "t",
            "ssdistnr": -999.0,
            "ssnamenr": "null",
            "drb": null
        },
        {
            "candid": 789502010415025004,
            "jd": 2458544.0020139,
            "ra": 221.8712472,
            "dec": -4.9350179,
            "fid": 1,
            "nid": 789,
            "magpsf": 19.01799964904785,
            "sigmapsf": 0.16750100255012512,
            "magnr": 19.198999404907227,
            "sigmagnr": 0.08799999952316284,
            "magzpsci": 25.1200008392334,
            "isdiffpos": "t",
            "ssdistnr": -999.0,
            "ssnamenr": "-999.0",
            "drb": null
        },
        {
            "candid": 819401730415015010,
            "jd": 2458573.9017361,
            "ra": 221.8713789,
            "dec": -4.9349942,
            "fid": 2,
            "nid": 819,
            "magpsf": 19.55660057067871,
            "sigmapsf": 0.13305599987506866,
            "magnr": 18.75,
            "sigmagnr": 0.08900000154972076,
            "magzpsci": 26.14459991455078,
            "isdiffpos": "t",
            "ssdistnr": -999.0,
            "ssnamenr": "null",
            "drb": null
        },
        {
            "candid": 830361360415015006,
            "jd": 2458584.8613657,
            "ra": 221.8713222,
            "dec": -4.9350604,
            "fid": 2,
            "nid": 830,
            "magpsf": 19.827600479125977,
            "sigmapsf": 0.20973500609397888,
            "magnr": 18.75,
            "sigmagnr": 0.08900000154972076,
            "magzpsci": 26.147600173950195,
            "isdiffpos": "t",
            "ssdistnr": -999.0,
            "ssnamenr": "null",
            "drb": null
        },
        {
            "candid": 843355990415015004,
            "jd": 2458597.8559954,
            "ra": 221.8712692,
            "dec": -4.9350763,
            "fid": 2,
            "nid": 843,
            "magpsf": 20.02989959716797,
            "sigmapsf": 0.23744100332260132,
            "magnr": 18.75,
            "sigmagnr": 0.08900000154972076,
            "magzpsci": 26.171899795532227,
            "isdiffpos": "t",
            "ssdistnr": -999.0,
            "ssnamenr": "-999.0",
            "drb": null
        },
        {
            "candid": 847306790415015010,
            "jd": 2458601.806794,
            "ra": 221.8712657,
            "dec": -4.9349332,
            "fid": 2,
            "nid": 847,
            "magpsf": 20.1033992767334,
            "sigmapsf": 0.18196000158786774,
            "magnr": 18.75,
            "sigmagnr": 0.08900000154972076,
            "magzpsci": 26.18440055847168,
            "isdiffpos": "t",
            "ssdistnr": -999.0,
            "ssnamenr": "null",
            "drb": null
        },
        {
            "candid": 882209520415015007,
            "jd": 2458636.7095255,
            "ra": 221.8713365,
            "dec": -4.9350515,
            "fid": 2,
            "nid": 882,
            "magpsf": 20.58839988708496,
            "sigmapsf": 0.2144639939069748,
            "magnr": 18.75,
            "sigmagnr": 0.08900000154972076,
            "magzpsci": 26.11240005493164,
            "isdiffpos": "t",
            "ssdistnr": -999.0,
            "ssnamenr": "null",
            "drb": null
        },
        {
            "jd": 2458513.02398,
            "fid": 2,
            "diffmaglim": 18.451000213623047
        },
        {
            "jd": 2458526.97928,
            "fid": 1,
            "diffmaglim": 19.382999420166016
        },
        {
            "jd": 2458527.0026,
            "fid": 2,
            "diffmaglim": 19.648000717163086
        },
        {
            "jd": 2458568.83678,
            "fid": 2,
            "diffmaglim": 17.02400016784668
        },
        {
            "jd": 2458568.89642,
            "fid": 1,
            "diffmaglim": 19.902999877929688
        },
        {
            "jd": 2458573.87568,
            "fid": 1,
            "diffmaglim": 20.29400062561035
        },
        {
            "jd": 2458606.83726,
            "fid": 2,
            "diffmaglim": 20.531999588012695
        },
        {
            "jd": 2458606.89678,
            "fid": 1,
            "diffmaglim": 20.7549991607666
        },
        {
            "jd": 2458617.69859,
            "fid": 1,
            "diffmaglim": 19.59000015258789
        },
        {
            "jd": 2458617.7936,
            "fid": 2,
            "diffmaglim": 19.948999404907227
        },
        {
            "jd": 2458633.75192,
            "fid": 1,
            "diffmaglim": 20.514999389648438
        },
        {
            "jd": 2458633.79836,
            "fid": 2,
            "diffmaglim": 20.52400016784668
        }
    ],
    "forcedphot": []
}