{
    "objectId": "ZTF18adqpvpz",
    "candidates": [
        {
            "candid": 2821267431615010012,
            "jd": 2460575.7674306,
            "ra": 336.1015192,
            "dec": 18.071948,
            "fid": 3,
            "nid": 2821,
            "magpsf": 18.471900939941406,
            "sigmapsf": 0.07966600358486176,
            "magnr": 18.41200065612793,
            "sigmagnr": 0.035999998450279236,
            "magzpsci": 25.695899963378906,
            "isdiffpos": "f",
            "ssdistnr": null,
            "ssnamenr": null,
            "drb": null
        },
        {
            "candid": 2821270772915010006,
            "jd": 2460575.7707755,
            "ra": 336.1015108,
            "dec": 18.0719561,
            "fid": 3,
            "nid": 2821,
            "magpsf": 18.51740074157715,
            "sigmapsf": 0.07856599986553192,
            "magnr": 18.493999481201172,
            "sigmagnr": 0.020999999716877937,
            "magzpsci": 25.73040008544922,
            "isdiffpos": "f",
            "ssdistnr": null,
            "ssnamenr": null,
            "drb": null
        },
        {
            "candid": 2822303881615010006,
            "jd": 2460576.8038889,
            "ra": 336.1015386,
            "dec": 18.0719567,
            "fid": 3,
            "nid": 2822,
            "magpsf": 18.42799949645996,
            "sigmapsf": 0.10728500038385391,
            "magnr": 18.41200065612793,
            "sigmagnr": 0.035999998450279236,
            "magzpsci": 25.702999114990234,
            "isdiffpos": "f",
            "ssdistnr": null,
            "ssnamenr": null,
            "drb": null
        },
        {
            "candid": 2822324522915010004,
            "jd": 2460576.8245255,
            "ra": 336.1015334,
            "dec": 18.0719207,
            "fid": 3,
            "nid": 2822,
            "magpsf": 18.604299545288086,
            "sigmapsf": 0.10799700021743774,
            "magnr": 18.493999481201172,
            "sigmagnr": 0.020999999716877937,
            "magzpsci": 25.735300064086914,
            "isdiffpos": "f",
            "ssdistnr": null,
            "ssnamenr": null,
            "drb": null
        },
        {
            "candid": 2823301842915010008,
            "jd": 2460577.8018403,
            "ra": 336.1015221,
            "dec": 18.0719419,
            "fid": 3,
            "nid": 2823,
            "magpsf": 18.574800491333008,
            "sigmapsf": 0.08640900254249573,
            "magnr": 18.493999481201172,
            "sigmagnr": 0.020999999716877937,
            "magzpsci": 25.729799270629883,
            "isdiffpos": "f",
            "ssdistnr": null,
            "ssnamenr": null,
            "drb": null
        },
        {
            "candid": 2823302781615010007,
            "jd": 2460577.8027894,
            "ra": 336.1015284,
            "dec": 18.0719568,
            "fid": 3,
            "nid": 2823,
            "magpsf": 18.44065284729004,
            "sigmapsf": 0.13073225319385529,
            "magnr": 18.41200065612793,
            "sigmagnr": 0.035999998450279236,
            "magzpsci": 25.69765281677246,
            "isdiffpos": "f",
            "ssdistnr": -999.0,
            "ssnamenr": "null",
            "drb": null
        },
        {
            "jd": 2460546.8172917,
            "fid": 1,
            "diffmaglim": 19.643699645996094
        },
        {
            "jd": 2460546.8389005,
            "fid": 1,
            "diffmaglim": 19.733800888061523
        },
        {
            "jd": 2460548.7914931,
            "fid": 1,
            "diffmaglim": 20.580699920654297
        },
        {
            "jd": 2460548.8962847,
            "fid": 2,
            "diffmaglim": 20.337900161743164
        },
        {
            "jd": 2460549.8100231,
            "fid": 1,
            "diffmaglim": 20.72089958190918
        },
        {
            "jd": 2460549.8378472,
            "fid": 2,
            "diffmaglim": 20.643299102783203
        },
        {
            "jd": 2460550.7358912,
            "fid": 2,
            "diffmaglim": 20.517099380493164
        },
        {
            "jd": 2460550.7761227,
            "fid": 1,
            "diffmaglim": 20.752300262451172
        },
        {
            "jd": 2460551.7576505,
            "fid": 2,
            "diffmaglim": 20.653600692749023
        },
        {
            "jd": 2460551.8073032,
            "fid": 1,
            "diffmaglim": 20.832599639892578
        },
        {
            "jd": 2460552.7567708,
            "fid": 2,
            "diffmaglim": 20.552799224853516
        },
        {
            "jd": 2460552.8263542,
            "fid": 1,
            "diffmaglim": 20.70800018310547
        },
        {
            "jd": 2460553.7912847,
            "fid": 2,
            "diffmaglim": 20.69230079650879
        },
        {
            "jd": 2460553.8056481,
            "fid": 1,
            "diffmaglim": 20.76740074157715
        },
        {
            "jd": 2460554.7635185,
            "fid": 1,
            "diffmaglim": 20.518699645996094
        },
        {
            "jd": 2460554.879537,
            "fid": 2,
            "diffmaglim": 20.672100067138672
        },
        {
            "jd": 2460555.7790741,
            "fid": 1,
            "diffmaglim": 20.73080062866211
        },
        {
            "jd": 2460555.8663079,
            "fid": 2,
            "diffmaglim": 20.655799865722656
        },
        {
            "jd": 2460556.7583333,
            "fid": 1,
            "diffmaglim": 20.617399215698242
        },
        {
            "jd": 2460556.778669,
            "fid": 2,
            "diffmaglim": 20.454200744628906
        },
        {
            "jd": 2460557.801169,
            "fid": 2,
            "diffmaglim": 20.629899978637695
        },
        {
            "jd": 2460557.8935417,
            "fid": 1,
            "diffmaglim": 20.617300033569336
        },
        {
            "jd": 2460558.7738194,
            "fid": 1,
            "diffmaglim": 20.65019989013672
        },
        {
            "jd": 2460558.8127546,
            "fid": 2,
            "diffmaglim": 20.53350067138672
        },
        {
            "jd": 2460559.756331,
            "fid": 2,
            "diffmaglim": 20.291799545288086
        },
        {
            "jd": 2460559.8072222,
            "fid": 1,
            "diffmaglim": 20.61280059814453
        },
        {
            "jd": 2460561.7978819,
            "fid": 2,
            "diffmaglim": 20.418399810791016
        },
        {
            "jd": 2460561.8182755,
            "fid": 1,
            "diffmaglim": 20.49489974975586
        },
        {
            "jd": 2460562.7462616,
            "fid": 1,
            "diffmaglim": 20.472200393676758
        },
        {
            "jd": 2460562.7740741,
            "fid": 2,
            "diffmaglim": 20.427499771118164
        },
        {
            "jd": 2460563.739375,
            "fid": 2,
            "diffmaglim": 19.49169921875
        },
        {
            "jd": 2460564.7484722,
            "fid": 1,
            "diffmaglim": 20.422500610351562
        },
        {
            "jd": 2460564.8291204,
            "fid": 2,
            "diffmaglim": 20.433700561523438
        },
        {
            "jd": 2460565.7812153,
            "fid": 2,
            "diffmaglim": 20.470399856567383
        },
        {
            "jd": 2460565.7955208,
            "fid": 1,
            "diffmaglim": 20.6658992767334
        },
        {
            "jd": 2460566.8192361,
            "fid": 1,
            "diffmaglim": 19.91029930114746
        },
        {
            "jd": 2460566.871331,
            "fid": 2,
            "diffmaglim": 20.215499877929688
        },
        {
            "jd": 2460567.7584954,
            "fid": 1,
            "diffmaglim": 20.112199783325195
        },
        {
            "jd": 2460569.8207292,
            "fid": 2,
            "diffmaglim": 19.660900115966797
        },
        {
            "jd": 2460571.736794,
            "fid": 2,
            "diffmaglim": 19.42460060119629
        },
        {
            "jd": 2460571.8176273,
            "fid": 1,
            "diffmaglim": 19.214099884033203
        },
        {
            "jd": 2460572.7751273,
            "fid": 2,
            "diffmaglim": 19.718799591064453
        },
        {
            "jd": 2460572.8212731,
            "fid": 1,
            "diffmaglim": 19.459400177001953
        },
        {
            "jd": 2460575.6960185,
            "fid": 2,
            "diffmaglim": 20.212099075317383
        },
        {
            "jd": 2460575.6964815,
            "fid": 2,
            "diffmaglim": 20.324199676513672
        },
        {
            "jd": 2460575.7860764,
            "fid": 1,
            "diffmaglim": 20.231199264526367
        },
        {
            "jd": 2460575.7875,
            "fid": 1,
            "diffmaglim": 20.134000778198242
        },
        {
            "jd": 2460576.7023032,
            "fid": 2,
            "diffmaglim": 20.586299896240234
        },
        {
            "jd": 2460576.715162,
            "fid": 2,
            "diffmaglim": 20.522499084472656
        },
        {
            "jd": 2460576.7444329,
            "fid": 1,
            "diffmaglim": 20.234600067138672
        },
        {
            "jd": 2460576.7449074,
            "fid": 1,
            "diffmaglim": 20.404300689697266
        },
        {
            "jd": 2460577.7450694,
            "fid": 1,
            "diffmaglim": 20.6825008392334
        }
    ],
    "forcedphot": [
        {
            "objectid": "ZTF18adqpvpz",
            "jd": 2460555.8663079,
            "ranr": -99999.0,
            "decnr": -99999.0,
            "fid": 2,
            "forcediffimflux": -99999.0,
            "forcediffimfluxunc": -99999.0,
            "magzpsci": 26.261499404907227
        },
        {
            "objectid": "ZTF18adqpvpz",
            "jd": 2460556.7583333,
            "ranr": 336.1028048,
            "decnr": 18.07172,
            "fid": 1,
            "forcediffimflux": 25.82008934020996,
            "forcediffimfluxunc": 26.392200469970703,
            "magzpsci": 26.25469970703125
        },
        {
            "objectid": "ZTF18adqpvpz",
            "jd": 2460556.778669,
            "ranr": -99999.0,
            "decnr": -99999.0,
            "fid": 2,
            "forcediffimflux": -2.073986768722534,
            "forcediffimfluxunc": 31.136323928833008,
            "magzpsci": 26.253999710083008
        },
        {
            "objectid": "ZTF18adqpvpz",
            "jd": 2460557.801169,
            "ranr": -99999.0,
            "decnr": -99999.0,
            "fid": 2,
            "forcediffimflux": -99999.0,
            "forcediffimfluxunc": -99999.0,
            "magzpsci": 26.255199432373047
        },
        {
            "objectid": "ZTF18adqpvpz",
            "jd": 2460557.8935417,
            "ranr": 336.1004322,
            "decnr": 18.0709701,
            "fid": 1,
            "forcediffimflux": -72.46202850341797,
            "forcediffimfluxunc": 24.44756317138672,
            "magzpsci": 26.3075008392334
        },
        {
            "objectid": "ZTF18adqpvpz",
            "jd": 2460558.7738194,
            "ranr": 336.1028048,
            "decnr": 18.07172,
            "fid": 1,
            "forcediffimflux": -9.376235008239746,
            "forcediffimfluxunc": 24.587018966674805,
            "magzpsci": 26.254100799560547
        },
        {
            "objectid": "ZTF18adqpvpz",
            "jd": 2460558.8127546,
            "ranr": -99999.0,
            "decnr": -99999.0,
            "fid": 2,
            "forcediffimflux": -9.603723526000977,
            "forcediffimfluxunc": 25.17863655090332,
            "magzpsci": 26.260099411010742
        },
        {
            "objectid": "ZTF18adqpvpz",
            "jd": 2460559.756331,
            "ranr": 336.1016002,
            "decnr": 18.0730446,
            "fid": 2,
            "forcediffimflux": -5.130288600921631,
            "forcediffimfluxunc": 30.87067985534668,
            "magzpsci": 26.261899948120117
        },
        {
            "objectid": "ZTF18adqpvpz",
            "jd": 2460559.8072222,
            "ranr": -99999.0,
            "decnr": -99999.0,
            "fid": 1,
            "forcediffimflux": -99999.0,
            "forcediffimfluxunc": -99999.0,
            "magzpsci": 26.248600006103516
        },
        {
            "objectid": "ZTF18adqpvpz",
            "jd": 2460561.7978819,
            "ranr": 336.1016002,
            "decnr": 18.0730446,
            "fid": 2,
            "forcediffimflux": 35.49653244018555,
            "forcediffimfluxunc": 26.87386703491211,
            "magzpsci": 26.196800231933594
        },
        {
            "objectid": "ZTF18adqpvpz",
            "jd": 2460561.8182755,
            "ranr": -99999.0,
            "decnr": -99999.0,
            "fid": 1,
            "forcediffimflux": -99999.0,
            "forcediffimfluxunc": -99999.0,
            "magzpsci": 26.045700073242188
        },
        {
            "objectid": "ZTF18adqpvpz",
            "jd": 2460562.7462616,
            "ranr": 336.1028048,
            "decnr": 18.07172,
            "fid": 1,
            "forcediffimflux": 0.8628754615783691,
            "forcediffimfluxunc": 24.922510147094727,
            "magzpsci": 26.078500747680664
        },
        {
            "objectid": "ZTF18adqpvpz",
            "jd": 2460562.7740741,
            "ranr": -99999.0,
            "decnr": -99999.0,
            "fid": 2,
            "forcediffimflux": -9.381143569946289,
            "forcediffimfluxunc": 25.752531051635742,
            "magzpsci": 26.124099731445312
        },
        {
            "objectid": "ZTF18adqpvpz",
            "jd": 2460564.7484722,
            "ranr": 336.1028048,
            "decnr": 18.07172,
            "fid": 1,
            "forcediffimflux": 14.182658195495605,
            "forcediffimfluxunc": 31.122116088867188,
            "magzpsci": 26.276899337768555
        },
        {
            "objectid": "ZTF18adqpvpz",
            "jd": 2460564.8291204,
            "ranr": -99999.0,
            "decnr": -99999.0,
            "fid": 2,
            "forcediffimflux": -1.5213242769241333,
            "forcediffimfluxunc": 30.321964263916016,
            "magzpsci": 26.275400161743164
        },
        {
            "objectid": "ZTF18adqpvpz",
            "jd": 2460565.7812153,
            "ranr": 336.1016002,
            "decnr": 18.0730446,
            "fid": 2,
            "forcediffimflux": 9.755657196044922,
            "forcediffimfluxunc": 27.51679229736328,
            "magzpsci": 26.31599998474121
        },
        {
            "objectid": "ZTF18adqpvpz",
            "jd": 2460565.7955208,
            "ranr": -99999.0,
            "decnr": -99999.0,
            "fid": 1,
            "forcediffimflux": -99999.0,
            "forcediffimfluxunc": -99999.0,
            "magzpsci": 26.31800079345703
        },
        {
            "objectid": "ZTF18adqpvpz",
            "jd": 2460566.8192361,
            "ranr": 336.1028048,
            "decnr": 18.07172,
            "fid": 1,
            "forcediffimflux": -14.912672996520996,
            "forcediffimfluxunc": 31.15720558166504,
            "magzpsci": 25.849300384521484
        },
        {
            "objectid": "ZTF18adqpvpz",
            "jd": 2460566.871331,
            "ranr": -99999.0,
            "decnr": -99999.0,
            "fid": 2,
            "forcediffimflux": -13.73643684387207,
            "forcediffimfluxunc": 27.605669021606445,
            "magzpsci": 26.006099700927734
        },
        {
            "objectid": "ZTF18adqpvpz",
            "jd": 2460567.7584954,
            "ranr": -99999.0,
            "decnr": -99999.0,
            "fid": 1,
            "forcediffimflux": -99999.0,
            "forcediffimfluxunc": -99999.0,
            "magzpsci": 26.299299240112305
        },
        {
            "objectid": "ZTF18adqpvpz",
            "jd": 2460569.8207292,
            "ranr": -99999.0,
            "decnr": -99999.0,
            "fid": 2,
            "forcediffimflux": -3.7333154678344727,
            "forcediffimfluxunc": 63.10245895385742,
            "magzpsci": 26.277599334716797
        },
        {
            "objectid": "ZTF18adqpvpz",
            "jd": 2460571.736794,
            "ranr": 336.1016002,
            "decnr": 18.0730446,
            "fid": 2,
            "forcediffimflux": 38.046165466308594,
            "forcediffimfluxunc": 76.95083618164062,
            "magzpsci": 26.298500061035156
        },
        {
            "objectid": "ZTF18adqpvpz",
            "jd": 2460571.8176273,
            "ranr": -99999.0,
            "decnr": -99999.0,
            "fid": 1,
            "forcediffimflux": -99999.0,
            "forcediffimfluxunc": -99999.0,
            "magzpsci": 26.35580062866211
        },
        {
            "objectid": "ZTF18adqpvpz",
            "jd": 2460572.7751273,
            "ranr": -99999.0,
            "decnr": -99999.0,
            "fid": 2,
            "forcediffimflux": 15.440143585205078,
            "forcediffimfluxunc": 64.21517944335938,
            "magzpsci": 26.29400062561035
        },
        {
            "objectid": "ZTF18adqpvpz",
            "jd": 2460572.8212731,
            "ranr": 336.1028048,
            "decnr": 18.07172,
            "fid": 1,
            "forcediffimflux": 115.96546936035156,
            "forcediffimfluxunc": 74.52716827392578,
            "magzpsci": 26.292600631713867
        },
        {
            "objectid": "ZTF18adqpvpz",
            "jd": 2460575.6964815,
            "ranr": -99999.0,
            "decnr": -99999.0,
            "fid": 2,
            "forcediffimflux": -99999.0,
            "forcediffimfluxunc": -99999.0,
            "magzpsci": 26.2460994720459
        },
        {
            "objectid": "ZTF18adqpvpz",
            "jd": 2460575.7707755,
            "ranr": 336.1015081,
            "decnr": 18.0719472,
            "fid": 3,
            "forcediffimflux": -859.1965942382812,
            "forcediffimfluxunc": 25.35980796813965,
            "magzpsci": 25.73040008544922
        },
        {
            "objectid": "ZTF18adqpvpz",
            "jd": 2460575.7875,
            "ranr": 336.1028048,
            "decnr": 18.07172,
            "fid": 1,
            "forcediffimflux": -51.19606018066406,
            "forcediffimfluxunc": 41.455650329589844,
            "magzpsci": 26.30620002746582
        },
        {
            "objectid": "ZTF18adqpvpz",
            "jd": 2460576.715162,
            "ranr": -99999.0,
            "decnr": -99999.0,
            "fid": 2,
            "forcediffimflux": -99999.0,
            "forcediffimfluxunc": -99999.0,
            "magzpsci": 26.24959945678711
        },
        {
            "objectid": "ZTF18adqpvpz",
            "jd": 2460576.7449074,
            "ranr": -99999.0,
            "decnr": -99999.0,
            "fid": 1,
            "forcediffimflux": -99999.0,
            "forcediffimfluxunc": -99999.0,
            "magzpsci": 26.28339958190918
        },
        {
            "objectid": "ZTF18adqpvpz",
            "jd": 2460576.8245255,
            "ranr": 336.1015081,
            "decnr": 18.0719472,
            "fid": 3,
            "forcediffimflux": -754.7781982421875,
            "forcediffimfluxunc": 29.75541114807129,
            "magzpsci": 25.735300064086914
        },
        {
            "objectid": "ZTF18adqpvpz",
            "jd": 2460577.7450694,
            "ranr": 336.1028048,
            "decnr": 18.07172,
            "fid": 1,
            "forcediffimflux": -0.28497618436813354,
            "forcediffimfluxunc": 25.548784255981445,
            "magzpsci": 26.28380012512207
        },
        {
            "objectid": "ZTF18adqpvpz",
            "jd": 2460577.8018403,
            "ranr": -99999.0,
            "decnr": -99999.0,
            "fid": 3,
            "forcediffimflux": -99999.0,
            "forcediffimfluxunc": -99999.0,
            "magzpsci": 25.69179916381836
        }
    ]
}