{
    "objectId": "ZTF19aaoxvfe",
    "candidates": [
        {
            "candid": 826225034915015000,
            "jd": 2458580.7250347,
            "ra": 184.0192222,
            "dec": 29.8516462,
            "fid": 2,
            "nid": 826,
            "magpsf": 19.674800872802734,
            "sigmapsf": 0.14778999984264374,
            "magnr": 18.54199981689453,
            "sigmagnr": 0.0860000029206276,
            "magzpsci": 26.113800048828125,
            "isdiffpos": "t",
            "ssdistnr": -999.0,
            "ssnamenr": "-999.0",
            "drb": null
        },
        {
            "candid": 826241810315015010,
            "jd": 2458580.7418171,
            "ra": 184.0191744,
            "dec": 29.8516968,
            "fid": 1,
            "nid": 826,
            "magpsf": 19.756099700927734,
            "sigmapsf": 0.09493199735879898,
            "magnr": 18.993999481201172,
            "sigmagnr": 0.08500000089406967,
            "magzpsci": 26.02910041809082,
            "isdiffpos": "t",
            "ssdistnr": -999.0,
            "ssnamenr": "null",
            "drb": null
        },
        {
            "candid": 826242294915015000,
            "jd": 2458580.7422917,
            "ra": 184.0192474,
            "dec": 29.8516855,
            "fid": 1,
            "nid": 826,
            "magpsf": 19.73870086669922,
            "sigmapsf": 0.1483370065689087,
            "magnr": 18.959999084472656,
            "sigmagnr": 0.07500000298023224,
            "magzpsci": 26.172700881958008,
            "isdiffpos": "t",
            "ssdistnr": -999.0,
            "ssnamenr": "null",
            "drb": null
        },
        {
            "candid": 826283360315015011,
            "jd": 2458580.7833681,
            "ra": 184.0192196,
            "dec": 29.8516426,
            "fid": 2,
            "nid": 826,
            "magpsf": 19.569700241088867,
            "sigmapsf": 0.13885700702667236,
            "magnr": 18.458999633789062,
            "sigmagnr": 0.08799999952316284,
            "magzpsci": 25.992700576782227,
            "isdiffpos": "t",
            "ssdistnr": -999.0,
            "ssnamenr": "null",
            "drb": null
        },
        {
            "candid": 829273104915015000,
            "jd": 2458583.7731019,
            "ra": 184.0192186,
            "dec": 29.851635,
            "fid": 2,
            "nid": 829,
            "magpsf": 19.203800201416016,
            "sigmapsf": 0.12482400238513947,
            "magnr": 18.54199981689453,
            "sigmagnr": 0.0860000029206276,
            "magzpsci": 26.0757999420166,
            "isdiffpos": "t",
            "ssdistnr": -999.0,
            "ssnamenr": "null",
            "drb": null
        },
        {
            "candid": 829273104915025000,
            "jd": 2458583.7731019,
            "ra": 184.0192186,
            "dec": 29.851635,
            "fid": 2,
            "nid": 829,
            "magpsf": 19.203800201416016,
            "sigmapsf": 0.12482400238513947,
            "magnr": 18.54199981689453,
            "sigmagnr": 0.0860000029206276,
            "magzpsci": 26.0757999420166,
            "isdiffpos": "t",
            "ssdistnr": -999.0,
            "ssnamenr": "-999.0",
            "drb": null
        },
        {
            "candid": 830271660315015006,
            "jd": 2458584.7716667,
            "ra": 184.0191709,
            "dec": 29.8516846,
            "fid": 1,
            "nid": 830,
            "magpsf": 19.66119956970215,
            "sigmapsf": 0.16172200441360474,
            "magnr": 18.993999481201172,
            "sigmagnr": 0.08500000089406967,
            "magzpsci": 26.040199279785156,
            "isdiffpos": "t",
            "ssdistnr": -999.0,
            "ssnamenr": "null",
            "drb": null
        },
        {
            "candid": 830317430315015008,
            "jd": 2458584.8174306,
            "ra": 184.0191593,
            "dec": 29.8516744,
            "fid": 2,
            "nid": 830,
            "magpsf": 19.074499130249023,
            "sigmapsf": 0.09907200187444687,
            "magnr": 18.458999633789062,
            "sigmagnr": 0.08799999952316284,
            "magzpsci": 25.95949935913086,
            "isdiffpos": "t",
            "ssdistnr": -999.0,
            "ssnamenr": "null",
            "drb": null
        },
        {
            "candid": 832215844915015000,
            "jd": 2458586.7158449,
            "ra": 184.0192246,
            "dec": 29.8516503,
            "fid": 2,
            "nid": 832,
            "magpsf": 19.17060089111328,
            "sigmapsf": 0.11343999952077866,
            "magnr": 18.54199981689453,
            "sigmagnr": 0.0860000029206276,
            "magzpsci": 26.079599380493164,
            "isdiffpos": "t",
            "ssdistnr": -999.0,
            "ssnamenr": "null",
            "drb": null
        },
        {
            "candid": 832254714915015000,
            "jd": 2458586.7547106,
            "ra": 184.0191724,
            "dec": 29.8516983,
            "fid": 1,
            "nid": 832,
            "magpsf": 19.49959945678711,
            "sigmapsf": 0.1773660033941269,
            "magnr": 18.959999084472656,
            "sigmagnr": 0.07500000298023224,
            "magzpsci": 26.171600341796875,
            "isdiffpos": "t",
            "ssdistnr": -999.0,
            "ssnamenr": "null",
            "drb": null
        },
        {
            "candid": 833373370315015005,
            "jd": 2458587.8733796,
            "ra": 184.01922,
            "dec": 29.8517755,
            "fid": 1,
            "nid": 833,
            "magpsf": 19.585500717163086,
            "sigmapsf": 0.22725200653076172,
            "magnr": 18.993999481201172,
            "sigmagnr": 0.08500000089406967,
            "magzpsci": 25.644500732421875,
            "isdiffpos": "t",
            "ssdistnr": -999.0,
            "ssnamenr": "-999.0",
            "drb": null
        },
        {
            "candid": 837351800315015010,
            "jd": 2458591.8518056,
            "ra": 184.0191969,
            "dec": 29.8517735,
            "fid": 2,
            "nid": 837,
            "magpsf": 18.793899536132812,
            "sigmapsf": 0.1761859953403473,
            "magnr": 18.458999633789062,
            "sigmagnr": 0.08799999952316284,
            "magzpsci": 25.91390037536621,
            "isdiffpos": "t",
            "ssdistnr": -999.0,
            "ssnamenr": "null",
            "drb": null
        },
        {
            "candid": 838173434915015001,
            "jd": 2458592.6734375,
            "ra": 184.0193187,
            "dec": 29.8515779,
            "fid": 1,
            "nid": 838,
            "magpsf": 19.224199295043945,
            "sigmapsf": 0.22515800595283508,
            "magnr": 18.959999084472656,
            "sigmagnr": 0.07500000298023224,
            "magzpsci": 26.099199295043945,
            "isdiffpos": "t",
            "ssdistnr": -999.0,
            "ssnamenr": "-999.0",
            "drb": null
        },
        {
            "candid": 838253314915015000,
            "jd": 2458592.7533102,
            "ra": 184.0191883,
            "dec": 29.85165,
            "fid": 2,
            "nid": 838,
            "magpsf": 18.94029998779297,
            "sigmapsf": 0.124720998108387,
            "magnr": 18.54199981689453,
            "sigmagnr": 0.0860000029206276,
            "magzpsci": 26.114299774169922,
            "isdiffpos": "t",
            "ssdistnr": -999.0,
            "ssnamenr": "-999.0",
            "drb": null
        },
        {
            "candid": 840226500315015003,
            "jd": 2458594.7265046,
            "ra": 184.019135,
            "dec": 29.8517039,
            "fid": 1,
            "nid": 840,
            "magpsf": 19.445199966430664,
            "sigmapsf": 0.1630139946937561,
            "magnr": 18.993999481201172,
            "sigmagnr": 0.08500000089406967,
            "magzpsci": 26.066200256347656,
            "isdiffpos": "t",
            "ssdistnr": -999.0,
            "ssnamenr": "null",
            "drb": null
        },
        {
            "candid": 840319810315015010,
            "jd": 2458594.8198148,
            "ra": 184.0191045,
            "dec": 29.8516391,
            "fid": 2,
            "nid": 840,
            "magpsf": 18.741500854492188,
            "sigmapsf": 0.12994199991226196,
            "magnr": 18.458999633789062,
            "sigmagnr": 0.08799999952316284,
            "magzpsci": 25.9375,
            "isdiffpos": "t",
            "ssdistnr": -999.0,
            "ssnamenr": "null",
            "drb": null
        },
        {
            "candid": 842229174915015000,
            "jd": 2458596.7291782,
            "ra": 184.0192313,
            "dec": 29.8515959,
            "fid": 1,
            "nid": 842,
            "magpsf": 19.651599884033203,
            "sigmapsf": 0.1616310030221939,
            "magnr": 18.959999084472656,
            "sigmagnr": 0.07500000298023224,
            "magzpsci": 26.202600479125977,
            "isdiffpos": "t",
            "ssdistnr": -999.0,
            "ssnamenr": "null",
            "drb": null
        },
        {
            "candid": 843327650315015012,
            "jd": 2458597.8276505,
            "ra": 184.0191712,
            "dec": 29.8516665,
            "fid": 2,
            "nid": 843,
            "magpsf": 18.84630012512207,
            "sigmapsf": 0.08628100156784058,
            "magnr": 18.458999633789062,
            "sigmagnr": 0.08799999952316284,
            "magzpsci": 25.928300857543945,
            "isdiffpos": "t",
            "ssdistnr": -999.0,
            "ssnamenr": "null",
            "drb": null
        },
        {
            "candid": 846229760315015008,
            "jd": 2458600.7297685,
            "ra": 184.0191492,
            "dec": 29.8516882,
            "fid": 1,
            "nid": 846,
            "magpsf": 19.996299743652344,
            "sigmapsf": 0.17134499549865723,
            "magnr": 18.993999481201172,
            "sigmagnr": 0.08500000089406967,
            "magzpsci": 26.069299697875977,
            "isdiffpos": "t",
            "ssdistnr": -999.0,
            "ssnamenr": "null",
            "drb": null
        },
        {
            "candid": 848283814915015000,
            "jd": 2458602.7838194,
            "ra": 184.0192697,
            "dec": 29.8516668,
            "fid": 2,
            "nid": 848,
            "magpsf": 19.1835994720459,
            "sigmapsf": 0.11657500267028809,
            "magnr": 18.54199981689453,
            "sigmagnr": 0.0860000029206276,
            "magzpsci": 26.086599349975586,
            "isdiffpos": "t",
            "ssdistnr": -999.0,
            "ssnamenr": "null",
            "drb": null
        },
        {
            "candid": 852204300315015010,
            "jd": 2458606.7043056,
            "ra": 184.0191823,
            "dec": 29.8516674,
            "fid": 2,
            "nid": 852,
            "magpsf": 19.404499053955078,
            "sigmapsf": 0.11158400028944016,
            "magnr": 18.458999633789062,
            "sigmagnr": 0.08799999952316284,
            "magzpsci": 26.01650047302246,
            "isdiffpos": "t",
            "ssdistnr": -999.0,
            "ssnamenr": "null",
            "drb": null
        },
        {
            "candid": 852393880315015006,
            "jd": 2458606.8938889,
            "ra": 184.0191349,
            "dec": 29.8517246,
            "fid": 1,
            "nid": 852,
            "magpsf": 20.422800064086914,
            "sigmapsf": 0.2014790028333664,
            "magnr": 18.993999481201172,
            "sigmagnr": 0.08500000089406967,
            "magzpsci": 25.91080093383789,
            "isdiffpos": "t",
            "ssdistnr": -999.0,
            "ssnamenr": "null",
            "drb": null
        },
        {
            "candid": 855212560315015006,
            "jd": 2458609.7125694,
            "ra": 184.0192523,
            "dec": 29.8516842,
            "fid": 1,
            "nid": 855,
            "magpsf": 20.897199630737305,
            "sigmapsf": 0.2601119875907898,
            "magnr": 18.993999481201172,
            "sigmagnr": 0.08500000089406967,
            "magzpsci": 26.04520034790039,
            "isdiffpos": "t",
            "ssdistnr": -999.0,
            "ssnamenr": "-999.0",
            "drb": null
        },
        {
            "candid": 858213050315015008,
            "jd": 2458612.7130556,
            "ra": 184.019165,
            "dec": 29.8516923,
            "fid": 2,
            "nid": 858,
            "magpsf": 19.787700653076172,
            "sigmapsf": 0.13327999413013458,
            "magnr": 18.458999633789062,
            "sigmagnr": 0.08799999952316284,
            "magzpsci": 25.93869972229004,
            "isdiffpos": "t",
            "ssdistnr": -999.0,
            "ssnamenr": "null",
            "drb": null
        },
        {
            "jd": 2458557.85681,
            "fid": 2,
            "diffmaglim": 19.71299934387207
        },
        {
            "jd": 2458558.71256,
            "fid": 2,
            "diffmaglim": 19.70199966430664
        },
        {
            "jd": 2458560.72657,
            "fid": 1,
            "diffmaglim": 19.483999252319336
        },
        {
            "jd": 2458560.75375,
            "fid": 1,
            "diffmaglim": 19.589000701904297
        },
        {
            "jd": 2458560.83892,
            "fid": 2,
            "diffmaglim": 19.836999893188477
        },
        {
            "jd": 2458561.78895,
            "fid": 1,
            "diffmaglim": 19.216999053955078
        },
        {
            "jd": 2458567.74909,
            "fid": 2,
            "diffmaglim": 20.72100067138672
        },
        {
            "jd": 2458567.75545,
            "fid": 1,
            "diffmaglim": 20.86400032043457
        },
        {
            "jd": 2458567.75872,
            "fid": 1,
            "diffmaglim": 20.79800033569336
        },
        {
            "jd": 2458567.94582,
            "fid": 1,
            "diffmaglim": 19.558000564575195
        },
        {
            "jd": 2458572.76049,
            "fid": 1,
            "diffmaglim": 20.23699951171875
        },
        {
            "jd": 2458572.79216,
            "fid": 2,
            "diffmaglim": 19.874000549316406
        },
        {
            "jd": 2458573.75656,
            "fid": 2,
            "diffmaglim": 20.3700008392334
        },
        {
            "jd": 2458573.79779,
            "fid": 1,
            "diffmaglim": 20.4689998626709
        },
        {
            "jd": 2458574.72664,
            "fid": 2,
            "diffmaglim": 17.31100082397461
        },
        {
            "jd": 2458575.74919,
            "fid": 2,
            "diffmaglim": 19.733999252319336
        },
        {
            "jd": 2458575.81258,
            "fid": 1,
            "diffmaglim": 20.520999908447266
        },
        {
            "jd": 2458580.70839,
            "fid": 1,
            "diffmaglim": 20.61199951171875
        },
        {
            "jd": 2458585.69766,
            "fid": 1,
            "diffmaglim": 20.301000595092773
        },
        {
            "jd": 2458587.77753,
            "fid": 2,
            "diffmaglim": 19.493000030517578
        },
        {
            "jd": 2458588.70677,
            "fid": 1,
            "diffmaglim": 16.836000442504883
        },
        {
            "jd": 2458589.74132,
            "fid": 2,
            "diffmaglim": 18.899999618530273
        },
        {
            "jd": 2458591.71118,
            "fid": 1,
            "diffmaglim": 19.226999282836914
        },
        {
            "jd": 2458593.78204,
            "fid": 2,
            "diffmaglim": 19.584999084472656
        },
        {
            "jd": 2458597.77562,
            "fid": 1,
            "diffmaglim": 20.58799934387207
        },
        {
            "jd": 2458602.75853,
            "fid": 2,
            "diffmaglim": 18.444000244140625
        },
        {
            "jd": 2458606.70844,
            "fid": 2,
            "diffmaglim": 20.812999725341797
        }
    ],
    "forcedphot": []
}