{
    "objectId": "ZTF19aapwnmb",
    "candidates": [
        {
            "candid": 826490763515015020,
            "jd": 2458580.9907639,
            "ra": 287.7991653,
            "dec": 48.4926805,
            "fid": 2,
            "nid": 826,
            "magpsf": 20.226699829101562,
            "sigmapsf": 0.2318509966135025,
            "magnr": 19.299999237060547,
            "sigmagnr": 0.07100000232458115,
            "magzpsci": 26.06570053100586,
            "isdiffpos": "t",
            "ssdistnr": -999.0,
            "ssnamenr": "-999.0",
            "drb": null
        },
        {
            "candid": 826503844615015001,
            "jd": 2458581.0038426,
            "ra": 287.7990693,
            "dec": 48.4926969,
            "fid": 2,
            "nid": 826,
            "magpsf": 20.236600875854492,
            "sigmapsf": 0.2373809963464737,
            "magnr": 19.261999130249023,
            "sigmagnr": 0.07999999821186066,
            "magzpsci": 26.07659912109375,
            "isdiffpos": "t",
            "ssdistnr": -999.0,
            "ssnamenr": "-999.0",
            "drb": null
        },
        {
            "candid": 830491504615015001,
            "jd": 2458584.9915046,
            "ra": 287.7991497,
            "dec": 48.4926709,
            "fid": 1,
            "nid": 830,
            "magpsf": 18.86199951171875,
            "sigmapsf": 0.08607500046491623,
            "magnr": 19.881000518798828,
            "sigmagnr": 0.07199999690055847,
            "magzpsci": 26.20599937438965,
            "isdiffpos": "t",
            "ssdistnr": -999.0,
            "ssnamenr": "null",
            "drb": null
        },
        {
            "candid": 830492413515015012,
            "jd": 2458584.992419,
            "ra": 287.7991293,
            "dec": 48.4926506,
            "fid": 1,
            "nid": 830,
            "magpsf": 18.834999084472656,
            "sigmapsf": 0.09813600033521652,
            "magnr": 19.951000213623047,
            "sigmagnr": 0.06800000369548798,
            "magzpsci": 26.18899917602539,
            "isdiffpos": "t",
            "ssdistnr": -999.0,
            "ssnamenr": "null",
            "drb": null
        },
        {
            "candid": 830515844615015002,
            "jd": 2458585.0158449,
            "ra": 287.7991401,
            "dec": 48.492672,
            "fid": 2,
            "nid": 830,
            "magpsf": 18.969100952148438,
            "sigmapsf": 0.09118399769067764,
            "magnr": 19.261999130249023,
            "sigmagnr": 0.07999999821186066,
            "magzpsci": 26.177099227905273,
            "isdiffpos": "t",
            "ssdistnr": -999.0,
            "ssnamenr": "null",
            "drb": null
        },
        {
            "candid": 830517713515015011,
            "jd": 2458585.0177199,
            "ra": 287.7991166,
            "dec": 48.4926806,
            "fid": 2,
            "nid": 830,
            "magpsf": 18.89150047302246,
            "sigmapsf": 0.08621399849653244,
            "magnr": 19.299999237060547,
            "sigmagnr": 0.07100000232458115,
            "magzpsci": 26.203500747680664,
            "isdiffpos": "t",
            "ssdistnr": -999.0,
            "ssnamenr": "null",
            "drb": null
        },
        {
            "candid": 833491643515015008,
            "jd": 2458587.9916435,
            "ra": 287.7991275,
            "dec": 48.4926227,
            "fid": 1,
            "nid": 833,
            "magpsf": 18.89349937438965,
            "sigmapsf": 0.11950100213289261,
            "magnr": 19.951000213623047,
            "sigmagnr": 0.06800000369548798,
            "magzpsci": 25.769500732421875,
            "isdiffpos": "t",
            "ssdistnr": -999.0,
            "ssnamenr": "-999.0",
            "drb": null
        },
        {
            "candid": 833492114615015001,
            "jd": 2458587.9921181,
            "ra": 287.799128,
            "dec": 48.4926842,
            "fid": 1,
            "nid": 833,
            "magpsf": 18.763099670410156,
            "sigmapsf": 0.11814799904823303,
            "magnr": 19.881000518798828,
            "sigmagnr": 0.07199999690055847,
            "magzpsci": 25.704099655151367,
            "isdiffpos": "t",
            "ssdistnr": -999.0,
            "ssnamenr": "null",
            "drb": null
        },
        {
            "candid": 833516084615015001,
            "jd": 2458588.016088,
            "ra": 287.7990863,
            "dec": 48.4926741,
            "fid": 2,
            "nid": 833,
            "magpsf": 18.94300079345703,
            "sigmapsf": 0.2783600091934204,
            "magnr": 19.261999130249023,
            "sigmagnr": 0.07999999821186066,
            "magzpsci": 25.334999084472656,
            "isdiffpos": "t",
            "ssdistnr": -999.0,
            "ssnamenr": "-999.0",
            "drb": null
        },
        {
            "candid": 837448054615015000,
            "jd": 2458591.9480556,
            "ra": 287.79911,
            "dec": 48.4926075,
            "fid": 2,
            "nid": 837,
            "magpsf": 19.013099670410156,
            "sigmapsf": 0.16344000399112701,
            "magnr": 19.261999130249023,
            "sigmagnr": 0.07999999821186066,
            "magzpsci": 26.1830997467041,
            "isdiffpos": "t",
            "ssdistnr": -999.0,
            "ssnamenr": "null",
            "drb": null
        },
        {
            "candid": 837469153515015003,
            "jd": 2458591.9691551,
            "ra": 287.7990859,
            "dec": 48.4926351,
            "fid": 2,
            "nid": 837,
            "magpsf": 19.24880027770996,
            "sigmapsf": 0.15362800657749176,
            "magnr": 19.299999237060547,
            "sigmagnr": 0.07100000232458115,
            "magzpsci": 26.21980094909668,
            "isdiffpos": "t",
            "ssdistnr": -999.0,
            "ssnamenr": "null",
            "drb": null
        },
        {
            "candid": 842420994615015001,
            "jd": 2458596.9209954,
            "ra": 287.7991442,
            "dec": 48.4926392,
            "fid": 2,
            "nid": 842,
            "magpsf": 19.414600372314453,
            "sigmapsf": 0.18170200288295746,
            "magnr": 19.261999130249023,
            "sigmagnr": 0.07999999821186066,
            "magzpsci": 26.17959976196289,
            "isdiffpos": "t",
            "ssdistnr": -999.0,
            "ssnamenr": "null",
            "drb": null
        },
        {
            "candid": 842421903515015013,
            "jd": 2458596.9219097,
            "ra": 287.7991026,
            "dec": 48.4926937,
            "fid": 2,
            "nid": 842,
            "magpsf": 19.543899536132812,
            "sigmapsf": 0.14572300016880035,
            "magnr": 19.299999237060547,
            "sigmagnr": 0.07100000232458115,
            "magzpsci": 26.208900451660156,
            "isdiffpos": "t",
            "ssdistnr": -999.0,
            "ssnamenr": "null",
            "drb": null
        },
        {
            "candid": 842498393515015009,
            "jd": 2458596.9983912,
            "ra": 287.7990765,
            "dec": 48.4926541,
            "fid": 1,
            "nid": 842,
            "magpsf": 19.229299545288086,
            "sigmapsf": 0.14618200063705444,
            "magnr": 19.951000213623047,
            "sigmagnr": 0.06800000369548798,
            "magzpsci": 26.21430015563965,
            "isdiffpos": "t",
            "ssdistnr": -999.0,
            "ssnamenr": "null",
            "drb": null
        },
        {
            "candid": 842500204615015004,
            "jd": 2458597.0002083,
            "ra": 287.7991634,
            "dec": 48.4926831,
            "fid": 1,
            "nid": 842,
            "magpsf": 19.48710060119629,
            "sigmapsf": 0.15705899894237518,
            "magnr": 19.881000518798828,
            "sigmagnr": 0.07199999690055847,
            "magzpsci": 26.24209976196289,
            "isdiffpos": "t",
            "ssdistnr": -999.0,
            "ssnamenr": "null",
            "drb": null
        },
        {
            "candid": 851454163515015012,
            "jd": 2458605.9541667,
            "ra": 287.7991479,
            "dec": 48.4926495,
            "fid": 2,
            "nid": 851,
            "magpsf": 20.181499481201172,
            "sigmapsf": 0.18637000024318695,
            "magnr": 19.299999237060547,
            "sigmagnr": 0.07100000232458115,
            "magzpsci": 26.191499710083008,
            "isdiffpos": "t",
            "ssdistnr": -999.0,
            "ssnamenr": "null",
            "drb": null
        },
        {
            "jd": 2458558.00682,
            "fid": 1,
            "diffmaglim": 19.972999572753906
        },
        {
            "jd": 2458558.00866,
            "fid": 1,
            "diffmaglim": 19.826000213623047
        },
        {
            "jd": 2458560.96756,
            "fid": 2,
            "diffmaglim": 19.878000259399414
        },
        {
            "jd": 2458561.92443,
            "fid": 2,
            "diffmaglim": 19.027000427246094
        },
        {
            "jd": 2458562.03042,
            "fid": 1,
            "diffmaglim": 19.42099952697754
        },
        {
            "jd": 2458568.01134,
            "fid": 1,
            "diffmaglim": 19.690000534057617
        },
        {
            "jd": 2458568.01226,
            "fid": 1,
            "diffmaglim": 20.017000198364258
        },
        {
            "jd": 2458568.03528,
            "fid": 2,
            "diffmaglim": 19.69700050354004
        },
        {
            "jd": 2458572.93163,
            "fid": 2,
            "diffmaglim": 20.309999465942383
        },
        {
            "jd": 2458573.00473,
            "fid": 1,
            "diffmaglim": 20.667999267578125
        },
        {
            "jd": 2458573.99473,
            "fid": 1,
            "diffmaglim": 20.476999282836914
        },
        {
            "jd": 2458575.96652,
            "fid": 2,
            "diffmaglim": 19.2549991607666
        },
        {
            "jd": 2458576.01306,
            "fid": 1,
            "diffmaglim": 18.88599967956543
        },
        {
            "jd": 2458577.94667,
            "fid": 2,
            "diffmaglim": 14.496000289916992
        }
    ],
    "forcedphot": []
}