{
    "objectId": "ZTF19acyjzeo",
    "candidates": [
        {
            "candid": 1076564446215015001,
            "jd": 2458831.0644444,
            "ra": 183.4660217,
            "dec": 14.2210471,
            "fid": 1,
            "nid": 1076,
            "magpsf": 18.18400001525879,
            "sigmapsf": 0.07320699840784073,
            "magnr": 19.643999099731445,
            "sigmagnr": 0.08900000154972076,
            "magzpsci": 26.267000198364258,
            "isdiffpos": "t",
            "ssdistnr": -999.0,
            "ssnamenr": "null",
            "drb": 0.9999989867210388
        },
        {
            "candid": 1079480156215015002,
            "jd": 2458833.9801505,
            "ra": 183.4660542,
            "dec": 14.2209897,
            "fid": 2,
            "nid": 1079,
            "magpsf": 18.045499801635742,
            "sigmapsf": 0.08005300164222717,
            "magnr": 19.097999572753906,
            "sigmagnr": 0.12300000339746475,
            "magzpsci": 26.10650062561035,
            "isdiffpos": "t",
            "ssdistnr": -999.0,
            "ssnamenr": "null",
            "drb": 1.0
        },
        {
            "candid": 1079563546215015005,
            "jd": 2458834.0635417,
            "ra": 183.4660395,
            "dec": 14.2209974,
            "fid": 1,
            "nid": 1079,
            "magpsf": 17.75860023498535,
            "sigmapsf": 0.10272599756717682,
            "magnr": 19.643999099731445,
            "sigmagnr": 0.08900000154972076,
            "magzpsci": 26.237600326538086,
            "isdiffpos": "t",
            "ssdistnr": -999.0,
            "ssnamenr": "-999.0",
            "drb": null
        },
        {
            "candid": 1079564896215015003,
            "jd": 2458834.0648958,
            "ra": 183.4659779,
            "dec": 14.2209701,
            "fid": 1,
            "nid": 1079,
            "magpsf": 17.697599411010742,
            "sigmapsf": 0.10277599841356277,
            "magnr": 19.643999099731445,
            "sigmagnr": 0.08900000154972076,
            "magzpsci": 26.255599975585938,
            "isdiffpos": "t",
            "ssdistnr": -999.0,
            "ssnamenr": "null",
            "drb": 0.9991660118103027
        },
        {
            "candid": 1084498146215015004,
            "jd": 2458838.9981481,
            "ra": 183.4660292,
            "dec": 14.2210356,
            "fid": 1,
            "nid": 1084,
            "magpsf": 17.933799743652344,
            "sigmapsf": 0.08341900259256363,
            "magnr": 19.643999099731445,
            "sigmagnr": 0.08900000154972076,
            "magzpsci": 25.537799835205078,
            "isdiffpos": "t",
            "ssdistnr": -999.0,
            "ssnamenr": "null",
            "drb": 0.9999840259552002
        },
        {
            "candid": 1084570726215015002,
            "jd": 2458839.0707292,
            "ra": 183.465935,
            "dec": 14.2209933,
            "fid": 2,
            "nid": 1084,
            "magpsf": 18.282499313354492,
            "sigmapsf": 0.2492779940366745,
            "magnr": 19.097999572753906,
            "sigmagnr": 0.12300000339746475,
            "magzpsci": 25.00349998474121,
            "isdiffpos": "t",
            "ssdistnr": -999.0,
            "ssnamenr": "-999.0",
            "drb": null
        },
        {
            "candid": 1092545726215015005,
            "jd": 2458847.0457292,
            "ra": 183.4660287,
            "dec": 14.2210062,
            "fid": 1,
            "nid": 1092,
            "magpsf": 18.715999603271484,
            "sigmapsf": 0.09793700277805328,
            "magnr": 19.643999099731445,
            "sigmagnr": 0.08900000154972076,
            "magzpsci": 26.242000579833984,
            "isdiffpos": "t",
            "ssdistnr": -999.0,
            "ssnamenr": "null",
            "drb": 1.0
        },
        {
            "candid": 1092566576215015005,
            "jd": 2458847.0665741,
            "ra": 183.4660443,
            "dec": 14.2210291,
            "fid": 2,
            "nid": 1092,
            "magpsf": 18.693199157714844,
            "sigmapsf": 0.10754100233316422,
            "magnr": 19.097999572753906,
            "sigmagnr": 0.12300000339746475,
            "magzpsci": 26.143199920654297,
            "isdiffpos": "t",
            "ssdistnr": -999.0,
            "ssnamenr": "null",
            "drb": 0.9999930262565613
        },
        {
            "candid": 1096485976215015003,
            "jd": 2458850.9859722,
            "ra": 183.4660291,
            "dec": 14.2209806,
            "fid": 2,
            "nid": 1096,
            "magpsf": 19.162700653076172,
            "sigmapsf": 0.17278100550174713,
            "magnr": 19.097999572753906,
            "sigmagnr": 0.12300000339746475,
            "magzpsci": 26.132699966430664,
            "isdiffpos": "t",
            "ssdistnr": -999.0,
            "ssnamenr": "null",
            "drb": 0.999983012676239
        },
        {
            "candid": 1096541146215015005,
            "jd": 2458851.0411458,
            "ra": 183.4660485,
            "dec": 14.2209724,
            "fid": 1,
            "nid": 1096,
            "magpsf": 19.37350082397461,
            "sigmapsf": 0.14240199327468872,
            "magnr": 19.643999099731445,
            "sigmagnr": 0.08900000154972076,
            "magzpsci": 26.25950050354004,
            "isdiffpos": "t",
            "ssdistnr": -999.0,
            "ssnamenr": "null",
            "drb": 0.9999849796295166
        },
        {
            "candid": 1099504676215015004,
            "jd": 2458854.0046759,
            "ra": 183.4660279,
            "dec": 14.2210802,
            "fid": 1,
            "nid": 1099,
            "magpsf": 20.14900016784668,
            "sigmapsf": 0.18440000712871552,
            "magnr": 19.643999099731445,
            "sigmagnr": 0.08900000154972076,
            "magzpsci": 26.26799964904785,
            "isdiffpos": "t",
            "ssdistnr": -999.0,
            "ssnamenr": "null",
            "drb": 0.9999390244483948
        },
        {
            "jd": 2458805.01507,
            "fid": 1,
            "diffmaglim": 19.134000778198242
        },
        {
            "jd": 2458839.047,
            "fid": 2,
            "diffmaglim": 19.13599967956543
        }
    ],
    "forcedphot": []
}