{
    "objectId": "ZTF18abfcmjw",
    "candidates": [
        {
            "candid": 826447745415015003,
            "jd": 2458580.9477431,
            "ra": 264.1945934,
            "dec": 50.5478389,
            "fid": 1,
            "nid": 826,
            "magpsf": 20.519399642944336,
            "sigmapsf": 0.3291800022125244,
            "magnr": 19.06399917602539,
            "sigmagnr": 0.03999999910593033,
            "magzpsci": 25.82539939880371,
            "isdiffpos": "t",
            "ssdistnr": -999.0,
            "ssnamenr": "-999.0",
            "drb": null
        },
        {
            "candid": 830408645415015000,
            "jd": 2458584.9086458,
            "ra": 264.1947591,
            "dec": 50.5478107,
            "fid": 2,
            "nid": 830,
            "magpsf": 18.756200790405273,
            "sigmapsf": 0.08963300287723541,
            "magnr": 18.618000030517578,
            "sigmagnr": 0.0430000014603138,
            "magzpsci": 26.143199920654297,
            "isdiffpos": "t",
            "ssdistnr": -999.0,
            "ssnamenr": "null",
            "drb": null
        },
        {
            "candid": 830456595415015000,
            "jd": 2458584.9565972,
            "ra": 264.194777,
            "dec": 50.5478532,
            "fid": 1,
            "nid": 830,
            "magpsf": 18.641199111938477,
            "sigmapsf": 0.09544900059700012,
            "magnr": 19.06399917602539,
            "sigmagnr": 0.03999999910593033,
            "magzpsci": 26.226200103759766,
            "isdiffpos": "t",
            "ssdistnr": -999.0,
            "ssnamenr": "null",
            "drb": null
        },
        {
            "candid": 833451575415015000,
            "jd": 2458587.9515741,
            "ra": 264.1947818,
            "dec": 50.5478621,
            "fid": 1,
            "nid": 833,
            "magpsf": 19.128299713134766,
            "sigmapsf": 0.11212900280952454,
            "magnr": 19.06399917602539,
            "sigmagnr": 0.03999999910593033,
            "magzpsci": 26.10930061340332,
            "isdiffpos": "t",
            "ssdistnr": -999.0,
            "ssnamenr": "null",
            "drb": null
        },
        {
            "candid": 837455465415015000,
            "jd": 2458591.955463,
            "ra": 264.194804,
            "dec": 50.5478121,
            "fid": 2,
            "nid": 837,
            "magpsf": 19.321800231933594,
            "sigmapsf": 0.23032400012016296,
            "magnr": 18.618000030517578,
            "sigmagnr": 0.0430000014603138,
            "magzpsci": 26.162799835205078,
            "isdiffpos": "t",
            "ssdistnr": -999.0,
            "ssnamenr": "-999.0",
            "drb": null
        },
        {
            "candid": 839331281715015008,
            "jd": 2458593.8312847,
            "ra": 264.1947157,
            "dec": 50.5478193,
            "fid": 2,
            "nid": 839,
            "magpsf": 19.506000518798828,
            "sigmapsf": 0.16332900524139404,
            "magnr": 18.665000915527344,
            "sigmagnr": 0.07400000095367432,
            "magzpsci": 26.156999588012695,
            "isdiffpos": "t",
            "ssdistnr": -999.0,
            "ssnamenr": "null",
            "drb": null
        },
        {
            "candid": 842409075415015000,
            "jd": 2458596.9090741,
            "ra": 264.1948008,
            "dec": 50.5477987,
            "fid": 2,
            "nid": 842,
            "magpsf": 19.72100067138672,
            "sigmapsf": 0.18637199699878693,
            "magnr": 18.618000030517578,
            "sigmagnr": 0.0430000014603138,
            "magzpsci": 26.159000396728516,
            "isdiffpos": "t",
            "ssdistnr": -999.0,
            "ssnamenr": "null",
            "drb": null
        },
        {
            "jd": 2458557.99666,
            "fid": 1,
            "diffmaglim": 20.03499984741211
        },
        {
            "jd": 2458558.0266,
            "fid": 2,
            "diffmaglim": 19.509000778198242
        },
        {
            "jd": 2458560.95428,
            "fid": 2,
            "diffmaglim": 20.0
        },
        {
            "jd": 2458560.98906,
            "fid": 1,
            "diffmaglim": 20.132999420166016
        },
        {
            "jd": 2458568.01455,
            "fid": 1,
            "diffmaglim": 19.764999389648438
        },
        {
            "jd": 2458568.03253,
            "fid": 2,
            "diffmaglim": 20.016000747680664
        },
        {
            "jd": 2458572.96889,
            "fid": 2,
            "diffmaglim": 20.41900062561035
        },
        {
            "jd": 2458572.98978,
            "fid": 1,
            "diffmaglim": 20.684999465942383
        },
        {
            "jd": 2458574.83152,
            "fid": 2,
            "diffmaglim": 18.867000579833984
        },
        {
            "jd": 2458575.94481,
            "fid": 2,
            "diffmaglim": 20.625999450683594
        },
        {
            "jd": 2458576.00892,
            "fid": 1,
            "diffmaglim": 19.513999938964844
        },
        {
            "jd": 2458580.9684,
            "fid": 2,
            "diffmaglim": 19.982999801635742
        },
        {
            "jd": 2458581.02071,
            "fid": 2,
            "diffmaglim": 19.423999786376953
        }
    ],
    "forcedphot": []
}