{
    "objectId": "ZTF19aatesgp",
    "candidates": [
        {
            "candid": 852206623815015009,
            "jd": 2458606.7066204,
            "ra": 185.7339689,
            "dec": 15.8261291,
            "fid": 2,
            "nid": 852,
            "magpsf": 15.820099830627441,
            "sigmapsf": 0.03062400035560131,
            "magnr": 18.905000686645508,
            "sigmagnr": 0.12300000339746475,
            "magzpsci": 26.166099548339844,
            "isdiffpos": "t",
            "ssdistnr": -999.0,
            "ssnamenr": "null",
            "drb": null
        },
        {
            "candid": 855211661015015004,
            "jd": 2458609.7116667,
            "ra": 185.7339641,
            "dec": 15.8261129,
            "fid": 1,
            "nid": 855,
            "magpsf": 17.477500915527344,
            "sigmapsf": 0.04537799954414368,
            "magnr": 19.849000930786133,
            "sigmagnr": 0.14100000262260437,
            "magzpsci": 26.24250030517578,
            "isdiffpos": "t",
            "ssdistnr": -999.0,
            "ssnamenr": "null",
            "drb": null
        },
        {
            "candid": 858211151015015006,
            "jd": 2458612.7111574,
            "ra": 185.7339429,
            "dec": 15.8261189,
            "fid": 2,
            "nid": 858,
            "magpsf": 16.068899154663086,
            "sigmapsf": 0.03563300147652626,
            "magnr": 19.017000198364258,
            "sigmagnr": 0.13500000536441803,
            "magzpsci": 26.097900390625,
            "isdiffpos": "t",
            "ssdistnr": -999.0,
            "ssnamenr": "null",
            "drb": null
        },
        {
            "candid": 858254591015015007,
            "jd": 2458612.7545949,
            "ra": 185.733957,
            "dec": 15.8261294,
            "fid": 1,
            "nid": 858,
            "magpsf": 17.278799057006836,
            "sigmapsf": 0.04448699951171875,
            "magnr": 19.849000930786133,
            "sigmagnr": 0.14100000262260437,
            "magzpsci": 26.197799682617188,
            "isdiffpos": "t",
            "ssdistnr": -999.0,
            "ssnamenr": "null",
            "drb": null
        },
        {
            "candid": 865194401015015006,
            "jd": 2458619.6944097,
            "ra": 185.7339479,
            "dec": 15.826121,
            "fid": 2,
            "nid": 865,
            "magpsf": 16.059200286865234,
            "sigmapsf": 0.03855400159955025,
            "magnr": 19.017000198364258,
            "sigmagnr": 0.13500000536441803,
            "magzpsci": 25.80820083618164,
            "isdiffpos": "t",
            "ssdistnr": -999.0,
            "ssnamenr": "null",
            "drb": null
        },
        {
            "candid": 865251651015015004,
            "jd": 2458619.7516551,
            "ra": 185.7339472,
            "dec": 15.8261297,
            "fid": 1,
            "nid": 865,
            "magpsf": 17.69219970703125,
            "sigmapsf": 0.07785599678754807,
            "magnr": 19.849000930786133,
            "sigmagnr": 0.14100000262260437,
            "magzpsci": 26.068199157714844,
            "isdiffpos": "t",
            "ssdistnr": -999.0,
            "ssnamenr": "null",
            "drb": null
        },
        {
            "candid": 874192651015015002,
            "jd": 2458628.6926505,
            "ra": 185.73396,
            "dec": 15.8261288,
            "fid": 1,
            "nid": 874,
            "magpsf": 18.821199417114258,
            "sigmapsf": 0.08458500355482101,
            "magnr": 19.849000930786133,
            "sigmagnr": 0.14100000262260437,
            "magzpsci": 26.197200775146484,
            "isdiffpos": "t",
            "ssdistnr": -999.0,
            "ssnamenr": "null",
            "drb": null
        },
        {
            "candid": 874301851015015001,
            "jd": 2458628.8018519,
            "ra": 185.7339644,
            "dec": 15.8261344,
            "fid": 2,
            "nid": 874,
            "magpsf": 16.778099060058594,
            "sigmapsf": 0.042190998792648315,
            "magnr": 19.017000198364258,
            "sigmagnr": 0.13500000536441803,
            "magzpsci": 26.00309944152832,
            "isdiffpos": "t",
            "ssdistnr": -999.0,
            "ssnamenr": "null",
            "drb": null
        },
        {
            "candid": 879201651015015001,
            "jd": 2458633.7016551,
            "ra": 185.7339439,
            "dec": 15.8261392,
            "fid": 2,
            "nid": 879,
            "magpsf": 17.069799423217773,
            "sigmapsf": 0.04161199927330017,
            "magnr": 19.017000198364258,
            "sigmagnr": 0.13500000536441803,
            "magzpsci": 26.078800201416016,
            "isdiffpos": "t",
            "ssdistnr": -999.0,
            "ssnamenr": "null",
            "drb": null
        },
        {
            "candid": 879228681015015005,
            "jd": 2458633.7286806,
            "ra": 185.733919,
            "dec": 15.8261128,
            "fid": 1,
            "nid": 879,
            "magpsf": 19.0487003326416,
            "sigmapsf": 0.10974899679422379,
            "magnr": 19.849000930786133,
            "sigmagnr": 0.14100000262260437,
            "magzpsci": 26.204700469970703,
            "isdiffpos": "t",
            "ssdistnr": -999.0,
            "ssnamenr": "null",
            "drb": null
        },
        {
            "candid": 882206461015015007,
            "jd": 2458636.7064699,
            "ra": 185.7339615,
            "dec": 15.826121,
            "fid": 2,
            "nid": 882,
            "magpsf": 17.180299758911133,
            "sigmapsf": 0.04520399868488312,
            "magnr": 19.017000198364258,
            "sigmagnr": 0.13500000536441803,
            "magzpsci": 26.06529998779297,
            "isdiffpos": "t",
            "ssdistnr": -999.0,
            "ssnamenr": "null",
            "drb": null
        },
        {
            "candid": 882249651015015006,
            "jd": 2458636.7496528,
            "ra": 185.7339356,
            "dec": 15.8260832,
            "fid": 1,
            "nid": 882,
            "magpsf": 19.304100036621094,
            "sigmapsf": 0.12130100280046463,
            "magnr": 19.849000930786133,
            "sigmagnr": 0.14100000262260437,
            "magzpsci": 26.22410011291504,
            "isdiffpos": "t",
            "ssdistnr": -999.0,
            "ssnamenr": "null",
            "drb": null
        },
        {
            "candid": 885175321015015007,
            "jd": 2458639.6753241,
            "ra": 185.7339601,
            "dec": 15.8261478,
            "fid": 2,
            "nid": 885,
            "magpsf": 17.3971004486084,
            "sigmapsf": 0.04725699871778488,
            "magnr": 19.017000198364258,
            "sigmagnr": 0.13500000536441803,
            "magzpsci": 26.118099212646484,
            "isdiffpos": "t",
            "ssdistnr": -999.0,
            "ssnamenr": "null",
            "drb": null
        },
        {
            "candid": 888198331015015002,
            "jd": 2458642.6983333,
            "ra": 185.7339621,
            "dec": 15.8261191,
            "fid": 1,
            "nid": 888,
            "magpsf": 19.44059944152832,
            "sigmapsf": 0.11957299709320068,
            "magnr": 19.849000930786133,
            "sigmagnr": 0.14100000262260437,
            "magzpsci": 26.255599975585938,
            "isdiffpos": "t",
            "ssdistnr": -999.0,
            "ssnamenr": "null",
            "drb": null
        },
        {
            "candid": 888223771015015002,
            "jd": 2458642.7237731,
            "ra": 185.733962,
            "dec": 15.826124,
            "fid": 2,
            "nid": 888,
            "magpsf": 17.47599983215332,
            "sigmapsf": 0.043692998588085175,
            "magnr": 19.017000198364258,
            "sigmagnr": 0.13500000536441803,
            "magzpsci": 26.108999252319336,
            "isdiffpos": "t",
            "ssdistnr": -999.0,
            "ssnamenr": "null",
            "drb": null
        },
        {
            "candid": 892189941015015010,
            "jd": 2458646.6899421,
            "ra": 185.7340069,
            "dec": 15.8260738,
            "fid": 1,
            "nid": 892,
            "magpsf": 19.384300231933594,
            "sigmapsf": 0.1901800036430359,
            "magnr": 19.849000930786133,
            "sigmagnr": 0.14100000262260437,
            "magzpsci": 25.978300094604492,
            "isdiffpos": "t",
            "ssdistnr": -999.0,
            "ssnamenr": "-999.0",
            "drb": null
        },
        {
            "candid": 892226001015015003,
            "jd": 2458646.7260069,
            "ra": 185.7339515,
            "dec": 15.826127,
            "fid": 2,
            "nid": 892,
            "magpsf": 17.56100082397461,
            "sigmapsf": 0.05832900106906891,
            "magnr": 19.017000198364258,
            "sigmagnr": 0.13500000536441803,
            "magzpsci": 25.968000411987305,
            "isdiffpos": "t",
            "ssdistnr": -999.0,
            "ssnamenr": "null",
            "drb": null
        },
        {
            "candid": 895174801015015002,
            "jd": 2458649.6748032,
            "ra": 185.7340094,
            "dec": 15.826099,
            "fid": 1,
            "nid": 895,
            "magpsf": 19.649799346923828,
            "sigmapsf": 0.26442599296569824,
            "magnr": 19.849000930786133,
            "sigmagnr": 0.14100000262260437,
            "magzpsci": 26.172800064086914,
            "isdiffpos": "t",
            "ssdistnr": -999.0,
            "ssnamenr": "-999.0",
            "drb": null
        },
        {
            "candid": 895217551015015000,
            "jd": 2458649.7175579,
            "ra": 185.733947,
            "dec": 15.8261355,
            "fid": 2,
            "nid": 895,
            "magpsf": 17.742599487304688,
            "sigmapsf": 0.05202599987387657,
            "magnr": 19.017000198364258,
            "sigmagnr": 0.13500000536441803,
            "magzpsci": 26.011600494384766,
            "isdiffpos": "t",
            "ssdistnr": -999.0,
            "ssnamenr": "null",
            "drb": null
        },
        {
            "candid": 898275631015015002,
            "jd": 2458652.7756366,
            "ra": 185.7339551,
            "dec": 15.8261156,
            "fid": 2,
            "nid": 898,
            "magpsf": 17.88800048828125,
            "sigmapsf": 0.07978300005197525,
            "magnr": 19.017000198364258,
            "sigmagnr": 0.13500000536441803,
            "magzpsci": 25.926000595092773,
            "isdiffpos": "t",
            "ssdistnr": -999.0,
            "ssnamenr": "null",
            "drb": null
        },
        {
            "candid": 904179061015015005,
            "jd": 2458658.6790625,
            "ra": 185.7339481,
            "dec": 15.8261225,
            "fid": 2,
            "nid": 904,
            "magpsf": 18.180400848388672,
            "sigmapsf": 0.06646600365638733,
            "magnr": 19.017000198364258,
            "sigmagnr": 0.13500000536441803,
            "magzpsci": 26.065399169921875,
            "isdiffpos": "t",
            "ssdistnr": -999.0,
            "ssnamenr": "null",
            "drb": null
        },
        {
            "candid": 904205751015015002,
            "jd": 2458658.7057523,
            "ra": 185.7339517,
            "dec": 15.8261342,
            "fid": 1,
            "nid": 904,
            "magpsf": 19.855499267578125,
            "sigmapsf": 0.13074800372123718,
            "magnr": 19.849000930786133,
            "sigmagnr": 0.14100000262260437,
            "magzpsci": 26.166500091552734,
            "isdiffpos": "t",
            "ssdistnr": -999.0,
            "ssnamenr": "null",
            "drb": null
        },
        {
            "candid": 907197991015015004,
            "jd": 2458661.6979977,
            "ra": 185.7339564,
            "dec": 15.8261402,
            "fid": 2,
            "nid": 907,
            "magpsf": 18.24920082092285,
            "sigmapsf": 0.0749640017747879,
            "magnr": 19.017000198364258,
            "sigmagnr": 0.13500000536441803,
            "magzpsci": 26.057199478149414,
            "isdiffpos": "t",
            "ssdistnr": -999.0,
            "ssnamenr": "null",
            "drb": null
        },
        {
            "candid": 907228061015015001,
            "jd": 2458661.7280671,
            "ra": 185.7340046,
            "dec": 15.8260789,
            "fid": 1,
            "nid": 907,
            "magpsf": 19.99570083618164,
            "sigmapsf": 0.16867899894714355,
            "magnr": 19.849000930786133,
            "sigmagnr": 0.14100000262260437,
            "magzpsci": 26.1737003326416,
            "isdiffpos": "t",
            "ssdistnr": -999.0,
            "ssnamenr": "null",
            "drb": null
        },
        {
            "candid": 913228591015015004,
            "jd": 2458667.7285995,
            "ra": 185.733951,
            "dec": 15.826136,
            "fid": 2,
            "nid": 913,
            "magpsf": 18.541900634765625,
            "sigmapsf": 0.12178999930620193,
            "magnr": 19.017000198364258,
            "sigmagnr": 0.13500000536441803,
            "magzpsci": 26.028900146484375,
            "isdiffpos": "t",
            "ssdistnr": -999.0,
            "ssnamenr": "null",
            "drb": null
        },
        {
            "candid": 925202891015015002,
            "jd": 2458679.7028935,
            "ra": 185.7339373,
            "dec": 15.8260471,
            "fid": 2,
            "nid": 925,
            "magpsf": 19.03529930114746,
            "sigmapsf": 0.1844400018453598,
            "magnr": 19.017000198364258,
            "sigmagnr": 0.13500000536441803,
            "magzpsci": 26.022300720214844,
            "isdiffpos": "t",
            "ssdistnr": -999.0,
            "ssnamenr": "null",
            "drb": null
        },
        {
            "jd": 2458580.75539,
            "fid": 1,
            "diffmaglim": 20.676000595092773
        },
        {
            "jd": 2458580.77922,
            "fid": 2,
            "diffmaglim": 20.628999710083008
        },
        {
            "jd": 2458580.8475,
            "fid": 2,
            "diffmaglim": 20.408000946044922
        },
        {
            "jd": 2458582.76443,
            "fid": 2,
            "diffmaglim": 20.513999938964844
        },
        {
            "jd": 2458583.77584,
            "fid": 2,
            "diffmaglim": 20.06100082397461
        },
        {
            "jd": 2458586.75029,
            "fid": 2,
            "diffmaglim": 20.23200035095215
        },
        {
            "jd": 2458589.77337,
            "fid": 2,
            "diffmaglim": 18.479000091552734
        },
        {
            "jd": 2458592.70264,
            "fid": 1,
            "diffmaglim": 18.982999801635742
        },
        {
            "jd": 2458592.75749,
            "fid": 2,
            "diffmaglim": 19.093000411987305
        },
        {
            "jd": 2458593.77931,
            "fid": 2,
            "diffmaglim": 19.417999267578125
        },
        {
            "jd": 2458596.72782,
            "fid": 1,
            "diffmaglim": 20.51099967956543
        },
        {
            "jd": 2458596.75416,
            "fid": 2,
            "diffmaglim": 20.268999099731445
        },
        {
            "jd": 2458597.74736,
            "fid": 2,
            "diffmaglim": 20.67099952697754
        },
        {
            "jd": 2458600.71312,
            "fid": 1,
            "diffmaglim": 20.481000900268555
        },
        {
            "jd": 2458606.70992,
            "fid": 2,
            "diffmaglim": 20.608999252319336
        },
        {
            "jd": 2458616.66843,
            "fid": 2,
            "diffmaglim": 19.79800033569336
        },
        {
            "jd": 2458655.73675,
            "fid": 1,
            "diffmaglim": 20.145000457763672
        }
    ],
    "forcedphot": []
}