{
    "objectId": "ZTF19aailsge",
    "candidates": [
        {
            "candid": 757485000415015002,
            "jd": 2458511.985,
            "ra": 202.4860177,
            "dec": 38.4054782,
            "fid": 1,
            "nid": 757,
            "magpsf": 20.613399505615234,
            "sigmapsf": 0.25954899191856384,
            "magnr": 19.091999053955078,
            "sigmagnr": 0.09300000220537186,
            "magzpsci": 26.39739990234375,
            "isdiffpos": "t",
            "ssdistnr": -999.0,
            "ssnamenr": "-999.0",
            "drb": null
        },
        {
            "candid": 757530850415015002,
            "jd": 2458512.0308565,
            "ra": 202.4860184,
            "dec": 38.4054794,
            "fid": 2,
            "nid": 757,
            "magpsf": 19.894500732421875,
            "sigmapsf": 0.19271500408649445,
            "magnr": 18.68899917602539,
            "sigmagnr": 0.10199999809265137,
            "magzpsci": 26.011499404907227,
            "isdiffpos": "t",
            "ssdistnr": -999.0,
            "ssnamenr": "-999.0",
            "drb": null
        },
        {
            "candid": 768501670415015006,
            "jd": 2458523.0016782,
            "ra": 202.4860658,
            "dec": 38.4054656,
            "fid": 1,
            "nid": 768,
            "magpsf": 19.36680030822754,
            "sigmapsf": 0.1069599986076355,
            "magnr": 19.091999053955078,
            "sigmagnr": 0.09300000220537186,
            "magzpsci": 26.28380012512207,
            "isdiffpos": "t",
            "ssdistnr": -999.0,
            "ssnamenr": "null",
            "drb": null
        },
        {
            "candid": 768538190415015013,
            "jd": 2458523.0381944,
            "ra": 202.4860524,
            "dec": 38.4054875,
            "fid": 2,
            "nid": 768,
            "magpsf": 18.90570068359375,
            "sigmapsf": 0.09223400056362152,
            "magnr": 18.68899917602539,
            "sigmagnr": 0.10199999809265137,
            "magzpsci": 26.21769905090332,
            "isdiffpos": "t",
            "ssdistnr": -999.0,
            "ssnamenr": "null",
            "drb": null
        },
        {
            "candid": 772452470415015011,
            "jd": 2458526.9524769,
            "ra": 202.4860607,
            "dec": 38.4054157,
            "fid": 1,
            "nid": 772,
            "magpsf": 19.185199737548828,
            "sigmapsf": 0.16423499584197998,
            "magnr": 19.091999053955078,
            "sigmagnr": 0.09300000220537186,
            "magzpsci": 26.04319953918457,
            "isdiffpos": "t",
            "ssdistnr": -999.0,
            "ssnamenr": "null",
            "drb": null
        },
        {
            "candid": 772521240415015009,
            "jd": 2458527.02125,
            "ra": 202.4860482,
            "dec": 38.4054261,
            "fid": 2,
            "nid": 772,
            "magpsf": 18.728900909423828,
            "sigmapsf": 0.08573000133037567,
            "magnr": 18.68899917602539,
            "sigmagnr": 0.10199999809265137,
            "magzpsci": 26.13290023803711,
            "isdiffpos": "t",
            "ssdistnr": -999.0,
            "ssnamenr": "null",
            "drb": null
        },
        {
            "candid": 780421580415015002,
            "jd": 2458534.9215856,
            "ra": 202.4860649,
            "dec": 38.405338,
            "fid": 2,
            "nid": 780,
            "magpsf": 18.53619956970215,
            "sigmapsf": 0.1278350055217743,
            "magnr": 18.966999053955078,
            "sigmagnr": 0.10700000077486038,
            "magzpsci": 26.191200256347656,
            "isdiffpos": "t",
            "ssdistnr": -999.0,
            "ssnamenr": "null",
            "drb": null
        },
        {
            "candid": 789371730415015003,
            "jd": 2458543.8717361,
            "ra": 202.4860901,
            "dec": 38.4054392,
            "fid": 2,
            "nid": 789,
            "magpsf": 19.014799118041992,
            "sigmapsf": 0.14244499802589417,
            "magnr": 18.68899917602539,
            "sigmagnr": 0.10199999809265137,
            "magzpsci": 25.5757999420166,
            "isdiffpos": "t",
            "ssdistnr": -999.0,
            "ssnamenr": "null",
            "drb": null
        },
        {
            "candid": 793339660415015009,
            "jd": 2458547.8396644,
            "ra": 202.4862456,
            "dec": 38.4056013,
            "fid": 1,
            "nid": 793,
            "magpsf": 20.4419002532959,
            "sigmapsf": 0.27825701236724854,
            "magnr": 19.091999053955078,
            "sigmagnr": 0.09300000220537186,
            "magzpsci": 26.25189971923828,
            "isdiffpos": "t",
            "ssdistnr": -999.0,
            "ssnamenr": "-999.0",
            "drb": null
        },
        {
            "candid": 813372690415015007,
            "jd": 2458567.8726968,
            "ra": 202.4860989,
            "dec": 38.4055064,
            "fid": 2,
            "nid": 813,
            "magpsf": 19.693899154663086,
            "sigmapsf": 0.15265600383281708,
            "magnr": 18.68899917602539,
            "sigmagnr": 0.10199999809265137,
            "magzpsci": 26.190900802612305,
            "isdiffpos": "t",
            "ssdistnr": -999.0,
            "ssnamenr": "null",
            "drb": null
        },
        {
            "candid": 818310770415015008,
            "jd": 2458572.8107755,
            "ra": 202.4860401,
            "dec": 38.4054741,
            "fid": 2,
            "nid": 818,
            "magpsf": 19.87179946899414,
            "sigmapsf": 0.1688240021467209,
            "magnr": 18.68899917602539,
            "sigmagnr": 0.10199999809265137,
            "magzpsci": 25.84079933166504,
            "isdiffpos": "t",
            "ssdistnr": -999.0,
            "ssnamenr": "-999.0",
            "drb": null
        },
        {
            "candid": 821331820415015007,
            "jd": 2458575.8318287,
            "ra": 202.4861663,
            "dec": 38.4054236,
            "fid": 1,
            "nid": 821,
            "magpsf": 20.831499099731445,
            "sigmapsf": 0.23102200031280518,
            "magnr": 19.091999053955078,
            "sigmagnr": 0.09300000220537186,
            "magzpsci": 26.293500900268555,
            "isdiffpos": "t",
            "ssdistnr": -999.0,
            "ssnamenr": "-999.0",
            "drb": null
        },
        {
            "candid": 826323700415015001,
            "jd": 2458580.8237037,
            "ra": 202.4859342,
            "dec": 38.4055334,
            "fid": 2,
            "nid": 826,
            "magpsf": 19.862300872802734,
            "sigmapsf": 0.12657399475574493,
            "magnr": 18.68899917602539,
            "sigmagnr": 0.10199999809265137,
            "magzpsci": 26.216299057006836,
            "isdiffpos": "t",
            "ssdistnr": -999.0,
            "ssnamenr": "null",
            "drb": null
        },
        {
            "candid": 830327120415015002,
            "jd": 2458584.8271296,
            "ra": 202.4860777,
            "dec": 38.405527,
            "fid": 2,
            "nid": 830,
            "magpsf": 20.082599639892578,
            "sigmapsf": 0.19265399873256683,
            "magnr": 18.68899917602539,
            "sigmagnr": 0.10199999809265137,
            "magzpsci": 26.188600540161133,
            "isdiffpos": "t",
            "ssdistnr": -999.0,
            "ssnamenr": "null",
            "drb": null
        },
        {
            "candid": 833304830415015004,
            "jd": 2458587.804838,
            "ra": 202.4860728,
            "dec": 38.4054902,
            "fid": 2,
            "nid": 833,
            "magpsf": 19.94930076599121,
            "sigmapsf": 0.22977399826049805,
            "magnr": 18.68899917602539,
            "sigmagnr": 0.10199999809265137,
            "magzpsci": 26.161300659179688,
            "isdiffpos": "t",
            "ssdistnr": -999.0,
            "ssnamenr": "-999.0",
            "drb": null
        },
        {
            "candid": 843283650415015004,
            "jd": 2458597.7836574,
            "ra": 202.4860311,
            "dec": 38.4054713,
            "fid": 1,
            "nid": 843,
            "magpsf": 20.951099395751953,
            "sigmapsf": 0.28773900866508484,
            "magnr": 19.091999053955078,
            "sigmagnr": 0.09300000220537186,
            "magzpsci": 26.275100708007812,
            "isdiffpos": "t",
            "ssdistnr": -999.0,
            "ssnamenr": "-999.0",
            "drb": null
        },
        {
            "candid": 858233490415015003,
            "jd": 2458612.7334954,
            "ra": 202.4861271,
            "dec": 38.4054824,
            "fid": 2,
            "nid": 858,
            "magpsf": 20.477699279785156,
            "sigmapsf": 0.20520499348640442,
            "magnr": 18.68899917602539,
            "sigmagnr": 0.10199999809265137,
            "magzpsci": 26.194700241088867,
            "isdiffpos": "t",
            "ssdistnr": -999.0,
            "ssnamenr": "null",
            "drb": null
        },
        {
            "candid": 874226890415015005,
            "jd": 2458628.7268981,
            "ra": 202.4861863,
            "dec": 38.4052691,
            "fid": 1,
            "nid": 874,
            "magpsf": 20.91360092163086,
            "sigmapsf": 0.32406601309776306,
            "magnr": 19.26300048828125,
            "sigmagnr": 0.09700000286102295,
            "magzpsci": 26.188600540161133,
            "isdiffpos": "t",
            "ssdistnr": -999.0,
            "ssnamenr": "-999.0",
            "drb": null
        },
        {
            "candid": 874290100415015000,
            "jd": 2458628.7901042,
            "ra": 202.486046,
            "dec": 38.4055277,
            "fid": 2,
            "nid": 874,
            "magpsf": 20.543500900268555,
            "sigmapsf": 0.23921500146389008,
            "magnr": 18.68899917602539,
            "sigmagnr": 0.10199999809265137,
            "magzpsci": 26.15850067138672,
            "isdiffpos": "t",
            "ssdistnr": -999.0,
            "ssnamenr": "-999.0",
            "drb": null
        },
        {
            "candid": 878269020415015001,
            "jd": 2458632.7690278,
            "ra": 202.4860493,
            "dec": 38.4054351,
            "fid": 2,
            "nid": 878,
            "magpsf": 20.761899948120117,
            "sigmapsf": 0.2597070038318634,
            "magnr": 18.68899917602539,
            "sigmagnr": 0.10199999809265137,
            "magzpsci": 26.168899536132812,
            "isdiffpos": "t",
            "ssdistnr": -999.0,
            "ssnamenr": "-999.0",
            "drb": null
        },
        {
            "candid": 887280610415015000,
            "jd": 2458641.7806134,
            "ra": 202.4861635,
            "dec": 38.4054079,
            "fid": 2,
            "nid": 887,
            "magpsf": 20.667200088500977,
            "sigmapsf": 0.20598000288009644,
            "magnr": 18.966999053955078,
            "sigmagnr": 0.10700000077486038,
            "magzpsci": 26.175199508666992,
            "isdiffpos": "t",
            "ssdistnr": -999.0,
            "ssnamenr": "null",
            "drb": null
        },
        {
            "jd": 2458495.0116,
            "fid": 1,
            "diffmaglim": 20.988000869750977
        },
        {
            "jd": 2458495.05691,
            "fid": 2,
            "diffmaglim": 20.836999893188477
        },
        {
            "jd": 2458502.96973,
            "fid": 1,
            "diffmaglim": 19.329999923706055
        },
        {
            "jd": 2458503.05591,
            "fid": 2,
            "diffmaglim": 20.500999450683594
        },
        {
            "jd": 2458505.97365,
            "fid": 1,
            "diffmaglim": 19.082000732421875
        },
        {
            "jd": 2458506.03854,
            "fid": 2,
            "diffmaglim": 19.381999969482422
        },
        {
            "jd": 2458508.98873,
            "fid": 2,
            "diffmaglim": 19.836000442504883
        },
        {
            "jd": 2458509.05229,
            "fid": 1,
            "diffmaglim": 19.7810001373291
        },
        {
            "jd": 2458538.87231,
            "fid": 2,
            "diffmaglim": 18.5939998626709
        },
        {
            "jd": 2458538.95487,
            "fid": 1,
            "diffmaglim": 19.19099998474121
        },
        {
            "jd": 2458562.80646,
            "fid": 1,
            "diffmaglim": 17.857999801635742
        },
        {
            "jd": 2458562.88792,
            "fid": 2,
            "diffmaglim": 16.860000610351562
        },
        {
            "jd": 2458567.79558,
            "fid": 1,
            "diffmaglim": 20.315000534057617
        },
        {
            "jd": 2458572.82111,
            "fid": 1,
            "diffmaglim": 20.357999801635742
        },
        {
            "jd": 2458575.89005,
            "fid": 2,
            "diffmaglim": 20.374000549316406
        },
        {
            "jd": 2458580.80536,
            "fid": 1,
            "diffmaglim": 20.650999069213867
        },
        {
            "jd": 2458584.77852,
            "fid": 1,
            "diffmaglim": 20.4060001373291
        },
        {
            "jd": 2458587.82187,
            "fid": 1,
            "diffmaglim": 20.23900032043457
        },
        {
            "jd": 2458591.71306,
            "fid": 1,
            "diffmaglim": 19.277999877929688
        },
        {
            "jd": 2458591.88397,
            "fid": 2,
            "diffmaglim": 19.316999435424805
        },
        {
            "jd": 2458594.72703,
            "fid": 1,
            "diffmaglim": 19.583999633789062
        },
        {
            "jd": 2458594.84196,
            "fid": 2,
            "diffmaglim": 19.475000381469727
        },
        {
            "jd": 2458597.86163,
            "fid": 2,
            "diffmaglim": 20.433000564575195
        },
        {
            "jd": 2458600.71866,
            "fid": 1,
            "diffmaglim": 20.459999084472656
        },
        {
            "jd": 2458606.88306,
            "fid": 1,
            "diffmaglim": 20.764999389648438
        },
        {
            "jd": 2458612.79062,
            "fid": 1,
            "diffmaglim": 21.163000106811523
        },
        {
            "jd": 2458616.68301,
            "fid": 2,
            "diffmaglim": 20.05900001525879
        },
        {
            "jd": 2458616.74245,
            "fid": 1,
            "diffmaglim": 20.111000061035156
        },
        {
            "jd": 2458619.70833,
            "fid": 2,
            "diffmaglim": 18.219999313354492
        },
        {
            "jd": 2458619.74582,
            "fid": 1,
            "diffmaglim": 19.3799991607666
        },
        {
            "jd": 2458635.70494,
            "fid": 1,
            "diffmaglim": 21.09600067138672
        },
        {
            "jd": 2458635.76269,
            "fid": 2,
            "diffmaglim": 21.010000228881836
        },
        {
            "jd": 2458638.6984,
            "fid": 1,
            "diffmaglim": 21.017000198364258
        },
        {
            "jd": 2458638.72126,
            "fid": 2,
            "diffmaglim": 20.8700008392334
        }
    ],
    "forcedphot": []
}