{
    "objectId": "ZTF19aazdsgo",
    "candidates": [
        {
            "candid": 892447782815015004,
            "jd": 2458646.9477894,
            "ra": 359.1274954,
            "dec": -3.1022853,
            "fid": 1,
            "nid": 892,
            "magpsf": 19.12299919128418,
            "sigmapsf": 0.10449200123548508,
            "magnr": 18.621000289916992,
            "sigmagnr": 0.09000000357627869,
            "magzpsci": 25.709999084472656,
            "isdiffpos": "t",
            "ssdistnr": -999.0,
            "ssnamenr": "null",
            "drb": null
        },
        {
            "candid": 898457482815015006,
            "jd": 2458652.9574884,
            "ra": 359.1275265,
            "dec": -3.1023258,
            "fid": 2,
            "nid": 898,
            "magpsf": 18.440000534057617,
            "sigmapsf": 0.10197799652814865,
            "magnr": 17.834999084472656,
            "sigmagnr": 0.09099999815225601,
            "magzpsci": 26.073999404907227,
            "isdiffpos": "t",
            "ssdistnr": 4.0,
            "ssnamenr": "146280",
            "drb": null
        },
        {
            "candid": 901441372815015002,
            "jd": 2458655.9413773,
            "ra": 359.1274351,
            "dec": -3.1023792,
            "fid": 2,
            "nid": 901,
            "magpsf": 18.582599639892578,
            "sigmapsf": 0.12007100135087967,
            "magnr": 17.834999084472656,
            "sigmagnr": 0.09099999815225601,
            "magzpsci": 26.13759994506836,
            "isdiffpos": "t",
            "ssdistnr": -999.0,
            "ssnamenr": "null",
            "drb": null
        },
        {
            "candid": 907476492815015007,
            "jd": 2458661.9764931,
            "ra": 359.1275716,
            "dec": -3.1023644,
            "fid": 1,
            "nid": 907,
            "magpsf": 20.015600204467773,
            "sigmapsf": 0.22220300137996674,
            "magnr": 18.621000289916992,
            "sigmagnr": 0.09000000357627869,
            "magzpsci": 26.162599563598633,
            "isdiffpos": "t",
            "ssdistnr": -999.0,
            "ssnamenr": "-999.0",
            "drb": null
        },
        {
            "candid": 913458582815015005,
            "jd": 2458667.958588,
            "ra": 359.1274371,
            "dec": -3.102337,
            "fid": 1,
            "nid": 913,
            "magpsf": 20.178699493408203,
            "sigmapsf": 0.23245100677013397,
            "magnr": 18.621000289916992,
            "sigmagnr": 0.09000000357627869,
            "magzpsci": 26.170700073242188,
            "isdiffpos": "t",
            "ssdistnr": -999.0,
            "ssnamenr": "-999.0",
            "drb": null
        },
        {
            "candid": 913463842815015011,
            "jd": 2458667.9638426,
            "ra": 359.1275173,
            "dec": -3.1023312,
            "fid": 2,
            "nid": 913,
            "magpsf": 19.10849952697754,
            "sigmapsf": 0.09045899659395218,
            "magnr": 17.834999084472656,
            "sigmagnr": 0.09099999815225601,
            "magzpsci": 26.17650032043457,
            "isdiffpos": "t",
            "ssdistnr": -999.0,
            "ssnamenr": "null",
            "drb": null
        },
        {
            "candid": 916440782815015015,
            "jd": 2458670.940787,
            "ra": 359.1274796,
            "dec": -3.1023628,
            "fid": 1,
            "nid": 916,
            "magpsf": 20.267799377441406,
            "sigmapsf": 0.15023699402809143,
            "magnr": 18.621000289916992,
            "sigmagnr": 0.09000000357627869,
            "magzpsci": 26.131799697875977,
            "isdiffpos": "t",
            "ssdistnr": -999.0,
            "ssnamenr": "-999.0",
            "drb": null
        },
        {
            "candid": 916463502815015019,
            "jd": 2458670.9635069,
            "ra": 359.1274696,
            "dec": -3.10231,
            "fid": 2,
            "nid": 916,
            "magpsf": 19.186500549316406,
            "sigmapsf": 0.10639700293540955,
            "magnr": 17.834999084472656,
            "sigmagnr": 0.09099999815225601,
            "magzpsci": 26.191499710083008,
            "isdiffpos": "t",
            "ssdistnr": -999.0,
            "ssnamenr": "null",
            "drb": null
        },
        {
            "candid": 919447102815015010,
            "jd": 2458673.9471065,
            "ra": 359.1274562,
            "dec": -3.1022695,
            "fid": 2,
            "nid": 919,
            "magpsf": 19.14109992980957,
            "sigmapsf": 0.08743699640035629,
            "magnr": 17.834999084472656,
            "sigmagnr": 0.09099999815225601,
            "magzpsci": 26.179100036621094,
            "isdiffpos": "t",
            "ssdistnr": -999.0,
            "ssnamenr": "null",
            "drb": null
        },
        {
            "candid": 919479022815015006,
            "jd": 2458673.9790278,
            "ra": 359.1275862,
            "dec": -3.1024349,
            "fid": 1,
            "nid": 919,
            "magpsf": 20.481700897216797,
            "sigmapsf": 0.2577280104160309,
            "magnr": 18.621000289916992,
            "sigmagnr": 0.09000000357627869,
            "magzpsci": 26.202699661254883,
            "isdiffpos": "t",
            "ssdistnr": -999.0,
            "ssnamenr": "-999.0",
            "drb": null
        },
        {
            "candid": 922461702815015020,
            "jd": 2458676.9617014,
            "ra": 359.1274951,
            "dec": -3.1023242,
            "fid": 2,
            "nid": 922,
            "magpsf": 19.28689956665039,
            "sigmapsf": 0.10667099803686142,
            "magnr": 17.834999084472656,
            "sigmagnr": 0.09099999815225601,
            "magzpsci": 26.15290069580078,
            "isdiffpos": "t",
            "ssdistnr": -999.0,
            "ssnamenr": "null",
            "drb": null
        },
        {
            "candid": 928397782815015003,
            "jd": 2458682.8977894,
            "ra": 359.1274986,
            "dec": -3.1023505,
            "fid": 2,
            "nid": 928,
            "magpsf": 19.445199966430664,
            "sigmapsf": 0.1490519940853119,
            "magnr": 17.834999084472656,
            "sigmagnr": 0.09099999815225601,
            "magzpsci": 26.18120002746582,
            "isdiffpos": "t",
            "ssdistnr": -999.0,
            "ssnamenr": "null",
            "drb": null
        },
        {
            "candid": 934437842815015008,
            "jd": 2458688.9378472,
            "ra": 359.1274818,
            "dec": -3.1023142,
            "fid": 2,
            "nid": 934,
            "magpsf": 19.46940040588379,
            "sigmapsf": 0.15640300512313843,
            "magnr": 17.834999084472656,
            "sigmagnr": 0.09099999815225601,
            "magzpsci": 26.128400802612305,
            "isdiffpos": "t",
            "ssdistnr": -999.0,
            "ssnamenr": "-999.0",
            "drb": null
        },
        {
            "candid": 934461532815015006,
            "jd": 2458688.9615394,
            "ra": 359.1275396,
            "dec": -3.1023338,
            "fid": 1,
            "nid": 934,
            "magpsf": 20.452699661254883,
            "sigmapsf": 0.33183199167251587,
            "magnr": 18.621000289916992,
            "sigmagnr": 0.09000000357627869,
            "magzpsci": 26.148700714111328,
            "isdiffpos": "t",
            "ssdistnr": -999.0,
            "ssnamenr": "-999.0",
            "drb": null
        },
        {
            "candid": 937396852815015010,
            "jd": 2458691.8968519,
            "ra": 359.1275346,
            "dec": -3.1022604,
            "fid": 2,
            "nid": 937,
            "magpsf": 19.478900909423828,
            "sigmapsf": 0.1465419977903366,
            "magnr": 17.834999084472656,
            "sigmagnr": 0.09099999815225601,
            "magzpsci": 26.093900680541992,
            "isdiffpos": "t",
            "ssdistnr": -999.0,
            "ssnamenr": "null",
            "drb": null
        },
        {
            "candid": 940398862815015013,
            "jd": 2458694.8988657,
            "ra": 359.1274791,
            "dec": -3.1023126,
            "fid": 2,
            "nid": 940,
            "magpsf": 19.65489959716797,
            "sigmapsf": 0.1062680035829544,
            "magnr": 17.834999084472656,
            "sigmagnr": 0.09099999815225601,
            "magzpsci": 26.15489959716797,
            "isdiffpos": "t",
            "ssdistnr": -999.0,
            "ssnamenr": "null",
            "drb": null
        },
        {
            "candid": 943437592815015019,
            "jd": 2458697.9375926,
            "ra": 359.1274956,
            "dec": -3.1023375,
            "fid": 2,
            "nid": 943,
            "magpsf": 19.786100387573242,
            "sigmapsf": 0.16441500186920166,
            "magnr": 17.834999084472656,
            "sigmagnr": 0.09099999815225601,
            "magzpsci": 26.175100326538086,
            "isdiffpos": "t",
            "ssdistnr": -999.0,
            "ssnamenr": "null",
            "drb": null
        },
        {
            "candid": 946461042815015009,
            "jd": 2458700.9610417,
            "ra": 359.1275825,
            "dec": -3.1022332,
            "fid": 1,
            "nid": 946,
            "magpsf": 20.750499725341797,
            "sigmapsf": 0.22429099678993225,
            "magnr": 18.621000289916992,
            "sigmagnr": 0.09000000357627869,
            "magzpsci": 26.16950035095215,
            "isdiffpos": "t",
            "ssdistnr": -999.0,
            "ssnamenr": "-999.0",
            "drb": null
        },
        {
            "candid": 949420492815015013,
            "jd": 2458703.9204977,
            "ra": 359.1274878,
            "dec": -3.1023468,
            "fid": 2,
            "nid": 949,
            "magpsf": 19.76059913635254,
            "sigmapsf": 0.11481499671936035,
            "magnr": 17.834999084472656,
            "sigmagnr": 0.09099999815225601,
            "magzpsci": 26.153600692749023,
            "isdiffpos": "t",
            "ssdistnr": -999.0,
            "ssnamenr": "null",
            "drb": null
        },
        {
            "candid": 952400772815015012,
            "jd": 2458706.9007755,
            "ra": 359.1274671,
            "dec": -3.1023643,
            "fid": 2,
            "nid": 952,
            "magpsf": 19.900800704956055,
            "sigmapsf": 0.1379770040512085,
            "magnr": 17.834999084472656,
            "sigmagnr": 0.09099999815225601,
            "magzpsci": 26.2007999420166,
            "isdiffpos": "t",
            "ssdistnr": -999.0,
            "ssnamenr": "null",
            "drb": null
        },
        {
            "candid": 965434452815015014,
            "jd": 2458719.934456,
            "ra": 359.1274728,
            "dec": -3.1023005,
            "fid": 2,
            "nid": 965,
            "magpsf": 20.024099349975586,
            "sigmapsf": 0.18840999901294708,
            "magnr": 17.834999084472656,
            "sigmagnr": 0.09099999815225601,
            "magzpsci": 26.14310073852539,
            "isdiffpos": "t",
            "ssdistnr": -999.0,
            "ssnamenr": "null",
            "drb": 0.9999899864196777
        },
        {
            "candid": 973325542815015015,
            "jd": 2458727.825544,
            "ra": 359.1275077,
            "dec": -3.1023108,
            "fid": 2,
            "nid": 973,
            "magpsf": 20.34480094909668,
            "sigmapsf": 0.18591099977493286,
            "magnr": 17.834999084472656,
            "sigmagnr": 0.09099999815225601,
            "magzpsci": 26.1697998046875,
            "isdiffpos": "t",
            "ssdistnr": -999.0,
            "ssnamenr": "null",
            "drb": 0.999750018119812
        },
        {
            "jd": 2458655.97936,
            "fid": 1,
            "diffmaglim": 19.099000930786133
        },
        {
            "jd": 2458679.94509,
            "fid": 1,
            "diffmaglim": 19.676000595092773
        },
        {
            "jd": 2458691.97757,
            "fid": 1,
            "diffmaglim": 20.517000198364258
        },
        {
            "jd": 2458691.99605,
            "fid": 1,
            "diffmaglim": 19.729000091552734
        },
        {
            "jd": 2458694.95874,
            "fid": 1,
            "diffmaglim": 20.9689998626709
        },
        {
            "jd": 2458697.96091,
            "fid": 1,
            "diffmaglim": 20.80900001525879
        },
        {
            "jd": 2458700.91804,
            "fid": 2,
            "diffmaglim": 20.77199935913086
        },
        {
            "jd": 2458709.95455,
            "fid": 1,
            "diffmaglim": 19.697999954223633
        },
        {
            "jd": 2458715.91954,
            "fid": 2,
            "diffmaglim": 19.483999252319336
        },
        {
            "jd": 2458716.00073,
            "fid": 1,
            "diffmaglim": 18.91900062561035
        },
        {
            "jd": 2458718.91389,
            "fid": 1,
            "diffmaglim": 20.106000900268555
        }
    ],
    "forcedphot": []
}