{
    "objectId": "ZTF19acbmojx",
    "candidates": [
        {
            "candid": 1002451721015015001,
            "jd": 2458756.9517245,
            "ra": 108.0829783,
            "dec": 66.2035358,
            "fid": 1,
            "nid": 1002,
            "magpsf": 19.72960090637207,
            "sigmapsf": 0.16798099875450134,
            "magnr": 18.215999603271484,
            "sigmagnr": 0.07599999755620956,
            "magzpsci": 26.156600952148438,
            "isdiffpos": "t",
            "ssdistnr": -999.0,
            "ssnamenr": "null",
            "drb": 0.9999989867210388
        },
        {
            "candid": 1002491651015015002,
            "jd": 2458756.9916551,
            "ra": 108.0830787,
            "dec": 66.2035506,
            "fid": 2,
            "nid": 1002,
            "magpsf": 19.511999130249023,
            "sigmapsf": 0.14048700034618378,
            "magnr": 17.524999618530273,
            "sigmagnr": 0.06599999964237213,
            "magzpsci": 26.054000854492188,
            "isdiffpos": "t",
            "ssdistnr": -999.0,
            "ssnamenr": "null",
            "drb": 0.9999690055847168
        },
        {
            "candid": 1005465631015015007,
            "jd": 2458759.9656366,
            "ra": 108.0829775,
            "dec": 66.2035094,
            "fid": 1,
            "nid": 1005,
            "magpsf": 19.52280044555664,
            "sigmapsf": 0.11603300273418427,
            "magnr": 18.215999603271484,
            "sigmagnr": 0.07599999755620956,
            "magzpsci": 26.184799194335938,
            "isdiffpos": "t",
            "ssdistnr": -999.0,
            "ssnamenr": "null",
            "drb": 0.9998589754104614
        },
        {
            "candid": 1005512301015015006,
            "jd": 2458760.0123032,
            "ra": 108.083034,
            "dec": 66.2035168,
            "fid": 2,
            "nid": 1005,
            "magpsf": 19.1658992767334,
            "sigmapsf": 0.09813699871301651,
            "magnr": 17.524999618530273,
            "sigmagnr": 0.06599999964237213,
            "magzpsci": 26.068899154663086,
            "isdiffpos": "t",
            "ssdistnr": -999.0,
            "ssnamenr": "null",
            "drb": 0.9998670220375061
        },
        {
            "candid": 1009466821015015005,
            "jd": 2458763.9668287,
            "ra": 108.0830419,
            "dec": 66.2035157,
            "fid": 1,
            "nid": 1009,
            "magpsf": 19.33650016784668,
            "sigmapsf": 0.0989840030670166,
            "magnr": 18.215999603271484,
            "sigmagnr": 0.07599999755620956,
            "magzpsci": 26.161500930786133,
            "isdiffpos": "t",
            "ssdistnr": -999.0,
            "ssnamenr": "null",
            "drb": 0.9999979734420776
        },
        {
            "candid": 1009514781015015000,
            "jd": 2458764.0147801,
            "ra": 108.0830147,
            "dec": 66.2035404,
            "fid": 2,
            "nid": 1009,
            "magpsf": 18.937999725341797,
            "sigmapsf": 0.1092120036482811,
            "magnr": 17.524999618530273,
            "sigmagnr": 0.06599999964237213,
            "magzpsci": 26.049999237060547,
            "isdiffpos": "t",
            "ssdistnr": -999.0,
            "ssnamenr": "null",
            "drb": 0.9999499917030334
        },
        {
            "candid": 1012469891015015003,
            "jd": 2458766.9698958,
            "ra": 108.0830476,
            "dec": 66.2035337,
            "fid": 1,
            "nid": 1012,
            "magpsf": 19.354700088500977,
            "sigmapsf": 0.12267900258302689,
            "magnr": 18.215999603271484,
            "sigmagnr": 0.07599999755620956,
            "magzpsci": 26.174699783325195,
            "isdiffpos": "t",
            "ssdistnr": -999.0,
            "ssnamenr": "null",
            "drb": 0.9999920129776001
        },
        {
            "candid": 1012535761015015003,
            "jd": 2458767.0357639,
            "ra": 108.0830309,
            "dec": 66.2035451,
            "fid": 2,
            "nid": 1012,
            "magpsf": 18.76300048828125,
            "sigmapsf": 0.09330300241708755,
            "magnr": 17.524999618530273,
            "sigmagnr": 0.06599999964237213,
            "magzpsci": 26.065000534057617,
            "isdiffpos": "t",
            "ssdistnr": -999.0,
            "ssnamenr": "null",
            "drb": 0.9999549984931946
        },
        {
            "candid": 1015452611015015002,
            "jd": 2458769.9526157,
            "ra": 108.0830307,
            "dec": 66.2035226,
            "fid": 2,
            "nid": 1015,
            "magpsf": 18.900699615478516,
            "sigmapsf": 0.13261200487613678,
            "magnr": 17.524999618530273,
            "sigmagnr": 0.06599999964237213,
            "magzpsci": 26.043800354003906,
            "isdiffpos": "t",
            "ssdistnr": -999.0,
            "ssnamenr": "null",
            "drb": 0.9888290166854858
        },
        {
            "candid": 1018535991015015000,
            "jd": 2458773.0359954,
            "ra": 108.0830401,
            "dec": 66.2034953,
            "fid": 2,
            "nid": 1018,
            "magpsf": 18.73579978942871,
            "sigmapsf": 0.10955499857664108,
            "magnr": 17.524999618530273,
            "sigmagnr": 0.06599999964237213,
            "magzpsci": 26.065799713134766,
            "isdiffpos": "t",
            "ssdistnr": -999.0,
            "ssnamenr": "null",
            "drb": 0.9999729990959167
        },
        {
            "candid": 1021429401015015001,
            "jd": 2458775.9294097,
            "ra": 108.0828408,
            "dec": 66.2034873,
            "fid": 1,
            "nid": 1021,
            "magpsf": 19.802600860595703,
            "sigmapsf": 0.1835169941186905,
            "magnr": 18.215999603271484,
            "sigmagnr": 0.07599999755620956,
            "magzpsci": 26.1835994720459,
            "isdiffpos": "t",
            "ssdistnr": -999.0,
            "ssnamenr": "null",
            "drb": 0.9985650181770325
        },
        {
            "candid": 1024492561015015001,
            "jd": 2458778.9925694,
            "ra": 108.0830068,
            "dec": 66.2034989,
            "fid": 2,
            "nid": 1024,
            "magpsf": 19.04960060119629,
            "sigmapsf": 0.12112399935722351,
            "magnr": 17.524999618530273,
            "sigmagnr": 0.06599999964237213,
            "magzpsci": 26.062599182128906,
            "isdiffpos": "t",
            "ssdistnr": -999.0,
            "ssnamenr": "null",
            "drb": 0.9999189972877502
        },
        {
            "candid": 1024509591015015002,
            "jd": 2458779.0095949,
            "ra": 108.0827038,
            "dec": 66.2035224,
            "fid": 1,
            "nid": 1024,
            "magpsf": 19.947399139404297,
            "sigmapsf": 0.18325300514698029,
            "magnr": 18.215999603271484,
            "sigmagnr": 0.07599999755620956,
            "magzpsci": 26.192399978637695,
            "isdiffpos": "t",
            "ssdistnr": -999.0,
            "ssnamenr": "null",
            "drb": 0.999754011631012
        },
        {
            "candid": 1027488251015015003,
            "jd": 2458781.9882523,
            "ra": 108.0831573,
            "dec": 66.2035414,
            "fid": 2,
            "nid": 1027,
            "magpsf": 19.073699951171875,
            "sigmapsf": 0.15565599501132965,
            "magnr": 17.524999618530273,
            "sigmagnr": 0.06599999964237213,
            "magzpsci": 26.093700408935547,
            "isdiffpos": "t",
            "ssdistnr": -999.0,
            "ssnamenr": "null",
            "drb": 0.9980049729347229
        },
        {
            "candid": 1033511941015015003,
            "jd": 2458788.0119444,
            "ra": 108.0832439,
            "dec": 66.2036291,
            "fid": 2,
            "nid": 1033,
            "magpsf": 19.25320053100586,
            "sigmapsf": 0.18952900171279907,
            "magnr": 17.524999618530273,
            "sigmagnr": 0.06599999964237213,
            "magzpsci": 26.087200164794922,
            "isdiffpos": "t",
            "ssdistnr": -999.0,
            "ssnamenr": "null",
            "drb": 0.992251992225647
        },
        {
            "candid": 1036490481015015002,
            "jd": 2458790.9904861,
            "ra": 108.0830737,
            "dec": 66.2034961,
            "fid": 2,
            "nid": 1036,
            "magpsf": 19.4424991607666,
            "sigmapsf": 0.1477389931678772,
            "magnr": 17.524999618530273,
            "sigmagnr": 0.06599999964237213,
            "magzpsci": 26.098499298095703,
            "isdiffpos": "t",
            "ssdistnr": -999.0,
            "ssnamenr": "null",
            "drb": 0.9997680187225342
        },
        {
            "candid": 1039514181015015002,
            "jd": 2458794.0141898,
            "ra": 108.0829414,
            "dec": 66.2035408,
            "fid": 2,
            "nid": 1039,
            "magpsf": 19.74810028076172,
            "sigmapsf": 0.21181100606918335,
            "magnr": 17.524999618530273,
            "sigmagnr": 0.06599999964237213,
            "magzpsci": 26.06209945678711,
            "isdiffpos": "t",
            "ssdistnr": -999.0,
            "ssnamenr": "null",
            "drb": 0.9867150187492371
        },
        {
            "jd": 2458733.00878,
            "fid": 2,
            "diffmaglim": 20.266000747680664
        },
        {
            "jd": 2458735.9549,
            "fid": 1,
            "diffmaglim": 20.55900001525879
        },
        {
            "jd": 2458736.01376,
            "fid": 2,
            "diffmaglim": 20.215999603271484
        },
        {
            "jd": 2458738.94606,
            "fid": 1,
            "diffmaglim": 19.374000549316406
        },
        {
            "jd": 2458741.96821,
            "fid": 2,
            "diffmaglim": 19.531999588012695
        },
        {
            "jd": 2458744.97141,
            "fid": 2,
            "diffmaglim": 19.635000228881836
        },
        {
            "jd": 2458745.00574,
            "fid": 1,
            "diffmaglim": 19.663000106811523
        },
        {
            "jd": 2458747.96552,
            "fid": 2,
            "diffmaglim": 19.952999114990234
        },
        {
            "jd": 2458748.00811,
            "fid": 1,
            "diffmaglim": 19.965999603271484
        },
        {
            "jd": 2458750.94818,
            "fid": 1,
            "diffmaglim": 19.874000549316406
        },
        {
            "jd": 2458751.00885,
            "fid": 2,
            "diffmaglim": 20.010000228881836
        },
        {
            "jd": 2458772.84686,
            "fid": 1,
            "diffmaglim": 18.461999893188477
        }
    ],
    "forcedphot": []
}