{
    "objectId": "ZTF18aarlpzd",
    "candidates": [
        {
            "candid": 1182263715215015004,
            "jd": 2458936.7637153,
            "ra": 172.1268149,
            "dec": 58.5629939,
            "fid": 1,
            "nid": 1182,
            "magpsf": 17.827999114990234,
            "sigmapsf": 0.0793130025267601,
            "magnr": 15.454000473022461,
            "sigmagnr": 0.07800000160932541,
            "magzpsci": 26.240999221801758,
            "isdiffpos": "t",
            "ssdistnr": -999.0,
            "ssnamenr": "null",
            "drb": 0.9349610209465027
        },
        {
            "candid": 1185218355215015001,
            "jd": 2458939.7183565,
            "ra": 172.1267823,
            "dec": 58.5629869,
            "fid": 2,
            "nid": 1185,
            "magpsf": 16.966299057006836,
            "sigmapsf": 0.0694189965724945,
            "magnr": 14.956999778747559,
            "sigmagnr": 0.0689999982714653,
            "magzpsci": 26.00429916381836,
            "isdiffpos": "t",
            "ssdistnr": -999.0,
            "ssnamenr": "null",
            "drb": 0.9963859915733337
        },
        {
            "candid": 1185326850315015004,
            "jd": 2458939.8268519,
            "ra": 172.1267775,
            "dec": 58.5629914,
            "fid": 1,
            "nid": 1185,
            "magpsf": 17.326200485229492,
            "sigmapsf": 0.06693699955940247,
            "magnr": 15.51200008392334,
            "sigmagnr": 0.08100000023841858,
            "magzpsci": 25.732200622558594,
            "isdiffpos": "t",
            "ssdistnr": -999.0,
            "ssnamenr": "null",
            "drb": 0.9821550250053406
        },
        {
            "candid": 1185366920315015004,
            "jd": 2458939.8669213,
            "ra": 172.1267741,
            "dec": 58.5629952,
            "fid": 2,
            "nid": 1185,
            "magpsf": 16.92530059814453,
            "sigmapsf": 0.08784099668264389,
            "magnr": 14.890999794006348,
            "sigmagnr": 0.07100000232458115,
            "magzpsci": 25.191299438476562,
            "isdiffpos": "t",
            "ssdistnr": -999.0,
            "ssnamenr": "null",
            "drb": 0.9189919829368591
        },
        {
            "candid": 1190347965215015001,
            "jd": 2458944.847963,
            "ra": 172.1268217,
            "dec": 58.5629731,
            "fid": 2,
            "nid": 1190,
            "magpsf": 16.53190040588379,
            "sigmapsf": 0.05368899926543236,
            "magnr": 14.956999778747559,
            "sigmagnr": 0.0689999982714653,
            "magzpsci": 26.158899307250977,
            "isdiffpos": "t",
            "ssdistnr": -999.0,
            "ssnamenr": "null",
            "drb": 0.9774699807167053
        },
        {
            "candid": 1190348900315015004,
            "jd": 2458944.8489005,
            "ra": 172.1267587,
            "dec": 58.5629853,
            "fid": 2,
            "nid": 1190,
            "magpsf": 16.476600646972656,
            "sigmapsf": 0.03269600123167038,
            "magnr": 14.890999794006348,
            "sigmagnr": 0.07100000232458115,
            "magzpsci": 25.969600677490234,
            "isdiffpos": "t",
            "ssdistnr": -999.0,
            "ssnamenr": "null",
            "drb": 0.9880139827728271
        },
        {
            "candid": 1200212385215015001,
            "jd": 2458954.7123843,
            "ra": 172.1268003,
            "dec": 58.5629667,
            "fid": 2,
            "nid": 1200,
            "magpsf": 16.527700424194336,
            "sigmapsf": 0.04048499837517738,
            "magnr": 14.956999778747559,
            "sigmagnr": 0.0689999982714653,
            "magzpsci": 26.148700714111328,
            "isdiffpos": "t",
            "ssdistnr": -999.0,
            "ssnamenr": "-999.0",
            "drb": null
        },
        {
            "candid": 1200213730315015007,
            "jd": 2458954.7137384,
            "ra": 172.1267914,
            "dec": 58.5629812,
            "fid": 2,
            "nid": 1200,
            "magpsf": 16.529499053955078,
            "sigmapsf": 0.042034998536109924,
            "magnr": 14.890999794006348,
            "sigmagnr": 0.07100000232458115,
            "magzpsci": 25.973499298095703,
            "isdiffpos": "t",
            "ssdistnr": -999.0,
            "ssnamenr": "null",
            "drb": 0.852321982383728
        },
        {
            "candid": 1200288925215015003,
            "jd": 2458954.7889236,
            "ra": 172.1268241,
            "dec": 58.5629734,
            "fid": 1,
            "nid": 1200,
            "magpsf": 17.365299224853516,
            "sigmapsf": 0.05668799951672554,
            "magnr": 15.454000473022461,
            "sigmagnr": 0.07800000160932541,
            "magzpsci": 26.247299194335938,
            "isdiffpos": "t",
            "ssdistnr": -999.0,
            "ssnamenr": "-999.0",
            "drb": null
        },
        {
            "candid": 1200304530315015005,
            "jd": 2458954.804537,
            "ra": 172.1267925,
            "dec": 58.5629535,
            "fid": 1,
            "nid": 1200,
            "magpsf": 17.457199096679688,
            "sigmapsf": 0.05102099850773811,
            "magnr": 15.51200008392334,
            "sigmagnr": 0.08100000023841858,
            "magzpsci": 26.095199584960938,
            "isdiffpos": "t",
            "ssdistnr": -999.0,
            "ssnamenr": "null",
            "drb": 0.970005989074707
        },
        {
            "candid": 1202291895215015002,
            "jd": 2458956.7918981,
            "ra": 172.1268279,
            "dec": 58.5629745,
            "fid": 2,
            "nid": 1202,
            "magpsf": 16.697599411010742,
            "sigmapsf": 0.05109500139951706,
            "magnr": 14.956999778747559,
            "sigmagnr": 0.0689999982714653,
            "magzpsci": 26.114599227905273,
            "isdiffpos": "t",
            "ssdistnr": -999.0,
            "ssnamenr": "null",
            "drb": 0.8150870203971863
        },
        {
            "candid": 1208241660315015003,
            "jd": 2458962.7416667,
            "ra": 172.1267846,
            "dec": 58.5630416,
            "fid": 1,
            "nid": 1208,
            "magpsf": 18.247800827026367,
            "sigmapsf": 0.0936179980635643,
            "magnr": 15.51200008392334,
            "sigmagnr": 0.08100000023841858,
            "magzpsci": 26.11479949951172,
            "isdiffpos": "t",
            "ssdistnr": -999.0,
            "ssnamenr": "null",
            "drb": 0.923471987247467
        },
        {
            "candid": 1208242115215015001,
            "jd": 2458962.7421181,
            "ra": 172.1269206,
            "dec": 58.5629691,
            "fid": 1,
            "nid": 1208,
            "magpsf": 18.414899826049805,
            "sigmapsf": 0.12129499763250351,
            "magnr": 15.454000473022461,
            "sigmagnr": 0.07800000160932541,
            "magzpsci": 26.28890037536621,
            "isdiffpos": "t",
            "ssdistnr": -999.0,
            "ssnamenr": "null",
            "drb": 0.10339699685573578
        },
        {
            "candid": 1208258225215015001,
            "jd": 2458962.7582292,
            "ra": 172.1268331,
            "dec": 58.5629752,
            "fid": 2,
            "nid": 1208,
            "magpsf": 17.07229995727539,
            "sigmapsf": 0.049908000975847244,
            "magnr": 14.956999778747559,
            "sigmagnr": 0.0689999982714653,
            "magzpsci": 26.202299118041992,
            "isdiffpos": "t",
            "ssdistnr": -999.0,
            "ssnamenr": "null",
            "drb": 0.6406459808349609
        },
        {
            "candid": 1208281940315015008,
            "jd": 2458962.7819444,
            "ra": 172.1267656,
            "dec": 58.5629955,
            "fid": 2,
            "nid": 1208,
            "magpsf": 16.864999771118164,
            "sigmapsf": 0.0489329993724823,
            "magnr": 14.890999794006348,
            "sigmagnr": 0.07100000232458115,
            "magzpsci": 25.974000930786133,
            "isdiffpos": "t",
            "ssdistnr": -999.0,
            "ssnamenr": "null",
            "drb": 0.9893050193786621
        },
        {
            "candid": 1211220485215015002,
            "jd": 2458965.7204861,
            "ra": 172.1268967,
            "dec": 58.5629943,
            "fid": 1,
            "nid": 1211,
            "magpsf": 18.468399047851562,
            "sigmapsf": 0.11341000348329544,
            "magnr": 15.454000473022461,
            "sigmagnr": 0.07800000160932541,
            "magzpsci": 26.27039909362793,
            "isdiffpos": "t",
            "ssdistnr": -999.0,
            "ssnamenr": "null",
            "drb": 0.07167000323534012
        },
        {
            "candid": 1211277780315015009,
            "jd": 2458965.7777894,
            "ra": 172.1268096,
            "dec": 58.5629918,
            "fid": 2,
            "nid": 1211,
            "magpsf": 17.07819938659668,
            "sigmapsf": 0.04797299951314926,
            "magnr": 14.890999794006348,
            "sigmagnr": 0.07100000232458115,
            "magzpsci": 25.989200592041016,
            "isdiffpos": "t",
            "ssdistnr": -999.0,
            "ssnamenr": "null",
            "drb": 0.8097469806671143
        },
        {
            "candid": 1214195135215015000,
            "jd": 2458968.6951389,
            "ra": 172.1268255,
            "dec": 58.5629762,
            "fid": 2,
            "nid": 1214,
            "magpsf": 17.444799423217773,
            "sigmapsf": 0.0674929991364479,
            "magnr": 14.956999778747559,
            "sigmagnr": 0.0689999982714653,
            "magzpsci": 26.216800689697266,
            "isdiffpos": "t",
            "ssdistnr": -999.0,
            "ssnamenr": "null",
            "drb": 0.7624880075454712
        },
        {
            "candid": 1214195610315015002,
            "jd": 2458968.6956134,
            "ra": 172.1268295,
            "dec": 58.5629789,
            "fid": 2,
            "nid": 1214,
            "magpsf": 17.374500274658203,
            "sigmapsf": 0.0931209996342659,
            "magnr": 14.890999794006348,
            "sigmagnr": 0.07100000232458115,
            "magzpsci": 26.01449966430664,
            "isdiffpos": "t",
            "ssdistnr": -999.0,
            "ssnamenr": "null",
            "drb": 0.2999899983406067
        },
        {
            "candid": 1214278990315015004,
            "jd": 2458968.7789931,
            "ra": 172.1267028,
            "dec": 58.5629517,
            "fid": 1,
            "nid": 1214,
            "magpsf": 18.52869987487793,
            "sigmapsf": 0.12438999861478806,
            "magnr": 15.51200008392334,
            "sigmagnr": 0.08100000023841858,
            "magzpsci": 26.12470054626465,
            "isdiffpos": "t",
            "ssdistnr": -999.0,
            "ssnamenr": "null",
            "drb": 0.9478179812431335
        },
        {
            "candid": 1217161385215015003,
            "jd": 2458971.6613889,
            "ra": 172.1268199,
            "dec": 58.5629844,
            "fid": 2,
            "nid": 1217,
            "magpsf": 17.60689926147461,
            "sigmapsf": 0.11283399909734726,
            "magnr": 14.956999778747559,
            "sigmagnr": 0.0689999982714653,
            "magzpsci": 26.226900100708008,
            "isdiffpos": "t",
            "ssdistnr": -999.0,
            "ssnamenr": "-999.0",
            "drb": null
        },
        {
            "candid": 1217203515215015002,
            "jd": 2458971.7035185,
            "ra": 172.1268333,
            "dec": 58.5629887,
            "fid": 2,
            "nid": 1217,
            "magpsf": 17.530000686645508,
            "sigmapsf": 0.08823200315237045,
            "magnr": 14.956999778747559,
            "sigmagnr": 0.0689999982714653,
            "magzpsci": 26.20199966430664,
            "isdiffpos": "t",
            "ssdistnr": -999.0,
            "ssnamenr": "null",
            "drb": 0.9696850180625916
        },
        {
            "candid": 1217244215215015000,
            "jd": 2458971.744213,
            "ra": 172.1268087,
            "dec": 58.5630068,
            "fid": 1,
            "nid": 1217,
            "magpsf": 18.425100326538086,
            "sigmapsf": 0.11732300370931625,
            "magnr": 15.454000473022461,
            "sigmagnr": 0.07800000160932541,
            "magzpsci": 26.299100875854492,
            "isdiffpos": "t",
            "ssdistnr": -999.0,
            "ssnamenr": "null",
            "drb": 0.6586059927940369
        },
        {
            "candid": 1218205675215015000,
            "jd": 2458972.7056713,
            "ra": 172.126802,
            "dec": 58.5629759,
            "fid": 2,
            "nid": 1218,
            "magpsf": 17.544300079345703,
            "sigmapsf": 0.07420700043439865,
            "magnr": 14.956999778747559,
            "sigmagnr": 0.0689999982714653,
            "magzpsci": 26.207300186157227,
            "isdiffpos": "t",
            "ssdistnr": -999.0,
            "ssnamenr": "null",
            "drb": 0.7530540227890015
        },
        {
            "candid": 1218246675215015000,
            "jd": 2458972.7466782,
            "ra": 172.1268192,
            "dec": 58.5629609,
            "fid": 1,
            "nid": 1218,
            "magpsf": 18.88249969482422,
            "sigmapsf": 0.15159299969673157,
            "magnr": 15.454000473022461,
            "sigmagnr": 0.07800000160932541,
            "magzpsci": 26.3075008392334,
            "isdiffpos": "t",
            "ssdistnr": -999.0,
            "ssnamenr": "null",
            "drb": 0.19368499517440796
        },
        {
            "candid": 1220236570315015009,
            "jd": 2458974.7365741,
            "ra": 172.1267828,
            "dec": 58.5629905,
            "fid": 2,
            "nid": 1220,
            "magpsf": 17.505599975585938,
            "sigmapsf": 0.06527499854564667,
            "magnr": 14.890999794006348,
            "sigmagnr": 0.07100000232458115,
            "magzpsci": 25.991600036621094,
            "isdiffpos": "t",
            "ssdistnr": -999.0,
            "ssnamenr": "null",
            "drb": 0.8872569799423218
        },
        {
            "candid": 1220240455215015001,
            "jd": 2458974.7404514,
            "ra": 172.1268206,
            "dec": 58.5629971,
            "fid": 2,
            "nid": 1220,
            "magpsf": 17.52869987487793,
            "sigmapsf": 0.0633770003914833,
            "magnr": 14.956999778747559,
            "sigmagnr": 0.0689999982714653,
            "magzpsci": 26.196699142456055,
            "isdiffpos": "t",
            "ssdistnr": -999.0,
            "ssnamenr": "null",
            "drb": 0.8588640093803406
        },
        {
            "candid": 1222286755215015002,
            "jd": 2458976.7867593,
            "ra": 172.1268291,
            "dec": 58.5630074,
            "fid": 2,
            "nid": 1222,
            "magpsf": 17.51919937133789,
            "sigmapsf": 0.07752799987792969,
            "magnr": 14.956999778747559,
            "sigmagnr": 0.0689999982714653,
            "magzpsci": 26.11720085144043,
            "isdiffpos": "t",
            "ssdistnr": -999.0,
            "ssnamenr": "null",
            "drb": 0.9752410054206848
        },
        {
            "candid": 1226258060315015005,
            "jd": 2458980.7580671,
            "ra": 172.1268605,
            "dec": 58.5630678,
            "fid": 2,
            "nid": 1226,
            "magpsf": 17.50079917907715,
            "sigmapsf": 0.07422000169754028,
            "magnr": 14.890999794006348,
            "sigmagnr": 0.07100000232458115,
            "magzpsci": 25.990800857543945,
            "isdiffpos": "t",
            "ssdistnr": -999.0,
            "ssnamenr": "null",
            "drb": 0.5857189893722534
        },
        {
            "candid": 1226285655215015000,
            "jd": 2458980.7856597,
            "ra": 172.126802,
            "dec": 58.5630153,
            "fid": 2,
            "nid": 1226,
            "magpsf": 17.639999389648438,
            "sigmapsf": 0.09028399735689163,
            "magnr": 14.956999778747559,
            "sigmagnr": 0.0689999982714653,
            "magzpsci": 26.17300033569336,
            "isdiffpos": "t",
            "ssdistnr": -999.0,
            "ssnamenr": "null",
            "drb": 0.7281140089035034
        },
        {
            "candid": 1231187815215015001,
            "jd": 2458985.6878125,
            "ra": 172.1267748,
            "dec": 58.5629671,
            "fid": 1,
            "nid": 1231,
            "magpsf": 19.227800369262695,
            "sigmapsf": 0.185481995344162,
            "magnr": 15.454000473022461,
            "sigmagnr": 0.07800000160932541,
            "magzpsci": 26.271799087524414,
            "isdiffpos": "t",
            "ssdistnr": -999.0,
            "ssnamenr": "null",
            "drb": 0.04524900019168854
        },
        {
            "candid": 1232247260315015012,
            "jd": 2458986.7472685,
            "ra": 172.126799,
            "dec": 58.5629903,
            "fid": 2,
            "nid": 1232,
            "magpsf": 17.782800674438477,
            "sigmapsf": 0.05595900118350983,
            "magnr": 14.890999794006348,
            "sigmagnr": 0.07100000232458115,
            "magzpsci": 25.990800857543945,
            "isdiffpos": "t",
            "ssdistnr": -999.0,
            "ssnamenr": "null",
            "drb": 0.9192739725112915
        },
        {
            "candid": 1237220575215015000,
            "jd": 2458991.7205787,
            "ra": 172.1268067,
            "dec": 58.5629748,
            "fid": 2,
            "nid": 1237,
            "magpsf": 18.12459945678711,
            "sigmapsf": 0.0768200010061264,
            "magnr": 14.956999778747559,
            "sigmagnr": 0.0689999982714653,
            "magzpsci": 26.230600357055664,
            "isdiffpos": "t",
            "ssdistnr": -999.0,
            "ssnamenr": "null",
            "drb": 0.4458419978618622
        },
        {
            "candid": 1238260200315015005,
            "jd": 2458992.7602083,
            "ra": 172.1268187,
            "dec": 58.5630026,
            "fid": 2,
            "nid": 1238,
            "magpsf": 17.978200912475586,
            "sigmapsf": 0.06637000292539597,
            "magnr": 14.890999794006348,
            "sigmagnr": 0.07100000232458115,
            "magzpsci": 25.967199325561523,
            "isdiffpos": "t",
            "ssdistnr": -999.0,
            "ssnamenr": "null",
            "drb": 0.9709129929542542
        },
        {
            "candid": 1241216210315015007,
            "jd": 2458995.7162153,
            "ra": 172.1267552,
            "dec": 58.5630161,
            "fid": 2,
            "nid": 1241,
            "magpsf": 18.013900756835938,
            "sigmapsf": 0.07294099777936935,
            "magnr": 14.890999794006348,
            "sigmagnr": 0.07100000232458115,
            "magzpsci": 25.974899291992188,
            "isdiffpos": "t",
            "ssdistnr": -999.0,
            "ssnamenr": "null",
            "drb": 0.7680259943008423
        },
        {
            "candid": 1241241455215015004,
            "jd": 2458995.7414583,
            "ra": 172.1269298,
            "dec": 58.5630048,
            "fid": 2,
            "nid": 1241,
            "magpsf": 18.131399154663086,
            "sigmapsf": 0.0935320034623146,
            "magnr": 14.956999778747559,
            "sigmagnr": 0.0689999982714653,
            "magzpsci": 26.192399978637695,
            "isdiffpos": "t",
            "ssdistnr": -999.0,
            "ssnamenr": "-999.0",
            "drb": null
        },
        {
            "candid": 1250245785215015000,
            "jd": 2459004.745787,
            "ra": 172.1268469,
            "dec": 58.5629814,
            "fid": 2,
            "nid": 1250,
            "magpsf": 18.371400833129883,
            "sigmapsf": 0.12565700709819794,
            "magnr": 14.956999778747559,
            "sigmagnr": 0.0689999982714653,
            "magzpsci": 26.1653995513916,
            "isdiffpos": "t",
            "ssdistnr": -999.0,
            "ssnamenr": "null",
            "drb": 0.6065400242805481
        },
        {
            "candid": 1255183320315015005,
            "jd": 2459009.6833218,
            "ra": 172.1270844,
            "dec": 58.5630611,
            "fid": 2,
            "nid": 1255,
            "magpsf": 18.105600357055664,
            "sigmapsf": 0.11773200333118439,
            "magnr": 14.890999794006348,
            "sigmagnr": 0.07100000232458115,
            "magzpsci": 26.04159927368164,
            "isdiffpos": "t",
            "ssdistnr": -999.0,
            "ssnamenr": "-999.0",
            "drb": null
        },
        {
            "candid": 1255183785215015003,
            "jd": 2459009.6837847,
            "ra": 172.1269669,
            "dec": 58.5629803,
            "fid": 2,
            "nid": 1255,
            "magpsf": 18.50029945373535,
            "sigmapsf": 0.16177800297737122,
            "magnr": 14.956999778747559,
            "sigmagnr": 0.0689999982714653,
            "magzpsci": 26.22130012512207,
            "isdiffpos": "t",
            "ssdistnr": -999.0,
            "ssnamenr": "null",
            "drb": 0.19092899560928345
        },
        {
            "candid": 1263243220315015006,
            "jd": 2459017.7432292,
            "ra": 172.1266545,
            "dec": 58.5631452,
            "fid": 2,
            "nid": 1263,
            "magpsf": 18.1294002532959,
            "sigmapsf": 0.12304600328207016,
            "magnr": 14.890999794006348,
            "sigmagnr": 0.07100000232458115,
            "magzpsci": 26.0093994140625,
            "isdiffpos": "t",
            "ssdistnr": -999.0,
            "ssnamenr": "null",
            "drb": 0.8855710029602051
        },
        {
            "jd": 2458906.82318,
            "fid": 1,
            "diffmaglim": 20.405000686645508
        },
        {
            "jd": 2458908.82706,
            "fid": 1,
            "diffmaglim": 20.517000198364258
        },
        {
            "jd": 2458909.74478,
            "fid": 1,
            "diffmaglim": 19.959999084472656
        },
        {
            "jd": 2458909.76795,
            "fid": 1,
            "diffmaglim": 19.615999221801758
        },
        {
            "jd": 2458909.82279,
            "fid": 2,
            "diffmaglim": 20.39699935913086
        },
        {
            "jd": 2458909.82373,
            "fid": 2,
            "diffmaglim": 20.336000442504883
        },
        {
            "jd": 2458911.73831,
            "fid": 2,
            "diffmaglim": 19.610000610351562
        },
        {
            "jd": 2458911.88889,
            "fid": 1,
            "diffmaglim": 20.243000030517578
        },
        {
            "jd": 2458912.76366,
            "fid": 1,
            "diffmaglim": 19.798999786376953
        },
        {
            "jd": 2458912.7822,
            "fid": 1,
            "diffmaglim": 20.073999404907227
        },
        {
            "jd": 2458912.90824,
            "fid": 2,
            "diffmaglim": 20.114999771118164
        },
        {
            "jd": 2458912.91162,
            "fid": 2,
            "diffmaglim": 19.94099998474121
        },
        {
            "jd": 2458913.7427,
            "fid": 2,
            "diffmaglim": 19.79400062561035
        },
        {
            "jd": 2458913.80388,
            "fid": 1,
            "diffmaglim": 19.958999633789062
        },
        {
            "jd": 2458914.72758,
            "fid": 1,
            "diffmaglim": 18.05299949645996
        },
        {
            "jd": 2458914.85986,
            "fid": 2,
            "diffmaglim": 19.854999542236328
        },
        {
            "jd": 2458915.7239,
            "fid": 1,
            "diffmaglim": 19.226999282836914
        },
        {
            "jd": 2458915.72435,
            "fid": 1,
            "diffmaglim": 19.415000915527344
        },
        {
            "jd": 2458915.88898,
            "fid": 2,
            "diffmaglim": 19.70400047302246
        },
        {
            "jd": 2458915.90926,
            "fid": 2,
            "diffmaglim": 19.34000015258789
        },
        {
            "jd": 2458939.8264,
            "fid": 1,
            "diffmaglim": 19.94099998474121
        },
        {
            "jd": 2458965.72326,
            "fid": 1,
            "diffmaglim": 20.590999603271484
        },
        {
            "jd": 2458968.74106,
            "fid": 1,
            "diffmaglim": 20.68199920654297
        },
        {
            "jd": 2458971.70306,
            "fid": 2,
            "diffmaglim": 19.763999938964844
        },
        {
            "jd": 2458977.68416,
            "fid": 1,
            "diffmaglim": 18.070999145507812
        },
        {
            "jd": 2458977.68556,
            "fid": 1,
            "diffmaglim": 17.714000701904297
        },
        {
            "jd": 2458977.72076,
            "fid": 2,
            "diffmaglim": 17.64900016784668
        },
        {
            "jd": 2458977.72124,
            "fid": 2,
            "diffmaglim": 17.54199981689453
        },
        {
            "jd": 2458980.67786,
            "fid": 1,
            "diffmaglim": 20.770000457763672
        },
        {
            "jd": 2458980.67832,
            "fid": 1,
            "diffmaglim": 21.07900047302246
        },
        {
            "jd": 2458986.701,
            "fid": 1,
            "diffmaglim": 20.493000030517578
        },
        {
            "jd": 2458991.68191,
            "fid": 1,
            "diffmaglim": 20.847000122070312
        },
        {
            "jd": 2458992.70469,
            "fid": 1,
            "diffmaglim": 20.641000747680664
        },
        {
            "jd": 2458995.68278,
            "fid": 1,
            "diffmaglim": 20.780000686645508
        },
        {
            "jd": 2458998.70312,
            "fid": 1,
            "diffmaglim": 20.26799964904785
        },
        {
            "jd": 2458998.72951,
            "fid": 2,
            "diffmaglim": 19.06100082397461
        },
        {
            "jd": 2458998.73853,
            "fid": 2,
            "diffmaglim": 20.19499969482422
        },
        {
            "jd": 2459001.67934,
            "fid": 1,
            "diffmaglim": 19.927000045776367
        },
        {
            "jd": 2459001.68168,
            "fid": 1,
            "diffmaglim": 19.663000106811523
        },
        {
            "jd": 2459004.70811,
            "fid": 1,
            "diffmaglim": 19.652000427246094
        }
    ],
    "forcedphot": []
}