{
    "objectId": "ZTF19aarnqys",
    "candidates": [
        {
            "candid": 834379593915015013,
            "jd": 2458588.8795949,
            "ra": 227.8631001,
            "dec": 5.2004428,
            "fid": 2,
            "nid": 834,
            "magpsf": 20.473600387573242,
            "sigmapsf": 0.3454959988594055,
            "magnr": 20.54199981689453,
            "sigmagnr": 0.08799999952316284,
            "magzpsci": 26.210599899291992,
            "isdiffpos": "t",
            "ssdistnr": -999.0,
            "ssnamenr": "-999.0",
            "drb": null
        },
        {
            "candid": 840274123915015001,
            "jd": 2458594.7741204,
            "ra": 227.8631195,
            "dec": 5.2003405,
            "fid": 1,
            "nid": 840,
            "magpsf": 19.3966007232666,
            "sigmapsf": 0.28075098991394043,
            "magnr": 21.158000946044922,
            "sigmagnr": 0.1080000028014183,
            "magzpsci": 26.153600692749023,
            "isdiffpos": "t",
            "ssdistnr": -999.0,
            "ssnamenr": "-999.0",
            "drb": null
        },
        {
            "candid": 843296663915015005,
            "jd": 2458597.7966667,
            "ra": 227.8631085,
            "dec": 5.200575,
            "fid": 1,
            "nid": 843,
            "magpsf": 19.298200607299805,
            "sigmapsf": 0.12477699667215347,
            "magnr": 20.68000030517578,
            "sigmagnr": 0.10000000149011612,
            "magzpsci": 26.167200088500977,
            "isdiffpos": "t",
            "ssdistnr": -999.0,
            "ssnamenr": "null",
            "drb": null
        },
        {
            "candid": 843378313915015009,
            "jd": 2458597.8783102,
            "ra": 227.8631305,
            "dec": 5.2005201,
            "fid": 2,
            "nid": 843,
            "magpsf": 19.315900802612305,
            "sigmapsf": 0.12132400274276733,
            "magnr": 20.54199981689453,
            "sigmagnr": 0.08799999952316284,
            "magzpsci": 26.22089958190918,
            "isdiffpos": "t",
            "ssdistnr": -999.0,
            "ssnamenr": "null",
            "drb": null
        },
        {
            "candid": 852337703915015006,
            "jd": 2458606.8377083,
            "ra": 227.8631332,
            "dec": 5.2005308,
            "fid": 2,
            "nid": 852,
            "magpsf": 18.88640022277832,
            "sigmapsf": 0.07292100042104721,
            "magnr": 20.54199981689453,
            "sigmagnr": 0.08799999952316284,
            "magzpsci": 26.177400588989258,
            "isdiffpos": "t",
            "ssdistnr": -999.0,
            "ssnamenr": "null",
            "drb": null
        },
        {
            "candid": 862251053915015001,
            "jd": 2458616.7510532,
            "ra": 227.8631844,
            "dec": 5.2004395,
            "fid": 1,
            "nid": 862,
            "magpsf": 20.226200103759766,
            "sigmapsf": 0.2751309871673584,
            "magnr": 21.158000946044922,
            "sigmagnr": 0.1080000028014183,
            "magzpsci": 26.09819984436035,
            "isdiffpos": "t",
            "ssdistnr": -999.0,
            "ssnamenr": "-999.0",
            "drb": null
        },
        {
            "candid": 862293983915015006,
            "jd": 2458616.7939815,
            "ra": 227.8631622,
            "dec": 5.2005847,
            "fid": 2,
            "nid": 862,
            "magpsf": 19.209800720214844,
            "sigmapsf": 0.12779399752616882,
            "magnr": 20.54199981689453,
            "sigmagnr": 0.08799999952316284,
            "magzpsci": 26.155799865722656,
            "isdiffpos": "t",
            "ssdistnr": -999.0,
            "ssnamenr": "null",
            "drb": null
        },
        {
            "candid": 865316053915015000,
            "jd": 2458619.8160532,
            "ra": 227.863197,
            "dec": 5.2003858,
            "fid": 2,
            "nid": 865,
            "magpsf": 19.477800369262695,
            "sigmapsf": 0.26854100823402405,
            "magnr": 20.54199981689453,
            "sigmagnr": 0.08799999952316284,
            "magzpsci": 26.118799209594727,
            "isdiffpos": "t",
            "ssdistnr": -999.0,
            "ssnamenr": "-999.0",
            "drb": null
        },
        {
            "candid": 879251463915015011,
            "jd": 2458633.7514699,
            "ra": 227.8631415,
            "dec": 5.2005546,
            "fid": 1,
            "nid": 879,
            "magpsf": 20.81450080871582,
            "sigmapsf": 0.28535500168800354,
            "magnr": 21.158000946044922,
            "sigmagnr": 0.1080000028014183,
            "magzpsci": 26.14349937438965,
            "isdiffpos": "t",
            "ssdistnr": -999.0,
            "ssnamenr": "-999.0",
            "drb": null
        },
        {
            "candid": 879295813915015007,
            "jd": 2458633.7958102,
            "ra": 227.8632088,
            "dec": 5.2005694,
            "fid": 2,
            "nid": 879,
            "magpsf": 19.927600860595703,
            "sigmapsf": 0.18105900287628174,
            "magnr": 20.54199981689453,
            "sigmagnr": 0.08799999952316284,
            "magzpsci": 26.188600540161133,
            "isdiffpos": "t",
            "ssdistnr": -999.0,
            "ssnamenr": "null",
            "drb": null
        },
        {
            "candid": 882210423915015012,
            "jd": 2458636.7104282,
            "ra": 227.8631132,
            "dec": 5.2004957,
            "fid": 2,
            "nid": 882,
            "magpsf": 19.911500930786133,
            "sigmapsf": 0.15256500244140625,
            "magnr": 20.54199981689453,
            "sigmagnr": 0.08799999952316284,
            "magzpsci": 26.155500411987305,
            "isdiffpos": "t",
            "ssdistnr": -999.0,
            "ssnamenr": "null",
            "drb": null
        },
        {
            "candid": 885273933915015010,
            "jd": 2458639.7739352,
            "ra": 227.8631648,
            "dec": 5.2005454,
            "fid": 2,
            "nid": 885,
            "magpsf": 20.20870018005371,
            "sigmapsf": 0.19304299354553223,
            "magnr": 20.54199981689453,
            "sigmagnr": 0.08799999952316284,
            "magzpsci": 26.17770004272461,
            "isdiffpos": "t",
            "ssdistnr": -999.0,
            "ssnamenr": "null",
            "drb": null
        },
        {
            "candid": 888252693915015012,
            "jd": 2458642.7526968,
            "ra": 227.8631603,
            "dec": 5.2005138,
            "fid": 2,
            "nid": 888,
            "magpsf": 20.329700469970703,
            "sigmapsf": 0.20329399406909943,
            "magnr": 20.54199981689453,
            "sigmagnr": 0.08799999952316284,
            "magzpsci": 26.22570037841797,
            "isdiffpos": "t",
            "ssdistnr": -999.0,
            "ssnamenr": "null",
            "drb": null
        },
        {
            "jd": 2458568.85144,
            "fid": 2,
            "diffmaglim": 16.243000030517578
        },
        {
            "jd": 2458568.87762,
            "fid": 1,
            "diffmaglim": 19.472000122070312
        },
        {
            "jd": 2458572.87936,
            "fid": 1,
            "diffmaglim": 19.889999389648438
        },
        {
            "jd": 2458575.83433,
            "fid": 1,
            "diffmaglim": 20.80699920654297
        },
        {
            "jd": 2458575.91475,
            "fid": 2,
            "diffmaglim": 20.677000045776367
        },
        {
            "jd": 2458582.87767,
            "fid": 1,
            "diffmaglim": 20.165000915527344
        },
        {
            "jd": 2458582.90015,
            "fid": 2,
            "diffmaglim": 18.106000900268555
        },
        {
            "jd": 2458585.83832,
            "fid": 2,
            "diffmaglim": 20.447999954223633
        },
        {
            "jd": 2458585.8861,
            "fid": 1,
            "diffmaglim": 20.617000579833984
        },
        {
            "jd": 2458588.81588,
            "fid": 1,
            "diffmaglim": 19.691999435424805
        },
        {
            "jd": 2458591.73049,
            "fid": 1,
            "diffmaglim": 18.530000686645508
        },
        {
            "jd": 2458591.87439,
            "fid": 2,
            "diffmaglim": 19.29599952697754
        },
        {
            "jd": 2458619.77042,
            "fid": 1,
            "diffmaglim": 18.93600082397461
        }
    ],
    "forcedphot": []
}