{
    "objectId": "ZTF19abrirmk",
    "candidates": [
        {
            "candid": 964417244115015002,
            "jd": 2458718.9172454,
            "ra": 14.5250029,
            "dec": -15.5586106,
            "fid": 1,
            "nid": 964,
            "magpsf": 19.353300094604492,
            "sigmapsf": 0.1633799970149994,
            "magnr": 19.19700050354004,
            "sigmagnr": 0.0949999988079071,
            "magzpsci": 26.16230010986328,
            "isdiffpos": "t",
            "ssdistnr": -999.0,
            "ssnamenr": "null",
            "drb": 0.9992300271987915
        },
        {
            "candid": 969417564115015009,
            "jd": 2458723.9175694,
            "ra": 14.5250276,
            "dec": -15.5586052,
            "fid": 1,
            "nid": 969,
            "magpsf": 18.342100143432617,
            "sigmapsf": 0.07042700052261353,
            "magnr": 19.19700050354004,
            "sigmagnr": 0.0949999988079071,
            "magzpsci": 26.09910011291504,
            "isdiffpos": "t",
            "ssdistnr": -999.0,
            "ssnamenr": "null",
            "drb": 0.9999979734420776
        },
        {
            "candid": 972377104115015003,
            "jd": 2458726.8771065,
            "ra": 14.5250515,
            "dec": -15.5586172,
            "fid": 2,
            "nid": 972,
            "magpsf": 18.278200149536133,
            "sigmapsf": 0.06275299936532974,
            "magnr": 18.763999938964844,
            "sigmagnr": 0.08699999749660492,
            "magzpsci": 26.184200286865234,
            "isdiffpos": "t",
            "ssdistnr": -999.0,
            "ssnamenr": "null",
            "drb": 0.9999979734420776
        },
        {
            "candid": 972405874115015004,
            "jd": 2458726.9058796,
            "ra": 14.5250113,
            "dec": -15.5585906,
            "fid": 1,
            "nid": 972,
            "magpsf": 18.130199432373047,
            "sigmapsf": 0.06784199923276901,
            "magnr": 19.19700050354004,
            "sigmagnr": 0.0949999988079071,
            "magzpsci": 26.149200439453125,
            "isdiffpos": "t",
            "ssdistnr": -999.0,
            "ssnamenr": "null",
            "drb": 1.0
        },
        {
            "candid": 978376624115015002,
            "jd": 2458732.8766204,
            "ra": 14.5250208,
            "dec": -15.55859,
            "fid": 1,
            "nid": 978,
            "magpsf": 18.127700805664062,
            "sigmapsf": 0.06260599941015244,
            "magnr": 19.19700050354004,
            "sigmagnr": 0.0949999988079071,
            "magzpsci": 26.106700897216797,
            "isdiffpos": "t",
            "ssdistnr": -999.0,
            "ssnamenr": "null",
            "drb": 1.0
        },
        {
            "candid": 978462174115015001,
            "jd": 2458732.9621759,
            "ra": 14.5250203,
            "dec": -15.5586036,
            "fid": 2,
            "nid": 978,
            "magpsf": 18.006900787353516,
            "sigmapsf": 0.08548799902200699,
            "magnr": 18.763999938964844,
            "sigmagnr": 0.08699999749660492,
            "magzpsci": 25.26689910888672,
            "isdiffpos": "t",
            "ssdistnr": -999.0,
            "ssnamenr": "null",
            "drb": 0.9999729990959167
        },
        {
            "candid": 981421194115015007,
            "jd": 2458735.9211921,
            "ra": 14.5250418,
            "dec": -15.5585586,
            "fid": 1,
            "nid": 981,
            "magpsf": 18.202899932861328,
            "sigmapsf": 0.05348199978470802,
            "magnr": 19.19700050354004,
            "sigmagnr": 0.0949999988079071,
            "magzpsci": 26.15690040588379,
            "isdiffpos": "t",
            "ssdistnr": -999.0,
            "ssnamenr": "null",
            "drb": 1.0
        },
        {
            "candid": 984339844115015003,
            "jd": 2458738.8398495,
            "ra": 14.5250156,
            "dec": -15.5586042,
            "fid": 2,
            "nid": 984,
            "magpsf": 18.43090057373047,
            "sigmapsf": 0.10436300188302994,
            "magnr": 18.763999938964844,
            "sigmagnr": 0.08699999749660492,
            "magzpsci": 26.206899642944336,
            "isdiffpos": "t",
            "ssdistnr": -999.0,
            "ssnamenr": "null",
            "drb": 0.9999949932098389
        },
        {
            "candid": 984420244115015003,
            "jd": 2458738.9202431,
            "ra": 14.525022,
            "dec": -15.5586168,
            "fid": 1,
            "nid": 984,
            "magpsf": 18.372900009155273,
            "sigmapsf": 0.10277699679136276,
            "magnr": 19.19700050354004,
            "sigmagnr": 0.0949999988079071,
            "magzpsci": 26.123899459838867,
            "isdiffpos": "t",
            "ssdistnr": -999.0,
            "ssnamenr": "null",
            "drb": 0.9999960064888
        },
        {
            "candid": 989369524115015002,
            "jd": 2458743.8695255,
            "ra": 14.5250389,
            "dec": -15.5585339,
            "fid": 2,
            "nid": 989,
            "magpsf": 18.67259979248047,
            "sigmapsf": 0.17728100717067719,
            "magnr": 18.763999938964844,
            "sigmagnr": 0.08699999749660492,
            "magzpsci": 26.19659996032715,
            "isdiffpos": "t",
            "ssdistnr": -999.0,
            "ssnamenr": "-999.0",
            "drb": null
        },
        {
            "candid": 989397604115015001,
            "jd": 2458743.8976042,
            "ra": 14.5249896,
            "dec": -15.5587186,
            "fid": 1,
            "nid": 989,
            "magpsf": 18.811500549316406,
            "sigmapsf": 0.1978670060634613,
            "magnr": 19.19700050354004,
            "sigmagnr": 0.0949999988079071,
            "magzpsci": 26.112499237060547,
            "isdiffpos": "t",
            "ssdistnr": -999.0,
            "ssnamenr": "null",
            "drb": 0.9930049777030945
        },
        {
            "candid": 995295234115015004,
            "jd": 2458749.7952315,
            "ra": 14.5250239,
            "dec": -15.5585889,
            "fid": 2,
            "nid": 995,
            "magpsf": 18.917400360107422,
            "sigmapsf": 0.08654200285673141,
            "magnr": 18.763999938964844,
            "sigmagnr": 0.08699999749660492,
            "magzpsci": 26.127399444580078,
            "isdiffpos": "t",
            "ssdistnr": -999.0,
            "ssnamenr": "null",
            "drb": 1.0
        },
        {
            "candid": 995319534115015003,
            "jd": 2458749.819537,
            "ra": 14.5250311,
            "dec": -15.5586503,
            "fid": 1,
            "nid": 995,
            "magpsf": 19.372699737548828,
            "sigmapsf": 0.14234299957752228,
            "magnr": 19.19700050354004,
            "sigmagnr": 0.0949999988079071,
            "magzpsci": 26.06570053100586,
            "isdiffpos": "t",
            "ssdistnr": -999.0,
            "ssnamenr": "null",
            "drb": 0.9999970197677612
        },
        {
            "candid": 1003322474115015004,
            "jd": 2458757.8224769,
            "ra": 14.5250127,
            "dec": -15.5585996,
            "fid": 2,
            "nid": 1003,
            "magpsf": 19.060800552368164,
            "sigmapsf": 0.08497399836778641,
            "magnr": 18.763999938964844,
            "sigmagnr": 0.08699999749660492,
            "magzpsci": 26.210800170898438,
            "isdiffpos": "t",
            "ssdistnr": -999.0,
            "ssnamenr": "null",
            "drb": 0.9999989867210388
        },
        {
            "candid": 1006315124115015003,
            "jd": 2458760.8151273,
            "ra": 14.5250494,
            "dec": -15.5585714,
            "fid": 2,
            "nid": 1006,
            "magpsf": 19.192800521850586,
            "sigmapsf": 0.12746599316596985,
            "magnr": 18.763999938964844,
            "sigmagnr": 0.08699999749660492,
            "magzpsci": 26.194799423217773,
            "isdiffpos": "t",
            "ssdistnr": -999.0,
            "ssnamenr": "null",
            "drb": 0.9999880194664001
        },
        {
            "candid": 1010398844115015002,
            "jd": 2458764.8988426,
            "ra": 14.5250182,
            "dec": -15.5585708,
            "fid": 2,
            "nid": 1010,
            "magpsf": 19.404800415039062,
            "sigmapsf": 0.15907199680805206,
            "magnr": 18.763999938964844,
            "sigmagnr": 0.08699999749660492,
            "magzpsci": 26.20680046081543,
            "isdiffpos": "t",
            "ssdistnr": -999.0,
            "ssnamenr": "null",
            "drb": 0.9999949932098389
        },
        {
            "jd": 2458693.92531,
            "fid": 1,
            "diffmaglim": 20.304000854492188
        },
        {
            "jd": 2458693.97741,
            "fid": 2,
            "diffmaglim": 20.4689998626709
        },
        {
            "jd": 2458696.93334,
            "fid": 1,
            "diffmaglim": 20.518999099731445
        },
        {
            "jd": 2458696.98039,
            "fid": 2,
            "diffmaglim": 20.552000045776367
        },
        {
            "jd": 2458699.95735,
            "fid": 1,
            "diffmaglim": 20.5049991607666
        },
        {
            "jd": 2458700.00057,
            "fid": 2,
            "diffmaglim": 20.21299934387207
        },
        {
            "jd": 2458704.91794,
            "fid": 1,
            "diffmaglim": 20.295000076293945
        },
        {
            "jd": 2458704.96,
            "fid": 2,
            "diffmaglim": 20.28499984741211
        },
        {
            "jd": 2458707.91649,
            "fid": 1,
            "diffmaglim": 19.94700050354004
        },
        {
            "jd": 2458708.0014,
            "fid": 2,
            "diffmaglim": 20.23900032043457
        },
        {
            "jd": 2458710.91764,
            "fid": 2,
            "diffmaglim": 19.208999633789062
        },
        {
            "jd": 2458715.91773,
            "fid": 2,
            "diffmaglim": 19.430999755859375
        },
        {
            "jd": 2458716.00172,
            "fid": 1,
            "diffmaglim": 19.150999069213867
        },
        {
            "jd": 2458723.89272,
            "fid": 2,
            "diffmaglim": 20.56100082397461
        },
        {
            "jd": 2458746.89469,
            "fid": 1,
            "diffmaglim": 19.35099983215332
        }
    ],
    "forcedphot": []
}