{
    "objectId": "ZTF18acnncve",
    "candidates": [
        {
            "candid": 684477954215015033,
            "jd": 2458438.9779514,
            "ra": 123.6996142,
            "dec": 33.8884126,
            "fid": 1,
            "nid": 684,
            "magpsf": 19.31559944152832,
            "sigmapsf": 0.10551200062036514,
            "magnr": 20.535999298095703,
            "sigmagnr": 0.08699999749660492,
            "magzpsci": 26.3346004486084,
            "isdiffpos": "t",
            "ssdistnr": -999.0,
            "ssnamenr": "null",
            "drb": null
        },
        {
            "candid": 684513834215015059,
            "jd": 2458439.013831,
            "ra": 123.6996364,
            "dec": 33.8883788,
            "fid": 2,
            "nid": 684,
            "magpsf": 19.300600051879883,
            "sigmapsf": 0.08899500221014023,
            "magnr": 21.01099967956543,
            "sigmagnr": 0.08299999684095383,
            "magzpsci": 26.342599868774414,
            "isdiffpos": "t",
            "ssdistnr": -999.0,
            "ssnamenr": "null",
            "drb": null
        },
        {
            "candid": 685441204215015019,
            "jd": 2458439.9412037,
            "ra": 123.6996386,
            "dec": 33.888395,
            "fid": 1,
            "nid": 685,
            "magpsf": 19.225099563598633,
            "sigmapsf": 0.10116700083017349,
            "magnr": 20.535999298095703,
            "sigmagnr": 0.08699999749660492,
            "magzpsci": 26.219100952148438,
            "isdiffpos": "t",
            "ssdistnr": -999.0,
            "ssnamenr": "null",
            "drb": null
        },
        {
            "candid": 687433714215015032,
            "jd": 2458441.9337153,
            "ra": 123.6996245,
            "dec": 33.888322,
            "fid": 2,
            "nid": 687,
            "magpsf": 18.932600021362305,
            "sigmapsf": 0.08290000259876251,
            "magnr": 21.01099967956543,
            "sigmagnr": 0.08299999684095383,
            "magzpsci": 26.327600479125977,
            "isdiffpos": "t",
            "ssdistnr": -999.0,
            "ssnamenr": "null",
            "drb": null
        },
        {
            "candid": 687476444215015022,
            "jd": 2458441.9764468,
            "ra": 123.699626,
            "dec": 33.8883897,
            "fid": 1,
            "nid": 687,
            "magpsf": 19.032800674438477,
            "sigmapsf": 0.07366099953651428,
            "magnr": 20.535999298095703,
            "sigmagnr": 0.08699999749660492,
            "magzpsci": 26.32080078125,
            "isdiffpos": "t",
            "ssdistnr": -999.0,
            "ssnamenr": "null",
            "drb": null
        },
        {
            "candid": 693452484215015040,
            "jd": 2458447.9524884,
            "ra": 123.6995377,
            "dec": 33.8883874,
            "fid": 2,
            "nid": 693,
            "magpsf": 18.566999435424805,
            "sigmapsf": 0.11171600222587585,
            "magnr": 21.01099967956543,
            "sigmagnr": 0.08299999684095383,
            "magzpsci": 26.357999801635742,
            "isdiffpos": "t",
            "ssdistnr": -999.0,
            "ssnamenr": "null",
            "drb": null
        },
        {
            "candid": 701494984215015027,
            "jd": 2458455.9949884,
            "ra": 123.6996356,
            "dec": 33.88839,
            "fid": 2,
            "nid": 701,
            "magpsf": 18.67609977722168,
            "sigmapsf": 0.07837499678134918,
            "magnr": 21.01099967956543,
            "sigmagnr": 0.08299999684095383,
            "magzpsci": 26.254100799560547,
            "isdiffpos": "t",
            "ssdistnr": -999.0,
            "ssnamenr": "null",
            "drb": null
        },
        {
            "candid": 707511334215015021,
            "jd": 2458462.011331,
            "ra": 123.699639,
            "dec": 33.8883877,
            "fid": 2,
            "nid": 707,
            "magpsf": 19.023399353027344,
            "sigmapsf": 0.10700099915266037,
            "magnr": 21.01099967956543,
            "sigmagnr": 0.08299999684095383,
            "magzpsci": 26.06439971923828,
            "isdiffpos": "t",
            "ssdistnr": -999.0,
            "ssnamenr": "null",
            "drb": null
        },
        {
            "candid": 710478684215015018,
            "jd": 2458464.9786806,
            "ra": 123.6995577,
            "dec": 33.8883888,
            "fid": 1,
            "nid": 710,
            "magpsf": 20.191200256347656,
            "sigmapsf": 0.14755399525165558,
            "magnr": 20.535999298095703,
            "sigmagnr": 0.08699999749660492,
            "magzpsci": 26.329200744628906,
            "isdiffpos": "t",
            "ssdistnr": -999.0,
            "ssnamenr": "null",
            "drb": null
        },
        {
            "candid": 710527594215015036,
            "jd": 2458465.0275926,
            "ra": 123.6996518,
            "dec": 33.8883707,
            "fid": 2,
            "nid": 710,
            "magpsf": 19.138200759887695,
            "sigmapsf": 0.08826799690723419,
            "magnr": 21.01099967956543,
            "sigmagnr": 0.08299999684095383,
            "magzpsci": 26.331199645996094,
            "isdiffpos": "t",
            "ssdistnr": -999.0,
            "ssnamenr": "null",
            "drb": null
        },
        {
            "candid": 718402394215015041,
            "jd": 2458472.9023958,
            "ra": 123.6996508,
            "dec": 33.8883637,
            "fid": 2,
            "nid": 718,
            "magpsf": 19.54170036315918,
            "sigmapsf": 0.1427460014820099,
            "magnr": 21.01099967956543,
            "sigmagnr": 0.08299999684095383,
            "magzpsci": 26.349700927734375,
            "isdiffpos": "t",
            "ssdistnr": -999.0,
            "ssnamenr": "null",
            "drb": null
        },
        {
            "candid": 726435134215015018,
            "jd": 2458480.9351389,
            "ra": 123.6997006,
            "dec": 33.8882235,
            "fid": 2,
            "nid": 726,
            "magpsf": 19.888099670410156,
            "sigmapsf": 0.18149100244045258,
            "magnr": 21.01099967956543,
            "sigmagnr": 0.08299999684095383,
            "magzpsci": 26.33009910583496,
            "isdiffpos": "t",
            "ssdistnr": -999.0,
            "ssnamenr": "null",
            "drb": null
        },
        {
            "candid": 727449884215015017,
            "jd": 2458481.9498843,
            "ra": 123.6995396,
            "dec": 33.8883203,
            "fid": 2,
            "nid": 727,
            "magpsf": 20.079599380493164,
            "sigmapsf": 0.20507299900054932,
            "magnr": 21.01099967956543,
            "sigmagnr": 0.08299999684095383,
            "magzpsci": 26.337600708007812,
            "isdiffpos": "t",
            "ssdistnr": -999.0,
            "ssnamenr": "null",
            "drb": null
        },
        {
            "candid": 732471874215015025,
            "jd": 2458486.971875,
            "ra": 123.6996119,
            "dec": 33.8883827,
            "fid": 2,
            "nid": 732,
            "magpsf": 19.881200790405273,
            "sigmapsf": 0.13700200617313385,
            "magnr": 21.01099967956543,
            "sigmagnr": 0.08299999684095383,
            "magzpsci": 26.356199264526367,
            "isdiffpos": "t",
            "ssdistnr": -999.0,
            "ssnamenr": "null",
            "drb": null
        },
        {
            "candid": 739454904215015054,
            "jd": 2458493.9549074,
            "ra": 123.6996345,
            "dec": 33.8883323,
            "fid": 2,
            "nid": 739,
            "magpsf": 20.177499771118164,
            "sigmapsf": 0.1298159956932068,
            "magnr": 21.01099967956543,
            "sigmagnr": 0.08299999684095383,
            "magzpsci": 26.33049964904785,
            "isdiffpos": "t",
            "ssdistnr": -999.0,
            "ssnamenr": "null",
            "drb": null
        },
        {
            "jd": 2458424.01626,
            "fid": 2,
            "diffmaglim": 20.104999542236328
        },
        {
            "jd": 2458426.93034,
            "fid": 2,
            "diffmaglim": 20.42099952697754
        },
        {
            "jd": 2458427.04903,
            "fid": 2,
            "diffmaglim": 20.010000228881836
        },
        {
            "jd": 2458430.01969,
            "fid": 2,
            "diffmaglim": 20.732999801635742
        },
        {
            "jd": 2458432.888,
            "fid": 2,
            "diffmaglim": 20.391000747680664
        },
        {
            "jd": 2458432.94789,
            "fid": 1,
            "diffmaglim": 20.788000106811523
        },
        {
            "jd": 2458436.01557,
            "fid": 2,
            "diffmaglim": 19.347999572753906
        },
        {
            "jd": 2458467.9389,
            "fid": 1,
            "diffmaglim": 19.545000076293945
        },
        {
            "jd": 2458468.01744,
            "fid": 2,
            "diffmaglim": 17.163000106811523
        }
    ],
    "forcedphot": []
}