{
    "objectId": "ZTF21abccaue",
    "candidates": [
        {
            "candid": 1600366301415015004,
            "jd": 2459354.8663079,
            "ra": 214.3455269,
            "dec": 58.7498379,
            "fid": 1,
            "nid": 1600,
            "magpsf": 19.60689926147461,
            "sigmapsf": 0.18767599761486053,
            "magnr": 18.382999420166016,
            "sigmagnr": 0.09200000017881393,
            "magzpsci": 26.123899459838867,
            "isdiffpos": "t",
            "ssdistnr": null,
            "ssnamenr": null,
            "drb": 0.9865480065345764
        },
        {
            "candid": 1604404571415015006,
            "jd": 2459358.9045718,
            "ra": 214.3453424,
            "dec": 58.7497489,
            "fid": 1,
            "nid": 1604,
            "magpsf": 19.22089958190918,
            "sigmapsf": 0.15493200719356537,
            "magnr": 18.382999420166016,
            "sigmagnr": 0.09200000017881393,
            "magzpsci": 26.064899444580078,
            "isdiffpos": "t",
            "ssdistnr": null,
            "ssnamenr": null,
            "drb": null
        },
        {
            "candid": 1607305821415015005,
            "jd": 2459361.8058218,
            "ra": 214.3452347,
            "dec": 58.7497623,
            "fid": 1,
            "nid": 1607,
            "magpsf": 19.124900817871094,
            "sigmapsf": 0.1465039998292923,
            "magnr": 18.382999420166016,
            "sigmagnr": 0.09200000017881393,
            "magzpsci": 26.192899703979492,
            "isdiffpos": "t",
            "ssdistnr": null,
            "ssnamenr": null,
            "drb": null
        },
        {
            "candid": 1609287431415015001,
            "jd": 2459363.7874306,
            "ra": 214.3452677,
            "dec": 58.7497265,
            "fid": 1,
            "nid": 1609,
            "magpsf": 18.984100341796875,
            "sigmapsf": 0.10101599991321564,
            "magnr": 18.382999420166016,
            "sigmagnr": 0.09200000017881393,
            "magzpsci": 26.18709945678711,
            "isdiffpos": "t",
            "ssdistnr": null,
            "ssnamenr": null,
            "drb": null
        },
        {
            "candid": 1611322021415015004,
            "jd": 2459365.8220255,
            "ra": 214.3450955,
            "dec": 58.749763,
            "fid": 1,
            "nid": 1611,
            "magpsf": 18.890300750732422,
            "sigmapsf": 0.1256449967622757,
            "magnr": 18.382999420166016,
            "sigmagnr": 0.09200000017881393,
            "magzpsci": 26.127300262451172,
            "isdiffpos": "t",
            "ssdistnr": null,
            "ssnamenr": null,
            "drb": null
        },
        {
            "candid": 1613304971415015009,
            "jd": 2459367.8049769,
            "ra": 214.3452279,
            "dec": 58.7497275,
            "fid": 1,
            "nid": 1613,
            "magpsf": 18.81839942932129,
            "sigmapsf": 0.09863299876451492,
            "magnr": 18.382999420166016,
            "sigmagnr": 0.09200000017881393,
            "magzpsci": 25.87540054321289,
            "isdiffpos": "t",
            "ssdistnr": null,
            "ssnamenr": null,
            "drb": null
        },
        {
            "candid": 1613382751415015008,
            "jd": 2459367.8827546,
            "ra": 214.3452442,
            "dec": 58.7497166,
            "fid": 2,
            "nid": 1613,
            "magpsf": 18.6825008392334,
            "sigmapsf": 0.08115900307893753,
            "magnr": 16.53499984741211,
            "sigmagnr": 0.09399999678134918,
            "magzpsci": 25.890499114990234,
            "isdiffpos": "t",
            "ssdistnr": null,
            "ssnamenr": null,
            "drb": null
        },
        {
            "candid": 1615325601415015007,
            "jd": 2459369.8256019,
            "ra": 214.3452721,
            "dec": 58.749696,
            "fid": 2,
            "nid": 1615,
            "magpsf": 18.728099822998047,
            "sigmapsf": 0.0972139984369278,
            "magnr": 16.53499984741211,
            "sigmagnr": 0.09399999678134918,
            "magzpsci": 25.99410057067871,
            "isdiffpos": "t",
            "ssdistnr": null,
            "ssnamenr": null,
            "drb": null
        },
        {
            "candid": 1615366661415015003,
            "jd": 2459369.8666667,
            "ra": 214.3452143,
            "dec": 58.7497138,
            "fid": 1,
            "nid": 1615,
            "magpsf": 18.78700065612793,
            "sigmapsf": 0.09699500352144241,
            "magnr": 18.382999420166016,
            "sigmagnr": 0.09200000017881393,
            "magzpsci": 26.09000015258789,
            "isdiffpos": "t",
            "ssdistnr": null,
            "ssnamenr": null,
            "drb": null
        },
        {
            "candid": 1617202141415015009,
            "jd": 2459371.7021412,
            "ra": 214.3452101,
            "dec": 58.7497176,
            "fid": 1,
            "nid": 1617,
            "magpsf": 18.737300872802734,
            "sigmapsf": 0.08725699782371521,
            "magnr": 18.382999420166016,
            "sigmagnr": 0.09200000017881393,
            "magzpsci": 26.20829963684082,
            "isdiffpos": "t",
            "ssdistnr": null,
            "ssnamenr": null,
            "drb": null
        },
        {
            "candid": 1617327511415015007,
            "jd": 2459371.8275116,
            "ra": 214.345218,
            "dec": 58.7496946,
            "fid": 2,
            "nid": 1617,
            "magpsf": 18.770599365234375,
            "sigmapsf": 0.08960799872875214,
            "magnr": 16.53499984741211,
            "sigmagnr": 0.09399999678134918,
            "magzpsci": 26.03260040283203,
            "isdiffpos": "t",
            "ssdistnr": null,
            "ssnamenr": null,
            "drb": null
        },
        {
            "candid": 1619245311415015003,
            "jd": 2459373.7453125,
            "ra": 214.3453658,
            "dec": 58.7497139,
            "fid": 2,
            "nid": 1619,
            "magpsf": 18.735700607299805,
            "sigmapsf": 0.11966100335121155,
            "magnr": 16.53499984741211,
            "sigmagnr": 0.09399999678134918,
            "magzpsci": 26.03569984436035,
            "isdiffpos": "t",
            "ssdistnr": null,
            "ssnamenr": null,
            "drb": null
        },
        {
            "candid": 1621284711415015006,
            "jd": 2459375.7847106,
            "ra": 214.3452503,
            "dec": 58.7497086,
            "fid": 1,
            "nid": 1621,
            "magpsf": 18.70319938659668,
            "sigmapsf": 0.08337599784135818,
            "magnr": 18.382999420166016,
            "sigmagnr": 0.09200000017881393,
            "magzpsci": 26.154199600219727,
            "isdiffpos": "t",
            "ssdistnr": null,
            "ssnamenr": null,
            "drb": null
        },
        {
            "candid": 1621385901415015009,
            "jd": 2459375.8859028,
            "ra": 214.3452201,
            "dec": 58.7496878,
            "fid": 2,
            "nid": 1621,
            "magpsf": 18.62339973449707,
            "sigmapsf": 0.09604299813508987,
            "magnr": 16.53499984741211,
            "sigmagnr": 0.09399999678134918,
            "magzpsci": 26.025400161743164,
            "isdiffpos": "t",
            "ssdistnr": null,
            "ssnamenr": null,
            "drb": null
        },
        {
            "candid": 1623260041415015004,
            "jd": 2459377.7600463,
            "ra": 214.3452356,
            "dec": 58.7497311,
            "fid": 2,
            "nid": 1623,
            "magpsf": 18.750999450683594,
            "sigmapsf": 0.09847600013017654,
            "magnr": 16.53499984741211,
            "sigmagnr": 0.09399999678134918,
            "magzpsci": 26.059999465942383,
            "isdiffpos": "t",
            "ssdistnr": null,
            "ssnamenr": null,
            "drb": null
        },
        {
            "candid": 1623352411415015005,
            "jd": 2459377.852419,
            "ra": 214.3452185,
            "dec": 58.7496911,
            "fid": 1,
            "nid": 1623,
            "magpsf": 18.857500076293945,
            "sigmapsf": 0.10252299904823303,
            "magnr": 18.382999420166016,
            "sigmagnr": 0.09200000017881393,
            "magzpsci": 26.15850067138672,
            "isdiffpos": "t",
            "ssdistnr": null,
            "ssnamenr": null,
            "drb": null
        },
        {
            "candid": 1625307561415015010,
            "jd": 2459379.8075694,
            "ra": 214.3452233,
            "dec": 58.7497032,
            "fid": 1,
            "nid": 1625,
            "magpsf": 18.906600952148438,
            "sigmapsf": 0.1269969940185547,
            "magnr": 18.382999420166016,
            "sigmagnr": 0.09200000017881393,
            "magzpsci": 26.01059913635254,
            "isdiffpos": "t",
            "ssdistnr": null,
            "ssnamenr": null,
            "drb": null
        },
        {
            "candid": 1625344661415015006,
            "jd": 2459379.8446644,
            "ra": 214.345208,
            "dec": 58.7497108,
            "fid": 2,
            "nid": 1625,
            "magpsf": 18.764699935913086,
            "sigmapsf": 0.08541599661111832,
            "magnr": 16.53499984741211,
            "sigmagnr": 0.09399999678134918,
            "magzpsci": 26.029699325561523,
            "isdiffpos": "t",
            "ssdistnr": null,
            "ssnamenr": null,
            "drb": null
        },
        {
            "candid": 1627307611415015004,
            "jd": 2459381.8076157,
            "ra": 214.345191,
            "dec": 58.7496677,
            "fid": 1,
            "nid": 1627,
            "magpsf": 18.8341007232666,
            "sigmapsf": 0.18468700349330902,
            "magnr": 18.382999420166016,
            "sigmagnr": 0.09200000017881393,
            "magzpsci": 25.383100509643555,
            "isdiffpos": "t",
            "ssdistnr": null,
            "ssnamenr": null,
            "drb": null
        },
        {
            "candid": 1627371731415015008,
            "jd": 2459381.8717361,
            "ra": 214.3453982,
            "dec": 58.7498486,
            "fid": 2,
            "nid": 1627,
            "magpsf": 18.252199172973633,
            "sigmapsf": 0.17255400121212006,
            "magnr": 16.53499984741211,
            "sigmagnr": 0.09399999678134918,
            "magzpsci": 25.096200942993164,
            "isdiffpos": "t",
            "ssdistnr": null,
            "ssnamenr": null,
            "drb": null
        },
        {
            "candid": 1629264811415015005,
            "jd": 2459383.7648148,
            "ra": 214.34517,
            "dec": 58.7497226,
            "fid": 1,
            "nid": 1629,
            "magpsf": 18.9330997467041,
            "sigmapsf": 0.14280900359153748,
            "magnr": 18.382999420166016,
            "sigmagnr": 0.09200000017881393,
            "magzpsci": 25.890100479125977,
            "isdiffpos": "t",
            "ssdistnr": null,
            "ssnamenr": null,
            "drb": null
        },
        {
            "candid": 1633322851415015002,
            "jd": 2459387.8228588,
            "ra": 214.3453986,
            "dec": 58.7497405,
            "fid": 1,
            "nid": 1633,
            "magpsf": 19.21190071105957,
            "sigmapsf": 0.17232799530029297,
            "magnr": 18.382999420166016,
            "sigmagnr": 0.09200000017881393,
            "magzpsci": 26.000900268554688,
            "isdiffpos": "t",
            "ssdistnr": null,
            "ssnamenr": null,
            "drb": null
        },
        {
            "candid": 1637224491415015002,
            "jd": 2459391.7244907,
            "ra": 214.34533,
            "dec": 58.7496808,
            "fid": 1,
            "nid": 1637,
            "magpsf": 18.961999893188477,
            "sigmapsf": 0.12094300240278244,
            "magnr": 18.382999420166016,
            "sigmagnr": 0.09200000017881393,
            "magzpsci": 26.176000595092773,
            "isdiffpos": "t",
            "ssdistnr": null,
            "ssnamenr": null,
            "drb": null
        },
        {
            "candid": 1639260341415015002,
            "jd": 2459393.7603472,
            "ra": 214.3452272,
            "dec": 58.749766,
            "fid": 1,
            "nid": 1639,
            "magpsf": 19.180400848388672,
            "sigmapsf": 0.1254979968070984,
            "magnr": 18.382999420166016,
            "sigmagnr": 0.09200000017881393,
            "magzpsci": 26.124399185180664,
            "isdiffpos": "t",
            "ssdistnr": null,
            "ssnamenr": null,
            "drb": null
        },
        {
            "candid": 1643259571415015008,
            "jd": 2459397.7595718,
            "ra": 214.3453822,
            "dec": 58.7497661,
            "fid": 1,
            "nid": 1643,
            "magpsf": 19.26140022277832,
            "sigmapsf": 0.1531360000371933,
            "magnr": 18.382999420166016,
            "sigmagnr": 0.09200000017881393,
            "magzpsci": 26.097400665283203,
            "isdiffpos": "t",
            "ssdistnr": null,
            "ssnamenr": null,
            "drb": null
        },
        {
            "candid": 1646283311415015003,
            "jd": 2459400.7833102,
            "ra": 214.345361,
            "dec": 58.74973,
            "fid": 1,
            "nid": 1646,
            "magpsf": 19.406099319458008,
            "sigmapsf": 0.15166699886322021,
            "magnr": 18.382999420166016,
            "sigmagnr": 0.09200000017881393,
            "magzpsci": 26.050100326538086,
            "isdiffpos": "t",
            "ssdistnr": null,
            "ssnamenr": null,
            "drb": null
        },
        {
            "candid": 1648309051415015006,
            "jd": 2459402.8090509,
            "ra": 214.345406,
            "dec": 58.7498065,
            "fid": 1,
            "nid": 1648,
            "magpsf": 19.336599349975586,
            "sigmapsf": 0.15157799422740936,
            "magnr": 18.382999420166016,
            "sigmagnr": 0.09200000017881393,
            "magzpsci": 26.055599212646484,
            "isdiffpos": "t",
            "ssdistnr": null,
            "ssnamenr": null,
            "drb": null
        },
        {
            "candid": 1652200491415015008,
            "jd": 2459406.7004977,
            "ra": 214.3451894,
            "dec": 58.7496467,
            "fid": 1,
            "nid": 1652,
            "magpsf": 19.643199920654297,
            "sigmapsf": 0.16510599851608276,
            "magnr": 18.382999420166016,
            "sigmagnr": 0.09200000017881393,
            "magzpsci": 26.03420066833496,
            "isdiffpos": "t",
            "ssdistnr": null,
            "ssnamenr": null,
            "drb": null
        },
        {
            "candid": 1656201441415015008,
            "jd": 2459410.7014468,
            "ra": 214.3451517,
            "dec": 58.7496628,
            "fid": 1,
            "nid": 1656,
            "magpsf": 19.726350784301758,
            "sigmapsf": 0.17371299862861633,
            "magnr": 18.382999420166016,
            "sigmagnr": 0.09200000017881393,
            "magzpsci": 25.88735008239746,
            "isdiffpos": "t",
            "ssdistnr": -999.0,
            "ssnamenr": "null",
            "drb": null
        },
        {
            "jd": 2459324.8720718,
            "fid": 1,
            "diffmaglim": 20.373699188232422
        },
        {
            "jd": 2459328.7510764,
            "fid": 2,
            "diffmaglim": 19.769399642944336
        },
        {
            "jd": 2459328.8247569,
            "fid": 1,
            "diffmaglim": 19.452299118041992
        },
        {
            "jd": 2459334.8714815,
            "fid": 2,
            "diffmaglim": 19.937999725341797
        },
        {
            "jd": 2459336.7841898,
            "fid": 1,
            "diffmaglim": 20.510700225830078
        },
        {
            "jd": 2459336.8477662,
            "fid": 2,
            "diffmaglim": 20.372499465942383
        },
        {
            "jd": 2459339.740162,
            "fid": 1,
            "diffmaglim": 20.514699935913086
        },
        {
            "jd": 2459339.8028241,
            "fid": 2,
            "diffmaglim": 20.574399948120117
        },
        {
            "jd": 2459341.8095833,
            "fid": 1,
            "diffmaglim": 20.656700134277344
        },
        {
            "jd": 2459343.7902199,
            "fid": 1,
            "diffmaglim": 20.543500900268555
        },
        {
            "jd": 2459343.8203125,
            "fid": 2,
            "diffmaglim": 20.32539939880371
        },
        {
            "jd": 2459345.8272569,
            "fid": 2,
            "diffmaglim": 20.503799438476562
        },
        {
            "jd": 2459345.8720255,
            "fid": 1,
            "diffmaglim": 20.51799964904785
        },
        {
            "jd": 2459347.7832755,
            "fid": 1,
            "diffmaglim": 20.66200065612793
        },
        {
            "jd": 2459349.7428241,
            "fid": 1,
            "diffmaglim": 20.716999053955078
        },
        {
            "jd": 2459349.805625,
            "fid": 2,
            "diffmaglim": 20.56570053100586
        },
        {
            "jd": 2459352.695625,
            "fid": 1,
            "diffmaglim": 19.77630043029785
        },
        {
            "jd": 2459352.7712037,
            "fid": 2,
            "diffmaglim": 19.94770050048828
        },
        {
            "jd": 2459354.7792593,
            "fid": 2,
            "diffmaglim": 19.803800582885742
        },
        {
            "jd": 2459358.8316088,
            "fid": 2,
            "diffmaglim": 19.62929916381836
        },
        {
            "jd": 2459361.864294,
            "fid": 2,
            "diffmaglim": 19.76129913330078
        },
        {
            "jd": 2459363.84375,
            "fid": 2,
            "diffmaglim": 19.93079948425293
        },
        {
            "jd": 2459365.8460301,
            "fid": 2,
            "diffmaglim": 19.99209976196289
        },
        {
            "jd": 2459383.7225347,
            "fid": 2,
            "diffmaglim": 19.318199157714844
        },
        {
            "jd": 2459385.7662269,
            "fid": 2,
            "diffmaglim": 19.777999877929688
        },
        {
            "jd": 2459385.7919907,
            "fid": 1,
            "diffmaglim": 19.301300048828125
        },
        {
            "jd": 2459391.7915856,
            "fid": 2,
            "diffmaglim": 19.7189998626709
        },
        {
            "jd": 2459393.7417361,
            "fid": 2,
            "diffmaglim": 20.361000061035156
        },
        {
            "jd": 2459395.7626505,
            "fid": 1,
            "diffmaglim": 19.65730094909668
        },
        {
            "jd": 2459397.8485532,
            "fid": 2,
            "diffmaglim": 19.88949966430664
        },
        {
            "jd": 2459400.7070255,
            "fid": 2,
            "diffmaglim": 20.17099952697754
        },
        {
            "jd": 2459402.7359491,
            "fid": 2,
            "diffmaglim": 20.38279914855957
        },
        {
            "jd": 2459404.7184028,
            "fid": 2,
            "diffmaglim": 20.31800079345703
        },
        {
            "jd": 2459404.8501157,
            "fid": 1,
            "diffmaglim": 19.793800354003906
        },
        {
            "jd": 2459406.7482407,
            "fid": 2,
            "diffmaglim": 20.08679962158203
        },
        {
            "jd": 2459408.698669,
            "fid": 1,
            "diffmaglim": 20.190000534057617
        },
        {
            "jd": 2459408.7205093,
            "fid": 2,
            "diffmaglim": 20.00790023803711
        }
    ],
    "forcedphot": []
}