{
    "objectId": "ZTF22aaolhhl",
    "candidates": [
        {
            "candid": 1994314860615015000,
            "jd": 2459748.8148611,
            "ra": 260.2835591,
            "dec": 16.0590533,
            "fid": 2,
            "nid": 1994,
            "magpsf": 18.867399215698242,
            "sigmapsf": 0.0894870012998581,
            "magnr": 18.29599952697754,
            "sigmagnr": 0.11299999803304672,
            "magzpsci": 26.297399520874023,
            "isdiffpos": "t",
            "ssdistnr": null,
            "ssnamenr": null,
            "drb": 0.9999939799308777
        },
        {
            "candid": 1996274710615015001,
            "jd": 2459750.7747106,
            "ra": 260.2835776,
            "dec": 16.05902,
            "fid": 1,
            "nid": 1996,
            "magpsf": 18.88800048828125,
            "sigmapsf": 0.07856900244951248,
            "magnr": 18.950000762939453,
            "sigmagnr": 0.12999999523162842,
            "magzpsci": 26.381000518798828,
            "isdiffpos": "t",
            "ssdistnr": null,
            "ssnamenr": null,
            "drb": null
        },
        {
            "candid": 1998295260615015000,
            "jd": 2459752.7952662,
            "ra": 260.2835468,
            "dec": 16.0590171,
            "fid": 1,
            "nid": 1998,
            "magpsf": 18.604700088500977,
            "sigmapsf": 0.08017899841070175,
            "magnr": 18.950000762939453,
            "sigmagnr": 0.12999999523162842,
            "magzpsci": 26.30769920349121,
            "isdiffpos": "t",
            "ssdistnr": null,
            "ssnamenr": null,
            "drb": null
        },
        {
            "candid": 2001295750615015000,
            "jd": 2459755.7957523,
            "ra": 260.2835664,
            "dec": 16.0590136,
            "fid": 2,
            "nid": 2001,
            "magpsf": 18.258699417114258,
            "sigmapsf": 0.06851200014352798,
            "magnr": 18.29599952697754,
            "sigmagnr": 0.11299999803304672,
            "magzpsci": 26.293699264526367,
            "isdiffpos": "t",
            "ssdistnr": null,
            "ssnamenr": null,
            "drb": null
        },
        {
            "candid": 2003255280615015000,
            "jd": 2459757.7552894,
            "ra": 260.2835473,
            "dec": 16.0590268,
            "fid": 1,
            "nid": 2003,
            "magpsf": 18.493000030517578,
            "sigmapsf": 0.08901499956846237,
            "magnr": 18.950000762939453,
            "sigmagnr": 0.12999999523162842,
            "magzpsci": 26.358999252319336,
            "isdiffpos": "t",
            "ssdistnr": null,
            "ssnamenr": null,
            "drb": null
        },
        {
            "candid": 2003295250615015000,
            "jd": 2459757.7952546,
            "ra": 260.2835748,
            "dec": 16.0590099,
            "fid": 1,
            "nid": 2003,
            "magpsf": 18.49340057373047,
            "sigmapsf": 0.07677599787712097,
            "magnr": 18.950000762939453,
            "sigmagnr": 0.12999999523162842,
            "magzpsci": 26.378400802612305,
            "isdiffpos": "t",
            "ssdistnr": null,
            "ssnamenr": null,
            "drb": null
        },
        {
            "candid": 2005275030615015000,
            "jd": 2459759.7750347,
            "ra": 260.2835588,
            "dec": 16.0590185,
            "fid": 1,
            "nid": 2005,
            "magpsf": 18.593799591064453,
            "sigmapsf": 0.09199299663305283,
            "magnr": 18.950000762939453,
            "sigmagnr": 0.12999999523162842,
            "magzpsci": 26.358800888061523,
            "isdiffpos": "t",
            "ssdistnr": null,
            "ssnamenr": null,
            "drb": null
        },
        {
            "candid": 2005297280615015000,
            "jd": 2459759.7972801,
            "ra": 260.2835681,
            "dec": 16.05902,
            "fid": 2,
            "nid": 2005,
            "magpsf": 18.170000076293945,
            "sigmapsf": 0.07143499702215195,
            "magnr": 18.29599952697754,
            "sigmagnr": 0.11299999803304672,
            "magzpsci": 26.270000457763672,
            "isdiffpos": "t",
            "ssdistnr": null,
            "ssnamenr": null,
            "drb": null
        },
        {
            "candid": 2007295320615015000,
            "jd": 2459761.7953241,
            "ra": 260.2835598,
            "dec": 16.0590256,
            "fid": 1,
            "nid": 2007,
            "magpsf": 18.71179962158203,
            "sigmapsf": 0.07889600098133087,
            "magnr": 18.950000762939453,
            "sigmagnr": 0.12999999523162842,
            "magzpsci": 26.378799438476562,
            "isdiffpos": "t",
            "ssdistnr": null,
            "ssnamenr": null,
            "drb": null
        },
        {
            "candid": 2007340740615015000,
            "jd": 2459761.8407407,
            "ra": 260.2835699,
            "dec": 16.0590134,
            "fid": 2,
            "nid": 2007,
            "magpsf": 18.186899185180664,
            "sigmapsf": 0.07579699903726578,
            "magnr": 18.29599952697754,
            "sigmagnr": 0.11299999803304672,
            "magzpsci": 26.27389907836914,
            "isdiffpos": "t",
            "ssdistnr": null,
            "ssnamenr": null,
            "drb": null
        },
        {
            "candid": 2009297550615015000,
            "jd": 2459763.7975579,
            "ra": 260.2835739,
            "dec": 16.0590088,
            "fid": 2,
            "nid": 2009,
            "magpsf": 18.275100708007812,
            "sigmapsf": 0.06579499691724777,
            "magnr": 18.29599952697754,
            "sigmagnr": 0.11299999803304672,
            "magzpsci": 26.300100326538086,
            "isdiffpos": "t",
            "ssdistnr": null,
            "ssnamenr": null,
            "drb": null
        },
        {
            "candid": 2009359340615015000,
            "jd": 2459763.8593403,
            "ra": 260.2835661,
            "dec": 16.0589923,
            "fid": 1,
            "nid": 2009,
            "magpsf": 18.906999588012695,
            "sigmapsf": 0.07991600036621094,
            "magnr": 18.950000762939453,
            "sigmagnr": 0.12999999523162842,
            "magzpsci": 26.361000061035156,
            "isdiffpos": "t",
            "ssdistnr": null,
            "ssnamenr": null,
            "drb": null
        },
        {
            "candid": 2011291200615015000,
            "jd": 2459765.7912037,
            "ra": 260.2835829,
            "dec": 16.0589961,
            "fid": 1,
            "nid": 2011,
            "magpsf": 19.190900802612305,
            "sigmapsf": 0.09289199858903885,
            "magnr": 18.950000762939453,
            "sigmagnr": 0.12999999523162842,
            "magzpsci": 26.41990089416504,
            "isdiffpos": "t",
            "ssdistnr": null,
            "ssnamenr": null,
            "drb": null
        },
        {
            "candid": 2011320480615015000,
            "jd": 2459765.8204861,
            "ra": 260.2835549,
            "dec": 16.0589986,
            "fid": 2,
            "nid": 2011,
            "magpsf": 18.347000122070312,
            "sigmapsf": 0.07097399979829788,
            "magnr": 18.29599952697754,
            "sigmagnr": 0.11299999803304672,
            "magzpsci": 26.297000885009766,
            "isdiffpos": "t",
            "ssdistnr": null,
            "ssnamenr": null,
            "drb": null
        },
        {
            "candid": 2014296800615015000,
            "jd": 2459768.7968056,
            "ra": 260.2835453,
            "dec": 16.058997,
            "fid": 1,
            "nid": 2014,
            "magpsf": 19.392099380493164,
            "sigmapsf": 0.11614499986171722,
            "magnr": 18.950000762939453,
            "sigmagnr": 0.12999999523162842,
            "magzpsci": 26.368099212646484,
            "isdiffpos": "t",
            "ssdistnr": null,
            "ssnamenr": null,
            "drb": null
        },
        {
            "candid": 2014333320615015000,
            "jd": 2459768.8333218,
            "ra": 260.2835903,
            "dec": 16.0589991,
            "fid": 1,
            "nid": 2014,
            "magpsf": 19.50480079650879,
            "sigmapsf": 0.11567900329828262,
            "magnr": 18.950000762939453,
            "sigmagnr": 0.12999999523162842,
            "magzpsci": 26.33180046081543,
            "isdiffpos": "t",
            "ssdistnr": null,
            "ssnamenr": null,
            "drb": null
        },
        {
            "candid": 2016211190615015000,
            "jd": 2459770.7111921,
            "ra": 260.2835856,
            "dec": 16.0589535,
            "fid": 1,
            "nid": 2016,
            "magpsf": 19.486000061035156,
            "sigmapsf": 0.13315199315547943,
            "magnr": 18.950000762939453,
            "sigmagnr": 0.12999999523162842,
            "magzpsci": 26.349000930786133,
            "isdiffpos": "t",
            "ssdistnr": null,
            "ssnamenr": null,
            "drb": null
        },
        {
            "candid": 2016297830615015000,
            "jd": 2459770.7978356,
            "ra": 260.2835348,
            "dec": 16.059054,
            "fid": 1,
            "nid": 2016,
            "magpsf": 19.787500381469727,
            "sigmapsf": 0.20335400104522705,
            "magnr": 18.950000762939453,
            "sigmagnr": 0.12999999523162842,
            "magzpsci": 26.370500564575195,
            "isdiffpos": "t",
            "ssdistnr": null,
            "ssnamenr": null,
            "drb": null
        },
        {
            "candid": 2018248620615015001,
            "jd": 2459772.7486227,
            "ra": 260.2835421,
            "dec": 16.0590317,
            "fid": 2,
            "nid": 2018,
            "magpsf": 18.717100143432617,
            "sigmapsf": 0.10593900084495544,
            "magnr": 18.29599952697754,
            "sigmagnr": 0.11299999803304672,
            "magzpsci": 26.280099868774414,
            "isdiffpos": "t",
            "ssdistnr": null,
            "ssnamenr": null,
            "drb": null
        },
        {
            "candid": 2018299250615015000,
            "jd": 2459772.7992593,
            "ra": 260.2835869,
            "dec": 16.0590112,
            "fid": 2,
            "nid": 2018,
            "magpsf": 18.69499969482422,
            "sigmapsf": 0.09376399964094162,
            "magnr": 18.29599952697754,
            "sigmagnr": 0.11299999803304672,
            "magzpsci": 26.2810001373291,
            "isdiffpos": "t",
            "ssdistnr": null,
            "ssnamenr": null,
            "drb": null
        },
        {
            "candid": 2020227980615015000,
            "jd": 2459774.7279861,
            "ra": 260.2835601,
            "dec": 16.0590292,
            "fid": 2,
            "nid": 2020,
            "magpsf": 18.912599563598633,
            "sigmapsf": 0.12133800238370895,
            "magnr": 18.29599952697754,
            "sigmagnr": 0.11299999803304672,
            "magzpsci": 26.25160026550293,
            "isdiffpos": "t",
            "ssdistnr": null,
            "ssnamenr": null,
            "drb": null
        },
        {
            "candid": 2020269720615015000,
            "jd": 2459774.7697222,
            "ra": 260.2835837,
            "dec": 16.0589934,
            "fid": 2,
            "nid": 2020,
            "magpsf": 18.943199157714844,
            "sigmapsf": 0.12099800258874893,
            "magnr": 18.29599952697754,
            "sigmagnr": 0.11299999803304672,
            "magzpsci": 26.25320053100586,
            "isdiffpos": "t",
            "ssdistnr": null,
            "ssnamenr": null,
            "drb": null
        },
        {
            "candid": 2022212160615015000,
            "jd": 2459776.7121644,
            "ra": 260.283549,
            "dec": 16.0590444,
            "fid": 2,
            "nid": 2022,
            "magpsf": 19.042699813842773,
            "sigmapsf": 0.09010100364685059,
            "magnr": 18.29599952697754,
            "sigmagnr": 0.11299999803304672,
            "magzpsci": 26.28070068359375,
            "isdiffpos": "t",
            "ssdistnr": null,
            "ssnamenr": null,
            "drb": null
        },
        {
            "candid": 2022330590615015001,
            "jd": 2459776.8305903,
            "ra": 260.283573,
            "dec": 16.0590247,
            "fid": 2,
            "nid": 2022,
            "magpsf": 19.01919937133789,
            "sigmapsf": 0.10732000321149826,
            "magnr": 18.29599952697754,
            "sigmagnr": 0.11299999803304672,
            "magzpsci": 26.244199752807617,
            "isdiffpos": "t",
            "ssdistnr": null,
            "ssnamenr": null,
            "drb": null
        },
        {
            "candid": 2025255830615015000,
            "jd": 2459779.7558333,
            "ra": 260.283556,
            "dec": 16.0590239,
            "fid": 2,
            "nid": 2025,
            "magpsf": 19.156600952148438,
            "sigmapsf": 0.0909620001912117,
            "magnr": 18.29599952697754,
            "sigmagnr": 0.11299999803304672,
            "magzpsci": 26.250600814819336,
            "isdiffpos": "t",
            "ssdistnr": null,
            "ssnamenr": null,
            "drb": null
        },
        {
            "candid": 2025298580615015001,
            "jd": 2459779.798588,
            "ra": 260.2835791,
            "dec": 16.0590338,
            "fid": 2,
            "nid": 2025,
            "magpsf": 19.23539924621582,
            "sigmapsf": 0.13659100234508514,
            "magnr": 18.29599952697754,
            "sigmagnr": 0.11299999803304672,
            "magzpsci": 26.240400314331055,
            "isdiffpos": "t",
            "ssdistnr": null,
            "ssnamenr": null,
            "drb": null
        },
        {
            "candid": 2027255960615015000,
            "jd": 2459781.7559606,
            "ra": 260.2835912,
            "dec": 16.0590356,
            "fid": 1,
            "nid": 2027,
            "magpsf": 20.31439971923828,
            "sigmapsf": 0.24843600392341614,
            "magnr": 18.950000762939453,
            "sigmagnr": 0.12999999523162842,
            "magzpsci": 26.315399169921875,
            "isdiffpos": "t",
            "ssdistnr": null,
            "ssnamenr": null,
            "drb": null
        },
        {
            "candid": 2027337380615015000,
            "jd": 2459781.8373843,
            "ra": 260.283491,
            "dec": 16.0589851,
            "fid": 1,
            "nid": 2027,
            "magpsf": 20.188800811767578,
            "sigmapsf": 0.28197601437568665,
            "magnr": 18.950000762939453,
            "sigmagnr": 0.12999999523162842,
            "magzpsci": 26.050800323486328,
            "isdiffpos": "t",
            "ssdistnr": null,
            "ssnamenr": null,
            "drb": null
        },
        {
            "candid": 2029254730615015002,
            "jd": 2459783.7547338,
            "ra": 260.283541,
            "dec": 16.0590469,
            "fid": 2,
            "nid": 2029,
            "magpsf": 19.26689910888672,
            "sigmapsf": 0.09280800074338913,
            "magnr": 18.29599952697754,
            "sigmagnr": 0.11299999803304672,
            "magzpsci": 26.27090072631836,
            "isdiffpos": "t",
            "ssdistnr": null,
            "ssnamenr": null,
            "drb": null
        },
        {
            "candid": 2029290970615015000,
            "jd": 2459783.7909722,
            "ra": 260.2835921,
            "dec": 16.0589417,
            "fid": 1,
            "nid": 2029,
            "magpsf": 20.71150016784668,
            "sigmapsf": 0.28914201259613037,
            "magnr": 18.950000762939453,
            "sigmagnr": 0.12999999523162842,
            "magzpsci": 26.327499389648438,
            "isdiffpos": "t",
            "ssdistnr": null,
            "ssnamenr": null,
            "drb": null
        },
        {
            "candid": 2031232390615015000,
            "jd": 2459785.7323958,
            "ra": 260.283599,
            "dec": 16.0590215,
            "fid": 1,
            "nid": 2031,
            "magpsf": 20.757600784301758,
            "sigmapsf": 0.22543899714946747,
            "magnr": 18.950000762939453,
            "sigmagnr": 0.12999999523162842,
            "magzpsci": 26.277599334716797,
            "isdiffpos": "t",
            "ssdistnr": null,
            "ssnamenr": null,
            "drb": null
        },
        {
            "candid": 2033302230615015000,
            "jd": 2459787.8022338,
            "ra": 260.2835865,
            "dec": 16.059008,
            "fid": 2,
            "nid": 2033,
            "magpsf": 19.47260093688965,
            "sigmapsf": 0.14279000461101532,
            "magnr": 18.29599952697754,
            "sigmagnr": 0.11299999803304672,
            "magzpsci": 26.18160057067871,
            "isdiffpos": "t",
            "ssdistnr": null,
            "ssnamenr": null,
            "drb": null
        },
        {
            "candid": 2035191060615015001,
            "jd": 2459789.6910648,
            "ra": 260.2836083,
            "dec": 16.0589435,
            "fid": 1,
            "nid": 2035,
            "magpsf": 20.694799423217773,
            "sigmapsf": 0.25745099782943726,
            "magnr": 18.950000762939453,
            "sigmagnr": 0.12999999523162842,
            "magzpsci": 26.282800674438477,
            "isdiffpos": "t",
            "ssdistnr": null,
            "ssnamenr": null,
            "drb": null
        },
        {
            "candid": 2035250330615015000,
            "jd": 2459789.7503356,
            "ra": 260.2835552,
            "dec": 16.0590402,
            "fid": 2,
            "nid": 2035,
            "magpsf": 19.583099365234375,
            "sigmapsf": 0.14681600034236908,
            "magnr": 18.29599952697754,
            "sigmagnr": 0.11299999803304672,
            "magzpsci": 26.201099395751953,
            "isdiffpos": "t",
            "ssdistnr": null,
            "ssnamenr": null,
            "drb": null
        },
        {
            "candid": 2040233480615015000,
            "jd": 2459794.7334838,
            "ra": 260.2835569,
            "dec": 16.0590213,
            "fid": 2,
            "nid": 2040,
            "magpsf": 19.71820068359375,
            "sigmapsf": 0.18616899847984314,
            "magnr": 18.29599952697754,
            "sigmagnr": 0.11299999803304672,
            "magzpsci": 26.208200454711914,
            "isdiffpos": "t",
            "ssdistnr": null,
            "ssnamenr": null,
            "drb": null
        },
        {
            "candid": 2040299220615015001,
            "jd": 2459794.7992245,
            "ra": 260.2836012,
            "dec": 16.0589697,
            "fid": 1,
            "nid": 2040,
            "magpsf": 20.338899612426758,
            "sigmapsf": 0.27501600980758667,
            "magnr": 18.950000762939453,
            "sigmagnr": 0.12999999523162842,
            "magzpsci": 26.034900665283203,
            "isdiffpos": "t",
            "ssdistnr": null,
            "ssnamenr": null,
            "drb": null
        },
        {
            "candid": 2043338660615015000,
            "jd": 2459797.838669,
            "ra": 260.2835926,
            "dec": 16.0589963,
            "fid": 2,
            "nid": 2043,
            "magpsf": 19.757400512695312,
            "sigmapsf": 0.16072000563144684,
            "magnr": 18.29599952697754,
            "sigmagnr": 0.11299999803304672,
            "magzpsci": 26.21739959716797,
            "isdiffpos": "t",
            "ssdistnr": null,
            "ssnamenr": null,
            "drb": null
        },
        {
            "candid": 2045218320615015000,
            "jd": 2459799.7183218,
            "ra": 260.2836149,
            "dec": 16.059022,
            "fid": 2,
            "nid": 2045,
            "magpsf": 19.949800491333008,
            "sigmapsf": 0.272350013256073,
            "magnr": 18.29599952697754,
            "sigmagnr": 0.11299999803304672,
            "magzpsci": 26.21980094909668,
            "isdiffpos": "t",
            "ssdistnr": null,
            "ssnamenr": null,
            "drb": null
        },
        {
            "candid": 2048221450615015000,
            "jd": 2459802.7214583,
            "ra": 260.2835208,
            "dec": 16.0590177,
            "fid": 2,
            "nid": 2048,
            "magpsf": 19.724700927734375,
            "sigmapsf": 0.2438800036907196,
            "magnr": 18.29599952697754,
            "sigmagnr": 0.11299999803304672,
            "magzpsci": 26.134700775146484,
            "isdiffpos": "t",
            "ssdistnr": null,
            "ssnamenr": null,
            "drb": null
        },
        {
            "candid": 2053169740615015001,
            "jd": 2459807.6697454,
            "ra": 260.2835712,
            "dec": 16.0590177,
            "fid": 2,
            "nid": 2053,
            "magpsf": 20.00349998474121,
            "sigmapsf": 0.1967719942331314,
            "magnr": 18.29599952697754,
            "sigmagnr": 0.11299999803304672,
            "magzpsci": 26.24650001525879,
            "isdiffpos": "t",
            "ssdistnr": null,
            "ssnamenr": null,
            "drb": null
        },
        {
            "candid": 2055177750615015000,
            "jd": 2459809.6777546,
            "ra": 260.2835714,
            "dec": 16.0590396,
            "fid": 2,
            "nid": 2055,
            "magpsf": 19.939300537109375,
            "sigmapsf": 0.20712800323963165,
            "magnr": 18.29599952697754,
            "sigmagnr": 0.11299999803304672,
            "magzpsci": 26.2322998046875,
            "isdiffpos": "t",
            "ssdistnr": null,
            "ssnamenr": null,
            "drb": null
        },
        {
            "candid": 2058197830615015000,
            "jd": 2459812.6978356,
            "ra": 260.2835871,
            "dec": 16.059011,
            "fid": 2,
            "nid": 2058,
            "magpsf": 19.993999481201172,
            "sigmapsf": 0.18498200178146362,
            "magnr": 18.29599952697754,
            "sigmagnr": 0.11299999803304672,
            "magzpsci": 26.18199920654297,
            "isdiffpos": "t",
            "ssdistnr": null,
            "ssnamenr": null,
            "drb": null
        },
        {
            "candid": 2058236900615015000,
            "jd": 2459812.7369097,
            "ra": 260.2835413,
            "dec": 16.059014,
            "fid": 1,
            "nid": 2058,
            "magpsf": 20.704099655151367,
            "sigmapsf": 0.27829501032829285,
            "magnr": 18.950000762939453,
            "sigmagnr": 0.12999999523162842,
            "magzpsci": 26.219100952148438,
            "isdiffpos": "t",
            "ssdistnr": null,
            "ssnamenr": null,
            "drb": null
        },
        {
            "candid": 2062177140615015000,
            "jd": 2459816.6771412,
            "ra": 260.2835089,
            "dec": 16.0590329,
            "fid": 2,
            "nid": 2062,
            "magpsf": 20.11039924621582,
            "sigmapsf": 0.21079400181770325,
            "magnr": 18.29599952697754,
            "sigmagnr": 0.11299999803304672,
            "magzpsci": 26.227399826049805,
            "isdiffpos": "t",
            "ssdistnr": null,
            "ssnamenr": null,
            "drb": null
        },
        {
            "candid": 2064216400615015001,
            "jd": 2459818.7164005,
            "ra": 260.2836148,
            "dec": 16.0589914,
            "fid": 2,
            "nid": 2064,
            "magpsf": 20.01917839050293,
            "sigmapsf": 0.1571565568447113,
            "magnr": 18.29599952697754,
            "sigmagnr": 0.11299999803304672,
            "magzpsci": 26.240177154541016,
            "isdiffpos": "t",
            "ssdistnr": -999.0,
            "ssnamenr": "null",
            "drb": null
        },
        {
            "jd": 2459718.8276852,
            "fid": 2,
            "diffmaglim": 20.014400482177734
        },
        {
            "jd": 2459718.878206,
            "fid": 2,
            "diffmaglim": 20.077600479125977
        },
        {
            "jd": 2459721.8530556,
            "fid": 2,
            "diffmaglim": 20.684099197387695
        },
        {
            "jd": 2459721.8779861,
            "fid": 2,
            "diffmaglim": 20.59910011291504
        },
        {
            "jd": 2459723.8160185,
            "fid": 2,
            "diffmaglim": 20.34589958190918
        },
        {
            "jd": 2459723.8946065,
            "fid": 1,
            "diffmaglim": 20.404399871826172
        },
        {
            "jd": 2459725.8950694,
            "fid": 2,
            "diffmaglim": 20.675199508666992
        },
        {
            "jd": 2459727.8307639,
            "fid": 2,
            "diffmaglim": 18.808799743652344
        },
        {
            "jd": 2459727.8587269,
            "fid": 1,
            "diffmaglim": 20.030099868774414
        },
        {
            "jd": 2459730.8581019,
            "fid": 1,
            "diffmaglim": 20.610599517822266
        },
        {
            "jd": 2459730.9004861,
            "fid": 2,
            "diffmaglim": 20.65089988708496
        },
        {
            "jd": 2459732.8835532,
            "fid": 2,
            "diffmaglim": 20.5851993560791
        },
        {
            "jd": 2459732.9032292,
            "fid": 1,
            "diffmaglim": 20.51849937438965
        },
        {
            "jd": 2459734.7547454,
            "fid": 2,
            "diffmaglim": 20.01420021057129
        },
        {
            "jd": 2459734.817662,
            "fid": 1,
            "diffmaglim": 20.662399291992188
        },
        {
            "jd": 2459736.7976852,
            "fid": 1,
            "diffmaglim": 20.39430046081543
        },
        {
            "jd": 2459738.8006944,
            "fid": 2,
            "diffmaglim": 20.395599365234375
        },
        {
            "jd": 2459738.8979282,
            "fid": 1,
            "diffmaglim": 20.51289939880371
        },
        {
            "jd": 2459740.8372338,
            "fid": 2,
            "diffmaglim": 20.2539005279541
        },
        {
            "jd": 2459742.8625231,
            "fid": 2,
            "diffmaglim": 19.679000854492188
        },
        {
            "jd": 2459742.9225231,
            "fid": 1,
            "diffmaglim": 19.55900001525879
        },
        {
            "jd": 2459744.9229861,
            "fid": 1,
            "diffmaglim": 18.98040008544922
        },
        {
            "jd": 2459785.7916898,
            "fid": 2,
            "diffmaglim": 18.407499313354492
        },
        {
            "jd": 2459787.7556829,
            "fid": 1,
            "diffmaglim": 20.529600143432617
        },
        {
            "jd": 2459791.7265856,
            "fid": 2,
            "diffmaglim": 20.384599685668945
        },
        {
            "jd": 2459791.7520602,
            "fid": 1,
            "diffmaglim": 20.51569938659668
        },
        {
            "jd": 2459797.7861458,
            "fid": 1,
            "diffmaglim": 20.11720085144043
        },
        {
            "jd": 2459802.7761921,
            "fid": 1,
            "diffmaglim": 17.60420036315918
        },
        {
            "jd": 2459805.6725463,
            "fid": 2,
            "diffmaglim": 19.858299255371094
        },
        {
            "jd": 2459805.71375,
            "fid": 1,
            "diffmaglim": 18.894800186157227
        },
        {
            "jd": 2459807.6930324,
            "fid": 1,
            "diffmaglim": 20.498600006103516
        },
        {
            "jd": 2459809.7348148,
            "fid": 1,
            "diffmaglim": 20.474300384521484
        },
        {
            "jd": 2459816.7074074,
            "fid": 1,
            "diffmaglim": 20.390300750732422
        }
    ],
    "forcedphot": []
}