{
    "objectId": "ZTF22aaasqwx",
    "candidates": [
        {
            "candid": 1870397480715015014,
            "jd": 2459624.8974884,
            "ra": 201.1461568,
            "dec": -20.1854041,
            "fid": 2,
            "nid": 1870,
            "magpsf": 17.459299087524414,
            "sigmapsf": 0.04737100005149841,
            "magnr": 20.402999877929688,
            "sigmagnr": 0.10700000077486038,
            "magzpsci": 26.18829917907715,
            "isdiffpos": "t",
            "ssdistnr": null,
            "ssnamenr": null,
            "drb": 1.0
        },
        {
            "candid": 1870503900715015004,
            "jd": 2459625.0039005,
            "ra": 201.1461714,
            "dec": -20.1853712,
            "fid": 1,
            "nid": 1870,
            "magpsf": 17.88520050048828,
            "sigmapsf": 0.07243099808692932,
            "magnr": 21.46299934387207,
            "sigmagnr": 0.10000000149011612,
            "magzpsci": 26.2362003326416,
            "isdiffpos": "t",
            "ssdistnr": null,
            "ssnamenr": null,
            "drb": null
        },
        {
            "candid": 1873502630715015002,
            "jd": 2459628.0026389,
            "ra": 201.1461773,
            "dec": -20.1854234,
            "fid": 2,
            "nid": 1873,
            "magpsf": 17.40559959411621,
            "sigmapsf": 0.08638499677181244,
            "magnr": 20.402999877929688,
            "sigmagnr": 0.10700000077486038,
            "magzpsci": 26.217599868774414,
            "isdiffpos": "t",
            "ssdistnr": null,
            "ssnamenr": null,
            "drb": null
        },
        {
            "candid": 1875418140715015000,
            "jd": 2459629.9181481,
            "ra": 201.1462008,
            "dec": -20.1852503,
            "fid": 1,
            "nid": 1875,
            "magpsf": 18.176000595092773,
            "sigmapsf": 0.1390790045261383,
            "magnr": 20.784000396728516,
            "sigmagnr": 0.1379999965429306,
            "magzpsci": 26.229999542236328,
            "isdiffpos": "t",
            "ssdistnr": null,
            "ssnamenr": null,
            "drb": null
        },
        {
            "candid": 1875460990715015002,
            "jd": 2459629.9609954,
            "ra": 201.1461536,
            "dec": -20.1853986,
            "fid": 2,
            "nid": 1875,
            "magpsf": 17.482799530029297,
            "sigmapsf": 0.06665000319480896,
            "magnr": 20.402999877929688,
            "sigmagnr": 0.10700000077486038,
            "magzpsci": 26.205799102783203,
            "isdiffpos": "t",
            "ssdistnr": null,
            "ssnamenr": null,
            "drb": null
        },
        {
            "candid": 1882460670715015018,
            "jd": 2459636.9606713,
            "ra": 201.1461465,
            "dec": -20.1853984,
            "fid": 2,
            "nid": 1882,
            "magpsf": 17.646799087524414,
            "sigmapsf": 0.06252200156450272,
            "magnr": 20.402999877929688,
            "sigmagnr": 0.10700000077486038,
            "magzpsci": 26.190799713134766,
            "isdiffpos": "t",
            "ssdistnr": null,
            "ssnamenr": null,
            "drb": null
        },
        {
            "candid": 1882481520715015006,
            "jd": 2459636.9815278,
            "ra": 201.1461653,
            "dec": -20.1854172,
            "fid": 1,
            "nid": 1882,
            "magpsf": 18.674400329589844,
            "sigmapsf": 0.09244299679994583,
            "magnr": 21.46299934387207,
            "sigmagnr": 0.10000000149011612,
            "magzpsci": 26.203399658203125,
            "isdiffpos": "t",
            "ssdistnr": null,
            "ssnamenr": null,
            "drb": null
        },
        {
            "candid": 1886455080715015003,
            "jd": 2459640.955081,
            "ra": 201.1461008,
            "dec": -20.1854434,
            "fid": 1,
            "nid": 1886,
            "magpsf": 19.00971031188965,
            "sigmapsf": 0.10589899867773056,
            "magnr": 21.46299934387207,
            "sigmagnr": 0.10000000149011612,
            "magzpsci": 26.230709075927734,
            "isdiffpos": "t",
            "ssdistnr": -999.0,
            "ssnamenr": "null",
            "drb": null
        },
        {
            "candid": 1917354750715025062,
            "jd": 2459671.8547569,
            "ra": 201.1461615,
            "dec": -20.1853607,
            "fid": 2,
            "nid": 1917,
            "magpsf": 18.8843994140625,
            "sigmapsf": 0.08602400124073029,
            "magnr": 20.402999877929688,
            "sigmagnr": 0.10700000077486038,
            "magzpsci": 26.198400497436523,
            "isdiffpos": "t",
            "ssdistnr": null,
            "ssnamenr": null,
            "drb": null
        },
        {
            "candid": 1917417560715015009,
            "jd": 2459671.9175694,
            "ra": 201.1461514,
            "dec": -20.185377,
            "fid": 1,
            "nid": 1917,
            "magpsf": 19.855199813842773,
            "sigmapsf": 0.1557150036096573,
            "magnr": 21.46299934387207,
            "sigmagnr": 0.10000000149011612,
            "magzpsci": 26.2052001953125,
            "isdiffpos": "t",
            "ssdistnr": null,
            "ssnamenr": null,
            "drb": 0.9995319843292236
        },
        {
            "candid": 1917417560715025005,
            "jd": 2459671.9175694,
            "ra": 201.146152,
            "dec": -20.1853721,
            "fid": 1,
            "nid": 1917,
            "magpsf": 19.849899291992188,
            "sigmapsf": 0.16641299426555634,
            "magnr": 21.46299934387207,
            "sigmagnr": 0.10000000149011612,
            "magzpsci": 26.206899642944336,
            "isdiffpos": "t",
            "ssdistnr": null,
            "ssnamenr": null,
            "drb": null
        },
        {
            "candid": 1920375930715015003,
            "jd": 2459674.8759375,
            "ra": 201.1461323,
            "dec": -20.1854308,
            "fid": 1,
            "nid": 1920,
            "magpsf": 20.013599395751953,
            "sigmapsf": 0.16313299536705017,
            "magnr": 21.46299934387207,
            "sigmagnr": 0.10000000149011612,
            "magzpsci": 26.2096004486084,
            "isdiffpos": "t",
            "ssdistnr": null,
            "ssnamenr": null,
            "drb": null
        },
        {
            "candid": 1924314230715015006,
            "jd": 2459678.8142361,
            "ra": 201.1461288,
            "dec": -20.1853689,
            "fid": 1,
            "nid": 1924,
            "magpsf": 20.020099639892578,
            "sigmapsf": 0.21915599703788757,
            "magnr": 21.46299934387207,
            "sigmagnr": 0.10000000149011612,
            "magzpsci": 26.142099380493164,
            "isdiffpos": "t",
            "ssdistnr": null,
            "ssnamenr": null,
            "drb": null
        },
        {
            "candid": 1926346430715015010,
            "jd": 2459680.8464352,
            "ra": 201.1461876,
            "dec": -20.1853552,
            "fid": 2,
            "nid": 1926,
            "magpsf": 19.255199432373047,
            "sigmapsf": 0.20089000463485718,
            "magnr": 20.402999877929688,
            "sigmagnr": 0.10700000077486038,
            "magzpsci": 26.18120002746582,
            "isdiffpos": "t",
            "ssdistnr": null,
            "ssnamenr": null,
            "drb": null
        },
        {
            "candid": 1930336220715015005,
            "jd": 2459684.8362269,
            "ra": 201.1461512,
            "dec": -20.1852189,
            "fid": 2,
            "nid": 1930,
            "magpsf": 19.11079978942871,
            "sigmapsf": 0.26967400312423706,
            "magnr": 20.402999877929688,
            "sigmagnr": 0.10700000077486038,
            "magzpsci": 26.19179916381836,
            "isdiffpos": "t",
            "ssdistnr": null,
            "ssnamenr": null,
            "drb": null
        },
        {
            "candid": 1934352780715015001,
            "jd": 2459688.8527894,
            "ra": 201.1462784,
            "dec": -20.1853504,
            "fid": 2,
            "nid": 1934,
            "magpsf": 19.453899383544922,
            "sigmapsf": 0.24761800467967987,
            "magnr": 20.402999877929688,
            "sigmagnr": 0.10700000077486038,
            "magzpsci": 26.201900482177734,
            "isdiffpos": "t",
            "ssdistnr": null,
            "ssnamenr": null,
            "drb": null
        },
        {
            "candid": 1936334880715015002,
            "jd": 2459690.8348843,
            "ra": 201.1461293,
            "dec": -20.1853804,
            "fid": 2,
            "nid": 1936,
            "magpsf": 19.30229949951172,
            "sigmapsf": 0.13978199660778046,
            "magnr": 20.402999877929688,
            "sigmagnr": 0.10700000077486038,
            "magzpsci": 26.148300170898438,
            "isdiffpos": "t",
            "ssdistnr": null,
            "ssnamenr": null,
            "drb": null
        },
        {
            "candid": 1940273050715015007,
            "jd": 2459694.7730556,
            "ra": 201.1461377,
            "dec": -20.185349,
            "fid": 2,
            "nid": 1940,
            "magpsf": 19.37700080871582,
            "sigmapsf": 0.1651110053062439,
            "magnr": 20.402999877929688,
            "sigmagnr": 0.10700000077486038,
            "magzpsci": 26.02899932861328,
            "isdiffpos": "t",
            "ssdistnr": null,
            "ssnamenr": null,
            "drb": null
        },
        {
            "candid": 1942213530715015007,
            "jd": 2459696.7135301,
            "ra": 201.1460807,
            "dec": -20.1853889,
            "fid": 1,
            "nid": 1942,
            "magpsf": 20.314300537109375,
            "sigmapsf": 0.2892040014266968,
            "magnr": 21.46299934387207,
            "sigmagnr": 0.10000000149011612,
            "magzpsci": 26.07830047607422,
            "isdiffpos": "t",
            "ssdistnr": null,
            "ssnamenr": null,
            "drb": null
        },
        {
            "candid": 1945314600715015006,
            "jd": 2459699.8146065,
            "ra": 201.146151,
            "dec": -20.1853652,
            "fid": 2,
            "nid": 1945,
            "magpsf": 19.441200256347656,
            "sigmapsf": 0.12950700521469116,
            "magnr": 20.402999877929688,
            "sigmagnr": 0.10700000077486038,
            "magzpsci": 26.099199295043945,
            "isdiffpos": "t",
            "ssdistnr": null,
            "ssnamenr": null,
            "drb": null
        },
        {
            "candid": 1954272460715015020,
            "jd": 2459708.7724653,
            "ra": 201.1462339,
            "dec": -20.185357,
            "fid": 2,
            "nid": 1954,
            "magpsf": 19.670400619506836,
            "sigmapsf": 0.2839530110359192,
            "magnr": 20.402999877929688,
            "sigmagnr": 0.10700000077486038,
            "magzpsci": 26.17840003967285,
            "isdiffpos": "t",
            "ssdistnr": null,
            "ssnamenr": null,
            "drb": null
        },
        {
            "candid": 1954295810715015011,
            "jd": 2459708.7958102,
            "ra": 201.1461666,
            "dec": -20.1854562,
            "fid": 2,
            "nid": 1954,
            "magpsf": 19.242599487304688,
            "sigmapsf": 0.21077999472618103,
            "magnr": 20.402999877929688,
            "sigmagnr": 0.10700000077486038,
            "magzpsci": 26.16360092163086,
            "isdiffpos": "t",
            "ssdistnr": null,
            "ssnamenr": null,
            "drb": null
        },
        {
            "candid": 1956251960715015005,
            "jd": 2459710.7519676,
            "ra": 201.1460694,
            "dec": -20.1854147,
            "fid": 2,
            "nid": 1956,
            "magpsf": 19.69230079650879,
            "sigmapsf": 0.24317599833011627,
            "magnr": 20.402999877929688,
            "sigmagnr": 0.10700000077486038,
            "magzpsci": 26.169300079345703,
            "isdiffpos": "t",
            "ssdistnr": null,
            "ssnamenr": null,
            "drb": null
        },
        {
            "candid": 1965251270715015055,
            "jd": 2459719.7512731,
            "ra": 201.1460946,
            "dec": -20.1853784,
            "fid": 2,
            "nid": 1965,
            "magpsf": 20.018299102783203,
            "sigmapsf": 0.22620199620723724,
            "magnr": 20.402999877929688,
            "sigmagnr": 0.10700000077486038,
            "magzpsci": 26.19230079650879,
            "isdiffpos": "t",
            "ssdistnr": null,
            "ssnamenr": null,
            "drb": null
        },
        {
            "candid": 1968213770715015006,
            "jd": 2459722.7137731,
            "ra": 201.1461358,
            "dec": -20.1854819,
            "fid": 1,
            "nid": 1968,
            "magpsf": 20.51110076904297,
            "sigmapsf": 0.2793560028076172,
            "magnr": 21.46299934387207,
            "sigmagnr": 0.10000000149011612,
            "magzpsci": 26.16309928894043,
            "isdiffpos": "t",
            "ssdistnr": null,
            "ssnamenr": null,
            "drb": null
        },
        {
            "candid": 1970273680715015007,
            "jd": 2459724.7736806,
            "ra": 201.1461027,
            "dec": -20.185393,
            "fid": 2,
            "nid": 1970,
            "magpsf": 19.797100067138672,
            "sigmapsf": 0.1984190046787262,
            "magnr": 20.402999877929688,
            "sigmagnr": 0.10700000077486038,
            "magzpsci": 26.107099533081055,
            "isdiffpos": "t",
            "ssdistnr": null,
            "ssnamenr": null,
            "drb": null
        },
        {
            "candid": 1972190010715015058,
            "jd": 2459726.6900116,
            "ra": 201.146119,
            "dec": -20.1854002,
            "fid": 2,
            "nid": 1972,
            "magpsf": 19.921300888061523,
            "sigmapsf": 0.17775200307369232,
            "magnr": 20.402999877929688,
            "sigmagnr": 0.10700000077486038,
            "magzpsci": 26.19930076599121,
            "isdiffpos": "t",
            "ssdistnr": null,
            "ssnamenr": null,
            "drb": null
        },
        {
            "candid": 1972230380715015002,
            "jd": 2459726.7303819,
            "ra": 201.1461379,
            "dec": -20.1852926,
            "fid": 1,
            "nid": 1972,
            "magpsf": 20.300800323486328,
            "sigmapsf": 0.20004700124263763,
            "magnr": 21.46299934387207,
            "sigmagnr": 0.10000000149011612,
            "magzpsci": 26.243799209594727,
            "isdiffpos": "t",
            "ssdistnr": null,
            "ssnamenr": null,
            "drb": null
        },
        {
            "candid": 1976232380715015017,
            "jd": 2459730.7323843,
            "ra": 201.146124,
            "dec": -20.1854788,
            "fid": 2,
            "nid": 1976,
            "magpsf": 20.09040069580078,
            "sigmapsf": 0.23605799674987793,
            "magnr": 20.402999877929688,
            "sigmagnr": 0.10700000077486038,
            "magzpsci": 26.197399139404297,
            "isdiffpos": "t",
            "ssdistnr": null,
            "ssnamenr": null,
            "drb": null
        },
        {
            "candid": 1978207870715015014,
            "jd": 2459732.7078704,
            "ra": 201.146187,
            "dec": -20.1854019,
            "fid": 2,
            "nid": 1978,
            "magpsf": 20.435800552368164,
            "sigmapsf": 0.42715901136398315,
            "magnr": 20.402999877929688,
            "sigmagnr": 0.10700000077486038,
            "magzpsci": 26.234800338745117,
            "isdiffpos": "t",
            "ssdistnr": null,
            "ssnamenr": null,
            "drb": null
        },
        {
            "candid": 1980214600715015011,
            "jd": 2459734.7146065,
            "ra": 201.1461226,
            "dec": -20.1853781,
            "fid": 2,
            "nid": 1980,
            "magpsf": 19.710100173950195,
            "sigmapsf": 0.20742300152778625,
            "magnr": 20.402999877929688,
            "sigmagnr": 0.10700000077486038,
            "magzpsci": 25.903099060058594,
            "isdiffpos": "t",
            "ssdistnr": null,
            "ssnamenr": null,
            "drb": null
        },
        {
            "candid": 1982189540715015018,
            "jd": 2459736.6895486,
            "ra": 201.1461572,
            "dec": -20.1853666,
            "fid": 2,
            "nid": 1982,
            "magpsf": 20.130449295043945,
            "sigmapsf": 0.1960889995098114,
            "magnr": 20.402999877929688,
            "sigmagnr": 0.10700000077486038,
            "magzpsci": 26.202449798583984,
            "isdiffpos": "t",
            "ssdistnr": -999.0,
            "ssnamenr": "null",
            "drb": null
        },
        {
            "jd": 2459600.9389352,
            "fid": 1,
            "diffmaglim": 19.040000915527344
        },
        {
            "jd": 2459671.8547569,
            "fid": 2,
            "diffmaglim": 20.282100677490234
        },
        {
            "jd": 2459676.8772801,
            "fid": 1,
            "diffmaglim": 19.348499298095703
        },
        {
            "jd": 2459678.8776736,
            "fid": 2,
            "diffmaglim": 19.857900619506836
        },
        {
            "jd": 2459684.7934606,
            "fid": 1,
            "diffmaglim": 18.52989959716797
        },
        {
            "jd": 2459688.7865509,
            "fid": 1,
            "diffmaglim": 19.214000701904297
        },
        {
            "jd": 2459694.8550579,
            "fid": 1,
            "diffmaglim": 19.52090072631836
        },
        {
            "jd": 2459710.773287,
            "fid": 1,
            "diffmaglim": 19.1697998046875
        },
        {
            "jd": 2459715.751169,
            "fid": 1,
            "diffmaglim": 18.719200134277344
        },
        {
            "jd": 2459730.6890856,
            "fid": 1,
            "diffmaglim": 20.140899658203125
        }
    ],
    "forcedphot": []
}