{
    "objectId": "ZTF21abimnii",
    "candidates": [
        {
            "candid": 1640419182715015000,
            "jd": 2459394.9191898,
            "ra": 308.9411398,
            "dec": -25.2911489,
            "fid": 2,
            "nid": 1640,
            "magpsf": 19.161800384521484,
            "sigmapsf": 0.15139299631118774,
            "magnr": 20.201000213623047,
            "sigmagnr": 0.16200000047683716,
            "magzpsci": 26.084800720214844,
            "isdiffpos": "t",
            "ssdistnr": null,
            "ssnamenr": null,
            "drb": 0.9999970197677612
        },
        {
            "candid": 1643388362715015002,
            "jd": 2459397.8883681,
            "ra": 308.9410908,
            "dec": -25.2911915,
            "fid": 2,
            "nid": 1643,
            "magpsf": 18.32229995727539,
            "sigmapsf": 0.05724800005555153,
            "magnr": 20.201000213623047,
            "sigmagnr": 0.16200000047683716,
            "magzpsci": 26.147300720214844,
            "isdiffpos": "t",
            "ssdistnr": null,
            "ssnamenr": null,
            "drb": null
        },
        {
            "candid": 1643419102715015001,
            "jd": 2459397.9191088,
            "ra": 308.9411026,
            "dec": -25.2911802,
            "fid": 1,
            "nid": 1643,
            "magpsf": 18.7185001373291,
            "sigmapsf": 0.09202499687671661,
            "magnr": 21.011999130249023,
            "sigmagnr": 0.13099999725818634,
            "magzpsci": 26.046499252319336,
            "isdiffpos": "t",
            "ssdistnr": null,
            "ssnamenr": null,
            "drb": null
        },
        {
            "candid": 1646376272715015003,
            "jd": 2459400.8762731,
            "ra": 308.9410771,
            "dec": -25.2911818,
            "fid": 1,
            "nid": 1646,
            "magpsf": 18.264799118041992,
            "sigmapsf": 0.05512399971485138,
            "magnr": 21.011999130249023,
            "sigmagnr": 0.13099999725818634,
            "magzpsci": 26.059799194335938,
            "isdiffpos": "t",
            "ssdistnr": null,
            "ssnamenr": null,
            "drb": null
        },
        {
            "candid": 1648376922715015001,
            "jd": 2459402.8769213,
            "ra": 308.9410922,
            "dec": -25.2912118,
            "fid": 2,
            "nid": 1648,
            "magpsf": 17.792299270629883,
            "sigmapsf": 0.06026799976825714,
            "magnr": 20.201000213623047,
            "sigmagnr": 0.16200000047683716,
            "magzpsci": 26.181299209594727,
            "isdiffpos": "t",
            "ssdistnr": null,
            "ssnamenr": null,
            "drb": null
        },
        {
            "candid": 1648439602715015000,
            "jd": 2459402.9396065,
            "ra": 308.9410803,
            "dec": -25.2912176,
            "fid": 1,
            "nid": 1648,
            "magpsf": 18.06679916381836,
            "sigmapsf": 0.07887499779462814,
            "magnr": 21.011999130249023,
            "sigmagnr": 0.13099999725818634,
            "magzpsci": 26.07979965209961,
            "isdiffpos": "t",
            "ssdistnr": null,
            "ssnamenr": null,
            "drb": null
        },
        {
            "candid": 1650362312715015000,
            "jd": 2459404.8623148,
            "ra": 308.9410907,
            "dec": -25.2912118,
            "fid": 1,
            "nid": 1650,
            "magpsf": 18.110599517822266,
            "sigmapsf": 0.07435700297355652,
            "magnr": 21.011999130249023,
            "sigmagnr": 0.13099999725818634,
            "magzpsci": 25.914600372314453,
            "isdiffpos": "t",
            "ssdistnr": null,
            "ssnamenr": null,
            "drb": null
        },
        {
            "candid": 1650419172715015001,
            "jd": 2459404.9191782,
            "ra": 308.9411024,
            "dec": -25.2911864,
            "fid": 2,
            "nid": 1650,
            "magpsf": 17.66360092163086,
            "sigmapsf": 0.057013001292943954,
            "magnr": 20.201000213623047,
            "sigmagnr": 0.16200000047683716,
            "magzpsci": 25.912599563598633,
            "isdiffpos": "t",
            "ssdistnr": null,
            "ssnamenr": null,
            "drb": null
        },
        {
            "candid": 1652374342715015001,
            "jd": 2459406.8743403,
            "ra": 308.9410846,
            "dec": -25.2911912,
            "fid": 1,
            "nid": 1652,
            "magpsf": 17.936199188232422,
            "sigmapsf": 0.0626399964094162,
            "magnr": 21.011999130249023,
            "sigmagnr": 0.13099999725818634,
            "magzpsci": 25.78820037841797,
            "isdiffpos": "t",
            "ssdistnr": null,
            "ssnamenr": null,
            "drb": null
        },
        {
            "candid": 1656356002715015001,
            "jd": 2459410.8560069,
            "ra": 308.9410913,
            "dec": -25.2911828,
            "fid": 1,
            "nid": 1656,
            "magpsf": 17.817399978637695,
            "sigmapsf": 0.06323099881410599,
            "magnr": 21.011999130249023,
            "sigmagnr": 0.13099999725818634,
            "magzpsci": 25.718399047851562,
            "isdiffpos": "t",
            "ssdistnr": null,
            "ssnamenr": null,
            "drb": null
        },
        {
            "candid": 1656397262715015001,
            "jd": 2459410.8972685,
            "ra": 308.9410853,
            "dec": -25.2911855,
            "fid": 2,
            "nid": 1656,
            "magpsf": 17.339500427246094,
            "sigmapsf": 0.04162700101733208,
            "magnr": 20.201000213623047,
            "sigmagnr": 0.16200000047683716,
            "magzpsci": 25.91950035095215,
            "isdiffpos": "t",
            "ssdistnr": null,
            "ssnamenr": null,
            "drb": null
        },
        {
            "candid": 1658376492715015001,
            "jd": 2459412.8764931,
            "ra": 308.9410856,
            "dec": -25.2911725,
            "fid": 2,
            "nid": 1658,
            "magpsf": 17.262699127197266,
            "sigmapsf": 0.043806999921798706,
            "magnr": 20.201000213623047,
            "sigmagnr": 0.16200000047683716,
            "magzpsci": 26.0226993560791,
            "isdiffpos": "t",
            "ssdistnr": null,
            "ssnamenr": null,
            "drb": null
        },
        {
            "candid": 1661356482715015001,
            "jd": 2459415.8564815,
            "ra": 308.9411054,
            "dec": -25.2912096,
            "fid": 2,
            "nid": 1661,
            "magpsf": 17.271299362182617,
            "sigmapsf": 0.040265001356601715,
            "magnr": 20.201000213623047,
            "sigmagnr": 0.16200000047683716,
            "magzpsci": 26.08530044555664,
            "isdiffpos": "t",
            "ssdistnr": null,
            "ssnamenr": null,
            "drb": null
        },
        {
            "candid": 1661356482715065001,
            "jd": 2459415.8564815,
            "ra": 308.9411054,
            "dec": -25.2912096,
            "fid": 2,
            "nid": 1661,
            "magpsf": 17.271299362182617,
            "sigmapsf": 0.040265001356601715,
            "magnr": 20.201000213623047,
            "sigmagnr": 0.16200000047683716,
            "magzpsci": 26.08530044555664,
            "isdiffpos": "t",
            "ssdistnr": null,
            "ssnamenr": null,
            "drb": null
        },
        {
            "candid": 1661356482715075001,
            "jd": 2459415.8564815,
            "ra": 308.9411054,
            "dec": -25.2912096,
            "fid": 2,
            "nid": 1661,
            "magpsf": 17.271299362182617,
            "sigmapsf": 0.040265001356601715,
            "magnr": 20.201000213623047,
            "sigmagnr": 0.16200000047683716,
            "magzpsci": 26.08530044555664,
            "isdiffpos": "t",
            "ssdistnr": null,
            "ssnamenr": null,
            "drb": null
        },
        {
            "candid": 1661420492715015002,
            "jd": 2459415.9204977,
            "ra": 308.9410865,
            "dec": -25.2911972,
            "fid": 1,
            "nid": 1661,
            "magpsf": 17.831600189208984,
            "sigmapsf": 0.06114500015974045,
            "magnr": 21.011999130249023,
            "sigmagnr": 0.13099999725818634,
            "magzpsci": 25.91360092163086,
            "isdiffpos": "t",
            "ssdistnr": null,
            "ssnamenr": null,
            "drb": null
        },
        {
            "candid": 1661420492715065002,
            "jd": 2459415.9204977,
            "ra": 308.9410865,
            "dec": -25.2911972,
            "fid": 1,
            "nid": 1661,
            "magpsf": 17.831600189208984,
            "sigmapsf": 0.06114500015974045,
            "magnr": 21.011999130249023,
            "sigmagnr": 0.13099999725818634,
            "magzpsci": 25.91360092163086,
            "isdiffpos": "t",
            "ssdistnr": null,
            "ssnamenr": null,
            "drb": null
        },
        {
            "candid": 1661420492715075002,
            "jd": 2459415.9204977,
            "ra": 308.9410865,
            "dec": -25.2911972,
            "fid": 1,
            "nid": 1661,
            "magpsf": 17.831600189208984,
            "sigmapsf": 0.06114500015974045,
            "magnr": 21.011999130249023,
            "sigmagnr": 0.13099999725818634,
            "magzpsci": 25.91360092163086,
            "isdiffpos": "t",
            "ssdistnr": null,
            "ssnamenr": null,
            "drb": null
        },
        {
            "candid": 1668293292715015003,
            "jd": 2459422.7932986,
            "ra": 308.9411012,
            "dec": -25.2911846,
            "fid": 1,
            "nid": 1668,
            "magpsf": 17.986000061035156,
            "sigmapsf": 0.07161000370979309,
            "magnr": 21.011999130249023,
            "sigmagnr": 0.13099999725818634,
            "magzpsci": 26.024999618530273,
            "isdiffpos": "t",
            "ssdistnr": null,
            "ssnamenr": null,
            "drb": null
        },
        {
            "candid": 1668357042715015001,
            "jd": 2459422.8570486,
            "ra": 308.9411077,
            "dec": -25.2911866,
            "fid": 2,
            "nid": 1668,
            "magpsf": 17.32110023498535,
            "sigmapsf": 0.041081998497247696,
            "magnr": 20.201000213623047,
            "sigmagnr": 0.16200000047683716,
            "magzpsci": 26.173099517822266,
            "isdiffpos": "t",
            "ssdistnr": null,
            "ssnamenr": null,
            "drb": null
        },
        {
            "candid": 1670312762715015001,
            "jd": 2459424.8127662,
            "ra": 308.9411193,
            "dec": -25.2911845,
            "fid": 1,
            "nid": 1670,
            "magpsf": 18.15570068359375,
            "sigmapsf": 0.0650629997253418,
            "magnr": 21.011999130249023,
            "sigmagnr": 0.13099999725818634,
            "magzpsci": 26.069700241088867,
            "isdiffpos": "t",
            "ssdistnr": null,
            "ssnamenr": null,
            "drb": null
        },
        {
            "candid": 1672335012715015002,
            "jd": 2459426.8350116,
            "ra": 308.9410822,
            "dec": -25.2911924,
            "fid": 1,
            "nid": 1672,
            "magpsf": 18.26849937438965,
            "sigmapsf": 0.0741489976644516,
            "magnr": 21.011999130249023,
            "sigmagnr": 0.13099999725818634,
            "magzpsci": 26.010499954223633,
            "isdiffpos": "t",
            "ssdistnr": null,
            "ssnamenr": null,
            "drb": null
        },
        {
            "candid": 1674355172715015001,
            "jd": 2459428.8551736,
            "ra": 308.9410952,
            "dec": -25.2911797,
            "fid": 2,
            "nid": 1674,
            "magpsf": 17.524599075317383,
            "sigmapsf": 0.04519600048661232,
            "magnr": 20.201000213623047,
            "sigmagnr": 0.16200000047683716,
            "magzpsci": 26.153600692749023,
            "isdiffpos": "t",
            "ssdistnr": null,
            "ssnamenr": null,
            "drb": null
        },
        {
            "candid": 1676335812715015003,
            "jd": 2459430.8358102,
            "ra": 308.9410857,
            "dec": -25.2911795,
            "fid": 2,
            "nid": 1676,
            "magpsf": 17.660499572753906,
            "sigmapsf": 0.039737001061439514,
            "magnr": 20.201000213623047,
            "sigmagnr": 0.16200000047683716,
            "magzpsci": 26.183500289916992,
            "isdiffpos": "t",
            "ssdistnr": null,
            "ssnamenr": null,
            "drb": null
        },
        {
            "candid": 1681378412715015000,
            "jd": 2459435.8784144,
            "ra": 308.9411704,
            "dec": -25.2912043,
            "fid": 1,
            "nid": 1681,
            "magpsf": 19.228900909423828,
            "sigmapsf": 0.15307800471782684,
            "magnr": 21.011999130249023,
            "sigmagnr": 0.13099999725818634,
            "magzpsci": 25.868900299072266,
            "isdiffpos": "t",
            "ssdistnr": null,
            "ssnamenr": null,
            "drb": null
        },
        {
            "candid": 1684317482715015004,
            "jd": 2459438.8174884,
            "ra": 308.941094,
            "dec": -25.2911864,
            "fid": 2,
            "nid": 1684,
            "magpsf": 18.18589973449707,
            "sigmapsf": 0.06718400120735168,
            "magnr": 20.201000213623047,
            "sigmagnr": 0.16200000047683716,
            "magzpsci": 25.9158992767334,
            "isdiffpos": "t",
            "ssdistnr": null,
            "ssnamenr": null,
            "drb": null
        },
        {
            "candid": 1684373662715015007,
            "jd": 2459438.873669,
            "ra": 308.9410608,
            "dec": -25.2912583,
            "fid": 1,
            "nid": 1684,
            "magpsf": 19.600099563598633,
            "sigmapsf": 0.24904799461364746,
            "magnr": 19.309999465942383,
            "sigmagnr": 0.06499999761581421,
            "magzpsci": 25.5221004486084,
            "isdiffpos": "t",
            "ssdistnr": null,
            "ssnamenr": null,
            "drb": null
        },
        {
            "candid": 1686293632715015000,
            "jd": 2459440.7936343,
            "ra": 308.9411366,
            "dec": -25.2911828,
            "fid": 2,
            "nid": 1686,
            "magpsf": 18.390100479125977,
            "sigmapsf": 0.08656100183725357,
            "magnr": 20.201000213623047,
            "sigmagnr": 0.16200000047683716,
            "magzpsci": 26.007099151611328,
            "isdiffpos": "t",
            "ssdistnr": null,
            "ssnamenr": null,
            "drb": null
        },
        {
            "candid": 1686293632715025000,
            "jd": 2459440.7936343,
            "ra": 308.9411366,
            "dec": -25.2911828,
            "fid": 2,
            "nid": 1686,
            "magpsf": 18.390100479125977,
            "sigmapsf": 0.08656100183725357,
            "magnr": 20.201000213623047,
            "sigmagnr": 0.16200000047683716,
            "magzpsci": 26.007099151611328,
            "isdiffpos": "t",
            "ssdistnr": null,
            "ssnamenr": null,
            "drb": null
        },
        {
            "candid": 1689291952715015001,
            "jd": 2459443.791956,
            "ra": 308.9410898,
            "dec": -25.291177,
            "fid": 2,
            "nid": 1689,
            "magpsf": 18.448299407958984,
            "sigmapsf": 0.08990799635648727,
            "magnr": 20.201000213623047,
            "sigmagnr": 0.16200000047683716,
            "magzpsci": 25.831300735473633,
            "isdiffpos": "t",
            "ssdistnr": null,
            "ssnamenr": null,
            "drb": null
        },
        {
            "candid": 1700292522715015000,
            "jd": 2459454.7925231,
            "ra": 308.9410937,
            "dec": -25.2911437,
            "fid": 2,
            "nid": 1700,
            "magpsf": 18.79800033569336,
            "sigmapsf": 0.08256600052118301,
            "magnr": 20.201000213623047,
            "sigmagnr": 0.16200000047683716,
            "magzpsci": 26.197999954223633,
            "isdiffpos": "t",
            "ssdistnr": null,
            "ssnamenr": null,
            "drb": null
        },
        {
            "candid": 1705230162715015003,
            "jd": 2459459.730162,
            "ra": 308.9410752,
            "dec": -25.2911703,
            "fid": 2,
            "nid": 1705,
            "magpsf": 19.003700256347656,
            "sigmapsf": 0.10796300321817398,
            "magnr": 20.201000213623047,
            "sigmagnr": 0.16200000047683716,
            "magzpsci": 26.213699340820312,
            "isdiffpos": "t",
            "ssdistnr": null,
            "ssnamenr": null,
            "drb": null
        },
        {
            "candid": 1705272882715015003,
            "jd": 2459459.7728819,
            "ra": 308.9409776,
            "dec": -25.2912502,
            "fid": 1,
            "nid": 1705,
            "magpsf": 20.406700134277344,
            "sigmapsf": 0.31988900899887085,
            "magnr": 19.309999465942383,
            "sigmagnr": 0.06499999761581421,
            "magzpsci": 26.136699676513672,
            "isdiffpos": "t",
            "ssdistnr": null,
            "ssnamenr": null,
            "drb": null
        },
        {
            "candid": 1707272832715015002,
            "jd": 2459461.7728356,
            "ra": 308.9411383,
            "dec": -25.2911525,
            "fid": 2,
            "nid": 1707,
            "magpsf": 19.036500930786133,
            "sigmapsf": 0.10817000269889832,
            "magnr": 20.201000213623047,
            "sigmagnr": 0.16200000047683716,
            "magzpsci": 26.212499618530273,
            "isdiffpos": "t",
            "ssdistnr": null,
            "ssnamenr": null,
            "drb": null
        },
        {
            "candid": 1709252322715015003,
            "jd": 2459463.7523264,
            "ra": 308.9411157,
            "dec": -25.2911847,
            "fid": 2,
            "nid": 1709,
            "magpsf": 19.032800674438477,
            "sigmapsf": 0.1031159982085228,
            "magnr": 20.201000213623047,
            "sigmagnr": 0.16200000047683716,
            "magzpsci": 26.190799713134766,
            "isdiffpos": "t",
            "ssdistnr": null,
            "ssnamenr": null,
            "drb": null
        },
        {
            "candid": 1711189362715015002,
            "jd": 2459465.6893634,
            "ra": 308.9410801,
            "dec": -25.2911787,
            "fid": 2,
            "nid": 1711,
            "magpsf": 19.139699935913086,
            "sigmapsf": 0.11417199671268463,
            "magnr": 20.201000213623047,
            "sigmagnr": 0.16200000047683716,
            "magzpsci": 26.062700271606445,
            "isdiffpos": "t",
            "ssdistnr": null,
            "ssnamenr": null,
            "drb": null
        },
        {
            "candid": 1711210862715015001,
            "jd": 2459465.7108681,
            "ra": 308.941212,
            "dec": -25.2911995,
            "fid": 1,
            "nid": 1711,
            "magpsf": 20.16320037841797,
            "sigmapsf": 0.2639400064945221,
            "magnr": 21.011999130249023,
            "sigmagnr": 0.13099999725818634,
            "magzpsci": 25.9552001953125,
            "isdiffpos": "t",
            "ssdistnr": null,
            "ssnamenr": null,
            "drb": null
        },
        {
            "candid": 1713231512715015001,
            "jd": 2459467.7315162,
            "ra": 308.9411131,
            "dec": -25.2911841,
            "fid": 2,
            "nid": 1713,
            "magpsf": 19.21139907836914,
            "sigmapsf": 0.10185600072145462,
            "magnr": 20.201000213623047,
            "sigmagnr": 0.16200000047683716,
            "magzpsci": 26.117399215698242,
            "isdiffpos": "t",
            "ssdistnr": null,
            "ssnamenr": null,
            "drb": null
        },
        {
            "candid": 1717209382715015003,
            "jd": 2459471.7093866,
            "ra": 308.9410379,
            "dec": -25.2911951,
            "fid": 2,
            "nid": 1717,
            "magpsf": 19.21489906311035,
            "sigmapsf": 0.1938440054655075,
            "magnr": 20.201000213623047,
            "sigmagnr": 0.16200000047683716,
            "magzpsci": 26.056900024414062,
            "isdiffpos": "t",
            "ssdistnr": null,
            "ssnamenr": null,
            "drb": null
        },
        {
            "candid": 1730229762715015003,
            "jd": 2459484.7297685,
            "ra": 308.9411473,
            "dec": -25.2911848,
            "fid": 2,
            "nid": 1730,
            "magpsf": 19.382299423217773,
            "sigmapsf": 0.12164399772882462,
            "magnr": 20.201000213623047,
            "sigmagnr": 0.16200000047683716,
            "magzpsci": 26.141300201416016,
            "isdiffpos": "t",
            "ssdistnr": null,
            "ssnamenr": null,
            "drb": null
        },
        {
            "candid": 1732170262715015004,
            "jd": 2459486.6702662,
            "ra": 308.9410864,
            "dec": -25.2911385,
            "fid": 2,
            "nid": 1732,
            "magpsf": 19.485689163208008,
            "sigmapsf": 0.11291400343179703,
            "magnr": 20.201000213623047,
            "sigmagnr": 0.16200000047683716,
            "magzpsci": 26.225690841674805,
            "isdiffpos": "t",
            "ssdistnr": -999.0,
            "ssnamenr": "null",
            "drb": null
        },
        {
            "jd": 2459375.9374653,
            "fid": 1,
            "diffmaglim": 19.88129997253418
        },
        {
            "jd": 2459377.940706,
            "fid": 1,
            "diffmaglim": 20.16699981689453
        },
        {
            "jd": 2459380.9182292,
            "fid": 1,
            "diffmaglim": 15.884099960327148
        },
        {
            "jd": 2459382.9177083,
            "fid": 1,
            "diffmaglim": 19.916500091552734
        },
        {
            "jd": 2459386.8970718,
            "fid": 2,
            "diffmaglim": 19.641799926757812
        },
        {
            "jd": 2459390.8764236,
            "fid": 2,
            "diffmaglim": 18.971900939941406
        },
        {
            "jd": 2459390.9193403,
            "fid": 1,
            "diffmaglim": 18.519100189208984
        },
        {
            "jd": 2459394.8936574,
            "fid": 1,
            "diffmaglim": 18.955900192260742
        },
        {
            "jd": 2459408.9187269,
            "fid": 2,
            "diffmaglim": 18.31209945678711
        },
        {
            "jd": 2459443.8149884,
            "fid": 1,
            "diffmaglim": 19.159400939941406
        },
        {
            "jd": 2459448.7718981,
            "fid": 2,
            "diffmaglim": 18.34429931640625
        },
        {
            "jd": 2459448.8146296,
            "fid": 1,
            "diffmaglim": 18.094100952148438
        },
        {
            "jd": 2459450.7527315,
            "fid": 1,
            "diffmaglim": 18.3887996673584
        },
        {
            "jd": 2459450.7924421,
            "fid": 2,
            "diffmaglim": 18.274099349975586
        },
        {
            "jd": 2459452.8134722,
            "fid": 1,
            "diffmaglim": 19.36829948425293
        },
        {
            "jd": 2459456.8096181,
            "fid": 2,
            "diffmaglim": 18.665199279785156
        },
        {
            "jd": 2459463.7097106,
            "fid": 1,
            "diffmaglim": 20.074499130249023
        },
        {
            "jd": 2459467.6888194,
            "fid": 1,
            "diffmaglim": 19.632099151611328
        },
        {
            "jd": 2459469.7326157,
            "fid": 1,
            "diffmaglim": 20.114299774169922
        },
        {
            "jd": 2459471.7528009,
            "fid": 1,
            "diffmaglim": 19.109399795532227
        },
        {
            "jd": 2459476.6889352,
            "fid": 2,
            "diffmaglim": 18.761999130249023
        },
        {
            "jd": 2459476.7313657,
            "fid": 1,
            "diffmaglim": 18.648300170898438
        },
        {
            "jd": 2459478.7095139,
            "fid": 2,
            "diffmaglim": 19.127199172973633
        },
        {
            "jd": 2459480.6482292,
            "fid": 1,
            "diffmaglim": 19.581300735473633
        },
        {
            "jd": 2459480.7109606,
            "fid": 2,
            "diffmaglim": 19.656299591064453
        },
        {
            "jd": 2459484.688912,
            "fid": 1,
            "diffmaglim": 20.394500732421875
        }
    ],
    "forcedphot": []
}