{
    "objectId": "ZTF20aavzffg",
    "candidates": [
        {
            "candid": 1209377743515015030,
            "jd": 2458963.8777431,
            "ra": 245.439141,
            "dec": -2.2892818,
            "fid": 1,
            "nid": 1209,
            "magpsf": 16.9064998626709,
            "sigmapsf": 0.040688998997211456,
            "magnr": 18.757999420166016,
            "sigmagnr": 0.020999999716877937,
            "magzpsci": 26.202499389648438,
            "isdiffpos": "t",
            "ssdistnr": -999.0,
            "ssnamenr": "null",
            "drb": 0.9999979734420776
        },
        {
            "candid": 1209397994615015012,
            "jd": 2458963.8979977,
            "ra": 245.4391455,
            "dec": -2.2892626,
            "fid": 1,
            "nid": 1209,
            "magpsf": 16.905799865722656,
            "sigmapsf": 0.03573700040578842,
            "magnr": 21.795000076293945,
            "sigmagnr": 0.13099999725818634,
            "magzpsci": 26.23579978942871,
            "isdiffpos": "t",
            "ssdistnr": -999.0,
            "ssnamenr": "null",
            "drb": 1.0
        },
        {
            "candid": 1209420624615015014,
            "jd": 2458963.920625,
            "ra": 245.4391491,
            "dec": -2.2892632,
            "fid": 1,
            "nid": 1209,
            "magpsf": 16.887699127197266,
            "sigmapsf": 0.04158899933099747,
            "magnr": 21.795000076293945,
            "sigmagnr": 0.13099999725818634,
            "magzpsci": 26.240699768066406,
            "isdiffpos": "t",
            "ssdistnr": -999.0,
            "ssnamenr": "null",
            "drb": 1.0
        },
        {
            "candid": 1209421973515015030,
            "jd": 2458963.9219792,
            "ra": 245.4391451,
            "dec": -2.2892774,
            "fid": 1,
            "nid": 1209,
            "magpsf": 16.88909912109375,
            "sigmapsf": 0.02875700034201145,
            "magnr": 18.757999420166016,
            "sigmagnr": 0.020999999716877937,
            "magzpsci": 26.217100143432617,
            "isdiffpos": "t",
            "ssdistnr": -999.0,
            "ssnamenr": "null",
            "drb": 1.0
        },
        {
            "candid": 1212376773515015047,
            "jd": 2458966.8767708,
            "ra": 245.4391449,
            "dec": -2.2892684,
            "fid": 2,
            "nid": 1212,
            "magpsf": 15.89430046081543,
            "sigmapsf": 0.027377000078558922,
            "magnr": 18.131999969482422,
            "sigmagnr": 0.020999999716877937,
            "magzpsci": 26.230300903320312,
            "isdiffpos": "t",
            "ssdistnr": -999.0,
            "ssnamenr": "null",
            "drb": 0.9999859929084778
        },
        {
            "candid": 1212377674615015010,
            "jd": 2458966.8776736,
            "ra": 245.4391504,
            "dec": -2.2892766,
            "fid": 2,
            "nid": 1212,
            "magpsf": 15.86970043182373,
            "sigmapsf": 0.04450000077486038,
            "magnr": 18.131000518798828,
            "sigmagnr": 0.01899999938905239,
            "magzpsci": 26.204700469970703,
            "isdiffpos": "t",
            "ssdistnr": -999.0,
            "ssnamenr": "null",
            "drb": 0.9999930262565613
        },
        {
            "candid": 1212421094615015018,
            "jd": 2458966.9210995,
            "ra": 245.4391467,
            "dec": -2.2892675,
            "fid": 1,
            "nid": 1212,
            "magpsf": 16.20210075378418,
            "sigmapsf": 0.02389100007712841,
            "magnr": 21.795000076293945,
            "sigmagnr": 0.13099999725818634,
            "magzpsci": 26.23509979248047,
            "isdiffpos": "t",
            "ssdistnr": -999.0,
            "ssnamenr": "null",
            "drb": 1.0
        },
        {
            "candid": 1218289373515015014,
            "jd": 2458972.789375,
            "ra": 245.4391465,
            "dec": -2.2892667,
            "fid": 1,
            "nid": 1218,
            "magpsf": 15.683600425720215,
            "sigmapsf": 0.02847900055348873,
            "magnr": 18.757999420166016,
            "sigmagnr": 0.020999999716877937,
            "magzpsci": 26.214599609375,
            "isdiffpos": "t",
            "ssdistnr": -999.0,
            "ssnamenr": "null",
            "drb": 1.0
        },
        {
            "candid": 1218378553515015012,
            "jd": 2458972.8785532,
            "ra": 245.439144,
            "dec": -2.2892565,
            "fid": 2,
            "nid": 1218,
            "magpsf": 15.217399597167969,
            "sigmapsf": 0.03793400153517723,
            "magnr": 18.131999969482422,
            "sigmagnr": 0.020999999716877937,
            "magzpsci": 26.286399841308594,
            "isdiffpos": "t",
            "ssdistnr": -999.0,
            "ssnamenr": "null",
            "drb": 0.9961889982223511
        },
        {
            "candid": 1218400674615015009,
            "jd": 2458972.9006713,
            "ra": 245.4391448,
            "dec": -2.2892634,
            "fid": 2,
            "nid": 1218,
            "magpsf": 15.227100372314453,
            "sigmapsf": 0.026265999302268028,
            "magnr": 18.131000518798828,
            "sigmagnr": 0.01899999938905239,
            "magzpsci": 25.95009994506836,
            "isdiffpos": "t",
            "ssdistnr": -999.0,
            "ssnamenr": "null",
            "drb": 0.9869080185890198
        },
        {
            "candid": 1218442074615015013,
            "jd": 2458972.9420718,
            "ra": 245.4391499,
            "dec": -2.289273,
            "fid": 1,
            "nid": 1218,
            "magpsf": 15.677399635314941,
            "sigmapsf": 0.03165600076317787,
            "magnr": 21.795000076293945,
            "sigmagnr": 0.13099999725818634,
            "magzpsci": 26.29439926147461,
            "isdiffpos": "t",
            "ssdistnr": -999.0,
            "ssnamenr": "null",
            "drb": 0.9999989867210388
        },
        {
            "candid": 1221293473515015001,
            "jd": 2458975.7934722,
            "ra": 245.4391438,
            "dec": -2.2892688,
            "fid": 1,
            "nid": 1221,
            "magpsf": 15.661399841308594,
            "sigmapsf": 0.02239999920129776,
            "magnr": 18.757999420166016,
            "sigmagnr": 0.020999999716877937,
            "magzpsci": 26.2593994140625,
            "isdiffpos": "t",
            "ssdistnr": -999.0,
            "ssnamenr": "null",
            "drb": 1.0
        },
        {
            "candid": 1221293934615015007,
            "jd": 2458975.7939352,
            "ra": 245.4391491,
            "dec": -2.2892747,
            "fid": 1,
            "nid": 1221,
            "magpsf": 15.637900352478027,
            "sigmapsf": 0.029777999967336655,
            "magnr": 21.795000076293945,
            "sigmagnr": 0.13099999725818634,
            "magzpsci": 26.259899139404297,
            "isdiffpos": "t",
            "ssdistnr": -999.0,
            "ssnamenr": "null",
            "drb": 1.0
        },
        {
            "candid": 1221397673515015005,
            "jd": 2458975.8976736,
            "ra": 245.4391455,
            "dec": -2.2892685,
            "fid": 2,
            "nid": 1221,
            "magpsf": 15.117899894714355,
            "sigmapsf": 0.026606999337673187,
            "magnr": 18.131999969482422,
            "sigmagnr": 0.020999999716877937,
            "magzpsci": 26.320899963378906,
            "isdiffpos": "t",
            "ssdistnr": -999.0,
            "ssnamenr": "null",
            "drb": 0.9999790191650391
        },
        {
            "candid": 1224294643515015006,
            "jd": 2458978.7946412,
            "ra": 245.4391473,
            "dec": -2.2892582,
            "fid": 2,
            "nid": 1224,
            "magpsf": 15.112700462341309,
            "sigmapsf": 0.029481999576091766,
            "magnr": 18.131999969482422,
            "sigmagnr": 0.020999999716877937,
            "magzpsci": 26.255699157714844,
            "isdiffpos": "t",
            "ssdistnr": -999.0,
            "ssnamenr": "null",
            "drb": 0.9933859705924988
        },
        {
            "candid": 1224379593515015006,
            "jd": 2458978.8795949,
            "ra": 245.4391537,
            "dec": -2.2892686,
            "fid": 1,
            "nid": 1224,
            "magpsf": 15.776800155639648,
            "sigmapsf": 0.04437600076198578,
            "magnr": 18.757999420166016,
            "sigmagnr": 0.020999999716877937,
            "magzpsci": 25.924800872802734,
            "isdiffpos": "t",
            "ssdistnr": -999.0,
            "ssnamenr": "null",
            "drb": 1.0
        },
        {
            "candid": 1225277034615015061,
            "jd": 2458979.777037,
            "ra": 245.4391458,
            "dec": -2.2892587,
            "fid": 1,
            "nid": 1225,
            "magpsf": 15.602700233459473,
            "sigmapsf": 0.062144000083208084,
            "magnr": 21.795000076293945,
            "sigmagnr": 0.13099999725818634,
            "magzpsci": 25.10070037841797,
            "isdiffpos": "t",
            "ssdistnr": -999.0,
            "ssnamenr": "null",
            "drb": 0.9963390231132507
        },
        {
            "candid": 1227271533515015014,
            "jd": 2458981.7715394,
            "ra": 245.4391422,
            "dec": -2.289292,
            "fid": 2,
            "nid": 1227,
            "magpsf": 15.183600425720215,
            "sigmapsf": 0.0270019993185997,
            "magnr": 18.131999969482422,
            "sigmagnr": 0.020999999716877937,
            "magzpsci": 26.26059913635254,
            "isdiffpos": "t",
            "ssdistnr": -999.0,
            "ssnamenr": "null",
            "drb": 0.9999300241470337
        },
        {
            "candid": 1227332973515015016,
            "jd": 2458981.8329745,
            "ra": 245.4391346,
            "dec": -2.2893039,
            "fid": 1,
            "nid": 1227,
            "magpsf": 16.01409912109375,
            "sigmapsf": 0.025479000061750412,
            "magnr": 18.757999420166016,
            "sigmagnr": 0.020999999716877937,
            "magzpsci": 26.2721004486084,
            "isdiffpos": "t",
            "ssdistnr": -999.0,
            "ssnamenr": "null",
            "drb": 0.9999939799308777
        },
        {
            "candid": 1232292814615015011,
            "jd": 2458986.7928125,
            "ra": 245.4391487,
            "dec": -2.2892711,
            "fid": 2,
            "nid": 1232,
            "magpsf": 15.453399658203125,
            "sigmapsf": 0.03377300128340721,
            "magnr": 18.131000518798828,
            "sigmagnr": 0.01899999938905239,
            "magzpsci": 26.24839973449707,
            "isdiffpos": "t",
            "ssdistnr": -999.0,
            "ssnamenr": "null",
            "drb": 0.9976900219917297
        },
        {
            "candid": 1232311813515015016,
            "jd": 2458986.8118171,
            "ra": 245.43915,
            "dec": -2.2892655,
            "fid": 2,
            "nid": 1232,
            "magpsf": 15.466099739074707,
            "sigmapsf": 0.02613300085067749,
            "magnr": 18.131999969482422,
            "sigmagnr": 0.020999999716877937,
            "magzpsci": 26.281099319458008,
            "isdiffpos": "t",
            "ssdistnr": -999.0,
            "ssnamenr": "null",
            "drb": 0.8589019775390625
        },
        {
            "candid": 1232378394615015024,
            "jd": 2458986.8783912,
            "ra": 245.4391397,
            "dec": -2.2892699,
            "fid": 1,
            "nid": 1232,
            "magpsf": 16.460899353027344,
            "sigmapsf": 0.03868100047111511,
            "magnr": 21.795000076293945,
            "sigmagnr": 0.13099999725818634,
            "magzpsci": 26.27989959716797,
            "isdiffpos": "t",
            "ssdistnr": -999.0,
            "ssnamenr": "null",
            "drb": 0.9999970197677612
        },
        {
            "candid": 1232379323515015017,
            "jd": 2458986.8793287,
            "ra": 245.4391459,
            "dec": -2.2892787,
            "fid": 1,
            "nid": 1232,
            "magpsf": 16.445499420166016,
            "sigmapsf": 0.02701300010085106,
            "magnr": 18.757999420166016,
            "sigmagnr": 0.020999999716877937,
            "magzpsci": 26.239500045776367,
            "isdiffpos": "t",
            "ssdistnr": -999.0,
            "ssnamenr": "null",
            "drb": 0.9992349743843079
        },
        {
            "candid": 1238311114615015017,
            "jd": 2458992.8111111,
            "ra": 245.4391506,
            "dec": -2.289267,
            "fid": 2,
            "nid": 1238,
            "magpsf": 15.822500228881836,
            "sigmapsf": 0.03435400128364563,
            "magnr": 18.131000518798828,
            "sigmagnr": 0.01899999938905239,
            "magzpsci": 26.24049949645996,
            "isdiffpos": "t",
            "ssdistnr": -999.0,
            "ssnamenr": "null",
            "drb": 0.999983012676239
        },
        {
            "candid": 1238312043515015013,
            "jd": 2458992.8120486,
            "ra": 245.4391511,
            "dec": -2.2892744,
            "fid": 2,
            "nid": 1238,
            "magpsf": 15.84280014038086,
            "sigmapsf": 0.022281000390648842,
            "magnr": 18.131999969482422,
            "sigmagnr": 0.020999999716877937,
            "magzpsci": 26.260799407958984,
            "isdiffpos": "t",
            "ssdistnr": -999.0,
            "ssnamenr": "null",
            "drb": 0.9999909996986389
        },
        {
            "candid": 1241272754615015013,
            "jd": 2458995.7727546,
            "ra": 245.4391458,
            "dec": -2.289277,
            "fid": 2,
            "nid": 1241,
            "magpsf": 16.0039005279541,
            "sigmapsf": 0.03683499991893768,
            "magnr": 18.131000518798828,
            "sigmagnr": 0.01899999938905239,
            "magzpsci": 26.24489974975586,
            "isdiffpos": "t",
            "ssdistnr": -999.0,
            "ssnamenr": "null",
            "drb": 0.9999979734420776
        },
        {
            "candid": 1241291263515015023,
            "jd": 2458995.7912616,
            "ra": 245.4391583,
            "dec": -2.2892599,
            "fid": 2,
            "nid": 1241,
            "magpsf": 16.01140022277832,
            "sigmapsf": 0.029884999617934227,
            "magnr": 18.131999969482422,
            "sigmagnr": 0.020999999716877937,
            "magzpsci": 26.26740074157715,
            "isdiffpos": "t",
            "ssdistnr": -999.0,
            "ssnamenr": "null",
            "drb": 0.9998890161514282
        },
        {
            "candid": 1241296113515015013,
            "jd": 2458995.7961111,
            "ra": 245.4391412,
            "dec": -2.2892867,
            "fid": 1,
            "nid": 1241,
            "magpsf": 17.080900192260742,
            "sigmapsf": 0.03808499872684479,
            "magnr": 18.757999420166016,
            "sigmagnr": 0.020999999716877937,
            "magzpsci": 26.222900390625,
            "isdiffpos": "t",
            "ssdistnr": -999.0,
            "ssnamenr": "null",
            "drb": 1.0
        },
        {
            "candid": 1241314454615015012,
            "jd": 2458995.814456,
            "ra": 245.4391414,
            "dec": -2.2892688,
            "fid": 1,
            "nid": 1241,
            "magpsf": 17.109699249267578,
            "sigmapsf": 0.03901899978518486,
            "magnr": 21.795000076293945,
            "sigmagnr": 0.13099999725818634,
            "magzpsci": 26.2726993560791,
            "isdiffpos": "t",
            "ssdistnr": -999.0,
            "ssnamenr": "null",
            "drb": 1.0
        },
        {
            "candid": 1244293214615015019,
            "jd": 2458998.7932176,
            "ra": 245.4391493,
            "dec": -2.2892614,
            "fid": 2,
            "nid": 1244,
            "magpsf": 16.1653995513916,
            "sigmapsf": 0.03584799915552139,
            "magnr": 18.131000518798828,
            "sigmagnr": 0.01899999938905239,
            "magzpsci": 26.260400772094727,
            "isdiffpos": "t",
            "ssdistnr": -999.0,
            "ssnamenr": "null",
            "drb": 0.989549994468689
        },
        {
            "candid": 1244295613515015016,
            "jd": 2458998.7956134,
            "ra": 245.4391421,
            "dec": -2.289261,
            "fid": 2,
            "nid": 1244,
            "magpsf": 16.170400619506836,
            "sigmapsf": 0.029743999242782593,
            "magnr": 18.131999969482422,
            "sigmagnr": 0.020999999716877937,
            "magzpsci": 26.27440071105957,
            "isdiffpos": "t",
            "ssdistnr": -999.0,
            "ssnamenr": "null",
            "drb": 0.9976289868354797
        },
        {
            "candid": 1247272703515015015,
            "jd": 2459001.7727083,
            "ra": 245.4391629,
            "dec": -2.2892825,
            "fid": 2,
            "nid": 1247,
            "magpsf": 16.298999786376953,
            "sigmapsf": 0.03395000100135803,
            "magnr": 18.131999969482422,
            "sigmagnr": 0.020999999716877937,
            "magzpsci": 26.250999450683594,
            "isdiffpos": "t",
            "ssdistnr": -999.0,
            "ssnamenr": "null",
            "drb": 0.9998300075531006
        },
        {
            "candid": 1247273174615015017,
            "jd": 2459001.7731713,
            "ra": 245.4391475,
            "dec": -2.28927,
            "fid": 2,
            "nid": 1247,
            "magpsf": 16.291000366210938,
            "sigmapsf": 0.04154299944639206,
            "magnr": 18.131000518798828,
            "sigmagnr": 0.01899999938905239,
            "magzpsci": 26.22800064086914,
            "isdiffpos": "t",
            "ssdistnr": -999.0,
            "ssnamenr": "null",
            "drb": 0.9999960064888
        },
        {
            "candid": 1255271533515015009,
            "jd": 2459009.7715394,
            "ra": 245.4391545,
            "dec": -2.289292,
            "fid": 1,
            "nid": 1255,
            "magpsf": 17.547500610351562,
            "sigmapsf": 0.05141400173306465,
            "magnr": 18.757999420166016,
            "sigmagnr": 0.020999999716877937,
            "magzpsci": 26.322500228881836,
            "isdiffpos": "t",
            "ssdistnr": -999.0,
            "ssnamenr": "null",
            "drb": 0.9999970197677612
        },
        {
            "candid": 1255272474615015008,
            "jd": 2459009.7724769,
            "ra": 245.4391473,
            "dec": -2.2893003,
            "fid": 1,
            "nid": 1255,
            "magpsf": 17.525800704956055,
            "sigmapsf": 0.05070599913597107,
            "magnr": 21.795000076293945,
            "sigmagnr": 0.13099999725818634,
            "magzpsci": 26.337799072265625,
            "isdiffpos": "t",
            "ssdistnr": -999.0,
            "ssnamenr": "null",
            "drb": 1.0
        },
        {
            "candid": 1255360334615015010,
            "jd": 2459009.8603356,
            "ra": 245.4391559,
            "dec": -2.2893198,
            "fid": 2,
            "nid": 1255,
            "magpsf": 16.529800415039062,
            "sigmapsf": 0.033654000610113144,
            "magnr": 18.131000518798828,
            "sigmagnr": 0.01899999938905239,
            "magzpsci": 26.31279945373535,
            "isdiffpos": "t",
            "ssdistnr": -999.0,
            "ssnamenr": "null",
            "drb": 1.0
        },
        {
            "candid": 1258250684615015015,
            "jd": 2459012.7506829,
            "ra": 245.4391489,
            "dec": -2.2892666,
            "fid": 2,
            "nid": 1258,
            "magpsf": 16.601200103759766,
            "sigmapsf": 0.04031899943947792,
            "magnr": 18.131000518798828,
            "sigmagnr": 0.01899999938905239,
            "magzpsci": 26.322200775146484,
            "isdiffpos": "t",
            "ssdistnr": -999.0,
            "ssnamenr": "null",
            "drb": 0.9998229742050171
        },
        {
            "candid": 1258251623515015015,
            "jd": 2459012.7516204,
            "ra": 245.4391404,
            "dec": -2.2892707,
            "fid": 2,
            "nid": 1258,
            "magpsf": 16.596200942993164,
            "sigmapsf": 0.027483999729156494,
            "magnr": 18.131999969482422,
            "sigmagnr": 0.020999999716877937,
            "magzpsci": 26.332199096679688,
            "isdiffpos": "t",
            "ssdistnr": -999.0,
            "ssnamenr": "null",
            "drb": 0.9999780058860779
        },
        {
            "candid": 1261315684615015016,
            "jd": 2459015.8156829,
            "ra": 245.4391563,
            "dec": -2.2892833,
            "fid": 2,
            "nid": 1261,
            "magpsf": 16.66510009765625,
            "sigmapsf": 0.04291800037026405,
            "magnr": 18.131000518798828,
            "sigmagnr": 0.01899999938905239,
            "magzpsci": 26.263099670410156,
            "isdiffpos": "t",
            "ssdistnr": -999.0,
            "ssnamenr": "null",
            "drb": 0.9999989867210388
        },
        {
            "candid": 1262335423515015018,
            "jd": 2459016.8354282,
            "ra": 245.4391253,
            "dec": -2.2892649,
            "fid": 1,
            "nid": 1262,
            "magpsf": 17.61009979248047,
            "sigmapsf": 0.04832100123167038,
            "magnr": 18.757999420166016,
            "sigmagnr": 0.020999999716877937,
            "magzpsci": 25.732099533081055,
            "isdiffpos": "t",
            "ssdistnr": -999.0,
            "ssnamenr": "null",
            "drb": 1.0
        },
        {
            "candid": 1264336534615015039,
            "jd": 2459018.8365394,
            "ra": 245.4391384,
            "dec": -2.2892776,
            "fid": 1,
            "nid": 1264,
            "magpsf": 17.638500213623047,
            "sigmapsf": 0.04778699949383736,
            "magnr": 21.795000076293945,
            "sigmagnr": 0.13099999725818634,
            "magzpsci": 26.285499572753906,
            "isdiffpos": "t",
            "ssdistnr": -999.0,
            "ssnamenr": "null",
            "drb": 1.0
        },
        {
            "candid": 1265231223515015009,
            "jd": 2459019.7312269,
            "ra": 245.4391528,
            "dec": -2.2892771,
            "fid": 2,
            "nid": 1265,
            "magpsf": 16.731800079345703,
            "sigmapsf": 0.02978700026869774,
            "magnr": 18.131999969482422,
            "sigmagnr": 0.020999999716877937,
            "magzpsci": 26.280799865722656,
            "isdiffpos": "t",
            "ssdistnr": -999.0,
            "ssnamenr": "null",
            "drb": 0.9999939799308777
        },
        {
            "candid": 1265252343515015024,
            "jd": 2459019.7523495,
            "ra": 245.4391379,
            "dec": -2.2892763,
            "fid": 1,
            "nid": 1265,
            "magpsf": 17.642000198364258,
            "sigmapsf": 0.047579001635313034,
            "magnr": 18.757999420166016,
            "sigmagnr": 0.020999999716877937,
            "magzpsci": 26.250999450683594,
            "isdiffpos": "t",
            "ssdistnr": -999.0,
            "ssnamenr": "null",
            "drb": 0.9999979734420776
        },
        {
            "candid": 1268198923515015011,
            "jd": 2459022.6989236,
            "ra": 245.4391282,
            "dec": -2.2892866,
            "fid": 1,
            "nid": 1268,
            "magpsf": 17.624099731445312,
            "sigmapsf": 0.04874100163578987,
            "magnr": 18.757999420166016,
            "sigmagnr": 0.020999999716877937,
            "magzpsci": 26.271099090576172,
            "isdiffpos": "t",
            "ssdistnr": -999.0,
            "ssnamenr": "null",
            "drb": 0.9999989867210388
        },
        {
            "candid": 1268230263515015017,
            "jd": 2459022.7302662,
            "ra": 245.4391439,
            "dec": -2.289265,
            "fid": 2,
            "nid": 1268,
            "magpsf": 16.7637996673584,
            "sigmapsf": 0.030969999730587006,
            "magnr": 18.131999969482422,
            "sigmagnr": 0.020999999716877937,
            "magzpsci": 26.315799713134766,
            "isdiffpos": "t",
            "ssdistnr": -999.0,
            "ssnamenr": "null",
            "drb": 0.9996520280838013
        },
        {
            "candid": 1270244794615015127,
            "jd": 2459024.7447917,
            "ra": 245.4391438,
            "dec": -2.2892691,
            "fid": 2,
            "nid": 1270,
            "magpsf": 17.008699417114258,
            "sigmapsf": 0.0432559996843338,
            "magnr": 18.131000518798828,
            "sigmagnr": 0.01899999938905239,
            "magzpsci": 25.43869972229004,
            "isdiffpos": "t",
            "ssdistnr": -999.0,
            "ssnamenr": "null",
            "drb": 0.9994549751281738
        },
        {
            "candid": 1270292004615015037,
            "jd": 2459024.7920023,
            "ra": 245.4391517,
            "dec": -2.2892651,
            "fid": 1,
            "nid": 1270,
            "magpsf": 17.58970069885254,
            "sigmapsf": 0.04501599818468094,
            "magnr": 21.795000076293945,
            "sigmagnr": 0.13099999725818634,
            "magzpsci": 25.658700942993164,
            "isdiffpos": "t",
            "ssdistnr": -999.0,
            "ssnamenr": "null",
            "drb": 1.0
        },
        {
            "candid": 1271229913515015013,
            "jd": 2459025.729919,
            "ra": 245.4391276,
            "dec": -2.2892788,
            "fid": 1,
            "nid": 1271,
            "magpsf": 17.702899932861328,
            "sigmapsf": 0.06247200071811676,
            "magnr": 18.757999420166016,
            "sigmagnr": 0.020999999716877937,
            "magzpsci": 25.877899169921875,
            "isdiffpos": "t",
            "ssdistnr": -999.0,
            "ssnamenr": "null",
            "drb": 0.9999420046806335
        },
        {
            "candid": 1273225714615015014,
            "jd": 2459027.7257176,
            "ra": 245.439145,
            "dec": -2.2892717,
            "fid": 1,
            "nid": 1273,
            "magpsf": 17.746200561523438,
            "sigmapsf": 0.04533400014042854,
            "magnr": 21.795000076293945,
            "sigmagnr": 0.13099999725818634,
            "magzpsci": 26.149200439453125,
            "isdiffpos": "t",
            "ssdistnr": -999.0,
            "ssnamenr": "null",
            "drb": 1.0
        },
        {
            "candid": 1273289644615015008,
            "jd": 2459027.7896412,
            "ra": 245.4391594,
            "dec": -2.2892808,
            "fid": 2,
            "nid": 1273,
            "magpsf": 16.967199325561523,
            "sigmapsf": 0.06087400019168854,
            "magnr": 18.131000518798828,
            "sigmagnr": 0.01899999938905239,
            "magzpsci": 26.17620086669922,
            "isdiffpos": "t",
            "ssdistnr": -999.0,
            "ssnamenr": "null",
            "drb": 0.9999979734420776
        },
        {
            "candid": 1274199223515015014,
            "jd": 2459028.6992245,
            "ra": 245.4391244,
            "dec": -2.2892992,
            "fid": 1,
            "nid": 1274,
            "magpsf": 17.76129913330078,
            "sigmapsf": 0.057530999183654785,
            "magnr": 18.757999420166016,
            "sigmagnr": 0.020999999716877937,
            "magzpsci": 26.228300094604492,
            "isdiffpos": "t",
            "ssdistnr": -999.0,
            "ssnamenr": "null",
            "drb": 1.0
        },
        {
            "candid": 1274210743515015012,
            "jd": 2459028.7107407,
            "ra": 245.4391364,
            "dec": -2.2892982,
            "fid": 2,
            "nid": 1274,
            "magpsf": 16.988500595092773,
            "sigmapsf": 0.03543400019407272,
            "magnr": 18.131999969482422,
            "sigmagnr": 0.020999999716877937,
            "magzpsci": 26.276500701904297,
            "isdiffpos": "t",
            "ssdistnr": -999.0,
            "ssnamenr": "null",
            "drb": 0.9999970197677612
        },
        {
            "candid": 1279189913515015006,
            "jd": 2459033.689919,
            "ra": 245.4391658,
            "dec": -2.2892806,
            "fid": 1,
            "nid": 1279,
            "magpsf": 17.900299072265625,
            "sigmapsf": 0.07207600027322769,
            "magnr": 18.757999420166016,
            "sigmagnr": 0.020999999716877937,
            "magzpsci": 26.314300537109375,
            "isdiffpos": "t",
            "ssdistnr": -999.0,
            "ssnamenr": "null",
            "drb": 1.0
        },
        {
            "candid": 1279209564615015007,
            "jd": 2459033.7095602,
            "ra": 245.4391184,
            "dec": -2.2892946,
            "fid": 1,
            "nid": 1279,
            "magpsf": 17.89539909362793,
            "sigmapsf": 0.08608199656009674,
            "magnr": 21.795000076293945,
            "sigmagnr": 0.13099999725818634,
            "magzpsci": 26.347400665283203,
            "isdiffpos": "t",
            "ssdistnr": -999.0,
            "ssnamenr": "null",
            "drb": 0.9999989867210388
        },
        {
            "candid": 1282214743515015007,
            "jd": 2459036.7147454,
            "ra": 245.4391493,
            "dec": -2.2892684,
            "fid": 1,
            "nid": 1282,
            "magpsf": 17.899200439453125,
            "sigmapsf": 0.06286200135946274,
            "magnr": 18.757999420166016,
            "sigmagnr": 0.020999999716877937,
            "magzpsci": 26.323200225830078,
            "isdiffpos": "t",
            "ssdistnr": -999.0,
            "ssnamenr": "null",
            "drb": 1.0
        },
        {
            "candid": 1282215214615015010,
            "jd": 2459036.7152199,
            "ra": 245.4391336,
            "dec": -2.2892638,
            "fid": 1,
            "nid": 1282,
            "magpsf": 17.93079948425293,
            "sigmapsf": 0.059765998274087906,
            "magnr": 21.795000076293945,
            "sigmagnr": 0.13099999725818634,
            "magzpsci": 26.356800079345703,
            "isdiffpos": "t",
            "ssdistnr": -999.0,
            "ssnamenr": "null",
            "drb": 1.0
        },
        {
            "candid": 1282274363515015009,
            "jd": 2459036.7743634,
            "ra": 245.4391583,
            "dec": -2.2892825,
            "fid": 2,
            "nid": 1282,
            "magpsf": 17.182600021362305,
            "sigmapsf": 0.03842899948358536,
            "magnr": 18.131999969482422,
            "sigmagnr": 0.020999999716877937,
            "magzpsci": 26.346599578857422,
            "isdiffpos": "t",
            "ssdistnr": -999.0,
            "ssnamenr": "null",
            "drb": 1.0
        },
        {
            "candid": 1282274824615015006,
            "jd": 2459036.7748264,
            "ra": 245.4391533,
            "dec": -2.2893019,
            "fid": 2,
            "nid": 1282,
            "magpsf": 17.23349952697754,
            "sigmapsf": 0.06055999919772148,
            "magnr": 18.131000518798828,
            "sigmagnr": 0.01899999938905239,
            "magzpsci": 26.34749984741211,
            "isdiffpos": "t",
            "ssdistnr": -999.0,
            "ssnamenr": "null",
            "drb": 0.9999989867210388
        },
        {
            "candid": 1285193044615015019,
            "jd": 2459039.693044,
            "ra": 245.4391417,
            "dec": -2.2892683,
            "fid": 1,
            "nid": 1285,
            "magpsf": 17.963600158691406,
            "sigmapsf": 0.05135200172662735,
            "magnr": 21.795000076293945,
            "sigmagnr": 0.13099999725818634,
            "magzpsci": 26.342599868774414,
            "isdiffpos": "t",
            "ssdistnr": -999.0,
            "ssnamenr": "null",
            "drb": 0.9999989867210388
        },
        {
            "candid": 1285193513515015015,
            "jd": 2459039.6935185,
            "ra": 245.4391265,
            "dec": -2.2892772,
            "fid": 1,
            "nid": 1285,
            "magpsf": 17.953399658203125,
            "sigmapsf": 0.06274300068616867,
            "magnr": 18.757999420166016,
            "sigmagnr": 0.020999999716877937,
            "magzpsci": 26.30340003967285,
            "isdiffpos": "t",
            "ssdistnr": -999.0,
            "ssnamenr": "null",
            "drb": 0.9999979734420776
        },
        {
            "candid": 1285232774615015018,
            "jd": 2459039.7327778,
            "ra": 245.4391579,
            "dec": -2.2892693,
            "fid": 2,
            "nid": 1285,
            "magpsf": 17.22439956665039,
            "sigmapsf": 0.04067299887537956,
            "magnr": 18.131000518798828,
            "sigmagnr": 0.01899999938905239,
            "magzpsci": 26.322399139404297,
            "isdiffpos": "t",
            "ssdistnr": -999.0,
            "ssnamenr": "null",
            "drb": 1.0
        },
        {
            "candid": 1288194663515015013,
            "jd": 2459042.6946644,
            "ra": 245.439116,
            "dec": -2.2892787,
            "fid": 1,
            "nid": 1288,
            "magpsf": 18.01759910583496,
            "sigmapsf": 0.06421799957752228,
            "magnr": 18.757999420166016,
            "sigmagnr": 0.020999999716877937,
            "magzpsci": 26.212600708007812,
            "isdiffpos": "t",
            "ssdistnr": -999.0,
            "ssnamenr": "null",
            "drb": 0.9999989867210388
        },
        {
            "candid": 1288211113515015012,
            "jd": 2459042.7111111,
            "ra": 245.439148,
            "dec": -2.2892653,
            "fid": 2,
            "nid": 1288,
            "magpsf": 17.333999633789062,
            "sigmapsf": 0.042785998433828354,
            "magnr": 18.131999969482422,
            "sigmagnr": 0.020999999716877937,
            "magzpsci": 26.260000228881836,
            "isdiffpos": "t",
            "ssdistnr": -999.0,
            "ssnamenr": "null",
            "drb": 0.9995480179786682
        },
        {
            "candid": 1288299404615015009,
            "jd": 2459042.7994097,
            "ra": 245.4391604,
            "dec": -2.2892741,
            "fid": 1,
            "nid": 1288,
            "magpsf": 17.96030044555664,
            "sigmapsf": 0.059059999883174896,
            "magnr": 21.795000076293945,
            "sigmagnr": 0.13099999725818634,
            "magzpsci": 26.146299362182617,
            "isdiffpos": "t",
            "ssdistnr": -999.0,
            "ssnamenr": "null",
            "drb": 0.9999930262565613
        },
        {
            "candid": 1291190623515015017,
            "jd": 2459045.690625,
            "ra": 245.4391529,
            "dec": -2.289274,
            "fid": 2,
            "nid": 1291,
            "magpsf": 17.34600067138672,
            "sigmapsf": 0.03790200129151344,
            "magnr": 18.131999969482422,
            "sigmagnr": 0.020999999716877937,
            "magzpsci": 26.31599998474121,
            "isdiffpos": "t",
            "ssdistnr": -999.0,
            "ssnamenr": "null",
            "drb": 0.9999589920043945
        },
        {
            "candid": 1291227894615015009,
            "jd": 2459045.7278935,
            "ra": 245.4391608,
            "dec": -2.289284,
            "fid": 2,
            "nid": 1291,
            "magpsf": 17.34630012512207,
            "sigmapsf": 0.052852001041173935,
            "magnr": 18.131000518798828,
            "sigmagnr": 0.01899999938905239,
            "magzpsci": 26.310300827026367,
            "isdiffpos": "t",
            "ssdistnr": -999.0,
            "ssnamenr": "null",
            "drb": 0.9999579787254333
        },
        {
            "candid": 1291263374615015016,
            "jd": 2459045.7633796,
            "ra": 245.4391469,
            "dec": -2.2892691,
            "fid": 1,
            "nid": 1291,
            "magpsf": 18.065900802612305,
            "sigmapsf": 0.053293000906705856,
            "magnr": 21.795000076293945,
            "sigmagnr": 0.13099999725818634,
            "magzpsci": 26.311899185180664,
            "isdiffpos": "t",
            "ssdistnr": -999.0,
            "ssnamenr": "null",
            "drb": 1.0
        },
        {
            "candid": 1294188784615015022,
            "jd": 2459048.6887847,
            "ra": 245.439151,
            "dec": -2.2892664,
            "fid": 2,
            "nid": 1294,
            "magpsf": 17.40239906311035,
            "sigmapsf": 0.04815800115466118,
            "magnr": 18.131000518798828,
            "sigmagnr": 0.01899999938905239,
            "magzpsci": 26.324399948120117,
            "isdiffpos": "t",
            "ssdistnr": -999.0,
            "ssnamenr": "null",
            "drb": 0.9997760057449341
        },
        {
            "candid": 1294189743515015015,
            "jd": 2459048.6897454,
            "ra": 245.439152,
            "dec": -2.289252,
            "fid": 2,
            "nid": 1294,
            "magpsf": 17.404300689697266,
            "sigmapsf": 0.0490880012512207,
            "magnr": 18.131999969482422,
            "sigmagnr": 0.020999999716877937,
            "magzpsci": 26.337299346923828,
            "isdiffpos": "t",
            "ssdistnr": -999.0,
            "ssnamenr": "null",
            "drb": 0.9986389875411987
        },
        {
            "candid": 1294253044615015008,
            "jd": 2459048.753044,
            "ra": 245.4391401,
            "dec": -2.2892691,
            "fid": 1,
            "nid": 1294,
            "magpsf": 18.03030014038086,
            "sigmapsf": 0.05255899950861931,
            "magnr": 21.795000076293945,
            "sigmagnr": 0.13099999725818634,
            "magzpsci": 26.319299697875977,
            "isdiffpos": "t",
            "ssdistnr": -999.0,
            "ssnamenr": "null",
            "drb": 1.0
        },
        {
            "candid": 1297168093515015010,
            "jd": 2459051.6680903,
            "ra": 245.4391329,
            "dec": -2.2892978,
            "fid": 1,
            "nid": 1297,
            "magpsf": 18.123899459838867,
            "sigmapsf": 0.05953599885106087,
            "magnr": 18.757999420166016,
            "sigmagnr": 0.020999999716877937,
            "magzpsci": 26.27589988708496,
            "isdiffpos": "t",
            "ssdistnr": -999.0,
            "ssnamenr": "null",
            "drb": 1.0
        },
        {
            "candid": 1297189743515015016,
            "jd": 2459051.6897454,
            "ra": 245.4391317,
            "dec": -2.2892848,
            "fid": 2,
            "nid": 1297,
            "magpsf": 17.4468994140625,
            "sigmapsf": 0.03949100151658058,
            "magnr": 18.131999969482422,
            "sigmagnr": 0.020999999716877937,
            "magzpsci": 26.291900634765625,
            "isdiffpos": "t",
            "ssdistnr": -999.0,
            "ssnamenr": "null",
            "drb": 0.9999989867210388
        },
        {
            "candid": 1297242324615015006,
            "jd": 2459051.7423264,
            "ra": 245.4391484,
            "dec": -2.2892848,
            "fid": 2,
            "nid": 1297,
            "magpsf": 17.457199096679688,
            "sigmapsf": 0.06072700023651123,
            "magnr": 18.131000518798828,
            "sigmagnr": 0.01899999938905239,
            "magzpsci": 26.2731990814209,
            "isdiffpos": "t",
            "ssdistnr": -999.0,
            "ssnamenr": "null",
            "drb": 1.0
        },
        {
            "candid": 1310190433515015006,
            "jd": 2459064.6904398,
            "ra": 245.4391593,
            "dec": -2.2893669,
            "fid": 1,
            "nid": 1310,
            "magpsf": 18.510900497436523,
            "sigmapsf": 0.13109999895095825,
            "magnr": 18.757999420166016,
            "sigmagnr": 0.020999999716877937,
            "magzpsci": 26.168899536132812,
            "isdiffpos": "t",
            "ssdistnr": -999.0,
            "ssnamenr": "-999.0",
            "drb": null
        },
        {
            "candid": 1310273513515015007,
            "jd": 2459064.7735185,
            "ra": 245.4391958,
            "dec": -2.289278,
            "fid": 2,
            "nid": 1310,
            "magpsf": 17.690000534057617,
            "sigmapsf": 0.07707499712705612,
            "magnr": 18.131999969482422,
            "sigmagnr": 0.020999999716877937,
            "magzpsci": 26.222999572753906,
            "isdiffpos": "t",
            "ssdistnr": -999.0,
            "ssnamenr": "null",
            "drb": 1.0
        },
        {
            "candid": 1310294904615015002,
            "jd": 2459064.7949074,
            "ra": 245.4391539,
            "dec": -2.2892522,
            "fid": 2,
            "nid": 1310,
            "magpsf": 17.757200241088867,
            "sigmapsf": 0.10031799972057343,
            "magnr": 18.131000518798828,
            "sigmagnr": 0.01899999938905239,
            "magzpsci": 26.12420082092285,
            "isdiffpos": "t",
            "ssdistnr": -999.0,
            "ssnamenr": "null",
            "drb": 0.9999979734420776
        },
        {
            "jd": 2458939.95926,
            "fid": 1,
            "diffmaglim": 18.496000289916992
        },
        {
            "jd": 2458939.98124,
            "fid": 2,
            "diffmaglim": 16.347000122070312
        },
        {
            "jd": 2458939.98304,
            "fid": 2,
            "diffmaglim": 15.993000030517578
        },
        {
            "jd": 2458943.93816,
            "fid": 1,
            "diffmaglim": 19.898000717163086
        },
        {
            "jd": 2458943.97958,
            "fid": 2,
            "diffmaglim": 20.066999435424805
        },
        {
            "jd": 2458944.90182,
            "fid": 2,
            "diffmaglim": 19.499000549316406
        },
        {
            "jd": 2458944.96,
            "fid": 1,
            "diffmaglim": 19.66200065612793
        },
        {
            "jd": 2458954.89929,
            "fid": 1,
            "diffmaglim": 20.16200065612793
        },
        {
            "jd": 2458954.91834,
            "fid": 1,
            "diffmaglim": 20.03499984741211
        },
        {
            "jd": 2458954.93929,
            "fid": 2,
            "diffmaglim": 19.761999130249023
        },
        {
            "jd": 2458954.95935,
            "fid": 2,
            "diffmaglim": 19.930999755859375
        }
    ],
    "forcedphot": []
}