{
    "objectId": "ZTF21abdkojo",
    "candidates": [
        {
            "candid": 1613211784415015002,
            "jd": 2459367.7117824,
            "ra": 206.104285,
            "dec": 20.4189949,
            "fid": 2,
            "nid": 1613,
            "magpsf": 20.378700256347656,
            "sigmapsf": 0.2163430005311966,
            "magnr": 20.996999740600586,
            "sigmagnr": 0.1289999932050705,
            "magzpsci": 26.297700881958008,
            "isdiffpos": "t",
            "ssdistnr": null,
            "ssnamenr": null,
            "drb": 0.9983270168304443
        },
        {
            "candid": 1615191674415015003,
            "jd": 2459369.6916782,
            "ra": 206.1043775,
            "dec": 20.4189659,
            "fid": 2,
            "nid": 1615,
            "magpsf": 19.3799991607666,
            "sigmapsf": 0.10006000101566315,
            "magnr": 20.996999740600586,
            "sigmagnr": 0.1289999932050705,
            "magzpsci": 26.339000701904297,
            "isdiffpos": "t",
            "ssdistnr": null,
            "ssnamenr": null,
            "drb": null
        },
        {
            "candid": 1615249214415015003,
            "jd": 2459369.749213,
            "ra": 206.1043904,
            "dec": 20.4189491,
            "fid": 1,
            "nid": 1615,
            "magpsf": 19.6200008392334,
            "sigmapsf": 0.09978000074625015,
            "magnr": 21.12299919128418,
            "sigmagnr": 0.11999999731779099,
            "magzpsci": 26.354000091552734,
            "isdiffpos": "t",
            "ssdistnr": null,
            "ssnamenr": null,
            "drb": null
        },
        {
            "candid": 1617213264415015001,
            "jd": 2459371.7132639,
            "ra": 206.1043863,
            "dec": 20.4189677,
            "fid": 2,
            "nid": 1617,
            "magpsf": 18.96139907836914,
            "sigmapsf": 0.0737600028514862,
            "magnr": 20.996999740600586,
            "sigmagnr": 0.1289999932050705,
            "magzpsci": 26.34239959716797,
            "isdiffpos": "t",
            "ssdistnr": null,
            "ssnamenr": null,
            "drb": null
        },
        {
            "candid": 1619260904415015001,
            "jd": 2459373.7609028,
            "ra": 206.1043714,
            "dec": 20.4189353,
            "fid": 1,
            "nid": 1619,
            "magpsf": 19.104700088500977,
            "sigmapsf": 0.08087699860334396,
            "magnr": 21.12299919128418,
            "sigmagnr": 0.11999999731779099,
            "magzpsci": 26.3617000579834,
            "isdiffpos": "t",
            "ssdistnr": null,
            "ssnamenr": null,
            "drb": null
        },
        {
            "candid": 1621247324415015005,
            "jd": 2459375.7473264,
            "ra": 206.10439,
            "dec": 20.4189573,
            "fid": 2,
            "nid": 1621,
            "magpsf": 18.791200637817383,
            "sigmapsf": 0.08758500218391418,
            "magnr": 20.996999740600586,
            "sigmagnr": 0.1289999932050705,
            "magzpsci": 26.353200912475586,
            "isdiffpos": "t",
            "ssdistnr": null,
            "ssnamenr": null,
            "drb": null
        },
        {
            "candid": 1621277264415015006,
            "jd": 2459375.7772685,
            "ra": 206.1043849,
            "dec": 20.4189382,
            "fid": 1,
            "nid": 1621,
            "magpsf": 19.101299285888672,
            "sigmapsf": 0.08793599903583527,
            "magnr": 21.12299919128418,
            "sigmagnr": 0.11999999731779099,
            "magzpsci": 26.355300903320312,
            "isdiffpos": "t",
            "ssdistnr": null,
            "ssnamenr": null,
            "drb": null
        },
        {
            "candid": 1623229364415015010,
            "jd": 2459377.7293634,
            "ra": 206.1043997,
            "dec": 20.418966,
            "fid": 2,
            "nid": 1623,
            "magpsf": 18.88409996032715,
            "sigmapsf": 0.08468600362539291,
            "magnr": 20.996999740600586,
            "sigmagnr": 0.1289999932050705,
            "magzpsci": 26.359100341796875,
            "isdiffpos": "t",
            "ssdistnr": null,
            "ssnamenr": null,
            "drb": null
        },
        {
            "candid": 1623312404415015004,
            "jd": 2459377.8124074,
            "ra": 206.1043698,
            "dec": 20.4189445,
            "fid": 1,
            "nid": 1623,
            "magpsf": 19.3125,
            "sigmapsf": 0.10263299942016602,
            "magnr": 21.12299919128418,
            "sigmagnr": 0.11999999731779099,
            "magzpsci": 26.327499389648438,
            "isdiffpos": "t",
            "ssdistnr": null,
            "ssnamenr": null,
            "drb": null
        },
        {
            "candid": 1625235594415015010,
            "jd": 2459379.7355903,
            "ra": 206.1044094,
            "dec": 20.4189771,
            "fid": 2,
            "nid": 1625,
            "magpsf": 19.028200149536133,
            "sigmapsf": 0.10477200150489807,
            "magnr": 20.996999740600586,
            "sigmagnr": 0.1289999932050705,
            "magzpsci": 26.36520004272461,
            "isdiffpos": "t",
            "ssdistnr": null,
            "ssnamenr": null,
            "drb": null
        },
        {
            "candid": 1625290714415015002,
            "jd": 2459379.7907176,
            "ra": 206.1044149,
            "dec": 20.4189422,
            "fid": 1,
            "nid": 1625,
            "magpsf": 19.542999267578125,
            "sigmapsf": 0.15402600169181824,
            "magnr": 21.12299919128418,
            "sigmagnr": 0.11999999731779099,
            "magzpsci": 26.13800048828125,
            "isdiffpos": "t",
            "ssdistnr": null,
            "ssnamenr": null,
            "drb": null
        },
        {
            "candid": 1627198724415015005,
            "jd": 2459381.6987269,
            "ra": 206.1043574,
            "dec": 20.4189593,
            "fid": 2,
            "nid": 1627,
            "magpsf": 19.114599227905273,
            "sigmapsf": 0.14513200521469116,
            "magnr": 20.996999740600586,
            "sigmagnr": 0.1289999932050705,
            "magzpsci": 26.027599334716797,
            "isdiffpos": "t",
            "ssdistnr": null,
            "ssnamenr": null,
            "drb": null
        },
        {
            "candid": 1629193784415015019,
            "jd": 2459383.6937847,
            "ra": 206.104401,
            "dec": 20.4189378,
            "fid": 2,
            "nid": 1629,
            "magpsf": 19.249099731445312,
            "sigmapsf": 0.15787799656391144,
            "magnr": 20.996999740600586,
            "sigmagnr": 0.1289999932050705,
            "magzpsci": 26.157100677490234,
            "isdiffpos": "t",
            "ssdistnr": null,
            "ssnamenr": null,
            "drb": null
        },
        {
            "candid": 1631211844415015003,
            "jd": 2459385.7118403,
            "ra": 206.1043719,
            "dec": 20.4189343,
            "fid": 2,
            "nid": 1631,
            "magpsf": 19.291500091552734,
            "sigmapsf": 0.13051900267601013,
            "magnr": 20.996999740600586,
            "sigmagnr": 0.1289999932050705,
            "magzpsci": 26.327499389648438,
            "isdiffpos": "t",
            "ssdistnr": null,
            "ssnamenr": null,
            "drb": null
        },
        {
            "candid": 1639191414415015008,
            "jd": 2459393.691412,
            "ra": 206.1044546,
            "dec": 20.4189765,
            "fid": 2,
            "nid": 1639,
            "magpsf": 20.223100662231445,
            "sigmapsf": 0.201773002743721,
            "magnr": 20.996999740600586,
            "sigmagnr": 0.1289999932050705,
            "magzpsci": 26.315099716186523,
            "isdiffpos": "t",
            "ssdistnr": -999.0,
            "ssnamenr": "null",
            "drb": null
        },
        {
            "jd": 2459338.7751273,
            "fid": 2,
            "diffmaglim": 20.69300079345703
        },
        {
            "jd": 2459338.8175694,
            "fid": 1,
            "diffmaglim": 20.811599731445312
        },
        {
            "jd": 2459340.7953009,
            "fid": 2,
            "diffmaglim": 20.753400802612305
        },
        {
            "jd": 2459340.8378241,
            "fid": 1,
            "diffmaglim": 20.817800521850586
        },
        {
            "jd": 2459342.7964352,
            "fid": 2,
            "diffmaglim": 20.803499221801758
        },
        {
            "jd": 2459342.8396875,
            "fid": 1,
            "diffmaglim": 20.73539924621582
        },
        {
            "jd": 2459344.7967477,
            "fid": 1,
            "diffmaglim": 21.030899047851562
        },
        {
            "jd": 2459344.8938079,
            "fid": 2,
            "diffmaglim": 20.518400192260742
        },
        {
            "jd": 2459346.7975463,
            "fid": 2,
            "diffmaglim": 20.786800384521484
        },
        {
            "jd": 2459346.8599421,
            "fid": 1,
            "diffmaglim": 20.784799575805664
        },
        {
            "jd": 2459348.8090625,
            "fid": 2,
            "diffmaglim": 20.834800720214844
        },
        {
            "jd": 2459348.843044,
            "fid": 1,
            "diffmaglim": 20.802799224853516
        },
        {
            "jd": 2459350.7793981,
            "fid": 2,
            "diffmaglim": 20.428800582885742
        },
        {
            "jd": 2459354.731875,
            "fid": 2,
            "diffmaglim": 20.208499908447266
        },
        {
            "jd": 2459354.8375,
            "fid": 1,
            "diffmaglim": 19.82939910888672
        },
        {
            "jd": 2459358.8114815,
            "fid": 2,
            "diffmaglim": 19.306299209594727
        },
        {
            "jd": 2459358.8903704,
            "fid": 1,
            "diffmaglim": 18.946800231933594
        },
        {
            "jd": 2459361.8544329,
            "fid": 2,
            "diffmaglim": 19.729799270629883
        },
        {
            "jd": 2459363.8187616,
            "fid": 2,
            "diffmaglim": 20.125499725341797
        },
        {
            "jd": 2459365.785544,
            "fid": 1,
            "diffmaglim": 20.42620086669922
        },
        {
            "jd": 2459367.7747801,
            "fid": 1,
            "diffmaglim": 20.78569984436035
        },
        {
            "jd": 2459381.7984144,
            "fid": 1,
            "diffmaglim": 19.043899536132812
        },
        {
            "jd": 2459383.7591088,
            "fid": 1,
            "diffmaglim": 19.49449920654297
        },
        {
            "jd": 2459385.7781944,
            "fid": 1,
            "diffmaglim": 19.296199798583984
        },
        {
            "jd": 2459387.712581,
            "fid": 2,
            "diffmaglim": 19.669300079345703
        },
        {
            "jd": 2459387.7954167,
            "fid": 1,
            "diffmaglim": 19.111799240112305
        },
        {
            "jd": 2459391.6958449,
            "fid": 1,
            "diffmaglim": 20.228099822998047
        },
        {
            "jd": 2459391.7561458,
            "fid": 2,
            "diffmaglim": 19.813100814819336
        }
    ],
    "forcedphot": []
}