{
    "objectId": "ZTF23aaeebxm",
    "candidates": [
        {
            "candid": 2277273511415015005,
            "jd": 2460031.7735185,
            "ra": 159.8539046,
            "dec": -27.9111574,
            "fid": 1,
            "nid": 2277,
            "magpsf": 19.52899932861328,
            "sigmapsf": 0.23203100264072418,
            "magnr": 18.697999954223633,
            "sigmagnr": 0.07699999958276749,
            "magzpsci": 25.864999771118164,
            "isdiffpos": "t",
            "ssdistnr": null,
            "ssnamenr": null,
            "drb": null
        },
        {
            "candid": 2282252931415015008,
            "jd": 2460036.7529398,
            "ra": 159.8540104,
            "dec": -27.9111696,
            "fid": 2,
            "nid": 2282,
            "magpsf": 17.781600952148438,
            "sigmapsf": 0.11414799839258194,
            "magnr": 18.604999542236328,
            "sigmagnr": 0.12399999797344208,
            "magzpsci": 25.941600799560547,
            "isdiffpos": "t",
            "ssdistnr": null,
            "ssnamenr": null,
            "drb": null
        },
        {
            "candid": 2282292481415015025,
            "jd": 2460036.7924884,
            "ra": 159.8537845,
            "dec": -27.9112184,
            "fid": 1,
            "nid": 2282,
            "magpsf": 19.131500244140625,
            "sigmapsf": 0.3218879997730255,
            "magnr": 18.697999954223633,
            "sigmagnr": 0.07699999958276749,
            "magzpsci": 25.938499450683594,
            "isdiffpos": "t",
            "ssdistnr": null,
            "ssnamenr": null,
            "drb": null
        },
        {
            "candid": 2289253911415015008,
            "jd": 2460043.753912,
            "ra": 159.8539463,
            "dec": -27.9111587,
            "fid": 2,
            "nid": 2289,
            "magpsf": 17.218700408935547,
            "sigmapsf": 0.07996799796819687,
            "magnr": 18.604999542236328,
            "sigmagnr": 0.12399999797344208,
            "magzpsci": 25.720699310302734,
            "isdiffpos": "t",
            "ssdistnr": null,
            "ssnamenr": null,
            "drb": null
        },
        {
            "candid": 2291251551415015010,
            "jd": 2460045.7515509,
            "ra": 159.8539316,
            "dec": -27.9111561,
            "fid": 2,
            "nid": 2291,
            "magpsf": 17.208499908447266,
            "sigmapsf": 0.07558699697256088,
            "magnr": 18.604999542236328,
            "sigmagnr": 0.12399999797344208,
            "magzpsci": 25.922500610351562,
            "isdiffpos": "t",
            "ssdistnr": null,
            "ssnamenr": null,
            "drb": null
        },
        {
            "candid": 2292203060315015020,
            "jd": 2460046.7030671,
            "ra": 159.8539464,
            "dec": -27.9111837,
            "fid": 1,
            "nid": 2292,
            "magpsf": 18.421100616455078,
            "sigmapsf": 0.08059000223875046,
            "magnr": 18.638999938964844,
            "sigmagnr": 0.08799999952316284,
            "magzpsci": 25.857099533081055,
            "isdiffpos": "t",
            "ssdistnr": null,
            "ssnamenr": null,
            "drb": null
        },
        {
            "candid": 2295209941415015009,
            "jd": 2460049.7099421,
            "ra": 159.8539424,
            "dec": -27.9111672,
            "fid": 2,
            "nid": 2295,
            "magpsf": 17.245100021362305,
            "sigmapsf": 0.059664998203516006,
            "magnr": 18.604999542236328,
            "sigmagnr": 0.12399999797344208,
            "magzpsci": 25.874099731445312,
            "isdiffpos": "t",
            "ssdistnr": null,
            "ssnamenr": null,
            "drb": null
        },
        {
            "candid": 2297209821415015012,
            "jd": 2460051.7098264,
            "ra": 159.8539419,
            "dec": -27.9111974,
            "fid": 1,
            "nid": 2297,
            "magpsf": 18.589000701904297,
            "sigmapsf": 0.09375199675559998,
            "magnr": 18.697999954223633,
            "sigmagnr": 0.07699999958276749,
            "magzpsci": 26.00200080871582,
            "isdiffpos": "t",
            "ssdistnr": null,
            "ssnamenr": null,
            "drb": null
        },
        {
            "candid": 2299261301415015048,
            "jd": 2460053.7613079,
            "ra": 159.8540099,
            "dec": -27.9110936,
            "fid": 2,
            "nid": 2299,
            "magpsf": 17.423900604248047,
            "sigmapsf": 0.12956100702285767,
            "magnr": 18.604999542236328,
            "sigmagnr": 0.12399999797344208,
            "magzpsci": 25.66390037536621,
            "isdiffpos": "t",
            "ssdistnr": null,
            "ssnamenr": null,
            "drb": null
        },
        {
            "candid": 2301227291415015015,
            "jd": 2460055.7272917,
            "ra": 159.8539481,
            "dec": -27.9111682,
            "fid": 2,
            "nid": 2301,
            "magpsf": 17.41819953918457,
            "sigmapsf": 0.09310399740934372,
            "magnr": 18.604999542236328,
            "sigmagnr": 0.12399999797344208,
            "magzpsci": 25.910200119018555,
            "isdiffpos": "t",
            "ssdistnr": null,
            "ssnamenr": null,
            "drb": null
        },
        {
            "candid": 2301273261415015008,
            "jd": 2460055.7732639,
            "ra": 159.8539629,
            "dec": -27.9111089,
            "fid": 1,
            "nid": 2301,
            "magpsf": 19.09600067138672,
            "sigmapsf": 0.2142139971256256,
            "magnr": 18.697999954223633,
            "sigmagnr": 0.07699999958276749,
            "magzpsci": 25.891000747680664,
            "isdiffpos": "t",
            "ssdistnr": null,
            "ssnamenr": null,
            "drb": null
        },
        {
            "candid": 2303168141415015016,
            "jd": 2460057.6681481,
            "ra": 159.8539352,
            "dec": -27.9111668,
            "fid": 2,
            "nid": 2303,
            "magpsf": 17.63330078125,
            "sigmapsf": 0.07341399788856506,
            "magnr": 18.604999542236328,
            "sigmagnr": 0.12399999797344208,
            "magzpsci": 25.94529914855957,
            "isdiffpos": "t",
            "ssdistnr": null,
            "ssnamenr": null,
            "drb": null
        },
        {
            "candid": 2303189761415015019,
            "jd": 2460057.6897685,
            "ra": 159.8539802,
            "dec": -27.9112325,
            "fid": 1,
            "nid": 2303,
            "magpsf": 19.08919906616211,
            "sigmapsf": 0.1929360032081604,
            "magnr": 18.697999954223633,
            "sigmagnr": 0.07699999958276749,
            "magzpsci": 25.9862003326416,
            "isdiffpos": "t",
            "ssdistnr": null,
            "ssnamenr": null,
            "drb": null
        },
        {
            "candid": 2305168271415015015,
            "jd": 2460059.6682755,
            "ra": 159.8541318,
            "dec": -27.9112453,
            "fid": 1,
            "nid": 2305,
            "magpsf": 19.216800689697266,
            "sigmapsf": 0.22594000399112701,
            "magnr": 18.697999954223633,
            "sigmagnr": 0.07699999958276749,
            "magzpsci": 25.843799591064453,
            "isdiffpos": "t",
            "ssdistnr": null,
            "ssnamenr": null,
            "drb": null
        },
        {
            "candid": 2305209401415015013,
            "jd": 2460059.7094097,
            "ra": 159.8539547,
            "dec": -27.9111742,
            "fid": 2,
            "nid": 2305,
            "magpsf": 17.697799682617188,
            "sigmapsf": 0.09006500244140625,
            "magnr": 18.604999542236328,
            "sigmagnr": 0.12399999797344208,
            "magzpsci": 25.837799072265625,
            "isdiffpos": "t",
            "ssdistnr": null,
            "ssnamenr": null,
            "drb": null
        },
        {
            "candid": 2306256200315015003,
            "jd": 2460060.7562037,
            "ra": 159.8539061,
            "dec": -27.9111553,
            "fid": 2,
            "nid": 2306,
            "magpsf": 17.9468994140625,
            "sigmapsf": 0.1084590032696724,
            "magnr": 17.059999465942383,
            "sigmagnr": 0.05299999937415123,
            "magzpsci": 25.6919002532959,
            "isdiffpos": "t",
            "ssdistnr": null,
            "ssnamenr": null,
            "drb": null
        },
        {
            "candid": 2307168251415015008,
            "jd": 2460061.6682523,
            "ra": 159.8540166,
            "dec": -27.9111534,
            "fid": 1,
            "nid": 2307,
            "magpsf": 19.518699645996094,
            "sigmapsf": 0.2278199940919876,
            "magnr": 18.697999954223633,
            "sigmagnr": 0.07699999958276749,
            "magzpsci": 25.911699295043945,
            "isdiffpos": "t",
            "ssdistnr": null,
            "ssnamenr": null,
            "drb": null
        },
        {
            "candid": 2307206811415015008,
            "jd": 2460061.7068171,
            "ra": 159.8539256,
            "dec": -27.9111665,
            "fid": 2,
            "nid": 2307,
            "magpsf": 17.925199508666992,
            "sigmapsf": 0.07046599686145782,
            "magnr": 18.604999542236328,
            "sigmagnr": 0.12399999797344208,
            "magzpsci": 25.888200759887695,
            "isdiffpos": "t",
            "ssdistnr": null,
            "ssnamenr": null,
            "drb": null
        },
        {
            "candid": 2309170621415015007,
            "jd": 2460063.670625,
            "ra": 159.8538282,
            "dec": -27.9111394,
            "fid": 1,
            "nid": 2309,
            "magpsf": 19.56839942932129,
            "sigmapsf": 0.2631849944591522,
            "magnr": 18.697999954223633,
            "sigmagnr": 0.07699999958276749,
            "magzpsci": 25.924400329589844,
            "isdiffpos": "t",
            "ssdistnr": null,
            "ssnamenr": null,
            "drb": null
        },
        {
            "candid": 2309243991415015007,
            "jd": 2460063.7439931,
            "ra": 159.8539076,
            "dec": -27.9111436,
            "fid": 2,
            "nid": 2309,
            "magpsf": 18.16390037536621,
            "sigmapsf": 0.10514900088310242,
            "magnr": 18.604999542236328,
            "sigmagnr": 0.12399999797344208,
            "magzpsci": 25.877899169921875,
            "isdiffpos": "t",
            "ssdistnr": null,
            "ssnamenr": null,
            "drb": null
        },
        {
            "candid": 2311209101415015013,
            "jd": 2460065.7091088,
            "ra": 159.8539589,
            "dec": -27.9111674,
            "fid": 2,
            "nid": 2311,
            "magpsf": 18.052000045776367,
            "sigmapsf": 0.1133280023932457,
            "magnr": 18.604999542236328,
            "sigmagnr": 0.12399999797344208,
            "magzpsci": 25.871999740600586,
            "isdiffpos": "t",
            "ssdistnr": null,
            "ssnamenr": null,
            "drb": null
        },
        {
            "candid": 2323210391415015018,
            "jd": 2460077.7103935,
            "ra": 159.8539606,
            "dec": -27.9111826,
            "fid": 2,
            "nid": 2323,
            "magpsf": 18.66021156311035,
            "sigmapsf": 0.15739387273788452,
            "magnr": 18.604999542236328,
            "sigmagnr": 0.12399999797344208,
            "magzpsci": 25.82921028137207,
            "isdiffpos": "t",
            "ssdistnr": -999.0,
            "ssnamenr": "null",
            "drb": null
        },
        {
            "jd": 2460016.8162037,
            "fid": 1,
            "diffmaglim": 18.904600143432617
        },
        {
            "jd": 2460016.8540856,
            "fid": 2,
            "diffmaglim": 16.934999465942383
        },
        {
            "jd": 2460020.7935417,
            "fid": 2,
            "diffmaglim": 20.000600814819336
        },
        {
            "jd": 2460031.793831,
            "fid": 2,
            "diffmaglim": 19.61389923095703
        },
        {
            "jd": 2460065.6677431,
            "fid": 1,
            "diffmaglim": 19.129100799560547
        },
        {
            "jd": 2460073.6675926,
            "fid": 2,
            "diffmaglim": 19.578699111938477
        }
    ],
    "forcedphot": []
}