{
    "objectId": "ZTF21abngbrl",
    "candidates": [
        {
            "candid": 1658418911815015000,
            "jd": 2459412.918912,
            "ra": 17.9079043,
            "dec": -18.0284794,
            "fid": 2,
            "nid": 1658,
            "magpsf": 20.05470085144043,
            "sigmapsf": 0.25132399797439575,
            "magnr": 21.319000244140625,
            "sigmagnr": 0.12099999934434891,
            "magzpsci": 25.662700653076172,
            "isdiffpos": "t",
            "ssdistnr": null,
            "ssnamenr": null,
            "drb": null
        },
        {
            "candid": 1661459611815015000,
            "jd": 2459415.9596181,
            "ra": 17.907947,
            "dec": -18.0285094,
            "fid": 1,
            "nid": 1661,
            "magpsf": 19.72369956970215,
            "sigmapsf": 0.1694830060005188,
            "magnr": 21.166000366210938,
            "sigmagnr": 0.11599999666213989,
            "magzpsci": 26.013700485229492,
            "isdiffpos": "t",
            "ssdistnr": null,
            "ssnamenr": null,
            "drb": null
        },
        {
            "candid": 1661459611815065000,
            "jd": 2459415.9596181,
            "ra": 17.907947,
            "dec": -18.0285094,
            "fid": 1,
            "nid": 1661,
            "magpsf": 19.72369956970215,
            "sigmapsf": 0.1694830060005188,
            "magnr": 21.166000366210938,
            "sigmagnr": 0.11599999666213989,
            "magzpsci": 26.013700485229492,
            "isdiffpos": "t",
            "ssdistnr": null,
            "ssnamenr": null,
            "drb": null
        },
        {
            "candid": 1661459611815075000,
            "jd": 2459415.9596181,
            "ra": 17.907947,
            "dec": -18.0285094,
            "fid": 1,
            "nid": 1661,
            "magpsf": 19.72369956970215,
            "sigmapsf": 0.1694830060005188,
            "magnr": 21.166000366210938,
            "sigmagnr": 0.11599999666213989,
            "magzpsci": 26.013700485229492,
            "isdiffpos": "t",
            "ssdistnr": null,
            "ssnamenr": null,
            "drb": null
        },
        {
            "candid": 1664444231815015000,
            "jd": 2459418.9442361,
            "ra": 17.9078119,
            "dec": -18.0284483,
            "fid": 1,
            "nid": 1664,
            "magpsf": 18.91320037841797,
            "sigmapsf": 0.2779569923877716,
            "magnr": 21.166000366210938,
            "sigmagnr": 0.11599999666213989,
            "magzpsci": 25.568199157714844,
            "isdiffpos": "t",
            "ssdistnr": null,
            "ssnamenr": null,
            "drb": null
        },
        {
            "candid": 1668412881815015000,
            "jd": 2459422.9128819,
            "ra": 17.9078756,
            "dec": -18.0285365,
            "fid": 2,
            "nid": 1668,
            "magpsf": 18.586599349975586,
            "sigmapsf": 0.15149100124835968,
            "magnr": 21.319000244140625,
            "sigmagnr": 0.12099999934434891,
            "magzpsci": 26.096599578857422,
            "isdiffpos": "t",
            "ssdistnr": null,
            "ssnamenr": null,
            "drb": null
        },
        {
            "candid": 1671423201815015000,
            "jd": 2459425.923206,
            "ra": 17.9078653,
            "dec": -18.0285332,
            "fid": 1,
            "nid": 1671,
            "magpsf": 19.05500030517578,
            "sigmapsf": 0.22543300688266754,
            "magnr": 21.166000366210938,
            "sigmagnr": 0.11599999666213989,
            "magzpsci": 25.930999755859375,
            "isdiffpos": "t",
            "ssdistnr": null,
            "ssnamenr": null,
            "drb": null
        },
        {
            "candid": 1674439031815015000,
            "jd": 2459428.9390394,
            "ra": 17.9078755,
            "dec": -18.0284863,
            "fid": 1,
            "nid": 1674,
            "magpsf": 19.43899917602539,
            "sigmapsf": 0.17255599796772003,
            "magnr": 21.166000366210938,
            "sigmagnr": 0.11599999666213989,
            "magzpsci": 26.091999053955078,
            "isdiffpos": "t",
            "ssdistnr": null,
            "ssnamenr": null,
            "drb": null
        },
        {
            "candid": 1676460811815015000,
            "jd": 2459430.9608102,
            "ra": 17.9079173,
            "dec": -18.0285263,
            "fid": 1,
            "nid": 1676,
            "magpsf": 19.601900100708008,
            "sigmapsf": 0.17382700741291046,
            "magnr": 21.166000366210938,
            "sigmagnr": 0.11599999666213989,
            "magzpsci": 26.13800048828125,
            "isdiffpos": "t",
            "ssdistnr": null,
            "ssnamenr": null,
            "drb": null
        },
        {
            "candid": 1684411141815015000,
            "jd": 2459438.9111458,
            "ra": 17.9079084,
            "dec": -18.0284912,
            "fid": 1,
            "nid": 1684,
            "magpsf": 20.172500610351562,
            "sigmapsf": 0.3272320032119751,
            "magnr": 21.166000366210938,
            "sigmagnr": 0.11599999666213989,
            "magzpsci": 25.88050079345703,
            "isdiffpos": "t",
            "ssdistnr": null,
            "ssnamenr": null,
            "drb": null
        },
        {
            "candid": 1684461371815015000,
            "jd": 2459438.9613773,
            "ra": 17.9078786,
            "dec": -18.0284902,
            "fid": 2,
            "nid": 1684,
            "magpsf": 19.022899627685547,
            "sigmapsf": 0.11114700138568878,
            "magnr": 21.319000244140625,
            "sigmagnr": 0.12099999934434891,
            "magzpsci": 26.02790069580078,
            "isdiffpos": "t",
            "ssdistnr": null,
            "ssnamenr": null,
            "drb": null
        },
        {
            "candid": 1689460901815015000,
            "jd": 2459443.9609028,
            "ra": 17.9078967,
            "dec": -18.0284787,
            "fid": 2,
            "nid": 1689,
            "magpsf": 19.193899154663086,
            "sigmapsf": 0.1504870057106018,
            "magnr": 21.319000244140625,
            "sigmagnr": 0.12099999934434891,
            "magzpsci": 25.86989974975586,
            "isdiffpos": "t",
            "ssdistnr": null,
            "ssnamenr": null,
            "drb": null
        },
        {
            "candid": 1704376211815015000,
            "jd": 2459458.8762153,
            "ra": 17.9078584,
            "dec": -18.0285031,
            "fid": 2,
            "nid": 1704,
            "magpsf": 19.773099899291992,
            "sigmapsf": 0.17692500352859497,
            "magnr": 21.319000244140625,
            "sigmagnr": 0.12099999934434891,
            "magzpsci": 26.158100128173828,
            "isdiffpos": "t",
            "ssdistnr": null,
            "ssnamenr": null,
            "drb": null
        },
        {
            "candid": 1706357221815015000,
            "jd": 2459460.8572222,
            "ra": 17.9078751,
            "dec": -18.028548,
            "fid": 2,
            "nid": 1706,
            "magpsf": 20.01110076904297,
            "sigmapsf": 0.16762900352478027,
            "magnr": 21.319000244140625,
            "sigmagnr": 0.12099999934434891,
            "magzpsci": 26.225099563598633,
            "isdiffpos": "t",
            "ssdistnr": null,
            "ssnamenr": null,
            "drb": null
        },
        {
            "candid": 1708394211815015001,
            "jd": 2459462.894213,
            "ra": 17.9079086,
            "dec": -18.0284725,
            "fid": 2,
            "nid": 1708,
            "magpsf": 19.823400497436523,
            "sigmapsf": 0.15070900321006775,
            "magnr": 21.319000244140625,
            "sigmagnr": 0.12099999934434891,
            "magzpsci": 26.258399963378906,
            "isdiffpos": "t",
            "ssdistnr": null,
            "ssnamenr": null,
            "drb": null
        },
        {
            "candid": 1712376161815015000,
            "jd": 2459466.876169,
            "ra": 17.9079068,
            "dec": -18.0285137,
            "fid": 2,
            "nid": 1712,
            "magpsf": 19.972679138183594,
            "sigmapsf": 0.1641779989004135,
            "magnr": 21.319000244140625,
            "sigmagnr": 0.12099999934434891,
            "magzpsci": 26.18868064880371,
            "isdiffpos": "t",
            "ssdistnr": -999.0,
            "ssnamenr": "null",
            "drb": null
        },
        {
            "jd": 2459430.8956713,
            "fid": 2,
            "diffmaglim": 20.300100326538086
        },
        {
            "jd": 2459435.961412,
            "fid": 2,
            "diffmaglim": 20.3528995513916
        },
        {
            "jd": 2459440.9179398,
            "fid": 1,
            "diffmaglim": 19.95039939880371
        },
        {
            "jd": 2459440.9608218,
            "fid": 2,
            "diffmaglim": 19.9685001373291
        },
        {
            "jd": 2459443.9397338,
            "fid": 1,
            "diffmaglim": 19.98150062561035
        },
        {
            "jd": 2459449.9209606,
            "fid": 1,
            "diffmaglim": 18.016000747680664
        },
        {
            "jd": 2459452.9609375,
            "fid": 1,
            "diffmaglim": 19.353700637817383
        },
        {
            "jd": 2459454.8772917,
            "fid": 1,
            "diffmaglim": 19.77630043029785
        },
        {
            "jd": 2459460.8784606,
            "fid": 1,
            "diffmaglim": 20.3700008392334
        },
        {
            "jd": 2459462.8405671,
            "fid": 1,
            "diffmaglim": 20.191299438476562
        },
        {
            "jd": 2459464.9246065,
            "fid": 1,
            "diffmaglim": 20.378599166870117
        }
    ],
    "forcedphot": []
}