{
    "objectId": "ZTF22aaezyos",
    "candidates": [
        {
            "candid": 1921344011015015013,
            "jd": 2459675.8440162,
            "ra": 212.598737,
            "dec": 44.2336661,
            "fid": 2,
            "nid": 1921,
            "magpsf": 20.671899795532227,
            "sigmapsf": 0.23215100169181824,
            "magnr": 19.26799964904785,
            "sigmagnr": 0.07900000363588333,
            "magzpsci": 26.188899993896484,
            "isdiffpos": "t",
            "ssdistnr": null,
            "ssnamenr": null,
            "drb": null
        },
        {
            "candid": 1923322994915015000,
            "jd": 2459677.8229977,
            "ra": 212.5991146,
            "dec": 44.2336995,
            "fid": 1,
            "nid": 1923,
            "magpsf": 20.458799362182617,
            "sigmapsf": 0.3287400007247925,
            "magnr": 19.382999420166016,
            "sigmagnr": 0.054999999701976776,
            "magzpsci": 26.233800888061523,
            "isdiffpos": "t",
            "ssdistnr": null,
            "ssnamenr": null,
            "drb": null
        },
        {
            "candid": 1923323481015015012,
            "jd": 2459677.8234838,
            "ra": 212.5987167,
            "dec": 44.2336801,
            "fid": 1,
            "nid": 1923,
            "magpsf": 20.400699615478516,
            "sigmapsf": 0.2843230068683624,
            "magnr": 19.305999755859375,
            "sigmagnr": 0.06400000303983688,
            "magzpsci": 26.338699340820312,
            "isdiffpos": "t",
            "ssdistnr": null,
            "ssnamenr": null,
            "drb": null
        },
        {
            "candid": 1923386054915015001,
            "jd": 2459677.8860532,
            "ra": 212.5988986,
            "dec": 44.233632,
            "fid": 2,
            "nid": 1923,
            "magpsf": 20.366500854492188,
            "sigmapsf": 0.24427500367164612,
            "magnr": 19.31100082397461,
            "sigmagnr": 0.0689999982714653,
            "magzpsci": 26.159500122070312,
            "isdiffpos": "t",
            "ssdistnr": null,
            "ssnamenr": null,
            "drb": null
        },
        {
            "candid": 1923412821015015012,
            "jd": 2459677.9128241,
            "ra": 212.5988525,
            "dec": 44.2337032,
            "fid": 2,
            "nid": 1923,
            "magpsf": 20.40060043334961,
            "sigmapsf": 0.23844599723815918,
            "magnr": 19.26799964904785,
            "sigmagnr": 0.07900000363588333,
            "magzpsci": 26.20159912109375,
            "isdiffpos": "t",
            "ssdistnr": null,
            "ssnamenr": null,
            "drb": null
        },
        {
            "candid": 1925237734915015000,
            "jd": 2459679.7377315,
            "ra": 212.5988273,
            "dec": 44.2335755,
            "fid": 2,
            "nid": 1925,
            "magpsf": 19.800500869750977,
            "sigmapsf": 0.19923199713230133,
            "magnr": 19.31100082397461,
            "sigmagnr": 0.0689999982714653,
            "magzpsci": 26.157499313354492,
            "isdiffpos": "t",
            "ssdistnr": null,
            "ssnamenr": null,
            "drb": null
        },
        {
            "candid": 1925238201015015010,
            "jd": 2459679.738206,
            "ra": 212.5986625,
            "dec": 44.2336523,
            "fid": 2,
            "nid": 1925,
            "magpsf": 19.720600128173828,
            "sigmapsf": 0.16272899508476257,
            "magnr": 19.26799964904785,
            "sigmagnr": 0.07900000363588333,
            "magzpsci": 26.189599990844727,
            "isdiffpos": "t",
            "ssdistnr": null,
            "ssnamenr": null,
            "drb": null
        },
        {
            "candid": 1925278704915015000,
            "jd": 2459679.7787037,
            "ra": 212.5988029,
            "dec": 44.233629,
            "fid": 1,
            "nid": 1925,
            "magpsf": 19.9596004486084,
            "sigmapsf": 0.20903900265693665,
            "magnr": 19.382999420166016,
            "sigmagnr": 0.054999999701976776,
            "magzpsci": 26.243600845336914,
            "isdiffpos": "t",
            "ssdistnr": null,
            "ssnamenr": null,
            "drb": null
        },
        {
            "candid": 1928348681015015009,
            "jd": 2459682.8486806,
            "ra": 212.598791,
            "dec": 44.2336457,
            "fid": 2,
            "nid": 1928,
            "magpsf": 19.493000030517578,
            "sigmapsf": 0.17878100275993347,
            "magnr": 19.26799964904785,
            "sigmagnr": 0.07900000363588333,
            "magzpsci": 26.222000122070312,
            "isdiffpos": "t",
            "ssdistnr": null,
            "ssnamenr": null,
            "drb": null
        },
        {
            "candid": 1928349644915015000,
            "jd": 2459682.8496412,
            "ra": 212.5986434,
            "dec": 44.2336743,
            "fid": 2,
            "nid": 1928,
            "magpsf": 19.528499603271484,
            "sigmapsf": 0.1621900051832199,
            "magnr": 19.31100082397461,
            "sigmagnr": 0.0689999982714653,
            "magzpsci": 26.173500061035156,
            "isdiffpos": "t",
            "ssdistnr": null,
            "ssnamenr": null,
            "drb": null
        },
        {
            "candid": 1930304934915015000,
            "jd": 2459684.8049306,
            "ra": 212.598757,
            "dec": 44.2337148,
            "fid": 1,
            "nid": 1930,
            "magpsf": 19.379600524902344,
            "sigmapsf": 0.24938400089740753,
            "magnr": 19.382999420166016,
            "sigmagnr": 0.054999999701976776,
            "magzpsci": 26.29360008239746,
            "isdiffpos": "t",
            "ssdistnr": null,
            "ssnamenr": null,
            "drb": null
        },
        {
            "candid": 1930305391015015003,
            "jd": 2459684.8053935,
            "ra": 212.5987058,
            "dec": 44.2336669,
            "fid": 1,
            "nid": 1930,
            "magpsf": 19.420900344848633,
            "sigmapsf": 0.19892799854278564,
            "magnr": 19.305999755859375,
            "sigmagnr": 0.06400000303983688,
            "magzpsci": 26.381900787353516,
            "isdiffpos": "t",
            "ssdistnr": null,
            "ssnamenr": null,
            "drb": null
        },
        {
            "candid": 1930348761015015005,
            "jd": 2459684.8487616,
            "ra": 212.5986857,
            "dec": 44.2336572,
            "fid": 2,
            "nid": 1930,
            "magpsf": 19.42639923095703,
            "sigmapsf": 0.1423570066690445,
            "magnr": 19.26799964904785,
            "sigmagnr": 0.07900000363588333,
            "magzpsci": 26.26140022277832,
            "isdiffpos": "t",
            "ssdistnr": null,
            "ssnamenr": null,
            "drb": null
        },
        {
            "candid": 1930399464915015000,
            "jd": 2459684.8994676,
            "ra": 212.598693,
            "dec": 44.2336761,
            "fid": 2,
            "nid": 1930,
            "magpsf": 19.309799194335938,
            "sigmapsf": 0.16115200519561768,
            "magnr": 19.31100082397461,
            "sigmagnr": 0.0689999982714653,
            "magzpsci": 26.21380043029785,
            "isdiffpos": "t",
            "ssdistnr": null,
            "ssnamenr": null,
            "drb": null
        },
        {
            "candid": 1933383321015015005,
            "jd": 2459687.8833218,
            "ra": 212.5987052,
            "dec": 44.2336651,
            "fid": 2,
            "nid": 1933,
            "magpsf": 19.31369972229004,
            "sigmapsf": 0.12883999943733215,
            "magnr": 19.26799964904785,
            "sigmagnr": 0.07900000363588333,
            "magzpsci": 26.205699920654297,
            "isdiffpos": "t",
            "ssdistnr": null,
            "ssnamenr": null,
            "drb": null
        },
        {
            "candid": 1933384274915015001,
            "jd": 2459687.8842708,
            "ra": 212.5988026,
            "dec": 44.233593,
            "fid": 2,
            "nid": 1933,
            "magpsf": 19.482799530029297,
            "sigmapsf": 0.19400399923324585,
            "magnr": 19.31100082397461,
            "sigmagnr": 0.0689999982714653,
            "magzpsci": 26.177799224853516,
            "isdiffpos": "t",
            "ssdistnr": null,
            "ssnamenr": null,
            "drb": null
        },
        {
            "candid": 1936307541015015014,
            "jd": 2459690.8075463,
            "ra": 212.5987415,
            "dec": 44.2336645,
            "fid": 1,
            "nid": 1936,
            "magpsf": 19.77549934387207,
            "sigmapsf": 0.15947000682353973,
            "magnr": 19.305999755859375,
            "sigmagnr": 0.06400000303983688,
            "magzpsci": 26.37150001525879,
            "isdiffpos": "t",
            "ssdistnr": null,
            "ssnamenr": null,
            "drb": null
        },
        {
            "candid": 1936308004915015000,
            "jd": 2459690.8080093,
            "ra": 212.5988826,
            "dec": 44.233673,
            "fid": 1,
            "nid": 1936,
            "magpsf": 19.61680030822754,
            "sigmapsf": 0.15424199402332306,
            "magnr": 19.382999420166016,
            "sigmagnr": 0.054999999701976776,
            "magzpsci": 26.23780059814453,
            "isdiffpos": "t",
            "ssdistnr": null,
            "ssnamenr": null,
            "drb": null
        },
        {
            "candid": 1936324801015015012,
            "jd": 2459690.8248032,
            "ra": 212.5987829,
            "dec": 44.2336763,
            "fid": 2,
            "nid": 1936,
            "magpsf": 19.224899291992188,
            "sigmapsf": 0.10700999945402145,
            "magnr": 19.26799964904785,
            "sigmagnr": 0.07900000363588333,
            "magzpsci": 26.208900451660156,
            "isdiffpos": "t",
            "ssdistnr": null,
            "ssnamenr": null,
            "drb": null
        },
        {
            "candid": 1936325274915015000,
            "jd": 2459690.8252778,
            "ra": 212.5988073,
            "dec": 44.233647,
            "fid": 2,
            "nid": 1936,
            "magpsf": 19.351200103759766,
            "sigmapsf": 0.1678449958562851,
            "magnr": 19.31100082397461,
            "sigmagnr": 0.0689999982714653,
            "magzpsci": 26.151199340820312,
            "isdiffpos": "t",
            "ssdistnr": null,
            "ssnamenr": null,
            "drb": null
        },
        {
            "candid": 1940283961015015009,
            "jd": 2459694.7839699,
            "ra": 212.5987559,
            "dec": 44.2336656,
            "fid": 2,
            "nid": 1940,
            "magpsf": 19.39699935913086,
            "sigmapsf": 0.11209499835968018,
            "magnr": 19.26799964904785,
            "sigmagnr": 0.07900000363588333,
            "magzpsci": 26.16200065612793,
            "isdiffpos": "t",
            "ssdistnr": null,
            "ssnamenr": null,
            "drb": null
        },
        {
            "candid": 1940307974915015000,
            "jd": 2459694.8079745,
            "ra": 212.5987795,
            "dec": 44.233667,
            "fid": 2,
            "nid": 1940,
            "magpsf": 19.422700881958008,
            "sigmapsf": 0.12616799771785736,
            "magnr": 19.31100082397461,
            "sigmagnr": 0.0689999982714653,
            "magzpsci": 26.104700088500977,
            "isdiffpos": "t",
            "ssdistnr": null,
            "ssnamenr": null,
            "drb": null
        },
        {
            "candid": 1940385321015015016,
            "jd": 2459694.8853241,
            "ra": 212.5987695,
            "dec": 44.2337326,
            "fid": 1,
            "nid": 1940,
            "magpsf": 19.93440055847168,
            "sigmapsf": 0.18119299411773682,
            "magnr": 19.305999755859375,
            "sigmagnr": 0.06400000303983688,
            "magzpsci": 26.2283992767334,
            "isdiffpos": "t",
            "ssdistnr": null,
            "ssnamenr": null,
            "drb": null
        },
        {
            "candid": 1940392924915015001,
            "jd": 2459694.8929282,
            "ra": 212.5988718,
            "dec": 44.2336629,
            "fid": 1,
            "nid": 1940,
            "magpsf": 19.88249969482422,
            "sigmapsf": 0.22934600710868835,
            "magnr": 19.382999420166016,
            "sigmagnr": 0.054999999701976776,
            "magzpsci": 26.096500396728516,
            "isdiffpos": "t",
            "ssdistnr": null,
            "ssnamenr": null,
            "drb": null
        },
        {
            "candid": 1942223104915015001,
            "jd": 2459696.7231019,
            "ra": 212.5990483,
            "dec": 44.2336188,
            "fid": 1,
            "nid": 1942,
            "magpsf": 20.116199493408203,
            "sigmapsf": 0.26892200112342834,
            "magnr": 19.382999420166016,
            "sigmagnr": 0.054999999701976776,
            "magzpsci": 26.19420051574707,
            "isdiffpos": "t",
            "ssdistnr": null,
            "ssnamenr": null,
            "drb": null
        },
        {
            "candid": 1942224991015015012,
            "jd": 2459696.725,
            "ra": 212.5987052,
            "dec": 44.2336488,
            "fid": 1,
            "nid": 1942,
            "magpsf": 20.07069969177246,
            "sigmapsf": 0.15807099640369415,
            "magnr": 19.305999755859375,
            "sigmagnr": 0.06400000303983688,
            "magzpsci": 26.32069969177246,
            "isdiffpos": "t",
            "ssdistnr": null,
            "ssnamenr": null,
            "drb": null
        },
        {
            "candid": 1944333931015015022,
            "jd": 2459698.8339352,
            "ra": 212.5987591,
            "dec": 44.2336793,
            "fid": 1,
            "nid": 1944,
            "magpsf": 20.21980094909668,
            "sigmapsf": 0.22317300736904144,
            "magnr": 19.305999755859375,
            "sigmagnr": 0.06400000303983688,
            "magzpsci": 26.32379913330078,
            "isdiffpos": "t",
            "ssdistnr": null,
            "ssnamenr": null,
            "drb": null
        },
        {
            "candid": 1944372964915015002,
            "jd": 2459698.872963,
            "ra": 212.5989097,
            "dec": 44.2336839,
            "fid": 2,
            "nid": 1944,
            "magpsf": 19.577299118041992,
            "sigmapsf": 0.13464300334453583,
            "magnr": 19.31100082397461,
            "sigmagnr": 0.0689999982714653,
            "magzpsci": 26.12529945373535,
            "isdiffpos": "t",
            "ssdistnr": null,
            "ssnamenr": null,
            "drb": null
        },
        {
            "candid": 1944374861015015011,
            "jd": 2459698.8748611,
            "ra": 212.5987447,
            "dec": 44.2336626,
            "fid": 2,
            "nid": 1944,
            "magpsf": 19.44099998474121,
            "sigmapsf": 0.12094999849796295,
            "magnr": 19.26799964904785,
            "sigmagnr": 0.07900000363588333,
            "magzpsci": 26.167999267578125,
            "isdiffpos": "t",
            "ssdistnr": null,
            "ssnamenr": null,
            "drb": null
        },
        {
            "candid": 1946262751015015009,
            "jd": 2459700.7627546,
            "ra": 212.5987037,
            "dec": 44.2336557,
            "fid": 1,
            "nid": 1946,
            "magpsf": 20.13640022277832,
            "sigmapsf": 0.14901499450206757,
            "magnr": 19.305999755859375,
            "sigmagnr": 0.06400000303983688,
            "magzpsci": 26.359399795532227,
            "isdiffpos": "t",
            "ssdistnr": null,
            "ssnamenr": null,
            "drb": null
        },
        {
            "candid": 1946263214915015000,
            "jd": 2459700.7632176,
            "ra": 212.5989173,
            "dec": 44.233601,
            "fid": 1,
            "nid": 1946,
            "magpsf": 19.971500396728516,
            "sigmapsf": 0.20616300404071808,
            "magnr": 19.382999420166016,
            "sigmagnr": 0.054999999701976776,
            "magzpsci": 26.227500915527344,
            "isdiffpos": "t",
            "ssdistnr": null,
            "ssnamenr": null,
            "drb": null
        },
        {
            "candid": 1946282434915015000,
            "jd": 2459700.7824306,
            "ra": 212.5988204,
            "dec": 44.2336957,
            "fid": 2,
            "nid": 1946,
            "magpsf": 19.36910057067871,
            "sigmapsf": 0.13638199865818024,
            "magnr": 19.31100082397461,
            "sigmagnr": 0.0689999982714653,
            "magzpsci": 26.150100708007812,
            "isdiffpos": "t",
            "ssdistnr": null,
            "ssnamenr": null,
            "drb": null
        },
        {
            "candid": 1946307361015015010,
            "jd": 2459700.8073611,
            "ra": 212.5987319,
            "dec": 44.2336717,
            "fid": 2,
            "nid": 1946,
            "magpsf": 19.458900451660156,
            "sigmapsf": 0.12087500095367432,
            "magnr": 19.26799964904785,
            "sigmagnr": 0.07900000363588333,
            "magzpsci": 26.210899353027344,
            "isdiffpos": "t",
            "ssdistnr": null,
            "ssnamenr": null,
            "drb": null
        },
        {
            "candid": 1948282714915015000,
            "jd": 2459702.7827199,
            "ra": 212.5991035,
            "dec": 44.2335562,
            "fid": 1,
            "nid": 1948,
            "magpsf": 19.95039939880371,
            "sigmapsf": 0.182545006275177,
            "magnr": 19.382999420166016,
            "sigmagnr": 0.054999999701976776,
            "magzpsci": 26.218399047851562,
            "isdiffpos": "t",
            "ssdistnr": null,
            "ssnamenr": null,
            "drb": null
        },
        {
            "candid": 1948309291015015019,
            "jd": 2459702.809294,
            "ra": 212.5988605,
            "dec": 44.2336699,
            "fid": 1,
            "nid": 1948,
            "magpsf": 19.653900146484375,
            "sigmapsf": 0.10397700220346451,
            "magnr": 19.305999755859375,
            "sigmagnr": 0.06400000303983688,
            "magzpsci": 26.36590003967285,
            "isdiffpos": "t",
            "ssdistnr": null,
            "ssnamenr": null,
            "drb": null
        },
        {
            "candid": 1948348584915015004,
            "jd": 2459702.848588,
            "ra": 212.5988994,
            "dec": 44.2336545,
            "fid": 2,
            "nid": 1948,
            "magpsf": 19.120800018310547,
            "sigmapsf": 0.09185799956321716,
            "magnr": 19.31100082397461,
            "sigmagnr": 0.0689999982714653,
            "magzpsci": 26.14579963684082,
            "isdiffpos": "t",
            "ssdistnr": null,
            "ssnamenr": null,
            "drb": null
        },
        {
            "candid": 1948350471015015014,
            "jd": 2459702.8504745,
            "ra": 212.5987691,
            "dec": 44.2336401,
            "fid": 2,
            "nid": 1948,
            "magpsf": 19.035900115966797,
            "sigmapsf": 0.09585399925708771,
            "magnr": 19.26799964904785,
            "sigmagnr": 0.07900000363588333,
            "magzpsci": 26.16990089416504,
            "isdiffpos": "t",
            "ssdistnr": null,
            "ssnamenr": null,
            "drb": null
        },
        {
            "candid": 1953266924915015000,
            "jd": 2459707.7669213,
            "ra": 212.5988212,
            "dec": 44.2336669,
            "fid": 2,
            "nid": 1953,
            "magpsf": 18.32069969177246,
            "sigmapsf": 0.08185800164937973,
            "magnr": 19.31100082397461,
            "sigmagnr": 0.0689999982714653,
            "magzpsci": 26.187700271606445,
            "isdiffpos": "t",
            "ssdistnr": null,
            "ssnamenr": null,
            "drb": null
        },
        {
            "candid": 1953281381015015019,
            "jd": 2459707.7813889,
            "ra": 212.5987448,
            "dec": 44.2336701,
            "fid": 2,
            "nid": 1953,
            "magpsf": 18.24169921875,
            "sigmapsf": 0.05558000132441521,
            "magnr": 19.26799964904785,
            "sigmagnr": 0.07900000363588333,
            "magzpsci": 26.2367000579834,
            "isdiffpos": "t",
            "ssdistnr": null,
            "ssnamenr": null,
            "drb": null
        },
        {
            "candid": 1953327374915015005,
            "jd": 2459707.8273727,
            "ra": 212.598851,
            "dec": 44.2336361,
            "fid": 2,
            "nid": 1953,
            "magpsf": 18.321199417114258,
            "sigmapsf": 0.08183000236749649,
            "magnr": 19.31100082397461,
            "sigmagnr": 0.0689999982714653,
            "magzpsci": 26.173200607299805,
            "isdiffpos": "t",
            "ssdistnr": null,
            "ssnamenr": null,
            "drb": null
        },
        {
            "candid": 1953330201015015006,
            "jd": 2459707.8302083,
            "ra": 212.5987418,
            "dec": 44.2336804,
            "fid": 2,
            "nid": 1953,
            "magpsf": 18.292200088500977,
            "sigmapsf": 0.06452199816703796,
            "magnr": 19.26799964904785,
            "sigmagnr": 0.07900000363588333,
            "magzpsci": 26.221200942993164,
            "isdiffpos": "t",
            "ssdistnr": null,
            "ssnamenr": null,
            "drb": null
        },
        {
            "candid": 1955323514915015000,
            "jd": 2459709.8235185,
            "ra": 212.5987644,
            "dec": 44.2336655,
            "fid": 2,
            "nid": 1955,
            "magpsf": 18.10580062866211,
            "sigmapsf": 0.07640700042247772,
            "magnr": 19.31100082397461,
            "sigmagnr": 0.0689999982714653,
            "magzpsci": 26.1018009185791,
            "isdiffpos": "t",
            "ssdistnr": null,
            "ssnamenr": null,
            "drb": null
        },
        {
            "candid": 1955349151015015011,
            "jd": 2459709.8491551,
            "ra": 212.5987385,
            "dec": 44.233692,
            "fid": 2,
            "nid": 1955,
            "magpsf": 18.06730079650879,
            "sigmapsf": 0.08071500062942505,
            "magnr": 19.26799964904785,
            "sigmagnr": 0.07900000363588333,
            "magzpsci": 26.114299774169922,
            "isdiffpos": "t",
            "ssdistnr": null,
            "ssnamenr": null,
            "drb": null
        },
        {
            "candid": 1955385244915015000,
            "jd": 2459709.8852431,
            "ra": 212.5987699,
            "dec": 44.2336821,
            "fid": 2,
            "nid": 1955,
            "magpsf": 18.058799743652344,
            "sigmapsf": 0.06535100191831589,
            "magnr": 19.31100082397461,
            "sigmagnr": 0.0689999982714653,
            "magzpsci": 26.155799865722656,
            "isdiffpos": "t",
            "ssdistnr": null,
            "ssnamenr": null,
            "drb": null
        },
        {
            "candid": 1955407851015015016,
            "jd": 2459709.9078588,
            "ra": 212.5987445,
            "dec": 44.2336653,
            "fid": 2,
            "nid": 1955,
            "magpsf": 18.015399932861328,
            "sigmapsf": 0.07897300273180008,
            "magnr": 19.26799964904785,
            "sigmagnr": 0.07900000363588333,
            "magzpsci": 25.994400024414062,
            "isdiffpos": "t",
            "ssdistnr": null,
            "ssnamenr": null,
            "drb": null
        },
        {
            "candid": 1957216714915015000,
            "jd": 2459711.716713,
            "ra": 212.5986821,
            "dec": 44.23367,
            "fid": 1,
            "nid": 1957,
            "magpsf": 18.183000564575195,
            "sigmapsf": 0.10677199810743332,
            "magnr": 19.382999420166016,
            "sigmagnr": 0.054999999701976776,
            "magzpsci": 26.246000289916992,
            "isdiffpos": "t",
            "ssdistnr": null,
            "ssnamenr": null,
            "drb": null
        },
        {
            "candid": 1957245561015015006,
            "jd": 2459711.7455671,
            "ra": 212.5987387,
            "dec": 44.2336787,
            "fid": 1,
            "nid": 1957,
            "magpsf": 18.270700454711914,
            "sigmapsf": 0.06404200196266174,
            "magnr": 19.305999755859375,
            "sigmagnr": 0.06400000303983688,
            "magzpsci": 26.383699417114258,
            "isdiffpos": "t",
            "ssdistnr": null,
            "ssnamenr": null,
            "drb": null
        },
        {
            "candid": 1957345274915015006,
            "jd": 2459711.8452778,
            "ra": 212.5987252,
            "dec": 44.2336904,
            "fid": 2,
            "nid": 1957,
            "magpsf": 17.885400772094727,
            "sigmapsf": 0.08458399772644043,
            "magnr": 19.31100082397461,
            "sigmagnr": 0.0689999982714653,
            "magzpsci": 26.17140007019043,
            "isdiffpos": "t",
            "ssdistnr": null,
            "ssnamenr": null,
            "drb": null
        },
        {
            "candid": 1957346221015015006,
            "jd": 2459711.8462269,
            "ra": 212.5987453,
            "dec": 44.2336747,
            "fid": 2,
            "nid": 1957,
            "magpsf": 17.929500579833984,
            "sigmapsf": 0.06862899661064148,
            "magnr": 19.26799964904785,
            "sigmagnr": 0.07900000363588333,
            "magzpsci": 26.204500198364258,
            "isdiffpos": "t",
            "ssdistnr": null,
            "ssnamenr": null,
            "drb": null
        },
        {
            "candid": 1959268474915015000,
            "jd": 2459713.7684722,
            "ra": 212.5987203,
            "dec": 44.2336741,
            "fid": 2,
            "nid": 1959,
            "magpsf": 17.96980094909668,
            "sigmapsf": 0.0966000035405159,
            "magnr": 19.31100082397461,
            "sigmagnr": 0.0689999982714653,
            "magzpsci": 26.175800323486328,
            "isdiffpos": "t",
            "ssdistnr": null,
            "ssnamenr": null,
            "drb": null
        },
        {
            "candid": 1959269421015015002,
            "jd": 2459713.7694213,
            "ra": 212.5987238,
            "dec": 44.2336875,
            "fid": 2,
            "nid": 1959,
            "magpsf": 17.89780044555664,
            "sigmapsf": 0.058566998690366745,
            "magnr": 19.26799964904785,
            "sigmagnr": 0.07900000363588333,
            "magzpsci": 26.189800262451172,
            "isdiffpos": "t",
            "ssdistnr": null,
            "ssnamenr": null,
            "drb": null
        },
        {
            "candid": 1961281301015015006,
            "jd": 2459715.7813079,
            "ra": 212.5987796,
            "dec": 44.2336739,
            "fid": 1,
            "nid": 1961,
            "magpsf": 18.358400344848633,
            "sigmapsf": 0.08210500329732895,
            "magnr": 19.305999755859375,
            "sigmagnr": 0.06400000303983688,
            "magzpsci": 26.453399658203125,
            "isdiffpos": "t",
            "ssdistnr": null,
            "ssnamenr": null,
            "drb": null
        },
        {
            "candid": 1963218444915015002,
            "jd": 2459717.7184491,
            "ra": 212.5987539,
            "dec": 44.2336679,
            "fid": 2,
            "nid": 1963,
            "magpsf": 18.021099090576172,
            "sigmapsf": 0.052685998380184174,
            "magnr": 19.31100082397461,
            "sigmagnr": 0.0689999982714653,
            "magzpsci": 26.16710090637207,
            "isdiffpos": "t",
            "ssdistnr": null,
            "ssnamenr": null,
            "drb": null
        },
        {
            "candid": 1965264574915015001,
            "jd": 2459719.7645718,
            "ra": 212.5988183,
            "dec": 44.2336598,
            "fid": 2,
            "nid": 1965,
            "magpsf": 18.114099502563477,
            "sigmapsf": 0.07992900162935257,
            "magnr": 19.31100082397461,
            "sigmagnr": 0.0689999982714653,
            "magzpsci": 26.1781005859375,
            "isdiffpos": "t",
            "ssdistnr": null,
            "ssnamenr": null,
            "drb": null
        },
        {
            "candid": 1965284891015015021,
            "jd": 2459719.7848958,
            "ra": 212.5987566,
            "dec": 44.233665,
            "fid": 2,
            "nid": 1965,
            "magpsf": 18.08609962463379,
            "sigmapsf": 0.057509999722242355,
            "magnr": 19.26799964904785,
            "sigmagnr": 0.07900000363588333,
            "magzpsci": 26.22610092163086,
            "isdiffpos": "t",
            "ssdistnr": null,
            "ssnamenr": null,
            "drb": null
        },
        {
            "candid": 1965302161015015013,
            "jd": 2459719.8021644,
            "ra": 212.5987642,
            "dec": 44.2336703,
            "fid": 2,
            "nid": 1965,
            "magpsf": 18.065200805664062,
            "sigmapsf": 0.05517200008034706,
            "magnr": 19.26799964904785,
            "sigmagnr": 0.07900000363588333,
            "magzpsci": 26.230199813842773,
            "isdiffpos": "t",
            "ssdistnr": null,
            "ssnamenr": null,
            "drb": null
        },
        {
            "candid": 1965305984915015000,
            "jd": 2459719.8059838,
            "ra": 212.5987815,
            "dec": 44.2336422,
            "fid": 2,
            "nid": 1965,
            "magpsf": 18.186800003051758,
            "sigmapsf": 0.07143499702215195,
            "magnr": 19.31100082397461,
            "sigmagnr": 0.0689999982714653,
            "magzpsci": 26.185800552368164,
            "isdiffpos": "t",
            "ssdistnr": null,
            "ssnamenr": null,
            "drb": null
        },
        {
            "candid": 1968322774915015000,
            "jd": 2459722.8227778,
            "ra": 212.5987946,
            "dec": 44.2336769,
            "fid": 1,
            "nid": 1968,
            "magpsf": 18.877099990844727,
            "sigmapsf": 0.11687300354242325,
            "magnr": 19.382999420166016,
            "sigmagnr": 0.054999999701976776,
            "magzpsci": 26.238100051879883,
            "isdiffpos": "t",
            "ssdistnr": null,
            "ssnamenr": null,
            "drb": null
        },
        {
            "candid": 1968322774915025000,
            "jd": 2459722.8227778,
            "ra": 212.5987946,
            "dec": 44.2336769,
            "fid": 1,
            "nid": 1968,
            "magpsf": 18.877099990844727,
            "sigmapsf": 0.11687300354242325,
            "magnr": 19.382999420166016,
            "sigmagnr": 0.054999999701976776,
            "magzpsci": 26.238100051879883,
            "isdiffpos": "t",
            "ssdistnr": null,
            "ssnamenr": null,
            "drb": null
        },
        {
            "candid": 1968325941015015010,
            "jd": 2459722.8259491,
            "ra": 212.5987952,
            "dec": 44.2336765,
            "fid": 1,
            "nid": 1968,
            "magpsf": 18.85409927368164,
            "sigmapsf": 0.08495499938726425,
            "magnr": 19.305999755859375,
            "sigmagnr": 0.06400000303983688,
            "magzpsci": 26.392099380493164,
            "isdiffpos": "t",
            "ssdistnr": null,
            "ssnamenr": null,
            "drb": null
        },
        {
            "candid": 1968325941015025010,
            "jd": 2459722.8259491,
            "ra": 212.5987952,
            "dec": 44.2336765,
            "fid": 1,
            "nid": 1968,
            "magpsf": 18.85409927368164,
            "sigmapsf": 0.08495499938726425,
            "magnr": 19.305999755859375,
            "sigmagnr": 0.06400000303983688,
            "magzpsci": 26.392099380493164,
            "isdiffpos": "t",
            "ssdistnr": null,
            "ssnamenr": null,
            "drb": null
        },
        {
            "candid": 1968350214915015002,
            "jd": 2459722.8502199,
            "ra": 212.5988475,
            "dec": 44.2336818,
            "fid": 1,
            "nid": 1968,
            "magpsf": 18.810300827026367,
            "sigmapsf": 0.12869900465011597,
            "magnr": 19.382999420166016,
            "sigmagnr": 0.054999999701976776,
            "magzpsci": 26.20829963684082,
            "isdiffpos": "t",
            "ssdistnr": null,
            "ssnamenr": null,
            "drb": null
        },
        {
            "candid": 1968350214915025002,
            "jd": 2459722.8502199,
            "ra": 212.5988475,
            "dec": 44.2336818,
            "fid": 1,
            "nid": 1968,
            "magpsf": 18.810300827026367,
            "sigmapsf": 0.12869900465011597,
            "magnr": 19.382999420166016,
            "sigmagnr": 0.054999999701976776,
            "magzpsci": 26.20829963684082,
            "isdiffpos": "t",
            "ssdistnr": null,
            "ssnamenr": null,
            "drb": null
        },
        {
            "candid": 1968410281015015010,
            "jd": 2459722.9102894,
            "ra": 212.5987571,
            "dec": 44.233669,
            "fid": 1,
            "nid": 1968,
            "magpsf": 18.82859992980957,
            "sigmapsf": 0.10813699662685394,
            "magnr": 19.305999755859375,
            "sigmagnr": 0.06400000303983688,
            "magzpsci": 26.302600860595703,
            "isdiffpos": "t",
            "ssdistnr": null,
            "ssnamenr": null,
            "drb": null
        },
        {
            "candid": 1968410281015025010,
            "jd": 2459722.9102894,
            "ra": 212.5987571,
            "dec": 44.233669,
            "fid": 1,
            "nid": 1968,
            "magpsf": 18.828609466552734,
            "sigmapsf": 0.10813699662685394,
            "magnr": 19.305999755859375,
            "sigmagnr": 0.06400000303983688,
            "magzpsci": 26.302610397338867,
            "isdiffpos": "t",
            "ssdistnr": -999.0,
            "ssnamenr": "null",
            "drb": null
        },
        {
            "candid": 1970302814915015003,
            "jd": 2459724.8028125,
            "ra": 212.598756,
            "dec": 44.2336804,
            "fid": 2,
            "nid": 1970,
            "magpsf": 18.3523006439209,
            "sigmapsf": 0.0724949985742569,
            "magnr": 19.31100082397461,
            "sigmagnr": 0.0689999982714653,
            "magzpsci": 26.183300018310547,
            "isdiffpos": "t",
            "ssdistnr": null,
            "ssnamenr": null,
            "drb": null
        },
        {
            "candid": 1970306071015015023,
            "jd": 2459724.8060764,
            "ra": 212.5987502,
            "dec": 44.2336925,
            "fid": 2,
            "nid": 1970,
            "magpsf": 18.3218994140625,
            "sigmapsf": 0.06613100320100784,
            "magnr": 19.26799964904785,
            "sigmagnr": 0.07900000363588333,
            "magzpsci": 26.20789909362793,
            "isdiffpos": "t",
            "ssdistnr": null,
            "ssnamenr": null,
            "drb": null
        },
        {
            "candid": 1970329371015015010,
            "jd": 2459724.829375,
            "ra": 212.5987411,
            "dec": 44.2336707,
            "fid": 1,
            "nid": 1970,
            "magpsf": 19.042200088500977,
            "sigmapsf": 0.09778299927711487,
            "magnr": 19.305999755859375,
            "sigmagnr": 0.06400000303983688,
            "magzpsci": 26.358200073242188,
            "isdiffpos": "t",
            "ssdistnr": null,
            "ssnamenr": null,
            "drb": null
        },
        {
            "candid": 1970330794915015001,
            "jd": 2459724.8307986,
            "ra": 212.5988371,
            "dec": 44.2336163,
            "fid": 1,
            "nid": 1970,
            "magpsf": 19.022600173950195,
            "sigmapsf": 0.13962200284004211,
            "magnr": 19.382999420166016,
            "sigmagnr": 0.054999999701976776,
            "magzpsci": 26.217599868774414,
            "isdiffpos": "t",
            "ssdistnr": null,
            "ssnamenr": null,
            "drb": null
        },
        {
            "candid": 1972300894915015001,
            "jd": 2459726.8008912,
            "ra": 212.5989088,
            "dec": 44.2336349,
            "fid": 1,
            "nid": 1972,
            "magpsf": 19.33690071105957,
            "sigmapsf": 0.14012600481510162,
            "magnr": 19.382999420166016,
            "sigmagnr": 0.054999999701976776,
            "magzpsci": 26.296899795532227,
            "isdiffpos": "t",
            "ssdistnr": null,
            "ssnamenr": null,
            "drb": null
        },
        {
            "candid": 1972302781015015015,
            "jd": 2459726.8027894,
            "ra": 212.5987553,
            "dec": 44.2336652,
            "fid": 1,
            "nid": 1972,
            "magpsf": 19.224899291992188,
            "sigmapsf": 0.08369699865579605,
            "magnr": 19.305999755859375,
            "sigmagnr": 0.06400000303983688,
            "magzpsci": 26.42690086364746,
            "isdiffpos": "t",
            "ssdistnr": null,
            "ssnamenr": null,
            "drb": null
        },
        {
            "candid": 1972346704915015004,
            "jd": 2459726.8467014,
            "ra": 212.598792,
            "dec": 44.2336573,
            "fid": 2,
            "nid": 1972,
            "magpsf": 18.448299407958984,
            "sigmapsf": 0.08962900191545486,
            "magnr": 19.31100082397461,
            "sigmagnr": 0.0689999982714653,
            "magzpsci": 26.17729949951172,
            "isdiffpos": "t",
            "ssdistnr": null,
            "ssnamenr": null,
            "drb": null
        },
        {
            "candid": 1972363411015015020,
            "jd": 2459726.8634144,
            "ra": 212.5987457,
            "dec": 44.2336745,
            "fid": 2,
            "nid": 1972,
            "magpsf": 18.464000701904297,
            "sigmapsf": 0.06216700002551079,
            "magnr": 19.26799964904785,
            "sigmagnr": 0.07900000363588333,
            "magzpsci": 26.25200080871582,
            "isdiffpos": "t",
            "ssdistnr": null,
            "ssnamenr": null,
            "drb": null
        },
        {
            "candid": 1975384964915015000,
            "jd": 2459729.8849653,
            "ra": 212.5992162,
            "dec": 44.2336616,
            "fid": 1,
            "nid": 1975,
            "magpsf": 19.649099349975586,
            "sigmapsf": 0.1932619959115982,
            "magnr": 19.382999420166016,
            "sigmagnr": 0.054999999701976776,
            "magzpsci": 26.188100814819336,
            "isdiffpos": "t",
            "ssdistnr": null,
            "ssnamenr": null,
            "drb": null
        },
        {
            "candid": 1975388791015015011,
            "jd": 2459729.8887963,
            "ra": 212.598772,
            "dec": 44.2336555,
            "fid": 1,
            "nid": 1975,
            "magpsf": 19.671199798583984,
            "sigmapsf": 0.1721320003271103,
            "magnr": 19.305999755859375,
            "sigmagnr": 0.06400000303983688,
            "magzpsci": 26.302200317382812,
            "isdiffpos": "t",
            "ssdistnr": null,
            "ssnamenr": null,
            "drb": null
        },
        {
            "candid": 1977324884915015001,
            "jd": 2459731.8248843,
            "ra": 212.5989743,
            "dec": 44.2336276,
            "fid": 1,
            "nid": 1977,
            "magpsf": 19.75659942626953,
            "sigmapsf": 0.18618500232696533,
            "magnr": 19.382999420166016,
            "sigmagnr": 0.054999999701976776,
            "magzpsci": 26.243600845336914,
            "isdiffpos": "t",
            "ssdistnr": null,
            "ssnamenr": null,
            "drb": null
        },
        {
            "candid": 1978219001015015015,
            "jd": 2459732.7190046,
            "ra": 212.5987642,
            "dec": 44.2336783,
            "fid": 2,
            "nid": 1978,
            "magpsf": 18.970600128173828,
            "sigmapsf": 0.08835799992084503,
            "magnr": 19.26799964904785,
            "sigmagnr": 0.07900000363588333,
            "magzpsci": 26.266599655151367,
            "isdiffpos": "t",
            "ssdistnr": null,
            "ssnamenr": null,
            "drb": null
        },
        {
            "candid": 1978278531015015020,
            "jd": 2459732.7785301,
            "ra": 212.5986966,
            "dec": 44.2336812,
            "fid": 1,
            "nid": 1978,
            "magpsf": 20.004899978637695,
            "sigmapsf": 0.1530659943819046,
            "magnr": 19.305999755859375,
            "sigmagnr": 0.06400000303983688,
            "magzpsci": 26.408899307250977,
            "isdiffpos": "t",
            "ssdistnr": null,
            "ssnamenr": null,
            "drb": null
        },
        {
            "candid": 1979253224915015000,
            "jd": 2459733.7532292,
            "ra": 212.5987806,
            "dec": 44.2336714,
            "fid": 2,
            "nid": 1979,
            "magpsf": 19.17490005493164,
            "sigmapsf": 0.1298539936542511,
            "magnr": 19.31100082397461,
            "sigmagnr": 0.0689999982714653,
            "magzpsci": 26.194900512695312,
            "isdiffpos": "t",
            "ssdistnr": null,
            "ssnamenr": null,
            "drb": null
        },
        {
            "candid": 1980228431015015011,
            "jd": 2459734.7284375,
            "ra": 212.598771,
            "dec": 44.2336689,
            "fid": 2,
            "nid": 1980,
            "magpsf": 19.06329917907715,
            "sigmapsf": 0.10960900038480759,
            "magnr": 19.26799964904785,
            "sigmagnr": 0.07900000363588333,
            "magzpsci": 26.082300186157227,
            "isdiffpos": "t",
            "ssdistnr": null,
            "ssnamenr": null,
            "drb": null
        },
        {
            "candid": 1980301751015015013,
            "jd": 2459734.8017593,
            "ra": 212.598854,
            "dec": 44.2336549,
            "fid": 1,
            "nid": 1980,
            "magpsf": 20.14940071105957,
            "sigmapsf": 0.18096399307250977,
            "magnr": 19.305999755859375,
            "sigmagnr": 0.06400000303983688,
            "magzpsci": 26.381399154663086,
            "isdiffpos": "t",
            "ssdistnr": null,
            "ssnamenr": null,
            "drb": null
        },
        {
            "candid": 1981276284915015003,
            "jd": 2459735.7762847,
            "ra": 212.5990459,
            "dec": 44.2336609,
            "fid": 1,
            "nid": 1981,
            "magpsf": 20.271499633789062,
            "sigmapsf": 0.2412009984254837,
            "magnr": 19.382999420166016,
            "sigmagnr": 0.054999999701976776,
            "magzpsci": 26.24449920654297,
            "isdiffpos": "t",
            "ssdistnr": null,
            "ssnamenr": null,
            "drb": null
        },
        {
            "candid": 1982219561015015016,
            "jd": 2459736.7195602,
            "ra": 212.5987379,
            "dec": 44.2336596,
            "fid": 2,
            "nid": 1982,
            "magpsf": 19.284799575805664,
            "sigmapsf": 0.0935019999742508,
            "magnr": 19.26799964904785,
            "sigmagnr": 0.07900000363588333,
            "magzpsci": 26.25079917907715,
            "isdiffpos": "t",
            "ssdistnr": null,
            "ssnamenr": null,
            "drb": null
        },
        {
            "candid": 1982278361015015018,
            "jd": 2459736.7783681,
            "ra": 212.5987233,
            "dec": 44.23366,
            "fid": 1,
            "nid": 1982,
            "magpsf": 20.434999465942383,
            "sigmapsf": 0.2187269926071167,
            "magnr": 19.305999755859375,
            "sigmagnr": 0.06400000303983688,
            "magzpsci": 26.416000366210938,
            "isdiffpos": "t",
            "ssdistnr": null,
            "ssnamenr": null,
            "drb": null
        },
        {
            "candid": 1983196744915015001,
            "jd": 2459737.6967477,
            "ra": 212.5988475,
            "dec": 44.2336328,
            "fid": 1,
            "nid": 1983,
            "magpsf": 20.134599685668945,
            "sigmapsf": 0.2228509932756424,
            "magnr": 19.382999420166016,
            "sigmagnr": 0.054999999701976776,
            "magzpsci": 26.285600662231445,
            "isdiffpos": "t",
            "ssdistnr": null,
            "ssnamenr": null,
            "drb": null
        },
        {
            "candid": 1983213764915015001,
            "jd": 2459737.7137616,
            "ra": 212.5988106,
            "dec": 44.2336542,
            "fid": 2,
            "nid": 1983,
            "magpsf": 19.40019989013672,
            "sigmapsf": 0.11525999754667282,
            "magnr": 19.31100082397461,
            "sigmagnr": 0.0689999982714653,
            "magzpsci": 26.198200225830078,
            "isdiffpos": "t",
            "ssdistnr": null,
            "ssnamenr": null,
            "drb": null
        },
        {
            "candid": 1984258241015015012,
            "jd": 2459738.7582407,
            "ra": 212.5987515,
            "dec": 44.2336881,
            "fid": 2,
            "nid": 1984,
            "magpsf": 19.591100692749023,
            "sigmapsf": 0.18018700182437897,
            "magnr": 19.26799964904785,
            "sigmagnr": 0.07900000363588333,
            "magzpsci": 26.2091007232666,
            "isdiffpos": "t",
            "ssdistnr": null,
            "ssnamenr": null,
            "drb": null
        },
        {
            "candid": 1985204614915015000,
            "jd": 2459739.7046181,
            "ra": 212.5986744,
            "dec": 44.2337734,
            "fid": 1,
            "nid": 1985,
            "magpsf": 20.262300491333008,
            "sigmapsf": 0.33484500646591187,
            "magnr": 19.382999420166016,
            "sigmagnr": 0.054999999701976776,
            "magzpsci": 26.25629997253418,
            "isdiffpos": "t",
            "ssdistnr": null,
            "ssnamenr": null,
            "drb": null
        },
        {
            "candid": 1985256234915015000,
            "jd": 2459739.7562384,
            "ra": 212.5987615,
            "dec": 44.2336755,
            "fid": 2,
            "nid": 1985,
            "magpsf": 19.56439971923828,
            "sigmapsf": 0.16159799695014954,
            "magnr": 19.31100082397461,
            "sigmagnr": 0.0689999982714653,
            "magzpsci": 26.190399169921875,
            "isdiffpos": "t",
            "ssdistnr": null,
            "ssnamenr": null,
            "drb": null
        },
        {
            "candid": 1986205571015015005,
            "jd": 2459740.7055787,
            "ra": 212.5987485,
            "dec": 44.2336624,
            "fid": 2,
            "nid": 1986,
            "magpsf": 19.652000427246094,
            "sigmapsf": 0.17223800718784332,
            "magnr": 19.26799964904785,
            "sigmagnr": 0.07900000363588333,
            "magzpsci": 26.238000869750977,
            "isdiffpos": "t",
            "ssdistnr": null,
            "ssnamenr": null,
            "drb": null
        },
        {
            "candid": 1987257024915015001,
            "jd": 2459741.7570255,
            "ra": 212.598717,
            "dec": 44.233689,
            "fid": 2,
            "nid": 1987,
            "magpsf": 19.70789909362793,
            "sigmapsf": 0.23292399942874908,
            "magnr": 19.31100082397461,
            "sigmagnr": 0.0689999982714653,
            "magzpsci": 26.16390037536621,
            "isdiffpos": "t",
            "ssdistnr": null,
            "ssnamenr": null,
            "drb": null
        },
        {
            "candid": 1988281721015015010,
            "jd": 2459742.7817245,
            "ra": 212.5987285,
            "dec": 44.2337198,
            "fid": 2,
            "nid": 1988,
            "magpsf": 19.532899856567383,
            "sigmapsf": 0.16175700724124908,
            "magnr": 19.26799964904785,
            "sigmagnr": 0.07900000363588333,
            "magzpsci": 26.179899215698242,
            "isdiffpos": "t",
            "ssdistnr": null,
            "ssnamenr": null,
            "drb": null
        },
        {
            "candid": 1989221934915015003,
            "jd": 2459743.7219329,
            "ra": 212.5988335,
            "dec": 44.2338229,
            "fid": 2,
            "nid": 1989,
            "magpsf": 20.018299102783203,
            "sigmapsf": 0.31264999508857727,
            "magnr": 19.31100082397461,
            "sigmagnr": 0.0689999982714653,
            "magzpsci": 26.207300186157227,
            "isdiffpos": "t",
            "ssdistnr": null,
            "ssnamenr": null,
            "drb": null
        },
        {
            "candid": 1993222754915015007,
            "jd": 2459747.7227546,
            "ra": 212.5989446,
            "dec": 44.2336543,
            "fid": 2,
            "nid": 1993,
            "magpsf": 20.12649917602539,
            "sigmapsf": 0.21965600550174713,
            "magnr": 19.31100082397461,
            "sigmagnr": 0.0689999982714653,
            "magzpsci": 26.232500076293945,
            "isdiffpos": "t",
            "ssdistnr": null,
            "ssnamenr": null,
            "drb": null
        },
        {
            "candid": 1993226551015015024,
            "jd": 2459747.7265509,
            "ra": 212.598745,
            "dec": 44.2336771,
            "fid": 2,
            "nid": 1993,
            "magpsf": 20.089120864868164,
            "sigmapsf": 0.1702820062637329,
            "magnr": 19.26799964904785,
            "sigmagnr": 0.07900000363588333,
            "magzpsci": 26.25312042236328,
            "isdiffpos": "t",
            "ssdistnr": -999.0,
            "ssnamenr": "null",
            "drb": null
        },
        {
            "candid": 1995225374915015007,
            "jd": 2459749.7253704,
            "ra": 212.5990199,
            "dec": 44.2336053,
            "fid": 2,
            "nid": 1995,
            "magpsf": 20.32069969177246,
            "sigmapsf": 0.2665970027446747,
            "magnr": 19.31100082397461,
            "sigmagnr": 0.0689999982714653,
            "magzpsci": 26.192699432373047,
            "isdiffpos": "t",
            "ssdistnr": null,
            "ssnamenr": null,
            "drb": null
        },
        {
            "candid": 1995227251015015010,
            "jd": 2459749.7272569,
            "ra": 212.5988239,
            "dec": 44.2336649,
            "fid": 2,
            "nid": 1995,
            "magpsf": 20.105899810791016,
            "sigmapsf": 0.23245400190353394,
            "magnr": 19.26799964904785,
            "sigmagnr": 0.07900000363588333,
            "magzpsci": 26.23390007019043,
            "isdiffpos": "t",
            "ssdistnr": null,
            "ssnamenr": null,
            "drb": null
        },
        {
            "candid": 1997240911015015005,
            "jd": 2459751.7409144,
            "ra": 212.5987438,
            "dec": 44.2336464,
            "fid": 2,
            "nid": 1997,
            "magpsf": 20.231599807739258,
            "sigmapsf": 0.23324799537658691,
            "magnr": 19.26799964904785,
            "sigmagnr": 0.07900000363588333,
            "magzpsci": 26.218599319458008,
            "isdiffpos": "t",
            "ssdistnr": null,
            "ssnamenr": null,
            "drb": null
        },
        {
            "candid": 1997242334915015002,
            "jd": 2459751.742338,
            "ra": 212.5989752,
            "dec": 44.2337505,
            "fid": 2,
            "nid": 1997,
            "magpsf": 20.262500762939453,
            "sigmapsf": 0.235725998878479,
            "magnr": 19.31100082397461,
            "sigmagnr": 0.0689999982714653,
            "magzpsci": 26.162500381469727,
            "isdiffpos": "t",
            "ssdistnr": null,
            "ssnamenr": null,
            "drb": null
        },
        {
            "candid": 1999222904915015001,
            "jd": 2459753.7229051,
            "ra": 212.5986879,
            "dec": 44.2337319,
            "fid": 2,
            "nid": 1999,
            "magpsf": 20.48509979248047,
            "sigmapsf": 0.2743139863014221,
            "magnr": 19.31100082397461,
            "sigmagnr": 0.0689999982714653,
            "magzpsci": 26.16309928894043,
            "isdiffpos": "t",
            "ssdistnr": null,
            "ssnamenr": null,
            "drb": null
        },
        {
            "candid": 2002220234915015002,
            "jd": 2459756.7202315,
            "ra": 212.598923,
            "dec": 44.2336858,
            "fid": 2,
            "nid": 2002,
            "magpsf": 20.584999084472656,
            "sigmapsf": 0.3566240072250366,
            "magnr": 19.31100082397461,
            "sigmagnr": 0.0689999982714653,
            "magzpsci": 26.224000930786133,
            "isdiffpos": "t",
            "ssdistnr": null,
            "ssnamenr": null,
            "drb": null
        },
        {
            "candid": 2002222101015015016,
            "jd": 2459756.7221065,
            "ra": 212.5988292,
            "dec": 44.2336626,
            "fid": 2,
            "nid": 2002,
            "magpsf": 20.138999938964844,
            "sigmapsf": 0.18137000501155853,
            "magnr": 19.26799964904785,
            "sigmagnr": 0.07900000363588333,
            "magzpsci": 26.26799964904785,
            "isdiffpos": "t",
            "ssdistnr": null,
            "ssnamenr": null,
            "drb": null
        },
        {
            "candid": 2004264464915015000,
            "jd": 2459758.7644676,
            "ra": 212.5989806,
            "dec": 44.2336558,
            "fid": 2,
            "nid": 2004,
            "magpsf": 20.597700119018555,
            "sigmapsf": 0.32510900497436523,
            "magnr": 19.31100082397461,
            "sigmagnr": 0.0689999982714653,
            "magzpsci": 26.1427001953125,
            "isdiffpos": "t",
            "ssdistnr": null,
            "ssnamenr": null,
            "drb": null
        },
        {
            "candid": 2004283211015015014,
            "jd": 2459758.7832176,
            "ra": 212.5985806,
            "dec": 44.2336277,
            "fid": 2,
            "nid": 2004,
            "magpsf": 20.510900497436523,
            "sigmapsf": 0.2544820010662079,
            "magnr": 19.26799964904785,
            "sigmagnr": 0.07900000363588333,
            "magzpsci": 26.164899826049805,
            "isdiffpos": "t",
            "ssdistnr": null,
            "ssnamenr": null,
            "drb": null
        },
        {
            "candid": 2006263561015015015,
            "jd": 2459760.7635648,
            "ra": 212.5988154,
            "dec": 44.2336816,
            "fid": 2,
            "nid": 2006,
            "magpsf": 20.345224380493164,
            "sigmapsf": 0.17587852478027344,
            "magnr": 19.26799964904785,
            "sigmagnr": 0.07900000363588333,
            "magzpsci": 26.21522331237793,
            "isdiffpos": "t",
            "ssdistnr": -999.0,
            "ssnamenr": "null",
            "drb": null
        },
        {
            "jd": 2459672.8201273,
            "fid": 1,
            "diffmaglim": 20.88759994506836
        },
        {
            "jd": 2459672.8290394,
            "fid": 1,
            "diffmaglim": 20.802099227905273
        },
        {
            "jd": 2459675.7230093,
            "fid": 2,
            "diffmaglim": 20.194499969482422
        },
        {
            "jd": 2459675.8251968,
            "fid": 1,
            "diffmaglim": 20.49720001220703
        },
        {
            "jd": 2459675.865544,
            "fid": 1,
            "diffmaglim": 20.689199447631836
        },
        {
            "jd": 2459679.8014815,
            "fid": 1,
            "diffmaglim": 20.205799102783203
        },
        {
            "jd": 2459682.7224306,
            "fid": 1,
            "diffmaglim": 19.466899871826172
        },
        {
            "jd": 2459682.7229051,
            "fid": 1,
            "diffmaglim": 19.409400939941406
        },
        {
            "jd": 2459722.8227778,
            "fid": 1,
            "diffmaglim": 20.74810028076172
        },
        {
            "jd": 2459722.8259491,
            "fid": 1,
            "diffmaglim": 20.539100646972656
        },
        {
            "jd": 2459738.7194444,
            "fid": 1,
            "diffmaglim": 20.034299850463867
        },
        {
            "jd": 2459740.8848958,
            "fid": 1,
            "diffmaglim": 19.811800003051758
        },
        {
            "jd": 2459741.7205093,
            "fid": 1,
            "diffmaglim": 19.599000930786133
        },
        {
            "jd": 2459742.8206829,
            "fid": 1,
            "diffmaglim": 19.406600952148438
        },
        {
            "jd": 2459743.7638657,
            "fid": 1,
            "diffmaglim": 19.599899291992188
        },
        {
            "jd": 2459747.7628819,
            "fid": 1,
            "diffmaglim": 20.274099349975586
        },
        {
            "jd": 2459747.7633565,
            "fid": 1,
            "diffmaglim": 20.41469955444336
        },
        {
            "jd": 2459749.7425694,
            "fid": 1,
            "diffmaglim": 20.311899185180664
        },
        {
            "jd": 2459749.7614931,
            "fid": 1,
            "diffmaglim": 20.39240074157715
        },
        {
            "jd": 2459751.718912,
            "fid": 1,
            "diffmaglim": 20.508699417114258
        },
        {
            "jd": 2459751.7203588,
            "fid": 1,
            "diffmaglim": 20.56879997253418
        },
        {
            "jd": 2459753.7210301,
            "fid": 2,
            "diffmaglim": 20.643199920654297
        },
        {
            "jd": 2459753.7410301,
            "fid": 1,
            "diffmaglim": 20.605100631713867
        },
        {
            "jd": 2459753.7439236,
            "fid": 1,
            "diffmaglim": 20.55270004272461
        },
        {
            "jd": 2459756.7499421,
            "fid": 1,
            "diffmaglim": 20.577999114990234
        },
        {
            "jd": 2459756.7639236,
            "fid": 1,
            "diffmaglim": 20.558399200439453
        },
        {
            "jd": 2459760.723831,
            "fid": 1,
            "diffmaglim": 20.707399368286133
        },
        {
            "jd": 2459760.7271065,
            "fid": 1,
            "diffmaglim": 20.701799392700195
        }
    ],
    "forcedphot": []
}