{
    "objectId": "ZTF22aaagrce",
    "candidates": [
        {
            "candid": 1868133114415015006,
            "jd": 2459622.6331134,
            "ra": 41.289064,
            "dec": 13.2386232,
            "fid": 1,
            "nid": 1868,
            "magpsf": 18.931100845336914,
            "sigmapsf": 0.10848899930715561,
            "magnr": 22.437999725341797,
            "sigmagnr": 0.14499999582767487,
            "magzpsci": 26.366100311279297,
            "isdiffpos": "t",
            "ssdistnr": null,
            "ssnamenr": null,
            "drb": 0.9999979734420776
        },
        {
            "candid": 1868193584415015004,
            "jd": 2459622.693588,
            "ra": 41.2890962,
            "dec": 13.2386451,
            "fid": 2,
            "nid": 1868,
            "magpsf": 17.946699142456055,
            "sigmapsf": 0.060711998492479324,
            "magnr": 21.815000534057617,
            "sigmagnr": 0.07699999958276749,
            "magzpsci": 26.30270004272461,
            "isdiffpos": "t",
            "ssdistnr": null,
            "ssnamenr": null,
            "drb": null
        },
        {
            "candid": 1870134204415015003,
            "jd": 2459624.6342014,
            "ra": 41.2890931,
            "dec": 13.2386046,
            "fid": 1,
            "nid": 1870,
            "magpsf": 19.128700256347656,
            "sigmapsf": 0.11186599731445312,
            "magnr": 22.437999725341797,
            "sigmagnr": 0.14499999582767487,
            "magzpsci": 26.360700607299805,
            "isdiffpos": "t",
            "ssdistnr": null,
            "ssnamenr": null,
            "drb": null
        },
        {
            "candid": 1870150924415015011,
            "jd": 2459624.6509259,
            "ra": 41.2891207,
            "dec": 13.2386565,
            "fid": 2,
            "nid": 1870,
            "magpsf": 18.050899505615234,
            "sigmapsf": 0.07071900367736816,
            "magnr": 21.815000534057617,
            "sigmagnr": 0.07699999958276749,
            "magzpsci": 26.348899841308594,
            "isdiffpos": "t",
            "ssdistnr": null,
            "ssnamenr": null,
            "drb": null
        },
        {
            "candid": 1873154064415015006,
            "jd": 2459627.6540625,
            "ra": 41.2891103,
            "dec": 13.2386396,
            "fid": 2,
            "nid": 1873,
            "magpsf": 18.222000122070312,
            "sigmapsf": 0.0778840035200119,
            "magnr": 21.815000534057617,
            "sigmagnr": 0.07699999958276749,
            "magzpsci": 26.33099937438965,
            "isdiffpos": "t",
            "ssdistnr": null,
            "ssnamenr": null,
            "drb": null
        },
        {
            "candid": 1873199654415015003,
            "jd": 2459627.6996528,
            "ra": 41.28913,
            "dec": 13.2386574,
            "fid": 1,
            "nid": 1873,
            "magpsf": 19.23270034790039,
            "sigmapsf": 0.263280987739563,
            "magnr": 22.437999725341797,
            "sigmagnr": 0.14499999582767487,
            "magzpsci": 26.218799591064453,
            "isdiffpos": "t",
            "ssdistnr": null,
            "ssnamenr": null,
            "drb": null
        },
        {
            "candid": 1875134764415015006,
            "jd": 2459629.6347685,
            "ra": 41.289084,
            "dec": 13.2386486,
            "fid": 2,
            "nid": 1875,
            "magpsf": 18.225400924682617,
            "sigmapsf": 0.055677998811006546,
            "magnr": 21.815000534057617,
            "sigmagnr": 0.07699999958276749,
            "magzpsci": 26.343399047851562,
            "isdiffpos": "t",
            "ssdistnr": null,
            "ssnamenr": null,
            "drb": null
        },
        {
            "candid": 1875200264415015001,
            "jd": 2459629.7002662,
            "ra": 41.2889238,
            "dec": 13.2386571,
            "fid": 1,
            "nid": 1875,
            "magpsf": 19.05270004272461,
            "sigmapsf": 0.21468399465084076,
            "magnr": 22.437999725341797,
            "sigmagnr": 0.14499999582767487,
            "magzpsci": 26.228700637817383,
            "isdiffpos": "t",
            "ssdistnr": null,
            "ssnamenr": null,
            "drb": null
        },
        {
            "candid": 1877136634415015004,
            "jd": 2459631.6366319,
            "ra": 41.28911,
            "dec": 13.2386319,
            "fid": 2,
            "nid": 1877,
            "magpsf": 18.29330062866211,
            "sigmapsf": 0.08949500322341919,
            "magnr": 21.815000534057617,
            "sigmagnr": 0.07699999958276749,
            "magzpsci": 25.637300491333008,
            "isdiffpos": "t",
            "ssdistnr": null,
            "ssnamenr": null,
            "drb": null
        },
        {
            "candid": 1886153264415015003,
            "jd": 2459640.6532639,
            "ra": 41.2890888,
            "dec": 13.238682,
            "fid": 1,
            "nid": 1886,
            "magpsf": 19.54244041442871,
            "sigmapsf": 0.1298930048942566,
            "magnr": 22.437999725341797,
            "sigmagnr": 0.14499999582767487,
            "magzpsci": 26.260440826416016,
            "isdiffpos": "t",
            "ssdistnr": -999.0,
            "ssnamenr": "null",
            "drb": null
        },
        {
            "jd": 2459638.6407176,
            "fid": 1,
            "diffmaglim": 18.271099090576172
        },
        {
            "jd": 2459638.7068866,
            "fid": 2,
            "diffmaglim": 17.44529914855957
        }
    ],
    "forcedphot": []
}