{
    "objectId": "ZTF24aacavku",
    "candidates": [
        {
            "candid": 2569502751215015050,
            "jd": 2460324.0027546,
            "ra": 189.8133473,
            "dec": -26.9077169,
            "fid": 2,
            "nid": 2569,
            "magpsf": 17.6924991607666,
            "sigmapsf": 0.06357099860906601,
            "magnr": 20.23900032043457,
            "sigmagnr": 0.13300000131130219,
            "magzpsci": 26.1924991607666,
            "isdiffpos": "t",
            "ssdistnr": null,
            "ssnamenr": null,
            "drb": 0.9999529123306274
        },
        {
            "candid": 2571522771215015032,
            "jd": 2460326.0227778,
            "ra": 189.813349,
            "dec": -26.907711,
            "fid": 1,
            "nid": 2571,
            "magpsf": 18.74959945678711,
            "sigmapsf": 0.11285500228404999,
            "magnr": 20.264999389648438,
            "sigmagnr": 0.10100000351667404,
            "magzpsci": 25.86359977722168,
            "isdiffpos": "t",
            "ssdistnr": null,
            "ssnamenr": null,
            "drb": null
        },
        {
            "candid": 2573501141215015013,
            "jd": 2460328.0011458,
            "ra": 189.8133429,
            "dec": -26.9076966,
            "fid": 1,
            "nid": 2573,
            "magpsf": 18.67300033569336,
            "sigmapsf": 0.07994899898767471,
            "magnr": 20.264999389648438,
            "sigmagnr": 0.10100000351667404,
            "magzpsci": 26.065000534057617,
            "isdiffpos": "t",
            "ssdistnr": null,
            "ssnamenr": null,
            "drb": null
        },
        {
            "candid": 2597465031215015011,
            "jd": 2460351.9650347,
            "ra": 189.8133309,
            "dec": -26.9076978,
            "fid": 2,
            "nid": 2597,
            "magpsf": 17.879499435424805,
            "sigmapsf": 0.08462999761104584,
            "magnr": 20.23900032043457,
            "sigmagnr": 0.13300000131130219,
            "magzpsci": 26.149499893188477,
            "isdiffpos": "t",
            "ssdistnr": null,
            "ssnamenr": null,
            "drb": null
        },
        {
            "candid": 2599417971215015017,
            "jd": 2460353.9179745,
            "ra": 189.8133448,
            "dec": -26.9076897,
            "fid": 1,
            "nid": 2599,
            "magpsf": 18.909700393676758,
            "sigmapsf": 0.09205500036478043,
            "magnr": 20.264999389648438,
            "sigmagnr": 0.10100000351667404,
            "magzpsci": 26.169700622558594,
            "isdiffpos": "t",
            "ssdistnr": null,
            "ssnamenr": null,
            "drb": null
        },
        {
            "candid": 2601417211215015013,
            "jd": 2460355.9172106,
            "ra": 189.8133904,
            "dec": -26.9077254,
            "fid": 1,
            "nid": 2601,
            "magpsf": 18.905899047851562,
            "sigmapsf": 0.09734799712896347,
            "magnr": 20.264999389648438,
            "sigmagnr": 0.10100000351667404,
            "magzpsci": 26.16990089416504,
            "isdiffpos": "t",
            "ssdistnr": null,
            "ssnamenr": null,
            "drb": null
        },
        {
            "candid": 2601440461215015013,
            "jd": 2460355.940463,
            "ra": 189.8133493,
            "dec": -26.9077087,
            "fid": 2,
            "nid": 2601,
            "magpsf": 18.054100036621094,
            "sigmapsf": 0.07627200335264206,
            "magnr": 20.23900032043457,
            "sigmagnr": 0.13300000131130219,
            "magzpsci": 26.162099838256836,
            "isdiffpos": "t",
            "ssdistnr": null,
            "ssnamenr": null,
            "drb": null
        },
        {
            "candid": 2620439711215015013,
            "jd": 2460374.9397106,
            "ra": 189.813342,
            "dec": -26.9077061,
            "fid": 2,
            "nid": 2620,
            "magpsf": 18.336700439453125,
            "sigmapsf": 0.09668000042438507,
            "magnr": 20.23900032043457,
            "sigmagnr": 0.13300000131130219,
            "magzpsci": 26.137699127197266,
            "isdiffpos": "t",
            "ssdistnr": null,
            "ssnamenr": null,
            "drb": null
        },
        {
            "candid": 2635422851215015007,
            "jd": 2460389.9228588,
            "ra": 189.8133336,
            "dec": -26.9076539,
            "fid": 1,
            "nid": 2635,
            "magpsf": 19.301799774169922,
            "sigmapsf": 0.15455999970436096,
            "magnr": 20.264999389648438,
            "sigmagnr": 0.10100000351667404,
            "magzpsci": 26.065799713134766,
            "isdiffpos": "t",
            "ssdistnr": null,
            "ssnamenr": null,
            "drb": null
        },
        {
            "candid": 2637314691215015017,
            "jd": 2460391.8146991,
            "ra": 189.8133112,
            "dec": -26.9077018,
            "fid": 1,
            "nid": 2637,
            "magpsf": 19.034299850463867,
            "sigmapsf": 0.1410059928894043,
            "magnr": 20.264999389648438,
            "sigmagnr": 0.10100000351667404,
            "magzpsci": 26.146299362182617,
            "isdiffpos": "t",
            "ssdistnr": null,
            "ssnamenr": null,
            "drb": null
        },
        {
            "candid": 2637420151215015073,
            "jd": 2460391.9201505,
            "ra": 189.8134258,
            "dec": -26.9077599,
            "fid": 2,
            "nid": 2637,
            "magpsf": 18.56999969482422,
            "sigmapsf": 0.15557000041007996,
            "magnr": 20.23900032043457,
            "sigmagnr": 0.13300000131130219,
            "magzpsci": 26.01300048828125,
            "isdiffpos": "t",
            "ssdistnr": null,
            "ssnamenr": null,
            "drb": null
        },
        {
            "candid": 2643313901215015014,
            "jd": 2460397.8139005,
            "ra": 189.8133392,
            "dec": -26.9076389,
            "fid": 1,
            "nid": 2643,
            "magpsf": 19.25629997253418,
            "sigmapsf": 0.32273900508880615,
            "magnr": 20.264999389648438,
            "sigmagnr": 0.10100000351667404,
            "magzpsci": 26.148300170898438,
            "isdiffpos": "t",
            "ssdistnr": null,
            "ssnamenr": null,
            "drb": null
        },
        {
            "candid": 2643400311215015011,
            "jd": 2460397.9003125,
            "ra": 189.8132921,
            "dec": -26.9076925,
            "fid": 2,
            "nid": 2643,
            "magpsf": 18.509199142456055,
            "sigmapsf": 0.15992000699043274,
            "magnr": 20.23900032043457,
            "sigmagnr": 0.13300000131130219,
            "magzpsci": 26.10219955444336,
            "isdiffpos": "t",
            "ssdistnr": null,
            "ssnamenr": null,
            "drb": null
        },
        {
            "candid": 2649313581215015012,
            "jd": 2460403.813588,
            "ra": 189.8133459,
            "dec": -26.9076949,
            "fid": 1,
            "nid": 2649,
            "magpsf": 19.524200439453125,
            "sigmapsf": 0.15247200429439545,
            "magnr": 20.264999389648438,
            "sigmagnr": 0.10100000351667404,
            "magzpsci": 26.14620018005371,
            "isdiffpos": "t",
            "ssdistnr": null,
            "ssnamenr": null,
            "drb": null
        },
        {
            "candid": 2649356531215015012,
            "jd": 2460403.8565394,
            "ra": 189.8133402,
            "dec": -26.9076927,
            "fid": 2,
            "nid": 2649,
            "magpsf": 18.625999450683594,
            "sigmapsf": 0.08947999775409698,
            "magnr": 20.23900032043457,
            "sigmagnr": 0.13300000131130219,
            "magzpsci": 26.165000915527344,
            "isdiffpos": "t",
            "ssdistnr": null,
            "ssnamenr": null,
            "drb": null
        },
        {
            "candid": 2653316851215015010,
            "jd": 2460407.8168519,
            "ra": 189.8133579,
            "dec": -26.9077356,
            "fid": 1,
            "nid": 2653,
            "magpsf": 19.47610092163086,
            "sigmapsf": 0.14492399990558624,
            "magnr": 20.264999389648438,
            "sigmagnr": 0.10100000351667404,
            "magzpsci": 26.1471004486084,
            "isdiffpos": "t",
            "ssdistnr": null,
            "ssnamenr": null,
            "drb": null
        },
        {
            "candid": 2653356361215015013,
            "jd": 2460407.8563657,
            "ra": 189.8133698,
            "dec": -26.9076772,
            "fid": 2,
            "nid": 2653,
            "magpsf": 18.6742000579834,
            "sigmapsf": 0.10772400349378586,
            "magnr": 21.007999420166016,
            "sigmagnr": 0.13199999928474426,
            "magzpsci": 26.130199432373047,
            "isdiffpos": "t",
            "ssdistnr": null,
            "ssnamenr": null,
            "drb": null
        },
        {
            "candid": 2655282041215015031,
            "jd": 2460409.7820486,
            "ra": 189.8133457,
            "dec": -26.9077862,
            "fid": 1,
            "nid": 2655,
            "magpsf": 19.500999450683594,
            "sigmapsf": 0.09345100075006485,
            "magnr": 20.264999389648438,
            "sigmagnr": 0.10100000351667404,
            "magzpsci": 28.38800048828125,
            "isdiffpos": "t",
            "ssdistnr": null,
            "ssnamenr": null,
            "drb": null
        },
        {
            "candid": 2656341201215015019,
            "jd": 2460410.8412037,
            "ra": 189.8133518,
            "dec": -26.9077094,
            "fid": 2,
            "nid": 2656,
            "magpsf": 18.62220001220703,
            "sigmapsf": 0.06659399718046188,
            "magnr": 20.23900032043457,
            "sigmagnr": 0.13300000131130219,
            "magzpsci": 28.395200729370117,
            "isdiffpos": "t",
            "ssdistnr": null,
            "ssnamenr": null,
            "drb": null
        },
        {
            "candid": 2656377511215015021,
            "jd": 2460410.8775116,
            "ra": 189.813302,
            "dec": -26.9077451,
            "fid": 1,
            "nid": 2656,
            "magpsf": 19.693300247192383,
            "sigmapsf": 0.09556200355291367,
            "magnr": 20.264999389648438,
            "sigmagnr": 0.10100000351667404,
            "magzpsci": 28.329299926757812,
            "isdiffpos": "t",
            "ssdistnr": null,
            "ssnamenr": null,
            "drb": null
        },
        {
            "candid": 2657278251215015048,
            "jd": 2460411.7782523,
            "ra": 189.813347,
            "dec": -26.907708,
            "fid": 2,
            "nid": 2657,
            "magpsf": 18.695600509643555,
            "sigmapsf": 0.05960800126194954,
            "magnr": 20.23900032043457,
            "sigmagnr": 0.13300000131130219,
            "magzpsci": 28.410600662231445,
            "isdiffpos": "t",
            "ssdistnr": null,
            "ssnamenr": null,
            "drb": null
        },
        {
            "candid": 2657317841215015029,
            "jd": 2460411.8178472,
            "ra": 189.8133726,
            "dec": -26.9077226,
            "fid": 1,
            "nid": 2657,
            "magpsf": 19.506099700927734,
            "sigmapsf": 0.07927300035953522,
            "magnr": 20.264999389648438,
            "sigmagnr": 0.10100000351667404,
            "magzpsci": 28.366100311279297,
            "isdiffpos": "t",
            "ssdistnr": null,
            "ssnamenr": null,
            "drb": null
        },
        {
            "candid": 2658356581215015013,
            "jd": 2460412.8565856,
            "ra": 189.8133284,
            "dec": -26.9077451,
            "fid": 1,
            "nid": 2658,
            "magpsf": 19.42889976501465,
            "sigmapsf": 0.1265060007572174,
            "magnr": 20.264999389648438,
            "sigmagnr": 0.10100000351667404,
            "magzpsci": 26.067899703979492,
            "isdiffpos": "t",
            "ssdistnr": null,
            "ssnamenr": null,
            "drb": null
        },
        {
            "candid": 2666358921215015016,
            "jd": 2460420.8589236,
            "ra": 189.8132643,
            "dec": -26.9077822,
            "fid": 2,
            "nid": 2666,
            "magpsf": 18.875600814819336,
            "sigmapsf": 0.20103499293327332,
            "magnr": 20.23900032043457,
            "sigmagnr": 0.13300000131130219,
            "magzpsci": 26.082599639892578,
            "isdiffpos": "t",
            "ssdistnr": null,
            "ssnamenr": null,
            "drb": null
        },
        {
            "candid": 2676220041215025009,
            "jd": 2460430.7200463,
            "ra": 189.813285,
            "dec": -26.9076889,
            "fid": 1,
            "nid": 2676,
            "magpsf": 19.99340057373047,
            "sigmapsf": 0.20847100019454956,
            "magnr": 20.264999389648438,
            "sigmagnr": 0.10100000351667404,
            "magzpsci": 26.14240074157715,
            "isdiffpos": "t",
            "ssdistnr": null,
            "ssnamenr": null,
            "drb": null
        },
        {
            "candid": 2676251031215025014,
            "jd": 2460430.7510301,
            "ra": 189.8133837,
            "dec": -26.9077046,
            "fid": 2,
            "nid": 2676,
            "magpsf": 18.783199310302734,
            "sigmapsf": 0.10156600177288055,
            "magnr": 20.23900032043457,
            "sigmagnr": 0.13300000131130219,
            "magzpsci": 26.101200103759766,
            "isdiffpos": "t",
            "ssdistnr": null,
            "ssnamenr": null,
            "drb": null
        },
        {
            "candid": 2678272301215015013,
            "jd": 2460432.7723032,
            "ra": 189.8134184,
            "dec": -26.9077131,
            "fid": 1,
            "nid": 2678,
            "magpsf": 20.032800674438477,
            "sigmapsf": 0.22318600118160248,
            "magnr": 20.264999389648438,
            "sigmagnr": 0.10100000351667404,
            "magzpsci": 25.99880027770996,
            "isdiffpos": "t",
            "ssdistnr": null,
            "ssnamenr": null,
            "drb": null
        },
        {
            "candid": 2678314151215015017,
            "jd": 2460432.8141551,
            "ra": 189.8133905,
            "dec": -26.9076573,
            "fid": 2,
            "nid": 2678,
            "magpsf": 18.89739990234375,
            "sigmapsf": 0.20163500308990479,
            "magnr": 21.007999420166016,
            "sigmagnr": 0.13199999928474426,
            "magzpsci": 25.936399459838867,
            "isdiffpos": "t",
            "ssdistnr": null,
            "ssnamenr": null,
            "drb": null
        },
        {
            "candid": 2680251601215015014,
            "jd": 2460434.7516088,
            "ra": 189.8133533,
            "dec": -26.9076819,
            "fid": 2,
            "nid": 2680,
            "magpsf": 18.816600799560547,
            "sigmapsf": 0.1244250014424324,
            "magnr": 21.007999420166016,
            "sigmagnr": 0.13199999928474426,
            "magzpsci": 26.04159927368164,
            "isdiffpos": "t",
            "ssdistnr": 26.0,
            "ssnamenr": "222605",
            "drb": null
        },
        {
            "candid": 2680272981215015011,
            "jd": 2460434.7729861,
            "ra": 189.8133376,
            "dec": -26.9076756,
            "fid": 1,
            "nid": 2680,
            "magpsf": 20.04170036315918,
            "sigmapsf": 0.15542499721050262,
            "magnr": 20.264999389648438,
            "sigmagnr": 0.10100000351667404,
            "magzpsci": 26.114700317382812,
            "isdiffpos": "t",
            "ssdistnr": null,
            "ssnamenr": null,
            "drb": null
        },
        {
            "candid": 2686254961215015014,
            "jd": 2460440.7549653,
            "ra": 189.8133544,
            "dec": -26.9076429,
            "fid": 2,
            "nid": 2686,
            "magpsf": 19.12820053100586,
            "sigmapsf": 0.17872199416160583,
            "magnr": 21.007999420166016,
            "sigmagnr": 0.13199999928474426,
            "magzpsci": 26.095199584960938,
            "isdiffpos": "t",
            "ssdistnr": null,
            "ssnamenr": null,
            "drb": null
        },
        {
            "candid": 2686272701215015028,
            "jd": 2460440.7727083,
            "ra": 189.8133358,
            "dec": -26.9077988,
            "fid": 1,
            "nid": 2686,
            "magpsf": 19.929100036621094,
            "sigmapsf": 0.28462499380111694,
            "magnr": 20.264999389648438,
            "sigmagnr": 0.10100000351667404,
            "magzpsci": 26.092100143432617,
            "isdiffpos": "t",
            "ssdistnr": null,
            "ssnamenr": null,
            "drb": null
        },
        {
            "candid": 2688209561215015019,
            "jd": 2460442.7095602,
            "ra": 189.8133786,
            "dec": -26.9077744,
            "fid": 1,
            "nid": 2688,
            "magpsf": 19.937999725341797,
            "sigmapsf": 0.20255999267101288,
            "magnr": 20.264999389648438,
            "sigmagnr": 0.10100000351667404,
            "magzpsci": 26.066999435424805,
            "isdiffpos": "t",
            "ssdistnr": null,
            "ssnamenr": null,
            "drb": null
        },
        {
            "candid": 2688231181215015019,
            "jd": 2460442.7311806,
            "ra": 189.8133529,
            "dec": -26.9076473,
            "fid": 2,
            "nid": 2688,
            "magpsf": 18.94700050354004,
            "sigmapsf": 0.1291310042142868,
            "magnr": 21.007999420166016,
            "sigmagnr": 0.13199999928474426,
            "magzpsci": 26.12299919128418,
            "isdiffpos": "t",
            "ssdistnr": null,
            "ssnamenr": null,
            "drb": null
        },
        {
            "candid": 2690209601215015012,
            "jd": 2460444.7096065,
            "ra": 189.8132857,
            "dec": -26.9077099,
            "fid": 1,
            "nid": 2690,
            "magpsf": 20.003299713134766,
            "sigmapsf": 0.28287699818611145,
            "magnr": 20.264999389648438,
            "sigmagnr": 0.10100000351667404,
            "magzpsci": 26.132299423217773,
            "isdiffpos": "t",
            "ssdistnr": null,
            "ssnamenr": null,
            "drb": null
        },
        {
            "candid": 2690253761215015013,
            "jd": 2460444.7537616,
            "ra": 189.8133446,
            "dec": -26.9077346,
            "fid": 2,
            "nid": 2690,
            "magpsf": 19.010299682617188,
            "sigmapsf": 0.12698200345039368,
            "magnr": 20.23900032043457,
            "sigmagnr": 0.13300000131130219,
            "magzpsci": 26.09630012512207,
            "isdiffpos": "t",
            "ssdistnr": null,
            "ssnamenr": null,
            "drb": null
        },
        {
            "candid": 2706252231215015015,
            "jd": 2460460.7522338,
            "ra": 189.8133011,
            "dec": -26.9077293,
            "fid": 2,
            "nid": 2706,
            "magpsf": 19.148914337158203,
            "sigmapsf": 0.15339814126491547,
            "magnr": 20.23900032043457,
            "sigmagnr": 0.13300000131130219,
            "magzpsci": 26.04991340637207,
            "isdiffpos": "t",
            "ssdistnr": -999.0,
            "ssnamenr": "null",
            "drb": null
        },
        {
            "candid": 2706252231215025015,
            "jd": 2460460.7522338,
            "ra": 189.8133011,
            "dec": -26.9077293,
            "fid": 2,
            "nid": 2706,
            "magpsf": 19.14889907836914,
            "sigmapsf": 0.15339800715446472,
            "magnr": 20.23900032043457,
            "sigmagnr": 0.13300000131130219,
            "magzpsci": 26.04990005493164,
            "isdiffpos": "t",
            "ssdistnr": null,
            "ssnamenr": null,
            "drb": null
        },
        {
            "candid": 2708188501215015015,
            "jd": 2460462.6885069,
            "ra": 189.8133889,
            "dec": -26.9077177,
            "fid": 2,
            "nid": 2708,
            "magpsf": 19.208213806152344,
            "sigmapsf": 0.13390059769153595,
            "magnr": 20.23900032043457,
            "sigmagnr": 0.13300000131130219,
            "magzpsci": 26.103212356567383,
            "isdiffpos": "t",
            "ssdistnr": -999.0,
            "ssnamenr": "null",
            "drb": null
        },
        {
            "jd": 2460363.8965741,
            "fid": 1,
            "diffmaglim": 18.141000747680664
        },
        {
            "jd": 2460383.8978935,
            "fid": 2,
            "diffmaglim": 17.69610023498535
        },
        {
            "jd": 2460416.7930671,
            "fid": 1,
            "diffmaglim": 19.17300033569336
        },
        {
            "jd": 2460416.8609028,
            "fid": 2,
            "diffmaglim": 17.03420066833496
        },
        {
            "jd": 2460418.7928009,
            "fid": 2,
            "diffmaglim": 18.75779914855957
        },
        {
            "jd": 2460420.7795949,
            "fid": 1,
            "diffmaglim": 18.930999755859375
        },
        {
            "jd": 2460424.7930093,
            "fid": 1,
            "diffmaglim": 18.377399444580078
        },
        {
            "jd": 2460448.7107407,
            "fid": 1,
            "diffmaglim": 19.227800369262695
        },
        {
            "jd": 2460448.7857407,
            "fid": 2,
            "diffmaglim": 18.92340087890625
        },
        {
            "jd": 2460452.7726505,
            "fid": 1,
            "diffmaglim": 18.132299423217773
        },
        {
            "jd": 2460457.7096296,
            "fid": 1,
            "diffmaglim": 19.991300582885742
        },
        {
            "jd": 2460460.7333681,
            "fid": 1,
            "diffmaglim": 19.80419921875
        }
    ],
    "forcedphot": [
        {
            "objectid": "ZTF24aacavku",
            "jd": 2460315.0017361,
            "ranr": -99999.0,
            "decnr": -99999.0,
            "fid": 2,
            "forcediffimflux": -99999.0,
            "forcediffimfluxunc": -99999.0,
            "magzpsci": 25.966400146484375
        },
        {
            "objectid": "ZTF24aacavku",
            "jd": 2460315.0438773,
            "ranr": -99999.0,
            "decnr": -99999.0,
            "fid": 1,
            "forcediffimflux": -99999.0,
            "forcediffimfluxunc": -99999.0,
            "magzpsci": 26.014299392700195
        },
        {
            "objectid": "ZTF24aacavku",
            "jd": 2460322.9806713,
            "ranr": -99999.0,
            "decnr": -99999.0,
            "fid": 1,
            "forcediffimflux": -99999.0,
            "forcediffimfluxunc": -99999.0,
            "magzpsci": 25.98509979248047
        },
        {
            "objectid": "ZTF24aacavku",
            "jd": 2460324.0027546,
            "ranr": 189.8147432,
            "decnr": -26.9081427,
            "fid": 2,
            "forcediffimflux": 2345.505126953125,
            "forcediffimfluxunc": 61.78606414794922,
            "magzpsci": 26.1924991607666
        },
        {
            "objectid": "ZTF24aacavku",
            "jd": 2460324.9973727,
            "ranr": -99999.0,
            "decnr": -99999.0,
            "fid": 2,
            "forcediffimflux": -99999.0,
            "forcediffimfluxunc": -99999.0,
            "magzpsci": 25.981000900268555
        },
        {
            "objectid": "ZTF24aacavku",
            "jd": 2460326.0227778,
            "ranr": 189.8127444,
            "decnr": -26.9090884,
            "fid": 1,
            "forcediffimflux": 680.009765625,
            "forcediffimfluxunc": 39.238990783691406,
            "magzpsci": 25.86359977722168
        },
        {
            "objectid": "ZTF24aacavku",
            "jd": 2460328.0011458,
            "ranr": 189.8127444,
            "decnr": -26.9090884,
            "fid": 1,
            "forcediffimflux": 891.6293334960938,
            "forcediffimfluxunc": 38.655677795410156,
            "magzpsci": 26.065000534057617
        },
        {
            "objectid": "ZTF24aacavku",
            "jd": 2460351.9184375,
            "ranr": -99999.0,
            "decnr": -99999.0,
            "fid": 1,
            "forcediffimflux": -99999.0,
            "forcediffimfluxunc": -99999.0,
            "magzpsci": 25.979299545288086
        },
        {
            "objectid": "ZTF24aacavku",
            "jd": 2460351.9659722,
            "ranr": -99999.0,
            "decnr": -99999.0,
            "fid": 2,
            "forcediffimflux": -99999.0,
            "forcediffimfluxunc": -99999.0,
            "magzpsci": 25.974700927734375
        },
        {
            "objectid": "ZTF24aacavku",
            "jd": 2460353.8968171,
            "ranr": -99999.0,
            "decnr": -99999.0,
            "fid": 1,
            "forcediffimflux": -99999.0,
            "forcediffimfluxunc": -99999.0,
            "magzpsci": 25.973600387573242
        },
        {
            "objectid": "ZTF24aacavku",
            "jd": 2460353.9179745,
            "ranr": 189.8127444,
            "decnr": -26.9090884,
            "fid": 1,
            "forcediffimflux": 791.1303100585938,
            "forcediffimfluxunc": 40.18963623046875,
            "magzpsci": 26.169700622558594
        },
        {
            "objectid": "ZTF24aacavku",
            "jd": 2460353.9396181,
            "ranr": -99999.0,
            "decnr": -99999.0,
            "fid": 2,
            "forcediffimflux": -99999.0,
            "forcediffimfluxunc": -99999.0,
            "magzpsci": 25.98780059814453
        },
        {
            "objectid": "ZTF24aacavku",
            "jd": 2460355.9172106,
            "ranr": 189.8127444,
            "decnr": -26.9090884,
            "fid": 1,
            "forcediffimflux": 767.7593383789062,
            "forcediffimfluxunc": 39.327449798583984,
            "magzpsci": 26.16990089416504
        },
        {
            "objectid": "ZTF24aacavku",
            "jd": 2460355.9399884,
            "ranr": -99999.0,
            "decnr": -99999.0,
            "fid": 2,
            "forcediffimflux": -99999.0,
            "forcediffimfluxunc": -99999.0,
            "magzpsci": 25.959999084472656
        },
        {
            "objectid": "ZTF24aacavku",
            "jd": 2460355.940463,
            "ranr": 189.8147432,
            "decnr": -26.9081427,
            "fid": 2,
            "forcediffimflux": 1722.721435546875,
            "forcediffimfluxunc": 46.99660873413086,
            "magzpsci": 26.162099838256836
        },
        {
            "objectid": "ZTF24aacavku",
            "jd": 2460363.8965741,
            "ranr": 189.8127444,
            "decnr": -26.9090884,
            "fid": 1,
            "forcediffimflux": 356.24151611328125,
            "forcediffimfluxunc": 157.09422302246094,
            "magzpsci": 25.87030029296875
        },
        {
            "objectid": "ZTF24aacavku",
            "jd": 2460374.9722338,
            "ranr": -99999.0,
            "decnr": -99999.0,
            "fid": 2,
            "forcediffimflux": -99999.0,
            "forcediffimfluxunc": -99999.0,
            "magzpsci": 25.895999908447266
        },
        {
            "objectid": "ZTF24aacavku",
            "jd": 2460389.9233333,
            "ranr": -99999.0,
            "decnr": -99999.0,
            "fid": 1,
            "forcediffimflux": -99999.0,
            "forcediffimfluxunc": -99999.0,
            "magzpsci": 25.843000411987305
        },
        {
            "objectid": "ZTF24aacavku",
            "jd": 2460391.8089931,
            "ranr": -99999.0,
            "decnr": -99999.0,
            "fid": 1,
            "forcediffimflux": -99999.0,
            "forcediffimfluxunc": -99999.0,
            "magzpsci": 25.964599609375
        },
        {
            "objectid": "ZTF24aacavku",
            "jd": 2460391.8146991,
            "ranr": 189.8127444,
            "decnr": -26.9090884,
            "fid": 1,
            "forcediffimflux": 720.8251953125,
            "forcediffimfluxunc": 76.4020004272461,
            "magzpsci": 26.146299362182617
        },
        {
            "objectid": "ZTF24aacavku",
            "jd": 2460391.9206134,
            "ranr": -99999.0,
            "decnr": -99999.0,
            "fid": 2,
            "forcediffimflux": -99999.0,
            "forcediffimfluxunc": -99999.0,
            "magzpsci": 25.82229995727539
        },
        {
            "objectid": "ZTF24aacavku",
            "jd": 2460396.8486458,
            "ranr": -99999.0,
            "decnr": -99999.0,
            "fid": 1,
            "forcediffimflux": -99999.0,
            "forcediffimfluxunc": -99999.0,
            "magzpsci": 25.989299774169922
        },
        {
            "objectid": "ZTF24aacavku",
            "jd": 2460397.8139005,
            "ranr": 189.8127444,
            "decnr": -26.9090884,
            "fid": 1,
            "forcediffimflux": 554.9937133789062,
            "forcediffimfluxunc": 98.25358581542969,
            "magzpsci": 26.148300170898438
        },
        {
            "objectid": "ZTF24aacavku",
            "jd": 2460397.9003125,
            "ranr": 189.8147432,
            "decnr": -26.9081427,
            "fid": 2,
            "forcediffimflux": 1026.556640625,
            "forcediffimfluxunc": 103.20208740234375,
            "magzpsci": 26.10219955444336
        },
        {
            "objectid": "ZTF24aacavku",
            "jd": 2460398.8761343,
            "ranr": -99999.0,
            "decnr": -99999.0,
            "fid": 2,
            "forcediffimflux": -99999.0,
            "forcediffimfluxunc": -99999.0,
            "magzpsci": 25.93950080871582
        },
        {
            "objectid": "ZTF24aacavku",
            "jd": 2460403.813588,
            "ranr": -99999.0,
            "decnr": -99999.0,
            "fid": 1,
            "forcediffimflux": 428.2282409667969,
            "forcediffimfluxunc": 40.05023956298828,
            "magzpsci": 26.14620018005371
        },
        {
            "objectid": "ZTF24aacavku",
            "jd": 2460403.8565394,
            "ranr": 189.8147432,
            "decnr": -26.9081427,
            "fid": 2,
            "forcediffimflux": 1051.714111328125,
            "forcediffimfluxunc": 46.91157150268555,
            "magzpsci": 26.165000915527344
        },
        {
            "objectid": "ZTF24aacavku",
            "jd": 2460407.768669,
            "ranr": -99999.0,
            "decnr": -99999.0,
            "fid": 2,
            "forcediffimflux": -99999.0,
            "forcediffimfluxunc": -99999.0,
            "magzpsci": 25.905000686645508
        },
        {
            "objectid": "ZTF24aacavku",
            "jd": 2460407.8135532,
            "ranr": -99999.0,
            "decnr": -99999.0,
            "fid": 1,
            "forcediffimflux": -99999.0,
            "forcediffimfluxunc": -99999.0,
            "magzpsci": 25.965200424194336
        },
        {
            "objectid": "ZTF24aacavku",
            "jd": 2460407.8168519,
            "ranr": -99999.0,
            "decnr": -99999.0,
            "fid": 1,
            "forcediffimflux": 454.8138122558594,
            "forcediffimfluxunc": 38.75300216674805,
            "magzpsci": 26.1471004486084
        },
        {
            "objectid": "ZTF24aacavku",
            "jd": 2460407.8563657,
            "ranr": 189.8147432,
            "decnr": -26.9081427,
            "fid": 2,
            "forcediffimflux": 969.9942016601562,
            "forcediffimfluxunc": 44.32175827026367,
            "magzpsci": 26.130199432373047
        },
        {
            "objectid": "ZTF24aacavku",
            "jd": 2460409.7820486,
            "ranr": -99999.0,
            "decnr": -99999.0,
            "fid": 1,
            "forcediffimflux": 3264.864501953125,
            "forcediffimfluxunc": 190.505859375,
            "magzpsci": 28.38800048828125
        },
        {
            "objectid": "ZTF24aacavku",
            "jd": 2460410.8412037,
            "ranr": 189.8147432,
            "decnr": -26.9081427,
            "fid": 2,
            "forcediffimflux": 7783.0380859375,
            "forcediffimfluxunc": 182.57493591308594,
            "magzpsci": 28.395200729370117
        },
        {
            "objectid": "ZTF24aacavku",
            "jd": 2460410.8775116,
            "ranr": -99999.0,
            "decnr": -99999.0,
            "fid": 1,
            "forcediffimflux": 2679.233154296875,
            "forcediffimfluxunc": 176.48622131347656,
            "magzpsci": 28.329299926757812
        },
        {
            "objectid": "ZTF24aacavku",
            "jd": 2460411.7782523,
            "ranr": 189.8147432,
            "decnr": -26.9081427,
            "fid": 2,
            "forcediffimflux": 7639.55517578125,
            "forcediffimfluxunc": 154.3836212158203,
            "magzpsci": 28.410600662231445
        },
        {
            "objectid": "ZTF24aacavku",
            "jd": 2460411.8178472,
            "ranr": -99999.0,
            "decnr": -99999.0,
            "fid": 1,
            "forcediffimflux": 3291.306884765625,
            "forcediffimfluxunc": 149.2388153076172,
            "magzpsci": 28.366100311279297
        },
        {
            "objectid": "ZTF24aacavku",
            "jd": 2460412.8019329,
            "ranr": -99999.0,
            "decnr": -99999.0,
            "fid": 2,
            "forcediffimflux": -99999.0,
            "forcediffimfluxunc": -99999.0,
            "magzpsci": 25.925100326538086
        },
        {
            "objectid": "ZTF24aacavku",
            "jd": 2460412.8570486,
            "ranr": -99999.0,
            "decnr": -99999.0,
            "fid": 1,
            "forcediffimflux": -99999.0,
            "forcediffimfluxunc": -99999.0,
            "magzpsci": 25.854700088500977
        },
        {
            "objectid": "ZTF24aacavku",
            "jd": 2460416.7935417,
            "ranr": -99999.0,
            "decnr": -99999.0,
            "fid": 1,
            "forcediffimflux": -99999.0,
            "forcediffimfluxunc": -99999.0,
            "magzpsci": 25.961299896240234
        },
        {
            "objectid": "ZTF24aacavku",
            "jd": 2460418.8553241,
            "ranr": -99999.0,
            "decnr": -99999.0,
            "fid": 1,
            "forcediffimflux": -99999.0,
            "forcediffimfluxunc": -99999.0,
            "magzpsci": 25.716899871826172
        },
        {
            "objectid": "ZTF24aacavku",
            "jd": 2460420.7795949,
            "ranr": 189.8127444,
            "decnr": -26.9090884,
            "fid": 1,
            "forcediffimflux": 344.466064453125,
            "forcediffimfluxunc": 93.09593963623047,
            "magzpsci": 26.138599395751953
        },
        {
            "objectid": "ZTF24aacavku",
            "jd": 2460420.8589236,
            "ranr": 189.8147432,
            "decnr": -26.9081427,
            "fid": 2,
            "forcediffimflux": 703.5015869140625,
            "forcediffimfluxunc": 103.35753631591797,
            "magzpsci": 26.082599639892578
        },
        {
            "objectid": "ZTF24aacavku",
            "jd": 2460421.7722106,
            "ranr": -99999.0,
            "decnr": -99999.0,
            "fid": 1,
            "forcediffimflux": -99999.0,
            "forcediffimfluxunc": -99999.0,
            "magzpsci": 25.888099670410156
        },
        {
            "objectid": "ZTF24aacavku",
            "jd": 2460423.8122801,
            "ranr": -99999.0,
            "decnr": -99999.0,
            "fid": 1,
            "forcediffimflux": -99999.0,
            "forcediffimfluxunc": -99999.0,
            "magzpsci": 25.965099334716797
        },
        {
            "objectid": "ZTF24aacavku",
            "jd": 2460424.7930093,
            "ranr": 189.8127444,
            "decnr": -26.9090884,
            "fid": 1,
            "forcediffimflux": 406.53814697265625,
            "forcediffimfluxunc": 158.2681884765625,
            "magzpsci": 26.144399642944336
        },
        {
            "objectid": "ZTF24aacavku",
            "jd": 2460429.7515741,
            "ranr": -99999.0,
            "decnr": -99999.0,
            "fid": 1,
            "forcediffimflux": -99999.0,
            "forcediffimfluxunc": -99999.0,
            "magzpsci": 25.948699951171875
        },
        {
            "objectid": "ZTF24aacavku",
            "jd": 2460430.7200463,
            "ranr": 189.8127444,
            "decnr": -26.9090884,
            "fid": 1,
            "forcediffimflux": 287.86383056640625,
            "forcediffimfluxunc": 38.7502555847168,
            "magzpsci": 26.14240074157715
        },
        {
            "objectid": "ZTF24aacavku",
            "jd": 2460430.7510301,
            "ranr": 189.8147432,
            "decnr": -26.9081427,
            "fid": 2,
            "forcediffimflux": 814.4014282226562,
            "forcediffimfluxunc": 50.80609130859375,
            "magzpsci": 26.101200103759766
        },
        {
            "objectid": "ZTF24aacavku",
            "jd": 2460431.77125,
            "ranr": -99999.0,
            "decnr": -99999.0,
            "fid": 2,
            "forcediffimflux": -99999.0,
            "forcediffimfluxunc": -99999.0,
            "magzpsci": 25.948299407958984
        },
        {
            "objectid": "ZTF24aacavku",
            "jd": 2460431.7745718,
            "ranr": -99999.0,
            "decnr": -99999.0,
            "fid": 1,
            "forcediffimflux": -99999.0,
            "forcediffimfluxunc": -99999.0,
            "magzpsci": 25.966999053955078
        },
        {
            "objectid": "ZTF24aacavku",
            "jd": 2460432.7723032,
            "ranr": 189.8127444,
            "decnr": -26.9090884,
            "fid": 1,
            "forcediffimflux": 247.10452270507812,
            "forcediffimfluxunc": 37.19498062133789,
            "magzpsci": 25.99880027770996
        },
        {
            "objectid": "ZTF24aacavku",
            "jd": 2460432.8141551,
            "ranr": 189.8147432,
            "decnr": -26.9081427,
            "fid": 2,
            "forcediffimflux": 606.0457763671875,
            "forcediffimfluxunc": 56.70006561279297,
            "magzpsci": 25.936399459838867
        },
        {
            "objectid": "ZTF24aacavku",
            "jd": 2460434.7525463,
            "ranr": -99999.0,
            "decnr": -99999.0,
            "fid": 2,
            "forcediffimflux": -99999.0,
            "forcediffimfluxunc": -99999.0,
            "magzpsci": 25.89780044555664
        },
        {
            "objectid": "ZTF24aacavku",
            "jd": 2460434.7734606,
            "ranr": -99999.0,
            "decnr": -99999.0,
            "fid": 1,
            "forcediffimflux": -99999.0,
            "forcediffimfluxunc": -99999.0,
            "magzpsci": 25.90839958190918
        },
        {
            "objectid": "ZTF24aacavku",
            "jd": 2460439.7301042,
            "ranr": -99999.0,
            "decnr": -99999.0,
            "fid": 1,
            "forcediffimflux": -99999.0,
            "forcediffimfluxunc": -99999.0,
            "magzpsci": 25.796199798583984
        },
        {
            "objectid": "ZTF24aacavku",
            "jd": 2460439.7518634,
            "ranr": -99999.0,
            "decnr": -99999.0,
            "fid": 2,
            "forcediffimflux": -99999.0,
            "forcediffimfluxunc": -99999.0,
            "magzpsci": 25.778799057006836
        },
        {
            "objectid": "ZTF24aacavku",
            "jd": 2460440.7549653,
            "ranr": 189.8147432,
            "decnr": -26.9081427,
            "fid": 2,
            "forcediffimflux": 571.8982543945312,
            "forcediffimfluxunc": 48.39618682861328,
            "magzpsci": 26.095199584960938
        },
        {
            "objectid": "ZTF24aacavku",
            "jd": 2460440.7727083,
            "ranr": 189.8127444,
            "decnr": -26.9090884,
            "fid": 1,
            "forcediffimflux": 287.87628173828125,
            "forcediffimfluxunc": 48.0655517578125,
            "magzpsci": 26.092100143432617
        },
        {
            "objectid": "ZTF24aacavku",
            "jd": 2460441.7492824,
            "ranr": -99999.0,
            "decnr": -99999.0,
            "fid": 2,
            "forcediffimflux": -99999.0,
            "forcediffimfluxunc": -99999.0,
            "magzpsci": 25.866199493408203
        },
        {
            "objectid": "ZTF24aacavku",
            "jd": 2460442.7095602,
            "ranr": 189.8127444,
            "decnr": -26.9090884,
            "fid": 1,
            "forcediffimflux": 273.7632751464844,
            "forcediffimfluxunc": 41.33281326293945,
            "magzpsci": 26.066999435424805
        },
        {
            "objectid": "ZTF24aacavku",
            "jd": 2460442.7311806,
            "ranr": 189.8147432,
            "decnr": -26.9081427,
            "fid": 2,
            "forcediffimflux": 738.3563842773438,
            "forcediffimfluxunc": 39.95023727416992,
            "magzpsci": 26.12299919128418
        },
        {
            "objectid": "ZTF24aacavku",
            "jd": 2460443.7104514,
            "ranr": -99999.0,
            "decnr": -99999.0,
            "fid": 2,
            "forcediffimflux": -99999.0,
            "forcediffimfluxunc": -99999.0,
            "magzpsci": 25.906600952148438
        },
        {
            "objectid": "ZTF24aacavku",
            "jd": 2460443.7787963,
            "ranr": -99999.0,
            "decnr": -99999.0,
            "fid": 1,
            "forcediffimflux": -99999.0,
            "forcediffimfluxunc": -99999.0,
            "magzpsci": 25.786300659179688
        },
        {
            "objectid": "ZTF24aacavku",
            "jd": 2460444.7096065,
            "ranr": 189.8127444,
            "decnr": -26.9090884,
            "fid": 1,
            "forcediffimflux": 254.2449951171875,
            "forcediffimfluxunc": 51.18855285644531,
            "magzpsci": 26.132299423217773
        },
        {
            "objectid": "ZTF24aacavku",
            "jd": 2460444.7537616,
            "ranr": 189.8147432,
            "decnr": -26.9081427,
            "fid": 2,
            "forcediffimflux": 663.3460083007812,
            "forcediffimfluxunc": 45.936092376708984,
            "magzpsci": 26.09630012512207
        },
        {
            "objectid": "ZTF24aacavku",
            "jd": 2460445.7053125,
            "ranr": -99999.0,
            "decnr": -99999.0,
            "fid": 1,
            "forcediffimflux": -99999.0,
            "forcediffimfluxunc": -99999.0,
            "magzpsci": 25.897300720214844
        },
        {
            "objectid": "ZTF24aacavku",
            "jd": 2460447.6890162,
            "ranr": -99999.0,
            "decnr": -99999.0,
            "fid": 1,
            "forcediffimflux": -99999.0,
            "forcediffimfluxunc": -99999.0,
            "magzpsci": 25.921300888061523
        },
        {
            "objectid": "ZTF24aacavku",
            "jd": 2460448.7107407,
            "ranr": 189.8127444,
            "decnr": -26.9090884,
            "fid": 1,
            "forcediffimflux": 262.9728088378906,
            "forcediffimfluxunc": 81.6642837524414,
            "magzpsci": 26.153400421142578
        },
        {
            "objectid": "ZTF24aacavku",
            "jd": 2460448.7857407,
            "ranr": 189.8147432,
            "decnr": -26.9081427,
            "fid": 2,
            "forcediffimflux": 604.572509765625,
            "forcediffimfluxunc": 88.9446792602539,
            "magzpsci": 26.0408992767334
        },
        {
            "objectid": "ZTF24aacavku",
            "jd": 2460449.7146181,
            "ranr": -99999.0,
            "decnr": -99999.0,
            "fid": 1,
            "forcediffimflux": -99999.0,
            "forcediffimfluxunc": -99999.0,
            "magzpsci": 25.95669937133789
        },
        {
            "objectid": "ZTF24aacavku",
            "jd": 2460451.7096875,
            "ranr": -99999.0,
            "decnr": -99999.0,
            "fid": 1,
            "forcediffimflux": -99999.0,
            "forcediffimfluxunc": -99999.0,
            "magzpsci": 25.885799407958984
        },
        {
            "objectid": "ZTF24aacavku",
            "jd": 2460452.7726505,
            "ranr": 189.8127444,
            "decnr": -26.9090884,
            "fid": 1,
            "forcediffimflux": 170.0966339111328,
            "forcediffimfluxunc": 153.963623046875,
            "magzpsci": 25.79159927368164
        },
        {
            "objectid": "ZTF24aacavku",
            "jd": 2460455.7265625,
            "ranr": -99999.0,
            "decnr": -99999.0,
            "fid": 1,
            "forcediffimflux": -99999.0,
            "forcediffimfluxunc": -99999.0,
            "magzpsci": 25.936399459838867
        },
        {
            "objectid": "ZTF24aacavku",
            "jd": 2460457.7105671,
            "ranr": -99999.0,
            "decnr": -99999.0,
            "fid": 1,
            "forcediffimflux": -99999.0,
            "forcediffimfluxunc": -99999.0,
            "magzpsci": 25.950199127197266
        },
        {
            "objectid": "ZTF24aacavku",
            "jd": 2460459.7093171,
            "ranr": -99999.0,
            "decnr": -99999.0,
            "fid": 1,
            "forcediffimflux": -99999.0,
            "forcediffimfluxunc": -99999.0,
            "magzpsci": 25.949800491333008
        },
        {
            "objectid": "ZTF24aacavku",
            "jd": 2460460.7333681,
            "ranr": 189.8127444,
            "decnr": -26.9090884,
            "fid": 1,
            "forcediffimflux": 174.63108825683594,
            "forcediffimfluxunc": 40.83366012573242,
            "magzpsci": 26.048200607299805
        },
        {
            "objectid": "ZTF24aacavku",
            "jd": 2460460.7522338,
            "ranr": 189.8147432,
            "decnr": -26.9081427,
            "fid": 2,
            "forcediffimflux": 573.1112670898438,
            "forcediffimfluxunc": 56.42881774902344,
            "magzpsci": 26.04990005493164
        },
        {
            "objectid": "ZTF24aacavku",
            "jd": 2460461.7337963,
            "ranr": -99999.0,
            "decnr": -99999.0,
            "fid": 1,
            "forcediffimflux": -99999.0,
            "forcediffimfluxunc": -99999.0,
            "magzpsci": 25.760099411010742
        }
    ]
}