{
    "objectId": "ZTF22abfyqsc",
    "candidates": [
        {
            "candid": 2085317706015015011,
            "jd": 2459839.8177083,
            "ra": 16.9129858,
            "dec": -6.7726593,
            "fid": 1,
            "nid": 2085,
            "magpsf": 20.366100311279297,
            "sigmapsf": 0.20951999723911285,
            "magnr": 21.486000061035156,
            "sigmagnr": 0.1120000034570694,
            "magzpsci": 26.212099075317383,
            "isdiffpos": "t",
            "ssdistnr": null,
            "ssnamenr": null,
            "drb": 0.9993069171905518
        },
        {
            "candid": 2085398366015015014,
            "jd": 2459839.8983681,
            "ra": 16.9131224,
            "dec": -6.7727227,
            "fid": 1,
            "nid": 2085,
            "magpsf": 20.55120086669922,
            "sigmapsf": 0.23173800110816956,
            "magnr": 21.486000061035156,
            "sigmagnr": 0.1120000034570694,
            "magzpsci": 26.254199981689453,
            "isdiffpos": "t",
            "ssdistnr": null,
            "ssnamenr": null,
            "drb": null
        },
        {
            "candid": 2087387836015015013,
            "jd": 2459841.8878356,
            "ra": 16.9130633,
            "dec": -6.7727143,
            "fid": 1,
            "nid": 2087,
            "magpsf": 19.815200805664062,
            "sigmapsf": 0.18522299826145172,
            "magnr": 21.486000061035156,
            "sigmagnr": 0.1120000034570694,
            "magzpsci": 26.24720001220703,
            "isdiffpos": "t",
            "ssdistnr": null,
            "ssnamenr": null,
            "drb": null
        },
        {
            "candid": 2089357466015015014,
            "jd": 2459843.8574653,
            "ra": 16.9130827,
            "dec": -6.7727615,
            "fid": 1,
            "nid": 2089,
            "magpsf": 19.35420036315918,
            "sigmapsf": 0.11719100177288055,
            "magnr": 21.486000061035156,
            "sigmagnr": 0.1120000034570694,
            "magzpsci": 26.2362003326416,
            "isdiffpos": "t",
            "ssdistnr": null,
            "ssnamenr": null,
            "drb": null
        },
        {
            "candid": 2089399386015015007,
            "jd": 2459843.8993866,
            "ra": 16.9131286,
            "dec": -6.7727095,
            "fid": 2,
            "nid": 2089,
            "magpsf": 19.173200607299805,
            "sigmapsf": 0.10039599984884262,
            "magnr": 20.91900062561035,
            "sigmagnr": 0.1120000034570694,
            "magzpsci": 26.151199340820312,
            "isdiffpos": "t",
            "ssdistnr": null,
            "ssnamenr": null,
            "drb": null
        },
        {
            "candid": 2092374566015015021,
            "jd": 2459846.8745602,
            "ra": 16.9130823,
            "dec": -6.7727271,
            "fid": 1,
            "nid": 2092,
            "magpsf": 18.88640022277832,
            "sigmapsf": 0.10378199815750122,
            "magnr": 21.486000061035156,
            "sigmagnr": 0.1120000034570694,
            "magzpsci": 26.23539924621582,
            "isdiffpos": "t",
            "ssdistnr": null,
            "ssnamenr": null,
            "drb": null
        },
        {
            "candid": 2092413286015015015,
            "jd": 2459846.913287,
            "ra": 16.9130679,
            "dec": -6.7727313,
            "fid": 2,
            "nid": 2092,
            "magpsf": 18.806400299072266,
            "sigmapsf": 0.08764299750328064,
            "magnr": 20.91900062561035,
            "sigmagnr": 0.1120000034570694,
            "magzpsci": 26.137399673461914,
            "isdiffpos": "t",
            "ssdistnr": null,
            "ssnamenr": null,
            "drb": null
        },
        {
            "candid": 2094350836015015012,
            "jd": 2459848.8508333,
            "ra": 16.9130856,
            "dec": -6.772721,
            "fid": 2,
            "nid": 2094,
            "magpsf": 18.694700241088867,
            "sigmapsf": 0.07756499946117401,
            "magnr": 20.91900062561035,
            "sigmagnr": 0.1120000034570694,
            "magzpsci": 26.1427001953125,
            "isdiffpos": "t",
            "ssdistnr": null,
            "ssnamenr": null,
            "drb": null
        },
        {
            "candid": 2094372466015015017,
            "jd": 2459848.8724653,
            "ra": 16.9130772,
            "dec": -6.7727257,
            "fid": 1,
            "nid": 2094,
            "magpsf": 18.763700485229492,
            "sigmapsf": 0.07655899971723557,
            "magnr": 21.486000061035156,
            "sigmagnr": 0.1120000034570694,
            "magzpsci": 26.204700469970703,
            "isdiffpos": "t",
            "ssdistnr": null,
            "ssnamenr": null,
            "drb": null
        },
        {
            "candid": 2096336606015015011,
            "jd": 2459850.8366088,
            "ra": 16.9130986,
            "dec": -6.7727224,
            "fid": 2,
            "nid": 2096,
            "magpsf": 18.606300354003906,
            "sigmapsf": 0.06511999666690826,
            "magnr": 20.91900062561035,
            "sigmagnr": 0.1120000034570694,
            "magzpsci": 26.113300323486328,
            "isdiffpos": "t",
            "ssdistnr": null,
            "ssnamenr": null,
            "drb": null
        },
        {
            "candid": 2096393956015015012,
            "jd": 2459850.8939583,
            "ra": 16.9130722,
            "dec": -6.7727271,
            "fid": 1,
            "nid": 2096,
            "magpsf": 18.78179931640625,
            "sigmapsf": 0.0695509985089302,
            "magnr": 21.486000061035156,
            "sigmagnr": 0.1120000034570694,
            "magzpsci": 26.170799255371094,
            "isdiffpos": "t",
            "ssdistnr": null,
            "ssnamenr": null,
            "drb": null
        },
        {
            "candid": 2098353986015015025,
            "jd": 2459852.8539815,
            "ra": 16.9130628,
            "dec": -6.7727348,
            "fid": 1,
            "nid": 2098,
            "magpsf": 18.859500885009766,
            "sigmapsf": 0.09173300117254257,
            "magnr": 21.486000061035156,
            "sigmagnr": 0.1120000034570694,
            "magzpsci": 26.25149917602539,
            "isdiffpos": "t",
            "ssdistnr": null,
            "ssnamenr": null,
            "drb": null
        },
        {
            "candid": 2101352876015015017,
            "jd": 2459855.8528704,
            "ra": 16.9131051,
            "dec": -6.7727329,
            "fid": 2,
            "nid": 2101,
            "magpsf": 18.55780029296875,
            "sigmapsf": 0.06637600064277649,
            "magnr": 20.91900062561035,
            "sigmagnr": 0.1120000034570694,
            "magzpsci": 26.11280059814453,
            "isdiffpos": "t",
            "ssdistnr": null,
            "ssnamenr": null,
            "drb": null
        },
        {
            "candid": 2101366846015015016,
            "jd": 2459855.8668403,
            "ra": 16.9130933,
            "dec": -6.7727048,
            "fid": 1,
            "nid": 2101,
            "magpsf": 19.082000732421875,
            "sigmapsf": 0.10717099905014038,
            "magnr": 21.486000061035156,
            "sigmagnr": 0.1120000034570694,
            "magzpsci": 26.139999389648438,
            "isdiffpos": "t",
            "ssdistnr": null,
            "ssnamenr": null,
            "drb": null
        },
        {
            "candid": 2103393026015015016,
            "jd": 2459857.8930208,
            "ra": 16.9130869,
            "dec": -6.7727267,
            "fid": 2,
            "nid": 2103,
            "magpsf": 18.60379981994629,
            "sigmapsf": 0.0729139968752861,
            "magnr": 20.91900062561035,
            "sigmagnr": 0.1120000034570694,
            "magzpsci": 26.10379981994629,
            "isdiffpos": "t",
            "ssdistnr": null,
            "ssnamenr": null,
            "drb": null
        },
        {
            "candid": 2105324786015015007,
            "jd": 2459859.8247801,
            "ra": 16.9130681,
            "dec": -6.7727242,
            "fid": 2,
            "nid": 2105,
            "magpsf": 18.60580062866211,
            "sigmapsf": 0.08419399708509445,
            "magnr": 20.91900062561035,
            "sigmagnr": 0.1120000034570694,
            "magzpsci": 26.12579917907715,
            "isdiffpos": "t",
            "ssdistnr": null,
            "ssnamenr": null,
            "drb": null
        },
        {
            "candid": 2105406606015015009,
            "jd": 2459859.9066088,
            "ra": 16.9131697,
            "dec": -6.7727856,
            "fid": 1,
            "nid": 2105,
            "magpsf": 19.188499450683594,
            "sigmapsf": 0.17701099812984467,
            "magnr": 21.486000061035156,
            "sigmagnr": 0.1120000034570694,
            "magzpsci": 26.13050079345703,
            "isdiffpos": "t",
            "ssdistnr": null,
            "ssnamenr": null,
            "drb": null
        },
        {
            "candid": 2110331366015015008,
            "jd": 2459864.8313657,
            "ra": 16.9131502,
            "dec": -6.7726955,
            "fid": 2,
            "nid": 2110,
            "magpsf": 18.76740074157715,
            "sigmapsf": 0.134333997964859,
            "magnr": 20.91900062561035,
            "sigmagnr": 0.1120000034570694,
            "magzpsci": 26.08139991760254,
            "isdiffpos": "t",
            "ssdistnr": null,
            "ssnamenr": null,
            "drb": null
        },
        {
            "candid": 2112293176015015004,
            "jd": 2459866.7931713,
            "ra": 16.9131016,
            "dec": -6.7726721,
            "fid": 1,
            "nid": 2112,
            "magpsf": 19.851699829101562,
            "sigmapsf": 0.23282299935817719,
            "magnr": 21.486000061035156,
            "sigmagnr": 0.1120000034570694,
            "magzpsci": 26.16670036315918,
            "isdiffpos": "t",
            "ssdistnr": null,
            "ssnamenr": null,
            "drb": null
        },
        {
            "candid": 2112336746015015009,
            "jd": 2459866.8367477,
            "ra": 16.9130831,
            "dec": -6.7727082,
            "fid": 2,
            "nid": 2112,
            "magpsf": 18.885900497436523,
            "sigmapsf": 0.1027349978685379,
            "magnr": 20.91900062561035,
            "sigmagnr": 0.1120000034570694,
            "magzpsci": 26.118900299072266,
            "isdiffpos": "t",
            "ssdistnr": null,
            "ssnamenr": null,
            "drb": null
        },
        {
            "candid": 2117297936015015013,
            "jd": 2459871.7979398,
            "ra": 16.9131083,
            "dec": -6.7727478,
            "fid": 2,
            "nid": 2117,
            "magpsf": 19.092300415039062,
            "sigmapsf": 0.10777699947357178,
            "magnr": 20.91900062561035,
            "sigmagnr": 0.1120000034570694,
            "magzpsci": 26.137300491333008,
            "isdiffpos": "t",
            "ssdistnr": null,
            "ssnamenr": null,
            "drb": null
        },
        {
            "candid": 2119266196015015012,
            "jd": 2459873.7661921,
            "ra": 16.913029,
            "dec": -6.7727338,
            "fid": 1,
            "nid": 2119,
            "magpsf": 20.113399505615234,
            "sigmapsf": 0.18479299545288086,
            "magnr": 21.486000061035156,
            "sigmagnr": 0.1120000034570694,
            "magzpsci": 26.172399520874023,
            "isdiffpos": "t",
            "ssdistnr": null,
            "ssnamenr": null,
            "drb": null
        },
        {
            "candid": 2119316816015015033,
            "jd": 2459873.8168171,
            "ra": 16.9130638,
            "dec": -6.7726783,
            "fid": 2,
            "nid": 2119,
            "magpsf": 19.091100692749023,
            "sigmapsf": 0.1809370070695877,
            "magnr": 20.91900062561035,
            "sigmagnr": 0.1120000034570694,
            "magzpsci": 25.22209930419922,
            "isdiffpos": "t",
            "ssdistnr": null,
            "ssnamenr": null,
            "drb": null
        },
        {
            "candid": 2122316906015015012,
            "jd": 2459876.8169097,
            "ra": 16.9130582,
            "dec": -6.7726868,
            "fid": 2,
            "nid": 2122,
            "magpsf": 19.53820037841797,
            "sigmapsf": 0.1810940057039261,
            "magnr": 20.91900062561035,
            "sigmagnr": 0.1120000034570694,
            "magzpsci": 26.118200302124023,
            "isdiffpos": "t",
            "ssdistnr": null,
            "ssnamenr": null,
            "drb": null
        },
        {
            "candid": 2124211166015015014,
            "jd": 2459878.711169,
            "ra": 16.9130167,
            "dec": -6.7726474,
            "fid": 1,
            "nid": 2124,
            "magpsf": 20.37150001525879,
            "sigmapsf": 0.26020199060440063,
            "magnr": 21.486000061035156,
            "sigmagnr": 0.1120000034570694,
            "magzpsci": 26.168500900268555,
            "isdiffpos": "t",
            "ssdistnr": null,
            "ssnamenr": null,
            "drb": null
        },
        {
            "candid": 2124267386015015013,
            "jd": 2459878.7673843,
            "ra": 16.9130969,
            "dec": -6.7727205,
            "fid": 2,
            "nid": 2124,
            "magpsf": 19.32539939880371,
            "sigmapsf": 0.102462999522686,
            "magnr": 20.91900062561035,
            "sigmagnr": 0.1120000034570694,
            "magzpsci": 26.143400192260742,
            "isdiffpos": "t",
            "ssdistnr": null,
            "ssnamenr": null,
            "drb": null
        },
        {
            "candid": 2126216976015015021,
            "jd": 2459880.7169792,
            "ra": 16.9131047,
            "dec": -6.7727059,
            "fid": 2,
            "nid": 2126,
            "magpsf": 19.509599685668945,
            "sigmapsf": 0.15715999901294708,
            "magnr": 20.91900062561035,
            "sigmagnr": 0.1120000034570694,
            "magzpsci": 26.119600296020508,
            "isdiffpos": "t",
            "ssdistnr": null,
            "ssnamenr": null,
            "drb": null
        },
        {
            "candid": 2126252026015015012,
            "jd": 2459880.7520255,
            "ra": 16.9131284,
            "dec": -6.772766,
            "fid": 1,
            "nid": 2126,
            "magpsf": 20.57390022277832,
            "sigmapsf": 0.24806299805641174,
            "magnr": 21.486000061035156,
            "sigmagnr": 0.1120000034570694,
            "magzpsci": 26.201900482177734,
            "isdiffpos": "t",
            "ssdistnr": null,
            "ssnamenr": null,
            "drb": null
        },
        {
            "candid": 2128272776015015010,
            "jd": 2459882.7727778,
            "ra": 16.9131069,
            "dec": -6.7727464,
            "fid": 2,
            "nid": 2128,
            "magpsf": 19.562400817871094,
            "sigmapsf": 0.13233399391174316,
            "magnr": 20.91900062561035,
            "sigmagnr": 0.1120000034570694,
            "magzpsci": 26.115400314331055,
            "isdiffpos": "t",
            "ssdistnr": null,
            "ssnamenr": null,
            "drb": null
        },
        {
            "candid": 2142256826015015008,
            "jd": 2459896.7568287,
            "ra": 16.9131547,
            "dec": -6.7726761,
            "fid": 2,
            "nid": 2142,
            "magpsf": 19.713199615478516,
            "sigmapsf": 0.20013800263404846,
            "magnr": 20.91900062561035,
            "sigmagnr": 0.1120000034570694,
            "magzpsci": 26.118200302124023,
            "isdiffpos": "t",
            "ssdistnr": null,
            "ssnamenr": null,
            "drb": null
        },
        {
            "candid": 2148191196015015007,
            "jd": 2459902.6911921,
            "ra": 16.9129846,
            "dec": -6.7728449,
            "fid": 2,
            "nid": 2148,
            "magpsf": 19.819000244140625,
            "sigmapsf": 0.22892700135707855,
            "magnr": 20.91900062561035,
            "sigmagnr": 0.1120000034570694,
            "magzpsci": 26.125999450683594,
            "isdiffpos": "t",
            "ssdistnr": null,
            "ssnamenr": null,
            "drb": null
        },
        {
            "candid": 2150220056015015008,
            "jd": 2459904.7200579,
            "ra": 16.9130812,
            "dec": -6.7726693,
            "fid": 2,
            "nid": 2150,
            "magpsf": 20.069425582885742,
            "sigmapsf": 0.19551600515842438,
            "magnr": 20.91900062561035,
            "sigmagnr": 0.1120000034570694,
            "magzpsci": 26.124425888061523,
            "isdiffpos": "t",
            "ssdistnr": -999.0,
            "ssnamenr": "null",
            "drb": null
        },
        {
            "jd": 2459811.8840856,
            "fid": 2,
            "diffmaglim": 20.10810089111328
        },
        {
            "jd": 2459811.9620486,
            "fid": 1,
            "diffmaglim": 20.388999938964844
        },
        {
            "jd": 2459813.9310764,
            "fid": 2,
            "diffmaglim": 20.235300064086914
        },
        {
            "jd": 2459815.9584491,
            "fid": 1,
            "diffmaglim": 20.57659912109375
        },
        {
            "jd": 2459815.961794,
            "fid": 2,
            "diffmaglim": 20.47369956970215
        },
        {
            "jd": 2459817.9195949,
            "fid": 1,
            "diffmaglim": 20.490999221801758
        },
        {
            "jd": 2459819.9190972,
            "fid": 1,
            "diffmaglim": 20.667999267578125
        },
        {
            "jd": 2459822.9015046,
            "fid": 1,
            "diffmaglim": 20.413000106811523
        },
        {
            "jd": 2459822.9765972,
            "fid": 2,
            "diffmaglim": 20.16069984436035
        },
        {
            "jd": 2459824.8932639,
            "fid": 2,
            "diffmaglim": 20.193899154663086
        },
        {
            "jd": 2459824.916794,
            "fid": 1,
            "diffmaglim": 20.521299362182617
        },
        {
            "jd": 2459826.8574306,
            "fid": 1,
            "diffmaglim": 19.700599670410156
        },
        {
            "jd": 2459828.9610764,
            "fid": 1,
            "diffmaglim": 20.34600067138672
        },
        {
            "jd": 2459864.880463,
            "fid": 1,
            "diffmaglim": 19.14419937133789
        },
        {
            "jd": 2459869.8392361,
            "fid": 2,
            "diffmaglim": 20.13409996032715
        },
        {
            "jd": 2459882.7147801,
            "fid": 1,
            "diffmaglim": 20.35070037841797
        },
        {
            "jd": 2459885.7553472,
            "fid": 1,
            "diffmaglim": 19.803699493408203
        },
        {
            "jd": 2459885.7742708,
            "fid": 2,
            "diffmaglim": 17.99880027770996
        },
        {
            "jd": 2459894.7603935,
            "fid": 2,
            "diffmaglim": 19.361099243164062
        },
        {
            "jd": 2459894.8403125,
            "fid": 1,
            "diffmaglim": 18.579299926757812
        },
        {
            "jd": 2459896.7338426,
            "fid": 1,
            "diffmaglim": 19.84980010986328
        },
        {
            "jd": 2459897.7341551,
            "fid": 1,
            "diffmaglim": 20.046899795532227
        },
        {
            "jd": 2459899.7455671,
            "fid": 1,
            "diffmaglim": 19.75320053100586
        },
        {
            "jd": 2459900.7498611,
            "fid": 2,
            "diffmaglim": 19.52429962158203
        },
        {
            "jd": 2459904.6693171,
            "fid": 1,
            "diffmaglim": 20.25670051574707
        }
    ],
    "forcedphot": []
}