{
    "objectId": "ZTF20abjtavx",
    "candidates": [
        {
            "candid": 1282380640315015007,
            "jd": 2459036.8806481,
            "ra": 5.0032894,
            "dec": -6.3344771,
            "fid": 2,
            "nid": 1282,
            "magpsf": 18.458900451660156,
            "sigmapsf": 0.11841800063848495,
            "magnr": 19.488000869750977,
            "sigmagnr": 0.12999999523162842,
            "magzpsci": 25.916900634765625,
            "isdiffpos": "t",
            "ssdistnr": -999.0,
            "ssnamenr": "null",
            "drb": 0.998619019985199
        },
        {
            "candid": 1282464780315015004,
            "jd": 2459036.9647801,
            "ra": 5.0032252,
            "dec": -6.3345316,
            "fid": 1,
            "nid": 1282,
            "magpsf": 19.413700103759766,
            "sigmapsf": 0.18894700706005096,
            "magnr": 19.867000579833984,
            "sigmagnr": 0.11100000143051147,
            "magzpsci": 26.11370086669922,
            "isdiffpos": "t",
            "ssdistnr": -999.0,
            "ssnamenr": "null",
            "drb": 0.9961979985237122
        },
        {
            "candid": 1290357820315015005,
            "jd": 2459044.8578241,
            "ra": 5.0033781,
            "dec": -6.334517,
            "fid": 1,
            "nid": 1290,
            "magpsf": 19.73419952392578,
            "sigmapsf": 0.22749200463294983,
            "magnr": 19.867000579833984,
            "sigmagnr": 0.11100000143051147,
            "magzpsci": 25.844200134277344,
            "isdiffpos": "t",
            "ssdistnr": -999.0,
            "ssnamenr": "-999.0",
            "drb": null
        },
        {
            "candid": 1290460260315015008,
            "jd": 2459044.9602662,
            "ra": 5.0032359,
            "dec": -6.3344691,
            "fid": 2,
            "nid": 1290,
            "magpsf": 18.74180030822754,
            "sigmapsf": 0.10572099685668945,
            "magnr": 19.488000869750977,
            "sigmagnr": 0.12999999523162842,
            "magzpsci": 26.014799118041992,
            "isdiffpos": "t",
            "ssdistnr": -999.0,
            "ssnamenr": "null",
            "drb": 1.0
        },
        {
            "candid": 1292439105615015004,
            "jd": 2459046.9391088,
            "ra": 5.0032624,
            "dec": -6.3344637,
            "fid": 2,
            "nid": 1292,
            "magpsf": 18.774799346923828,
            "sigmapsf": 0.07067900151014328,
            "magnr": 19.089000701904297,
            "sigmagnr": 0.10000000149011612,
            "magzpsci": 26.242799758911133,
            "isdiffpos": "t",
            "ssdistnr": -999.0,
            "ssnamenr": "null",
            "drb": 0.9999949932098389
        },
        {
            "candid": 1293419490315015013,
            "jd": 2459047.9194907,
            "ra": 5.0032606,
            "dec": -6.3344911,
            "fid": 2,
            "nid": 1293,
            "magpsf": 18.855600357055664,
            "sigmapsf": 0.09278800338506699,
            "magnr": 19.488000869750977,
            "sigmagnr": 0.12999999523162842,
            "magzpsci": 26.015600204467773,
            "isdiffpos": "t",
            "ssdistnr": -999.0,
            "ssnamenr": "null",
            "drb": 0.9999200105667114
        },
        {
            "candid": 1293454230315015017,
            "jd": 2459047.9542361,
            "ra": 5.003291,
            "dec": -6.3344827,
            "fid": 1,
            "nid": 1293,
            "magpsf": 19.611299514770508,
            "sigmapsf": 0.12995299696922302,
            "magnr": 19.867000579833984,
            "sigmagnr": 0.11100000143051147,
            "magzpsci": 26.106300354003906,
            "isdiffpos": "t",
            "ssdistnr": -999.0,
            "ssnamenr": "null",
            "drb": 0.9999989867210388
        },
        {
            "candid": 1295418155615015005,
            "jd": 2459049.9181597,
            "ra": 5.0032685,
            "dec": -6.3344787,
            "fid": 2,
            "nid": 1295,
            "magpsf": 18.91029930114746,
            "sigmapsf": 0.10119999945163727,
            "magnr": 19.089000701904297,
            "sigmagnr": 0.10000000149011612,
            "magzpsci": 26.237300872802734,
            "isdiffpos": "t",
            "ssdistnr": -999.0,
            "ssnamenr": "null",
            "drb": 0.9999989867210388
        },
        {
            "candid": 1299459430315015025,
            "jd": 2459053.9594329,
            "ra": 5.0032484,
            "dec": -6.3344815,
            "fid": 2,
            "nid": 1299,
            "magpsf": 18.909000396728516,
            "sigmapsf": 0.09323299676179886,
            "magnr": 19.488000869750977,
            "sigmagnr": 0.12999999523162842,
            "magzpsci": 26.030000686645508,
            "isdiffpos": "t",
            "ssdistnr": -999.0,
            "ssnamenr": "null",
            "drb": 0.9999979734420776
        },
        {
            "candid": 1301418375615015007,
            "jd": 2459055.9183796,
            "ra": 5.0032591,
            "dec": -6.3345544,
            "fid": 1,
            "nid": 1301,
            "magpsf": 19.816299438476562,
            "sigmapsf": 0.1506969928741455,
            "magnr": 20.010000228881836,
            "sigmagnr": 0.14499999582767487,
            "magzpsci": 26.252300262451172,
            "isdiffpos": "t",
            "ssdistnr": -999.0,
            "ssnamenr": "null",
            "drb": 0.9999979734420776
        },
        {
            "candid": 1301459565615015009,
            "jd": 2459055.9595602,
            "ra": 5.0032687,
            "dec": -6.3344911,
            "fid": 2,
            "nid": 1301,
            "magpsf": 18.972200393676758,
            "sigmapsf": 0.08597400039434433,
            "magnr": 19.089000701904297,
            "sigmagnr": 0.10000000149011612,
            "magzpsci": 26.225200653076172,
            "isdiffpos": "t",
            "ssdistnr": -999.0,
            "ssnamenr": "null",
            "drb": 0.9999399781227112
        },
        {
            "candid": 1302439650315015015,
            "jd": 2459056.9396528,
            "ra": 5.0032346,
            "dec": -6.3345179,
            "fid": 1,
            "nid": 1302,
            "magpsf": 19.96540069580078,
            "sigmapsf": 0.19501300156116486,
            "magnr": 19.867000579833984,
            "sigmagnr": 0.11100000143051147,
            "magzpsci": 26.072399139404297,
            "isdiffpos": "t",
            "ssdistnr": -999.0,
            "ssnamenr": "null",
            "drb": 0.9989110231399536
        },
        {
            "candid": 1306438660315015020,
            "jd": 2459060.938669,
            "ra": 5.0032685,
            "dec": -6.3344526,
            "fid": 2,
            "nid": 1306,
            "magpsf": 19.194599151611328,
            "sigmapsf": 0.09337499737739563,
            "magnr": 19.488000869750977,
            "sigmagnr": 0.12999999523162842,
            "magzpsci": 26.050600051879883,
            "isdiffpos": "t",
            "ssdistnr": -999.0,
            "ssnamenr": "null",
            "drb": 0.9999459981918335
        },
        {
            "candid": 1306461180315015018,
            "jd": 2459060.9611806,
            "ra": 5.0032099,
            "dec": -6.3344953,
            "fid": 1,
            "nid": 1306,
            "magpsf": 19.865999221801758,
            "sigmapsf": 0.14706799387931824,
            "magnr": 19.867000579833984,
            "sigmagnr": 0.11100000143051147,
            "magzpsci": 26.106000900268555,
            "isdiffpos": "t",
            "ssdistnr": -999.0,
            "ssnamenr": "null",
            "drb": 1.0
        },
        {
            "candid": 1307401945615015013,
            "jd": 2459061.9019444,
            "ra": 5.003294,
            "dec": -6.3344663,
            "fid": 2,
            "nid": 1307,
            "magpsf": 19.11669921875,
            "sigmapsf": 0.09342899918556213,
            "magnr": 19.089000701904297,
            "sigmagnr": 0.10000000149011612,
            "magzpsci": 26.19969940185547,
            "isdiffpos": "t",
            "ssdistnr": -999.0,
            "ssnamenr": "null",
            "drb": 0.9999949932098389
        },
        {
            "candid": 1308396875615015001,
            "jd": 2459062.896875,
            "ra": 5.0032736,
            "dec": -6.3343975,
            "fid": 1,
            "nid": 1308,
            "magpsf": 19.51799964904785,
            "sigmapsf": 0.18223899602890015,
            "magnr": 20.010000228881836,
            "sigmagnr": 0.14499999582767487,
            "magzpsci": 26.273000717163086,
            "isdiffpos": "t",
            "ssdistnr": -999.0,
            "ssnamenr": "null",
            "drb": 0.9979410171508789
        },
        {
            "candid": 1308479965615015009,
            "jd": 2459062.9799653,
            "ra": 5.0032491,
            "dec": -6.3345174,
            "fid": 2,
            "nid": 1308,
            "magpsf": 19.218399047851562,
            "sigmapsf": 0.08662399649620056,
            "magnr": 19.089000701904297,
            "sigmagnr": 0.10000000149011612,
            "magzpsci": 26.23740005493164,
            "isdiffpos": "t",
            "ssdistnr": -999.0,
            "ssnamenr": "null",
            "drb": 0.9999979734420776
        },
        {
            "candid": 1310419070315015005,
            "jd": 2459064.9190741,
            "ra": 5.003321,
            "dec": -6.3345303,
            "fid": 2,
            "nid": 1310,
            "magpsf": 19.156400680541992,
            "sigmapsf": 0.20384399592876434,
            "magnr": 19.488000869750977,
            "sigmagnr": 0.12999999523162842,
            "magzpsci": 26.02739906311035,
            "isdiffpos": "t",
            "ssdistnr": -999.0,
            "ssnamenr": "null",
            "drb": 0.9999960064888
        },
        {
            "candid": 1310478180315015005,
            "jd": 2459064.9781829,
            "ra": 5.0031516,
            "dec": -6.3345976,
            "fid": 1,
            "nid": 1310,
            "magpsf": 19.600500106811523,
            "sigmapsf": 0.27714401483535767,
            "magnr": 19.867000579833984,
            "sigmagnr": 0.11100000143051147,
            "magzpsci": 26.133499145507812,
            "isdiffpos": "t",
            "ssdistnr": -999.0,
            "ssnamenr": "-999.0",
            "drb": null
        },
        {
            "candid": 1317479870315015012,
            "jd": 2459071.9798727,
            "ra": 5.0031842,
            "dec": -6.3345254,
            "fid": 1,
            "nid": 1317,
            "magpsf": 19.702699661254883,
            "sigmapsf": 0.1930370032787323,
            "magnr": 19.867000579833984,
            "sigmagnr": 0.11100000143051147,
            "magzpsci": 26.123699188232422,
            "isdiffpos": "t",
            "ssdistnr": -999.0,
            "ssnamenr": "null",
            "drb": 0.9996430277824402
        },
        {
            "candid": 1319397470315015013,
            "jd": 2459073.8974769,
            "ra": 5.0031955,
            "dec": -6.3345625,
            "fid": 1,
            "nid": 1319,
            "magpsf": 19.864700317382812,
            "sigmapsf": 0.1666329950094223,
            "magnr": 19.867000579833984,
            "sigmagnr": 0.11100000143051147,
            "magzpsci": 26.11669921875,
            "isdiffpos": "t",
            "ssdistnr": -999.0,
            "ssnamenr": "null",
            "drb": 0.9972839951515198
        },
        {
            "candid": 1319409120315015009,
            "jd": 2459073.9091204,
            "ra": 5.0032265,
            "dec": -6.3345216,
            "fid": 1,
            "nid": 1319,
            "magpsf": 20.27519989013672,
            "sigmapsf": 0.26074400544166565,
            "magnr": 19.867000579833984,
            "sigmagnr": 0.11100000143051147,
            "magzpsci": 26.101200103759766,
            "isdiffpos": "t",
            "ssdistnr": -999.0,
            "ssnamenr": "-999.0",
            "drb": null
        },
        {
            "candid": 1319418125615015002,
            "jd": 2459073.918125,
            "ra": 5.0032856,
            "dec": -6.3345535,
            "fid": 1,
            "nid": 1319,
            "magpsf": 19.92300033569336,
            "sigmapsf": 0.1363060027360916,
            "magnr": 20.010000228881836,
            "sigmagnr": 0.14499999582767487,
            "magzpsci": 26.329999923706055,
            "isdiffpos": "t",
            "ssdistnr": -999.0,
            "ssnamenr": "null",
            "drb": 0.9960409998893738
        },
        {
            "candid": 1319457985615015007,
            "jd": 2459073.9579861,
            "ra": 5.003308,
            "dec": -6.3344733,
            "fid": 2,
            "nid": 1319,
            "magpsf": 19.291400909423828,
            "sigmapsf": 0.09785199910402298,
            "magnr": 19.089000701904297,
            "sigmagnr": 0.10000000149011612,
            "magzpsci": 26.196399688720703,
            "isdiffpos": "t",
            "ssdistnr": -999.0,
            "ssnamenr": "null",
            "drb": 0.9994519948959351
        },
        {
            "candid": 1319458460315015017,
            "jd": 2459073.9584606,
            "ra": 5.0032276,
            "dec": -6.3344516,
            "fid": 2,
            "nid": 1319,
            "magpsf": 19.449499130249023,
            "sigmapsf": 0.12684400379657745,
            "magnr": 19.488000869750977,
            "sigmagnr": 0.12999999523162842,
            "magzpsci": 25.987499237060547,
            "isdiffpos": "t",
            "ssdistnr": -999.0,
            "ssnamenr": "null",
            "drb": 0.9995399713516235
        },
        {
            "candid": 1321407970315015011,
            "jd": 2459075.9079745,
            "ra": 5.0032172,
            "dec": -6.3344697,
            "fid": 1,
            "nid": 1321,
            "magpsf": 19.990800857543945,
            "sigmapsf": 0.20571500062942505,
            "magnr": 19.867000579833984,
            "sigmagnr": 0.11100000143051147,
            "magzpsci": 26.001800537109375,
            "isdiffpos": "t",
            "ssdistnr": -999.0,
            "ssnamenr": "null",
            "drb": 0.9890710115432739
        },
        {
            "candid": 1321430595615015004,
            "jd": 2459075.9305903,
            "ra": 5.0032609,
            "dec": -6.3345061,
            "fid": 1,
            "nid": 1321,
            "magpsf": 19.97879981994629,
            "sigmapsf": 0.1743980050086975,
            "magnr": 20.010000228881836,
            "sigmagnr": 0.14499999582767487,
            "magzpsci": 26.231800079345703,
            "isdiffpos": "t",
            "ssdistnr": -999.0,
            "ssnamenr": "null",
            "drb": 0.9999269843101501
        },
        {
            "candid": 1322397225615015008,
            "jd": 2459076.8972222,
            "ra": 5.0032491,
            "dec": -6.3345356,
            "fid": 2,
            "nid": 1322,
            "magpsf": 19.33060073852539,
            "sigmapsf": 0.1123339980840683,
            "magnr": 19.089000701904297,
            "sigmagnr": 0.10000000149011612,
            "magzpsci": 26.064599990844727,
            "isdiffpos": "t",
            "ssdistnr": -999.0,
            "ssnamenr": "-999.0",
            "drb": null
        },
        {
            "candid": 1322397690315015020,
            "jd": 2459076.8976968,
            "ra": 5.0032405,
            "dec": -6.3344533,
            "fid": 2,
            "nid": 1322,
            "magpsf": 19.492900848388672,
            "sigmapsf": 0.127252995967865,
            "magnr": 19.488000869750977,
            "sigmagnr": 0.12999999523162842,
            "magzpsci": 25.914899826049805,
            "isdiffpos": "t",
            "ssdistnr": -999.0,
            "ssnamenr": "-999.0",
            "drb": null
        },
        {
            "candid": 1322412830315015015,
            "jd": 2459076.9128356,
            "ra": 5.0032382,
            "dec": -6.3345257,
            "fid": 2,
            "nid": 1322,
            "magpsf": 19.722200393676758,
            "sigmapsf": 0.15731999278068542,
            "magnr": 19.488000869750977,
            "sigmagnr": 0.12999999523162842,
            "magzpsci": 25.956199645996094,
            "isdiffpos": "t",
            "ssdistnr": -999.0,
            "ssnamenr": "null",
            "drb": 0.9987310171127319
        },
        {
            "candid": 1322440260315015006,
            "jd": 2459076.9402662,
            "ra": 5.0031743,
            "dec": -6.3345042,
            "fid": 1,
            "nid": 1322,
            "magpsf": 20.0314998626709,
            "sigmapsf": 0.24016299843788147,
            "magnr": 19.867000579833984,
            "sigmagnr": 0.11100000143051147,
            "magzpsci": 26.01650047302246,
            "isdiffpos": "t",
            "ssdistnr": -999.0,
            "ssnamenr": "-999.0",
            "drb": null
        },
        {
            "candid": 1322459645615015007,
            "jd": 2459076.9596412,
            "ra": 5.0033342,
            "dec": -6.3345518,
            "fid": 1,
            "nid": 1322,
            "magpsf": 19.961299896240234,
            "sigmapsf": 0.15888400375843048,
            "magnr": 20.010000228881836,
            "sigmagnr": 0.14499999582767487,
            "magzpsci": 26.24530029296875,
            "isdiffpos": "t",
            "ssdistnr": -999.0,
            "ssnamenr": "null",
            "drb": 0.9999099969863892
        },
        {
            "candid": 1323413250315015017,
            "jd": 2459077.9132523,
            "ra": 5.0032634,
            "dec": -6.3345057,
            "fid": 1,
            "nid": 1323,
            "magpsf": 20.137699127197266,
            "sigmapsf": 0.20775200426578522,
            "magnr": 19.867000579833984,
            "sigmagnr": 0.11100000143051147,
            "magzpsci": 26.044700622558594,
            "isdiffpos": "t",
            "ssdistnr": -999.0,
            "ssnamenr": "null",
            "drb": 0.9999650120735168
        },
        {
            "candid": 1325346870315015013,
            "jd": 2459079.846875,
            "ra": 5.0033172,
            "dec": -6.3344643,
            "fid": 1,
            "nid": 1325,
            "magpsf": 20.08489990234375,
            "sigmapsf": 0.19832000136375427,
            "magnr": 19.867000579833984,
            "sigmagnr": 0.11100000143051147,
            "magzpsci": 25.912900924682617,
            "isdiffpos": "t",
            "ssdistnr": -999.0,
            "ssnamenr": "null",
            "drb": 0.9999949932098389
        },
        {
            "candid": 1325404900315015010,
            "jd": 2459079.9049074,
            "ra": 5.0032365,
            "dec": -6.3344428,
            "fid": 2,
            "nid": 1325,
            "magpsf": 19.553499221801758,
            "sigmapsf": 0.14303800463676453,
            "magnr": 19.488000869750977,
            "sigmagnr": 0.12999999523162842,
            "magzpsci": 25.912500381469727,
            "isdiffpos": "t",
            "ssdistnr": -999.0,
            "ssnamenr": "null",
            "drb": 0.999908983707428
        },
        {
            "candid": 1325418150315015010,
            "jd": 2459079.9181597,
            "ra": 5.0032778,
            "dec": -6.3344632,
            "fid": 2,
            "nid": 1325,
            "magpsf": 19.654600143432617,
            "sigmapsf": 0.15600599348545074,
            "magnr": 19.488000869750977,
            "sigmagnr": 0.12999999523162842,
            "magzpsci": 25.904600143432617,
            "isdiffpos": "t",
            "ssdistnr": -999.0,
            "ssnamenr": "null",
            "drb": 0.9996200203895569
        },
        {
            "candid": 1326355405615015006,
            "jd": 2459080.8554051,
            "ra": 5.0032368,
            "dec": -6.3344868,
            "fid": 2,
            "nid": 1326,
            "magpsf": 19.583799362182617,
            "sigmapsf": 0.13285499811172485,
            "magnr": 19.089000701904297,
            "sigmagnr": 0.10000000149011612,
            "magzpsci": 26.02280044555664,
            "isdiffpos": "t",
            "ssdistnr": -999.0,
            "ssnamenr": "null",
            "drb": 0.9994029998779297
        },
        {
            "candid": 1326397045615015004,
            "jd": 2459080.8970486,
            "ra": 5.0032358,
            "dec": -6.3345254,
            "fid": 1,
            "nid": 1326,
            "magpsf": 19.925899505615234,
            "sigmapsf": 0.21531400084495544,
            "magnr": 20.010000228881836,
            "sigmagnr": 0.14499999582767487,
            "magzpsci": 25.98390007019043,
            "isdiffpos": "t",
            "ssdistnr": -999.0,
            "ssnamenr": "null",
            "drb": 0.9889770150184631
        },
        {
            "candid": 1326477250315015010,
            "jd": 2459080.9772569,
            "ra": 5.0032327,
            "dec": -6.3345074,
            "fid": 1,
            "nid": 1326,
            "magpsf": 19.9955997467041,
            "sigmapsf": 0.22045700252056122,
            "magnr": 19.867000579833984,
            "sigmagnr": 0.11100000143051147,
            "magzpsci": 25.790599822998047,
            "isdiffpos": "t",
            "ssdistnr": -999.0,
            "ssnamenr": "-999.0",
            "drb": null
        },
        {
            "candid": 1327411180315015014,
            "jd": 2459081.9111806,
            "ra": 5.0032579,
            "dec": -6.33446,
            "fid": 2,
            "nid": 1327,
            "magpsf": 19.560199737548828,
            "sigmapsf": 0.14471599459648132,
            "magnr": 19.488000869750977,
            "sigmagnr": 0.12999999523162842,
            "magzpsci": 25.849199295043945,
            "isdiffpos": "t",
            "ssdistnr": -999.0,
            "ssnamenr": "null",
            "drb": 0.9999690055847168
        },
        {
            "candid": 1328412805615015003,
            "jd": 2459082.9128009,
            "ra": 5.0032394,
            "dec": -6.3345396,
            "fid": 1,
            "nid": 1328,
            "magpsf": 20.094200134277344,
            "sigmapsf": 0.1713709980249405,
            "magnr": 20.010000228881836,
            "sigmagnr": 0.14499999582767487,
            "magzpsci": 26.039199829101562,
            "isdiffpos": "t",
            "ssdistnr": -999.0,
            "ssnamenr": "-999.0",
            "drb": null
        },
        {
            "candid": 1330391215615015007,
            "jd": 2459084.8912153,
            "ra": 5.0032932,
            "dec": -6.3344883,
            "fid": 1,
            "nid": 1330,
            "magpsf": 20.177900314331055,
            "sigmapsf": 0.17655499279499054,
            "magnr": 20.010000228881836,
            "sigmagnr": 0.14499999582767487,
            "magzpsci": 26.1919002532959,
            "isdiffpos": "t",
            "ssdistnr": -999.0,
            "ssnamenr": "null",
            "drb": 0.9999909996986389
        },
        {
            "candid": 1331413540315015016,
            "jd": 2459085.9135417,
            "ra": 5.0032149,
            "dec": -6.3345369,
            "fid": 1,
            "nid": 1331,
            "magpsf": 19.91390037536621,
            "sigmapsf": 0.18568499386310577,
            "magnr": 19.867000579833984,
            "sigmagnr": 0.11100000143051147,
            "magzpsci": 26.01289939880371,
            "isdiffpos": "t",
            "ssdistnr": -999.0,
            "ssnamenr": "null",
            "drb": 0.9999729990959167
        },
        {
            "candid": 1331427985615015008,
            "jd": 2459085.9279861,
            "ra": 5.0032952,
            "dec": -6.3345368,
            "fid": 1,
            "nid": 1331,
            "magpsf": 20.112300872802734,
            "sigmapsf": 0.16496799886226654,
            "magnr": 20.010000228881836,
            "sigmagnr": 0.14499999582767487,
            "magzpsci": 26.193300247192383,
            "isdiffpos": "t",
            "ssdistnr": -999.0,
            "ssnamenr": "null",
            "drb": 0.9998390078544617
        },
        {
            "candid": 1332376340315015012,
            "jd": 2459086.8763426,
            "ra": 5.0032754,
            "dec": -6.3344456,
            "fid": 2,
            "nid": 1332,
            "magpsf": 19.732999801635742,
            "sigmapsf": 0.15801000595092773,
            "magnr": 19.488000869750977,
            "sigmagnr": 0.12999999523162842,
            "magzpsci": 25.972000122070312,
            "isdiffpos": "t",
            "ssdistnr": -999.0,
            "ssnamenr": "null",
            "drb": 0.9999949932098389
        },
        {
            "candid": 1332392235615015004,
            "jd": 2459086.8922338,
            "ra": 5.0032536,
            "dec": -6.3344614,
            "fid": 2,
            "nid": 1332,
            "magpsf": 19.62380027770996,
            "sigmapsf": 0.11944799870252609,
            "magnr": 19.711999893188477,
            "sigmagnr": 0.12200000137090683,
            "magzpsci": 26.166799545288086,
            "isdiffpos": "t",
            "ssdistnr": -999.0,
            "ssnamenr": "null",
            "drb": 0.9472399950027466
        },
        {
            "candid": 1335368945615015006,
            "jd": 2459089.8689468,
            "ra": 5.0032137,
            "dec": -6.3344613,
            "fid": 1,
            "nid": 1335,
            "magpsf": 20.210899353027344,
            "sigmapsf": 0.19608500599861145,
            "magnr": 20.010000228881836,
            "sigmagnr": 0.14499999582767487,
            "magzpsci": 26.13789939880371,
            "isdiffpos": "t",
            "ssdistnr": -999.0,
            "ssnamenr": "null",
            "drb": 0.9999449849128723
        },
        {
            "candid": 1337382365615015004,
            "jd": 2459091.8823611,
            "ra": 5.0033372,
            "dec": -6.3343928,
            "fid": 1,
            "nid": 1337,
            "magpsf": 20.186899185180664,
            "sigmapsf": 0.27221301198005676,
            "magnr": 20.010000228881836,
            "sigmagnr": 0.14499999582767487,
            "magzpsci": 26.353900909423828,
            "isdiffpos": "t",
            "ssdistnr": -999.0,
            "ssnamenr": "-999.0",
            "drb": null
        },
        {
            "candid": 1338391745615015003,
            "jd": 2459092.8917477,
            "ra": 5.0033953,
            "dec": -6.3345026,
            "fid": 1,
            "nid": 1338,
            "magpsf": 19.851200103759766,
            "sigmapsf": 0.28055500984191895,
            "magnr": 20.010000228881836,
            "sigmagnr": 0.14499999582767487,
            "magzpsci": 26.29520034790039,
            "isdiffpos": "t",
            "ssdistnr": -999.0,
            "ssnamenr": "-999.0",
            "drb": null
        },
        {
            "candid": 1344334105615015002,
            "jd": 2459098.8341088,
            "ra": 5.0032807,
            "dec": -6.3344492,
            "fid": 2,
            "nid": 1344,
            "magpsf": 19.809600830078125,
            "sigmapsf": 0.23792000114917755,
            "magnr": 19.711999893188477,
            "sigmagnr": 0.12200000137090683,
            "magzpsci": 26.18560028076172,
            "isdiffpos": "t",
            "ssdistnr": -999.0,
            "ssnamenr": "-999.0",
            "drb": null
        },
        {
            "candid": 1352326075615015006,
            "jd": 2459106.8260764,
            "ra": 5.0031977,
            "dec": -6.3346035,
            "fid": 1,
            "nid": 1352,
            "magpsf": 20.316200256347656,
            "sigmapsf": 0.374565988779068,
            "magnr": 20.010000228881836,
            "sigmagnr": 0.14499999582767487,
            "magzpsci": 25.544200897216797,
            "isdiffpos": "t",
            "ssdistnr": -999.0,
            "ssnamenr": "-999.0",
            "drb": null
        },
        {
            "candid": 1353312025615015003,
            "jd": 2459107.8120255,
            "ra": 5.0032925,
            "dec": -6.334464,
            "fid": 2,
            "nid": 1353,
            "magpsf": 20.006000518798828,
            "sigmapsf": 0.1990399956703186,
            "magnr": 19.089000701904297,
            "sigmagnr": 0.10000000149011612,
            "magzpsci": 25.731000900268555,
            "isdiffpos": "t",
            "ssdistnr": -999.0,
            "ssnamenr": "null",
            "drb": 0.8820350170135498
        },
        {
            "candid": 1353355355615015006,
            "jd": 2459107.8553588,
            "ra": 5.0032485,
            "dec": -6.3345054,
            "fid": 1,
            "nid": 1353,
            "magpsf": 19.98900032043457,
            "sigmapsf": 0.20516200363636017,
            "magnr": 20.010000228881836,
            "sigmagnr": 0.14499999582767487,
            "magzpsci": 25.792999267578125,
            "isdiffpos": "t",
            "ssdistnr": -999.0,
            "ssnamenr": "null",
            "drb": 0.9998350143432617
        },
        {
            "candid": 1354384065615015007,
            "jd": 2459108.8840625,
            "ra": 5.0033009,
            "dec": -6.3344544,
            "fid": 2,
            "nid": 1354,
            "magpsf": 19.95669937133789,
            "sigmapsf": 0.19039399921894073,
            "magnr": 19.089000701904297,
            "sigmagnr": 0.10000000149011612,
            "magzpsci": 25.90169906616211,
            "isdiffpos": "t",
            "ssdistnr": -999.0,
            "ssnamenr": "null",
            "drb": 0.9999579787254333
        },
        {
            "candid": 1355318625615015001,
            "jd": 2459109.8186227,
            "ra": 5.0032118,
            "dec": -6.334439,
            "fid": 1,
            "nid": 1355,
            "magpsf": 20.22330093383789,
            "sigmapsf": 0.2193630039691925,
            "magnr": 20.010000228881836,
            "sigmagnr": 0.14499999582767487,
            "magzpsci": 25.81329917907715,
            "isdiffpos": "t",
            "ssdistnr": -999.0,
            "ssnamenr": "-999.0",
            "drb": null
        },
        {
            "candid": 1355392465615015002,
            "jd": 2459109.8924653,
            "ra": 5.0031905,
            "dec": -6.3345022,
            "fid": 2,
            "nid": 1355,
            "magpsf": 19.931800842285156,
            "sigmapsf": 0.2520970106124878,
            "magnr": 19.089000701904297,
            "sigmagnr": 0.10000000149011612,
            "magzpsci": 25.79680061340332,
            "isdiffpos": "t",
            "ssdistnr": -999.0,
            "ssnamenr": "-999.0",
            "drb": null
        },
        {
            "candid": 1356362595615015004,
            "jd": 2459110.8625926,
            "ra": 5.0032741,
            "dec": -6.3344221,
            "fid": 2,
            "nid": 1356,
            "magpsf": 19.906099319458008,
            "sigmapsf": 0.17437799274921417,
            "magnr": 19.711999893188477,
            "sigmagnr": 0.12200000137090683,
            "magzpsci": 25.997100830078125,
            "isdiffpos": "t",
            "ssdistnr": -999.0,
            "ssnamenr": "null",
            "drb": 0.9992730021476746
        },
        {
            "candid": 1357333645615015010,
            "jd": 2459111.8336458,
            "ra": 5.0032919,
            "dec": -6.3345052,
            "fid": 1,
            "nid": 1357,
            "magpsf": 20.34149932861328,
            "sigmapsf": 0.2139749974012375,
            "magnr": 20.010000228881836,
            "sigmagnr": 0.14499999582767487,
            "magzpsci": 26.133499145507812,
            "isdiffpos": "t",
            "ssdistnr": -999.0,
            "ssnamenr": "null",
            "drb": 0.9998679757118225
        },
        {
            "candid": 1357403045615015010,
            "jd": 2459111.903044,
            "ra": 5.0032542,
            "dec": -6.334519,
            "fid": 2,
            "nid": 1357,
            "magpsf": 19.746599197387695,
            "sigmapsf": 0.13368000090122223,
            "magnr": 19.089000701904297,
            "sigmagnr": 0.10000000149011612,
            "magzpsci": 26.098600387573242,
            "isdiffpos": "t",
            "ssdistnr": -999.0,
            "ssnamenr": "null",
            "drb": 0.9999920129776001
        },
        {
            "candid": 1358314715615015006,
            "jd": 2459112.8147106,
            "ra": 5.0032471,
            "dec": -6.3345048,
            "fid": 1,
            "nid": 1358,
            "magpsf": 20.500600814819336,
            "sigmapsf": 0.21612900495529175,
            "magnr": 20.010000228881836,
            "sigmagnr": 0.14499999582767487,
            "magzpsci": 26.278600692749023,
            "isdiffpos": "t",
            "ssdistnr": -999.0,
            "ssnamenr": "null",
            "drb": 0.9989989995956421
        },
        {
            "candid": 1359314665615015009,
            "jd": 2459113.8146644,
            "ra": 5.0032126,
            "dec": -6.3344655,
            "fid": 2,
            "nid": 1359,
            "magpsf": 19.887699127197266,
            "sigmapsf": 0.1981399953365326,
            "magnr": 19.711999893188477,
            "sigmagnr": 0.12200000137090683,
            "magzpsci": 26.104700088500977,
            "isdiffpos": "t",
            "ssdistnr": -999.0,
            "ssnamenr": "null",
            "drb": 0.807187020778656
        },
        {
            "candid": 1359357245615015008,
            "jd": 2459113.8572454,
            "ra": 5.0032648,
            "dec": -6.3344982,
            "fid": 1,
            "nid": 1359,
            "magpsf": 20.354999542236328,
            "sigmapsf": 0.18845400214195251,
            "magnr": 20.010000228881836,
            "sigmagnr": 0.14499999582767487,
            "magzpsci": 26.176000595092773,
            "isdiffpos": "t",
            "ssdistnr": -999.0,
            "ssnamenr": "null",
            "drb": 0.9994649887084961
        },
        {
            "candid": 1360312955615015008,
            "jd": 2459114.8129514,
            "ra": 5.0032814,
            "dec": -6.3344801,
            "fid": 2,
            "nid": 1360,
            "magpsf": 20.097700119018555,
            "sigmapsf": 0.16684900224208832,
            "magnr": 19.089000701904297,
            "sigmagnr": 0.10000000149011612,
            "magzpsci": 26.139699935913086,
            "isdiffpos": "t",
            "ssdistnr": -999.0,
            "ssnamenr": "null",
            "drb": 0.9997789859771729
        },
        {
            "candid": 1360335905615015005,
            "jd": 2459114.8359028,
            "ra": 5.0032628,
            "dec": -6.334502,
            "fid": 1,
            "nid": 1360,
            "magpsf": 20.351200103759766,
            "sigmapsf": 0.23117700219154358,
            "magnr": 20.010000228881836,
            "sigmagnr": 0.14499999582767487,
            "magzpsci": 26.2052001953125,
            "isdiffpos": "t",
            "ssdistnr": -999.0,
            "ssnamenr": "-999.0",
            "drb": null
        },
        {
            "candid": 1361314165615015010,
            "jd": 2459115.8141667,
            "ra": 5.0032191,
            "dec": -6.3344868,
            "fid": 2,
            "nid": 1361,
            "magpsf": 20.039899826049805,
            "sigmapsf": 0.1845570057630539,
            "magnr": 19.089000701904297,
            "sigmagnr": 0.10000000149011612,
            "magzpsci": 26.195899963378906,
            "isdiffpos": "t",
            "ssdistnr": -999.0,
            "ssnamenr": "null",
            "drb": 0.999409019947052
        },
        {
            "candid": 1362293005615015004,
            "jd": 2459116.7930093,
            "ra": 5.0032947,
            "dec": -6.3345223,
            "fid": 1,
            "nid": 1362,
            "magpsf": 20.36370086669922,
            "sigmapsf": 0.1617880016565323,
            "magnr": 20.010000228881836,
            "sigmagnr": 0.14499999582767487,
            "magzpsci": 26.227699279785156,
            "isdiffpos": "t",
            "ssdistnr": -999.0,
            "ssnamenr": "null",
            "drb": 0.9999610185623169
        },
        {
            "candid": 1362334655615015004,
            "jd": 2459116.8346528,
            "ra": 5.0032661,
            "dec": -6.3344748,
            "fid": 2,
            "nid": 1362,
            "magpsf": 20.077499389648438,
            "sigmapsf": 0.15815599262714386,
            "magnr": 19.089000701904297,
            "sigmagnr": 0.10000000149011612,
            "magzpsci": 26.196500778198242,
            "isdiffpos": "t",
            "ssdistnr": -999.0,
            "ssnamenr": "null",
            "drb": 0.952468991279602
        },
        {
            "candid": 1363336195615015006,
            "jd": 2459117.8361921,
            "ra": 5.0032935,
            "dec": -6.3344964,
            "fid": 2,
            "nid": 1363,
            "magpsf": 20.057899475097656,
            "sigmapsf": 0.14204899966716766,
            "magnr": 19.089000701904297,
            "sigmagnr": 0.10000000149011612,
            "magzpsci": 26.225900650024414,
            "isdiffpos": "t",
            "ssdistnr": -999.0,
            "ssnamenr": "null",
            "drb": 0.9999920129776001
        },
        {
            "candid": 1364290795615015008,
            "jd": 2459118.7907986,
            "ra": 5.0031227,
            "dec": -6.3344261,
            "fid": 2,
            "nid": 1364,
            "magpsf": 20.20359992980957,
            "sigmapsf": 0.22257199883460999,
            "magnr": 19.711999893188477,
            "sigmagnr": 0.12200000137090683,
            "magzpsci": 26.237600326538086,
            "isdiffpos": "t",
            "ssdistnr": -999.0,
            "ssnamenr": "-999.0",
            "drb": null
        },
        {
            "candid": 1364329325615015007,
            "jd": 2459118.8293287,
            "ra": 5.0032463,
            "dec": -6.3344182,
            "fid": 2,
            "nid": 1364,
            "magpsf": 19.957799911499023,
            "sigmapsf": 0.1512410044670105,
            "magnr": 19.711999893188477,
            "sigmagnr": 0.12200000137090683,
            "magzpsci": 26.249799728393555,
            "isdiffpos": "t",
            "ssdistnr": -999.0,
            "ssnamenr": "null",
            "drb": 0.9976710081100464
        },
        {
            "candid": 1376253715615015006,
            "jd": 2459130.7537153,
            "ra": 5.0033125,
            "dec": -6.3344568,
            "fid": 2,
            "nid": 1376,
            "magpsf": 20.08919906616211,
            "sigmapsf": 0.18061000108718872,
            "magnr": 19.089000701904297,
            "sigmagnr": 0.10000000149011612,
            "magzpsci": 26.225200653076172,
            "isdiffpos": "t",
            "ssdistnr": -999.0,
            "ssnamenr": "null",
            "drb": 0.8467890024185181
        },
        {
            "jd": 2459050.97743,
            "fid": 2,
            "diffmaglim": 20.302000045776367
        },
        {
            "jd": 2459052.96032,
            "fid": 1,
            "diffmaglim": 20.843000411987305
        },
        {
            "jd": 2459056.96142,
            "fid": 2,
            "diffmaglim": 20.45599937438965
        },
        {
            "jd": 2459061.87365,
            "fid": 2,
            "diffmaglim": 19.827999114990234
        },
        {
            "jd": 2459064.90978,
            "fid": 2,
            "diffmaglim": 19.155000686645508
        },
        {
            "jd": 2459088.89722,
            "fid": 2,
            "diffmaglim": 20.284000396728516
        },
        {
            "jd": 2459104.89385,
            "fid": 2,
            "diffmaglim": 19.277000427246094
        },
        {
            "jd": 2459106.87356,
            "fid": 2,
            "diffmaglim": 19.815000534057617
        },
        {
            "jd": 2459108.85729,
            "fid": 1,
            "diffmaglim": 20.2189998626709
        },
        {
            "jd": 2459110.83081,
            "fid": 1,
            "diffmaglim": 20.03700065612793
        },
        {
            "jd": 2459115.85446,
            "fid": 2,
            "diffmaglim": 20.378000259399414
        },
        {
            "jd": 2459120.83782,
            "fid": 1,
            "diffmaglim": 19.547000885009766
        },
        {
            "jd": 2459121.84992,
            "fid": 1,
            "diffmaglim": 19.195999145507812
        },
        {
            "jd": 2459128.754,
            "fid": 2,
            "diffmaglim": 19.677000045776367
        },
        {
            "jd": 2459128.79942,
            "fid": 1,
            "diffmaglim": 19.6560001373291
        }
    ],
    "forcedphot": []
}