{
    "objectId": "ZTF20acjbzrh",
    "candidates": [
        {
            "candid": 1382333492015015033,
            "jd": 2459136.8334954,
            "ra": 31.2118487,
            "dec": -17.7612163,
            "fid": 2,
            "nid": 1382,
            "magpsf": 19.74250030517578,
            "sigmapsf": 0.1613759994506836,
            "magnr": 17.98200035095215,
            "sigmagnr": 0.06700000166893005,
            "magzpsci": 26.321500778198242,
            "isdiffpos": "t",
            "ssdistnr": -999.0,
            "ssnamenr": "null",
            "drb": 0.9996209740638733
        },
        {
            "candid": 1384316372015015048,
            "jd": 2459138.8163773,
            "ra": 31.2118783,
            "dec": -17.761213,
            "fid": 2,
            "nid": 1384,
            "magpsf": 19.47130012512207,
            "sigmapsf": 0.13367100059986115,
            "magnr": 17.98200035095215,
            "sigmagnr": 0.06700000166893005,
            "magzpsci": 26.21030044555664,
            "isdiffpos": "t",
            "ssdistnr": -999.0,
            "ssnamenr": "null",
            "drb": 0.9994630217552185
        },
        {
            "candid": 1384359012015015020,
            "jd": 2459138.8590162,
            "ra": 31.2118588,
            "dec": -17.7611409,
            "fid": 1,
            "nid": 1384,
            "magpsf": 19.743900299072266,
            "sigmapsf": 0.1917860060930252,
            "magnr": 18.240999221801758,
            "sigmagnr": 0.08100000023841858,
            "magzpsci": 26.162900924682617,
            "isdiffpos": "t",
            "ssdistnr": -999.0,
            "ssnamenr": "null",
            "drb": 0.9998499751091003
        },
        {
            "candid": 1386265242015015030,
            "jd": 2459140.7652431,
            "ra": 31.2118821,
            "dec": -17.7612043,
            "fid": 2,
            "nid": 1386,
            "magpsf": 19.39590072631836,
            "sigmapsf": 0.11715299636125565,
            "magnr": 17.98200035095215,
            "sigmagnr": 0.06700000166893005,
            "magzpsci": 26.199899673461914,
            "isdiffpos": "t",
            "ssdistnr": -999.0,
            "ssnamenr": "null",
            "drb": 0.9999079704284668
        },
        {
            "candid": 1386303922015015013,
            "jd": 2459140.8039236,
            "ra": 31.2118699,
            "dec": -17.7611755,
            "fid": 1,
            "nid": 1386,
            "magpsf": 20.025999069213867,
            "sigmapsf": 0.2207140028476715,
            "magnr": 18.240999221801758,
            "sigmagnr": 0.08100000023841858,
            "magzpsci": 26.211000442504883,
            "isdiffpos": "t",
            "ssdistnr": -999.0,
            "ssnamenr": "-999.0",
            "drb": null
        },
        {
            "candid": 1395337482015015024,
            "jd": 2459149.8374884,
            "ra": 31.2119282,
            "dec": -17.7611958,
            "fid": 2,
            "nid": 1395,
            "magpsf": 19.017499923706055,
            "sigmapsf": 0.14450600743293762,
            "magnr": 17.98200035095215,
            "sigmagnr": 0.06700000166893005,
            "magzpsci": 26.232500076293945,
            "isdiffpos": "t",
            "ssdistnr": -999.0,
            "ssnamenr": "-999.0",
            "drb": null
        },
        {
            "candid": 1396363712015015004,
            "jd": 2459150.8637153,
            "ra": 31.2118478,
            "dec": -17.7612656,
            "fid": 2,
            "nid": 1396,
            "magpsf": 18.739599227905273,
            "sigmapsf": 0.12377600371837616,
            "magnr": 17.98200035095215,
            "sigmagnr": 0.06700000166893005,
            "magzpsci": 26.309600830078125,
            "isdiffpos": "t",
            "ssdistnr": -999.0,
            "ssnamenr": "null",
            "drb": 0.9884549975395203
        },
        {
            "candid": 1397336142015015001,
            "jd": 2459151.8361458,
            "ra": 31.2118603,
            "dec": -17.7612616,
            "fid": 2,
            "nid": 1397,
            "magpsf": 18.766700744628906,
            "sigmapsf": 0.1363449990749359,
            "magnr": 17.98200035095215,
            "sigmagnr": 0.06700000166893005,
            "magzpsci": 26.316699981689453,
            "isdiffpos": "t",
            "ssdistnr": -999.0,
            "ssnamenr": "null",
            "drb": 0.9998900294303894
        },
        {
            "candid": 1399330692015015008,
            "jd": 2459153.8306944,
            "ra": 31.2119219,
            "dec": -17.761167,
            "fid": 2,
            "nid": 1399,
            "magpsf": 18.920400619506836,
            "sigmapsf": 0.14805400371551514,
            "magnr": 17.98200035095215,
            "sigmagnr": 0.06700000166893005,
            "magzpsci": 26.328399658203125,
            "isdiffpos": "t",
            "ssdistnr": -999.0,
            "ssnamenr": "null",
            "drb": 0.9999079704284668
        },
        {
            "candid": 1401212212015015003,
            "jd": 2459155.7122106,
            "ra": 31.2119223,
            "dec": -17.7611791,
            "fid": 1,
            "nid": 1401,
            "magpsf": 19.42140007019043,
            "sigmapsf": 0.22471000254154205,
            "magnr": 18.240999221801758,
            "sigmagnr": 0.08100000023841858,
            "magzpsci": 26.22640037536621,
            "isdiffpos": "t",
            "ssdistnr": -999.0,
            "ssnamenr": "-999.0",
            "drb": null
        },
        {
            "candid": 1401273572015015003,
            "jd": 2459155.7735764,
            "ra": 31.2118832,
            "dec": -17.7612508,
            "fid": 2,
            "nid": 1401,
            "magpsf": 18.946399688720703,
            "sigmapsf": 0.12250799685716629,
            "magnr": 17.98200035095215,
            "sigmagnr": 0.06700000166893005,
            "magzpsci": 26.32939910888672,
            "isdiffpos": "t",
            "ssdistnr": -999.0,
            "ssnamenr": "null",
            "drb": 0.9999979734420776
        },
        {
            "candid": 1404336632015015003,
            "jd": 2459158.8366319,
            "ra": 31.2119184,
            "dec": -17.7611365,
            "fid": 2,
            "nid": 1404,
            "magpsf": 19.061800003051758,
            "sigmapsf": 0.17652499675750732,
            "magnr": 17.98200035095215,
            "sigmagnr": 0.06700000166893005,
            "magzpsci": 26.275800704956055,
            "isdiffpos": "t",
            "ssdistnr": -999.0,
            "ssnamenr": "null",
            "drb": 0.9941679835319519
        },
        {
            "candid": 1411230852015015011,
            "jd": 2459165.7308565,
            "ra": 31.2118957,
            "dec": -17.7612393,
            "fid": 2,
            "nid": 1411,
            "magpsf": 19.298200607299805,
            "sigmapsf": 0.10700000077486038,
            "magnr": 17.98200035095215,
            "sigmagnr": 0.06700000166893005,
            "magzpsci": 26.292200088500977,
            "isdiffpos": "t",
            "ssdistnr": -999.0,
            "ssnamenr": "null",
            "drb": 0.9971439838409424
        },
        {
            "candid": 1413239572015015031,
            "jd": 2459167.7395718,
            "ra": 31.2118079,
            "dec": -17.7611874,
            "fid": 2,
            "nid": 1413,
            "magpsf": 19.412799835205078,
            "sigmapsf": 0.14687199890613556,
            "magnr": 17.98200035095215,
            "sigmagnr": 0.06700000166893005,
            "magzpsci": 26.306800842285156,
            "isdiffpos": "t",
            "ssdistnr": -999.0,
            "ssnamenr": "null",
            "drb": 0.9993770122528076
        },
        {
            "candid": 1414275492015015008,
            "jd": 2459168.7754977,
            "ra": 31.2118571,
            "dec": -17.7612394,
            "fid": 2,
            "nid": 1414,
            "magpsf": 19.418500900268555,
            "sigmapsf": 0.15586499869823456,
            "magnr": 17.98200035095215,
            "sigmagnr": 0.06700000166893005,
            "magzpsci": 26.31049919128418,
            "isdiffpos": "t",
            "ssdistnr": -999.0,
            "ssnamenr": "null",
            "drb": 0.9998859763145447
        },
        {
            "candid": 1416289582015015026,
            "jd": 2459170.7895833,
            "ra": 31.2118743,
            "dec": -17.7611567,
            "fid": 2,
            "nid": 1416,
            "magpsf": 19.696300506591797,
            "sigmapsf": 0.20058900117874146,
            "magnr": 17.98200035095215,
            "sigmagnr": 0.06700000166893005,
            "magzpsci": 26.29829978942871,
            "isdiffpos": "t",
            "ssdistnr": -999.0,
            "ssnamenr": "null",
            "drb": 0.9813050031661987
        },
        {
            "candid": 1422280132015015046,
            "jd": 2459176.7801389,
            "ra": 31.2118813,
            "dec": -17.7611216,
            "fid": 2,
            "nid": 1422,
            "magpsf": 19.537399291992188,
            "sigmapsf": 0.15657299757003784,
            "magnr": 17.98200035095215,
            "sigmagnr": 0.06700000166893005,
            "magzpsci": 26.214399337768555,
            "isdiffpos": "t",
            "ssdistnr": -999.0,
            "ssnamenr": "null",
            "drb": 0.9999459981918335
        },
        {
            "jd": 2459108.87429,
            "fid": 1,
            "diffmaglim": 19.972000122070312
        },
        {
            "jd": 2459111.85809,
            "fid": 1,
            "diffmaglim": 20.264999389648438
        },
        {
            "jd": 2459111.90024,
            "fid": 2,
            "diffmaglim": 20.326000213623047
        },
        {
            "jd": 2459114.89958,
            "fid": 2,
            "diffmaglim": 20.542999267578125
        },
        {
            "jd": 2459115.87584,
            "fid": 2,
            "diffmaglim": 20.25
        },
        {
            "jd": 2459116.8111,
            "fid": 1,
            "diffmaglim": 20.475000381469727
        },
        {
            "jd": 2459116.90744,
            "fid": 2,
            "diffmaglim": 20.461999893188477
        },
        {
            "jd": 2459117.88574,
            "fid": 2,
            "diffmaglim": 20.597000122070312
        },
        {
            "jd": 2459117.92054,
            "fid": 1,
            "diffmaglim": 20.601999282836914
        },
        {
            "jd": 2459118.93939,
            "fid": 1,
            "diffmaglim": 20.67099952697754
        },
        {
            "jd": 2459119.85513,
            "fid": 1,
            "diffmaglim": 19.875
        },
        {
            "jd": 2459119.87657,
            "fid": 2,
            "diffmaglim": 19.812999725341797
        },
        {
            "jd": 2459124.87574,
            "fid": 2,
            "diffmaglim": 18.93400001525879
        },
        {
            "jd": 2459124.98934,
            "fid": 1,
            "diffmaglim": 18.533000946044922
        },
        {
            "jd": 2459126.78204,
            "fid": 1,
            "diffmaglim": 18.78499984741211
        },
        {
            "jd": 2459126.85584,
            "fid": 2,
            "diffmaglim": 19.20400047302246
        },
        {
            "jd": 2459128.81552,
            "fid": 1,
            "diffmaglim": 19.20800018310547
        },
        {
            "jd": 2459128.90412,
            "fid": 2,
            "diffmaglim": 18.96500015258789
        },
        {
            "jd": 2459130.79464,
            "fid": 2,
            "diffmaglim": 20.099000930786133
        },
        {
            "jd": 2459130.87471,
            "fid": 1,
            "diffmaglim": 19.917999267578125
        },
        {
            "jd": 2459134.7773,
            "fid": 1,
            "diffmaglim": 20.173999786376953
        },
        {
            "jd": 2459144.86237,
            "fid": 1,
            "diffmaglim": 20.465999603271484
        },
        {
            "jd": 2459146.79425,
            "fid": 2,
            "diffmaglim": 16.343000411987305
        },
        {
            "jd": 2459146.83505,
            "fid": 1,
            "diffmaglim": 18.43400001525879
        },
        {
            "jd": 2459151.75351,
            "fid": 1,
            "diffmaglim": 19.038000106811523
        },
        {
            "jd": 2459152.71381,
            "fid": 2,
            "diffmaglim": 19.062000274658203
        },
        {
            "jd": 2459152.76462,
            "fid": 1,
            "diffmaglim": 18.965999603271484
        },
        {
            "jd": 2459153.74617,
            "fid": 1,
            "diffmaglim": 18.864999771118164
        },
        {
            "jd": 2459156.84069,
            "fid": 1,
            "diffmaglim": 19.202999114990234
        },
        {
            "jd": 2459158.78874,
            "fid": 1,
            "diffmaglim": 19.482999801635742
        },
        {
            "jd": 2459165.69198,
            "fid": 1,
            "diffmaglim": 20.243999481201172
        }
    ],
    "forcedphot": []
}