{
    "objectId": "ZTF21aaaroyw",
    "candidates": [
        {
            "candid": 1462234003415015008,
            "jd": 2459216.7340046,
            "ra": 49.8956184,
            "dec": 4.7601051,
            "fid": 2,
            "nid": 1462,
            "magpsf": 20.008800506591797,
            "sigmapsf": 0.2201469987630844,
            "magnr": 20.04599952697754,
            "sigmagnr": 0.1289999932050705,
            "magzpsci": 26.29680061340332,
            "isdiffpos": "t",
            "ssdistnr": -999.0,
            "ssnamenr": "-999.0",
            "drb": null
        },
        {
            "candid": 1464176273415015007,
            "jd": 2459218.6762731,
            "ra": 49.8956345,
            "dec": 4.7600833,
            "fid": 2,
            "nid": 1464,
            "magpsf": 19.721599578857422,
            "sigmapsf": 0.17235100269317627,
            "magnr": 20.04599952697754,
            "sigmagnr": 0.1289999932050705,
            "magzpsci": 26.35260009765625,
            "isdiffpos": "t",
            "ssdistnr": -999.0,
            "ssnamenr": "null",
            "drb": 0.9999849796295166
        },
        {
            "candid": 1464215243415015013,
            "jd": 2459218.7152431,
            "ra": 49.8956408,
            "dec": 4.7601081,
            "fid": 1,
            "nid": 1464,
            "magpsf": 19.944599151611328,
            "sigmapsf": 0.19551299512386322,
            "magnr": 19.31999969482422,
            "sigmagnr": 0.1340000033378601,
            "magzpsci": 26.372600555419922,
            "isdiffpos": "t",
            "ssdistnr": -999.0,
            "ssnamenr": "null",
            "drb": 0.9934539794921875
        },
        {
            "candid": 1466190943415015008,
            "jd": 2459220.6909491,
            "ra": 49.89569,
            "dec": 4.7600739,
            "fid": 1,
            "nid": 1466,
            "magpsf": 20.04669952392578,
            "sigmapsf": 0.20831499993801117,
            "magnr": 19.31999969482422,
            "sigmagnr": 0.1340000033378601,
            "magzpsci": 26.359699249267578,
            "isdiffpos": "t",
            "ssdistnr": -999.0,
            "ssnamenr": "null",
            "drb": 0.9999750256538391
        },
        {
            "candid": 1466214973415015014,
            "jd": 2459220.7149769,
            "ra": 49.8956517,
            "dec": 4.7601005,
            "fid": 2,
            "nid": 1466,
            "magpsf": 19.653400421142578,
            "sigmapsf": 0.11453299969434738,
            "magnr": 20.04599952697754,
            "sigmagnr": 0.1289999932050705,
            "magzpsci": 26.358400344848633,
            "isdiffpos": "t",
            "ssdistnr": -999.0,
            "ssnamenr": "null",
            "drb": 0.9998279809951782
        },
        {
            "candid": 1468182363415015032,
            "jd": 2459222.6823611,
            "ra": 49.8957551,
            "dec": 4.7601197,
            "fid": 1,
            "nid": 1468,
            "magpsf": 19.74209976196289,
            "sigmapsf": 0.3314630091190338,
            "magnr": 19.31999969482422,
            "sigmagnr": 0.1340000033378601,
            "magzpsci": 25.263099670410156,
            "isdiffpos": "t",
            "ssdistnr": -999.0,
            "ssnamenr": "-999.0",
            "drb": null
        },
        {
            "candid": 1468213003415015012,
            "jd": 2459222.7130093,
            "ra": 49.8956474,
            "dec": 4.7601348,
            "fid": 2,
            "nid": 1468,
            "magpsf": 19.581100463867188,
            "sigmapsf": 0.1105479970574379,
            "magnr": 20.04599952697754,
            "sigmagnr": 0.1289999932050705,
            "magzpsci": 26.381099700927734,
            "isdiffpos": "t",
            "ssdistnr": -999.0,
            "ssnamenr": "null",
            "drb": 0.9999309778213501
        },
        {
            "candid": 1470227983415015009,
            "jd": 2459224.7279861,
            "ra": 49.8956931,
            "dec": 4.7601122,
            "fid": 2,
            "nid": 1470,
            "magpsf": 19.55579948425293,
            "sigmapsf": 0.15799200534820557,
            "magnr": 20.04599952697754,
            "sigmagnr": 0.1289999932050705,
            "magzpsci": 26.372800827026367,
            "isdiffpos": "t",
            "ssdistnr": -999.0,
            "ssnamenr": "null",
            "drb": 0.999737024307251
        },
        {
            "candid": 1472150713415015005,
            "jd": 2459226.6507176,
            "ra": 49.8957329,
            "dec": 4.7602009,
            "fid": 2,
            "nid": 1472,
            "magpsf": 19.491899490356445,
            "sigmapsf": 0.17988300323486328,
            "magnr": 20.04599952697754,
            "sigmagnr": 0.1289999932050705,
            "magzpsci": 26.314899444580078,
            "isdiffpos": "t",
            "ssdistnr": -999.0,
            "ssnamenr": "-999.0",
            "drb": null
        },
        {
            "candid": 1474145743415015015,
            "jd": 2459228.6457407,
            "ra": 49.8956435,
            "dec": 4.7601251,
            "fid": 2,
            "nid": 1474,
            "magpsf": 19.184999465942383,
            "sigmapsf": 0.16904999315738678,
            "magnr": 20.04599952697754,
            "sigmagnr": 0.1289999932050705,
            "magzpsci": 25.69300079345703,
            "isdiffpos": "t",
            "ssdistnr": -999.0,
            "ssnamenr": "null",
            "drb": 0.9999989867210388
        },
        {
            "candid": 1474311463415015006,
            "jd": 2459228.8114699,
            "ra": 49.8956977,
            "dec": 4.7600696,
            "fid": 1,
            "nid": 1474,
            "magpsf": 20.357999801635742,
            "sigmapsf": 0.3151730000972748,
            "magnr": 19.31999969482422,
            "sigmagnr": 0.1340000033378601,
            "magzpsci": 26.19700050354004,
            "isdiffpos": "t",
            "ssdistnr": -999.0,
            "ssnamenr": "-999.0",
            "drb": null
        },
        {
            "candid": 1476127913415015013,
            "jd": 2459230.6279167,
            "ra": 49.8956808,
            "dec": 4.7601125,
            "fid": 2,
            "nid": 1476,
            "magpsf": 19.662799835205078,
            "sigmapsf": 0.15223999321460724,
            "magnr": 20.04599952697754,
            "sigmagnr": 0.1289999932050705,
            "magzpsci": 26.358800888061523,
            "isdiffpos": "t",
            "ssdistnr": -999.0,
            "ssnamenr": "null",
            "drb": 0.9999979734420776
        },
        {
            "candid": 1476271133415015008,
            "jd": 2459230.7711343,
            "ra": 49.8956499,
            "dec": 4.7602034,
            "fid": 1,
            "nid": 1476,
            "magpsf": 20.30190086364746,
            "sigmapsf": 0.21236099302768707,
            "magnr": 19.31999969482422,
            "sigmagnr": 0.1340000033378601,
            "magzpsci": 26.278900146484375,
            "isdiffpos": "t",
            "ssdistnr": -999.0,
            "ssnamenr": "null",
            "drb": 0.9992510080337524
        },
        {
            "candid": 1478172753415015016,
            "jd": 2459232.6727546,
            "ra": 49.8956391,
            "dec": 4.7601446,
            "fid": 2,
            "nid": 1478,
            "magpsf": 19.82979965209961,
            "sigmapsf": 0.14069800078868866,
            "magnr": 20.04599952697754,
            "sigmagnr": 0.1289999932050705,
            "magzpsci": 26.387800216674805,
            "isdiffpos": "t",
            "ssdistnr": -999.0,
            "ssnamenr": "null",
            "drb": 0.9994990229606628
        },
        {
            "jd": 2459189.737,
            "fid": 2,
            "diffmaglim": 20.34600067138672
        },
        {
            "jd": 2459192.66172,
            "fid": 2,
            "diffmaglim": 19.517000198364258
        },
        {
            "jd": 2459194.71087,
            "fid": 1,
            "diffmaglim": 20.266000747680664
        },
        {
            "jd": 2459194.75317,
            "fid": 2,
            "diffmaglim": 20.299999237060547
        },
        {
            "jd": 2459197.74821,
            "fid": 2,
            "diffmaglim": 19.538000106811523
        },
        {
            "jd": 2459200.69051,
            "fid": 1,
            "diffmaglim": 20.1299991607666
        },
        {
            "jd": 2459200.73794,
            "fid": 2,
            "diffmaglim": 20.38599967956543
        },
        {
            "jd": 2459202.72895,
            "fid": 1,
            "diffmaglim": 20.229000091552734
        },
        {
            "jd": 2459202.78848,
            "fid": 2,
            "diffmaglim": 19.91200065612793
        },
        {
            "jd": 2459204.70118,
            "fid": 2,
            "diffmaglim": 20.118000030517578
        },
        {
            "jd": 2459204.75267,
            "fid": 1,
            "diffmaglim": 19.986000061035156
        },
        {
            "jd": 2459206.73291,
            "fid": 2,
            "diffmaglim": 17.950000762939453
        },
        {
            "jd": 2459206.82068,
            "fid": 1,
            "diffmaglim": 17.87299919128418
        },
        {
            "jd": 2459210.80377,
            "fid": 2,
            "diffmaglim": 19.298999786376953
        },
        {
            "jd": 2459216.8455,
            "fid": 1,
            "diffmaglim": 18.850000381469727
        }
    ],
    "forcedphot": []
}