{
    "objectId": "ZTF22aarbard",
    "candidates": [
        {
            "candid": 2005374221815015000,
            "jd": 2459759.8742245,
            "ra": 304.4371355,
            "dec": 3.4738605,
            "fid": 1,
            "nid": 2005,
            "magpsf": 20.5314998626709,
            "sigmapsf": 0.24078400433063507,
            "magnr": 19.7450008392334,
            "sigmagnr": 0.10300000011920929,
            "magzpsci": 26.2814998626709,
            "isdiffpos": "t",
            "ssdistnr": null,
            "ssnamenr": null,
            "drb": null
        },
        {
            "candid": 2007319691815015002,
            "jd": 2459761.8196991,
            "ra": 304.437103,
            "dec": 3.4738888,
            "fid": 1,
            "nid": 2007,
            "magpsf": 19.747499465942383,
            "sigmapsf": 0.17626599967479706,
            "magnr": 19.7450008392334,
            "sigmagnr": 0.10300000011920929,
            "magzpsci": 26.077499389648438,
            "isdiffpos": "t",
            "ssdistnr": null,
            "ssnamenr": null,
            "drb": null
        },
        {
            "candid": 2007377711815015003,
            "jd": 2459761.8777199,
            "ra": 304.43705,
            "dec": 3.4738512,
            "fid": 2,
            "nid": 2007,
            "magpsf": 19.462600708007812,
            "sigmapsf": 0.19154900312423706,
            "magnr": 19.85099983215332,
            "sigmagnr": 0.11900000274181366,
            "magzpsci": 25.375600814819336,
            "isdiffpos": "t",
            "ssdistnr": null,
            "ssnamenr": null,
            "drb": null
        },
        {
            "candid": 2009337751815015002,
            "jd": 2459763.8377546,
            "ra": 304.4371052,
            "dec": 3.4738974,
            "fid": 2,
            "nid": 2009,
            "magpsf": 19.03529930114746,
            "sigmapsf": 0.11143399775028229,
            "magnr": 19.85099983215332,
            "sigmagnr": 0.11900000274181366,
            "magzpsci": 26.341299057006836,
            "isdiffpos": "t",
            "ssdistnr": null,
            "ssnamenr": null,
            "drb": null
        },
        {
            "candid": 2009394291815015004,
            "jd": 2459763.894294,
            "ra": 304.4371448,
            "dec": 3.473878,
            "fid": 1,
            "nid": 2009,
            "magpsf": 19.214099884033203,
            "sigmapsf": 0.09002500027418137,
            "magnr": 19.7450008392334,
            "sigmagnr": 0.10300000011920929,
            "magzpsci": 26.35110092163086,
            "isdiffpos": "t",
            "ssdistnr": null,
            "ssnamenr": null,
            "drb": null
        },
        {
            "candid": 2011379891815015005,
            "jd": 2459765.8798958,
            "ra": 304.4371157,
            "dec": 3.4738882,
            "fid": 1,
            "nid": 2011,
            "magpsf": 18.961200714111328,
            "sigmapsf": 0.08691500127315521,
            "magnr": 19.7450008392334,
            "sigmagnr": 0.10300000011920929,
            "magzpsci": 26.32819938659668,
            "isdiffpos": "t",
            "ssdistnr": null,
            "ssnamenr": null,
            "drb": null
        },
        {
            "candid": 2014419561815015004,
            "jd": 2459768.9195602,
            "ra": 304.4371114,
            "dec": 3.4738803,
            "fid": 1,
            "nid": 2014,
            "magpsf": 18.774200439453125,
            "sigmapsf": 0.07281400263309479,
            "magnr": 19.7450008392334,
            "sigmagnr": 0.10300000011920929,
            "magzpsci": 26.313199996948242,
            "isdiffpos": "t",
            "ssdistnr": null,
            "ssnamenr": null,
            "drb": null
        },
        {
            "candid": 2016377921815015002,
            "jd": 2459770.8779282,
            "ra": 304.4371095,
            "dec": 3.473866,
            "fid": 1,
            "nid": 2016,
            "magpsf": 18.744699478149414,
            "sigmapsf": 0.1142989993095398,
            "magnr": 19.7450008392334,
            "sigmagnr": 0.10300000011920929,
            "magzpsci": 26.305700302124023,
            "isdiffpos": "t",
            "ssdistnr": null,
            "ssnamenr": null,
            "drb": null
        },
        {
            "candid": 2016427431815015001,
            "jd": 2459770.9274306,
            "ra": 304.4371147,
            "dec": 3.4738934,
            "fid": 1,
            "nid": 2016,
            "magpsf": 18.72480010986328,
            "sigmapsf": 0.09262099862098694,
            "magnr": 19.7450008392334,
            "sigmagnr": 0.10300000011920929,
            "magzpsci": 26.30780029296875,
            "isdiffpos": "t",
            "ssdistnr": null,
            "ssnamenr": null,
            "drb": null
        },
        {
            "candid": 2018350991815015001,
            "jd": 2459772.8509954,
            "ra": 304.4370963,
            "dec": 3.4738849,
            "fid": 2,
            "nid": 2018,
            "magpsf": 18.40959930419922,
            "sigmapsf": 0.07817599922418594,
            "magnr": 19.85099983215332,
            "sigmagnr": 0.11900000274181366,
            "magzpsci": 26.31760025024414,
            "isdiffpos": "t",
            "ssdistnr": null,
            "ssnamenr": null,
            "drb": null
        },
        {
            "candid": 2018436211815015004,
            "jd": 2459772.9362153,
            "ra": 304.437097,
            "dec": 3.4738674,
            "fid": 2,
            "nid": 2018,
            "magpsf": 18.350400924682617,
            "sigmapsf": 0.07567799836397171,
            "magnr": 19.85099983215332,
            "sigmagnr": 0.11900000274181366,
            "magzpsci": 26.281400680541992,
            "isdiffpos": "t",
            "ssdistnr": null,
            "ssnamenr": null,
            "drb": null
        },
        {
            "candid": 2020319541815015008,
            "jd": 2459774.8195486,
            "ra": 304.437088,
            "dec": 3.4738674,
            "fid": 2,
            "nid": 2020,
            "magpsf": 18.38719940185547,
            "sigmapsf": 0.11585400253534317,
            "magnr": 19.85099983215332,
            "sigmagnr": 0.11900000274181366,
            "magzpsci": 26.2731990814209,
            "isdiffpos": "t",
            "ssdistnr": null,
            "ssnamenr": null,
            "drb": null
        },
        {
            "candid": 2022353091815015000,
            "jd": 2459776.8530903,
            "ra": 304.437104,
            "dec": 3.4738721,
            "fid": 2,
            "nid": 2022,
            "magpsf": 18.412799835205078,
            "sigmapsf": 0.09834600239992142,
            "magnr": 19.85099983215332,
            "sigmagnr": 0.11900000274181366,
            "magzpsci": 26.310800552368164,
            "isdiffpos": "t",
            "ssdistnr": null,
            "ssnamenr": null,
            "drb": null
        },
        {
            "candid": 2022357911815015002,
            "jd": 2459776.8579167,
            "ra": 304.4370955,
            "dec": 3.4738936,
            "fid": 2,
            "nid": 2022,
            "magpsf": 18.44339942932129,
            "sigmapsf": 0.09201999753713608,
            "magnr": 19.85099983215332,
            "sigmagnr": 0.11900000274181366,
            "magzpsci": 26.31439971923828,
            "isdiffpos": "t",
            "ssdistnr": null,
            "ssnamenr": null,
            "drb": null
        },
        {
            "candid": 2025290811815015002,
            "jd": 2459779.7908102,
            "ra": 304.4371006,
            "dec": 3.4738637,
            "fid": 2,
            "nid": 2025,
            "magpsf": 18.476200103759766,
            "sigmapsf": 0.08298099786043167,
            "magnr": 19.85099983215332,
            "sigmagnr": 0.11900000274181366,
            "magzpsci": 26.278200149536133,
            "isdiffpos": "t",
            "ssdistnr": null,
            "ssnamenr": null,
            "drb": null
        },
        {
            "candid": 2025379131815015002,
            "jd": 2459779.8791319,
            "ra": 304.4370996,
            "dec": 3.4738692,
            "fid": 2,
            "nid": 2025,
            "magpsf": 18.510700225830078,
            "sigmapsf": 0.06675799936056137,
            "magnr": 19.85099983215332,
            "sigmagnr": 0.11900000274181366,
            "magzpsci": 26.30470085144043,
            "isdiffpos": "t",
            "ssdistnr": null,
            "ssnamenr": null,
            "drb": null
        },
        {
            "candid": 2027276131815015000,
            "jd": 2459781.7761343,
            "ra": 304.437135,
            "dec": 3.4738801,
            "fid": 1,
            "nid": 2027,
            "magpsf": 19.52680015563965,
            "sigmapsf": 0.11500900238752365,
            "magnr": 19.7450008392334,
            "sigmagnr": 0.10300000011920929,
            "magzpsci": 26.212799072265625,
            "isdiffpos": "t",
            "ssdistnr": null,
            "ssnamenr": null,
            "drb": null
        },
        {
            "candid": 2027357811815015001,
            "jd": 2459781.8578125,
            "ra": 304.4371018,
            "dec": 3.4738714,
            "fid": 1,
            "nid": 2027,
            "magpsf": 19.361400604248047,
            "sigmapsf": 0.11404799669981003,
            "magnr": 19.7450008392334,
            "sigmagnr": 0.10300000011920929,
            "magzpsci": 26.188400268554688,
            "isdiffpos": "t",
            "ssdistnr": null,
            "ssnamenr": null,
            "drb": null
        },
        {
            "candid": 2029315691815015002,
            "jd": 2459783.8156944,
            "ra": 304.4371099,
            "dec": 3.473848,
            "fid": 1,
            "nid": 2029,
            "magpsf": 19.625,
            "sigmapsf": 0.12755100429058075,
            "magnr": 19.7450008392334,
            "sigmagnr": 0.10300000011920929,
            "magzpsci": 26.274999618530273,
            "isdiffpos": "t",
            "ssdistnr": null,
            "ssnamenr": null,
            "drb": null
        },
        {
            "candid": 2029372461815015003,
            "jd": 2459783.8724653,
            "ra": 304.4370992,
            "dec": 3.4738703,
            "fid": 2,
            "nid": 2029,
            "magpsf": 18.749500274658203,
            "sigmapsf": 0.0818760022521019,
            "magnr": 19.85099983215332,
            "sigmagnr": 0.11900000274181366,
            "magzpsci": 26.305500030517578,
            "isdiffpos": "t",
            "ssdistnr": null,
            "ssnamenr": null,
            "drb": null
        },
        {
            "candid": 2031307891815015006,
            "jd": 2459785.8078935,
            "ra": 304.4371055,
            "dec": 3.4738769,
            "fid": 2,
            "nid": 2031,
            "magpsf": 18.84670066833496,
            "sigmapsf": 0.08767499774694443,
            "magnr": 19.85099983215332,
            "sigmagnr": 0.11900000274181366,
            "magzpsci": 25.970699310302734,
            "isdiffpos": "t",
            "ssdistnr": null,
            "ssnamenr": null,
            "drb": null
        },
        {
            "candid": 2033314871815015003,
            "jd": 2459787.8148727,
            "ra": 304.4371134,
            "dec": 3.4738803,
            "fid": 2,
            "nid": 2033,
            "magpsf": 18.934099197387695,
            "sigmapsf": 0.07815200090408325,
            "magnr": 19.85099983215332,
            "sigmagnr": 0.11900000274181366,
            "magzpsci": 26.256099700927734,
            "isdiffpos": "t",
            "ssdistnr": null,
            "ssnamenr": null,
            "drb": null
        },
        {
            "candid": 2033373741815015002,
            "jd": 2459787.87375,
            "ra": 304.437132,
            "dec": 3.473908,
            "fid": 1,
            "nid": 2033,
            "magpsf": 19.896400451660156,
            "sigmapsf": 0.12612399458885193,
            "magnr": 19.7450008392334,
            "sigmagnr": 0.10300000011920929,
            "magzpsci": 26.238399505615234,
            "isdiffpos": "t",
            "ssdistnr": null,
            "ssnamenr": null,
            "drb": null
        },
        {
            "candid": 2035338911815015002,
            "jd": 2459789.838912,
            "ra": 304.4371028,
            "dec": 3.4738474,
            "fid": 2,
            "nid": 2035,
            "magpsf": 18.996299743652344,
            "sigmapsf": 0.08052600175142288,
            "magnr": 19.85099983215332,
            "sigmagnr": 0.11900000274181366,
            "magzpsci": 26.242300033569336,
            "isdiffpos": "t",
            "ssdistnr": null,
            "ssnamenr": null,
            "drb": null
        },
        {
            "candid": 2035359461815015005,
            "jd": 2459789.8594676,
            "ra": 304.4370992,
            "dec": 3.4739067,
            "fid": 1,
            "nid": 2035,
            "magpsf": 20.077199935913086,
            "sigmapsf": 0.16110999882221222,
            "magnr": 19.7450008392334,
            "sigmagnr": 0.10300000011920929,
            "magzpsci": 26.173200607299805,
            "isdiffpos": "t",
            "ssdistnr": null,
            "ssnamenr": null,
            "drb": null
        },
        {
            "candid": 2039220531815015001,
            "jd": 2459793.7205324,
            "ra": 304.437066,
            "dec": 3.4738748,
            "fid": 2,
            "nid": 2039,
            "magpsf": 19.067100524902344,
            "sigmapsf": 0.1121549978852272,
            "magnr": 19.85099983215332,
            "sigmagnr": 0.11900000274181366,
            "magzpsci": 26.195100784301758,
            "isdiffpos": "t",
            "ssdistnr": null,
            "ssnamenr": null,
            "drb": null
        },
        {
            "candid": 2039287891815015001,
            "jd": 2459793.7878935,
            "ra": 304.4371747,
            "dec": 3.4738889,
            "fid": 1,
            "nid": 2039,
            "magpsf": 20.414100646972656,
            "sigmapsf": 0.25915199518203735,
            "magnr": 19.7450008392334,
            "sigmagnr": 0.10300000011920929,
            "magzpsci": 26.217100143432617,
            "isdiffpos": "t",
            "ssdistnr": null,
            "ssnamenr": null,
            "drb": null
        },
        {
            "candid": 2041307171815015002,
            "jd": 2459795.8071759,
            "ra": 304.4371517,
            "dec": 3.4738878,
            "fid": 1,
            "nid": 2041,
            "magpsf": 20.59630012512207,
            "sigmapsf": 0.25184500217437744,
            "magnr": 19.7450008392334,
            "sigmagnr": 0.10300000011920929,
            "magzpsci": 26.246299743652344,
            "isdiffpos": "t",
            "ssdistnr": null,
            "ssnamenr": null,
            "drb": null
        },
        {
            "candid": 2044340321815015002,
            "jd": 2459798.8403241,
            "ra": 304.437076,
            "dec": 3.473869,
            "fid": 2,
            "nid": 2044,
            "magpsf": 19.351999282836914,
            "sigmapsf": 0.11112400144338608,
            "magnr": 19.85099983215332,
            "sigmagnr": 0.11900000274181366,
            "magzpsci": 26.209999084472656,
            "isdiffpos": "t",
            "ssdistnr": null,
            "ssnamenr": null,
            "drb": null
        },
        {
            "candid": 2051311951815015001,
            "jd": 2459805.811956,
            "ra": 304.4370489,
            "dec": 3.473876,
            "fid": 2,
            "nid": 2051,
            "magpsf": 19.55229949951172,
            "sigmapsf": 0.2157139927148819,
            "magnr": 19.85099983215332,
            "sigmagnr": 0.11900000274181366,
            "magzpsci": 26.104299545288086,
            "isdiffpos": "t",
            "ssdistnr": null,
            "ssnamenr": null,
            "drb": null
        },
        {
            "candid": 2055273941815015000,
            "jd": 2459809.7739468,
            "ra": 304.4370924,
            "dec": 3.473842,
            "fid": 2,
            "nid": 2055,
            "magpsf": 19.931499481201172,
            "sigmapsf": 0.1744920015335083,
            "magnr": 19.85099983215332,
            "sigmagnr": 0.11900000274181366,
            "magzpsci": 26.286500930786133,
            "isdiffpos": "t",
            "ssdistnr": null,
            "ssnamenr": null,
            "drb": null
        },
        {
            "candid": 2057270081815015004,
            "jd": 2459811.770081,
            "ra": 304.4371056,
            "dec": 3.4738974,
            "fid": 1,
            "nid": 2057,
            "magpsf": 20.86240005493164,
            "sigmapsf": 0.34026798605918884,
            "magnr": 19.7450008392334,
            "sigmagnr": 0.10300000011920929,
            "magzpsci": 26.1914005279541,
            "isdiffpos": "t",
            "ssdistnr": null,
            "ssnamenr": null,
            "drb": null
        },
        {
            "candid": 2057328981815015002,
            "jd": 2459811.8289815,
            "ra": 304.4370642,
            "dec": 3.4738896,
            "fid": 2,
            "nid": 2057,
            "magpsf": 20.002899169921875,
            "sigmapsf": 0.2057649940252304,
            "magnr": 19.85099983215332,
            "sigmagnr": 0.11900000274181366,
            "magzpsci": 26.250900268554688,
            "isdiffpos": "t",
            "ssdistnr": null,
            "ssnamenr": null,
            "drb": null
        },
        {
            "candid": 2059243051815015001,
            "jd": 2459813.7430556,
            "ra": 304.437119,
            "dec": 3.4738927,
            "fid": 2,
            "nid": 2059,
            "magpsf": 20.058399200439453,
            "sigmapsf": 0.21663999557495117,
            "magnr": 19.85099983215332,
            "sigmagnr": 0.11900000274181366,
            "magzpsci": 26.276399612426758,
            "isdiffpos": "t",
            "ssdistnr": null,
            "ssnamenr": null,
            "drb": null
        },
        {
            "candid": 2061288771815015007,
            "jd": 2459815.7887731,
            "ra": 304.437107,
            "dec": 3.4738807,
            "fid": 2,
            "nid": 2061,
            "magpsf": 19.86400032043457,
            "sigmapsf": 0.1371060013771057,
            "magnr": 19.85099983215332,
            "sigmagnr": 0.11900000274181366,
            "magzpsci": 26.270000457763672,
            "isdiffpos": "t",
            "ssdistnr": null,
            "ssnamenr": null,
            "drb": null
        },
        {
            "candid": 2063213551815015003,
            "jd": 2459817.7135532,
            "ra": 304.4370637,
            "dec": 3.4738418,
            "fid": 2,
            "nid": 2063,
            "magpsf": 20.112699508666992,
            "sigmapsf": 0.18623299896717072,
            "magnr": 19.85099983215332,
            "sigmagnr": 0.11900000274181366,
            "magzpsci": 26.287700653076172,
            "isdiffpos": "t",
            "ssdistnr": null,
            "ssnamenr": null,
            "drb": null
        },
        {
            "candid": 2065173351815015001,
            "jd": 2459819.6733565,
            "ra": 304.4371966,
            "dec": 3.4738713,
            "fid": 1,
            "nid": 2065,
            "magpsf": 20.978900909423828,
            "sigmapsf": 0.34635499119758606,
            "magnr": 19.7450008392334,
            "sigmagnr": 0.10300000011920929,
            "magzpsci": 26.28190040588379,
            "isdiffpos": "t",
            "ssdistnr": null,
            "ssnamenr": null,
            "drb": null
        },
        {
            "candid": 2065243491815015004,
            "jd": 2459819.7434954,
            "ra": 304.4370785,
            "dec": 3.4738376,
            "fid": 2,
            "nid": 2065,
            "magpsf": 20.256200790405273,
            "sigmapsf": 0.17854900658130646,
            "magnr": 19.85099983215332,
            "sigmagnr": 0.11900000274181366,
            "magzpsci": 26.324199676513672,
            "isdiffpos": "t",
            "ssdistnr": null,
            "ssnamenr": null,
            "drb": null
        },
        {
            "candid": 2069272251815015002,
            "jd": 2459823.7722569,
            "ra": 304.4371803,
            "dec": 3.4738026,
            "fid": 2,
            "nid": 2069,
            "magpsf": 20.32221031188965,
            "sigmapsf": 0.21328407526016235,
            "magnr": 19.85099983215332,
            "sigmagnr": 0.11900000274181366,
            "magzpsci": 26.304210662841797,
            "isdiffpos": "t",
            "ssdistnr": -999.0,
            "ssnamenr": "null",
            "drb": null
        },
        {
            "jd": 2459732.9368519,
            "fid": 1,
            "diffmaglim": 20.622499465942383
        },
        {
            "jd": 2459732.9495602,
            "fid": 2,
            "diffmaglim": 20.623699188232422
        },
        {
            "jd": 2459735.8952546,
            "fid": 2,
            "diffmaglim": 20.553699493408203
        },
        {
            "jd": 2459735.9403009,
            "fid": 1,
            "diffmaglim": 20.612699508666992
        },
        {
            "jd": 2459737.7971412,
            "fid": 2,
            "diffmaglim": 20.284299850463867
        },
        {
            "jd": 2459737.9146991,
            "fid": 1,
            "diffmaglim": 20.765100479125977
        },
        {
            "jd": 2459739.8983796,
            "fid": 1,
            "diffmaglim": 20.69420051574707
        },
        {
            "jd": 2459739.9364815,
            "fid": 2,
            "diffmaglim": 20.702600479125977
        },
        {
            "jd": 2459741.8774769,
            "fid": 2,
            "diffmaglim": 20.098400115966797
        },
        {
            "jd": 2459741.9206366,
            "fid": 1,
            "diffmaglim": 20.261499404907227
        },
        {
            "jd": 2459743.817662,
            "fid": 2,
            "diffmaglim": 19.49209976196289
        },
        {
            "jd": 2459743.8927315,
            "fid": 1,
            "diffmaglim": 19.1968994140625
        },
        {
            "jd": 2459748.867581,
            "fid": 2,
            "diffmaglim": 19.857900619506836
        },
        {
            "jd": 2459748.8978935,
            "fid": 1,
            "diffmaglim": 19.68670082092285
        },
        {
            "jd": 2459750.8305208,
            "fid": 1,
            "diffmaglim": 19.794099807739258
        },
        {
            "jd": 2459750.8599421,
            "fid": 2,
            "diffmaglim": 19.822599411010742
        },
        {
            "jd": 2459752.8940972,
            "fid": 2,
            "diffmaglim": 20.4783992767334
        },
        {
            "jd": 2459755.8394329,
            "fid": 2,
            "diffmaglim": 20.286800384521484
        },
        {
            "jd": 2459757.8583796,
            "fid": 1,
            "diffmaglim": 20.588199615478516
        },
        {
            "jd": 2459757.8997917,
            "fid": 1,
            "diffmaglim": 20.675399780273438
        },
        {
            "jd": 2459759.839537,
            "fid": 2,
            "diffmaglim": 20.632200241088867
        },
        {
            "jd": 2459798.8145486,
            "fid": 1,
            "diffmaglim": 20.194799423217773
        },
        {
            "jd": 2459800.9133796,
            "fid": 2,
            "diffmaglim": 20.19059944152832
        },
        {
            "jd": 2459802.7535532,
            "fid": 2,
            "diffmaglim": 17.503400802612305
        },
        {
            "jd": 2459802.8126042,
            "fid": 1,
            "diffmaglim": 19.332399368286133
        },
        {
            "jd": 2459805.9304745,
            "fid": 1,
            "diffmaglim": 19.016199111938477
        },
        {
            "jd": 2459813.7970833,
            "fid": 1,
            "diffmaglim": 20.39900016784668
        },
        {
            "jd": 2459815.7407292,
            "fid": 1,
            "diffmaglim": 20.66950035095215
        },
        {
            "jd": 2459817.7852431,
            "fid": 1,
            "diffmaglim": 20.52079963684082
        },
        {
            "jd": 2459821.7223148,
            "fid": 1,
            "diffmaglim": 20.70509910583496
        },
        {
            "jd": 2459821.7528125,
            "fid": 2,
            "diffmaglim": 20.728200912475586
        }
    ],
    "forcedphot": []
}