{
    "objectId": "ZTF22abyzcaf",
    "candidates": [
        {
            "candid": 2174340712015015020,
            "jd": 2459928.8407176,
            "ra": 118.6389096,
            "dec": 18.3281139,
            "fid": 2,
            "nid": 2174,
            "magpsf": 19.283300399780273,
            "sigmapsf": 0.21950499713420868,
            "magnr": 17.38599967956543,
            "sigmagnr": 0.05999999865889549,
            "magzpsci": 25.797300338745117,
            "isdiffpos": "t",
            "ssdistnr": null,
            "ssnamenr": null,
            "drb": null
        },
        {
            "candid": 2178384362015015034,
            "jd": 2459932.8843634,
            "ra": 118.6388858,
            "dec": 18.3281338,
            "fid": 2,
            "nid": 2178,
            "magpsf": 19.0575008392334,
            "sigmapsf": 0.10364899784326553,
            "magnr": 17.38599967956543,
            "sigmagnr": 0.05999999865889549,
            "magzpsci": 26.335500717163086,
            "isdiffpos": "t",
            "ssdistnr": null,
            "ssnamenr": null,
            "drb": null
        },
        {
            "candid": 2178445012015015038,
            "jd": 2459932.9450116,
            "ra": 118.6388223,
            "dec": 18.3281296,
            "fid": 1,
            "nid": 2178,
            "magpsf": 19.41010093688965,
            "sigmapsf": 0.12390600144863129,
            "magnr": 17.77400016784668,
            "sigmagnr": 0.06700000166893005,
            "magzpsci": 26.3341007232666,
            "isdiffpos": "t",
            "ssdistnr": null,
            "ssnamenr": null,
            "drb": null
        },
        {
            "candid": 2180399122015015033,
            "jd": 2459934.8991204,
            "ra": 118.6388702,
            "dec": 18.3281069,
            "fid": 1,
            "nid": 2180,
            "magpsf": 19.570100784301758,
            "sigmapsf": 0.1499679982662201,
            "magnr": 17.77400016784668,
            "sigmagnr": 0.06700000166893005,
            "magzpsci": 26.329099655151367,
            "isdiffpos": "t",
            "ssdistnr": null,
            "ssnamenr": null,
            "drb": null
        },
        {
            "candid": 2182422122015015043,
            "jd": 2459936.9221296,
            "ra": 118.6388915,
            "dec": 18.328138,
            "fid": 2,
            "nid": 2182,
            "magpsf": 19.041833877563477,
            "sigmapsf": 0.09067892283201218,
            "magnr": 17.38599967956543,
            "sigmagnr": 0.05999999865889549,
            "magzpsci": 26.34583282470703,
            "isdiffpos": "t",
            "ssdistnr": -999.0,
            "ssnamenr": "null",
            "drb": null
        },
        {
            "jd": 2459905.9015625,
            "fid": 1,
            "diffmaglim": 20.207399368286133
        },
        {
            "jd": 2459908.9235648,
            "fid": 2,
            "diffmaglim": 20.4064998626709
        },
        {
            "jd": 2459908.9418519,
            "fid": 1,
            "diffmaglim": 20.217599868774414
        },
        {
            "jd": 2459910.9027083,
            "fid": 2,
            "diffmaglim": 20.361000061035156
        },
        {
            "jd": 2459910.9217824,
            "fid": 1,
            "diffmaglim": 20.61280059814453
        },
        {
            "jd": 2459914.9021528,
            "fid": 2,
            "diffmaglim": 20.580299377441406
        }
    ],
    "forcedphot": []
}