{
    "objectId": "ZTF21achgfbk",
    "candidates": [
        {
            "candid": 1744361124915015001,
            "jd": 2459498.8611227,
            "ra": 102.3126155,
            "dec": 72.6234675,
            "fid": 2,
            "nid": 1744,
            "magpsf": 20.09630012512207,
            "sigmapsf": 0.29653799533843994,
            "magnr": 21.815000534057617,
            "sigmagnr": 0.20499999821186066,
            "magzpsci": 26.160200119018555,
            "isdiffpos": "t",
            "ssdistnr": null,
            "ssnamenr": null,
            "drb": null
        },
        {
            "candid": 1744392786015015002,
            "jd": 2459498.8927894,
            "ra": 102.3124538,
            "dec": 72.6234521,
            "fid": 2,
            "nid": 1744,
            "magpsf": 20.191999435424805,
            "sigmapsf": 0.17576700448989868,
            "magnr": 22.09600067138672,
            "sigmagnr": 0.23800000548362732,
            "magzpsci": 26.117000579833984,
            "isdiffpos": "t",
            "ssdistnr": null,
            "ssnamenr": null,
            "drb": null
        },
        {
            "candid": 1744456816015015003,
            "jd": 2459498.9568171,
            "ra": 102.3124036,
            "dec": 72.6234515,
            "fid": 1,
            "nid": 1744,
            "magpsf": 20.70359992980957,
            "sigmapsf": 0.2747940123081207,
            "magnr": 21.867000579833984,
            "sigmagnr": 0.18799999356269836,
            "magzpsci": 26.237600326538086,
            "isdiffpos": "t",
            "ssdistnr": null,
            "ssnamenr": null,
            "drb": null
        },
        {
            "candid": 1749368486015015002,
            "jd": 2459503.8684838,
            "ra": 102.3123163,
            "dec": 72.6235022,
            "fid": 2,
            "nid": 1749,
            "magpsf": 19.220699310302734,
            "sigmapsf": 0.14151500165462494,
            "magnr": 22.09600067138672,
            "sigmagnr": 0.23800000548362732,
            "magzpsci": 26.101699829101562,
            "isdiffpos": "t",
            "ssdistnr": null,
            "ssnamenr": null,
            "drb": null
        },
        {
            "candid": 1749389884915015002,
            "jd": 2459503.8898843,
            "ra": 102.3124917,
            "dec": 72.6234807,
            "fid": 2,
            "nid": 1749,
            "magpsf": 19.353900909423828,
            "sigmapsf": 0.17642900347709656,
            "magnr": 21.815000534057617,
            "sigmagnr": 0.20499999821186066,
            "magzpsci": 26.159900665283203,
            "isdiffpos": "t",
            "ssdistnr": null,
            "ssnamenr": null,
            "drb": null
        },
        {
            "candid": 1749473586015015003,
            "jd": 2459503.973588,
            "ra": 102.3123172,
            "dec": 72.6234094,
            "fid": 1,
            "nid": 1749,
            "magpsf": 19.889999389648438,
            "sigmapsf": 0.2056400030851364,
            "magnr": 21.867000579833984,
            "sigmagnr": 0.18799999356269836,
            "magzpsci": 26.197999954223633,
            "isdiffpos": "t",
            "ssdistnr": null,
            "ssnamenr": null,
            "drb": null
        },
        {
            "candid": 1749492464915015005,
            "jd": 2459503.9924653,
            "ra": 102.3124523,
            "dec": 72.6233135,
            "fid": 1,
            "nid": 1749,
            "magpsf": 19.775800704956055,
            "sigmapsf": 0.26701998710632324,
            "magnr": 22.39900016784668,
            "sigmagnr": 0.25999999046325684,
            "magzpsci": 26.225799560546875,
            "isdiffpos": "t",
            "ssdistnr": null,
            "ssnamenr": null,
            "drb": null
        },
        {
            "candid": 1755352366015015003,
            "jd": 2459509.8523611,
            "ra": 102.3123618,
            "dec": 72.623475,
            "fid": 2,
            "nid": 1755,
            "magpsf": 18.79330062866211,
            "sigmapsf": 0.12730999290943146,
            "magnr": 22.09600067138672,
            "sigmagnr": 0.23800000548362732,
            "magzpsci": 26.140300750732422,
            "isdiffpos": "t",
            "ssdistnr": null,
            "ssnamenr": null,
            "drb": null
        },
        {
            "candid": 1755353784915015001,
            "jd": 2459509.8537847,
            "ra": 102.3122974,
            "dec": 72.6234734,
            "fid": 2,
            "nid": 1755,
            "magpsf": 18.801700592041016,
            "sigmapsf": 0.13946999609470367,
            "magnr": 22.336999893188477,
            "sigmagnr": 0.17499999701976776,
            "magzpsci": 26.19969940185547,
            "isdiffpos": "t",
            "ssdistnr": null,
            "ssnamenr": null,
            "drb": null
        },
        {
            "candid": 1755382444915015003,
            "jd": 2459509.8824421,
            "ra": 102.3123017,
            "dec": 72.6234016,
            "fid": 1,
            "nid": 1755,
            "magpsf": 19.299999237060547,
            "sigmapsf": 0.17743700742721558,
            "magnr": 22.39900016784668,
            "sigmagnr": 0.25999999046325684,
            "magzpsci": 26.27199935913086,
            "isdiffpos": "t",
            "ssdistnr": null,
            "ssnamenr": null,
            "drb": null
        },
        {
            "candid": 1755383406015015006,
            "jd": 2459509.8834028,
            "ra": 102.3121463,
            "dec": 72.6234082,
            "fid": 1,
            "nid": 1755,
            "magpsf": 19.33139991760254,
            "sigmapsf": 0.22376400232315063,
            "magnr": 21.867000579833984,
            "sigmagnr": 0.18799999356269836,
            "magzpsci": 26.238399505615234,
            "isdiffpos": "t",
            "ssdistnr": null,
            "ssnamenr": null,
            "drb": null
        },
        {
            "candid": 1758337166015015002,
            "jd": 2459512.8371644,
            "ra": 102.3123333,
            "dec": 72.6234682,
            "fid": 2,
            "nid": 1758,
            "magpsf": 18.575899124145508,
            "sigmapsf": 0.08153100311756134,
            "magnr": 22.09600067138672,
            "sigmagnr": 0.23800000548362732,
            "magzpsci": 26.13789939880371,
            "isdiffpos": "t",
            "ssdistnr": null,
            "ssnamenr": null,
            "drb": null
        },
        {
            "candid": 1758424326015015002,
            "jd": 2459512.9243287,
            "ra": 102.3123943,
            "dec": 72.6234171,
            "fid": 1,
            "nid": 1758,
            "magpsf": 19.41939926147461,
            "sigmapsf": 0.14973999559879303,
            "magnr": 21.867000579833984,
            "sigmagnr": 0.18799999356269836,
            "magzpsci": 26.279399871826172,
            "isdiffpos": "t",
            "ssdistnr": null,
            "ssnamenr": null,
            "drb": null
        },
        {
            "candid": 1763427994915015012,
            "jd": 2459517.9279977,
            "ra": 102.3124066,
            "dec": 72.6234473,
            "fid": 2,
            "nid": 1763,
            "magpsf": 18.534000396728516,
            "sigmapsf": 0.06988699734210968,
            "magnr": 21.815000534057617,
            "sigmagnr": 0.20499999821186066,
            "magzpsci": 26.215999603271484,
            "isdiffpos": "t",
            "ssdistnr": null,
            "ssnamenr": null,
            "drb": null
        },
        {
            "candid": 1763460914915015003,
            "jd": 2459517.9609144,
            "ra": 102.3125129,
            "dec": 72.6234646,
            "fid": 1,
            "nid": 1763,
            "magpsf": 19.51099967956543,
            "sigmapsf": 0.22445499897003174,
            "magnr": 22.39900016784668,
            "sigmagnr": 0.25999999046325684,
            "magzpsci": 26.29599952697754,
            "isdiffpos": "t",
            "ssdistnr": null,
            "ssnamenr": null,
            "drb": null
        },
        {
            "candid": 1764368036015015004,
            "jd": 2459518.8680324,
            "ra": 102.312408,
            "dec": 72.6234538,
            "fid": 1,
            "nid": 1764,
            "magpsf": 19.404800415039062,
            "sigmapsf": 0.09654299914836884,
            "magnr": 21.867000579833984,
            "sigmagnr": 0.18799999356269836,
            "magzpsci": 26.23780059814453,
            "isdiffpos": "t",
            "ssdistnr": null,
            "ssnamenr": null,
            "drb": null
        },
        {
            "candid": 1764496036015015004,
            "jd": 2459518.9960301,
            "ra": 102.3123923,
            "dec": 72.6234563,
            "fid": 2,
            "nid": 1764,
            "magpsf": 18.512100219726562,
            "sigmapsf": 0.05270199850201607,
            "magnr": 22.09600067138672,
            "sigmagnr": 0.23800000548362732,
            "magzpsci": 26.158100128173828,
            "isdiffpos": "t",
            "ssdistnr": null,
            "ssnamenr": null,
            "drb": null
        },
        {
            "candid": 1767349864915015021,
            "jd": 2459521.8498611,
            "ra": 102.3126428,
            "dec": 72.6233963,
            "fid": 1,
            "nid": 1767,
            "magpsf": 19.739999771118164,
            "sigmapsf": 0.17670300602912903,
            "magnr": 22.39900016784668,
            "sigmagnr": 0.25999999046325684,
            "magzpsci": 26.274999618530273,
            "isdiffpos": "t",
            "ssdistnr": null,
            "ssnamenr": null,
            "drb": null
        },
        {
            "candid": 1768351736015015003,
            "jd": 2459522.8517361,
            "ra": 102.312343,
            "dec": 72.6234301,
            "fid": 2,
            "nid": 1768,
            "magpsf": 18.61590003967285,
            "sigmapsf": 0.06290700286626816,
            "magnr": 22.09600067138672,
            "sigmagnr": 0.23800000548362732,
            "magzpsci": 26.142900466918945,
            "isdiffpos": "t",
            "ssdistnr": null,
            "ssnamenr": null,
            "drb": null
        },
        {
            "candid": 1768364736015015008,
            "jd": 2459522.8647338,
            "ra": 102.3123614,
            "dec": 72.623479,
            "fid": 1,
            "nid": 1768,
            "magpsf": 19.78059959411621,
            "sigmapsf": 0.10850100219249725,
            "magnr": 21.867000579833984,
            "sigmagnr": 0.18799999356269836,
            "magzpsci": 26.23259925842285,
            "isdiffpos": "t",
            "ssdistnr": null,
            "ssnamenr": null,
            "drb": null
        },
        {
            "candid": 1769261164915015007,
            "jd": 2459523.761169,
            "ra": 102.3124889,
            "dec": 72.6234542,
            "fid": 2,
            "nid": 1769,
            "magpsf": 18.643400192260742,
            "sigmapsf": 0.08393199741840363,
            "magnr": 21.815000534057617,
            "sigmagnr": 0.20499999821186066,
            "magzpsci": 26.17340087890625,
            "isdiffpos": "t",
            "ssdistnr": null,
            "ssnamenr": null,
            "drb": null
        },
        {
            "candid": 1769362814915015015,
            "jd": 2459523.8628125,
            "ra": 102.3125037,
            "dec": 72.623417,
            "fid": 1,
            "nid": 1769,
            "magpsf": 19.77910041809082,
            "sigmapsf": 0.15731699764728546,
            "magnr": 22.39900016784668,
            "sigmagnr": 0.25999999046325684,
            "magzpsci": 26.280099868774414,
            "isdiffpos": "t",
            "ssdistnr": null,
            "ssnamenr": null,
            "drb": null
        },
        {
            "candid": 1770349026015015004,
            "jd": 2459524.8490278,
            "ra": 102.3122552,
            "dec": 72.623496,
            "fid": 1,
            "nid": 1770,
            "magpsf": 19.879199981689453,
            "sigmapsf": 0.14140500128269196,
            "magnr": 21.867000579833984,
            "sigmagnr": 0.18799999356269836,
            "magzpsci": 26.248199462890625,
            "isdiffpos": "t",
            "ssdistnr": null,
            "ssnamenr": null,
            "drb": null
        },
        {
            "candid": 1770365066015015004,
            "jd": 2459524.8650694,
            "ra": 102.3123208,
            "dec": 72.6234522,
            "fid": 2,
            "nid": 1770,
            "magpsf": 18.583599090576172,
            "sigmapsf": 0.055309001356363297,
            "magnr": 22.09600067138672,
            "sigmagnr": 0.23800000548362732,
            "magzpsci": 26.16160011291504,
            "isdiffpos": "t",
            "ssdistnr": null,
            "ssnamenr": null,
            "drb": null
        },
        {
            "candid": 1771350774915015019,
            "jd": 2459525.8507755,
            "ra": 102.312537,
            "dec": 72.6234528,
            "fid": 1,
            "nid": 1771,
            "magpsf": 19.833499908447266,
            "sigmapsf": 0.15879599750041962,
            "magnr": 22.39900016784668,
            "sigmagnr": 0.25999999046325684,
            "magzpsci": 26.293500900268555,
            "isdiffpos": "t",
            "ssdistnr": null,
            "ssnamenr": null,
            "drb": null
        },
        {
            "candid": 1771367044915015003,
            "jd": 2459525.8670486,
            "ra": 102.3124253,
            "dec": 72.6234549,
            "fid": 2,
            "nid": 1771,
            "magpsf": 18.66320037841797,
            "sigmapsf": 0.09394700080156326,
            "magnr": 21.815000534057617,
            "sigmagnr": 0.20499999821186066,
            "magzpsci": 26.2101993560791,
            "isdiffpos": "t",
            "ssdistnr": null,
            "ssnamenr": null,
            "drb": null
        },
        {
            "candid": 1772369956015015004,
            "jd": 2459526.8699537,
            "ra": 102.3123849,
            "dec": 72.6234162,
            "fid": 1,
            "nid": 1772,
            "magpsf": 20.03510093688965,
            "sigmapsf": 0.13808999955654144,
            "magnr": 21.867000579833984,
            "sigmagnr": 0.18799999356269836,
            "magzpsci": 26.26609992980957,
            "isdiffpos": "t",
            "ssdistnr": null,
            "ssnamenr": null,
            "drb": null
        },
        {
            "candid": 1772495086015015002,
            "jd": 2459526.995081,
            "ra": 102.3123483,
            "dec": 72.6234461,
            "fid": 2,
            "nid": 1772,
            "magpsf": 18.63129997253418,
            "sigmapsf": 0.0700559988617897,
            "magnr": 22.09600067138672,
            "sigmagnr": 0.23800000548362732,
            "magzpsci": 26.167299270629883,
            "isdiffpos": "t",
            "ssdistnr": null,
            "ssnamenr": null,
            "drb": null
        },
        {
            "candid": 1775328476015015003,
            "jd": 2459529.8284722,
            "ra": 102.3122076,
            "dec": 72.6234746,
            "fid": 1,
            "nid": 1775,
            "magpsf": 20.234500885009766,
            "sigmapsf": 0.21169500052928925,
            "magnr": 21.867000579833984,
            "sigmagnr": 0.18799999356269836,
            "magzpsci": 26.24449920654297,
            "isdiffpos": "t",
            "ssdistnr": null,
            "ssnamenr": null,
            "drb": null
        },
        {
            "candid": 1775373156015015007,
            "jd": 2459529.8731597,
            "ra": 102.3122195,
            "dec": 72.6234395,
            "fid": 2,
            "nid": 1775,
            "magpsf": 18.77829933166504,
            "sigmapsf": 0.07017699629068375,
            "magnr": 22.09600067138672,
            "sigmagnr": 0.23800000548362732,
            "magzpsci": 26.16830062866211,
            "isdiffpos": "t",
            "ssdistnr": null,
            "ssnamenr": null,
            "drb": null
        },
        {
            "candid": 1776326134915015004,
            "jd": 2459530.8261343,
            "ra": 102.3125174,
            "dec": 72.6234928,
            "fid": 1,
            "nid": 1776,
            "magpsf": 20.263900756835938,
            "sigmapsf": 0.34106799960136414,
            "magnr": 22.39900016784668,
            "sigmagnr": 0.25999999046325684,
            "magzpsci": 26.26490020751953,
            "isdiffpos": "t",
            "ssdistnr": null,
            "ssnamenr": null,
            "drb": null
        },
        {
            "candid": 1776388124915015011,
            "jd": 2459530.888125,
            "ra": 102.312464,
            "dec": 72.6234248,
            "fid": 2,
            "nid": 1776,
            "magpsf": 18.795299530029297,
            "sigmapsf": 0.13996699452400208,
            "magnr": 21.815000534057617,
            "sigmagnr": 0.20499999821186066,
            "magzpsci": 26.21929931640625,
            "isdiffpos": "t",
            "ssdistnr": null,
            "ssnamenr": null,
            "drb": null
        },
        {
            "candid": 1777385456015015003,
            "jd": 2459531.8854514,
            "ra": 102.3125157,
            "dec": 72.6234284,
            "fid": 1,
            "nid": 1777,
            "magpsf": 20.419200897216797,
            "sigmapsf": 0.24472999572753906,
            "magnr": 21.867000579833984,
            "sigmagnr": 0.18799999356269836,
            "magzpsci": 26.257200241088867,
            "isdiffpos": "t",
            "ssdistnr": null,
            "ssnamenr": null,
            "drb": null
        },
        {
            "candid": 1777429826015015004,
            "jd": 2459531.9298264,
            "ra": 102.3123488,
            "dec": 72.6234553,
            "fid": 2,
            "nid": 1777,
            "magpsf": 18.84469985961914,
            "sigmapsf": 0.07736600190401077,
            "magnr": 22.09600067138672,
            "sigmagnr": 0.23800000548362732,
            "magzpsci": 26.16469955444336,
            "isdiffpos": "t",
            "ssdistnr": null,
            "ssnamenr": null,
            "drb": null
        },
        {
            "candid": 1778391194915015006,
            "jd": 2459532.8911921,
            "ra": 102.3123039,
            "dec": 72.6234352,
            "fid": 2,
            "nid": 1778,
            "magpsf": 18.850500106811523,
            "sigmapsf": 0.12714900076389313,
            "magnr": 22.336999893188477,
            "sigmagnr": 0.17499999701976776,
            "magzpsci": 26.212499618530273,
            "isdiffpos": "t",
            "ssdistnr": null,
            "ssnamenr": null,
            "drb": null
        },
        {
            "candid": 1782382286015015004,
            "jd": 2459536.8822801,
            "ra": 102.3123198,
            "dec": 72.6234527,
            "fid": 2,
            "nid": 1782,
            "magpsf": 18.977699279785156,
            "sigmapsf": 0.13389800488948822,
            "magnr": 22.09600067138672,
            "sigmagnr": 0.23800000548362732,
            "magzpsci": 26.162700653076172,
            "isdiffpos": "t",
            "ssdistnr": null,
            "ssnamenr": null,
            "drb": null
        },
        {
            "candid": 1783363264915015008,
            "jd": 2459537.8632639,
            "ra": 102.3125206,
            "dec": 72.6234581,
            "fid": 2,
            "nid": 1783,
            "magpsf": 19.173500061035156,
            "sigmapsf": 0.1310800015926361,
            "magnr": 21.815000534057617,
            "sigmagnr": 0.20499999821186066,
            "magzpsci": 26.208499908447266,
            "isdiffpos": "t",
            "ssdistnr": null,
            "ssnamenr": null,
            "drb": null
        },
        {
            "candid": 1784299136015015000,
            "jd": 2459538.7991319,
            "ra": 102.3123098,
            "dec": 72.6234856,
            "fid": 2,
            "nid": 1784,
            "magpsf": 19.09440040588379,
            "sigmapsf": 0.1626719981431961,
            "magnr": 22.09600067138672,
            "sigmagnr": 0.23800000548362732,
            "magzpsci": 26.037399291992188,
            "isdiffpos": "t",
            "ssdistnr": null,
            "ssnamenr": null,
            "drb": null
        },
        {
            "candid": 1796348576015015005,
            "jd": 2459550.8485764,
            "ra": 102.3123592,
            "dec": 72.6234177,
            "fid": 2,
            "nid": 1796,
            "magpsf": 19.565319061279297,
            "sigmapsf": 0.10836700350046158,
            "magnr": 22.09600067138672,
            "sigmagnr": 0.23800000548362732,
            "magzpsci": 26.165319442749023,
            "isdiffpos": "t",
            "ssdistnr": -999.0,
            "ssnamenr": "null",
            "drb": null
        },
        {
            "jd": 2459469.9161806,
            "fid": 2,
            "diffmaglim": 20.308500289916992
        },
        {
            "jd": 2459469.9922569,
            "fid": 1,
            "diffmaglim": 20.381500244140625
        },
        {
            "jd": 2459470.9685764,
            "fid": 2,
            "diffmaglim": 20.453699111938477
        },
        {
            "jd": 2459470.9909491,
            "fid": 1,
            "diffmaglim": 20.563400268554688
        },
        {
            "jd": 2459472.9272801,
            "fid": 1,
            "diffmaglim": 20.0093994140625
        },
        {
            "jd": 2459472.9561921,
            "fid": 1,
            "diffmaglim": 20.278099060058594
        },
        {
            "jd": 2459472.9905787,
            "fid": 2,
            "diffmaglim": 20.368200302124023
        },
        {
            "jd": 2459472.9915394,
            "fid": 2,
            "diffmaglim": 20.33650016784668
        },
        {
            "jd": 2459474.8947801,
            "fid": 1,
            "diffmaglim": 19.530799865722656
        },
        {
            "jd": 2459474.9533796,
            "fid": 1,
            "diffmaglim": 20.635000228881836
        },
        {
            "jd": 2459477.8684375,
            "fid": 1,
            "diffmaglim": 19.10460090637207
        },
        {
            "jd": 2459477.9288426,
            "fid": 2,
            "diffmaglim": 19.73259925842285
        },
        {
            "jd": 2459477.9297917,
            "fid": 2,
            "diffmaglim": 19.613800048828125
        },
        {
            "jd": 2459477.9728819,
            "fid": 1,
            "diffmaglim": 19.544099807739258
        },
        {
            "jd": 2459479.9352199,
            "fid": 2,
            "diffmaglim": 19.62779998779297
        },
        {
            "jd": 2459479.9376042,
            "fid": 2,
            "diffmaglim": 19.713300704956055
        },
        {
            "jd": 2459479.9675694,
            "fid": 1,
            "diffmaglim": 19.340700149536133
        },
        {
            "jd": 2459479.9689931,
            "fid": 1,
            "diffmaglim": 19.556499481201172
        },
        {
            "jd": 2459483.9947685,
            "fid": 2,
            "diffmaglim": 19.587600708007812
        },
        {
            "jd": 2459483.9986227,
            "fid": 2,
            "diffmaglim": 19.58810043334961
        },
        {
            "jd": 2459487.8659259,
            "fid": 2,
            "diffmaglim": 19.74880027770996
        },
        {
            "jd": 2459487.8892361,
            "fid": 2,
            "diffmaglim": 19.76409912109375
        },
        {
            "jd": 2459487.9287847,
            "fid": 1,
            "diffmaglim": 19.606599807739258
        },
        {
            "jd": 2459487.9402778,
            "fid": 1,
            "diffmaglim": 20.103900909423828
        },
        {
            "jd": 2459489.8956481,
            "fid": 1,
            "diffmaglim": 20.25160026550293
        },
        {
            "jd": 2459489.9325,
            "fid": 2,
            "diffmaglim": 20.149799346923828
        },
        {
            "jd": 2459489.9683333,
            "fid": 2,
            "diffmaglim": 20.213699340820312
        },
        {
            "jd": 2459496.8710301,
            "fid": 1,
            "diffmaglim": 20.052200317382812
        },
        {
            "jd": 2459496.8724537,
            "fid": 1,
            "diffmaglim": 20.412900924682617
        },
        {
            "jd": 2459496.9365509,
            "fid": 2,
            "diffmaglim": 20.29949951171875
        },
        {
            "jd": 2459496.9375231,
            "fid": 2,
            "diffmaglim": 20.25749969482422
        },
        {
            "jd": 2459498.9587847,
            "fid": 1,
            "diffmaglim": 20.53380012512207
        },
        {
            "jd": 2459527.8303935,
            "fid": 1,
            "diffmaglim": 17.035400390625
        },
        {
            "jd": 2459527.8651042,
            "fid": 2,
            "diffmaglim": 16.731399536132812
        },
        {
            "jd": 2459532.8079167,
            "fid": 1,
            "diffmaglim": 19.584199905395508
        },
        {
            "jd": 2459536.9331134,
            "fid": 1,
            "diffmaglim": 19.35409927368164
        },
        {
            "jd": 2459537.9207407,
            "fid": 1,
            "diffmaglim": 19.82670021057129
        },
        {
            "jd": 2459538.8466898,
            "fid": 1,
            "diffmaglim": 18.80389976501465
        },
        {
            "jd": 2459540.8498495,
            "fid": 2,
            "diffmaglim": 19.202499389648438
        },
        {
            "jd": 2459540.9061574,
            "fid": 1,
            "diffmaglim": 19.345500946044922
        }
    ],
    "forcedphot": []
}