{
    "objectId": "ZTF23aaomomk",
    "candidates": [
        {
            "candid": 2358460901915015003,
            "jd": 2460112.9609028,
            "ra": 36.5827875,
            "dec": 46.2516847,
            "fid": 2,
            "nid": 2358,
            "magpsf": 19.031700134277344,
            "sigmapsf": 0.12317600101232529,
            "magnr": 18.1560001373291,
            "sigmagnr": 0.10599999874830246,
            "magzpsci": 26.058700561523438,
            "isdiffpos": "t",
            "ssdistnr": null,
            "ssnamenr": null,
            "drb": 0.9999992847442627
        },
        {
            "candid": 2358462871915015002,
            "jd": 2460112.9628704,
            "ra": 36.5827975,
            "dec": 46.251688,
            "fid": 2,
            "nid": 2358,
            "magpsf": 19.238000869750977,
            "sigmapsf": 0.1531289964914322,
            "magnr": 18.1560001373291,
            "sigmagnr": 0.10599999874830246,
            "magzpsci": 26.065000534057617,
            "isdiffpos": "t",
            "ssdistnr": null,
            "ssnamenr": null,
            "drb": null
        },
        {
            "candid": 2358464831915015004,
            "jd": 2460112.964838,
            "ra": 36.5828187,
            "dec": 46.2517505,
            "fid": 2,
            "nid": 2358,
            "magpsf": 19.20599937438965,
            "sigmapsf": 0.11043299734592438,
            "magnr": 18.1560001373291,
            "sigmagnr": 0.10599999874830246,
            "magzpsci": 26.06999969482422,
            "isdiffpos": "t",
            "ssdistnr": null,
            "ssnamenr": null,
            "drb": null
        },
        {
            "candid": 2358466791915015003,
            "jd": 2460112.966794,
            "ra": 36.5828153,
            "dec": 46.251748,
            "fid": 2,
            "nid": 2358,
            "magpsf": 19.208799362182617,
            "sigmapsf": 0.13790200650691986,
            "magnr": 18.1560001373291,
            "sigmagnr": 0.10599999874830246,
            "magzpsci": 26.08679962158203,
            "isdiffpos": "t",
            "ssdistnr": null,
            "ssnamenr": null,
            "drb": null
        },
        {
            "candid": 2359462111915015005,
            "jd": 2460113.9621181,
            "ra": 36.5828075,
            "dec": 46.2517133,
            "fid": 2,
            "nid": 2359,
            "magpsf": 19.049100875854492,
            "sigmapsf": 0.12888599932193756,
            "magnr": 18.1560001373291,
            "sigmagnr": 0.10599999874830246,
            "magzpsci": 26.180099487304688,
            "isdiffpos": "t",
            "ssdistnr": null,
            "ssnamenr": null,
            "drb": null
        },
        {
            "candid": 2359464081915015004,
            "jd": 2460113.9640856,
            "ra": 36.5828065,
            "dec": 46.2517302,
            "fid": 2,
            "nid": 2359,
            "magpsf": 19.040300369262695,
            "sigmapsf": 0.09496700018644333,
            "magnr": 18.1560001373291,
            "sigmagnr": 0.10599999874830246,
            "magzpsci": 26.17930030822754,
            "isdiffpos": "t",
            "ssdistnr": null,
            "ssnamenr": null,
            "drb": null
        },
        {
            "candid": 2359466051915015004,
            "jd": 2460113.9660532,
            "ra": 36.5828519,
            "dec": 46.2516901,
            "fid": 2,
            "nid": 2359,
            "magpsf": 19.15679931640625,
            "sigmapsf": 0.13636599481105804,
            "magnr": 18.1560001373291,
            "sigmagnr": 0.10599999874830246,
            "magzpsci": 26.188800811767578,
            "isdiffpos": "t",
            "ssdistnr": null,
            "ssnamenr": null,
            "drb": null
        },
        {
            "candid": 2359468021915015002,
            "jd": 2460113.9680208,
            "ra": 36.5828246,
            "dec": 46.2517141,
            "fid": 2,
            "nid": 2359,
            "magpsf": 19.072599411010742,
            "sigmapsf": 0.09882199764251709,
            "magnr": 18.1560001373291,
            "sigmagnr": 0.10599999874830246,
            "magzpsci": 26.18560028076172,
            "isdiffpos": "t",
            "ssdistnr": null,
            "ssnamenr": null,
            "drb": null
        },
        {
            "candid": 2359469981915015007,
            "jd": 2460113.9699884,
            "ra": 36.5827939,
            "dec": 46.2517089,
            "fid": 2,
            "nid": 2359,
            "magpsf": 19.073699951171875,
            "sigmapsf": 0.09660299867391586,
            "magnr": 18.1560001373291,
            "sigmagnr": 0.10599999874830246,
            "magzpsci": 26.185800552368164,
            "isdiffpos": "t",
            "ssdistnr": null,
            "ssnamenr": null,
            "drb": null
        },
        {
            "candid": 2360459781915015010,
            "jd": 2460114.9597801,
            "ra": 36.5827763,
            "dec": 46.2517615,
            "fid": 2,
            "nid": 2360,
            "magpsf": 19.11280059814453,
            "sigmapsf": 0.10035400092601776,
            "magnr": 18.1560001373291,
            "sigmagnr": 0.10599999874830246,
            "magzpsci": 26.205799102783203,
            "isdiffpos": "t",
            "ssdistnr": null,
            "ssnamenr": null,
            "drb": null
        },
        {
            "candid": 2360465921915015010,
            "jd": 2460114.9659259,
            "ra": 36.5827901,
            "dec": 46.2515877,
            "fid": 2,
            "nid": 2360,
            "magpsf": 19.167400360107422,
            "sigmapsf": 0.15183399617671967,
            "magnr": 18.1560001373291,
            "sigmagnr": 0.10599999874830246,
            "magzpsci": 26.218399047851562,
            "isdiffpos": "t",
            "ssdistnr": null,
            "ssnamenr": null,
            "drb": null
        },
        {
            "candid": 2360467991915015007,
            "jd": 2460114.9679977,
            "ra": 36.582763,
            "dec": 46.2516954,
            "fid": 2,
            "nid": 2360,
            "magpsf": 19.068199157714844,
            "sigmapsf": 0.12155400216579437,
            "magnr": 18.1560001373291,
            "sigmagnr": 0.10599999874830246,
            "magzpsci": 26.209199905395508,
            "isdiffpos": "t",
            "ssdistnr": null,
            "ssnamenr": null,
            "drb": null
        },
        {
            "candid": 2360470061915015009,
            "jd": 2460114.9700694,
            "ra": 36.5827086,
            "dec": 46.2516431,
            "fid": 2,
            "nid": 2360,
            "magpsf": 19.100400924682617,
            "sigmapsf": 0.14551599323749542,
            "magnr": 18.1560001373291,
            "sigmagnr": 0.10599999874830246,
            "magzpsci": 26.218399047851562,
            "isdiffpos": "t",
            "ssdistnr": null,
            "ssnamenr": null,
            "drb": null
        },
        {
            "candid": 2360472141915015005,
            "jd": 2460114.9721412,
            "ra": 36.5827723,
            "dec": 46.2516563,
            "fid": 2,
            "nid": 2360,
            "magpsf": 19.04560089111328,
            "sigmapsf": 0.10980100184679031,
            "magnr": 18.1560001373291,
            "sigmagnr": 0.10599999874830246,
            "magzpsci": 26.220600128173828,
            "isdiffpos": "t",
            "ssdistnr": null,
            "ssnamenr": null,
            "drb": null
        },
        {
            "candid": 2362460961915015003,
            "jd": 2460116.9609606,
            "ra": 36.582778,
            "dec": 46.2517075,
            "fid": 2,
            "nid": 2362,
            "magpsf": 19.212400436401367,
            "sigmapsf": 0.1378280073404312,
            "magnr": 18.1560001373291,
            "sigmagnr": 0.10599999874830246,
            "magzpsci": 26.1653995513916,
            "isdiffpos": "t",
            "ssdistnr": null,
            "ssnamenr": null,
            "drb": null
        },
        {
            "candid": 2362466871915015010,
            "jd": 2460116.966875,
            "ra": 36.5827638,
            "dec": 46.2517158,
            "fid": 2,
            "nid": 2362,
            "magpsf": 19.175399780273438,
            "sigmapsf": 0.09916500002145767,
            "magnr": 18.1560001373291,
            "sigmagnr": 0.10599999874830246,
            "magzpsci": 26.17340087890625,
            "isdiffpos": "t",
            "ssdistnr": null,
            "ssnamenr": null,
            "drb": null
        },
        {
            "candid": 2363462511915015004,
            "jd": 2460117.9625116,
            "ra": 36.5827317,
            "dec": 46.2517065,
            "fid": 2,
            "nid": 2363,
            "magpsf": 19.17060089111328,
            "sigmapsf": 0.12623900175094604,
            "magnr": 18.1560001373291,
            "sigmagnr": 0.10599999874830246,
            "magzpsci": 26.206600189208984,
            "isdiffpos": "t",
            "ssdistnr": null,
            "ssnamenr": null,
            "drb": null
        },
        {
            "candid": 2363464471915015006,
            "jd": 2460117.9644792,
            "ra": 36.5826684,
            "dec": 46.2517682,
            "fid": 2,
            "nid": 2363,
            "magpsf": 19.22719955444336,
            "sigmapsf": 0.12402799725532532,
            "magnr": 18.1560001373291,
            "sigmagnr": 0.10599999874830246,
            "magzpsci": 26.213199615478516,
            "isdiffpos": "t",
            "ssdistnr": null,
            "ssnamenr": null,
            "drb": null
        },
        {
            "candid": 2363466451915015005,
            "jd": 2460117.9664583,
            "ra": 36.5829014,
            "dec": 46.2516652,
            "fid": 2,
            "nid": 2363,
            "magpsf": 19.282100677490234,
            "sigmapsf": 0.14869999885559082,
            "magnr": 18.1560001373291,
            "sigmagnr": 0.10599999874830246,
            "magzpsci": 26.219100952148438,
            "isdiffpos": "t",
            "ssdistnr": null,
            "ssnamenr": null,
            "drb": null
        },
        {
            "candid": 2363468431915015003,
            "jd": 2460117.9684375,
            "ra": 36.5827578,
            "dec": 46.251713,
            "fid": 2,
            "nid": 2363,
            "magpsf": 19.077999114990234,
            "sigmapsf": 0.11633999645709991,
            "magnr": 18.1560001373291,
            "sigmagnr": 0.10599999874830246,
            "magzpsci": 26.22100067138672,
            "isdiffpos": "t",
            "ssdistnr": null,
            "ssnamenr": null,
            "drb": null
        },
        {
            "candid": 2363470401915015004,
            "jd": 2460117.9704051,
            "ra": 36.5827744,
            "dec": 46.2516864,
            "fid": 2,
            "nid": 2363,
            "magpsf": 19.235599517822266,
            "sigmapsf": 0.11024300009012222,
            "magnr": 18.1560001373291,
            "sigmagnr": 0.10599999874830246,
            "magzpsci": 26.21470069885254,
            "isdiffpos": "t",
            "ssdistnr": null,
            "ssnamenr": null,
            "drb": null
        },
        {
            "candid": 2364460871915015004,
            "jd": 2460118.9608796,
            "ra": 36.5827783,
            "dec": 46.2516924,
            "fid": 2,
            "nid": 2364,
            "magpsf": 19.01289939880371,
            "sigmapsf": 0.11867000162601471,
            "magnr": 18.1560001373291,
            "sigmagnr": 0.10599999874830246,
            "magzpsci": 26.17889976501465,
            "isdiffpos": "t",
            "ssdistnr": null,
            "ssnamenr": null,
            "drb": null
        },
        {
            "candid": 2364462851915015001,
            "jd": 2460118.9628588,
            "ra": 36.5828353,
            "dec": 46.2517433,
            "fid": 2,
            "nid": 2364,
            "magpsf": 19.06089973449707,
            "sigmapsf": 0.14092899858951569,
            "magnr": 18.1560001373291,
            "sigmagnr": 0.10599999874830246,
            "magzpsci": 26.181900024414062,
            "isdiffpos": "t",
            "ssdistnr": null,
            "ssnamenr": null,
            "drb": null
        },
        {
            "candid": 2364464831915015006,
            "jd": 2460118.964838,
            "ra": 36.5828227,
            "dec": 46.2516825,
            "fid": 2,
            "nid": 2364,
            "magpsf": 19.170799255371094,
            "sigmapsf": 0.1005840003490448,
            "magnr": 18.1560001373291,
            "sigmagnr": 0.10599999874830246,
            "magzpsci": 26.176799774169922,
            "isdiffpos": "t",
            "ssdistnr": null,
            "ssnamenr": null,
            "drb": null
        },
        {
            "candid": 2364466801915015007,
            "jd": 2460118.9668056,
            "ra": 36.582831,
            "dec": 46.2516309,
            "fid": 2,
            "nid": 2364,
            "magpsf": 19.208999633789062,
            "sigmapsf": 0.12826800346374512,
            "magnr": 18.1560001373291,
            "sigmagnr": 0.10599999874830246,
            "magzpsci": 26.176000595092773,
            "isdiffpos": "t",
            "ssdistnr": null,
            "ssnamenr": null,
            "drb": null
        },
        {
            "candid": 2364468781915015009,
            "jd": 2460118.9687847,
            "ra": 36.5828009,
            "dec": 46.2516764,
            "fid": 2,
            "nid": 2364,
            "magpsf": 19.097440719604492,
            "sigmapsf": 0.12598243355751038,
            "magnr": 18.1560001373291,
            "sigmagnr": 0.10599999874830246,
            "magzpsci": 26.17844009399414,
            "isdiffpos": "t",
            "ssdistnr": -999.0,
            "ssnamenr": "null",
            "drb": null
        },
        {
            "jd": 2460097.9740278,
            "fid": 2,
            "diffmaglim": 19.521299362182617
        },
        {
            "jd": 2460097.9764583,
            "fid": 2,
            "diffmaglim": 19.482500076293945
        },
        {
            "jd": 2460097.9788889,
            "fid": 2,
            "diffmaglim": 19.338300704956055
        },
        {
            "jd": 2460097.9813079,
            "fid": 2,
            "diffmaglim": 19.19070053100586
        },
        {
            "jd": 2460098.9721875,
            "fid": 2,
            "diffmaglim": 18.945499420166016
        },
        {
            "jd": 2460098.9746181,
            "fid": 2,
            "diffmaglim": 18.856700897216797
        },
        {
            "jd": 2460098.977037,
            "fid": 2,
            "diffmaglim": 19.007999420166016
        },
        {
            "jd": 2460098.9794676,
            "fid": 2,
            "diffmaglim": 18.950700759887695
        },
        {
            "jd": 2460098.9818866,
            "fid": 2,
            "diffmaglim": 18.817399978637695
        },
        {
            "jd": 2460099.9721991,
            "fid": 2,
            "diffmaglim": 18.760499954223633
        },
        {
            "jd": 2460099.9745718,
            "fid": 2,
            "diffmaglim": 18.73819923400879
        },
        {
            "jd": 2460099.9769444,
            "fid": 2,
            "diffmaglim": 18.73069953918457
        },
        {
            "jd": 2460099.9793171,
            "fid": 2,
            "diffmaglim": 18.649599075317383
        },
        {
            "jd": 2460099.9816782,
            "fid": 2,
            "diffmaglim": 18.605600357055664
        },
        {
            "jd": 2460100.9709722,
            "fid": 2,
            "diffmaglim": 19.146699905395508
        },
        {
            "jd": 2460100.9733449,
            "fid": 2,
            "diffmaglim": 19.15730094909668
        },
        {
            "jd": 2460100.9757176,
            "fid": 2,
            "diffmaglim": 19.11280059814453
        },
        {
            "jd": 2460100.9780787,
            "fid": 2,
            "diffmaglim": 19.046199798583984
        },
        {
            "jd": 2460100.9804398,
            "fid": 2,
            "diffmaglim": 18.965200424194336
        },
        {
            "jd": 2460101.9710764,
            "fid": 2,
            "diffmaglim": 18.740699768066406
        },
        {
            "jd": 2460101.9734375,
            "fid": 2,
            "diffmaglim": 18.82080078125
        },
        {
            "jd": 2460101.9758102,
            "fid": 2,
            "diffmaglim": 18.79840087890625
        },
        {
            "jd": 2460101.9781829,
            "fid": 2,
            "diffmaglim": 18.670000076293945
        },
        {
            "jd": 2460101.9805556,
            "fid": 2,
            "diffmaglim": 18.580900192260742
        },
        {
            "jd": 2460103.9707523,
            "fid": 2,
            "diffmaglim": 18.635400772094727
        },
        {
            "jd": 2460103.9731019,
            "fid": 2,
            "diffmaglim": 18.72209930419922
        },
        {
            "jd": 2460103.975463,
            "fid": 2,
            "diffmaglim": 18.557300567626953
        },
        {
            "jd": 2460103.9778241,
            "fid": 2,
            "diffmaglim": 18.459699630737305
        },
        {
            "jd": 2460103.9801736,
            "fid": 2,
            "diffmaglim": 18.30190086364746
        },
        {
            "jd": 2460112.9687731,
            "fid": 2,
            "diffmaglim": 19.989599227905273
        },
        {
            "jd": 2460116.9629282,
            "fid": 2,
            "diffmaglim": 19.884300231933594
        },
        {
            "jd": 2460116.9648958,
            "fid": 2,
            "diffmaglim": 19.86709976196289
        },
        {
            "jd": 2460116.9688542,
            "fid": 2,
            "diffmaglim": 19.80270004272461
        }
    ],
    "forcedphot": []
}