{
    "objectId": "ZTF22abkabeh",
    "candidates": [
        {
            "candid": 2099451896215015021,
            "jd": 2459853.9518981,
            "ra": 119.612534,
            "dec": 57.0614483,
            "fid": 2,
            "nid": 2099,
            "magpsf": 20.22100067138672,
            "sigmapsf": 0.17512600123882294,
            "magnr": 19.70199966430664,
            "sigmagnr": 0.09799999743700027,
            "magzpsci": 26.132999420166016,
            "isdiffpos": "t",
            "ssdistnr": null,
            "ssnamenr": null,
            "drb": null
        },
        {
            "candid": 2099489036215015027,
            "jd": 2459853.9890394,
            "ra": 119.6126055,
            "dec": 57.061414,
            "fid": 1,
            "nid": 2099,
            "magpsf": 21.036500930786133,
            "sigmapsf": 0.3000270128250122,
            "magnr": 19.37299919128418,
            "sigmagnr": 0.11100000143051147,
            "magzpsci": 26.226499557495117,
            "isdiffpos": "t",
            "ssdistnr": null,
            "ssnamenr": null,
            "drb": null
        },
        {
            "candid": 2103472155015015020,
            "jd": 2459857.9721528,
            "ra": 119.6126613,
            "dec": 57.0613622,
            "fid": 1,
            "nid": 2103,
            "magpsf": 20.258100509643555,
            "sigmapsf": 0.22189900279045105,
            "magnr": 20.899999618530273,
            "sigmagnr": 0.1289999932050705,
            "magzpsci": 26.29210090637207,
            "isdiffpos": "t",
            "ssdistnr": null,
            "ssnamenr": null,
            "drb": null
        },
        {
            "candid": 2103491005015015018,
            "jd": 2459857.9910069,
            "ra": 119.6126826,
            "dec": 57.0614547,
            "fid": 2,
            "nid": 2103,
            "magpsf": 19.425199508666992,
            "sigmapsf": 0.12758000195026398,
            "magnr": 20.32699966430664,
            "sigmagnr": 0.11900000274181366,
            "magzpsci": 26.26020050048828,
            "isdiffpos": "t",
            "ssdistnr": null,
            "ssnamenr": null,
            "drb": null
        },
        {
            "candid": 2104474786215015025,
            "jd": 2459858.9747801,
            "ra": 119.6126932,
            "dec": 57.0614318,
            "fid": 1,
            "nid": 2104,
            "magpsf": 20.22439956665039,
            "sigmapsf": 0.18409700691699982,
            "magnr": 19.37299919128418,
            "sigmagnr": 0.11100000143051147,
            "magzpsci": 26.192399978637695,
            "isdiffpos": "t",
            "ssdistnr": null,
            "ssnamenr": null,
            "drb": null
        },
        {
            "candid": 2104505096215015011,
            "jd": 2459859.0050926,
            "ra": 119.6126299,
            "dec": 57.0614392,
            "fid": 2,
            "nid": 2104,
            "magpsf": 19.33049964904785,
            "sigmapsf": 0.09011399745941162,
            "magnr": 19.70199966430664,
            "sigmagnr": 0.09799999743700027,
            "magzpsci": 26.138500213623047,
            "isdiffpos": "t",
            "ssdistnr": null,
            "ssnamenr": null,
            "drb": null
        },
        {
            "candid": 2105475205015015015,
            "jd": 2459859.9752083,
            "ra": 119.6126526,
            "dec": 57.0614341,
            "fid": 1,
            "nid": 2105,
            "magpsf": 20.041400909423828,
            "sigmapsf": 0.21519599854946136,
            "magnr": 20.899999618530273,
            "sigmagnr": 0.1289999932050705,
            "magzpsci": 26.29840087890625,
            "isdiffpos": "t",
            "ssdistnr": null,
            "ssnamenr": null,
            "drb": null
        },
        {
            "candid": 2105488905015015011,
            "jd": 2459859.9889005,
            "ra": 119.6126707,
            "dec": 57.0614624,
            "fid": 2,
            "nid": 2105,
            "magpsf": 19.185699462890625,
            "sigmapsf": 0.09824100136756897,
            "magnr": 20.32699966430664,
            "sigmagnr": 0.11900000274181366,
            "magzpsci": 26.242700576782227,
            "isdiffpos": "t",
            "ssdistnr": null,
            "ssnamenr": null,
            "drb": null
        },
        {
            "candid": 2106452496215015011,
            "jd": 2459860.9525,
            "ra": 119.6125597,
            "dec": 57.0614437,
            "fid": 2,
            "nid": 2106,
            "magpsf": 19.219499588012695,
            "sigmapsf": 0.13143500685691833,
            "magnr": 19.70199966430664,
            "sigmagnr": 0.09799999743700027,
            "magzpsci": 26.122499465942383,
            "isdiffpos": "t",
            "ssdistnr": null,
            "ssnamenr": null,
            "drb": null
        },
        {
            "candid": 2106506166215015007,
            "jd": 2459861.006169,
            "ra": 119.6126006,
            "dec": 57.0614438,
            "fid": 1,
            "nid": 2106,
            "magpsf": 20.006399154663086,
            "sigmapsf": 0.19550499320030212,
            "magnr": 19.37299919128418,
            "sigmagnr": 0.11100000143051147,
            "magzpsci": 26.21940040588379,
            "isdiffpos": "t",
            "ssdistnr": null,
            "ssnamenr": null,
            "drb": null
        },
        {
            "candid": 2107472185015015004,
            "jd": 2459861.9721875,
            "ra": 119.6127504,
            "dec": 57.0614972,
            "fid": 1,
            "nid": 2107,
            "magpsf": 19.86549949645996,
            "sigmapsf": 0.34303000569343567,
            "magnr": 20.781999588012695,
            "sigmagnr": 0.07699999958276749,
            "magzpsci": 26.29050064086914,
            "isdiffpos": "t",
            "ssdistnr": null,
            "ssnamenr": null,
            "drb": null
        },
        {
            "candid": 2107498685015015004,
            "jd": 2459861.9986806,
            "ra": 119.6125914,
            "dec": 57.0614573,
            "fid": 2,
            "nid": 2107,
            "magpsf": 18.936399459838867,
            "sigmapsf": 0.1332309991121292,
            "magnr": 20.32699966430664,
            "sigmagnr": 0.11900000274181366,
            "magzpsci": 26.265399932861328,
            "isdiffpos": "t",
            "ssdistnr": null,
            "ssnamenr": null,
            "drb": null
        },
        {
            "candid": 2109413806215015008,
            "jd": 2459863.9138079,
            "ra": 119.6127412,
            "dec": 57.0613803,
            "fid": 1,
            "nid": 2109,
            "magpsf": 19.355899810791016,
            "sigmapsf": 0.21566200256347656,
            "magnr": 19.37299919128418,
            "sigmagnr": 0.11100000143051147,
            "magzpsci": 26.11590003967285,
            "isdiffpos": "t",
            "ssdistnr": null,
            "ssnamenr": null,
            "drb": null
        },
        {
            "candid": 2110363325015015007,
            "jd": 2459864.8633218,
            "ra": 119.6126154,
            "dec": 57.0614354,
            "fid": 2,
            "nid": 2110,
            "magpsf": 18.615100860595703,
            "sigmapsf": 0.1024710014462471,
            "magnr": 20.32699966430664,
            "sigmagnr": 0.11900000274181366,
            "magzpsci": 26.16010093688965,
            "isdiffpos": "t",
            "ssdistnr": null,
            "ssnamenr": null,
            "drb": null
        },
        {
            "candid": 2110470205015015005,
            "jd": 2459864.9702083,
            "ra": 119.6125439,
            "dec": 57.0614148,
            "fid": 1,
            "nid": 2110,
            "magpsf": 19.516000747680664,
            "sigmapsf": 0.23358699679374695,
            "magnr": 20.899999618530273,
            "sigmagnr": 0.1289999932050705,
            "magzpsci": 26.30900001525879,
            "isdiffpos": "t",
            "ssdistnr": null,
            "ssnamenr": null,
            "drb": null
        },
        {
            "candid": 2111472566215015001,
            "jd": 2459865.9725694,
            "ra": 119.6126346,
            "dec": 57.0614519,
            "fid": 1,
            "nid": 2111,
            "magpsf": 19.662500381469727,
            "sigmapsf": 0.190420001745224,
            "magnr": 19.37299919128418,
            "sigmagnr": 0.11100000143051147,
            "magzpsci": 26.220399856567383,
            "isdiffpos": "t",
            "ssdistnr": null,
            "ssnamenr": null,
            "drb": null
        },
        {
            "candid": 2111490536215015011,
            "jd": 2459865.9905324,
            "ra": 119.6126153,
            "dec": 57.0614505,
            "fid": 2,
            "nid": 2111,
            "magpsf": 18.855199813842773,
            "sigmapsf": 0.1111999973654747,
            "magnr": 19.70199966430664,
            "sigmagnr": 0.09799999743700027,
            "magzpsci": 26.14419937133789,
            "isdiffpos": "t",
            "ssdistnr": null,
            "ssnamenr": null,
            "drb": null
        },
        {
            "candid": 2112472365015015009,
            "jd": 2459866.9723611,
            "ra": 119.6125687,
            "dec": 57.0613911,
            "fid": 1,
            "nid": 2112,
            "magpsf": 19.47330093383789,
            "sigmapsf": 0.1676270067691803,
            "magnr": 20.899999618530273,
            "sigmagnr": 0.1289999932050705,
            "magzpsci": 26.341299057006836,
            "isdiffpos": "t",
            "ssdistnr": null,
            "ssnamenr": null,
            "drb": null
        },
        {
            "candid": 2112490395015015007,
            "jd": 2459866.9903935,
            "ra": 119.6126364,
            "dec": 57.0614321,
            "fid": 2,
            "nid": 2112,
            "magpsf": 18.60810089111328,
            "sigmapsf": 0.09614700078964233,
            "magnr": 20.32699966430664,
            "sigmagnr": 0.11900000274181366,
            "magzpsci": 26.289100646972656,
            "isdiffpos": "t",
            "ssdistnr": null,
            "ssnamenr": null,
            "drb": null
        },
        {
            "candid": 2113406236215015015,
            "jd": 2459867.9062384,
            "ra": 119.6126734,
            "dec": 57.061454,
            "fid": 2,
            "nid": 2113,
            "magpsf": 18.655000686645508,
            "sigmapsf": 0.11783500015735626,
            "magnr": 19.70199966430664,
            "sigmagnr": 0.09799999743700027,
            "magzpsci": 26.016000747680664,
            "isdiffpos": "t",
            "ssdistnr": null,
            "ssnamenr": null,
            "drb": null
        },
        {
            "candid": 2113468216215015002,
            "jd": 2459867.9682176,
            "ra": 119.6126009,
            "dec": 57.0613465,
            "fid": 1,
            "nid": 2113,
            "magpsf": 19.54290008544922,
            "sigmapsf": 0.1942729949951172,
            "magnr": 19.37299919128418,
            "sigmagnr": 0.11100000143051147,
            "magzpsci": 26.15690040588379,
            "isdiffpos": "t",
            "ssdistnr": null,
            "ssnamenr": null,
            "drb": null
        },
        {
            "candid": 2115474035015015010,
            "jd": 2459869.9740394,
            "ra": 119.612633,
            "dec": 57.0613868,
            "fid": 1,
            "nid": 2115,
            "magpsf": 19.580900192260742,
            "sigmapsf": 0.18228299915790558,
            "magnr": 20.899999618530273,
            "sigmagnr": 0.1289999932050705,
            "magzpsci": 26.320899963378906,
            "isdiffpos": "t",
            "ssdistnr": null,
            "ssnamenr": null,
            "drb": null
        },
        {
            "candid": 2115510235015015009,
            "jd": 2459870.0102315,
            "ra": 119.6126307,
            "dec": 57.061458,
            "fid": 2,
            "nid": 2115,
            "magpsf": 18.582000732421875,
            "sigmapsf": 0.11590199917554855,
            "magnr": 20.32699966430664,
            "sigmagnr": 0.11900000274181366,
            "magzpsci": 26.268999099731445,
            "isdiffpos": "t",
            "ssdistnr": null,
            "ssnamenr": null,
            "drb": null
        },
        {
            "candid": 2117432926215015003,
            "jd": 2459871.9329282,
            "ra": 119.6126295,
            "dec": 57.0614104,
            "fid": 2,
            "nid": 2117,
            "magpsf": 18.60810089111328,
            "sigmapsf": 0.09202799946069717,
            "magnr": 19.70199966430664,
            "sigmagnr": 0.09799999743700027,
            "magzpsci": 26.13409996032715,
            "isdiffpos": "t",
            "ssdistnr": null,
            "ssnamenr": null,
            "drb": null
        },
        {
            "candid": 2117488436215015010,
            "jd": 2459871.9884375,
            "ra": 119.6126842,
            "dec": 57.0615241,
            "fid": 1,
            "nid": 2117,
            "magpsf": 19.663700103759766,
            "sigmapsf": 0.19583100080490112,
            "magnr": 19.37299919128418,
            "sigmagnr": 0.11100000143051147,
            "magzpsci": 26.224700927734375,
            "isdiffpos": "t",
            "ssdistnr": null,
            "ssnamenr": null,
            "drb": null
        },
        {
            "candid": 2118349805015015011,
            "jd": 2459872.8498032,
            "ra": 119.6127021,
            "dec": 57.0613673,
            "fid": 1,
            "nid": 2118,
            "magpsf": 19.662900924682617,
            "sigmapsf": 0.18943700194358826,
            "magnr": 20.899999618530273,
            "sigmagnr": 0.1289999932050705,
            "magzpsci": 26.199899673461914,
            "isdiffpos": "t",
            "ssdistnr": null,
            "ssnamenr": null,
            "drb": null
        },
        {
            "candid": 2118449915015015012,
            "jd": 2459872.949919,
            "ra": 119.6126358,
            "dec": 57.0614422,
            "fid": 2,
            "nid": 2118,
            "magpsf": 18.51460075378418,
            "sigmapsf": 0.05485200136899948,
            "magnr": 20.32699966430664,
            "sigmagnr": 0.11900000274181366,
            "magzpsci": 26.25160026550293,
            "isdiffpos": "t",
            "ssdistnr": null,
            "ssnamenr": null,
            "drb": null
        },
        {
            "candid": 2120469106215015026,
            "jd": 2459874.9691088,
            "ra": 119.6125593,
            "dec": 57.0614421,
            "fid": 1,
            "nid": 2120,
            "magpsf": 19.849599838256836,
            "sigmapsf": 0.15252600610256195,
            "magnr": 19.37299919128418,
            "sigmagnr": 0.11100000143051147,
            "magzpsci": 26.231599807739258,
            "isdiffpos": "t",
            "ssdistnr": null,
            "ssnamenr": null,
            "drb": null
        },
        {
            "candid": 2120490896215015016,
            "jd": 2459874.9908912,
            "ra": 119.6126117,
            "dec": 57.0614365,
            "fid": 2,
            "nid": 2120,
            "magpsf": 18.65489959716797,
            "sigmapsf": 0.09135200083255768,
            "magnr": 19.70199966430664,
            "sigmagnr": 0.09799999743700027,
            "magzpsci": 26.14889907836914,
            "isdiffpos": "t",
            "ssdistnr": null,
            "ssnamenr": null,
            "drb": null
        },
        {
            "candid": 2120508075015015016,
            "jd": 2459875.0080787,
            "ra": 119.6126803,
            "dec": 57.0614406,
            "fid": 2,
            "nid": 2120,
            "magpsf": 18.700000762939453,
            "sigmapsf": 0.08183000236749649,
            "magnr": 20.32699966430664,
            "sigmagnr": 0.11900000274181366,
            "magzpsci": 26.288000106811523,
            "isdiffpos": "t",
            "ssdistnr": null,
            "ssnamenr": null,
            "drb": null
        },
        {
            "candid": 2124428705015015007,
            "jd": 2459878.9287037,
            "ra": 119.612528,
            "dec": 57.0614637,
            "fid": 1,
            "nid": 2124,
            "magpsf": 20.131000518798828,
            "sigmapsf": 0.2629469931125641,
            "magnr": 20.899999618530273,
            "sigmagnr": 0.1289999932050705,
            "magzpsci": 26.35700035095215,
            "isdiffpos": "t",
            "ssdistnr": null,
            "ssnamenr": null,
            "drb": null
        },
        {
            "candid": 2124486365015015013,
            "jd": 2459878.9863657,
            "ra": 119.6126216,
            "dec": 57.061432,
            "fid": 2,
            "nid": 2124,
            "magpsf": 18.86989974975586,
            "sigmapsf": 0.08664000034332275,
            "magnr": 20.32699966430664,
            "sigmagnr": 0.11900000274181366,
            "magzpsci": 26.291900634765625,
            "isdiffpos": "t",
            "ssdistnr": null,
            "ssnamenr": null,
            "drb": null
        },
        {
            "candid": 2124504296215015011,
            "jd": 2459879.004294,
            "ra": 119.6126226,
            "dec": 57.0614312,
            "fid": 2,
            "nid": 2124,
            "magpsf": 18.9507999420166,
            "sigmapsf": 0.11427299678325653,
            "magnr": 19.70199966430664,
            "sigmagnr": 0.09799999743700027,
            "magzpsci": 26.168800354003906,
            "isdiffpos": "t",
            "ssdistnr": null,
            "ssnamenr": null,
            "drb": null
        },
        {
            "candid": 2126471446215015008,
            "jd": 2459880.9714468,
            "ra": 119.6125444,
            "dec": 57.061411,
            "fid": 2,
            "nid": 2126,
            "magpsf": 19.07939910888672,
            "sigmapsf": 0.10638800263404846,
            "magnr": 19.70199966430664,
            "sigmagnr": 0.09799999743700027,
            "magzpsci": 26.15239906311035,
            "isdiffpos": "t",
            "ssdistnr": null,
            "ssnamenr": null,
            "drb": null
        },
        {
            "candid": 2126496485015015017,
            "jd": 2459880.9964815,
            "ra": 119.6125871,
            "dec": 57.0614705,
            "fid": 2,
            "nid": 2126,
            "magpsf": 19.05270004272461,
            "sigmapsf": 0.0952799990773201,
            "magnr": 20.32699966430664,
            "sigmagnr": 0.11900000274181366,
            "magzpsci": 26.284700393676758,
            "isdiffpos": "t",
            "ssdistnr": null,
            "ssnamenr": null,
            "drb": null
        },
        {
            "candid": 2128490996215015010,
            "jd": 2459882.9909954,
            "ra": 119.6126323,
            "dec": 57.0613787,
            "fid": 2,
            "nid": 2128,
            "magpsf": 19.18939971923828,
            "sigmapsf": 0.16485899686813354,
            "magnr": 19.70199966430664,
            "sigmagnr": 0.09799999743700027,
            "magzpsci": 26.14240074157715,
            "isdiffpos": "t",
            "ssdistnr": null,
            "ssnamenr": null,
            "drb": null
        },
        {
            "candid": 2129441515015015016,
            "jd": 2459883.9415162,
            "ra": 119.6126825,
            "dec": 57.061439,
            "fid": 2,
            "nid": 2129,
            "magpsf": 19.202499389648438,
            "sigmapsf": 0.11411699652671814,
            "magnr": 20.32699966430664,
            "sigmagnr": 0.11900000274181366,
            "magzpsci": 26.282499313354492,
            "isdiffpos": "t",
            "ssdistnr": null,
            "ssnamenr": null,
            "drb": null
        },
        {
            "candid": 2139464015015015009,
            "jd": 2459893.9640162,
            "ra": 119.6123984,
            "dec": 57.0613456,
            "fid": 2,
            "nid": 2139,
            "magpsf": 19.714799880981445,
            "sigmapsf": 0.24281500279903412,
            "magnr": 20.32699966430664,
            "sigmagnr": 0.11900000274181366,
            "magzpsci": 26.301799774169922,
            "isdiffpos": "t",
            "ssdistnr": null,
            "ssnamenr": null,
            "drb": null
        },
        {
            "candid": 2141381565015015005,
            "jd": 2459895.8815625,
            "ra": 119.6125836,
            "dec": 57.0614781,
            "fid": 2,
            "nid": 2141,
            "magpsf": 19.826099395751953,
            "sigmapsf": 0.26089000701904297,
            "magnr": 20.32699966430664,
            "sigmagnr": 0.11900000274181366,
            "magzpsci": 26.278099060058594,
            "isdiffpos": "t",
            "ssdistnr": null,
            "ssnamenr": null,
            "drb": null
        },
        {
            "candid": 2143345646215015010,
            "jd": 2459897.8456481,
            "ra": 119.6125712,
            "dec": 57.0613961,
            "fid": 2,
            "nid": 2143,
            "magpsf": 19.715700149536133,
            "sigmapsf": 0.2695069909095764,
            "magnr": 19.70199966430664,
            "sigmagnr": 0.09799999743700027,
            "magzpsci": 26.114700317382812,
            "isdiffpos": "t",
            "ssdistnr": null,
            "ssnamenr": null,
            "drb": null
        },
        {
            "candid": 2149429945015015011,
            "jd": 2459903.9299421,
            "ra": 119.6125996,
            "dec": 57.0614826,
            "fid": 2,
            "nid": 2149,
            "magpsf": 20.01999855041504,
            "sigmapsf": 0.19688260555267334,
            "magnr": 20.32699966430664,
            "sigmagnr": 0.11900000274181366,
            "magzpsci": 26.301998138427734,
            "isdiffpos": "t",
            "ssdistnr": -999.0,
            "ssnamenr": "null",
            "drb": null
        },
        {
            "jd": 2459840.9741898,
            "fid": 1,
            "diffmaglim": 20.260700225830078
        },
        {
            "jd": 2459840.9913657,
            "fid": 1,
            "diffmaglim": 20.189899444580078
        },
        {
            "jd": 2459842.9687384,
            "fid": 1,
            "diffmaglim": 20.026500701904297
        },
        {
            "jd": 2459842.9889236,
            "fid": 2,
            "diffmaglim": 19.837099075317383
        },
        {
            "jd": 2459846.9715509,
            "fid": 2,
            "diffmaglim": 20.30769920349121
        },
        {
            "jd": 2459846.9927431,
            "fid": 1,
            "diffmaglim": 20.538799285888672
        },
        {
            "jd": 2459848.9525463,
            "fid": 1,
            "diffmaglim": 20.41069984436035
        },
        {
            "jd": 2459848.9928588,
            "fid": 2,
            "diffmaglim": 20.12849998474121
        },
        {
            "jd": 2459853.8879977,
            "fid": 2,
            "diffmaglim": 20.41939926147461
        },
        {
            "jd": 2459853.9646065,
            "fid": 1,
            "diffmaglim": 20.704299926757812
        },
        {
            "jd": 2459855.9706597,
            "fid": 1,
            "diffmaglim": 20.726600646972656
        },
        {
            "jd": 2459855.9734954,
            "fid": 1,
            "diffmaglim": 20.74049949645996
        },
        {
            "jd": 2459855.9983565,
            "fid": 2,
            "diffmaglim": 20.56529998779297
        },
        {
            "jd": 2459855.9997685,
            "fid": 2,
            "diffmaglim": 20.71500015258789
        },
        {
            "jd": 2459874.9455324,
            "fid": 1,
            "diffmaglim": 20.862300872802734
        },
        {
            "jd": 2459878.9291782,
            "fid": 1,
            "diffmaglim": 20.53969955444336
        },
        {
            "jd": 2459880.8922338,
            "fid": 1,
            "diffmaglim": 20.06399917602539
        },
        {
            "jd": 2459880.9254167,
            "fid": 1,
            "diffmaglim": 20.213899612426758
        },
        {
            "jd": 2459883.0160069,
            "fid": 1,
            "diffmaglim": 20.088699340820312
        },
        {
            "jd": 2459883.9829514,
            "fid": 1,
            "diffmaglim": 20.401100158691406
        },
        {
            "jd": 2459887.8672454,
            "fid": 1,
            "diffmaglim": 19.637300491333008
        },
        {
            "jd": 2459888.915544,
            "fid": 2,
            "diffmaglim": 17.66819953918457
        },
        {
            "jd": 2459888.949919,
            "fid": 1,
            "diffmaglim": 19.720199584960938
        },
        {
            "jd": 2459889.9937153,
            "fid": 1,
            "diffmaglim": 19.94860076904297
        },
        {
            "jd": 2459890.0062963,
            "fid": 2,
            "diffmaglim": 20.232799530029297
        },
        {
            "jd": 2459893.9310995,
            "fid": 1,
            "diffmaglim": 19.131900787353516
        },
        {
            "jd": 2459895.8208796,
            "fid": 1,
            "diffmaglim": 19.57379913330078
        },
        {
            "jd": 2459895.8689236,
            "fid": 1,
            "diffmaglim": 19.594200134277344
        },
        {
            "jd": 2459897.8446991,
            "fid": 2,
            "diffmaglim": 19.309200286865234
        },
        {
            "jd": 2459897.9680671,
            "fid": 1,
            "diffmaglim": 19.46969985961914
        },
        {
            "jd": 2459897.969537,
            "fid": 1,
            "diffmaglim": 19.494800567626953
        },
        {
            "jd": 2459899.9044907,
            "fid": 1,
            "diffmaglim": 19.170299530029297
        },
        {
            "jd": 2459899.9299653,
            "fid": 1,
            "diffmaglim": 19.263099670410156
        },
        {
            "jd": 2459899.9510301,
            "fid": 2,
            "diffmaglim": 19.041799545288086
        },
        {
            "jd": 2459899.9676157,
            "fid": 2,
            "diffmaglim": 19.08690071105957
        },
        {
            "jd": 2459901.9464236,
            "fid": 2,
            "diffmaglim": 20.351200103759766
        },
        {
            "jd": 2459901.9675116,
            "fid": 1,
            "diffmaglim": 20.566299438476562
        },
        {
            "jd": 2459901.9936227,
            "fid": 2,
            "diffmaglim": 20.313899993896484
        },
        {
            "jd": 2459903.8661574,
            "fid": 1,
            "diffmaglim": 20.33209991455078
        },
        {
            "jd": 2459903.8873958,
            "fid": 1,
            "diffmaglim": 20.19890022277832
        }
    ],
    "forcedphot": []
}