{
    "objectId": "ZTF22aazuotw",
    "candidates": [
        {
            "candid": 2041419760615015002,
            "jd": 2459795.9197685,
            "ra": 12.9125404,
            "dec": -13.2599647,
            "fid": 1,
            "nid": 2041,
            "magpsf": 19.141799926757812,
            "sigmapsf": 0.3126319944858551,
            "magnr": 19.611000061035156,
            "sigmagnr": 0.10000000149011612,
            "magzpsci": 24.703800201416016,
            "isdiffpos": "t",
            "ssdistnr": null,
            "ssnamenr": null,
            "drb": null
        },
        {
            "candid": 2041440530615015003,
            "jd": 2459795.9405324,
            "ra": 12.9125057,
            "dec": -13.2599614,
            "fid": 2,
            "nid": 2041,
            "magpsf": 19.204299926757812,
            "sigmapsf": 0.2723950147628784,
            "magnr": 17.052000045776367,
            "sigmagnr": 0.032999999821186066,
            "magzpsci": 24.937299728393555,
            "isdiffpos": "t",
            "ssdistnr": null,
            "ssnamenr": null,
            "drb": null
        },
        {
            "candid": 2047399100615015013,
            "jd": 2459801.8991088,
            "ra": 12.9124869,
            "dec": -13.2600074,
            "fid": 1,
            "nid": 2047,
            "magpsf": 19.083099365234375,
            "sigmapsf": 0.1620599925518036,
            "magnr": 19.611000061035156,
            "sigmagnr": 0.10000000149011612,
            "magzpsci": 26.24410057067871,
            "isdiffpos": "t",
            "ssdistnr": null,
            "ssnamenr": null,
            "drb": null
        },
        {
            "candid": 2049399690615015009,
            "jd": 2459803.8996991,
            "ra": 12.9124869,
            "dec": -13.2600415,
            "fid": 2,
            "nid": 2049,
            "magpsf": 18.70359992980957,
            "sigmapsf": 0.12263999879360199,
            "magnr": 17.052000045776367,
            "sigmagnr": 0.032999999821186066,
            "magzpsci": 26.20560073852539,
            "isdiffpos": "t",
            "ssdistnr": null,
            "ssnamenr": null,
            "drb": null
        },
        {
            "candid": 2054435530615015009,
            "jd": 2459808.9355324,
            "ra": 12.9124838,
            "dec": -13.2600066,
            "fid": 2,
            "nid": 2054,
            "magpsf": 18.645299911499023,
            "sigmapsf": 0.10526800155639648,
            "magnr": 17.052000045776367,
            "sigmagnr": 0.032999999821186066,
            "magzpsci": 26.167299270629883,
            "isdiffpos": "t",
            "ssdistnr": null,
            "ssnamenr": null,
            "drb": null
        },
        {
            "candid": 2056377020615015008,
            "jd": 2459810.8770255,
            "ra": 12.912517,
            "dec": -13.2599573,
            "fid": 1,
            "nid": 2056,
            "magpsf": 19.093599319458008,
            "sigmapsf": 0.1481820046901703,
            "magnr": 19.611000061035156,
            "sigmagnr": 0.10000000149011612,
            "magzpsci": 26.01759910583496,
            "isdiffpos": "t",
            "ssdistnr": null,
            "ssnamenr": null,
            "drb": null
        },
        {
            "candid": 2059419950615015012,
            "jd": 2459813.9199537,
            "ra": 12.9125102,
            "dec": -13.2599528,
            "fid": 2,
            "nid": 2059,
            "magpsf": 18.762800216674805,
            "sigmapsf": 0.08803699910640717,
            "magnr": 17.052000045776367,
            "sigmagnr": 0.032999999821186066,
            "magzpsci": 26.144800186157227,
            "isdiffpos": "t",
            "ssdistnr": null,
            "ssnamenr": null,
            "drb": null
        },
        {
            "candid": 2063406330615015010,
            "jd": 2459817.906331,
            "ra": 12.9124515,
            "dec": -13.2600383,
            "fid": 1,
            "nid": 2063,
            "magpsf": 19.65089988708496,
            "sigmapsf": 0.15978200733661652,
            "magnr": 19.611000061035156,
            "sigmagnr": 0.10000000149011612,
            "magzpsci": 26.17889976501465,
            "isdiffpos": "t",
            "ssdistnr": null,
            "ssnamenr": null,
            "drb": null
        },
        {
            "candid": 2065398200615015011,
            "jd": 2459819.898206,
            "ra": 12.9124267,
            "dec": -13.259988,
            "fid": 1,
            "nid": 2065,
            "magpsf": 19.910900115966797,
            "sigmapsf": 0.12931400537490845,
            "magnr": 19.611000061035156,
            "sigmagnr": 0.10000000149011612,
            "magzpsci": 26.3169002532959,
            "isdiffpos": "t",
            "ssdistnr": null,
            "ssnamenr": null,
            "drb": null
        },
        {
            "candid": 2068378500615015007,
            "jd": 2459822.8785069,
            "ra": 12.9124489,
            "dec": -13.2600149,
            "fid": 1,
            "nid": 2068,
            "magpsf": 20.31100082397461,
            "sigmapsf": 0.27032798528671265,
            "magnr": 19.611000061035156,
            "sigmagnr": 0.10000000149011612,
            "magzpsci": 26.26300048828125,
            "isdiffpos": "t",
            "ssdistnr": null,
            "ssnamenr": null,
            "drb": null
        },
        {
            "candid": 2072356480615015005,
            "jd": 2459826.8564815,
            "ra": 12.9124152,
            "dec": -13.2600423,
            "fid": 1,
            "nid": 2072,
            "magpsf": 20.11590003967285,
            "sigmapsf": 0.22294500470161438,
            "magnr": 19.611000061035156,
            "sigmagnr": 0.10000000149011612,
            "magzpsci": 26.205900192260742,
            "isdiffpos": "t",
            "ssdistnr": null,
            "ssnamenr": null,
            "drb": null
        },
        {
            "candid": 2075419390615015012,
            "jd": 2459829.9193981,
            "ra": 12.9125063,
            "dec": -13.2599772,
            "fid": 2,
            "nid": 2075,
            "magpsf": 19.328758239746094,
            "sigmapsf": 0.12643784284591675,
            "magnr": 17.052000045776367,
            "sigmagnr": 0.032999999821186066,
            "magzpsci": 26.19175910949707,
            "isdiffpos": "t",
            "ssdistnr": -999.0,
            "ssnamenr": "null",
            "drb": null
        },
        {
            "jd": 2459771.9588773,
            "fid": 1,
            "diffmaglim": 20.400100708007812
        },
        {
            "jd": 2459774.926713,
            "fid": 2,
            "diffmaglim": 19.091999053955078
        },
        {
            "jd": 2459776.9149306,
            "fid": 2,
            "diffmaglim": 19.225799560546875
        },
        {
            "jd": 2459776.9464815,
            "fid": 2,
            "diffmaglim": 19.497600555419922
        },
        {
            "jd": 2459780.9230903,
            "fid": 1,
            "diffmaglim": 18.842899322509766
        },
        {
            "jd": 2459780.9605671,
            "fid": 1,
            "diffmaglim": 19.263399124145508
        },
        {
            "jd": 2459783.9228588,
            "fid": 1,
            "diffmaglim": 20.319400787353516
        },
        {
            "jd": 2459783.9691898,
            "fid": 2,
            "diffmaglim": 19.869600296020508
        },
        {
            "jd": 2459786.9017361,
            "fid": 2,
            "diffmaglim": 20.40089988708496
        },
        {
            "jd": 2459788.9374306,
            "fid": 2,
            "diffmaglim": 20.368900299072266
        },
        {
            "jd": 2459790.9,
            "fid": 2,
            "diffmaglim": 16.6023006439209
        },
        {
            "jd": 2459798.9409722,
            "fid": 2,
            "diffmaglim": 20.35689926147461
        },
        {
            "jd": 2459803.9563542,
            "fid": 1,
            "diffmaglim": 19.138900756835938
        },
        {
            "jd": 2459810.9396644,
            "fid": 2,
            "diffmaglim": 20.088699340820312
        },
        {
            "jd": 2459815.9627315,
            "fid": 2,
            "diffmaglim": 20.47480010986328
        },
        {
            "jd": 2459817.8801852,
            "fid": 2,
            "diffmaglim": 20.350500106811523
        },
        {
            "jd": 2459822.973669,
            "fid": 2,
            "diffmaglim": 20.285999298095703
        },
        {
            "jd": 2459824.894213,
            "fid": 2,
            "diffmaglim": 20.51490020751953
        },
        {
            "jd": 2459829.897662,
            "fid": 1,
            "diffmaglim": 19.955699920654297
        }
    ],
    "forcedphot": []
}