{
    "objectId": "ZTF20abaszgh",
    "candidates": [
        {
            "candid": 1237179572615015010,
            "jd": 2458991.6795718,
            "ra": 164.866446,
            "dec": 46.1245773,
            "fid": 1,
            "nid": 1237,
            "magpsf": 18.799800872802734,
            "sigmapsf": 0.07509200274944305,
            "magnr": 19.040000915527344,
            "sigmagnr": 0.10899999737739563,
            "magzpsci": 26.291799545288086,
            "isdiffpos": "t",
            "ssdistnr": -999.0,
            "ssnamenr": "null",
            "drb": 1.0
        },
        {
            "candid": 1237206712615015010,
            "jd": 2458991.706713,
            "ra": 164.8664684,
            "dec": 46.1245709,
            "fid": 2,
            "nid": 1237,
            "magpsf": 18.90239906311035,
            "sigmapsf": 0.08810900151729584,
            "magnr": 18.510000228881836,
            "sigmagnr": 0.13500000536441803,
            "magzpsci": 26.281400680541992,
            "isdiffpos": "t",
            "ssdistnr": -999.0,
            "ssnamenr": "null",
            "drb": 0.9999989867210388
        },
        {
            "candid": 1240196532615015007,
            "jd": 2458994.6965394,
            "ra": 164.8664577,
            "dec": 46.1245706,
            "fid": 2,
            "nid": 1240,
            "magpsf": 18.56399917602539,
            "sigmapsf": 0.06573300063610077,
            "magnr": 18.510000228881836,
            "sigmagnr": 0.13500000536441803,
            "magzpsci": 26.292999267578125,
            "isdiffpos": "t",
            "ssdistnr": -999.0,
            "ssnamenr": "null",
            "drb": 0.9999880194664001
        },
        {
            "candid": 1240236302615015012,
            "jd": 2458994.7363079,
            "ra": 164.8664453,
            "dec": 46.1245627,
            "fid": 1,
            "nid": 1240,
            "magpsf": 18.443500518798828,
            "sigmapsf": 0.06437399983406067,
            "magnr": 19.040000915527344,
            "sigmagnr": 0.10899999737739563,
            "magzpsci": 26.26449966430664,
            "isdiffpos": "t",
            "ssdistnr": -999.0,
            "ssnamenr": "null",
            "drb": 0.9999949932098389
        },
        {
            "candid": 1243182092615015006,
            "jd": 2458997.6820949,
            "ra": 164.8664481,
            "dec": 46.1245637,
            "fid": 1,
            "nid": 1243,
            "magpsf": 18.36750030517578,
            "sigmapsf": 0.06339599937200546,
            "magnr": 19.040000915527344,
            "sigmagnr": 0.10899999737739563,
            "magzpsci": 26.269500732421875,
            "isdiffpos": "t",
            "ssdistnr": -999.0,
            "ssnamenr": "null",
            "drb": 0.9999920129776001
        },
        {
            "candid": 1243271262615015004,
            "jd": 2458997.7712616,
            "ra": 164.8664369,
            "dec": 46.1245696,
            "fid": 2,
            "nid": 1243,
            "magpsf": 18.364599227905273,
            "sigmapsf": 0.06264500319957733,
            "magnr": 18.510000228881836,
            "sigmagnr": 0.13500000536441803,
            "magzpsci": 26.22760009765625,
            "isdiffpos": "t",
            "ssdistnr": -999.0,
            "ssnamenr": "null",
            "drb": 0.9999989867210388
        },
        {
            "candid": 1247182602615015005,
            "jd": 2459001.6826042,
            "ra": 164.8664174,
            "dec": 46.124566,
            "fid": 1,
            "nid": 1247,
            "magpsf": 18.802099227905273,
            "sigmapsf": 0.10579600185155869,
            "magnr": 19.040000915527344,
            "sigmagnr": 0.10899999737739563,
            "magzpsci": 26.18709945678711,
            "isdiffpos": "t",
            "ssdistnr": -999.0,
            "ssnamenr": "null",
            "drb": 0.9999989867210388
        },
        {
            "candid": 1250208572615015003,
            "jd": 2459004.7085764,
            "ra": 164.866404,
            "dec": 46.1245487,
            "fid": 1,
            "nid": 1250,
            "magpsf": 19.120800018310547,
            "sigmapsf": 0.13354000449180603,
            "magnr": 19.040000915527344,
            "sigmagnr": 0.10899999737739563,
            "magzpsci": 26.25979995727539,
            "isdiffpos": "t",
            "ssdistnr": -999.0,
            "ssnamenr": "null",
            "drb": 0.9999989867210388
        },
        {
            "candid": 1255184732615015022,
            "jd": 2459009.6847338,
            "ra": 164.8663944,
            "dec": 46.1246123,
            "fid": 2,
            "nid": 1255,
            "magpsf": 18.96940040588379,
            "sigmapsf": 0.12210699915885925,
            "magnr": 18.510000228881836,
            "sigmagnr": 0.13500000536441803,
            "magzpsci": 26.30940055847168,
            "isdiffpos": "t",
            "ssdistnr": -999.0,
            "ssnamenr": "null",
            "drb": 0.9999340176582336
        },
        {
            "jd": 2458962.76291,
            "fid": 2,
            "diffmaglim": 20.573999404907227
        },
        {
            "jd": 2458965.72003,
            "fid": 1,
            "diffmaglim": 20.766000747680664
        },
        {
            "jd": 2458968.67353,
            "fid": 2,
            "diffmaglim": 20.632999420166016
        },
        {
            "jd": 2458968.74154,
            "fid": 1,
            "diffmaglim": 20.608999252319336
        },
        {
            "jd": 2458968.76472,
            "fid": 1,
            "diffmaglim": 20.540000915527344
        },
        {
            "jd": 2458971.67487,
            "fid": 2,
            "diffmaglim": 20.104000091552734
        },
        {
            "jd": 2458971.68337,
            "fid": 2,
            "diffmaglim": 20.10700035095215
        },
        {
            "jd": 2458971.75492,
            "fid": 1,
            "diffmaglim": 19.82699966430664
        },
        {
            "jd": 2458974.67358,
            "fid": 1,
            "diffmaglim": 19.774999618530273
        },
        {
            "jd": 2458974.73516,
            "fid": 2,
            "diffmaglim": 19.88599967956543
        },
        {
            "jd": 2458976.78816,
            "fid": 2,
            "diffmaglim": 19.423999786376953
        },
        {
            "jd": 2458977.68368,
            "fid": 1,
            "diffmaglim": 18.381000518798828
        },
        {
            "jd": 2458977.72688,
            "fid": 2,
            "diffmaglim": 18.71299934387207
        },
        {
            "jd": 2458980.67692,
            "fid": 1,
            "diffmaglim": 20.915000915527344
        },
        {
            "jd": 2458980.7852,
            "fid": 2,
            "diffmaglim": 20.3700008392334
        },
        {
            "jd": 2458985.68455,
            "fid": 1,
            "diffmaglim": 20.766000747680664
        }
    ],
    "forcedphot": []
}