{
    "objectId": "ZTF21abimeun",
    "candidates": [
        {
            "candid": 1637454132215015006,
            "jd": 2459391.9541319,
            "ra": 332.9107872,
            "dec": 46.3078841,
            "fid": 1,
            "nid": 1637,
            "magpsf": 19.8710994720459,
            "sigmapsf": 0.24017399549484253,
            "magnr": 19.334999084472656,
            "sigmagnr": 0.09799999743700027,
            "magzpsci": 26.385099411010742,
            "isdiffpos": "t",
            "ssdistnr": null,
            "ssnamenr": null,
            "drb": null
        },
        {
            "candid": 1640370752215015009,
            "jd": 2459394.8707523,
            "ra": 332.9107707,
            "dec": 46.307829,
            "fid": 1,
            "nid": 1640,
            "magpsf": 19.388500213623047,
            "sigmapsf": 0.15976999700069427,
            "magnr": 19.334999084472656,
            "sigmagnr": 0.09799999743700027,
            "magzpsci": 26.184499740600586,
            "isdiffpos": "t",
            "ssdistnr": null,
            "ssnamenr": null,
            "drb": null
        },
        {
            "candid": 1640427262215015021,
            "jd": 2459394.9272685,
            "ra": 332.9107209,
            "dec": 46.3078657,
            "fid": 2,
            "nid": 1640,
            "magpsf": 18.805099487304688,
            "sigmapsf": 0.09066399931907654,
            "magnr": 18.391000747680664,
            "sigmagnr": 0.10100000351667404,
            "magzpsci": 26.31410026550293,
            "isdiffpos": "t",
            "ssdistnr": null,
            "ssnamenr": null,
            "drb": null
        },
        {
            "candid": 1642385812215015009,
            "jd": 2459396.8858102,
            "ra": 332.9107028,
            "dec": 46.3078647,
            "fid": 2,
            "nid": 1642,
            "magpsf": 18.632400512695312,
            "sigmapsf": 0.075143001973629,
            "magnr": 18.391000747680664,
            "sigmagnr": 0.10100000351667404,
            "magzpsci": 26.335399627685547,
            "isdiffpos": "t",
            "ssdistnr": null,
            "ssnamenr": null,
            "drb": null
        },
        {
            "candid": 1642431662215015025,
            "jd": 2459396.9316667,
            "ra": 332.9107261,
            "dec": 46.3078587,
            "fid": 1,
            "nid": 1642,
            "magpsf": 19.299800872802734,
            "sigmapsf": 0.11669400334358215,
            "magnr": 19.334999084472656,
            "sigmagnr": 0.09799999743700027,
            "magzpsci": 26.308799743652344,
            "isdiffpos": "t",
            "ssdistnr": null,
            "ssnamenr": null,
            "drb": null
        },
        {
            "candid": 1647426772215015023,
            "jd": 2459401.9267708,
            "ra": 332.9107185,
            "dec": 46.307873,
            "fid": 2,
            "nid": 1647,
            "magpsf": 18.440799713134766,
            "sigmapsf": 0.0498879998922348,
            "magnr": 18.391000747680664,
            "sigmagnr": 0.10100000351667404,
            "magzpsci": 26.41080093383789,
            "isdiffpos": "t",
            "ssdistnr": null,
            "ssnamenr": null,
            "drb": null
        },
        {
            "candid": 1654428722215015075,
            "jd": 2459408.9287269,
            "ra": 332.9107263,
            "dec": 46.307873,
            "fid": 2,
            "nid": 1654,
            "magpsf": 18.636899948120117,
            "sigmapsf": 0.07809200137853622,
            "magnr": 18.391000747680664,
            "sigmagnr": 0.10100000351667404,
            "magzpsci": 26.098899841308594,
            "isdiffpos": "t",
            "ssdistnr": null,
            "ssnamenr": null,
            "drb": null
        },
        {
            "candid": 1656425432215015025,
            "jd": 2459410.9254398,
            "ra": 332.9107337,
            "dec": 46.3078652,
            "fid": 2,
            "nid": 1656,
            "magpsf": 18.86578941345215,
            "sigmapsf": 0.07580199837684631,
            "magnr": 18.391000747680664,
            "sigmagnr": 0.10100000351667404,
            "magzpsci": 26.241790771484375,
            "isdiffpos": "t",
            "ssdistnr": -999.0,
            "ssnamenr": "null",
            "drb": null
        },
        {
            "jd": 2459364.9130556,
            "fid": 1,
            "diffmaglim": 19.984800338745117
        },
        {
            "jd": 2459364.953669,
            "fid": 2,
            "diffmaglim": 20.417499542236328
        },
        {
            "jd": 2459367.9059259,
            "fid": 2,
            "diffmaglim": 20.328699111938477
        },
        {
            "jd": 2459367.9530787,
            "fid": 1,
            "diffmaglim": 20.21940040588379
        },
        {
            "jd": 2459369.9156019,
            "fid": 1,
            "diffmaglim": 20.721399307250977
        },
        {
            "jd": 2459369.9509028,
            "fid": 2,
            "diffmaglim": 20.781099319458008
        },
        {
            "jd": 2459374.9154282,
            "fid": 1,
            "diffmaglim": 20.40719985961914
        },
        {
            "jd": 2459374.9516782,
            "fid": 2,
            "diffmaglim": 20.05940055847168
        },
        {
            "jd": 2459376.9082639,
            "fid": 1,
            "diffmaglim": 20.681400299072266
        },
        {
            "jd": 2459376.9523148,
            "fid": 2,
            "diffmaglim": 20.39550018310547
        },
        {
            "jd": 2459378.9105903,
            "fid": 2,
            "diffmaglim": 20.739299774169922
        },
        {
            "jd": 2459378.9301273,
            "fid": 1,
            "diffmaglim": 20.747299194335938
        },
        {
            "jd": 2459380.9285301,
            "fid": 1,
            "diffmaglim": 18.670799255371094
        },
        {
            "jd": 2459380.9495486,
            "fid": 2,
            "diffmaglim": 19.0447998046875
        },
        {
            "jd": 2459382.9244676,
            "fid": 1,
            "diffmaglim": 20.67970085144043
        },
        {
            "jd": 2459382.9477431,
            "fid": 2,
            "diffmaglim": 20.746700286865234
        },
        {
            "jd": 2459385.8881829,
            "fid": 2,
            "diffmaglim": 20.556699752807617
        },
        {
            "jd": 2459385.9248611,
            "fid": 1,
            "diffmaglim": 20.602500915527344
        },
        {
            "jd": 2459387.867037,
            "fid": 1,
            "diffmaglim": 19.462900161743164
        },
        {
            "jd": 2459387.9518403,
            "fid": 2,
            "diffmaglim": 16.703399658203125
        },
        {
            "jd": 2459391.9162269,
            "fid": 2,
            "diffmaglim": 20.146900177001953
        },
        {
            "jd": 2459399.8957292,
            "fid": 2,
            "diffmaglim": 18.46419906616211
        },
        {
            "jd": 2459399.9146875,
            "fid": 1,
            "diffmaglim": 20.528099060058594
        },
        {
            "jd": 2459401.9041319,
            "fid": 1,
            "diffmaglim": 20.612499237060547
        },
        {
            "jd": 2459403.8859954,
            "fid": 1,
            "diffmaglim": 20.63800048828125
        },
        {
            "jd": 2459406.8824537,
            "fid": 1,
            "diffmaglim": 20.729999542236328
        },
        {
            "jd": 2459408.8918171,
            "fid": 1,
            "diffmaglim": 20.594200134277344
        }
    ],
    "forcedphot": []
}