{
    "objectId": "ZTF20aajcdad",
    "candidates": [
        {
            "candid": 1121474916315015000,
            "jd": 2458875.974919,
            "ra": 201.6235657,
            "dec": 36.0086257,
            "fid": 1,
            "nid": 1121,
            "magpsf": 19.109399795532227,
            "sigmapsf": 0.11427800357341766,
            "magnr": 19.95199966430664,
            "sigmagnr": 0.08500000089406967,
            "magzpsci": 26.289400100708008,
            "isdiffpos": "t",
            "ssdistnr": -999.0,
            "ssnamenr": "-999.0",
            "drb": null
        },
        {
            "candid": 1121527616315015003,
            "jd": 2458876.0276157,
            "ra": 201.6235417,
            "dec": 36.0086074,
            "fid": 2,
            "nid": 1121,
            "magpsf": 18.896400451660156,
            "sigmapsf": 0.10926999896764755,
            "magnr": 19.416000366210938,
            "sigmagnr": 0.08799999952316284,
            "magzpsci": 26.18440055847168,
            "isdiffpos": "t",
            "ssdistnr": -999.0,
            "ssnamenr": "-999.0",
            "drb": null
        },
        {
            "candid": 1124545766315015002,
            "jd": 2458879.0457639,
            "ra": 201.6235486,
            "dec": 36.0086347,
            "fid": 2,
            "nid": 1124,
            "magpsf": 18.113300323486328,
            "sigmapsf": 0.07919400185346603,
            "magnr": 19.416000366210938,
            "sigmagnr": 0.08799999952316284,
            "magzpsci": 26.1072998046875,
            "isdiffpos": "t",
            "ssdistnr": -999.0,
            "ssnamenr": "null",
            "drb": 0.9999970197677612
        },
        {
            "candid": 1127495406315015005,
            "jd": 2458881.9954051,
            "ra": 201.6235643,
            "dec": 36.0086571,
            "fid": 1,
            "nid": 1127,
            "magpsf": 17.546600341796875,
            "sigmapsf": 0.04991700127720833,
            "magnr": 19.95199966430664,
            "sigmagnr": 0.08500000089406967,
            "magzpsci": 26.277599334716797,
            "isdiffpos": "t",
            "ssdistnr": -999.0,
            "ssnamenr": "null",
            "drb": 0.9999970197677612
        },
        {
            "candid": 1127536316315015004,
            "jd": 2458882.0363194,
            "ra": 201.6235627,
            "dec": 36.0086524,
            "fid": 2,
            "nid": 1127,
            "magpsf": 17.505800247192383,
            "sigmapsf": 0.05478399991989136,
            "magnr": 19.416000366210938,
            "sigmagnr": 0.08799999952316284,
            "magzpsci": 26.18079948425293,
            "isdiffpos": "t",
            "ssdistnr": -999.0,
            "ssnamenr": "null",
            "drb": 0.9999949932098389
        },
        {
            "candid": 1130476776315015000,
            "jd": 2458884.9767708,
            "ra": 201.6235703,
            "dec": 36.0086151,
            "fid": 1,
            "nid": 1130,
            "magpsf": 17.22249984741211,
            "sigmapsf": 0.05028500035405159,
            "magnr": 19.95199966430664,
            "sigmagnr": 0.08500000089406967,
            "magzpsci": 26.298500061035156,
            "isdiffpos": "t",
            "ssdistnr": -999.0,
            "ssnamenr": "null",
            "drb": 0.9999939799308777
        },
        {
            "candid": 1130503126315015001,
            "jd": 2458885.003125,
            "ra": 201.6235449,
            "dec": 36.0086747,
            "fid": 2,
            "nid": 1130,
            "magpsf": 17.201400756835938,
            "sigmapsf": 0.05681899935007095,
            "magnr": 19.416000366210938,
            "sigmagnr": 0.08799999952316284,
            "magzpsci": 26.166400909423828,
            "isdiffpos": "t",
            "ssdistnr": -999.0,
            "ssnamenr": "null",
            "drb": 0.998947024345398
        },
        {
            "candid": 1133476516315015001,
            "jd": 2458887.9765162,
            "ra": 201.6235618,
            "dec": 36.0086811,
            "fid": 1,
            "nid": 1133,
            "magpsf": 17.167600631713867,
            "sigmapsf": 0.045173998922109604,
            "magnr": 19.95199966430664,
            "sigmagnr": 0.08500000089406967,
            "magzpsci": 26.29759979248047,
            "isdiffpos": "t",
            "ssdistnr": -999.0,
            "ssnamenr": "null",
            "drb": 0.9999970197677612
        },
        {
            "candid": 1133523326315015001,
            "jd": 2458888.0233218,
            "ra": 201.6235718,
            "dec": 36.0086558,
            "fid": 2,
            "nid": 1133,
            "magpsf": 17.085800170898438,
            "sigmapsf": 0.053387001156806946,
            "magnr": 19.416000366210938,
            "sigmagnr": 0.08799999952316284,
            "magzpsci": 26.18779945373535,
            "isdiffpos": "t",
            "ssdistnr": -999.0,
            "ssnamenr": "null",
            "drb": 0.9999949932098389
        },
        {
            "candid": 1136460576315015001,
            "jd": 2458890.9605787,
            "ra": 201.6235518,
            "dec": 36.0086203,
            "fid": 2,
            "nid": 1136,
            "magpsf": 17.140399932861328,
            "sigmapsf": 0.05475199967622757,
            "magnr": 19.416000366210938,
            "sigmagnr": 0.08799999952316284,
            "magzpsci": 26.150400161743164,
            "isdiffpos": "t",
            "ssdistnr": -999.0,
            "ssnamenr": "null",
            "drb": 0.9997730255126953
        },
        {
            "candid": 1136540096315015000,
            "jd": 2458891.0400926,
            "ra": 201.6235791,
            "dec": 36.0086728,
            "fid": 1,
            "nid": 1136,
            "magpsf": 17.3518009185791,
            "sigmapsf": 0.0773100033402443,
            "magnr": 19.95199966430664,
            "sigmagnr": 0.08500000089406967,
            "magzpsci": 26.2268009185791,
            "isdiffpos": "t",
            "ssdistnr": -999.0,
            "ssnamenr": "null",
            "drb": 0.999770998954773
        },
        {
            "candid": 1139456906315015000,
            "jd": 2458893.9569097,
            "ra": 201.6235649,
            "dec": 36.0086578,
            "fid": 1,
            "nid": 1139,
            "magpsf": 17.637399673461914,
            "sigmapsf": 0.05827699974179268,
            "magnr": 19.95199966430664,
            "sigmagnr": 0.08500000089406967,
            "magzpsci": 26.265399932861328,
            "isdiffpos": "t",
            "ssdistnr": -999.0,
            "ssnamenr": "null",
            "drb": 0.9999930262565613
        },
        {
            "candid": 1139506806315015006,
            "jd": 2458894.0068056,
            "ra": 201.6235696,
            "dec": 36.0086584,
            "fid": 2,
            "nid": 1139,
            "magpsf": 17.224000930786133,
            "sigmapsf": 0.060106001794338226,
            "magnr": 19.416000366210938,
            "sigmagnr": 0.08799999952316284,
            "magzpsci": 26.17099952697754,
            "isdiffpos": "t",
            "ssdistnr": -999.0,
            "ssnamenr": "null",
            "drb": 0.9999629855155945
        },
        {
            "candid": 1144435686315015005,
            "jd": 2458898.9356829,
            "ra": 201.6235621,
            "dec": 36.008643,
            "fid": 1,
            "nid": 1144,
            "magpsf": 18.38360023498535,
            "sigmapsf": 0.07460899651050568,
            "magnr": 19.95199966430664,
            "sigmagnr": 0.08500000089406967,
            "magzpsci": 26.276599884033203,
            "isdiffpos": "t",
            "ssdistnr": -999.0,
            "ssnamenr": "-999.0",
            "drb": null
        },
        {
            "candid": 1144473576315015005,
            "jd": 2458898.9735764,
            "ra": 201.6235605,
            "dec": 36.0086596,
            "fid": 2,
            "nid": 1144,
            "magpsf": 17.658599853515625,
            "sigmapsf": 0.05121700093150139,
            "magnr": 19.416000366210938,
            "sigmagnr": 0.08799999952316284,
            "magzpsci": 26.187599182128906,
            "isdiffpos": "t",
            "ssdistnr": -999.0,
            "ssnamenr": "-999.0",
            "drb": null
        },
        {
            "candid": 1147455166315015002,
            "jd": 2458901.955162,
            "ra": 201.6235594,
            "dec": 36.0086478,
            "fid": 2,
            "nid": 1147,
            "magpsf": 17.873699188232422,
            "sigmapsf": 0.06707300245761871,
            "magnr": 19.416000366210938,
            "sigmagnr": 0.08799999952316284,
            "magzpsci": 26.16469955444336,
            "isdiffpos": "t",
            "ssdistnr": -999.0,
            "ssnamenr": "null",
            "drb": 0.9999989867210388
        },
        {
            "candid": 1150423986315015001,
            "jd": 2458904.9239815,
            "ra": 201.6236005,
            "dec": 36.0086484,
            "fid": 1,
            "nid": 1150,
            "magpsf": 19.018299102783203,
            "sigmapsf": 0.11279699951410294,
            "magnr": 19.95199966430664,
            "sigmagnr": 0.08500000089406967,
            "magzpsci": 26.26129913330078,
            "isdiffpos": "t",
            "ssdistnr": -999.0,
            "ssnamenr": "-999.0",
            "drb": null
        },
        {
            "candid": 1150495036315015003,
            "jd": 2458904.9950347,
            "ra": 201.6235995,
            "dec": 36.0086393,
            "fid": 2,
            "nid": 1150,
            "magpsf": 18.065200805664062,
            "sigmapsf": 0.077114999294281,
            "magnr": 19.416000366210938,
            "sigmagnr": 0.08799999952316284,
            "magzpsci": 26.16819953918457,
            "isdiffpos": "t",
            "ssdistnr": -999.0,
            "ssnamenr": "null",
            "drb": 0.9999750256538391
        },
        {
            "candid": 1154344106315015005,
            "jd": 2458908.8441088,
            "ra": 201.6235661,
            "dec": 36.0086528,
            "fid": 1,
            "nid": 1154,
            "magpsf": 19.283599853515625,
            "sigmapsf": 0.10945600271224976,
            "magnr": 19.95199966430664,
            "sigmagnr": 0.08500000089406967,
            "magzpsci": 26.2406005859375,
            "isdiffpos": "t",
            "ssdistnr": -999.0,
            "ssnamenr": "-999.0",
            "drb": null
        },
        {
            "candid": 1154441196315015006,
            "jd": 2458908.9411921,
            "ra": 201.6235664,
            "dec": 36.0086601,
            "fid": 2,
            "nid": 1154,
            "magpsf": 18.383399963378906,
            "sigmapsf": 0.10887599736452103,
            "magnr": 19.416000366210938,
            "sigmagnr": 0.08799999952316284,
            "magzpsci": 26.201400756835938,
            "isdiffpos": "t",
            "ssdistnr": -999.0,
            "ssnamenr": "-999.0",
            "drb": null
        },
        {
            "candid": 1157414446315015001,
            "jd": 2458911.9144444,
            "ra": 201.6234895,
            "dec": 36.0086809,
            "fid": 1,
            "nid": 1157,
            "magpsf": 19.17729949951172,
            "sigmapsf": 0.12311899662017822,
            "magnr": 19.95199966430664,
            "sigmagnr": 0.08500000089406967,
            "magzpsci": 26.262399673461914,
            "isdiffpos": "t",
            "ssdistnr": -999.0,
            "ssnamenr": "null",
            "drb": 0.9996050000190735
        },
        {
            "candid": 1157464236315015002,
            "jd": 2458911.9642361,
            "ra": 201.6235824,
            "dec": 36.0086734,
            "fid": 2,
            "nid": 1157,
            "magpsf": 18.492599487304688,
            "sigmapsf": 0.09211599826812744,
            "magnr": 19.416000366210938,
            "sigmagnr": 0.08799999952316284,
            "magzpsci": 26.153600692749023,
            "isdiffpos": "t",
            "ssdistnr": -999.0,
            "ssnamenr": "null",
            "drb": 0.9999629855155945
        },
        {
            "candid": 1160472696315015001,
            "jd": 2458914.9726968,
            "ra": 201.6235933,
            "dec": 36.0086466,
            "fid": 1,
            "nid": 1160,
            "magpsf": 19.543800354003906,
            "sigmapsf": 0.22817300260066986,
            "magnr": 19.95199966430664,
            "sigmagnr": 0.08500000089406967,
            "magzpsci": 26.159799575805664,
            "isdiffpos": "t",
            "ssdistnr": -999.0,
            "ssnamenr": "-999.0",
            "drb": null
        },
        {
            "candid": 1160510926315015005,
            "jd": 2458915.0109259,
            "ra": 201.6235598,
            "dec": 36.0086736,
            "fid": 2,
            "nid": 1160,
            "magpsf": 18.74020004272461,
            "sigmapsf": 0.08839999884366989,
            "magnr": 19.416000366210938,
            "sigmagnr": 0.08799999952316284,
            "magzpsci": 26.15019989013672,
            "isdiffpos": "t",
            "ssdistnr": -999.0,
            "ssnamenr": "null",
            "drb": 0.9999889731407166
        },
        {
            "candid": 1182304736315015004,
            "jd": 2458936.8047338,
            "ra": 201.6235844,
            "dec": 36.0086477,
            "fid": 1,
            "nid": 1182,
            "magpsf": 19.921100616455078,
            "sigmapsf": 0.15186600387096405,
            "magnr": 19.95199966430664,
            "sigmagnr": 0.08500000089406967,
            "magzpsci": 26.22010040283203,
            "isdiffpos": "t",
            "ssdistnr": -999.0,
            "ssnamenr": "null",
            "drb": 0.9989510178565979
        },
        {
            "candid": 1182453696315015003,
            "jd": 2458936.9536921,
            "ra": 201.62361,
            "dec": 36.0086562,
            "fid": 2,
            "nid": 1182,
            "magpsf": 19.3617000579834,
            "sigmapsf": 0.11073199659585953,
            "magnr": 19.416000366210938,
            "sigmagnr": 0.08799999952316284,
            "magzpsci": 26.12470054626465,
            "isdiffpos": "t",
            "ssdistnr": -999.0,
            "ssnamenr": "null",
            "drb": 0.9999949932098389
        },
        {
            "candid": 1183394346315015001,
            "jd": 2458937.8943403,
            "ra": 201.6235857,
            "dec": 36.0086506,
            "fid": 1,
            "nid": 1183,
            "magpsf": 19.954299926757812,
            "sigmapsf": 0.19273200631141663,
            "magnr": 19.95199966430664,
            "sigmagnr": 0.08500000089406967,
            "magzpsci": 26.225299835205078,
            "isdiffpos": "t",
            "ssdistnr": -999.0,
            "ssnamenr": "null",
            "drb": 0.9830570220947266
        },
        {
            "candid": 1185350186315015001,
            "jd": 2458939.8501852,
            "ra": 201.623571,
            "dec": 36.0086582,
            "fid": 1,
            "nid": 1185,
            "magpsf": 19.80500030517578,
            "sigmapsf": 0.258758008480072,
            "magnr": 19.95199966430664,
            "sigmagnr": 0.08500000089406967,
            "magzpsci": 25.722999572753906,
            "isdiffpos": "t",
            "ssdistnr": -999.0,
            "ssnamenr": "-999.0",
            "drb": null
        },
        {
            "candid": 1185421856315015005,
            "jd": 2458939.9218519,
            "ra": 201.6235795,
            "dec": 36.0087095,
            "fid": 2,
            "nid": 1185,
            "magpsf": 19.383699417114258,
            "sigmapsf": 0.25613000988960266,
            "magnr": 19.416000366210938,
            "sigmagnr": 0.08799999952316284,
            "magzpsci": 25.33769989013672,
            "isdiffpos": "t",
            "ssdistnr": -999.0,
            "ssnamenr": "-999.0",
            "drb": null
        },
        {
            "candid": 1186384216315015005,
            "jd": 2458940.884213,
            "ra": 201.6235946,
            "dec": 36.0086541,
            "fid": 1,
            "nid": 1186,
            "magpsf": 19.843599319458008,
            "sigmapsf": 0.14289799332618713,
            "magnr": 19.95199966430664,
            "sigmagnr": 0.08500000089406967,
            "magzpsci": 25.96660041809082,
            "isdiffpos": "t",
            "ssdistnr": -999.0,
            "ssnamenr": "null",
            "drb": 0.9999960064888
        },
        {
            "candid": 1187425046315015001,
            "jd": 2458941.9250463,
            "ra": 201.6236091,
            "dec": 36.0086473,
            "fid": 2,
            "nid": 1187,
            "magpsf": 19.42009925842285,
            "sigmapsf": 0.12737900018692017,
            "magnr": 19.416000366210938,
            "sigmagnr": 0.08799999952316284,
            "magzpsci": 26.144100189208984,
            "isdiffpos": "t",
            "ssdistnr": -999.0,
            "ssnamenr": "null",
            "drb": 0.9999499917030334
        },
        {
            "candid": 1187446036315015005,
            "jd": 2458941.9460301,
            "ra": 201.6235554,
            "dec": 36.0086251,
            "fid": 1,
            "nid": 1187,
            "magpsf": 20.03190040588379,
            "sigmapsf": 0.20755499601364136,
            "magnr": 19.95199966430664,
            "sigmagnr": 0.08500000089406967,
            "magzpsci": 26.225900650024414,
            "isdiffpos": "t",
            "ssdistnr": -999.0,
            "ssnamenr": "null",
            "drb": 0.6923819780349731
        },
        {
            "candid": 1189414346315015002,
            "jd": 2458943.9143403,
            "ra": 201.6235574,
            "dec": 36.0086439,
            "fid": 1,
            "nid": 1189,
            "magpsf": 19.997499465942383,
            "sigmapsf": 0.3160350024700165,
            "magnr": 19.95199966430664,
            "sigmagnr": 0.08500000089406967,
            "magzpsci": 26.247499465942383,
            "isdiffpos": "t",
            "ssdistnr": -999.0,
            "ssnamenr": "-999.0",
            "drb": null
        },
        {
            "candid": 1190479086315015000,
            "jd": 2458944.9790856,
            "ra": 201.6235451,
            "dec": 36.008704,
            "fid": 1,
            "nid": 1190,
            "magpsf": 19.928499221801758,
            "sigmapsf": 0.26889699697494507,
            "magnr": 19.95199966430664,
            "sigmagnr": 0.08500000089406967,
            "magzpsci": 26.178499221801758,
            "isdiffpos": "t",
            "ssdistnr": -999.0,
            "ssnamenr": "-999.0",
            "drb": null
        },
        {
            "candid": 1200266566315015003,
            "jd": 2458954.7665625,
            "ra": 201.6235555,
            "dec": 36.0086754,
            "fid": 2,
            "nid": 1200,
            "magpsf": 19.645000457763672,
            "sigmapsf": 0.14425699412822723,
            "magnr": 19.416000366210938,
            "sigmagnr": 0.08799999952316284,
            "magzpsci": 26.128000259399414,
            "isdiffpos": "t",
            "ssdistnr": -999.0,
            "ssnamenr": "null",
            "drb": 0.996849000453949
        },
        {
            "candid": 1202244906315015002,
            "jd": 2458956.7449074,
            "ra": 201.6235284,
            "dec": 36.0086341,
            "fid": 1,
            "nid": 1202,
            "magpsf": 20.321699142456055,
            "sigmapsf": 0.25436100363731384,
            "magnr": 19.95199966430664,
            "sigmagnr": 0.08500000089406967,
            "magzpsci": 26.229700088500977,
            "isdiffpos": "t",
            "ssdistnr": -999.0,
            "ssnamenr": "-999.0",
            "drb": null
        },
        {
            "candid": 1202308916315015003,
            "jd": 2458956.808912,
            "ra": 201.623551,
            "dec": 36.0086602,
            "fid": 2,
            "nid": 1202,
            "magpsf": 19.639999389648438,
            "sigmapsf": 0.1448660045862198,
            "magnr": 19.416000366210938,
            "sigmagnr": 0.08799999952316284,
            "magzpsci": 26.149999618530273,
            "isdiffpos": "t",
            "ssdistnr": -999.0,
            "ssnamenr": "-999.0",
            "drb": null
        },
        {
            "candid": 1208342286315015002,
            "jd": 2458962.8422801,
            "ra": 201.6235272,
            "dec": 36.0086342,
            "fid": 1,
            "nid": 1208,
            "magpsf": 20.43589973449707,
            "sigmapsf": 0.2425049990415573,
            "magnr": 19.95199966430664,
            "sigmagnr": 0.08500000089406967,
            "magzpsci": 26.23189926147461,
            "isdiffpos": "t",
            "ssdistnr": -999.0,
            "ssnamenr": "-999.0",
            "drb": null
        },
        {
            "candid": 1211258966315015003,
            "jd": 2458965.7589699,
            "ra": 201.6235718,
            "dec": 36.0086367,
            "fid": 1,
            "nid": 1211,
            "magpsf": 20.36050033569336,
            "sigmapsf": 0.2964339852333069,
            "magnr": 19.95199966430664,
            "sigmagnr": 0.08500000089406967,
            "magzpsci": 26.2455997467041,
            "isdiffpos": "t",
            "ssdistnr": -999.0,
            "ssnamenr": "-999.0",
            "drb": null
        },
        {
            "candid": 1211272936315015000,
            "jd": 2458965.7729398,
            "ra": 201.623527,
            "dec": 36.0085687,
            "fid": 2,
            "nid": 1211,
            "magpsf": 19.89859962463379,
            "sigmapsf": 0.18705500662326813,
            "magnr": 19.416000366210938,
            "sigmagnr": 0.08799999952316284,
            "magzpsci": 26.152599334716797,
            "isdiffpos": "t",
            "ssdistnr": -999.0,
            "ssnamenr": "null",
            "drb": 0.9994410276412964
        },
        {
            "candid": 1214299986315015005,
            "jd": 2458968.7999884,
            "ra": 201.6236209,
            "dec": 36.0086568,
            "fid": 1,
            "nid": 1214,
            "magpsf": 20.42609977722168,
            "sigmapsf": 0.19584600627422333,
            "magnr": 19.95199966430664,
            "sigmagnr": 0.08500000089406967,
            "magzpsci": 26.274099349975586,
            "isdiffpos": "t",
            "ssdistnr": -999.0,
            "ssnamenr": "null",
            "drb": 0.9998379945755005
        },
        {
            "candid": 1214369836315015003,
            "jd": 2458968.869838,
            "ra": 201.623534,
            "dec": 36.0086998,
            "fid": 2,
            "nid": 1214,
            "magpsf": 19.744199752807617,
            "sigmapsf": 0.18032799661159515,
            "magnr": 19.416000366210938,
            "sigmagnr": 0.08799999952316284,
            "magzpsci": 26.186199188232422,
            "isdiffpos": "t",
            "ssdistnr": -999.0,
            "ssnamenr": "null",
            "drb": 0.9996240139007568
        },
        {
            "candid": 1220295086315015001,
            "jd": 2458974.795081,
            "ra": 201.6235208,
            "dec": 36.0086512,
            "fid": 2,
            "nid": 1220,
            "magpsf": 19.96809959411621,
            "sigmapsf": 0.28819599747657776,
            "magnr": 19.416000366210938,
            "sigmagnr": 0.08799999952316284,
            "magzpsci": 26.177099227905273,
            "isdiffpos": "t",
            "ssdistnr": -999.0,
            "ssnamenr": "-999.0",
            "drb": null
        },
        {
            "candid": 1226226946315015005,
            "jd": 2458980.7269444,
            "ra": 201.6235789,
            "dec": 36.0086588,
            "fid": 1,
            "nid": 1226,
            "magpsf": 20.783599853515625,
            "sigmapsf": 0.2861559987068176,
            "magnr": 19.95199966430664,
            "sigmagnr": 0.08500000089406967,
            "magzpsci": 26.246599197387695,
            "isdiffpos": "t",
            "ssdistnr": -999.0,
            "ssnamenr": "-999.0",
            "drb": null
        },
        {
            "candid": 1226254586315015002,
            "jd": 2458980.7545833,
            "ra": 201.6235528,
            "dec": 36.0086627,
            "fid": 2,
            "nid": 1226,
            "magpsf": 20.122800827026367,
            "sigmapsf": 0.1667180061340332,
            "magnr": 19.416000366210938,
            "sigmagnr": 0.08799999952316284,
            "magzpsci": 26.172800064086914,
            "isdiffpos": "t",
            "ssdistnr": -999.0,
            "ssnamenr": "null",
            "drb": 0.9983950257301331
        },
        {
            "candid": 1231204076315015002,
            "jd": 2458985.7040741,
            "ra": 201.6235538,
            "dec": 36.0086442,
            "fid": 1,
            "nid": 1231,
            "magpsf": 20.616199493408203,
            "sigmapsf": 0.28029099106788635,
            "magnr": 19.95199966430664,
            "sigmagnr": 0.08500000089406967,
            "magzpsci": 26.252199172973633,
            "isdiffpos": "t",
            "ssdistnr": -999.0,
            "ssnamenr": "-999.0",
            "drb": null
        },
        {
            "candid": 1237209456315015001,
            "jd": 2458991.709456,
            "ra": 201.6235659,
            "dec": 36.0086401,
            "fid": 2,
            "nid": 1237,
            "magpsf": 20.25480079650879,
            "sigmapsf": 0.2220650017261505,
            "magnr": 19.416000366210938,
            "sigmagnr": 0.08799999952316284,
            "magzpsci": 26.165800094604492,
            "isdiffpos": "t",
            "ssdistnr": -999.0,
            "ssnamenr": "-999.0",
            "drb": null
        },
        {
            "candid": 1240290436315015003,
            "jd": 2458994.7904398,
            "ra": 201.6235562,
            "dec": 36.0086951,
            "fid": 2,
            "nid": 1240,
            "magpsf": 20.325300216674805,
            "sigmapsf": 0.22679999470710754,
            "magnr": 19.416000366210938,
            "sigmagnr": 0.08799999952316284,
            "magzpsci": 26.17729949951172,
            "isdiffpos": "t",
            "ssdistnr": -999.0,
            "ssnamenr": "-999.0",
            "drb": null
        },
        {
            "candid": 1243214686315015004,
            "jd": 2458997.7146875,
            "ra": 201.6235264,
            "dec": 36.0085529,
            "fid": 1,
            "nid": 1243,
            "magpsf": 20.700199127197266,
            "sigmapsf": 0.27974000573158264,
            "magnr": 19.95199966430664,
            "sigmagnr": 0.08500000089406967,
            "magzpsci": 26.261199951171875,
            "isdiffpos": "t",
            "ssdistnr": -999.0,
            "ssnamenr": "-999.0",
            "drb": null
        },
        {
            "candid": 1243255846315015002,
            "jd": 2458997.7558449,
            "ra": 201.6235138,
            "dec": 36.0086972,
            "fid": 2,
            "nid": 1243,
            "magpsf": 20.41320037841797,
            "sigmapsf": 0.24499300122261047,
            "magnr": 19.416000366210938,
            "sigmagnr": 0.08799999952316284,
            "magzpsci": 26.167200088500977,
            "isdiffpos": "t",
            "ssdistnr": -999.0,
            "ssnamenr": "-999.0",
            "drb": null
        },
        {
            "candid": 1258200746315015004,
            "jd": 2459012.7007407,
            "ra": 201.6235402,
            "dec": 36.0086117,
            "fid": 1,
            "nid": 1258,
            "magpsf": 20.734699249267578,
            "sigmapsf": 0.21410399675369263,
            "magnr": 19.95199966430664,
            "sigmagnr": 0.08500000089406967,
            "magzpsci": 26.334699630737305,
            "isdiffpos": "t",
            "ssdistnr": -999.0,
            "ssnamenr": "null",
            "drb": 0.9998909831047058
        },
        {
            "jd": 2458850.98874,
            "fid": 2,
            "diffmaglim": 19.988000869750977
        },
        {
            "jd": 2458851.04709,
            "fid": 1,
            "diffmaglim": 20.485000610351562
        },
        {
            "jd": 2458854.02608,
            "fid": 1,
            "diffmaglim": 20.804000854492188
        },
        {
            "jd": 2458854.05635,
            "fid": 2,
            "diffmaglim": 20.600000381469727
        },
        {
            "jd": 2458857.059,
            "fid": 1,
            "diffmaglim": 20.65399932861328
        },
        {
            "jd": 2458857.07537,
            "fid": 2,
            "diffmaglim": 20.275999069213867
        },
        {
            "jd": 2458859.96622,
            "fid": 2,
            "diffmaglim": 19.768999099731445
        },
        {
            "jd": 2458862.87846,
            "fid": 2,
            "diffmaglim": 19.493999481201172
        },
        {
            "jd": 2458862.99595,
            "fid": 1,
            "diffmaglim": 19.798999786376953
        },
        {
            "jd": 2458862.99865,
            "fid": 1,
            "diffmaglim": 19.836000442504883
        },
        {
            "jd": 2458867.9426,
            "fid": 1,
            "diffmaglim": 20.465999603271484
        },
        {
            "jd": 2458867.98612,
            "fid": 2,
            "diffmaglim": 20.281999588012695
        },
        {
            "jd": 2458871.97512,
            "fid": 1,
            "diffmaglim": 20.360000610351562
        },
        {
            "jd": 2458872.03964,
            "fid": 2,
            "diffmaglim": 20.09600067138672
        },
        {
            "jd": 2458917.89481,
            "fid": 1,
            "diffmaglim": 17.993000030517578
        },
        {
            "jd": 2458971.79904,
            "fid": 1,
            "diffmaglim": 19.908000946044922
        },
        {
            "jd": 2458974.70421,
            "fid": 1,
            "diffmaglim": 19.450000762939453
        },
        {
            "jd": 2458977.73429,
            "fid": 2,
            "diffmaglim": 18.27400016784668
        },
        {
            "jd": 2458977.83811,
            "fid": 1,
            "diffmaglim": 18.667999267578125
        },
        {
            "jd": 2458991.80303,
            "fid": 1,
            "diffmaglim": 20.520000457763672
        },
        {
            "jd": 2458994.75757,
            "fid": 1,
            "diffmaglim": 20.711000442504883
        },
        {
            "jd": 2459000.76282,
            "fid": 1,
            "diffmaglim": 20.014999389648438
        },
        {
            "jd": 2459004.69365,
            "fid": 1,
            "diffmaglim": 19.530000686645508
        },
        {
            "jd": 2459004.75316,
            "fid": 2,
            "diffmaglim": 19.783000946044922
        },
        {
            "jd": 2459009.70287,
            "fid": 2,
            "diffmaglim": 20.079999923706055
        },
        {
            "jd": 2459009.74617,
            "fid": 1,
            "diffmaglim": 20.26799964904785
        }
    ],
    "forcedphot": []
}