{
    "objectId": "ZTF21aaufwyh",
    "candidates": [
        {
            "candid": 1561195174515015009,
            "jd": 2459315.6951736,
            "ra": 155.2204974,
            "dec": 6.1567329,
            "fid": 1,
            "nid": 1561,
            "magpsf": 20.24679946899414,
            "sigmapsf": 0.2026059925556183,
            "magnr": 19.165000915527344,
            "sigmagnr": 0.10899999737739563,
            "magzpsci": 26.33180046081543,
            "isdiffpos": "t",
            "ssdistnr": null,
            "ssnamenr": null,
            "drb": 0.9999989867210388
        },
        {
            "candid": 1566172764515015005,
            "jd": 2459320.6727662,
            "ra": 155.2204976,
            "dec": 6.1567335,
            "fid": 1,
            "nid": 1566,
            "magpsf": 18.92259979248047,
            "sigmapsf": 0.09485500305891037,
            "magnr": 19.165000915527344,
            "sigmagnr": 0.10899999737739563,
            "magzpsci": 26.20159912109375,
            "isdiffpos": "t",
            "ssdistnr": null,
            "ssnamenr": null,
            "drb": null
        },
        {
            "candid": 1568191124515015005,
            "jd": 2459322.6911227,
            "ra": 155.2204994,
            "dec": 6.1567222,
            "fid": 1,
            "nid": 1568,
            "magpsf": 18.56399917602539,
            "sigmapsf": 0.07745300233364105,
            "magnr": 19.165000915527344,
            "sigmagnr": 0.10899999737739563,
            "magzpsci": 26.238000869750977,
            "isdiffpos": "t",
            "ssdistnr": null,
            "ssnamenr": null,
            "drb": null
        },
        {
            "candid": 1568234184515015010,
            "jd": 2459322.7341898,
            "ra": 155.2204863,
            "dec": 6.1566968,
            "fid": 2,
            "nid": 1568,
            "magpsf": 18.49720001220703,
            "sigmapsf": 0.08633600175380707,
            "magnr": 18.902000427246094,
            "sigmagnr": 0.11599999666213989,
            "magzpsci": 26.246200561523438,
            "isdiffpos": "t",
            "ssdistnr": null,
            "ssnamenr": null,
            "drb": null
        },
        {
            "candid": 1570211624515015007,
            "jd": 2459324.7116204,
            "ra": 155.2204777,
            "dec": 6.1566907,
            "fid": 2,
            "nid": 1570,
            "magpsf": 18.306720733642578,
            "sigmapsf": 0.08894900232553482,
            "magnr": 18.902000427246094,
            "sigmagnr": 0.11599999666213989,
            "magzpsci": 26.26371955871582,
            "isdiffpos": "t",
            "ssdistnr": -999.0,
            "ssnamenr": "null",
            "drb": null
        },
        {
            "candid": 1570211624515035007,
            "jd": 2459324.7116204,
            "ra": 155.2204777,
            "dec": 6.1566907,
            "fid": 2,
            "nid": 1570,
            "magpsf": 18.306699752807617,
            "sigmapsf": 0.08894900232553482,
            "magnr": 18.902000427246094,
            "sigmagnr": 0.11599999666213989,
            "magzpsci": 26.263700485229492,
            "isdiffpos": "t",
            "ssdistnr": null,
            "ssnamenr": null,
            "drb": null
        },
        {
            "candid": 1570211624515065007,
            "jd": 2459324.7116204,
            "ra": 155.2204777,
            "dec": 6.1566907,
            "fid": 2,
            "nid": 1570,
            "magpsf": 18.306699752807617,
            "sigmapsf": 0.08894900232553482,
            "magnr": 18.902000427246094,
            "sigmagnr": 0.11599999666213989,
            "magzpsci": 26.263700485229492,
            "isdiffpos": "t",
            "ssdistnr": null,
            "ssnamenr": null,
            "drb": null
        },
        {
            "candid": 1575232434515015018,
            "jd": 2459329.7324306,
            "ra": 155.2204924,
            "dec": 6.1566977,
            "fid": 2,
            "nid": 1575,
            "magpsf": 17.888259887695312,
            "sigmapsf": 0.08009599894285202,
            "magnr": 18.902000427246094,
            "sigmagnr": 0.11599999666213989,
            "magzpsci": 26.257259368896484,
            "isdiffpos": "t",
            "ssdistnr": -999.0,
            "ssnamenr": "null",
            "drb": null
        },
        {
            "candid": 1575232434515025018,
            "jd": 2459329.7324306,
            "ra": 155.2204924,
            "dec": 6.1566977,
            "fid": 2,
            "nid": 1575,
            "magpsf": 17.8882999420166,
            "sigmapsf": 0.08009599894285202,
            "magnr": 18.902000427246094,
            "sigmagnr": 0.11599999666213989,
            "magzpsci": 26.257299423217773,
            "isdiffpos": "t",
            "ssdistnr": null,
            "ssnamenr": null,
            "drb": null
        },
        {
            "candid": 1575232434515035018,
            "jd": 2459329.7324306,
            "ra": 155.2204924,
            "dec": 6.1566977,
            "fid": 2,
            "nid": 1575,
            "magpsf": 17.8882999420166,
            "sigmapsf": 0.08009599894285202,
            "magnr": 18.902000427246094,
            "sigmagnr": 0.11599999666213989,
            "magzpsci": 26.257299423217773,
            "isdiffpos": "t",
            "ssdistnr": null,
            "ssnamenr": null,
            "drb": null
        },
        {
            "candid": 1581170674515015001,
            "jd": 2459335.6706713,
            "ra": 155.2204781,
            "dec": 6.1567092,
            "fid": 2,
            "nid": 1581,
            "magpsf": 17.78529930114746,
            "sigmapsf": 0.05368499830365181,
            "magnr": 18.902000427246094,
            "sigmagnr": 0.11599999666213989,
            "magzpsci": 26.28730010986328,
            "isdiffpos": "t",
            "ssdistnr": null,
            "ssnamenr": null,
            "drb": null
        },
        {
            "candid": 1581212394515015003,
            "jd": 2459335.7123958,
            "ra": 155.2204966,
            "dec": 6.15672,
            "fid": 1,
            "nid": 1581,
            "magpsf": 17.90679931640625,
            "sigmapsf": 0.06253600120544434,
            "magnr": 19.165000915527344,
            "sigmagnr": 0.10899999737739563,
            "magzpsci": 26.1648006439209,
            "isdiffpos": "t",
            "ssdistnr": null,
            "ssnamenr": null,
            "drb": null
        },
        {
            "candid": 1584191784515015005,
            "jd": 2459338.6917824,
            "ra": 155.2205023,
            "dec": 6.1567217,
            "fid": 1,
            "nid": 1584,
            "magpsf": 18.003400802612305,
            "sigmapsf": 0.05380300059914589,
            "magnr": 19.165000915527344,
            "sigmagnr": 0.10899999737739563,
            "magzpsci": 26.28339958190918,
            "isdiffpos": "t",
            "ssdistnr": null,
            "ssnamenr": null,
            "drb": null
        },
        {
            "candid": 1584213484515015005,
            "jd": 2459338.7134838,
            "ra": 155.2204988,
            "dec": 6.156723,
            "fid": 2,
            "nid": 1584,
            "magpsf": 17.758100509643555,
            "sigmapsf": 0.05484500154852867,
            "magnr": 18.902000427246094,
            "sigmagnr": 0.11599999666213989,
            "magzpsci": 26.245100021362305,
            "isdiffpos": "t",
            "ssdistnr": null,
            "ssnamenr": null,
            "drb": null
        },
        {
            "candid": 1586192674515015004,
            "jd": 2459340.6926736,
            "ra": 155.2204923,
            "dec": 6.1567306,
            "fid": 1,
            "nid": 1586,
            "magpsf": 18.136499404907227,
            "sigmapsf": 0.060152001678943634,
            "magnr": 19.165000915527344,
            "sigmagnr": 0.10899999737739563,
            "magzpsci": 26.279499053955078,
            "isdiffpos": "t",
            "ssdistnr": null,
            "ssnamenr": null,
            "drb": null
        },
        {
            "candid": 1586255744515015009,
            "jd": 2459340.7557407,
            "ra": 155.220483,
            "dec": 6.1566943,
            "fid": 2,
            "nid": 1586,
            "magpsf": 17.787599563598633,
            "sigmapsf": 0.06926500052213669,
            "magnr": 18.902000427246094,
            "sigmagnr": 0.11599999666213989,
            "magzpsci": 26.204599380493164,
            "isdiffpos": "t",
            "ssdistnr": null,
            "ssnamenr": null,
            "drb": null
        },
        {
            "candid": 1588228254515015005,
            "jd": 2459342.7282523,
            "ra": 155.2204948,
            "dec": 6.1567241,
            "fid": 1,
            "nid": 1588,
            "magpsf": 18.29400062561035,
            "sigmapsf": 0.06744100153446198,
            "magnr": 19.165000915527344,
            "sigmagnr": 0.10899999737739563,
            "magzpsci": 26.224000930786133,
            "isdiffpos": "t",
            "ssdistnr": null,
            "ssnamenr": null,
            "drb": null
        },
        {
            "candid": 1590173054515015004,
            "jd": 2459344.6730556,
            "ra": 155.2204903,
            "dec": 6.1567041,
            "fid": 1,
            "nid": 1590,
            "magpsf": 18.477399826049805,
            "sigmapsf": 0.06989900022745132,
            "magnr": 19.165000915527344,
            "sigmagnr": 0.10899999737739563,
            "magzpsci": 26.251399993896484,
            "isdiffpos": "t",
            "ssdistnr": null,
            "ssnamenr": null,
            "drb": null
        },
        {
            "candid": 1592176184515015005,
            "jd": 2459346.6761806,
            "ra": 155.2205047,
            "dec": 6.1567329,
            "fid": 1,
            "nid": 1592,
            "magpsf": 18.644500732421875,
            "sigmapsf": 0.08639699965715408,
            "magnr": 19.165000915527344,
            "sigmagnr": 0.10899999737739563,
            "magzpsci": 26.196500778198242,
            "isdiffpos": "t",
            "ssdistnr": null,
            "ssnamenr": null,
            "drb": null
        },
        {
            "candid": 1592192384515015006,
            "jd": 2459346.6923843,
            "ra": 155.2205067,
            "dec": 6.1567049,
            "fid": 2,
            "nid": 1592,
            "magpsf": 18.00550079345703,
            "sigmapsf": 0.06327600032091141,
            "magnr": 18.902000427246094,
            "sigmagnr": 0.11599999666213989,
            "magzpsci": 26.175500869750977,
            "isdiffpos": "t",
            "ssdistnr": null,
            "ssnamenr": null,
            "drb": null
        },
        {
            "candid": 1594175244515015004,
            "jd": 2459348.6752431,
            "ra": 155.2204814,
            "dec": 6.1567221,
            "fid": 2,
            "nid": 1594,
            "magpsf": 18.07069969177246,
            "sigmapsf": 0.0735900029540062,
            "magnr": 18.902000427246094,
            "sigmagnr": 0.11599999666213989,
            "magzpsci": 26.24169921875,
            "isdiffpos": "t",
            "ssdistnr": null,
            "ssnamenr": null,
            "drb": null
        },
        {
            "candid": 1594229174515015006,
            "jd": 2459348.7291782,
            "ra": 155.2204883,
            "dec": 6.1567405,
            "fid": 1,
            "nid": 1594,
            "magpsf": 18.753799438476562,
            "sigmapsf": 0.09211800247430801,
            "magnr": 19.165000915527344,
            "sigmagnr": 0.10899999737739563,
            "magzpsci": 26.223800659179688,
            "isdiffpos": "t",
            "ssdistnr": null,
            "ssnamenr": null,
            "drb": null
        },
        {
            "candid": 1596227744515015003,
            "jd": 2459350.7277431,
            "ra": 155.2204997,
            "dec": 6.1567119,
            "fid": 2,
            "nid": 1596,
            "magpsf": 18.080299377441406,
            "sigmapsf": 0.0947209969162941,
            "magnr": 18.902000427246094,
            "sigmagnr": 0.11599999666213989,
            "magzpsci": 26.172300338745117,
            "isdiffpos": "t",
            "ssdistnr": null,
            "ssnamenr": null,
            "drb": null
        },
        {
            "candid": 1602180334515015002,
            "jd": 2459356.6803356,
            "ra": 155.2204344,
            "dec": 6.1565991,
            "fid": 1,
            "nid": 1602,
            "magpsf": 19.060199737548828,
            "sigmapsf": 0.20120500028133392,
            "magnr": 19.295000076293945,
            "sigmagnr": 0.08900000154972076,
            "magzpsci": 26.265199661254883,
            "isdiffpos": "t",
            "ssdistnr": null,
            "ssnamenr": null,
            "drb": null
        },
        {
            "candid": 1602233944515015016,
            "jd": 2459356.7339468,
            "ra": 155.2204073,
            "dec": 6.1566384,
            "fid": 2,
            "nid": 1602,
            "magpsf": 18.371000289916992,
            "sigmapsf": 0.11416299641132355,
            "magnr": 18.902000427246094,
            "sigmagnr": 0.11599999666213989,
            "magzpsci": 26.19099998474121,
            "isdiffpos": "t",
            "ssdistnr": null,
            "ssnamenr": null,
            "drb": null
        },
        {
            "candid": 1609180944515015005,
            "jd": 2459363.6809491,
            "ra": 155.2204894,
            "dec": 6.1567118,
            "fid": 2,
            "nid": 1609,
            "magpsf": 18.59440040588379,
            "sigmapsf": 0.09177699685096741,
            "magnr": 18.902000427246094,
            "sigmagnr": 0.11599999666213989,
            "magzpsci": 26.278400421142578,
            "isdiffpos": "t",
            "ssdistnr": null,
            "ssnamenr": null,
            "drb": null
        },
        {
            "candid": 1609227634515015005,
            "jd": 2459363.7276389,
            "ra": 155.2205316,
            "dec": 6.1566463,
            "fid": 1,
            "nid": 1609,
            "magpsf": 19.524900436401367,
            "sigmapsf": 0.18465200066566467,
            "magnr": 19.165000915527344,
            "sigmagnr": 0.10899999737739563,
            "magzpsci": 26.186899185180664,
            "isdiffpos": "t",
            "ssdistnr": null,
            "ssnamenr": null,
            "drb": null
        },
        {
            "candid": 1611182094515015001,
            "jd": 2459365.6820949,
            "ra": 155.220474,
            "dec": 6.1567156,
            "fid": 2,
            "nid": 1611,
            "magpsf": 18.769500732421875,
            "sigmapsf": 0.110105000436306,
            "magnr": 18.902000427246094,
            "sigmagnr": 0.11599999666213989,
            "magzpsci": 26.212499618530273,
            "isdiffpos": "t",
            "ssdistnr": null,
            "ssnamenr": null,
            "drb": null
        },
        {
            "candid": 1611204124515015001,
            "jd": 2459365.7041204,
            "ra": 155.2205333,
            "dec": 6.1567014,
            "fid": 1,
            "nid": 1611,
            "magpsf": 19.661399841308594,
            "sigmapsf": 0.16069500148296356,
            "magnr": 19.165000915527344,
            "sigmagnr": 0.10899999737739563,
            "magzpsci": 26.161399841308594,
            "isdiffpos": "t",
            "ssdistnr": -999.0,
            "ssnamenr": "null",
            "drb": null
        },
        {
            "jd": 2459290.754294,
            "fid": 2,
            "diffmaglim": 20.446500778198242
        },
        {
            "jd": 2459290.8312384,
            "fid": 1,
            "diffmaglim": 20.48940086364746
        },
        {
            "jd": 2459292.753669,
            "fid": 2,
            "diffmaglim": 20.349199295043945
        },
        {
            "jd": 2459292.7740162,
            "fid": 1,
            "diffmaglim": 20.316600799560547
        },
        {
            "jd": 2459294.7830324,
            "fid": 1,
            "diffmaglim": 20.007400512695312
        },
        {
            "jd": 2459294.8188079,
            "fid": 2,
            "diffmaglim": 19.972000122070312
        },
        {
            "jd": 2459297.7040741,
            "fid": 1,
            "diffmaglim": 19.29990005493164
        },
        {
            "jd": 2459297.7553009,
            "fid": 2,
            "diffmaglim": 19.45560073852539
        },
        {
            "jd": 2459301.7943403,
            "fid": 2,
            "diffmaglim": 18.218700408935547
        },
        {
            "jd": 2459301.8410301,
            "fid": 1,
            "diffmaglim": 18.470500946044922
        },
        {
            "jd": 2459303.7550579,
            "fid": 1,
            "diffmaglim": 19.49090003967285
        },
        {
            "jd": 2459303.8520255,
            "fid": 2,
            "diffmaglim": 19.27079963684082
        },
        {
            "jd": 2459305.7915625,
            "fid": 1,
            "diffmaglim": 19.945199966430664
        },
        {
            "jd": 2459307.7496644,
            "fid": 2,
            "diffmaglim": 20.377700805664062
        },
        {
            "jd": 2459307.7786806,
            "fid": 1,
            "diffmaglim": 20.553800582885742
        },
        {
            "jd": 2459309.6714468,
            "fid": 1,
            "diffmaglim": 19.869199752807617
        },
        {
            "jd": 2459309.7494329,
            "fid": 2,
            "diffmaglim": 20.20199966430664
        },
        {
            "jd": 2459311.6695255,
            "fid": 2,
            "diffmaglim": 19.53820037841797
        },
        {
            "jd": 2459311.7109375,
            "fid": 1,
            "diffmaglim": 19.29199981689453
        },
        {
            "jd": 2459313.7064005,
            "fid": 2,
            "diffmaglim": 20.225400924682617
        },
        {
            "jd": 2459313.7347106,
            "fid": 1,
            "diffmaglim": 20.49880027770996
        },
        {
            "jd": 2459317.674919,
            "fid": 1,
            "diffmaglim": 20.66200065612793
        },
        {
            "jd": 2459358.7378704,
            "fid": 1,
            "diffmaglim": 18.857999801635742
        },
        {
            "jd": 2459361.6950579,
            "fid": 2,
            "diffmaglim": 19.74679946899414
        },
        {
            "jd": 2459361.741875,
            "fid": 1,
            "diffmaglim": 18.944299697875977
        }
    ],
    "forcedphot": []
}