{
    "objectId": "ZTF23aazuzip",
    "candidates": [
        {
            "candid": 2428233065015015010,
            "jd": 2460182.7330671,
            "ra": 256.0428891,
            "dec": 6.7726287,
            "fid": 1,
            "nid": 2428,
            "magpsf": 19.535900115966797,
            "sigmapsf": 0.2121800035238266,
            "magnr": 19.062999725341797,
            "sigmagnr": 0.10400000214576721,
            "magzpsci": 26.313899993896484,
            "isdiffpos": "t",
            "ssdistnr": null,
            "ssnamenr": null,
            "drb": 0.9979808926582336
        },
        {
            "candid": 2428277385015015008,
            "jd": 2460182.7773843,
            "ra": 256.0431579,
            "dec": 6.7728716,
            "fid": 2,
            "nid": 2428,
            "magpsf": 19.165300369262695,
            "sigmapsf": 0.17891299724578857,
            "magnr": 18.243000030517578,
            "sigmagnr": 0.1340000033378601,
            "magzpsci": 26.240299224853516,
            "isdiffpos": "t",
            "ssdistnr": null,
            "ssnamenr": null,
            "drb": null
        },
        {
            "candid": 2430192675015015013,
            "jd": 2460184.6926736,
            "ra": 256.0431204,
            "dec": 6.772862,
            "fid": 1,
            "nid": 2430,
            "magpsf": 19.492700576782227,
            "sigmapsf": 0.22529500722885132,
            "magnr": 19.062999725341797,
            "sigmagnr": 0.10400000214576721,
            "magzpsci": 26.312700271606445,
            "isdiffpos": "t",
            "ssdistnr": null,
            "ssnamenr": null,
            "drb": null
        },
        {
            "candid": 2430243955015015004,
            "jd": 2460184.7439583,
            "ra": 256.0431007,
            "dec": 6.7727863,
            "fid": 2,
            "nid": 2430,
            "magpsf": 18.989700317382812,
            "sigmapsf": 0.14234699308872223,
            "magnr": 18.243000030517578,
            "sigmagnr": 0.1340000033378601,
            "magzpsci": 26.247699737548828,
            "isdiffpos": "t",
            "ssdistnr": null,
            "ssnamenr": null,
            "drb": null
        },
        {
            "candid": 2432172285015015009,
            "jd": 2460186.6722801,
            "ra": 256.0430477,
            "dec": 6.772855,
            "fid": 1,
            "nid": 2432,
            "magpsf": 19.15690040588379,
            "sigmapsf": 0.18794399499893188,
            "magnr": 19.062999725341797,
            "sigmagnr": 0.10400000214576721,
            "magzpsci": 26.341899871826172,
            "isdiffpos": "t",
            "ssdistnr": null,
            "ssnamenr": null,
            "drb": null
        },
        {
            "candid": 2432261805015015003,
            "jd": 2460186.7618056,
            "ra": 256.0430706,
            "dec": 6.7727582,
            "fid": 2,
            "nid": 2432,
            "magpsf": 18.712900161743164,
            "sigmapsf": 0.13008199632167816,
            "magnr": 18.243000030517578,
            "sigmagnr": 0.1340000033378601,
            "magzpsci": 26.222900390625,
            "isdiffpos": "t",
            "ssdistnr": null,
            "ssnamenr": null,
            "drb": null
        },
        {
            "candid": 2434160015015015009,
            "jd": 2460188.6600116,
            "ra": 256.0430539,
            "dec": 6.7728576,
            "fid": 1,
            "nid": 2434,
            "magpsf": 18.843599319458008,
            "sigmapsf": 0.13236799836158752,
            "magnr": 19.062999725341797,
            "sigmagnr": 0.10400000214576721,
            "magzpsci": 26.276599884033203,
            "isdiffpos": "t",
            "ssdistnr": null,
            "ssnamenr": null,
            "drb": null
        },
        {
            "candid": 2440153795015015014,
            "jd": 2460194.6537963,
            "ra": 256.0430471,
            "dec": 6.7728135,
            "fid": 1,
            "nid": 2440,
            "magpsf": 18.94070053100586,
            "sigmapsf": 0.1239050030708313,
            "magnr": 19.062999725341797,
            "sigmagnr": 0.10400000214576721,
            "magzpsci": 26.347700119018555,
            "isdiffpos": "t",
            "ssdistnr": null,
            "ssnamenr": null,
            "drb": null
        },
        {
            "candid": 2442204205015015007,
            "jd": 2460196.7042014,
            "ra": 256.0430708,
            "dec": 6.772805,
            "fid": 2,
            "nid": 2442,
            "magpsf": 18.483400344848633,
            "sigmapsf": 0.0943169966340065,
            "magnr": 18.243000030517578,
            "sigmagnr": 0.1340000033378601,
            "magzpsci": 26.143400192260742,
            "isdiffpos": "t",
            "ssdistnr": null,
            "ssnamenr": null,
            "drb": null
        },
        {
            "candid": 2446174585015015007,
            "jd": 2460200.6745833,
            "ra": 256.0430676,
            "dec": 6.7727821,
            "fid": 2,
            "nid": 2446,
            "magpsf": 18.753599166870117,
            "sigmapsf": 0.09501300007104874,
            "magnr": 18.243000030517578,
            "sigmagnr": 0.1340000033378601,
            "magzpsci": 26.28459930419922,
            "isdiffpos": "t",
            "ssdistnr": null,
            "ssnamenr": null,
            "drb": null
        },
        {
            "candid": 2446221045015015003,
            "jd": 2460200.7210417,
            "ra": 256.0430519,
            "dec": 6.7727735,
            "fid": 1,
            "nid": 2446,
            "magpsf": 19.728500366210938,
            "sigmapsf": 0.18904399871826172,
            "magnr": 19.062999725341797,
            "sigmagnr": 0.10400000214576721,
            "magzpsci": 26.207500457763672,
            "isdiffpos": "t",
            "ssdistnr": null,
            "ssnamenr": null,
            "drb": null
        },
        {
            "candid": 2450150765015015013,
            "jd": 2460204.6507639,
            "ra": 256.043098,
            "dec": 6.7727677,
            "fid": 2,
            "nid": 2450,
            "magpsf": 18.908300399780273,
            "sigmapsf": 0.08795800060033798,
            "magnr": 18.243000030517578,
            "sigmagnr": 0.1340000033378601,
            "magzpsci": 26.251300811767578,
            "isdiffpos": "t",
            "ssdistnr": null,
            "ssnamenr": null,
            "drb": null
        },
        {
            "candid": 2450216165015015007,
            "jd": 2460204.716169,
            "ra": 256.0431121,
            "dec": 6.7728688,
            "fid": 1,
            "nid": 2450,
            "magpsf": 20.13559913635254,
            "sigmapsf": 0.24631699919700623,
            "magnr": 19.062999725341797,
            "sigmagnr": 0.10400000214576721,
            "magzpsci": 26.13559913635254,
            "isdiffpos": "t",
            "ssdistnr": null,
            "ssnamenr": null,
            "drb": null
        },
        {
            "candid": 2452187665015015007,
            "jd": 2460206.687662,
            "ra": 256.0430939,
            "dec": 6.7727615,
            "fid": 2,
            "nid": 2452,
            "magpsf": 19.090593338012695,
            "sigmapsf": 0.09468350559473038,
            "magnr": 18.243000030517578,
            "sigmagnr": 0.1340000033378601,
            "magzpsci": 26.283594131469727,
            "isdiffpos": "t",
            "ssdistnr": -999.0,
            "ssnamenr": "null",
            "drb": null
        },
        {
            "jd": 2460153.7487037,
            "fid": 2,
            "diffmaglim": 19.961700439453125
        },
        {
            "jd": 2460153.7746065,
            "fid": 1,
            "diffmaglim": 19.78350067138672
        },
        {
            "jd": 2460155.7984375,
            "fid": 2,
            "diffmaglim": 19.527799606323242
        },
        {
            "jd": 2460158.7311227,
            "fid": 2,
            "diffmaglim": 18.863399505615234
        },
        {
            "jd": 2460161.6765509,
            "fid": 2,
            "diffmaglim": 20.280500411987305
        },
        {
            "jd": 2460161.6904861,
            "fid": 1,
            "diffmaglim": 20.392499923706055
        },
        {
            "jd": 2460165.7134606,
            "fid": 2,
            "diffmaglim": 20.47209930419922
        },
        {
            "jd": 2460165.8161458,
            "fid": 1,
            "diffmaglim": 19.70840072631836
        },
        {
            "jd": 2460169.7914815,
            "fid": 2,
            "diffmaglim": 18.88319969177246
        },
        {
            "jd": 2460171.6937269,
            "fid": 1,
            "diffmaglim": 20.521900177001953
        },
        {
            "jd": 2460171.711875,
            "fid": 2,
            "diffmaglim": 20.367599487304688
        },
        {
            "jd": 2460173.6874421,
            "fid": 2,
            "diffmaglim": 20.487699508666992
        },
        {
            "jd": 2460173.6922917,
            "fid": 1,
            "diffmaglim": 20.5093994140625
        },
        {
            "jd": 2460178.7358796,
            "fid": 2,
            "diffmaglim": 20.784099578857422
        },
        {
            "jd": 2460188.7273032,
            "fid": 2,
            "diffmaglim": 16.721099853515625
        }
    ],
    "forcedphot": []
}