{
    "objectId": "ZTF20abgbxvb",
    "candidates": [
        {
            "candid": 1264392125615015004,
            "jd": 2459018.8921296,
            "ra": 10.8526805,
            "dec": 50.6744554,
            "fid": 1,
            "nid": 1264,
            "magpsf": 17.972999572753906,
            "sigmapsf": 0.06103299930691719,
            "magnr": 18.80500030517578,
            "sigmagnr": 0.0820000022649765,
            "magzpsci": 26.190000534057617,
            "isdiffpos": "t",
            "ssdistnr": -999.0,
            "ssnamenr": "null",
            "drb": 0.9999949932098389
        },
        {
            "candid": 1264472165615015017,
            "jd": 2459018.9721644,
            "ra": 10.8526805,
            "dec": 50.6744643,
            "fid": 2,
            "nid": 1264,
            "magpsf": 17.647199630737305,
            "sigmapsf": 0.042440999299287796,
            "magnr": 18.427000045776367,
            "sigmagnr": 0.09399999678134918,
            "magzpsci": 26.2362003326416,
            "isdiffpos": "t",
            "ssdistnr": -999.0,
            "ssnamenr": "-999.0",
            "drb": null
        },
        {
            "candid": 1270385745615015026,
            "jd": 2459024.8857407,
            "ra": 10.8527449,
            "dec": 50.674468,
            "fid": 1,
            "nid": 1270,
            "magpsf": 17.915199279785156,
            "sigmapsf": 0.03389599919319153,
            "magnr": 18.80500030517578,
            "sigmagnr": 0.0820000022649765,
            "magzpsci": 26.081199645996094,
            "isdiffpos": "t",
            "ssdistnr": -999.0,
            "ssnamenr": "null",
            "drb": 0.9999269843101501
        },
        {
            "candid": 1270468945615015011,
            "jd": 2459024.9689468,
            "ra": 10.8526466,
            "dec": 50.6744592,
            "fid": 2,
            "nid": 1270,
            "magpsf": 17.43709945678711,
            "sigmapsf": 0.044888000935316086,
            "magnr": 18.427000045776367,
            "sigmagnr": 0.09399999678134918,
            "magzpsci": 25.978099822998047,
            "isdiffpos": "t",
            "ssdistnr": -999.0,
            "ssnamenr": "null",
            "drb": 0.9991390109062195
        },
        {
            "candid": 1273368315615015014,
            "jd": 2459027.8683102,
            "ra": 10.8526368,
            "dec": 50.6744278,
            "fid": 1,
            "nid": 1273,
            "magpsf": 18.106599807739258,
            "sigmapsf": 0.07963600009679794,
            "magnr": 18.80500030517578,
            "sigmagnr": 0.0820000022649765,
            "magzpsci": 26.0585994720459,
            "isdiffpos": "t",
            "ssdistnr": -999.0,
            "ssnamenr": "null",
            "drb": 0.9999960064888
        },
        {
            "candid": 1276360565615015008,
            "jd": 2459030.8605671,
            "ra": 10.8527444,
            "dec": 50.6744239,
            "fid": 1,
            "nid": 1276,
            "magpsf": 18.261899948120117,
            "sigmapsf": 0.08713500201702118,
            "magnr": 18.80500030517578,
            "sigmagnr": 0.0820000022649765,
            "magzpsci": 26.125900268554688,
            "isdiffpos": "t",
            "ssdistnr": -999.0,
            "ssnamenr": "null",
            "drb": 1.0
        },
        {
            "candid": 1276477935615015009,
            "jd": 2459030.9779398,
            "ra": 10.8526943,
            "dec": 50.6744481,
            "fid": 2,
            "nid": 1276,
            "magpsf": 17.615800857543945,
            "sigmapsf": 0.05174899846315384,
            "magnr": 18.427000045776367,
            "sigmagnr": 0.09399999678134918,
            "magzpsci": 26.229799270629883,
            "isdiffpos": "t",
            "ssdistnr": -999.0,
            "ssnamenr": "null",
            "drb": 1.0
        },
        {
            "candid": 1279363735615015002,
            "jd": 2459033.8637384,
            "ra": 10.8526729,
            "dec": 50.67444,
            "fid": 2,
            "nid": 1279,
            "magpsf": 17.75670051574707,
            "sigmapsf": 0.06271199882030487,
            "magnr": 18.427000045776367,
            "sigmagnr": 0.09399999678134918,
            "magzpsci": 26.224700927734375,
            "isdiffpos": "t",
            "ssdistnr": -999.0,
            "ssnamenr": "null",
            "drb": 1.0
        },
        {
            "candid": 1279451885615015012,
            "jd": 2459033.9518866,
            "ra": 10.8527092,
            "dec": 50.6744467,
            "fid": 1,
            "nid": 1279,
            "magpsf": 18.648500442504883,
            "sigmapsf": 0.07720600068569183,
            "magnr": 18.80500030517578,
            "sigmagnr": 0.0820000022649765,
            "magzpsci": 26.359500885009766,
            "isdiffpos": "t",
            "ssdistnr": -999.0,
            "ssnamenr": "null",
            "drb": 1.0
        },
        {
            "candid": 1285451645615015006,
            "jd": 2459039.9516435,
            "ra": 10.8526749,
            "dec": 50.6744443,
            "fid": 2,
            "nid": 1285,
            "magpsf": 18.13050079345703,
            "sigmapsf": 0.07821200042963028,
            "magnr": 18.427000045776367,
            "sigmagnr": 0.09399999678134918,
            "magzpsci": 26.285499572753906,
            "isdiffpos": "t",
            "ssdistnr": -999.0,
            "ssnamenr": "null",
            "drb": 1.0
        },
        {
            "candid": 1290464475615015026,
            "jd": 2459044.9644792,
            "ra": 10.8526707,
            "dec": 50.6744671,
            "fid": 2,
            "nid": 1290,
            "magpsf": 18.39430046081543,
            "sigmapsf": 0.07064799964427948,
            "magnr": 18.427000045776367,
            "sigmagnr": 0.09399999678134918,
            "magzpsci": 26.275299072265625,
            "isdiffpos": "t",
            "ssdistnr": -999.0,
            "ssnamenr": "null",
            "drb": 1.0
        },
        {
            "candid": 1290486435615015015,
            "jd": 2459044.9864352,
            "ra": 10.852707,
            "dec": 50.6744652,
            "fid": 2,
            "nid": 1290,
            "magpsf": 18.3887996673584,
            "sigmapsf": 0.0634550005197525,
            "magnr": 18.427000045776367,
            "sigmagnr": 0.09399999678134918,
            "magzpsci": 26.27680015563965,
            "isdiffpos": "t",
            "ssdistnr": -999.0,
            "ssnamenr": "null",
            "drb": 1.0
        },
        {
            "candid": 1291365945615015016,
            "jd": 2459045.8659491,
            "ra": 10.8526837,
            "dec": 50.6744664,
            "fid": 2,
            "nid": 1291,
            "magpsf": 18.436800003051758,
            "sigmapsf": 0.04836500063538551,
            "magnr": 18.427000045776367,
            "sigmagnr": 0.09399999678134918,
            "magzpsci": 26.245800018310547,
            "isdiffpos": "t",
            "ssdistnr": -999.0,
            "ssnamenr": "null",
            "drb": 1.0
        },
        {
            "candid": 1292418785615015026,
            "jd": 2459046.9187847,
            "ra": 10.8526706,
            "dec": 50.6744584,
            "fid": 2,
            "nid": 1292,
            "magpsf": 18.452600479125977,
            "sigmapsf": 0.062043000012636185,
            "magnr": 18.427000045776367,
            "sigmagnr": 0.09399999678134918,
            "magzpsci": 26.272600173950195,
            "isdiffpos": "t",
            "ssdistnr": -999.0,
            "ssnamenr": "null",
            "drb": 1.0
        },
        {
            "candid": 1292471715615015024,
            "jd": 2459046.971713,
            "ra": 10.852667,
            "dec": 50.6745117,
            "fid": 1,
            "nid": 1292,
            "magpsf": 19.888500213623047,
            "sigmapsf": 0.11468099802732468,
            "magnr": 18.80500030517578,
            "sigmagnr": 0.0820000022649765,
            "magzpsci": 26.37649917602539,
            "isdiffpos": "t",
            "ssdistnr": -999.0,
            "ssnamenr": "null",
            "drb": 0.9999650120735168
        },
        {
            "candid": 1293462525615015023,
            "jd": 2459047.9625231,
            "ra": 10.8526251,
            "dec": 50.6744046,
            "fid": 1,
            "nid": 1293,
            "magpsf": 19.696300506591797,
            "sigmapsf": 0.08007699996232986,
            "magnr": 18.80500030517578,
            "sigmagnr": 0.0820000022649765,
            "magzpsci": 26.384300231933594,
            "isdiffpos": "t",
            "ssdistnr": -999.0,
            "ssnamenr": "null",
            "drb": 0.9999899864196777
        },
        {
            "candid": 1294410185615015032,
            "jd": 2459048.9101852,
            "ra": 10.852662,
            "dec": 50.6744841,
            "fid": 2,
            "nid": 1294,
            "magpsf": 18.565399169921875,
            "sigmapsf": 0.058917999267578125,
            "magnr": 18.427000045776367,
            "sigmagnr": 0.09399999678134918,
            "magzpsci": 26.27239990234375,
            "isdiffpos": "t",
            "ssdistnr": -999.0,
            "ssnamenr": "null",
            "drb": 0.9999970197677612
        },
        {
            "candid": 1294478175615015022,
            "jd": 2459048.9781713,
            "ra": 10.8527091,
            "dec": 50.6744112,
            "fid": 1,
            "nid": 1294,
            "magpsf": 19.938800811767578,
            "sigmapsf": 0.13364599645137787,
            "magnr": 18.80500030517578,
            "sigmagnr": 0.0820000022649765,
            "magzpsci": 26.38479995727539,
            "isdiffpos": "t",
            "ssdistnr": -999.0,
            "ssnamenr": "-999.0",
            "drb": null
        },
        {
            "candid": 1294478645615015021,
            "jd": 2459048.9786458,
            "ra": 10.8526996,
            "dec": 50.6744547,
            "fid": 1,
            "nid": 1294,
            "magpsf": 19.963300704956055,
            "sigmapsf": 0.13410300016403198,
            "magnr": 18.80500030517578,
            "sigmagnr": 0.0820000022649765,
            "magzpsci": 26.395299911499023,
            "isdiffpos": "t",
            "ssdistnr": -999.0,
            "ssnamenr": "null",
            "drb": 0.9999070167541504
        },
        {
            "candid": 1295450245615015029,
            "jd": 2459049.9502431,
            "ra": 10.8527211,
            "dec": 50.6744683,
            "fid": 1,
            "nid": 1295,
            "magpsf": 19.822999954223633,
            "sigmapsf": 0.10699500143527985,
            "magnr": 18.80500030517578,
            "sigmagnr": 0.0820000022649765,
            "magzpsci": 26.381999969482422,
            "isdiffpos": "t",
            "ssdistnr": -999.0,
            "ssnamenr": "null",
            "drb": 0.9999979734420776
        },
        {
            "candid": 1296431085615015017,
            "jd": 2459050.931088,
            "ra": 10.8526541,
            "dec": 50.6744397,
            "fid": 1,
            "nid": 1296,
            "magpsf": 20.08340072631836,
            "sigmapsf": 0.11684300005435944,
            "magnr": 18.80500030517578,
            "sigmagnr": 0.0820000022649765,
            "magzpsci": 26.36440086364746,
            "isdiffpos": "t",
            "ssdistnr": -999.0,
            "ssnamenr": "null",
            "drb": 0.9999960064888
        },
        {
            "candid": 1296464815615015026,
            "jd": 2459050.9648148,
            "ra": 10.8527263,
            "dec": 50.6744882,
            "fid": 2,
            "nid": 1296,
            "magpsf": 18.74959945678711,
            "sigmapsf": 0.06464099884033203,
            "magnr": 18.427000045776367,
            "sigmagnr": 0.09399999678134918,
            "magzpsci": 26.28260040283203,
            "isdiffpos": "t",
            "ssdistnr": -999.0,
            "ssnamenr": "null",
            "drb": 0.9999989867210388
        },
        {
            "candid": 1296485005615015023,
            "jd": 2459050.985,
            "ra": 10.8526468,
            "dec": 50.6744692,
            "fid": 2,
            "nid": 1296,
            "magpsf": 18.64620018005371,
            "sigmapsf": 0.07191500067710876,
            "magnr": 18.427000045776367,
            "sigmagnr": 0.09399999678134918,
            "magzpsci": 26.285200119018555,
            "isdiffpos": "t",
            "ssdistnr": -999.0,
            "ssnamenr": "null",
            "drb": 0.99959397315979
        },
        {
            "candid": 1298408805615015033,
            "jd": 2459052.9088079,
            "ra": 10.852682,
            "dec": 50.6744869,
            "fid": 2,
            "nid": 1298,
            "magpsf": 18.763900756835938,
            "sigmapsf": 0.07086499780416489,
            "magnr": 18.427000045776367,
            "sigmagnr": 0.09399999678134918,
            "magzpsci": 26.28689956665039,
            "isdiffpos": "t",
            "ssdistnr": -999.0,
            "ssnamenr": "null",
            "drb": 0.9999989867210388
        },
        {
            "candid": 1299425945615015018,
            "jd": 2459053.9259491,
            "ra": 10.8526818,
            "dec": 50.6744415,
            "fid": 1,
            "nid": 1299,
            "magpsf": 20.147300720214844,
            "sigmapsf": 0.11712600290775299,
            "magnr": 18.80500030517578,
            "sigmagnr": 0.0820000022649765,
            "magzpsci": 26.378299713134766,
            "isdiffpos": "t",
            "ssdistnr": -999.0,
            "ssnamenr": "null",
            "drb": 0.9990190267562866
        },
        {
            "candid": 1299465085615015019,
            "jd": 2459053.965081,
            "ra": 10.8526556,
            "dec": 50.674471,
            "fid": 2,
            "nid": 1299,
            "magpsf": 18.765399932861328,
            "sigmapsf": 0.05664699897170067,
            "magnr": 18.427000045776367,
            "sigmagnr": 0.09399999678134918,
            "magzpsci": 26.279399871826172,
            "isdiffpos": "t",
            "ssdistnr": -999.0,
            "ssnamenr": "null",
            "drb": 0.9999960064888
        },
        {
            "candid": 1299496285615015015,
            "jd": 2459053.9962847,
            "ra": 10.8526593,
            "dec": 50.674499,
            "fid": 2,
            "nid": 1299,
            "magpsf": 18.81369972229004,
            "sigmapsf": 0.0980599969625473,
            "magnr": 18.427000045776367,
            "sigmagnr": 0.09399999678134918,
            "magzpsci": 26.288700103759766,
            "isdiffpos": "t",
            "ssdistnr": -999.0,
            "ssnamenr": "null",
            "drb": 0.9999079704284668
        },
        {
            "candid": 1300407175615015011,
            "jd": 2459054.9071759,
            "ra": 10.8526748,
            "dec": 50.6744494,
            "fid": 2,
            "nid": 1300,
            "magpsf": 18.789199829101562,
            "sigmapsf": 0.07985900342464447,
            "magnr": 18.427000045776367,
            "sigmagnr": 0.09399999678134918,
            "magzpsci": 26.27720069885254,
            "isdiffpos": "t",
            "ssdistnr": -999.0,
            "ssnamenr": "null",
            "drb": 0.9999989867210388
        },
        {
            "candid": 1300487325615015015,
            "jd": 2459054.9873264,
            "ra": 10.8527334,
            "dec": 50.6743987,
            "fid": 1,
            "nid": 1300,
            "magpsf": 19.97130012512207,
            "sigmapsf": 0.14222800731658936,
            "magnr": 18.80500030517578,
            "sigmagnr": 0.0820000022649765,
            "magzpsci": 26.400299072265625,
            "isdiffpos": "t",
            "ssdistnr": -999.0,
            "ssnamenr": "null",
            "drb": 0.9988510012626648
        },
        {
            "candid": 1301431045615015011,
            "jd": 2459055.9310417,
            "ra": 10.8527085,
            "dec": 50.674419,
            "fid": 1,
            "nid": 1301,
            "magpsf": 20.040300369262695,
            "sigmapsf": 0.15091200172901154,
            "magnr": 18.80500030517578,
            "sigmagnr": 0.0820000022649765,
            "magzpsci": 26.338300704956055,
            "isdiffpos": "t",
            "ssdistnr": -999.0,
            "ssnamenr": "null",
            "drb": 0.9998829960823059
        },
        {
            "candid": 1301446805615015014,
            "jd": 2459055.9468056,
            "ra": 10.8526372,
            "dec": 50.6744701,
            "fid": 2,
            "nid": 1301,
            "magpsf": 18.949600219726562,
            "sigmapsf": 0.06667400151491165,
            "magnr": 18.427000045776367,
            "sigmagnr": 0.09399999678134918,
            "magzpsci": 26.25860023498535,
            "isdiffpos": "t",
            "ssdistnr": -999.0,
            "ssnamenr": "null",
            "drb": 0.9999989867210388
        },
        {
            "candid": 1302454685615015023,
            "jd": 2459056.9546875,
            "ra": 10.8527046,
            "dec": 50.6744421,
            "fid": 1,
            "nid": 1302,
            "magpsf": 20.137800216674805,
            "sigmapsf": 0.12543700635433197,
            "magnr": 18.80500030517578,
            "sigmagnr": 0.0820000022649765,
            "magzpsci": 26.337799072265625,
            "isdiffpos": "t",
            "ssdistnr": -999.0,
            "ssnamenr": "null",
            "drb": 0.9985970258712769
        },
        {
            "candid": 1302473355615015014,
            "jd": 2459056.9733565,
            "ra": 10.8526603,
            "dec": 50.6744835,
            "fid": 2,
            "nid": 1302,
            "magpsf": 18.86050033569336,
            "sigmapsf": 0.08966299891471863,
            "magnr": 18.427000045776367,
            "sigmagnr": 0.09399999678134918,
            "magzpsci": 26.25550079345703,
            "isdiffpos": "t",
            "ssdistnr": -999.0,
            "ssnamenr": "null",
            "drb": 1.0
        },
        {
            "candid": 1303449585615015026,
            "jd": 2459057.9495833,
            "ra": 10.8526466,
            "dec": 50.6744617,
            "fid": 2,
            "nid": 1303,
            "magpsf": 18.91320037841797,
            "sigmapsf": 0.06518399715423584,
            "magnr": 18.427000045776367,
            "sigmagnr": 0.09399999678134918,
            "magzpsci": 26.266199111938477,
            "isdiffpos": "t",
            "ssdistnr": -999.0,
            "ssnamenr": "null",
            "drb": 1.0
        },
        {
            "candid": 1303496095615015014,
            "jd": 2459057.9960995,
            "ra": 10.8526773,
            "dec": 50.6744789,
            "fid": 2,
            "nid": 1303,
            "magpsf": 19.0044002532959,
            "sigmapsf": 0.10311699658632278,
            "magnr": 18.427000045776367,
            "sigmagnr": 0.09399999678134918,
            "magzpsci": 26.269399642944336,
            "isdiffpos": "t",
            "ssdistnr": -999.0,
            "ssnamenr": "null",
            "drb": 0.9945420026779175
        },
        {
            "candid": 1305470595615015017,
            "jd": 2459059.9705903,
            "ra": 10.8526732,
            "dec": 50.6744736,
            "fid": 2,
            "nid": 1305,
            "magpsf": 18.943500518798828,
            "sigmapsf": 0.0712290033698082,
            "magnr": 18.427000045776367,
            "sigmagnr": 0.09399999678134918,
            "magzpsci": 26.286500930786133,
            "isdiffpos": "t",
            "ssdistnr": -999.0,
            "ssnamenr": "-999.0",
            "drb": null
        },
        {
            "candid": 1305473425615015013,
            "jd": 2459059.9734259,
            "ra": 10.8526823,
            "dec": 50.6744627,
            "fid": 2,
            "nid": 1305,
            "magpsf": 18.954500198364258,
            "sigmapsf": 0.08425699919462204,
            "magnr": 18.427000045776367,
            "sigmagnr": 0.09399999678134918,
            "magzpsci": 26.287500381469727,
            "isdiffpos": "t",
            "ssdistnr": -999.0,
            "ssnamenr": "null",
            "drb": 0.9999899864196777
        },
        {
            "candid": 1306435795615015014,
            "jd": 2459060.9357986,
            "ra": 10.8526865,
            "dec": 50.6744757,
            "fid": 2,
            "nid": 1306,
            "magpsf": 18.862699508666992,
            "sigmapsf": 0.05317499861121178,
            "magnr": 18.427000045776367,
            "sigmagnr": 0.09399999678134918,
            "magzpsci": 26.262699127197266,
            "isdiffpos": "t",
            "ssdistnr": -999.0,
            "ssnamenr": "null",
            "drb": 1.0
        },
        {
            "candid": 1307367365615015020,
            "jd": 2459061.8673611,
            "ra": 10.8526658,
            "dec": 50.6744511,
            "fid": 2,
            "nid": 1307,
            "magpsf": 18.90559959411621,
            "sigmapsf": 0.08361899852752686,
            "magnr": 18.427000045776367,
            "sigmagnr": 0.09399999678134918,
            "magzpsci": 26.235599517822266,
            "isdiffpos": "t",
            "ssdistnr": -999.0,
            "ssnamenr": "null",
            "drb": 1.0
        },
        {
            "candid": 1308475995615015022,
            "jd": 2459062.9759954,
            "ra": 10.852679,
            "dec": 50.6744635,
            "fid": 2,
            "nid": 1308,
            "magpsf": 19.164600372314453,
            "sigmapsf": 0.0763309970498085,
            "magnr": 18.427000045776367,
            "sigmagnr": 0.09399999678134918,
            "magzpsci": 26.257600784301758,
            "isdiffpos": "t",
            "ssdistnr": -999.0,
            "ssnamenr": "null",
            "drb": 0.999970018863678
        },
        {
            "candid": 1309352915615015015,
            "jd": 2459063.8529167,
            "ra": 10.8526588,
            "dec": 50.6744924,
            "fid": 2,
            "nid": 1309,
            "magpsf": 18.905500411987305,
            "sigmapsf": 0.11311999708414078,
            "magnr": 18.427000045776367,
            "sigmagnr": 0.09399999678134918,
            "magzpsci": 26.25149917602539,
            "isdiffpos": "t",
            "ssdistnr": -999.0,
            "ssnamenr": "null",
            "drb": 0.9999989867210388
        },
        {
            "candid": 1309388715615015009,
            "jd": 2459063.8887153,
            "ra": 10.8526461,
            "dec": 50.6744446,
            "fid": 2,
            "nid": 1309,
            "magpsf": 19.134700775146484,
            "sigmapsf": 0.141075000166893,
            "magnr": 18.427000045776367,
            "sigmagnr": 0.09399999678134918,
            "magzpsci": 26.270700454711914,
            "isdiffpos": "t",
            "ssdistnr": -999.0,
            "ssnamenr": "null",
            "drb": 0.9999859929084778
        },
        {
            "candid": 1311367175615015011,
            "jd": 2459065.8671759,
            "ra": 10.8526986,
            "dec": 50.6744684,
            "fid": 2,
            "nid": 1311,
            "magpsf": 19.1658992767334,
            "sigmapsf": 0.1650400012731552,
            "magnr": 18.427000045776367,
            "sigmagnr": 0.09399999678134918,
            "magzpsci": 26.229900360107422,
            "isdiffpos": "t",
            "ssdistnr": -999.0,
            "ssnamenr": "null",
            "drb": 1.0
        },
        {
            "candid": 1311443965615015015,
            "jd": 2459065.9439699,
            "ra": 10.8526479,
            "dec": 50.6744738,
            "fid": 2,
            "nid": 1311,
            "magpsf": 19.079500198364258,
            "sigmapsf": 0.126009002327919,
            "magnr": 18.427000045776367,
            "sigmagnr": 0.09399999678134918,
            "magzpsci": 26.249500274658203,
            "isdiffpos": "t",
            "ssdistnr": -999.0,
            "ssnamenr": "null",
            "drb": 1.0
        },
        {
            "candid": 1312491895615015008,
            "jd": 2459066.9918981,
            "ra": 10.8526666,
            "dec": 50.6744657,
            "fid": 2,
            "nid": 1312,
            "magpsf": 19.17020034790039,
            "sigmapsf": 0.10995300114154816,
            "magnr": 18.427000045776367,
            "sigmagnr": 0.09399999678134918,
            "magzpsci": 26.257200241088867,
            "isdiffpos": "t",
            "ssdistnr": -999.0,
            "ssnamenr": "null",
            "drb": 1.0
        },
        {
            "candid": 1313451345615015013,
            "jd": 2459067.9513426,
            "ra": 10.8526624,
            "dec": 50.6744801,
            "fid": 2,
            "nid": 1313,
            "magpsf": 19.1914005279541,
            "sigmapsf": 0.10421500355005264,
            "magnr": 18.427000045776367,
            "sigmagnr": 0.09399999678134918,
            "magzpsci": 26.280399322509766,
            "isdiffpos": "t",
            "ssdistnr": -999.0,
            "ssnamenr": "null",
            "drb": 0.9999989867210388
        },
        {
            "candid": 1314401495615015012,
            "jd": 2459068.9014931,
            "ra": 10.8527372,
            "dec": 50.6744582,
            "fid": 2,
            "nid": 1314,
            "magpsf": 19.092899322509766,
            "sigmapsf": 0.08360999822616577,
            "magnr": 18.427000045776367,
            "sigmagnr": 0.09399999678134918,
            "magzpsci": 26.2908992767334,
            "isdiffpos": "t",
            "ssdistnr": -999.0,
            "ssnamenr": "null",
            "drb": 0.9999970197677612
        },
        {
            "candid": 1315430625615015013,
            "jd": 2459069.930625,
            "ra": 10.8527312,
            "dec": 50.6744572,
            "fid": 2,
            "nid": 1315,
            "magpsf": 19.263099670410156,
            "sigmapsf": 0.11703500151634216,
            "magnr": 18.427000045776367,
            "sigmagnr": 0.09399999678134918,
            "magzpsci": 26.293100357055664,
            "isdiffpos": "t",
            "ssdistnr": -999.0,
            "ssnamenr": "null",
            "drb": 1.0
        },
        {
            "candid": 1318496435615015017,
            "jd": 2459072.9964352,
            "ra": 10.8526405,
            "dec": 50.6744506,
            "fid": 2,
            "nid": 1318,
            "magpsf": 19.268800735473633,
            "sigmapsf": 0.09369300305843353,
            "magnr": 18.427000045776367,
            "sigmagnr": 0.09399999678134918,
            "magzpsci": 26.26580047607422,
            "isdiffpos": "t",
            "ssdistnr": -999.0,
            "ssnamenr": "null",
            "drb": 0.9999989867210388
        },
        {
            "candid": 1319381505615015014,
            "jd": 2459073.8815046,
            "ra": 10.8526361,
            "dec": 50.674448,
            "fid": 1,
            "nid": 1319,
            "magpsf": 20.378999710083008,
            "sigmapsf": 0.1901479959487915,
            "magnr": 18.80500030517578,
            "sigmagnr": 0.0820000022649765,
            "magzpsci": 26.35700035095215,
            "isdiffpos": "t",
            "ssdistnr": -999.0,
            "ssnamenr": "null",
            "drb": 0.9431769847869873
        },
        {
            "candid": 1319452545615015021,
            "jd": 2459073.9525463,
            "ra": 10.8526562,
            "dec": 50.6744544,
            "fid": 2,
            "nid": 1319,
            "magpsf": 19.288799285888672,
            "sigmapsf": 0.09339000284671783,
            "magnr": 18.427000045776367,
            "sigmagnr": 0.09399999678134918,
            "magzpsci": 26.25779914855957,
            "isdiffpos": "t",
            "ssdistnr": -999.0,
            "ssnamenr": "null",
            "drb": 0.9999979734420776
        },
        {
            "candid": 1319479445615015017,
            "jd": 2459073.9794444,
            "ra": 10.8526527,
            "dec": 50.6744381,
            "fid": 2,
            "nid": 1319,
            "magpsf": 19.20210075378418,
            "sigmapsf": 0.09806200116872787,
            "magnr": 18.427000045776367,
            "sigmagnr": 0.09399999678134918,
            "magzpsci": 26.25510025024414,
            "isdiffpos": "t",
            "ssdistnr": -999.0,
            "ssnamenr": "null",
            "drb": 0.9999949932098389
        },
        {
            "candid": 1321398625615015018,
            "jd": 2459075.8986227,
            "ra": 10.8528746,
            "dec": 50.674406,
            "fid": 1,
            "nid": 1321,
            "magpsf": 20.394899368286133,
            "sigmapsf": 0.23876799643039703,
            "magnr": 18.80500030517578,
            "sigmagnr": 0.0820000022649765,
            "magzpsci": 26.27989959716797,
            "isdiffpos": "t",
            "ssdistnr": -999.0,
            "ssnamenr": "-999.0",
            "drb": null
        },
        {
            "candid": 1322391955615015021,
            "jd": 2459076.891956,
            "ra": 10.8527081,
            "dec": 50.6744623,
            "fid": 2,
            "nid": 1322,
            "magpsf": 19.293699264526367,
            "sigmapsf": 0.0847029983997345,
            "magnr": 18.427000045776367,
            "sigmagnr": 0.09399999678134918,
            "magzpsci": 26.21769905090332,
            "isdiffpos": "t",
            "ssdistnr": -999.0,
            "ssnamenr": "null",
            "drb": 0.9999849796295166
        },
        {
            "candid": 1323477625615015027,
            "jd": 2459077.9776273,
            "ra": 10.852654,
            "dec": 50.6744595,
            "fid": 2,
            "nid": 1323,
            "magpsf": 19.400999069213867,
            "sigmapsf": 0.0952640026807785,
            "magnr": 18.427000045776367,
            "sigmagnr": 0.09399999678134918,
            "magzpsci": 26.202999114990234,
            "isdiffpos": "t",
            "ssdistnr": -999.0,
            "ssnamenr": "null",
            "drb": 0.9999949932098389
        },
        {
            "candid": 1324399615615015021,
            "jd": 2459078.8996181,
            "ra": 10.8527322,
            "dec": 50.6744175,
            "fid": 1,
            "nid": 1324,
            "magpsf": 20.613000869750977,
            "sigmapsf": 0.20420099794864655,
            "magnr": 18.80500030517578,
            "sigmagnr": 0.0820000022649765,
            "magzpsci": 26.19700050354004,
            "isdiffpos": "t",
            "ssdistnr": -999.0,
            "ssnamenr": "null",
            "drb": 0.9996989965438843
        },
        {
            "candid": 1324399615615025021,
            "jd": 2459078.8996181,
            "ra": 10.8527322,
            "dec": 50.6744175,
            "fid": 1,
            "nid": 1324,
            "magpsf": 20.613000869750977,
            "sigmapsf": 0.20420099794864655,
            "magnr": 18.80500030517578,
            "sigmagnr": 0.0820000022649765,
            "magzpsci": 26.19700050354004,
            "isdiffpos": "t",
            "ssdistnr": -999.0,
            "ssnamenr": "null",
            "drb": 0.9996989965438843
        },
        {
            "candid": 1325385265615015025,
            "jd": 2459079.8852662,
            "ra": 10.8526405,
            "dec": 50.6744728,
            "fid": 2,
            "nid": 1325,
            "magpsf": 19.40959930419922,
            "sigmapsf": 0.10101000219583511,
            "magnr": 18.427000045776367,
            "sigmagnr": 0.09399999678134918,
            "magzpsci": 26.18160057067871,
            "isdiffpos": "t",
            "ssdistnr": -999.0,
            "ssnamenr": "null",
            "drb": 0.9999970197677612
        },
        {
            "candid": 1326409305615015016,
            "jd": 2459080.9093056,
            "ra": 10.852628,
            "dec": 50.6744409,
            "fid": 1,
            "nid": 1326,
            "magpsf": 20.631000518798828,
            "sigmapsf": 0.3643620014190674,
            "magnr": 18.80500030517578,
            "sigmagnr": 0.0820000022649765,
            "magzpsci": 26.02400016784668,
            "isdiffpos": "t",
            "ssdistnr": -999.0,
            "ssnamenr": "-999.0",
            "drb": null
        },
        {
            "candid": 1326510995615015009,
            "jd": 2459081.0109954,
            "ra": 10.8526879,
            "dec": 50.6744701,
            "fid": 2,
            "nid": 1326,
            "magpsf": 19.309799194335938,
            "sigmapsf": 0.12221000343561172,
            "magnr": 18.427000045776367,
            "sigmagnr": 0.09399999678134918,
            "magzpsci": 26.09779930114746,
            "isdiffpos": "t",
            "ssdistnr": -999.0,
            "ssnamenr": "null",
            "drb": 0.9999949932098389
        },
        {
            "candid": 1327388055615015021,
            "jd": 2459081.8880556,
            "ra": 10.8526272,
            "dec": 50.6744437,
            "fid": 2,
            "nid": 1327,
            "magpsf": 19.170499801635742,
            "sigmapsf": 0.08846499770879745,
            "magnr": 18.427000045776367,
            "sigmagnr": 0.09399999678134918,
            "magzpsci": 26.10650062561035,
            "isdiffpos": "t",
            "ssdistnr": -999.0,
            "ssnamenr": "null",
            "drb": 1.0
        },
        {
            "candid": 1328474625615015022,
            "jd": 2459082.9746296,
            "ra": 10.8526629,
            "dec": 50.6744983,
            "fid": 2,
            "nid": 1328,
            "magpsf": 19.515300750732422,
            "sigmapsf": 0.12675300240516663,
            "magnr": 18.427000045776367,
            "sigmagnr": 0.09399999678134918,
            "magzpsci": 26.13330078125,
            "isdiffpos": "t",
            "ssdistnr": -999.0,
            "ssnamenr": "null",
            "drb": 1.0
        },
        {
            "candid": 1328506515615015018,
            "jd": 2459083.0065162,
            "ra": 10.8526628,
            "dec": 50.6744723,
            "fid": 2,
            "nid": 1328,
            "magpsf": 19.38719940185547,
            "sigmapsf": 0.13012899458408356,
            "magnr": 18.427000045776367,
            "sigmagnr": 0.09399999678134918,
            "magzpsci": 26.147199630737305,
            "isdiffpos": "t",
            "ssdistnr": -999.0,
            "ssnamenr": "null",
            "drb": 0.9987030029296875
        },
        {
            "candid": 1331362475615015017,
            "jd": 2459085.8624769,
            "ra": 10.8527473,
            "dec": 50.6743806,
            "fid": 1,
            "nid": 1331,
            "magpsf": 20.421100616455078,
            "sigmapsf": 0.16543300449848175,
            "magnr": 18.80500030517578,
            "sigmagnr": 0.0820000022649765,
            "magzpsci": 26.28809928894043,
            "isdiffpos": "t",
            "ssdistnr": -999.0,
            "ssnamenr": "null",
            "drb": 0.99931401014328
        },
        {
            "candid": 1331382885615015029,
            "jd": 2459085.8828819,
            "ra": 10.8527577,
            "dec": 50.674427,
            "fid": 1,
            "nid": 1331,
            "magpsf": 20.387800216674805,
            "sigmapsf": 0.1561640053987503,
            "magnr": 18.80500030517578,
            "sigmagnr": 0.0820000022649765,
            "magzpsci": 26.303800582885742,
            "isdiffpos": "t",
            "ssdistnr": -999.0,
            "ssnamenr": "null",
            "drb": 0.9999780058860779
        },
        {
            "candid": 1331470155615015023,
            "jd": 2459085.9701505,
            "ra": 10.8526405,
            "dec": 50.6744838,
            "fid": 2,
            "nid": 1331,
            "magpsf": 19.50189971923828,
            "sigmapsf": 0.08973599970340729,
            "magnr": 18.427000045776367,
            "sigmagnr": 0.09399999678134918,
            "magzpsci": 26.1968994140625,
            "isdiffpos": "t",
            "ssdistnr": -999.0,
            "ssnamenr": "null",
            "drb": 0.9999889731407166
        },
        {
            "candid": 1332361285615015021,
            "jd": 2459086.8612847,
            "ra": 10.8526511,
            "dec": 50.6744714,
            "fid": 2,
            "nid": 1332,
            "magpsf": 19.578100204467773,
            "sigmapsf": 0.10956200212240219,
            "magnr": 18.427000045776367,
            "sigmagnr": 0.09399999678134918,
            "magzpsci": 26.22209930419922,
            "isdiffpos": "t",
            "ssdistnr": -999.0,
            "ssnamenr": "null",
            "drb": 0.9999989867210388
        },
        {
            "candid": 1332403055615015030,
            "jd": 2459086.9030556,
            "ra": 10.8526317,
            "dec": 50.6744726,
            "fid": 2,
            "nid": 1332,
            "magpsf": 19.44179916381836,
            "sigmapsf": 0.0828230008482933,
            "magnr": 18.427000045776367,
            "sigmagnr": 0.09399999678134918,
            "magzpsci": 26.22480010986328,
            "isdiffpos": "t",
            "ssdistnr": -999.0,
            "ssnamenr": "null",
            "drb": 1.0
        },
        {
            "candid": 1332475335615015028,
            "jd": 2459086.9753356,
            "ra": 10.8527533,
            "dec": 50.6744735,
            "fid": 1,
            "nid": 1332,
            "magpsf": 20.68280029296875,
            "sigmapsf": 0.21387599408626556,
            "magnr": 18.80500030517578,
            "sigmagnr": 0.0820000022649765,
            "magzpsci": 26.216800689697266,
            "isdiffpos": "t",
            "ssdistnr": -999.0,
            "ssnamenr": "null",
            "drb": 0.9998639822006226
        },
        {
            "candid": 1333426605615015018,
            "jd": 2459087.9266088,
            "ra": 10.8526578,
            "dec": 50.6744881,
            "fid": 2,
            "nid": 1333,
            "magpsf": 19.566699981689453,
            "sigmapsf": 0.13760599493980408,
            "magnr": 18.427000045776367,
            "sigmagnr": 0.09399999678134918,
            "magzpsci": 26.12470054626465,
            "isdiffpos": "t",
            "ssdistnr": -999.0,
            "ssnamenr": "null",
            "drb": 0.9999979734420776
        },
        {
            "candid": 1333433325615015017,
            "jd": 2459087.9333218,
            "ra": 10.8526849,
            "dec": 50.6744811,
            "fid": 2,
            "nid": 1333,
            "magpsf": 19.441600799560547,
            "sigmapsf": 0.08209799975156784,
            "magnr": 18.427000045776367,
            "sigmagnr": 0.09399999678134918,
            "magzpsci": 26.130599975585938,
            "isdiffpos": "t",
            "ssdistnr": -999.0,
            "ssnamenr": "-999.0",
            "drb": null
        },
        {
            "candid": 1333466575615015023,
            "jd": 2459087.9665741,
            "ra": 10.8526365,
            "dec": 50.6743998,
            "fid": 1,
            "nid": 1333,
            "magpsf": 20.606599807739258,
            "sigmapsf": 0.21036900579929352,
            "magnr": 18.80500030517578,
            "sigmagnr": 0.0820000022649765,
            "magzpsci": 26.134599685668945,
            "isdiffpos": "t",
            "ssdistnr": -999.0,
            "ssnamenr": "null",
            "drb": 0.9999529719352722
        },
        {
            "candid": 1337473155615015008,
            "jd": 2459091.9731597,
            "ra": 10.8526031,
            "dec": 50.6744681,
            "fid": 2,
            "nid": 1337,
            "magpsf": 19.63129997253418,
            "sigmapsf": 0.11952699720859528,
            "magnr": 18.427000045776367,
            "sigmagnr": 0.09399999678134918,
            "magzpsci": 26.283300399780273,
            "isdiffpos": "t",
            "ssdistnr": -999.0,
            "ssnamenr": "null",
            "drb": 0.9976810216903687
        },
        {
            "candid": 1339364895615015008,
            "jd": 2459093.8648958,
            "ra": 10.8526445,
            "dec": 50.6744809,
            "fid": 2,
            "nid": 1339,
            "magpsf": 19.441200256347656,
            "sigmapsf": 0.16312700510025024,
            "magnr": 18.427000045776367,
            "sigmagnr": 0.09399999678134918,
            "magzpsci": 26.255199432373047,
            "isdiffpos": "t",
            "ssdistnr": -999.0,
            "ssnamenr": "null",
            "drb": 0.9999899864196777
        },
        {
            "candid": 1340344295615015010,
            "jd": 2459094.844294,
            "ra": 10.8526722,
            "dec": 50.6744731,
            "fid": 2,
            "nid": 1340,
            "magpsf": 19.569400787353516,
            "sigmapsf": 0.23362700641155243,
            "magnr": 18.427000045776367,
            "sigmagnr": 0.09399999678134918,
            "magzpsci": 26.179399490356445,
            "isdiffpos": "t",
            "ssdistnr": -999.0,
            "ssnamenr": "-999.0",
            "drb": null
        },
        {
            "candid": 1341389765615015005,
            "jd": 2459095.8897685,
            "ra": 10.8526521,
            "dec": 50.674366,
            "fid": 2,
            "nid": 1341,
            "magpsf": 19.68630027770996,
            "sigmapsf": 0.19590400159358978,
            "magnr": 18.427000045776367,
            "sigmagnr": 0.09399999678134918,
            "magzpsci": 26.23430061340332,
            "isdiffpos": "t",
            "ssdistnr": -999.0,
            "ssnamenr": "-999.0",
            "drb": null
        },
        {
            "candid": 1341402075615015006,
            "jd": 2459095.9020718,
            "ra": 10.8526658,
            "dec": 50.6744651,
            "fid": 2,
            "nid": 1341,
            "magpsf": 19.70800018310547,
            "sigmapsf": 0.22111199796199799,
            "magnr": 18.427000045776367,
            "sigmagnr": 0.09399999678134918,
            "magzpsci": 26.229000091552734,
            "isdiffpos": "t",
            "ssdistnr": -999.0,
            "ssnamenr": "-999.0",
            "drb": null
        },
        {
            "candid": 1342335545615015004,
            "jd": 2459096.835544,
            "ra": 10.8527604,
            "dec": 50.6744776,
            "fid": 2,
            "nid": 1342,
            "magpsf": 19.634899139404297,
            "sigmapsf": 0.20719100534915924,
            "magnr": 18.427000045776367,
            "sigmagnr": 0.09399999678134918,
            "magzpsci": 26.2539005279541,
            "isdiffpos": "t",
            "ssdistnr": -999.0,
            "ssnamenr": "null",
            "drb": 0.9999240040779114
        },
        {
            "candid": 1343464645615015008,
            "jd": 2459097.9646412,
            "ra": 10.8526139,
            "dec": 50.6745559,
            "fid": 2,
            "nid": 1343,
            "magpsf": 19.67770004272461,
            "sigmapsf": 0.19255800545215607,
            "magnr": 18.427000045776367,
            "sigmagnr": 0.09399999678134918,
            "magzpsci": 26.2367000579834,
            "isdiffpos": "t",
            "ssdistnr": -999.0,
            "ssnamenr": "null",
            "drb": 0.9999740123748779
        },
        {
            "candid": 1355414585615015004,
            "jd": 2459109.9145833,
            "ra": 10.852611,
            "dec": 50.6744823,
            "fid": 2,
            "nid": 1355,
            "magpsf": 19.86949920654297,
            "sigmapsf": 0.18945500254631042,
            "magnr": 18.427000045776367,
            "sigmagnr": 0.09399999678134918,
            "magzpsci": 25.970500946044922,
            "isdiffpos": "t",
            "ssdistnr": -999.0,
            "ssnamenr": "-999.0",
            "drb": null
        },
        {
            "candid": 1355422955615015009,
            "jd": 2459109.9229514,
            "ra": 10.852678,
            "dec": 50.6745149,
            "fid": 2,
            "nid": 1355,
            "magpsf": 20.04330062866211,
            "sigmapsf": 0.21247799694538116,
            "magnr": 18.427000045776367,
            "sigmagnr": 0.09399999678134918,
            "magzpsci": 25.96030044555664,
            "isdiffpos": "t",
            "ssdistnr": -999.0,
            "ssnamenr": "null",
            "drb": 0.9999420046806335
        },
        {
            "candid": 1358371445615015023,
            "jd": 2459112.8714468,
            "ra": 10.8526551,
            "dec": 50.6744697,
            "fid": 2,
            "nid": 1358,
            "magpsf": 20.108800888061523,
            "sigmapsf": 0.16012999415397644,
            "magnr": 18.427000045776367,
            "sigmagnr": 0.09399999678134918,
            "magzpsci": 26.244800567626953,
            "isdiffpos": "t",
            "ssdistnr": -999.0,
            "ssnamenr": "null",
            "drb": 0.999862015247345
        },
        {
            "candid": 1359299625615015017,
            "jd": 2459113.7996296,
            "ra": 10.8526463,
            "dec": 50.6745023,
            "fid": 2,
            "nid": 1359,
            "magpsf": 19.885900497436523,
            "sigmapsf": 0.1525000035762787,
            "magnr": 18.427000045776367,
            "sigmagnr": 0.09399999678134918,
            "magzpsci": 26.182899475097656,
            "isdiffpos": "t",
            "ssdistnr": -999.0,
            "ssnamenr": "null",
            "drb": 0.9998890161514282
        },
        {
            "candid": 1360408875615015015,
            "jd": 2459114.9088773,
            "ra": 10.8526291,
            "dec": 50.674486,
            "fid": 2,
            "nid": 1360,
            "magpsf": 19.88640022277832,
            "sigmapsf": 0.12468700110912323,
            "magnr": 18.427000045776367,
            "sigmagnr": 0.09399999678134918,
            "magzpsci": 26.17639923095703,
            "isdiffpos": "t",
            "ssdistnr": -999.0,
            "ssnamenr": "null",
            "drb": 1.0
        },
        {
            "candid": 1361310765615015013,
            "jd": 2459115.8107639,
            "ra": 10.8526428,
            "dec": 50.6744623,
            "fid": 2,
            "nid": 1361,
            "magpsf": 19.86949920654297,
            "sigmapsf": 0.13797299563884735,
            "magnr": 18.427000045776367,
            "sigmagnr": 0.09399999678134918,
            "magzpsci": 26.249500274658203,
            "isdiffpos": "t",
            "ssdistnr": -999.0,
            "ssnamenr": "null",
            "drb": 0.9999840259552002
        },
        {
            "candid": 1361319495615015014,
            "jd": 2459115.8194907,
            "ra": 10.8526987,
            "dec": 50.6744064,
            "fid": 2,
            "nid": 1361,
            "magpsf": 20.03809928894043,
            "sigmapsf": 0.14506499469280243,
            "magnr": 18.427000045776367,
            "sigmagnr": 0.09399999678134918,
            "magzpsci": 26.245100021362305,
            "isdiffpos": "t",
            "ssdistnr": -999.0,
            "ssnamenr": "-999.0",
            "drb": null
        },
        {
            "candid": 1362263065615015020,
            "jd": 2459116.7630671,
            "ra": 10.8526651,
            "dec": 50.6744287,
            "fid": 1,
            "nid": 1362,
            "magpsf": 20.46540069580078,
            "sigmapsf": 0.1814109981060028,
            "magnr": 18.80500030517578,
            "sigmagnr": 0.0820000022649765,
            "magzpsci": 26.252399444580078,
            "isdiffpos": "t",
            "ssdistnr": -999.0,
            "ssnamenr": "null",
            "drb": 0.9999889731407166
        },
        {
            "candid": 1362345615615015020,
            "jd": 2459116.8456134,
            "ra": 10.8526363,
            "dec": 50.67447,
            "fid": 2,
            "nid": 1362,
            "magpsf": 19.912599563598633,
            "sigmapsf": 0.13487599790096283,
            "magnr": 18.427000045776367,
            "sigmagnr": 0.09399999678134918,
            "magzpsci": 26.23859977722168,
            "isdiffpos": "t",
            "ssdistnr": -999.0,
            "ssnamenr": "null",
            "drb": 0.9951919913291931
        },
        {
            "candid": 1363289955615015016,
            "jd": 2459117.7899537,
            "ra": 10.8529523,
            "dec": 50.6744456,
            "fid": 1,
            "nid": 1363,
            "magpsf": 20.61389923095703,
            "sigmapsf": 0.2923629879951477,
            "magnr": 18.80500030517578,
            "sigmagnr": 0.0820000022649765,
            "magzpsci": 26.343900680541992,
            "isdiffpos": "t",
            "ssdistnr": -999.0,
            "ssnamenr": "-999.0",
            "drb": null
        },
        {
            "candid": 1363365895615015022,
            "jd": 2459117.8658912,
            "ra": 10.8526547,
            "dec": 50.6744824,
            "fid": 2,
            "nid": 1363,
            "magpsf": 20.035499572753906,
            "sigmapsf": 0.16912299394607544,
            "magnr": 18.427000045776367,
            "sigmagnr": 0.09399999678134918,
            "magzpsci": 26.256500244140625,
            "isdiffpos": "t",
            "ssdistnr": -999.0,
            "ssnamenr": "null",
            "drb": 0.9998379945755005
        },
        {
            "candid": 1364241715615015009,
            "jd": 2459118.741713,
            "ra": 10.8527176,
            "dec": 50.6745292,
            "fid": 2,
            "nid": 1364,
            "magpsf": 20.254100799560547,
            "sigmapsf": 0.20528699457645416,
            "magnr": 18.427000045776367,
            "sigmagnr": 0.09399999678134918,
            "magzpsci": 26.26810073852539,
            "isdiffpos": "t",
            "ssdistnr": -999.0,
            "ssnamenr": "null",
            "drb": 0.9999970197677612
        },
        {
            "candid": 1380305105615015019,
            "jd": 2459134.8051042,
            "ra": 10.8526072,
            "dec": 50.6744672,
            "fid": 2,
            "nid": 1380,
            "magpsf": 20.143400192260742,
            "sigmapsf": 0.20705200731754303,
            "magnr": 18.427000045776367,
            "sigmagnr": 0.09399999678134918,
            "magzpsci": 26.244400024414062,
            "isdiffpos": "t",
            "ssdistnr": -999.0,
            "ssnamenr": "null",
            "drb": 0.9999960064888
        },
        {
            "candid": 1414138275615015020,
            "jd": 2459168.6382755,
            "ra": 10.8526572,
            "dec": 50.6744878,
            "fid": 2,
            "nid": 1414,
            "magpsf": 20.39229965209961,
            "sigmapsf": 0.201091006398201,
            "magnr": 18.427000045776367,
            "sigmagnr": 0.09399999678134918,
            "magzpsci": 26.29829978942871,
            "isdiffpos": "t",
            "ssdistnr": -999.0,
            "ssnamenr": "null",
            "drb": 0.9962000250816345
        },
        {
            "jd": 2459036.89289,
            "fid": 2,
            "diffmaglim": 19.742000579833984
        },
        {
            "jd": 2459036.9761,
            "fid": 1,
            "diffmaglim": 19.648000717163086
        },
        {
            "jd": 2459044.86351,
            "fid": 1,
            "diffmaglim": 20.45599937438965
        },
        {
            "jd": 2459045.96523,
            "fid": 1,
            "diffmaglim": 20.607999801635742
        },
        {
            "jd": 2459045.98878,
            "fid": 2,
            "diffmaglim": 20.277999877929688
        },
        {
            "jd": 2459047.92892,
            "fid": 2,
            "diffmaglim": 20.80699920654297
        },
        {
            "jd": 2459051.90084,
            "fid": 2,
            "diffmaglim": 20.503000259399414
        },
        {
            "jd": 2459051.94589,
            "fid": 1,
            "diffmaglim": 21.0
        },
        {
            "jd": 2459054.97072,
            "fid": 1,
            "diffmaglim": 21.05500030517578
        },
        {
            "jd": 2459056.98821,
            "fid": 2,
            "diffmaglim": 20.70400047302246
        },
        {
            "jd": 2459057.92949,
            "fid": 1,
            "diffmaglim": 20.840999603271484
        },
        {
            "jd": 2459060.98515,
            "fid": 1,
            "diffmaglim": 21.006000518798828
        },
        {
            "jd": 2459062.95135,
            "fid": 1,
            "diffmaglim": 20.738000869750977
        },
        {
            "jd": 2459063.97425,
            "fid": 1,
            "diffmaglim": 20.297000885009766
        },
        {
            "jd": 2459064.85321,
            "fid": 2,
            "diffmaglim": 19.579999923706055
        },
        {
            "jd": 2459064.99196,
            "fid": 1,
            "diffmaglim": 19.722000122070312
        },
        {
            "jd": 2459065.97622,
            "fid": 1,
            "diffmaglim": 19.65399932861328
        },
        {
            "jd": 2459066.86848,
            "fid": 1,
            "diffmaglim": 19.69099998474121
        },
        {
            "jd": 2459066.90463,
            "fid": 1,
            "diffmaglim": 19.97800064086914
        },
        {
            "jd": 2459068.99928,
            "fid": 1,
            "diffmaglim": 20.016000747680664
        },
        {
            "jd": 2459071.94102,
            "fid": 1,
            "diffmaglim": 20.650999069213867
        },
        {
            "jd": 2459072.90075,
            "fid": 1,
            "diffmaglim": 20.493999481201172
        },
        {
            "jd": 2459073.88529,
            "fid": 1,
            "diffmaglim": 20.67799949645996
        },
        {
            "jd": 2459074.95382,
            "fid": 1,
            "diffmaglim": 16.226999282836914
        },
        {
            "jd": 2459076.90479,
            "fid": 2,
            "diffmaglim": 20.37299919128418
        },
        {
            "jd": 2459076.95124,
            "fid": 1,
            "diffmaglim": 20.833999633789062
        },
        {
            "jd": 2459077.0003,
            "fid": 1,
            "diffmaglim": 20.611000061035156
        },
        {
            "jd": 2459079.93296,
            "fid": 2,
            "diffmaglim": 20.767000198364258
        },
        {
            "jd": 2459079.96902,
            "fid": 1,
            "diffmaglim": 20.968000411987305
        },
        {
            "jd": 2459082.84374,
            "fid": 1,
            "diffmaglim": 20.368999481201172
        },
        {
            "jd": 2459090.92234,
            "fid": 1,
            "diffmaglim": 20.97800064086914
        },
        {
            "jd": 2459090.96122,
            "fid": 2,
            "diffmaglim": 20.739999771118164
        },
        {
            "jd": 2459091.82966,
            "fid": 1,
            "diffmaglim": 19.871999740600586
        },
        {
            "jd": 2459093.92497,
            "fid": 1,
            "diffmaglim": 19.868000030517578
        },
        {
            "jd": 2459094.90272,
            "fid": 2,
            "diffmaglim": 19.46299934387207
        },
        {
            "jd": 2459094.99022,
            "fid": 1,
            "diffmaglim": 19.56100082397461
        },
        {
            "jd": 2459095.80655,
            "fid": 1,
            "diffmaglim": 19.606000900268555
        },
        {
            "jd": 2459095.84872,
            "fid": 1,
            "diffmaglim": 19.690000534057617
        },
        {
            "jd": 2459096.98046,
            "fid": 1,
            "diffmaglim": 19.83799934387207
        },
        {
            "jd": 2459097.89847,
            "fid": 1,
            "diffmaglim": 19.663999557495117
        },
        {
            "jd": 2459097.90654,
            "fid": 1,
            "diffmaglim": 19.763999938964844
        },
        {
            "jd": 2459106.82119,
            "fid": 1,
            "diffmaglim": 20.552000045776367
        },
        {
            "jd": 2459106.85899,
            "fid": 2,
            "diffmaglim": 20.41200065612793
        },
        {
            "jd": 2459107.01189,
            "fid": 1,
            "diffmaglim": 19.91900062561035
        },
        {
            "jd": 2459107.86385,
            "fid": 1,
            "diffmaglim": 20.51300048828125
        },
        {
            "jd": 2459109.82723,
            "fid": 1,
            "diffmaglim": 20.47599983215332
        },
        {
            "jd": 2459109.84047,
            "fid": 1,
            "diffmaglim": 20.395999908447266
        },
        {
            "jd": 2459110.87303,
            "fid": 2,
            "diffmaglim": 19.113000869750977
        },
        {
            "jd": 2459111.84885,
            "fid": 1,
            "diffmaglim": 20.81999969482422
        },
        {
            "jd": 2459112.82296,
            "fid": 1,
            "diffmaglim": 21.02400016784668
        },
        {
            "jd": 2459112.85266,
            "fid": 2,
            "diffmaglim": 20.87299919128418
        },
        {
            "jd": 2459113.89442,
            "fid": 1,
            "diffmaglim": 20.875
        },
        {
            "jd": 2459114.82926,
            "fid": 1,
            "diffmaglim": 20.849000930786133
        },
        {
            "jd": 2459115.9306,
            "fid": 1,
            "diffmaglim": 20.89299964904785
        },
        {
            "jd": 2459118.84237,
            "fid": 2,
            "diffmaglim": 20.66900062561035
        },
        {
            "jd": 2459118.86477,
            "fid": 1,
            "diffmaglim": 21.08099937438965
        },
        {
            "jd": 2459119.74409,
            "fid": 1,
            "diffmaglim": 20.235000610351562
        },
        {
            "jd": 2459120.76059,
            "fid": 1,
            "diffmaglim": 19.91699981689453
        },
        {
            "jd": 2459121.79376,
            "fid": 1,
            "diffmaglim": 20.224000930786133
        },
        {
            "jd": 2459122.77601,
            "fid": 1,
            "diffmaglim": 19.716999053955078
        },
        {
            "jd": 2459123.81994,
            "fid": 2,
            "diffmaglim": 19.614999771118164
        },
        {
            "jd": 2459123.88825,
            "fid": 1,
            "diffmaglim": 19.54599952697754
        },
        {
            "jd": 2459124.78309,
            "fid": 2,
            "diffmaglim": 19.743999481201172
        },
        {
            "jd": 2459125.82822,
            "fid": 2,
            "diffmaglim": 19.753000259399414
        },
        {
            "jd": 2459125.91603,
            "fid": 1,
            "diffmaglim": 19.746000289916992
        },
        {
            "jd": 2459129.81758,
            "fid": 1,
            "diffmaglim": 20.384000778198242
        },
        {
            "jd": 2459131.82557,
            "fid": 1,
            "diffmaglim": 20.437999725341797
        },
        {
            "jd": 2459131.9325,
            "fid": 2,
            "diffmaglim": 17.7450008392334
        },
        {
            "jd": 2459134.76029,
            "fid": 1,
            "diffmaglim": 20.732999801635742
        },
        {
            "jd": 2459138.73889,
            "fid": 1,
            "diffmaglim": 20.71299934387207
        },
        {
            "jd": 2459140.74017,
            "fid": 2,
            "diffmaglim": 20.711999893188477
        },
        {
            "jd": 2459140.78306,
            "fid": 1,
            "diffmaglim": 20.900999069213867
        },
        {
            "jd": 2459142.72414,
            "fid": 1,
            "diffmaglim": 19.93400001525879
        },
        {
            "jd": 2459144.8253,
            "fid": 1,
            "diffmaglim": 21.082000732421875
        },
        {
            "jd": 2459146.80663,
            "fid": 2,
            "diffmaglim": 16.81100082397461
        },
        {
            "jd": 2459146.84169,
            "fid": 1,
            "diffmaglim": 17.538999557495117
        },
        {
            "jd": 2459149.7044,
            "fid": 2,
            "diffmaglim": 19.05900001525879
        },
        {
            "jd": 2459149.95194,
            "fid": 1,
            "diffmaglim": 20.09000015258789
        },
        {
            "jd": 2459151.70069,
            "fid": 1,
            "diffmaglim": 19.795000076293945
        },
        {
            "jd": 2459151.73721,
            "fid": 2,
            "diffmaglim": 19.871999740600586
        },
        {
            "jd": 2459153.74309,
            "fid": 1,
            "diffmaglim": 19.749000549316406
        },
        {
            "jd": 2459153.82037,
            "fid": 2,
            "diffmaglim": 19.69499969482422
        },
        {
            "jd": 2459155.72297,
            "fid": 1,
            "diffmaglim": 19.94499969482422
        },
        {
            "jd": 2459155.73451,
            "fid": 2,
            "diffmaglim": 20.04800033569336
        },
        {
            "jd": 2459157.77118,
            "fid": 1,
            "diffmaglim": 20.19099998474121
        },
        {
            "jd": 2459157.82134,
            "fid": 2,
            "diffmaglim": 20.049999237060547
        },
        {
            "jd": 2459164.76258,
            "fid": 1,
            "diffmaglim": 20.327999114990234
        },
        {
            "jd": 2459164.80326,
            "fid": 2,
            "diffmaglim": 20.08799934387207
        },
        {
            "jd": 2459166.83242,
            "fid": 2,
            "diffmaglim": 17.159000396728516
        }
    ],
    "forcedphot": []
}