{
    "objectId": "ZTF22aagolrb",
    "candidates": [
        {
            "candid": 1918331462715015037,
            "jd": 2459672.8314699,
            "ra": 210.8213973,
            "dec": 24.6441635,
            "fid": 1,
            "nid": 1918,
            "magpsf": 19.146499633789062,
            "sigmapsf": 0.1242929995059967,
            "magnr": 18.0049991607666,
            "sigmagnr": 0.06400000303983688,
            "magzpsci": 25.51449966430664,
            "isdiffpos": "t",
            "ssdistnr": null,
            "ssnamenr": null,
            "drb": null
        },
        {
            "candid": 1918331462715025032,
            "jd": 2459672.8314699,
            "ra": 210.8214011,
            "dec": 24.6441595,
            "fid": 1,
            "nid": 1918,
            "magpsf": 19.133899688720703,
            "sigmapsf": 0.12783800065517426,
            "magnr": 18.0049991607666,
            "sigmagnr": 0.06400000303983688,
            "magzpsci": 25.513900756835938,
            "isdiffpos": "t",
            "ssdistnr": null,
            "ssnamenr": null,
            "drb": null
        },
        {
            "candid": 1921322762715015040,
            "jd": 2459675.8227662,
            "ra": 210.8214239,
            "dec": 24.6441611,
            "fid": 1,
            "nid": 1921,
            "magpsf": 19.104999542236328,
            "sigmapsf": 0.10892900079488754,
            "magnr": 18.0049991607666,
            "sigmagnr": 0.06400000303983688,
            "magzpsci": 26.2549991607666,
            "isdiffpos": "t",
            "ssdistnr": null,
            "ssnamenr": null,
            "drb": null
        },
        {
            "candid": 1923330942715015005,
            "jd": 2459677.8309491,
            "ra": 210.821414,
            "dec": 24.6441476,
            "fid": 1,
            "nid": 1923,
            "magpsf": 18.95789909362793,
            "sigmapsf": 0.10719700157642365,
            "magnr": 18.0049991607666,
            "sigmagnr": 0.06400000303983688,
            "magzpsci": 26.280899047851562,
            "isdiffpos": "t",
            "ssdistnr": null,
            "ssnamenr": null,
            "drb": null
        },
        {
            "candid": 1925235322715015011,
            "jd": 2459679.7353241,
            "ra": 210.8214282,
            "dec": 24.644155,
            "fid": 2,
            "nid": 1925,
            "magpsf": 18.65999984741211,
            "sigmapsf": 0.08914700150489807,
            "magnr": 17.219999313354492,
            "sigmagnr": 0.07500000298023224,
            "magzpsci": 26.257999420166016,
            "isdiffpos": "t",
            "ssdistnr": null,
            "ssnamenr": null,
            "drb": null
        },
        {
            "candid": 1925290902715015005,
            "jd": 2459679.7909028,
            "ra": 210.821414,
            "dec": 24.6441583,
            "fid": 1,
            "nid": 1925,
            "magpsf": 18.99340057373047,
            "sigmapsf": 0.08505299687385559,
            "magnr": 18.0049991607666,
            "sigmagnr": 0.06400000303983688,
            "magzpsci": 26.310400009155273,
            "isdiffpos": "t",
            "ssdistnr": null,
            "ssnamenr": null,
            "drb": null
        },
        {
            "candid": 1928225252715015006,
            "jd": 2459682.7252546,
            "ra": 210.8213921,
            "dec": 24.6441707,
            "fid": 1,
            "nid": 1928,
            "magpsf": 18.90570068359375,
            "sigmapsf": 0.1613910049200058,
            "magnr": 18.0049991607666,
            "sigmagnr": 0.06400000303983688,
            "magzpsci": 26.248699188232422,
            "isdiffpos": "t",
            "ssdistnr": null,
            "ssnamenr": null,
            "drb": null
        },
        {
            "candid": 1928338542715015005,
            "jd": 2459682.8385417,
            "ra": 210.8214278,
            "dec": 24.6441726,
            "fid": 2,
            "nid": 1928,
            "magpsf": 18.740400314331055,
            "sigmapsf": 0.10359600186347961,
            "magnr": 17.219999313354492,
            "sigmagnr": 0.07500000298023224,
            "magzpsci": 26.30940055847168,
            "isdiffpos": "t",
            "ssdistnr": null,
            "ssnamenr": null,
            "drb": null
        },
        {
            "candid": 1930302992715015002,
            "jd": 2459684.8029977,
            "ra": 210.8214782,
            "dec": 24.644121,
            "fid": 1,
            "nid": 1930,
            "magpsf": 18.93630027770996,
            "sigmapsf": 0.14870700240135193,
            "magnr": 18.0049991607666,
            "sigmagnr": 0.06400000303983688,
            "magzpsci": 26.316299438476562,
            "isdiffpos": "t",
            "ssdistnr": null,
            "ssnamenr": null,
            "drb": null
        },
        {
            "candid": 1930339062715015012,
            "jd": 2459684.8390625,
            "ra": 210.8213791,
            "dec": 24.6441426,
            "fid": 2,
            "nid": 1930,
            "magpsf": 18.468700408935547,
            "sigmapsf": 0.08227899670600891,
            "magnr": 17.219999313354492,
            "sigmagnr": 0.07500000298023224,
            "magzpsci": 26.303699493408203,
            "isdiffpos": "t",
            "ssdistnr": null,
            "ssnamenr": null,
            "drb": null
        },
        {
            "candid": 1933387602715015011,
            "jd": 2459687.8876042,
            "ra": 210.8214292,
            "dec": 24.6441578,
            "fid": 2,
            "nid": 1933,
            "magpsf": 18.609100341796875,
            "sigmapsf": 0.11733300238847733,
            "magnr": 17.219999313354492,
            "sigmagnr": 0.07500000298023224,
            "magzpsci": 26.28809928894043,
            "isdiffpos": "t",
            "ssdistnr": null,
            "ssnamenr": null,
            "drb": null
        },
        {
            "candid": 1936311842715015010,
            "jd": 2459690.8118403,
            "ra": 210.8214081,
            "dec": 24.6441349,
            "fid": 1,
            "nid": 1936,
            "magpsf": 19.334999084472656,
            "sigmapsf": 0.11686799675226212,
            "magnr": 18.0049991607666,
            "sigmagnr": 0.06400000303983688,
            "magzpsci": 26.302000045776367,
            "isdiffpos": "t",
            "ssdistnr": null,
            "ssnamenr": null,
            "drb": null
        },
        {
            "candid": 1936320032715015010,
            "jd": 2459690.8200347,
            "ra": 210.8213957,
            "dec": 24.6441556,
            "fid": 2,
            "nid": 1936,
            "magpsf": 18.752899169921875,
            "sigmapsf": 0.07966800034046173,
            "magnr": 17.219999313354492,
            "sigmagnr": 0.07500000298023224,
            "magzpsci": 26.28890037536621,
            "isdiffpos": "t",
            "ssdistnr": null,
            "ssnamenr": null,
            "drb": null
        },
        {
            "candid": 1940288772715015009,
            "jd": 2459694.7887731,
            "ra": 210.8214117,
            "dec": 24.6441822,
            "fid": 2,
            "nid": 1940,
            "magpsf": 18.860000610351562,
            "sigmapsf": 0.10575799643993378,
            "magnr": 17.219999313354492,
            "sigmagnr": 0.07500000298023224,
            "magzpsci": 26.209999084472656,
            "isdiffpos": "t",
            "ssdistnr": null,
            "ssnamenr": null,
            "drb": null
        },
        {
            "candid": 1940381382715015039,
            "jd": 2459694.8813889,
            "ra": 210.8214345,
            "dec": 24.6441295,
            "fid": 1,
            "nid": 1940,
            "magpsf": 19.656030654907227,
            "sigmapsf": 0.14015799760818481,
            "magnr": 18.0049991607666,
            "sigmagnr": 0.06400000303983688,
            "magzpsci": 26.15903091430664,
            "isdiffpos": "t",
            "ssdistnr": -999.0,
            "ssnamenr": "null",
            "drb": null
        },
        {
            "jd": 2459675.8495023,
            "fid": 2,
            "diffmaglim": 20.7052001953125
        }
    ],
    "forcedphot": []
}