{
    "objectId": "ZTF21aciustc",
    "candidates": [
        {
            "candid": 1758147560815015008,
            "jd": 2459512.6475694,
            "ra": 307.9289627,
            "dec": -12.2651327,
            "fid": 2,
            "nid": 1758,
            "magpsf": 19.138500213623047,
            "sigmapsf": 0.0921349972486496,
            "magnr": 19.062999725341797,
            "sigmagnr": 0.11400000005960464,
            "magzpsci": 26.26650047302246,
            "isdiffpos": "t",
            "ssdistnr": null,
            "ssnamenr": null,
            "drb": null
        },
        {
            "candid": 1767149650815015014,
            "jd": 2459521.6496528,
            "ra": 307.9290087,
            "dec": -12.2651449,
            "fid": 2,
            "nid": 1767,
            "magpsf": 18.253299713134766,
            "sigmapsf": 0.062247999012470245,
            "magnr": 19.062999725341797,
            "sigmagnr": 0.11400000005960464,
            "magzpsci": 26.28230094909668,
            "isdiffpos": "t",
            "ssdistnr": null,
            "ssnamenr": null,
            "drb": null
        },
        {
            "candid": 1767192820815015003,
            "jd": 2459521.6928241,
            "ra": 307.9289934,
            "dec": -12.2651683,
            "fid": 1,
            "nid": 1767,
            "magpsf": 18.330299377441406,
            "sigmapsf": 0.07004699856042862,
            "magnr": 19.437999725341797,
            "sigmagnr": 0.1080000028014183,
            "magzpsci": 26.228300094604492,
            "isdiffpos": "t",
            "ssdistnr": null,
            "ssnamenr": null,
            "drb": null
        },
        {
            "candid": 1769104230815015010,
            "jd": 2459523.6042361,
            "ra": 307.9289987,
            "dec": -12.2651305,
            "fid": 2,
            "nid": 1769,
            "magpsf": 18.188800811767578,
            "sigmapsf": 0.060224998742341995,
            "magnr": 19.062999725341797,
            "sigmagnr": 0.11400000005960464,
            "magzpsci": 26.287799835205078,
            "isdiffpos": "t",
            "ssdistnr": null,
            "ssnamenr": null,
            "drb": null
        },
        {
            "candid": 1771149360815015013,
            "jd": 2459525.6493634,
            "ra": 307.9289917,
            "dec": -12.2651326,
            "fid": 2,
            "nid": 1771,
            "magpsf": 18.07710075378418,
            "sigmapsf": 0.05320499837398529,
            "magnr": 19.062999725341797,
            "sigmagnr": 0.11400000005960464,
            "magzpsci": 26.277099609375,
            "isdiffpos": "t",
            "ssdistnr": null,
            "ssnamenr": null,
            "drb": null
        },
        {
            "candid": 1771204960815015008,
            "jd": 2459525.7049653,
            "ra": 307.929013,
            "dec": -12.2651557,
            "fid": 1,
            "nid": 1771,
            "magpsf": 18.39780044555664,
            "sigmapsf": 0.08830799907445908,
            "magnr": 19.437999725341797,
            "sigmagnr": 0.1080000028014183,
            "magzpsci": 26.11280059814453,
            "isdiffpos": "t",
            "ssdistnr": null,
            "ssnamenr": null,
            "drb": null
        },
        {
            "candid": 1773107080815015005,
            "jd": 2459527.6070833,
            "ra": 307.9289922,
            "dec": -12.2651501,
            "fid": 2,
            "nid": 1773,
            "magpsf": 18.04789924621582,
            "sigmapsf": 0.05441800132393837,
            "magnr": 19.062999725341797,
            "sigmagnr": 0.11400000005960464,
            "magzpsci": 26.29290008544922,
            "isdiffpos": "t",
            "ssdistnr": null,
            "ssnamenr": null,
            "drb": null
        },
        {
            "candid": 1773145450815015009,
            "jd": 2459527.6454514,
            "ra": 307.9289888,
            "dec": -12.2651726,
            "fid": 1,
            "nid": 1773,
            "magpsf": 18.496000289916992,
            "sigmapsf": 0.07571399956941605,
            "magnr": 19.437999725341797,
            "sigmagnr": 0.1080000028014183,
            "magzpsci": 26.29599952697754,
            "isdiffpos": "t",
            "ssdistnr": null,
            "ssnamenr": null,
            "drb": null
        },
        {
            "candid": 1777122710815015012,
            "jd": 2459531.6227199,
            "ra": 307.9289455,
            "dec": -12.2651657,
            "fid": 2,
            "nid": 1777,
            "magpsf": 18.204299926757812,
            "sigmapsf": 0.07820100337266922,
            "magnr": 19.062999725341797,
            "sigmagnr": 0.11400000005960464,
            "magzpsci": 26.28529930114746,
            "isdiffpos": "t",
            "ssdistnr": null,
            "ssnamenr": null,
            "drb": null
        },
        {
            "candid": 1786108020815015004,
            "jd": 2459540.6080208,
            "ra": 307.928854,
            "dec": -12.2652588,
            "fid": 1,
            "nid": 1786,
            "magpsf": 19.465099334716797,
            "sigmapsf": 0.262796014547348,
            "magnr": 19.437999725341797,
            "sigmagnr": 0.1080000028014183,
            "magzpsci": 26.286100387573242,
            "isdiffpos": "t",
            "ssdistnr": null,
            "ssnamenr": null,
            "drb": null
        },
        {
            "candid": 1789102560815015011,
            "jd": 2459543.6025694,
            "ra": 307.9290357,
            "dec": -12.2651125,
            "fid": 2,
            "nid": 1789,
            "magpsf": 18.811800003051758,
            "sigmapsf": 0.1157429963350296,
            "magnr": 19.062999725341797,
            "sigmagnr": 0.11400000005960464,
            "magzpsci": 26.21380043029785,
            "isdiffpos": "t",
            "ssdistnr": -999.0,
            "ssnamenr": "null",
            "drb": null
        },
        {
            "jd": 2459494.6639005,
            "fid": 1,
            "diffmaglim": 18.763700485229492
        },
        {
            "jd": 2459498.6452431,
            "fid": 1,
            "diffmaglim": 20.29129981994629
        },
        {
            "jd": 2459498.6862384,
            "fid": 2,
            "diffmaglim": 20.307199478149414
        },
        {
            "jd": 2459503.6683102,
            "fid": 2,
            "diffmaglim": 19.39419937133789
        },
        {
            "jd": 2459503.7261111,
            "fid": 1,
            "diffmaglim": 18.847700119018555
        },
        {
            "jd": 2459505.6693866,
            "fid": 1,
            "diffmaglim": 19.18079948425293
        },
        {
            "jd": 2459510.6703935,
            "fid": 2,
            "diffmaglim": 15.61299991607666
        },
        {
            "jd": 2459510.7072106,
            "fid": 1,
            "diffmaglim": 19.23699951171875
        },
        {
            "jd": 2459531.6693634,
            "fid": 1,
            "diffmaglim": 18.109600067138672
        },
        {
            "jd": 2459537.6113773,
            "fid": 1,
            "diffmaglim": 17.46540069580078
        },
        {
            "jd": 2459537.6517708,
            "fid": 2,
            "diffmaglim": 17.58049964904785
        },
        {
            "jd": 2459540.6490509,
            "fid": 2,
            "diffmaglim": 18.701400756835938
        }
    ],
    "forcedphot": []
}