{
    "objectId": "ZTF23absbqun",
    "candidates": [
        {
            "candid": 2531232013315015020,
            "jd": 2460285.7320139,
            "ra": 67.3343213,
            "dec": 70.4270855,
            "fid": 1,
            "nid": 2531,
            "magpsf": 19.342300415039062,
            "sigmapsf": 0.15136399865150452,
            "magnr": 19.558000564575195,
            "sigmagnr": 0.11500000208616257,
            "magzpsci": 26.28230094909668,
            "isdiffpos": "t",
            "ssdistnr": null,
            "ssnamenr": null,
            "drb": 0.9998247623443604
        },
        {
            "candid": 2533201584515015011,
            "jd": 2460287.7015856,
            "ra": 67.334225,
            "dec": 70.4270499,
            "fid": 1,
            "nid": 2533,
            "magpsf": 18.92650032043457,
            "sigmapsf": 0.0772939994931221,
            "magnr": 21.14299964904785,
            "sigmagnr": 0.13500000536441803,
            "magzpsci": 26.33049964904785,
            "isdiffpos": "t",
            "ssdistnr": null,
            "ssnamenr": null,
            "drb": null
        },
        {
            "candid": 2533282374515015008,
            "jd": 2460287.7823727,
            "ra": 67.3343216,
            "dec": 70.427099,
            "fid": 2,
            "nid": 2533,
            "magpsf": 18.194000244140625,
            "sigmapsf": 0.05787000060081482,
            "magnr": 19.2810001373291,
            "sigmagnr": 0.10400000214576721,
            "magzpsci": 26.312999725341797,
            "isdiffpos": "t",
            "ssdistnr": null,
            "ssnamenr": null,
            "drb": null
        },
        {
            "candid": 2534253443315015007,
            "jd": 2460288.7534491,
            "ra": 67.3344372,
            "dec": 70.4269882,
            "fid": 2,
            "nid": 2534,
            "magpsf": 18.285600662231445,
            "sigmapsf": 0.08960200101137161,
            "magnr": 18.423999786376953,
            "sigmagnr": 0.11699999868869781,
            "magzpsci": 26.3085994720459,
            "isdiffpos": "t",
            "ssdistnr": null,
            "ssnamenr": null,
            "drb": null
        },
        {
            "candid": 2534321253315015013,
            "jd": 2460288.82125,
            "ra": 67.3345397,
            "dec": 70.4270289,
            "fid": 1,
            "nid": 2534,
            "magpsf": 19.147899627685547,
            "sigmapsf": 0.17926199734210968,
            "magnr": 19.558000564575195,
            "sigmagnr": 0.11500000208616257,
            "magzpsci": 26.284900665283203,
            "isdiffpos": "t",
            "ssdistnr": null,
            "ssnamenr": null,
            "drb": null
        },
        {
            "candid": 2535368244515015009,
            "jd": 2460289.8682407,
            "ra": 67.3344832,
            "dec": 70.4270001,
            "fid": 1,
            "nid": 2535,
            "magpsf": 19.636199951171875,
            "sigmapsf": 0.19275200366973877,
            "magnr": 19.542999267578125,
            "sigmagnr": 0.09799999743700027,
            "magzpsci": 26.06719970703125,
            "isdiffpos": "t",
            "ssdistnr": null,
            "ssnamenr": null,
            "drb": null
        },
        {
            "candid": 2536388333315015018,
            "jd": 2460290.8883333,
            "ra": 67.3343582,
            "dec": 70.4270352,
            "fid": 2,
            "nid": 2536,
            "magpsf": 18.965499877929688,
            "sigmapsf": 0.08755099773406982,
            "magnr": 18.423999786376953,
            "sigmagnr": 0.11699999868869781,
            "magzpsci": 26.12350082397461,
            "isdiffpos": "t",
            "ssdistnr": null,
            "ssnamenr": null,
            "drb": null
        },
        {
            "candid": 2537239714515015005,
            "jd": 2460291.7397106,
            "ra": 67.3342651,
            "dec": 70.4270343,
            "fid": 2,
            "nid": 2537,
            "magpsf": 19.370399475097656,
            "sigmapsf": 0.12201099842786789,
            "magnr": 19.2810001373291,
            "sigmagnr": 0.10400000214576721,
            "magzpsci": 26.304399490356445,
            "isdiffpos": "t",
            "ssdistnr": null,
            "ssnamenr": null,
            "drb": null
        },
        {
            "candid": 2538353594515015009,
            "jd": 2460292.8535995,
            "ra": 67.3343757,
            "dec": 70.4270573,
            "fid": 2,
            "nid": 2538,
            "magpsf": 19.813581466674805,
            "sigmapsf": 0.12237551063299179,
            "magnr": 19.2810001373291,
            "sigmagnr": 0.10400000214576721,
            "magzpsci": 27.5015811920166,
            "isdiffpos": "t",
            "ssdistnr": -999.0,
            "ssnamenr": "null",
            "drb": null
        },
        {
            "jd": 2460257.7810417,
            "fid": 2,
            "diffmaglim": 19.30739974975586
        },
        {
            "jd": 2460257.7825,
            "fid": 2,
            "diffmaglim": 19.347900390625
        },
        {
            "jd": 2460257.8645949,
            "fid": 1,
            "diffmaglim": 20.112499237060547
        },
        {
            "jd": 2460257.8665046,
            "fid": 1,
            "diffmaglim": 20.098100662231445
        },
        {
            "jd": 2460259.9071991,
            "fid": 1,
            "diffmaglim": 20.11199951171875
        },
        {
            "jd": 2460259.9312384,
            "fid": 1,
            "diffmaglim": 20.287099838256836
        },
        {
            "jd": 2460259.9508681,
            "fid": 2,
            "diffmaglim": 20.26580047607422
        },
        {
            "jd": 2460259.9528356,
            "fid": 2,
            "diffmaglim": 20.186500549316406
        },
        {
            "jd": 2460261.766794,
            "fid": 2,
            "diffmaglim": 20.218700408935547
        },
        {
            "jd": 2460261.9321296,
            "fid": 1,
            "diffmaglim": 20.439699172973633
        },
        {
            "jd": 2460261.9326505,
            "fid": 1,
            "diffmaglim": 20.354400634765625
        },
        {
            "jd": 2460261.9472685,
            "fid": 2,
            "diffmaglim": 20.413700103759766
        },
        {
            "jd": 2460263.8679282,
            "fid": 2,
            "diffmaglim": 20.18790054321289
        },
        {
            "jd": 2460263.9342708,
            "fid": 2,
            "diffmaglim": 20.36720085144043
        },
        {
            "jd": 2460289.82375,
            "fid": 2,
            "diffmaglim": 18.586200714111328
        },
        {
            "jd": 2460290.8661227,
            "fid": 1,
            "diffmaglim": 20.076099395751953
        },
        {
            "jd": 2460291.7270255,
            "fid": 1,
            "diffmaglim": 20.42639923095703
        },
        {
            "jd": 2460292.6443287,
            "fid": 1,
            "diffmaglim": 20.8887996673584
        },
        {
            "jd": 2460292.6455324,
            "fid": 1,
            "diffmaglim": 20.977500915527344
        },
        {
            "jd": 2460292.7660648,
            "fid": 1,
            "diffmaglim": 20.757400512695312
        },
        {
            "jd": 2460292.7684144,
            "fid": 1,
            "diffmaglim": 20.66349983215332
        },
        {
            "jd": 2460292.7856019,
            "fid": 1,
            "diffmaglim": 20.50189971923828
        },
        {
            "jd": 2460292.8105093,
            "fid": 1,
            "diffmaglim": 20.823999404907227
        }
    ],
    "forcedphot": [
        {
            "objectid": "ZTF23absbqun",
            "jd": 2460257.7825,
            "ranr": -99999.0,
            "decnr": -99999.0,
            "fid": 2,
            "forcediffimflux": -99999.0,
            "forcediffimfluxunc": -99999.0,
            "magzpsci": 26.2637996673584
        },
        {
            "objectid": "ZTF23absbqun",
            "jd": 2460257.8665046,
            "ranr": 67.3364148,
            "decnr": 70.4265048,
            "fid": 1,
            "forcediffimflux": -0.04652709141373634,
            "forcediffimfluxunc": 42.506534576416016,
            "magzpsci": 26.3533992767334
        },
        {
            "objectid": "ZTF23absbqun",
            "jd": 2460259.9312384,
            "ranr": 67.3364148,
            "decnr": 70.4265048,
            "fid": 1,
            "forcediffimflux": -46.9594841003418,
            "forcediffimfluxunc": 35.978668212890625,
            "magzpsci": 26.333999633789062
        },
        {
            "objectid": "ZTF23absbqun",
            "jd": 2460259.9528356,
            "ranr": 67.3344962,
            "decnr": 70.4271485,
            "fid": 2,
            "forcediffimflux": 28.82585906982422,
            "forcediffimfluxunc": 40.446571350097656,
            "magzpsci": 26.30419921875
        },
        {
            "objectid": "ZTF23absbqun",
            "jd": 2460261.9326505,
            "ranr": 67.3364148,
            "decnr": 70.4265048,
            "fid": 1,
            "forcediffimflux": -11.229188919067383,
            "forcediffimfluxunc": 30.925310134887695,
            "magzpsci": 26.332799911499023
        },
        {
            "objectid": "ZTF23absbqun",
            "jd": 2460261.9472685,
            "ranr": 67.3344962,
            "decnr": 70.4271485,
            "fid": 2,
            "forcediffimflux": 23.192298889160156,
            "forcediffimfluxunc": 31.221227645874023,
            "magzpsci": 26.259000778198242
        },
        {
            "objectid": "ZTF23absbqun",
            "jd": 2460263.9342708,
            "ranr": 67.3344962,
            "decnr": 70.4271485,
            "fid": 2,
            "forcediffimflux": 11.979209899902344,
            "forcediffimfluxunc": 31.58238410949707,
            "magzpsci": 26.29669952392578
        },
        {
            "objectid": "ZTF23absbqun",
            "jd": 2460285.7320139,
            "ranr": -99999.0,
            "decnr": -99999.0,
            "fid": 1,
            "forcediffimflux": -99999.0,
            "forcediffimfluxunc": -99999.0,
            "magzpsci": 26.3257999420166
        },
        {
            "objectid": "ZTF23absbqun",
            "jd": 2460287.7015856,
            "ranr": 67.3364148,
            "decnr": 70.4265048,
            "fid": 1,
            "forcediffimflux": 951.6248168945312,
            "forcediffimfluxunc": 37.697208404541016,
            "magzpsci": 26.33049964904785
        },
        {
            "objectid": "ZTF23absbqun",
            "jd": 2460287.7823727,
            "ranr": 67.3344962,
            "decnr": 70.4271485,
            "fid": 2,
            "forcediffimflux": 1705.59228515625,
            "forcediffimfluxunc": 43.89847183227539,
            "magzpsci": 26.312999725341797
        },
        {
            "objectid": "ZTF23absbqun",
            "jd": 2460288.7534491,
            "ranr": -99999.0,
            "decnr": -99999.0,
            "fid": 2,
            "forcediffimflux": -99999.0,
            "forcediffimfluxunc": -99999.0,
            "magzpsci": 26.324499130249023
        },
        {
            "objectid": "ZTF23absbqun",
            "jd": 2460288.82125,
            "ranr": -99999.0,
            "decnr": -99999.0,
            "fid": 1,
            "forcediffimflux": -99999.0,
            "forcediffimfluxunc": -99999.0,
            "magzpsci": 26.320199966430664
        },
        {
            "objectid": "ZTF23absbqun",
            "jd": 2460289.8682407,
            "ranr": 67.3364148,
            "decnr": 70.4265048,
            "fid": 1,
            "forcediffimflux": 378.79693603515625,
            "forcediffimfluxunc": 36.996036529541016,
            "magzpsci": 26.06719970703125
        },
        {
            "objectid": "ZTF23absbqun",
            "jd": 2460290.8661227,
            "ranr": 67.3362941,
            "decnr": 70.4268168,
            "fid": 1,
            "forcediffimflux": 164.631103515625,
            "forcediffimfluxunc": 32.29331588745117,
            "magzpsci": 25.962299346923828
        },
        {
            "objectid": "ZTF23absbqun",
            "jd": 2460290.8883333,
            "ranr": -99999.0,
            "decnr": -99999.0,
            "fid": 2,
            "forcediffimflux": -99999.0,
            "forcediffimfluxunc": -99999.0,
            "magzpsci": 26.184600830078125
        },
        {
            "objectid": "ZTF23absbqun",
            "jd": 2460291.7270255,
            "ranr": 67.3364148,
            "decnr": 70.4265048,
            "fid": 1,
            "forcediffimflux": 107.83566284179688,
            "forcediffimfluxunc": 32.24422073364258,
            "magzpsci": 26.343900680541992
        },
        {
            "objectid": "ZTF23absbqun",
            "jd": 2460291.7397106,
            "ranr": 67.3344962,
            "decnr": 70.4271485,
            "fid": 2,
            "forcediffimflux": 602.9967651367188,
            "forcediffimfluxunc": 29.86713409423828,
            "magzpsci": 26.304399490356445
        },
        {
            "objectid": "ZTF23absbqun",
            "jd": 2460292.8105093,
            "ranr": 67.3364148,
            "decnr": 70.4265048,
            "fid": 1,
            "forcediffimflux": 301.9449157714844,
            "forcediffimfluxunc": 68.50399780273438,
            "magzpsci": 27.54509925842285
        }
    ]
}