{
    "objectId": "ZTF22aazqoey",
    "candidates": [
        {
            "candid": 2046496516315015186,
            "jd": 2459800.9965162,
            "ra": 102.6087463,
            "dec": 43.046727,
            "fid": 2,
            "nid": 2046,
            "magpsf": 17.954999923706055,
            "sigmapsf": 0.10416500270366669,
            "magnr": 19.291000366210938,
            "sigmagnr": 0.08900000154972076,
            "magzpsci": 24.944000244140625,
            "isdiffpos": "t",
            "ssdistnr": null,
            "ssnamenr": null,
            "drb": null
        },
        {
            "candid": 2046498926315015005,
            "jd": 2459800.9989236,
            "ra": 102.6087354,
            "dec": 43.0467054,
            "fid": 2,
            "nid": 2046,
            "magpsf": 18.47010040283203,
            "sigmapsf": 0.07729300111532211,
            "magnr": 19.291000366210938,
            "sigmagnr": 0.08900000154972076,
            "magzpsci": 26.027099609375,
            "isdiffpos": "t",
            "ssdistnr": null,
            "ssnamenr": null,
            "drb": 0.9999858140945435
        },
        {
            "candid": 2046501316315015000,
            "jd": 2459801.0013194,
            "ra": 102.6087,
            "dec": 43.0467513,
            "fid": 2,
            "nid": 2046,
            "magpsf": 18.48189926147461,
            "sigmapsf": 0.09895599633455276,
            "magnr": 19.291000366210938,
            "sigmagnr": 0.08900000154972076,
            "magzpsci": 26.03190040588379,
            "isdiffpos": "t",
            "ssdistnr": null,
            "ssnamenr": null,
            "drb": null
        },
        {
            "candid": 2046503716315015070,
            "jd": 2459801.0037153,
            "ra": 102.6086727,
            "dec": 43.0467512,
            "fid": 2,
            "nid": 2046,
            "magpsf": 18.13479995727539,
            "sigmapsf": 0.0904730036854744,
            "magnr": 19.291000366210938,
            "sigmagnr": 0.08900000154972076,
            "magzpsci": 25.727800369262695,
            "isdiffpos": "t",
            "ssdistnr": null,
            "ssnamenr": null,
            "drb": null
        },
        {
            "candid": 2047493856315015002,
            "jd": 2459801.9938542,
            "ra": 102.6087371,
            "dec": 43.0467235,
            "fid": 2,
            "nid": 2047,
            "magpsf": 18.322399139404297,
            "sigmapsf": 0.06990300118923187,
            "magnr": 19.291000366210938,
            "sigmagnr": 0.08900000154972076,
            "magzpsci": 26.061399459838867,
            "isdiffpos": "t",
            "ssdistnr": null,
            "ssnamenr": null,
            "drb": null
        },
        {
            "candid": 2047496246315015001,
            "jd": 2459801.99625,
            "ra": 102.608751,
            "dec": 43.0467217,
            "fid": 2,
            "nid": 2047,
            "magpsf": 18.389699935913086,
            "sigmapsf": 0.07279100269079208,
            "magnr": 19.291000366210938,
            "sigmagnr": 0.08900000154972076,
            "magzpsci": 26.06570053100586,
            "isdiffpos": "t",
            "ssdistnr": null,
            "ssnamenr": null,
            "drb": null
        },
        {
            "candid": 2047498646315015000,
            "jd": 2459801.9986458,
            "ra": 102.6087503,
            "dec": 43.0467199,
            "fid": 2,
            "nid": 2047,
            "magpsf": 18.41390037536621,
            "sigmapsf": 0.07726799696683884,
            "magnr": 19.291000366210938,
            "sigmagnr": 0.08900000154972076,
            "magzpsci": 26.0718994140625,
            "isdiffpos": "t",
            "ssdistnr": null,
            "ssnamenr": null,
            "drb": null
        },
        {
            "candid": 2047501046315015004,
            "jd": 2459802.0010417,
            "ra": 102.6087351,
            "dec": 43.046726,
            "fid": 2,
            "nid": 2047,
            "magpsf": 18.305999755859375,
            "sigmapsf": 0.0681530013680458,
            "magnr": 19.291000366210938,
            "sigmagnr": 0.08900000154972076,
            "magzpsci": 26.076000213623047,
            "isdiffpos": "t",
            "ssdistnr": null,
            "ssnamenr": null,
            "drb": null
        },
        {
            "candid": 2047503436315015000,
            "jd": 2459802.0034375,
            "ra": 102.608737,
            "dec": 43.0467346,
            "fid": 2,
            "nid": 2047,
            "magpsf": 18.383399963378906,
            "sigmapsf": 0.09662599861621857,
            "magnr": 19.291000366210938,
            "sigmagnr": 0.08900000154972076,
            "magzpsci": 26.085399627685547,
            "isdiffpos": "t",
            "ssdistnr": null,
            "ssnamenr": null,
            "drb": null
        },
        {
            "candid": 2048494936315015003,
            "jd": 2459802.9949306,
            "ra": 102.608667,
            "dec": 43.0467195,
            "fid": 2,
            "nid": 2048,
            "magpsf": 18.409799575805664,
            "sigmapsf": 0.09036999940872192,
            "magnr": 19.291000366210938,
            "sigmagnr": 0.08900000154972076,
            "magzpsci": 26.11479949951172,
            "isdiffpos": "t",
            "ssdistnr": null,
            "ssnamenr": null,
            "drb": null
        },
        {
            "candid": 2048497366315015004,
            "jd": 2459802.9973611,
            "ra": 102.6087233,
            "dec": 43.0467058,
            "fid": 2,
            "nid": 2048,
            "magpsf": 18.38719940185547,
            "sigmapsf": 0.08625800162553787,
            "magnr": 19.291000366210938,
            "sigmagnr": 0.08900000154972076,
            "magzpsci": 26.11720085144043,
            "isdiffpos": "t",
            "ssdistnr": null,
            "ssnamenr": null,
            "drb": null
        },
        {
            "candid": 2048499796315015000,
            "jd": 2459802.9997917,
            "ra": 102.6087114,
            "dec": 43.0467074,
            "fid": 2,
            "nid": 2048,
            "magpsf": 18.376399993896484,
            "sigmapsf": 0.09268400073051453,
            "magnr": 19.291000366210938,
            "sigmagnr": 0.08900000154972076,
            "magzpsci": 26.119400024414062,
            "isdiffpos": "t",
            "ssdistnr": null,
            "ssnamenr": null,
            "drb": null
        },
        {
            "candid": 2048502226315015002,
            "jd": 2459803.0022222,
            "ra": 102.6087191,
            "dec": 43.0467115,
            "fid": 2,
            "nid": 2048,
            "magpsf": 18.412700653076172,
            "sigmapsf": 0.10134200006723404,
            "magnr": 19.291000366210938,
            "sigmagnr": 0.08900000154972076,
            "magzpsci": 26.125699996948242,
            "isdiffpos": "t",
            "ssdistnr": null,
            "ssnamenr": null,
            "drb": null
        },
        {
            "candid": 2049496016315015001,
            "jd": 2459803.9960185,
            "ra": 102.6087398,
            "dec": 43.0467213,
            "fid": 2,
            "nid": 2049,
            "magpsf": 18.297800064086914,
            "sigmapsf": 0.08637800067663193,
            "magnr": 19.291000366210938,
            "sigmagnr": 0.08900000154972076,
            "magzpsci": 26.04680061340332,
            "isdiffpos": "t",
            "ssdistnr": null,
            "ssnamenr": null,
            "drb": null
        },
        {
            "candid": 2049498446315015007,
            "jd": 2459803.9984491,
            "ra": 102.6087049,
            "dec": 43.0467026,
            "fid": 2,
            "nid": 2049,
            "magpsf": 18.319599151611328,
            "sigmapsf": 0.07687599956989288,
            "magnr": 19.291000366210938,
            "sigmagnr": 0.08900000154972076,
            "magzpsci": 26.0585994720459,
            "isdiffpos": "t",
            "ssdistnr": null,
            "ssnamenr": null,
            "drb": null
        },
        {
            "candid": 2049500876315015001,
            "jd": 2459804.0008796,
            "ra": 102.6087188,
            "dec": 43.0467193,
            "fid": 2,
            "nid": 2049,
            "magpsf": 18.3169002532959,
            "sigmapsf": 0.08587300032377243,
            "magnr": 19.291000366210938,
            "sigmagnr": 0.08900000154972076,
            "magzpsci": 26.04990005493164,
            "isdiffpos": "t",
            "ssdistnr": null,
            "ssnamenr": null,
            "drb": null
        },
        {
            "candid": 2049505756315015000,
            "jd": 2459804.0057523,
            "ra": 102.6087092,
            "dec": 43.0466964,
            "fid": 2,
            "nid": 2049,
            "magpsf": 18.410200119018555,
            "sigmapsf": 0.11068300157785416,
            "magnr": 19.291000366210938,
            "sigmagnr": 0.08900000154972076,
            "magzpsci": 26.066200256347656,
            "isdiffpos": "t",
            "ssdistnr": null,
            "ssnamenr": null,
            "drb": null
        },
        {
            "candid": 2051497186315015001,
            "jd": 2459805.9971875,
            "ra": 102.6086949,
            "dec": 43.0467342,
            "fid": 2,
            "nid": 2051,
            "magpsf": 18.423200607299805,
            "sigmapsf": 0.08447299897670746,
            "magnr": 19.291000366210938,
            "sigmagnr": 0.08900000154972076,
            "magzpsci": 26.05620002746582,
            "isdiffpos": "t",
            "ssdistnr": null,
            "ssnamenr": null,
            "drb": null
        },
        {
            "candid": 2051499566315015001,
            "jd": 2459805.9995602,
            "ra": 102.6086781,
            "dec": 43.0467069,
            "fid": 2,
            "nid": 2051,
            "magpsf": 18.435800552368164,
            "sigmapsf": 0.09827499836683273,
            "magnr": 19.291000366210938,
            "sigmagnr": 0.08900000154972076,
            "magzpsci": 26.053800582885742,
            "isdiffpos": "t",
            "ssdistnr": null,
            "ssnamenr": null,
            "drb": null
        },
        {
            "candid": 2051501926315015001,
            "jd": 2459806.0019213,
            "ra": 102.6087131,
            "dec": 43.0467344,
            "fid": 2,
            "nid": 2051,
            "magpsf": 18.266399383544922,
            "sigmapsf": 0.0920720025897026,
            "magnr": 19.291000366210938,
            "sigmagnr": 0.08900000154972076,
            "magzpsci": 26.05340003967285,
            "isdiffpos": "t",
            "ssdistnr": null,
            "ssnamenr": null,
            "drb": null
        },
        {
            "candid": 2051504296315015001,
            "jd": 2459806.004294,
            "ra": 102.6087509,
            "dec": 43.0467055,
            "fid": 2,
            "nid": 2051,
            "magpsf": 18.374500274658203,
            "sigmapsf": 0.08463499695062637,
            "magnr": 19.291000366210938,
            "sigmagnr": 0.08900000154972076,
            "magzpsci": 26.052499771118164,
            "isdiffpos": "t",
            "ssdistnr": null,
            "ssnamenr": null,
            "drb": null
        },
        {
            "candid": 2051506666315015002,
            "jd": 2459806.0066667,
            "ra": 102.6086531,
            "dec": 43.046718,
            "fid": 2,
            "nid": 2051,
            "magpsf": 18.32539939880371,
            "sigmapsf": 0.07771900296211243,
            "magnr": 19.291000366210938,
            "sigmagnr": 0.08900000154972076,
            "magzpsci": 26.0664005279541,
            "isdiffpos": "t",
            "ssdistnr": null,
            "ssnamenr": null,
            "drb": null
        },
        {
            "candid": 2052497716315015005,
            "jd": 2459806.9977199,
            "ra": 102.608683,
            "dec": 43.0467231,
            "fid": 2,
            "nid": 2052,
            "magpsf": 18.412200927734375,
            "sigmapsf": 0.09338299930095673,
            "magnr": 19.291000366210938,
            "sigmagnr": 0.08900000154972076,
            "magzpsci": 26.057199478149414,
            "isdiffpos": "t",
            "ssdistnr": null,
            "ssnamenr": null,
            "drb": null
        },
        {
            "candid": 2052500116315015004,
            "jd": 2459807.0001157,
            "ra": 102.6087363,
            "dec": 43.0467387,
            "fid": 2,
            "nid": 2052,
            "magpsf": 18.447200775146484,
            "sigmapsf": 0.1068039983510971,
            "magnr": 19.291000366210938,
            "sigmagnr": 0.08900000154972076,
            "magzpsci": 26.052200317382812,
            "isdiffpos": "t",
            "ssdistnr": null,
            "ssnamenr": null,
            "drb": null
        },
        {
            "candid": 2052502506315015001,
            "jd": 2459807.0025,
            "ra": 102.6087089,
            "dec": 43.046726,
            "fid": 2,
            "nid": 2052,
            "magpsf": 18.359899520874023,
            "sigmapsf": 0.07564900070428848,
            "magnr": 19.291000366210938,
            "sigmagnr": 0.08900000154972076,
            "magzpsci": 26.06290054321289,
            "isdiffpos": "t",
            "ssdistnr": null,
            "ssnamenr": null,
            "drb": null
        },
        {
            "candid": 2052504906315015002,
            "jd": 2459807.0049074,
            "ra": 102.6087248,
            "dec": 43.0467002,
            "fid": 2,
            "nid": 2052,
            "magpsf": 18.333900451660156,
            "sigmapsf": 0.10739099979400635,
            "magnr": 19.291000366210938,
            "sigmagnr": 0.08900000154972076,
            "magzpsci": 26.070899963378906,
            "isdiffpos": "t",
            "ssdistnr": null,
            "ssnamenr": null,
            "drb": null
        },
        {
            "candid": 2052507306315015002,
            "jd": 2459807.0073032,
            "ra": 102.6087262,
            "dec": 43.0467158,
            "fid": 2,
            "nid": 2052,
            "magpsf": 18.45050048828125,
            "sigmapsf": 0.1098179966211319,
            "magnr": 19.291000366210938,
            "sigmagnr": 0.08900000154972076,
            "magzpsci": 26.0674991607666,
            "isdiffpos": "t",
            "ssdistnr": null,
            "ssnamenr": null,
            "drb": null
        },
        {
            "candid": 2053501466315015004,
            "jd": 2459808.0014699,
            "ra": 102.6087506,
            "dec": 43.0467167,
            "fid": 2,
            "nid": 2053,
            "magpsf": 18.42889976501465,
            "sigmapsf": 0.08573900163173676,
            "magnr": 19.291000366210938,
            "sigmagnr": 0.08900000154972076,
            "magzpsci": 26.093900680541992,
            "isdiffpos": "t",
            "ssdistnr": null,
            "ssnamenr": null,
            "drb": null
        },
        {
            "candid": 2053503866315015000,
            "jd": 2459808.0038657,
            "ra": 102.6087232,
            "dec": 43.0467307,
            "fid": 2,
            "nid": 2053,
            "magpsf": 18.324499130249023,
            "sigmapsf": 0.07711999863386154,
            "magnr": 19.291000366210938,
            "sigmagnr": 0.08900000154972076,
            "magzpsci": 26.098499298095703,
            "isdiffpos": "t",
            "ssdistnr": null,
            "ssnamenr": null,
            "drb": null
        },
        {
            "candid": 2053506276315015000,
            "jd": 2459808.0062731,
            "ra": 102.6087742,
            "dec": 43.0466991,
            "fid": 2,
            "nid": 2053,
            "magpsf": 18.39579963684082,
            "sigmapsf": 0.08867699652910233,
            "magnr": 19.291000366210938,
            "sigmagnr": 0.08900000154972076,
            "magzpsci": 26.102800369262695,
            "isdiffpos": "t",
            "ssdistnr": null,
            "ssnamenr": null,
            "drb": null
        },
        {
            "candid": 2053508656315015005,
            "jd": 2459808.0086574,
            "ra": 102.6087186,
            "dec": 43.0467437,
            "fid": 2,
            "nid": 2053,
            "magpsf": 18.491199493408203,
            "sigmapsf": 0.10189899802207947,
            "magnr": 19.291000366210938,
            "sigmagnr": 0.08900000154972076,
            "magzpsci": 26.105199813842773,
            "isdiffpos": "t",
            "ssdistnr": null,
            "ssnamenr": null,
            "drb": null
        },
        {
            "candid": 2054498426315015000,
            "jd": 2459808.9984259,
            "ra": 102.6087525,
            "dec": 43.0467025,
            "fid": 2,
            "nid": 2054,
            "magpsf": 18.380800247192383,
            "sigmapsf": 0.07643099874258041,
            "magnr": 19.291000366210938,
            "sigmagnr": 0.08900000154972076,
            "magzpsci": 26.077800750732422,
            "isdiffpos": "t",
            "ssdistnr": null,
            "ssnamenr": null,
            "drb": null
        },
        {
            "candid": 2054500826315015003,
            "jd": 2459809.0008218,
            "ra": 102.6087079,
            "dec": 43.0467106,
            "fid": 2,
            "nid": 2054,
            "magpsf": 18.44219970703125,
            "sigmapsf": 0.06953000277280807,
            "magnr": 19.291000366210938,
            "sigmagnr": 0.08900000154972076,
            "magzpsci": 26.06920051574707,
            "isdiffpos": "t",
            "ssdistnr": null,
            "ssnamenr": null,
            "drb": null
        },
        {
            "candid": 2054503216315015002,
            "jd": 2459809.0032176,
            "ra": 102.6087289,
            "dec": 43.0467153,
            "fid": 2,
            "nid": 2054,
            "magpsf": 18.45359992980957,
            "sigmapsf": 0.08589799702167511,
            "magnr": 19.291000366210938,
            "sigmagnr": 0.08900000154972076,
            "magzpsci": 26.07659912109375,
            "isdiffpos": "t",
            "ssdistnr": null,
            "ssnamenr": null,
            "drb": null
        },
        {
            "candid": 2054505616315015003,
            "jd": 2459809.0056134,
            "ra": 102.6087656,
            "dec": 43.0467179,
            "fid": 2,
            "nid": 2054,
            "magpsf": 18.487300872802734,
            "sigmapsf": 0.08199899643659592,
            "magnr": 19.291000366210938,
            "sigmagnr": 0.08900000154972076,
            "magzpsci": 26.090299606323242,
            "isdiffpos": "t",
            "ssdistnr": null,
            "ssnamenr": null,
            "drb": null
        },
        {
            "candid": 2054508006315015002,
            "jd": 2459809.0080093,
            "ra": 102.6087118,
            "dec": 43.0467481,
            "fid": 2,
            "nid": 2054,
            "magpsf": 18.458099365234375,
            "sigmapsf": 0.07603099942207336,
            "magnr": 19.291000366210938,
            "sigmagnr": 0.08900000154972076,
            "magzpsci": 26.10409927368164,
            "isdiffpos": "t",
            "ssdistnr": null,
            "ssnamenr": null,
            "drb": null
        },
        {
            "candid": 2055497036315015004,
            "jd": 2459809.997037,
            "ra": 102.6087539,
            "dec": 43.0467096,
            "fid": 2,
            "nid": 2055,
            "magpsf": 18.495100021362305,
            "sigmapsf": 0.0848890021443367,
            "magnr": 19.291000366210938,
            "sigmagnr": 0.08900000154972076,
            "magzpsci": 26.07509994506836,
            "isdiffpos": "t",
            "ssdistnr": null,
            "ssnamenr": null,
            "drb": null
        },
        {
            "candid": 2055499436315015008,
            "jd": 2459809.9994329,
            "ra": 102.6087035,
            "dec": 43.0467009,
            "fid": 2,
            "nid": 2055,
            "magpsf": 18.460899353027344,
            "sigmapsf": 0.08156400173902512,
            "magnr": 19.291000366210938,
            "sigmagnr": 0.08900000154972076,
            "magzpsci": 26.083900451660156,
            "isdiffpos": "t",
            "ssdistnr": null,
            "ssnamenr": null,
            "drb": null
        },
        {
            "candid": 2055501826315015002,
            "jd": 2459810.0018287,
            "ra": 102.6087032,
            "dec": 43.0467426,
            "fid": 2,
            "nid": 2055,
            "magpsf": 18.448400497436523,
            "sigmapsf": 0.07937200367450714,
            "magnr": 19.291000366210938,
            "sigmagnr": 0.08900000154972076,
            "magzpsci": 26.08139991760254,
            "isdiffpos": "t",
            "ssdistnr": null,
            "ssnamenr": null,
            "drb": null
        },
        {
            "candid": 2055504226315015007,
            "jd": 2459810.0042245,
            "ra": 102.6087186,
            "dec": 43.0467181,
            "fid": 2,
            "nid": 2055,
            "magpsf": 18.488500595092773,
            "sigmapsf": 0.09667500108480453,
            "magnr": 19.291000366210938,
            "sigmagnr": 0.08900000154972076,
            "magzpsci": 26.083499908447266,
            "isdiffpos": "t",
            "ssdistnr": null,
            "ssnamenr": null,
            "drb": null
        },
        {
            "candid": 2055506626315015002,
            "jd": 2459810.0066204,
            "ra": 102.6087261,
            "dec": 43.0467469,
            "fid": 2,
            "nid": 2055,
            "magpsf": 18.41790008544922,
            "sigmapsf": 0.06541699916124344,
            "magnr": 19.291000366210938,
            "sigmagnr": 0.08900000154972076,
            "magzpsci": 26.094900131225586,
            "isdiffpos": "t",
            "ssdistnr": null,
            "ssnamenr": null,
            "drb": null
        },
        {
            "candid": 2061493066315015004,
            "jd": 2459815.9930671,
            "ra": 102.608755,
            "dec": 43.0467341,
            "fid": 2,
            "nid": 2061,
            "magpsf": 18.91200065612793,
            "sigmapsf": 0.10653000324964523,
            "magnr": 19.291000366210938,
            "sigmagnr": 0.08900000154972076,
            "magzpsci": 26.06100082397461,
            "isdiffpos": "t",
            "ssdistnr": null,
            "ssnamenr": null,
            "drb": null
        },
        {
            "candid": 2061498006315015004,
            "jd": 2459815.9980093,
            "ra": 102.6087089,
            "dec": 43.0467128,
            "fid": 2,
            "nid": 2061,
            "magpsf": 18.870100021362305,
            "sigmapsf": 0.08956799656152725,
            "magnr": 19.291000366210938,
            "sigmagnr": 0.08900000154972076,
            "magzpsci": 26.068099975585938,
            "isdiffpos": "t",
            "ssdistnr": null,
            "ssnamenr": null,
            "drb": null
        },
        {
            "candid": 2061500486315015001,
            "jd": 2459816.0004861,
            "ra": 102.6086864,
            "dec": 43.0467256,
            "fid": 2,
            "nid": 2061,
            "magpsf": 18.877099990844727,
            "sigmapsf": 0.09130100160837173,
            "magnr": 19.291000366210938,
            "sigmagnr": 0.08900000154972076,
            "magzpsci": 26.07509994506836,
            "isdiffpos": "t",
            "ssdistnr": null,
            "ssnamenr": null,
            "drb": null
        },
        {
            "candid": 2061502966315015001,
            "jd": 2459816.002963,
            "ra": 102.6087392,
            "dec": 43.0467298,
            "fid": 2,
            "nid": 2061,
            "magpsf": 18.928199768066406,
            "sigmapsf": 0.07969100028276443,
            "magnr": 19.291000366210938,
            "sigmagnr": 0.08900000154972076,
            "magzpsci": 26.0802001953125,
            "isdiffpos": "t",
            "ssdistnr": null,
            "ssnamenr": null,
            "drb": null
        },
        {
            "candid": 2062492806315015012,
            "jd": 2459816.9928009,
            "ra": 102.6087313,
            "dec": 43.0466697,
            "fid": 2,
            "nid": 2062,
            "magpsf": 18.935400009155273,
            "sigmapsf": 0.08748400211334229,
            "magnr": 19.291000366210938,
            "sigmagnr": 0.08900000154972076,
            "magzpsci": 26.09239959716797,
            "isdiffpos": "t",
            "ssdistnr": null,
            "ssnamenr": null,
            "drb": null
        },
        {
            "candid": 2062495246315015002,
            "jd": 2459816.9952431,
            "ra": 102.6087312,
            "dec": 43.0467123,
            "fid": 2,
            "nid": 2062,
            "magpsf": 18.918899536132812,
            "sigmapsf": 0.09391699731349945,
            "magnr": 19.291000366210938,
            "sigmagnr": 0.08900000154972076,
            "magzpsci": 26.08690071105957,
            "isdiffpos": "t",
            "ssdistnr": null,
            "ssnamenr": null,
            "drb": null
        },
        {
            "candid": 2062500156315015004,
            "jd": 2459817.0001505,
            "ra": 102.6087122,
            "dec": 43.0466976,
            "fid": 2,
            "nid": 2062,
            "magpsf": 18.920799255371094,
            "sigmapsf": 0.08769199997186661,
            "magnr": 19.291000366210938,
            "sigmagnr": 0.08900000154972076,
            "magzpsci": 25.973800659179688,
            "isdiffpos": "t",
            "ssdistnr": null,
            "ssnamenr": null,
            "drb": null
        },
        {
            "candid": 2062502596315015005,
            "jd": 2459817.0025926,
            "ra": 102.6087372,
            "dec": 43.0467147,
            "fid": 2,
            "nid": 2062,
            "magpsf": 18.967199325561523,
            "sigmapsf": 0.09963899850845337,
            "magnr": 19.291000366210938,
            "sigmagnr": 0.08900000154972076,
            "magzpsci": 26.002199172973633,
            "isdiffpos": "t",
            "ssdistnr": null,
            "ssnamenr": null,
            "drb": null
        },
        {
            "candid": 2063490926315015005,
            "jd": 2459817.9909259,
            "ra": 102.6087242,
            "dec": 43.0467096,
            "fid": 2,
            "nid": 2063,
            "magpsf": 18.988800048828125,
            "sigmapsf": 0.09331099689006805,
            "magnr": 19.291000366210938,
            "sigmagnr": 0.08900000154972076,
            "magzpsci": 26.04680061340332,
            "isdiffpos": "t",
            "ssdistnr": null,
            "ssnamenr": null,
            "drb": null
        },
        {
            "candid": 2063493416315015003,
            "jd": 2459817.9934144,
            "ra": 102.6087122,
            "dec": 43.0467086,
            "fid": 2,
            "nid": 2063,
            "magpsf": 18.947599411010742,
            "sigmapsf": 0.09168799966573715,
            "magnr": 19.291000366210938,
            "sigmagnr": 0.08900000154972076,
            "magzpsci": 26.04360008239746,
            "isdiffpos": "t",
            "ssdistnr": null,
            "ssnamenr": null,
            "drb": null
        },
        {
            "candid": 2063495906315015004,
            "jd": 2459817.9959028,
            "ra": 102.6086998,
            "dec": 43.0467082,
            "fid": 2,
            "nid": 2063,
            "magpsf": 18.996000289916992,
            "sigmapsf": 0.08101899921894073,
            "magnr": 19.291000366210938,
            "sigmagnr": 0.08900000154972076,
            "magzpsci": 26.052000045776367,
            "isdiffpos": "t",
            "ssdistnr": null,
            "ssnamenr": null,
            "drb": null
        },
        {
            "candid": 2063498396315015004,
            "jd": 2459817.9983912,
            "ra": 102.6087049,
            "dec": 43.0467239,
            "fid": 2,
            "nid": 2063,
            "magpsf": 19.019699096679688,
            "sigmapsf": 0.09148500114679337,
            "magnr": 19.291000366210938,
            "sigmagnr": 0.08900000154972076,
            "magzpsci": 26.053699493408203,
            "isdiffpos": "t",
            "ssdistnr": null,
            "ssnamenr": null,
            "drb": null
        },
        {
            "candid": 2063500876315015005,
            "jd": 2459818.0008796,
            "ra": 102.6087362,
            "dec": 43.0467114,
            "fid": 2,
            "nid": 2063,
            "magpsf": 19.112699508666992,
            "sigmapsf": 0.10242599993944168,
            "magnr": 19.291000366210938,
            "sigmagnr": 0.08900000154972076,
            "magzpsci": 26.05769920349121,
            "isdiffpos": "t",
            "ssdistnr": null,
            "ssnamenr": null,
            "drb": null
        },
        {
            "candid": 2089455496315015003,
            "jd": 2459843.9554977,
            "ra": 102.6087543,
            "dec": 43.0466949,
            "fid": 2,
            "nid": 2089,
            "magpsf": 20.159099578857422,
            "sigmapsf": 0.19071699678897858,
            "magnr": 19.291000366210938,
            "sigmagnr": 0.08900000154972076,
            "magzpsci": 26.204099655151367,
            "isdiffpos": "t",
            "ssdistnr": null,
            "ssnamenr": null,
            "drb": null
        },
        {
            "candid": 2096504246315015013,
            "jd": 2459851.0042477,
            "ra": 102.6086818,
            "dec": 43.0466938,
            "fid": 2,
            "nid": 2096,
            "magpsf": 20.004199981689453,
            "sigmapsf": 0.12357500195503235,
            "magnr": 19.291000366210938,
            "sigmagnr": 0.08900000154972076,
            "magzpsci": 26.215200424194336,
            "isdiffpos": "t",
            "ssdistnr": null,
            "ssnamenr": null,
            "drb": null
        },
        {
            "candid": 2099383246315015008,
            "jd": 2459853.8832407,
            "ra": 102.6087113,
            "dec": 43.0467399,
            "fid": 2,
            "nid": 2099,
            "magpsf": 20.07390022277832,
            "sigmapsf": 0.17122699320316315,
            "magnr": 19.291000366210938,
            "sigmagnr": 0.08900000154972076,
            "magzpsci": 26.153900146484375,
            "isdiffpos": "t",
            "ssdistnr": null,
            "ssnamenr": null,
            "drb": null
        },
        {
            "candid": 2099462236315015004,
            "jd": 2459853.9622338,
            "ra": 102.6085872,
            "dec": 43.0467534,
            "fid": 1,
            "nid": 2099,
            "magpsf": 21.197900772094727,
            "sigmapsf": 0.3267410099506378,
            "magnr": 19.91699981689453,
            "sigmagnr": 0.10300000011920929,
            "magzpsci": 26.27389907836914,
            "isdiffpos": "t",
            "ssdistnr": null,
            "ssnamenr": null,
            "drb": null
        },
        {
            "candid": 2101476956315015009,
            "jd": 2459855.976956,
            "ra": 102.6087016,
            "dec": 43.0467378,
            "fid": 1,
            "nid": 2101,
            "magpsf": 21.060300827026367,
            "sigmapsf": 0.2830300033092499,
            "magnr": 19.91699981689453,
            "sigmagnr": 0.10300000011920929,
            "magzpsci": 26.26129913330078,
            "isdiffpos": "t",
            "ssdistnr": null,
            "ssnamenr": null,
            "drb": null
        },
        {
            "candid": 2101490946315015005,
            "jd": 2459855.9909491,
            "ra": 102.6086943,
            "dec": 43.0466821,
            "fid": 2,
            "nid": 2101,
            "magpsf": 20.181699752807617,
            "sigmapsf": 0.1422639936208725,
            "magnr": 19.291000366210938,
            "sigmagnr": 0.08900000154972076,
            "magzpsci": 26.205699920654297,
            "isdiffpos": "t",
            "ssdistnr": null,
            "ssnamenr": null,
            "drb": null
        },
        {
            "candid": 2103476076315015004,
            "jd": 2459857.9760764,
            "ra": 102.6084115,
            "dec": 43.046779,
            "fid": 1,
            "nid": 2103,
            "magpsf": 21.24139976501465,
            "sigmapsf": 0.2961210012435913,
            "magnr": 19.91699981689453,
            "sigmagnr": 0.10300000011920929,
            "magzpsci": 26.268400192260742,
            "isdiffpos": "t",
            "ssdistnr": null,
            "ssnamenr": null,
            "drb": null
        },
        {
            "candid": 2103488586315015006,
            "jd": 2459857.988588,
            "ra": 102.6087365,
            "dec": 43.0466851,
            "fid": 2,
            "nid": 2103,
            "magpsf": 20.30270004272461,
            "sigmapsf": 0.21370500326156616,
            "magnr": 19.291000366210938,
            "sigmagnr": 0.08900000154972076,
            "magzpsci": 26.198699951171875,
            "isdiffpos": "t",
            "ssdistnr": null,
            "ssnamenr": null,
            "drb": null
        },
        {
            "candid": 2105494316315015004,
            "jd": 2459859.9943171,
            "ra": 102.6087387,
            "dec": 43.0467214,
            "fid": 2,
            "nid": 2105,
            "magpsf": 20.246400833129883,
            "sigmapsf": 0.1578429937362671,
            "magnr": 19.291000366210938,
            "sigmagnr": 0.08900000154972076,
            "magzpsci": 26.19540023803711,
            "isdiffpos": "t",
            "ssdistnr": null,
            "ssnamenr": null,
            "drb": null
        },
        {
            "candid": 2120487096315015004,
            "jd": 2459874.9870949,
            "ra": 102.6086518,
            "dec": 43.0467365,
            "fid": 2,
            "nid": 2120,
            "magpsf": 20.408281326293945,
            "sigmapsf": 0.18224568665027618,
            "magnr": 19.291000366210938,
            "sigmagnr": 0.08900000154972076,
            "magzpsci": 26.210281372070312,
            "isdiffpos": "t",
            "ssdistnr": -999.0,
            "ssnamenr": "null",
            "drb": null
        },
        {
            "jd": 2459804.0033102,
            "fid": 2,
            "diffmaglim": 19.264699935913086
        },
        {
            "jd": 2459815.9955324,
            "fid": 2,
            "diffmaglim": 20.314599990844727
        },
        {
            "jd": 2459816.9976968,
            "fid": 2,
            "diffmaglim": 20.349599838256836
        },
        {
            "jd": 2459839.9774653,
            "fid": 1,
            "diffmaglim": 20.207799911499023
        },
        {
            "jd": 2459839.9966204,
            "fid": 1,
            "diffmaglim": 20.179000854492188
        },
        {
            "jd": 2459843.9635301,
            "fid": 1,
            "diffmaglim": 20.565799713134766
        },
        {
            "jd": 2459846.9699074,
            "fid": 2,
            "diffmaglim": 20.459199905395508
        },
        {
            "jd": 2459846.9906134,
            "fid": 1,
            "diffmaglim": 20.763599395751953
        },
        {
            "jd": 2459848.9494907,
            "fid": 1,
            "diffmaglim": 20.698200225830078
        },
        {
            "jd": 2459848.9938194,
            "fid": 2,
            "diffmaglim": 20.55120086669922
        },
        {
            "jd": 2459850.9781597,
            "fid": 1,
            "diffmaglim": 20.73940086364746
        },
        {
            "jd": 2459859.9454745,
            "fid": 1,
            "diffmaglim": 20.02090072631836
        },
        {
            "jd": 2459861.9453241,
            "fid": 1,
            "diffmaglim": 17.978500366210938
        },
        {
            "jd": 2459861.9948611,
            "fid": 2,
            "diffmaglim": 19.125999450683594
        },
        {
            "jd": 2459863.9944444,
            "fid": 2,
            "diffmaglim": 19.92799949645996
        },
        {
            "jd": 2459866.974375,
            "fid": 1,
            "diffmaglim": 19.92340087890625
        },
        {
            "jd": 2459866.9913426,
            "fid": 2,
            "diffmaglim": 19.993600845336914
        },
        {
            "jd": 2459872.8483912,
            "fid": 1,
            "diffmaglim": 20.374000549316406
        },
        {
            "jd": 2459872.9548148,
            "fid": 2,
            "diffmaglim": 20.542999267578125
        },
        {
            "jd": 2459874.9445602,
            "fid": 1,
            "diffmaglim": 20.978900909423828
        }
    ],
    "forcedphot": []
}