{
    "objectId": "ZTF20acpjodk",
    "candidates": [
        {
            "candid": 1410153393315015001,
            "jd": 2459164.6533912,
            "ra": 342.2663927,
            "dec": 20.6743992,
            "fid": 2,
            "nid": 1410,
            "magpsf": 19.729900360107422,
            "sigmapsf": 0.13878600299358368,
            "magnr": 19.611000061035156,
            "sigmagnr": 0.11100000143051147,
            "magzpsci": 26.340900421142578,
            "isdiffpos": "t",
            "ssdistnr": -999.0,
            "ssnamenr": "null",
            "drb": 0.9999930262565613
        },
        {
            "candid": 1413174073315015000,
            "jd": 2459167.6740741,
            "ra": 342.2664178,
            "dec": 20.6743606,
            "fid": 1,
            "nid": 1413,
            "magpsf": 19.774999618530273,
            "sigmapsf": 0.1496420055627823,
            "magnr": 20.059999465942383,
            "sigmagnr": 0.0989999994635582,
            "magzpsci": 26.3439998626709,
            "isdiffpos": "t",
            "ssdistnr": -999.0,
            "ssnamenr": "null",
            "drb": 0.9999920129776001
        },
        {
            "candid": 1413213853315015003,
            "jd": 2459167.7138542,
            "ra": 342.2663768,
            "dec": 20.6744124,
            "fid": 2,
            "nid": 1413,
            "magpsf": 19.540199279785156,
            "sigmapsf": 0.14574599266052246,
            "magnr": 19.611000061035156,
            "sigmagnr": 0.11100000143051147,
            "magzpsci": 26.331199645996094,
            "isdiffpos": "t",
            "ssdistnr": -999.0,
            "ssnamenr": "null",
            "drb": 0.9999629855155945
        },
        {
            "candid": 1415186563315015005,
            "jd": 2459169.6865625,
            "ra": 342.2664204,
            "dec": 20.6743706,
            "fid": 2,
            "nid": 1415,
            "magpsf": 19.334800720214844,
            "sigmapsf": 0.10429699718952179,
            "magnr": 19.611000061035156,
            "sigmagnr": 0.11100000143051147,
            "magzpsci": 26.341800689697266,
            "isdiffpos": "t",
            "ssdistnr": -999.0,
            "ssnamenr": "null",
            "drb": 0.9999849796295166
        },
        {
            "candid": 1415226113315015001,
            "jd": 2459169.7261111,
            "ra": 342.266383,
            "dec": 20.6744103,
            "fid": 1,
            "nid": 1415,
            "magpsf": 19.625499725341797,
            "sigmapsf": 0.13351400196552277,
            "magnr": 20.059999465942383,
            "sigmagnr": 0.0989999994635582,
            "magzpsci": 26.315500259399414,
            "isdiffpos": "t",
            "ssdistnr": -999.0,
            "ssnamenr": "null",
            "drb": 0.9999979734420776
        },
        {
            "candid": 1417124733315015000,
            "jd": 2459171.6247338,
            "ra": 342.2664162,
            "dec": 20.6743839,
            "fid": 2,
            "nid": 1417,
            "magpsf": 19.249500274658203,
            "sigmapsf": 0.08930099755525589,
            "magnr": 19.611000061035156,
            "sigmagnr": 0.11100000143051147,
            "magzpsci": 26.342500686645508,
            "isdiffpos": "t",
            "ssdistnr": -999.0,
            "ssnamenr": "null",
            "drb": 0.9999330043792725
        },
        {
            "candid": 1417174983315015001,
            "jd": 2459171.6749884,
            "ra": 342.2664301,
            "dec": 20.6743931,
            "fid": 1,
            "nid": 1417,
            "magpsf": 19.507600784301758,
            "sigmapsf": 0.11078000068664551,
            "magnr": 20.059999465942383,
            "sigmagnr": 0.0989999994635582,
            "magzpsci": 26.309600830078125,
            "isdiffpos": "t",
            "ssdistnr": -999.0,
            "ssnamenr": "null",
            "drb": 1.0
        },
        {
            "candid": 1419109873315025001,
            "jd": 2459173.6098727,
            "ra": 342.2664001,
            "dec": 20.6743479,
            "fid": 2,
            "nid": 1419,
            "magpsf": 19.131399154663086,
            "sigmapsf": 0.08730000257492065,
            "magnr": 19.611000061035156,
            "sigmagnr": 0.11100000143051147,
            "magzpsci": 26.34440040588379,
            "isdiffpos": "t",
            "ssdistnr": -999.0,
            "ssnamenr": "null",
            "drb": 0.9999319911003113
        },
        {
            "candid": 1419206923315025028,
            "jd": 2459173.7069213,
            "ra": 342.2664121,
            "dec": 20.674401,
            "fid": 1,
            "nid": 1419,
            "magpsf": 19.54829978942871,
            "sigmapsf": 0.135453999042511,
            "magnr": 20.059999465942383,
            "sigmagnr": 0.0989999994635582,
            "magzpsci": 25.765300750732422,
            "isdiffpos": "t",
            "ssdistnr": -999.0,
            "ssnamenr": "null",
            "drb": 1.0
        },
        {
            "candid": 1428185273315015001,
            "jd": 2459182.6852778,
            "ra": 342.2664,
            "dec": 20.6744133,
            "fid": 2,
            "nid": 1428,
            "magpsf": 19.346500396728516,
            "sigmapsf": 0.1353899985551834,
            "magnr": 19.611000061035156,
            "sigmagnr": 0.11100000143051147,
            "magzpsci": 26.333499908447266,
            "isdiffpos": "t",
            "ssdistnr": -999.0,
            "ssnamenr": "null",
            "drb": 1.0
        },
        {
            "candid": 1432112243315015000,
            "jd": 2459186.6122454,
            "ra": 342.2664045,
            "dec": 20.6743873,
            "fid": 2,
            "nid": 1432,
            "magpsf": 19.545400619506836,
            "sigmapsf": 0.14901100099086761,
            "magnr": 19.611000061035156,
            "sigmagnr": 0.11100000143051147,
            "magzpsci": 26.315399169921875,
            "isdiffpos": "t",
            "ssdistnr": -999.0,
            "ssnamenr": "null",
            "drb": 0.9997940063476562
        },
        {
            "candid": 1434112063315015000,
            "jd": 2459188.6120602,
            "ra": 342.2663332,
            "dec": 20.674401,
            "fid": 2,
            "nid": 1434,
            "magpsf": 19.91990089416504,
            "sigmapsf": 0.2071409970521927,
            "magnr": 19.611000061035156,
            "sigmagnr": 0.11100000143051147,
            "magzpsci": 26.331899642944336,
            "isdiffpos": "t",
            "ssdistnr": -999.0,
            "ssnamenr": "null",
            "drb": 0.9998649954795837
        },
        {
            "jd": 2459134.68142,
            "fid": 2,
            "diffmaglim": 20.52400016784668
        },
        {
            "jd": 2459134.73597,
            "fid": 1,
            "diffmaglim": 20.742000579833984
        },
        {
            "jd": 2459136.69508,
            "fid": 2,
            "diffmaglim": 20.719999313354492
        },
        {
            "jd": 2459136.74745,
            "fid": 1,
            "diffmaglim": 20.865999221801758
        },
        {
            "jd": 2459138.63564,
            "fid": 2,
            "diffmaglim": 20.56999969482422
        },
        {
            "jd": 2459138.72845,
            "fid": 1,
            "diffmaglim": 20.68600082397461
        },
        {
            "jd": 2459140.69209,
            "fid": 1,
            "diffmaglim": 20.937000274658203
        },
        {
            "jd": 2459140.72443,
            "fid": 2,
            "diffmaglim": 20.55299949645996
        },
        {
            "jd": 2459142.70786,
            "fid": 1,
            "diffmaglim": 18.009000778198242
        },
        {
            "jd": 2459144.6866,
            "fid": 1,
            "diffmaglim": 20.2450008392334
        },
        {
            "jd": 2459144.70666,
            "fid": 2,
            "diffmaglim": 20.610000610351562
        },
        {
            "jd": 2459146.67124,
            "fid": 2,
            "diffmaglim": 19.457000732421875
        },
        {
            "jd": 2459146.8174,
            "fid": 1,
            "diffmaglim": 17.79199981689453
        },
        {
            "jd": 2459149.63654,
            "fid": 2,
            "diffmaglim": 19.11199951171875
        },
        {
            "jd": 2459149.73345,
            "fid": 1,
            "diffmaglim": 19.073999404907227
        },
        {
            "jd": 2459151.61992,
            "fid": 2,
            "diffmaglim": 19.739999771118164
        },
        {
            "jd": 2459151.67317,
            "fid": 1,
            "diffmaglim": 19.524999618530273
        },
        {
            "jd": 2459153.60891,
            "fid": 2,
            "diffmaglim": 19.770000457763672
        },
        {
            "jd": 2459153.65896,
            "fid": 1,
            "diffmaglim": 19.566999435424805
        },
        {
            "jd": 2459155.61434,
            "fid": 2,
            "diffmaglim": 20.218000411987305
        },
        {
            "jd": 2459155.66566,
            "fid": 1,
            "diffmaglim": 19.895999908447266
        },
        {
            "jd": 2459157.72833,
            "fid": 2,
            "diffmaglim": 20.143999099731445
        },
        {
            "jd": 2459157.80748,
            "fid": 1,
            "diffmaglim": 19.60300064086914
        },
        {
            "jd": 2459164.70138,
            "fid": 1,
            "diffmaglim": 20.21299934387207
        },
        {
            "jd": 2459175.70205,
            "fid": 2,
            "diffmaglim": 16.177000045776367
        },
        {
            "jd": 2459176.60777,
            "fid": 2,
            "diffmaglim": 15.802000045776367
        },
        {
            "jd": 2459176.71615,
            "fid": 1,
            "diffmaglim": 16.93899917602539
        },
        {
            "jd": 2459178.65356,
            "fid": 1,
            "diffmaglim": 19.95400047302246
        },
        {
            "jd": 2459180.65841,
            "fid": 1,
            "diffmaglim": 19.148000717163086
        },
        {
            "jd": 2459180.70669,
            "fid": 2,
            "diffmaglim": 18.986000061035156
        },
        {
            "jd": 2459182.64192,
            "fid": 1,
            "diffmaglim": 19.56599998474121
        },
        {
            "jd": 2459184.6178,
            "fid": 2,
            "diffmaglim": 20.099000930786133
        },
        {
            "jd": 2459184.64343,
            "fid": 1,
            "diffmaglim": 19.78499984741211
        },
        {
            "jd": 2459186.64472,
            "fid": 1,
            "diffmaglim": 19.68600082397461
        }
    ],
    "forcedphot": []
}