{
    "objectId": "ZTF20acxqxyw",
    "candidates": [
        {
            "candid": 1444393770815015007,
            "jd": 2459198.8937731,
            "ra": 140.6499357,
            "dec": 30.9946069,
            "fid": 1,
            "nid": 1444,
            "magpsf": 20.200899124145508,
            "sigmapsf": 0.19555999338626862,
            "magnr": 20.003000259399414,
            "sigmagnr": 0.11500000208616257,
            "magzpsci": 26.444900512695312,
            "isdiffpos": "t",
            "ssdistnr": -999.0,
            "ssnamenr": "null",
            "drb": 0.999629020690918
        },
        {
            "candid": 1444443720815015013,
            "jd": 2459198.9437269,
            "ra": 140.6499148,
            "dec": 30.9946684,
            "fid": 2,
            "nid": 1444,
            "magpsf": 19.851900100708008,
            "sigmapsf": 0.1445010006427765,
            "magnr": 18.635000228881836,
            "sigmagnr": 0.08299999684095383,
            "magzpsci": 26.317899703979492,
            "isdiffpos": "t",
            "ssdistnr": -999.0,
            "ssnamenr": "null",
            "drb": 0.9995669722557068
        },
        {
            "candid": 1446424230815015007,
            "jd": 2459200.9242361,
            "ra": 140.6499881,
            "dec": 30.9946603,
            "fid": 1,
            "nid": 1446,
            "magpsf": 19.697200775146484,
            "sigmapsf": 0.20589999854564667,
            "magnr": 20.003000259399414,
            "sigmagnr": 0.11500000208616257,
            "magzpsci": 25.701200485229492,
            "isdiffpos": "t",
            "ssdistnr": -999.0,
            "ssnamenr": "null",
            "drb": 0.9998610019683838
        },
        {
            "candid": 1446509120815015004,
            "jd": 2459201.0091204,
            "ra": 140.6499265,
            "dec": 30.9947144,
            "fid": 2,
            "nid": 1446,
            "magpsf": 19.62310028076172,
            "sigmapsf": 0.19577300548553467,
            "magnr": 18.635000228881836,
            "sigmagnr": 0.08299999684095383,
            "magzpsci": 25.92609977722168,
            "isdiffpos": "t",
            "ssdistnr": -999.0,
            "ssnamenr": "null",
            "drb": 0.9981480240821838
        },
        {
            "candid": 1449385270815015007,
            "jd": 2459203.8852778,
            "ra": 140.6499155,
            "dec": 30.9946632,
            "fid": 1,
            "nid": 1449,
            "magpsf": 19.33370018005371,
            "sigmapsf": 0.12907500565052032,
            "magnr": 20.003000259399414,
            "sigmagnr": 0.11500000208616257,
            "magzpsci": 26.41670036315918,
            "isdiffpos": "t",
            "ssdistnr": -999.0,
            "ssnamenr": "null",
            "drb": 0.9999939799308777
        },
        {
            "candid": 1449442230815015008,
            "jd": 2459203.9422338,
            "ra": 140.6499668,
            "dec": 30.9946639,
            "fid": 2,
            "nid": 1449,
            "magpsf": 19.118900299072266,
            "sigmapsf": 0.10581400245428085,
            "magnr": 18.635000228881836,
            "sigmagnr": 0.08299999684095383,
            "magzpsci": 26.311899185180664,
            "isdiffpos": "t",
            "ssdistnr": -999.0,
            "ssnamenr": "null",
            "drb": 0.9999989867210388
        },
        {
            "candid": 1451383640815015007,
            "jd": 2459205.8836458,
            "ra": 140.6499718,
            "dec": 30.9946875,
            "fid": 1,
            "nid": 1451,
            "magpsf": 19.300800323486328,
            "sigmapsf": 0.10965099930763245,
            "magnr": 20.003000259399414,
            "sigmagnr": 0.11500000208616257,
            "magzpsci": 26.197799682617188,
            "isdiffpos": "t",
            "ssdistnr": -999.0,
            "ssnamenr": "null",
            "drb": 1.0
        },
        {
            "candid": 1463359130815015001,
            "jd": 2459217.8591319,
            "ra": 140.6499907,
            "dec": 30.994683,
            "fid": 2,
            "nid": 1463,
            "magpsf": 18.76409912109375,
            "sigmapsf": 0.09126900136470795,
            "magnr": 18.635000228881836,
            "sigmagnr": 0.08299999684095383,
            "magzpsci": 26.320100784301758,
            "isdiffpos": "t",
            "ssdistnr": -999.0,
            "ssnamenr": "null",
            "drb": 0.9999960064888
        },
        {
            "candid": 1465342030815015005,
            "jd": 2459219.842037,
            "ra": 140.6499663,
            "dec": 30.9946497,
            "fid": 2,
            "nid": 1465,
            "magpsf": 18.728200912475586,
            "sigmapsf": 0.08517099916934967,
            "magnr": 18.635000228881836,
            "sigmagnr": 0.08299999684095383,
            "magzpsci": 26.298200607299805,
            "isdiffpos": "t",
            "ssdistnr": -999.0,
            "ssnamenr": "null",
            "drb": 1.0
        },
        {
            "candid": 1465408220815015009,
            "jd": 2459219.9082292,
            "ra": 140.6499538,
            "dec": 30.9946824,
            "fid": 1,
            "nid": 1465,
            "magpsf": 19.674699783325195,
            "sigmapsf": 0.12716099619865417,
            "magnr": 20.003000259399414,
            "sigmagnr": 0.11500000208616257,
            "magzpsci": 26.4237003326416,
            "isdiffpos": "t",
            "ssdistnr": -999.0,
            "ssnamenr": "null",
            "drb": 0.9999139904975891
        },
        {
            "candid": 1467342750815015014,
            "jd": 2459221.8427546,
            "ra": 140.649947,
            "dec": 30.9946523,
            "fid": 1,
            "nid": 1467,
            "magpsf": 19.881099700927734,
            "sigmapsf": 0.12081599980592728,
            "magnr": 20.003000259399414,
            "sigmagnr": 0.11500000208616257,
            "magzpsci": 26.432100296020508,
            "isdiffpos": "t",
            "ssdistnr": -999.0,
            "ssnamenr": "null",
            "drb": 0.9999989867210388
        },
        {
            "candid": 1467371740815015013,
            "jd": 2459221.8717477,
            "ra": 140.6499884,
            "dec": 30.9946892,
            "fid": 2,
            "nid": 1467,
            "magpsf": 18.92340087890625,
            "sigmapsf": 0.07882600277662277,
            "magnr": 18.635000228881836,
            "sigmagnr": 0.08299999684095383,
            "magzpsci": 26.305400848388672,
            "isdiffpos": "t",
            "ssdistnr": -999.0,
            "ssnamenr": "null",
            "drb": 0.9999989867210388
        },
        {
            "candid": 1469340420815015009,
            "jd": 2459223.8404282,
            "ra": 140.6499156,
            "dec": 30.9946425,
            "fid": 1,
            "nid": 1469,
            "magpsf": 19.960899353027344,
            "sigmapsf": 0.15993399918079376,
            "magnr": 20.003000259399414,
            "sigmagnr": 0.11500000208616257,
            "magzpsci": 26.407899856567383,
            "isdiffpos": "t",
            "ssdistnr": -999.0,
            "ssnamenr": "null",
            "drb": 0.9934790134429932
        },
        {
            "candid": 1469455380815015009,
            "jd": 2459223.9553819,
            "ra": 140.649962,
            "dec": 30.9946907,
            "fid": 2,
            "nid": 1469,
            "magpsf": 18.969900131225586,
            "sigmapsf": 0.09698600322008133,
            "magnr": 18.635000228881836,
            "sigmagnr": 0.08299999684095383,
            "magzpsci": 26.304899215698242,
            "isdiffpos": "t",
            "ssdistnr": -999.0,
            "ssnamenr": "null",
            "drb": 1.0
        },
        {
            "candid": 1475420570815015017,
            "jd": 2459229.9205787,
            "ra": 140.6499386,
            "dec": 30.9946217,
            "fid": 2,
            "nid": 1475,
            "magpsf": 19.120100021362305,
            "sigmapsf": 0.1302189975976944,
            "magnr": 18.635000228881836,
            "sigmagnr": 0.08299999684095383,
            "magzpsci": 26.306100845336914,
            "isdiffpos": "t",
            "ssdistnr": -999.0,
            "ssnamenr": "null",
            "drb": 0.9999579787254333
        },
        {
            "candid": 1477371630815015007,
            "jd": 2459231.8716319,
            "ra": 140.6499728,
            "dec": 30.994662,
            "fid": 2,
            "nid": 1477,
            "magpsf": 19.30820083618164,
            "sigmapsf": 0.08597999811172485,
            "magnr": 18.635000228881836,
            "sigmagnr": 0.08299999684095383,
            "magzpsci": 26.287200927734375,
            "isdiffpos": "t",
            "ssdistnr": -999.0,
            "ssnamenr": "null",
            "drb": 0.9999960064888
        },
        {
            "candid": 1494390770815015008,
            "jd": 2459248.8907755,
            "ra": 140.6499826,
            "dec": 30.9946423,
            "fid": 2,
            "nid": 1494,
            "magpsf": 19.91390037536621,
            "sigmapsf": 0.137937992811203,
            "magnr": 18.635000228881836,
            "sigmagnr": 0.08299999684095383,
            "magzpsci": 26.320899963378906,
            "isdiffpos": "t",
            "ssdistnr": -999.0,
            "ssnamenr": "null",
            "drb": 0.9999979734420776
        },
        {
            "candid": 1498301650815015012,
            "jd": 2459252.8016551,
            "ra": 140.6499258,
            "dec": 30.994707,
            "fid": 2,
            "nid": 1498,
            "magpsf": 20.17460060119629,
            "sigmapsf": 0.1605370044708252,
            "magnr": 18.635000228881836,
            "sigmagnr": 0.08299999684095383,
            "magzpsci": 26.319599151611328,
            "isdiffpos": "t",
            "ssdistnr": -999.0,
            "ssnamenr": "null",
            "drb": 0.9999690055847168
        },
        {
            "candid": 1500386550815015015,
            "jd": 2459254.8865509,
            "ra": 140.6499569,
            "dec": 30.994675,
            "fid": 2,
            "nid": 1500,
            "magpsf": 20.340700149536133,
            "sigmapsf": 0.1716109961271286,
            "magnr": 18.635000228881836,
            "sigmagnr": 0.08299999684095383,
            "magzpsci": 26.22170066833496,
            "isdiffpos": "t",
            "ssdistnr": -999.0,
            "ssnamenr": "null",
            "drb": 0.9999279975891113
        },
        {
            "candid": 1502240470815015011,
            "jd": 2459256.7404745,
            "ra": 140.6499551,
            "dec": 30.9946876,
            "fid": 2,
            "nid": 1502,
            "magpsf": 20.24220085144043,
            "sigmapsf": 0.1969130039215088,
            "magnr": 18.635000228881836,
            "sigmagnr": 0.08299999684095383,
            "magzpsci": 26.2731990814209,
            "isdiffpos": "t",
            "ssdistnr": null,
            "ssnamenr": null,
            "drb": null
        },
        {
            "candid": 1511279220815015014,
            "jd": 2459265.7792245,
            "ra": 140.6500089,
            "dec": 30.9947188,
            "fid": 2,
            "nid": 1511,
            "magpsf": 20.22633934020996,
            "sigmapsf": 0.16976499557495117,
            "magnr": 18.635000228881836,
            "sigmagnr": 0.08299999684095383,
            "magzpsci": 26.347339630126953,
            "isdiffpos": "t",
            "ssdistnr": -999.0,
            "ssnamenr": "null",
            "drb": null
        },
        {
            "jd": 2459168.94501,
            "fid": 2,
            "diffmaglim": 20.148000717163086
        },
        {
            "jd": 2459168.98786,
            "fid": 1,
            "diffmaglim": 20.763999938964844
        },
        {
            "jd": 2459170.96654,
            "fid": 1,
            "diffmaglim": 20.764999389648438
        },
        {
            "jd": 2459171.02947,
            "fid": 2,
            "diffmaglim": 20.518999099731445
        },
        {
            "jd": 2459173.96466,
            "fid": 1,
            "diffmaglim": 20.410999298095703
        },
        {
            "jd": 2459174.01187,
            "fid": 2,
            "diffmaglim": 20.05900001525879
        },
        {
            "jd": 2459176.018,
            "fid": 2,
            "diffmaglim": 18.554000854492188
        },
        {
            "jd": 2459176.03014,
            "fid": 1,
            "diffmaglim": 19.479999542236328
        },
        {
            "jd": 2459179.96552,
            "fid": 1,
            "diffmaglim": 20.67300033569336
        },
        {
            "jd": 2459180.01402,
            "fid": 2,
            "diffmaglim": 20.45199966430664
        },
        {
            "jd": 2459181.97572,
            "fid": 2,
            "diffmaglim": 19.979000091552734
        },
        {
            "jd": 2459182.04103,
            "fid": 1,
            "diffmaglim": 20.586999893188477
        },
        {
            "jd": 2459184.01159,
            "fid": 2,
            "diffmaglim": 18.038999557495117
        },
        {
            "jd": 2459185.97895,
            "fid": 2,
            "diffmaglim": 19.863000869750977
        },
        {
            "jd": 2459185.99146,
            "fid": 1,
            "diffmaglim": 19.724000930786133
        },
        {
            "jd": 2459187.8819,
            "fid": 1,
            "diffmaglim": 19.2189998626709
        },
        {
            "jd": 2459190.96527,
            "fid": 2,
            "diffmaglim": 16.83099937438965
        },
        {
            "jd": 2459193.92341,
            "fid": 1,
            "diffmaglim": 20.548999786376953
        },
        {
            "jd": 2459193.98877,
            "fid": 2,
            "diffmaglim": 20.527999877929688
        },
        {
            "jd": 2459195.96887,
            "fid": 2,
            "diffmaglim": 19.31999969482422
        },
        {
            "jd": 2459217.90563,
            "fid": 1,
            "diffmaglim": 19.910999298095703
        },
        {
            "jd": 2459225.95807,
            "fid": 1,
            "diffmaglim": 20.465999603271484
        },
        {
            "jd": 2459227.92396,
            "fid": 1,
            "diffmaglim": 20.757999420166016
        },
        {
            "jd": 2459229.81764,
            "fid": 1,
            "diffmaglim": 20.363000869750977
        },
        {
            "jd": 2459248.77763,
            "fid": 1,
            "diffmaglim": 20.680999755859375
        },
        {
            "jd": 2459250.80223,
            "fid": 1,
            "diffmaglim": 20.59600067138672
        },
        {
            "jd": 2459250.85169,
            "fid": 2,
            "diffmaglim": 20.551000595092773
        },
        {
            "jd": 2459252.78138,
            "fid": 1,
            "diffmaglim": 20.922000885009766
        },
        {
            "jd": 2459254.77887,
            "fid": 1,
            "diffmaglim": 21.030000686645508
        }
    ],
    "forcedphot": []
}