{
    "objectId": "ZTF21abjziud",
    "candidates": [
        {
            "candid": 1648427975015015008,
            "jd": 2459402.9279745,
            "ra": 17.9970149,
            "dec": 20.9568245,
            "fid": 2,
            "nid": 1648,
            "magpsf": 18.304000854492188,
            "sigmapsf": 0.09202799946069717,
            "magnr": 20.20800018310547,
            "sigmagnr": 0.09000000357627869,
            "magzpsci": 26.20199966430664,
            "isdiffpos": "t",
            "ssdistnr": null,
            "ssnamenr": null,
            "drb": 0.9999399781227112
        },
        {
            "candid": 1650460655015015007,
            "jd": 2459404.9606597,
            "ra": 17.9970333,
            "dec": 20.9568382,
            "fid": 2,
            "nid": 1650,
            "magpsf": 18.352699279785156,
            "sigmapsf": 0.07301899790763855,
            "magnr": 20.20800018310547,
            "sigmagnr": 0.09000000357627869,
            "magzpsci": 26.007699966430664,
            "isdiffpos": "t",
            "ssdistnr": null,
            "ssnamenr": null,
            "drb": null
        },
        {
            "candid": 1656432665015015012,
            "jd": 2459410.932662,
            "ra": 17.9970223,
            "dec": 20.9568386,
            "fid": 2,
            "nid": 1656,
            "magpsf": 18.982500076293945,
            "sigmapsf": 0.09679800271987915,
            "magnr": 20.20800018310547,
            "sigmagnr": 0.09000000357627869,
            "magzpsci": 26.019500732421875,
            "isdiffpos": "t",
            "ssdistnr": null,
            "ssnamenr": null,
            "drb": null
        },
        {
            "candid": 1660463925015015012,
            "jd": 2459414.9639236,
            "ra": 17.9970287,
            "dec": 20.9568298,
            "fid": 2,
            "nid": 1660,
            "magpsf": 19.316499710083008,
            "sigmapsf": 0.10605599731206894,
            "magnr": 20.20800018310547,
            "sigmagnr": 0.09000000357627869,
            "magzpsci": 26.230499267578125,
            "isdiffpos": "t",
            "ssdistnr": null,
            "ssnamenr": null,
            "drb": null
        },
        {
            "candid": 1668434905015015001,
            "jd": 2459422.9349074,
            "ra": 17.9969581,
            "dec": 20.9568423,
            "fid": 2,
            "nid": 1668,
            "magpsf": 19.825439453125,
            "sigmapsf": 0.21067599952220917,
            "magnr": 20.20800018310547,
            "sigmagnr": 0.09000000357627869,
            "magzpsci": 26.246440887451172,
            "isdiffpos": "t",
            "ssdistnr": -999.0,
            "ssnamenr": "null",
            "drb": null
        },
        {
            "jd": 2459402.9529745,
            "fid": 1,
            "diffmaglim": 20.381900787353516
        },
        {
            "jd": 2459404.916088,
            "fid": 1,
            "diffmaglim": 20.145200729370117
        },
        {
            "jd": 2459407.9336574,
            "fid": 2,
            "diffmaglim": 18.94379997253418
        },
        {
            "jd": 2459410.9571181,
            "fid": 1,
            "diffmaglim": 20.398799896240234
        },
        {
            "jd": 2459414.9272222,
            "fid": 1,
            "diffmaglim": 20.684900283813477
        },
        {
            "jd": 2459417.935787,
            "fid": 1,
            "diffmaglim": 19.57509994506836
        },
        {
            "jd": 2459417.9676852,
            "fid": 2,
            "diffmaglim": 18.3533992767334
        }
    ],
    "forcedphot": []
}