{
    "objectId": "ZTF20abysxbk",
    "candidates": [
        {
            "candid": 1345173851315015045,
            "jd": 2459099.6738542,
            "ra": 279.2462052,
            "dec": 30.6158514,
            "fid": 1,
            "nid": 1345,
            "magpsf": 20.371700286865234,
            "sigmapsf": 0.1770170032978058,
            "magnr": 18.527999877929688,
            "sigmagnr": 0.0989999994635582,
            "magzpsci": 26.20669937133789,
            "isdiffpos": "t",
            "ssdistnr": -999.0,
            "ssnamenr": "null",
            "drb": 1.0
        },
        {
            "candid": 1354267031315015023,
            "jd": 2459108.767037,
            "ra": 279.2461043,
            "dec": 30.6158509,
            "fid": 1,
            "nid": 1354,
            "magpsf": 19.725400924682617,
            "sigmapsf": 0.2589620053768158,
            "magnr": 18.718000411987305,
            "sigmagnr": 0.10499999672174454,
            "magzpsci": 25.29439926147461,
            "isdiffpos": "t",
            "ssdistnr": -999.0,
            "ssnamenr": "-999.0",
            "drb": null
        },
        {
            "candid": 1357144721315015037,
            "jd": 2459111.6447222,
            "ra": 279.2462079,
            "dec": 30.6158765,
            "fid": 1,
            "nid": 1357,
            "magpsf": 20.0310001373291,
            "sigmapsf": 0.17902199923992157,
            "magnr": 18.527999877929688,
            "sigmagnr": 0.0989999994635582,
            "magzpsci": 26.131000518798828,
            "isdiffpos": "t",
            "ssdistnr": -999.0,
            "ssnamenr": "null",
            "drb": 1.0
        },
        {
            "candid": 1357237551315015022,
            "jd": 2459111.7375579,
            "ra": 279.2461751,
            "dec": 30.6159151,
            "fid": 2,
            "nid": 1357,
            "magpsf": 18.961700439453125,
            "sigmapsf": 0.10178700089454651,
            "magnr": 18.05699920654297,
            "sigmagnr": 0.12300000339746475,
            "magzpsci": 26.037700653076172,
            "isdiffpos": "t",
            "ssdistnr": -999.0,
            "ssnamenr": "null",
            "drb": 0.9999819993972778
        },
        {
            "candid": 1360183851315015025,
            "jd": 2459114.6838542,
            "ra": 279.2461654,
            "dec": 30.6158915,
            "fid": 2,
            "nid": 1360,
            "magpsf": 18.962900161743164,
            "sigmapsf": 0.13801099359989166,
            "magnr": 18.05699920654297,
            "sigmagnr": 0.12300000339746475,
            "magzpsci": 26.093900680541992,
            "isdiffpos": "t",
            "ssdistnr": -999.0,
            "ssnamenr": "null",
            "drb": 0.9998949766159058
        },
        {
            "candid": 1360195161315015012,
            "jd": 2459114.695162,
            "ra": 279.2461716,
            "dec": 30.6158421,
            "fid": 1,
            "nid": 1360,
            "magpsf": 20.312700271606445,
            "sigmapsf": 0.23405000567436218,
            "magnr": 18.718000411987305,
            "sigmagnr": 0.10499999672174454,
            "magzpsci": 26.145700454711914,
            "isdiffpos": "t",
            "ssdistnr": -999.0,
            "ssnamenr": "-999.0",
            "drb": null
        },
        {
            "candid": 1375117331315015042,
            "jd": 2459129.617338,
            "ra": 279.2461892,
            "dec": 30.6159049,
            "fid": 2,
            "nid": 1375,
            "magpsf": 19.828100204467773,
            "sigmapsf": 0.20282399654388428,
            "magnr": 18.05699920654297,
            "sigmagnr": 0.12300000339746475,
            "magzpsci": 26.1781005859375,
            "isdiffpos": "t",
            "ssdistnr": -999.0,
            "ssnamenr": "null",
            "drb": 0.9717389941215515
        },
        {
            "jd": 2459071.70882,
            "fid": 2,
            "diffmaglim": 20.6560001373291
        },
        {
            "jd": 2459074.71764,
            "fid": 1,
            "diffmaglim": 20.82900047302246
        },
        {
            "jd": 2459074.79052,
            "fid": 2,
            "diffmaglim": 20.56399917602539
        },
        {
            "jd": 2459077.74684,
            "fid": 1,
            "diffmaglim": 20.722000122070312
        },
        {
            "jd": 2459080.72787,
            "fid": 1,
            "diffmaglim": 20.57699966430664
        },
        {
            "jd": 2459080.80779,
            "fid": 2,
            "diffmaglim": 20.33799934387207
        },
        {
            "jd": 2459083.64814,
            "fid": 1,
            "diffmaglim": 16.572999954223633
        },
        {
            "jd": 2459086.66815,
            "fid": 2,
            "diffmaglim": 20.46299934387207
        },
        {
            "jd": 2459086.79132,
            "fid": 1,
            "diffmaglim": 20.70800018310547
        },
        {
            "jd": 2459090.74633,
            "fid": 1,
            "diffmaglim": 19.773000717163086
        },
        {
            "jd": 2459091.72307,
            "fid": 1,
            "diffmaglim": 19.90999984741211
        },
        {
            "jd": 2459092.79483,
            "fid": 1,
            "diffmaglim": 19.40999984741211
        },
        {
            "jd": 2459093.68782,
            "fid": 1,
            "diffmaglim": 19.63599967956543
        },
        {
            "jd": 2459093.69436,
            "fid": 2,
            "diffmaglim": 19.648000717163086
        },
        {
            "jd": 2459096.77859,
            "fid": 2,
            "diffmaglim": 20.033000946044922
        },
        {
            "jd": 2459099.69175,
            "fid": 2,
            "diffmaglim": 20.683000564575195
        },
        {
            "jd": 2459123.61167,
            "fid": 1,
            "diffmaglim": 19.714000701904297
        },
        {
            "jd": 2459123.75774,
            "fid": 2,
            "diffmaglim": 19.187000274658203
        },
        {
            "jd": 2459125.61564,
            "fid": 2,
            "diffmaglim": 20.232999801635742
        },
        {
            "jd": 2459125.70168,
            "fid": 1,
            "diffmaglim": 19.790000915527344
        },
        {
            "jd": 2459127.61684,
            "fid": 2,
            "diffmaglim": 17.868999481201172
        },
        {
            "jd": 2459127.70535,
            "fid": 1,
            "diffmaglim": 18.601999282836914
        }
    ],
    "forcedphot": []
}