{
    "objectId": "ZTF20abjpvce",
    "candidates": [
        {
            "candid": 1282208066115015004,
            "jd": 2459036.7080671,
            "ra": 225.3380711,
            "dec": 65.5042898,
            "fid": 1,
            "nid": 1282,
            "magpsf": 19.887699127197266,
            "sigmapsf": 0.25807398557662964,
            "magnr": 19.448999404907227,
            "sigmagnr": 0.09399999678134918,
            "magzpsci": 26.161699295043945,
            "isdiffpos": "t",
            "ssdistnr": -999.0,
            "ssnamenr": "-999.0",
            "drb": null
        },
        {
            "candid": 1282283146115015005,
            "jd": 2459036.7831481,
            "ra": 225.3382074,
            "dec": 65.5043089,
            "fid": 2,
            "nid": 1282,
            "magpsf": 19.68709945678711,
            "sigmapsf": 0.23173299431800842,
            "magnr": 18.784000396728516,
            "sigmagnr": 0.11400000005960464,
            "magzpsci": 26.044099807739258,
            "isdiffpos": "t",
            "ssdistnr": -999.0,
            "ssnamenr": "-999.0",
            "drb": null
        },
        {
            "candid": 1283200654915015000,
            "jd": 2459037.7006597,
            "ra": 225.3384647,
            "dec": 65.5044265,
            "fid": 2,
            "nid": 1283,
            "magpsf": 19.402000427246094,
            "sigmapsf": 0.2103540003299713,
            "magnr": 18.910999298095703,
            "sigmagnr": 0.10199999809265137,
            "magzpsci": 26.18899917602539,
            "isdiffpos": "t",
            "ssdistnr": -999.0,
            "ssnamenr": "null",
            "drb": 0.9995369911193848
        },
        {
            "candid": 1283202536115015001,
            "jd": 2459037.7025347,
            "ra": 225.3381512,
            "dec": 65.5043196,
            "fid": 2,
            "nid": 1283,
            "magpsf": 19.33639907836914,
            "sigmapsf": 0.22281500697135925,
            "magnr": 18.784000396728516,
            "sigmagnr": 0.11400000005960464,
            "magzpsci": 26.060400009155273,
            "isdiffpos": "t",
            "ssdistnr": -999.0,
            "ssnamenr": "-999.0",
            "drb": null
        },
        {
            "candid": 1283244026115015002,
            "jd": 2459037.7440278,
            "ra": 225.3385922,
            "dec": 65.5043693,
            "fid": 1,
            "nid": 1283,
            "magpsf": 20.064300537109375,
            "sigmapsf": 0.29860299825668335,
            "magnr": 19.448999404907227,
            "sigmagnr": 0.09399999678134918,
            "magzpsci": 26.16230010986328,
            "isdiffpos": "t",
            "ssdistnr": -999.0,
            "ssnamenr": "-999.0",
            "drb": null
        },
        {
            "candid": 1284216906115015003,
            "jd": 2459038.7169097,
            "ra": 225.3379987,
            "dec": 65.5042373,
            "fid": 2,
            "nid": 1284,
            "magpsf": 19.370100021362305,
            "sigmapsf": 0.13500800728797913,
            "magnr": 18.784000396728516,
            "sigmagnr": 0.11400000005960464,
            "magzpsci": 26.072099685668945,
            "isdiffpos": "t",
            "ssdistnr": -999.0,
            "ssnamenr": "null",
            "drb": 0.9999549984931946
        },
        {
            "candid": 1284262636115015004,
            "jd": 2459038.7626389,
            "ra": 225.3380791,
            "dec": 65.504239,
            "fid": 1,
            "nid": 1284,
            "magpsf": 19.965299606323242,
            "sigmapsf": 0.2318120002746582,
            "magnr": 19.448999404907227,
            "sigmagnr": 0.09399999678134918,
            "magzpsci": 26.159299850463867,
            "isdiffpos": "t",
            "ssdistnr": -999.0,
            "ssnamenr": "-999.0",
            "drb": null
        },
        {
            "candid": 1285204586115015002,
            "jd": 2459039.7045833,
            "ra": 225.3380685,
            "dec": 65.5042515,
            "fid": 1,
            "nid": 1285,
            "magpsf": 19.61370086669922,
            "sigmapsf": 0.1273230016231537,
            "magnr": 19.448999404907227,
            "sigmagnr": 0.09399999678134918,
            "magzpsci": 26.193700790405273,
            "isdiffpos": "t",
            "ssdistnr": -999.0,
            "ssnamenr": "null",
            "drb": 0.9999930262565613
        },
        {
            "candid": 1285241646115015002,
            "jd": 2459039.7416435,
            "ra": 225.3379904,
            "dec": 65.5043023,
            "fid": 2,
            "nid": 1285,
            "magpsf": 19.240400314331055,
            "sigmapsf": 0.13359500467777252,
            "magnr": 18.784000396728516,
            "sigmagnr": 0.11400000005960464,
            "magzpsci": 26.061399459838867,
            "isdiffpos": "t",
            "ssdistnr": -999.0,
            "ssnamenr": "null",
            "drb": 0.9999610185623169
        },
        {
            "candid": 1286241216115015008,
            "jd": 2459040.7412153,
            "ra": 225.3381109,
            "dec": 65.5043057,
            "fid": 1,
            "nid": 1286,
            "magpsf": 19.620899200439453,
            "sigmapsf": 0.11534500122070312,
            "magnr": 19.448999404907227,
            "sigmagnr": 0.09399999678134918,
            "magzpsci": 26.15089988708496,
            "isdiffpos": "t",
            "ssdistnr": -999.0,
            "ssnamenr": "null",
            "drb": 0.9999750256538391
        },
        {
            "candid": 1286280894915015006,
            "jd": 2459040.7808912,
            "ra": 225.3380369,
            "dec": 65.5043,
            "fid": 2,
            "nid": 1286,
            "magpsf": 19.0447998046875,
            "sigmapsf": 0.08101099729537964,
            "magnr": 18.910999298095703,
            "sigmagnr": 0.10199999809265137,
            "magzpsci": 26.172800064086914,
            "isdiffpos": "t",
            "ssdistnr": -999.0,
            "ssnamenr": "null",
            "drb": 0.9999960064888
        },
        {
            "candid": 1286282786115015006,
            "jd": 2459040.7827894,
            "ra": 225.3380442,
            "dec": 65.5042836,
            "fid": 2,
            "nid": 1286,
            "magpsf": 19.071500778198242,
            "sigmapsf": 0.11245500296354294,
            "magnr": 18.784000396728516,
            "sigmagnr": 0.11400000005960464,
            "magzpsci": 26.035499572753906,
            "isdiffpos": "t",
            "ssdistnr": -999.0,
            "ssnamenr": "null",
            "drb": 0.9999989867210388
        },
        {
            "candid": 1287204626115015013,
            "jd": 2459041.7046296,
            "ra": 225.3380456,
            "dec": 65.5043334,
            "fid": 1,
            "nid": 1287,
            "magpsf": 19.42490005493164,
            "sigmapsf": 0.14628300070762634,
            "magnr": 19.448999404907227,
            "sigmagnr": 0.09399999678134918,
            "magzpsci": 25.9778995513916,
            "isdiffpos": "t",
            "ssdistnr": -999.0,
            "ssnamenr": "null",
            "drb": 0.9999989867210388
        },
        {
            "candid": 1287257776115015002,
            "jd": 2459041.7577778,
            "ra": 225.3380953,
            "dec": 65.5042809,
            "fid": 2,
            "nid": 1287,
            "magpsf": 18.86840057373047,
            "sigmapsf": 0.09089100360870361,
            "magnr": 18.784000396728516,
            "sigmagnr": 0.11400000005960464,
            "magzpsci": 25.968399047851562,
            "isdiffpos": "t",
            "ssdistnr": -999.0,
            "ssnamenr": "null",
            "drb": 0.9999560117721558
        },
        {
            "candid": 1288239466115015002,
            "jd": 2459042.7394676,
            "ra": 225.3381296,
            "dec": 65.5042838,
            "fid": 2,
            "nid": 1288,
            "magpsf": 18.825899124145508,
            "sigmapsf": 0.09487999975681305,
            "magnr": 18.784000396728516,
            "sigmagnr": 0.11400000005960464,
            "magzpsci": 25.991899490356445,
            "isdiffpos": "t",
            "ssdistnr": -999.0,
            "ssnamenr": "null",
            "drb": 1.0
        },
        {
            "candid": 1288304836115015008,
            "jd": 2459042.804838,
            "ra": 225.3380047,
            "dec": 65.5042884,
            "fid": 1,
            "nid": 1288,
            "magpsf": 19.422399520874023,
            "sigmapsf": 0.16597199440002441,
            "magnr": 19.448999404907227,
            "sigmagnr": 0.09399999678134918,
            "magzpsci": 25.986400604248047,
            "isdiffpos": "t",
            "ssdistnr": -999.0,
            "ssnamenr": "null",
            "drb": 0.9999560117721558
        },
        {
            "candid": 1289222294915015013,
            "jd": 2459043.7222917,
            "ra": 225.33821,
            "dec": 65.5042349,
            "fid": 1,
            "nid": 1289,
            "magpsf": 19.432100296020508,
            "sigmapsf": 0.12387999892234802,
            "magnr": 19.382999420166016,
            "sigmagnr": 0.09200000017881393,
            "magzpsci": 26.201099395751953,
            "isdiffpos": "t",
            "ssdistnr": -999.0,
            "ssnamenr": "null",
            "drb": 0.9997910261154175
        },
        {
            "candid": 1289222776115015005,
            "jd": 2459043.7227778,
            "ra": 225.3380647,
            "dec": 65.5042904,
            "fid": 1,
            "nid": 1289,
            "magpsf": 19.30120086669922,
            "sigmapsf": 0.11039499938488007,
            "magnr": 19.448999404907227,
            "sigmagnr": 0.09399999678134918,
            "magzpsci": 26.09320068359375,
            "isdiffpos": "t",
            "ssdistnr": -999.0,
            "ssnamenr": "null",
            "drb": 0.9999769926071167
        },
        {
            "candid": 1289255354915015013,
            "jd": 2459043.7553588,
            "ra": 225.3380407,
            "dec": 65.5043077,
            "fid": 2,
            "nid": 1289,
            "magpsf": 18.75550079345703,
            "sigmapsf": 0.08121299743652344,
            "magnr": 18.910999298095703,
            "sigmagnr": 0.10199999809265137,
            "magzpsci": 26.140499114990234,
            "isdiffpos": "t",
            "ssdistnr": -999.0,
            "ssnamenr": "null",
            "drb": 0.9999989867210388
        },
        {
            "candid": 1289261156115015002,
            "jd": 2459043.7611574,
            "ra": 225.3380623,
            "dec": 65.5042799,
            "fid": 2,
            "nid": 1289,
            "magpsf": 18.81130027770996,
            "sigmapsf": 0.08556099981069565,
            "magnr": 18.784000396728516,
            "sigmagnr": 0.11400000005960464,
            "magzpsci": 26.014299392700195,
            "isdiffpos": "t",
            "ssdistnr": -999.0,
            "ssnamenr": "null",
            "drb": 0.9999920129776001
        },
        {
            "candid": 1292201824915015000,
            "jd": 2459046.7018287,
            "ra": 225.3381274,
            "dec": 65.5042712,
            "fid": 2,
            "nid": 1292,
            "magpsf": 18.5575008392334,
            "sigmapsf": 0.07406099885702133,
            "magnr": 18.910999298095703,
            "sigmagnr": 0.10199999809265137,
            "magzpsci": 26.18950080871582,
            "isdiffpos": "t",
            "ssdistnr": -999.0,
            "ssnamenr": "null",
            "drb": 1.0
        },
        {
            "candid": 1292205116115015006,
            "jd": 2459046.7051157,
            "ra": 225.3380333,
            "dec": 65.5042837,
            "fid": 2,
            "nid": 1292,
            "magpsf": 18.512300491333008,
            "sigmapsf": 0.07926899939775467,
            "magnr": 18.784000396728516,
            "sigmagnr": 0.11400000005960464,
            "magzpsci": 26.05929946899414,
            "isdiffpos": "t",
            "ssdistnr": -999.0,
            "ssnamenr": "null",
            "drb": 1.0
        },
        {
            "candid": 1292220834915015008,
            "jd": 2459046.7208333,
            "ra": 225.3381876,
            "dec": 65.5042283,
            "fid": 1,
            "nid": 1292,
            "magpsf": 19.25670051574707,
            "sigmapsf": 0.09601700305938721,
            "magnr": 19.382999420166016,
            "sigmagnr": 0.09200000017881393,
            "magzpsci": 26.279699325561523,
            "isdiffpos": "t",
            "ssdistnr": -999.0,
            "ssnamenr": "null",
            "drb": 0.9999960064888
        },
        {
            "candid": 1292348946115015002,
            "jd": 2459046.8489468,
            "ra": 225.3381283,
            "dec": 65.5042665,
            "fid": 1,
            "nid": 1292,
            "magpsf": 19.153099060058594,
            "sigmapsf": 0.10859300196170807,
            "magnr": 19.448999404907227,
            "sigmagnr": 0.09399999678134918,
            "magzpsci": 26.06209945678711,
            "isdiffpos": "t",
            "ssdistnr": -999.0,
            "ssnamenr": "null",
            "drb": 0.9999989867210388
        },
        {
            "candid": 1295302704915015004,
            "jd": 2459049.8027083,
            "ra": 225.3381988,
            "dec": 65.504247,
            "fid": 1,
            "nid": 1295,
            "magpsf": 19.39459991455078,
            "sigmapsf": 0.1141979992389679,
            "magnr": 19.382999420166016,
            "sigmagnr": 0.09200000017881393,
            "magzpsci": 26.200599670410156,
            "isdiffpos": "t",
            "ssdistnr": -999.0,
            "ssnamenr": "null",
            "drb": 0.9999719858169556
        },
        {
            "candid": 1295304236115015002,
            "jd": 2459049.8042361,
            "ra": 225.3379831,
            "dec": 65.5042622,
            "fid": 1,
            "nid": 1295,
            "magpsf": 19.199899673461914,
            "sigmapsf": 0.1120539978146553,
            "magnr": 19.448999404907227,
            "sigmagnr": 0.09399999678134918,
            "magzpsci": 26.08690071105957,
            "isdiffpos": "t",
            "ssdistnr": -999.0,
            "ssnamenr": "null",
            "drb": 0.9999979734420776
        },
        {
            "candid": 1295352824915015002,
            "jd": 2459049.8528241,
            "ra": 225.3381303,
            "dec": 65.5042573,
            "fid": 2,
            "nid": 1295,
            "magpsf": 18.431400299072266,
            "sigmapsf": 0.06770399957895279,
            "magnr": 18.910999298095703,
            "sigmagnr": 0.10199999809265137,
            "magzpsci": 26.135400772094727,
            "isdiffpos": "t",
            "ssdistnr": -999.0,
            "ssnamenr": "null",
            "drb": 0.9999989867210388
        },
        {
            "candid": 1298265166115015004,
            "jd": 2459052.765162,
            "ra": 225.3380657,
            "dec": 65.5042909,
            "fid": 2,
            "nid": 1298,
            "magpsf": 18.422500610351562,
            "sigmapsf": 0.08485499769449234,
            "magnr": 18.784000396728516,
            "sigmagnr": 0.11400000005960464,
            "magzpsci": 26.046499252319336,
            "isdiffpos": "t",
            "ssdistnr": -999.0,
            "ssnamenr": "null",
            "drb": 1.0
        },
        {
            "candid": 1298267514915015005,
            "jd": 2459052.7675116,
            "ra": 225.338097,
            "dec": 65.5043014,
            "fid": 2,
            "nid": 1298,
            "magpsf": 18.44260025024414,
            "sigmapsf": 0.05768999829888344,
            "magnr": 18.910999298095703,
            "sigmagnr": 0.10199999809265137,
            "magzpsci": 26.167600631713867,
            "isdiffpos": "t",
            "ssdistnr": -999.0,
            "ssnamenr": "null",
            "drb": 1.0
        },
        {
            "candid": 1298306964915015032,
            "jd": 2459052.8069676,
            "ra": 225.3381854,
            "dec": 65.5042892,
            "fid": 1,
            "nid": 1298,
            "magpsf": 19.338600158691406,
            "sigmapsf": 0.1047850027680397,
            "magnr": 19.382999420166016,
            "sigmagnr": 0.09200000017881393,
            "magzpsci": 26.218599319458008,
            "isdiffpos": "t",
            "ssdistnr": -999.0,
            "ssnamenr": "null",
            "drb": 1.0
        },
        {
            "candid": 1298307906115015001,
            "jd": 2459052.8079051,
            "ra": 225.3380294,
            "dec": 65.5043016,
            "fid": 1,
            "nid": 1298,
            "magpsf": 19.330299377441406,
            "sigmapsf": 0.12706199288368225,
            "magnr": 19.448999404907227,
            "sigmagnr": 0.09399999678134918,
            "magzpsci": 26.095300674438477,
            "isdiffpos": "t",
            "ssdistnr": -999.0,
            "ssnamenr": "null",
            "drb": 0.9999989867210388
        },
        {
            "candid": 1301248916115015004,
            "jd": 2459055.748912,
            "ra": 225.3381105,
            "dec": 65.5042667,
            "fid": 2,
            "nid": 1301,
            "magpsf": 18.35569953918457,
            "sigmapsf": 0.08138299733400345,
            "magnr": 18.784000396728516,
            "sigmagnr": 0.11400000005960464,
            "magzpsci": 26.014699935913086,
            "isdiffpos": "t",
            "ssdistnr": -999.0,
            "ssnamenr": "null",
            "drb": 0.9999160170555115
        },
        {
            "candid": 1301307706115015004,
            "jd": 2459055.8077083,
            "ra": 225.3380507,
            "dec": 65.5042756,
            "fid": 1,
            "nid": 1301,
            "magpsf": 19.510700225830078,
            "sigmapsf": 0.15740899741649628,
            "magnr": 19.448999404907227,
            "sigmagnr": 0.09399999678134918,
            "magzpsci": 26.06570053100586,
            "isdiffpos": "t",
            "ssdistnr": -999.0,
            "ssnamenr": "null",
            "drb": 0.9998769760131836
        },
        {
            "candid": 1309176576115015002,
            "jd": 2459063.6765741,
            "ra": 225.3380684,
            "dec": 65.5042927,
            "fid": 2,
            "nid": 1309,
            "magpsf": 18.70009994506836,
            "sigmapsf": 0.09992799907922745,
            "magnr": 18.784000396728516,
            "sigmagnr": 0.11400000005960464,
            "magzpsci": 26.050100326538086,
            "isdiffpos": "t",
            "ssdistnr": -999.0,
            "ssnamenr": "null",
            "drb": 1.0
        },
        {
            "candid": 1309177064915015002,
            "jd": 2459063.6770602,
            "ra": 225.3381103,
            "dec": 65.5042833,
            "fid": 2,
            "nid": 1309,
            "magpsf": 18.73550033569336,
            "sigmapsf": 0.0974230021238327,
            "magnr": 18.910999298095703,
            "sigmagnr": 0.10199999809265137,
            "magzpsci": 26.172500610351562,
            "isdiffpos": "t",
            "ssdistnr": -999.0,
            "ssnamenr": "null",
            "drb": 0.9983350038528442
        },
        {
            "candid": 1312246876115015002,
            "jd": 2459066.746875,
            "ra": 225.3380016,
            "dec": 65.5042979,
            "fid": 2,
            "nid": 1312,
            "magpsf": 18.947399139404297,
            "sigmapsf": 0.13811799883842468,
            "magnr": 18.784000396728516,
            "sigmagnr": 0.11400000005960464,
            "magzpsci": 26.010400772094727,
            "isdiffpos": "t",
            "ssdistnr": -999.0,
            "ssnamenr": "null",
            "drb": 0.9999989867210388
        },
        {
            "jd": 2459008.82637,
            "fid": 2,
            "diffmaglim": 19.70199966430664
        },
        {
            "jd": 2459008.82683,
            "fid": 2,
            "diffmaglim": 19.704999923706055
        },
        {
            "jd": 2459009.67939,
            "fid": 2,
            "diffmaglim": 20.073999404907227
        },
        {
            "jd": 2459009.71884,
            "fid": 2,
            "diffmaglim": 19.929000854492188
        },
        {
            "jd": 2459011.76454,
            "fid": 2,
            "diffmaglim": 20.30900001525879
        },
        {
            "jd": 2459011.76594,
            "fid": 2,
            "diffmaglim": 20.540000915527344
        },
        {
            "jd": 2459011.78683,
            "fid": 1,
            "diffmaglim": 20.479999542236328
        },
        {
            "jd": 2459011.78729,
            "fid": 1,
            "diffmaglim": 20.525999069213867
        },
        {
            "jd": 2459012.76222,
            "fid": 2,
            "diffmaglim": 20.55299949645996
        },
        {
            "jd": 2459012.76317,
            "fid": 2,
            "diffmaglim": 20.648000717163086
        },
        {
            "jd": 2459012.80225,
            "fid": 1,
            "diffmaglim": 20.732999801635742
        },
        {
            "jd": 2459012.80424,
            "fid": 1,
            "diffmaglim": 20.798999786376953
        },
        {
            "jd": 2459013.72455,
            "fid": 1,
            "diffmaglim": 20.482999801635742
        },
        {
            "jd": 2459014.74141,
            "fid": 2,
            "diffmaglim": 20.30699920654297
        },
        {
            "jd": 2459014.74778,
            "fid": 2,
            "diffmaglim": 20.200000762939453
        },
        {
            "jd": 2459016.70639,
            "fid": 1,
            "diffmaglim": 20.55699920654297
        },
        {
            "jd": 2459016.70688,
            "fid": 1,
            "diffmaglim": 20.643999099731445
        },
        {
            "jd": 2459016.74433,
            "fid": 2,
            "diffmaglim": 19.715999603271484
        },
        {
            "jd": 2459016.74715,
            "fid": 2,
            "diffmaglim": 20.003999710083008
        },
        {
            "jd": 2459017.72781,
            "fid": 1,
            "diffmaglim": 20.645999908447266
        },
        {
            "jd": 2459017.76422,
            "fid": 2,
            "diffmaglim": 20.570999145507812
        },
        {
            "jd": 2459017.76517,
            "fid": 2,
            "diffmaglim": 20.735000610351562
        },
        {
            "jd": 2459017.80491,
            "fid": 1,
            "diffmaglim": 20.81399917602539
        },
        {
            "jd": 2459019.72582,
            "fid": 2,
            "diffmaglim": 20.517000198364258
        },
        {
            "jd": 2459019.74189,
            "fid": 2,
            "diffmaglim": 20.66200065612793
        },
        {
            "jd": 2459019.76907,
            "fid": 1,
            "diffmaglim": 20.75200080871582
        },
        {
            "jd": 2459019.76955,
            "fid": 1,
            "diffmaglim": 20.70400047302246
        },
        {
            "jd": 2459020.76029,
            "fid": 2,
            "diffmaglim": 20.680999755859375
        },
        {
            "jd": 2459020.76076,
            "fid": 2,
            "diffmaglim": 20.58099937438965
        },
        {
            "jd": 2459021.71928,
            "fid": 1,
            "diffmaglim": 20.822999954223633
        },
        {
            "jd": 2459022.73927,
            "fid": 2,
            "diffmaglim": 20.58799934387207
        },
        {
            "jd": 2459022.7426,
            "fid": 2,
            "diffmaglim": 20.632999420166016
        },
        {
            "jd": 2459023.70412,
            "fid": 2,
            "diffmaglim": 20.558000564575195
        },
        {
            "jd": 2459023.70458,
            "fid": 2,
            "diffmaglim": 20.62700080871582
        },
        {
            "jd": 2459023.74491,
            "fid": 1,
            "diffmaglim": 20.577999114990234
        },
        {
            "jd": 2459023.74537,
            "fid": 1,
            "diffmaglim": 20.55299949645996
        },
        {
            "jd": 2459024.73537,
            "fid": 2,
            "diffmaglim": 20.381000518798828
        },
        {
            "jd": 2459024.78084,
            "fid": 1,
            "diffmaglim": 20.020000457763672
        },
        {
            "jd": 2459025.70306,
            "fid": 2,
            "diffmaglim": 20.040000915527344
        },
        {
            "jd": 2459025.70353,
            "fid": 2,
            "diffmaglim": 20.236000061035156
        },
        {
            "jd": 2459025.74049,
            "fid": 1,
            "diffmaglim": 20.80299949645996
        },
        {
            "jd": 2459025.74237,
            "fid": 1,
            "diffmaglim": 20.756999969482422
        },
        {
            "jd": 2459026.73867,
            "fid": 1,
            "diffmaglim": 17.30299949645996
        },
        {
            "jd": 2459026.73914,
            "fid": 1,
            "diffmaglim": 18.132999420166016
        },
        {
            "jd": 2459026.76251,
            "fid": 2,
            "diffmaglim": 19.323999404907227
        },
        {
            "jd": 2459026.76391,
            "fid": 2,
            "diffmaglim": 17.493999481201172
        },
        {
            "jd": 2459027.71983,
            "fid": 1,
            "diffmaglim": 20.253999710083008
        },
        {
            "jd": 2459027.76425,
            "fid": 2,
            "diffmaglim": 20.19099998474121
        },
        {
            "jd": 2459028.74054,
            "fid": 2,
            "diffmaglim": 20.327999114990234
        },
        {
            "jd": 2459028.74249,
            "fid": 2,
            "diffmaglim": 20.136999130249023
        },
        {
            "jd": 2459028.84809,
            "fid": 1,
            "diffmaglim": 20.34000015258789
        },
        {
            "jd": 2459028.84905,
            "fid": 1,
            "diffmaglim": 20.204999923706055
        },
        {
            "jd": 2459029.75015,
            "fid": 1,
            "diffmaglim": 19.8439998626709
        },
        {
            "jd": 2459029.76791,
            "fid": 1,
            "diffmaglim": 19.701000213623047
        },
        {
            "jd": 2459030.8299,
            "fid": 1,
            "diffmaglim": 19.597000122070312
        },
        {
            "jd": 2459031.7052,
            "fid": 1,
            "diffmaglim": 19.860000610351562
        },
        {
            "jd": 2459031.70829,
            "fid": 1,
            "diffmaglim": 19.746000289916992
        },
        {
            "jd": 2459031.73513,
            "fid": 2,
            "diffmaglim": 19.875999450683594
        },
        {
            "jd": 2459031.73848,
            "fid": 2,
            "diffmaglim": 20.017000198364258
        },
        {
            "jd": 2459032.73552,
            "fid": 2,
            "diffmaglim": 20.054000854492188
        },
        {
            "jd": 2459032.73598,
            "fid": 2,
            "diffmaglim": 19.94300079345703
        },
        {
            "jd": 2459032.8713,
            "fid": 1,
            "diffmaglim": 19.54400062561035
        },
        {
            "jd": 2459032.88786,
            "fid": 1,
            "diffmaglim": 19.73699951171875
        },
        {
            "jd": 2459033.70709,
            "fid": 1,
            "diffmaglim": 19.847000122070312
        },
        {
            "jd": 2459033.82797,
            "fid": 2,
            "diffmaglim": 19.479000091552734
        },
        {
            "jd": 2459034.70596,
            "fid": 1,
            "diffmaglim": 19.56100082397461
        },
        {
            "jd": 2459034.70737,
            "fid": 1,
            "diffmaglim": 19.576000213623047
        },
        {
            "jd": 2459034.82146,
            "fid": 2,
            "diffmaglim": 19.617000579833984
        },
        {
            "jd": 2459034.84226,
            "fid": 2,
            "diffmaglim": 19.64299964904785
        },
        {
            "jd": 2459035.80841,
            "fid": 2,
            "diffmaglim": 19.513999938964844
        },
        {
            "jd": 2459035.82218,
            "fid": 2,
            "diffmaglim": 19.261999130249023
        },
        {
            "jd": 2459037.74213,
            "fid": 1,
            "diffmaglim": 19.554000854492188
        },
        {
            "jd": 2459040.73934,
            "fid": 1,
            "diffmaglim": 20.42300033569336
        },
        {
            "jd": 2459063.7628,
            "fid": 1,
            "diffmaglim": 19.375
        },
        {
            "jd": 2459063.76609,
            "fid": 1,
            "diffmaglim": 19.363000869750977
        }
    ],
    "forcedphot": []
}