{
    "objectId": "ZTF24aatqiio",
    "candidates": [
        {
            "candid": 2735236823715015010,
            "jd": 2460489.7368287,
            "ra": 224.8964041,
            "dec": 49.3283989,
            "fid": 1,
            "nid": 2735,
            "magpsf": 19.47209930419922,
            "sigmapsf": 0.11181599646806717,
            "magnr": 18.325000762939453,
            "sigmagnr": 0.0860000029206276,
            "magzpsci": 26.277099609375,
            "isdiffpos": "t",
            "ssdistnr": null,
            "ssnamenr": null,
            "drb": 1.0
        },
        {
            "candid": 2737198183715015006,
            "jd": 2460491.6981829,
            "ra": 224.8963362,
            "dec": 49.3283416,
            "fid": 1,
            "nid": 2737,
            "magpsf": 19.17770004272461,
            "sigmapsf": 0.12130100280046463,
            "magnr": 18.325000762939453,
            "sigmagnr": 0.0860000029206276,
            "magzpsci": 26.2677001953125,
            "isdiffpos": "t",
            "ssdistnr": null,
            "ssnamenr": null,
            "drb": null
        },
        {
            "candid": 2748198113715015010,
            "jd": 2460502.6981134,
            "ra": 224.8963902,
            "dec": 49.3283854,
            "fid": 1,
            "nid": 2748,
            "magpsf": 19.042800903320312,
            "sigmapsf": 0.10801900178194046,
            "magnr": 18.325000762939453,
            "sigmagnr": 0.0860000029206276,
            "magzpsci": 26.1018009185791,
            "isdiffpos": "t",
            "ssdistnr": null,
            "ssnamenr": null,
            "drb": null
        },
        {
            "candid": 2750307413715015003,
            "jd": 2460504.807419,
            "ra": 224.8964068,
            "dec": 49.3283814,
            "fid": 1,
            "nid": 2750,
            "magpsf": 19.01300048828125,
            "sigmapsf": 0.10833700001239777,
            "magnr": 18.325000762939453,
            "sigmagnr": 0.0860000029206276,
            "magzpsci": 25.940000534057617,
            "isdiffpos": "t",
            "ssdistnr": null,
            "ssnamenr": null,
            "drb": null
        },
        {
            "candid": 2755288853715015001,
            "jd": 2460509.7888542,
            "ra": 224.8962516,
            "dec": 49.3283759,
            "fid": 2,
            "nid": 2755,
            "magpsf": 18.67959976196289,
            "sigmapsf": 0.11261899769306183,
            "magnr": 17.9950008392334,
            "sigmagnr": 0.10700000077486038,
            "magzpsci": 26.130599975585938,
            "isdiffpos": "t",
            "ssdistnr": null,
            "ssnamenr": null,
            "drb": null
        },
        {
            "candid": 2757201063715015006,
            "jd": 2460511.7010648,
            "ra": 224.8962929,
            "dec": 49.3283867,
            "fid": 1,
            "nid": 2757,
            "magpsf": 19.408000946044922,
            "sigmapsf": 0.1772480010986328,
            "magnr": 18.325000762939453,
            "sigmagnr": 0.0860000029206276,
            "magzpsci": 26.20800018310547,
            "isdiffpos": "t",
            "ssdistnr": null,
            "ssnamenr": null,
            "drb": null
        },
        {
            "candid": 2759239243715015002,
            "jd": 2460513.7392477,
            "ra": 224.8964231,
            "dec": 49.3283078,
            "fid": 1,
            "nid": 2759,
            "magpsf": 19.464731216430664,
            "sigmapsf": 0.21525627374649048,
            "magnr": 18.325000762939453,
            "sigmagnr": 0.0860000029206276,
            "magzpsci": 26.14373016357422,
            "isdiffpos": "t",
            "ssdistnr": -999.0,
            "ssnamenr": "null",
            "drb": null
        },
        {
            "jd": 2460459.8023495,
            "fid": 1,
            "diffmaglim": 20.819400787353516
        },
        {
            "jd": 2460459.8510301,
            "fid": 2,
            "diffmaglim": 20.56570053100586
        },
        {
            "jd": 2460461.8012037,
            "fid": 2,
            "diffmaglim": 20.678699493408203
        },
        {
            "jd": 2460461.8245255,
            "fid": 1,
            "diffmaglim": 20.716699600219727
        },
        {
            "jd": 2460463.7473032,
            "fid": 2,
            "diffmaglim": 20.773300170898438
        },
        {
            "jd": 2460463.8320255,
            "fid": 1,
            "diffmaglim": 20.729799270629883
        },
        {
            "jd": 2460469.8671759,
            "fid": 1,
            "diffmaglim": 20.600299835205078
        },
        {
            "jd": 2460471.7383912,
            "fid": 1,
            "diffmaglim": 20.688499450683594
        },
        {
            "jd": 2460471.8037847,
            "fid": 2,
            "diffmaglim": 20.72170066833496
        },
        {
            "jd": 2460473.8203472,
            "fid": 1,
            "diffmaglim": 20.71380043029785
        },
        {
            "jd": 2460473.8689005,
            "fid": 2,
            "diffmaglim": 20.590700149536133
        },
        {
            "jd": 2460476.7851389,
            "fid": 2,
            "diffmaglim": 20.458099365234375
        },
        {
            "jd": 2460476.8664468,
            "fid": 1,
            "diffmaglim": 20.45840072631836
        },
        {
            "jd": 2460479.8058565,
            "fid": 2,
            "diffmaglim": 20.092899322509766
        },
        {
            "jd": 2460479.890463,
            "fid": 1,
            "diffmaglim": 19.77869987487793
        },
        {
            "jd": 2460481.7409259,
            "fid": 1,
            "diffmaglim": 19.815399169921875
        },
        {
            "jd": 2460481.7821991,
            "fid": 2,
            "diffmaglim": 19.958499908447266
        },
        {
            "jd": 2460483.7255324,
            "fid": 1,
            "diffmaglim": 19.698699951171875
        },
        {
            "jd": 2460483.7813889,
            "fid": 2,
            "diffmaglim": 19.931900024414062
        },
        {
            "jd": 2460485.7593056,
            "fid": 1,
            "diffmaglim": 19.821699142456055
        },
        {
            "jd": 2460485.8441088,
            "fid": 2,
            "diffmaglim": 20.017900466918945
        },
        {
            "jd": 2460487.7471644,
            "fid": 1,
            "diffmaglim": 20.608200073242188
        },
        {
            "jd": 2460487.7988194,
            "fid": 2,
            "diffmaglim": 20.296199798583984
        },
        {
            "jd": 2460489.8743171,
            "fid": 2,
            "diffmaglim": 19.905399322509766
        },
        {
            "jd": 2460491.7601505,
            "fid": 2,
            "diffmaglim": 20.666400909423828
        },
        {
            "jd": 2460502.8256829,
            "fid": 2,
            "diffmaglim": 20.079200744628906
        },
        {
            "jd": 2460504.7818866,
            "fid": 2,
            "diffmaglim": 20.32390022277832
        },
        {
            "jd": 2460506.7443519,
            "fid": 2,
            "diffmaglim": 20.166099548339844
        },
        {
            "jd": 2460509.7186343,
            "fid": 1,
            "diffmaglim": 19.593900680541992
        },
        {
            "jd": 2460511.7828472,
            "fid": 2,
            "diffmaglim": 19.65290069580078
        }
    ],
    "forcedphot": [
        {
            "objectid": "ZTF24aatqiio",
            "jd": 2460459.8023495,
            "ranr": 224.8954621,
            "decnr": 49.3286982,
            "fid": 1,
            "forcediffimflux": -26.783761978149414,
            "forcediffimfluxunc": 21.55478286743164,
            "magzpsci": 26.24020004272461
        },
        {
            "objectid": "ZTF24aatqiio",
            "jd": 2460459.8510301,
            "ranr": 224.8953533,
            "decnr": 49.3285481,
            "fid": 2,
            "forcediffimflux": 22.405126571655273,
            "forcediffimfluxunc": 29.105009078979492,
            "magzpsci": 26.25670051574707
        },
        {
            "objectid": "ZTF24aatqiio",
            "jd": 2460461.8012037,
            "ranr": 224.8967542,
            "decnr": 49.3281457,
            "fid": 2,
            "forcediffimflux": -15.305527687072754,
            "forcediffimfluxunc": 22.673969268798828,
            "magzpsci": 26.23150062561035
        },
        {
            "objectid": "ZTF24aatqiio",
            "jd": 2460461.8245255,
            "ranr": 224.8965026,
            "decnr": 49.3280846,
            "fid": 1,
            "forcediffimflux": -45.95158767700195,
            "forcediffimfluxunc": 21.24747657775879,
            "magzpsci": 26.206300735473633
        },
        {
            "objectid": "ZTF24aatqiio",
            "jd": 2460463.7473032,
            "ranr": 224.8967542,
            "decnr": 49.3281457,
            "fid": 2,
            "forcediffimflux": -14.004353523254395,
            "forcediffimfluxunc": 23.84524917602539,
            "magzpsci": 26.2593994140625
        },
        {
            "objectid": "ZTF24aatqiio",
            "jd": 2460463.8320255,
            "ranr": 224.8965026,
            "decnr": 49.3280846,
            "fid": 1,
            "forcediffimflux": -53.30466842651367,
            "forcediffimfluxunc": 23.259889602661133,
            "magzpsci": 26.217899322509766
        },
        {
            "objectid": "ZTF24aatqiio",
            "jd": 2460469.8671759,
            "ranr": 224.8965026,
            "decnr": 49.3280846,
            "fid": 1,
            "forcediffimflux": -35.37727355957031,
            "forcediffimfluxunc": 25.130210876464844,
            "magzpsci": 26.184200286865234
        },
        {
            "objectid": "ZTF24aatqiio",
            "jd": 2460471.7383912,
            "ranr": 224.8965026,
            "decnr": 49.3280846,
            "fid": 1,
            "forcediffimflux": 13.787603378295898,
            "forcediffimfluxunc": 26.171154022216797,
            "magzpsci": 26.233400344848633
        },
        {
            "objectid": "ZTF24aatqiio",
            "jd": 2460471.8037847,
            "ranr": 224.8967542,
            "decnr": 49.3281457,
            "fid": 2,
            "forcediffimflux": 13.880797386169434,
            "forcediffimfluxunc": 24.719003677368164,
            "magzpsci": 26.26219940185547
        },
        {
            "objectid": "ZTF24aatqiio",
            "jd": 2460473.8203472,
            "ranr": 224.8965026,
            "decnr": 49.3280846,
            "fid": 1,
            "forcediffimflux": -9.183188438415527,
            "forcediffimfluxunc": 21.770950317382812,
            "magzpsci": 26.202499389648438
        },
        {
            "objectid": "ZTF24aatqiio",
            "jd": 2460473.8689005,
            "ranr": 224.8953533,
            "decnr": 49.3285481,
            "fid": 2,
            "forcediffimflux": 8.8687744140625,
            "forcediffimfluxunc": 24.748371124267578,
            "magzpsci": 26.226999282836914
        },
        {
            "objectid": "ZTF24aatqiio",
            "jd": 2460476.7851389,
            "ranr": 224.8953533,
            "decnr": 49.3285481,
            "fid": 2,
            "forcediffimflux": -5.4976959228515625,
            "forcediffimfluxunc": 28.314350128173828,
            "magzpsci": 26.27050018310547
        },
        {
            "objectid": "ZTF24aatqiio",
            "jd": 2460476.8664468,
            "ranr": 224.8965026,
            "decnr": 49.3280846,
            "fid": 1,
            "forcediffimflux": 25.462358474731445,
            "forcediffimfluxunc": 28.761415481567383,
            "magzpsci": 26.226900100708008
        },
        {
            "objectid": "ZTF24aatqiio",
            "jd": 2460479.8058565,
            "ranr": 224.8953533,
            "decnr": 49.3285481,
            "fid": 2,
            "forcediffimflux": -86.60260009765625,
            "forcediffimfluxunc": 40.560665130615234,
            "magzpsci": 26.272600173950195
        },
        {
            "objectid": "ZTF24aatqiio",
            "jd": 2460479.890463,
            "ranr": 224.8965026,
            "decnr": 49.3280846,
            "fid": 1,
            "forcediffimflux": 24.014667510986328,
            "forcediffimfluxunc": 48.89561462402344,
            "magzpsci": 26.1564998626709
        },
        {
            "objectid": "ZTF24aatqiio",
            "jd": 2460481.7409259,
            "ranr": 224.8965026,
            "decnr": 49.3280846,
            "fid": 1,
            "forcediffimflux": 127.74148559570312,
            "forcediffimfluxunc": 54.99483871459961,
            "magzpsci": 26.2677001953125
        },
        {
            "objectid": "ZTF24aatqiio",
            "jd": 2460481.7821991,
            "ranr": 224.8953533,
            "decnr": 49.3285481,
            "fid": 2,
            "forcediffimflux": 177.01068115234375,
            "forcediffimfluxunc": 44.09487533569336,
            "magzpsci": 26.263099670410156
        },
        {
            "objectid": "ZTF24aatqiio",
            "jd": 2460483.7255324,
            "ranr": 224.8965026,
            "decnr": 49.3280846,
            "fid": 1,
            "forcediffimflux": 246.3159942626953,
            "forcediffimfluxunc": 61.44192123413086,
            "magzpsci": 26.290300369262695
        },
        {
            "objectid": "ZTF24aatqiio",
            "jd": 2460483.7813889,
            "ranr": 224.8967542,
            "decnr": 49.3281457,
            "fid": 2,
            "forcediffimflux": 316.3998718261719,
            "forcediffimfluxunc": 44.787811279296875,
            "magzpsci": 26.274700164794922
        },
        {
            "objectid": "ZTF24aatqiio",
            "jd": 2460485.7593056,
            "ranr": 224.8965026,
            "decnr": 49.3280846,
            "fid": 1,
            "forcediffimflux": 173.26194763183594,
            "forcediffimfluxunc": 48.10533905029297,
            "magzpsci": 26.087499618530273
        },
        {
            "objectid": "ZTF24aatqiio",
            "jd": 2460485.8441088,
            "ranr": 224.8967542,
            "decnr": 49.3281457,
            "fid": 2,
            "forcediffimflux": 358.7479553222656,
            "forcediffimfluxunc": 40.10586166381836,
            "magzpsci": 26.21809959411621
        },
        {
            "objectid": "ZTF24aatqiio",
            "jd": 2460487.7471644,
            "ranr": 224.8965026,
            "decnr": 49.3280846,
            "fid": 1,
            "forcediffimflux": 374.6361999511719,
            "forcediffimfluxunc": 28.330347061157227,
            "magzpsci": 26.247699737548828
        },
        {
            "objectid": "ZTF24aatqiio",
            "jd": 2460487.7988194,
            "ranr": 224.8967542,
            "decnr": 49.3281457,
            "fid": 2,
            "forcediffimflux": 553.9353637695312,
            "forcediffimfluxunc": 33.05891418457031,
            "magzpsci": 26.221500396728516
        },
        {
            "objectid": "ZTF24aatqiio",
            "jd": 2460489.7368287,
            "ranr": 224.8965026,
            "decnr": 49.3280846,
            "fid": 1,
            "forcediffimflux": 526.4190063476562,
            "forcediffimfluxunc": 26.818695068359375,
            "magzpsci": 26.277099609375
        },
        {
            "objectid": "ZTF24aatqiio",
            "jd": 2460489.8743171,
            "ranr": 224.8967542,
            "decnr": 49.3281457,
            "fid": 2,
            "forcediffimflux": 566.051025390625,
            "forcediffimfluxunc": 47.44208908081055,
            "magzpsci": 26.220800399780273
        },
        {
            "objectid": "ZTF24aatqiio",
            "jd": 2460491.6981829,
            "ranr": 224.8965026,
            "decnr": 49.3280846,
            "fid": 1,
            "forcediffimflux": 657.8544311523438,
            "forcediffimfluxunc": 30.354713439941406,
            "magzpsci": 26.2677001953125
        },
        {
            "objectid": "ZTF24aatqiio",
            "jd": 2460491.7601505,
            "ranr": 224.8967542,
            "decnr": 49.3281457,
            "fid": 2,
            "forcediffimflux": 758.599365234375,
            "forcediffimfluxunc": 29.684600830078125,
            "magzpsci": 26.271400451660156
        },
        {
            "objectid": "ZTF24aatqiio",
            "jd": 2460502.6981134,
            "ranr": 224.8965026,
            "decnr": 49.3280846,
            "fid": 1,
            "forcediffimflux": 677.7589111328125,
            "forcediffimfluxunc": 30.535917282104492,
            "magzpsci": 26.1018009185791
        },
        {
            "objectid": "ZTF24aatqiio",
            "jd": 2460502.8256829,
            "ranr": 224.8967542,
            "decnr": 49.3281457,
            "fid": 2,
            "forcediffimflux": 964.0067138671875,
            "forcediffimfluxunc": 35.83088684082031,
            "magzpsci": 26.06719970703125
        },
        {
            "objectid": "ZTF24aatqiio",
            "jd": 2460504.7818866,
            "ranr": 224.8967542,
            "decnr": 49.3281457,
            "fid": 2,
            "forcediffimflux": 906.43310546875,
            "forcediffimfluxunc": 31.65259552001953,
            "magzpsci": 26.088600158691406
        },
        {
            "objectid": "ZTF24aatqiio",
            "jd": 2460504.807419,
            "ranr": 224.8965026,
            "decnr": 49.3280846,
            "fid": 1,
            "forcediffimflux": 596.3424072265625,
            "forcediffimfluxunc": 31.98941993713379,
            "magzpsci": 25.940000534057617
        },
        {
            "objectid": "ZTF24aatqiio",
            "jd": 2460506.7443519,
            "ranr": 224.8967542,
            "decnr": 49.3281457,
            "fid": 2,
            "forcediffimflux": 1148.3363037109375,
            "forcediffimfluxunc": 36.777801513671875,
            "magzpsci": 26.15690040588379
        },
        {
            "objectid": "ZTF24aatqiio",
            "jd": 2460509.7186343,
            "ranr": 224.8965026,
            "decnr": 49.3280846,
            "fid": 1,
            "forcediffimflux": 409.4248046875,
            "forcediffimfluxunc": 57.7203483581543,
            "magzpsci": 26.12019920349121
        },
        {
            "objectid": "ZTF24aatqiio",
            "jd": 2460509.7888542,
            "ranr": 224.8967542,
            "decnr": 49.3281457,
            "fid": 2,
            "forcediffimflux": 857.8558959960938,
            "forcediffimfluxunc": 65.37228393554688,
            "magzpsci": 26.130599975585938
        },
        {
            "objectid": "ZTF24aatqiio",
            "jd": 2460511.7010648,
            "ranr": 224.8965026,
            "decnr": 49.3280846,
            "fid": 1,
            "forcediffimflux": 523.9055786132812,
            "forcediffimfluxunc": 47.392032623291016,
            "magzpsci": 26.20800018310547
        },
        {
            "objectid": "ZTF24aatqiio",
            "jd": 2460511.7828472,
            "ranr": 224.8967542,
            "decnr": 49.3281457,
            "fid": 2,
            "forcediffimflux": 909.7615356445312,
            "forcediffimfluxunc": 57.127437591552734,
            "magzpsci": 26.17060089111328
        }
    ]
}