{
    "objectId": "ZTF21aceehxt",
    "candidates": [
        {
            "candid": 1733365921115015003,
            "jd": 2459487.8659259,
            "ra": 93.5829799,
            "dec": 66.3044471,
            "fid": 2,
            "nid": 1733,
            "magpsf": 18.274200439453125,
            "sigmapsf": 0.06486299633979797,
            "magnr": 17.283000946044922,
            "sigmagnr": 0.11999999731779099,
            "magzpsci": 26.17620086669922,
            "isdiffpos": "t",
            "ssdistnr": null,
            "ssnamenr": null,
            "drb": 0.9999899864196777
        },
        {
            "candid": 1733428781115015000,
            "jd": 2459487.9287847,
            "ra": 93.5831055,
            "dec": 66.3045035,
            "fid": 1,
            "nid": 1733,
            "magpsf": 19.305999755859375,
            "sigmapsf": 0.12424600124359131,
            "magnr": 18.292999267578125,
            "sigmagnr": 0.09700000286102295,
            "magzpsci": 26.325000762939453,
            "isdiffpos": "t",
            "ssdistnr": null,
            "ssnamenr": null,
            "drb": null
        },
        {
            "candid": 1735432501115015002,
            "jd": 2459489.9325,
            "ra": 93.582993,
            "dec": 66.3044744,
            "fid": 2,
            "nid": 1735,
            "magpsf": 18.002880096435547,
            "sigmapsf": 0.06512100249528885,
            "magnr": 17.283000946044922,
            "sigmagnr": 0.11999999731779099,
            "magzpsci": 26.201879501342773,
            "isdiffpos": "t",
            "ssdistnr": -999.0,
            "ssnamenr": "null",
            "drb": null
        },
        {
            "candid": 1735432501115035002,
            "jd": 2459489.9325,
            "ra": 93.582993,
            "dec": 66.3044744,
            "fid": 2,
            "nid": 1735,
            "magpsf": 18.002899169921875,
            "sigmapsf": 0.06512100249528885,
            "magnr": 17.283000946044922,
            "sigmagnr": 0.11999999731779099,
            "magzpsci": 26.201900482177734,
            "isdiffpos": "t",
            "ssdistnr": null,
            "ssnamenr": null,
            "drb": null
        },
        {
            "candid": 1742371031115015005,
            "jd": 2459496.8710301,
            "ra": 93.5830628,
            "dec": 66.3044376,
            "fid": 1,
            "nid": 1742,
            "magpsf": 18.582399368286133,
            "sigmapsf": 0.07268500328063965,
            "magnr": 18.292999267578125,
            "sigmagnr": 0.09700000286102295,
            "magzpsci": 26.286399841308594,
            "isdiffpos": "t",
            "ssdistnr": null,
            "ssnamenr": null,
            "drb": null
        },
        {
            "candid": 1742437521115015003,
            "jd": 2459496.9375231,
            "ra": 93.5830121,
            "dec": 66.3044505,
            "fid": 2,
            "nid": 1742,
            "magpsf": 17.479799270629883,
            "sigmapsf": 0.04529999941587448,
            "magnr": 17.283000946044922,
            "sigmagnr": 0.11999999731779099,
            "magzpsci": 26.244800567626953,
            "isdiffpos": "t",
            "ssdistnr": null,
            "ssnamenr": null,
            "drb": null
        },
        {
            "candid": 1744361121115015001,
            "jd": 2459498.8611227,
            "ra": 93.5830062,
            "dec": 66.3044521,
            "fid": 2,
            "nid": 1744,
            "magpsf": 17.503299713134766,
            "sigmapsf": 0.04251899942755699,
            "magnr": 17.283000946044922,
            "sigmagnr": 0.11999999731779099,
            "magzpsci": 26.244300842285156,
            "isdiffpos": "t",
            "ssdistnr": null,
            "ssnamenr": null,
            "drb": null
        },
        {
            "candid": 1744458781115015006,
            "jd": 2459498.9587847,
            "ra": 93.5830084,
            "dec": 66.30445,
            "fid": 1,
            "nid": 1744,
            "magpsf": 18.6427001953125,
            "sigmapsf": 0.0734810009598732,
            "magnr": 18.292999267578125,
            "sigmagnr": 0.09700000286102295,
            "magzpsci": 26.386699676513672,
            "isdiffpos": "t",
            "ssdistnr": null,
            "ssnamenr": null,
            "drb": null
        },
        {
            "candid": 1749389881115015001,
            "jd": 2459503.8898843,
            "ra": 93.5829827,
            "dec": 66.3044382,
            "fid": 2,
            "nid": 1749,
            "magpsf": 17.549699783325195,
            "sigmapsf": 0.043226998299360275,
            "magnr": 17.283000946044922,
            "sigmagnr": 0.11999999731779099,
            "magzpsci": 26.22369956970215,
            "isdiffpos": "t",
            "ssdistnr": null,
            "ssnamenr": null,
            "drb": null
        },
        {
            "candid": 1749492461115015005,
            "jd": 2459503.9924653,
            "ra": 93.5829295,
            "dec": 66.3044505,
            "fid": 1,
            "nid": 1749,
            "magpsf": 19.009000778198242,
            "sigmapsf": 0.09848800301551819,
            "magnr": 18.292999267578125,
            "sigmagnr": 0.09700000286102295,
            "magzpsci": 26.35300064086914,
            "isdiffpos": "t",
            "ssdistnr": null,
            "ssnamenr": null,
            "drb": null
        },
        {
            "candid": 1755353781115015001,
            "jd": 2459509.8537847,
            "ra": 93.5830142,
            "dec": 66.304453,
            "fid": 2,
            "nid": 1755,
            "magpsf": 17.879600524902344,
            "sigmapsf": 0.06165799871087074,
            "magnr": 17.283000946044922,
            "sigmagnr": 0.11999999731779099,
            "magzpsci": 26.25160026550293,
            "isdiffpos": "t",
            "ssdistnr": null,
            "ssnamenr": null,
            "drb": null
        },
        {
            "candid": 1755382441115015001,
            "jd": 2459509.8824421,
            "ra": 93.5829234,
            "dec": 66.3044801,
            "fid": 1,
            "nid": 1755,
            "magpsf": 19.728200912475586,
            "sigmapsf": 0.1877090036869049,
            "magnr": 18.292999267578125,
            "sigmagnr": 0.09700000286102295,
            "magzpsci": 26.381200790405273,
            "isdiffpos": "t",
            "ssdistnr": null,
            "ssnamenr": null,
            "drb": null
        },
        {
            "candid": 1763427991115015003,
            "jd": 2459517.9279977,
            "ra": 93.5829861,
            "dec": 66.3044606,
            "fid": 2,
            "nid": 1763,
            "magpsf": 18.391799926757812,
            "sigmapsf": 0.050158001482486725,
            "magnr": 17.283000946044922,
            "sigmagnr": 0.11999999731779099,
            "magzpsci": 26.279800415039062,
            "isdiffpos": "t",
            "ssdistnr": null,
            "ssnamenr": null,
            "drb": null
        },
        {
            "candid": 1763460911115015002,
            "jd": 2459517.9609144,
            "ra": 93.5830039,
            "dec": 66.3044899,
            "fid": 1,
            "nid": 1763,
            "magpsf": 20.021400451660156,
            "sigmapsf": 0.1498820036649704,
            "magnr": 18.292999267578125,
            "sigmagnr": 0.09700000286102295,
            "magzpsci": 26.455400466918945,
            "isdiffpos": "t",
            "ssdistnr": null,
            "ssnamenr": null,
            "drb": null
        },
        {
            "candid": 1769261161115015004,
            "jd": 2459523.761169,
            "ra": 93.582989,
            "dec": 66.3044687,
            "fid": 2,
            "nid": 1769,
            "magpsf": 18.541799545288086,
            "sigmapsf": 0.04957199841737747,
            "magnr": 17.283000946044922,
            "sigmagnr": 0.11999999731779099,
            "magzpsci": 26.240800857543945,
            "isdiffpos": "t",
            "ssdistnr": null,
            "ssnamenr": null,
            "drb": null
        },
        {
            "candid": 1769362811115015002,
            "jd": 2459523.8628125,
            "ra": 93.5830178,
            "dec": 66.3044632,
            "fid": 1,
            "nid": 1769,
            "magpsf": 20.625999450683594,
            "sigmapsf": 0.2170269936323166,
            "magnr": 18.292999267578125,
            "sigmagnr": 0.09700000286102295,
            "magzpsci": 26.406999588012695,
            "isdiffpos": "t",
            "ssdistnr": null,
            "ssnamenr": null,
            "drb": null
        },
        {
            "candid": 1771350771115015001,
            "jd": 2459525.8507755,
            "ra": 93.5833407,
            "dec": 66.3045,
            "fid": 1,
            "nid": 1771,
            "magpsf": 20.522899627685547,
            "sigmapsf": 0.21114100515842438,
            "magnr": 18.292999267578125,
            "sigmagnr": 0.09700000286102295,
            "magzpsci": 26.397899627685547,
            "isdiffpos": "t",
            "ssdistnr": null,
            "ssnamenr": null,
            "drb": null
        },
        {
            "candid": 1771367041115015002,
            "jd": 2459525.8670486,
            "ra": 93.5830155,
            "dec": 66.3044356,
            "fid": 2,
            "nid": 1771,
            "magpsf": 18.637500762939453,
            "sigmapsf": 0.06687700003385544,
            "magnr": 17.283000946044922,
            "sigmagnr": 0.11999999731779099,
            "magzpsci": 26.27549934387207,
            "isdiffpos": "t",
            "ssdistnr": null,
            "ssnamenr": null,
            "drb": null
        },
        {
            "candid": 1776388121115015002,
            "jd": 2459530.888125,
            "ra": 93.5829984,
            "dec": 66.304442,
            "fid": 2,
            "nid": 1776,
            "magpsf": 18.621599197387695,
            "sigmapsf": 0.062088001519441605,
            "magnr": 17.283000946044922,
            "sigmagnr": 0.11999999731779099,
            "magzpsci": 26.27560043334961,
            "isdiffpos": "t",
            "ssdistnr": null,
            "ssnamenr": null,
            "drb": null
        },
        {
            "candid": 1778391191115015001,
            "jd": 2459532.8911921,
            "ra": 93.5829995,
            "dec": 66.3044648,
            "fid": 2,
            "nid": 1778,
            "magpsf": 18.85650062561035,
            "sigmapsf": 0.08793199807405472,
            "magnr": 17.283000946044922,
            "sigmagnr": 0.11999999731779099,
            "magzpsci": 26.27050018310547,
            "isdiffpos": "t",
            "ssdistnr": null,
            "ssnamenr": null,
            "drb": null
        },
        {
            "candid": 1783363261115015005,
            "jd": 2459537.8632639,
            "ra": 93.5830364,
            "dec": 66.3044632,
            "fid": 2,
            "nid": 1783,
            "magpsf": 18.951099395751953,
            "sigmapsf": 0.09880100190639496,
            "magnr": 17.283000946044922,
            "sigmagnr": 0.11999999731779099,
            "magzpsci": 26.270099639892578,
            "isdiffpos": "t",
            "ssdistnr": null,
            "ssnamenr": null,
            "drb": null
        },
        {
            "candid": 1786349841115015002,
            "jd": 2459540.8498495,
            "ra": 93.5829943,
            "dec": 66.3044086,
            "fid": 2,
            "nid": 1786,
            "magpsf": 18.759260177612305,
            "sigmapsf": 0.1136699989438057,
            "magnr": 17.283000946044922,
            "sigmagnr": 0.11999999731779099,
            "magzpsci": 26.26926040649414,
            "isdiffpos": "t",
            "ssdistnr": -999.0,
            "ssnamenr": "null",
            "drb": null
        },
        {
            "jd": 2459460.9507523,
            "fid": 1,
            "diffmaglim": 20.427099227905273
        },
        {
            "jd": 2459460.9691435,
            "fid": 2,
            "diffmaglim": 20.423799514770508
        },
        {
            "jd": 2459462.9299884,
            "fid": 2,
            "diffmaglim": 20.464000701904297
        },
        {
            "jd": 2459462.9882407,
            "fid": 1,
            "diffmaglim": 20.554800033569336
        },
        {
            "jd": 2459465.9562731,
            "fid": 1,
            "diffmaglim": 20.25950050354004
        },
        {
            "jd": 2459465.989375,
            "fid": 2,
            "diffmaglim": 20.34160041809082
        },
        {
            "jd": 2459467.9671875,
            "fid": 1,
            "diffmaglim": 20.38450050354004
        },
        {
            "jd": 2459467.9911111,
            "fid": 2,
            "diffmaglim": 20.48710060119629
        },
        {
            "jd": 2459469.9161806,
            "fid": 2,
            "diffmaglim": 20.342899322509766
        },
        {
            "jd": 2459469.9922569,
            "fid": 1,
            "diffmaglim": 20.648500442504883
        },
        {
            "jd": 2459472.9272801,
            "fid": 1,
            "diffmaglim": 20.149599075317383
        },
        {
            "jd": 2459472.9905787,
            "fid": 2,
            "diffmaglim": 20.412099838256836
        },
        {
            "jd": 2459474.8947801,
            "fid": 1,
            "diffmaglim": 19.738399505615234
        },
        {
            "jd": 2459477.8684375,
            "fid": 1,
            "diffmaglim": 19.165700912475586
        },
        {
            "jd": 2459477.9297917,
            "fid": 2,
            "diffmaglim": 19.72719955444336
        },
        {
            "jd": 2459479.9352199,
            "fid": 2,
            "diffmaglim": 19.83169937133789
        },
        {
            "jd": 2459479.9675694,
            "fid": 1,
            "diffmaglim": 19.547800064086914
        },
        {
            "jd": 2459483.9986227,
            "fid": 2,
            "diffmaglim": 19.501800537109375
        },
        {
            "jd": 2459521.8498611,
            "fid": 1,
            "diffmaglim": 20.631500244140625
        },
        {
            "jd": 2459527.8303935,
            "fid": 1,
            "diffmaglim": 17.580699920654297
        },
        {
            "jd": 2459527.8651042,
            "fid": 2,
            "diffmaglim": 16.555099487304688
        },
        {
            "jd": 2459530.8261343,
            "fid": 1,
            "diffmaglim": 20.2539005279541
        },
        {
            "jd": 2459532.8079167,
            "fid": 1,
            "diffmaglim": 19.848400115966797
        },
        {
            "jd": 2459537.9207407,
            "fid": 1,
            "diffmaglim": 19.911800384521484
        }
    ],
    "forcedphot": []
}