{
    "objectId": "ZTF23abikioc",
    "candidates": [
        {
            "candid": 2470180196215015002,
            "jd": 2460224.6801968,
            "ra": 239.4523877,
            "dec": 64.007674,
            "fid": 2,
            "nid": 2470,
            "magpsf": 19.410200119018555,
            "sigmapsf": 0.15590499341487885,
            "magnr": 20.992000579833984,
            "sigmagnr": 0.125,
            "magzpsci": 26.078100204467773,
            "isdiffpos": "t",
            "ssdistnr": null,
            "ssnamenr": null,
            "drb": 0.9815648198127747
        },
        {
            "candid": 2470202476215015008,
            "jd": 2460224.7024769,
            "ra": 239.4522153,
            "dec": 64.0077464,
            "fid": 1,
            "nid": 2470,
            "magpsf": 19.826400756835938,
            "sigmapsf": 0.25707900524139404,
            "magnr": 21.410999298095703,
            "sigmagnr": 0.10300000011920929,
            "magzpsci": 26.034400939941406,
            "isdiffpos": "t",
            "ssdistnr": null,
            "ssnamenr": null,
            "drb": null
        },
        {
            "candid": 2476138256215015009,
            "jd": 2460230.6382523,
            "ra": 239.4524429,
            "dec": 64.0077047,
            "fid": 1,
            "nid": 2476,
            "magpsf": 18.767200469970703,
            "sigmapsf": 0.08964899927377701,
            "magnr": 21.410999298095703,
            "sigmagnr": 0.10300000011920929,
            "magzpsci": 26.095199584960938,
            "isdiffpos": "t",
            "ssdistnr": null,
            "ssnamenr": null,
            "drb": null
        },
        {
            "candid": 2478137706215015013,
            "jd": 2460232.6377083,
            "ra": 239.4524258,
            "dec": 64.0076765,
            "fid": 1,
            "nid": 2478,
            "magpsf": 18.667800903320312,
            "sigmapsf": 0.09599299728870392,
            "magnr": 21.410999298095703,
            "sigmagnr": 0.10300000011920929,
            "magzpsci": 26.139799118041992,
            "isdiffpos": "t",
            "ssdistnr": null,
            "ssnamenr": null,
            "drb": null
        },
        {
            "candid": 2478171636215015033,
            "jd": 2460232.6716319,
            "ra": 239.4524529,
            "dec": 64.0076862,
            "fid": 2,
            "nid": 2478,
            "magpsf": 18.441200256347656,
            "sigmapsf": 0.10752999782562256,
            "magnr": 20.992000579833984,
            "sigmagnr": 0.125,
            "magzpsci": 26.071199417114258,
            "isdiffpos": "t",
            "ssdistnr": null,
            "ssnamenr": null,
            "drb": null
        },
        {
            "candid": 2480137096215015002,
            "jd": 2460234.6370949,
            "ra": 239.4524005,
            "dec": 64.0076936,
            "fid": 2,
            "nid": 2480,
            "magpsf": 18.46929931640625,
            "sigmapsf": 0.11342547833919525,
            "magnr": 20.992000579833984,
            "sigmagnr": 0.125,
            "magzpsci": 26.088300704956055,
            "isdiffpos": "t",
            "ssdistnr": -999.0,
            "ssnamenr": "null",
            "drb": null
        },
        {
            "jd": 2460195.6636227,
            "fid": 1,
            "diffmaglim": 20.234100341796875
        },
        {
            "jd": 2460195.703125,
            "fid": 2,
            "diffmaglim": 20.10930061340332
        },
        {
            "jd": 2460198.7202199,
            "fid": 1,
            "diffmaglim": 20.21310043334961
        },
        {
            "jd": 2460198.7627662,
            "fid": 2,
            "diffmaglim": 19.80120086669922
        },
        {
            "jd": 2460213.6451968,
            "fid": 1,
            "diffmaglim": 19.349199295043945
        },
        {
            "jd": 2460213.6761227,
            "fid": 2,
            "diffmaglim": 19.453899383544922
        },
        {
            "jd": 2460220.6963194,
            "fid": 1,
            "diffmaglim": 19.353200912475586
        },
        {
            "jd": 2460222.6392477,
            "fid": 2,
            "diffmaglim": 19.543899536132812
        },
        {
            "jd": 2460222.6964931,
            "fid": 1,
            "diffmaglim": 19.571199417114258
        }
    ],
    "forcedphot": []
}