{
    "objectId": "ZTF24ablleoq",
    "candidates": [
        {
            "candid": 2841469282715015001,
            "jd": 2460595.9692824,
            "ra": 140.4402265,
            "dec": 39.5238347,
            "fid": 1,
            "nid": 2841,
            "magpsf": 17.888599395751953,
            "sigmapsf": 0.05796400085091591,
            "magnr": 18.239999771118164,
            "sigmagnr": 0.0729999989271164,
            "magzpsci": 26.239599227905273,
            "isdiffpos": "t",
            "ssdistnr": null,
            "ssnamenr": null,
            "drb": 0.999992847442627
        },
        {
            "candid": 2843426192715015000,
            "jd": 2460597.9261921,
            "ra": 140.4402093,
            "dec": 39.5238393,
            "fid": 1,
            "nid": 2843,
            "magpsf": 17.813199996948242,
            "sigmapsf": 0.05195099860429764,
            "magnr": 18.239999771118164,
            "sigmagnr": 0.0729999989271164,
            "magzpsci": 26.118200302124023,
            "isdiffpos": "t",
            "ssdistnr": null,
            "ssnamenr": null,
            "drb": null
        },
        {
            "candid": 2845468572715015000,
            "jd": 2460599.9685764,
            "ra": 140.440202,
            "dec": 39.5238558,
            "fid": 1,
            "nid": 2845,
            "magpsf": 17.73270034790039,
            "sigmapsf": 0.056873999536037445,
            "magnr": 18.239999771118164,
            "sigmagnr": 0.0729999989271164,
            "magzpsci": 26.23270034790039,
            "isdiffpos": "t",
            "ssdistnr": null,
            "ssnamenr": null,
            "drb": null
        },
        {
            "candid": 2848471952715015000,
            "jd": 2460602.971956,
            "ra": 140.4402133,
            "dec": 39.5238502,
            "fid": 1,
            "nid": 2848,
            "magpsf": 17.872600555419922,
            "sigmapsf": 0.08196700364351273,
            "magnr": 18.239999771118164,
            "sigmagnr": 0.0729999989271164,
            "magzpsci": 26.230600357055664,
            "isdiffpos": "t",
            "ssdistnr": null,
            "ssnamenr": null,
            "drb": null
        },
        {
            "candid": 2848507292715015000,
            "jd": 2460603.0072917,
            "ra": 140.440244,
            "dec": 39.5238551,
            "fid": 2,
            "nid": 2848,
            "magpsf": 17.086599349975586,
            "sigmapsf": 0.04446899890899658,
            "magnr": 17.545000076293945,
            "sigmagnr": 0.09099999815225601,
            "magzpsci": 26.263599395751953,
            "isdiffpos": "t",
            "ssdistnr": null,
            "ssnamenr": null,
            "drb": null
        },
        {
            "candid": 2850469572715015000,
            "jd": 2460604.9695718,
            "ra": 140.4402316,
            "dec": 39.5238465,
            "fid": 1,
            "nid": 2850,
            "magpsf": 17.83530044555664,
            "sigmapsf": 0.06507699936628342,
            "magnr": 18.239999771118164,
            "sigmagnr": 0.0729999989271164,
            "magzpsci": 26.25429916381836,
            "isdiffpos": "t",
            "ssdistnr": null,
            "ssnamenr": null,
            "drb": null
        },
        {
            "candid": 2852427312715015000,
            "jd": 2460606.9273148,
            "ra": 140.4402473,
            "dec": 39.5238393,
            "fid": 1,
            "nid": 2852,
            "magpsf": 18.02669906616211,
            "sigmapsf": 0.06737399846315384,
            "magnr": 18.239999771118164,
            "sigmagnr": 0.0729999989271164,
            "magzpsci": 26.192699432373047,
            "isdiffpos": "t",
            "ssdistnr": null,
            "ssnamenr": null,
            "drb": null
        },
        {
            "candid": 2854496262715015000,
            "jd": 2460608.9962616,
            "ra": 140.4402327,
            "dec": 39.5238542,
            "fid": 1,
            "nid": 2854,
            "magpsf": 18.367721557617188,
            "sigmapsf": 0.06843189150094986,
            "magnr": 18.239999771118164,
            "sigmagnr": 0.0729999989271164,
            "magzpsci": 26.330720901489258,
            "isdiffpos": "t",
            "ssdistnr": -999.0,
            "ssnamenr": "null",
            "drb": null
        },
        {
            "jd": 2460566.0066088,
            "fid": 2,
            "diffmaglim": 19.854000091552734
        },
        {
            "jd": 2460566.0090509,
            "fid": 2,
            "diffmaglim": 19.790599822998047
        },
        {
            "jd": 2460566.0115046,
            "fid": 2,
            "diffmaglim": 19.78860092163086
        },
        {
            "jd": 2460567.0069097,
            "fid": 2,
            "diffmaglim": 19.6387996673584
        },
        {
            "jd": 2460567.0093634,
            "fid": 2,
            "diffmaglim": 19.809799194335938
        },
        {
            "jd": 2460567.0118634,
            "fid": 2,
            "diffmaglim": 19.742000579833984
        },
        {
            "jd": 2460596.0145139,
            "fid": 2,
            "diffmaglim": 20.25749969482422
        },
        {
            "jd": 2460598.016169,
            "fid": 2,
            "diffmaglim": 20.45549964904785
        },
        {
            "jd": 2460599.9319676,
            "fid": 2,
            "diffmaglim": 19.42729949951172
        },
        {
            "jd": 2460604.9504398,
            "fid": 2,
            "diffmaglim": 20.045499801635742
        },
        {
            "jd": 2460606.951169,
            "fid": 2,
            "diffmaglim": 20.043800354003906
        }
    ],
    "forcedphot": [
        {
            "objectid": "ZTF24ablleoq",
            "jd": 2460566.0115046,
            "ranr": 140.4396982,
            "decnr": 39.5248487,
            "fid": 2,
            "forcediffimflux": -89.33650207519531,
            "forcediffimfluxunc": 39.19784164428711,
            "magzpsci": 26.169700622558594
        },
        {
            "objectid": "ZTF24ablleoq",
            "jd": 2460567.0118634,
            "ranr": 140.4396982,
            "decnr": 39.5248487,
            "fid": 2,
            "forcediffimflux": -50.40043258666992,
            "forcediffimfluxunc": 39.48125076293945,
            "magzpsci": 26.023700714111328
        },
        {
            "objectid": "ZTF24ablleoq",
            "jd": 2460595.9692824,
            "ranr": 140.4396757,
            "decnr": 39.5248715,
            "fid": 1,
            "forcediffimflux": 2145.76708984375,
            "forcediffimfluxunc": 40.06560516357422,
            "magzpsci": 26.239599227905273
        },
        {
            "objectid": "ZTF24ablleoq",
            "jd": 2460596.0145139,
            "ranr": 140.4396982,
            "decnr": 39.5248487,
            "fid": 2,
            "forcediffimflux": 3411.20166015625,
            "forcediffimfluxunc": 43.90425109863281,
            "magzpsci": 26.285999298095703
        },
        {
            "objectid": "ZTF24ablleoq",
            "jd": 2460597.9261921,
            "ranr": 140.4396757,
            "decnr": 39.5248715,
            "fid": 1,
            "forcediffimflux": 2095.302978515625,
            "forcediffimfluxunc": 53.91806411743164,
            "magzpsci": 26.118200302124023
        },
        {
            "objectid": "ZTF24ablleoq",
            "jd": 2460598.016169,
            "ranr": 140.4396982,
            "decnr": 39.5248487,
            "fid": 2,
            "forcediffimflux": 4002.560302734375,
            "forcediffimfluxunc": 42.98057556152344,
            "magzpsci": 26.320499420166016
        },
        {
            "objectid": "ZTF24ablleoq",
            "jd": 2460599.9319676,
            "ranr": 140.4396982,
            "decnr": 39.5248487,
            "fid": 2,
            "forcediffimflux": 4041.007568359375,
            "forcediffimfluxunc": 74.40446472167969,
            "magzpsci": 26.209800720214844
        },
        {
            "objectid": "ZTF24ablleoq",
            "jd": 2460599.9685764,
            "ranr": 140.4396757,
            "decnr": 39.5248715,
            "fid": 1,
            "forcediffimflux": 2514.4853515625,
            "forcediffimfluxunc": 75.76803588867188,
            "magzpsci": 26.23270034790039
        },
        {
            "objectid": "ZTF24ablleoq",
            "jd": 2460602.971956,
            "ranr": 140.4396757,
            "decnr": 39.5248715,
            "fid": 1,
            "forcediffimflux": 2096.70263671875,
            "forcediffimfluxunc": 96.05056762695312,
            "magzpsci": 26.230600357055664
        },
        {
            "objectid": "ZTF24ablleoq",
            "jd": 2460603.0072917,
            "ranr": 140.4396982,
            "decnr": 39.5248487,
            "fid": 2,
            "forcediffimflux": 4412.40625,
            "forcediffimfluxunc": 85.40868377685547,
            "magzpsci": 26.263599395751953
        },
        {
            "objectid": "ZTF24ablleoq",
            "jd": 2460604.9504398,
            "ranr": 140.4396982,
            "decnr": 39.5248487,
            "fid": 2,
            "forcediffimflux": 5080.8408203125,
            "forcediffimfluxunc": 55.08744430541992,
            "magzpsci": 26.263700485229492
        },
        {
            "objectid": "ZTF24ablleoq",
            "jd": 2460604.9695718,
            "ranr": 140.4396757,
            "decnr": 39.5248715,
            "fid": 1,
            "forcediffimflux": 2503.144775390625,
            "forcediffimfluxunc": 49.017250061035156,
            "magzpsci": 26.25429916381836
        },
        {
            "objectid": "ZTF24ablleoq",
            "jd": 2460606.9273148,
            "ranr": 140.4396757,
            "decnr": 39.5248715,
            "fid": 1,
            "forcediffimflux": 1816.202880859375,
            "forcediffimfluxunc": 55.47336196899414,
            "magzpsci": 26.192699432373047
        },
        {
            "objectid": "ZTF24ablleoq",
            "jd": 2460606.951169,
            "ranr": 140.4396982,
            "decnr": 39.5248487,
            "fid": 2,
            "forcediffimflux": 4612.9658203125,
            "forcediffimfluxunc": 55.849761962890625,
            "magzpsci": 26.257400512695312
        }
    ]
}