{
    "objectId": "ZTF24aaeczdw",
    "candidates": [
        {
            "candid": 2598267021815015013,
            "jd": 2460352.7670255,
            "ra": 126.2599875,
            "dec": 38.8510561,
            "fid": 1,
            "nid": 2598,
            "magpsf": 18.350099563598633,
            "sigmapsf": 0.08215700089931488,
            "magnr": 18.01799964904785,
            "sigmagnr": 0.052000001072883606,
            "magzpsci": 26.35810089111328,
            "isdiffpos": "t",
            "ssdistnr": null,
            "ssnamenr": null,
            "drb": 0.9999966025352478
        },
        {
            "candid": 2598321421815015007,
            "jd": 2460352.8214236,
            "ra": 126.2599754,
            "dec": 38.8510549,
            "fid": 2,
            "nid": 2598,
            "magpsf": 17.985200881958008,
            "sigmapsf": 0.06301499903202057,
            "magnr": 17.614999771118164,
            "sigmagnr": 0.06499999761581421,
            "magzpsci": 26.329200744628906,
            "isdiffpos": "t",
            "ssdistnr": null,
            "ssnamenr": null,
            "drb": null
        },
        {
            "candid": 2600247451815015057,
            "jd": 2460354.7474537,
            "ra": 126.259982,
            "dec": 38.8510712,
            "fid": 1,
            "nid": 2600,
            "magpsf": 18.474700927734375,
            "sigmapsf": 0.09645300358533859,
            "magnr": 18.01799964904785,
            "sigmagnr": 0.052000001072883606,
            "magzpsci": 25.877700805664062,
            "isdiffpos": "t",
            "ssdistnr": null,
            "ssnamenr": null,
            "drb": null
        },
        {
            "candid": 2600265841815015046,
            "jd": 2460354.7658449,
            "ra": 126.259964,
            "dec": 38.8510682,
            "fid": 2,
            "nid": 2600,
            "magpsf": 17.981300354003906,
            "sigmapsf": 0.059783000499010086,
            "magnr": 17.614999771118164,
            "sigmagnr": 0.06499999761581421,
            "magzpsci": 25.961299896240234,
            "isdiffpos": "t",
            "ssdistnr": null,
            "ssnamenr": null,
            "drb": null
        },
        {
            "candid": 2603301601815015017,
            "jd": 2460357.8016088,
            "ra": 126.2599834,
            "dec": 38.8510716,
            "fid": 2,
            "nid": 2603,
            "magpsf": 18.0049991607666,
            "sigmapsf": 0.0544000007212162,
            "magnr": 17.614999771118164,
            "sigmagnr": 0.06499999761581421,
            "magzpsci": 26.327999114990234,
            "isdiffpos": "t",
            "ssdistnr": null,
            "ssnamenr": null,
            "drb": null
        },
        {
            "candid": 2603382981815015013,
            "jd": 2460357.8829861,
            "ra": 126.2599675,
            "dec": 38.8510397,
            "fid": 1,
            "nid": 2603,
            "magpsf": 18.679800033569336,
            "sigmapsf": 0.08183400332927704,
            "magnr": 18.01799964904785,
            "sigmagnr": 0.052000001072883606,
            "magzpsci": 26.310800552368164,
            "isdiffpos": "t",
            "ssdistnr": null,
            "ssnamenr": null,
            "drb": null
        },
        {
            "candid": 2614292431815015007,
            "jd": 2460368.7924306,
            "ra": 126.2599676,
            "dec": 38.8510686,
            "fid": 2,
            "nid": 2614,
            "magpsf": 18.296600341796875,
            "sigmapsf": 0.07935699820518494,
            "magnr": 17.614999771118164,
            "sigmagnr": 0.06499999761581421,
            "magzpsci": 26.276599884033203,
            "isdiffpos": "t",
            "ssdistnr": null,
            "ssnamenr": null,
            "drb": null
        },
        {
            "candid": 2614407341815015005,
            "jd": 2460368.9073495,
            "ra": 126.2599314,
            "dec": 38.8509653,
            "fid": 1,
            "nid": 2614,
            "magpsf": 19.319000244140625,
            "sigmapsf": 0.25027498602867126,
            "magnr": 18.01799964904785,
            "sigmagnr": 0.052000001072883606,
            "magzpsci": 26.184999465942383,
            "isdiffpos": "t",
            "ssdistnr": null,
            "ssnamenr": null,
            "drb": null
        },
        {
            "candid": 2620224971815015018,
            "jd": 2460374.7249769,
            "ra": 126.2599881,
            "dec": 38.8510422,
            "fid": 1,
            "nid": 2620,
            "magpsf": 19.679800033569336,
            "sigmapsf": 0.1655000001192093,
            "magnr": 18.01799964904785,
            "sigmagnr": 0.052000001072883606,
            "magzpsci": 26.183799743652344,
            "isdiffpos": "t",
            "ssdistnr": null,
            "ssnamenr": null,
            "drb": null
        },
        {
            "candid": 2620266181815015011,
            "jd": 2460374.7661806,
            "ra": 126.2599851,
            "dec": 38.8510612,
            "fid": 2,
            "nid": 2620,
            "magpsf": 18.525299072265625,
            "sigmapsf": 0.07482200115919113,
            "magnr": 17.614999771118164,
            "sigmagnr": 0.06499999761581421,
            "magzpsci": 26.2273006439209,
            "isdiffpos": "t",
            "ssdistnr": null,
            "ssnamenr": null,
            "drb": null
        },
        {
            "candid": 2643281501815015011,
            "jd": 2460397.7815046,
            "ra": 126.2599846,
            "dec": 38.851053,
            "fid": 2,
            "nid": 2643,
            "magpsf": 19.2850284576416,
            "sigmapsf": 0.1285620927810669,
            "magnr": 17.614999771118164,
            "sigmagnr": 0.06499999761581421,
            "magzpsci": 26.280029296875,
            "isdiffpos": "t",
            "ssdistnr": -999.0,
            "ssnamenr": "null",
            "drb": null
        },
        {
            "jd": 2460322.8227199,
            "fid": 1,
            "diffmaglim": 20.328699111938477
        },
        {
            "jd": 2460322.9244097,
            "fid": 2,
            "diffmaglim": 20.437400817871094
        },
        {
            "jd": 2460324.7540278,
            "fid": 2,
            "diffmaglim": 20.442899703979492
        },
        {
            "jd": 2460324.8823843,
            "fid": 1,
            "diffmaglim": 20.721599578857422
        },
        {
            "jd": 2460326.9537269,
            "fid": 1,
            "diffmaglim": 20.37339973449707
        },
        {
            "jd": 2460328.9420602,
            "fid": 1,
            "diffmaglim": 17.957799911499023
        },
        {
            "jd": 2460337.6351273,
            "fid": 2,
            "diffmaglim": 18.37809944152832
        },
        {
            "jd": 2460337.6601389,
            "fid": 1,
            "diffmaglim": 18.32159996032715
        },
        {
            "jd": 2460340.8478935,
            "fid": 2,
            "diffmaglim": 20.263099670410156
        },
        {
            "jd": 2460340.882963,
            "fid": 1,
            "diffmaglim": 20.231199264526367
        },
        {
            "jd": 2460364.7790278,
            "fid": 1,
            "diffmaglim": 15.88949966430664
        },
        {
            "jd": 2460380.7412153,
            "fid": 1,
            "diffmaglim": 19.480199813842773
        },
        {
            "jd": 2460390.8381944,
            "fid": 2,
            "diffmaglim": 19.467100143432617
        },
        {
            "jd": 2460392.7419792,
            "fid": 1,
            "diffmaglim": 17.462799072265625
        }
    ],
    "forcedphot": [
        {
            "objectid": "ZTF24aaeczdw",
            "jd": 2460322.8227199,
            "ranr": 126.2592505,
            "decnr": 38.8509361,
            "fid": 1,
            "forcediffimflux": 86.67425537109375,
            "forcediffimfluxunc": 31.873363494873047,
            "magzpsci": 26.343799591064453
        },
        {
            "objectid": "ZTF24aaeczdw",
            "jd": 2460322.9244097,
            "ranr": 126.2593043,
            "decnr": 38.8508632,
            "fid": 2,
            "forcediffimflux": 41.48894500732422,
            "forcediffimfluxunc": 28.46347427368164,
            "magzpsci": 26.328699111938477
        },
        {
            "objectid": "ZTF24aaeczdw",
            "jd": 2460324.7540278,
            "ranr": 126.2593043,
            "decnr": 38.8508632,
            "fid": 2,
            "forcediffimflux": 68.75059509277344,
            "forcediffimfluxunc": 27.03345489501953,
            "magzpsci": 26.302000045776367
        },
        {
            "objectid": "ZTF24aaeczdw",
            "jd": 2460324.8823843,
            "ranr": 126.2592505,
            "decnr": 38.8509361,
            "fid": 1,
            "forcediffimflux": 92.34070587158203,
            "forcediffimfluxunc": 22.211896896362305,
            "magzpsci": 26.346399307250977
        },
        {
            "objectid": "ZTF24aaeczdw",
            "jd": 2460326.9537269,
            "ranr": 126.2592505,
            "decnr": 38.8509361,
            "fid": 1,
            "forcediffimflux": 16.736114501953125,
            "forcediffimfluxunc": 23.8251895904541,
            "magzpsci": 26.058799743652344
        },
        {
            "objectid": "ZTF24aaeczdw",
            "jd": 2460340.8478935,
            "ranr": 126.2593043,
            "decnr": 38.8508632,
            "fid": 2,
            "forcediffimflux": 287.6404724121094,
            "forcediffimfluxunc": 33.70851135253906,
            "magzpsci": 26.322399139404297
        },
        {
            "objectid": "ZTF24aaeczdw",
            "jd": 2460340.882963,
            "ranr": 126.2592505,
            "decnr": 38.8509361,
            "fid": 1,
            "forcediffimflux": 263.99334716796875,
            "forcediffimfluxunc": 35.68407440185547,
            "magzpsci": 26.322799682617188
        },
        {
            "objectid": "ZTF24aaeczdw",
            "jd": 2460352.7670255,
            "ranr": 126.2592505,
            "decnr": 38.8509361,
            "fid": 1,
            "forcediffimflux": 1610.314697265625,
            "forcediffimfluxunc": 31.808557510375977,
            "magzpsci": 26.35810089111328
        },
        {
            "objectid": "ZTF24aaeczdw",
            "jd": 2460352.8214236,
            "ranr": 126.2593043,
            "decnr": 38.8508632,
            "fid": 2,
            "forcediffimflux": 2301.874755859375,
            "forcediffimfluxunc": 35.356895446777344,
            "magzpsci": 26.329200744628906
        },
        {
            "objectid": "ZTF24aaeczdw",
            "jd": 2460354.7474537,
            "ranr": 126.2592505,
            "decnr": 38.8509361,
            "fid": 1,
            "forcediffimflux": 921.1010131835938,
            "forcediffimfluxunc": 30.903778076171875,
            "magzpsci": 25.877700805664062
        },
        {
            "objectid": "ZTF24aaeczdw",
            "jd": 2460354.7658449,
            "ranr": 126.2593043,
            "decnr": 38.8508632,
            "fid": 2,
            "forcediffimflux": 1690.9012451171875,
            "forcediffimfluxunc": 34.58689498901367,
            "magzpsci": 25.961299896240234
        },
        {
            "objectid": "ZTF24aaeczdw",
            "jd": 2460357.8016088,
            "ranr": 126.2593043,
            "decnr": 38.8508632,
            "fid": 2,
            "forcediffimflux": 2260.252685546875,
            "forcediffimfluxunc": 38.91046905517578,
            "magzpsci": 26.327999114990234
        },
        {
            "objectid": "ZTF24aaeczdw",
            "jd": 2460357.8829861,
            "ranr": 126.2592505,
            "decnr": 38.8509361,
            "fid": 1,
            "forcediffimflux": 1136.711181640625,
            "forcediffimfluxunc": 31.104598999023438,
            "magzpsci": 26.310800552368164
        },
        {
            "objectid": "ZTF24aaeczdw",
            "jd": 2460368.7924306,
            "ranr": 126.2593043,
            "decnr": 38.8508632,
            "fid": 2,
            "forcediffimflux": 1648.8583984375,
            "forcediffimfluxunc": 41.0311279296875,
            "magzpsci": 26.276599884033203
        },
        {
            "objectid": "ZTF24aaeczdw",
            "jd": 2460368.9073495,
            "ranr": 126.2592505,
            "decnr": 38.8509361,
            "fid": 1,
            "forcediffimflux": 528.775146484375,
            "forcediffimfluxunc": 65.76836395263672,
            "magzpsci": 26.184999465942383
        },
        {
            "objectid": "ZTF24aaeczdw",
            "jd": 2460374.7249769,
            "ranr": 126.2592505,
            "decnr": 38.8509361,
            "fid": 1,
            "forcediffimflux": 387.8070068359375,
            "forcediffimfluxunc": 23.70122528076172,
            "magzpsci": 26.183799743652344
        },
        {
            "objectid": "ZTF24aaeczdw",
            "jd": 2460374.7661806,
            "ranr": 126.2593043,
            "decnr": 38.8508632,
            "fid": 2,
            "forcediffimflux": 1268.2677001953125,
            "forcediffimfluxunc": 30.409299850463867,
            "magzpsci": 26.2273006439209
        },
        {
            "objectid": "ZTF24aaeczdw",
            "jd": 2460390.8381944,
            "ranr": 126.2593043,
            "decnr": 38.8508632,
            "fid": 2,
            "forcediffimflux": 595.5703125,
            "forcediffimfluxunc": 64.92216491699219,
            "magzpsci": 26.24220085144043
        }
    ]
}