{
    "objectId": "ZTF24aaymkrs",
    "candidates": [
        {
            "candid": 2771347850115015007,
            "jd": 2460525.8478588,
            "ra": 3.0893927,
            "dec": 31.0634322,
            "fid": 1,
            "nid": 2771,
            "magpsf": 20.544300079345703,
            "sigmapsf": 0.2651109993457794,
            "magnr": 21.413000106811523,
            "sigmagnr": 0.12399999797344208,
            "magzpsci": 26.21430015563965,
            "isdiffpos": "t",
            "ssdistnr": null,
            "ssnamenr": null,
            "drb": null
        },
        {
            "candid": 2771429420115015004,
            "jd": 2460525.9294213,
            "ra": 3.089388,
            "dec": 31.0634067,
            "fid": 2,
            "nid": 2771,
            "magpsf": 20.276599884033203,
            "sigmapsf": 0.17666199803352356,
            "magnr": 21.170000076293945,
            "sigmagnr": 0.12999999523162842,
            "magzpsci": 26.202600479125977,
            "isdiffpos": "t",
            "ssdistnr": null,
            "ssnamenr": null,
            "drb": null
        },
        {
            "candid": 2773344140115015016,
            "jd": 2460527.8441435,
            "ra": 3.0893524,
            "dec": 31.0633872,
            "fid": 1,
            "nid": 2773,
            "magpsf": 18.83880043029785,
            "sigmapsf": 0.07948499917984009,
            "magnr": 21.413000106811523,
            "sigmagnr": 0.12399999797344208,
            "magzpsci": 26.22879981994629,
            "isdiffpos": "t",
            "ssdistnr": null,
            "ssnamenr": null,
            "drb": null
        },
        {
            "candid": 2773392700115015005,
            "jd": 2460527.8927083,
            "ra": 3.0893668,
            "dec": 31.0633867,
            "fid": 2,
            "nid": 2773,
            "magpsf": 18.764299392700195,
            "sigmapsf": 0.07411099970340729,
            "magnr": 21.170000076293945,
            "sigmagnr": 0.12999999523162842,
            "magzpsci": 26.18829917907715,
            "isdiffpos": "t",
            "ssdistnr": null,
            "ssnamenr": null,
            "drb": null
        },
        {
            "candid": 2775412870115015007,
            "jd": 2460529.9128704,
            "ra": 3.0893528,
            "dec": 31.0633801,
            "fid": 2,
            "nid": 2775,
            "magpsf": 18.00909996032715,
            "sigmapsf": 0.05296599864959717,
            "magnr": 21.170000076293945,
            "sigmagnr": 0.12999999523162842,
            "magzpsci": 26.057100296020508,
            "isdiffpos": "t",
            "ssdistnr": null,
            "ssnamenr": null,
            "drb": null
        },
        {
            "candid": 2775431660115015005,
            "jd": 2460529.9316667,
            "ra": 3.0893381,
            "dec": 31.0633924,
            "fid": 1,
            "nid": 2775,
            "magpsf": 18.15329933166504,
            "sigmapsf": 0.08432400226593018,
            "magnr": 21.413000106811523,
            "sigmagnr": 0.12399999797344208,
            "magzpsci": 25.444299697875977,
            "isdiffpos": "t",
            "ssdistnr": null,
            "ssnamenr": null,
            "drb": null
        },
        {
            "candid": 2777379540115015016,
            "jd": 2460531.8795486,
            "ra": 3.089341,
            "dec": 31.063374,
            "fid": 2,
            "nid": 2777,
            "magpsf": 17.578699111938477,
            "sigmapsf": 0.042507000267505646,
            "magnr": 21.170000076293945,
            "sigmagnr": 0.12999999523162842,
            "magzpsci": 26.150699615478516,
            "isdiffpos": "t",
            "ssdistnr": null,
            "ssnamenr": null,
            "drb": null
        },
        {
            "candid": 2778302120115015015,
            "jd": 2460532.8021296,
            "ra": 3.089341,
            "dec": 31.0633753,
            "fid": 1,
            "nid": 2778,
            "magpsf": 17.53499984741211,
            "sigmapsf": 0.03977600112557411,
            "magnr": 21.413000106811523,
            "sigmagnr": 0.12399999797344208,
            "magzpsci": 26.856000900268555,
            "isdiffpos": "t",
            "ssdistnr": null,
            "ssnamenr": null,
            "drb": null
        },
        {
            "candid": 2778361750115015013,
            "jd": 2460532.8617593,
            "ra": 3.0893541,
            "dec": 31.0633696,
            "fid": 2,
            "nid": 2778,
            "magpsf": 17.394800186157227,
            "sigmapsf": 0.03494599834084511,
            "magnr": 21.170000076293945,
            "sigmagnr": 0.12999999523162842,
            "magzpsci": 26.900800704956055,
            "isdiffpos": "t",
            "ssdistnr": null,
            "ssnamenr": null,
            "drb": null
        },
        {
            "candid": 2779304310115015006,
            "jd": 2460533.8043171,
            "ra": 3.0893421,
            "dec": 31.0633766,
            "fid": 1,
            "nid": 2779,
            "magpsf": 17.43400001525879,
            "sigmapsf": 0.052372001111507416,
            "magnr": 21.413000106811523,
            "sigmagnr": 0.12399999797344208,
            "magzpsci": 25.731000900268555,
            "isdiffpos": "t",
            "ssdistnr": null,
            "ssnamenr": null,
            "drb": null
        },
        {
            "candid": 2779363590115015008,
            "jd": 2460533.8635995,
            "ra": 3.0893336,
            "dec": 31.0633372,
            "fid": 2,
            "nid": 2779,
            "magpsf": 17.299400329589844,
            "sigmapsf": 0.0340690016746521,
            "magnr": 21.170000076293945,
            "sigmagnr": 0.12999999523162842,
            "magzpsci": 26.912399291992188,
            "isdiffpos": "t",
            "ssdistnr": null,
            "ssnamenr": null,
            "drb": null
        },
        {
            "candid": 2780341860115015004,
            "jd": 2460534.8418634,
            "ra": 3.0893565,
            "dec": 31.0633765,
            "fid": 2,
            "nid": 2780,
            "magpsf": 17.166000366210938,
            "sigmapsf": 0.03465300053358078,
            "magnr": 21.170000076293945,
            "sigmagnr": 0.12999999523162842,
            "magzpsci": 26.597000122070312,
            "isdiffpos": "t",
            "ssdistnr": null,
            "ssnamenr": null,
            "drb": null
        },
        {
            "candid": 2782343130115015006,
            "jd": 2460536.8431366,
            "ra": 3.0893761,
            "dec": 31.0633698,
            "fid": 1,
            "nid": 2782,
            "magpsf": 17.34760093688965,
            "sigmapsf": 0.03341300040483475,
            "magnr": 21.413000106811523,
            "sigmagnr": 0.12399999797344208,
            "magzpsci": 26.320600509643555,
            "isdiffpos": "t",
            "ssdistnr": null,
            "ssnamenr": null,
            "drb": null
        },
        {
            "candid": 2782387060115015008,
            "jd": 2460536.8870602,
            "ra": 3.0893707,
            "dec": 31.0633702,
            "fid": 2,
            "nid": 2782,
            "magpsf": 17.11520004272461,
            "sigmapsf": 0.03999599814414978,
            "magnr": 21.170000076293945,
            "sigmagnr": 0.12999999523162842,
            "magzpsci": 26.255199432373047,
            "isdiffpos": "t",
            "ssdistnr": null,
            "ssnamenr": null,
            "drb": null
        },
        {
            "candid": 2784384650115015013,
            "jd": 2460538.8846528,
            "ra": 3.0893701,
            "dec": 31.0633661,
            "fid": 2,
            "nid": 2784,
            "magpsf": 17.037200927734375,
            "sigmapsf": 0.036205001175403595,
            "magnr": 21.170000076293945,
            "sigmagnr": 0.12999999523162842,
            "magzpsci": 26.260299682617188,
            "isdiffpos": "t",
            "ssdistnr": null,
            "ssnamenr": null,
            "drb": null
        },
        {
            "candid": 2784426930115015015,
            "jd": 2460538.9269329,
            "ra": 3.0893495,
            "dec": 31.0633658,
            "fid": 1,
            "nid": 2784,
            "magpsf": 17.454700469970703,
            "sigmapsf": 0.03879300132393837,
            "magnr": 21.413000106811523,
            "sigmagnr": 0.12399999797344208,
            "magzpsci": 26.373600006103516,
            "isdiffpos": "t",
            "ssdistnr": null,
            "ssnamenr": null,
            "drb": null
        },
        {
            "candid": 2789350710115015004,
            "jd": 2460543.8507176,
            "ra": 3.0893611,
            "dec": 31.0633836,
            "fid": 1,
            "nid": 2789,
            "magpsf": 17.543100357055664,
            "sigmapsf": 0.06749700009822845,
            "magnr": 21.413000106811523,
            "sigmagnr": 0.12399999797344208,
            "magzpsci": 26.31719970703125,
            "isdiffpos": "t",
            "ssdistnr": null,
            "ssnamenr": null,
            "drb": null
        },
        {
            "candid": 2789437430115015005,
            "jd": 2460543.9374306,
            "ra": 3.0893575,
            "dec": 31.0633647,
            "fid": 2,
            "nid": 2789,
            "magpsf": 16.9596004486084,
            "sigmapsf": 0.04028499871492386,
            "magnr": 21.170000076293945,
            "sigmagnr": 0.12999999523162842,
            "magzpsci": 26.236600875854492,
            "isdiffpos": "t",
            "ssdistnr": null,
            "ssnamenr": null,
            "drb": null
        },
        {
            "candid": 2791343960115015004,
            "jd": 2460545.8439699,
            "ra": 3.0893501,
            "dec": 31.0633464,
            "fid": 1,
            "nid": 2791,
            "magpsf": 17.664199829101562,
            "sigmapsf": 0.05152300000190735,
            "magnr": 21.413000106811523,
            "sigmagnr": 0.12399999797344208,
            "magzpsci": 26.353200912475586,
            "isdiffpos": "t",
            "ssdistnr": null,
            "ssnamenr": null,
            "drb": null
        },
        {
            "candid": 2791388460115015005,
            "jd": 2460545.8884606,
            "ra": 3.0893671,
            "dec": 31.0633713,
            "fid": 2,
            "nid": 2791,
            "magpsf": 16.973499298095703,
            "sigmapsf": 0.0395830012857914,
            "magnr": 21.170000076293945,
            "sigmagnr": 0.12999999523162842,
            "magzpsci": 26.25950050354004,
            "isdiffpos": "t",
            "ssdistnr": null,
            "ssnamenr": null,
            "drb": null
        },
        {
            "candid": 2794341780115015003,
            "jd": 2460548.8417824,
            "ra": 3.0893536,
            "dec": 31.0633767,
            "fid": 1,
            "nid": 2794,
            "magpsf": 17.83530044555664,
            "sigmapsf": 0.049300000071525574,
            "magnr": 21.413000106811523,
            "sigmagnr": 0.12399999797344208,
            "magzpsci": 26.294300079345703,
            "isdiffpos": "t",
            "ssdistnr": null,
            "ssnamenr": null,
            "drb": null
        },
        {
            "candid": 2794386380115015003,
            "jd": 2460548.8863889,
            "ra": 3.0893584,
            "dec": 31.06337,
            "fid": 2,
            "nid": 2794,
            "magpsf": 17.03860092163086,
            "sigmapsf": 0.04969299957156181,
            "magnr": 21.170000076293945,
            "sigmagnr": 0.12999999523162842,
            "magzpsci": 26.239599227905273,
            "isdiffpos": "t",
            "ssdistnr": null,
            "ssnamenr": null,
            "drb": null
        },
        {
            "candid": 2796296580115015010,
            "jd": 2460550.7965856,
            "ra": 3.0893621,
            "dec": 31.0633685,
            "fid": 1,
            "nid": 2796,
            "magpsf": 17.974599838256836,
            "sigmapsf": 0.057670000940561295,
            "magnr": 21.413000106811523,
            "sigmagnr": 0.12399999797344208,
            "magzpsci": 26.316600799560547,
            "isdiffpos": "t",
            "ssdistnr": null,
            "ssnamenr": null,
            "drb": null
        },
        {
            "candid": 2796379790115015009,
            "jd": 2460550.8797917,
            "ra": 3.0893503,
            "dec": 31.0633648,
            "fid": 2,
            "nid": 2796,
            "magpsf": 17.083599090576172,
            "sigmapsf": 0.04966200143098831,
            "magnr": 21.170000076293945,
            "sigmagnr": 0.12999999523162842,
            "magzpsci": 26.25160026550293,
            "isdiffpos": "t",
            "ssdistnr": null,
            "ssnamenr": null,
            "drb": null
        },
        {
            "candid": 2798365270115015005,
            "jd": 2460552.8652778,
            "ra": 3.0893505,
            "dec": 31.0633806,
            "fid": 2,
            "nid": 2798,
            "magpsf": 17.177099227905273,
            "sigmapsf": 0.04103099927306175,
            "magnr": 21.170000076293945,
            "sigmagnr": 0.12999999523162842,
            "magzpsci": 26.24209976196289,
            "isdiffpos": "t",
            "ssdistnr": null,
            "ssnamenr": null,
            "drb": null
        },
        {
            "candid": 2798406550115015013,
            "jd": 2460552.9065509,
            "ra": 3.0893471,
            "dec": 31.0633674,
            "fid": 1,
            "nid": 2798,
            "magpsf": 18.1653995513916,
            "sigmapsf": 0.05983100086450577,
            "magnr": 21.413000106811523,
            "sigmagnr": 0.12399999797344208,
            "magzpsci": 26.35540008544922,
            "isdiffpos": "t",
            "ssdistnr": null,
            "ssnamenr": null,
            "drb": null
        },
        {
            "candid": 2801312040115015004,
            "jd": 2460555.8120486,
            "ra": 3.089364,
            "dec": 31.0633635,
            "fid": 1,
            "nid": 2801,
            "magpsf": 18.366100311279297,
            "sigmapsf": 0.050335001200437546,
            "magnr": 21.413000106811523,
            "sigmagnr": 0.12399999797344208,
            "magzpsci": 26.3080997467041,
            "isdiffpos": "t",
            "ssdistnr": null,
            "ssnamenr": null,
            "drb": null
        },
        {
            "candid": 2801370010115015005,
            "jd": 2460555.8700116,
            "ra": 3.0893584,
            "dec": 31.0633733,
            "fid": 2,
            "nid": 2801,
            "magpsf": 17.322500228881836,
            "sigmapsf": 0.0425340011715889,
            "magnr": 21.170000076293945,
            "sigmagnr": 0.12999999523162842,
            "magzpsci": 26.232500076293945,
            "isdiffpos": "t",
            "ssdistnr": null,
            "ssnamenr": null,
            "drb": null
        },
        {
            "candid": 2803322440115015009,
            "jd": 2460557.8224421,
            "ra": 3.0893642,
            "dec": 31.0633723,
            "fid": 2,
            "nid": 2803,
            "magpsf": 17.39389991760254,
            "sigmapsf": 0.041064001619815826,
            "magnr": 21.170000076293945,
            "sigmagnr": 0.12999999523162842,
            "magzpsci": 26.205900192260742,
            "isdiffpos": "t",
            "ssdistnr": null,
            "ssnamenr": null,
            "drb": null
        },
        {
            "candid": 2803392090115015007,
            "jd": 2460557.8920949,
            "ra": 3.0893653,
            "dec": 31.0633851,
            "fid": 1,
            "nid": 2803,
            "magpsf": 18.554800033569336,
            "sigmapsf": 0.07217399775981903,
            "magnr": 21.413000106811523,
            "sigmagnr": 0.12399999797344208,
            "magzpsci": 26.31679916381836,
            "isdiffpos": "t",
            "ssdistnr": null,
            "ssnamenr": null,
            "drb": null
        },
        {
            "candid": 2805263800115015009,
            "jd": 2460559.7638079,
            "ra": 3.0893603,
            "dec": 31.0633786,
            "fid": 2,
            "nid": 2805,
            "magpsf": 17.509899139404297,
            "sigmapsf": 0.05488299950957298,
            "magnr": 21.170000076293945,
            "sigmagnr": 0.12999999523162842,
            "magzpsci": 26.170900344848633,
            "isdiffpos": "t",
            "ssdistnr": null,
            "ssnamenr": null,
            "drb": null
        },
        {
            "candid": 2805373330115015003,
            "jd": 2460559.8733333,
            "ra": 3.0893792,
            "dec": 31.0633809,
            "fid": 1,
            "nid": 2805,
            "magpsf": 18.633899688720703,
            "sigmapsf": 0.073403000831604,
            "magnr": 21.413000106811523,
            "sigmagnr": 0.12399999797344208,
            "magzpsci": 26.261899948120117,
            "isdiffpos": "t",
            "ssdistnr": null,
            "ssnamenr": null,
            "drb": null
        },
        {
            "candid": 2808285560115015004,
            "jd": 2460562.7855671,
            "ra": 3.089368,
            "dec": 31.0633727,
            "fid": 2,
            "nid": 2808,
            "magpsf": 17.676000595092773,
            "sigmapsf": 0.04927099868655205,
            "magnr": 21.170000076293945,
            "sigmagnr": 0.12999999523162842,
            "magzpsci": 26.05900001525879,
            "isdiffpos": "t",
            "ssdistnr": null,
            "ssnamenr": null,
            "drb": null
        },
        {
            "candid": 2808323060115015008,
            "jd": 2460562.8230671,
            "ra": 3.0893721,
            "dec": 31.0633709,
            "fid": 1,
            "nid": 2808,
            "magpsf": 18.90850067138672,
            "sigmapsf": 0.08764500170946121,
            "magnr": 21.413000106811523,
            "sigmagnr": 0.12399999797344208,
            "magzpsci": 26.129499435424805,
            "isdiffpos": "t",
            "ssdistnr": null,
            "ssnamenr": null,
            "drb": null
        },
        {
            "candid": 2810286780115015004,
            "jd": 2460564.7867824,
            "ra": 3.0893421,
            "dec": 31.0633641,
            "fid": 1,
            "nid": 2810,
            "magpsf": 18.949100494384766,
            "sigmapsf": 0.08726199716329575,
            "magnr": 21.413000106811523,
            "sigmagnr": 0.12399999797344208,
            "magzpsci": 26.300100326538086,
            "isdiffpos": "t",
            "ssdistnr": null,
            "ssnamenr": null,
            "drb": null
        },
        {
            "candid": 2810337550115015006,
            "jd": 2460564.8375579,
            "ra": 3.0893715,
            "dec": 31.0633768,
            "fid": 2,
            "nid": 2810,
            "magpsf": 17.812700271606445,
            "sigmapsf": 0.04605700075626373,
            "magnr": 21.170000076293945,
            "sigmagnr": 0.12999999523162842,
            "magzpsci": 26.25670051574707,
            "isdiffpos": "t",
            "ssdistnr": null,
            "ssnamenr": null,
            "drb": null
        },
        {
            "candid": 2812363430115015013,
            "jd": 2460566.8634375,
            "ra": 3.0893583,
            "dec": 31.0633761,
            "fid": 2,
            "nid": 2812,
            "magpsf": 17.924400329589844,
            "sigmapsf": 0.059470001608133316,
            "magnr": 21.170000076293945,
            "sigmagnr": 0.12999999523162842,
            "magzpsci": 26.01740074157715,
            "isdiffpos": "t",
            "ssdistnr": null,
            "ssnamenr": null,
            "drb": null
        },
        {
            "candid": 2812407190115015005,
            "jd": 2460566.9071991,
            "ra": 3.0893393,
            "dec": 31.0633548,
            "fid": 1,
            "nid": 2812,
            "magpsf": 19.086700439453125,
            "sigmapsf": 0.1043270006775856,
            "magnr": 21.413000106811523,
            "sigmagnr": 0.12399999797344208,
            "magzpsci": 26.024700164794922,
            "isdiffpos": "t",
            "ssdistnr": null,
            "ssnamenr": null,
            "drb": null
        },
        {
            "candid": 2815278720115015004,
            "jd": 2460569.7787269,
            "ra": 3.0893697,
            "dec": 31.063351,
            "fid": 1,
            "nid": 2815,
            "magpsf": 19.334699630737305,
            "sigmapsf": 0.16704699397087097,
            "magnr": 21.413000106811523,
            "sigmagnr": 0.12399999797344208,
            "magzpsci": 26.345699310302734,
            "isdiffpos": "t",
            "ssdistnr": null,
            "ssnamenr": null,
            "drb": null
        },
        {
            "candid": 2815328700115015002,
            "jd": 2460569.8287037,
            "ra": 3.0893706,
            "dec": 31.0633733,
            "fid": 2,
            "nid": 2815,
            "magpsf": 18.036100387573242,
            "sigmapsf": 0.05205700173974037,
            "magnr": 21.170000076293945,
            "sigmagnr": 0.12999999523162842,
            "magzpsci": 26.25909996032715,
            "isdiffpos": "t",
            "ssdistnr": null,
            "ssnamenr": null,
            "drb": null
        },
        {
            "candid": 2818297360115015000,
            "jd": 2460572.7973611,
            "ra": 3.0893364,
            "dec": 31.0633857,
            "fid": 2,
            "nid": 2818,
            "magpsf": 18.19409942626953,
            "sigmapsf": 0.0757720023393631,
            "magnr": 21.170000076293945,
            "sigmagnr": 0.12999999523162842,
            "magzpsci": 26.25309944152832,
            "isdiffpos": "t",
            "ssdistnr": null,
            "ssnamenr": null,
            "drb": null
        },
        {
            "candid": 2818315910115015003,
            "jd": 2460572.8159144,
            "ra": 3.0893914,
            "dec": 31.0633663,
            "fid": 1,
            "nid": 2818,
            "magpsf": 19.3700008392334,
            "sigmapsf": 0.17430399358272552,
            "magnr": 21.413000106811523,
            "sigmagnr": 0.12399999797344208,
            "magzpsci": 26.327999114990234,
            "isdiffpos": "t",
            "ssdistnr": null,
            "ssnamenr": null,
            "drb": null
        },
        {
            "candid": 2821257680115015006,
            "jd": 2460575.7576852,
            "ra": 3.0893369,
            "dec": 31.0633729,
            "fid": 3,
            "nid": 2821,
            "magpsf": 17.991100311279297,
            "sigmapsf": 0.0783109962940216,
            "magnr": 21.586000442504883,
            "sigmagnr": 0.1809999942779541,
            "magzpsci": 25.54010009765625,
            "isdiffpos": "t",
            "ssdistnr": null,
            "ssnamenr": null,
            "drb": null
        },
        {
            "candid": 2821306070115015005,
            "jd": 2460575.8060764,
            "ra": 3.0893366,
            "dec": 31.0633869,
            "fid": 1,
            "nid": 2821,
            "magpsf": 19.360599517822266,
            "sigmapsf": 0.11366000026464462,
            "magnr": 21.413000106811523,
            "sigmagnr": 0.12399999797344208,
            "magzpsci": 26.3346004486084,
            "isdiffpos": "t",
            "ssdistnr": null,
            "ssnamenr": null,
            "drb": null
        },
        {
            "candid": 2821325680115015005,
            "jd": 2460575.8256829,
            "ra": 3.0893561,
            "dec": 31.0633787,
            "fid": 2,
            "nid": 2821,
            "magpsf": 18.274099349975586,
            "sigmapsf": 0.08691100031137466,
            "magnr": 21.170000076293945,
            "sigmagnr": 0.12999999523162842,
            "magzpsci": 26.249099731445312,
            "isdiffpos": "t",
            "ssdistnr": null,
            "ssnamenr": null,
            "drb": null
        },
        {
            "candid": 2822199400115015005,
            "jd": 2460576.6994097,
            "ra": 3.0893616,
            "dec": 31.0633854,
            "fid": 2,
            "nid": 2822,
            "magpsf": 18.273099899291992,
            "sigmapsf": 0.06396999955177307,
            "magnr": 21.170000076293945,
            "sigmagnr": 0.12999999523162842,
            "magzpsci": 26.180099487304688,
            "isdiffpos": "t",
            "ssdistnr": null,
            "ssnamenr": null,
            "drb": null
        },
        {
            "candid": 2822262600115015008,
            "jd": 2460576.7626042,
            "ra": 3.0893382,
            "dec": 31.0633532,
            "fid": 1,
            "nid": 2822,
            "magpsf": 19.372900009155273,
            "sigmapsf": 0.10443200170993805,
            "magnr": 21.413000106811523,
            "sigmagnr": 0.12399999797344208,
            "magzpsci": 26.311899185180664,
            "isdiffpos": "t",
            "ssdistnr": null,
            "ssnamenr": null,
            "drb": null
        },
        {
            "candid": 2823261750115015009,
            "jd": 2460577.7617593,
            "ra": 3.0893647,
            "dec": 31.0633834,
            "fid": 2,
            "nid": 2823,
            "magpsf": 18.35890007019043,
            "sigmapsf": 0.07088900357484818,
            "magnr": 21.170000076293945,
            "sigmagnr": 0.12999999523162842,
            "magzpsci": 26.232900619506836,
            "isdiffpos": "t",
            "ssdistnr": null,
            "ssnamenr": null,
            "drb": null
        },
        {
            "candid": 2823290690115015002,
            "jd": 2460577.7906944,
            "ra": 3.089366,
            "dec": 31.0633842,
            "fid": 3,
            "nid": 2823,
            "magpsf": 18.078899383544922,
            "sigmapsf": 0.06446100026369095,
            "magnr": 21.586000442504883,
            "sigmagnr": 0.1809999942779541,
            "magzpsci": 25.558900833129883,
            "isdiffpos": "t",
            "ssdistnr": null,
            "ssnamenr": null,
            "drb": null
        },
        {
            "candid": 2823349060115015001,
            "jd": 2460577.8490625,
            "ra": 3.0893842,
            "dec": 31.0633595,
            "fid": 1,
            "nid": 2823,
            "magpsf": 19.340700149536133,
            "sigmapsf": 0.14227800071239471,
            "magnr": 21.413000106811523,
            "sigmagnr": 0.12399999797344208,
            "magzpsci": 26.332700729370117,
            "isdiffpos": "t",
            "ssdistnr": null,
            "ssnamenr": null,
            "drb": null
        },
        {
            "candid": 2825266150115015005,
            "jd": 2460579.7661574,
            "ra": 3.0893665,
            "dec": 31.0633793,
            "fid": 2,
            "nid": 2825,
            "magpsf": 18.388900756835938,
            "sigmapsf": 0.0625,
            "magnr": 21.170000076293945,
            "sigmagnr": 0.12999999523162842,
            "magzpsci": 26.228900909423828,
            "isdiffpos": "t",
            "ssdistnr": null,
            "ssnamenr": null,
            "drb": null
        },
        {
            "candid": 2825336190115015007,
            "jd": 2460579.8361921,
            "ra": 3.0893685,
            "dec": 31.0633677,
            "fid": 1,
            "nid": 2825,
            "magpsf": 19.4778995513916,
            "sigmapsf": 0.09611699730157852,
            "magnr": 21.413000106811523,
            "sigmagnr": 0.12399999797344208,
            "magzpsci": 26.32990074157715,
            "isdiffpos": "t",
            "ssdistnr": null,
            "ssnamenr": null,
            "drb": null
        },
        {
            "candid": 2827451520115015007,
            "jd": 2460581.9515278,
            "ra": 3.0893476,
            "dec": 31.063381,
            "fid": 2,
            "nid": 2827,
            "magpsf": 18.482999801635742,
            "sigmapsf": 0.05931900069117546,
            "magnr": 21.170000076293945,
            "sigmagnr": 0.12999999523162842,
            "magzpsci": 26.22599983215332,
            "isdiffpos": "t",
            "ssdistnr": null,
            "ssnamenr": null,
            "drb": null
        },
        {
            "candid": 2829387310115015016,
            "jd": 2460583.8873148,
            "ra": 3.0893701,
            "dec": 31.0633754,
            "fid": 1,
            "nid": 2829,
            "magpsf": 19.622299194335938,
            "sigmapsf": 0.15076099336147308,
            "magnr": 21.413000106811523,
            "sigmagnr": 0.12399999797344208,
            "magzpsci": 26.32229995727539,
            "isdiffpos": "t",
            "ssdistnr": null,
            "ssnamenr": null,
            "drb": null
        },
        {
            "candid": 2829408260115015010,
            "jd": 2460583.9082639,
            "ra": 3.0893474,
            "dec": 31.0633732,
            "fid": 2,
            "nid": 2829,
            "magpsf": 18.517000198364258,
            "sigmapsf": 0.15311500430107117,
            "magnr": 21.170000076293945,
            "sigmagnr": 0.12999999523162842,
            "magzpsci": 26.243999481201172,
            "isdiffpos": "t",
            "ssdistnr": null,
            "ssnamenr": null,
            "drb": null
        },
        {
            "candid": 2838238840115015006,
            "jd": 2460592.7388426,
            "ra": 3.0893759,
            "dec": 31.0633665,
            "fid": 2,
            "nid": 2838,
            "magpsf": 18.710500717163086,
            "sigmapsf": 0.06355500221252441,
            "magnr": 21.170000076293945,
            "sigmagnr": 0.12999999523162842,
            "magzpsci": 26.256500244140625,
            "isdiffpos": "t",
            "ssdistnr": null,
            "ssnamenr": null,
            "drb": null
        },
        {
            "candid": 2838366850115015005,
            "jd": 2460592.8668519,
            "ra": 3.0893968,
            "dec": 31.063338,
            "fid": 1,
            "nid": 2838,
            "magpsf": 19.631900787353516,
            "sigmapsf": 0.12419500201940536,
            "magnr": 21.413000106811523,
            "sigmagnr": 0.12399999797344208,
            "magzpsci": 26.327899932861328,
            "isdiffpos": "t",
            "ssdistnr": null,
            "ssnamenr": null,
            "drb": null
        },
        {
            "candid": 2840217730115015003,
            "jd": 2460594.7177315,
            "ra": 3.0893854,
            "dec": 31.063408,
            "fid": 2,
            "nid": 2840,
            "magpsf": 18.689800262451172,
            "sigmapsf": 0.18010500073432922,
            "magnr": 21.170000076293945,
            "sigmagnr": 0.12999999523162842,
            "magzpsci": 26.25279998779297,
            "isdiffpos": "t",
            "ssdistnr": null,
            "ssnamenr": null,
            "drb": null
        },
        {
            "candid": 2840305600115015004,
            "jd": 2460594.8056019,
            "ra": 3.0893791,
            "dec": 31.0633639,
            "fid": 1,
            "nid": 2840,
            "magpsf": 19.67919921875,
            "sigmapsf": 0.09230399876832962,
            "magnr": 21.413000106811523,
            "sigmagnr": 0.12399999797344208,
            "magzpsci": 26.349199295043945,
            "isdiffpos": "t",
            "ssdistnr": null,
            "ssnamenr": null,
            "drb": null
        },
        {
            "candid": 2842219970115015001,
            "jd": 2460596.7199769,
            "ra": 3.0893243,
            "dec": 31.0633148,
            "fid": 1,
            "nid": 2842,
            "magpsf": 19.712499618530273,
            "sigmapsf": 0.185466006398201,
            "magnr": 21.413000106811523,
            "sigmagnr": 0.12399999797344208,
            "magzpsci": 26.342500686645508,
            "isdiffpos": "t",
            "ssdistnr": null,
            "ssnamenr": null,
            "drb": null
        },
        {
            "candid": 2842345780115015003,
            "jd": 2460596.845787,
            "ra": 3.0893388,
            "dec": 31.0633855,
            "fid": 2,
            "nid": 2842,
            "magpsf": 18.80270004272461,
            "sigmapsf": 0.07691100239753723,
            "magnr": 21.170000076293945,
            "sigmagnr": 0.12999999523162842,
            "magzpsci": 26.26569938659668,
            "isdiffpos": "t",
            "ssdistnr": null,
            "ssnamenr": null,
            "drb": null
        },
        {
            "candid": 2844246970115015000,
            "jd": 2460598.7469792,
            "ra": 3.0892996,
            "dec": 31.0633735,
            "fid": 1,
            "nid": 2844,
            "magpsf": 19.611000061035156,
            "sigmapsf": 0.20537200570106506,
            "magnr": 21.413000106811523,
            "sigmagnr": 0.12399999797344208,
            "magzpsci": 26.319000244140625,
            "isdiffpos": "t",
            "ssdistnr": null,
            "ssnamenr": null,
            "drb": null
        },
        {
            "candid": 2844323430115015001,
            "jd": 2460598.8234375,
            "ra": 3.0893624,
            "dec": 31.0633518,
            "fid": 2,
            "nid": 2844,
            "magpsf": 18.856700897216797,
            "sigmapsf": 0.11777500063180923,
            "magnr": 21.170000076293945,
            "sigmagnr": 0.12999999523162842,
            "magzpsci": 26.258699417114258,
            "isdiffpos": "t",
            "ssdistnr": null,
            "ssnamenr": null,
            "drb": null
        },
        {
            "candid": 2846219890115015000,
            "jd": 2460600.7198958,
            "ra": 3.0893224,
            "dec": 31.0633657,
            "fid": 2,
            "nid": 2846,
            "magpsf": 18.763999938964844,
            "sigmapsf": 0.12299700081348419,
            "magnr": 21.170000076293945,
            "sigmagnr": 0.12999999523162842,
            "magzpsci": 26.277000427246094,
            "isdiffpos": "t",
            "ssdistnr": null,
            "ssnamenr": null,
            "drb": null
        },
        {
            "candid": 2849260150115015003,
            "jd": 2460603.7601505,
            "ra": 3.0893722,
            "dec": 31.0633762,
            "fid": 1,
            "nid": 2849,
            "magpsf": 19.806299209594727,
            "sigmapsf": 0.17107200622558594,
            "magnr": 21.413000106811523,
            "sigmagnr": 0.12399999797344208,
            "magzpsci": 26.380300521850586,
            "isdiffpos": "t",
            "ssdistnr": null,
            "ssnamenr": null,
            "drb": null
        },
        {
            "candid": 2853205870115015004,
            "jd": 2460607.7058796,
            "ra": 3.0893814,
            "dec": 31.0633723,
            "fid": 2,
            "nid": 2853,
            "magpsf": 18.901100158691406,
            "sigmapsf": 0.08218000084161758,
            "magnr": 21.170000076293945,
            "sigmagnr": 0.12999999523162842,
            "magzpsci": 26.274099349975586,
            "isdiffpos": "t",
            "ssdistnr": null,
            "ssnamenr": null,
            "drb": null
        },
        {
            "candid": 2853227890115015002,
            "jd": 2460607.7278935,
            "ra": 3.0894056,
            "dec": 31.0633909,
            "fid": 1,
            "nid": 2853,
            "magpsf": 19.88719940185547,
            "sigmapsf": 0.1401910036802292,
            "magnr": 21.413000106811523,
            "sigmagnr": 0.12399999797344208,
            "magzpsci": 26.3612003326416,
            "isdiffpos": "t",
            "ssdistnr": null,
            "ssnamenr": null,
            "drb": null
        },
        {
            "candid": 2855239590115015008,
            "jd": 2460609.7395949,
            "ra": 3.089385,
            "dec": 31.063333,
            "fid": 1,
            "nid": 2855,
            "magpsf": 19.886600494384766,
            "sigmapsf": 0.1305519938468933,
            "magnr": 21.413000106811523,
            "sigmagnr": 0.12399999797344208,
            "magzpsci": 26.380599975585938,
            "isdiffpos": "t",
            "ssdistnr": null,
            "ssnamenr": null,
            "drb": null
        },
        {
            "candid": 2855283790115015003,
            "jd": 2460609.7837963,
            "ra": 3.0893673,
            "dec": 31.0633533,
            "fid": 2,
            "nid": 2855,
            "magpsf": 19.021879196166992,
            "sigmapsf": 0.07610362023115158,
            "magnr": 21.170000076293945,
            "sigmagnr": 0.12999999523162842,
            "magzpsci": 26.26487922668457,
            "isdiffpos": "t",
            "ssdistnr": -999.0,
            "ssnamenr": "null",
            "drb": null
        },
        {
            "jd": 2460502.8889468,
            "fid": 2,
            "diffmaglim": 20.31220054626465
        },
        {
            "jd": 2460502.9512384,
            "fid": 1,
            "diffmaglim": 20.540300369262695
        },
        {
            "jd": 2460505.9023032,
            "fid": 2,
            "diffmaglim": 20.510400772094727
        },
        {
            "jd": 2460505.9465278,
            "fid": 1,
            "diffmaglim": 20.619699478149414
        },
        {
            "jd": 2460509.90875,
            "fid": 1,
            "diffmaglim": 20.591299057006836
        },
        {
            "jd": 2460511.8694907,
            "fid": 2,
            "diffmaglim": 19.657400131225586
        },
        {
            "jd": 2460511.9318171,
            "fid": 1,
            "diffmaglim": 19.572999954223633
        },
        {
            "jd": 2460514.8745255,
            "fid": 2,
            "diffmaglim": 19.485000610351562
        },
        {
            "jd": 2460514.9308681,
            "fid": 1,
            "diffmaglim": 19.571199417114258
        },
        {
            "jd": 2460516.905544,
            "fid": 2,
            "diffmaglim": 19.492399215698242
        },
        {
            "jd": 2460516.9553819,
            "fid": 1,
            "diffmaglim": 19.588300704956055
        },
        {
            "jd": 2460519.8827199,
            "fid": 2,
            "diffmaglim": 20.268199920654297
        },
        {
            "jd": 2460519.9279051,
            "fid": 1,
            "diffmaglim": 20.416500091552734
        },
        {
            "jd": 2460521.8911227,
            "fid": 1,
            "diffmaglim": 20.503799438476562
        },
        {
            "jd": 2460521.9291782,
            "fid": 2,
            "diffmaglim": 20.37220001220703
        },
        {
            "jd": 2460576.7919097,
            "fid": 3,
            "diffmaglim": 19.901399612426758
        },
        {
            "jd": 2460600.7889236,
            "fid": 1,
            "diffmaglim": 19.006099700927734
        }
    ],
    "forcedphot": [
        {
            "objectid": "ZTF24aaymkrs",
            "jd": 2460502.8889468,
            "ranr": 3.0892895,
            "decnr": 31.0634718,
            "fid": 2,
            "forcediffimflux": 36.394100189208984,
            "forcediffimfluxunc": 23.53497314453125,
            "magzpsci": 26.06760025024414
        },
        {
            "objectid": "ZTF24aaymkrs",
            "jd": 2460502.9512384,
            "ranr": 3.0888288,
            "decnr": 31.063009,
            "fid": 1,
            "forcediffimflux": -4.972372055053711,
            "forcediffimfluxunc": 21.108482360839844,
            "magzpsci": 26.14590072631836
        },
        {
            "objectid": "ZTF24aaymkrs",
            "jd": 2460505.9023032,
            "ranr": 3.0892895,
            "decnr": 31.0634718,
            "fid": 2,
            "forcediffimflux": 18.25653076171875,
            "forcediffimfluxunc": 20.16803550720215,
            "magzpsci": 26.13159942626953
        },
        {
            "objectid": "ZTF24aaymkrs",
            "jd": 2460505.9465278,
            "ranr": 3.0888288,
            "decnr": 31.063009,
            "fid": 1,
            "forcediffimflux": -1.2037307024002075,
            "forcediffimfluxunc": 22.322879791259766,
            "magzpsci": 26.2091007232666
        },
        {
            "objectid": "ZTF24aaymkrs",
            "jd": 2460509.90875,
            "ranr": 3.0888288,
            "decnr": 31.063009,
            "fid": 1,
            "forcediffimflux": 10.272000312805176,
            "forcediffimfluxunc": 20.394027709960938,
            "magzpsci": 26.1653995513916
        },
        {
            "objectid": "ZTF24aaymkrs",
            "jd": 2460511.8694907,
            "ranr": 3.0892895,
            "decnr": 31.0634718,
            "fid": 2,
            "forcediffimflux": 14.886517524719238,
            "forcediffimfluxunc": 46.904754638671875,
            "magzpsci": 26.12459945678711
        },
        {
            "objectid": "ZTF24aaymkrs",
            "jd": 2460511.9318171,
            "ranr": 3.0888288,
            "decnr": 31.063009,
            "fid": 1,
            "forcediffimflux": -0.8944059014320374,
            "forcediffimfluxunc": 58.374935150146484,
            "magzpsci": 26.210100173950195
        },
        {
            "objectid": "ZTF24aaymkrs",
            "jd": 2460514.8745255,
            "ranr": 3.0892895,
            "decnr": 31.0634718,
            "fid": 2,
            "forcediffimflux": 38.246337890625,
            "forcediffimfluxunc": 58.82706069946289,
            "magzpsci": 26.146699905395508
        },
        {
            "objectid": "ZTF24aaymkrs",
            "jd": 2460514.9308681,
            "ranr": 3.0888288,
            "decnr": 31.063009,
            "fid": 1,
            "forcediffimflux": -20.166671752929688,
            "forcediffimfluxunc": 61.33701705932617,
            "magzpsci": 26.23889923095703
        },
        {
            "objectid": "ZTF24aaymkrs",
            "jd": 2460516.905544,
            "ranr": 3.0892895,
            "decnr": 31.0634718,
            "fid": 2,
            "forcediffimflux": 49.42451858520508,
            "forcediffimfluxunc": 54.85256576538086,
            "magzpsci": 26.124500274658203
        },
        {
            "objectid": "ZTF24aaymkrs",
            "jd": 2460516.9553819,
            "ranr": 3.0888288,
            "decnr": 31.063009,
            "fid": 1,
            "forcediffimflux": -24.36931037902832,
            "forcediffimfluxunc": 57.036598205566406,
            "magzpsci": 26.195100784301758
        },
        {
            "objectid": "ZTF24aaymkrs",
            "jd": 2460519.8827199,
            "ranr": 3.0892895,
            "decnr": 31.0634718,
            "fid": 2,
            "forcediffimflux": -5.5382080078125,
            "forcediffimfluxunc": 32.95772933959961,
            "magzpsci": 26.236400604248047
        },
        {
            "objectid": "ZTF24aaymkrs",
            "jd": 2460519.9279051,
            "ranr": 3.0888288,
            "decnr": 31.063009,
            "fid": 1,
            "forcediffimflux": -6.052595138549805,
            "forcediffimfluxunc": 28.07166290283203,
            "magzpsci": 26.34760093688965
        },
        {
            "objectid": "ZTF24aaymkrs",
            "jd": 2460521.8911227,
            "ranr": 3.0888288,
            "decnr": 31.063009,
            "fid": 1,
            "forcediffimflux": -25.04412078857422,
            "forcediffimfluxunc": 25.790634155273438,
            "magzpsci": 26.284900665283203
        },
        {
            "objectid": "ZTF24aaymkrs",
            "jd": 2460521.9291782,
            "ranr": 3.0892895,
            "decnr": 31.0634718,
            "fid": 2,
            "forcediffimflux": -1.1408054828643799,
            "forcediffimfluxunc": 24.455657958984375,
            "magzpsci": 26.223400115966797
        },
        {
            "objectid": "ZTF24aaymkrs",
            "jd": 2460525.8478588,
            "ranr": 3.0888288,
            "decnr": 31.063009,
            "fid": 1,
            "forcediffimflux": 195.98426818847656,
            "forcediffimfluxunc": 22.963930130004883,
            "magzpsci": 26.21430015563965
        },
        {
            "objectid": "ZTF24aaymkrs",
            "jd": 2460525.9294213,
            "ranr": 3.0892895,
            "decnr": 31.0634718,
            "fid": 2,
            "forcediffimflux": 224.38082885742188,
            "forcediffimfluxunc": 22.544513702392578,
            "magzpsci": 26.202600479125977
        },
        {
            "objectid": "ZTF24aaymkrs",
            "jd": 2460527.8441435,
            "ranr": 3.0888288,
            "decnr": 31.063009,
            "fid": 1,
            "forcediffimflux": 933.0813598632812,
            "forcediffimfluxunc": 27.580167770385742,
            "magzpsci": 26.22879981994629
        },
        {
            "objectid": "ZTF24aaymkrs",
            "jd": 2460527.8927083,
            "ranr": 3.0892895,
            "decnr": 31.0634718,
            "fid": 2,
            "forcediffimflux": 983.2139892578125,
            "forcediffimfluxunc": 28.316417694091797,
            "magzpsci": 26.18829917907715
        },
        {
            "objectid": "ZTF24aaymkrs",
            "jd": 2460529.9128704,
            "ranr": 3.0892895,
            "decnr": 31.0634718,
            "fid": 2,
            "forcediffimflux": 1762.1710205078125,
            "forcediffimfluxunc": 30.89065170288086,
            "magzpsci": 26.057100296020508
        },
        {
            "objectid": "ZTF24aaymkrs",
            "jd": 2460531.8795486,
            "ranr": 3.0892895,
            "decnr": 31.0634718,
            "fid": 2,
            "forcediffimflux": 2765.939208984375,
            "forcediffimfluxunc": 34.270416259765625,
            "magzpsci": 26.150699615478516
        },
        {
            "objectid": "ZTF24aaymkrs",
            "jd": 2460532.8021296,
            "ranr": 3.0888288,
            "decnr": 31.063009,
            "fid": 1,
            "forcediffimflux": 5554.2880859375,
            "forcediffimfluxunc": 51.39624786376953,
            "magzpsci": 26.856000900268555
        },
        {
            "objectid": "ZTF24aaymkrs",
            "jd": 2460532.8617593,
            "ranr": 3.0892895,
            "decnr": 31.0634718,
            "fid": 2,
            "forcediffimflux": 6515.63671875,
            "forcediffimfluxunc": 53.42116165161133,
            "magzpsci": 26.900800704956055
        },
        {
            "objectid": "ZTF24aaymkrs",
            "jd": 2460533.8635995,
            "ranr": 3.0892895,
            "decnr": 31.0634718,
            "fid": 2,
            "forcediffimflux": 7094.75927734375,
            "forcediffimfluxunc": 53.18303298950195,
            "magzpsci": 26.912399291992188
        },
        {
            "objectid": "ZTF24aaymkrs",
            "jd": 2460534.8418634,
            "ranr": 3.0892895,
            "decnr": 31.0634718,
            "fid": 2,
            "forcediffimflux": 6104.84814453125,
            "forcediffimfluxunc": 51.45948028564453,
            "magzpsci": 26.597000122070312
        },
        {
            "objectid": "ZTF24aaymkrs",
            "jd": 2460536.8431366,
            "ranr": 3.0888288,
            "decnr": 31.063009,
            "fid": 1,
            "forcediffimflux": 3856.050048828125,
            "forcediffimfluxunc": 41.57862854003906,
            "magzpsci": 26.320600509643555
        },
        {
            "objectid": "ZTF24aaymkrs",
            "jd": 2460536.8870602,
            "ranr": 3.0892895,
            "decnr": 31.0634718,
            "fid": 2,
            "forcediffimflux": 4588.67724609375,
            "forcediffimfluxunc": 41.55546951293945,
            "magzpsci": 26.255199432373047
        },
        {
            "objectid": "ZTF24aaymkrs",
            "jd": 2460538.8846528,
            "ranr": 3.0892895,
            "decnr": 31.0634718,
            "fid": 2,
            "forcediffimflux": 5006.328125,
            "forcediffimfluxunc": 43.41420364379883,
            "magzpsci": 26.26020050048828
        },
        {
            "objectid": "ZTF24aaymkrs",
            "jd": 2460538.9269329,
            "ranr": 3.0888288,
            "decnr": 31.063009,
            "fid": 1,
            "forcediffimflux": 3727.889892578125,
            "forcediffimfluxunc": 39.50585174560547,
            "magzpsci": 26.373600006103516
        },
        {
            "objectid": "ZTF24aaymkrs",
            "jd": 2460543.8507176,
            "ranr": 3.0888288,
            "decnr": 31.063009,
            "fid": 1,
            "forcediffimflux": 3392.682861328125,
            "forcediffimfluxunc": 67.25862121582031,
            "magzpsci": 26.31719970703125
        },
        {
            "objectid": "ZTF24aaymkrs",
            "jd": 2460543.9374306,
            "ranr": 3.0892895,
            "decnr": 31.0634718,
            "fid": 2,
            "forcediffimflux": 5499.6748046875,
            "forcediffimfluxunc": 66.28136444091797,
            "magzpsci": 26.236600875854492
        },
        {
            "objectid": "ZTF24aaymkrs",
            "jd": 2460545.8439699,
            "ranr": 3.0888288,
            "decnr": 31.063009,
            "fid": 1,
            "forcediffimflux": 3045.050048828125,
            "forcediffimfluxunc": 57.06425094604492,
            "magzpsci": 26.353200912475586
        },
        {
            "objectid": "ZTF24aaymkrs",
            "jd": 2460545.8884606,
            "ranr": 3.0892895,
            "decnr": 31.0634718,
            "fid": 2,
            "forcediffimflux": 5184.697265625,
            "forcediffimfluxunc": 58.371585845947266,
            "magzpsci": 26.25950050354004
        },
        {
            "objectid": "ZTF24aaymkrs",
            "jd": 2460548.8417824,
            "ranr": 3.0888288,
            "decnr": 31.063009,
            "fid": 1,
            "forcediffimflux": 2456.084716796875,
            "forcediffimfluxunc": 41.01708984375,
            "magzpsci": 26.294300079345703
        },
        {
            "objectid": "ZTF24aaymkrs",
            "jd": 2460548.8863889,
            "ranr": 3.0892895,
            "decnr": 31.0634718,
            "fid": 2,
            "forcediffimflux": 4961.10986328125,
            "forcediffimfluxunc": 46.14513397216797,
            "magzpsci": 26.239599227905273
        },
        {
            "objectid": "ZTF24aaymkrs",
            "jd": 2460550.7965856,
            "ranr": 3.0888288,
            "decnr": 31.063009,
            "fid": 1,
            "forcediffimflux": 2224.313232421875,
            "forcediffimfluxunc": 31.867919921875,
            "magzpsci": 26.316600799560547
        },
        {
            "objectid": "ZTF24aaymkrs",
            "jd": 2460550.8797917,
            "ranr": 3.0892895,
            "decnr": 31.0634718,
            "fid": 2,
            "forcediffimflux": 4831.11376953125,
            "forcediffimfluxunc": 42.038211822509766,
            "magzpsci": 26.25160026550293
        },
        {
            "objectid": "ZTF24aaymkrs",
            "jd": 2460552.8652778,
            "ranr": 3.0892895,
            "decnr": 31.0634718,
            "fid": 2,
            "forcediffimflux": 4423.25634765625,
            "forcediffimfluxunc": 39.17402267456055,
            "magzpsci": 26.24209976196289
        },
        {
            "objectid": "ZTF24aaymkrs",
            "jd": 2460552.9065509,
            "ranr": 3.0888288,
            "decnr": 31.063009,
            "fid": 1,
            "forcediffimflux": 1921.1524658203125,
            "forcediffimfluxunc": 31.073871612548828,
            "magzpsci": 26.35540008544922
        },
        {
            "objectid": "ZTF24aaymkrs",
            "jd": 2460555.8120486,
            "ranr": 3.0888288,
            "decnr": 31.063009,
            "fid": 1,
            "forcediffimflux": 1563.4801025390625,
            "forcediffimfluxunc": 29.35379981994629,
            "magzpsci": 26.3080997467041
        },
        {
            "objectid": "ZTF24aaymkrs",
            "jd": 2460555.8700116,
            "ranr": 3.0892895,
            "decnr": 31.0634718,
            "fid": 2,
            "forcediffimflux": 3937.447265625,
            "forcediffimfluxunc": 38.40330123901367,
            "magzpsci": 26.232500076293945
        },
        {
            "objectid": "ZTF24aaymkrs",
            "jd": 2460557.8224421,
            "ranr": 3.0892895,
            "decnr": 31.0634718,
            "fid": 2,
            "forcediffimflux": 3524.14208984375,
            "forcediffimfluxunc": 37.89586639404297,
            "magzpsci": 26.205900192260742
        },
        {
            "objectid": "ZTF24aaymkrs",
            "jd": 2460557.8920949,
            "ranr": 3.0888288,
            "decnr": 31.063009,
            "fid": 1,
            "forcediffimflux": 1323.8131103515625,
            "forcediffimfluxunc": 27.48548126220703,
            "magzpsci": 26.31679916381836
        },
        {
            "objectid": "ZTF24aaymkrs",
            "jd": 2460559.7638079,
            "ranr": 3.0892895,
            "decnr": 31.0634718,
            "fid": 2,
            "forcediffimflux": 3013.02587890625,
            "forcediffimfluxunc": 38.711917877197266,
            "magzpsci": 26.170900344848633
        },
        {
            "objectid": "ZTF24aaymkrs",
            "jd": 2460559.8733333,
            "ranr": 3.0888288,
            "decnr": 31.063009,
            "fid": 1,
            "forcediffimflux": 1124.9432373046875,
            "forcediffimfluxunc": 30.36307716369629,
            "magzpsci": 26.261899948120117
        },
        {
            "objectid": "ZTF24aaymkrs",
            "jd": 2460562.7855671,
            "ranr": 3.0892895,
            "decnr": 31.0634718,
            "fid": 2,
            "forcediffimflux": 2406.44482421875,
            "forcediffimfluxunc": 35.039756774902344,
            "magzpsci": 26.05900001525879
        },
        {
            "objectid": "ZTF24aaymkrs",
            "jd": 2460562.8230671,
            "ranr": 3.0888288,
            "decnr": 31.063009,
            "fid": 1,
            "forcediffimflux": 803.6508178710938,
            "forcediffimfluxunc": 23.110414505004883,
            "magzpsci": 26.129499435424805
        },
        {
            "objectid": "ZTF24aaymkrs",
            "jd": 2460564.7867824,
            "ranr": 3.0888288,
            "decnr": 31.063009,
            "fid": 1,
            "forcediffimflux": 879.2649536132812,
            "forcediffimfluxunc": 27.683774948120117,
            "magzpsci": 26.300100326538086
        },
        {
            "objectid": "ZTF24aaymkrs",
            "jd": 2460564.8375579,
            "ranr": 3.0892895,
            "decnr": 31.0634718,
            "fid": 2,
            "forcediffimflux": 2375.563232421875,
            "forcediffimfluxunc": 36.38732147216797,
            "magzpsci": 26.25670051574707
        },
        {
            "objectid": "ZTF24aaymkrs",
            "jd": 2460566.8634375,
            "ranr": 3.0892895,
            "decnr": 31.0634718,
            "fid": 2,
            "forcediffimflux": 1716.7093505859375,
            "forcediffimfluxunc": 32.52299880981445,
            "magzpsci": 26.01740074157715
        },
        {
            "objectid": "ZTF24aaymkrs",
            "jd": 2460566.9071991,
            "ranr": 3.0888288,
            "decnr": 31.063009,
            "fid": 1,
            "forcediffimflux": 587.5846557617188,
            "forcediffimfluxunc": 25.72834587097168,
            "magzpsci": 26.024700164794922
        },
        {
            "objectid": "ZTF24aaymkrs",
            "jd": 2460569.7787269,
            "ranr": 3.0888288,
            "decnr": 31.063009,
            "fid": 1,
            "forcediffimflux": 626.5112915039062,
            "forcediffimfluxunc": 66.0462417602539,
            "magzpsci": 26.345699310302734
        },
        {
            "objectid": "ZTF24aaymkrs",
            "jd": 2460569.8287037,
            "ranr": 3.0892895,
            "decnr": 31.0634718,
            "fid": 2,
            "forcediffimflux": 1972.438232421875,
            "forcediffimfluxunc": 50.22889709472656,
            "magzpsci": 26.25909996032715
        },
        {
            "objectid": "ZTF24aaymkrs",
            "jd": 2460572.7973611,
            "ranr": 3.0892895,
            "decnr": 31.0634718,
            "fid": 2,
            "forcediffimflux": 1855.6163330078125,
            "forcediffimfluxunc": 59.06919479370117,
            "magzpsci": 26.25309944152832
        },
        {
            "objectid": "ZTF24aaymkrs",
            "jd": 2460572.8159144,
            "ranr": 3.0888288,
            "decnr": 31.063009,
            "fid": 1,
            "forcediffimflux": 661.5488891601562,
            "forcediffimfluxunc": 70.28956604003906,
            "magzpsci": 26.327999114990234
        },
        {
            "objectid": "ZTF24aaymkrs",
            "jd": 2460575.7576852,
            "ranr": 3.090697,
            "decnr": 31.0633872,
            "fid": 3,
            "forcediffimflux": 1126.0501708984375,
            "forcediffimfluxunc": 31.901567459106445,
            "magzpsci": 25.54010009765625
        },
        {
            "objectid": "ZTF24aaymkrs",
            "jd": 2460575.8060764,
            "ranr": 3.0888288,
            "decnr": 31.063009,
            "fid": 1,
            "forcediffimflux": 649.4783935546875,
            "forcediffimfluxunc": 43.357784271240234,
            "magzpsci": 26.3346004486084
        },
        {
            "objectid": "ZTF24aaymkrs",
            "jd": 2460575.8256829,
            "ranr": 3.0892895,
            "decnr": 31.0634718,
            "fid": 2,
            "forcediffimflux": 1632.04052734375,
            "forcediffimfluxunc": 37.61496353149414,
            "magzpsci": 26.249099731445312
        },
        {
            "objectid": "ZTF24aaymkrs",
            "jd": 2460576.6994097,
            "ranr": 3.0892895,
            "decnr": 31.0634718,
            "fid": 2,
            "forcediffimflux": 1528.2867431640625,
            "forcediffimfluxunc": 32.75508499145508,
            "magzpsci": 26.180099487304688
        },
        {
            "objectid": "ZTF24aaymkrs",
            "jd": 2460576.7626042,
            "ranr": 3.0888288,
            "decnr": 31.063009,
            "fid": 1,
            "forcediffimflux": 615.020263671875,
            "forcediffimfluxunc": 35.362857818603516,
            "magzpsci": 26.311899185180664
        },
        {
            "objectid": "ZTF24aaymkrs",
            "jd": 2460576.7919097,
            "ranr": 3.090697,
            "decnr": 31.0633872,
            "fid": 3,
            "forcediffimflux": 252.6962127685547,
            "forcediffimfluxunc": 13.29477310180664,
            "magzpsci": 25.549800872802734
        },
        {
            "objectid": "ZTF24aaymkrs",
            "jd": 2460577.7617593,
            "ranr": 3.0892895,
            "decnr": 31.0634718,
            "fid": 2,
            "forcediffimflux": 1519.211181640625,
            "forcediffimfluxunc": 31.182987213134766,
            "magzpsci": 26.232900619506836
        },
        {
            "objectid": "ZTF24aaymkrs",
            "jd": 2460577.7906944,
            "ranr": 3.090697,
            "decnr": 31.0633872,
            "fid": 3,
            "forcediffimflux": 1066.1513671875,
            "forcediffimfluxunc": 30.47402000427246,
            "magzpsci": 25.558900833129883
        },
        {
            "objectid": "ZTF24aaymkrs",
            "jd": 2460577.8490625,
            "ranr": 3.0888288,
            "decnr": 31.063009,
            "fid": 1,
            "forcediffimflux": 610.0411987304688,
            "forcediffimfluxunc": 34.41937255859375,
            "magzpsci": 26.332700729370117
        },
        {
            "objectid": "ZTF24aaymkrs",
            "jd": 2460579.7661574,
            "ranr": 3.0892895,
            "decnr": 31.0634718,
            "fid": 2,
            "forcediffimflux": 1359.9945068359375,
            "forcediffimfluxunc": 31.21551513671875,
            "magzpsci": 26.228900909423828
        },
        {
            "objectid": "ZTF24aaymkrs",
            "jd": 2460579.8361921,
            "ranr": 3.0888288,
            "decnr": 31.063009,
            "fid": 1,
            "forcediffimflux": 548.452880859375,
            "forcediffimfluxunc": 27.108177185058594,
            "magzpsci": 26.32990074157715
        },
        {
            "objectid": "ZTF24aaymkrs",
            "jd": 2460581.9515278,
            "ranr": 3.0892895,
            "decnr": 31.0634718,
            "fid": 2,
            "forcediffimflux": 1256.3953857421875,
            "forcediffimfluxunc": 32.036376953125,
            "magzpsci": 26.22599983215332
        },
        {
            "objectid": "ZTF24aaymkrs",
            "jd": 2460583.8873148,
            "ranr": 3.0888288,
            "decnr": 31.063009,
            "fid": 1,
            "forcediffimflux": 490.9178466796875,
            "forcediffimfluxunc": 23.92673110961914,
            "magzpsci": 26.32229995727539
        },
        {
            "objectid": "ZTF24aaymkrs",
            "jd": 2460583.9082639,
            "ranr": 3.0892895,
            "decnr": 31.0634718,
            "fid": 2,
            "forcediffimflux": 1195.0218505859375,
            "forcediffimfluxunc": 27.603862762451172,
            "magzpsci": 26.243999481201172
        },
        {
            "objectid": "ZTF24aaymkrs",
            "jd": 2460592.7388426,
            "ranr": 3.0892895,
            "decnr": 31.0634718,
            "fid": 2,
            "forcediffimflux": 1095.1812744140625,
            "forcediffimfluxunc": 25.894256591796875,
            "magzpsci": 26.256500244140625
        },
        {
            "objectid": "ZTF24aaymkrs",
            "jd": 2460592.8668519,
            "ranr": 3.0888288,
            "decnr": 31.063009,
            "fid": 1,
            "forcediffimflux": 479.8494873046875,
            "forcediffimfluxunc": 30.535005569458008,
            "magzpsci": 26.327899932861328
        },
        {
            "objectid": "ZTF24aaymkrs",
            "jd": 2460594.7177315,
            "ranr": 3.0892895,
            "decnr": 31.0634718,
            "fid": 2,
            "forcediffimflux": 910.6116333007812,
            "forcediffimfluxunc": 36.004127502441406,
            "magzpsci": 26.25279998779297
        },
        {
            "objectid": "ZTF24aaymkrs",
            "jd": 2460594.8056019,
            "ranr": 3.0888288,
            "decnr": 31.063009,
            "fid": 1,
            "forcediffimflux": 482.81695556640625,
            "forcediffimfluxunc": 25.116825103759766,
            "magzpsci": 26.349199295043945
        },
        {
            "objectid": "ZTF24aaymkrs",
            "jd": 2460596.7199769,
            "ranr": 3.0888288,
            "decnr": 31.063009,
            "fid": 1,
            "forcediffimflux": 477.9597473144531,
            "forcediffimfluxunc": 36.74325180053711,
            "magzpsci": 26.342500686645508
        },
        {
            "objectid": "ZTF24aaymkrs",
            "jd": 2460596.845787,
            "ranr": 3.0892895,
            "decnr": 31.0634718,
            "fid": 2,
            "forcediffimflux": 1035.1981201171875,
            "forcediffimfluxunc": 31.178340911865234,
            "magzpsci": 26.26569938659668
        },
        {
            "objectid": "ZTF24aaymkrs",
            "jd": 2460598.7469792,
            "ranr": 3.0888288,
            "decnr": 31.063009,
            "fid": 1,
            "forcediffimflux": 496.22607421875,
            "forcediffimfluxunc": 60.55442428588867,
            "magzpsci": 26.319000244140625
        },
        {
            "objectid": "ZTF24aaymkrs",
            "jd": 2460598.8234375,
            "ranr": 3.0892895,
            "decnr": 31.0634718,
            "fid": 2,
            "forcediffimflux": 949.9893798828125,
            "forcediffimfluxunc": 53.801387786865234,
            "magzpsci": 26.258699417114258
        },
        {
            "objectid": "ZTF24aaymkrs",
            "jd": 2460600.7198958,
            "ranr": 3.0892895,
            "decnr": 31.0634718,
            "fid": 2,
            "forcediffimflux": 1074.7474365234375,
            "forcediffimfluxunc": 92.47832489013672,
            "magzpsci": 26.277000427246094
        },
        {
            "objectid": "ZTF24aaymkrs",
            "jd": 2460600.7889236,
            "ranr": 3.0888288,
            "decnr": 31.063009,
            "fid": 1,
            "forcediffimflux": 523.9801635742188,
            "forcediffimfluxunc": 102.26801300048828,
            "magzpsci": 26.353900909423828
        },
        {
            "objectid": "ZTF24aaymkrs",
            "jd": 2460603.7601505,
            "ranr": 3.0888288,
            "decnr": 31.063009,
            "fid": 1,
            "forcediffimflux": 402.09735107421875,
            "forcediffimfluxunc": 54.81958770751953,
            "magzpsci": 26.380300521850586
        },
        {
            "objectid": "ZTF24aaymkrs",
            "jd": 2460607.7058796,
            "ranr": 3.0892895,
            "decnr": 31.0634718,
            "fid": 2,
            "forcediffimflux": 941.91943359375,
            "forcediffimfluxunc": 26.86115074157715,
            "magzpsci": 26.274099349975586
        },
        {
            "objectid": "ZTF24aaymkrs",
            "jd": 2460607.7278935,
            "ranr": 3.0888288,
            "decnr": 31.063009,
            "fid": 1,
            "forcediffimflux": 391.54736328125,
            "forcediffimfluxunc": 22.888673782348633,
            "magzpsci": 26.3612003326416
        },
        {
            "objectid": "ZTF24aaymkrs",
            "jd": 2460609.7395949,
            "ranr": 3.0888288,
            "decnr": 31.063009,
            "fid": 1,
            "forcediffimflux": 400.73272705078125,
            "forcediffimfluxunc": 27.172134399414062,
            "magzpsci": 26.380599975585938
        }
    ]
}