{
    "objectId": "ZTF20abkhtev",
    "candidates": [
        {
            "candid": 1286376042015015003,
            "jd": 2459040.8760417,
            "ra": 326.1435416,
            "dec": -24.602828,
            "fid": 2,
            "nid": 1286,
            "magpsf": 17.877199172973633,
            "sigmapsf": 0.06852199882268906,
            "magnr": 17.969999313354492,
            "sigmagnr": 0.10899999737739563,
            "magzpsci": 26.2362003326416,
            "isdiffpos": "t",
            "ssdistnr": -999.0,
            "ssnamenr": "null",
            "drb": 0.999875009059906
        },
        {
            "candid": 1286479972015015002,
            "jd": 2459040.9799769,
            "ra": 326.1434902,
            "dec": -24.6027833,
            "fid": 1,
            "nid": 1286,
            "magpsf": 18.706100463867188,
            "sigmapsf": 0.1359650045633316,
            "magnr": 18.37700080871582,
            "sigmagnr": 0.11599999666213989,
            "magzpsci": 26.182100296020508,
            "isdiffpos": "t",
            "ssdistnr": -999.0,
            "ssnamenr": "-999.0",
            "drb": null
        },
        {
            "candid": 1294396782015015009,
            "jd": 2459048.8967824,
            "ra": 326.1435547,
            "dec": -24.6028192,
            "fid": 2,
            "nid": 1294,
            "magpsf": 18.151100158691406,
            "sigmapsf": 0.049212999641895294,
            "magnr": 17.969999313354492,
            "sigmagnr": 0.10899999737739563,
            "magzpsci": 26.270099639892578,
            "isdiffpos": "t",
            "ssdistnr": -999.0,
            "ssnamenr": "null",
            "drb": 0.9998630285263062
        },
        {
            "candid": 1294439392015015012,
            "jd": 2459048.9393981,
            "ra": 326.1435137,
            "dec": -24.6028609,
            "fid": 1,
            "nid": 1294,
            "magpsf": 19.147300720214844,
            "sigmapsf": 0.1372700035572052,
            "magnr": 18.37700080871582,
            "sigmagnr": 0.11599999666213989,
            "magzpsci": 26.2273006439209,
            "isdiffpos": "t",
            "ssdistnr": -999.0,
            "ssnamenr": "null",
            "drb": 0.999530017375946
        },
        {
            "candid": 1298375852015015008,
            "jd": 2459052.8758565,
            "ra": 326.1435412,
            "dec": -24.6028287,
            "fid": 2,
            "nid": 1298,
            "magpsf": 18.274799346923828,
            "sigmapsf": 0.059748999774456024,
            "magnr": 17.969999313354492,
            "sigmagnr": 0.10899999737739563,
            "magzpsci": 26.274799346923828,
            "isdiffpos": "t",
            "ssdistnr": -999.0,
            "ssnamenr": "null",
            "drb": 0.9907730221748352
        },
        {
            "candid": 1298439312015015010,
            "jd": 2459052.9393171,
            "ra": 326.1435294,
            "dec": -24.6028335,
            "fid": 1,
            "nid": 1298,
            "magpsf": 19.302499771118164,
            "sigmapsf": 0.10368599742650986,
            "magnr": 18.37700080871582,
            "sigmagnr": 0.11599999666213989,
            "magzpsci": 26.186500549316406,
            "isdiffpos": "t",
            "ssdistnr": -999.0,
            "ssnamenr": "null",
            "drb": 0.9812459945678711
        }
    ],
    "forcedphot": []
}