{
    "objectId": "ZTF23abnpoqp",
    "candidates": [
        {
            "candid": 2485266355715015023,
            "jd": 2460239.7663542,
            "ra": 356.4630557,
            "dec": -6.7822321,
            "fid": 1,
            "nid": 2485,
            "magpsf": 20.639299392700195,
            "sigmapsf": 0.3009600043296814,
            "magnr": 19.35300064086914,
            "sigmagnr": 0.11699999868869781,
            "magzpsci": 26.307300567626953,
            "isdiffpos": "t",
            "ssdistnr": null,
            "ssnamenr": null,
            "drb": null
        },
        {
            "candid": 2491214955715015013,
            "jd": 2460245.7149537,
            "ra": 356.463161,
            "dec": -6.7822384,
            "fid": 2,
            "nid": 2491,
            "magpsf": 19.123300552368164,
            "sigmapsf": 0.17618699371814728,
            "magnr": 18.812000274658203,
            "sigmagnr": 0.11900000274181366,
            "magzpsci": 26.19930076599121,
            "isdiffpos": "t",
            "ssdistnr": null,
            "ssnamenr": null,
            "drb": null
        },
        {
            "candid": 2495190605715015010,
            "jd": 2460249.6906019,
            "ra": 356.4631379,
            "dec": -6.7822304,
            "fid": 2,
            "nid": 2495,
            "magpsf": 18.839599609375,
            "sigmapsf": 0.13550500571727753,
            "magnr": 18.812000274658203,
            "sigmagnr": 0.11900000274181366,
            "magzpsci": 26.19860076904297,
            "isdiffpos": "t",
            "ssdistnr": null,
            "ssnamenr": null,
            "drb": null
        },
        {
            "candid": 2495245675715015010,
            "jd": 2460249.7456713,
            "ra": 356.4630912,
            "dec": -6.7822388,
            "fid": 1,
            "nid": 2495,
            "magpsf": 19.189699172973633,
            "sigmapsf": 0.18925799429416656,
            "magnr": 19.35300064086914,
            "sigmagnr": 0.11699999868869781,
            "magzpsci": 26.12070083618164,
            "isdiffpos": "t",
            "ssdistnr": null,
            "ssnamenr": null,
            "drb": null
        },
        {
            "candid": 2497144515715015014,
            "jd": 2460251.6445139,
            "ra": 356.4631421,
            "dec": -6.7822424,
            "fid": 1,
            "nid": 2497,
            "magpsf": 19.13909912109375,
            "sigmapsf": 0.12061899900436401,
            "magnr": 19.35300064086914,
            "sigmagnr": 0.11699999868869781,
            "magzpsci": 26.263099670410156,
            "isdiffpos": "t",
            "ssdistnr": null,
            "ssnamenr": null,
            "drb": null
        },
        {
            "candid": 2497170125715015011,
            "jd": 2460251.6701273,
            "ra": 356.4631467,
            "dec": -6.7822578,
            "fid": 2,
            "nid": 2497,
            "magpsf": 18.828800201416016,
            "sigmapsf": 0.08949600160121918,
            "magnr": 18.812000274658203,
            "sigmagnr": 0.11900000274181366,
            "magzpsci": 26.18779945373535,
            "isdiffpos": "t",
            "ssdistnr": null,
            "ssnamenr": null,
            "drb": null
        },
        {
            "candid": 2499227175715015019,
            "jd": 2460253.7271759,
            "ra": 356.4631542,
            "dec": -6.7822668,
            "fid": 1,
            "nid": 2499,
            "magpsf": 19.24250030517578,
            "sigmapsf": 0.11772699654102325,
            "magnr": 19.35300064086914,
            "sigmagnr": 0.11699999868869781,
            "magzpsci": 26.284500122070312,
            "isdiffpos": "t",
            "ssdistnr": null,
            "ssnamenr": null,
            "drb": null
        },
        {
            "candid": 2501190195715015021,
            "jd": 2460255.6901968,
            "ra": 356.4631412,
            "dec": -6.7821989,
            "fid": 1,
            "nid": 2501,
            "magpsf": 19.51420021057129,
            "sigmapsf": 0.13552899658679962,
            "magnr": 19.35300064086914,
            "sigmagnr": 0.11699999868869781,
            "magzpsci": 26.300199508666992,
            "isdiffpos": "t",
            "ssdistnr": null,
            "ssnamenr": null,
            "drb": null
        },
        {
            "candid": 2501252735715015021,
            "jd": 2460255.7527315,
            "ra": 356.4631454,
            "dec": -6.7822157,
            "fid": 2,
            "nid": 2501,
            "magpsf": 18.876300811767578,
            "sigmapsf": 0.1058180034160614,
            "magnr": 18.812000274658203,
            "sigmagnr": 0.11900000274181366,
            "magzpsci": 26.187299728393555,
            "isdiffpos": "t",
            "ssdistnr": null,
            "ssnamenr": null,
            "drb": null
        },
        {
            "candid": 2504163565715015008,
            "jd": 2460258.6635648,
            "ra": 356.4629669,
            "dec": -6.7823204,
            "fid": 1,
            "nid": 2504,
            "magpsf": 19.804500579833984,
            "sigmapsf": 0.2678320109844208,
            "magnr": 19.35300064086914,
            "sigmagnr": 0.11699999868869781,
            "magzpsci": 26.213499069213867,
            "isdiffpos": "t",
            "ssdistnr": null,
            "ssnamenr": null,
            "drb": null
        },
        {
            "candid": 2506162885715015015,
            "jd": 2460260.6628819,
            "ra": 356.4630657,
            "dec": -6.7823422,
            "fid": 1,
            "nid": 2506,
            "magpsf": 19.968158721923828,
            "sigmapsf": 0.18019497394561768,
            "magnr": 19.35300064086914,
            "sigmagnr": 0.11699999868869781,
            "magzpsci": 26.290157318115234,
            "isdiffpos": "t",
            "ssdistnr": -999.0,
            "ssnamenr": "null",
            "drb": null
        },
        {
            "candid": 2506199365715015014,
            "jd": 2460260.6993634,
            "ra": 356.4631307,
            "dec": -6.7822411,
            "fid": 2,
            "nid": 2506,
            "magpsf": 19.17047691345215,
            "sigmapsf": 0.1432163566350937,
            "magnr": 18.812000274658203,
            "sigmagnr": 0.11900000274181366,
            "magzpsci": 26.182477951049805,
            "isdiffpos": "t",
            "ssdistnr": -999.0,
            "ssnamenr": "null",
            "drb": null
        },
        {
            "jd": 2460217.7715046,
            "fid": 2,
            "diffmaglim": 18.82390022277832
        },
        {
            "jd": 2460221.7797454,
            "fid": 2,
            "diffmaglim": 19.744699478149414
        },
        {
            "jd": 2460221.8588194,
            "fid": 1,
            "diffmaglim": 19.65690040588379
        },
        {
            "jd": 2460223.7105903,
            "fid": 2,
            "diffmaglim": 19.7544002532959
        },
        {
            "jd": 2460223.8172685,
            "fid": 1,
            "diffmaglim": 19.91699981689453
        },
        {
            "jd": 2460226.7733102,
            "fid": 2,
            "diffmaglim": 20.244699478149414
        },
        {
            "jd": 2460226.8378356,
            "fid": 1,
            "diffmaglim": 20.366100311279297
        },
        {
            "jd": 2460228.7497454,
            "fid": 1,
            "diffmaglim": 20.302099227905273
        },
        {
            "jd": 2460228.7743287,
            "fid": 2,
            "diffmaglim": 20.21269989013672
        },
        {
            "jd": 2460231.7196296,
            "fid": 1,
            "diffmaglim": 20.13920021057129
        },
        {
            "jd": 2460231.8198032,
            "fid": 2,
            "diffmaglim": 20.18000030517578
        },
        {
            "jd": 2460233.6684491,
            "fid": 2,
            "diffmaglim": 19.974599838256836
        },
        {
            "jd": 2460233.7118171,
            "fid": 1,
            "diffmaglim": 20.06060028076172
        },
        {
            "jd": 2460235.6920833,
            "fid": 1,
            "diffmaglim": 20.367799758911133
        },
        {
            "jd": 2460235.8108681,
            "fid": 2,
            "diffmaglim": 20.166799545288086
        },
        {
            "jd": 2460237.7313889,
            "fid": 1,
            "diffmaglim": 20.44849967956543
        },
        {
            "jd": 2460239.8387963,
            "fid": 2,
            "diffmaglim": 20.127899169921875
        },
        {
            "jd": 2460245.7928704,
            "fid": 1,
            "diffmaglim": 18.737300872802734
        },
        {
            "jd": 2460247.6194676,
            "fid": 1,
            "diffmaglim": 18.33769989013672
        },
        {
            "jd": 2460247.6494213,
            "fid": 2,
            "diffmaglim": 18.801799774169922
        },
        {
            "jd": 2460253.7831597,
            "fid": 2,
            "diffmaglim": 20.076200485229492
        },
        {
            "jd": 2460258.731956,
            "fid": 2,
            "diffmaglim": 18.31279945373535
        }
    ],
    "forcedphot": [
        {
            "objectid": "ZTF23abnpoqp",
            "jd": 2460217.6416782,
            "ranr": -99999.0,
            "decnr": -99999.0,
            "fid": 1,
            "forcediffimflux": -99999.0,
            "forcediffimfluxunc": -99999.0,
            "magzpsci": 26.048799514770508
        },
        {
            "objectid": "ZTF23abnpoqp",
            "jd": 2460217.8209954,
            "ranr": -99999.0,
            "decnr": -99999.0,
            "fid": 2,
            "forcediffimflux": -99999.0,
            "forcediffimfluxunc": -99999.0,
            "magzpsci": 26.236099243164062
        },
        {
            "objectid": "ZTF23abnpoqp",
            "jd": 2460221.7797454,
            "ranr": 356.462533,
            "decnr": -6.7817883,
            "fid": 2,
            "forcediffimflux": 40.139854431152344,
            "forcediffimfluxunc": 46.190467834472656,
            "magzpsci": 26.177900314331055
        },
        {
            "objectid": "ZTF23abnpoqp",
            "jd": 2460221.8597685,
            "ranr": -99999.0,
            "decnr": -99999.0,
            "fid": 1,
            "forcediffimflux": -99999.0,
            "forcediffimfluxunc": -99999.0,
            "magzpsci": 26.187700271606445
        },
        {
            "objectid": "ZTF23abnpoqp",
            "jd": 2460223.7105903,
            "ranr": 356.462533,
            "decnr": -6.7817883,
            "fid": 2,
            "forcediffimflux": 81.26700592041016,
            "forcediffimfluxunc": 50.25054168701172,
            "magzpsci": 26.167299270629883
        },
        {
            "objectid": "ZTF23abnpoqp",
            "jd": 2460223.8172685,
            "ranr": 356.4636792,
            "decnr": -6.7826006,
            "fid": 1,
            "forcediffimflux": 36.733070373535156,
            "forcediffimfluxunc": 46.077728271484375,
            "magzpsci": 26.246700286865234
        },
        {
            "objectid": "ZTF23abnpoqp",
            "jd": 2460226.7907176,
            "ranr": -99999.0,
            "decnr": -99999.0,
            "fid": 2,
            "forcediffimflux": -99999.0,
            "forcediffimfluxunc": -99999.0,
            "magzpsci": 26.22170066833496
        },
        {
            "objectid": "ZTF23abnpoqp",
            "jd": 2460226.8401852,
            "ranr": -99999.0,
            "decnr": -99999.0,
            "fid": 1,
            "forcediffimflux": -99999.0,
            "forcediffimfluxunc": -99999.0,
            "magzpsci": 26.28030014038086
        },
        {
            "objectid": "ZTF23abnpoqp",
            "jd": 2460228.7497454,
            "ranr": 356.4636792,
            "decnr": -6.7826006,
            "fid": 1,
            "forcediffimflux": -40.361270904541016,
            "forcediffimfluxunc": 35.83330535888672,
            "magzpsci": 26.309499740600586
        },
        {
            "objectid": "ZTF23abnpoqp",
            "jd": 2460228.7743287,
            "ranr": 356.462533,
            "decnr": -6.7817883,
            "fid": 2,
            "forcediffimflux": -51.41694641113281,
            "forcediffimfluxunc": 32.43376922607422,
            "magzpsci": 26.186599731445312
        },
        {
            "objectid": "ZTF23abnpoqp",
            "jd": 2460231.7196296,
            "ranr": 356.4636792,
            "decnr": -6.7826006,
            "fid": 1,
            "forcediffimflux": -30.185802459716797,
            "forcediffimfluxunc": 35.932769775390625,
            "magzpsci": 26.26650047302246
        },
        {
            "objectid": "ZTF23abnpoqp",
            "jd": 2460231.8221644,
            "ranr": -99999.0,
            "decnr": -99999.0,
            "fid": 2,
            "forcediffimflux": -99999.0,
            "forcediffimfluxunc": -99999.0,
            "magzpsci": 26.213199615478516
        },
        {
            "objectid": "ZTF23abnpoqp",
            "jd": 2460233.6684491,
            "ranr": 356.462533,
            "decnr": -6.7817883,
            "fid": 2,
            "forcediffimflux": -27.41081428527832,
            "forcediffimfluxunc": 35.6240348815918,
            "magzpsci": 26.171600341796875
        },
        {
            "objectid": "ZTF23abnpoqp",
            "jd": 2460233.7141782,
            "ranr": -99999.0,
            "decnr": -99999.0,
            "fid": 1,
            "forcediffimflux": -99999.0,
            "forcediffimfluxunc": -99999.0,
            "magzpsci": 26.3125
        },
        {
            "objectid": "ZTF23abnpoqp",
            "jd": 2460235.6925579,
            "ranr": -99999.0,
            "decnr": -99999.0,
            "fid": 1,
            "forcediffimflux": -99999.0,
            "forcediffimfluxunc": -99999.0,
            "magzpsci": 26.207000732421875
        },
        {
            "objectid": "ZTF23abnpoqp",
            "jd": 2460235.8108681,
            "ranr": 356.462533,
            "decnr": -6.7817883,
            "fid": 2,
            "forcediffimflux": -21.147613525390625,
            "forcediffimfluxunc": 33.900997161865234,
            "magzpsci": 26.180999755859375
        },
        {
            "objectid": "ZTF23abnpoqp",
            "jd": 2460237.7050116,
            "ranr": -99999.0,
            "decnr": -99999.0,
            "fid": 2,
            "forcediffimflux": -99999.0,
            "forcediffimfluxunc": -99999.0,
            "magzpsci": 26.16830062866211
        },
        {
            "objectid": "ZTF23abnpoqp",
            "jd": 2460237.7313889,
            "ranr": 356.4636792,
            "decnr": -6.7826006,
            "fid": 1,
            "forcediffimflux": 62.69956970214844,
            "forcediffimfluxunc": 28.578449249267578,
            "magzpsci": 26.2283992767334
        },
        {
            "objectid": "ZTF23abnpoqp",
            "jd": 2460239.7766435,
            "ranr": -99999.0,
            "decnr": -99999.0,
            "fid": 1,
            "forcediffimflux": -99999.0,
            "forcediffimfluxunc": -99999.0,
            "magzpsci": 26.24650001525879
        },
        {
            "objectid": "ZTF23abnpoqp",
            "jd": 2460239.8392593,
            "ranr": -99999.0,
            "decnr": -99999.0,
            "fid": 2,
            "forcediffimflux": -99999.0,
            "forcediffimfluxunc": -99999.0,
            "magzpsci": 26.21470069885254
        },
        {
            "objectid": "ZTF23abnpoqp",
            "jd": 2460245.6856134,
            "ranr": -99999.0,
            "decnr": -99999.0,
            "fid": 2,
            "forcediffimflux": -99999.0,
            "forcediffimfluxunc": -99999.0,
            "magzpsci": 26.244699478149414
        },
        {
            "objectid": "ZTF23abnpoqp",
            "jd": 2460245.7149537,
            "ranr": 356.462533,
            "decnr": -6.7817883,
            "fid": 2,
            "forcediffimflux": 663.8145141601562,
            "forcediffimfluxunc": 81.86693572998047,
            "magzpsci": 26.19930076599121
        },
        {
            "objectid": "ZTF23abnpoqp",
            "jd": 2460245.7928704,
            "ranr": 356.4636792,
            "decnr": -6.7826006,
            "fid": 1,
            "forcediffimflux": 682.223876953125,
            "forcediffimfluxunc": 123.61257934570312,
            "magzpsci": 26.257600784301758
        },
        {
            "objectid": "ZTF23abnpoqp",
            "jd": 2460247.6494213,
            "ranr": 356.462533,
            "decnr": -6.7817883,
            "fid": 2,
            "forcediffimflux": 431.0771179199219,
            "forcediffimfluxunc": 114.3702163696289,
            "magzpsci": 26.190200805664062
        },
        {
            "objectid": "ZTF23abnpoqp",
            "jd": 2460249.6906019,
            "ranr": 356.462533,
            "decnr": -6.7817883,
            "fid": 2,
            "forcediffimflux": 842.7731323242188,
            "forcediffimfluxunc": 63.87575912475586,
            "magzpsci": 26.19860076904297
        },
        {
            "objectid": "ZTF23abnpoqp",
            "jd": 2460249.7456713,
            "ranr": 356.4636792,
            "decnr": -6.7826006,
            "fid": 1,
            "forcediffimflux": 553.0872192382812,
            "forcediffimfluxunc": 74.53331756591797,
            "magzpsci": 26.12070083618164
        },
        {
            "objectid": "ZTF23abnpoqp",
            "jd": 2460250.6679167,
            "ranr": -99999.0,
            "decnr": -99999.0,
            "fid": 1,
            "forcediffimflux": -99999.0,
            "forcediffimfluxunc": -99999.0,
            "magzpsci": 26.217500686645508
        },
        {
            "objectid": "ZTF23abnpoqp",
            "jd": 2460250.7760532,
            "ranr": -99999.0,
            "decnr": -99999.0,
            "fid": 2,
            "forcediffimflux": -99999.0,
            "forcediffimfluxunc": -99999.0,
            "magzpsci": 26.151100158691406
        },
        {
            "objectid": "ZTF23abnpoqp",
            "jd": 2460251.6445139,
            "ranr": 356.4636792,
            "decnr": -6.7826006,
            "fid": 1,
            "forcediffimflux": 691.8895263671875,
            "forcediffimfluxunc": 39.59109878540039,
            "magzpsci": 26.263099670410156
        },
        {
            "objectid": "ZTF23abnpoqp",
            "jd": 2460251.6701273,
            "ranr": 356.462533,
            "decnr": -6.7817883,
            "fid": 2,
            "forcediffimflux": 833.1904907226562,
            "forcediffimfluxunc": 37.80276107788086,
            "magzpsci": 26.18779945373535
        },
        {
            "objectid": "ZTF23abnpoqp",
            "jd": 2460252.6893981,
            "ranr": -99999.0,
            "decnr": -99999.0,
            "fid": 1,
            "forcediffimflux": -99999.0,
            "forcediffimfluxunc": -99999.0,
            "magzpsci": 26.214599609375
        },
        {
            "objectid": "ZTF23abnpoqp",
            "jd": 2460252.7773611,
            "ranr": -99999.0,
            "decnr": -99999.0,
            "fid": 2,
            "forcediffimflux": -99999.0,
            "forcediffimfluxunc": -99999.0,
            "magzpsci": 26.144800186157227
        },
        {
            "objectid": "ZTF23abnpoqp",
            "jd": 2460253.7271759,
            "ranr": 356.4636792,
            "decnr": -6.7826006,
            "fid": 1,
            "forcediffimflux": 637.9859619140625,
            "forcediffimfluxunc": 33.822425842285156,
            "magzpsci": 26.284500122070312
        },
        {
            "objectid": "ZTF23abnpoqp",
            "jd": 2460253.7831597,
            "ranr": 356.462533,
            "decnr": -6.7817883,
            "fid": 2,
            "forcediffimflux": 946.5188598632812,
            "forcediffimfluxunc": 40.09600830078125,
            "magzpsci": 26.181100845336914
        },
        {
            "objectid": "ZTF23abnpoqp",
            "jd": 2460254.6462384,
            "ranr": -99999.0,
            "decnr": -99999.0,
            "fid": 2,
            "forcediffimflux": -99999.0,
            "forcediffimfluxunc": -99999.0,
            "magzpsci": 26.24449920654297
        },
        {
            "objectid": "ZTF23abnpoqp",
            "jd": 2460254.7010185,
            "ranr": -99999.0,
            "decnr": -99999.0,
            "fid": 1,
            "forcediffimflux": -99999.0,
            "forcediffimfluxunc": -99999.0,
            "magzpsci": 26.353700637817383
        },
        {
            "objectid": "ZTF23abnpoqp",
            "jd": 2460255.6901968,
            "ranr": 356.4636792,
            "decnr": -6.7826006,
            "fid": 1,
            "forcediffimflux": 493.7952575683594,
            "forcediffimfluxunc": 32.80825424194336,
            "magzpsci": 26.300199508666992
        },
        {
            "objectid": "ZTF23abnpoqp",
            "jd": 2460255.7527315,
            "ranr": 356.462533,
            "decnr": -6.7817883,
            "fid": 2,
            "forcediffimflux": 781.05126953125,
            "forcediffimfluxunc": 43.01137161254883,
            "magzpsci": 26.187299728393555
        },
        {
            "objectid": "ZTF23abnpoqp",
            "jd": 2460257.6691319,
            "ranr": -99999.0,
            "decnr": -99999.0,
            "fid": 2,
            "forcediffimflux": -99999.0,
            "forcediffimfluxunc": -99999.0,
            "magzpsci": 26.162700653076172
        },
        {
            "objectid": "ZTF23abnpoqp",
            "jd": 2460257.8201968,
            "ranr": -99999.0,
            "decnr": -99999.0,
            "fid": 1,
            "forcediffimflux": -99999.0,
            "forcediffimfluxunc": -99999.0,
            "magzpsci": 26.087600708007812
        },
        {
            "objectid": "ZTF23abnpoqp",
            "jd": 2460258.6635648,
            "ranr": 356.4636792,
            "decnr": -6.7826006,
            "fid": 1,
            "forcediffimflux": 342.2664794921875,
            "forcediffimfluxunc": 49.44805145263672,
            "magzpsci": 26.213499069213867
        },
        {
            "objectid": "ZTF23abnpoqp",
            "jd": 2460259.6903241,
            "ranr": -99999.0,
            "decnr": -99999.0,
            "fid": 1,
            "forcediffimflux": -99999.0,
            "forcediffimfluxunc": -99999.0,
            "magzpsci": 25.943500518798828
        },
        {
            "objectid": "ZTF23abnpoqp",
            "jd": 2460259.7312847,
            "ranr": -99999.0,
            "decnr": -99999.0,
            "fid": 2,
            "forcediffimflux": -99999.0,
            "forcediffimfluxunc": -99999.0,
            "magzpsci": 26.233800888061523
        },
        {
            "objectid": "ZTF23abnpoqp",
            "jd": 2460260.6628819,
            "ranr": 356.4636792,
            "decnr": -6.7826006,
            "fid": 1,
            "forcediffimflux": 336.16253662109375,
            "forcediffimfluxunc": 37.09535598754883,
            "magzpsci": 26.290199279785156
        }
    ]
}