{
    "objectId": "ZTF23aacxtsd",
    "candidates": [
        {
            "candid": 2259193646215015002,
            "jd": 2460013.6936458,
            "ra": 69.1475328,
            "dec": -0.1491515,
            "fid": 2,
            "nid": 2259,
            "magpsf": 16.975200653076172,
            "sigmapsf": 0.044592998921871185,
            "magnr": 18.930999755859375,
            "sigmagnr": 0.05299999937415123,
            "magzpsci": 26.09119987487793,
            "isdiffpos": "t",
            "ssdistnr": null,
            "ssnamenr": null,
            "drb": 0.9999805688858032
        },
        {
            "candid": 2266145376215015001,
            "jd": 2460020.6453704,
            "ra": 69.1475012,
            "dec": -0.1491466,
            "fid": 1,
            "nid": 2266,
            "magpsf": 17.545642852783203,
            "sigmapsf": 0.052333757281303406,
            "magnr": 19.2810001373291,
            "sigmagnr": 0.061000000685453415,
            "magzpsci": 26.102642059326172,
            "isdiffpos": "t",
            "ssdistnr": -999.0,
            "ssnamenr": "null",
            "drb": null
        },
        {
            "candid": 2424484596215015004,
            "jd": 2460178.9845949,
            "ra": 69.1475733,
            "dec": -0.1491317,
            "fid": 2,
            "nid": 2424,
            "magpsf": 19.944799423217773,
            "sigmapsf": 0.1300940066576004,
            "magnr": 18.930999755859375,
            "sigmagnr": 0.05299999937415123,
            "magzpsci": 26.111799240112305,
            "isdiffpos": "t",
            "ssdistnr": null,
            "ssnamenr": null,
            "drb": 0.9998910427093506
        },
        {
            "candid": 2430481816215015005,
            "jd": 2460184.9818171,
            "ra": 69.1474798,
            "dec": -0.1491248,
            "fid": 2,
            "nid": 2430,
            "magpsf": 20.072999954223633,
            "sigmapsf": 0.18993400037288666,
            "magnr": 18.930999755859375,
            "sigmagnr": 0.05299999937415123,
            "magzpsci": 26.118999481201172,
            "isdiffpos": "t",
            "ssdistnr": null,
            "ssnamenr": null,
            "drb": null
        },
        {
            "candid": 2440495016215015005,
            "jd": 2460194.9950116,
            "ra": 69.1475197,
            "dec": -0.1491229,
            "fid": 2,
            "nid": 2440,
            "magpsf": 20.135499954223633,
            "sigmapsf": 0.245511993765831,
            "magnr": 18.930999755859375,
            "sigmagnr": 0.05299999937415123,
            "magzpsci": 26.15850067138672,
            "isdiffpos": "t",
            "ssdistnr": null,
            "ssnamenr": null,
            "drb": null
        },
        {
            "candid": 2444478466215015004,
            "jd": 2460198.9784606,
            "ra": 69.1475687,
            "dec": -0.1491108,
            "fid": 2,
            "nid": 2444,
            "magpsf": 20.021299362182617,
            "sigmapsf": 0.1934410035610199,
            "magnr": 18.930999755859375,
            "sigmagnr": 0.05299999937415123,
            "magzpsci": 26.123300552368164,
            "isdiffpos": "t",
            "ssdistnr": null,
            "ssnamenr": null,
            "drb": null
        },
        {
            "candid": 2447444126215015006,
            "jd": 2460201.9441204,
            "ra": 69.147569,
            "dec": -0.1491338,
            "fid": 2,
            "nid": 2447,
            "magpsf": 20.250999450683594,
            "sigmapsf": 0.185139998793602,
            "magnr": 18.930999755859375,
            "sigmagnr": 0.05299999937415123,
            "magzpsci": 26.10700035095215,
            "isdiffpos": "t",
            "ssdistnr": null,
            "ssnamenr": null,
            "drb": null
        },
        {
            "candid": 2452464886215015017,
            "jd": 2460206.9648843,
            "ra": 69.1474915,
            "dec": -0.1490905,
            "fid": 2,
            "nid": 2452,
            "magpsf": 20.223800659179688,
            "sigmapsf": 0.21250200271606445,
            "magnr": 18.930999755859375,
            "sigmagnr": 0.05299999937415123,
            "magzpsci": 26.15880012512207,
            "isdiffpos": "t",
            "ssdistnr": null,
            "ssnamenr": null,
            "drb": null
        },
        {
            "candid": 2454494666215015004,
            "jd": 2460208.9946644,
            "ra": 69.1475689,
            "dec": -0.149227,
            "fid": 2,
            "nid": 2454,
            "magpsf": 20.231399536132812,
            "sigmapsf": 0.21993499994277954,
            "magnr": 18.930999755859375,
            "sigmagnr": 0.05299999937415123,
            "magzpsci": 26.139400482177734,
            "isdiffpos": "t",
            "ssdistnr": null,
            "ssnamenr": null,
            "drb": null
        },
        {
            "candid": 2457463816215015008,
            "jd": 2460211.9638194,
            "ra": 69.1474922,
            "dec": -0.1491673,
            "fid": 2,
            "nid": 2457,
            "magpsf": 20.50200080871582,
            "sigmapsf": 0.2697019875049591,
            "magnr": 18.930999755859375,
            "sigmagnr": 0.05299999937415123,
            "magzpsci": 26.156999588012695,
            "isdiffpos": "t",
            "ssdistnr": null,
            "ssnamenr": null,
            "drb": null
        },
        {
            "candid": 2459499496215015006,
            "jd": 2460213.9994907,
            "ra": 69.1474786,
            "dec": -0.1490916,
            "fid": 2,
            "nid": 2459,
            "magpsf": 20.103286743164062,
            "sigmapsf": 0.1847592145204544,
            "magnr": 18.930999755859375,
            "sigmagnr": 0.05299999937415123,
            "magzpsci": 26.163286209106445,
            "isdiffpos": "t",
            "ssdistnr": -999.0,
            "ssnamenr": "null",
            "drb": null
        },
        {
            "jd": 2459984.6692361,
            "fid": 1,
            "diffmaglim": 20.080699920654297
        },
        {
            "jd": 2459991.694919,
            "fid": 1,
            "diffmaglim": 19.75040054321289
        },
        {
            "jd": 2459991.716412,
            "fid": 2,
            "diffmaglim": 19.468299865722656
        },
        {
            "jd": 2459994.6937963,
            "fid": 1,
            "diffmaglim": 20.051000595092773
        },
        {
            "jd": 2460178.9549769,
            "fid": 1,
            "diffmaglim": 20.42460060119629
        },
        {
            "jd": 2460184.9495486,
            "fid": 1,
            "diffmaglim": 19.78070068359375
        },
        {
            "jd": 2460186.9200579,
            "fid": 2,
            "diffmaglim": 19.176700592041016
        },
        {
            "jd": 2460186.9838194,
            "fid": 1,
            "diffmaglim": 19.502300262451172
        },
        {
            "jd": 2460191.9439236,
            "fid": 1,
            "diffmaglim": 19.504899978637695
        },
        {
            "jd": 2460194.9441088,
            "fid": 1,
            "diffmaglim": 20.203800201416016
        },
        {
            "jd": 2460198.9843287,
            "fid": 1,
            "diffmaglim": 20.452299118041992
        },
        {
            "jd": 2460201.9979514,
            "fid": 1,
            "diffmaglim": 20.710800170898438
        },
        {
            "jd": 2460204.9340509,
            "fid": 2,
            "diffmaglim": 20.5403995513916
        },
        {
            "jd": 2460204.9906134,
            "fid": 1,
            "diffmaglim": 20.901399612426758
        },
        {
            "jd": 2460206.9863542,
            "fid": 1,
            "diffmaglim": 20.486299514770508
        },
        {
            "jd": 2460208.9666782,
            "fid": 1,
            "diffmaglim": 20.56450080871582
        },
        {
            "jd": 2460213.953588,
            "fid": 1,
            "diffmaglim": 20.447099685668945
        }
    ],
    "forcedphot": []
}