{
    "objectId": "ZTF20aaxvzja",
    "candidates": [
        {
            "candid": 1216359401415015011,
            "jd": 2458970.8594097,
            "ra": 218.7016253,
            "dec": 8.1695617,
            "fid": 2,
            "nid": 1216,
            "magpsf": 20.02869987487793,
            "sigmapsf": 0.20634600520133972,
            "magnr": 18.917999267578125,
            "sigmagnr": 0.11100000143051147,
            "magzpsci": 26.064699172973633,
            "isdiffpos": "t",
            "ssdistnr": -999.0,
            "ssnamenr": "null",
            "drb": 0.9936220049858093
        },
        {
            "candid": 1216360330315015009,
            "jd": 2458970.8603356,
            "ra": 218.7016404,
            "dec": 8.169571,
            "fid": 2,
            "nid": 1216,
            "magpsf": 19.750499725341797,
            "sigmapsf": 0.14560699462890625,
            "magnr": 18.79599952697754,
            "sigmagnr": 0.1080000028014183,
            "magzpsci": 26.043500900268555,
            "isdiffpos": "t",
            "ssdistnr": -999.0,
            "ssnamenr": "null",
            "drb": 0.999966025352478
        },
        {
            "candid": 1219251430315015007,
            "jd": 2458973.7514352,
            "ra": 218.7015607,
            "dec": 8.169597,
            "fid": 1,
            "nid": 1219,
            "magpsf": 19.803300857543945,
            "sigmapsf": 0.2223760038614273,
            "magnr": 19.225000381469727,
            "sigmagnr": 0.0860000029206276,
            "magzpsci": 26.091299057006836,
            "isdiffpos": "t",
            "ssdistnr": -999.0,
            "ssnamenr": "-999.0",
            "drb": null
        },
        {
            "candid": 1219251901415015005,
            "jd": 2458973.7519097,
            "ra": 218.701708,
            "dec": 8.1695467,
            "fid": 1,
            "nid": 1219,
            "magpsf": 19.676000595092773,
            "sigmapsf": 0.22053200006484985,
            "magnr": 19.201000213623047,
            "sigmagnr": 0.09099999815225601,
            "magzpsci": 26.135000228881836,
            "isdiffpos": "t",
            "ssdistnr": -999.0,
            "ssnamenr": "-999.0",
            "drb": null
        },
        {
            "candid": 1219293990315015005,
            "jd": 2458973.7939931,
            "ra": 218.7015898,
            "dec": 8.1695723,
            "fid": 2,
            "nid": 1219,
            "magpsf": 19.292200088500977,
            "sigmapsf": 0.15932199358940125,
            "magnr": 18.79599952697754,
            "sigmagnr": 0.1080000028014183,
            "magzpsci": 26.02519989013672,
            "isdiffpos": "t",
            "ssdistnr": -999.0,
            "ssnamenr": "null",
            "drb": 0.9999709725379944
        },
        {
            "candid": 1219315261415015008,
            "jd": 2458973.8152662,
            "ra": 218.701608,
            "dec": 8.1695314,
            "fid": 2,
            "nid": 1219,
            "magpsf": 19.454099655151367,
            "sigmapsf": 0.22341400384902954,
            "magnr": 18.917999267578125,
            "sigmagnr": 0.11100000143051147,
            "magzpsci": 26.056100845336914,
            "isdiffpos": "t",
            "ssdistnr": -999.0,
            "ssnamenr": "-999.0",
            "drb": null
        },
        {
            "candid": 1222204931415015013,
            "jd": 2458976.7049306,
            "ra": 218.7017512,
            "dec": 8.169628,
            "fid": 1,
            "nid": 1222,
            "magpsf": 19.11989974975586,
            "sigmapsf": 0.2718450129032135,
            "magnr": 19.201000213623047,
            "sigmagnr": 0.09099999815225601,
            "magzpsci": 26.094900131225586,
            "isdiffpos": "t",
            "ssdistnr": -999.0,
            "ssnamenr": "-999.0",
            "drb": null
        },
        {
            "candid": 1225248720315015005,
            "jd": 2458979.7487269,
            "ra": 218.7016394,
            "dec": 8.1695791,
            "fid": 1,
            "nid": 1225,
            "magpsf": 19.078899383544922,
            "sigmapsf": 0.108365997672081,
            "magnr": 19.225000381469727,
            "sigmagnr": 0.0860000029206276,
            "magzpsci": 25.974899291992188,
            "isdiffpos": "t",
            "ssdistnr": -999.0,
            "ssnamenr": "null",
            "drb": 0.9999949932098389
        },
        {
            "candid": 1225297550315015005,
            "jd": 2458979.7975579,
            "ra": 218.7016765,
            "dec": 8.1695612,
            "fid": 2,
            "nid": 1225,
            "magpsf": 19.052900314331055,
            "sigmapsf": 0.10789799690246582,
            "magnr": 18.79599952697754,
            "sigmagnr": 0.1080000028014183,
            "magzpsci": 25.982900619506836,
            "isdiffpos": "t",
            "ssdistnr": -999.0,
            "ssnamenr": "null",
            "drb": 1.0
        },
        {
            "candid": 1225298031415015010,
            "jd": 2458979.7980324,
            "ra": 218.7016109,
            "dec": 8.1695868,
            "fid": 2,
            "nid": 1225,
            "magpsf": 18.933900833129883,
            "sigmapsf": 0.13298299908638,
            "magnr": 18.917999267578125,
            "sigmagnr": 0.11100000143051147,
            "magzpsci": 26.008899688720703,
            "isdiffpos": "t",
            "ssdistnr": -999.0,
            "ssnamenr": "null",
            "drb": 0.9999780058860779
        },
        {
            "candid": 1231272391415015003,
            "jd": 2458985.7723958,
            "ra": 218.7016153,
            "dec": 8.1695774,
            "fid": 2,
            "nid": 1231,
            "magpsf": 18.924999237060547,
            "sigmapsf": 0.08596500009298325,
            "magnr": 18.917999267578125,
            "sigmagnr": 0.11100000143051147,
            "magzpsci": 26.02400016784668,
            "isdiffpos": "t",
            "ssdistnr": -999.0,
            "ssnamenr": "null",
            "drb": 1.0
        },
        {
            "candid": 1231291370315015004,
            "jd": 2458985.7913773,
            "ra": 218.7016376,
            "dec": 8.1695781,
            "fid": 2,
            "nid": 1231,
            "magpsf": 18.989900588989258,
            "sigmapsf": 0.09655199944972992,
            "magnr": 18.79599952697754,
            "sigmagnr": 0.1080000028014183,
            "magzpsci": 26.011899948120117,
            "isdiffpos": "t",
            "ssdistnr": -999.0,
            "ssnamenr": "null",
            "drb": 0.9999859929084778
        },
        {
            "candid": 1231293990315015008,
            "jd": 2458985.7939931,
            "ra": 218.7015933,
            "dec": 8.1695785,
            "fid": 1,
            "nid": 1231,
            "magpsf": 19.421300888061523,
            "sigmapsf": 0.12487000226974487,
            "magnr": 19.225000381469727,
            "sigmagnr": 0.0860000029206276,
            "magzpsci": 26.126300811767578,
            "isdiffpos": "t",
            "ssdistnr": -999.0,
            "ssnamenr": "null",
            "drb": 0.9999160170555115
        },
        {
            "candid": 1237271001415015003,
            "jd": 2458991.7710069,
            "ra": 218.7016628,
            "dec": 8.1695711,
            "fid": 2,
            "nid": 1237,
            "magpsf": 19.221799850463867,
            "sigmapsf": 0.11394000053405762,
            "magnr": 18.917999267578125,
            "sigmagnr": 0.11100000143051147,
            "magzpsci": 26.03580093383789,
            "isdiffpos": "t",
            "ssdistnr": -999.0,
            "ssnamenr": "null",
            "drb": 1.0
        },
        {
            "candid": 1237295081415015010,
            "jd": 2458991.795081,
            "ra": 218.701705,
            "dec": 8.1695764,
            "fid": 1,
            "nid": 1237,
            "magpsf": 19.927400588989258,
            "sigmapsf": 0.15457400679588318,
            "magnr": 19.201000213623047,
            "sigmagnr": 0.09099999815225601,
            "magzpsci": 26.157400131225586,
            "isdiffpos": "t",
            "ssdistnr": -999.0,
            "ssnamenr": "null",
            "drb": 0.9999979734420776
        },
        {
            "candid": 1237296010315015004,
            "jd": 2458991.7960185,
            "ra": 218.701598,
            "dec": 8.1695789,
            "fid": 1,
            "nid": 1237,
            "magpsf": 20.013700485229492,
            "sigmapsf": 0.17419099807739258,
            "magnr": 19.225000381469727,
            "sigmagnr": 0.0860000029206276,
            "magzpsci": 26.110700607299805,
            "isdiffpos": "t",
            "ssdistnr": -999.0,
            "ssnamenr": "null",
            "drb": 0.9999520182609558
        },
        {
            "candid": 1240251480315015008,
            "jd": 2458994.7514815,
            "ra": 218.7016573,
            "dec": 8.1695556,
            "fid": 1,
            "nid": 1240,
            "magpsf": 20.218900680541992,
            "sigmapsf": 0.18677100539207458,
            "magnr": 19.225000381469727,
            "sigmagnr": 0.0860000029206276,
            "magzpsci": 26.125900268554688,
            "isdiffpos": "t",
            "ssdistnr": -999.0,
            "ssnamenr": "null",
            "drb": 1.0
        },
        {
            "candid": 1240273710315015010,
            "jd": 2458994.7737153,
            "ra": 218.7015853,
            "dec": 8.1695661,
            "fid": 2,
            "nid": 1240,
            "magpsf": 19.409700393676758,
            "sigmapsf": 0.11584000289440155,
            "magnr": 18.79599952697754,
            "sigmagnr": 0.1080000028014183,
            "magzpsci": 26.005699157714844,
            "isdiffpos": "t",
            "ssdistnr": -999.0,
            "ssnamenr": "null",
            "drb": 0.9999759793281555
        },
        {
            "candid": 1241254571415015003,
            "jd": 2458995.7545718,
            "ra": 218.7016517,
            "dec": 8.169577,
            "fid": 2,
            "nid": 1241,
            "magpsf": 19.529699325561523,
            "sigmapsf": 0.11909300088882446,
            "magnr": 18.917999267578125,
            "sigmagnr": 0.11100000143051147,
            "magzpsci": 26.036699295043945,
            "isdiffpos": "t",
            "ssdistnr": -999.0,
            "ssnamenr": "null",
            "drb": 0.9999979734420776
        },
        {
            "candid": 1243210450315015008,
            "jd": 2458997.7104514,
            "ra": 218.701607,
            "dec": 8.1695288,
            "fid": 1,
            "nid": 1243,
            "magpsf": 20.605899810791016,
            "sigmapsf": 0.25217100977897644,
            "magnr": 19.225000381469727,
            "sigmagnr": 0.0860000029206276,
            "magzpsci": 26.11389923095703,
            "isdiffpos": "t",
            "ssdistnr": -999.0,
            "ssnamenr": "-999.0",
            "drb": null
        },
        {
            "candid": 1244265411415015012,
            "jd": 2458998.7654167,
            "ra": 218.7016211,
            "dec": 8.1695978,
            "fid": 2,
            "nid": 1244,
            "magpsf": 19.70829963684082,
            "sigmapsf": 0.1689859926700592,
            "magnr": 18.917999267578125,
            "sigmagnr": 0.11100000143051147,
            "magzpsci": 26.02829933166504,
            "isdiffpos": "t",
            "ssdistnr": -999.0,
            "ssnamenr": "null",
            "drb": 0.9986540079116821
        },
        {
            "candid": 1244270090315015004,
            "jd": 2458998.7700926,
            "ra": 218.7016114,
            "dec": 8.1695372,
            "fid": 2,
            "nid": 1244,
            "magpsf": 19.684200286865234,
            "sigmapsf": 0.15178999304771423,
            "magnr": 18.79599952697754,
            "sigmagnr": 0.1080000028014183,
            "magzpsci": 26.007200241088867,
            "isdiffpos": "t",
            "ssdistnr": -999.0,
            "ssnamenr": "null",
            "drb": 0.9999920129776001
        },
        {
            "candid": 1244274711415015009,
            "jd": 2458998.7747106,
            "ra": 218.7016443,
            "dec": 8.1695912,
            "fid": 2,
            "nid": 1244,
            "magpsf": 19.635400772094727,
            "sigmapsf": 0.15898999571800232,
            "magnr": 18.917999267578125,
            "sigmagnr": 0.11100000143051147,
            "magzpsci": 26.01140022277832,
            "isdiffpos": "t",
            "ssdistnr": -999.0,
            "ssnamenr": "null",
            "drb": 0.9995779991149902
        },
        {
            "candid": 1244337781415015011,
            "jd": 2458998.8377894,
            "ra": 218.7016839,
            "dec": 8.1695458,
            "fid": 1,
            "nid": 1244,
            "magpsf": 20.603599548339844,
            "sigmapsf": 0.262239009141922,
            "magnr": 19.201000213623047,
            "sigmagnr": 0.09099999815225601,
            "magzpsci": 26.108600616455078,
            "isdiffpos": "t",
            "ssdistnr": -999.0,
            "ssnamenr": "-999.0",
            "drb": null
        },
        {
            "candid": 1258232700315015011,
            "jd": 2459012.7327083,
            "ra": 218.7016643,
            "dec": 8.1695284,
            "fid": 2,
            "nid": 1258,
            "magpsf": 20.24049949645996,
            "sigmapsf": 0.19994600117206573,
            "magnr": 18.79599952697754,
            "sigmagnr": 0.1080000028014183,
            "magzpsci": 26.076499938964844,
            "isdiffpos": "t",
            "ssdistnr": -999.0,
            "ssnamenr": "null",
            "drb": 0.9999949932098389
        },
        {
            "candid": 1261213580315015006,
            "jd": 2459015.713588,
            "ra": 218.701716,
            "dec": 8.1695385,
            "fid": 2,
            "nid": 1261,
            "magpsf": 20.0226993560791,
            "sigmapsf": 0.1838490068912506,
            "magnr": 18.79599952697754,
            "sigmagnr": 0.1080000028014183,
            "magzpsci": 26.018699645996094,
            "isdiffpos": "t",
            "ssdistnr": -999.0,
            "ssnamenr": "null",
            "drb": 0.9999780058860779
        },
        {
            "candid": 1262237501415015004,
            "jd": 2459016.7375,
            "ra": 218.7018703,
            "dec": 8.169432,
            "fid": 2,
            "nid": 1262,
            "magpsf": 20.144800186157227,
            "sigmapsf": 0.3474099934101105,
            "magnr": 18.917999267578125,
            "sigmagnr": 0.11100000143051147,
            "magzpsci": 25.968799591064453,
            "isdiffpos": "t",
            "ssdistnr": -999.0,
            "ssnamenr": "-999.0",
            "drb": null
        },
        {
            "candid": 1265213241415015005,
            "jd": 2459019.7132407,
            "ra": 218.7016338,
            "dec": 8.1695693,
            "fid": 2,
            "nid": 1265,
            "magpsf": 20.2987003326416,
            "sigmapsf": 0.21561199426651,
            "magnr": 18.917999267578125,
            "sigmagnr": 0.11100000143051147,
            "magzpsci": 26.054800033569336,
            "isdiffpos": "t",
            "ssdistnr": -999.0,
            "ssnamenr": "null",
            "drb": 0.9999920129776001
        },
        {
            "jd": 2458940.87869,
            "fid": 1,
            "diffmaglim": 19.941999435424805
        },
        {
            "jd": 2458940.91612,
            "fid": 2,
            "diffmaglim": 17.899999618530273
        },
        {
            "jd": 2458941.90193,
            "fid": 2,
            "diffmaglim": 19.98900032043457
        },
        {
            "jd": 2458941.979,
            "fid": 1,
            "diffmaglim": 20.423999786376953
        },
        {
            "jd": 2458943.90933,
            "fid": 1,
            "diffmaglim": 19.777999877929688
        },
        {
            "jd": 2458943.92084,
            "fid": 1,
            "diffmaglim": 19.89299964904785
        },
        {
            "jd": 2458944.89556,
            "fid": 2,
            "diffmaglim": 19.479999542236328
        },
        {
            "jd": 2458954.87804,
            "fid": 1,
            "diffmaglim": 20.238000869750977
        },
        {
            "jd": 2458954.9412,
            "fid": 2,
            "diffmaglim": 19.83099937438965
        },
        {
            "jd": 2458954.95742,
            "fid": 2,
            "diffmaglim": 19.61400032043457
        },
        {
            "jd": 2458954.97878,
            "fid": 2,
            "diffmaglim": 19.93400001525879
        },
        {
            "jd": 2458955.83264,
            "fid": 1,
            "diffmaglim": 20.450000762939453
        },
        {
            "jd": 2458956.85631,
            "fid": 2,
            "diffmaglim": 19.565000534057617
        },
        {
            "jd": 2458961.90272,
            "fid": 2,
            "diffmaglim": 19.691999435424805
        },
        {
            "jd": 2458961.90596,
            "fid": 2,
            "diffmaglim": 19.822999954223633
        },
        {
            "jd": 2458963.82955,
            "fid": 1,
            "diffmaglim": 20.452999114990234
        },
        {
            "jd": 2458963.85433,
            "fid": 1,
            "diffmaglim": 20.393999099731445
        },
        {
            "jd": 2458964.77596,
            "fid": 2,
            "diffmaglim": 20.25
        },
        {
            "jd": 2458964.78663,
            "fid": 2,
            "diffmaglim": 20.361000061035156
        },
        {
            "jd": 2458964.8395,
            "fid": 1,
            "diffmaglim": 20.351999282836914
        },
        {
            "jd": 2458964.84044,
            "fid": 1,
            "diffmaglim": 20.44700050354004
        },
        {
            "jd": 2458965.82806,
            "fid": 2,
            "diffmaglim": 20.3799991607666
        },
        {
            "jd": 2458967.77358,
            "fid": 1,
            "diffmaglim": 20.423999786376953
        },
        {
            "jd": 2458967.77403,
            "fid": 1,
            "diffmaglim": 20.517000198364258
        },
        {
            "jd": 2458967.83738,
            "fid": 2,
            "diffmaglim": 20.381999969482422
        },
        {
            "jd": 2458967.85338,
            "fid": 2,
            "diffmaglim": 20.298999786376953
        },
        {
            "jd": 2458969.80993,
            "fid": 2,
            "diffmaglim": 18.393999099731445
        },
        {
            "jd": 2458970.7936,
            "fid": 1,
            "diffmaglim": 20.209999084472656
        },
        {
            "jd": 2458970.79406,
            "fid": 1,
            "diffmaglim": 20.214000701904297
        },
        {
            "jd": 2458985.77192,
            "fid": 2,
            "diffmaglim": 20.547000885009766
        },
        {
            "jd": 2458991.73016,
            "fid": 2,
            "diffmaglim": 20.52199935913086
        },
        {
            "jd": 2458991.79462,
            "fid": 1,
            "diffmaglim": 20.555999755859375
        },
        {
            "jd": 2458995.75023,
            "fid": 2,
            "diffmaglim": 20.632999420166016
        },
        {
            "jd": 2458995.80037,
            "fid": 1,
            "diffmaglim": 20.53700065612793
        },
        {
            "jd": 2458995.80083,
            "fid": 1,
            "diffmaglim": 20.483999252319336
        },
        {
            "jd": 2458998.77425,
            "fid": 2,
            "diffmaglim": 20.549999237060547
        },
        {
            "jd": 2458998.83733,
            "fid": 1,
            "diffmaglim": 20.75200080871582
        },
        {
            "jd": 2459000.75713,
            "fid": 1,
            "diffmaglim": 19.964000701904297
        },
        {
            "jd": 2459001.73142,
            "fid": 2,
            "diffmaglim": 19.729000091552734
        },
        {
            "jd": 2459001.7319,
            "fid": 2,
            "diffmaglim": 19.634000778198242
        },
        {
            "jd": 2459001.87135,
            "fid": 1,
            "diffmaglim": 19.649999618530273
        },
        {
            "jd": 2459001.87182,
            "fid": 1,
            "diffmaglim": 19.64900016784668
        },
        {
            "jd": 2459004.68844,
            "fid": 1,
            "diffmaglim": 18.966999053955078
        },
        {
            "jd": 2459004.75075,
            "fid": 2,
            "diffmaglim": 19.14900016784668
        },
        {
            "jd": 2459005.76948,
            "fid": 2,
            "diffmaglim": 19.226999282836914
        },
        {
            "jd": 2459009.70053,
            "fid": 2,
            "diffmaglim": 19.934999465942383
        },
        {
            "jd": 2459009.71149,
            "fid": 2,
            "diffmaglim": 19.868000030517578
        },
        {
            "jd": 2459009.71197,
            "fid": 2,
            "diffmaglim": 19.92799949645996
        },
        {
            "jd": 2459009.75434,
            "fid": 1,
            "diffmaglim": 20.038000106811523
        },
        {
            "jd": 2459012.69321,
            "fid": 1,
            "diffmaglim": 20.700000762939453
        },
        {
            "jd": 2459012.69367,
            "fid": 1,
            "diffmaglim": 20.517000198364258
        },
        {
            "jd": 2459012.69509,
            "fid": 1,
            "diffmaglim": 20.643999099731445
        },
        {
            "jd": 2459012.73081,
            "fid": 2,
            "diffmaglim": 20.67799949645996
        },
        {
            "jd": 2459012.73128,
            "fid": 2,
            "diffmaglim": 20.323999404907227
        }
    ],
    "forcedphot": []
}