{
    "objectId": "ZTF21abcgnql",
    "candidates": [
        {
            "candid": 1604303445815015001,
            "jd": 2459358.8034491,
            "ra": 234.0279991,
            "dec": 43.4060004,
            "fid": 2,
            "nid": 1604,
            "magpsf": 19.45639991760254,
            "sigmapsf": 0.15294599533081055,
            "magnr": 18.336000442504883,
            "sigmagnr": 0.09399999678134918,
            "magzpsci": 26.249399185180664,
            "isdiffpos": "t",
            "ssdistnr": null,
            "ssnamenr": null,
            "drb": 0.9999949932098389
        },
        {
            "candid": 1604426815815015000,
            "jd": 2459358.9268171,
            "ra": 234.0279399,
            "dec": 43.4059912,
            "fid": 1,
            "nid": 1604,
            "magpsf": 19.493799209594727,
            "sigmapsf": 0.2060769945383072,
            "magnr": 19.115999221801758,
            "sigmagnr": 0.0860000029206276,
            "magzpsci": 26.337799072265625,
            "isdiffpos": "t",
            "ssdistnr": null,
            "ssnamenr": null,
            "drb": null
        },
        {
            "candid": 1607306775815015000,
            "jd": 2459361.8067708,
            "ra": 234.0279135,
            "dec": 43.405917,
            "fid": 1,
            "nid": 1607,
            "magpsf": 19.687700271606445,
            "sigmapsf": 0.26155000925064087,
            "magnr": 19.115999221801758,
            "sigmagnr": 0.0860000029206276,
            "magzpsci": 26.428699493408203,
            "isdiffpos": "t",
            "ssdistnr": null,
            "ssnamenr": null,
            "drb": null
        },
        {
            "candid": 1609361645815015000,
            "jd": 2459363.8616435,
            "ra": 234.0279142,
            "dec": 43.4059866,
            "fid": 2,
            "nid": 1609,
            "magpsf": 19.34280014038086,
            "sigmapsf": 0.12180600315332413,
            "magnr": 18.336000442504883,
            "sigmagnr": 0.09399999678134918,
            "magzpsci": 26.309799194335938,
            "isdiffpos": "t",
            "ssdistnr": null,
            "ssnamenr": null,
            "drb": null
        },
        {
            "candid": 1611301755815015002,
            "jd": 2459365.8017593,
            "ra": 234.0279452,
            "dec": 43.4059249,
            "fid": 1,
            "nid": 1611,
            "magpsf": 19.498899459838867,
            "sigmapsf": 0.11522000283002853,
            "magnr": 19.115999221801758,
            "sigmagnr": 0.0860000029206276,
            "magzpsci": 26.355899810791016,
            "isdiffpos": "t",
            "ssdistnr": null,
            "ssnamenr": null,
            "drb": null
        },
        {
            "candid": 1611349375815015001,
            "jd": 2459365.849375,
            "ra": 234.027887,
            "dec": 43.4059631,
            "fid": 2,
            "nid": 1611,
            "magpsf": 19.068300247192383,
            "sigmapsf": 0.1103150025010109,
            "magnr": 18.336000442504883,
            "sigmagnr": 0.09399999678134918,
            "magzpsci": 26.244300842285156,
            "isdiffpos": "t",
            "ssdistnr": null,
            "ssnamenr": null,
            "drb": null
        },
        {
            "candid": 1613286045815015001,
            "jd": 2459367.7860417,
            "ra": 234.0279403,
            "dec": 43.4059573,
            "fid": 1,
            "nid": 1613,
            "magpsf": 19.461200714111328,
            "sigmapsf": 0.10022799670696259,
            "magnr": 19.115999221801758,
            "sigmagnr": 0.0860000029206276,
            "magzpsci": 26.362199783325195,
            "isdiffpos": "t",
            "ssdistnr": null,
            "ssnamenr": null,
            "drb": null
        },
        {
            "candid": 1613373415815015001,
            "jd": 2459367.8734144,
            "ra": 234.0279198,
            "dec": 43.4059718,
            "fid": 2,
            "nid": 1613,
            "magpsf": 18.831899642944336,
            "sigmapsf": 0.08764000236988068,
            "magnr": 18.336000442504883,
            "sigmagnr": 0.09399999678134918,
            "magzpsci": 26.171899795532227,
            "isdiffpos": "t",
            "ssdistnr": null,
            "ssnamenr": null,
            "drb": null
        },
        {
            "candid": 1615323325815015000,
            "jd": 2459369.8233218,
            "ra": 234.0279259,
            "dec": 43.4059803,
            "fid": 2,
            "nid": 1615,
            "magpsf": 18.795499801635742,
            "sigmapsf": 0.11150100082159042,
            "magnr": 18.336000442504883,
            "sigmagnr": 0.09399999678134918,
            "magzpsci": 26.276500701904297,
            "isdiffpos": "t",
            "ssdistnr": null,
            "ssnamenr": null,
            "drb": null
        },
        {
            "candid": 1615360875815015000,
            "jd": 2459369.8608796,
            "ra": 234.0279215,
            "dec": 43.4059568,
            "fid": 1,
            "nid": 1615,
            "magpsf": 19.41860008239746,
            "sigmapsf": 0.09011299908161163,
            "magnr": 19.115999221801758,
            "sigmagnr": 0.0860000029206276,
            "magzpsci": 26.355600357055664,
            "isdiffpos": "t",
            "ssdistnr": null,
            "ssnamenr": null,
            "drb": null
        },
        {
            "candid": 1617330205815015000,
            "jd": 2459371.8302083,
            "ra": 234.0279315,
            "dec": 43.405962,
            "fid": 2,
            "nid": 1617,
            "magpsf": 18.68950080871582,
            "sigmapsf": 0.08728700131177902,
            "magnr": 18.336000442504883,
            "sigmagnr": 0.09399999678134918,
            "magzpsci": 26.276500701904297,
            "isdiffpos": "t",
            "ssdistnr": null,
            "ssnamenr": null,
            "drb": null
        },
        {
            "candid": 1617370565815015000,
            "jd": 2459371.8705671,
            "ra": 234.0279186,
            "dec": 43.4059463,
            "fid": 1,
            "nid": 1617,
            "magpsf": 19.392200469970703,
            "sigmapsf": 0.09319800138473511,
            "magnr": 19.115999221801758,
            "sigmagnr": 0.0860000029206276,
            "magzpsci": 26.366199493408203,
            "isdiffpos": "t",
            "ssdistnr": null,
            "ssnamenr": null,
            "drb": null
        },
        {
            "candid": 1622302105815015000,
            "jd": 2459376.8021065,
            "ra": 234.0279285,
            "dec": 43.4059697,
            "fid": 2,
            "nid": 1622,
            "magpsf": 18.871200561523438,
            "sigmapsf": 0.0707089975476265,
            "magnr": 18.336000442504883,
            "sigmagnr": 0.09399999678134918,
            "magzpsci": 26.285200119018555,
            "isdiffpos": "t",
            "ssdistnr": null,
            "ssnamenr": null,
            "drb": null
        },
        {
            "candid": 1622348695815015000,
            "jd": 2459376.8486921,
            "ra": 234.0279455,
            "dec": 43.4059306,
            "fid": 1,
            "nid": 1622,
            "magpsf": 19.931900024414062,
            "sigmapsf": 0.13434100151062012,
            "magnr": 19.115999221801758,
            "sigmagnr": 0.0860000029206276,
            "magzpsci": 26.396900177001953,
            "isdiffpos": "t",
            "ssdistnr": null,
            "ssnamenr": null,
            "drb": null
        },
        {
            "candid": 1624223275815015000,
            "jd": 2459378.7232755,
            "ra": 234.0280171,
            "dec": 43.4059848,
            "fid": 1,
            "nid": 1624,
            "magpsf": 20.32979965209961,
            "sigmapsf": 0.2029229998588562,
            "magnr": 19.115999221801758,
            "sigmagnr": 0.0860000029206276,
            "magzpsci": 26.41080093383789,
            "isdiffpos": "t",
            "ssdistnr": null,
            "ssnamenr": null,
            "drb": null
        },
        {
            "candid": 1624264835815015001,
            "jd": 2459378.764838,
            "ra": 234.0278973,
            "dec": 43.4059453,
            "fid": 2,
            "nid": 1624,
            "magpsf": 18.9906005859375,
            "sigmapsf": 0.09452400356531143,
            "magnr": 18.336000442504883,
            "sigmagnr": 0.09399999678134918,
            "magzpsci": 26.301599502563477,
            "isdiffpos": "t",
            "ssdistnr": null,
            "ssnamenr": null,
            "drb": null
        },
        {
            "candid": 1626349535815015000,
            "jd": 2459380.849537,
            "ra": 234.0279116,
            "dec": 43.4059425,
            "fid": 2,
            "nid": 1626,
            "magpsf": 19.084800720214844,
            "sigmapsf": 0.13354399800300598,
            "magnr": 18.336000442504883,
            "sigmagnr": 0.09399999678134918,
            "magzpsci": 26.00480079650879,
            "isdiffpos": "t",
            "ssdistnr": null,
            "ssnamenr": null,
            "drb": null
        },
        {
            "candid": 1628323045815015000,
            "jd": 2459382.823044,
            "ra": 234.0278739,
            "dec": 43.405939,
            "fid": 2,
            "nid": 1628,
            "magpsf": 19.35140037536621,
            "sigmapsf": 0.13509100675582886,
            "magnr": 18.336000442504883,
            "sigmagnr": 0.09399999678134918,
            "magzpsci": 26.12540054321289,
            "isdiffpos": "t",
            "ssdistnr": null,
            "ssnamenr": null,
            "drb": null
        },
        {
            "candid": 1630329025815015000,
            "jd": 2459384.8290278,
            "ra": 234.0279083,
            "dec": 43.4059984,
            "fid": 2,
            "nid": 1630,
            "magpsf": 19.631000518798828,
            "sigmapsf": 0.15525899827480316,
            "magnr": 18.336000442504883,
            "sigmagnr": 0.09399999678134918,
            "magzpsci": 26.159000396728516,
            "isdiffpos": "t",
            "ssdistnr": null,
            "ssnamenr": null,
            "drb": null
        },
        {
            "candid": 1632217475815015000,
            "jd": 2459386.7174769,
            "ra": 234.027948,
            "dec": 43.4059934,
            "fid": 2,
            "nid": 1632,
            "magpsf": 19.645999908447266,
            "sigmapsf": 0.22872500121593475,
            "magnr": 18.336000442504883,
            "sigmagnr": 0.09399999678134918,
            "magzpsci": 26.2450008392334,
            "isdiffpos": "t",
            "ssdistnr": null,
            "ssnamenr": null,
            "drb": null
        },
        {
            "candid": 1636298095815015001,
            "jd": 2459390.7980903,
            "ra": 234.0279008,
            "dec": 43.4058618,
            "fid": 2,
            "nid": 1636,
            "magpsf": 19.974700927734375,
            "sigmapsf": 0.21644000709056854,
            "magnr": 18.336000442504883,
            "sigmagnr": 0.09399999678134918,
            "magzpsci": 26.288700103759766,
            "isdiffpos": "t",
            "ssdistnr": null,
            "ssnamenr": null,
            "drb": null
        },
        {
            "candid": 1642327145815015000,
            "jd": 2459396.8271412,
            "ra": 234.0279457,
            "dec": 43.4059285,
            "fid": 2,
            "nid": 1642,
            "magpsf": 20.04669952392578,
            "sigmapsf": 0.21023499965667725,
            "magnr": 18.336000442504883,
            "sigmagnr": 0.09399999678134918,
            "magzpsci": 26.19770050048828,
            "isdiffpos": "t",
            "ssdistnr": null,
            "ssnamenr": null,
            "drb": null
        },
        {
            "candid": 1645220715815015001,
            "jd": 2459399.7207176,
            "ra": 234.0280168,
            "dec": 43.405999,
            "fid": 2,
            "nid": 1645,
            "magpsf": 20.108299255371094,
            "sigmapsf": 0.19600099325180054,
            "magnr": 18.336000442504883,
            "sigmagnr": 0.09399999678134918,
            "magzpsci": 26.253299713134766,
            "isdiffpos": "t",
            "ssdistnr": null,
            "ssnamenr": null,
            "drb": null
        },
        {
            "candid": 1647288875815015000,
            "jd": 2459401.7888773,
            "ra": 234.0278934,
            "dec": 43.4058996,
            "fid": 2,
            "nid": 1647,
            "magpsf": 20.157060623168945,
            "sigmapsf": 0.17555199563503265,
            "magnr": 18.336000442504883,
            "sigmagnr": 0.09399999678134918,
            "magzpsci": 26.276060104370117,
            "isdiffpos": "t",
            "ssdistnr": -999.0,
            "ssnamenr": "null",
            "drb": null
        },
        {
            "jd": 2459328.8283218,
            "fid": 1,
            "diffmaglim": 19.7362003326416
        },
        {
            "jd": 2459334.7229051,
            "fid": 1,
            "diffmaglim": 20.70210075378418
        },
        {
            "jd": 2459334.868669,
            "fid": 2,
            "diffmaglim": 20.120899200439453
        },
        {
            "jd": 2459336.7870602,
            "fid": 1,
            "diffmaglim": 20.69300079345703
        },
        {
            "jd": 2459336.8435301,
            "fid": 2,
            "diffmaglim": 20.73080062866211
        },
        {
            "jd": 2459339.8223727,
            "fid": 2,
            "diffmaglim": 20.70210075378418
        },
        {
            "jd": 2459339.8691551,
            "fid": 1,
            "diffmaglim": 20.88360023498535
        },
        {
            "jd": 2459341.7873611,
            "fid": 2,
            "diffmaglim": 20.697599411010742
        },
        {
            "jd": 2459341.825625,
            "fid": 1,
            "diffmaglim": 21.014799118041992
        },
        {
            "jd": 2459343.7839699,
            "fid": 1,
            "diffmaglim": 20.835100173950195
        },
        {
            "jd": 2459343.8260417,
            "fid": 2,
            "diffmaglim": 20.648000717163086
        },
        {
            "jd": 2459345.8329514,
            "fid": 2,
            "diffmaglim": 20.725799560546875
        },
        {
            "jd": 2459345.8893403,
            "fid": 1,
            "diffmaglim": 20.878000259399414
        },
        {
            "jd": 2459349.8265046,
            "fid": 2,
            "diffmaglim": 20.779800415039062
        },
        {
            "jd": 2459349.8690162,
            "fid": 1,
            "diffmaglim": 21.029300689697266
        },
        {
            "jd": 2459354.884919,
            "fid": 1,
            "diffmaglim": 20.471799850463867
        },
        {
            "jd": 2459354.9122338,
            "fid": 2,
            "diffmaglim": 20.07710075378418
        },
        {
            "jd": 2459361.8697106,
            "fid": 2,
            "diffmaglim": 19.893199920654297
        },
        {
            "jd": 2459363.7821296,
            "fid": 1,
            "diffmaglim": 20.320100784301758
        },
        {
            "jd": 2459374.7448032,
            "fid": 1,
            "diffmaglim": 20.737300872802734
        },
        {
            "jd": 2459380.7868634,
            "fid": 1,
            "diffmaglim": 19.517200469970703
        },
        {
            "jd": 2459382.8053935,
            "fid": 1,
            "diffmaglim": 20.434200286865234
        },
        {
            "jd": 2459386.7977199,
            "fid": 1,
            "diffmaglim": 19.781299591064453
        },
        {
            "jd": 2459390.7378472,
            "fid": 1,
            "diffmaglim": 19.73110008239746
        },
        {
            "jd": 2459392.727419,
            "fid": 1,
            "diffmaglim": 20.3572998046875
        },
        {
            "jd": 2459392.8503241,
            "fid": 2,
            "diffmaglim": 19.88159942626953
        },
        {
            "jd": 2459394.7194213,
            "fid": 1,
            "diffmaglim": 20.66900062561035
        },
        {
            "jd": 2459394.7877894,
            "fid": 2,
            "diffmaglim": 19.985700607299805
        },
        {
            "jd": 2459396.7874421,
            "fid": 1,
            "diffmaglim": 20.569499969482422
        },
        {
            "jd": 2459399.7599769,
            "fid": 1,
            "diffmaglim": 20.671600341796875
        },
        {
            "jd": 2459401.7544097,
            "fid": 1,
            "diffmaglim": 20.45240020751953
        }
    ],
    "forcedphot": []
}