{
    "objectId": "ZTF22aadlpkc",
    "candidates": [
        {
            "candid": 1917339030515015009,
            "jd": 2459671.8390394,
            "ra": 158.9420692,
            "dec": 23.3200424,
            "fid": 2,
            "nid": 1917,
            "magpsf": 18.380599975585938,
            "sigmapsf": 0.05222500115633011,
            "magnr": 18.722000122070312,
            "sigmagnr": 0.10700000077486038,
            "magzpsci": 26.32659912109375,
            "isdiffpos": "t",
            "ssdistnr": null,
            "ssnamenr": null,
            "drb": 1.0
        },
        {
            "candid": 1917339030515025010,
            "jd": 2459671.8390394,
            "ra": 158.94207,
            "dec": 23.3200414,
            "fid": 2,
            "nid": 1917,
            "magpsf": 18.370500564575195,
            "sigmapsf": 0.05483999848365784,
            "magnr": 18.722000122070312,
            "sigmagnr": 0.10700000077486038,
            "magzpsci": 26.32349967956543,
            "isdiffpos": "t",
            "ssdistnr": null,
            "ssnamenr": null,
            "drb": null
        },
        {
            "candid": 1917404720515015005,
            "jd": 2459671.9047222,
            "ra": 158.9420556,
            "dec": 23.3200671,
            "fid": 1,
            "nid": 1917,
            "magpsf": 18.85849952697754,
            "sigmapsf": 0.09219200164079666,
            "magnr": 19.243999481201172,
            "sigmagnr": 0.0989999994635582,
            "magzpsci": 26.279499053955078,
            "isdiffpos": "t",
            "ssdistnr": null,
            "ssnamenr": null,
            "drb": null
        },
        {
            "candid": 1917404720515025008,
            "jd": 2459671.9047222,
            "ra": 158.9420557,
            "dec": 23.3200723,
            "fid": 1,
            "nid": 1917,
            "magpsf": 18.881999969482422,
            "sigmapsf": 0.09791799634695053,
            "magnr": 19.243999481201172,
            "sigmagnr": 0.0989999994635582,
            "magzpsci": 26.27899932861328,
            "isdiffpos": "t",
            "ssdistnr": null,
            "ssnamenr": null,
            "drb": null
        },
        {
            "candid": 1920306340515015008,
            "jd": 2459674.8063426,
            "ra": 158.9420457,
            "dec": 23.3200645,
            "fid": 2,
            "nid": 1920,
            "magpsf": 18.42919921875,
            "sigmapsf": 0.0596110001206398,
            "magnr": 18.722000122070312,
            "sigmagnr": 0.10700000077486038,
            "magzpsci": 26.302200317382812,
            "isdiffpos": "t",
            "ssdistnr": null,
            "ssnamenr": null,
            "drb": null
        },
        {
            "candid": 1920373260515015009,
            "jd": 2459674.8732639,
            "ra": 158.9420509,
            "dec": 23.3200354,
            "fid": 1,
            "nid": 1920,
            "magpsf": 18.993200302124023,
            "sigmapsf": 0.10697399824857712,
            "magnr": 19.243999481201172,
            "sigmagnr": 0.0989999994635582,
            "magzpsci": 26.30419921875,
            "isdiffpos": "t",
            "ssdistnr": null,
            "ssnamenr": null,
            "drb": null
        },
        {
            "candid": 1922311860515015007,
            "jd": 2459676.8118634,
            "ra": 158.9420879,
            "dec": 23.320006,
            "fid": 1,
            "nid": 1922,
            "magpsf": 19.025999069213867,
            "sigmapsf": 0.1439650058746338,
            "magnr": 19.243999481201172,
            "sigmagnr": 0.0989999994635582,
            "magzpsci": 26.301000595092773,
            "isdiffpos": "t",
            "ssdistnr": null,
            "ssnamenr": null,
            "drb": null
        },
        {
            "candid": 1922369460515015004,
            "jd": 2459676.8694676,
            "ra": 158.942048,
            "dec": 23.320024,
            "fid": 2,
            "nid": 1922,
            "magpsf": 18.492300033569336,
            "sigmapsf": 0.09681600332260132,
            "magnr": 18.722000122070312,
            "sigmagnr": 0.10700000077486038,
            "magzpsci": 26.17930030822754,
            "isdiffpos": "t",
            "ssdistnr": null,
            "ssnamenr": null,
            "drb": null
        },
        {
            "candid": 1924213040515015008,
            "jd": 2459678.713044,
            "ra": 158.942034,
            "dec": 23.3200553,
            "fid": 2,
            "nid": 1924,
            "magpsf": 18.52680015563965,
            "sigmapsf": 0.08558499813079834,
            "magnr": 18.722000122070312,
            "sigmagnr": 0.10700000077486038,
            "magzpsci": 26.28580093383789,
            "isdiffpos": "t",
            "ssdistnr": null,
            "ssnamenr": null,
            "drb": null
        },
        {
            "candid": 1924311270515015008,
            "jd": 2459678.8112731,
            "ra": 158.9420459,
            "dec": 23.3200607,
            "fid": 1,
            "nid": 1924,
            "magpsf": 19.349000930786133,
            "sigmapsf": 0.13065600395202637,
            "magnr": 19.243999481201172,
            "sigmagnr": 0.0989999994635582,
            "magzpsci": 26.320999145507812,
            "isdiffpos": "t",
            "ssdistnr": null,
            "ssnamenr": null,
            "drb": null
        },
        {
            "candid": 1926215910515015003,
            "jd": 2459680.7159144,
            "ra": 158.9421163,
            "dec": 23.3199937,
            "fid": 2,
            "nid": 1926,
            "magpsf": 18.596599578857422,
            "sigmapsf": 0.12963800132274628,
            "magnr": 18.722000122070312,
            "sigmagnr": 0.10700000077486038,
            "magzpsci": 26.13159942626953,
            "isdiffpos": "t",
            "ssdistnr": null,
            "ssnamenr": null,
            "drb": null
        },
        {
            "candid": 1929278400515015005,
            "jd": 2459683.7784028,
            "ra": 158.9421486,
            "dec": 23.3199912,
            "fid": 1,
            "nid": 1929,
            "magpsf": 19.791400909423828,
            "sigmapsf": 0.29708200693130493,
            "magnr": 19.243999481201172,
            "sigmagnr": 0.0989999994635582,
            "magzpsci": 26.3794002532959,
            "isdiffpos": "t",
            "ssdistnr": null,
            "ssnamenr": null,
            "drb": null
        },
        {
            "candid": 1929365740515015003,
            "jd": 2459683.8657407,
            "ra": 158.9420776,
            "dec": 23.3200793,
            "fid": 2,
            "nid": 1929,
            "magpsf": 18.90839958190918,
            "sigmapsf": 0.1402440071105957,
            "magnr": 18.722000122070312,
            "sigmagnr": 0.10700000077486038,
            "magzpsci": 26.297399520874023,
            "isdiffpos": "t",
            "ssdistnr": null,
            "ssnamenr": null,
            "drb": null
        },
        {
            "candid": 1931247160515015008,
            "jd": 2459685.7471644,
            "ra": 158.9419998,
            "dec": 23.3200724,
            "fid": 2,
            "nid": 1931,
            "magpsf": 19.069400787353516,
            "sigmapsf": 0.13875700533390045,
            "magnr": 18.722000122070312,
            "sigmagnr": 0.10700000077486038,
            "magzpsci": 26.350400924682617,
            "isdiffpos": "t",
            "ssdistnr": null,
            "ssnamenr": null,
            "drb": null
        },
        {
            "candid": 1934257990515015008,
            "jd": 2459688.7579977,
            "ra": 158.9420753,
            "dec": 23.3200323,
            "fid": 1,
            "nid": 1934,
            "magpsf": 19.967500686645508,
            "sigmapsf": 0.23306700587272644,
            "magnr": 19.243999481201172,
            "sigmagnr": 0.0989999994635582,
            "magzpsci": 26.39349937438965,
            "isdiffpos": "t",
            "ssdistnr": null,
            "ssnamenr": null,
            "drb": null
        },
        {
            "candid": 1936234140515015007,
            "jd": 2459690.7341435,
            "ra": 158.9420893,
            "dec": 23.3200457,
            "fid": 2,
            "nid": 1936,
            "magpsf": 19.24489974975586,
            "sigmapsf": 0.09681300073862076,
            "magnr": 18.722000122070312,
            "sigmagnr": 0.10700000077486038,
            "magzpsci": 26.304899215698242,
            "isdiffpos": "t",
            "ssdistnr": null,
            "ssnamenr": null,
            "drb": null
        },
        {
            "candid": 1936266800515015006,
            "jd": 2459690.7668056,
            "ra": 158.942076,
            "dec": 23.3200425,
            "fid": 1,
            "nid": 1936,
            "magpsf": 20.197999954223633,
            "sigmapsf": 0.20712800323963165,
            "magnr": 19.243999481201172,
            "sigmagnr": 0.0989999994635582,
            "magzpsci": 26.363000869750977,
            "isdiffpos": "t",
            "ssdistnr": null,
            "ssnamenr": null,
            "drb": null
        },
        {
            "candid": 1940234510515015005,
            "jd": 2459694.7345139,
            "ra": 158.9420382,
            "dec": 23.3200666,
            "fid": 2,
            "nid": 1940,
            "magpsf": 19.339799880981445,
            "sigmapsf": 0.11048100143671036,
            "magnr": 18.722000122070312,
            "sigmagnr": 0.10700000077486038,
            "magzpsci": 26.247800827026367,
            "isdiffpos": "t",
            "ssdistnr": null,
            "ssnamenr": null,
            "drb": null
        },
        {
            "candid": 1942248490515015008,
            "jd": 2459696.7484954,
            "ra": 158.9420349,
            "dec": 23.3201033,
            "fid": 2,
            "nid": 1942,
            "magpsf": 19.43316078186035,
            "sigmapsf": 0.10552000254392624,
            "magnr": 18.722000122070312,
            "sigmagnr": 0.10700000077486038,
            "magzpsci": 26.265159606933594,
            "isdiffpos": "t",
            "ssdistnr": -999.0,
            "ssnamenr": "null",
            "drb": null
        },
        {
            "jd": 2459685.8220023,
            "fid": 1,
            "diffmaglim": 18.99370002746582
        },
        {
            "jd": 2459688.8308102,
            "fid": 2,
            "diffmaglim": 18.86949920654297
        },
        {
            "jd": 2459694.8492014,
            "fid": 1,
            "diffmaglim": 19.590700149536133
        }
    ],
    "forcedphot": []
}