{
    "objectId": "ZTF21abiricn",
    "candidates": [
        {
            "candid": 1638213193215015005,
            "jd": 2459392.7131944,
            "ra": 211.1514655,
            "dec": 13.1354319,
            "fid": 1,
            "nid": 1638,
            "magpsf": 20.808700561523438,
            "sigmapsf": 0.3419469892978668,
            "magnr": 21.965999603271484,
            "sigmagnr": 0.10100000351667404,
            "magzpsci": 26.209699630737305,
            "isdiffpos": "t",
            "ssdistnr": null,
            "ssnamenr": null,
            "drb": null
        },
        {
            "candid": 1640193833215015007,
            "jd": 2459394.693831,
            "ra": 211.1515025,
            "dec": 13.1354849,
            "fid": 1,
            "nid": 1640,
            "magpsf": 20.122299194335938,
            "sigmapsf": 0.25953999161720276,
            "magnr": 21.965999603271484,
            "sigmagnr": 0.10100000351667404,
            "magzpsci": 26.029300689697266,
            "isdiffpos": "t",
            "ssdistnr": null,
            "ssnamenr": null,
            "drb": null
        },
        {
            "candid": 1642206363215015009,
            "jd": 2459396.7063657,
            "ra": 211.1514711,
            "dec": 13.135528,
            "fid": 2,
            "nid": 1642,
            "magpsf": 19.84440040588379,
            "sigmapsf": 0.14357499778270721,
            "magnr": 21.4950008392334,
            "sigmagnr": 0.10199999809265137,
            "magzpsci": 26.181400299072266,
            "isdiffpos": "t",
            "ssdistnr": null,
            "ssnamenr": null,
            "drb": null
        },
        {
            "candid": 1645207413215015007,
            "jd": 2459399.707419,
            "ra": 211.151572,
            "dec": 13.1355154,
            "fid": 2,
            "nid": 1645,
            "magpsf": 19.562000274658203,
            "sigmapsf": 0.13494400680065155,
            "magnr": 21.4950008392334,
            "sigmagnr": 0.10199999809265137,
            "magzpsci": 26.187999725341797,
            "isdiffpos": "t",
            "ssdistnr": null,
            "ssnamenr": null,
            "drb": null
        },
        {
            "candid": 1645241013215015007,
            "jd": 2459399.7410185,
            "ra": 211.1515606,
            "dec": 13.135496,
            "fid": 1,
            "nid": 1645,
            "magpsf": 19.597400665283203,
            "sigmapsf": 0.14283199608325958,
            "magnr": 21.965999603271484,
            "sigmagnr": 0.10100000351667404,
            "magzpsci": 26.146400451660156,
            "isdiffpos": "t",
            "ssdistnr": null,
            "ssnamenr": null,
            "drb": null
        },
        {
            "candid": 1647226773215015005,
            "jd": 2459401.7267708,
            "ra": 211.1515706,
            "dec": 13.1354817,
            "fid": 1,
            "nid": 1647,
            "magpsf": 19.39430046081543,
            "sigmapsf": 0.1451359987258911,
            "magnr": 21.965999603271484,
            "sigmagnr": 0.10100000351667404,
            "magzpsci": 26.207300186157227,
            "isdiffpos": "t",
            "ssdistnr": null,
            "ssnamenr": null,
            "drb": null
        },
        {
            "candid": 1647278343215015004,
            "jd": 2459401.7783449,
            "ra": 211.1515597,
            "dec": 13.1355147,
            "fid": 2,
            "nid": 1647,
            "magpsf": 19.365100860595703,
            "sigmapsf": 0.14603599905967712,
            "magnr": 21.4950008392334,
            "sigmagnr": 0.10199999809265137,
            "magzpsci": 26.180099487304688,
            "isdiffpos": "t",
            "ssdistnr": null,
            "ssnamenr": null,
            "drb": null
        },
        {
            "candid": 1649192523215015014,
            "jd": 2459403.6925231,
            "ra": 211.1515659,
            "dec": 13.1355296,
            "fid": 2,
            "nid": 1649,
            "magpsf": 19.24370002746582,
            "sigmapsf": 0.1469780057668686,
            "magnr": 21.4950008392334,
            "sigmagnr": 0.10199999809265137,
            "magzpsci": 26.18470001220703,
            "isdiffpos": "t",
            "ssdistnr": null,
            "ssnamenr": null,
            "drb": null
        },
        {
            "candid": 1651201863215015008,
            "jd": 2459405.7018634,
            "ra": 211.1515469,
            "dec": 13.1354872,
            "fid": 2,
            "nid": 1651,
            "magpsf": 19.1830997467041,
            "sigmapsf": 0.13038800656795502,
            "magnr": 21.4950008392334,
            "sigmagnr": 0.10199999809265137,
            "magzpsci": 26.15410041809082,
            "isdiffpos": "t",
            "ssdistnr": null,
            "ssnamenr": null,
            "drb": null
        },
        {
            "candid": 1651222703215015006,
            "jd": 2459405.7227083,
            "ra": 211.1515139,
            "dec": 13.1355022,
            "fid": 1,
            "nid": 1651,
            "magpsf": 19.319700241088867,
            "sigmapsf": 0.12062700092792511,
            "magnr": 21.965999603271484,
            "sigmagnr": 0.10100000351667404,
            "magzpsci": 26.09269905090332,
            "isdiffpos": "t",
            "ssdistnr": null,
            "ssnamenr": null,
            "drb": null
        },
        {
            "candid": 1653236953215015005,
            "jd": 2459407.736956,
            "ra": 211.1515314,
            "dec": 13.1355112,
            "fid": 1,
            "nid": 1653,
            "magpsf": 19.360599517822266,
            "sigmapsf": 0.16293400526046753,
            "magnr": 21.965999603271484,
            "sigmagnr": 0.10100000351667404,
            "magzpsci": 25.92259979248047,
            "isdiffpos": "t",
            "ssdistnr": null,
            "ssnamenr": null,
            "drb": null
        },
        {
            "candid": 1655187613215015004,
            "jd": 2459409.6876157,
            "ra": 211.151559,
            "dec": 13.1355394,
            "fid": 2,
            "nid": 1655,
            "magpsf": 19.125099182128906,
            "sigmapsf": 0.1205739974975586,
            "magnr": 21.4950008392334,
            "sigmagnr": 0.10199999809265137,
            "magzpsci": 26.068099975585938,
            "isdiffpos": "t",
            "ssdistnr": null,
            "ssnamenr": null,
            "drb": null
        },
        {
            "candid": 1655225353215015008,
            "jd": 2459409.7253588,
            "ra": 211.1515583,
            "dec": 13.1355024,
            "fid": 1,
            "nid": 1655,
            "magpsf": 19.18899917602539,
            "sigmapsf": 0.12782500684261322,
            "magnr": 21.965999603271484,
            "sigmagnr": 0.10100000351667404,
            "magzpsci": 25.92099952697754,
            "isdiffpos": "t",
            "ssdistnr": null,
            "ssnamenr": null,
            "drb": null
        },
        {
            "candid": 1657218553215015008,
            "jd": 2459411.7185532,
            "ra": 211.1515979,
            "dec": 13.1355135,
            "fid": 2,
            "nid": 1657,
            "magpsf": 19.010740280151367,
            "sigmapsf": 0.16118000447750092,
            "magnr": 21.4950008392334,
            "sigmagnr": 0.10199999809265137,
            "magzpsci": 25.988740921020508,
            "isdiffpos": "t",
            "ssdistnr": -999.0,
            "ssnamenr": "null",
            "drb": null
        },
        {
            "jd": 2459366.7246296,
            "fid": 2,
            "diffmaglim": 20.55270004272461
        },
        {
            "jd": 2459366.7532407,
            "fid": 1,
            "diffmaglim": 20.611299514770508
        },
        {
            "jd": 2459368.6903241,
            "fid": 1,
            "diffmaglim": 20.707700729370117
        },
        {
            "jd": 2459368.7281481,
            "fid": 2,
            "diffmaglim": 20.66790008544922
        },
        {
            "jd": 2459370.7139468,
            "fid": 1,
            "diffmaglim": 20.56329917907715
        },
        {
            "jd": 2459372.8080671,
            "fid": 2,
            "diffmaglim": 20.47570037841797
        },
        {
            "jd": 2459374.7202199,
            "fid": 1,
            "diffmaglim": 20.6205997467041
        },
        {
            "jd": 2459376.7144097,
            "fid": 1,
            "diffmaglim": 20.53730010986328
        },
        {
            "jd": 2459376.7694097,
            "fid": 2,
            "diffmaglim": 20.501399993896484
        },
        {
            "jd": 2459378.6925694,
            "fid": 1,
            "diffmaglim": 20.588499069213867
        },
        {
            "jd": 2459378.7357986,
            "fid": 2,
            "diffmaglim": 20.5137996673584
        },
        {
            "jd": 2459380.7287269,
            "fid": 2,
            "diffmaglim": 18.954999923706055
        },
        {
            "jd": 2459380.755081,
            "fid": 1,
            "diffmaglim": 19.067399978637695
        },
        {
            "jd": 2459382.7052431,
            "fid": 2,
            "diffmaglim": 19.23310089111328
        },
        {
            "jd": 2459382.7139468,
            "fid": 1,
            "diffmaglim": 19.666099548339844
        },
        {
            "jd": 2459384.7030903,
            "fid": 2,
            "diffmaglim": 19.339799880981445
        },
        {
            "jd": 2459384.7275,
            "fid": 1,
            "diffmaglim": 17.390199661254883
        },
        {
            "jd": 2459386.6911574,
            "fid": 2,
            "diffmaglim": 19.351200103759766
        },
        {
            "jd": 2459390.7115972,
            "fid": 1,
            "diffmaglim": 19.607799530029297
        },
        {
            "jd": 2459390.7961921,
            "fid": 2,
            "diffmaglim": 19.613100051879883
        },
        {
            "jd": 2459392.8208796,
            "fid": 2,
            "diffmaglim": 19.346099853515625
        },
        {
            "jd": 2459394.8050926,
            "fid": 2,
            "diffmaglim": 18.805400848388672
        },
        {
            "jd": 2459396.7358565,
            "fid": 1,
            "diffmaglim": 20.588300704956055
        }
    ],
    "forcedphot": []
}