{
    "objectId": "ZTF22abexkqi",
    "candidates": [
        {
            "candid": 2099449535415015016,
            "jd": 2459853.949537,
            "ra": 133.6916357,
            "dec": 78.8301709,
            "fid": 2,
            "nid": 2099,
            "magpsf": 18.259000778198242,
            "sigmapsf": 0.05429999902844429,
            "magnr": 20.898000717163086,
            "sigmagnr": 0.07599999755620956,
            "magzpsci": 26.22800064086914,
            "isdiffpos": "t",
            "ssdistnr": null,
            "ssnamenr": null,
            "drb": null
        },
        {
            "candid": 2099466045415015017,
            "jd": 2459853.9660417,
            "ra": 133.6916464,
            "dec": 78.8301541,
            "fid": 1,
            "nid": 2099,
            "magpsf": 18.102800369262695,
            "sigmapsf": 0.05959299951791763,
            "magnr": 21.114999771118164,
            "sigmagnr": 0.10599999874830246,
            "magzpsci": 26.23780059814453,
            "isdiffpos": "t",
            "ssdistnr": null,
            "ssnamenr": null,
            "drb": null
        },
        {
            "candid": 2101469715415015025,
            "jd": 2459855.9697106,
            "ra": 133.6915444,
            "dec": 78.83016,
            "fid": 1,
            "nid": 2101,
            "magpsf": 18.07670021057129,
            "sigmapsf": 0.06051100045442581,
            "magnr": 21.114999771118164,
            "sigmagnr": 0.10599999874830246,
            "magzpsci": 26.193700790405273,
            "isdiffpos": "t",
            "ssdistnr": null,
            "ssnamenr": null,
            "drb": null
        },
        {
            "candid": 2107499655415015007,
            "jd": 2459861.9996528,
            "ra": 133.6916722,
            "dec": 78.8301432,
            "fid": 2,
            "nid": 2107,
            "magpsf": 18.25550079345703,
            "sigmapsf": 0.0698470026254654,
            "magnr": 20.898000717163086,
            "sigmagnr": 0.07599999755620956,
            "magzpsci": 26.196500778198242,
            "isdiffpos": "t",
            "ssdistnr": null,
            "ssnamenr": null,
            "drb": null
        },
        {
            "candid": 2110440055415015003,
            "jd": 2459864.9400579,
            "ra": 133.6916275,
            "dec": 78.830162,
            "fid": 1,
            "nid": 2110,
            "magpsf": 18.002300262451172,
            "sigmapsf": 0.07599499821662903,
            "magnr": 21.114999771118164,
            "sigmagnr": 0.10599999874830246,
            "magzpsci": 26.211299896240234,
            "isdiffpos": "t",
            "ssdistnr": null,
            "ssnamenr": null,
            "drb": null
        },
        {
            "candid": 2110496445415015007,
            "jd": 2459864.9964468,
            "ra": 133.6915087,
            "dec": 78.8301626,
            "fid": 2,
            "nid": 2110,
            "magpsf": 18.09469985961914,
            "sigmapsf": 0.0711119994521141,
            "magnr": 20.898000717163086,
            "sigmagnr": 0.07599999755620956,
            "magzpsci": 26.17569923400879,
            "isdiffpos": "t",
            "ssdistnr": null,
            "ssnamenr": null,
            "drb": null
        },
        {
            "candid": 2112452965415015005,
            "jd": 2459866.952963,
            "ra": 133.6915321,
            "dec": 78.8301562,
            "fid": 1,
            "nid": 2112,
            "magpsf": 17.98310089111328,
            "sigmapsf": 0.07532300055027008,
            "magnr": 21.114999771118164,
            "sigmagnr": 0.10599999874830246,
            "magzpsci": 26.230100631713867,
            "isdiffpos": "t",
            "ssdistnr": null,
            "ssnamenr": null,
            "drb": null
        },
        {
            "candid": 2112488925415015005,
            "jd": 2459866.9889236,
            "ra": 133.6916373,
            "dec": 78.8301613,
            "fid": 2,
            "nid": 2112,
            "magpsf": 18.123199462890625,
            "sigmapsf": 0.07267499715089798,
            "magnr": 20.898000717163086,
            "sigmagnr": 0.07599999755620956,
            "magzpsci": 26.21419906616211,
            "isdiffpos": "t",
            "ssdistnr": null,
            "ssnamenr": null,
            "drb": null
        },
        {
            "candid": 2115476065415015004,
            "jd": 2459869.9760648,
            "ra": 133.6915856,
            "dec": 78.8301414,
            "fid": 1,
            "nid": 2115,
            "magpsf": 17.962400436401367,
            "sigmapsf": 0.07346700131893158,
            "magnr": 21.114999771118164,
            "sigmagnr": 0.10599999874830246,
            "magzpsci": 26.233400344848633,
            "isdiffpos": "t",
            "ssdistnr": null,
            "ssnamenr": null,
            "drb": null
        },
        {
            "candid": 2115496295415015010,
            "jd": 2459869.9962963,
            "ra": 133.691615,
            "dec": 78.8301578,
            "fid": 2,
            "nid": 2115,
            "magpsf": 18.132699966430664,
            "sigmapsf": 0.06410299986600876,
            "magnr": 20.898000717163086,
            "sigmagnr": 0.07599999755620956,
            "magzpsci": 26.185699462890625,
            "isdiffpos": "t",
            "ssdistnr": null,
            "ssnamenr": null,
            "drb": null
        },
        {
            "candid": 2118418325415015002,
            "jd": 2459872.9183218,
            "ra": 133.6917554,
            "dec": 78.8301276,
            "fid": 2,
            "nid": 2118,
            "magpsf": 18.122299194335938,
            "sigmapsf": 0.07518099993467331,
            "magnr": 20.898000717163086,
            "sigmagnr": 0.07599999755620956,
            "magzpsci": 26.21030044555664,
            "isdiffpos": "t",
            "ssdistnr": null,
            "ssnamenr": null,
            "drb": null
        },
        {
            "candid": 2118470685415015040,
            "jd": 2459872.9706829,
            "ra": 133.6916123,
            "dec": 78.8301742,
            "fid": 1,
            "nid": 2118,
            "magpsf": 17.955799102783203,
            "sigmapsf": 0.0504550002515316,
            "magnr": 21.114999771118164,
            "sigmagnr": 0.10599999874830246,
            "magzpsci": 26.003799438476562,
            "isdiffpos": "t",
            "ssdistnr": null,
            "ssnamenr": null,
            "drb": null
        },
        {
            "candid": 2120449885415015026,
            "jd": 2459874.9498843,
            "ra": 133.6916521,
            "dec": 78.8301526,
            "fid": 1,
            "nid": 2120,
            "magpsf": 18.03700065612793,
            "sigmapsf": 0.04702100157737732,
            "magnr": 21.114999771118164,
            "sigmagnr": 0.10599999874830246,
            "magzpsci": 26.256000518798828,
            "isdiffpos": "t",
            "ssdistnr": null,
            "ssnamenr": null,
            "drb": null
        },
        {
            "candid": 2120492305415015007,
            "jd": 2459874.9923032,
            "ra": 133.6917169,
            "dec": 78.8301588,
            "fid": 2,
            "nid": 2120,
            "magpsf": 18.15399932861328,
            "sigmapsf": 0.059925999492406845,
            "magnr": 20.898000717163086,
            "sigmagnr": 0.07599999755620956,
            "magzpsci": 26.224000930786133,
            "isdiffpos": "t",
            "ssdistnr": null,
            "ssnamenr": null,
            "drb": null
        },
        {
            "candid": 2124412365415015014,
            "jd": 2459878.9123611,
            "ra": 133.6915686,
            "dec": 78.8301441,
            "fid": 1,
            "nid": 2124,
            "magpsf": 18.054000854492188,
            "sigmapsf": 0.07110100239515305,
            "magnr": 21.114999771118164,
            "sigmagnr": 0.10599999874830246,
            "magzpsci": 26.256000518798828,
            "isdiffpos": "t",
            "ssdistnr": null,
            "ssnamenr": null,
            "drb": null
        },
        {
            "candid": 2124476965415015020,
            "jd": 2459878.9769676,
            "ra": 133.6915777,
            "dec": 78.8301554,
            "fid": 2,
            "nid": 2124,
            "magpsf": 18.171199798583984,
            "sigmapsf": 0.06472299993038177,
            "magnr": 20.898000717163086,
            "sigmagnr": 0.07599999755620956,
            "magzpsci": 26.228200912475586,
            "isdiffpos": "t",
            "ssdistnr": null,
            "ssnamenr": null,
            "drb": null
        },
        {
            "candid": 2126364455415015004,
            "jd": 2459880.864456,
            "ra": 133.6917234,
            "dec": 78.8301057,
            "fid": 1,
            "nid": 2126,
            "magpsf": 18.076099395751953,
            "sigmapsf": 0.08219499886035919,
            "magnr": 21.114999771118164,
            "sigmagnr": 0.10599999874830246,
            "magzpsci": 26.21809959411621,
            "isdiffpos": "t",
            "ssdistnr": null,
            "ssnamenr": null,
            "drb": null
        },
        {
            "candid": 2126472875415015007,
            "jd": 2459880.9728704,
            "ra": 133.6916361,
            "dec": 78.8301441,
            "fid": 2,
            "nid": 2126,
            "magpsf": 18.153900146484375,
            "sigmapsf": 0.06309299916028976,
            "magnr": 20.898000717163086,
            "sigmagnr": 0.07599999755620956,
            "magzpsci": 26.224899291992188,
            "isdiffpos": "t",
            "ssdistnr": null,
            "ssnamenr": null,
            "drb": null
        },
        {
            "candid": 2128408965415015065,
            "jd": 2459882.9089699,
            "ra": 133.6916448,
            "dec": 78.8301704,
            "fid": 1,
            "nid": 2128,
            "magpsf": 18.019100189208984,
            "sigmapsf": 0.08887600153684616,
            "magnr": 21.114999771118164,
            "sigmagnr": 0.10599999874830246,
            "magzpsci": 25.276100158691406,
            "isdiffpos": "t",
            "ssdistnr": null,
            "ssnamenr": null,
            "drb": null
        },
        {
            "candid": 2128467405415015004,
            "jd": 2459882.9674074,
            "ra": 133.6915611,
            "dec": 78.8301504,
            "fid": 2,
            "nid": 2128,
            "magpsf": 18.19420051574707,
            "sigmapsf": 0.11386100202798843,
            "magnr": 20.898000717163086,
            "sigmagnr": 0.07599999755620956,
            "magzpsci": 25.879199981689453,
            "isdiffpos": "t",
            "ssdistnr": null,
            "ssnamenr": null,
            "drb": null
        },
        {
            "candid": 2133365835415015001,
            "jd": 2459887.8658333,
            "ra": 133.691328,
            "dec": 78.8301397,
            "fid": 1,
            "nid": 2133,
            "magpsf": 18.04319953918457,
            "sigmapsf": 0.10819300264120102,
            "magnr": 21.114999771118164,
            "sigmagnr": 0.10599999874830246,
            "magzpsci": 26.23419952392578,
            "isdiffpos": "t",
            "ssdistnr": null,
            "ssnamenr": null,
            "drb": null
        },
        {
            "candid": 2133407755415015038,
            "jd": 2459887.9077546,
            "ra": 133.6916744,
            "dec": 78.830155,
            "fid": 2,
            "nid": 2133,
            "magpsf": 18.10740089416504,
            "sigmapsf": 0.06768599897623062,
            "magnr": 20.898000717163086,
            "sigmagnr": 0.07599999755620956,
            "magzpsci": 26.185400009155273,
            "isdiffpos": "t",
            "ssdistnr": null,
            "ssnamenr": null,
            "drb": null
        },
        {
            "candid": 2135387755415015010,
            "jd": 2459889.8877546,
            "ra": 133.6916887,
            "dec": 78.8301348,
            "fid": 2,
            "nid": 2135,
            "magpsf": 18.26729965209961,
            "sigmapsf": 0.10395999997854233,
            "magnr": 20.898000717163086,
            "sigmagnr": 0.07599999755620956,
            "magzpsci": 26.226299285888672,
            "isdiffpos": "t",
            "ssdistnr": null,
            "ssnamenr": null,
            "drb": null
        },
        {
            "candid": 2135410645415015005,
            "jd": 2459889.9106481,
            "ra": 133.6915381,
            "dec": 78.8301204,
            "fid": 1,
            "nid": 2135,
            "magpsf": 18.095800399780273,
            "sigmapsf": 0.0934320017695427,
            "magnr": 21.114999771118164,
            "sigmagnr": 0.10599999874830246,
            "magzpsci": 26.27280044555664,
            "isdiffpos": "t",
            "ssdistnr": null,
            "ssnamenr": null,
            "drb": null
        },
        {
            "candid": 2141322775415015009,
            "jd": 2459895.8227778,
            "ra": 133.6916257,
            "dec": 78.8301701,
            "fid": 1,
            "nid": 2141,
            "magpsf": 18.569400787353516,
            "sigmapsf": 0.117808997631073,
            "magnr": 21.114999771118164,
            "sigmagnr": 0.10599999874830246,
            "magzpsci": 26.20240020751953,
            "isdiffpos": "t",
            "ssdistnr": null,
            "ssnamenr": null,
            "drb": null
        },
        {
            "candid": 2141406655415015008,
            "jd": 2459895.9066551,
            "ra": 133.6916622,
            "dec": 78.8301702,
            "fid": 2,
            "nid": 2141,
            "magpsf": 18.544300079345703,
            "sigmapsf": 0.1020829975605011,
            "magnr": 20.898000717163086,
            "sigmagnr": 0.07599999755620956,
            "magzpsci": 26.2273006439209,
            "isdiffpos": "t",
            "ssdistnr": null,
            "ssnamenr": null,
            "drb": null
        },
        {
            "candid": 2143347545415015003,
            "jd": 2459897.8475463,
            "ra": 133.6920485,
            "dec": 78.8301881,
            "fid": 2,
            "nid": 2143,
            "magpsf": 18.606000900268555,
            "sigmapsf": 0.14240999519824982,
            "magnr": 20.898000717163086,
            "sigmagnr": 0.07599999755620956,
            "magzpsci": 26.19499969482422,
            "isdiffpos": "t",
            "ssdistnr": null,
            "ssnamenr": null,
            "drb": null
        },
        {
            "candid": 2143452825415015005,
            "jd": 2459897.9528241,
            "ra": 133.6915008,
            "dec": 78.83016,
            "fid": 1,
            "nid": 2143,
            "magpsf": 18.541099548339844,
            "sigmapsf": 0.1312759965658188,
            "magnr": 21.114999771118164,
            "sigmagnr": 0.10599999874830246,
            "magzpsci": 26.270099639892578,
            "isdiffpos": "t",
            "ssdistnr": null,
            "ssnamenr": null,
            "drb": null
        },
        {
            "candid": 2145342665415015011,
            "jd": 2459899.842662,
            "ra": 133.6914851,
            "dec": 78.8298709,
            "fid": 2,
            "nid": 2145,
            "magpsf": 18.77359962463379,
            "sigmapsf": 0.2230760008096695,
            "magnr": 20.898000717163086,
            "sigmagnr": 0.07599999755620956,
            "magzpsci": 26.218599319458008,
            "isdiffpos": "t",
            "ssdistnr": null,
            "ssnamenr": null,
            "drb": null
        },
        {
            "candid": 2147468475415015006,
            "jd": 2459901.9684722,
            "ra": 133.691737,
            "dec": 78.8301766,
            "fid": 1,
            "nid": 2147,
            "magpsf": 18.900699615478516,
            "sigmapsf": 0.09797400236129761,
            "magnr": 21.114999771118164,
            "sigmagnr": 0.10599999874830246,
            "magzpsci": 26.287700653076172,
            "isdiffpos": "t",
            "ssdistnr": null,
            "ssnamenr": null,
            "drb": null
        },
        {
            "candid": 2147491725415015016,
            "jd": 2459901.9917245,
            "ra": 133.6915443,
            "dec": 78.8301475,
            "fid": 2,
            "nid": 2147,
            "magpsf": 18.894800186157227,
            "sigmapsf": 0.10829800367355347,
            "magnr": 20.898000717163086,
            "sigmagnr": 0.07599999755620956,
            "magzpsci": 26.229799270629883,
            "isdiffpos": "t",
            "ssdistnr": null,
            "ssnamenr": null,
            "drb": null
        },
        {
            "candid": 2149344815415015009,
            "jd": 2459903.8448148,
            "ra": 133.6916171,
            "dec": 78.8301751,
            "fid": 2,
            "nid": 2149,
            "magpsf": 18.938899993896484,
            "sigmapsf": 0.09771700203418732,
            "magnr": 20.898000717163086,
            "sigmagnr": 0.07599999755620956,
            "magzpsci": 26.215900421142578,
            "isdiffpos": "t",
            "ssdistnr": null,
            "ssnamenr": null,
            "drb": null
        },
        {
            "candid": 2149383615415015008,
            "jd": 2459903.8836111,
            "ra": 133.6918703,
            "dec": 78.8301475,
            "fid": 1,
            "nid": 2149,
            "magpsf": 19.066499710083008,
            "sigmapsf": 0.17800599336624146,
            "magnr": 21.114999771118164,
            "sigmagnr": 0.10599999874830246,
            "magzpsci": 26.256500244140625,
            "isdiffpos": "t",
            "ssdistnr": null,
            "ssnamenr": null,
            "drb": null
        },
        {
            "candid": 2151309545415015035,
            "jd": 2459905.8095486,
            "ra": 133.6915,
            "dec": 78.830136,
            "fid": 1,
            "nid": 2151,
            "magpsf": 19.192800521850586,
            "sigmapsf": 0.11210999637842178,
            "magnr": 21.114999771118164,
            "sigmagnr": 0.10599999874830246,
            "magzpsci": 26.082799911499023,
            "isdiffpos": "t",
            "ssdistnr": null,
            "ssnamenr": null,
            "drb": null
        },
        {
            "candid": 2151350215415015004,
            "jd": 2459905.8502199,
            "ra": 133.6918488,
            "dec": 78.8300839,
            "fid": 2,
            "nid": 2151,
            "magpsf": 18.814800262451172,
            "sigmapsf": 0.19972899556159973,
            "magnr": 20.898000717163086,
            "sigmagnr": 0.07599999755620956,
            "magzpsci": 25.284799575805664,
            "isdiffpos": "t",
            "ssdistnr": null,
            "ssnamenr": null,
            "drb": null
        },
        {
            "candid": 2154370465415015012,
            "jd": 2459908.870463,
            "ra": 133.6918437,
            "dec": 78.8301346,
            "fid": 2,
            "nid": 2154,
            "magpsf": 19.187400817871094,
            "sigmapsf": 0.1444540023803711,
            "magnr": 20.898000717163086,
            "sigmagnr": 0.07599999755620956,
            "magzpsci": 26.252399444580078,
            "isdiffpos": "t",
            "ssdistnr": null,
            "ssnamenr": null,
            "drb": null
        },
        {
            "candid": 2154453475415015010,
            "jd": 2459908.9534722,
            "ra": 133.6918001,
            "dec": 78.8301576,
            "fid": 1,
            "nid": 2154,
            "magpsf": 19.13249969482422,
            "sigmapsf": 0.2503350079059601,
            "magnr": 21.114999771118164,
            "sigmagnr": 0.10599999874830246,
            "magzpsci": 26.297500610351562,
            "isdiffpos": "t",
            "ssdistnr": null,
            "ssnamenr": null,
            "drb": null
        },
        {
            "candid": 2156475945415015006,
            "jd": 2459910.9759491,
            "ra": 133.6916836,
            "dec": 78.8301354,
            "fid": 2,
            "nid": 2156,
            "magpsf": 19.042400360107422,
            "sigmapsf": 0.11265700310468674,
            "magnr": 20.898000717163086,
            "sigmagnr": 0.07599999755620956,
            "magzpsci": 26.249399185180664,
            "isdiffpos": "t",
            "ssdistnr": null,
            "ssnamenr": null,
            "drb": null
        },
        {
            "candid": 2156488645415015011,
            "jd": 2459910.9886458,
            "ra": 133.691776,
            "dec": 78.8301224,
            "fid": 1,
            "nid": 2156,
            "magpsf": 19.196300506591797,
            "sigmapsf": 0.11482100188732147,
            "magnr": 21.114999771118164,
            "sigmagnr": 0.10599999874830246,
            "magzpsci": 26.29330062866211,
            "isdiffpos": "t",
            "ssdistnr": null,
            "ssnamenr": null,
            "drb": null
        },
        {
            "candid": 2169347045415015001,
            "jd": 2459923.8470486,
            "ra": 133.6917189,
            "dec": 78.8301884,
            "fid": 2,
            "nid": 2169,
            "magpsf": 19.396799087524414,
            "sigmapsf": 0.19642899930477142,
            "magnr": 20.898000717163086,
            "sigmagnr": 0.07599999755620956,
            "magzpsci": 26.221799850463867,
            "isdiffpos": "t",
            "ssdistnr": null,
            "ssnamenr": null,
            "drb": null
        },
        {
            "candid": 2169404645415015004,
            "jd": 2459923.9046412,
            "ra": 133.6917273,
            "dec": 78.8301653,
            "fid": 1,
            "nid": 2169,
            "magpsf": 19.486299514770508,
            "sigmapsf": 0.24071000516414642,
            "magnr": 21.114999771118164,
            "sigmagnr": 0.10599999874830246,
            "magzpsci": 26.290300369262695,
            "isdiffpos": "t",
            "ssdistnr": null,
            "ssnamenr": null,
            "drb": null
        },
        {
            "candid": 2176323905415015006,
            "jd": 2459930.8239005,
            "ra": 133.6918219,
            "dec": 78.8301363,
            "fid": 1,
            "nid": 2176,
            "magpsf": 19.664100646972656,
            "sigmapsf": 0.20374199748039246,
            "magnr": 21.114999771118164,
            "sigmagnr": 0.10599999874830246,
            "magzpsci": 26.26110076904297,
            "isdiffpos": "t",
            "ssdistnr": null,
            "ssnamenr": null,
            "drb": null
        },
        {
            "candid": 2176346755415015016,
            "jd": 2459930.8467593,
            "ra": 133.6916582,
            "dec": 78.8300962,
            "fid": 2,
            "nid": 2176,
            "magpsf": 19.380300521850586,
            "sigmapsf": 0.1463640034198761,
            "magnr": 20.898000717163086,
            "sigmagnr": 0.07599999755620956,
            "magzpsci": 26.216299057006836,
            "isdiffpos": "t",
            "ssdistnr": null,
            "ssnamenr": null,
            "drb": null
        },
        {
            "candid": 2183301785415015103,
            "jd": 2459937.8017824,
            "ra": 133.6919805,
            "dec": 78.8301459,
            "fid": 2,
            "nid": 2183,
            "magpsf": 19.402324676513672,
            "sigmapsf": 0.16362036764621735,
            "magnr": 20.898000717163086,
            "sigmagnr": 0.07599999755620956,
            "magzpsci": 26.245323181152344,
            "isdiffpos": "t",
            "ssdistnr": -999.0,
            "ssnamenr": "null",
            "drb": null
        },
        {
            "jd": 2459861.9464352,
            "fid": 1,
            "diffmaglim": 16.658300399780273
        },
        {
            "jd": 2459933.9091551,
            "fid": 2,
            "diffmaglim": 19.315500259399414
        },
        {
            "jd": 2459935.8043866,
            "fid": 2,
            "diffmaglim": 19.38479995727539
        }
    ],
    "forcedphot": []
}