{
    "objectId": "ZTF22aakpyqw",
    "candidates": [
        {
            "candid": 1968233555015015254,
            "jd": 2459722.7335532,
            "ra": 209.1048724,
            "dec": -0.2500209,
            "fid": 1,
            "nid": 1968,
            "magpsf": 19.807600021362305,
            "sigmapsf": 0.1996140033006668,
            "magnr": 19.8439998626709,
            "sigmagnr": 0.125,
            "magzpsci": 26.278600692749023,
            "isdiffpos": "t",
            "ssdistnr": null,
            "ssnamenr": null,
            "drb": null
        },
        {
            "candid": 1968292885015015011,
            "jd": 2459722.7928819,
            "ra": 209.1047623,
            "dec": -0.2500613,
            "fid": 1,
            "nid": 1968,
            "magpsf": 19.66069984436035,
            "sigmapsf": 0.22008900344371796,
            "magnr": 19.8439998626709,
            "sigmagnr": 0.125,
            "magzpsci": 26.228700637817383,
            "isdiffpos": "t",
            "ssdistnr": null,
            "ssnamenr": null,
            "drb": null
        },
        {
            "candid": 1970274625015015010,
            "jd": 2459724.7746296,
            "ra": 209.104804,
            "dec": -0.2500712,
            "fid": 2,
            "nid": 1970,
            "magpsf": 19.264799118041992,
            "sigmapsf": 0.1267389953136444,
            "magnr": 19.20599937438965,
            "sigmagnr": 0.11800000071525574,
            "magzpsci": 26.21780014038086,
            "isdiffpos": "t",
            "ssdistnr": null,
            "ssnamenr": null,
            "drb": null
        },
        {
            "candid": 1970317915015015013,
            "jd": 2459724.8179167,
            "ra": 209.1047974,
            "dec": -0.2500542,
            "fid": 1,
            "nid": 1970,
            "magpsf": 19.364200592041016,
            "sigmapsf": 0.15284299850463867,
            "magnr": 19.8439998626709,
            "sigmagnr": 0.125,
            "magzpsci": 26.23419952392578,
            "isdiffpos": "t",
            "ssdistnr": null,
            "ssnamenr": null,
            "drb": null
        },
        {
            "candid": 1972231315015015012,
            "jd": 2459726.7313194,
            "ra": 209.1048019,
            "dec": -0.2500596,
            "fid": 1,
            "nid": 1972,
            "magpsf": 18.94529914855957,
            "sigmapsf": 0.11209399998188019,
            "magnr": 19.8439998626709,
            "sigmagnr": 0.125,
            "magzpsci": 26.332300186157227,
            "isdiffpos": "t",
            "ssdistnr": null,
            "ssnamenr": null,
            "drb": null
        },
        {
            "candid": 1972336905015015008,
            "jd": 2459726.8369097,
            "ra": 209.104783,
            "dec": -0.2500931,
            "fid": 2,
            "nid": 1972,
            "magpsf": 18.882200241088867,
            "sigmapsf": 0.0880960002541542,
            "magnr": 19.20599937438965,
            "sigmagnr": 0.11800000071525574,
            "magzpsci": 26.243200302124023,
            "isdiffpos": "t",
            "ssdistnr": null,
            "ssnamenr": null,
            "drb": null
        },
        {
            "candid": 1976298375015015010,
            "jd": 2459730.7983796,
            "ra": 209.104792,
            "dec": -0.250082,
            "fid": 1,
            "nid": 1976,
            "magpsf": 18.464799880981445,
            "sigmapsf": 0.10443200170993805,
            "magnr": 19.8439998626709,
            "sigmagnr": 0.125,
            "magzpsci": 26.291799545288086,
            "isdiffpos": "t",
            "ssdistnr": null,
            "ssnamenr": null,
            "drb": null
        },
        {
            "candid": 1978204095015015015,
            "jd": 2459732.7040972,
            "ra": 209.1047951,
            "dec": -0.2500699,
            "fid": 2,
            "nid": 1978,
            "magpsf": 18.24839973449707,
            "sigmapsf": 0.08930899947881699,
            "magnr": 19.20599937438965,
            "sigmagnr": 0.11800000071525574,
            "magzpsci": 26.273399353027344,
            "isdiffpos": "t",
            "ssdistnr": null,
            "ssnamenr": null,
            "drb": null
        },
        {
            "candid": 1978255675015015009,
            "jd": 2459732.7556713,
            "ra": 209.1047989,
            "dec": -0.2500737,
            "fid": 1,
            "nid": 1978,
            "magpsf": 18.37540054321289,
            "sigmapsf": 0.07826100289821625,
            "magnr": 19.8439998626709,
            "sigmagnr": 0.125,
            "magzpsci": 26.312400817871094,
            "isdiffpos": "t",
            "ssdistnr": null,
            "ssnamenr": null,
            "drb": null
        },
        {
            "candid": 1980193645015015008,
            "jd": 2459734.6936458,
            "ra": 209.1047982,
            "dec": -0.2500833,
            "fid": 1,
            "nid": 1980,
            "magpsf": 18.260299682617188,
            "sigmapsf": 0.09496500343084335,
            "magnr": 19.8439998626709,
            "sigmagnr": 0.125,
            "magzpsci": 26.2632999420166,
            "isdiffpos": "t",
            "ssdistnr": null,
            "ssnamenr": null,
            "drb": null
        },
        {
            "candid": 1980213195015015008,
            "jd": 2459734.7131944,
            "ra": 209.104799,
            "dec": -0.2500616,
            "fid": 2,
            "nid": 1980,
            "magpsf": 18.162700653076172,
            "sigmapsf": 0.07068999856710434,
            "magnr": 19.20599937438965,
            "sigmagnr": 0.11800000071525574,
            "magzpsci": 26.08769989013672,
            "isdiffpos": "t",
            "ssdistnr": null,
            "ssnamenr": null,
            "drb": null
        },
        {
            "candid": 1982191905015015015,
            "jd": 2459736.6919097,
            "ra": 209.1047851,
            "dec": -0.250071,
            "fid": 2,
            "nid": 1982,
            "magpsf": 18.03059959411621,
            "sigmapsf": 0.060798000544309616,
            "magnr": 19.20599937438965,
            "sigmagnr": 0.11800000071525574,
            "magzpsci": 26.283599853515625,
            "isdiffpos": "t",
            "ssdistnr": null,
            "ssnamenr": null,
            "drb": null
        },
        {
            "candid": 1982252635015015009,
            "jd": 2459736.7526389,
            "ra": 209.1047727,
            "dec": -0.2500899,
            "fid": 1,
            "nid": 1982,
            "magpsf": 18.257299423217773,
            "sigmapsf": 0.08511999994516373,
            "magnr": 19.8439998626709,
            "sigmagnr": 0.125,
            "magzpsci": 26.33530044555664,
            "isdiffpos": "t",
            "ssdistnr": null,
            "ssnamenr": null,
            "drb": null
        },
        {
            "candid": 1984190305015015006,
            "jd": 2459738.6903009,
            "ra": 209.1048058,
            "dec": -0.2500962,
            "fid": 1,
            "nid": 1984,
            "magpsf": 18.236099243164062,
            "sigmapsf": 0.10066100209951401,
            "magnr": 19.8439998626709,
            "sigmagnr": 0.125,
            "magzpsci": 26.3080997467041,
            "isdiffpos": "t",
            "ssdistnr": null,
            "ssnamenr": null,
            "drb": null
        },
        {
            "candid": 1984250595015015010,
            "jd": 2459738.7505903,
            "ra": 209.1047728,
            "dec": -0.2500683,
            "fid": 2,
            "nid": 1984,
            "magpsf": 18.011999130249023,
            "sigmapsf": 0.05857300013303757,
            "magnr": 19.20599937438965,
            "sigmagnr": 0.11800000071525574,
            "magzpsci": 26.233999252319336,
            "isdiffpos": "t",
            "ssdistnr": null,
            "ssnamenr": null,
            "drb": null
        },
        {
            "candid": 1988253635015015004,
            "jd": 2459742.7536343,
            "ra": 209.1047767,
            "dec": -0.2500724,
            "fid": 2,
            "nid": 1988,
            "magpsf": 18.04050064086914,
            "sigmapsf": 0.09818299859762192,
            "magnr": 19.20599937438965,
            "sigmagnr": 0.11800000071525574,
            "magzpsci": 26.26449966430664,
            "isdiffpos": "t",
            "ssdistnr": null,
            "ssnamenr": null,
            "drb": null
        },
        {
            "candid": 1988294185015015002,
            "jd": 2459742.7941898,
            "ra": 209.1047811,
            "dec": -0.250112,
            "fid": 1,
            "nid": 1988,
            "magpsf": 18.278099060058594,
            "sigmapsf": 0.1117750033736229,
            "magnr": 19.8439998626709,
            "sigmagnr": 0.125,
            "magzpsci": 26.24209976196289,
            "isdiffpos": "t",
            "ssdistnr": null,
            "ssnamenr": null,
            "drb": null
        },
        {
            "candid": 1990242185015015003,
            "jd": 2459744.7421875,
            "ra": 209.1047071,
            "dec": -0.2501286,
            "fid": 1,
            "nid": 1990,
            "magpsf": 18.30929946899414,
            "sigmapsf": 0.14011499285697937,
            "magnr": 19.8439998626709,
            "sigmagnr": 0.125,
            "magzpsci": 26.32830047607422,
            "isdiffpos": "t",
            "ssdistnr": null,
            "ssnamenr": null,
            "drb": null
        },
        {
            "candid": 1994320635015015010,
            "jd": 2459748.8206366,
            "ra": 209.1047587,
            "dec": -0.2500182,
            "fid": 2,
            "nid": 1994,
            "magpsf": 18.095800399780273,
            "sigmapsf": 0.10220599919557571,
            "magnr": 19.20599937438965,
            "sigmagnr": 0.11800000071525574,
            "magzpsci": 26.19879913330078,
            "isdiffpos": "t",
            "ssdistnr": null,
            "ssnamenr": null,
            "drb": null
        },
        {
            "candid": 1996189445015015010,
            "jd": 2459750.6894444,
            "ra": 209.1047894,
            "dec": -0.2500526,
            "fid": 2,
            "nid": 1996,
            "magpsf": 18.24220085144043,
            "sigmapsf": 0.07839199900627136,
            "magnr": 19.20599937438965,
            "sigmagnr": 0.11800000071525574,
            "magzpsci": 26.268199920654297,
            "isdiffpos": "t",
            "ssdistnr": null,
            "ssnamenr": null,
            "drb": null
        },
        {
            "candid": 1999208745015015011,
            "jd": 2459753.70875,
            "ra": 209.1047924,
            "dec": -0.2500774,
            "fid": 2,
            "nid": 1999,
            "magpsf": 18.369300842285156,
            "sigmapsf": 0.08408699929714203,
            "magnr": 19.20599937438965,
            "sigmagnr": 0.11800000071525574,
            "magzpsci": 26.21430015563965,
            "isdiffpos": "t",
            "ssdistnr": null,
            "ssnamenr": null,
            "drb": null
        },
        {
            "candid": 1999248635015015010,
            "jd": 2459753.7486343,
            "ra": 209.1047662,
            "dec": -0.2500632,
            "fid": 1,
            "nid": 1999,
            "magpsf": 19.197900772094727,
            "sigmapsf": 0.13602599501609802,
            "magnr": 19.8439998626709,
            "sigmagnr": 0.125,
            "magzpsci": 26.23889923095703,
            "isdiffpos": "t",
            "ssdistnr": null,
            "ssnamenr": null,
            "drb": null
        },
        {
            "candid": 2002192705015015018,
            "jd": 2459756.6927083,
            "ra": 209.1047875,
            "dec": -0.250078,
            "fid": 2,
            "nid": 2002,
            "magpsf": 18.492799758911133,
            "sigmapsf": 0.07459200173616409,
            "magnr": 19.20599937438965,
            "sigmagnr": 0.11800000071525574,
            "magzpsci": 26.297800064086914,
            "isdiffpos": "t",
            "ssdistnr": null,
            "ssnamenr": null,
            "drb": null
        },
        {
            "candid": 2002267265015015006,
            "jd": 2459756.7672685,
            "ra": 209.1047628,
            "dec": -0.2501129,
            "fid": 1,
            "nid": 2002,
            "magpsf": 19.442100524902344,
            "sigmapsf": 0.16340099275112152,
            "magnr": 19.8439998626709,
            "sigmagnr": 0.125,
            "magzpsci": 26.278099060058594,
            "isdiffpos": "t",
            "ssdistnr": null,
            "ssnamenr": null,
            "drb": null
        },
        {
            "candid": 2004214235015015012,
            "jd": 2459758.7142361,
            "ra": 209.1047988,
            "dec": -0.2500455,
            "fid": 1,
            "nid": 2004,
            "magpsf": 19.582599639892578,
            "sigmapsf": 0.1897979974746704,
            "magnr": 19.8439998626709,
            "sigmagnr": 0.125,
            "magzpsci": 26.239599227905273,
            "isdiffpos": "t",
            "ssdistnr": null,
            "ssnamenr": null,
            "drb": null
        },
        {
            "candid": 2004287515015015010,
            "jd": 2459758.7875116,
            "ra": 209.1047835,
            "dec": -0.2500604,
            "fid": 2,
            "nid": 2004,
            "magpsf": 18.59980010986328,
            "sigmapsf": 0.0968559980392456,
            "magnr": 19.20599937438965,
            "sigmagnr": 0.11800000071525574,
            "magzpsci": 26.09779930114746,
            "isdiffpos": "t",
            "ssdistnr": null,
            "ssnamenr": null,
            "drb": null
        },
        {
            "candid": 2006215815015015004,
            "jd": 2459760.7158102,
            "ra": 209.104734,
            "dec": -0.2499957,
            "fid": 1,
            "nid": 2006,
            "magpsf": 19.515199661254883,
            "sigmapsf": 0.1680700033903122,
            "magnr": 19.8439998626709,
            "sigmagnr": 0.125,
            "magzpsci": 26.267200469970703,
            "isdiffpos": "t",
            "ssdistnr": null,
            "ssnamenr": null,
            "drb": null
        },
        {
            "candid": 2006274575015015005,
            "jd": 2459760.7745718,
            "ra": 209.104775,
            "dec": -0.250052,
            "fid": 2,
            "nid": 2006,
            "magpsf": 18.720500946044922,
            "sigmapsf": 0.11664299666881561,
            "magnr": 19.20599937438965,
            "sigmagnr": 0.11800000071525574,
            "magzpsci": 26.1825008392334,
            "isdiffpos": "t",
            "ssdistnr": null,
            "ssnamenr": null,
            "drb": null
        },
        {
            "candid": 2008208095015015006,
            "jd": 2459762.7080903,
            "ra": 209.1045257,
            "dec": -0.2499499,
            "fid": 1,
            "nid": 2008,
            "magpsf": 19.584699630737305,
            "sigmapsf": 0.15541300177574158,
            "magnr": 19.8439998626709,
            "sigmagnr": 0.125,
            "magzpsci": 26.334699630737305,
            "isdiffpos": "t",
            "ssdistnr": null,
            "ssnamenr": null,
            "drb": null
        },
        {
            "candid": 2010228355015015010,
            "jd": 2459764.7283565,
            "ra": 209.104737,
            "dec": -0.2501022,
            "fid": 1,
            "nid": 2010,
            "magpsf": 19.745800018310547,
            "sigmapsf": 0.1640319973230362,
            "magnr": 19.8439998626709,
            "sigmagnr": 0.125,
            "magzpsci": 26.309799194335938,
            "isdiffpos": "t",
            "ssdistnr": null,
            "ssnamenr": null,
            "drb": null
        },
        {
            "candid": 2018189965015015003,
            "jd": 2459772.6899653,
            "ra": 209.1048905,
            "dec": -0.250018,
            "fid": 2,
            "nid": 2018,
            "magpsf": 18.925399780273438,
            "sigmapsf": 0.16847699880599976,
            "magnr": 19.20599937438965,
            "sigmagnr": 0.11800000071525574,
            "magzpsci": 26.23040008544922,
            "isdiffpos": "t",
            "ssdistnr": null,
            "ssnamenr": null,
            "drb": null
        },
        {
            "candid": 2018211275015015002,
            "jd": 2459772.7112731,
            "ra": 209.1047663,
            "dec": -0.250019,
            "fid": 2,
            "nid": 2018,
            "magpsf": 19.175600051879883,
            "sigmapsf": 0.19277800619602203,
            "magnr": 19.20599937438965,
            "sigmagnr": 0.11800000071525574,
            "magzpsci": 26.206600189208984,
            "isdiffpos": "t",
            "ssdistnr": null,
            "ssnamenr": null,
            "drb": null
        },
        {
            "candid": 2020214875015015005,
            "jd": 2459774.7148727,
            "ra": 209.1048062,
            "dec": -0.2500347,
            "fid": 2,
            "nid": 2020,
            "magpsf": 19.112699508666992,
            "sigmapsf": 0.1532610058784485,
            "magnr": 19.20599937438965,
            "sigmagnr": 0.11800000071525574,
            "magzpsci": 26.143699645996094,
            "isdiffpos": "t",
            "ssdistnr": null,
            "ssnamenr": null,
            "drb": null
        },
        {
            "candid": 2020232925015015004,
            "jd": 2459774.7329282,
            "ra": 209.1047168,
            "dec": -0.2500313,
            "fid": 2,
            "nid": 2020,
            "magpsf": 19.05739974975586,
            "sigmapsf": 0.16571399569511414,
            "magnr": 19.20599937438965,
            "sigmagnr": 0.11800000071525574,
            "magzpsci": 26.10740089416504,
            "isdiffpos": "t",
            "ssdistnr": null,
            "ssnamenr": null,
            "drb": null
        },
        {
            "candid": 2022187605015015009,
            "jd": 2459776.6876042,
            "ra": 209.1047842,
            "dec": -0.2500822,
            "fid": 2,
            "nid": 2022,
            "magpsf": 19.142900466918945,
            "sigmapsf": 0.11279500275850296,
            "magnr": 19.20599937438965,
            "sigmagnr": 0.11800000071525574,
            "magzpsci": 26.216899871826172,
            "isdiffpos": "t",
            "ssdistnr": null,
            "ssnamenr": null,
            "drb": null
        },
        {
            "candid": 2024184275015015003,
            "jd": 2459778.6842708,
            "ra": 209.1048052,
            "dec": -0.250064,
            "fid": 2,
            "nid": 2024,
            "magpsf": 19.18207550048828,
            "sigmapsf": 0.13238762319087982,
            "magnr": 19.20599937438965,
            "sigmagnr": 0.11800000071525574,
            "magzpsci": 26.172075271606445,
            "isdiffpos": "t",
            "ssdistnr": -999.0,
            "ssnamenr": "null",
            "drb": null
        },
        {
            "jd": 2459694.855544,
            "fid": 1,
            "diffmaglim": 20.135799407958984
        },
        {
            "jd": 2459696.7149421,
            "fid": 1,
            "diffmaglim": 20.124399185180664
        },
        {
            "jd": 2459699.8169676,
            "fid": 2,
            "diffmaglim": 20.36359977722168
        },
        {
            "jd": 2459701.8308449,
            "fid": 1,
            "diffmaglim": 20.438600540161133
        },
        {
            "jd": 2459707.7316435,
            "fid": 2,
            "diffmaglim": 19.886699676513672
        },
        {
            "jd": 2459709.7896296,
            "fid": 2,
            "diffmaglim": 20.101699829101562
        },
        {
            "jd": 2459709.816412,
            "fid": 2,
            "diffmaglim": 19.809099197387695
        },
        {
            "jd": 2459711.733125,
            "fid": 1,
            "diffmaglim": 19.335399627685547
        },
        {
            "jd": 2459715.7521181,
            "fid": 1,
            "diffmaglim": 19.082799911499023
        },
        {
            "jd": 2459719.7517593,
            "fid": 2,
            "diffmaglim": 20.457500457763672
        },
        {
            "jd": 2459719.8536574,
            "fid": 2,
            "diffmaglim": 19.352699279785156
        },
        {
            "jd": 2459762.7343519,
            "fid": 2,
            "diffmaglim": 19.98819923400879
        },
        {
            "jd": 2459770.6905093,
            "fid": 1,
            "diffmaglim": 19.452499389648438
        },
        {
            "jd": 2459770.7524769,
            "fid": 1,
            "diffmaglim": 19.233800888061523
        }
    ],
    "forcedphot": []
}