{
    "objectId": "ZTF22aaajima",
    "candidates": [
        {
            "candid": 1868440095415015001,
            "jd": 2459622.9400926,
            "ra": 175.2225157,
            "dec": -7.169631,
            "fid": 2,
            "nid": 1868,
            "magpsf": 18.25659942626953,
            "sigmapsf": 0.06553000211715698,
            "magnr": 21.03499984741211,
            "sigmagnr": 0.12800000607967377,
            "magzpsci": 26.268600463867188,
            "isdiffpos": "t",
            "ssdistnr": null,
            "ssnamenr": null,
            "drb": 1.0
        },
        {
            "candid": 1868502105415015002,
            "jd": 2459623.0021065,
            "ra": 175.2225566,
            "dec": -7.1695607,
            "fid": 1,
            "nid": 1868,
            "magpsf": 18.435100555419922,
            "sigmapsf": 0.08810800313949585,
            "magnr": 20.499000549316406,
            "sigmagnr": 0.10400000214576721,
            "magzpsci": 26.281099319458008,
            "isdiffpos": "t",
            "ssdistnr": null,
            "ssnamenr": null,
            "drb": null
        },
        {
            "candid": 1870394025415015002,
            "jd": 2459624.8940278,
            "ra": 175.2225305,
            "dec": -7.1695891,
            "fid": 2,
            "nid": 1870,
            "magpsf": 18.305700302124023,
            "sigmapsf": 0.0668570026755333,
            "magnr": 21.03499984741211,
            "sigmagnr": 0.12800000607967377,
            "magzpsci": 26.287700653076172,
            "isdiffpos": "t",
            "ssdistnr": null,
            "ssnamenr": null,
            "drb": null
        },
        {
            "candid": 1870506405415015001,
            "jd": 2459625.0064005,
            "ra": 175.222547,
            "dec": -7.1695202,
            "fid": 1,
            "nid": 1870,
            "magpsf": 18.585500717163086,
            "sigmapsf": 0.13741600513458252,
            "magnr": 20.499000549316406,
            "sigmagnr": 0.10400000214576721,
            "magzpsci": 26.269500732421875,
            "isdiffpos": "t",
            "ssdistnr": null,
            "ssnamenr": null,
            "drb": null
        },
        {
            "candid": 1873440785415015000,
            "jd": 2459627.940787,
            "ra": 175.2224133,
            "dec": -7.1698191,
            "fid": 1,
            "nid": 1873,
            "magpsf": 18.550399780273438,
            "sigmapsf": 0.24757499992847443,
            "magnr": 20.499000549316406,
            "sigmagnr": 0.10400000214576721,
            "magzpsci": 26.279399871826172,
            "isdiffpos": "t",
            "ssdistnr": null,
            "ssnamenr": null,
            "drb": null
        },
        {
            "candid": 1876333785415015001,
            "jd": 2459630.8337847,
            "ra": 175.2225095,
            "dec": -7.169566,
            "fid": 2,
            "nid": 1876,
            "magpsf": 18.35099983215332,
            "sigmapsf": 0.07343100011348724,
            "magnr": 21.03499984741211,
            "sigmagnr": 0.12800000607967377,
            "magzpsci": 26.27199935913086,
            "isdiffpos": "t",
            "ssdistnr": null,
            "ssnamenr": null,
            "drb": null
        },
        {
            "candid": 1876379945415015002,
            "jd": 2459630.8799421,
            "ra": 175.2224965,
            "dec": -7.1695717,
            "fid": 1,
            "nid": 1876,
            "magpsf": 18.744400024414062,
            "sigmapsf": 0.11300300061702728,
            "magnr": 20.499000549316406,
            "sigmagnr": 0.10400000214576721,
            "magzpsci": 26.367399215698242,
            "isdiffpos": "t",
            "ssdistnr": null,
            "ssnamenr": null,
            "drb": null
        },
        {
            "candid": 1883318875415015002,
            "jd": 2459637.8188773,
            "ra": 175.2225312,
            "dec": -7.1696194,
            "fid": 2,
            "nid": 1883,
            "magpsf": 18.543699264526367,
            "sigmapsf": 0.10156100243330002,
            "magnr": 21.03499984741211,
            "sigmagnr": 0.12800000607967377,
            "magzpsci": 26.253700256347656,
            "isdiffpos": "t",
            "ssdistnr": null,
            "ssnamenr": null,
            "drb": null
        },
        {
            "candid": 1885337625415015002,
            "jd": 2459639.8376273,
            "ra": 175.2226021,
            "dec": -7.1696478,
            "fid": 1,
            "nid": 1885,
            "magpsf": 19.359479904174805,
            "sigmapsf": 0.19532400369644165,
            "magnr": 20.499000549316406,
            "sigmagnr": 0.10400000214576721,
            "magzpsci": 26.307479858398438,
            "isdiffpos": "t",
            "ssdistnr": -999.0,
            "ssnamenr": "null",
            "drb": null
        },
        {
            "candid": 1917397995415025004,
            "jd": 2459671.8979977,
            "ra": 175.2224927,
            "dec": -7.1695726,
            "fid": 1,
            "nid": 1917,
            "magpsf": 20.395599365234375,
            "sigmapsf": 0.2705000042915344,
            "magnr": 20.499000549316406,
            "sigmagnr": 0.10400000214576721,
            "magzpsci": 26.15559959411621,
            "isdiffpos": "t",
            "ssdistnr": null,
            "ssnamenr": null,
            "drb": null
        },
        {
            "candid": 1924252895415015006,
            "jd": 2459678.7528935,
            "ra": 175.2224793,
            "dec": -7.1695863,
            "fid": 2,
            "nid": 1924,
            "magpsf": 19.90519905090332,
            "sigmapsf": 0.18155699968338013,
            "magnr": 21.03499984741211,
            "sigmagnr": 0.12800000607967377,
            "magzpsci": 26.172199249267578,
            "isdiffpos": "t",
            "ssdistnr": null,
            "ssnamenr": null,
            "drb": null
        },
        {
            "candid": 1931251535415015000,
            "jd": 2459685.7515394,
            "ra": 175.2224004,
            "dec": -7.169544,
            "fid": 2,
            "nid": 1931,
            "magpsf": 19.779499053955078,
            "sigmapsf": 0.44788700342178345,
            "magnr": 21.03499984741211,
            "sigmagnr": 0.12800000607967377,
            "magzpsci": 26.25349998474121,
            "isdiffpos": "t",
            "ssdistnr": null,
            "ssnamenr": null,
            "drb": null
        },
        {
            "candid": 1939252295415015005,
            "jd": 2459693.7522917,
            "ra": 175.2225832,
            "dec": -7.1696017,
            "fid": 2,
            "nid": 1939,
            "magpsf": 20.105899810791016,
            "sigmapsf": 0.3849810063838959,
            "magnr": 21.03499984741211,
            "sigmagnr": 0.12800000607967377,
            "magzpsci": 26.153900146484375,
            "isdiffpos": "t",
            "ssdistnr": null,
            "ssnamenr": null,
            "drb": null
        },
        {
            "candid": 1945256055415015001,
            "jd": 2459699.7560532,
            "ra": 175.2224107,
            "dec": -7.1695376,
            "fid": 2,
            "nid": 1945,
            "magpsf": 20.10767936706543,
            "sigmapsf": 0.20457099378108978,
            "magnr": 21.03499984741211,
            "sigmagnr": 0.12800000607967377,
            "magzpsci": 26.156679153442383,
            "isdiffpos": "t",
            "ssdistnr": -999.0,
            "ssnamenr": "null",
            "drb": null
        },
        {
            "jd": 2459674.8000116,
            "fid": 2,
            "diffmaglim": 20.23900032043457
        },
        {
            "jd": 2459676.8365856,
            "fid": 2,
            "diffmaglim": 19.299100875854492
        },
        {
            "jd": 2459678.8161574,
            "fid": 1,
            "diffmaglim": 20.030399322509766
        },
        {
            "jd": 2459680.8331597,
            "fid": 1,
            "diffmaglim": 19.148500442504883
        },
        {
            "jd": 2459685.8148495,
            "fid": 1,
            "diffmaglim": 18.408300399780273
        },
        {
            "jd": 2459689.7931829,
            "fid": 1,
            "diffmaglim": 19.315200805664062
        },
        {
            "jd": 2459695.7315278,
            "fid": 2,
            "diffmaglim": 19.400100708007812
        },
        {
            "jd": 2459697.7109144,
            "fid": 1,
            "diffmaglim": 20.31410026550293
        },
        {
            "jd": 2459699.7104514,
            "fid": 1,
            "diffmaglim": 20.22089958190918
        }
    ],
    "forcedphot": []
}