{
    "objectId": "ZTF21aciwixf",
    "candidates": [
        {
            "candid": 1763210432915015003,
            "jd": 2459517.7104398,
            "ra": 9.0950311,
            "dec": -10.0961102,
            "fid": 1,
            "nid": 1763,
            "magpsf": 19.320499420166016,
            "sigmapsf": 0.11534000188112259,
            "magnr": 23.24799919128418,
            "sigmagnr": 0.34299999475479126,
            "magzpsci": 26.295499801635742,
            "isdiffpos": "t",
            "ssdistnr": null,
            "ssnamenr": null,
            "drb": 1.0
        },
        {
            "candid": 1766252682915015002,
            "jd": 2459520.7526852,
            "ra": 9.0949942,
            "dec": -10.0961243,
            "fid": 2,
            "nid": 1766,
            "magpsf": 18.853599548339844,
            "sigmapsf": 0.08107899874448776,
            "magnr": 22.87700080871582,
            "sigmagnr": 0.35100001096725464,
            "magzpsci": 26.29360008239746,
            "isdiffpos": "t",
            "ssdistnr": null,
            "ssnamenr": null,
            "drb": null
        },
        {
            "candid": 1768263682915015006,
            "jd": 2459522.7636806,
            "ra": 9.0950214,
            "dec": -10.0961015,
            "fid": 1,
            "nid": 1768,
            "magpsf": 19.136999130249023,
            "sigmapsf": 0.10640300065279007,
            "magnr": 23.24799919128418,
            "sigmagnr": 0.34299999475479126,
            "magzpsci": 26.309999465942383,
            "isdiffpos": "t",
            "ssdistnr": null,
            "ssnamenr": null,
            "drb": null
        },
        {
            "candid": 1768297292915015004,
            "jd": 2459522.7972917,
            "ra": 9.0950171,
            "dec": -10.0961037,
            "fid": 2,
            "nid": 1768,
            "magpsf": 18.66659927368164,
            "sigmapsf": 0.06274200230836868,
            "magnr": 22.87700080871582,
            "sigmagnr": 0.35100001096725464,
            "magzpsci": 26.28059959411621,
            "isdiffpos": "t",
            "ssdistnr": null,
            "ssnamenr": null,
            "drb": null
        },
        {
            "candid": 1770249562915015004,
            "jd": 2459524.7495602,
            "ra": 9.0950009,
            "dec": -10.0961068,
            "fid": 2,
            "nid": 1770,
            "magpsf": 18.527999877929688,
            "sigmapsf": 0.06191200017929077,
            "magnr": 22.87700080871582,
            "sigmagnr": 0.35100001096725464,
            "magzpsci": 26.298999786376953,
            "isdiffpos": "t",
            "ssdistnr": null,
            "ssnamenr": null,
            "drb": null
        },
        {
            "candid": 1770295872915015007,
            "jd": 2459524.7958796,
            "ra": 9.0950058,
            "dec": -10.0961307,
            "fid": 1,
            "nid": 1770,
            "magpsf": 19.055500030517578,
            "sigmapsf": 0.07909899950027466,
            "magnr": 23.24799919128418,
            "sigmagnr": 0.34299999475479126,
            "magzpsci": 26.308500289916992,
            "isdiffpos": "t",
            "ssdistnr": null,
            "ssnamenr": null,
            "drb": null
        },
        {
            "candid": 1772233422915015010,
            "jd": 2459526.7334259,
            "ra": 9.0950043,
            "dec": -10.0961247,
            "fid": 2,
            "nid": 1772,
            "magpsf": 18.469900131225586,
            "sigmapsf": 0.04964900016784668,
            "magnr": 22.87700080871582,
            "sigmagnr": 0.35100001096725464,
            "magzpsci": 26.315900802612305,
            "isdiffpos": "t",
            "ssdistnr": null,
            "ssnamenr": null,
            "drb": null
        },
        {
            "candid": 1775191032915015003,
            "jd": 2459529.6910301,
            "ra": 9.0949978,
            "dec": -10.0961381,
            "fid": 2,
            "nid": 1775,
            "magpsf": 18.515600204467773,
            "sigmapsf": 0.07468400150537491,
            "magnr": 22.87700080871582,
            "sigmagnr": 0.35100001096725464,
            "magzpsci": 26.29560089111328,
            "isdiffpos": "t",
            "ssdistnr": null,
            "ssnamenr": null,
            "drb": null
        },
        {
            "candid": 1775248242915015001,
            "jd": 2459529.7482407,
            "ra": 9.0950198,
            "dec": -10.0961857,
            "fid": 1,
            "nid": 1775,
            "magpsf": 19.237899780273438,
            "sigmapsf": 0.11060299724340439,
            "magnr": 23.24799919128418,
            "sigmagnr": 0.34299999475479126,
            "magzpsci": 26.30190086364746,
            "isdiffpos": "t",
            "ssdistnr": null,
            "ssnamenr": null,
            "drb": null
        },
        {
            "candid": 1777231842915015002,
            "jd": 2459531.7318403,
            "ra": 9.0949988,
            "dec": -10.0961082,
            "fid": 2,
            "nid": 1777,
            "magpsf": 18.537399291992188,
            "sigmapsf": 0.07633700221776962,
            "magnr": 22.87700080871582,
            "sigmagnr": 0.35100001096725464,
            "magzpsci": 26.2903995513916,
            "isdiffpos": "t",
            "ssdistnr": null,
            "ssnamenr": null,
            "drb": null
        },
        {
            "candid": 1784237332915015004,
            "jd": 2459538.737338,
            "ra": 9.0949384,
            "dec": -10.0961228,
            "fid": 2,
            "nid": 1784,
            "magpsf": 18.98233985900879,
            "sigmapsf": 0.1661199927330017,
            "magnr": 22.87700080871582,
            "sigmagnr": 0.35100001096725464,
            "magzpsci": 26.098339080810547,
            "isdiffpos": "t",
            "ssdistnr": -999.0,
            "ssnamenr": "null",
            "drb": null
        },
        {
            "jd": 2459488.7868519,
            "fid": 1,
            "diffmaglim": 20.37030029296875
        },
        {
            "jd": 2459488.8168171,
            "fid": 2,
            "diffmaglim": 20.340900421142578
        },
        {
            "jd": 2459490.7940625,
            "fid": 2,
            "diffmaglim": 20.014999389648438
        },
        {
            "jd": 2459490.8354167,
            "fid": 1,
            "diffmaglim": 20.56839942932129
        },
        {
            "jd": 2459498.8371412,
            "fid": 1,
            "diffmaglim": 20.48900032043457
        },
        {
            "jd": 2459502.8966088,
            "fid": 1,
            "diffmaglim": 19.593000411987305
        },
        {
            "jd": 2459503.8220949,
            "fid": 1,
            "diffmaglim": 19.383100509643555
        },
        {
            "jd": 2459511.7760532,
            "fid": 2,
            "diffmaglim": 18.81570053100586
        },
        {
            "jd": 2459517.7738773,
            "fid": 2,
            "diffmaglim": 20.567699432373047
        },
        {
            "jd": 2459536.7904051,
            "fid": 1,
            "diffmaglim": 19.005300521850586
        },
        {
            "jd": 2459538.7028241,
            "fid": 1,
            "diffmaglim": 19.370800018310547
        }
    ],
    "forcedphot": []
}