{
    "objectId": "ZTF22abfuwel",
    "candidates": [
        {
            "candid": 2085213571015015000,
            "jd": 2459839.7135764,
            "ra": 331.1233004,
            "dec": 16.0690979,
            "fid": 1,
            "nid": 2085,
            "magpsf": 18.72760009765625,
            "sigmapsf": 0.06863900274038315,
            "magnr": 19.496999740600586,
            "sigmagnr": 0.08799999952316284,
            "magzpsci": 26.38559913635254,
            "isdiffpos": "t",
            "ssdistnr": null,
            "ssnamenr": null,
            "drb": 0.9999920129776001
        },
        {
            "candid": 2085277621015015000,
            "jd": 2459839.7776273,
            "ra": 331.1232908,
            "dec": 16.069111,
            "fid": 1,
            "nid": 2085,
            "magpsf": 18.762100219726562,
            "sigmapsf": 0.07806400209665298,
            "magnr": 19.496999740600586,
            "sigmagnr": 0.08799999952316284,
            "magzpsci": 26.406099319458008,
            "isdiffpos": "t",
            "ssdistnr": null,
            "ssnamenr": null,
            "drb": null
        },
        {
            "candid": 2087208551015015000,
            "jd": 2459841.7085532,
            "ra": 331.1232937,
            "dec": 16.069103,
            "fid": 1,
            "nid": 2087,
            "magpsf": 18.576900482177734,
            "sigmapsf": 0.06349600106477737,
            "magnr": 19.496999740600586,
            "sigmagnr": 0.08799999952316284,
            "magzpsci": 26.39590072631836,
            "isdiffpos": "t",
            "ssdistnr": null,
            "ssnamenr": null,
            "drb": null
        },
        {
            "candid": 2087289071015015000,
            "jd": 2459841.7890741,
            "ra": 331.1232987,
            "dec": 16.0691066,
            "fid": 1,
            "nid": 2087,
            "magpsf": 18.520299911499023,
            "sigmapsf": 0.060006000101566315,
            "magnr": 19.496999740600586,
            "sigmagnr": 0.08799999952316284,
            "magzpsci": 26.413299560546875,
            "isdiffpos": "t",
            "ssdistnr": null,
            "ssnamenr": null,
            "drb": null
        },
        {
            "candid": 2089250151015015000,
            "jd": 2459843.7501505,
            "ra": 331.1232916,
            "dec": 16.0691013,
            "fid": 1,
            "nid": 2089,
            "magpsf": 18.34160041809082,
            "sigmapsf": 0.05011200159788132,
            "magnr": 19.496999740600586,
            "sigmagnr": 0.08799999952316284,
            "magzpsci": 26.397600173950195,
            "isdiffpos": "t",
            "ssdistnr": null,
            "ssnamenr": null,
            "drb": null
        },
        {
            "candid": 2089261941015015000,
            "jd": 2459843.7619444,
            "ra": 331.1232715,
            "dec": 16.0691065,
            "fid": 2,
            "nid": 2089,
            "magpsf": 18.299999237060547,
            "sigmapsf": 0.05522000044584274,
            "magnr": 19.000999450683594,
            "sigmagnr": 0.0989999994635582,
            "magzpsci": 26.275999069213867,
            "isdiffpos": "t",
            "ssdistnr": null,
            "ssnamenr": null,
            "drb": null
        },
        {
            "candid": 2091234071015015000,
            "jd": 2459845.7340741,
            "ra": 331.1232881,
            "dec": 16.0690958,
            "fid": 1,
            "nid": 2091,
            "magpsf": 18.23870086669922,
            "sigmapsf": 0.07255399972200394,
            "magnr": 19.496999740600586,
            "sigmagnr": 0.08799999952316284,
            "magzpsci": 26.44070053100586,
            "isdiffpos": "t",
            "ssdistnr": null,
            "ssnamenr": null,
            "drb": null
        },
        {
            "candid": 2091255601015015000,
            "jd": 2459845.7556019,
            "ra": 331.1232885,
            "dec": 16.0690961,
            "fid": 2,
            "nid": 2091,
            "magpsf": 18.14459991455078,
            "sigmapsf": 0.06070299819111824,
            "magnr": 19.000999450683594,
            "sigmagnr": 0.0989999994635582,
            "magzpsci": 26.277599334716797,
            "isdiffpos": "t",
            "ssdistnr": null,
            "ssnamenr": null,
            "drb": null
        },
        {
            "candid": 2093234061015015000,
            "jd": 2459847.7340625,
            "ra": 331.1232922,
            "dec": 16.0690889,
            "fid": 2,
            "nid": 2093,
            "magpsf": 18.08769989013672,
            "sigmapsf": 0.055619001388549805,
            "magnr": 19.000999450683594,
            "sigmagnr": 0.0989999994635582,
            "magzpsci": 26.266700744628906,
            "isdiffpos": "t",
            "ssdistnr": null,
            "ssnamenr": null,
            "drb": null
        },
        {
            "candid": 2093306051015015000,
            "jd": 2459847.8060532,
            "ra": 331.1233013,
            "dec": 16.0690827,
            "fid": 1,
            "nid": 2093,
            "magpsf": 18.242700576782227,
            "sigmapsf": 0.06467799842357635,
            "magnr": 19.496999740600586,
            "sigmagnr": 0.08799999952316284,
            "magzpsci": 26.383699417114258,
            "isdiffpos": "t",
            "ssdistnr": null,
            "ssnamenr": null,
            "drb": null
        },
        {
            "candid": 2095175051015015000,
            "jd": 2459849.6750579,
            "ra": 331.1232781,
            "dec": 16.0691023,
            "fid": 2,
            "nid": 2095,
            "magpsf": 18.02899932861328,
            "sigmapsf": 0.05306499823927879,
            "magnr": 19.000999450683594,
            "sigmagnr": 0.0989999994635582,
            "magzpsci": 26.19499969482422,
            "isdiffpos": "t",
            "ssdistnr": null,
            "ssnamenr": null,
            "drb": null
        },
        {
            "candid": 2095228631015015000,
            "jd": 2459849.7286343,
            "ra": 331.1232949,
            "dec": 16.0690847,
            "fid": 1,
            "nid": 2095,
            "magpsf": 18.354799270629883,
            "sigmapsf": 0.055821001529693604,
            "magnr": 19.496999740600586,
            "sigmagnr": 0.08799999952316284,
            "magzpsci": 26.37179946899414,
            "isdiffpos": "t",
            "ssdistnr": null,
            "ssnamenr": null,
            "drb": null
        },
        {
            "candid": 2097185861015015000,
            "jd": 2459851.6858681,
            "ra": 331.1232902,
            "dec": 16.0691008,
            "fid": 2,
            "nid": 2097,
            "magpsf": 18.06879997253418,
            "sigmapsf": 0.06346400082111359,
            "magnr": 19.000999450683594,
            "sigmagnr": 0.0989999994635582,
            "magzpsci": 26.216800689697266,
            "isdiffpos": "t",
            "ssdistnr": null,
            "ssnamenr": null,
            "drb": null
        },
        {
            "candid": 2097222371015015000,
            "jd": 2459851.7223727,
            "ra": 331.1233014,
            "dec": 16.0691019,
            "fid": 1,
            "nid": 2097,
            "magpsf": 18.450300216674805,
            "sigmapsf": 0.05249299854040146,
            "magnr": 19.496999740600586,
            "sigmagnr": 0.08799999952316284,
            "magzpsci": 26.350299835205078,
            "isdiffpos": "t",
            "ssdistnr": null,
            "ssnamenr": null,
            "drb": null
        },
        {
            "candid": 2099240191015015000,
            "jd": 2459853.7401968,
            "ra": 331.1232692,
            "dec": 16.0690851,
            "fid": 2,
            "nid": 2099,
            "magpsf": 18.066999435424805,
            "sigmapsf": 0.04463300108909607,
            "magnr": 19.000999450683594,
            "sigmagnr": 0.0989999994635582,
            "magzpsci": 26.267000198364258,
            "isdiffpos": "t",
            "ssdistnr": null,
            "ssnamenr": null,
            "drb": null
        },
        {
            "candid": 2099289691015015001,
            "jd": 2459853.7896991,
            "ra": 331.1232989,
            "dec": 16.0690978,
            "fid": 1,
            "nid": 2099,
            "magpsf": 18.591699600219727,
            "sigmapsf": 0.06819599866867065,
            "magnr": 19.496999740600586,
            "sigmagnr": 0.08799999952316284,
            "magzpsci": 26.391700744628906,
            "isdiffpos": "t",
            "ssdistnr": null,
            "ssnamenr": null,
            "drb": null
        },
        {
            "candid": 2101257961015015000,
            "jd": 2459855.757963,
            "ra": 331.12329,
            "dec": 16.0691009,
            "fid": 1,
            "nid": 2101,
            "magpsf": 18.79490089416504,
            "sigmapsf": 0.07603099942207336,
            "magnr": 19.496999740600586,
            "sigmagnr": 0.08799999952316284,
            "magzpsci": 26.314899444580078,
            "isdiffpos": "t",
            "ssdistnr": null,
            "ssnamenr": null,
            "drb": null
        },
        {
            "candid": 2101274971015015000,
            "jd": 2459855.7749769,
            "ra": 331.1232905,
            "dec": 16.0690931,
            "fid": 2,
            "nid": 2101,
            "magpsf": 18.11199951171875,
            "sigmapsf": 0.04858899861574173,
            "magnr": 19.000999450683594,
            "sigmagnr": 0.0989999994635582,
            "magzpsci": 26.204999923706055,
            "isdiffpos": "t",
            "ssdistnr": null,
            "ssnamenr": null,
            "drb": null
        },
        {
            "candid": 2103225921015015000,
            "jd": 2459857.7259259,
            "ra": 331.1232758,
            "dec": 16.0690972,
            "fid": 2,
            "nid": 2103,
            "magpsf": 18.187299728393555,
            "sigmapsf": 0.06009199842810631,
            "magnr": 19.000999450683594,
            "sigmagnr": 0.0989999994635582,
            "magzpsci": 26.215299606323242,
            "isdiffpos": "t",
            "ssdistnr": null,
            "ssnamenr": null,
            "drb": null
        },
        {
            "candid": 2103275501015015000,
            "jd": 2459857.7755093,
            "ra": 331.123273,
            "dec": 16.0691041,
            "fid": 1,
            "nid": 2103,
            "magpsf": 18.987199783325195,
            "sigmapsf": 0.10654100030660629,
            "magnr": 19.496999740600586,
            "sigmagnr": 0.08799999952316284,
            "magzpsci": 26.34119987487793,
            "isdiffpos": "t",
            "ssdistnr": null,
            "ssnamenr": null,
            "drb": null
        },
        {
            "candid": 2105194561015015000,
            "jd": 2459859.6945602,
            "ra": 331.1232633,
            "dec": 16.0690634,
            "fid": 1,
            "nid": 2105,
            "magpsf": 19.247499465942383,
            "sigmapsf": 0.13088800013065338,
            "magnr": 19.496999740600586,
            "sigmagnr": 0.08799999952316284,
            "magzpsci": 26.353500366210938,
            "isdiffpos": "t",
            "ssdistnr": null,
            "ssnamenr": null,
            "drb": null
        },
        {
            "candid": 2105235421015015000,
            "jd": 2459859.7354282,
            "ra": 331.1232781,
            "dec": 16.0690908,
            "fid": 2,
            "nid": 2105,
            "magpsf": 18.189800262451172,
            "sigmapsf": 0.07469899952411652,
            "magnr": 19.000999450683594,
            "sigmagnr": 0.0989999994635582,
            "magzpsci": 26.22879981994629,
            "isdiffpos": "t",
            "ssdistnr": null,
            "ssnamenr": null,
            "drb": null
        },
        {
            "candid": 2107192381015015000,
            "jd": 2459861.6923843,
            "ra": 331.1233001,
            "dec": 16.0690819,
            "fid": 1,
            "nid": 2107,
            "magpsf": 19.271900177001953,
            "sigmapsf": 0.18534499406814575,
            "magnr": 19.496999740600586,
            "sigmagnr": 0.08799999952316284,
            "magzpsci": 26.343900680541992,
            "isdiffpos": "t",
            "ssdistnr": null,
            "ssnamenr": null,
            "drb": null
        },
        {
            "candid": 2109243581015015000,
            "jd": 2459863.743588,
            "ra": 331.1232636,
            "dec": 16.0690952,
            "fid": 2,
            "nid": 2109,
            "magpsf": 18.415000915527344,
            "sigmapsf": 0.0782729983329773,
            "magnr": 19.000999450683594,
            "sigmagnr": 0.0989999994635582,
            "magzpsci": 26.208999633789062,
            "isdiffpos": "t",
            "ssdistnr": null,
            "ssnamenr": null,
            "drb": null
        },
        {
            "candid": 2109312381015015000,
            "jd": 2459863.8123843,
            "ra": 331.1233289,
            "dec": 16.0690119,
            "fid": 1,
            "nid": 2109,
            "magpsf": 19.4158992767334,
            "sigmapsf": 0.2133989930152893,
            "magnr": 19.496999740600586,
            "sigmagnr": 0.08799999952316284,
            "magzpsci": 26.328899383544922,
            "isdiffpos": "t",
            "ssdistnr": null,
            "ssnamenr": null,
            "drb": null
        },
        {
            "candid": 2111142091015015000,
            "jd": 2459865.6420949,
            "ra": 331.1232661,
            "dec": 16.0690765,
            "fid": 2,
            "nid": 2111,
            "magpsf": 18.5531005859375,
            "sigmapsf": 0.06442800164222717,
            "magnr": 19.000999450683594,
            "sigmagnr": 0.0989999994635582,
            "magzpsci": 26.217100143432617,
            "isdiffpos": "t",
            "ssdistnr": null,
            "ssnamenr": null,
            "drb": null
        },
        {
            "candid": 2111214031015015000,
            "jd": 2459865.7140394,
            "ra": 331.1232714,
            "dec": 16.0691002,
            "fid": 1,
            "nid": 2111,
            "magpsf": 19.466400146484375,
            "sigmapsf": 0.12893900275230408,
            "magnr": 19.496999740600586,
            "sigmagnr": 0.08799999952316284,
            "magzpsci": 26.37339973449707,
            "isdiffpos": "t",
            "ssdistnr": null,
            "ssnamenr": null,
            "drb": null
        },
        {
            "candid": 2113215461015015000,
            "jd": 2459867.715463,
            "ra": 331.1233388,
            "dec": 16.069095,
            "fid": 1,
            "nid": 2113,
            "magpsf": 19.720600128173828,
            "sigmapsf": 0.1748269945383072,
            "magnr": 19.496999740600586,
            "sigmagnr": 0.08799999952316284,
            "magzpsci": 26.367599487304688,
            "isdiffpos": "t",
            "ssdistnr": null,
            "ssnamenr": null,
            "drb": null
        },
        {
            "candid": 2116212751015015000,
            "jd": 2459870.7127546,
            "ra": 331.123274,
            "dec": 16.0690911,
            "fid": 2,
            "nid": 2116,
            "magpsf": 18.889299392700195,
            "sigmapsf": 0.08950500190258026,
            "magnr": 19.000999450683594,
            "sigmagnr": 0.0989999994635582,
            "magzpsci": 26.237300872802734,
            "isdiffpos": "t",
            "ssdistnr": null,
            "ssnamenr": null,
            "drb": null
        },
        {
            "candid": 2116323021015015000,
            "jd": 2459870.8230208,
            "ra": 331.123276,
            "dec": 16.0691437,
            "fid": 1,
            "nid": 2116,
            "magpsf": 19.950700759887695,
            "sigmapsf": 0.21369999647140503,
            "magnr": 19.496999740600586,
            "sigmagnr": 0.08799999952316284,
            "magzpsci": 26.270700454711914,
            "isdiffpos": "t",
            "ssdistnr": null,
            "ssnamenr": null,
            "drb": null
        },
        {
            "candid": 2118187711015015000,
            "jd": 2459872.6877199,
            "ra": 331.1233908,
            "dec": 16.0691149,
            "fid": 1,
            "nid": 2118,
            "magpsf": 19.9955997467041,
            "sigmapsf": 0.20921500027179718,
            "magnr": 19.496999740600586,
            "sigmagnr": 0.08799999952316284,
            "magzpsci": 26.430599212646484,
            "isdiffpos": "t",
            "ssdistnr": null,
            "ssnamenr": null,
            "drb": null
        },
        {
            "candid": 2118195411015015000,
            "jd": 2459872.6954167,
            "ra": 331.1232859,
            "dec": 16.0691039,
            "fid": 2,
            "nid": 2118,
            "magpsf": 18.928600311279297,
            "sigmapsf": 0.09266900271177292,
            "magnr": 19.000999450683594,
            "sigmagnr": 0.0989999994635582,
            "magzpsci": 26.254600524902344,
            "isdiffpos": "t",
            "ssdistnr": null,
            "ssnamenr": null,
            "drb": null
        },
        {
            "candid": 2120150461015015000,
            "jd": 2459874.650463,
            "ra": 331.1233002,
            "dec": 16.069108,
            "fid": 2,
            "nid": 2120,
            "magpsf": 19.04210090637207,
            "sigmapsf": 0.07825899869203568,
            "magnr": 19.000999450683594,
            "sigmagnr": 0.0989999994635582,
            "magzpsci": 26.236099243164062,
            "isdiffpos": "t",
            "ssdistnr": null,
            "ssnamenr": null,
            "drb": null
        },
        {
            "candid": 2120193851015015001,
            "jd": 2459874.6938542,
            "ra": 331.1232701,
            "dec": 16.0691105,
            "fid": 1,
            "nid": 2120,
            "magpsf": 20.031400680541992,
            "sigmapsf": 0.14983999729156494,
            "magnr": 19.496999740600586,
            "sigmagnr": 0.08799999952316284,
            "magzpsci": 26.346399307250977,
            "isdiffpos": "t",
            "ssdistnr": null,
            "ssnamenr": null,
            "drb": null
        },
        {
            "candid": 2123171481015015000,
            "jd": 2459877.6714815,
            "ra": 331.1232746,
            "dec": 16.0690916,
            "fid": 2,
            "nid": 2123,
            "magpsf": 19.176300048828125,
            "sigmapsf": 0.1040090024471283,
            "magnr": 19.000999450683594,
            "sigmagnr": 0.0989999994635582,
            "magzpsci": 26.253299713134766,
            "isdiffpos": "t",
            "ssdistnr": null,
            "ssnamenr": null,
            "drb": null
        },
        {
            "candid": 2123213691015015001,
            "jd": 2459877.7136921,
            "ra": 331.1233349,
            "dec": 16.0691413,
            "fid": 1,
            "nid": 2123,
            "magpsf": 20.215299606323242,
            "sigmapsf": 0.20774100720882416,
            "magnr": 19.496999740600586,
            "sigmagnr": 0.08799999952316284,
            "magzpsci": 26.37030029296875,
            "isdiffpos": "t",
            "ssdistnr": null,
            "ssnamenr": null,
            "drb": null
        },
        {
            "candid": 2125239001015015001,
            "jd": 2459879.7390046,
            "ra": 331.1232833,
            "dec": 16.0690294,
            "fid": 1,
            "nid": 2125,
            "magpsf": 20.12220001220703,
            "sigmapsf": 0.18711599707603455,
            "magnr": 19.496999740600586,
            "sigmagnr": 0.08799999952316284,
            "magzpsci": 26.35919952392578,
            "isdiffpos": "t",
            "ssdistnr": null,
            "ssnamenr": null,
            "drb": null
        },
        {
            "candid": 2125282321015015001,
            "jd": 2459879.7823264,
            "ra": 331.1232907,
            "dec": 16.0690664,
            "fid": 2,
            "nid": 2125,
            "magpsf": 19.230600357055664,
            "sigmapsf": 0.15082800388336182,
            "magnr": 19.000999450683594,
            "sigmagnr": 0.0989999994635582,
            "magzpsci": 26.200599670410156,
            "isdiffpos": "t",
            "ssdistnr": null,
            "ssnamenr": null,
            "drb": null
        },
        {
            "candid": 2127321651015015001,
            "jd": 2459881.8216551,
            "ra": 331.1233504,
            "dec": 16.0691036,
            "fid": 1,
            "nid": 2127,
            "magpsf": 20.03969955444336,
            "sigmapsf": 0.21272000670433044,
            "magnr": 19.496999740600586,
            "sigmagnr": 0.08799999952316284,
            "magzpsci": 26.19770050048828,
            "isdiffpos": "t",
            "ssdistnr": null,
            "ssnamenr": null,
            "drb": null
        },
        {
            "candid": 2129143141015015000,
            "jd": 2459883.6431481,
            "ra": 331.1232483,
            "dec": 16.0690778,
            "fid": 2,
            "nid": 2129,
            "magpsf": 19.494699478149414,
            "sigmapsf": 0.14768700301647186,
            "magnr": 19.000999450683594,
            "sigmagnr": 0.0989999994635582,
            "magzpsci": 26.239700317382812,
            "isdiffpos": "t",
            "ssdistnr": null,
            "ssnamenr": null,
            "drb": null
        },
        {
            "candid": 2129171901015015000,
            "jd": 2459883.6719097,
            "ra": 331.1232504,
            "dec": 16.0690339,
            "fid": 1,
            "nid": 2129,
            "magpsf": 20.215099334716797,
            "sigmapsf": 0.19418999552726746,
            "magnr": 19.496999740600586,
            "sigmagnr": 0.08799999952316284,
            "magzpsci": 26.38010025024414,
            "isdiffpos": "t",
            "ssdistnr": null,
            "ssnamenr": null,
            "drb": null
        },
        {
            "candid": 2140109361015015000,
            "jd": 2459894.6093634,
            "ra": 331.1232744,
            "dec": 16.069066,
            "fid": 2,
            "nid": 2140,
            "magpsf": 19.587099075317383,
            "sigmapsf": 0.126568004488945,
            "magnr": 19.000999450683594,
            "sigmagnr": 0.0989999994635582,
            "magzpsci": 26.234100341796875,
            "isdiffpos": "t",
            "ssdistnr": null,
            "ssnamenr": null,
            "drb": null
        },
        {
            "candid": 2142128961015015000,
            "jd": 2459896.6289699,
            "ra": 331.1232746,
            "dec": 16.0690835,
            "fid": 2,
            "nid": 2142,
            "magpsf": 19.730199813842773,
            "sigmapsf": 0.14404800534248352,
            "magnr": 19.000999450683594,
            "sigmagnr": 0.0989999994635582,
            "magzpsci": 26.235200881958008,
            "isdiffpos": "t",
            "ssdistnr": null,
            "ssnamenr": null,
            "drb": null
        },
        {
            "candid": 2142164061015015001,
            "jd": 2459896.6640625,
            "ra": 331.1233852,
            "dec": 16.0691319,
            "fid": 1,
            "nid": 2142,
            "magpsf": 20.717100143432617,
            "sigmapsf": 0.28141099214553833,
            "magnr": 19.496999740600586,
            "sigmagnr": 0.08799999952316284,
            "magzpsci": 26.36910057067871,
            "isdiffpos": "t",
            "ssdistnr": null,
            "ssnamenr": null,
            "drb": null
        },
        {
            "candid": 2144151921015015000,
            "jd": 2459898.6519213,
            "ra": 331.1232417,
            "dec": 16.0690765,
            "fid": 1,
            "nid": 2144,
            "magpsf": 20.37649917602539,
            "sigmapsf": 0.2032890021800995,
            "magnr": 19.496999740600586,
            "sigmagnr": 0.08799999952316284,
            "magzpsci": 26.31049919128418,
            "isdiffpos": "t",
            "ssdistnr": null,
            "ssnamenr": null,
            "drb": null
        },
        {
            "candid": 2144242361015015001,
            "jd": 2459898.7423611,
            "ra": 331.1233086,
            "dec": 16.0690712,
            "fid": 2,
            "nid": 2144,
            "magpsf": 19.75469970703125,
            "sigmapsf": 0.16456399857997894,
            "magnr": 19.000999450683594,
            "sigmagnr": 0.0989999994635582,
            "magzpsci": 26.227699279785156,
            "isdiffpos": "t",
            "ssdistnr": null,
            "ssnamenr": null,
            "drb": null
        },
        {
            "candid": 2146124621015015000,
            "jd": 2459900.6246296,
            "ra": 331.1232907,
            "dec": 16.0691621,
            "fid": 2,
            "nid": 2146,
            "magpsf": 19.884300231933594,
            "sigmapsf": 0.19298699498176575,
            "magnr": 19.000999450683594,
            "sigmagnr": 0.0989999994635582,
            "magzpsci": 26.265300750732422,
            "isdiffpos": "t",
            "ssdistnr": null,
            "ssnamenr": null,
            "drb": null
        },
        {
            "candid": 2148131361015015000,
            "jd": 2459902.6313657,
            "ra": 331.123412,
            "dec": 16.0690933,
            "fid": 2,
            "nid": 2148,
            "magpsf": 19.872400283813477,
            "sigmapsf": 0.20804999768733978,
            "magnr": 19.000999450683594,
            "sigmagnr": 0.0989999994635582,
            "magzpsci": 26.249500274658203,
            "isdiffpos": "t",
            "ssdistnr": null,
            "ssnamenr": null,
            "drb": null
        },
        {
            "candid": 2150120771015015001,
            "jd": 2459904.6207755,
            "ra": 331.1232998,
            "dec": 16.0690938,
            "fid": 2,
            "nid": 2150,
            "magpsf": 19.96139907836914,
            "sigmapsf": 0.18809199333190918,
            "magnr": 19.000999450683594,
            "sigmagnr": 0.0989999994635582,
            "magzpsci": 26.2593994140625,
            "isdiffpos": "t",
            "ssdistnr": null,
            "ssnamenr": null,
            "drb": null
        },
        {
            "candid": 2150130171015015000,
            "jd": 2459904.6301736,
            "ra": 331.1234,
            "dec": 16.069223,
            "fid": 1,
            "nid": 2150,
            "magpsf": 20.3971004486084,
            "sigmapsf": 0.282723993062973,
            "magnr": 19.496999740600586,
            "sigmagnr": 0.08799999952316284,
            "magzpsci": 26.42009925842285,
            "isdiffpos": "t",
            "ssdistnr": null,
            "ssnamenr": null,
            "drb": null
        },
        {
            "candid": 2152130501015015001,
            "jd": 2459906.6305093,
            "ra": 331.1232888,
            "dec": 16.0690921,
            "fid": 2,
            "nid": 2152,
            "magpsf": 20.029499053955078,
            "sigmapsf": 0.14203999936580658,
            "magnr": 19.000999450683594,
            "sigmagnr": 0.0989999994635582,
            "magzpsci": 26.267499923706055,
            "isdiffpos": "t",
            "ssdistnr": null,
            "ssnamenr": null,
            "drb": null
        },
        {
            "candid": 2159153261015015000,
            "jd": 2459913.6532639,
            "ra": 331.1232934,
            "dec": 16.0690906,
            "fid": 2,
            "nid": 2159,
            "magpsf": 19.82936668395996,
            "sigmapsf": 0.1523081660270691,
            "magnr": 19.000999450683594,
            "sigmagnr": 0.0989999994635582,
            "magzpsci": 26.246366500854492,
            "isdiffpos": "t",
            "ssdistnr": -999.0,
            "ssnamenr": "null",
            "drb": null
        },
        {
            "jd": 2459810.7414236,
            "fid": 1,
            "diffmaglim": 20.21489906311035
        },
        {
            "jd": 2459810.7754051,
            "fid": 2,
            "diffmaglim": 20.424699783325195
        },
        {
            "jd": 2459812.8334491,
            "fid": 2,
            "diffmaglim": 20.70949935913086
        },
        {
            "jd": 2459814.7579398,
            "fid": 2,
            "diffmaglim": 20.62700080871582
        },
        {
            "jd": 2459814.8175347,
            "fid": 1,
            "diffmaglim": 20.594900131225586
        },
        {
            "jd": 2459816.7764236,
            "fid": 1,
            "diffmaglim": 20.72279930114746
        },
        {
            "jd": 2459816.8228009,
            "fid": 2,
            "diffmaglim": 20.622699737548828
        },
        {
            "jd": 2459820.7820023,
            "fid": 1,
            "diffmaglim": 20.66939926147461
        },
        {
            "jd": 2459822.7977778,
            "fid": 2,
            "diffmaglim": 20.20789909362793
        },
        {
            "jd": 2459822.8232292,
            "fid": 1,
            "diffmaglim": 20.525999069213867
        },
        {
            "jd": 2459824.7665509,
            "fid": 1,
            "diffmaglim": 20.757299423217773
        },
        {
            "jd": 2459824.7983912,
            "fid": 2,
            "diffmaglim": 20.604000091552734
        },
        {
            "jd": 2459826.7920139,
            "fid": 2,
            "diffmaglim": 20.392200469970703
        },
        {
            "jd": 2459826.8232292,
            "fid": 1,
            "diffmaglim": 20.621999740600586
        },
        {
            "jd": 2459829.8824421,
            "fid": 1,
            "diffmaglim": 19.678800582885742
        },
        {
            "jd": 2459829.9316898,
            "fid": 2,
            "diffmaglim": 20.253400802612305
        },
        {
            "jd": 2459861.760162,
            "fid": 2,
            "diffmaglim": 19.310300827026367
        },
        {
            "jd": 2459888.6817014,
            "fid": 1,
            "diffmaglim": 19.01580047607422
        },
        {
            "jd": 2459888.7828125,
            "fid": 2,
            "diffmaglim": 18.579700469970703
        },
        {
            "jd": 2459894.7290856,
            "fid": 1,
            "diffmaglim": 19.249000549316406
        },
        {
            "jd": 2459902.6862963,
            "fid": 1,
            "diffmaglim": 20.13960075378418
        },
        {
            "jd": 2459906.6768403,
            "fid": 1,
            "diffmaglim": 20.300399780273438
        },
        {
            "jd": 2459908.6219907,
            "fid": 1,
            "diffmaglim": 19.96739959716797
        },
        {
            "jd": 2459910.6388773,
            "fid": 1,
            "diffmaglim": 20.52630043029785
        },
        {
            "jd": 2459913.6101042,
            "fid": 1,
            "diffmaglim": 19.910200119018555
        }
    ],
    "forcedphot": []
}