{
    "objectId": "ZTF22absphuu",
    "candidates": [
        {
            "candid": 2133272816315015003,
            "jd": 2459887.7728125,
            "ra": 30.9593001,
            "dec": -7.1230451,
            "fid": 1,
            "nid": 2133,
            "magpsf": 19.290599822998047,
            "sigmapsf": 0.20101399719715118,
            "magnr": 19.95599937438965,
            "sigmagnr": 0.1080000028014183,
            "magzpsci": 26.2455997467041,
            "isdiffpos": "t",
            "ssdistnr": null,
            "ssnamenr": null,
            "drb": 0.9482345581054688
        },
        {
            "candid": 2135248136315015001,
            "jd": 2459889.7481366,
            "ra": 30.9593513,
            "dec": -7.1231323,
            "fid": 1,
            "nid": 2135,
            "magpsf": 18.98150062561035,
            "sigmapsf": 0.20655100047588348,
            "magnr": 19.95599937438965,
            "sigmagnr": 0.1080000028014183,
            "magzpsci": 26.239500045776367,
            "isdiffpos": "t",
            "ssdistnr": null,
            "ssnamenr": null,
            "drb": null
        },
        {
            "candid": 2135336146315015000,
            "jd": 2459889.8361458,
            "ra": 30.9593139,
            "dec": -7.1231379,
            "fid": 2,
            "nid": 2135,
            "magpsf": 19.053499221801758,
            "sigmapsf": 0.18242500722408295,
            "magnr": 19.691999435424805,
            "sigmagnr": 0.11500000208616257,
            "magzpsci": 26.188499450683594,
            "isdiffpos": "t",
            "ssdistnr": null,
            "ssnamenr": null,
            "drb": null
        },
        {
            "candid": 2140296346315015001,
            "jd": 2459894.7963426,
            "ra": 30.9592586,
            "dec": -7.1229944,
            "fid": 2,
            "nid": 2140,
            "magpsf": 18.643800735473633,
            "sigmapsf": 0.11337900161743164,
            "magnr": 19.691999435424805,
            "sigmagnr": 0.11500000208616257,
            "magzpsci": 26.175800323486328,
            "isdiffpos": "t",
            "ssdistnr": null,
            "ssnamenr": null,
            "drb": null
        },
        {
            "candid": 2142231496315015002,
            "jd": 2459896.7314931,
            "ra": 30.9592621,
            "dec": -7.1231384,
            "fid": 1,
            "nid": 2142,
            "magpsf": 18.870100021362305,
            "sigmapsf": 0.1124730035662651,
            "magnr": 19.95599937438965,
            "sigmagnr": 0.1080000028014183,
            "magzpsci": 26.23710060119629,
            "isdiffpos": "t",
            "ssdistnr": null,
            "ssnamenr": null,
            "drb": null
        },
        {
            "candid": 2142294146315015000,
            "jd": 2459896.7941435,
            "ra": 30.9592684,
            "dec": -7.1231208,
            "fid": 2,
            "nid": 2142,
            "magpsf": 18.572399139404297,
            "sigmapsf": 0.08594699949026108,
            "magnr": 19.691999435424805,
            "sigmagnr": 0.11500000208616257,
            "magzpsci": 26.177400588989258,
            "isdiffpos": "t",
            "ssdistnr": null,
            "ssnamenr": null,
            "drb": null
        },
        {
            "candid": 2143250306315015000,
            "jd": 2459897.7503009,
            "ra": 30.9592575,
            "dec": -7.1231377,
            "fid": 1,
            "nid": 2143,
            "magpsf": 18.798999786376953,
            "sigmapsf": 0.07811900228261948,
            "magnr": 19.95599937438965,
            "sigmagnr": 0.1080000028014183,
            "magzpsci": 26.24799919128418,
            "isdiffpos": "t",
            "ssdistnr": null,
            "ssnamenr": null,
            "drb": null
        },
        {
            "candid": 2143289446315015000,
            "jd": 2459897.7894444,
            "ra": 30.959279,
            "dec": -7.1231364,
            "fid": 2,
            "nid": 2143,
            "magpsf": 18.48259925842285,
            "sigmapsf": 0.06583999842405319,
            "magnr": 19.691999435424805,
            "sigmagnr": 0.11500000208616257,
            "magzpsci": 26.171600341796875,
            "isdiffpos": "t",
            "ssdistnr": null,
            "ssnamenr": null,
            "drb": null
        },
        {
            "candid": 2145247456315015001,
            "jd": 2459899.7474537,
            "ra": 30.9592529,
            "dec": -7.1231393,
            "fid": 1,
            "nid": 2145,
            "magpsf": 18.83139991760254,
            "sigmapsf": 0.11490000039339066,
            "magnr": 19.95599937438965,
            "sigmagnr": 0.1080000028014183,
            "magzpsci": 26.24530029296875,
            "isdiffpos": "t",
            "ssdistnr": null,
            "ssnamenr": null,
            "drb": null
        },
        {
            "candid": 2147253116315015002,
            "jd": 2459901.7531134,
            "ra": 30.9592775,
            "dec": -7.1231388,
            "fid": 2,
            "nid": 2147,
            "magpsf": 18.520299911499023,
            "sigmapsf": 0.06453700363636017,
            "magnr": 19.691999435424805,
            "sigmagnr": 0.11500000208616257,
            "magzpsci": 26.194299697875977,
            "isdiffpos": "t",
            "ssdistnr": null,
            "ssnamenr": null,
            "drb": null
        },
        {
            "candid": 2147296576315015001,
            "jd": 2459901.7965741,
            "ra": 30.9592574,
            "dec": -7.1231741,
            "fid": 1,
            "nid": 2147,
            "magpsf": 18.912099838256836,
            "sigmapsf": 0.08191300183534622,
            "magnr": 19.95599937438965,
            "sigmagnr": 0.1080000028014183,
            "magzpsci": 26.256099700927734,
            "isdiffpos": "t",
            "ssdistnr": null,
            "ssnamenr": null,
            "drb": null
        },
        {
            "candid": 2149231736315015001,
            "jd": 2459903.7317361,
            "ra": 30.9592775,
            "dec": -7.1231499,
            "fid": 1,
            "nid": 2149,
            "magpsf": 19.011699676513672,
            "sigmapsf": 0.09412399679422379,
            "magnr": 19.95599937438965,
            "sigmagnr": 0.1080000028014183,
            "magzpsci": 26.260700225830078,
            "isdiffpos": "t",
            "ssdistnr": null,
            "ssnamenr": null,
            "drb": null
        },
        {
            "candid": 2149274306315015001,
            "jd": 2459903.7743056,
            "ra": 30.9592869,
            "dec": -7.1231525,
            "fid": 2,
            "nid": 2149,
            "magpsf": 18.462099075317383,
            "sigmapsf": 0.0683630034327507,
            "magnr": 19.691999435424805,
            "sigmagnr": 0.11500000208616257,
            "magzpsci": 26.168100357055664,
            "isdiffpos": "t",
            "ssdistnr": null,
            "ssnamenr": null,
            "drb": null
        },
        {
            "candid": 2151210026315015001,
            "jd": 2459905.7100231,
            "ra": 30.9592969,
            "dec": -7.1231426,
            "fid": 1,
            "nid": 2151,
            "magpsf": 19.09469985961914,
            "sigmapsf": 0.11172500252723694,
            "magnr": 19.95599937438965,
            "sigmagnr": 0.1080000028014183,
            "magzpsci": 25.720699310302734,
            "isdiffpos": "t",
            "ssdistnr": null,
            "ssnamenr": null,
            "drb": null
        },
        {
            "candid": 2154222586315015001,
            "jd": 2459908.722581,
            "ra": 30.959255,
            "dec": -7.1231462,
            "fid": 2,
            "nid": 2154,
            "magpsf": 18.679500579833984,
            "sigmapsf": 0.09720200300216675,
            "magnr": 19.691999435424805,
            "sigmagnr": 0.11500000208616257,
            "magzpsci": 26.193500518798828,
            "isdiffpos": "t",
            "ssdistnr": null,
            "ssnamenr": null,
            "drb": null
        },
        {
            "candid": 2156226036315015000,
            "jd": 2459910.7260301,
            "ra": 30.9592526,
            "dec": -7.1231614,
            "fid": 1,
            "nid": 2156,
            "magpsf": 19.487300872802734,
            "sigmapsf": 0.10192699730396271,
            "magnr": 19.95599937438965,
            "sigmagnr": 0.1080000028014183,
            "magzpsci": 26.275299072265625,
            "isdiffpos": "t",
            "ssdistnr": null,
            "ssnamenr": null,
            "drb": null
        },
        {
            "candid": 2156231746315015001,
            "jd": 2459910.7317477,
            "ra": 30.9592625,
            "dec": -7.1230994,
            "fid": 2,
            "nid": 2156,
            "magpsf": 18.719200134277344,
            "sigmapsf": 0.08073899894952774,
            "magnr": 19.691999435424805,
            "sigmagnr": 0.11500000208616257,
            "magzpsci": 26.185199737548828,
            "isdiffpos": "t",
            "ssdistnr": null,
            "ssnamenr": null,
            "drb": null
        },
        {
            "candid": 2159220996315015004,
            "jd": 2459913.7209954,
            "ra": 30.959243,
            "dec": -7.1231253,
            "fid": 1,
            "nid": 2159,
            "magpsf": 19.71929931640625,
            "sigmapsf": 0.16672100126743317,
            "magnr": 19.95599937438965,
            "sigmagnr": 0.1080000028014183,
            "magzpsci": 26.26729965209961,
            "isdiffpos": "t",
            "ssdistnr": null,
            "ssnamenr": null,
            "drb": null
        },
        {
            "candid": 2159252676315015001,
            "jd": 2459913.7526736,
            "ra": 30.9592353,
            "dec": -7.1231763,
            "fid": 2,
            "nid": 2159,
            "magpsf": 18.939300537109375,
            "sigmapsf": 0.11088799685239792,
            "magnr": 19.691999435424805,
            "sigmagnr": 0.11500000208616257,
            "magzpsci": 26.18829917907715,
            "isdiffpos": "t",
            "ssdistnr": null,
            "ssnamenr": null,
            "drb": null
        },
        {
            "candid": 2170192746315015003,
            "jd": 2459924.6927431,
            "ra": 30.959318,
            "dec": -7.1231832,
            "fid": 1,
            "nid": 2170,
            "magpsf": 20.148799896240234,
            "sigmapsf": 0.277660995721817,
            "magnr": 19.95599937438965,
            "sigmagnr": 0.1080000028014183,
            "magzpsci": 26.220800399780273,
            "isdiffpos": "t",
            "ssdistnr": null,
            "ssnamenr": null,
            "drb": null
        },
        {
            "candid": 2176273596315015002,
            "jd": 2459930.7735995,
            "ra": 30.9592191,
            "dec": -7.1231366,
            "fid": 2,
            "nid": 2176,
            "magpsf": 19.769699096679688,
            "sigmapsf": 0.1667799949645996,
            "magnr": 19.691999435424805,
            "sigmagnr": 0.11500000208616257,
            "magzpsci": 26.136699676513672,
            "isdiffpos": "t",
            "ssdistnr": null,
            "ssnamenr": null,
            "drb": null
        },
        {
            "candid": 2181219586315015004,
            "jd": 2459935.7195833,
            "ra": 30.9592169,
            "dec": -7.1231164,
            "fid": 2,
            "nid": 2181,
            "magpsf": 20.09501838684082,
            "sigmapsf": 0.1842690110206604,
            "magnr": 19.691999435424805,
            "sigmagnr": 0.11500000208616257,
            "magzpsci": 26.115018844604492,
            "isdiffpos": "t",
            "ssdistnr": -999.0,
            "ssnamenr": "null",
            "drb": null
        },
        {
            "jd": 2459858.8355093,
            "fid": 2,
            "diffmaglim": 19.814199447631836
        },
        {
            "jd": 2459858.9005903,
            "fid": 1,
            "diffmaglim": 20.07859992980957
        },
        {
            "jd": 2459860.835787,
            "fid": 1,
            "diffmaglim": 19.248600006103516
        },
        {
            "jd": 2459860.9014236,
            "fid": 2,
            "diffmaglim": 19.364599227905273
        },
        {
            "jd": 2459862.8797454,
            "fid": 1,
            "diffmaglim": 18.767499923706055
        },
        {
            "jd": 2459864.8523843,
            "fid": 2,
            "diffmaglim": 19.278799057006836
        },
        {
            "jd": 2459864.8781134,
            "fid": 1,
            "diffmaglim": 19.072399139404297
        },
        {
            "jd": 2459866.8198495,
            "fid": 1,
            "diffmaglim": 19.775299072265625
        },
        {
            "jd": 2459866.8578241,
            "fid": 2,
            "diffmaglim": 19.89109992980957
        },
        {
            "jd": 2459869.8815278,
            "fid": 1,
            "diffmaglim": 19.939199447631836
        },
        {
            "jd": 2459871.8196065,
            "fid": 2,
            "diffmaglim": 20.07229995727539
        },
        {
            "jd": 2459871.859456,
            "fid": 1,
            "diffmaglim": 20.069700241088867
        },
        {
            "jd": 2459873.8548843,
            "fid": 1,
            "diffmaglim": 19.533599853515625
        },
        {
            "jd": 2459876.7940972,
            "fid": 1,
            "diffmaglim": 20.142799377441406
        },
        {
            "jd": 2459876.829456,
            "fid": 2,
            "diffmaglim": 19.95829963684082
        },
        {
            "jd": 2459878.8631829,
            "fid": 1,
            "diffmaglim": 20.211599349975586
        },
        {
            "jd": 2459880.7544444,
            "fid": 1,
            "diffmaglim": 20.47369956970215
        },
        {
            "jd": 2459882.7936458,
            "fid": 2,
            "diffmaglim": 20.06209945678711
        },
        {
            "jd": 2459882.8790741,
            "fid": 1,
            "diffmaglim": 19.0664005279541
        },
        {
            "jd": 2459887.7951273,
            "fid": 2,
            "diffmaglim": 19.66320037841797
        },
        {
            "jd": 2459894.8379514,
            "fid": 1,
            "diffmaglim": 18.64259910583496
        },
        {
            "jd": 2459899.7950116,
            "fid": 2,
            "diffmaglim": 19.150100708007812
        },
        {
            "jd": 2459905.7630787,
            "fid": 2,
            "diffmaglim": 16.92169952392578
        },
        {
            "jd": 2459922.7162153,
            "fid": 1,
            "diffmaglim": 19.419200897216797
        },
        {
            "jd": 2459933.8054167,
            "fid": 1,
            "diffmaglim": 18.3612003326416
        }
    ],
    "forcedphot": []
}