{
    "objectId": "ZTF21aayddkn",
    "candidates": [
        {
            "candid": 1580181150115015011,
            "jd": 2459334.6811574,
            "ra": 160.1870607,
            "dec": 45.162475,
            "fid": 1,
            "nid": 1580,
            "magpsf": 20.443500518798828,
            "sigmapsf": 0.2272219955921173,
            "magnr": 19.47599983215332,
            "sigmagnr": 0.1120000034570694,
            "magzpsci": 26.29949951171875,
            "isdiffpos": "t",
            "ssdistnr": null,
            "ssnamenr": null,
            "drb": null
        },
        {
            "candid": 1582215700115015016,
            "jd": 2459336.715706,
            "ra": 160.1869733,
            "dec": 45.1624541,
            "fid": 1,
            "nid": 1582,
            "magpsf": 19.91558074951172,
            "sigmapsf": 0.13416199386119843,
            "magnr": 19.47599983215332,
            "sigmagnr": 0.1120000034570694,
            "magzpsci": 26.312580108642578,
            "isdiffpos": "t",
            "ssdistnr": -999.0,
            "ssnamenr": "null",
            "drb": null
        },
        {
            "candid": 1582215700115025016,
            "jd": 2459336.715706,
            "ra": 160.1869733,
            "dec": 45.1624541,
            "fid": 1,
            "nid": 1582,
            "magpsf": 19.915599822998047,
            "sigmapsf": 0.13416199386119843,
            "magnr": 19.47599983215332,
            "sigmagnr": 0.1120000034570694,
            "magzpsci": 26.312599182128906,
            "isdiffpos": "t",
            "ssdistnr": null,
            "ssnamenr": null,
            "drb": null
        },
        {
            "candid": 1582215700115035016,
            "jd": 2459336.715706,
            "ra": 160.1869733,
            "dec": 45.1624541,
            "fid": 1,
            "nid": 1582,
            "magpsf": 19.915599822998047,
            "sigmapsf": 0.13416199386119843,
            "magnr": 19.47599983215332,
            "sigmagnr": 0.1120000034570694,
            "magzpsci": 26.312599182128906,
            "isdiffpos": "t",
            "ssdistnr": null,
            "ssnamenr": null,
            "drb": null
        },
        {
            "candid": 1582306280115025008,
            "jd": 2459336.8062847,
            "ra": 160.1868909,
            "dec": 45.1624618,
            "fid": 2,
            "nid": 1582,
            "magpsf": 19.645000457763672,
            "sigmapsf": 0.1440570056438446,
            "magnr": 18.89900016784668,
            "sigmagnr": 0.10499999672174454,
            "magzpsci": 26.156999588012695,
            "isdiffpos": "t",
            "ssdistnr": null,
            "ssnamenr": null,
            "drb": null
        },
        {
            "candid": 1582306280115035008,
            "jd": 2459336.8062847,
            "ra": 160.1868909,
            "dec": 45.1624618,
            "fid": 2,
            "nid": 1582,
            "magpsf": 19.645000457763672,
            "sigmapsf": 0.1440570056438446,
            "magnr": 18.89900016784668,
            "sigmagnr": 0.10499999672174454,
            "magzpsci": 26.156999588012695,
            "isdiffpos": "t",
            "ssdistnr": null,
            "ssnamenr": null,
            "drb": null
        },
        {
            "candid": 1584200720115015013,
            "jd": 2459338.7007292,
            "ra": 160.1869242,
            "dec": 45.1624886,
            "fid": 1,
            "nid": 1584,
            "magpsf": 19.518199920654297,
            "sigmapsf": 0.11755300313234329,
            "magnr": 19.47599983215332,
            "sigmagnr": 0.1120000034570694,
            "magzpsci": 26.276199340820312,
            "isdiffpos": "t",
            "ssdistnr": null,
            "ssnamenr": null,
            "drb": null
        },
        {
            "candid": 1584219580115015007,
            "jd": 2459338.7195833,
            "ra": 160.1869683,
            "dec": 45.162486,
            "fid": 2,
            "nid": 1584,
            "magpsf": 19.549699783325195,
            "sigmapsf": 0.14007200300693512,
            "magnr": 18.89900016784668,
            "sigmagnr": 0.10499999672174454,
            "magzpsci": 26.183700561523438,
            "isdiffpos": "t",
            "ssdistnr": null,
            "ssnamenr": null,
            "drb": null
        },
        {
            "candid": 1586200200115015036,
            "jd": 2459340.7002083,
            "ra": 160.1869645,
            "dec": 45.1624933,
            "fid": 1,
            "nid": 1586,
            "magpsf": 19.46769905090332,
            "sigmapsf": 0.11928699910640717,
            "magnr": 19.47599983215332,
            "sigmagnr": 0.1120000034570694,
            "magzpsci": 26.263700485229492,
            "isdiffpos": "t",
            "ssdistnr": null,
            "ssnamenr": null,
            "drb": null
        },
        {
            "candid": 1586263850115015007,
            "jd": 2459340.7638542,
            "ra": 160.186974,
            "dec": 45.1624857,
            "fid": 2,
            "nid": 1586,
            "magpsf": 19.308500289916992,
            "sigmapsf": 0.10400799661874771,
            "magnr": 18.89900016784668,
            "sigmagnr": 0.10499999672174454,
            "magzpsci": 26.17449951171875,
            "isdiffpos": "t",
            "ssdistnr": null,
            "ssnamenr": null,
            "drb": null
        },
        {
            "candid": 1588221710115015007,
            "jd": 2459342.721713,
            "ra": 160.1869636,
            "dec": 45.1624609,
            "fid": 1,
            "nid": 1588,
            "magpsf": 19.20800018310547,
            "sigmapsf": 0.10187000036239624,
            "magnr": 19.47599983215332,
            "sigmagnr": 0.1120000034570694,
            "magzpsci": 26.25200080871582,
            "isdiffpos": "t",
            "ssdistnr": null,
            "ssnamenr": null,
            "drb": null
        },
        {
            "candid": 1588261730115015008,
            "jd": 2459342.7617361,
            "ra": 160.1869173,
            "dec": 45.1624801,
            "fid": 2,
            "nid": 1588,
            "magpsf": 19.21339988708496,
            "sigmapsf": 0.11664800345897675,
            "magnr": 18.89900016784668,
            "sigmagnr": 0.10499999672174454,
            "magzpsci": 26.15239906311035,
            "isdiffpos": "t",
            "ssdistnr": null,
            "ssnamenr": null,
            "drb": null
        },
        {
            "candid": 1590202980115015018,
            "jd": 2459344.7029861,
            "ra": 160.1869412,
            "dec": 45.1624745,
            "fid": 2,
            "nid": 1590,
            "magpsf": 18.957199096679688,
            "sigmapsf": 0.07746300101280212,
            "magnr": 18.89900016784668,
            "sigmagnr": 0.10499999672174454,
            "magzpsci": 26.15019989013672,
            "isdiffpos": "t",
            "ssdistnr": null,
            "ssnamenr": null,
            "drb": null
        },
        {
            "candid": 1590283690115015007,
            "jd": 2459344.7836921,
            "ra": 160.1869579,
            "dec": 45.1624866,
            "fid": 1,
            "nid": 1590,
            "magpsf": 19.243999481201172,
            "sigmapsf": 0.10113099962472916,
            "magnr": 19.47599983215332,
            "sigmagnr": 0.1120000034570694,
            "magzpsci": 26.201000213623047,
            "isdiffpos": "t",
            "ssdistnr": null,
            "ssnamenr": null,
            "drb": null
        },
        {
            "candid": 1592287290115015004,
            "jd": 2459346.7872917,
            "ra": 160.1869495,
            "dec": 45.1624867,
            "fid": 2,
            "nid": 1592,
            "magpsf": 18.981000900268555,
            "sigmapsf": 0.11794000118970871,
            "magnr": 18.89900016784668,
            "sigmagnr": 0.10499999672174454,
            "magzpsci": 26.121000289916992,
            "isdiffpos": "t",
            "ssdistnr": null,
            "ssnamenr": null,
            "drb": null
        },
        {
            "candid": 1592350460115015009,
            "jd": 2459346.850463,
            "ra": 160.1869735,
            "dec": 45.162448,
            "fid": 1,
            "nid": 1592,
            "magpsf": 19.14739990234375,
            "sigmapsf": 0.11739999800920486,
            "magnr": 19.47599983215332,
            "sigmagnr": 0.1120000034570694,
            "magzpsci": 26.031400680541992,
            "isdiffpos": "t",
            "ssdistnr": null,
            "ssnamenr": null,
            "drb": null
        },
        {
            "candid": 1594205780115015010,
            "jd": 2459348.705787,
            "ra": 160.1869653,
            "dec": 45.1624804,
            "fid": 2,
            "nid": 1594,
            "magpsf": 18.896400451660156,
            "sigmapsf": 0.09044799953699112,
            "magnr": 18.89900016784668,
            "sigmagnr": 0.10499999672174454,
            "magzpsci": 26.183399200439453,
            "isdiffpos": "t",
            "ssdistnr": null,
            "ssnamenr": null,
            "drb": null
        },
        {
            "candid": 1594240680115015009,
            "jd": 2459348.7406829,
            "ra": 160.1869354,
            "dec": 45.1624829,
            "fid": 1,
            "nid": 1594,
            "magpsf": 19.24720001220703,
            "sigmapsf": 0.10999400168657303,
            "magnr": 19.47599983215332,
            "sigmagnr": 0.1120000034570694,
            "magzpsci": 26.246200561523438,
            "isdiffpos": "t",
            "ssdistnr": null,
            "ssnamenr": null,
            "drb": null
        },
        {
            "candid": 1596201130115015002,
            "jd": 2459350.7011343,
            "ra": 160.1869312,
            "dec": 45.1624425,
            "fid": 1,
            "nid": 1596,
            "magpsf": 19.19379997253418,
            "sigmapsf": 0.1510629951953888,
            "magnr": 19.47599983215332,
            "sigmagnr": 0.1120000034570694,
            "magzpsci": 26.236799240112305,
            "isdiffpos": "t",
            "ssdistnr": null,
            "ssnamenr": null,
            "drb": null
        },
        {
            "candid": 1596234170115015002,
            "jd": 2459350.7341782,
            "ra": 160.1869237,
            "dec": 45.1624122,
            "fid": 2,
            "nid": 1596,
            "magpsf": 18.9242000579834,
            "sigmapsf": 0.11660800129175186,
            "magnr": 18.89900016784668,
            "sigmagnr": 0.10499999672174454,
            "magzpsci": 26.13719940185547,
            "isdiffpos": "t",
            "ssdistnr": null,
            "ssnamenr": null,
            "drb": null
        },
        {
            "candid": 1599181930115015003,
            "jd": 2459353.6819329,
            "ra": 160.1869262,
            "dec": 45.1624755,
            "fid": 2,
            "nid": 1599,
            "magpsf": 18.842300415039062,
            "sigmapsf": 0.1056710034608841,
            "magnr": 18.89900016784668,
            "sigmagnr": 0.10499999672174454,
            "magzpsci": 26.183300018310547,
            "isdiffpos": "t",
            "ssdistnr": null,
            "ssnamenr": null,
            "drb": null
        },
        {
            "candid": 1599212920115015007,
            "jd": 2459353.7129282,
            "ra": 160.1869268,
            "dec": 45.1624746,
            "fid": 1,
            "nid": 1599,
            "magpsf": 19.456600189208984,
            "sigmapsf": 0.14209100604057312,
            "magnr": 19.47599983215332,
            "sigmagnr": 0.1120000034570694,
            "magzpsci": 26.24959945678711,
            "isdiffpos": "t",
            "ssdistnr": null,
            "ssnamenr": null,
            "drb": null
        },
        {
            "candid": 1607202600115015002,
            "jd": 2459361.7026042,
            "ra": 160.1869242,
            "dec": 45.1625058,
            "fid": 2,
            "nid": 1607,
            "magpsf": 19.075700759887695,
            "sigmapsf": 0.12514899671077728,
            "magnr": 18.89900016784668,
            "sigmagnr": 0.10499999672174454,
            "magzpsci": 26.218700408935547,
            "isdiffpos": "t",
            "ssdistnr": null,
            "ssnamenr": null,
            "drb": null
        },
        {
            "candid": 1609195110115015009,
            "jd": 2459363.6951157,
            "ra": 160.1869789,
            "dec": 45.162475,
            "fid": 2,
            "nid": 1609,
            "magpsf": 19.174400329589844,
            "sigmapsf": 0.09100600332021713,
            "magnr": 18.89900016784668,
            "sigmagnr": 0.10499999672174454,
            "magzpsci": 26.22640037536621,
            "isdiffpos": "t",
            "ssdistnr": null,
            "ssnamenr": null,
            "drb": null
        },
        {
            "candid": 1611200370115015006,
            "jd": 2459365.7003704,
            "ra": 160.1869474,
            "dec": 45.1624814,
            "fid": 1,
            "nid": 1611,
            "magpsf": 20.201400756835938,
            "sigmapsf": 0.23339000344276428,
            "magnr": 19.47599983215332,
            "sigmagnr": 0.1120000034570694,
            "magzpsci": 26.2544002532959,
            "isdiffpos": "t",
            "ssdistnr": null,
            "ssnamenr": null,
            "drb": null
        },
        {
            "candid": 1613204020115015003,
            "jd": 2459367.7040278,
            "ra": 160.1869667,
            "dec": 45.1624953,
            "fid": 2,
            "nid": 1613,
            "magpsf": 19.376800537109375,
            "sigmapsf": 0.13989800214767456,
            "magnr": 18.89900016784668,
            "sigmagnr": 0.10499999672174454,
            "magzpsci": 26.143800735473633,
            "isdiffpos": "t",
            "ssdistnr": -999.0,
            "ssnamenr": "null",
            "drb": null
        },
        {
            "jd": 2459306.7524074,
            "fid": 2,
            "diffmaglim": 20.517799377441406
        },
        {
            "jd": 2459306.7999421,
            "fid": 1,
            "diffmaglim": 20.616500854492188
        },
        {
            "jd": 2459308.7255208,
            "fid": 2,
            "diffmaglim": 20.457300186157227
        },
        {
            "jd": 2459308.8413773,
            "fid": 1,
            "diffmaglim": 20.23740005493164
        },
        {
            "jd": 2459310.742963,
            "fid": 1,
            "diffmaglim": 20.59000015258789
        },
        {
            "jd": 2459310.8067824,
            "fid": 2,
            "diffmaglim": 20.327699661254883
        },
        {
            "jd": 2459312.7400347,
            "fid": 1,
            "diffmaglim": 20.374500274658203
        },
        {
            "jd": 2459312.7885995,
            "fid": 2,
            "diffmaglim": 20.45840072631836
        },
        {
            "jd": 2459314.7415394,
            "fid": 1,
            "diffmaglim": 20.79129981994629
        },
        {
            "jd": 2459314.7669213,
            "fid": 2,
            "diffmaglim": 20.47610092163086
        },
        {
            "jd": 2459316.7864352,
            "fid": 2,
            "diffmaglim": 20.54170036315918
        },
        {
            "jd": 2459316.8275116,
            "fid": 1,
            "diffmaglim": 20.82939910888672
        },
        {
            "jd": 2459319.717338,
            "fid": 2,
            "diffmaglim": 20.376800537109375
        },
        {
            "jd": 2459319.769456,
            "fid": 1,
            "diffmaglim": 20.4960994720459
        },
        {
            "jd": 2459322.6946181,
            "fid": 1,
            "diffmaglim": 20.142900466918945
        },
        {
            "jd": 2459322.7385995,
            "fid": 2,
            "diffmaglim": 20.322500228881836
        },
        {
            "jd": 2459324.6641088,
            "fid": 1,
            "diffmaglim": 20.163000106811523
        },
        {
            "jd": 2459324.7154977,
            "fid": 2,
            "diffmaglim": 20.03420066833496
        },
        {
            "jd": 2459328.6839352,
            "fid": 2,
            "diffmaglim": 19.71780014038086
        },
        {
            "jd": 2459328.7187153,
            "fid": 1,
            "diffmaglim": 19.673999786376953
        },
        {
            "jd": 2459334.7822685,
            "fid": 2,
            "diffmaglim": 20.060100555419922
        },
        {
            "jd": 2459355.7875116,
            "fid": 1,
            "diffmaglim": 18.987600326538086
        },
        {
            "jd": 2459358.7444444,
            "fid": 1,
            "diffmaglim": 19.328399658203125
        },
        {
            "jd": 2459361.7451968,
            "fid": 1,
            "diffmaglim": 19.50670051574707
        },
        {
            "jd": 2459363.7890394,
            "fid": 1,
            "diffmaglim": 19.48419952392578
        }
    ],
    "forcedphot": []
}