{
    "objectId": "ZTF22aabnzsk",
    "candidates": [
        {
            "candid": 1876403981415015002,
            "jd": 2459630.9039815,
            "ra": 199.9526633,
            "dec": 22.869714,
            "fid": 1,
            "nid": 1876,
            "magpsf": 18.972200393676758,
            "sigmapsf": 0.1274529993534088,
            "magnr": 21.642000198364258,
            "sigmagnr": 0.11999999731779099,
            "magzpsci": 26.18320083618164,
            "isdiffpos": "t",
            "ssdistnr": null,
            "ssnamenr": null,
            "drb": 0.9999970197677612
        },
        {
            "candid": 1883381601415015001,
            "jd": 2459637.8816088,
            "ra": 199.9527041,
            "dec": 22.8696972,
            "fid": 1,
            "nid": 1883,
            "magpsf": 17.980199813842773,
            "sigmapsf": 0.055633001029491425,
            "magnr": 21.642000198364258,
            "sigmagnr": 0.11999999731779099,
            "magzpsci": 26.173200607299805,
            "isdiffpos": "t",
            "ssdistnr": null,
            "ssnamenr": null,
            "drb": null
        },
        {
            "candid": 1883414531415015004,
            "jd": 2459637.914537,
            "ra": 199.9526963,
            "dec": 22.8697142,
            "fid": 2,
            "nid": 1883,
            "magpsf": 17.834199905395508,
            "sigmapsf": 0.0558990016579628,
            "magnr": 19.218000411987305,
            "sigmagnr": 0.13699999451637268,
            "magzpsci": 26.075199127197266,
            "isdiffpos": "t",
            "ssdistnr": null,
            "ssnamenr": null,
            "drb": null
        },
        {
            "candid": 1885311921415015003,
            "jd": 2459639.8119213,
            "ra": 199.952716,
            "dec": 22.8697008,
            "fid": 2,
            "nid": 1885,
            "magpsf": 17.736000061035156,
            "sigmapsf": 0.06538999825716019,
            "magnr": 19.218000411987305,
            "sigmagnr": 0.13699999451637268,
            "magzpsci": 26.052000045776367,
            "isdiffpos": "t",
            "ssdistnr": null,
            "ssnamenr": null,
            "drb": null
        },
        {
            "candid": 1885395231415015004,
            "jd": 2459639.8952315,
            "ra": 199.9527208,
            "dec": 22.8697014,
            "fid": 1,
            "nid": 1885,
            "magpsf": 17.999500274658203,
            "sigmapsf": 0.06166800111532211,
            "magnr": 21.642000198364258,
            "sigmagnr": 0.11999999731779099,
            "magzpsci": 26.179500579833984,
            "isdiffpos": "t",
            "ssdistnr": null,
            "ssnamenr": null,
            "drb": null
        },
        {
            "candid": 1887385981415015001,
            "jd": 2459641.8859838,
            "ra": 199.9526647,
            "dec": 22.8697039,
            "fid": 1,
            "nid": 1887,
            "magpsf": 18.099720001220703,
            "sigmapsf": 0.058701999485492706,
            "magnr": 21.642000198364258,
            "sigmagnr": 0.11999999731779099,
            "magzpsci": 26.171720504760742,
            "isdiffpos": "t",
            "ssdistnr": -999.0,
            "ssnamenr": "null",
            "drb": null
        },
        {
            "candid": 1921360061415015006,
            "jd": 2459675.8600694,
            "ra": 199.9526672,
            "dec": 22.8697028,
            "fid": 1,
            "nid": 1921,
            "magpsf": 20.02750015258789,
            "sigmapsf": 0.15977300703525543,
            "magnr": 21.642000198364258,
            "sigmagnr": 0.11999999731779099,
            "magzpsci": 26.14550018310547,
            "isdiffpos": "t",
            "ssdistnr": null,
            "ssnamenr": null,
            "drb": 0.9995779991149902
        },
        {
            "candid": 1923382671415015009,
            "jd": 2459677.8826736,
            "ra": 199.9527341,
            "dec": 22.8696778,
            "fid": 2,
            "nid": 1923,
            "magpsf": 18.784099578857422,
            "sigmapsf": 0.10981400310993195,
            "magnr": 19.218000411987305,
            "sigmagnr": 0.13699999451637268,
            "magzpsci": 26.01110076904297,
            "isdiffpos": "t",
            "ssdistnr": null,
            "ssnamenr": null,
            "drb": null
        },
        {
            "candid": 1925247591415015002,
            "jd": 2459679.7475926,
            "ra": 199.9527029,
            "dec": 22.8697234,
            "fid": 2,
            "nid": 1925,
            "magpsf": 18.778600692749023,
            "sigmapsf": 0.09180600196123123,
            "magnr": 19.218000411987305,
            "sigmagnr": 0.13699999451637268,
            "magzpsci": 26.011600494384766,
            "isdiffpos": "t",
            "ssdistnr": null,
            "ssnamenr": null,
            "drb": null
        },
        {
            "candid": 1925260321415015002,
            "jd": 2459679.7603241,
            "ra": 199.9526531,
            "dec": 22.8696849,
            "fid": 1,
            "nid": 1925,
            "magpsf": 20.04680061340332,
            "sigmapsf": 0.20489999651908875,
            "magnr": 21.642000198364258,
            "sigmagnr": 0.11999999731779099,
            "magzpsci": 26.139799118041992,
            "isdiffpos": "t",
            "ssdistnr": null,
            "ssnamenr": null,
            "drb": null
        },
        {
            "candid": 1928226201415015002,
            "jd": 2459682.7262037,
            "ra": 199.9527366,
            "dec": 22.869728,
            "fid": 1,
            "nid": 1928,
            "magpsf": 19.82069969177246,
            "sigmapsf": 0.3270229995250702,
            "magnr": 21.642000198364258,
            "sigmagnr": 0.11999999731779099,
            "magzpsci": 26.12070083618164,
            "isdiffpos": "t",
            "ssdistnr": null,
            "ssnamenr": null,
            "drb": null
        },
        {
            "candid": 1928317801415015004,
            "jd": 2459682.8178009,
            "ra": 199.9526693,
            "dec": 22.8696962,
            "fid": 2,
            "nid": 1928,
            "magpsf": 18.926700592041016,
            "sigmapsf": 0.12099400162696838,
            "magnr": 19.218000411987305,
            "sigmagnr": 0.13699999451637268,
            "magzpsci": 26.031700134277344,
            "isdiffpos": "t",
            "ssdistnr": null,
            "ssnamenr": null,
            "drb": null
        },
        {
            "candid": 1930333691415015006,
            "jd": 2459684.8336921,
            "ra": 199.9526436,
            "dec": 22.8696728,
            "fid": 2,
            "nid": 1930,
            "magpsf": 19.108999252319336,
            "sigmapsf": 0.19509999454021454,
            "magnr": 19.218000411987305,
            "sigmagnr": 0.13699999451637268,
            "magzpsci": 26.054000854492188,
            "isdiffpos": "t",
            "ssdistnr": null,
            "ssnamenr": null,
            "drb": null
        },
        {
            "candid": 1940370871415015005,
            "jd": 2459694.8708796,
            "ra": 199.9526895,
            "dec": 22.8696804,
            "fid": 1,
            "nid": 1940,
            "magpsf": 19.935100555419922,
            "sigmapsf": 0.16395799815654755,
            "magnr": 21.642000198364258,
            "sigmagnr": 0.11999999731779099,
            "magzpsci": 26.0221004486084,
            "isdiffpos": "t",
            "ssdistnr": null,
            "ssnamenr": null,
            "drb": null
        },
        {
            "candid": 1944369581415015003,
            "jd": 2459698.8695833,
            "ra": 199.9527018,
            "dec": 22.8696199,
            "fid": 2,
            "nid": 1944,
            "magpsf": 19.19230079650879,
            "sigmapsf": 0.11136499792337418,
            "magnr": 19.218000411987305,
            "sigmagnr": 0.13699999451637268,
            "magzpsci": 25.956300735473633,
            "isdiffpos": "t",
            "ssdistnr": null,
            "ssnamenr": null,
            "drb": null
        },
        {
            "candid": 1946245691415015006,
            "jd": 2459700.7456944,
            "ra": 199.9526772,
            "dec": 22.8696986,
            "fid": 1,
            "nid": 1946,
            "magpsf": 20.249300003051758,
            "sigmapsf": 0.20209099352359772,
            "magnr": 21.642000198364258,
            "sigmagnr": 0.11999999731779099,
            "magzpsci": 26.141300201416016,
            "isdiffpos": "t",
            "ssdistnr": null,
            "ssnamenr": null,
            "drb": null
        },
        {
            "candid": 1948321741415015009,
            "jd": 2459702.8217477,
            "ra": 199.9526681,
            "dec": 22.8697007,
            "fid": 1,
            "nid": 1948,
            "magpsf": 20.368200302124023,
            "sigmapsf": 0.22124800086021423,
            "magnr": 21.642000198364258,
            "sigmagnr": 0.11999999731779099,
            "magzpsci": 26.10420036315918,
            "isdiffpos": "t",
            "ssdistnr": null,
            "ssnamenr": null,
            "drb": null
        },
        {
            "candid": 1953289081415015003,
            "jd": 2459707.7890856,
            "ra": 199.9526988,
            "dec": 22.8696124,
            "fid": 2,
            "nid": 1953,
            "magpsf": 19.190500259399414,
            "sigmapsf": 0.1619739979505539,
            "magnr": 19.218000411987305,
            "sigmagnr": 0.13699999451637268,
            "magzpsci": 26.066499710083008,
            "isdiffpos": "t",
            "ssdistnr": null,
            "ssnamenr": null,
            "drb": null
        },
        {
            "candid": 1955253291415015007,
            "jd": 2459709.7532986,
            "ra": 199.9527047,
            "dec": 22.8697499,
            "fid": 2,
            "nid": 1955,
            "magpsf": 19.47089958190918,
            "sigmapsf": 0.15332700312137604,
            "magnr": 19.218000411987305,
            "sigmagnr": 0.13699999451637268,
            "magzpsci": 25.999900817871094,
            "isdiffpos": "t",
            "ssdistnr": null,
            "ssnamenr": null,
            "drb": null
        },
        {
            "candid": 1955318781415015004,
            "jd": 2459709.8187847,
            "ra": 199.9527107,
            "dec": 22.8697049,
            "fid": 2,
            "nid": 1955,
            "magpsf": 19.42300033569336,
            "sigmapsf": 0.17494100332260132,
            "magnr": 19.218000411987305,
            "sigmagnr": 0.13699999451637268,
            "magzpsci": 25.95800018310547,
            "isdiffpos": "t",
            "ssdistnr": null,
            "ssnamenr": null,
            "drb": null
        },
        {
            "candid": 1957297671415015001,
            "jd": 2459711.7976736,
            "ra": 199.9528361,
            "dec": 22.8696567,
            "fid": 2,
            "nid": 1957,
            "magpsf": 19.16939926147461,
            "sigmapsf": 0.1689320057630539,
            "magnr": 19.218000411987305,
            "sigmagnr": 0.13699999451637268,
            "magzpsci": 26.037399291992188,
            "isdiffpos": "t",
            "ssdistnr": null,
            "ssnamenr": null,
            "drb": null
        },
        {
            "candid": 1959254021415015003,
            "jd": 2459713.7540278,
            "ra": 199.9527327,
            "dec": 22.8697076,
            "fid": 2,
            "nid": 1959,
            "magpsf": 19.153400421142578,
            "sigmapsf": 0.19564999639987946,
            "magnr": 19.218000411987305,
            "sigmagnr": 0.13699999451637268,
            "magzpsci": 26.035400390625,
            "isdiffpos": "t",
            "ssdistnr": null,
            "ssnamenr": null,
            "drb": null
        },
        {
            "candid": 1965289671415015007,
            "jd": 2459719.7896759,
            "ra": 199.9527206,
            "dec": 22.869691,
            "fid": 2,
            "nid": 1965,
            "magpsf": 19.53179931640625,
            "sigmapsf": 0.12779800593852997,
            "magnr": 19.218000411987305,
            "sigmagnr": 0.13699999451637268,
            "magzpsci": 26.0447998046875,
            "isdiffpos": "t",
            "ssdistnr": null,
            "ssnamenr": null,
            "drb": null
        },
        {
            "candid": 1965307911415015005,
            "jd": 2459719.8079167,
            "ra": 199.9527217,
            "dec": 22.8696443,
            "fid": 2,
            "nid": 1965,
            "magpsf": 19.534900665283203,
            "sigmapsf": 0.1859470009803772,
            "magnr": 19.218000411987305,
            "sigmagnr": 0.13699999451637268,
            "magzpsci": 26.039899826049805,
            "isdiffpos": "t",
            "ssdistnr": null,
            "ssnamenr": null,
            "drb": null
        },
        {
            "candid": 1968297211415015005,
            "jd": 2459722.7972106,
            "ra": 199.9526684,
            "dec": 22.8697018,
            "fid": 1,
            "nid": 1968,
            "magpsf": 20.51099967956543,
            "sigmapsf": 0.27849799394607544,
            "magnr": 21.642000198364258,
            "sigmagnr": 0.11999999731779099,
            "magzpsci": 26.000999450683594,
            "isdiffpos": "t",
            "ssdistnr": null,
            "ssnamenr": null,
            "drb": null
        },
        {
            "candid": 1980196481415015005,
            "jd": 2459734.6964815,
            "ra": 199.9526677,
            "dec": 22.8696816,
            "fid": 1,
            "nid": 1980,
            "magpsf": 20.545400619506836,
            "sigmapsf": 0.24973900616168976,
            "magnr": 21.642000198364258,
            "sigmagnr": 0.11999999731779099,
            "magzpsci": 26.05340003967285,
            "isdiffpos": "t",
            "ssdistnr": null,
            "ssnamenr": null,
            "drb": null
        },
        {
            "candid": 1986216491415015005,
            "jd": 2459740.7164931,
            "ra": 199.9527618,
            "dec": 22.8698258,
            "fid": 2,
            "nid": 1986,
            "magpsf": 19.659000396728516,
            "sigmapsf": 0.23232899606227875,
            "magnr": 19.218000411987305,
            "sigmagnr": 0.13699999451637268,
            "magzpsci": 26.049999237060547,
            "isdiffpos": "t",
            "ssdistnr": null,
            "ssnamenr": null,
            "drb": null
        },
        {
            "candid": 1988232551415015007,
            "jd": 2459742.7325579,
            "ra": 199.9527374,
            "dec": 22.8698665,
            "fid": 2,
            "nid": 1988,
            "magpsf": 19.608699798583984,
            "sigmapsf": 0.23389600217342377,
            "magnr": 19.218000411987305,
            "sigmagnr": 0.13699999451637268,
            "magzpsci": 26.04669952392578,
            "isdiffpos": "t",
            "ssdistnr": null,
            "ssnamenr": null,
            "drb": null
        },
        {
            "candid": 1995222021415015002,
            "jd": 2459749.7220255,
            "ra": 199.9527338,
            "dec": 22.8697439,
            "fid": 2,
            "nid": 1995,
            "magpsf": 20.01944923400879,
            "sigmapsf": 0.1997860074043274,
            "magnr": 19.218000411987305,
            "sigmagnr": 0.13699999451637268,
            "magzpsci": 26.062450408935547,
            "isdiffpos": "t",
            "ssdistnr": -999.0,
            "ssnamenr": "null",
            "drb": null
        },
        {
            "jd": 2459623.0232407,
            "fid": 2,
            "diffmaglim": 20.13719940185547
        },
        {
            "jd": 2459623.8120949,
            "fid": 1,
            "diffmaglim": 19.41950035095215
        },
        {
            "jd": 2459623.8735069,
            "fid": 2,
            "diffmaglim": 19.872900009155273
        },
        {
            "jd": 2459624.9020486,
            "fid": 2,
            "diffmaglim": 19.785999298095703
        },
        {
            "jd": 2459625.0366782,
            "fid": 1,
            "diffmaglim": 20.090700149536133
        },
        {
            "jd": 2459625.8795139,
            "fid": 1,
            "diffmaglim": 19.325599670410156
        },
        {
            "jd": 2459625.9244676,
            "fid": 2,
            "diffmaglim": 19.655799865722656
        },
        {
            "jd": 2459628.8659144,
            "fid": 1,
            "diffmaglim": 19.28700065612793
        },
        {
            "jd": 2459628.8844329,
            "fid": 1,
            "diffmaglim": 19.117799758911133
        },
        {
            "jd": 2459628.9156713,
            "fid": 2,
            "diffmaglim": 19.303800582885742
        },
        {
            "jd": 2459628.9296065,
            "fid": 2,
            "diffmaglim": 18.924400329589844
        },
        {
            "jd": 2459630.8620023,
            "fid": 2,
            "diffmaglim": 19.89419937133789
        },
        {
            "jd": 2459630.9025463,
            "fid": 1,
            "diffmaglim": 19.81570053100586
        },
        {
            "jd": 2459637.8713426,
            "fid": 1,
            "diffmaglim": 20.04520034790039
        },
        {
            "jd": 2459637.9154977,
            "fid": 2,
            "diffmaglim": 20.116199493408203
        },
        {
            "jd": 2459639.8128819,
            "fid": 2,
            "diffmaglim": 19.95210075378418
        },
        {
            "jd": 2459639.8444329,
            "fid": 1,
            "diffmaglim": 20.006999969482422
        },
        {
            "jd": 2459641.8516319,
            "fid": 1,
            "diffmaglim": 20.632999420166016
        },
        {
            "jd": 2459641.8616319,
            "fid": 2,
            "diffmaglim": 20.572500228881836
        },
        {
            "jd": 2459641.8739352,
            "fid": 2,
            "diffmaglim": 20.488800048828125
        },
        {
            "jd": 2459672.8003704,
            "fid": 1,
            "diffmaglim": 20.81290054321289
        },
        {
            "jd": 2459672.8181829,
            "fid": 1,
            "diffmaglim": 20.8346004486084
        },
        {
            "jd": 2459675.7146991,
            "fid": 2,
            "diffmaglim": 20.395000457763672
        },
        {
            "jd": 2459675.7263657,
            "fid": 2,
            "diffmaglim": 20.2893009185791
        },
        {
            "jd": 2459675.8198843,
            "fid": 1,
            "diffmaglim": 20.612300872802734
        },
        {
            "jd": 2459677.8121181,
            "fid": 1,
            "diffmaglim": 20.176300048828125
        },
        {
            "jd": 2459677.8170718,
            "fid": 1,
            "diffmaglim": 20.185800552368164
        },
        {
            "jd": 2459677.8831481,
            "fid": 2,
            "diffmaglim": 20.182100296020508
        },
        {
            "jd": 2459679.7480671,
            "fid": 2,
            "diffmaglim": 19.95330047607422
        },
        {
            "jd": 2459679.7617593,
            "fid": 1,
            "diffmaglim": 20.114599227905273
        },
        {
            "jd": 2459682.7266782,
            "fid": 1,
            "diffmaglim": 19.33989906311035
        },
        {
            "jd": 2459682.7959259,
            "fid": 2,
            "diffmaglim": 19.71809959411621
        },
        {
            "jd": 2459684.7973032,
            "fid": 1,
            "diffmaglim": 19.05030059814453
        },
        {
            "jd": 2459684.8010764,
            "fid": 1,
            "diffmaglim": 18.940399169921875
        },
        {
            "jd": 2459684.8414468,
            "fid": 2,
            "diffmaglim": 19.182100296020508
        },
        {
            "jd": 2459687.8588889,
            "fid": 2,
            "diffmaglim": 19.326400756835938
        },
        {
            "jd": 2459687.8871296,
            "fid": 2,
            "diffmaglim": 19.482900619506836
        },
        {
            "jd": 2459689.7964931,
            "fid": 1,
            "diffmaglim": 19.54560089111328
        },
        {
            "jd": 2459690.8171759,
            "fid": 2,
            "diffmaglim": 20.381000518798828
        },
        {
            "jd": 2459693.7565856,
            "fid": 2,
            "diffmaglim": 20.13330078125
        },
        {
            "jd": 2459693.8408796,
            "fid": 1,
            "diffmaglim": 20.3843994140625
        },
        {
            "jd": 2459694.7911458,
            "fid": 2,
            "diffmaglim": 20.398700714111328
        },
        {
            "jd": 2459695.8037847,
            "fid": 2,
            "diffmaglim": 16.92300033569336
        },
        {
            "jd": 2459696.7178935,
            "fid": 1,
            "diffmaglim": 20.454200744628906
        },
        {
            "jd": 2459697.7551852,
            "fid": 1,
            "diffmaglim": 20.680200576782227
        },
        {
            "jd": 2459697.8297222,
            "fid": 2,
            "diffmaglim": 20.377399444580078
        },
        {
            "jd": 2459699.7888657,
            "fid": 2,
            "diffmaglim": 20.293899536132812
        },
        {
            "jd": 2459699.8891782,
            "fid": 1,
            "diffmaglim": 20.32349967956543
        },
        {
            "jd": 2459700.7743287,
            "fid": 2,
            "diffmaglim": 20.406999588012695
        },
        {
            "jd": 2459701.8279282,
            "fid": 1,
            "diffmaglim": 20.496299743652344
        },
        {
            "jd": 2459701.8727662,
            "fid": 1,
            "diffmaglim": 20.487899780273438
        },
        {
            "jd": 2459702.8457639,
            "fid": 2,
            "diffmaglim": 20.547800064086914
        },
        {
            "jd": 2459707.7495718,
            "fid": 2,
            "diffmaglim": 20.08370018005371
        },
        {
            "jd": 2459707.7563426,
            "fid": 2,
            "diffmaglim": 20.0398006439209
        },
        {
            "jd": 2459709.7562616,
            "fid": 2,
            "diffmaglim": 19.841800689697266
        },
        {
            "jd": 2459709.8202083,
            "fid": 2,
            "diffmaglim": 19.619600296020508
        },
        {
            "jd": 2459711.7025694,
            "fid": 1,
            "diffmaglim": 19.510700225830078
        },
        {
            "jd": 2459711.703044,
            "fid": 1,
            "diffmaglim": 19.467899322509766
        },
        {
            "jd": 2459711.7981597,
            "fid": 2,
            "diffmaglim": 19.194400787353516
        },
        {
            "jd": 2459713.7573264,
            "fid": 2,
            "diffmaglim": 19.234699249267578
        },
        {
            "jd": 2459713.819537,
            "fid": 1,
            "diffmaglim": 19.055599212646484
        },
        {
            "jd": 2459713.8429861,
            "fid": 1,
            "diffmaglim": 18.954500198364258
        },
        {
            "jd": 2459715.7560417,
            "fid": 1,
            "diffmaglim": 19.30389976501465
        },
        {
            "jd": 2459715.7588773,
            "fid": 1,
            "diffmaglim": 19.206600189208984
        },
        {
            "jd": 2459719.7058565,
            "fid": 2,
            "diffmaglim": 20.44099998474121
        },
        {
            "jd": 2459719.7593403,
            "fid": 2,
            "diffmaglim": 20.31060028076172
        },
        {
            "jd": 2459722.7775926,
            "fid": 1,
            "diffmaglim": 20.473600387573242
        },
        {
            "jd": 2459724.7679282,
            "fid": 2,
            "diffmaglim": 20.31879997253418
        },
        {
            "jd": 2459724.7894792,
            "fid": 2,
            "diffmaglim": 20.56559944152832
        },
        {
            "jd": 2459724.8326852,
            "fid": 1,
            "diffmaglim": 20.438800811767578
        },
        {
            "jd": 2459724.8331481,
            "fid": 1,
            "diffmaglim": 20.191699981689453
        },
        {
            "jd": 2459726.7346528,
            "fid": 1,
            "diffmaglim": 20.7268009185791
        },
        {
            "jd": 2459726.7908565,
            "fid": 1,
            "diffmaglim": 20.61709976196289
        },
        {
            "jd": 2459726.8397338,
            "fid": 2,
            "diffmaglim": 20.3966007232666
        },
        {
            "jd": 2459726.8406829,
            "fid": 2,
            "diffmaglim": 20.400800704956055
        },
        {
            "jd": 2459730.6980556,
            "fid": 1,
            "diffmaglim": 20.63170051574707
        },
        {
            "jd": 2459730.7366667,
            "fid": 2,
            "diffmaglim": 20.614999771118164
        },
        {
            "jd": 2459730.7371412,
            "fid": 2,
            "diffmaglim": 20.512699127197266
        },
        {
            "jd": 2459730.8084838,
            "fid": 1,
            "diffmaglim": 20.5575008392334
        },
        {
            "jd": 2459732.7122569,
            "fid": 2,
            "diffmaglim": 20.473499298095703
        },
        {
            "jd": 2459732.7132523,
            "fid": 2,
            "diffmaglim": 20.174699783325195
        },
        {
            "jd": 2459732.7604051,
            "fid": 1,
            "diffmaglim": 20.409299850463867
        },
        {
            "jd": 2459732.7608796,
            "fid": 1,
            "diffmaglim": 20.50200080871582
        },
        {
            "jd": 2459734.6984028,
            "fid": 1,
            "diffmaglim": 20.378799438476562
        },
        {
            "jd": 2459734.7235648,
            "fid": 2,
            "diffmaglim": 19.62220001220703
        },
        {
            "jd": 2459734.7391204,
            "fid": 2,
            "diffmaglim": 20.35110092163086
        },
        {
            "jd": 2459736.6942708,
            "fid": 2,
            "diffmaglim": 20.528900146484375
        },
        {
            "jd": 2459736.6976157,
            "fid": 2,
            "diffmaglim": 20.396299362182617
        },
        {
            "jd": 2459736.7463889,
            "fid": 1,
            "diffmaglim": 20.20240020751953
        },
        {
            "jd": 2459736.755463,
            "fid": 1,
            "diffmaglim": 20.309900283813477
        },
        {
            "jd": 2459738.6964468,
            "fid": 1,
            "diffmaglim": 19.57939910888672
        },
        {
            "jd": 2459738.7140046,
            "fid": 1,
            "diffmaglim": 19.887399673461914
        },
        {
            "jd": 2459738.7339005,
            "fid": 2,
            "diffmaglim": 19.83609962463379
        },
        {
            "jd": 2459738.7548611,
            "fid": 2,
            "diffmaglim": 19.814199447631836
        },
        {
            "jd": 2459740.7179167,
            "fid": 2,
            "diffmaglim": 19.4689998626709
        },
        {
            "jd": 2459740.7564583,
            "fid": 1,
            "diffmaglim": 19.398099899291992
        },
        {
            "jd": 2459742.7588773,
            "fid": 2,
            "diffmaglim": 19.301700592041016
        },
        {
            "jd": 2459742.7965741,
            "fid": 1,
            "diffmaglim": 19.02720069885254
        },
        {
            "jd": 2459747.6975694,
            "fid": 2,
            "diffmaglim": 20.56290054321289
        },
        {
            "jd": 2459747.7197917,
            "fid": 2,
            "diffmaglim": 20.70829963684082
        },
        {
            "jd": 2459747.7609954,
            "fid": 1,
            "diffmaglim": 20.192899703979492
        },
        {
            "jd": 2459747.7977894,
            "fid": 1,
            "diffmaglim": 19.69729995727539
        }
    ],
    "forcedphot": []
}