{
    "objectId": "ZTF23abovaur",
    "candidates": [
        {
            "candid": 2498487556315015000,
            "jd": 2460252.9875579,
            "ra": 163.7874998,
            "dec": 21.7721887,
            "fid": 1,
            "nid": 2498,
            "magpsf": 18.9778995513916,
            "sigmapsf": 0.14308300614356995,
            "magnr": 18.68000030517578,
            "sigmagnr": 0.07699999958276749,
            "magzpsci": 26.193899154663086,
            "isdiffpos": "t",
            "ssdistnr": null,
            "ssnamenr": null,
            "drb": 0.9994383454322815
        },
        {
            "candid": 2503483536315015000,
            "jd": 2460257.9835301,
            "ra": 163.7875677,
            "dec": 21.7720883,
            "fid": 1,
            "nid": 2503,
            "magpsf": 18.145700454711914,
            "sigmapsf": 0.1073480024933815,
            "magnr": 18.68000030517578,
            "sigmagnr": 0.07699999958276749,
            "magzpsci": 26.176700592041016,
            "isdiffpos": "t",
            "ssdistnr": null,
            "ssnamenr": null,
            "drb": null
        },
        {
            "candid": 2503516866315015002,
            "jd": 2460258.0168634,
            "ra": 163.7876403,
            "dec": 21.7720969,
            "fid": 2,
            "nid": 2503,
            "magpsf": 17.923500061035156,
            "sigmapsf": 0.07906900346279144,
            "magnr": 18.26099967956543,
            "sigmagnr": 0.07699999958276749,
            "magzpsci": 26.1825008392334,
            "isdiffpos": "t",
            "ssdistnr": null,
            "ssnamenr": null,
            "drb": null
        },
        {
            "candid": 2506466126315015000,
            "jd": 2460260.9661227,
            "ra": 163.787589,
            "dec": 21.7721091,
            "fid": 1,
            "nid": 2506,
            "magpsf": 17.86280059814453,
            "sigmapsf": 0.06610400229692459,
            "magnr": 18.68000030517578,
            "sigmagnr": 0.07699999958276749,
            "magzpsci": 26.177799224853516,
            "isdiffpos": "t",
            "ssdistnr": null,
            "ssnamenr": null,
            "drb": null
        },
        {
            "candid": 2506523646315015001,
            "jd": 2460261.0236458,
            "ra": 163.7876499,
            "dec": 21.7721509,
            "fid": 2,
            "nid": 2506,
            "magpsf": 17.637399673461914,
            "sigmapsf": 0.07534199953079224,
            "magnr": 18.26099967956543,
            "sigmagnr": 0.07699999958276749,
            "magzpsci": 26.19540023803711,
            "isdiffpos": "t",
            "ssdistnr": null,
            "ssnamenr": null,
            "drb": null
        },
        {
            "candid": 2509497496315015003,
            "jd": 2460263.9975,
            "ra": 163.7875703,
            "dec": 21.7721272,
            "fid": 1,
            "nid": 2509,
            "magpsf": 17.73080062866211,
            "sigmapsf": 0.07898599654436111,
            "magnr": 18.68000030517578,
            "sigmagnr": 0.07699999958276749,
            "magzpsci": 25.845800399780273,
            "isdiffpos": "t",
            "ssdistnr": null,
            "ssnamenr": null,
            "drb": null
        },
        {
            "candid": 2509524766315015003,
            "jd": 2460264.0247685,
            "ra": 163.7875732,
            "dec": 21.7721723,
            "fid": 2,
            "nid": 2509,
            "magpsf": 17.402099609375,
            "sigmapsf": 0.15679700672626495,
            "magnr": 18.26099967956543,
            "sigmagnr": 0.07699999958276749,
            "magzpsci": 24.333099365234375,
            "isdiffpos": "t",
            "ssdistnr": null,
            "ssnamenr": null,
            "drb": null
        },
        {
            "candid": 2533444216315015000,
            "jd": 2460287.944213,
            "ra": 163.7876583,
            "dec": 21.7722229,
            "fid": 2,
            "nid": 2533,
            "magpsf": 18.092300415039062,
            "sigmapsf": 0.12485100328922272,
            "magnr": 18.26099967956543,
            "sigmagnr": 0.07699999958276749,
            "magzpsci": 26.171300888061523,
            "isdiffpos": "t",
            "ssdistnr": null,
            "ssnamenr": null,
            "drb": null
        },
        {
            "candid": 2533465616315015001,
            "jd": 2460287.9656134,
            "ra": 163.7876625,
            "dec": 21.7721838,
            "fid": 1,
            "nid": 2533,
            "magpsf": 19.046499252319336,
            "sigmapsf": 0.16984699666500092,
            "magnr": 18.68000030517578,
            "sigmagnr": 0.07699999958276749,
            "magzpsci": 26.280500411987305,
            "isdiffpos": "t",
            "ssdistnr": null,
            "ssnamenr": null,
            "drb": null
        },
        {
            "candid": 2535504746315015000,
            "jd": 2460290.0047454,
            "ra": 163.7875526,
            "dec": 21.7721678,
            "fid": 2,
            "nid": 2535,
            "magpsf": 18.20240020751953,
            "sigmapsf": 0.1655150055885315,
            "magnr": 18.26099967956543,
            "sigmagnr": 0.07699999958276749,
            "magzpsci": 24.832399368286133,
            "isdiffpos": "t",
            "ssdistnr": null,
            "ssnamenr": null,
            "drb": null
        },
        {
            "candid": 2537481666315015001,
            "jd": 2460291.9816667,
            "ra": 163.7875822,
            "dec": 21.7721395,
            "fid": 1,
            "nid": 2537,
            "magpsf": 19.18829917907715,
            "sigmapsf": 0.11057700216770172,
            "magnr": 18.68000030517578,
            "sigmagnr": 0.07699999958276749,
            "magzpsci": 26.30229949951172,
            "isdiffpos": "t",
            "ssdistnr": null,
            "ssnamenr": null,
            "drb": null
        },
        {
            "candid": 2537506896315015001,
            "jd": 2460292.0068981,
            "ra": 163.787608,
            "dec": 21.7721613,
            "fid": 2,
            "nid": 2537,
            "magpsf": 18.24970054626465,
            "sigmapsf": 0.08135999739170074,
            "magnr": 18.26099967956543,
            "sigmagnr": 0.07699999958276749,
            "magzpsci": 26.203699111938477,
            "isdiffpos": "t",
            "ssdistnr": null,
            "ssnamenr": null,
            "drb": null
        },
        {
            "candid": 2551491306315015005,
            "jd": 2460305.9913079,
            "ra": 163.787653,
            "dec": 21.7722311,
            "fid": 2,
            "nid": 2551,
            "magpsf": 18.462400436401367,
            "sigmapsf": 0.24615000188350677,
            "magnr": 18.26099967956543,
            "sigmagnr": 0.07699999958276749,
            "magzpsci": 25.785400390625,
            "isdiffpos": "t",
            "ssdistnr": null,
            "ssnamenr": null,
            "drb": null
        },
        {
            "candid": 2560387436315015000,
            "jd": 2460314.8874306,
            "ra": 163.7876238,
            "dec": 21.7720757,
            "fid": 1,
            "nid": 2560,
            "magpsf": 19.722700119018555,
            "sigmapsf": 0.19779199361801147,
            "magnr": 18.68000030517578,
            "sigmagnr": 0.07699999958276749,
            "magzpsci": 26.273700714111328,
            "isdiffpos": "t",
            "ssdistnr": null,
            "ssnamenr": null,
            "drb": null
        },
        {
            "candid": 2568458226315015002,
            "jd": 2460322.9582292,
            "ra": 163.7875879,
            "dec": 21.7721709,
            "fid": 1,
            "nid": 2568,
            "magpsf": 19.716800689697266,
            "sigmapsf": 0.1600310057401657,
            "magnr": 18.68000030517578,
            "sigmagnr": 0.07699999958276749,
            "magzpsci": 26.310800552368164,
            "isdiffpos": "t",
            "ssdistnr": null,
            "ssnamenr": null,
            "drb": null
        },
        {
            "candid": 2568504386315015001,
            "jd": 2460323.0043866,
            "ra": 163.7876233,
            "dec": 21.7721733,
            "fid": 2,
            "nid": 2568,
            "magpsf": 18.967199325561523,
            "sigmapsf": 0.1403300017118454,
            "magnr": 18.26099967956543,
            "sigmagnr": 0.07699999958276749,
            "magzpsci": 26.206199645996094,
            "isdiffpos": "t",
            "ssdistnr": null,
            "ssnamenr": null,
            "drb": null
        },
        {
            "candid": 2570399846315015000,
            "jd": 2460324.8998495,
            "ra": 163.7876031,
            "dec": 21.7721592,
            "fid": 1,
            "nid": 2570,
            "magpsf": 19.834800720214844,
            "sigmapsf": 0.19528800249099731,
            "magnr": 18.68000030517578,
            "sigmagnr": 0.07699999958276749,
            "magzpsci": 26.295799255371094,
            "isdiffpos": "t",
            "ssdistnr": null,
            "ssnamenr": null,
            "drb": null
        },
        {
            "candid": 2572421716315015000,
            "jd": 2460326.921713,
            "ra": 163.7876524,
            "dec": 21.7721558,
            "fid": 2,
            "nid": 2572,
            "magpsf": 19.149200439453125,
            "sigmapsf": 0.13357800245285034,
            "magnr": 18.26099967956543,
            "sigmagnr": 0.07699999958276749,
            "magzpsci": 26.053199768066406,
            "isdiffpos": "t",
            "ssdistnr": null,
            "ssnamenr": null,
            "drb": null
        },
        {
            "candid": 2572539396315015001,
            "jd": 2460327.0393981,
            "ra": 163.7876031,
            "dec": 21.7721684,
            "fid": 1,
            "nid": 2572,
            "magpsf": 20.028900146484375,
            "sigmapsf": 0.2967129945755005,
            "magnr": 18.68000030517578,
            "sigmagnr": 0.07699999958276749,
            "magzpsci": 25.623899459838867,
            "isdiffpos": "t",
            "ssdistnr": null,
            "ssnamenr": null,
            "drb": null
        },
        {
            "candid": 2585308576315015000,
            "jd": 2460339.8085764,
            "ra": 163.7875794,
            "dec": 21.77212,
            "fid": 2,
            "nid": 2585,
            "magpsf": 19.7814998626709,
            "sigmapsf": 0.2882530093193054,
            "magnr": 18.26099967956543,
            "sigmagnr": 0.07699999958276749,
            "magzpsci": 26.184499740600586,
            "isdiffpos": "t",
            "ssdistnr": null,
            "ssnamenr": null,
            "drb": null
        },
        {
            "candid": 2598377956315015000,
            "jd": 2460352.8779514,
            "ra": 163.7876616,
            "dec": 21.7721089,
            "fid": 2,
            "nid": 2598,
            "magpsf": 19.670700073242188,
            "sigmapsf": 0.2021069973707199,
            "magnr": 18.26099967956543,
            "sigmagnr": 0.07699999958276749,
            "magzpsci": 26.211700439453125,
            "isdiffpos": "t",
            "ssdistnr": null,
            "ssnamenr": null,
            "drb": null
        },
        {
            "candid": 2598445876315015002,
            "jd": 2460352.9458796,
            "ra": 163.7875747,
            "dec": 21.7721427,
            "fid": 1,
            "nid": 2598,
            "magpsf": 20.033899307250977,
            "sigmapsf": 0.23848199844360352,
            "magnr": 18.68000030517578,
            "sigmagnr": 0.07699999958276749,
            "magzpsci": 26.28890037536621,
            "isdiffpos": "t",
            "ssdistnr": null,
            "ssnamenr": null,
            "drb": null
        },
        {
            "candid": 2600317026315015001,
            "jd": 2460354.8170255,
            "ra": 163.7875816,
            "dec": 21.7721274,
            "fid": 1,
            "nid": 2600,
            "magpsf": 20.00009536743164,
            "sigmapsf": 0.18464234471321106,
            "magnr": 18.68000030517578,
            "sigmagnr": 0.07699999958276749,
            "magzpsci": 26.268095016479492,
            "isdiffpos": "t",
            "ssdistnr": -999.0,
            "ssnamenr": "null",
            "drb": null
        },
        {
            "jd": 2460226.0354514,
            "fid": 2,
            "diffmaglim": 18.73940086364746
        },
        {
            "jd": 2460230.0298611,
            "fid": 2,
            "diffmaglim": 18.641199111938477
        },
        {
            "jd": 2460230.0323032,
            "fid": 2,
            "diffmaglim": 18.66900062561035
        },
        {
            "jd": 2460230.0347454,
            "fid": 2,
            "diffmaglim": 18.246000289916992
        },
        {
            "jd": 2460230.0371759,
            "fid": 2,
            "diffmaglim": 17.945999145507812
        },
        {
            "jd": 2460231.0283333,
            "fid": 2,
            "diffmaglim": 19.972200393676758
        },
        {
            "jd": 2460231.0307755,
            "fid": 2,
            "diffmaglim": 19.859399795532227
        },
        {
            "jd": 2460231.0332176,
            "fid": 2,
            "diffmaglim": 19.6742000579834
        },
        {
            "jd": 2460231.0356481,
            "fid": 2,
            "diffmaglim": 19.227100372314453
        },
        {
            "jd": 2460231.0380903,
            "fid": 2,
            "diffmaglim": 19.10770034790039
        },
        {
            "jd": 2460232.0306366,
            "fid": 2,
            "diffmaglim": 19.690200805664062
        },
        {
            "jd": 2460232.0330556,
            "fid": 2,
            "diffmaglim": 19.597299575805664
        },
        {
            "jd": 2460232.0379051,
            "fid": 2,
            "diffmaglim": 19.219200134277344
        },
        {
            "jd": 2460233.0280671,
            "fid": 2,
            "diffmaglim": 20.02630043029785
        },
        {
            "jd": 2460233.0304282,
            "fid": 2,
            "diffmaglim": 19.974599838256836
        },
        {
            "jd": 2460233.0328009,
            "fid": 2,
            "diffmaglim": 19.864900588989258
        },
        {
            "jd": 2460233.035162,
            "fid": 2,
            "diffmaglim": 19.68280029296875
        },
        {
            "jd": 2460233.0375347,
            "fid": 2,
            "diffmaglim": 19.434099197387695
        },
        {
            "jd": 2460234.0301852,
            "fid": 2,
            "diffmaglim": 19.77090072631836
        },
        {
            "jd": 2460234.0325463,
            "fid": 2,
            "diffmaglim": 19.719999313354492
        },
        {
            "jd": 2460234.0349074,
            "fid": 2,
            "diffmaglim": 19.63170051574707
        },
        {
            "jd": 2460234.0372801,
            "fid": 2,
            "diffmaglim": 19.364099502563477
        },
        {
            "jd": 2460234.0396412,
            "fid": 2,
            "diffmaglim": 19.186800003051758
        },
        {
            "jd": 2460239.0195023,
            "fid": 2,
            "diffmaglim": 20.185100555419922
        },
        {
            "jd": 2460239.0220602,
            "fid": 2,
            "diffmaglim": 20.189800262451172
        },
        {
            "jd": 2460239.0246065,
            "fid": 2,
            "diffmaglim": 20.167400360107422
        },
        {
            "jd": 2460239.0271644,
            "fid": 2,
            "diffmaglim": 20.21299934387207
        },
        {
            "jd": 2460239.0297106,
            "fid": 2,
            "diffmaglim": 20.12779998779297
        },
        {
            "jd": 2460240.0203009,
            "fid": 2,
            "diffmaglim": 20.272499084472656
        },
        {
            "jd": 2460240.0227894,
            "fid": 2,
            "diffmaglim": 20.318300247192383
        },
        {
            "jd": 2460240.0252894,
            "fid": 2,
            "diffmaglim": 20.200300216674805
        },
        {
            "jd": 2460240.0277894,
            "fid": 2,
            "diffmaglim": 20.287700653076172
        },
        {
            "jd": 2460240.0302894,
            "fid": 2,
            "diffmaglim": 20.240999221801758
        },
        {
            "jd": 2460242.0212616,
            "fid": 2,
            "diffmaglim": 19.699100494384766
        },
        {
            "jd": 2460242.0238079,
            "fid": 2,
            "diffmaglim": 19.74370002746582
        },
        {
            "jd": 2460242.0263426,
            "fid": 2,
            "diffmaglim": 19.832300186157227
        },
        {
            "jd": 2460242.0288889,
            "fid": 2,
            "diffmaglim": 19.714000701904297
        },
        {
            "jd": 2460242.0314352,
            "fid": 2,
            "diffmaglim": 19.726200103759766
        },
        {
            "jd": 2460250.973831,
            "fid": 1,
            "diffmaglim": 19.50749969482422
        },
        {
            "jd": 2460307.9306366,
            "fid": 2,
            "diffmaglim": 16.083099365234375
        },
        {
            "jd": 2460307.9863657,
            "fid": 1,
            "diffmaglim": 17.268600463867188
        },
        {
            "jd": 2460315.0293866,
            "fid": 2,
            "diffmaglim": 20.54330062866211
        },
        {
            "jd": 2460324.9678009,
            "fid": 2,
            "diffmaglim": 20.450700759887695
        },
        {
            "jd": 2460335.9227778,
            "fid": 1,
            "diffmaglim": 19.10930061340332
        },
        {
            "jd": 2460341.7668519,
            "fid": 1,
            "diffmaglim": 19.51580047607422
        },
        {
            "jd": 2460341.8113542,
            "fid": 2,
            "diffmaglim": 20.011999130249023
        }
    ],
    "forcedphot": [
        {
            "objectid": "ZTF23abovaur",
            "jd": 2460231.0380903,
            "ranr": 163.7875456,
            "decnr": 21.7718769,
            "fid": 2,
            "forcediffimflux": 38.80062484741211,
            "forcediffimfluxunc": 82.11206817626953,
            "magzpsci": 26.102399826049805
        },
        {
            "objectid": "ZTF23abovaur",
            "jd": 2460232.0379051,
            "ranr": 163.7875456,
            "decnr": 21.7718769,
            "fid": 2,
            "forcediffimflux": 167.09075927734375,
            "forcediffimfluxunc": 84.32054901123047,
            "magzpsci": 26.13330078125
        },
        {
            "objectid": "ZTF23abovaur",
            "jd": 2460233.0375347,
            "ranr": 163.7875456,
            "decnr": 21.7718769,
            "fid": 2,
            "forcediffimflux": 39.5373420715332,
            "forcediffimfluxunc": 70.20416259765625,
            "magzpsci": 26.127500534057617
        },
        {
            "objectid": "ZTF23abovaur",
            "jd": 2460234.0396412,
            "ranr": 163.7875456,
            "decnr": 21.7718769,
            "fid": 2,
            "forcediffimflux": 90.03092193603516,
            "forcediffimfluxunc": 86.69651794433594,
            "magzpsci": 26.135000228881836
        },
        {
            "objectid": "ZTF23abovaur",
            "jd": 2460239.0297106,
            "ranr": 163.7875456,
            "decnr": 21.7718769,
            "fid": 2,
            "forcediffimflux": 10.04215145111084,
            "forcediffimfluxunc": 33.4116325378418,
            "magzpsci": 26.150800704956055
        },
        {
            "objectid": "ZTF23abovaur",
            "jd": 2460240.0302894,
            "ranr": 163.7875456,
            "decnr": 21.7718769,
            "fid": 2,
            "forcediffimflux": -31.514493942260742,
            "forcediffimfluxunc": 33.11893081665039,
            "magzpsci": 26.15999984741211
        },
        {
            "objectid": "ZTF23abovaur",
            "jd": 2460242.0314352,
            "ranr": 163.7875456,
            "decnr": 21.7718769,
            "fid": 2,
            "forcediffimflux": -83.8902587890625,
            "forcediffimfluxunc": 47.52233123779297,
            "magzpsci": 26.132299423217773
        },
        {
            "objectid": "ZTF23abovaur",
            "jd": 2460250.973831,
            "ranr": 163.787584,
            "decnr": 21.7719141,
            "fid": 1,
            "forcediffimflux": 486.3393249511719,
            "forcediffimfluxunc": 63.164283752441406,
            "magzpsci": 26.15239906311035
        },
        {
            "objectid": "ZTF23abovaur",
            "jd": 2460257.9835301,
            "ranr": 163.787584,
            "decnr": 21.7719141,
            "fid": 1,
            "forcediffimflux": 1507.333251953125,
            "forcediffimfluxunc": 50.12260818481445,
            "magzpsci": 26.176700592041016
        },
        {
            "objectid": "ZTF23abovaur",
            "jd": 2460258.0168634,
            "ranr": 163.7872881,
            "decnr": 21.7725598,
            "fid": 2,
            "forcediffimflux": 1868.7266845703125,
            "forcediffimfluxunc": 58.1563835144043,
            "magzpsci": 26.1825008392334
        },
        {
            "objectid": "ZTF23abovaur",
            "jd": 2460260.9661227,
            "ranr": 163.787584,
            "decnr": 21.7719141,
            "fid": 1,
            "forcediffimflux": 2115.2109375,
            "forcediffimfluxunc": 45.04524612426758,
            "magzpsci": 26.177799224853516
        },
        {
            "objectid": "ZTF23abovaur",
            "jd": 2460261.0236458,
            "ranr": 163.7875456,
            "decnr": 21.7718769,
            "fid": 2,
            "forcediffimflux": 2391.660400390625,
            "forcediffimfluxunc": 53.2789421081543,
            "magzpsci": 26.19540023803711
        },
        {
            "objectid": "ZTF23abovaur",
            "jd": 2460263.9975,
            "ranr": 163.787584,
            "decnr": 21.7719141,
            "fid": 1,
            "forcediffimflux": 1744.8135986328125,
            "forcediffimfluxunc": 41.6637077331543,
            "magzpsci": 25.845800399780273
        },
        {
            "objectid": "ZTF23abovaur",
            "jd": 2460287.9656134,
            "ranr": 163.787584,
            "decnr": 21.7719141,
            "fid": 1,
            "forcediffimflux": 695.2963256835938,
            "forcediffimfluxunc": 51.63788604736328,
            "magzpsci": 26.280500411987305
        },
        {
            "objectid": "ZTF23abovaur",
            "jd": 2460291.9816667,
            "ranr": 163.787584,
            "decnr": 21.7719141,
            "fid": 1,
            "forcediffimflux": 701.7733764648438,
            "forcediffimfluxunc": 29.281326293945312,
            "magzpsci": 26.30229949951172
        },
        {
            "objectid": "ZTF23abovaur",
            "jd": 2460292.0068981,
            "ranr": 163.7875456,
            "decnr": 21.7718769,
            "fid": 2,
            "forcediffimflux": 1417.183837890625,
            "forcediffimfluxunc": 39.15507125854492,
            "magzpsci": 26.203699111938477
        },
        {
            "objectid": "ZTF23abovaur",
            "jd": 2460314.8874306,
            "ranr": 163.787584,
            "decnr": 21.7719141,
            "fid": 1,
            "forcediffimflux": 405.2772216796875,
            "forcediffimfluxunc": 39.197383880615234,
            "magzpsci": 26.273700714111328
        },
        {
            "objectid": "ZTF23abovaur",
            "jd": 2460315.0293866,
            "ranr": 163.7875456,
            "decnr": 21.7718769,
            "fid": 2,
            "forcediffimflux": 787.594970703125,
            "forcediffimfluxunc": 28.985000610351562,
            "magzpsci": 26.218299865722656
        },
        {
            "objectid": "ZTF23abovaur",
            "jd": 2460322.9582292,
            "ranr": 163.787584,
            "decnr": 21.7719141,
            "fid": 1,
            "forcediffimflux": 417.6507263183594,
            "forcediffimfluxunc": 27.713762283325195,
            "magzpsci": 26.310800552368164
        },
        {
            "objectid": "ZTF23abovaur",
            "jd": 2460323.0043866,
            "ranr": 163.7875456,
            "decnr": 21.7718769,
            "fid": 2,
            "forcediffimflux": 732.9842529296875,
            "forcediffimfluxunc": 36.753719329833984,
            "magzpsci": 26.206199645996094
        },
        {
            "objectid": "ZTF23abovaur",
            "jd": 2460324.8998495,
            "ranr": 163.787584,
            "decnr": 21.7719141,
            "fid": 1,
            "forcediffimflux": 374.4885559082031,
            "forcediffimfluxunc": 29.31667709350586,
            "magzpsci": 26.295799255371094
        },
        {
            "objectid": "ZTF23abovaur",
            "jd": 2460324.9678009,
            "ranr": 163.7875456,
            "decnr": 21.7718769,
            "fid": 2,
            "forcediffimflux": 622.8279418945312,
            "forcediffimfluxunc": 29.843257904052734,
            "magzpsci": 26.200300216674805
        },
        {
            "objectid": "ZTF23abovaur",
            "jd": 2460326.921713,
            "ranr": 163.7875456,
            "decnr": 21.7718769,
            "fid": 2,
            "forcediffimflux": 546.3119506835938,
            "forcediffimfluxunc": 30.981901168823242,
            "magzpsci": 26.053199768066406
        },
        {
            "objectid": "ZTF23abovaur",
            "jd": 2460327.0393981,
            "ranr": 163.787584,
            "decnr": 21.7719141,
            "fid": 1,
            "forcediffimflux": 186.13316345214844,
            "forcediffimfluxunc": 27.394962310791016,
            "magzpsci": 25.623899459838867
        },
        {
            "objectid": "ZTF23abovaur",
            "jd": 2460335.9227778,
            "ranr": 163.787584,
            "decnr": 21.7719141,
            "fid": 1,
            "forcediffimflux": 215.41456604003906,
            "forcediffimfluxunc": 113.81697082519531,
            "magzpsci": 26.309900283813477
        },
        {
            "objectid": "ZTF23abovaur",
            "jd": 2460339.8085764,
            "ranr": 163.7875456,
            "decnr": 21.7718769,
            "fid": 2,
            "forcediffimflux": 369.8740539550781,
            "forcediffimfluxunc": 47.89033126831055,
            "magzpsci": 26.184499740600586
        },
        {
            "objectid": "ZTF23abovaur",
            "jd": 2460341.8113542,
            "ranr": 163.7875456,
            "decnr": 21.7718769,
            "fid": 2,
            "forcediffimflux": 436.480224609375,
            "forcediffimfluxunc": 38.39743423461914,
            "magzpsci": 26.180400848388672
        },
        {
            "objectid": "ZTF23abovaur",
            "jd": 2460352.8779514,
            "ranr": 163.7875456,
            "decnr": 21.7718769,
            "fid": 2,
            "forcediffimflux": 398.876708984375,
            "forcediffimfluxunc": 36.25674819946289,
            "magzpsci": 26.211700439453125
        },
        {
            "objectid": "ZTF23abovaur",
            "jd": 2460352.9458796,
            "ranr": 163.787584,
            "decnr": 21.7719141,
            "fid": 1,
            "forcediffimflux": 310.4309997558594,
            "forcediffimfluxunc": 31.16776466369629,
            "magzpsci": 26.28890037536621
        }
    ]
}