{
    "objectId": "ZTF24abbsuhu",
    "candidates": [
        {
            "candid": 2785421561715015003,
            "jd": 2460539.9215625,
            "ra": 28.5730501,
            "dec": 4.2544535,
            "fid": 1,
            "nid": 2785,
            "magpsf": 19.28260040283203,
            "sigmapsf": 0.15511800348758698,
            "magnr": 18.86400032043457,
            "sigmagnr": 0.0729999989271164,
            "magzpsci": 26.191600799560547,
            "isdiffpos": "t",
            "ssdistnr": null,
            "ssnamenr": null,
            "drb": 0.9978101253509521
        },
        {
            "candid": 2789361151715015003,
            "jd": 2460543.8611574,
            "ra": 28.5729875,
            "dec": 4.2545498,
            "fid": 1,
            "nid": 2789,
            "magpsf": 18.71470069885254,
            "sigmapsf": 0.15405499935150146,
            "magnr": 18.86400032043457,
            "sigmagnr": 0.0729999989271164,
            "magzpsci": 26.181699752807617,
            "isdiffpos": "t",
            "ssdistnr": null,
            "ssnamenr": null,
            "drb": null
        },
        {
            "candid": 2789455961715015003,
            "jd": 2460543.9559606,
            "ra": 28.5729957,
            "dec": 4.2544887,
            "fid": 2,
            "nid": 2789,
            "magpsf": 18.808500289916992,
            "sigmapsf": 0.1028830036520958,
            "magnr": 18.481000900268555,
            "sigmagnr": 0.08500000089406967,
            "magzpsci": 26.214500427246094,
            "isdiffpos": "t",
            "ssdistnr": null,
            "ssnamenr": null,
            "drb": null
        },
        {
            "candid": 2793343461715015002,
            "jd": 2460547.8434606,
            "ra": 28.5730081,
            "dec": 4.2545,
            "fid": 1,
            "nid": 2793,
            "magpsf": 18.517000198364258,
            "sigmapsf": 0.08994399756193161,
            "magnr": 18.86400032043457,
            "sigmagnr": 0.0729999989271164,
            "magzpsci": 26.179000854492188,
            "isdiffpos": "t",
            "ssdistnr": null,
            "ssnamenr": null,
            "drb": null
        },
        {
            "candid": 2795462771715015001,
            "jd": 2460549.9627778,
            "ra": 28.5730044,
            "dec": 4.2545257,
            "fid": 1,
            "nid": 2795,
            "magpsf": 18.48699951171875,
            "sigmapsf": 0.09073500335216522,
            "magnr": 18.86400032043457,
            "sigmagnr": 0.0729999989271164,
            "magzpsci": 26.273000717163086,
            "isdiffpos": "t",
            "ssdistnr": null,
            "ssnamenr": null,
            "drb": null
        },
        {
            "candid": 2797423371715015009,
            "jd": 2460551.9233796,
            "ra": 28.5729988,
            "dec": 4.2544761,
            "fid": 1,
            "nid": 2797,
            "magpsf": 18.537599563598633,
            "sigmapsf": 0.08814500272274017,
            "magnr": 18.86400032043457,
            "sigmagnr": 0.0729999989271164,
            "magzpsci": 26.266599655151367,
            "isdiffpos": "t",
            "ssdistnr": null,
            "ssnamenr": null,
            "drb": null
        },
        {
            "candid": 2800476071715015006,
            "jd": 2460554.9760764,
            "ra": 28.5729932,
            "dec": 4.2545032,
            "fid": 1,
            "nid": 2800,
            "magpsf": 18.675199508666992,
            "sigmapsf": 0.08347900211811066,
            "magnr": 18.86400032043457,
            "sigmagnr": 0.0729999989271164,
            "magzpsci": 26.278200149536133,
            "isdiffpos": "t",
            "ssdistnr": null,
            "ssnamenr": null,
            "drb": null
        },
        {
            "candid": 2803382261715015007,
            "jd": 2460557.8822685,
            "ra": 28.5730092,
            "dec": 4.2544818,
            "fid": 1,
            "nid": 2803,
            "magpsf": 18.86319923400879,
            "sigmapsf": 0.10255499929189682,
            "magnr": 18.86400032043457,
            "sigmagnr": 0.0729999989271164,
            "magzpsci": 26.20319938659668,
            "isdiffpos": "t",
            "ssdistnr": null,
            "ssnamenr": null,
            "drb": null
        },
        {
            "candid": 2805365991715015004,
            "jd": 2460559.8659954,
            "ra": 28.5730009,
            "dec": 4.2545076,
            "fid": 1,
            "nid": 2805,
            "magpsf": 19.031700134277344,
            "sigmapsf": 0.13072900474071503,
            "magnr": 18.86400032043457,
            "sigmagnr": 0.0729999989271164,
            "magzpsci": 26.141700744628906,
            "isdiffpos": "t",
            "ssdistnr": null,
            "ssnamenr": null,
            "drb": null
        },
        {
            "candid": 2808354321715015003,
            "jd": 2460562.8543287,
            "ra": 28.5730186,
            "dec": 4.2545155,
            "fid": 1,
            "nid": 2808,
            "magpsf": 19.40369987487793,
            "sigmapsf": 0.12172000110149384,
            "magnr": 18.86400032043457,
            "sigmagnr": 0.0729999989271164,
            "magzpsci": 26.019699096679688,
            "isdiffpos": "t",
            "ssdistnr": null,
            "ssnamenr": null,
            "drb": null
        },
        {
            "candid": 2811338171715015004,
            "jd": 2460565.8381713,
            "ra": 28.5730123,
            "dec": 4.2544908,
            "fid": 1,
            "nid": 2811,
            "magpsf": 19.64859962463379,
            "sigmapsf": 0.1564449965953827,
            "magnr": 18.86400032043457,
            "sigmagnr": 0.0729999989271164,
            "magzpsci": 26.23859977722168,
            "isdiffpos": "t",
            "ssdistnr": null,
            "ssnamenr": null,
            "drb": null
        },
        {
            "candid": 2814327191715015002,
            "jd": 2460568.8271991,
            "ra": 28.5731333,
            "dec": 4.2545242,
            "fid": 1,
            "nid": 2814,
            "magpsf": 20.069000244140625,
            "sigmapsf": 0.2963710129261017,
            "magnr": 18.86400032043457,
            "sigmagnr": 0.0729999989271164,
            "magzpsci": 26.257999420166016,
            "isdiffpos": "t",
            "ssdistnr": null,
            "ssnamenr": null,
            "drb": null
        },
        {
            "candid": 2817420911715015006,
            "jd": 2460571.9209144,
            "ra": 28.5730419,
            "dec": 4.2544129,
            "fid": 2,
            "nid": 2817,
            "magpsf": 19.447599411010742,
            "sigmapsf": 0.1590930074453354,
            "magnr": 18.481000900268555,
            "sigmagnr": 0.08500000089406967,
            "magzpsci": 26.2716007232666,
            "isdiffpos": "t",
            "ssdistnr": null,
            "ssnamenr": null,
            "drb": null
        },
        {
            "candid": 2820449691715015002,
            "jd": 2460574.9496991,
            "ra": 28.5729895,
            "dec": 4.2544923,
            "fid": 2,
            "nid": 2820,
            "magpsf": 19.376699447631836,
            "sigmapsf": 0.21202999353408813,
            "magnr": 18.481000900268555,
            "sigmagnr": 0.08500000089406967,
            "magzpsci": 26.239700317382812,
            "isdiffpos": "t",
            "ssdistnr": null,
            "ssnamenr": null,
            "drb": null
        },
        {
            "candid": 2821341771715015003,
            "jd": 2460575.8417708,
            "ra": 28.5730252,
            "dec": 4.2544274,
            "fid": 2,
            "nid": 2821,
            "magpsf": 19.660661697387695,
            "sigmapsf": 0.2118055522441864,
            "magnr": 18.480998992919922,
            "sigmagnr": 0.08500000089406967,
            "magzpsci": 26.224660873413086,
            "isdiffpos": "t",
            "ssdistnr": -999.0,
            "ssnamenr": "null",
            "drb": null
        },
        {
            "jd": 2460509.9479167,
            "fid": 1,
            "diffmaglim": 20.29050064086914
        },
        {
            "jd": 2460513.9076968,
            "fid": 1,
            "diffmaglim": 18.955400466918945
        },
        {
            "jd": 2460515.9221759,
            "fid": 2,
            "diffmaglim": 18.87350082397461
        },
        {
            "jd": 2460515.95625,
            "fid": 1,
            "diffmaglim": 19.048999786376953
        },
        {
            "jd": 2460520.8979051,
            "fid": 2,
            "diffmaglim": 19.913999557495117
        },
        {
            "jd": 2460522.9119676,
            "fid": 2,
            "diffmaglim": 20.27790069580078
        },
        {
            "jd": 2460522.9566551,
            "fid": 1,
            "diffmaglim": 20.300600051879883
        },
        {
            "jd": 2460526.900706,
            "fid": 2,
            "diffmaglim": 20.336599349975586
        },
        {
            "jd": 2460526.9786574,
            "fid": 1,
            "diffmaglim": 20.48080062866211
        },
        {
            "jd": 2460529.9014931,
            "fid": 2,
            "diffmaglim": 18.199100494384766
        },
        {
            "jd": 2460529.9543634,
            "fid": 1,
            "diffmaglim": 19.94070053100586
        },
        {
            "jd": 2460532.8807755,
            "fid": 2,
            "diffmaglim": 20.555299758911133
        },
        {
            "jd": 2460532.9567361,
            "fid": 1,
            "diffmaglim": 20.944599151611328
        },
        {
            "jd": 2460533.9166319,
            "fid": 2,
            "diffmaglim": 20.932300567626953
        },
        {
            "jd": 2460533.957338,
            "fid": 1,
            "diffmaglim": 21.00589942932129
        },
        {
            "jd": 2460534.9555324,
            "fid": 1,
            "diffmaglim": 20.70159912109375
        },
        {
            "jd": 2460536.8949769,
            "fid": 2,
            "diffmaglim": 20.402700424194336
        },
        {
            "jd": 2460536.9234954,
            "fid": 1,
            "diffmaglim": 20.438600540161133
        },
        {
            "jd": 2460539.8958333,
            "fid": 2,
            "diffmaglim": 20.085899353027344
        },
        {
            "jd": 2460547.9214468,
            "fid": 2,
            "diffmaglim": 20.077199935913086
        },
        {
            "jd": 2460549.8999884,
            "fid": 2,
            "diffmaglim": 20.35219955444336
        },
        {
            "jd": 2460551.9007407,
            "fid": 2,
            "diffmaglim": 20.646799087524414
        },
        {
            "jd": 2460554.9167361,
            "fid": 2,
            "diffmaglim": 20.51810073852539
        },
        {
            "jd": 2460557.9233102,
            "fid": 2,
            "diffmaglim": 20.607099533081055
        },
        {
            "jd": 2460559.8865509,
            "fid": 2,
            "diffmaglim": 20.187400817871094
        },
        {
            "jd": 2460562.8940162,
            "fid": 2,
            "diffmaglim": 20.362699508666992
        },
        {
            "jd": 2460565.8703356,
            "fid": 2,
            "diffmaglim": 20.603200912475586
        },
        {
            "jd": 2460568.8574769,
            "fid": 2,
            "diffmaglim": 20.1643009185791
        },
        {
            "jd": 2460571.8388079,
            "fid": 1,
            "diffmaglim": 19.064599990844727
        }
    ],
    "forcedphot": [
        {
            "objectid": "ZTF24abbsuhu",
            "jd": 2460509.9479167,
            "ranr": 28.5723583,
            "decnr": 4.2547454,
            "fid": 1,
            "forcediffimflux": 6.831909656524658,
            "forcediffimfluxunc": 25.64836311340332,
            "magzpsci": 26.0137996673584
        },
        {
            "objectid": "ZTF24abbsuhu",
            "jd": 2460513.9076968,
            "ranr": 28.5723583,
            "decnr": 4.2547454,
            "fid": 1,
            "forcediffimflux": -51.53253936767578,
            "forcediffimfluxunc": 86.66065979003906,
            "magzpsci": 25.96030044555664
        },
        {
            "objectid": "ZTF24abbsuhu",
            "jd": 2460515.9221759,
            "ranr": 28.572296,
            "decnr": 4.254748,
            "fid": 2,
            "forcediffimflux": 0.10670144855976105,
            "forcediffimfluxunc": 89.97294616699219,
            "magzpsci": 25.968700408935547
        },
        {
            "objectid": "ZTF24abbsuhu",
            "jd": 2460515.95625,
            "ranr": 28.5723583,
            "decnr": 4.2547454,
            "fid": 1,
            "forcediffimflux": -24.73573112487793,
            "forcediffimfluxunc": 71.921142578125,
            "magzpsci": 25.953100204467773
        },
        {
            "objectid": "ZTF24abbsuhu",
            "jd": 2460520.8979051,
            "ranr": 28.572296,
            "decnr": 4.254748,
            "fid": 2,
            "forcediffimflux": -31.754098892211914,
            "forcediffimfluxunc": 43.22726821899414,
            "magzpsci": 26.162099838256836
        },
        {
            "objectid": "ZTF24abbsuhu",
            "jd": 2460522.9119676,
            "ranr": 28.572296,
            "decnr": 4.254748,
            "fid": 2,
            "forcediffimflux": -10.487191200256348,
            "forcediffimfluxunc": 29.306354522705078,
            "magzpsci": 26.118000030517578
        },
        {
            "objectid": "ZTF24abbsuhu",
            "jd": 2460522.9566551,
            "ranr": 28.5723583,
            "decnr": 4.2547454,
            "fid": 1,
            "forcediffimflux": -25.582916259765625,
            "forcediffimfluxunc": 31.543869018554688,
            "magzpsci": 26.175600051879883
        },
        {
            "objectid": "ZTF24abbsuhu",
            "jd": 2460526.900706,
            "ranr": 28.572296,
            "decnr": 4.254748,
            "fid": 2,
            "forcediffimflux": -10.231819152832031,
            "forcediffimfluxunc": 28.33479881286621,
            "magzpsci": 26.174999237060547
        },
        {
            "objectid": "ZTF24abbsuhu",
            "jd": 2460526.9786574,
            "ranr": 28.5723583,
            "decnr": 4.2547454,
            "fid": 1,
            "forcediffimflux": -10.233154296875,
            "forcediffimfluxunc": 26.384206771850586,
            "magzpsci": 26.223800659179688
        },
        {
            "objectid": "ZTF24abbsuhu",
            "jd": 2460532.8807755,
            "ranr": 28.572296,
            "decnr": 4.254748,
            "fid": 2,
            "forcediffimflux": -70.15777587890625,
            "forcediffimfluxunc": 42.421470642089844,
            "magzpsci": 26.819400787353516
        },
        {
            "objectid": "ZTF24abbsuhu",
            "jd": 2460532.9567361,
            "ranr": 28.5723583,
            "decnr": 4.2547454,
            "fid": 1,
            "forcediffimflux": -28.465951919555664,
            "forcediffimfluxunc": 31.993940353393555,
            "magzpsci": 26.870500564575195
        },
        {
            "objectid": "ZTF24abbsuhu",
            "jd": 2460533.9166319,
            "ranr": 28.572296,
            "decnr": 4.254748,
            "fid": 2,
            "forcediffimflux": -51.150909423828125,
            "forcediffimfluxunc": 30.711851119995117,
            "magzpsci": 26.906099319458008
        },
        {
            "objectid": "ZTF24abbsuhu",
            "jd": 2460533.957338,
            "ranr": 28.5723583,
            "decnr": 4.2547454,
            "fid": 1,
            "forcediffimflux": -8.917244911193848,
            "forcediffimfluxunc": 32.22714614868164,
            "magzpsci": 26.86870002746582
        },
        {
            "objectid": "ZTF24abbsuhu",
            "jd": 2460534.9555324,
            "ranr": 28.5723583,
            "decnr": 4.2547454,
            "fid": 1,
            "forcediffimflux": 4.339237213134766,
            "forcediffimfluxunc": 44.56888198852539,
            "magzpsci": 26.898399353027344
        },
        {
            "objectid": "ZTF24abbsuhu",
            "jd": 2460536.8949769,
            "ranr": 28.572296,
            "decnr": 4.254748,
            "fid": 2,
            "forcediffimflux": 141.76260375976562,
            "forcediffimfluxunc": 28.69719123840332,
            "magzpsci": 26.234399795532227
        },
        {
            "objectid": "ZTF24abbsuhu",
            "jd": 2460536.9234954,
            "ranr": 28.5723583,
            "decnr": 4.2547454,
            "fid": 1,
            "forcediffimflux": 256.2287292480469,
            "forcediffimfluxunc": 30.457639694213867,
            "magzpsci": 26.248300552368164
        },
        {
            "objectid": "ZTF24abbsuhu",
            "jd": 2460539.8958333,
            "ranr": 28.572296,
            "decnr": 4.254748,
            "fid": 2,
            "forcediffimflux": 527.0341186523438,
            "forcediffimfluxunc": 41.22697448730469,
            "magzpsci": 26.19219970703125
        },
        {
            "objectid": "ZTF24abbsuhu",
            "jd": 2460539.9215625,
            "ranr": 28.5723583,
            "decnr": 4.2547454,
            "fid": 1,
            "forcediffimflux": 600.1067504882812,
            "forcediffimfluxunc": 43.59345245361328,
            "magzpsci": 26.191600799560547
        },
        {
            "objectid": "ZTF24abbsuhu",
            "jd": 2460543.8611574,
            "ranr": 28.5723583,
            "decnr": 4.2547454,
            "fid": 1,
            "forcediffimflux": 958.5390625,
            "forcediffimfluxunc": 86.3735122680664,
            "magzpsci": 26.181699752807617
        },
        {
            "objectid": "ZTF24abbsuhu",
            "jd": 2460543.9559606,
            "ranr": 28.572296,
            "decnr": 4.254748,
            "fid": 2,
            "forcediffimflux": 887.1312866210938,
            "forcediffimfluxunc": 65.2232437133789,
            "magzpsci": 26.214500427246094
        },
        {
            "objectid": "ZTF24abbsuhu",
            "jd": 2460547.8434606,
            "ranr": 28.5723583,
            "decnr": 4.2547454,
            "fid": 1,
            "forcediffimflux": 1166.7535400390625,
            "forcediffimfluxunc": 60.357444763183594,
            "magzpsci": 26.179000854492188
        },
        {
            "objectid": "ZTF24abbsuhu",
            "jd": 2460547.9214468,
            "ranr": 28.572296,
            "decnr": 4.254748,
            "fid": 2,
            "forcediffimflux": 1255.6427001953125,
            "forcediffimfluxunc": 43.32989501953125,
            "magzpsci": 26.242599487304688
        },
        {
            "objectid": "ZTF24abbsuhu",
            "jd": 2460549.8999884,
            "ranr": 28.572296,
            "decnr": 4.254748,
            "fid": 2,
            "forcediffimflux": 1234.597900390625,
            "forcediffimfluxunc": 36.960594177246094,
            "magzpsci": 26.23189926147461
        },
        {
            "objectid": "ZTF24abbsuhu",
            "jd": 2460549.9627778,
            "ranr": 28.5723583,
            "decnr": 4.2547454,
            "fid": 1,
            "forcediffimflux": 1410.909423828125,
            "forcediffimfluxunc": 33.47077560424805,
            "magzpsci": 26.273000717163086
        },
        {
            "objectid": "ZTF24abbsuhu",
            "jd": 2460551.9007407,
            "ranr": 28.572296,
            "decnr": 4.254748,
            "fid": 2,
            "forcediffimflux": 1437.931640625,
            "forcediffimfluxunc": 29.58435821533203,
            "magzpsci": 26.260799407958984
        },
        {
            "objectid": "ZTF24abbsuhu",
            "jd": 2460551.9233796,
            "ranr": 28.5723583,
            "decnr": 4.2547454,
            "fid": 1,
            "forcediffimflux": 1252.345947265625,
            "forcediffimfluxunc": 33.58332443237305,
            "magzpsci": 26.266599655151367
        },
        {
            "objectid": "ZTF24abbsuhu",
            "jd": 2460554.9167361,
            "ranr": 28.572296,
            "decnr": 4.254748,
            "fid": 2,
            "forcediffimflux": 1318.6806640625,
            "forcediffimfluxunc": 31.294092178344727,
            "magzpsci": 26.246700286865234
        },
        {
            "objectid": "ZTF24abbsuhu",
            "jd": 2460554.9760764,
            "ranr": 28.5723583,
            "decnr": 4.2547454,
            "fid": 1,
            "forcediffimflux": 1127.2388916015625,
            "forcediffimfluxunc": 29.30784797668457,
            "magzpsci": 26.278200149536133
        },
        {
            "objectid": "ZTF24abbsuhu",
            "jd": 2460557.8822685,
            "ranr": 28.5723583,
            "decnr": 4.2547454,
            "fid": 1,
            "forcediffimflux": 922.1995849609375,
            "forcediffimfluxunc": 27.474285125732422,
            "magzpsci": 26.20319938659668
        },
        {
            "objectid": "ZTF24abbsuhu",
            "jd": 2460557.9233102,
            "ranr": 28.572296,
            "decnr": 4.254748,
            "fid": 2,
            "forcediffimflux": 1287.4002685546875,
            "forcediffimfluxunc": 29.356447219848633,
            "magzpsci": 26.2189998626709
        },
        {
            "objectid": "ZTF24abbsuhu",
            "jd": 2460559.8659954,
            "ranr": 28.5723583,
            "decnr": 4.2547454,
            "fid": 1,
            "forcediffimflux": 712.4559326171875,
            "forcediffimfluxunc": 30.530351638793945,
            "magzpsci": 26.141700744628906
        },
        {
            "objectid": "ZTF24abbsuhu",
            "jd": 2460559.8865509,
            "ranr": 28.572296,
            "decnr": 4.254748,
            "fid": 2,
            "forcediffimflux": 1005.9819946289062,
            "forcediffimfluxunc": 37.320884704589844,
            "magzpsci": 26.20050048828125
        },
        {
            "objectid": "ZTF24abbsuhu",
            "jd": 2460562.8543287,
            "ranr": 28.5723583,
            "decnr": 4.2547454,
            "fid": 1,
            "forcediffimflux": 475.12799072265625,
            "forcediffimfluxunc": 23.890331268310547,
            "magzpsci": 26.019699096679688
        },
        {
            "objectid": "ZTF24abbsuhu",
            "jd": 2460562.8940162,
            "ranr": 28.572296,
            "decnr": 4.254748,
            "fid": 2,
            "forcediffimflux": 898.6873779296875,
            "forcediffimfluxunc": 29.36012077331543,
            "magzpsci": 26.127899169921875
        },
        {
            "objectid": "ZTF24abbsuhu",
            "jd": 2460565.8381713,
            "ranr": 28.5723583,
            "decnr": 4.2547454,
            "fid": 1,
            "forcediffimflux": 450.92901611328125,
            "forcediffimfluxunc": 25.652297973632812,
            "magzpsci": 26.23859977722168
        },
        {
            "objectid": "ZTF24abbsuhu",
            "jd": 2460565.8703356,
            "ranr": 28.572296,
            "decnr": 4.254748,
            "fid": 2,
            "forcediffimflux": 883.9820556640625,
            "forcediffimfluxunc": 26.827648162841797,
            "magzpsci": 26.25149917602539
        },
        {
            "objectid": "ZTF24abbsuhu",
            "jd": 2460568.8271991,
            "ranr": 28.5723583,
            "decnr": 4.2547454,
            "fid": 1,
            "forcediffimflux": 330.6076965332031,
            "forcediffimfluxunc": 52.2039680480957,
            "magzpsci": 26.257999420166016
        },
        {
            "objectid": "ZTF24abbsuhu",
            "jd": 2460568.8574769,
            "ranr": 28.572296,
            "decnr": 4.254748,
            "fid": 2,
            "forcediffimflux": 677.5838012695312,
            "forcediffimfluxunc": 38.817665100097656,
            "magzpsci": 26.270200729370117
        },
        {
            "objectid": "ZTF24abbsuhu",
            "jd": 2460571.8388079,
            "ranr": 28.5723583,
            "decnr": 4.2547454,
            "fid": 1,
            "forcediffimflux": 374.5335998535156,
            "forcediffimfluxunc": 105.64830017089844,
            "magzpsci": 26.24049949645996
        },
        {
            "objectid": "ZTF24abbsuhu",
            "jd": 2460571.9209144,
            "ranr": 28.572296,
            "decnr": 4.254748,
            "fid": 2,
            "forcediffimflux": 583.2149047851562,
            "forcediffimfluxunc": 79.6543197631836,
            "magzpsci": 26.2716007232666
        },
        {
            "objectid": "ZTF24abbsuhu",
            "jd": 2460574.9496991,
            "ranr": 28.572296,
            "decnr": 4.254748,
            "fid": 2,
            "forcediffimflux": 551.6925048828125,
            "forcediffimfluxunc": 72.47135162353516,
            "magzpsci": 26.239700317382812
        }
    ]
}