{
    "objectId": "ZTF23abbpswf",
    "candidates": [
        {
            "candid": 2441326593715015007,
            "jd": 2460195.8265972,
            "ra": 295.8453445,
            "dec": 41.940451,
            "fid": 1,
            "nid": 2441,
            "magpsf": 19.813199996948242,
            "sigmapsf": 0.1898300051689148,
            "magnr": 21.28499984741211,
            "sigmagnr": 0.13500000536441803,
            "magzpsci": 26.165199279785156,
            "isdiffpos": "t",
            "ssdistnr": null,
            "ssnamenr": null,
            "drb": 0.9981688261032104
        },
        {
            "candid": 2441373583715015005,
            "jd": 2460195.873588,
            "ra": 295.8454006,
            "dec": 41.9404076,
            "fid": 2,
            "nid": 2441,
            "magpsf": 19.22052574157715,
            "sigmapsf": 0.1254899799823761,
            "magnr": 20.340999603271484,
            "sigmagnr": 0.15000000596046448,
            "magzpsci": 26.19052505493164,
            "isdiffpos": "t",
            "ssdistnr": -999.0,
            "ssnamenr": "null",
            "drb": null
        },
        {
            "candid": 2441373583715025005,
            "jd": 2460195.873588,
            "ra": 295.8454006,
            "dec": 41.9404076,
            "fid": 2,
            "nid": 2441,
            "magpsf": 19.220500946044922,
            "sigmapsf": 0.1254899948835373,
            "magnr": 20.340999603271484,
            "sigmagnr": 0.15000000596046448,
            "magzpsci": 26.190500259399414,
            "isdiffpos": "t",
            "ssdistnr": null,
            "ssnamenr": null,
            "drb": null
        },
        {
            "candid": 2444224133715015014,
            "jd": 2460198.7241319,
            "ra": 295.8453714,
            "dec": 41.9404444,
            "fid": 1,
            "nid": 2444,
            "magpsf": 18.406600952148438,
            "sigmapsf": 0.06832899898290634,
            "magnr": 21.28499984741211,
            "sigmagnr": 0.13500000536441803,
            "magzpsci": 26.26759910583496,
            "isdiffpos": "t",
            "ssdistnr": null,
            "ssnamenr": null,
            "drb": null
        },
        {
            "candid": 2444264743715015003,
            "jd": 2460198.7647454,
            "ra": 295.845364,
            "dec": 41.9404027,
            "fid": 2,
            "nid": 2444,
            "magpsf": 18.301599502563477,
            "sigmapsf": 0.06716199964284897,
            "magnr": 20.340999603271484,
            "sigmagnr": 0.15000000596046448,
            "magzpsci": 26.333599090576172,
            "isdiffpos": "t",
            "ssdistnr": null,
            "ssnamenr": null,
            "drb": null
        },
        {
            "candid": 2447203793715015020,
            "jd": 2460201.7037963,
            "ra": 295.8453746,
            "dec": 41.9404319,
            "fid": 1,
            "nid": 2447,
            "magpsf": 17.945392608642578,
            "sigmapsf": 0.055587269365787506,
            "magnr": 21.28499984741211,
            "sigmagnr": 0.13500000536441803,
            "magzpsci": 26.325393676757812,
            "isdiffpos": "t",
            "ssdistnr": -999.0,
            "ssnamenr": "null",
            "drb": null
        },
        {
            "candid": 2447203793715035020,
            "jd": 2460201.7037963,
            "ra": 295.8453746,
            "dec": 41.9404319,
            "fid": 1,
            "nid": 2447,
            "magpsf": 17.94540023803711,
            "sigmapsf": 0.05558700114488602,
            "magnr": 21.28499984741211,
            "sigmagnr": 0.13500000536441803,
            "magzpsci": 26.32539939880371,
            "isdiffpos": "t",
            "ssdistnr": null,
            "ssnamenr": null,
            "drb": null
        },
        {
            "candid": 2447203793715045020,
            "jd": 2460201.7037963,
            "ra": 295.8453746,
            "dec": 41.9404319,
            "fid": 1,
            "nid": 2447,
            "magpsf": 17.94540023803711,
            "sigmapsf": 0.05558700114488602,
            "magnr": 21.28499984741211,
            "sigmagnr": 0.13500000536441803,
            "magzpsci": 26.32539939880371,
            "isdiffpos": "t",
            "ssdistnr": null,
            "ssnamenr": null,
            "drb": null
        },
        {
            "candid": 2449184013715015012,
            "jd": 2460203.6840162,
            "ra": 295.845378,
            "dec": 41.940433,
            "fid": 1,
            "nid": 2449,
            "magpsf": 17.905399322509766,
            "sigmapsf": 0.07777299731969833,
            "magnr": 21.28499984741211,
            "sigmagnr": 0.13500000536441803,
            "magzpsci": 26.311399459838867,
            "isdiffpos": "t",
            "ssdistnr": null,
            "ssnamenr": null,
            "drb": null
        },
        {
            "candid": 2451155823715015018,
            "jd": 2460205.6558218,
            "ra": 295.8453706,
            "dec": 41.9404388,
            "fid": 1,
            "nid": 2451,
            "magpsf": 18.040000915527344,
            "sigmapsf": 0.06725399941205978,
            "magnr": 21.28499984741211,
            "sigmagnr": 0.13500000536441803,
            "magzpsci": 26.32699966430664,
            "isdiffpos": "t",
            "ssdistnr": null,
            "ssnamenr": null,
            "drb": null
        },
        {
            "candid": 2453174693715015013,
            "jd": 2460207.6746991,
            "ra": 295.8453673,
            "dec": 41.9404213,
            "fid": 2,
            "nid": 2453,
            "magpsf": 17.709199905395508,
            "sigmapsf": 0.050960998982191086,
            "magnr": 20.340999603271484,
            "sigmagnr": 0.15000000596046448,
            "magzpsci": 26.353200912475586,
            "isdiffpos": "t",
            "ssdistnr": null,
            "ssnamenr": null,
            "drb": null
        },
        {
            "candid": 2457173983715015007,
            "jd": 2460211.6739815,
            "ra": 295.8453661,
            "dec": 41.9404345,
            "fid": 2,
            "nid": 2457,
            "magpsf": 17.97410011291504,
            "sigmapsf": 0.06537500023841858,
            "magnr": 20.340999603271484,
            "sigmagnr": 0.15000000596046448,
            "magzpsci": 26.344100952148438,
            "isdiffpos": "t",
            "ssdistnr": null,
            "ssnamenr": null,
            "drb": null
        },
        {
            "candid": 2457218803715015007,
            "jd": 2460211.7188079,
            "ra": 295.8453502,
            "dec": 41.940433,
            "fid": 1,
            "nid": 2457,
            "magpsf": 18.86199951171875,
            "sigmapsf": 0.10114499926567078,
            "magnr": 21.28499984741211,
            "sigmagnr": 0.13500000536441803,
            "magzpsci": 26.312000274658203,
            "isdiffpos": "t",
            "ssdistnr": null,
            "ssnamenr": null,
            "drb": null
        },
        {
            "candid": 2459140823715015012,
            "jd": 2460213.6408218,
            "ra": 295.8453506,
            "dec": 41.9404831,
            "fid": 1,
            "nid": 2459,
            "magpsf": 19.118600845336914,
            "sigmapsf": 0.17286700010299683,
            "magnr": 21.28499984741211,
            "sigmagnr": 0.13500000536441803,
            "magzpsci": 26.316600799560547,
            "isdiffpos": "t",
            "ssdistnr": null,
            "ssnamenr": null,
            "drb": null
        },
        {
            "candid": 2461236663715015007,
            "jd": 2460215.7366667,
            "ra": 295.8453688,
            "dec": 41.9404532,
            "fid": 2,
            "nid": 2461,
            "magpsf": 18.191200256347656,
            "sigmapsf": 0.0826449990272522,
            "magnr": 20.340999603271484,
            "sigmagnr": 0.15000000596046448,
            "magzpsci": 26.325199127197266,
            "isdiffpos": "t",
            "ssdistnr": null,
            "ssnamenr": null,
            "drb": null
        },
        {
            "candid": 2463169903715015008,
            "jd": 2460217.6699074,
            "ra": 295.8453952,
            "dec": 41.9404232,
            "fid": 2,
            "nid": 2463,
            "magpsf": 18.397899627685547,
            "sigmapsf": 0.07963500171899796,
            "magnr": 20.340999603271484,
            "sigmagnr": 0.15000000596046448,
            "magzpsci": 26.337900161743164,
            "isdiffpos": "t",
            "ssdistnr": null,
            "ssnamenr": null,
            "drb": null
        },
        {
            "candid": 2467141053715015009,
            "jd": 2460221.6410532,
            "ra": 295.845386,
            "dec": 41.9404262,
            "fid": 2,
            "nid": 2467,
            "magpsf": 18.690500259399414,
            "sigmapsf": 0.07841400057077408,
            "magnr": 20.340999603271484,
            "sigmagnr": 0.15000000596046448,
            "magzpsci": 26.291500091552734,
            "isdiffpos": "t",
            "ssdistnr": null,
            "ssnamenr": null,
            "drb": null
        },
        {
            "candid": 2467173113715015012,
            "jd": 2460221.6731134,
            "ra": 295.8453769,
            "dec": 41.940478,
            "fid": 1,
            "nid": 2467,
            "magpsf": 19.878599166870117,
            "sigmapsf": 0.1684730052947998,
            "magnr": 21.28499984741211,
            "sigmagnr": 0.13500000536441803,
            "magzpsci": 26.28260040283203,
            "isdiffpos": "t",
            "ssdistnr": null,
            "ssnamenr": null,
            "drb": null
        },
        {
            "candid": 2469151293715015011,
            "jd": 2460223.6512963,
            "ra": 295.8453385,
            "dec": 41.9404897,
            "fid": 1,
            "nid": 2469,
            "magpsf": 20.013700485229492,
            "sigmapsf": 0.21490800380706787,
            "magnr": 21.28499984741211,
            "sigmagnr": 0.13500000536441803,
            "magzpsci": 26.308700561523438,
            "isdiffpos": "t",
            "ssdistnr": null,
            "ssnamenr": null,
            "drb": null
        },
        {
            "candid": 2469151293715025011,
            "jd": 2460223.6512963,
            "ra": 295.8453385,
            "dec": 41.9404897,
            "fid": 1,
            "nid": 2469,
            "magpsf": 20.013700485229492,
            "sigmapsf": 0.21490800380706787,
            "magnr": 21.28499984741211,
            "sigmagnr": 0.13500000536441803,
            "magzpsci": 26.308700561523438,
            "isdiffpos": "t",
            "ssdistnr": null,
            "ssnamenr": null,
            "drb": null
        },
        {
            "candid": 2469151293715035011,
            "jd": 2460223.6512963,
            "ra": 295.8453385,
            "dec": 41.9404897,
            "fid": 1,
            "nid": 2469,
            "magpsf": 20.013748168945312,
            "sigmapsf": 0.21490788459777832,
            "magnr": 21.28499984741211,
            "sigmagnr": 0.13500000536441803,
            "magzpsci": 26.308748245239258,
            "isdiffpos": "t",
            "ssdistnr": -999.0,
            "ssnamenr": "null",
            "drb": null
        },
        {
            "candid": 2469195783715015006,
            "jd": 2460223.695787,
            "ra": 295.8453852,
            "dec": 41.9404465,
            "fid": 2,
            "nid": 2469,
            "magpsf": 18.921499252319336,
            "sigmapsf": 0.11014900356531143,
            "magnr": 20.340999603271484,
            "sigmagnr": 0.15000000596046448,
            "magzpsci": 26.329500198364258,
            "isdiffpos": "t",
            "ssdistnr": null,
            "ssnamenr": null,
            "drb": null
        },
        {
            "candid": 2472217223715015010,
            "jd": 2460226.7172222,
            "ra": 295.8453617,
            "dec": 41.9404207,
            "fid": 2,
            "nid": 2472,
            "magpsf": 19.091299057006836,
            "sigmapsf": 0.1119770035147667,
            "magnr": 20.340999603271484,
            "sigmagnr": 0.15000000596046448,
            "magzpsci": 26.30430030822754,
            "isdiffpos": "t",
            "ssdistnr": null,
            "ssnamenr": null,
            "drb": null
        },
        {
            "candid": 2474157753715015008,
            "jd": 2460228.6577546,
            "ra": 295.8454917,
            "dec": 41.9404106,
            "fid": 2,
            "nid": 2474,
            "magpsf": 19.141599655151367,
            "sigmapsf": 0.17891299724578857,
            "magnr": 20.340999603271484,
            "sigmagnr": 0.15000000596046448,
            "magzpsci": 26.351600646972656,
            "isdiffpos": "t",
            "ssdistnr": null,
            "ssnamenr": null,
            "drb": null
        },
        {
            "candid": 2474228543715015008,
            "jd": 2460228.7285417,
            "ra": 295.845432,
            "dec": 41.9404271,
            "fid": 1,
            "nid": 2474,
            "magpsf": 20.34600067138672,
            "sigmapsf": 0.22398099303245544,
            "magnr": 21.28499984741211,
            "sigmagnr": 0.13500000536441803,
            "magzpsci": 26.299999237060547,
            "isdiffpos": "t",
            "ssdistnr": null,
            "ssnamenr": null,
            "drb": null
        },
        {
            "candid": 2477152303715015008,
            "jd": 2460231.6523032,
            "ra": 295.8454187,
            "dec": 41.9404384,
            "fid": 2,
            "nid": 2477,
            "magpsf": 19.358299255371094,
            "sigmapsf": 0.1322370022535324,
            "magnr": 20.340999603271484,
            "sigmagnr": 0.15000000596046448,
            "magzpsci": 26.319299697875977,
            "isdiffpos": "t",
            "ssdistnr": null,
            "ssnamenr": null,
            "drb": null
        },
        {
            "candid": 2477180203715015012,
            "jd": 2460231.6802083,
            "ra": 295.845339,
            "dec": 41.9404719,
            "fid": 1,
            "nid": 2477,
            "magpsf": 20.38249969482422,
            "sigmapsf": 0.2985079884529114,
            "magnr": 21.28499984741211,
            "sigmagnr": 0.13500000536441803,
            "magzpsci": 26.28849983215332,
            "isdiffpos": "t",
            "ssdistnr": null,
            "ssnamenr": null,
            "drb": null
        },
        {
            "candid": 2479156293715015011,
            "jd": 2460233.6562963,
            "ra": 295.8453515,
            "dec": 41.9404148,
            "fid": 2,
            "nid": 2479,
            "magpsf": 19.47549819946289,
            "sigmapsf": 0.1393214911222458,
            "magnr": 20.340999603271484,
            "sigmagnr": 0.15000000596046448,
            "magzpsci": 26.325498580932617,
            "isdiffpos": "t",
            "ssdistnr": -999.0,
            "ssnamenr": "null",
            "drb": null
        },
        {
            "jd": 2460168.8640394,
            "fid": 1,
            "diffmaglim": 20.885000228881836
        },
        {
            "jd": 2460170.8031134,
            "fid": 2,
            "diffmaglim": 20.79509925842285
        },
        {
            "jd": 2460170.8403241,
            "fid": 1,
            "diffmaglim": 20.876800537109375
        },
        {
            "jd": 2460172.69625,
            "fid": 2,
            "diffmaglim": 20.809200286865234
        },
        {
            "jd": 2460172.7478125,
            "fid": 1,
            "diffmaglim": 20.648300170898438
        },
        {
            "jd": 2460174.7493403,
            "fid": 2,
            "diffmaglim": 20.844999313354492
        },
        {
            "jd": 2460174.8203588,
            "fid": 1,
            "diffmaglim": 20.572099685668945
        },
        {
            "jd": 2460181.8240046,
            "fid": 1,
            "diffmaglim": 20.527000427246094
        },
        {
            "jd": 2460181.9163194,
            "fid": 2,
            "diffmaglim": 20.312599182128906
        },
        {
            "jd": 2460183.697419,
            "fid": 2,
            "diffmaglim": 20.576499938964844
        },
        {
            "jd": 2460183.9052315,
            "fid": 1,
            "diffmaglim": 20.38409996032715
        },
        {
            "jd": 2460185.725544,
            "fid": 2,
            "diffmaglim": 20.357799530029297
        },
        {
            "jd": 2460185.7677431,
            "fid": 1,
            "diffmaglim": 20.006000518798828
        },
        {
            "jd": 2460187.6611574,
            "fid": 1,
            "diffmaglim": 19.91069984436035
        },
        {
            "jd": 2460187.7396181,
            "fid": 2,
            "diffmaglim": 20.17840003967285
        },
        {
            "jd": 2460193.74375,
            "fid": 1,
            "diffmaglim": 20.941600799560547
        },
        {
            "jd": 2460201.7037963,
            "fid": 1,
            "diffmaglim": 20.935800552368164
        },
        {
            "jd": 2460207.7201273,
            "fid": 1,
            "diffmaglim": 21.11199951171875
        },
        {
            "jd": 2460213.6824537,
            "fid": 2,
            "diffmaglim": 20.22599983215332
        },
        {
            "jd": 2460215.6771644,
            "fid": 1,
            "diffmaglim": 20.0137996673584
        },
        {
            "jd": 2460217.6380093,
            "fid": 1,
            "diffmaglim": 19.847299575805664
        }
    ],
    "forcedphot": []
}