{
    "objectId": "ZTF24abchdsc",
    "candidates": [
        {
            "candid": 2789356435615015009,
            "jd": 2460543.8564352,
            "ra": 22.4973749,
            "dec": 0.4915451,
            "fid": 1,
            "nid": 2789,
            "magpsf": 19.2726993560791,
            "sigmapsf": 0.2132979929447174,
            "magnr": 17.958999633789062,
            "sigmagnr": 0.09700000286102295,
            "magzpsci": 26.253700256347656,
            "isdiffpos": "t",
            "ssdistnr": null,
            "ssnamenr": null,
            "drb": 0.9901335835456848
        },
        {
            "candid": 2793342995615015015,
            "jd": 2460547.8429977,
            "ra": 22.4973655,
            "dec": 0.4915467,
            "fid": 1,
            "nid": 2793,
            "magpsf": 18.771400451660156,
            "sigmapsf": 0.1262180060148239,
            "magnr": 17.958999633789062,
            "sigmagnr": 0.09700000286102295,
            "magzpsci": 26.24139976501465,
            "isdiffpos": "t",
            "ssdistnr": null,
            "ssnamenr": null,
            "drb": null
        },
        {
            "candid": 2795462305615015015,
            "jd": 2460549.9623032,
            "ra": 22.4973885,
            "dec": 0.4915558,
            "fid": 1,
            "nid": 2795,
            "magpsf": 18.575700759887695,
            "sigmapsf": 0.06307599693536758,
            "magnr": 17.958999633789062,
            "sigmagnr": 0.09700000286102295,
            "magzpsci": 26.305700302124023,
            "isdiffpos": "t",
            "ssdistnr": null,
            "ssnamenr": null,
            "drb": null
        },
        {
            "candid": 2797421965615015021,
            "jd": 2460551.9219676,
            "ra": 22.4974025,
            "dec": 0.4915649,
            "fid": 1,
            "nid": 2797,
            "magpsf": 18.54360008239746,
            "sigmapsf": 0.07850000262260437,
            "magnr": 17.958999633789062,
            "sigmagnr": 0.09700000286102295,
            "magzpsci": 26.307600021362305,
            "isdiffpos": "t",
            "ssdistnr": null,
            "ssnamenr": null,
            "drb": null
        },
        {
            "candid": 2800476535615015021,
            "jd": 2460554.9765394,
            "ra": 22.4973862,
            "dec": 0.4915296,
            "fid": 1,
            "nid": 2800,
            "magpsf": 18.531400680541992,
            "sigmapsf": 0.0734810009598732,
            "magnr": 17.958999633789062,
            "sigmagnr": 0.09700000286102295,
            "magzpsci": 26.289400100708008,
            "isdiffpos": "t",
            "ssdistnr": null,
            "ssnamenr": null,
            "drb": null
        },
        {
            "candid": 2803398375615015031,
            "jd": 2460557.8983796,
            "ra": 22.4973896,
            "dec": 0.4915307,
            "fid": 1,
            "nid": 2803,
            "magpsf": 18.588600158691406,
            "sigmapsf": 0.07798200100660324,
            "magnr": 17.958999633789062,
            "sigmagnr": 0.09700000286102295,
            "magzpsci": 26.257600784301758,
            "isdiffpos": "t",
            "ssdistnr": null,
            "ssnamenr": null,
            "drb": null
        },
        {
            "candid": 2805362225615015029,
            "jd": 2460559.8622222,
            "ra": 22.4974067,
            "dec": 0.4915484,
            "fid": 1,
            "nid": 2805,
            "magpsf": 18.62350082397461,
            "sigmapsf": 0.07051199674606323,
            "magnr": 17.958999633789062,
            "sigmagnr": 0.09700000286102295,
            "magzpsci": 26.20050048828125,
            "isdiffpos": "t",
            "ssdistnr": null,
            "ssnamenr": null,
            "drb": null
        },
        {
            "candid": 2811345635615015044,
            "jd": 2460565.8456366,
            "ra": 22.4973675,
            "dec": 0.4915301,
            "fid": 1,
            "nid": 2811,
            "magpsf": 18.989700317382812,
            "sigmapsf": 0.09369400143623352,
            "magnr": 17.958999633789062,
            "sigmagnr": 0.09700000286102295,
            "magzpsci": 26.30270004272461,
            "isdiffpos": "t",
            "ssdistnr": null,
            "ssnamenr": null,
            "drb": null
        },
        {
            "candid": 2814419955615015018,
            "jd": 2460568.9199537,
            "ra": 22.4973844,
            "dec": 0.4915396,
            "fid": 1,
            "nid": 2814,
            "magpsf": 19.19941520690918,
            "sigmapsf": 0.14268085360527039,
            "magnr": 17.958999633789062,
            "sigmagnr": 0.09700000286102295,
            "magzpsci": 26.29841423034668,
            "isdiffpos": "t",
            "ssdistnr": -999.0,
            "ssnamenr": "null",
            "drb": null
        },
        {
            "jd": 2460514.9448727,
            "fid": 1,
            "diffmaglim": 19.090900421142578
        },
        {
            "jd": 2460516.9452083,
            "fid": 1,
            "diffmaglim": 18.956199645996094
        },
        {
            "jd": 2460519.8909606,
            "fid": 2,
            "diffmaglim": 19.781200408935547
        },
        {
            "jd": 2460519.9603472,
            "fid": 1,
            "diffmaglim": 20.025999069213867
        },
        {
            "jd": 2460521.9359375,
            "fid": 2,
            "diffmaglim": 19.97920036315918
        },
        {
            "jd": 2460521.9775116,
            "fid": 1,
            "diffmaglim": 20.251300811767578
        },
        {
            "jd": 2460525.9430556,
            "fid": 1,
            "diffmaglim": 20.48550033569336
        },
        {
            "jd": 2460528.9238773,
            "fid": 2,
            "diffmaglim": 20.416500091552734
        },
        {
            "jd": 2460528.9437847,
            "fid": 1,
            "diffmaglim": 20.543500900268555
        },
        {
            "jd": 2460530.9145486,
            "fid": 1,
            "diffmaglim": 20.570600509643555
        },
        {
            "jd": 2460532.8791319,
            "fid": 2,
            "diffmaglim": 20.550399780273438
        },
        {
            "jd": 2460532.9375463,
            "fid": 1,
            "diffmaglim": 20.89229965209961
        },
        {
            "jd": 2460533.8953588,
            "fid": 2,
            "diffmaglim": 20.803300857543945
        },
        {
            "jd": 2460533.960706,
            "fid": 1,
            "diffmaglim": 20.897300720214844
        },
        {
            "jd": 2460534.9221296,
            "fid": 1,
            "diffmaglim": 20.583999633789062
        },
        {
            "jd": 2460534.9615394,
            "fid": 2,
            "diffmaglim": 20.589399337768555
        },
        {
            "jd": 2460536.8959144,
            "fid": 2,
            "diffmaglim": 20.40250015258789
        },
        {
            "jd": 2460536.9225463,
            "fid": 1,
            "diffmaglim": 20.481300354003906
        },
        {
            "jd": 2460539.9210995,
            "fid": 1,
            "diffmaglim": 20.142099380493164
        },
        {
            "jd": 2460543.9564236,
            "fid": 2,
            "diffmaglim": 19.16860008239746
        },
        {
            "jd": 2460547.9195486,
            "fid": 2,
            "diffmaglim": 20.10650062561035
        },
        {
            "jd": 2460549.8990509,
            "fid": 2,
            "diffmaglim": 20.40239906311035
        },
        {
            "jd": 2460551.9002662,
            "fid": 2,
            "diffmaglim": 20.61870002746582
        },
        {
            "jd": 2460557.9228472,
            "fid": 2,
            "diffmaglim": 20.576099395751953
        },
        {
            "jd": 2460562.8935532,
            "fid": 2,
            "diffmaglim": 20.23740005493164
        },
        {
            "jd": 2460565.8568981,
            "fid": 2,
            "diffmaglim": 20.537099838256836
        },
        {
            "jd": 2460568.8570023,
            "fid": 2,
            "diffmaglim": 20.070600509643555
        }
    ],
    "forcedphot": [
        {
            "objectid": "ZTF24abchdsc",
            "jd": 2460513.9239931,
            "ranr": -99999.0,
            "decnr": -99999.0,
            "fid": 1,
            "forcediffimflux": -99999.0,
            "forcediffimfluxunc": -99999.0,
            "magzpsci": 26.049100875854492
        },
        {
            "objectid": "ZTF24abchdsc",
            "jd": 2460514.9448727,
            "ranr": 22.4971526,
            "decnr": 0.4912263,
            "fid": 1,
            "forcediffimflux": -10.372847557067871,
            "forcediffimfluxunc": 84.50553131103516,
            "magzpsci": 26.1299991607666
        },
        {
            "objectid": "ZTF24abchdsc",
            "jd": 2460515.9226389,
            "ranr": -99999.0,
            "decnr": -99999.0,
            "fid": 2,
            "forcediffimflux": -99999.0,
            "forcediffimfluxunc": -99999.0,
            "magzpsci": 25.771900177001953
        },
        {
            "objectid": "ZTF24abchdsc",
            "jd": 2460515.9717245,
            "ranr": -99999.0,
            "decnr": -99999.0,
            "fid": 1,
            "forcediffimflux": -99999.0,
            "forcediffimfluxunc": -99999.0,
            "magzpsci": 26.027000427246094
        },
        {
            "objectid": "ZTF24abchdsc",
            "jd": 2460516.9452083,
            "ranr": 22.4971526,
            "decnr": 0.4912263,
            "fid": 1,
            "forcediffimflux": 96.83128356933594,
            "forcediffimfluxunc": 99.76598358154297,
            "magzpsci": 26.02829933166504
        },
        {
            "objectid": "ZTF24abchdsc",
            "jd": 2460519.8909606,
            "ranr": 22.4970668,
            "decnr": 0.4912001,
            "fid": 2,
            "forcediffimflux": 27.917497634887695,
            "forcediffimfluxunc": 46.2473258972168,
            "magzpsci": 26.16160011291504
        },
        {
            "objectid": "ZTF24abchdsc",
            "jd": 2460519.9730324,
            "ranr": -99999.0,
            "decnr": -99999.0,
            "fid": 1,
            "forcediffimflux": -99999.0,
            "forcediffimfluxunc": -99999.0,
            "magzpsci": 26.12579917907715
        },
        {
            "objectid": "ZTF24abchdsc",
            "jd": 2460520.8979051,
            "ranr": -99999.0,
            "decnr": -99999.0,
            "fid": 2,
            "forcediffimflux": -99999.0,
            "forcediffimfluxunc": -99999.0,
            "magzpsci": 25.97559928894043
        },
        {
            "objectid": "ZTF24abchdsc",
            "jd": 2460521.9359375,
            "ranr": 22.4970668,
            "decnr": 0.4912001,
            "fid": 2,
            "forcediffimflux": -0.5541691780090332,
            "forcediffimfluxunc": 37.22945785522461,
            "magzpsci": 26.181299209594727
        },
        {
            "objectid": "ZTF24abchdsc",
            "jd": 2460521.9775116,
            "ranr": 22.4971526,
            "decnr": 0.4912263,
            "fid": 1,
            "forcediffimflux": -21.113811492919922,
            "forcediffimfluxunc": 34.75996780395508,
            "magzpsci": 26.253599166870117
        },
        {
            "objectid": "ZTF24abchdsc",
            "jd": 2460522.9119676,
            "ranr": -99999.0,
            "decnr": -99999.0,
            "fid": 2,
            "forcediffimflux": -99999.0,
            "forcediffimfluxunc": -99999.0,
            "magzpsci": 25.91360092163086
        },
        {
            "objectid": "ZTF24abchdsc",
            "jd": 2460522.9566551,
            "ranr": -99999.0,
            "decnr": -99999.0,
            "fid": 1,
            "forcediffimflux": -99999.0,
            "forcediffimfluxunc": -99999.0,
            "magzpsci": 26.07710075378418
        },
        {
            "objectid": "ZTF24abchdsc",
            "jd": 2460525.9430556,
            "ranr": 22.4971526,
            "decnr": 0.4912263,
            "fid": 1,
            "forcediffimflux": 12.474825859069824,
            "forcediffimfluxunc": 26.955976486206055,
            "magzpsci": 26.200000762939453
        },
        {
            "objectid": "ZTF24abchdsc",
            "jd": 2460526.900706,
            "ranr": -99999.0,
            "decnr": -99999.0,
            "fid": 2,
            "forcediffimflux": -99999.0,
            "forcediffimfluxunc": -99999.0,
            "magzpsci": 25.98940086364746
        },
        {
            "objectid": "ZTF24abchdsc",
            "jd": 2460526.9786574,
            "ranr": -99999.0,
            "decnr": -99999.0,
            "fid": 1,
            "forcediffimflux": -99999.0,
            "forcediffimfluxunc": -99999.0,
            "magzpsci": 26.15220069885254
        },
        {
            "objectid": "ZTF24abchdsc",
            "jd": 2460528.9238773,
            "ranr": 22.4970668,
            "decnr": 0.4912001,
            "fid": 2,
            "forcediffimflux": 57.7653923034668,
            "forcediffimfluxunc": 27.479896545410156,
            "magzpsci": 26.126800537109375
        },
        {
            "objectid": "ZTF24abchdsc",
            "jd": 2460528.9437847,
            "ranr": 22.4971526,
            "decnr": 0.4912263,
            "fid": 1,
            "forcediffimflux": -26.830909729003906,
            "forcediffimfluxunc": 26.922935485839844,
            "magzpsci": 26.181100845336914
        },
        {
            "objectid": "ZTF24abchdsc",
            "jd": 2460530.9145486,
            "ranr": 22.4971526,
            "decnr": 0.4912263,
            "fid": 1,
            "forcediffimflux": 17.76181411743164,
            "forcediffimfluxunc": 24.447717666625977,
            "magzpsci": 26.135499954223633
        },
        {
            "objectid": "ZTF24abchdsc",
            "jd": 2460532.8807755,
            "ranr": -99999.0,
            "decnr": -99999.0,
            "fid": 2,
            "forcediffimflux": -99999.0,
            "forcediffimfluxunc": -99999.0,
            "magzpsci": 26.659000396728516
        },
        {
            "objectid": "ZTF24abchdsc",
            "jd": 2460532.9567361,
            "ranr": -99999.0,
            "decnr": -99999.0,
            "fid": 1,
            "forcediffimflux": -99999.0,
            "forcediffimfluxunc": -99999.0,
            "magzpsci": 26.80419921875
        },
        {
            "objectid": "ZTF24abchdsc",
            "jd": 2460533.9166319,
            "ranr": -99999.0,
            "decnr": -99999.0,
            "fid": 2,
            "forcediffimflux": -99999.0,
            "forcediffimfluxunc": -99999.0,
            "magzpsci": 26.774599075317383
        },
        {
            "objectid": "ZTF24abchdsc",
            "jd": 2460533.960706,
            "ranr": 22.4971526,
            "decnr": 0.4912263,
            "fid": 1,
            "forcediffimflux": 53.457916259765625,
            "forcediffimfluxunc": 32.982730865478516,
            "magzpsci": 26.9424991607666
        },
        {
            "objectid": "ZTF24abchdsc",
            "jd": 2460534.9555324,
            "ranr": -99999.0,
            "decnr": -99999.0,
            "fid": 1,
            "forcediffimflux": -99999.0,
            "forcediffimfluxunc": -99999.0,
            "magzpsci": 26.82349967956543
        },
        {
            "objectid": "ZTF24abchdsc",
            "jd": 2460534.9615394,
            "ranr": 22.4970668,
            "decnr": 0.4912001,
            "fid": 2,
            "forcediffimflux": -36.71051788330078,
            "forcediffimfluxunc": 43.05402755737305,
            "magzpsci": 26.899900436401367
        },
        {
            "objectid": "ZTF24abchdsc",
            "jd": 2460536.8959144,
            "ranr": 22.4970668,
            "decnr": 0.4912001,
            "fid": 2,
            "forcediffimflux": 20.10558319091797,
            "forcediffimfluxunc": 16.514223098754883,
            "magzpsci": 26.226299285888672
        },
        {
            "objectid": "ZTF24abchdsc",
            "jd": 2460536.9234954,
            "ranr": -99999.0,
            "decnr": -99999.0,
            "fid": 1,
            "forcediffimflux": -99999.0,
            "forcediffimfluxunc": -99999.0,
            "magzpsci": 26.152599334716797
        },
        {
            "objectid": "ZTF24abchdsc",
            "jd": 2460539.8958333,
            "ranr": -99999.0,
            "decnr": -99999.0,
            "fid": 2,
            "forcediffimflux": -99999.0,
            "forcediffimfluxunc": -99999.0,
            "magzpsci": 26.009599685668945
        },
        {
            "objectid": "ZTF24abchdsc",
            "jd": 2460539.9215625,
            "ranr": -99999.0,
            "decnr": -99999.0,
            "fid": 1,
            "forcediffimflux": -99999.0,
            "forcediffimfluxunc": -99999.0,
            "magzpsci": 26.099300384521484
        },
        {
            "objectid": "ZTF24abchdsc",
            "jd": 2460543.8540394,
            "ranr": -99999.0,
            "decnr": -99999.0,
            "fid": 1,
            "forcediffimflux": -99999.0,
            "forcediffimfluxunc": -99999.0,
            "magzpsci": 26.180999755859375
        },
        {
            "objectid": "ZTF24abchdsc",
            "jd": 2460543.8611574,
            "ranr": -99999.0,
            "decnr": -99999.0,
            "fid": 1,
            "forcediffimflux": -99999.0,
            "forcediffimfluxunc": -99999.0,
            "magzpsci": 26.084400177001953
        },
        {
            "objectid": "ZTF24abchdsc",
            "jd": 2460543.9564236,
            "ranr": 22.4970668,
            "decnr": 0.4912001,
            "fid": 2,
            "forcediffimflux": 697.322021484375,
            "forcediffimfluxunc": 80.667236328125,
            "magzpsci": 26.205299377441406
        },
        {
            "objectid": "ZTF24abchdsc",
            "jd": 2460547.8425231,
            "ranr": -99999.0,
            "decnr": -99999.0,
            "fid": 1,
            "forcediffimflux": -99999.0,
            "forcediffimfluxunc": -99999.0,
            "magzpsci": 26.188199996948242
        },
        {
            "objectid": "ZTF24abchdsc",
            "jd": 2460547.8434606,
            "ranr": -99999.0,
            "decnr": -99999.0,
            "fid": 1,
            "forcediffimflux": -99999.0,
            "forcediffimfluxunc": -99999.0,
            "magzpsci": 26.090299606323242
        },
        {
            "objectid": "ZTF24abchdsc",
            "jd": 2460547.9214468,
            "ranr": -99999.0,
            "decnr": -99999.0,
            "fid": 2,
            "forcediffimflux": -99999.0,
            "forcediffimfluxunc": -99999.0,
            "magzpsci": 26.081300735473633
        },
        {
            "objectid": "ZTF24abchdsc",
            "jd": 2460549.8999884,
            "ranr": -99999.0,
            "decnr": -99999.0,
            "fid": 2,
            "forcediffimflux": -99999.0,
            "forcediffimfluxunc": -99999.0,
            "magzpsci": 26.073699951171875
        },
        {
            "objectid": "ZTF24abchdsc",
            "jd": 2460549.9632523,
            "ranr": -99999.0,
            "decnr": -99999.0,
            "fid": 1,
            "forcediffimflux": -99999.0,
            "forcediffimfluxunc": -99999.0,
            "magzpsci": 26.276599884033203
        },
        {
            "objectid": "ZTF24abchdsc",
            "jd": 2460551.9007407,
            "ranr": -99999.0,
            "decnr": -99999.0,
            "fid": 2,
            "forcediffimflux": -99999.0,
            "forcediffimfluxunc": -99999.0,
            "magzpsci": 26.070600509643555
        },
        {
            "objectid": "ZTF24abchdsc",
            "jd": 2460551.9214931,
            "ranr": -99999.0,
            "decnr": -99999.0,
            "fid": 1,
            "forcediffimflux": -99999.0,
            "forcediffimfluxunc": -99999.0,
            "magzpsci": 26.245899200439453
        },
        {
            "objectid": "ZTF24abchdsc",
            "jd": 2460551.9233796,
            "ranr": -99999.0,
            "decnr": -99999.0,
            "fid": 1,
            "forcediffimflux": -99999.0,
            "forcediffimfluxunc": -99999.0,
            "magzpsci": 26.185100555419922
        },
        {
            "objectid": "ZTF24abchdsc",
            "jd": 2460554.9210995,
            "ranr": -99999.0,
            "decnr": -99999.0,
            "fid": 2,
            "forcediffimflux": -99999.0,
            "forcediffimfluxunc": -99999.0,
            "magzpsci": 26.014699935913086
        },
        {
            "objectid": "ZTF24abchdsc",
            "jd": 2460554.9760764,
            "ranr": -99999.0,
            "decnr": -99999.0,
            "fid": 1,
            "forcediffimflux": -99999.0,
            "forcediffimfluxunc": -99999.0,
            "magzpsci": 26.130199432373047
        },
        {
            "objectid": "ZTF24abchdsc",
            "jd": 2460554.9770139,
            "ranr": -99999.0,
            "decnr": -99999.0,
            "fid": 1,
            "forcediffimflux": -99999.0,
            "forcediffimfluxunc": -99999.0,
            "magzpsci": 26.131000518798828
        },
        {
            "objectid": "ZTF24abchdsc",
            "jd": 2460557.8822685,
            "ranr": -99999.0,
            "decnr": -99999.0,
            "fid": 1,
            "forcediffimflux": -99999.0,
            "forcediffimfluxunc": -99999.0,
            "magzpsci": 26.104799270629883
        },
        {
            "objectid": "ZTF24abchdsc",
            "jd": 2460557.8983796,
            "ranr": 22.4971526,
            "decnr": 0.4912263,
            "fid": 1,
            "forcediffimflux": 1225.8477783203125,
            "forcediffimfluxunc": 30.32206153869629,
            "magzpsci": 26.257600784301758
        },
        {
            "objectid": "ZTF24abchdsc",
            "jd": 2460557.9233102,
            "ranr": -99999.0,
            "decnr": -99999.0,
            "fid": 2,
            "forcediffimflux": -99999.0,
            "forcediffimfluxunc": -99999.0,
            "magzpsci": 26.02669906616211
        },
        {
            "objectid": "ZTF24abchdsc",
            "jd": 2460559.8617477,
            "ranr": -99999.0,
            "decnr": -99999.0,
            "fid": 1,
            "forcediffimflux": -99999.0,
            "forcediffimfluxunc": -99999.0,
            "magzpsci": 26.02239990234375
        },
        {
            "objectid": "ZTF24abchdsc",
            "jd": 2460559.8659954,
            "ranr": -99999.0,
            "decnr": -99999.0,
            "fid": 1,
            "forcediffimflux": -99999.0,
            "forcediffimfluxunc": -99999.0,
            "magzpsci": 26.04360008239746
        },
        {
            "objectid": "ZTF24abchdsc",
            "jd": 2460559.8865509,
            "ranr": -99999.0,
            "decnr": -99999.0,
            "fid": 2,
            "forcediffimflux": -99999.0,
            "forcediffimfluxunc": -99999.0,
            "magzpsci": 26.023099899291992
        },
        {
            "objectid": "ZTF24abchdsc",
            "jd": 2460561.9362731,
            "ranr": -99999.0,
            "decnr": -99999.0,
            "fid": 1,
            "forcediffimflux": -99999.0,
            "forcediffimfluxunc": -99999.0,
            "magzpsci": 25.92959976196289
        },
        {
            "objectid": "ZTF24abchdsc",
            "jd": 2460561.9415394,
            "ranr": -99999.0,
            "decnr": -99999.0,
            "fid": 2,
            "forcediffimflux": -99999.0,
            "forcediffimfluxunc": -99999.0,
            "magzpsci": 25.81100082397461
        },
        {
            "objectid": "ZTF24abchdsc",
            "jd": 2460562.8543287,
            "ranr": -99999.0,
            "decnr": -99999.0,
            "fid": 1,
            "forcediffimflux": -99999.0,
            "forcediffimfluxunc": -99999.0,
            "magzpsci": 25.961599349975586
        },
        {
            "objectid": "ZTF24abchdsc",
            "jd": 2460562.8940162,
            "ranr": -99999.0,
            "decnr": -99999.0,
            "fid": 2,
            "forcediffimflux": -99999.0,
            "forcediffimfluxunc": -99999.0,
            "magzpsci": 25.942899703979492
        },
        {
            "objectid": "ZTF24abchdsc",
            "jd": 2460564.9146412,
            "ranr": -99999.0,
            "decnr": -99999.0,
            "fid": 1,
            "forcediffimflux": -99999.0,
            "forcediffimfluxunc": -99999.0,
            "magzpsci": 26.266399383544922
        },
        {
            "objectid": "ZTF24abchdsc",
            "jd": 2460564.9793171,
            "ranr": -99999.0,
            "decnr": -99999.0,
            "fid": 2,
            "forcediffimflux": -99999.0,
            "forcediffimfluxunc": -99999.0,
            "magzpsci": 26.034900665283203
        },
        {
            "objectid": "ZTF24abchdsc",
            "jd": 2460565.8381713,
            "ranr": -99999.0,
            "decnr": -99999.0,
            "fid": 1,
            "forcediffimflux": -99999.0,
            "forcediffimfluxunc": -99999.0,
            "magzpsci": 26.14069938659668
        },
        {
            "objectid": "ZTF24abchdsc",
            "jd": 2460565.8456366,
            "ranr": 22.4971526,
            "decnr": 0.4912263,
            "fid": 1,
            "forcediffimflux": 879.650634765625,
            "forcediffimfluxunc": 31.242666244506836,
            "magzpsci": 26.30270004272461
        },
        {
            "objectid": "ZTF24abchdsc",
            "jd": 2460565.8703356,
            "ranr": -99999.0,
            "decnr": -99999.0,
            "fid": 2,
            "forcediffimflux": -99999.0,
            "forcediffimfluxunc": -99999.0,
            "magzpsci": 26.105600357055664
        },
        {
            "objectid": "ZTF24abchdsc",
            "jd": 2460566.9014931,
            "ranr": -99999.0,
            "decnr": -99999.0,
            "fid": 1,
            "forcediffimflux": -99999.0,
            "forcediffimfluxunc": -99999.0,
            "magzpsci": 25.80340003967285
        },
        {
            "objectid": "ZTF24abchdsc",
            "jd": 2460566.963044,
            "ranr": -99999.0,
            "decnr": -99999.0,
            "fid": 2,
            "forcediffimflux": -99999.0,
            "forcediffimfluxunc": -99999.0,
            "magzpsci": 25.79290008544922
        },
        {
            "objectid": "ZTF24abchdsc",
            "jd": 2460568.8271991,
            "ranr": -99999.0,
            "decnr": -99999.0,
            "fid": 1,
            "forcediffimflux": -99999.0,
            "forcediffimfluxunc": -99999.0,
            "magzpsci": 26.13640022277832
        },
        {
            "objectid": "ZTF24abchdsc",
            "jd": 2460568.8574769,
            "ranr": -99999.0,
            "decnr": -99999.0,
            "fid": 2,
            "forcediffimflux": -99999.0,
            "forcediffimfluxunc": -99999.0,
            "magzpsci": 26.0674991607666
        }
    ]
}