{
    "objectId": "ZTF22aadoihx",
    "candidates": [
        {
            "candid": 1917428195215025000,
            "jd": 2459671.9281944,
            "ra": 172.1366168,
            "dec": 58.5632322,
            "fid": 1,
            "nid": 1917,
            "magpsf": 19.178699493408203,
            "sigmapsf": 0.13370199501514435,
            "magnr": 17.08799934387207,
            "sigmagnr": 0.09399999678134918,
            "magzpsci": 26.253700256347656,
            "isdiffpos": "t",
            "ssdistnr": null,
            "ssnamenr": null,
            "drb": null
        },
        {
            "candid": 1920329815215015004,
            "jd": 2459674.8298148,
            "ra": 172.1367091,
            "dec": 58.5632399,
            "fid": 2,
            "nid": 1920,
            "magpsf": 17.71540069580078,
            "sigmapsf": 0.055504001677036285,
            "magnr": 16.507999420166016,
            "sigmagnr": 0.10700000077486038,
            "magzpsci": 26.21540069580078,
            "isdiffpos": "t",
            "ssdistnr": null,
            "ssnamenr": null,
            "drb": 0.9999859929084778
        },
        {
            "candid": 1920410135215015003,
            "jd": 2459674.9101389,
            "ra": 172.1366954,
            "dec": 58.5631304,
            "fid": 1,
            "nid": 1920,
            "magpsf": 18.83690071105957,
            "sigmapsf": 0.13138900697231293,
            "magnr": 17.08799934387207,
            "sigmagnr": 0.09399999678134918,
            "magzpsci": 26.24090003967285,
            "isdiffpos": "t",
            "ssdistnr": null,
            "ssnamenr": null,
            "drb": null
        },
        {
            "candid": 1920455820315015010,
            "jd": 2459674.9558218,
            "ra": 172.1367343,
            "dec": 58.5632256,
            "fid": 2,
            "nid": 1920,
            "magpsf": 17.611099243164062,
            "sigmapsf": 0.04834600165486336,
            "magnr": 16.38800048828125,
            "sigmagnr": 0.08699999749660492,
            "magzpsci": 25.951099395751953,
            "isdiffpos": "t",
            "ssdistnr": null,
            "ssnamenr": null,
            "drb": null
        },
        {
            "candid": 1922323270315015007,
            "jd": 2459676.8232755,
            "ra": 172.1366246,
            "dec": 58.5630921,
            "fid": 1,
            "nid": 1922,
            "magpsf": 18.585599899291992,
            "sigmapsf": 0.09537699818611145,
            "magnr": 17.267000198364258,
            "sigmagnr": 0.10499999672174454,
            "magzpsci": 26.06760025024414,
            "isdiffpos": "t",
            "ssdistnr": null,
            "ssnamenr": null,
            "drb": null
        },
        {
            "candid": 1922349570315015010,
            "jd": 2459676.8495718,
            "ra": 172.1366999,
            "dec": 58.5632194,
            "fid": 2,
            "nid": 1922,
            "magpsf": 17.516700744628906,
            "sigmapsf": 0.05841200053691864,
            "magnr": 16.38800048828125,
            "sigmagnr": 0.08699999749660492,
            "magzpsci": 25.94569969177246,
            "isdiffpos": "t",
            "ssdistnr": null,
            "ssnamenr": null,
            "drb": null
        },
        {
            "candid": 1922371385215015004,
            "jd": 2459676.8713889,
            "ra": 172.1366315,
            "dec": 58.5632038,
            "fid": 2,
            "nid": 1922,
            "magpsf": 17.59589958190918,
            "sigmapsf": 0.0669889971613884,
            "magnr": 16.507999420166016,
            "sigmagnr": 0.10700000077486038,
            "magzpsci": 26.107900619506836,
            "isdiffpos": "t",
            "ssdistnr": null,
            "ssnamenr": null,
            "drb": null
        },
        {
            "candid": 1924244760315015005,
            "jd": 2459678.7447685,
            "ra": 172.1367079,
            "dec": 58.5632255,
            "fid": 2,
            "nid": 1924,
            "magpsf": 17.426000595092773,
            "sigmapsf": 0.05225199833512306,
            "magnr": 16.38800048828125,
            "sigmagnr": 0.08699999749660492,
            "magzpsci": 26.000999450683594,
            "isdiffpos": "t",
            "ssdistnr": null,
            "ssnamenr": null,
            "drb": null
        },
        {
            "candid": 1924304805215015001,
            "jd": 2459678.8048032,
            "ra": 172.1367128,
            "dec": 58.5632284,
            "fid": 1,
            "nid": 1924,
            "magpsf": 18.72480010986328,
            "sigmapsf": 0.10272199660539627,
            "magnr": 17.08799934387207,
            "sigmagnr": 0.09399999678134918,
            "magzpsci": 26.27079963684082,
            "isdiffpos": "t",
            "ssdistnr": null,
            "ssnamenr": null,
            "drb": null
        },
        {
            "candid": 1924328800315015005,
            "jd": 2459678.8288079,
            "ra": 172.1367092,
            "dec": 58.5631526,
            "fid": 1,
            "nid": 1924,
            "magpsf": 18.733200073242188,
            "sigmapsf": 0.10058499872684479,
            "magnr": 17.267000198364258,
            "sigmagnr": 0.10499999672174454,
            "magzpsci": 26.097200393676758,
            "isdiffpos": "t",
            "ssdistnr": null,
            "ssnamenr": null,
            "drb": null
        },
        {
            "candid": 1926239435215015006,
            "jd": 2459680.7394329,
            "ra": 172.1366833,
            "dec": 58.5632032,
            "fid": 2,
            "nid": 1926,
            "magpsf": 17.41629981994629,
            "sigmapsf": 0.058416999876499176,
            "magnr": 16.507999420166016,
            "sigmagnr": 0.10700000077486038,
            "magzpsci": 26.191299438476562,
            "isdiffpos": "t",
            "ssdistnr": null,
            "ssnamenr": null,
            "drb": null
        },
        {
            "candid": 1926341490315015006,
            "jd": 2459680.8414931,
            "ra": 172.1367042,
            "dec": 58.5632202,
            "fid": 2,
            "nid": 1926,
            "magpsf": 17.390300750732422,
            "sigmapsf": 0.06148400157690048,
            "magnr": 16.38800048828125,
            "sigmagnr": 0.08699999749660492,
            "magzpsci": 26.00830078125,
            "isdiffpos": "t",
            "ssdistnr": null,
            "ssnamenr": null,
            "drb": null
        },
        {
            "candid": 1929293940315015003,
            "jd": 2459683.7939468,
            "ra": 172.136701,
            "dec": 58.563222,
            "fid": 1,
            "nid": 1929,
            "magpsf": 18.86400032043457,
            "sigmapsf": 0.1576240062713623,
            "magnr": 17.267000198364258,
            "sigmagnr": 0.10499999672174454,
            "magzpsci": 26.148000717163086,
            "isdiffpos": "t",
            "ssdistnr": null,
            "ssnamenr": null,
            "drb": null
        },
        {
            "candid": 1929294425215015002,
            "jd": 2459683.7944213,
            "ra": 172.1366317,
            "dec": 58.5630391,
            "fid": 1,
            "nid": 1929,
            "magpsf": 18.75510025024414,
            "sigmapsf": 0.1643030047416687,
            "magnr": 17.08799934387207,
            "sigmagnr": 0.09399999678134918,
            "magzpsci": 26.296100616455078,
            "isdiffpos": "t",
            "ssdistnr": null,
            "ssnamenr": null,
            "drb": null
        },
        {
            "candid": 1929360925215015002,
            "jd": 2459683.8609259,
            "ra": 172.1367241,
            "dec": 58.5632281,
            "fid": 2,
            "nid": 1929,
            "magpsf": 17.398500442504883,
            "sigmapsf": 0.047235000878572464,
            "magnr": 16.507999420166016,
            "sigmagnr": 0.10700000077486038,
            "magzpsci": 26.157499313354492,
            "isdiffpos": "t",
            "ssdistnr": null,
            "ssnamenr": null,
            "drb": null
        },
        {
            "candid": 1929361400315015006,
            "jd": 2459683.8614005,
            "ra": 172.1367065,
            "dec": 58.5632276,
            "fid": 2,
            "nid": 1929,
            "magpsf": 17.39229965209961,
            "sigmapsf": 0.06283699721097946,
            "magnr": 16.38800048828125,
            "sigmagnr": 0.08699999749660492,
            "magzpsci": 26.0132999420166,
            "isdiffpos": "t",
            "ssdistnr": null,
            "ssnamenr": null,
            "drb": null
        },
        {
            "candid": 1931238040315015007,
            "jd": 2459685.738044,
            "ra": 172.1367208,
            "dec": 58.5632397,
            "fid": 2,
            "nid": 1931,
            "magpsf": 17.406200408935547,
            "sigmapsf": 0.05758899822831154,
            "magnr": 16.38800048828125,
            "sigmagnr": 0.08699999749660492,
            "magzpsci": 26.042200088500977,
            "isdiffpos": "t",
            "ssdistnr": null,
            "ssnamenr": null,
            "drb": null
        },
        {
            "candid": 1931238515215015001,
            "jd": 2459685.7385185,
            "ra": 172.1367271,
            "dec": 58.5632294,
            "fid": 2,
            "nid": 1931,
            "magpsf": 17.409700393676758,
            "sigmapsf": 0.06003100052475929,
            "magnr": 16.507999420166016,
            "sigmagnr": 0.10700000077486038,
            "magzpsci": 26.216699600219727,
            "isdiffpos": "t",
            "ssdistnr": null,
            "ssnamenr": null,
            "drb": null
        },
        {
            "candid": 1934280570315015003,
            "jd": 2459688.7805787,
            "ra": 172.1365953,
            "dec": 58.563187,
            "fid": 1,
            "nid": 1934,
            "magpsf": 19.08970069885254,
            "sigmapsf": 0.12909699976444244,
            "magnr": 17.267000198364258,
            "sigmagnr": 0.10499999672174454,
            "magzpsci": 26.10070037841797,
            "isdiffpos": "t",
            "ssdistnr": null,
            "ssnamenr": null,
            "drb": null
        },
        {
            "candid": 1934281055215015002,
            "jd": 2459688.7810532,
            "ra": 172.1369227,
            "dec": 58.5630585,
            "fid": 1,
            "nid": 1934,
            "magpsf": 18.891599655151367,
            "sigmapsf": 0.2037539929151535,
            "magnr": 17.08799934387207,
            "sigmagnr": 0.09399999678134918,
            "magzpsci": 26.320600509643555,
            "isdiffpos": "t",
            "ssdistnr": null,
            "ssnamenr": null,
            "drb": null
        },
        {
            "candid": 1934343885215015003,
            "jd": 2459688.8438889,
            "ra": 172.1367387,
            "dec": 58.5631686,
            "fid": 2,
            "nid": 1934,
            "magpsf": 17.411300659179688,
            "sigmapsf": 0.06366600096225739,
            "magnr": 16.507999420166016,
            "sigmagnr": 0.10700000077486038,
            "magzpsci": 25.985300064086914,
            "isdiffpos": "t",
            "ssdistnr": null,
            "ssnamenr": null,
            "drb": null
        },
        {
            "candid": 1936241045215015001,
            "jd": 2459690.7410417,
            "ra": 172.1367409,
            "dec": 58.5632422,
            "fid": 2,
            "nid": 1936,
            "magpsf": 17.534500122070312,
            "sigmapsf": 0.06710600107908249,
            "magnr": 16.507999420166016,
            "sigmagnr": 0.10700000077486038,
            "magzpsci": 26.170499801635742,
            "isdiffpos": "t",
            "ssdistnr": null,
            "ssnamenr": null,
            "drb": null
        },
        {
            "candid": 1936282850315015008,
            "jd": 2459690.7828588,
            "ra": 172.1366229,
            "dec": 58.5631453,
            "fid": 1,
            "nid": 1936,
            "magpsf": 19.139400482177734,
            "sigmapsf": 0.1205189973115921,
            "magnr": 17.267000198364258,
            "sigmagnr": 0.10499999672174454,
            "magzpsci": 26.131399154663086,
            "isdiffpos": "t",
            "ssdistnr": null,
            "ssnamenr": null,
            "drb": null
        },
        {
            "candid": 1936283325215015001,
            "jd": 2459690.7833218,
            "ra": 172.136672,
            "dec": 58.5632588,
            "fid": 1,
            "nid": 1936,
            "magpsf": 19.365100860595703,
            "sigmapsf": 0.13785399496555328,
            "magnr": 17.08799934387207,
            "sigmagnr": 0.09399999678134918,
            "magzpsci": 26.271099090576172,
            "isdiffpos": "t",
            "ssdistnr": null,
            "ssnamenr": null,
            "drb": null
        },
        {
            "candid": 1936329660315015005,
            "jd": 2459690.8296644,
            "ra": 172.1366885,
            "dec": 58.5632369,
            "fid": 2,
            "nid": 1936,
            "magpsf": 17.56570053100586,
            "sigmapsf": 0.05495699867606163,
            "magnr": 16.38800048828125,
            "sigmagnr": 0.08699999749660492,
            "magzpsci": 25.99570083618164,
            "isdiffpos": "t",
            "ssdistnr": null,
            "ssnamenr": null,
            "drb": null
        },
        {
            "candid": 1940184975215015003,
            "jd": 2459694.6849769,
            "ra": 172.1367367,
            "dec": 58.5632308,
            "fid": 2,
            "nid": 1940,
            "magpsf": 17.776599884033203,
            "sigmapsf": 0.07023800164461136,
            "magnr": 16.507999420166016,
            "sigmagnr": 0.10700000077486038,
            "magzpsci": 26.10460090637207,
            "isdiffpos": "t",
            "ssdistnr": null,
            "ssnamenr": null,
            "drb": null
        },
        {
            "candid": 1942202095215015003,
            "jd": 2459696.7020949,
            "ra": 172.136724,
            "dec": 58.5633211,
            "fid": 1,
            "nid": 1942,
            "magpsf": 19.7362003326416,
            "sigmapsf": 0.143204003572464,
            "magnr": 17.08799934387207,
            "sigmagnr": 0.09399999678134918,
            "magzpsci": 26.270200729370117,
            "isdiffpos": "t",
            "ssdistnr": null,
            "ssnamenr": null,
            "drb": null
        },
        {
            "candid": 1942238240315015010,
            "jd": 2459696.7382407,
            "ra": 172.1367159,
            "dec": 58.5632249,
            "fid": 2,
            "nid": 1942,
            "magpsf": 17.80970001220703,
            "sigmapsf": 0.05935300141572952,
            "magnr": 16.38800048828125,
            "sigmagnr": 0.08699999749660492,
            "magzpsci": 26.001699447631836,
            "isdiffpos": "t",
            "ssdistnr": null,
            "ssnamenr": null,
            "drb": null
        },
        {
            "candid": 1942262045215015011,
            "jd": 2459696.7620486,
            "ra": 172.1368495,
            "dec": 58.5631348,
            "fid": 2,
            "nid": 1942,
            "magpsf": 17.701200485229492,
            "sigmapsf": 0.08068100363016129,
            "magnr": 16.507999420166016,
            "sigmagnr": 0.10700000077486038,
            "magzpsci": 25.731199264526367,
            "isdiffpos": "t",
            "ssdistnr": null,
            "ssnamenr": null,
            "drb": null
        },
        {
            "candid": 1945225625215015001,
            "jd": 2459699.725625,
            "ra": 172.1366704,
            "dec": 58.5632257,
            "fid": 1,
            "nid": 1945,
            "magpsf": 19.845500946044922,
            "sigmapsf": 0.20704300701618195,
            "magnr": 17.08799934387207,
            "sigmagnr": 0.09399999678134918,
            "magzpsci": 26.254499435424805,
            "isdiffpos": "t",
            "ssdistnr": null,
            "ssnamenr": null,
            "drb": null
        },
        {
            "candid": 1945281715215015002,
            "jd": 2459699.781713,
            "ra": 172.1367472,
            "dec": 58.5632392,
            "fid": 2,
            "nid": 1945,
            "magpsf": 17.923200607299805,
            "sigmapsf": 0.05619499832391739,
            "magnr": 16.507999420166016,
            "sigmagnr": 0.10700000077486038,
            "magzpsci": 26.140199661254883,
            "isdiffpos": "t",
            "ssdistnr": null,
            "ssnamenr": null,
            "drb": null
        },
        {
            "candid": 1949289610315015010,
            "jd": 2459703.7896181,
            "ra": 172.1366961,
            "dec": 58.5632216,
            "fid": 2,
            "nid": 1949,
            "magpsf": 18.0575008392334,
            "sigmapsf": 0.07255300134420395,
            "magnr": 16.38800048828125,
            "sigmagnr": 0.08699999749660492,
            "magzpsci": 25.97450065612793,
            "isdiffpos": "t",
            "ssdistnr": null,
            "ssnamenr": null,
            "drb": null
        },
        {
            "candid": 1953181375215015002,
            "jd": 2459707.6813773,
            "ra": 172.1366477,
            "dec": 58.5632277,
            "fid": 2,
            "nid": 1953,
            "magpsf": 18.208900451660156,
            "sigmapsf": 0.08965200185775757,
            "magnr": 16.507999420166016,
            "sigmagnr": 0.10700000077486038,
            "magzpsci": 26.213899612426758,
            "isdiffpos": "t",
            "ssdistnr": null,
            "ssnamenr": null,
            "drb": null
        },
        {
            "candid": 1953221095215015004,
            "jd": 2459707.7210995,
            "ra": 172.1367793,
            "dec": 58.5631872,
            "fid": 2,
            "nid": 1953,
            "magpsf": 18.18720054626465,
            "sigmapsf": 0.07615199685096741,
            "magnr": 16.507999420166016,
            "sigmagnr": 0.10700000077486038,
            "magzpsci": 26.219200134277344,
            "isdiffpos": "t",
            "ssdistnr": null,
            "ssnamenr": null,
            "drb": null
        },
        {
            "candid": 1955179220315015005,
            "jd": 2459709.6792245,
            "ra": 172.1367152,
            "dec": 58.5632017,
            "fid": 2,
            "nid": 1955,
            "magpsf": 18.24959945678711,
            "sigmapsf": 0.09360499680042267,
            "magnr": 16.38800048828125,
            "sigmagnr": 0.08699999749660492,
            "magzpsci": 26.04159927368164,
            "isdiffpos": "t",
            "ssdistnr": null,
            "ssnamenr": null,
            "drb": null
        },
        {
            "candid": 1955193485215015002,
            "jd": 2459709.6934838,
            "ra": 172.1367311,
            "dec": 58.5632451,
            "fid": 2,
            "nid": 1955,
            "magpsf": 18.331100463867188,
            "sigmapsf": 0.0694969967007637,
            "magnr": 16.507999420166016,
            "sigmagnr": 0.10700000077486038,
            "magzpsci": 26.210100173950195,
            "isdiffpos": "t",
            "ssdistnr": null,
            "ssnamenr": null,
            "drb": null
        },
        {
            "candid": 1955264355215015000,
            "jd": 2459709.7643519,
            "ra": 172.1367192,
            "dec": 58.5632075,
            "fid": 2,
            "nid": 1955,
            "magpsf": 18.37350082397461,
            "sigmapsf": 0.0839800015091896,
            "magnr": 16.507999420166016,
            "sigmagnr": 0.10700000077486038,
            "magzpsci": 26.161500930786133,
            "isdiffpos": "t",
            "ssdistnr": null,
            "ssnamenr": null,
            "drb": null
        },
        {
            "candid": 1959229605215015000,
            "jd": 2459713.7296065,
            "ra": 172.136742,
            "dec": 58.5632005,
            "fid": 2,
            "nid": 1959,
            "magpsf": 18.42970085144043,
            "sigmapsf": 0.10634800046682358,
            "magnr": 16.507999420166016,
            "sigmagnr": 0.10700000077486038,
            "magzpsci": 26.180700302124023,
            "isdiffpos": "t",
            "ssdistnr": null,
            "ssnamenr": null,
            "drb": null
        },
        {
            "candid": 1959241990315015003,
            "jd": 2459713.7419907,
            "ra": 172.1367017,
            "dec": 58.563237,
            "fid": 2,
            "nid": 1959,
            "magpsf": 18.324800491333008,
            "sigmapsf": 0.11003900319337845,
            "magnr": 16.38800048828125,
            "sigmagnr": 0.08699999749660492,
            "magzpsci": 26.003799438476562,
            "isdiffpos": "t",
            "ssdistnr": null,
            "ssnamenr": null,
            "drb": null
        },
        {
            "candid": 1961204675215015004,
            "jd": 2459715.7046759,
            "ra": 172.1367596,
            "dec": 58.5632154,
            "fid": 2,
            "nid": 1961,
            "magpsf": 18.361099243164062,
            "sigmapsf": 0.09769300371408463,
            "magnr": 16.507999420166016,
            "sigmagnr": 0.10700000077486038,
            "magzpsci": 26.201099395751953,
            "isdiffpos": "t",
            "ssdistnr": null,
            "ssnamenr": null,
            "drb": null
        },
        {
            "candid": 1961243060315015002,
            "jd": 2459715.7430671,
            "ra": 172.1365573,
            "dec": 58.5629909,
            "fid": 1,
            "nid": 1961,
            "magpsf": 19.592899322509766,
            "sigmapsf": 0.19898900389671326,
            "magnr": 17.267000198364258,
            "sigmagnr": 0.10499999672174454,
            "magzpsci": 26.164899826049805,
            "isdiffpos": "t",
            "ssdistnr": null,
            "ssnamenr": null,
            "drb": null
        },
        {
            "candid": 1964197970315015007,
            "jd": 2459718.6979745,
            "ra": 172.1367225,
            "dec": 58.5631944,
            "fid": 2,
            "nid": 1964,
            "magpsf": 18.531999588012695,
            "sigmapsf": 0.08913200348615646,
            "magnr": 16.38800048828125,
            "sigmagnr": 0.08699999749660492,
            "magzpsci": 25.989999771118164,
            "isdiffpos": "t",
            "ssdistnr": null,
            "ssnamenr": null,
            "drb": null
        },
        {
            "candid": 1964199385215015005,
            "jd": 2459718.6993866,
            "ra": 172.1366652,
            "dec": 58.5632183,
            "fid": 2,
            "nid": 1964,
            "magpsf": 18.548999786376953,
            "sigmapsf": 0.08791200071573257,
            "magnr": 16.507999420166016,
            "sigmagnr": 0.10700000077486038,
            "magzpsci": 26.131000518798828,
            "isdiffpos": "t",
            "ssdistnr": null,
            "ssnamenr": null,
            "drb": null
        },
        {
            "candid": 1964244720315015005,
            "jd": 2459718.7447222,
            "ra": 172.1367045,
            "dec": 58.5632217,
            "fid": 2,
            "nid": 1964,
            "magpsf": 18.474000930786133,
            "sigmapsf": 0.09000799804925919,
            "magnr": 16.38800048828125,
            "sigmagnr": 0.08699999749660492,
            "magzpsci": 25.98900032043457,
            "isdiffpos": "t",
            "ssdistnr": null,
            "ssnamenr": null,
            "drb": null
        },
        {
            "candid": 1964263945215015000,
            "jd": 2459718.7639468,
            "ra": 172.1368004,
            "dec": 58.5632182,
            "fid": 2,
            "nid": 1964,
            "magpsf": 18.570600509643555,
            "sigmapsf": 0.11806000024080276,
            "magnr": 16.507999420166016,
            "sigmagnr": 0.10700000077486038,
            "magzpsci": 26.134599685668945,
            "isdiffpos": "t",
            "ssdistnr": null,
            "ssnamenr": null,
            "drb": null
        },
        {
            "candid": 1970261770315015003,
            "jd": 2459724.7617708,
            "ra": 172.1366607,
            "dec": 58.5632184,
            "fid": 2,
            "nid": 1970,
            "magpsf": 18.485200881958008,
            "sigmapsf": 0.08196499943733215,
            "magnr": 16.38800048828125,
            "sigmagnr": 0.08699999749660492,
            "magzpsci": 25.96619987487793,
            "isdiffpos": "t",
            "ssdistnr": null,
            "ssnamenr": null,
            "drb": null
        },
        {
            "candid": 1970263185215015000,
            "jd": 2459724.7631829,
            "ra": 172.1367427,
            "dec": 58.5632119,
            "fid": 2,
            "nid": 1970,
            "magpsf": 18.555999755859375,
            "sigmapsf": 0.08821900188922882,
            "magnr": 16.507999420166016,
            "sigmagnr": 0.10700000077486038,
            "magzpsci": 26.132999420166016,
            "isdiffpos": "t",
            "ssdistnr": null,
            "ssnamenr": null,
            "drb": null
        },
        {
            "candid": 1972344220315015005,
            "jd": 2459726.8442245,
            "ra": 172.1367237,
            "dec": 58.56317,
            "fid": 2,
            "nid": 1972,
            "magpsf": 18.518699645996094,
            "sigmapsf": 0.09413500130176544,
            "magnr": 16.38800048828125,
            "sigmagnr": 0.08699999749660492,
            "magzpsci": 25.963699340820312,
            "isdiffpos": "t",
            "ssdistnr": null,
            "ssnamenr": null,
            "drb": null
        },
        {
            "candid": 1977288725215015003,
            "jd": 2459731.7887269,
            "ra": 172.1367071,
            "dec": 58.5632491,
            "fid": 2,
            "nid": 1977,
            "magpsf": 18.725849151611328,
            "sigmapsf": 0.11223500221967697,
            "magnr": 16.507999420166016,
            "sigmagnr": 0.10700000077486038,
            "magzpsci": 26.148849487304688,
            "isdiffpos": "t",
            "ssdistnr": -999.0,
            "ssnamenr": "null",
            "drb": null
        },
        {
            "candid": 1977288725215025003,
            "jd": 2459731.7887269,
            "ra": 172.1367071,
            "dec": 58.5632491,
            "fid": 2,
            "nid": 1977,
            "magpsf": 18.725799560546875,
            "sigmapsf": 0.11223500221967697,
            "magnr": 16.507999420166016,
            "sigmagnr": 0.10700000077486038,
            "magzpsci": 26.148799896240234,
            "isdiffpos": "t",
            "ssdistnr": null,
            "ssnamenr": null,
            "drb": null
        },
        {
            "candid": 1979221375215015004,
            "jd": 2459733.7213773,
            "ra": 172.1367144,
            "dec": 58.5631911,
            "fid": 2,
            "nid": 1979,
            "magpsf": 18.699399948120117,
            "sigmapsf": 0.10237599909305573,
            "magnr": 16.507999420166016,
            "sigmagnr": 0.10700000077486038,
            "magzpsci": 26.196399688720703,
            "isdiffpos": "t",
            "ssdistnr": null,
            "ssnamenr": null,
            "drb": null
        },
        {
            "candid": 1982200945215015003,
            "jd": 2459736.7009491,
            "ra": 172.1367359,
            "dec": 58.563241,
            "fid": 2,
            "nid": 1982,
            "magpsf": 18.99410057067871,
            "sigmapsf": 0.10923700034618378,
            "magnr": 16.507999420166016,
            "sigmagnr": 0.10700000077486038,
            "magzpsci": 26.22909927368164,
            "isdiffpos": "t",
            "ssdistnr": null,
            "ssnamenr": null,
            "drb": null
        },
        {
            "candid": 1986201235215015003,
            "jd": 2459740.7012384,
            "ra": 172.1367192,
            "dec": 58.563248,
            "fid": 2,
            "nid": 1986,
            "magpsf": 19.011070251464844,
            "sigmapsf": 0.13519899547100067,
            "magnr": 16.507999420166016,
            "sigmagnr": 0.10700000077486038,
            "magzpsci": 26.174070358276367,
            "isdiffpos": "t",
            "ssdistnr": -999.0,
            "ssnamenr": "null",
            "drb": null
        },
        {
            "jd": 2459671.8322569,
            "fid": 2,
            "diffmaglim": 20.420799255371094
        },
        {
            "jd": 2459671.8629977,
            "fid": 2,
            "diffmaglim": 20.518299102783203
        },
        {
            "jd": 2459671.9272454,
            "fid": 1,
            "diffmaglim": 20.588300704956055
        },
        {
            "jd": 2459671.9281944,
            "fid": 1,
            "diffmaglim": 20.650299072265625
        },
        {
            "jd": 2459674.8880903,
            "fid": 1,
            "diffmaglim": 20.331899642944336
        },
        {
            "jd": 2459676.8021065,
            "fid": 1,
            "diffmaglim": 19.99970054626465
        },
        {
            "jd": 2459678.7462037,
            "fid": 2,
            "diffmaglim": 20.306100845336914
        },
        {
            "jd": 2459685.8319444,
            "fid": 1,
            "diffmaglim": 19.21310043334961
        },
        {
            "jd": 2459685.8836921,
            "fid": 1,
            "diffmaglim": 19.01409912109375
        },
        {
            "jd": 2459688.8434144,
            "fid": 2,
            "diffmaglim": 19.114099502563477
        },
        {
            "jd": 2459694.6854514,
            "fid": 2,
            "diffmaglim": 20.1919002532959
        },
        {
            "jd": 2459694.8429977,
            "fid": 1,
            "diffmaglim": 20.107999801635742
        },
        {
            "jd": 2459694.8646181,
            "fid": 1,
            "diffmaglim": 20.089500427246094
        },
        {
            "jd": 2459696.7050926,
            "fid": 1,
            "diffmaglim": 20.422000885009766
        },
        {
            "jd": 2459699.7260995,
            "fid": 1,
            "diffmaglim": 20.345300674438477
        },
        {
            "jd": 2459701.8042824,
            "fid": 1,
            "diffmaglim": 20.430400848388672
        },
        {
            "jd": 2459701.8457986,
            "fid": 1,
            "diffmaglim": 19.96619987487793
        },
        {
            "jd": 2459701.8674421,
            "fid": 1,
            "diffmaglim": 20.201400756835938
        },
        {
            "jd": 2459709.7686806,
            "fid": 2,
            "diffmaglim": 19.764999389648438
        },
        {
            "jd": 2459711.6849537,
            "fid": 1,
            "diffmaglim": 19.557899475097656
        },
        {
            "jd": 2459711.6854282,
            "fid": 1,
            "diffmaglim": 19.891000747680664
        },
        {
            "jd": 2459711.7831829,
            "fid": 2,
            "diffmaglim": 18.890600204467773
        },
        {
            "jd": 2459711.8029514,
            "fid": 2,
            "diffmaglim": 19.15130043029785
        },
        {
            "jd": 2459713.7047106,
            "fid": 1,
            "diffmaglim": 19.59040069580078
        },
        {
            "jd": 2459713.8276273,
            "fid": 1,
            "diffmaglim": 19.008399963378906
        },
        {
            "jd": 2459715.7435417,
            "fid": 1,
            "diffmaglim": 19.713899612426758
        },
        {
            "jd": 2459722.7608449,
            "fid": 1,
            "diffmaglim": 20.21940040588379
        },
        {
            "jd": 2459722.7860301,
            "fid": 1,
            "diffmaglim": 20.380800247192383
        },
        {
            "jd": 2459724.7198958,
            "fid": 1,
            "diffmaglim": 20.67530059814453
        },
        {
            "jd": 2459724.8541782,
            "fid": 1,
            "diffmaglim": 19.996299743652344
        },
        {
            "jd": 2459726.6853704,
            "fid": 2,
            "diffmaglim": 20.402000427246094
        },
        {
            "jd": 2459726.7230093,
            "fid": 1,
            "diffmaglim": 20.452600479125977
        },
        {
            "jd": 2459726.7450926,
            "fid": 1,
            "diffmaglim": 20.60650062561035
        },
        {
            "jd": 2459731.7028241,
            "fid": 1,
            "diffmaglim": 20.077699661254883
        },
        {
            "jd": 2459731.7203241,
            "fid": 1,
            "diffmaglim": 20.382699966430664
        },
        {
            "jd": 2459731.7849306,
            "fid": 2,
            "diffmaglim": 19.8169002532959
        },
        {
            "jd": 2459733.7209028,
            "fid": 2,
            "diffmaglim": 20.11639976501465
        },
        {
            "jd": 2459736.7397801,
            "fid": 1,
            "diffmaglim": 20.034400939941406
        },
        {
            "jd": 2459736.7402546,
            "fid": 1,
            "diffmaglim": 20.027299880981445
        },
        {
            "jd": 2459738.6848032,
            "fid": 1,
            "diffmaglim": 19.643800735473633
        },
        {
            "jd": 2459738.7017245,
            "fid": 1,
            "diffmaglim": 19.5575008392334
        },
        {
            "jd": 2459738.7415509,
            "fid": 2,
            "diffmaglim": 19.674400329589844
        },
        {
            "jd": 2459738.7420255,
            "fid": 2,
            "diffmaglim": 19.986799240112305
        }
    ],
    "forcedphot": []
}