{
    "objectId": "ZTF22aakgnmo",
    "candidates": [
        {
            "candid": 1963222745715015013,
            "jd": 2459717.7227431,
            "ra": 204.125114,
            "dec": 65.3429793,
            "fid": 2,
            "nid": 1963,
            "magpsf": 19.83449935913086,
            "sigmapsf": 0.23065100610256195,
            "magnr": 17.910999298095703,
            "sigmagnr": 0.10499999672174454,
            "magzpsci": 26.12150001525879,
            "isdiffpos": "t",
            "ssdistnr": null,
            "ssnamenr": null,
            "drb": null
        },
        {
            "candid": 1970408295715015004,
            "jd": 2459724.9082986,
            "ra": 204.125047,
            "dec": 65.3428906,
            "fid": 2,
            "nid": 1970,
            "magpsf": 19.669099807739258,
            "sigmapsf": 0.1552480012178421,
            "magnr": 17.910999298095703,
            "sigmagnr": 0.10499999672174454,
            "magzpsci": 26.08609962463379,
            "isdiffpos": "t",
            "ssdistnr": null,
            "ssnamenr": null,
            "drb": null
        },
        {
            "candid": 1972387615715015011,
            "jd": 2459726.8876157,
            "ra": 204.1249949,
            "dec": 65.3429054,
            "fid": 2,
            "nid": 1972,
            "magpsf": 19.799800872802734,
            "sigmapsf": 0.22321100533008575,
            "magnr": 17.910999298095703,
            "sigmagnr": 0.10499999672174454,
            "magzpsci": 26.1387996673584,
            "isdiffpos": "t",
            "ssdistnr": null,
            "ssnamenr": null,
            "drb": null
        },
        {
            "candid": 1978199875715015014,
            "jd": 2459732.6998727,
            "ra": 204.1250291,
            "dec": 65.342906,
            "fid": 2,
            "nid": 1978,
            "magpsf": 20.018400192260742,
            "sigmapsf": 0.2263679951429367,
            "magnr": 17.910999298095703,
            "sigmagnr": 0.10499999672174454,
            "magzpsci": 26.154399871826172,
            "isdiffpos": "t",
            "ssdistnr": null,
            "ssnamenr": null,
            "drb": null
        },
        {
            "candid": 1980242125715015011,
            "jd": 2459734.7421296,
            "ra": 204.1250241,
            "dec": 65.3429319,
            "fid": 2,
            "nid": 1980,
            "magpsf": 20.154800415039062,
            "sigmapsf": 0.24781300127506256,
            "magnr": 17.910999298095703,
            "sigmagnr": 0.10499999672174454,
            "magzpsci": 26.124799728393555,
            "isdiffpos": "t",
            "ssdistnr": null,
            "ssnamenr": null,
            "drb": null
        },
        {
            "candid": 1982220045715015016,
            "jd": 2459736.7200463,
            "ra": 204.1251041,
            "dec": 65.3428579,
            "fid": 2,
            "nid": 1982,
            "magpsf": 20.533700942993164,
            "sigmapsf": 0.31822898983955383,
            "magnr": 17.910999298095703,
            "sigmagnr": 0.10499999672174454,
            "magzpsci": 26.189699172973633,
            "isdiffpos": "t",
            "ssdistnr": null,
            "ssnamenr": null,
            "drb": null
        },
        {
            "candid": 1984258725715015007,
            "jd": 2459738.7587269,
            "ra": 204.1251319,
            "dec": 65.3429276,
            "fid": 2,
            "nid": 1984,
            "magpsf": 20.120309829711914,
            "sigmapsf": 0.21142800152301788,
            "magnr": 17.910999298095703,
            "sigmagnr": 0.10499999672174454,
            "magzpsci": 26.13530921936035,
            "isdiffpos": "t",
            "ssdistnr": -999.0,
            "ssnamenr": "null",
            "drb": null
        },
        {
            "jd": 2459696.7290741,
            "fid": 1,
            "diffmaglim": 20.546100616455078
        },
        {
            "jd": 2459698.8315972,
            "fid": 1,
            "diffmaglim": 20.487699508666992
        },
        {
            "jd": 2459698.8859838,
            "fid": 2,
            "diffmaglim": 19.987199783325195
        },
        {
            "jd": 2459700.7574884,
            "fid": 1,
            "diffmaglim": 20.50790023803711
        },
        {
            "jd": 2459700.7869213,
            "fid": 2,
            "diffmaglim": 20.33839988708496
        },
        {
            "jd": 2459702.7817708,
            "fid": 1,
            "diffmaglim": 20.61590003967285
        },
        {
            "jd": 2459702.8682176,
            "fid": 2,
            "diffmaglim": 20.39349937438965
        },
        {
            "jd": 2459708.7853125,
            "fid": 2,
            "diffmaglim": 19.548999786376953
        },
        {
            "jd": 2459708.8268171,
            "fid": 2,
            "diffmaglim": 19.665000915527344
        },
        {
            "jd": 2459710.7580903,
            "fid": 2,
            "diffmaglim": 19.527799606323242
        },
        {
            "jd": 2459710.780625,
            "fid": 1,
            "diffmaglim": 19.391000747680664
        },
        {
            "jd": 2459712.7793056,
            "fid": 1,
            "diffmaglim": 19.810300827026367
        },
        {
            "jd": 2459712.86875,
            "fid": 2,
            "diffmaglim": 19.773399353027344
        },
        {
            "jd": 2459714.7204167,
            "fid": 2,
            "diffmaglim": 19.760700225830078
        },
        {
            "jd": 2459714.7815394,
            "fid": 1,
            "diffmaglim": 19.663000106811523
        },
        {
            "jd": 2459717.8259028,
            "fid": 1,
            "diffmaglim": 19.639999389648438
        },
        {
            "jd": 2459719.7669329,
            "fid": 2,
            "diffmaglim": 20.502599716186523
        },
        {
            "jd": 2459719.8290741,
            "fid": 2,
            "diffmaglim": 19.917800903320312
        },
        {
            "jd": 2459722.9088657,
            "fid": 1,
            "diffmaglim": 20.21980094909668
        },
        {
            "jd": 2459722.953044,
            "fid": 1,
            "diffmaglim": 20.0447998046875
        },
        {
            "jd": 2459724.8683796,
            "fid": 1,
            "diffmaglim": 20.435800552368164
        },
        {
            "jd": 2459726.808287,
            "fid": 1,
            "diffmaglim": 20.705900192260742
        },
        {
            "jd": 2459729.9086921,
            "fid": 1,
            "diffmaglim": 20.04759979248047
        },
        {
            "jd": 2459732.7790162,
            "fid": 1,
            "diffmaglim": 20.527299880981445
        },
        {
            "jd": 2459734.8022454,
            "fid": 1,
            "diffmaglim": 20.39550018310547
        },
        {
            "jd": 2459736.7793519,
            "fid": 1,
            "diffmaglim": 20.4768009185791
        },
        {
            "jd": 2459738.7184606,
            "fid": 1,
            "diffmaglim": 19.996299743652344
        }
    ],
    "forcedphot": []
}