{
    "objectId": "ZTF21abpnotj",
    "candidates": [
        {
            "candid": 1671182166315015004,
            "jd": 2459425.6821644,
            "ra": 215.4987742,
            "dec": 28.8695977,
            "fid": 2,
            "nid": 1671,
            "magpsf": 20.121999740600586,
            "sigmapsf": 0.189642995595932,
            "magnr": 19.42300033569336,
            "sigmagnr": 0.08500000089406967,
            "magzpsci": 26.111900329589844,
            "isdiffpos": "t",
            "ssdistnr": null,
            "ssnamenr": null,
            "drb": 0.9999979734420776
        },
        {
            "candid": 1671215166315015004,
            "jd": 2459425.715162,
            "ra": 215.4986402,
            "dec": 28.8696354,
            "fid": 1,
            "nid": 1671,
            "magpsf": 20.41390037536621,
            "sigmapsf": 0.19675299525260925,
            "magnr": 21.25,
            "sigmagnr": 0.11800000071525574,
            "magzpsci": 26.135900497436523,
            "isdiffpos": "t",
            "ssdistnr": null,
            "ssnamenr": null,
            "drb": null
        },
        {
            "candid": 1675280326315015002,
            "jd": 2459429.7803241,
            "ra": 215.4986976,
            "dec": 28.8695894,
            "fid": 1,
            "nid": 1675,
            "magpsf": 19.64579963684082,
            "sigmapsf": 0.2389640063047409,
            "magnr": 21.25,
            "sigmagnr": 0.11800000071525574,
            "magzpsci": 25.938800811767578,
            "isdiffpos": "t",
            "ssdistnr": null,
            "ssnamenr": null,
            "drb": null
        },
        {
            "candid": 1682196626315015002,
            "jd": 2459436.6966204,
            "ra": 215.4987174,
            "dec": 28.8696414,
            "fid": 2,
            "nid": 1682,
            "magpsf": 19.063100814819336,
            "sigmapsf": 0.1072319969534874,
            "magnr": 19.42300033569336,
            "sigmagnr": 0.08500000089406967,
            "magzpsci": 26.036100387573242,
            "isdiffpos": "t",
            "ssdistnr": null,
            "ssnamenr": null,
            "drb": null
        },
        {
            "candid": 1682263346315015001,
            "jd": 2459436.7633449,
            "ra": 215.4987183,
            "dec": 28.8697416,
            "fid": 1,
            "nid": 1682,
            "magpsf": 19.39590072631836,
            "sigmapsf": 0.2524780035018921,
            "magnr": 21.25,
            "sigmagnr": 0.11800000071525574,
            "magzpsci": 25.705900192260742,
            "isdiffpos": "t",
            "ssdistnr": null,
            "ssnamenr": null,
            "drb": null
        },
        {
            "candid": 1685198866315015000,
            "jd": 2459439.6988657,
            "ra": 215.4987484,
            "dec": 28.8696053,
            "fid": 2,
            "nid": 1685,
            "magpsf": 19.097869873046875,
            "sigmapsf": 0.1684270054101944,
            "magnr": 19.42300033569336,
            "sigmagnr": 0.08500000089406967,
            "magzpsci": 25.866870880126953,
            "isdiffpos": "t",
            "ssdistnr": -999.0,
            "ssnamenr": "null",
            "drb": null
        },
        {
            "jd": 2459395.7169444,
            "fid": 2,
            "diffmaglim": 20.152099609375
        },
        {
            "jd": 2459395.7351852,
            "fid": 1,
            "diffmaglim": 20.67340087890625
        },
        {
            "jd": 2459397.7243634,
            "fid": 2,
            "diffmaglim": 20.677900314331055
        },
        {
            "jd": 2459397.7701042,
            "fid": 1,
            "diffmaglim": 20.55820083618164
        },
        {
            "jd": 2459400.6965625,
            "fid": 2,
            "diffmaglim": 20.56209945678711
        },
        {
            "jd": 2459400.7702546,
            "fid": 1,
            "diffmaglim": 20.4822998046875
        },
        {
            "jd": 2459402.7239352,
            "fid": 2,
            "diffmaglim": 20.594200134277344
        },
        {
            "jd": 2459402.7798032,
            "fid": 1,
            "diffmaglim": 20.40959930419922
        },
        {
            "jd": 2459404.7259606,
            "fid": 2,
            "diffmaglim": 20.464099884033203
        },
        {
            "jd": 2459404.8309028,
            "fid": 1,
            "diffmaglim": 19.547399520874023
        },
        {
            "jd": 2459406.7062269,
            "fid": 1,
            "diffmaglim": 20.501300811767578
        },
        {
            "jd": 2459406.7402083,
            "fid": 2,
            "diffmaglim": 20.340200424194336
        },
        {
            "jd": 2459408.6914352,
            "fid": 1,
            "diffmaglim": 20.55430030822754
        },
        {
            "jd": 2459408.7239005,
            "fid": 2,
            "diffmaglim": 20.185800552368164
        },
        {
            "jd": 2459410.6960995,
            "fid": 1,
            "diffmaglim": 20.300100326538086
        },
        {
            "jd": 2459410.7224537,
            "fid": 2,
            "diffmaglim": 20.19930076599121
        },
        {
            "jd": 2459412.7144097,
            "fid": 2,
            "diffmaglim": 19.9512996673584
        },
        {
            "jd": 2459412.7465278,
            "fid": 1,
            "diffmaglim": 19.92020034790039
        },
        {
            "jd": 2459415.6864468,
            "fid": 2,
            "diffmaglim": 19.933900833129883
        },
        {
            "jd": 2459415.7684259,
            "fid": 1,
            "diffmaglim": 19.53700065612793
        },
        {
            "jd": 2459417.6838194,
            "fid": 1,
            "diffmaglim": 18.808300018310547
        },
        {
            "jd": 2459417.7146759,
            "fid": 2,
            "diffmaglim": 17.85810089111328
        },
        {
            "jd": 2459419.6836458,
            "fid": 1,
            "diffmaglim": 19.503599166870117
        },
        {
            "jd": 2459419.7845486,
            "fid": 2,
            "diffmaglim": 16.269100189208984
        },
        {
            "jd": 2459423.6964236,
            "fid": 1,
            "diffmaglim": 20.534700393676758
        },
        {
            "jd": 2459423.7680324,
            "fid": 2,
            "diffmaglim": 17.939599990844727
        },
        {
            "jd": 2459427.7450579,
            "fid": 1,
            "diffmaglim": 20.116500854492188
        }
    ],
    "forcedphot": []
}