{
    "objectId": "ZTF22aagadmn",
    "candidates": [
        {
            "candid": 1917288963715025008,
            "jd": 2459671.7889699,
            "ra": 127.3616085,
            "dec": 63.261896,
            "fid": 1,
            "nid": 1917,
            "magpsf": 20.22100067138672,
            "sigmapsf": 0.2324189990758896,
            "magnr": 19.88800048828125,
            "sigmagnr": 0.10000000149011612,
            "magzpsci": 26.224000930786133,
            "isdiffpos": "t",
            "ssdistnr": null,
            "ssnamenr": null,
            "drb": null
        },
        {
            "candid": 1917344343715025010,
            "jd": 2459671.8443403,
            "ra": 127.3615224,
            "dec": 63.2619366,
            "fid": 2,
            "nid": 1917,
            "magpsf": 19.86669921875,
            "sigmapsf": 0.15594300627708435,
            "magnr": 19.111000061035156,
            "sigmagnr": 0.10899999737739563,
            "magzpsci": 26.222700119018555,
            "isdiffpos": "t",
            "ssdistnr": null,
            "ssnamenr": null,
            "drb": null
        },
        {
            "candid": 1920312673715015006,
            "jd": 2459674.8126736,
            "ra": 127.3616254,
            "dec": 63.2619143,
            "fid": 2,
            "nid": 1920,
            "magpsf": 19.18600082397461,
            "sigmapsf": 0.10045000165700912,
            "magnr": 19.111000061035156,
            "sigmagnr": 0.10899999737739563,
            "magzpsci": 26.21299934387207,
            "isdiffpos": "t",
            "ssdistnr": null,
            "ssnamenr": null,
            "drb": null
        },
        {
            "candid": 1920368253715015010,
            "jd": 2459674.8682523,
            "ra": 127.3616073,
            "dec": 63.2619095,
            "fid": 1,
            "nid": 1920,
            "magpsf": 19.63789939880371,
            "sigmapsf": 0.15780599415302277,
            "magnr": 19.88800048828125,
            "sigmagnr": 0.10000000149011612,
            "magzpsci": 26.092899322509766,
            "isdiffpos": "t",
            "ssdistnr": null,
            "ssnamenr": null,
            "drb": null
        },
        {
            "candid": 1922305983715015005,
            "jd": 2459676.8059838,
            "ra": 127.3615677,
            "dec": 63.2618345,
            "fid": 1,
            "nid": 1922,
            "magpsf": 19.304800033569336,
            "sigmapsf": 0.27653801441192627,
            "magnr": 19.88800048828125,
            "sigmagnr": 0.10000000149011612,
            "magzpsci": 26.11280059814453,
            "isdiffpos": "t",
            "ssdistnr": null,
            "ssnamenr": null,
            "drb": null
        },
        {
            "candid": 1922373353715015002,
            "jd": 2459676.8733565,
            "ra": 127.3615655,
            "dec": 63.2617155,
            "fid": 2,
            "nid": 1922,
            "magpsf": 18.691499710083008,
            "sigmapsf": 0.19531799852848053,
            "magnr": 19.111000061035156,
            "sigmagnr": 0.10899999737739563,
            "magzpsci": 26.077499389648438,
            "isdiffpos": "t",
            "ssdistnr": null,
            "ssnamenr": null,
            "drb": null
        },
        {
            "candid": 1924242333715015008,
            "jd": 2459678.742338,
            "ra": 127.3615599,
            "dec": 63.2618886,
            "fid": 2,
            "nid": 1924,
            "magpsf": 18.77079963684082,
            "sigmapsf": 0.09503699839115143,
            "magnr": 19.111000061035156,
            "sigmagnr": 0.10899999737739563,
            "magzpsci": 26.196800231933594,
            "isdiffpos": "t",
            "ssdistnr": null,
            "ssnamenr": null,
            "drb": null
        },
        {
            "candid": 1924306453715015005,
            "jd": 2459678.8064583,
            "ra": 127.3615669,
            "dec": 63.2619219,
            "fid": 1,
            "nid": 1924,
            "magpsf": 19.2283992767334,
            "sigmapsf": 0.1580059975385666,
            "magnr": 19.88800048828125,
            "sigmagnr": 0.10000000149011612,
            "magzpsci": 26.11039924621582,
            "isdiffpos": "t",
            "ssdistnr": null,
            "ssnamenr": null,
            "drb": null
        },
        {
            "candid": 1926223053715015004,
            "jd": 2459680.7230556,
            "ra": 127.3616611,
            "dec": 63.2618913,
            "fid": 2,
            "nid": 1926,
            "magpsf": 18.655000686645508,
            "sigmapsf": 0.08823800086975098,
            "magnr": 19.111000061035156,
            "sigmagnr": 0.10899999737739563,
            "magzpsci": 26.229999542236328,
            "isdiffpos": "t",
            "ssdistnr": null,
            "ssnamenr": null,
            "drb": null
        },
        {
            "candid": 1929245173715015004,
            "jd": 2459683.7451736,
            "ra": 127.3615495,
            "dec": 63.2619014,
            "fid": 2,
            "nid": 1929,
            "magpsf": 18.519699096679688,
            "sigmapsf": 0.0775889977812767,
            "magnr": 19.111000061035156,
            "sigmagnr": 0.10899999737739563,
            "magzpsci": 26.231700897216797,
            "isdiffpos": "t",
            "ssdistnr": null,
            "ssnamenr": null,
            "drb": null
        },
        {
            "candid": 1929263373715015004,
            "jd": 2459683.7633796,
            "ra": 127.3614524,
            "dec": 63.2619472,
            "fid": 1,
            "nid": 1929,
            "magpsf": 19.095800399780273,
            "sigmapsf": 0.15618400275707245,
            "magnr": 19.88800048828125,
            "sigmagnr": 0.10000000149011612,
            "magzpsci": 26.21380043029785,
            "isdiffpos": "t",
            "ssdistnr": null,
            "ssnamenr": null,
            "drb": null
        },
        {
            "candid": 1931223483715015004,
            "jd": 2459685.7234838,
            "ra": 127.3615534,
            "dec": 63.2619231,
            "fid": 2,
            "nid": 1931,
            "magpsf": 18.49090003967285,
            "sigmapsf": 0.0915760025382042,
            "magnr": 19.111000061035156,
            "sigmagnr": 0.10899999737739563,
            "magzpsci": 26.259899139404297,
            "isdiffpos": "t",
            "ssdistnr": null,
            "ssnamenr": null,
            "drb": null
        },
        {
            "candid": 1931329093715015005,
            "jd": 2459685.8290972,
            "ra": 127.3617006,
            "dec": 63.261767,
            "fid": 1,
            "nid": 1931,
            "magpsf": 19.22450065612793,
            "sigmapsf": 0.24387599527835846,
            "magnr": 19.88800048828125,
            "sigmagnr": 0.10000000149011612,
            "magzpsci": 26.16349983215332,
            "isdiffpos": "t",
            "ssdistnr": null,
            "ssnamenr": null,
            "drb": null
        },
        {
            "candid": 1934184673715015012,
            "jd": 2459688.6846759,
            "ra": 127.3616381,
            "dec": 63.2619513,
            "fid": 1,
            "nid": 1934,
            "magpsf": 19.36280059814453,
            "sigmapsf": 0.122529998421669,
            "magnr": 19.88800048828125,
            "sigmagnr": 0.10000000149011612,
            "magzpsci": 26.266799926757812,
            "isdiffpos": "t",
            "ssdistnr": null,
            "ssnamenr": null,
            "drb": null
        },
        {
            "candid": 1934324003715015005,
            "jd": 2459688.8240046,
            "ra": 127.3615331,
            "dec": 63.261941,
            "fid": 2,
            "nid": 1934,
            "magpsf": 18.438499450683594,
            "sigmapsf": 0.08549600094556808,
            "magnr": 19.111000061035156,
            "sigmagnr": 0.10899999737739563,
            "magzpsci": 26.203500747680664,
            "isdiffpos": "t",
            "ssdistnr": null,
            "ssnamenr": null,
            "drb": null
        },
        {
            "candid": 1936259053715015009,
            "jd": 2459690.7590509,
            "ra": 127.3615888,
            "dec": 63.2619347,
            "fid": 1,
            "nid": 1936,
            "magpsf": 19.51729965209961,
            "sigmapsf": 0.13919900357723236,
            "magnr": 19.88800048828125,
            "sigmagnr": 0.10000000149011612,
            "magzpsci": 26.183300018310547,
            "isdiffpos": "t",
            "ssdistnr": null,
            "ssnamenr": null,
            "drb": null
        },
        {
            "candid": 1940268913715015013,
            "jd": 2459694.768912,
            "ra": 127.3615735,
            "dec": 63.2619002,
            "fid": 1,
            "nid": 1940,
            "magpsf": 19.766399383544922,
            "sigmapsf": 0.16999199986457825,
            "magnr": 19.88800048828125,
            "sigmagnr": 0.10000000149011612,
            "magzpsci": 26.02039909362793,
            "isdiffpos": "t",
            "ssdistnr": null,
            "ssnamenr": null,
            "drb": null
        },
        {
            "candid": 1942178793715015007,
            "jd": 2459696.6787963,
            "ra": 127.3616475,
            "dec": 63.2618561,
            "fid": 1,
            "nid": 1942,
            "magpsf": 19.865100860595703,
            "sigmapsf": 0.18637700378894806,
            "magnr": 19.88800048828125,
            "sigmagnr": 0.10000000149011612,
            "magzpsci": 26.190099716186523,
            "isdiffpos": "t",
            "ssdistnr": null,
            "ssnamenr": null,
            "drb": null
        },
        {
            "candid": 1945175693715015027,
            "jd": 2459699.6756944,
            "ra": 127.3615293,
            "dec": 63.2619219,
            "fid": 2,
            "nid": 1945,
            "magpsf": 18.797000885009766,
            "sigmapsf": 0.0773790031671524,
            "magnr": 19.111000061035156,
            "sigmagnr": 0.10899999737739563,
            "magzpsci": 26.183000564575195,
            "isdiffpos": "t",
            "ssdistnr": null,
            "ssnamenr": null,
            "drb": null
        },
        {
            "candid": 1945221373715015010,
            "jd": 2459699.7213773,
            "ra": 127.3616827,
            "dec": 63.261834,
            "fid": 1,
            "nid": 1945,
            "magpsf": 20.2726993560791,
            "sigmapsf": 0.24384400248527527,
            "magnr": 19.88800048828125,
            "sigmagnr": 0.10000000149011612,
            "magzpsci": 26.13170051574707,
            "isdiffpos": "t",
            "ssdistnr": null,
            "ssnamenr": null,
            "drb": null
        },
        {
            "candid": 1947227313715015010,
            "jd": 2459701.7273148,
            "ra": 127.3615263,
            "dec": 63.2618691,
            "fid": 2,
            "nid": 1947,
            "magpsf": 18.97319984436035,
            "sigmapsf": 0.11686699837446213,
            "magnr": 19.111000061035156,
            "sigmagnr": 0.10899999737739563,
            "magzpsci": 26.182199478149414,
            "isdiffpos": "t",
            "ssdistnr": null,
            "ssnamenr": null,
            "drb": null
        },
        {
            "candid": 1949288563715015005,
            "jd": 2459703.7885648,
            "ra": 127.3618157,
            "dec": 63.2618606,
            "fid": 2,
            "nid": 1949,
            "magpsf": 19.038400650024414,
            "sigmapsf": 0.12324400246143341,
            "magnr": 19.111000061035156,
            "sigmagnr": 0.10899999737739563,
            "magzpsci": 26.1343994140625,
            "isdiffpos": "t",
            "ssdistnr": null,
            "ssnamenr": null,
            "drb": null
        },
        {
            "candid": 1954198203715015010,
            "jd": 2459708.698206,
            "ra": 127.3616336,
            "dec": 63.2618767,
            "fid": 2,
            "nid": 1954,
            "magpsf": 19.174800872802734,
            "sigmapsf": 0.1834930032491684,
            "magnr": 19.111000061035156,
            "sigmagnr": 0.10899999737739563,
            "magzpsci": 26.243799209594727,
            "isdiffpos": "t",
            "ssdistnr": null,
            "ssnamenr": null,
            "drb": null
        },
        {
            "candid": 1954221963715015004,
            "jd": 2459708.7219676,
            "ra": 127.3617184,
            "dec": 63.2618745,
            "fid": 2,
            "nid": 1954,
            "magpsf": 19.520099639892578,
            "sigmapsf": 0.2526549994945526,
            "magnr": 19.111000061035156,
            "sigmagnr": 0.10899999737739563,
            "magzpsci": 26.234100341796875,
            "isdiffpos": "t",
            "ssdistnr": null,
            "ssnamenr": null,
            "drb": null
        },
        {
            "candid": 1956226793715015005,
            "jd": 2459710.726794,
            "ra": 127.3615298,
            "dec": 63.2619135,
            "fid": 2,
            "nid": 1956,
            "magpsf": 19.437530517578125,
            "sigmapsf": 0.17162500321865082,
            "magnr": 19.111000061035156,
            "sigmagnr": 0.10899999737739563,
            "magzpsci": 26.20853042602539,
            "isdiffpos": "t",
            "ssdistnr": -999.0,
            "ssnamenr": "null",
            "drb": null
        },
        {
            "jd": 2459703.7655787,
            "fid": 1,
            "diffmaglim": 19.909700393676758
        },
        {
            "jd": 2459710.6876273,
            "fid": 1,
            "diffmaglim": 19.527999877929688
        }
    ],
    "forcedphot": []
}