{
    "objectId": "ZTF21abrqrsz",
    "candidates": [
        {
            "candid": 1680502222515015006,
            "jd": 2459435.0022222,
            "ra": 103.8952882,
            "dec": 39.7649414,
            "fid": 2,
            "nid": 1680,
            "magpsf": 18.520299911499023,
            "sigmapsf": 0.10554900020360947,
            "magnr": 18.93899917602539,
            "sigmagnr": 0.1120000034570694,
            "magzpsci": 26.158300399780273,
            "isdiffpos": "t",
            "ssdistnr": null,
            "ssnamenr": null,
            "drb": 0.997298002243042
        },
        {
            "candid": 1682493852515015008,
            "jd": 2459436.9938542,
            "ra": 103.8952597,
            "dec": 39.7649452,
            "fid": 2,
            "nid": 1682,
            "magpsf": 18.19659996032715,
            "sigmapsf": 0.06619299948215485,
            "magnr": 18.93899917602539,
            "sigmagnr": 0.1120000034570694,
            "magzpsci": 26.040599822998047,
            "isdiffpos": "t",
            "ssdistnr": null,
            "ssnamenr": null,
            "drb": null
        },
        {
            "candid": 1682498642515015010,
            "jd": 2459436.9986458,
            "ra": 103.895255,
            "dec": 39.7649328,
            "fid": 2,
            "nid": 1682,
            "magpsf": 18.205400466918945,
            "sigmapsf": 0.07614199817180634,
            "magnr": 18.93899917602539,
            "sigmagnr": 0.1120000034570694,
            "magzpsci": 26.058399200439453,
            "isdiffpos": "t",
            "ssdistnr": null,
            "ssnamenr": null,
            "drb": null
        },
        {
            "candid": 1682503432515015009,
            "jd": 2459437.0034375,
            "ra": 103.8953082,
            "dec": 39.7650216,
            "fid": 2,
            "nid": 1682,
            "magpsf": 18.22610092163086,
            "sigmapsf": 0.08795399963855743,
            "magnr": 18.93899917602539,
            "sigmagnr": 0.1120000034570694,
            "magzpsci": 26.08009910583496,
            "isdiffpos": "t",
            "ssdistnr": null,
            "ssnamenr": null,
            "drb": null
        },
        {
            "candid": 1684499362515015010,
            "jd": 2459438.9993634,
            "ra": 103.895267,
            "dec": 39.7649689,
            "fid": 2,
            "nid": 1684,
            "magpsf": 18.105100631713867,
            "sigmapsf": 0.07754400372505188,
            "magnr": 18.93899917602539,
            "sigmagnr": 0.1120000034570694,
            "magzpsci": 25.991100311279297,
            "isdiffpos": "t",
            "ssdistnr": null,
            "ssnamenr": null,
            "drb": null
        },
        {
            "candid": 1685496182515015005,
            "jd": 2459439.9961806,
            "ra": 103.8952966,
            "dec": 39.764945,
            "fid": 2,
            "nid": 1685,
            "magpsf": 17.96380043029785,
            "sigmapsf": 0.06869199872016907,
            "magnr": 18.93899917602539,
            "sigmagnr": 0.1120000034570694,
            "magzpsci": 25.9507999420166,
            "isdiffpos": "t",
            "ssdistnr": null,
            "ssnamenr": null,
            "drb": null
        },
        {
            "candid": 1685498552515015005,
            "jd": 2459439.9985532,
            "ra": 103.895292,
            "dec": 39.7649425,
            "fid": 2,
            "nid": 1685,
            "magpsf": 17.979900360107422,
            "sigmapsf": 0.06457599997520447,
            "magnr": 18.93899917602539,
            "sigmagnr": 0.1120000034570694,
            "magzpsci": 25.966899871826172,
            "isdiffpos": "t",
            "ssdistnr": null,
            "ssnamenr": null,
            "drb": null
        },
        {
            "candid": 1685500922515015004,
            "jd": 2459440.0009259,
            "ra": 103.8952825,
            "dec": 39.7649892,
            "fid": 2,
            "nid": 1685,
            "magpsf": 18.070499420166016,
            "sigmapsf": 0.08205000311136246,
            "magnr": 18.93899917602539,
            "sigmagnr": 0.1120000034570694,
            "magzpsci": 25.973499298095703,
            "isdiffpos": "t",
            "ssdistnr": null,
            "ssnamenr": null,
            "drb": null
        },
        {
            "candid": 1685503292515015004,
            "jd": 2459440.0032986,
            "ra": 103.8952979,
            "dec": 39.7649587,
            "fid": 2,
            "nid": 1685,
            "magpsf": 17.991300582885742,
            "sigmapsf": 0.06375599652528763,
            "magnr": 18.93899917602539,
            "sigmagnr": 0.1120000034570694,
            "magzpsci": 25.98430061340332,
            "isdiffpos": "t",
            "ssdistnr": null,
            "ssnamenr": null,
            "drb": null
        },
        {
            "candid": 1688498402515015005,
            "jd": 2459442.9984028,
            "ra": 103.8953033,
            "dec": 39.7649819,
            "fid": 2,
            "nid": 1688,
            "magpsf": 17.8789005279541,
            "sigmapsf": 0.06654399633407593,
            "magnr": 18.93899917602539,
            "sigmagnr": 0.1120000034570694,
            "magzpsci": 26.05190086364746,
            "isdiffpos": "t",
            "ssdistnr": null,
            "ssnamenr": null,
            "drb": null
        },
        {
            "candid": 1688500782515015006,
            "jd": 2459443.000787,
            "ra": 103.8952826,
            "dec": 39.7649591,
            "fid": 2,
            "nid": 1688,
            "magpsf": 17.91550064086914,
            "sigmapsf": 0.0779699981212616,
            "magnr": 18.93899917602539,
            "sigmagnr": 0.1120000034570694,
            "magzpsci": 26.055500030517578,
            "isdiffpos": "t",
            "ssdistnr": null,
            "ssnamenr": null,
            "drb": null
        },
        {
            "candid": 1688503182515015006,
            "jd": 2459443.0031829,
            "ra": 103.8952882,
            "dec": 39.7649599,
            "fid": 2,
            "nid": 1688,
            "magpsf": 17.86720085144043,
            "sigmapsf": 0.055594999343156815,
            "magnr": 18.93899917602539,
            "sigmagnr": 0.1120000034570694,
            "magzpsci": 26.064199447631836,
            "isdiffpos": "t",
            "ssdistnr": null,
            "ssnamenr": null,
            "drb": null
        },
        {
            "candid": 1688505572515015010,
            "jd": 2459443.0055787,
            "ra": 103.8952792,
            "dec": 39.7649691,
            "fid": 2,
            "nid": 1688,
            "magpsf": 17.915000915527344,
            "sigmapsf": 0.05160500109195709,
            "magnr": 18.93899917602539,
            "sigmagnr": 0.1120000034570694,
            "magzpsci": 26.08300018310547,
            "isdiffpos": "t",
            "ssdistnr": null,
            "ssnamenr": null,
            "drb": null
        },
        {
            "candid": 1689497402515015011,
            "jd": 2459443.9974074,
            "ra": 103.8952717,
            "dec": 39.7649745,
            "fid": 2,
            "nid": 1689,
            "magpsf": 17.903900146484375,
            "sigmapsf": 0.07593899965286255,
            "magnr": 18.93899917602539,
            "sigmagnr": 0.1120000034570694,
            "magzpsci": 25.79990005493164,
            "isdiffpos": "t",
            "ssdistnr": null,
            "ssnamenr": null,
            "drb": null
        },
        {
            "candid": 1689499802515015011,
            "jd": 2459443.9998032,
            "ra": 103.8952698,
            "dec": 39.7649508,
            "fid": 2,
            "nid": 1689,
            "magpsf": 17.83679962158203,
            "sigmapsf": 0.06092799827456474,
            "magnr": 18.93899917602539,
            "sigmagnr": 0.1120000034570694,
            "magzpsci": 25.813800811767578,
            "isdiffpos": "t",
            "ssdistnr": null,
            "ssnamenr": null,
            "drb": null
        },
        {
            "candid": 1689502192515015018,
            "jd": 2459444.0021991,
            "ra": 103.8953049,
            "dec": 39.764962,
            "fid": 2,
            "nid": 1689,
            "magpsf": 17.87529945373535,
            "sigmapsf": 0.07210599631071091,
            "magnr": 18.93899917602539,
            "sigmagnr": 0.1120000034570694,
            "magzpsci": 25.82229995727539,
            "isdiffpos": "t",
            "ssdistnr": null,
            "ssnamenr": null,
            "drb": null
        },
        {
            "candid": 1689504592515015010,
            "jd": 2459444.0045949,
            "ra": 103.8952859,
            "dec": 39.7649733,
            "fid": 2,
            "nid": 1689,
            "magpsf": 17.874000549316406,
            "sigmapsf": 0.0688600018620491,
            "magnr": 18.93899917602539,
            "sigmagnr": 0.1120000034570694,
            "magzpsci": 25.83300018310547,
            "isdiffpos": "t",
            "ssdistnr": null,
            "ssnamenr": null,
            "drb": null
        },
        {
            "candid": 1690502552515015010,
            "jd": 2459445.0025579,
            "ra": 103.8952961,
            "dec": 39.7649465,
            "fid": 2,
            "nid": 1690,
            "magpsf": 17.976600646972656,
            "sigmapsf": 0.07271599769592285,
            "magnr": 18.93899917602539,
            "sigmagnr": 0.1120000034570694,
            "magzpsci": 25.945600509643555,
            "isdiffpos": "t",
            "ssdistnr": null,
            "ssnamenr": null,
            "drb": null
        },
        {
            "candid": 1690507342515015006,
            "jd": 2459445.0073495,
            "ra": 103.8953105,
            "dec": 39.7649253,
            "fid": 2,
            "nid": 1690,
            "magpsf": 17.914199829101562,
            "sigmapsf": 0.06249300017952919,
            "magnr": 18.93899917602539,
            "sigmagnr": 0.1120000034570694,
            "magzpsci": 25.970199584960938,
            "isdiffpos": "t",
            "ssdistnr": null,
            "ssnamenr": null,
            "drb": null
        },
        {
            "candid": 1695488882515015004,
            "jd": 2459449.9888889,
            "ra": 103.8953235,
            "dec": 39.7649749,
            "fid": 2,
            "nid": 1695,
            "magpsf": 18.211700439453125,
            "sigmapsf": 0.12052600085735321,
            "magnr": 18.93899917602539,
            "sigmagnr": 0.1120000034570694,
            "magzpsci": 25.965700149536133,
            "isdiffpos": "t",
            "ssdistnr": null,
            "ssnamenr": null,
            "drb": null
        },
        {
            "candid": 1695493942515015006,
            "jd": 2459449.9939468,
            "ra": 103.895337,
            "dec": 39.7649294,
            "fid": 2,
            "nid": 1695,
            "magpsf": 18.361730575561523,
            "sigmapsf": 0.129721999168396,
            "magnr": 18.93899917602539,
            "sigmagnr": 0.1120000034570694,
            "magzpsci": 25.97772979736328,
            "isdiffpos": "t",
            "ssdistnr": -999.0,
            "ssnamenr": "null",
            "drb": null
        },
        {
            "jd": 2459434.9928125,
            "fid": 2,
            "diffmaglim": 19.676300048828125
        },
        {
            "jd": 2459434.9975116,
            "fid": 2,
            "diffmaglim": 19.269899368286133
        },
        {
            "jd": 2459434.9998727,
            "fid": 2,
            "diffmaglim": 19.15290069580078
        },
        {
            "jd": 2459435.9929282,
            "fid": 2,
            "diffmaglim": 19.677900314331055
        },
        {
            "jd": 2459435.9953241,
            "fid": 2,
            "diffmaglim": 19.708499908447266
        },
        {
            "jd": 2459435.9977199,
            "fid": 2,
            "diffmaglim": 19.55299949645996
        },
        {
            "jd": 2459436.0001157,
            "fid": 2,
            "diffmaglim": 19.359699249267578
        },
        {
            "jd": 2459436.0025116,
            "fid": 2,
            "diffmaglim": 19.172100067138672
        },
        {
            "jd": 2459436.99625,
            "fid": 2,
            "diffmaglim": 19.775699615478516
        },
        {
            "jd": 2459437.0010417,
            "fid": 2,
            "diffmaglim": 19.518699645996094
        },
        {
            "jd": 2459438.9945023,
            "fid": 2,
            "diffmaglim": 19.5226993560791
        },
        {
            "jd": 2459438.9969213,
            "fid": 2,
            "diffmaglim": 19.57110023498535
        },
        {
            "jd": 2459439.001794,
            "fid": 2,
            "diffmaglim": 19.35650062561035
        },
        {
            "jd": 2459439.0042245,
            "fid": 2,
            "diffmaglim": 19.295400619506836
        },
        {
            "jd": 2459440.0056829,
            "fid": 2,
            "diffmaglim": 19.191600799560547
        },
        {
            "jd": 2459443.0079745,
            "fid": 2,
            "diffmaglim": 19.318300247192383
        },
        {
            "jd": 2459444.0069907,
            "fid": 2,
            "diffmaglim": 19.263700485229492
        },
        {
            "jd": 2459444.9977778,
            "fid": 2,
            "diffmaglim": 19.654800415039062
        },
        {
            "jd": 2459445.000162,
            "fid": 2,
            "diffmaglim": 19.52989959716797
        },
        {
            "jd": 2459445.0049537,
            "fid": 2,
            "diffmaglim": 19.27739906311035
        },
        {
            "jd": 2459449.991412,
            "fid": 2,
            "diffmaglim": 18.936899185180664
        }
    ],
    "forcedphot": []
}