{
    "objectId": "ZTF23aadvjqb",
    "candidates": [
        {
            "candid": 2277149233615015013,
            "jd": 2460031.6492361,
            "ra": 128.3231494,
            "dec": -22.9625415,
            "fid": 2,
            "nid": 2277,
            "magpsf": 16.61949920654297,
            "sigmapsf": 0.028246000409126282,
            "magnr": 19.365999221801758,
            "sigmagnr": 0.1340000033378601,
            "magzpsci": 26.25749969482422,
            "isdiffpos": "t",
            "ssdistnr": null,
            "ssnamenr": null,
            "drb": 1.0
        },
        {
            "candid": 2277189343615015019,
            "jd": 2460031.6893403,
            "ra": 128.323156,
            "dec": -22.96259,
            "fid": 1,
            "nid": 2277,
            "magpsf": 17.656600952148438,
            "sigmapsf": 0.0790489986538887,
            "magnr": 20.121000289916992,
            "sigmagnr": 0.11900000274181366,
            "magzpsci": 26.18160057067871,
            "isdiffpos": "t",
            "ssdistnr": null,
            "ssnamenr": null,
            "drb": null
        },
        {
            "candid": 2282148283615015014,
            "jd": 2460036.648287,
            "ra": 128.3231484,
            "dec": -22.9625676,
            "fid": 1,
            "nid": 2282,
            "magpsf": 17.496599197387695,
            "sigmapsf": 0.056671999394893646,
            "magnr": 20.121000289916992,
            "sigmagnr": 0.11900000274181366,
            "magzpsci": 26.14459991455078,
            "isdiffpos": "t",
            "ssdistnr": null,
            "ssnamenr": null,
            "drb": null
        },
        {
            "candid": 2282188913615015014,
            "jd": 2460036.688912,
            "ra": 128.3231669,
            "dec": -22.9625417,
            "fid": 2,
            "nid": 2282,
            "magpsf": 16.33180046081543,
            "sigmapsf": 0.035353999584913254,
            "magnr": 19.365999221801758,
            "sigmagnr": 0.1340000033378601,
            "magzpsci": 26.227800369262695,
            "isdiffpos": "t",
            "ssdistnr": null,
            "ssnamenr": null,
            "drb": null
        },
        {
            "candid": 2290152113615015019,
            "jd": 2460044.6521181,
            "ra": 128.3231539,
            "dec": -22.9626004,
            "fid": 1,
            "nid": 2290,
            "magpsf": 18.159500122070312,
            "sigmapsf": 0.06470999866724014,
            "magnr": 20.121000289916992,
            "sigmagnr": 0.11900000274181366,
            "magzpsci": 26.161500930786133,
            "isdiffpos": "t",
            "ssdistnr": null,
            "ssnamenr": null,
            "drb": null
        },
        {
            "candid": 2290168403615015020,
            "jd": 2460044.6684028,
            "ra": 128.323154,
            "dec": -22.9625547,
            "fid": 2,
            "nid": 2290,
            "magpsf": 16.481800079345703,
            "sigmapsf": 0.03179899975657463,
            "magnr": 19.365999221801758,
            "sigmagnr": 0.1340000033378601,
            "magzpsci": 26.232799530029297,
            "isdiffpos": "t",
            "ssdistnr": null,
            "ssnamenr": null,
            "drb": null
        },
        {
            "candid": 2292151943615015010,
            "jd": 2460046.6519444,
            "ra": 128.3231519,
            "dec": -22.9625365,
            "fid": 2,
            "nid": 2292,
            "magpsf": 16.58340072631836,
            "sigmapsf": 0.04366600140929222,
            "magnr": 19.365999221801758,
            "sigmagnr": 0.1340000033378601,
            "magzpsci": 26.181400299072266,
            "isdiffpos": "t",
            "ssdistnr": null,
            "ssnamenr": null,
            "drb": null
        },
        {
            "candid": 2292189353615015023,
            "jd": 2460046.6893519,
            "ra": 128.3231316,
            "dec": -22.9625693,
            "fid": 1,
            "nid": 2292,
            "magpsf": 18.361299514770508,
            "sigmapsf": 0.07135400176048279,
            "magnr": 20.121000289916992,
            "sigmagnr": 0.11900000274181366,
            "magzpsci": 26.027299880981445,
            "isdiffpos": "t",
            "ssdistnr": null,
            "ssnamenr": null,
            "drb": null
        },
        {
            "candid": 2296156033615015015,
            "jd": 2460050.6560301,
            "ra": 128.3231118,
            "dec": -22.9625826,
            "fid": 1,
            "nid": 2296,
            "magpsf": 18.745399475097656,
            "sigmapsf": 0.09154199808835983,
            "magnr": 20.121000289916992,
            "sigmagnr": 0.11900000274181366,
            "magzpsci": 26.073400497436523,
            "isdiffpos": "t",
            "ssdistnr": null,
            "ssnamenr": null,
            "drb": null
        },
        {
            "candid": 2296189363615015008,
            "jd": 2460050.6893634,
            "ra": 128.3231611,
            "dec": -22.9625373,
            "fid": 2,
            "nid": 2296,
            "magpsf": 16.83449935913086,
            "sigmapsf": 0.03975500166416168,
            "magnr": 19.365999221801758,
            "sigmagnr": 0.1340000033378601,
            "magzpsci": 26.127500534057617,
            "isdiffpos": "t",
            "ssdistnr": null,
            "ssnamenr": null,
            "drb": null
        },
        {
            "candid": 2298168173615015016,
            "jd": 2460052.6681713,
            "ra": 128.3231451,
            "dec": -22.9625566,
            "fid": 2,
            "nid": 2298,
            "magpsf": 16.93598747253418,
            "sigmapsf": 0.04814716428518295,
            "magnr": 19.365999221801758,
            "sigmagnr": 0.1340000033378601,
            "magzpsci": 25.969987869262695,
            "isdiffpos": "t",
            "ssdistnr": -999.0,
            "ssnamenr": "null",
            "drb": null
        },
        {
            "jd": 2460013.7717708,
            "fid": 1,
            "diffmaglim": 19.075700759887695
        },
        {
            "jd": 2460020.6681366,
            "fid": 1,
            "diffmaglim": 20.00510025024414
        }
    ],
    "forcedphot": []
}