{
    "objectId": "ZTF20aawihxz",
    "candidates": [
        {
            "candid": 1210456285815015001,
            "jd": 2458964.9562847,
            "ra": 304.3866704,
            "dec": 0.007989,
            "fid": 2,
            "nid": 1210,
            "magpsf": 18.082300186157227,
            "sigmapsf": 0.05510399863123894,
            "magnr": 20.417999267578125,
            "sigmagnr": 0.12300000339746475,
            "magzpsci": 26.18829917907715,
            "isdiffpos": "t",
            "ssdistnr": -999.0,
            "ssnamenr": "null",
            "drb": 1.0
        },
        {
            "candid": 1210477755815015009,
            "jd": 2458964.9777546,
            "ra": 304.3866565,
            "dec": 0.007997,
            "fid": 1,
            "nid": 1210,
            "magpsf": 18.43670082092285,
            "sigmapsf": 0.07252500206232071,
            "magnr": 20.89299964904785,
            "sigmagnr": 0.11999999731779099,
            "magzpsci": 26.247699737548828,
            "isdiffpos": "t",
            "ssdistnr": -999.0,
            "ssnamenr": "null",
            "drb": 1.0
        },
        {
            "candid": 1216420615815015004,
            "jd": 2458970.9206134,
            "ra": 304.3866701,
            "dec": 0.0079958,
            "fid": 2,
            "nid": 1216,
            "magpsf": 18.051300048828125,
            "sigmapsf": 0.06127199903130531,
            "magnr": 20.417999267578125,
            "sigmagnr": 0.12300000339746475,
            "magzpsci": 26.2322998046875,
            "isdiffpos": "t",
            "ssdistnr": -999.0,
            "ssnamenr": "null",
            "drb": 1.0
        },
        {
            "candid": 1216479325815015006,
            "jd": 2458970.9793287,
            "ra": 304.3866767,
            "dec": 0.0079838,
            "fid": 1,
            "nid": 1216,
            "magpsf": 18.665700912475586,
            "sigmapsf": 0.07533399760723114,
            "magnr": 20.89299964904785,
            "sigmagnr": 0.11999999731779099,
            "magzpsci": 26.33370018005371,
            "isdiffpos": "t",
            "ssdistnr": -999.0,
            "ssnamenr": "null",
            "drb": 1.0
        },
        {
            "candid": 1223489745815015003,
            "jd": 2458977.9897454,
            "ra": 304.3866602,
            "dec": 0.0079758,
            "fid": 2,
            "nid": 1223,
            "magpsf": 18.427000045776367,
            "sigmapsf": 0.11066599935293198,
            "magnr": 20.417999267578125,
            "sigmagnr": 0.12300000339746475,
            "magzpsci": 26.243000030517578,
            "isdiffpos": "t",
            "ssdistnr": -999.0,
            "ssnamenr": "null",
            "drb": 0.9999939799308777
        },
        {
            "candid": 1233371645815015001,
            "jd": 2458987.8716435,
            "ra": 304.3866547,
            "dec": 0.0079639,
            "fid": 2,
            "nid": 1233,
            "magpsf": 18.904399871826172,
            "sigmapsf": 0.08841399848461151,
            "magnr": 20.417999267578125,
            "sigmagnr": 0.12300000339746475,
            "magzpsci": 26.225400924682617,
            "isdiffpos": "t",
            "ssdistnr": -999.0,
            "ssnamenr": "null",
            "drb": 1.0
        },
        {
            "candid": 1233458205815015008,
            "jd": 2458987.958206,
            "ra": 304.3866999,
            "dec": 0.0079299,
            "fid": 1,
            "nid": 1233,
            "magpsf": 20.24810028076172,
            "sigmapsf": 0.18933500349521637,
            "magnr": 20.89299964904785,
            "sigmagnr": 0.11999999731779099,
            "magzpsci": 26.335100173950195,
            "isdiffpos": "t",
            "ssdistnr": -999.0,
            "ssnamenr": "-999.0",
            "drb": null
        },
        {
            "candid": 1238436645815015008,
            "jd": 2458992.9366435,
            "ra": 304.3866937,
            "dec": 0.0079783,
            "fid": 2,
            "nid": 1238,
            "magpsf": 19.14859962463379,
            "sigmapsf": 0.10161399841308594,
            "magnr": 20.417999267578125,
            "sigmagnr": 0.12300000339746475,
            "magzpsci": 26.254600524902344,
            "isdiffpos": "t",
            "ssdistnr": -999.0,
            "ssnamenr": "null",
            "drb": 0.9999970197677612
        },
        {
            "candid": 1238463905815015008,
            "jd": 2458992.9639005,
            "ra": 304.3867092,
            "dec": 0.0080075,
            "fid": 1,
            "nid": 1238,
            "magpsf": 20.374000549316406,
            "sigmapsf": 0.2063329964876175,
            "magnr": 20.89299964904785,
            "sigmagnr": 0.11999999731779099,
            "magzpsci": 26.325000762939453,
            "isdiffpos": "t",
            "ssdistnr": -999.0,
            "ssnamenr": "null",
            "drb": 0.9999909996986389
        },
        {
            "candid": 1242420395815015006,
            "jd": 2458996.9203935,
            "ra": 304.3867006,
            "dec": 0.0079231,
            "fid": 1,
            "nid": 1242,
            "magpsf": 20.27280044555664,
            "sigmapsf": 0.2611750066280365,
            "magnr": 20.89299964904785,
            "sigmagnr": 0.11999999731779099,
            "magzpsci": 26.315799713134766,
            "isdiffpos": "t",
            "ssdistnr": -999.0,
            "ssnamenr": "-999.0",
            "drb": null
        },
        {
            "candid": 1242462845815015006,
            "jd": 2458996.9628472,
            "ra": 304.3866903,
            "dec": 0.0079914,
            "fid": 2,
            "nid": 1242,
            "magpsf": 19.159900665283203,
            "sigmapsf": 0.09544400125741959,
            "magnr": 20.417999267578125,
            "sigmagnr": 0.12300000339746475,
            "magzpsci": 26.27090072631836,
            "isdiffpos": "t",
            "ssdistnr": -999.0,
            "ssnamenr": "null",
            "drb": 1.0
        },
        {
            "candid": 1245414975815015004,
            "jd": 2458999.9149769,
            "ra": 304.3867229,
            "dec": 0.0079582,
            "fid": 1,
            "nid": 1245,
            "magpsf": 20.42460060119629,
            "sigmapsf": 0.2331240028142929,
            "magnr": 20.89299964904785,
            "sigmagnr": 0.11999999731779099,
            "magzpsci": 26.339599609375,
            "isdiffpos": "t",
            "ssdistnr": -999.0,
            "ssnamenr": "-999.0",
            "drb": null
        },
        {
            "candid": 1248438955815015005,
            "jd": 2459002.9389583,
            "ra": 304.3866975,
            "dec": 0.0079878,
            "fid": 1,
            "nid": 1248,
            "magpsf": 20.37310028076172,
            "sigmapsf": 0.23582600057125092,
            "magnr": 20.89299964904785,
            "sigmagnr": 0.11999999731779099,
            "magzpsci": 26.2460994720459,
            "isdiffpos": "t",
            "ssdistnr": -999.0,
            "ssnamenr": "-999.0",
            "drb": null
        },
        {
            "candid": 1248460455815015008,
            "jd": 2459002.9604514,
            "ra": 304.3866801,
            "dec": 0.0079809,
            "fid": 2,
            "nid": 1248,
            "magpsf": 19.440900802612305,
            "sigmapsf": 0.1287440061569214,
            "magnr": 20.417999267578125,
            "sigmagnr": 0.12300000339746475,
            "magzpsci": 26.21489906311035,
            "isdiffpos": "t",
            "ssdistnr": -999.0,
            "ssnamenr": "null",
            "drb": 0.9999889731407166
        },
        {
            "candid": 1257351555815015004,
            "jd": 2459011.8515509,
            "ra": 304.3866687,
            "dec": 0.0080061,
            "fid": 2,
            "nid": 1257,
            "magpsf": 19.61549949645996,
            "sigmapsf": 0.2181279957294464,
            "magnr": 20.417999267578125,
            "sigmagnr": 0.12300000339746475,
            "magzpsci": 26.1564998626709,
            "isdiffpos": "t",
            "ssdistnr": -999.0,
            "ssnamenr": "-999.0",
            "drb": null
        },
        {
            "candid": 1260369385815015010,
            "jd": 2459014.8693866,
            "ra": 304.3866796,
            "dec": 0.0080594,
            "fid": 1,
            "nid": 1260,
            "magpsf": 20.380699157714844,
            "sigmapsf": 0.20388400554656982,
            "magnr": 20.89299964904785,
            "sigmagnr": 0.11999999731779099,
            "magzpsci": 26.360700607299805,
            "isdiffpos": "t",
            "ssdistnr": -999.0,
            "ssnamenr": "null",
            "drb": 0.9999930262565613
        },
        {
            "candid": 1263317315815015006,
            "jd": 2459017.8173148,
            "ra": 304.3867604,
            "dec": 0.0078608,
            "fid": 1,
            "nid": 1263,
            "magpsf": 20.75309944152832,
            "sigmapsf": 0.2866609990596771,
            "magnr": 20.89299964904785,
            "sigmagnr": 0.11999999731779099,
            "magzpsci": 26.3080997467041,
            "isdiffpos": "t",
            "ssdistnr": -999.0,
            "ssnamenr": "-999.0",
            "drb": null
        },
        {
            "candid": 1266471625815015007,
            "jd": 2459020.9716204,
            "ra": 304.3866784,
            "dec": 0.0079686,
            "fid": 2,
            "nid": 1266,
            "magpsf": 19.98069953918457,
            "sigmapsf": 0.19573800265789032,
            "magnr": 20.417999267578125,
            "sigmagnr": 0.12300000339746475,
            "magzpsci": 26.286699295043945,
            "isdiffpos": "t",
            "ssdistnr": -999.0,
            "ssnamenr": "null",
            "drb": 0.9999179840087891
        },
        {
            "candid": 1269339815815015008,
            "jd": 2459023.8398148,
            "ra": 304.3866653,
            "dec": 0.0079317,
            "fid": 1,
            "nid": 1269,
            "magpsf": 20.663400650024414,
            "sigmapsf": 0.2827500104904175,
            "magnr": 20.89299964904785,
            "sigmagnr": 0.11999999731779099,
            "magzpsci": 26.34440040588379,
            "isdiffpos": "t",
            "ssdistnr": -999.0,
            "ssnamenr": "-999.0",
            "drb": null
        },
        {
            "candid": 1272462345815015002,
            "jd": 2459026.9623495,
            "ra": 304.3866275,
            "dec": 0.0080029,
            "fid": 2,
            "nid": 1272,
            "magpsf": 19.93090057373047,
            "sigmapsf": 0.19694800674915314,
            "magnr": 20.417999267578125,
            "sigmagnr": 0.12300000339746475,
            "magzpsci": 26.322900772094727,
            "isdiffpos": "t",
            "ssdistnr": -999.0,
            "ssnamenr": "null",
            "drb": 0.9999510049819946
        },
        {
            "jd": 2458977.8767,
            "fid": 1,
            "diffmaglim": 16.194000244140625
        },
        {
            "jd": 2459011.80149,
            "fid": 1,
            "diffmaglim": 19.85700035095215
        }
    ],
    "forcedphot": []
}