{
    "objectId": "ZTF21abieuta",
    "candidates": [
        {
            "candid": 1638435413315015006,
            "jd": 2459392.9354167,
            "ra": 348.9963473,
            "dec": 27.4541857,
            "fid": 2,
            "nid": 1638,
            "magpsf": 19.62150001525879,
            "sigmapsf": 0.1591770052909851,
            "magnr": 19.04400062561035,
            "sigmagnr": 0.11500000208616257,
            "magzpsci": 26.274499893188477,
            "isdiffpos": "t",
            "ssdistnr": null,
            "ssnamenr": null,
            "drb": 0.9999880194664001
        },
        {
            "candid": 1640386553315015005,
            "jd": 2459394.8865509,
            "ra": 348.9963996,
            "dec": 27.4541962,
            "fid": 1,
            "nid": 1640,
            "magpsf": 19.593700408935547,
            "sigmapsf": 0.23061199486255646,
            "magnr": 19.77199935913086,
            "sigmagnr": 0.11900000274181366,
            "magzpsci": 26.044700622558594,
            "isdiffpos": "t",
            "ssdistnr": null,
            "ssnamenr": null,
            "drb": null
        },
        {
            "candid": 1640450673315015003,
            "jd": 2459394.9506713,
            "ra": 348.9963358,
            "dec": 27.4541697,
            "fid": 2,
            "nid": 1640,
            "magpsf": 19.153400421142578,
            "sigmapsf": 0.11538100242614746,
            "magnr": 19.04400062561035,
            "sigmagnr": 0.11500000208616257,
            "magzpsci": 26.222400665283203,
            "isdiffpos": "t",
            "ssdistnr": null,
            "ssnamenr": null,
            "drb": null
        },
        {
            "candid": 1643444653315015015,
            "jd": 2459397.9446528,
            "ra": 348.9964222,
            "dec": 27.454189,
            "fid": 1,
            "nid": 1643,
            "magpsf": 19.329999923706055,
            "sigmapsf": 0.1361510008573532,
            "magnr": 19.77199935913086,
            "sigmagnr": 0.11900000274181366,
            "magzpsci": 26.25200080871582,
            "isdiffpos": "t",
            "ssdistnr": null,
            "ssnamenr": null,
            "drb": null
        },
        {
            "candid": 1646392553315015011,
            "jd": 2459400.8925579,
            "ra": 348.9963934,
            "dec": 27.4541806,
            "fid": 1,
            "nid": 1646,
            "magpsf": 19.165599822998047,
            "sigmapsf": 0.10959400236606598,
            "magnr": 19.77199935913086,
            "sigmagnr": 0.11900000274181366,
            "magzpsci": 26.233600616455078,
            "isdiffpos": "t",
            "ssdistnr": null,
            "ssnamenr": null,
            "drb": null
        },
        {
            "candid": 1646450263315015011,
            "jd": 2459400.9502662,
            "ra": 348.9963645,
            "dec": 27.4541678,
            "fid": 2,
            "nid": 1646,
            "magpsf": 18.598600387573242,
            "sigmapsf": 0.07578200101852417,
            "magnr": 19.04400062561035,
            "sigmagnr": 0.11500000208616257,
            "magzpsci": 26.28059959411621,
            "isdiffpos": "t",
            "ssdistnr": null,
            "ssnamenr": null,
            "drb": null
        },
        {
            "candid": 1648425163315015009,
            "jd": 2459402.925162,
            "ra": 348.9963816,
            "dec": 27.4541943,
            "fid": 2,
            "nid": 1648,
            "magpsf": 18.42930030822754,
            "sigmapsf": 0.07415000349283218,
            "magnr": 19.04400062561035,
            "sigmagnr": 0.11500000208616257,
            "magzpsci": 26.28030014038086,
            "isdiffpos": "t",
            "ssdistnr": null,
            "ssnamenr": null,
            "drb": null
        },
        {
            "candid": 1648454863315015011,
            "jd": 2459402.9548611,
            "ra": 348.9964343,
            "dec": 27.4541683,
            "fid": 1,
            "nid": 1648,
            "magpsf": 19.215299606323242,
            "sigmapsf": 0.11970800161361694,
            "magnr": 19.77199935913086,
            "sigmagnr": 0.11900000274181366,
            "magzpsci": 26.29330062866211,
            "isdiffpos": "t",
            "ssdistnr": null,
            "ssnamenr": null,
            "drb": null
        },
        {
            "candid": 1650405553315015018,
            "jd": 2459404.9055556,
            "ra": 348.9964047,
            "dec": 27.4541888,
            "fid": 1,
            "nid": 1650,
            "magpsf": 19.08169937133789,
            "sigmapsf": 0.10630200058221817,
            "magnr": 19.77199935913086,
            "sigmagnr": 0.11900000274181366,
            "magzpsci": 26.069700241088867,
            "isdiffpos": "t",
            "ssdistnr": null,
            "ssnamenr": null,
            "drb": null
        },
        {
            "candid": 1650447093315015009,
            "jd": 2459404.9470949,
            "ra": 348.9963805,
            "dec": 27.4541941,
            "fid": 2,
            "nid": 1650,
            "magpsf": 18.39699935913086,
            "sigmapsf": 0.07466299831867218,
            "magnr": 19.04400062561035,
            "sigmagnr": 0.11500000208616257,
            "magzpsci": 26.113000869750977,
            "isdiffpos": "t",
            "ssdistnr": null,
            "ssnamenr": null,
            "drb": null
        },
        {
            "candid": 1652458583315015008,
            "jd": 2459406.958588,
            "ra": 348.9963816,
            "dec": 27.4541764,
            "fid": 2,
            "nid": 1652,
            "magpsf": 18.350299835205078,
            "sigmapsf": 0.06197400018572807,
            "magnr": 19.04400062561035,
            "sigmagnr": 0.11500000208616257,
            "magzpsci": 26.17729949951172,
            "isdiffpos": "t",
            "ssdistnr": null,
            "ssnamenr": null,
            "drb": null
        },
        {
            "candid": 1655403133315015016,
            "jd": 2459409.9031366,
            "ra": 348.9963885,
            "dec": 27.4542012,
            "fid": 1,
            "nid": 1655,
            "magpsf": 19.449800491333008,
            "sigmapsf": 0.12152499705553055,
            "magnr": 19.77199935913086,
            "sigmagnr": 0.11900000274181366,
            "magzpsci": 26.09480094909668,
            "isdiffpos": "t",
            "ssdistnr": null,
            "ssnamenr": null,
            "drb": null
        },
        {
            "candid": 1655447073315015011,
            "jd": 2459409.9470718,
            "ra": 348.996416,
            "dec": 27.4541948,
            "fid": 2,
            "nid": 1655,
            "magpsf": 18.392799377441406,
            "sigmapsf": 0.0673070028424263,
            "magnr": 19.04400062561035,
            "sigmagnr": 0.11500000208616257,
            "magzpsci": 26.18280029296875,
            "isdiffpos": "t",
            "ssdistnr": null,
            "ssnamenr": null,
            "drb": null
        },
        {
            "candid": 1657455933315015024,
            "jd": 2459411.9559375,
            "ra": 348.9964027,
            "dec": 27.4542009,
            "fid": 2,
            "nid": 1657,
            "magpsf": 18.544599533081055,
            "sigmapsf": 0.06430500000715256,
            "magnr": 19.04400062561035,
            "sigmagnr": 0.11500000208616257,
            "magzpsci": 26.143600463867188,
            "isdiffpos": "t",
            "ssdistnr": null,
            "ssnamenr": null,
            "drb": null
        },
        {
            "candid": 1660446053315015017,
            "jd": 2459414.9460532,
            "ra": 348.996396,
            "dec": 27.4541853,
            "fid": 2,
            "nid": 1660,
            "magpsf": 18.692800521850586,
            "sigmapsf": 0.061044998466968536,
            "magnr": 19.04400062561035,
            "sigmagnr": 0.11500000208616257,
            "magzpsci": 26.266799926757812,
            "isdiffpos": "t",
            "ssdistnr": null,
            "ssnamenr": null,
            "drb": null
        },
        {
            "candid": 1662433423315015036,
            "jd": 2459416.9334259,
            "ra": 348.9963544,
            "dec": 27.4541924,
            "fid": 2,
            "nid": 1662,
            "magpsf": 18.545900344848633,
            "sigmapsf": 0.13704000413417816,
            "magnr": 19.04400062561035,
            "sigmagnr": 0.11500000208616257,
            "magzpsci": 24.782899856567383,
            "isdiffpos": "t",
            "ssdistnr": null,
            "ssnamenr": null,
            "drb": null
        },
        {
            "candid": 1664392333315015003,
            "jd": 2459418.892338,
            "ra": 348.9963831,
            "dec": 27.4542022,
            "fid": 2,
            "nid": 1664,
            "magpsf": 18.959299087524414,
            "sigmapsf": 0.14635300636291504,
            "magnr": 19.04400062561035,
            "sigmagnr": 0.11500000208616257,
            "magzpsci": 26.112300872802734,
            "isdiffpos": "t",
            "ssdistnr": null,
            "ssnamenr": null,
            "drb": null
        },
        {
            "candid": 1668410933315015007,
            "jd": 2459422.9109375,
            "ra": 348.9963854,
            "dec": 27.4541675,
            "fid": 2,
            "nid": 1668,
            "magpsf": 19.211599349975586,
            "sigmapsf": 0.13732700049877167,
            "magnr": 19.04400062561035,
            "sigmagnr": 0.11500000208616257,
            "magzpsci": 26.283599853515625,
            "isdiffpos": "t",
            "ssdistnr": null,
            "ssnamenr": null,
            "drb": null
        },
        {
            "candid": 1670300903315015005,
            "jd": 2459424.8009028,
            "ra": 348.9964089,
            "dec": 27.4542376,
            "fid": 1,
            "nid": 1670,
            "magpsf": 20.32990074157715,
            "sigmapsf": 0.32665500044822693,
            "magnr": 19.77199935913086,
            "sigmagnr": 0.11900000274181366,
            "magzpsci": 26.16390037536621,
            "isdiffpos": "t",
            "ssdistnr": null,
            "ssnamenr": null,
            "drb": null
        },
        {
            "candid": 1670361923315015004,
            "jd": 2459424.8619213,
            "ra": 348.9963786,
            "dec": 27.4541814,
            "fid": 2,
            "nid": 1670,
            "magpsf": 19.322399139404297,
            "sigmapsf": 0.13195200264453888,
            "magnr": 19.04400062561035,
            "sigmagnr": 0.11500000208616257,
            "magzpsci": 26.256399154663086,
            "isdiffpos": "t",
            "ssdistnr": null,
            "ssnamenr": null,
            "drb": null
        },
        {
            "candid": 1674368393315015013,
            "jd": 2459428.8683912,
            "ra": 348.9963972,
            "dec": 27.4541824,
            "fid": 2,
            "nid": 1674,
            "magpsf": 19.341909408569336,
            "sigmapsf": 0.11799100041389465,
            "magnr": 19.04400062561035,
            "sigmagnr": 0.11500000208616257,
            "magzpsci": 26.268909454345703,
            "isdiffpos": "t",
            "ssdistnr": -999.0,
            "ssnamenr": "null",
            "drb": null
        },
        {
            "jd": 2459370.9220949,
            "fid": 1,
            "diffmaglim": 20.4468994140625
        },
        {
            "jd": 2459370.9477199,
            "fid": 2,
            "diffmaglim": 20.500699996948242
        },
        {
            "jd": 2459373.9051157,
            "fid": 2,
            "diffmaglim": 20.13680076599121
        },
        {
            "jd": 2459373.941088,
            "fid": 1,
            "diffmaglim": 20.444900512695312
        },
        {
            "jd": 2459375.9123611,
            "fid": 2,
            "diffmaglim": 20.1825008392334
        },
        {
            "jd": 2459375.9308333,
            "fid": 1,
            "diffmaglim": 20.283599853515625
        },
        {
            "jd": 2459377.930787,
            "fid": 2,
            "diffmaglim": 20.50349998474121
        },
        {
            "jd": 2459377.9450231,
            "fid": 1,
            "diffmaglim": 20.49530029296875
        },
        {
            "jd": 2459379.9029861,
            "fid": 2,
            "diffmaglim": 20.492599487304688
        },
        {
            "jd": 2459379.9259375,
            "fid": 1,
            "diffmaglim": 20.60650062561035
        },
        {
            "jd": 2459381.9079514,
            "fid": 2,
            "diffmaglim": 19.78380012512207
        },
        {
            "jd": 2459384.8542708,
            "fid": 2,
            "diffmaglim": 19.213199615478516
        },
        {
            "jd": 2459384.8865046,
            "fid": 1,
            "diffmaglim": 19.35689926147461
        },
        {
            "jd": 2459386.9105208,
            "fid": 2,
            "diffmaglim": 20.31439971923828
        },
        {
            "jd": 2459386.9357523,
            "fid": 1,
            "diffmaglim": 20.758899688720703
        },
        {
            "jd": 2459390.8868519,
            "fid": 2,
            "diffmaglim": 19.741100311279297
        },
        {
            "jd": 2459390.9476852,
            "fid": 1,
            "diffmaglim": 19.613399505615234
        },
        {
            "jd": 2459392.9479051,
            "fid": 1,
            "diffmaglim": 19.600099563598633
        },
        {
            "jd": 2459397.9123843,
            "fid": 2,
            "diffmaglim": 20.293899536132812
        },
        {
            "jd": 2459411.9029167,
            "fid": 1,
            "diffmaglim": 20.644399642944336
        },
        {
            "jd": 2459414.9028125,
            "fid": 1,
            "diffmaglim": 20.875200271606445
        },
        {
            "jd": 2459418.9418403,
            "fid": 1,
            "diffmaglim": 19.38909912109375
        },
        {
            "jd": 2459422.9418287,
            "fid": 1,
            "diffmaglim": 19.747600555419922
        },
        {
            "jd": 2459426.8625694,
            "fid": 1,
            "diffmaglim": 20.41160011291504
        },
        {
            "jd": 2459426.9095139,
            "fid": 2,
            "diffmaglim": 20.34749984741211
        },
        {
            "jd": 2459428.8268287,
            "fid": 1,
            "diffmaglim": 20.510799407958984
        }
    ],
    "forcedphot": []
}