{
    "objectId": "ZTF22aacflyo",
    "candidates": [
        {
            "candid": 1886247012615015012,
            "jd": 2459640.7470139,
            "ra": 121.6880076,
            "dec": 39.0985994,
            "fid": 2,
            "nid": 1886,
            "magpsf": 20.070009231567383,
            "sigmapsf": 0.15751799941062927,
            "magnr": 21.826000213623047,
            "sigmagnr": 0.13199999928474426,
            "magzpsci": 26.339000701904297,
            "isdiffpos": "t",
            "ssdistnr": -999.0,
            "ssnamenr": "null",
            "drb": 0.9999939799308777
        },
        {
            "candid": 1917283152615015010,
            "jd": 2459671.7831597,
            "ra": 121.6878965,
            "dec": 39.0987017,
            "fid": 1,
            "nid": 1917,
            "magpsf": 20.855300903320312,
            "sigmapsf": 0.31832000613212585,
            "magnr": 21.86400032043457,
            "sigmagnr": 0.18199999630451202,
            "magzpsci": 26.296300888061523,
            "isdiffpos": "t",
            "ssdistnr": null,
            "ssnamenr": null,
            "drb": null
        },
        {
            "candid": 1917283152615025007,
            "jd": 2459671.7831597,
            "ra": 121.6879053,
            "dec": 39.0987015,
            "fid": 1,
            "nid": 1917,
            "magpsf": 20.85770034790039,
            "sigmapsf": 0.31653299927711487,
            "magnr": 21.86400032043457,
            "sigmagnr": 0.18199999630451202,
            "magzpsci": 26.294700622558594,
            "isdiffpos": "t",
            "ssdistnr": null,
            "ssnamenr": null,
            "drb": null
        },
        {
            "candid": 1921195272615015005,
            "jd": 2459675.6952778,
            "ra": 121.6879638,
            "dec": 39.0986373,
            "fid": 2,
            "nid": 1921,
            "magpsf": 19.714599609375,
            "sigmapsf": 0.13266600668430328,
            "magnr": 21.826000213623047,
            "sigmagnr": 0.13199999928474426,
            "magzpsci": 26.239599227905273,
            "isdiffpos": "t",
            "ssdistnr": null,
            "ssnamenr": null,
            "drb": null
        },
        {
            "candid": 1923152622615015003,
            "jd": 2459677.6526273,
            "ra": 121.6879946,
            "dec": 39.0985772,
            "fid": 2,
            "nid": 1923,
            "magpsf": 19.988100051879883,
            "sigmapsf": 0.23249000310897827,
            "magnr": 21.826000213623047,
            "sigmagnr": 0.13199999928474426,
            "magzpsci": 26.256099700927734,
            "isdiffpos": "t",
            "ssdistnr": null,
            "ssnamenr": null,
            "drb": null
        },
        {
            "candid": 1929161432615015009,
            "jd": 2459683.6614352,
            "ra": 121.687944,
            "dec": 39.0986467,
            "fid": 2,
            "nid": 1929,
            "magpsf": 20.006000518798828,
            "sigmapsf": 0.26109200716018677,
            "magnr": 21.826000213623047,
            "sigmagnr": 0.13199999928474426,
            "magzpsci": 26.30500030517578,
            "isdiffpos": "t",
            "ssdistnr": null,
            "ssnamenr": null,
            "drb": null
        },
        {
            "candid": 1940165082615015011,
            "jd": 2459694.665081,
            "ra": 121.6881092,
            "dec": 39.0986849,
            "fid": 2,
            "nid": 1940,
            "magpsf": 20.197080612182617,
            "sigmapsf": 0.18746699392795563,
            "magnr": 21.826000213623047,
            "sigmagnr": 0.13199999928474426,
            "magzpsci": 26.20907974243164,
            "isdiffpos": "t",
            "ssdistnr": -999.0,
            "ssnamenr": "null",
            "drb": null
        },
        {
            "jd": 2459622.7650347,
            "fid": 1,
            "diffmaglim": 19.679899215698242
        },
        {
            "jd": 2459622.8666898,
            "fid": 2,
            "diffmaglim": 19.642200469970703
        },
        {
            "jd": 2459625.7458912,
            "fid": 1,
            "diffmaglim": 19.265300750732422
        },
        {
            "jd": 2459625.7850694,
            "fid": 2,
            "diffmaglim": 19.41069984436035
        },
        {
            "jd": 2459628.6947106,
            "fid": 1,
            "diffmaglim": 19.78969955444336
        },
        {
            "jd": 2459628.807581,
            "fid": 2,
            "diffmaglim": 19.823699951171875
        },
        {
            "jd": 2459630.6742477,
            "fid": 2,
            "diffmaglim": 18.902599334716797
        },
        {
            "jd": 2459630.7040741,
            "fid": 1,
            "diffmaglim": 18.364599227905273
        },
        {
            "jd": 2459638.744456,
            "fid": 2,
            "diffmaglim": 18.80150032043457
        },
        {
            "jd": 2459638.8440278,
            "fid": 1,
            "diffmaglim": 19.816099166870117
        },
        {
            "jd": 2459673.8290278,
            "fid": 1,
            "diffmaglim": 19.730300903320312
        },
        {
            "jd": 2459677.7458218,
            "fid": 1,
            "diffmaglim": 19.592199325561523
        },
        {
            "jd": 2459680.7047569,
            "fid": 2,
            "diffmaglim": 17.96489906311035
        },
        {
            "jd": 2459683.7659028,
            "fid": 1,
            "diffmaglim": 19.384000778198242
        },
        {
            "jd": 2459685.7191088,
            "fid": 2,
            "diffmaglim": 19.5393009185791
        },
        {
            "jd": 2459685.8276852,
            "fid": 1,
            "diffmaglim": 18.64900016784668
        },
        {
            "jd": 2459688.6788426,
            "fid": 1,
            "diffmaglim": 20.36709976196289
        },
        {
            "jd": 2459690.7628935,
            "fid": 1,
            "diffmaglim": 20.180700302124023
        }
    ],
    "forcedphot": []
}