{
    "objectId": "ZTF21acdxhuv",
    "candidates": [
        {
            "candid": 1725259840415015004,
            "jd": 2459479.7598495,
            "ra": 2.225899,
            "dec": 23.8166375,
            "fid": 2,
            "nid": 1725,
            "magpsf": 19.84320068359375,
            "sigmapsf": 0.2437790036201477,
            "magnr": 18.538999557495117,
            "sigmagnr": 0.0949999988079071,
            "magzpsci": 26.261199951171875,
            "isdiffpos": "t",
            "ssdistnr": null,
            "ssnamenr": null,
            "drb": null
        },
        {
            "candid": 1730264930415015004,
            "jd": 2459484.7649306,
            "ra": 2.2259235,
            "dec": 23.8166167,
            "fid": 2,
            "nid": 1730,
            "magpsf": 17.58930015563965,
            "sigmapsf": 0.036685001105070114,
            "magnr": 18.538999557495117,
            "sigmagnr": 0.0949999988079071,
            "magzpsci": 26.270299911499023,
            "isdiffpos": "t",
            "ssdistnr": null,
            "ssnamenr": null,
            "drb": null
        },
        {
            "candid": 1730371880415015004,
            "jd": 2459484.8718866,
            "ra": 2.2259218,
            "dec": 23.8166131,
            "fid": 1,
            "nid": 1730,
            "magpsf": 17.825599670410156,
            "sigmapsf": 0.04934199899435043,
            "magnr": 18.7810001373291,
            "sigmagnr": 0.10100000351667404,
            "magzpsci": 26.329599380493164,
            "isdiffpos": "t",
            "ssdistnr": null,
            "ssnamenr": null,
            "drb": null
        },
        {
            "candid": 1732282030415015003,
            "jd": 2459486.782037,
            "ra": 2.2259221,
            "dec": 23.8165932,
            "fid": 2,
            "nid": 1732,
            "magpsf": 17.353700637817383,
            "sigmapsf": 0.03783300146460533,
            "magnr": 18.538999557495117,
            "sigmagnr": 0.0949999988079071,
            "magzpsci": 26.314699172973633,
            "isdiffpos": "t",
            "ssdistnr": null,
            "ssnamenr": null,
            "drb": null
        },
        {
            "candid": 1732344740415015011,
            "jd": 2459486.8447454,
            "ra": 2.2258844,
            "dec": 23.8165828,
            "fid": 1,
            "nid": 1732,
            "magpsf": 17.613100051879883,
            "sigmapsf": 0.08558700233697891,
            "magnr": 18.7810001373291,
            "sigmagnr": 0.10100000351667404,
            "magzpsci": 25.430099487304688,
            "isdiffpos": "t",
            "ssdistnr": null,
            "ssnamenr": null,
            "drb": null
        },
        {
            "candid": 1734264880415015008,
            "jd": 2459488.7648843,
            "ra": 2.2259268,
            "dec": 23.8165937,
            "fid": 1,
            "nid": 1734,
            "magpsf": 17.559499740600586,
            "sigmapsf": 0.042507000267505646,
            "magnr": 18.7810001373291,
            "sigmagnr": 0.10100000351667404,
            "magzpsci": 26.388500213623047,
            "isdiffpos": "t",
            "ssdistnr": null,
            "ssnamenr": null,
            "drb": null
        },
        {
            "candid": 1734309170415015005,
            "jd": 2459488.8091782,
            "ra": 2.2259146,
            "dec": 23.8166011,
            "fid": 2,
            "nid": 1734,
            "magpsf": 17.180599212646484,
            "sigmapsf": 0.04535999894142151,
            "magnr": 18.538999557495117,
            "sigmagnr": 0.0949999988079071,
            "magzpsci": 26.313600540161133,
            "isdiffpos": "t",
            "ssdistnr": null,
            "ssnamenr": null,
            "drb": null
        },
        {
            "candid": 1736290650415015011,
            "jd": 2459490.7906597,
            "ra": 2.2259072,
            "dec": 23.8166105,
            "fid": 2,
            "nid": 1736,
            "magpsf": 17.1830997467041,
            "sigmapsf": 0.06723800301551819,
            "magnr": 18.538999557495117,
            "sigmagnr": 0.0949999988079071,
            "magzpsci": 25.076099395751953,
            "isdiffpos": "t",
            "ssdistnr": null,
            "ssnamenr": null,
            "drb": null
        },
        {
            "candid": 1736345790415015007,
            "jd": 2459490.8457986,
            "ra": 2.2259223,
            "dec": 23.8166019,
            "fid": 1,
            "nid": 1736,
            "magpsf": 17.508699417114258,
            "sigmapsf": 0.03866399824619293,
            "magnr": 18.7810001373291,
            "sigmagnr": 0.10100000351667404,
            "magzpsci": 26.385700225830078,
            "isdiffpos": "t",
            "ssdistnr": null,
            "ssnamenr": null,
            "drb": null
        },
        {
            "candid": 1743306140415015013,
            "jd": 2459497.8061458,
            "ra": 2.2259301,
            "dec": 23.8166053,
            "fid": 2,
            "nid": 1743,
            "magpsf": 16.967300415039062,
            "sigmapsf": 0.034807998687028885,
            "magnr": 18.538999557495117,
            "sigmagnr": 0.0949999988079071,
            "magzpsci": 26.319299697875977,
            "isdiffpos": "t",
            "ssdistnr": null,
            "ssnamenr": null,
            "drb": null
        },
        {
            "candid": 1743339420415015009,
            "jd": 2459497.8394213,
            "ra": 2.2259201,
            "dec": 23.8165871,
            "fid": 1,
            "nid": 1743,
            "magpsf": 17.5398006439209,
            "sigmapsf": 0.048551999032497406,
            "magnr": 18.7810001373291,
            "sigmagnr": 0.10100000351667404,
            "magzpsci": 26.393800735473633,
            "isdiffpos": "t",
            "ssdistnr": null,
            "ssnamenr": null,
            "drb": null
        },
        {
            "candid": 1748342410415015004,
            "jd": 2459502.842419,
            "ra": 2.2259482,
            "dec": 23.8165782,
            "fid": 2,
            "nid": 1748,
            "magpsf": 17.06719970703125,
            "sigmapsf": 0.033927999436855316,
            "magnr": 18.538999557495117,
            "sigmagnr": 0.0949999988079071,
            "magzpsci": 26.30120086669922,
            "isdiffpos": "t",
            "ssdistnr": null,
            "ssnamenr": null,
            "drb": null
        },
        {
            "candid": 1748382210415015004,
            "jd": 2459502.8822106,
            "ra": 2.2259155,
            "dec": 23.8165861,
            "fid": 1,
            "nid": 1748,
            "magpsf": 17.791400909423828,
            "sigmapsf": 0.05377500131726265,
            "magnr": 18.7810001373291,
            "sigmagnr": 0.10100000351667404,
            "magzpsci": 26.33139991760254,
            "isdiffpos": "t",
            "ssdistnr": null,
            "ssnamenr": null,
            "drb": null
        },
        {
            "candid": 1750256270415015002,
            "jd": 2459504.7562731,
            "ra": 2.2259233,
            "dec": 23.8166085,
            "fid": 1,
            "nid": 1750,
            "magpsf": 17.936100006103516,
            "sigmapsf": 0.06685400009155273,
            "magnr": 18.7810001373291,
            "sigmagnr": 0.10100000351667404,
            "magzpsci": 26.352100372314453,
            "isdiffpos": "t",
            "ssdistnr": null,
            "ssnamenr": null,
            "drb": null
        },
        {
            "candid": 1750310110415015001,
            "jd": 2459504.8101157,
            "ra": 2.2259332,
            "dec": 23.8166064,
            "fid": 2,
            "nid": 1750,
            "magpsf": 17.103599548339844,
            "sigmapsf": 0.04092799872159958,
            "magnr": 18.538999557495117,
            "sigmagnr": 0.0949999988079071,
            "magzpsci": 26.248600006103516,
            "isdiffpos": "t",
            "ssdistnr": null,
            "ssnamenr": null,
            "drb": null
        },
        {
            "candid": 1758150330415015002,
            "jd": 2459512.6503356,
            "ra": 2.2259193,
            "dec": 23.8166116,
            "fid": 2,
            "nid": 1758,
            "magpsf": 17.46540069580078,
            "sigmapsf": 0.042869001626968384,
            "magnr": 18.538999557495117,
            "sigmagnr": 0.0949999988079071,
            "magzpsci": 26.295400619506836,
            "isdiffpos": "t",
            "ssdistnr": null,
            "ssnamenr": null,
            "drb": null
        },
        {
            "candid": 1758191280415015006,
            "jd": 2459512.6912847,
            "ra": 2.2259282,
            "dec": 23.8166071,
            "fid": 1,
            "nid": 1758,
            "magpsf": 18.510799407958984,
            "sigmapsf": 0.07716800272464752,
            "magnr": 18.7810001373291,
            "sigmagnr": 0.10100000351667404,
            "magzpsci": 26.412799835205078,
            "isdiffpos": "t",
            "ssdistnr": null,
            "ssnamenr": null,
            "drb": null
        },
        {
            "candid": 1764265990415015013,
            "jd": 2459518.7659954,
            "ra": 2.2259222,
            "dec": 23.8165839,
            "fid": 1,
            "nid": 1764,
            "magpsf": 18.998899459838867,
            "sigmapsf": 0.07773000001907349,
            "magnr": 18.7810001373291,
            "sigmagnr": 0.10100000351667404,
            "magzpsci": 26.436899185180664,
            "isdiffpos": "t",
            "ssdistnr": null,
            "ssnamenr": null,
            "drb": null
        },
        {
            "candid": 1764304710415015005,
            "jd": 2459518.8047106,
            "ra": 2.2259267,
            "dec": 23.8166019,
            "fid": 2,
            "nid": 1764,
            "magpsf": 17.846099853515625,
            "sigmapsf": 0.04644300043582916,
            "magnr": 18.538999557495117,
            "sigmagnr": 0.0949999988079071,
            "magzpsci": 26.32710075378418,
            "isdiffpos": "t",
            "ssdistnr": null,
            "ssnamenr": null,
            "drb": null
        },
        {
            "candid": 1767159840415015003,
            "jd": 2459521.6598495,
            "ra": 2.2259195,
            "dec": 23.8166006,
            "fid": 2,
            "nid": 1767,
            "magpsf": 18.024999618530273,
            "sigmapsf": 0.0444599986076355,
            "magnr": 18.538999557495117,
            "sigmagnr": 0.0949999988079071,
            "magzpsci": 26.32900047302246,
            "isdiffpos": "t",
            "ssdistnr": null,
            "ssnamenr": null,
            "drb": null
        },
        {
            "candid": 1767210600415015003,
            "jd": 2459521.7106019,
            "ra": 2.2259323,
            "dec": 23.8166026,
            "fid": 1,
            "nid": 1767,
            "magpsf": 19.10849952697754,
            "sigmapsf": 0.08483300358057022,
            "magnr": 18.7810001373291,
            "sigmagnr": 0.10100000351667404,
            "magzpsci": 26.421499252319336,
            "isdiffpos": "t",
            "ssdistnr": null,
            "ssnamenr": null,
            "drb": null
        },
        {
            "candid": 1769135420415015006,
            "jd": 2459523.6354282,
            "ra": 2.2259304,
            "dec": 23.8165989,
            "fid": 2,
            "nid": 1769,
            "magpsf": 18.060699462890625,
            "sigmapsf": 0.04867500066757202,
            "magnr": 18.538999557495117,
            "sigmagnr": 0.0949999988079071,
            "magzpsci": 26.325700759887695,
            "isdiffpos": "t",
            "ssdistnr": null,
            "ssnamenr": null,
            "drb": null
        },
        {
            "candid": 1769193710415015007,
            "jd": 2459523.6937153,
            "ra": 2.2259298,
            "dec": 23.8166071,
            "fid": 1,
            "nid": 1769,
            "magpsf": 19.15730094909668,
            "sigmapsf": 0.07478199899196625,
            "magnr": 18.7810001373291,
            "sigmagnr": 0.10100000351667404,
            "magzpsci": 26.44230079650879,
            "isdiffpos": "t",
            "ssdistnr": null,
            "ssnamenr": null,
            "drb": null
        },
        {
            "candid": 1771161890415015001,
            "jd": 2459525.6618981,
            "ra": 2.2259133,
            "dec": 23.8166179,
            "fid": 2,
            "nid": 1771,
            "magpsf": 18.15049934387207,
            "sigmapsf": 0.048535000532865524,
            "magnr": 18.538999557495117,
            "sigmagnr": 0.0949999988079071,
            "magzpsci": 26.340499877929688,
            "isdiffpos": "t",
            "ssdistnr": null,
            "ssnamenr": null,
            "drb": null
        },
        {
            "candid": 1771191590415015007,
            "jd": 2459525.6915972,
            "ra": 2.2259408,
            "dec": 23.8165765,
            "fid": 1,
            "nid": 1771,
            "magpsf": 19.253000259399414,
            "sigmapsf": 0.0890519991517067,
            "magnr": 18.7810001373291,
            "sigmagnr": 0.10100000351667404,
            "magzpsci": 26.450000762939453,
            "isdiffpos": "t",
            "ssdistnr": null,
            "ssnamenr": null,
            "drb": null
        },
        {
            "candid": 1773190680415015003,
            "jd": 2459527.6906829,
            "ra": 2.2259232,
            "dec": 23.8166091,
            "fid": 2,
            "nid": 1773,
            "magpsf": 18.2322998046875,
            "sigmapsf": 0.06258299946784973,
            "magnr": 18.538999557495117,
            "sigmagnr": 0.0949999988079071,
            "magzpsci": 26.33930015563965,
            "isdiffpos": "t",
            "ssdistnr": null,
            "ssnamenr": null,
            "drb": null
        },
        {
            "candid": 1773213530415015006,
            "jd": 2459527.7135301,
            "ra": 2.2259193,
            "dec": 23.8165921,
            "fid": 1,
            "nid": 1773,
            "magpsf": 19.344999313354492,
            "sigmapsf": 0.10249900072813034,
            "magnr": 18.7810001373291,
            "sigmagnr": 0.10100000351667404,
            "magzpsci": 26.38800048828125,
            "isdiffpos": "t",
            "ssdistnr": null,
            "ssnamenr": null,
            "drb": null
        },
        {
            "candid": 1776138920415015002,
            "jd": 2459530.6389236,
            "ra": 2.2259479,
            "dec": 23.8166309,
            "fid": 1,
            "nid": 1776,
            "magpsf": 19.250900268554688,
            "sigmapsf": 0.12266799807548523,
            "magnr": 19.242000579833984,
            "sigmagnr": 0.11599999666213989,
            "magzpsci": 26.409900665283203,
            "isdiffpos": "t",
            "ssdistnr": null,
            "ssnamenr": null,
            "drb": null
        },
        {
            "candid": 1776235500415015005,
            "jd": 2459530.7355093,
            "ra": 2.2259159,
            "dec": 23.8165689,
            "fid": 2,
            "nid": 1776,
            "magpsf": 18.300100326538086,
            "sigmapsf": 0.05547500029206276,
            "magnr": 18.538999557495117,
            "sigmagnr": 0.0949999988079071,
            "magzpsci": 26.328100204467773,
            "isdiffpos": "t",
            "ssdistnr": null,
            "ssnamenr": null,
            "drb": null
        },
        {
            "candid": 1778139020415015002,
            "jd": 2459532.6390278,
            "ra": 2.2259261,
            "dec": 23.8165916,
            "fid": 2,
            "nid": 1778,
            "magpsf": 18.326000213623047,
            "sigmapsf": 0.07828100025653839,
            "magnr": 18.538999557495117,
            "sigmagnr": 0.0949999988079071,
            "magzpsci": 26.32200050354004,
            "isdiffpos": "t",
            "ssdistnr": null,
            "ssnamenr": null,
            "drb": null
        },
        {
            "candid": 1778195500415015001,
            "jd": 2459532.6955093,
            "ra": 2.2259435,
            "dec": 23.8165834,
            "fid": 1,
            "nid": 1778,
            "magpsf": 19.279600143432617,
            "sigmapsf": 0.15294599533081055,
            "magnr": 18.7810001373291,
            "sigmagnr": 0.10100000351667404,
            "magzpsci": 26.417600631713867,
            "isdiffpos": "t",
            "ssdistnr": null,
            "ssnamenr": null,
            "drb": null
        },
        {
            "candid": 1783331040415015002,
            "jd": 2459537.8310417,
            "ra": 2.2259444,
            "dec": 23.8166175,
            "fid": 2,
            "nid": 1783,
            "magpsf": 18.384199142456055,
            "sigmapsf": 0.08556099981069565,
            "magnr": 18.538999557495117,
            "sigmagnr": 0.0949999988079071,
            "magzpsci": 25.845199584960938,
            "isdiffpos": "t",
            "ssdistnr": null,
            "ssnamenr": null,
            "drb": null
        },
        {
            "candid": 1786170900415015005,
            "jd": 2459540.6709028,
            "ra": 2.2259272,
            "dec": 23.8165512,
            "fid": 2,
            "nid": 1786,
            "magpsf": 18.58340072631836,
            "sigmapsf": 0.08288200199604034,
            "magnr": 18.538999557495117,
            "sigmagnr": 0.0949999988079071,
            "magzpsci": 26.339399337768555,
            "isdiffpos": "t",
            "ssdistnr": null,
            "ssnamenr": null,
            "drb": null
        },
        {
            "candid": 1786246810415015005,
            "jd": 2459540.7468171,
            "ra": 2.2259381,
            "dec": 23.8165879,
            "fid": 1,
            "nid": 1786,
            "magpsf": 19.351499557495117,
            "sigmapsf": 0.15041199326515198,
            "magnr": 18.7810001373291,
            "sigmagnr": 0.10100000351667404,
            "magzpsci": 26.39150047302246,
            "isdiffpos": "t",
            "ssdistnr": null,
            "ssnamenr": null,
            "drb": null
        },
        {
            "candid": 1789137540415015005,
            "jd": 2459543.6375463,
            "ra": 2.2259603,
            "dec": 23.8165611,
            "fid": 2,
            "nid": 1789,
            "magpsf": 18.646150588989258,
            "sigmapsf": 0.0790330022573471,
            "magnr": 18.538999557495117,
            "sigmagnr": 0.0949999988079071,
            "magzpsci": 26.314149856567383,
            "isdiffpos": "t",
            "ssdistnr": -999.0,
            "ssnamenr": "null",
            "drb": null
        },
        {
            "jd": 2459455.8387963,
            "fid": 1,
            "diffmaglim": 20.36709976196289
        },
        {
            "jd": 2459459.8223032,
            "fid": 1,
            "diffmaglim": 20.918800354003906
        },
        {
            "jd": 2459459.8624306,
            "fid": 2,
            "diffmaglim": 20.85930061340332
        },
        {
            "jd": 2459461.7622801,
            "fid": 1,
            "diffmaglim": 20.535900115966797
        },
        {
            "jd": 2459461.8702546,
            "fid": 2,
            "diffmaglim": 20.794300079345703
        },
        {
            "jd": 2459463.8199653,
            "fid": 2,
            "diffmaglim": 20.786100387573242
        },
        {
            "jd": 2459463.8717708,
            "fid": 1,
            "diffmaglim": 20.96820068359375
        },
        {
            "jd": 2459465.8561574,
            "fid": 2,
            "diffmaglim": 20.621700286865234
        },
        {
            "jd": 2459465.9042708,
            "fid": 1,
            "diffmaglim": 20.757400512695312
        },
        {
            "jd": 2459467.8591782,
            "fid": 2,
            "diffmaglim": 20.832000732421875
        },
        {
            "jd": 2459469.8584722,
            "fid": 2,
            "diffmaglim": 20.795799255371094
        },
        {
            "jd": 2459471.9262963,
            "fid": 2,
            "diffmaglim": 20.575599670410156
        },
        {
            "jd": 2459474.7805324,
            "fid": 2,
            "diffmaglim": 20.237899780273438
        },
        {
            "jd": 2459474.8872801,
            "fid": 1,
            "diffmaglim": 20.266199111938477
        },
        {
            "jd": 2459477.758588,
            "fid": 2,
            "diffmaglim": 19.670000076293945
        },
        {
            "jd": 2459477.8152083,
            "fid": 1,
            "diffmaglim": 19.516799926757812
        },
        {
            "jd": 2459479.7175116,
            "fid": 1,
            "diffmaglim": 19.12070083618164
        },
        {
            "jd": 2459537.7139352,
            "fid": 1,
            "diffmaglim": 18.7992000579834
        }
    ],
    "forcedphot": []
}