{
    "objectId": "ZTF22aaaivuk",
    "candidates": [
        {
            "candid": 1868378990615015008,
            "jd": 2459622.8789931,
            "ra": 171.1220704,
            "dec": -6.0596584,
            "fid": 1,
            "nid": 1868,
            "magpsf": 18.963499069213867,
            "sigmapsf": 0.1411380022764206,
            "magnr": 20.13800048828125,
            "sigmagnr": 0.07400000095367432,
            "magzpsci": 26.326499938964844,
            "isdiffpos": "t",
            "ssdistnr": null,
            "ssnamenr": null,
            "drb": 0.9991160035133362
        },
        {
            "candid": 1868399370615015014,
            "jd": 2459622.899375,
            "ra": 171.1220984,
            "dec": -6.0596521,
            "fid": 2,
            "nid": 1868,
            "magpsf": 18.878700256347656,
            "sigmapsf": 0.12617500126361847,
            "magnr": 20.44099998474121,
            "sigmagnr": 0.14100000262260437,
            "magzpsci": 26.25670051574707,
            "isdiffpos": "t",
            "ssdistnr": null,
            "ssnamenr": null,
            "drb": null
        },
        {
            "candid": 1870296530615015006,
            "jd": 2459624.7965394,
            "ra": 171.1221262,
            "dec": -6.0595491,
            "fid": 1,
            "nid": 1870,
            "magpsf": 18.88789939880371,
            "sigmapsf": 0.15875500440597534,
            "magnr": 20.13800048828125,
            "sigmagnr": 0.07400000095367432,
            "magzpsci": 26.252899169921875,
            "isdiffpos": "t",
            "ssdistnr": null,
            "ssnamenr": null,
            "drb": null
        },
        {
            "candid": 1876379460615015013,
            "jd": 2459630.8794676,
            "ra": 171.1220579,
            "dec": -6.0595932,
            "fid": 1,
            "nid": 1876,
            "magpsf": 18.797000885009766,
            "sigmapsf": 0.10482899844646454,
            "magnr": 20.13800048828125,
            "sigmagnr": 0.07400000095367432,
            "magzpsci": 26.34600067138672,
            "isdiffpos": "t",
            "ssdistnr": null,
            "ssnamenr": null,
            "drb": null
        },
        {
            "candid": 1885254980615015013,
            "jd": 2459639.7549884,
            "ra": 171.1220346,
            "dec": -6.0596142,
            "fid": 2,
            "nid": 1885,
            "magpsf": 18.595199584960938,
            "sigmapsf": 0.11942200362682343,
            "magnr": 20.44099998474121,
            "sigmagnr": 0.14100000262260437,
            "magzpsci": 26.21419906616211,
            "isdiffpos": "t",
            "ssdistnr": null,
            "ssnamenr": null,
            "drb": null
        },
        {
            "candid": 1885333760615015014,
            "jd": 2459639.8337616,
            "ra": 171.1221246,
            "dec": -6.0595925,
            "fid": 1,
            "nid": 1885,
            "magpsf": 18.79669952392578,
            "sigmapsf": 0.10335899889469147,
            "magnr": 20.13800048828125,
            "sigmagnr": 0.07400000095367432,
            "magzpsci": 26.321699142456055,
            "isdiffpos": "t",
            "ssdistnr": null,
            "ssnamenr": null,
            "drb": null
        },
        {
            "candid": 1887314660615015022,
            "jd": 2459641.8146644,
            "ra": 171.1220541,
            "dec": -6.0596018,
            "fid": 2,
            "nid": 1887,
            "magpsf": 18.572710037231445,
            "sigmapsf": 0.07200100272893906,
            "magnr": 20.44099998474121,
            "sigmagnr": 0.14100000262260437,
            "magzpsci": 26.208709716796875,
            "isdiffpos": "t",
            "ssdistnr": -999.0,
            "ssnamenr": "null",
            "drb": null
        },
        {
            "candid": 1917398950615015024,
            "jd": 2459671.8989583,
            "ra": 171.1221269,
            "dec": -6.059657,
            "fid": 1,
            "nid": 1917,
            "magpsf": 19.162700653076172,
            "sigmapsf": 0.09730000048875809,
            "magnr": 20.13800048828125,
            "sigmagnr": 0.07400000095367432,
            "magzpsci": 26.20870018005371,
            "isdiffpos": "t",
            "ssdistnr": null,
            "ssnamenr": null,
            "drb": 0.999987006187439
        },
        {
            "candid": 1917398950615025016,
            "jd": 2459671.8989583,
            "ra": 171.1221243,
            "dec": -6.0596518,
            "fid": 1,
            "nid": 1917,
            "magpsf": 19.16069984436035,
            "sigmapsf": 0.10113099962472916,
            "magnr": 20.13800048828125,
            "sigmagnr": 0.07400000095367432,
            "magzpsci": 26.21269989013672,
            "isdiffpos": "t",
            "ssdistnr": null,
            "ssnamenr": null,
            "drb": null
        },
        {
            "candid": 1920300480615015020,
            "jd": 2459674.8004861,
            "ra": 171.1220763,
            "dec": -6.059602,
            "fid": 2,
            "nid": 1920,
            "magpsf": 18.547300338745117,
            "sigmapsf": 0.08455099910497665,
            "magnr": 20.44099998474121,
            "sigmagnr": 0.14100000262260437,
            "magzpsci": 26.2273006439209,
            "isdiffpos": "t",
            "ssdistnr": null,
            "ssnamenr": null,
            "drb": null
        },
        {
            "candid": 1922338500615015009,
            "jd": 2459676.8385069,
            "ra": 171.1221488,
            "dec": -6.0596185,
            "fid": 2,
            "nid": 1922,
            "magpsf": 18.64389991760254,
            "sigmapsf": 0.1360750049352646,
            "magnr": 20.44099998474121,
            "sigmagnr": 0.14100000262260437,
            "magzpsci": 26.13789939880371,
            "isdiffpos": "t",
            "ssdistnr": null,
            "ssnamenr": null,
            "drb": null
        },
        {
            "candid": 1924253360615015021,
            "jd": 2459678.7533681,
            "ra": 171.1220844,
            "dec": -6.0596061,
            "fid": 2,
            "nid": 1924,
            "magpsf": 18.59760093688965,
            "sigmapsf": 0.07147400081157684,
            "magnr": 20.44099998474121,
            "sigmagnr": 0.14100000262260437,
            "magzpsci": 26.17460060119629,
            "isdiffpos": "t",
            "ssdistnr": null,
            "ssnamenr": null,
            "drb": null
        },
        {
            "candid": 1924316640615015013,
            "jd": 2459678.8166435,
            "ra": 171.1220492,
            "dec": -6.0596101,
            "fid": 1,
            "nid": 1924,
            "magpsf": 19.216400146484375,
            "sigmapsf": 0.11364500224590302,
            "magnr": 20.13800048828125,
            "sigmagnr": 0.07400000095367432,
            "magzpsci": 26.24340057373047,
            "isdiffpos": "t",
            "ssdistnr": null,
            "ssnamenr": null,
            "drb": null
        },
        {
            "candid": 1931231180615015013,
            "jd": 2459685.7311806,
            "ra": 171.1220624,
            "dec": -6.0596086,
            "fid": 2,
            "nid": 1931,
            "magpsf": 18.5762996673584,
            "sigmapsf": 0.12660899758338928,
            "magnr": 20.44099998474121,
            "sigmagnr": 0.14100000262260437,
            "magzpsci": 26.235300064086914,
            "isdiffpos": "t",
            "ssdistnr": null,
            "ssnamenr": null,
            "drb": null
        },
        {
            "candid": 1934274880615015010,
            "jd": 2459688.7748843,
            "ra": 171.1220602,
            "dec": -6.0596118,
            "fid": 1,
            "nid": 1934,
            "magpsf": 19.379600524902344,
            "sigmapsf": 0.2263689935207367,
            "magnr": 20.13800048828125,
            "sigmagnr": 0.07400000095367432,
            "magzpsci": 26.30660057067871,
            "isdiffpos": "t",
            "ssdistnr": null,
            "ssnamenr": null,
            "drb": null
        },
        {
            "candid": 1936274520615015017,
            "jd": 2459690.7745255,
            "ra": 171.1221139,
            "dec": -6.0596377,
            "fid": 1,
            "nid": 1936,
            "magpsf": 19.424100875854492,
            "sigmapsf": 0.1398089975118637,
            "magnr": 20.13800048828125,
            "sigmagnr": 0.07400000095367432,
            "magzpsci": 26.2721004486084,
            "isdiffpos": "t",
            "ssdistnr": null,
            "ssnamenr": null,
            "drb": null
        },
        {
            "candid": 1940232140615015015,
            "jd": 2459694.7321412,
            "ra": 171.1220689,
            "dec": -6.0595979,
            "fid": 2,
            "nid": 1940,
            "magpsf": 18.778200149536133,
            "sigmapsf": 0.08320699632167816,
            "magnr": 20.44099998474121,
            "sigmagnr": 0.14100000262260437,
            "magzpsci": 26.147199630737305,
            "isdiffpos": "t",
            "ssdistnr": null,
            "ssnamenr": null,
            "drb": null
        },
        {
            "candid": 1942191220615015014,
            "jd": 2459696.6912269,
            "ra": 171.1220576,
            "dec": -6.059626,
            "fid": 1,
            "nid": 1942,
            "magpsf": 19.556699752807617,
            "sigmapsf": 0.1379839926958084,
            "magnr": 20.13800048828125,
            "sigmagnr": 0.07400000095367432,
            "magzpsci": 26.290700912475586,
            "isdiffpos": "t",
            "ssdistnr": null,
            "ssnamenr": null,
            "drb": null
        },
        {
            "candid": 1945210920615015015,
            "jd": 2459699.7109259,
            "ra": 171.1220947,
            "dec": -6.059643,
            "fid": 1,
            "nid": 1945,
            "magpsf": 19.699499130249023,
            "sigmapsf": 0.11913499981164932,
            "magnr": 20.13800048828125,
            "sigmagnr": 0.07400000095367432,
            "magzpsci": 26.24449920654297,
            "isdiffpos": "t",
            "ssdistnr": null,
            "ssnamenr": null,
            "drb": null
        },
        {
            "candid": 1945255590615015019,
            "jd": 2459699.7555903,
            "ra": 171.1220673,
            "dec": -6.0596242,
            "fid": 2,
            "nid": 1945,
            "magpsf": 18.814199447631836,
            "sigmapsf": 0.0859140008687973,
            "magnr": 20.44099998474121,
            "sigmagnr": 0.14100000262260437,
            "magzpsci": 26.14419937133789,
            "isdiffpos": "t",
            "ssdistnr": null,
            "ssnamenr": null,
            "drb": null
        },
        {
            "candid": 1947213570615015016,
            "jd": 2459701.7135764,
            "ra": 171.122101,
            "dec": -6.0596415,
            "fid": 2,
            "nid": 1947,
            "magpsf": 18.862899780273438,
            "sigmapsf": 0.09989199787378311,
            "magnr": 20.44099998474121,
            "sigmagnr": 0.14100000262260437,
            "magzpsci": 26.197900772094727,
            "isdiffpos": "t",
            "ssdistnr": null,
            "ssnamenr": null,
            "drb": null
        },
        {
            "candid": 1947255500615015010,
            "jd": 2459701.7555093,
            "ra": 171.1221298,
            "dec": -6.0596444,
            "fid": 1,
            "nid": 1947,
            "magpsf": 19.553600311279297,
            "sigmapsf": 0.13465799391269684,
            "magnr": 20.13800048828125,
            "sigmagnr": 0.07400000095367432,
            "magzpsci": 26.223600387573242,
            "isdiffpos": "t",
            "ssdistnr": null,
            "ssnamenr": null,
            "drb": null
        },
        {
            "candid": 1949275330615015005,
            "jd": 2459703.7753356,
            "ra": 171.1220881,
            "dec": -6.0596354,
            "fid": 2,
            "nid": 1949,
            "magpsf": 18.85300064086914,
            "sigmapsf": 0.09871000051498413,
            "magnr": 20.44099998474121,
            "sigmagnr": 0.14100000262260437,
            "magzpsci": 26.15399932861328,
            "isdiffpos": "t",
            "ssdistnr": null,
            "ssnamenr": null,
            "drb": null
        },
        {
            "candid": 1954207970615015011,
            "jd": 2459708.7079745,
            "ra": 171.1220009,
            "dec": -6.0595831,
            "fid": 2,
            "nid": 1954,
            "magpsf": 18.8710994720459,
            "sigmapsf": 0.20728300511837006,
            "magnr": 20.44099998474121,
            "sigmagnr": 0.14100000262260437,
            "magzpsci": 26.228099822998047,
            "isdiffpos": "t",
            "ssdistnr": null,
            "ssnamenr": null,
            "drb": null
        },
        {
            "candid": 1954235750615015009,
            "jd": 2459708.7357523,
            "ra": 171.1221674,
            "dec": -6.0595534,
            "fid": 2,
            "nid": 1954,
            "magpsf": 18.879600524902344,
            "sigmapsf": 0.1948859989643097,
            "magnr": 20.44099998474121,
            "sigmagnr": 0.14100000262260437,
            "magzpsci": 26.197599411010742,
            "isdiffpos": "t",
            "ssdistnr": null,
            "ssnamenr": null,
            "drb": null
        },
        {
            "candid": 1958172740615015004,
            "jd": 2459712.6727431,
            "ra": 171.1221145,
            "dec": -6.0595983,
            "fid": 1,
            "nid": 1958,
            "magpsf": 19.8262996673584,
            "sigmapsf": 0.2761490046977997,
            "magnr": 20.13800048828125,
            "sigmagnr": 0.07400000095367432,
            "magzpsci": 26.33930015563965,
            "isdiffpos": "t",
            "ssdistnr": null,
            "ssnamenr": null,
            "drb": null
        },
        {
            "candid": 1963179940615015012,
            "jd": 2459717.6799421,
            "ra": 171.1220596,
            "dec": -6.0596764,
            "fid": 1,
            "nid": 1963,
            "magpsf": 19.882099151611328,
            "sigmapsf": 0.20013800263404846,
            "magnr": 20.13800048828125,
            "sigmagnr": 0.07400000095367432,
            "magzpsci": 26.306100845336914,
            "isdiffpos": "t",
            "ssdistnr": null,
            "ssnamenr": null,
            "drb": null
        },
        {
            "candid": 1965178130615015022,
            "jd": 2459719.6781366,
            "ra": 171.1220895,
            "dec": -6.0595952,
            "fid": 2,
            "nid": 1965,
            "magpsf": 19.013599395751953,
            "sigmapsf": 0.09330199658870697,
            "magnr": 20.44099998474121,
            "sigmagnr": 0.14100000262260437,
            "magzpsci": 26.230600357055664,
            "isdiffpos": "t",
            "ssdistnr": null,
            "ssnamenr": null,
            "drb": null
        },
        {
            "candid": 1965212120615015008,
            "jd": 2459719.7121296,
            "ra": 171.1220853,
            "dec": -6.0596162,
            "fid": 2,
            "nid": 1965,
            "magpsf": 18.986400604248047,
            "sigmapsf": 0.09955299645662308,
            "magnr": 20.44099998474121,
            "sigmagnr": 0.14100000262260437,
            "magzpsci": 26.2283992767334,
            "isdiffpos": "t",
            "ssdistnr": null,
            "ssnamenr": null,
            "drb": null
        },
        {
            "candid": 1970233740615015018,
            "jd": 2459724.73375,
            "ra": 171.1220824,
            "dec": -6.05959,
            "fid": 2,
            "nid": 1970,
            "magpsf": 19.13800048828125,
            "sigmapsf": 0.13368800282478333,
            "magnr": 20.44099998474121,
            "sigmagnr": 0.14100000262260437,
            "magzpsci": 26.128999710083008,
            "isdiffpos": "t",
            "ssdistnr": null,
            "ssnamenr": null,
            "drb": null
        },
        {
            "candid": 1972195210615015019,
            "jd": 2459726.6952199,
            "ra": 171.1220809,
            "dec": -6.0596137,
            "fid": 2,
            "nid": 1972,
            "magpsf": 19.188100814819336,
            "sigmapsf": 0.09599900245666504,
            "magnr": 20.44099998474121,
            "sigmagnr": 0.14100000262260437,
            "magzpsci": 26.239099502563477,
            "isdiffpos": "t",
            "ssdistnr": null,
            "ssnamenr": null,
            "drb": null
        },
        {
            "candid": 1972213580615015016,
            "jd": 2459726.713588,
            "ra": 171.1221564,
            "dec": -6.0596648,
            "fid": 1,
            "nid": 1972,
            "magpsf": 20.074899673461914,
            "sigmapsf": 0.2006780058145523,
            "magnr": 20.13800048828125,
            "sigmagnr": 0.07400000095367432,
            "magzpsci": 26.28689956665039,
            "isdiffpos": "t",
            "ssdistnr": null,
            "ssnamenr": null,
            "drb": null
        },
        {
            "candid": 1977235720615015018,
            "jd": 2459731.7357292,
            "ra": 171.1220934,
            "dec": -6.0596576,
            "fid": 2,
            "nid": 1977,
            "magpsf": 19.36039924621582,
            "sigmapsf": 0.1602489948272705,
            "magnr": 20.44099998474121,
            "sigmagnr": 0.14100000262260437,
            "magzpsci": 26.154399871826172,
            "isdiffpos": "t",
            "ssdistnr": null,
            "ssnamenr": null,
            "drb": null
        },
        {
            "candid": 1979212830615015018,
            "jd": 2459733.7128356,
            "ra": 171.122116,
            "dec": -6.059598,
            "fid": 2,
            "nid": 1979,
            "magpsf": 19.295900344848633,
            "sigmapsf": 0.1537420004606247,
            "magnr": 20.44099998474121,
            "sigmagnr": 0.14100000262260437,
            "magzpsci": 26.212900161743164,
            "isdiffpos": "t",
            "ssdistnr": null,
            "ssnamenr": null,
            "drb": null
        },
        {
            "candid": 1981237430615015018,
            "jd": 2459735.7374306,
            "ra": 171.1220756,
            "dec": -6.0596242,
            "fid": 2,
            "nid": 1981,
            "magpsf": 19.211000442504883,
            "sigmapsf": 0.1303119957447052,
            "magnr": 20.44099998474121,
            "sigmagnr": 0.14100000262260437,
            "magzpsci": 26.150999069213867,
            "isdiffpos": "t",
            "ssdistnr": null,
            "ssnamenr": null,
            "drb": null
        },
        {
            "candid": 1986185740615015008,
            "jd": 2459740.6857407,
            "ra": 171.1221362,
            "dec": -6.0596515,
            "fid": 2,
            "nid": 1986,
            "magpsf": 19.456069946289062,
            "sigmapsf": 0.20506499707698822,
            "magnr": 20.44099998474121,
            "sigmagnr": 0.14100000262260437,
            "magzpsci": 26.17906951904297,
            "isdiffpos": "t",
            "ssdistnr": -999.0,
            "ssnamenr": "null",
            "drb": null
        },
        {
            "jd": 2459685.8163426,
            "fid": 1,
            "diffmaglim": 18.507400512695312
        },
        {
            "jd": 2459714.791412,
            "fid": 1,
            "diffmaglim": 18.621599197387695
        },
        {
            "jd": 2459722.6962269,
            "fid": 1,
            "diffmaglim": 20.079099655151367
        },
        {
            "jd": 2459724.6914352,
            "fid": 1,
            "diffmaglim": 20.088899612426758
        }
    ],
    "forcedphot": []
}