{
    "objectId": "ZTF23abjzkmx",
    "candidates": [
        {
            "candid": 2478461604415015006,
            "jd": 2460232.9616088,
            "ra": 107.3271863,
            "dec": 20.6338482,
            "fid": 1,
            "nid": 2478,
            "magpsf": 19.91699981689453,
            "sigmapsf": 0.19297200441360474,
            "magnr": 20.145000457763672,
            "sigmagnr": 0.10999999940395355,
            "magzpsci": 26.374000549316406,
            "isdiffpos": "t",
            "ssdistnr": null,
            "ssnamenr": null,
            "drb": 0.9995460510253906
        },
        {
            "candid": 2478503184415015004,
            "jd": 2460233.0031829,
            "ra": 107.3271359,
            "dec": 20.6338521,
            "fid": 2,
            "nid": 2478,
            "magpsf": 19.50790023803711,
            "sigmapsf": 0.12163999676704407,
            "magnr": 18.808000564575195,
            "sigmagnr": 0.08399999886751175,
            "magzpsci": 26.375900268554688,
            "isdiffpos": "t",
            "ssdistnr": null,
            "ssnamenr": null,
            "drb": null
        },
        {
            "candid": 2480433364415015001,
            "jd": 2460234.9333681,
            "ra": 107.3271578,
            "dec": 20.6338492,
            "fid": 2,
            "nid": 2480,
            "magpsf": 19.141199111938477,
            "sigmapsf": 0.08985800296068192,
            "magnr": 18.808000564575195,
            "sigmagnr": 0.08399999886751175,
            "magzpsci": 26.349199295043945,
            "isdiffpos": "t",
            "ssdistnr": null,
            "ssnamenr": null,
            "drb": null
        },
        {
            "candid": 2480461744415015001,
            "jd": 2460234.9617477,
            "ra": 107.3271606,
            "dec": 20.6338342,
            "fid": 1,
            "nid": 2480,
            "magpsf": 19.514299392700195,
            "sigmapsf": 0.12040799856185913,
            "magnr": 20.145000457763672,
            "sigmagnr": 0.10999999940395355,
            "magzpsci": 26.377300262451172,
            "isdiffpos": "t",
            "ssdistnr": null,
            "ssnamenr": null,
            "drb": null
        },
        {
            "candid": 2482414724415015010,
            "jd": 2460236.9147222,
            "ra": 107.3271269,
            "dec": 20.6337577,
            "fid": 1,
            "nid": 2482,
            "magpsf": 19.172500610351562,
            "sigmapsf": 0.11472199857234955,
            "magnr": 20.145000457763672,
            "sigmagnr": 0.10999999940395355,
            "magzpsci": 26.3435001373291,
            "isdiffpos": "t",
            "ssdistnr": null,
            "ssnamenr": null,
            "drb": null
        },
        {
            "candid": 2482495614415015001,
            "jd": 2460236.9956134,
            "ra": 107.3271434,
            "dec": 20.6338245,
            "fid": 2,
            "nid": 2482,
            "magpsf": 18.725900650024414,
            "sigmapsf": 0.06550399959087372,
            "magnr": 18.808000564575195,
            "sigmagnr": 0.08399999886751175,
            "magzpsci": 26.377899169921875,
            "isdiffpos": "t",
            "ssdistnr": null,
            "ssnamenr": null,
            "drb": null
        },
        {
            "candid": 2484440674415015002,
            "jd": 2460238.9406713,
            "ra": 107.327129,
            "dec": 20.6338053,
            "fid": 1,
            "nid": 2484,
            "magpsf": 19.08639907836914,
            "sigmapsf": 0.09562999755144119,
            "magnr": 20.145000457763672,
            "sigmagnr": 0.10999999940395355,
            "magzpsci": 26.36440086364746,
            "isdiffpos": "t",
            "ssdistnr": null,
            "ssnamenr": null,
            "drb": null
        },
        {
            "candid": 2484487624415015001,
            "jd": 2460238.9876273,
            "ra": 107.3271337,
            "dec": 20.6338392,
            "fid": 2,
            "nid": 2484,
            "magpsf": 18.561399459838867,
            "sigmapsf": 0.0692249983549118,
            "magnr": 18.808000564575195,
            "sigmagnr": 0.08399999886751175,
            "magzpsci": 26.378400802612305,
            "isdiffpos": "t",
            "ssdistnr": null,
            "ssnamenr": null,
            "drb": null
        },
        {
            "candid": 2487431484415015002,
            "jd": 2460241.9314815,
            "ra": 107.3271871,
            "dec": 20.6337745,
            "fid": 2,
            "nid": 2487,
            "magpsf": 18.47319984436035,
            "sigmapsf": 0.07021000236272812,
            "magnr": 18.808000564575195,
            "sigmagnr": 0.08399999886751175,
            "magzpsci": 26.349199295043945,
            "isdiffpos": "t",
            "ssdistnr": null,
            "ssnamenr": null,
            "drb": null
        },
        {
            "candid": 2487471284415015001,
            "jd": 2460241.9712847,
            "ra": 107.3271202,
            "dec": 20.6337833,
            "fid": 1,
            "nid": 2487,
            "magpsf": 19.047100067138672,
            "sigmapsf": 0.12376999855041504,
            "magnr": 20.145000457763672,
            "sigmagnr": 0.10999999940395355,
            "magzpsci": 26.37809944152832,
            "isdiffpos": "t",
            "ssdistnr": null,
            "ssnamenr": null,
            "drb": null
        },
        {
            "candid": 2491471964415015002,
            "jd": 2460245.9719676,
            "ra": 107.3271981,
            "dec": 20.6338847,
            "fid": 1,
            "nid": 2491,
            "magpsf": 19.33989906311035,
            "sigmapsf": 0.23439399898052216,
            "magnr": 20.145000457763672,
            "sigmagnr": 0.10999999940395355,
            "magzpsci": 26.40690040588379,
            "isdiffpos": "t",
            "ssdistnr": null,
            "ssnamenr": null,
            "drb": null
        },
        {
            "candid": 2491485354415015002,
            "jd": 2460245.9853588,
            "ra": 107.3271168,
            "dec": 20.633831,
            "fid": 2,
            "nid": 2491,
            "magpsf": 18.481399536132812,
            "sigmapsf": 0.08361899852752686,
            "magnr": 18.808000564575195,
            "sigmagnr": 0.08399999886751175,
            "magzpsci": 26.381399154663086,
            "isdiffpos": "t",
            "ssdistnr": null,
            "ssnamenr": null,
            "drb": null
        },
        {
            "candid": 2494462174415015012,
            "jd": 2460248.9621759,
            "ra": 107.3271374,
            "dec": 20.6338022,
            "fid": 2,
            "nid": 2494,
            "magpsf": 18.548900604248047,
            "sigmapsf": 0.07981400191783905,
            "magnr": 18.808000564575195,
            "sigmagnr": 0.08399999886751175,
            "magzpsci": 26.39889907836914,
            "isdiffpos": "t",
            "ssdistnr": null,
            "ssnamenr": null,
            "drb": null
        },
        {
            "candid": 2499445054415015005,
            "jd": 2460253.9450579,
            "ra": 107.3270697,
            "dec": 20.6338228,
            "fid": 1,
            "nid": 2499,
            "magpsf": 19.761199951171875,
            "sigmapsf": 0.14395999908447266,
            "magnr": 20.145000457763672,
            "sigmagnr": 0.10999999940395355,
            "magzpsci": 26.404199600219727,
            "isdiffpos": "t",
            "ssdistnr": null,
            "ssnamenr": null,
            "drb": null
        },
        {
            "candid": 2499483714415015002,
            "jd": 2460253.9837153,
            "ra": 107.3271436,
            "dec": 20.6338204,
            "fid": 2,
            "nid": 2499,
            "magpsf": 18.731300354003906,
            "sigmapsf": 0.07333400100469589,
            "magnr": 18.808000564575195,
            "sigmagnr": 0.08399999886751175,
            "magzpsci": 26.390300750732422,
            "isdiffpos": "t",
            "ssdistnr": null,
            "ssnamenr": null,
            "drb": null
        },
        {
            "candid": 2504384164415015002,
            "jd": 2460258.8841667,
            "ra": 107.3270784,
            "dec": 20.633831,
            "fid": 1,
            "nid": 2504,
            "magpsf": 20.30459976196289,
            "sigmapsf": 0.22991499304771423,
            "magnr": 20.145000457763672,
            "sigmagnr": 0.10999999940395355,
            "magzpsci": 26.35059928894043,
            "isdiffpos": "t",
            "ssdistnr": null,
            "ssnamenr": null,
            "drb": null
        },
        {
            "candid": 2504435934415015006,
            "jd": 2460258.9359375,
            "ra": 107.3271582,
            "dec": 20.6338286,
            "fid": 2,
            "nid": 2504,
            "magpsf": 19.023700714111328,
            "sigmapsf": 0.09567199647426605,
            "magnr": 18.808000564575195,
            "sigmagnr": 0.08399999886751175,
            "magzpsci": 26.37470054626465,
            "isdiffpos": "t",
            "ssdistnr": null,
            "ssnamenr": null,
            "drb": null
        },
        {
            "candid": 2506429284415015006,
            "jd": 2460260.9292824,
            "ra": 107.3271635,
            "dec": 20.6338248,
            "fid": 2,
            "nid": 2506,
            "magpsf": 19.159900665283203,
            "sigmapsf": 0.08938100188970566,
            "magnr": 18.808000564575195,
            "sigmagnr": 0.08399999886751175,
            "magzpsci": 26.386899948120117,
            "isdiffpos": "t",
            "ssdistnr": null,
            "ssnamenr": null,
            "drb": null
        },
        {
            "candid": 2508427534415015003,
            "jd": 2460262.9275347,
            "ra": 107.327124,
            "dec": 20.63385,
            "fid": 1,
            "nid": 2508,
            "magpsf": 20.837200164794922,
            "sigmapsf": 0.31542301177978516,
            "magnr": 20.145000457763672,
            "sigmagnr": 0.10999999940395355,
            "magzpsci": 26.403200149536133,
            "isdiffpos": "t",
            "ssdistnr": null,
            "ssnamenr": null,
            "drb": null
        },
        {
            "candid": 2508467584415015007,
            "jd": 2460262.967581,
            "ra": 107.3271413,
            "dec": 20.6338381,
            "fid": 2,
            "nid": 2508,
            "magpsf": 19.271900177001953,
            "sigmapsf": 0.08967900276184082,
            "magnr": 18.808000564575195,
            "sigmagnr": 0.08399999886751175,
            "magzpsci": 26.386899948120117,
            "isdiffpos": "t",
            "ssdistnr": null,
            "ssnamenr": null,
            "drb": null
        },
        {
            "candid": 2533274174415015006,
            "jd": 2460287.7741782,
            "ra": 107.3271854,
            "dec": 20.6338719,
            "fid": 2,
            "nid": 2533,
            "magpsf": 19.793106079101562,
            "sigmapsf": 0.15159562230110168,
            "magnr": 18.808000564575195,
            "sigmagnr": 0.08399999886751175,
            "magzpsci": 26.338106155395508,
            "isdiffpos": "t",
            "ssdistnr": -999.0,
            "ssnamenr": "null",
            "drb": null
        },
        {
            "jd": 2460210.0021528,
            "fid": 2,
            "diffmaglim": 16.228599548339844
        },
        {
            "jd": 2460213.9497685,
            "fid": 1,
            "diffmaglim": 20.330900192260742
        },
        {
            "jd": 2460214.0015162,
            "fid": 2,
            "diffmaglim": 20.557300567626953
        },
        {
            "jd": 2460220.9778588,
            "fid": 1,
            "diffmaglim": 19.48590087890625
        },
        {
            "jd": 2460220.9829167,
            "fid": 2,
            "diffmaglim": 19.63949966430664
        },
        {
            "jd": 2460222.9490509,
            "fid": 1,
            "diffmaglim": 19.47800064086914
        },
        {
            "jd": 2460249.0201157,
            "fid": 1,
            "diffmaglim": 19.25589942932129
        },
        {
            "jd": 2460256.9743866,
            "fid": 1,
            "diffmaglim": 20.163700103759766
        },
        {
            "jd": 2460260.8495023,
            "fid": 1,
            "diffmaglim": 20.183399200439453
        }
    ],
    "forcedphot": [
        {
            "objectid": "ZTF23abjzkmx",
            "jd": 2460213.9497685,
            "ranr": 107.32688,
            "decnr": 20.6338485,
            "fid": 1,
            "forcediffimflux": -35.92693328857422,
            "forcediffimfluxunc": 40.33952331542969,
            "magzpsci": 26.301599502563477
        },
        {
            "objectid": "ZTF23abjzkmx",
            "jd": 2460214.0015162,
            "ranr": 107.3279125,
            "decnr": 20.6328527,
            "fid": 2,
            "forcediffimflux": 39.204288482666016,
            "forcediffimfluxunc": 37.26009750366211,
            "magzpsci": 26.367799758911133
        },
        {
            "objectid": "ZTF23abjzkmx",
            "jd": 2460220.9778588,
            "ranr": 107.32688,
            "decnr": 20.6338485,
            "fid": 1,
            "forcediffimflux": 71.48780059814453,
            "forcediffimfluxunc": 72.854736328125,
            "magzpsci": 26.326000213623047
        },
        {
            "objectid": "ZTF23abjzkmx",
            "jd": 2460220.9829167,
            "ranr": 107.3279125,
            "decnr": 20.6328527,
            "fid": 2,
            "forcediffimflux": 40.95836639404297,
            "forcediffimfluxunc": 68.43208312988281,
            "magzpsci": 26.33930015563965
        },
        {
            "objectid": "ZTF23abjzkmx",
            "jd": 2460222.9490509,
            "ranr": 107.32688,
            "decnr": 20.6338485,
            "fid": 1,
            "forcediffimflux": -3.148574113845825,
            "forcediffimfluxunc": 74.70743560791016,
            "magzpsci": 26.327699661254883
        },
        {
            "objectid": "ZTF23abjzkmx",
            "jd": 2460232.9616088,
            "ranr": 107.32688,
            "decnr": 20.6338485,
            "fid": 1,
            "forcediffimflux": 403.8831787109375,
            "forcediffimfluxunc": 33.45399475097656,
            "magzpsci": 26.373899459838867
        },
        {
            "objectid": "ZTF23abjzkmx",
            "jd": 2460233.0031829,
            "ranr": 107.3279125,
            "decnr": 20.6328527,
            "fid": 2,
            "forcediffimflux": 574.0476684570312,
            "forcediffimfluxunc": 33.891807556152344,
            "magzpsci": 26.375900268554688
        },
        {
            "objectid": "ZTF23abjzkmx",
            "jd": 2460234.9333681,
            "ranr": 107.3279125,
            "decnr": 20.6328527,
            "fid": 2,
            "forcediffimflux": 813.40771484375,
            "forcediffimfluxunc": 37.47353744506836,
            "magzpsci": 26.349199295043945
        },
        {
            "objectid": "ZTF23abjzkmx",
            "jd": 2460234.9617477,
            "ranr": 107.32688,
            "decnr": 20.6338485,
            "fid": 1,
            "forcediffimflux": 562.6234741210938,
            "forcediffimfluxunc": 34.31378173828125,
            "magzpsci": 26.377300262451172
        },
        {
            "objectid": "ZTF23abjzkmx",
            "jd": 2460236.9147222,
            "ranr": 107.32688,
            "decnr": 20.6338485,
            "fid": 1,
            "forcediffimflux": 723.2234497070312,
            "forcediffimfluxunc": 36.90106201171875,
            "magzpsci": 26.3435001373291
        },
        {
            "objectid": "ZTF23abjzkmx",
            "jd": 2460236.9956134,
            "ranr": 107.3279125,
            "decnr": 20.6328527,
            "fid": 2,
            "forcediffimflux": 1163.6390380859375,
            "forcediffimfluxunc": 44.41499710083008,
            "magzpsci": 26.377899169921875
        },
        {
            "objectid": "ZTF23abjzkmx",
            "jd": 2460238.9406713,
            "ranr": 107.32688,
            "decnr": 20.6338485,
            "fid": 1,
            "forcediffimflux": 829.0173950195312,
            "forcediffimfluxunc": 33.86009979248047,
            "magzpsci": 26.36440086364746
        },
        {
            "objectid": "ZTF23abjzkmx",
            "jd": 2460238.9876273,
            "ranr": 107.3279125,
            "decnr": 20.6328527,
            "fid": 2,
            "forcediffimflux": 1430.0716552734375,
            "forcediffimfluxunc": 37.83017349243164,
            "magzpsci": 26.378400802612305
        },
        {
            "objectid": "ZTF23abjzkmx",
            "jd": 2460241.9314815,
            "ranr": 107.3279125,
            "decnr": 20.6328527,
            "fid": 2,
            "forcediffimflux": 1347.9962158203125,
            "forcediffimfluxunc": 59.22170639038086,
            "magzpsci": 26.349199295043945
        },
        {
            "objectid": "ZTF23abjzkmx",
            "jd": 2460241.9712847,
            "ranr": 107.32688,
            "decnr": 20.6338485,
            "fid": 1,
            "forcediffimflux": 821.6942749023438,
            "forcediffimfluxunc": 44.88874435424805,
            "magzpsci": 26.37809944152832
        },
        {
            "objectid": "ZTF23abjzkmx",
            "jd": 2460245.9719676,
            "ranr": 107.32688,
            "decnr": 20.6338485,
            "fid": 1,
            "forcediffimflux": 664.9129028320312,
            "forcediffimfluxunc": 82.40391540527344,
            "magzpsci": 26.40690040588379
        },
        {
            "objectid": "ZTF23abjzkmx",
            "jd": 2460245.9853588,
            "ranr": 107.3279125,
            "decnr": 20.6328527,
            "fid": 2,
            "forcediffimflux": 1427.166259765625,
            "forcediffimfluxunc": 69.48123168945312,
            "magzpsci": 26.381399154663086
        },
        {
            "objectid": "ZTF23abjzkmx",
            "jd": 2460248.9621759,
            "ranr": 107.3279125,
            "decnr": 20.6328527,
            "fid": 2,
            "forcediffimflux": 1366.5887451171875,
            "forcediffimfluxunc": 71.80862426757812,
            "magzpsci": 26.39889907836914
        },
        {
            "objectid": "ZTF23abjzkmx",
            "jd": 2460249.0201157,
            "ranr": 107.32688,
            "decnr": 20.6338485,
            "fid": 1,
            "forcediffimflux": 495.64697265625,
            "forcediffimfluxunc": 102.24699401855469,
            "magzpsci": 26.412799835205078
        },
        {
            "objectid": "ZTF23abjzkmx",
            "jd": 2460253.9450579,
            "ranr": 107.32688,
            "decnr": 20.6338485,
            "fid": 1,
            "forcediffimflux": 446.04705810546875,
            "forcediffimfluxunc": 43.4732780456543,
            "magzpsci": 26.404199600219727
        },
        {
            "objectid": "ZTF23abjzkmx",
            "jd": 2460253.9837153,
            "ranr": 107.3279125,
            "decnr": 20.6328527,
            "fid": 2,
            "forcediffimflux": 1211.7696533203125,
            "forcediffimfluxunc": 41.79122543334961,
            "magzpsci": 26.390300750732422
        },
        {
            "objectid": "ZTF23abjzkmx",
            "jd": 2460256.9743866,
            "ranr": 107.32688,
            "decnr": 20.6338485,
            "fid": 1,
            "forcediffimflux": 230.18438720703125,
            "forcediffimfluxunc": 44.85826873779297,
            "magzpsci": 26.403499603271484
        },
        {
            "objectid": "ZTF23abjzkmx",
            "jd": 2460258.8841667,
            "ranr": 107.32688,
            "decnr": 20.6338485,
            "fid": 1,
            "forcediffimflux": 251.85035705566406,
            "forcediffimfluxunc": 40.73939514160156,
            "magzpsci": 26.35059928894043
        },
        {
            "objectid": "ZTF23abjzkmx",
            "jd": 2460258.9359375,
            "ranr": 107.3279125,
            "decnr": 20.6328527,
            "fid": 2,
            "forcediffimflux": 879.9876098632812,
            "forcediffimfluxunc": 50.145965576171875,
            "magzpsci": 26.37470054626465
        },
        {
            "objectid": "ZTF23abjzkmx",
            "jd": 2460260.8495023,
            "ranr": 107.32688,
            "decnr": 20.6338485,
            "fid": 1,
            "forcediffimflux": 208.21743774414062,
            "forcediffimfluxunc": 49.29835891723633,
            "magzpsci": 26.33919906616211
        },
        {
            "objectid": "ZTF23abjzkmx",
            "jd": 2460260.9292824,
            "ranr": 107.3279125,
            "decnr": 20.6328527,
            "fid": 2,
            "forcediffimflux": 764.7678833007812,
            "forcediffimfluxunc": 40.03676223754883,
            "magzpsci": 26.386899948120117
        },
        {
            "objectid": "ZTF23abjzkmx",
            "jd": 2460262.9275347,
            "ranr": 107.32688,
            "decnr": 20.6338485,
            "fid": 1,
            "forcediffimflux": 172.99871826171875,
            "forcediffimfluxunc": 31.18115997314453,
            "magzpsci": 26.403200149536133
        },
        {
            "objectid": "ZTF23abjzkmx",
            "jd": 2460262.967581,
            "ranr": 107.3279125,
            "decnr": 20.6328527,
            "fid": 2,
            "forcediffimflux": 729.0234375,
            "forcediffimfluxunc": 33.595359802246094,
            "magzpsci": 26.386899948120117
        }
    ]
}