{
    "objectId": "ZTF21abahiow",
    "candidates": [
        {
            "candid": 1585337605015015002,
            "jd": 2459339.8376042,
            "ra": 262.1479017,
            "dec": 21.7394523,
            "fid": 2,
            "nid": 1585,
            "magpsf": 20.752599716186523,
            "sigmapsf": 0.3164939880371094,
            "magnr": 22.1299991607666,
            "sigmagnr": 0.1770000010728836,
            "magzpsci": 26.2367000579834,
            "isdiffpos": "t",
            "ssdistnr": null,
            "ssnamenr": null,
            "drb": null
        },
        {
            "candid": 1587372965015015001,
            "jd": 2459341.872963,
            "ra": 262.1479002,
            "dec": 21.7392063,
            "fid": 1,
            "nid": 1587,
            "magpsf": 20.34239959716797,
            "sigmapsf": 0.2674590051174164,
            "magnr": 21.06800079345703,
            "sigmagnr": 0.16899999976158142,
            "magzpsci": 26.289400100708008,
            "isdiffpos": "t",
            "ssdistnr": null,
            "ssnamenr": null,
            "drb": null
        },
        {
            "candid": 1587423045015015000,
            "jd": 2459341.923044,
            "ra": 262.1478616,
            "dec": 21.7394344,
            "fid": 2,
            "nid": 1587,
            "magpsf": 20.03019905090332,
            "sigmapsf": 0.22118499875068665,
            "magnr": 22.1299991607666,
            "sigmagnr": 0.1770000010728836,
            "magzpsci": 26.25320053100586,
            "isdiffpos": "t",
            "ssdistnr": null,
            "ssnamenr": null,
            "drb": null
        },
        {
            "candid": 1589372935015015002,
            "jd": 2459343.8729398,
            "ra": 262.1478336,
            "dec": 21.7394837,
            "fid": 2,
            "nid": 1589,
            "magpsf": 19.604799270629883,
            "sigmapsf": 0.1674100011587143,
            "magnr": 18.993999481201172,
            "sigmagnr": 0.13899999856948853,
            "magzpsci": 26.201799392700195,
            "isdiffpos": "t",
            "ssdistnr": null,
            "ssnamenr": null,
            "drb": null
        },
        {
            "candid": 1589400825015015012,
            "jd": 2459343.9008218,
            "ra": 262.1478469,
            "dec": 21.7393258,
            "fid": 1,
            "nid": 1589,
            "magpsf": 19.921600341796875,
            "sigmapsf": 0.13821899890899658,
            "magnr": 21.06800079345703,
            "sigmagnr": 0.16899999976158142,
            "magzpsci": 26.243600845336914,
            "isdiffpos": "t",
            "ssdistnr": null,
            "ssnamenr": null,
            "drb": null
        },
        {
            "candid": 1592409295015015002,
            "jd": 2459346.909294,
            "ra": 262.1478774,
            "dec": 21.7394674,
            "fid": 2,
            "nid": 1592,
            "magpsf": 18.890600204467773,
            "sigmapsf": 0.10095799714326859,
            "magnr": 22.1299991607666,
            "sigmagnr": 0.1770000010728836,
            "magzpsci": 26.246599197387695,
            "isdiffpos": "t",
            "ssdistnr": null,
            "ssnamenr": null,
            "drb": null
        },
        {
            "candid": 1592443555015015005,
            "jd": 2459346.9435532,
            "ra": 262.1478991,
            "dec": 21.7394225,
            "fid": 1,
            "nid": 1592,
            "magpsf": 19.22260093688965,
            "sigmapsf": 0.12143599987030029,
            "magnr": 21.06800079345703,
            "sigmagnr": 0.16899999976158142,
            "magzpsci": 26.292600631713867,
            "isdiffpos": "t",
            "ssdistnr": null,
            "ssnamenr": null,
            "drb": null
        },
        {
            "candid": 1599375275015015005,
            "jd": 2459353.8752778,
            "ra": 262.1479092,
            "dec": 21.7394104,
            "fid": 1,
            "nid": 1599,
            "magpsf": 18.62820053100586,
            "sigmapsf": 0.10821700096130371,
            "magnr": 21.06800079345703,
            "sigmagnr": 0.16899999976158142,
            "magzpsci": 26.298200607299805,
            "isdiffpos": "t",
            "ssdistnr": null,
            "ssnamenr": null,
            "drb": null
        },
        {
            "candid": 1599424525015015000,
            "jd": 2459353.9245255,
            "ra": 262.1478824,
            "dec": 21.7394326,
            "fid": 2,
            "nid": 1599,
            "magpsf": 18.173500061035156,
            "sigmapsf": 0.08296000212430954,
            "magnr": 22.1299991607666,
            "sigmagnr": 0.1770000010728836,
            "magzpsci": 26.24250030517578,
            "isdiffpos": "t",
            "ssdistnr": null,
            "ssnamenr": null,
            "drb": null
        },
        {
            "candid": 1601343805015015000,
            "jd": 2459355.8438079,
            "ra": 262.1478336,
            "dec": 21.7393847,
            "fid": 2,
            "nid": 1601,
            "magpsf": 18.15679931640625,
            "sigmapsf": 0.09802799671888351,
            "magnr": 18.993999481201172,
            "sigmagnr": 0.13899999856948853,
            "magzpsci": 26.269800186157227,
            "isdiffpos": "t",
            "ssdistnr": null,
            "ssnamenr": null,
            "drb": null
        },
        {
            "candid": 1604334075015015000,
            "jd": 2459358.8340741,
            "ra": 262.1478243,
            "dec": 21.7394872,
            "fid": 2,
            "nid": 1604,
            "magpsf": 18.075199127197266,
            "sigmapsf": 0.07753799855709076,
            "magnr": 18.993999481201172,
            "sigmagnr": 0.13899999856948853,
            "magzpsci": 26.25320053100586,
            "isdiffpos": "t",
            "ssdistnr": null,
            "ssnamenr": null,
            "drb": null
        },
        {
            "candid": 1604420705015015001,
            "jd": 2459358.920706,
            "ra": 262.1477958,
            "dec": 21.7394513,
            "fid": 1,
            "nid": 1604,
            "magpsf": 18.59709930419922,
            "sigmapsf": 0.11777900159358978,
            "magnr": 21.06800079345703,
            "sigmagnr": 0.16899999976158142,
            "magzpsci": 26.33609962463379,
            "isdiffpos": "t",
            "ssdistnr": null,
            "ssnamenr": null,
            "drb": null
        },
        {
            "candid": 1607378655015015001,
            "jd": 2459361.8786574,
            "ra": 262.147828,
            "dec": 21.7394943,
            "fid": 2,
            "nid": 1607,
            "magpsf": 18.074499130249023,
            "sigmapsf": 0.08926499634981155,
            "magnr": 18.993999481201172,
            "sigmagnr": 0.13899999856948853,
            "magzpsci": 26.32349967956543,
            "isdiffpos": "t",
            "ssdistnr": null,
            "ssnamenr": null,
            "drb": null
        },
        {
            "candid": 1607445325015015000,
            "jd": 2459361.9453241,
            "ra": 262.1477948,
            "dec": 21.7395677,
            "fid": 1,
            "nid": 1607,
            "magpsf": 18.930099487304688,
            "sigmapsf": 0.17183899879455566,
            "magnr": 21.06800079345703,
            "sigmagnr": 0.16899999976158142,
            "magzpsci": 26.39109992980957,
            "isdiffpos": "t",
            "ssdistnr": null,
            "ssnamenr": null,
            "drb": null
        },
        {
            "candid": 1609311095015015001,
            "jd": 2459363.8110995,
            "ra": 262.147773,
            "dec": 21.7394825,
            "fid": 1,
            "nid": 1609,
            "magpsf": 18.994400024414062,
            "sigmapsf": 0.1338150054216385,
            "magnr": 21.06800079345703,
            "sigmagnr": 0.16899999976158142,
            "magzpsci": 26.385400772094727,
            "isdiffpos": "t",
            "ssdistnr": null,
            "ssnamenr": null,
            "drb": null
        },
        {
            "candid": 1609383835015015002,
            "jd": 2459363.883831,
            "ra": 262.1478377,
            "dec": 21.739521,
            "fid": 2,
            "nid": 1609,
            "magpsf": 18.174999237060547,
            "sigmapsf": 0.09835600107908249,
            "magnr": 18.993999481201172,
            "sigmagnr": 0.13899999856948853,
            "magzpsci": 26.326000213623047,
            "isdiffpos": "t",
            "ssdistnr": null,
            "ssnamenr": null,
            "drb": null
        },
        {
            "candid": 1611416515015015001,
            "jd": 2459365.9165162,
            "ra": 262.1478516,
            "dec": 21.7395139,
            "fid": 2,
            "nid": 1611,
            "magpsf": 18.21619987487793,
            "sigmapsf": 0.07136400043964386,
            "magnr": 18.993999481201172,
            "sigmagnr": 0.13899999856948853,
            "magzpsci": 26.26020050048828,
            "isdiffpos": "t",
            "ssdistnr": null,
            "ssnamenr": null,
            "drb": null
        },
        {
            "candid": 1613298145015015003,
            "jd": 2459367.7981481,
            "ra": 262.1479078,
            "dec": 21.7394598,
            "fid": 1,
            "nid": 1613,
            "magpsf": 19.312000274658203,
            "sigmapsf": 0.14459499716758728,
            "magnr": 21.06800079345703,
            "sigmagnr": 0.16899999976158142,
            "magzpsci": 26.192899703979492,
            "isdiffpos": "t",
            "ssdistnr": null,
            "ssnamenr": null,
            "drb": null
        },
        {
            "candid": 1613356975015015002,
            "jd": 2459367.8569792,
            "ra": 262.1478682,
            "dec": 21.7394839,
            "fid": 2,
            "nid": 1613,
            "magpsf": 18.306699752807617,
            "sigmapsf": 0.0774729996919632,
            "magnr": 22.1299991607666,
            "sigmagnr": 0.1770000010728836,
            "magzpsci": 26.252700805664062,
            "isdiffpos": "t",
            "ssdistnr": null,
            "ssnamenr": null,
            "drb": null
        },
        {
            "candid": 1615374345015015004,
            "jd": 2459369.8743403,
            "ra": 262.1479321,
            "dec": 21.7394677,
            "fid": 1,
            "nid": 1615,
            "magpsf": 19.499300003051758,
            "sigmapsf": 0.1437389999628067,
            "magnr": 21.06800079345703,
            "sigmagnr": 0.16899999976158142,
            "magzpsci": 26.32229995727539,
            "isdiffpos": "t",
            "ssdistnr": null,
            "ssnamenr": null,
            "drb": null
        },
        {
            "candid": 1615422585015015002,
            "jd": 2459369.922581,
            "ra": 262.1478542,
            "dec": 21.7394819,
            "fid": 2,
            "nid": 1615,
            "magpsf": 18.421600341796875,
            "sigmapsf": 0.07467400282621384,
            "magnr": 18.993999481201172,
            "sigmagnr": 0.13899999856948853,
            "magzpsci": 26.259599685668945,
            "isdiffpos": "t",
            "ssdistnr": null,
            "ssnamenr": null,
            "drb": null
        },
        {
            "candid": 1617336225015015001,
            "jd": 2459371.8362269,
            "ra": 262.1478789,
            "dec": 21.739462,
            "fid": 2,
            "nid": 1617,
            "magpsf": 18.443700790405273,
            "sigmapsf": 0.06752800196409225,
            "magnr": 22.1299991607666,
            "sigmagnr": 0.1770000010728836,
            "magzpsci": 26.266700744628906,
            "isdiffpos": "t",
            "ssdistnr": null,
            "ssnamenr": null,
            "drb": null
        },
        {
            "candid": 1617378945015015008,
            "jd": 2459371.8789468,
            "ra": 262.1479148,
            "dec": 21.7394676,
            "fid": 1,
            "nid": 1617,
            "magpsf": 19.547399520874023,
            "sigmapsf": 0.16553199291229248,
            "magnr": 21.06800079345703,
            "sigmagnr": 0.16899999976158142,
            "magzpsci": 26.32539939880371,
            "isdiffpos": "t",
            "ssdistnr": null,
            "ssnamenr": null,
            "drb": null
        },
        {
            "candid": 1620377775015015002,
            "jd": 2459374.8777778,
            "ra": 262.1479629,
            "dec": 21.7393692,
            "fid": 1,
            "nid": 1620,
            "magpsf": 19.804100036621094,
            "sigmapsf": 0.24586400389671326,
            "magnr": 21.06800079345703,
            "sigmagnr": 0.16899999976158142,
            "magzpsci": 26.265100479125977,
            "isdiffpos": "t",
            "ssdistnr": null,
            "ssnamenr": null,
            "drb": null
        },
        {
            "candid": 1622317775015015002,
            "jd": 2459376.8177778,
            "ra": 262.1478673,
            "dec": 21.739469,
            "fid": 2,
            "nid": 1622,
            "magpsf": 18.68950080871582,
            "sigmapsf": 0.11028199642896652,
            "magnr": 22.1299991607666,
            "sigmagnr": 0.1770000010728836,
            "magzpsci": 26.28350067138672,
            "isdiffpos": "t",
            "ssdistnr": null,
            "ssnamenr": null,
            "drb": null
        },
        {
            "candid": 1622359125015015001,
            "jd": 2459376.8591204,
            "ra": 262.1479089,
            "dec": 21.7394706,
            "fid": 1,
            "nid": 1622,
            "magpsf": 19.896099090576172,
            "sigmapsf": 0.16092899441719055,
            "magnr": 21.06800079345703,
            "sigmagnr": 0.16899999976158142,
            "magzpsci": 26.352100372314453,
            "isdiffpos": "t",
            "ssdistnr": null,
            "ssnamenr": null,
            "drb": null
        },
        {
            "candid": 1624325115015015003,
            "jd": 2459378.8251157,
            "ra": 262.1478656,
            "dec": 21.7394584,
            "fid": 2,
            "nid": 1624,
            "magpsf": 18.827499389648438,
            "sigmapsf": 0.09854999929666519,
            "magnr": 22.1299991607666,
            "sigmagnr": 0.1770000010728836,
            "magzpsci": 26.296499252319336,
            "isdiffpos": "t",
            "ssdistnr": null,
            "ssnamenr": null,
            "drb": null
        },
        {
            "candid": 1624352245015015002,
            "jd": 2459378.8522454,
            "ra": 262.1478921,
            "dec": 21.7394433,
            "fid": 1,
            "nid": 1624,
            "magpsf": 19.978900909423828,
            "sigmapsf": 0.150068998336792,
            "magnr": 21.06800079345703,
            "sigmagnr": 0.16899999976158142,
            "magzpsci": 26.367900848388672,
            "isdiffpos": "t",
            "ssdistnr": null,
            "ssnamenr": null,
            "drb": null
        },
        {
            "candid": 1626357655015015000,
            "jd": 2459380.8576505,
            "ra": 262.1478433,
            "dec": 21.739503,
            "fid": 2,
            "nid": 1626,
            "magpsf": 18.90690040588379,
            "sigmapsf": 0.12127000093460083,
            "magnr": 18.993999481201172,
            "sigmagnr": 0.13899999856948853,
            "magzpsci": 26.122900009155273,
            "isdiffpos": "t",
            "ssdistnr": null,
            "ssnamenr": null,
            "drb": null
        },
        {
            "candid": 1628350495015015000,
            "jd": 2459382.8504977,
            "ra": 262.1478549,
            "dec": 21.7394925,
            "fid": 2,
            "nid": 1628,
            "magpsf": 19.114500045776367,
            "sigmapsf": 0.1299089938402176,
            "magnr": 18.993999481201172,
            "sigmagnr": 0.13899999856948853,
            "magzpsci": 26.14349937438965,
            "isdiffpos": "t",
            "ssdistnr": null,
            "ssnamenr": null,
            "drb": null
        },
        {
            "candid": 1628381925015015005,
            "jd": 2459382.8819213,
            "ra": 262.1477755,
            "dec": 21.7394592,
            "fid": 1,
            "nid": 1628,
            "magpsf": 20.190000534057617,
            "sigmapsf": 0.2797980010509491,
            "magnr": 21.06800079345703,
            "sigmagnr": 0.16899999976158142,
            "magzpsci": 26.112899780273438,
            "isdiffpos": "t",
            "ssdistnr": null,
            "ssnamenr": null,
            "drb": null
        },
        {
            "candid": 1630338685015015000,
            "jd": 2459384.8386806,
            "ra": 262.1478465,
            "dec": 21.7394777,
            "fid": 2,
            "nid": 1630,
            "magpsf": 19.15839958190918,
            "sigmapsf": 0.12756900489330292,
            "magnr": 18.993999481201172,
            "sigmagnr": 0.13899999856948853,
            "magzpsci": 26.186399459838867,
            "isdiffpos": "t",
            "ssdistnr": null,
            "ssnamenr": null,
            "drb": null
        },
        {
            "candid": 1632366375015015001,
            "jd": 2459386.8663773,
            "ra": 262.1478126,
            "dec": 21.7394965,
            "fid": 2,
            "nid": 1632,
            "magpsf": 19.28059959411621,
            "sigmapsf": 0.15421299636363983,
            "magnr": 18.993999481201172,
            "sigmagnr": 0.13899999856948853,
            "magzpsci": 26.279600143432617,
            "isdiffpos": "t",
            "ssdistnr": null,
            "ssnamenr": null,
            "drb": null
        },
        {
            "candid": 1638352745015015000,
            "jd": 2459392.8527431,
            "ra": 262.147824,
            "dec": 21.7395201,
            "fid": 2,
            "nid": 1638,
            "magpsf": 19.340900421142578,
            "sigmapsf": 0.15035200119018555,
            "magnr": 18.993999481201172,
            "sigmagnr": 0.13899999856948853,
            "magzpsci": 26.267900466918945,
            "isdiffpos": "t",
            "ssdistnr": null,
            "ssnamenr": null,
            "drb": null
        },
        {
            "candid": 1642310855015015002,
            "jd": 2459396.8108565,
            "ra": 262.1478896,
            "dec": 21.7394162,
            "fid": 1,
            "nid": 1642,
            "magpsf": 20.24220085144043,
            "sigmapsf": 0.21201999485492706,
            "magnr": 21.06800079345703,
            "sigmagnr": 0.16899999976158142,
            "magzpsci": 26.24020004272461,
            "isdiffpos": "t",
            "ssdistnr": null,
            "ssnamenr": null,
            "drb": null
        },
        {
            "candid": 1642319085015015000,
            "jd": 2459396.8190856,
            "ra": 262.1478899,
            "dec": 21.7394685,
            "fid": 2,
            "nid": 1642,
            "magpsf": 19.386699676513672,
            "sigmapsf": 0.1470949947834015,
            "magnr": 22.1299991607666,
            "sigmagnr": 0.1770000010728836,
            "magzpsci": 26.22170066833496,
            "isdiffpos": "t",
            "ssdistnr": null,
            "ssnamenr": null,
            "drb": null
        },
        {
            "candid": 1645277345015015001,
            "jd": 2459399.7773495,
            "ra": 262.1478214,
            "dec": 21.739443,
            "fid": 1,
            "nid": 1645,
            "magpsf": 20.39459991455078,
            "sigmapsf": 0.28859999775886536,
            "magnr": 21.06800079345703,
            "sigmagnr": 0.16899999976158142,
            "magzpsci": 26.281600952148438,
            "isdiffpos": "t",
            "ssdistnr": null,
            "ssnamenr": null,
            "drb": null
        },
        {
            "candid": 1645318535015015000,
            "jd": 2459399.8185301,
            "ra": 262.1478783,
            "dec": 21.7394907,
            "fid": 2,
            "nid": 1645,
            "magpsf": 19.420900344848633,
            "sigmapsf": 0.12231200188398361,
            "magnr": 22.1299991607666,
            "sigmagnr": 0.1770000010728836,
            "magzpsci": 26.25589942932129,
            "isdiffpos": "t",
            "ssdistnr": null,
            "ssnamenr": null,
            "drb": null
        },
        {
            "candid": 1647264985015015000,
            "jd": 2459401.7649884,
            "ra": 262.1479453,
            "dec": 21.7393912,
            "fid": 1,
            "nid": 1647,
            "magpsf": 20.36319923400879,
            "sigmapsf": 0.2066809982061386,
            "magnr": 21.06800079345703,
            "sigmagnr": 0.16899999976158142,
            "magzpsci": 26.3302001953125,
            "isdiffpos": "t",
            "ssdistnr": null,
            "ssnamenr": null,
            "drb": null
        },
        {
            "candid": 1647328505015015002,
            "jd": 2459401.8285069,
            "ra": 262.1478814,
            "dec": 21.739473,
            "fid": 2,
            "nid": 1647,
            "magpsf": 19.486900329589844,
            "sigmapsf": 0.1409900039434433,
            "magnr": 22.1299991607666,
            "sigmagnr": 0.1770000010728836,
            "magzpsci": 26.28190040588379,
            "isdiffpos": "t",
            "ssdistnr": null,
            "ssnamenr": null,
            "drb": null
        },
        {
            "candid": 1649290855015015002,
            "jd": 2459403.7908565,
            "ra": 262.1478711,
            "dec": 21.7394607,
            "fid": 1,
            "nid": 1649,
            "magpsf": 20.33919906616211,
            "sigmapsf": 0.22164499759674072,
            "magnr": 21.06800079345703,
            "sigmagnr": 0.16899999976158142,
            "magzpsci": 26.294200897216797,
            "isdiffpos": "t",
            "ssdistnr": null,
            "ssnamenr": null,
            "drb": null
        },
        {
            "candid": 1649297625015015002,
            "jd": 2459403.7976273,
            "ra": 262.1478689,
            "dec": 21.7395202,
            "fid": 2,
            "nid": 1649,
            "magpsf": 19.51460075378418,
            "sigmapsf": 0.2061060070991516,
            "magnr": 22.1299991607666,
            "sigmagnr": 0.1770000010728836,
            "magzpsci": 26.234600067138672,
            "isdiffpos": "t",
            "ssdistnr": null,
            "ssnamenr": null,
            "drb": null
        },
        {
            "candid": 1651298345015015002,
            "jd": 2459405.7983449,
            "ra": 262.1479562,
            "dec": 21.7394145,
            "fid": 1,
            "nid": 1651,
            "magpsf": 20.455400466918945,
            "sigmapsf": 0.3240639865398407,
            "magnr": 21.06800079345703,
            "sigmagnr": 0.16899999976158142,
            "magzpsci": 26.22640037536621,
            "isdiffpos": "t",
            "ssdistnr": null,
            "ssnamenr": null,
            "drb": null
        },
        {
            "candid": 1651338425015015000,
            "jd": 2459405.8384259,
            "ra": 262.1478649,
            "dec": 21.7393466,
            "fid": 2,
            "nid": 1651,
            "magpsf": 19.626100540161133,
            "sigmapsf": 0.18019600212574005,
            "magnr": 22.1299991607666,
            "sigmagnr": 0.1770000010728836,
            "magzpsci": 26.16309928894043,
            "isdiffpos": "t",
            "ssdistnr": null,
            "ssnamenr": null,
            "drb": null
        },
        {
            "candid": 1653257775015015001,
            "jd": 2459407.7577778,
            "ra": 262.1479032,
            "dec": 21.7394257,
            "fid": 1,
            "nid": 1653,
            "magpsf": 20.293800354003906,
            "sigmapsf": 0.2309660017490387,
            "magnr": 21.06800079345703,
            "sigmagnr": 0.16899999976158142,
            "magzpsci": 26.130800247192383,
            "isdiffpos": "t",
            "ssdistnr": null,
            "ssnamenr": null,
            "drb": null
        },
        {
            "candid": 1653301455015015000,
            "jd": 2459407.8014583,
            "ra": 262.1478862,
            "dec": 21.7394667,
            "fid": 2,
            "nid": 1653,
            "magpsf": 19.552099227905273,
            "sigmapsf": 0.12964800000190735,
            "magnr": 22.1299991607666,
            "sigmagnr": 0.1770000010728836,
            "magzpsci": 26.131099700927734,
            "isdiffpos": "t",
            "ssdistnr": null,
            "ssnamenr": null,
            "drb": null
        },
        {
            "candid": 1655233575015015004,
            "jd": 2459409.7335764,
            "ra": 262.1479368,
            "dec": 21.7394741,
            "fid": 1,
            "nid": 1655,
            "magpsf": 20.462900161743164,
            "sigmapsf": 0.26631098985671997,
            "magnr": 21.06800079345703,
            "sigmagnr": 0.16899999976158142,
            "magzpsci": 26.149900436401367,
            "isdiffpos": "t",
            "ssdistnr": null,
            "ssnamenr": null,
            "drb": null
        },
        {
            "candid": 1655278945015015004,
            "jd": 2459409.7789468,
            "ra": 262.1478464,
            "dec": 21.7394749,
            "fid": 2,
            "nid": 1655,
            "magpsf": 19.67639923095703,
            "sigmapsf": 0.14378699660301208,
            "magnr": 18.993999481201172,
            "sigmagnr": 0.13899999856948853,
            "magzpsci": 26.151399612426758,
            "isdiffpos": "t",
            "ssdistnr": null,
            "ssnamenr": null,
            "drb": null
        },
        {
            "candid": 1657235465015015000,
            "jd": 2459411.735463,
            "ra": 262.1478086,
            "dec": 21.7394822,
            "fid": 2,
            "nid": 1657,
            "magpsf": 19.665300369262695,
            "sigmapsf": 0.20595000684261322,
            "magnr": 18.993999481201172,
            "sigmagnr": 0.13899999856948853,
            "magzpsci": 26.12529945373535,
            "isdiffpos": "t",
            "ssdistnr": null,
            "ssnamenr": null,
            "drb": null
        },
        {
            "candid": 1657300905015015002,
            "jd": 2459411.8009028,
            "ra": 262.1477968,
            "dec": 21.739536,
            "fid": 1,
            "nid": 1657,
            "magpsf": 20.45800018310547,
            "sigmapsf": 0.3365980088710785,
            "magnr": 21.06800079345703,
            "sigmagnr": 0.16899999976158142,
            "magzpsci": 26.041000366210938,
            "isdiffpos": "t",
            "ssdistnr": null,
            "ssnamenr": null,
            "drb": null
        },
        {
            "candid": 1660280065015015004,
            "jd": 2459414.7800694,
            "ra": 262.1477893,
            "dec": 21.7395195,
            "fid": 2,
            "nid": 1660,
            "magpsf": 19.62820053100586,
            "sigmapsf": 0.19671399891376495,
            "magnr": 18.993999481201172,
            "sigmagnr": 0.13899999856948853,
            "magzpsci": 26.239200592041016,
            "isdiffpos": "t",
            "ssdistnr": null,
            "ssnamenr": null,
            "drb": null
        },
        {
            "candid": 1671252995015015003,
            "jd": 2459425.7529977,
            "ra": 262.1478791,
            "dec": 21.7394744,
            "fid": 1,
            "nid": 1671,
            "magpsf": 20.43950080871582,
            "sigmapsf": 0.26171499490737915,
            "magnr": 21.06800079345703,
            "sigmagnr": 0.16899999976158142,
            "magzpsci": 26.236499786376953,
            "isdiffpos": "t",
            "ssdistnr": null,
            "ssnamenr": null,
            "drb": null
        },
        {
            "candid": 1673226125015015000,
            "jd": 2459427.7261227,
            "ra": 262.1479008,
            "dec": 21.7394642,
            "fid": 2,
            "nid": 1673,
            "magpsf": 19.893299102783203,
            "sigmapsf": 0.1663219928741455,
            "magnr": 22.1299991607666,
            "sigmagnr": 0.1770000010728836,
            "magzpsci": 26.253299713134766,
            "isdiffpos": "t",
            "ssdistnr": null,
            "ssnamenr": null,
            "drb": null
        },
        {
            "candid": 1673273995015015000,
            "jd": 2459427.7739931,
            "ra": 262.147841,
            "dec": 21.7393509,
            "fid": 1,
            "nid": 1673,
            "magpsf": 20.574899673461914,
            "sigmapsf": 0.3809010088443756,
            "magnr": 21.06800079345703,
            "sigmagnr": 0.16899999976158142,
            "magzpsci": 26.263900756835938,
            "isdiffpos": "t",
            "ssdistnr": null,
            "ssnamenr": null,
            "drb": null
        },
        {
            "candid": 1675288935015015001,
            "jd": 2459429.7889352,
            "ra": 262.1478925,
            "dec": 21.739423,
            "fid": 1,
            "nid": 1675,
            "magpsf": 20.447200775146484,
            "sigmapsf": 0.19667600095272064,
            "magnr": 21.06800079345703,
            "sigmagnr": 0.16899999976158142,
            "magzpsci": 26.287200927734375,
            "isdiffpos": "t",
            "ssdistnr": null,
            "ssnamenr": null,
            "drb": null
        },
        {
            "candid": 1680192965015015005,
            "jd": 2459434.692963,
            "ra": 262.1478427,
            "dec": 21.7394946,
            "fid": 2,
            "nid": 1680,
            "magpsf": 20.03809928894043,
            "sigmapsf": 0.211326003074646,
            "magnr": 18.993999481201172,
            "sigmagnr": 0.13899999856948853,
            "magzpsci": 26.271099090576172,
            "isdiffpos": "t",
            "ssdistnr": null,
            "ssnamenr": null,
            "drb": null
        },
        {
            "candid": 1680248725015015005,
            "jd": 2459434.7487269,
            "ra": 262.14791,
            "dec": 21.7394513,
            "fid": 1,
            "nid": 1680,
            "magpsf": 20.499500274658203,
            "sigmapsf": 0.2462330013513565,
            "magnr": 21.06800079345703,
            "sigmagnr": 0.16899999976158142,
            "magzpsci": 26.303499221801758,
            "isdiffpos": "t",
            "ssdistnr": null,
            "ssnamenr": null,
            "drb": null
        },
        {
            "candid": 1682213955015015001,
            "jd": 2459436.7139583,
            "ra": 262.1478351,
            "dec": 21.7395031,
            "fid": 2,
            "nid": 1682,
            "magpsf": 20.11751937866211,
            "sigmapsf": 0.2096019983291626,
            "magnr": 18.993999481201172,
            "sigmagnr": 0.13899999856948853,
            "magzpsci": 26.195510864257812,
            "isdiffpos": "t",
            "ssdistnr": -999.0,
            "ssnamenr": "null",
            "drb": null
        },
        {
            "jd": 2459314.9150463,
            "fid": 1,
            "diffmaglim": 20.516399383544922
        },
        {
            "jd": 2459316.8819097,
            "fid": 1,
            "diffmaglim": 20.999900817871094
        },
        {
            "jd": 2459319.893912,
            "fid": 2,
            "diffmaglim": 19.900299072265625
        },
        {
            "jd": 2459319.9316551,
            "fid": 1,
            "diffmaglim": 20.45789909362793
        },
        {
            "jd": 2459322.9244329,
            "fid": 1,
            "diffmaglim": 20.166500091552734
        },
        {
            "jd": 2459322.9642708,
            "fid": 2,
            "diffmaglim": 20.209800720214844
        },
        {
            "jd": 2459324.8409491,
            "fid": 2,
            "diffmaglim": 20.122900009155273
        },
        {
            "jd": 2459324.9058796,
            "fid": 1,
            "diffmaglim": 20.689800262451172
        },
        {
            "jd": 2459328.861412,
            "fid": 1,
            "diffmaglim": 19.449399948120117
        },
        {
            "jd": 2459328.9018634,
            "fid": 2,
            "diffmaglim": 19.815900802612305
        },
        {
            "jd": 2459334.880625,
            "fid": 2,
            "diffmaglim": 19.960100173950195
        },
        {
            "jd": 2459334.9549769,
            "fid": 1,
            "diffmaglim": 19.78969955444336
        },
        {
            "jd": 2459336.8889931,
            "fid": 2,
            "diffmaglim": 20.32990074157715
        },
        {
            "jd": 2459336.9326505,
            "fid": 1,
            "diffmaglim": 20.183300018310547
        },
        {
            "jd": 2459339.8834491,
            "fid": 1,
            "diffmaglim": 20.77359962463379
        },
        {
            "jd": 2459349.8795486,
            "fid": 1,
            "diffmaglim": 20.891300201416016
        },
        {
            "jd": 2459380.8114931,
            "fid": 1,
            "diffmaglim": 19.36210060119629
        },
        {
            "jd": 2459386.8402431,
            "fid": 1,
            "diffmaglim": 19.796600341796875
        },
        {
            "jd": 2459390.7537269,
            "fid": 1,
            "diffmaglim": 19.515899658203125
        },
        {
            "jd": 2459390.8322222,
            "fid": 2,
            "diffmaglim": 19.74410057067871
        },
        {
            "jd": 2459392.7706944,
            "fid": 1,
            "diffmaglim": 19.962499618530273
        },
        {
            "jd": 2459394.8514815,
            "fid": 1,
            "diffmaglim": 19.966299057006836
        },
        {
            "jd": 2459414.7643981,
            "fid": 1,
            "diffmaglim": 20.04990005493164
        },
        {
            "jd": 2459417.7754745,
            "fid": 2,
            "diffmaglim": 16.960800170898438
        },
        {
            "jd": 2459419.7522569,
            "fid": 2,
            "diffmaglim": 18.818700790405273
        },
        {
            "jd": 2459419.8414931,
            "fid": 1,
            "diffmaglim": 18.44879913330078
        },
        {
            "jd": 2459423.7491667,
            "fid": 2,
            "diffmaglim": 18.471900939941406
        },
        {
            "jd": 2459423.8215162,
            "fid": 1,
            "diffmaglim": 19.15530014038086
        }
    ],
    "forcedphot": []
}