{
    "objectId": "ZTF21aarnjyd",
    "candidates": [
        {
            "candid": 1552256164815015002,
            "jd": 2459306.756169,
            "ra": 156.9237312,
            "dec": 72.826982,
            "fid": 2,
            "nid": 1552,
            "magpsf": 19.45240020751953,
            "sigmapsf": 0.1637129932641983,
            "magnr": 17.493000030517578,
            "sigmagnr": 0.08100000023841858,
            "magzpsci": 26.013399124145508,
            "isdiffpos": "t",
            "ssdistnr": null,
            "ssnamenr": null,
            "drb": 0.9999750256538391
        },
        {
            "candid": 1552257105715015001,
            "jd": 2459306.7571065,
            "ra": 156.9236807,
            "dec": 72.8269368,
            "fid": 2,
            "nid": 1552,
            "magpsf": 19.555700302124023,
            "sigmapsf": 0.12548799812793732,
            "magnr": 17.488000869750977,
            "sigmagnr": 0.08500000089406967,
            "magzpsci": 26.128700256347656,
            "isdiffpos": "t",
            "ssdistnr": null,
            "ssnamenr": null,
            "drb": null
        },
        {
            "candid": 1552298505715015004,
            "jd": 2459306.7985069,
            "ra": 156.9237935,
            "dec": 72.8269852,
            "fid": 1,
            "nid": 1552,
            "magpsf": 20.057899475097656,
            "sigmapsf": 0.1681250035762787,
            "magnr": 18.013999938964844,
            "sigmagnr": 0.052000001072883606,
            "magzpsci": 26.260900497436523,
            "isdiffpos": "t",
            "ssdistnr": null,
            "ssnamenr": null,
            "drb": null
        },
        {
            "candid": 1552327984815015001,
            "jd": 2459306.8279861,
            "ra": 156.9231931,
            "dec": 72.8267746,
            "fid": 1,
            "nid": 1552,
            "magpsf": 20.042800903320312,
            "sigmapsf": 0.279092013835907,
            "magnr": 18.743000030517578,
            "sigmagnr": 0.08500000089406967,
            "magzpsci": 26.102800369262695,
            "isdiffpos": "t",
            "ssdistnr": null,
            "ssnamenr": null,
            "drb": null
        },
        {
            "candid": 1553161440615015006,
            "jd": 2459307.6614468,
            "ra": 156.9236909,
            "dec": 72.8269497,
            "fid": 1,
            "nid": 1553,
            "magpsf": 19.80340003967285,
            "sigmapsf": 0.12596499919891357,
            "magnr": 18.840999603271484,
            "sigmagnr": 0.08399999886751175,
            "magzpsci": 26.33639907836914,
            "isdiffpos": "t",
            "ssdistnr": null,
            "ssnamenr": null,
            "drb": 0.9999809861183167
        },
        {
            "candid": 1553222760615015006,
            "jd": 2459307.7227662,
            "ra": 156.923683,
            "dec": 72.8269722,
            "fid": 2,
            "nid": 1553,
            "magpsf": 19.5580997467041,
            "sigmapsf": 0.11590799689292908,
            "magnr": 17.518999099731445,
            "sigmagnr": 0.07800000160932541,
            "magzpsci": 26.263099670410156,
            "isdiffpos": "t",
            "ssdistnr": null,
            "ssnamenr": null,
            "drb": null
        },
        {
            "candid": 1554284305715015002,
            "jd": 2459308.7843056,
            "ra": 156.9236049,
            "dec": 72.8269328,
            "fid": 2,
            "nid": 1554,
            "magpsf": 19.368600845336914,
            "sigmapsf": 0.1348389983177185,
            "magnr": 17.488000869750977,
            "sigmagnr": 0.08500000089406967,
            "magzpsci": 25.856599807739258,
            "isdiffpos": "t",
            "ssdistnr": null,
            "ssnamenr": null,
            "drb": null
        },
        {
            "candid": 1554345725715015000,
            "jd": 2459308.8457292,
            "ra": 156.9236363,
            "dec": 72.8269137,
            "fid": 1,
            "nid": 1554,
            "magpsf": 19.778400421142578,
            "sigmapsf": 0.1360200047492981,
            "magnr": 18.013999938964844,
            "sigmagnr": 0.052000001072883606,
            "magzpsci": 26.276399612426758,
            "isdiffpos": "t",
            "ssdistnr": null,
            "ssnamenr": null,
            "drb": null
        },
        {
            "candid": 1555187460615015004,
            "jd": 2459309.6874653,
            "ra": 156.9236675,
            "dec": 72.8268734,
            "fid": 1,
            "nid": 1555,
            "magpsf": 19.59149932861328,
            "sigmapsf": 0.15661799907684326,
            "magnr": 18.840999603271484,
            "sigmagnr": 0.08399999886751175,
            "magzpsci": 26.361499786376953,
            "isdiffpos": "t",
            "ssdistnr": null,
            "ssnamenr": null,
            "drb": null
        },
        {
            "candid": 1555229070615015006,
            "jd": 2459309.7290741,
            "ra": 156.923831,
            "dec": 72.8269506,
            "fid": 2,
            "nid": 1555,
            "magpsf": 19.143699645996094,
            "sigmapsf": 0.1095540001988411,
            "magnr": 17.518999099731445,
            "sigmagnr": 0.07800000160932541,
            "magzpsci": 26.18269920349121,
            "isdiffpos": "t",
            "ssdistnr": null,
            "ssnamenr": null,
            "drb": null
        },
        {
            "candid": 1556238225715015001,
            "jd": 2459310.7382292,
            "ra": 156.9237456,
            "dec": 72.8269543,
            "fid": 1,
            "nid": 1556,
            "magpsf": 19.497400283813477,
            "sigmapsf": 0.13974100351333618,
            "magnr": 18.013999938964844,
            "sigmagnr": 0.052000001072883606,
            "magzpsci": 26.27440071105957,
            "isdiffpos": "t",
            "ssdistnr": null,
            "ssnamenr": null,
            "drb": null
        },
        {
            "candid": 1556239164815015002,
            "jd": 2459310.7391667,
            "ra": 156.9234832,
            "dec": 72.8268295,
            "fid": 1,
            "nid": 1556,
            "magpsf": 19.68939971923828,
            "sigmapsf": 0.1723099946975708,
            "magnr": 18.743000030517578,
            "sigmagnr": 0.08500000089406967,
            "magzpsci": 26.12540054321289,
            "isdiffpos": "t",
            "ssdistnr": null,
            "ssnamenr": null,
            "drb": null
        },
        {
            "candid": 1556323065715015002,
            "jd": 2459310.8230671,
            "ra": 156.9235789,
            "dec": 72.8269652,
            "fid": 2,
            "nid": 1556,
            "magpsf": 19.04949951171875,
            "sigmapsf": 0.14824800193309784,
            "magnr": 17.488000869750977,
            "sigmagnr": 0.08500000089406967,
            "magzpsci": 25.862499237060547,
            "isdiffpos": "t",
            "ssdistnr": null,
            "ssnamenr": null,
            "drb": null
        },
        {
            "candid": 1557178480615015001,
            "jd": 2459311.6784838,
            "ra": 156.9237006,
            "dec": 72.8269158,
            "fid": 2,
            "nid": 1557,
            "magpsf": 18.888099670410156,
            "sigmapsf": 0.08771999925374985,
            "magnr": 17.518999099731445,
            "sigmagnr": 0.07800000160932541,
            "magzpsci": 26.133100509643555,
            "isdiffpos": "t",
            "ssdistnr": null,
            "ssnamenr": null,
            "drb": null
        },
        {
            "candid": 1557203430615015005,
            "jd": 2459311.7034375,
            "ra": 156.9236821,
            "dec": 72.8269489,
            "fid": 1,
            "nid": 1557,
            "magpsf": 19.558700561523438,
            "sigmapsf": 0.10465899854898453,
            "magnr": 18.840999603271484,
            "sigmagnr": 0.08399999886751175,
            "magzpsci": 26.31369972229004,
            "isdiffpos": "t",
            "ssdistnr": null,
            "ssnamenr": null,
            "drb": null
        },
        {
            "candid": 1558222654815015000,
            "jd": 2459312.7226505,
            "ra": 156.923367,
            "dec": 72.8270651,
            "fid": 1,
            "nid": 1558,
            "magpsf": 19.524799346923828,
            "sigmapsf": 0.13476000726222992,
            "magnr": 18.743000030517578,
            "sigmagnr": 0.08500000089406967,
            "magzpsci": 26.168800354003906,
            "isdiffpos": "t",
            "ssdistnr": null,
            "ssnamenr": null,
            "drb": null
        },
        {
            "candid": 1558241445715015001,
            "jd": 2459312.7414468,
            "ra": 156.923818,
            "dec": 72.8269955,
            "fid": 1,
            "nid": 1558,
            "magpsf": 19.456199645996094,
            "sigmapsf": 0.1530340015888214,
            "magnr": 18.013999938964844,
            "sigmagnr": 0.052000001072883606,
            "magzpsci": 26.327199935913086,
            "isdiffpos": "t",
            "ssdistnr": null,
            "ssnamenr": null,
            "drb": null
        },
        {
            "candid": 1558280815715015004,
            "jd": 2459312.7808102,
            "ra": 156.9236658,
            "dec": 72.8269196,
            "fid": 2,
            "nid": 1558,
            "magpsf": 18.748300552368164,
            "sigmapsf": 0.08436500281095505,
            "magnr": 17.488000869750977,
            "sigmagnr": 0.08500000089406967,
            "magzpsci": 26.185300827026367,
            "isdiffpos": "t",
            "ssdistnr": null,
            "ssnamenr": null,
            "drb": null
        },
        {
            "candid": 1559201350615015005,
            "jd": 2459313.7013542,
            "ra": 156.9236892,
            "dec": 72.8269352,
            "fid": 2,
            "nid": 1559,
            "magpsf": 18.823200225830078,
            "sigmapsf": 0.09677600115537643,
            "magnr": 17.518999099731445,
            "sigmagnr": 0.07800000160932541,
            "magzpsci": 26.15719985961914,
            "isdiffpos": "t",
            "ssdistnr": null,
            "ssnamenr": null,
            "drb": null
        },
        {
            "candid": 1560228924815015000,
            "jd": 2459314.7289236,
            "ra": 156.9237205,
            "dec": 72.826926,
            "fid": 1,
            "nid": 1560,
            "magpsf": 19.37929916381836,
            "sigmapsf": 0.12482699751853943,
            "magnr": 18.743000030517578,
            "sigmagnr": 0.08500000089406967,
            "magzpsci": 26.198299407958984,
            "isdiffpos": "t",
            "ssdistnr": null,
            "ssnamenr": null,
            "drb": null
        },
        {
            "candid": 1560242955715015003,
            "jd": 2459314.7429514,
            "ra": 156.9236923,
            "dec": 72.8269475,
            "fid": 1,
            "nid": 1560,
            "magpsf": 19.306499481201172,
            "sigmapsf": 0.10991399735212326,
            "magnr": 18.013999938964844,
            "sigmagnr": 0.052000001072883606,
            "magzpsci": 26.318500518798828,
            "isdiffpos": "t",
            "ssdistnr": null,
            "ssnamenr": null,
            "drb": null
        },
        {
            "candid": 1560263834815015000,
            "jd": 2459314.763831,
            "ra": 156.9236,
            "dec": 72.8269401,
            "fid": 2,
            "nid": 1560,
            "magpsf": 18.702899932861328,
            "sigmapsf": 0.08705800026655197,
            "magnr": 17.493000030517578,
            "sigmagnr": 0.08100000023841858,
            "magzpsci": 26.075899124145508,
            "isdiffpos": "t",
            "ssdistnr": null,
            "ssnamenr": null,
            "drb": null
        },
        {
            "candid": 1560280105715015001,
            "jd": 2459314.7801042,
            "ra": 156.9237019,
            "dec": 72.8269164,
            "fid": 2,
            "nid": 1560,
            "magpsf": 18.677400588989258,
            "sigmapsf": 0.0795229971408844,
            "magnr": 17.488000869750977,
            "sigmagnr": 0.08500000089406967,
            "magzpsci": 26.187400817871094,
            "isdiffpos": "t",
            "ssdistnr": null,
            "ssnamenr": null,
            "drb": null
        },
        {
            "candid": 1561199980615015002,
            "jd": 2459315.6999884,
            "ra": 156.9236464,
            "dec": 72.8269476,
            "fid": 1,
            "nid": 1561,
            "magpsf": 19.260799407958984,
            "sigmapsf": 0.09369099885225296,
            "magnr": 18.840999603271484,
            "sigmagnr": 0.08399999886751175,
            "magzpsci": 26.293800354003906,
            "isdiffpos": "t",
            "ssdistnr": null,
            "ssnamenr": null,
            "drb": null
        },
        {
            "candid": 1561240280615015013,
            "jd": 2459315.7402894,
            "ra": 156.9236919,
            "dec": 72.8269475,
            "fid": 2,
            "nid": 1561,
            "magpsf": 18.70330047607422,
            "sigmapsf": 0.0898509994149208,
            "magnr": 17.518999099731445,
            "sigmagnr": 0.07800000160932541,
            "magzpsci": 25.803300857543945,
            "isdiffpos": "t",
            "ssdistnr": null,
            "ssnamenr": null,
            "drb": null
        },
        {
            "candid": 1562280535715015002,
            "jd": 2459316.7805324,
            "ra": 156.9236292,
            "dec": 72.826953,
            "fid": 2,
            "nid": 1562,
            "magpsf": 18.493600845336914,
            "sigmapsf": 0.06657800078392029,
            "magnr": 17.488000869750977,
            "sigmagnr": 0.08500000089406967,
            "magzpsci": 26.136600494384766,
            "isdiffpos": "t",
            "ssdistnr": null,
            "ssnamenr": null,
            "drb": null
        },
        {
            "candid": 1562281464815015002,
            "jd": 2459316.7814699,
            "ra": 156.9236728,
            "dec": 72.8269048,
            "fid": 2,
            "nid": 1562,
            "magpsf": 18.529699325561523,
            "sigmapsf": 0.08106400072574615,
            "magnr": 17.493000030517578,
            "sigmagnr": 0.08100000023841858,
            "magzpsci": 26.0177001953125,
            "isdiffpos": "t",
            "ssdistnr": null,
            "ssnamenr": null,
            "drb": null
        },
        {
            "candid": 1562341505715015000,
            "jd": 2459316.8415046,
            "ra": 156.923711,
            "dec": 72.8269317,
            "fid": 1,
            "nid": 1562,
            "magpsf": 19.222700119018555,
            "sigmapsf": 0.09780299663543701,
            "magnr": 18.013999938964844,
            "sigmagnr": 0.052000001072883606,
            "magzpsci": 26.233699798583984,
            "isdiffpos": "t",
            "ssdistnr": null,
            "ssnamenr": null,
            "drb": null
        },
        {
            "candid": 1562342014815015001,
            "jd": 2459316.8420139,
            "ra": 156.9234057,
            "dec": 72.8269498,
            "fid": 1,
            "nid": 1562,
            "magpsf": 19.305099487304688,
            "sigmapsf": 0.1092820018529892,
            "magnr": 18.743000030517578,
            "sigmagnr": 0.08500000089406967,
            "magzpsci": 26.08810043334961,
            "isdiffpos": "t",
            "ssdistnr": null,
            "ssnamenr": null,
            "drb": null
        },
        {
            "candid": 1563181330615015004,
            "jd": 2459317.681331,
            "ra": 156.9235789,
            "dec": 72.8269502,
            "fid": 1,
            "nid": 1563,
            "magpsf": 19.155899047851562,
            "sigmapsf": 0.08806999772787094,
            "magnr": 18.840999603271484,
            "sigmagnr": 0.08399999886751175,
            "magzpsci": 26.353900909423828,
            "isdiffpos": "t",
            "ssdistnr": null,
            "ssnamenr": null,
            "drb": null
        },
        {
            "candid": 1563181330615025004,
            "jd": 2459317.681331,
            "ra": 156.9235789,
            "dec": 72.8269502,
            "fid": 1,
            "nid": 1563,
            "magpsf": 19.155899047851562,
            "sigmapsf": 0.08806999772787094,
            "magnr": 18.840999603271484,
            "sigmagnr": 0.08399999886751175,
            "magzpsci": 26.353900909423828,
            "isdiffpos": "t",
            "ssdistnr": null,
            "ssnamenr": null,
            "drb": null
        },
        {
            "candid": 1565218754815015002,
            "jd": 2459319.71875,
            "ra": 156.9236592,
            "dec": 72.8269603,
            "fid": 2,
            "nid": 1565,
            "magpsf": 18.35849952697754,
            "sigmapsf": 0.07851000130176544,
            "magnr": 17.493000030517578,
            "sigmagnr": 0.08100000023841858,
            "magzpsci": 26.045499801635742,
            "isdiffpos": "t",
            "ssdistnr": null,
            "ssnamenr": null,
            "drb": null
        },
        {
            "candid": 1565219255715015005,
            "jd": 2459319.7192593,
            "ra": 156.9237457,
            "dec": 72.8269115,
            "fid": 2,
            "nid": 1565,
            "magpsf": 18.364099502563477,
            "sigmapsf": 0.07926800101995468,
            "magnr": 17.488000869750977,
            "sigmagnr": 0.08500000089406967,
            "magzpsci": 26.179100036621094,
            "isdiffpos": "t",
            "ssdistnr": null,
            "ssnamenr": null,
            "drb": null
        },
        {
            "candid": 1565265845715015003,
            "jd": 2459319.7658449,
            "ra": 156.9238336,
            "dec": 72.8269633,
            "fid": 1,
            "nid": 1565,
            "magpsf": 19.073699951171875,
            "sigmapsf": 0.1394830048084259,
            "magnr": 18.013999938964844,
            "sigmagnr": 0.052000001072883606,
            "magzpsci": 26.28569984436035,
            "isdiffpos": "t",
            "ssdistnr": null,
            "ssnamenr": null,
            "drb": null
        },
        {
            "candid": 1565267264815015002,
            "jd": 2459319.7672685,
            "ra": 156.9233803,
            "dec": 72.8268899,
            "fid": 1,
            "nid": 1565,
            "magpsf": 19.220800399780273,
            "sigmapsf": 0.11325400322675705,
            "magnr": 18.743000030517578,
            "sigmagnr": 0.08500000089406967,
            "magzpsci": 26.139799118041992,
            "isdiffpos": "t",
            "ssdistnr": null,
            "ssnamenr": null,
            "drb": null
        },
        {
            "candid": 1568186740615015002,
            "jd": 2459322.6867477,
            "ra": 156.9237326,
            "dec": 72.8269303,
            "fid": 1,
            "nid": 1568,
            "magpsf": 19.026399612426758,
            "sigmapsf": 0.10141699761152267,
            "magnr": 18.840999603271484,
            "sigmagnr": 0.08399999886751175,
            "magzpsci": 26.196399688720703,
            "isdiffpos": "t",
            "ssdistnr": null,
            "ssnamenr": null,
            "drb": null
        },
        {
            "candid": 1568196094815015000,
            "jd": 2459322.6960995,
            "ra": 156.9234133,
            "dec": 72.8269087,
            "fid": 1,
            "nid": 1568,
            "magpsf": 19.022199630737305,
            "sigmapsf": 0.13705000281333923,
            "magnr": 18.743000030517578,
            "sigmagnr": 0.08500000089406967,
            "magzpsci": 26.03019905090332,
            "isdiffpos": "t",
            "ssdistnr": null,
            "ssnamenr": null,
            "drb": null
        },
        {
            "candid": 1568198515715015001,
            "jd": 2459322.6985185,
            "ra": 156.9236214,
            "dec": 72.8269437,
            "fid": 1,
            "nid": 1568,
            "magpsf": 19.0403995513916,
            "sigmapsf": 0.1340710073709488,
            "magnr": 18.013999938964844,
            "sigmagnr": 0.052000001072883606,
            "magzpsci": 26.197399139404297,
            "isdiffpos": "t",
            "ssdistnr": null,
            "ssnamenr": null,
            "drb": null
        },
        {
            "candid": 1568241184815015000,
            "jd": 2459322.7411806,
            "ra": 156.9236881,
            "dec": 72.8269439,
            "fid": 2,
            "nid": 1568,
            "magpsf": 18.219999313354492,
            "sigmapsf": 0.06809599697589874,
            "magnr": 17.493000030517578,
            "sigmagnr": 0.08100000023841858,
            "magzpsci": 26.000999450683594,
            "isdiffpos": "t",
            "ssdistnr": null,
            "ssnamenr": null,
            "drb": null
        },
        {
            "candid": 1568242610615015002,
            "jd": 2459322.7426157,
            "ra": 156.9237132,
            "dec": 72.8269368,
            "fid": 2,
            "nid": 1568,
            "magpsf": 18.20800018310547,
            "sigmapsf": 0.08391399681568146,
            "magnr": 17.518999099731445,
            "sigmagnr": 0.07800000160932541,
            "magzpsci": 26.16699981689453,
            "isdiffpos": "t",
            "ssdistnr": null,
            "ssnamenr": null,
            "drb": null
        },
        {
            "candid": 1568265155715015002,
            "jd": 2459322.7651505,
            "ra": 156.9237374,
            "dec": 72.8269308,
            "fid": 2,
            "nid": 1568,
            "magpsf": 18.27090072631836,
            "sigmapsf": 0.056786999106407166,
            "magnr": 17.488000869750977,
            "sigmagnr": 0.08500000089406967,
            "magzpsci": 26.125900268554688,
            "isdiffpos": "t",
            "ssdistnr": null,
            "ssnamenr": null,
            "drb": null
        },
        {
            "candid": 1570181944815015000,
            "jd": 2459324.6819444,
            "ra": 156.9236275,
            "dec": 72.82698,
            "fid": 1,
            "nid": 1570,
            "magpsf": 19.048500061035156,
            "sigmapsf": 0.14799800515174866,
            "magnr": 18.743000030517578,
            "sigmagnr": 0.08500000089406967,
            "magzpsci": 26.116500854492188,
            "isdiffpos": "t",
            "ssdistnr": null,
            "ssnamenr": null,
            "drb": null
        },
        {
            "candid": 1570181944815035000,
            "jd": 2459324.6819444,
            "ra": 156.9236275,
            "dec": 72.82698,
            "fid": 1,
            "nid": 1570,
            "magpsf": 19.048500061035156,
            "sigmapsf": 0.14799800515174866,
            "magnr": 18.743000030517578,
            "sigmagnr": 0.08500000089406967,
            "magzpsci": 26.116500854492188,
            "isdiffpos": "t",
            "ssdistnr": null,
            "ssnamenr": null,
            "drb": null
        },
        {
            "candid": 1570181944815065000,
            "jd": 2459324.6819444,
            "ra": 156.9236275,
            "dec": 72.82698,
            "fid": 1,
            "nid": 1570,
            "magpsf": 19.048500061035156,
            "sigmapsf": 0.14799800515174866,
            "magnr": 18.743000030517578,
            "sigmagnr": 0.08500000089406967,
            "magzpsci": 26.116500854492188,
            "isdiffpos": "t",
            "ssdistnr": null,
            "ssnamenr": null,
            "drb": null
        },
        {
            "candid": 1570184310615015004,
            "jd": 2459324.6843171,
            "ra": 156.923644,
            "dec": 72.8269328,
            "fid": 1,
            "nid": 1570,
            "magpsf": 18.91230010986328,
            "sigmapsf": 0.09156499803066254,
            "magnr": 18.840999603271484,
            "sigmagnr": 0.08399999886751175,
            "magzpsci": 26.29330062866211,
            "isdiffpos": "t",
            "ssdistnr": null,
            "ssnamenr": null,
            "drb": null
        },
        {
            "candid": 1570184310615035004,
            "jd": 2459324.6843171,
            "ra": 156.923644,
            "dec": 72.8269328,
            "fid": 1,
            "nid": 1570,
            "magpsf": 18.91230010986328,
            "sigmapsf": 0.09156499803066254,
            "magnr": 18.840999603271484,
            "sigmagnr": 0.08399999886751175,
            "magzpsci": 26.29330062866211,
            "isdiffpos": "t",
            "ssdistnr": null,
            "ssnamenr": null,
            "drb": null
        },
        {
            "candid": 1570184310615065004,
            "jd": 2459324.6843171,
            "ra": 156.923644,
            "dec": 72.8269328,
            "fid": 1,
            "nid": 1570,
            "magpsf": 18.91230010986328,
            "sigmapsf": 0.09156499803066254,
            "magnr": 18.840999603271484,
            "sigmagnr": 0.08399999886751175,
            "magzpsci": 26.29330062866211,
            "isdiffpos": "t",
            "ssdistnr": null,
            "ssnamenr": null,
            "drb": null
        },
        {
            "candid": 1570184795715015000,
            "jd": 2459324.6847917,
            "ra": 156.9236972,
            "dec": 72.8269231,
            "fid": 1,
            "nid": 1570,
            "magpsf": 18.736000061035156,
            "sigmapsf": 0.10219699889421463,
            "magnr": 18.013999938964844,
            "sigmagnr": 0.052000001072883606,
            "magzpsci": 26.253999710083008,
            "isdiffpos": "t",
            "ssdistnr": null,
            "ssnamenr": null,
            "drb": null
        },
        {
            "candid": 1570184795715035000,
            "jd": 2459324.6847917,
            "ra": 156.9236972,
            "dec": 72.8269231,
            "fid": 1,
            "nid": 1570,
            "magpsf": 18.736000061035156,
            "sigmapsf": 0.10219699889421463,
            "magnr": 18.013999938964844,
            "sigmagnr": 0.052000001072883606,
            "magzpsci": 26.253999710083008,
            "isdiffpos": "t",
            "ssdistnr": null,
            "ssnamenr": null,
            "drb": null
        },
        {
            "candid": 1570184795715065000,
            "jd": 2459324.6847917,
            "ra": 156.9236972,
            "dec": 72.8269231,
            "fid": 1,
            "nid": 1570,
            "magpsf": 18.736000061035156,
            "sigmapsf": 0.10219699889421463,
            "magnr": 18.013999938964844,
            "sigmagnr": 0.052000001072883606,
            "magzpsci": 26.253999710083008,
            "isdiffpos": "t",
            "ssdistnr": null,
            "ssnamenr": null,
            "drb": null
        },
        {
            "candid": 1570195754815015000,
            "jd": 2459324.6957523,
            "ra": 156.9236574,
            "dec": 72.8269501,
            "fid": 2,
            "nid": 1570,
            "magpsf": 18.137100219726562,
            "sigmapsf": 0.06658399850130081,
            "magnr": 17.493000030517578,
            "sigmagnr": 0.08100000023841858,
            "magzpsci": 26.033100128173828,
            "isdiffpos": "t",
            "ssdistnr": null,
            "ssnamenr": null,
            "drb": null
        },
        {
            "candid": 1570195754815035000,
            "jd": 2459324.6957523,
            "ra": 156.9236574,
            "dec": 72.8269501,
            "fid": 2,
            "nid": 1570,
            "magpsf": 18.137100219726562,
            "sigmapsf": 0.06658399850130081,
            "magnr": 17.493000030517578,
            "sigmagnr": 0.08100000023841858,
            "magzpsci": 26.033100128173828,
            "isdiffpos": "t",
            "ssdistnr": null,
            "ssnamenr": null,
            "drb": null
        },
        {
            "candid": 1570195754815065000,
            "jd": 2459324.6957523,
            "ra": 156.9236574,
            "dec": 72.8269501,
            "fid": 2,
            "nid": 1570,
            "magpsf": 18.137100219726562,
            "sigmapsf": 0.06658399850130081,
            "magnr": 17.493000030517578,
            "sigmagnr": 0.08100000023841858,
            "magzpsci": 26.033100128173828,
            "isdiffpos": "t",
            "ssdistnr": null,
            "ssnamenr": null,
            "drb": null
        },
        {
            "candid": 1570220930615015004,
            "jd": 2459324.7209375,
            "ra": 156.923732,
            "dec": 72.8269362,
            "fid": 2,
            "nid": 1570,
            "magpsf": 18.05030059814453,
            "sigmapsf": 0.06046000123023987,
            "magnr": 17.518999099731445,
            "sigmagnr": 0.07800000160932541,
            "magzpsci": 26.198299407958984,
            "isdiffpos": "t",
            "ssdistnr": -999.0,
            "ssnamenr": "null",
            "drb": null
        },
        {
            "candid": 1570220930615035004,
            "jd": 2459324.7209375,
            "ra": 156.923732,
            "dec": 72.8269362,
            "fid": 2,
            "nid": 1570,
            "magpsf": 18.05030059814453,
            "sigmapsf": 0.06046000123023987,
            "magnr": 17.518999099731445,
            "sigmagnr": 0.07800000160932541,
            "magzpsci": 26.198299407958984,
            "isdiffpos": "t",
            "ssdistnr": null,
            "ssnamenr": null,
            "drb": null
        },
        {
            "candid": 1570220930615065004,
            "jd": 2459324.7209375,
            "ra": 156.923732,
            "dec": 72.8269362,
            "fid": 2,
            "nid": 1570,
            "magpsf": 18.05030059814453,
            "sigmapsf": 0.06046000123023987,
            "magnr": 17.518999099731445,
            "sigmagnr": 0.07800000160932541,
            "magzpsci": 26.198299407958984,
            "isdiffpos": "t",
            "ssdistnr": null,
            "ssnamenr": null,
            "drb": null
        },
        {
            "candid": 1570221405715015001,
            "jd": 2459324.7214005,
            "ra": 156.9237364,
            "dec": 72.826938,
            "fid": 2,
            "nid": 1570,
            "magpsf": 18.061019897460938,
            "sigmapsf": 0.06862500309944153,
            "magnr": 17.488000869750977,
            "sigmagnr": 0.08500000089406967,
            "magzpsci": 26.14702033996582,
            "isdiffpos": "t",
            "ssdistnr": -999.0,
            "ssnamenr": "null",
            "drb": null
        },
        {
            "candid": 1570221405715035001,
            "jd": 2459324.7214005,
            "ra": 156.9237364,
            "dec": 72.826938,
            "fid": 2,
            "nid": 1570,
            "magpsf": 18.06100082397461,
            "sigmapsf": 0.06862500309944153,
            "magnr": 17.488000869750977,
            "sigmagnr": 0.08500000089406967,
            "magzpsci": 26.14699935913086,
            "isdiffpos": "t",
            "ssdistnr": null,
            "ssnamenr": null,
            "drb": null
        },
        {
            "candid": 1570221405715065001,
            "jd": 2459324.7214005,
            "ra": 156.9237364,
            "dec": 72.826938,
            "fid": 2,
            "nid": 1570,
            "magpsf": 18.06100082397461,
            "sigmapsf": 0.06862500309944153,
            "magnr": 17.488000869750977,
            "sigmagnr": 0.08500000089406967,
            "magzpsci": 26.14699935913086,
            "isdiffpos": "t",
            "ssdistnr": null,
            "ssnamenr": null,
            "drb": null
        },
        {
            "candid": 1574185855715015001,
            "jd": 2459328.6858565,
            "ra": 156.9237048,
            "dec": 72.8269442,
            "fid": 2,
            "nid": 1574,
            "magpsf": 17.950700759887695,
            "sigmapsf": 0.05420999974012375,
            "magnr": 17.488000869750977,
            "sigmagnr": 0.08500000089406967,
            "magzpsci": 26.163700103759766,
            "isdiffpos": "t",
            "ssdistnr": null,
            "ssnamenr": null,
            "drb": null
        },
        {
            "candid": 1574204604815015000,
            "jd": 2459328.7046065,
            "ra": 156.923711,
            "dec": 72.8268605,
            "fid": 1,
            "nid": 1574,
            "magpsf": 18.752899169921875,
            "sigmapsf": 0.11903899908065796,
            "magnr": 18.743000030517578,
            "sigmagnr": 0.08500000089406967,
            "magzpsci": 26.117900848388672,
            "isdiffpos": "t",
            "ssdistnr": null,
            "ssnamenr": null,
            "drb": null
        },
        {
            "candid": 1574224585715015000,
            "jd": 2459328.7245833,
            "ra": 156.9236278,
            "dec": 72.8269381,
            "fid": 1,
            "nid": 1574,
            "magpsf": 18.79199981689453,
            "sigmapsf": 0.1086369976401329,
            "magnr": 18.013999938964844,
            "sigmagnr": 0.052000001072883606,
            "magzpsci": 26.26799964904785,
            "isdiffpos": "t",
            "ssdistnr": null,
            "ssnamenr": null,
            "drb": null
        },
        {
            "candid": 1574225050615015003,
            "jd": 2459328.7250579,
            "ra": 156.9237026,
            "dec": 72.8269542,
            "fid": 1,
            "nid": 1574,
            "magpsf": 18.80030059814453,
            "sigmapsf": 0.13310299813747406,
            "magnr": 18.840999603271484,
            "sigmagnr": 0.08399999886751175,
            "magzpsci": 26.30030059814453,
            "isdiffpos": "t",
            "ssdistnr": null,
            "ssnamenr": null,
            "drb": null
        },
        {
            "candid": 1580183544815015000,
            "jd": 2459334.6835417,
            "ra": 156.9235905,
            "dec": 72.8269411,
            "fid": 1,
            "nid": 1580,
            "magpsf": 18.496000289916992,
            "sigmapsf": 0.083856001496315,
            "magnr": 18.743000030517578,
            "sigmagnr": 0.08500000089406967,
            "magzpsci": 26.121999740600586,
            "isdiffpos": "t",
            "ssdistnr": null,
            "ssnamenr": null,
            "drb": null
        },
        {
            "candid": 1580205430615015003,
            "jd": 2459334.7054398,
            "ra": 156.923744,
            "dec": 72.8269298,
            "fid": 1,
            "nid": 1580,
            "magpsf": 18.509700775146484,
            "sigmapsf": 0.06008699908852577,
            "magnr": 18.840999603271484,
            "sigmagnr": 0.08399999886751175,
            "magzpsci": 26.317699432373047,
            "isdiffpos": "t",
            "ssdistnr": null,
            "ssnamenr": null,
            "drb": null
        },
        {
            "candid": 1580205915715015004,
            "jd": 2459334.7059144,
            "ra": 156.9236221,
            "dec": 72.8269546,
            "fid": 1,
            "nid": 1580,
            "magpsf": 18.371999740600586,
            "sigmapsf": 0.07163699716329575,
            "magnr": 18.013999938964844,
            "sigmagnr": 0.052000001072883606,
            "magzpsci": 26.268999099731445,
            "isdiffpos": "t",
            "ssdistnr": null,
            "ssnamenr": null,
            "drb": null
        },
        {
            "candid": 1580324690615015005,
            "jd": 2459334.8246991,
            "ra": 156.9237385,
            "dec": 72.8269422,
            "fid": 2,
            "nid": 1580,
            "magpsf": 17.648300170898438,
            "sigmapsf": 0.037085000425577164,
            "magnr": 17.518999099731445,
            "sigmagnr": 0.07800000160932541,
            "magzpsci": 26.21030044555664,
            "isdiffpos": "t",
            "ssdistnr": null,
            "ssnamenr": null,
            "drb": null
        },
        {
            "candid": 1580326584815015015,
            "jd": 2459334.8265856,
            "ra": 156.9237141,
            "dec": 72.8269288,
            "fid": 2,
            "nid": 1580,
            "magpsf": 17.667299270629883,
            "sigmapsf": 0.0547109991312027,
            "magnr": 17.493000030517578,
            "sigmagnr": 0.08100000023841858,
            "magzpsci": 26.05030059814453,
            "isdiffpos": "t",
            "ssdistnr": null,
            "ssnamenr": null,
            "drb": null
        },
        {
            "candid": 1580341095715015001,
            "jd": 2459334.8410995,
            "ra": 156.9236882,
            "dec": 72.8269145,
            "fid": 2,
            "nid": 1580,
            "magpsf": 17.674999237060547,
            "sigmapsf": 0.04895000159740448,
            "magnr": 17.488000869750977,
            "sigmagnr": 0.08500000089406967,
            "magzpsci": 26.16699981689453,
            "isdiffpos": "t",
            "ssdistnr": null,
            "ssnamenr": null,
            "drb": null
        },
        {
            "candid": 1582214755715015006,
            "jd": 2459336.7147569,
            "ra": 156.9236172,
            "dec": 72.8269403,
            "fid": 1,
            "nid": 1582,
            "magpsf": 18.429500579833984,
            "sigmapsf": 0.060617998242378235,
            "magnr": 18.013999938964844,
            "sigmagnr": 0.052000001072883606,
            "magzpsci": 26.305500030517578,
            "isdiffpos": "t",
            "ssdistnr": null,
            "ssnamenr": null,
            "drb": null
        },
        {
            "candid": 1582214755715025006,
            "jd": 2459336.7147569,
            "ra": 156.9236172,
            "dec": 72.8269403,
            "fid": 1,
            "nid": 1582,
            "magpsf": 18.429500579833984,
            "sigmapsf": 0.060617998242378235,
            "magnr": 18.013999938964844,
            "sigmagnr": 0.052000001072883606,
            "magzpsci": 26.305500030517578,
            "isdiffpos": "t",
            "ssdistnr": null,
            "ssnamenr": null,
            "drb": null
        },
        {
            "candid": 1582214755715035006,
            "jd": 2459336.7147569,
            "ra": 156.9236172,
            "dec": 72.8269403,
            "fid": 1,
            "nid": 1582,
            "magpsf": 18.429500579833984,
            "sigmapsf": 0.060617998242378235,
            "magnr": 18.013999938964844,
            "sigmagnr": 0.052000001072883606,
            "magzpsci": 26.305500030517578,
            "isdiffpos": "t",
            "ssdistnr": null,
            "ssnamenr": null,
            "drb": null
        },
        {
            "candid": 1582239790615015004,
            "jd": 2459336.7397917,
            "ra": 156.9236561,
            "dec": 72.8269419,
            "fid": 1,
            "nid": 1582,
            "magpsf": 18.334299087524414,
            "sigmapsf": 0.0674860030412674,
            "magnr": 18.840999603271484,
            "sigmagnr": 0.08399999886751175,
            "magzpsci": 26.290300369262695,
            "isdiffpos": "t",
            "ssdistnr": null,
            "ssnamenr": null,
            "drb": null
        },
        {
            "candid": 1582239790615025004,
            "jd": 2459336.7397917,
            "ra": 156.9236561,
            "dec": 72.8269419,
            "fid": 1,
            "nid": 1582,
            "magpsf": 18.334299087524414,
            "sigmapsf": 0.0674860030412674,
            "magnr": 18.840999603271484,
            "sigmagnr": 0.08399999886751175,
            "magzpsci": 26.290300369262695,
            "isdiffpos": "t",
            "ssdistnr": null,
            "ssnamenr": null,
            "drb": null
        },
        {
            "candid": 1582239790615035004,
            "jd": 2459336.7397917,
            "ra": 156.9236561,
            "dec": 72.8269419,
            "fid": 1,
            "nid": 1582,
            "magpsf": 18.334299087524414,
            "sigmapsf": 0.0674860030412674,
            "magnr": 18.840999603271484,
            "sigmagnr": 0.08399999886751175,
            "magzpsci": 26.290300369262695,
            "isdiffpos": "t",
            "ssdistnr": null,
            "ssnamenr": null,
            "drb": null
        },
        {
            "candid": 1582240774815015001,
            "jd": 2459336.7407755,
            "ra": 156.9235161,
            "dec": 72.8269361,
            "fid": 1,
            "nid": 1582,
            "magpsf": 18.4064998626709,
            "sigmapsf": 0.0698700025677681,
            "magnr": 18.743000030517578,
            "sigmagnr": 0.08500000089406967,
            "magzpsci": 26.113500595092773,
            "isdiffpos": "t",
            "ssdistnr": null,
            "ssnamenr": null,
            "drb": null
        },
        {
            "candid": 1582240774815025001,
            "jd": 2459336.7407755,
            "ra": 156.9235161,
            "dec": 72.8269361,
            "fid": 1,
            "nid": 1582,
            "magpsf": 18.4064998626709,
            "sigmapsf": 0.0698700025677681,
            "magnr": 18.743000030517578,
            "sigmagnr": 0.08500000089406967,
            "magzpsci": 26.113500595092773,
            "isdiffpos": "t",
            "ssdistnr": null,
            "ssnamenr": null,
            "drb": null
        },
        {
            "candid": 1582240774815035001,
            "jd": 2459336.7407755,
            "ra": 156.9235161,
            "dec": 72.8269361,
            "fid": 1,
            "nid": 1582,
            "magpsf": 18.4064998626709,
            "sigmapsf": 0.0698700025677681,
            "magnr": 18.743000030517578,
            "sigmagnr": 0.08500000089406967,
            "magzpsci": 26.113500595092773,
            "isdiffpos": "t",
            "ssdistnr": null,
            "ssnamenr": null,
            "drb": null
        },
        {
            "candid": 1582324725715015000,
            "jd": 2459336.8247222,
            "ra": 156.9237082,
            "dec": 72.8269231,
            "fid": 2,
            "nid": 1582,
            "magpsf": 17.577999114990234,
            "sigmapsf": 0.046813998371362686,
            "magnr": 17.488000869750977,
            "sigmagnr": 0.08500000089406967,
            "magzpsci": 26.097000122070312,
            "isdiffpos": "t",
            "ssdistnr": null,
            "ssnamenr": null,
            "drb": null
        },
        {
            "candid": 1582324725715025000,
            "jd": 2459336.8247222,
            "ra": 156.9237082,
            "dec": 72.8269231,
            "fid": 2,
            "nid": 1582,
            "magpsf": 17.577999114990234,
            "sigmapsf": 0.046813998371362686,
            "magnr": 17.488000869750977,
            "sigmagnr": 0.08500000089406967,
            "magzpsci": 26.097000122070312,
            "isdiffpos": "t",
            "ssdistnr": null,
            "ssnamenr": null,
            "drb": null
        },
        {
            "candid": 1582324725715035000,
            "jd": 2459336.8247222,
            "ra": 156.9237082,
            "dec": 72.8269231,
            "fid": 2,
            "nid": 1582,
            "magpsf": 17.577999114990234,
            "sigmapsf": 0.046813998371362686,
            "magnr": 17.488000869750977,
            "sigmagnr": 0.08500000089406967,
            "magzpsci": 26.097000122070312,
            "isdiffpos": "t",
            "ssdistnr": null,
            "ssnamenr": null,
            "drb": null
        },
        {
            "candid": 1582349834815015000,
            "jd": 2459336.849838,
            "ra": 156.9236547,
            "dec": 72.8269239,
            "fid": 2,
            "nid": 1582,
            "magpsf": 17.63361930847168,
            "sigmapsf": 0.05861400067806244,
            "magnr": 17.493000030517578,
            "sigmagnr": 0.08100000023841858,
            "magzpsci": 25.98862075805664,
            "isdiffpos": "t",
            "ssdistnr": -999.0,
            "ssnamenr": "null",
            "drb": null
        },
        {
            "candid": 1582349834815025000,
            "jd": 2459336.849838,
            "ra": 156.9236547,
            "dec": 72.8269239,
            "fid": 2,
            "nid": 1582,
            "magpsf": 17.63360023498535,
            "sigmapsf": 0.05861400067806244,
            "magnr": 17.493000030517578,
            "sigmagnr": 0.08100000023841858,
            "magzpsci": 25.98859977722168,
            "isdiffpos": "t",
            "ssdistnr": null,
            "ssnamenr": null,
            "drb": null
        },
        {
            "candid": 1582349834815035000,
            "jd": 2459336.849838,
            "ra": 156.9236547,
            "dec": 72.8269239,
            "fid": 2,
            "nid": 1582,
            "magpsf": 17.63360023498535,
            "sigmapsf": 0.05861400067806244,
            "magnr": 17.493000030517578,
            "sigmagnr": 0.08100000023841858,
            "magzpsci": 25.98859977722168,
            "isdiffpos": "t",
            "ssdistnr": null,
            "ssnamenr": null,
            "drb": null
        },
        {
            "candid": 1582359940615015004,
            "jd": 2459336.8599421,
            "ra": 156.923746,
            "dec": 72.8269284,
            "fid": 2,
            "nid": 1582,
            "magpsf": 17.579439163208008,
            "sigmapsf": 0.044227998703718185,
            "magnr": 17.518999099731445,
            "sigmagnr": 0.07800000160932541,
            "magzpsci": 26.13644027709961,
            "isdiffpos": "t",
            "ssdistnr": -999.0,
            "ssnamenr": "null",
            "drb": null
        },
        {
            "candid": 1582359940615025004,
            "jd": 2459336.8599421,
            "ra": 156.923746,
            "dec": 72.8269284,
            "fid": 2,
            "nid": 1582,
            "magpsf": 17.57939910888672,
            "sigmapsf": 0.044227998703718185,
            "magnr": 17.518999099731445,
            "sigmagnr": 0.07800000160932541,
            "magzpsci": 26.13640022277832,
            "isdiffpos": "t",
            "ssdistnr": null,
            "ssnamenr": null,
            "drb": null
        },
        {
            "candid": 1582359940615035004,
            "jd": 2459336.8599421,
            "ra": 156.923746,
            "dec": 72.8269284,
            "fid": 2,
            "nid": 1582,
            "magpsf": 17.57939910888672,
            "sigmapsf": 0.044227998703718185,
            "magnr": 17.518999099731445,
            "sigmagnr": 0.07800000160932541,
            "magzpsci": 26.13640022277832,
            "isdiffpos": "t",
            "ssdistnr": null,
            "ssnamenr": null,
            "drb": null
        },
        {
            "candid": 1585222244815015001,
            "jd": 2459339.7222454,
            "ra": 156.9236003,
            "dec": 72.826955,
            "fid": 1,
            "nid": 1585,
            "magpsf": 18.409900665283203,
            "sigmapsf": 0.08366800099611282,
            "magnr": 18.743000030517578,
            "sigmagnr": 0.08500000089406967,
            "magzpsci": 26.087900161743164,
            "isdiffpos": "t",
            "ssdistnr": null,
            "ssnamenr": null,
            "drb": null
        },
        {
            "candid": 1585223220615015006,
            "jd": 2459339.7232292,
            "ra": 156.9236705,
            "dec": 72.8269332,
            "fid": 1,
            "nid": 1585,
            "magpsf": 18.37179946899414,
            "sigmapsf": 0.06719300150871277,
            "magnr": 18.840999603271484,
            "sigmagnr": 0.08399999886751175,
            "magzpsci": 26.258800506591797,
            "isdiffpos": "t",
            "ssdistnr": null,
            "ssnamenr": null,
            "drb": null
        },
        {
            "candid": 1585227515715015001,
            "jd": 2459339.7275116,
            "ra": 156.9236523,
            "dec": 72.8269174,
            "fid": 1,
            "nid": 1585,
            "magpsf": 18.35409927368164,
            "sigmapsf": 0.07001300156116486,
            "magnr": 18.013999938964844,
            "sigmagnr": 0.052000001072883606,
            "magzpsci": 26.23509979248047,
            "isdiffpos": "t",
            "ssdistnr": null,
            "ssnamenr": null,
            "drb": null
        },
        {
            "candid": 1585284080615015005,
            "jd": 2459339.7840856,
            "ra": 156.9237473,
            "dec": 72.8269667,
            "fid": 2,
            "nid": 1585,
            "magpsf": 17.544599533081055,
            "sigmapsf": 0.04190300032496452,
            "magnr": 17.518999099731445,
            "sigmagnr": 0.07800000160932541,
            "magzpsci": 26.162599563598633,
            "isdiffpos": "t",
            "ssdistnr": null,
            "ssnamenr": null,
            "drb": null
        },
        {
            "candid": 1585284565715015004,
            "jd": 2459339.7845602,
            "ra": 156.9237195,
            "dec": 72.8269114,
            "fid": 2,
            "nid": 1585,
            "magpsf": 17.547199249267578,
            "sigmapsf": 0.05112700164318085,
            "magnr": 17.488000869750977,
            "sigmagnr": 0.08500000089406967,
            "magzpsci": 26.10420036315918,
            "isdiffpos": "t",
            "ssdistnr": null,
            "ssnamenr": null,
            "drb": null
        },
        {
            "candid": 1585285064815015003,
            "jd": 2459339.7850694,
            "ra": 156.9237222,
            "dec": 72.8269548,
            "fid": 2,
            "nid": 1585,
            "magpsf": 17.56279945373535,
            "sigmapsf": 0.06598199903964996,
            "magnr": 17.493000030517578,
            "sigmagnr": 0.08100000023841858,
            "magzpsci": 26.006799697875977,
            "isdiffpos": "t",
            "ssdistnr": null,
            "ssnamenr": null,
            "drb": null
        },
        {
            "candid": 1587179094815015000,
            "jd": 2459341.6790972,
            "ra": 156.9234915,
            "dec": 72.8269623,
            "fid": 1,
            "nid": 1587,
            "magpsf": 18.46179962158203,
            "sigmapsf": 0.09137099981307983,
            "magnr": 18.743000030517578,
            "sigmagnr": 0.08500000089406967,
            "magzpsci": 26.102800369262695,
            "isdiffpos": "t",
            "ssdistnr": null,
            "ssnamenr": null,
            "drb": null
        },
        {
            "candid": 1587180080615015000,
            "jd": 2459341.680081,
            "ra": 156.9237045,
            "dec": 72.82694,
            "fid": 1,
            "nid": 1587,
            "magpsf": 18.375900268554688,
            "sigmapsf": 0.07281000167131424,
            "magnr": 18.840999603271484,
            "sigmagnr": 0.08399999886751175,
            "magzpsci": 26.27389907836914,
            "isdiffpos": "t",
            "ssdistnr": null,
            "ssnamenr": null,
            "drb": null
        },
        {
            "candid": 1587181035715015000,
            "jd": 2459341.6810301,
            "ra": 156.9237209,
            "dec": 72.8269067,
            "fid": 1,
            "nid": 1587,
            "magpsf": 18.373600006103516,
            "sigmapsf": 0.08390499651432037,
            "magnr": 18.013999938964844,
            "sigmagnr": 0.052000001072883606,
            "magzpsci": 26.25659942626953,
            "isdiffpos": "t",
            "ssdistnr": null,
            "ssnamenr": null,
            "drb": null
        },
        {
            "candid": 1587204204815015001,
            "jd": 2459341.7042014,
            "ra": 156.9237089,
            "dec": 72.8269402,
            "fid": 2,
            "nid": 1587,
            "magpsf": 17.551000595092773,
            "sigmapsf": 0.05860399827361107,
            "magnr": 17.493000030517578,
            "sigmagnr": 0.08100000023841858,
            "magzpsci": 26.027000427246094,
            "isdiffpos": "t",
            "ssdistnr": null,
            "ssnamenr": null,
            "drb": null
        },
        {
            "candid": 1587204670615015003,
            "jd": 2459341.7046759,
            "ra": 156.9237139,
            "dec": 72.8269582,
            "fid": 2,
            "nid": 1587,
            "magpsf": 17.503299713134766,
            "sigmapsf": 0.04453599825501442,
            "magnr": 17.518999099731445,
            "sigmagnr": 0.07800000160932541,
            "magzpsci": 26.209299087524414,
            "isdiffpos": "t",
            "ssdistnr": null,
            "ssnamenr": null,
            "drb": null
        },
        {
            "candid": 1587205155715015003,
            "jd": 2459341.7051505,
            "ra": 156.9237236,
            "dec": 72.8269369,
            "fid": 2,
            "nid": 1587,
            "magpsf": 17.552099227905273,
            "sigmapsf": 0.0351950004696846,
            "magnr": 17.488000869750977,
            "sigmagnr": 0.08500000089406967,
            "magzpsci": 26.151100158691406,
            "isdiffpos": "t",
            "ssdistnr": null,
            "ssnamenr": null,
            "drb": null
        },
        {
            "candid": 1589200034815015000,
            "jd": 2459343.7000347,
            "ra": 156.9237152,
            "dec": 72.826938,
            "fid": 2,
            "nid": 1589,
            "magpsf": 17.60460090637207,
            "sigmapsf": 0.04678000137209892,
            "magnr": 17.493000030517578,
            "sigmagnr": 0.08100000023841858,
            "magzpsci": 25.976600646972656,
            "isdiffpos": "t",
            "ssdistnr": null,
            "ssnamenr": null,
            "drb": null
        },
        {
            "candid": 1589201010615015007,
            "jd": 2459343.7010185,
            "ra": 156.9237665,
            "dec": 72.826944,
            "fid": 2,
            "nid": 1589,
            "magpsf": 17.50349998474121,
            "sigmapsf": 0.0466650016605854,
            "magnr": 17.518999099731445,
            "sigmagnr": 0.07800000160932541,
            "magzpsci": 26.13450050354004,
            "isdiffpos": "t",
            "ssdistnr": null,
            "ssnamenr": null,
            "drb": null
        },
        {
            "candid": 1589202905715015003,
            "jd": 2459343.7029051,
            "ra": 156.9237122,
            "dec": 72.8269324,
            "fid": 2,
            "nid": 1589,
            "magpsf": 17.563100814819336,
            "sigmapsf": 0.04695399850606918,
            "magnr": 17.488000869750977,
            "sigmagnr": 0.08500000089406967,
            "magzpsci": 26.092100143432617,
            "isdiffpos": "t",
            "ssdistnr": null,
            "ssnamenr": null,
            "drb": null
        },
        {
            "candid": 1589241274815015001,
            "jd": 2459343.7412731,
            "ra": 156.9236182,
            "dec": 72.8269675,
            "fid": 1,
            "nid": 1589,
            "magpsf": 18.519800186157227,
            "sigmapsf": 0.08732599765062332,
            "magnr": 18.743000030517578,
            "sigmagnr": 0.08500000089406967,
            "magzpsci": 26.010799407958984,
            "isdiffpos": "t",
            "ssdistnr": null,
            "ssnamenr": null,
            "drb": null
        },
        {
            "candid": 1589246895715015001,
            "jd": 2459343.7468981,
            "ra": 156.9237032,
            "dec": 72.8269267,
            "fid": 1,
            "nid": 1589,
            "magpsf": 18.42490005493164,
            "sigmapsf": 0.0807420015335083,
            "magnr": 18.013999938964844,
            "sigmagnr": 0.052000001072883606,
            "magzpsci": 26.16990089416504,
            "isdiffpos": "t",
            "ssdistnr": null,
            "ssnamenr": null,
            "drb": null
        },
        {
            "candid": 1589256290615015007,
            "jd": 2459343.7562963,
            "ra": 156.9237425,
            "dec": 72.8269325,
            "fid": 1,
            "nid": 1589,
            "magpsf": 18.51729965209961,
            "sigmapsf": 0.07855100184679031,
            "magnr": 18.840999603271484,
            "sigmagnr": 0.08399999886751175,
            "magzpsci": 26.222299575805664,
            "isdiffpos": "t",
            "ssdistnr": null,
            "ssnamenr": null,
            "drb": null
        },
        {
            "candid": 1591185605715015004,
            "jd": 2459345.6856019,
            "ra": 156.923659,
            "dec": 72.8269382,
            "fid": 1,
            "nid": 1591,
            "magpsf": 18.512699127197266,
            "sigmapsf": 0.09031999856233597,
            "magnr": 18.013999938964844,
            "sigmagnr": 0.052000001072883606,
            "magzpsci": 26.220699310302734,
            "isdiffpos": "t",
            "ssdistnr": null,
            "ssnamenr": null,
            "drb": null
        },
        {
            "candid": 1591186060615015005,
            "jd": 2459345.6860648,
            "ra": 156.9237189,
            "dec": 72.826949,
            "fid": 1,
            "nid": 1591,
            "magpsf": 18.560800552368164,
            "sigmapsf": 0.07046999782323837,
            "magnr": 18.840999603271484,
            "sigmagnr": 0.08399999886751175,
            "magzpsci": 26.2637996673584,
            "isdiffpos": "t",
            "ssdistnr": null,
            "ssnamenr": null,
            "drb": null
        },
        {
            "candid": 1591187044815015002,
            "jd": 2459345.6870486,
            "ra": 156.9236321,
            "dec": 72.8269359,
            "fid": 1,
            "nid": 1591,
            "magpsf": 18.671600341796875,
            "sigmapsf": 0.07364500313997269,
            "magnr": 18.743000030517578,
            "sigmagnr": 0.08500000089406967,
            "magzpsci": 26.064599990844727,
            "isdiffpos": "t",
            "ssdistnr": null,
            "ssnamenr": null,
            "drb": null
        },
        {
            "candid": 1591205485715015001,
            "jd": 2459345.7054861,
            "ra": 156.9236809,
            "dec": 72.8269386,
            "fid": 2,
            "nid": 1591,
            "magpsf": 17.58769989013672,
            "sigmapsf": 0.04038099944591522,
            "magnr": 17.488000869750977,
            "sigmagnr": 0.08500000089406967,
            "magzpsci": 26.097700119018555,
            "isdiffpos": "t",
            "ssdistnr": null,
            "ssnamenr": null,
            "drb": null
        },
        {
            "candid": 1591205960615015009,
            "jd": 2459345.7059606,
            "ra": 156.9237289,
            "dec": 72.8269558,
            "fid": 2,
            "nid": 1591,
            "magpsf": 17.587200164794922,
            "sigmapsf": 0.047623999416828156,
            "magnr": 17.518999099731445,
            "sigmagnr": 0.07800000160932541,
            "magzpsci": 26.162200927734375,
            "isdiffpos": "t",
            "ssdistnr": null,
            "ssnamenr": null,
            "drb": null
        },
        {
            "candid": 1591206944815015001,
            "jd": 2459345.7069444,
            "ra": 156.9236758,
            "dec": 72.826927,
            "fid": 2,
            "nid": 1591,
            "magpsf": 17.61720085144043,
            "sigmapsf": 0.04597000032663345,
            "magnr": 17.493000030517578,
            "sigmagnr": 0.08100000023841858,
            "magzpsci": 25.976200103759766,
            "isdiffpos": "t",
            "ssdistnr": null,
            "ssnamenr": null,
            "drb": null
        },
        {
            "candid": 1594262234815015000,
            "jd": 2459348.7622338,
            "ra": 156.9236284,
            "dec": 72.8269408,
            "fid": 1,
            "nid": 1594,
            "magpsf": 18.87350082397461,
            "sigmapsf": 0.09961900115013123,
            "magnr": 18.743000030517578,
            "sigmagnr": 0.08500000089406967,
            "magzpsci": 26.071500778198242,
            "isdiffpos": "t",
            "ssdistnr": null,
            "ssnamenr": null,
            "drb": null
        },
        {
            "candid": 1594301814815015000,
            "jd": 2459348.8018171,
            "ra": 156.9237304,
            "dec": 72.8269339,
            "fid": 2,
            "nid": 1594,
            "magpsf": 17.76729965209961,
            "sigmapsf": 0.06553400307893753,
            "magnr": 17.493000030517578,
            "sigmagnr": 0.08100000023841858,
            "magzpsci": 26.00629997253418,
            "isdiffpos": "t",
            "ssdistnr": null,
            "ssnamenr": null,
            "drb": null
        },
        {
            "candid": 1594302800615015006,
            "jd": 2459348.8028009,
            "ra": 156.9237097,
            "dec": 72.8269562,
            "fid": 2,
            "nid": 1594,
            "magpsf": 17.690900802612305,
            "sigmapsf": 0.04672599956393242,
            "magnr": 17.518999099731445,
            "sigmagnr": 0.07800000160932541,
            "magzpsci": 26.153900146484375,
            "isdiffpos": "t",
            "ssdistnr": null,
            "ssnamenr": null,
            "drb": null
        },
        {
            "candid": 1594303275715015000,
            "jd": 2459348.8032755,
            "ra": 156.9237392,
            "dec": 72.8269436,
            "fid": 2,
            "nid": 1594,
            "magpsf": 17.7362003326416,
            "sigmapsf": 0.04843299835920334,
            "magnr": 17.488000869750977,
            "sigmagnr": 0.08500000089406967,
            "magzpsci": 26.094200134277344,
            "isdiffpos": "t",
            "ssdistnr": null,
            "ssnamenr": null,
            "drb": null
        },
        {
            "candid": 1594368945715015002,
            "jd": 2459348.8689468,
            "ra": 156.9237211,
            "dec": 72.8269298,
            "fid": 1,
            "nid": 1594,
            "magpsf": 18.742900848388672,
            "sigmapsf": 0.10678400099277496,
            "magnr": 18.013999938964844,
            "sigmagnr": 0.052000001072883606,
            "magzpsci": 26.124900817871094,
            "isdiffpos": "t",
            "ssdistnr": null,
            "ssnamenr": null,
            "drb": null
        },
        {
            "candid": 1596183715715015001,
            "jd": 2459350.6837153,
            "ra": 156.9236059,
            "dec": 72.8269256,
            "fid": 1,
            "nid": 1596,
            "magpsf": 18.962900161743164,
            "sigmapsf": 0.1204959973692894,
            "magnr": 18.013999938964844,
            "sigmagnr": 0.052000001072883606,
            "magzpsci": 26.236900329589844,
            "isdiffpos": "t",
            "ssdistnr": null,
            "ssnamenr": null,
            "drb": null
        },
        {
            "candid": 1596199724815015001,
            "jd": 2459350.6997222,
            "ra": 156.923484,
            "dec": 72.8269431,
            "fid": 1,
            "nid": 1596,
            "magpsf": 18.964099884033203,
            "sigmapsf": 0.1820639967918396,
            "magnr": 18.743000030517578,
            "sigmagnr": 0.08500000089406967,
            "magzpsci": 26.061100006103516,
            "isdiffpos": "t",
            "ssdistnr": null,
            "ssnamenr": null,
            "drb": null
        },
        {
            "candid": 1596236054815015000,
            "jd": 2459350.7360532,
            "ra": 156.9235876,
            "dec": 72.826943,
            "fid": 2,
            "nid": 1596,
            "magpsf": 17.766399383544922,
            "sigmapsf": 0.06939899921417236,
            "magnr": 17.493000030517578,
            "sigmagnr": 0.08100000023841858,
            "magzpsci": 25.96139907836914,
            "isdiffpos": "t",
            "ssdistnr": null,
            "ssnamenr": null,
            "drb": null
        },
        {
            "candid": 1596237925715015002,
            "jd": 2459350.7379282,
            "ra": 156.9236621,
            "dec": 72.8269032,
            "fid": 2,
            "nid": 1596,
            "magpsf": 17.76759910583496,
            "sigmapsf": 0.05795599892735481,
            "magnr": 17.488000869750977,
            "sigmagnr": 0.08500000089406967,
            "magzpsci": 26.092599868774414,
            "isdiffpos": "t",
            "ssdistnr": null,
            "ssnamenr": null,
            "drb": null
        },
        {
            "candid": 1596257470615015022,
            "jd": 2459350.7574769,
            "ra": 156.9236225,
            "dec": 72.8268844,
            "fid": 2,
            "nid": 1596,
            "magpsf": 17.784099578857422,
            "sigmapsf": 0.0827919989824295,
            "magnr": 17.518999099731445,
            "sigmagnr": 0.07800000160932541,
            "magzpsci": 26.109100341796875,
            "isdiffpos": "t",
            "ssdistnr": null,
            "ssnamenr": null,
            "drb": null
        },
        {
            "candid": 1599182915715015002,
            "jd": 2459353.6829167,
            "ra": 156.9236849,
            "dec": 72.8269394,
            "fid": 2,
            "nid": 1599,
            "magpsf": 17.93950080871582,
            "sigmapsf": 0.06287100166082382,
            "magnr": 17.488000869750977,
            "sigmagnr": 0.08500000089406967,
            "magzpsci": 26.136499404907227,
            "isdiffpos": "t",
            "ssdistnr": null,
            "ssnamenr": null,
            "drb": null
        },
        {
            "candid": 1599197634815015002,
            "jd": 2459353.6976389,
            "ra": 156.9236661,
            "dec": 72.8269569,
            "fid": 2,
            "nid": 1599,
            "magpsf": 18.026599884033203,
            "sigmapsf": 0.0698850005865097,
            "magnr": 17.493000030517578,
            "sigmagnr": 0.08100000023841858,
            "magzpsci": 26.007600784301758,
            "isdiffpos": "t",
            "ssdistnr": null,
            "ssnamenr": null,
            "drb": null
        },
        {
            "candid": 1599239884815015000,
            "jd": 2459353.7398843,
            "ra": 156.9233971,
            "dec": 72.8271502,
            "fid": 1,
            "nid": 1599,
            "magpsf": 19.368200302124023,
            "sigmapsf": 0.3450410068035126,
            "magnr": 18.743000030517578,
            "sigmagnr": 0.08500000089406967,
            "magzpsci": 26.059200286865234,
            "isdiffpos": "t",
            "ssdistnr": null,
            "ssnamenr": null,
            "drb": null
        },
        {
            "candid": 1599240825715015001,
            "jd": 2459353.7408218,
            "ra": 156.923516,
            "dec": 72.8269724,
            "fid": 1,
            "nid": 1599,
            "magpsf": 19.115800857543945,
            "sigmapsf": 0.1497499942779541,
            "magnr": 18.013999938964844,
            "sigmagnr": 0.052000001072883606,
            "magzpsci": 26.197799682617188,
            "isdiffpos": "t",
            "ssdistnr": null,
            "ssnamenr": null,
            "drb": null
        },
        {
            "candid": 1600248050615015002,
            "jd": 2459354.7480556,
            "ra": 156.9237528,
            "dec": 72.8268876,
            "fid": 2,
            "nid": 1600,
            "magpsf": 17.975000381469727,
            "sigmapsf": 0.08048400282859802,
            "magnr": 17.518999099731445,
            "sigmagnr": 0.07800000160932541,
            "magzpsci": 26.187999725341797,
            "isdiffpos": "t",
            "ssdistnr": null,
            "ssnamenr": null,
            "drb": null
        },
        {
            "candid": 1600320670615015001,
            "jd": 2459354.8206713,
            "ra": 156.9234534,
            "dec": 72.8270602,
            "fid": 1,
            "nid": 1600,
            "magpsf": 19.008100509643555,
            "sigmapsf": 0.2706640064716339,
            "magnr": 18.840999603271484,
            "sigmagnr": 0.08399999886751175,
            "magzpsci": 26.216100692749023,
            "isdiffpos": "t",
            "ssdistnr": null,
            "ssnamenr": null,
            "drb": null
        },
        {
            "candid": 1601197674815015002,
            "jd": 2459355.6976736,
            "ra": 156.9236986,
            "dec": 72.8269509,
            "fid": 2,
            "nid": 1601,
            "magpsf": 18.115100860595703,
            "sigmapsf": 0.08511599898338318,
            "magnr": 17.493000030517578,
            "sigmagnr": 0.08100000023841858,
            "magzpsci": 26.036100387573242,
            "isdiffpos": "t",
            "ssdistnr": null,
            "ssnamenr": null,
            "drb": null
        },
        {
            "candid": 1604267994815015000,
            "jd": 2459358.7679977,
            "ra": 156.9235364,
            "dec": 72.8269277,
            "fid": 1,
            "nid": 1604,
            "magpsf": 19.415300369262695,
            "sigmapsf": 0.29230600595474243,
            "magnr": 18.743000030517578,
            "sigmagnr": 0.08500000089406967,
            "magzpsci": 26.03529930114746,
            "isdiffpos": "t",
            "ssdistnr": null,
            "ssnamenr": null,
            "drb": null
        },
        {
            "candid": 1604268980615015003,
            "jd": 2459358.7689815,
            "ra": 156.9239547,
            "dec": 72.8269974,
            "fid": 1,
            "nid": 1604,
            "magpsf": 19.733400344848633,
            "sigmapsf": 0.29189199209213257,
            "magnr": 18.840999603271484,
            "sigmagnr": 0.08399999886751175,
            "magzpsci": 26.210399627685547,
            "isdiffpos": "t",
            "ssdistnr": null,
            "ssnamenr": null,
            "drb": null
        },
        {
            "candid": 1604283465715015004,
            "jd": 2459358.7834606,
            "ra": 156.92362,
            "dec": 72.8269717,
            "fid": 2,
            "nid": 1604,
            "magpsf": 18.275299072265625,
            "sigmapsf": 0.0834989994764328,
            "magnr": 17.488000869750977,
            "sigmagnr": 0.08500000089406967,
            "magzpsci": 26.06730079650879,
            "isdiffpos": "t",
            "ssdistnr": null,
            "ssnamenr": null,
            "drb": null
        },
        {
            "candid": 1604284394815015002,
            "jd": 2459358.7843981,
            "ra": 156.9236495,
            "dec": 72.8269904,
            "fid": 2,
            "nid": 1604,
            "magpsf": 18.28510093688965,
            "sigmapsf": 0.09431499987840652,
            "magnr": 17.493000030517578,
            "sigmagnr": 0.08100000023841858,
            "magzpsci": 25.97010040283203,
            "isdiffpos": "t",
            "ssdistnr": null,
            "ssnamenr": null,
            "drb": null
        },
        {
            "candid": 1604298500615015000,
            "jd": 2459358.7985069,
            "ra": 156.9237161,
            "dec": 72.8269336,
            "fid": 2,
            "nid": 1604,
            "magpsf": 18.39929962158203,
            "sigmapsf": 0.08042699843645096,
            "magnr": 17.518999099731445,
            "sigmagnr": 0.07800000160932541,
            "magzpsci": 26.115299224853516,
            "isdiffpos": "t",
            "ssdistnr": null,
            "ssnamenr": null,
            "drb": null
        },
        {
            "candid": 1607219794815015000,
            "jd": 2459361.7197917,
            "ra": 156.9235587,
            "dec": 72.8269422,
            "fid": 2,
            "nid": 1607,
            "magpsf": 18.60110092163086,
            "sigmapsf": 0.106174997985363,
            "magnr": 17.493000030517578,
            "sigmagnr": 0.08100000023841858,
            "magzpsci": 26.08009910583496,
            "isdiffpos": "t",
            "ssdistnr": null,
            "ssnamenr": null,
            "drb": null
        },
        {
            "candid": 1607221200615015004,
            "jd": 2459361.7212037,
            "ra": 156.9236323,
            "dec": 72.8269504,
            "fid": 2,
            "nid": 1607,
            "magpsf": 18.51889991760254,
            "sigmapsf": 0.11553499847650528,
            "magnr": 17.518999099731445,
            "sigmagnr": 0.07800000160932541,
            "magzpsci": 26.24489974975586,
            "isdiffpos": "t",
            "ssdistnr": null,
            "ssnamenr": null,
            "drb": null
        },
        {
            "candid": 1607221675715015002,
            "jd": 2459361.7216782,
            "ra": 156.923626,
            "dec": 72.8269634,
            "fid": 2,
            "nid": 1607,
            "magpsf": 18.47010040283203,
            "sigmapsf": 0.08738700300455093,
            "magnr": 17.488000869750977,
            "sigmagnr": 0.08500000089406967,
            "magzpsci": 26.172100067138672,
            "isdiffpos": "t",
            "ssdistnr": null,
            "ssnamenr": null,
            "drb": null
        },
        {
            "candid": 1607283624815015001,
            "jd": 2459361.7836227,
            "ra": 156.9234234,
            "dec": 72.8269251,
            "fid": 1,
            "nid": 1607,
            "magpsf": 19.67930030822754,
            "sigmapsf": 0.29967001080513,
            "magnr": 18.743000030517578,
            "sigmagnr": 0.08500000089406967,
            "magzpsci": 26.106300354003906,
            "isdiffpos": "t",
            "ssdistnr": null,
            "ssnamenr": null,
            "drb": null
        },
        {
            "candid": 1609197460615015004,
            "jd": 2459363.6974653,
            "ra": 156.9237696,
            "dec": 72.8269409,
            "fid": 2,
            "nid": 1609,
            "magpsf": 18.684799194335938,
            "sigmapsf": 0.07441200315952301,
            "magnr": 17.518999099731445,
            "sigmagnr": 0.07800000160932541,
            "magzpsci": 26.244800567626953,
            "isdiffpos": "t",
            "ssdistnr": null,
            "ssnamenr": null,
            "drb": null
        },
        {
            "candid": 1609220575715015000,
            "jd": 2459363.7205787,
            "ra": 156.923621,
            "dec": 72.8268822,
            "fid": 1,
            "nid": 1609,
            "magpsf": 19.94230079650879,
            "sigmapsf": 0.17742100358009338,
            "magnr": 18.013999938964844,
            "sigmagnr": 0.052000001072883606,
            "magzpsci": 26.290300369262695,
            "isdiffpos": "t",
            "ssdistnr": null,
            "ssnamenr": null,
            "drb": null
        },
        {
            "candid": 1609326355715015001,
            "jd": 2459363.8263542,
            "ra": 156.9236225,
            "dec": 72.8269243,
            "fid": 2,
            "nid": 1609,
            "magpsf": 18.6018009185791,
            "sigmapsf": 0.1002189964056015,
            "magnr": 17.488000869750977,
            "sigmagnr": 0.08500000089406967,
            "magzpsci": 26.131799697875977,
            "isdiffpos": "t",
            "ssdistnr": null,
            "ssnamenr": null,
            "drb": null
        },
        {
            "candid": 1611291255715015005,
            "jd": 2459365.79125,
            "ra": 156.9235326,
            "dec": 72.8269292,
            "fid": 1,
            "nid": 1611,
            "magpsf": 20.097900390625,
            "sigmapsf": 0.2422419935464859,
            "magnr": 18.013999938964844,
            "sigmagnr": 0.052000001072883606,
            "magzpsci": 26.13089942932129,
            "isdiffpos": "t",
            "ssdistnr": null,
            "ssnamenr": null,
            "drb": null
        },
        {
            "candid": 1613201585715015003,
            "jd": 2459367.7015856,
            "ra": 156.9236854,
            "dec": 72.8269223,
            "fid": 2,
            "nid": 1613,
            "magpsf": 18.828500747680664,
            "sigmapsf": 0.1018190011382103,
            "magnr": 17.488000869750977,
            "sigmagnr": 0.08500000089406967,
            "magzpsci": 26.078500747680664,
            "isdiffpos": "t",
            "ssdistnr": null,
            "ssnamenr": null,
            "drb": null
        },
        {
            "candid": 1613202040615015007,
            "jd": 2459367.7020486,
            "ra": 156.923804,
            "dec": 72.8269548,
            "fid": 2,
            "nid": 1613,
            "magpsf": 18.851350784301758,
            "sigmapsf": 0.08091499656438828,
            "magnr": 17.518999099731445,
            "sigmagnr": 0.07800000160932541,
            "magzpsci": 26.157350540161133,
            "isdiffpos": "t",
            "ssdistnr": -999.0,
            "ssnamenr": "null",
            "drb": null
        },
        {
            "candid": 1615199585715015001,
            "jd": 2459369.6995833,
            "ra": 156.9235541,
            "dec": 72.8269249,
            "fid": 2,
            "nid": 1615,
            "magpsf": 18.971200942993164,
            "sigmapsf": 0.10469000041484833,
            "magnr": 17.488000869750977,
            "sigmagnr": 0.08500000089406967,
            "magzpsci": 26.134199142456055,
            "isdiffpos": "t",
            "ssdistnr": null,
            "ssnamenr": null,
            "drb": null
        },
        {
            "candid": 1615244235715015002,
            "jd": 2459369.7442361,
            "ra": 156.9237086,
            "dec": 72.8271384,
            "fid": 1,
            "nid": 1615,
            "magpsf": 20.343900680541992,
            "sigmapsf": 0.2785699963569641,
            "magnr": 18.013999938964844,
            "sigmagnr": 0.052000001072883606,
            "magzpsci": 26.208900451660156,
            "isdiffpos": "t",
            "ssdistnr": null,
            "ssnamenr": null,
            "drb": null
        },
        {
            "candid": 1619220995715015002,
            "jd": 2459373.7209954,
            "ra": 156.9237305,
            "dec": 72.826978,
            "fid": 2,
            "nid": 1619,
            "magpsf": 19.090099334716797,
            "sigmapsf": 0.10654400289058685,
            "magnr": 17.488000869750977,
            "sigmagnr": 0.08500000089406967,
            "magzpsci": 26.145099639892578,
            "isdiffpos": "t",
            "ssdistnr": null,
            "ssnamenr": null,
            "drb": null
        },
        {
            "candid": 1621222745715015000,
            "jd": 2459375.7227431,
            "ra": 156.9237228,
            "dec": 72.8269049,
            "fid": 2,
            "nid": 1621,
            "magpsf": 19.168710708618164,
            "sigmapsf": 0.11242199689149857,
            "magnr": 17.488000869750977,
            "sigmagnr": 0.08500000089406967,
            "magzpsci": 26.159709930419922,
            "isdiffpos": "t",
            "ssdistnr": -999.0,
            "ssnamenr": "null",
            "drb": null
        },
        {
            "jd": 2459276.8483102,
            "fid": 2,
            "diffmaglim": 19.948699951171875
        },
        {
            "jd": 2459278.6735301,
            "fid": 2,
            "diffmaglim": 19.965499877929688
        },
        {
            "jd": 2459278.7472338,
            "fid": 1,
            "diffmaglim": 19.92329978942871
        },
        {
            "jd": 2459280.7428241,
            "fid": 1,
            "diffmaglim": 20.676599502563477
        },
        {
            "jd": 2459280.743287,
            "fid": 1,
            "diffmaglim": 20.613100051879883
        },
        {
            "jd": 2459280.776956,
            "fid": 2,
            "diffmaglim": 20.524099349975586
        },
        {
            "jd": 2459280.777419,
            "fid": 2,
            "diffmaglim": 20.480199813842773
        },
        {
            "jd": 2459281.7158333,
            "fid": 2,
            "diffmaglim": 20.010499954223633
        },
        {
            "jd": 2459281.8317708,
            "fid": 1,
            "diffmaglim": 20.04960060119629
        },
        {
            "jd": 2459290.8195023,
            "fid": 1,
            "diffmaglim": 20.55579948425293
        },
        {
            "jd": 2459290.8454051,
            "fid": 2,
            "diffmaglim": 20.356300354003906
        },
        {
            "jd": 2459291.7483681,
            "fid": 2,
            "diffmaglim": 20.041000366210938
        },
        {
            "jd": 2459292.7840625,
            "fid": 1,
            "diffmaglim": 20.39259910583496
        },
        {
            "jd": 2459292.8449306,
            "fid": 2,
            "diffmaglim": 20.302900314331055
        },
        {
            "jd": 2459293.7249421,
            "fid": 2,
            "diffmaglim": 19.97760009765625
        },
        {
            "jd": 2459293.7848958,
            "fid": 1,
            "diffmaglim": 20.3075008392334
        },
        {
            "jd": 2459294.7153009,
            "fid": 2,
            "diffmaglim": 19.98430061340332
        },
        {
            "jd": 2459294.7416898,
            "fid": 1,
            "diffmaglim": 19.797800064086914
        },
        {
            "jd": 2459295.7538194,
            "fid": 1,
            "diffmaglim": 19.805500030517578
        },
        {
            "jd": 2459296.823125,
            "fid": 1,
            "diffmaglim": 19.180599212646484
        },
        {
            "jd": 2459296.8236111,
            "fid": 1,
            "diffmaglim": 19.583799362182617
        },
        {
            "jd": 2459296.8438079,
            "fid": 2,
            "diffmaglim": 19.310400009155273
        },
        {
            "jd": 2459296.8640625,
            "fid": 2,
            "diffmaglim": 19.27389907836914
        },
        {
            "jd": 2459297.7434606,
            "fid": 1,
            "diffmaglim": 19.236400604248047
        },
        {
            "jd": 2459297.7653588,
            "fid": 2,
            "diffmaglim": 19.28019905090332
        },
        {
            "jd": 2459298.7569907,
            "fid": 1,
            "diffmaglim": 18.758399963378906
        },
        {
            "jd": 2459298.7816204,
            "fid": 2,
            "diffmaglim": 17.913400650024414
        },
        {
            "jd": 2459300.8305208,
            "fid": 1,
            "diffmaglim": 18.948999404907227
        },
        {
            "jd": 2459301.7629051,
            "fid": 1,
            "diffmaglim": 19.019800186157227
        },
        {
            "jd": 2459301.8064931,
            "fid": 2,
            "diffmaglim": 19.002500534057617
        },
        {
            "jd": 2459302.6859606,
            "fid": 1,
            "diffmaglim": 19.27669906616211
        },
        {
            "jd": 2459302.6864699,
            "fid": 1,
            "diffmaglim": 19.413799285888672
        },
        {
            "jd": 2459302.7252315,
            "fid": 2,
            "diffmaglim": 19.3971004486084
        },
        {
            "jd": 2459302.7327199,
            "fid": 2,
            "diffmaglim": 19.628799438476562
        },
        {
            "jd": 2459303.7667824,
            "fid": 1,
            "diffmaglim": 19.473600387573242
        },
        {
            "jd": 2459303.8452199,
            "fid": 2,
            "diffmaglim": 19.78890037536621
        },
        {
            "jd": 2459304.6549769,
            "fid": 2,
            "diffmaglim": 20.14349937438965
        },
        {
            "jd": 2459304.6554977,
            "fid": 2,
            "diffmaglim": 20.006399154663086
        },
        {
            "jd": 2459304.7241204,
            "fid": 1,
            "diffmaglim": 19.57979965209961
        },
        {
            "jd": 2459304.7250694,
            "fid": 1,
            "diffmaglim": 19.4862003326416
        },
        {
            "jd": 2459305.7853472,
            "fid": 1,
            "diffmaglim": 17.977800369262695
        },
        {
            "jd": 2459305.809213,
            "fid": 2,
            "diffmaglim": 18.991500854492188
        },
        {
            "jd": 2459308.7231366,
            "fid": 2,
            "diffmaglim": 20.15410041809082
        },
        {
            "jd": 2459308.8447917,
            "fid": 1,
            "diffmaglim": 20.271499633789062
        },
        {
            "jd": 2459310.8191782,
            "fid": 2,
            "diffmaglim": 18.667800903320312
        },
        {
            "jd": 2459312.7831597,
            "fid": 2,
            "diffmaglim": 20.19219970703125
        },
        {
            "jd": 2459320.6786111,
            "fid": 1,
            "diffmaglim": 19.134000778198242
        },
        {
            "jd": 2459328.7375,
            "fid": 2,
            "diffmaglim": 19.86680030822754
        },
        {
            "jd": 2459355.7812963,
            "fid": 1,
            "diffmaglim": 19.172800064086914
        },
        {
            "jd": 2459358.7646528,
            "fid": 1,
            "diffmaglim": 19.085500717163086
        },
        {
            "jd": 2459361.801956,
            "fid": 1,
            "diffmaglim": 19.14539909362793
        },
        {
            "jd": 2459361.802419,
            "fid": 1,
            "diffmaglim": 19.182899475097656
        },
        {
            "jd": 2459363.8026968,
            "fid": 1,
            "diffmaglim": 19.53380012512207
        },
        {
            "jd": 2459367.7830671,
            "fid": 1,
            "diffmaglim": 19.88909912109375
        },
        {
            "jd": 2459373.7680324,
            "fid": 1,
            "diffmaglim": 20.226600646972656
        }
    ],
    "forcedphot": []
}