{
    "objectId": "ZTF21absagis",
    "candidates": [
        {
            "candid": 1681472853615015006,
            "jd": 2459435.9728588,
            "ra": 50.0384467,
            "dec": 63.6629765,
            "fid": 2,
            "nid": 1681,
            "magpsf": 20.00160026550293,
            "sigmapsf": 0.14322000741958618,
            "magnr": 21.791000366210938,
            "sigmagnr": 0.11100000143051147,
            "magzpsci": 26.22260093688965,
            "isdiffpos": "t",
            "ssdistnr": null,
            "ssnamenr": null,
            "drb": 0.9979069828987122
        },
        {
            "candid": 1685448153615015003,
            "jd": 2459439.9481597,
            "ra": 50.0382808,
            "dec": 63.6629184,
            "fid": 1,
            "nid": 1685,
            "magpsf": 20.40730094909668,
            "sigmapsf": 0.44366100430488586,
            "magnr": 22.538999557495117,
            "sigmagnr": 0.3140000104904175,
            "magzpsci": 25.956300735473633,
            "isdiffpos": "t",
            "ssdistnr": null,
            "ssnamenr": null,
            "drb": null
        },
        {
            "candid": 1685474363615015005,
            "jd": 2459439.9743634,
            "ra": 50.0385386,
            "dec": 63.6629947,
            "fid": 2,
            "nid": 1685,
            "magpsf": 19.388700485229492,
            "sigmapsf": 0.10851000249385834,
            "magnr": 21.791000366210938,
            "sigmagnr": 0.11100000143051147,
            "magzpsci": 26.102699279785156,
            "isdiffpos": "t",
            "ssdistnr": null,
            "ssnamenr": null,
            "drb": null
        },
        {
            "candid": 1688448873615015006,
            "jd": 2459442.9488773,
            "ra": 50.0384655,
            "dec": 63.662953,
            "fid": 2,
            "nid": 1688,
            "magpsf": 19.22800064086914,
            "sigmapsf": 0.09150200337171555,
            "magnr": 21.791000366210938,
            "sigmagnr": 0.11100000143051147,
            "magzpsci": 26.136999130249023,
            "isdiffpos": "t",
            "ssdistnr": null,
            "ssnamenr": null,
            "drb": null
        },
        {
            "candid": 1688473773615015001,
            "jd": 2459442.9737731,
            "ra": 50.0383962,
            "dec": 63.6629239,
            "fid": 1,
            "nid": 1688,
            "magpsf": 20.81760025024414,
            "sigmapsf": 0.34592700004577637,
            "magnr": 22.538999557495117,
            "sigmagnr": 0.3140000104904175,
            "magzpsci": 26.094600677490234,
            "isdiffpos": "t",
            "ssdistnr": null,
            "ssnamenr": null,
            "drb": null
        },
        {
            "candid": 1698449213615015005,
            "jd": 2459452.949213,
            "ra": 50.0384361,
            "dec": 63.6629363,
            "fid": 2,
            "nid": 1698,
            "magpsf": 19.65489959716797,
            "sigmapsf": 0.13068699836730957,
            "magnr": 21.791000366210938,
            "sigmagnr": 0.11100000143051147,
            "magzpsci": 26.289899826049805,
            "isdiffpos": "t",
            "ssdistnr": null,
            "ssnamenr": null,
            "drb": null
        },
        {
            "candid": 1700442603615015003,
            "jd": 2459454.9426042,
            "ra": 50.0384561,
            "dec": 63.6629889,
            "fid": 2,
            "nid": 1700,
            "magpsf": 19.846399307250977,
            "sigmapsf": 0.18956999480724335,
            "magnr": 21.791000366210938,
            "sigmagnr": 0.11100000143051147,
            "magzpsci": 26.286399841308594,
            "isdiffpos": "t",
            "ssdistnr": null,
            "ssnamenr": null,
            "drb": null
        },
        {
            "candid": 1704367853615015003,
            "jd": 2459458.8678588,
            "ra": 50.038478,
            "dec": 63.6629677,
            "fid": 2,
            "nid": 1704,
            "magpsf": 20.055099487304688,
            "sigmapsf": 0.16124899685382843,
            "magnr": 21.791000366210938,
            "sigmagnr": 0.11100000143051147,
            "magzpsci": 26.20210075378418,
            "isdiffpos": "t",
            "ssdistnr": null,
            "ssnamenr": null,
            "drb": null
        },
        {
            "candid": 1706368253615015004,
            "jd": 2459460.8682523,
            "ra": 50.0385951,
            "dec": 63.6629249,
            "fid": 2,
            "nid": 1706,
            "magpsf": 20.139799118041992,
            "sigmapsf": 0.18736900389194489,
            "magnr": 20.18000030517578,
            "sigmagnr": 0.05000000074505806,
            "magzpsci": 26.273799896240234,
            "isdiffpos": "t",
            "ssdistnr": null,
            "ssnamenr": null,
            "drb": null
        },
        {
            "candid": 1708404203615015002,
            "jd": 2459462.9042014,
            "ra": 50.0385234,
            "dec": 63.662944,
            "fid": 2,
            "nid": 1708,
            "magpsf": 20.36669921875,
            "sigmapsf": 0.2117680013179779,
            "magnr": 21.791000366210938,
            "sigmagnr": 0.11100000143051147,
            "magzpsci": 26.295700073242188,
            "isdiffpos": "t",
            "ssdistnr": null,
            "ssnamenr": null,
            "drb": null
        },
        {
            "candid": 1710400093615015005,
            "jd": 2459464.9000926,
            "ra": 50.0384978,
            "dec": 63.6629286,
            "fid": 2,
            "nid": 1710,
            "magpsf": 20.3746395111084,
            "sigmapsf": 0.20340700447559357,
            "magnr": 21.791000366210938,
            "sigmagnr": 0.11100000143051147,
            "magzpsci": 26.23664093017578,
            "isdiffpos": "t",
            "ssdistnr": -999.0,
            "ssnamenr": "null",
            "drb": null
        },
        {
            "jd": 2459422.9288194,
            "fid": 2,
            "diffmaglim": 19.98200035095215
        },
        {
            "jd": 2459422.9672801,
            "fid": 1,
            "diffmaglim": 19.79170036315918
        },
        {
            "jd": 2459424.9095833,
            "fid": 2,
            "diffmaglim": 20.069799423217773
        },
        {
            "jd": 2459424.9492245,
            "fid": 1,
            "diffmaglim": 19.94569969177246
        },
        {
            "jd": 2459427.9516667,
            "fid": 2,
            "diffmaglim": 20.30120086669922
        },
        {
            "jd": 2459427.9734028,
            "fid": 1,
            "diffmaglim": 20.268400192260742
        },
        {
            "jd": 2459430.8889236,
            "fid": 2,
            "diffmaglim": 20.54990005493164
        },
        {
            "jd": 2459430.9650347,
            "fid": 1,
            "diffmaglim": 20.358600616455078
        },
        {
            "jd": 2459435.9295255,
            "fid": 1,
            "diffmaglim": 20.63800048828125
        },
        {
            "jd": 2459444.9500579,
            "fid": 1,
            "diffmaglim": 20.15180015563965
        },
        {
            "jd": 2459444.9764699,
            "fid": 2,
            "diffmaglim": 20.065500259399414
        },
        {
            "jd": 2459449.8847222,
            "fid": 2,
            "diffmaglim": 19.060699462890625
        },
        {
            "jd": 2459449.9518519,
            "fid": 1,
            "diffmaglim": 19.042299270629883
        },
        {
            "jd": 2459452.9699537,
            "fid": 1,
            "diffmaglim": 19.45989990234375
        },
        {
            "jd": 2459454.8940625,
            "fid": 1,
            "diffmaglim": 20.122299194335938
        },
        {
            "jd": 2459460.8986806,
            "fid": 1,
            "diffmaglim": 20.74519920349121
        },
        {
            "jd": 2459462.9774074,
            "fid": 1,
            "diffmaglim": 20.790199279785156
        }
    ],
    "forcedphot": []
}