{
    "objectId": "ZTF24aapadbb",
    "candidates": [
        {
            "candid": 2704260314215015007,
            "jd": 2460458.7603125,
            "ra": 230.4950504,
            "dec": 62.8063022,
            "fid": 1,
            "nid": 2704,
            "magpsf": 19.393999099731445,
            "sigmapsf": 0.09948000311851501,
            "magnr": 20.589000701904297,
            "sigmagnr": 0.10899999737739563,
            "magzpsci": 26.357999801635742,
            "isdiffpos": "t",
            "ssdistnr": null,
            "ssnamenr": null,
            "drb": 0.9999942779541016
        },
        {
            "candid": 2704368564215015005,
            "jd": 2460458.8685648,
            "ra": 230.4949511,
            "dec": 62.8063209,
            "fid": 2,
            "nid": 2704,
            "magpsf": 19.2593994140625,
            "sigmapsf": 0.11413499712944031,
            "magnr": 20.128000259399414,
            "sigmagnr": 0.09700000286102295,
            "magzpsci": 26.36639976501465,
            "isdiffpos": "t",
            "ssdistnr": null,
            "ssnamenr": null,
            "drb": null
        },
        {
            "candid": 2706279764215015004,
            "jd": 2460460.7797685,
            "ra": 230.4950197,
            "dec": 62.8063375,
            "fid": 2,
            "nid": 2706,
            "magpsf": 18.928600311279297,
            "sigmapsf": 0.12018000334501266,
            "magnr": 20.128000259399414,
            "sigmagnr": 0.09700000286102295,
            "magzpsci": 26.345600128173828,
            "isdiffpos": "t",
            "ssdistnr": null,
            "ssnamenr": null,
            "drb": null
        },
        {
            "candid": 2706305704215015003,
            "jd": 2460460.805706,
            "ra": 230.4950774,
            "dec": 62.8063283,
            "fid": 1,
            "nid": 2706,
            "magpsf": 19.110544204711914,
            "sigmapsf": 0.1103963777422905,
            "magnr": 20.589000701904297,
            "sigmagnr": 0.10899999737739563,
            "magzpsci": 26.332544326782227,
            "isdiffpos": "t",
            "ssdistnr": -999.0,
            "ssnamenr": "null",
            "drb": null
        },
        {
            "candid": 2706305704215025003,
            "jd": 2460460.805706,
            "ra": 230.4950774,
            "dec": 62.8063283,
            "fid": 1,
            "nid": 2706,
            "magpsf": 19.11050033569336,
            "sigmapsf": 0.11039599776268005,
            "magnr": 20.589000701904297,
            "sigmagnr": 0.10899999737739563,
            "magzpsci": 26.332500457763672,
            "isdiffpos": "t",
            "ssdistnr": null,
            "ssnamenr": null,
            "drb": null
        },
        {
            "candid": 2708268434215015010,
            "jd": 2460462.7684375,
            "ra": 230.4950683,
            "dec": 62.8063159,
            "fid": 1,
            "nid": 2708,
            "magpsf": 18.861499786376953,
            "sigmapsf": 0.07387399673461914,
            "magnr": 20.589000701904297,
            "sigmagnr": 0.10899999737739563,
            "magzpsci": 26.359500885009766,
            "isdiffpos": "t",
            "ssdistnr": null,
            "ssnamenr": null,
            "drb": null
        },
        {
            "candid": 2708366494215015011,
            "jd": 2460462.8664931,
            "ra": 230.4950584,
            "dec": 62.8063348,
            "fid": 2,
            "nid": 2708,
            "magpsf": 18.71929931640625,
            "sigmapsf": 0.0771699994802475,
            "magnr": 20.128000259399414,
            "sigmagnr": 0.09700000286102295,
            "magzpsci": 26.361299514770508,
            "isdiffpos": "t",
            "ssdistnr": null,
            "ssnamenr": null,
            "drb": null
        },
        {
            "candid": 2710345244215015012,
            "jd": 2460464.8452431,
            "ra": 230.4950775,
            "dec": 62.8062982,
            "fid": 2,
            "nid": 2710,
            "magpsf": 18.553199768066406,
            "sigmapsf": 0.08478499948978424,
            "magnr": 20.128000259399414,
            "sigmagnr": 0.09700000286102295,
            "magzpsci": 26.318099975585938,
            "isdiffpos": "t",
            "ssdistnr": null,
            "ssnamenr": null,
            "drb": null
        },
        {
            "candid": 2710367444215015004,
            "jd": 2460464.8674421,
            "ra": 230.4951066,
            "dec": 62.8063272,
            "fid": 1,
            "nid": 2710,
            "magpsf": 18.671499252319336,
            "sigmapsf": 0.09417799860239029,
            "magnr": 20.589000701904297,
            "sigmagnr": 0.10899999737739563,
            "magzpsci": 26.19849967956543,
            "isdiffpos": "t",
            "ssdistnr": null,
            "ssnamenr": null,
            "drb": null
        },
        {
            "candid": 2715364254215015006,
            "jd": 2460469.8642593,
            "ra": 230.4950686,
            "dec": 62.8063174,
            "fid": 1,
            "nid": 2715,
            "magpsf": 18.345199584960938,
            "sigmapsf": 0.0707940012216568,
            "magnr": 20.589000701904297,
            "sigmagnr": 0.10899999737739563,
            "magzpsci": 26.303199768066406,
            "isdiffpos": "t",
            "ssdistnr": null,
            "ssnamenr": null,
            "drb": null
        },
        {
            "candid": 2715385854215015006,
            "jd": 2460469.8858565,
            "ra": 230.4950301,
            "dec": 62.8063267,
            "fid": 2,
            "nid": 2715,
            "magpsf": 18.165599822998047,
            "sigmapsf": 0.05928000062704086,
            "magnr": 20.128000259399414,
            "sigmagnr": 0.09700000286102295,
            "magzpsci": 26.3085994720459,
            "isdiffpos": "t",
            "ssdistnr": null,
            "ssnamenr": null,
            "drb": null
        },
        {
            "candid": 2717347914215015014,
            "jd": 2460471.8479167,
            "ra": 230.4950041,
            "dec": 62.8063499,
            "fid": 2,
            "nid": 2717,
            "magpsf": 18.06170082092285,
            "sigmapsf": 0.055560000240802765,
            "magnr": 20.128000259399414,
            "sigmagnr": 0.09700000286102295,
            "magzpsci": 26.345699310302734,
            "isdiffpos": "t",
            "ssdistnr": null,
            "ssnamenr": null,
            "drb": null
        },
        {
            "candid": 2717391714215015005,
            "jd": 2460471.891713,
            "ra": 230.4950729,
            "dec": 62.8063288,
            "fid": 1,
            "nid": 2717,
            "magpsf": 18.21579933166504,
            "sigmapsf": 0.060444001108407974,
            "magnr": 20.589000701904297,
            "sigmagnr": 0.10899999737739563,
            "magzpsci": 26.31679916381836,
            "isdiffpos": "t",
            "ssdistnr": null,
            "ssnamenr": null,
            "drb": null
        },
        {
            "candid": 2719349714215015003,
            "jd": 2460473.8497106,
            "ra": 230.4950545,
            "dec": 62.8063281,
            "fid": 1,
            "nid": 2719,
            "magpsf": 18.134700775146484,
            "sigmapsf": 0.05693599954247475,
            "magnr": 20.589000701904297,
            "sigmagnr": 0.10899999737739563,
            "magzpsci": 26.30270004272461,
            "isdiffpos": "t",
            "ssdistnr": null,
            "ssnamenr": null,
            "drb": null
        },
        {
            "candid": 2719370794215015005,
            "jd": 2460473.8707986,
            "ra": 230.4950272,
            "dec": 62.8063311,
            "fid": 2,
            "nid": 2719,
            "magpsf": 17.965900421142578,
            "sigmapsf": 0.06252700090408325,
            "magnr": 20.128000259399414,
            "sigmagnr": 0.09700000286102295,
            "magzpsci": 26.333900451660156,
            "isdiffpos": "t",
            "ssdistnr": null,
            "ssnamenr": null,
            "drb": null
        },
        {
            "candid": 2722386044215015004,
            "jd": 2460476.8860417,
            "ra": 230.4950691,
            "dec": 62.8063376,
            "fid": 1,
            "nid": 2722,
            "magpsf": 17.991500854492188,
            "sigmapsf": 0.06328000128269196,
            "magnr": 20.589000701904297,
            "sigmagnr": 0.10899999737739563,
            "magzpsci": 26.33049964904785,
            "isdiffpos": "t",
            "ssdistnr": null,
            "ssnamenr": null,
            "drb": null
        },
        {
            "candid": 2725310154215015003,
            "jd": 2460479.8101505,
            "ra": 230.495059,
            "dec": 62.8063269,
            "fid": 2,
            "nid": 2725,
            "magpsf": 17.69700050354004,
            "sigmapsf": 0.06251499801874161,
            "magnr": 20.128000259399414,
            "sigmagnr": 0.09700000286102295,
            "magzpsci": 26.389999389648438,
            "isdiffpos": "t",
            "ssdistnr": null,
            "ssnamenr": null,
            "drb": null
        },
        {
            "candid": 2725388074215015001,
            "jd": 2460479.8880787,
            "ra": 230.4950201,
            "dec": 62.8063442,
            "fid": 1,
            "nid": 2725,
            "magpsf": 17.85849952697754,
            "sigmapsf": 0.060506999492645264,
            "magnr": 20.589000701904297,
            "sigmagnr": 0.10899999737739563,
            "magzpsci": 26.29949951171875,
            "isdiffpos": "t",
            "ssdistnr": null,
            "ssnamenr": null,
            "drb": null
        },
        {
            "candid": 2727242364215015006,
            "jd": 2460481.7423611,
            "ra": 230.4950552,
            "dec": 62.8063357,
            "fid": 1,
            "nid": 2727,
            "magpsf": 17.774599075317383,
            "sigmapsf": 0.05841999873518944,
            "magnr": 20.589000701904297,
            "sigmagnr": 0.10899999737739563,
            "magzpsci": 26.377599716186523,
            "isdiffpos": "t",
            "ssdistnr": null,
            "ssnamenr": null,
            "drb": null
        },
        {
            "candid": 2727299004215015007,
            "jd": 2460481.7990046,
            "ra": 230.4950436,
            "dec": 62.8063425,
            "fid": 2,
            "nid": 2727,
            "magpsf": 17.627300262451172,
            "sigmapsf": 0.05132700130343437,
            "magnr": 20.128000259399414,
            "sigmagnr": 0.09700000286102295,
            "magzpsci": 26.3882999420166,
            "isdiffpos": "t",
            "ssdistnr": null,
            "ssnamenr": null,
            "drb": null
        },
        {
            "candid": 2727299004215025006,
            "jd": 2460481.7990046,
            "ra": 230.4950421,
            "dec": 62.8063434,
            "fid": 2,
            "nid": 2727,
            "magpsf": 17.628299713134766,
            "sigmapsf": 0.05091699957847595,
            "magnr": 20.128000259399414,
            "sigmagnr": 0.09700000286102295,
            "magzpsci": 26.3882999420166,
            "isdiffpos": "t",
            "ssdistnr": null,
            "ssnamenr": null,
            "drb": null
        },
        {
            "candid": 2729282854215015006,
            "jd": 2460483.7828588,
            "ra": 230.4950405,
            "dec": 62.8063253,
            "fid": 2,
            "nid": 2729,
            "magpsf": 17.57349967956543,
            "sigmapsf": 0.055757999420166016,
            "magnr": 20.128000259399414,
            "sigmagnr": 0.09700000286102295,
            "magzpsci": 26.38949966430664,
            "isdiffpos": "t",
            "ssdistnr": null,
            "ssnamenr": null,
            "drb": null
        },
        {
            "candid": 2729391704215015000,
            "jd": 2460483.8917014,
            "ra": 230.4950331,
            "dec": 62.8063265,
            "fid": 1,
            "nid": 2729,
            "magpsf": 17.683399200439453,
            "sigmapsf": 0.06889499723911285,
            "magnr": 20.589000701904297,
            "sigmagnr": 0.10899999737739563,
            "magzpsci": 26.326400756835938,
            "isdiffpos": "t",
            "ssdistnr": null,
            "ssnamenr": null,
            "drb": null
        },
        {
            "candid": 2731320604215015003,
            "jd": 2460485.8206019,
            "ra": 230.495012,
            "dec": 62.8063176,
            "fid": 2,
            "nid": 2731,
            "magpsf": 17.51569938659668,
            "sigmapsf": 0.0489949993789196,
            "magnr": 20.128000259399414,
            "sigmagnr": 0.09700000286102295,
            "magzpsci": 26.32670021057129,
            "isdiffpos": "t",
            "ssdistnr": null,
            "ssnamenr": null,
            "drb": null
        },
        {
            "candid": 2733245724215015003,
            "jd": 2460487.7457292,
            "ra": 230.4950604,
            "dec": 62.8063277,
            "fid": 1,
            "nid": 2733,
            "magpsf": 17.585599899291992,
            "sigmapsf": 0.05108699947595596,
            "magnr": 20.589000701904297,
            "sigmagnr": 0.10899999737739563,
            "magzpsci": 26.346599578857422,
            "isdiffpos": "t",
            "ssdistnr": null,
            "ssnamenr": null,
            "drb": null
        },
        {
            "candid": 2733299314215015007,
            "jd": 2460487.7993171,
            "ra": 230.4950192,
            "dec": 62.8063243,
            "fid": 2,
            "nid": 2733,
            "magpsf": 17.40880012512207,
            "sigmapsf": 0.05723699927330017,
            "magnr": 20.128000259399414,
            "sigmagnr": 0.09700000286102295,
            "magzpsci": 26.34779930114746,
            "isdiffpos": "t",
            "ssdistnr": null,
            "ssnamenr": null,
            "drb": null
        },
        {
            "candid": 2735259694215015003,
            "jd": 2460489.7596991,
            "ra": 230.4950552,
            "dec": 62.8063252,
            "fid": 1,
            "nid": 2735,
            "magpsf": 17.51849937438965,
            "sigmapsf": 0.049600999802351,
            "magnr": 20.589000701904297,
            "sigmagnr": 0.10899999737739563,
            "magzpsci": 26.379499435424805,
            "isdiffpos": "t",
            "ssdistnr": null,
            "ssnamenr": null,
            "drb": null
        },
        {
            "candid": 2735322024215015007,
            "jd": 2460489.8220255,
            "ra": 230.4950335,
            "dec": 62.8063421,
            "fid": 2,
            "nid": 2735,
            "magpsf": 17.34239959716797,
            "sigmapsf": 0.04978000000119209,
            "magnr": 20.128000259399414,
            "sigmagnr": 0.09700000286102295,
            "magzpsci": 26.3794002532959,
            "isdiffpos": "t",
            "ssdistnr": null,
            "ssnamenr": null,
            "drb": null
        },
        {
            "candid": 2737284944215015007,
            "jd": 2460491.7849421,
            "ra": 230.4950586,
            "dec": 62.8063291,
            "fid": 1,
            "nid": 2737,
            "magpsf": 17.408199310302734,
            "sigmapsf": 0.04336300119757652,
            "magnr": 20.589000701904297,
            "sigmagnr": 0.10899999737739563,
            "magzpsci": 26.355199813842773,
            "isdiffpos": "t",
            "ssdistnr": null,
            "ssnamenr": null,
            "drb": null
        },
        {
            "candid": 2737385544215015001,
            "jd": 2460491.885544,
            "ra": 230.4949967,
            "dec": 62.806329,
            "fid": 2,
            "nid": 2737,
            "magpsf": 17.27389907836914,
            "sigmapsf": 0.044116999953985214,
            "magnr": 20.128000259399414,
            "sigmagnr": 0.09700000286102295,
            "magzpsci": 26.343900680541992,
            "isdiffpos": "t",
            "ssdistnr": null,
            "ssnamenr": null,
            "drb": null
        },
        {
            "candid": 2746215534215015003,
            "jd": 2460500.7155324,
            "ra": 230.4950719,
            "dec": 62.8063251,
            "fid": 1,
            "nid": 2746,
            "magpsf": 17.172300338745117,
            "sigmapsf": 0.03827200084924698,
            "magnr": 20.589000701904297,
            "sigmagnr": 0.10899999737739563,
            "magzpsci": 26.252300262451172,
            "isdiffpos": "t",
            "ssdistnr": null,
            "ssnamenr": null,
            "drb": null
        },
        {
            "candid": 2746303634215015001,
            "jd": 2460500.8036343,
            "ra": 230.4950432,
            "dec": 62.8063112,
            "fid": 2,
            "nid": 2746,
            "magpsf": 17.04640007019043,
            "sigmapsf": 0.05732300132513046,
            "magnr": 20.128000259399414,
            "sigmagnr": 0.09700000286102295,
            "magzpsci": 26.304399490356445,
            "isdiffpos": "t",
            "ssdistnr": null,
            "ssnamenr": null,
            "drb": null
        },
        {
            "candid": 2748284174215015004,
            "jd": 2460502.7841782,
            "ra": 230.4950353,
            "dec": 62.8063301,
            "fid": 1,
            "nid": 2748,
            "magpsf": 17.118499755859375,
            "sigmapsf": 0.054659001529216766,
            "magnr": 20.589000701904297,
            "sigmagnr": 0.10899999737739563,
            "magzpsci": 26.082500457763672,
            "isdiffpos": "t",
            "ssdistnr": null,
            "ssnamenr": null,
            "drb": null
        },
        {
            "candid": 2748351534215015000,
            "jd": 2460502.8515394,
            "ra": 230.4950244,
            "dec": 62.8063359,
            "fid": 2,
            "nid": 2748,
            "magpsf": 17.040300369262695,
            "sigmapsf": 0.047972001135349274,
            "magnr": 20.128000259399414,
            "sigmagnr": 0.09700000286102295,
            "magzpsci": 26.182300567626953,
            "isdiffpos": "t",
            "ssdistnr": null,
            "ssnamenr": null,
            "drb": null
        },
        {
            "candid": 2750283844215015006,
            "jd": 2460504.7838426,
            "ra": 230.4950201,
            "dec": 62.8063307,
            "fid": 2,
            "nid": 2750,
            "magpsf": 16.982999801635742,
            "sigmapsf": 0.0414620004594326,
            "magnr": 20.128000259399414,
            "sigmagnr": 0.09700000286102295,
            "magzpsci": 26.208999633789062,
            "isdiffpos": "t",
            "ssdistnr": null,
            "ssnamenr": null,
            "drb": null
        },
        {
            "candid": 2750305454215015003,
            "jd": 2460504.8054514,
            "ra": 230.4950661,
            "dec": 62.8063314,
            "fid": 1,
            "nid": 2750,
            "magpsf": 17.09670066833496,
            "sigmapsf": 0.04203600063920021,
            "magnr": 20.589000701904297,
            "sigmagnr": 0.10899999737739563,
            "magzpsci": 26.075700759887695,
            "isdiffpos": "t",
            "ssdistnr": null,
            "ssnamenr": null,
            "drb": null
        },
        {
            "candid": 2752242404215015007,
            "jd": 2460506.7424074,
            "ra": 230.4949826,
            "dec": 62.8063309,
            "fid": 2,
            "nid": 2752,
            "magpsf": 17.000499725341797,
            "sigmapsf": 0.039535000920295715,
            "magnr": 20.128000259399414,
            "sigmagnr": 0.09700000286102295,
            "magzpsci": 26.302499771118164,
            "isdiffpos": "t",
            "ssdistnr": null,
            "ssnamenr": null,
            "drb": null
        },
        {
            "candid": 2755287444215015004,
            "jd": 2460509.7874421,
            "ra": 230.4950598,
            "dec": 62.8063174,
            "fid": 2,
            "nid": 2755,
            "magpsf": 17.044300079345703,
            "sigmapsf": 0.04296699911355972,
            "magnr": 20.128000259399414,
            "sigmagnr": 0.09700000286102295,
            "magzpsci": 26.25429916381836,
            "isdiffpos": "t",
            "ssdistnr": null,
            "ssnamenr": null,
            "drb": null
        },
        {
            "candid": 2755365894215015007,
            "jd": 2460509.8658912,
            "ra": 230.4951011,
            "dec": 62.8063236,
            "fid": 1,
            "nid": 2755,
            "magpsf": 17.18079948425293,
            "sigmapsf": 0.047439999878406525,
            "magnr": 20.589000701904297,
            "sigmagnr": 0.10899999737739563,
            "magzpsci": 26.01580047607422,
            "isdiffpos": "t",
            "ssdistnr": null,
            "ssnamenr": null,
            "drb": null
        },
        {
            "candid": 2757217014215015002,
            "jd": 2460511.7170139,
            "ra": 230.4950679,
            "dec": 62.806329,
            "fid": 1,
            "nid": 2757,
            "magpsf": 17.25860023498535,
            "sigmapsf": 0.04472900182008743,
            "magnr": 20.589000701904297,
            "sigmagnr": 0.10899999737739563,
            "magzpsci": 26.27359962463379,
            "isdiffpos": "t",
            "ssdistnr": null,
            "ssnamenr": null,
            "drb": null
        },
        {
            "candid": 2757283814215015003,
            "jd": 2460511.7838194,
            "ra": 230.4950248,
            "dec": 62.8063416,
            "fid": 2,
            "nid": 2757,
            "magpsf": 17.081499099731445,
            "sigmapsf": 0.05168699845671654,
            "magnr": 20.128000259399414,
            "sigmagnr": 0.09700000286102295,
            "magzpsci": 26.28350067138672,
            "isdiffpos": "t",
            "ssdistnr": null,
            "ssnamenr": null,
            "drb": null
        },
        {
            "candid": 2759241654215015002,
            "jd": 2460513.7416551,
            "ra": 230.4950277,
            "dec": 62.8063409,
            "fid": 1,
            "nid": 2759,
            "magpsf": 17.381999969482422,
            "sigmapsf": 0.055070001631975174,
            "magnr": 20.589000701904297,
            "sigmagnr": 0.10899999737739563,
            "magzpsci": 26.263999938964844,
            "isdiffpos": "t",
            "ssdistnr": null,
            "ssnamenr": null,
            "drb": null
        },
        {
            "candid": 2759284214215015000,
            "jd": 2460513.784213,
            "ra": 230.494995,
            "dec": 62.8063394,
            "fid": 2,
            "nid": 2759,
            "magpsf": 17.09830093383789,
            "sigmapsf": 0.044367000460624695,
            "magnr": 20.128000259399414,
            "sigmagnr": 0.09700000286102295,
            "magzpsci": 26.276399612426758,
            "isdiffpos": "t",
            "ssdistnr": null,
            "ssnamenr": null,
            "drb": null
        },
        {
            "candid": 2761304684215015001,
            "jd": 2460515.8046875,
            "ra": 230.4950571,
            "dec": 62.8063357,
            "fid": 1,
            "nid": 2761,
            "magpsf": 17.53260040283203,
            "sigmapsf": 0.05236399918794632,
            "magnr": 20.589000701904297,
            "sigmagnr": 0.10899999737739563,
            "magzpsci": 26.119600296020508,
            "isdiffpos": "t",
            "ssdistnr": null,
            "ssnamenr": null,
            "drb": null
        },
        {
            "candid": 2763216484215015011,
            "jd": 2460517.7164815,
            "ra": 230.495022,
            "dec": 62.8063294,
            "fid": 1,
            "nid": 2763,
            "magpsf": 17.621299743652344,
            "sigmapsf": 0.039145998656749725,
            "magnr": 20.589000701904297,
            "sigmagnr": 0.10899999737739563,
            "magzpsci": 26.146299362182617,
            "isdiffpos": "t",
            "ssdistnr": null,
            "ssnamenr": null,
            "drb": null
        },
        {
            "candid": 2763298914215015006,
            "jd": 2460517.798912,
            "ra": 230.4950427,
            "dec": 62.8063204,
            "fid": 2,
            "nid": 2763,
            "magpsf": 17.20599937438965,
            "sigmapsf": 0.056963998824357986,
            "magnr": 20.128000259399414,
            "sigmagnr": 0.09700000286102295,
            "magzpsci": 26.20400047302246,
            "isdiffpos": "t",
            "ssdistnr": null,
            "ssnamenr": null,
            "drb": null
        },
        {
            "candid": 2765244284215015005,
            "jd": 2460519.7442824,
            "ra": 230.495041,
            "dec": 62.8063205,
            "fid": 1,
            "nid": 2765,
            "magpsf": 17.769899368286133,
            "sigmapsf": 0.051277998834848404,
            "magnr": 20.589000701904297,
            "sigmagnr": 0.10899999737739563,
            "magzpsci": 26.36090087890625,
            "isdiffpos": "t",
            "ssdistnr": null,
            "ssnamenr": null,
            "drb": null
        },
        {
            "candid": 2765244284215025005,
            "jd": 2460519.7442824,
            "ra": 230.495041,
            "dec": 62.8063205,
            "fid": 1,
            "nid": 2765,
            "magpsf": 17.769899368286133,
            "sigmapsf": 0.051277998834848404,
            "magnr": 20.589000701904297,
            "sigmagnr": 0.10899999737739563,
            "magzpsci": 26.36090087890625,
            "isdiffpos": "t",
            "ssdistnr": null,
            "ssnamenr": null,
            "drb": null
        },
        {
            "candid": 2765325124215015001,
            "jd": 2460519.8251273,
            "ra": 230.4950483,
            "dec": 62.8063261,
            "fid": 2,
            "nid": 2765,
            "magpsf": 17.25670051574707,
            "sigmapsf": 0.045896001160144806,
            "magnr": 20.128000259399414,
            "sigmagnr": 0.09700000286102295,
            "magzpsci": 26.345699310302734,
            "isdiffpos": "t",
            "ssdistnr": null,
            "ssnamenr": null,
            "drb": null
        },
        {
            "candid": 2765325124215025001,
            "jd": 2460519.8251273,
            "ra": 230.4950483,
            "dec": 62.8063261,
            "fid": 2,
            "nid": 2765,
            "magpsf": 17.25670051574707,
            "sigmapsf": 0.045896001160144806,
            "magnr": 20.128000259399414,
            "sigmagnr": 0.09700000286102295,
            "magzpsci": 26.345699310302734,
            "isdiffpos": "t",
            "ssdistnr": null,
            "ssnamenr": null,
            "drb": null
        },
        {
            "candid": 2767202784215015014,
            "jd": 2460521.7027894,
            "ra": 230.4950407,
            "dec": 62.8063284,
            "fid": 1,
            "nid": 2767,
            "magpsf": 17.864999771118164,
            "sigmapsf": 0.05386900156736374,
            "magnr": 20.589000701904297,
            "sigmagnr": 0.10899999737739563,
            "magzpsci": 26.3439998626709,
            "isdiffpos": "t",
            "ssdistnr": null,
            "ssnamenr": null,
            "drb": null
        },
        {
            "candid": 2770261774215015010,
            "jd": 2460524.7617708,
            "ra": 230.4950255,
            "dec": 62.8063171,
            "fid": 2,
            "nid": 2770,
            "magpsf": 17.434600830078125,
            "sigmapsf": 0.04831799864768982,
            "magnr": 20.128000259399414,
            "sigmagnr": 0.09700000286102295,
            "magzpsci": 26.289600372314453,
            "isdiffpos": "t",
            "ssdistnr": null,
            "ssnamenr": null,
            "drb": null
        },
        {
            "candid": 2770327434215015007,
            "jd": 2460524.8274306,
            "ra": 230.4950576,
            "dec": 62.8063318,
            "fid": 1,
            "nid": 2770,
            "magpsf": 18.092199325561523,
            "sigmapsf": 0.06874199956655502,
            "magnr": 20.589000701904297,
            "sigmagnr": 0.10899999737739563,
            "magzpsci": 26.11520004272461,
            "isdiffpos": "t",
            "ssdistnr": null,
            "ssnamenr": null,
            "drb": null
        },
        {
            "candid": 2772306674215015005,
            "jd": 2460526.8066782,
            "ra": 230.4950488,
            "dec": 62.8063406,
            "fid": 1,
            "nid": 2772,
            "magpsf": 18.153799057006836,
            "sigmapsf": 0.06099199876189232,
            "magnr": 20.589000701904297,
            "sigmagnr": 0.10899999737739563,
            "magzpsci": 26.23579978942871,
            "isdiffpos": "t",
            "ssdistnr": null,
            "ssnamenr": null,
            "drb": null
        },
        {
            "candid": 2774304974215015009,
            "jd": 2460528.8049769,
            "ra": 230.4950412,
            "dec": 62.8063172,
            "fid": 1,
            "nid": 2774,
            "magpsf": 18.22719955444336,
            "sigmapsf": 0.07661599665880203,
            "magnr": 20.589000701904297,
            "sigmagnr": 0.10899999737739563,
            "magzpsci": 26.108200073242188,
            "isdiffpos": "t",
            "ssdistnr": null,
            "ssnamenr": null,
            "drb": null
        },
        {
            "candid": 2776240344215015003,
            "jd": 2460530.7403472,
            "ra": 230.4950103,
            "dec": 62.8063287,
            "fid": 2,
            "nid": 2776,
            "magpsf": 17.619842529296875,
            "sigmapsf": 0.05185927450656891,
            "magnr": 20.128000259399414,
            "sigmagnr": 0.09700000286102295,
            "magzpsci": 26.273841857910156,
            "isdiffpos": "t",
            "ssdistnr": -999.0,
            "ssnamenr": "null",
            "drb": null
        },
        {
            "candid": 2776240344215025004,
            "jd": 2460530.7403472,
            "ra": 230.4950101,
            "dec": 62.806329,
            "fid": 2,
            "nid": 2776,
            "magpsf": 17.622299194335938,
            "sigmapsf": 0.05185399949550629,
            "magnr": 20.128000259399414,
            "sigmagnr": 0.09700000286102295,
            "magzpsci": 26.27429962158203,
            "isdiffpos": "t",
            "ssdistnr": null,
            "ssnamenr": null,
            "drb": null
        },
        {
            "candid": 2776259524215015013,
            "jd": 2460530.7595255,
            "ra": 230.495064,
            "dec": 62.8063264,
            "fid": 1,
            "nid": 2776,
            "magpsf": 18.307300567626953,
            "sigmapsf": 0.07635000348091125,
            "magnr": 20.589000701904297,
            "sigmagnr": 0.10899999737739563,
            "magzpsci": 26.18630027770996,
            "isdiffpos": "t",
            "ssdistnr": null,
            "ssnamenr": null,
            "drb": null
        },
        {
            "candid": 2790184744215015002,
            "jd": 2460544.6847454,
            "ra": 230.4950646,
            "dec": 62.8063204,
            "fid": 1,
            "nid": 2790,
            "magpsf": 18.682899475097656,
            "sigmapsf": 0.09160099923610687,
            "magnr": 20.589000701904297,
            "sigmagnr": 0.10899999737739563,
            "magzpsci": 26.348899841308594,
            "isdiffpos": "t",
            "ssdistnr": null,
            "ssnamenr": null,
            "drb": null
        },
        {
            "candid": 2790278034215015003,
            "jd": 2460544.7780324,
            "ra": 230.4951029,
            "dec": 62.8063461,
            "fid": 2,
            "nid": 2790,
            "magpsf": 17.885700225830078,
            "sigmapsf": 0.05624400079250336,
            "magnr": 20.128000259399414,
            "sigmagnr": 0.09700000286102295,
            "magzpsci": 26.318700790405273,
            "isdiffpos": "t",
            "ssdistnr": null,
            "ssnamenr": null,
            "drb": null
        },
        {
            "candid": 2792165834215015003,
            "jd": 2460546.6658333,
            "ra": 230.4950568,
            "dec": 62.8063064,
            "fid": 1,
            "nid": 2792,
            "magpsf": 18.70789909362793,
            "sigmapsf": 0.06995400041341782,
            "magnr": 20.589000701904297,
            "sigmagnr": 0.10899999737739563,
            "magzpsci": 26.343900680541992,
            "isdiffpos": "t",
            "ssdistnr": null,
            "ssnamenr": null,
            "drb": null
        },
        {
            "candid": 2792261854215015002,
            "jd": 2460546.7618519,
            "ra": 230.4950211,
            "dec": 62.8063152,
            "fid": 2,
            "nid": 2792,
            "magpsf": 17.929500579833984,
            "sigmapsf": 0.06555099785327911,
            "magnr": 20.128000259399414,
            "sigmagnr": 0.09700000286102295,
            "magzpsci": 26.227500915527344,
            "isdiffpos": "t",
            "ssdistnr": null,
            "ssnamenr": null,
            "drb": null
        },
        {
            "candid": 2794227514215015006,
            "jd": 2460548.7275116,
            "ra": 230.495027,
            "dec": 62.8063306,
            "fid": 2,
            "nid": 2794,
            "magpsf": 17.900400161743164,
            "sigmapsf": 0.0630360022187233,
            "magnr": 20.128000259399414,
            "sigmagnr": 0.09700000286102295,
            "magzpsci": 26.33839988708496,
            "isdiffpos": "t",
            "ssdistnr": null,
            "ssnamenr": null,
            "drb": null
        },
        {
            "candid": 2794262144215015004,
            "jd": 2460548.7621412,
            "ra": 230.4950288,
            "dec": 62.8063184,
            "fid": 1,
            "nid": 2794,
            "magpsf": 18.731199264526367,
            "sigmapsf": 0.08690900355577469,
            "magnr": 20.589000701904297,
            "sigmagnr": 0.10899999737739563,
            "magzpsci": 26.189199447631836,
            "isdiffpos": "t",
            "ssdistnr": null,
            "ssnamenr": null,
            "drb": null
        },
        {
            "candid": 2800181934215015005,
            "jd": 2460554.6819329,
            "ra": 230.4950174,
            "dec": 62.8063521,
            "fid": 2,
            "nid": 2800,
            "magpsf": 17.997699737548828,
            "sigmapsf": 0.06869100034236908,
            "magnr": 20.128000259399414,
            "sigmagnr": 0.09700000286102295,
            "magzpsci": 26.325700759887695,
            "isdiffpos": "t",
            "ssdistnr": null,
            "ssnamenr": null,
            "drb": null
        },
        {
            "candid": 2800181934215025005,
            "jd": 2460554.6819329,
            "ra": 230.4950174,
            "dec": 62.8063521,
            "fid": 2,
            "nid": 2800,
            "magpsf": 17.997699737548828,
            "sigmapsf": 0.06869100034236908,
            "magnr": 20.128000259399414,
            "sigmagnr": 0.09700000286102295,
            "magzpsci": 26.325700759887695,
            "isdiffpos": "t",
            "ssdistnr": null,
            "ssnamenr": null,
            "drb": null
        },
        {
            "candid": 2800241454215015007,
            "jd": 2460554.7414583,
            "ra": 230.4950806,
            "dec": 62.8063372,
            "fid": 1,
            "nid": 2800,
            "magpsf": 18.7189998626709,
            "sigmapsf": 0.10778100043535233,
            "magnr": 20.589000701904297,
            "sigmagnr": 0.10899999737739563,
            "magzpsci": 26.20800018310547,
            "isdiffpos": "t",
            "ssdistnr": null,
            "ssnamenr": null,
            "drb": null
        },
        {
            "candid": 2802156444215015007,
            "jd": 2460556.6564468,
            "ra": 230.4950532,
            "dec": 62.806321,
            "fid": 2,
            "nid": 2802,
            "magpsf": 18.0216007232666,
            "sigmapsf": 0.0612419992685318,
            "magnr": 20.128000259399414,
            "sigmagnr": 0.09700000286102295,
            "magzpsci": 26.300600051879883,
            "isdiffpos": "t",
            "ssdistnr": null,
            "ssnamenr": null,
            "drb": null
        },
        {
            "candid": 2802199494215015002,
            "jd": 2460556.6994907,
            "ra": 230.495005,
            "dec": 62.8063249,
            "fid": 1,
            "nid": 2802,
            "magpsf": 18.802400588989258,
            "sigmapsf": 0.08941199630498886,
            "magnr": 20.589000701904297,
            "sigmagnr": 0.10899999737739563,
            "magzpsci": 26.188400268554688,
            "isdiffpos": "t",
            "ssdistnr": null,
            "ssnamenr": null,
            "drb": null
        },
        {
            "candid": 2804198834215015004,
            "jd": 2460558.698831,
            "ra": 230.4949801,
            "dec": 62.806329,
            "fid": 2,
            "nid": 2804,
            "magpsf": 18.004100799560547,
            "sigmapsf": 0.06546399742364883,
            "magnr": 20.128000259399414,
            "sigmagnr": 0.09700000286102295,
            "magzpsci": 26.271099090576172,
            "isdiffpos": "t",
            "ssdistnr": null,
            "ssnamenr": null,
            "drb": null
        },
        {
            "candid": 2804198834215025004,
            "jd": 2460558.698831,
            "ra": 230.4949801,
            "dec": 62.806329,
            "fid": 2,
            "nid": 2804,
            "magpsf": 18.004100799560547,
            "sigmapsf": 0.06546399742364883,
            "magnr": 20.128000259399414,
            "sigmagnr": 0.09700000286102295,
            "magzpsci": 26.271099090576172,
            "isdiffpos": "t",
            "ssdistnr": null,
            "ssnamenr": null,
            "drb": null
        },
        {
            "candid": 2804240274215015003,
            "jd": 2460558.7402778,
            "ra": 230.4949537,
            "dec": 62.8062966,
            "fid": 1,
            "nid": 2804,
            "magpsf": 18.778099060058594,
            "sigmapsf": 0.09524299949407578,
            "magnr": 20.589000701904297,
            "sigmagnr": 0.10899999737739563,
            "magzpsci": 26.124099731445312,
            "isdiffpos": "t",
            "ssdistnr": null,
            "ssnamenr": null,
            "drb": null
        },
        {
            "candid": 2811179154215015000,
            "jd": 2460565.6791551,
            "ra": 230.4950389,
            "dec": 62.8063071,
            "fid": 2,
            "nid": 2811,
            "magpsf": 18.033000946044922,
            "sigmapsf": 0.0826210007071495,
            "magnr": 20.128000259399414,
            "sigmagnr": 0.09700000286102295,
            "magzpsci": 26.19700050354004,
            "isdiffpos": "t",
            "ssdistnr": null,
            "ssnamenr": null,
            "drb": null
        },
        {
            "candid": 2811220254215015001,
            "jd": 2460565.7202546,
            "ra": 230.4950831,
            "dec": 62.8063233,
            "fid": 1,
            "nid": 2811,
            "magpsf": 18.869400024414062,
            "sigmapsf": 0.10117100179195404,
            "magnr": 20.589000701904297,
            "sigmagnr": 0.10899999737739563,
            "magzpsci": 26.264400482177734,
            "isdiffpos": "t",
            "ssdistnr": null,
            "ssnamenr": null,
            "drb": null
        },
        {
            "candid": 2813155164215015004,
            "jd": 2460567.655162,
            "ra": 230.4950193,
            "dec": 62.8063352,
            "fid": 2,
            "nid": 2813,
            "magpsf": 18.103200912475586,
            "sigmapsf": 0.06468799710273743,
            "magnr": 20.128000259399414,
            "sigmagnr": 0.09700000286102295,
            "magzpsci": 26.34819984436035,
            "isdiffpos": "t",
            "ssdistnr": null,
            "ssnamenr": null,
            "drb": null
        },
        {
            "candid": 2813221624215015001,
            "jd": 2460567.7216204,
            "ra": 230.494978,
            "dec": 62.8063031,
            "fid": 1,
            "nid": 2813,
            "magpsf": 18.829099655151367,
            "sigmapsf": 0.1329910010099411,
            "magnr": 20.589000701904297,
            "sigmagnr": 0.10899999737739563,
            "magzpsci": 26.206100463867188,
            "isdiffpos": "t",
            "ssdistnr": null,
            "ssnamenr": null,
            "drb": null
        },
        {
            "candid": 2815158004215015001,
            "jd": 2460569.6580093,
            "ra": 230.4949898,
            "dec": 62.8063256,
            "fid": 1,
            "nid": 2815,
            "magpsf": 18.86440086364746,
            "sigmapsf": 0.16976000368595123,
            "magnr": 20.589000701904297,
            "sigmagnr": 0.10899999737739563,
            "magzpsci": 26.308399200439453,
            "isdiffpos": "t",
            "ssdistnr": null,
            "ssnamenr": null,
            "drb": null
        },
        {
            "candid": 2815201634215015002,
            "jd": 2460569.7016319,
            "ra": 230.495072,
            "dec": 62.8063296,
            "fid": 2,
            "nid": 2815,
            "magpsf": 18.052200317382812,
            "sigmapsf": 0.07936400175094604,
            "magnr": 20.128000259399414,
            "sigmagnr": 0.09700000286102295,
            "magzpsci": 26.31920051574707,
            "isdiffpos": "t",
            "ssdistnr": null,
            "ssnamenr": null,
            "drb": null
        },
        {
            "candid": 2818134974215015003,
            "jd": 2460572.6349769,
            "ra": 230.4949814,
            "dec": 62.8062972,
            "fid": 1,
            "nid": 2818,
            "magpsf": 18.603700637817383,
            "sigmapsf": 0.15028299391269684,
            "magnr": 20.589000701904297,
            "sigmagnr": 0.10899999737739563,
            "magzpsci": 26.299699783325195,
            "isdiffpos": "t",
            "ssdistnr": null,
            "ssnamenr": null,
            "drb": null
        },
        {
            "candid": 2818197444215015002,
            "jd": 2460572.6974421,
            "ra": 230.495017,
            "dec": 62.8063421,
            "fid": 2,
            "nid": 2818,
            "magpsf": 18.04829978942871,
            "sigmapsf": 0.06777200102806091,
            "magnr": 20.128000259399414,
            "sigmagnr": 0.09700000286102295,
            "magzpsci": 26.295299530029297,
            "isdiffpos": "t",
            "ssdistnr": null,
            "ssnamenr": null,
            "drb": null
        },
        {
            "candid": 2821139364215015005,
            "jd": 2460575.6393634,
            "ra": 230.495047,
            "dec": 62.8063308,
            "fid": 1,
            "nid": 2821,
            "magpsf": 18.755399703979492,
            "sigmapsf": 0.07828500121831894,
            "magnr": 20.589000701904297,
            "sigmagnr": 0.10899999737739563,
            "magzpsci": 26.27039909362793,
            "isdiffpos": "t",
            "ssdistnr": null,
            "ssnamenr": null,
            "drb": null
        },
        {
            "candid": 2821201554215015001,
            "jd": 2460575.7015509,
            "ra": 230.4950594,
            "dec": 62.8063228,
            "fid": 2,
            "nid": 2821,
            "magpsf": 18.033899307250977,
            "sigmapsf": 0.07878000289201736,
            "magnr": 20.128000259399414,
            "sigmagnr": 0.09700000286102295,
            "magzpsci": 26.258899688720703,
            "isdiffpos": "t",
            "ssdistnr": null,
            "ssnamenr": null,
            "drb": null
        },
        {
            "candid": 2822180174215015004,
            "jd": 2460576.6801736,
            "ra": 230.4950377,
            "dec": 62.806329,
            "fid": 2,
            "nid": 2822,
            "magpsf": 18.050731658935547,
            "sigmapsf": 0.07353220880031586,
            "magnr": 20.128000259399414,
            "sigmagnr": 0.09700000286102295,
            "magzpsci": 26.27273178100586,
            "isdiffpos": "t",
            "ssdistnr": -999.0,
            "ssnamenr": "null",
            "drb": null
        },
        {
            "jd": 2460429.823912,
            "fid": 1,
            "diffmaglim": 20.475400924682617
        },
        {
            "jd": 2460429.8690741,
            "fid": 2,
            "diffmaglim": 20.35379981994629
        },
        {
            "jd": 2460431.8225926,
            "fid": 1,
            "diffmaglim": 20.945199966430664
        },
        {
            "jd": 2460433.8487269,
            "fid": 1,
            "diffmaglim": 20.858999252319336
        },
        {
            "jd": 2460433.9079167,
            "fid": 2,
            "diffmaglim": 20.785600662231445
        },
        {
            "jd": 2460436.9053472,
            "fid": 1,
            "diffmaglim": 20.431299209594727
        },
        {
            "jd": 2460436.951412,
            "fid": 2,
            "diffmaglim": 20.060300827026367
        },
        {
            "jd": 2460437.8540394,
            "fid": 3,
            "diffmaglim": 19.902700424194336
        },
        {
            "jd": 2460437.9295139,
            "fid": 1,
            "diffmaglim": 20.472900390625
        },
        {
            "jd": 2460437.9491319,
            "fid": 2,
            "diffmaglim": 20.45439910888672
        },
        {
            "jd": 2460438.806956,
            "fid": 1,
            "diffmaglim": 20.653200149536133
        },
        {
            "jd": 2460438.8476042,
            "fid": 3,
            "diffmaglim": 19.940900802612305
        },
        {
            "jd": 2460438.9124769,
            "fid": 2,
            "diffmaglim": 20.441299438476562
        },
        {
            "jd": 2460439.8209606,
            "fid": 1,
            "diffmaglim": 20.59469985961914
        },
        {
            "jd": 2460439.9073148,
            "fid": 2,
            "diffmaglim": 20.53459930419922
        },
        {
            "jd": 2460441.8683218,
            "fid": 1,
            "diffmaglim": 20.61199951171875
        },
        {
            "jd": 2460441.8870833,
            "fid": 2,
            "diffmaglim": 20.138399124145508
        },
        {
            "jd": 2460443.8518403,
            "fid": 2,
            "diffmaglim": 20.46430015563965
        },
        {
            "jd": 2460443.9105787,
            "fid": 1,
            "diffmaglim": 20.397899627685547
        },
        {
            "jd": 2460445.9260301,
            "fid": 1,
            "diffmaglim": 20.669099807739258
        },
        {
            "jd": 2460447.8641204,
            "fid": 2,
            "diffmaglim": 20.39310073852539
        },
        {
            "jd": 2460447.908125,
            "fid": 1,
            "diffmaglim": 20.77199935913086
        },
        {
            "jd": 2460449.8676273,
            "fid": 2,
            "diffmaglim": 19.83919906616211
        },
        {
            "jd": 2460449.9121875,
            "fid": 1,
            "diffmaglim": 20.00819969177246
        },
        {
            "jd": 2460451.8698611,
            "fid": 2,
            "diffmaglim": 19.608999252319336
        },
        {
            "jd": 2460451.9080208,
            "fid": 1,
            "diffmaglim": 19.545400619506836
        },
        {
            "jd": 2460455.7662269,
            "fid": 1,
            "diffmaglim": 19.662500381469727
        },
        {
            "jd": 2460455.8853935,
            "fid": 2,
            "diffmaglim": 19.465900421142578
        },
        {
            "jd": 2460481.7423611,
            "fid": 1,
            "diffmaglim": 19.82110023498535
        },
        {
            "jd": 2460485.7607407,
            "fid": 1,
            "diffmaglim": 19.40690040588379
        },
        {
            "jd": 2460515.7793981,
            "fid": 2,
            "diffmaglim": 19.926700592041016
        },
        {
            "jd": 2460521.7681366,
            "fid": 2,
            "diffmaglim": 20.35569953918457
        },
        {
            "jd": 2460526.7801042,
            "fid": 2,
            "diffmaglim": 20.4507999420166
        },
        {
            "jd": 2460528.7427199,
            "fid": 2,
            "diffmaglim": 20.13360023498535
        },
        {
            "jd": 2460576.6631366,
            "fid": 3,
            "diffmaglim": 19.934999465942383
        }
    ],
    "forcedphot": [
        {
            "objectid": "ZTF24aapadbb",
            "jd": 2460429.823912,
            "ranr": 230.4929254,
            "decnr": 62.8061679,
            "fid": 1,
            "forcediffimflux": -8.600054740905762,
            "forcediffimfluxunc": 30.979459762573242,
            "magzpsci": 26.344999313354492
        },
        {
            "objectid": "ZTF24aapadbb",
            "jd": 2460429.8690741,
            "ranr": 230.4931119,
            "decnr": 62.8059999,
            "fid": 2,
            "forcediffimflux": 4.81838321685791,
            "forcediffimfluxunc": 34.44820022583008,
            "magzpsci": 26.376699447631836
        },
        {
            "objectid": "ZTF24aapadbb",
            "jd": 2460431.8225926,
            "ranr": 230.4929254,
            "decnr": 62.8061679,
            "fid": 1,
            "forcediffimflux": 19.83269500732422,
            "forcediffimfluxunc": 18.22246551513672,
            "magzpsci": 26.36829948425293
        },
        {
            "objectid": "ZTF24aapadbb",
            "jd": 2460433.8487269,
            "ranr": 230.4929254,
            "decnr": 62.8061679,
            "fid": 1,
            "forcediffimflux": 4.283966064453125,
            "forcediffimfluxunc": 18.723203659057617,
            "magzpsci": 26.29290008544922
        },
        {
            "objectid": "ZTF24aapadbb",
            "jd": 2460433.9079167,
            "ranr": 230.4931119,
            "decnr": 62.8059999,
            "fid": 2,
            "forcediffimflux": 16.40758514404297,
            "forcediffimfluxunc": 19.985530853271484,
            "magzpsci": 26.33060073852539
        },
        {
            "objectid": "ZTF24aapadbb",
            "jd": 2460436.9053472,
            "ranr": 230.4929254,
            "decnr": 62.8061679,
            "fid": 1,
            "forcediffimflux": -67.8961410522461,
            "forcediffimfluxunc": 32.216209411621094,
            "magzpsci": 26.369800567626953
        },
        {
            "objectid": "ZTF24aapadbb",
            "jd": 2460436.951412,
            "ranr": 230.4931119,
            "decnr": 62.8059999,
            "fid": 2,
            "forcediffimflux": -0.866672694683075,
            "forcediffimfluxunc": 44.18120574951172,
            "magzpsci": 26.378400802612305
        },
        {
            "objectid": "ZTF24aapadbb",
            "jd": 2460437.8540394,
            "ranr": 230.4927421,
            "decnr": 62.806185,
            "fid": 3,
            "forcediffimflux": 40.239479064941406,
            "forcediffimfluxunc": 31.973981857299805,
            "magzpsci": 25.833999633789062
        },
        {
            "objectid": "ZTF24aapadbb",
            "jd": 2460437.9295139,
            "ranr": 230.4929254,
            "decnr": 62.8061679,
            "fid": 1,
            "forcediffimflux": 18.522310256958008,
            "forcediffimfluxunc": 29.663490295410156,
            "magzpsci": 26.339099884033203
        },
        {
            "objectid": "ZTF24aapadbb",
            "jd": 2460437.9491319,
            "ranr": 230.4931119,
            "decnr": 62.8059999,
            "fid": 2,
            "forcediffimflux": -22.951566696166992,
            "forcediffimfluxunc": 30.24272346496582,
            "magzpsci": 26.353200912475586
        },
        {
            "objectid": "ZTF24aapadbb",
            "jd": 2460438.806956,
            "ranr": 230.4929254,
            "decnr": 62.8061679,
            "fid": 1,
            "forcediffimflux": 8.749468803405762,
            "forcediffimfluxunc": 23.455543518066406,
            "magzpsci": 26.339399337768555
        },
        {
            "objectid": "ZTF24aapadbb",
            "jd": 2460438.8476042,
            "ranr": 230.4927421,
            "decnr": 62.806185,
            "fid": 3,
            "forcediffimflux": 19.17256736755371,
            "forcediffimfluxunc": 27.868480682373047,
            "magzpsci": 25.83489990234375
        },
        {
            "objectid": "ZTF24aapadbb",
            "jd": 2460438.9124769,
            "ranr": 230.4931119,
            "decnr": 62.8059999,
            "fid": 2,
            "forcediffimflux": 22.209131240844727,
            "forcediffimfluxunc": 29.665550231933594,
            "magzpsci": 26.346399307250977
        },
        {
            "objectid": "ZTF24aapadbb",
            "jd": 2460439.8209606,
            "ranr": 230.4929254,
            "decnr": 62.8061679,
            "fid": 1,
            "forcediffimflux": 15.664993286132812,
            "forcediffimfluxunc": 24.435270309448242,
            "magzpsci": 26.2721004486084
        },
        {
            "objectid": "ZTF24aapadbb",
            "jd": 2460439.9073148,
            "ranr": 230.4931119,
            "decnr": 62.8059999,
            "fid": 2,
            "forcediffimflux": 19.71047019958496,
            "forcediffimfluxunc": 26.230716705322266,
            "magzpsci": 26.3085994720459
        },
        {
            "objectid": "ZTF24aapadbb",
            "jd": 2460441.8683218,
            "ranr": 230.4929254,
            "decnr": 62.8061679,
            "fid": 1,
            "forcediffimflux": -10.100081443786621,
            "forcediffimfluxunc": 24.14626693725586,
            "magzpsci": 26.319400787353516
        },
        {
            "objectid": "ZTF24aapadbb",
            "jd": 2460441.8870833,
            "ranr": 230.4931119,
            "decnr": 62.8059999,
            "fid": 2,
            "forcediffimflux": -20.562171936035156,
            "forcediffimfluxunc": 42.56135940551758,
            "magzpsci": 26.364599227905273
        },
        {
            "objectid": "ZTF24aapadbb",
            "jd": 2460443.8518403,
            "ranr": 230.4931119,
            "decnr": 62.8059999,
            "fid": 2,
            "forcediffimflux": -8.71061897277832,
            "forcediffimfluxunc": 28.720561981201172,
            "magzpsci": 26.34440040588379
        },
        {
            "objectid": "ZTF24aapadbb",
            "jd": 2460443.9105787,
            "ranr": 230.4929254,
            "decnr": 62.8061679,
            "fid": 1,
            "forcediffimflux": 8.485302925109863,
            "forcediffimfluxunc": 28.921432495117188,
            "magzpsci": 26.314699172973633
        },
        {
            "objectid": "ZTF24aapadbb",
            "jd": 2460445.9260301,
            "ranr": 230.4929254,
            "decnr": 62.8061679,
            "fid": 1,
            "forcediffimflux": 15.729717254638672,
            "forcediffimfluxunc": 19.8465518951416,
            "magzpsci": 26.273799896240234
        },
        {
            "objectid": "ZTF24aapadbb",
            "jd": 2460447.8641204,
            "ranr": 230.4931119,
            "decnr": 62.8059999,
            "fid": 2,
            "forcediffimflux": -11.23013687133789,
            "forcediffimfluxunc": 30.21705436706543,
            "magzpsci": 26.347000122070312
        },
        {
            "objectid": "ZTF24aapadbb",
            "jd": 2460447.908125,
            "ranr": 230.4929254,
            "decnr": 62.8061679,
            "fid": 1,
            "forcediffimflux": 26.569429397583008,
            "forcediffimfluxunc": 20.327180862426758,
            "magzpsci": 26.31220054626465
        },
        {
            "objectid": "ZTF24aapadbb",
            "jd": 2460449.8676273,
            "ranr": 230.4931119,
            "decnr": 62.8059999,
            "fid": 2,
            "forcediffimflux": -32.54472351074219,
            "forcediffimfluxunc": 52.225990295410156,
            "magzpsci": 26.371000289916992
        },
        {
            "objectid": "ZTF24aapadbb",
            "jd": 2460449.9121875,
            "ranr": 230.4929254,
            "decnr": 62.8061679,
            "fid": 1,
            "forcediffimflux": -28.27780532836914,
            "forcediffimfluxunc": 46.808349609375,
            "magzpsci": 26.320100784301758
        },
        {
            "objectid": "ZTF24aapadbb",
            "jd": 2460451.8698611,
            "ranr": 230.4931119,
            "decnr": 62.8059999,
            "fid": 2,
            "forcediffimflux": 6.891380786895752,
            "forcediffimfluxunc": 58.798309326171875,
            "magzpsci": 26.304100036621094
        },
        {
            "objectid": "ZTF24aapadbb",
            "jd": 2460451.9080208,
            "ranr": 230.4929254,
            "decnr": 62.8061679,
            "fid": 1,
            "forcediffimflux": 38.31336975097656,
            "forcediffimfluxunc": 59.40003967285156,
            "magzpsci": 26.280099868774414
        },
        {
            "objectid": "ZTF24aapadbb",
            "jd": 2460455.7662269,
            "ranr": 230.4929254,
            "decnr": 62.8061679,
            "fid": 1,
            "forcediffimflux": 257.3455810546875,
            "forcediffimfluxunc": 58.14613342285156,
            "magzpsci": 26.35569953918457
        },
        {
            "objectid": "ZTF24aapadbb",
            "jd": 2460455.8853935,
            "ranr": 230.4931119,
            "decnr": 62.8059999,
            "fid": 2,
            "forcediffimflux": 263.7751159667969,
            "forcediffimfluxunc": 72.050537109375,
            "magzpsci": 26.36009979248047
        },
        {
            "objectid": "ZTF24aapadbb",
            "jd": 2460458.7603125,
            "ranr": 230.4929254,
            "decnr": 62.8061679,
            "fid": 1,
            "forcediffimflux": 619.7205810546875,
            "forcediffimfluxunc": 27.380273818969727,
            "magzpsci": 26.357999801635742
        },
        {
            "objectid": "ZTF24aapadbb",
            "jd": 2460458.8685648,
            "ranr": 230.4931119,
            "decnr": 62.8059999,
            "fid": 2,
            "forcediffimflux": 757.4483642578125,
            "forcediffimfluxunc": 36.19485855102539,
            "magzpsci": 26.36639976501465
        },
        {
            "objectid": "ZTF24aapadbb",
            "jd": 2460460.7797685,
            "ranr": 230.4931119,
            "decnr": 62.8059999,
            "fid": 2,
            "forcediffimflux": 981.8966064453125,
            "forcediffimfluxunc": 32.18024826049805,
            "magzpsci": 26.345600128173828
        },
        {
            "objectid": "ZTF24aapadbb",
            "jd": 2460460.805706,
            "ranr": 230.4929254,
            "decnr": 62.8061679,
            "fid": 1,
            "forcediffimflux": 777.6442260742188,
            "forcediffimfluxunc": 28.608184814453125,
            "magzpsci": 26.332500457763672
        },
        {
            "objectid": "ZTF24aapadbb",
            "jd": 2460462.7684375,
            "ranr": 230.4929254,
            "decnr": 62.8061679,
            "fid": 1,
            "forcediffimflux": 1011.4798583984375,
            "forcediffimfluxunc": 24.716920852661133,
            "magzpsci": 26.359500885009766
        },
        {
            "objectid": "ZTF24aapadbb",
            "jd": 2460462.8664931,
            "ranr": 230.4931119,
            "decnr": 62.8059999,
            "fid": 2,
            "forcediffimflux": 1176.087890625,
            "forcediffimfluxunc": 28.614145278930664,
            "magzpsci": 26.361299514770508
        },
        {
            "objectid": "ZTF24aapadbb",
            "jd": 2460464.8452431,
            "ranr": 230.4931119,
            "decnr": 62.8059999,
            "fid": 2,
            "forcediffimflux": 1292.677490234375,
            "forcediffimfluxunc": 33.76115417480469,
            "magzpsci": 26.318099975585938
        },
        {
            "objectid": "ZTF24aapadbb",
            "jd": 2460464.8674421,
            "ranr": 230.4929254,
            "decnr": 62.8061679,
            "fid": 1,
            "forcediffimflux": 1003.9423217773438,
            "forcediffimfluxunc": 30.664493560791016,
            "magzpsci": 26.19849967956543
        },
        {
            "objectid": "ZTF24aapadbb",
            "jd": 2460469.8642593,
            "ranr": 230.4929254,
            "decnr": 62.8061679,
            "fid": 1,
            "forcediffimflux": 1527.3961181640625,
            "forcediffimfluxunc": 31.57070541381836,
            "magzpsci": 26.303199768066406
        },
        {
            "objectid": "ZTF24aapadbb",
            "jd": 2460469.8858565,
            "ranr": 230.4931119,
            "decnr": 62.8059999,
            "fid": 2,
            "forcediffimflux": 1861.9200439453125,
            "forcediffimfluxunc": 34.2691764831543,
            "magzpsci": 26.3085994720459
        },
        {
            "objectid": "ZTF24aapadbb",
            "jd": 2460471.8479167,
            "ranr": 230.4931119,
            "decnr": 62.8059999,
            "fid": 2,
            "forcediffimflux": 2168.66845703125,
            "forcediffimfluxunc": 34.745277404785156,
            "magzpsci": 26.345699310302734
        },
        {
            "objectid": "ZTF24aapadbb",
            "jd": 2460471.891713,
            "ranr": 230.4929254,
            "decnr": 62.8061679,
            "fid": 1,
            "forcediffimflux": 1765.9671630859375,
            "forcediffimfluxunc": 35.84633255004883,
            "magzpsci": 26.31679916381836
        },
        {
            "objectid": "ZTF24aapadbb",
            "jd": 2460473.8497106,
            "ranr": 230.4929254,
            "decnr": 62.8061679,
            "fid": 1,
            "forcediffimflux": 1929.7451171875,
            "forcediffimfluxunc": 32.15713119506836,
            "magzpsci": 26.30270004272461
        },
        {
            "objectid": "ZTF24aapadbb",
            "jd": 2460473.8707986,
            "ranr": 230.4931119,
            "decnr": 62.8059999,
            "fid": 2,
            "forcediffimflux": 2311.386962890625,
            "forcediffimfluxunc": 35.26424026489258,
            "magzpsci": 26.333900451660156
        },
        {
            "objectid": "ZTF24aapadbb",
            "jd": 2460476.8860417,
            "ranr": 230.4929254,
            "decnr": 62.8061679,
            "fid": 1,
            "forcediffimflux": 2199.735107421875,
            "forcediffimfluxunc": 38.690643310546875,
            "magzpsci": 26.33049964904785
        },
        {
            "objectid": "ZTF24aapadbb",
            "jd": 2460479.8101505,
            "ranr": 230.4931119,
            "decnr": 62.8059999,
            "fid": 2,
            "forcediffimflux": 2979.853271484375,
            "forcediffimfluxunc": 56.61902618408203,
            "magzpsci": 26.389999389648438
        },
        {
            "objectid": "ZTF24aapadbb",
            "jd": 2460479.8880787,
            "ranr": 230.4929254,
            "decnr": 62.8061679,
            "fid": 1,
            "forcediffimflux": 2307.2822265625,
            "forcediffimfluxunc": 54.77716064453125,
            "magzpsci": 26.29949951171875
        },
        {
            "objectid": "ZTF24aapadbb",
            "jd": 2460481.7423611,
            "ranr": 230.4929254,
            "decnr": 62.8061679,
            "fid": 1,
            "forcediffimflux": 2826.91162109375,
            "forcediffimfluxunc": 60.91905212402344,
            "magzpsci": 26.377599716186523
        },
        {
            "objectid": "ZTF24aapadbb",
            "jd": 2460481.7990046,
            "ranr": 230.4931119,
            "decnr": 62.8059999,
            "fid": 2,
            "forcediffimflux": 3230.65087890625,
            "forcediffimfluxunc": 57.023128509521484,
            "magzpsci": 26.3882999420166
        },
        {
            "objectid": "ZTF24aapadbb",
            "jd": 2460483.7828588,
            "ranr": 230.4931119,
            "decnr": 62.8059999,
            "fid": 2,
            "forcediffimflux": 3382.372314453125,
            "forcediffimfluxunc": 68.98423767089844,
            "magzpsci": 26.38949966430664
        },
        {
            "objectid": "ZTF24aapadbb",
            "jd": 2460483.8917014,
            "ranr": 230.4929254,
            "decnr": 62.8061679,
            "fid": 1,
            "forcediffimflux": 2793.138671875,
            "forcediffimfluxunc": 95.41461181640625,
            "magzpsci": 26.326400756835938
        },
        {
            "objectid": "ZTF24aapadbb",
            "jd": 2460485.8206019,
            "ranr": 230.4931119,
            "decnr": 62.8059999,
            "fid": 2,
            "forcediffimflux": 3589.826171875,
            "forcediffimfluxunc": 55.89016342163086,
            "magzpsci": 26.32670021057129
        },
        {
            "objectid": "ZTF24aapadbb",
            "jd": 2460487.7457292,
            "ranr": 230.4929254,
            "decnr": 62.8061679,
            "fid": 1,
            "forcediffimflux": 3229.82666015625,
            "forcediffimfluxunc": 38.97968292236328,
            "magzpsci": 26.346599578857422
        },
        {
            "objectid": "ZTF24aapadbb",
            "jd": 2460487.7993171,
            "ranr": 230.4931119,
            "decnr": 62.8059999,
            "fid": 2,
            "forcediffimflux": 4139.44873046875,
            "forcediffimfluxunc": 48.71528625488281,
            "magzpsci": 26.34779930114746
        },
        {
            "objectid": "ZTF24aapadbb",
            "jd": 2460489.7596991,
            "ranr": 230.4929254,
            "decnr": 62.8061679,
            "fid": 1,
            "forcediffimflux": 3517.574951171875,
            "forcediffimfluxunc": 42.15773010253906,
            "magzpsci": 26.379499435424805
        },
        {
            "objectid": "ZTF24aapadbb",
            "jd": 2460489.8220255,
            "ranr": 230.4931119,
            "decnr": 62.8059999,
            "fid": 2,
            "forcediffimflux": 4321.013671875,
            "forcediffimfluxunc": 46.44794845581055,
            "magzpsci": 26.3794002532959
        },
        {
            "objectid": "ZTF24aapadbb",
            "jd": 2460491.7849421,
            "ranr": 230.4929254,
            "decnr": 62.8061679,
            "fid": 1,
            "forcediffimflux": 3865.018310546875,
            "forcediffimfluxunc": 41.459754943847656,
            "magzpsci": 26.355199813842773
        },
        {
            "objectid": "ZTF24aapadbb",
            "jd": 2460491.885544,
            "ranr": 230.4931119,
            "decnr": 62.8059999,
            "fid": 2,
            "forcediffimflux": 4477.9658203125,
            "forcediffimfluxunc": 48.63652801513672,
            "magzpsci": 26.343900680541992
        },
        {
            "objectid": "ZTF24aapadbb",
            "jd": 2460500.7155324,
            "ranr": 230.4929254,
            "decnr": 62.8061679,
            "fid": 1,
            "forcediffimflux": 4251.32080078125,
            "forcediffimfluxunc": 44.236724853515625,
            "magzpsci": 26.252300262451172
        },
        {
            "objectid": "ZTF24aapadbb",
            "jd": 2460500.8036343,
            "ranr": 230.4931119,
            "decnr": 62.8059999,
            "fid": 2,
            "forcediffimflux": 5041.7919921875,
            "forcediffimfluxunc": 51.0689582824707,
            "magzpsci": 26.304399490356445
        },
        {
            "objectid": "ZTF24aapadbb",
            "jd": 2460502.7841782,
            "ranr": 230.4929254,
            "decnr": 62.8061679,
            "fid": 1,
            "forcediffimflux": 3949.8564453125,
            "forcediffimfluxunc": 43.75613784790039,
            "magzpsci": 26.082500457763672
        },
        {
            "objectid": "ZTF24aapadbb",
            "jd": 2460502.8515394,
            "ranr": 230.4931119,
            "decnr": 62.8059999,
            "fid": 2,
            "forcediffimflux": 4904.81787109375,
            "forcediffimfluxunc": 52.29513931274414,
            "magzpsci": 26.182300567626953
        },
        {
            "objectid": "ZTF24aapadbb",
            "jd": 2460504.7838426,
            "ranr": 230.4931119,
            "decnr": 62.8059999,
            "fid": 2,
            "forcediffimflux": 5374.15087890625,
            "forcediffimfluxunc": 47.827110290527344,
            "magzpsci": 26.208999633789062
        },
        {
            "objectid": "ZTF24aapadbb",
            "jd": 2460504.8054514,
            "ranr": 230.4929254,
            "decnr": 62.8061679,
            "fid": 1,
            "forcediffimflux": 3970.8330078125,
            "forcediffimfluxunc": 44.845157623291016,
            "magzpsci": 26.075700759887695
        },
        {
            "objectid": "ZTF24aapadbb",
            "jd": 2460506.7424074,
            "ranr": 230.4931119,
            "decnr": 62.8059999,
            "fid": 2,
            "forcediffimflux": 5804.21484375,
            "forcediffimfluxunc": 52.19110107421875,
            "magzpsci": 26.302499771118164
        },
        {
            "objectid": "ZTF24aapadbb",
            "jd": 2460509.7874421,
            "ranr": 230.4931119,
            "decnr": 62.8059999,
            "fid": 2,
            "forcediffimflux": 4637.53076171875,
            "forcediffimfluxunc": 74.98648834228516,
            "magzpsci": 26.25429916381836
        },
        {
            "objectid": "ZTF24aapadbb",
            "jd": 2460509.8658912,
            "ranr": 230.4929254,
            "decnr": 62.8061679,
            "fid": 1,
            "forcediffimflux": 3341.9052734375,
            "forcediffimfluxunc": 67.59241485595703,
            "magzpsci": 26.01580047607422
        },
        {
            "objectid": "ZTF24aapadbb",
            "jd": 2460511.7170139,
            "ranr": 230.4929254,
            "decnr": 62.8061679,
            "fid": 1,
            "forcediffimflux": 4161.25732421875,
            "forcediffimfluxunc": 69.70880126953125,
            "magzpsci": 26.27359962463379
        },
        {
            "objectid": "ZTF24aapadbb",
            "jd": 2460511.7838194,
            "ranr": 230.4931119,
            "decnr": 62.8059999,
            "fid": 2,
            "forcediffimflux": 5120.2451171875,
            "forcediffimfluxunc": 71.86185455322266,
            "magzpsci": 26.28350067138672
        },
        {
            "objectid": "ZTF24aapadbb",
            "jd": 2460513.7416551,
            "ranr": 230.4929254,
            "decnr": 62.8061679,
            "fid": 1,
            "forcediffimflux": 3750.69677734375,
            "forcediffimfluxunc": 69.9772720336914,
            "magzpsci": 26.263999938964844
        },
        {
            "objectid": "ZTF24aapadbb",
            "jd": 2460513.784213,
            "ranr": 230.4931119,
            "decnr": 62.8059999,
            "fid": 2,
            "forcediffimflux": 5350.3642578125,
            "forcediffimfluxunc": 66.124755859375,
            "magzpsci": 26.27630043029785
        },
        {
            "objectid": "ZTF24aapadbb",
            "jd": 2460515.7793981,
            "ranr": 230.4931119,
            "decnr": 62.8059999,
            "fid": 2,
            "forcediffimflux": 4991.0146484375,
            "forcediffimfluxunc": 58.775943756103516,
            "magzpsci": 26.269100189208984
        },
        {
            "objectid": "ZTF24aapadbb",
            "jd": 2460515.8046875,
            "ranr": 230.4929254,
            "decnr": 62.8061679,
            "fid": 1,
            "forcediffimflux": 2837.395263671875,
            "forcediffimfluxunc": 64.123291015625,
            "magzpsci": 26.119600296020508
        },
        {
            "objectid": "ZTF24aapadbb",
            "jd": 2460517.7164815,
            "ranr": 230.4929254,
            "decnr": 62.8061679,
            "fid": 1,
            "forcediffimflux": 2689.44970703125,
            "forcediffimfluxunc": 36.9025764465332,
            "magzpsci": 26.146299362182617
        },
        {
            "objectid": "ZTF24aapadbb",
            "jd": 2460517.798912,
            "ranr": 230.4931119,
            "decnr": 62.8059999,
            "fid": 2,
            "forcediffimflux": 4046.53955078125,
            "forcediffimfluxunc": 60.63810729980469,
            "magzpsci": 26.20400047302246
        },
        {
            "objectid": "ZTF24aapadbb",
            "jd": 2460519.7442824,
            "ranr": 230.4929254,
            "decnr": 62.8061679,
            "fid": 1,
            "forcediffimflux": 2721.994384765625,
            "forcediffimfluxunc": 42.233116149902344,
            "magzpsci": 26.36090087890625
        },
        {
            "objectid": "ZTF24aapadbb",
            "jd": 2460519.8251273,
            "ranr": 230.4931119,
            "decnr": 62.8059999,
            "fid": 2,
            "forcediffimflux": 4420.90625,
            "forcediffimfluxunc": 54.96711730957031,
            "magzpsci": 26.345699310302734
        },
        {
            "objectid": "ZTF24aapadbb",
            "jd": 2460521.7027894,
            "ranr": 230.4929254,
            "decnr": 62.8061679,
            "fid": 1,
            "forcediffimflux": 2581.71240234375,
            "forcediffimfluxunc": 38.047733306884766,
            "magzpsci": 26.3439998626709
        },
        {
            "objectid": "ZTF24aapadbb",
            "jd": 2460521.7681366,
            "ranr": 230.4931119,
            "decnr": 62.8059999,
            "fid": 2,
            "forcediffimflux": 4368.3330078125,
            "forcediffimfluxunc": 48.97600173950195,
            "magzpsci": 26.354400634765625
        },
        {
            "objectid": "ZTF24aapadbb",
            "jd": 2460524.7617708,
            "ranr": 230.4931119,
            "decnr": 62.8059999,
            "fid": 2,
            "forcediffimflux": 3766.07421875,
            "forcediffimfluxunc": 44.579776763916016,
            "magzpsci": 26.289600372314453
        },
        {
            "objectid": "ZTF24aapadbb",
            "jd": 2460524.8274306,
            "ranr": 230.4929254,
            "decnr": 62.8061679,
            "fid": 1,
            "forcediffimflux": 1646.882080078125,
            "forcediffimfluxunc": 38.776710510253906,
            "magzpsci": 26.11520004272461
        },
        {
            "objectid": "ZTF24aapadbb",
            "jd": 2460526.7801042,
            "ranr": 230.4931119,
            "decnr": 62.8059999,
            "fid": 2,
            "forcediffimflux": 3745.04541015625,
            "forcediffimfluxunc": 42.25041580200195,
            "magzpsci": 26.35689926147461
        },
        {
            "objectid": "ZTF24aapadbb",
            "jd": 2460526.8066782,
            "ranr": 230.4929254,
            "decnr": 62.8061679,
            "fid": 1,
            "forcediffimflux": 1732.0289306640625,
            "forcediffimfluxunc": 41.47731399536133,
            "magzpsci": 26.23579978942871
        },
        {
            "objectid": "ZTF24aapadbb",
            "jd": 2460528.7427199,
            "ranr": 230.4931119,
            "decnr": 62.8059999,
            "fid": 2,
            "forcediffimflux": 2951.23291015625,
            "forcediffimfluxunc": 45.93701934814453,
            "magzpsci": 26.248699188232422
        },
        {
            "objectid": "ZTF24aapadbb",
            "jd": 2460528.8049769,
            "ranr": 230.4929254,
            "decnr": 62.8061679,
            "fid": 1,
            "forcediffimflux": 1415.8359375,
            "forcediffimfluxunc": 43.950286865234375,
            "magzpsci": 26.108200073242188
        },
        {
            "objectid": "ZTF24aapadbb",
            "jd": 2460530.7403472,
            "ranr": 230.4931119,
            "decnr": 62.8059999,
            "fid": 2,
            "forcediffimflux": 2995.495849609375,
            "forcediffimfluxunc": 48.33048629760742,
            "magzpsci": 26.27429962158203
        },
        {
            "objectid": "ZTF24aapadbb",
            "jd": 2460530.7595255,
            "ranr": 230.4929254,
            "decnr": 62.8061679,
            "fid": 1,
            "forcediffimflux": 1432.84423828125,
            "forcediffimfluxunc": 36.64895248413086,
            "magzpsci": 26.18630027770996
        },
        {
            "objectid": "ZTF24aapadbb",
            "jd": 2460544.6847454,
            "ranr": 230.4929254,
            "decnr": 62.8061679,
            "fid": 1,
            "forcediffimflux": 1200.8731689453125,
            "forcediffimfluxunc": 44.764888763427734,
            "magzpsci": 26.348899841308594
        },
        {
            "objectid": "ZTF24aapadbb",
            "jd": 2460544.7780324,
            "ranr": 230.4931119,
            "decnr": 62.8059999,
            "fid": 2,
            "forcediffimflux": 2398.87109375,
            "forcediffimfluxunc": 67.98519134521484,
            "magzpsci": 26.318700790405273
        },
        {
            "objectid": "ZTF24aapadbb",
            "jd": 2460546.6658333,
            "ranr": 230.4929254,
            "decnr": 62.8061679,
            "fid": 1,
            "forcediffimflux": 1150.324951171875,
            "forcediffimfluxunc": 36.07793426513672,
            "magzpsci": 26.343900680541992
        },
        {
            "objectid": "ZTF24aapadbb",
            "jd": 2460546.7618519,
            "ranr": 230.4931119,
            "decnr": 62.8059999,
            "fid": 2,
            "forcediffimflux": 2028.32080078125,
            "forcediffimfluxunc": 68.02325439453125,
            "magzpsci": 26.227500915527344
        },
        {
            "objectid": "ZTF24aapadbb",
            "jd": 2460548.7275116,
            "ranr": 230.4931119,
            "decnr": 62.8059999,
            "fid": 2,
            "forcediffimflux": 2580.96484375,
            "forcediffimfluxunc": 45.31174087524414,
            "magzpsci": 26.33839988708496
        },
        {
            "objectid": "ZTF24aapadbb",
            "jd": 2460548.7621412,
            "ranr": 230.4929254,
            "decnr": 62.8061679,
            "fid": 1,
            "forcediffimflux": 1001.7622680664062,
            "forcediffimfluxunc": 40.83272933959961,
            "magzpsci": 26.189199447631836
        },
        {
            "objectid": "ZTF24aapadbb",
            "jd": 2460554.6819329,
            "ranr": 230.4931119,
            "decnr": 62.8059999,
            "fid": 2,
            "forcediffimflux": 2296.824462890625,
            "forcediffimfluxunc": 39.75954818725586,
            "magzpsci": 26.325700759887695
        },
        {
            "objectid": "ZTF24aapadbb",
            "jd": 2460554.7414583,
            "ranr": 230.4929254,
            "decnr": 62.8061679,
            "fid": 1,
            "forcediffimflux": 1005.96435546875,
            "forcediffimfluxunc": 39.594398498535156,
            "magzpsci": 26.20800018310547
        },
        {
            "objectid": "ZTF24aapadbb",
            "jd": 2460556.6564468,
            "ranr": 230.4931119,
            "decnr": 62.8059999,
            "fid": 2,
            "forcediffimflux": 2181.833984375,
            "forcediffimfluxunc": 41.52488708496094,
            "magzpsci": 26.300600051879883
        },
        {
            "objectid": "ZTF24aapadbb",
            "jd": 2460556.6994907,
            "ranr": 230.4929254,
            "decnr": 62.8061679,
            "fid": 1,
            "forcediffimflux": 940.6312866210938,
            "forcediffimfluxunc": 32.587974548339844,
            "magzpsci": 26.188400268554688
        },
        {
            "objectid": "ZTF24aapadbb",
            "jd": 2460558.698831,
            "ranr": 230.4931119,
            "decnr": 62.8059999,
            "fid": 2,
            "forcediffimflux": 2093.43603515625,
            "forcediffimfluxunc": 46.12770080566406,
            "magzpsci": 26.271099090576172
        },
        {
            "objectid": "ZTF24aapadbb",
            "jd": 2460558.7402778,
            "ranr": 230.4929254,
            "decnr": 62.8061679,
            "fid": 1,
            "forcediffimflux": 855.603759765625,
            "forcediffimfluxunc": 42.69121170043945,
            "magzpsci": 26.124099731445312
        },
        {
            "objectid": "ZTF24aapadbb",
            "jd": 2460565.6791551,
            "ranr": 230.4931119,
            "decnr": 62.8059999,
            "fid": 2,
            "forcediffimflux": 1784.842041015625,
            "forcediffimfluxunc": 63.110816955566406,
            "magzpsci": 26.19700050354004
        },
        {
            "objectid": "ZTF24aapadbb",
            "jd": 2460565.7202546,
            "ranr": 230.4929254,
            "decnr": 62.8061679,
            "fid": 1,
            "forcediffimflux": 909.9326782226562,
            "forcediffimfluxunc": 48.82722854614258,
            "magzpsci": 26.264400482177734
        },
        {
            "objectid": "ZTF24aapadbb",
            "jd": 2460567.655162,
            "ranr": 230.4931119,
            "decnr": 62.8059999,
            "fid": 2,
            "forcediffimflux": 2122.832275390625,
            "forcediffimfluxunc": 56.54667663574219,
            "magzpsci": 26.34819984436035
        },
        {
            "objectid": "ZTF24aapadbb",
            "jd": 2460567.7216204,
            "ranr": 230.4929254,
            "decnr": 62.8061679,
            "fid": 1,
            "forcediffimflux": 909.3373413085938,
            "forcediffimfluxunc": 64.31136322021484,
            "magzpsci": 26.206100463867188
        },
        {
            "objectid": "ZTF24aapadbb",
            "jd": 2460569.6580093,
            "ranr": 230.4929254,
            "decnr": 62.8061679,
            "fid": 1,
            "forcediffimflux": 914.976318359375,
            "forcediffimfluxunc": 83.5514907836914,
            "magzpsci": 26.308399200439453
        },
        {
            "objectid": "ZTF24aapadbb",
            "jd": 2460569.7016319,
            "ranr": 230.4931119,
            "decnr": 62.8059999,
            "fid": 2,
            "forcediffimflux": 2027.8446044921875,
            "forcediffimfluxunc": 80.65692901611328,
            "magzpsci": 26.31920051574707
        },
        {
            "objectid": "ZTF24aapadbb",
            "jd": 2460572.6349769,
            "ranr": 230.4929254,
            "decnr": 62.8061679,
            "fid": 1,
            "forcediffimflux": 1199.8818359375,
            "forcediffimfluxunc": 66.68597412109375,
            "magzpsci": 26.299699783325195
        },
        {
            "objectid": "ZTF24aapadbb",
            "jd": 2460572.6974421,
            "ranr": 230.4931119,
            "decnr": 62.8059999,
            "fid": 2,
            "forcediffimflux": 2146.685546875,
            "forcediffimfluxunc": 69.0000228881836,
            "magzpsci": 26.295299530029297
        },
        {
            "objectid": "ZTF24aapadbb",
            "jd": 2460575.6393634,
            "ranr": 230.4929254,
            "decnr": 62.8061679,
            "fid": 1,
            "forcediffimflux": 1061.832763671875,
            "forcediffimfluxunc": 37.30839538574219,
            "magzpsci": 26.27039909362793
        },
        {
            "objectid": "ZTF24aapadbb",
            "jd": 2460575.7015509,
            "ranr": 230.4931119,
            "decnr": 62.8059999,
            "fid": 2,
            "forcediffimflux": 2001.052978515625,
            "forcediffimfluxunc": 56.19419479370117,
            "magzpsci": 26.258899688720703
        },
        {
            "objectid": "ZTF24aapadbb",
            "jd": 2460576.6631366,
            "ranr": 230.4927421,
            "decnr": 62.806185,
            "fid": 3,
            "forcediffimflux": 1635.0892333984375,
            "forcediffimfluxunc": 35.884674072265625,
            "magzpsci": 25.760499954223633
        }
    ]
}