{
    "objectId": "ZTF23abnbfda",
    "candidates": [
        {
            "candid": 2487408862415015002,
            "jd": 2460241.9088657,
            "ra": 112.5960778,
            "dec": 61.8186772,
            "fid": 2,
            "nid": 2487,
            "magpsf": 19.84749984741211,
            "sigmapsf": 0.19826799631118774,
            "magnr": 17.77400016784668,
            "sigmagnr": 0.07199999690055847,
            "magzpsci": 26.311500549316406,
            "isdiffpos": "t",
            "ssdistnr": null,
            "ssnamenr": null,
            "drb": 0.9999681711196899
        },
        {
            "candid": 2487444372415015002,
            "jd": 2460241.944375,
            "ra": 112.5960495,
            "dec": 61.818623,
            "fid": 1,
            "nid": 2487,
            "magpsf": 20.425899505615234,
            "sigmapsf": 0.28804901242256165,
            "magnr": 18.482999801635742,
            "sigmagnr": 0.08299999684095383,
            "magzpsci": 26.30590057373047,
            "isdiffpos": "t",
            "ssdistnr": null,
            "ssnamenr": null,
            "drb": null
        },
        {
            "candid": 2490469882415015001,
            "jd": 2460244.9698843,
            "ra": 112.5961635,
            "dec": 61.8187621,
            "fid": 2,
            "nid": 2490,
            "magpsf": 19.656600952148438,
            "sigmapsf": 0.22596600651741028,
            "magnr": 17.77400016784668,
            "sigmagnr": 0.07199999690055847,
            "magzpsci": 26.358600616455078,
            "isdiffpos": "t",
            "ssdistnr": null,
            "ssnamenr": null,
            "drb": null
        },
        {
            "candid": 2492511492415015006,
            "jd": 2460247.0114931,
            "ra": 112.5959774,
            "dec": 61.8187523,
            "fid": 2,
            "nid": 2492,
            "magpsf": 19.548200607299805,
            "sigmapsf": 0.1950570046901703,
            "magnr": 17.77400016784668,
            "sigmagnr": 0.07199999690055847,
            "magzpsci": 26.353200912475586,
            "isdiffpos": "t",
            "ssdistnr": null,
            "ssnamenr": null,
            "drb": null
        },
        {
            "candid": 2496427652415015005,
            "jd": 2460250.9276505,
            "ra": 112.5958722,
            "dec": 61.8187266,
            "fid": 2,
            "nid": 2496,
            "magpsf": 19.589000701904297,
            "sigmapsf": 0.15206199884414673,
            "magnr": 17.77400016784668,
            "sigmagnr": 0.07199999690055847,
            "magzpsci": 26.3439998626709,
            "isdiffpos": "t",
            "ssdistnr": null,
            "ssnamenr": null,
            "drb": null
        },
        {
            "candid": 2496453882415015003,
            "jd": 2460250.9538889,
            "ra": 112.5959452,
            "dec": 61.8188211,
            "fid": 1,
            "nid": 2496,
            "magpsf": 19.94499969482422,
            "sigmapsf": 0.223703995347023,
            "magnr": 18.482999801635742,
            "sigmagnr": 0.08299999684095383,
            "magzpsci": 26.337900161743164,
            "isdiffpos": "t",
            "ssdistnr": null,
            "ssnamenr": null,
            "drb": null
        },
        {
            "candid": 2498384522415015001,
            "jd": 2460252.8845255,
            "ra": 112.5961046,
            "dec": 61.8187141,
            "fid": 1,
            "nid": 2498,
            "magpsf": 19.990800857543945,
            "sigmapsf": 0.19851799309253693,
            "magnr": 18.482999801635742,
            "sigmagnr": 0.08299999684095383,
            "magzpsci": 26.30780029296875,
            "isdiffpos": "t",
            "ssdistnr": null,
            "ssnamenr": null,
            "drb": null
        },
        {
            "candid": 2498427312415015004,
            "jd": 2460252.9273148,
            "ra": 112.5961261,
            "dec": 61.8187189,
            "fid": 2,
            "nid": 2498,
            "magpsf": 19.432199478149414,
            "sigmapsf": 0.1596910059452057,
            "magnr": 17.77400016784668,
            "sigmagnr": 0.07199999690055847,
            "magzpsci": 26.349199295043945,
            "isdiffpos": "t",
            "ssdistnr": null,
            "ssnamenr": null,
            "drb": null
        },
        {
            "candid": 2500358462415015006,
            "jd": 2460254.8584606,
            "ra": 112.5960188,
            "dec": 61.818738,
            "fid": 1,
            "nid": 2500,
            "magpsf": 20.12689971923828,
            "sigmapsf": 0.16772499680519104,
            "magnr": 18.482999801635742,
            "sigmagnr": 0.08299999684095383,
            "magzpsci": 26.3169002532959,
            "isdiffpos": "t",
            "ssdistnr": null,
            "ssnamenr": null,
            "drb": null
        },
        {
            "candid": 2500486662415015002,
            "jd": 2460254.9866667,
            "ra": 112.5959606,
            "dec": 61.8187388,
            "fid": 2,
            "nid": 2500,
            "magpsf": 19.362600326538086,
            "sigmapsf": 0.10828299820423126,
            "magnr": 17.77400016784668,
            "sigmagnr": 0.07199999690055847,
            "magzpsci": 26.3705997467041,
            "isdiffpos": "t",
            "ssdistnr": null,
            "ssnamenr": null,
            "drb": null
        },
        {
            "candid": 2504415552415015004,
            "jd": 2460258.9155556,
            "ra": 112.5959407,
            "dec": 61.81876,
            "fid": 1,
            "nid": 2504,
            "magpsf": 20.578399658203125,
            "sigmapsf": 0.32770198583602905,
            "magnr": 18.482999801635742,
            "sigmagnr": 0.08299999684095383,
            "magzpsci": 26.322399139404297,
            "isdiffpos": "t",
            "ssdistnr": null,
            "ssnamenr": null,
            "drb": null
        },
        {
            "candid": 2504430392415015003,
            "jd": 2460258.9303935,
            "ra": 112.5959136,
            "dec": 61.8187501,
            "fid": 2,
            "nid": 2504,
            "magpsf": 19.447599411010742,
            "sigmapsf": 0.11514200270175934,
            "magnr": 17.77400016784668,
            "sigmagnr": 0.07199999690055847,
            "magzpsci": 26.345600128173828,
            "isdiffpos": "t",
            "ssdistnr": null,
            "ssnamenr": null,
            "drb": null
        },
        {
            "candid": 2506363052415015003,
            "jd": 2460260.8630556,
            "ra": 112.5959505,
            "dec": 61.8187081,
            "fid": 2,
            "nid": 2506,
            "magpsf": 19.502300262451172,
            "sigmapsf": 0.10911499708890915,
            "magnr": 17.77400016784668,
            "sigmagnr": 0.07199999690055847,
            "magzpsci": 26.343299865722656,
            "isdiffpos": "t",
            "ssdistnr": null,
            "ssnamenr": null,
            "drb": null
        },
        {
            "candid": 2508487772415015003,
            "jd": 2460262.9877778,
            "ra": 112.5959606,
            "dec": 61.8187174,
            "fid": 2,
            "nid": 2508,
            "magpsf": 19.757699966430664,
            "sigmapsf": 0.11146941035985947,
            "magnr": 17.77400016784668,
            "sigmagnr": 0.07199999690055847,
            "magzpsci": 26.362699508666992,
            "isdiffpos": "t",
            "ssdistnr": -999.0,
            "ssnamenr": "null",
            "drb": null
        },
        {
            "jd": 2460211.9714352,
            "fid": 2,
            "diffmaglim": 20.603099822998047
        },
        {
            "jd": 2460211.996956,
            "fid": 1,
            "diffmaglim": 20.592599868774414
        },
        {
            "jd": 2460213.9472917,
            "fid": 1,
            "diffmaglim": 20.46500015258789
        },
        {
            "jd": 2460213.9907176,
            "fid": 2,
            "diffmaglim": 20.576900482177734
        },
        {
            "jd": 2460215.9530787,
            "fid": 2,
            "diffmaglim": 19.86090087890625
        },
        {
            "jd": 2460216.0033912,
            "fid": 1,
            "diffmaglim": 19.75819969177246
        },
        {
            "jd": 2460220.9034954,
            "fid": 1,
            "diffmaglim": 19.284099578857422
        },
        {
            "jd": 2460221.0048958,
            "fid": 2,
            "diffmaglim": 19.93199920654297
        },
        {
            "jd": 2460222.9457292,
            "fid": 1,
            "diffmaglim": 19.460599899291992
        },
        {
            "jd": 2460223.0058912,
            "fid": 2,
            "diffmaglim": 20.041400909423828
        },
        {
            "jd": 2460224.9470139,
            "fid": 1,
            "diffmaglim": 20.158000946044922
        },
        {
            "jd": 2460229.9917824,
            "fid": 2,
            "diffmaglim": 20.089500427246094
        },
        {
            "jd": 2460232.9663194,
            "fid": 1,
            "diffmaglim": 20.7101993560791
        },
        {
            "jd": 2460232.9946412,
            "fid": 2,
            "diffmaglim": 20.600000381469727
        },
        {
            "jd": 2460234.9229398,
            "fid": 2,
            "diffmaglim": 20.46739959716797
        },
        {
            "jd": 2460234.9633218,
            "fid": 1,
            "diffmaglim": 20.67639923095703
        },
        {
            "jd": 2460236.9070833,
            "fid": 1,
            "diffmaglim": 20.541200637817383
        },
        {
            "jd": 2460236.991713,
            "fid": 2,
            "diffmaglim": 20.412799835205078
        },
        {
            "jd": 2460238.9290856,
            "fid": 1,
            "diffmaglim": 20.564800262451172
        },
        {
            "jd": 2460239.0080671,
            "fid": 2,
            "diffmaglim": 20.578899383544922
        },
        {
            "jd": 2460244.8670949,
            "fid": 1,
            "diffmaglim": 19.2898006439209
        },
        {
            "jd": 2460246.977037,
            "fid": 1,
            "diffmaglim": 19.21470069885254
        },
        {
            "jd": 2460260.8404398,
            "fid": 1,
            "diffmaglim": 20.246299743652344
        },
        {
            "jd": 2460262.9314236,
            "fid": 1,
            "diffmaglim": 20.625
        }
    ],
    "forcedphot": [
        {
            "objectid": "ZTF23abnbfda",
            "jd": 2460211.9714352,
            "ranr": 112.5965083,
            "decnr": 61.8188687,
            "fid": 2,
            "forcediffimflux": -35.909149169921875,
            "forcediffimfluxunc": 24.333993911743164,
            "magzpsci": 26.333999633789062
        },
        {
            "objectid": "ZTF23abnbfda",
            "jd": 2460211.996956,
            "ranr": 112.5968577,
            "decnr": 61.8189293,
            "fid": 1,
            "forcediffimflux": -22.403039932250977,
            "forcediffimfluxunc": 25.714887619018555,
            "magzpsci": 26.32229995727539
        },
        {
            "objectid": "ZTF23abnbfda",
            "jd": 2460213.9472917,
            "ranr": 112.5968577,
            "decnr": 61.8189293,
            "fid": 1,
            "forcediffimflux": 4.3251566886901855,
            "forcediffimfluxunc": 27.687030792236328,
            "magzpsci": 26.288000106811523
        },
        {
            "objectid": "ZTF23abnbfda",
            "jd": 2460213.9907176,
            "ranr": 112.5965083,
            "decnr": 61.8188687,
            "fid": 2,
            "forcediffimflux": 54.87520980834961,
            "forcediffimfluxunc": 26.25033950805664,
            "magzpsci": 26.347700119018555
        },
        {
            "objectid": "ZTF23abnbfda",
            "jd": 2460215.9530787,
            "ranr": 112.5965083,
            "decnr": 61.8188687,
            "fid": 2,
            "forcediffimflux": -63.217552185058594,
            "forcediffimfluxunc": 47.80153274536133,
            "magzpsci": 26.332399368286133
        },
        {
            "objectid": "ZTF23abnbfda",
            "jd": 2460216.0033912,
            "ranr": 112.5968577,
            "decnr": 61.8189293,
            "fid": 1,
            "forcediffimflux": 85.78089141845703,
            "forcediffimfluxunc": 51.62190628051758,
            "magzpsci": 26.332599639892578
        },
        {
            "objectid": "ZTF23abnbfda",
            "jd": 2460220.9034954,
            "ranr": 112.5968577,
            "decnr": 61.8189293,
            "fid": 1,
            "forcediffimflux": -77.71858215332031,
            "forcediffimfluxunc": 70.8200454711914,
            "magzpsci": 26.1968994140625
        },
        {
            "objectid": "ZTF23abnbfda",
            "jd": 2460221.0048958,
            "ranr": 112.5965083,
            "decnr": 61.8188687,
            "fid": 2,
            "forcediffimflux": 13.948131561279297,
            "forcediffimfluxunc": 45.30908966064453,
            "magzpsci": 26.31399917602539
        },
        {
            "objectid": "ZTF23abnbfda",
            "jd": 2460222.9457292,
            "ranr": 112.5968577,
            "decnr": 61.8189293,
            "fid": 1,
            "forcediffimflux": 52.05554962158203,
            "forcediffimfluxunc": 72.2430648803711,
            "magzpsci": 26.28849983215332
        },
        {
            "objectid": "ZTF23abnbfda",
            "jd": 2460223.0058912,
            "ranr": 112.5965083,
            "decnr": 61.8188687,
            "fid": 2,
            "forcediffimflux": -5.383872985839844,
            "forcediffimfluxunc": 41.51585388183594,
            "magzpsci": 26.341400146484375
        },
        {
            "objectid": "ZTF23abnbfda",
            "jd": 2460224.9470139,
            "ranr": 112.5968577,
            "decnr": 61.8189293,
            "fid": 1,
            "forcediffimflux": 28.44850730895996,
            "forcediffimfluxunc": 37.85537338256836,
            "magzpsci": 26.29520034790039
        },
        {
            "objectid": "ZTF23abnbfda",
            "jd": 2460229.9917824,
            "ranr": 112.5965083,
            "decnr": 61.8188687,
            "fid": 2,
            "forcediffimflux": -24.164443969726562,
            "forcediffimfluxunc": 43.45315933227539,
            "magzpsci": 26.34320068359375
        },
        {
            "objectid": "ZTF23abnbfda",
            "jd": 2460232.9663194,
            "ranr": 112.5968577,
            "decnr": 61.8189293,
            "fid": 1,
            "forcediffimflux": 109.13019561767578,
            "forcediffimfluxunc": 21.885295867919922,
            "magzpsci": 26.328500747680664
        },
        {
            "objectid": "ZTF23abnbfda",
            "jd": 2460232.9946412,
            "ranr": 112.5965083,
            "decnr": 61.8188687,
            "fid": 2,
            "forcediffimflux": 51.01668167114258,
            "forcediffimfluxunc": 26.19837188720703,
            "magzpsci": 26.352800369262695
        },
        {
            "objectid": "ZTF23abnbfda",
            "jd": 2460234.9229398,
            "ranr": 112.5965083,
            "decnr": 61.8188687,
            "fid": 2,
            "forcediffimflux": 196.27882385253906,
            "forcediffimfluxunc": 26.843915939331055,
            "magzpsci": 26.265499114990234
        },
        {
            "objectid": "ZTF23abnbfda",
            "jd": 2460234.9633218,
            "ranr": 112.5968577,
            "decnr": 61.8189293,
            "fid": 1,
            "forcediffimflux": 77.06336212158203,
            "forcediffimfluxunc": 23.591197967529297,
            "magzpsci": 26.326900482177734
        },
        {
            "objectid": "ZTF23abnbfda",
            "jd": 2460236.9070833,
            "ranr": 112.5968577,
            "decnr": 61.8189293,
            "fid": 1,
            "forcediffimflux": 134.79452514648438,
            "forcediffimfluxunc": 25.47466278076172,
            "magzpsci": 26.316499710083008
        },
        {
            "objectid": "ZTF23abnbfda",
            "jd": 2460236.991713,
            "ranr": 112.5965083,
            "decnr": 61.8188687,
            "fid": 2,
            "forcediffimflux": 222.49081420898438,
            "forcediffimfluxunc": 29.076372146606445,
            "magzpsci": 26.343599319458008
        },
        {
            "objectid": "ZTF23abnbfda",
            "jd": 2460238.9290856,
            "ranr": 112.5968577,
            "decnr": 61.8189293,
            "fid": 1,
            "forcediffimflux": 153.37249755859375,
            "forcediffimfluxunc": 25.120038986206055,
            "magzpsci": 26.326900482177734
        },
        {
            "objectid": "ZTF23abnbfda",
            "jd": 2460239.0080671,
            "ranr": 112.5965083,
            "decnr": 61.8188687,
            "fid": 2,
            "forcediffimflux": 235.20611572265625,
            "forcediffimfluxunc": 27.86711311340332,
            "magzpsci": 26.35099983215332
        },
        {
            "objectid": "ZTF23abnbfda",
            "jd": 2460241.9088657,
            "ranr": 112.5965083,
            "decnr": 61.8188687,
            "fid": 2,
            "forcediffimflux": 364.19415283203125,
            "forcediffimfluxunc": 38.0463752746582,
            "magzpsci": 26.311500549316406
        },
        {
            "objectid": "ZTF23abnbfda",
            "jd": 2460241.944375,
            "ranr": 112.5968577,
            "decnr": 61.8189293,
            "fid": 1,
            "forcediffimflux": 205.65577697753906,
            "forcediffimfluxunc": 32.42915725708008,
            "magzpsci": 26.30590057373047
        },
        {
            "objectid": "ZTF23abnbfda",
            "jd": 2460244.8670949,
            "ranr": 112.5968577,
            "decnr": 61.8189293,
            "fid": 1,
            "forcediffimflux": 302.9073791503906,
            "forcediffimfluxunc": 80.94076538085938,
            "magzpsci": 26.292800903320312
        },
        {
            "objectid": "ZTF23abnbfda",
            "jd": 2460244.9698843,
            "ranr": 112.5965083,
            "decnr": 61.8188687,
            "fid": 2,
            "forcediffimflux": 449.84393310546875,
            "forcediffimfluxunc": 48.91494369506836,
            "magzpsci": 26.358600616455078
        },
        {
            "objectid": "ZTF23abnbfda",
            "jd": 2460246.977037,
            "ranr": 112.5968577,
            "decnr": 61.8189293,
            "fid": 1,
            "forcediffimflux": 317.08636474609375,
            "forcediffimfluxunc": 81.57844543457031,
            "magzpsci": 26.34469985961914
        },
        {
            "objectid": "ZTF23abnbfda",
            "jd": 2460247.0114931,
            "ranr": 112.5965083,
            "decnr": 61.8188687,
            "fid": 2,
            "forcediffimflux": 534.3624877929688,
            "forcediffimfluxunc": 67.51365661621094,
            "magzpsci": 26.353200912475586
        },
        {
            "objectid": "ZTF23abnbfda",
            "jd": 2460250.9276505,
            "ranr": 112.5965083,
            "decnr": 61.8188687,
            "fid": 2,
            "forcediffimflux": 529.5712890625,
            "forcediffimfluxunc": 43.679046630859375,
            "magzpsci": 26.3439998626709
        },
        {
            "objectid": "ZTF23abnbfda",
            "jd": 2460250.9538889,
            "ranr": 112.5968577,
            "decnr": 61.8189293,
            "fid": 1,
            "forcediffimflux": 323.1158447265625,
            "forcediffimfluxunc": 54.828487396240234,
            "magzpsci": 26.337900161743164
        },
        {
            "objectid": "ZTF23abnbfda",
            "jd": 2460252.8845255,
            "ranr": 112.5968577,
            "decnr": 61.8189293,
            "fid": 1,
            "forcediffimflux": 338.9512023925781,
            "forcediffimfluxunc": 38.64546203613281,
            "magzpsci": 26.30780029296875
        },
        {
            "objectid": "ZTF23abnbfda",
            "jd": 2460252.9273148,
            "ranr": 112.5965083,
            "decnr": 61.8188687,
            "fid": 2,
            "forcediffimflux": 582.468994140625,
            "forcediffimfluxunc": 35.64502716064453,
            "magzpsci": 26.349199295043945
        },
        {
            "objectid": "ZTF23abnbfda",
            "jd": 2460254.8584606,
            "ranr": 112.5968577,
            "decnr": 61.8189293,
            "fid": 1,
            "forcediffimflux": 292.3967590332031,
            "forcediffimfluxunc": 32.82087707519531,
            "magzpsci": 26.3169002532959
        },
        {
            "objectid": "ZTF23abnbfda",
            "jd": 2460254.9866667,
            "ranr": 112.5965083,
            "decnr": 61.8188687,
            "fid": 2,
            "forcediffimflux": 657.8526611328125,
            "forcediffimfluxunc": 30.615190505981445,
            "magzpsci": 26.3705997467041
        },
        {
            "objectid": "ZTF23abnbfda",
            "jd": 2460258.9155556,
            "ranr": 112.5968577,
            "decnr": 61.8189293,
            "fid": 1,
            "forcediffimflux": 189.38328552246094,
            "forcediffimfluxunc": 29.089336395263672,
            "magzpsci": 26.322399139404297
        },
        {
            "objectid": "ZTF23abnbfda",
            "jd": 2460258.9303935,
            "ranr": 112.5965083,
            "decnr": 61.8188687,
            "fid": 2,
            "forcediffimflux": 566.71142578125,
            "forcediffimfluxunc": 34.192447662353516,
            "magzpsci": 26.345600128173828
        },
        {
            "objectid": "ZTF23abnbfda",
            "jd": 2460260.8404398,
            "ranr": 112.5968577,
            "decnr": 61.8189293,
            "fid": 1,
            "forcediffimflux": 151.94638061523438,
            "forcediffimfluxunc": 36.37529373168945,
            "magzpsci": 26.29330062866211
        },
        {
            "objectid": "ZTF23abnbfda",
            "jd": 2460260.8630556,
            "ranr": 112.5965083,
            "decnr": 61.8188687,
            "fid": 2,
            "forcediffimflux": 549.7867431640625,
            "forcediffimfluxunc": 30.53965950012207,
            "magzpsci": 26.343299865722656
        },
        {
            "objectid": "ZTF23abnbfda",
            "jd": 2460262.9314236,
            "ranr": 112.5968577,
            "decnr": 61.8189293,
            "fid": 1,
            "forcediffimflux": 148.22100830078125,
            "forcediffimfluxunc": 27.180212020874023,
            "magzpsci": 26.360700607299805
        }
    ]
}