[
    {
        "MJD": "58732.381169",
        "filter": "g",
        "unforced_mag": "20.126",
        "unforced_mag_error": "0.162",
        "unforced_mag_status": "positive",
        "forced_ujy": "",
        "forced_ujy_error": ""
    },
    {
        "MJD": "58727.379120",
        "filter": "g",
        "unforced_mag": "20.054",
        "unforced_mag_error": "0.189",
        "unforced_mag_status": "positive",
        "forced_ujy": "",
        "forced_ujy_error": ""
    },
    {
        "MJD": "58724.378901",
        "filter": "r",
        "unforced_mag": "19.725",
        "unforced_mag_error": "0.118",
        "unforced_mag_status": "positive",
        "forced_ujy": "",
        "forced_ujy_error": ""
    },
    {
        "MJD": "58721.313730",
        "filter": "r",
        "unforced_mag": "18.514",
        "unforced_mag_error": "",
        "unforced_mag_status": "limit",
        "forced_ujy": "",
        "forced_ujy_error": ""
    },
    {
        "MJD": "58719.442211",
        "filter": "r",
        "unforced_mag": "19.631",
        "unforced_mag_error": "0.134",
        "unforced_mag_status": "positive",
        "forced_ujy": "",
        "forced_ujy_error": ""
    },
    {
        "MJD": "58717.330208",
        "filter": "r",
        "unforced_mag": "19.580",
        "unforced_mag_error": "0.172",
        "unforced_mag_status": "positive",
        "forced_ujy": "",
        "forced_ujy_error": ""
    },
    {
        "MJD": "58716.399549",
        "filter": "r",
        "unforced_mag": "19.653",
        "unforced_mag_error": "0.148",
        "unforced_mag_status": "positive",
        "forced_ujy": "",
        "forced_ujy_error": ""
    },
    {
        "MJD": "58714.473993",
        "filter": "g",
        "unforced_mag": "19.597",
        "unforced_mag_error": "0.274",
        "unforced_mag_status": "positive",
        "forced_ujy": "",
        "forced_ujy_error": ""
    },
    {
        "MJD": "58714.378403",
        "filter": "r",
        "unforced_mag": "19.749",
        "unforced_mag_error": "0.263",
        "unforced_mag_status": "positive",
        "forced_ujy": "",
        "forced_ujy_error": ""
    },
    {
        "MJD": "58709.440035",
        "filter": "g",
        "unforced_mag": "19.136",
        "unforced_mag_error": "0.153",
        "unforced_mag_status": "positive",
        "forced_ujy": "",
        "forced_ujy_error": ""
    },
    {
        "MJD": "58706.435822",
        "filter": "g",
        "unforced_mag": "19.187",
        "unforced_mag_error": "0.121",
        "unforced_mag_status": "positive",
        "forced_ujy": "",
        "forced_ujy_error": ""
    },
    {
        "MJD": "58703.418634",
        "filter": "r",
        "unforced_mag": "19.215",
        "unforced_mag_error": "0.082",
        "unforced_mag_status": "positive",
        "forced_ujy": "",
        "forced_ujy_error": ""
    },
    {
        "MJD": "58700.370694",
        "filter": "g",
        "unforced_mag": "19.060",
        "unforced_mag_error": "0.095",
        "unforced_mag_status": "positive",
        "forced_ujy": "",
        "forced_ujy_error": ""
    },
    {
        "MJD": "58697.414190",
        "filter": "r",
        "unforced_mag": "19.124",
        "unforced_mag_error": "0.085",
        "unforced_mag_status": "positive",
        "forced_ujy": "",
        "forced_ujy_error": ""
    },
    {
        "MJD": "58695.434086",
        "filter": "g",
        "unforced_mag": "18.912",
        "unforced_mag_error": "0.089",
        "unforced_mag_status": "positive",
        "forced_ujy": "",
        "forced_ujy_error": ""
    },
    {
        "MJD": "58694.427373",
        "filter": "g",
        "unforced_mag": "18.859",
        "unforced_mag_error": "0.089",
        "unforced_mag_status": "positive",
        "forced_ujy": "",
        "forced_ujy_error": ""
    },
    {
        "MJD": "58694.397465",
        "filter": "r",
        "unforced_mag": "19.083",
        "unforced_mag_error": "0.100",
        "unforced_mag_status": "positive",
        "forced_ujy": "",
        "forced_ujy_error": ""
    },
    {
        "MJD": "58691.478947",
        "filter": "g",
        "unforced_mag": "18.895",
        "unforced_mag_error": "0.095",
        "unforced_mag_status": "positive",
        "forced_ujy": "",
        "forced_ujy_error": ""
    },
    {
        "MJD": "58691.418576",
        "filter": "r",
        "unforced_mag": "19.154",
        "unforced_mag_error": "0.103",
        "unforced_mag_status": "positive",
        "forced_ujy": "",
        "forced_ujy_error": ""
    },
    {
        "MJD": "58688.440706",
        "filter": "g",
        "unforced_mag": "19.148",
        "unforced_mag_error": "0.123",
        "unforced_mag_status": "positive",
        "forced_ujy": "",
        "forced_ujy_error": ""
    },
    {
        "MJD": "58688.418252",
        "filter": "r",
        "unforced_mag": "19.396",
        "unforced_mag_error": "0.125",
        "unforced_mag_status": "positive",
        "forced_ujy": "",
        "forced_ujy_error": ""
    },
    {
        "MJD": "58688.418252",
        "filter": "r",
        "unforced_mag": "19.396",
        "unforced_mag_error": "0.125",
        "unforced_mag_status": "positive",
        "forced_ujy": "",
        "forced_ujy_error": ""
    },
    {
        "MJD": "58681.480440",
        "filter": "g",
        "unforced_mag": "19.303",
        "unforced_mag_error": "",
        "unforced_mag_status": "limit",
        "forced_ujy": "",
        "forced_ujy_error": ""
    },
    {
        "MJD": "58681.438470",
        "filter": "r",
        "unforced_mag": "19.680",
        "unforced_mag_error": "",
        "unforced_mag_status": "limit",
        "forced_ujy": "",
        "forced_ujy_error": ""
    },
    {
        "MJD": "58678.439000",
        "filter": "g",
        "unforced_mag": "20.224",
        "unforced_mag_error": "",
        "unforced_mag_status": "limit",
        "forced_ujy": "",
        "forced_ujy_error": ""
    },
    {
        "MJD": "58675.445010",
        "filter": "g",
        "unforced_mag": "20.602",
        "unforced_mag_error": "",
        "unforced_mag_status": "limit",
        "forced_ujy": "",
        "forced_ujy_error": ""
    },
    {
        "MJD": "58671.435290",
        "filter": "r",
        "unforced_mag": "17.768",
        "unforced_mag_error": "",
        "unforced_mag_status": "limit",
        "forced_ujy": "",
        "forced_ujy_error": ""
    },
    {
        "MJD": "58668.370650",
        "filter": "r",
        "unforced_mag": "20.185",
        "unforced_mag_error": "",
        "unforced_mag_status": "limit",
        "forced_ujy": "",
        "forced_ujy_error": ""
    },
    {
        "MJD": "58665.456280",
        "filter": "r",
        "unforced_mag": "20.618",
        "unforced_mag_error": "",
        "unforced_mag_status": "limit",
        "forced_ujy": "",
        "forced_ujy_error": ""
    },
    {
        "MJD": "58660.440640",
        "filter": "g",
        "unforced_mag": "19.789",
        "unforced_mag_error": "",
        "unforced_mag_status": "limit",
        "forced_ujy": "",
        "forced_ujy_error": ""
    }
]