[
    {
        "MJD": "58745.142581",
        "filter": "g",
        "unforced_mag": "20.481",
        "unforced_mag_error": "0.192",
        "unforced_mag_status": "positive",
        "forced_ujy": "",
        "forced_ujy_error": ""
    },
    {
        "MJD": "58745.118760",
        "filter": "r",
        "unforced_mag": "20.395",
        "unforced_mag_error": "",
        "unforced_mag_status": "limit",
        "forced_ujy": "",
        "forced_ujy_error": ""
    },
    {
        "MJD": "58741.140820",
        "filter": "g",
        "unforced_mag": "20.081",
        "unforced_mag_error": "",
        "unforced_mag_status": "limit",
        "forced_ujy": "",
        "forced_ujy_error": ""
    },
    {
        "MJD": "58738.143390",
        "filter": "g",
        "unforced_mag": "19.917",
        "unforced_mag_error": "",
        "unforced_mag_status": "limit",
        "forced_ujy": "",
        "forced_ujy_error": ""
    },
    {
        "MJD": "58737.305590",
        "filter": "g",
        "unforced_mag": "19.409",
        "unforced_mag_error": "",
        "unforced_mag_status": "limit",
        "forced_ujy": "",
        "forced_ujy_error": ""
    },
    {
        "MJD": "58737.284020",
        "filter": "r",
        "unforced_mag": "19.828",
        "unforced_mag_error": "",
        "unforced_mag_status": "limit",
        "forced_ujy": "",
        "forced_ujy_error": ""
    },
    {
        "MJD": "58736.292690",
        "filter": "g",
        "unforced_mag": "19.754",
        "unforced_mag_error": "",
        "unforced_mag_status": "limit",
        "forced_ujy": "",
        "forced_ujy_error": ""
    },
    {
        "MJD": "58736.269387",
        "filter": "r",
        "unforced_mag": "20.327",
        "unforced_mag_error": "0.233",
        "unforced_mag_status": "positive",
        "forced_ujy": "",
        "forced_ujy_error": ""
    },
    {
        "MJD": "58735.283100",
        "filter": "g",
        "unforced_mag": "19.826",
        "unforced_mag_error": "",
        "unforced_mag_status": "limit",
        "forced_ujy": "",
        "forced_ujy_error": ""
    },
    {
        "MJD": "58735.259690",
        "filter": "r",
        "unforced_mag": "20.113",
        "unforced_mag_error": "",
        "unforced_mag_status": "limit",
        "forced_ujy": "",
        "forced_ujy_error": ""
    },
    {
        "MJD": "58734.284514",
        "filter": "g",
        "unforced_mag": "20.386",
        "unforced_mag_error": "0.280",
        "unforced_mag_status": "positive",
        "forced_ujy": "",
        "forced_ujy_error": ""
    },
    {
        "MJD": "58734.261007",
        "filter": "r",
        "unforced_mag": "20.353",
        "unforced_mag_error": "0.246",
        "unforced_mag_status": "positive",
        "forced_ujy": "",
        "forced_ujy_error": ""
    },
    {
        "MJD": "58733.283264",
        "filter": "g",
        "unforced_mag": "20.543",
        "unforced_mag_error": "0.323",
        "unforced_mag_status": "positive",
        "forced_ujy": "",
        "forced_ujy_error": ""
    },
    {
        "MJD": "58733.259290",
        "filter": "r",
        "unforced_mag": "20.294",
        "unforced_mag_error": "",
        "unforced_mag_status": "limit",
        "forced_ujy": "",
        "forced_ujy_error": ""
    },
    {
        "MJD": "58732.283947",
        "filter": "g",
        "unforced_mag": "20.425",
        "unforced_mag_error": "0.221",
        "unforced_mag_status": "positive",
        "forced_ujy": "",
        "forced_ujy_error": ""
    },
    {
        "MJD": "58732.259700",
        "filter": "r",
        "unforced_mag": "20.439",
        "unforced_mag_error": "",
        "unforced_mag_status": "limit",
        "forced_ujy": "",
        "forced_ujy_error": ""
    },
    {
        "MJD": "58730.285671",
        "filter": "g",
        "unforced_mag": "20.372",
        "unforced_mag_error": "0.345",
        "unforced_mag_status": "positive",
        "forced_ujy": "",
        "forced_ujy_error": ""
    },
    {
        "MJD": "58730.261040",
        "filter": "r",
        "unforced_mag": "20.187",
        "unforced_mag_error": "",
        "unforced_mag_status": "limit",
        "forced_ujy": "",
        "forced_ujy_error": ""
    },
    {
        "MJD": "58727.308924",
        "filter": "g",
        "unforced_mag": "20.302",
        "unforced_mag_error": "0.233",
        "unforced_mag_status": "positive",
        "forced_ujy": "",
        "forced_ujy_error": ""
    },
    {
        "MJD": "58727.285556",
        "filter": "r",
        "unforced_mag": "20.655",
        "unforced_mag_error": "0.245",
        "unforced_mag_status": "positive",
        "forced_ujy": "",
        "forced_ujy_error": ""
    },
    {
        "MJD": "58726.286968",
        "filter": "g",
        "unforced_mag": "20.602",
        "unforced_mag_error": "0.321",
        "unforced_mag_status": "positive",
        "forced_ujy": "",
        "forced_ujy_error": ""
    },
    {
        "MJD": "58726.260800",
        "filter": "r",
        "unforced_mag": "20.481",
        "unforced_mag_error": "",
        "unforced_mag_status": "limit",
        "forced_ujy": "",
        "forced_ujy_error": ""
    },
    {
        "MJD": "58725.285580",
        "filter": "g",
        "unforced_mag": "20.860",
        "unforced_mag_error": "",
        "unforced_mag_status": "limit",
        "forced_ujy": "",
        "forced_ujy_error": ""
    },
    {
        "MJD": "58725.259350",
        "filter": "r",
        "unforced_mag": "20.647",
        "unforced_mag_error": "",
        "unforced_mag_status": "limit",
        "forced_ujy": "",
        "forced_ujy_error": ""
    },
    {
        "MJD": "58724.309375",
        "filter": "g",
        "unforced_mag": "20.387",
        "unforced_mag_error": "0.252",
        "unforced_mag_status": "positive",
        "forced_ujy": "",
        "forced_ujy_error": ""
    },
    {
        "MJD": "58724.285410",
        "filter": "r",
        "unforced_mag": "20.586",
        "unforced_mag_error": "",
        "unforced_mag_status": "limit",
        "forced_ujy": "",
        "forced_ujy_error": ""
    },
    {
        "MJD": "58723.309352",
        "filter": "g",
        "unforced_mag": "20.433",
        "unforced_mag_error": "0.211",
        "unforced_mag_status": "positive",
        "forced_ujy": "",
        "forced_ujy_error": ""
    },
    {
        "MJD": "58723.285347",
        "filter": "r",
        "unforced_mag": "20.419",
        "unforced_mag_error": "0.209",
        "unforced_mag_status": "positive",
        "forced_ujy": "",
        "forced_ujy_error": ""
    },
    {
        "MJD": "58722.286817",
        "filter": "g",
        "unforced_mag": "20.487",
        "unforced_mag_error": "0.209",
        "unforced_mag_status": "positive",
        "forced_ujy": "",
        "forced_ujy_error": ""
    },
    {
        "MJD": "58722.260856",
        "filter": "r",
        "unforced_mag": "20.651",
        "unforced_mag_error": "0.259",
        "unforced_mag_status": "positive",
        "forced_ujy": "",
        "forced_ujy_error": ""
    },
    {
        "MJD": "58721.287640",
        "filter": "g",
        "unforced_mag": "18.477",
        "unforced_mag_error": "",
        "unforced_mag_status": "limit",
        "forced_ujy": "",
        "forced_ujy_error": ""
    },
    {
        "MJD": "58721.260960",
        "filter": "r",
        "unforced_mag": "20.250",
        "unforced_mag_error": "",
        "unforced_mag_status": "limit",
        "forced_ujy": "",
        "forced_ujy_error": ""
    },
    {
        "MJD": "58720.307292",
        "filter": "g",
        "unforced_mag": "20.583",
        "unforced_mag_error": "0.331",
        "unforced_mag_status": "positive",
        "forced_ujy": "",
        "forced_ujy_error": ""
    },
    {
        "MJD": "58720.281817",
        "filter": "r",
        "unforced_mag": "20.354",
        "unforced_mag_error": "0.241",
        "unforced_mag_status": "positive",
        "forced_ujy": "",
        "forced_ujy_error": ""
    },
    {
        "MJD": "58719.287917",
        "filter": "g",
        "unforced_mag": "20.319",
        "unforced_mag_error": "0.261",
        "unforced_mag_status": "positive",
        "forced_ujy": "",
        "forced_ujy_error": ""
    },
    {
        "MJD": "58719.261030",
        "filter": "r",
        "unforced_mag": "20.168",
        "unforced_mag_error": "",
        "unforced_mag_status": "limit",
        "forced_ujy": "",
        "forced_ujy_error": ""
    },
    {
        "MJD": "58718.308264",
        "filter": "g",
        "unforced_mag": "20.352",
        "unforced_mag_error": "0.309",
        "unforced_mag_status": "positive",
        "forced_ujy": "",
        "forced_ujy_error": ""
    },
    {
        "MJD": "58718.282070",
        "filter": "r",
        "unforced_mag": "20.600",
        "unforced_mag_error": "",
        "unforced_mag_status": "limit",
        "forced_ujy": "",
        "forced_ujy_error": ""
    },
    {
        "MJD": "58717.287326",
        "filter": "g",
        "unforced_mag": "20.581",
        "unforced_mag_error": "0.286",
        "unforced_mag_status": "positive",
        "forced_ujy": "",
        "forced_ujy_error": ""
    },
    {
        "MJD": "58717.260370",
        "filter": "r",
        "unforced_mag": "20.488",
        "unforced_mag_error": "",
        "unforced_mag_status": "limit",
        "forced_ujy": "",
        "forced_ujy_error": ""
    },
    {
        "MJD": "58716.307400",
        "filter": "g",
        "unforced_mag": "20.369",
        "unforced_mag_error": "",
        "unforced_mag_status": "limit",
        "forced_ujy": "",
        "forced_ujy_error": ""
    },
    {
        "MJD": "58716.281563",
        "filter": "r",
        "unforced_mag": "20.254",
        "unforced_mag_error": "0.205",
        "unforced_mag_status": "positive",
        "forced_ujy": "",
        "forced_ujy_error": ""
    },
    {
        "MJD": "58715.286980",
        "filter": "g",
        "unforced_mag": "20.284",
        "unforced_mag_error": "",
        "unforced_mag_status": "limit",
        "forced_ujy": "",
        "forced_ujy_error": ""
    },
    {
        "MJD": "58715.260440",
        "filter": "r",
        "unforced_mag": "20.274",
        "unforced_mag_error": "0.184",
        "unforced_mag_status": "positive",
        "forced_ujy": "",
        "forced_ujy_error": ""
    },
    {
        "MJD": "58714.201748",
        "filter": "g",
        "unforced_mag": "20.300",
        "unforced_mag_error": "0.293",
        "unforced_mag_status": "positive",
        "forced_ujy": "",
        "forced_ujy_error": ""
    },
    {
        "MJD": "58714.176250",
        "filter": "r",
        "unforced_mag": "20.387",
        "unforced_mag_error": "0.203",
        "unforced_mag_status": "positive",
        "forced_ujy": "",
        "forced_ujy_error": ""
    },
    {
        "MJD": "58711.176100",
        "filter": "r",
        "unforced_mag": "20.183",
        "unforced_mag_error": "0.253",
        "unforced_mag_status": "positive",
        "forced_ujy": "",
        "forced_ujy_error": ""
    },
    {
        "MJD": "58708.230764",
        "filter": "g",
        "unforced_mag": "20.117",
        "unforced_mag_error": "0.344",
        "unforced_mag_status": "positive",
        "forced_ujy": "",
        "forced_ujy_error": ""
    },
    {
        "MJD": "58707.229641",
        "filter": "g",
        "unforced_mag": "20.219",
        "unforced_mag_error": "0.245",
        "unforced_mag_status": "positive",
        "forced_ujy": "",
        "forced_ujy_error": ""
    },
    {
        "MJD": "58707.201007",
        "filter": "r",
        "unforced_mag": "20.387",
        "unforced_mag_error": "0.232",
        "unforced_mag_status": "positive",
        "forced_ujy": "",
        "forced_ujy_error": ""
    },
    {
        "MJD": "58706.204074",
        "filter": "r",
        "unforced_mag": "20.116",
        "unforced_mag_error": "0.181",
        "unforced_mag_status": "positive",
        "forced_ujy": "",
        "forced_ujy_error": ""
    },
    {
        "MJD": "58705.229977",
        "filter": "g",
        "unforced_mag": "20.340",
        "unforced_mag_error": "0.226",
        "unforced_mag_status": "positive",
        "forced_ujy": "",
        "forced_ujy_error": ""
    },
    {
        "MJD": "58705.201574",
        "filter": "r",
        "unforced_mag": "20.517",
        "unforced_mag_error": "0.239",
        "unforced_mag_status": "positive",
        "forced_ujy": "",
        "forced_ujy_error": ""
    },
    {
        "MJD": "58704.311181",
        "filter": "g",
        "unforced_mag": "20.230",
        "unforced_mag_error": "0.230",
        "unforced_mag_status": "positive",
        "forced_ujy": "",
        "forced_ujy_error": ""
    },
    {
        "MJD": "58704.283762",
        "filter": "r",
        "unforced_mag": "20.307",
        "unforced_mag_error": "0.268",
        "unforced_mag_status": "positive",
        "forced_ujy": "",
        "forced_ujy_error": ""
    },
    {
        "MJD": "58703.315706",
        "filter": "g",
        "unforced_mag": "20.233",
        "unforced_mag_error": "0.189",
        "unforced_mag_status": "positive",
        "forced_ujy": "",
        "forced_ujy_error": ""
    },
    {
        "MJD": "58703.289155",
        "filter": "r",
        "unforced_mag": "20.395",
        "unforced_mag_error": "0.197",
        "unforced_mag_status": "positive",
        "forced_ujy": "",
        "forced_ujy_error": ""
    },
    {
        "MJD": "58702.315266",
        "filter": "g",
        "unforced_mag": "20.272",
        "unforced_mag_error": "0.176",
        "unforced_mag_status": "positive",
        "forced_ujy": "",
        "forced_ujy_error": ""
    },
    {
        "MJD": "58702.287292",
        "filter": "r",
        "unforced_mag": "20.323",
        "unforced_mag_error": "0.170",
        "unforced_mag_status": "positive",
        "forced_ujy": "",
        "forced_ujy_error": ""
    },
    {
        "MJD": "58701.316099",
        "filter": "g",
        "unforced_mag": "20.429",
        "unforced_mag_error": "0.190",
        "unforced_mag_status": "positive",
        "forced_ujy": "",
        "forced_ujy_error": ""
    },
    {
        "MJD": "58701.287905",
        "filter": "r",
        "unforced_mag": "20.242",
        "unforced_mag_error": "0.201",
        "unforced_mag_status": "positive",
        "forced_ujy": "",
        "forced_ujy_error": ""
    },
    {
        "MJD": "58700.312512",
        "filter": "g",
        "unforced_mag": "20.236",
        "unforced_mag_error": "0.172",
        "unforced_mag_status": "positive",
        "forced_ujy": "",
        "forced_ujy_error": ""
    },
    {
        "MJD": "58700.284028",
        "filter": "r",
        "unforced_mag": "20.276",
        "unforced_mag_error": "0.162",
        "unforced_mag_status": "positive",
        "forced_ujy": "",
        "forced_ujy_error": ""
    },
    {
        "MJD": "58699.315961",
        "filter": "g",
        "unforced_mag": "20.321",
        "unforced_mag_error": "0.230",
        "unforced_mag_status": "positive",
        "forced_ujy": "",
        "forced_ujy_error": ""
    },
    {
        "MJD": "58699.287512",
        "filter": "r",
        "unforced_mag": "20.321",
        "unforced_mag_error": "0.180",
        "unforced_mag_status": "positive",
        "forced_ujy": "",
        "forced_ujy_error": ""
    },
    {
        "MJD": "58698.315870",
        "filter": "g",
        "unforced_mag": "18.553",
        "unforced_mag_error": "",
        "unforced_mag_status": "limit",
        "forced_ujy": "",
        "forced_ujy_error": ""
    },
    {
        "MJD": "58698.287280",
        "filter": "r",
        "unforced_mag": "20.164",
        "unforced_mag_error": "0.202",
        "unforced_mag_status": "positive",
        "forced_ujy": "",
        "forced_ujy_error": ""
    },
    {
        "MJD": "58697.332998",
        "filter": "g",
        "unforced_mag": "20.136",
        "unforced_mag_error": "0.154",
        "unforced_mag_status": "positive",
        "forced_ujy": "",
        "forced_ujy_error": ""
    },
    {
        "MJD": "58697.306539",
        "filter": "r",
        "unforced_mag": "20.167",
        "unforced_mag_error": "0.197",
        "unforced_mag_status": "positive",
        "forced_ujy": "",
        "forced_ujy_error": ""
    },
    {
        "MJD": "58696.313750",
        "filter": "g",
        "unforced_mag": "20.240",
        "unforced_mag_error": "0.168",
        "unforced_mag_status": "positive",
        "forced_ujy": "",
        "forced_ujy_error": ""
    },
    {
        "MJD": "58696.284560",
        "filter": "r",
        "unforced_mag": "20.746",
        "unforced_mag_error": "",
        "unforced_mag_status": "limit",
        "forced_ujy": "",
        "forced_ujy_error": ""
    },
    {
        "MJD": "58695.312477",
        "filter": "g",
        "unforced_mag": "20.083",
        "unforced_mag_error": "0.227",
        "unforced_mag_status": "positive",
        "forced_ujy": "",
        "forced_ujy_error": ""
    },
    {
        "MJD": "58695.283110",
        "filter": "r",
        "unforced_mag": "18.308",
        "unforced_mag_error": "",
        "unforced_mag_status": "limit",
        "forced_ujy": "",
        "forced_ujy_error": ""
    },
    {
        "MJD": "58694.319931",
        "filter": "g",
        "unforced_mag": "20.270",
        "unforced_mag_error": "0.230",
        "unforced_mag_status": "positive",
        "forced_ujy": "",
        "forced_ujy_error": ""
    },
    {
        "MJD": "58694.199919",
        "filter": "r",
        "unforced_mag": "20.255",
        "unforced_mag_error": "0.147",
        "unforced_mag_status": "positive",
        "forced_ujy": "",
        "forced_ujy_error": ""
    },
    {
        "MJD": "58693.277419",
        "filter": "g",
        "unforced_mag": "20.165",
        "unforced_mag_error": "0.159",
        "unforced_mag_status": "positive",
        "forced_ujy": "",
        "forced_ujy_error": ""
    },
    {
        "MJD": "58693.222477",
        "filter": "r",
        "unforced_mag": "20.220",
        "unforced_mag_error": "0.172",
        "unforced_mag_status": "positive",
        "forced_ujy": "",
        "forced_ujy_error": ""
    },
    {
        "MJD": "58692.330556",
        "filter": "r",
        "unforced_mag": "20.202",
        "unforced_mag_error": "0.167",
        "unforced_mag_status": "positive",
        "forced_ujy": "",
        "forced_ujy_error": ""
    },
    {
        "MJD": "58691.201377",
        "filter": "r",
        "unforced_mag": "20.091",
        "unforced_mag_error": "0.124",
        "unforced_mag_status": "positive",
        "forced_ujy": "",
        "forced_ujy_error": ""
    },
    {
        "MJD": "58690.350231",
        "filter": "r",
        "unforced_mag": "20.118",
        "unforced_mag_error": "0.151",
        "unforced_mag_status": "positive",
        "forced_ujy": "",
        "forced_ujy_error": ""
    },
    {
        "MJD": "58688.389329",
        "filter": "r",
        "unforced_mag": "20.017",
        "unforced_mag_error": "0.169",
        "unforced_mag_status": "positive",
        "forced_ujy": "",
        "forced_ujy_error": ""
    },
    {
        "MJD": "58688.309479",
        "filter": "g",
        "unforced_mag": "20.097",
        "unforced_mag_error": "0.170",
        "unforced_mag_status": "positive",
        "forced_ujy": "",
        "forced_ujy_error": ""
    },
    {
        "MJD": "58685.370150",
        "filter": "g",
        "unforced_mag": "20.215",
        "unforced_mag_error": "0.269",
        "unforced_mag_status": "positive",
        "forced_ujy": "",
        "forced_ujy_error": ""
    },
    {
        "MJD": "58685.345120",
        "filter": "r",
        "unforced_mag": "20.353",
        "unforced_mag_error": "",
        "unforced_mag_status": "limit",
        "forced_ujy": "",
        "forced_ujy_error": ""
    },
    {
        "MJD": "58684.271643",
        "filter": "g",
        "unforced_mag": "20.023",
        "unforced_mag_error": "0.315",
        "unforced_mag_status": "positive",
        "forced_ujy": "",
        "forced_ujy_error": ""
    },
    {
        "MJD": "58684.243704",
        "filter": "r",
        "unforced_mag": "20.316",
        "unforced_mag_error": "0.223",
        "unforced_mag_status": "positive",
        "forced_ujy": "",
        "forced_ujy_error": ""
    },
    {
        "MJD": "58683.281586",
        "filter": "g",
        "unforced_mag": "20.021",
        "unforced_mag_error": "0.177",
        "unforced_mag_status": "positive",
        "forced_ujy": "",
        "forced_ujy_error": ""
    },
    {
        "MJD": "58683.253472",
        "filter": "r",
        "unforced_mag": "20.127",
        "unforced_mag_error": "0.196",
        "unforced_mag_status": "positive",
        "forced_ujy": "",
        "forced_ujy_error": ""
    },
    {
        "MJD": "58683.225231",
        "filter": "r",
        "unforced_mag": "20.243",
        "unforced_mag_error": "0.198",
        "unforced_mag_status": "positive",
        "forced_ujy": "",
        "forced_ujy_error": ""
    },
    {
        "MJD": "58682.278437",
        "filter": "r",
        "unforced_mag": "20.003",
        "unforced_mag_error": "0.232",
        "unforced_mag_status": "positive",
        "forced_ujy": "",
        "forced_ujy_error": ""
    },
    {
        "MJD": "58682.220856",
        "filter": "g",
        "unforced_mag": "19.751",
        "unforced_mag_error": "0.244",
        "unforced_mag_status": "positive",
        "forced_ujy": "",
        "forced_ujy_error": ""
    },
    {
        "MJD": "58681.282986",
        "filter": "r",
        "unforced_mag": "20.095",
        "unforced_mag_error": "0.292",
        "unforced_mag_status": "positive",
        "forced_ujy": "",
        "forced_ujy_error": ""
    },
    {
        "MJD": "58681.219271",
        "filter": "g",
        "unforced_mag": "20.063",
        "unforced_mag_error": "0.320",
        "unforced_mag_status": "positive",
        "forced_ujy": "",
        "forced_ujy_error": ""
    },
    {
        "MJD": "58680.279711",
        "filter": "r",
        "unforced_mag": "19.891",
        "unforced_mag_error": "0.170",
        "unforced_mag_status": "positive",
        "forced_ujy": "",
        "forced_ujy_error": ""
    },
    {
        "MJD": "58680.217141",
        "filter": "g",
        "unforced_mag": "19.930",
        "unforced_mag_error": "0.323",
        "unforced_mag_status": "positive",
        "forced_ujy": "",
        "forced_ujy_error": ""
    },
    {
        "MJD": "58679.301806",
        "filter": "g",
        "unforced_mag": "19.928",
        "unforced_mag_error": "0.208",
        "unforced_mag_status": "positive",
        "forced_ujy": "",
        "forced_ujy_error": ""
    },
    {
        "MJD": "58679.234641",
        "filter": "r",
        "unforced_mag": "20.087",
        "unforced_mag_error": "0.219",
        "unforced_mag_status": "positive",
        "forced_ujy": "",
        "forced_ujy_error": ""
    },
    {
        "MJD": "58678.318345",
        "filter": "g",
        "unforced_mag": "19.945",
        "unforced_mag_error": "0.224",
        "unforced_mag_status": "positive",
        "forced_ujy": "",
        "forced_ujy_error": ""
    },
    {
        "MJD": "58678.243310",
        "filter": "r",
        "unforced_mag": "20.205",
        "unforced_mag_error": "",
        "unforced_mag_status": "limit",
        "forced_ujy": "",
        "forced_ujy_error": ""
    },
    {
        "MJD": "58677.346042",
        "filter": "g",
        "unforced_mag": "19.917",
        "unforced_mag_error": "0.183",
        "unforced_mag_status": "positive",
        "forced_ujy": "",
        "forced_ujy_error": ""
    },
    {
        "MJD": "58677.281539",
        "filter": "r",
        "unforced_mag": "19.965",
        "unforced_mag_error": "0.173",
        "unforced_mag_status": "positive",
        "forced_ujy": "",
        "forced_ujy_error": ""
    },
    {
        "MJD": "58674.345729",
        "filter": "g",
        "unforced_mag": "20.036",
        "unforced_mag_error": "0.159",
        "unforced_mag_status": "positive",
        "forced_ujy": "",
        "forced_ujy_error": ""
    },
    {
        "MJD": "58674.309570",
        "filter": "r",
        "unforced_mag": "20.507",
        "unforced_mag_error": "",
        "unforced_mag_status": "limit",
        "forced_ujy": "",
        "forced_ujy_error": ""
    },
    {
        "MJD": "58668.282546",
        "filter": "g",
        "unforced_mag": "19.994",
        "unforced_mag_error": "0.160",
        "unforced_mag_status": "positive",
        "forced_ujy": "",
        "forced_ujy_error": ""
    },
    {
        "MJD": "58665.343472",
        "filter": "r",
        "unforced_mag": "19.897",
        "unforced_mag_error": "0.122",
        "unforced_mag_status": "positive",
        "forced_ujy": "",
        "forced_ujy_error": ""
    },
    {
        "MJD": "58665.236597",
        "filter": "g",
        "unforced_mag": "19.829",
        "unforced_mag_error": "0.141",
        "unforced_mag_status": "positive",
        "forced_ujy": "",
        "forced_ujy_error": ""
    },
    {
        "MJD": "58663.444942",
        "filter": "g",
        "unforced_mag": "19.857",
        "unforced_mag_error": "0.226",
        "unforced_mag_status": "positive",
        "forced_ujy": "",
        "forced_ujy_error": ""
    },
    {
        "MJD": "58663.345637",
        "filter": "r",
        "unforced_mag": "19.927",
        "unforced_mag_error": "0.123",
        "unforced_mag_status": "positive",
        "forced_ujy": "",
        "forced_ujy_error": ""
    },
    {
        "MJD": "58661.345625",
        "filter": "r",
        "unforced_mag": "19.972",
        "unforced_mag_error": "0.187",
        "unforced_mag_status": "positive",
        "forced_ujy": "",
        "forced_ujy_error": ""
    },
    {
        "MJD": "58660.347338",
        "filter": "g",
        "unforced_mag": "19.829",
        "unforced_mag_error": "0.124",
        "unforced_mag_status": "positive",
        "forced_ujy": "",
        "forced_ujy_error": ""
    },
    {
        "MJD": "58660.328611",
        "filter": "r",
        "unforced_mag": "19.932",
        "unforced_mag_error": "0.126",
        "unforced_mag_status": "positive",
        "forced_ujy": "",
        "forced_ujy_error": ""
    },
    {
        "MJD": "58658.447049",
        "filter": "g",
        "unforced_mag": "19.816",
        "unforced_mag_error": "0.157",
        "unforced_mag_status": "positive",
        "forced_ujy": "",
        "forced_ujy_error": ""
    },
    {
        "MJD": "58658.394282",
        "filter": "r",
        "unforced_mag": "20.001",
        "unforced_mag_error": "0.130",
        "unforced_mag_status": "positive",
        "forced_ujy": "",
        "forced_ujy_error": ""
    },
    {
        "MJD": "58657.394259",
        "filter": "r",
        "unforced_mag": "19.984",
        "unforced_mag_error": "0.188",
        "unforced_mag_status": "positive",
        "forced_ujy": "",
        "forced_ujy_error": ""
    },
    {
        "MJD": "58655.339896",
        "filter": "r",
        "unforced_mag": "19.966",
        "unforced_mag_error": "0.201",
        "unforced_mag_status": "positive",
        "forced_ujy": "",
        "forced_ujy_error": ""
    },
    {
        "MJD": "58655.289294",
        "filter": "g",
        "unforced_mag": "20.036",
        "unforced_mag_error": "0.309",
        "unforced_mag_status": "positive",
        "forced_ujy": "",
        "forced_ujy_error": ""
    },
    {
        "MJD": "58654.361340",
        "filter": "r",
        "unforced_mag": "20.110",
        "unforced_mag_error": "",
        "unforced_mag_status": "limit",
        "forced_ujy": "",
        "forced_ujy_error": ""
    },
    {
        "MJD": "58654.322130",
        "filter": "g",
        "unforced_mag": "19.885",
        "unforced_mag_error": "0.209",
        "unforced_mag_status": "positive",
        "forced_ujy": "",
        "forced_ujy_error": ""
    },
    {
        "MJD": "58653.428461",
        "filter": "r",
        "unforced_mag": "19.871",
        "unforced_mag_error": "0.235",
        "unforced_mag_status": "positive",
        "forced_ujy": "",
        "forced_ujy_error": ""
    },
    {
        "MJD": "58653.366910",
        "filter": "g",
        "unforced_mag": "19.620",
        "unforced_mag_error": "0.209",
        "unforced_mag_status": "positive",
        "forced_ujy": "",
        "forced_ujy_error": ""
    },
    {
        "MJD": "58650.446134",
        "filter": "g",
        "unforced_mag": "19.567",
        "unforced_mag_error": "0.160",
        "unforced_mag_status": "positive",
        "forced_ujy": "",
        "forced_ujy_error": ""
    },
    {
        "MJD": "58650.346863",
        "filter": "r",
        "unforced_mag": "19.730",
        "unforced_mag_error": "0.190",
        "unforced_mag_status": "positive",
        "forced_ujy": "",
        "forced_ujy_error": ""
    },
    {
        "MJD": "58647.384514",
        "filter": "g",
        "unforced_mag": "19.549",
        "unforced_mag_error": "0.189",
        "unforced_mag_status": "positive",
        "forced_ujy": "",
        "forced_ujy_error": ""
    },
    {
        "MJD": "58647.325430",
        "filter": "r",
        "unforced_mag": "20.372",
        "unforced_mag_error": "",
        "unforced_mag_status": "limit",
        "forced_ujy": "",
        "forced_ujy_error": ""
    },
    {
        "MJD": "58644.432697",
        "filter": "g",
        "unforced_mag": "19.537",
        "unforced_mag_error": "0.121",
        "unforced_mag_status": "positive",
        "forced_ujy": "",
        "forced_ujy_error": ""
    },
    {
        "MJD": "58644.327986",
        "filter": "r",
        "unforced_mag": "19.745",
        "unforced_mag_error": "0.131",
        "unforced_mag_status": "positive",
        "forced_ujy": "",
        "forced_ujy_error": ""
    },
    {
        "MJD": "58641.428171",
        "filter": "g",
        "unforced_mag": "19.485",
        "unforced_mag_error": "0.104",
        "unforced_mag_status": "positive",
        "forced_ujy": "",
        "forced_ujy_error": ""
    },
    {
        "MJD": "58641.414259",
        "filter": "r",
        "unforced_mag": "19.661",
        "unforced_mag_error": "0.108",
        "unforced_mag_status": "positive",
        "forced_ujy": "",
        "forced_ujy_error": ""
    },
    {
        "MJD": "58638.368947",
        "filter": "g",
        "unforced_mag": "19.446",
        "unforced_mag_error": "0.101",
        "unforced_mag_status": "positive",
        "forced_ujy": "",
        "forced_ujy_error": ""
    },
    {
        "MJD": "58638.298912",
        "filter": "r",
        "unforced_mag": "19.596",
        "unforced_mag_error": "0.128",
        "unforced_mag_status": "positive",
        "forced_ujy": "",
        "forced_ujy_error": ""
    },
    {
        "MJD": "58635.449248",
        "filter": "g",
        "unforced_mag": "19.358",
        "unforced_mag_error": "0.101",
        "unforced_mag_status": "positive",
        "forced_ujy": "",
        "forced_ujy_error": ""
    },
    {
        "MJD": "58635.367812",
        "filter": "r",
        "unforced_mag": "19.542",
        "unforced_mag_error": "0.126",
        "unforced_mag_status": "positive",
        "forced_ujy": "",
        "forced_ujy_error": ""
    },
    {
        "MJD": "58632.432569",
        "filter": "g",
        "unforced_mag": "19.293",
        "unforced_mag_error": "0.092",
        "unforced_mag_status": "positive",
        "forced_ujy": "",
        "forced_ujy_error": ""
    },
    {
        "MJD": "58632.319838",
        "filter": "r",
        "unforced_mag": "19.471",
        "unforced_mag_error": "0.107",
        "unforced_mag_status": "positive",
        "forced_ujy": "",
        "forced_ujy_error": ""
    },
    {
        "MJD": "58627.407812",
        "filter": "r",
        "unforced_mag": "19.386",
        "unforced_mag_error": "0.109",
        "unforced_mag_status": "positive",
        "forced_ujy": "",
        "forced_ujy_error": ""
    },
    {
        "MJD": "58619.427950",
        "filter": "r",
        "unforced_mag": "18.849",
        "unforced_mag_error": "",
        "unforced_mag_status": "limit",
        "forced_ujy": "",
        "forced_ujy_error": ""
    },
    {
        "MJD": "58618.245868",
        "filter": "r",
        "unforced_mag": "19.379",
        "unforced_mag_error": "0.146",
        "unforced_mag_status": "positive",
        "forced_ujy": "",
        "forced_ujy_error": ""
    },
    {
        "MJD": "58616.477222",
        "filter": "g",
        "unforced_mag": "18.971",
        "unforced_mag_error": "0.098",
        "unforced_mag_status": "positive",
        "forced_ujy": "",
        "forced_ujy_error": ""
    },
    {
        "MJD": "58616.405486",
        "filter": "r",
        "unforced_mag": "19.235",
        "unforced_mag_error": "0.103",
        "unforced_mag_status": "positive",
        "forced_ujy": "",
        "forced_ujy_error": ""
    },
    {
        "MJD": "58612.409201",
        "filter": "g",
        "unforced_mag": "18.803",
        "unforced_mag_error": "0.084",
        "unforced_mag_status": "positive",
        "forced_ujy": "",
        "forced_ujy_error": ""
    },
    {
        "MJD": "58608.497778",
        "filter": "r",
        "unforced_mag": "19.174",
        "unforced_mag_error": "0.094",
        "unforced_mag_status": "positive",
        "forced_ujy": "",
        "forced_ujy_error": ""
    },
    {
        "MJD": "58608.471563",
        "filter": "r",
        "unforced_mag": "19.081",
        "unforced_mag_error": "0.090",
        "unforced_mag_status": "positive",
        "forced_ujy": "",
        "forced_ujy_error": ""
    },
    {
        "MJD": "58608.430151",
        "filter": "g",
        "unforced_mag": "18.474",
        "unforced_mag_error": "0.189",
        "unforced_mag_status": "positive",
        "forced_ujy": "",
        "forced_ujy_error": ""
    },
    {
        "MJD": "58605.493079",
        "filter": "g",
        "unforced_mag": "18.711",
        "unforced_mag_error": "0.089",
        "unforced_mag_status": "positive",
        "forced_ujy": "",
        "forced_ujy_error": ""
    },
    {
        "MJD": "58605.454167",
        "filter": "r",
        "unforced_mag": "19.028",
        "unforced_mag_error": "0.075",
        "unforced_mag_status": "positive",
        "forced_ujy": "",
        "forced_ujy_error": ""
    },
    {
        "MJD": "58596.498391",
        "filter": "g",
        "unforced_mag": "18.711",
        "unforced_mag_error": "0.090",
        "unforced_mag_status": "positive",
        "forced_ujy": "",
        "forced_ujy_error": ""
    },
    {
        "MJD": "58596.421910",
        "filter": "r",
        "unforced_mag": "19.065",
        "unforced_mag_error": "0.091",
        "unforced_mag_status": "positive",
        "forced_ujy": "",
        "forced_ujy_error": ""
    },
    {
        "MJD": "58593.339167",
        "filter": "r",
        "unforced_mag": "19.035",
        "unforced_mag_error": "0.162",
        "unforced_mag_status": "positive",
        "forced_ujy": "",
        "forced_ujy_error": ""
    },
    {
        "MJD": "58591.469155",
        "filter": "r",
        "unforced_mag": "19.128",
        "unforced_mag_error": "0.135",
        "unforced_mag_status": "positive",
        "forced_ujy": "",
        "forced_ujy_error": ""
    },
    {
        "MJD": "58587.491644",
        "filter": "g",
        "unforced_mag": "18.655",
        "unforced_mag_error": "0.103",
        "unforced_mag_status": "positive",
        "forced_ujy": "",
        "forced_ujy_error": ""
    },
    {
        "MJD": "58584.517720",
        "filter": "r",
        "unforced_mag": "18.940",
        "unforced_mag_error": "0.101",
        "unforced_mag_status": "positive",
        "forced_ujy": "",
        "forced_ujy_error": ""
    },
    {
        "MJD": "58584.492419",
        "filter": "g",
        "unforced_mag": "18.638",
        "unforced_mag_error": "0.074",
        "unforced_mag_status": "positive",
        "forced_ujy": "",
        "forced_ujy_error": ""
    },
    {
        "MJD": "58580.519329",
        "filter": "r",
        "unforced_mag": "19.050",
        "unforced_mag_error": "0.128",
        "unforced_mag_status": "positive",
        "forced_ujy": "",
        "forced_ujy_error": ""
    },
    {
        "MJD": "58580.490764",
        "filter": "r",
        "unforced_mag": "18.991",
        "unforced_mag_error": "0.091",
        "unforced_mag_status": "positive",
        "forced_ujy": "",
        "forced_ujy_error": ""
    },
    {
        "MJD": "58575.513056",
        "filter": "g",
        "unforced_mag": "18.788",
        "unforced_mag_error": "0.218",
        "unforced_mag_status": "positive",
        "forced_ujy": "",
        "forced_ujy_error": ""
    },
    {
        "MJD": "58575.466516",
        "filter": "r",
        "unforced_mag": "18.929",
        "unforced_mag_error": "0.175",
        "unforced_mag_status": "positive",
        "forced_ujy": "",
        "forced_ujy_error": ""
    },
    {
        "MJD": "58572.504734",
        "filter": "g",
        "unforced_mag": "18.996",
        "unforced_mag_error": "0.095",
        "unforced_mag_status": "positive",
        "forced_ujy": "",
        "forced_ujy_error": ""
    },
    {
        "MJD": "58572.431632",
        "filter": "r",
        "unforced_mag": "19.330",
        "unforced_mag_error": "0.119",
        "unforced_mag_status": "positive",
        "forced_ujy": "",
        "forced_ujy_error": ""
    },
    {
        "MJD": "58567.511343",
        "filter": "g",
        "unforced_mag": "19.188",
        "unforced_mag_error": "0.180",
        "unforced_mag_status": "positive",
        "forced_ujy": "",
        "forced_ujy_error": ""
    },
    {
        "MJD": "58560.467560",
        "filter": "r",
        "unforced_mag": "19.876",
        "unforced_mag_error": "",
        "unforced_mag_status": "limit",
        "forced_ujy": "",
        "forced_ujy_error": ""
    },
    {
        "MJD": "58557.508660",
        "filter": "g",
        "unforced_mag": "19.806",
        "unforced_mag_error": "",
        "unforced_mag_status": "limit",
        "forced_ujy": "",
        "forced_ujy_error": ""
    },
    {
        "MJD": "58539.527530",
        "filter": "r",
        "unforced_mag": "16.133",
        "unforced_mag_error": "",
        "unforced_mag_status": "limit",
        "forced_ujy": "",
        "forced_ujy_error": ""
    }
]