[
    {
        "MJD": "58894.358831",
        "filter": "g",
        "unforced_mag": "20.158",
        "unforced_mag_error": "0.199",
        "unforced_mag_status": "positive",
        "forced_ujy": "",
        "forced_ujy_error": ""
    },
    {
        "MJD": "58891.493519",
        "filter": "r",
        "unforced_mag": "20.104",
        "unforced_mag_error": "0.200",
        "unforced_mag_status": "positive",
        "forced_ujy": "",
        "forced_ujy_error": ""
    },
    {
        "MJD": "58891.435680",
        "filter": "g",
        "unforced_mag": "19.591",
        "unforced_mag_error": "",
        "unforced_mag_status": "limit",
        "forced_ujy": "",
        "forced_ujy_error": ""
    },
    {
        "MJD": "58887.512650",
        "filter": "r",
        "unforced_mag": "19.805",
        "unforced_mag_error": "",
        "unforced_mag_status": "limit",
        "forced_ujy": "",
        "forced_ujy_error": ""
    },
    {
        "MJD": "58884.512130",
        "filter": "r",
        "unforced_mag": "20.106",
        "unforced_mag_error": "0.242",
        "unforced_mag_status": "positive",
        "forced_ujy": "",
        "forced_ujy_error": ""
    },
    {
        "MJD": "58884.477789",
        "filter": "g",
        "unforced_mag": "19.849",
        "unforced_mag_error": "0.230",
        "unforced_mag_status": "positive",
        "forced_ujy": "",
        "forced_ujy_error": ""
    },
    {
        "MJD": "58881.536829",
        "filter": "r",
        "unforced_mag": "20.188",
        "unforced_mag_error": "0.217",
        "unforced_mag_status": "positive",
        "forced_ujy": "",
        "forced_ujy_error": ""
    },
    {
        "MJD": "58881.483681",
        "filter": "g",
        "unforced_mag": "19.838",
        "unforced_mag_error": "0.188",
        "unforced_mag_status": "positive",
        "forced_ujy": "",
        "forced_ujy_error": ""
    },
    {
        "MJD": "58875.452140",
        "filter": "g",
        "unforced_mag": "20.627",
        "unforced_mag_error": "",
        "unforced_mag_status": "limit",
        "forced_ujy": "",
        "forced_ujy_error": ""
    },
    {
        "MJD": "58871.456771",
        "filter": "g",
        "unforced_mag": "19.531",
        "unforced_mag_error": "0.151",
        "unforced_mag_status": "positive",
        "forced_ujy": "",
        "forced_ujy_error": ""
    },
    {
        "MJD": "58866.547870",
        "filter": "g",
        "unforced_mag": "19.347",
        "unforced_mag_error": "0.117",
        "unforced_mag_status": "positive",
        "forced_ujy": "",
        "forced_ujy_error": ""
    },
    {
        "MJD": "58862.461157",
        "filter": "g",
        "unforced_mag": "19.224",
        "unforced_mag_error": "0.153",
        "unforced_mag_status": "positive",
        "forced_ujy": "",
        "forced_ujy_error": ""
    },
    {
        "MJD": "58859.479294",
        "filter": "r",
        "unforced_mag": "19.303",
        "unforced_mag_error": "0.149",
        "unforced_mag_status": "positive",
        "forced_ujy": "",
        "forced_ujy_error": ""
    },
    {
        "MJD": "58855.508056",
        "filter": "g",
        "unforced_mag": "19.111",
        "unforced_mag_error": "0.087",
        "unforced_mag_status": "positive",
        "forced_ujy": "",
        "forced_ujy_error": ""
    },
    {
        "MJD": "58852.547419",
        "filter": "r",
        "unforced_mag": "19.294",
        "unforced_mag_error": "0.097",
        "unforced_mag_status": "positive",
        "forced_ujy": "",
        "forced_ujy_error": ""
    },
    {
        "MJD": "58852.536574",
        "filter": "g",
        "unforced_mag": "19.219",
        "unforced_mag_error": "0.088",
        "unforced_mag_status": "positive",
        "forced_ujy": "",
        "forced_ujy_error": ""
    },
    {
        "MJD": "58849.504132",
        "filter": "g",
        "unforced_mag": "19.071",
        "unforced_mag_error": "0.072",
        "unforced_mag_status": "positive",
        "forced_ujy": "",
        "forced_ujy_error": ""
    },
    {
        "MJD": "58846.550764",
        "filter": "g",
        "unforced_mag": "18.992",
        "unforced_mag_error": "0.074",
        "unforced_mag_status": "positive",
        "forced_ujy": "",
        "forced_ujy_error": ""
    },
    {
        "MJD": "58838.553370",
        "filter": "r",
        "unforced_mag": "18.456",
        "unforced_mag_error": "",
        "unforced_mag_status": "limit",
        "forced_ujy": "",
        "forced_ujy_error": ""
    },
    {
        "MJD": "58838.496320",
        "filter": "g",
        "unforced_mag": "19.081",
        "unforced_mag_error": "",
        "unforced_mag_status": "limit",
        "forced_ujy": "",
        "forced_ujy_error": ""
    },
    {
        "MJD": "58835.553380",
        "filter": "g",
        "unforced_mag": "19.785",
        "unforced_mag_error": "",
        "unforced_mag_status": "limit",
        "forced_ujy": "",
        "forced_ujy_error": ""
    },
    {
        "MJD": "58835.485393",
        "filter": "r",
        "unforced_mag": "18.851",
        "unforced_mag_error": "0.117",
        "unforced_mag_status": "positive",
        "forced_ujy": "",
        "forced_ujy_error": ""
    },
    {
        "MJD": "58833.571680",
        "filter": "g",
        "unforced_mag": "18.970",
        "unforced_mag_error": "",
        "unforced_mag_status": "limit",
        "forced_ujy": "",
        "forced_ujy_error": ""
    },
    {
        "MJD": "58833.571678",
        "filter": "g",
        "unforced_mag": "18.707",
        "unforced_mag_error": "0.227",
        "unforced_mag_status": "positive",
        "forced_ujy": "",
        "forced_ujy_error": ""
    },
    {
        "MJD": "58833.495556",
        "filter": "r",
        "unforced_mag": "18.697",
        "unforced_mag_error": "0.138",
        "unforced_mag_status": "positive",
        "forced_ujy": "",
        "forced_ujy_error": ""
    },
    {
        "MJD": "58831.550312",
        "filter": "g",
        "unforced_mag": "18.605",
        "unforced_mag_error": "0.132",
        "unforced_mag_status": "positive",
        "forced_ujy": "",
        "forced_ujy_error": ""
    },
    {
        "MJD": "58828.551076",
        "filter": "g",
        "unforced_mag": "18.356",
        "unforced_mag_error": "0.108",
        "unforced_mag_status": "positive",
        "forced_ujy": "",
        "forced_ujy_error": ""
    },
    {
        "MJD": "58823.520800",
        "filter": "g",
        "unforced_mag": "17.777",
        "unforced_mag_error": "",
        "unforced_mag_status": "limit",
        "forced_ujy": "",
        "forced_ujy_error": ""
    },
    {
        "MJD": "58820.558880",
        "filter": "g",
        "unforced_mag": "16.081",
        "unforced_mag_error": "",
        "unforced_mag_status": "limit",
        "forced_ujy": "",
        "forced_ujy_error": ""
    },
    {
        "MJD": "58805.525567",
        "filter": "g",
        "unforced_mag": "18.853",
        "unforced_mag_error": "0.134",
        "unforced_mag_status": "positive",
        "forced_ujy": "",
        "forced_ujy_error": ""
    },
    {
        "MJD": "58802.551632",
        "filter": "g",
        "unforced_mag": "19.015",
        "unforced_mag_error": "0.180",
        "unforced_mag_status": "positive",
        "forced_ujy": "",
        "forced_ujy_error": ""
    },
    {
        "MJD": "58799.489760",
        "filter": "r",
        "unforced_mag": "19.120",
        "unforced_mag_error": "",
        "unforced_mag_status": "limit",
        "forced_ujy": "",
        "forced_ujy_error": ""
    },
    {
        "MJD": "58792.546460",
        "filter": "g",
        "unforced_mag": "19.620",
        "unforced_mag_error": "",
        "unforced_mag_status": "limit",
        "forced_ujy": "",
        "forced_ujy_error": ""
    },
    {
        "MJD": "58792.515730",
        "filter": "r",
        "unforced_mag": "19.750",
        "unforced_mag_error": "",
        "unforced_mag_status": "limit",
        "forced_ujy": "",
        "forced_ujy_error": ""
    },
    {
        "MJD": "58789.514590",
        "filter": "g",
        "unforced_mag": "19.948",
        "unforced_mag_error": "",
        "unforced_mag_status": "limit",
        "forced_ujy": "",
        "forced_ujy_error": ""
    },
    {
        "MJD": "58786.526890",
        "filter": "g",
        "unforced_mag": "18.337",
        "unforced_mag_error": "",
        "unforced_mag_status": "limit",
        "forced_ujy": "",
        "forced_ujy_error": ""
    }
]