[
    {
        "MJD": "59376.361944",
        "filter": "g",
        "unforced_mag": "20.348",
        "unforced_mag_error": "0.208",
        "unforced_mag_status": "positive",
        "forced_ujy": "",
        "forced_ujy_error": ""
    },
    {
        "MJD": "59376.308380",
        "filter": "r",
        "unforced_mag": "20.735",
        "unforced_mag_error": "",
        "unforced_mag_status": "limit",
        "forced_ujy": "",
        "forced_ujy_error": ""
    },
    {
        "MJD": "59374.369236",
        "filter": "g",
        "unforced_mag": "20.808",
        "unforced_mag_error": "",
        "unforced_mag_status": "limit",
        "forced_ujy": "",
        "forced_ujy_error": ""
    },
    {
        "MJD": "59374.290984",
        "filter": "r",
        "unforced_mag": "20.549",
        "unforced_mag_error": "",
        "unforced_mag_status": "limit",
        "forced_ujy": "",
        "forced_ujy_error": ""
    },
    {
        "MJD": "59370.391238",
        "filter": "g",
        "unforced_mag": "20.625",
        "unforced_mag_error": "0.196",
        "unforced_mag_status": "positive",
        "forced_ujy": "",
        "forced_ujy_error": ""
    },
    {
        "MJD": "59370.356551",
        "filter": "r",
        "unforced_mag": "20.528",
        "unforced_mag_error": "",
        "unforced_mag_status": "limit",
        "forced_ujy": "",
        "forced_ujy_error": ""
    },
    {
        "MJD": "59368.383125",
        "filter": "r",
        "unforced_mag": "20.705",
        "unforced_mag_error": "",
        "unforced_mag_status": "limit",
        "forced_ujy": "",
        "forced_ujy_error": ""
    },
    {
        "MJD": "59366.335313",
        "filter": "r",
        "unforced_mag": "20.425",
        "unforced_mag_error": "",
        "unforced_mag_status": "limit",
        "forced_ujy": "",
        "forced_ujy_error": ""
    },
    {
        "MJD": "59366.308495",
        "filter": "g",
        "unforced_mag": "20.560",
        "unforced_mag_error": "0.242",
        "unforced_mag_status": "positive",
        "forced_ujy": "",
        "forced_ujy_error": ""
    },
    {
        "MJD": "59364.361273",
        "filter": "g",
        "unforced_mag": "20.464",
        "unforced_mag_error": "0.322",
        "unforced_mag_status": "positive",
        "forced_ujy": "",
        "forced_ujy_error": ""
    },
    {
        "MJD": "59364.352512",
        "filter": "r",
        "unforced_mag": "20.390",
        "unforced_mag_error": "",
        "unforced_mag_status": "limit",
        "forced_ujy": "",
        "forced_ujy_error": ""
    },
    {
        "MJD": "59362.382454",
        "filter": "g",
        "unforced_mag": "19.842",
        "unforced_mag_error": "",
        "unforced_mag_status": "limit",
        "forced_ujy": "",
        "forced_ujy_error": ""
    },
    {
        "MJD": "59362.294919",
        "filter": "r",
        "unforced_mag": "19.832",
        "unforced_mag_error": "",
        "unforced_mag_status": "limit",
        "forced_ujy": "",
        "forced_ujy_error": ""
    },
    {
        "MJD": "59359.394132",
        "filter": "r",
        "unforced_mag": "19.661",
        "unforced_mag_error": "",
        "unforced_mag_status": "limit",
        "forced_ujy": "",
        "forced_ujy_error": ""
    },
    {
        "MJD": "59359.293993",
        "filter": "g",
        "unforced_mag": "19.438",
        "unforced_mag_error": "",
        "unforced_mag_status": "limit",
        "forced_ujy": "",
        "forced_ujy_error": ""
    },
    {
        "MJD": "59356.429097",
        "filter": "g",
        "unforced_mag": "20.424",
        "unforced_mag_error": "0.270",
        "unforced_mag_status": "positive",
        "forced_ujy": "",
        "forced_ujy_error": ""
    },
    {
        "MJD": "59356.361018",
        "filter": "r",
        "unforced_mag": "20.071",
        "unforced_mag_error": "",
        "unforced_mag_status": "limit",
        "forced_ujy": "",
        "forced_ujy_error": ""
    },
    {
        "MJD": "59353.428843",
        "filter": "r",
        "unforced_mag": "20.565",
        "unforced_mag_error": "",
        "unforced_mag_status": "limit",
        "forced_ujy": "",
        "forced_ujy_error": ""
    },
    {
        "MJD": "59353.371921",
        "filter": "g",
        "unforced_mag": "20.518",
        "unforced_mag_error": "",
        "unforced_mag_status": "limit",
        "forced_ujy": "",
        "forced_ujy_error": ""
    },
    {
        "MJD": "59349.324630",
        "filter": "r",
        "unforced_mag": "20.644",
        "unforced_mag_error": "",
        "unforced_mag_status": "limit",
        "forced_ujy": "",
        "forced_ujy_error": ""
    },
    {
        "MJD": "59347.436134",
        "filter": "g",
        "unforced_mag": "20.173",
        "unforced_mag_error": "",
        "unforced_mag_status": "limit",
        "forced_ujy": "",
        "forced_ujy_error": ""
    },
    {
        "MJD": "59347.363194",
        "filter": "r",
        "unforced_mag": "19.431",
        "unforced_mag_error": "",
        "unforced_mag_status": "limit",
        "forced_ujy": "",
        "forced_ujy_error": ""
    },
    {
        "MJD": "59345.446227",
        "filter": "r",
        "unforced_mag": "20.633",
        "unforced_mag_error": "",
        "unforced_mag_status": "limit",
        "forced_ujy": "",
        "forced_ujy_error": ""
    },
    {
        "MJD": "59343.394456",
        "filter": "g",
        "unforced_mag": "20.819",
        "unforced_mag_error": "0.203",
        "unforced_mag_status": "positive",
        "forced_ujy": "",
        "forced_ujy_error": ""
    },
    {
        "MJD": "59343.368252",
        "filter": "r",
        "unforced_mag": "20.549",
        "unforced_mag_error": "",
        "unforced_mag_status": "limit",
        "forced_ujy": "",
        "forced_ujy_error": ""
    },
    {
        "MJD": "59341.412268",
        "filter": "r",
        "unforced_mag": "20.345",
        "unforced_mag_error": "",
        "unforced_mag_status": "limit",
        "forced_ujy": "",
        "forced_ujy_error": ""
    },
    {
        "MJD": "59341.352002",
        "filter": "g",
        "unforced_mag": "20.842",
        "unforced_mag_error": "",
        "unforced_mag_status": "limit",
        "forced_ujy": "",
        "forced_ujy_error": ""
    },
    {
        "MJD": "59339.384907",
        "filter": "g",
        "unforced_mag": "20.830",
        "unforced_mag_error": "",
        "unforced_mag_status": "limit",
        "forced_ujy": "",
        "forced_ujy_error": ""
    },
    {
        "MJD": "59339.341354",
        "filter": "r",
        "unforced_mag": "20.680",
        "unforced_mag_error": "",
        "unforced_mag_status": "limit",
        "forced_ujy": "",
        "forced_ujy_error": ""
    },
    {
        "MJD": "59336.445104",
        "filter": "g",
        "unforced_mag": "20.554",
        "unforced_mag_error": "0.338",
        "unforced_mag_status": "positive",
        "forced_ujy": "",
        "forced_ujy_error": ""
    },
    {
        "MJD": "59336.372419",
        "filter": "r",
        "unforced_mag": "20.403",
        "unforced_mag_error": "",
        "unforced_mag_status": "limit",
        "forced_ujy": "",
        "forced_ujy_error": ""
    },
    {
        "MJD": "59334.449306",
        "filter": "g",
        "unforced_mag": "19.875",
        "unforced_mag_error": "",
        "unforced_mag_status": "limit",
        "forced_ujy": "",
        "forced_ujy_error": ""
    },
    {
        "MJD": "59334.402743",
        "filter": "r",
        "unforced_mag": "20.130",
        "unforced_mag_error": "",
        "unforced_mag_status": "limit",
        "forced_ujy": "",
        "forced_ujy_error": ""
    },
    {
        "MJD": "59328.364225",
        "filter": "g",
        "unforced_mag": "19.704",
        "unforced_mag_error": "",
        "unforced_mag_status": "limit",
        "forced_ujy": "",
        "forced_ujy_error": ""
    },
    {
        "MJD": "59328.309363",
        "filter": "r",
        "unforced_mag": "19.664",
        "unforced_mag_error": "",
        "unforced_mag_status": "limit",
        "forced_ujy": "",
        "forced_ujy_error": ""
    },
    {
        "MJD": "59324.385590",
        "filter": "g",
        "unforced_mag": "20.670",
        "unforced_mag_error": "",
        "unforced_mag_status": "limit",
        "forced_ujy": "",
        "forced_ujy_error": ""
    },
    {
        "MJD": "59324.342361",
        "filter": "r",
        "unforced_mag": "20.235",
        "unforced_mag_error": "",
        "unforced_mag_status": "limit",
        "forced_ujy": "",
        "forced_ujy_error": ""
    },
    {
        "MJD": "59322.426319",
        "filter": "g",
        "unforced_mag": "20.459",
        "unforced_mag_error": "0.262",
        "unforced_mag_status": "positive",
        "forced_ujy": "",
        "forced_ujy_error": ""
    },
    {
        "MJD": "59322.277708",
        "filter": "r",
        "unforced_mag": "19.950",
        "unforced_mag_error": "",
        "unforced_mag_status": "limit",
        "forced_ujy": "",
        "forced_ujy_error": ""
    },
    {
        "MJD": "59319.430243",
        "filter": "g",
        "unforced_mag": "20.552",
        "unforced_mag_error": "0.264",
        "unforced_mag_status": "positive",
        "forced_ujy": "",
        "forced_ujy_error": ""
    },
    {
        "MJD": "59319.395799",
        "filter": "r",
        "unforced_mag": "19.979",
        "unforced_mag_error": "",
        "unforced_mag_status": "limit",
        "forced_ujy": "",
        "forced_ujy_error": ""
    },
    {
        "MJD": "59316.402697",
        "filter": "r",
        "unforced_mag": "20.778",
        "unforced_mag_error": "",
        "unforced_mag_status": "limit",
        "forced_ujy": "",
        "forced_ujy_error": ""
    },
    {
        "MJD": "59316.370289",
        "filter": "g",
        "unforced_mag": "20.531",
        "unforced_mag_error": "0.232",
        "unforced_mag_status": "positive",
        "forced_ujy": "",
        "forced_ujy_error": ""
    },
    {
        "MJD": "59314.457766",
        "filter": "r",
        "unforced_mag": "20.653",
        "unforced_mag_error": "",
        "unforced_mag_status": "limit",
        "forced_ujy": "",
        "forced_ujy_error": ""
    },
    {
        "MJD": "59314.413148",
        "filter": "g",
        "unforced_mag": "20.777",
        "unforced_mag_error": "",
        "unforced_mag_status": "limit",
        "forced_ujy": "",
        "forced_ujy_error": ""
    },
    {
        "MJD": "59099.163449",
        "filter": "g",
        "unforced_mag": "20.393",
        "unforced_mag_error": "0.206",
        "unforced_mag_status": "positive",
        "forced_ujy": "",
        "forced_ujy_error": ""
    },
    {
        "MJD": "59098.167130",
        "filter": "r",
        "unforced_mag": "20.482",
        "unforced_mag_error": "",
        "unforced_mag_status": "limit",
        "forced_ujy": "",
        "forced_ujy_error": ""
    },
    {
        "MJD": "59096.206280",
        "filter": "r",
        "unforced_mag": "20.075",
        "unforced_mag_error": "",
        "unforced_mag_status": "limit",
        "forced_ujy": "",
        "forced_ujy_error": ""
    },
    {
        "MJD": "59096.164220",
        "filter": "g",
        "unforced_mag": "20.246",
        "unforced_mag_error": "",
        "unforced_mag_status": "limit",
        "forced_ujy": "",
        "forced_ujy_error": ""
    },
    {
        "MJD": "59094.277810",
        "filter": "r",
        "unforced_mag": "19.243",
        "unforced_mag_error": "",
        "unforced_mag_status": "limit",
        "forced_ujy": "",
        "forced_ujy_error": ""
    },
    {
        "MJD": "59094.175320",
        "filter": "g",
        "unforced_mag": "19.634",
        "unforced_mag_error": "",
        "unforced_mag_status": "limit",
        "forced_ujy": "",
        "forced_ujy_error": ""
    },
    {
        "MJD": "59090.185380",
        "filter": "r",
        "unforced_mag": "19.939",
        "unforced_mag_error": "",
        "unforced_mag_status": "limit",
        "forced_ujy": "",
        "forced_ujy_error": ""
    },
    {
        "MJD": "59086.137720",
        "filter": "r",
        "unforced_mag": "19.626",
        "unforced_mag_error": "",
        "unforced_mag_status": "limit",
        "forced_ujy": "",
        "forced_ujy_error": ""
    },
    {
        "MJD": "59084.139570",
        "filter": "r",
        "unforced_mag": "19.930",
        "unforced_mag_error": "",
        "unforced_mag_status": "limit",
        "forced_ujy": "",
        "forced_ujy_error": ""
    },
    {
        "MJD": "59081.211700",
        "filter": "g",
        "unforced_mag": "20.451",
        "unforced_mag_error": "",
        "unforced_mag_status": "limit",
        "forced_ujy": "",
        "forced_ujy_error": ""
    },
    {
        "MJD": "59081.201380",
        "filter": "r",
        "unforced_mag": "20.386",
        "unforced_mag_error": "",
        "unforced_mag_status": "limit",
        "forced_ujy": "",
        "forced_ujy_error": ""
    },
    {
        "MJD": "59080.143240",
        "filter": "r",
        "unforced_mag": "19.171",
        "unforced_mag_error": "",
        "unforced_mag_status": "limit",
        "forced_ujy": "",
        "forced_ujy_error": ""
    },
    {
        "MJD": "59077.261700",
        "filter": "r",
        "unforced_mag": "20.571",
        "unforced_mag_error": "",
        "unforced_mag_status": "limit",
        "forced_ujy": "",
        "forced_ujy_error": ""
    },
    {
        "MJD": "59077.214650",
        "filter": "g",
        "unforced_mag": "20.446",
        "unforced_mag_error": "",
        "unforced_mag_status": "limit",
        "forced_ujy": "",
        "forced_ujy_error": ""
    },
    {
        "MJD": "59077.145880",
        "filter": "r",
        "unforced_mag": "20.034",
        "unforced_mag_error": "",
        "unforced_mag_status": "limit",
        "forced_ujy": "",
        "forced_ujy_error": ""
    },
    {
        "MJD": "59074.228218",
        "filter": "g",
        "unforced_mag": "20.378",
        "unforced_mag_error": "0.254",
        "unforced_mag_status": "positive",
        "forced_ujy": "",
        "forced_ujy_error": ""
    },
    {
        "MJD": "59071.196480",
        "filter": "r",
        "unforced_mag": "20.280",
        "unforced_mag_error": "",
        "unforced_mag_status": "limit",
        "forced_ujy": "",
        "forced_ujy_error": ""
    },
    {
        "MJD": "59056.275521",
        "filter": "g",
        "unforced_mag": "20.300",
        "unforced_mag_error": "0.196",
        "unforced_mag_status": "positive",
        "forced_ujy": "",
        "forced_ujy_error": ""
    },
    {
        "MJD": "59053.340104",
        "filter": "g",
        "unforced_mag": "20.438",
        "unforced_mag_error": "0.184",
        "unforced_mag_status": "positive",
        "forced_ujy": "",
        "forced_ujy_error": ""
    },
    {
        "MJD": "59053.322940",
        "filter": "r",
        "unforced_mag": "20.764",
        "unforced_mag_error": "",
        "unforced_mag_status": "limit",
        "forced_ujy": "",
        "forced_ujy_error": ""
    },
    {
        "MJD": "59050.278009",
        "filter": "r",
        "unforced_mag": "20.467",
        "unforced_mag_error": "0.231",
        "unforced_mag_status": "positive",
        "forced_ujy": "",
        "forced_ujy_error": ""
    },
    {
        "MJD": "59047.256771",
        "filter": "g",
        "unforced_mag": "20.361",
        "unforced_mag_error": "0.238",
        "unforced_mag_status": "positive",
        "forced_ujy": "",
        "forced_ujy_error": ""
    },
    {
        "MJD": "59044.326354",
        "filter": "g",
        "unforced_mag": "20.364",
        "unforced_mag_error": "0.239",
        "unforced_mag_status": "positive",
        "forced_ujy": "",
        "forced_ujy_error": ""
    },
    {
        "MJD": "59041.255820",
        "filter": "r",
        "unforced_mag": "20.625",
        "unforced_mag_error": "",
        "unforced_mag_status": "limit",
        "forced_ujy": "",
        "forced_ujy_error": ""
    },
    {
        "MJD": "59041.225671",
        "filter": "g",
        "unforced_mag": "20.332",
        "unforced_mag_error": "0.187",
        "unforced_mag_status": "positive",
        "forced_ujy": "",
        "forced_ujy_error": ""
    },
    {
        "MJD": "59039.310440",
        "filter": "r",
        "unforced_mag": "20.423",
        "unforced_mag_error": "",
        "unforced_mag_status": "limit",
        "forced_ujy": "",
        "forced_ujy_error": ""
    },
    {
        "MJD": "59038.260160",
        "filter": "g",
        "unforced_mag": "20.205",
        "unforced_mag_error": "",
        "unforced_mag_status": "limit",
        "forced_ujy": "",
        "forced_ujy_error": ""
    },
    {
        "MJD": "59038.225510",
        "filter": "r",
        "unforced_mag": "20.292",
        "unforced_mag_error": "",
        "unforced_mag_status": "limit",
        "forced_ujy": "",
        "forced_ujy_error": ""
    },
    {
        "MJD": "59037.328320",
        "filter": "r",
        "unforced_mag": "20.046",
        "unforced_mag_error": "",
        "unforced_mag_status": "limit",
        "forced_ujy": "",
        "forced_ujy_error": ""
    },
    {
        "MJD": "59035.329380",
        "filter": "r",
        "unforced_mag": "19.663",
        "unforced_mag_error": "",
        "unforced_mag_status": "limit",
        "forced_ujy": "",
        "forced_ujy_error": ""
    },
    {
        "MJD": "59035.214680",
        "filter": "g",
        "unforced_mag": "19.354",
        "unforced_mag_error": "",
        "unforced_mag_status": "limit",
        "forced_ujy": "",
        "forced_ujy_error": ""
    },
    {
        "MJD": "59034.339710",
        "filter": "r",
        "unforced_mag": "19.712",
        "unforced_mag_error": "",
        "unforced_mag_status": "limit",
        "forced_ujy": "",
        "forced_ujy_error": ""
    },
    {
        "MJD": "59034.215100",
        "filter": "g",
        "unforced_mag": "19.708",
        "unforced_mag_error": "",
        "unforced_mag_status": "limit",
        "forced_ujy": "",
        "forced_ujy_error": ""
    },
    {
        "MJD": "59033.331790",
        "filter": "r",
        "unforced_mag": "19.698",
        "unforced_mag_error": "",
        "unforced_mag_status": "limit",
        "forced_ujy": "",
        "forced_ujy_error": ""
    },
    {
        "MJD": "59033.219980",
        "filter": "g",
        "unforced_mag": "19.780",
        "unforced_mag_error": "",
        "unforced_mag_status": "limit",
        "forced_ujy": "",
        "forced_ujy_error": ""
    },
    {
        "MJD": "59033.211030",
        "filter": "g",
        "unforced_mag": "19.369",
        "unforced_mag_error": "",
        "unforced_mag_status": "limit",
        "forced_ujy": "",
        "forced_ujy_error": ""
    },
    {
        "MJD": "59032.393113",
        "filter": "g",
        "unforced_mag": "20.227",
        "unforced_mag_error": "0.371",
        "unforced_mag_status": "positive",
        "forced_ujy": "",
        "forced_ujy_error": ""
    },
    {
        "MJD": "59032.243100",
        "filter": "r",
        "unforced_mag": "20.058",
        "unforced_mag_error": "",
        "unforced_mag_status": "limit",
        "forced_ujy": "",
        "forced_ujy_error": ""
    },
    {
        "MJD": "59031.246700",
        "filter": "r",
        "unforced_mag": "20.077",
        "unforced_mag_error": "",
        "unforced_mag_status": "limit",
        "forced_ujy": "",
        "forced_ujy_error": ""
    },
    {
        "MJD": "59031.193646",
        "filter": "g",
        "unforced_mag": "20.279",
        "unforced_mag_error": "0.312",
        "unforced_mag_status": "positive",
        "forced_ujy": "",
        "forced_ujy_error": ""
    },
    {
        "MJD": "59030.350081",
        "filter": "g",
        "unforced_mag": "20.265",
        "unforced_mag_error": "0.242",
        "unforced_mag_status": "positive",
        "forced_ujy": "",
        "forced_ujy_error": ""
    },
    {
        "MJD": "59028.338113",
        "filter": "g",
        "unforced_mag": "20.452",
        "unforced_mag_error": "0.198",
        "unforced_mag_status": "positive",
        "forced_ujy": "",
        "forced_ujy_error": ""
    },
    {
        "MJD": "59028.232211",
        "filter": "r",
        "unforced_mag": "20.379",
        "unforced_mag_error": "0.302",
        "unforced_mag_status": "positive",
        "forced_ujy": "",
        "forced_ujy_error": ""
    },
    {
        "MJD": "59027.270290",
        "filter": "r",
        "unforced_mag": "20.289",
        "unforced_mag_error": "",
        "unforced_mag_status": "limit",
        "forced_ujy": "",
        "forced_ujy_error": ""
    },
    {
        "MJD": "59027.238287",
        "filter": "g",
        "unforced_mag": "20.367",
        "unforced_mag_error": "0.251",
        "unforced_mag_status": "positive",
        "forced_ujy": "",
        "forced_ujy_error": ""
    },
    {
        "MJD": "59026.364676",
        "filter": "g",
        "unforced_mag": "20.310",
        "unforced_mag_error": "0.200",
        "unforced_mag_status": "positive",
        "forced_ujy": "",
        "forced_ujy_error": ""
    },
    {
        "MJD": "59026.288390",
        "filter": "r",
        "unforced_mag": "19.856",
        "unforced_mag_error": "",
        "unforced_mag_status": "limit",
        "forced_ujy": "",
        "forced_ujy_error": ""
    },
    {
        "MJD": "59025.249699",
        "filter": "g",
        "unforced_mag": "20.477",
        "unforced_mag_error": "0.238",
        "unforced_mag_status": "positive",
        "forced_ujy": "",
        "forced_ujy_error": ""
    },
    {
        "MJD": "59025.195820",
        "filter": "r",
        "unforced_mag": "19.937",
        "unforced_mag_error": "",
        "unforced_mag_status": "limit",
        "forced_ujy": "",
        "forced_ujy_error": ""
    },
    {
        "MJD": "59024.289433",
        "filter": "g",
        "unforced_mag": "20.256",
        "unforced_mag_error": "0.219",
        "unforced_mag_status": "positive",
        "forced_ujy": "",
        "forced_ujy_error": ""
    },
    {
        "MJD": "59024.257360",
        "filter": "r",
        "unforced_mag": "20.601",
        "unforced_mag_error": "",
        "unforced_mag_status": "limit",
        "forced_ujy": "",
        "forced_ujy_error": ""
    },
    {
        "MJD": "59023.320764",
        "filter": "g",
        "unforced_mag": "20.483",
        "unforced_mag_error": "0.235",
        "unforced_mag_status": "positive",
        "forced_ujy": "",
        "forced_ujy_error": ""
    },
    {
        "MJD": "59023.298380",
        "filter": "r",
        "unforced_mag": "20.583",
        "unforced_mag_error": "0.251",
        "unforced_mag_status": "positive",
        "forced_ujy": "",
        "forced_ujy_error": ""
    },
    {
        "MJD": "59022.343472",
        "filter": "g",
        "unforced_mag": "20.369",
        "unforced_mag_error": "0.177",
        "unforced_mag_status": "positive",
        "forced_ujy": "",
        "forced_ujy_error": ""
    },
    {
        "MJD": "59022.253461",
        "filter": "r",
        "unforced_mag": "20.631",
        "unforced_mag_error": "0.273",
        "unforced_mag_status": "positive",
        "forced_ujy": "",
        "forced_ujy_error": ""
    },
    {
        "MJD": "59020.223773",
        "filter": "g",
        "unforced_mag": "20.393",
        "unforced_mag_error": "0.217",
        "unforced_mag_status": "positive",
        "forced_ujy": "",
        "forced_ujy_error": ""
    },
    {
        "MJD": "59018.339826",
        "filter": "g",
        "unforced_mag": "20.323",
        "unforced_mag_error": "0.202",
        "unforced_mag_status": "positive",
        "forced_ujy": "",
        "forced_ujy_error": ""
    },
    {
        "MJD": "59018.260750",
        "filter": "r",
        "unforced_mag": "20.247",
        "unforced_mag_error": "",
        "unforced_mag_status": "limit",
        "forced_ujy": "",
        "forced_ujy_error": ""
    },
    {
        "MJD": "59017.290602",
        "filter": "r",
        "unforced_mag": "20.442",
        "unforced_mag_error": "0.242",
        "unforced_mag_status": "positive",
        "forced_ujy": "",
        "forced_ujy_error": ""
    },
    {
        "MJD": "59016.337350",
        "filter": "g",
        "unforced_mag": "20.710",
        "unforced_mag_error": "",
        "unforced_mag_status": "limit",
        "forced_ujy": "",
        "forced_ujy_error": ""
    },
    {
        "MJD": "59016.257800",
        "filter": "r",
        "unforced_mag": "19.836",
        "unforced_mag_error": "",
        "unforced_mag_status": "limit",
        "forced_ujy": "",
        "forced_ujy_error": ""
    },
    {
        "MJD": "59015.318044",
        "filter": "r",
        "unforced_mag": "20.516",
        "unforced_mag_error": "0.272",
        "unforced_mag_status": "positive",
        "forced_ujy": "",
        "forced_ujy_error": ""
    },
    {
        "MJD": "59015.312083",
        "filter": "g",
        "unforced_mag": "20.361",
        "unforced_mag_error": "0.187",
        "unforced_mag_status": "positive",
        "forced_ujy": "",
        "forced_ujy_error": ""
    },
    {
        "MJD": "59014.340570",
        "filter": "g",
        "unforced_mag": "20.814",
        "unforced_mag_error": "",
        "unforced_mag_status": "limit",
        "forced_ujy": "",
        "forced_ujy_error": ""
    },
    {
        "MJD": "59014.261586",
        "filter": "r",
        "unforced_mag": "20.522",
        "unforced_mag_error": "0.233",
        "unforced_mag_status": "positive",
        "forced_ujy": "",
        "forced_ujy_error": ""
    },
    {
        "MJD": "59013.315000",
        "filter": "r",
        "unforced_mag": "20.391",
        "unforced_mag_error": "0.240",
        "unforced_mag_status": "positive",
        "forced_ujy": "",
        "forced_ujy_error": ""
    },
    {
        "MJD": "59012.312998",
        "filter": "g",
        "unforced_mag": "20.223",
        "unforced_mag_error": "0.174",
        "unforced_mag_status": "positive",
        "forced_ujy": "",
        "forced_ujy_error": ""
    },
    {
        "MJD": "59011.279699",
        "filter": "g",
        "unforced_mag": "20.194",
        "unforced_mag_error": "0.223",
        "unforced_mag_status": "positive",
        "forced_ujy": "",
        "forced_ujy_error": ""
    },
    {
        "MJD": "59011.259830",
        "filter": "r",
        "unforced_mag": "20.641",
        "unforced_mag_error": "",
        "unforced_mag_status": "limit",
        "forced_ujy": "",
        "forced_ujy_error": ""
    },
    {
        "MJD": "59009.363180",
        "filter": "r",
        "unforced_mag": "19.927",
        "unforced_mag_error": "",
        "unforced_mag_status": "limit",
        "forced_ujy": "",
        "forced_ujy_error": ""
    },
    {
        "MJD": "59005.283190",
        "filter": "r",
        "unforced_mag": "18.514",
        "unforced_mag_error": "",
        "unforced_mag_status": "limit",
        "forced_ujy": "",
        "forced_ujy_error": ""
    },
    {
        "MJD": "59005.223870",
        "filter": "g",
        "unforced_mag": "19.334",
        "unforced_mag_error": "",
        "unforced_mag_status": "limit",
        "forced_ujy": "",
        "forced_ujy_error": ""
    },
    {
        "MJD": "59004.286560",
        "filter": "r",
        "unforced_mag": "19.686",
        "unforced_mag_error": "",
        "unforced_mag_status": "limit",
        "forced_ujy": "",
        "forced_ujy_error": ""
    },
    {
        "MJD": "59004.222270",
        "filter": "g",
        "unforced_mag": "19.406",
        "unforced_mag_error": "",
        "unforced_mag_status": "limit",
        "forced_ujy": "",
        "forced_ujy_error": ""
    },
    {
        "MJD": "59002.404500",
        "filter": "g",
        "unforced_mag": "18.856",
        "unforced_mag_error": "",
        "unforced_mag_status": "limit",
        "forced_ujy": "",
        "forced_ujy_error": ""
    },
    {
        "MJD": "59001.390800",
        "filter": "g",
        "unforced_mag": "20.407",
        "unforced_mag_error": "",
        "unforced_mag_status": "limit",
        "forced_ujy": "",
        "forced_ujy_error": ""
    },
    {
        "MJD": "59001.278380",
        "filter": "r",
        "unforced_mag": "20.115",
        "unforced_mag_error": "",
        "unforced_mag_status": "limit",
        "forced_ujy": "",
        "forced_ujy_error": ""
    },
    {
        "MJD": "59000.415320",
        "filter": "g",
        "unforced_mag": "18.997",
        "unforced_mag_error": "",
        "unforced_mag_status": "limit",
        "forced_ujy": "",
        "forced_ujy_error": ""
    },
    {
        "MJD": "59000.391930",
        "filter": "r",
        "unforced_mag": "17.603",
        "unforced_mag_error": "",
        "unforced_mag_status": "limit",
        "forced_ujy": "",
        "forced_ujy_error": ""
    },
    {
        "MJD": "59000.344850",
        "filter": "r",
        "unforced_mag": "20.242",
        "unforced_mag_error": "",
        "unforced_mag_status": "limit",
        "forced_ujy": "",
        "forced_ujy_error": ""
    },
    {
        "MJD": "59000.310000",
        "filter": "g",
        "unforced_mag": "19.694",
        "unforced_mag_error": "",
        "unforced_mag_status": "limit",
        "forced_ujy": "",
        "forced_ujy_error": ""
    },
    {
        "MJD": "58999.401956",
        "filter": "g",
        "unforced_mag": "20.315",
        "unforced_mag_error": "0.224",
        "unforced_mag_status": "positive",
        "forced_ujy": "",
        "forced_ujy_error": ""
    },
    {
        "MJD": "58999.351530",
        "filter": "r",
        "unforced_mag": "20.403",
        "unforced_mag_error": "",
        "unforced_mag_status": "limit",
        "forced_ujy": "",
        "forced_ujy_error": ""
    },
    {
        "MJD": "58999.310680",
        "filter": "r",
        "unforced_mag": "20.220",
        "unforced_mag_error": "",
        "unforced_mag_status": "limit",
        "forced_ujy": "",
        "forced_ujy_error": ""
    },
    {
        "MJD": "58998.364028",
        "filter": "g",
        "unforced_mag": "20.212",
        "unforced_mag_error": "0.191",
        "unforced_mag_status": "positive",
        "forced_ujy": "",
        "forced_ujy_error": ""
    },
    {
        "MJD": "58998.312120",
        "filter": "r",
        "unforced_mag": "20.641",
        "unforced_mag_error": "",
        "unforced_mag_status": "limit",
        "forced_ujy": "",
        "forced_ujy_error": ""
    },
    {
        "MJD": "58997.385463",
        "filter": "g",
        "unforced_mag": "20.334",
        "unforced_mag_error": "0.202",
        "unforced_mag_status": "positive",
        "forced_ujy": "",
        "forced_ujy_error": ""
    },
    {
        "MJD": "58997.302420",
        "filter": "r",
        "unforced_mag": "20.671",
        "unforced_mag_error": "",
        "unforced_mag_status": "limit",
        "forced_ujy": "",
        "forced_ujy_error": ""
    },
    {
        "MJD": "58996.330058",
        "filter": "g",
        "unforced_mag": "20.284",
        "unforced_mag_error": "0.170",
        "unforced_mag_status": "positive",
        "forced_ujy": "",
        "forced_ujy_error": ""
    },
    {
        "MJD": "58996.307930",
        "filter": "r",
        "unforced_mag": "20.643",
        "unforced_mag_error": "",
        "unforced_mag_status": "limit",
        "forced_ujy": "",
        "forced_ujy_error": ""
    },
    {
        "MJD": "58995.322940",
        "filter": "g",
        "unforced_mag": "20.290",
        "unforced_mag_error": "0.184",
        "unforced_mag_status": "positive",
        "forced_ujy": "",
        "forced_ujy_error": ""
    },
    {
        "MJD": "58995.276040",
        "filter": "r",
        "unforced_mag": "20.583",
        "unforced_mag_error": "",
        "unforced_mag_status": "limit",
        "forced_ujy": "",
        "forced_ujy_error": ""
    },
    {
        "MJD": "58994.413137",
        "filter": "g",
        "unforced_mag": "20.243",
        "unforced_mag_error": "0.221",
        "unforced_mag_status": "positive",
        "forced_ujy": "",
        "forced_ujy_error": ""
    },
    {
        "MJD": "58994.314470",
        "filter": "r",
        "unforced_mag": "20.662",
        "unforced_mag_error": "",
        "unforced_mag_status": "limit",
        "forced_ujy": "",
        "forced_ujy_error": ""
    },
    {
        "MJD": "58992.332026",
        "filter": "g",
        "unforced_mag": "20.102",
        "unforced_mag_error": "0.207",
        "unforced_mag_status": "positive",
        "forced_ujy": "",
        "forced_ujy_error": ""
    },
    {
        "MJD": "58992.308264",
        "filter": "r",
        "unforced_mag": "20.542",
        "unforced_mag_error": "0.263",
        "unforced_mag_status": "positive",
        "forced_ujy": "",
        "forced_ujy_error": ""
    },
    {
        "MJD": "58991.320648",
        "filter": "g",
        "unforced_mag": "20.159",
        "unforced_mag_error": "0.186",
        "unforced_mag_status": "positive",
        "forced_ujy": "",
        "forced_ujy_error": ""
    },
    {
        "MJD": "58991.273990",
        "filter": "r",
        "unforced_mag": "20.562",
        "unforced_mag_error": "",
        "unforced_mag_status": "limit",
        "forced_ujy": "",
        "forced_ujy_error": ""
    },
    {
        "MJD": "58987.410197",
        "filter": "g",
        "unforced_mag": "20.146",
        "unforced_mag_error": "0.151",
        "unforced_mag_status": "positive",
        "forced_ujy": "",
        "forced_ujy_error": ""
    },
    {
        "MJD": "58987.340870",
        "filter": "r",
        "unforced_mag": "20.756",
        "unforced_mag_error": "",
        "unforced_mag_status": "limit",
        "forced_ujy": "",
        "forced_ujy_error": ""
    },
    {
        "MJD": "58986.307523",
        "filter": "r",
        "unforced_mag": "20.303",
        "unforced_mag_error": "0.207",
        "unforced_mag_status": "positive",
        "forced_ujy": "",
        "forced_ujy_error": ""
    },
    {
        "MJD": "58985.422974",
        "filter": "g",
        "unforced_mag": "20.381",
        "unforced_mag_error": "0.195",
        "unforced_mag_status": "positive",
        "forced_ujy": "",
        "forced_ujy_error": ""
    },
    {
        "MJD": "58984.408634",
        "filter": "r",
        "unforced_mag": "20.511",
        "unforced_mag_error": "0.227",
        "unforced_mag_status": "positive",
        "forced_ujy": "",
        "forced_ujy_error": ""
    },
    {
        "MJD": "58983.363056",
        "filter": "r",
        "unforced_mag": "20.377",
        "unforced_mag_error": "0.246",
        "unforced_mag_status": "positive",
        "forced_ujy": "",
        "forced_ujy_error": ""
    },
    {
        "MJD": "58979.352200",
        "filter": "r",
        "unforced_mag": "19.939",
        "unforced_mag_error": "",
        "unforced_mag_status": "limit",
        "forced_ujy": "",
        "forced_ujy_error": ""
    },
    {
        "MJD": "58979.263280",
        "filter": "g",
        "unforced_mag": "19.711",
        "unforced_mag_error": "",
        "unforced_mag_status": "limit",
        "forced_ujy": "",
        "forced_ujy_error": ""
    },
    {
        "MJD": "58978.393940",
        "filter": "g",
        "unforced_mag": "19.215",
        "unforced_mag_error": "",
        "unforced_mag_status": "limit",
        "forced_ujy": "",
        "forced_ujy_error": ""
    },
    {
        "MJD": "58976.478190",
        "filter": "g",
        "unforced_mag": "19.061",
        "unforced_mag_error": "",
        "unforced_mag_status": "limit",
        "forced_ujy": "",
        "forced_ujy_error": ""
    },
    {
        "MJD": "58973.465139",
        "filter": "g",
        "unforced_mag": "20.272",
        "unforced_mag_error": "0.256",
        "unforced_mag_status": "positive",
        "forced_ujy": "",
        "forced_ujy_error": ""
    },
    {
        "MJD": "58973.371640",
        "filter": "r",
        "unforced_mag": "20.037",
        "unforced_mag_error": "",
        "unforced_mag_status": "limit",
        "forced_ujy": "",
        "forced_ujy_error": ""
    },
    {
        "MJD": "58970.446470",
        "filter": "g",
        "unforced_mag": "20.251",
        "unforced_mag_error": "0.168",
        "unforced_mag_status": "positive",
        "forced_ujy": "",
        "forced_ujy_error": ""
    },
    {
        "MJD": "58970.410530",
        "filter": "r",
        "unforced_mag": "20.694",
        "unforced_mag_error": "",
        "unforced_mag_status": "limit",
        "forced_ujy": "",
        "forced_ujy_error": ""
    },
    {
        "MJD": "58968.394780",
        "filter": "r",
        "unforced_mag": "20.436",
        "unforced_mag_error": "0.221",
        "unforced_mag_status": "positive",
        "forced_ujy": "",
        "forced_ujy_error": ""
    },
    {
        "MJD": "58967.433912",
        "filter": "g",
        "unforced_mag": "20.219",
        "unforced_mag_error": "0.203",
        "unforced_mag_status": "positive",
        "forced_ujy": "",
        "forced_ujy_error": ""
    },
    {
        "MJD": "58967.383990",
        "filter": "r",
        "unforced_mag": "20.492",
        "unforced_mag_error": "",
        "unforced_mag_status": "limit",
        "forced_ujy": "",
        "forced_ujy_error": ""
    },
    {
        "MJD": "58964.425104",
        "filter": "r",
        "unforced_mag": "20.314",
        "unforced_mag_error": "0.236",
        "unforced_mag_status": "positive",
        "forced_ujy": "",
        "forced_ujy_error": ""
    },
    {
        "MJD": "58964.384352",
        "filter": "g",
        "unforced_mag": "20.279",
        "unforced_mag_error": "0.178",
        "unforced_mag_status": "positive",
        "forced_ujy": "",
        "forced_ujy_error": ""
    },
    {
        "MJD": "58956.485910",
        "filter": "r",
        "unforced_mag": "19.846",
        "unforced_mag_error": "",
        "unforced_mag_status": "limit",
        "forced_ujy": "",
        "forced_ujy_error": ""
    },
    {
        "MJD": "58956.392450",
        "filter": "g",
        "unforced_mag": "19.740",
        "unforced_mag_error": "",
        "unforced_mag_status": "limit",
        "forced_ujy": "",
        "forced_ujy_error": ""
    },
    {
        "MJD": "58953.452820",
        "filter": "r",
        "unforced_mag": "20.252",
        "unforced_mag_error": "",
        "unforced_mag_status": "limit",
        "forced_ujy": "",
        "forced_ujy_error": ""
    },
    {
        "MJD": "58943.487960",
        "filter": "r",
        "unforced_mag": "20.431",
        "unforced_mag_error": "",
        "unforced_mag_status": "limit",
        "forced_ujy": "",
        "forced_ujy_error": ""
    },
    {
        "MJD": "58943.445116",
        "filter": "g",
        "unforced_mag": "20.111",
        "unforced_mag_error": "0.247",
        "unforced_mag_status": "positive",
        "forced_ujy": "",
        "forced_ujy_error": ""
    },
    {
        "MJD": "58939.498380",
        "filter": "r",
        "unforced_mag": "16.865",
        "unforced_mag_error": "",
        "unforced_mag_status": "limit",
        "forced_ujy": "",
        "forced_ujy_error": ""
    },
    {
        "MJD": "58939.470640",
        "filter": "g",
        "unforced_mag": "18.414",
        "unforced_mag_error": "",
        "unforced_mag_status": "limit",
        "forced_ujy": "",
        "forced_ujy_error": ""
    },
    {
        "MJD": "58936.509780",
        "filter": "r",
        "unforced_mag": "20.352",
        "unforced_mag_error": "0.250",
        "unforced_mag_status": "positive",
        "forced_ujy": "",
        "forced_ujy_error": ""
    },
    {
        "MJD": "58936.492072",
        "filter": "g",
        "unforced_mag": "20.188",
        "unforced_mag_error": "0.171",
        "unforced_mag_status": "positive",
        "forced_ujy": "",
        "forced_ujy_error": ""
    },
    {
        "MJD": "58914.464514",
        "filter": "g",
        "unforced_mag": "20.189",
        "unforced_mag_error": "0.223",
        "unforced_mag_status": "positive",
        "forced_ujy": "",
        "forced_ujy_error": ""
    },
    {
        "MJD": "58911.535521",
        "filter": "g",
        "unforced_mag": "20.145",
        "unforced_mag_error": "0.214",
        "unforced_mag_status": "positive",
        "forced_ujy": "",
        "forced_ujy_error": ""
    },
    {
        "MJD": "58911.515428",
        "filter": "r",
        "unforced_mag": "20.258",
        "unforced_mag_error": "0.253",
        "unforced_mag_status": "positive",
        "forced_ujy": "",
        "forced_ujy_error": ""
    },
    {
        "MJD": "58908.540833",
        "filter": "g",
        "unforced_mag": "20.143",
        "unforced_mag_error": "0.193",
        "unforced_mag_status": "positive",
        "forced_ujy": "",
        "forced_ujy_error": ""
    },
    {
        "MJD": "58908.540833",
        "filter": "g",
        "unforced_mag": "20.143",
        "unforced_mag_error": "0.193",
        "unforced_mag_status": "positive",
        "forced_ujy": "",
        "forced_ujy_error": ""
    },
    {
        "MJD": "58908.512960",
        "filter": "r",
        "unforced_mag": "20.489",
        "unforced_mag_error": "",
        "unforced_mag_status": "limit",
        "forced_ujy": "",
        "forced_ujy_error": ""
    },
    {
        "MJD": "58904.554840",
        "filter": "g",
        "unforced_mag": "20.011",
        "unforced_mag_error": "",
        "unforced_mag_status": "limit",
        "forced_ujy": "",
        "forced_ujy_error": ""
    },
    {
        "MJD": "58904.525139",
        "filter": "r",
        "unforced_mag": "20.370",
        "unforced_mag_error": "0.286",
        "unforced_mag_status": "positive",
        "forced_ujy": "",
        "forced_ujy_error": ""
    },
    {
        "MJD": "58898.559757",
        "filter": "g",
        "unforced_mag": "20.395",
        "unforced_mag_error": "0.244",
        "unforced_mag_status": "positive",
        "forced_ujy": "",
        "forced_ujy_error": ""
    },
    {
        "MJD": "58898.524676",
        "filter": "r",
        "unforced_mag": "20.399",
        "unforced_mag_error": "0.238",
        "unforced_mag_status": "positive",
        "forced_ujy": "",
        "forced_ujy_error": ""
    },
    {
        "MJD": "58894.558391",
        "filter": "g",
        "unforced_mag": "20.012",
        "unforced_mag_error": "0.222",
        "unforced_mag_status": "positive",
        "forced_ujy": "",
        "forced_ujy_error": ""
    },
    {
        "MJD": "58894.528900",
        "filter": "r",
        "unforced_mag": "19.954",
        "unforced_mag_error": "",
        "unforced_mag_status": "limit",
        "forced_ujy": "",
        "forced_ujy_error": ""
    },
    {
        "MJD": "58891.474213",
        "filter": "g",
        "unforced_mag": "19.656",
        "unforced_mag_error": "0.304",
        "unforced_mag_status": "positive",
        "forced_ujy": "",
        "forced_ujy_error": ""
    },
    {
        "MJD": "58888.510710",
        "filter": "r",
        "unforced_mag": "19.093",
        "unforced_mag_error": "",
        "unforced_mag_status": "limit",
        "forced_ujy": "",
        "forced_ujy_error": ""
    },
    {
        "MJD": "58885.546460",
        "filter": "r",
        "unforced_mag": "20.273",
        "unforced_mag_error": "",
        "unforced_mag_status": "limit",
        "forced_ujy": "",
        "forced_ujy_error": ""
    },
    {
        "MJD": "58885.467250",
        "filter": "g",
        "unforced_mag": "18.918",
        "unforced_mag_error": "",
        "unforced_mag_status": "limit",
        "forced_ujy": "",
        "forced_ujy_error": ""
    },
    {
        "MJD": "58879.506470",
        "filter": "g",
        "unforced_mag": "20.080",
        "unforced_mag_error": "0.329",
        "unforced_mag_status": "positive",
        "forced_ujy": "",
        "forced_ujy_error": ""
    },
    {
        "MJD": "58876.535359",
        "filter": "g",
        "unforced_mag": "19.962",
        "unforced_mag_error": "0.184",
        "unforced_mag_status": "positive",
        "forced_ujy": "",
        "forced_ujy_error": ""
    },
    {
        "MJD": "58873.556505",
        "filter": "g",
        "unforced_mag": "19.910",
        "unforced_mag_error": "0.147",
        "unforced_mag_status": "positive",
        "forced_ujy": "",
        "forced_ujy_error": ""
    },
    {
        "MJD": "58873.534610",
        "filter": "r",
        "unforced_mag": "20.307",
        "unforced_mag_error": "",
        "unforced_mag_status": "limit",
        "forced_ujy": "",
        "forced_ujy_error": ""
    },
    {
        "MJD": "58854.570610",
        "filter": "r",
        "unforced_mag": "18.973",
        "unforced_mag_error": "",
        "unforced_mag_status": "limit",
        "forced_ujy": "",
        "forced_ujy_error": ""
    },
    {
        "MJD": "58851.551060",
        "filter": "g",
        "unforced_mag": "19.056",
        "unforced_mag_error": "",
        "unforced_mag_status": "limit",
        "forced_ujy": "",
        "forced_ujy_error": ""
    },
    {
        "MJD": "58785.115463",
        "filter": "g",
        "unforced_mag": "19.736",
        "unforced_mag_error": "0.213",
        "unforced_mag_status": "positive",
        "forced_ujy": "",
        "forced_ujy_error": ""
    },
    {
        "MJD": "58781.111713",
        "filter": "g",
        "unforced_mag": "20.022",
        "unforced_mag_error": "0.365",
        "unforced_mag_status": "positive",
        "forced_ujy": "",
        "forced_ujy_error": ""
    },
    {
        "MJD": "58778.121713",
        "filter": "g",
        "unforced_mag": "19.902",
        "unforced_mag_error": "0.166",
        "unforced_mag_status": "positive",
        "forced_ujy": "",
        "forced_ujy_error": ""
    },
    {
        "MJD": "58775.121330",
        "filter": "g",
        "unforced_mag": "19.958",
        "unforced_mag_error": "",
        "unforced_mag_status": "limit",
        "forced_ujy": "",
        "forced_ujy_error": ""
    },
    {
        "MJD": "58775.102150",
        "filter": "r",
        "unforced_mag": "20.167",
        "unforced_mag_error": "",
        "unforced_mag_status": "limit",
        "forced_ujy": "",
        "forced_ujy_error": ""
    },
    {
        "MJD": "58771.114317",
        "filter": "g",
        "unforced_mag": "19.664",
        "unforced_mag_error": "0.296",
        "unforced_mag_status": "positive",
        "forced_ujy": "",
        "forced_ujy_error": ""
    },
    {
        "MJD": "58771.101370",
        "filter": "r",
        "unforced_mag": "19.495",
        "unforced_mag_error": "",
        "unforced_mag_status": "limit",
        "forced_ujy": "",
        "forced_ujy_error": ""
    },
    {
        "MJD": "58768.125420",
        "filter": "r",
        "unforced_mag": "19.614",
        "unforced_mag_error": "",
        "unforced_mag_status": "limit",
        "forced_ujy": "",
        "forced_ujy_error": ""
    },
    {
        "MJD": "58764.199526",
        "filter": "g",
        "unforced_mag": "19.725",
        "unforced_mag_error": "0.245",
        "unforced_mag_status": "positive",
        "forced_ujy": "",
        "forced_ujy_error": ""
    },
    {
        "MJD": "58764.117890",
        "filter": "r",
        "unforced_mag": "19.964",
        "unforced_mag_error": "",
        "unforced_mag_status": "limit",
        "forced_ujy": "",
        "forced_ujy_error": ""
    },
    {
        "MJD": "58761.120460",
        "filter": "r",
        "unforced_mag": "20.192",
        "unforced_mag_error": "",
        "unforced_mag_status": "limit",
        "forced_ujy": "",
        "forced_ujy_error": ""
    },
    {
        "MJD": "58758.143634",
        "filter": "g",
        "unforced_mag": "19.912",
        "unforced_mag_error": "0.225",
        "unforced_mag_status": "positive",
        "forced_ujy": "",
        "forced_ujy_error": ""
    },
    {
        "MJD": "58750.140174",
        "filter": "g",
        "unforced_mag": "19.866",
        "unforced_mag_error": "0.218",
        "unforced_mag_status": "positive",
        "forced_ujy": "",
        "forced_ujy_error": ""
    },
    {
        "MJD": "58747.141863",
        "filter": "g",
        "unforced_mag": "19.912",
        "unforced_mag_error": "0.199",
        "unforced_mag_status": "positive",
        "forced_ujy": "",
        "forced_ujy_error": ""
    },
    {
        "MJD": "58743.141157",
        "filter": "g",
        "unforced_mag": "19.897",
        "unforced_mag_error": "0.264",
        "unforced_mag_status": "positive",
        "forced_ujy": "",
        "forced_ujy_error": ""
    },
    {
        "MJD": "58740.264430",
        "filter": "r",
        "unforced_mag": "19.190",
        "unforced_mag_error": "",
        "unforced_mag_status": "limit",
        "forced_ujy": "",
        "forced_ujy_error": ""
    },
    {
        "MJD": "58740.124977",
        "filter": "g",
        "unforced_mag": "19.696",
        "unforced_mag_error": "0.234",
        "unforced_mag_status": "positive",
        "forced_ujy": "",
        "forced_ujy_error": ""
    },
    {
        "MJD": "58737.185460",
        "filter": "r",
        "unforced_mag": "19.650",
        "unforced_mag_error": "",
        "unforced_mag_status": "limit",
        "forced_ujy": "",
        "forced_ujy_error": ""
    },
    {
        "MJD": "58737.130822",
        "filter": "g",
        "unforced_mag": "19.771",
        "unforced_mag_error": "0.237",
        "unforced_mag_status": "positive",
        "forced_ujy": "",
        "forced_ujy_error": ""
    },
    {
        "MJD": "58734.211030",
        "filter": "g",
        "unforced_mag": "19.833",
        "unforced_mag_error": "0.271",
        "unforced_mag_status": "positive",
        "forced_ujy": "",
        "forced_ujy_error": ""
    },
    {
        "MJD": "58734.143657",
        "filter": "r",
        "unforced_mag": "20.060",
        "unforced_mag_error": "0.218",
        "unforced_mag_status": "positive",
        "forced_ujy": "",
        "forced_ujy_error": ""
    },
    {
        "MJD": "58731.173740",
        "filter": "g",
        "unforced_mag": "16.210",
        "unforced_mag_error": "",
        "unforced_mag_status": "limit",
        "forced_ujy": "",
        "forced_ujy_error": ""
    },
    {
        "MJD": "58731.153500",
        "filter": "r",
        "unforced_mag": "16.992",
        "unforced_mag_error": "",
        "unforced_mag_status": "limit",
        "forced_ujy": "",
        "forced_ujy_error": ""
    },
    {
        "MJD": "58726.151285",
        "filter": "g",
        "unforced_mag": "19.755",
        "unforced_mag_error": "0.142",
        "unforced_mag_status": "positive",
        "forced_ujy": "",
        "forced_ujy_error": ""
    },
    {
        "MJD": "58723.331933",
        "filter": "r",
        "unforced_mag": "20.081",
        "unforced_mag_error": "0.235",
        "unforced_mag_status": "positive",
        "forced_ujy": "",
        "forced_ujy_error": ""
    },
    {
        "MJD": "58723.185417",
        "filter": "g",
        "unforced_mag": "19.872",
        "unforced_mag_error": "0.163",
        "unforced_mag_status": "positive",
        "forced_ujy": "",
        "forced_ujy_error": ""
    },
    {
        "MJD": "58718.177616",
        "filter": "g",
        "unforced_mag": "19.911",
        "unforced_mag_error": "0.155",
        "unforced_mag_status": "positive",
        "forced_ujy": "",
        "forced_ujy_error": ""
    },
    {
        "MJD": "58714.350428",
        "filter": "r",
        "unforced_mag": "19.559",
        "unforced_mag_error": "0.255",
        "unforced_mag_status": "positive",
        "forced_ujy": "",
        "forced_ujy_error": ""
    },
    {
        "MJD": "58711.284770",
        "filter": "r",
        "unforced_mag": "19.617",
        "unforced_mag_error": "",
        "unforced_mag_status": "limit",
        "forced_ujy": "",
        "forced_ujy_error": ""
    },
    {
        "MJD": "58708.177593",
        "filter": "g",
        "unforced_mag": "19.694",
        "unforced_mag_error": "0.185",
        "unforced_mag_status": "positive",
        "forced_ujy": "",
        "forced_ujy_error": ""
    },
    {
        "MJD": "58705.180081",
        "filter": "r",
        "unforced_mag": "19.802",
        "unforced_mag_error": "0.155",
        "unforced_mag_status": "positive",
        "forced_ujy": "",
        "forced_ujy_error": ""
    },
    {
        "MJD": "58700.177326",
        "filter": "r",
        "unforced_mag": "19.932",
        "unforced_mag_error": "0.163",
        "unforced_mag_status": "positive",
        "forced_ujy": "",
        "forced_ujy_error": ""
    },
    {
        "MJD": "58697.180208",
        "filter": "r",
        "unforced_mag": "19.986",
        "unforced_mag_error": "0.173",
        "unforced_mag_status": "positive",
        "forced_ujy": "",
        "forced_ujy_error": ""
    },
    {
        "MJD": "58694.226875",
        "filter": "g",
        "unforced_mag": "19.623",
        "unforced_mag_error": "0.137",
        "unforced_mag_status": "positive",
        "forced_ujy": "",
        "forced_ujy_error": ""
    },
    {
        "MJD": "58694.207801",
        "filter": "r",
        "unforced_mag": "19.961",
        "unforced_mag_error": "0.159",
        "unforced_mag_status": "positive",
        "forced_ujy": "",
        "forced_ujy_error": ""
    },
    {
        "MJD": "58691.198472",
        "filter": "r",
        "unforced_mag": "19.907",
        "unforced_mag_error": "0.122",
        "unforced_mag_status": "positive",
        "forced_ujy": "",
        "forced_ujy_error": ""
    },
    {
        "MJD": "58684.229375",
        "filter": "g",
        "unforced_mag": "19.578",
        "unforced_mag_error": "0.174",
        "unforced_mag_status": "positive",
        "forced_ujy": "",
        "forced_ujy_error": ""
    },
    {
        "MJD": "58684.177037",
        "filter": "r",
        "unforced_mag": "19.815",
        "unforced_mag_error": "0.148",
        "unforced_mag_status": "positive",
        "forced_ujy": "",
        "forced_ujy_error": ""
    },
    {
        "MJD": "58681.267245",
        "filter": "r",
        "unforced_mag": "19.819",
        "unforced_mag_error": "0.265",
        "unforced_mag_status": "positive",
        "forced_ujy": "",
        "forced_ujy_error": ""
    },
    {
        "MJD": "58681.194090",
        "filter": "g",
        "unforced_mag": "19.695",
        "unforced_mag_error": "",
        "unforced_mag_status": "limit",
        "forced_ujy": "",
        "forced_ujy_error": ""
    },
    {
        "MJD": "58678.286030",
        "filter": "g",
        "unforced_mag": "19.181",
        "unforced_mag_error": "",
        "unforced_mag_status": "limit",
        "forced_ujy": "",
        "forced_ujy_error": ""
    },
    {
        "MJD": "58678.216493",
        "filter": "r",
        "unforced_mag": "19.827",
        "unforced_mag_error": "0.231",
        "unforced_mag_status": "positive",
        "forced_ujy": "",
        "forced_ujy_error": ""
    },
    {
        "MJD": "58675.328623",
        "filter": "g",
        "unforced_mag": "19.546",
        "unforced_mag_error": "0.177",
        "unforced_mag_status": "positive",
        "forced_ujy": "",
        "forced_ujy_error": ""
    },
    {
        "MJD": "58675.254259",
        "filter": "r",
        "unforced_mag": "19.788",
        "unforced_mag_error": "0.167",
        "unforced_mag_status": "positive",
        "forced_ujy": "",
        "forced_ujy_error": ""
    },
    {
        "MJD": "58672.227176",
        "filter": "r",
        "unforced_mag": "19.703",
        "unforced_mag_error": "0.152",
        "unforced_mag_status": "positive",
        "forced_ujy": "",
        "forced_ujy_error": ""
    },
    {
        "MJD": "58669.326238",
        "filter": "r",
        "unforced_mag": "19.703",
        "unforced_mag_error": "0.124",
        "unforced_mag_status": "positive",
        "forced_ujy": "",
        "forced_ujy_error": ""
    },
    {
        "MJD": "58666.270567",
        "filter": "r",
        "unforced_mag": "19.700",
        "unforced_mag_error": "0.158",
        "unforced_mag_status": "positive",
        "forced_ujy": "",
        "forced_ujy_error": ""
    },
    {
        "MJD": "58666.216528",
        "filter": "g",
        "unforced_mag": "19.380",
        "unforced_mag_error": "0.130",
        "unforced_mag_status": "positive",
        "forced_ujy": "",
        "forced_ujy_error": ""
    },
    {
        "MJD": "58663.307107",
        "filter": "r",
        "unforced_mag": "19.740",
        "unforced_mag_error": "0.141",
        "unforced_mag_status": "positive",
        "forced_ujy": "",
        "forced_ujy_error": ""
    },
    {
        "MJD": "58660.342222",
        "filter": "g",
        "unforced_mag": "19.374",
        "unforced_mag_error": "0.108",
        "unforced_mag_status": "positive",
        "forced_ujy": "",
        "forced_ujy_error": ""
    },
    {
        "MJD": "58657.359120",
        "filter": "r",
        "unforced_mag": "19.892",
        "unforced_mag_error": "0.206",
        "unforced_mag_status": "positive",
        "forced_ujy": "",
        "forced_ujy_error": ""
    },
    {
        "MJD": "58657.239699",
        "filter": "g",
        "unforced_mag": "19.350",
        "unforced_mag_error": "0.112",
        "unforced_mag_status": "positive",
        "forced_ujy": "",
        "forced_ujy_error": ""
    },
    {
        "MJD": "58653.318287",
        "filter": "g",
        "unforced_mag": "19.371",
        "unforced_mag_error": "0.161",
        "unforced_mag_status": "positive",
        "forced_ujy": "",
        "forced_ujy_error": ""
    },
    {
        "MJD": "58653.223380",
        "filter": "r",
        "unforced_mag": "19.706",
        "unforced_mag_error": "0.234",
        "unforced_mag_status": "positive",
        "forced_ujy": "",
        "forced_ujy_error": ""
    },
    {
        "MJD": "58650.303840",
        "filter": "r",
        "unforced_mag": "19.741",
        "unforced_mag_error": "",
        "unforced_mag_status": "limit",
        "forced_ujy": "",
        "forced_ujy_error": ""
    },
    {
        "MJD": "58650.214306",
        "filter": "g",
        "unforced_mag": "19.342",
        "unforced_mag_error": "0.204",
        "unforced_mag_status": "positive",
        "forced_ujy": "",
        "forced_ujy_error": ""
    },
    {
        "MJD": "58647.339537",
        "filter": "g",
        "unforced_mag": "19.275",
        "unforced_mag_error": "0.128",
        "unforced_mag_status": "positive",
        "forced_ujy": "",
        "forced_ujy_error": ""
    },
    {
        "MJD": "58647.309491",
        "filter": "r",
        "unforced_mag": "19.720",
        "unforced_mag_error": "0.165",
        "unforced_mag_status": "positive",
        "forced_ujy": "",
        "forced_ujy_error": ""
    },
    {
        "MJD": "58644.341794",
        "filter": "g",
        "unforced_mag": "19.310",
        "unforced_mag_error": "0.108",
        "unforced_mag_status": "positive",
        "forced_ujy": "",
        "forced_ujy_error": ""
    },
    {
        "MJD": "58644.299294",
        "filter": "r",
        "unforced_mag": "19.548",
        "unforced_mag_error": "0.133",
        "unforced_mag_status": "positive",
        "forced_ujy": "",
        "forced_ujy_error": ""
    },
    {
        "MJD": "58641.329803",
        "filter": "r",
        "unforced_mag": "19.669",
        "unforced_mag_error": "0.139",
        "unforced_mag_status": "positive",
        "forced_ujy": "",
        "forced_ujy_error": ""
    },
    {
        "MJD": "58641.213530",
        "filter": "g",
        "unforced_mag": "19.240",
        "unforced_mag_error": "0.108",
        "unforced_mag_status": "positive",
        "forced_ujy": "",
        "forced_ujy_error": ""
    },
    {
        "MJD": "58638.347014",
        "filter": "g",
        "unforced_mag": "19.257",
        "unforced_mag_error": "0.116",
        "unforced_mag_status": "positive",
        "forced_ujy": "",
        "forced_ujy_error": ""
    },
    {
        "MJD": "58638.285961",
        "filter": "r",
        "unforced_mag": "19.750",
        "unforced_mag_error": "0.183",
        "unforced_mag_status": "positive",
        "forced_ujy": "",
        "forced_ujy_error": ""
    },
    {
        "MJD": "58635.434421",
        "filter": "g",
        "unforced_mag": "19.286",
        "unforced_mag_error": "0.091",
        "unforced_mag_status": "positive",
        "forced_ujy": "",
        "forced_ujy_error": ""
    },
    {
        "MJD": "58632.326840",
        "filter": "r",
        "unforced_mag": "19.494",
        "unforced_mag_error": "0.129",
        "unforced_mag_status": "positive",
        "forced_ujy": "",
        "forced_ujy_error": ""
    },
    {
        "MJD": "58628.361018",
        "filter": "r",
        "unforced_mag": "19.571",
        "unforced_mag_error": "0.138",
        "unforced_mag_status": "positive",
        "forced_ujy": "",
        "forced_ujy_error": ""
    },
    {
        "MJD": "58618.242220",
        "filter": "r",
        "unforced_mag": "19.985",
        "unforced_mag_error": "",
        "unforced_mag_status": "limit",
        "forced_ujy": "",
        "forced_ujy_error": ""
    },
    {
        "MJD": "58616.454722",
        "filter": "g",
        "unforced_mag": "19.192",
        "unforced_mag_error": "0.098",
        "unforced_mag_status": "positive",
        "forced_ujy": "",
        "forced_ujy_error": ""
    },
    {
        "MJD": "58616.395567",
        "filter": "r",
        "unforced_mag": "19.538",
        "unforced_mag_error": "0.150",
        "unforced_mag_status": "positive",
        "forced_ujy": "",
        "forced_ujy_error": ""
    },
    {
        "MJD": "58612.424387",
        "filter": "r",
        "unforced_mag": "19.536",
        "unforced_mag_error": "0.126",
        "unforced_mag_status": "positive",
        "forced_ujy": "",
        "forced_ujy_error": ""
    },
    {
        "MJD": "58608.494060",
        "filter": "r",
        "unforced_mag": "20.540",
        "unforced_mag_error": "",
        "unforced_mag_status": "limit",
        "forced_ujy": "",
        "forced_ujy_error": ""
    },
    {
        "MJD": "58608.361470",
        "filter": "r",
        "unforced_mag": "19.408",
        "unforced_mag_error": "0.175",
        "unforced_mag_status": "positive",
        "forced_ujy": "",
        "forced_ujy_error": ""
    },
    {
        "MJD": "58605.402743",
        "filter": "r",
        "unforced_mag": "19.542",
        "unforced_mag_error": "0.112",
        "unforced_mag_status": "positive",
        "forced_ujy": "",
        "forced_ujy_error": ""
    },
    {
        "MJD": "58596.415417",
        "filter": "r",
        "unforced_mag": "19.530",
        "unforced_mag_error": "0.162",
        "unforced_mag_status": "positive",
        "forced_ujy": "",
        "forced_ujy_error": ""
    },
    {
        "MJD": "58593.337300",
        "filter": "r",
        "unforced_mag": "19.559",
        "unforced_mag_error": "",
        "unforced_mag_status": "limit",
        "forced_ujy": "",
        "forced_ujy_error": ""
    },
    {
        "MJD": "58591.487037",
        "filter": "g",
        "unforced_mag": "19.271",
        "unforced_mag_error": "0.179",
        "unforced_mag_status": "positive",
        "forced_ujy": "",
        "forced_ujy_error": ""
    },
    {
        "MJD": "58591.435625",
        "filter": "r",
        "unforced_mag": "19.409",
        "unforced_mag_error": "0.170",
        "unforced_mag_status": "positive",
        "forced_ujy": "",
        "forced_ujy_error": ""
    },
    {
        "MJD": "58586.491389",
        "filter": "r",
        "unforced_mag": "19.392",
        "unforced_mag_error": "0.100",
        "unforced_mag_status": "positive",
        "forced_ujy": "",
        "forced_ujy_error": ""
    },
    {
        "MJD": "58586.456597",
        "filter": "g",
        "unforced_mag": "19.111",
        "unforced_mag_error": "0.098",
        "unforced_mag_status": "positive",
        "forced_ujy": "",
        "forced_ujy_error": ""
    },
    {
        "MJD": "58583.437257",
        "filter": "g",
        "unforced_mag": "19.092",
        "unforced_mag_error": "0.143",
        "unforced_mag_status": "positive",
        "forced_ujy": "",
        "forced_ujy_error": ""
    },
    {
        "MJD": "58580.465162",
        "filter": "r",
        "unforced_mag": "19.316",
        "unforced_mag_error": "0.149",
        "unforced_mag_status": "positive",
        "forced_ujy": "",
        "forced_ujy_error": ""
    },
    {
        "MJD": "58580.443113",
        "filter": "g",
        "unforced_mag": "19.162",
        "unforced_mag_error": "0.108",
        "unforced_mag_status": "positive",
        "forced_ujy": "",
        "forced_ujy_error": ""
    },
    {
        "MJD": "58575.497789",
        "filter": "g",
        "unforced_mag": "19.032",
        "unforced_mag_error": "0.103",
        "unforced_mag_status": "positive",
        "forced_ujy": "",
        "forced_ujy_error": ""
    },
    {
        "MJD": "58575.454560",
        "filter": "r",
        "unforced_mag": "19.499",
        "unforced_mag_error": "0.120",
        "unforced_mag_status": "positive",
        "forced_ujy": "",
        "forced_ujy_error": ""
    },
    {
        "MJD": "58572.486424",
        "filter": "g",
        "unforced_mag": "19.141",
        "unforced_mag_error": "0.082",
        "unforced_mag_status": "positive",
        "forced_ujy": "",
        "forced_ujy_error": ""
    },
    {
        "MJD": "58572.473692",
        "filter": "r",
        "unforced_mag": "19.383",
        "unforced_mag_error": "0.134",
        "unforced_mag_status": "positive",
        "forced_ujy": "",
        "forced_ujy_error": ""
    },
    {
        "MJD": "58567.506227",
        "filter": "g",
        "unforced_mag": "18.936",
        "unforced_mag_error": "0.128",
        "unforced_mag_status": "positive",
        "forced_ujy": "",
        "forced_ujy_error": ""
    },
    {
        "MJD": "58547.527338",
        "filter": "r",
        "unforced_mag": "19.293",
        "unforced_mag_error": "0.102",
        "unforced_mag_status": "positive",
        "forced_ujy": "",
        "forced_ujy_error": ""
    },
    {
        "MJD": "58541.461215",
        "filter": "g",
        "unforced_mag": "18.958",
        "unforced_mag_error": "0.134",
        "unforced_mag_status": "positive",
        "forced_ujy": "",
        "forced_ujy_error": ""
    },
    {
        "MJD": "58538.527755",
        "filter": "g",
        "unforced_mag": "18.867",
        "unforced_mag_error": "0.180",
        "unforced_mag_status": "positive",
        "forced_ujy": "",
        "forced_ujy_error": ""
    },
    {
        "MJD": "58538.506010",
        "filter": "r",
        "unforced_mag": "18.983",
        "unforced_mag_error": "",
        "unforced_mag_status": "limit",
        "forced_ujy": "",
        "forced_ujy_error": ""
    },
    {
        "MJD": "58526.528183",
        "filter": "r",
        "unforced_mag": "19.118",
        "unforced_mag_error": "0.107",
        "unforced_mag_status": "positive",
        "forced_ujy": "",
        "forced_ujy_error": ""
    },
    {
        "MJD": "58511.547396",
        "filter": "r",
        "unforced_mag": "18.980",
        "unforced_mag_error": "0.111",
        "unforced_mag_status": "positive",
        "forced_ujy": "",
        "forced_ujy_error": ""
    },
    {
        "MJD": "58511.547396",
        "filter": "r",
        "unforced_mag": "18.980",
        "unforced_mag_error": "0.111",
        "unforced_mag_status": "positive",
        "forced_ujy": "",
        "forced_ujy_error": ""
    },
    {
        "MJD": "58511.506250",
        "filter": "g",
        "unforced_mag": "18.603",
        "unforced_mag_error": "0.093",
        "unforced_mag_status": "positive",
        "forced_ujy": "",
        "forced_ujy_error": ""
    },
    {
        "MJD": "58506.528900",
        "filter": "g",
        "unforced_mag": "18.788",
        "unforced_mag_error": "0.255",
        "unforced_mag_status": "positive",
        "forced_ujy": "",
        "forced_ujy_error": ""
    },
    {
        "MJD": "58503.510590",
        "filter": "r",
        "unforced_mag": "17.038",
        "unforced_mag_error": "",
        "unforced_mag_status": "limit",
        "forced_ujy": "",
        "forced_ujy_error": ""
    },
    {
        "MJD": "58492.549826",
        "filter": "g",
        "unforced_mag": "18.423",
        "unforced_mag_error": "0.101",
        "unforced_mag_status": "positive",
        "forced_ujy": "",
        "forced_ujy_error": ""
    },
    {
        "MJD": "58481.547211",
        "filter": "r",
        "unforced_mag": "18.702",
        "unforced_mag_error": "0.160",
        "unforced_mag_status": "positive",
        "forced_ujy": "",
        "forced_ujy_error": ""
    },
    {
        "MJD": "58431.138368",
        "filter": "r",
        "unforced_mag": "18.639",
        "unforced_mag_error": "0.176",
        "unforced_mag_status": "positive",
        "forced_ujy": "",
        "forced_ujy_error": ""
    },
    {
        "MJD": "58431.093553",
        "filter": "g",
        "unforced_mag": "18.340",
        "unforced_mag_error": "0.106",
        "unforced_mag_status": "positive",
        "forced_ujy": "",
        "forced_ujy_error": ""
    },
    {
        "MJD": "58424.093657",
        "filter": "r",
        "unforced_mag": "18.985",
        "unforced_mag_error": "0.134",
        "unforced_mag_status": "positive",
        "forced_ujy": "",
        "forced_ujy_error": ""
    }
]