[
    {
        "MJD": "58641.187917",
        "filter": "g",
        "unforced_mag": "20.508",
        "unforced_mag_error": "0.217",
        "unforced_mag_status": "positive",
        "forced_ujy": "",
        "forced_ujy_error": ""
    },
    {
        "MJD": "58638.198854",
        "filter": "g",
        "unforced_mag": "20.386",
        "unforced_mag_error": "0.240",
        "unforced_mag_status": "positive",
        "forced_ujy": "",
        "forced_ujy_error": ""
    },
    {
        "MJD": "58635.204491",
        "filter": "g",
        "unforced_mag": "20.411",
        "unforced_mag_error": "0.210",
        "unforced_mag_status": "positive",
        "forced_ujy": "",
        "forced_ujy_error": ""
    },
    {
        "MJD": "58628.227350",
        "filter": "g",
        "unforced_mag": "20.324",
        "unforced_mag_error": "0.250",
        "unforced_mag_status": "positive",
        "forced_ujy": "",
        "forced_ujy_error": ""
    },
    {
        "MJD": "58612.264734",
        "filter": "g",
        "unforced_mag": "20.308",
        "unforced_mag_error": "0.150",
        "unforced_mag_status": "positive",
        "forced_ujy": "",
        "forced_ujy_error": ""
    },
    {
        "MJD": "58612.223810",
        "filter": "r",
        "unforced_mag": "20.925",
        "unforced_mag_error": "",
        "unforced_mag_status": "limit",
        "forced_ujy": "",
        "forced_ujy_error": ""
    },
    {
        "MJD": "58606.405000",
        "filter": "g",
        "unforced_mag": "20.230",
        "unforced_mag_error": "0.279",
        "unforced_mag_status": "positive",
        "forced_ujy": "",
        "forced_ujy_error": ""
    },
    {
        "MJD": "58602.222070",
        "filter": "g",
        "unforced_mag": "17.836",
        "unforced_mag_error": "",
        "unforced_mag_status": "limit",
        "forced_ujy": "",
        "forced_ujy_error": ""
    },
    {
        "MJD": "58599.196250",
        "filter": "g",
        "unforced_mag": "19.989",
        "unforced_mag_error": "0.207",
        "unforced_mag_status": "positive",
        "forced_ujy": "",
        "forced_ujy_error": ""
    },
    {
        "MJD": "58596.269433",
        "filter": "r",
        "unforced_mag": "20.505",
        "unforced_mag_error": "0.253",
        "unforced_mag_status": "positive",
        "forced_ujy": "",
        "forced_ujy_error": ""
    },
    {
        "MJD": "58596.197627",
        "filter": "g",
        "unforced_mag": "20.020",
        "unforced_mag_error": "0.205",
        "unforced_mag_status": "positive",
        "forced_ujy": "",
        "forced_ujy_error": ""
    },
    {
        "MJD": "58592.258760",
        "filter": "r",
        "unforced_mag": "19.617",
        "unforced_mag_error": "",
        "unforced_mag_status": "limit",
        "forced_ujy": "",
        "forced_ujy_error": ""
    },
    {
        "MJD": "58592.186610",
        "filter": "g",
        "unforced_mag": "19.090",
        "unforced_mag_error": "",
        "unforced_mag_status": "limit",
        "forced_ujy": "",
        "forced_ujy_error": ""
    },
    {
        "MJD": "58589.263620",
        "filter": "r",
        "unforced_mag": "19.498",
        "unforced_mag_error": "",
        "unforced_mag_status": "limit",
        "forced_ujy": "",
        "forced_ujy_error": ""
    },
    {
        "MJD": "58586.276678",
        "filter": "g",
        "unforced_mag": "19.881",
        "unforced_mag_error": "0.190",
        "unforced_mag_status": "positive",
        "forced_ujy": "",
        "forced_ujy_error": ""
    },
    {
        "MJD": "58586.237222",
        "filter": "r",
        "unforced_mag": "20.111",
        "unforced_mag_error": "0.172",
        "unforced_mag_status": "positive",
        "forced_ujy": "",
        "forced_ujy_error": ""
    },
    {
        "MJD": "58583.283194",
        "filter": "r",
        "unforced_mag": "20.168",
        "unforced_mag_error": "0.225",
        "unforced_mag_status": "positive",
        "forced_ujy": "",
        "forced_ujy_error": ""
    },
    {
        "MJD": "58580.310012",
        "filter": "g",
        "unforced_mag": "19.859",
        "unforced_mag_error": "0.196",
        "unforced_mag_status": "positive",
        "forced_ujy": "",
        "forced_ujy_error": ""
    },
    {
        "MJD": "58580.284803",
        "filter": "r",
        "unforced_mag": "20.108",
        "unforced_mag_error": "0.137",
        "unforced_mag_status": "positive",
        "forced_ujy": "",
        "forced_ujy_error": ""
    },
    {
        "MJD": "58575.390498",
        "filter": "r",
        "unforced_mag": "20.011",
        "unforced_mag_error": "0.195",
        "unforced_mag_status": "positive",
        "forced_ujy": "",
        "forced_ujy_error": ""
    },
    {
        "MJD": "58575.327234",
        "filter": "g",
        "unforced_mag": "19.800",
        "unforced_mag_error": "0.130",
        "unforced_mag_status": "positive",
        "forced_ujy": "",
        "forced_ujy_error": ""
    },
    {
        "MJD": "58572.329919",
        "filter": "g",
        "unforced_mag": "19.763",
        "unforced_mag_error": "0.239",
        "unforced_mag_status": "positive",
        "forced_ujy": "",
        "forced_ujy_error": ""
    },
    {
        "MJD": "58572.308410",
        "filter": "r",
        "unforced_mag": "19.909",
        "unforced_mag_error": "",
        "unforced_mag_status": "limit",
        "forced_ujy": "",
        "forced_ujy_error": ""
    },
    {
        "MJD": "58567.331204",
        "filter": "r",
        "unforced_mag": "19.864",
        "unforced_mag_error": "0.184",
        "unforced_mag_status": "positive",
        "forced_ujy": "",
        "forced_ujy_error": ""
    },
    {
        "MJD": "58562.364430",
        "filter": "r",
        "unforced_mag": "17.160",
        "unforced_mag_error": "",
        "unforced_mag_status": "limit",
        "forced_ujy": "",
        "forced_ujy_error": ""
    },
    {
        "MJD": "58562.309760",
        "filter": "g",
        "unforced_mag": "17.958",
        "unforced_mag_error": "",
        "unforced_mag_status": "limit",
        "forced_ujy": "",
        "forced_ujy_error": ""
    },
    {
        "MJD": "58559.268070",
        "filter": "r",
        "unforced_mag": "20.103",
        "unforced_mag_error": "",
        "unforced_mag_status": "limit",
        "forced_ujy": "",
        "forced_ujy_error": ""
    },
    {
        "MJD": "58556.365035",
        "filter": "g",
        "unforced_mag": "19.532",
        "unforced_mag_error": "0.156",
        "unforced_mag_status": "positive",
        "forced_ujy": "",
        "forced_ujy_error": ""
    },
    {
        "MJD": "58547.350914",
        "filter": "g",
        "unforced_mag": "19.518",
        "unforced_mag_error": "0.129",
        "unforced_mag_status": "positive",
        "forced_ujy": "",
        "forced_ujy_error": ""
    },
    {
        "MJD": "58543.385240",
        "filter": "g",
        "unforced_mag": "17.987",
        "unforced_mag_error": "",
        "unforced_mag_status": "limit",
        "forced_ujy": "",
        "forced_ujy_error": ""
    },
    {
        "MJD": "58543.341863",
        "filter": "r",
        "unforced_mag": "19.737",
        "unforced_mag_error": "0.150",
        "unforced_mag_status": "positive",
        "forced_ujy": "",
        "forced_ujy_error": ""
    },
    {
        "MJD": "58538.418067",
        "filter": "g",
        "unforced_mag": "19.037",
        "unforced_mag_error": "0.332",
        "unforced_mag_status": "positive",
        "forced_ujy": "",
        "forced_ujy_error": ""
    },
    {
        "MJD": "58538.361340",
        "filter": "r",
        "unforced_mag": "18.757",
        "unforced_mag_error": "",
        "unforced_mag_status": "limit",
        "forced_ujy": "",
        "forced_ujy_error": ""
    },
    {
        "MJD": "58534.424430",
        "filter": "r",
        "unforced_mag": "18.967",
        "unforced_mag_error": "",
        "unforced_mag_status": "limit",
        "forced_ujy": "",
        "forced_ujy_error": ""
    },
    {
        "MJD": "58526.519664",
        "filter": "r",
        "unforced_mag": "19.975",
        "unforced_mag_error": "0.181",
        "unforced_mag_status": "positive",
        "forced_ujy": "",
        "forced_ujy_error": ""
    },
    {
        "MJD": "58526.519660",
        "filter": "r",
        "unforced_mag": "20.091",
        "unforced_mag_error": "",
        "unforced_mag_status": "limit",
        "forced_ujy": "",
        "forced_ujy_error": ""
    },
    {
        "MJD": "58526.451111",
        "filter": "g",
        "unforced_mag": "19.857",
        "unforced_mag_error": "0.173",
        "unforced_mag_status": "positive",
        "forced_ujy": "",
        "forced_ujy_error": ""
    },
    {
        "MJD": "58526.451110",
        "filter": "g",
        "unforced_mag": "20.267",
        "unforced_mag_error": "",
        "unforced_mag_status": "limit",
        "forced_ujy": "",
        "forced_ujy_error": ""
    },
    {
        "MJD": "58522.538646",
        "filter": "r",
        "unforced_mag": "20.600",
        "unforced_mag_error": "0.250",
        "unforced_mag_status": "positive",
        "forced_ujy": "",
        "forced_ujy_error": ""
    },
    {
        "MJD": "58514.432310",
        "filter": "r",
        "unforced_mag": "19.491",
        "unforced_mag_error": "",
        "unforced_mag_status": "limit",
        "forced_ujy": "",
        "forced_ujy_error": ""
    },
    {
        "MJD": "58511.529930",
        "filter": "r",
        "unforced_mag": "19.775",
        "unforced_mag_error": "",
        "unforced_mag_status": "limit",
        "forced_ujy": "",
        "forced_ujy_error": ""
    },
    {
        "MJD": "58511.450030",
        "filter": "g",
        "unforced_mag": "20.637",
        "unforced_mag_error": "",
        "unforced_mag_status": "limit",
        "forced_ujy": "",
        "forced_ujy_error": ""
    },
    {
        "MJD": "58508.487800",
        "filter": "r",
        "unforced_mag": "19.885",
        "unforced_mag_error": "",
        "unforced_mag_status": "limit",
        "forced_ujy": "",
        "forced_ujy_error": ""
    },
    {
        "MJD": "58505.446110",
        "filter": "g",
        "unforced_mag": "18.901",
        "unforced_mag_error": "",
        "unforced_mag_status": "limit",
        "forced_ujy": "",
        "forced_ujy_error": ""
    },
    {
        "MJD": "58502.554060",
        "filter": "r",
        "unforced_mag": "20.437",
        "unforced_mag_error": "",
        "unforced_mag_status": "limit",
        "forced_ujy": "",
        "forced_ujy_error": ""
    },
    {
        "MJD": "58502.476020",
        "filter": "g",
        "unforced_mag": "19.544",
        "unforced_mag_error": "",
        "unforced_mag_status": "limit",
        "forced_ujy": "",
        "forced_ujy_error": ""
    }
]