[
    {
        "MJD": "59369.215000",
        "filter": "g",
        "unforced_mag": "20.285",
        "unforced_mag_error": "0.193",
        "unforced_mag_status": "positive",
        "forced_ujy": "",
        "forced_ujy_error": ""
    },
    {
        "MJD": "59369.185718",
        "filter": "r",
        "unforced_mag": "20.818",
        "unforced_mag_error": "0.233",
        "unforced_mag_status": "positive",
        "forced_ujy": "",
        "forced_ujy_error": ""
    },
    {
        "MJD": "59367.243264",
        "filter": "g",
        "unforced_mag": "20.466",
        "unforced_mag_error": "",
        "unforced_mag_status": "limit",
        "forced_ujy": "",
        "forced_ujy_error": ""
    },
    {
        "MJD": "59367.196400",
        "filter": "r",
        "unforced_mag": "20.452",
        "unforced_mag_error": "",
        "unforced_mag_status": "limit",
        "forced_ujy": "",
        "forced_ujy_error": ""
    },
    {
        "MJD": "59365.194699",
        "filter": "g",
        "unforced_mag": "20.270",
        "unforced_mag_error": "0.199",
        "unforced_mag_status": "positive",
        "forced_ujy": "",
        "forced_ujy_error": ""
    },
    {
        "MJD": "59362.240625",
        "filter": "r",
        "unforced_mag": "20.038",
        "unforced_mag_error": "",
        "unforced_mag_status": "limit",
        "forced_ujy": "",
        "forced_ujy_error": ""
    },
    {
        "MJD": "59359.197349",
        "filter": "r",
        "unforced_mag": "19.503",
        "unforced_mag_error": "",
        "unforced_mag_status": "limit",
        "forced_ujy": "",
        "forced_ujy_error": ""
    },
    {
        "MJD": "59359.185197",
        "filter": "g",
        "unforced_mag": "19.118",
        "unforced_mag_error": "",
        "unforced_mag_status": "limit",
        "forced_ujy": "",
        "forced_ujy_error": ""
    },
    {
        "MJD": "59356.257789",
        "filter": "r",
        "unforced_mag": "19.664",
        "unforced_mag_error": "",
        "unforced_mag_status": "limit",
        "forced_ujy": "",
        "forced_ujy_error": ""
    },
    {
        "MJD": "59356.200856",
        "filter": "g",
        "unforced_mag": "19.323",
        "unforced_mag_error": "",
        "unforced_mag_status": "limit",
        "forced_ujy": "",
        "forced_ujy_error": ""
    },
    {
        "MJD": "59350.245023",
        "filter": "r",
        "unforced_mag": "20.098",
        "unforced_mag_error": "",
        "unforced_mag_status": "limit",
        "forced_ujy": "",
        "forced_ujy_error": ""
    },
    {
        "MJD": "59350.194051",
        "filter": "g",
        "unforced_mag": "20.212",
        "unforced_mag_error": "0.228",
        "unforced_mag_status": "positive",
        "forced_ujy": "",
        "forced_ujy_error": ""
    },
    {
        "MJD": "59348.245903",
        "filter": "g",
        "unforced_mag": "20.178",
        "unforced_mag_error": "0.160",
        "unforced_mag_status": "positive",
        "forced_ujy": "",
        "forced_ujy_error": ""
    },
    {
        "MJD": "59348.195752",
        "filter": "r",
        "unforced_mag": "20.377",
        "unforced_mag_error": "0.237",
        "unforced_mag_status": "positive",
        "forced_ujy": "",
        "forced_ujy_error": ""
    },
    {
        "MJD": "59348.195752",
        "filter": "r",
        "unforced_mag": "20.377",
        "unforced_mag_error": "0.237",
        "unforced_mag_status": "positive",
        "forced_ujy": "",
        "forced_ujy_error": ""
    },
    {
        "MJD": "59346.331053",
        "filter": "g",
        "unforced_mag": "20.490",
        "unforced_mag_error": "0.314",
        "unforced_mag_status": "positive",
        "forced_ujy": "",
        "forced_ujy_error": ""
    },
    {
        "MJD": "59346.291562",
        "filter": "r",
        "unforced_mag": "20.305",
        "unforced_mag_error": "0.204",
        "unforced_mag_status": "positive",
        "forced_ujy": "",
        "forced_ujy_error": ""
    },
    {
        "MJD": "59344.289410",
        "filter": "g",
        "unforced_mag": "20.149",
        "unforced_mag_error": "0.166",
        "unforced_mag_status": "positive",
        "forced_ujy": "",
        "forced_ujy_error": ""
    },
    {
        "MJD": "59344.223681",
        "filter": "r",
        "unforced_mag": "20.571",
        "unforced_mag_error": "0.177",
        "unforced_mag_status": "positive",
        "forced_ujy": "",
        "forced_ujy_error": ""
    },
    {
        "MJD": "59342.257465",
        "filter": "r",
        "unforced_mag": "20.333",
        "unforced_mag_error": "0.164",
        "unforced_mag_status": "positive",
        "forced_ujy": "",
        "forced_ujy_error": ""
    },
    {
        "MJD": "59342.236921",
        "filter": "g",
        "unforced_mag": "20.150",
        "unforced_mag_error": "0.198",
        "unforced_mag_status": "positive",
        "forced_ujy": "",
        "forced_ujy_error": ""
    },
    {
        "MJD": "59340.257616",
        "filter": "r",
        "unforced_mag": "20.669",
        "unforced_mag_error": "",
        "unforced_mag_status": "limit",
        "forced_ujy": "",
        "forced_ujy_error": ""
    },
    {
        "MJD": "59340.214954",
        "filter": "g",
        "unforced_mag": "20.144",
        "unforced_mag_error": "0.206",
        "unforced_mag_status": "positive",
        "forced_ujy": "",
        "forced_ujy_error": ""
    },
    {
        "MJD": "59338.299051",
        "filter": "g",
        "unforced_mag": "20.355",
        "unforced_mag_error": "0.179",
        "unforced_mag_status": "positive",
        "forced_ujy": "",
        "forced_ujy_error": ""
    },
    {
        "MJD": "59338.239039",
        "filter": "r",
        "unforced_mag": "20.333",
        "unforced_mag_error": "0.156",
        "unforced_mag_status": "positive",
        "forced_ujy": "",
        "forced_ujy_error": ""
    },
    {
        "MJD": "59335.255776",
        "filter": "g",
        "unforced_mag": "20.173",
        "unforced_mag_error": "0.178",
        "unforced_mag_status": "positive",
        "forced_ujy": "",
        "forced_ujy_error": ""
    },
    {
        "MJD": "59335.207708",
        "filter": "r",
        "unforced_mag": "20.277",
        "unforced_mag_error": "0.222",
        "unforced_mag_status": "positive",
        "forced_ujy": "",
        "forced_ujy_error": ""
    },
    {
        "MJD": "59329.317095",
        "filter": "g",
        "unforced_mag": "19.082",
        "unforced_mag_error": "",
        "unforced_mag_status": "limit",
        "forced_ujy": "",
        "forced_ujy_error": ""
    },
    {
        "MJD": "59329.236250",
        "filter": "r",
        "unforced_mag": "19.597",
        "unforced_mag_error": "",
        "unforced_mag_status": "limit",
        "forced_ujy": "",
        "forced_ujy_error": ""
    },
    {
        "MJD": "59325.322361",
        "filter": "g",
        "unforced_mag": "20.213",
        "unforced_mag_error": "0.324",
        "unforced_mag_status": "positive",
        "forced_ujy": "",
        "forced_ujy_error": ""
    },
    {
        "MJD": "59325.258333",
        "filter": "r",
        "unforced_mag": "20.180",
        "unforced_mag_error": "",
        "unforced_mag_status": "limit",
        "forced_ujy": "",
        "forced_ujy_error": ""
    },
    {
        "MJD": "59323.320347",
        "filter": "r",
        "unforced_mag": "20.178",
        "unforced_mag_error": "0.281",
        "unforced_mag_status": "positive",
        "forced_ujy": "",
        "forced_ujy_error": ""
    },
    {
        "MJD": "59323.259306",
        "filter": "g",
        "unforced_mag": "20.248",
        "unforced_mag_error": "",
        "unforced_mag_status": "limit",
        "forced_ujy": "",
        "forced_ujy_error": ""
    },
    {
        "MJD": "59321.289433",
        "filter": "r",
        "unforced_mag": "20.231",
        "unforced_mag_error": "0.196",
        "unforced_mag_status": "positive",
        "forced_ujy": "",
        "forced_ujy_error": ""
    },
    {
        "MJD": "59321.255255",
        "filter": "g",
        "unforced_mag": "20.019",
        "unforced_mag_error": "0.159",
        "unforced_mag_status": "positive",
        "forced_ujy": "",
        "forced_ujy_error": ""
    },
    {
        "MJD": "59317.195949",
        "filter": "r",
        "unforced_mag": "20.235",
        "unforced_mag_error": "0.136",
        "unforced_mag_status": "positive",
        "forced_ujy": "",
        "forced_ujy_error": ""
    },
    {
        "MJD": "59317.195949",
        "filter": "r",
        "unforced_mag": "20.235",
        "unforced_mag_error": "0.136",
        "unforced_mag_status": "positive",
        "forced_ujy": "",
        "forced_ujy_error": ""
    },
    {
        "MJD": "59317.175949",
        "filter": "g",
        "unforced_mag": "19.981",
        "unforced_mag_error": "0.113",
        "unforced_mag_status": "positive",
        "forced_ujy": "",
        "forced_ujy_error": ""
    },
    {
        "MJD": "59317.175949",
        "filter": "g",
        "unforced_mag": "19.981",
        "unforced_mag_error": "0.113",
        "unforced_mag_status": "positive",
        "forced_ujy": "",
        "forced_ujy_error": ""
    },
    {
        "MJD": "59315.249109",
        "filter": "r",
        "unforced_mag": "19.455",
        "unforced_mag_error": "",
        "unforced_mag_status": "limit",
        "forced_ujy": "",
        "forced_ujy_error": ""
    },
    {
        "MJD": "59315.228322",
        "filter": "g",
        "unforced_mag": "19.902",
        "unforced_mag_error": "0.121",
        "unforced_mag_status": "positive",
        "forced_ujy": "",
        "forced_ujy_error": ""
    },
    {
        "MJD": "59313.248877",
        "filter": "g",
        "unforced_mag": "19.853",
        "unforced_mag_error": "0.132",
        "unforced_mag_status": "positive",
        "forced_ujy": "",
        "forced_ujy_error": ""
    },
    {
        "MJD": "59313.215046",
        "filter": "r",
        "unforced_mag": "20.135",
        "unforced_mag_error": "0.226",
        "unforced_mag_status": "positive",
        "forced_ujy": "",
        "forced_ujy_error": ""
    },
    {
        "MJD": "59311.214213",
        "filter": "g",
        "unforced_mag": "19.948",
        "unforced_mag_error": "0.122",
        "unforced_mag_status": "positive",
        "forced_ujy": "",
        "forced_ujy_error": ""
    },
    {
        "MJD": "59311.173287",
        "filter": "r",
        "unforced_mag": "20.285",
        "unforced_mag_error": "0.270",
        "unforced_mag_status": "positive",
        "forced_ujy": "",
        "forced_ujy_error": ""
    },
    {
        "MJD": "59309.254225",
        "filter": "r",
        "unforced_mag": "20.254",
        "unforced_mag_error": "0.175",
        "unforced_mag_status": "positive",
        "forced_ujy": "",
        "forced_ujy_error": ""
    },
    {
        "MJD": "59309.194653",
        "filter": "g",
        "unforced_mag": "19.819",
        "unforced_mag_error": "0.109",
        "unforced_mag_status": "positive",
        "forced_ujy": "",
        "forced_ujy_error": ""
    },
    {
        "MJD": "59307.309282",
        "filter": "g",
        "unforced_mag": "19.773",
        "unforced_mag_error": "0.143",
        "unforced_mag_status": "positive",
        "forced_ujy": "",
        "forced_ujy_error": ""
    },
    {
        "MJD": "59307.245440",
        "filter": "r",
        "unforced_mag": "20.018",
        "unforced_mag_error": "0.160",
        "unforced_mag_status": "positive",
        "forced_ujy": "",
        "forced_ujy_error": ""
    },
    {
        "MJD": "59304.277083",
        "filter": "r",
        "unforced_mag": "19.614",
        "unforced_mag_error": "",
        "unforced_mag_status": "limit",
        "forced_ujy": "",
        "forced_ujy_error": ""
    },
    {
        "MJD": "59304.235903",
        "filter": "g",
        "unforced_mag": "19.756",
        "unforced_mag_error": "0.175",
        "unforced_mag_status": "positive",
        "forced_ujy": "",
        "forced_ujy_error": ""
    },
    {
        "MJD": "59302.328241",
        "filter": "g",
        "unforced_mag": "19.719",
        "unforced_mag_error": "0.254",
        "unforced_mag_status": "positive",
        "forced_ujy": "",
        "forced_ujy_error": ""
    },
    {
        "MJD": "59302.263218",
        "filter": "r",
        "unforced_mag": "19.460",
        "unforced_mag_error": "",
        "unforced_mag_status": "limit",
        "forced_ujy": "",
        "forced_ujy_error": ""
    },
    {
        "MJD": "59298.317523",
        "filter": "g",
        "unforced_mag": "18.658",
        "unforced_mag_error": "",
        "unforced_mag_status": "limit",
        "forced_ujy": "",
        "forced_ujy_error": ""
    },
    {
        "MJD": "59298.308194",
        "filter": "r",
        "unforced_mag": "17.967",
        "unforced_mag_error": "",
        "unforced_mag_status": "limit",
        "forced_ujy": "",
        "forced_ujy_error": ""
    },
    {
        "MJD": "59296.361088",
        "filter": "r",
        "unforced_mag": "19.784",
        "unforced_mag_error": "0.239",
        "unforced_mag_status": "positive",
        "forced_ujy": "",
        "forced_ujy_error": ""
    },
    {
        "MJD": "59296.317732",
        "filter": "g",
        "unforced_mag": "19.559",
        "unforced_mag_error": "0.221",
        "unforced_mag_status": "positive",
        "forced_ujy": "",
        "forced_ujy_error": ""
    },
    {
        "MJD": "59293.297176",
        "filter": "g",
        "unforced_mag": "19.539",
        "unforced_mag_error": "0.108",
        "unforced_mag_status": "positive",
        "forced_ujy": "",
        "forced_ujy_error": ""
    },
    {
        "MJD": "59293.236771",
        "filter": "r",
        "unforced_mag": "20.071",
        "unforced_mag_error": "0.148",
        "unforced_mag_status": "positive",
        "forced_ujy": "",
        "forced_ujy_error": ""
    },
    {
        "MJD": "59291.337072",
        "filter": "r",
        "unforced_mag": "19.886",
        "unforced_mag_error": "0.135",
        "unforced_mag_status": "positive",
        "forced_ujy": "",
        "forced_ujy_error": ""
    },
    {
        "MJD": "59291.286782",
        "filter": "g",
        "unforced_mag": "19.639",
        "unforced_mag_error": "0.129",
        "unforced_mag_status": "positive",
        "forced_ujy": "",
        "forced_ujy_error": ""
    },
    {
        "MJD": "59281.291111",
        "filter": "r",
        "unforced_mag": "19.957",
        "unforced_mag_error": "0.119",
        "unforced_mag_status": "positive",
        "forced_ujy": "",
        "forced_ujy_error": ""
    },
    {
        "MJD": "59278.425567",
        "filter": "r",
        "unforced_mag": "19.630",
        "unforced_mag_error": "0.130",
        "unforced_mag_status": "positive",
        "forced_ujy": "",
        "forced_ujy_error": ""
    },
    {
        "MJD": "59275.336458",
        "filter": "r",
        "unforced_mag": "19.811",
        "unforced_mag_error": "0.237",
        "unforced_mag_status": "positive",
        "forced_ujy": "",
        "forced_ujy_error": ""
    },
    {
        "MJD": "59275.223438",
        "filter": "g",
        "unforced_mag": "19.642",
        "unforced_mag_error": "0.200",
        "unforced_mag_status": "positive",
        "forced_ujy": "",
        "forced_ujy_error": ""
    },
    {
        "MJD": "59270.416157",
        "filter": "g",
        "unforced_mag": "19.647",
        "unforced_mag_error": "0.211",
        "unforced_mag_status": "positive",
        "forced_ujy": "",
        "forced_ujy_error": ""
    },
    {
        "MJD": "59270.340602",
        "filter": "r",
        "unforced_mag": "19.771",
        "unforced_mag_error": "0.245",
        "unforced_mag_status": "positive",
        "forced_ujy": "",
        "forced_ujy_error": ""
    },
    {
        "MJD": "59268.489884",
        "filter": "g",
        "unforced_mag": "19.527",
        "unforced_mag_error": "0.106",
        "unforced_mag_status": "positive",
        "forced_ujy": "",
        "forced_ujy_error": ""
    },
    {
        "MJD": "59268.350162",
        "filter": "r",
        "unforced_mag": "19.680",
        "unforced_mag_error": "0.149",
        "unforced_mag_status": "positive",
        "forced_ujy": "",
        "forced_ujy_error": ""
    },
    {
        "MJD": "59266.415590",
        "filter": "g",
        "unforced_mag": "19.559",
        "unforced_mag_error": "0.156",
        "unforced_mag_status": "positive",
        "forced_ujy": "",
        "forced_ujy_error": ""
    },
    {
        "MJD": "59266.361632",
        "filter": "r",
        "unforced_mag": "19.864",
        "unforced_mag_error": "0.221",
        "unforced_mag_status": "positive",
        "forced_ujy": "",
        "forced_ujy_error": ""
    },
    {
        "MJD": "59264.371516",
        "filter": "r",
        "unforced_mag": "19.819",
        "unforced_mag_error": "0.122",
        "unforced_mag_status": "positive",
        "forced_ujy": "",
        "forced_ujy_error": ""
    },
    {
        "MJD": "59264.329294",
        "filter": "g",
        "unforced_mag": "19.558",
        "unforced_mag_error": "0.110",
        "unforced_mag_status": "positive",
        "forced_ujy": "",
        "forced_ujy_error": ""
    },
    {
        "MJD": "59262.411632",
        "filter": "g",
        "unforced_mag": "19.555",
        "unforced_mag_error": "0.113",
        "unforced_mag_status": "positive",
        "forced_ujy": "",
        "forced_ujy_error": ""
    },
    {
        "MJD": "59262.346875",
        "filter": "r",
        "unforced_mag": "19.944",
        "unforced_mag_error": "0.146",
        "unforced_mag_status": "positive",
        "forced_ujy": "",
        "forced_ujy_error": ""
    },
    {
        "MJD": "59256.492303",
        "filter": "g",
        "unforced_mag": "19.474",
        "unforced_mag_error": "0.094",
        "unforced_mag_status": "positive",
        "forced_ujy": "",
        "forced_ujy_error": ""
    },
    {
        "MJD": "59256.398160",
        "filter": "r",
        "unforced_mag": "19.802",
        "unforced_mag_error": "0.108",
        "unforced_mag_status": "positive",
        "forced_ujy": "",
        "forced_ujy_error": ""
    },
    {
        "MJD": "59254.443773",
        "filter": "g",
        "unforced_mag": "19.648",
        "unforced_mag_error": "0.196",
        "unforced_mag_status": "positive",
        "forced_ujy": "",
        "forced_ujy_error": ""
    },
    {
        "MJD": "59254.399757",
        "filter": "r",
        "unforced_mag": "20.046",
        "unforced_mag_error": "0.131",
        "unforced_mag_status": "positive",
        "forced_ujy": "",
        "forced_ujy_error": ""
    },
    {
        "MJD": "59252.491933",
        "filter": "g",
        "unforced_mag": "19.520",
        "unforced_mag_error": "0.093",
        "unforced_mag_status": "positive",
        "forced_ujy": "",
        "forced_ujy_error": ""
    },
    {
        "MJD": "59252.320243",
        "filter": "r",
        "unforced_mag": "19.676",
        "unforced_mag_error": "0.117",
        "unforced_mag_status": "positive",
        "forced_ujy": "",
        "forced_ujy_error": ""
    },
    {
        "MJD": "59250.379248",
        "filter": "r",
        "unforced_mag": "19.770",
        "unforced_mag_error": "0.134",
        "unforced_mag_status": "positive",
        "forced_ujy": "",
        "forced_ujy_error": ""
    },
    {
        "MJD": "59250.368137",
        "filter": "g",
        "unforced_mag": "19.569",
        "unforced_mag_error": "0.107",
        "unforced_mag_status": "positive",
        "forced_ujy": "",
        "forced_ujy_error": ""
    },
    {
        "MJD": "59248.463715",
        "filter": "g",
        "unforced_mag": "19.414",
        "unforced_mag_error": "0.115",
        "unforced_mag_status": "positive",
        "forced_ujy": "",
        "forced_ujy_error": ""
    },
    {
        "MJD": "59248.420949",
        "filter": "r",
        "unforced_mag": "19.844",
        "unforced_mag_error": "0.161",
        "unforced_mag_status": "positive",
        "forced_ujy": "",
        "forced_ujy_error": ""
    },
    {
        "MJD": "59231.464433",
        "filter": "r",
        "unforced_mag": "19.818",
        "unforced_mag_error": "0.100",
        "unforced_mag_status": "positive",
        "forced_ujy": "",
        "forced_ujy_error": ""
    },
    {
        "MJD": "59231.422361",
        "filter": "g",
        "unforced_mag": "19.340",
        "unforced_mag_error": "0.076",
        "unforced_mag_status": "positive",
        "forced_ujy": "",
        "forced_ujy_error": ""
    },
    {
        "MJD": "59229.432431",
        "filter": "r",
        "unforced_mag": "19.597",
        "unforced_mag_error": "0.169",
        "unforced_mag_status": "positive",
        "forced_ujy": "",
        "forced_ujy_error": ""
    },
    {
        "MJD": "59227.442037",
        "filter": "g",
        "unforced_mag": "19.279",
        "unforced_mag_error": "0.081",
        "unforced_mag_status": "positive",
        "forced_ujy": "",
        "forced_ujy_error": ""
    },
    {
        "MJD": "59225.443669",
        "filter": "g",
        "unforced_mag": "19.204",
        "unforced_mag_error": "0.126",
        "unforced_mag_status": "positive",
        "forced_ujy": "",
        "forced_ujy_error": ""
    },
    {
        "MJD": "59225.411655",
        "filter": "r",
        "unforced_mag": "19.599",
        "unforced_mag_error": "0.145",
        "unforced_mag_status": "positive",
        "forced_ujy": "",
        "forced_ujy_error": ""
    },
    {
        "MJD": "59223.469387",
        "filter": "r",
        "unforced_mag": "19.542",
        "unforced_mag_error": "0.163",
        "unforced_mag_status": "positive",
        "forced_ujy": "",
        "forced_ujy_error": ""
    },
    {
        "MJD": "59223.402025",
        "filter": "g",
        "unforced_mag": "19.296",
        "unforced_mag_error": "0.114",
        "unforced_mag_status": "positive",
        "forced_ujy": "",
        "forced_ujy_error": ""
    },
    {
        "MJD": "59221.463831",
        "filter": "g",
        "unforced_mag": "19.118",
        "unforced_mag_error": "0.105",
        "unforced_mag_status": "positive",
        "forced_ujy": "",
        "forced_ujy_error": ""
    },
    {
        "MJD": "59221.426898",
        "filter": "r",
        "unforced_mag": "19.603",
        "unforced_mag_error": "0.137",
        "unforced_mag_status": "positive",
        "forced_ujy": "",
        "forced_ujy_error": ""
    },
    {
        "MJD": "59219.475995",
        "filter": "r",
        "unforced_mag": "19.485",
        "unforced_mag_error": "0.150",
        "unforced_mag_status": "positive",
        "forced_ujy": "",
        "forced_ujy_error": ""
    },
    {
        "MJD": "59219.441076",
        "filter": "g",
        "unforced_mag": "19.292",
        "unforced_mag_error": "0.119",
        "unforced_mag_status": "positive",
        "forced_ujy": "",
        "forced_ujy_error": ""
    },
    {
        "MJD": "59215.486481",
        "filter": "g",
        "unforced_mag": "18.979",
        "unforced_mag_error": "0.166",
        "unforced_mag_status": "positive",
        "forced_ujy": "",
        "forced_ujy_error": ""
    },
    {
        "MJD": "59215.444039",
        "filter": "r",
        "unforced_mag": "19.496",
        "unforced_mag_error": "0.261",
        "unforced_mag_status": "positive",
        "forced_ujy": "",
        "forced_ujy_error": ""
    },
    {
        "MJD": "59206.485718",
        "filter": "r",
        "unforced_mag": "19.461",
        "unforced_mag_error": "0.283",
        "unforced_mag_status": "positive",
        "forced_ujy": "",
        "forced_ujy_error": ""
    },
    {
        "MJD": "59206.413877",
        "filter": "g",
        "unforced_mag": "19.251",
        "unforced_mag_error": "0.212",
        "unforced_mag_status": "positive",
        "forced_ujy": "",
        "forced_ujy_error": ""
    },
    {
        "MJD": "59203.484757",
        "filter": "r",
        "unforced_mag": "19.398",
        "unforced_mag_error": "0.144",
        "unforced_mag_status": "positive",
        "forced_ujy": "",
        "forced_ujy_error": ""
    },
    {
        "MJD": "59203.402963",
        "filter": "g",
        "unforced_mag": "19.102",
        "unforced_mag_error": "0.112",
        "unforced_mag_status": "positive",
        "forced_ujy": "",
        "forced_ujy_error": ""
    },
    {
        "MJD": "59200.516968",
        "filter": "r",
        "unforced_mag": "19.239",
        "unforced_mag_error": "0.182",
        "unforced_mag_status": "positive",
        "forced_ujy": "",
        "forced_ujy_error": ""
    },
    {
        "MJD": "59200.447928",
        "filter": "g",
        "unforced_mag": "19.172",
        "unforced_mag_error": "0.163",
        "unforced_mag_status": "positive",
        "forced_ujy": "",
        "forced_ujy_error": ""
    },
    {
        "MJD": "59198.506238",
        "filter": "g",
        "unforced_mag": "19.088",
        "unforced_mag_error": "0.083",
        "unforced_mag_status": "positive",
        "forced_ujy": "",
        "forced_ujy_error": ""
    },
    {
        "MJD": "59198.486123",
        "filter": "r",
        "unforced_mag": "19.399",
        "unforced_mag_error": "0.117",
        "unforced_mag_status": "positive",
        "forced_ujy": "",
        "forced_ujy_error": ""
    },
    {
        "MJD": "59194.533542",
        "filter": "g",
        "unforced_mag": "19.152",
        "unforced_mag_error": "0.088",
        "unforced_mag_status": "positive",
        "forced_ujy": "",
        "forced_ujy_error": ""
    },
    {
        "MJD": "59194.517512",
        "filter": "r",
        "unforced_mag": "19.564",
        "unforced_mag_error": "0.142",
        "unforced_mag_status": "positive",
        "forced_ujy": "",
        "forced_ujy_error": ""
    },
    {
        "MJD": "59192.506940",
        "filter": "r",
        "unforced_mag": "19.413",
        "unforced_mag_error": "",
        "unforced_mag_status": "limit",
        "forced_ujy": "",
        "forced_ujy_error": ""
    },
    {
        "MJD": "59188.540567",
        "filter": "g",
        "unforced_mag": "18.948",
        "unforced_mag_error": "0.102",
        "unforced_mag_status": "positive",
        "forced_ujy": "",
        "forced_ujy_error": ""
    },
    {
        "MJD": "59188.384398",
        "filter": "r",
        "unforced_mag": "19.420",
        "unforced_mag_error": "0.279",
        "unforced_mag_status": "positive",
        "forced_ujy": "",
        "forced_ujy_error": ""
    },
    {
        "MJD": "59186.541146",
        "filter": "g",
        "unforced_mag": "19.274",
        "unforced_mag_error": "0.292",
        "unforced_mag_status": "positive",
        "forced_ujy": "",
        "forced_ujy_error": ""
    },
    {
        "MJD": "59184.510012",
        "filter": "r",
        "unforced_mag": "19.354",
        "unforced_mag_error": "0.127",
        "unforced_mag_status": "positive",
        "forced_ujy": "",
        "forced_ujy_error": ""
    },
    {
        "MJD": "59181.506204",
        "filter": "g",
        "unforced_mag": "18.907",
        "unforced_mag_error": "0.124",
        "unforced_mag_status": "positive",
        "forced_ujy": "",
        "forced_ujy_error": ""
    },
    {
        "MJD": "59181.493773",
        "filter": "r",
        "unforced_mag": "19.392",
        "unforced_mag_error": "0.129",
        "unforced_mag_status": "positive",
        "forced_ujy": "",
        "forced_ujy_error": ""
    },
    {
        "MJD": "59179.486146",
        "filter": "g",
        "unforced_mag": "19.016",
        "unforced_mag_error": "0.089",
        "unforced_mag_status": "positive",
        "forced_ujy": "",
        "forced_ujy_error": ""
    },
    {
        "MJD": "59176.553137",
        "filter": "r",
        "unforced_mag": "19.255",
        "unforced_mag_error": "0.094",
        "unforced_mag_status": "positive",
        "forced_ujy": "",
        "forced_ujy_error": ""
    },
    {
        "MJD": "59176.506644",
        "filter": "g",
        "unforced_mag": "18.958",
        "unforced_mag_error": "0.075",
        "unforced_mag_status": "positive",
        "forced_ujy": "",
        "forced_ujy_error": ""
    },
    {
        "MJD": "59173.531586",
        "filter": "r",
        "unforced_mag": "19.011",
        "unforced_mag_error": "0.165",
        "unforced_mag_status": "positive",
        "forced_ujy": "",
        "forced_ujy_error": ""
    },
    {
        "MJD": "59173.487882",
        "filter": "g",
        "unforced_mag": "18.851",
        "unforced_mag_error": "0.083",
        "unforced_mag_status": "positive",
        "forced_ujy": "",
        "forced_ujy_error": ""
    },
    {
        "MJD": "59170.547778",
        "filter": "r",
        "unforced_mag": "19.102",
        "unforced_mag_error": "0.105",
        "unforced_mag_status": "positive",
        "forced_ujy": "",
        "forced_ujy_error": ""
    },
    {
        "MJD": "59170.475139",
        "filter": "g",
        "unforced_mag": "18.817",
        "unforced_mag_error": "0.100",
        "unforced_mag_status": "positive",
        "forced_ujy": "",
        "forced_ujy_error": ""
    },
    {
        "MJD": "59168.537222",
        "filter": "r",
        "unforced_mag": "19.158",
        "unforced_mag_error": "0.094",
        "unforced_mag_status": "positive",
        "forced_ujy": "",
        "forced_ujy_error": ""
    },
    {
        "MJD": "59168.508252",
        "filter": "g",
        "unforced_mag": "18.790",
        "unforced_mag_error": "0.064",
        "unforced_mag_status": "positive",
        "forced_ujy": "",
        "forced_ujy_error": ""
    },
    {
        "MJD": "59165.516933",
        "filter": "g",
        "unforced_mag": "18.793",
        "unforced_mag_error": "0.070",
        "unforced_mag_status": "positive",
        "forced_ujy": "",
        "forced_ujy_error": ""
    },
    {
        "MJD": "59165.485845",
        "filter": "r",
        "unforced_mag": "19.139",
        "unforced_mag_error": "0.082",
        "unforced_mag_status": "positive",
        "forced_ujy": "",
        "forced_ujy_error": ""
    },
    {
        "MJD": "59159.492107",
        "filter": "r",
        "unforced_mag": "19.018",
        "unforced_mag_error": "0.123",
        "unforced_mag_status": "positive",
        "forced_ujy": "",
        "forced_ujy_error": ""
    },
    {
        "MJD": "59157.494167",
        "filter": "r",
        "unforced_mag": "19.215",
        "unforced_mag_error": "0.157",
        "unforced_mag_status": "positive",
        "forced_ujy": "",
        "forced_ujy_error": ""
    },
    {
        "MJD": "59155.488507",
        "filter": "r",
        "unforced_mag": "18.963",
        "unforced_mag_error": "0.136",
        "unforced_mag_status": "positive",
        "forced_ujy": "",
        "forced_ujy_error": ""
    },
    {
        "MJD": "59152.545880",
        "filter": "g",
        "unforced_mag": "18.606",
        "unforced_mag_error": "0.121",
        "unforced_mag_status": "positive",
        "forced_ujy": "",
        "forced_ujy_error": ""
    },
    {
        "MJD": "59152.491690",
        "filter": "r",
        "unforced_mag": "19.179",
        "unforced_mag_error": "0.209",
        "unforced_mag_status": "positive",
        "forced_ujy": "",
        "forced_ujy_error": ""
    },
    {
        "MJD": "59150.545410",
        "filter": "r",
        "unforced_mag": "19.338",
        "unforced_mag_error": "",
        "unforced_mag_status": "limit",
        "forced_ujy": "",
        "forced_ujy_error": ""
    },
    {
        "MJD": "59150.545405",
        "filter": "r",
        "unforced_mag": "19.108",
        "unforced_mag_error": "0.172",
        "unforced_mag_status": "positive",
        "forced_ujy": "",
        "forced_ujy_error": ""
    },
    {
        "MJD": "59150.516019",
        "filter": "g",
        "unforced_mag": "18.652",
        "unforced_mag_error": "0.076",
        "unforced_mag_status": "positive",
        "forced_ujy": "",
        "forced_ujy_error": ""
    }
]