[
    {
        "MJD": "59703.282870",
        "filter": "r",
        "unforced_mag": "19.747",
        "unforced_mag_error": "0.196",
        "unforced_mag_status": "positive",
        "forced_ujy": "",
        "forced_ujy_error": ""
    },
    {
        "MJD": "59703.269375",
        "filter": "g",
        "unforced_mag": "19.975",
        "unforced_mag_error": "0.197",
        "unforced_mag_status": "positive",
        "forced_ujy": "",
        "forced_ujy_error": ""
    },
    {
        "MJD": "59701.203565",
        "filter": "r",
        "unforced_mag": "19.788",
        "unforced_mag_error": "0.153",
        "unforced_mag_status": "positive",
        "forced_ujy": "",
        "forced_ujy_error": ""
    },
    {
        "MJD": "59701.183391",
        "filter": "g",
        "unforced_mag": "20.802",
        "unforced_mag_error": "",
        "unforced_mag_status": "limit",
        "forced_ujy": "",
        "forced_ujy_error": ""
    },
    {
        "MJD": "59699.201956",
        "filter": "g",
        "unforced_mag": "19.717",
        "unforced_mag_error": "0.161",
        "unforced_mag_status": "positive",
        "forced_ujy": "",
        "forced_ujy_error": ""
    },
    {
        "MJD": "59699.180521",
        "filter": "r",
        "unforced_mag": "19.440",
        "unforced_mag_error": "0.108",
        "unforced_mag_status": "positive",
        "forced_ujy": "",
        "forced_ujy_error": ""
    },
    {
        "MJD": "59696.248021",
        "filter": "r",
        "unforced_mag": "19.674",
        "unforced_mag_error": "0.148",
        "unforced_mag_status": "positive",
        "forced_ujy": "",
        "forced_ujy_error": ""
    },
    {
        "MJD": "59694.259884",
        "filter": "g",
        "unforced_mag": "19.538",
        "unforced_mag_error": "0.132",
        "unforced_mag_status": "positive",
        "forced_ujy": "",
        "forced_ujy_error": ""
    },
    {
        "MJD": "59694.170914",
        "filter": "r",
        "unforced_mag": "19.588",
        "unforced_mag_error": "0.163",
        "unforced_mag_status": "positive",
        "forced_ujy": "",
        "forced_ujy_error": ""
    },
    {
        "MJD": "59690.266331",
        "filter": "g",
        "unforced_mag": "19.521",
        "unforced_mag_error": "0.143",
        "unforced_mag_status": "positive",
        "forced_ujy": "",
        "forced_ujy_error": ""
    },
    {
        "MJD": "59690.234606",
        "filter": "r",
        "unforced_mag": "20.434",
        "unforced_mag_error": "",
        "unforced_mag_status": "limit",
        "forced_ujy": "",
        "forced_ujy_error": ""
    },
    {
        "MJD": "59688.331285",
        "filter": "r",
        "unforced_mag": "19.327",
        "unforced_mag_error": "0.239",
        "unforced_mag_status": "positive",
        "forced_ujy": "",
        "forced_ujy_error": ""
    },
    {
        "MJD": "59688.172616",
        "filter": "g",
        "unforced_mag": "19.517",
        "unforced_mag_error": "0.110",
        "unforced_mag_status": "positive",
        "forced_ujy": "",
        "forced_ujy_error": ""
    },
    {
        "MJD": "59685.321065",
        "filter": "g",
        "unforced_mag": "19.320",
        "unforced_mag_error": "0.325",
        "unforced_mag_status": "positive",
        "forced_ujy": "",
        "forced_ujy_error": ""
    },
    {
        "MJD": "59685.246690",
        "filter": "r",
        "unforced_mag": "19.342",
        "unforced_mag_error": "0.187",
        "unforced_mag_status": "positive",
        "forced_ujy": "",
        "forced_ujy_error": ""
    },
    {
        "MJD": "59683.277928",
        "filter": "g",
        "unforced_mag": "19.357",
        "unforced_mag_error": "0.194",
        "unforced_mag_status": "positive",
        "forced_ujy": "",
        "forced_ujy_error": ""
    },
    {
        "MJD": "59683.243206",
        "filter": "r",
        "unforced_mag": "19.331",
        "unforced_mag_error": "0.231",
        "unforced_mag_status": "positive",
        "forced_ujy": "",
        "forced_ujy_error": ""
    },
    {
        "MJD": "59678.309826",
        "filter": "g",
        "unforced_mag": "19.101",
        "unforced_mag_error": "0.125",
        "unforced_mag_status": "positive",
        "forced_ujy": "",
        "forced_ujy_error": ""
    },
    {
        "MJD": "59678.237037",
        "filter": "r",
        "unforced_mag": "19.066",
        "unforced_mag_error": "0.104",
        "unforced_mag_status": "positive",
        "forced_ujy": "",
        "forced_ujy_error": ""
    },
    {
        "MJD": "59676.343299",
        "filter": "r",
        "unforced_mag": "18.905",
        "unforced_mag_error": "0.154",
        "unforced_mag_status": "positive",
        "forced_ujy": "",
        "forced_ujy_error": ""
    },
    {
        "MJD": "59676.311377",
        "filter": "g",
        "unforced_mag": "19.092",
        "unforced_mag_error": "0.155",
        "unforced_mag_status": "positive",
        "forced_ujy": "",
        "forced_ujy_error": ""
    },
    {
        "MJD": "59674.363935",
        "filter": "g",
        "unforced_mag": "19.139",
        "unforced_mag_error": "0.123",
        "unforced_mag_status": "positive",
        "forced_ujy": "",
        "forced_ujy_error": ""
    },
    {
        "MJD": "59674.306829",
        "filter": "r",
        "unforced_mag": "19.140",
        "unforced_mag_error": "0.088",
        "unforced_mag_status": "positive",
        "forced_ujy": "",
        "forced_ujy_error": ""
    },
    {
        "MJD": "59671.405197",
        "filter": "g",
        "unforced_mag": "19.013",
        "unforced_mag_error": "0.124",
        "unforced_mag_status": "positive",
        "forced_ujy": "",
        "forced_ujy_error": ""
    },
    {
        "MJD": "59671.405197",
        "filter": "g",
        "unforced_mag": "19.009",
        "unforced_mag_error": "0.129",
        "unforced_mag_status": "positive",
        "forced_ujy": "",
        "forced_ujy_error": ""
    },
    {
        "MJD": "59671.325961",
        "filter": "r",
        "unforced_mag": "18.962",
        "unforced_mag_error": "0.084",
        "unforced_mag_status": "positive",
        "forced_ujy": "",
        "forced_ujy_error": ""
    },
    {
        "MJD": "59671.325961",
        "filter": "r",
        "unforced_mag": "18.998",
        "unforced_mag_error": "0.086",
        "unforced_mag_status": "positive",
        "forced_ujy": "",
        "forced_ujy_error": ""
    },
    {
        "MJD": "59640.381782",
        "filter": "r",
        "unforced_mag": "19.778",
        "unforced_mag_error": "0.138",
        "unforced_mag_status": "positive",
        "forced_ujy": "",
        "forced_ujy_error": ""
    },
    {
        "MJD": "59640.355926",
        "filter": "g",
        "unforced_mag": "19.723",
        "unforced_mag_error": "0.124",
        "unforced_mag_status": "positive",
        "forced_ujy": "",
        "forced_ujy_error": ""
    },
    {
        "MJD": "59638.381424",
        "filter": "r",
        "unforced_mag": "19.457",
        "unforced_mag_error": "",
        "unforced_mag_status": "limit",
        "forced_ujy": "",
        "forced_ujy_error": ""
    },
    {
        "MJD": "59638.360752",
        "filter": "g",
        "unforced_mag": "18.869",
        "unforced_mag_error": "",
        "unforced_mag_status": "limit",
        "forced_ujy": "",
        "forced_ujy_error": ""
    },
    {
        "MJD": "59636.321111",
        "filter": "r",
        "unforced_mag": "20.417",
        "unforced_mag_error": "",
        "unforced_mag_status": "limit",
        "forced_ujy": "",
        "forced_ujy_error": ""
    },
    {
        "MJD": "59636.235162",
        "filter": "g",
        "unforced_mag": "20.344",
        "unforced_mag_error": "0.197",
        "unforced_mag_status": "positive",
        "forced_ujy": "",
        "forced_ujy_error": ""
    },
    {
        "MJD": "59628.403507",
        "filter": "r",
        "unforced_mag": "19.194",
        "unforced_mag_error": "",
        "unforced_mag_status": "limit",
        "forced_ujy": "",
        "forced_ujy_error": ""
    },
    {
        "MJD": "59628.204907",
        "filter": "g",
        "unforced_mag": "19.395",
        "unforced_mag_error": "",
        "unforced_mag_status": "limit",
        "forced_ujy": "",
        "forced_ujy_error": ""
    },
    {
        "MJD": "59623.338970",
        "filter": "r",
        "unforced_mag": "20.012",
        "unforced_mag_error": "",
        "unforced_mag_status": "limit",
        "forced_ujy": "",
        "forced_ujy_error": ""
    },
    {
        "MJD": "59623.242951",
        "filter": "g",
        "unforced_mag": "19.539",
        "unforced_mag_error": "",
        "unforced_mag_status": "limit",
        "forced_ujy": "",
        "forced_ujy_error": ""
    }
]