[
    {
        "MJD": "59531.379213",
        "filter": "g",
        "unforced_mag": "20.010",
        "unforced_mag_error": "0.152",
        "unforced_mag_status": "positive",
        "forced_ujy": "",
        "forced_ujy_error": ""
    },
    {
        "MJD": "59529.403484",
        "filter": "r",
        "unforced_mag": "20.069",
        "unforced_mag_error": "0.189",
        "unforced_mag_status": "positive",
        "forced_ujy": "",
        "forced_ujy_error": ""
    },
    {
        "MJD": "59529.381481",
        "filter": "g",
        "unforced_mag": "20.036",
        "unforced_mag_error": "0.180",
        "unforced_mag_status": "positive",
        "forced_ujy": "",
        "forced_ujy_error": ""
    },
    {
        "MJD": "59526.485822",
        "filter": "r",
        "unforced_mag": "20.149",
        "unforced_mag_error": "0.237",
        "unforced_mag_status": "positive",
        "forced_ujy": "",
        "forced_ujy_error": ""
    },
    {
        "MJD": "59526.447581",
        "filter": "g",
        "unforced_mag": "20.043",
        "unforced_mag_error": "0.148",
        "unforced_mag_status": "positive",
        "forced_ujy": "",
        "forced_ujy_error": ""
    },
    {
        "MJD": "59524.507604",
        "filter": "g",
        "unforced_mag": "19.789",
        "unforced_mag_error": "0.142",
        "unforced_mag_status": "positive",
        "forced_ujy": "",
        "forced_ujy_error": ""
    },
    {
        "MJD": "59522.458333",
        "filter": "g",
        "unforced_mag": "20.862",
        "unforced_mag_error": "",
        "unforced_mag_status": "limit",
        "forced_ujy": "",
        "forced_ujy_error": ""
    },
    {
        "MJD": "59522.340243",
        "filter": "r",
        "unforced_mag": "19.977",
        "unforced_mag_error": "0.196",
        "unforced_mag_status": "positive",
        "forced_ujy": "",
        "forced_ujy_error": ""
    },
    {
        "MJD": "59518.489120",
        "filter": "r",
        "unforced_mag": "19.734",
        "unforced_mag_error": "0.135",
        "unforced_mag_status": "positive",
        "forced_ujy": "",
        "forced_ujy_error": ""
    },
    {
        "MJD": "59518.374769",
        "filter": "g",
        "unforced_mag": "20.708",
        "unforced_mag_error": "",
        "unforced_mag_status": "limit",
        "forced_ujy": "",
        "forced_ujy_error": ""
    },
    {
        "MJD": "59512.367303",
        "filter": "r",
        "unforced_mag": "19.749",
        "unforced_mag_error": "",
        "unforced_mag_status": "limit",
        "forced_ujy": "",
        "forced_ujy_error": ""
    },
    {
        "MJD": "59509.446065",
        "filter": "r",
        "unforced_mag": "19.532",
        "unforced_mag_error": "0.210",
        "unforced_mag_status": "positive",
        "forced_ujy": "",
        "forced_ujy_error": ""
    },
    {
        "MJD": "59509.420857",
        "filter": "g",
        "unforced_mag": "19.632",
        "unforced_mag_error": "0.224",
        "unforced_mag_status": "positive",
        "forced_ujy": "",
        "forced_ujy_error": ""
    },
    {
        "MJD": "59503.380822",
        "filter": "r",
        "unforced_mag": "19.371",
        "unforced_mag_error": "0.182",
        "unforced_mag_status": "positive",
        "forced_ujy": "",
        "forced_ujy_error": ""
    },
    {
        "MJD": "59500.501609",
        "filter": "r",
        "unforced_mag": "19.195",
        "unforced_mag_error": "0.094",
        "unforced_mag_status": "positive",
        "forced_ujy": "",
        "forced_ujy_error": ""
    },
    {
        "MJD": "59500.458715",
        "filter": "g",
        "unforced_mag": "19.195",
        "unforced_mag_error": "0.098",
        "unforced_mag_status": "positive",
        "forced_ujy": "",
        "forced_ujy_error": ""
    },
    {
        "MJD": "59496.486123",
        "filter": "g",
        "unforced_mag": "19.167",
        "unforced_mag_error": "0.184",
        "unforced_mag_status": "positive",
        "forced_ujy": "",
        "forced_ujy_error": ""
    },
    {
        "MJD": "59496.478727",
        "filter": "r",
        "unforced_mag": "19.051",
        "unforced_mag_error": "0.138",
        "unforced_mag_status": "positive",
        "forced_ujy": "",
        "forced_ujy_error": ""
    },
    {
        "MJD": "59488.503681",
        "filter": "r",
        "unforced_mag": "19.016",
        "unforced_mag_error": "0.114",
        "unforced_mag_status": "positive",
        "forced_ujy": "",
        "forced_ujy_error": ""
    },
    {
        "MJD": "59488.499583",
        "filter": "g",
        "unforced_mag": "18.773",
        "unforced_mag_error": "0.088",
        "unforced_mag_status": "positive",
        "forced_ujy": "",
        "forced_ujy_error": ""
    },
    {
        "MJD": "59485.477766",
        "filter": "g",
        "unforced_mag": "17.757",
        "unforced_mag_error": "",
        "unforced_mag_status": "limit",
        "forced_ujy": "",
        "forced_ujy_error": ""
    },
    {
        "MJD": "59485.447639",
        "filter": "r",
        "unforced_mag": "17.440",
        "unforced_mag_error": "",
        "unforced_mag_status": "limit",
        "forced_ujy": "",
        "forced_ujy_error": ""
    },
    {
        "MJD": "59480.473079",
        "filter": "r",
        "unforced_mag": "19.090",
        "unforced_mag_error": "0.172",
        "unforced_mag_status": "positive",
        "forced_ujy": "",
        "forced_ujy_error": ""
    },
    {
        "MJD": "59480.428090",
        "filter": "g",
        "unforced_mag": "18.904",
        "unforced_mag_error": "0.158",
        "unforced_mag_status": "positive",
        "forced_ujy": "",
        "forced_ujy_error": ""
    },
    {
        "MJD": "59477.527870",
        "filter": "r",
        "unforced_mag": "18.968",
        "unforced_mag_error": "0.154",
        "unforced_mag_status": "positive",
        "forced_ujy": "",
        "forced_ujy_error": ""
    },
    {
        "MJD": "59477.476771",
        "filter": "g",
        "unforced_mag": "18.667",
        "unforced_mag_error": "0.119",
        "unforced_mag_status": "positive",
        "forced_ujy": "",
        "forced_ujy_error": ""
    },
    {
        "MJD": "59474.448646",
        "filter": "g",
        "unforced_mag": "18.871",
        "unforced_mag_error": "0.092",
        "unforced_mag_status": "positive",
        "forced_ujy": "",
        "forced_ujy_error": ""
    },
    {
        "MJD": "59471.469907",
        "filter": "r",
        "unforced_mag": "19.168",
        "unforced_mag_error": "0.131",
        "unforced_mag_status": "positive",
        "forced_ujy": "",
        "forced_ujy_error": ""
    },
    {
        "MJD": "59469.475926",
        "filter": "r",
        "unforced_mag": "19.338",
        "unforced_mag_error": "0.101",
        "unforced_mag_status": "positive",
        "forced_ujy": "",
        "forced_ujy_error": ""
    },
    {
        "MJD": "59456.503762",
        "filter": "r",
        "unforced_mag": "19.740",
        "unforced_mag_error": "",
        "unforced_mag_status": "limit",
        "forced_ujy": "",
        "forced_ujy_error": ""
    },
    {
        "MJD": "59456.501250",
        "filter": "r",
        "unforced_mag": "19.982",
        "unforced_mag_error": "",
        "unforced_mag_status": "limit",
        "forced_ujy": "",
        "forced_ujy_error": ""
    },
    {
        "MJD": "59456.498727",
        "filter": "r",
        "unforced_mag": "19.940",
        "unforced_mag_error": "",
        "unforced_mag_status": "limit",
        "forced_ujy": "",
        "forced_ujy_error": ""
    },
    {
        "MJD": "59456.496204",
        "filter": "r",
        "unforced_mag": "19.911",
        "unforced_mag_error": "",
        "unforced_mag_status": "limit",
        "forced_ujy": "",
        "forced_ujy_error": ""
    },
    {
        "MJD": "59456.493692",
        "filter": "r",
        "unforced_mag": "19.903",
        "unforced_mag_error": "",
        "unforced_mag_status": "limit",
        "forced_ujy": "",
        "forced_ujy_error": ""
    },
    {
        "MJD": "59454.502130",
        "filter": "r",
        "unforced_mag": "19.914",
        "unforced_mag_error": "",
        "unforced_mag_status": "limit",
        "forced_ujy": "",
        "forced_ujy_error": ""
    },
    {
        "MJD": "59454.499653",
        "filter": "r",
        "unforced_mag": "19.950",
        "unforced_mag_error": "",
        "unforced_mag_status": "limit",
        "forced_ujy": "",
        "forced_ujy_error": ""
    },
    {
        "MJD": "59454.497176",
        "filter": "r",
        "unforced_mag": "19.990",
        "unforced_mag_error": "",
        "unforced_mag_status": "limit",
        "forced_ujy": "",
        "forced_ujy_error": ""
    },
    {
        "MJD": "59454.494699",
        "filter": "r",
        "unforced_mag": "19.984",
        "unforced_mag_error": "",
        "unforced_mag_status": "limit",
        "forced_ujy": "",
        "forced_ujy_error": ""
    },
    {
        "MJD": "59454.492234",
        "filter": "r",
        "unforced_mag": "19.962",
        "unforced_mag_error": "",
        "unforced_mag_status": "limit",
        "forced_ujy": "",
        "forced_ujy_error": ""
    },
    {
        "MJD": "59453.500255",
        "filter": "r",
        "unforced_mag": "19.837",
        "unforced_mag_error": "",
        "unforced_mag_status": "limit",
        "forced_ujy": "",
        "forced_ujy_error": ""
    },
    {
        "MJD": "59453.497778",
        "filter": "r",
        "unforced_mag": "19.859",
        "unforced_mag_error": "",
        "unforced_mag_status": "limit",
        "forced_ujy": "",
        "forced_ujy_error": ""
    },
    {
        "MJD": "59453.495312",
        "filter": "r",
        "unforced_mag": "19.786",
        "unforced_mag_error": "",
        "unforced_mag_status": "limit",
        "forced_ujy": "",
        "forced_ujy_error": ""
    },
    {
        "MJD": "59453.492847",
        "filter": "r",
        "unforced_mag": "19.879",
        "unforced_mag_error": "",
        "unforced_mag_status": "limit",
        "forced_ujy": "",
        "forced_ujy_error": ""
    },
    {
        "MJD": "59453.490382",
        "filter": "r",
        "unforced_mag": "19.710",
        "unforced_mag_error": "",
        "unforced_mag_status": "limit",
        "forced_ujy": "",
        "forced_ujy_error": ""
    },
    {
        "MJD": "59452.500810",
        "filter": "r",
        "unforced_mag": "19.879",
        "unforced_mag_error": "",
        "unforced_mag_status": "limit",
        "forced_ujy": "",
        "forced_ujy_error": ""
    },
    {
        "MJD": "59452.498345",
        "filter": "r",
        "unforced_mag": "19.883",
        "unforced_mag_error": "",
        "unforced_mag_status": "limit",
        "forced_ujy": "",
        "forced_ujy_error": ""
    },
    {
        "MJD": "59452.495868",
        "filter": "r",
        "unforced_mag": "19.818",
        "unforced_mag_error": "",
        "unforced_mag_status": "limit",
        "forced_ujy": "",
        "forced_ujy_error": ""
    },
    {
        "MJD": "59452.493391",
        "filter": "r",
        "unforced_mag": "19.839",
        "unforced_mag_error": "",
        "unforced_mag_status": "limit",
        "forced_ujy": "",
        "forced_ujy_error": ""
    },
    {
        "MJD": "59452.490937",
        "filter": "r",
        "unforced_mag": "19.533",
        "unforced_mag_error": "",
        "unforced_mag_status": "limit",
        "forced_ujy": "",
        "forced_ujy_error": ""
    }
]