[
    {
        "MJD": "60611.341956",
        "filter": "r",
        "unforced_mag": "19.122",
        "unforced_mag_error": "0.188",
        "unforced_mag_status": "positive",
        "forced_ujy": "",
        "forced_ujy_error": ""
    },
    {
        "MJD": "60609.464722",
        "filter": "r",
        "unforced_mag": "18.905",
        "unforced_mag_error": "0.079",
        "unforced_mag_status": "positive",
        "forced_ujy": "98.9",
        "forced_ujy_error": "4.4"
    },
    {
        "MJD": "60609.374757",
        "filter": "g",
        "unforced_mag": "18.683",
        "unforced_mag_error": "0.107",
        "unforced_mag_status": "positive",
        "forced_ujy": "116.4",
        "forced_ujy_error": "4.8"
    },
    {
        "MJD": "60607.445393",
        "filter": "r",
        "unforced_mag": "18.940",
        "unforced_mag_error": "0.087",
        "unforced_mag_status": "positive",
        "forced_ujy": "94.4",
        "forced_ujy_error": "4.4"
    },
    {
        "MJD": "60607.420776",
        "filter": "g",
        "unforced_mag": "18.627",
        "unforced_mag_error": "0.104",
        "unforced_mag_status": "positive",
        "forced_ujy": "125.3",
        "forced_ujy_error": "4.7"
    },
    {
        "MJD": "60603.436840",
        "filter": "g",
        "unforced_mag": "18.500",
        "unforced_mag_error": "0.112",
        "unforced_mag_status": "positive",
        "forced_ujy": "139.4",
        "forced_ujy_error": "8.2"
    },
    {
        "MJD": "60603.394606",
        "filter": "r",
        "unforced_mag": "18.807",
        "unforced_mag_error": "0.114",
        "unforced_mag_status": "positive",
        "forced_ujy": "103.8",
        "forced_ujy_error": "8.5"
    },
    {
        "MJD": "60600.464120",
        "filter": "r",
        "unforced_mag": "18.746",
        "unforced_mag_error": "0.186",
        "unforced_mag_status": "positive",
        "forced_ujy": "114.4",
        "forced_ujy_error": "12.4"
    },
    {
        "MJD": "60600.397569",
        "filter": "g",
        "unforced_mag": "18.263",
        "unforced_mag_error": "0.203",
        "unforced_mag_status": "positive",
        "forced_ujy": "",
        "forced_ujy_error": ""
    },
    {
        "MJD": "60598.419317",
        "filter": "r",
        "unforced_mag": "18.784",
        "unforced_mag_error": "0.142",
        "unforced_mag_status": "positive",
        "forced_ujy": "107.2",
        "forced_ujy_error": "6.2"
    },
    {
        "MJD": "60596.440162",
        "filter": "g",
        "unforced_mag": "18.532",
        "unforced_mag_error": "0.084",
        "unforced_mag_status": "positive",
        "forced_ujy": "136.8",
        "forced_ujy_error": "4.0"
    },
    {
        "MJD": "60596.382581",
        "filter": "r",
        "unforced_mag": "18.950",
        "unforced_mag_error": "0.088",
        "unforced_mag_status": "positive",
        "forced_ujy": "96.5",
        "forced_ujy_error": "4.0"
    },
    {
        "MJD": "60595.367257",
        "filter": "r",
        "unforced_mag": "18.937",
        "unforced_mag_error": "0.100",
        "unforced_mag_status": "positive",
        "forced_ujy": "95.6",
        "forced_ujy_error": "4.2"
    },
    {
        "MJD": "60593.438866",
        "filter": "r",
        "unforced_mag": "19.030",
        "unforced_mag_error": "0.106",
        "unforced_mag_status": "positive",
        "forced_ujy": "86.0",
        "forced_ujy_error": "4.6"
    },
    {
        "MJD": "60591.417882",
        "filter": "g",
        "unforced_mag": "18.740",
        "unforced_mag_error": "0.096",
        "unforced_mag_status": "positive",
        "forced_ujy": "112.9",
        "forced_ujy_error": "4.1"
    },
    {
        "MJD": "60574.456794",
        "filter": "r",
        "unforced_mag": "19.290",
        "unforced_mag_error": "",
        "unforced_mag_status": "limit",
        "forced_ujy": "8.1",
        "forced_ujy_error": "8.2"
    },
    {
        "MJD": "60571.477442",
        "filter": "g",
        "unforced_mag": "19.195",
        "unforced_mag_error": "",
        "unforced_mag_status": "limit",
        "forced_ujy": "-14.1",
        "forced_ujy_error": "9.6"
    },
    {
        "MJD": "60566.485613",
        "filter": "g",
        "unforced_mag": "19.963",
        "unforced_mag_error": "",
        "unforced_mag_status": "limit",
        "forced_ujy": "-2.5",
        "forced_ujy_error": "4.6"
    },
    {
        "MJD": "60566.478391",
        "filter": "r",
        "unforced_mag": "19.995",
        "unforced_mag_error": "",
        "unforced_mag_status": "limit",
        "forced_ujy": "0.2",
        "forced_ujy_error": "4.6"
    },
    {
        "MJD": "60564.482338",
        "filter": "g",
        "unforced_mag": "20.371",
        "unforced_mag_error": "",
        "unforced_mag_status": "limit",
        "forced_ujy": "-2.4",
        "forced_ujy_error": "3.5"
    },
    {
        "MJD": "60564.464919",
        "filter": "r",
        "unforced_mag": "20.213",
        "unforced_mag_error": "",
        "unforced_mag_status": "limit",
        "forced_ujy": "-4.2",
        "forced_ujy_error": "3.6"
    }
]