[
    {
        "MJD": "59934.191806",
        "filter": "g",
        "unforced_mag": "19.601",
        "unforced_mag_error": "0.173",
        "unforced_mag_status": "positive",
        "forced_ujy": "",
        "forced_ujy_error": ""
    },
    {
        "MJD": "59932.231528",
        "filter": "r",
        "unforced_mag": "19.800",
        "unforced_mag_error": "",
        "unforced_mag_status": "limit",
        "forced_ujy": "",
        "forced_ujy_error": ""
    },
    {
        "MJD": "59932.190810",
        "filter": "g",
        "unforced_mag": "19.788",
        "unforced_mag_error": "0.162",
        "unforced_mag_status": "positive",
        "forced_ujy": "",
        "forced_ujy_error": ""
    },
    {
        "MJD": "59928.233750",
        "filter": "r",
        "unforced_mag": "19.365",
        "unforced_mag_error": "",
        "unforced_mag_status": "limit",
        "forced_ujy": "",
        "forced_ujy_error": ""
    },
    {
        "MJD": "59923.210556",
        "filter": "g",
        "unforced_mag": "19.563",
        "unforced_mag_error": "0.226",
        "unforced_mag_status": "positive",
        "forced_ujy": "",
        "forced_ujy_error": ""
    },
    {
        "MJD": "59923.207014",
        "filter": "r",
        "unforced_mag": "19.635",
        "unforced_mag_error": "0.217",
        "unforced_mag_status": "positive",
        "forced_ujy": "",
        "forced_ujy_error": ""
    },
    {
        "MJD": "59914.247824",
        "filter": "r",
        "unforced_mag": "19.303",
        "unforced_mag_error": "0.180",
        "unforced_mag_status": "positive",
        "forced_ujy": "",
        "forced_ujy_error": ""
    },
    {
        "MJD": "59914.223808",
        "filter": "g",
        "unforced_mag": "19.340",
        "unforced_mag_error": "0.184",
        "unforced_mag_status": "positive",
        "forced_ujy": "",
        "forced_ujy_error": ""
    },
    {
        "MJD": "59913.240058",
        "filter": "r",
        "unforced_mag": "19.669",
        "unforced_mag_error": "0.227",
        "unforced_mag_status": "positive",
        "forced_ujy": "",
        "forced_ujy_error": ""
    },
    {
        "MJD": "59910.230810",
        "filter": "r",
        "unforced_mag": "19.320",
        "unforced_mag_error": "0.159",
        "unforced_mag_status": "positive",
        "forced_ujy": "",
        "forced_ujy_error": ""
    },
    {
        "MJD": "59908.225880",
        "filter": "r",
        "unforced_mag": "19.332",
        "unforced_mag_error": "0.208",
        "unforced_mag_status": "positive",
        "forced_ujy": "",
        "forced_ujy_error": ""
    },
    {
        "MJD": "59903.299815",
        "filter": "r",
        "unforced_mag": "19.565",
        "unforced_mag_error": "",
        "unforced_mag_status": "limit",
        "forced_ujy": "",
        "forced_ujy_error": ""
    },
    {
        "MJD": "59903.236979",
        "filter": "g",
        "unforced_mag": "19.635",
        "unforced_mag_error": "0.194",
        "unforced_mag_status": "positive",
        "forced_ujy": "",
        "forced_ujy_error": ""
    },
    {
        "MJD": "59902.293160",
        "filter": "g",
        "unforced_mag": "19.491",
        "unforced_mag_error": "",
        "unforced_mag_status": "limit",
        "forced_ujy": "",
        "forced_ujy_error": ""
    },
    {
        "MJD": "59901.294213",
        "filter": "g",
        "unforced_mag": "19.603",
        "unforced_mag_error": "0.203",
        "unforced_mag_status": "positive",
        "forced_ujy": "",
        "forced_ujy_error": ""
    },
    {
        "MJD": "59901.272859",
        "filter": "r",
        "unforced_mag": "19.383",
        "unforced_mag_error": "0.180",
        "unforced_mag_status": "positive",
        "forced_ujy": "",
        "forced_ujy_error": ""
    },
    {
        "MJD": "59900.290208",
        "filter": "g",
        "unforced_mag": "19.154",
        "unforced_mag_error": "",
        "unforced_mag_status": "limit",
        "forced_ujy": "",
        "forced_ujy_error": ""
    },
    {
        "MJD": "59900.251308",
        "filter": "r",
        "unforced_mag": "19.124",
        "unforced_mag_error": "",
        "unforced_mag_status": "limit",
        "forced_ujy": "",
        "forced_ujy_error": ""
    },
    {
        "MJD": "59899.315081",
        "filter": "r",
        "unforced_mag": "19.028",
        "unforced_mag_error": "",
        "unforced_mag_status": "limit",
        "forced_ujy": "",
        "forced_ujy_error": ""
    },
    {
        "MJD": "59899.231250",
        "filter": "g",
        "unforced_mag": "19.142",
        "unforced_mag_error": "",
        "unforced_mag_status": "limit",
        "forced_ujy": "",
        "forced_ujy_error": ""
    },
    {
        "MJD": "59898.314525",
        "filter": "r",
        "unforced_mag": "19.667",
        "unforced_mag_error": "",
        "unforced_mag_status": "limit",
        "forced_ujy": "",
        "forced_ujy_error": ""
    },
    {
        "MJD": "59898.295035",
        "filter": "g",
        "unforced_mag": "19.514",
        "unforced_mag_error": "0.236",
        "unforced_mag_status": "positive",
        "forced_ujy": "",
        "forced_ujy_error": ""
    },
    {
        "MJD": "59897.290394",
        "filter": "r",
        "unforced_mag": "19.484",
        "unforced_mag_error": "0.180",
        "unforced_mag_status": "positive",
        "forced_ujy": "",
        "forced_ujy_error": ""
    },
    {
        "MJD": "59897.251285",
        "filter": "g",
        "unforced_mag": "19.450",
        "unforced_mag_error": "0.180",
        "unforced_mag_status": "positive",
        "forced_ujy": "",
        "forced_ujy_error": ""
    },
    {
        "MJD": "59896.328565",
        "filter": "r",
        "unforced_mag": "19.288",
        "unforced_mag_error": "",
        "unforced_mag_status": "limit",
        "forced_ujy": "",
        "forced_ujy_error": ""
    },
    {
        "MJD": "59894.314433",
        "filter": "r",
        "unforced_mag": "18.940",
        "unforced_mag_error": "",
        "unforced_mag_status": "limit",
        "forced_ujy": "",
        "forced_ujy_error": ""
    },
    {
        "MJD": "59888.330405",
        "filter": "r",
        "unforced_mag": "17.033",
        "unforced_mag_error": "",
        "unforced_mag_status": "limit",
        "forced_ujy": "",
        "forced_ujy_error": ""
    },
    {
        "MJD": "59887.308796",
        "filter": "r",
        "unforced_mag": "19.272",
        "unforced_mag_error": "0.148",
        "unforced_mag_status": "positive",
        "forced_ujy": "",
        "forced_ujy_error": ""
    },
    {
        "MJD": "59887.272326",
        "filter": "g",
        "unforced_mag": "19.138",
        "unforced_mag_error": "0.174",
        "unforced_mag_status": "positive",
        "forced_ujy": "",
        "forced_ujy_error": ""
    },
    {
        "MJD": "59882.378125",
        "filter": "g",
        "unforced_mag": "18.214",
        "unforced_mag_error": "",
        "unforced_mag_status": "limit",
        "forced_ujy": "",
        "forced_ujy_error": ""
    },
    {
        "MJD": "59882.314039",
        "filter": "r",
        "unforced_mag": "18.744",
        "unforced_mag_error": "",
        "unforced_mag_status": "limit",
        "forced_ujy": "",
        "forced_ujy_error": ""
    },
    {
        "MJD": "59880.356690",
        "filter": "g",
        "unforced_mag": "19.338",
        "unforced_mag_error": "0.162",
        "unforced_mag_status": "positive",
        "forced_ujy": "",
        "forced_ujy_error": ""
    },
    {
        "MJD": "59880.335868",
        "filter": "r",
        "unforced_mag": "19.187",
        "unforced_mag_error": "0.129",
        "unforced_mag_status": "positive",
        "forced_ujy": "",
        "forced_ujy_error": ""
    },
    {
        "MJD": "59878.356643",
        "filter": "g",
        "unforced_mag": "19.325",
        "unforced_mag_error": "0.133",
        "unforced_mag_status": "positive",
        "forced_ujy": "",
        "forced_ujy_error": ""
    },
    {
        "MJD": "59878.314236",
        "filter": "r",
        "unforced_mag": "19.455",
        "unforced_mag_error": "0.177",
        "unforced_mag_status": "positive",
        "forced_ujy": "",
        "forced_ujy_error": ""
    },
    {
        "MJD": "59876.339016",
        "filter": "r",
        "unforced_mag": "19.123",
        "unforced_mag_error": "0.234",
        "unforced_mag_status": "positive",
        "forced_ujy": "",
        "forced_ujy_error": ""
    },
    {
        "MJD": "59876.293611",
        "filter": "g",
        "unforced_mag": "19.493",
        "unforced_mag_error": "0.227",
        "unforced_mag_status": "positive",
        "forced_ujy": "",
        "forced_ujy_error": ""
    },
    {
        "MJD": "59873.387998",
        "filter": "g",
        "unforced_mag": "19.030",
        "unforced_mag_error": "0.108",
        "unforced_mag_status": "positive",
        "forced_ujy": "",
        "forced_ujy_error": ""
    },
    {
        "MJD": "59871.356632",
        "filter": "g",
        "unforced_mag": "19.198",
        "unforced_mag_error": "0.156",
        "unforced_mag_status": "positive",
        "forced_ujy": "",
        "forced_ujy_error": ""
    },
    {
        "MJD": "59871.313634",
        "filter": "r",
        "unforced_mag": "19.119",
        "unforced_mag_error": "0.158",
        "unforced_mag_status": "positive",
        "forced_ujy": "",
        "forced_ujy_error": ""
    },
    {
        "MJD": "59869.377674",
        "filter": "g",
        "unforced_mag": "19.736",
        "unforced_mag_error": "",
        "unforced_mag_status": "limit",
        "forced_ujy": "",
        "forced_ujy_error": ""
    },
    {
        "MJD": "59866.355938",
        "filter": "r",
        "unforced_mag": "19.072",
        "unforced_mag_error": "0.132",
        "unforced_mag_status": "positive",
        "forced_ujy": "",
        "forced_ujy_error": ""
    },
    {
        "MJD": "59864.396782",
        "filter": "g",
        "unforced_mag": "19.064",
        "unforced_mag_error": "0.222",
        "unforced_mag_status": "positive",
        "forced_ujy": "",
        "forced_ujy_error": ""
    },
    {
        "MJD": "59864.353333",
        "filter": "r",
        "unforced_mag": "19.325",
        "unforced_mag_error": "0.231",
        "unforced_mag_status": "positive",
        "forced_ujy": "",
        "forced_ujy_error": ""
    },
    {
        "MJD": "59862.444028",
        "filter": "r",
        "unforced_mag": "18.936",
        "unforced_mag_error": "",
        "unforced_mag_status": "limit",
        "forced_ujy": "",
        "forced_ujy_error": ""
    },
    {
        "MJD": "59862.377396",
        "filter": "g",
        "unforced_mag": "18.920",
        "unforced_mag_error": "0.219",
        "unforced_mag_status": "positive",
        "forced_ujy": "",
        "forced_ujy_error": ""
    },
    {
        "MJD": "59860.462569",
        "filter": "g",
        "unforced_mag": "18.975",
        "unforced_mag_error": "0.182",
        "unforced_mag_status": "positive",
        "forced_ujy": "",
        "forced_ujy_error": ""
    },
    {
        "MJD": "59860.403831",
        "filter": "r",
        "unforced_mag": "19.157",
        "unforced_mag_error": "",
        "unforced_mag_status": "limit",
        "forced_ujy": "",
        "forced_ujy_error": ""
    },
    {
        "MJD": "59858.418322",
        "filter": "g",
        "unforced_mag": "19.011",
        "unforced_mag_error": "0.108",
        "unforced_mag_status": "positive",
        "forced_ujy": "",
        "forced_ujy_error": ""
    },
    {
        "MJD": "59858.355972",
        "filter": "r",
        "unforced_mag": "18.992",
        "unforced_mag_error": "0.137",
        "unforced_mag_status": "positive",
        "forced_ujy": "",
        "forced_ujy_error": ""
    },
    {
        "MJD": "59856.419398",
        "filter": "g",
        "unforced_mag": "18.889",
        "unforced_mag_error": "0.091",
        "unforced_mag_status": "positive",
        "forced_ujy": "",
        "forced_ujy_error": ""
    },
    {
        "MJD": "59854.375857",
        "filter": "g",
        "unforced_mag": "18.873",
        "unforced_mag_error": "0.081",
        "unforced_mag_status": "positive",
        "forced_ujy": "",
        "forced_ujy_error": ""
    },
    {
        "MJD": "59852.482917",
        "filter": "r",
        "unforced_mag": "18.977",
        "unforced_mag_error": "0.113",
        "unforced_mag_status": "positive",
        "forced_ujy": "",
        "forced_ujy_error": ""
    },
    {
        "MJD": "59852.377419",
        "filter": "g",
        "unforced_mag": "18.870",
        "unforced_mag_error": "0.092",
        "unforced_mag_status": "positive",
        "forced_ujy": "",
        "forced_ujy_error": ""
    },
    {
        "MJD": "59850.481840",
        "filter": "r",
        "unforced_mag": "18.886",
        "unforced_mag_error": "0.088",
        "unforced_mag_status": "positive",
        "forced_ujy": "",
        "forced_ujy_error": ""
    },
    {
        "MJD": "59850.396782",
        "filter": "g",
        "unforced_mag": "18.791",
        "unforced_mag_error": "0.080",
        "unforced_mag_status": "positive",
        "forced_ujy": "",
        "forced_ujy_error": ""
    },
    {
        "MJD": "59848.398241",
        "filter": "g",
        "unforced_mag": "18.844",
        "unforced_mag_error": "0.093",
        "unforced_mag_status": "positive",
        "forced_ujy": "",
        "forced_ujy_error": ""
    },
    {
        "MJD": "59846.429722",
        "filter": "r",
        "unforced_mag": "18.775",
        "unforced_mag_error": "0.094",
        "unforced_mag_status": "positive",
        "forced_ujy": "",
        "forced_ujy_error": ""
    },
    {
        "MJD": "59843.460961",
        "filter": "g",
        "unforced_mag": "18.788",
        "unforced_mag_error": "0.082",
        "unforced_mag_status": "positive",
        "forced_ujy": "",
        "forced_ujy_error": ""
    },
    {
        "MJD": "59843.423252",
        "filter": "r",
        "unforced_mag": "18.808",
        "unforced_mag_error": "0.100",
        "unforced_mag_status": "positive",
        "forced_ujy": "",
        "forced_ujy_error": ""
    },
    {
        "MJD": "59841.440741",
        "filter": "g",
        "unforced_mag": "18.716",
        "unforced_mag_error": "0.079",
        "unforced_mag_status": "positive",
        "forced_ujy": "",
        "forced_ujy_error": ""
    },
    {
        "MJD": "59841.397662",
        "filter": "g",
        "unforced_mag": "18.670",
        "unforced_mag_error": "0.111",
        "unforced_mag_status": "positive",
        "forced_ujy": "",
        "forced_ujy_error": ""
    },
    {
        "MJD": "59839.464144",
        "filter": "g",
        "unforced_mag": "18.596",
        "unforced_mag_error": "0.081",
        "unforced_mag_status": "positive",
        "forced_ujy": "",
        "forced_ujy_error": ""
    },
    {
        "MJD": "59827.461157",
        "filter": "r",
        "unforced_mag": "18.712",
        "unforced_mag_error": "0.101",
        "unforced_mag_status": "positive",
        "forced_ujy": "",
        "forced_ujy_error": ""
    },
    {
        "MJD": "59827.438819",
        "filter": "g",
        "unforced_mag": "18.455",
        "unforced_mag_error": "0.089",
        "unforced_mag_status": "positive",
        "forced_ujy": "",
        "forced_ujy_error": ""
    },
    {
        "MJD": "59825.440220",
        "filter": "r",
        "unforced_mag": "18.540",
        "unforced_mag_error": "0.085",
        "unforced_mag_status": "positive",
        "forced_ujy": "",
        "forced_ujy_error": ""
    },
    {
        "MJD": "59823.460544",
        "filter": "r",
        "unforced_mag": "19.097",
        "unforced_mag_error": "",
        "unforced_mag_status": "limit",
        "forced_ujy": "",
        "forced_ujy_error": ""
    },
    {
        "MJD": "59823.439155",
        "filter": "g",
        "unforced_mag": "18.461",
        "unforced_mag_error": "0.080",
        "unforced_mag_status": "positive",
        "forced_ujy": "",
        "forced_ujy_error": ""
    }
]