[
    {
        "MJD": "60311.144699",
        "filter": "r",
        "unforced_mag": "20.242",
        "unforced_mag_error": "0.212",
        "unforced_mag_status": "positive",
        "forced_ujy": "",
        "forced_ujy_error": ""
    },
    {
        "MJD": "60290.219873",
        "filter": "g",
        "unforced_mag": "19.676",
        "unforced_mag_error": "0.138",
        "unforced_mag_status": "positive",
        "forced_ujy": "51.3",
        "forced_ujy_error": "2.8"
    },
    {
        "MJD": "60290.180324",
        "filter": "r",
        "unforced_mag": "19.974",
        "unforced_mag_error": "0.167",
        "unforced_mag_status": "positive",
        "forced_ujy": "40.0",
        "forced_ujy_error": "3.2"
    },
    {
        "MJD": "60288.197234",
        "filter": "r",
        "unforced_mag": "19.685",
        "unforced_mag_error": "0.210",
        "unforced_mag_status": "positive",
        "forced_ujy": "44.9",
        "forced_ujy_error": "5.5"
    },
    {
        "MJD": "60288.137674",
        "filter": "g",
        "unforced_mag": "19.607",
        "unforced_mag_error": "0.204",
        "unforced_mag_status": "positive",
        "forced_ujy": "49.7",
        "forced_ujy_error": "4.0"
    },
    {
        "MJD": "60284.219768",
        "filter": "g",
        "unforced_mag": "19.518",
        "unforced_mag_error": "0.155",
        "unforced_mag_status": "positive",
        "forced_ujy": "56.6",
        "forced_ujy_error": "3.3"
    },
    {
        "MJD": "60284.158600",
        "filter": "r",
        "unforced_mag": "19.802",
        "unforced_mag_error": "0.143",
        "unforced_mag_status": "positive",
        "forced_ujy": "45.1",
        "forced_ujy_error": "3.1"
    },
    {
        "MJD": "60263.179317",
        "filter": "g",
        "unforced_mag": "18.576",
        "unforced_mag_error": "",
        "unforced_mag_status": "limit",
        "forced_ujy": "",
        "forced_ujy_error": ""
    },
    {
        "MJD": "60261.197905",
        "filter": "g",
        "unforced_mag": "19.203",
        "unforced_mag_error": "0.114",
        "unforced_mag_status": "positive",
        "forced_ujy": "78.2",
        "forced_ujy_error": "3.5"
    },
    {
        "MJD": "60261.158368",
        "filter": "r",
        "unforced_mag": "19.519",
        "unforced_mag_error": "0.098",
        "unforced_mag_status": "positive",
        "forced_ujy": "60.4",
        "forced_ujy_error": "2.9"
    },
    {
        "MJD": "60259.294769",
        "filter": "r",
        "unforced_mag": "19.522",
        "unforced_mag_error": "0.143",
        "unforced_mag_status": "positive",
        "forced_ujy": "55.1",
        "forced_ujy_error": "4.3"
    },
    {
        "MJD": "60259.202326",
        "filter": "g",
        "unforced_mag": "19.131",
        "unforced_mag_error": "0.123",
        "unforced_mag_status": "positive",
        "forced_ujy": "78.1",
        "forced_ujy_error": "3.6"
    },
    {
        "MJD": "60257.228704",
        "filter": "g",
        "unforced_mag": "19.073",
        "unforced_mag_error": "0.143",
        "unforced_mag_status": "positive",
        "forced_ujy": "75.7",
        "forced_ujy_error": "5.1"
    },
    {
        "MJD": "60257.176725",
        "filter": "r",
        "unforced_mag": "19.504",
        "unforced_mag_error": "0.143",
        "unforced_mag_status": "positive",
        "forced_ujy": "55.0",
        "forced_ujy_error": "4.4"
    },
    {
        "MJD": "60254.195081",
        "filter": "g",
        "unforced_mag": "19.082",
        "unforced_mag_error": "0.087",
        "unforced_mag_status": "positive",
        "forced_ujy": "89.5",
        "forced_ujy_error": "3.2"
    },
    {
        "MJD": "60254.141991",
        "filter": "r",
        "unforced_mag": "19.353",
        "unforced_mag_error": "0.102",
        "unforced_mag_status": "positive",
        "forced_ujy": "70.0",
        "forced_ujy_error": "3.2"
    },
    {
        "MJD": "60252.289190",
        "filter": "r",
        "unforced_mag": "19.258",
        "unforced_mag_error": "0.104",
        "unforced_mag_status": "positive",
        "forced_ujy": "76.8",
        "forced_ujy_error": "3.3"
    },
    {
        "MJD": "60252.194803",
        "filter": "g",
        "unforced_mag": "19.115",
        "unforced_mag_error": "0.123",
        "unforced_mag_status": "positive",
        "forced_ujy": "83.3",
        "forced_ujy_error": "3.0"
    },
    {
        "MJD": "60250.268299",
        "filter": "r",
        "unforced_mag": "19.410",
        "unforced_mag_error": "0.121",
        "unforced_mag_status": "positive",
        "forced_ujy": "62.6",
        "forced_ujy_error": "3.9"
    },
    {
        "MJD": "60250.181701",
        "filter": "g",
        "unforced_mag": "19.043",
        "unforced_mag_error": "0.113",
        "unforced_mag_status": "positive",
        "forced_ujy": "86.0",
        "forced_ujy_error": "4.2"
    },
    {
        "MJD": "60245.285139",
        "filter": "g",
        "unforced_mag": "18.907",
        "unforced_mag_error": "0.134",
        "unforced_mag_status": "positive",
        "forced_ujy": "94.0",
        "forced_ujy_error": "10.1"
    },
    {
        "MJD": "60245.223808",
        "filter": "r",
        "unforced_mag": "19.305",
        "unforced_mag_error": "0.182",
        "unforced_mag_status": "positive",
        "forced_ujy": "69.9",
        "forced_ujy_error": "7.1"
    },
    {
        "MJD": "60242.318507",
        "filter": "g",
        "unforced_mag": "18.930",
        "unforced_mag_error": "0.101",
        "unforced_mag_status": "positive",
        "forced_ujy": "102.1",
        "forced_ujy_error": "5.2"
    },
    {
        "MJD": "60242.244051",
        "filter": "r",
        "unforced_mag": "19.336",
        "unforced_mag_error": "0.145",
        "unforced_mag_status": "positive",
        "forced_ujy": "70.2",
        "forced_ujy_error": "4.3"
    },
    {
        "MJD": "60239.344526",
        "filter": "r",
        "unforced_mag": "19.271",
        "unforced_mag_error": "0.092",
        "unforced_mag_status": "positive",
        "forced_ujy": "74.4",
        "forced_ujy_error": "2.9"
    },
    {
        "MJD": "60239.284387",
        "filter": "g",
        "unforced_mag": "18.989",
        "unforced_mag_error": "0.089",
        "unforced_mag_status": "positive",
        "forced_ujy": "94.4",
        "forced_ujy_error": "2.8"
    },
    {
        "MJD": "60237.215393",
        "filter": "g",
        "unforced_mag": "18.992",
        "unforced_mag_error": "0.114",
        "unforced_mag_status": "positive",
        "forced_ujy": "93.1",
        "forced_ujy_error": "3.2"
    },
    {
        "MJD": "60237.198588",
        "filter": "r",
        "unforced_mag": "19.339",
        "unforced_mag_error": "0.115",
        "unforced_mag_status": "positive",
        "forced_ujy": "71.8",
        "forced_ujy_error": "3.1"
    },
    {
        "MJD": "60235.243125",
        "filter": "r",
        "unforced_mag": "19.273",
        "unforced_mag_error": "0.097",
        "unforced_mag_status": "positive",
        "forced_ujy": "73.5",
        "forced_ujy_error": "2.7"
    },
    {
        "MJD": "60235.201215",
        "filter": "g",
        "unforced_mag": "19.017",
        "unforced_mag_error": "0.102",
        "unforced_mag_status": "positive",
        "forced_ujy": "90.2",
        "forced_ujy_error": "3.0"
    },
    {
        "MJD": "60233.218495",
        "filter": "g",
        "unforced_mag": "19.019",
        "unforced_mag_error": "0.097",
        "unforced_mag_status": "positive",
        "forced_ujy": "87.1",
        "forced_ujy_error": "3.3"
    },
    {
        "MJD": "60233.178993",
        "filter": "r",
        "unforced_mag": "19.303",
        "unforced_mag_error": "0.098",
        "unforced_mag_status": "positive",
        "forced_ujy": "73.2",
        "forced_ujy_error": "3.3"
    },
    {
        "MJD": "60231.331806",
        "filter": "r",
        "unforced_mag": "19.366",
        "unforced_mag_error": "0.103",
        "unforced_mag_status": "positive",
        "forced_ujy": "66.9",
        "forced_ujy_error": "3.2"
    },
    {
        "MJD": "60231.195185",
        "filter": "g",
        "unforced_mag": "18.990",
        "unforced_mag_error": "0.082",
        "unforced_mag_status": "positive",
        "forced_ujy": "94.2",
        "forced_ujy_error": "3.0"
    },
    {
        "MJD": "60228.257060",
        "filter": "g",
        "unforced_mag": "19.054",
        "unforced_mag_error": "0.089",
        "unforced_mag_status": "positive",
        "forced_ujy": "85.1",
        "forced_ujy_error": "3.2"
    },
    {
        "MJD": "60226.282037",
        "filter": "r",
        "unforced_mag": "19.321",
        "unforced_mag_error": "0.109",
        "unforced_mag_status": "positive",
        "forced_ujy": "71.5",
        "forced_ujy_error": "2.9"
    },
    {
        "MJD": "60223.288275",
        "filter": "g",
        "unforced_mag": "19.178",
        "unforced_mag_error": "0.107",
        "unforced_mag_status": "positive",
        "forced_ujy": "75.9",
        "forced_ujy_error": "3.9"
    },
    {
        "MJD": "60223.215428",
        "filter": "r",
        "unforced_mag": "19.394",
        "unforced_mag_error": "0.114",
        "unforced_mag_status": "positive",
        "forced_ujy": "61.8",
        "forced_ujy_error": "4.0"
    },
    {
        "MJD": "60221.284433",
        "filter": "r",
        "unforced_mag": "19.665",
        "unforced_mag_error": "0.187",
        "unforced_mag_status": "positive",
        "forced_ujy": "50.4",
        "forced_ujy_error": "4.1"
    },
    {
        "MJD": "60221.178819",
        "filter": "g",
        "unforced_mag": "19.332",
        "unforced_mag_error": "0.117",
        "unforced_mag_status": "positive",
        "forced_ujy": "67.4",
        "forced_ujy_error": "3.7"
    },
    {
        "MJD": "60216.485671",
        "filter": "r",
        "unforced_mag": "19.546",
        "unforced_mag_error": "0.236",
        "unforced_mag_status": "positive",
        "forced_ujy": "60.0",
        "forced_ujy_error": "8.0"
    },
    {
        "MJD": "60216.317257",
        "filter": "g",
        "unforced_mag": "19.508",
        "unforced_mag_error": "",
        "unforced_mag_status": "limit",
        "forced_ujy": "65.0",
        "forced_ujy_error": "7.4"
    },
    {
        "MJD": "60214.369526",
        "filter": "g",
        "unforced_mag": "19.532",
        "unforced_mag_error": "0.179",
        "unforced_mag_status": "positive",
        "forced_ujy": "54.2",
        "forced_ujy_error": "5.9"
    },
    {
        "MJD": "60214.277419",
        "filter": "r",
        "unforced_mag": "19.893",
        "unforced_mag_error": "0.172",
        "unforced_mag_status": "positive",
        "forced_ujy": "42.4",
        "forced_ujy_error": "4.2"
    },
    {
        "MJD": "60212.410093",
        "filter": "g",
        "unforced_mag": "19.691",
        "unforced_mag_error": "0.130",
        "unforced_mag_status": "positive",
        "forced_ujy": "48.7",
        "forced_ujy_error": "2.2"
    },
    {
        "MJD": "60212.383391",
        "filter": "r",
        "unforced_mag": "19.912",
        "unforced_mag_error": "0.133",
        "unforced_mag_status": "positive",
        "forced_ujy": "41.8",
        "forced_ujy_error": "2.6"
    },
    {
        "MJD": "60209.349942",
        "filter": "g",
        "unforced_mag": "19.907",
        "unforced_mag_error": "0.192",
        "unforced_mag_status": "positive",
        "forced_ujy": "40.4",
        "forced_ujy_error": "4.8"
    },
    {
        "MJD": "60209.310440",
        "filter": "r",
        "unforced_mag": "19.939",
        "unforced_mag_error": "0.166",
        "unforced_mag_status": "positive",
        "forced_ujy": "37.5",
        "forced_ujy_error": "4.2"
    },
    {
        "MJD": "60206.429491",
        "filter": "r",
        "unforced_mag": "20.362",
        "unforced_mag_error": "0.179",
        "unforced_mag_status": "positive",
        "forced_ujy": "27.0",
        "forced_ujy_error": "2.7"
    },
    {
        "MJD": "60206.413623",
        "filter": "g",
        "unforced_mag": "19.952",
        "unforced_mag_error": "0.149",
        "unforced_mag_status": "positive",
        "forced_ujy": "38.6",
        "forced_ujy_error": "2.4"
    },
    {
        "MJD": "60204.405104",
        "filter": "r",
        "unforced_mag": "20.584",
        "unforced_mag_error": "0.194",
        "unforced_mag_status": "positive",
        "forced_ujy": "",
        "forced_ujy_error": ""
    },
    {
        "MJD": "60204.350637",
        "filter": "g",
        "unforced_mag": "20.212",
        "unforced_mag_error": "0.177",
        "unforced_mag_status": "positive",
        "forced_ujy": "",
        "forced_ujy_error": ""
    },
    {
        "MJD": "60202.437731",
        "filter": "g",
        "unforced_mag": "20.574",
        "unforced_mag_error": "0.241",
        "unforced_mag_status": "positive",
        "forced_ujy": "",
        "forced_ujy_error": ""
    },
    {
        "MJD": "60202.266146",
        "filter": "r",
        "unforced_mag": "20.598",
        "unforced_mag_error": "0.231",
        "unforced_mag_status": "positive",
        "forced_ujy": "",
        "forced_ujy_error": ""
    },
    {
        "MJD": "60200.415012",
        "filter": "r",
        "unforced_mag": "20.759",
        "unforced_mag_error": "",
        "unforced_mag_status": "limit",
        "forced_ujy": "",
        "forced_ujy_error": ""
    },
    {
        "MJD": "60200.372211",
        "filter": "g",
        "unforced_mag": "20.593",
        "unforced_mag_error": "0.199",
        "unforced_mag_status": "positive",
        "forced_ujy": "",
        "forced_ujy_error": ""
    },
    {
        "MJD": "60196.347512",
        "filter": "r",
        "unforced_mag": "20.623",
        "unforced_mag_error": "",
        "unforced_mag_status": "limit",
        "forced_ujy": "",
        "forced_ujy_error": ""
    },
    {
        "MJD": "60196.322974",
        "filter": "g",
        "unforced_mag": "20.977",
        "unforced_mag_error": "0.333",
        "unforced_mag_status": "positive",
        "forced_ujy": "",
        "forced_ujy_error": ""
    },
    {
        "MJD": "60194.325220",
        "filter": "r",
        "unforced_mag": "20.566",
        "unforced_mag_error": "",
        "unforced_mag_status": "limit",
        "forced_ujy": "",
        "forced_ujy_error": ""
    },
    {
        "MJD": "60194.308750",
        "filter": "g",
        "unforced_mag": "20.611",
        "unforced_mag_error": "",
        "unforced_mag_status": "limit",
        "forced_ujy": "",
        "forced_ujy_error": ""
    },
    {
        "MJD": "60191.389201",
        "filter": "g",
        "unforced_mag": "20.066",
        "unforced_mag_error": "",
        "unforced_mag_status": "limit",
        "forced_ujy": "",
        "forced_ujy_error": ""
    },
    {
        "MJD": "60186.471007",
        "filter": "g",
        "unforced_mag": "19.729",
        "unforced_mag_error": "",
        "unforced_mag_status": "limit",
        "forced_ujy": "",
        "forced_ujy_error": ""
    },
    {
        "MJD": "60186.359618",
        "filter": "r",
        "unforced_mag": "19.729",
        "unforced_mag_error": "",
        "unforced_mag_status": "limit",
        "forced_ujy": "",
        "forced_ujy_error": ""
    },
    {
        "MJD": "60184.471088",
        "filter": "r",
        "unforced_mag": "20.660",
        "unforced_mag_error": "",
        "unforced_mag_status": "limit",
        "forced_ujy": "",
        "forced_ujy_error": ""
    },
    {
        "MJD": "60184.427905",
        "filter": "g",
        "unforced_mag": "20.612",
        "unforced_mag_error": "",
        "unforced_mag_status": "limit",
        "forced_ujy": "",
        "forced_ujy_error": ""
    },
    {
        "MJD": "60182.427755",
        "filter": "g",
        "unforced_mag": "20.570",
        "unforced_mag_error": "",
        "unforced_mag_status": "limit",
        "forced_ujy": "",
        "forced_ujy_error": ""
    },
    {
        "MJD": "60182.344433",
        "filter": "r",
        "unforced_mag": "20.634",
        "unforced_mag_error": "",
        "unforced_mag_status": "limit",
        "forced_ujy": "",
        "forced_ujy_error": ""
    },
    {
        "MJD": "60180.408275",
        "filter": "g",
        "unforced_mag": "19.475",
        "unforced_mag_error": "",
        "unforced_mag_status": "limit",
        "forced_ujy": "",
        "forced_ujy_error": ""
    },
    {
        "MJD": "60178.429734",
        "filter": "g",
        "unforced_mag": "20.765",
        "unforced_mag_error": "",
        "unforced_mag_status": "limit",
        "forced_ujy": "",
        "forced_ujy_error": ""
    },
    {
        "MJD": "60173.471146",
        "filter": "g",
        "unforced_mag": "20.769",
        "unforced_mag_error": "",
        "unforced_mag_status": "limit",
        "forced_ujy": "",
        "forced_ujy_error": ""
    },
    {
        "MJD": "60173.338831",
        "filter": "r",
        "unforced_mag": "20.599",
        "unforced_mag_error": "",
        "unforced_mag_status": "limit",
        "forced_ujy": "",
        "forced_ujy_error": ""
    },
    {
        "MJD": "60170.408843",
        "filter": "r",
        "unforced_mag": "20.752",
        "unforced_mag_error": "",
        "unforced_mag_status": "limit",
        "forced_ujy": "",
        "forced_ujy_error": ""
    }
]