[
    {
        "MJD": "59703.182083",
        "filter": "g",
        "unforced_mag": "19.564",
        "unforced_mag_error": "0.198",
        "unforced_mag_status": "positive",
        "forced_ujy": "",
        "forced_ujy_error": ""
    },
    {
        "MJD": "59700.194051",
        "filter": "g",
        "unforced_mag": "19.416",
        "unforced_mag_error": "0.167",
        "unforced_mag_status": "positive",
        "forced_ujy": "",
        "forced_ujy_error": ""
    },
    {
        "MJD": "59697.203310",
        "filter": "g",
        "unforced_mag": "19.451",
        "unforced_mag_error": "0.184",
        "unforced_mag_status": "positive",
        "forced_ujy": "",
        "forced_ujy_error": ""
    },
    {
        "MJD": "59697.176308",
        "filter": "r",
        "unforced_mag": "20.240",
        "unforced_mag_error": "",
        "unforced_mag_status": "limit",
        "forced_ujy": "",
        "forced_ujy_error": ""
    },
    {
        "MJD": "59695.197500",
        "filter": "r",
        "unforced_mag": "19.936",
        "unforced_mag_error": "",
        "unforced_mag_status": "limit",
        "forced_ujy": "",
        "forced_ujy_error": ""
    },
    {
        "MJD": "59695.174907",
        "filter": "g",
        "unforced_mag": "19.364",
        "unforced_mag_error": "0.171",
        "unforced_mag_status": "positive",
        "forced_ujy": "",
        "forced_ujy_error": ""
    },
    {
        "MJD": "59693.221759",
        "filter": "g",
        "unforced_mag": "19.334",
        "unforced_mag_error": "0.129",
        "unforced_mag_status": "positive",
        "forced_ujy": "",
        "forced_ujy_error": ""
    },
    {
        "MJD": "59693.186215",
        "filter": "r",
        "unforced_mag": "19.477",
        "unforced_mag_error": "0.159",
        "unforced_mag_status": "positive",
        "forced_ujy": "",
        "forced_ujy_error": ""
    },
    {
        "MJD": "59689.185104",
        "filter": "r",
        "unforced_mag": "19.349",
        "unforced_mag_error": "0.181",
        "unforced_mag_status": "positive",
        "forced_ujy": "",
        "forced_ujy_error": ""
    },
    {
        "MJD": "59689.161551",
        "filter": "g",
        "unforced_mag": "19.431",
        "unforced_mag_error": "0.244",
        "unforced_mag_status": "positive",
        "forced_ujy": "",
        "forced_ujy_error": ""
    },
    {
        "MJD": "59687.176968",
        "filter": "g",
        "unforced_mag": "19.123",
        "unforced_mag_error": "0.131",
        "unforced_mag_status": "positive",
        "forced_ujy": "",
        "forced_ujy_error": ""
    },
    {
        "MJD": "59687.160556",
        "filter": "r",
        "unforced_mag": "20.142",
        "unforced_mag_error": "",
        "unforced_mag_status": "limit",
        "forced_ujy": "",
        "forced_ujy_error": ""
    },
    {
        "MJD": "59684.265775",
        "filter": "g",
        "unforced_mag": "19.001",
        "unforced_mag_error": "",
        "unforced_mag_status": "limit",
        "forced_ujy": "",
        "forced_ujy_error": ""
    },
    {
        "MJD": "59682.173611",
        "filter": "g",
        "unforced_mag": "19.125",
        "unforced_mag_error": "0.181",
        "unforced_mag_status": "positive",
        "forced_ujy": "",
        "forced_ujy_error": ""
    },
    {
        "MJD": "59682.159849",
        "filter": "r",
        "unforced_mag": "19.280",
        "unforced_mag_error": "0.241",
        "unforced_mag_status": "positive",
        "forced_ujy": "",
        "forced_ujy_error": ""
    },
    {
        "MJD": "59676.194282",
        "filter": "g",
        "unforced_mag": "18.917",
        "unforced_mag_error": "0.108",
        "unforced_mag_status": "positive",
        "forced_ujy": "",
        "forced_ujy_error": ""
    },
    {
        "MJD": "59674.195856",
        "filter": "r",
        "unforced_mag": "19.012",
        "unforced_mag_error": "0.103",
        "unforced_mag_status": "positive",
        "forced_ujy": "",
        "forced_ujy_error": ""
    },
    {
        "MJD": "59674.181470",
        "filter": "g",
        "unforced_mag": "18.886",
        "unforced_mag_error": "0.097",
        "unforced_mag_status": "positive",
        "forced_ujy": "",
        "forced_ujy_error": ""
    },
    {
        "MJD": "59672.184352",
        "filter": "r",
        "unforced_mag": "19.653",
        "unforced_mag_error": "",
        "unforced_mag_status": "limit",
        "forced_ujy": "",
        "forced_ujy_error": ""
    },
    {
        "MJD": "59672.152963",
        "filter": "g",
        "unforced_mag": "18.823",
        "unforced_mag_error": "0.075",
        "unforced_mag_status": "positive",
        "forced_ujy": "",
        "forced_ujy_error": ""
    },
    {
        "MJD": "59672.152963",
        "filter": "g",
        "unforced_mag": "18.817",
        "unforced_mag_error": "0.074",
        "unforced_mag_status": "positive",
        "forced_ujy": "",
        "forced_ujy_error": ""
    },
    {
        "MJD": "59640.232824",
        "filter": "r",
        "unforced_mag": "17.791",
        "unforced_mag_error": "0.063",
        "unforced_mag_status": "positive",
        "forced_ujy": "",
        "forced_ujy_error": ""
    },
    {
        "MJD": "59640.192176",
        "filter": "g",
        "unforced_mag": "17.617",
        "unforced_mag_error": "0.049",
        "unforced_mag_status": "positive",
        "forced_ujy": "",
        "forced_ujy_error": ""
    },
    {
        "MJD": "59638.341146",
        "filter": "g",
        "unforced_mag": "17.559",
        "unforced_mag_error": "0.082",
        "unforced_mag_status": "positive",
        "forced_ujy": "",
        "forced_ujy_error": ""
    },
    {
        "MJD": "59638.233241",
        "filter": "r",
        "unforced_mag": "17.731",
        "unforced_mag_error": "0.116",
        "unforced_mag_status": "positive",
        "forced_ujy": "",
        "forced_ujy_error": ""
    },
    {
        "MJD": "59636.331204",
        "filter": "r",
        "unforced_mag": "17.663",
        "unforced_mag_error": "0.060",
        "unforced_mag_status": "positive",
        "forced_ujy": "",
        "forced_ujy_error": ""
    },
    {
        "MJD": "59636.211782",
        "filter": "g",
        "unforced_mag": "17.514",
        "unforced_mag_error": "0.045",
        "unforced_mag_status": "positive",
        "forced_ujy": "",
        "forced_ujy_error": ""
    },
    {
        "MJD": "59629.385035",
        "filter": "g",
        "unforced_mag": "17.483",
        "unforced_mag_error": "0.066",
        "unforced_mag_status": "positive",
        "forced_ujy": "",
        "forced_ujy_error": ""
    },
    {
        "MJD": "59629.326076",
        "filter": "r",
        "unforced_mag": "17.622",
        "unforced_mag_error": "0.054",
        "unforced_mag_status": "positive",
        "forced_ujy": "",
        "forced_ujy_error": ""
    },
    {
        "MJD": "59627.362685",
        "filter": "r",
        "unforced_mag": "17.626",
        "unforced_mag_error": "0.065",
        "unforced_mag_status": "positive",
        "forced_ujy": "",
        "forced_ujy_error": ""
    },
    {
        "MJD": "59627.310590",
        "filter": "g",
        "unforced_mag": "17.426",
        "unforced_mag_error": "0.069",
        "unforced_mag_status": "positive",
        "forced_ujy": "",
        "forced_ujy_error": ""
    },
    {
        "MJD": "59622.291065",
        "filter": "r",
        "unforced_mag": "17.903",
        "unforced_mag_error": "0.062",
        "unforced_mag_status": "positive",
        "forced_ujy": "",
        "forced_ujy_error": ""
    }
]