[
    {
        "MJD": "60609.136817",
        "filter": "r",
        "unforced_mag": "17.432",
        "unforced_mag_error": "0.063",
        "unforced_mag_status": "positive",
        "forced_ujy": "",
        "forced_ujy_error": ""
    },
    {
        "MJD": "60607.162616",
        "filter": "r",
        "unforced_mag": "17.493",
        "unforced_mag_error": "0.048",
        "unforced_mag_status": "positive",
        "forced_ujy": "382.5",
        "forced_ujy_error": "6.9"
    },
    {
        "MJD": "60607.114190",
        "filter": "g",
        "unforced_mag": "17.383",
        "unforced_mag_error": "0.067",
        "unforced_mag_status": "positive",
        "forced_ujy": "417.0",
        "forced_ujy_error": "5.3"
    },
    {
        "MJD": "60603.155046",
        "filter": "r",
        "unforced_mag": "17.330",
        "unforced_mag_error": "0.053",
        "unforced_mag_status": "positive",
        "forced_ujy": "432.0",
        "forced_ujy_error": "9.3"
    },
    {
        "MJD": "60603.133970",
        "filter": "g",
        "unforced_mag": "17.265",
        "unforced_mag_error": "0.051",
        "unforced_mag_status": "positive",
        "forced_ujy": "432.9",
        "forced_ujy_error": "7.6"
    },
    {
        "MJD": "60599.132801",
        "filter": "r",
        "unforced_mag": "17.262",
        "unforced_mag_error": "0.058",
        "unforced_mag_status": "positive",
        "forced_ujy": "491.3",
        "forced_ujy_error": "6.9"
    },
    {
        "MJD": "60597.155706",
        "filter": "g",
        "unforced_mag": "17.192",
        "unforced_mag_error": "0.056",
        "unforced_mag_status": "positive",
        "forced_ujy": "513.4",
        "forced_ujy_error": "6.6"
    },
    {
        "MJD": "60597.110521",
        "filter": "r",
        "unforced_mag": "17.296",
        "unforced_mag_error": "0.059",
        "unforced_mag_status": "positive",
        "forced_ujy": "506.6",
        "forced_ujy_error": "6.0"
    },
    {
        "MJD": "60595.176875",
        "filter": "r",
        "unforced_mag": "17.181",
        "unforced_mag_error": "0.056",
        "unforced_mag_status": "positive",
        "forced_ujy": "449.6",
        "forced_ujy_error": "10.7"
    },
    {
        "MJD": "60595.114109",
        "filter": "g",
        "unforced_mag": "17.201",
        "unforced_mag_error": "0.056",
        "unforced_mag_status": "positive",
        "forced_ujy": "449.5",
        "forced_ujy_error": "8.6"
    },
    {
        "MJD": "60576.174988",
        "filter": "r",
        "unforced_mag": "17.191",
        "unforced_mag_error": "0.041",
        "unforced_mag_status": "positive",
        "forced_ujy": "515.8",
        "forced_ujy_error": "5.6"
    },
    {
        "MJD": "60576.166910",
        "filter": "r",
        "unforced_mag": "17.235",
        "unforced_mag_error": "0.062",
        "unforced_mag_status": "positive",
        "forced_ujy": "478.0",
        "forced_ujy_error": "7.9"
    },
    {
        "MJD": "60576.129873",
        "filter": "g",
        "unforced_mag": "17.060",
        "unforced_mag_error": "0.045",
        "unforced_mag_status": "positive",
        "forced_ujy": "568.0",
        "forced_ujy_error": "5.2"
    },
    {
        "MJD": "60575.215498",
        "filter": "r",
        "unforced_mag": "17.259",
        "unforced_mag_error": "0.053",
        "unforced_mag_status": "positive",
        "forced_ujy": "466.9",
        "forced_ujy_error": "9.0"
    },
    {
        "MJD": "60575.187199",
        "filter": "r",
        "unforced_mag": "17.181",
        "unforced_mag_error": "0.047",
        "unforced_mag_status": "positive",
        "forced_ujy": "514.0",
        "forced_ujy_error": "6.2"
    },
    {
        "MJD": "60575.145023",
        "filter": "g",
        "unforced_mag": "17.056",
        "unforced_mag_error": "0.055",
        "unforced_mag_status": "positive",
        "forced_ujy": "560.3",
        "forced_ujy_error": "5.0"
    },
    {
        "MJD": "60572.177002",
        "filter": "r",
        "unforced_mag": "17.131",
        "unforced_mag_error": "0.046",
        "unforced_mag_status": "positive",
        "forced_ujy": "563.8",
        "forced_ujy_error": "6.8"
    },
    {
        "MJD": "60572.166146",
        "filter": "g",
        "unforced_mag": "17.015",
        "unforced_mag_error": "0.045",
        "unforced_mag_status": "positive",
        "forced_ujy": "577.2",
        "forced_ujy_error": "8.5"
    },
    {
        "MJD": "60569.185671",
        "filter": "r",
        "unforced_mag": "17.066",
        "unforced_mag_error": "0.066",
        "unforced_mag_status": "positive",
        "forced_ujy": "561.0",
        "forced_ujy_error": "7.7"
    },
    {
        "MJD": "60567.234676",
        "filter": "g",
        "unforced_mag": "17.049",
        "unforced_mag_error": "0.057",
        "unforced_mag_status": "positive",
        "forced_ujy": "557.4",
        "forced_ujy_error": "7.9"
    },
    {
        "MJD": "60567.164167",
        "filter": "r",
        "unforced_mag": "17.191",
        "unforced_mag_error": "0.056",
        "unforced_mag_status": "positive",
        "forced_ujy": "535.4",
        "forced_ujy_error": "5.9"
    },
    {
        "MJD": "60565.208438",
        "filter": "g",
        "unforced_mag": "17.124",
        "unforced_mag_error": "0.046",
        "unforced_mag_status": "positive",
        "forced_ujy": "506.2",
        "forced_ujy_error": "6.2"
    },
    {
        "MJD": "60563.265185",
        "filter": "g",
        "unforced_mag": "17.111",
        "unforced_mag_error": "0.178",
        "unforced_mag_status": "positive",
        "forced_ujy": "",
        "forced_ujy_error": ""
    },
    {
        "MJD": "60561.244687",
        "filter": "g",
        "unforced_mag": "17.266",
        "unforced_mag_error": "0.051",
        "unforced_mag_status": "positive",
        "forced_ujy": "446.7",
        "forced_ujy_error": "6.6"
    },
    {
        "MJD": "60561.201782",
        "filter": "r",
        "unforced_mag": "17.589",
        "unforced_mag_error": "0.060",
        "unforced_mag_status": "positive",
        "forced_ujy": "363.1",
        "forced_ujy_error": "5.4"
    },
    {
        "MJD": "60558.192141",
        "filter": "r",
        "unforced_mag": "20.403",
        "unforced_mag_error": "",
        "unforced_mag_status": "limit",
        "forced_ujy": "270.8",
        "forced_ujy_error": "4.6"
    },
    {
        "MJD": "60558.151597",
        "filter": "g",
        "unforced_mag": "17.610",
        "unforced_mag_error": "0.056",
        "unforced_mag_status": "positive",
        "forced_ujy": "334.9",
        "forced_ujy_error": "4.3"
    },
    {
        "MJD": "60556.194120",
        "filter": "g",
        "unforced_mag": "17.814",
        "unforced_mag_error": "0.061",
        "unforced_mag_status": "positive",
        "forced_ujy": "275.3",
        "forced_ujy_error": "4.4"
    },
    {
        "MJD": "60556.164132",
        "filter": "r",
        "unforced_mag": "20.554",
        "unforced_mag_error": "",
        "unforced_mag_status": "limit",
        "forced_ujy": "215.7",
        "forced_ujy_error": "3.9"
    },
    {
        "MJD": "60554.269468",
        "filter": "r",
        "unforced_mag": "20.136",
        "unforced_mag_error": "",
        "unforced_mag_status": "limit",
        "forced_ujy": "185.2",
        "forced_ujy_error": "5.1"
    },
    {
        "MJD": "60554.227037",
        "filter": "g",
        "unforced_mag": "18.097",
        "unforced_mag_error": "0.067",
        "unforced_mag_status": "positive",
        "forced_ujy": "212.0",
        "forced_ujy_error": "4.0"
    },
    {
        "MJD": "60552.215104",
        "filter": "r",
        "unforced_mag": "20.483",
        "unforced_mag_error": "",
        "unforced_mag_status": "limit",
        "forced_ujy": "132.9",
        "forced_ujy_error": "3.6"
    },
    {
        "MJD": "60552.174792",
        "filter": "g",
        "unforced_mag": "18.390",
        "unforced_mag_error": "0.066",
        "unforced_mag_status": "positive",
        "forced_ujy": "162.3",
        "forced_ujy_error": "3.7"
    },
    {
        "MJD": "60550.216563",
        "filter": "r",
        "unforced_mag": "20.459",
        "unforced_mag_error": "",
        "unforced_mag_status": "limit",
        "forced_ujy": "74.2",
        "forced_ujy_error": "3.9"
    },
    {
        "MJD": "60550.172928",
        "filter": "g",
        "unforced_mag": "18.873",
        "unforced_mag_error": "0.147",
        "unforced_mag_status": "positive",
        "forced_ujy": "101.3",
        "forced_ujy_error": "3.6"
    },
    {
        "MJD": "60548.220741",
        "filter": "r",
        "unforced_mag": "20.467",
        "unforced_mag_error": "",
        "unforced_mag_status": "limit",
        "forced_ujy": "52.1",
        "forced_ujy_error": "3.4"
    },
    {
        "MJD": "60548.174583",
        "filter": "g",
        "unforced_mag": "20.672",
        "unforced_mag_error": "",
        "unforced_mag_status": "limit",
        "forced_ujy": "76.1",
        "forced_ujy_error": "3.1"
    },
    {
        "MJD": "60546.214595",
        "filter": "r",
        "unforced_mag": "20.212",
        "unforced_mag_error": "",
        "unforced_mag_status": "limit",
        "forced_ujy": "14.2",
        "forced_ujy_error": "4.4"
    },
    {
        "MJD": "60546.183009",
        "filter": "g",
        "unforced_mag": "20.512",
        "unforced_mag_error": "",
        "unforced_mag_status": "limit",
        "forced_ujy": "26.0",
        "forced_ujy_error": "3.3"
    },
    {
        "MJD": "60544.258218",
        "filter": "r",
        "unforced_mag": "20.151",
        "unforced_mag_error": "",
        "unforced_mag_status": "limit",
        "forced_ujy": "-2.9",
        "forced_ujy_error": "4.4"
    },
    {
        "MJD": "60544.201123",
        "filter": "g",
        "unforced_mag": "20.180",
        "unforced_mag_error": "",
        "unforced_mag_status": "limit",
        "forced_ujy": "-18.1",
        "forced_ujy_error": "3.9"
    },
    {
        "MJD": "60540.248947",
        "filter": "r",
        "unforced_mag": "19.965",
        "unforced_mag_error": "",
        "unforced_mag_status": "limit",
        "forced_ujy": "-8.1",
        "forced_ujy_error": "5.4"
    },
    {
        "MJD": "60540.225289",
        "filter": "g",
        "unforced_mag": "19.890",
        "unforced_mag_error": "",
        "unforced_mag_status": "limit",
        "forced_ujy": "-5.8",
        "forced_ujy_error": "5.3"
    },
    {
        "MJD": "60537.225174",
        "filter": "r",
        "unforced_mag": "20.347",
        "unforced_mag_error": "",
        "unforced_mag_status": "limit",
        "forced_ujy": "-1.6",
        "forced_ujy_error": "3.9"
    },
    {
        "MJD": "60537.196678",
        "filter": "g",
        "unforced_mag": "20.258",
        "unforced_mag_error": "",
        "unforced_mag_status": "limit",
        "forced_ujy": "-9.9",
        "forced_ujy_error": "3.7"
    },
    {
        "MJD": "60534.260185",
        "filter": "g",
        "unforced_mag": "20.451",
        "unforced_mag_error": "",
        "unforced_mag_status": "limit",
        "forced_ujy": "0.4",
        "forced_ujy_error": "3.2"
    },
    {
        "MJD": "60534.195949",
        "filter": "r",
        "unforced_mag": "17.804",
        "unforced_mag_error": "",
        "unforced_mag_status": "limit",
        "forced_ujy": "",
        "forced_ujy_error": ""
    },
    {
        "MJD": "60533.233692",
        "filter": "g",
        "unforced_mag": "20.657",
        "unforced_mag_error": "",
        "unforced_mag_status": "limit",
        "forced_ujy": "-13.0",
        "forced_ujy_error": "2.5"
    },
    {
        "MJD": "60533.194583",
        "filter": "r",
        "unforced_mag": "19.464",
        "unforced_mag_error": "",
        "unforced_mag_status": "limit",
        "forced_ujy": "",
        "forced_ujy_error": ""
    },
    {
        "MJD": "60532.227130",
        "filter": "g",
        "unforced_mag": "20.935",
        "unforced_mag_error": "",
        "unforced_mag_status": "limit",
        "forced_ujy": "-8.6",
        "forced_ujy_error": "2.0"
    },
    {
        "MJD": "60532.197488",
        "filter": "r",
        "unforced_mag": "20.884",
        "unforced_mag_error": "",
        "unforced_mag_status": "limit",
        "forced_ujy": "-5.7",
        "forced_ujy_error": "2.2"
    },
    {
        "MJD": "60530.255741",
        "filter": "g",
        "unforced_mag": "20.562",
        "unforced_mag_error": "",
        "unforced_mag_status": "limit",
        "forced_ujy": "3.3",
        "forced_ujy_error": "3.2"
    },
    {
        "MJD": "60530.247963",
        "filter": "r",
        "unforced_mag": "20.524",
        "unforced_mag_error": "",
        "unforced_mag_status": "limit",
        "forced_ujy": "-15.3",
        "forced_ujy_error": "3.0"
    },
    {
        "MJD": "60528.311597",
        "filter": "g",
        "unforced_mag": "20.103",
        "unforced_mag_error": "",
        "unforced_mag_status": "limit",
        "forced_ujy": "-3.4",
        "forced_ujy_error": "4.7"
    },
    {
        "MJD": "60528.237477",
        "filter": "r",
        "unforced_mag": "20.410",
        "unforced_mag_error": "",
        "unforced_mag_status": "limit",
        "forced_ujy": "-12.8",
        "forced_ujy_error": "3.4"
    },
    {
        "MJD": "60526.299062",
        "filter": "g",
        "unforced_mag": "20.466",
        "unforced_mag_error": "",
        "unforced_mag_status": "limit",
        "forced_ujy": "1.4",
        "forced_ujy_error": "3.7"
    },
    {
        "MJD": "60526.235961",
        "filter": "r",
        "unforced_mag": "20.762",
        "unforced_mag_error": "",
        "unforced_mag_status": "limit",
        "forced_ujy": "-19.3",
        "forced_ujy_error": "2.6"
    },
    {
        "MJD": "60524.308449",
        "filter": "g",
        "unforced_mag": "20.564",
        "unforced_mag_error": "",
        "unforced_mag_status": "limit",
        "forced_ujy": "1.4",
        "forced_ujy_error": "2.8"
    },
    {
        "MJD": "60524.235694",
        "filter": "r",
        "unforced_mag": "20.576",
        "unforced_mag_error": "",
        "unforced_mag_status": "limit",
        "forced_ujy": "-17.9",
        "forced_ujy_error": "2.7"
    },
    {
        "MJD": "60521.179919",
        "filter": "g",
        "unforced_mag": "20.645",
        "unforced_mag_error": "",
        "unforced_mag_status": "limit",
        "forced_ujy": "-5.6",
        "forced_ujy_error": "2.6"
    }
]