[
    {
        "MJD": "59810.288901",
        "filter": "r",
        "unforced_mag": "19.337",
        "unforced_mag_error": "0.183",
        "unforced_mag_status": "positive",
        "forced_ujy": "",
        "forced_ujy_error": ""
    },
    {
        "MJD": "59810.248090",
        "filter": "g",
        "unforced_mag": "19.834",
        "unforced_mag_error": "",
        "unforced_mag_status": "limit",
        "forced_ujy": "",
        "forced_ujy_error": ""
    },
    {
        "MJD": "59808.347488",
        "filter": "r",
        "unforced_mag": "20.003",
        "unforced_mag_error": "",
        "unforced_mag_status": "limit",
        "forced_ujy": "",
        "forced_ujy_error": ""
    },
    {
        "MJD": "59808.256829",
        "filter": "g",
        "unforced_mag": "17.292",
        "unforced_mag_error": "",
        "unforced_mag_status": "limit",
        "forced_ujy": "",
        "forced_ujy_error": ""
    },
    {
        "MJD": "59806.367338",
        "filter": "r",
        "unforced_mag": "19.810",
        "unforced_mag_error": "",
        "unforced_mag_status": "limit",
        "forced_ujy": "",
        "forced_ujy_error": ""
    },
    {
        "MJD": "59806.265475",
        "filter": "g",
        "unforced_mag": "19.239",
        "unforced_mag_error": "",
        "unforced_mag_status": "limit",
        "forced_ujy": "",
        "forced_ujy_error": ""
    },
    {
        "MJD": "59803.386528",
        "filter": "r",
        "unforced_mag": "19.356",
        "unforced_mag_error": "",
        "unforced_mag_status": "limit",
        "forced_ujy": "",
        "forced_ujy_error": ""
    },
    {
        "MJD": "59801.347546",
        "filter": "r",
        "unforced_mag": "19.502",
        "unforced_mag_error": "",
        "unforced_mag_status": "limit",
        "forced_ujy": "",
        "forced_ujy_error": ""
    },
    {
        "MJD": "59798.389884",
        "filter": "g",
        "unforced_mag": "20.161",
        "unforced_mag_error": "",
        "unforced_mag_status": "limit",
        "forced_ujy": "",
        "forced_ujy_error": ""
    },
    {
        "MJD": "59798.350370",
        "filter": "r",
        "unforced_mag": "20.226",
        "unforced_mag_error": "",
        "unforced_mag_status": "limit",
        "forced_ujy": "",
        "forced_ujy_error": ""
    },
    {
        "MJD": "59795.390498",
        "filter": "r",
        "unforced_mag": "19.848",
        "unforced_mag_error": "",
        "unforced_mag_status": "limit",
        "forced_ujy": "",
        "forced_ujy_error": ""
    },
    {
        "MJD": "59795.324005",
        "filter": "g",
        "unforced_mag": "19.944",
        "unforced_mag_error": "",
        "unforced_mag_status": "limit",
        "forced_ujy": "",
        "forced_ujy_error": ""
    },
    {
        "MJD": "59793.268426",
        "filter": "g",
        "unforced_mag": "19.851",
        "unforced_mag_error": "",
        "unforced_mag_status": "limit",
        "forced_ujy": "",
        "forced_ujy_error": ""
    },
    {
        "MJD": "59790.322789",
        "filter": "g",
        "unforced_mag": "19.575",
        "unforced_mag_error": "",
        "unforced_mag_status": "limit",
        "forced_ujy": "",
        "forced_ujy_error": ""
    },
    {
        "MJD": "59790.282245",
        "filter": "r",
        "unforced_mag": "20.009",
        "unforced_mag_error": "",
        "unforced_mag_status": "limit",
        "forced_ujy": "",
        "forced_ujy_error": ""
    },
    {
        "MJD": "59788.392164",
        "filter": "r",
        "unforced_mag": "20.163",
        "unforced_mag_error": "",
        "unforced_mag_status": "limit",
        "forced_ujy": "",
        "forced_ujy_error": ""
    },
    {
        "MJD": "59786.389873",
        "filter": "r",
        "unforced_mag": "20.266",
        "unforced_mag_error": "",
        "unforced_mag_status": "limit",
        "forced_ujy": "",
        "forced_ujy_error": ""
    },
    {
        "MJD": "59786.319387",
        "filter": "g",
        "unforced_mag": "20.260",
        "unforced_mag_error": "",
        "unforced_mag_status": "limit",
        "forced_ujy": "",
        "forced_ujy_error": ""
    },
    {
        "MJD": "59784.365509",
        "filter": "g",
        "unforced_mag": "20.091",
        "unforced_mag_error": "",
        "unforced_mag_status": "limit",
        "forced_ujy": "",
        "forced_ujy_error": ""
    },
    {
        "MJD": "59784.320648",
        "filter": "r",
        "unforced_mag": "20.306",
        "unforced_mag_error": "",
        "unforced_mag_status": "limit",
        "forced_ujy": "",
        "forced_ujy_error": ""
    },
    {
        "MJD": "59782.409988",
        "filter": "r",
        "unforced_mag": "19.646",
        "unforced_mag_error": "",
        "unforced_mag_status": "limit",
        "forced_ujy": "",
        "forced_ujy_error": ""
    },
    {
        "MJD": "59782.300556",
        "filter": "g",
        "unforced_mag": "19.946",
        "unforced_mag_error": "",
        "unforced_mag_status": "limit",
        "forced_ujy": "",
        "forced_ujy_error": ""
    },
    {
        "MJD": "59463.297732",
        "filter": "r",
        "unforced_mag": "19.950",
        "unforced_mag_error": "0.120",
        "unforced_mag_status": "positive",
        "forced_ujy": "",
        "forced_ujy_error": ""
    },
    {
        "MJD": "59463.222257",
        "filter": "g",
        "unforced_mag": "20.199",
        "unforced_mag_error": "",
        "unforced_mag_status": "limit",
        "forced_ujy": "",
        "forced_ujy_error": ""
    },
    {
        "MJD": "59461.215208",
        "filter": "g",
        "unforced_mag": "20.142",
        "unforced_mag_error": "",
        "unforced_mag_status": "limit",
        "forced_ujy": "",
        "forced_ujy_error": ""
    },
    {
        "MJD": "59461.172072",
        "filter": "r",
        "unforced_mag": "19.972",
        "unforced_mag_error": "",
        "unforced_mag_status": "limit",
        "forced_ujy": "",
        "forced_ujy_error": ""
    },
    {
        "MJD": "59459.302454",
        "filter": "g",
        "unforced_mag": "20.312",
        "unforced_mag_error": "",
        "unforced_mag_status": "limit",
        "forced_ujy": "",
        "forced_ujy_error": ""
    },
    {
        "MJD": "59459.245069",
        "filter": "r",
        "unforced_mag": "20.265",
        "unforced_mag_error": "",
        "unforced_mag_status": "limit",
        "forced_ujy": "",
        "forced_ujy_error": ""
    },
    {
        "MJD": "59455.336065",
        "filter": "g",
        "unforced_mag": "19.900",
        "unforced_mag_error": "",
        "unforced_mag_status": "limit",
        "forced_ujy": "",
        "forced_ujy_error": ""
    },
    {
        "MJD": "59455.285961",
        "filter": "r",
        "unforced_mag": "20.117",
        "unforced_mag_error": "",
        "unforced_mag_status": "limit",
        "forced_ujy": "",
        "forced_ujy_error": ""
    },
    {
        "MJD": "59453.304653",
        "filter": "r",
        "unforced_mag": "20.162",
        "unforced_mag_error": "",
        "unforced_mag_status": "limit",
        "forced_ujy": "",
        "forced_ujy_error": ""
    },
    {
        "MJD": "59453.206412",
        "filter": "g",
        "unforced_mag": "20.303",
        "unforced_mag_error": "",
        "unforced_mag_status": "limit",
        "forced_ujy": "",
        "forced_ujy_error": ""
    },
    {
        "MJD": "59451.294711",
        "filter": "r",
        "unforced_mag": "16.372",
        "unforced_mag_error": "",
        "unforced_mag_status": "limit",
        "forced_ujy": "",
        "forced_ujy_error": ""
    },
    {
        "MJD": "59451.239711",
        "filter": "g",
        "unforced_mag": "19.326",
        "unforced_mag_error": "",
        "unforced_mag_status": "limit",
        "forced_ujy": "",
        "forced_ujy_error": ""
    },
    {
        "MJD": "59449.338785",
        "filter": "r",
        "unforced_mag": "19.417",
        "unforced_mag_error": "",
        "unforced_mag_status": "limit",
        "forced_ujy": "",
        "forced_ujy_error": ""
    },
    {
        "MJD": "59449.242604",
        "filter": "g",
        "unforced_mag": "19.110",
        "unforced_mag_error": "",
        "unforced_mag_status": "limit",
        "forced_ujy": "",
        "forced_ujy_error": ""
    },
    {
        "MJD": "59446.426215",
        "filter": "g",
        "unforced_mag": "19.108",
        "unforced_mag_error": "",
        "unforced_mag_status": "limit",
        "forced_ujy": "",
        "forced_ujy_error": ""
    },
    {
        "MJD": "59446.365208",
        "filter": "r",
        "unforced_mag": "19.381",
        "unforced_mag_error": "",
        "unforced_mag_status": "limit",
        "forced_ujy": "",
        "forced_ujy_error": ""
    },
    {
        "MJD": "59443.327442",
        "filter": "g",
        "unforced_mag": "19.824",
        "unforced_mag_error": "",
        "unforced_mag_status": "limit",
        "forced_ujy": "",
        "forced_ujy_error": ""
    },
    {
        "MJD": "59443.287303",
        "filter": "r",
        "unforced_mag": "19.739",
        "unforced_mag_error": "",
        "unforced_mag_status": "limit",
        "forced_ujy": "",
        "forced_ujy_error": ""
    },
    {
        "MJD": "59440.426227",
        "filter": "g",
        "unforced_mag": "18.903",
        "unforced_mag_error": "",
        "unforced_mag_status": "limit",
        "forced_ujy": "",
        "forced_ujy_error": ""
    },
    {
        "MJD": "59440.222373",
        "filter": "r",
        "unforced_mag": "19.847",
        "unforced_mag_error": "",
        "unforced_mag_status": "limit",
        "forced_ujy": "",
        "forced_ujy_error": ""
    },
    {
        "MJD": "59438.404618",
        "filter": "g",
        "unforced_mag": "20.067",
        "unforced_mag_error": "",
        "unforced_mag_status": "limit",
        "forced_ujy": "",
        "forced_ujy_error": ""
    },
    {
        "MJD": "59435.413391",
        "filter": "g",
        "unforced_mag": "20.319",
        "unforced_mag_error": "",
        "unforced_mag_status": "limit",
        "forced_ujy": "",
        "forced_ujy_error": ""
    },
    {
        "MJD": "59435.258600",
        "filter": "r",
        "unforced_mag": "20.303",
        "unforced_mag_error": "0.187",
        "unforced_mag_status": "positive",
        "forced_ujy": "",
        "forced_ujy_error": ""
    },
    {
        "MJD": "59430.305891",
        "filter": "g",
        "unforced_mag": "20.164",
        "unforced_mag_error": "",
        "unforced_mag_status": "limit",
        "forced_ujy": "",
        "forced_ujy_error": ""
    },
    {
        "MJD": "59430.266389",
        "filter": "r",
        "unforced_mag": "20.306",
        "unforced_mag_error": "",
        "unforced_mag_status": "limit",
        "forced_ujy": "",
        "forced_ujy_error": ""
    },
    {
        "MJD": "59428.390463",
        "filter": "r",
        "unforced_mag": "20.104",
        "unforced_mag_error": "",
        "unforced_mag_status": "limit",
        "forced_ujy": "",
        "forced_ujy_error": ""
    },
    {
        "MJD": "59428.255174",
        "filter": "g",
        "unforced_mag": "20.132",
        "unforced_mag_error": "",
        "unforced_mag_status": "limit",
        "forced_ujy": "",
        "forced_ujy_error": ""
    },
    {
        "MJD": "59426.343808",
        "filter": "g",
        "unforced_mag": "20.008",
        "unforced_mag_error": "",
        "unforced_mag_status": "limit",
        "forced_ujy": "",
        "forced_ujy_error": ""
    },
    {
        "MJD": "59424.324306",
        "filter": "r",
        "unforced_mag": "19.957",
        "unforced_mag_error": "",
        "unforced_mag_status": "limit",
        "forced_ujy": "",
        "forced_ujy_error": ""
    },
    {
        "MJD": "59424.285949",
        "filter": "g",
        "unforced_mag": "19.864",
        "unforced_mag_error": "",
        "unforced_mag_status": "limit",
        "forced_ujy": "",
        "forced_ujy_error": ""
    },
    {
        "MJD": "59419.402836",
        "filter": "g",
        "unforced_mag": "18.156",
        "unforced_mag_error": "",
        "unforced_mag_status": "limit",
        "forced_ujy": "",
        "forced_ujy_error": ""
    },
    {
        "MJD": "59419.326782",
        "filter": "r",
        "unforced_mag": "19.175",
        "unforced_mag_error": "",
        "unforced_mag_status": "limit",
        "forced_ujy": "",
        "forced_ujy_error": ""
    },
    {
        "MJD": "59417.452986",
        "filter": "r",
        "unforced_mag": "19.804",
        "unforced_mag_error": "",
        "unforced_mag_status": "limit",
        "forced_ujy": "",
        "forced_ujy_error": ""
    },
    {
        "MJD": "59414.411389",
        "filter": "g",
        "unforced_mag": "20.604",
        "unforced_mag_error": "0.319",
        "unforced_mag_status": "positive",
        "forced_ujy": "",
        "forced_ujy_error": ""
    },
    {
        "MJD": "59414.309907",
        "filter": "r",
        "unforced_mag": "20.028",
        "unforced_mag_error": "",
        "unforced_mag_status": "limit",
        "forced_ujy": "",
        "forced_ujy_error": ""
    },
    {
        "MJD": "59411.450220",
        "filter": "r",
        "unforced_mag": "19.941",
        "unforced_mag_error": "",
        "unforced_mag_status": "limit",
        "forced_ujy": "",
        "forced_ujy_error": ""
    },
    {
        "MJD": "59411.326134",
        "filter": "g",
        "unforced_mag": "19.841",
        "unforced_mag_error": "",
        "unforced_mag_status": "limit",
        "forced_ujy": "",
        "forced_ujy_error": ""
    },
    {
        "MJD": "59409.452894",
        "filter": "r",
        "unforced_mag": "20.080",
        "unforced_mag_error": "",
        "unforced_mag_status": "limit",
        "forced_ujy": "",
        "forced_ujy_error": ""
    },
    {
        "MJD": "59409.329514",
        "filter": "g",
        "unforced_mag": "19.973",
        "unforced_mag_error": "",
        "unforced_mag_status": "limit",
        "forced_ujy": "",
        "forced_ujy_error": ""
    },
    {
        "MJD": "59407.327130",
        "filter": "r",
        "unforced_mag": "20.029",
        "unforced_mag_error": "",
        "unforced_mag_status": "limit",
        "forced_ujy": "",
        "forced_ujy_error": ""
    },
    {
        "MJD": "59257.138692",
        "filter": "r",
        "unforced_mag": "19.876",
        "unforced_mag_error": "0.198",
        "unforced_mag_status": "positive",
        "forced_ujy": "",
        "forced_ujy_error": ""
    },
    {
        "MJD": "59256.138148",
        "filter": "g",
        "unforced_mag": "20.249",
        "unforced_mag_error": "0.190",
        "unforced_mag_status": "positive",
        "forced_ujy": "",
        "forced_ujy_error": ""
    },
    {
        "MJD": "59255.182107",
        "filter": "g",
        "unforced_mag": "20.339",
        "unforced_mag_error": "0.270",
        "unforced_mag_status": "positive",
        "forced_ujy": "",
        "forced_ujy_error": ""
    },
    {
        "MJD": "59255.141482",
        "filter": "r",
        "unforced_mag": "19.799",
        "unforced_mag_error": "0.179",
        "unforced_mag_status": "positive",
        "forced_ujy": "",
        "forced_ujy_error": ""
    },
    {
        "MJD": "59254.212407",
        "filter": "g",
        "unforced_mag": "20.018",
        "unforced_mag_error": "0.174",
        "unforced_mag_status": "positive",
        "forced_ujy": "",
        "forced_ujy_error": ""
    },
    {
        "MJD": "59253.155393",
        "filter": "r",
        "unforced_mag": "19.688",
        "unforced_mag_error": "0.184",
        "unforced_mag_status": "positive",
        "forced_ujy": "",
        "forced_ujy_error": ""
    },
    {
        "MJD": "59252.188623",
        "filter": "r",
        "unforced_mag": "19.927",
        "unforced_mag_error": "0.158",
        "unforced_mag_status": "positive",
        "forced_ujy": "",
        "forced_ujy_error": ""
    },
    {
        "MJD": "59252.137245",
        "filter": "g",
        "unforced_mag": "20.305",
        "unforced_mag_error": "0.269",
        "unforced_mag_status": "positive",
        "forced_ujy": "",
        "forced_ujy_error": ""
    },
    {
        "MJD": "59251.197986",
        "filter": "r",
        "unforced_mag": "19.603",
        "unforced_mag_error": "0.126",
        "unforced_mag_status": "positive",
        "forced_ujy": "",
        "forced_ujy_error": ""
    },
    {
        "MJD": "59251.154329",
        "filter": "g",
        "unforced_mag": "20.191",
        "unforced_mag_error": "0.206",
        "unforced_mag_status": "positive",
        "forced_ujy": "",
        "forced_ujy_error": ""
    },
    {
        "MJD": "59250.221260",
        "filter": "r",
        "unforced_mag": "19.804",
        "unforced_mag_error": "",
        "unforced_mag_status": "limit",
        "forced_ujy": "",
        "forced_ujy_error": ""
    },
    {
        "MJD": "59250.198843",
        "filter": "g",
        "unforced_mag": "19.811",
        "unforced_mag_error": "0.279",
        "unforced_mag_status": "positive",
        "forced_ujy": "",
        "forced_ujy_error": ""
    },
    {
        "MJD": "59249.196900",
        "filter": "r",
        "unforced_mag": "19.287",
        "unforced_mag_error": "",
        "unforced_mag_status": "limit",
        "forced_ujy": "",
        "forced_ujy_error": ""
    },
    {
        "MJD": "59249.154850",
        "filter": "g",
        "unforced_mag": "16.883",
        "unforced_mag_error": "",
        "unforced_mag_status": "limit",
        "forced_ujy": "",
        "forced_ujy_error": ""
    },
    {
        "MJD": "59248.212990",
        "filter": "g",
        "unforced_mag": "20.267",
        "unforced_mag_error": "",
        "unforced_mag_status": "limit",
        "forced_ujy": "",
        "forced_ujy_error": ""
    },
    {
        "MJD": "59248.178390",
        "filter": "r",
        "unforced_mag": "19.537",
        "unforced_mag_error": "",
        "unforced_mag_status": "limit",
        "forced_ujy": "",
        "forced_ujy_error": ""
    },
    {
        "MJD": "59243.228140",
        "filter": "g",
        "unforced_mag": "18.325",
        "unforced_mag_error": "",
        "unforced_mag_status": "limit",
        "forced_ujy": "",
        "forced_ujy_error": ""
    },
    {
        "MJD": "59232.274491",
        "filter": "g",
        "unforced_mag": "20.250",
        "unforced_mag_error": "0.227",
        "unforced_mag_status": "positive",
        "forced_ujy": "",
        "forced_ujy_error": ""
    },
    {
        "MJD": "59232.266401",
        "filter": "g",
        "unforced_mag": "19.830",
        "unforced_mag_error": "0.132",
        "unforced_mag_status": "positive",
        "forced_ujy": "",
        "forced_ujy_error": ""
    },
    {
        "MJD": "59232.155486",
        "filter": "r",
        "unforced_mag": "19.928",
        "unforced_mag_error": "0.133",
        "unforced_mag_status": "positive",
        "forced_ujy": "",
        "forced_ujy_error": ""
    },
    {
        "MJD": "59230.234688",
        "filter": "r",
        "unforced_mag": "19.803",
        "unforced_mag_error": "0.195",
        "unforced_mag_status": "positive",
        "forced_ujy": "",
        "forced_ujy_error": ""
    },
    {
        "MJD": "59230.221720",
        "filter": "r",
        "unforced_mag": "20.209",
        "unforced_mag_error": "",
        "unforced_mag_status": "limit",
        "forced_ujy": "",
        "forced_ujy_error": ""
    },
    {
        "MJD": "59230.195995",
        "filter": "g",
        "unforced_mag": "20.256",
        "unforced_mag_error": "0.247",
        "unforced_mag_status": "positive",
        "forced_ujy": "",
        "forced_ujy_error": ""
    },
    {
        "MJD": "59230.195521",
        "filter": "g",
        "unforced_mag": "19.776",
        "unforced_mag_error": "0.132",
        "unforced_mag_status": "positive",
        "forced_ujy": "",
        "forced_ujy_error": ""
    },
    {
        "MJD": "59228.253981",
        "filter": "g",
        "unforced_mag": "19.973",
        "unforced_mag_error": "0.184",
        "unforced_mag_status": "positive",
        "forced_ujy": "",
        "forced_ujy_error": ""
    },
    {
        "MJD": "59228.235417",
        "filter": "r",
        "unforced_mag": "19.534",
        "unforced_mag_error": "0.159",
        "unforced_mag_status": "positive",
        "forced_ujy": "",
        "forced_ujy_error": ""
    },
    {
        "MJD": "59228.219140",
        "filter": "r",
        "unforced_mag": "20.166",
        "unforced_mag_error": "",
        "unforced_mag_status": "limit",
        "forced_ujy": "",
        "forced_ujy_error": ""
    },
    {
        "MJD": "59228.203900",
        "filter": "g",
        "unforced_mag": "20.180",
        "unforced_mag_error": "",
        "unforced_mag_status": "limit",
        "forced_ujy": "",
        "forced_ujy_error": ""
    },
    {
        "MJD": "59226.258400",
        "filter": "r",
        "unforced_mag": "19.753",
        "unforced_mag_error": "",
        "unforced_mag_status": "limit",
        "forced_ujy": "",
        "forced_ujy_error": ""
    },
    {
        "MJD": "59226.257928",
        "filter": "r",
        "unforced_mag": "19.504",
        "unforced_mag_error": "0.141",
        "unforced_mag_status": "positive",
        "forced_ujy": "",
        "forced_ujy_error": ""
    },
    {
        "MJD": "59226.222250",
        "filter": "g",
        "unforced_mag": "19.671",
        "unforced_mag_error": "",
        "unforced_mag_status": "limit",
        "forced_ujy": "",
        "forced_ujy_error": ""
    },
    {
        "MJD": "59226.221770",
        "filter": "g",
        "unforced_mag": "19.802",
        "unforced_mag_error": "",
        "unforced_mag_status": "limit",
        "forced_ujy": "",
        "forced_ujy_error": ""
    },
    {
        "MJD": "59224.250880",
        "filter": "r",
        "unforced_mag": "19.659",
        "unforced_mag_error": "0.126",
        "unforced_mag_status": "positive",
        "forced_ujy": "",
        "forced_ujy_error": ""
    },
    {
        "MJD": "59224.247260",
        "filter": "r",
        "unforced_mag": "19.919",
        "unforced_mag_error": "",
        "unforced_mag_status": "limit",
        "forced_ujy": "",
        "forced_ujy_error": ""
    },
    {
        "MJD": "59224.197431",
        "filter": "g",
        "unforced_mag": "19.857",
        "unforced_mag_error": "0.182",
        "unforced_mag_status": "positive",
        "forced_ujy": "",
        "forced_ujy_error": ""
    },
    {
        "MJD": "59224.196968",
        "filter": "g",
        "unforced_mag": "20.146",
        "unforced_mag_error": "0.264",
        "unforced_mag_status": "positive",
        "forced_ujy": "",
        "forced_ujy_error": ""
    },
    {
        "MJD": "59222.299780",
        "filter": "g",
        "unforced_mag": "20.247",
        "unforced_mag_error": "",
        "unforced_mag_status": "limit",
        "forced_ujy": "",
        "forced_ujy_error": ""
    },
    {
        "MJD": "59222.284398",
        "filter": "g",
        "unforced_mag": "19.908",
        "unforced_mag_error": "0.174",
        "unforced_mag_status": "positive",
        "forced_ujy": "",
        "forced_ujy_error": ""
    },
    {
        "MJD": "59222.268414",
        "filter": "r",
        "unforced_mag": "19.671",
        "unforced_mag_error": "0.139",
        "unforced_mag_status": "positive",
        "forced_ujy": "",
        "forced_ujy_error": ""
    },
    {
        "MJD": "59222.234350",
        "filter": "r",
        "unforced_mag": "20.138",
        "unforced_mag_error": "",
        "unforced_mag_status": "limit",
        "forced_ujy": "",
        "forced_ujy_error": ""
    },
    {
        "MJD": "59220.270139",
        "filter": "g",
        "unforced_mag": "19.942",
        "unforced_mag_error": "0.261",
        "unforced_mag_status": "positive",
        "forced_ujy": "",
        "forced_ujy_error": ""
    },
    {
        "MJD": "59220.269664",
        "filter": "g",
        "unforced_mag": "19.938",
        "unforced_mag_error": "0.206",
        "unforced_mag_status": "positive",
        "forced_ujy": "",
        "forced_ujy_error": ""
    },
    {
        "MJD": "59220.236100",
        "filter": "r",
        "unforced_mag": "19.527",
        "unforced_mag_error": "0.211",
        "unforced_mag_status": "positive",
        "forced_ujy": "",
        "forced_ujy_error": ""
    },
    {
        "MJD": "59218.299109",
        "filter": "r",
        "unforced_mag": "19.694",
        "unforced_mag_error": "0.213",
        "unforced_mag_status": "positive",
        "forced_ujy": "",
        "forced_ujy_error": ""
    },
    {
        "MJD": "59218.255069",
        "filter": "g",
        "unforced_mag": "19.886",
        "unforced_mag_error": "0.206",
        "unforced_mag_status": "positive",
        "forced_ujy": "",
        "forced_ujy_error": ""
    },
    {
        "MJD": "59218.220579",
        "filter": "g",
        "unforced_mag": "20.060",
        "unforced_mag_error": "0.210",
        "unforced_mag_status": "positive",
        "forced_ujy": "",
        "forced_ujy_error": ""
    },
    {
        "MJD": "59216.296424",
        "filter": "r",
        "unforced_mag": "19.769",
        "unforced_mag_error": "0.182",
        "unforced_mag_status": "positive",
        "forced_ujy": "",
        "forced_ujy_error": ""
    },
    {
        "MJD": "59216.263540",
        "filter": "g",
        "unforced_mag": "18.098",
        "unforced_mag_error": "",
        "unforced_mag_status": "limit",
        "forced_ujy": "",
        "forced_ujy_error": ""
    },
    {
        "MJD": "59216.194760",
        "filter": "g",
        "unforced_mag": "18.351",
        "unforced_mag_error": "",
        "unforced_mag_status": "limit",
        "forced_ujy": "",
        "forced_ujy_error": ""
    },
    {
        "MJD": "59211.154780",
        "filter": "r",
        "unforced_mag": "19.464",
        "unforced_mag_error": "",
        "unforced_mag_status": "limit",
        "forced_ujy": "",
        "forced_ujy_error": ""
    },
    {
        "MJD": "59211.121080",
        "filter": "g",
        "unforced_mag": "19.222",
        "unforced_mag_error": "",
        "unforced_mag_status": "limit",
        "forced_ujy": "",
        "forced_ujy_error": ""
    },
    {
        "MJD": "59210.300266",
        "filter": "r",
        "unforced_mag": "19.171",
        "unforced_mag_error": "0.160",
        "unforced_mag_status": "positive",
        "forced_ujy": "",
        "forced_ujy_error": ""
    },
    {
        "MJD": "59210.238958",
        "filter": "g",
        "unforced_mag": "19.701",
        "unforced_mag_error": "0.202",
        "unforced_mag_status": "positive",
        "forced_ujy": "",
        "forced_ujy_error": ""
    },
    {
        "MJD": "59206.343750",
        "filter": "g",
        "unforced_mag": "16.890",
        "unforced_mag_error": "",
        "unforced_mag_status": "limit",
        "forced_ujy": "",
        "forced_ujy_error": ""
    },
    {
        "MJD": "59206.306110",
        "filter": "r",
        "unforced_mag": "16.119",
        "unforced_mag_error": "",
        "unforced_mag_status": "limit",
        "forced_ujy": "",
        "forced_ujy_error": ""
    },
    {
        "MJD": "59206.240780",
        "filter": "r",
        "unforced_mag": "17.336",
        "unforced_mag_error": "",
        "unforced_mag_status": "limit",
        "forced_ujy": "",
        "forced_ujy_error": ""
    },
    {
        "MJD": "59204.314225",
        "filter": "g",
        "unforced_mag": "19.850",
        "unforced_mag_error": "0.183",
        "unforced_mag_status": "positive",
        "forced_ujy": "",
        "forced_ujy_error": ""
    },
    {
        "MJD": "59204.313762",
        "filter": "g",
        "unforced_mag": "19.742",
        "unforced_mag_error": "0.149",
        "unforced_mag_status": "positive",
        "forced_ujy": "",
        "forced_ujy_error": ""
    },
    {
        "MJD": "59204.288901",
        "filter": "r",
        "unforced_mag": "19.493",
        "unforced_mag_error": "0.126",
        "unforced_mag_status": "positive",
        "forced_ujy": "",
        "forced_ujy_error": ""
    },
    {
        "MJD": "59204.288430",
        "filter": "r",
        "unforced_mag": "19.993",
        "unforced_mag_error": "",
        "unforced_mag_status": "limit",
        "forced_ujy": "",
        "forced_ujy_error": ""
    },
    {
        "MJD": "59202.330780",
        "filter": "r",
        "unforced_mag": "19.697",
        "unforced_mag_error": "",
        "unforced_mag_status": "limit",
        "forced_ujy": "",
        "forced_ujy_error": ""
    },
    {
        "MJD": "59202.281238",
        "filter": "r",
        "unforced_mag": "19.588",
        "unforced_mag_error": "0.221",
        "unforced_mag_status": "positive",
        "forced_ujy": "",
        "forced_ujy_error": ""
    },
    {
        "MJD": "59202.231076",
        "filter": "g",
        "unforced_mag": "19.658",
        "unforced_mag_error": "0.214",
        "unforced_mag_status": "positive",
        "forced_ujy": "",
        "forced_ujy_error": ""
    },
    {
        "MJD": "59202.218553",
        "filter": "g",
        "unforced_mag": "19.847",
        "unforced_mag_error": "0.242",
        "unforced_mag_status": "positive",
        "forced_ujy": "",
        "forced_ujy_error": ""
    },
    {
        "MJD": "59200.183480",
        "filter": "g",
        "unforced_mag": "18.838",
        "unforced_mag_error": "",
        "unforced_mag_status": "limit",
        "forced_ujy": "",
        "forced_ujy_error": ""
    },
    {
        "MJD": "59200.183010",
        "filter": "g",
        "unforced_mag": "19.092",
        "unforced_mag_error": "",
        "unforced_mag_status": "limit",
        "forced_ujy": "",
        "forced_ujy_error": ""
    },
    {
        "MJD": "59200.117730",
        "filter": "r",
        "unforced_mag": "18.616",
        "unforced_mag_error": "",
        "unforced_mag_status": "limit",
        "forced_ujy": "",
        "forced_ujy_error": ""
    },
    {
        "MJD": "59200.116790",
        "filter": "r",
        "unforced_mag": "18.604",
        "unforced_mag_error": "",
        "unforced_mag_status": "limit",
        "forced_ujy": "",
        "forced_ujy_error": ""
    },
    {
        "MJD": "59198.347326",
        "filter": "g",
        "unforced_mag": "19.937",
        "unforced_mag_error": "0.164",
        "unforced_mag_status": "positive",
        "forced_ujy": "",
        "forced_ujy_error": ""
    },
    {
        "MJD": "59198.161296",
        "filter": "g",
        "unforced_mag": "19.608",
        "unforced_mag_error": "0.192",
        "unforced_mag_status": "positive",
        "forced_ujy": "",
        "forced_ujy_error": ""
    },
    {
        "MJD": "59198.161296",
        "filter": "g",
        "unforced_mag": "19.608",
        "unforced_mag_error": "0.192",
        "unforced_mag_status": "positive",
        "forced_ujy": "",
        "forced_ujy_error": ""
    },
    {
        "MJD": "59198.131215",
        "filter": "r",
        "unforced_mag": "19.569",
        "unforced_mag_error": "0.172",
        "unforced_mag_status": "positive",
        "forced_ujy": "",
        "forced_ujy_error": ""
    },
    {
        "MJD": "59198.131215",
        "filter": "r",
        "unforced_mag": "19.569",
        "unforced_mag_error": "0.172",
        "unforced_mag_status": "positive",
        "forced_ujy": "",
        "forced_ujy_error": ""
    },
    {
        "MJD": "59198.119570",
        "filter": "r",
        "unforced_mag": "19.827",
        "unforced_mag_error": "",
        "unforced_mag_status": "limit",
        "forced_ujy": "",
        "forced_ujy_error": ""
    },
    {
        "MJD": "59196.270683",
        "filter": "r",
        "unforced_mag": "19.108",
        "unforced_mag_error": "0.190",
        "unforced_mag_status": "positive",
        "forced_ujy": "",
        "forced_ujy_error": ""
    },
    {
        "MJD": "59194.199250",
        "filter": "g",
        "unforced_mag": "19.581",
        "unforced_mag_error": "",
        "unforced_mag_status": "limit",
        "forced_ujy": "",
        "forced_ujy_error": ""
    },
    {
        "MJD": "59194.198773",
        "filter": "g",
        "unforced_mag": "19.787",
        "unforced_mag_error": "0.286",
        "unforced_mag_status": "positive",
        "forced_ujy": "",
        "forced_ujy_error": ""
    },
    {
        "MJD": "59194.151870",
        "filter": "r",
        "unforced_mag": "20.059",
        "unforced_mag_error": "",
        "unforced_mag_status": "limit",
        "forced_ujy": "",
        "forced_ujy_error": ""
    },
    {
        "MJD": "59194.151400",
        "filter": "r",
        "unforced_mag": "19.671",
        "unforced_mag_error": "0.184",
        "unforced_mag_status": "positive",
        "forced_ujy": "",
        "forced_ujy_error": ""
    },
    {
        "MJD": "59192.195741",
        "filter": "g",
        "unforced_mag": "19.568",
        "unforced_mag_error": "0.166",
        "unforced_mag_status": "positive",
        "forced_ujy": "",
        "forced_ujy_error": ""
    },
    {
        "MJD": "59192.195266",
        "filter": "g",
        "unforced_mag": "19.719",
        "unforced_mag_error": "0.305",
        "unforced_mag_status": "positive",
        "forced_ujy": "",
        "forced_ujy_error": ""
    },
    {
        "MJD": "59192.149720",
        "filter": "r",
        "unforced_mag": "17.203",
        "unforced_mag_error": "",
        "unforced_mag_status": "limit",
        "forced_ujy": "",
        "forced_ujy_error": ""
    },
    {
        "MJD": "59192.149250",
        "filter": "r",
        "unforced_mag": "16.929",
        "unforced_mag_error": "",
        "unforced_mag_status": "limit",
        "forced_ujy": "",
        "forced_ujy_error": ""
    },
    {
        "MJD": "59189.247700",
        "filter": "r",
        "unforced_mag": "20.123",
        "unforced_mag_error": "",
        "unforced_mag_status": "limit",
        "forced_ujy": "",
        "forced_ujy_error": ""
    },
    {
        "MJD": "59189.247234",
        "filter": "r",
        "unforced_mag": "19.712",
        "unforced_mag_error": "0.197",
        "unforced_mag_status": "positive",
        "forced_ujy": "",
        "forced_ujy_error": ""
    },
    {
        "MJD": "59189.164016",
        "filter": "g",
        "unforced_mag": "19.681",
        "unforced_mag_error": "0.211",
        "unforced_mag_status": "positive",
        "forced_ujy": "",
        "forced_ujy_error": ""
    },
    {
        "MJD": "59187.416150",
        "filter": "r",
        "unforced_mag": "18.835",
        "unforced_mag_error": "",
        "unforced_mag_status": "limit",
        "forced_ujy": "",
        "forced_ujy_error": ""
    },
    {
        "MJD": "59187.221610",
        "filter": "r",
        "unforced_mag": "19.117",
        "unforced_mag_error": "",
        "unforced_mag_status": "limit",
        "forced_ujy": "",
        "forced_ujy_error": ""
    },
    {
        "MJD": "59187.135660",
        "filter": "g",
        "unforced_mag": "19.679",
        "unforced_mag_error": "0.170",
        "unforced_mag_status": "positive",
        "forced_ujy": "",
        "forced_ujy_error": ""
    },
    {
        "MJD": "59187.110417",
        "filter": "g",
        "unforced_mag": "19.770",
        "unforced_mag_error": "0.167",
        "unforced_mag_status": "positive",
        "forced_ujy": "",
        "forced_ujy_error": ""
    },
    {
        "MJD": "59185.233426",
        "filter": "r",
        "unforced_mag": "19.743",
        "unforced_mag_error": "0.210",
        "unforced_mag_status": "positive",
        "forced_ujy": "",
        "forced_ujy_error": ""
    },
    {
        "MJD": "59185.221169",
        "filter": "r",
        "unforced_mag": "19.582",
        "unforced_mag_error": "0.177",
        "unforced_mag_status": "positive",
        "forced_ujy": "",
        "forced_ujy_error": ""
    },
    {
        "MJD": "59185.178690",
        "filter": "g",
        "unforced_mag": "19.395",
        "unforced_mag_error": "",
        "unforced_mag_status": "limit",
        "forced_ujy": "",
        "forced_ujy_error": ""
    },
    {
        "MJD": "59185.178220",
        "filter": "g",
        "unforced_mag": "19.190",
        "unforced_mag_error": "",
        "unforced_mag_status": "limit",
        "forced_ujy": "",
        "forced_ujy_error": ""
    },
    {
        "MJD": "59183.140160",
        "filter": "g",
        "unforced_mag": "18.759",
        "unforced_mag_error": "",
        "unforced_mag_status": "limit",
        "forced_ujy": "",
        "forced_ujy_error": ""
    },
    {
        "MJD": "59183.139690",
        "filter": "g",
        "unforced_mag": "18.583",
        "unforced_mag_error": "",
        "unforced_mag_status": "limit",
        "forced_ujy": "",
        "forced_ujy_error": ""
    },
    {
        "MJD": "59183.087030",
        "filter": "r",
        "unforced_mag": "19.305",
        "unforced_mag_error": "",
        "unforced_mag_status": "limit",
        "forced_ujy": "",
        "forced_ujy_error": ""
    },
    {
        "MJD": "59183.086550",
        "filter": "r",
        "unforced_mag": "19.212",
        "unforced_mag_error": "",
        "unforced_mag_status": "limit",
        "forced_ujy": "",
        "forced_ujy_error": ""
    },
    {
        "MJD": "59181.171100",
        "filter": "g",
        "unforced_mag": "18.893",
        "unforced_mag_error": "",
        "unforced_mag_status": "limit",
        "forced_ujy": "",
        "forced_ujy_error": ""
    },
    {
        "MJD": "59181.170640",
        "filter": "g",
        "unforced_mag": "18.783",
        "unforced_mag_error": "",
        "unforced_mag_status": "limit",
        "forced_ujy": "",
        "forced_ujy_error": ""
    },
    {
        "MJD": "59181.111940",
        "filter": "r",
        "unforced_mag": "19.406",
        "unforced_mag_error": "",
        "unforced_mag_status": "limit",
        "forced_ujy": "",
        "forced_ujy_error": ""
    },
    {
        "MJD": "59181.111470",
        "filter": "r",
        "unforced_mag": "19.291",
        "unforced_mag_error": "0.173",
        "unforced_mag_status": "positive",
        "forced_ujy": "",
        "forced_ujy_error": ""
    },
    {
        "MJD": "59179.427257",
        "filter": "g",
        "unforced_mag": "19.512",
        "unforced_mag_error": "0.272",
        "unforced_mag_status": "positive",
        "forced_ujy": "",
        "forced_ujy_error": ""
    },
    {
        "MJD": "59179.322419",
        "filter": "r",
        "unforced_mag": "19.181",
        "unforced_mag_error": "0.133",
        "unforced_mag_status": "positive",
        "forced_ujy": "",
        "forced_ujy_error": ""
    },
    {
        "MJD": "59179.309213",
        "filter": "r",
        "unforced_mag": "19.354",
        "unforced_mag_error": "0.229",
        "unforced_mag_status": "positive",
        "forced_ujy": "",
        "forced_ujy_error": ""
    },
    {
        "MJD": "59179.167882",
        "filter": "g",
        "unforced_mag": "19.621",
        "unforced_mag_error": "0.184",
        "unforced_mag_status": "positive",
        "forced_ujy": "",
        "forced_ujy_error": ""
    },
    {
        "MJD": "59176.365856",
        "filter": "g",
        "unforced_mag": "19.588",
        "unforced_mag_error": "0.129",
        "unforced_mag_status": "positive",
        "forced_ujy": "",
        "forced_ujy_error": ""
    },
    {
        "MJD": "59176.365382",
        "filter": "g",
        "unforced_mag": "19.585",
        "unforced_mag_error": "0.116",
        "unforced_mag_status": "positive",
        "forced_ujy": "",
        "forced_ujy_error": ""
    },
    {
        "MJD": "59176.325984",
        "filter": "r",
        "unforced_mag": "19.677",
        "unforced_mag_error": "0.195",
        "unforced_mag_status": "positive",
        "forced_ujy": "",
        "forced_ujy_error": ""
    },
    {
        "MJD": "59176.294954",
        "filter": "r",
        "unforced_mag": "19.675",
        "unforced_mag_error": "0.183",
        "unforced_mag_status": "positive",
        "forced_ujy": "",
        "forced_ujy_error": ""
    },
    {
        "MJD": "59174.353720",
        "filter": "r",
        "unforced_mag": "19.329",
        "unforced_mag_error": "",
        "unforced_mag_status": "limit",
        "forced_ujy": "",
        "forced_ujy_error": ""
    },
    {
        "MJD": "59172.233657",
        "filter": "g",
        "unforced_mag": "19.630",
        "unforced_mag_error": "0.130",
        "unforced_mag_status": "positive",
        "forced_ujy": "",
        "forced_ujy_error": ""
    },
    {
        "MJD": "59172.228762",
        "filter": "g",
        "unforced_mag": "19.622",
        "unforced_mag_error": "0.114",
        "unforced_mag_status": "positive",
        "forced_ujy": "",
        "forced_ujy_error": ""
    },
    {
        "MJD": "59170.217269",
        "filter": "g",
        "unforced_mag": "19.459",
        "unforced_mag_error": "0.144",
        "unforced_mag_status": "positive",
        "forced_ujy": "",
        "forced_ujy_error": ""
    },
    {
        "MJD": "59170.203681",
        "filter": "g",
        "unforced_mag": "19.668",
        "unforced_mag_error": "0.143",
        "unforced_mag_status": "positive",
        "forced_ujy": "",
        "forced_ujy_error": ""
    },
    {
        "MJD": "59170.135961",
        "filter": "r",
        "unforced_mag": "19.382",
        "unforced_mag_error": "0.139",
        "unforced_mag_status": "positive",
        "forced_ujy": "",
        "forced_ujy_error": ""
    },
    {
        "MJD": "59170.135486",
        "filter": "r",
        "unforced_mag": "19.508",
        "unforced_mag_error": "0.123",
        "unforced_mag_status": "positive",
        "forced_ujy": "",
        "forced_ujy_error": ""
    },
    {
        "MJD": "59168.282860",
        "filter": "r",
        "unforced_mag": "19.989",
        "unforced_mag_error": "",
        "unforced_mag_status": "limit",
        "forced_ujy": "",
        "forced_ujy_error": ""
    },
    {
        "MJD": "59168.205799",
        "filter": "g",
        "unforced_mag": "19.550",
        "unforced_mag_error": "0.112",
        "unforced_mag_status": "positive",
        "forced_ujy": "",
        "forced_ujy_error": ""
    },
    {
        "MJD": "59168.205324",
        "filter": "g",
        "unforced_mag": "19.487",
        "unforced_mag_error": "0.110",
        "unforced_mag_status": "positive",
        "forced_ujy": "",
        "forced_ujy_error": ""
    },
    {
        "MJD": "59168.136389",
        "filter": "r",
        "unforced_mag": "19.580",
        "unforced_mag_error": "0.131",
        "unforced_mag_status": "positive",
        "forced_ujy": "",
        "forced_ujy_error": ""
    },
    {
        "MJD": "59167.402789",
        "filter": "g",
        "unforced_mag": "19.462",
        "unforced_mag_error": "0.191",
        "unforced_mag_status": "positive",
        "forced_ujy": "",
        "forced_ujy_error": ""
    },
    {
        "MJD": "59167.232211",
        "filter": "r",
        "unforced_mag": "19.244",
        "unforced_mag_error": "0.122",
        "unforced_mag_status": "positive",
        "forced_ujy": "",
        "forced_ujy_error": ""
    },
    {
        "MJD": "59166.387801",
        "filter": "g",
        "unforced_mag": "19.525",
        "unforced_mag_error": "0.150",
        "unforced_mag_status": "positive",
        "forced_ujy": "",
        "forced_ujy_error": ""
    },
    {
        "MJD": "59166.298530",
        "filter": "r",
        "unforced_mag": "19.446",
        "unforced_mag_error": "0.132",
        "unforced_mag_status": "positive",
        "forced_ujy": "",
        "forced_ujy_error": ""
    },
    {
        "MJD": "59165.324248",
        "filter": "r",
        "unforced_mag": "19.400",
        "unforced_mag_error": "0.104",
        "unforced_mag_status": "positive",
        "forced_ujy": "",
        "forced_ujy_error": ""
    },
    {
        "MJD": "59165.176748",
        "filter": "g",
        "unforced_mag": "19.787",
        "unforced_mag_error": "0.139",
        "unforced_mag_status": "positive",
        "forced_ujy": "",
        "forced_ujy_error": ""
    },
    {
        "MJD": "59164.441227",
        "filter": "g",
        "unforced_mag": "19.553",
        "unforced_mag_error": "0.159",
        "unforced_mag_status": "positive",
        "forced_ujy": "",
        "forced_ujy_error": ""
    },
    {
        "MJD": "59164.440278",
        "filter": "g",
        "unforced_mag": "19.331",
        "unforced_mag_error": "0.099",
        "unforced_mag_status": "positive",
        "forced_ujy": "",
        "forced_ujy_error": ""
    },
    {
        "MJD": "59164.299387",
        "filter": "r",
        "unforced_mag": "19.539",
        "unforced_mag_error": "0.159",
        "unforced_mag_status": "positive",
        "forced_ujy": "",
        "forced_ujy_error": ""
    },
    {
        "MJD": "59164.298912",
        "filter": "r",
        "unforced_mag": "19.232",
        "unforced_mag_error": "0.128",
        "unforced_mag_status": "positive",
        "forced_ujy": "",
        "forced_ujy_error": ""
    },
    {
        "MJD": "59158.221960",
        "filter": "r",
        "unforced_mag": "19.734",
        "unforced_mag_error": "",
        "unforced_mag_status": "limit",
        "forced_ujy": "",
        "forced_ujy_error": ""
    },
    {
        "MJD": "59158.221480",
        "filter": "r",
        "unforced_mag": "19.705",
        "unforced_mag_error": "",
        "unforced_mag_status": "limit",
        "forced_ujy": "",
        "forced_ujy_error": ""
    },
    {
        "MJD": "59158.205579",
        "filter": "g",
        "unforced_mag": "19.652",
        "unforced_mag_error": "0.207",
        "unforced_mag_status": "positive",
        "forced_ujy": "",
        "forced_ujy_error": ""
    },
    {
        "MJD": "59158.205104",
        "filter": "g",
        "unforced_mag": "19.389",
        "unforced_mag_error": "0.219",
        "unforced_mag_status": "positive",
        "forced_ujy": "",
        "forced_ujy_error": ""
    },
    {
        "MJD": "59156.401420",
        "filter": "g",
        "unforced_mag": "19.315",
        "unforced_mag_error": "",
        "unforced_mag_status": "limit",
        "forced_ujy": "",
        "forced_ujy_error": ""
    },
    {
        "MJD": "59156.400950",
        "filter": "g",
        "unforced_mag": "19.215",
        "unforced_mag_error": "",
        "unforced_mag_status": "limit",
        "forced_ujy": "",
        "forced_ujy_error": ""
    },
    {
        "MJD": "59155.233070",
        "filter": "r",
        "unforced_mag": "19.595",
        "unforced_mag_error": "",
        "unforced_mag_status": "limit",
        "forced_ujy": "",
        "forced_ujy_error": ""
    },
    {
        "MJD": "59155.175336",
        "filter": "g",
        "unforced_mag": "19.343",
        "unforced_mag_error": "0.162",
        "unforced_mag_status": "positive",
        "forced_ujy": "",
        "forced_ujy_error": ""
    },
    {
        "MJD": "59154.360035",
        "filter": "g",
        "unforced_mag": "19.175",
        "unforced_mag_error": "0.173",
        "unforced_mag_status": "positive",
        "forced_ujy": "",
        "forced_ujy_error": ""
    },
    {
        "MJD": "59154.172697",
        "filter": "r",
        "unforced_mag": "19.374",
        "unforced_mag_error": "0.214",
        "unforced_mag_status": "positive",
        "forced_ujy": "",
        "forced_ujy_error": ""
    },
    {
        "MJD": "59152.398067",
        "filter": "r",
        "unforced_mag": "18.948",
        "unforced_mag_error": "0.118",
        "unforced_mag_status": "positive",
        "forced_ujy": "",
        "forced_ujy_error": ""
    },
    {
        "MJD": "59152.256319",
        "filter": "g",
        "unforced_mag": "19.128",
        "unforced_mag_error": "0.127",
        "unforced_mag_status": "positive",
        "forced_ujy": "",
        "forced_ujy_error": ""
    },
    {
        "MJD": "59152.255382",
        "filter": "g",
        "unforced_mag": "19.441",
        "unforced_mag_error": "0.218",
        "unforced_mag_status": "positive",
        "forced_ujy": "",
        "forced_ujy_error": ""
    },
    {
        "MJD": "59152.219097",
        "filter": "r",
        "unforced_mag": "19.213",
        "unforced_mag_error": "0.167",
        "unforced_mag_status": "positive",
        "forced_ujy": "",
        "forced_ujy_error": ""
    },
    {
        "MJD": "59151.337627",
        "filter": "r",
        "unforced_mag": "19.187",
        "unforced_mag_error": "0.142",
        "unforced_mag_status": "positive",
        "forced_ujy": "",
        "forced_ujy_error": ""
    },
    {
        "MJD": "59151.159780",
        "filter": "g",
        "unforced_mag": "19.146",
        "unforced_mag_error": "0.132",
        "unforced_mag_status": "positive",
        "forced_ujy": "",
        "forced_ujy_error": ""
    },
    {
        "MJD": "59150.411632",
        "filter": "g",
        "unforced_mag": "19.209",
        "unforced_mag_error": "0.147",
        "unforced_mag_status": "positive",
        "forced_ujy": "",
        "forced_ujy_error": ""
    },
    {
        "MJD": "59150.411169",
        "filter": "g",
        "unforced_mag": "19.261",
        "unforced_mag_error": "0.166",
        "unforced_mag_status": "positive",
        "forced_ujy": "",
        "forced_ujy_error": ""
    },
    {
        "MJD": "59150.284398",
        "filter": "r",
        "unforced_mag": "19.165",
        "unforced_mag_error": "0.136",
        "unforced_mag_status": "positive",
        "forced_ujy": "",
        "forced_ujy_error": ""
    },
    {
        "MJD": "59150.283461",
        "filter": "r",
        "unforced_mag": "19.175",
        "unforced_mag_error": "0.142",
        "unforced_mag_status": "positive",
        "forced_ujy": "",
        "forced_ujy_error": ""
    },
    {
        "MJD": "59146.238140",
        "filter": "r",
        "unforced_mag": "17.723",
        "unforced_mag_error": "",
        "unforced_mag_status": "limit",
        "forced_ujy": "",
        "forced_ujy_error": ""
    },
    {
        "MJD": "59146.237660",
        "filter": "r",
        "unforced_mag": "17.563",
        "unforced_mag_error": "",
        "unforced_mag_status": "limit",
        "forced_ujy": "",
        "forced_ujy_error": ""
    },
    {
        "MJD": "59144.462905",
        "filter": "g",
        "unforced_mag": "19.148",
        "unforced_mag_error": "0.078",
        "unforced_mag_status": "positive",
        "forced_ujy": "",
        "forced_ujy_error": ""
    },
    {
        "MJD": "59144.356794",
        "filter": "g",
        "unforced_mag": "19.098",
        "unforced_mag_error": "0.073",
        "unforced_mag_status": "positive",
        "forced_ujy": "",
        "forced_ujy_error": ""
    },
    {
        "MJD": "59144.216910",
        "filter": "r",
        "unforced_mag": "19.055",
        "unforced_mag_error": "0.111",
        "unforced_mag_status": "positive",
        "forced_ujy": "",
        "forced_ujy_error": ""
    },
    {
        "MJD": "59144.216435",
        "filter": "r",
        "unforced_mag": "19.155",
        "unforced_mag_error": "0.123",
        "unforced_mag_status": "positive",
        "forced_ujy": "",
        "forced_ujy_error": ""
    },
    {
        "MJD": "59142.402917",
        "filter": "g",
        "unforced_mag": "18.992",
        "unforced_mag_error": "0.081",
        "unforced_mag_status": "positive",
        "forced_ujy": "",
        "forced_ujy_error": ""
    },
    {
        "MJD": "59142.402917",
        "filter": "g",
        "unforced_mag": "18.992",
        "unforced_mag_error": "0.081",
        "unforced_mag_status": "positive",
        "forced_ujy": "",
        "forced_ujy_error": ""
    },
    {
        "MJD": "59142.402442",
        "filter": "g",
        "unforced_mag": "19.053",
        "unforced_mag_error": "0.063",
        "unforced_mag_status": "positive",
        "forced_ujy": "",
        "forced_ujy_error": ""
    },
    {
        "MJD": "59142.402442",
        "filter": "g",
        "unforced_mag": "19.053",
        "unforced_mag_error": "0.063",
        "unforced_mag_status": "positive",
        "forced_ujy": "",
        "forced_ujy_error": ""
    },
    {
        "MJD": "59142.260720",
        "filter": "r",
        "unforced_mag": "21.315",
        "unforced_mag_error": "",
        "unforced_mag_status": "limit",
        "forced_ujy": "",
        "forced_ujy_error": ""
    },
    {
        "MJD": "59142.260240",
        "filter": "r",
        "unforced_mag": "20.703",
        "unforced_mag_error": "",
        "unforced_mag_status": "limit",
        "forced_ujy": "",
        "forced_ujy_error": ""
    },
    {
        "MJD": "59140.280694",
        "filter": "g",
        "unforced_mag": "19.034",
        "unforced_mag_error": "0.079",
        "unforced_mag_status": "positive",
        "forced_ujy": "",
        "forced_ujy_error": ""
    },
    {
        "MJD": "59140.238241",
        "filter": "r",
        "unforced_mag": "19.073",
        "unforced_mag_error": "0.089",
        "unforced_mag_status": "positive",
        "forced_ujy": "",
        "forced_ujy_error": ""
    },
    {
        "MJD": "59140.237766",
        "filter": "r",
        "unforced_mag": "19.273",
        "unforced_mag_error": "0.119",
        "unforced_mag_status": "positive",
        "forced_ujy": "",
        "forced_ujy_error": ""
    },
    {
        "MJD": "59140.199977",
        "filter": "g",
        "unforced_mag": "19.019",
        "unforced_mag_error": "0.083",
        "unforced_mag_status": "positive",
        "forced_ujy": "",
        "forced_ujy_error": ""
    },
    {
        "MJD": "59138.240810",
        "filter": "g",
        "unforced_mag": "18.918",
        "unforced_mag_error": "0.107",
        "unforced_mag_status": "positive",
        "forced_ujy": "",
        "forced_ujy_error": ""
    },
    {
        "MJD": "59138.240336",
        "filter": "g",
        "unforced_mag": "18.927",
        "unforced_mag_error": "0.094",
        "unforced_mag_status": "positive",
        "forced_ujy": "",
        "forced_ujy_error": ""
    },
    {
        "MJD": "59136.501620",
        "filter": "r",
        "unforced_mag": "18.812",
        "unforced_mag_error": "0.087",
        "unforced_mag_status": "positive",
        "forced_ujy": "",
        "forced_ujy_error": ""
    },
    {
        "MJD": "59136.469653",
        "filter": "r",
        "unforced_mag": "18.910",
        "unforced_mag_error": "0.075",
        "unforced_mag_status": "positive",
        "forced_ujy": "",
        "forced_ujy_error": ""
    },
    {
        "MJD": "59136.456053",
        "filter": "g",
        "unforced_mag": "18.950",
        "unforced_mag_error": "0.083",
        "unforced_mag_status": "positive",
        "forced_ujy": "",
        "forced_ujy_error": ""
    },
    {
        "MJD": "59136.243090",
        "filter": "g",
        "unforced_mag": "18.927",
        "unforced_mag_error": "0.087",
        "unforced_mag_status": "positive",
        "forced_ujy": "",
        "forced_ujy_error": ""
    },
    {
        "MJD": "59134.452245",
        "filter": "r",
        "unforced_mag": "18.886",
        "unforced_mag_error": "0.123",
        "unforced_mag_status": "positive",
        "forced_ujy": "",
        "forced_ujy_error": ""
    },
    {
        "MJD": "59134.429410",
        "filter": "r",
        "unforced_mag": "18.857",
        "unforced_mag_error": "0.103",
        "unforced_mag_status": "positive",
        "forced_ujy": "",
        "forced_ujy_error": ""
    },
    {
        "MJD": "59134.256493",
        "filter": "g",
        "unforced_mag": "18.966",
        "unforced_mag_error": "0.098",
        "unforced_mag_status": "positive",
        "forced_ujy": "",
        "forced_ujy_error": ""
    },
    {
        "MJD": "59134.256018",
        "filter": "g",
        "unforced_mag": "18.906",
        "unforced_mag_error": "0.088",
        "unforced_mag_status": "positive",
        "forced_ujy": "",
        "forced_ujy_error": ""
    },
    {
        "MJD": "59131.343252",
        "filter": "g",
        "unforced_mag": "18.822",
        "unforced_mag_error": "0.137",
        "unforced_mag_status": "positive",
        "forced_ujy": "",
        "forced_ujy_error": ""
    },
    {
        "MJD": "59131.327917",
        "filter": "g",
        "unforced_mag": "18.686",
        "unforced_mag_error": "0.102",
        "unforced_mag_status": "positive",
        "forced_ujy": "",
        "forced_ujy_error": ""
    },
    {
        "MJD": "59129.315694",
        "filter": "g",
        "unforced_mag": "18.793",
        "unforced_mag_error": "0.100",
        "unforced_mag_status": "positive",
        "forced_ujy": "",
        "forced_ujy_error": ""
    },
    {
        "MJD": "59129.300000",
        "filter": "g",
        "unforced_mag": "18.988",
        "unforced_mag_error": "0.106",
        "unforced_mag_status": "positive",
        "forced_ujy": "",
        "forced_ujy_error": ""
    },
    {
        "MJD": "59129.242593",
        "filter": "r",
        "unforced_mag": "18.955",
        "unforced_mag_error": "0.103",
        "unforced_mag_status": "positive",
        "forced_ujy": "",
        "forced_ujy_error": ""
    },
    {
        "MJD": "59129.242118",
        "filter": "r",
        "unforced_mag": "18.778",
        "unforced_mag_error": "0.077",
        "unforced_mag_status": "positive",
        "forced_ujy": "",
        "forced_ujy_error": ""
    },
    {
        "MJD": "59127.297620",
        "filter": "r",
        "unforced_mag": "18.349",
        "unforced_mag_error": "",
        "unforced_mag_status": "limit",
        "forced_ujy": "",
        "forced_ujy_error": ""
    },
    {
        "MJD": "59127.297141",
        "filter": "r",
        "unforced_mag": "18.551",
        "unforced_mag_error": "0.193",
        "unforced_mag_status": "positive",
        "forced_ujy": "",
        "forced_ujy_error": ""
    },
    {
        "MJD": "59127.218634",
        "filter": "g",
        "unforced_mag": "18.798",
        "unforced_mag_error": "0.342",
        "unforced_mag_status": "positive",
        "forced_ujy": "",
        "forced_ujy_error": ""
    },
    {
        "MJD": "59126.375116",
        "filter": "r",
        "unforced_mag": "18.840",
        "unforced_mag_error": "0.110",
        "unforced_mag_status": "positive",
        "forced_ujy": "",
        "forced_ujy_error": ""
    },
    {
        "MJD": "59126.374653",
        "filter": "r",
        "unforced_mag": "18.761",
        "unforced_mag_error": "0.108",
        "unforced_mag_status": "positive",
        "forced_ujy": "",
        "forced_ujy_error": ""
    },
    {
        "MJD": "59125.413137",
        "filter": "g",
        "unforced_mag": "18.777",
        "unforced_mag_error": "0.108",
        "unforced_mag_status": "positive",
        "forced_ujy": "",
        "forced_ujy_error": ""
    },
    {
        "MJD": "59125.412674",
        "filter": "g",
        "unforced_mag": "18.739",
        "unforced_mag_error": "0.107",
        "unforced_mag_status": "positive",
        "forced_ujy": "",
        "forced_ujy_error": ""
    },
    {
        "MJD": "59125.331040",
        "filter": "r",
        "unforced_mag": "19.593",
        "unforced_mag_error": "",
        "unforced_mag_status": "limit",
        "forced_ujy": "",
        "forced_ujy_error": ""
    },
    {
        "MJD": "59125.330116",
        "filter": "r",
        "unforced_mag": "18.786",
        "unforced_mag_error": "0.117",
        "unforced_mag_status": "positive",
        "forced_ujy": "",
        "forced_ujy_error": ""
    },
    {
        "MJD": "59124.320937",
        "filter": "r",
        "unforced_mag": "18.839",
        "unforced_mag_error": "0.138",
        "unforced_mag_status": "positive",
        "forced_ujy": "",
        "forced_ujy_error": ""
    },
    {
        "MJD": "59124.320463",
        "filter": "r",
        "unforced_mag": "18.754",
        "unforced_mag_error": "0.100",
        "unforced_mag_status": "positive",
        "forced_ujy": "",
        "forced_ujy_error": ""
    },
    {
        "MJD": "59123.322303",
        "filter": "r",
        "unforced_mag": "18.929",
        "unforced_mag_error": "0.145",
        "unforced_mag_status": "positive",
        "forced_ujy": "",
        "forced_ujy_error": ""
    },
    {
        "MJD": "59123.321829",
        "filter": "r",
        "unforced_mag": "18.826",
        "unforced_mag_error": "0.132",
        "unforced_mag_status": "positive",
        "forced_ujy": "",
        "forced_ujy_error": ""
    },
    {
        "MJD": "59123.201655",
        "filter": "g",
        "unforced_mag": "18.795",
        "unforced_mag_error": "0.180",
        "unforced_mag_status": "positive",
        "forced_ujy": "",
        "forced_ujy_error": ""
    },
    {
        "MJD": "59121.397512",
        "filter": "g",
        "unforced_mag": "18.650",
        "unforced_mag_error": "0.095",
        "unforced_mag_status": "positive",
        "forced_ujy": "",
        "forced_ujy_error": ""
    },
    {
        "MJD": "59121.356401",
        "filter": "g",
        "unforced_mag": "18.774",
        "unforced_mag_error": "0.132",
        "unforced_mag_status": "positive",
        "forced_ujy": "",
        "forced_ujy_error": ""
    },
    {
        "MJD": "59120.330787",
        "filter": "g",
        "unforced_mag": "18.723",
        "unforced_mag_error": "0.104",
        "unforced_mag_status": "positive",
        "forced_ujy": "",
        "forced_ujy_error": ""
    },
    {
        "MJD": "59120.329826",
        "filter": "g",
        "unforced_mag": "18.730",
        "unforced_mag_error": "0.107",
        "unforced_mag_status": "positive",
        "forced_ujy": "",
        "forced_ujy_error": ""
    },
    {
        "MJD": "59117.358646",
        "filter": "r",
        "unforced_mag": "18.650",
        "unforced_mag_error": "0.073",
        "unforced_mag_status": "positive",
        "forced_ujy": "",
        "forced_ujy_error": ""
    },
    {
        "MJD": "59117.346389",
        "filter": "r",
        "unforced_mag": "18.709",
        "unforced_mag_error": "0.089",
        "unforced_mag_status": "positive",
        "forced_ujy": "",
        "forced_ujy_error": ""
    },
    {
        "MJD": "59117.328264",
        "filter": "g",
        "unforced_mag": "18.868",
        "unforced_mag_error": "0.077",
        "unforced_mag_status": "positive",
        "forced_ujy": "",
        "forced_ujy_error": ""
    },
    {
        "MJD": "59117.327789",
        "filter": "g",
        "unforced_mag": "18.719",
        "unforced_mag_error": "0.079",
        "unforced_mag_status": "positive",
        "forced_ujy": "",
        "forced_ujy_error": ""
    },
    {
        "MJD": "59114.342870",
        "filter": "g",
        "unforced_mag": "18.685",
        "unforced_mag_error": "0.106",
        "unforced_mag_status": "positive",
        "forced_ujy": "",
        "forced_ujy_error": ""
    },
    {
        "MJD": "59114.342396",
        "filter": "g",
        "unforced_mag": "18.724",
        "unforced_mag_error": "0.083",
        "unforced_mag_status": "positive",
        "forced_ujy": "",
        "forced_ujy_error": ""
    },
    {
        "MJD": "59114.305370",
        "filter": "r",
        "unforced_mag": "18.669",
        "unforced_mag_error": "0.096",
        "unforced_mag_status": "positive",
        "forced_ujy": "",
        "forced_ujy_error": ""
    },
    {
        "MJD": "59114.304896",
        "filter": "r",
        "unforced_mag": "18.581",
        "unforced_mag_error": "0.076",
        "unforced_mag_status": "positive",
        "forced_ujy": "",
        "forced_ujy_error": ""
    },
    {
        "MJD": "59113.370556",
        "filter": "g",
        "unforced_mag": "18.669",
        "unforced_mag_error": "0.102",
        "unforced_mag_status": "positive",
        "forced_ujy": "",
        "forced_ujy_error": ""
    },
    {
        "MJD": "59113.317442",
        "filter": "r",
        "unforced_mag": "18.677",
        "unforced_mag_error": "0.064",
        "unforced_mag_status": "positive",
        "forced_ujy": "",
        "forced_ujy_error": ""
    },
    {
        "MJD": "59112.357106",
        "filter": "r",
        "unforced_mag": "18.699",
        "unforced_mag_error": "0.055",
        "unforced_mag_status": "positive",
        "forced_ujy": "",
        "forced_ujy_error": ""
    },
    {
        "MJD": "59112.294329",
        "filter": "g",
        "unforced_mag": "18.647",
        "unforced_mag_error": "0.062",
        "unforced_mag_status": "positive",
        "forced_ujy": "",
        "forced_ujy_error": ""
    },
    {
        "MJD": "59111.435810",
        "filter": "r",
        "unforced_mag": "18.718",
        "unforced_mag_error": "0.073",
        "unforced_mag_status": "positive",
        "forced_ujy": "",
        "forced_ujy_error": ""
    },
    {
        "MJD": "59111.435347",
        "filter": "r",
        "unforced_mag": "18.669",
        "unforced_mag_error": "0.088",
        "unforced_mag_status": "positive",
        "forced_ujy": "",
        "forced_ujy_error": ""
    },
    {
        "MJD": "59111.325405",
        "filter": "g",
        "unforced_mag": "18.636",
        "unforced_mag_error": "0.079",
        "unforced_mag_status": "positive",
        "forced_ujy": "",
        "forced_ujy_error": ""
    },
    {
        "MJD": "59111.324931",
        "filter": "g",
        "unforced_mag": "18.663",
        "unforced_mag_error": "0.071",
        "unforced_mag_status": "positive",
        "forced_ujy": "",
        "forced_ujy_error": ""
    },
    {
        "MJD": "59110.442025",
        "filter": "r",
        "unforced_mag": "18.689",
        "unforced_mag_error": "0.089",
        "unforced_mag_status": "positive",
        "forced_ujy": "",
        "forced_ujy_error": ""
    },
    {
        "MJD": "59110.314421",
        "filter": "g",
        "unforced_mag": "18.530",
        "unforced_mag_error": "0.118",
        "unforced_mag_status": "positive",
        "forced_ujy": "",
        "forced_ujy_error": ""
    },
    {
        "MJD": "59109.425382",
        "filter": "r",
        "unforced_mag": "18.497",
        "unforced_mag_error": "0.099",
        "unforced_mag_status": "positive",
        "forced_ujy": "",
        "forced_ujy_error": ""
    },
    {
        "MJD": "59108.470556",
        "filter": "r",
        "unforced_mag": "18.542",
        "unforced_mag_error": "0.089",
        "unforced_mag_status": "positive",
        "forced_ujy": "",
        "forced_ujy_error": ""
    },
    {
        "MJD": "59108.361586",
        "filter": "g",
        "unforced_mag": "18.673",
        "unforced_mag_error": "0.104",
        "unforced_mag_status": "positive",
        "forced_ujy": "",
        "forced_ujy_error": ""
    },
    {
        "MJD": "59108.361111",
        "filter": "g",
        "unforced_mag": "18.667",
        "unforced_mag_error": "0.106",
        "unforced_mag_status": "positive",
        "forced_ujy": "",
        "forced_ujy_error": ""
    },
    {
        "MJD": "59107.379491",
        "filter": "g",
        "unforced_mag": "18.696",
        "unforced_mag_error": "0.087",
        "unforced_mag_status": "positive",
        "forced_ujy": "",
        "forced_ujy_error": ""
    },
    {
        "MJD": "59107.305370",
        "filter": "r",
        "unforced_mag": "18.654",
        "unforced_mag_error": "0.100",
        "unforced_mag_status": "positive",
        "forced_ujy": "",
        "forced_ujy_error": ""
    },
    {
        "MJD": "59106.360428",
        "filter": "r",
        "unforced_mag": "18.573",
        "unforced_mag_error": "0.129",
        "unforced_mag_status": "positive",
        "forced_ujy": "",
        "forced_ujy_error": ""
    },
    {
        "MJD": "59106.320625",
        "filter": "g",
        "unforced_mag": "18.637",
        "unforced_mag_error": "0.114",
        "unforced_mag_status": "positive",
        "forced_ujy": "",
        "forced_ujy_error": ""
    },
    {
        "MJD": "59102.464815",
        "filter": "g",
        "unforced_mag": "18.434",
        "unforced_mag_error": "0.138",
        "unforced_mag_status": "positive",
        "forced_ujy": "",
        "forced_ujy_error": ""
    },
    {
        "MJD": "59102.410820",
        "filter": "r",
        "unforced_mag": "17.870",
        "unforced_mag_error": "",
        "unforced_mag_status": "limit",
        "forced_ujy": "",
        "forced_ujy_error": ""
    },
    {
        "MJD": "59099.386701",
        "filter": "g",
        "unforced_mag": "18.437",
        "unforced_mag_error": "0.092",
        "unforced_mag_status": "positive",
        "forced_ujy": "",
        "forced_ujy_error": ""
    },
    {
        "MJD": "59099.307292",
        "filter": "r",
        "unforced_mag": "18.577",
        "unforced_mag_error": "0.113",
        "unforced_mag_status": "positive",
        "forced_ujy": "",
        "forced_ujy_error": ""
    },
    {
        "MJD": "59098.327153",
        "filter": "r",
        "unforced_mag": "18.499",
        "unforced_mag_error": "0.088",
        "unforced_mag_status": "positive",
        "forced_ujy": "",
        "forced_ujy_error": ""
    },
    {
        "MJD": "59098.326678",
        "filter": "r",
        "unforced_mag": "18.574",
        "unforced_mag_error": "0.081",
        "unforced_mag_status": "positive",
        "forced_ujy": "",
        "forced_ujy_error": ""
    },
    {
        "MJD": "59097.467928",
        "filter": "r",
        "unforced_mag": "18.462",
        "unforced_mag_error": "0.099",
        "unforced_mag_status": "positive",
        "forced_ujy": "",
        "forced_ujy_error": ""
    },
    {
        "MJD": "59097.401771",
        "filter": "g",
        "unforced_mag": "18.393",
        "unforced_mag_error": "0.080",
        "unforced_mag_status": "positive",
        "forced_ujy": "",
        "forced_ujy_error": ""
    },
    {
        "MJD": "59096.349583",
        "filter": "r",
        "unforced_mag": "18.446",
        "unforced_mag_error": "0.088",
        "unforced_mag_status": "positive",
        "forced_ujy": "",
        "forced_ujy_error": ""
    },
    {
        "MJD": "59096.349097",
        "filter": "r",
        "unforced_mag": "18.522",
        "unforced_mag_error": "0.093",
        "unforced_mag_status": "positive",
        "forced_ujy": "",
        "forced_ujy_error": ""
    },
    {
        "MJD": "59094.486412",
        "filter": "g",
        "unforced_mag": "18.380",
        "unforced_mag_error": "0.099",
        "unforced_mag_status": "positive",
        "forced_ujy": "",
        "forced_ujy_error": ""
    },
    {
        "MJD": "59094.485937",
        "filter": "g",
        "unforced_mag": "18.254",
        "unforced_mag_error": "0.097",
        "unforced_mag_status": "positive",
        "forced_ujy": "",
        "forced_ujy_error": ""
    },
    {
        "MJD": "59094.404201",
        "filter": "r",
        "unforced_mag": "18.670",
        "unforced_mag_error": "0.126",
        "unforced_mag_status": "positive",
        "forced_ujy": "",
        "forced_ujy_error": ""
    },
    {
        "MJD": "59094.403727",
        "filter": "r",
        "unforced_mag": "18.605",
        "unforced_mag_error": "0.139",
        "unforced_mag_status": "positive",
        "forced_ujy": "",
        "forced_ujy_error": ""
    },
    {
        "MJD": "59094.388449",
        "filter": "r",
        "unforced_mag": "18.469",
        "unforced_mag_error": "0.087",
        "unforced_mag_status": "positive",
        "forced_ujy": "",
        "forced_ujy_error": ""
    },
    {
        "MJD": "59094.387975",
        "filter": "r",
        "unforced_mag": "18.381",
        "unforced_mag_error": "0.071",
        "unforced_mag_status": "positive",
        "forced_ujy": "",
        "forced_ujy_error": ""
    },
    {
        "MJD": "59092.380382",
        "filter": "g",
        "unforced_mag": "18.403",
        "unforced_mag_error": "0.094",
        "unforced_mag_status": "positive",
        "forced_ujy": "",
        "forced_ujy_error": ""
    },
    {
        "MJD": "59092.379907",
        "filter": "g",
        "unforced_mag": "18.364",
        "unforced_mag_error": "0.091",
        "unforced_mag_status": "positive",
        "forced_ujy": "",
        "forced_ujy_error": ""
    },
    {
        "MJD": "59091.419340",
        "filter": "g",
        "unforced_mag": "18.426",
        "unforced_mag_error": "0.094",
        "unforced_mag_status": "positive",
        "forced_ujy": "",
        "forced_ujy_error": ""
    },
    {
        "MJD": "59091.418866",
        "filter": "g",
        "unforced_mag": "18.414",
        "unforced_mag_error": "0.073",
        "unforced_mag_status": "positive",
        "forced_ujy": "",
        "forced_ujy_error": ""
    },
    {
        "MJD": "59088.411493",
        "filter": "r",
        "unforced_mag": "18.463",
        "unforced_mag_error": "0.070",
        "unforced_mag_status": "positive",
        "forced_ujy": "",
        "forced_ujy_error": ""
    },
    {
        "MJD": "59076.466018",
        "filter": "g",
        "unforced_mag": "18.249",
        "unforced_mag_error": "0.058",
        "unforced_mag_status": "positive",
        "forced_ujy": "",
        "forced_ujy_error": ""
    },
    {
        "MJD": "59076.387905",
        "filter": "r",
        "unforced_mag": "18.386",
        "unforced_mag_error": "0.073",
        "unforced_mag_status": "positive",
        "forced_ujy": "",
        "forced_ujy_error": ""
    },
    {
        "MJD": "59073.451065",
        "filter": "r",
        "unforced_mag": "18.425",
        "unforced_mag_error": "0.058",
        "unforced_mag_status": "positive",
        "forced_ujy": "",
        "forced_ujy_error": ""
    },
    {
        "MJD": "59073.335752",
        "filter": "g",
        "unforced_mag": "18.246",
        "unforced_mag_error": "0.057",
        "unforced_mag_status": "positive",
        "forced_ujy": "",
        "forced_ujy_error": ""
    },
    {
        "MJD": "59069.423669",
        "filter": "r",
        "unforced_mag": "18.363",
        "unforced_mag_error": "0.063",
        "unforced_mag_status": "positive",
        "forced_ujy": "",
        "forced_ujy_error": ""
    },
    {
        "MJD": "59069.423194",
        "filter": "r",
        "unforced_mag": "18.413",
        "unforced_mag_error": "0.067",
        "unforced_mag_status": "positive",
        "forced_ujy": "",
        "forced_ujy_error": ""
    },
    {
        "MJD": "59069.340787",
        "filter": "g",
        "unforced_mag": "18.277",
        "unforced_mag_error": "0.058",
        "unforced_mag_status": "positive",
        "forced_ujy": "",
        "forced_ujy_error": ""
    },
    {
        "MJD": "59069.317546",
        "filter": "g",
        "unforced_mag": "18.257",
        "unforced_mag_error": "0.073",
        "unforced_mag_status": "positive",
        "forced_ujy": "",
        "forced_ujy_error": ""
    },
    {
        "MJD": "59066.472373",
        "filter": "r",
        "unforced_mag": "18.359",
        "unforced_mag_error": "0.063",
        "unforced_mag_status": "positive",
        "forced_ujy": "",
        "forced_ujy_error": ""
    },
    {
        "MJD": "59066.457199",
        "filter": "r",
        "unforced_mag": "18.456",
        "unforced_mag_error": "0.074",
        "unforced_mag_status": "positive",
        "forced_ujy": "",
        "forced_ujy_error": ""
    },
    {
        "MJD": "59066.379271",
        "filter": "g",
        "unforced_mag": "18.267",
        "unforced_mag_error": "0.085",
        "unforced_mag_status": "positive",
        "forced_ujy": "",
        "forced_ujy_error": ""
    },
    {
        "MJD": "59066.378796",
        "filter": "g",
        "unforced_mag": "18.348",
        "unforced_mag_error": "0.080",
        "unforced_mag_status": "positive",
        "forced_ujy": "",
        "forced_ujy_error": ""
    },
    {
        "MJD": "59064.416123",
        "filter": "r",
        "unforced_mag": "18.518",
        "unforced_mag_error": "0.080",
        "unforced_mag_status": "positive",
        "forced_ujy": "",
        "forced_ujy_error": ""
    },
    {
        "MJD": "59064.415637",
        "filter": "r",
        "unforced_mag": "18.250",
        "unforced_mag_error": "0.081",
        "unforced_mag_status": "positive",
        "forced_ujy": "",
        "forced_ujy_error": ""
    },
    {
        "MJD": "59063.429734",
        "filter": "g",
        "unforced_mag": "18.274",
        "unforced_mag_error": "0.111",
        "unforced_mag_status": "positive",
        "forced_ujy": "",
        "forced_ujy_error": ""
    },
    {
        "MJD": "59063.429259",
        "filter": "g",
        "unforced_mag": "18.293",
        "unforced_mag_error": "0.098",
        "unforced_mag_status": "positive",
        "forced_ujy": "",
        "forced_ujy_error": ""
    },
    {
        "MJD": "59061.391933",
        "filter": "r",
        "unforced_mag": "18.377",
        "unforced_mag_error": "0.067",
        "unforced_mag_status": "positive",
        "forced_ujy": "",
        "forced_ujy_error": ""
    },
    {
        "MJD": "59061.391447",
        "filter": "r",
        "unforced_mag": "18.454",
        "unforced_mag_error": "0.061",
        "unforced_mag_status": "positive",
        "forced_ujy": "",
        "forced_ujy_error": ""
    },
    {
        "MJD": "59057.468634",
        "filter": "r",
        "unforced_mag": "18.562",
        "unforced_mag_error": "0.079",
        "unforced_mag_status": "positive",
        "forced_ujy": "",
        "forced_ujy_error": ""
    },
    {
        "MJD": "59057.407188",
        "filter": "g",
        "unforced_mag": "18.372",
        "unforced_mag_error": "0.054",
        "unforced_mag_status": "positive",
        "forced_ujy": "",
        "forced_ujy_error": ""
    },
    {
        "MJD": "59057.406701",
        "filter": "g",
        "unforced_mag": "18.344",
        "unforced_mag_error": "0.070",
        "unforced_mag_status": "positive",
        "forced_ujy": "",
        "forced_ujy_error": ""
    },
    {
        "MJD": "59057.359711",
        "filter": "r",
        "unforced_mag": "18.478",
        "unforced_mag_error": "0.061",
        "unforced_mag_status": "positive",
        "forced_ujy": "",
        "forced_ujy_error": ""
    },
    {
        "MJD": "59054.451910",
        "filter": "g",
        "unforced_mag": "18.431",
        "unforced_mag_error": "0.058",
        "unforced_mag_status": "positive",
        "forced_ujy": "",
        "forced_ujy_error": ""
    },
    {
        "MJD": "59054.451435",
        "filter": "g",
        "unforced_mag": "18.468",
        "unforced_mag_error": "0.056",
        "unforced_mag_status": "positive",
        "forced_ujy": "",
        "forced_ujy_error": ""
    },
    {
        "MJD": "59054.410081",
        "filter": "r",
        "unforced_mag": "18.431",
        "unforced_mag_error": "0.058",
        "unforced_mag_status": "positive",
        "forced_ujy": "",
        "forced_ujy_error": ""
    },
    {
        "MJD": "59054.409595",
        "filter": "r",
        "unforced_mag": "18.536",
        "unforced_mag_error": "0.076",
        "unforced_mag_status": "positive",
        "forced_ujy": "",
        "forced_ujy_error": ""
    },
    {
        "MJD": "59051.405232",
        "filter": "r",
        "unforced_mag": "18.493",
        "unforced_mag_error": "0.058",
        "unforced_mag_status": "positive",
        "forced_ujy": "",
        "forced_ujy_error": ""
    },
    {
        "MJD": "59051.404745",
        "filter": "r",
        "unforced_mag": "18.605",
        "unforced_mag_error": "0.075",
        "unforced_mag_status": "positive",
        "forced_ujy": "",
        "forced_ujy_error": ""
    },
    {
        "MJD": "59051.330787",
        "filter": "g",
        "unforced_mag": "18.483",
        "unforced_mag_error": "0.074",
        "unforced_mag_status": "positive",
        "forced_ujy": "",
        "forced_ujy_error": ""
    },
    {
        "MJD": "59051.330301",
        "filter": "g",
        "unforced_mag": "18.434",
        "unforced_mag_error": "0.071",
        "unforced_mag_status": "positive",
        "forced_ujy": "",
        "forced_ujy_error": ""
    },
    {
        "MJD": "59048.449688",
        "filter": "g",
        "unforced_mag": "18.500",
        "unforced_mag_error": "0.074",
        "unforced_mag_status": "positive",
        "forced_ujy": "",
        "forced_ujy_error": ""
    },
    {
        "MJD": "59048.449213",
        "filter": "g",
        "unforced_mag": "18.563",
        "unforced_mag_error": "0.065",
        "unforced_mag_status": "positive",
        "forced_ujy": "",
        "forced_ujy_error": ""
    },
    {
        "MJD": "59048.414016",
        "filter": "r",
        "unforced_mag": "18.670",
        "unforced_mag_error": "0.073",
        "unforced_mag_status": "positive",
        "forced_ujy": "",
        "forced_ujy_error": ""
    },
    {
        "MJD": "59048.413530",
        "filter": "r",
        "unforced_mag": "18.601",
        "unforced_mag_error": "0.067",
        "unforced_mag_status": "positive",
        "forced_ujy": "",
        "forced_ujy_error": ""
    },
    {
        "MJD": "59045.455301",
        "filter": "g",
        "unforced_mag": "18.637",
        "unforced_mag_error": "0.081",
        "unforced_mag_status": "positive",
        "forced_ujy": "",
        "forced_ujy_error": ""
    },
    {
        "MJD": "59045.454826",
        "filter": "g",
        "unforced_mag": "18.632",
        "unforced_mag_error": "0.066",
        "unforced_mag_status": "positive",
        "forced_ujy": "",
        "forced_ujy_error": ""
    },
    {
        "MJD": "59045.353194",
        "filter": "r",
        "unforced_mag": "18.750",
        "unforced_mag_error": "0.088",
        "unforced_mag_status": "positive",
        "forced_ujy": "",
        "forced_ujy_error": ""
    },
    {
        "MJD": "59045.352708",
        "filter": "r",
        "unforced_mag": "18.765",
        "unforced_mag_error": "0.071",
        "unforced_mag_status": "positive",
        "forced_ujy": "",
        "forced_ujy_error": ""
    },
    {
        "MJD": "59042.387396",
        "filter": "r",
        "unforced_mag": "18.823",
        "unforced_mag_error": "0.063",
        "unforced_mag_status": "positive",
        "forced_ujy": "",
        "forced_ujy_error": ""
    },
    {
        "MJD": "59042.386910",
        "filter": "r",
        "unforced_mag": "18.687",
        "unforced_mag_error": "0.078",
        "unforced_mag_status": "positive",
        "forced_ujy": "",
        "forced_ujy_error": ""
    },
    {
        "MJD": "59042.337315",
        "filter": "g",
        "unforced_mag": "18.700",
        "unforced_mag_error": "0.082",
        "unforced_mag_status": "positive",
        "forced_ujy": "",
        "forced_ujy_error": ""
    },
    {
        "MJD": "59042.324549",
        "filter": "g",
        "unforced_mag": "18.625",
        "unforced_mag_error": "0.070",
        "unforced_mag_status": "positive",
        "forced_ujy": "",
        "forced_ujy_error": ""
    },
    {
        "MJD": "59039.449618",
        "filter": "r",
        "unforced_mag": "18.896",
        "unforced_mag_error": "0.106",
        "unforced_mag_status": "positive",
        "forced_ujy": "",
        "forced_ujy_error": ""
    },
    {
        "MJD": "59039.347569",
        "filter": "g",
        "unforced_mag": "18.753",
        "unforced_mag_error": "0.091",
        "unforced_mag_status": "positive",
        "forced_ujy": "",
        "forced_ujy_error": ""
    },
    {
        "MJD": "59038.467500",
        "filter": "g",
        "unforced_mag": "18.793",
        "unforced_mag_error": "0.162",
        "unforced_mag_status": "positive",
        "forced_ujy": "",
        "forced_ujy_error": ""
    },
    {
        "MJD": "59038.386771",
        "filter": "r",
        "unforced_mag": "19.005",
        "unforced_mag_error": "0.139",
        "unforced_mag_status": "positive",
        "forced_ujy": "",
        "forced_ujy_error": ""
    },
    {
        "MJD": "59036.479410",
        "filter": "g",
        "unforced_mag": "18.736",
        "unforced_mag_error": "0.153",
        "unforced_mag_status": "positive",
        "forced_ujy": "",
        "forced_ujy_error": ""
    },
    {
        "MJD": "59036.366400",
        "filter": "r",
        "unforced_mag": "19.098",
        "unforced_mag_error": "0.116",
        "unforced_mag_status": "positive",
        "forced_ujy": "",
        "forced_ujy_error": ""
    },
    {
        "MJD": "59035.455139",
        "filter": "g",
        "unforced_mag": "19.018",
        "unforced_mag_error": "0.167",
        "unforced_mag_status": "positive",
        "forced_ujy": "",
        "forced_ujy_error": ""
    },
    {
        "MJD": "59035.361111",
        "filter": "r",
        "unforced_mag": "19.121",
        "unforced_mag_error": "0.152",
        "unforced_mag_status": "positive",
        "forced_ujy": "",
        "forced_ujy_error": ""
    },
    {
        "MJD": "59034.483819",
        "filter": "g",
        "unforced_mag": "18.961",
        "unforced_mag_error": "0.153",
        "unforced_mag_status": "positive",
        "forced_ujy": "",
        "forced_ujy_error": ""
    },
    {
        "MJD": "59034.370069",
        "filter": "r",
        "unforced_mag": "19.163",
        "unforced_mag_error": "0.198",
        "unforced_mag_status": "positive",
        "forced_ujy": "",
        "forced_ujy_error": ""
    },
    {
        "MJD": "59033.365197",
        "filter": "r",
        "unforced_mag": "19.149",
        "unforced_mag_error": "0.154",
        "unforced_mag_status": "positive",
        "forced_ujy": "",
        "forced_ujy_error": ""
    },
    {
        "MJD": "59033.342118",
        "filter": "r",
        "unforced_mag": "18.886",
        "unforced_mag_error": "0.120",
        "unforced_mag_status": "positive",
        "forced_ujy": "",
        "forced_ujy_error": ""
    },
    {
        "MJD": "59030.483333",
        "filter": "r",
        "unforced_mag": "19.103",
        "unforced_mag_error": "0.156",
        "unforced_mag_status": "positive",
        "forced_ujy": "",
        "forced_ujy_error": ""
    },
    {
        "MJD": "59030.337960",
        "filter": "g",
        "unforced_mag": "19.368",
        "unforced_mag_error": "",
        "unforced_mag_status": "limit",
        "forced_ujy": "",
        "forced_ujy_error": ""
    },
    {
        "MJD": "59027.390972",
        "filter": "r",
        "unforced_mag": "19.354",
        "unforced_mag_error": "0.115",
        "unforced_mag_status": "positive",
        "forced_ujy": "",
        "forced_ujy_error": ""
    },
    {
        "MJD": "59027.365972",
        "filter": "g",
        "unforced_mag": "19.436",
        "unforced_mag_error": "0.109",
        "unforced_mag_status": "positive",
        "forced_ujy": "",
        "forced_ujy_error": ""
    },
    {
        "MJD": "59026.470856",
        "filter": "r",
        "unforced_mag": "19.525",
        "unforced_mag_error": "0.162",
        "unforced_mag_status": "positive",
        "forced_ujy": "",
        "forced_ujy_error": ""
    },
    {
        "MJD": "59026.385232",
        "filter": "g",
        "unforced_mag": "19.331",
        "unforced_mag_error": "0.138",
        "unforced_mag_status": "positive",
        "forced_ujy": "",
        "forced_ujy_error": ""
    },
    {
        "MJD": "59024.466590",
        "filter": "r",
        "unforced_mag": "19.246",
        "unforced_mag_error": "",
        "unforced_mag_status": "limit",
        "forced_ujy": "",
        "forced_ujy_error": ""
    },
    {
        "MJD": "59024.466110",
        "filter": "r",
        "unforced_mag": "18.872",
        "unforced_mag_error": "",
        "unforced_mag_status": "limit",
        "forced_ujy": "",
        "forced_ujy_error": ""
    },
    {
        "MJD": "59024.387662",
        "filter": "g",
        "unforced_mag": "19.321",
        "unforced_mag_error": "0.127",
        "unforced_mag_status": "positive",
        "forced_ujy": "",
        "forced_ujy_error": ""
    },
    {
        "MJD": "59024.361829",
        "filter": "g",
        "unforced_mag": "19.466",
        "unforced_mag_error": "0.188",
        "unforced_mag_status": "positive",
        "forced_ujy": "",
        "forced_ujy_error": ""
    },
    {
        "MJD": "59018.481759",
        "filter": "r",
        "unforced_mag": "19.554",
        "unforced_mag_error": "0.167",
        "unforced_mag_status": "positive",
        "forced_ujy": "",
        "forced_ujy_error": ""
    },
    {
        "MJD": "59018.394016",
        "filter": "g",
        "unforced_mag": "19.633",
        "unforced_mag_error": "0.145",
        "unforced_mag_status": "positive",
        "forced_ujy": "",
        "forced_ujy_error": ""
    },
    {
        "MJD": "59014.480800",
        "filter": "r",
        "unforced_mag": "19.331",
        "unforced_mag_error": "",
        "unforced_mag_status": "limit",
        "forced_ujy": "",
        "forced_ujy_error": ""
    },
    {
        "MJD": "59014.393808",
        "filter": "g",
        "unforced_mag": "19.674",
        "unforced_mag_error": "0.156",
        "unforced_mag_status": "positive",
        "forced_ujy": "",
        "forced_ujy_error": ""
    },
    {
        "MJD": "59002.432050",
        "filter": "g",
        "unforced_mag": "19.603",
        "unforced_mag_error": "",
        "unforced_mag_status": "limit",
        "forced_ujy": "",
        "forced_ujy_error": ""
    },
    {
        "MJD": "58999.481120",
        "filter": "r",
        "unforced_mag": "17.401",
        "unforced_mag_error": "",
        "unforced_mag_status": "limit",
        "forced_ujy": "",
        "forced_ujy_error": ""
    },
    {
        "MJD": "58999.435130",
        "filter": "g",
        "unforced_mag": "17.491",
        "unforced_mag_error": "",
        "unforced_mag_status": "limit",
        "forced_ujy": "",
        "forced_ujy_error": ""
    }
]