{
    "objectId": "ZTF19aarrdoz",
    "candidates": [
        {
            "candid": 844161283315015011,
            "jd": 2458598.6612847,
            "ra": 130.6327872,
            "dec": 56.2950476,
            "fid": 2,
            "nid": 844,
            "magpsf": 20.18790054321289,
            "sigmapsf": 0.23525500297546387,
            "magnr": 18.80299949645996,
            "sigmagnr": 0.10999999940395355,
            "magzpsci": 26.159900665283203,
            "isdiffpos": "t",
            "ssdistnr": -999.0,
            "ssnamenr": "-999.0",
            "drb": null
        },
        {
            "candid": 847266854515015003,
            "jd": 2458601.7668519,
            "ra": 130.6327955,
            "dec": 56.2951871,
            "fid": 2,
            "nid": 847,
            "magpsf": 20.244600296020508,
            "sigmapsf": 0.2048639953136444,
            "magnr": 17.812999725341797,
            "sigmagnr": 0.0689999982714653,
            "magzpsci": 26.153600692749023,
            "isdiffpos": "t",
            "ssdistnr": -999.0,
            "ssnamenr": "null",
            "drb": null
        },
        {
            "candid": 847267763315015001,
            "jd": 2458601.7677662,
            "ra": 130.6328814,
            "dec": 56.2950523,
            "fid": 2,
            "nid": 847,
            "magpsf": 20.063499450683594,
            "sigmapsf": 0.21446500718593597,
            "magnr": 18.80299949645996,
            "sigmagnr": 0.10999999940395355,
            "magzpsci": 26.157499313354492,
            "isdiffpos": "t",
            "ssdistnr": -999.0,
            "ssnamenr": "null",
            "drb": null
        },
        {
            "candid": 852177583315015007,
            "jd": 2458606.677581,
            "ra": 130.6329303,
            "dec": 56.2950969,
            "fid": 2,
            "nid": 852,
            "magpsf": 19.87420082092285,
            "sigmapsf": 0.18177500367164612,
            "magnr": 18.80299949645996,
            "sigmagnr": 0.10999999940395355,
            "magzpsci": 26.138200759887695,
            "isdiffpos": "t",
            "ssdistnr": -999.0,
            "ssnamenr": "null",
            "drb": null
        },
        {
            "candid": 854238784515015004,
            "jd": 2458608.7387847,
            "ra": 130.6327218,
            "dec": 56.2950124,
            "fid": 2,
            "nid": 854,
            "magpsf": 19.936800003051758,
            "sigmapsf": 0.2321459949016571,
            "magnr": 19.099000930786133,
            "sigmagnr": 0.10400000214576721,
            "magzpsci": 26.082799911499023,
            "isdiffpos": "t",
            "ssdistnr": -999.0,
            "ssnamenr": "-999.0",
            "drb": null
        },
        {
            "candid": 855160773315015003,
            "jd": 2458609.6607755,
            "ra": 130.6330563,
            "dec": 56.2950582,
            "fid": 2,
            "nid": 855,
            "magpsf": 19.81450080871582,
            "sigmapsf": 0.18243299424648285,
            "magnr": 18.80299949645996,
            "sigmagnr": 0.10999999940395355,
            "magzpsci": 26.159500122070312,
            "isdiffpos": "t",
            "ssdistnr": -999.0,
            "ssnamenr": "null",
            "drb": null
        },
        {
            "candid": 863237113315015005,
            "jd": 2458617.7371181,
            "ra": 130.6328163,
            "dec": 56.2950925,
            "fid": 2,
            "nid": 863,
            "magpsf": 19.779699325561523,
            "sigmapsf": 0.20249100029468536,
            "magnr": 18.80299949645996,
            "sigmagnr": 0.10999999940395355,
            "magzpsci": 26.09269905090332,
            "isdiffpos": "t",
            "ssdistnr": -999.0,
            "ssnamenr": "null",
            "drb": null
        },
        {
            "jd": 2458572.67802,
            "fid": 1,
            "diffmaglim": 19.652000427246094
        },
        {
            "jd": 2458572.69606,
            "fid": 1,
            "diffmaglim": 19.96500015258789
        },
        {
            "jd": 2458572.71811,
            "fid": 2,
            "diffmaglim": 19.854000091552734
        },
        {
            "jd": 2458575.66394,
            "fid": 2,
            "diffmaglim": 18.024999618530273
        },
        {
            "jd": 2458575.66581,
            "fid": 2,
            "diffmaglim": 18.117000579833984
        },
        {
            "jd": 2458575.6974,
            "fid": 1,
            "diffmaglim": 19.930999755859375
        },
        {
            "jd": 2458575.69788,
            "fid": 1,
            "diffmaglim": 19.94700050354004
        },
        {
            "jd": 2458580.71531,
            "fid": 2,
            "diffmaglim": 20.36199951171875
        },
        {
            "jd": 2458581.66051,
            "fid": 2,
            "diffmaglim": 19.426000595092773
        },
        {
            "jd": 2458581.69986,
            "fid": 1,
            "diffmaglim": 20.22800064086914
        },
        {
            "jd": 2458584.67464,
            "fid": 2,
            "diffmaglim": 20.04199981689453
        },
        {
            "jd": 2458584.72242,
            "fid": 1,
            "diffmaglim": 20.08099937438965
        },
        {
            "jd": 2458584.73597,
            "fid": 1,
            "diffmaglim": 20.11400032043457
        },
        {
            "jd": 2458587.66344,
            "fid": 2,
            "diffmaglim": 19.423999786376953
        },
        {
            "jd": 2458587.67591,
            "fid": 1,
            "diffmaglim": 19.659000396728516
        },
        {
            "jd": 2458587.69819,
            "fid": 1,
            "diffmaglim": 19.790000915527344
        },
        {
            "jd": 2458591.64618,
            "fid": 2,
            "diffmaglim": 19.81100082397461
        },
        {
            "jd": 2458591.66705,
            "fid": 1,
            "diffmaglim": 19.524999618530273
        },
        {
            "jd": 2458591.67516,
            "fid": 1,
            "diffmaglim": 19.38800048828125
        },
        {
            "jd": 2458591.83752,
            "fid": 2,
            "diffmaglim": 18.93199920654297
        },
        {
            "jd": 2458594.66476,
            "fid": 2,
            "diffmaglim": 20.33300018310547
        },
        {
            "jd": 2458594.6811,
            "fid": 1,
            "diffmaglim": 20.108999252319336
        },
        {
            "jd": 2458594.70102,
            "fid": 1,
            "diffmaglim": 19.632999420166016
        },
        {
            "jd": 2458598.70263,
            "fid": 1,
            "diffmaglim": 20.690000534057617
        },
        {
            "jd": 2458598.72545,
            "fid": 1,
            "diffmaglim": 20.55500030517578
        }
    ],
    "forcedphot": []
}