{
    "objectId": "ZTF18abdffeo",
    "candidates": [
        {
            "candid": 543268193515015024,
            "jd": 2458297.7681944,
            "ra": 214.4951829,
            "dec": 26.4124021,
            "fid": 2,
            "nid": 543,
            "magpsf": 18.432600021362305,
            "sigmapsf": 0.10455399751663208,
            "magnr": 15.807999610900879,
            "sigmagnr": 0.08100000023841858,
            "magzpsci": 0.0,
            "isdiffpos": "t",
            "ssdistnr": -999.0,
            "ssnamenr": "null",
            "drb": null
        },
        {
            "candid": 546177904615015004,
            "jd": 2458300.6779051,
            "ra": 214.4952017,
            "dec": 26.4123648,
            "fid": 2,
            "nid": 546,
            "magpsf": 17.850299835205078,
            "sigmapsf": 0.07058600336313248,
            "magnr": 15.815999984741211,
            "sigmagnr": 0.09799999743700027,
            "magzpsci": 0.0,
            "isdiffpos": "t",
            "ssdistnr": -999.0,
            "ssnamenr": "null",
            "drb": null
        },
        {
            "candid": 546178363515015053,
            "jd": 2458300.6783681,
            "ra": 214.4952014,
            "dec": 26.4123363,
            "fid": 2,
            "nid": 546,
            "magpsf": 17.804899215698242,
            "sigmapsf": 0.06188800185918808,
            "magnr": 15.807999610900879,
            "sigmagnr": 0.08100000023841858,
            "magzpsci": 0.0,
            "isdiffpos": "t",
            "ssdistnr": -999.0,
            "ssnamenr": "null",
            "drb": null
        },
        {
            "candid": 546227283515015023,
            "jd": 2458300.7272801,
            "ra": 214.4951655,
            "dec": 26.4123937,
            "fid": 1,
            "nid": 546,
            "magpsf": 18.30620002746582,
            "sigmapsf": 0.08818099647760391,
            "magnr": 16.35300064086914,
            "sigmagnr": 0.06599999964237213,
            "magzpsci": 0.0,
            "isdiffpos": "t",
            "ssdistnr": -999.0,
            "ssnamenr": "null",
            "drb": null
        },
        {
            "candid": 557171484615015015,
            "jd": 2458311.6714815,
            "ra": 214.495209,
            "dec": 26.4124121,
            "fid": 2,
            "nid": 557,
            "magpsf": 17.552499771118164,
            "sigmapsf": 0.05639500170946121,
            "magnr": 15.815999984741211,
            "sigmagnr": 0.09799999743700027,
            "magzpsci": 0.0,
            "isdiffpos": "t",
            "ssdistnr": -999.0,
            "ssnamenr": "null",
            "drb": null
        },
        {
            "candid": 557172413515015035,
            "jd": 2458311.672419,
            "ra": 214.4951966,
            "dec": 26.4123478,
            "fid": 2,
            "nid": 557,
            "magpsf": 17.74020004272461,
            "sigmapsf": 0.06397300213575363,
            "magnr": 15.807999610900879,
            "sigmagnr": 0.08100000023841858,
            "magzpsci": 0.0,
            "isdiffpos": "t",
            "ssdistnr": -999.0,
            "ssnamenr": "null",
            "drb": null
        },
        {
            "candid": 560172893515015027,
            "jd": 2458314.6728935,
            "ra": 214.4952135,
            "dec": 26.4124034,
            "fid": 2,
            "nid": 560,
            "magpsf": 17.766399383544922,
            "sigmapsf": 0.0630749985575676,
            "magnr": 15.807999610900879,
            "sigmagnr": 0.08100000023841858,
            "magzpsci": 0.0,
            "isdiffpos": "t",
            "ssdistnr": -999.0,
            "ssnamenr": "null",
            "drb": null
        },
        {
            "candid": 560232393515015029,
            "jd": 2458314.7323958,
            "ra": 214.4951698,
            "dec": 26.4123957,
            "fid": 1,
            "nid": 560,
            "magpsf": 19.097900390625,
            "sigmapsf": 0.12396900355815887,
            "magnr": 16.35300064086914,
            "sigmagnr": 0.06599999964237213,
            "magzpsci": 0.0,
            "isdiffpos": "t",
            "ssdistnr": -999.0,
            "ssnamenr": "null",
            "drb": null
        },
        {
            "candid": 583202004615015012,
            "jd": 2458337.7020023,
            "ra": 214.4952826,
            "dec": 26.4123366,
            "fid": 2,
            "nid": 583,
            "magpsf": 18.979799270629883,
            "sigmapsf": 0.13727399706840515,
            "magnr": 15.815999984741211,
            "sigmagnr": 0.09799999743700027,
            "magzpsci": 0.0,
            "isdiffpos": "t",
            "ssdistnr": -999.0,
            "ssnamenr": "null",
            "drb": null
        }
    ],
    "forcedphot": []
}