{
    "objectId": "ZTF19aatfqzb",
    "candidates": [
        {
            "candid": 940468425915015002,
            "jd": 2458694.9684259,
            "ra": 81.5007789,
            "dec": 50.4220037,
            "fid": 1,
            "nid": 940,
            "magpsf": 20.63050079345703,
            "sigmapsf": 0.32095301151275635,
            "magnr": 19.06599998474121,
            "sigmagnr": 0.017999999225139618,
            "magzpsci": 26.07349967956543,
            "isdiffpos": "t",
            "ssdistnr": -999.0,
            "ssnamenr": "-999.0",
            "drb": null
        },
        {
            "candid": 940491055915015003,
            "jd": 2458694.9910532,
            "ra": 81.5008548,
            "dec": 50.4219898,
            "fid": 2,
            "nid": 940,
            "magpsf": 18.867700576782227,
            "sigmapsf": 0.08659300208091736,
            "magnr": 18.07699966430664,
            "sigmagnr": 0.013000000268220901,
            "magzpsci": 26.108699798583984,
            "isdiffpos": "t",
            "ssdistnr": -999.0,
            "ssnamenr": "null",
            "drb": null
        },
        {
            "candid": 944472875915015002,
            "jd": 2458698.9728704,
            "ra": 81.5007666,
            "dec": 50.4217961,
            "fid": 1,
            "nid": 944,
            "magpsf": 20.304000854492188,
            "sigmapsf": 0.2580319941043854,
            "magnr": 19.06599998474121,
            "sigmagnr": 0.017999999225139618,
            "magzpsci": 26.06399917602539,
            "isdiffpos": "t",
            "ssdistnr": -999.0,
            "ssnamenr": "-999.0",
            "drb": null
        },
        {
            "candid": 944493035915015001,
            "jd": 2458698.9930324,
            "ra": 81.5007791,
            "dec": 50.4219962,
            "fid": 2,
            "nid": 944,
            "magpsf": 18.894100189208984,
            "sigmapsf": 0.10735800117254257,
            "magnr": 18.07699966430664,
            "sigmagnr": 0.013000000268220901,
            "magzpsci": 26.087099075317383,
            "isdiffpos": "t",
            "ssdistnr": -999.0,
            "ssnamenr": "null",
            "drb": null
        },
        {
            "candid": 947469765915015003,
            "jd": 2458701.9697685,
            "ra": 81.5008423,
            "dec": 50.4220453,
            "fid": 1,
            "nid": 947,
            "magpsf": 20.592500686645508,
            "sigmapsf": 0.26917099952697754,
            "magnr": 19.06599998474121,
            "sigmagnr": 0.017999999225139618,
            "magzpsci": 25.99850082397461,
            "isdiffpos": "t",
            "ssdistnr": -999.0,
            "ssnamenr": "-999.0",
            "drb": null
        },
        {
            "candid": 947490425915015010,
            "jd": 2458701.9904282,
            "ra": 81.500609,
            "dec": 50.4219084,
            "fid": 2,
            "nid": 947,
            "magpsf": 18.762800216674805,
            "sigmapsf": 0.2529659867286682,
            "magnr": 18.07699966430664,
            "sigmagnr": 0.013000000268220901,
            "magzpsci": 24.78580093383789,
            "isdiffpos": "t",
            "ssdistnr": -999.0,
            "ssnamenr": "-999.0",
            "drb": null
        },
        {
            "candid": 951471185915015003,
            "jd": 2458705.9711806,
            "ra": 81.5008016,
            "dec": 50.4220135,
            "fid": 2,
            "nid": 951,
            "magpsf": 19.09079933166504,
            "sigmapsf": 0.10369600355625153,
            "magnr": 18.07699966430664,
            "sigmagnr": 0.013000000268220901,
            "magzpsci": 26.117799758911133,
            "isdiffpos": "t",
            "ssdistnr": -999.0,
            "ssnamenr": "null",
            "drb": null
        },
        {
            "candid": 951487015915015002,
            "jd": 2458705.9870139,
            "ra": 81.5006858,
            "dec": 50.4220547,
            "fid": 1,
            "nid": 951,
            "magpsf": 20.23900032043457,
            "sigmapsf": 0.24136200547218323,
            "magnr": 19.06599998474121,
            "sigmagnr": 0.017999999225139618,
            "magzpsci": 26.158000946044922,
            "isdiffpos": "t",
            "ssdistnr": -999.0,
            "ssnamenr": "-999.0",
            "drb": null
        },
        {
            "candid": 954495285915015008,
            "jd": 2458708.9952894,
            "ra": 81.5008388,
            "dec": 50.4220122,
            "fid": 2,
            "nid": 954,
            "magpsf": 19.137500762939453,
            "sigmapsf": 0.11322399973869324,
            "magnr": 18.07699966430664,
            "sigmagnr": 0.013000000268220901,
            "magzpsci": 26.15250015258789,
            "isdiffpos": "t",
            "ssdistnr": -999.0,
            "ssnamenr": "null",
            "drb": null
        },
        {
            "candid": 958453795915015001,
            "jd": 2458712.9537963,
            "ra": 81.5007802,
            "dec": 50.4219466,
            "fid": 2,
            "nid": 958,
            "magpsf": 19.3351993560791,
            "sigmapsf": 0.17749999463558197,
            "magnr": 18.07699966430664,
            "sigmagnr": 0.013000000268220901,
            "magzpsci": 26.119199752807617,
            "isdiffpos": "t",
            "ssdistnr": -999.0,
            "ssnamenr": "null",
            "drb": 0.9734010100364685
        },
        {
            "candid": 961447715915015003,
            "jd": 2458715.9477199,
            "ra": 81.5008212,
            "dec": 50.422015,
            "fid": 2,
            "nid": 961,
            "magpsf": 19.172199249267578,
            "sigmapsf": 0.15254099667072296,
            "magnr": 18.07699966430664,
            "sigmagnr": 0.013000000268220901,
            "magzpsci": 26.132200241088867,
            "isdiffpos": "t",
            "ssdistnr": -999.0,
            "ssnamenr": "null",
            "drb": 0.9794489741325378
        },
        {
            "candid": 964488785915015003,
            "jd": 2458718.9887847,
            "ra": 81.5008752,
            "dec": 50.4219934,
            "fid": 2,
            "nid": 964,
            "magpsf": 19.313800811767578,
            "sigmapsf": 0.14174599945545197,
            "magnr": 18.07699966430664,
            "sigmagnr": 0.013000000268220901,
            "magzpsci": 26.13680076599121,
            "isdiffpos": "t",
            "ssdistnr": -999.0,
            "ssnamenr": "null",
            "drb": 0.9994909763336182
        },
        {
            "candid": 970473495915015005,
            "jd": 2458724.9734954,
            "ra": 81.5006895,
            "dec": 50.4220249,
            "fid": 1,
            "nid": 970,
            "magpsf": 20.81839942932129,
            "sigmapsf": 0.37672099471092224,
            "magnr": 19.06599998474121,
            "sigmagnr": 0.017999999225139618,
            "magzpsci": 26.183399200439453,
            "isdiffpos": "t",
            "ssdistnr": -999.0,
            "ssnamenr": "-999.0",
            "drb": null
        },
        {
            "candid": 970495345915015002,
            "jd": 2458724.9953472,
            "ra": 81.5008555,
            "dec": 50.4220172,
            "fid": 2,
            "nid": 970,
            "magpsf": 19.322999954223633,
            "sigmapsf": 0.11441099643707275,
            "magnr": 18.07699966430664,
            "sigmagnr": 0.013000000268220901,
            "magzpsci": 26.136999130249023,
            "isdiffpos": "t",
            "ssdistnr": -999.0,
            "ssnamenr": "null",
            "drb": 0.9996989965438843
        },
        {
            "candid": 973473215915015002,
            "jd": 2458727.9732176,
            "ra": 81.5009114,
            "dec": 50.4220716,
            "fid": 1,
            "nid": 973,
            "magpsf": 20.703699111938477,
            "sigmapsf": 0.35878199338912964,
            "magnr": 19.06599998474121,
            "sigmagnr": 0.017999999225139618,
            "magzpsci": 26.1476993560791,
            "isdiffpos": "t",
            "ssdistnr": -999.0,
            "ssnamenr": "-999.0",
            "drb": null
        },
        {
            "candid": 973506975915015005,
            "jd": 2458728.0069792,
            "ra": 81.5007268,
            "dec": 50.422003,
            "fid": 2,
            "nid": 973,
            "magpsf": 19.35919952392578,
            "sigmapsf": 0.12354700267314911,
            "magnr": 18.07699966430664,
            "sigmagnr": 0.013000000268220901,
            "magzpsci": 26.116199493408203,
            "isdiffpos": "t",
            "ssdistnr": -999.0,
            "ssnamenr": "null",
            "drb": 0.9999160170555115
        },
        {
            "candid": 978505475915015002,
            "jd": 2458733.0054745,
            "ra": 81.5008368,
            "dec": 50.4220044,
            "fid": 2,
            "nid": 978,
            "magpsf": 19.428199768066406,
            "sigmapsf": 0.14011000096797943,
            "magnr": 18.07699966430664,
            "sigmagnr": 0.013000000268220901,
            "magzpsci": 26.088199615478516,
            "isdiffpos": "t",
            "ssdistnr": -999.0,
            "ssnamenr": "null",
            "drb": 0.9832130074501038
        },
        {
            "candid": 981467225915015005,
            "jd": 2458735.9672222,
            "ra": 81.5005607,
            "dec": 50.4221095,
            "fid": 1,
            "nid": 981,
            "magpsf": 20.67340087890625,
            "sigmapsf": 0.2901810109615326,
            "magnr": 19.06599998474121,
            "sigmagnr": 0.017999999225139618,
            "magzpsci": 26.205400466918945,
            "isdiffpos": "t",
            "ssdistnr": -999.0,
            "ssnamenr": "-999.0",
            "drb": null
        },
        {
            "candid": 981510025915015003,
            "jd": 2458736.0100231,
            "ra": 81.5007931,
            "dec": 50.4219552,
            "fid": 2,
            "nid": 981,
            "magpsf": 19.471599578857422,
            "sigmapsf": 0.1266999989748001,
            "magnr": 18.07699966430664,
            "sigmagnr": 0.013000000268220901,
            "magzpsci": 26.160600662231445,
            "isdiffpos": "t",
            "ssdistnr": -999.0,
            "ssnamenr": "null",
            "drb": 0.9983620047569275
        },
        {
            "candid": 984514205915015003,
            "jd": 2458739.0142014,
            "ra": 81.5008178,
            "dec": 50.4219934,
            "fid": 2,
            "nid": 984,
            "magpsf": 19.527599334716797,
            "sigmapsf": 0.1638450026512146,
            "magnr": 18.07699966430664,
            "sigmagnr": 0.013000000268220901,
            "magzpsci": 26.151599884033203,
            "isdiffpos": "t",
            "ssdistnr": -999.0,
            "ssnamenr": "null",
            "drb": 0.9935569763183594
        },
        {
            "candid": 987471585915015002,
            "jd": 2458741.9715856,
            "ra": 81.5008404,
            "dec": 50.4220187,
            "fid": 2,
            "nid": 987,
            "magpsf": 19.50589942932129,
            "sigmapsf": 0.19973300397396088,
            "magnr": 18.07699966430664,
            "sigmagnr": 0.013000000268220901,
            "magzpsci": 26.097900390625,
            "isdiffpos": "t",
            "ssdistnr": -999.0,
            "ssnamenr": "null",
            "drb": 0.9919040203094482
        },
        {
            "candid": 990447745915015001,
            "jd": 2458744.9477431,
            "ra": 81.5008401,
            "dec": 50.4220055,
            "fid": 2,
            "nid": 990,
            "magpsf": 20.00119972229004,
            "sigmapsf": 0.2539600133895874,
            "magnr": 18.07699966430664,
            "sigmagnr": 0.013000000268220901,
            "magzpsci": 26.153200149536133,
            "isdiffpos": "t",
            "ssdistnr": -999.0,
            "ssnamenr": "-999.0",
            "drb": null
        },
        {
            "candid": 1002447045915015006,
            "jd": 2458756.9470486,
            "ra": 81.5007745,
            "dec": 50.4219552,
            "fid": 1,
            "nid": 1002,
            "magpsf": 20.974599838256836,
            "sigmapsf": 0.3512539863586426,
            "magnr": 19.06599998474121,
            "sigmagnr": 0.017999999225139618,
            "magzpsci": 26.223600387573242,
            "isdiffpos": "t",
            "ssdistnr": -999.0,
            "ssnamenr": "-999.0",
            "drb": null
        },
        {
            "candid": 1009492705915015003,
            "jd": 2458763.9927083,
            "ra": 81.5007793,
            "dec": 50.4220441,
            "fid": 2,
            "nid": 1009,
            "magpsf": 19.860300064086914,
            "sigmapsf": 0.1517850011587143,
            "magnr": 18.07699966430664,
            "sigmagnr": 0.013000000268220901,
            "magzpsci": 26.16629981994629,
            "isdiffpos": "t",
            "ssdistnr": -999.0,
            "ssnamenr": "null",
            "drb": 0.9999129772186279
        },
        {
            "candid": 1015454565915015000,
            "jd": 2458769.9545602,
            "ra": 81.5008183,
            "dec": 50.4219958,
            "fid": 2,
            "nid": 1015,
            "magpsf": 19.63759994506836,
            "sigmapsf": 0.22315700352191925,
            "magnr": 18.07699966430664,
            "sigmagnr": 0.013000000268220901,
            "magzpsci": 26.147600173950195,
            "isdiffpos": "t",
            "ssdistnr": -999.0,
            "ssnamenr": "-999.0",
            "drb": null
        },
        {
            "candid": 1018528645915015003,
            "jd": 2458773.0286458,
            "ra": 81.5008181,
            "dec": 50.4221536,
            "fid": 2,
            "nid": 1018,
            "magpsf": 19.91469955444336,
            "sigmapsf": 0.25262001156806946,
            "magnr": 18.07699966430664,
            "sigmagnr": 0.013000000268220901,
            "magzpsci": 26.141700744628906,
            "isdiffpos": "t",
            "ssdistnr": -999.0,
            "ssnamenr": "-999.0",
            "drb": null
        },
        {
            "candid": 1021363315915015001,
            "jd": 2458775.8633102,
            "ra": 81.5008856,
            "dec": 50.4220232,
            "fid": 2,
            "nid": 1021,
            "magpsf": 19.968700408935547,
            "sigmapsf": 0.2428019940853119,
            "magnr": 18.07699966430664,
            "sigmagnr": 0.013000000268220901,
            "magzpsci": 26.157699584960938,
            "isdiffpos": "t",
            "ssdistnr": -999.0,
            "ssnamenr": "-999.0",
            "drb": null
        },
        {
            "candid": 1036475155915015003,
            "jd": 2458790.9751505,
            "ra": 81.5007004,
            "dec": 50.4220026,
            "fid": 2,
            "nid": 1036,
            "magpsf": 20.419300079345703,
            "sigmapsf": 0.26916199922561646,
            "magnr": 18.07699966430664,
            "sigmagnr": 0.013000000268220901,
            "magzpsci": 26.15530014038086,
            "isdiffpos": "t",
            "ssdistnr": -999.0,
            "ssnamenr": "-999.0",
            "drb": null
        },
        {
            "candid": 1039493185915015006,
            "jd": 2458793.9931829,
            "ra": 81.5008375,
            "dec": 50.4220183,
            "fid": 2,
            "nid": 1039,
            "magpsf": 20.061800003051758,
            "sigmapsf": 0.24145500361919403,
            "magnr": 18.07699966430664,
            "sigmagnr": 0.013000000268220901,
            "magzpsci": 26.148799896240234,
            "isdiffpos": "t",
            "ssdistnr": -999.0,
            "ssnamenr": "-999.0",
            "drb": null
        },
        {
            "candid": 1042437745915015006,
            "jd": 2458796.9377431,
            "ra": 81.5008796,
            "dec": 50.4220544,
            "fid": 2,
            "nid": 1042,
            "magpsf": 19.856399536132812,
            "sigmapsf": 0.19312700629234314,
            "magnr": 18.07699966430664,
            "sigmagnr": 0.013000000268220901,
            "magzpsci": 26.1653995513916,
            "isdiffpos": "t",
            "ssdistnr": -999.0,
            "ssnamenr": "null",
            "drb": 0.9699109792709351
        },
        {
            "jd": 2458708.95282,
            "fid": 1,
            "diffmaglim": 19.606000900268555
        },
        {
            "jd": 2458712.99117,
            "fid": 1,
            "diffmaglim": 19.590999603271484
        },
        {
            "jd": 2458718.94799,
            "fid": 1,
            "diffmaglim": 19.797000885009766
        },
        {
            "jd": 2458721.93032,
            "fid": 1,
            "diffmaglim": 17.934999465942383
        },
        {
            "jd": 2458721.99472,
            "fid": 2,
            "diffmaglim": 16.514999389648438
        },
        {
            "jd": 2458732.94558,
            "fid": 1,
            "diffmaglim": 20.02199935913086
        },
        {
            "jd": 2458738.97456,
            "fid": 1,
            "diffmaglim": 19.988000869750977
        },
        {
            "jd": 2458767.01433,
            "fid": 2,
            "diffmaglim": 20.607999801635742
        },
        {
            "jd": 2458770.01207,
            "fid": 1,
            "diffmaglim": 19.70599937438965
        },
        {
            "jd": 2458772.8499,
            "fid": 1,
            "diffmaglim": 18.73699951171875
        },
        {
            "jd": 2458775.90595,
            "fid": 1,
            "diffmaglim": 19.854999542236328
        },
        {
            "jd": 2458779.00547,
            "fid": 1,
            "diffmaglim": 20.30699920654297
        },
        {
            "jd": 2458781.98454,
            "fid": 2,
            "diffmaglim": 19.78499984741211
        },
        {
            "jd": 2458784.9617,
            "fid": 1,
            "diffmaglim": 19.72599983215332
        },
        {
            "jd": 2458785.00821,
            "fid": 2,
            "diffmaglim": 19.427000045776367
        },
        {
            "jd": 2458788.00913,
            "fid": 2,
            "diffmaglim": 19.790000915527344
        },
        {
            "jd": 2458789.92177,
            "fid": 1,
            "diffmaglim": 20.594999313354492
        },
        {
            "jd": 2458790.85039,
            "fid": 1,
            "diffmaglim": 20.708999633789062
        },
        {
            "jd": 2458796.76072,
            "fid": 1,
            "diffmaglim": 19.482999801635742
        }
    ],
    "forcedphot": []
}