{
    "objectId": "ZTF19acxmpnz",
    "candidates": [
        {
            "candid": 1073302544715015011,
            "jd": 2458827.8025463,
            "ra": 110.7522355,
            "dec": 26.6229855,
            "fid": 2,
            "nid": 1073,
            "magpsf": 18.30150032043457,
            "sigmapsf": 0.08553899824619293,
            "magnr": 19.347000122070312,
            "sigmagnr": 0.08299999684095383,
            "magzpsci": 26.175500869750977,
            "isdiffpos": "t",
            "ssdistnr": -999.0,
            "ssnamenr": "null",
            "drb": 1.0
        },
        {
            "candid": 1079359984715015015,
            "jd": 2458833.8599884,
            "ra": 110.7521917,
            "dec": 26.6229414,
            "fid": 2,
            "nid": 1079,
            "magpsf": 19.099599838256836,
            "sigmapsf": 0.15215900540351868,
            "magnr": 19.347000122070312,
            "sigmagnr": 0.08299999684095383,
            "magzpsci": 26.335599899291992,
            "isdiffpos": "t",
            "ssdistnr": -999.0,
            "ssnamenr": "null",
            "drb": 0.9997190237045288
        },
        {
            "candid": 1079378434715015016,
            "jd": 2458833.8784375,
            "ra": 110.7522332,
            "dec": 26.6229853,
            "fid": 2,
            "nid": 1079,
            "magpsf": 18.95039939880371,
            "sigmapsf": 0.1596670001745224,
            "magnr": 19.347000122070312,
            "sigmagnr": 0.08299999684095383,
            "magzpsci": 26.33340072631836,
            "isdiffpos": "t",
            "ssdistnr": -999.0,
            "ssnamenr": "null",
            "drb": 0.9999150037765503
        },
        {
            "candid": 1082408554715015025,
            "jd": 2458836.9085532,
            "ra": 110.7522551,
            "dec": 26.6229871,
            "fid": 1,
            "nid": 1082,
            "magpsf": 19.42329978942871,
            "sigmapsf": 0.08884099870920181,
            "magnr": 19.83300018310547,
            "sigmagnr": 0.09399999678134918,
            "magzpsci": 26.349300384521484,
            "isdiffpos": "t",
            "ssdistnr": -999.0,
            "ssnamenr": "null",
            "drb": 1.0
        },
        {
            "candid": 1082455654715015025,
            "jd": 2458836.9556597,
            "ra": 110.7522182,
            "dec": 26.6229565,
            "fid": 2,
            "nid": 1082,
            "magpsf": 19.147899627685547,
            "sigmapsf": 0.07085099816322327,
            "magnr": 19.347000122070312,
            "sigmagnr": 0.08299999684095383,
            "magzpsci": 26.315900802612305,
            "isdiffpos": "t",
            "ssdistnr": -999.0,
            "ssnamenr": "null",
            "drb": 1.0
        },
        {
            "candid": 1092246894715015011,
            "jd": 2458846.7468981,
            "ra": 110.7522045,
            "dec": 26.6229307,
            "fid": 1,
            "nid": 1092,
            "magpsf": 19.29159927368164,
            "sigmapsf": 0.10034999996423721,
            "magnr": 19.83300018310547,
            "sigmagnr": 0.09399999678134918,
            "magzpsci": 26.32360076904297,
            "isdiffpos": "t",
            "ssdistnr": -999.0,
            "ssnamenr": "null",
            "drb": 0.9999849796295166
        },
        {
            "candid": 1096424514715015019,
            "jd": 2458850.9245139,
            "ra": 110.7520547,
            "dec": 26.6228118,
            "fid": 1,
            "nid": 1096,
            "magpsf": 19.95199966430664,
            "sigmapsf": 0.272706001996994,
            "magnr": 19.83300018310547,
            "sigmagnr": 0.09399999678134918,
            "magzpsci": 26.329999923706055,
            "isdiffpos": "t",
            "ssdistnr": -999.0,
            "ssnamenr": "-999.0",
            "drb": null
        },
        {
            "candid": 1096448394715015025,
            "jd": 2458850.9483912,
            "ra": 110.7522159,
            "dec": 26.622955,
            "fid": 2,
            "nid": 1096,
            "magpsf": 19.336599349975586,
            "sigmapsf": 0.13939400017261505,
            "magnr": 19.347000122070312,
            "sigmagnr": 0.08299999684095383,
            "magzpsci": 26.3085994720459,
            "isdiffpos": "t",
            "ssdistnr": -999.0,
            "ssnamenr": "null",
            "drb": 0.9962319731712341
        },
        {
            "candid": 1097436054715015022,
            "jd": 2458851.9360532,
            "ra": 110.7521984,
            "dec": 26.6229833,
            "fid": 2,
            "nid": 1097,
            "magpsf": 19.291900634765625,
            "sigmapsf": 0.10268499702215195,
            "magnr": 19.347000122070312,
            "sigmagnr": 0.08299999684095383,
            "magzpsci": 26.320899963378906,
            "isdiffpos": "t",
            "ssdistnr": -999.0,
            "ssnamenr": "null",
            "drb": 0.9999859929084778
        },
        {
            "candid": 1098430924715015009,
            "jd": 2458852.9309259,
            "ra": 110.7522656,
            "dec": 26.6229512,
            "fid": 2,
            "nid": 1098,
            "magpsf": 19.47719955444336,
            "sigmapsf": 0.08707600086927414,
            "magnr": 21.051000595092773,
            "sigmagnr": 0.07000000029802322,
            "magzpsci": 26.334199905395508,
            "isdiffpos": "t",
            "ssdistnr": -999.0,
            "ssnamenr": "null",
            "drb": 0.9986280202865601
        },
        {
            "candid": 1098475524715015014,
            "jd": 2458852.9755208,
            "ra": 110.7523061,
            "dec": 26.6229462,
            "fid": 1,
            "nid": 1098,
            "magpsf": 20.371400833129883,
            "sigmapsf": 0.22456300258636475,
            "magnr": 19.83300018310547,
            "sigmagnr": 0.09399999678134918,
            "magzpsci": 26.311399459838867,
            "isdiffpos": "t",
            "ssdistnr": -999.0,
            "ssnamenr": "-999.0",
            "drb": null
        },
        {
            "candid": 1101332074715015085,
            "jd": 2458855.8320718,
            "ra": 110.752291,
            "dec": 26.6230191,
            "fid": 2,
            "nid": 1101,
            "magpsf": 19.815399169921875,
            "sigmapsf": 0.20255500078201294,
            "magnr": 21.051000595092773,
            "sigmagnr": 0.07000000029802322,
            "magzpsci": 26.302400588989258,
            "isdiffpos": "t",
            "ssdistnr": -999.0,
            "ssnamenr": "null",
            "drb": 0.998649001121521
        },
        {
            "candid": 1108219314715015016,
            "jd": 2458862.7193171,
            "ra": 110.752159,
            "dec": 26.6229051,
            "fid": 2,
            "nid": 1108,
            "magpsf": 19.944900512695312,
            "sigmapsf": 0.19162799417972565,
            "magnr": 19.347000122070312,
            "sigmagnr": 0.08299999684095383,
            "magzpsci": 26.298900604248047,
            "isdiffpos": "t",
            "ssdistnr": -999.0,
            "ssnamenr": "null",
            "drb": 0.9997590184211731
        },
        {
            "candid": 1110193044715015017,
            "jd": 2458864.693044,
            "ra": 110.7523107,
            "dec": 26.6229237,
            "fid": 1,
            "nid": 1110,
            "magpsf": 20.985300064086914,
            "sigmapsf": 0.330049991607666,
            "magnr": 19.83300018310547,
            "sigmagnr": 0.09399999678134918,
            "magzpsci": 26.29330062866211,
            "isdiffpos": "t",
            "ssdistnr": 24.0,
            "ssnamenr": "2016CX198",
            "drb": null
        },
        {
            "candid": 1110248294715015047,
            "jd": 2458864.7482986,
            "ra": 110.7522079,
            "dec": 26.6229205,
            "fid": 2,
            "nid": 1110,
            "magpsf": 19.961999893188477,
            "sigmapsf": 0.14593100547790527,
            "magnr": 19.347000122070312,
            "sigmagnr": 0.08299999684095383,
            "magzpsci": 26.31800079345703,
            "isdiffpos": "t",
            "ssdistnr": -999.0,
            "ssnamenr": "null",
            "drb": 0.9999949932098389
        },
        {
            "candid": 1117258934715015015,
            "jd": 2458871.7589352,
            "ra": 110.7522162,
            "dec": 26.6229588,
            "fid": 2,
            "nid": 1117,
            "magpsf": 20.033000946044922,
            "sigmapsf": 0.14188699424266815,
            "magnr": 19.347000122070312,
            "sigmagnr": 0.08299999684095383,
            "magzpsci": 26.33099937438965,
            "isdiffpos": "t",
            "ssdistnr": -999.0,
            "ssnamenr": "null",
            "drb": 0.9999809861183167
        },
        {
            "candid": 1119214084715015016,
            "jd": 2458873.7140856,
            "ra": 110.7522698,
            "dec": 26.6229932,
            "fid": 2,
            "nid": 1119,
            "magpsf": 20.179100036621094,
            "sigmapsf": 0.17997300624847412,
            "magnr": 21.051000595092773,
            "sigmagnr": 0.07000000029802322,
            "magzpsci": 26.219100952148438,
            "isdiffpos": "t",
            "ssdistnr": -999.0,
            "ssnamenr": "null",
            "drb": 0.999921977519989
        },
        {
            "candid": 1120244654715015021,
            "jd": 2458874.7446528,
            "ra": 110.7521595,
            "dec": 26.6228957,
            "fid": 2,
            "nid": 1120,
            "magpsf": 20.26460075378418,
            "sigmapsf": 0.1657630056142807,
            "magnr": 19.347000122070312,
            "sigmagnr": 0.08299999684095383,
            "magzpsci": 26.17060089111328,
            "isdiffpos": "t",
            "ssdistnr": -999.0,
            "ssnamenr": "null",
            "drb": 0.9999099969863892
        },
        {
            "jd": 2458798.93451,
            "fid": 2,
            "diffmaglim": 19.64900016784668
        },
        {
            "jd": 2458799.86493,
            "fid": 2,
            "diffmaglim": 19.540000915527344
        },
        {
            "jd": 2458799.96642,
            "fid": 2,
            "diffmaglim": 19.604999542236328
        },
        {
            "jd": 2458803.03846,
            "fid": 1,
            "diffmaglim": 19.35300064086914
        },
        {
            "jd": 2458806.9836,
            "fid": 2,
            "diffmaglim": 20.180999755859375
        },
        {
            "jd": 2458815.00642,
            "fid": 1,
            "diffmaglim": 19.694000244140625
        },
        {
            "jd": 2458820.73862,
            "fid": 1,
            "diffmaglim": 19.475000381469727
        },
        {
            "jd": 2458821.0142,
            "fid": 2,
            "diffmaglim": 15.142999649047852
        },
        {
            "jd": 2458823.86333,
            "fid": 2,
            "diffmaglim": 17.878999710083008
        },
        {
            "jd": 2458828.80038,
            "fid": 2,
            "diffmaglim": 18.871999740600586
        },
        {
            "jd": 2458829.92316,
            "fid": 2,
            "diffmaglim": 16.29199981689453
        },
        {
            "jd": 2458829.92361,
            "fid": 2,
            "diffmaglim": 16.201000213623047
        },
        {
            "jd": 2458853.95713,
            "fid": 1,
            "diffmaglim": 20.70199966430664
        },
        {
            "jd": 2458854.98497,
            "fid": 1,
            "diffmaglim": 19.676000595092773
        },
        {
            "jd": 2458855.68317,
            "fid": 1,
            "diffmaglim": 19.11400032043457
        }
    ],
    "forcedphot": []
}