{
    "objectId": "ZTF19adcfsad",
    "candidates": [
        {
            "candid": 1092545724015015001,
            "jd": 2458847.0457292,
            "ra": 186.1127063,
            "dec": 13.2327459,
            "fid": 1,
            "nid": 1092,
            "magpsf": 18.930700302124023,
            "sigmapsf": 0.08515399694442749,
            "magnr": 20.233999252319336,
            "sigmagnr": 0.11900000274181366,
            "magzpsci": 26.386699676513672,
            "isdiffpos": "t",
            "ssdistnr": -999.0,
            "ssnamenr": "null",
            "drb": 1.0
        },
        {
            "candid": 1092566574015015002,
            "jd": 2458847.0665741,
            "ra": 186.1127118,
            "dec": 13.23274,
            "fid": 2,
            "nid": 1092,
            "magpsf": 18.592300415039062,
            "sigmapsf": 0.070872001349926,
            "magnr": 19.09000015258789,
            "sigmagnr": 0.11599999666213989,
            "magzpsci": 26.402299880981445,
            "isdiffpos": "t",
            "ssdistnr": -999.0,
            "ssnamenr": "null",
            "drb": 1.0
        },
        {
            "candid": 1096485974015015001,
            "jd": 2458850.9859722,
            "ra": 186.1127066,
            "dec": 13.2327671,
            "fid": 2,
            "nid": 1096,
            "magpsf": 18.340200424194336,
            "sigmapsf": 0.07080399990081787,
            "magnr": 19.09000015258789,
            "sigmagnr": 0.11599999666213989,
            "magzpsci": 26.381200790405273,
            "isdiffpos": "t",
            "ssdistnr": -999.0,
            "ssnamenr": "null",
            "drb": 1.0
        },
        {
            "candid": 1096541144015015002,
            "jd": 2458851.0411458,
            "ra": 186.1126724,
            "dec": 13.2326977,
            "fid": 1,
            "nid": 1096,
            "magpsf": 18.68549919128418,
            "sigmapsf": 0.09291400015354156,
            "magnr": 20.233999252319336,
            "sigmagnr": 0.11900000274181366,
            "magzpsci": 26.388500213623047,
            "isdiffpos": "t",
            "ssdistnr": -999.0,
            "ssnamenr": "null",
            "drb": 0.9999970197677612
        },
        {
            "candid": 1099504674015015003,
            "jd": 2458854.0046759,
            "ra": 186.112683,
            "dec": 13.2327442,
            "fid": 1,
            "nid": 1099,
            "magpsf": 18.653099060058594,
            "sigmapsf": 0.06325899809598923,
            "magnr": 20.233999252319336,
            "sigmagnr": 0.11900000274181366,
            "magzpsci": 26.390100479125977,
            "isdiffpos": "t",
            "ssdistnr": -999.0,
            "ssnamenr": "null",
            "drb": 1.0
        },
        {
            "candid": 1102541294015015002,
            "jd": 2458857.0412963,
            "ra": 186.1126871,
            "dec": 13.2327294,
            "fid": 1,
            "nid": 1102,
            "magpsf": 18.691499710083008,
            "sigmapsf": 0.08809400349855423,
            "magnr": 20.233999252319336,
            "sigmagnr": 0.11900000274181366,
            "magzpsci": 26.385499954223633,
            "isdiffpos": "t",
            "ssdistnr": -999.0,
            "ssnamenr": "null",
            "drb": 1.0
        },
        {
            "candid": 1105480794015015001,
            "jd": 2458859.9807986,
            "ra": 186.1127232,
            "dec": 13.2327565,
            "fid": 2,
            "nid": 1105,
            "magpsf": 18.12779998779297,
            "sigmapsf": 0.0683550015091896,
            "magnr": 19.09000015258789,
            "sigmagnr": 0.11599999666213989,
            "magzpsci": 26.374799728393555,
            "isdiffpos": "t",
            "ssdistnr": -999.0,
            "ssnamenr": "null",
            "drb": 1.0
        },
        {
            "candid": 1117500894015015000,
            "jd": 2458872.0008912,
            "ra": 186.1127479,
            "dec": 13.2327637,
            "fid": 2,
            "nid": 1117,
            "magpsf": 18.80660057067871,
            "sigmapsf": 0.10763700306415558,
            "magnr": 19.09000015258789,
            "sigmagnr": 0.11599999666213989,
            "magzpsci": 26.3966007232666,
            "isdiffpos": "t",
            "ssdistnr": -999.0,
            "ssnamenr": "null",
            "drb": 0.9999979734420776
        },
        {
            "candid": 1121457444015015001,
            "jd": 2458875.9574421,
            "ra": 186.1127507,
            "dec": 13.2327372,
            "fid": 1,
            "nid": 1121,
            "magpsf": 20.034000396728516,
            "sigmapsf": 0.1996999979019165,
            "magnr": 20.233999252319336,
            "sigmagnr": 0.11900000274181366,
            "magzpsci": 26.356000900268555,
            "isdiffpos": "t",
            "ssdistnr": -999.0,
            "ssnamenr": "-999.0",
            "drb": null
        },
        {
            "candid": 1124487004015015005,
            "jd": 2458878.9870023,
            "ra": 186.1127743,
            "dec": 13.2328255,
            "fid": 1,
            "nid": 1124,
            "magpsf": 20.065900802612305,
            "sigmapsf": 0.23572799563407898,
            "magnr": 20.238000869750977,
            "sigmagnr": 0.12800000607967377,
            "magzpsci": 26.379899978637695,
            "isdiffpos": "t",
            "ssdistnr": -999.0,
            "ssnamenr": "-999.0",
            "drb": null
        },
        {
            "candid": 1127358374015015004,
            "jd": 2458881.8583796,
            "ra": 186.1127132,
            "dec": 13.2327456,
            "fid": 2,
            "nid": 1127,
            "magpsf": 19.303699493408203,
            "sigmapsf": 0.09366799890995026,
            "magnr": 19.09000015258789,
            "sigmagnr": 0.11599999666213989,
            "magzpsci": 26.35770034790039,
            "isdiffpos": "t",
            "ssdistnr": -999.0,
            "ssnamenr": "null",
            "drb": 1.0
        },
        {
            "candid": 1130497654015015001,
            "jd": 2458884.9976505,
            "ra": 186.1128394,
            "dec": 13.2328424,
            "fid": 2,
            "nid": 1130,
            "magpsf": 19.45989990234375,
            "sigmapsf": 0.15803499519824982,
            "magnr": 19.09000015258789,
            "sigmagnr": 0.11599999666213989,
            "magzpsci": 26.383899688720703,
            "isdiffpos": "t",
            "ssdistnr": -999.0,
            "ssnamenr": "null",
            "drb": 0.9977750182151794
        },
        {
            "candid": 1133516354015015000,
            "jd": 2458888.0163542,
            "ra": 186.1126963,
            "dec": 13.2327537,
            "fid": 2,
            "nid": 1133,
            "magpsf": 19.382400512695312,
            "sigmapsf": 0.16550999879837036,
            "magnr": 19.09000015258789,
            "sigmagnr": 0.11599999666213989,
            "magzpsci": 26.400400161743164,
            "isdiffpos": "t",
            "ssdistnr": -999.0,
            "ssnamenr": "null",
            "drb": 0.9919400215148926
        },
        {
            "candid": 1138316434015015001,
            "jd": 2458892.8164352,
            "ra": 186.1127236,
            "dec": 13.232729,
            "fid": 2,
            "nid": 1138,
            "magpsf": 19.448299407958984,
            "sigmapsf": 0.18936799466609955,
            "magnr": 19.09000015258789,
            "sigmagnr": 0.11599999666213989,
            "magzpsci": 26.341299057006836,
            "isdiffpos": "t",
            "ssdistnr": -999.0,
            "ssnamenr": "null",
            "drb": 0.9994869828224182
        },
        {
            "candid": 1141414644015015002,
            "jd": 2458895.9146412,
            "ra": 186.1127211,
            "dec": 13.2327269,
            "fid": 1,
            "nid": 1141,
            "magpsf": 20.320499420166016,
            "sigmapsf": 0.28842800855636597,
            "magnr": 20.233999252319336,
            "sigmagnr": 0.11900000274181366,
            "magzpsci": 26.355499267578125,
            "isdiffpos": "t",
            "ssdistnr": -999.0,
            "ssnamenr": "-999.0",
            "drb": null
        },
        {
            "candid": 1141442004015015004,
            "jd": 2458895.9420023,
            "ra": 186.112739,
            "dec": 13.232739,
            "fid": 2,
            "nid": 1141,
            "magpsf": 19.520000457763672,
            "sigmapsf": 0.12682799994945526,
            "magnr": 19.09000015258789,
            "sigmagnr": 0.11599999666213989,
            "magzpsci": 26.3799991607666,
            "isdiffpos": "t",
            "ssdistnr": -999.0,
            "ssnamenr": "null",
            "drb": 1.0
        },
        {
            "candid": 1144419944015015008,
            "jd": 2458898.9199421,
            "ra": 186.112677,
            "dec": 13.2327669,
            "fid": 1,
            "nid": 1144,
            "magpsf": 20.292999267578125,
            "sigmapsf": 0.20238299667835236,
            "magnr": 20.233999252319336,
            "sigmagnr": 0.11900000274181366,
            "magzpsci": 26.363000869750977,
            "isdiffpos": "t",
            "ssdistnr": -999.0,
            "ssnamenr": "null",
            "drb": 0.9999899864196777
        },
        {
            "candid": 1147399014015015005,
            "jd": 2458901.8990162,
            "ra": 186.1127062,
            "dec": 13.2327696,
            "fid": 2,
            "nid": 1147,
            "magpsf": 19.797399520874023,
            "sigmapsf": 0.1446409970521927,
            "magnr": 19.09000015258789,
            "sigmagnr": 0.11599999666213989,
            "magzpsci": 26.3843994140625,
            "isdiffpos": "t",
            "ssdistnr": -999.0,
            "ssnamenr": "null",
            "drb": 1.0
        },
        {
            "candid": 1150472834015015001,
            "jd": 2458904.9728356,
            "ra": 186.1126755,
            "dec": 13.2327553,
            "fid": 2,
            "nid": 1150,
            "magpsf": 19.94230079650879,
            "sigmapsf": 0.22737300395965576,
            "magnr": 19.09000015258789,
            "sigmagnr": 0.11599999666213989,
            "magzpsci": 26.355300903320312,
            "isdiffpos": "t",
            "ssdistnr": -999.0,
            "ssnamenr": "-999.0",
            "drb": null
        },
        {
            "candid": 1154339574015015004,
            "jd": 2458908.8395718,
            "ra": 186.1127097,
            "dec": 13.232802,
            "fid": 1,
            "nid": 1154,
            "magpsf": 20.618799209594727,
            "sigmapsf": 0.31855300068855286,
            "magnr": 20.238000869750977,
            "sigmagnr": 0.12800000607967377,
            "magzpsci": 26.262800216674805,
            "isdiffpos": "t",
            "ssdistnr": -999.0,
            "ssnamenr": "-999.0",
            "drb": null
        },
        {
            "candid": 1154453284015015002,
            "jd": 2458908.953287,
            "ra": 186.1126994,
            "dec": 13.2327474,
            "fid": 2,
            "nid": 1154,
            "magpsf": 19.87420082092285,
            "sigmapsf": 0.15650799870491028,
            "magnr": 19.09000015258789,
            "sigmagnr": 0.11599999666213989,
            "magzpsci": 26.38319969177246,
            "isdiffpos": "t",
            "ssdistnr": -999.0,
            "ssnamenr": "null",
            "drb": 0.9999960064888
        },
        {
            "candid": 1157398934015015000,
            "jd": 2458911.8989352,
            "ra": 186.1127741,
            "dec": 13.2327425,
            "fid": 1,
            "nid": 1157,
            "magpsf": 20.603900909423828,
            "sigmapsf": 0.3278520107269287,
            "magnr": 20.238000869750977,
            "sigmagnr": 0.12800000607967377,
            "magzpsci": 26.342899322509766,
            "isdiffpos": "t",
            "ssdistnr": -999.0,
            "ssnamenr": "-999.0",
            "drb": null
        },
        {
            "candid": 1160404944015015001,
            "jd": 2458914.9049421,
            "ra": 186.112723,
            "dec": 13.2327813,
            "fid": 2,
            "nid": 1160,
            "magpsf": 19.868600845336914,
            "sigmapsf": 0.15942899882793427,
            "magnr": 19.09000015258789,
            "sigmagnr": 0.11599999666213989,
            "magzpsci": 26.32159996032715,
            "isdiffpos": "t",
            "ssdistnr": -999.0,
            "ssnamenr": "null",
            "drb": 0.9998180270195007
        },
        {
            "jd": 2458831.06444,
            "fid": 1,
            "diffmaglim": 19.652999877929688
        },
        {
            "jd": 2458833.98015,
            "fid": 2,
            "diffmaglim": 19.415000915527344
        },
        {
            "jd": 2458834.06354,
            "fid": 1,
            "diffmaglim": 19.027999877929688
        },
        {
            "jd": 2458834.0649,
            "fid": 1,
            "diffmaglim": 19.099000930786133
        },
        {
            "jd": 2458838.99815,
            "fid": 1,
            "diffmaglim": 19.166000366210938
        },
        {
            "jd": 2458839.047,
            "fid": 2,
            "diffmaglim": 18.253000259399414
        },
        {
            "jd": 2458839.07073,
            "fid": 2,
            "diffmaglim": 18.393999099731445
        },
        {
            "jd": 2458881.96101,
            "fid": 1,
            "diffmaglim": 20.731000900268555
        },
        {
            "jd": 2458884.94185,
            "fid": 1,
            "diffmaglim": 19.850000381469727
        }
    ],
    "forcedphot": []
}