{
    "objectId": "ZTF19aakpcuw",
    "candidates": [
        {
            "candid": 772513920615015010,
            "jd": 2458527.0139236,
            "ra": 260.5125328,
            "dec": 59.114866,
            "fid": 2,
            "nid": 772,
            "magpsf": 19.85140037536621,
            "sigmapsf": 0.23028899729251862,
            "magnr": 19.37299919128418,
            "sigmagnr": 0.09700000286102295,
            "magzpsci": 26.0093994140625,
            "isdiffpos": "t",
            "ssdistnr": -999.0,
            "ssnamenr": "-999.0",
            "drb": null
        },
        {
            "candid": 784511080615015002,
            "jd": 2458539.011088,
            "ra": 260.5126257,
            "dec": 59.1148184,
            "fid": 2,
            "nid": 784,
            "magpsf": 18.1653995513916,
            "sigmapsf": 0.1050809994339943,
            "magnr": 19.37299919128418,
            "sigmagnr": 0.09700000286102295,
            "magzpsci": 25.536399841308594,
            "isdiffpos": "t",
            "ssdistnr": -999.0,
            "ssnamenr": "null",
            "drb": null
        },
        {
            "candid": 784533320615015003,
            "jd": 2458539.0333218,
            "ra": 260.5126947,
            "dec": 59.114826,
            "fid": 1,
            "nid": 784,
            "magpsf": 18.299999237060547,
            "sigmapsf": 0.0843920037150383,
            "magnr": 19.61400032043457,
            "sigmagnr": 0.0860000029206276,
            "magzpsci": 25.909000396728516,
            "isdiffpos": "t",
            "ssdistnr": -999.0,
            "ssnamenr": "null",
            "drb": null
        },
        {
            "candid": 787472980615015001,
            "jd": 2458541.9729861,
            "ra": 260.5126678,
            "dec": 59.1148165,
            "fid": 1,
            "nid": 787,
            "magpsf": 18.33970069885254,
            "sigmapsf": 0.05996000021696091,
            "magnr": 19.61400032043457,
            "sigmagnr": 0.0860000029206276,
            "magzpsci": 26.261699676513672,
            "isdiffpos": "t",
            "ssdistnr": -999.0,
            "ssnamenr": "null",
            "drb": null
        },
        {
            "candid": 787534380615015001,
            "jd": 2458542.0343866,
            "ra": 260.5126744,
            "dec": 59.1148144,
            "fid": 2,
            "nid": 787,
            "magpsf": 18.03179931640625,
            "sigmapsf": 0.05666400119662285,
            "magnr": 19.37299919128418,
            "sigmagnr": 0.09700000286102295,
            "magzpsci": 26.186800003051758,
            "isdiffpos": "t",
            "ssdistnr": -999.0,
            "ssnamenr": "null",
            "drb": null
        },
        {
            "candid": 793366110615015002,
            "jd": 2458547.8661111,
            "ra": 260.5127092,
            "dec": 59.1148055,
            "fid": 1,
            "nid": 793,
            "magpsf": 18.58099937438965,
            "sigmapsf": 0.08117199689149857,
            "magnr": 19.61400032043457,
            "sigmagnr": 0.0860000029206276,
            "magzpsci": 26.100000381469727,
            "isdiffpos": "t",
            "ssdistnr": -999.0,
            "ssnamenr": "null",
            "drb": null
        },
        {
            "candid": 813515700615015002,
            "jd": 2458568.015706,
            "ra": 260.5126147,
            "dec": 59.1147933,
            "fid": 1,
            "nid": 813,
            "magpsf": 19.769899368286133,
            "sigmapsf": 0.22789299488067627,
            "magnr": 19.61400032043457,
            "sigmagnr": 0.0860000029206276,
            "magzpsci": 26.221900939941406,
            "isdiffpos": "t",
            "ssdistnr": -999.0,
            "ssnamenr": "-999.0",
            "drb": null
        },
        {
            "candid": 818430650615015010,
            "jd": 2458572.9306597,
            "ra": 260.5126388,
            "dec": 59.1148107,
            "fid": 2,
            "nid": 818,
            "magpsf": 19.09670066833496,
            "sigmapsf": 0.11115899682044983,
            "magnr": 19.37299919128418,
            "sigmagnr": 0.09700000286102295,
            "magzpsci": 26.060699462890625,
            "isdiffpos": "t",
            "ssdistnr": -999.0,
            "ssnamenr": "null",
            "drb": null
        },
        {
            "candid": 818493050615015003,
            "jd": 2458572.9930556,
            "ra": 260.5126124,
            "dec": 59.1147591,
            "fid": 1,
            "nid": 818,
            "magpsf": 19.887500762939453,
            "sigmapsf": 0.20308199524879456,
            "magnr": 19.61400032043457,
            "sigmagnr": 0.0860000029206276,
            "magzpsci": 26.315500259399414,
            "isdiffpos": "t",
            "ssdistnr": -999.0,
            "ssnamenr": "-999.0",
            "drb": null
        },
        {
            "candid": 821424050615015009,
            "jd": 2458575.9240509,
            "ra": 260.5126536,
            "dec": 59.1148247,
            "fid": 2,
            "nid": 821,
            "magpsf": 19.2096004486084,
            "sigmapsf": 0.10319700092077255,
            "magnr": 19.37299919128418,
            "sigmagnr": 0.09700000286102295,
            "magzpsci": 26.149599075317383,
            "isdiffpos": "t",
            "ssdistnr": -999.0,
            "ssnamenr": "null",
            "drb": null
        },
        {
            "candid": 821493590615015050,
            "jd": 2458575.9935995,
            "ra": 260.5128887,
            "dec": 59.1148616,
            "fid": 1,
            "nid": 821,
            "magpsf": 19.991500854492188,
            "sigmapsf": 0.2752470076084137,
            "magnr": 19.61400032043457,
            "sigmagnr": 0.0860000029206276,
            "magzpsci": 25.297500610351562,
            "isdiffpos": "t",
            "ssdistnr": -999.0,
            "ssnamenr": "-999.0",
            "drb": null
        },
        {
            "candid": 826450060615015000,
            "jd": 2458580.9500694,
            "ra": 260.5126072,
            "dec": 59.1148092,
            "fid": 1,
            "nid": 826,
            "magpsf": 20.091400146484375,
            "sigmapsf": 0.2371010035276413,
            "magnr": 19.61400032043457,
            "sigmagnr": 0.0860000029206276,
            "magzpsci": 25.703399658203125,
            "isdiffpos": "t",
            "ssdistnr": -999.0,
            "ssnamenr": "-999.0",
            "drb": null
        },
        {
            "candid": 826505380615015005,
            "jd": 2458581.0053819,
            "ra": 260.5126961,
            "dec": 59.1147699,
            "fid": 2,
            "nid": 826,
            "magpsf": 19.385000228881836,
            "sigmapsf": 0.1353600025177002,
            "magnr": 19.37299919128418,
            "sigmagnr": 0.09700000286102295,
            "magzpsci": 26.01099967956543,
            "isdiffpos": "t",
            "ssdistnr": -999.0,
            "ssnamenr": "-999.0",
            "drb": null
        },
        {
            "candid": 829344860615015003,
            "jd": 2458583.8448611,
            "ra": 260.5126142,
            "dec": 59.1148519,
            "fid": 2,
            "nid": 829,
            "magpsf": 19.54840087890625,
            "sigmapsf": 0.16228100657463074,
            "magnr": 19.37299919128418,
            "sigmagnr": 0.09700000286102295,
            "magzpsci": 25.995399475097656,
            "isdiffpos": "t",
            "ssdistnr": -999.0,
            "ssnamenr": "null",
            "drb": null
        },
        {
            "candid": 829407190615015001,
            "jd": 2458583.9071991,
            "ra": 260.5125517,
            "dec": 59.1147296,
            "fid": 1,
            "nid": 829,
            "magpsf": 20.440900802612305,
            "sigmapsf": 0.2379329949617386,
            "magnr": 19.61400032043457,
            "sigmagnr": 0.0860000029206276,
            "magzpsci": 26.160900115966797,
            "isdiffpos": "t",
            "ssdistnr": -999.0,
            "ssnamenr": "-999.0",
            "drb": null
        },
        {
            "candid": 832390460615015003,
            "jd": 2458586.890463,
            "ra": 260.5126246,
            "dec": 59.1148238,
            "fid": 2,
            "nid": 832,
            "magpsf": 19.42729949951172,
            "sigmapsf": 0.1280370056629181,
            "magnr": 19.37299919128418,
            "sigmagnr": 0.09700000286102295,
            "magzpsci": 26.134300231933594,
            "isdiffpos": "t",
            "ssdistnr": -999.0,
            "ssnamenr": "null",
            "drb": null
        },
        {
            "candid": 832449180615015003,
            "jd": 2458586.9491898,
            "ra": 260.5126417,
            "dec": 59.1148253,
            "fid": 1,
            "nid": 832,
            "magpsf": 20.309099197387695,
            "sigmapsf": 0.17153799533843994,
            "magnr": 19.61400032043457,
            "sigmagnr": 0.0860000029206276,
            "magzpsci": 26.265100479125977,
            "isdiffpos": "t",
            "ssdistnr": -999.0,
            "ssnamenr": "null",
            "drb": null
        },
        {
            "candid": 842404880615015001,
            "jd": 2458596.9048843,
            "ra": 260.5125589,
            "dec": 59.1147748,
            "fid": 2,
            "nid": 842,
            "magpsf": 19.505699157714844,
            "sigmapsf": 0.14531099796295166,
            "magnr": 19.37299919128418,
            "sigmagnr": 0.09700000286102295,
            "magzpsci": 26.148700714111328,
            "isdiffpos": "t",
            "ssdistnr": -999.0,
            "ssnamenr": "null",
            "drb": null
        },
        {
            "candid": 842474970615015000,
            "jd": 2458596.9749769,
            "ra": 260.5126146,
            "dec": 59.1148564,
            "fid": 1,
            "nid": 842,
            "magpsf": 20.385499954223633,
            "sigmapsf": 0.3358219861984253,
            "magnr": 19.61400032043457,
            "sigmagnr": 0.0860000029206276,
            "magzpsci": 26.263500213623047,
            "isdiffpos": "t",
            "ssdistnr": -999.0,
            "ssnamenr": "-999.0",
            "drb": null
        },
        {
            "candid": 851436010615015004,
            "jd": 2458605.9360185,
            "ra": 260.5126749,
            "dec": 59.1148357,
            "fid": 2,
            "nid": 851,
            "magpsf": 19.70549964904785,
            "sigmapsf": 0.1279280036687851,
            "magnr": 19.37299919128418,
            "sigmagnr": 0.09700000286102295,
            "magzpsci": 26.13949966430664,
            "isdiffpos": "t",
            "ssdistnr": -999.0,
            "ssnamenr": "null",
            "drb": null
        },
        {
            "candid": 858466990615015001,
            "jd": 2458612.9669907,
            "ra": 260.5126397,
            "dec": 59.114834,
            "fid": 2,
            "nid": 858,
            "magpsf": 19.889400482177734,
            "sigmapsf": 0.16653700172901154,
            "magnr": 19.37299919128418,
            "sigmagnr": 0.09700000286102295,
            "magzpsci": 26.127399444580078,
            "isdiffpos": "t",
            "ssdistnr": -999.0,
            "ssnamenr": "null",
            "drb": null
        },
        {
            "candid": 862269220615015000,
            "jd": 2458616.7692245,
            "ra": 260.5127111,
            "dec": 59.1149211,
            "fid": 1,
            "nid": 862,
            "magpsf": 20.24049949645996,
            "sigmapsf": 0.23676900565624237,
            "magnr": 19.61400032043457,
            "sigmagnr": 0.0860000029206276,
            "magzpsci": 26.13949966430664,
            "isdiffpos": "t",
            "ssdistnr": -999.0,
            "ssnamenr": "-999.0",
            "drb": null
        },
        {
            "candid": 862373780615015002,
            "jd": 2458616.8737847,
            "ra": 260.5126252,
            "dec": 59.1147975,
            "fid": 2,
            "nid": 862,
            "magpsf": 19.82670021057129,
            "sigmapsf": 0.13144700229167938,
            "magnr": 19.37299919128418,
            "sigmagnr": 0.09700000286102295,
            "magzpsci": 26.09670066833496,
            "isdiffpos": "t",
            "ssdistnr": -999.0,
            "ssnamenr": "null",
            "drb": null
        },
        {
            "candid": 873388560615015003,
            "jd": 2458627.8885648,
            "ra": 260.5127406,
            "dec": 59.1148352,
            "fid": 2,
            "nid": 873,
            "magpsf": 20.010299682617188,
            "sigmapsf": 0.18796299397945404,
            "magnr": 19.37299919128418,
            "sigmagnr": 0.09700000286102295,
            "magzpsci": 26.127300262451172,
            "isdiffpos": "t",
            "ssdistnr": -999.0,
            "ssnamenr": "null",
            "drb": null
        },
        {
            "candid": 879344860615015002,
            "jd": 2458633.8448611,
            "ra": 260.5126547,
            "dec": 59.1147951,
            "fid": 2,
            "nid": 879,
            "magpsf": 20.146699905395508,
            "sigmapsf": 0.1807049959897995,
            "magnr": 19.37299919128418,
            "sigmagnr": 0.09700000286102295,
            "magzpsci": 26.112699508666992,
            "isdiffpos": "t",
            "ssdistnr": -999.0,
            "ssnamenr": "null",
            "drb": null
        },
        {
            "candid": 879453280615015001,
            "jd": 2458633.953287,
            "ra": 260.5126166,
            "dec": 59.1148718,
            "fid": 1,
            "nid": 879,
            "magpsf": 20.698699951171875,
            "sigmapsf": 0.23661500215530396,
            "magnr": 19.61400032043457,
            "sigmagnr": 0.0860000029206276,
            "magzpsci": 26.187700271606445,
            "isdiffpos": "t",
            "ssdistnr": -999.0,
            "ssnamenr": "-999.0",
            "drb": null
        },
        {
            "candid": 882329300615015002,
            "jd": 2458636.8293056,
            "ra": 260.512663,
            "dec": 59.1147968,
            "fid": 2,
            "nid": 882,
            "magpsf": 20.22369956970215,
            "sigmapsf": 0.2155500054359436,
            "magnr": 19.37299919128418,
            "sigmagnr": 0.09700000286102295,
            "magzpsci": 26.126699447631836,
            "isdiffpos": "t",
            "ssdistnr": -999.0,
            "ssnamenr": "null",
            "drb": null
        },
        {
            "candid": 882445240615015015,
            "jd": 2458636.9452431,
            "ra": 260.5126613,
            "dec": 59.1148584,
            "fid": 1,
            "nid": 882,
            "magpsf": 20.665700912475586,
            "sigmapsf": 0.2140669971704483,
            "magnr": 19.61400032043457,
            "sigmagnr": 0.0860000029206276,
            "magzpsci": 26.193700790405273,
            "isdiffpos": "t",
            "ssdistnr": -999.0,
            "ssnamenr": "null",
            "drb": null
        },
        {
            "candid": 885305370615015007,
            "jd": 2458639.8053704,
            "ra": 260.5125752,
            "dec": 59.1148298,
            "fid": 2,
            "nid": 885,
            "magpsf": 20.153900146484375,
            "sigmapsf": 0.16196399927139282,
            "magnr": 19.37299919128418,
            "sigmagnr": 0.09700000286102295,
            "magzpsci": 26.109899520874023,
            "isdiffpos": "t",
            "ssdistnr": -999.0,
            "ssnamenr": "null",
            "drb": null
        },
        {
            "candid": 891321150615015000,
            "jd": 2458645.8211574,
            "ra": 260.5126218,
            "dec": 59.1148389,
            "fid": 2,
            "nid": 891,
            "magpsf": 20.095399856567383,
            "sigmapsf": 0.20600000023841858,
            "magnr": 19.37299919128418,
            "sigmagnr": 0.09700000286102295,
            "magzpsci": 26.12339973449707,
            "isdiffpos": "t",
            "ssdistnr": -999.0,
            "ssnamenr": "null",
            "drb": null
        },
        {
            "jd": 2458509.98971,
            "fid": 2,
            "diffmaglim": 18.920000076293945
        },
        {
            "jd": 2458510.05447,
            "fid": 1,
            "diffmaglim": 19.520000457763672
        },
        {
            "jd": 2458513.05206,
            "fid": 1,
            "diffmaglim": 20.42300033569336
        },
        {
            "jd": 2458589.84649,
            "fid": 2,
            "diffmaglim": 18.472000122070312
        },
        {
            "jd": 2458589.95569,
            "fid": 1,
            "diffmaglim": 16.04800033569336
        },
        {
            "jd": 2458592.87053,
            "fid": 2,
            "diffmaglim": 18.518999099731445
        },
        {
            "jd": 2458592.98767,
            "fid": 1,
            "diffmaglim": 19.549999237060547
        },
        {
            "jd": 2458608.82456,
            "fid": 1,
            "diffmaglim": 20.466999053955078
        },
        {
            "jd": 2458608.84527,
            "fid": 2,
            "diffmaglim": 20.006999969482422
        },
        {
            "jd": 2458612.89294,
            "fid": 1,
            "diffmaglim": 21.08099937438965
        },
        {
            "jd": 2458639.92348,
            "fid": 1,
            "diffmaglim": 20.89900016784668
        },
        {
            "jd": 2458642.78666,
            "fid": 2,
            "diffmaglim": 20.65999984741211
        }
    ],
    "forcedphot": []
}