{
    "objectId": "ZTF19aaxdzqt",
    "candidates": [
        {
            "candid": 884181781715015012,
            "jd": 2458638.6817824,
            "ra": 165.9691775,
            "dec": -3.3370013,
            "fid": 1,
            "nid": 884,
            "magpsf": 17.791500091552734,
            "sigmapsf": 0.0544699989259243,
            "magnr": 21.84600067138672,
            "sigmagnr": 0.2540000081062317,
            "magzpsci": 26.01849937438965,
            "isdiffpos": "t",
            "ssdistnr": -999.0,
            "ssnamenr": "null",
            "drb": null
        },
        {
            "candid": 884212341715015012,
            "jd": 2458638.7123495,
            "ra": 165.9691764,
            "dec": -3.337004,
            "fid": 2,
            "nid": 884,
            "magpsf": 17.494199752807617,
            "sigmapsf": 0.04329000040888786,
            "magnr": 20.97800064086914,
            "sigmagnr": 0.14900000393390656,
            "magzpsci": 26.02519989013672,
            "isdiffpos": "t",
            "ssdistnr": -999.0,
            "ssnamenr": "null",
            "drb": null
        },
        {
            "candid": 888168611715015010,
            "jd": 2458642.6686111,
            "ra": 165.9691755,
            "dec": -3.3369849,
            "fid": 1,
            "nid": 888,
            "magpsf": 18.021499633789062,
            "sigmapsf": 0.08754300326108932,
            "magnr": 21.84600067138672,
            "sigmagnr": 0.2540000081062317,
            "magzpsci": 26.100500106811523,
            "isdiffpos": "t",
            "ssdistnr": -999.0,
            "ssnamenr": "null",
            "drb": null
        },
        {
            "candid": 888213261715015021,
            "jd": 2458642.7132639,
            "ra": 165.9691785,
            "dec": -3.336982,
            "fid": 2,
            "nid": 888,
            "magpsf": 17.524099349975586,
            "sigmapsf": 0.04435599967837334,
            "magnr": 20.97800064086914,
            "sigmagnr": 0.14900000393390656,
            "magzpsci": 26.102100372314453,
            "isdiffpos": "t",
            "ssdistnr": -999.0,
            "ssnamenr": "null",
            "drb": null
        },
        {
            "candid": 891193571715015025,
            "jd": 2458645.6935764,
            "ra": 165.9691786,
            "dec": -3.3370137,
            "fid": 1,
            "nid": 891,
            "magpsf": 18.297399520874023,
            "sigmapsf": 0.12431199848651886,
            "magnr": 21.84600067138672,
            "sigmagnr": 0.2540000081062317,
            "magzpsci": 25.953399658203125,
            "isdiffpos": "t",
            "ssdistnr": -999.0,
            "ssnamenr": "null",
            "drb": null
        },
        {
            "candid": 894169501715015004,
            "jd": 2458648.6695023,
            "ra": 165.9692275,
            "dec": -3.337019,
            "fid": 1,
            "nid": 894,
            "magpsf": 18.390399932861328,
            "sigmapsf": 0.1893319934606552,
            "magnr": 21.84600067138672,
            "sigmagnr": 0.2540000081062317,
            "magzpsci": 25.996400833129883,
            "isdiffpos": "t",
            "ssdistnr": -999.0,
            "ssnamenr": "null",
            "drb": null
        },
        {
            "candid": 894197961715015007,
            "jd": 2458648.697963,
            "ra": 165.9691533,
            "dec": -3.3369859,
            "fid": 2,
            "nid": 894,
            "magpsf": 17.83639907836914,
            "sigmapsf": 0.08843500167131424,
            "magnr": 20.97800064086914,
            "sigmagnr": 0.14900000393390656,
            "magzpsci": 26.023399353027344,
            "isdiffpos": "t",
            "ssdistnr": -999.0,
            "ssnamenr": "null",
            "drb": null
        },
        {
            "jd": 2458619.65653,
            "fid": 2,
            "diffmaglim": 17.458999633789062
        },
        {
            "jd": 2458619.7105,
            "fid": 1,
            "diffmaglim": 18.85099983215332
        }
    ],
    "forcedphot": []
}