{
    "objectId": "ZTF19acfuzwh",
    "candidates": [
        {
            "candid": 1021094825415015002,
            "jd": 2458775.5948264,
            "ra": 244.1305452,
            "dec": 35.7049647,
            "fid": 2,
            "nid": 1021,
            "magpsf": 19.346599578857422,
            "sigmapsf": 0.1593710035085678,
            "magnr": 18.160999298095703,
            "sigmagnr": 0.11900000274181366,
            "magzpsci": 26.050600051879883,
            "isdiffpos": "t",
            "ssdistnr": -999.0,
            "ssnamenr": "null",
            "drb": 0.999987006187439
        },
        {
            "candid": 1021114875415015007,
            "jd": 2458775.6148727,
            "ra": 244.1305449,
            "dec": 35.705,
            "fid": 1,
            "nid": 1021,
            "magpsf": 19.802499771118164,
            "sigmapsf": 0.256835013628006,
            "magnr": 18.389999389648438,
            "sigmagnr": 0.08799999952316284,
            "magzpsci": 25.909500122070312,
            "isdiffpos": "t",
            "ssdistnr": -999.0,
            "ssnamenr": "-999.0",
            "drb": null
        },
        {
            "candid": 1024116725415015005,
            "jd": 2458778.6167245,
            "ra": 244.1304653,
            "dec": 35.7049363,
            "fid": 1,
            "nid": 1024,
            "magpsf": 19.668800354003906,
            "sigmapsf": 0.2336219996213913,
            "magnr": 18.389999389648438,
            "sigmagnr": 0.08799999952316284,
            "magzpsci": 26.01580047607422,
            "isdiffpos": "t",
            "ssdistnr": -999.0,
            "ssnamenr": "-999.0",
            "drb": null
        },
        {
            "candid": 1028109915415015003,
            "jd": 2458782.609919,
            "ra": 244.1305446,
            "dec": 35.7049811,
            "fid": 2,
            "nid": 1028,
            "magpsf": 18.819000244140625,
            "sigmapsf": 0.14080999791622162,
            "magnr": 18.160999298095703,
            "sigmagnr": 0.11900000274181366,
            "magzpsci": 26.054000854492188,
            "isdiffpos": "t",
            "ssdistnr": -999.0,
            "ssnamenr": "null",
            "drb": 1.0
        },
        {
            "candid": 1033116455415015005,
            "jd": 2458787.6164583,
            "ra": 244.130483,
            "dec": 35.705012,
            "fid": 2,
            "nid": 1033,
            "magpsf": 18.63010025024414,
            "sigmapsf": 0.20936700701713562,
            "magnr": 18.160999298095703,
            "sigmagnr": 0.11900000274181366,
            "magzpsci": 26.01409912109375,
            "isdiffpos": "t",
            "ssdistnr": -999.0,
            "ssnamenr": "null",
            "drb": 0.9994300007820129
        },
        {
            "jd": 2458749.61542,
            "fid": 2,
            "diffmaglim": 20.091999053955078
        },
        {
            "jd": 2458749.63111,
            "fid": 1,
            "diffmaglim": 20.32699966430664
        },
        {
            "jd": 2458758.63167,
            "fid": 1,
            "diffmaglim": 20.29800033569336
        },
        {
            "jd": 2458761.61819,
            "fid": 2,
            "diffmaglim": 20.02400016784668
        },
        {
            "jd": 2458765.61806,
            "fid": 2,
            "diffmaglim": 19.874000549316406
        },
        {
            "jd": 2458768.62024,
            "fid": 2,
            "diffmaglim": 19.441999435424805
        },
        {
            "jd": 2458771.61154,
            "fid": 1,
            "diffmaglim": 19.18000030517578
        }
    ],
    "forcedphot": []
}