{
    "objectId": "ZTF19abgnbjr",
    "candidates": [
        {
            "candid": 925486071815015000,
            "jd": 2458679.9860764,
            "ra": 56.645105,
            "dec": 25.1151922,
            "fid": 2,
            "nid": 925,
            "magpsf": 18.613500595092773,
            "sigmapsf": 0.08469200134277344,
            "magnr": 17.753000259399414,
            "sigmagnr": 0.12399999797344208,
            "magzpsci": 26.153499603271484,
            "isdiffpos": "t",
            "ssdistnr": -999.0,
            "ssnamenr": "null",
            "drb": null
        },
        {
            "candid": 932428581815015000,
            "jd": 2458686.928588,
            "ra": 56.6450319,
            "dec": 25.1152278,
            "fid": 2,
            "nid": 932,
            "magpsf": 18.521400451660156,
            "sigmapsf": 0.08889800310134888,
            "magnr": 17.753000259399414,
            "sigmagnr": 0.12399999797344208,
            "magzpsci": 25.898399353027344,
            "isdiffpos": "t",
            "ssdistnr": -999.0,
            "ssnamenr": "null",
            "drb": null
        },
        {
            "candid": 938491921815015000,
            "jd": 2458692.9919213,
            "ra": 56.6451673,
            "dec": 25.115181,
            "fid": 2,
            "nid": 938,
            "magpsf": 18.774099349975586,
            "sigmapsf": 0.09134499728679657,
            "magnr": 17.753000259399414,
            "sigmagnr": 0.12399999797344208,
            "magzpsci": 26.10110092163086,
            "isdiffpos": "t",
            "ssdistnr": -999.0,
            "ssnamenr": "null",
            "drb": null
        },
        {
            "candid": 941482611815015000,
            "jd": 2458695.9826157,
            "ra": 56.6451779,
            "dec": 25.1152078,
            "fid": 2,
            "nid": 941,
            "magpsf": 18.770099639892578,
            "sigmapsf": 0.07100900262594223,
            "magnr": 17.753000259399414,
            "sigmagnr": 0.12399999797344208,
            "magzpsci": 26.113100051879883,
            "isdiffpos": "t",
            "ssdistnr": -999.0,
            "ssnamenr": "null",
            "drb": null
        },
        {
            "candid": 947486741815015000,
            "jd": 2458701.9867477,
            "ra": 56.6451987,
            "dec": 25.1151631,
            "fid": 2,
            "nid": 947,
            "magpsf": 18.809799194335938,
            "sigmapsf": 0.1886100023984909,
            "magnr": 17.753000259399414,
            "sigmagnr": 0.12399999797344208,
            "magzpsci": 24.784799575805664,
            "isdiffpos": "t",
            "ssdistnr": -999.0,
            "ssnamenr": "-999.0",
            "drb": null
        },
        {
            "candid": 950486141815015001,
            "jd": 2458704.9861458,
            "ra": 56.6451614,
            "dec": 25.1152168,
            "fid": 2,
            "nid": 950,
            "magpsf": 19.20319938659668,
            "sigmapsf": 0.08403000235557556,
            "magnr": 17.753000259399414,
            "sigmagnr": 0.12399999797344208,
            "magzpsci": 26.178199768066406,
            "isdiffpos": "t",
            "ssdistnr": -999.0,
            "ssnamenr": "null",
            "drb": null
        },
        {
            "candid": 953495861815015000,
            "jd": 2458707.9958681,
            "ra": 56.6451444,
            "dec": 25.1151761,
            "fid": 2,
            "nid": 953,
            "magpsf": 19.157800674438477,
            "sigmapsf": 0.06690800189971924,
            "magnr": 17.753000259399414,
            "sigmagnr": 0.12399999797344208,
            "magzpsci": 26.189800262451172,
            "isdiffpos": "t",
            "ssdistnr": -999.0,
            "ssnamenr": "null",
            "drb": null
        },
        {
            "candid": 957431461815015000,
            "jd": 2458711.9314699,
            "ra": 56.6450528,
            "dec": 25.1151722,
            "fid": 2,
            "nid": 957,
            "magpsf": 19.340900421142578,
            "sigmapsf": 0.1326729953289032,
            "magnr": 17.753000259399414,
            "sigmagnr": 0.12399999797344208,
            "magzpsci": 26.162900924682617,
            "isdiffpos": "t",
            "ssdistnr": -999.0,
            "ssnamenr": "null",
            "drb": 0.9999229907989502
        },
        {
            "jd": 2458679.95571,
            "fid": 1,
            "diffmaglim": 18.923999786376953
        },
        {
            "jd": 2458686.98729,
            "fid": 1,
            "diffmaglim": 19.259000778198242
        },
        {
            "jd": 2458695.94781,
            "fid": 1,
            "diffmaglim": 20.320999145507812
        },
        {
            "jd": 2458698.97797,
            "fid": 1,
            "diffmaglim": 20.476999282836914
        },
        {
            "jd": 2458698.99911,
            "fid": 2,
            "diffmaglim": 18.511999130249023
        },
        {
            "jd": 2458701.96516,
            "fid": 1,
            "diffmaglim": 20.677000045776367
        },
        {
            "jd": 2458704.95218,
            "fid": 1,
            "diffmaglim": 20.006000518798828
        },
        {
            "jd": 2458707.94872,
            "fid": 1,
            "diffmaglim": 20.652999877929688
        }
    ],
    "forcedphot": []
}