{
    "objectId": "ZTF21abrpdjh",
    "candidates": [
        {
            "candid": 1680444133615015004,
            "jd": 2459434.9441319,
            "ra": 55.3047269,
            "dec": 5.6314155,
            "fid": 1,
            "nid": 1680,
            "magpsf": 19.652099609375,
            "sigmapsf": 0.15494099259376526,
            "magnr": 18.513999938964844,
            "sigmagnr": 0.09700000286102295,
            "magzpsci": 26.059099197387695,
            "isdiffpos": "t",
            "ssdistnr": null,
            "ssnamenr": null,
            "drb": 1.0
        },
        {
            "candid": 1680464573615015007,
            "jd": 2459434.9645718,
            "ra": 55.3047412,
            "dec": 5.6314619,
            "fid": 2,
            "nid": 1680,
            "magpsf": 18.38759994506836,
            "sigmapsf": 0.06605099886655807,
            "magnr": 19.06399917602539,
            "sigmagnr": 0.11500000208616257,
            "magzpsci": 26.187599182128906,
            "isdiffpos": "t",
            "ssdistnr": null,
            "ssnamenr": null,
            "drb": null
        },
        {
            "candid": 1682443113615015004,
            "jd": 2459436.9431134,
            "ra": 55.3047044,
            "dec": 5.63147,
            "fid": 1,
            "nid": 1682,
            "magpsf": 20.143699645996094,
            "sigmapsf": 0.28319400548934937,
            "magnr": 18.513999938964844,
            "sigmagnr": 0.09700000286102295,
            "magzpsci": 25.95870018005371,
            "isdiffpos": "t",
            "ssdistnr": null,
            "ssnamenr": null,
            "drb": null
        },
        {
            "candid": 1682479133615015014,
            "jd": 2459436.9791319,
            "ra": 55.3047388,
            "dec": 5.6314543,
            "fid": 2,
            "nid": 1682,
            "magpsf": 18.610599517822266,
            "sigmapsf": 0.06253000348806381,
            "magnr": 19.06399917602539,
            "sigmagnr": 0.11500000208616257,
            "magzpsci": 26.13559913635254,
            "isdiffpos": "t",
            "ssdistnr": null,
            "ssnamenr": null,
            "drb": null
        },
        {
            "candid": 1686477023615015007,
            "jd": 2459440.9770255,
            "ra": 55.3047631,
            "dec": 5.6314807,
            "fid": 2,
            "nid": 1686,
            "magpsf": 19.15180015563965,
            "sigmapsf": 0.10656499862670898,
            "magnr": 19.06399917602539,
            "sigmagnr": 0.11500000208616257,
            "magzpsci": 26.0447998046875,
            "isdiffpos": "t",
            "ssdistnr": null,
            "ssnamenr": null,
            "drb": null
        },
        {
            "candid": 1686477023615025007,
            "jd": 2459440.9770255,
            "ra": 55.3047631,
            "dec": 5.6314807,
            "fid": 2,
            "nid": 1686,
            "magpsf": 19.15180015563965,
            "sigmapsf": 0.10656499862670898,
            "magnr": 19.06399917602539,
            "sigmagnr": 0.11500000208616257,
            "magzpsci": 26.0447998046875,
            "isdiffpos": "t",
            "ssdistnr": null,
            "ssnamenr": null,
            "drb": null
        },
        {
            "candid": 1689465263615015016,
            "jd": 2459443.9652662,
            "ra": 55.3047313,
            "dec": 5.6314671,
            "fid": 2,
            "nid": 1689,
            "magpsf": 19.438400268554688,
            "sigmapsf": 0.1113860011100769,
            "magnr": 19.06399917602539,
            "sigmagnr": 0.11500000208616257,
            "magzpsci": 25.92639923095703,
            "isdiffpos": "t",
            "ssdistnr": null,
            "ssnamenr": null,
            "drb": null
        },
        {
            "candid": 1697473883615015007,
            "jd": 2459451.9738889,
            "ra": 55.3047562,
            "dec": 5.6314944,
            "fid": 2,
            "nid": 1697,
            "magpsf": 19.94179916381836,
            "sigmapsf": 0.2818300127983093,
            "magnr": 19.06399917602539,
            "sigmagnr": 0.11500000208616257,
            "magzpsci": 26.2637996673584,
            "isdiffpos": "t",
            "ssdistnr": null,
            "ssnamenr": null,
            "drb": null
        },
        {
            "candid": 1699478513615015010,
            "jd": 2459453.9785185,
            "ra": 55.3047116,
            "dec": 5.6314848,
            "fid": 2,
            "nid": 1699,
            "magpsf": 19.91510009765625,
            "sigmapsf": 0.21500399708747864,
            "magnr": 19.06399917602539,
            "sigmagnr": 0.11500000208616257,
            "magzpsci": 26.310100555419922,
            "isdiffpos": "t",
            "ssdistnr": null,
            "ssnamenr": null,
            "drb": null
        },
        {
            "candid": 1707474003615015017,
            "jd": 2459461.9740046,
            "ra": 55.3047433,
            "dec": 5.6314907,
            "fid": 2,
            "nid": 1707,
            "magpsf": 20.494850158691406,
            "sigmapsf": 0.16121000051498413,
            "magnr": 19.06399917602539,
            "sigmagnr": 0.11500000208616257,
            "magzpsci": 26.297849655151367,
            "isdiffpos": "t",
            "ssdistnr": -999.0,
            "ssnamenr": "null",
            "drb": null
        },
        {
            "jd": 2459443.943588,
            "fid": 1,
            "diffmaglim": 20.006900787353516
        },
        {
            "jd": 2459449.9026852,
            "fid": 2,
            "diffmaglim": 18.667600631713867
        },
        {
            "jd": 2459449.9629861,
            "fid": 1,
            "diffmaglim": 19.0093994140625
        },
        {
            "jd": 2459453.9416204,
            "fid": 1,
            "diffmaglim": 19.6781005859375
        },
        {
            "jd": 2459456.9439352,
            "fid": 2,
            "diffmaglim": 17.154199600219727
        },
        {
            "jd": 2459459.9329514,
            "fid": 1,
            "diffmaglim": 20.51180076599121
        },
        {
            "jd": 2459459.9738773,
            "fid": 2,
            "diffmaglim": 20.76609992980957
        },
        {
            "jd": 2459461.9453009,
            "fid": 1,
            "diffmaglim": 20.760700225830078
        }
    ],
    "forcedphot": []
}