{
    "objectId": "ZTF23aaawmyi",
    "candidates": [
        {
            "candid": 2214164641115015017,
            "jd": 2459968.6646412,
            "ra": 337.5541005,
            "dec": 37.0587352,
            "fid": 2,
            "nid": 2214,
            "magpsf": 19.039939880371094,
            "sigmapsf": 0.17005348205566406,
            "magnr": 17.30299949645996,
            "sigmagnr": 0.10599999874830246,
            "magzpsci": 26.13994026184082,
            "isdiffpos": "t",
            "ssdistnr": -999.0,
            "ssnamenr": "null",
            "drb": 0.9999196529388428
        },
        {
            "candid": 2282516865315015002,
            "jd": 2460037.0168634,
            "ra": 337.5543648,
            "dec": 37.058984,
            "fid": 2,
            "nid": 2282,
            "magpsf": 19.537099838256836,
            "sigmapsf": 0.19275499880313873,
            "magnr": 17.29400062561035,
            "sigmagnr": 0.07800000160932541,
            "magzpsci": 26.137100219726562,
            "isdiffpos": "t",
            "ssdistnr": null,
            "ssnamenr": null,
            "drb": 0.9999997615814209
        },
        {
            "candid": 2290504821115015010,
            "jd": 2460045.0048264,
            "ra": 337.554323,
            "dec": 37.0589674,
            "fid": 2,
            "nid": 2290,
            "magpsf": 19.631799697875977,
            "sigmapsf": 0.18200300633907318,
            "magnr": 17.30299949645996,
            "sigmagnr": 0.10599999874830246,
            "magzpsci": 26.203800201416016,
            "isdiffpos": "t",
            "ssdistnr": null,
            "ssnamenr": null,
            "drb": null
        },
        {
            "candid": 2296496601115015012,
            "jd": 2460050.9966088,
            "ra": 337.5543696,
            "dec": 37.0590055,
            "fid": 2,
            "nid": 2296,
            "magpsf": 19.91200065612793,
            "sigmapsf": 0.21970200538635254,
            "magnr": 17.30299949645996,
            "sigmagnr": 0.10599999874830246,
            "magzpsci": 26.14900016784668,
            "isdiffpos": "t",
            "ssdistnr": null,
            "ssnamenr": null,
            "drb": null
        },
        {
            "candid": 2296499071115015009,
            "jd": 2460050.9990741,
            "ra": 337.5542653,
            "dec": 37.059024,
            "fid": 2,
            "nid": 2296,
            "magpsf": 19.825000762939453,
            "sigmapsf": 0.1328909993171692,
            "magnr": 17.30299949645996,
            "sigmagnr": 0.10599999874830246,
            "magzpsci": 26.156999588012695,
            "isdiffpos": "t",
            "ssdistnr": null,
            "ssnamenr": null,
            "drb": null
        },
        {
            "candid": 2296501531115015016,
            "jd": 2460051.0015394,
            "ra": 337.5542283,
            "dec": 37.0588862,
            "fid": 2,
            "nid": 2296,
            "magpsf": 19.69770050048828,
            "sigmapsf": 0.18013300001621246,
            "magnr": 17.30299949645996,
            "sigmagnr": 0.10599999874830246,
            "magzpsci": 26.157699584960938,
            "isdiffpos": "t",
            "ssdistnr": null,
            "ssnamenr": null,
            "drb": null
        },
        {
            "candid": 2297497655315015000,
            "jd": 2460051.9976505,
            "ra": 337.5544213,
            "dec": 37.0588975,
            "fid": 2,
            "nid": 2297,
            "magpsf": 19.493000030517578,
            "sigmapsf": 0.21953999996185303,
            "magnr": 17.29400062561035,
            "sigmagnr": 0.07800000160932541,
            "magzpsci": 26.17799949645996,
            "isdiffpos": "t",
            "ssdistnr": null,
            "ssnamenr": null,
            "drb": null
        },
        {
            "candid": 2297500601115015012,
            "jd": 2460052.0006019,
            "ra": 337.554241,
            "dec": 37.0589648,
            "fid": 2,
            "nid": 2297,
            "magpsf": 20.010799407958984,
            "sigmapsf": 0.15130199491977692,
            "magnr": 17.30299949645996,
            "sigmagnr": 0.10599999874830246,
            "magzpsci": 26.21179962158203,
            "isdiffpos": "t",
            "ssdistnr": null,
            "ssnamenr": null,
            "drb": null
        },
        {
            "candid": 2300490995315015000,
            "jd": 2460054.9909954,
            "ra": 337.5543597,
            "dec": 37.0589707,
            "fid": 2,
            "nid": 2300,
            "magpsf": 20.02440071105957,
            "sigmapsf": 0.24422800540924072,
            "magnr": 17.29400062561035,
            "sigmagnr": 0.07800000160932541,
            "magzpsci": 26.148399353027344,
            "isdiffpos": "t",
            "ssdistnr": null,
            "ssnamenr": null,
            "drb": null
        },
        {
            "candid": 2300491481115015009,
            "jd": 2460054.9914815,
            "ra": 337.5542884,
            "dec": 37.0589861,
            "fid": 2,
            "nid": 2300,
            "magpsf": 19.938400268554688,
            "sigmapsf": 0.18369700014591217,
            "magnr": 17.30299949645996,
            "sigmagnr": 0.10599999874830246,
            "magzpsci": 26.173500061035156,
            "isdiffpos": "t",
            "ssdistnr": null,
            "ssnamenr": null,
            "drb": null
        },
        {
            "candid": 2300495935315015001,
            "jd": 2460054.9959375,
            "ra": 337.5543407,
            "dec": 37.0588488,
            "fid": 2,
            "nid": 2300,
            "magpsf": 19.585500717163086,
            "sigmapsf": 0.1967419981956482,
            "magnr": 17.29400062561035,
            "sigmagnr": 0.07800000160932541,
            "magzpsci": 26.160499572753906,
            "isdiffpos": "t",
            "ssdistnr": null,
            "ssnamenr": null,
            "drb": null
        },
        {
            "candid": 2301496745315015000,
            "jd": 2460055.9967477,
            "ra": 337.5543395,
            "dec": 37.0589398,
            "fid": 2,
            "nid": 2301,
            "magpsf": 19.870702743530273,
            "sigmapsf": 0.17298205196857452,
            "magnr": 17.29400062561035,
            "sigmagnr": 0.07800000160932541,
            "magzpsci": 26.179702758789062,
            "isdiffpos": "t",
            "ssdistnr": -999.0,
            "ssnamenr": "null",
            "drb": null
        },
        {
            "jd": 2459951.6216435,
            "fid": 1,
            "diffmaglim": 19.204200744628906
        },
        {
            "jd": 2459951.6521991,
            "fid": 2,
            "diffmaglim": 19.179800033569336
        },
        {
            "jd": 2459951.6825694,
            "fid": 2,
            "diffmaglim": 19.16790008544922
        },
        {
            "jd": 2459951.6988079,
            "fid": 1,
            "diffmaglim": 18.52429962158203
        },
        {
            "jd": 2459956.6076389,
            "fid": 2,
            "diffmaglim": 18.743999481201172
        },
        {
            "jd": 2459956.6426968,
            "fid": 2,
            "diffmaglim": 17.561899185180664
        },
        {
            "jd": 2459958.6247222,
            "fid": 1,
            "diffmaglim": 19.95359992980957
        },
        {
            "jd": 2460030.0245833,
            "fid": 2,
            "diffmaglim": 19.438499450683594
        },
        {
            "jd": 2460030.0270139,
            "fid": 2,
            "diffmaglim": 19.421300888061523
        },
        {
            "jd": 2460030.0294444,
            "fid": 2,
            "diffmaglim": 19.363100051879883
        },
        {
            "jd": 2460030.031875,
            "fid": 2,
            "diffmaglim": 19.25909996032715
        },
        {
            "jd": 2460030.0343056,
            "fid": 2,
            "diffmaglim": 18.982900619506836
        },
        {
            "jd": 2460031.0293056,
            "fid": 2,
            "diffmaglim": 19.02899932861328
        },
        {
            "jd": 2460031.0317361,
            "fid": 2,
            "diffmaglim": 18.739200592041016
        },
        {
            "jd": 2460037.0192361,
            "fid": 2,
            "diffmaglim": 19.664400100708008
        },
        {
            "jd": 2460037.0216088,
            "fid": 2,
            "diffmaglim": 19.616500854492188
        },
        {
            "jd": 2460037.0239815,
            "fid": 2,
            "diffmaglim": 19.26300048828125
        },
        {
            "jd": 2460037.0263542,
            "fid": 2,
            "diffmaglim": 19.076200485229492
        },
        {
            "jd": 2460042.9992593,
            "fid": 2,
            "diffmaglim": 19.318500518798828
        },
        {
            "jd": 2460043.0017361,
            "fid": 2,
            "diffmaglim": 19.439899444580078
        },
        {
            "jd": 2460043.004213,
            "fid": 2,
            "diffmaglim": 19.52359962463379
        },
        {
            "jd": 2460043.0066898,
            "fid": 2,
            "diffmaglim": 19.548099517822266
        },
        {
            "jd": 2460043.0091782,
            "fid": 2,
            "diffmaglim": 19.541000366210938
        },
        {
            "jd": 2460043.997338,
            "fid": 2,
            "diffmaglim": 19.631799697875977
        },
        {
            "jd": 2460043.9998148,
            "fid": 2,
            "diffmaglim": 19.71339988708496
        },
        {
            "jd": 2460044.0022801,
            "fid": 2,
            "diffmaglim": 19.535499572753906
        },
        {
            "jd": 2460044.0047569,
            "fid": 2,
            "diffmaglim": 19.554899215698242
        },
        {
            "jd": 2460044.0072338,
            "fid": 2,
            "diffmaglim": 19.715999603271484
        },
        {
            "jd": 2460044.9973843,
            "fid": 2,
            "diffmaglim": 19.802499771118164
        },
        {
            "jd": 2460044.9998727,
            "fid": 2,
            "diffmaglim": 19.73780059814453
        },
        {
            "jd": 2460045.0023495,
            "fid": 2,
            "diffmaglim": 19.878599166870117
        },
        {
            "jd": 2460045.0073032,
            "fid": 2,
            "diffmaglim": 19.926700592041016
        },
        {
            "jd": 2460045.996088,
            "fid": 2,
            "diffmaglim": 19.89579963684082
        },
        {
            "jd": 2460045.9985648,
            "fid": 2,
            "diffmaglim": 19.921100616455078
        },
        {
            "jd": 2460046.0010417,
            "fid": 2,
            "diffmaglim": 19.92180061340332
        },
        {
            "jd": 2460046.0035185,
            "fid": 2,
            "diffmaglim": 19.890300750732422
        },
        {
            "jd": 2460046.0059954,
            "fid": 2,
            "diffmaglim": 19.860599517822266
        },
        {
            "jd": 2460046.9937269,
            "fid": 2,
            "diffmaglim": 19.297500610351562
        },
        {
            "jd": 2460046.9961921,
            "fid": 2,
            "diffmaglim": 19.59830093383789
        },
        {
            "jd": 2460046.9986806,
            "fid": 2,
            "diffmaglim": 19.42490005493164
        },
        {
            "jd": 2460047.0011574,
            "fid": 2,
            "diffmaglim": 19.42060089111328
        },
        {
            "jd": 2460047.0036343,
            "fid": 2,
            "diffmaglim": 19.022600173950195
        },
        {
            "jd": 2460049.9913773,
            "fid": 2,
            "diffmaglim": 20.214799880981445
        },
        {
            "jd": 2460049.9938426,
            "fid": 2,
            "diffmaglim": 20.141399383544922
        },
        {
            "jd": 2460049.9963079,
            "fid": 2,
            "diffmaglim": 20.20330047607422
        },
        {
            "jd": 2460049.9987847,
            "fid": 2,
            "diffmaglim": 20.16790008544922
        },
        {
            "jd": 2460050.00125,
            "fid": 2,
            "diffmaglim": 20.169700622558594
        },
        {
            "jd": 2460050.9911921,
            "fid": 2,
            "diffmaglim": 20.150400161743164
        },
        {
            "jd": 2460050.9916667,
            "fid": 2,
            "diffmaglim": 20.243200302124023
        },
        {
            "jd": 2460050.9936574,
            "fid": 2,
            "diffmaglim": 20.199399948120117
        },
        {
            "jd": 2460050.9941435,
            "fid": 2,
            "diffmaglim": 20.243099212646484
        },
        {
            "jd": 2460050.9961343,
            "fid": 2,
            "diffmaglim": 20.175199508666992
        },
        {
            "jd": 2460050.9986111,
            "fid": 2,
            "diffmaglim": 20.195100784301758
        },
        {
            "jd": 2460051.0010764,
            "fid": 2,
            "diffmaglim": 20.114099502563477
        },
        {
            "jd": 2460051.9902431,
            "fid": 2,
            "diffmaglim": 19.878299713134766
        },
        {
            "jd": 2460051.9907176,
            "fid": 2,
            "diffmaglim": 19.906299591064453
        },
        {
            "jd": 2460051.9927199,
            "fid": 2,
            "diffmaglim": 20.09309959411621
        },
        {
            "jd": 2460051.9931829,
            "fid": 2,
            "diffmaglim": 20.083499908447266
        },
        {
            "jd": 2460051.9951852,
            "fid": 2,
            "diffmaglim": 20.131099700927734
        },
        {
            "jd": 2460051.9956597,
            "fid": 2,
            "diffmaglim": 20.06879997253418
        },
        {
            "jd": 2460051.998125,
            "fid": 2,
            "diffmaglim": 20.234699249267578
        },
        {
            "jd": 2460052.0001273,
            "fid": 2,
            "diffmaglim": 20.080799102783203
        },
        {
            "jd": 2460054.9860648,
            "fid": 2,
            "diffmaglim": 20.1653995513916
        },
        {
            "jd": 2460054.9865278,
            "fid": 2,
            "diffmaglim": 20.254499435424805
        },
        {
            "jd": 2460054.9885301,
            "fid": 2,
            "diffmaglim": 20.14299964904785
        },
        {
            "jd": 2460054.9890046,
            "fid": 2,
            "diffmaglim": 20.28860092163086
        },
        {
            "jd": 2460054.9934722,
            "fid": 2,
            "diffmaglim": 20.137800216674805
        },
        {
            "jd": 2460054.9939468,
            "fid": 2,
            "diffmaglim": 20.32200050354004
        },
        {
            "jd": 2460054.996412,
            "fid": 2,
            "diffmaglim": 20.141700744628906
        },
        {
            "jd": 2460055.9864468,
            "fid": 2,
            "diffmaglim": 20.04210090637207
        },
        {
            "jd": 2460055.9869213,
            "fid": 2,
            "diffmaglim": 20.105300903320312
        },
        {
            "jd": 2460055.9889005,
            "fid": 2,
            "diffmaglim": 20.135099411010742
        },
        {
            "jd": 2460055.989375,
            "fid": 2,
            "diffmaglim": 20.21500015258789
        },
        {
            "jd": 2460055.9913542,
            "fid": 2,
            "diffmaglim": 20.216899871826172
        },
        {
            "jd": 2460055.9918171,
            "fid": 2,
            "diffmaglim": 20.063800811767578
        },
        {
            "jd": 2460055.9938079,
            "fid": 2,
            "diffmaglim": 20.32469940185547
        },
        {
            "jd": 2460055.9942824,
            "fid": 2,
            "diffmaglim": 20.170000076293945
        },
        {
            "jd": 2460055.9962731,
            "fid": 2,
            "diffmaglim": 20.329299926757812
        }
    ],
    "forcedphot": []
}