{
    "objectId": "ZTF21aaabzdr",
    "candidates": [
        {
            "candid": 1461551813915015004,
            "jd": 2459216.0518171,
            "ra": 230.1359825,
            "dec": 11.9895767,
            "fid": 2,
            "nid": 1461,
            "magpsf": 18.536800384521484,
            "sigmapsf": 0.14934100210666656,
            "magnr": 17.531999588012695,
            "sigmagnr": 0.10400000214576721,
            "magzpsci": 26.279800415039062,
            "isdiffpos": "t",
            "ssdistnr": -999.0,
            "ssnamenr": "-999.0",
            "drb": null
        },
        {
            "candid": 1463489563915015003,
            "jd": 2459217.9895602,
            "ra": 230.1360021,
            "dec": 11.9896451,
            "fid": 2,
            "nid": 1463,
            "magpsf": 18.532699584960938,
            "sigmapsf": 0.09817100316286087,
            "magnr": 17.531999588012695,
            "sigmagnr": 0.10400000214576721,
            "magzpsci": 26.2106990814209,
            "isdiffpos": "t",
            "ssdistnr": -999.0,
            "ssnamenr": "null",
            "drb": 0.9999930262565613
        },
        {
            "candid": 1463538073915015003,
            "jd": 2459218.0380787,
            "ra": 230.1360608,
            "dec": 11.9897379,
            "fid": 1,
            "nid": 1463,
            "magpsf": 19.004499435424805,
            "sigmapsf": 0.1555120050907135,
            "magnr": 17.969999313354492,
            "sigmagnr": 0.08799999952316284,
            "magzpsci": 25.93549919128418,
            "isdiffpos": "t",
            "ssdistnr": -999.0,
            "ssnamenr": "null",
            "drb": 0.9999729990959167
        },
        {
            "candid": 1465490413915015006,
            "jd": 2459219.9904167,
            "ra": 230.136024,
            "dec": 11.9896771,
            "fid": 2,
            "nid": 1465,
            "magpsf": 18.484100341796875,
            "sigmapsf": 0.09063500165939331,
            "magnr": 17.531999588012695,
            "sigmagnr": 0.10400000214576721,
            "magzpsci": 26.23509979248047,
            "isdiffpos": "t",
            "ssdistnr": -999.0,
            "ssnamenr": "null",
            "drb": 1.0
        },
        {
            "candid": 1467497183915015001,
            "jd": 2459221.9971875,
            "ra": 230.135973,
            "dec": 11.9896926,
            "fid": 1,
            "nid": 1467,
            "magpsf": 18.81559944152832,
            "sigmapsf": 0.12471900135278702,
            "magnr": 17.969999313354492,
            "sigmagnr": 0.08799999952316284,
            "magzpsci": 26.09760093688965,
            "isdiffpos": "t",
            "ssdistnr": -999.0,
            "ssnamenr": "null",
            "drb": 0.9999960064888
        },
        {
            "candid": 1469518903915015006,
            "jd": 2459224.0189005,
            "ra": 230.1360471,
            "dec": 11.98967,
            "fid": 2,
            "nid": 1469,
            "magpsf": 18.386699676513672,
            "sigmapsf": 0.07545299828052521,
            "magnr": 17.531999588012695,
            "sigmagnr": 0.10400000214576721,
            "magzpsci": 26.293699264526367,
            "isdiffpos": "t",
            "ssdistnr": -999.0,
            "ssnamenr": "null",
            "drb": 1.0
        },
        {
            "candid": 1474495793915015008,
            "jd": 2459228.9957986,
            "ra": 230.135999,
            "dec": 11.9896959,
            "fid": 2,
            "nid": 1474,
            "magpsf": 18.576200485229492,
            "sigmapsf": 0.07062099874019623,
            "magnr": 17.531999588012695,
            "sigmagnr": 0.10400000214576721,
            "magzpsci": 26.272199630737305,
            "isdiffpos": "t",
            "ssdistnr": -999.0,
            "ssnamenr": "null",
            "drb": 1.0
        },
        {
            "candid": 1474516743915015006,
            "jd": 2459229.0167477,
            "ra": 230.1360156,
            "dec": 11.989701,
            "fid": 1,
            "nid": 1474,
            "magpsf": 19.454299926757812,
            "sigmapsf": 0.14215299487113953,
            "magnr": 17.969999313354492,
            "sigmagnr": 0.08799999952316284,
            "magzpsci": 26.264299392700195,
            "isdiffpos": "t",
            "ssdistnr": -999.0,
            "ssnamenr": "null",
            "drb": 0.9999970197677612
        },
        {
            "candid": 1477539373915015001,
            "jd": 2459232.039375,
            "ra": 230.136009,
            "dec": 11.9896811,
            "fid": 2,
            "nid": 1477,
            "magpsf": 18.63050079345703,
            "sigmapsf": 0.07264000177383423,
            "magnr": 17.531999588012695,
            "sigmagnr": 0.10400000214576721,
            "magzpsci": 26.32550048828125,
            "isdiffpos": "t",
            "ssdistnr": -999.0,
            "ssnamenr": "null",
            "drb": 1.0
        },
        {
            "candid": 1477556413915015009,
            "jd": 2459232.056412,
            "ra": 230.1360293,
            "dec": 11.9897144,
            "fid": 1,
            "nid": 1477,
            "magpsf": 19.73550033569336,
            "sigmapsf": 0.18328699469566345,
            "magnr": 17.969999313354492,
            "sigmagnr": 0.08799999952316284,
            "magzpsci": 26.33449935913086,
            "isdiffpos": "t",
            "ssdistnr": -999.0,
            "ssnamenr": "null",
            "drb": 0.9994879961013794
        },
        {
            "candid": 1494445383915015126,
            "jd": 2459248.9453819,
            "ra": 230.1360769,
            "dec": 11.9897388,
            "fid": 2,
            "nid": 1494,
            "magpsf": 19.718700408935547,
            "sigmapsf": 0.19299399852752686,
            "magnr": 17.531999588012695,
            "sigmagnr": 0.10400000214576721,
            "magzpsci": 26.24970054626465,
            "isdiffpos": "t",
            "ssdistnr": -999.0,
            "ssnamenr": "null",
            "drb": 0.9998850226402283
        },
        {
            "candid": 1498516053915015004,
            "jd": 2459253.0160532,
            "ra": 230.1360424,
            "dec": 11.9896825,
            "fid": 2,
            "nid": 1498,
            "magpsf": 19.713499069213867,
            "sigmapsf": 0.1594569981098175,
            "magnr": 17.531999588012695,
            "sigmagnr": 0.10400000214576721,
            "magzpsci": 26.33650016784668,
            "isdiffpos": "t",
            "ssdistnr": -999.0,
            "ssnamenr": "null",
            "drb": 1.0
        },
        {
            "candid": 1498526003915015009,
            "jd": 2459253.0260069,
            "ra": 230.1359882,
            "dec": 11.9896754,
            "fid": 1,
            "nid": 1498,
            "magpsf": 20.502599716186523,
            "sigmapsf": 0.21363599598407745,
            "magnr": 17.969999313354492,
            "sigmagnr": 0.08799999952316284,
            "magzpsci": 26.331600189208984,
            "isdiffpos": "t",
            "ssdistnr": -999.0,
            "ssnamenr": "null",
            "drb": 0.9998739957809448
        },
        {
            "candid": 1502427873915015008,
            "jd": 2459256.9278704,
            "ra": 230.1359882,
            "dec": 11.9896913,
            "fid": 2,
            "nid": 1502,
            "magpsf": 19.912809371948242,
            "sigmapsf": 0.16406899690628052,
            "magnr": 17.531999588012695,
            "sigmagnr": 0.10400000214576721,
            "magzpsci": 26.292800903320312,
            "isdiffpos": "t",
            "ssdistnr": -999.0,
            "ssnamenr": "null",
            "drb": null
        },
        {
            "jd": 2459193.05199,
            "fid": 2,
            "diffmaglim": 16.687000274658203
        },
        {
            "jd": 2459193.05669,
            "fid": 2,
            "diffmaglim": 17.18600082397461
        },
        {
            "jd": 2459193.06139,
            "fid": 2,
            "diffmaglim": 19.334999084472656
        },
        {
            "jd": 2459193.06609,
            "fid": 2,
            "diffmaglim": 17.726999282836914
        },
        {
            "jd": 2459194.05314,
            "fid": 2,
            "diffmaglim": 19.81599998474121
        },
        {
            "jd": 2459194.05785,
            "fid": 2,
            "diffmaglim": 19.716999053955078
        },
        {
            "jd": 2459194.06256,
            "fid": 2,
            "diffmaglim": 19.683000564575195
        },
        {
            "jd": 2459194.06727,
            "fid": 2,
            "diffmaglim": 19.2810001373291
        },
        {
            "jd": 2459195.0531,
            "fid": 2,
            "diffmaglim": 19.65399932861328
        },
        {
            "jd": 2459195.05785,
            "fid": 2,
            "diffmaglim": 19.76799964904785
        },
        {
            "jd": 2459195.06259,
            "fid": 2,
            "diffmaglim": 19.260000228881836
        },
        {
            "jd": 2459195.06734,
            "fid": 2,
            "diffmaglim": 19.35099983215332
        },
        {
            "jd": 2459196.05347,
            "fid": 2,
            "diffmaglim": 18.614999771118164
        },
        {
            "jd": 2459196.05823,
            "fid": 2,
            "diffmaglim": 19.23900032043457
        },
        {
            "jd": 2459196.06297,
            "fid": 2,
            "diffmaglim": 19.121999740600586
        },
        {
            "jd": 2459196.06773,
            "fid": 2,
            "diffmaglim": 18.992000579833984
        },
        {
            "jd": 2459197.05178,
            "fid": 2,
            "diffmaglim": 19.402999877929688
        },
        {
            "jd": 2459197.05648,
            "fid": 2,
            "diffmaglim": 19.54400062561035
        },
        {
            "jd": 2459197.06118,
            "fid": 2,
            "diffmaglim": 19.209999084472656
        },
        {
            "jd": 2459197.06589,
            "fid": 2,
            "diffmaglim": 19.024999618530273
        },
        {
            "jd": 2459197.07059,
            "fid": 2,
            "diffmaglim": 18.660999298095703
        },
        {
            "jd": 2459199.0553,
            "fid": 2,
            "diffmaglim": 19.63599967956543
        },
        {
            "jd": 2459199.06001,
            "fid": 2,
            "diffmaglim": 19.611000061035156
        },
        {
            "jd": 2459199.06472,
            "fid": 2,
            "diffmaglim": 19.409000396728516
        },
        {
            "jd": 2459199.06943,
            "fid": 2,
            "diffmaglim": 19.082000732421875
        },
        {
            "jd": 2459200.05638,
            "fid": 2,
            "diffmaglim": 19.51300048828125
        },
        {
            "jd": 2459200.06108,
            "fid": 2,
            "diffmaglim": 19.59000015258789
        },
        {
            "jd": 2459200.06579,
            "fid": 2,
            "diffmaglim": 19.538000106811523
        },
        {
            "jd": 2459200.07051,
            "fid": 2,
            "diffmaglim": 19.23900032043457
        },
        {
            "jd": 2459201.05675,
            "fid": 2,
            "diffmaglim": 19.160999298095703
        },
        {
            "jd": 2459201.06148,
            "fid": 2,
            "diffmaglim": 18.951000213623047
        },
        {
            "jd": 2459201.06622,
            "fid": 2,
            "diffmaglim": 18.083999633789062
        },
        {
            "jd": 2459201.07095,
            "fid": 2,
            "diffmaglim": 17.812000274658203
        },
        {
            "jd": 2459216.07716,
            "fid": 1,
            "diffmaglim": 18.610000610351562
        },
        {
            "jd": 2459225.99574,
            "fid": 1,
            "diffmaglim": 18.55900001525879
        },
        {
            "jd": 2459249.00366,
            "fid": 1,
            "diffmaglim": 19.826000213623047
        },
        {
            "jd": 2459250.92699,
            "fid": 2,
            "diffmaglim": 19.733999252319336
        },
        {
            "jd": 2459250.96478,
            "fid": 1,
            "diffmaglim": 19.726999282836914
        },
        {
            "jd": 2459254.92947,
            "fid": 2,
            "diffmaglim": 18.312000274658203
        }
    ],
    "forcedphot": []
}