{
    "objectId": "ZTF23abhyxpr",
    "candidates": [
        {
            "candid": 2468467215415015003,
            "jd": 2460222.9672106,
            "ra": 124.3480574,
            "dec": 21.6945804,
            "fid": 1,
            "nid": 2468,
            "magpsf": 17.951900482177734,
            "sigmapsf": 0.09356299787759781,
            "magnr": 20.034000396728516,
            "sigmagnr": 0.10700000077486038,
            "magzpsci": 26.239900588989258,
            "isdiffpos": "t",
            "ssdistnr": null,
            "ssnamenr": null,
            "drb": 0.9851224422454834
        },
        {
            "candid": 2478539135415015004,
            "jd": 2460233.0391319,
            "ra": 124.348018,
            "dec": 21.694637,
            "fid": 2,
            "nid": 2478,
            "magpsf": 16.96430015563965,
            "sigmapsf": 0.04659400135278702,
            "magnr": 19.558000564575195,
            "sigmagnr": 0.10999999940395355,
            "magzpsci": 26.273300170898438,
            "isdiffpos": "t",
            "ssdistnr": null,
            "ssnamenr": null,
            "drb": null
        },
        {
            "candid": 2487453125415015001,
            "jd": 2460241.953125,
            "ra": 124.3480767,
            "dec": 21.6945993,
            "fid": 1,
            "nid": 2487,
            "magpsf": 17.672399520874023,
            "sigmapsf": 0.059126999229192734,
            "magnr": 20.034000396728516,
            "sigmagnr": 0.10700000077486038,
            "magzpsci": 26.27440071105957,
            "isdiffpos": "t",
            "ssdistnr": null,
            "ssnamenr": null,
            "drb": null
        },
        {
            "candid": 2491504575415015003,
            "jd": 2460246.0045718,
            "ra": 124.3480102,
            "dec": 21.6946007,
            "fid": 2,
            "nid": 2491,
            "magpsf": 17.27549934387207,
            "sigmapsf": 0.053036000579595566,
            "magnr": 19.558000564575195,
            "sigmagnr": 0.10999999940395355,
            "magzpsci": 26.295499801635742,
            "isdiffpos": "t",
            "ssdistnr": null,
            "ssnamenr": null,
            "drb": null
        },
        {
            "candid": 2494489585415015000,
            "jd": 2460248.9895833,
            "ra": 124.3480145,
            "dec": 21.6946024,
            "fid": 2,
            "nid": 2494,
            "magpsf": 17.41830062866211,
            "sigmapsf": 0.2207760065793991,
            "magnr": 19.558000564575195,
            "sigmagnr": 0.10999999940395355,
            "magzpsci": 26.295299530029297,
            "isdiffpos": "t",
            "ssdistnr": null,
            "ssnamenr": null,
            "drb": null
        },
        {
            "candid": 2504463345415015000,
            "jd": 2460258.9633449,
            "ra": 124.3480424,
            "dec": 21.6946175,
            "fid": 2,
            "nid": 2504,
            "magpsf": 17.943500518798828,
            "sigmapsf": 0.19746699929237366,
            "magnr": 19.558000564575195,
            "sigmagnr": 0.10999999940395355,
            "magzpsci": 26.27549934387207,
            "isdiffpos": "t",
            "ssdistnr": null,
            "ssnamenr": null,
            "drb": null
        },
        {
            "candid": 2506394645415015002,
            "jd": 2460260.8946412,
            "ra": 124.3479884,
            "dec": 21.6946134,
            "fid": 2,
            "nid": 2506,
            "magpsf": 17.949499130249023,
            "sigmapsf": 0.06623800098896027,
            "magnr": 19.558000564575195,
            "sigmagnr": 0.10999999940395355,
            "magzpsci": 26.25349998474121,
            "isdiffpos": "t",
            "ssdistnr": null,
            "ssnamenr": null,
            "drb": null
        },
        {
            "candid": 2508437155415015006,
            "jd": 2460262.9371528,
            "ra": 124.3479998,
            "dec": 21.6945957,
            "fid": 1,
            "nid": 2508,
            "magpsf": 19.270544052124023,
            "sigmapsf": 0.16627280414104462,
            "magnr": 20.034000396728516,
            "sigmagnr": 0.10700000077486038,
            "magzpsci": 26.34654426574707,
            "isdiffpos": "t",
            "ssdistnr": -999.0,
            "ssnamenr": "null",
            "drb": null
        },
        {
            "candid": 2537378775415015002,
            "jd": 2460291.8787731,
            "ra": 124.3480382,
            "dec": 21.6945902,
            "fid": 2,
            "nid": 2537,
            "magpsf": 18.527000427246094,
            "sigmapsf": 0.21937699615955353,
            "magnr": 19.558000564575195,
            "sigmagnr": 0.10999999940395355,
            "magzpsci": 26.277000427246094,
            "isdiffpos": "t",
            "ssdistnr": null,
            "ssnamenr": null,
            "drb": null
        },
        {
            "candid": 2538502675415015003,
            "jd": 2460293.0026736,
            "ra": 124.3480015,
            "dec": 21.694601,
            "fid": 1,
            "nid": 2538,
            "magpsf": 19.73859977722168,
            "sigmapsf": 0.11839299649000168,
            "magnr": 20.034000396728516,
            "sigmagnr": 0.10700000077486038,
            "magzpsci": 27.550600051879883,
            "isdiffpos": "t",
            "ssdistnr": null,
            "ssnamenr": null,
            "drb": null
        },
        {
            "candid": 2538540875415015003,
            "jd": 2460293.0408796,
            "ra": 124.3480287,
            "dec": 21.6946392,
            "fid": 1,
            "nid": 2538,
            "magpsf": 19.680599212646484,
            "sigmapsf": 0.11631400138139725,
            "magnr": 20.034000396728516,
            "sigmagnr": 0.10700000077486038,
            "magzpsci": 27.535600662231445,
            "isdiffpos": "t",
            "ssdistnr": null,
            "ssnamenr": null,
            "drb": null
        },
        {
            "candid": 2539359755415015003,
            "jd": 2460293.8597569,
            "ra": 124.3480663,
            "dec": 21.6946233,
            "fid": 1,
            "nid": 2539,
            "magpsf": 19.69729995727539,
            "sigmapsf": 0.1361590027809143,
            "magnr": 20.034000396728516,
            "sigmagnr": 0.10700000077486038,
            "magzpsci": 27.42930030822754,
            "isdiffpos": "t",
            "ssdistnr": null,
            "ssnamenr": null,
            "drb": null
        },
        {
            "candid": 2539414835415015004,
            "jd": 2460293.914838,
            "ra": 124.3480261,
            "dec": 21.6946262,
            "fid": 2,
            "nid": 2539,
            "magpsf": 18.37019920349121,
            "sigmapsf": 0.26937898993492126,
            "magnr": 19.558000564575195,
            "sigmagnr": 0.10999999940395355,
            "magzpsci": 27.37820053100586,
            "isdiffpos": "t",
            "ssdistnr": null,
            "ssnamenr": null,
            "drb": null
        },
        {
            "candid": 2539481585415015004,
            "jd": 2460293.9815856,
            "ra": 124.3480408,
            "dec": 21.6946014,
            "fid": 1,
            "nid": 2539,
            "magpsf": 19.615100860595703,
            "sigmapsf": 0.10032200068235397,
            "magnr": 20.034000396728516,
            "sigmagnr": 0.10700000077486038,
            "magzpsci": 27.508100509643555,
            "isdiffpos": "t",
            "ssdistnr": null,
            "ssnamenr": null,
            "drb": null
        },
        {
            "candid": 2539541845415015005,
            "jd": 2460294.0418403,
            "ra": 124.3480231,
            "dec": 21.6946289,
            "fid": 1,
            "nid": 2539,
            "magpsf": 19.788991928100586,
            "sigmapsf": 0.11248821020126343,
            "magnr": 20.034000396728516,
            "sigmagnr": 0.10700000077486038,
            "magzpsci": 27.46299171447754,
            "isdiffpos": "t",
            "ssdistnr": -999.0,
            "ssnamenr": "null",
            "drb": null
        },
        {
            "jd": 2460193.0085648,
            "fid": 2,
            "diffmaglim": 19.372499465942383
        },
        {
            "jd": 2460193.0109838,
            "fid": 2,
            "diffmaglim": 19.364900588989258
        },
        {
            "jd": 2460193.0134144,
            "fid": 2,
            "diffmaglim": 19.444900512695312
        },
        {
            "jd": 2460193.0158449,
            "fid": 2,
            "diffmaglim": 19.157400131225586
        },
        {
            "jd": 2460193.0182755,
            "fid": 2,
            "diffmaglim": 18.86870002746582
        },
        {
            "jd": 2460195.0089815,
            "fid": 2,
            "diffmaglim": 19.642900466918945
        },
        {
            "jd": 2460195.0114236,
            "fid": 2,
            "diffmaglim": 19.519500732421875
        },
        {
            "jd": 2460195.0138657,
            "fid": 2,
            "diffmaglim": 19.479000091552734
        },
        {
            "jd": 2460195.0163079,
            "fid": 2,
            "diffmaglim": 19.290800094604492
        },
        {
            "jd": 2460195.01875,
            "fid": 2,
            "diffmaglim": 19.201499938964844
        },
        {
            "jd": 2460196.0087269,
            "fid": 2,
            "diffmaglim": 19.590099334716797
        },
        {
            "jd": 2460196.0111227,
            "fid": 2,
            "diffmaglim": 19.646699905395508
        },
        {
            "jd": 2460196.0135185,
            "fid": 2,
            "diffmaglim": 19.54129981994629
        },
        {
            "jd": 2460196.0159144,
            "fid": 2,
            "diffmaglim": 19.46739959716797
        },
        {
            "jd": 2460196.0183102,
            "fid": 2,
            "diffmaglim": 19.342500686645508
        },
        {
            "jd": 2460201.0007407,
            "fid": 2,
            "diffmaglim": 20.089799880981445
        },
        {
            "jd": 2460201.0032176,
            "fid": 2,
            "diffmaglim": 20.18600082397461
        },
        {
            "jd": 2460201.0057292,
            "fid": 2,
            "diffmaglim": 20.09709930419922
        },
        {
            "jd": 2460201.008206,
            "fid": 2,
            "diffmaglim": 20.156200408935547
        },
        {
            "jd": 2460201.0106944,
            "fid": 2,
            "diffmaglim": 20.007400512695312
        },
        {
            "jd": 2460202.0016898,
            "fid": 2,
            "diffmaglim": 19.74020004272461
        },
        {
            "jd": 2460202.0041088,
            "fid": 2,
            "diffmaglim": 19.9414005279541
        },
        {
            "jd": 2460202.0065394,
            "fid": 2,
            "diffmaglim": 20.109399795532227
        },
        {
            "jd": 2460202.0089699,
            "fid": 2,
            "diffmaglim": 20.07659912109375
        },
        {
            "jd": 2460202.0114005,
            "fid": 2,
            "diffmaglim": 19.949100494384766
        },
        {
            "jd": 2460203.0015625,
            "fid": 2,
            "diffmaglim": 19.880699157714844
        },
        {
            "jd": 2460203.0039931,
            "fid": 2,
            "diffmaglim": 20.01849937438965
        },
        {
            "jd": 2460203.0064236,
            "fid": 2,
            "diffmaglim": 20.129100799560547
        },
        {
            "jd": 2460203.0088542,
            "fid": 2,
            "diffmaglim": 20.095399856567383
        },
        {
            "jd": 2460203.0112731,
            "fid": 2,
            "diffmaglim": 20.043699264526367
        },
        {
            "jd": 2460204.0009144,
            "fid": 2,
            "diffmaglim": 19.700899124145508
        },
        {
            "jd": 2460204.0033796,
            "fid": 2,
            "diffmaglim": 19.749099731445312
        },
        {
            "jd": 2460204.0058449,
            "fid": 2,
            "diffmaglim": 19.94339942932129
        },
        {
            "jd": 2460204.0083102,
            "fid": 2,
            "diffmaglim": 19.74020004272461
        },
        {
            "jd": 2460204.010787,
            "fid": 2,
            "diffmaglim": 20.06719970703125
        },
        {
            "jd": 2460205.0042361,
            "fid": 2,
            "diffmaglim": 20.25749969482422
        },
        {
            "jd": 2460205.0067824,
            "fid": 2,
            "diffmaglim": 20.30929946899414
        },
        {
            "jd": 2460205.0093287,
            "fid": 2,
            "diffmaglim": 20.329099655151367
        },
        {
            "jd": 2460205.011875,
            "fid": 2,
            "diffmaglim": 20.1968994140625
        },
        {
            "jd": 2460205.014456,
            "fid": 2,
            "diffmaglim": 20.24839973449707
        },
        {
            "jd": 2460220.9461574,
            "fid": 1,
            "diffmaglim": 19.03459930419922
        },
        {
            "jd": 2460220.9966667,
            "fid": 2,
            "diffmaglim": 19.53260040283203
        },
        {
            "jd": 2460222.9870486,
            "fid": 2,
            "diffmaglim": 19.4822998046875
        },
        {
            "jd": 2460229.943912,
            "fid": 1,
            "diffmaglim": 19.379499435424805
        },
        {
            "jd": 2460229.9984954,
            "fid": 2,
            "diffmaglim": 19.61639976501465
        },
        {
            "jd": 2460232.9512269,
            "fid": 1,
            "diffmaglim": 20.25670051574707
        },
        {
            "jd": 2460235.9417824,
            "fid": 2,
            "diffmaglim": 20.156200408935547
        },
        {
            "jd": 2460235.9951273,
            "fid": 1,
            "diffmaglim": 20.41230010986328
        },
        {
            "jd": 2460237.970162,
            "fid": 1,
            "diffmaglim": 20.524700164794922
        },
        {
            "jd": 2460242.0052315,
            "fid": 2,
            "diffmaglim": 20.01140022277832
        },
        {
            "jd": 2460245.9696065,
            "fid": 1,
            "diffmaglim": 19.334800720214844
        },
        {
            "jd": 2460249.0163426,
            "fid": 1,
            "diffmaglim": 19.167299270629883
        },
        {
            "jd": 2460254.8782523,
            "fid": 1,
            "diffmaglim": 19.874000549316406
        },
        {
            "jd": 2460258.9054051,
            "fid": 1,
            "diffmaglim": 20.187599182128906
        },
        {
            "jd": 2460260.9757407,
            "fid": 1,
            "diffmaglim": 20.21179962158203
        },
        {
            "jd": 2460287.8310301,
            "fid": 2,
            "diffmaglim": 19.820100784301758
        },
        {
            "jd": 2460287.8954282,
            "fid": 1,
            "diffmaglim": 20.458999633789062
        },
        {
            "jd": 2460289.8384144,
            "fid": 2,
            "diffmaglim": 18.28809928894043
        },
        {
            "jd": 2460289.878206,
            "fid": 1,
            "diffmaglim": 20.181400299072266
        },
        {
            "jd": 2460291.9150579,
            "fid": 1,
            "diffmaglim": 20.343399047851562
        },
        {
            "jd": 2460292.8817824,
            "fid": 2,
            "diffmaglim": 20.634300231933594
        },
        {
            "jd": 2460292.9230787,
            "fid": 1,
            "diffmaglim": 20.834299087524414
        }
    ],
    "forcedphot": [
        {
            "objectid": "ZTF23abhyxpr",
            "jd": 2460220.9461574,
            "ranr": 124.3474065,
            "decnr": 21.6937784,
            "fid": 1,
            "forcediffimflux": 843.3048706054688,
            "forcediffimfluxunc": 107.5058364868164,
            "magzpsci": 26.075199127197266
        },
        {
            "objectid": "ZTF23abhyxpr",
            "jd": 2460220.9966667,
            "ranr": 124.3483852,
            "decnr": 21.6944421,
            "fid": 2,
            "forcediffimflux": 1283.494873046875,
            "forcediffimfluxunc": 66.53363037109375,
            "magzpsci": 26.222700119018555
        },
        {
            "objectid": "ZTF23abhyxpr",
            "jd": 2460222.9672106,
            "ranr": 124.3474065,
            "decnr": 21.6937784,
            "fid": 1,
            "forcediffimflux": 1885.9188232421875,
            "forcediffimfluxunc": 105.83932495117188,
            "magzpsci": 26.239900588989258
        },
        {
            "objectid": "ZTF23abhyxpr",
            "jd": 2460222.9870486,
            "ranr": 124.3483852,
            "decnr": 21.6944421,
            "fid": 2,
            "forcediffimflux": 1790.8045654296875,
            "forcediffimfluxunc": 60.62464904785156,
            "magzpsci": 26.241300582885742
        },
        {
            "objectid": "ZTF23abhyxpr",
            "jd": 2460229.943912,
            "ranr": 124.3474065,
            "decnr": 21.6937784,
            "fid": 1,
            "forcediffimflux": 4325.6123046875,
            "forcediffimfluxunc": 123.52552795410156,
            "magzpsci": 26.234100341796875
        },
        {
            "objectid": "ZTF23abhyxpr",
            "jd": 2460229.9984954,
            "ranr": 124.3483852,
            "decnr": 21.6944421,
            "fid": 2,
            "forcediffimflux": 3522.345458984375,
            "forcediffimfluxunc": 72.16022491455078,
            "magzpsci": 26.252300262451172
        },
        {
            "objectid": "ZTF23abhyxpr",
            "jd": 2460232.9512269,
            "ranr": 124.3474065,
            "decnr": 21.6937784,
            "fid": 1,
            "forcediffimflux": 4460.39501953125,
            "forcediffimfluxunc": 62.87580108642578,
            "magzpsci": 26.255199432373047
        },
        {
            "objectid": "ZTF23abhyxpr",
            "jd": 2460233.0391319,
            "ranr": 124.3483852,
            "decnr": 21.6944421,
            "fid": 2,
            "forcediffimflux": 5457.90380859375,
            "forcediffimfluxunc": 64.61659240722656,
            "magzpsci": 26.273300170898438
        },
        {
            "objectid": "ZTF23abhyxpr",
            "jd": 2460235.9417824,
            "ranr": 124.3483852,
            "decnr": 21.6944421,
            "fid": 2,
            "forcediffimflux": 4330.29150390625,
            "forcediffimfluxunc": 51.993896484375,
            "magzpsci": 26.238800048828125
        },
        {
            "objectid": "ZTF23abhyxpr",
            "jd": 2460235.9951273,
            "ranr": 124.3474065,
            "decnr": 21.6937784,
            "fid": 1,
            "forcediffimflux": 4449.044921875,
            "forcediffimfluxunc": 54.63344955444336,
            "magzpsci": 26.33810043334961
        },
        {
            "objectid": "ZTF23abhyxpr",
            "jd": 2460237.970162,
            "ranr": 124.3474065,
            "decnr": 21.6937784,
            "fid": 1,
            "forcediffimflux": 3990.14501953125,
            "forcediffimfluxunc": 53.33456039428711,
            "magzpsci": 26.28820037841797
        },
        {
            "objectid": "ZTF23abhyxpr",
            "jd": 2460241.953125,
            "ranr": 124.3474065,
            "decnr": 21.6937784,
            "fid": 1,
            "forcediffimflux": 2606.547119140625,
            "forcediffimfluxunc": 59.530189514160156,
            "magzpsci": 26.27440071105957
        },
        {
            "objectid": "ZTF23abhyxpr",
            "jd": 2460242.0052315,
            "ranr": 124.3483852,
            "decnr": 21.6944421,
            "fid": 2,
            "forcediffimflux": 3551.20263671875,
            "forcediffimfluxunc": 54.25593566894531,
            "magzpsci": 26.260700225830078
        },
        {
            "objectid": "ZTF23abhyxpr",
            "jd": 2460245.9696065,
            "ranr": 124.3474065,
            "decnr": 21.6937784,
            "fid": 1,
            "forcediffimflux": 1778.657470703125,
            "forcediffimfluxunc": 105.60420989990234,
            "magzpsci": 26.340200424194336
        },
        {
            "objectid": "ZTF23abhyxpr",
            "jd": 2460246.0045718,
            "ranr": 124.3483852,
            "decnr": 21.6944421,
            "fid": 2,
            "forcediffimflux": 3635.514892578125,
            "forcediffimfluxunc": 76.15835571289062,
            "magzpsci": 26.295499801635742
        },
        {
            "objectid": "ZTF23abhyxpr",
            "jd": 2460248.9895833,
            "ranr": 124.3483852,
            "decnr": 21.6944421,
            "fid": 2,
            "forcediffimflux": 2790.343017578125,
            "forcediffimfluxunc": 70.64832305908203,
            "magzpsci": 26.295299530029297
        },
        {
            "objectid": "ZTF23abhyxpr",
            "jd": 2460249.0163426,
            "ranr": 124.3474065,
            "decnr": 21.6937784,
            "fid": 1,
            "forcediffimflux": 1286.35107421875,
            "forcediffimfluxunc": 122.99970245361328,
            "magzpsci": 26.360700607299805
        },
        {
            "objectid": "ZTF23abhyxpr",
            "jd": 2460254.8782523,
            "ranr": 124.3474065,
            "decnr": 21.6937784,
            "fid": 1,
            "forcediffimflux": 932.2672119140625,
            "forcediffimfluxunc": 67.68729400634766,
            "magzpsci": 26.260000228881836
        },
        {
            "objectid": "ZTF23abhyxpr",
            "jd": 2460258.9054051,
            "ranr": 124.3474065,
            "decnr": 21.6937784,
            "fid": 1,
            "forcediffimflux": 703.6522216796875,
            "forcediffimfluxunc": 46.45167541503906,
            "magzpsci": 26.28730010986328
        },
        {
            "objectid": "ZTF23abhyxpr",
            "jd": 2460258.9633449,
            "ranr": 124.3483852,
            "decnr": 21.6944421,
            "fid": 2,
            "forcediffimflux": 1943.5867919921875,
            "forcediffimfluxunc": 42.81591033935547,
            "magzpsci": 26.27549934387207
        },
        {
            "objectid": "ZTF23abhyxpr",
            "jd": 2460260.8946412,
            "ranr": 124.3483852,
            "decnr": 21.6944421,
            "fid": 2,
            "forcediffimflux": 2002.06298828125,
            "forcediffimfluxunc": 39.75286102294922,
            "magzpsci": 26.25349998474121
        },
        {
            "objectid": "ZTF23abhyxpr",
            "jd": 2460260.9757407,
            "ranr": 124.3474065,
            "decnr": 21.6937784,
            "fid": 1,
            "forcediffimflux": 774.9905395507812,
            "forcediffimfluxunc": 52.74906921386719,
            "magzpsci": 26.352399826049805
        },
        {
            "objectid": "ZTF23abhyxpr",
            "jd": 2460287.8310301,
            "ranr": 124.3483852,
            "decnr": 21.6944421,
            "fid": 2,
            "forcediffimflux": 880.7779541015625,
            "forcediffimfluxunc": 49.78539276123047,
            "magzpsci": 26.257999420166016
        },
        {
            "objectid": "ZTF23abhyxpr",
            "jd": 2460287.8954282,
            "ranr": 124.3474065,
            "decnr": 21.6937784,
            "fid": 1,
            "forcediffimflux": 505.87628173828125,
            "forcediffimfluxunc": 43.26611328125,
            "magzpsci": 26.358200073242188
        },
        {
            "objectid": "ZTF23abhyxpr",
            "jd": 2460289.878206,
            "ranr": 124.3474065,
            "decnr": 21.6937784,
            "fid": 1,
            "forcediffimflux": 331.9298095703125,
            "forcediffimfluxunc": 48.69045639038086,
            "magzpsci": 26.100799560546875
        },
        {
            "objectid": "ZTF23abhyxpr",
            "jd": 2460291.8787731,
            "ranr": 124.3483852,
            "decnr": 21.6944421,
            "fid": 2,
            "forcediffimflux": 951.7195434570312,
            "forcediffimfluxunc": 40.55575942993164,
            "magzpsci": 26.277000427246094
        },
        {
            "objectid": "ZTF23abhyxpr",
            "jd": 2460291.9150579,
            "ranr": 124.3474065,
            "decnr": 21.6937784,
            "fid": 1,
            "forcediffimflux": 437.9915771484375,
            "forcediffimfluxunc": 57.79756164550781,
            "magzpsci": 26.354700088500977
        },
        {
            "objectid": "ZTF23abhyxpr",
            "jd": 2460292.8817824,
            "ranr": 124.3483852,
            "decnr": 21.6944421,
            "fid": 2,
            "forcediffimflux": 2927.456787109375,
            "forcediffimfluxunc": 78.29249572753906,
            "magzpsci": 27.471200942993164
        },
        {
            "objectid": "ZTF23abhyxpr",
            "jd": 2460292.9230787,
            "ranr": 124.3474065,
            "decnr": 21.6937784,
            "fid": 1,
            "forcediffimflux": 1444.9017333984375,
            "forcediffimfluxunc": 99.28713989257812,
            "magzpsci": 27.500999450683594
        },
        {
            "objectid": "ZTF23abhyxpr",
            "jd": 2460293.0026736,
            "ranr": 124.3474065,
            "decnr": 21.6937784,
            "fid": 1,
            "forcediffimflux": 1302.661865234375,
            "forcediffimfluxunc": 174.40682983398438,
            "magzpsci": 27.550600051879883
        },
        {
            "objectid": "ZTF23abhyxpr",
            "jd": 2460293.0408796,
            "ranr": 124.3474065,
            "decnr": 21.6937784,
            "fid": 1,
            "forcediffimflux": 1444.434814453125,
            "forcediffimfluxunc": 134.2347412109375,
            "magzpsci": 27.535600662231445
        },
        {
            "objectid": "ZTF23abhyxpr",
            "jd": 2460293.8597569,
            "ranr": 124.3474065,
            "decnr": 21.6937784,
            "fid": 1,
            "forcediffimflux": 1148.921142578125,
            "forcediffimfluxunc": 85.9576187133789,
            "magzpsci": 27.42930030822754
        },
        {
            "objectid": "ZTF23abhyxpr",
            "jd": 2460293.914838,
            "ranr": 124.3483852,
            "decnr": 21.6944421,
            "fid": 2,
            "forcediffimflux": 2856.39404296875,
            "forcediffimfluxunc": 95.059814453125,
            "magzpsci": 27.37820053100586
        },
        {
            "objectid": "ZTF23abhyxpr",
            "jd": 2460293.9815856,
            "ranr": 124.3474065,
            "decnr": 21.6937784,
            "fid": 1,
            "forcediffimflux": 1393.2161865234375,
            "forcediffimfluxunc": 99.47279357910156,
            "magzpsci": 27.508100509643555
        }
    ]
}