{
    "objectId": "ZTF21aanvncv",
    "candidates": [
        {
            "candid": 1521336451215015005,
            "jd": 2459275.8364583,
            "ra": 171.1030517,
            "dec": 23.6495292,
            "fid": 2,
            "nid": 1521,
            "magpsf": 19.771299362182617,
            "sigmapsf": 0.20661300420761108,
            "magnr": 18.447999954223633,
            "sigmagnr": 0.12099999934434891,
            "magzpsci": 26.28730010986328,
            "isdiffpos": "t",
            "ssdistnr": null,
            "ssnamenr": null,
            "drb": 0.9995539784431458
        },
        {
            "candid": 1524425561215015009,
            "jd": 2459278.9255671,
            "ra": 171.1029893,
            "dec": 23.6495701,
            "fid": 2,
            "nid": 1524,
            "magpsf": 19.054500579833984,
            "sigmapsf": 0.10058499872684479,
            "magnr": 18.447999954223633,
            "sigmagnr": 0.12099999934434891,
            "magzpsci": 26.276500701904297,
            "isdiffpos": "t",
            "ssdistnr": null,
            "ssnamenr": null,
            "drb": null
        },
        {
            "candid": 1527291111215015009,
            "jd": 2459281.7911111,
            "ra": 171.1029972,
            "dec": 23.6496031,
            "fid": 2,
            "nid": 1527,
            "magpsf": 18.651100158691406,
            "sigmapsf": 0.06997299939393997,
            "magnr": 18.447999954223633,
            "sigmagnr": 0.12099999934434891,
            "magzpsci": 26.282100677490234,
            "isdiffpos": "t",
            "ssdistnr": null,
            "ssnamenr": null,
            "drb": null
        },
        {
            "candid": 1537286781215015014,
            "jd": 2459291.7867824,
            "ra": 171.1029936,
            "dec": 23.6496114,
            "fid": 1,
            "nid": 1537,
            "magpsf": 18.768800735473633,
            "sigmapsf": 0.06431899964809418,
            "magnr": 18.89900016784668,
            "sigmagnr": 0.10400000214576721,
            "magzpsci": 26.38279914855957,
            "isdiffpos": "t",
            "ssdistnr": null,
            "ssnamenr": null,
            "drb": null
        },
        {
            "candid": 1537337071215015040,
            "jd": 2459291.8370718,
            "ra": 171.1029768,
            "dec": 23.6495925,
            "fid": 2,
            "nid": 1537,
            "magpsf": 18.126800537109375,
            "sigmapsf": 0.04771500080823898,
            "magnr": 18.447999954223633,
            "sigmagnr": 0.12099999934434891,
            "magzpsci": 26.286800384521484,
            "isdiffpos": "t",
            "ssdistnr": null,
            "ssnamenr": null,
            "drb": null
        },
        {
            "candid": 1539236771215015008,
            "jd": 2459293.7367708,
            "ra": 171.1029695,
            "dec": 23.6496191,
            "fid": 2,
            "nid": 1539,
            "magpsf": 18.14929962158203,
            "sigmapsf": 0.059526000171899796,
            "magnr": 18.447999954223633,
            "sigmagnr": 0.12099999934434891,
            "magzpsci": 26.286300659179688,
            "isdiffpos": "t",
            "ssdistnr": null,
            "ssnamenr": null,
            "drb": null
        },
        {
            "candid": 1539297171215015012,
            "jd": 2459293.7971759,
            "ra": 171.1029834,
            "dec": 23.6496027,
            "fid": 1,
            "nid": 1539,
            "magpsf": 18.867599487304688,
            "sigmapsf": 0.08423800021409988,
            "magnr": 18.89900016784668,
            "sigmagnr": 0.10400000214576721,
            "magzpsci": 26.397600173950195,
            "isdiffpos": "t",
            "ssdistnr": null,
            "ssnamenr": null,
            "drb": null
        },
        {
            "candid": 1542317731215015007,
            "jd": 2459296.8177315,
            "ra": 171.103043,
            "dec": 23.6495293,
            "fid": 1,
            "nid": 1542,
            "magpsf": 19.166900634765625,
            "sigmapsf": 0.14952799677848816,
            "magnr": 18.89900016784668,
            "sigmagnr": 0.10400000214576721,
            "magzpsci": 26.341899871826172,
            "isdiffpos": "t",
            "ssdistnr": null,
            "ssnamenr": null,
            "drb": null
        },
        {
            "candid": 1542361081215015006,
            "jd": 2459296.861088,
            "ra": 171.1030185,
            "dec": 23.6495663,
            "fid": 2,
            "nid": 1542,
            "magpsf": 18.301599502563477,
            "sigmapsf": 0.08220600336790085,
            "magnr": 18.447999954223633,
            "sigmagnr": 0.12099999934434891,
            "magzpsci": 26.213600158691406,
            "isdiffpos": "t",
            "ssdistnr": null,
            "ssnamenr": null,
            "drb": null
        },
        {
            "candid": 1548263211215015002,
            "jd": 2459302.7632176,
            "ra": 171.1029564,
            "dec": 23.649608,
            "fid": 2,
            "nid": 1548,
            "magpsf": 18.517799377441406,
            "sigmapsf": 0.0894090011715889,
            "magnr": 18.447999954223633,
            "sigmagnr": 0.12099999934434891,
            "magzpsci": 26.24679946899414,
            "isdiffpos": "t",
            "ssdistnr": null,
            "ssnamenr": null,
            "drb": null
        },
        {
            "candid": 1550235901215015001,
            "jd": 2459304.7359028,
            "ra": 171.1030748,
            "dec": 23.6496633,
            "fid": 1,
            "nid": 1550,
            "magpsf": 19.781299591064453,
            "sigmapsf": 0.20510099828243256,
            "magnr": 18.89900016784668,
            "sigmagnr": 0.10400000214576721,
            "magzpsci": 26.318300247192383,
            "isdiffpos": "t",
            "ssdistnr": null,
            "ssnamenr": null,
            "drb": null
        },
        {
            "candid": 1550277081215015008,
            "jd": 2459304.7770833,
            "ra": 171.1030015,
            "dec": 23.6495822,
            "fid": 2,
            "nid": 1550,
            "magpsf": 18.58169937133789,
            "sigmapsf": 0.11015599966049194,
            "magnr": 18.447999954223633,
            "sigmagnr": 0.12099999934434891,
            "magzpsci": 26.222700119018555,
            "isdiffpos": "t",
            "ssdistnr": null,
            "ssnamenr": null,
            "drb": null
        },
        {
            "candid": 1553245431215015012,
            "jd": 2459307.7454398,
            "ra": 171.1029608,
            "dec": 23.6495975,
            "fid": 2,
            "nid": 1553,
            "magpsf": 18.696300506591797,
            "sigmapsf": 0.07140699774026871,
            "magnr": 18.447999954223633,
            "sigmagnr": 0.12099999934434891,
            "magzpsci": 26.238300323486328,
            "isdiffpos": "t",
            "ssdistnr": null,
            "ssnamenr": null,
            "drb": null
        },
        {
            "candid": 1553309281215015015,
            "jd": 2459307.8092824,
            "ra": 171.1029653,
            "dec": 23.6496229,
            "fid": 1,
            "nid": 1553,
            "magpsf": 19.990400314331055,
            "sigmapsf": 0.14072899520397186,
            "magnr": 18.89900016784668,
            "sigmagnr": 0.10400000214576721,
            "magzpsci": 26.396400451660156,
            "isdiffpos": "t",
            "ssdistnr": null,
            "ssnamenr": null,
            "drb": null
        },
        {
            "candid": 1555194651215015009,
            "jd": 2459309.6946528,
            "ra": 171.1029478,
            "dec": 23.6496171,
            "fid": 1,
            "nid": 1555,
            "magpsf": 19.901500701904297,
            "sigmapsf": 0.12849199771881104,
            "magnr": 18.89900016784668,
            "sigmagnr": 0.10400000214576721,
            "magzpsci": 26.368499755859375,
            "isdiffpos": "t",
            "ssdistnr": null,
            "ssnamenr": null,
            "drb": null
        },
        {
            "candid": 1555254221215015005,
            "jd": 2459309.7542245,
            "ra": 171.1029664,
            "dec": 23.6496435,
            "fid": 2,
            "nid": 1555,
            "magpsf": 18.771299362182617,
            "sigmapsf": 0.0829629972577095,
            "magnr": 18.447999954223633,
            "sigmagnr": 0.12099999934434891,
            "magzpsci": 26.122299194335938,
            "isdiffpos": "t",
            "ssdistnr": null,
            "ssnamenr": null,
            "drb": null
        },
        {
            "candid": 1557173281215015005,
            "jd": 2459311.673287,
            "ra": 171.1029539,
            "dec": 23.6496203,
            "fid": 2,
            "nid": 1557,
            "magpsf": 18.86549949645996,
            "sigmapsf": 0.08266700059175491,
            "magnr": 18.447999954223633,
            "sigmagnr": 0.12099999934434891,
            "magzpsci": 26.160499572753906,
            "isdiffpos": "t",
            "ssdistnr": null,
            "ssnamenr": null,
            "drb": null
        },
        {
            "candid": 1557214211215015005,
            "jd": 2459311.714213,
            "ra": 171.1029773,
            "dec": 23.6496026,
            "fid": 1,
            "nid": 1557,
            "magpsf": 19.912900924682617,
            "sigmapsf": 0.1445769965648651,
            "magnr": 18.89900016784668,
            "sigmagnr": 0.10400000214576721,
            "magzpsci": 26.267900466918945,
            "isdiffpos": "t",
            "ssdistnr": null,
            "ssnamenr": null,
            "drb": null
        },
        {
            "candid": 1559215041215015013,
            "jd": 2459313.7150463,
            "ra": 171.1029667,
            "dec": 23.6496201,
            "fid": 2,
            "nid": 1559,
            "magpsf": 18.86829948425293,
            "sigmapsf": 0.08326300233602524,
            "magnr": 18.447999954223633,
            "sigmagnr": 0.12099999934434891,
            "magzpsci": 26.04829978942871,
            "isdiffpos": "t",
            "ssdistnr": null,
            "ssnamenr": null,
            "drb": null
        },
        {
            "candid": 1559248871215015010,
            "jd": 2459313.7488773,
            "ra": 171.1029726,
            "dec": 23.6496222,
            "fid": 1,
            "nid": 1559,
            "magpsf": 20.089399337768555,
            "sigmapsf": 0.18416200578212738,
            "magnr": 18.89900016784668,
            "sigmagnr": 0.10400000214576721,
            "magzpsci": 26.315399169921875,
            "isdiffpos": "t",
            "ssdistnr": null,
            "ssnamenr": null,
            "drb": null
        },
        {
            "candid": 1563195941215015018,
            "jd": 2459317.6959491,
            "ra": 171.1029675,
            "dec": 23.6496175,
            "fid": 2,
            "nid": 1563,
            "magpsf": 18.946800231933594,
            "sigmapsf": 0.07806099951267242,
            "magnr": 18.447999954223633,
            "sigmagnr": 0.12099999934434891,
            "magzpsci": 26.26580047607422,
            "isdiffpos": "t",
            "ssdistnr": null,
            "ssnamenr": null,
            "drb": null
        },
        {
            "candid": 1563195941215025018,
            "jd": 2459317.6959491,
            "ra": 171.1029675,
            "dec": 23.6496175,
            "fid": 2,
            "nid": 1563,
            "magpsf": 18.946800231933594,
            "sigmapsf": 0.07806099951267242,
            "magnr": 18.447999954223633,
            "sigmagnr": 0.12099999934434891,
            "magzpsci": 26.26580047607422,
            "isdiffpos": "t",
            "ssdistnr": null,
            "ssnamenr": null,
            "drb": null
        },
        {
            "candid": 1567289431215015013,
            "jd": 2459321.7894329,
            "ra": 171.1030032,
            "dec": 23.6496175,
            "fid": 2,
            "nid": 1567,
            "magpsf": 18.964099884033203,
            "sigmapsf": 0.09818500280380249,
            "magnr": 18.447999954223633,
            "sigmagnr": 0.12099999934434891,
            "magzpsci": 26.239099502563477,
            "isdiffpos": "t",
            "ssdistnr": null,
            "ssnamenr": null,
            "drb": null
        },
        {
            "candid": 1569320341215015004,
            "jd": 2459323.8203472,
            "ra": 171.1029768,
            "dec": 23.6496279,
            "fid": 2,
            "nid": 1569,
            "magpsf": 18.993499755859375,
            "sigmapsf": 0.0821480005979538,
            "magnr": 18.447999954223633,
            "sigmagnr": 0.12099999934434891,
            "magzpsci": 26.236499786376953,
            "isdiffpos": "t",
            "ssdistnr": null,
            "ssnamenr": null,
            "drb": null
        },
        {
            "candid": 1571258331215015011,
            "jd": 2459325.7583333,
            "ra": 171.1029905,
            "dec": 23.6495926,
            "fid": 2,
            "nid": 1571,
            "magpsf": 18.933900833129883,
            "sigmapsf": 0.09533099830150604,
            "magnr": 18.447999954223633,
            "sigmagnr": 0.12099999934434891,
            "magzpsci": 26.24690055847168,
            "isdiffpos": "t",
            "ssdistnr": null,
            "ssnamenr": null,
            "drb": null
        },
        {
            "candid": 1575236251215015004,
            "jd": 2459329.73625,
            "ra": 171.1029827,
            "dec": 23.6495707,
            "fid": 2,
            "nid": 1575,
            "magpsf": 19.187620162963867,
            "sigmapsf": 0.13879099488258362,
            "magnr": 18.447999954223633,
            "sigmagnr": 0.12099999934434891,
            "magzpsci": 26.279619216918945,
            "isdiffpos": "t",
            "ssdistnr": -999.0,
            "ssnamenr": "null",
            "drb": null
        },
        {
            "candid": 1575236251215025004,
            "jd": 2459329.73625,
            "ra": 171.1029827,
            "dec": 23.6495707,
            "fid": 2,
            "nid": 1575,
            "magpsf": 19.187599182128906,
            "sigmapsf": 0.13879099488258362,
            "magnr": 18.447999954223633,
            "sigmagnr": 0.12099999934434891,
            "magzpsci": 26.279600143432617,
            "isdiffpos": "t",
            "ssdistnr": null,
            "ssnamenr": null,
            "drb": null
        },
        {
            "candid": 1575236251215035004,
            "jd": 2459329.73625,
            "ra": 171.1029827,
            "dec": 23.6495707,
            "fid": 2,
            "nid": 1575,
            "magpsf": 19.187599182128906,
            "sigmapsf": 0.13879099488258362,
            "magnr": 18.447999954223633,
            "sigmagnr": 0.12099999934434891,
            "magzpsci": 26.279600143432617,
            "isdiffpos": "t",
            "ssdistnr": null,
            "ssnamenr": null,
            "drb": null
        },
        {
            "candid": 1581207701215015010,
            "jd": 2459335.7077083,
            "ra": 171.1029879,
            "dec": 23.6496119,
            "fid": 2,
            "nid": 1581,
            "magpsf": 19.154399871826172,
            "sigmapsf": 0.1064400002360344,
            "magnr": 18.447999954223633,
            "sigmagnr": 0.12099999934434891,
            "magzpsci": 26.069400787353516,
            "isdiffpos": "t",
            "ssdistnr": null,
            "ssnamenr": null,
            "drb": null
        },
        {
            "candid": 1581255771215015010,
            "jd": 2459335.7557755,
            "ra": 171.1029023,
            "dec": 23.6495884,
            "fid": 1,
            "nid": 1581,
            "magpsf": 20.210899353027344,
            "sigmapsf": 0.24466900527477264,
            "magnr": 18.89900016784668,
            "sigmagnr": 0.10400000214576721,
            "magzpsci": 26.17490005493164,
            "isdiffpos": "t",
            "ssdistnr": null,
            "ssnamenr": null,
            "drb": null
        },
        {
            "candid": 1584239031215015005,
            "jd": 2459338.7390394,
            "ra": 171.1029887,
            "dec": 23.6496437,
            "fid": 2,
            "nid": 1584,
            "magpsf": 19.23900032043457,
            "sigmapsf": 0.09968899935483932,
            "magnr": 18.447999954223633,
            "sigmagnr": 0.12099999934434891,
            "magzpsci": 26.240999221801758,
            "isdiffpos": "t",
            "ssdistnr": null,
            "ssnamenr": null,
            "drb": null
        },
        {
            "candid": 1586257611215015006,
            "jd": 2459340.7576157,
            "ra": 171.1029888,
            "dec": 23.6495944,
            "fid": 2,
            "nid": 1586,
            "magpsf": 19.201499938964844,
            "sigmapsf": 0.09075500071048737,
            "magnr": 18.447999954223633,
            "sigmagnr": 0.12099999934434891,
            "magzpsci": 26.237499237060547,
            "isdiffpos": "t",
            "ssdistnr": null,
            "ssnamenr": null,
            "drb": null
        },
        {
            "candid": 1588236921215015010,
            "jd": 2459342.7369213,
            "ra": 171.1029655,
            "dec": 23.6495464,
            "fid": 1,
            "nid": 1588,
            "magpsf": 20.22640037536621,
            "sigmapsf": 0.18268099427223206,
            "magnr": 18.89900016784668,
            "sigmagnr": 0.10400000214576721,
            "magzpsci": 26.30940055847168,
            "isdiffpos": "t",
            "ssdistnr": null,
            "ssnamenr": null,
            "drb": null
        },
        {
            "candid": 1588257461215015013,
            "jd": 2459342.7574653,
            "ra": 171.1029626,
            "dec": 23.6496118,
            "fid": 2,
            "nid": 1588,
            "magpsf": 19.192800521850586,
            "sigmapsf": 0.09739100188016891,
            "magnr": 18.447999954223633,
            "sigmagnr": 0.12099999934434891,
            "magzpsci": 26.218799591064453,
            "isdiffpos": "t",
            "ssdistnr": null,
            "ssnamenr": null,
            "drb": null
        },
        {
            "candid": 1590223681215015019,
            "jd": 2459344.7236806,
            "ra": 171.102972,
            "dec": 23.6496106,
            "fid": 2,
            "nid": 1590,
            "magpsf": 19.189199447631836,
            "sigmapsf": 0.09507700055837631,
            "magnr": 18.447999954223633,
            "sigmagnr": 0.12099999934434891,
            "magzpsci": 26.20319938659668,
            "isdiffpos": "t",
            "ssdistnr": null,
            "ssnamenr": null,
            "drb": null
        },
        {
            "candid": 1592291561215015008,
            "jd": 2459346.7915625,
            "ra": 171.1029598,
            "dec": 23.6496106,
            "fid": 2,
            "nid": 1592,
            "magpsf": 19.2362003326416,
            "sigmapsf": 0.11755000054836273,
            "magnr": 18.447999954223633,
            "sigmagnr": 0.12099999934434891,
            "magzpsci": 26.164199829101562,
            "isdiffpos": "t",
            "ssdistnr": null,
            "ssnamenr": null,
            "drb": null
        },
        {
            "candid": 1594195751215015011,
            "jd": 2459348.6957523,
            "ra": 171.1029608,
            "dec": 23.6496348,
            "fid": 2,
            "nid": 1594,
            "magpsf": 19.170299530029297,
            "sigmapsf": 0.10770600289106369,
            "magnr": 18.447999954223633,
            "sigmagnr": 0.12099999934434891,
            "magzpsci": 26.25629997253418,
            "isdiffpos": "t",
            "ssdistnr": null,
            "ssnamenr": null,
            "drb": null
        },
        {
            "candid": 1594195751215025011,
            "jd": 2459348.6957523,
            "ra": 171.1029608,
            "dec": 23.6496348,
            "fid": 2,
            "nid": 1594,
            "magpsf": 19.170299530029297,
            "sigmapsf": 0.10770600289106369,
            "magnr": 18.447999954223633,
            "sigmagnr": 0.12099999934434891,
            "magzpsci": 26.25629997253418,
            "isdiffpos": "t",
            "ssdistnr": null,
            "ssnamenr": null,
            "drb": null
        },
        {
            "candid": 1594245901215015009,
            "jd": 2459348.7459028,
            "ra": 171.1029616,
            "dec": 23.649599,
            "fid": 1,
            "nid": 1594,
            "magpsf": 20.047100067138672,
            "sigmapsf": 0.18243399262428284,
            "magnr": 18.89900016784668,
            "sigmagnr": 0.10400000214576721,
            "magzpsci": 26.300100326538086,
            "isdiffpos": "t",
            "ssdistnr": null,
            "ssnamenr": null,
            "drb": null
        },
        {
            "candid": 1596245021215015011,
            "jd": 2459350.7450231,
            "ra": 171.1029434,
            "dec": 23.6495366,
            "fid": 2,
            "nid": 1596,
            "magpsf": 18.979799270629883,
            "sigmapsf": 0.12616999447345734,
            "magnr": 18.447999954223633,
            "sigmagnr": 0.12099999934434891,
            "magzpsci": 26.1697998046875,
            "isdiffpos": "t",
            "ssdistnr": null,
            "ssnamenr": null,
            "drb": null
        },
        {
            "candid": 1602257781215015002,
            "jd": 2459356.7577894,
            "ra": 171.1030524,
            "dec": 23.649605,
            "fid": 2,
            "nid": 1602,
            "magpsf": 18.94770050048828,
            "sigmapsf": 0.12773799896240234,
            "magnr": 18.447999954223633,
            "sigmagnr": 0.12099999934434891,
            "magzpsci": 26.226699829101562,
            "isdiffpos": "t",
            "ssdistnr": null,
            "ssnamenr": null,
            "drb": null
        },
        {
            "candid": 1605197341215015002,
            "jd": 2459359.6973495,
            "ra": 171.102974,
            "dec": 23.6496123,
            "fid": 2,
            "nid": 1605,
            "magpsf": 19.029499053955078,
            "sigmapsf": 0.14966699481010437,
            "magnr": 18.447999954223633,
            "sigmagnr": 0.12099999934434891,
            "magzpsci": 26.19849967956543,
            "isdiffpos": "t",
            "ssdistnr": null,
            "ssnamenr": null,
            "drb": null
        },
        {
            "candid": 1608240621215015002,
            "jd": 2459362.740625,
            "ra": 171.1029734,
            "dec": 23.6496078,
            "fid": 2,
            "nid": 1608,
            "magpsf": 18.966899871826172,
            "sigmapsf": 0.08984500169754028,
            "magnr": 18.447999954223633,
            "sigmagnr": 0.12099999934434891,
            "magzpsci": 26.247900009155273,
            "isdiffpos": "t",
            "ssdistnr": null,
            "ssnamenr": null,
            "drb": null
        },
        {
            "candid": 1611194691215015007,
            "jd": 2459365.6946991,
            "ra": 171.1030034,
            "dec": 23.6496118,
            "fid": 1,
            "nid": 1611,
            "magpsf": 20.019699096679688,
            "sigmapsf": 0.1918649971485138,
            "magnr": 18.89900016784668,
            "sigmagnr": 0.10400000214576721,
            "magzpsci": 26.323699951171875,
            "isdiffpos": "t",
            "ssdistnr": null,
            "ssnamenr": null,
            "drb": null
        },
        {
            "candid": 1613196401215015011,
            "jd": 2459367.6964005,
            "ra": 171.1029334,
            "dec": 23.649629,
            "fid": 2,
            "nid": 1613,
            "magpsf": 18.993099212646484,
            "sigmapsf": 0.10105100274085999,
            "magnr": 18.447999954223633,
            "sigmagnr": 0.12099999934434891,
            "magzpsci": 26.10810089111328,
            "isdiffpos": "t",
            "ssdistnr": null,
            "ssnamenr": null,
            "drb": null
        },
        {
            "candid": 1615185711215015008,
            "jd": 2459369.6857176,
            "ra": 171.1029664,
            "dec": 23.6496186,
            "fid": 2,
            "nid": 1615,
            "magpsf": 19.128999710083008,
            "sigmapsf": 0.08343099802732468,
            "magnr": 18.447999954223633,
            "sigmagnr": 0.12099999934434891,
            "magzpsci": 26.242000579833984,
            "isdiffpos": "t",
            "ssdistnr": null,
            "ssnamenr": null,
            "drb": null
        },
        {
            "candid": 1617218431215015007,
            "jd": 2459371.7184375,
            "ra": 171.1029677,
            "dec": 23.6495753,
            "fid": 2,
            "nid": 1617,
            "magpsf": 19.234100341796875,
            "sigmapsf": 0.08994299918413162,
            "magnr": 18.447999954223633,
            "sigmagnr": 0.12099999934434891,
            "magzpsci": 26.223100662231445,
            "isdiffpos": "t",
            "ssdistnr": null,
            "ssnamenr": null,
            "drb": null
        },
        {
            "candid": 1619186751215015009,
            "jd": 2459373.6867593,
            "ra": 171.102982,
            "dec": 23.6496362,
            "fid": 1,
            "nid": 1619,
            "magpsf": 20.298500061035156,
            "sigmapsf": 0.22343400120735168,
            "magnr": 18.89900016784668,
            "sigmagnr": 0.10400000214576721,
            "magzpsci": 26.33449935913086,
            "isdiffpos": "t",
            "ssdistnr": null,
            "ssnamenr": null,
            "drb": null
        },
        {
            "candid": 1619225771215015010,
            "jd": 2459373.7257755,
            "ra": 171.1030342,
            "dec": 23.6496218,
            "fid": 2,
            "nid": 1619,
            "magpsf": 19.46980094909668,
            "sigmapsf": 0.12610800564289093,
            "magnr": 18.447999954223633,
            "sigmagnr": 0.12099999934434891,
            "magzpsci": 26.210800170898438,
            "isdiffpos": "t",
            "ssdistnr": null,
            "ssnamenr": null,
            "drb": null
        },
        {
            "candid": 1623214761215015006,
            "jd": 2459377.7147685,
            "ra": 171.1029879,
            "dec": 23.6495882,
            "fid": 2,
            "nid": 1623,
            "magpsf": 19.394899368286133,
            "sigmapsf": 0.11689099669456482,
            "magnr": 18.447999954223633,
            "sigmagnr": 0.12099999934434891,
            "magzpsci": 26.23189926147461,
            "isdiffpos": "t",
            "ssdistnr": null,
            "ssnamenr": null,
            "drb": null
        },
        {
            "candid": 1625194291215015007,
            "jd": 2459379.694294,
            "ra": 171.1030211,
            "dec": 23.6495789,
            "fid": 1,
            "nid": 1625,
            "magpsf": 20.391000747680664,
            "sigmapsf": 0.2484399974346161,
            "magnr": 18.89900016784668,
            "sigmagnr": 0.10400000214576721,
            "magzpsci": 26.333999633789062,
            "isdiffpos": "t",
            "ssdistnr": null,
            "ssnamenr": null,
            "drb": null
        },
        {
            "candid": 1631216571215015005,
            "jd": 2459385.7165741,
            "ra": 171.1030036,
            "dec": 23.6495865,
            "fid": 2,
            "nid": 1631,
            "magpsf": 18.96489906311035,
            "sigmapsf": 0.1298220008611679,
            "magnr": 18.447999954223633,
            "sigmagnr": 0.12099999934434891,
            "magzpsci": 26.144899368286133,
            "isdiffpos": "t",
            "ssdistnr": null,
            "ssnamenr": null,
            "drb": null
        },
        {
            "candid": 1633198251215015010,
            "jd": 2459387.6982523,
            "ra": 171.1029866,
            "dec": 23.6496039,
            "fid": 2,
            "nid": 1633,
            "magpsf": 18.671720504760742,
            "sigmapsf": 0.11395499855279922,
            "magnr": 18.447999954223633,
            "sigmagnr": 0.12099999934434891,
            "magzpsci": 26.14672088623047,
            "isdiffpos": "t",
            "ssdistnr": -999.0,
            "ssnamenr": "null",
            "drb": null
        },
        {
            "candid": 1746531201215015017,
            "jd": 2459501.0312037,
            "ra": 171.1029983,
            "dec": 23.649564,
            "fid": 2,
            "nid": 1746,
            "magpsf": 19.85650062561035,
            "sigmapsf": 0.2816309928894043,
            "magnr": 18.447999954223633,
            "sigmagnr": 0.12099999934434891,
            "magzpsci": 26.127500534057617,
            "isdiffpos": "t",
            "ssdistnr": null,
            "ssnamenr": null,
            "drb": null
        },
        {
            "candid": 1747528981215015014,
            "jd": 2459502.0289815,
            "ra": 171.1030025,
            "dec": 23.6496086,
            "fid": 2,
            "nid": 1747,
            "magpsf": 19.871599197387695,
            "sigmapsf": 0.23407700657844543,
            "magnr": 18.447999954223633,
            "sigmagnr": 0.12099999934434891,
            "magzpsci": 26.136600494384766,
            "isdiffpos": "t",
            "ssdistnr": null,
            "ssnamenr": null,
            "drb": null
        },
        {
            "candid": 1755521181215015002,
            "jd": 2459510.0211806,
            "ra": 171.1029531,
            "dec": 23.6496188,
            "fid": 2,
            "nid": 1755,
            "magpsf": 19.92140007019043,
            "sigmapsf": 0.22009199857711792,
            "magnr": 18.447999954223633,
            "sigmagnr": 0.12099999934434891,
            "magzpsci": 26.21339988708496,
            "isdiffpos": "t",
            "ssdistnr": null,
            "ssnamenr": null,
            "drb": null
        },
        {
            "candid": 1768498681215015008,
            "jd": 2459522.9986806,
            "ra": 171.1029958,
            "dec": 23.6496476,
            "fid": 2,
            "nid": 1768,
            "magpsf": 20.11319923400879,
            "sigmapsf": 0.1787319928407669,
            "magnr": 18.447999954223633,
            "sigmagnr": 0.12099999934434891,
            "magzpsci": 26.21820068359375,
            "isdiffpos": "t",
            "ssdistnr": null,
            "ssnamenr": null,
            "drb": null
        },
        {
            "candid": 1770475431215015004,
            "jd": 2459524.9754398,
            "ra": 171.1029197,
            "dec": 23.6495016,
            "fid": 2,
            "nid": 1770,
            "magpsf": 20.181400299072266,
            "sigmapsf": 0.26899099349975586,
            "magnr": 18.447999954223633,
            "sigmagnr": 0.12099999934434891,
            "magzpsci": 26.203399658203125,
            "isdiffpos": "t",
            "ssdistnr": null,
            "ssnamenr": null,
            "drb": null
        },
        {
            "candid": 1772519801215015004,
            "jd": 2459527.0198032,
            "ra": 171.1029952,
            "dec": 23.6496266,
            "fid": 2,
            "nid": 1772,
            "magpsf": 19.986190795898438,
            "sigmapsf": 0.1755550056695938,
            "magnr": 18.447999954223633,
            "sigmagnr": 0.12099999934434891,
            "magzpsci": 26.253189086914062,
            "isdiffpos": "t",
            "ssdistnr": -999.0,
            "ssnamenr": "null",
            "drb": null
        },
        {
            "jd": 2459248.92095,
            "fid": 2,
            "diffmaglim": 20.44099998474121
        },
        {
            "jd": 2459248.9637153,
            "fid": 1,
            "diffmaglim": 20.215499877929688
        },
        {
            "jd": 2459248.96372,
            "fid": 1,
            "diffmaglim": 20.21500015258789
        },
        {
            "jd": 2459250.8681366,
            "fid": 1,
            "diffmaglim": 20.547000885009766
        },
        {
            "jd": 2459250.86814,
            "fid": 1,
            "diffmaglim": 20.547000885009766
        },
        {
            "jd": 2459250.8792477,
            "fid": 2,
            "diffmaglim": 20.46500015258789
        },
        {
            "jd": 2459250.87925,
            "fid": 2,
            "diffmaglim": 20.46500015258789
        },
        {
            "jd": 2459252.82024,
            "fid": 2,
            "diffmaglim": 20.70599937438965
        },
        {
            "jd": 2459252.8202431,
            "fid": 2,
            "diffmaglim": 20.706100463867188
        },
        {
            "jd": 2459252.99193,
            "fid": 1,
            "diffmaglim": 20.784000396728516
        },
        {
            "jd": 2459252.9919329,
            "fid": 1,
            "diffmaglim": 20.784400939941406
        },
        {
            "jd": 2459254.8997569,
            "fid": 2,
            "diffmaglim": 20.69849967956543
        },
        {
            "jd": 2459254.89976,
            "fid": 2,
            "diffmaglim": 20.697999954223633
        },
        {
            "jd": 2459254.94377,
            "fid": 1,
            "diffmaglim": 19.926000595092773
        },
        {
            "jd": 2459254.9437731,
            "fid": 1,
            "diffmaglim": 19.925500869750977
        },
        {
            "jd": 2459256.8981597,
            "fid": 2,
            "diffmaglim": 20.851999282836914
        },
        {
            "jd": 2459256.9923032,
            "fid": 1,
            "diffmaglim": 20.780000686645508
        },
        {
            "jd": 2459262.846875,
            "fid": 2,
            "diffmaglim": 20.72480010986328
        },
        {
            "jd": 2459262.9116319,
            "fid": 1,
            "diffmaglim": 20.56399917602539
        },
        {
            "jd": 2459264.829294,
            "fid": 1,
            "diffmaglim": 20.776399612426758
        },
        {
            "jd": 2459264.8715162,
            "fid": 2,
            "diffmaglim": 20.87459945678711
        },
        {
            "jd": 2459266.8616319,
            "fid": 2,
            "diffmaglim": 19.888700485229492
        },
        {
            "jd": 2459266.9155903,
            "fid": 1,
            "diffmaglim": 20.22920036315918
        },
        {
            "jd": 2459268.850162,
            "fid": 2,
            "diffmaglim": 20.179800033569336
        },
        {
            "jd": 2459268.9898843,
            "fid": 1,
            "diffmaglim": 20.402000427246094
        },
        {
            "jd": 2459270.8406019,
            "fid": 2,
            "diffmaglim": 19.60070037841797
        },
        {
            "jd": 2459270.9161574,
            "fid": 1,
            "diffmaglim": 19.438600540161133
        },
        {
            "jd": 2459275.7234375,
            "fid": 1,
            "diffmaglim": 19.483400344848633
        },
        {
            "jd": 2459298.8081944,
            "fid": 2,
            "diffmaglim": 18.07159996032715
        },
        {
            "jd": 2459298.8175231,
            "fid": 1,
            "diffmaglim": 18.520000457763672
        },
        {
            "jd": 2459302.8282407,
            "fid": 1,
            "diffmaglim": 19.32159996032715
        },
        {
            "jd": 2459315.7283218,
            "fid": 1,
            "diffmaglim": 20.773500442504883
        },
        {
            "jd": 2459315.7491088,
            "fid": 2,
            "diffmaglim": 19.420299530029297
        },
        {
            "jd": 2459317.6759491,
            "fid": 1,
            "diffmaglim": 20.948699951171875
        },
        {
            "jd": 2459321.7552546,
            "fid": 1,
            "diffmaglim": 20.885299682617188
        },
        {
            "jd": 2459323.7593056,
            "fid": 1,
            "diffmaglim": 20.292299270629883
        },
        {
            "jd": 2459325.8223611,
            "fid": 1,
            "diffmaglim": 19.765600204467773
        },
        {
            "jd": 2459329.8170949,
            "fid": 1,
            "diffmaglim": 19.104999542236328
        },
        {
            "jd": 2459338.7990509,
            "fid": 1,
            "diffmaglim": 20.503700256347656
        },
        {
            "jd": 2459340.7149537,
            "fid": 1,
            "diffmaglim": 20.84950065612793
        },
        {
            "jd": 2459344.7894097,
            "fid": 1,
            "diffmaglim": 20.814899444580078
        },
        {
            "jd": 2459346.8310532,
            "fid": 1,
            "diffmaglim": 20.178800582885742
        },
        {
            "jd": 2459350.6940509,
            "fid": 1,
            "diffmaglim": 20.303499221801758
        },
        {
            "jd": 2459356.7008565,
            "fid": 1,
            "diffmaglim": 19.341699600219727
        },
        {
            "jd": 2459359.6851968,
            "fid": 1,
            "diffmaglim": 19.328399658203125
        },
        {
            "jd": 2459367.7432639,
            "fid": 1,
            "diffmaglim": 20.349899291992188
        },
        {
            "jd": 2459369.715,
            "fid": 1,
            "diffmaglim": 20.546300888061523
        },
        {
            "jd": 2459375.7166319,
            "fid": 2,
            "diffmaglim": 20.212799072265625
        },
        {
            "jd": 2459379.7152199,
            "fid": 2,
            "diffmaglim": 20.481300354003906
        },
        {
            "jd": 2459383.7393866,
            "fid": 1,
            "diffmaglim": 18.200700759887695
        },
        {
            "jd": 2459385.7032176,
            "fid": 1,
            "diffmaglim": 19.432100296020508
        },
        {
            "jd": 2459498.0271296,
            "fid": 2,
            "diffmaglim": 19.08139991760254
        },
        {
            "jd": 2459498.0295255,
            "fid": 2,
            "diffmaglim": 19.022199630737305
        },
        {
            "jd": 2459498.0319213,
            "fid": 2,
            "diffmaglim": 18.594900131225586
        },
        {
            "jd": 2459498.0343056,
            "fid": 2,
            "diffmaglim": 18.597700119018555
        },
        {
            "jd": 2459498.0367014,
            "fid": 2,
            "diffmaglim": 18.411399841308594
        },
        {
            "jd": 2459499.028206,
            "fid": 2,
            "diffmaglim": 19.082000732421875
        },
        {
            "jd": 2459499.0305903,
            "fid": 2,
            "diffmaglim": 18.818300247192383
        },
        {
            "jd": 2459499.0329861,
            "fid": 2,
            "diffmaglim": 18.663000106811523
        },
        {
            "jd": 2459499.0353704,
            "fid": 2,
            "diffmaglim": 18.69610023498535
        },
        {
            "jd": 2459499.0377662,
            "fid": 2,
            "diffmaglim": 18.513200759887695
        },
        {
            "jd": 2459501.0287616,
            "fid": 2,
            "diffmaglim": 19.66309928894043
        },
        {
            "jd": 2459501.0336458,
            "fid": 2,
            "diffmaglim": 19.366199493408203
        },
        {
            "jd": 2459501.0360764,
            "fid": 2,
            "diffmaglim": 19.221500396728516
        },
        {
            "jd": 2459501.0385185,
            "fid": 2,
            "diffmaglim": 18.95039939880371
        },
        {
            "jd": 2459502.0313426,
            "fid": 2,
            "diffmaglim": 19.77790069580078
        },
        {
            "jd": 2459502.0337037,
            "fid": 2,
            "diffmaglim": 19.6737003326416
        },
        {
            "jd": 2459502.0360764,
            "fid": 2,
            "diffmaglim": 19.3302001953125
        },
        {
            "jd": 2459502.0384375,
            "fid": 2,
            "diffmaglim": 19.06290054321289
        },
        {
            "jd": 2459503.0290046,
            "fid": 2,
            "diffmaglim": 19.067800521850586
        },
        {
            "jd": 2459503.0313657,
            "fid": 2,
            "diffmaglim": 19.212400436401367
        },
        {
            "jd": 2459503.0337384,
            "fid": 2,
            "diffmaglim": 18.783100128173828
        },
        {
            "jd": 2459503.0361111,
            "fid": 2,
            "diffmaglim": 18.882699966430664
        },
        {
            "jd": 2459503.0384722,
            "fid": 2,
            "diffmaglim": 18.409700393676758
        },
        {
            "jd": 2459504.0303472,
            "fid": 2,
            "diffmaglim": 19.464099884033203
        },
        {
            "jd": 2459504.0327199,
            "fid": 2,
            "diffmaglim": 19.414499282836914
        },
        {
            "jd": 2459504.035081,
            "fid": 2,
            "diffmaglim": 19.33340072631836
        },
        {
            "jd": 2459504.0374537,
            "fid": 2,
            "diffmaglim": 19.047300338745117
        },
        {
            "jd": 2459504.0398264,
            "fid": 2,
            "diffmaglim": 18.863300323486328
        },
        {
            "jd": 2459510.023669,
            "fid": 2,
            "diffmaglim": 19.45319938659668
        },
        {
            "jd": 2459510.026169,
            "fid": 2,
            "diffmaglim": 19.52669906616211
        },
        {
            "jd": 2459510.0286574,
            "fid": 2,
            "diffmaglim": 19.440200805664062
        },
        {
            "jd": 2459510.0311574,
            "fid": 2,
            "diffmaglim": 19.465099334716797
        },
        {
            "jd": 2459517.982338,
            "fid": 1,
            "diffmaglim": 19.814599990844727
        },
        {
            "jd": 2459518.0485069,
            "fid": 2,
            "diffmaglim": 19.414100646972656
        },
        {
            "jd": 2459525.0511921,
            "fid": 1,
            "diffmaglim": 19.690000534057617
        },
        {
            "jd": 2459526.9746875,
            "fid": 1,
            "diffmaglim": 20.269899368286133
        }
    ],
    "forcedphot": []
}