{
    "objectId": "ZTF22abfnptt",
    "candidates": [
        {
            "candid": 2071457000715015001,
            "jd": 2459825.9570023,
            "ra": 80.1705104,
            "dec": 8.8128358,
            "fid": 2,
            "nid": 2071,
            "magpsf": 20.211299896240234,
            "sigmapsf": 0.23585200309753418,
            "magnr": 19.854999542236328,
            "sigmagnr": 0.10700000077486038,
            "magzpsci": 26.127300262451172,
            "isdiffpos": "t",
            "ssdistnr": null,
            "ssnamenr": null,
            "drb": null
        },
        {
            "candid": 2073493210715015001,
            "jd": 2459827.9932176,
            "ra": 80.1704874,
            "dec": 8.8128265,
            "fid": 2,
            "nid": 2073,
            "magpsf": 19.98710060119629,
            "sigmapsf": 0.21481899917125702,
            "magnr": 19.854999542236328,
            "sigmagnr": 0.10700000077486038,
            "magzpsci": 26.175100326538086,
            "isdiffpos": "t",
            "ssdistnr": null,
            "ssnamenr": null,
            "drb": null
        },
        {
            "candid": 2092464180715015001,
            "jd": 2459846.9641898,
            "ra": 80.170486,
            "dec": 8.812862,
            "fid": 2,
            "nid": 2092,
            "magpsf": 19.97010040283203,
            "sigmapsf": 0.1738079935312271,
            "magnr": 19.854999542236328,
            "sigmagnr": 0.10700000077486038,
            "magzpsci": 26.250099182128906,
            "isdiffpos": "t",
            "ssdistnr": null,
            "ssnamenr": null,
            "drb": null
        },
        {
            "candid": 2094485020715015000,
            "jd": 2459848.9850231,
            "ra": 80.1705174,
            "dec": 8.8128026,
            "fid": 2,
            "nid": 2094,
            "magpsf": 20.28260040283203,
            "sigmapsf": 0.1863429993391037,
            "magnr": 19.854999542236328,
            "sigmagnr": 0.10700000077486038,
            "magzpsci": 26.25659942626953,
            "isdiffpos": "t",
            "ssdistnr": null,
            "ssnamenr": null,
            "drb": null
        },
        {
            "candid": 2096498460715015000,
            "jd": 2459850.9984606,
            "ra": 80.1704793,
            "dec": 8.8127992,
            "fid": 2,
            "nid": 2096,
            "magpsf": 20.26338005065918,
            "sigmapsf": 0.16456052660942078,
            "magnr": 19.854999542236328,
            "sigmagnr": 0.10700000077486038,
            "magzpsci": 26.244380950927734,
            "isdiffpos": "t",
            "ssdistnr": -999.0,
            "ssnamenr": "null",
            "drb": null
        },
        {
            "jd": 2459823.9491551,
            "fid": 1,
            "diffmaglim": 20.20479965209961
        },
        {
            "jd": 2459825.9836111,
            "fid": 1,
            "diffmaglim": 20.373300552368164
        },
        {
            "jd": 2459827.9493287,
            "fid": 1,
            "diffmaglim": 20.242300033569336
        },
        {
            "jd": 2459841.9057639,
            "fid": 1,
            "diffmaglim": 20.224000930786133
        },
        {
            "jd": 2459841.9633333,
            "fid": 1,
            "diffmaglim": 20.505800247192383
        },
        {
            "jd": 2459843.9497569,
            "fid": 2,
            "diffmaglim": 20.480899810791016
        },
        {
            "jd": 2459843.9692824,
            "fid": 1,
            "diffmaglim": 20.487899780273438
        },
        {
            "jd": 2459846.9877199,
            "fid": 1,
            "diffmaglim": 20.6476993560791
        },
        {
            "jd": 2459848.9438194,
            "fid": 1,
            "diffmaglim": 20.510499954223633
        },
        {
            "jd": 2459850.9676968,
            "fid": 1,
            "diffmaglim": 20.86009979248047
        }
    ],
    "forcedphot": []
}