{
    "objectId": "ZTF21aawlcwh",
    "candidates": [
        {
            "candid": 1568472414515015002,
            "jd": 2459322.972419,
            "ra": 307.4283629,
            "dec": 70.8168101,
            "fid": 2,
            "nid": 1568,
            "magpsf": 19.776399612426758,
            "sigmapsf": 0.1874759942293167,
            "magnr": 19.143999099731445,
            "sigmagnr": 0.10300000011920929,
            "magzpsci": 26.265399932861328,
            "isdiffpos": "t",
            "ssdistnr": null,
            "ssnamenr": null,
            "drb": 0.9992150068283081
        },
        {
            "candid": 1568474363315015003,
            "jd": 2459322.9743634,
            "ra": 307.4286033,
            "dec": 70.8168593,
            "fid": 2,
            "nid": 1568,
            "magpsf": 19.61079978942871,
            "sigmapsf": 0.13194499909877777,
            "magnr": 19.165000915527344,
            "sigmagnr": 0.11900000274181366,
            "magzpsci": 26.27079963684082,
            "isdiffpos": "t",
            "ssdistnr": null,
            "ssnamenr": null,
            "drb": null
        },
        {
            "candid": 1570346093315015002,
            "jd": 2459324.8460995,
            "ra": 307.4283321,
            "dec": 70.8168428,
            "fid": 2,
            "nid": 1570,
            "magpsf": 19.170299530029297,
            "sigmapsf": 0.12602299451828003,
            "magnr": 18.573999404907227,
            "sigmagnr": 0.10199999809265137,
            "magzpsci": 26.19930076599121,
            "isdiffpos": "t",
            "ssdistnr": null,
            "ssnamenr": null,
            "drb": null
        },
        {
            "candid": 1570413494515015001,
            "jd": 2459324.9134954,
            "ra": 307.4281133,
            "dec": 70.8168732,
            "fid": 1,
            "nid": 1570,
            "magpsf": 20.390899658203125,
            "sigmapsf": 0.32200199365615845,
            "magnr": 19.899999618530273,
            "sigmagnr": 0.09300000220537186,
            "magzpsci": 26.206899642944336,
            "isdiffpos": "t",
            "ssdistnr": null,
            "ssnamenr": null,
            "drb": null
        },
        {
            "candid": 1575391934515015001,
            "jd": 2459329.8919329,
            "ra": 307.4280535,
            "dec": 70.8167629,
            "fid": 1,
            "nid": 1575,
            "magpsf": 19.653499603271484,
            "sigmapsf": 0.2589460015296936,
            "magnr": 19.899999618530273,
            "sigmagnr": 0.09300000220537186,
            "magzpsci": 26.212499618530273,
            "isdiffpos": "t",
            "ssdistnr": null,
            "ssnamenr": null,
            "drb": null
        },
        {
            "candid": 1575391934515025001,
            "jd": 2459329.8919329,
            "ra": 307.4280535,
            "dec": 70.8167629,
            "fid": 1,
            "nid": 1575,
            "magpsf": 19.653499603271484,
            "sigmapsf": 0.2589460015296936,
            "magnr": 19.899999618530273,
            "sigmagnr": 0.09300000220537186,
            "magzpsci": 26.212499618530273,
            "isdiffpos": "t",
            "ssdistnr": null,
            "ssnamenr": null,
            "drb": null
        },
        {
            "candid": 1575391934515035001,
            "jd": 2459329.8919329,
            "ra": 307.4280535,
            "dec": 70.8167629,
            "fid": 1,
            "nid": 1575,
            "magpsf": 19.653499603271484,
            "sigmapsf": 0.2589460015296936,
            "magnr": 19.899999618530273,
            "sigmagnr": 0.09300000220537186,
            "magzpsci": 26.212499618530273,
            "isdiffpos": "t",
            "ssdistnr": null,
            "ssnamenr": null,
            "drb": null
        },
        {
            "candid": 1575455984515015005,
            "jd": 2459329.9559838,
            "ra": 307.4282629,
            "dec": 70.8168246,
            "fid": 2,
            "nid": 1575,
            "magpsf": 18.846799850463867,
            "sigmapsf": 0.1099729984998703,
            "magnr": 19.143999099731445,
            "sigmagnr": 0.10300000011920929,
            "magzpsci": 26.25979995727539,
            "isdiffpos": "t",
            "ssdistnr": null,
            "ssnamenr": null,
            "drb": null
        },
        {
            "candid": 1575455984515025005,
            "jd": 2459329.9559838,
            "ra": 307.4282629,
            "dec": 70.8168246,
            "fid": 2,
            "nid": 1575,
            "magpsf": 18.846799850463867,
            "sigmapsf": 0.1099729984998703,
            "magnr": 19.143999099731445,
            "sigmagnr": 0.10300000011920929,
            "magzpsci": 26.25979995727539,
            "isdiffpos": "t",
            "ssdistnr": null,
            "ssnamenr": null,
            "drb": null
        },
        {
            "candid": 1575455984515035005,
            "jd": 2459329.9559838,
            "ra": 307.4282629,
            "dec": 70.8168246,
            "fid": 2,
            "nid": 1575,
            "magpsf": 18.846799850463867,
            "sigmapsf": 0.1099729984998703,
            "magnr": 19.143999099731445,
            "sigmagnr": 0.10300000011920929,
            "magzpsci": 26.25979995727539,
            "isdiffpos": "t",
            "ssdistnr": null,
            "ssnamenr": null,
            "drb": null
        },
        {
            "candid": 1575456493315015002,
            "jd": 2459329.9564931,
            "ra": 307.4282238,
            "dec": 70.8168144,
            "fid": 2,
            "nid": 1575,
            "magpsf": 18.7397403717041,
            "sigmapsf": 0.07610700279474258,
            "magnr": 18.573999404907227,
            "sigmagnr": 0.10199999809265137,
            "magzpsci": 26.26573944091797,
            "isdiffpos": "t",
            "ssdistnr": -999.0,
            "ssnamenr": "null",
            "drb": null
        },
        {
            "candid": 1575456493315025002,
            "jd": 2459329.9564931,
            "ra": 307.4282238,
            "dec": 70.8168144,
            "fid": 2,
            "nid": 1575,
            "magpsf": 18.739700317382812,
            "sigmapsf": 0.07610700279474258,
            "magnr": 18.573999404907227,
            "sigmagnr": 0.10199999809265137,
            "magzpsci": 26.26569938659668,
            "isdiffpos": "t",
            "ssdistnr": null,
            "ssnamenr": null,
            "drb": null
        },
        {
            "candid": 1575456493315035002,
            "jd": 2459329.9564931,
            "ra": 307.4282238,
            "dec": 70.8168144,
            "fid": 2,
            "nid": 1575,
            "magpsf": 18.739700317382812,
            "sigmapsf": 0.07610700279474258,
            "magnr": 18.573999404907227,
            "sigmagnr": 0.10199999809265137,
            "magzpsci": 26.26569938659668,
            "isdiffpos": "t",
            "ssdistnr": null,
            "ssnamenr": null,
            "drb": null
        },
        {
            "candid": 1581388853315015002,
            "jd": 2459335.8888542,
            "ra": 307.4283305,
            "dec": 70.8168435,
            "fid": 2,
            "nid": 1581,
            "magpsf": 18.42609977722168,
            "sigmapsf": 0.09034000337123871,
            "magnr": 18.573999404907227,
            "sigmagnr": 0.10199999809265137,
            "magzpsci": 25.842100143432617,
            "isdiffpos": "t",
            "ssdistnr": null,
            "ssnamenr": null,
            "drb": null
        },
        {
            "candid": 1581389364515015000,
            "jd": 2459335.8893634,
            "ra": 307.428262,
            "dec": 70.8168445,
            "fid": 2,
            "nid": 1581,
            "magpsf": 18.463899612426758,
            "sigmapsf": 0.10413800179958344,
            "magnr": 19.143999099731445,
            "sigmagnr": 0.10300000011920929,
            "magzpsci": 25.8528995513916,
            "isdiffpos": "t",
            "ssdistnr": null,
            "ssnamenr": null,
            "drb": null
        },
        {
            "candid": 1581424203315015002,
            "jd": 2459335.9242014,
            "ra": 307.4282477,
            "dec": 70.8167432,
            "fid": 1,
            "nid": 1581,
            "magpsf": 19.71470069885254,
            "sigmapsf": 0.30991899967193604,
            "magnr": 20.009000778198242,
            "sigmagnr": 0.07900000363588333,
            "magzpsci": 25.836700439453125,
            "isdiffpos": "t",
            "ssdistnr": null,
            "ssnamenr": null,
            "drb": null
        },
        {
            "candid": 1581424714515015000,
            "jd": 2459335.9247106,
            "ra": 307.4283135,
            "dec": 70.8167701,
            "fid": 1,
            "nid": 1581,
            "magpsf": 19.63409996032715,
            "sigmapsf": 0.2546379864215851,
            "magnr": 20.2810001373291,
            "sigmagnr": 0.13300000131130219,
            "magzpsci": 25.927099227905273,
            "isdiffpos": "t",
            "ssdistnr": null,
            "ssnamenr": null,
            "drb": null
        },
        {
            "candid": 1583425984515015001,
            "jd": 2459337.9259838,
            "ra": 307.4277835,
            "dec": 70.8168524,
            "fid": 1,
            "nid": 1583,
            "magpsf": 19.717500686645508,
            "sigmapsf": 0.34122300148010254,
            "magnr": 19.899999618530273,
            "sigmagnr": 0.09300000220537186,
            "magzpsci": 26.190500259399414,
            "isdiffpos": "t",
            "ssdistnr": null,
            "ssnamenr": null,
            "drb": null
        },
        {
            "candid": 1583430673315015003,
            "jd": 2459337.9306713,
            "ra": 307.4282364,
            "dec": 70.8168325,
            "fid": 1,
            "nid": 1583,
            "magpsf": 19.807600021362305,
            "sigmapsf": 0.20531299710273743,
            "magnr": 20.009000778198242,
            "sigmagnr": 0.07900000363588333,
            "magzpsci": 26.15760040283203,
            "isdiffpos": "t",
            "ssdistnr": null,
            "ssnamenr": null,
            "drb": null
        },
        {
            "candid": 1583472214515015002,
            "jd": 2459337.9722106,
            "ra": 307.4282435,
            "dec": 70.81684,
            "fid": 2,
            "nid": 1583,
            "magpsf": 18.529699325561523,
            "sigmapsf": 0.08379500359296799,
            "magnr": 19.143999099731445,
            "sigmagnr": 0.10300000011920929,
            "magzpsci": 26.23069953918457,
            "isdiffpos": "t",
            "ssdistnr": null,
            "ssnamenr": null,
            "drb": null
        },
        {
            "candid": 1583475043315015003,
            "jd": 2459337.9750463,
            "ra": 307.4282965,
            "dec": 70.8168561,
            "fid": 2,
            "nid": 1583,
            "magpsf": 18.549800872802734,
            "sigmapsf": 0.08213900029659271,
            "magnr": 18.573999404907227,
            "sigmagnr": 0.10199999809265137,
            "magzpsci": 26.238800048828125,
            "isdiffpos": "t",
            "ssdistnr": null,
            "ssnamenr": null,
            "drb": null
        },
        {
            "candid": 1585363254515015000,
            "jd": 2459339.8632523,
            "ra": 307.4283593,
            "dec": 70.816832,
            "fid": 1,
            "nid": 1585,
            "magpsf": 19.89889907836914,
            "sigmapsf": 0.20799200236797333,
            "magnr": 19.899999618530273,
            "sigmagnr": 0.09300000220537186,
            "magzpsci": 26.212900161743164,
            "isdiffpos": "t",
            "ssdistnr": null,
            "ssnamenr": null,
            "drb": null
        },
        {
            "candid": 1585472244515015000,
            "jd": 2459339.9722454,
            "ra": 307.4282602,
            "dec": 70.8168275,
            "fid": 2,
            "nid": 1585,
            "magpsf": 18.565399169921875,
            "sigmapsf": 0.0650710016489029,
            "magnr": 19.143999099731445,
            "sigmagnr": 0.10300000011920929,
            "magzpsci": 26.262399673461914,
            "isdiffpos": "t",
            "ssdistnr": null,
            "ssnamenr": null,
            "drb": null
        },
        {
            "candid": 1586429343315015003,
            "jd": 2459340.9293403,
            "ra": 307.4282773,
            "dec": 70.816846,
            "fid": 2,
            "nid": 1586,
            "magpsf": 18.682199478149414,
            "sigmapsf": 0.0703900009393692,
            "magnr": 18.573999404907227,
            "sigmagnr": 0.10199999809265137,
            "magzpsci": 26.272199630737305,
            "isdiffpos": "t",
            "ssdistnr": null,
            "ssnamenr": null,
            "drb": null
        },
        {
            "candid": 1586451043315015013,
            "jd": 2459340.9510417,
            "ra": 307.4283993,
            "dec": 70.8168478,
            "fid": 1,
            "nid": 1586,
            "magpsf": 19.932600021362305,
            "sigmapsf": 0.15676699578762054,
            "magnr": 20.009000778198242,
            "sigmagnr": 0.07900000363588333,
            "magzpsci": 26.22960090637207,
            "isdiffpos": "t",
            "ssdistnr": null,
            "ssnamenr": null,
            "drb": null
        },
        {
            "candid": 1587364384515015003,
            "jd": 2459341.8643866,
            "ra": 307.4283701,
            "dec": 70.816808,
            "fid": 1,
            "nid": 1587,
            "magpsf": 19.847299575805664,
            "sigmapsf": 0.17301799356937408,
            "magnr": 20.2810001373291,
            "sigmagnr": 0.13300000131130219,
            "magzpsci": 26.222299575805664,
            "isdiffpos": "t",
            "ssdistnr": null,
            "ssnamenr": null,
            "drb": null
        },
        {
            "candid": 1587455784515015002,
            "jd": 2459341.955787,
            "ra": 307.4282587,
            "dec": 70.8168207,
            "fid": 2,
            "nid": 1587,
            "magpsf": 18.673200607299805,
            "sigmapsf": 0.08106999844312668,
            "magnr": 19.143999099731445,
            "sigmagnr": 0.10300000011920929,
            "magzpsci": 26.254199981689453,
            "isdiffpos": "t",
            "ssdistnr": null,
            "ssnamenr": null,
            "drb": null
        },
        {
            "candid": 1589363993315015004,
            "jd": 2459343.8639931,
            "ra": 307.4282325,
            "dec": 70.8168493,
            "fid": 2,
            "nid": 1589,
            "magpsf": 18.779499053955078,
            "sigmapsf": 0.08312200009822845,
            "magnr": 18.573999404907227,
            "sigmagnr": 0.10199999809265137,
            "magzpsci": 26.15049934387207,
            "isdiffpos": "t",
            "ssdistnr": null,
            "ssnamenr": null,
            "drb": null
        },
        {
            "candid": 1590415564515015002,
            "jd": 2459344.9155671,
            "ra": 307.4282718,
            "dec": 70.8168301,
            "fid": 2,
            "nid": 1590,
            "magpsf": 18.866199493408203,
            "sigmapsf": 0.10713899880647659,
            "magnr": 19.143999099731445,
            "sigmagnr": 0.10300000011920929,
            "magzpsci": 26.209199905395508,
            "isdiffpos": "t",
            "ssdistnr": null,
            "ssnamenr": null,
            "drb": null
        },
        {
            "candid": 1590464064515015001,
            "jd": 2459344.9640625,
            "ra": 307.4283136,
            "dec": 70.816842,
            "fid": 1,
            "nid": 1590,
            "magpsf": 20.264999389648438,
            "sigmapsf": 0.17901299893856049,
            "magnr": 19.899999618530273,
            "sigmagnr": 0.09300000220537186,
            "magzpsci": 26.2189998626709,
            "isdiffpos": "t",
            "ssdistnr": null,
            "ssnamenr": null,
            "drb": null
        },
        {
            "candid": 1591435763315015003,
            "jd": 2459345.9357639,
            "ra": 307.4283749,
            "dec": 70.8168689,
            "fid": 1,
            "nid": 1591,
            "magpsf": 20.0846004486084,
            "sigmapsf": 0.19829100370407104,
            "magnr": 20.009000778198242,
            "sigmagnr": 0.07900000363588333,
            "magzpsci": 26.193599700927734,
            "isdiffpos": "t",
            "ssdistnr": null,
            "ssnamenr": null,
            "drb": null
        },
        {
            "candid": 1591467613315015003,
            "jd": 2459345.9676157,
            "ra": 307.4282665,
            "dec": 70.8168357,
            "fid": 2,
            "nid": 1591,
            "magpsf": 19.016700744628906,
            "sigmapsf": 0.07641500234603882,
            "magnr": 18.573999404907227,
            "sigmagnr": 0.10199999809265137,
            "magzpsci": 26.237699508666992,
            "isdiffpos": "t",
            "ssdistnr": null,
            "ssnamenr": null,
            "drb": null
        },
        {
            "candid": 1592433294515015001,
            "jd": 2459346.9332986,
            "ra": 307.4282839,
            "dec": 70.8168424,
            "fid": 2,
            "nid": 1592,
            "magpsf": 19.040300369262695,
            "sigmapsf": 0.09497500211000443,
            "magnr": 19.143999099731445,
            "sigmagnr": 0.10300000011920929,
            "magzpsci": 26.247299194335938,
            "isdiffpos": "t",
            "ssdistnr": null,
            "ssnamenr": null,
            "drb": null
        },
        {
            "candid": 1592465184515015000,
            "jd": 2459346.9651852,
            "ra": 307.4285677,
            "dec": 70.8169032,
            "fid": 1,
            "nid": 1592,
            "magpsf": 20.09950065612793,
            "sigmapsf": 0.1962669938802719,
            "magnr": 19.899999618530273,
            "sigmagnr": 0.09300000220537186,
            "magzpsci": 26.25349998474121,
            "isdiffpos": "t",
            "ssdistnr": null,
            "ssnamenr": null,
            "drb": null
        },
        {
            "candid": 1594432073315015006,
            "jd": 2459348.9320718,
            "ra": 307.4282809,
            "dec": 70.816848,
            "fid": 2,
            "nid": 1594,
            "magpsf": 19.138399124145508,
            "sigmapsf": 0.07792399823665619,
            "magnr": 18.573999404907227,
            "sigmagnr": 0.10199999809265137,
            "magzpsci": 26.242399215698242,
            "isdiffpos": "t",
            "ssdistnr": null,
            "ssnamenr": null,
            "drb": null
        },
        {
            "candid": 1594453583315015005,
            "jd": 2459348.953588,
            "ra": 307.4284725,
            "dec": 70.8168609,
            "fid": 1,
            "nid": 1594,
            "magpsf": 20.41819953918457,
            "sigmapsf": 0.19214999675750732,
            "magnr": 20.009000778198242,
            "sigmagnr": 0.07900000363588333,
            "magzpsci": 26.193199157714844,
            "isdiffpos": "t",
            "ssdistnr": null,
            "ssnamenr": null,
            "drb": null
        },
        {
            "candid": 1595427154515015001,
            "jd": 2459349.9271528,
            "ra": 307.4285215,
            "dec": 70.8169041,
            "fid": 1,
            "nid": 1595,
            "magpsf": 20.473600387573242,
            "sigmapsf": 0.266635000705719,
            "magnr": 19.899999618530273,
            "sigmagnr": 0.09300000220537186,
            "magzpsci": 26.253599166870117,
            "isdiffpos": "t",
            "ssdistnr": null,
            "ssnamenr": null,
            "drb": null
        },
        {
            "candid": 1595450064515015001,
            "jd": 2459349.9500694,
            "ra": 307.4282464,
            "dec": 70.8168218,
            "fid": 2,
            "nid": 1595,
            "magpsf": 19.149700164794922,
            "sigmapsf": 0.10727199912071228,
            "magnr": 19.143999099731445,
            "sigmagnr": 0.10300000011920929,
            "magzpsci": 26.261699676513672,
            "isdiffpos": "t",
            "ssdistnr": null,
            "ssnamenr": null,
            "drb": null
        },
        {
            "candid": 1599389224515015000,
            "jd": 2459353.8892245,
            "ra": 307.4279846,
            "dec": 70.8167987,
            "fid": 1,
            "nid": 1599,
            "magpsf": 20.481199264526367,
            "sigmapsf": 0.3262070119380951,
            "magnr": 19.899999618530273,
            "sigmagnr": 0.09300000220537186,
            "magzpsci": 26.225200653076172,
            "isdiffpos": "t",
            "ssdistnr": null,
            "ssnamenr": null,
            "drb": null
        },
        {
            "candid": 1599455434515015004,
            "jd": 2459353.9554398,
            "ra": 307.4282127,
            "dec": 70.8168676,
            "fid": 2,
            "nid": 1599,
            "magpsf": 19.32360076904297,
            "sigmapsf": 0.13858699798583984,
            "magnr": 19.143999099731445,
            "sigmagnr": 0.10300000011920929,
            "magzpsci": 26.26460075378418,
            "isdiffpos": "t",
            "ssdistnr": null,
            "ssnamenr": null,
            "drb": null
        },
        {
            "candid": 1600429083315015001,
            "jd": 2459354.9290856,
            "ra": 307.4290833,
            "dec": 70.8167691,
            "fid": 2,
            "nid": 1600,
            "magpsf": 19.583599090576172,
            "sigmapsf": 0.23841899633407593,
            "magnr": 19.165000915527344,
            "sigmagnr": 0.11900000274181366,
            "magzpsci": 26.248600006103516,
            "isdiffpos": "t",
            "ssdistnr": null,
            "ssnamenr": null,
            "drb": null
        },
        {
            "candid": 1602362164515015000,
            "jd": 2459356.8621644,
            "ra": 307.4282723,
            "dec": 70.8168275,
            "fid": 2,
            "nid": 1602,
            "magpsf": 19.26259994506836,
            "sigmapsf": 0.14061599969863892,
            "magnr": 19.143999099731445,
            "sigmagnr": 0.10300000011920929,
            "magzpsci": 26.252700805664062,
            "isdiffpos": "t",
            "ssdistnr": null,
            "ssnamenr": null,
            "drb": null
        },
        {
            "candid": 1605407754515015015,
            "jd": 2459359.9077546,
            "ra": 307.4282057,
            "dec": 70.8168289,
            "fid": 2,
            "nid": 1605,
            "magpsf": 19.25469970703125,
            "sigmapsf": 0.13225999474525452,
            "magnr": 19.143999099731445,
            "sigmagnr": 0.10300000011920929,
            "magzpsci": 26.246700286865234,
            "isdiffpos": "t",
            "ssdistnr": null,
            "ssnamenr": null,
            "drb": null
        },
        {
            "candid": 1605425703315015002,
            "jd": 2459359.925706,
            "ra": 307.4282354,
            "dec": 70.8168106,
            "fid": 2,
            "nid": 1605,
            "magpsf": 19.342199325561523,
            "sigmapsf": 0.14645999670028687,
            "magnr": 18.573999404907227,
            "sigmagnr": 0.10199999809265137,
            "magzpsci": 26.255199432373047,
            "isdiffpos": "t",
            "ssdistnr": null,
            "ssnamenr": null,
            "drb": null
        },
        {
            "candid": 1608296413315015001,
            "jd": 2459362.796412,
            "ra": 307.4282898,
            "dec": 70.8168803,
            "fid": 2,
            "nid": 1608,
            "magpsf": 19.162599563598633,
            "sigmapsf": 0.1533840000629425,
            "magnr": 18.573999404907227,
            "sigmagnr": 0.10199999809265137,
            "magzpsci": 26.26259994506836,
            "isdiffpos": "t",
            "ssdistnr": null,
            "ssnamenr": null,
            "drb": null
        },
        {
            "candid": 1608327924515015003,
            "jd": 2459362.8279282,
            "ra": 307.4280936,
            "dec": 70.8168498,
            "fid": 2,
            "nid": 1608,
            "magpsf": 19.326400756835938,
            "sigmapsf": 0.133993998169899,
            "magnr": 19.143999099731445,
            "sigmagnr": 0.10300000011920929,
            "magzpsci": 26.284400939941406,
            "isdiffpos": "t",
            "ssdistnr": null,
            "ssnamenr": null,
            "drb": null
        },
        {
            "candid": 1610429403315015003,
            "jd": 2459364.9294097,
            "ra": 307.4281156,
            "dec": 70.816834,
            "fid": 2,
            "nid": 1610,
            "magpsf": 19.457500457763672,
            "sigmapsf": 0.09473399817943573,
            "magnr": 18.573999404907227,
            "sigmagnr": 0.10199999809265137,
            "magzpsci": 26.286500930786133,
            "isdiffpos": "t",
            "ssdistnr": null,
            "ssnamenr": null,
            "drb": null
        },
        {
            "candid": 1610431354515015001,
            "jd": 2459364.9313542,
            "ra": 307.4283084,
            "dec": 70.8168373,
            "fid": 2,
            "nid": 1610,
            "magpsf": 19.354799270629883,
            "sigmapsf": 0.12509000301361084,
            "magnr": 19.143999099731445,
            "sigmagnr": 0.10300000011920929,
            "magzpsci": 26.27079963684082,
            "isdiffpos": "t",
            "ssdistnr": null,
            "ssnamenr": null,
            "drb": null
        },
        {
            "candid": 1612387814515015001,
            "jd": 2459366.8878125,
            "ra": 307.4283895,
            "dec": 70.816882,
            "fid": 2,
            "nid": 1612,
            "magpsf": 19.394899368286133,
            "sigmapsf": 0.1148890033364296,
            "magnr": 19.143999099731445,
            "sigmagnr": 0.10300000011920929,
            "magzpsci": 26.23889923095703,
            "isdiffpos": "t",
            "ssdistnr": null,
            "ssnamenr": null,
            "drb": null
        },
        {
            "candid": 1612399593315015001,
            "jd": 2459366.8995949,
            "ra": 307.428221,
            "dec": 70.8168731,
            "fid": 2,
            "nid": 1612,
            "magpsf": 19.434600830078125,
            "sigmapsf": 0.10299800336360931,
            "magnr": 18.573999404907227,
            "sigmagnr": 0.10199999809265137,
            "magzpsci": 26.253599166870117,
            "isdiffpos": "t",
            "ssdistnr": null,
            "ssnamenr": null,
            "drb": null
        },
        {
            "candid": 1615448444515015001,
            "jd": 2459369.9484491,
            "ra": 307.4283115,
            "dec": 70.8168839,
            "fid": 2,
            "nid": 1615,
            "magpsf": 19.695199966430664,
            "sigmapsf": 0.1722240000963211,
            "magnr": 19.143999099731445,
            "sigmagnr": 0.10300000011920929,
            "magzpsci": 26.278200149536133,
            "isdiffpos": "t",
            "ssdistnr": null,
            "ssnamenr": null,
            "drb": null
        },
        {
            "candid": 1616455793315015002,
            "jd": 2459370.9557986,
            "ra": 307.4282042,
            "dec": 70.8168648,
            "fid": 2,
            "nid": 1616,
            "magpsf": 19.69499969482422,
            "sigmapsf": 0.11982499808073044,
            "magnr": 18.573999404907227,
            "sigmagnr": 0.10199999809265137,
            "magzpsci": 26.256999969482422,
            "isdiffpos": "t",
            "ssdistnr": null,
            "ssnamenr": null,
            "drb": null
        },
        {
            "candid": 1620448784515015002,
            "jd": 2459374.9487847,
            "ra": 307.4280954,
            "dec": 70.8168032,
            "fid": 2,
            "nid": 1620,
            "magpsf": 19.808500289916992,
            "sigmapsf": 0.232231006026268,
            "magnr": 19.143999099731445,
            "sigmagnr": 0.10300000011920929,
            "magzpsci": 25.654499053955078,
            "isdiffpos": "t",
            "ssdistnr": null,
            "ssnamenr": null,
            "drb": null
        },
        {
            "candid": 1622426384515015001,
            "jd": 2459376.9263889,
            "ra": 307.4283072,
            "dec": 70.8168292,
            "fid": 2,
            "nid": 1622,
            "magpsf": 20.082300186157227,
            "sigmapsf": 0.2387160062789917,
            "magnr": 19.143999099731445,
            "sigmagnr": 0.10300000011920929,
            "magzpsci": 26.299299240112305,
            "isdiffpos": "t",
            "ssdistnr": null,
            "ssnamenr": null,
            "drb": null
        },
        {
            "candid": 1624386804515015001,
            "jd": 2459378.8868056,
            "ra": 307.428233,
            "dec": 70.8168786,
            "fid": 2,
            "nid": 1624,
            "magpsf": 20.262800216674805,
            "sigmapsf": 0.20897600054740906,
            "magnr": 19.143999099731445,
            "sigmagnr": 0.10300000011920929,
            "magzpsci": 26.315799713134766,
            "isdiffpos": "t",
            "ssdistnr": null,
            "ssnamenr": null,
            "drb": null
        },
        {
            "candid": 1625387933315015002,
            "jd": 2459379.8879398,
            "ra": 307.4282574,
            "dec": 70.8169161,
            "fid": 2,
            "nid": 1625,
            "magpsf": 20.230209350585938,
            "sigmapsf": 0.1702200025320053,
            "magnr": 18.573999404907227,
            "sigmagnr": 0.10199999809265137,
            "magzpsci": 26.289209365844727,
            "isdiffpos": "t",
            "ssdistnr": -999.0,
            "ssnamenr": "null",
            "drb": null
        },
        {
            "jd": 2459292.9770023,
            "fid": 2,
            "diffmaglim": 20.255800247192383
        },
        {
            "jd": 2459295.9935648,
            "fid": 2,
            "diffmaglim": 19.997100830078125
        },
        {
            "jd": 2459295.9950231,
            "fid": 2,
            "diffmaglim": 20.00429916381836
        },
        {
            "jd": 2459297.9318519,
            "fid": 2,
            "diffmaglim": 19.44099998474121
        },
        {
            "jd": 2459297.9520139,
            "fid": 1,
            "diffmaglim": 19.27389907836914
        },
        {
            "jd": 2459300.9729861,
            "fid": 2,
            "diffmaglim": 19.227500915527344
        },
        {
            "jd": 2459300.9882407,
            "fid": 1,
            "diffmaglim": 19.106000900268555
        },
        {
            "jd": 2459301.911794,
            "fid": 2,
            "diffmaglim": 18.900400161743164
        },
        {
            "jd": 2459301.9678356,
            "fid": 1,
            "diffmaglim": 18.8523006439209
        },
        {
            "jd": 2459303.9095486,
            "fid": 1,
            "diffmaglim": 19.057100296020508
        },
        {
            "jd": 2459303.9723843,
            "fid": 2,
            "diffmaglim": 19.49370002746582
        },
        {
            "jd": 2459305.9713889,
            "fid": 2,
            "diffmaglim": 19.637399673461914
        },
        {
            "jd": 2459305.9916319,
            "fid": 1,
            "diffmaglim": 19.600200653076172
        },
        {
            "jd": 2459306.9328125,
            "fid": 1,
            "diffmaglim": 19.850400924682617
        },
        {
            "jd": 2459307.0040972,
            "fid": 2,
            "diffmaglim": 20.2460994720459
        },
        {
            "jd": 2459307.9764468,
            "fid": 2,
            "diffmaglim": 20.29319953918457
        },
        {
            "jd": 2459307.996412,
            "fid": 1,
            "diffmaglim": 20.263700485229492
        },
        {
            "jd": 2459309.9516551,
            "fid": 1,
            "diffmaglim": 20.093399047851562
        },
        {
            "jd": 2459309.9953472,
            "fid": 2,
            "diffmaglim": 20.023000717163086
        },
        {
            "jd": 2459311.9533102,
            "fid": 1,
            "diffmaglim": 20.61280059814453
        },
        {
            "jd": 2459311.9899653,
            "fid": 2,
            "diffmaglim": 20.538700103759766
        },
        {
            "jd": 2459313.951169,
            "fid": 2,
            "diffmaglim": 19.951499938964844
        },
        {
            "jd": 2459313.9905671,
            "fid": 1,
            "diffmaglim": 20.025299072265625
        },
        {
            "jd": 2459314.9111458,
            "fid": 1,
            "diffmaglim": 20.260700225830078
        },
        {
            "jd": 2459314.9548148,
            "fid": 2,
            "diffmaglim": 20.470300674438477
        },
        {
            "jd": 2459315.9525694,
            "fid": 2,
            "diffmaglim": 19.892900466918945
        },
        {
            "jd": 2459315.9689699,
            "fid": 1,
            "diffmaglim": 20.322799682617188
        },
        {
            "jd": 2459316.8932639,
            "fid": 1,
            "diffmaglim": 20.602699279785156
        },
        {
            "jd": 2459316.9890046,
            "fid": 2,
            "diffmaglim": 20.663700103759766
        },
        {
            "jd": 2459317.946875,
            "fid": 2,
            "diffmaglim": 20.366199493408203
        },
        {
            "jd": 2459317.9878356,
            "fid": 1,
            "diffmaglim": 20.466899871826172
        },
        {
            "jd": 2459319.9282407,
            "fid": 1,
            "diffmaglim": 20.181299209594727
        },
        {
            "jd": 2459319.9733218,
            "fid": 2,
            "diffmaglim": 20.011699676513672
        },
        {
            "jd": 2459320.952581,
            "fid": 1,
            "diffmaglim": 20.433799743652344
        },
        {
            "jd": 2459320.9667708,
            "fid": 2,
            "diffmaglim": 19.805200576782227
        },
        {
            "jd": 2459322.9320949,
            "fid": 1,
            "diffmaglim": 20.19059944152832
        },
        {
            "jd": 2459322.9331019,
            "fid": 1,
            "diffmaglim": 20.17099952697754
        },
        {
            "jd": 2459324.9140046,
            "fid": 1,
            "diffmaglim": 20.466299057006836
        },
        {
            "jd": 2459329.8909606,
            "fid": 1,
            "diffmaglim": 19.257200241088867
        },
        {
            "jd": 2459352.9363889,
            "fid": 2,
            "diffmaglim": 20.459999084472656
        },
        {
            "jd": 2459354.9565741,
            "fid": 1,
            "diffmaglim": 20.108200073242188
        },
        {
            "jd": 2459356.9569329,
            "fid": 1,
            "diffmaglim": 20.346399307250977
        },
        {
            "jd": 2459357.9300579,
            "fid": 1,
            "diffmaglim": 19.830900192260742
        },
        {
            "jd": 2459359.8002431,
            "fid": 1,
            "diffmaglim": 19.235000610351562
        },
        {
            "jd": 2459359.823287,
            "fid": 1,
            "diffmaglim": 19.30190086364746
        },
        {
            "jd": 2459362.9085069,
            "fid": 1,
            "diffmaglim": 19.708200454711914
        },
        {
            "jd": 2459362.9357523,
            "fid": 1,
            "diffmaglim": 19.827699661254883
        },
        {
            "jd": 2459364.8696875,
            "fid": 1,
            "diffmaglim": 19.96619987487793
        },
        {
            "jd": 2459364.8894676,
            "fid": 1,
            "diffmaglim": 19.968900680541992
        },
        {
            "jd": 2459366.8040856,
            "fid": 1,
            "diffmaglim": 20.357200622558594
        },
        {
            "jd": 2459366.9585301,
            "fid": 1,
            "diffmaglim": 20.34910011291504
        },
        {
            "jd": 2459368.905625,
            "fid": 2,
            "diffmaglim": 20.65839958190918
        },
        {
            "jd": 2459368.9547338,
            "fid": 1,
            "diffmaglim": 20.583200454711914
        },
        {
            "jd": 2459369.8822917,
            "fid": 1,
            "diffmaglim": 20.730100631713867
        },
        {
            "jd": 2459370.9051505,
            "fid": 1,
            "diffmaglim": 20.69659996032715
        },
        {
            "jd": 2459371.8905093,
            "fid": 1,
            "diffmaglim": 20.80190086364746
        },
        {
            "jd": 2459371.9491435,
            "fid": 2,
            "diffmaglim": 20.7367000579834
        },
        {
            "jd": 2459373.8810648,
            "fid": 2,
            "diffmaglim": 20.592899322509766
        },
        {
            "jd": 2459373.9266319,
            "fid": 1,
            "diffmaglim": 20.752399444580078
        },
        {
            "jd": 2459374.8887269,
            "fid": 1,
            "diffmaglim": 20.528499603271484
        },
        {
            "jd": 2459375.9073495,
            "fid": 2,
            "diffmaglim": 20.45050048828125
        },
        {
            "jd": 2459375.9263542,
            "fid": 1,
            "diffmaglim": 20.261699676513672
        },
        {
            "jd": 2459376.8885417,
            "fid": 1,
            "diffmaglim": 20.624000549316406
        },
        {
            "jd": 2459377.9074306,
            "fid": 2,
            "diffmaglim": 20.662799835205078
        },
        {
            "jd": 2459377.9492824,
            "fid": 1,
            "diffmaglim": 20.70560073852539
        },
        {
            "jd": 2459378.8684606,
            "fid": 1,
            "diffmaglim": 20.63129997253418
        }
    ],
    "forcedphot": []
}