{
    "objectId": "ZTF23aandvzg",
    "candidates": [
        {
            "candid": 2349312043615015005,
            "jd": 2460103.8120486,
            "ra": 257.4458274,
            "dec": 27.6229864,
            "fid": 2,
            "nid": 2349,
            "magpsf": 19.4153995513916,
            "sigmapsf": 0.12428800016641617,
            "magnr": 19.76099967956543,
            "sigmagnr": 0.12099999934434891,
            "magzpsci": 26.2593994140625,
            "isdiffpos": "t",
            "ssdistnr": null,
            "ssnamenr": null,
            "drb": 0.9999891519546509
        },
        {
            "candid": 2356317553615015004,
            "jd": 2460110.8175579,
            "ra": 257.4458274,
            "dec": 27.6230046,
            "fid": 2,
            "nid": 2356,
            "magpsf": 18.648300170898438,
            "sigmapsf": 0.08850499987602234,
            "magnr": 19.76099967956543,
            "sigmagnr": 0.12099999934434891,
            "magzpsci": 26.236299514770508,
            "isdiffpos": "t",
            "ssdistnr": null,
            "ssnamenr": null,
            "drb": null
        },
        {
            "candid": 2358299153615015005,
            "jd": 2460112.7991551,
            "ra": 257.4458319,
            "dec": 27.6229974,
            "fid": 2,
            "nid": 2358,
            "magpsf": 18.619300842285156,
            "sigmapsf": 0.06979700177907944,
            "magnr": 19.76099967956543,
            "sigmagnr": 0.12099999934434891,
            "magzpsci": 26.24530029296875,
            "isdiffpos": "t",
            "ssdistnr": null,
            "ssnamenr": null,
            "drb": null
        },
        {
            "candid": 2358361743615015007,
            "jd": 2460112.8617477,
            "ra": 257.4458409,
            "dec": 27.6230082,
            "fid": 1,
            "nid": 2358,
            "magpsf": 18.54450035095215,
            "sigmapsf": 0.09191499650478363,
            "magnr": 20.075000762939453,
            "sigmagnr": 0.0949999988079071,
            "magzpsci": 26.204500198364258,
            "isdiffpos": "t",
            "ssdistnr": null,
            "ssnamenr": null,
            "drb": null
        },
        {
            "candid": 2361326593615015004,
            "jd": 2460115.8265972,
            "ra": 257.4458343,
            "dec": 27.6230095,
            "fid": 2,
            "nid": 2361,
            "magpsf": 18.45870018005371,
            "sigmapsf": 0.07826700061559677,
            "magnr": 19.76099967956543,
            "sigmagnr": 0.12099999934434891,
            "magzpsci": 26.32069969177246,
            "isdiffpos": "t",
            "ssdistnr": null,
            "ssnamenr": null,
            "drb": null
        },
        {
            "candid": 2363318643615015005,
            "jd": 2460117.8186458,
            "ra": 257.4458137,
            "dec": 27.6230003,
            "fid": 1,
            "nid": 2363,
            "magpsf": 18.700300216674805,
            "sigmapsf": 0.09660200029611588,
            "magnr": 20.075000762939453,
            "sigmagnr": 0.0949999988079071,
            "magzpsci": 26.305299758911133,
            "isdiffpos": "t",
            "ssdistnr": null,
            "ssnamenr": null,
            "drb": null
        },
        {
            "candid": 2363340103615015006,
            "jd": 2460117.8401042,
            "ra": 257.4458386,
            "dec": 27.6230043,
            "fid": 2,
            "nid": 2363,
            "magpsf": 18.47319984436035,
            "sigmapsf": 0.0643479973077774,
            "magnr": 19.76099967956543,
            "sigmagnr": 0.12099999934434891,
            "magzpsci": 26.285200119018555,
            "isdiffpos": "t",
            "ssdistnr": null,
            "ssnamenr": null,
            "drb": null
        },
        {
            "candid": 2365322243615015002,
            "jd": 2460119.8222454,
            "ra": 257.4458171,
            "dec": 27.6230059,
            "fid": 2,
            "nid": 2365,
            "magpsf": 18.564199447631836,
            "sigmapsf": 0.07546199858188629,
            "magnr": 19.76099967956543,
            "sigmagnr": 0.12099999934434891,
            "magzpsci": 26.323200225830078,
            "isdiffpos": "t",
            "ssdistnr": null,
            "ssnamenr": null,
            "drb": null
        },
        {
            "candid": 2367274903615015002,
            "jd": 2460121.7749074,
            "ra": 257.4458646,
            "dec": 27.6229846,
            "fid": 2,
            "nid": 2367,
            "magpsf": 18.559099197387695,
            "sigmapsf": 0.0952330008149147,
            "magnr": 19.76099967956543,
            "sigmagnr": 0.12099999934434891,
            "magzpsci": 26.320100784301758,
            "isdiffpos": "t",
            "ssdistnr": null,
            "ssnamenr": null,
            "drb": null
        },
        {
            "candid": 2367385133615015004,
            "jd": 2460121.8851389,
            "ra": 257.4457967,
            "dec": 27.6230088,
            "fid": 1,
            "nid": 2367,
            "magpsf": 19.12660026550293,
            "sigmapsf": 0.11658500134944916,
            "magnr": 20.075000762939453,
            "sigmagnr": 0.0949999988079071,
            "magzpsci": 26.28660011291504,
            "isdiffpos": "t",
            "ssdistnr": null,
            "ssnamenr": null,
            "drb": null
        },
        {
            "candid": 2369253203615015006,
            "jd": 2460123.753206,
            "ra": 257.4458458,
            "dec": 27.6229882,
            "fid": 1,
            "nid": 2369,
            "magpsf": 19.15410041809082,
            "sigmapsf": 0.14283999800682068,
            "magnr": 20.075000762939453,
            "sigmagnr": 0.0949999988079071,
            "magzpsci": 26.291099548339844,
            "isdiffpos": "t",
            "ssdistnr": null,
            "ssnamenr": null,
            "drb": null
        },
        {
            "candid": 2371290113615015004,
            "jd": 2460125.7901157,
            "ra": 257.4458413,
            "dec": 27.6230129,
            "fid": 2,
            "nid": 2371,
            "magpsf": 18.660400390625,
            "sigmapsf": 0.08635000139474869,
            "magnr": 19.76099967956543,
            "sigmagnr": 0.12099999934434891,
            "magzpsci": 26.279399871826172,
            "isdiffpos": "t",
            "ssdistnr": null,
            "ssnamenr": null,
            "drb": null
        },
        {
            "candid": 2371352163615015004,
            "jd": 2460125.8521644,
            "ra": 257.4458448,
            "dec": 27.6230144,
            "fid": 1,
            "nid": 2371,
            "magpsf": 19.38920021057129,
            "sigmapsf": 0.16130100190639496,
            "magnr": 20.075000762939453,
            "sigmagnr": 0.0949999988079071,
            "magzpsci": 26.228200912475586,
            "isdiffpos": "t",
            "ssdistnr": null,
            "ssnamenr": null,
            "drb": null
        },
        {
            "candid": 2373204603615015002,
            "jd": 2460127.7046065,
            "ra": 257.4458097,
            "dec": 27.6230438,
            "fid": 1,
            "nid": 2373,
            "magpsf": 19.383499145507812,
            "sigmapsf": 0.2101690024137497,
            "magnr": 20.075000762939453,
            "sigmagnr": 0.0949999988079071,
            "magzpsci": 26.24250030517578,
            "isdiffpos": "t",
            "ssdistnr": null,
            "ssnamenr": null,
            "drb": null
        },
        {
            "candid": 2373274983615015004,
            "jd": 2460127.7749884,
            "ra": 257.4458345,
            "dec": 27.6230243,
            "fid": 2,
            "nid": 2373,
            "magpsf": 18.72209930419922,
            "sigmapsf": 0.12636800110340118,
            "magnr": 19.76099967956543,
            "sigmagnr": 0.12099999934434891,
            "magzpsci": 26.287099838256836,
            "isdiffpos": "t",
            "ssdistnr": null,
            "ssnamenr": null,
            "drb": null
        },
        {
            "candid": 2378207083615015004,
            "jd": 2460132.7070833,
            "ra": 257.44586,
            "dec": 27.6230206,
            "fid": 2,
            "nid": 2378,
            "magpsf": 19.072799682617188,
            "sigmapsf": 0.1178480014204979,
            "magnr": 19.76099967956543,
            "sigmagnr": 0.12099999934434891,
            "magzpsci": 26.324800491333008,
            "isdiffpos": "t",
            "ssdistnr": null,
            "ssnamenr": null,
            "drb": null
        },
        {
            "candid": 2381256013615015003,
            "jd": 2460135.7560185,
            "ra": 257.4457657,
            "dec": 27.6229777,
            "fid": 1,
            "nid": 2381,
            "magpsf": 20.343799591064453,
            "sigmapsf": 0.25286900997161865,
            "magnr": 20.075000762939453,
            "sigmagnr": 0.0949999988079071,
            "magzpsci": 26.32080078125,
            "isdiffpos": "t",
            "ssdistnr": null,
            "ssnamenr": null,
            "drb": null
        },
        {
            "candid": 2381309533615015011,
            "jd": 2460135.809537,
            "ra": 257.4458241,
            "dec": 27.6230134,
            "fid": 2,
            "nid": 2381,
            "magpsf": 19.23780059814453,
            "sigmapsf": 0.11241599917411804,
            "magnr": 19.76099967956543,
            "sigmagnr": 0.12099999934434891,
            "magzpsci": 26.324800491333008,
            "isdiffpos": "t",
            "ssdistnr": null,
            "ssnamenr": null,
            "drb": null
        },
        {
            "candid": 2383288133615015006,
            "jd": 2460137.7881366,
            "ra": 257.4458517,
            "dec": 27.6230052,
            "fid": 1,
            "nid": 2383,
            "magpsf": 20.4552001953125,
            "sigmapsf": 0.2311529964208603,
            "magnr": 20.075000762939453,
            "sigmagnr": 0.0949999988079071,
            "magzpsci": 26.254199981689453,
            "isdiffpos": "t",
            "ssdistnr": null,
            "ssnamenr": null,
            "drb": null
        },
        {
            "candid": 2385233003615015005,
            "jd": 2460139.7330093,
            "ra": 257.4458167,
            "dec": 27.6230163,
            "fid": 1,
            "nid": 2385,
            "magpsf": 20.316200256347656,
            "sigmapsf": 0.2327599972486496,
            "magnr": 20.075000762939453,
            "sigmagnr": 0.0949999988079071,
            "magzpsci": 26.261199951171875,
            "isdiffpos": "t",
            "ssdistnr": null,
            "ssnamenr": null,
            "drb": null
        },
        {
            "candid": 2385291503615015009,
            "jd": 2460139.7915046,
            "ra": 257.4458335,
            "dec": 27.6230151,
            "fid": 2,
            "nid": 2385,
            "magpsf": 19.471200942993164,
            "sigmapsf": 0.12101099640130997,
            "magnr": 19.76099967956543,
            "sigmagnr": 0.12099999934434891,
            "magzpsci": 26.297199249267578,
            "isdiffpos": "t",
            "ssdistnr": null,
            "ssnamenr": null,
            "drb": null
        },
        {
            "candid": 2387257463615015003,
            "jd": 2460141.7574653,
            "ra": 257.4458424,
            "dec": 27.6229866,
            "fid": 2,
            "nid": 2387,
            "magpsf": 19.484500885009766,
            "sigmapsf": 0.17408500611782074,
            "magnr": 19.76099967956543,
            "sigmagnr": 0.12099999934434891,
            "magzpsci": 26.238500595092773,
            "isdiffpos": "t",
            "ssdistnr": null,
            "ssnamenr": null,
            "drb": null
        },
        {
            "candid": 2387310983615015010,
            "jd": 2460141.8109838,
            "ra": 257.44567,
            "dec": 27.6230807,
            "fid": 1,
            "nid": 2387,
            "magpsf": 20.72249984741211,
            "sigmapsf": 0.31730300188064575,
            "magnr": 20.075000762939453,
            "sigmagnr": 0.0949999988079071,
            "magzpsci": 26.15850067138672,
            "isdiffpos": "t",
            "ssdistnr": null,
            "ssnamenr": null,
            "drb": null
        },
        {
            "candid": 2389275433615015008,
            "jd": 2460143.7754398,
            "ra": 257.4456145,
            "dec": 27.6231104,
            "fid": 1,
            "nid": 2389,
            "magpsf": 20.832000732421875,
            "sigmapsf": 0.3702020049095154,
            "magnr": 20.075000762939453,
            "sigmagnr": 0.0949999988079071,
            "magzpsci": 26.2810001373291,
            "isdiffpos": "t",
            "ssdistnr": null,
            "ssnamenr": null,
            "drb": null
        },
        {
            "candid": 2389340063615015004,
            "jd": 2460143.8400694,
            "ra": 257.4458457,
            "dec": 27.6229906,
            "fid": 2,
            "nid": 2389,
            "magpsf": 19.534000396728516,
            "sigmapsf": 0.12250299751758575,
            "magnr": 19.76099967956543,
            "sigmagnr": 0.12099999934434891,
            "magzpsci": 26.274999618530273,
            "isdiffpos": "t",
            "ssdistnr": null,
            "ssnamenr": null,
            "drb": null
        },
        {
            "candid": 2391291373615015003,
            "jd": 2460145.7913773,
            "ra": 257.4457866,
            "dec": 27.6230191,
            "fid": 2,
            "nid": 2391,
            "magpsf": 19.722900390625,
            "sigmapsf": 0.1775680035352707,
            "magnr": 19.76099967956543,
            "sigmagnr": 0.12099999934434891,
            "magzpsci": 26.314899444580078,
            "isdiffpos": "t",
            "ssdistnr": null,
            "ssnamenr": null,
            "drb": null
        },
        {
            "candid": 2393267893615015005,
            "jd": 2460147.7678935,
            "ra": 257.445832,
            "dec": 27.6229991,
            "fid": 2,
            "nid": 2393,
            "magpsf": 19.686100006103516,
            "sigmapsf": 0.12836399674415588,
            "magnr": 19.76099967956543,
            "sigmagnr": 0.12099999934434891,
            "magzpsci": 26.28510093688965,
            "isdiffpos": "t",
            "ssdistnr": null,
            "ssnamenr": null,
            "drb": null
        },
        {
            "candid": 2395256533615015010,
            "jd": 2460149.7565394,
            "ra": 257.4458458,
            "dec": 27.6230126,
            "fid": 2,
            "nid": 2395,
            "magpsf": 19.671100616455078,
            "sigmapsf": 0.15021300315856934,
            "magnr": 19.76099967956543,
            "sigmagnr": 0.12099999934434891,
            "magzpsci": 26.1830997467041,
            "isdiffpos": "t",
            "ssdistnr": null,
            "ssnamenr": null,
            "drb": null
        },
        {
            "candid": 2397326193615015004,
            "jd": 2460151.8261921,
            "ra": 257.4458106,
            "dec": 27.6230422,
            "fid": 1,
            "nid": 2397,
            "magpsf": 20.46739959716797,
            "sigmapsf": 0.2780750095844269,
            "magnr": 20.075000762939453,
            "sigmagnr": 0.0949999988079071,
            "magzpsci": 26.19339942932129,
            "isdiffpos": "t",
            "ssdistnr": null,
            "ssnamenr": null,
            "drb": null
        },
        {
            "candid": 2399240893615015000,
            "jd": 2460153.7408912,
            "ra": 257.4458005,
            "dec": 27.6229932,
            "fid": 2,
            "nid": 2399,
            "magpsf": 19.825000762939453,
            "sigmapsf": 0.1867610067129135,
            "magnr": 19.76099967956543,
            "sigmagnr": 0.12099999934434891,
            "magzpsci": 26.288999557495117,
            "isdiffpos": "t",
            "ssdistnr": null,
            "ssnamenr": null,
            "drb": null
        },
        {
            "candid": 2401290153615015003,
            "jd": 2460155.7901505,
            "ra": 257.4458814,
            "dec": 27.623096,
            "fid": 2,
            "nid": 2401,
            "magpsf": 19.74340057373047,
            "sigmapsf": 0.23816600441932678,
            "magnr": 19.76099967956543,
            "sigmagnr": 0.12099999934434891,
            "magzpsci": 26.24340057373047,
            "isdiffpos": "t",
            "ssdistnr": null,
            "ssnamenr": null,
            "drb": null
        },
        {
            "candid": 2409288323615015002,
            "jd": 2460163.7883218,
            "ra": 257.4458992,
            "dec": 27.6230132,
            "fid": 2,
            "nid": 2409,
            "magpsf": 19.940799713134766,
            "sigmapsf": 0.18262499570846558,
            "magnr": 19.76099967956543,
            "sigmagnr": 0.12099999934434891,
            "magzpsci": 26.2947998046875,
            "isdiffpos": "t",
            "ssdistnr": null,
            "ssnamenr": null,
            "drb": null
        },
        {
            "candid": 2415290063615015004,
            "jd": 2460169.7900694,
            "ra": 257.4457734,
            "dec": 27.6230103,
            "fid": 2,
            "nid": 2415,
            "magpsf": 20.038799285888672,
            "sigmapsf": 0.24802100658416748,
            "magnr": 19.76099967956543,
            "sigmagnr": 0.12099999934434891,
            "magzpsci": 26.26180076599121,
            "isdiffpos": "t",
            "ssdistnr": null,
            "ssnamenr": null,
            "drb": null
        },
        {
            "candid": 2417216153615015004,
            "jd": 2460171.7161574,
            "ra": 257.4458448,
            "dec": 27.6230094,
            "fid": 2,
            "nid": 2417,
            "magpsf": 20.117734909057617,
            "sigmapsf": 0.20722441375255585,
            "magnr": 19.76099967956543,
            "sigmagnr": 0.12099999934434891,
            "magzpsci": 26.28073501586914,
            "isdiffpos": "t",
            "ssdistnr": -999.0,
            "ssnamenr": "null",
            "drb": null
        },
        {
            "jd": 2460076.8626736,
            "fid": 2,
            "diffmaglim": 20.677499771118164
        },
        {
            "jd": 2460078.8581944,
            "fid": 1,
            "diffmaglim": 20.822799682617188
        },
        {
            "jd": 2460078.9027083,
            "fid": 2,
            "diffmaglim": 20.81130027770996
        },
        {
            "jd": 2460081.8195718,
            "fid": 1,
            "diffmaglim": 20.64550018310547
        },
        {
            "jd": 2460081.8921296,
            "fid": 2,
            "diffmaglim": 20.82360076904297
        },
        {
            "jd": 2460083.8034144,
            "fid": 2,
            "diffmaglim": 20.737699508666992
        },
        {
            "jd": 2460085.8744097,
            "fid": 1,
            "diffmaglim": 20.749399185180664
        },
        {
            "jd": 2460085.9071296,
            "fid": 2,
            "diffmaglim": 20.52389907836914
        },
        {
            "jd": 2460087.8775694,
            "fid": 2,
            "diffmaglim": 20.562000274658203
        },
        {
            "jd": 2460087.9277431,
            "fid": 1,
            "diffmaglim": 20.903400421142578
        },
        {
            "jd": 2460089.9110069,
            "fid": 1,
            "diffmaglim": 20.900100708007812
        },
        {
            "jd": 2460091.8698958,
            "fid": 2,
            "diffmaglim": 20.781999588012695
        },
        {
            "jd": 2460091.9287037,
            "fid": 1,
            "diffmaglim": 20.88279914855957
        },
        {
            "jd": 2460097.9329282,
            "fid": 1,
            "diffmaglim": 19.854400634765625
        },
        {
            "jd": 2460099.8865856,
            "fid": 2,
            "diffmaglim": 19.57990074157715
        },
        {
            "jd": 2460099.925081,
            "fid": 1,
            "diffmaglim": 19.309799194335938
        },
        {
            "jd": 2460101.8625347,
            "fid": 2,
            "diffmaglim": 19.920499801635742
        },
        {
            "jd": 2460105.8627083,
            "fid": 1,
            "diffmaglim": 18.16659927368164
        },
        {
            "jd": 2460137.7566204,
            "fid": 2,
            "diffmaglim": 20.656600952148438
        },
        {
            "jd": 2460145.831412,
            "fid": 1,
            "diffmaglim": 20.633800506591797
        },
        {
            "jd": 2460147.8106134,
            "fid": 1,
            "diffmaglim": 20.59469985961914
        },
        {
            "jd": 2460149.7896528,
            "fid": 1,
            "diffmaglim": 20.67690086364746
        },
        {
            "jd": 2460153.8040741,
            "fid": 1,
            "diffmaglim": 20.13920021057129
        },
        {
            "jd": 2460155.7659722,
            "fid": 1,
            "diffmaglim": 19.822599411010742
        },
        {
            "jd": 2460161.7871065,
            "fid": 1,
            "diffmaglim": 20.078699111938477
        },
        {
            "jd": 2460161.8437963,
            "fid": 2,
            "diffmaglim": 20.01300048828125
        },
        {
            "jd": 2460163.7469444,
            "fid": 1,
            "diffmaglim": 20.70050048828125
        },
        {
            "jd": 2460165.7488773,
            "fid": 1,
            "diffmaglim": 20.690099716186523
        }
    ],
    "forcedphot": []
}