{
    "objectId": "ZTF20abpzatb",
    "candidates": [
        {
            "candid": 1295433594615015013,
            "jd": 2459049.9335995,
            "ra": 41.3217577,
            "dec": 40.8501992,
            "fid": 2,
            "nid": 1295,
            "magpsf": 20.907100677490234,
            "sigmapsf": 0.3208880126476288,
            "magnr": 21.981000900268555,
            "sigmagnr": 0.11500000208616257,
            "magzpsci": 26.267099380493164,
            "isdiffpos": "t",
            "ssdistnr": -999.0,
            "ssnamenr": "-999.0",
            "drb": null
        },
        {
            "candid": 1308495174615015031,
            "jd": 2459062.9951736,
            "ra": 41.321731,
            "dec": 40.8502421,
            "fid": 2,
            "nid": 1308,
            "magpsf": 20.239200592041016,
            "sigmapsf": 0.21627800166606903,
            "magnr": 21.981000900268555,
            "sigmagnr": 0.11500000208616257,
            "magzpsci": 26.289199829101562,
            "isdiffpos": "t",
            "ssdistnr": -999.0,
            "ssnamenr": "null",
            "drb": 0.9940329790115356
        },
        {
            "candid": 1309406113515015011,
            "jd": 2459063.9061111,
            "ra": 41.3216849,
            "dec": 40.8500686,
            "fid": 2,
            "nid": 1309,
            "magpsf": 19.949100494384766,
            "sigmapsf": 0.3596549928188324,
            "magnr": 21.41699981689453,
            "sigmagnr": 0.11400000005960464,
            "magzpsci": 26.3031005859375,
            "isdiffpos": "t",
            "ssdistnr": -999.0,
            "ssnamenr": "-999.0",
            "drb": null
        },
        {
            "candid": 1310412784615015006,
            "jd": 2459064.9127894,
            "ra": 41.3217126,
            "dec": 40.8503561,
            "fid": 2,
            "nid": 1310,
            "magpsf": 19.78890037536621,
            "sigmapsf": 0.2633650004863739,
            "magnr": 21.981000900268555,
            "sigmagnr": 0.11500000208616257,
            "magzpsci": 26.261899948120117,
            "isdiffpos": "t",
            "ssdistnr": -999.0,
            "ssnamenr": "-999.0",
            "drb": null
        },
        {
            "candid": 1311413144615015007,
            "jd": 2459065.9131481,
            "ra": 41.3216081,
            "dec": 40.8502647,
            "fid": 2,
            "nid": 1311,
            "magpsf": 19.86549949645996,
            "sigmapsf": 0.2693449854850769,
            "magnr": 21.981000900268555,
            "sigmagnr": 0.11500000208616257,
            "magzpsci": 26.238500595092773,
            "isdiffpos": "t",
            "ssdistnr": -999.0,
            "ssnamenr": "-999.0",
            "drb": null
        },
        {
            "candid": 1311472894615015003,
            "jd": 2459065.9728935,
            "ra": 41.3217174,
            "dec": 40.8501818,
            "fid": 1,
            "nid": 1311,
            "magpsf": 19.786100387573242,
            "sigmapsf": 0.273501992225647,
            "magnr": 22.02400016784668,
            "sigmagnr": 0.13600000739097595,
            "magzpsci": 26.289100646972656,
            "isdiffpos": "t",
            "ssdistnr": -999.0,
            "ssnamenr": "-999.0",
            "drb": null
        },
        {
            "candid": 1312467183515015009,
            "jd": 2459066.9671875,
            "ra": 41.3217115,
            "dec": 40.8502459,
            "fid": 2,
            "nid": 1312,
            "magpsf": 20.046199798583984,
            "sigmapsf": 0.23289699852466583,
            "magnr": 21.41699981689453,
            "sigmagnr": 0.11400000005960464,
            "magzpsci": 26.325199127197266,
            "isdiffpos": "t",
            "ssdistnr": -999.0,
            "ssnamenr": "-999.0",
            "drb": null
        },
        {
            "candid": 1313452313515015015,
            "jd": 2459067.9523148,
            "ra": 41.321701,
            "dec": 40.8501893,
            "fid": 2,
            "nid": 1313,
            "magpsf": 19.787700653076172,
            "sigmapsf": 0.18468299508094788,
            "magnr": 21.41699981689453,
            "sigmagnr": 0.11400000005960464,
            "magzpsci": 26.347700119018555,
            "isdiffpos": "t",
            "ssdistnr": -999.0,
            "ssnamenr": "null",
            "drb": 0.999813973903656
        },
        {
            "candid": 1314415563515015016,
            "jd": 2459068.9155671,
            "ra": 41.3217849,
            "dec": 40.8502051,
            "fid": 2,
            "nid": 1314,
            "magpsf": 19.73699951171875,
            "sigmapsf": 0.15541300177574158,
            "magnr": 21.41699981689453,
            "sigmagnr": 0.11400000005960464,
            "magzpsci": 26.327999114990234,
            "isdiffpos": "t",
            "ssdistnr": -999.0,
            "ssnamenr": "null",
            "drb": 0.9999960064888
        },
        {
            "candid": 1314422433515015014,
            "jd": 2459068.9224306,
            "ra": 41.3217978,
            "dec": 40.8502714,
            "fid": 2,
            "nid": 1314,
            "magpsf": 19.778099060058594,
            "sigmapsf": 0.17632900178432465,
            "magnr": 21.41699981689453,
            "sigmagnr": 0.11400000005960464,
            "magzpsci": 26.33009910583496,
            "isdiffpos": "t",
            "ssdistnr": -999.0,
            "ssnamenr": "null",
            "drb": 0.9998739957809448
        },
        {
            "candid": 1314427234615015017,
            "jd": 2459068.9272338,
            "ra": 41.3217163,
            "dec": 40.8502339,
            "fid": 2,
            "nid": 1314,
            "magpsf": 19.729799270629883,
            "sigmapsf": 0.197270005941391,
            "magnr": 21.981000900268555,
            "sigmagnr": 0.11500000208616257,
            "magzpsci": 26.298799514770508,
            "isdiffpos": "t",
            "ssdistnr": -999.0,
            "ssnamenr": "null",
            "drb": 0.9890710115432739
        },
        {
            "candid": 1314481794615015008,
            "jd": 2459068.981794,
            "ra": 41.3217642,
            "dec": 40.8502494,
            "fid": 1,
            "nid": 1314,
            "magpsf": 19.89310073852539,
            "sigmapsf": 0.21165500581264496,
            "magnr": 22.02400016784668,
            "sigmagnr": 0.13600000739097595,
            "magzpsci": 26.36210060119629,
            "isdiffpos": "t",
            "ssdistnr": -999.0,
            "ssnamenr": "null",
            "drb": 0.9997959733009338
        },
        {
            "candid": 1314494584615015013,
            "jd": 2459068.9945833,
            "ra": 41.3216595,
            "dec": 40.8502444,
            "fid": 1,
            "nid": 1314,
            "magpsf": 19.889699935913086,
            "sigmapsf": 0.19172200560569763,
            "magnr": 22.02400016784668,
            "sigmagnr": 0.13600000739097595,
            "magzpsci": 26.384700775146484,
            "isdiffpos": "t",
            "ssdistnr": -999.0,
            "ssnamenr": "null",
            "drb": 0.9997050166130066
        },
        {
            "candid": 1314495043515015028,
            "jd": 2459068.9950463,
            "ra": 41.3217294,
            "dec": 40.850171,
            "fid": 1,
            "nid": 1314,
            "magpsf": 19.799299240112305,
            "sigmapsf": 0.2375669926404953,
            "magnr": 21.864999771118164,
            "sigmagnr": 0.1599999964237213,
            "magzpsci": 26.358299255371094,
            "isdiffpos": "t",
            "ssdistnr": -999.0,
            "ssnamenr": "-999.0",
            "drb": null
        },
        {
            "candid": 1315388933515015012,
            "jd": 2459069.8889352,
            "ra": 41.3218087,
            "dec": 40.850185,
            "fid": 1,
            "nid": 1315,
            "magpsf": 19.82430076599121,
            "sigmapsf": 0.2581149935722351,
            "magnr": 21.864999771118164,
            "sigmagnr": 0.1599999964237213,
            "magzpsci": 26.271299362182617,
            "isdiffpos": "t",
            "ssdistnr": -999.0,
            "ssnamenr": "-999.0",
            "drb": null
        },
        {
            "candid": 1315464783515015009,
            "jd": 2459069.9647801,
            "ra": 41.3217741,
            "dec": 40.8502092,
            "fid": 2,
            "nid": 1315,
            "magpsf": 19.908899307250977,
            "sigmapsf": 0.20009200274944305,
            "magnr": 21.41699981689453,
            "sigmagnr": 0.11400000005960464,
            "magzpsci": 26.342899322509766,
            "isdiffpos": "t",
            "ssdistnr": -999.0,
            "ssnamenr": "null",
            "drb": 0.7777019739151001
        },
        {
            "candid": 1315472393515015020,
            "jd": 2459069.9723958,
            "ra": 41.3217119,
            "dec": 40.8502245,
            "fid": 2,
            "nid": 1315,
            "magpsf": 19.91080093383789,
            "sigmapsf": 0.17242300510406494,
            "magnr": 21.41699981689453,
            "sigmagnr": 0.11400000005960464,
            "magzpsci": 26.34280014038086,
            "isdiffpos": "t",
            "ssdistnr": -999.0,
            "ssnamenr": "null",
            "drb": 0.9945399761199951
        },
        {
            "candid": 1317381363515015013,
            "jd": 2459071.8813657,
            "ra": 41.3216627,
            "dec": 40.8502247,
            "fid": 2,
            "nid": 1317,
            "magpsf": 19.768800735473633,
            "sigmapsf": 0.20830899477005005,
            "magnr": 21.41699981689453,
            "sigmagnr": 0.11400000005960464,
            "magzpsci": 26.303800582885742,
            "isdiffpos": "t",
            "ssdistnr": -999.0,
            "ssnamenr": "null",
            "drb": 0.9990339875221252
        },
        {
            "candid": 1317461203515015013,
            "jd": 2459071.9612037,
            "ra": 41.3216811,
            "dec": 40.850227,
            "fid": 1,
            "nid": 1317,
            "magpsf": 19.599599838256836,
            "sigmapsf": 0.21427500247955322,
            "magnr": 21.864999771118164,
            "sigmagnr": 0.1599999964237213,
            "magzpsci": 26.329599380493164,
            "isdiffpos": "t",
            "ssdistnr": -999.0,
            "ssnamenr": "null",
            "drb": 0.998121976852417
        },
        {
            "candid": 1317464493515015024,
            "jd": 2459071.9644907,
            "ra": 41.3216652,
            "dec": 40.8501782,
            "fid": 1,
            "nid": 1317,
            "magpsf": 19.706100463867188,
            "sigmapsf": 0.1603270024061203,
            "magnr": 21.864999771118164,
            "sigmagnr": 0.1599999964237213,
            "magzpsci": 26.329099655151367,
            "isdiffpos": "t",
            "ssdistnr": -999.0,
            "ssnamenr": "null",
            "drb": 0.9999989867210388
        },
        {
            "candid": 1318443573515015003,
            "jd": 2459072.9435764,
            "ra": 41.3216533,
            "dec": 40.8502598,
            "fid": 1,
            "nid": 1318,
            "magpsf": 19.752899169921875,
            "sigmapsf": 0.20414899289608002,
            "magnr": 21.864999771118164,
            "sigmagnr": 0.1599999964237213,
            "magzpsci": 26.29290008544922,
            "isdiffpos": "t",
            "ssdistnr": -999.0,
            "ssnamenr": "null",
            "drb": 0.9996039867401123
        },
        {
            "candid": 1318444514615015012,
            "jd": 2459072.9445139,
            "ra": 41.3217181,
            "dec": 40.8502458,
            "fid": 1,
            "nid": 1318,
            "magpsf": 19.65999984741211,
            "sigmapsf": 0.14316900074481964,
            "magnr": 22.02400016784668,
            "sigmagnr": 0.13600000739097595,
            "magzpsci": 26.320999145507812,
            "isdiffpos": "t",
            "ssdistnr": -999.0,
            "ssnamenr": "null",
            "drb": 0.9988920092582703
        },
        {
            "candid": 1318450263515015022,
            "jd": 2459072.9502662,
            "ra": 41.3217179,
            "dec": 40.850194,
            "fid": 1,
            "nid": 1318,
            "magpsf": 19.506799697875977,
            "sigmapsf": 0.20886799693107605,
            "magnr": 21.864999771118164,
            "sigmagnr": 0.1599999964237213,
            "magzpsci": 26.300800323486328,
            "isdiffpos": "t",
            "ssdistnr": -999.0,
            "ssnamenr": "null",
            "drb": 0.9993939995765686
        },
        {
            "candid": 1318485384615015009,
            "jd": 2459072.9853819,
            "ra": 41.321713,
            "dec": 40.8502478,
            "fid": 2,
            "nid": 1318,
            "magpsf": 19.653099060058594,
            "sigmapsf": 0.12990599870681763,
            "magnr": 21.981000900268555,
            "sigmagnr": 0.11500000208616257,
            "magzpsci": 26.306100845336914,
            "isdiffpos": "t",
            "ssdistnr": -999.0,
            "ssnamenr": "null",
            "drb": 0.9999780058860779
        },
        {
            "candid": 1318485843515015007,
            "jd": 2459072.9858449,
            "ra": 41.3217028,
            "dec": 40.8502101,
            "fid": 2,
            "nid": 1318,
            "magpsf": 19.539100646972656,
            "sigmapsf": 0.16571299731731415,
            "magnr": 21.41699981689453,
            "sigmagnr": 0.11400000005960464,
            "magzpsci": 26.32110023498535,
            "isdiffpos": "t",
            "ssdistnr": -999.0,
            "ssnamenr": "null",
            "drb": 0.9973840117454529
        },
        {
            "candid": 1319403413515015008,
            "jd": 2459073.9034144,
            "ra": 41.321787,
            "dec": 40.8501649,
            "fid": 1,
            "nid": 1319,
            "magpsf": 19.349300384521484,
            "sigmapsf": 0.16882899403572083,
            "magnr": 21.864999771118164,
            "sigmagnr": 0.1599999964237213,
            "magzpsci": 26.273300170898438,
            "isdiffpos": "t",
            "ssdistnr": -999.0,
            "ssnamenr": "null",
            "drb": 0.9999930262565613
        },
        {
            "candid": 1319434823515015015,
            "jd": 2459073.9348264,
            "ra": 41.321703,
            "dec": 40.8502052,
            "fid": 1,
            "nid": 1319,
            "magpsf": 19.490699768066406,
            "sigmapsf": 0.16780200600624084,
            "magnr": 21.864999771118164,
            "sigmagnr": 0.1599999964237213,
            "magzpsci": 26.292699813842773,
            "isdiffpos": "t",
            "ssdistnr": -999.0,
            "ssnamenr": "null",
            "drb": 1.0
        },
        {
            "candid": 1319469273515015031,
            "jd": 2459073.9692708,
            "ra": 41.321689,
            "dec": 40.8501782,
            "fid": 2,
            "nid": 1319,
            "magpsf": 19.563100814819336,
            "sigmapsf": 0.1528249979019165,
            "magnr": 21.41699981689453,
            "sigmagnr": 0.11400000005960464,
            "magzpsci": 26.306100845336914,
            "isdiffpos": "t",
            "ssdistnr": -999.0,
            "ssnamenr": "null",
            "drb": 0.9999949932098389
        },
        {
            "candid": 1321424503515015013,
            "jd": 2459075.9245023,
            "ra": 41.3216935,
            "dec": 40.8501794,
            "fid": 1,
            "nid": 1321,
            "magpsf": 19.503299713134766,
            "sigmapsf": 0.12522900104522705,
            "magnr": 21.864999771118164,
            "sigmagnr": 0.1599999964237213,
            "magzpsci": 26.191299438476562,
            "isdiffpos": "t",
            "ssdistnr": -999.0,
            "ssnamenr": "null",
            "drb": 0.9999989867210388
        },
        {
            "candid": 1321445463515015008,
            "jd": 2459075.945463,
            "ra": 41.3216866,
            "dec": 40.8501896,
            "fid": 1,
            "nid": 1321,
            "magpsf": 19.54010009765625,
            "sigmapsf": 0.16628000140190125,
            "magnr": 21.864999771118164,
            "sigmagnr": 0.1599999964237213,
            "magzpsci": 26.191099166870117,
            "isdiffpos": "t",
            "ssdistnr": -999.0,
            "ssnamenr": "null",
            "drb": 0.9999859929084778
        },
        {
            "candid": 1321471953515015024,
            "jd": 2459075.971956,
            "ra": 41.3217337,
            "dec": 40.8502253,
            "fid": 2,
            "nid": 1321,
            "magpsf": 19.531299591064453,
            "sigmapsf": 0.13858099281787872,
            "magnr": 21.41699981689453,
            "sigmagnr": 0.11400000005960464,
            "magzpsci": 26.2632999420166,
            "isdiffpos": "t",
            "ssdistnr": -999.0,
            "ssnamenr": "null",
            "drb": 0.9833080172538757
        },
        {
            "candid": 1322428913515015022,
            "jd": 2459076.928912,
            "ra": 41.321704,
            "dec": 40.8502022,
            "fid": 2,
            "nid": 1322,
            "magpsf": 19.485200881958008,
            "sigmapsf": 0.11901400238275528,
            "magnr": 21.41699981689453,
            "sigmagnr": 0.11400000005960464,
            "magzpsci": 26.250200271606445,
            "isdiffpos": "t",
            "ssdistnr": -999.0,
            "ssnamenr": "null",
            "drb": 0.9999949932098389
        },
        {
            "candid": 1322433224615015023,
            "jd": 2459076.9332292,
            "ra": 41.3217564,
            "dec": 40.8502008,
            "fid": 2,
            "nid": 1322,
            "magpsf": 19.4867000579834,
            "sigmapsf": 0.12226200103759766,
            "magnr": 21.981000900268555,
            "sigmagnr": 0.11500000208616257,
            "magzpsci": 26.2367000579834,
            "isdiffpos": "t",
            "ssdistnr": -999.0,
            "ssnamenr": "null",
            "drb": 0.9998999834060669
        },
        {
            "candid": 1322436573515015012,
            "jd": 2459076.9365741,
            "ra": 41.3217302,
            "dec": 40.8501809,
            "fid": 2,
            "nid": 1322,
            "magpsf": 19.552600860595703,
            "sigmapsf": 0.1408649981021881,
            "magnr": 21.41699981689453,
            "sigmagnr": 0.11400000005960464,
            "magzpsci": 26.253599166870117,
            "isdiffpos": "t",
            "ssdistnr": -999.0,
            "ssnamenr": "null",
            "drb": 0.9999949932098389
        },
        {
            "candid": 1322467933515015033,
            "jd": 2459076.9679398,
            "ra": 41.3216669,
            "dec": 40.8502139,
            "fid": 1,
            "nid": 1322,
            "magpsf": 19.57819938659668,
            "sigmapsf": 0.11712799966335297,
            "magnr": 21.864999771118164,
            "sigmagnr": 0.1599999964237213,
            "magzpsci": 26.241199493408203,
            "isdiffpos": "t",
            "ssdistnr": -999.0,
            "ssnamenr": "null",
            "drb": 0.9999499917030334
        },
        {
            "candid": 1322468404615015017,
            "jd": 2459076.9684028,
            "ra": 41.3217464,
            "dec": 40.85023,
            "fid": 1,
            "nid": 1322,
            "magpsf": 19.650299072265625,
            "sigmapsf": 0.11428099870681763,
            "magnr": 22.02400016784668,
            "sigmagnr": 0.13600000739097595,
            "magzpsci": 26.292299270629883,
            "isdiffpos": "t",
            "ssdistnr": -999.0,
            "ssnamenr": "null",
            "drb": 0.9999920129776001
        },
        {
            "candid": 1322478374615015025,
            "jd": 2459076.9783796,
            "ra": 41.3217498,
            "dec": 40.850208,
            "fid": 1,
            "nid": 1322,
            "magpsf": 19.552600860595703,
            "sigmapsf": 0.11438000202178955,
            "magnr": 22.02400016784668,
            "sigmagnr": 0.13600000739097595,
            "magzpsci": 26.287599563598633,
            "isdiffpos": "t",
            "ssdistnr": -999.0,
            "ssnamenr": "null",
            "drb": 0.9999979734420776
        },
        {
            "candid": 1322478853515015017,
            "jd": 2459076.9788542,
            "ra": 41.3216703,
            "dec": 40.850226,
            "fid": 1,
            "nid": 1322,
            "magpsf": 19.62779998779297,
            "sigmapsf": 0.14952899515628815,
            "magnr": 21.864999771118164,
            "sigmagnr": 0.1599999964237213,
            "magzpsci": 26.240800857543945,
            "isdiffpos": "t",
            "ssdistnr": -999.0,
            "ssnamenr": "null",
            "drb": 0.9998720288276672
        },
        {
            "candid": 1323425033515015022,
            "jd": 2459077.9250347,
            "ra": 41.3216386,
            "dec": 40.8501926,
            "fid": 1,
            "nid": 1323,
            "magpsf": 19.580799102783203,
            "sigmapsf": 0.14144599437713623,
            "magnr": 21.864999771118164,
            "sigmagnr": 0.1599999964237213,
            "magzpsci": 26.201799392700195,
            "isdiffpos": "t",
            "ssdistnr": -999.0,
            "ssnamenr": "null",
            "drb": 0.9999579787254333
        },
        {
            "candid": 1323425974615015022,
            "jd": 2459077.9259722,
            "ra": 41.3217409,
            "dec": 40.8502273,
            "fid": 1,
            "nid": 1323,
            "magpsf": 19.406099319458008,
            "sigmapsf": 0.10299500077962875,
            "magnr": 22.02400016784668,
            "sigmagnr": 0.13600000739097595,
            "magzpsci": 26.241100311279297,
            "isdiffpos": "t",
            "ssdistnr": -999.0,
            "ssnamenr": "null",
            "drb": 1.0
        },
        {
            "candid": 1323443033515015012,
            "jd": 2459077.9430324,
            "ra": 41.3217206,
            "dec": 40.8502301,
            "fid": 2,
            "nid": 1323,
            "magpsf": 19.462400436401367,
            "sigmapsf": 0.11950100213289261,
            "magnr": 21.41699981689453,
            "sigmagnr": 0.11400000005960464,
            "magzpsci": 26.27739906311035,
            "isdiffpos": "t",
            "ssdistnr": -999.0,
            "ssnamenr": "null",
            "drb": 0.9985089898109436
        },
        {
            "candid": 1323460344615015021,
            "jd": 2459077.9603472,
            "ra": 41.3217774,
            "dec": 40.8502244,
            "fid": 2,
            "nid": 1323,
            "magpsf": 19.534000396728516,
            "sigmapsf": 0.09397000074386597,
            "magnr": 21.981000900268555,
            "sigmagnr": 0.11500000208616257,
            "magzpsci": 26.256000518798828,
            "isdiffpos": "t",
            "ssdistnr": -999.0,
            "ssnamenr": "null",
            "drb": 1.0
        },
        {
            "candid": 1325473343515015023,
            "jd": 2459079.9733449,
            "ra": 41.3216404,
            "dec": 40.8502258,
            "fid": 1,
            "nid": 1325,
            "magpsf": 19.641000747680664,
            "sigmapsf": 0.13753800094127655,
            "magnr": 21.864999771118164,
            "sigmagnr": 0.1599999964237213,
            "magzpsci": 26.04800033569336,
            "isdiffpos": "t",
            "ssdistnr": -999.0,
            "ssnamenr": "null",
            "drb": 0.9999250173568726
        },
        {
            "candid": 1326451733515015022,
            "jd": 2459080.9517361,
            "ra": 41.3216703,
            "dec": 40.8502192,
            "fid": 1,
            "nid": 1326,
            "magpsf": 19.68239974975586,
            "sigmapsf": 0.14357000589370728,
            "magnr": 21.864999771118164,
            "sigmagnr": 0.1599999964237213,
            "magzpsci": 26.028400421142578,
            "isdiffpos": "t",
            "ssdistnr": -999.0,
            "ssnamenr": "null",
            "drb": 0.9999979734420776
        },
        {
            "candid": 1326452194615015032,
            "jd": 2459080.9521991,
            "ra": 41.3217282,
            "dec": 40.85021,
            "fid": 1,
            "nid": 1326,
            "magpsf": 19.535400390625,
            "sigmapsf": 0.1193310022354126,
            "magnr": 22.02400016784668,
            "sigmagnr": 0.13600000739097595,
            "magzpsci": 26.07740020751953,
            "isdiffpos": "t",
            "ssdistnr": -999.0,
            "ssnamenr": "null",
            "drb": 0.9999989867210388
        },
        {
            "candid": 1326470484615015031,
            "jd": 2459080.9704861,
            "ra": 41.3216993,
            "dec": 40.850223,
            "fid": 1,
            "nid": 1326,
            "magpsf": 19.567899703979492,
            "sigmapsf": 0.1049249991774559,
            "magnr": 22.02400016784668,
            "sigmagnr": 0.13600000739097595,
            "magzpsci": 26.105899810791016,
            "isdiffpos": "t",
            "ssdistnr": -999.0,
            "ssnamenr": "null",
            "drb": 0.9999989867210388
        },
        {
            "candid": 1326470943515015027,
            "jd": 2459080.9709491,
            "ra": 41.3216127,
            "dec": 40.8502029,
            "fid": 1,
            "nid": 1326,
            "magpsf": 19.616600036621094,
            "sigmapsf": 0.15497499704360962,
            "magnr": 21.864999771118164,
            "sigmagnr": 0.1599999964237213,
            "magzpsci": 26.04759979248047,
            "isdiffpos": "t",
            "ssdistnr": -999.0,
            "ssnamenr": "null",
            "drb": 0.9998559951782227
        },
        {
            "candid": 1326487013515015024,
            "jd": 2459080.9870139,
            "ra": 41.3216895,
            "dec": 40.8502112,
            "fid": 2,
            "nid": 1326,
            "magpsf": 19.618900299072266,
            "sigmapsf": 0.15049800276756287,
            "magnr": 21.41699981689453,
            "sigmagnr": 0.11400000005960464,
            "magzpsci": 26.159900665283203,
            "isdiffpos": "t",
            "ssdistnr": -999.0,
            "ssnamenr": "null",
            "drb": 0.9999989867210388
        },
        {
            "candid": 1326487484615015026,
            "jd": 2459080.9874884,
            "ra": 41.3217741,
            "dec": 40.850255,
            "fid": 2,
            "nid": 1326,
            "magpsf": 19.514699935913086,
            "sigmapsf": 0.11736500263214111,
            "magnr": 21.981000900268555,
            "sigmagnr": 0.11500000208616257,
            "magzpsci": 26.154699325561523,
            "isdiffpos": "t",
            "ssdistnr": -999.0,
            "ssnamenr": "null",
            "drb": 0.9999250173568726
        },
        {
            "candid": 1326506774615015007,
            "jd": 2459081.0067708,
            "ra": 41.321699,
            "dec": 40.8502237,
            "fid": 2,
            "nid": 1326,
            "magpsf": 19.414600372314453,
            "sigmapsf": 0.11554799973964691,
            "magnr": 21.981000900268555,
            "sigmagnr": 0.11500000208616257,
            "magzpsci": 26.147600173950195,
            "isdiffpos": "t",
            "ssdistnr": -999.0,
            "ssnamenr": "null",
            "drb": 0.9993730187416077
        },
        {
            "candid": 1326508183515015020,
            "jd": 2459081.0081829,
            "ra": 41.3217328,
            "dec": 40.8502305,
            "fid": 2,
            "nid": 1326,
            "magpsf": 19.47209930419922,
            "sigmapsf": 0.1432339996099472,
            "magnr": 21.41699981689453,
            "sigmagnr": 0.11400000005960464,
            "magzpsci": 26.17609977722168,
            "isdiffpos": "t",
            "ssdistnr": -999.0,
            "ssnamenr": "null",
            "drb": 0.9546099901199341
        },
        {
            "candid": 1327434683515015013,
            "jd": 2459081.9346875,
            "ra": 41.3216856,
            "dec": 40.8501982,
            "fid": 2,
            "nid": 1327,
            "magpsf": 19.524499893188477,
            "sigmapsf": 0.11646699905395508,
            "magnr": 21.41699981689453,
            "sigmagnr": 0.11400000005960464,
            "magzpsci": 26.161500930786133,
            "isdiffpos": "t",
            "ssdistnr": -999.0,
            "ssnamenr": "null",
            "drb": 0.9987009763717651
        },
        {
            "candid": 1327452004615015039,
            "jd": 2459081.9520023,
            "ra": 41.3217681,
            "dec": 40.8502297,
            "fid": 2,
            "nid": 1327,
            "magpsf": 19.489500045776367,
            "sigmapsf": 0.10821499675512314,
            "magnr": 21.981000900268555,
            "sigmagnr": 0.11500000208616257,
            "magzpsci": 26.151500701904297,
            "isdiffpos": "t",
            "ssdistnr": -999.0,
            "ssnamenr": "null",
            "drb": 0.8552039861679077
        },
        {
            "candid": 1327452463515015023,
            "jd": 2459081.9524653,
            "ra": 41.3216978,
            "dec": 40.8502421,
            "fid": 2,
            "nid": 1327,
            "magpsf": 19.62220001220703,
            "sigmapsf": 0.1502159982919693,
            "magnr": 21.41699981689453,
            "sigmagnr": 0.11400000005960464,
            "magzpsci": 26.162200927734375,
            "isdiffpos": "t",
            "ssdistnr": -999.0,
            "ssnamenr": "null",
            "drb": 0.9986969828605652
        },
        {
            "candid": 1327457894615015016,
            "jd": 2459081.9578935,
            "ra": 41.3217124,
            "dec": 40.8502299,
            "fid": 2,
            "nid": 1327,
            "magpsf": 19.52720069885254,
            "sigmapsf": 0.1016480028629303,
            "magnr": 21.981000900268555,
            "sigmagnr": 0.11500000208616257,
            "magzpsci": 26.15719985961914,
            "isdiffpos": "t",
            "ssdistnr": -999.0,
            "ssnamenr": "null",
            "drb": 0.999858021736145
        },
        {
            "candid": 1327474974615015017,
            "jd": 2459081.9749769,
            "ra": 41.3217354,
            "dec": 40.8502052,
            "fid": 1,
            "nid": 1327,
            "magpsf": 19.62849998474121,
            "sigmapsf": 0.11430300027132034,
            "magnr": 22.02400016784668,
            "sigmagnr": 0.13600000739097595,
            "magzpsci": 26.06049919128418,
            "isdiffpos": "t",
            "ssdistnr": -999.0,
            "ssnamenr": "null",
            "drb": 0.9999300241470337
        },
        {
            "candid": 1327475453515015040,
            "jd": 2459081.9754514,
            "ra": 41.3216322,
            "dec": 40.8501879,
            "fid": 1,
            "nid": 1327,
            "magpsf": 19.611299514770508,
            "sigmapsf": 0.14738799631595612,
            "magnr": 21.864999771118164,
            "sigmagnr": 0.1599999964237213,
            "magzpsci": 26.010299682617188,
            "isdiffpos": "t",
            "ssdistnr": -999.0,
            "ssnamenr": "null",
            "drb": 0.9999740123748779
        },
        {
            "candid": 1328443813515015013,
            "jd": 2459082.9438194,
            "ra": 41.3215516,
            "dec": 40.8502433,
            "fid": 1,
            "nid": 1328,
            "magpsf": 19.79520034790039,
            "sigmapsf": 0.20578700304031372,
            "magnr": 21.864999771118164,
            "sigmagnr": 0.1599999964237213,
            "magzpsci": 26.01919937133789,
            "isdiffpos": "t",
            "ssdistnr": -999.0,
            "ssnamenr": "null",
            "drb": 0.9990260004997253
        },
        {
            "candid": 1328444284615015018,
            "jd": 2459082.9442824,
            "ra": 41.3217227,
            "dec": 40.8502377,
            "fid": 1,
            "nid": 1328,
            "magpsf": 19.79450035095215,
            "sigmapsf": 0.18705099821090698,
            "magnr": 22.02400016784668,
            "sigmagnr": 0.13600000739097595,
            "magzpsci": 26.079500198364258,
            "isdiffpos": "t",
            "ssdistnr": -999.0,
            "ssnamenr": "null",
            "drb": 0.9992250204086304
        },
        {
            "candid": 1328478503515015021,
            "jd": 2459082.9785069,
            "ra": 41.3217206,
            "dec": 40.8501875,
            "fid": 2,
            "nid": 1328,
            "magpsf": 19.644699096679688,
            "sigmapsf": 0.18447700142860413,
            "magnr": 21.41699981689453,
            "sigmagnr": 0.11400000005960464,
            "magzpsci": 26.18269920349121,
            "isdiffpos": "t",
            "ssdistnr": -999.0,
            "ssnamenr": "null",
            "drb": 0.9999139904975891
        },
        {
            "candid": 1328493694615015013,
            "jd": 2459082.9936921,
            "ra": 41.3217119,
            "dec": 40.8502314,
            "fid": 2,
            "nid": 1328,
            "magpsf": 19.63479995727539,
            "sigmapsf": 0.13687600195407867,
            "magnr": 21.981000900268555,
            "sigmagnr": 0.11500000208616257,
            "magzpsci": 26.232799530029297,
            "isdiffpos": "t",
            "ssdistnr": -999.0,
            "ssnamenr": "null",
            "drb": 0.9973989725112915
        },
        {
            "candid": 1328501814615015017,
            "jd": 2459083.0018171,
            "ra": 41.3217579,
            "dec": 40.8502367,
            "fid": 2,
            "nid": 1328,
            "magpsf": 19.506399154663086,
            "sigmapsf": 0.10932199656963348,
            "magnr": 21.981000900268555,
            "sigmagnr": 0.11500000208616257,
            "magzpsci": 26.188400268554688,
            "isdiffpos": "t",
            "ssdistnr": -999.0,
            "ssnamenr": "null",
            "drb": 0.9999790191650391
        },
        {
            "candid": 1328503213515015019,
            "jd": 2459083.0032176,
            "ra": 41.3217008,
            "dec": 40.8502118,
            "fid": 2,
            "nid": 1328,
            "magpsf": 19.662799835205078,
            "sigmapsf": 0.09752299636602402,
            "magnr": 21.41699981689453,
            "sigmagnr": 0.11400000005960464,
            "magzpsci": 26.196800231933594,
            "isdiffpos": "t",
            "ssdistnr": -999.0,
            "ssnamenr": "null",
            "drb": 0.9997320175170898
        },
        {
            "candid": 1329469094615015018,
            "jd": 2459083.9690972,
            "ra": 41.3217298,
            "dec": 40.8501967,
            "fid": 2,
            "nid": 1329,
            "magpsf": 19.508399963378906,
            "sigmapsf": 0.11168300360441208,
            "magnr": 21.981000900268555,
            "sigmagnr": 0.11500000208616257,
            "magzpsci": 25.964399337768555,
            "isdiffpos": "t",
            "ssdistnr": -999.0,
            "ssnamenr": "null",
            "drb": 0.9999949932098389
        },
        {
            "candid": 1329469563515015016,
            "jd": 2459083.9695602,
            "ra": 41.3217102,
            "dec": 40.8502105,
            "fid": 2,
            "nid": 1329,
            "magpsf": 19.555200576782227,
            "sigmapsf": 0.12070699781179428,
            "magnr": 21.41699981689453,
            "sigmagnr": 0.11400000005960464,
            "magzpsci": 25.98419952392578,
            "isdiffpos": "t",
            "ssdistnr": -999.0,
            "ssnamenr": "null",
            "drb": 0.9999849796295166
        },
        {
            "candid": 1329484544615015012,
            "jd": 2459083.9845486,
            "ra": 41.3216818,
            "dec": 40.8502079,
            "fid": 1,
            "nid": 1329,
            "magpsf": 19.757299423217773,
            "sigmapsf": 0.1431480050086975,
            "magnr": 22.02400016784668,
            "sigmagnr": 0.13600000739097595,
            "magzpsci": 25.90329933166504,
            "isdiffpos": "t",
            "ssdistnr": -999.0,
            "ssnamenr": "null",
            "drb": 0.9999979734420776
        },
        {
            "candid": 1330468354615015023,
            "jd": 2459084.9683565,
            "ra": 41.3216955,
            "dec": 40.8502127,
            "fid": 1,
            "nid": 1330,
            "magpsf": 19.8705997467041,
            "sigmapsf": 0.1189740002155304,
            "magnr": 22.02400016784668,
            "sigmagnr": 0.13600000739097595,
            "magzpsci": 26.281600952148438,
            "isdiffpos": "t",
            "ssdistnr": -999.0,
            "ssnamenr": "null",
            "drb": 1.0
        },
        {
            "candid": 1330468813515015027,
            "jd": 2459084.9688194,
            "ra": 41.3216185,
            "dec": 40.850195,
            "fid": 1,
            "nid": 1330,
            "magpsf": 19.90559959411621,
            "sigmapsf": 0.17605499923229218,
            "magnr": 21.864999771118164,
            "sigmagnr": 0.1599999964237213,
            "magzpsci": 26.226600646972656,
            "isdiffpos": "t",
            "ssdistnr": -999.0,
            "ssnamenr": "null",
            "drb": 0.9999060034751892
        },
        {
            "candid": 1330496364615015024,
            "jd": 2459084.9963657,
            "ra": 41.3217407,
            "dec": 40.8502178,
            "fid": 2,
            "nid": 1330,
            "magpsf": 19.629499435424805,
            "sigmapsf": 0.10964100062847137,
            "magnr": 21.981000900268555,
            "sigmagnr": 0.11500000208616257,
            "magzpsci": 26.271499633789062,
            "isdiffpos": "t",
            "ssdistnr": -999.0,
            "ssnamenr": "null",
            "drb": 0.9999809861183167
        },
        {
            "candid": 1330502264615015026,
            "jd": 2459085.0022685,
            "ra": 41.3217406,
            "dec": 40.8502114,
            "fid": 2,
            "nid": 1330,
            "magpsf": 19.636899948120117,
            "sigmapsf": 0.15309299528598785,
            "magnr": 21.981000900268555,
            "sigmagnr": 0.11500000208616257,
            "magzpsci": 26.262800216674805,
            "isdiffpos": "t",
            "ssdistnr": -999.0,
            "ssnamenr": "null",
            "drb": 0.9998869895935059
        },
        {
            "candid": 1330504613515015015,
            "jd": 2459085.0046181,
            "ra": 41.3216638,
            "dec": 40.8501738,
            "fid": 2,
            "nid": 1330,
            "magpsf": 19.659299850463867,
            "sigmapsf": 0.1396850049495697,
            "magnr": 21.41699981689453,
            "sigmagnr": 0.11400000005960464,
            "magzpsci": 26.286300659179688,
            "isdiffpos": "t",
            "ssdistnr": -999.0,
            "ssnamenr": "null",
            "drb": 0.9894070029258728
        },
        {
            "candid": 1331404643515015033,
            "jd": 2459085.9046412,
            "ra": 41.321659,
            "dec": 40.8501889,
            "fid": 1,
            "nid": 1331,
            "magpsf": 20.02750015258789,
            "sigmapsf": 0.19435200095176697,
            "magnr": 21.864999771118164,
            "sigmagnr": 0.1599999964237213,
            "magzpsci": 26.166500091552734,
            "isdiffpos": "t",
            "ssdistnr": -999.0,
            "ssnamenr": "null",
            "drb": 0.9999420046806335
        },
        {
            "candid": 1331405114615015031,
            "jd": 2459085.9051157,
            "ra": 41.3217326,
            "dec": 40.8502189,
            "fid": 1,
            "nid": 1331,
            "magpsf": 20.003799438476562,
            "sigmapsf": 0.17756499350070953,
            "magnr": 22.02400016784668,
            "sigmagnr": 0.13600000739097595,
            "magzpsci": 26.21780014038086,
            "isdiffpos": "t",
            "ssdistnr": -999.0,
            "ssnamenr": "-999.0",
            "drb": null
        },
        {
            "candid": 1331452193515015025,
            "jd": 2459085.9521991,
            "ra": 41.3215576,
            "dec": 40.850206,
            "fid": 1,
            "nid": 1331,
            "magpsf": 20.0802001953125,
            "sigmapsf": 0.16178500652313232,
            "magnr": 21.864999771118164,
            "sigmagnr": 0.1599999964237213,
            "magzpsci": 26.178199768066406,
            "isdiffpos": "t",
            "ssdistnr": -999.0,
            "ssnamenr": "null",
            "drb": 0.999891996383667
        },
        {
            "candid": 1331452664615015017,
            "jd": 2459085.952662,
            "ra": 41.3217237,
            "dec": 40.8502132,
            "fid": 1,
            "nid": 1331,
            "magpsf": 19.956100463867188,
            "sigmapsf": 0.12651200592517853,
            "magnr": 22.02400016784668,
            "sigmagnr": 0.13600000739097595,
            "magzpsci": 26.239099502563477,
            "isdiffpos": "t",
            "ssdistnr": -999.0,
            "ssnamenr": "null",
            "drb": 0.9999629855155945
        },
        {
            "candid": 1331473963515015028,
            "jd": 2459085.9739699,
            "ra": 41.3217329,
            "dec": 40.8502176,
            "fid": 2,
            "nid": 1331,
            "magpsf": 19.761899948120117,
            "sigmapsf": 0.15172900259494781,
            "magnr": 21.41699981689453,
            "sigmagnr": 0.11400000005960464,
            "magzpsci": 26.239900588989258,
            "isdiffpos": "t",
            "ssdistnr": -999.0,
            "ssnamenr": "null",
            "drb": 0.9958130121231079
        },
        {
            "candid": 1331474444615015017,
            "jd": 2459085.9744444,
            "ra": 41.3217779,
            "dec": 40.8502708,
            "fid": 2,
            "nid": 1331,
            "magpsf": 19.682100296020508,
            "sigmapsf": 0.11739099770784378,
            "magnr": 21.981000900268555,
            "sigmagnr": 0.11500000208616257,
            "magzpsci": 26.236099243164062,
            "isdiffpos": "t",
            "ssdistnr": -999.0,
            "ssnamenr": "null",
            "drb": 0.9999459981918335
        },
        {
            "candid": 1332408943515015027,
            "jd": 2459086.9089468,
            "ra": 41.3216938,
            "dec": 40.8501642,
            "fid": 2,
            "nid": 1332,
            "magpsf": 19.798500061035156,
            "sigmapsf": 0.1161549985408783,
            "magnr": 21.41699981689453,
            "sigmagnr": 0.11400000005960464,
            "magzpsci": 26.249500274658203,
            "isdiffpos": "t",
            "ssdistnr": -999.0,
            "ssnamenr": "null",
            "drb": 0.9992759823799133
        },
        {
            "candid": 1332410344615015019,
            "jd": 2459086.9103472,
            "ra": 41.3217122,
            "dec": 40.8502234,
            "fid": 2,
            "nid": 1332,
            "magpsf": 19.819599151611328,
            "sigmapsf": 0.11612900346517563,
            "magnr": 21.981000900268555,
            "sigmagnr": 0.11500000208616257,
            "magzpsci": 26.2406005859375,
            "isdiffpos": "t",
            "ssdistnr": -999.0,
            "ssnamenr": "-999.0",
            "drb": null
        },
        {
            "candid": 1332427263515015031,
            "jd": 2459086.9272685,
            "ra": 41.3216613,
            "dec": 40.8501985,
            "fid": 2,
            "nid": 1332,
            "magpsf": 19.73259925842285,
            "sigmapsf": 0.1464260071516037,
            "magnr": 21.41699981689453,
            "sigmagnr": 0.11400000005960464,
            "magzpsci": 26.234600067138672,
            "isdiffpos": "t",
            "ssdistnr": -999.0,
            "ssnamenr": "null",
            "drb": 0.9995179772377014
        },
        {
            "candid": 1332441164615015027,
            "jd": 2459086.941169,
            "ra": 41.3217288,
            "dec": 40.8502429,
            "fid": 2,
            "nid": 1332,
            "magpsf": 19.774499893188477,
            "sigmapsf": 0.10152199864387512,
            "magnr": 21.981000900268555,
            "sigmagnr": 0.11500000208616257,
            "magzpsci": 26.23150062561035,
            "isdiffpos": "t",
            "ssdistnr": -999.0,
            "ssnamenr": "null",
            "drb": 0.9999989867210388
        },
        {
            "candid": 1332492234615015030,
            "jd": 2459086.9922338,
            "ra": 41.3217165,
            "dec": 40.8502365,
            "fid": 1,
            "nid": 1332,
            "magpsf": 20.15690040588379,
            "sigmapsf": 0.19869600236415863,
            "magnr": 22.02400016784668,
            "sigmagnr": 0.13600000739097595,
            "magzpsci": 26.217899322509766,
            "isdiffpos": "t",
            "ssdistnr": -999.0,
            "ssnamenr": "null",
            "drb": 0.9629870057106018
        },
        {
            "candid": 1332510373515015025,
            "jd": 2459087.0103704,
            "ra": 41.3217291,
            "dec": 40.8501991,
            "fid": 1,
            "nid": 1332,
            "magpsf": 20.026399612426758,
            "sigmapsf": 0.23038099706172943,
            "magnr": 21.864999771118164,
            "sigmagnr": 0.1599999964237213,
            "magzpsci": 26.17840003967285,
            "isdiffpos": "t",
            "ssdistnr": -999.0,
            "ssnamenr": "-999.0",
            "drb": null
        },
        {
            "candid": 1332512264615015016,
            "jd": 2459087.0122685,
            "ra": 41.3217632,
            "dec": 40.8501785,
            "fid": 1,
            "nid": 1332,
            "magpsf": 20.13129997253418,
            "sigmapsf": 0.2039099931716919,
            "magnr": 22.02400016784668,
            "sigmagnr": 0.13600000739097595,
            "magzpsci": 26.200300216674805,
            "isdiffpos": "t",
            "ssdistnr": -999.0,
            "ssnamenr": "-999.0",
            "drb": null
        },
        {
            "candid": 1333430523515015022,
            "jd": 2459087.9305208,
            "ra": 41.3217174,
            "dec": 40.8502314,
            "fid": 2,
            "nid": 1333,
            "magpsf": 19.806499481201172,
            "sigmapsf": 0.14182400703430176,
            "magnr": 21.41699981689453,
            "sigmagnr": 0.11400000005960464,
            "magzpsci": 26.16349983215332,
            "isdiffpos": "t",
            "ssdistnr": -999.0,
            "ssnamenr": "null",
            "drb": 0.9999979734420776
        },
        {
            "candid": 1334412963515015008,
            "jd": 2459088.912963,
            "ra": 41.3217595,
            "dec": 40.8502188,
            "fid": 2,
            "nid": 1334,
            "magpsf": 19.893299102783203,
            "sigmapsf": 0.19165800511837006,
            "magnr": 21.41699981689453,
            "sigmagnr": 0.11400000005960464,
            "magzpsci": 26.156299591064453,
            "isdiffpos": "t",
            "ssdistnr": -999.0,
            "ssnamenr": "null",
            "drb": 0.9999759793281555
        },
        {
            "candid": 1334427144615015018,
            "jd": 2459088.9271412,
            "ra": 41.3217394,
            "dec": 40.8502157,
            "fid": 2,
            "nid": 1334,
            "magpsf": 19.904699325561523,
            "sigmapsf": 0.1596039980649948,
            "magnr": 21.981000900268555,
            "sigmagnr": 0.11500000208616257,
            "magzpsci": 26.162700653076172,
            "isdiffpos": "t",
            "ssdistnr": -999.0,
            "ssnamenr": "null",
            "drb": 0.9881319999694824
        },
        {
            "candid": 1334509943515015032,
            "jd": 2459089.0099421,
            "ra": 41.321666,
            "dec": 40.8501101,
            "fid": 1,
            "nid": 1334,
            "magpsf": 19.932600021362305,
            "sigmapsf": 0.20334899425506592,
            "magnr": 21.864999771118164,
            "sigmagnr": 0.1599999964237213,
            "magzpsci": 26.151599884033203,
            "isdiffpos": "t",
            "ssdistnr": -999.0,
            "ssnamenr": "null",
            "drb": 0.9999129772186279
        },
        {
            "candid": 1335446344615015017,
            "jd": 2459089.9463426,
            "ra": 41.321728,
            "dec": 40.8502302,
            "fid": 2,
            "nid": 1335,
            "magpsf": 19.88599967956543,
            "sigmapsf": 0.15209299325942993,
            "magnr": 21.981000900268555,
            "sigmagnr": 0.11500000208616257,
            "magzpsci": 26.21500015258789,
            "isdiffpos": "t",
            "ssdistnr": -999.0,
            "ssnamenr": "null",
            "drb": 0.9999099969863892
        },
        {
            "candid": 1335464533515015020,
            "jd": 2459089.964537,
            "ra": 41.321675,
            "dec": 40.8501549,
            "fid": 2,
            "nid": 1335,
            "magpsf": 19.87459945678711,
            "sigmapsf": 0.2041960060596466,
            "magnr": 21.41699981689453,
            "sigmagnr": 0.11400000005960464,
            "magzpsci": 26.237600326538086,
            "isdiffpos": "t",
            "ssdistnr": -999.0,
            "ssnamenr": "null",
            "drb": 0.9855949878692627
        },
        {
            "candid": 1335489354615015027,
            "jd": 2459089.9893519,
            "ra": 41.3217116,
            "dec": 40.8502107,
            "fid": 1,
            "nid": 1335,
            "magpsf": 20.601900100708008,
            "sigmapsf": 0.22269199788570404,
            "magnr": 22.02400016784668,
            "sigmagnr": 0.13600000739097595,
            "magzpsci": 26.203899383544922,
            "isdiffpos": "t",
            "ssdistnr": -999.0,
            "ssnamenr": "-999.0",
            "drb": null
        },
        {
            "candid": 1336377503515015031,
            "jd": 2459090.8775,
            "ra": 41.3215826,
            "dec": 40.8500851,
            "fid": 1,
            "nid": 1336,
            "magpsf": 20.272199630737305,
            "sigmapsf": 0.3619300127029419,
            "magnr": 21.864999771118164,
            "sigmagnr": 0.1599999964237213,
            "magzpsci": 26.213199615478516,
            "isdiffpos": "t",
            "ssdistnr": -999.0,
            "ssnamenr": "-999.0",
            "drb": null
        },
        {
            "candid": 1336476864615015016,
            "jd": 2459090.9768634,
            "ra": 41.3216841,
            "dec": 40.8502046,
            "fid": 2,
            "nid": 1336,
            "magpsf": 19.9414005279541,
            "sigmapsf": 0.17465700209140778,
            "magnr": 21.981000900268555,
            "sigmagnr": 0.11500000208616257,
            "magzpsci": 26.273399353027344,
            "isdiffpos": "t",
            "ssdistnr": -999.0,
            "ssnamenr": "null",
            "drb": 0.9960370063781738
        },
        {
            "candid": 1337476003515015009,
            "jd": 2459091.9760069,
            "ra": 41.3217369,
            "dec": 40.8501977,
            "fid": 2,
            "nid": 1337,
            "magpsf": 20.220600128173828,
            "sigmapsf": 0.18503700196743011,
            "magnr": 21.41699981689453,
            "sigmagnr": 0.11400000005960464,
            "magzpsci": 26.329599380493164,
            "isdiffpos": "t",
            "ssdistnr": -999.0,
            "ssnamenr": "null",
            "drb": 0.9999139904975891
        },
        {
            "jd": 2459040.97226,
            "fid": 1,
            "diffmaglim": 19.860000610351562
        },
        {
            "jd": 2459046.95079,
            "fid": 2,
            "diffmaglim": 20.378999710083008
        },
        {
            "jd": 2459046.95125,
            "fid": 2,
            "diffmaglim": 20.548999786376953
        },
        {
            "jd": 2459046.97421,
            "fid": 1,
            "diffmaglim": 20.52199935913086
        },
        {
            "jd": 2459046.97468,
            "fid": 1,
            "diffmaglim": 20.371999740600586
        },
        {
            "jd": 2459049.93314,
            "fid": 2,
            "diffmaglim": 20.402000427246094
        },
        {
            "jd": 2459049.95229,
            "fid": 1,
            "diffmaglim": 20.584999084472656
        },
        {
            "jd": 2459049.96352,
            "fid": 1,
            "diffmaglim": 20.704999923706055
        },
        {
            "jd": 2459052.9315,
            "fid": 2,
            "diffmaglim": 20.607999801635742
        },
        {
            "jd": 2459052.93198,
            "fid": 2,
            "diffmaglim": 20.597000122070312
        },
        {
            "jd": 2459052.97156,
            "fid": 1,
            "diffmaglim": 20.815000534057617
        },
        {
            "jd": 2459052.97204,
            "fid": 1,
            "diffmaglim": 20.829999923706055
        },
        {
            "jd": 2459055.93529,
            "fid": 1,
            "diffmaglim": 20.53499984741211
        },
        {
            "jd": 2459055.9372,
            "fid": 1,
            "diffmaglim": 20.658000946044922
        },
        {
            "jd": 2459055.96569,
            "fid": 2,
            "diffmaglim": 20.812999725341797
        },
        {
            "jd": 2459055.96762,
            "fid": 2,
            "diffmaglim": 20.69700050354004
        },
        {
            "jd": 2459060.94903,
            "fid": 2,
            "diffmaglim": 20.625999450683594
        },
        {
            "jd": 2459060.98186,
            "fid": 1,
            "diffmaglim": 20.78700065612793
        },
        {
            "jd": 2459060.99235,
            "fid": 1,
            "diffmaglim": 20.312000274658203
        },
        {
            "jd": 2459060.99281,
            "fid": 1,
            "diffmaglim": 20.325000762939453
        },
        {
            "jd": 2459061.8886,
            "fid": 2,
            "diffmaglim": 19.933000564575195
        },
        {
            "jd": 2459061.89348,
            "fid": 2,
            "diffmaglim": 20.01799964904785
        },
        {
            "jd": 2459062.94895,
            "fid": 1,
            "diffmaglim": 20.18400001525879
        },
        {
            "jd": 2459063.94421,
            "fid": 1,
            "diffmaglim": 19.426000595092773
        },
        {
            "jd": 2459064.90215,
            "fid": 2,
            "diffmaglim": 19.472000122070312
        },
        {
            "jd": 2459065.91172,
            "fid": 2,
            "diffmaglim": 19.35700035095215
        },
        {
            "jd": 2459066.93417,
            "fid": 1,
            "diffmaglim": 19.5049991607666
        },
        {
            "jd": 2459067.00052,
            "fid": 2,
            "diffmaglim": 19.750999450683594
        }
    ],
    "forcedphot": []
}