{
    "objectId": "ZTF21abkquhv",
    "candidates": [
        {
            "candid": 1651437140315015003,
            "jd": 2459405.9371412,
            "ra": 11.8983753,
            "dec": -20.4277905,
            "fid": 2,
            "nid": 1651,
            "magpsf": 17.287599563598633,
            "sigmapsf": 0.045111000537872314,
            "magnr": 17.93899917602539,
            "sigmagnr": 0.13199999928474426,
            "magzpsci": 25.711599349975586,
            "isdiffpos": "t",
            "ssdistnr": null,
            "ssnamenr": null,
            "drb": 1.0
        },
        {
            "candid": 1654457320315015132,
            "jd": 2459408.9573264,
            "ra": 11.8983085,
            "dec": -20.4278283,
            "fid": 2,
            "nid": 1654,
            "magpsf": 17.380399703979492,
            "sigmapsf": 0.12794800102710724,
            "magnr": 17.93899917602539,
            "sigmagnr": 0.13199999928474426,
            "magzpsci": 24.076400756835938,
            "isdiffpos": "t",
            "ssdistnr": null,
            "ssnamenr": null,
            "drb": null
        },
        {
            "candid": 1658418440315015009,
            "jd": 2459412.9184491,
            "ra": 11.8984081,
            "dec": -20.4277696,
            "fid": 2,
            "nid": 1658,
            "magpsf": 17.43939971923828,
            "sigmapsf": 0.05732500180602074,
            "magnr": 17.93899917602539,
            "sigmagnr": 0.13199999928474426,
            "magzpsci": 25.345399856567383,
            "isdiffpos": "t",
            "ssdistnr": null,
            "ssnamenr": null,
            "drb": null
        },
        {
            "candid": 1658459320315015005,
            "jd": 2459412.9593287,
            "ra": 11.8984558,
            "dec": -20.427845,
            "fid": 1,
            "nid": 1658,
            "magpsf": 18.593700408935547,
            "sigmapsf": 0.09466300159692764,
            "magnr": 18.304000854492188,
            "sigmagnr": 0.10300000011920929,
            "magzpsci": 25.625699996948242,
            "isdiffpos": "t",
            "ssdistnr": null,
            "ssnamenr": null,
            "drb": null
        },
        {
            "candid": 1661417040315015005,
            "jd": 2459415.9170486,
            "ra": 11.8984308,
            "dec": -20.4278015,
            "fid": 2,
            "nid": 1661,
            "magpsf": 17.595600128173828,
            "sigmapsf": 0.06328699737787247,
            "magnr": 17.93899917602539,
            "sigmagnr": 0.13199999928474426,
            "magzpsci": 25.74959945678711,
            "isdiffpos": "t",
            "ssdistnr": null,
            "ssnamenr": null,
            "drb": null
        },
        {
            "candid": 1661417040315065005,
            "jd": 2459415.9170486,
            "ra": 11.8984308,
            "dec": -20.4278015,
            "fid": 2,
            "nid": 1661,
            "magpsf": 17.595600128173828,
            "sigmapsf": 0.06328699737787247,
            "magnr": 17.93899917602539,
            "sigmagnr": 0.13199999928474426,
            "magzpsci": 25.74959945678711,
            "isdiffpos": "t",
            "ssdistnr": null,
            "ssnamenr": null,
            "drb": null
        },
        {
            "candid": 1661417040315075005,
            "jd": 2459415.9170486,
            "ra": 11.8984308,
            "dec": -20.4278015,
            "fid": 2,
            "nid": 1661,
            "magpsf": 17.595600128173828,
            "sigmapsf": 0.06328699737787247,
            "magnr": 17.93899917602539,
            "sigmagnr": 0.13199999928474426,
            "magzpsci": 25.74959945678711,
            "isdiffpos": "t",
            "ssdistnr": null,
            "ssnamenr": null,
            "drb": null
        },
        {
            "candid": 1661459150315015004,
            "jd": 2459415.9591551,
            "ra": 11.898433,
            "dec": -20.4277904,
            "fid": 1,
            "nid": 1661,
            "magpsf": 18.867019653320312,
            "sigmapsf": 0.1212029978632927,
            "magnr": 18.304000854492188,
            "sigmagnr": 0.10300000011920929,
            "magzpsci": 25.84902000427246,
            "isdiffpos": "t",
            "ssdistnr": -999.0,
            "ssnamenr": "null",
            "drb": null
        },
        {
            "candid": 1661459150315065004,
            "jd": 2459415.9591551,
            "ra": 11.898433,
            "dec": -20.4277904,
            "fid": 1,
            "nid": 1661,
            "magpsf": 18.867000579833984,
            "sigmapsf": 0.1212029978632927,
            "magnr": 18.304000854492188,
            "sigmagnr": 0.10300000011920929,
            "magzpsci": 25.849000930786133,
            "isdiffpos": "t",
            "ssdistnr": null,
            "ssnamenr": null,
            "drb": null
        },
        {
            "candid": 1661459150315075004,
            "jd": 2459415.9591551,
            "ra": 11.898433,
            "dec": -20.4277904,
            "fid": 1,
            "nid": 1661,
            "magpsf": 18.867000579833984,
            "sigmapsf": 0.1212029978632927,
            "magnr": 18.304000854492188,
            "sigmagnr": 0.10300000011920929,
            "magzpsci": 25.849000930786133,
            "isdiffpos": "t",
            "ssdistnr": null,
            "ssnamenr": null,
            "drb": null
        },
        {
            "candid": 1674460900315015009,
            "jd": 2459428.9609028,
            "ra": 11.8983985,
            "dec": -20.4278153,
            "fid": 2,
            "nid": 1674,
            "magpsf": 18.462600708007812,
            "sigmapsf": 0.06873700022697449,
            "magnr": 17.93899917602539,
            "sigmagnr": 0.13199999928474426,
            "magzpsci": 26.007600784301758,
            "isdiffpos": "t",
            "ssdistnr": null,
            "ssnamenr": null,
            "drb": null
        },
        {
            "candid": 1676396130315015003,
            "jd": 2459430.8961343,
            "ra": 11.8983941,
            "dec": -20.4278118,
            "fid": 2,
            "nid": 1676,
            "magpsf": 18.46969985961914,
            "sigmapsf": 0.07065399736166,
            "magnr": 17.93899917602539,
            "sigmagnr": 0.13199999928474426,
            "magzpsci": 25.896699905395508,
            "isdiffpos": "t",
            "ssdistnr": null,
            "ssnamenr": null,
            "drb": null
        },
        {
            "candid": 1684461850315015006,
            "jd": 2459438.9618519,
            "ra": 11.8984028,
            "dec": -20.4277798,
            "fid": 2,
            "nid": 1684,
            "magpsf": 18.761600494384766,
            "sigmapsf": 0.10161799937486649,
            "magnr": 17.93899917602539,
            "sigmagnr": 0.13199999928474426,
            "magzpsci": 25.78059959411621,
            "isdiffpos": "t",
            "ssdistnr": null,
            "ssnamenr": null,
            "drb": null
        },
        {
            "candid": 1686418410315015003,
            "jd": 2459440.9184144,
            "ra": 11.8984609,
            "dec": -20.4278339,
            "fid": 1,
            "nid": 1686,
            "magpsf": 19.749500274658203,
            "sigmapsf": 0.23140299320220947,
            "magnr": 18.304000854492188,
            "sigmagnr": 0.10300000011920929,
            "magzpsci": 25.63949966430664,
            "isdiffpos": "t",
            "ssdistnr": null,
            "ssnamenr": null,
            "drb": null
        },
        {
            "candid": 1686418410315025003,
            "jd": 2459440.9184144,
            "ra": 11.8984609,
            "dec": -20.4278339,
            "fid": 1,
            "nid": 1686,
            "magpsf": 19.749500274658203,
            "sigmapsf": 0.23140299320220947,
            "magnr": 18.304000854492188,
            "sigmagnr": 0.10300000011920929,
            "magzpsci": 25.63949966430664,
            "isdiffpos": "t",
            "ssdistnr": null,
            "ssnamenr": null,
            "drb": null
        },
        {
            "candid": 1686461290315015031,
            "jd": 2459440.9612963,
            "ra": 11.8984013,
            "dec": -20.4278111,
            "fid": 2,
            "nid": 1686,
            "magpsf": 18.688499450683594,
            "sigmapsf": 0.06913299858570099,
            "magnr": 17.93899917602539,
            "sigmagnr": 0.13199999928474426,
            "magzpsci": 25.75349998474121,
            "isdiffpos": "t",
            "ssdistnr": null,
            "ssnamenr": null,
            "drb": null
        },
        {
            "candid": 1689460420315015016,
            "jd": 2459443.9604282,
            "ra": 11.8984162,
            "dec": -20.4278141,
            "fid": 2,
            "nid": 1689,
            "magpsf": 18.787399291992188,
            "sigmapsf": 0.1465039998292923,
            "magnr": 17.93899917602539,
            "sigmagnr": 0.13199999928474426,
            "magzpsci": 25.595399856567383,
            "isdiffpos": "t",
            "ssdistnr": null,
            "ssnamenr": null,
            "drb": null
        },
        {
            "candid": 1700419390315015007,
            "jd": 2459454.9193981,
            "ra": 11.8984039,
            "dec": -20.4277625,
            "fid": 2,
            "nid": 1700,
            "magpsf": 19.050800323486328,
            "sigmapsf": 0.12168099731206894,
            "magnr": 17.93899917602539,
            "sigmagnr": 0.13199999928474426,
            "magzpsci": 25.957799911499023,
            "isdiffpos": "t",
            "ssdistnr": null,
            "ssnamenr": null,
            "drb": null
        },
        {
            "candid": 1712367090315015011,
            "jd": 2459466.8670949,
            "ra": 11.8983595,
            "dec": -20.4278211,
            "fid": 2,
            "nid": 1712,
            "magpsf": 19.470670700073242,
            "sigmapsf": 0.17274299263954163,
            "magnr": 17.93899917602539,
            "sigmagnr": 0.13199999928474426,
            "magzpsci": 25.936670303344727,
            "isdiffpos": "t",
            "ssdistnr": -999.0,
            "ssnamenr": "null",
            "drb": null
        },
        {
            "jd": 2459418.9437731,
            "fid": 1,
            "diffmaglim": 18.49340057373047
        },
        {
            "jd": 2459425.9227315,
            "fid": 1,
            "diffmaglim": 18.98509979248047
        },
        {
            "jd": 2459425.96625,
            "fid": 2,
            "diffmaglim": 16.461599349975586
        },
        {
            "jd": 2459428.9385648,
            "fid": 1,
            "diffmaglim": 20.044200897216797
        },
        {
            "jd": 2459430.9617593,
            "fid": 1,
            "diffmaglim": 20.14419937133789
        },
        {
            "jd": 2459435.9179861,
            "fid": 1,
            "diffmaglim": 20.184999465942383
        },
        {
            "jd": 2459438.9116088,
            "fid": 1,
            "diffmaglim": 19.826900482177734
        },
        {
            "jd": 2459440.9612963,
            "fid": 2,
            "diffmaglim": 19.690399169921875
        },
        {
            "jd": 2459448.8593634,
            "fid": 1,
            "diffmaglim": 18.285600662231445
        },
        {
            "jd": 2459452.8340162,
            "fid": 1,
            "diffmaglim": 18.95669937133789
        },
        {
            "jd": 2459454.8573611,
            "fid": 1,
            "diffmaglim": 19.68429946899414
        },
        {
            "jd": 2459459.8345602,
            "fid": 1,
            "diffmaglim": 20.250999450683594
        },
        {
            "jd": 2459459.8958218,
            "fid": 2,
            "diffmaglim": 20.36079978942871
        },
        {
            "jd": 2459462.8363194,
            "fid": 1,
            "diffmaglim": 20.070100784301758
        },
        {
            "jd": 2459462.8775231,
            "fid": 2,
            "diffmaglim": 20.15559959411621
        },
        {
            "jd": 2459464.8962384,
            "fid": 2,
            "diffmaglim": 20.162900924682617
        },
        {
            "jd": 2459464.9227199,
            "fid": 1,
            "diffmaglim": 19.85460090637207
        }
    ],
    "forcedphot": []
}