{
    "objectId": "ZTF21abdxhgv",
    "candidates": [
        {
            "candid": 1615233585115015015,
            "jd": 2459369.733588,
            "ra": 229.607126,
            "dec": 28.4345457,
            "fid": 1,
            "nid": 1615,
            "magpsf": 20.200000762939453,
            "sigmapsf": 0.2135860025882721,
            "magnr": 23.136999130249023,
            "sigmagnr": 0.34200000762939453,
            "magzpsci": 26.24799919128418,
            "isdiffpos": "t",
            "ssdistnr": null,
            "ssnamenr": null,
            "drb": 0.9952690005302429
        },
        {
            "candid": 1615319966215015011,
            "jd": 2459369.8199653,
            "ra": 229.6072155,
            "dec": 28.4344706,
            "fid": 2,
            "nid": 1615,
            "magpsf": 20.590900421142578,
            "sigmapsf": 0.280800998210907,
            "magnr": 22.426000595092773,
            "sigmagnr": 0.3059999942779541,
            "magzpsci": 26.16990089416504,
            "isdiffpos": "t",
            "ssdistnr": null,
            "ssnamenr": null,
            "drb": null
        },
        {
            "candid": 1615320435115015031,
            "jd": 2459369.8204398,
            "ra": 229.6072115,
            "dec": 28.4344845,
            "fid": 2,
            "nid": 1615,
            "magpsf": 20.412399291992188,
            "sigmapsf": 0.18560199439525604,
            "magnr": 23.155000686645508,
            "sigmagnr": 0.3580000102519989,
            "magzpsci": 26.188400268554688,
            "isdiffpos": "t",
            "ssdistnr": null,
            "ssnamenr": null,
            "drb": null
        },
        {
            "candid": 1615359006215015010,
            "jd": 2459369.8590046,
            "ra": 229.6071275,
            "dec": 28.4344866,
            "fid": 1,
            "nid": 1615,
            "magpsf": 19.993200302124023,
            "sigmapsf": 0.16482600569725037,
            "magnr": 22.937999725341797,
            "sigmagnr": 0.25699999928474426,
            "magzpsci": 26.201200485229492,
            "isdiffpos": "t",
            "ssdistnr": null,
            "ssnamenr": null,
            "drb": null
        },
        {
            "candid": 1617207415115015017,
            "jd": 2459371.707419,
            "ra": 229.6071417,
            "dec": 28.4345013,
            "fid": 1,
            "nid": 1617,
            "magpsf": 20.39189910888672,
            "sigmapsf": 0.2274640053510666,
            "magnr": 23.136999130249023,
            "sigmagnr": 0.34200000762939453,
            "magzpsci": 26.254899978637695,
            "isdiffpos": "t",
            "ssdistnr": null,
            "ssnamenr": null,
            "drb": null
        },
        {
            "candid": 1617333515115015017,
            "jd": 2459371.8335185,
            "ra": 229.6071267,
            "dec": 28.4344615,
            "fid": 2,
            "nid": 1617,
            "magpsf": 20.549800872802734,
            "sigmapsf": 0.23316100239753723,
            "magnr": 23.155000686645508,
            "sigmagnr": 0.3580000102519989,
            "magzpsci": 26.201799392700195,
            "isdiffpos": "t",
            "ssdistnr": null,
            "ssnamenr": null,
            "drb": null
        },
        {
            "candid": 1621233366215015015,
            "jd": 2459375.7333681,
            "ra": 229.607297,
            "dec": 28.4345203,
            "fid": 2,
            "nid": 1621,
            "magpsf": 20.41790008544922,
            "sigmapsf": 0.22835500538349152,
            "magnr": 22.426000595092773,
            "sigmagnr": 0.3059999942779541,
            "magzpsci": 26.17289924621582,
            "isdiffpos": "t",
            "ssdistnr": null,
            "ssnamenr": null,
            "drb": null
        },
        {
            "candid": 1621248725115015036,
            "jd": 2459375.7487269,
            "ra": 229.6071784,
            "dec": 28.434482,
            "fid": 2,
            "nid": 1621,
            "magpsf": 20.368099212646484,
            "sigmapsf": 0.22067399322986603,
            "magnr": 23.155000686645508,
            "sigmagnr": 0.3580000102519989,
            "magzpsci": 26.214099884033203,
            "isdiffpos": "t",
            "ssdistnr": null,
            "ssnamenr": null,
            "drb": null
        },
        {
            "candid": 1621275396215015007,
            "jd": 2459375.7753935,
            "ra": 229.6072085,
            "dec": 28.43452,
            "fid": 1,
            "nid": 1621,
            "magpsf": 20.600500106811523,
            "sigmapsf": 0.3215920031070709,
            "magnr": 22.937999725341797,
            "sigmagnr": 0.25699999928474426,
            "magzpsci": 26.261499404907227,
            "isdiffpos": "t",
            "ssdistnr": null,
            "ssnamenr": null,
            "drb": null
        },
        {
            "candid": 1621276335115015008,
            "jd": 2459375.776331,
            "ra": 229.6071144,
            "dec": 28.4344198,
            "fid": 1,
            "nid": 1621,
            "magpsf": 20.452499389648438,
            "sigmapsf": 0.28204599022865295,
            "magnr": 23.136999130249023,
            "sigmagnr": 0.34200000762939453,
            "magzpsci": 26.271499633789062,
            "isdiffpos": "t",
            "ssdistnr": null,
            "ssnamenr": null,
            "drb": null
        },
        {
            "candid": 1623232335115015013,
            "jd": 2459377.732338,
            "ra": 229.6071494,
            "dec": 28.4345083,
            "fid": 2,
            "nid": 1623,
            "magpsf": 20.1825008392334,
            "sigmapsf": 0.18016499280929565,
            "magnr": 23.155000686645508,
            "sigmagnr": 0.3580000102519989,
            "magzpsci": 26.199499130249023,
            "isdiffpos": "t",
            "ssdistnr": null,
            "ssnamenr": null,
            "drb": null
        },
        {
            "candid": 1623253806215015018,
            "jd": 2459377.7538079,
            "ra": 229.6072405,
            "dec": 28.4344762,
            "fid": 2,
            "nid": 1623,
            "magpsf": 20.11870002746582,
            "sigmapsf": 0.20731499791145325,
            "magnr": 22.426000595092773,
            "sigmagnr": 0.3059999942779541,
            "magzpsci": 26.193700790405273,
            "isdiffpos": "t",
            "ssdistnr": null,
            "ssnamenr": null,
            "drb": null
        },
        {
            "candid": 1623331216215015009,
            "jd": 2459377.8312153,
            "ra": 229.6071657,
            "dec": 28.4344769,
            "fid": 1,
            "nid": 1623,
            "magpsf": 20.26110076904297,
            "sigmapsf": 0.19627399742603302,
            "magnr": 22.937999725341797,
            "sigmagnr": 0.25699999928474426,
            "magzpsci": 26.270099639892578,
            "isdiffpos": "t",
            "ssdistnr": null,
            "ssnamenr": null,
            "drb": null
        },
        {
            "candid": 1625298876215015017,
            "jd": 2459379.7988773,
            "ra": 229.6072595,
            "dec": 28.4344463,
            "fid": 1,
            "nid": 1625,
            "magpsf": 20.05820083618164,
            "sigmapsf": 0.16342000663280487,
            "magnr": 22.937999725341797,
            "sigmagnr": 0.25699999928474426,
            "magzpsci": 26.154199600219727,
            "isdiffpos": "t",
            "ssdistnr": null,
            "ssnamenr": null,
            "drb": null
        },
        {
            "candid": 1625299355115015007,
            "jd": 2459379.7993519,
            "ra": 229.6072335,
            "dec": 28.4344053,
            "fid": 1,
            "nid": 1625,
            "magpsf": 20.086599349975586,
            "sigmapsf": 0.20108699798583984,
            "magnr": 23.136999130249023,
            "sigmagnr": 0.34200000762939453,
            "magzpsci": 26.156600952148438,
            "isdiffpos": "t",
            "ssdistnr": null,
            "ssnamenr": null,
            "drb": null
        },
        {
            "candid": 1625338506215015008,
            "jd": 2459379.8385069,
            "ra": 229.6072599,
            "dec": 28.4344886,
            "fid": 2,
            "nid": 1625,
            "magpsf": 20.003700256347656,
            "sigmapsf": 0.165460005402565,
            "magnr": 22.426000595092773,
            "sigmagnr": 0.3059999942779541,
            "magzpsci": 26.16069984436035,
            "isdiffpos": "t",
            "ssdistnr": null,
            "ssnamenr": null,
            "drb": null
        },
        {
            "candid": 1625370285115015013,
            "jd": 2459379.8702894,
            "ra": 229.6072451,
            "dec": 28.4344618,
            "fid": 2,
            "nid": 1625,
            "magpsf": 19.801700592041016,
            "sigmapsf": 0.1591860055923462,
            "magnr": 23.155000686645508,
            "sigmagnr": 0.3580000102519989,
            "magzpsci": 26.185699462890625,
            "isdiffpos": "t",
            "ssdistnr": null,
            "ssnamenr": null,
            "drb": null
        },
        {
            "candid": 1627298925115015005,
            "jd": 2459381.7989236,
            "ra": 229.6070856,
            "dec": 28.4345707,
            "fid": 1,
            "nid": 1627,
            "magpsf": 19.767499923706055,
            "sigmapsf": 0.20808300375938416,
            "magnr": 23.136999130249023,
            "sigmagnr": 0.34200000762939453,
            "magzpsci": 25.697500228881836,
            "isdiffpos": "t",
            "ssdistnr": null,
            "ssnamenr": null,
            "drb": null
        },
        {
            "candid": 1627299386215015000,
            "jd": 2459381.7993866,
            "ra": 229.6072145,
            "dec": 28.4344905,
            "fid": 1,
            "nid": 1627,
            "magpsf": 19.78580093383789,
            "sigmapsf": 0.2112639993429184,
            "magnr": 22.937999725341797,
            "sigmagnr": 0.25699999928474426,
            "magzpsci": 25.689800262451172,
            "isdiffpos": "t",
            "ssdistnr": null,
            "ssnamenr": null,
            "drb": null
        },
        {
            "candid": 1627375015115015008,
            "jd": 2459381.8750116,
            "ra": 229.607243,
            "dec": 28.4344907,
            "fid": 2,
            "nid": 1627,
            "magpsf": 19.580699920654297,
            "sigmapsf": 0.2938080132007599,
            "magnr": 23.155000686645508,
            "sigmagnr": 0.3580000102519989,
            "magzpsci": 25.641700744628906,
            "isdiffpos": "t",
            "ssdistnr": null,
            "ssnamenr": null,
            "drb": null
        },
        {
            "candid": 1629211746215015007,
            "jd": 2459383.7117477,
            "ra": 229.6072359,
            "dec": 28.4344467,
            "fid": 2,
            "nid": 1629,
            "magpsf": 19.46179962158203,
            "sigmapsf": 0.21716099977493286,
            "magnr": 22.426000595092773,
            "sigmagnr": 0.3059999942779541,
            "magzpsci": 25.981800079345703,
            "isdiffpos": "t",
            "ssdistnr": null,
            "ssnamenr": null,
            "drb": null
        },
        {
            "candid": 1629227905115015010,
            "jd": 2459383.7279051,
            "ra": 229.6071779,
            "dec": 28.4344578,
            "fid": 2,
            "nid": 1629,
            "magpsf": 19.490800857543945,
            "sigmapsf": 0.15717999637126923,
            "magnr": 23.155000686645508,
            "sigmagnr": 0.3580000102519989,
            "magzpsci": 26.025800704956055,
            "isdiffpos": "t",
            "ssdistnr": null,
            "ssnamenr": null,
            "drb": null
        },
        {
            "candid": 1629257696215015007,
            "jd": 2459383.7576968,
            "ra": 229.6071205,
            "dec": 28.4343599,
            "fid": 1,
            "nid": 1629,
            "magpsf": 19.750900268554688,
            "sigmapsf": 0.2242099940776825,
            "magnr": 22.937999725341797,
            "sigmagnr": 0.25699999928474426,
            "magzpsci": 25.999900817871094,
            "isdiffpos": "t",
            "ssdistnr": null,
            "ssnamenr": null,
            "drb": null
        },
        {
            "candid": 1631253316215015027,
            "jd": 2459385.7533102,
            "ra": 229.6072231,
            "dec": 28.4343508,
            "fid": 2,
            "nid": 1631,
            "magpsf": 19.43280029296875,
            "sigmapsf": 0.16347000002861023,
            "magnr": 22.426000595092773,
            "sigmagnr": 0.3059999942779541,
            "magzpsci": 26.150800704956055,
            "isdiffpos": "t",
            "ssdistnr": null,
            "ssnamenr": null,
            "drb": null
        },
        {
            "candid": 1631254255115015017,
            "jd": 2459385.7542593,
            "ra": 229.6072455,
            "dec": 28.4344298,
            "fid": 2,
            "nid": 1631,
            "magpsf": 19.313499450683594,
            "sigmapsf": 0.12835800647735596,
            "magnr": 23.155000686645508,
            "sigmagnr": 0.3580000102519989,
            "magzpsci": 26.177499771118164,
            "isdiffpos": "t",
            "ssdistnr": null,
            "ssnamenr": null,
            "drb": null
        },
        {
            "candid": 1631305716215015005,
            "jd": 2459385.8057176,
            "ra": 229.6073134,
            "dec": 28.4344897,
            "fid": 1,
            "nid": 1631,
            "magpsf": 19.50079917907715,
            "sigmapsf": 0.15715399384498596,
            "magnr": 22.937999725341797,
            "sigmagnr": 0.25699999928474426,
            "magzpsci": 26.194799423217773,
            "isdiffpos": "t",
            "ssdistnr": null,
            "ssnamenr": null,
            "drb": null
        },
        {
            "candid": 1633236676215015013,
            "jd": 2459387.7366782,
            "ra": 229.6072129,
            "dec": 28.4344812,
            "fid": 2,
            "nid": 1633,
            "magpsf": 19.251699447631836,
            "sigmapsf": 0.17106899619102478,
            "magnr": 22.426000595092773,
            "sigmagnr": 0.3059999942779541,
            "magzpsci": 26.132699966430664,
            "isdiffpos": "t",
            "ssdistnr": null,
            "ssnamenr": null,
            "drb": null
        },
        {
            "candid": 1633246345115015006,
            "jd": 2459387.7463426,
            "ra": 229.6072228,
            "dec": 28.4345203,
            "fid": 2,
            "nid": 1633,
            "magpsf": 19.205900192260742,
            "sigmapsf": 0.1396699994802475,
            "magnr": 23.155000686645508,
            "sigmagnr": 0.3580000102519989,
            "magzpsci": 26.151899337768555,
            "isdiffpos": "t",
            "ssdistnr": null,
            "ssnamenr": null,
            "drb": null
        },
        {
            "candid": 1637212456215015013,
            "jd": 2459391.7124537,
            "ra": 229.6072867,
            "dec": 28.4344527,
            "fid": 1,
            "nid": 1637,
            "magpsf": 19.325700759887695,
            "sigmapsf": 0.15004000067710876,
            "magnr": 22.937999725341797,
            "sigmagnr": 0.25699999928474426,
            "magzpsci": 26.25670051574707,
            "isdiffpos": "t",
            "ssdistnr": null,
            "ssnamenr": null,
            "drb": null
        },
        {
            "candid": 1637214865115015006,
            "jd": 2459391.7148611,
            "ra": 229.6072421,
            "dec": 28.4344538,
            "fid": 1,
            "nid": 1637,
            "magpsf": 19.263500213623047,
            "sigmapsf": 0.16486799716949463,
            "magnr": 23.136999130249023,
            "sigmagnr": 0.34200000762939453,
            "magzpsci": 26.279499053955078,
            "isdiffpos": "t",
            "ssdistnr": null,
            "ssnamenr": null,
            "drb": null
        },
        {
            "candid": 1637276596215015005,
            "jd": 2459391.7765972,
            "ra": 229.6071959,
            "dec": 28.4344846,
            "fid": 2,
            "nid": 1637,
            "magpsf": 19.068500518798828,
            "sigmapsf": 0.15601499378681183,
            "magnr": 22.426000595092773,
            "sigmagnr": 0.3059999942779541,
            "magzpsci": 26.159500122070312,
            "isdiffpos": "t",
            "ssdistnr": null,
            "ssnamenr": null,
            "drb": null
        },
        {
            "candid": 1639235086215015009,
            "jd": 2459393.735081,
            "ra": 229.6072174,
            "dec": 28.4344691,
            "fid": 2,
            "nid": 1639,
            "magpsf": 19.109800338745117,
            "sigmapsf": 0.1257299929857254,
            "magnr": 22.426000595092773,
            "sigmagnr": 0.3059999942779541,
            "magzpsci": 26.238800048828125,
            "isdiffpos": "t",
            "ssdistnr": null,
            "ssnamenr": null,
            "drb": null
        },
        {
            "candid": 1639235555115015017,
            "jd": 2459393.7355556,
            "ra": 229.6071968,
            "dec": 28.4344883,
            "fid": 2,
            "nid": 1639,
            "magpsf": 19.010299682617188,
            "sigmapsf": 0.11177600175142288,
            "magnr": 23.155000686645508,
            "sigmagnr": 0.3580000102519989,
            "magzpsci": 26.163299560546875,
            "isdiffpos": "t",
            "ssdistnr": null,
            "ssnamenr": null,
            "drb": null
        },
        {
            "candid": 1639270615115015010,
            "jd": 2459393.7706134,
            "ra": 229.6071868,
            "dec": 28.4344769,
            "fid": 1,
            "nid": 1639,
            "magpsf": 19.33139991760254,
            "sigmapsf": 0.11966600269079208,
            "magnr": 23.136999130249023,
            "sigmagnr": 0.34200000762939453,
            "magzpsci": 26.23539924621582,
            "isdiffpos": "t",
            "ssdistnr": null,
            "ssnamenr": null,
            "drb": null
        },
        {
            "candid": 1639271076215015010,
            "jd": 2459393.7710764,
            "ra": 229.6072481,
            "dec": 28.4344712,
            "fid": 1,
            "nid": 1639,
            "magpsf": 19.429800033569336,
            "sigmapsf": 0.1102679967880249,
            "magnr": 22.937999725341797,
            "sigmagnr": 0.25699999928474426,
            "magzpsci": 26.20680046081543,
            "isdiffpos": "t",
            "ssdistnr": null,
            "ssnamenr": null,
            "drb": null
        },
        {
            "candid": 1641256275115015006,
            "jd": 2459395.7562731,
            "ra": 229.6071679,
            "dec": 28.4343635,
            "fid": 1,
            "nid": 1641,
            "magpsf": 19.300399780273438,
            "sigmapsf": 0.21542799472808838,
            "magnr": 23.136999130249023,
            "sigmagnr": 0.34200000762939453,
            "magzpsci": 25.36039924621582,
            "isdiffpos": "t",
            "ssdistnr": null,
            "ssnamenr": null,
            "drb": null
        },
        {
            "candid": 1641270426215015004,
            "jd": 2459395.7704282,
            "ra": 229.607214,
            "dec": 28.4344643,
            "fid": 1,
            "nid": 1641,
            "magpsf": 19.43829917907715,
            "sigmapsf": 0.1708270013332367,
            "magnr": 22.937999725341797,
            "sigmagnr": 0.25699999928474426,
            "magzpsci": 25.5762996673584,
            "isdiffpos": "t",
            "ssdistnr": null,
            "ssnamenr": null,
            "drb": null
        },
        {
            "candid": 1643227685115015017,
            "jd": 2459397.7276852,
            "ra": 229.6072179,
            "dec": 28.4345039,
            "fid": 2,
            "nid": 1643,
            "magpsf": 19.090999603271484,
            "sigmapsf": 0.10839500278234482,
            "magnr": 23.155000686645508,
            "sigmagnr": 0.3580000102519989,
            "magzpsci": 26.17799949645996,
            "isdiffpos": "t",
            "ssdistnr": null,
            "ssnamenr": null,
            "drb": null
        },
        {
            "candid": 1643250095115015012,
            "jd": 2459397.7500926,
            "ra": 229.6071591,
            "dec": 28.4344917,
            "fid": 1,
            "nid": 1643,
            "magpsf": 19.395299911499023,
            "sigmapsf": 0.1255970001220703,
            "magnr": 23.136999130249023,
            "sigmagnr": 0.34200000762939453,
            "magzpsci": 26.218299865722656,
            "isdiffpos": "t",
            "ssdistnr": null,
            "ssnamenr": null,
            "drb": null
        },
        {
            "candid": 1643254666215015009,
            "jd": 2459397.7546644,
            "ra": 229.6072327,
            "dec": 28.4344531,
            "fid": 1,
            "nid": 1643,
            "magpsf": 19.31220054626465,
            "sigmapsf": 0.10625799745321274,
            "magnr": 22.937999725341797,
            "sigmagnr": 0.25699999928474426,
            "magzpsci": 26.197200775146484,
            "isdiffpos": "t",
            "ssdistnr": null,
            "ssnamenr": null,
            "drb": null
        },
        {
            "candid": 1643353796215015014,
            "jd": 2459397.8537963,
            "ra": 229.6072326,
            "dec": 28.4344949,
            "fid": 2,
            "nid": 1643,
            "magpsf": 18.98539924621582,
            "sigmapsf": 0.0927719995379448,
            "magnr": 22.426000595092773,
            "sigmagnr": 0.3059999942779541,
            "magzpsci": 26.04840087890625,
            "isdiffpos": "t",
            "ssdistnr": null,
            "ssnamenr": null,
            "drb": null
        },
        {
            "candid": 1646211966215015024,
            "jd": 2459400.7119676,
            "ra": 229.6072525,
            "dec": 28.4344501,
            "fid": 2,
            "nid": 1646,
            "magpsf": 19.075199127197266,
            "sigmapsf": 0.11577600240707397,
            "magnr": 22.426000595092773,
            "sigmagnr": 0.3059999942779541,
            "magzpsci": 26.151199340820312,
            "isdiffpos": "t",
            "ssdistnr": null,
            "ssnamenr": null,
            "drb": null
        },
        {
            "candid": 1646212445115015007,
            "jd": 2459400.7124421,
            "ra": 229.6072124,
            "dec": 28.4344746,
            "fid": 2,
            "nid": 1646,
            "magpsf": 19.049699783325195,
            "sigmapsf": 0.09630600363016129,
            "magnr": 23.155000686645508,
            "sigmagnr": 0.3580000102519989,
            "magzpsci": 26.169700622558594,
            "isdiffpos": "t",
            "ssdistnr": null,
            "ssnamenr": null,
            "drb": null
        },
        {
            "candid": 1646275175115015006,
            "jd": 2459400.7751736,
            "ra": 229.6072049,
            "dec": 28.4344902,
            "fid": 1,
            "nid": 1646,
            "magpsf": 19.595600128173828,
            "sigmapsf": 0.15206299722194672,
            "magnr": 23.136999130249023,
            "sigmagnr": 0.34200000762939453,
            "magzpsci": 26.171600341796875,
            "isdiffpos": "t",
            "ssdistnr": null,
            "ssnamenr": null,
            "drb": null
        },
        {
            "candid": 1648245945115015016,
            "jd": 2459402.7459491,
            "ra": 229.6071893,
            "dec": 28.4344686,
            "fid": 2,
            "nid": 1648,
            "magpsf": 19.144899368286133,
            "sigmapsf": 0.10809999704360962,
            "magnr": 23.155000686645508,
            "sigmagnr": 0.3580000102519989,
            "magzpsci": 26.17889976501465,
            "isdiffpos": "t",
            "ssdistnr": null,
            "ssnamenr": null,
            "drb": null
        },
        {
            "candid": 1648258136215015021,
            "jd": 2459402.7581366,
            "ra": 229.6072504,
            "dec": 28.4344802,
            "fid": 2,
            "nid": 1648,
            "magpsf": 19.109899520874023,
            "sigmapsf": 0.11391700059175491,
            "magnr": 22.426000595092773,
            "sigmagnr": 0.3059999942779541,
            "magzpsci": 26.153900146484375,
            "isdiffpos": "t",
            "ssdistnr": null,
            "ssnamenr": null,
            "drb": null
        },
        {
            "candid": 1648276506215015005,
            "jd": 2459402.7765046,
            "ra": 229.607236,
            "dec": 28.4344704,
            "fid": 1,
            "nid": 1648,
            "magpsf": 19.669300079345703,
            "sigmapsf": 0.13692499697208405,
            "magnr": 22.937999725341797,
            "sigmagnr": 0.25699999928474426,
            "magzpsci": 26.22130012512207,
            "isdiffpos": "t",
            "ssdistnr": null,
            "ssnamenr": null,
            "drb": null
        },
        {
            "candid": 1648301605115015007,
            "jd": 2459402.8016088,
            "ra": 229.6071448,
            "dec": 28.4344674,
            "fid": 1,
            "nid": 1648,
            "magpsf": 19.683900833129883,
            "sigmapsf": 0.17575900256633759,
            "magnr": 23.136999130249023,
            "sigmagnr": 0.34200000762939453,
            "magzpsci": 26.189899444580078,
            "isdiffpos": "t",
            "ssdistnr": null,
            "ssnamenr": null,
            "drb": null
        },
        {
            "candid": 1650226435115015017,
            "jd": 2459404.7264352,
            "ra": 229.6072311,
            "dec": 28.4344623,
            "fid": 2,
            "nid": 1650,
            "magpsf": 19.152099609375,
            "sigmapsf": 0.08908999711275101,
            "magnr": 23.155000686645508,
            "sigmagnr": 0.3580000102519989,
            "magzpsci": 26.09709930419922,
            "isdiffpos": "t",
            "ssdistnr": null,
            "ssnamenr": null,
            "drb": null
        },
        {
            "candid": 1650226896215015007,
            "jd": 2459404.7268981,
            "ra": 229.6072385,
            "dec": 28.434478,
            "fid": 2,
            "nid": 1650,
            "magpsf": 19.119400024414062,
            "sigmapsf": 0.1215519979596138,
            "magnr": 22.426000595092773,
            "sigmagnr": 0.3059999942779541,
            "magzpsci": 26.093399047851562,
            "isdiffpos": "t",
            "ssdistnr": null,
            "ssnamenr": null,
            "drb": null
        },
        {
            "candid": 1650332315115015007,
            "jd": 2459404.8323148,
            "ra": 229.6071761,
            "dec": 28.4344659,
            "fid": 1,
            "nid": 1650,
            "magpsf": 19.739200592041016,
            "sigmapsf": 0.19333100318908691,
            "magnr": 23.136999130249023,
            "sigmagnr": 0.34200000762939453,
            "magzpsci": 25.938199996948242,
            "isdiffpos": "t",
            "ssdistnr": null,
            "ssnamenr": null,
            "drb": null
        },
        {
            "candid": 1650333266215015017,
            "jd": 2459404.8332639,
            "ra": 229.6071879,
            "dec": 28.4343894,
            "fid": 1,
            "nid": 1650,
            "magpsf": 19.680400848388672,
            "sigmapsf": 0.20423999428749084,
            "magnr": 22.937999725341797,
            "sigmagnr": 0.25699999928474426,
            "magzpsci": 25.925399780273438,
            "isdiffpos": "t",
            "ssdistnr": null,
            "ssnamenr": null,
            "drb": null
        },
        {
            "candid": 1652216495115015017,
            "jd": 2459406.7164931,
            "ra": 229.6071724,
            "dec": 28.4345653,
            "fid": 1,
            "nid": 1652,
            "magpsf": 19.880800247192383,
            "sigmapsf": 0.16489599645137787,
            "magnr": 23.136999130249023,
            "sigmagnr": 0.34200000762939453,
            "magzpsci": 26.131799697875977,
            "isdiffpos": "t",
            "ssdistnr": null,
            "ssnamenr": null,
            "drb": null
        },
        {
            "candid": 1652216956215015013,
            "jd": 2459406.716956,
            "ra": 229.6072588,
            "dec": 28.4344694,
            "fid": 1,
            "nid": 1652,
            "magpsf": 20.023000717163086,
            "sigmapsf": 0.24317200481891632,
            "magnr": 22.937999725341797,
            "sigmagnr": 0.25699999928474426,
            "magzpsci": 26.1200008392334,
            "isdiffpos": "t",
            "ssdistnr": null,
            "ssnamenr": null,
            "drb": null
        },
        {
            "candid": 1652238246215015012,
            "jd": 2459406.7382407,
            "ra": 229.6072001,
            "dec": 28.4344609,
            "fid": 2,
            "nid": 1652,
            "magpsf": 19.234500885009766,
            "sigmapsf": 0.10605700314044952,
            "magnr": 22.426000595092773,
            "sigmagnr": 0.3059999942779541,
            "magzpsci": 26.065500259399414,
            "isdiffpos": "t",
            "ssdistnr": null,
            "ssnamenr": null,
            "drb": null
        },
        {
            "candid": 1652239735115015008,
            "jd": 2459406.7397338,
            "ra": 229.6072268,
            "dec": 28.4344808,
            "fid": 2,
            "nid": 1652,
            "magpsf": 19.160600662231445,
            "sigmapsf": 0.11801599711179733,
            "magnr": 23.155000686645508,
            "sigmagnr": 0.3580000102519989,
            "magzpsci": 26.087600708007812,
            "isdiffpos": "t",
            "ssdistnr": null,
            "ssnamenr": null,
            "drb": null
        },
        {
            "candid": 1654189986215015009,
            "jd": 2459408.6899884,
            "ra": 229.6072366,
            "dec": 28.4345254,
            "fid": 1,
            "nid": 1654,
            "magpsf": 20.01460075378418,
            "sigmapsf": 0.17335399985313416,
            "magnr": 22.937999725341797,
            "sigmagnr": 0.25699999928474426,
            "magzpsci": 25.962600708007812,
            "isdiffpos": "t",
            "ssdistnr": null,
            "ssnamenr": null,
            "drb": null
        },
        {
            "candid": 1654191905115015013,
            "jd": 2459408.6919097,
            "ra": 229.6071348,
            "dec": 28.4345199,
            "fid": 1,
            "nid": 1654,
            "magpsf": 19.90570068359375,
            "sigmapsf": 0.18954099714756012,
            "magnr": 23.136999130249023,
            "sigmagnr": 0.34200000762939453,
            "magzpsci": 25.966699600219727,
            "isdiffpos": "t",
            "ssdistnr": null,
            "ssnamenr": null,
            "drb": null
        },
        {
            "candid": 1654224375115015009,
            "jd": 2459408.724375,
            "ra": 229.6072061,
            "dec": 28.4344706,
            "fid": 2,
            "nid": 1654,
            "magpsf": 19.246999740600586,
            "sigmapsf": 0.11180099844932556,
            "magnr": 23.155000686645508,
            "sigmagnr": 0.3580000102519989,
            "magzpsci": 25.95599937438965,
            "isdiffpos": "t",
            "ssdistnr": null,
            "ssnamenr": null,
            "drb": null
        },
        {
            "candid": 1654225866215015009,
            "jd": 2459408.7258681,
            "ra": 229.6072321,
            "dec": 28.4344563,
            "fid": 2,
            "nid": 1654,
            "magpsf": 19.24209976196289,
            "sigmapsf": 0.12397799640893936,
            "magnr": 22.426000595092773,
            "sigmagnr": 0.3059999942779541,
            "magzpsci": 25.925100326538086,
            "isdiffpos": "t",
            "ssdistnr": null,
            "ssnamenr": null,
            "drb": null
        },
        {
            "candid": 1656195156215015009,
            "jd": 2459410.6951505,
            "ra": 229.607211,
            "dec": 28.4345202,
            "fid": 1,
            "nid": 1656,
            "magpsf": 20.17959976196289,
            "sigmapsf": 0.2702440023422241,
            "magnr": 22.937999725341797,
            "sigmagnr": 0.25699999928474426,
            "magzpsci": 26.031600952148438,
            "isdiffpos": "t",
            "ssdistnr": null,
            "ssnamenr": null,
            "drb": null
        },
        {
            "candid": 1656195625115015015,
            "jd": 2459410.695625,
            "ra": 229.6072178,
            "dec": 28.4344771,
            "fid": 1,
            "nid": 1656,
            "magpsf": 20.085500717163086,
            "sigmapsf": 0.2444780021905899,
            "magnr": 23.136999130249023,
            "sigmagnr": 0.34200000762939453,
            "magzpsci": 26.056499481201172,
            "isdiffpos": "t",
            "ssdistnr": null,
            "ssnamenr": null,
            "drb": null
        },
        {
            "candid": 1656221975115015010,
            "jd": 2459410.7219792,
            "ra": 229.6072724,
            "dec": 28.4345408,
            "fid": 2,
            "nid": 1656,
            "magpsf": 19.473899841308594,
            "sigmapsf": 0.14473600685596466,
            "magnr": 23.155000686645508,
            "sigmagnr": 0.3580000102519989,
            "magzpsci": 26.02090072631836,
            "isdiffpos": "t",
            "ssdistnr": null,
            "ssnamenr": null,
            "drb": null
        },
        {
            "candid": 1656246166215015008,
            "jd": 2459410.746169,
            "ra": 229.6072057,
            "dec": 28.4344663,
            "fid": 2,
            "nid": 1656,
            "magpsf": 19.312000274658203,
            "sigmapsf": 0.13150499761104584,
            "magnr": 22.426000595092773,
            "sigmagnr": 0.3059999942779541,
            "magzpsci": 25.951000213623047,
            "isdiffpos": "t",
            "ssdistnr": null,
            "ssnamenr": null,
            "drb": null
        },
        {
            "candid": 1658215356215015007,
            "jd": 2459412.7153588,
            "ra": 229.6072443,
            "dec": 28.4344868,
            "fid": 2,
            "nid": 1658,
            "magpsf": 19.380800247192383,
            "sigmapsf": 0.15421099960803986,
            "magnr": 22.426000595092773,
            "sigmagnr": 0.3059999942779541,
            "magzpsci": 26.06679916381836,
            "isdiffpos": "t",
            "ssdistnr": null,
            "ssnamenr": null,
            "drb": null
        },
        {
            "candid": 1658248416215015005,
            "jd": 2459412.7484144,
            "ra": 229.6071795,
            "dec": 28.4345066,
            "fid": 1,
            "nid": 1658,
            "magpsf": 20.431400299072266,
            "sigmapsf": 0.2888439893722534,
            "magnr": 22.937999725341797,
            "sigmagnr": 0.25699999928474426,
            "magzpsci": 26.073400497436523,
            "isdiffpos": "t",
            "ssdistnr": null,
            "ssnamenr": null,
            "drb": null
        },
        {
            "candid": 1661194136215015009,
            "jd": 2459415.6941319,
            "ra": 229.607271,
            "dec": 28.4345303,
            "fid": 2,
            "nid": 1661,
            "magpsf": 19.514299392700195,
            "sigmapsf": 0.1539269983768463,
            "magnr": 22.426000595092773,
            "sigmagnr": 0.3059999942779541,
            "magzpsci": 26.158300399780273,
            "isdiffpos": "t",
            "ssdistnr": null,
            "ssnamenr": null,
            "drb": null
        },
        {
            "candid": 1661194136215065009,
            "jd": 2459415.6941319,
            "ra": 229.607271,
            "dec": 28.4345303,
            "fid": 2,
            "nid": 1661,
            "magpsf": 19.514299392700195,
            "sigmapsf": 0.1539269983768463,
            "magnr": 22.426000595092773,
            "sigmagnr": 0.3059999942779541,
            "magzpsci": 26.158300399780273,
            "isdiffpos": "t",
            "ssdistnr": null,
            "ssnamenr": null,
            "drb": null
        },
        {
            "candid": 1661194136215075009,
            "jd": 2459415.6941319,
            "ra": 229.607271,
            "dec": 28.4345303,
            "fid": 2,
            "nid": 1661,
            "magpsf": 19.514299392700195,
            "sigmapsf": 0.1539269983768463,
            "magnr": 22.426000595092773,
            "sigmagnr": 0.3059999942779541,
            "magzpsci": 26.158300399780273,
            "isdiffpos": "t",
            "ssdistnr": null,
            "ssnamenr": null,
            "drb": null
        },
        {
            "candid": 1661194595115015011,
            "jd": 2459415.6945949,
            "ra": 229.6072329,
            "dec": 28.4345078,
            "fid": 2,
            "nid": 1661,
            "magpsf": 19.573400497436523,
            "sigmapsf": 0.16866500675678253,
            "magnr": 23.155000686645508,
            "sigmagnr": 0.3580000102519989,
            "magzpsci": 26.168399810791016,
            "isdiffpos": "t",
            "ssdistnr": null,
            "ssnamenr": null,
            "drb": null
        },
        {
            "candid": 1661194595115065011,
            "jd": 2459415.6945949,
            "ra": 229.6072329,
            "dec": 28.4345078,
            "fid": 2,
            "nid": 1661,
            "magpsf": 19.573400497436523,
            "sigmapsf": 0.16866500675678253,
            "magnr": 23.155000686645508,
            "sigmagnr": 0.3580000102519989,
            "magzpsci": 26.168399810791016,
            "isdiffpos": "t",
            "ssdistnr": null,
            "ssnamenr": null,
            "drb": null
        },
        {
            "candid": 1661194595115075011,
            "jd": 2459415.6945949,
            "ra": 229.6072329,
            "dec": 28.4345078,
            "fid": 2,
            "nid": 1661,
            "magpsf": 19.573400497436523,
            "sigmapsf": 0.16866500675678253,
            "magnr": 23.155000686645508,
            "sigmagnr": 0.3580000102519989,
            "magzpsci": 26.168399810791016,
            "isdiffpos": "t",
            "ssdistnr": null,
            "ssnamenr": null,
            "drb": null
        },
        {
            "candid": 1661270305115015005,
            "jd": 2459415.7703009,
            "ra": 229.6070946,
            "dec": 28.4345664,
            "fid": 1,
            "nid": 1661,
            "magpsf": 19.84869956970215,
            "sigmapsf": 0.2603999972343445,
            "magnr": 23.136999130249023,
            "sigmagnr": 0.34200000762939453,
            "magzpsci": 26.14069938659668,
            "isdiffpos": "t",
            "ssdistnr": null,
            "ssnamenr": null,
            "drb": null
        },
        {
            "candid": 1661270305115065005,
            "jd": 2459415.7703009,
            "ra": 229.6070946,
            "dec": 28.4345664,
            "fid": 1,
            "nid": 1661,
            "magpsf": 19.84869956970215,
            "sigmapsf": 0.2603999972343445,
            "magnr": 23.136999130249023,
            "sigmagnr": 0.34200000762939453,
            "magzpsci": 26.14069938659668,
            "isdiffpos": "t",
            "ssdistnr": null,
            "ssnamenr": null,
            "drb": null
        },
        {
            "candid": 1661270305115075005,
            "jd": 2459415.7703009,
            "ra": 229.6070946,
            "dec": 28.4345664,
            "fid": 1,
            "nid": 1661,
            "magpsf": 19.84869956970215,
            "sigmapsf": 0.2603999972343445,
            "magnr": 23.136999130249023,
            "sigmagnr": 0.34200000762939453,
            "magzpsci": 26.14069938659668,
            "isdiffpos": "t",
            "ssdistnr": null,
            "ssnamenr": null,
            "drb": null
        },
        {
            "candid": 1669205436215015007,
            "jd": 2459423.7054398,
            "ra": 229.6071152,
            "dec": 28.4345298,
            "fid": 1,
            "nid": 1669,
            "magpsf": 20.6924991607666,
            "sigmapsf": 0.2883569896221161,
            "magnr": 22.937999725341797,
            "sigmagnr": 0.25699999928474426,
            "magzpsci": 26.15250015258789,
            "isdiffpos": "t",
            "ssdistnr": null,
            "ssnamenr": null,
            "drb": null
        },
        {
            "candid": 1669233516215015007,
            "jd": 2459423.7335185,
            "ra": 229.6073038,
            "dec": 28.4344847,
            "fid": 2,
            "nid": 1669,
            "magpsf": 19.785900115966797,
            "sigmapsf": 0.1924159973859787,
            "magnr": 22.426000595092773,
            "sigmagnr": 0.3059999942779541,
            "magzpsci": 26.08489990234375,
            "isdiffpos": "t",
            "ssdistnr": null,
            "ssnamenr": null,
            "drb": null
        },
        {
            "candid": 1669289155115015004,
            "jd": 2459423.7891551,
            "ra": 229.607221,
            "dec": 28.4344674,
            "fid": 2,
            "nid": 1669,
            "magpsf": 19.421199798583984,
            "sigmapsf": 0.148826003074646,
            "magnr": 23.155000686645508,
            "sigmagnr": 0.3580000102519989,
            "magzpsci": 25.9862003326416,
            "isdiffpos": "t",
            "ssdistnr": null,
            "ssnamenr": null,
            "drb": null
        },
        {
            "candid": 1671198686215015023,
            "jd": 2459425.6986806,
            "ra": 229.6071926,
            "dec": 28.4344332,
            "fid": 2,
            "nid": 1671,
            "magpsf": 19.876399993896484,
            "sigmapsf": 0.16100500524044037,
            "magnr": 22.426000595092773,
            "sigmagnr": 0.3059999942779541,
            "magzpsci": 26.11440086364746,
            "isdiffpos": "t",
            "ssdistnr": null,
            "ssnamenr": null,
            "drb": null
        },
        {
            "candid": 1680187516215015014,
            "jd": 2459434.6875116,
            "ra": 229.6072725,
            "dec": 28.4345088,
            "fid": 2,
            "nid": 1680,
            "magpsf": 20.07139015197754,
            "sigmapsf": 0.1665000021457672,
            "magnr": 22.426000595092773,
            "sigmagnr": 0.3059999942779541,
            "magzpsci": 26.129390716552734,
            "isdiffpos": "t",
            "ssdistnr": -999.0,
            "ssnamenr": "null",
            "drb": null
        },
        {
            "jd": 2459339.7987153,
            "fid": 2,
            "diffmaglim": 20.686599731445312
        },
        {
            "jd": 2459339.8957176,
            "fid": 1,
            "diffmaglim": 20.70669937133789
        },
        {
            "jd": 2459340.8328819,
            "fid": 2,
            "diffmaglim": 20.65049934387207
        },
        {
            "jd": 2459340.8589468,
            "fid": 1,
            "diffmaglim": 20.683500289916992
        },
        {
            "jd": 2459341.7849653,
            "fid": 2,
            "diffmaglim": 20.733200073242188
        },
        {
            "jd": 2459341.8200694,
            "fid": 1,
            "diffmaglim": 20.984899520874023
        },
        {
            "jd": 2459342.8582639,
            "fid": 1,
            "diffmaglim": 20.716100692749023
        },
        {
            "jd": 2459342.9159606,
            "fid": 2,
            "diffmaglim": 20.80120086669922
        },
        {
            "jd": 2459343.7816319,
            "fid": 1,
            "diffmaglim": 20.77720069885254
        },
        {
            "jd": 2459343.8289699,
            "fid": 2,
            "diffmaglim": 20.609699249267578
        },
        {
            "jd": 2459345.8182639,
            "fid": 2,
            "diffmaglim": 20.795400619506836
        },
        {
            "jd": 2459345.8798611,
            "fid": 1,
            "diffmaglim": 20.692800521850586
        },
        {
            "jd": 2459345.8803241,
            "fid": 1,
            "diffmaglim": 20.808000564575195
        },
        {
            "jd": 2459347.8169213,
            "fid": 2,
            "diffmaglim": 17.358600616455078
        },
        {
            "jd": 2459349.8183912,
            "fid": 2,
            "diffmaglim": 20.75659942626953
        },
        {
            "jd": 2459349.866169,
            "fid": 1,
            "diffmaglim": 21.006900787353516
        },
        {
            "jd": 2459349.8666319,
            "fid": 1,
            "diffmaglim": 21.14240074157715
        },
        {
            "jd": 2459352.8011111,
            "fid": 2,
            "diffmaglim": 20.60810089111328
        },
        {
            "jd": 2459352.8529167,
            "fid": 1,
            "diffmaglim": 20.934499740600586
        },
        {
            "jd": 2459354.7846296,
            "fid": 2,
            "diffmaglim": 20.182100296020508
        },
        {
            "jd": 2459354.7865046,
            "fid": 2,
            "diffmaglim": 20.02680015563965
        },
        {
            "jd": 2459354.8615509,
            "fid": 1,
            "diffmaglim": 20.000099182128906
        },
        {
            "jd": 2459354.8620255,
            "fid": 1,
            "diffmaglim": 19.881000518798828
        },
        {
            "jd": 2459358.8196296,
            "fid": 2,
            "diffmaglim": 19.392900466918945
        },
        {
            "jd": 2459358.8229514,
            "fid": 2,
            "diffmaglim": 19.34869956970215
        },
        {
            "jd": 2459358.9140394,
            "fid": 1,
            "diffmaglim": 19.261699676513672
        },
        {
            "jd": 2459358.9145023,
            "fid": 1,
            "diffmaglim": 19.398500442504883
        },
        {
            "jd": 2459361.7979977,
            "fid": 1,
            "diffmaglim": 19.547199249267578
        },
        {
            "jd": 2459361.8158796,
            "fid": 1,
            "diffmaglim": 19.595800399780273
        },
        {
            "jd": 2459361.8404514,
            "fid": 2,
            "diffmaglim": 19.787399291992188
        },
        {
            "jd": 2459361.8720486,
            "fid": 2,
            "diffmaglim": 19.706199645996094
        },
        {
            "jd": 2459363.7542361,
            "fid": 1,
            "diffmaglim": 20.268699645996094
        },
        {
            "jd": 2459363.7753935,
            "fid": 1,
            "diffmaglim": 20.29509925842285
        },
        {
            "jd": 2459363.8537847,
            "fid": 2,
            "diffmaglim": 20.1343994140625
        },
        {
            "jd": 2459363.8597338,
            "fid": 2,
            "diffmaglim": 20.172100067138672
        },
        {
            "jd": 2459365.7960995,
            "fid": 1,
            "diffmaglim": 20.715299606323242
        },
        {
            "jd": 2459365.8276273,
            "fid": 1,
            "diffmaglim": 20.493499755859375
        },
        {
            "jd": 2459365.8414815,
            "fid": 2,
            "diffmaglim": 20.497800827026367
        },
        {
            "jd": 2459365.8531597,
            "fid": 2,
            "diffmaglim": 20.143800735473633
        },
        {
            "jd": 2459367.8104745,
            "fid": 1,
            "diffmaglim": 20.181299209594727
        },
        {
            "jd": 2459367.8109375,
            "fid": 1,
            "diffmaglim": 20.36400032043457
        },
        {
            "jd": 2459367.843125,
            "fid": 2,
            "diffmaglim": 20.298500061035156
        },
        {
            "jd": 2459367.8617708,
            "fid": 2,
            "diffmaglim": 20.552400588989258
        },
        {
            "jd": 2459372.8171296,
            "fid": 2,
            "diffmaglim": 16.877199172973633
        },
        {
            "jd": 2459372.8411806,
            "fid": 1,
            "diffmaglim": 17.708099365234375
        },
        {
            "jd": 2459373.7359838,
            "fid": 2,
            "diffmaglim": 20.574800491333008
        },
        {
            "jd": 2459383.7581597,
            "fid": 1,
            "diffmaglim": 19.881399154663086
        },
        {
            "jd": 2459385.7763194,
            "fid": 1,
            "diffmaglim": 19.666500091552734
        },
        {
            "jd": 2459387.8110417,
            "fid": 1,
            "diffmaglim": 19.356000900268555
        },
        {
            "jd": 2459387.8409491,
            "fid": 1,
            "diffmaglim": 19.233200073242188
        },
        {
            "jd": 2459395.7978704,
            "fid": 2,
            "diffmaglim": 18.397899627685547
        },
        {
            "jd": 2459395.7992824,
            "fid": 2,
            "diffmaglim": 17.56570053100586
        },
        {
            "jd": 2459412.7148843,
            "fid": 2,
            "diffmaglim": 20.02680015563965
        },
        {
            "jd": 2459412.7479398,
            "fid": 1,
            "diffmaglim": 20.054899215698242
        },
        {
            "jd": 2459415.769838,
            "fid": 1,
            "diffmaglim": 19.56209945678711
        },
        {
            "jd": 2459417.7017824,
            "fid": 1,
            "diffmaglim": 18.8125
        },
        {
            "jd": 2459417.7294444,
            "fid": 2,
            "diffmaglim": 17.473899841308594
        },
        {
            "jd": 2459417.758125,
            "fid": 2,
            "diffmaglim": 15.835700035095215
        },
        {
            "jd": 2459419.7232176,
            "fid": 1,
            "diffmaglim": 19.110700607299805
        },
        {
            "jd": 2459419.7236921,
            "fid": 1,
            "diffmaglim": 19.084699630737305
        },
        {
            "jd": 2459419.7370949,
            "fid": 2,
            "diffmaglim": 18.25469970703125
        },
        {
            "jd": 2459419.7375694,
            "fid": 2,
            "diffmaglim": 18.333200454711914
        },
        {
            "jd": 2459423.7261921,
            "fid": 1,
            "diffmaglim": 20.370899200439453
        },
        {
            "jd": 2459425.6817014,
            "fid": 2,
            "diffmaglim": 20.412900924682617
        },
        {
            "jd": 2459425.7247222,
            "fid": 1,
            "diffmaglim": 20.495500564575195
        },
        {
            "jd": 2459425.7466898,
            "fid": 1,
            "diffmaglim": 20.40920066833496
        },
        {
            "jd": 2459427.7427083,
            "fid": 1,
            "diffmaglim": 20.226999282836914
        },
        {
            "jd": 2459427.7686574,
            "fid": 1,
            "diffmaglim": 20.107500076293945
        },
        {
            "jd": 2459429.7597338,
            "fid": 1,
            "diffmaglim": 20.277999877929688
        },
        {
            "jd": 2459429.780787,
            "fid": 1,
            "diffmaglim": 20.012100219726562
        },
        {
            "jd": 2459434.6775347,
            "fid": 2,
            "diffmaglim": 20.614599227905273
        }
    ],
    "forcedphot": []
}