{
    "objectId": "ZTF21aarmuxl",
    "candidates": [
        {
            "candid": 1550177405415015005,
            "jd": 2459304.6774074,
            "ra": 141.244168,
            "dec": 42.8091601,
            "fid": 2,
            "nid": 1550,
            "magpsf": 19.988300323486328,
            "sigmapsf": 0.2494560033082962,
            "magnr": 18.10700035095215,
            "sigmagnr": 0.07500000298023224,
            "magzpsci": 26.224300384521484,
            "isdiffpos": "t",
            "ssdistnr": null,
            "ssnamenr": null,
            "drb": null
        },
        {
            "candid": 1550197625415015003,
            "jd": 2459304.6976273,
            "ra": 141.2442663,
            "dec": 42.8089635,
            "fid": 1,
            "nid": 1550,
            "magpsf": 20.20709991455078,
            "sigmapsf": 0.19638200104236603,
            "magnr": 18.84600067138672,
            "sigmagnr": 0.07599999755620956,
            "magzpsci": 26.309099197387695,
            "isdiffpos": "t",
            "ssdistnr": null,
            "ssnamenr": null,
            "drb": null
        },
        {
            "candid": 1552239005415015021,
            "jd": 2459306.7390046,
            "ra": 141.2440829,
            "dec": 42.8090546,
            "fid": 2,
            "nid": 1552,
            "magpsf": 19.403900146484375,
            "sigmapsf": 0.1337060034275055,
            "magnr": 18.10700035095215,
            "sigmagnr": 0.07500000298023224,
            "magzpsci": 26.237899780273438,
            "isdiffpos": "t",
            "ssdistnr": null,
            "ssnamenr": null,
            "drb": null
        },
        {
            "candid": 1552306185415015006,
            "jd": 2459306.8061806,
            "ra": 141.2440466,
            "dec": 42.8090651,
            "fid": 1,
            "nid": 1552,
            "magpsf": 19.836000442504883,
            "sigmapsf": 0.15595300495624542,
            "magnr": 18.84600067138672,
            "sigmagnr": 0.07599999755620956,
            "magzpsci": 26.27400016784668,
            "isdiffpos": "t",
            "ssdistnr": null,
            "ssnamenr": null,
            "drb": null
        },
        {
            "candid": 1554215405415015010,
            "jd": 2459308.7154051,
            "ra": 141.2440585,
            "dec": 42.809098,
            "fid": 2,
            "nid": 1554,
            "magpsf": 19.148099899291992,
            "sigmapsf": 0.11841800063848495,
            "magnr": 18.10700035095215,
            "sigmagnr": 0.07500000298023224,
            "magzpsci": 26.2721004486084,
            "isdiffpos": "t",
            "ssdistnr": null,
            "ssnamenr": null,
            "drb": null
        },
        {
            "candid": 1554265395415015013,
            "jd": 2459308.7653935,
            "ra": 141.2440882,
            "dec": 42.8090596,
            "fid": 1,
            "nid": 1554,
            "magpsf": 19.472900390625,
            "sigmapsf": 0.11617700010538101,
            "magnr": 18.84600067138672,
            "sigmagnr": 0.07599999755620956,
            "magzpsci": 26.348899841308594,
            "isdiffpos": "t",
            "ssdistnr": null,
            "ssnamenr": null,
            "drb": null
        },
        {
            "candid": 1556247215415015008,
            "jd": 2459310.7472106,
            "ra": 141.2440533,
            "dec": 42.8090383,
            "fid": 1,
            "nid": 1556,
            "magpsf": 19.30139923095703,
            "sigmapsf": 0.10658799856901169,
            "magnr": 18.84600067138672,
            "sigmagnr": 0.07599999755620956,
            "magzpsci": 26.258399963378906,
            "isdiffpos": "t",
            "ssdistnr": null,
            "ssnamenr": null,
            "drb": null
        },
        {
            "candid": 1556310065415015008,
            "jd": 2459310.8100694,
            "ra": 141.2441046,
            "dec": 42.8091169,
            "fid": 2,
            "nid": 1556,
            "magpsf": 18.84040069580078,
            "sigmapsf": 0.091280996799469,
            "magnr": 18.10700035095215,
            "sigmagnr": 0.07500000298023224,
            "magzpsci": 26.181400299072266,
            "isdiffpos": "t",
            "ssdistnr": null,
            "ssnamenr": null,
            "drb": null
        },
        {
            "candid": 1558225505415015009,
            "jd": 2459312.7255093,
            "ra": 141.2440764,
            "dec": 42.8090733,
            "fid": 1,
            "nid": 1558,
            "magpsf": 19.09869956970215,
            "sigmapsf": 0.10485800355672836,
            "magnr": 18.84600067138672,
            "sigmagnr": 0.07599999755620956,
            "magzpsci": 26.367700576782227,
            "isdiffpos": "t",
            "ssdistnr": null,
            "ssnamenr": null,
            "drb": null
        },
        {
            "candid": 1558268685415015012,
            "jd": 2459312.7686806,
            "ra": 141.2440751,
            "dec": 42.8090968,
            "fid": 2,
            "nid": 1558,
            "magpsf": 18.84280014038086,
            "sigmapsf": 0.09633000195026398,
            "magnr": 18.10700035095215,
            "sigmagnr": 0.07500000298023224,
            "magzpsci": 26.267799377441406,
            "isdiffpos": "t",
            "ssdistnr": null,
            "ssnamenr": null,
            "drb": null
        },
        {
            "candid": 1560177125415015006,
            "jd": 2459314.6771296,
            "ra": 141.2440712,
            "dec": 42.8090836,
            "fid": 2,
            "nid": 1560,
            "magpsf": 18.816999435424805,
            "sigmapsf": 0.09830400347709656,
            "magnr": 18.10700035095215,
            "sigmagnr": 0.07500000298023224,
            "magzpsci": 26.259000778198242,
            "isdiffpos": "t",
            "ssdistnr": null,
            "ssnamenr": null,
            "drb": null
        },
        {
            "candid": 1560237815415015017,
            "jd": 2459314.7378125,
            "ra": 141.2440988,
            "dec": 42.8090515,
            "fid": 1,
            "nid": 1560,
            "magpsf": 19.250900268554688,
            "sigmapsf": 0.10037100315093994,
            "magnr": 18.84600067138672,
            "sigmagnr": 0.07599999755620956,
            "magzpsci": 26.348899841308594,
            "isdiffpos": "t",
            "ssdistnr": null,
            "ssnamenr": null,
            "drb": null
        },
        {
            "candid": 1562186495415015014,
            "jd": 2459316.6864931,
            "ra": 141.2440669,
            "dec": 42.8090665,
            "fid": 2,
            "nid": 1562,
            "magpsf": 18.868099212646484,
            "sigmapsf": 0.08734899759292603,
            "magnr": 18.10700035095215,
            "sigmagnr": 0.07500000298023224,
            "magzpsci": 26.240100860595703,
            "isdiffpos": "t",
            "ssdistnr": null,
            "ssnamenr": null,
            "drb": null
        },
        {
            "candid": 1562220535415015008,
            "jd": 2459316.7205324,
            "ra": 141.2441007,
            "dec": 42.8090731,
            "fid": 1,
            "nid": 1562,
            "magpsf": 19.289600372314453,
            "sigmapsf": 0.1051580011844635,
            "magnr": 18.84600067138672,
            "sigmagnr": 0.07599999755620956,
            "magzpsci": 26.300600051879883,
            "isdiffpos": "t",
            "ssdistnr": null,
            "ssnamenr": null,
            "drb": null
        },
        {
            "candid": 1565214125415015008,
            "jd": 2459319.7141204,
            "ra": 141.2440789,
            "dec": 42.809091,
            "fid": 2,
            "nid": 1565,
            "magpsf": 18.75819969177246,
            "sigmapsf": 0.09617400169372559,
            "magnr": 18.10700035095215,
            "sigmagnr": 0.07500000298023224,
            "magzpsci": 26.266199111938477,
            "isdiffpos": "t",
            "ssdistnr": null,
            "ssnamenr": null,
            "drb": null
        },
        {
            "candid": 1565241185415015017,
            "jd": 2459319.7411806,
            "ra": 141.2440813,
            "dec": 42.809033,
            "fid": 1,
            "nid": 1565,
            "magpsf": 19.67530059814453,
            "sigmapsf": 0.1471409946680069,
            "magnr": 18.84600067138672,
            "sigmagnr": 0.07599999755620956,
            "magzpsci": 26.35930061340332,
            "isdiffpos": "t",
            "ssdistnr": null,
            "ssnamenr": null,
            "drb": null
        },
        {
            "candid": 1567181885415015009,
            "jd": 2459321.6818866,
            "ra": 141.2440886,
            "dec": 42.8090595,
            "fid": 1,
            "nid": 1567,
            "magpsf": 19.718399047851562,
            "sigmapsf": 0.13944900035858154,
            "magnr": 18.84600067138672,
            "sigmagnr": 0.07599999755620956,
            "magzpsci": 26.315399169921875,
            "isdiffpos": "t",
            "ssdistnr": null,
            "ssnamenr": null,
            "drb": null
        },
        {
            "candid": 1567227715415015010,
            "jd": 2459321.7277199,
            "ra": 141.2440788,
            "dec": 42.8090806,
            "fid": 2,
            "nid": 1567,
            "magpsf": 18.91160011291504,
            "sigmapsf": 0.08572100102901459,
            "magnr": 18.10700035095215,
            "sigmagnr": 0.07500000298023224,
            "magzpsci": 26.206600189208984,
            "isdiffpos": "t",
            "ssdistnr": null,
            "ssnamenr": null,
            "drb": null
        },
        {
            "candid": 1569181645415015007,
            "jd": 2459323.6816435,
            "ra": 141.2441359,
            "dec": 42.8089716,
            "fid": 1,
            "nid": 1569,
            "magpsf": 19.934900283813477,
            "sigmapsf": 0.23242199420928955,
            "magnr": 18.84600067138672,
            "sigmagnr": 0.07599999755620956,
            "magzpsci": 26.319900512695312,
            "isdiffpos": "t",
            "ssdistnr": null,
            "ssnamenr": null,
            "drb": null
        },
        {
            "candid": 1569216685415015004,
            "jd": 2459323.7166898,
            "ra": 141.244155,
            "dec": 42.8091449,
            "fid": 2,
            "nid": 1569,
            "magpsf": 19.19770050048828,
            "sigmapsf": 0.14526599645614624,
            "magnr": 18.10700035095215,
            "sigmagnr": 0.07500000298023224,
            "magzpsci": 26.234699249267578,
            "isdiffpos": "t",
            "ssdistnr": null,
            "ssnamenr": null,
            "drb": null
        },
        {
            "candid": 1574178575415015006,
            "jd": 2459328.6785764,
            "ra": 141.2440761,
            "dec": 42.809149,
            "fid": 2,
            "nid": 1574,
            "magpsf": 19.66670036315918,
            "sigmapsf": 0.26563000679016113,
            "magnr": 18.10700035095215,
            "sigmagnr": 0.07500000298023224,
            "magzpsci": 26.252700805664062,
            "isdiffpos": "t",
            "ssdistnr": null,
            "ssnamenr": null,
            "drb": null
        },
        {
            "candid": 1580258265415015008,
            "jd": 2459334.7582639,
            "ra": 141.2440034,
            "dec": 42.8090898,
            "fid": 2,
            "nid": 1580,
            "magpsf": 19.70840072631836,
            "sigmapsf": 0.1764110028743744,
            "magnr": 18.10700035095215,
            "sigmagnr": 0.07500000298023224,
            "magzpsci": 26.175399780273438,
            "isdiffpos": "t",
            "ssdistnr": null,
            "ssnamenr": null,
            "drb": null
        },
        {
            "candid": 1582196875415015015,
            "jd": 2459336.696875,
            "ra": 141.2439152,
            "dec": 42.8090497,
            "fid": 2,
            "nid": 1582,
            "magpsf": 19.78652000427246,
            "sigmapsf": 0.1797419935464859,
            "magnr": 18.10700035095215,
            "sigmagnr": 0.07500000298023224,
            "magzpsci": 26.239519119262695,
            "isdiffpos": "t",
            "ssdistnr": -999.0,
            "ssnamenr": "null",
            "drb": null
        },
        {
            "candid": 1582196875415025015,
            "jd": 2459336.696875,
            "ra": 141.2439152,
            "dec": 42.8090497,
            "fid": 2,
            "nid": 1582,
            "magpsf": 19.786500930786133,
            "sigmapsf": 0.1797419935464859,
            "magnr": 18.10700035095215,
            "sigmagnr": 0.07500000298023224,
            "magzpsci": 26.239500045776367,
            "isdiffpos": "t",
            "ssdistnr": null,
            "ssnamenr": null,
            "drb": null
        },
        {
            "candid": 1582196875415035015,
            "jd": 2459336.696875,
            "ra": 141.2439152,
            "dec": 42.8090497,
            "fid": 2,
            "nid": 1582,
            "magpsf": 19.786500930786133,
            "sigmapsf": 0.1797419935464859,
            "magnr": 18.10700035095215,
            "sigmagnr": 0.07500000298023224,
            "magzpsci": 26.239500045776367,
            "isdiffpos": "t",
            "ssdistnr": null,
            "ssnamenr": null,
            "drb": null
        },
        {
            "candid": 1584181785415015013,
            "jd": 2459338.6817824,
            "ra": 141.2439446,
            "dec": 42.8090426,
            "fid": 1,
            "nid": 1584,
            "magpsf": 20.801799774169922,
            "sigmapsf": 0.2873539924621582,
            "magnr": 18.84600067138672,
            "sigmagnr": 0.07599999755620956,
            "magzpsci": 26.288799285888672,
            "isdiffpos": "t",
            "ssdistnr": null,
            "ssnamenr": null,
            "drb": null
        },
        {
            "candid": 1584222565415015006,
            "jd": 2459338.7225694,
            "ra": 141.243978,
            "dec": 42.809122,
            "fid": 2,
            "nid": 1584,
            "magpsf": 20.049999237060547,
            "sigmapsf": 0.19300900399684906,
            "magnr": 18.10700035095215,
            "sigmagnr": 0.07500000298023224,
            "magzpsci": 26.20599937438965,
            "isdiffpos": "t",
            "ssdistnr": null,
            "ssnamenr": null,
            "drb": null
        },
        {
            "candid": 1590203925415015016,
            "jd": 2459344.7039236,
            "ra": 141.2441264,
            "dec": 42.8090874,
            "fid": 2,
            "nid": 1590,
            "magpsf": 20.086000442504883,
            "sigmapsf": 0.1729310005903244,
            "magnr": 18.10700035095215,
            "sigmagnr": 0.07500000298023224,
            "magzpsci": 26.18000030517578,
            "isdiffpos": "t",
            "ssdistnr": -999.0,
            "ssnamenr": "null",
            "drb": null
        },
        {
            "jd": 2459278.6821759,
            "fid": 2,
            "diffmaglim": 20.16710090637207
        },
        {
            "jd": 2459278.7434375,
            "fid": 1,
            "diffmaglim": 20.27389907836914
        },
        {
            "jd": 2459281.7353472,
            "fid": 2,
            "diffmaglim": 20.469200134277344
        },
        {
            "jd": 2459281.8270023,
            "fid": 1,
            "diffmaglim": 20.2908992767334
        },
        {
            "jd": 2459291.7502662,
            "fid": 2,
            "diffmaglim": 20.289600372314453
        },
        {
            "jd": 2459293.7221412,
            "fid": 2,
            "diffmaglim": 20.282699584960938
        },
        {
            "jd": 2459293.780625,
            "fid": 1,
            "diffmaglim": 20.53569984436035
        },
        {
            "jd": 2459296.7375926,
            "fid": 2,
            "diffmaglim": 19.53019905090332
        },
        {
            "jd": 2459296.8016319,
            "fid": 1,
            "diffmaglim": 19.127099990844727
        },
        {
            "jd": 2459298.7840046,
            "fid": 2,
            "diffmaglim": 18.2012996673584
        },
        {
            "jd": 2459302.6772338,
            "fid": 1,
            "diffmaglim": 19.59040069580078
        },
        {
            "jd": 2459302.7233565,
            "fid": 2,
            "diffmaglim": 19.74570083618164
        },
        {
            "jd": 2459328.7172685,
            "fid": 1,
            "diffmaglim": 19.63409996032715
        },
        {
            "jd": 2459334.6801736,
            "fid": 1,
            "diffmaglim": 20.653200149536133
        },
        {
            "jd": 2459336.7223264,
            "fid": 1,
            "diffmaglim": 20.68899917602539
        },
        {
            "jd": 2459340.6822685,
            "fid": 1,
            "diffmaglim": 20.5132999420166
        },
        {
            "jd": 2459340.7686227,
            "fid": 2,
            "diffmaglim": 20.20599937438965
        },
        {
            "jd": 2459342.7198148,
            "fid": 1,
            "diffmaglim": 20.551000595092773
        },
        {
            "jd": 2459342.7631366,
            "fid": 2,
            "diffmaglim": 20.04560089111328
        },
        {
            "jd": 2459344.6819444,
            "fid": 1,
            "diffmaglim": 20.589099884033203
        }
    ],
    "forcedphot": []
}