{
    "objectId": "ZTF24aayucpn",
    "candidates": [
        {
            "candid": 2773196990415015018,
            "jd": 2460527.6969907,
            "ra": 210.0677476,
            "dec": 73.8176013,
            "fid": 1,
            "nid": 2773,
            "magpsf": 19.089599609375,
            "sigmapsf": 0.1036510020494461,
            "magnr": 21.05900001525879,
            "sigmagnr": 0.12200000137090683,
            "magzpsci": 26.218599319458008,
            "isdiffpos": "t",
            "ssdistnr": null,
            "ssnamenr": null,
            "drb": 0.999984622001648
        },
        {
            "candid": 2773247760415015017,
            "jd": 2460527.7477662,
            "ra": 210.0678107,
            "dec": 73.8176029,
            "fid": 2,
            "nid": 2773,
            "magpsf": 18.857799530029297,
            "sigmapsf": 0.08695100247859955,
            "magnr": 20.884000778198242,
            "sigmagnr": 0.11699999868869781,
            "magzpsci": 26.1648006439209,
            "isdiffpos": "t",
            "ssdistnr": null,
            "ssnamenr": null,
            "drb": null
        },
        {
            "candid": 2778238560415015035,
            "jd": 2460532.7385648,
            "ra": 210.0677762,
            "dec": 73.8176027,
            "fid": 1,
            "nid": 2778,
            "magpsf": 18.365699768066406,
            "sigmapsf": 0.047136999666690826,
            "magnr": 21.05900001525879,
            "sigmagnr": 0.12200000137090683,
            "magzpsci": 26.82670021057129,
            "isdiffpos": "t",
            "ssdistnr": null,
            "ssnamenr": null,
            "drb": null
        },
        {
            "candid": 2779199730415015008,
            "jd": 2460533.6997338,
            "ra": 210.0679146,
            "dec": 73.8175849,
            "fid": 2,
            "nid": 2779,
            "magpsf": 18.053499221801758,
            "sigmapsf": 0.11511600017547607,
            "magnr": 20.884000778198242,
            "sigmagnr": 0.11699999868869781,
            "magzpsci": 25.554500579833984,
            "isdiffpos": "t",
            "ssdistnr": null,
            "ssnamenr": null,
            "drb": null
        },
        {
            "candid": 2779221250415015013,
            "jd": 2460533.72125,
            "ra": 210.0678805,
            "dec": 73.8175707,
            "fid": 1,
            "nid": 2779,
            "magpsf": 18.529369354248047,
            "sigmapsf": 0.14235764741897583,
            "magnr": 21.05900001525879,
            "sigmagnr": 0.12200000137090683,
            "magzpsci": 25.557369232177734,
            "isdiffpos": "t",
            "ssdistnr": -999.0,
            "ssnamenr": "null",
            "drb": null
        },
        {
            "jd": 2460532.6923727,
            "fid": 2,
            "diffmaglim": 20.4414005279541
        }
    ],
    "forcedphot": [
        {
            "objectid": "ZTF24aayucpn",
            "jd": 2460527.6969907,
            "ranr": 210.0652085,
            "decnr": 73.8176042,
            "fid": 1,
            "forcediffimflux": 702.5230102539062,
            "forcediffimfluxunc": 31.380659103393555,
            "magzpsci": 26.218599319458008
        },
        {
            "objectid": "ZTF24aayucpn",
            "jd": 2460527.7477662,
            "ranr": 210.0667603,
            "decnr": 73.8171879,
            "fid": 2,
            "forcediffimflux": 831.0599975585938,
            "forcediffimfluxunc": 37.26591110229492,
            "magzpsci": 26.1648006439209
        },
        {
            "objectid": "ZTF24aayucpn",
            "jd": 2460532.6923727,
            "ranr": 210.0667603,
            "decnr": 73.8171879,
            "fid": 2,
            "forcediffimflux": 3122.301513671875,
            "forcediffimfluxunc": 54.84589385986328,
            "magzpsci": 26.864599227905273
        },
        {
            "objectid": "ZTF24aayucpn",
            "jd": 2460532.7385648,
            "ranr": 210.0652085,
            "decnr": 73.8176042,
            "fid": 1,
            "forcediffimflux": 2496.307373046875,
            "forcediffimfluxunc": 44.95833969116211,
            "magzpsci": 26.82670021057129
        }
    ]
}