{
    "objectId": "ZTF21abpwtde",
    "candidates": [
        {
            "candid": 1670381481715015005,
            "jd": 2459424.8814815,
            "ra": 356.877102,
            "dec": 18.066087,
            "fid": 2,
            "nid": 1670,
            "magpsf": 20.16670036315918,
            "sigmapsf": 0.240556001663208,
            "magnr": 21.30299949645996,
            "sigmagnr": 0.07699999958276749,
            "magzpsci": 26.196699142456055,
            "isdiffpos": "t",
            "ssdistnr": null,
            "ssnamenr": null,
            "drb": null
        },
        {
            "candid": 1672409981715015003,
            "jd": 2459426.9099884,
            "ra": 356.8770925,
            "dec": 18.0661565,
            "fid": 2,
            "nid": 1672,
            "magpsf": 19.850799560546875,
            "sigmapsf": 0.19350899755954742,
            "magnr": 21.30299949645996,
            "sigmagnr": 0.07699999958276749,
            "magzpsci": 26.199800491333008,
            "isdiffpos": "t",
            "ssdistnr": null,
            "ssnamenr": null,
            "drb": null
        },
        {
            "candid": 1674384641715015007,
            "jd": 2459428.8846412,
            "ra": 356.8771114,
            "dec": 18.0661323,
            "fid": 2,
            "nid": 1674,
            "magpsf": 19.54400062561035,
            "sigmapsf": 0.10212299972772598,
            "magnr": 21.30299949645996,
            "sigmagnr": 0.07699999958276749,
            "magzpsci": 26.218000411987305,
            "isdiffpos": "t",
            "ssdistnr": null,
            "ssnamenr": null,
            "drb": null
        },
        {
            "candid": 1674436621715015008,
            "jd": 2459428.9366204,
            "ra": 356.8771386,
            "dec": 18.0661032,
            "fid": 1,
            "nid": 1674,
            "magpsf": 19.872100830078125,
            "sigmapsf": 0.13884499669075012,
            "magnr": 22.763999938964844,
            "sigmagnr": 0.24500000476837158,
            "magzpsci": 26.24810028076172,
            "isdiffpos": "t",
            "ssdistnr": null,
            "ssnamenr": null,
            "drb": null
        },
        {
            "candid": 1676383661715015010,
            "jd": 2459430.883669,
            "ra": 356.877132,
            "dec": 18.0661315,
            "fid": 2,
            "nid": 1676,
            "magpsf": 19.335800170898438,
            "sigmapsf": 0.07740599662065506,
            "magnr": 21.30299949645996,
            "sigmagnr": 0.07699999958276749,
            "magzpsci": 26.223800659179688,
            "isdiffpos": "t",
            "ssdistnr": null,
            "ssnamenr": null,
            "drb": null
        },
        {
            "candid": 1681362091715015010,
            "jd": 2459435.8620949,
            "ra": 356.8771358,
            "dec": 18.0661469,
            "fid": 2,
            "nid": 1681,
            "magpsf": 19.11009979248047,
            "sigmapsf": 0.07464399933815002,
            "magnr": 21.30299949645996,
            "sigmagnr": 0.07699999958276749,
            "magzpsci": 26.185100555419922,
            "isdiffpos": "t",
            "ssdistnr": null,
            "ssnamenr": null,
            "drb": null
        },
        {
            "candid": 1681415571715015019,
            "jd": 2459435.9155787,
            "ra": 356.8771825,
            "dec": 18.0661263,
            "fid": 1,
            "nid": 1681,
            "magpsf": 19.619400024414062,
            "sigmapsf": 0.12299299985170364,
            "magnr": 22.763999938964844,
            "sigmagnr": 0.24500000476837158,
            "magzpsci": 26.199399948120117,
            "isdiffpos": "t",
            "ssdistnr": null,
            "ssnamenr": null,
            "drb": null
        },
        {
            "candid": 1684409671715015013,
            "jd": 2459438.9096759,
            "ra": 356.8771301,
            "dec": 18.0661464,
            "fid": 1,
            "nid": 1684,
            "magpsf": 19.786699295043945,
            "sigmapsf": 0.14278699457645416,
            "magnr": 22.763999938964844,
            "sigmagnr": 0.24500000476837158,
            "magzpsci": 26.10770034790039,
            "isdiffpos": "t",
            "ssdistnr": null,
            "ssnamenr": null,
            "drb": null
        },
        {
            "candid": 1684464611715015006,
            "jd": 2459438.9646181,
            "ra": 356.8771131,
            "dec": 18.0661692,
            "fid": 2,
            "nid": 1684,
            "magpsf": 19.035499572753906,
            "sigmapsf": 0.08688899874687195,
            "magnr": 21.30299949645996,
            "sigmagnr": 0.07699999958276749,
            "magzpsci": 26.12849998474121,
            "isdiffpos": "t",
            "ssdistnr": null,
            "ssnamenr": null,
            "drb": null
        },
        {
            "candid": 1686396041715015108,
            "jd": 2459440.8960417,
            "ra": 356.8771048,
            "dec": 18.0661423,
            "fid": 2,
            "nid": 1686,
            "magpsf": 19.142799377441406,
            "sigmapsf": 0.1072079986333847,
            "magnr": 21.30299949645996,
            "sigmagnr": 0.07699999958276749,
            "magzpsci": 25.854799270629883,
            "isdiffpos": "t",
            "ssdistnr": null,
            "ssnamenr": null,
            "drb": null
        },
        {
            "candid": 1689310151715015004,
            "jd": 2459443.8101505,
            "ra": 356.8771146,
            "dec": 18.0661445,
            "fid": 2,
            "nid": 1689,
            "magpsf": 18.983200073242188,
            "sigmapsf": 0.11220099776983261,
            "magnr": 21.30299949645996,
            "sigmagnr": 0.07699999958276749,
            "magzpsci": 26.00320053100586,
            "isdiffpos": "t",
            "ssdistnr": null,
            "ssnamenr": null,
            "drb": null
        },
        {
            "candid": 1689340691715015007,
            "jd": 2459443.8406944,
            "ra": 356.8770832,
            "dec": 18.0661455,
            "fid": 1,
            "nid": 1689,
            "magpsf": 19.89259910583496,
            "sigmapsf": 0.23796799778938293,
            "magnr": 22.763999938964844,
            "sigmagnr": 0.24500000476837158,
            "magzpsci": 25.92959976196289,
            "isdiffpos": "t",
            "ssdistnr": null,
            "ssnamenr": null,
            "drb": null
        },
        {
            "candid": 1694304221715015002,
            "jd": 2459448.8042245,
            "ra": 356.8770881,
            "dec": 18.0661406,
            "fid": 2,
            "nid": 1694,
            "magpsf": 18.903600692749023,
            "sigmapsf": 0.11485099792480469,
            "magnr": 21.30299949645996,
            "sigmagnr": 0.07699999958276749,
            "magzpsci": 26.200599670410156,
            "isdiffpos": "t",
            "ssdistnr": null,
            "ssnamenr": null,
            "drb": null
        },
        {
            "candid": 1696338481715015005,
            "jd": 2459450.8384838,
            "ra": 356.8771025,
            "dec": 18.0660981,
            "fid": 2,
            "nid": 1696,
            "magpsf": 18.568899154663086,
            "sigmapsf": 0.16952799260616302,
            "magnr": 21.30299949645996,
            "sigmagnr": 0.07699999958276749,
            "magzpsci": 25.938899993896484,
            "isdiffpos": "t",
            "ssdistnr": null,
            "ssnamenr": null,
            "drb": null
        },
        {
            "candid": 1699316771715015009,
            "jd": 2459453.8167708,
            "ra": 356.8771106,
            "dec": 18.0661548,
            "fid": 2,
            "nid": 1699,
            "magpsf": 19.097000122070312,
            "sigmapsf": 0.09418100118637085,
            "magnr": 21.30299949645996,
            "sigmagnr": 0.07699999958276749,
            "magzpsci": 26.270999908447266,
            "isdiffpos": "t",
            "ssdistnr": null,
            "ssnamenr": null,
            "drb": null
        },
        {
            "candid": 1699380711715015004,
            "jd": 2459453.8807176,
            "ra": 356.8770709,
            "dec": 18.0661126,
            "fid": 1,
            "nid": 1699,
            "magpsf": 20.200700759887695,
            "sigmapsf": 0.28869399428367615,
            "magnr": 22.763999938964844,
            "sigmagnr": 0.24500000476837158,
            "magzpsci": 26.301700592041016,
            "isdiffpos": "t",
            "ssdistnr": null,
            "ssnamenr": null,
            "drb": null
        },
        {
            "candid": 1702323141715015009,
            "jd": 2459456.8231481,
            "ra": 356.8770847,
            "dec": 18.0661078,
            "fid": 1,
            "nid": 1702,
            "magpsf": 20.380199432373047,
            "sigmapsf": 0.27914199233055115,
            "magnr": 22.763999938964844,
            "sigmagnr": 0.24500000476837158,
            "magzpsci": 26.151199340820312,
            "isdiffpos": "t",
            "ssdistnr": null,
            "ssnamenr": null,
            "drb": null
        },
        {
            "candid": 1705319001715015017,
            "jd": 2459459.8190046,
            "ra": 356.8771865,
            "dec": 18.0660285,
            "fid": 1,
            "nid": 1705,
            "magpsf": 20.805400848388672,
            "sigmapsf": 0.24208199977874756,
            "magnr": 22.763999938964844,
            "sigmagnr": 0.24500000476837158,
            "magzpsci": 26.304399490356445,
            "isdiffpos": "t",
            "ssdistnr": null,
            "ssnamenr": null,
            "drb": null
        },
        {
            "candid": 1705374911715015012,
            "jd": 2459459.874919,
            "ra": 356.8771213,
            "dec": 18.0661333,
            "fid": 2,
            "nid": 1705,
            "magpsf": 19.370100021362305,
            "sigmapsf": 0.10605199635028839,
            "magnr": 21.30299949645996,
            "sigmagnr": 0.07699999958276749,
            "magzpsci": 26.277099609375,
            "isdiffpos": "t",
            "ssdistnr": null,
            "ssnamenr": null,
            "drb": null
        },
        {
            "candid": 1707268021715015012,
            "jd": 2459461.7680208,
            "ra": 356.8772059,
            "dec": 18.0661257,
            "fid": 1,
            "nid": 1707,
            "magpsf": 20.895000457763672,
            "sigmapsf": 0.2851580083370209,
            "magnr": 22.763999938964844,
            "sigmagnr": 0.24500000476837158,
            "magzpsci": 26.277000427246094,
            "isdiffpos": "t",
            "ssdistnr": null,
            "ssnamenr": null,
            "drb": null
        },
        {
            "candid": 1707360201715015006,
            "jd": 2459461.8602083,
            "ra": 356.8771293,
            "dec": 18.066161,
            "fid": 2,
            "nid": 1707,
            "magpsf": 19.351999282836914,
            "sigmapsf": 0.10824199765920639,
            "magnr": 21.30299949645996,
            "sigmagnr": 0.07699999958276749,
            "magzpsci": 26.268999099731445,
            "isdiffpos": "t",
            "ssdistnr": null,
            "ssnamenr": null,
            "drb": null
        },
        {
            "candid": 1709330231715015010,
            "jd": 2459463.8302315,
            "ra": 356.8771254,
            "dec": 18.0661239,
            "fid": 2,
            "nid": 1709,
            "magpsf": 19.38249969482422,
            "sigmapsf": 0.09216199815273285,
            "magnr": 21.30299949645996,
            "sigmagnr": 0.07699999958276749,
            "magzpsci": 26.256500244140625,
            "isdiffpos": "t",
            "ssdistnr": null,
            "ssnamenr": null,
            "drb": null
        },
        {
            "candid": 1709345961715015010,
            "jd": 2459463.8459606,
            "ra": 356.8771955,
            "dec": 18.066178,
            "fid": 1,
            "nid": 1709,
            "magpsf": 20.843299865722656,
            "sigmapsf": 0.3122110068798065,
            "magnr": 22.763999938964844,
            "sigmagnr": 0.24500000476837158,
            "magzpsci": 26.27519989013672,
            "isdiffpos": "t",
            "ssdistnr": null,
            "ssnamenr": null,
            "drb": null
        },
        {
            "candid": 1711315281715015010,
            "jd": 2459465.8152894,
            "ra": 356.877308,
            "dec": 18.066103,
            "fid": 1,
            "nid": 1711,
            "magpsf": 20.91010093688965,
            "sigmapsf": 0.3188050091266632,
            "magnr": 22.763999938964844,
            "sigmagnr": 0.24500000476837158,
            "magzpsci": 26.197099685668945,
            "isdiffpos": "t",
            "ssdistnr": null,
            "ssnamenr": null,
            "drb": null
        },
        {
            "candid": 1711352681715015010,
            "jd": 2459465.8526852,
            "ra": 356.8771294,
            "dec": 18.0661771,
            "fid": 2,
            "nid": 1711,
            "magpsf": 19.421100616455078,
            "sigmapsf": 0.0889350026845932,
            "magnr": 21.30299949645996,
            "sigmagnr": 0.07699999958276749,
            "magzpsci": 26.22909927368164,
            "isdiffpos": "t",
            "ssdistnr": null,
            "ssnamenr": null,
            "drb": null
        },
        {
            "candid": 1713358701715015014,
            "jd": 2459467.8587037,
            "ra": 356.8771419,
            "dec": 18.0661393,
            "fid": 2,
            "nid": 1713,
            "magpsf": 19.474899291992188,
            "sigmapsf": 0.10687100142240524,
            "magnr": 21.30299949645996,
            "sigmagnr": 0.07699999958276749,
            "magzpsci": 26.22089958190918,
            "isdiffpos": "t",
            "ssdistnr": null,
            "ssnamenr": null,
            "drb": null
        },
        {
            "candid": 1715358931715015013,
            "jd": 2459469.8589352,
            "ra": 356.877131,
            "dec": 18.066171,
            "fid": 2,
            "nid": 1715,
            "magpsf": 19.61359977722168,
            "sigmapsf": 0.10465399920940399,
            "magnr": 21.30299949645996,
            "sigmagnr": 0.07699999958276749,
            "magzpsci": 26.27050018310547,
            "isdiffpos": "t",
            "ssdistnr": null,
            "ssnamenr": null,
            "drb": null
        },
        {
            "candid": 1717233181715015000,
            "jd": 2459471.7331829,
            "ra": 356.8771476,
            "dec": 18.0661897,
            "fid": 2,
            "nid": 1717,
            "magpsf": 19.600299835205078,
            "sigmapsf": 0.16106800734996796,
            "magnr": 21.30299949645996,
            "sigmagnr": 0.07699999958276749,
            "magzpsci": 26.103300094604492,
            "isdiffpos": "t",
            "ssdistnr": null,
            "ssnamenr": null,
            "drb": null
        },
        {
            "candid": 1722317911715015003,
            "jd": 2459476.8179167,
            "ra": 356.8770983,
            "dec": 18.0661132,
            "fid": 2,
            "nid": 1722,
            "magpsf": 19.7677001953125,
            "sigmapsf": 0.2252649962902069,
            "magnr": 21.30299949645996,
            "sigmagnr": 0.07699999958276749,
            "magzpsci": 26.271699905395508,
            "isdiffpos": "t",
            "ssdistnr": null,
            "ssnamenr": null,
            "drb": null
        },
        {
            "candid": 1726264141715015005,
            "jd": 2459480.7641435,
            "ra": 356.8771373,
            "dec": 18.0661143,
            "fid": 2,
            "nid": 1726,
            "magpsf": 19.975500106811523,
            "sigmapsf": 0.24116800725460052,
            "magnr": 21.30299949645996,
            "sigmagnr": 0.07699999958276749,
            "magzpsci": 26.24650001525879,
            "isdiffpos": "t",
            "ssdistnr": null,
            "ssnamenr": null,
            "drb": null
        },
        {
            "candid": 1733322921715015005,
            "jd": 2459487.8229282,
            "ra": 356.8771478,
            "dec": 18.0661608,
            "fid": 2,
            "nid": 1733,
            "magpsf": 20.40850067138672,
            "sigmapsf": 0.17016400396823883,
            "magnr": 21.30299949645996,
            "sigmagnr": 0.07699999958276749,
            "magzpsci": 26.23349952697754,
            "isdiffpos": "t",
            "ssdistnr": null,
            "ssnamenr": null,
            "drb": null
        },
        {
            "candid": 1735280851715015008,
            "jd": 2459489.7808565,
            "ra": 356.8771554,
            "dec": 18.0661135,
            "fid": 2,
            "nid": 1735,
            "magpsf": 20.30599021911621,
            "sigmapsf": 0.20372700691223145,
            "magnr": 21.30299949645996,
            "sigmagnr": 0.07699999958276749,
            "magzpsci": 26.203990936279297,
            "isdiffpos": "t",
            "ssdistnr": -999.0,
            "ssnamenr": "null",
            "drb": null
        },
        {
            "jd": 2459400.9135648,
            "fid": 1,
            "diffmaglim": 20.472400665283203
        },
        {
            "jd": 2459400.9516782,
            "fid": 2,
            "diffmaglim": 20.44569969177246
        },
        {
            "jd": 2459402.92375,
            "fid": 2,
            "diffmaglim": 20.426799774169922
        },
        {
            "jd": 2459402.9553356,
            "fid": 1,
            "diffmaglim": 20.58639907836914
        },
        {
            "jd": 2459404.9041435,
            "fid": 1,
            "diffmaglim": 20.370100021362305
        },
        {
            "jd": 2459404.9475579,
            "fid": 2,
            "diffmaglim": 20.318500518798828
        },
        {
            "jd": 2459406.9581134,
            "fid": 2,
            "diffmaglim": 20.398099899291992
        },
        {
            "jd": 2459409.9231829,
            "fid": 1,
            "diffmaglim": 20.554800033569336
        },
        {
            "jd": 2459409.9582523,
            "fid": 2,
            "diffmaglim": 20.518600463867188
        },
        {
            "jd": 2459411.9024421,
            "fid": 1,
            "diffmaglim": 20.559099197387695
        },
        {
            "jd": 2459411.9439468,
            "fid": 2,
            "diffmaglim": 20.524499893188477
        },
        {
            "jd": 2459414.9253009,
            "fid": 1,
            "diffmaglim": 20.84280014038086
        },
        {
            "jd": 2459414.9465278,
            "fid": 2,
            "diffmaglim": 20.665599822998047
        },
        {
            "jd": 2459416.9339005,
            "fid": 2,
            "diffmaglim": 19.503799438476562
        },
        {
            "jd": 2459418.9057755,
            "fid": 2,
            "diffmaglim": 19.274599075317383
        },
        {
            "jd": 2459418.9423148,
            "fid": 1,
            "diffmaglim": 19.364500045776367
        },
        {
            "jd": 2459422.9114005,
            "fid": 2,
            "diffmaglim": 19.7185001373291
        },
        {
            "jd": 2459422.9587037,
            "fid": 1,
            "diffmaglim": 19.6875
        },
        {
            "jd": 2459424.9293056,
            "fid": 1,
            "diffmaglim": 19.892499923706055
        },
        {
            "jd": 2459426.8852894,
            "fid": 1,
            "diffmaglim": 20.274099349975586
        },
        {
            "jd": 2459440.8960417,
            "fid": 2,
            "diffmaglim": 20.297700881958008
        },
        {
            "jd": 2459440.916331,
            "fid": 1,
            "diffmaglim": 20.139699935913086
        },
        {
            "jd": 2459450.9024653,
            "fid": 1,
            "diffmaglim": 18.63960075378418
        },
        {
            "jd": 2459469.7695023,
            "fid": 1,
            "diffmaglim": 20.809099197387695
        },
        {
            "jd": 2459473.8768056,
            "fid": 1,
            "diffmaglim": 20.84160041809082
        },
        {
            "jd": 2459476.7753472,
            "fid": 1,
            "diffmaglim": 19.57069969177246
        },
        {
            "jd": 2459478.7513773,
            "fid": 2,
            "diffmaglim": 19.21929931640625
        },
        {
            "jd": 2459478.8510764,
            "fid": 1,
            "diffmaglim": 19.09280014038086
        },
        {
            "jd": 2459480.8432176,
            "fid": 1,
            "diffmaglim": 19.358200073242188
        },
        {
            "jd": 2459485.7472338,
            "fid": 2,
            "diffmaglim": 20.388999938964844
        },
        {
            "jd": 2459485.7796412,
            "fid": 1,
            "diffmaglim": 19.945600509643555
        },
        {
            "jd": 2459487.7703588,
            "fid": 1,
            "diffmaglim": 20.602500915527344
        }
    ],
    "forcedphot": []
}