{
    "objectId": "ZTF22aajakms",
    "candidates": [
        {
            "candid": 1947411380915015008,
            "jd": 2459701.9113889,
            "ra": 278.3310997,
            "dec": 52.5056917,
            "fid": 1,
            "nid": 1947,
            "magpsf": 20.03350067138672,
            "sigmapsf": 0.16621200740337372,
            "magnr": 18.79599952697754,
            "sigmagnr": 0.05000000074505806,
            "magzpsci": 26.293500900268555,
            "isdiffpos": "t",
            "ssdistnr": null,
            "ssnamenr": null,
            "drb": 0.9999790191650391
        },
        {
            "candid": 1947440270915015007,
            "jd": 2459701.9402778,
            "ra": 278.3307077,
            "dec": 52.5057301,
            "fid": 1,
            "nid": 1947,
            "magpsf": 20.106000900268555,
            "sigmapsf": 0.22248299419879913,
            "magnr": 18.79599952697754,
            "sigmagnr": 0.05000000074505806,
            "magzpsci": 26.30500030517578,
            "isdiffpos": "t",
            "ssdistnr": null,
            "ssnamenr": null,
            "drb": null
        },
        {
            "candid": 1953445740915015002,
            "jd": 2459707.9457407,
            "ra": 278.3309369,
            "dec": 52.5056226,
            "fid": 2,
            "nid": 1953,
            "magpsf": 18.79669952392578,
            "sigmapsf": 0.08221700042486191,
            "magnr": 18.37700080871582,
            "sigmagnr": 0.06199999898672104,
            "magzpsci": 26.284700393676758,
            "isdiffpos": "t",
            "ssdistnr": null,
            "ssnamenr": null,
            "drb": null
        },
        {
            "candid": 1955415240915015006,
            "jd": 2459709.9152431,
            "ra": 278.3308923,
            "dec": 52.5056638,
            "fid": 2,
            "nid": 1955,
            "magpsf": 18.65570068359375,
            "sigmapsf": 0.08476799726486206,
            "magnr": 18.37700080871582,
            "sigmagnr": 0.06199999898672104,
            "magzpsci": 26.23870086669922,
            "isdiffpos": "t",
            "ssdistnr": null,
            "ssnamenr": null,
            "drb": null
        },
        {
            "candid": 1955450780915015005,
            "jd": 2459709.950787,
            "ra": 278.330869,
            "dec": 52.505658,
            "fid": 2,
            "nid": 1955,
            "magpsf": 18.719900131225586,
            "sigmapsf": 0.08631599694490433,
            "magnr": 18.37700080871582,
            "sigmagnr": 0.06199999898672104,
            "magzpsci": 26.030899047851562,
            "isdiffpos": "t",
            "ssdistnr": null,
            "ssnamenr": null,
            "drb": null
        },
        {
            "candid": 1957423120915015002,
            "jd": 2459711.923125,
            "ra": 278.3309161,
            "dec": 52.5056461,
            "fid": 1,
            "nid": 1957,
            "magpsf": 18.78420066833496,
            "sigmapsf": 0.11229199916124344,
            "magnr": 18.79599952697754,
            "sigmagnr": 0.05000000074505806,
            "magzpsci": 26.349199295043945,
            "isdiffpos": "t",
            "ssdistnr": null,
            "ssnamenr": null,
            "drb": null
        },
        {
            "candid": 1957448690915015004,
            "jd": 2459711.9486921,
            "ra": 278.3309179,
            "dec": 52.5056427,
            "fid": 2,
            "nid": 1957,
            "magpsf": 18.680099487304688,
            "sigmapsf": 0.10667499899864197,
            "magnr": 18.37700080871582,
            "sigmagnr": 0.06199999898672104,
            "magzpsci": 26.25909996032715,
            "isdiffpos": "t",
            "ssdistnr": null,
            "ssnamenr": null,
            "drb": null
        },
        {
            "candid": 1959415180915015006,
            "jd": 2459713.9151852,
            "ra": 278.3309021,
            "dec": 52.5056559,
            "fid": 2,
            "nid": 1959,
            "magpsf": 18.696300506591797,
            "sigmapsf": 0.0911410003900528,
            "magnr": 18.37700080871582,
            "sigmagnr": 0.06199999898672104,
            "magzpsci": 26.15329933166504,
            "isdiffpos": "t",
            "ssdistnr": null,
            "ssnamenr": null,
            "drb": null
        },
        {
            "candid": 1959451960915015009,
            "jd": 2459713.9519676,
            "ra": 278.3308803,
            "dec": 52.505696,
            "fid": 1,
            "nid": 1959,
            "magpsf": 18.877700805664062,
            "sigmapsf": 0.10113900154829025,
            "magnr": 18.79599952697754,
            "sigmagnr": 0.05000000074505806,
            "magzpsci": 26.32670021057129,
            "isdiffpos": "t",
            "ssdistnr": null,
            "ssnamenr": null,
            "drb": null
        },
        {
            "candid": 1963342210915015003,
            "jd": 2459717.8422106,
            "ra": 278.3309014,
            "dec": 52.5056156,
            "fid": 1,
            "nid": 1963,
            "magpsf": 19.411300659179688,
            "sigmapsf": 0.14380699396133423,
            "magnr": 18.79599952697754,
            "sigmagnr": 0.05000000074505806,
            "magzpsci": 26.323299407958984,
            "isdiffpos": "t",
            "ssdistnr": null,
            "ssnamenr": null,
            "drb": null
        },
        {
            "candid": 1965372220915015003,
            "jd": 2459719.8722222,
            "ra": 278.3309474,
            "dec": 52.5056663,
            "fid": 2,
            "nid": 1965,
            "magpsf": 18.827199935913086,
            "sigmapsf": 0.08174499869346619,
            "magnr": 18.37700080871582,
            "sigmagnr": 0.06199999898672104,
            "magzpsci": 26.270200729370117,
            "isdiffpos": "t",
            "ssdistnr": null,
            "ssnamenr": null,
            "drb": null
        },
        {
            "candid": 1965428090915015003,
            "jd": 2459719.9280903,
            "ra": 278.3309767,
            "dec": 52.5056505,
            "fid": 2,
            "nid": 1965,
            "magpsf": 18.900999069213867,
            "sigmapsf": 0.09719700366258621,
            "magnr": 18.37700080871582,
            "sigmagnr": 0.06199999898672104,
            "magzpsci": 26.267000198364258,
            "isdiffpos": "t",
            "ssdistnr": null,
            "ssnamenr": null,
            "drb": null
        },
        {
            "candid": 1969342900915015005,
            "jd": 2459723.8429051,
            "ra": 278.3308558,
            "dec": 52.5056587,
            "fid": 2,
            "nid": 1969,
            "magpsf": 19.053300857543945,
            "sigmapsf": 0.09758500009775162,
            "magnr": 18.37700080871582,
            "sigmagnr": 0.06199999898672104,
            "magzpsci": 26.226299285888672,
            "isdiffpos": "t",
            "ssdistnr": null,
            "ssnamenr": null,
            "drb": null
        },
        {
            "candid": 1969411010915015006,
            "jd": 2459723.9110185,
            "ra": 278.3309307,
            "dec": 52.5056214,
            "fid": 1,
            "nid": 1969,
            "magpsf": 20.1156005859375,
            "sigmapsf": 0.1647150069475174,
            "magnr": 18.79599952697754,
            "sigmagnr": 0.05000000074505806,
            "magzpsci": 26.309600830078125,
            "isdiffpos": "t",
            "ssdistnr": null,
            "ssnamenr": null,
            "drb": null
        },
        {
            "candid": 1971365550915015006,
            "jd": 2459725.8655556,
            "ra": 278.3309145,
            "dec": 52.5057263,
            "fid": 1,
            "nid": 1971,
            "magpsf": 20.190200805664062,
            "sigmapsf": 0.17734399437904358,
            "magnr": 18.79599952697754,
            "sigmagnr": 0.05000000074505806,
            "magzpsci": 26.379199981689453,
            "isdiffpos": "t",
            "ssdistnr": null,
            "ssnamenr": null,
            "drb": null
        },
        {
            "candid": 1971406040915015013,
            "jd": 2459725.9060417,
            "ra": 278.330885,
            "dec": 52.5056385,
            "fid": 2,
            "nid": 1971,
            "magpsf": 19.15049934387207,
            "sigmapsf": 0.08470900356769562,
            "magnr": 18.37700080871582,
            "sigmagnr": 0.06199999898672104,
            "magzpsci": 26.273500442504883,
            "isdiffpos": "t",
            "ssdistnr": null,
            "ssnamenr": null,
            "drb": null
        },
        {
            "candid": 1973382210915015003,
            "jd": 2459727.8822106,
            "ra": 278.33092,
            "dec": 52.5056329,
            "fid": 2,
            "nid": 1973,
            "magpsf": 19.388200759887695,
            "sigmapsf": 0.1111460030078888,
            "magnr": 18.37700080871582,
            "sigmagnr": 0.06199999898672104,
            "magzpsci": 26.11520004272461,
            "isdiffpos": "t",
            "ssdistnr": null,
            "ssnamenr": null,
            "drb": null
        },
        {
            "candid": 1973429020915015004,
            "jd": 2459727.9290278,
            "ra": 278.3310934,
            "dec": 52.5056432,
            "fid": 1,
            "nid": 1973,
            "magpsf": 20.38789939880371,
            "sigmapsf": 0.19558200240135193,
            "magnr": 18.79599952697754,
            "sigmagnr": 0.05000000074505806,
            "magzpsci": 26.22089958190918,
            "isdiffpos": "t",
            "ssdistnr": null,
            "ssnamenr": null,
            "drb": null
        },
        {
            "candid": 1977437320915015004,
            "jd": 2459731.9373264,
            "ra": 278.3309253,
            "dec": 52.5056159,
            "fid": 2,
            "nid": 1977,
            "magpsf": 19.733200073242188,
            "sigmapsf": 0.13280999660491943,
            "magnr": 18.37700080871582,
            "sigmagnr": 0.06199999898672104,
            "magzpsci": 26.27519989013672,
            "isdiffpos": "t",
            "ssdistnr": null,
            "ssnamenr": null,
            "drb": null
        },
        {
            "candid": 1979347000915015009,
            "jd": 2459733.8470023,
            "ra": 278.3308976,
            "dec": 52.5056297,
            "fid": 2,
            "nid": 1979,
            "magpsf": 19.908199310302734,
            "sigmapsf": 0.13285000622272491,
            "magnr": 18.37700080871582,
            "sigmagnr": 0.06199999898672104,
            "magzpsci": 26.27720069885254,
            "isdiffpos": "t",
            "ssdistnr": null,
            "ssnamenr": null,
            "drb": null
        },
        {
            "candid": 1981385120915015007,
            "jd": 2459735.8851273,
            "ra": 278.3310213,
            "dec": 52.5056037,
            "fid": 2,
            "nid": 1981,
            "magpsf": 20.136899948120117,
            "sigmapsf": 0.18447299301624298,
            "magnr": 18.37700080871582,
            "sigmagnr": 0.06199999898672104,
            "magzpsci": 26.210899353027344,
            "isdiffpos": "t",
            "ssdistnr": null,
            "ssnamenr": null,
            "drb": null
        },
        {
            "candid": 1983289140915015014,
            "jd": 2459737.7891435,
            "ra": 278.3308637,
            "dec": 52.5056067,
            "fid": 2,
            "nid": 1983,
            "magpsf": 20.31559944152832,
            "sigmapsf": 0.19557900726795197,
            "magnr": 18.37700080871582,
            "sigmagnr": 0.06199999898672104,
            "magzpsci": 26.283599853515625,
            "isdiffpos": "t",
            "ssdistnr": -999.0,
            "ssnamenr": "null",
            "drb": null
        },
        {
            "jd": 2459673.8865625,
            "fid": 2,
            "diffmaglim": 19.846599578857422
        },
        {
            "jd": 2459673.9269792,
            "fid": 1,
            "diffmaglim": 20.15250015258789
        },
        {
            "jd": 2459675.9477315,
            "fid": 2,
            "diffmaglim": 20.587299346923828
        },
        {
            "jd": 2459675.973588,
            "fid": 1,
            "diffmaglim": 20.68320083618164
        },
        {
            "jd": 2459677.9472801,
            "fid": 2,
            "diffmaglim": 20.393800735473633
        },
        {
            "jd": 2459677.9877431,
            "fid": 1,
            "diffmaglim": 20.384599685668945
        },
        {
            "jd": 2459679.8227199,
            "fid": 1,
            "diffmaglim": 19.780099868774414
        },
        {
            "jd": 2459679.8891551,
            "fid": 2,
            "diffmaglim": 20.027299880981445
        },
        {
            "jd": 2459683.9358912,
            "fid": 2,
            "diffmaglim": 19.978200912475586
        },
        {
            "jd": 2459683.9889699,
            "fid": 1,
            "diffmaglim": 19.93560028076172
        },
        {
            "jd": 2459686.8879745,
            "fid": 1,
            "diffmaglim": 18.658700942993164
        },
        {
            "jd": 2459686.9066088,
            "fid": 2,
            "diffmaglim": 19.26650047302246
        },
        {
            "jd": 2459689.9317014,
            "fid": 2,
            "diffmaglim": 19.66670036315918
        },
        {
            "jd": 2459693.910162,
            "fid": 2,
            "diffmaglim": 20.170299530029297
        },
        {
            "jd": 2459693.9753125,
            "fid": 1,
            "diffmaglim": 20.14889907836914
        },
        {
            "jd": 2459696.9288194,
            "fid": 1,
            "diffmaglim": 20.572799682617188
        },
        {
            "jd": 2459696.9553241,
            "fid": 2,
            "diffmaglim": 20.38010025024414
        },
        {
            "jd": 2459698.9582986,
            "fid": 1,
            "diffmaglim": 20.547500610351562
        },
        {
            "jd": 2459698.9695602,
            "fid": 2,
            "diffmaglim": 20.32550048828125
        },
        {
            "jd": 2459731.8431597,
            "fid": 1,
            "diffmaglim": 20.602800369262695
        },
        {
            "jd": 2459733.8223727,
            "fid": 1,
            "diffmaglim": 20.810699462890625
        },
        {
            "jd": 2459735.9261343,
            "fid": 1,
            "diffmaglim": 20.65089988708496
        }
    ],
    "forcedphot": []
}