{
    "objectId": "ZTF21aabyifm",
    "candidates": [
        {
            "candid": 1467447590515015001,
            "jd": 2459221.9475926,
            "ra": 187.4122534,
            "dec": 9.4973716,
            "fid": 2,
            "nid": 1467,
            "magpsf": 19.0762996673584,
            "sigmapsf": 0.10861299932003021,
            "magnr": 19.711999893188477,
            "sigmagnr": 0.12300000339746475,
            "magzpsci": 26.24530029296875,
            "isdiffpos": "t",
            "ssdistnr": -999.0,
            "ssnamenr": "null",
            "drb": 0.9999799728393555
        },
        {
            "candid": 1467472920515015001,
            "jd": 2459221.9729282,
            "ra": 187.412266,
            "dec": 9.4973689,
            "fid": 1,
            "nid": 1467,
            "magpsf": 19.364500045776367,
            "sigmapsf": 0.20116400718688965,
            "magnr": 20.76300048828125,
            "sigmagnr": 0.125,
            "magzpsci": 25.958499908447266,
            "isdiffpos": "t",
            "ssdistnr": -999.0,
            "ssnamenr": "null",
            "drb": 0.999193012714386
        },
        {
            "candid": 1469402950515015001,
            "jd": 2459223.9029514,
            "ra": 187.4122158,
            "dec": 9.4973074,
            "fid": 1,
            "nid": 1469,
            "magpsf": 18.952999114990234,
            "sigmapsf": 0.12382800132036209,
            "magnr": 20.76300048828125,
            "sigmagnr": 0.125,
            "magzpsci": 26.316999435424805,
            "isdiffpos": "t",
            "ssdistnr": -999.0,
            "ssnamenr": "null",
            "drb": 0.9999750256538391
        },
        {
            "candid": 1469468440515015000,
            "jd": 2459223.9684491,
            "ra": 187.4122334,
            "dec": 9.4973503,
            "fid": 2,
            "nid": 1469,
            "magpsf": 18.531999588012695,
            "sigmapsf": 0.07082399725914001,
            "magnr": 19.711999893188477,
            "sigmagnr": 0.12300000339746475,
            "magzpsci": 26.319000244140625,
            "isdiffpos": "t",
            "ssdistnr": -999.0,
            "ssnamenr": "null",
            "drb": 0.9999989867210388
        },
        {
            "candid": 1471481430515015000,
            "jd": 2459225.9814352,
            "ra": 187.4122624,
            "dec": 9.497303,
            "fid": 1,
            "nid": 1471,
            "magpsf": 18.575700759887695,
            "sigmapsf": 0.1284179985523224,
            "magnr": 20.76300048828125,
            "sigmagnr": 0.125,
            "magzpsci": 26.080699920654297,
            "isdiffpos": "t",
            "ssdistnr": -999.0,
            "ssnamenr": "null",
            "drb": 0.9999790191650391
        },
        {
            "candid": 1471505330515015000,
            "jd": 2459226.0053356,
            "ra": 187.4123034,
            "dec": 9.497156,
            "fid": 2,
            "nid": 1471,
            "magpsf": 18.408899307250977,
            "sigmapsf": 0.2439119964838028,
            "magnr": 19.711999893188477,
            "sigmagnr": 0.12300000339746475,
            "magzpsci": 25.368900299072266,
            "isdiffpos": "t",
            "ssdistnr": -999.0,
            "ssnamenr": "-999.0",
            "drb": null
        },
        {
            "candid": 1473379900515015000,
            "jd": 2459227.8799074,
            "ra": 187.4122426,
            "dec": 9.4973576,
            "fid": 2,
            "nid": 1473,
            "magpsf": 18.0762996673584,
            "sigmapsf": 0.06630200147628784,
            "magnr": 19.711999893188477,
            "sigmagnr": 0.12300000339746475,
            "magzpsci": 26.193300247192383,
            "isdiffpos": "t",
            "ssdistnr": -999.0,
            "ssnamenr": "-999.0",
            "drb": null
        },
        {
            "candid": 1473481400515015000,
            "jd": 2459227.9814005,
            "ra": 187.4122332,
            "dec": 9.4973507,
            "fid": 1,
            "nid": 1473,
            "magpsf": 18.395299911499023,
            "sigmapsf": 0.0701029971241951,
            "magnr": 20.76300048828125,
            "sigmagnr": 0.125,
            "magzpsci": 26.361299514770508,
            "isdiffpos": "t",
            "ssdistnr": -999.0,
            "ssnamenr": "-999.0",
            "drb": null
        },
        {
            "candid": 1475467830515015000,
            "jd": 2459229.9678356,
            "ra": 187.4123159,
            "dec": 9.4973114,
            "fid": 1,
            "nid": 1475,
            "magpsf": 18.28420066833496,
            "sigmapsf": 0.11827600002288818,
            "magnr": 20.76300048828125,
            "sigmagnr": 0.125,
            "magzpsci": 26.401199340820312,
            "isdiffpos": "t",
            "ssdistnr": -999.0,
            "ssnamenr": "-999.0",
            "drb": null
        },
        {
            "candid": 1475505860515015000,
            "jd": 2459230.0058681,
            "ra": 187.4122641,
            "dec": 9.4973542,
            "fid": 2,
            "nid": 1475,
            "magpsf": 17.92609977722168,
            "sigmapsf": 0.08212099969387054,
            "magnr": 19.711999893188477,
            "sigmagnr": 0.12300000339746475,
            "magzpsci": 26.333099365234375,
            "isdiffpos": "t",
            "ssdistnr": -999.0,
            "ssnamenr": "null",
            "drb": 0.9999960064888
        },
        {
            "candid": 1477421860515015000,
            "jd": 2459231.9218634,
            "ra": 187.4122532,
            "dec": 9.4973575,
            "fid": 1,
            "nid": 1477,
            "magpsf": 18.17490005493164,
            "sigmapsf": 0.059654999524354935,
            "magnr": 20.76300048828125,
            "sigmagnr": 0.125,
            "magzpsci": 26.40290069580078,
            "isdiffpos": "t",
            "ssdistnr": -999.0,
            "ssnamenr": "null",
            "drb": 0.9999989867210388
        },
        {
            "candid": 1477483040515015001,
            "jd": 2459231.983044,
            "ra": 187.4122582,
            "dec": 9.497351,
            "fid": 2,
            "nid": 1477,
            "magpsf": 17.84119987487793,
            "sigmapsf": 0.04456700012087822,
            "magnr": 19.711999893188477,
            "sigmagnr": 0.12300000339746475,
            "magzpsci": 26.368200302124023,
            "isdiffpos": "t",
            "ssdistnr": -999.0,
            "ssnamenr": "null",
            "drb": 1.0
        },
        {
            "candid": 1494438720515015000,
            "jd": 2459248.9387269,
            "ra": 187.4122398,
            "dec": 9.4973557,
            "fid": 2,
            "nid": 1494,
            "magpsf": 18.07229995727539,
            "sigmapsf": 0.059450000524520874,
            "magnr": 19.711999893188477,
            "sigmagnr": 0.12300000339746475,
            "magzpsci": 26.342300415039062,
            "isdiffpos": "t",
            "ssdistnr": -999.0,
            "ssnamenr": "null",
            "drb": 0.9999989867210388
        },
        {
            "candid": 1494500110515015003,
            "jd": 2459249.0001157,
            "ra": 187.4122178,
            "dec": 9.4973318,
            "fid": 1,
            "nid": 1494,
            "magpsf": 18.9335994720459,
            "sigmapsf": 0.09482499957084656,
            "magnr": 20.76300048828125,
            "sigmagnr": 0.125,
            "magzpsci": 26.42460060119629,
            "isdiffpos": "t",
            "ssdistnr": -999.0,
            "ssnamenr": "null",
            "drb": 0.9999970197677612
        },
        {
            "candid": 1496419830515015000,
            "jd": 2459250.919838,
            "ra": 187.4122536,
            "dec": 9.4973362,
            "fid": 2,
            "nid": 1496,
            "magpsf": 18.176000595092773,
            "sigmapsf": 0.07297500222921371,
            "magnr": 19.711999893188477,
            "sigmagnr": 0.12300000339746475,
            "magzpsci": 26.334999084472656,
            "isdiffpos": "t",
            "ssdistnr": -999.0,
            "ssnamenr": "null",
            "drb": 0.9999989867210388
        },
        {
            "candid": 1496478330515015002,
            "jd": 2459250.9783333,
            "ra": 187.4122197,
            "dec": 9.4973294,
            "fid": 1,
            "nid": 1496,
            "magpsf": 19.09819984436035,
            "sigmapsf": 0.10120700299739838,
            "magnr": 20.76300048828125,
            "sigmagnr": 0.125,
            "magzpsci": 26.43120002746582,
            "isdiffpos": "t",
            "ssdistnr": -999.0,
            "ssnamenr": "null",
            "drb": 0.9999949932098389
        },
        {
            "candid": 1498332850515015003,
            "jd": 2459252.8328588,
            "ra": 187.4122378,
            "dec": 9.4973606,
            "fid": 2,
            "nid": 1498,
            "magpsf": 18.282499313354492,
            "sigmapsf": 0.07620599865913391,
            "magnr": 19.711999893188477,
            "sigmagnr": 0.12300000339746475,
            "magzpsci": 26.303499221801758,
            "isdiffpos": "t",
            "ssdistnr": -999.0,
            "ssnamenr": "null",
            "drb": 0.9999979734420776
        },
        {
            "candid": 1498487190515015000,
            "jd": 2459252.9871991,
            "ra": 187.4122391,
            "dec": 9.4973501,
            "fid": 1,
            "nid": 1498,
            "magpsf": 19.23940086364746,
            "sigmapsf": 0.08715300261974335,
            "magnr": 20.76300048828125,
            "sigmagnr": 0.125,
            "magzpsci": 26.44339942932129,
            "isdiffpos": "t",
            "ssdistnr": -999.0,
            "ssnamenr": "null",
            "drb": 1.0
        },
        {
            "candid": 1500422760515015000,
            "jd": 2459254.9227662,
            "ra": 187.4122365,
            "dec": 9.4973342,
            "fid": 2,
            "nid": 1500,
            "magpsf": 18.379100799560547,
            "sigmapsf": 0.08885800093412399,
            "magnr": 19.711999893188477,
            "sigmagnr": 0.12300000339746475,
            "magzpsci": 25.767099380493164,
            "isdiffpos": "t",
            "ssdistnr": -999.0,
            "ssnamenr": "null",
            "drb": 1.0
        },
        {
            "candid": 1502421600515015001,
            "jd": 2459256.9216088,
            "ra": 187.4122456,
            "dec": 9.497357,
            "fid": 2,
            "nid": 1502,
            "magpsf": 18.555500030517578,
            "sigmapsf": 0.0780080035328865,
            "magnr": 19.711999893188477,
            "sigmagnr": 0.12300000339746475,
            "magzpsci": 26.394500732421875,
            "isdiffpos": "t",
            "ssdistnr": null,
            "ssnamenr": null,
            "drb": null
        },
        {
            "candid": 1502490410515015001,
            "jd": 2459256.9904167,
            "ra": 187.4122638,
            "dec": 9.4973234,
            "fid": 1,
            "nid": 1502,
            "magpsf": 19.481800079345703,
            "sigmapsf": 0.13271500170230865,
            "magnr": 20.76300048828125,
            "sigmagnr": 0.125,
            "magzpsci": 26.438800811767578,
            "isdiffpos": "t",
            "ssdistnr": null,
            "ssnamenr": null,
            "drb": null
        },
        {
            "candid": 1506400450515015000,
            "jd": 2459260.9004514,
            "ra": 187.4122549,
            "dec": 9.4973209,
            "fid": 2,
            "nid": 1506,
            "magpsf": 18.647600173950195,
            "sigmapsf": 0.08957900106906891,
            "magnr": 19.711999893188477,
            "sigmagnr": 0.12300000339746475,
            "magzpsci": 26.052600860595703,
            "isdiffpos": "t",
            "ssdistnr": null,
            "ssnamenr": null,
            "drb": null
        },
        {
            "candid": 1506485050515015000,
            "jd": 2459260.9850579,
            "ra": 187.4122195,
            "dec": 9.4974627,
            "fid": 1,
            "nid": 1506,
            "magpsf": 19.202899932861328,
            "sigmapsf": 0.2518390119075775,
            "magnr": 20.76300048828125,
            "sigmagnr": 0.125,
            "magzpsci": 25.245899200439453,
            "isdiffpos": "t",
            "ssdistnr": null,
            "ssnamenr": null,
            "drb": null
        },
        {
            "candid": 1509357750515015001,
            "jd": 2459263.8577546,
            "ra": 187.4122793,
            "dec": 9.4973037,
            "fid": 1,
            "nid": 1509,
            "magpsf": 19.699800491333008,
            "sigmapsf": 0.20487700402736664,
            "magnr": 20.76300048828125,
            "sigmagnr": 0.125,
            "magzpsci": 26.394800186157227,
            "isdiffpos": "t",
            "ssdistnr": null,
            "ssnamenr": null,
            "drb": null
        },
        {
            "candid": 1511373990515015000,
            "jd": 2459265.8739931,
            "ra": 187.4122465,
            "dec": 9.4973416,
            "fid": 2,
            "nid": 1511,
            "magpsf": 18.875900268554688,
            "sigmapsf": 0.06939999759197235,
            "magnr": 19.711999893188477,
            "sigmagnr": 0.12300000339746475,
            "magzpsci": 26.36389923095703,
            "isdiffpos": "t",
            "ssdistnr": null,
            "ssnamenr": null,
            "drb": null
        },
        {
            "candid": 1513418680515015001,
            "jd": 2459267.9186806,
            "ra": 187.4121471,
            "dec": 9.4969228,
            "fid": 2,
            "nid": 1513,
            "magpsf": 18.90329933166504,
            "sigmapsf": 0.31900298595428467,
            "magnr": 19.711999893188477,
            "sigmagnr": 0.12300000339746475,
            "magzpsci": 26.34630012512207,
            "isdiffpos": "t",
            "ssdistnr": 2.0,
            "ssnamenr": "52953",
            "drb": null
        },
        {
            "candid": 1515373440515015001,
            "jd": 2459269.8734491,
            "ra": 187.4122196,
            "dec": 9.4973417,
            "fid": 2,
            "nid": 1515,
            "magpsf": 18.966999053955078,
            "sigmapsf": 0.10589300096035004,
            "magnr": 19.711999893188477,
            "sigmagnr": 0.12300000339746475,
            "magzpsci": 26.35099983215332,
            "isdiffpos": "t",
            "ssdistnr": null,
            "ssnamenr": null,
            "drb": null
        },
        {
            "candid": 1515436620515015000,
            "jd": 2459269.9366204,
            "ra": 187.4121462,
            "dec": 9.4973251,
            "fid": 1,
            "nid": 1515,
            "magpsf": 19.944499969482422,
            "sigmapsf": 0.17108500003814697,
            "magnr": 20.76300048828125,
            "sigmagnr": 0.125,
            "magzpsci": 26.43950080871582,
            "isdiffpos": "t",
            "ssdistnr": null,
            "ssnamenr": null,
            "drb": null
        },
        {
            "candid": 1521382800515015000,
            "jd": 2459275.8828009,
            "ra": 187.4122546,
            "dec": 9.4973907,
            "fid": 2,
            "nid": 1521,
            "magpsf": 19.008899688720703,
            "sigmapsf": 0.12278299778699875,
            "magnr": 19.711999893188477,
            "sigmagnr": 0.12300000339746475,
            "magzpsci": 26.351900100708008,
            "isdiffpos": "t",
            "ssdistnr": null,
            "ssnamenr": null,
            "drb": null
        },
        {
            "candid": 1524424060515015002,
            "jd": 2459278.9240625,
            "ra": 187.4123063,
            "dec": 9.4973723,
            "fid": 2,
            "nid": 1524,
            "magpsf": 19.157899856567383,
            "sigmapsf": 0.12051600217819214,
            "magnr": 19.711999893188477,
            "sigmagnr": 0.12300000339746475,
            "magzpsci": 26.338899612426758,
            "isdiffpos": "t",
            "ssdistnr": null,
            "ssnamenr": null,
            "drb": null
        },
        {
            "candid": 1527288770515015002,
            "jd": 2459281.7887731,
            "ra": 187.4122505,
            "dec": 9.497316,
            "fid": 2,
            "nid": 1527,
            "magpsf": 19.18869972229004,
            "sigmapsf": 0.1356460005044937,
            "magnr": 19.711999893188477,
            "sigmagnr": 0.12300000339746475,
            "magzpsci": 26.28969955444336,
            "isdiffpos": "t",
            "ssdistnr": null,
            "ssnamenr": null,
            "drb": null
        },
        {
            "candid": 1537287710515015001,
            "jd": 2459291.7877199,
            "ra": 187.4122507,
            "dec": 9.4973337,
            "fid": 1,
            "nid": 1537,
            "magpsf": 20.077499389648438,
            "sigmapsf": 0.1409129947423935,
            "magnr": 20.76300048828125,
            "sigmagnr": 0.125,
            "magzpsci": 26.381500244140625,
            "isdiffpos": "t",
            "ssdistnr": null,
            "ssnamenr": null,
            "drb": null
        },
        {
            "candid": 1537351810515015001,
            "jd": 2459291.8518171,
            "ra": 187.4122361,
            "dec": 9.4973444,
            "fid": 2,
            "nid": 1537,
            "magpsf": 19.36639976501465,
            "sigmapsf": 0.13391099870204926,
            "magnr": 19.711999893188477,
            "sigmagnr": 0.12300000339746475,
            "magzpsci": 26.339399337768555,
            "isdiffpos": "t",
            "ssdistnr": null,
            "ssnamenr": null,
            "drb": null
        },
        {
            "candid": 1540254420515015003,
            "jd": 2459294.7544213,
            "ra": 187.4121104,
            "dec": 9.4972422,
            "fid": 1,
            "nid": 1540,
            "magpsf": 20.06209945678711,
            "sigmapsf": 0.2314009964466095,
            "magnr": 20.76300048828125,
            "sigmagnr": 0.125,
            "magzpsci": 26.277099609375,
            "isdiffpos": "t",
            "ssdistnr": null,
            "ssnamenr": null,
            "drb": null
        },
        {
            "candid": 1540320330515015004,
            "jd": 2459294.8203356,
            "ra": 187.4122252,
            "dec": 9.4973504,
            "fid": 2,
            "nid": 1540,
            "magpsf": 19.44659996032715,
            "sigmapsf": 0.14050500094890594,
            "magnr": 19.711999893188477,
            "sigmagnr": 0.12300000339746475,
            "magzpsci": 26.254600524902344,
            "isdiffpos": "t",
            "ssdistnr": null,
            "ssnamenr": null,
            "drb": null
        },
        {
            "candid": 1543258590515015002,
            "jd": 2459297.7585995,
            "ra": 187.4122311,
            "dec": 9.4974466,
            "fid": 2,
            "nid": 1543,
            "magpsf": 19.63949966430664,
            "sigmapsf": 0.22162899374961853,
            "magnr": 19.711999893188477,
            "sigmagnr": 0.12300000339746475,
            "magzpsci": 26.225500106811523,
            "isdiffpos": "t",
            "ssdistnr": null,
            "ssnamenr": null,
            "drb": null
        },
        {
            "candid": 1543298120515015000,
            "jd": 2459297.798125,
            "ra": 187.4121908,
            "dec": 9.4974079,
            "fid": 1,
            "nid": 1543,
            "magpsf": 19.94260025024414,
            "sigmapsf": 0.26715999841690063,
            "magnr": 20.76300048828125,
            "sigmagnr": 0.125,
            "magzpsci": 26.35460090637207,
            "isdiffpos": "t",
            "ssdistnr": null,
            "ssnamenr": null,
            "drb": null
        },
        {
            "candid": 1551297330515015017,
            "jd": 2459305.797338,
            "ra": 187.4122379,
            "dec": 9.4973583,
            "fid": 2,
            "nid": 1551,
            "magpsf": 19.518400192260742,
            "sigmapsf": 0.14309699833393097,
            "magnr": 19.711999893188477,
            "sigmagnr": 0.12300000339746475,
            "magzpsci": 26.2593994140625,
            "isdiffpos": "t",
            "ssdistnr": null,
            "ssnamenr": null,
            "drb": null
        },
        {
            "candid": 1553270100515015001,
            "jd": 2459307.7701042,
            "ra": 187.4122279,
            "dec": 9.4973742,
            "fid": 2,
            "nid": 1553,
            "magpsf": 19.559099197387695,
            "sigmapsf": 0.12982800602912903,
            "magnr": 19.711999893188477,
            "sigmagnr": 0.12300000339746475,
            "magzpsci": 26.366100311279297,
            "isdiffpos": "t",
            "ssdistnr": null,
            "ssnamenr": null,
            "drb": null
        },
        {
            "candid": 1553297700515015003,
            "jd": 2459307.7977083,
            "ra": 187.4122346,
            "dec": 9.49736,
            "fid": 1,
            "nid": 1553,
            "magpsf": 20.13640022277832,
            "sigmapsf": 0.1768839955329895,
            "magnr": 20.76300048828125,
            "sigmagnr": 0.125,
            "magzpsci": 26.43440055847168,
            "isdiffpos": "t",
            "ssdistnr": null,
            "ssnamenr": null,
            "drb": null
        },
        {
            "candid": 1555276850515015005,
            "jd": 2459309.7768519,
            "ra": 187.4122317,
            "dec": 9.497355,
            "fid": 2,
            "nid": 1555,
            "magpsf": 19.832199096679688,
            "sigmapsf": 0.1504489928483963,
            "magnr": 19.711999893188477,
            "sigmagnr": 0.12300000339746475,
            "magzpsci": 26.35919952392578,
            "isdiffpos": "t",
            "ssdistnr": null,
            "ssnamenr": null,
            "drb": null
        },
        {
            "candid": 1555308680515015003,
            "jd": 2459309.8086806,
            "ra": 187.4122872,
            "dec": 9.4973219,
            "fid": 1,
            "nid": 1555,
            "magpsf": 20.23740005493164,
            "sigmapsf": 0.19002699851989746,
            "magnr": 20.76300048828125,
            "sigmagnr": 0.125,
            "magzpsci": 26.400400161743164,
            "isdiffpos": "t",
            "ssdistnr": null,
            "ssnamenr": null,
            "drb": null
        },
        {
            "candid": 1557234910515015002,
            "jd": 2459311.734919,
            "ra": 187.4121837,
            "dec": 9.4973462,
            "fid": 1,
            "nid": 1557,
            "magpsf": 20.247299194335938,
            "sigmapsf": 0.22063399851322174,
            "magnr": 20.76300048828125,
            "sigmagnr": 0.125,
            "magzpsci": 26.165300369262695,
            "isdiffpos": "t",
            "ssdistnr": null,
            "ssnamenr": null,
            "drb": null
        },
        {
            "candid": 1557310820515015004,
            "jd": 2459311.8108218,
            "ra": 187.4122629,
            "dec": 9.4973331,
            "fid": 2,
            "nid": 1557,
            "magpsf": 19.74410057067871,
            "sigmapsf": 0.1463959962129593,
            "magnr": 19.711999893188477,
            "sigmagnr": 0.12300000339746475,
            "magzpsci": 26.33009910583496,
            "isdiffpos": "t",
            "ssdistnr": null,
            "ssnamenr": null,
            "drb": null
        },
        {
            "candid": 1559256110515015002,
            "jd": 2459313.7561111,
            "ra": 187.4122457,
            "dec": 9.4973494,
            "fid": 1,
            "nid": 1559,
            "magpsf": 20.400999069213867,
            "sigmapsf": 0.274060994386673,
            "magnr": 20.76300048828125,
            "sigmagnr": 0.125,
            "magzpsci": 26.295000076293945,
            "isdiffpos": "t",
            "ssdistnr": null,
            "ssnamenr": null,
            "drb": null
        },
        {
            "candid": 1559297930515015004,
            "jd": 2459313.7979398,
            "ra": 187.4123041,
            "dec": 9.4973109,
            "fid": 2,
            "nid": 1559,
            "magpsf": 20.044300079345703,
            "sigmapsf": 0.2516230046749115,
            "magnr": 19.711999893188477,
            "sigmagnr": 0.12300000339746475,
            "magzpsci": 25.842300415039062,
            "isdiffpos": "t",
            "ssdistnr": null,
            "ssnamenr": null,
            "drb": null
        },
        {
            "candid": 1563253400515015003,
            "jd": 2459317.7534028,
            "ra": 187.4121796,
            "dec": 9.4973746,
            "fid": 1,
            "nid": 1563,
            "magpsf": 20.309099197387695,
            "sigmapsf": 0.1864980012178421,
            "magnr": 20.76300048828125,
            "sigmagnr": 0.125,
            "magzpsci": 26.425100326538086,
            "isdiffpos": "t",
            "ssdistnr": null,
            "ssnamenr": null,
            "drb": null
        },
        {
            "candid": 1563253400515025003,
            "jd": 2459317.7534028,
            "ra": 187.4121796,
            "dec": 9.4973746,
            "fid": 1,
            "nid": 1563,
            "magpsf": 20.309099197387695,
            "sigmapsf": 0.1864980012178421,
            "magnr": 20.76300048828125,
            "sigmagnr": 0.125,
            "magzpsci": 26.425100326538086,
            "isdiffpos": "t",
            "ssdistnr": null,
            "ssnamenr": null,
            "drb": null
        },
        {
            "candid": 1563332240515015004,
            "jd": 2459317.8322454,
            "ra": 187.4122473,
            "dec": 9.4973289,
            "fid": 2,
            "nid": 1563,
            "magpsf": 19.767499923706055,
            "sigmapsf": 0.16395799815654755,
            "magnr": 19.711999893188477,
            "sigmagnr": 0.12300000339746475,
            "magzpsci": 26.306499481201172,
            "isdiffpos": "t",
            "ssdistnr": null,
            "ssnamenr": null,
            "drb": null
        },
        {
            "candid": 1563332240515025004,
            "jd": 2459317.8322454,
            "ra": 187.4122473,
            "dec": 9.4973289,
            "fid": 2,
            "nid": 1563,
            "magpsf": 19.767499923706055,
            "sigmapsf": 0.16395799815654755,
            "magnr": 19.711999893188477,
            "sigmagnr": 0.12300000339746475,
            "magzpsci": 26.306499481201172,
            "isdiffpos": "t",
            "ssdistnr": null,
            "ssnamenr": null,
            "drb": null
        },
        {
            "candid": 1567270470515015005,
            "jd": 2459321.7704745,
            "ra": 187.4122282,
            "dec": 9.4973621,
            "fid": 1,
            "nid": 1567,
            "magpsf": 20.30120086669922,
            "sigmapsf": 0.17086699604988098,
            "magnr": 20.76300048828125,
            "sigmagnr": 0.125,
            "magzpsci": 26.358200073242188,
            "isdiffpos": "t",
            "ssdistnr": null,
            "ssnamenr": null,
            "drb": null
        },
        {
            "candid": 1569278840515015001,
            "jd": 2459323.7788426,
            "ra": 187.4121885,
            "dec": 9.4973285,
            "fid": 1,
            "nid": 1569,
            "magpsf": 20.281700134277344,
            "sigmapsf": 0.21432100236415863,
            "magnr": 20.76300048828125,
            "sigmagnr": 0.125,
            "magzpsci": 26.367700576782227,
            "isdiffpos": "t",
            "ssdistnr": null,
            "ssnamenr": null,
            "drb": null
        },
        {
            "candid": 1571278100515015001,
            "jd": 2459325.7781019,
            "ra": 187.4122531,
            "dec": 9.4973395,
            "fid": 2,
            "nid": 1571,
            "magpsf": 19.995399475097656,
            "sigmapsf": 0.1980219930410385,
            "magnr": 19.711999893188477,
            "sigmagnr": 0.12300000339746475,
            "magzpsci": 26.322399139404297,
            "isdiffpos": "t",
            "ssdistnr": null,
            "ssnamenr": null,
            "drb": null
        },
        {
            "candid": 1580191070515015000,
            "jd": 2459334.6910764,
            "ra": 187.4122021,
            "dec": 9.4972719,
            "fid": 1,
            "nid": 1580,
            "magpsf": 20.64349937438965,
            "sigmapsf": 0.2519739866256714,
            "magnr": 20.76300048828125,
            "sigmagnr": 0.125,
            "magzpsci": 26.37649917602539,
            "isdiffpos": "t",
            "ssdistnr": null,
            "ssnamenr": null,
            "drb": null
        },
        {
            "candid": 1582258320515025000,
            "jd": 2459336.7583218,
            "ra": 187.4121699,
            "dec": 9.4973618,
            "fid": 1,
            "nid": 1582,
            "magpsf": 20.494600296020508,
            "sigmapsf": 0.23063400387763977,
            "magnr": 20.76300048828125,
            "sigmagnr": 0.125,
            "magzpsci": 26.358600616455078,
            "isdiffpos": "t",
            "ssdistnr": null,
            "ssnamenr": null,
            "drb": null
        },
        {
            "candid": 1582317750515025001,
            "jd": 2459336.8177546,
            "ra": 187.4122195,
            "dec": 9.4972926,
            "fid": 2,
            "nid": 1582,
            "magpsf": 20.338600158691406,
            "sigmapsf": 0.19862300157546997,
            "magnr": 19.711999893188477,
            "sigmagnr": 0.12300000339746475,
            "magzpsci": 26.28860092163086,
            "isdiffpos": "t",
            "ssdistnr": null,
            "ssnamenr": null,
            "drb": null
        },
        {
            "candid": 1585211380515015001,
            "jd": 2459339.7113889,
            "ra": 187.4122465,
            "dec": 9.4973462,
            "fid": 1,
            "nid": 1585,
            "magpsf": 20.456899642944336,
            "sigmapsf": 0.210098996758461,
            "magnr": 20.76300048828125,
            "sigmagnr": 0.125,
            "magzpsci": 26.38089942932129,
            "isdiffpos": "t",
            "ssdistnr": null,
            "ssnamenr": null,
            "drb": null
        },
        {
            "candid": 1585255560515015003,
            "jd": 2459339.7555671,
            "ra": 187.4122735,
            "dec": 9.4973658,
            "fid": 2,
            "nid": 1585,
            "magpsf": 20.32938003540039,
            "sigmapsf": 0.17664900422096252,
            "magnr": 19.711999893188477,
            "sigmagnr": 0.12300000339746475,
            "magzpsci": 26.304380416870117,
            "isdiffpos": "t",
            "ssdistnr": -999.0,
            "ssnamenr": "null",
            "drb": null
        },
        {
            "jd": 2459193.96418,
            "fid": 1,
            "diffmaglim": 19.827999114990234
        },
        {
            "jd": 2459194.03656,
            "fid": 2,
            "diffmaglim": 20.138999938964844
        },
        {
            "jd": 2459196.00722,
            "fid": 2,
            "diffmaglim": 19.87299919128418
        },
        {
            "jd": 2459196.02899,
            "fid": 1,
            "diffmaglim": 20.06599998474121
        },
        {
            "jd": 2459198.96247,
            "fid": 2,
            "diffmaglim": 19.889999389648438
        },
        {
            "jd": 2459199.02683,
            "fid": 1,
            "diffmaglim": 20.20400047302246
        },
        {
            "jd": 2459200.94891,
            "fid": 1,
            "diffmaglim": 18.982999801635742
        },
        {
            "jd": 2459201.02595,
            "fid": 2,
            "diffmaglim": 19.392000198364258
        },
        {
            "jd": 2459204.00259,
            "fid": 2,
            "diffmaglim": 19.94099998474121
        },
        {
            "jd": 2459204.04295,
            "fid": 1,
            "diffmaglim": 20.374000549316406
        },
        {
            "jd": 2459215.97911,
            "fid": 2,
            "diffmaglim": 19.32200050354004
        },
        {
            "jd": 2459217.91052,
            "fid": 2,
            "diffmaglim": 19.479000091552734
        },
        {
            "jd": 2459265.8989583,
            "fid": 1,
            "diffmaglim": 20.823200225830078
        },
        {
            "jd": 2459267.8786111,
            "fid": 1,
            "diffmaglim": 20.07550048828125
        },
        {
            "jd": 2459267.9186806,
            "fid": 2,
            "diffmaglim": 20.151199340820312
        },
        {
            "jd": 2459271.8989583,
            "fid": 1,
            "diffmaglim": 18.972200393676758
        },
        {
            "jd": 2459275.7985532,
            "fid": 1,
            "diffmaglim": 19.103900909423828
        },
        {
            "jd": 2459303.859375,
            "fid": 1,
            "diffmaglim": 19.186899185180664
        },
        {
            "jd": 2459305.8207639,
            "fid": 1,
            "diffmaglim": 19.408300399780273
        },
        {
            "jd": 2459315.7701157,
            "fid": 2,
            "diffmaglim": 18.72480010986328
        },
        {
            "jd": 2459315.7768056,
            "fid": 1,
            "diffmaglim": 18.536300659179688
        },
        {
            "jd": 2459321.7753009,
            "fid": 2,
            "diffmaglim": 20.757400512695312
        },
        {
            "jd": 2459323.8411574,
            "fid": 2,
            "diffmaglim": 20.23740005493164
        },
        {
            "jd": 2459325.8371296,
            "fid": 1,
            "diffmaglim": 19.684799194335938
        },
        {
            "jd": 2459334.7707986,
            "fid": 2,
            "diffmaglim": 20.212400436401367
        }
    ],
    "forcedphot": []
}