{
    "objectId": "ZTF21aabqtsd",
    "candidates": [
        {
            "candid": 1465179235815015013,
            "jd": 2459219.6792361,
            "ra": 350.5807059,
            "dec": 50.1573732,
            "fid": 2,
            "nid": 1465,
            "magpsf": 19.824899673461914,
            "sigmapsf": 0.16163800656795502,
            "magnr": 18.479000091552734,
            "sigmagnr": 0.11500000208616257,
            "magzpsci": 26.274900436401367,
            "isdiffpos": "t",
            "ssdistnr": -999.0,
            "ssnamenr": "-999.0",
            "drb": null
        },
        {
            "candid": 1467197555815015008,
            "jd": 2459221.6975579,
            "ra": 350.5806435,
            "dec": 50.1574057,
            "fid": 2,
            "nid": 1467,
            "magpsf": 19.613300323486328,
            "sigmapsf": 0.1342809945344925,
            "magnr": 18.479000091552734,
            "sigmagnr": 0.11500000208616257,
            "magzpsci": 26.242300033569336,
            "isdiffpos": "t",
            "ssdistnr": -999.0,
            "ssnamenr": "null",
            "drb": 1.0
        },
        {
            "candid": 1469115575815015006,
            "jd": 2459223.6155787,
            "ra": 350.5806785,
            "dec": 50.1574072,
            "fid": 2,
            "nid": 1469,
            "magpsf": 19.288400650024414,
            "sigmapsf": 0.16052000224590302,
            "magnr": 18.479000091552734,
            "sigmagnr": 0.11500000208616257,
            "magzpsci": 26.31439971923828,
            "isdiffpos": "t",
            "ssdistnr": -999.0,
            "ssnamenr": "null",
            "drb": 1.0
        },
        {
            "candid": 1469156825815015014,
            "jd": 2459223.6568287,
            "ra": 350.580626,
            "dec": 50.1574024,
            "fid": 1,
            "nid": 1469,
            "magpsf": 19.775800704956055,
            "sigmapsf": 0.17444400489330292,
            "magnr": 19.197999954223633,
            "sigmagnr": 0.12399999797344208,
            "magzpsci": 26.343799591064453,
            "isdiffpos": "t",
            "ssdistnr": -999.0,
            "ssnamenr": "null",
            "drb": 1.0
        },
        {
            "candid": 1471113375815015014,
            "jd": 2459225.6133796,
            "ra": 350.5807508,
            "dec": 50.1573599,
            "fid": 1,
            "nid": 1471,
            "magpsf": 19.625900268554688,
            "sigmapsf": 0.18497000634670258,
            "magnr": 19.197999954223633,
            "sigmagnr": 0.12399999797344208,
            "magzpsci": 26.24690055847168,
            "isdiffpos": "t",
            "ssdistnr": -999.0,
            "ssnamenr": "null",
            "drb": 0.9999989867210388
        },
        {
            "candid": 1473116145815015022,
            "jd": 2459227.6161458,
            "ra": 350.5807416,
            "dec": 50.1574373,
            "fid": 1,
            "nid": 1473,
            "magpsf": 19.516399383544922,
            "sigmapsf": 0.14760799705982208,
            "magnr": 19.197999954223633,
            "sigmagnr": 0.12399999797344208,
            "magzpsci": 26.24340057373047,
            "isdiffpos": "t",
            "ssdistnr": -999.0,
            "ssnamenr": "null",
            "drb": 0.9999989867210388
        },
        {
            "candid": 1473154985815015005,
            "jd": 2459227.6549884,
            "ra": 350.5806794,
            "dec": 50.1573956,
            "fid": 2,
            "nid": 1473,
            "magpsf": 18.98509979248047,
            "sigmapsf": 0.16407500207424164,
            "magnr": 18.479000091552734,
            "sigmagnr": 0.11500000208616257,
            "magzpsci": 26.1471004486084,
            "isdiffpos": "t",
            "ssdistnr": -999.0,
            "ssnamenr": "null",
            "drb": 0.9999960064888
        },
        {
            "candid": 1475117195815015018,
            "jd": 2459229.6171991,
            "ra": 350.5807333,
            "dec": 50.1573741,
            "fid": 2,
            "nid": 1475,
            "magpsf": 18.798799514770508,
            "sigmapsf": 0.10438299924135208,
            "magnr": 18.479000091552734,
            "sigmagnr": 0.11500000208616257,
            "magzpsci": 26.31679916381836,
            "isdiffpos": "t",
            "ssdistnr": -999.0,
            "ssnamenr": "null",
            "drb": 1.0
        },
        {
            "candid": 1477120905815015014,
            "jd": 2459231.6209028,
            "ra": 350.5806991,
            "dec": 50.157361,
            "fid": 1,
            "nid": 1477,
            "magpsf": 19.68239974975586,
            "sigmapsf": 0.19328300654888153,
            "magnr": 19.197999954223633,
            "sigmagnr": 0.12399999797344208,
            "magzpsci": 26.374399185180664,
            "isdiffpos": "t",
            "ssdistnr": -999.0,
            "ssnamenr": "null",
            "drb": 1.0
        },
        {
            "candid": 1477154315815015009,
            "jd": 2459231.6543171,
            "ra": 350.5808012,
            "dec": 50.1573362,
            "fid": 2,
            "nid": 1477,
            "magpsf": 18.875699996948242,
            "sigmapsf": 0.12412600219249725,
            "magnr": 18.479000091552734,
            "sigmagnr": 0.11500000208616257,
            "magzpsci": 26.295700073242188,
            "isdiffpos": "t",
            "ssdistnr": -999.0,
            "ssnamenr": "null",
            "drb": 0.9999989867210388
        },
        {
            "jd": 2459193.66194,
            "fid": 1,
            "diffmaglim": 20.038000106811523
        },
        {
            "jd": 2459193.74927,
            "fid": 2,
            "diffmaglim": 20.176000595092773
        },
        {
            "jd": 2459195.61622,
            "fid": 2,
            "diffmaglim": 19.767000198364258
        },
        {
            "jd": 2459195.65691,
            "fid": 1,
            "diffmaglim": 20.461999893188477
        },
        {
            "jd": 2459197.633,
            "fid": 1,
            "diffmaglim": 17.69300079345703
        },
        {
            "jd": 2459197.65733,
            "fid": 2,
            "diffmaglim": 18.39299964904785
        },
        {
            "jd": 2459199.63186,
            "fid": 2,
            "diffmaglim": 19.773000717163086
        },
        {
            "jd": 2459199.69436,
            "fid": 1,
            "diffmaglim": 20.131999969482422
        },
        {
            "jd": 2459202.63833,
            "fid": 2,
            "diffmaglim": 20.094999313354492
        },
        {
            "jd": 2459202.67539,
            "fid": 1,
            "diffmaglim": 20.16200065612793
        },
        {
            "jd": 2459204.61927,
            "fid": 1,
            "diffmaglim": 20.052000045776367
        },
        {
            "jd": 2459204.63056,
            "fid": 2,
            "diffmaglim": 20.011999130249023
        },
        {
            "jd": 2459206.66071,
            "fid": 1,
            "diffmaglim": 18.365999221801758
        },
        {
            "jd": 2459206.70434,
            "fid": 2,
            "diffmaglim": 17.861000061035156
        },
        {
            "jd": 2459210.61941,
            "fid": 2,
            "diffmaglim": 17.749000549316406
        },
        {
            "jd": 2459210.68102,
            "fid": 1,
            "diffmaglim": 19.402000427246094
        },
        {
            "jd": 2459215.61771,
            "fid": 2,
            "diffmaglim": 19.56100082397461
        },
        {
            "jd": 2459215.72197,
            "fid": 1,
            "diffmaglim": 18.834999084472656
        },
        {
            "jd": 2459217.67756,
            "fid": 1,
            "diffmaglim": 15.767999649047852
        },
        {
            "jd": 2459221.6347,
            "fid": 1,
            "diffmaglim": 19.72599983215332
        }
    ],
    "forcedphot": []
}