{
    "objectId": "ZTF22abecedy",
    "candidates": [
        {
            "candid": 2057383613315015001,
            "jd": 2459811.8836111,
            "ra": 25.2362399,
            "dec": -15.3260156,
            "fid": 2,
            "nid": 2057,
            "magpsf": 20.272600173950195,
            "sigmapsf": 0.2898409962654114,
            "magnr": 21.235000610351562,
            "sigmagnr": 0.06599999964237213,
            "magzpsci": 26.10460090637207,
            "isdiffpos": "t",
            "ssdistnr": null,
            "ssnamenr": null,
            "drb": null
        },
        {
            "candid": 2059430603315015001,
            "jd": 2459813.9306019,
            "ra": 25.2361559,
            "dec": -15.3258414,
            "fid": 2,
            "nid": 2059,
            "magpsf": 20.298500061035156,
            "sigmapsf": 0.25679200887680054,
            "magnr": 21.235000610351562,
            "sigmagnr": 0.06599999964237213,
            "magzpsci": 26.208499908447266,
            "isdiffpos": "t",
            "ssdistnr": null,
            "ssnamenr": null,
            "drb": null
        },
        {
            "candid": 2062419403315015002,
            "jd": 2459816.9194097,
            "ra": 25.2361237,
            "dec": -15.325879,
            "fid": 1,
            "nid": 2062,
            "magpsf": 20.59760093688965,
            "sigmapsf": 0.38475099205970764,
            "magnr": 21.674999237060547,
            "sigmagnr": 0.1459999978542328,
            "magzpsci": 26.10759925842285,
            "isdiffpos": "t",
            "ssdistnr": null,
            "ssnamenr": null,
            "drb": null
        },
        {
            "candid": 2062461603315015004,
            "jd": 2459816.9616088,
            "ra": 25.2361428,
            "dec": -15.3260278,
            "fid": 2,
            "nid": 2062,
            "magpsf": 20.32379913330078,
            "sigmapsf": 0.19596800208091736,
            "magnr": 21.235000610351562,
            "sigmagnr": 0.06599999964237213,
            "magzpsci": 26.19179916381836,
            "isdiffpos": "t",
            "ssdistnr": null,
            "ssnamenr": null,
            "drb": null
        },
        {
            "candid": 2064440043315015001,
            "jd": 2459818.9400463,
            "ra": 25.2361533,
            "dec": -15.3259286,
            "fid": 2,
            "nid": 2064,
            "magpsf": 20.524599075317383,
            "sigmapsf": 0.27748599648475647,
            "magnr": 21.235000610351562,
            "sigmagnr": 0.06599999964237213,
            "magzpsci": 26.220600128173828,
            "isdiffpos": "t",
            "ssdistnr": null,
            "ssnamenr": null,
            "drb": null
        },
        {
            "candid": 2064461583315015002,
            "jd": 2459818.9615856,
            "ra": 25.2363259,
            "dec": -15.3260039,
            "fid": 1,
            "nid": 2064,
            "magpsf": 20.560199737548828,
            "sigmapsf": 0.3501259982585907,
            "magnr": 21.674999237060547,
            "sigmagnr": 0.1459999978542328,
            "magzpsci": 26.165199279785156,
            "isdiffpos": "t",
            "ssdistnr": null,
            "ssnamenr": null,
            "drb": null
        },
        {
            "candid": 2067419443315015001,
            "jd": 2459821.9194444,
            "ra": 25.2360714,
            "dec": -15.3259375,
            "fid": 1,
            "nid": 2067,
            "magpsf": 20.504100799560547,
            "sigmapsf": 0.28562501072883606,
            "magnr": 21.674999237060547,
            "sigmagnr": 0.1459999978542328,
            "magzpsci": 26.190099716186523,
            "isdiffpos": "t",
            "ssdistnr": null,
            "ssnamenr": null,
            "drb": null
        },
        {
            "candid": 2067461463315015003,
            "jd": 2459821.9614699,
            "ra": 25.2361373,
            "dec": -15.3259644,
            "fid": 2,
            "nid": 2067,
            "magpsf": 20.135700225830078,
            "sigmapsf": 0.17528699338436127,
            "magnr": 21.235000610351562,
            "sigmagnr": 0.06599999964237213,
            "magzpsci": 26.242700576782227,
            "isdiffpos": "t",
            "ssdistnr": null,
            "ssnamenr": null,
            "drb": null
        },
        {
            "candid": 2070376593315015001,
            "jd": 2459824.8765972,
            "ra": 25.2361479,
            "dec": -15.325912,
            "fid": 2,
            "nid": 2070,
            "magpsf": 20.044099807739258,
            "sigmapsf": 0.13728299736976624,
            "magnr": 21.235000610351562,
            "sigmagnr": 0.06599999964237213,
            "magzpsci": 26.164100646972656,
            "isdiffpos": "t",
            "ssdistnr": null,
            "ssnamenr": null,
            "drb": null
        },
        {
            "candid": 2070416333315015003,
            "jd": 2459824.916331,
            "ra": 25.2361478,
            "dec": -15.3259664,
            "fid": 1,
            "nid": 2070,
            "magpsf": 20.324100494384766,
            "sigmapsf": 0.23146800696849823,
            "magnr": 21.674999237060547,
            "sigmagnr": 0.1459999978542328,
            "magzpsci": 26.100099563598633,
            "isdiffpos": "t",
            "ssdistnr": null,
            "ssnamenr": null,
            "drb": null
        },
        {
            "candid": 2072357893315015002,
            "jd": 2459826.8578935,
            "ra": 25.2360267,
            "dec": -15.3259047,
            "fid": 1,
            "nid": 2072,
            "magpsf": 20.149099349975586,
            "sigmapsf": 0.33591800928115845,
            "magnr": 21.674999237060547,
            "sigmagnr": 0.1459999978542328,
            "magzpsci": 25.67609977722168,
            "isdiffpos": "t",
            "ssdistnr": null,
            "ssnamenr": null,
            "drb": null
        },
        {
            "candid": 2074460613315015003,
            "jd": 2459828.9606134,
            "ra": 25.2360937,
            "dec": -15.3259236,
            "fid": 1,
            "nid": 2074,
            "magpsf": 20.069499969482422,
            "sigmapsf": 0.2625510096549988,
            "magnr": 21.674999237060547,
            "sigmagnr": 0.1459999978542328,
            "magzpsci": 26.13050079345703,
            "isdiffpos": "t",
            "ssdistnr": null,
            "ssnamenr": null,
            "drb": null
        },
        {
            "candid": 2085335653315015002,
            "jd": 2459839.8356597,
            "ra": 25.236113,
            "dec": -15.3259178,
            "fid": 1,
            "nid": 2085,
            "magpsf": 19.821399688720703,
            "sigmapsf": 0.26821500062942505,
            "magnr": 21.674999237060547,
            "sigmagnr": 0.1459999978542328,
            "magzpsci": 26.218399047851562,
            "isdiffpos": "t",
            "ssdistnr": null,
            "ssnamenr": null,
            "drb": null
        },
        {
            "candid": 2085397893315015002,
            "jd": 2459839.8978935,
            "ra": 25.2361497,
            "dec": -15.3259309,
            "fid": 1,
            "nid": 2085,
            "magpsf": 19.96940040588379,
            "sigmapsf": 0.21696700155735016,
            "magnr": 21.674999237060547,
            "sigmagnr": 0.1459999978542328,
            "magzpsci": 26.264400482177734,
            "isdiffpos": "t",
            "ssdistnr": null,
            "ssnamenr": null,
            "drb": null
        },
        {
            "candid": 2087387373315015002,
            "jd": 2459841.8873727,
            "ra": 25.2360851,
            "dec": -15.3259345,
            "fid": 1,
            "nid": 2087,
            "magpsf": 19.93000030517578,
            "sigmapsf": 0.17642900347709656,
            "magnr": 21.674999237060547,
            "sigmagnr": 0.1459999978542328,
            "magzpsci": 26.268999099731445,
            "isdiffpos": "t",
            "ssdistnr": null,
            "ssnamenr": null,
            "drb": null
        },
        {
            "candid": 2089356993315015001,
            "jd": 2459843.8569907,
            "ra": 25.2361922,
            "dec": -15.3260368,
            "fid": 1,
            "nid": 2089,
            "magpsf": 19.97719955444336,
            "sigmapsf": 0.2509250044822693,
            "magnr": 21.674999237060547,
            "sigmagnr": 0.1459999978542328,
            "magzpsci": 26.224199295043945,
            "isdiffpos": "t",
            "ssdistnr": null,
            "ssnamenr": null,
            "drb": null
        },
        {
            "candid": 2092375033315015002,
            "jd": 2459846.8750347,
            "ra": 25.2361199,
            "dec": -15.3259948,
            "fid": 1,
            "nid": 2092,
            "magpsf": 19.92889976501465,
            "sigmapsf": 0.15376700460910797,
            "magnr": 21.674999237060547,
            "sigmagnr": 0.1459999978542328,
            "magzpsci": 26.236900329589844,
            "isdiffpos": "t",
            "ssdistnr": null,
            "ssnamenr": null,
            "drb": null
        },
        {
            "candid": 2094373873315015003,
            "jd": 2459848.8738773,
            "ra": 25.2361005,
            "dec": -15.3259552,
            "fid": 1,
            "nid": 2094,
            "magpsf": 19.959400177001953,
            "sigmapsf": 0.2149360030889511,
            "magnr": 21.674999237060547,
            "sigmagnr": 0.1459999978542328,
            "magzpsci": 26.210399627685547,
            "isdiffpos": "t",
            "ssdistnr": null,
            "ssnamenr": null,
            "drb": null
        },
        {
            "candid": 2096336133315015000,
            "jd": 2459850.8361343,
            "ra": 25.2361264,
            "dec": -15.3258697,
            "fid": 2,
            "nid": 2096,
            "magpsf": 19.608800888061523,
            "sigmapsf": 0.1510149985551834,
            "magnr": 21.235000610351562,
            "sigmagnr": 0.06599999964237213,
            "magzpsci": 26.21579933166504,
            "isdiffpos": "t",
            "ssdistnr": null,
            "ssnamenr": null,
            "drb": null
        },
        {
            "candid": 2096394423315015002,
            "jd": 2459850.8944213,
            "ra": 25.2360677,
            "dec": -15.3259398,
            "fid": 1,
            "nid": 2096,
            "magpsf": 19.948999404907227,
            "sigmapsf": 0.16961699724197388,
            "magnr": 21.674999237060547,
            "sigmagnr": 0.1459999978542328,
            "magzpsci": 26.179000854492188,
            "isdiffpos": "t",
            "ssdistnr": null,
            "ssnamenr": null,
            "drb": null
        },
        {
            "candid": 2099336603315015001,
            "jd": 2459853.8366088,
            "ra": 25.2362288,
            "dec": -15.3260469,
            "fid": 1,
            "nid": 2099,
            "magpsf": 19.910999298095703,
            "sigmapsf": 0.16863299906253815,
            "magnr": 21.674999237060547,
            "sigmagnr": 0.1459999978542328,
            "magzpsci": 26.21500015258789,
            "isdiffpos": "t",
            "ssdistnr": null,
            "ssnamenr": null,
            "drb": null
        },
        {
            "candid": 2099378253315015003,
            "jd": 2459853.8782523,
            "ra": 25.2361389,
            "dec": -15.3259902,
            "fid": 2,
            "nid": 2099,
            "magpsf": 19.614099502563477,
            "sigmapsf": 0.1217930018901825,
            "magnr": 21.235000610351562,
            "sigmagnr": 0.06599999964237213,
            "magzpsci": 26.262100219726562,
            "isdiffpos": "t",
            "ssdistnr": null,
            "ssnamenr": null,
            "drb": null
        },
        {
            "candid": 2103378043315015001,
            "jd": 2459857.878044,
            "ra": 25.2361636,
            "dec": -15.3259818,
            "fid": 2,
            "nid": 2103,
            "magpsf": 19.679500579833984,
            "sigmapsf": 0.1548130065202713,
            "magnr": 21.235000610351562,
            "sigmagnr": 0.06599999964237213,
            "magzpsci": 26.221500396728516,
            "isdiffpos": "t",
            "ssdistnr": null,
            "ssnamenr": null,
            "drb": null
        },
        {
            "candid": 2105315923315015001,
            "jd": 2459859.8159259,
            "ra": 25.2360813,
            "dec": -15.3259246,
            "fid": 2,
            "nid": 2105,
            "magpsf": 19.492900848388672,
            "sigmapsf": 0.17848500609397888,
            "magnr": 21.235000610351562,
            "sigmagnr": 0.06599999964237213,
            "magzpsci": 26.213899612426758,
            "isdiffpos": "t",
            "ssdistnr": null,
            "ssnamenr": null,
            "drb": null
        },
        {
            "candid": 2111315923315015001,
            "jd": 2459865.8159259,
            "ra": 25.2361424,
            "dec": -15.3259316,
            "fid": 2,
            "nid": 2111,
            "magpsf": 19.59600067138672,
            "sigmapsf": 0.21804800629615784,
            "magnr": 21.235000610351562,
            "sigmagnr": 0.06599999964237213,
            "magzpsci": 26.256000518798828,
            "isdiffpos": "t",
            "ssdistnr": null,
            "ssnamenr": null,
            "drb": null
        },
        {
            "candid": 2113315923315015001,
            "jd": 2459867.8159259,
            "ra": 25.2361325,
            "dec": -15.3258854,
            "fid": 2,
            "nid": 2113,
            "magpsf": 19.799100875854492,
            "sigmapsf": 0.20176400244235992,
            "magnr": 21.235000610351562,
            "sigmagnr": 0.06599999964237213,
            "magzpsci": 26.16510009765625,
            "isdiffpos": "t",
            "ssdistnr": null,
            "ssnamenr": null,
            "drb": null
        },
        {
            "candid": 2116360023315015002,
            "jd": 2459870.8600231,
            "ra": 25.2360827,
            "dec": -15.3259334,
            "fid": 1,
            "nid": 2116,
            "magpsf": 20.0177001953125,
            "sigmapsf": 0.279215008020401,
            "magnr": 21.674999237060547,
            "sigmagnr": 0.1459999978542328,
            "magzpsci": 26.228700637817383,
            "isdiffpos": "t",
            "ssdistnr": null,
            "ssnamenr": null,
            "drb": null
        },
        {
            "candid": 2116382823315015002,
            "jd": 2459870.8828241,
            "ra": 25.2361839,
            "dec": -15.3258995,
            "fid": 2,
            "nid": 2116,
            "magpsf": 19.695199966430664,
            "sigmapsf": 0.13308599591255188,
            "magnr": 21.235000610351562,
            "sigmagnr": 0.06599999964237213,
            "magzpsci": 26.24020004272461,
            "isdiffpos": "t",
            "ssdistnr": null,
            "ssnamenr": null,
            "drb": null
        },
        {
            "candid": 2118356453315015001,
            "jd": 2459872.8564583,
            "ra": 25.2360962,
            "dec": -15.3259272,
            "fid": 2,
            "nid": 2118,
            "magpsf": 19.736400604248047,
            "sigmapsf": 0.1510629951953888,
            "magnr": 21.235000610351562,
            "sigmagnr": 0.06599999964237213,
            "magzpsci": 26.27239990234375,
            "isdiffpos": "t",
            "ssdistnr": null,
            "ssnamenr": null,
            "drb": null
        },
        {
            "candid": 2120214093315015003,
            "jd": 2459874.7140972,
            "ra": 25.236224,
            "dec": -15.3258721,
            "fid": 1,
            "nid": 2120,
            "magpsf": 20.36039924621582,
            "sigmapsf": 0.2741929888725281,
            "magnr": 21.674999237060547,
            "sigmagnr": 0.1459999978542328,
            "magzpsci": 26.102399826049805,
            "isdiffpos": "t",
            "ssdistnr": null,
            "ssnamenr": null,
            "drb": null
        },
        {
            "candid": 2120317283315015001,
            "jd": 2459874.8172801,
            "ra": 25.2361389,
            "dec": -15.325997,
            "fid": 2,
            "nid": 2120,
            "magpsf": 19.84670066833496,
            "sigmapsf": 0.1332170069217682,
            "magnr": 21.235000610351562,
            "sigmagnr": 0.06599999964237213,
            "magzpsci": 26.295700073242188,
            "isdiffpos": "t",
            "ssdistnr": null,
            "ssnamenr": null,
            "drb": null
        },
        {
            "candid": 2123274143315015001,
            "jd": 2459877.7741435,
            "ra": 25.2360474,
            "dec": -15.3261091,
            "fid": 1,
            "nid": 2123,
            "magpsf": 20.24139976501465,
            "sigmapsf": 0.31011098623275757,
            "magnr": 21.674999237060547,
            "sigmagnr": 0.1459999978542328,
            "magzpsci": 26.221399307250977,
            "isdiffpos": "t",
            "ssdistnr": null,
            "ssnamenr": null,
            "drb": null
        },
        {
            "candid": 2123335773315015002,
            "jd": 2459877.8357755,
            "ra": 25.2361079,
            "dec": -15.3258292,
            "fid": 2,
            "nid": 2123,
            "magpsf": 19.648300170898438,
            "sigmapsf": 0.12486600130796432,
            "magnr": 21.235000610351562,
            "sigmagnr": 0.06599999964237213,
            "magzpsci": 26.281299591064453,
            "isdiffpos": "t",
            "ssdistnr": null,
            "ssnamenr": null,
            "drb": null
        },
        {
            "candid": 2125332783315015002,
            "jd": 2459879.8327894,
            "ra": 25.23605,
            "dec": -15.3259552,
            "fid": 1,
            "nid": 2125,
            "magpsf": 20.20840072631836,
            "sigmapsf": 0.34414300322532654,
            "magnr": 21.674999237060547,
            "sigmagnr": 0.1459999978542328,
            "magzpsci": 26.203399658203125,
            "isdiffpos": "t",
            "ssdistnr": null,
            "ssnamenr": null,
            "drb": null
        },
        {
            "candid": 2125356233315015001,
            "jd": 2459879.8562384,
            "ra": 25.2360895,
            "dec": -15.325992,
            "fid": 2,
            "nid": 2125,
            "magpsf": 19.814300537109375,
            "sigmapsf": 0.20380699634552002,
            "magnr": 21.235000610351562,
            "sigmagnr": 0.06599999964237213,
            "magzpsci": 26.2322998046875,
            "isdiffpos": "t",
            "ssdistnr": null,
            "ssnamenr": null,
            "drb": null
        },
        {
            "candid": 2127290783315015001,
            "jd": 2459881.790787,
            "ra": 25.2361409,
            "dec": -15.3260052,
            "fid": 2,
            "nid": 2127,
            "magpsf": 19.86940574645996,
            "sigmapsf": 0.16901730000972748,
            "magnr": 21.235000610351562,
            "sigmagnr": 0.06599999964237213,
            "magzpsci": 26.285404205322266,
            "isdiffpos": "t",
            "ssdistnr": -999.0,
            "ssnamenr": "null",
            "drb": null
        },
        {
            "jd": 2459793.898206,
            "fid": 2,
            "diffmaglim": 19.756200790405273
        },
        {
            "jd": 2459793.9595833,
            "fid": 1,
            "diffmaglim": 20.362199783325195
        },
        {
            "jd": 2459795.9211806,
            "fid": 1,
            "diffmaglim": 18.113500595092773
        },
        {
            "jd": 2459795.9546875,
            "fid": 2,
            "diffmaglim": 20.047000885009766
        },
        {
            "jd": 2459798.9600463,
            "fid": 2,
            "diffmaglim": 20.289600372314453
        },
        {
            "jd": 2459801.9005324,
            "fid": 1,
            "diffmaglim": 19.174800872802734
        },
        {
            "jd": 2459801.940544,
            "fid": 2,
            "diffmaglim": 19.81220054626465
        },
        {
            "jd": 2459803.9011111,
            "fid": 2,
            "diffmaglim": 19.134599685668945
        },
        {
            "jd": 2459803.9549421,
            "fid": 1,
            "diffmaglim": 19.10409927368164
        },
        {
            "jd": 2459806.8984028,
            "fid": 2,
            "diffmaglim": 19.049299240112305
        },
        {
            "jd": 2459808.9201157,
            "fid": 2,
            "diffmaglim": 19.455799102783203
        },
        {
            "jd": 2459808.9786458,
            "fid": 1,
            "diffmaglim": 19.658199310302734
        },
        {
            "jd": 2459811.9615741,
            "fid": 1,
            "diffmaglim": 19.97719955444336
        },
        {
            "jd": 2459846.9137616,
            "fid": 2,
            "diffmaglim": 20.3612003326416
        },
        {
            "jd": 2459848.8142014,
            "fid": 2,
            "diffmaglim": 20.305200576782227
        },
        {
            "jd": 2459855.8682523,
            "fid": 1,
            "diffmaglim": 20.532400131225586
        },
        {
            "jd": 2459855.8787037,
            "fid": 2,
            "diffmaglim": 20.401100158691406
        },
        {
            "jd": 2459859.9586921,
            "fid": 1,
            "diffmaglim": 19.47599983215332
        },
        {
            "jd": 2459861.835544,
            "fid": 2,
            "diffmaglim": 18.80900001525879
        },
        {
            "jd": 2459861.8782639,
            "fid": 1,
            "diffmaglim": 18.47879981994629
        },
        {
            "jd": 2459863.8565509,
            "fid": 2,
            "diffmaglim": 19.04789924621582
        },
        {
            "jd": 2459865.7613079,
            "fid": 1,
            "diffmaglim": 19.346500396728516
        }
    ],
    "forcedphot": []
}