{
    "objectId": "ZTF23aaefqrs",
    "candidates": [
        {
            "candid": 2282507446315015015,
            "jd": 2460037.0074421,
            "ra": 326.7568469,
            "dec": 43.009616,
            "fid": 2,
            "nid": 2282,
            "magpsf": 20.3830623626709,
            "sigmapsf": 0.2029034048318863,
            "magnr": 21.119998931884766,
            "sigmagnr": 0.11999999731779099,
            "magzpsci": 26.16206169128418,
            "isdiffpos": "t",
            "ssdistnr": -999.0,
            "ssnamenr": "null",
            "drb": 0.9999797940254211
        },
        {
            "candid": 2319409176315015013,
            "jd": 2460073.9091782,
            "ra": 326.7568841,
            "dec": 43.0096143,
            "fid": 2,
            "nid": 2319,
            "magpsf": 18.547199249267578,
            "sigmapsf": 0.1266690045595169,
            "magnr": 21.1200008392334,
            "sigmagnr": 0.11999999731779099,
            "magzpsci": 26.03019905090332,
            "isdiffpos": "t",
            "ssdistnr": null,
            "ssnamenr": null,
            "drb": 1.0
        },
        {
            "candid": 2319430276315015016,
            "jd": 2460073.9302778,
            "ra": 326.7568713,
            "dec": 43.0096224,
            "fid": 1,
            "nid": 2319,
            "magpsf": 18.82469940185547,
            "sigmapsf": 0.15493300557136536,
            "magnr": 21.458999633789062,
            "sigmagnr": 0.13699999451637268,
            "magzpsci": 26.05470085144043,
            "isdiffpos": "t",
            "ssdistnr": null,
            "ssnamenr": null,
            "drb": null
        },
        {
            "candid": 2344411686315015009,
            "jd": 2460098.9116898,
            "ra": 326.7568718,
            "dec": 43.009635,
            "fid": 2,
            "nid": 2344,
            "magpsf": 18.48349952697754,
            "sigmapsf": 0.07950899749994278,
            "magnr": 21.1200008392334,
            "sigmagnr": 0.11999999731779099,
            "magzpsci": 26.1875,
            "isdiffpos": "t",
            "ssdistnr": null,
            "ssnamenr": null,
            "drb": null
        },
        {
            "candid": 2344453366315015014,
            "jd": 2460098.9533681,
            "ra": 326.756863,
            "dec": 43.0096263,
            "fid": 1,
            "nid": 2344,
            "magpsf": 18.94529914855957,
            "sigmapsf": 0.1163949966430664,
            "magnr": 21.458999633789062,
            "sigmagnr": 0.13699999451637268,
            "magzpsci": 26.262300491333008,
            "isdiffpos": "t",
            "ssdistnr": null,
            "ssnamenr": null,
            "drb": null
        },
        {
            "candid": 2347405766315015014,
            "jd": 2460101.9057639,
            "ra": 326.7568315,
            "dec": 43.009629,
            "fid": 2,
            "nid": 2347,
            "magpsf": 18.55500030517578,
            "sigmapsf": 0.1090719997882843,
            "magnr": 21.1200008392334,
            "sigmagnr": 0.11999999731779099,
            "magzpsci": 26.182899475097656,
            "isdiffpos": "t",
            "ssdistnr": null,
            "ssnamenr": null,
            "drb": null
        },
        {
            "candid": 2347448226315015017,
            "jd": 2460101.9482292,
            "ra": 326.7568968,
            "dec": 43.0096342,
            "fid": 1,
            "nid": 2347,
            "magpsf": 19.25349998474121,
            "sigmapsf": 0.17388500273227692,
            "magnr": 21.458999633789062,
            "sigmagnr": 0.13699999451637268,
            "magzpsci": 26.25950050354004,
            "isdiffpos": "t",
            "ssdistnr": null,
            "ssnamenr": null,
            "drb": null
        },
        {
            "candid": 2354430866315015012,
            "jd": 2460108.9308681,
            "ra": 326.7568759,
            "dec": 43.0096405,
            "fid": 2,
            "nid": 2354,
            "magpsf": 19.064300537109375,
            "sigmapsf": 0.08048699796199799,
            "magnr": 21.1200008392334,
            "sigmagnr": 0.11999999731779099,
            "magzpsci": 26.198299407958984,
            "isdiffpos": "t",
            "ssdistnr": null,
            "ssnamenr": null,
            "drb": null
        },
        {
            "candid": 2356395196315015021,
            "jd": 2460110.8951968,
            "ra": 326.7568329,
            "dec": 43.0096248,
            "fid": 1,
            "nid": 2356,
            "magpsf": 20.10930061340332,
            "sigmapsf": 0.14139799773693085,
            "magnr": 21.458999633789062,
            "sigmagnr": 0.13699999451637268,
            "magzpsci": 26.19930076599121,
            "isdiffpos": "t",
            "ssdistnr": null,
            "ssnamenr": null,
            "drb": null
        },
        {
            "candid": 2356453686315015006,
            "jd": 2460110.9536806,
            "ra": 326.7568736,
            "dec": 43.0096284,
            "fid": 2,
            "nid": 2356,
            "magpsf": 19.156999588012695,
            "sigmapsf": 0.09650000184774399,
            "magnr": 21.1200008392334,
            "sigmagnr": 0.11999999731779099,
            "magzpsci": 26.200000762939453,
            "isdiffpos": "t",
            "ssdistnr": null,
            "ssnamenr": null,
            "drb": null
        },
        {
            "candid": 2359431756315015015,
            "jd": 2460113.9317593,
            "ra": 326.756861,
            "dec": 43.0096186,
            "fid": 1,
            "nid": 2359,
            "magpsf": 20.251100540161133,
            "sigmapsf": 0.16496500372886658,
            "magnr": 21.458999633789062,
            "sigmagnr": 0.13699999451637268,
            "magzpsci": 26.305099487304688,
            "isdiffpos": "t",
            "ssdistnr": null,
            "ssnamenr": null,
            "drb": null
        },
        {
            "candid": 2359451246315015021,
            "jd": 2460113.95125,
            "ra": 326.7568696,
            "dec": 43.0096218,
            "fid": 2,
            "nid": 2359,
            "magpsf": 19.387300491333008,
            "sigmapsf": 0.08847600221633911,
            "magnr": 21.1200008392334,
            "sigmagnr": 0.11999999731779099,
            "magzpsci": 26.242300033569336,
            "isdiffpos": "t",
            "ssdistnr": null,
            "ssnamenr": null,
            "drb": null
        },
        {
            "candid": 2362412346315015021,
            "jd": 2460116.9123495,
            "ra": 326.7568341,
            "dec": 43.0095032,
            "fid": 1,
            "nid": 2362,
            "magpsf": 20.273700714111328,
            "sigmapsf": 0.2408439964056015,
            "magnr": 21.458999633789062,
            "sigmagnr": 0.13699999451637268,
            "magzpsci": 26.233699798583984,
            "isdiffpos": "t",
            "ssdistnr": null,
            "ssnamenr": null,
            "drb": null
        },
        {
            "candid": 2362450396315015013,
            "jd": 2460116.9503935,
            "ra": 326.7568382,
            "dec": 43.0096227,
            "fid": 2,
            "nid": 2362,
            "magpsf": 19.519800186157227,
            "sigmapsf": 0.13612100481987,
            "magnr": 21.1200008392334,
            "sigmagnr": 0.11999999731779099,
            "magzpsci": 26.212799072265625,
            "isdiffpos": "t",
            "ssdistnr": null,
            "ssnamenr": null,
            "drb": null
        },
        {
            "candid": 2365449206315015015,
            "jd": 2460119.9492014,
            "ra": 326.7568716,
            "dec": 43.0096309,
            "fid": 2,
            "nid": 2365,
            "magpsf": 19.697799682617188,
            "sigmapsf": 0.13058899343013763,
            "magnr": 21.1200008392334,
            "sigmagnr": 0.11999999731779099,
            "magzpsci": 26.25979995727539,
            "isdiffpos": "t",
            "ssdistnr": null,
            "ssnamenr": null,
            "drb": null
        },
        {
            "candid": 2367448986315015008,
            "jd": 2460121.9489815,
            "ra": 326.756874,
            "dec": 43.0096313,
            "fid": 2,
            "nid": 2367,
            "magpsf": 19.76110076904297,
            "sigmapsf": 0.16063199937343597,
            "magnr": 21.1200008392334,
            "sigmagnr": 0.11999999731779099,
            "magzpsci": 26.250099182128906,
            "isdiffpos": "t",
            "ssdistnr": null,
            "ssnamenr": null,
            "drb": null
        },
        {
            "candid": 2369380466315015019,
            "jd": 2460123.880463,
            "ra": 326.7569236,
            "dec": 43.0096586,
            "fid": 1,
            "nid": 2369,
            "magpsf": 20.658100128173828,
            "sigmapsf": 0.2809999883174896,
            "magnr": 21.458999633789062,
            "sigmagnr": 0.13699999451637268,
            "magzpsci": 26.29010009765625,
            "isdiffpos": "t",
            "ssdistnr": null,
            "ssnamenr": null,
            "drb": null
        },
        {
            "candid": 2371409436315015018,
            "jd": 2460125.9094329,
            "ra": 326.7569084,
            "dec": 43.0096615,
            "fid": 1,
            "nid": 2371,
            "magpsf": 20.673500061035156,
            "sigmapsf": 0.29195600748062134,
            "magnr": 21.458999633789062,
            "sigmagnr": 0.13699999451637268,
            "magzpsci": 26.26650047302246,
            "isdiffpos": "t",
            "ssdistnr": null,
            "ssnamenr": null,
            "drb": null
        },
        {
            "candid": 2371450026315015012,
            "jd": 2460125.9500231,
            "ra": 326.7568384,
            "dec": 43.0096798,
            "fid": 2,
            "nid": 2371,
            "magpsf": 19.861400604248047,
            "sigmapsf": 0.14406999945640564,
            "magnr": 21.1200008392334,
            "sigmagnr": 0.11999999731779099,
            "magzpsci": 26.240400314331055,
            "isdiffpos": "t",
            "ssdistnr": null,
            "ssnamenr": null,
            "drb": null
        },
        {
            "candid": 2373406826315015009,
            "jd": 2460127.9068287,
            "ra": 326.7568673,
            "dec": 43.0096228,
            "fid": 2,
            "nid": 2373,
            "magpsf": 20.115299224853516,
            "sigmapsf": 0.26700499653816223,
            "magnr": 21.1200008392334,
            "sigmagnr": 0.11999999731779099,
            "magzpsci": 26.224300384521484,
            "isdiffpos": "t",
            "ssdistnr": null,
            "ssnamenr": null,
            "drb": null
        },
        {
            "candid": 2379387636315015014,
            "jd": 2460133.8876389,
            "ra": 326.7568246,
            "dec": 43.0096808,
            "fid": 2,
            "nid": 2379,
            "magpsf": 20.261699676513672,
            "sigmapsf": 0.2698900103569031,
            "magnr": 21.1200008392334,
            "sigmagnr": 0.11999999731779099,
            "magzpsci": 26.24970054626465,
            "isdiffpos": "t",
            "ssdistnr": null,
            "ssnamenr": null,
            "drb": null
        },
        {
            "candid": 2381427916315015015,
            "jd": 2460135.9279167,
            "ra": 326.7568953,
            "dec": 43.0096766,
            "fid": 2,
            "nid": 2381,
            "magpsf": 20.404300689697266,
            "sigmapsf": 0.20073699951171875,
            "magnr": 21.1200008392334,
            "sigmagnr": 0.11999999731779099,
            "magzpsci": 26.260299682617188,
            "isdiffpos": "t",
            "ssdistnr": null,
            "ssnamenr": null,
            "drb": null
        },
        {
            "candid": 2383430996315015009,
            "jd": 2460137.9309954,
            "ra": 326.7569198,
            "dec": 43.009701,
            "fid": 2,
            "nid": 2383,
            "magpsf": 20.13800048828125,
            "sigmapsf": 0.20486600697040558,
            "magnr": 21.1200008392334,
            "sigmagnr": 0.11999999731779099,
            "magzpsci": 26.19099998474121,
            "isdiffpos": "t",
            "ssdistnr": null,
            "ssnamenr": null,
            "drb": null
        },
        {
            "candid": 2385371886315015017,
            "jd": 2460139.8718866,
            "ra": 326.7568629,
            "dec": 43.0096326,
            "fid": 2,
            "nid": 2385,
            "magpsf": 20.293899536132812,
            "sigmapsf": 0.1848510056734085,
            "magnr": 21.1200008392334,
            "sigmagnr": 0.11999999731779099,
            "magzpsci": 26.22089958190918,
            "isdiffpos": "t",
            "ssdistnr": null,
            "ssnamenr": null,
            "drb": null
        },
        {
            "candid": 2387410996315015014,
            "jd": 2460141.9109954,
            "ra": 326.756818,
            "dec": 43.0096333,
            "fid": 2,
            "nid": 2387,
            "magpsf": 20.658100128173828,
            "sigmapsf": 0.20693400502204895,
            "magnr": 21.1200008392334,
            "sigmagnr": 0.11999999731779099,
            "magzpsci": 26.208099365234375,
            "isdiffpos": "t",
            "ssdistnr": null,
            "ssnamenr": null,
            "drb": null
        },
        {
            "candid": 2392320636315015011,
            "jd": 2460146.8206366,
            "ra": 326.7569832,
            "dec": 43.0096806,
            "fid": 2,
            "nid": 2392,
            "magpsf": 20.63360023498535,
            "sigmapsf": 0.2253209948539734,
            "magnr": 21.1200008392334,
            "sigmagnr": 0.11999999731779099,
            "magzpsci": 26.237600326538086,
            "isdiffpos": "t",
            "ssdistnr": null,
            "ssnamenr": null,
            "drb": null
        },
        {
            "candid": 2392361296315015017,
            "jd": 2460146.8612963,
            "ra": 326.756882,
            "dec": 43.0096411,
            "fid": 2,
            "nid": 2392,
            "magpsf": 20.507200241088867,
            "sigmapsf": 0.21810999512672424,
            "magnr": 21.1200008392334,
            "sigmagnr": 0.11999999731779099,
            "magzpsci": 26.241199493408203,
            "isdiffpos": "t",
            "ssdistnr": null,
            "ssnamenr": null,
            "drb": null
        },
        {
            "candid": 2394367506315015015,
            "jd": 2460148.8675,
            "ra": 326.7568566,
            "dec": 43.0096441,
            "fid": 2,
            "nid": 2394,
            "magpsf": 20.65553092956543,
            "sigmapsf": 0.18713951110839844,
            "magnr": 21.119998931884766,
            "sigmagnr": 0.11999999731779099,
            "magzpsci": 26.200531005859375,
            "isdiffpos": "t",
            "ssdistnr": -999.0,
            "ssnamenr": "null",
            "drb": null
        },
        {
            "jd": 2460017.0231366,
            "fid": 2,
            "diffmaglim": 19.381799697875977
        },
        {
            "jd": 2460017.0256366,
            "fid": 2,
            "diffmaglim": 19.37779998779297
        },
        {
            "jd": 2460017.0281366,
            "fid": 2,
            "diffmaglim": 19.47170066833496
        },
        {
            "jd": 2460017.0306366,
            "fid": 2,
            "diffmaglim": 19.48310089111328
        },
        {
            "jd": 2460017.0331366,
            "fid": 2,
            "diffmaglim": 19.46649932861328
        },
        {
            "jd": 2460021.0206481,
            "fid": 2,
            "diffmaglim": 19.633100509643555
        },
        {
            "jd": 2460021.0231944,
            "fid": 2,
            "diffmaglim": 19.85890007019043
        },
        {
            "jd": 2460021.0257292,
            "fid": 2,
            "diffmaglim": 19.660200119018555
        },
        {
            "jd": 2460021.0282755,
            "fid": 2,
            "diffmaglim": 19.913999557495117
        },
        {
            "jd": 2460021.0308102,
            "fid": 2,
            "diffmaglim": 19.92449951171875
        },
        {
            "jd": 2460022.0200231,
            "fid": 2,
            "diffmaglim": 19.490800857543945
        },
        {
            "jd": 2460022.0225694,
            "fid": 2,
            "diffmaglim": 19.539899826049805
        },
        {
            "jd": 2460022.0251157,
            "fid": 2,
            "diffmaglim": 19.621999740600586
        },
        {
            "jd": 2460022.027662,
            "fid": 2,
            "diffmaglim": 19.657499313354492
        },
        {
            "jd": 2460022.0302083,
            "fid": 2,
            "diffmaglim": 19.625900268554688
        },
        {
            "jd": 2460030.0122338,
            "fid": 2,
            "diffmaglim": 19.650100708007812
        },
        {
            "jd": 2460030.0147106,
            "fid": 2,
            "diffmaglim": 19.808000564575195
        },
        {
            "jd": 2460030.0171759,
            "fid": 2,
            "diffmaglim": 19.89859962463379
        },
        {
            "jd": 2460030.0196528,
            "fid": 2,
            "diffmaglim": 19.941699981689453
        },
        {
            "jd": 2460030.0221296,
            "fid": 2,
            "diffmaglim": 19.883699417114258
        },
        {
            "jd": 2460031.0169329,
            "fid": 2,
            "diffmaglim": 19.461200714111328
        },
        {
            "jd": 2460031.0193981,
            "fid": 2,
            "diffmaglim": 19.788700103759766
        },
        {
            "jd": 2460031.0218866,
            "fid": 2,
            "diffmaglim": 19.774599075317383
        },
        {
            "jd": 2460031.0243634,
            "fid": 2,
            "diffmaglim": 19.660499572753906
        },
        {
            "jd": 2460031.0268403,
            "fid": 2,
            "diffmaglim": 19.771099090576172
        },
        {
            "jd": 2460037.0049421,
            "fid": 2,
            "diffmaglim": 20.283300399780273
        },
        {
            "jd": 2460065.9333449,
            "fid": 2,
            "diffmaglim": 19.526399612426758
        },
        {
            "jd": 2460065.9693866,
            "fid": 1,
            "diffmaglim": 20.320999145507812
        },
        {
            "jd": 2460119.9359375,
            "fid": 1,
            "diffmaglim": 20.666200637817383
        },
        {
            "jd": 2460121.9206481,
            "fid": 1,
            "diffmaglim": 20.50819969177246
        },
        {
            "jd": 2460123.9285185,
            "fid": 2,
            "diffmaglim": 20.484500885009766
        },
        {
            "jd": 2460127.9318056,
            "fid": 1,
            "diffmaglim": 19.756799697875977
        },
        {
            "jd": 2460133.8300694,
            "fid": 1,
            "diffmaglim": 20.389799118041992
        },
        {
            "jd": 2460135.8272685,
            "fid": 1,
            "diffmaglim": 20.686199188232422
        },
        {
            "jd": 2460137.8707407,
            "fid": 1,
            "diffmaglim": 20.832799911499023
        },
        {
            "jd": 2460139.9356829,
            "fid": 1,
            "diffmaglim": 20.744800567626953
        },
        {
            "jd": 2460141.8222569,
            "fid": 1,
            "diffmaglim": 20.738000869750977
        },
        {
            "jd": 2460144.8697106,
            "fid": 2,
            "diffmaglim": 20.91819953918457
        },
        {
            "jd": 2460144.9496528,
            "fid": 1,
            "diffmaglim": 20.903499603271484
        }
    ],
    "forcedphot": []
}