{
    "objectId": "ZTF22abytwjj",
    "candidates": [
        {
            "candid": 2174304080115015000,
            "jd": 2459928.8040856,
            "ra": 70.0239715,
            "dec": 74.1819245,
            "fid": 2,
            "nid": 2174,
            "magpsf": 18.582199096679688,
            "sigmapsf": 0.05867199972271919,
            "magnr": 18.899999618530273,
            "sigmagnr": 0.14100000262260437,
            "magzpsci": 26.2052001953125,
            "isdiffpos": "t",
            "ssdistnr": null,
            "ssnamenr": null,
            "drb": 1.0
        },
        {
            "candid": 2174331340115015001,
            "jd": 2459928.8313426,
            "ra": 70.0239376,
            "dec": 74.1818997,
            "fid": 1,
            "nid": 2174,
            "magpsf": 19.242900848388672,
            "sigmapsf": 0.19237099587917328,
            "magnr": 19.829999923706055,
            "sigmagnr": 0.12800000607967377,
            "magzpsci": 25.870899200439453,
            "isdiffpos": "t",
            "ssdistnr": null,
            "ssnamenr": null,
            "drb": null
        },
        {
            "candid": 2178285380115015000,
            "jd": 2459932.7853819,
            "ra": 70.0239413,
            "dec": 74.1819184,
            "fid": 2,
            "nid": 2178,
            "magpsf": 17.961700439453125,
            "sigmapsf": 0.0516589991748333,
            "magnr": 18.899999618530273,
            "sigmagnr": 0.14100000262260437,
            "magzpsci": 26.25670051574707,
            "isdiffpos": "t",
            "ssdistnr": null,
            "ssnamenr": null,
            "drb": null
        },
        {
            "candid": 2180217770115015003,
            "jd": 2459934.7177778,
            "ra": 70.0239314,
            "dec": 74.1819184,
            "fid": 1,
            "nid": 2180,
            "magpsf": 18.44029998779297,
            "sigmapsf": 0.07054799795150757,
            "magnr": 19.829999923706055,
            "sigmagnr": 0.12800000607967377,
            "magzpsci": 26.3262996673584,
            "isdiffpos": "t",
            "ssdistnr": null,
            "ssnamenr": null,
            "drb": null
        },
        {
            "candid": 2180388240115015001,
            "jd": 2459934.8882407,
            "ra": 70.0239498,
            "dec": 74.1819261,
            "fid": 2,
            "nid": 2180,
            "magpsf": 17.712900161743164,
            "sigmapsf": 0.05572900176048279,
            "magnr": 18.899999618530273,
            "sigmagnr": 0.14100000262260437,
            "magzpsci": 26.234800338745117,
            "isdiffpos": "t",
            "ssdistnr": null,
            "ssnamenr": null,
            "drb": null
        },
        {
            "candid": 2182240990115015001,
            "jd": 2459936.7409954,
            "ra": 70.0238996,
            "dec": 74.1819353,
            "fid": 2,
            "nid": 2182,
            "magpsf": 17.581499099731445,
            "sigmapsf": 0.04903100058436394,
            "magnr": 18.899999618530273,
            "sigmagnr": 0.14100000262260437,
            "magzpsci": 26.252500534057617,
            "isdiffpos": "t",
            "ssdistnr": null,
            "ssnamenr": null,
            "drb": null
        },
        {
            "candid": 2182267230115015004,
            "jd": 2459936.7672338,
            "ra": 70.0239528,
            "dec": 74.1819445,
            "fid": 1,
            "nid": 2182,
            "magpsf": 18.478599548339844,
            "sigmapsf": 0.0718659982085228,
            "magnr": 19.829999923706055,
            "sigmagnr": 0.12800000607967377,
            "magzpsci": 26.32659912109375,
            "isdiffpos": "t",
            "ssdistnr": null,
            "ssnamenr": null,
            "drb": null
        },
        {
            "candid": 2186261420115015000,
            "jd": 2459940.7614236,
            "ra": 70.0239159,
            "dec": 74.1819512,
            "fid": 1,
            "nid": 2186,
            "magpsf": 17.968399047851562,
            "sigmapsf": 0.06072000041604042,
            "magnr": 19.829999923706055,
            "sigmagnr": 0.12800000607967377,
            "magzpsci": 26.198400497436523,
            "isdiffpos": "t",
            "ssdistnr": null,
            "ssnamenr": null,
            "drb": null
        },
        {
            "candid": 2199239050115015002,
            "jd": 2459953.7390509,
            "ra": 70.0239322,
            "dec": 74.1819198,
            "fid": 2,
            "nid": 2199,
            "magpsf": 15.799300193786621,
            "sigmapsf": 0.016742000356316566,
            "magnr": 18.899999618530273,
            "sigmagnr": 0.14100000262260437,
            "magzpsci": 25.814300537109375,
            "isdiffpos": "t",
            "ssdistnr": null,
            "ssnamenr": null,
            "drb": null
        },
        {
            "candid": 2203139170115015001,
            "jd": 2459957.6391782,
            "ra": 70.0239058,
            "dec": 74.1818946,
            "fid": 1,
            "nid": 2203,
            "magpsf": 16.043699264526367,
            "sigmapsf": 0.03408199921250343,
            "magnr": 19.829999923706055,
            "sigmagnr": 0.12800000607967377,
            "magzpsci": 25.78569984436035,
            "isdiffpos": "t",
            "ssdistnr": null,
            "ssnamenr": null,
            "drb": null
        },
        {
            "candid": 2203200530115015002,
            "jd": 2459957.7005324,
            "ra": 70.0239326,
            "dec": 74.1819065,
            "fid": 2,
            "nid": 2203,
            "magpsf": 15.828300476074219,
            "sigmapsf": 0.027411000803112984,
            "magnr": 18.899999618530273,
            "sigmagnr": 0.14100000262260437,
            "magzpsci": 26.09630012512207,
            "isdiffpos": "t",
            "ssdistnr": null,
            "ssnamenr": null,
            "drb": null
        },
        {
            "candid": 2211244430115015001,
            "jd": 2459965.7444329,
            "ra": 70.0239779,
            "dec": 74.1819175,
            "fid": 2,
            "nid": 2211,
            "magpsf": 16.170799255371094,
            "sigmapsf": 0.029601000249385834,
            "magnr": 18.899999618530273,
            "sigmagnr": 0.14100000262260437,
            "magzpsci": 26.24880027770996,
            "isdiffpos": "t",
            "ssdistnr": null,
            "ssnamenr": null,
            "drb": null
        },
        {
            "candid": 2213201040115015002,
            "jd": 2459967.7010417,
            "ra": 70.0238472,
            "dec": 74.1818914,
            "fid": 1,
            "nid": 2213,
            "magpsf": 17.333900451660156,
            "sigmapsf": 0.05866999924182892,
            "magnr": 19.829999923706055,
            "sigmagnr": 0.12800000607967377,
            "magzpsci": 26.295900344848633,
            "isdiffpos": "t",
            "ssdistnr": null,
            "ssnamenr": null,
            "drb": null
        },
        {
            "candid": 2213217660115015001,
            "jd": 2459967.717662,
            "ra": 70.0240582,
            "dec": 74.1819208,
            "fid": 2,
            "nid": 2213,
            "magpsf": 16.319799423217773,
            "sigmapsf": 0.03671500086784363,
            "magnr": 18.899999618530273,
            "sigmagnr": 0.14100000262260437,
            "magzpsci": 26.233800888061523,
            "isdiffpos": "t",
            "ssdistnr": null,
            "ssnamenr": null,
            "drb": null
        },
        {
            "candid": 2215162830115015001,
            "jd": 2459969.6628356,
            "ra": 70.0239508,
            "dec": 74.1819258,
            "fid": 2,
            "nid": 2215,
            "magpsf": 16.451099395751953,
            "sigmapsf": 0.032228000462055206,
            "magnr": 18.899999618530273,
            "sigmagnr": 0.14100000262260437,
            "magzpsci": 26.267099380493164,
            "isdiffpos": "t",
            "ssdistnr": null,
            "ssnamenr": null,
            "drb": null
        },
        {
            "candid": 2215198100115015002,
            "jd": 2459969.6981019,
            "ra": 70.0238317,
            "dec": 74.1819228,
            "fid": 1,
            "nid": 2215,
            "magpsf": 17.664100646972656,
            "sigmapsf": 0.051003001630306244,
            "magnr": 19.829999923706055,
            "sigmagnr": 0.12800000607967377,
            "magzpsci": 26.34309959411621,
            "isdiffpos": "t",
            "ssdistnr": null,
            "ssnamenr": null,
            "drb": null
        },
        {
            "candid": 2217282890115015000,
            "jd": 2459971.7828935,
            "ra": 70.0239041,
            "dec": 74.1819104,
            "fid": 2,
            "nid": 2217,
            "magpsf": 16.623699188232422,
            "sigmapsf": 0.028689000755548477,
            "magnr": 18.899999618530273,
            "sigmagnr": 0.14100000262260437,
            "magzpsci": 26.24570083618164,
            "isdiffpos": "t",
            "ssdistnr": null,
            "ssnamenr": null,
            "drb": null
        },
        {
            "candid": 2225205870115015000,
            "jd": 2459979.7058796,
            "ra": 70.0239052,
            "dec": 74.1819421,
            "fid": 2,
            "nid": 2225,
            "magpsf": 17.19879913330078,
            "sigmapsf": 0.054290998727083206,
            "magnr": 18.899999618530273,
            "sigmagnr": 0.14100000262260437,
            "magzpsci": 26.21380043029785,
            "isdiffpos": "t",
            "ssdistnr": null,
            "ssnamenr": null,
            "drb": null
        },
        {
            "candid": 2227185600115015000,
            "jd": 2459981.6856019,
            "ra": 70.023973,
            "dec": 74.1819256,
            "fid": 2,
            "nid": 2227,
            "magpsf": 17.340200424194336,
            "sigmapsf": 0.04781100153923035,
            "magnr": 18.899999618530273,
            "sigmagnr": 0.14100000262260437,
            "magzpsci": 26.239200592041016,
            "isdiffpos": "t",
            "ssdistnr": null,
            "ssnamenr": null,
            "drb": null
        },
        {
            "candid": 2230179080115015001,
            "jd": 2459984.6790856,
            "ra": 70.0238583,
            "dec": 74.1818941,
            "fid": 1,
            "nid": 2230,
            "magpsf": 18.918800354003906,
            "sigmapsf": 0.09352099895477295,
            "magnr": 19.829999923706055,
            "sigmagnr": 0.12800000607967377,
            "magzpsci": 26.314800262451172,
            "isdiffpos": "t",
            "ssdistnr": null,
            "ssnamenr": null,
            "drb": null
        },
        {
            "candid": 2230256560115015000,
            "jd": 2459984.7565625,
            "ra": 70.0238991,
            "dec": 74.1819157,
            "fid": 2,
            "nid": 2230,
            "magpsf": 17.528200149536133,
            "sigmapsf": 0.042890001088380814,
            "magnr": 18.899999618530273,
            "sigmagnr": 0.14100000262260437,
            "magzpsci": 26.24720001220703,
            "isdiffpos": "t",
            "ssdistnr": null,
            "ssnamenr": null,
            "drb": null
        },
        {
            "candid": 2233238110115015004,
            "jd": 2459987.7381134,
            "ra": 70.0239749,
            "dec": 74.1819124,
            "fid": 2,
            "nid": 2233,
            "magpsf": 17.641000747680664,
            "sigmapsf": 0.04619099944829941,
            "magnr": 18.899999618530273,
            "sigmagnr": 0.14100000262260437,
            "magzpsci": 26.215999603271484,
            "isdiffpos": "t",
            "ssdistnr": null,
            "ssnamenr": null,
            "drb": null
        },
        {
            "candid": 2239143040115015019,
            "jd": 2459993.643044,
            "ra": 70.0238531,
            "dec": 74.1819882,
            "fid": 1,
            "nid": 2239,
            "magpsf": 19.224199295043945,
            "sigmapsf": 0.17490500211715698,
            "magnr": 19.829999923706055,
            "sigmagnr": 0.12800000607967377,
            "magzpsci": 25.90220069885254,
            "isdiffpos": "t",
            "ssdistnr": null,
            "ssnamenr": null,
            "drb": null
        },
        {
            "candid": 2239174820115015001,
            "jd": 2459993.6748264,
            "ra": 70.0238237,
            "dec": 74.1819065,
            "fid": 2,
            "nid": 2239,
            "magpsf": 17.784099578857422,
            "sigmapsf": 0.08368799835443497,
            "magnr": 18.899999618530273,
            "sigmagnr": 0.14100000262260437,
            "magzpsci": 25.66010093688965,
            "isdiffpos": "t",
            "ssdistnr": null,
            "ssnamenr": null,
            "drb": null
        },
        {
            "candid": 2259237780115015000,
            "jd": 2460013.7377894,
            "ra": 70.0238919,
            "dec": 74.1819248,
            "fid": 2,
            "nid": 2259,
            "magpsf": 18.411800384521484,
            "sigmapsf": 0.12318599969148636,
            "magnr": 18.899999618530273,
            "sigmagnr": 0.14100000262260437,
            "magzpsci": 26.06679916381836,
            "isdiffpos": "t",
            "ssdistnr": null,
            "ssnamenr": null,
            "drb": null
        },
        {
            "candid": 2263196480115015000,
            "jd": 2460017.6964815,
            "ra": 70.0239448,
            "dec": 74.1818682,
            "fid": 1,
            "nid": 2263,
            "magpsf": 19.70439910888672,
            "sigmapsf": 0.20212200284004211,
            "magnr": 19.829999923706055,
            "sigmagnr": 0.12800000607967377,
            "magzpsci": 25.76740074157715,
            "isdiffpos": "t",
            "ssdistnr": null,
            "ssnamenr": null,
            "drb": null
        },
        {
            "candid": 2267154830115015000,
            "jd": 2460021.654838,
            "ra": 70.0240656,
            "dec": 74.1819275,
            "fid": 2,
            "nid": 2267,
            "magpsf": 18.56570053100586,
            "sigmapsf": 0.09317400306463242,
            "magnr": 18.899999618530273,
            "sigmagnr": 0.14100000262260437,
            "magzpsci": 26.07670021057129,
            "isdiffpos": "t",
            "ssdistnr": null,
            "ssnamenr": null,
            "drb": null
        },
        {
            "candid": 2276180780115015000,
            "jd": 2460030.680787,
            "ra": 70.0239626,
            "dec": 74.18195,
            "fid": 2,
            "nid": 2276,
            "magpsf": 18.749399185180664,
            "sigmapsf": 0.07558099925518036,
            "magnr": 18.899999618530273,
            "sigmagnr": 0.14100000262260437,
            "magzpsci": 26.1914005279541,
            "isdiffpos": "t",
            "ssdistnr": null,
            "ssnamenr": null,
            "drb": null
        },
        {
            "candid": 2282156820115015003,
            "jd": 2460036.6568287,
            "ra": 70.0237793,
            "dec": 74.1817996,
            "fid": 1,
            "nid": 2282,
            "magpsf": 20.10890007019043,
            "sigmapsf": 0.32471799850463867,
            "magnr": 19.829999923706055,
            "sigmagnr": 0.12800000607967377,
            "magzpsci": 26.25189971923828,
            "isdiffpos": "t",
            "ssdistnr": null,
            "ssnamenr": null,
            "drb": null
        },
        {
            "candid": 2282202290115015001,
            "jd": 2460036.7022917,
            "ra": 70.0239456,
            "dec": 74.1818927,
            "fid": 2,
            "nid": 2282,
            "magpsf": 18.820392608642578,
            "sigmapsf": 0.11762162297964096,
            "magnr": 18.899999618530273,
            "sigmagnr": 0.14100000262260437,
            "magzpsci": 26.175392150878906,
            "isdiffpos": "t",
            "ssdistnr": -999.0,
            "ssnamenr": "null",
            "drb": null
        },
        {
            "jd": 2459898.8200347,
            "fid": 2,
            "diffmaglim": 19.968000411987305
        },
        {
            "jd": 2459900.7598843,
            "fid": 2,
            "diffmaglim": 19.5487003326416
        },
        {
            "jd": 2459900.7972106,
            "fid": 1,
            "diffmaglim": 19.504899978637695
        },
        {
            "jd": 2459902.8196528,
            "fid": 1,
            "diffmaglim": 20.01729965209961
        },
        {
            "jd": 2459902.8663657,
            "fid": 2,
            "diffmaglim": 19.919300079345703
        },
        {
            "jd": 2459904.7977894,
            "fid": 1,
            "diffmaglim": 20.120800018310547
        },
        {
            "jd": 2459904.8191898,
            "fid": 2,
            "diffmaglim": 20.058000564575195
        },
        {
            "jd": 2459906.7812963,
            "fid": 1,
            "diffmaglim": 20.283599853515625
        },
        {
            "jd": 2459906.8015162,
            "fid": 2,
            "diffmaglim": 20.31130027770996
        },
        {
            "jd": 2459909.7691667,
            "fid": 2,
            "diffmaglim": 20.26889991760254
        },
        {
            "jd": 2459909.7885301,
            "fid": 1,
            "diffmaglim": 20.395000457763672
        },
        {
            "jd": 2459913.762037,
            "fid": 2,
            "diffmaglim": 19.890899658203125
        },
        {
            "jd": 2459913.8443981,
            "fid": 1,
            "diffmaglim": 20.207500457763672
        },
        {
            "jd": 2459922.7568634,
            "fid": 1,
            "diffmaglim": 19.407699584960938
        },
        {
            "jd": 2459922.8306481,
            "fid": 2,
            "diffmaglim": 19.563199996948242
        },
        {
            "jd": 2459932.7690394,
            "fid": 1,
            "diffmaglim": 20.254499435424805
        },
        {
            "jd": 2459979.7451042,
            "fid": 1,
            "diffmaglim": 19.125099182128906
        },
        {
            "jd": 2459981.6616898,
            "fid": 1,
            "diffmaglim": 19.090900421142578
        },
        {
            "jd": 2460013.7689583,
            "fid": 1,
            "diffmaglim": 18.816200256347656
        },
        {
            "jd": 2460021.7047222,
            "fid": 1,
            "diffmaglim": 19.53700065612793
        }
    ],
    "forcedphot": []
}