{
    "objectId": "ZTF20aasvmbk",
    "candidates": [
        {
            "candid": 1157429382215015020,
            "jd": 2458911.9293866,
            "ra": 226.2111758,
            "dec": 24.4099519,
            "fid": 1,
            "nid": 1157,
            "magpsf": 20.547399520874023,
            "sigmapsf": 0.2470420002937317,
            "magnr": 19.47599983215332,
            "sigmagnr": 0.08299999684095383,
            "magzpsci": 26.2903995513916,
            "isdiffpos": "t",
            "ssdistnr": -999.0,
            "ssnamenr": "-999.0",
            "drb": null
        },
        {
            "candid": 1157496812215015010,
            "jd": 2458911.9968171,
            "ra": 226.211038,
            "dec": 24.4099878,
            "fid": 2,
            "nid": 1157,
            "magpsf": 20.46339988708496,
            "sigmapsf": 0.2432290017604828,
            "magnr": 19.54199981689453,
            "sigmagnr": 0.07100000232458115,
            "magzpsci": 26.30340003967285,
            "isdiffpos": "t",
            "ssdistnr": -999.0,
            "ssnamenr": "-999.0",
            "drb": null
        },
        {
            "candid": 1160481032215015014,
            "jd": 2458914.9810301,
            "ra": 226.2108515,
            "dec": 24.4099019,
            "fid": 1,
            "nid": 1160,
            "magpsf": 19.5177001953125,
            "sigmapsf": 0.16283200681209564,
            "magnr": 19.47599983215332,
            "sigmagnr": 0.08299999684095383,
            "magzpsci": 26.04669952392578,
            "isdiffpos": "t",
            "ssdistnr": -999.0,
            "ssnamenr": "null",
            "drb": 0.9999579787254333
        },
        {
            "candid": 1160506682215015024,
            "jd": 2458915.0066898,
            "ra": 226.210959,
            "dec": 24.4098834,
            "fid": 2,
            "nid": 1160,
            "magpsf": 19.576200485229492,
            "sigmapsf": 0.11594600230455399,
            "magnr": 19.54199981689453,
            "sigmagnr": 0.07100000232458115,
            "magzpsci": 26.36319923400879,
            "isdiffpos": "t",
            "ssdistnr": -999.0,
            "ssnamenr": "null",
            "drb": 0.9993399977684021
        },
        {
            "candid": 1182456522215015028,
            "jd": 2458936.9565278,
            "ra": 226.2109004,
            "dec": 24.4099006,
            "fid": 2,
            "nid": 1182,
            "magpsf": 18.86079978942871,
            "sigmapsf": 0.07854100316762924,
            "magnr": 19.54199981689453,
            "sigmagnr": 0.07100000232458115,
            "magzpsci": 26.309799194335938,
            "isdiffpos": "t",
            "ssdistnr": -999.0,
            "ssnamenr": "null",
            "drb": 0.9999480247497559
        },
        {
            "candid": 1182465612215015067,
            "jd": 2458936.9656134,
            "ra": 226.2109726,
            "dec": 24.4098835,
            "fid": 1,
            "nid": 1182,
            "magpsf": 19.45709991455078,
            "sigmapsf": 0.12602800130844116,
            "magnr": 19.47599983215332,
            "sigmagnr": 0.08299999684095383,
            "magzpsci": 26.317100524902344,
            "isdiffpos": "t",
            "ssdistnr": -999.0,
            "ssnamenr": "null",
            "drb": 0.9999269843101501
        },
        {
            "candid": 1185455932215015028,
            "jd": 2458939.9559375,
            "ra": 226.2109421,
            "dec": 24.4099044,
            "fid": 1,
            "nid": 1185,
            "magpsf": 19.36910057067871,
            "sigmapsf": 0.22304600477218628,
            "magnr": 19.47599983215332,
            "sigmagnr": 0.08299999684095383,
            "magzpsci": 25.12310028076172,
            "isdiffpos": "t",
            "ssdistnr": -999.0,
            "ssnamenr": "-999.0",
            "drb": null
        },
        {
            "candid": 1187422172215015043,
            "jd": 2458941.9221759,
            "ra": 226.2109541,
            "dec": 24.4098608,
            "fid": 2,
            "nid": 1187,
            "magpsf": 19.00040054321289,
            "sigmapsf": 0.09869399666786194,
            "magnr": 19.54199981689453,
            "sigmagnr": 0.07100000232458115,
            "magzpsci": 26.28339958190918,
            "isdiffpos": "t",
            "ssdistnr": -999.0,
            "ssnamenr": "null",
            "drb": 0.9999899864196777
        },
        {
            "candid": 1189421742215015005,
            "jd": 2458943.9217477,
            "ra": 226.2109049,
            "dec": 24.4098925,
            "fid": 1,
            "nid": 1189,
            "magpsf": 19.70789909362793,
            "sigmapsf": 0.18909700214862823,
            "magnr": 19.47599983215332,
            "sigmagnr": 0.08299999684095383,
            "magzpsci": 26.29290008544922,
            "isdiffpos": "t",
            "ssdistnr": -999.0,
            "ssnamenr": "null",
            "drb": 0.9999939799308777
        },
        {
            "candid": 1189464832215015010,
            "jd": 2458943.964838,
            "ra": 226.2108968,
            "dec": 24.4098884,
            "fid": 2,
            "nid": 1189,
            "magpsf": 18.98259925842285,
            "sigmapsf": 0.10699199885129929,
            "magnr": 19.54199981689453,
            "sigmagnr": 0.07100000232458115,
            "magzpsci": 26.289600372314453,
            "isdiffpos": "t",
            "ssdistnr": -999.0,
            "ssnamenr": "null",
            "drb": 1.0
        },
        {
            "candid": 1190402362215015003,
            "jd": 2458944.9023611,
            "ra": 226.2108934,
            "dec": 24.4099262,
            "fid": 2,
            "nid": 1190,
            "magpsf": 19.124300003051758,
            "sigmapsf": 0.12481799721717834,
            "magnr": 19.54199981689453,
            "sigmagnr": 0.07100000232458115,
            "magzpsci": 26.31730079650879,
            "isdiffpos": "t",
            "ssdistnr": -999.0,
            "ssnamenr": "null",
            "drb": 0.999970018863678
        },
        {
            "candid": 1200461732215015019,
            "jd": 2458954.9617361,
            "ra": 226.2109232,
            "dec": 24.4099194,
            "fid": 2,
            "nid": 1200,
            "magpsf": 19.702800750732422,
            "sigmapsf": 0.16635699570178986,
            "magnr": 19.54199981689453,
            "sigmagnr": 0.07100000232458115,
            "magzpsci": 26.291799545288086,
            "isdiffpos": "t",
            "ssdistnr": -999.0,
            "ssnamenr": "null",
            "drb": 0.9999330043792725
        },
        {
            "candid": 1201399172215015050,
            "jd": 2458955.8991782,
            "ra": 226.2112596,
            "dec": 24.4098312,
            "fid": 1,
            "nid": 1201,
            "magpsf": 20.824100494384766,
            "sigmapsf": 0.3071959912776947,
            "magnr": 19.47599983215332,
            "sigmagnr": 0.08299999684095383,
            "magzpsci": 26.318099975585938,
            "isdiffpos": "t",
            "ssdistnr": -999.0,
            "ssnamenr": "-999.0",
            "drb": null
        },
        {
            "candid": 1201421942215015026,
            "jd": 2458955.9219444,
            "ra": 226.2109776,
            "dec": 24.4098757,
            "fid": 2,
            "nid": 1201,
            "magpsf": 19.7539005279541,
            "sigmapsf": 0.1404460072517395,
            "magnr": 19.54199981689453,
            "sigmagnr": 0.07100000232458115,
            "magzpsci": 26.30590057373047,
            "isdiffpos": "t",
            "ssdistnr": -999.0,
            "ssnamenr": "null",
            "drb": 0.9999859929084778
        },
        {
            "candid": 1202320152215015020,
            "jd": 2458956.8201505,
            "ra": 226.2108876,
            "dec": 24.4099203,
            "fid": 2,
            "nid": 1202,
            "magpsf": 19.62420082092285,
            "sigmapsf": 0.1041800007224083,
            "magnr": 19.54199981689453,
            "sigmagnr": 0.07100000232458115,
            "magzpsci": 26.255199432373047,
            "isdiffpos": "t",
            "ssdistnr": -999.0,
            "ssnamenr": "null",
            "drb": 0.9999809861183167
        },
        {
            "candid": 1202377802215015060,
            "jd": 2458956.8778009,
            "ra": 226.2109831,
            "dec": 24.4099645,
            "fid": 1,
            "nid": 1202,
            "magpsf": 20.934499740600586,
            "sigmapsf": 0.2926659882068634,
            "magnr": 19.47599983215332,
            "sigmagnr": 0.08299999684095383,
            "magzpsci": 26.33449935913086,
            "isdiffpos": "t",
            "ssdistnr": -999.0,
            "ssnamenr": "-999.0",
            "drb": null
        },
        {
            "candid": 1207422822215015014,
            "jd": 2458961.9228241,
            "ra": 226.2109183,
            "dec": 24.4098819,
            "fid": 2,
            "nid": 1207,
            "magpsf": 20.039100646972656,
            "sigmapsf": 0.20291799306869507,
            "magnr": 19.54199981689453,
            "sigmagnr": 0.07100000232458115,
            "magzpsci": 26.26609992980957,
            "isdiffpos": "t",
            "ssdistnr": -999.0,
            "ssnamenr": "null",
            "drb": 0.9977650046348572
        },
        {
            "candid": 1208306272215015035,
            "jd": 2458962.8062731,
            "ra": 226.2109465,
            "dec": 24.409881,
            "fid": 2,
            "nid": 1208,
            "magpsf": 20.01449966430664,
            "sigmapsf": 0.15915000438690186,
            "magnr": 19.54199981689453,
            "sigmagnr": 0.07100000232458115,
            "magzpsci": 26.298500061035156,
            "isdiffpos": "t",
            "ssdistnr": -999.0,
            "ssnamenr": "null",
            "drb": 0.9997739791870117
        },
        {
            "candid": 1209294872215015019,
            "jd": 2458963.7948727,
            "ra": 226.2108887,
            "dec": 24.4098751,
            "fid": 1,
            "nid": 1209,
            "magpsf": 21.049999237060547,
            "sigmapsf": 0.3685239851474762,
            "magnr": 19.47599983215332,
            "sigmagnr": 0.08299999684095383,
            "magzpsci": 26.27199935913086,
            "isdiffpos": "t",
            "ssdistnr": -999.0,
            "ssnamenr": "-999.0",
            "drb": null
        },
        {
            "candid": 1210405872215015007,
            "jd": 2458964.9058796,
            "ra": 226.2108695,
            "dec": 24.4098968,
            "fid": 2,
            "nid": 1210,
            "magpsf": 20.066099166870117,
            "sigmapsf": 0.1487320065498352,
            "magnr": 19.54199981689453,
            "sigmagnr": 0.07100000232458115,
            "magzpsci": 26.3080997467041,
            "isdiffpos": "t",
            "ssdistnr": -999.0,
            "ssnamenr": "null",
            "drb": 0.9999899864196777
        },
        {
            "candid": 1211350622215015011,
            "jd": 2458965.850625,
            "ra": 226.2108489,
            "dec": 24.4099132,
            "fid": 2,
            "nid": 1211,
            "magpsf": 20.06329917907715,
            "sigmapsf": 0.17317500710487366,
            "magnr": 19.54199981689453,
            "sigmagnr": 0.07100000232458115,
            "magzpsci": 26.31329917907715,
            "isdiffpos": "t",
            "ssdistnr": -999.0,
            "ssnamenr": "null",
            "drb": 0.9996690154075623
        },
        {
            "candid": 1212372592215015012,
            "jd": 2458966.8725926,
            "ra": 226.2109076,
            "dec": 24.4098898,
            "fid": 2,
            "nid": 1212,
            "magpsf": 20.161699295043945,
            "sigmapsf": 0.19059400260448456,
            "magnr": 19.54199981689453,
            "sigmagnr": 0.07100000232458115,
            "magzpsci": 26.30970001220703,
            "isdiffpos": "t",
            "ssdistnr": -999.0,
            "ssnamenr": "null",
            "drb": 0.999567985534668
        },
        {
            "candid": 1212415972215015002,
            "jd": 2458966.9159722,
            "ra": 226.2107367,
            "dec": 24.4098746,
            "fid": 1,
            "nid": 1212,
            "magpsf": 20.91349983215332,
            "sigmapsf": 0.26982399821281433,
            "magnr": 19.47599983215332,
            "sigmagnr": 0.08299999684095383,
            "magzpsci": 26.297500610351562,
            "isdiffpos": "t",
            "ssdistnr": -999.0,
            "ssnamenr": "-999.0",
            "drb": null
        },
        {
            "candid": 1216397042215015028,
            "jd": 2458970.8970486,
            "ra": 226.2110143,
            "dec": 24.4098819,
            "fid": 2,
            "nid": 1216,
            "magpsf": 20.316299438476562,
            "sigmapsf": 0.2374339997768402,
            "magnr": 19.54199981689453,
            "sigmagnr": 0.07100000232458115,
            "magzpsci": 26.372299194335938,
            "isdiffpos": "t",
            "ssdistnr": -999.0,
            "ssnamenr": "-999.0",
            "drb": null
        },
        {
            "candid": 1217360752215015010,
            "jd": 2458971.8607523,
            "ra": 226.2109531,
            "dec": 24.4099559,
            "fid": 2,
            "nid": 1217,
            "magpsf": 20.158700942993164,
            "sigmapsf": 0.19389300048351288,
            "magnr": 19.54199981689453,
            "sigmagnr": 0.07100000232458115,
            "magzpsci": 26.356700897216797,
            "isdiffpos": "t",
            "ssdistnr": -999.0,
            "ssnamenr": "null",
            "drb": 0.9902070164680481
        },
        {
            "jd": 2458885.0576,
            "fid": 2,
            "diffmaglim": 20.15399932861328
        },
        {
            "jd": 2458887.962,
            "fid": 1,
            "diffmaglim": 19.5310001373291
        },
        {
            "jd": 2458888.03429,
            "fid": 2,
            "diffmaglim": 20.05699920654297
        },
        {
            "jd": 2458890.99883,
            "fid": 2,
            "diffmaglim": 19.069000244140625
        },
        {
            "jd": 2458891.04406,
            "fid": 1,
            "diffmaglim": 19.173999786376953
        },
        {
            "jd": 2458894.02388,
            "fid": 2,
            "diffmaglim": 20.270999908447266
        },
        {
            "jd": 2458898.94324,
            "fid": 1,
            "diffmaglim": 20.95800018310547
        },
        {
            "jd": 2458898.99848,
            "fid": 2,
            "diffmaglim": 20.719999313354492
        },
        {
            "jd": 2458903.95953,
            "fid": 2,
            "diffmaglim": 20.7189998626709
        },
        {
            "jd": 2458904.02413,
            "fid": 1,
            "diffmaglim": 20.916000366210938
        },
        {
            "jd": 2458907.02065,
            "fid": 2,
            "diffmaglim": 19.795000076293945
        },
        {
            "jd": 2458939.93395,
            "fid": 2,
            "diffmaglim": 18.82200050354004
        },
        {
            "jd": 2458941.97852,
            "fid": 1,
            "diffmaglim": 20.736000061035156
        },
        {
            "jd": 2458962.87501,
            "fid": 1,
            "diffmaglim": 20.833999633789062
        },
        {
            "jd": 2458964.85659,
            "fid": 1,
            "diffmaglim": 20.761999130249023
        },
        {
            "jd": 2458965.90227,
            "fid": 1,
            "diffmaglim": 20.763999938964844
        },
        {
            "jd": 2458967.77584,
            "fid": 1,
            "diffmaglim": 20.559999465942383
        },
        {
            "jd": 2458967.85249,
            "fid": 2,
            "diffmaglim": 20.764999389648438
        },
        {
            "jd": 2458968.79002,
            "fid": 1,
            "diffmaglim": 20.798999786376953
        },
        {
            "jd": 2458969.88278,
            "fid": 1,
            "diffmaglim": 19.45800018310547
        },
        {
            "jd": 2458970.81266,
            "fid": 1,
            "diffmaglim": 20.445999145507812
        }
    ],
    "forcedphot": []
}