{
    "objectId": "ZTF20abmdacd",
    "candidates": [
        {
            "candid": 1292440494015015007,
            "jd": 2459046.9404977,
            "ra": 7.9600134,
            "dec": -0.9925161,
            "fid": 2,
            "nid": 1292,
            "magpsf": 18.846900939941406,
            "sigmapsf": 0.07049699872732162,
            "magnr": 20.05299949645996,
            "sigmagnr": 0.12600000202655792,
            "magzpsci": 26.407899856567383,
            "isdiffpos": "t",
            "ssdistnr": -999.0,
            "ssnamenr": "null",
            "drb": 0.9999480247497559
        },
        {
            "candid": 1295419104015015007,
            "jd": 2459049.9191088,
            "ra": 7.9600226,
            "dec": -0.9925085,
            "fid": 2,
            "nid": 1295,
            "magpsf": 18.846599578857422,
            "sigmapsf": 0.071322001516819,
            "magnr": 20.05299949645996,
            "sigmagnr": 0.12600000202655792,
            "magzpsci": 26.395599365234375,
            "isdiffpos": "t",
            "ssdistnr": -999.0,
            "ssnamenr": "null",
            "drb": 1.0
        },
        {
            "candid": 1298459864015015005,
            "jd": 2459052.9598611,
            "ra": 7.9599884,
            "dec": -0.9925341,
            "fid": 1,
            "nid": 1298,
            "magpsf": 19.608999252319336,
            "sigmapsf": 0.12888100743293762,
            "magnr": 20.676000595092773,
            "sigmagnr": 0.125,
            "magzpsci": 26.375999450683594,
            "isdiffpos": "t",
            "ssdistnr": -999.0,
            "ssnamenr": "null",
            "drb": 0.999983012676239
        },
        {
            "candid": 1301418844015015005,
            "jd": 2459055.9188426,
            "ra": 7.9600576,
            "dec": -0.992537,
            "fid": 1,
            "nid": 1301,
            "magpsf": 19.503299713134766,
            "sigmapsf": 0.1479869931936264,
            "magnr": 20.676000595092773,
            "sigmagnr": 0.125,
            "magzpsci": 26.28730010986328,
            "isdiffpos": "t",
            "ssdistnr": -999.0,
            "ssnamenr": "null",
            "drb": 0.9999849796295166
        },
        {
            "candid": 1301460034015015007,
            "jd": 2459055.9600347,
            "ra": 7.960008,
            "dec": -0.9925373,
            "fid": 2,
            "nid": 1301,
            "magpsf": 18.980199813842773,
            "sigmapsf": 0.08354400098323822,
            "magnr": 20.05299949645996,
            "sigmagnr": 0.12600000202655792,
            "magzpsci": 26.401199340820312,
            "isdiffpos": "t",
            "ssdistnr": -999.0,
            "ssnamenr": "null",
            "drb": 0.9999979734420776
        },
        {
            "candid": 1306439604015015009,
            "jd": 2459060.9396065,
            "ra": 7.9599661,
            "dec": -0.9925464,
            "fid": 2,
            "nid": 1306,
            "magpsf": 18.987699508666992,
            "sigmapsf": 0.07939299941062927,
            "magnr": 20.05299949645996,
            "sigmagnr": 0.12600000202655792,
            "magzpsci": 26.40169906616211,
            "isdiffpos": "t",
            "ssdistnr": -999.0,
            "ssnamenr": "-999.0",
            "drb": null
        },
        {
            "candid": 1306460254015015004,
            "jd": 2459060.9602546,
            "ra": 7.9600083,
            "dec": -0.992537,
            "fid": 1,
            "nid": 1306,
            "magpsf": 19.59040069580078,
            "sigmapsf": 0.12709400057792664,
            "magnr": 20.676000595092773,
            "sigmagnr": 0.125,
            "magzpsci": 26.35740089416504,
            "isdiffpos": "t",
            "ssdistnr": -999.0,
            "ssnamenr": "null",
            "drb": 0.9999690055847168
        },
        {
            "candid": 1307384144015015002,
            "jd": 2459061.8841435,
            "ra": 7.9600343,
            "dec": -0.9925109,
            "fid": 2,
            "nid": 1307,
            "magpsf": 19.103099822998047,
            "sigmapsf": 0.0854720026254654,
            "magnr": 20.05299949645996,
            "sigmagnr": 0.12600000202655792,
            "magzpsci": 26.359100341796875,
            "isdiffpos": "t",
            "ssdistnr": -999.0,
            "ssnamenr": "null",
            "drb": 1.0
        },
        {
            "candid": 1309459074015015002,
            "jd": 2459063.9590741,
            "ra": 7.9600188,
            "dec": -0.9925746,
            "fid": 1,
            "nid": 1309,
            "magpsf": 19.649900436401367,
            "sigmapsf": 0.1891240030527115,
            "magnr": 20.676000595092773,
            "sigmagnr": 0.125,
            "magzpsci": 26.38089942932129,
            "isdiffpos": "t",
            "ssdistnr": -999.0,
            "ssnamenr": "null",
            "drb": 0.9999570250511169
        },
        {
            "candid": 1310407904015015003,
            "jd": 2459064.9079051,
            "ra": 7.960014,
            "dec": -0.9924706,
            "fid": 2,
            "nid": 1310,
            "magpsf": 19.15559959411621,
            "sigmapsf": 0.14776700735092163,
            "magnr": 20.05299949645996,
            "sigmagnr": 0.12600000202655792,
            "magzpsci": 26.37660026550293,
            "isdiffpos": "t",
            "ssdistnr": -999.0,
            "ssnamenr": "null",
            "drb": 0.9999459981918335
        },
        {
            "candid": 1312397834015015000,
            "jd": 2459066.8978356,
            "ra": 7.9600027,
            "dec": -0.9924435,
            "fid": 1,
            "nid": 1312,
            "magpsf": 19.653499603271484,
            "sigmapsf": 0.23922200500965118,
            "magnr": 20.676000595092773,
            "sigmagnr": 0.125,
            "magzpsci": 26.348499298095703,
            "isdiffpos": "t",
            "ssdistnr": -999.0,
            "ssnamenr": "-999.0",
            "drb": null
        },
        {
            "candid": 1312459724015015001,
            "jd": 2459066.9597222,
            "ra": 7.9600471,
            "dec": -0.9925157,
            "fid": 2,
            "nid": 1312,
            "magpsf": 19.153799057006836,
            "sigmapsf": 0.15227800607681274,
            "magnr": 20.05299949645996,
            "sigmagnr": 0.12600000202655792,
            "magzpsci": 26.405799865722656,
            "isdiffpos": "t",
            "ssdistnr": -999.0,
            "ssnamenr": "null",
            "drb": 0.9993699789047241
        },
        {
            "candid": 1318438254015015003,
            "jd": 2459072.9382523,
            "ra": 7.9600155,
            "dec": -0.9925132,
            "fid": 1,
            "nid": 1318,
            "magpsf": 19.926599502563477,
            "sigmapsf": 0.22275499999523163,
            "magnr": 20.676000595092773,
            "sigmagnr": 0.125,
            "magzpsci": 26.361600875854492,
            "isdiffpos": "t",
            "ssdistnr": -999.0,
            "ssnamenr": "-999.0",
            "drb": null
        },
        {
            "candid": 1318477614015015006,
            "jd": 2459072.9776157,
            "ra": 7.9600294,
            "dec": -0.9925187,
            "fid": 2,
            "nid": 1318,
            "magpsf": 19.22089958190918,
            "sigmapsf": 0.08504000306129456,
            "magnr": 20.05299949645996,
            "sigmagnr": 0.12600000202655792,
            "magzpsci": 26.416900634765625,
            "isdiffpos": "t",
            "ssdistnr": -999.0,
            "ssnamenr": "null",
            "drb": 0.9999470114707947
        },
        {
            "candid": 1321417554015015004,
            "jd": 2459075.9175579,
            "ra": 7.9600252,
            "dec": -0.9925932,
            "fid": 1,
            "nid": 1321,
            "magpsf": 19.714799880981445,
            "sigmapsf": 0.16018399596214294,
            "magnr": 20.676000595092773,
            "sigmagnr": 0.125,
            "magzpsci": 26.26580047607422,
            "isdiffpos": "t",
            "ssdistnr": 28.0,
            "ssnamenr": "14498",
            "drb": null
        },
        {
            "candid": 1321429174015015004,
            "jd": 2459075.9291782,
            "ra": 7.9600246,
            "dec": -0.9925399,
            "fid": 1,
            "nid": 1321,
            "magpsf": 19.724700927734375,
            "sigmapsf": 0.1576559990644455,
            "magnr": 20.676000595092773,
            "sigmagnr": 0.125,
            "magzpsci": 26.270700454711914,
            "isdiffpos": "t",
            "ssdistnr": -999.0,
            "ssnamenr": "null",
            "drb": 0.9999960064888
        },
        {
            "candid": 1321460404015015006,
            "jd": 2459075.9604051,
            "ra": 7.9600092,
            "dec": -0.9926183,
            "fid": 2,
            "nid": 1321,
            "magpsf": 19.327699661254883,
            "sigmapsf": 0.11203800141811371,
            "magnr": 20.05299949645996,
            "sigmagnr": 0.12600000202655792,
            "magzpsci": 26.321699142456055,
            "isdiffpos": "t",
            "ssdistnr": -999.0,
            "ssnamenr": "null",
            "drb": 0.9999790191650391
        },
        {
            "candid": 1322413294015015008,
            "jd": 2459076.9132986,
            "ra": 7.9600253,
            "dec": -0.9925225,
            "fid": 2,
            "nid": 1322,
            "magpsf": 19.354799270629883,
            "sigmapsf": 0.10064099729061127,
            "magnr": 20.05299949645996,
            "sigmagnr": 0.12600000202655792,
            "magzpsci": 26.34480094909668,
            "isdiffpos": "t",
            "ssdistnr": -999.0,
            "ssnamenr": "null",
            "drb": 1.0
        },
        {
            "candid": 1327418434015015005,
            "jd": 2459081.9184375,
            "ra": 7.9600225,
            "dec": -0.9925272,
            "fid": 2,
            "nid": 1327,
            "magpsf": 19.337499618530273,
            "sigmapsf": 0.08762200176715851,
            "magnr": 20.05299949645996,
            "sigmagnr": 0.12600000202655792,
            "magzpsci": 26.25149917602539,
            "isdiffpos": "t",
            "ssdistnr": -999.0,
            "ssnamenr": "null",
            "drb": 0.9999989867210388
        },
        {
            "candid": 1327461094015015002,
            "jd": 2459081.9610995,
            "ra": 7.9600152,
            "dec": -0.9925659,
            "fid": 1,
            "nid": 1327,
            "magpsf": 19.863800048828125,
            "sigmapsf": 0.19043900072574615,
            "magnr": 20.676000595092773,
            "sigmagnr": 0.125,
            "magzpsci": 26.078800201416016,
            "isdiffpos": "t",
            "ssdistnr": -999.0,
            "ssnamenr": "null",
            "drb": 0.9989680051803589
        },
        {
            "candid": 1328395314015015002,
            "jd": 2459082.8953125,
            "ra": 7.9600021,
            "dec": -0.9924908,
            "fid": 1,
            "nid": 1328,
            "magpsf": 20.34510040283203,
            "sigmapsf": 0.3125639855861664,
            "magnr": 20.676000595092773,
            "sigmagnr": 0.125,
            "magzpsci": 25.87310028076172,
            "isdiffpos": "t",
            "ssdistnr": -999.0,
            "ssnamenr": "-999.0",
            "drb": null
        },
        {
            "candid": 1330389824015015003,
            "jd": 2459084.8898264,
            "ra": 7.9600378,
            "dec": -0.9925377,
            "fid": 1,
            "nid": 1330,
            "magpsf": 19.95050048828125,
            "sigmapsf": 0.17617100477218628,
            "magnr": 20.676000595092773,
            "sigmagnr": 0.125,
            "magzpsci": 26.236499786376953,
            "isdiffpos": "t",
            "ssdistnr": -999.0,
            "ssnamenr": "null",
            "drb": 0.9999899864196777
        },
        {
            "candid": 1331395214015015007,
            "jd": 2459085.8952199,
            "ra": 7.9600254,
            "dec": -0.992542,
            "fid": 1,
            "nid": 1331,
            "magpsf": 19.897499084472656,
            "sigmapsf": 0.1335120052099228,
            "magnr": 20.676000595092773,
            "sigmagnr": 0.125,
            "magzpsci": 26.260499954223633,
            "isdiffpos": "t",
            "ssdistnr": -999.0,
            "ssnamenr": "null",
            "drb": 0.9999780058860779
        },
        {
            "candid": 1332381444015015005,
            "jd": 2459086.8814468,
            "ra": 7.9600117,
            "dec": -0.9925275,
            "fid": 2,
            "nid": 1332,
            "magpsf": 19.385000228881836,
            "sigmapsf": 0.08094800263643265,
            "magnr": 20.05299949645996,
            "sigmagnr": 0.12600000202655792,
            "magzpsci": 26.336000442504883,
            "isdiffpos": "t",
            "ssdistnr": -999.0,
            "ssnamenr": "-999.0",
            "drb": null
        },
        {
            "candid": 1332396814015015006,
            "jd": 2459086.8968171,
            "ra": 7.9600535,
            "dec": -0.9925485,
            "fid": 2,
            "nid": 1332,
            "magpsf": 19.503700256347656,
            "sigmapsf": 0.08922900259494781,
            "magnr": 20.05299949645996,
            "sigmagnr": 0.12600000202655792,
            "magzpsci": 26.351699829101562,
            "isdiffpos": "t",
            "ssdistnr": -999.0,
            "ssnamenr": "null",
            "drb": 0.9998610019683838
        },
        {
            "candid": 1332460764015015006,
            "jd": 2459086.9607639,
            "ra": 7.9599864,
            "dec": -0.9925845,
            "fid": 1,
            "nid": 1332,
            "magpsf": 20.008800506591797,
            "sigmapsf": 0.16950799524784088,
            "magnr": 20.676000595092773,
            "sigmagnr": 0.125,
            "magzpsci": 26.19179916381836,
            "isdiffpos": "t",
            "ssdistnr": -999.0,
            "ssnamenr": "null",
            "drb": 0.999779999256134
        },
        {
            "candid": 1333382614015015008,
            "jd": 2459087.8826157,
            "ra": 7.9600384,
            "dec": -0.9924834,
            "fid": 2,
            "nid": 1333,
            "magpsf": 19.452299118041992,
            "sigmapsf": 0.10123000293970108,
            "magnr": 20.05299949645996,
            "sigmagnr": 0.12600000202655792,
            "magzpsci": 26.25429916381836,
            "isdiffpos": "t",
            "ssdistnr": -999.0,
            "ssnamenr": "null",
            "drb": 0.9998080134391785
        },
        {
            "candid": 1335362844015015007,
            "jd": 2459089.8628472,
            "ra": 7.96004,
            "dec": -0.9925291,
            "fid": 1,
            "nid": 1335,
            "magpsf": 20.01140022277832,
            "sigmapsf": 0.23173299431800842,
            "magnr": 20.676000595092773,
            "sigmagnr": 0.125,
            "magzpsci": 26.177400588989258,
            "isdiffpos": "t",
            "ssdistnr": -999.0,
            "ssnamenr": "-999.0",
            "drb": null
        },
        {
            "candid": 1335415204015015006,
            "jd": 2459089.9152083,
            "ra": 7.960047,
            "dec": -0.9924936,
            "fid": 1,
            "nid": 1335,
            "magpsf": 19.92889976501465,
            "sigmapsf": 0.15426799654960632,
            "magnr": 20.676000595092773,
            "sigmagnr": 0.125,
            "magzpsci": 26.213899612426758,
            "isdiffpos": "t",
            "ssdistnr": -999.0,
            "ssnamenr": "null",
            "drb": 0.9999979734420776
        },
        {
            "candid": 1336362894015015004,
            "jd": 2459090.8628935,
            "ra": 7.9601213,
            "dec": -0.9925285,
            "fid": 1,
            "nid": 1336,
            "magpsf": 19.954700469970703,
            "sigmapsf": 0.24471299350261688,
            "magnr": 20.676000595092773,
            "sigmagnr": 0.125,
            "magzpsci": 26.24570083618164,
            "isdiffpos": "t",
            "ssdistnr": -999.0,
            "ssnamenr": "-999.0",
            "drb": null
        },
        {
            "candid": 1337368714015015001,
            "jd": 2459091.8687153,
            "ra": 7.9600542,
            "dec": -0.9926419,
            "fid": 1,
            "nid": 1337,
            "magpsf": 20.100000381469727,
            "sigmapsf": 0.2846350073814392,
            "magnr": 20.676000595092773,
            "sigmagnr": 0.125,
            "magzpsci": 26.391000747680664,
            "isdiffpos": "t",
            "ssdistnr": -999.0,
            "ssnamenr": "-999.0",
            "drb": null
        },
        {
            "candid": 1338389404015015000,
            "jd": 2459092.8894097,
            "ra": 7.959971,
            "dec": -0.9925592,
            "fid": 1,
            "nid": 1338,
            "magpsf": 19.71619987487793,
            "sigmapsf": 0.2377530038356781,
            "magnr": 20.676000595092773,
            "sigmagnr": 0.125,
            "magzpsci": 26.338199615478516,
            "isdiffpos": "t",
            "ssdistnr": -999.0,
            "ssnamenr": "-999.0",
            "drb": null
        },
        {
            "candid": 1344376894015015004,
            "jd": 2459098.8768981,
            "ra": 7.9600487,
            "dec": -0.9924863,
            "fid": 2,
            "nid": 1344,
            "magpsf": 19.51919937133789,
            "sigmapsf": 0.2199230045080185,
            "magnr": 20.05299949645996,
            "sigmagnr": 0.12600000202655792,
            "magzpsci": 26.3612003326416,
            "isdiffpos": "t",
            "ssdistnr": -999.0,
            "ssnamenr": "-999.0",
            "drb": null
        },
        {
            "candid": 1350395254015015003,
            "jd": 2459104.8952546,
            "ra": 7.960054,
            "dec": -0.9924828,
            "fid": 2,
            "nid": 1350,
            "magpsf": 19.559099197387695,
            "sigmapsf": 0.19356299936771393,
            "magnr": 20.05299949645996,
            "sigmagnr": 0.12600000202655792,
            "magzpsci": 25.762100219726562,
            "isdiffpos": "t",
            "ssdistnr": -999.0,
            "ssnamenr": "null",
            "drb": 0.9989839792251587
        },
        {
            "candid": 1353310164015015002,
            "jd": 2459107.810162,
            "ra": 7.9600214,
            "dec": -0.9925114,
            "fid": 2,
            "nid": 1353,
            "magpsf": 19.723899841308594,
            "sigmapsf": 0.17184500396251678,
            "magnr": 20.05299949645996,
            "sigmagnr": 0.12600000202655792,
            "magzpsci": 25.93790054321289,
            "isdiffpos": "t",
            "ssdistnr": -999.0,
            "ssnamenr": "null",
            "drb": 0.9999960064888
        },
        {
            "candid": 1353346434015015003,
            "jd": 2459107.8464352,
            "ra": 7.9599881,
            "dec": -0.9924402,
            "fid": 1,
            "nid": 1353,
            "magpsf": 20.297000885009766,
            "sigmapsf": 0.3012630045413971,
            "magnr": 20.676000595092773,
            "sigmagnr": 0.125,
            "magzpsci": 25.82900047302246,
            "isdiffpos": "t",
            "ssdistnr": -999.0,
            "ssnamenr": "-999.0",
            "drb": null
        },
        {
            "candid": 1356336234015015003,
            "jd": 2459110.8362384,
            "ra": 7.9600931,
            "dec": -0.9925361,
            "fid": 1,
            "nid": 1356,
            "magpsf": 20.34079933166504,
            "sigmapsf": 0.25792399048805237,
            "magnr": 20.676000595092773,
            "sigmagnr": 0.125,
            "magzpsci": 25.983800888061523,
            "isdiffpos": "t",
            "ssdistnr": -999.0,
            "ssnamenr": "-999.0",
            "drb": null
        },
        {
            "candid": 1356362124015015003,
            "jd": 2459110.8621296,
            "ra": 7.9600521,
            "dec": -0.9925511,
            "fid": 2,
            "nid": 1356,
            "magpsf": 20.027999877929688,
            "sigmapsf": 0.17435100674629211,
            "magnr": 20.05299949645996,
            "sigmagnr": 0.12600000202655792,
            "magzpsci": 26.184999465942383,
            "isdiffpos": "t",
            "ssdistnr": -999.0,
            "ssnamenr": "null",
            "drb": 0.9973610043525696
        },
        {
            "candid": 1359315134015015010,
            "jd": 2459113.8151389,
            "ra": 7.9599977,
            "dec": -0.992565,
            "fid": 2,
            "nid": 1359,
            "magpsf": 19.85740089416504,
            "sigmapsf": 0.123649001121521,
            "magnr": 20.05299949645996,
            "sigmagnr": 0.12600000202655792,
            "magzpsci": 26.304399490356445,
            "isdiffpos": "t",
            "ssdistnr": -999.0,
            "ssnamenr": "null",
            "drb": 0.9999449849128723
        },
        {
            "candid": 1359348724015015007,
            "jd": 2459113.8487269,
            "ra": 7.9600303,
            "dec": -0.9926066,
            "fid": 2,
            "nid": 1359,
            "magpsf": 19.81719970703125,
            "sigmapsf": 0.12756000459194183,
            "magnr": 20.05299949645996,
            "sigmagnr": 0.12600000202655792,
            "magzpsci": 26.329200744628906,
            "isdiffpos": "t",
            "ssdistnr": -999.0,
            "ssnamenr": "-999.0",
            "drb": null
        },
        {
            "candid": 1359357704015015007,
            "jd": 2459113.8577083,
            "ra": 7.9600762,
            "dec": -0.9925209,
            "fid": 1,
            "nid": 1359,
            "magpsf": 20.23430061340332,
            "sigmapsf": 0.20712900161743164,
            "magnr": 20.676000595092773,
            "sigmagnr": 0.125,
            "magzpsci": 26.2322998046875,
            "isdiffpos": "t",
            "ssdistnr": -999.0,
            "ssnamenr": "null",
            "drb": 0.9999920129776001
        },
        {
            "candid": 1360308184015015008,
            "jd": 2459114.8081829,
            "ra": 7.9600376,
            "dec": -0.9924979,
            "fid": 2,
            "nid": 1360,
            "magpsf": 19.806100845336914,
            "sigmapsf": 0.11610600352287292,
            "magnr": 20.05299949645996,
            "sigmagnr": 0.12600000202655792,
            "magzpsci": 26.304100036621094,
            "isdiffpos": "t",
            "ssdistnr": -999.0,
            "ssnamenr": "null",
            "drb": 0.9999989867210388
        },
        {
            "candid": 1360336364015015010,
            "jd": 2459114.8363657,
            "ra": 7.9599952,
            "dec": -0.9925524,
            "fid": 1,
            "nid": 1360,
            "magpsf": 20.34510040283203,
            "sigmapsf": 0.2229740023612976,
            "magnr": 20.676000595092773,
            "sigmagnr": 0.125,
            "magzpsci": 26.2460994720459,
            "isdiffpos": "t",
            "ssdistnr": -999.0,
            "ssnamenr": "-999.0",
            "drb": null
        },
        {
            "candid": 1361314644015015008,
            "jd": 2459115.8146412,
            "ra": 7.9600175,
            "dec": -0.992565,
            "fid": 2,
            "nid": 1361,
            "magpsf": 19.813800811767578,
            "sigmapsf": 0.13710500299930573,
            "magnr": 20.05299949645996,
            "sigmagnr": 0.12600000202655792,
            "magzpsci": 26.37579917907715,
            "isdiffpos": "t",
            "ssdistnr": -999.0,
            "ssnamenr": "null",
            "drb": 0.9988809823989868
        },
        {
            "candid": 1361352584015015006,
            "jd": 2459115.852581,
            "ra": 7.9600412,
            "dec": -0.9925342,
            "fid": 2,
            "nid": 1361,
            "magpsf": 19.912399291992188,
            "sigmapsf": 0.11595699936151505,
            "magnr": 20.05299949645996,
            "sigmagnr": 0.12600000202655792,
            "magzpsci": 26.37540054321289,
            "isdiffpos": "t",
            "ssdistnr": -999.0,
            "ssnamenr": "null",
            "drb": 0.9997280240058899
        },
        {
            "candid": 1361423984015015005,
            "jd": 2459115.9239815,
            "ra": 7.960104,
            "dec": -0.9925801,
            "fid": 1,
            "nid": 1361,
            "magpsf": 20.405799865722656,
            "sigmapsf": 0.2446880042552948,
            "magnr": 20.676000595092773,
            "sigmagnr": 0.125,
            "magzpsci": 26.238800048828125,
            "isdiffpos": "t",
            "ssdistnr": -999.0,
            "ssnamenr": "-999.0",
            "drb": null
        },
        {
            "candid": 1363301704015015006,
            "jd": 2459117.8017014,
            "ra": 7.9600714,
            "dec": -0.9925638,
            "fid": 1,
            "nid": 1363,
            "magpsf": 20.231000900268555,
            "sigmapsf": 0.19268600642681122,
            "magnr": 20.676000595092773,
            "sigmagnr": 0.125,
            "magzpsci": 26.341999053955078,
            "isdiffpos": "t",
            "ssdistnr": -999.0,
            "ssnamenr": "null",
            "drb": 0.9999790191650391
        },
        {
            "candid": 1363351874015015010,
            "jd": 2459117.851875,
            "ra": 7.960011,
            "dec": -0.9925257,
            "fid": 2,
            "nid": 1363,
            "magpsf": 19.835500717163086,
            "sigmapsf": 0.12738099694252014,
            "magnr": 20.05299949645996,
            "sigmagnr": 0.12600000202655792,
            "magzpsci": 26.38949966430664,
            "isdiffpos": "t",
            "ssdistnr": -999.0,
            "ssnamenr": "null",
            "drb": 0.9999949932098389
        },
        {
            "candid": 1364288444015015006,
            "jd": 2459118.7884491,
            "ra": 7.9600003,
            "dec": -0.9925135,
            "fid": 2,
            "nid": 1364,
            "magpsf": 19.96769905090332,
            "sigmapsf": 0.14522899687290192,
            "magnr": 20.05299949645996,
            "sigmagnr": 0.12600000202655792,
            "magzpsci": 26.413700103759766,
            "isdiffpos": "t",
            "ssdistnr": -999.0,
            "ssnamenr": "null",
            "drb": 0.9997730255126953
        },
        {
            "candid": 1364327914015015008,
            "jd": 2459118.8279167,
            "ra": 7.9600204,
            "dec": -0.9925374,
            "fid": 2,
            "nid": 1364,
            "magpsf": 19.943899154663086,
            "sigmapsf": 0.15674899518489838,
            "magnr": 20.05299949645996,
            "sigmagnr": 0.12600000202655792,
            "magzpsci": 26.403900146484375,
            "isdiffpos": "t",
            "ssdistnr": -999.0,
            "ssnamenr": "null",
            "drb": 0.9999759793281555
        },
        {
            "candid": 1365380784015015006,
            "jd": 2459119.880787,
            "ra": 7.960054,
            "dec": -0.992521,
            "fid": 2,
            "nid": 1365,
            "magpsf": 19.91790008544922,
            "sigmapsf": 0.14831100404262543,
            "magnr": 20.05299949645996,
            "sigmagnr": 0.12600000202655792,
            "magzpsci": 26.399900436401367,
            "isdiffpos": "t",
            "ssdistnr": -999.0,
            "ssnamenr": "null",
            "drb": 0.9998819828033447
        },
        {
            "candid": 1366455394015015002,
            "jd": 2459120.9553935,
            "ra": 7.9600822,
            "dec": -0.9925556,
            "fid": 1,
            "nid": 1366,
            "magpsf": 20.33919906616211,
            "sigmapsf": 0.2559179961681366,
            "magnr": 20.676000595092773,
            "sigmagnr": 0.125,
            "magzpsci": 26.22719955444336,
            "isdiffpos": "t",
            "ssdistnr": -999.0,
            "ssnamenr": "-999.0",
            "drb": null
        },
        {
            "candid": 1374256344015015009,
            "jd": 2459128.7563426,
            "ra": 7.9600091,
            "dec": -0.9925517,
            "fid": 2,
            "nid": 1374,
            "magpsf": 19.939599990844727,
            "sigmapsf": 0.20909500122070312,
            "magnr": 20.05299949645996,
            "sigmagnr": 0.12600000202655792,
            "magzpsci": 26.324600219726562,
            "isdiffpos": "t",
            "ssdistnr": -999.0,
            "ssnamenr": "null",
            "drb": 0.9996799826622009
        },
        {
            "candid": 1376274544015015009,
            "jd": 2459130.7745486,
            "ra": 7.9600207,
            "dec": -0.9925707,
            "fid": 2,
            "nid": 1376,
            "magpsf": 20.26180076599121,
            "sigmapsf": 0.18157599866390228,
            "magnr": 20.05299949645996,
            "sigmagnr": 0.12600000202655792,
            "magzpsci": 26.413799285888672,
            "isdiffpos": "t",
            "ssdistnr": -999.0,
            "ssnamenr": "-999.0",
            "drb": null
        },
        {
            "candid": 1380311464015015005,
            "jd": 2459134.8114699,
            "ra": 7.9600997,
            "dec": -0.9925034,
            "fid": 2,
            "nid": 1380,
            "magpsf": 20.0762996673584,
            "sigmapsf": 0.18777599930763245,
            "magnr": 20.05299949645996,
            "sigmagnr": 0.12600000202655792,
            "magzpsci": 26.376300811767578,
            "isdiffpos": "t",
            "ssdistnr": -999.0,
            "ssnamenr": "null",
            "drb": 0.9999880194664001
        },
        {
            "candid": 1382295864015015006,
            "jd": 2459136.7958681,
            "ra": 7.9600495,
            "dec": -0.9925246,
            "fid": 2,
            "nid": 1382,
            "magpsf": 20.042499542236328,
            "sigmapsf": 0.15757699310779572,
            "magnr": 20.05299949645996,
            "sigmagnr": 0.12600000202655792,
            "magzpsci": 26.401500701904297,
            "isdiffpos": "t",
            "ssdistnr": -999.0,
            "ssnamenr": "null",
            "drb": 0.999983012676239
        },
        {
            "candid": 1382345354015015008,
            "jd": 2459136.8453588,
            "ra": 7.960018,
            "dec": -0.9925687,
            "fid": 1,
            "nid": 1382,
            "magpsf": 20.647199630737305,
            "sigmapsf": 0.2956010103225708,
            "magnr": 20.676000595092773,
            "sigmagnr": 0.125,
            "magzpsci": 26.350200653076172,
            "isdiffpos": "t",
            "ssdistnr": -999.0,
            "ssnamenr": "-999.0",
            "drb": null
        },
        {
            "candid": 1384258584015015005,
            "jd": 2459138.758588,
            "ra": 7.9601436,
            "dec": -0.9925372,
            "fid": 1,
            "nid": 1384,
            "magpsf": 20.472999572753906,
            "sigmapsf": 0.3249340057373047,
            "magnr": 20.676000595092773,
            "sigmagnr": 0.125,
            "magzpsci": 26.222000122070312,
            "isdiffpos": "t",
            "ssdistnr": -999.0,
            "ssnamenr": "-999.0",
            "drb": null
        },
        {
            "candid": 1384302214015015006,
            "jd": 2459138.8022106,
            "ra": 7.9600476,
            "dec": -0.9925543,
            "fid": 2,
            "nid": 1384,
            "magpsf": 20.247299194335938,
            "sigmapsf": 0.16492600739002228,
            "magnr": 20.05299949645996,
            "sigmagnr": 0.12600000202655792,
            "magzpsci": 26.3572998046875,
            "isdiffpos": "t",
            "ssdistnr": -999.0,
            "ssnamenr": "null",
            "drb": 0.9992579817771912
        },
        {
            "candid": 1386291644015015004,
            "jd": 2459140.7916435,
            "ra": 7.9600727,
            "dec": -0.9924391,
            "fid": 1,
            "nid": 1386,
            "magpsf": 20.889799118041992,
            "sigmapsf": 0.2666670083999634,
            "magnr": 20.676000595092773,
            "sigmagnr": 0.125,
            "magzpsci": 26.321800231933594,
            "isdiffpos": "t",
            "ssdistnr": -999.0,
            "ssnamenr": "-999.0",
            "drb": null
        },
        {
            "candid": 1390231304015015006,
            "jd": 2459144.7313079,
            "ra": 7.9600654,
            "dec": -0.9925289,
            "fid": 2,
            "nid": 1390,
            "magpsf": 20.479999542236328,
            "sigmapsf": 0.1838109940290451,
            "magnr": 20.05299949645996,
            "sigmagnr": 0.12600000202655792,
            "magzpsci": 26.327999114990234,
            "isdiffpos": "t",
            "ssdistnr": -999.0,
            "ssnamenr": "null",
            "drb": 0.9999420046806335
        },
        {
            "candid": 1390318194015015009,
            "jd": 2459144.8181944,
            "ra": 7.960002,
            "dec": -0.9924623,
            "fid": 1,
            "nid": 1390,
            "magpsf": 20.72559928894043,
            "sigmapsf": 0.24299800395965576,
            "magnr": 20.676000595092773,
            "sigmagnr": 0.125,
            "magzpsci": 26.27560043334961,
            "isdiffpos": "t",
            "ssdistnr": -999.0,
            "ssnamenr": "-999.0",
            "drb": null
        },
        {
            "candid": 1404227514015015002,
            "jd": 2459158.7275116,
            "ra": 7.9599161,
            "dec": -0.9925249,
            "fid": 2,
            "nid": 1404,
            "magpsf": 20.35300064086914,
            "sigmapsf": 0.2956939935684204,
            "magnr": 20.05299949645996,
            "sigmagnr": 0.12600000202655792,
            "magzpsci": 26.42300033569336,
            "isdiffpos": "t",
            "ssdistnr": -999.0,
            "ssnamenr": "-999.0",
            "drb": null
        },
        {
            "candid": 1413228564015015006,
            "jd": 2459167.7285648,
            "ra": 7.9601344,
            "dec": -0.9925618,
            "fid": 2,
            "nid": 1413,
            "magpsf": 20.437700271606445,
            "sigmapsf": 0.2102459967136383,
            "magnr": 20.05299949645996,
            "sigmagnr": 0.12600000202655792,
            "magzpsci": 26.439699172973633,
            "isdiffpos": "t",
            "ssdistnr": -999.0,
            "ssnamenr": "null",
            "drb": 0.9965239763259888
        },
        {
            "jd": 2459036.98034,
            "fid": 1,
            "diffmaglim": 19.243000030517578
        },
        {
            "jd": 2459078.91773,
            "fid": 1,
            "diffmaglim": 18.506000518798828
        },
        {
            "jd": 2459080.93681,
            "fid": 1,
            "diffmaglim": 20.44099998474121
        },
        {
            "jd": 2459116.83559,
            "fid": 2,
            "diffmaglim": 20.582000732421875
        },
        {
            "jd": 2459116.91497,
            "fid": 2,
            "diffmaglim": 20.492000579833984
        },
        {
            "jd": 2459146.77448,
            "fid": 2,
            "diffmaglim": 19.20800018310547
        },
        {
            "jd": 2459149.71066,
            "fid": 2,
            "diffmaglim": 18.677000045776367
        },
        {
            "jd": 2459149.76101,
            "fid": 1,
            "diffmaglim": 18.92099952697754
        },
        {
            "jd": 2459153.71091,
            "fid": 1,
            "diffmaglim": 19.02899932861328
        },
        {
            "jd": 2459153.82742,
            "fid": 2,
            "diffmaglim": 19.1560001373291
        },
        {
            "jd": 2459155.74927,
            "fid": 2,
            "diffmaglim": 19.905000686645508
        },
        {
            "jd": 2459155.80972,
            "fid": 1,
            "diffmaglim": 19.481000900268555
        },
        {
            "jd": 2459156.71808,
            "fid": 1,
            "diffmaglim": 19.698999404907227
        },
        {
            "jd": 2459158.695,
            "fid": 1,
            "diffmaglim": 19.957000732421875
        },
        {
            "jd": 2459164.73174,
            "fid": 1,
            "diffmaglim": 20.023000717163086
        },
        {
            "jd": 2459164.77953,
            "fid": 2,
            "diffmaglim": 19.91900062561035
        }
    ],
    "forcedphot": []
}