{
    "objectId": "ZTF22aaanmsr",
    "candidates": [
        {
            "candid": 1869296860115015003,
            "jd": 2459623.7968634,
            "ra": 148.3959448,
            "dec": -12.4866066,
            "fid": 1,
            "nid": 1869,
            "magpsf": 20.082199096679688,
            "sigmapsf": 0.3902930021286011,
            "magnr": 20.038000106811523,
            "sigmagnr": 0.08299999684095383,
            "magzpsci": 26.26919937133789,
            "isdiffpos": "t",
            "ssdistnr": null,
            "ssnamenr": null,
            "drb": null
        },
        {
            "candid": 1869337040115015001,
            "jd": 2459623.8370486,
            "ra": 148.3960175,
            "dec": -12.4864588,
            "fid": 2,
            "nid": 1869,
            "magpsf": 19.4325008392334,
            "sigmapsf": 0.16801400482654572,
            "magnr": 19.05699920654297,
            "sigmagnr": 0.12200000137090683,
            "magzpsci": 26.252500534057617,
            "isdiffpos": "t",
            "ssdistnr": null,
            "ssnamenr": null,
            "drb": null
        },
        {
            "candid": 1871255040115015003,
            "jd": 2459625.7550463,
            "ra": 148.3960848,
            "dec": -12.4865659,
            "fid": 2,
            "nid": 1871,
            "magpsf": 19.065200805664062,
            "sigmapsf": 0.19130100309848785,
            "magnr": 19.35099983215332,
            "sigmagnr": 0.1120000034570694,
            "magzpsci": 26.222200393676758,
            "isdiffpos": "t",
            "ssdistnr": null,
            "ssnamenr": null,
            "drb": null
        },
        {
            "candid": 1882319660115015012,
            "jd": 2459636.8196644,
            "ra": 148.3960694,
            "dec": -12.4864837,
            "fid": 2,
            "nid": 1882,
            "magpsf": 18.94969940185547,
            "sigmapsf": 0.11643300205469131,
            "magnr": 19.05699920654297,
            "sigmagnr": 0.12200000137090683,
            "magzpsci": 26.209699630737305,
            "isdiffpos": "t",
            "ssdistnr": null,
            "ssnamenr": null,
            "drb": null
        },
        {
            "candid": 1884319400115015016,
            "jd": 2459638.8194097,
            "ra": 148.3958083,
            "dec": -12.4865853,
            "fid": 2,
            "nid": 1884,
            "magpsf": 19.374000549316406,
            "sigmapsf": 0.27204400300979614,
            "magnr": 19.35099983215332,
            "sigmagnr": 0.1120000034570694,
            "magzpsci": 25.6299991607666,
            "isdiffpos": "t",
            "ssdistnr": null,
            "ssnamenr": null,
            "drb": null
        },
        {
            "candid": 1886294650115015012,
            "jd": 2459640.7946528,
            "ra": 148.395758,
            "dec": -12.4863347,
            "fid": 1,
            "nid": 1886,
            "magpsf": 20.351600646972656,
            "sigmapsf": 0.2940950095653534,
            "magnr": 19.70199966430664,
            "sigmagnr": 0.08900000154972076,
            "magzpsci": 26.28059959411621,
            "isdiffpos": "t",
            "ssdistnr": null,
            "ssnamenr": null,
            "drb": null
        },
        {
            "candid": 1886329650115015004,
            "jd": 2459640.8296528,
            "ra": 148.3960841,
            "dec": -12.4864668,
            "fid": 2,
            "nid": 1886,
            "magpsf": 19.351119995117188,
            "sigmapsf": 0.15652699768543243,
            "magnr": 19.05699920654297,
            "sigmagnr": 0.12200000137090683,
            "magzpsci": 26.289119720458984,
            "isdiffpos": "t",
            "ssdistnr": -999.0,
            "ssnamenr": "null",
            "drb": null
        },
        {
            "jd": 2459625.731331,
            "fid": 1,
            "diffmaglim": 18.805099487304688
        },
        {
            "jd": 2459628.7082639,
            "fid": 1,
            "diffmaglim": 18.916799545288086
        },
        {
            "jd": 2459638.855463,
            "fid": 1,
            "diffmaglim": 18.123600006103516
        }
    ],
    "forcedphot": []
}