{
    "objectId": "ZTF20abrcnbr",
    "candidates": [
        {
            "candid": 1317479870915015024,
            "jd": 2459071.9798727,
            "ra": 0.0224542,
            "dec": -5.2107475,
            "fid": 1,
            "nid": 1317,
            "magpsf": 18.686899185180664,
            "sigmapsf": 0.08243100345134735,
            "magnr": 19.16900062561035,
            "sigmagnr": 0.11999999731779099,
            "magzpsci": 26.342899322509766,
            "isdiffpos": "t",
            "ssdistnr": -999.0,
            "ssnamenr": "null",
            "drb": 0.9999989867210388
        },
        {
            "candid": 1319397470915015022,
            "jd": 2459073.8974769,
            "ra": 0.0224536,
            "dec": -5.2107345,
            "fid": 1,
            "nid": 1319,
            "magpsf": 18.7367000579834,
            "sigmapsf": 0.07707499712705612,
            "magnr": 19.16900062561035,
            "sigmagnr": 0.11999999731779099,
            "magzpsci": 26.310699462890625,
            "isdiffpos": "t",
            "ssdistnr": -999.0,
            "ssnamenr": "null",
            "drb": 0.9999989867210388
        },
        {
            "candid": 1319409120915015014,
            "jd": 2459073.9091204,
            "ra": 0.0224719,
            "dec": -5.2107543,
            "fid": 1,
            "nid": 1319,
            "magpsf": 18.79400062561035,
            "sigmapsf": 0.07298900187015533,
            "magnr": 19.16900062561035,
            "sigmagnr": 0.11999999731779099,
            "magzpsci": 26.333999633789062,
            "isdiffpos": "t",
            "ssdistnr": -999.0,
            "ssnamenr": "null",
            "drb": 1.0
        },
        {
            "candid": 1319458460915015025,
            "jd": 2459073.9584606,
            "ra": 0.0224646,
            "dec": -5.2107151,
            "fid": 2,
            "nid": 1319,
            "magpsf": 18.70319938659668,
            "sigmapsf": 0.07594099640846252,
            "magnr": 18.625,
            "sigmagnr": 0.12999999523162842,
            "magzpsci": 26.204200744628906,
            "isdiffpos": "t",
            "ssdistnr": -999.0,
            "ssnamenr": "null",
            "drb": 1.0
        },
        {
            "candid": 1321407970915015041,
            "jd": 2459075.9079745,
            "ra": 0.0224818,
            "dec": -5.210751,
            "fid": 1,
            "nid": 1321,
            "magpsf": 19.11840057373047,
            "sigmapsf": 0.09654399752616882,
            "magnr": 19.16900062561035,
            "sigmagnr": 0.11999999731779099,
            "magzpsci": 26.236400604248047,
            "isdiffpos": "t",
            "ssdistnr": -999.0,
            "ssnamenr": "null",
            "drb": 1.0
        },
        {
            "candid": 1322412830915015024,
            "jd": 2459076.9128356,
            "ra": 0.0224829,
            "dec": -5.2107194,
            "fid": 2,
            "nid": 1322,
            "magpsf": 19.20840072631836,
            "sigmapsf": 0.10275600105524063,
            "magnr": 18.625,
            "sigmagnr": 0.12999999523162842,
            "magzpsci": 26.168399810791016,
            "isdiffpos": "t",
            "ssdistnr": -999.0,
            "ssnamenr": "null",
            "drb": 1.0
        },
        {
            "candid": 1322440260915015024,
            "jd": 2459076.9402662,
            "ra": 0.0224872,
            "dec": -5.2107368,
            "fid": 1,
            "nid": 1322,
            "magpsf": 19.44930076599121,
            "sigmapsf": 0.11403399705886841,
            "magnr": 19.16900062561035,
            "sigmagnr": 0.11999999731779099,
            "magzpsci": 26.237300872802734,
            "isdiffpos": "t",
            "ssdistnr": -999.0,
            "ssnamenr": "null",
            "drb": 1.0
        },
        {
            "candid": 1323413250915015031,
            "jd": 2459077.9132523,
            "ra": 0.0224648,
            "dec": -5.2107323,
            "fid": 1,
            "nid": 1323,
            "magpsf": 19.59910011291504,
            "sigmapsf": 0.14786599576473236,
            "magnr": 19.16900062561035,
            "sigmagnr": 0.11999999731779099,
            "magzpsci": 26.251100540161133,
            "isdiffpos": "t",
            "ssdistnr": -999.0,
            "ssnamenr": "null",
            "drb": 0.9999979734420776
        },
        {
            "candid": 1325404900915015024,
            "jd": 2459079.9049074,
            "ra": 0.0224549,
            "dec": -5.2107639,
            "fid": 2,
            "nid": 1325,
            "magpsf": 19.770299911499023,
            "sigmapsf": 0.13212700188159943,
            "magnr": 18.625,
            "sigmagnr": 0.12999999523162842,
            "magzpsci": 26.127300262451172,
            "isdiffpos": "t",
            "ssdistnr": -999.0,
            "ssnamenr": "null",
            "drb": 0.9999970197677612
        },
        {
            "candid": 1326477250915015023,
            "jd": 2459080.9772569,
            "ra": 0.02237,
            "dec": -5.2107307,
            "fid": 1,
            "nid": 1326,
            "magpsf": 20.17289924621582,
            "sigmapsf": 0.20688900351524353,
            "magnr": 19.16900062561035,
            "sigmagnr": 0.11999999731779099,
            "magzpsci": 25.971900939941406,
            "isdiffpos": "t",
            "ssdistnr": -999.0,
            "ssnamenr": "null",
            "drb": 1.0
        },
        {
            "jd": 2459044.85782,
            "fid": 1,
            "diffmaglim": 20.01099967956543
        },
        {
            "jd": 2459044.96027,
            "fid": 2,
            "diffmaglim": 20.225000381469727
        },
        {
            "jd": 2459047.91949,
            "fid": 2,
            "diffmaglim": 20.611000061035156
        },
        {
            "jd": 2459047.95424,
            "fid": 1,
            "diffmaglim": 20.812000274658203
        },
        {
            "jd": 2459050.97743,
            "fid": 2,
            "diffmaglim": 20.525999069213867
        },
        {
            "jd": 2459053.95943,
            "fid": 2,
            "diffmaglim": 20.784000396728516
        },
        {
            "jd": 2459056.93965,
            "fid": 1,
            "diffmaglim": 20.665000915527344
        },
        {
            "jd": 2459056.96142,
            "fid": 2,
            "diffmaglim": 20.656999588012695
        },
        {
            "jd": 2459060.93867,
            "fid": 2,
            "diffmaglim": 20.825000762939453
        },
        {
            "jd": 2459060.96118,
            "fid": 1,
            "diffmaglim": 20.753000259399414
        },
        {
            "jd": 2459061.87365,
            "fid": 2,
            "diffmaglim": 20.176000595092773
        },
        {
            "jd": 2459064.90978,
            "fid": 2,
            "diffmaglim": 19.33099937438965
        },
        {
            "jd": 2459064.91907,
            "fid": 2,
            "diffmaglim": 19.481000900268555
        },
        {
            "jd": 2459064.97818,
            "fid": 1,
            "diffmaglim": 19.21299934387207
        }
    ],
    "forcedphot": []
}