{
    "objectId": "ZTF21abvcuhk",
    "candidates": [
        {
            "candid": 1700398854915015010,
            "jd": 2459454.8988542,
            "ra": 35.9852236,
            "dec": -6.7010436,
            "fid": 1,
            "nid": 1700,
            "magpsf": 19.079700469970703,
            "sigmapsf": 0.14624199271202087,
            "magnr": 19.825000762939453,
            "sigmagnr": 0.13199999928474426,
            "magzpsci": 26.203699111938477,
            "isdiffpos": "t",
            "ssdistnr": null,
            "ssnamenr": null,
            "drb": 0.9994459748268127
        },
        {
            "candid": 1700456534915015005,
            "jd": 2459454.9565394,
            "ra": 35.9852157,
            "dec": -6.7010392,
            "fid": 2,
            "nid": 1700,
            "magpsf": 19.229000091552734,
            "sigmapsf": 0.1439010053873062,
            "magnr": 18.968000411987305,
            "sigmagnr": 0.11100000143051147,
            "magzpsci": 26.17099952697754,
            "isdiffpos": "t",
            "ssdistnr": null,
            "ssnamenr": null,
            "drb": null
        },
        {
            "candid": 1704381384915015004,
            "jd": 2459458.8813889,
            "ra": 35.9852657,
            "dec": -6.7010567,
            "fid": 2,
            "nid": 1704,
            "magpsf": 18.843599319458008,
            "sigmapsf": 0.12191899865865707,
            "magnr": 18.968000411987305,
            "sigmagnr": 0.11100000143051147,
            "magzpsci": 26.050600051879883,
            "isdiffpos": "t",
            "ssdistnr": null,
            "ssnamenr": null,
            "drb": null
        },
        {
            "candid": 1707440564915015022,
            "jd": 2459461.9405671,
            "ra": 35.9852092,
            "dec": -6.7010411,
            "fid": 1,
            "nid": 1707,
            "magpsf": 19.149599075317383,
            "sigmapsf": 0.11420200020074844,
            "magnr": 19.825000762939453,
            "sigmagnr": 0.13199999928474426,
            "magzpsci": 26.252599716186523,
            "isdiffpos": "t",
            "ssdistnr": null,
            "ssnamenr": null,
            "drb": null
        },
        {
            "candid": 1707463654915015009,
            "jd": 2459461.9636574,
            "ra": 35.9852102,
            "dec": -6.7010018,
            "fid": 2,
            "nid": 1707,
            "magpsf": 18.996700286865234,
            "sigmapsf": 0.07947800308465958,
            "magnr": 18.968000411987305,
            "sigmagnr": 0.11100000143051147,
            "magzpsci": 26.183700561523438,
            "isdiffpos": "t",
            "ssdistnr": null,
            "ssnamenr": null,
            "drb": null
        },
        {
            "candid": 1710410854915015017,
            "jd": 2459464.9108565,
            "ra": 35.9852012,
            "dec": -6.7010466,
            "fid": 2,
            "nid": 1710,
            "magpsf": 19.219499588012695,
            "sigmapsf": 0.11744000017642975,
            "magnr": 18.968000411987305,
            "sigmagnr": 0.11100000143051147,
            "magzpsci": 26.112499237060547,
            "isdiffpos": "t",
            "ssdistnr": null,
            "ssnamenr": null,
            "drb": null
        },
        {
            "candid": 1710410854915025017,
            "jd": 2459464.9108565,
            "ra": 35.9852012,
            "dec": -6.7010466,
            "fid": 2,
            "nid": 1710,
            "magpsf": 19.219499588012695,
            "sigmapsf": 0.11744000017642975,
            "magnr": 18.968000411987305,
            "sigmagnr": 0.11100000143051147,
            "magzpsci": 26.112499237060547,
            "isdiffpos": "t",
            "ssdistnr": null,
            "ssnamenr": null,
            "drb": null
        },
        {
            "candid": 1712379004915015009,
            "jd": 2459466.8790046,
            "ra": 35.985251,
            "dec": -6.7010559,
            "fid": 2,
            "nid": 1712,
            "magpsf": 19.319499969482422,
            "sigmapsf": 0.13307499885559082,
            "magnr": 18.968000411987305,
            "sigmagnr": 0.11100000143051147,
            "magzpsci": 26.111499786376953,
            "isdiffpos": "t",
            "ssdistnr": null,
            "ssnamenr": null,
            "drb": null
        },
        {
            "candid": 1712419584915015024,
            "jd": 2459466.9195833,
            "ra": 35.9852514,
            "dec": -6.7010136,
            "fid": 1,
            "nid": 1712,
            "magpsf": 20.23430061340332,
            "sigmapsf": 0.2718839943408966,
            "magnr": 19.825000762939453,
            "sigmagnr": 0.13199999928474426,
            "magzpsci": 26.194299697875977,
            "isdiffpos": "t",
            "ssdistnr": null,
            "ssnamenr": null,
            "drb": null
        },
        {
            "candid": 1714378854915015010,
            "jd": 2459468.8788542,
            "ra": 35.9852136,
            "dec": -6.701031,
            "fid": 2,
            "nid": 1714,
            "magpsf": 19.74448013305664,
            "sigmapsf": 0.15457899868488312,
            "magnr": 18.968000411987305,
            "sigmagnr": 0.11100000143051147,
            "magzpsci": 26.135480880737305,
            "isdiffpos": "t",
            "ssdistnr": -999.0,
            "ssnamenr": "null",
            "drb": null
        },
        {
            "jd": 2459424.9595718,
            "fid": 1,
            "diffmaglim": 19.266000747680664
        },
        {
            "jd": 2459427.9417477,
            "fid": 2,
            "diffmaglim": 19.564699172973633
        },
        {
            "jd": 2459429.9424769,
            "fid": 1,
            "diffmaglim": 20.159000396728516
        },
        {
            "jd": 2459430.0000694,
            "fid": 2,
            "diffmaglim": 19.809200286865234
        },
        {
            "jd": 2459435.9651968,
            "fid": 2,
            "diffmaglim": 20.477399826049805
        },
        {
            "jd": 2459438.9570833,
            "fid": 1,
            "diffmaglim": 20.338699340820312
        },
        {
            "jd": 2459438.9790972,
            "fid": 2,
            "diffmaglim": 20.13520050048828
        },
        {
            "jd": 2459442.9800347,
            "fid": 1,
            "diffmaglim": 20.477399826049805
        },
        {
            "jd": 2459446.8998727,
            "fid": 2,
            "diffmaglim": 19.433900833129883
        },
        {
            "jd": 2459449.8942824,
            "fid": 2,
            "diffmaglim": 18.405099868774414
        },
        {
            "jd": 2459449.9251968,
            "fid": 1,
            "diffmaglim": 18.517900466918945
        }
    ],
    "forcedphot": []
}