{
    "objectId": "ZTF21aagbpvf",
    "candidates": [
        {
            "candid": 1494424973115015000,
            "jd": 2459248.9249769,
            "ra": 207.0614879,
            "dec": 68.0896995,
            "fid": 2,
            "nid": 1494,
            "magpsf": 18.627199172973633,
            "sigmapsf": 0.07999499887228012,
            "magnr": 18.035999298095703,
            "sigmagnr": 0.11400000005960464,
            "magzpsci": 26.27519989013672,
            "isdiffpos": "t",
            "ssdistnr": -999.0,
            "ssnamenr": "null",
            "drb": 1.0
        },
        {
            "candid": 1496435723115015002,
            "jd": 2459250.9357292,
            "ra": 207.0615447,
            "dec": 68.0896828,
            "fid": 2,
            "nid": 1496,
            "magpsf": 18.635900497436523,
            "sigmapsf": 0.09700500220060349,
            "magnr": 18.035999298095703,
            "sigmagnr": 0.11400000005960464,
            "magzpsci": 26.27090072631836,
            "isdiffpos": "t",
            "ssdistnr": -999.0,
            "ssnamenr": "null",
            "drb": 0.9999979734420776
        },
        {
            "candid": 1498327583115015002,
            "jd": 2459252.827581,
            "ra": 207.0614679,
            "dec": 68.0896946,
            "fid": 2,
            "nid": 1498,
            "magpsf": 18.790000915527344,
            "sigmapsf": 0.08105199784040451,
            "magnr": 18.035999298095703,
            "sigmagnr": 0.11400000005960464,
            "magzpsci": 26.249000549316406,
            "isdiffpos": "t",
            "ssdistnr": -999.0,
            "ssnamenr": "null",
            "drb": 1.0
        },
        {
            "candid": 1500403843115015001,
            "jd": 2459254.9038426,
            "ra": 207.0614375,
            "dec": 68.0897129,
            "fid": 2,
            "nid": 1500,
            "magpsf": 18.854999542236328,
            "sigmapsf": 0.10916899889707565,
            "magnr": 18.035999298095703,
            "sigmagnr": 0.11400000005960464,
            "magzpsci": 26.06800079345703,
            "isdiffpos": "t",
            "ssdistnr": -999.0,
            "ssnamenr": "null",
            "drb": 1.0
        },
        {
            "candid": 1508345713115015002,
            "jd": 2459262.8457176,
            "ra": 207.0615726,
            "dec": 68.0896665,
            "fid": 2,
            "nid": 1508,
            "magpsf": 19.372600555419922,
            "sigmapsf": 0.11682099848985672,
            "magnr": 18.035999298095703,
            "sigmagnr": 0.11400000005960464,
            "magzpsci": 26.234600067138672,
            "isdiffpos": "t",
            "ssdistnr": null,
            "ssnamenr": null,
            "drb": null
        },
        {
            "candid": 1512367083115015000,
            "jd": 2459266.8670833,
            "ra": 207.0616392,
            "dec": 68.0897496,
            "fid": 2,
            "nid": 1512,
            "magpsf": 19.557300567626953,
            "sigmapsf": 0.22741100192070007,
            "magnr": 18.035999298095703,
            "sigmagnr": 0.11400000005960464,
            "magzpsci": 26.264299392700195,
            "isdiffpos": "t",
            "ssdistnr": null,
            "ssnamenr": null,
            "drb": null
        },
        {
            "candid": 1514367653115015000,
            "jd": 2459268.8676505,
            "ra": 207.0614704,
            "dec": 68.0897099,
            "fid": 2,
            "nid": 1514,
            "magpsf": 19.572650909423828,
            "sigmapsf": 0.1376049965620041,
            "magnr": 18.035999298095703,
            "sigmagnr": 0.11400000005960464,
            "magzpsci": 26.273649215698242,
            "isdiffpos": "t",
            "ssdistnr": -999.0,
            "ssnamenr": "null",
            "drb": null
        },
        {
            "jd": 2459219.92472,
            "fid": 1,
            "diffmaglim": 19.89699935913086
        },
        {
            "jd": 2459219.96931,
            "fid": 2,
            "diffmaglim": 20.22800064086914
        },
        {
            "jd": 2459221.95713,
            "fid": 2,
            "diffmaglim": 19.72100067138672
        },
        {
            "jd": 2459221.9877,
            "fid": 1,
            "diffmaglim": 20.399999618530273
        },
        {
            "jd": 2459223.90859,
            "fid": 1,
            "diffmaglim": 20.111000061035156
        },
        {
            "jd": 2459223.98968,
            "fid": 2,
            "diffmaglim": 20.305999755859375
        },
        {
            "jd": 2459225.90733,
            "fid": 2,
            "diffmaglim": 20.031999588012695
        },
        {
            "jd": 2459225.97418,
            "fid": 1,
            "diffmaglim": 19.77199935913086
        },
        {
            "jd": 2459227.89024,
            "fid": 2,
            "diffmaglim": 19.381000518798828
        },
        {
            "jd": 2459227.98905,
            "fid": 1,
            "diffmaglim": 20.551000595092773
        },
        {
            "jd": 2459229.92853,
            "fid": 2,
            "diffmaglim": 19.590999603271484
        },
        {
            "jd": 2459229.97444,
            "fid": 1,
            "diffmaglim": 19.822999954223633
        },
        {
            "jd": 2459231.92866,
            "fid": 1,
            "diffmaglim": 20.606000900268555
        },
        {
            "jd": 2459231.97882,
            "fid": 2,
            "diffmaglim": 20.625
        },
        {
            "jd": 2459248.98459,
            "fid": 1,
            "diffmaglim": 20.20199966430664
        },
        {
            "jd": 2459250.9735,
            "fid": 1,
            "diffmaglim": 20.288000106811523
        },
        {
            "jd": 2459254.9551,
            "fid": 1,
            "diffmaglim": 18.70800018310547
        }
    ],
    "forcedphot": []
}