{
    "objectId": "ZTF22abemcpy",
    "candidates": [
        {
            "candid": 2069448214515015007,
            "jd": 2459823.9482176,
            "ra": 75.7239416,
            "dec": -1.2877214,
            "fid": 1,
            "nid": 2069,
            "magpsf": 18.630399703979492,
            "sigmapsf": 0.09560199826955795,
            "magnr": 18.086000442504883,
            "sigmagnr": 0.11500000208616257,
            "magzpsci": 26.087400436401367,
            "isdiffpos": "t",
            "ssdistnr": null,
            "ssnamenr": null,
            "drb": 0.9999057650566101
        },
        {
            "candid": 2071458424515015005,
            "jd": 2459825.9584259,
            "ra": 75.7239765,
            "dec": -1.2876686,
            "fid": 2,
            "nid": 2071,
            "magpsf": 18.53700065612793,
            "sigmapsf": 0.07044599950313568,
            "magnr": 17.731000900268555,
            "sigmagnr": 0.11599999666213989,
            "magzpsci": 26.18899917602539,
            "isdiffpos": "t",
            "ssdistnr": null,
            "ssnamenr": null,
            "drb": null
        },
        {
            "candid": 2071474004515015004,
            "jd": 2459825.9740046,
            "ra": 75.7238778,
            "dec": -1.2876655,
            "fid": 1,
            "nid": 2071,
            "magpsf": 18.840099334716797,
            "sigmapsf": 0.08488000184297562,
            "magnr": 18.086000442504883,
            "sigmagnr": 0.11500000208616257,
            "magzpsci": 26.17609977722168,
            "isdiffpos": "t",
            "ssdistnr": null,
            "ssnamenr": null,
            "drb": null
        },
        {
            "candid": 2073448374515015002,
            "jd": 2459827.9483796,
            "ra": 75.7239296,
            "dec": -1.2876693,
            "fid": 1,
            "nid": 2073,
            "magpsf": 18.925500869750977,
            "sigmapsf": 0.10900600254535675,
            "magnr": 18.086000442504883,
            "sigmagnr": 0.11500000208616257,
            "magzpsci": 26.147499084472656,
            "isdiffpos": "t",
            "ssdistnr": null,
            "ssnamenr": null,
            "drb": null
        },
        {
            "candid": 2073483484515015004,
            "jd": 2459827.9834838,
            "ra": 75.7239395,
            "dec": -1.2876788,
            "fid": 2,
            "nid": 2073,
            "magpsf": 18.715299606323242,
            "sigmapsf": 0.09018799662590027,
            "magnr": 17.731000900268555,
            "sigmagnr": 0.11599999666213989,
            "magzpsci": 26.216299057006836,
            "isdiffpos": "t",
            "ssdistnr": null,
            "ssnamenr": null,
            "drb": null
        },
        {
            "candid": 2085468444515015010,
            "jd": 2459839.9684491,
            "ra": 75.723902,
            "dec": -1.287641,
            "fid": 1,
            "nid": 2085,
            "magpsf": 19.091299057006836,
            "sigmapsf": 0.10202299803495407,
            "magnr": 18.086000442504883,
            "sigmagnr": 0.11500000208616257,
            "magzpsci": 26.32229995727539,
            "isdiffpos": "t",
            "ssdistnr": null,
            "ssnamenr": null,
            "drb": null
        },
        {
            "candid": 2085481514515015012,
            "jd": 2459839.9815162,
            "ra": 75.7239155,
            "dec": -1.2876754,
            "fid": 1,
            "nid": 2085,
            "magpsf": 19.073999404907227,
            "sigmapsf": 0.14191100001335144,
            "magnr": 18.086000442504883,
            "sigmagnr": 0.11500000208616257,
            "magzpsci": 26.32900047302246,
            "isdiffpos": "t",
            "ssdistnr": null,
            "ssnamenr": null,
            "drb": null
        },
        {
            "candid": 2087402464515015001,
            "jd": 2459841.9024653,
            "ra": 75.723922,
            "dec": -1.2876745,
            "fid": 1,
            "nid": 2087,
            "magpsf": 19.10890007019043,
            "sigmapsf": 0.12180499732494354,
            "magnr": 18.086000442504883,
            "sigmagnr": 0.11500000208616257,
            "magzpsci": 26.254899978637695,
            "isdiffpos": "t",
            "ssdistnr": null,
            "ssnamenr": null,
            "drb": null
        },
        {
            "candid": 2087484874515015010,
            "jd": 2459841.9848727,
            "ra": 75.723916,
            "dec": -1.2876821,
            "fid": 1,
            "nid": 2087,
            "magpsf": 19.065099716186523,
            "sigmapsf": 0.09674999862909317,
            "magnr": 18.086000442504883,
            "sigmagnr": 0.11500000208616257,
            "magzpsci": 26.34709930419922,
            "isdiffpos": "t",
            "ssdistnr": null,
            "ssnamenr": null,
            "drb": null
        },
        {
            "candid": 2089473044515015007,
            "jd": 2459843.973044,
            "ra": 75.7239223,
            "dec": -1.2876676,
            "fid": 1,
            "nid": 2089,
            "magpsf": 19.176599502563477,
            "sigmapsf": 0.10192400217056274,
            "magnr": 18.086000442504883,
            "sigmagnr": 0.11500000208616257,
            "magzpsci": 26.348600387573242,
            "isdiffpos": "t",
            "ssdistnr": null,
            "ssnamenr": null,
            "drb": null
        },
        {
            "candid": 2092486294515015008,
            "jd": 2459846.9862963,
            "ra": 75.7239364,
            "dec": -1.2877047,
            "fid": 1,
            "nid": 2092,
            "magpsf": 19.123699188232422,
            "sigmapsf": 0.11635799705982208,
            "magnr": 18.086000442504883,
            "sigmagnr": 0.11500000208616257,
            "magzpsci": 26.327699661254883,
            "isdiffpos": "t",
            "ssdistnr": null,
            "ssnamenr": null,
            "drb": null
        },
        {
            "candid": 2094483134515015003,
            "jd": 2459848.9831366,
            "ra": 75.7239444,
            "dec": -1.2876817,
            "fid": 2,
            "nid": 2094,
            "magpsf": 19.161300659179688,
            "sigmapsf": 0.100102998316288,
            "magnr": 17.731000900268555,
            "sigmagnr": 0.11599999666213989,
            "magzpsci": 26.30030059814453,
            "isdiffpos": "t",
            "ssdistnr": null,
            "ssnamenr": null,
            "drb": null
        },
        {
            "candid": 2096465794515015007,
            "jd": 2459850.9657986,
            "ra": 75.723931,
            "dec": -1.2876573,
            "fid": 1,
            "nid": 2096,
            "magpsf": 19.3523006439209,
            "sigmapsf": 0.1360979974269867,
            "magnr": 18.086000442504883,
            "sigmagnr": 0.11500000208616257,
            "magzpsci": 26.290300369262695,
            "isdiffpos": "t",
            "ssdistnr": null,
            "ssnamenr": null,
            "drb": null
        },
        {
            "candid": 2096500344515015006,
            "jd": 2459851.0003472,
            "ra": 75.7239158,
            "dec": -1.2876394,
            "fid": 2,
            "nid": 2096,
            "magpsf": 19.27079963684082,
            "sigmapsf": 0.1403609961271286,
            "magnr": 17.731000900268555,
            "sigmagnr": 0.11599999666213989,
            "magzpsci": 26.290800094604492,
            "isdiffpos": "t",
            "ssdistnr": null,
            "ssnamenr": null,
            "drb": null
        },
        {
            "candid": 2099481234515015012,
            "jd": 2459853.9812384,
            "ra": 75.7239195,
            "dec": -1.2876749,
            "fid": 1,
            "nid": 2099,
            "magpsf": 19.249300003051758,
            "sigmapsf": 0.09331200271844864,
            "magnr": 18.086000442504883,
            "sigmagnr": 0.11500000208616257,
            "magzpsci": 26.340299606323242,
            "isdiffpos": "t",
            "ssdistnr": null,
            "ssnamenr": null,
            "drb": null
        },
        {
            "candid": 2102458264515015008,
            "jd": 2459856.9582639,
            "ra": 75.7239021,
            "dec": -1.2876803,
            "fid": 1,
            "nid": 2102,
            "magpsf": 19.253700256347656,
            "sigmapsf": 0.08951500058174133,
            "magnr": 18.086000442504883,
            "sigmagnr": 0.11500000208616257,
            "magzpsci": 26.329700469970703,
            "isdiffpos": "t",
            "ssdistnr": null,
            "ssnamenr": null,
            "drb": null
        },
        {
            "candid": 2102480254515015013,
            "jd": 2459856.9802546,
            "ra": 75.7239316,
            "dec": -1.2876704,
            "fid": 2,
            "nid": 2102,
            "magpsf": 19.328399658203125,
            "sigmapsf": 0.12859299778938293,
            "magnr": 17.731000900268555,
            "sigmagnr": 0.11599999666213989,
            "magzpsci": 26.302400588989258,
            "isdiffpos": "t",
            "ssdistnr": null,
            "ssnamenr": null,
            "drb": null
        },
        {
            "candid": 2104460604515015009,
            "jd": 2459858.9606019,
            "ra": 75.7239173,
            "dec": -1.287669,
            "fid": 1,
            "nid": 2104,
            "magpsf": 19.631500244140625,
            "sigmapsf": 0.15907399356365204,
            "magnr": 18.086000442504883,
            "sigmagnr": 0.11500000208616257,
            "magzpsci": 26.316499710083008,
            "isdiffpos": "t",
            "ssdistnr": null,
            "ssnamenr": null,
            "drb": null
        },
        {
            "candid": 2107484644515015004,
            "jd": 2459861.9846412,
            "ra": 75.7238943,
            "dec": -1.2876638,
            "fid": 2,
            "nid": 2107,
            "magpsf": 19.308799743652344,
            "sigmapsf": 0.19545799493789673,
            "magnr": 17.731000900268555,
            "sigmagnr": 0.11599999666213989,
            "magzpsci": 26.282800674438477,
            "isdiffpos": "t",
            "ssdistnr": null,
            "ssnamenr": null,
            "drb": null
        },
        {
            "candid": 2109394884515015013,
            "jd": 2459863.8948843,
            "ra": 75.7238941,
            "dec": -1.2876107,
            "fid": 1,
            "nid": 2109,
            "magpsf": 19.56049919128418,
            "sigmapsf": 0.311722993850708,
            "magnr": 18.086000442504883,
            "sigmagnr": 0.11500000208616257,
            "magzpsci": 26.24049949645996,
            "isdiffpos": "t",
            "ssdistnr": null,
            "ssnamenr": null,
            "drb": null
        },
        {
            "candid": 2109463274515015008,
            "jd": 2459863.9632755,
            "ra": 75.7238804,
            "dec": -1.2876381,
            "fid": 2,
            "nid": 2109,
            "magpsf": 19.407699584960938,
            "sigmapsf": 0.18037599325180054,
            "magnr": 17.731000900268555,
            "sigmagnr": 0.11599999666213989,
            "magzpsci": 26.275699615478516,
            "isdiffpos": "t",
            "ssdistnr": null,
            "ssnamenr": null,
            "drb": null
        },
        {
            "candid": 2111441074515015009,
            "jd": 2459865.9410764,
            "ra": 75.7239565,
            "dec": -1.2877449,
            "fid": 1,
            "nid": 2111,
            "magpsf": 19.69770050048828,
            "sigmapsf": 0.25255298614501953,
            "magnr": 18.086000442504883,
            "sigmagnr": 0.11500000208616257,
            "magzpsci": 26.318700790405273,
            "isdiffpos": "t",
            "ssdistnr": null,
            "ssnamenr": null,
            "drb": null
        },
        {
            "candid": 2113476854515015003,
            "jd": 2459867.9768519,
            "ra": 75.723958,
            "dec": -1.2875948,
            "fid": 1,
            "nid": 2113,
            "magpsf": 19.213499069213867,
            "sigmapsf": 0.20146900415420532,
            "magnr": 18.086000442504883,
            "sigmagnr": 0.11500000208616257,
            "magzpsci": 26.24850082397461,
            "isdiffpos": "t",
            "ssdistnr": null,
            "ssnamenr": null,
            "drb": null
        },
        {
            "candid": 2119419524515015091,
            "jd": 2459873.9195255,
            "ra": 75.7238907,
            "dec": -1.2876917,
            "fid": 1,
            "nid": 2119,
            "magpsf": 19.637800216674805,
            "sigmapsf": 0.3092699944972992,
            "magnr": 18.086000442504883,
            "sigmagnr": 0.11500000208616257,
            "magzpsci": 25.409799575805664,
            "isdiffpos": "t",
            "ssdistnr": null,
            "ssnamenr": null,
            "drb": null
        },
        {
            "candid": 2119442534515015007,
            "jd": 2459873.9425347,
            "ra": 75.7239193,
            "dec": -1.2876616,
            "fid": 2,
            "nid": 2119,
            "magpsf": 19.42620086669922,
            "sigmapsf": 0.11317899823188782,
            "magnr": 17.731000900268555,
            "sigmagnr": 0.11599999666213989,
            "magzpsci": 26.278200149536133,
            "isdiffpos": "t",
            "ssdistnr": null,
            "ssnamenr": null,
            "drb": null
        },
        {
            "candid": 2126398654515015003,
            "jd": 2459880.8986574,
            "ra": 75.7239034,
            "dec": -1.2876986,
            "fid": 1,
            "nid": 2126,
            "magpsf": 19.753286361694336,
            "sigmapsf": 0.17472943663597107,
            "magnr": 18.086000442504883,
            "sigmagnr": 0.11500000208616257,
            "magzpsci": 26.33028793334961,
            "isdiffpos": "t",
            "ssdistnr": -999.0,
            "ssnamenr": "null",
            "drb": null
        },
        {
            "jd": 2459843.9459838,
            "fid": 2,
            "diffmaglim": 20.35759925842285
        },
        {
            "jd": 2459846.9623032,
            "fid": 2,
            "diffmaglim": 20.390100479125977
        },
        {
            "jd": 2459861.9634491,
            "fid": 1,
            "diffmaglim": 18.816600799560547
        },
        {
            "jd": 2459865.8858102,
            "fid": 2,
            "diffmaglim": 19.46820068359375
        },
        {
            "jd": 2459867.900463,
            "fid": 2,
            "diffmaglim": 19.42340087890625
        },
        {
            "jd": 2459871.9211806,
            "fid": 2,
            "diffmaglim": 19.980199813842773
        },
        {
            "jd": 2459871.9653704,
            "fid": 1,
            "diffmaglim": 19.820600509643555
        },
        {
            "jd": 2459876.9160995,
            "fid": 2,
            "diffmaglim": 19.93670082092285
        },
        {
            "jd": 2459876.9401389,
            "fid": 1,
            "diffmaglim": 20.05590057373047
        },
        {
            "jd": 2459878.8401505,
            "fid": 2,
            "diffmaglim": 20.02739906311035
        },
        {
            "jd": 2459878.9192361,
            "fid": 1,
            "diffmaglim": 20.400400161743164
        }
    ],
    "forcedphot": []
}